2026-10-04T03:47:06.3571224Z Current runner version: '2.337.0'
2026-10-04T03:47:06.3606324Z ##[group]Runner Image Provisioner
2026-10-04T03:47:06.3607703Z Hosted Compute Agent
2026-10-04T03:47:06.3608737Z Version: 20260901.588
2026-10-04T03:47:06.3609800Z Commit: f88ec8081b781fac6c440065ac7ff9e710ce3d0b
2026-10-04T03:47:06.3611087Z Build Date: 2026-09-01T19:56:44Z
2026-10-04T03:47:06.3612405Z Worker ID: {d2bf05b0-9700-44bf-926f-682d4ab51dec}
2026-10-04T03:47:06.3613629Z Azure Region: eastus
2026-10-04T03:47:06.3614649Z ##[endgroup]
2026-10-04T03:47:06.3617277Z ##[group]Operating System
2026-10-04T03:47:06.3618314Z Ubuntu
2026-10-04T03:47:06.3619271Z 24.04.5
2026-10-04T03:47:06.3620170Z LTS
2026-10-04T03:47:06.3621604Z ##[endgroup]
2026-10-04T03:47:06.3622604Z ##[group]Runner Image
2026-10-04T03:47:06.3623564Z Image: ubuntu-24.04
2026-10-04T03:47:06.3624765Z Version: 20260927.320.1
2026-10-04T03:47:06.3627051Z Included Software: https://github.com/actions/runner-images/blob/ubuntu24/20260927.320/images/ubuntu/Ubuntu2404-Readme.md
2026-10-04T03:47:06.3629901Z Image Release: https://github.com/actions/runner-images/releases/tag/ubuntu24%2F20260927.320
2026-10-04T03:47:06.3631870Z ##[endgroup]
2026-10-04T03:47:06.3633957Z ##[group]GITHUB_TOKEN Permissions
2026-10-04T03:47:06.3637191Z Actions: read
2026-10-04T03:47:06.3638158Z Contents: read
2026-10-04T03:47:06.3639029Z Metadata: read
2026-10-04T03:47:06.3640078Z ##[endgroup]
2026-10-04T03:47:06.3643093Z Secret source: Actions
2026-10-04T03:47:06.3644746Z Cache mode: write
2026-10-04T03:47:06.3646364Z Prepare workflow directory
2026-10-04T03:47:06.4389733Z Prepare all required actions
2026-10-04T03:47:06.4447889Z Getting action download info
2026-10-04T03:47:06.6248156Z Download action repository 'actions/checkout@v4' (SHA:11d5960a326750d5838078e36cf38b85af677262)
2026-10-04T03:47:06.7258824Z Download action repository 'actions/setup-python@v5' (SHA:a26af69be951a213d495a4c3e4e4022e16d87065)
2026-10-04T03:47:06.8570051Z Download action repository 'actions/upload-artifact@v4' (SHA:ea165f8d65b6e75b540449e92b4886f43607fa02)
2026-10-04T03:47:07.0588222Z Complete job name: validate
2026-10-04T03:47:07.1300736Z ##[group]Run actions/checkout@v4
2026-10-04T03:47:07.1301637Z with:
2026-10-04T03:47:07.1302110Z   repository: duuu-hub/bb-scanner
2026-10-04T03:47:07.1306323Z   token: ***
2026-10-04T03:47:07.1306777Z   ssh-strict: true
2026-10-04T03:47:07.1307232Z   ssh-user: git
2026-10-04T03:47:07.1307698Z   persist-credentials: true
2026-10-04T03:47:07.1308204Z   clean: true
2026-10-04T03:47:07.1308654Z   sparse-checkout-cone-mode: true
2026-10-04T03:47:07.1309185Z   fetch-depth: 1
2026-10-04T03:47:07.1309652Z   fetch-tags: false
2026-10-04T03:47:07.1310129Z   show-progress: true
2026-10-04T03:47:07.1310589Z   lfs: false
2026-10-04T03:47:07.1311016Z   submodules: false
2026-10-04T03:47:07.1311474Z   set-safe-directory: true
2026-10-04T03:47:07.1311994Z   allow-unsafe-pr-checkout: false
2026-10-04T03:47:07.1312791Z env:
2026-10-04T03:47:07.1316722Z   GH_TOKEN: ***
2026-10-04T03:47:07.1317167Z ##[endgroup]
2026-10-04T03:47:07.2357270Z Syncing repository: duuu-hub/bb-scanner
2026-10-04T03:47:07.2360278Z ##[group]Getting Git version info
2026-10-04T03:47:07.2361918Z Working directory is '/home/runner/work/bb-scanner/bb-scanner'
2026-10-04T03:47:07.2363566Z [command]/usr/bin/git version
2026-10-04T03:47:07.2444623Z git version 2.55.0
2026-10-04T03:47:07.2491395Z ##[endgroup]
2026-10-04T03:47:07.2503933Z Temporarily overriding HOME='/home/runner/work/_temp/ac6934c6-6f4e-42aa-80c2-5b0db6af9ca4' before making global git config changes
2026-10-04T03:47:07.2506468Z Adding repository directory to the temporary git global config as a safe directory
2026-10-04T03:47:07.2508333Z [command]/usr/bin/git config --global --add safe.directory /home/runner/work/bb-scanner/bb-scanner
2026-10-04T03:47:07.2543393Z Deleting the contents of '/home/runner/work/bb-scanner/bb-scanner'
2026-10-04T03:47:07.2547156Z ##[group]Initializing the repository
2026-10-04T03:47:07.2551221Z [command]/usr/bin/git init /home/runner/work/bb-scanner/bb-scanner
2026-10-04T03:47:07.2663951Z hint: Using 'master' as the name for the initial branch. This default branch name
2026-10-04T03:47:07.2666321Z hint: will change to "main" in Git 3.0. To configure the initial branch name
2026-10-04T03:47:07.2668519Z hint: to use in all of your new repositories, which will suppress this warning,
2026-10-04T03:47:07.2670317Z hint: call:
2026-10-04T03:47:07.2671154Z hint:
2026-10-04T03:47:07.2672237Z hint: 	git config --global init.defaultBranch <name>
2026-10-04T03:47:07.2673452Z hint:
2026-10-04T03:47:07.2674681Z hint: Names commonly chosen instead of 'master' are 'main', 'trunk' and
2026-10-04T03:47:07.2676974Z hint: 'development'. The just-created branch can be renamed via this command:
2026-10-04T03:47:07.2678564Z hint:
2026-10-04T03:47:07.2679390Z hint: 	git branch -m <name>
2026-10-04T03:47:07.2680310Z hint:
2026-10-04T03:47:07.2681578Z hint: Disable this message with "git config set advice.defaultBranchName false"
2026-10-04T03:47:07.2683493Z Initialized empty Git repository in /home/runner/work/bb-scanner/bb-scanner/.git/
2026-10-04T03:47:07.2686914Z [command]/usr/bin/git remote add origin https://github.com/duuu-hub/bb-scanner
2026-10-04T03:47:07.2739192Z ##[endgroup]
2026-10-04T03:47:07.2740717Z ##[group]Disabling automatic garbage collection
2026-10-04T03:47:07.2750741Z [command]/usr/bin/git config --local gc.auto 0
2026-10-04T03:47:07.2778131Z ##[endgroup]
2026-10-04T03:47:07.2779502Z ##[group]Setting up auth
2026-10-04T03:47:07.2786090Z [command]/usr/bin/git config --local --name-only --get-regexp core\.sshCommand
2026-10-04T03:47:07.2822482Z [command]/usr/bin/git submodule foreach --recursive sh -c "git config --local --name-only --get-regexp 'core\.sshCommand' && git config --local --unset-all 'core.sshCommand' || :"
2026-10-04T03:47:07.3256516Z [command]/usr/bin/git config --local --name-only --get-regexp http\.https\:\/\/github\.com\/\.extraheader
2026-10-04T03:47:07.3304953Z [command]/usr/bin/git submodule foreach --recursive sh -c "git config --local --name-only --get-regexp 'http\.https\:\/\/github\.com\/\.extraheader' && git config --local --unset-all 'http.https://github.com/.extraheader' || :"
2026-10-04T03:47:07.3574290Z [command]/usr/bin/git config --local --name-only --get-regexp ^includeIf\.gitdir:
2026-10-04T03:47:07.3614682Z [command]/usr/bin/git submodule foreach --recursive git config --local --show-origin --name-only --get-regexp remote.origin.url
2026-10-04T03:47:07.3882327Z [command]/usr/bin/git config --local http.https://github.com/.extraheader AUTHORIZATION: basic ***
2026-10-04T03:47:07.3931901Z ##[endgroup]
2026-10-04T03:47:07.3932915Z ##[group]Fetching the repository
2026-10-04T03:47:07.3945549Z [command]/usr/bin/git -c protocol.version=2 fetch --no-tags --prune --no-recurse-submodules --depth=1 origin +33ec3c9a11ca49ef9db9653737604acfa40d7078:refs/remotes/origin/research-path-efficiency-resumption-v23
2026-10-04T03:47:08.3547706Z From https://github.com/duuu-hub/bb-scanner
2026-10-04T03:47:08.3552066Z  * [new ref]         33ec3c9a11ca49ef9db9653737604acfa40d7078 -> origin/research-path-efficiency-resumption-v23
2026-10-04T03:47:08.3581899Z ##[endgroup]
2026-10-04T03:47:08.3583814Z ##[group]Determining the checkout info
2026-10-04T03:47:08.3586190Z ##[endgroup]
2026-10-04T03:47:08.3587463Z [command]/usr/bin/git sparse-checkout disable
2026-10-04T03:47:08.3634355Z [command]/usr/bin/git config --local --unset-all extensions.worktreeConfig
2026-10-04T03:47:08.3672522Z ##[group]Checking out the ref
2026-10-04T03:47:08.3680612Z [command]/usr/bin/git checkout --progress --force -B research-path-efficiency-resumption-v23 refs/remotes/origin/research-path-efficiency-resumption-v23
2026-10-04T03:47:08.5997416Z Switched to a new branch 'research-path-efficiency-resumption-v23'
2026-10-04T03:47:08.6002407Z branch 'research-path-efficiency-resumption-v23' set up to track 'origin/research-path-efficiency-resumption-v23'.
2026-10-04T03:47:08.6014737Z ##[endgroup]
2026-10-04T03:47:08.6062019Z [command]/usr/bin/git log -1 --format=%H
2026-10-04T03:47:08.6090109Z 33ec3c9a11ca49ef9db9653737604acfa40d7078
2026-10-04T03:47:08.6450800Z ##[group]Run actions/setup-python@v5
2026-10-04T03:47:08.6452117Z with:
2026-10-04T03:47:08.6453091Z   python-version: 3.12
2026-10-04T03:47:08.6454180Z   check-latest: false
2026-10-04T03:47:08.6463506Z   token: ***
2026-10-04T03:47:08.6464551Z   update-environment: true
2026-10-04T03:47:08.6465844Z   allow-prereleases: false
2026-10-04T03:47:08.6466984Z   freethreaded: false
2026-10-04T03:47:08.6468017Z env:
2026-10-04T03:47:08.6476925Z   GH_TOKEN: ***
2026-10-04T03:47:08.6477926Z ##[endgroup]
2026-10-04T03:47:08.7857266Z ##[group]Installed versions
2026-10-04T03:47:08.7959089Z (node:2311) [DEP0040] DeprecationWarning: The `punycode` module is deprecated. Please use a userland alternative instead.
2026-10-04T03:47:08.7962156Z (Use `node --trace-deprecation ...` to show where the warning was created)
2026-10-04T03:47:08.7975267Z Successfully set up CPython (3.12.14)
2026-10-04T03:47:08.7978517Z ##[endgroup]
2026-10-04T03:47:08.8185708Z ##[group]Run set -euo pipefail
2026-10-04T03:47:08.8187625Z [36;1mset -euo pipefail[0m
2026-10-04T03:47:08.8189672Z [36;1mpip install pandas==2.3.3 numpy==2.3.3 numba==0.62.1[0m
2026-10-04T03:47:08.8521442Z shell: /usr/bin/bash --noprofile --norc -e -o pipefail {0}
2026-10-04T03:47:08.8523163Z env:
2026-10-04T03:47:08.8533944Z   GH_TOKEN: ***
2026-10-04T03:47:08.8535167Z   pythonLocation: /opt/hostedtoolcache/Python/3.12.14/x64
2026-10-04T03:47:08.8537178Z   PKG_CONFIG_PATH: /opt/hostedtoolcache/Python/3.12.14/x64/lib/pkgconfig
2026-10-04T03:47:08.8538963Z   Python_ROOT_DIR: /opt/hostedtoolcache/Python/3.12.14/x64
2026-10-04T03:47:08.8540572Z   Python2_ROOT_DIR: /opt/hostedtoolcache/Python/3.12.14/x64
2026-10-04T03:47:08.8542121Z   Python3_ROOT_DIR: /opt/hostedtoolcache/Python/3.12.14/x64
2026-10-04T03:47:08.8543727Z   LD_LIBRARY_PATH: /opt/hostedtoolcache/Python/3.12.14/x64/lib
2026-10-04T03:47:08.8545066Z ##[endgroup]
2026-10-04T03:47:10.6528825Z Collecting pandas==2.3.3
2026-10-04T03:47:10.7315071Z   Downloading pandas-2.3.3-cp312-cp312-manylinux_2_24_x86_64.manylinux_2_28_x86_64.whl.metadata (91 kB)
2026-10-04T03:47:10.9670398Z Collecting numpy==2.3.3
2026-10-04T03:47:10.9739173Z   Downloading numpy-2.3.3-cp312-cp312-manylinux_2_27_x86_64.manylinux_2_28_x86_64.whl.metadata (62 kB)
2026-10-04T03:47:11.0804354Z Collecting numba==0.62.1
2026-10-04T03:47:11.0845996Z   Downloading numba-0.62.1-cp312-cp312-manylinux2014_x86_64.manylinux_2_17_x86_64.whl.metadata (2.8 kB)
2026-10-04T03:47:11.0991954Z Collecting python-dateutil>=2.8.2 (from pandas==2.3.3)
2026-10-04T03:47:11.1027148Z   Downloading python_dateutil-2.9.0.post0-py2.py3-none-any.whl.metadata (8.4 kB)
2026-10-04T03:47:11.1360143Z Collecting pytz>=2020.1 (from pandas==2.3.3)
2026-10-04T03:47:11.1402051Z   Downloading pytz-2026.5-py2.py3-none-any.whl.metadata (22 kB)
2026-10-04T03:47:11.1572685Z Collecting tzdata>=2022.7 (from pandas==2.3.3)
2026-10-04T03:47:11.1610973Z   Downloading tzdata-2026.5-py2.py3-none-any.whl.metadata (1.4 kB)
2026-10-04T03:47:11.2146591Z Collecting llvmlite<0.46,>=0.45.0dev0 (from numba==0.62.1)
2026-10-04T03:47:11.2192207Z   Downloading llvmlite-0.45.1-cp312-cp312-manylinux2014_x86_64.manylinux_2_17_x86_64.whl.metadata (4.9 kB)
2026-10-04T03:47:11.2341309Z Collecting six>=1.5 (from python-dateutil>=2.8.2->pandas==2.3.3)
2026-10-04T03:47:11.2382011Z   Downloading six-1.17.0-py2.py3-none-any.whl.metadata (1.7 kB)
2026-10-04T03:47:11.2458893Z Downloading pandas-2.3.3-cp312-cp312-manylinux_2_24_x86_64.manylinux_2_28_x86_64.whl (12.4 MB)
2026-10-04T03:47:11.3094240Z    ━━━━━━━━━━━━━━━━━━━━━━━━━━━━━━━━━━━━━━━━ 12.4/12.4 MB 210.7 MB/s  0:00:00
2026-10-04T03:47:11.3185042Z Downloading numpy-2.3.3-cp312-cp312-manylinux_2_27_x86_64.manylinux_2_28_x86_64.whl (16.6 MB)
2026-10-04T03:47:11.4143803Z    ━━━━━━━━━━━━━━━━━━━━━━━━━━━━━━━━━━━━━━━━ 16.6/16.6 MB 175.4 MB/s  0:00:00
2026-10-04T03:47:11.4214826Z Downloading numba-0.62.1-cp312-cp312-manylinux2014_x86_64.manylinux_2_17_x86_64.whl (3.8 MB)
2026-10-04T03:47:11.4463787Z    ━━━━━━━━━━━━━━━━━━━━━━━━━━━━━━━━━━━━━━━━ 3.8/3.8 MB 159.4 MB/s  0:00:00
2026-10-04T03:47:11.4568320Z Downloading llvmlite-0.45.1-cp312-cp312-manylinux2014_x86_64.manylinux_2_17_x86_64.whl (56.3 MB)
2026-10-04T03:47:11.8474320Z    ━━━━━━━━━━━━━━━━━━━━━━━━━━━━━━━━━━━━━━━━ 56.3/56.3 MB 144.4 MB/s  0:00:00
2026-10-04T03:47:11.8513555Z Downloading python_dateutil-2.9.0.post0-py2.py3-none-any.whl (229 kB)
2026-10-04T03:47:11.8578121Z Downloading pytz-2026.5-py2.py3-none-any.whl (506 kB)
2026-10-04T03:47:11.8643600Z Downloading six-1.17.0-py2.py3-none-any.whl (11 kB)
2026-10-04T03:47:11.8704765Z Downloading tzdata-2026.5-py2.py3-none-any.whl (347 kB)
2026-10-04T03:47:12.1854553Z Installing collected packages: pytz, tzdata, six, numpy, llvmlite, python-dateutil, numba, pandas
2026-10-04T03:47:22.2358121Z 
2026-10-04T03:47:22.2374005Z Successfully installed llvmlite-0.45.1 numba-0.62.1 numpy-2.3.3 pandas-2.3.3 python-dateutil-2.9.0.post0 pytz-2026.5 six-1.17.0 tzdata-2026.5
2026-10-04T03:47:22.3043153Z ##[group]Run set -euo pipefail
2026-10-04T03:47:22.3043524Z [36;1mset -euo pipefail[0m
2026-10-04T03:47:22.3044460Z [36;1mpython -m py_compile scripts/path_efficiency_resumption_v23.py scripts/validate_path_efficiency_resumption_v23.py scripts/official_minute_provenance.py scripts/day_edge_canonical.py scripts/research_evidence_archive.py[0m
2026-10-04T03:47:22.3045900Z [36;1mpython scripts/validate_path_efficiency_resumption_v23.py 2>&1 | tee v22-tests.log[0m
2026-10-04T03:47:22.3046509Z [36;1mpython scripts/psar_chronology_smoke.py 2>&1 | tee chronology-smoke.log[0m
2026-10-04T03:47:22.3047246Z [36;1mpython scripts/path_efficiency_resumption_v23.py smoke --out synthetic-v22 2>&1 | tee path-efficiency-pipeline-smoke.log[0m
2026-10-04T03:47:22.3115716Z shell: /usr/bin/bash --noprofile --norc -e -o pipefail {0}
2026-10-04T03:47:22.3116099Z env:
2026-10-04T03:47:22.3119180Z   GH_TOKEN: ***
2026-10-04T03:47:22.3119538Z   pythonLocation: /opt/hostedtoolcache/Python/3.12.14/x64
2026-10-04T03:47:22.3120036Z   PKG_CONFIG_PATH: /opt/hostedtoolcache/Python/3.12.14/x64/lib/pkgconfig
2026-10-04T03:47:22.3120528Z   Python_ROOT_DIR: /opt/hostedtoolcache/Python/3.12.14/x64
2026-10-04T03:47:22.3120960Z   Python2_ROOT_DIR: /opt/hostedtoolcache/Python/3.12.14/x64
2026-10-04T03:47:22.3121387Z   Python3_ROOT_DIR: /opt/hostedtoolcache/Python/3.12.14/x64
2026-10-04T03:47:22.3121820Z   LD_LIBRARY_PATH: /opt/hostedtoolcache/Python/3.12.14/x64/lib
2026-10-04T03:47:22.3122184Z ##[endgroup]
2026-10-04T03:47:22.4708450Z FROZEN_V23_INPUT_CONTRACT_PASS 256 856 23cf6114f0bfb32f98ed3ea4bde89fac3068ab5052ddcf3f0026cae3b2deea87
2026-10-04T03:47:23.2827390Z V23_REGISTERED_SUITE_SIZE 546
2026-10-04T03:47:23.2833574Z test_deep_pause_rejected (test_path_efficiency_resumption_v23.PathEfficiencyResumptionV23Tests.test_deep_pause_rejected) ... ok
2026-10-04T03:47:23.2838677Z test_flow55_and_price_only (test_path_efficiency_resumption_v23.PathEfficiencyResumptionV23Tests.test_flow55_and_price_only) ... ok
2026-10-04T03:47:23.2844150Z test_frozen_grid (test_path_efficiency_resumption_v23.PathEfficiencyResumptionV23Tests.test_frozen_grid) ... ok
2026-10-04T03:47:23.2926339Z test_future_prices_do_not_change_seed (test_path_efficiency_resumption_v23.PathEfficiencyResumptionV23Tests.test_future_prices_do_not_change_seed) ... ok
2026-10-04T03:47:23.2928854Z test_one_bar_dominance_rejected (test_path_efficiency_resumption_v23.PathEfficiencyResumptionV23Tests.test_one_bar_dominance_rejected) ... ok
2026-10-04T03:47:23.2935308Z test_scan_forwards_context_and_restores_engine (test_path_efficiency_resumption_v23.PathEfficiencyResumptionV23Tests.test_scan_forwards_context_and_restores_engine) ... ok
2026-10-04T03:47:23.2938305Z test_smooth_long_qualifies (test_path_efficiency_resumption_v23.PathEfficiencyResumptionV23Tests.test_smooth_long_qualifies) ... ok
2026-10-04T03:47:23.2941676Z test_symmetric_short_qualifies (test_path_efficiency_resumption_v23.PathEfficiencyResumptionV23Tests.test_symmetric_short_qualifies) ... ok
2026-10-04T03:47:23.2947123Z test_adverse_gap_retained (test_fragmented_chase_exhaustion_v22.TestFragmentedChaseExhaustionV22.test_adverse_gap_retained) ... ok
2026-10-04T03:47:23.2950047Z test_btc_context_uses_source_loader_not_trade_count_validator (test_fragmented_chase_exhaustion_v22.TestFragmentedChaseExhaustionV22.test_btc_context_uses_source_loader_not_trade_count_validator) ... ok
2026-10-04T03:47:23.2952922Z test_confirmation_adverse_extension_limit (test_fragmented_chase_exhaustion_v22.TestFragmentedChaseExhaustionV22.test_confirmation_adverse_extension_limit) ... ok
2026-10-04T03:47:23.2955778Z test_confirmation_is_separate_closed_bar (test_fragmented_chase_exhaustion_v22.TestFragmentedChaseExhaustionV22.test_confirmation_is_separate_closed_bar) ... ok
2026-10-04T03:47:23.2958127Z test_favorable_gap_excluded (test_fragmented_chase_exhaustion_v22.TestFragmentedChaseExhaustionV22.test_favorable_gap_excluded) ... ok
2026-10-04T03:47:23.3028476Z test_features_are_shifted_and_reset_on_gap (test_fragmented_chase_exhaustion_v22.TestFragmentedChaseExhaustionV22.test_features_are_shifted_and_reset_on_gap) ... ok
2026-10-04T03:47:23.3030653Z test_fragmentation_is_mandatory (test_fragmented_chase_exhaustion_v22.TestFragmentedChaseExhaustionV22.test_fragmentation_is_mandatory) ... ok
2026-10-04T03:47:23.3034086Z test_future_perturbation_does_not_change_intent (test_fragmented_chase_exhaustion_v22.TestFragmentedChaseExhaustionV22.test_future_perturbation_does_not_change_intent) ... ok
2026-10-04T03:47:23.3036157Z test_gap_breaks_confirmation_path (test_fragmented_chase_exhaustion_v22.TestFragmentedChaseExhaustionV22.test_gap_breaks_confirmation_path) ... ok
2026-10-04T03:47:23.3038360Z test_grid (test_fragmented_chase_exhaustion_v22.TestFragmentedChaseExhaustionV22.test_grid) ... ok
2026-10-04T03:47:23.3041485Z test_long_after_down_chase (test_fragmented_chase_exhaustion_v22.TestFragmentedChaseExhaustionV22.test_long_after_down_chase) ... ok
2026-10-04T03:47:23.3043387Z test_noninteger_trade_count_rejected (test_fragmented_chase_exhaustion_v22.TestFragmentedChaseExhaustionV22.test_noninteger_trade_count_rejected) ... ok
2026-10-04T03:47:23.3045145Z test_outer_quartile_close (test_fragmented_chase_exhaustion_v22.TestFragmentedChaseExhaustionV22.test_outer_quartile_close) ... ok
2026-10-04T03:47:23.3049778Z test_scan_forwards_v22_frozen_context_by_default (test_fragmented_chase_exhaustion_v22.TestFragmentedChaseExhaustionV22.test_scan_forwards_v22_frozen_context_by_default) ... ok
2026-10-04T03:47:23.3052306Z test_short_after_up_chase (test_fragmented_chase_exhaustion_v22.TestFragmentedChaseExhaustionV22.test_short_after_up_chase) ... ok
2026-10-04T03:47:23.3054031Z test_taker_flow_gate (test_fragmented_chase_exhaustion_v22.TestFragmentedChaseExhaustionV22.test_taker_flow_gate) ... ok
2026-10-04T03:47:23.3056268Z test_trade_count_explosion_is_mandatory (test_fragmented_chase_exhaustion_v22.TestFragmentedChaseExhaustionV22.test_trade_count_explosion_is_mandatory) ... ok
2026-10-04T03:47:23.3058195Z test_turnover_gate (test_fragmented_chase_exhaustion_v22.TestFragmentedChaseExhaustionV22.test_turnover_gate) ... ok
2026-10-04T03:47:23.3093863Z test_zero_trade_bar_is_excluded_and_resets_rolling_baselines (test_fragmented_chase_exhaustion_v22.TestFragmentedChaseExhaustionV22.test_zero_trade_bar_is_excluded_and_resets_rolling_baselines) ... ok
2026-10-04T03:47:23.3148841Z test_404_checksum_failure_and_transient_are_not_imputed (test_mark_price_archive_v21.MarkArchiveTests.test_404_checksum_failure_and_transient_are_not_imputed) ... ok
2026-10-04T03:47:23.3416967Z test_each_verified_cache_component_corruption_fails_without_redownload (test_mark_price_archive_v21.MarkArchiveTests.test_each_verified_cache_component_corruption_fails_without_redownload) ... ok
2026-10-04T03:47:23.3508052Z test_exact_alignment_missing_month_and_stage_cut (test_mark_price_archive_v21.MarkArchiveTests.test_exact_alignment_missing_month_and_stage_cut) ... ok
2026-10-04T03:47:23.3519728Z test_future_mark_values_cannot_change_prior_alignment (test_mark_price_archive_v21.MarkArchiveTests.test_future_mark_values_cannot_change_prior_alignment) ... ok
2026-10-04T03:47:23.3569170Z test_header_and_headerless_arrays_agree (test_mark_price_archive_v21.MarkArchiveTests.test_header_and_headerless_arrays_agree) ... ok
2026-10-04T03:47:23.3698443Z test_invalid_width_header_timestamp_geometry_and_nonpositive_values_fail (test_mark_price_archive_v21.MarkArchiveTests.test_invalid_width_header_timestamp_geometry_and_nonpositive_values_fail) ... ok
2026-10-04T03:47:23.3767136Z test_original_checksum_npz_and_verified_cache_are_immutable (test_mark_price_archive_v21.MarkArchiveTests.test_original_checksum_npz_and_verified_cache_are_immutable) ... ok
2026-10-04T03:47:23.3778518Z test_close_tolerance_rejection_and_failed_direction_flow_are_hard (test_contract_mark_dislocation_v21.ContractMarkTests.test_close_tolerance_rejection_and_failed_direction_flow_are_hard) ... ok
2026-10-04T03:47:23.3788111Z test_favorable_gap_excluded_adverse_gap_retained (test_contract_mark_dislocation_v21.ContractMarkTests.test_favorable_gap_excluded_adverse_gap_retained) ... ok
2026-10-04T03:47:23.3791972Z test_fixed_intent_cooldown_is_outcome_independent (test_contract_mark_dislocation_v21.ContractMarkTests.test_fixed_intent_cooldown_is_outcome_independent) ... ok
2026-10-04T03:47:23.3796818Z test_frozen_grid_is_16_entries_and_96_unique_policies (test_contract_mark_dislocation_v21.ContractMarkTests.test_frozen_grid_is_16_entries_and_96_unique_policies) ... ok
2026-10-04T03:47:23.3801906Z test_future_data_does_not_change_existing_intent (test_contract_mark_dislocation_v21.ContractMarkTests.test_future_data_does_not_change_existing_intent) ... ok
2026-10-04T03:47:23.3809754Z test_mark_reference_shock_missing_alignment_and_volume_fail (test_contract_mark_dislocation_v21.ContractMarkTests.test_mark_reference_shock_missing_alignment_and_volume_fail) ... ok
2026-10-04T03:47:23.3812820Z test_mark_target_wrong_side_is_excluded_not_repurposed (test_contract_mark_dislocation_v21.ContractMarkTests.test_mark_target_wrong_side_is_excluded_not_repurposed) ... ok
2026-10-04T03:47:23.3819416Z test_mirrored_contract_only_excursion (test_contract_mark_dislocation_v21.ContractMarkTests.test_mirrored_contract_only_excursion) ... ok
2026-10-04T03:47:23.3826524Z test_next_open_actual_fill_stop_floor_and_cap (test_contract_mark_dislocation_v21.ContractMarkTests.test_next_open_actual_fill_stop_floor_and_cap) ... ok
2026-10-04T03:47:23.3832530Z test_policy_targets_and_shared_resolver (test_contract_mark_dislocation_v21.ContractMarkTests.test_policy_targets_and_shared_resolver) ... ok
2026-10-04T03:47:23.3837015Z test_three_year_95_percent_coverage_gate (test_contract_mark_dislocation_v21.ContractMarkTests.test_three_year_95_percent_coverage_gate) ... ok
2026-10-04T03:47:23.3839102Z test_adverse_gap_is_retained (test_session_opening_range_sweep_v20.TestSessionOpeningRangeSweepV20.test_adverse_gap_is_retained) ... ok
2026-10-04T03:47:23.3841776Z test_balance_close_must_stay_inside (test_session_opening_range_sweep_v20.TestSessionOpeningRangeSweepV20.test_balance_close_must_stay_inside) ... ok
2026-10-04T03:47:23.3843906Z test_balance_must_cross_both_sides_of_vwap (test_session_opening_range_sweep_v20.TestSessionOpeningRangeSweepV20.test_balance_must_cross_both_sides_of_vwap) ... ok
2026-10-04T03:47:23.3846429Z test_close_outside_is_not_a_sweep (test_session_opening_range_sweep_v20.TestSessionOpeningRangeSweepV20.test_close_outside_is_not_a_sweep) ... ok
2026-10-04T03:47:23.3848285Z test_decisive_reentry_gate (test_session_opening_range_sweep_v20.TestSessionOpeningRangeSweepV20.test_decisive_reentry_gate) ... ok
2026-10-04T03:47:23.3850130Z test_entry_is_next_contiguous_open (test_session_opening_range_sweep_v20.TestSessionOpeningRangeSweepV20.test_entry_is_next_contiguous_open) ... ok
2026-10-04T03:47:23.3851791Z test_favorable_gap_over_half_percent_is_excluded (test_session_opening_range_sweep_v20.TestSessionOpeningRangeSweepV20.test_favorable_gap_over_half_percent_is_excluded) ... ok
2026-10-04T03:47:23.3854009Z test_future_perturbation_does_not_change_intent (test_session_opening_range_sweep_v20.TestSessionOpeningRangeSweepV20.test_future_perturbation_does_not_change_intent) ... ok
2026-10-04T03:47:23.3856330Z test_grid_has_16_entries_and_96_policies (test_session_opening_range_sweep_v20.TestSessionOpeningRangeSweepV20.test_grid_has_16_entries_and_96_policies) ... ok
2026-10-04T03:47:23.3858089Z test_lower_sweep_creates_long_reversal (test_session_opening_range_sweep_v20.TestSessionOpeningRangeSweepV20.test_lower_sweep_creates_long_reversal) ... ok
2026-10-04T03:47:23.3859771Z test_minimum_width_is_enforced (test_session_opening_range_sweep_v20.TestSessionOpeningRangeSweepV20.test_minimum_width_is_enforced) ... ok
2026-10-04T03:47:23.3861318Z test_shifted_volume_gate (test_session_opening_range_sweep_v20.TestSessionOpeningRangeSweepV20.test_shifted_volume_gate) ... ok
2026-10-04T03:47:23.3863169Z test_stop_floor_and_frozen_targets (test_session_opening_range_sweep_v20.TestSessionOpeningRangeSweepV20.test_stop_floor_and_frozen_targets) ... ok
2026-10-04T03:47:23.3865158Z test_sweep_expires_after_four_bars (test_session_opening_range_sweep_v20.TestSessionOpeningRangeSweepV20.test_sweep_expires_after_four_bars) ... ok
2026-10-04T03:47:23.3866781Z test_swept_direction_taker_flow_gate (test_session_opening_range_sweep_v20.TestSessionOpeningRangeSweepV20.test_swept_direction_taker_flow_gate) ... ok
2026-10-04T03:47:23.3869437Z test_upper_sweep_creates_short_reversal (test_session_opening_range_sweep_v20.TestSessionOpeningRangeSweepV20.test_upper_sweep_creates_short_reversal) ... ok
2026-10-04T03:47:23.3871769Z test_wick_penetration_gate (test_session_opening_range_sweep_v20.TestSessionOpeningRangeSweepV20.test_wick_penetration_gate) ... ok
2026-10-04T03:47:23.3874043Z test_width_cap_is_enforced (test_session_opening_range_sweep_v20.TestSessionOpeningRangeSweepV20.test_width_cap_is_enforced) ... ok
2026-10-04T03:47:23.3880223Z test_breadth_alignment_rejects_low_universe (test_session_opening_impulse_v18.GridFeatureBreadthTests.test_breadth_alignment_rejects_low_universe) ... ok
2026-10-04T03:47:23.3891236Z test_breadth_counts_only_second_opening_bar (test_session_opening_impulse_v18.GridFeatureBreadthTests.test_breadth_counts_only_second_opening_bar) ... ok
2026-10-04T03:47:23.3896658Z test_exact_frozen_grid (test_session_opening_impulse_v18.GridFeatureBreadthTests.test_exact_frozen_grid) ... ok
2026-10-04T03:47:23.3898748Z test_exact_preregistered_development_gates (test_session_opening_impulse_v18.GridFeatureBreadthTests.test_exact_preregistered_development_gates) ... ok
2026-10-04T03:47:23.3956712Z test_session_vwap_is_causal_and_fixed_anchor (test_session_opening_impulse_v18.GridFeatureBreadthTests.test_session_vwap_is_causal_and_fixed_anchor) ... ok
2026-10-04T03:47:23.3961379Z test_breadth_and_two_vwap_closes_are_required (test_session_opening_impulse_v18.SignalEntryExitTests.test_breadth_and_two_vwap_closes_are_required) ... ok
2026-10-04T03:47:23.3966713Z test_favourable_gap_excluded_adverse_gap_retained (test_session_opening_impulse_v18.SignalEntryExitTests.test_favourable_gap_excluded_adverse_gap_retained) ... ok
2026-10-04T03:47:23.3973578Z test_mirrored_opening_signal_pullback_and_later_confirmation (test_session_opening_impulse_v18.SignalEntryExitTests.test_mirrored_opening_signal_pullback_and_later_confirmation) ... ok
2026-10-04T03:47:23.3985386Z test_projection_and_r_targets (test_session_opening_impulse_v18.SignalEntryExitTests.test_projection_and_r_targets) ... ok
2026-10-04T03:47:23.3990742Z test_pullback_must_hold_vwap_and_remain_shallow_through_confirmation (test_session_opening_impulse_v18.SignalEntryExitTests.test_pullback_must_hold_vwap_and_remain_shallow_through_confirmation) ... ok
2026-10-04T03:47:23.3995240Z test_favourable_gap_excluded_adverse_retained (test_session_vwap_failed_auction_v17.EntryExitTests.test_favourable_gap_excluded_adverse_retained) ... ok
2026-10-04T03:47:23.4008921Z test_frozen_vwap_and_r_targets (test_session_vwap_failed_auction_v17.EntryExitTests.test_frozen_vwap_and_r_targets) ... ok
2026-10-04T03:47:23.4013417Z test_next_open_and_structural_stop (test_session_vwap_failed_auction_v17.EntryExitTests.test_next_open_and_structural_stop) ... ok
2026-10-04T03:47:23.4018940Z test_stop_floor_and_cap (test_session_vwap_failed_auction_v17.EntryExitTests.test_stop_floor_and_cap) ... ok
2026-10-04T03:47:23.4027893Z test_confirmation_body_midpoint_strength_and_path (test_session_vwap_failed_auction_v17.EventTests.test_confirmation_body_midpoint_strength_and_path) ... ok
2026-10-04T03:47:23.4034829Z test_event_filters (test_session_vwap_failed_auction_v17.EventTests.test_event_filters) ... ok
2026-10-04T03:47:23.4039897Z test_four_bar_window_inclusive (test_session_vwap_failed_auction_v17.EventTests.test_four_bar_window_inclusive) ... ok
2026-10-04T03:47:23.4043162Z test_frozen_event_vwap_survives_future_changes (test_session_vwap_failed_auction_v17.EventTests.test_frozen_event_vwap_survives_future_changes) ... ok
2026-10-04T03:47:23.4047092Z test_mirrored_sides_and_later_confirmation (test_session_vwap_failed_auction_v17.EventTests.test_mirrored_sides_and_later_confirmation) ... ok
2026-10-04T03:47:23.4049722Z test_same_bar_confirmation_is_impossible (test_session_vwap_failed_auction_v17.EventTests.test_same_bar_confirmation_is_impossible) ... ok
2026-10-04T03:47:23.4088211Z test_current_volume_not_in_rolling_median (test_session_vwap_failed_auction_v17.GridAndFeatureTests.test_current_volume_not_in_rolling_median) ... ok
2026-10-04T03:47:23.4093421Z test_exact_frozen_grid (test_session_vwap_failed_auction_v17.GridAndFeatureTests.test_exact_frozen_grid) ... ok
2026-10-04T03:47:23.4169142Z test_future_perturbation_does_not_change_prefix (test_session_vwap_failed_auction_v17.GridAndFeatureTests.test_future_perturbation_does_not_change_prefix) ... ok
2026-10-04T03:47:23.4226740Z test_gap_invalidates_new_session_until_real_anchor (test_session_vwap_failed_auction_v17.GridAndFeatureTests.test_gap_invalidates_new_session_until_real_anchor) ... ok
2026-10-04T03:47:23.4264972Z test_session_anchor_and_causal_vwap (test_session_vwap_failed_auction_v17.GridAndFeatureTests.test_session_anchor_and_causal_vwap) ... ok
2026-10-04T03:47:23.4305706Z test_independent_costs_and_R (test_breadth_pullback_reclaim_v16.AuditArithmeticContract.test_independent_costs_and_R) ... ok
2026-10-04T03:47:24.4041730Z test_source_check_inside_scan_output_real_pipeline (test_breadth_pullback_reclaim_v16.AuditArithmeticContract.test_source_check_inside_scan_output_real_pipeline) ... V16_BREADTH_MAP DEV 4 / 4
2026-10-04T03:47:24.7375041Z V16_BREADTH_MAP_DONE DEV shard 0 sources 4 rows 81793
2026-10-04T03:47:25.1154199Z V16_BREADTH_MAP DEV 4 / 4
2026-10-04T03:47:25.4479975Z V16_BREADTH_MAP_DONE DEV shard 1 sources 4 rows 81793
2026-10-04T03:47:25.8218274Z V16_BREADTH_MAP DEV 4 / 4
2026-10-04T03:47:26.1556623Z V16_BREADTH_MAP_DONE DEV shard 2 sources 4 rows 81793
2026-10-04T03:47:26.5297117Z V16_BREADTH_MAP DEV 4 / 4
2026-10-04T03:47:26.8623553Z V16_BREADTH_MAP_DONE DEV shard 3 sources 4 rows 81793
2026-10-04T03:47:27.2362787Z V16_BREADTH_MAP DEV 4 / 4
2026-10-04T03:47:27.5691869Z V16_BREADTH_MAP_DONE DEV shard 4 sources 4 rows 81793
2026-10-04T03:47:27.9430288Z V16_BREADTH_MAP DEV 4 / 4
2026-10-04T03:47:28.2756528Z V16_BREADTH_MAP_DONE DEV shard 5 sources 4 rows 81793
2026-10-04T03:47:28.6510948Z V16_BREADTH_MAP DEV 4 / 4
2026-10-04T03:47:28.9846896Z V16_BREADTH_MAP_DONE DEV shard 6 sources 4 rows 81793
2026-10-04T03:47:29.3620495Z V16_BREADTH_MAP DEV 4 / 4
2026-10-04T03:47:29.6965895Z V16_BREADTH_MAP_DONE DEV shard 7 sources 4 rows 81793
2026-10-04T03:47:30.3082441Z V16_GLOBAL_BREADTH_FROZEN DEV sources 32 rows 81793 sha256 c56f804c8948f76a8dbc514485675ee6cee2809cbdd6c3d8921afa85fcb04c75
2026-10-04T03:47:30.4000106Z V16_BREADTH_RECOVERY_SCAN DEV 4 / 4 parameterized_outcomes 0
2026-10-04T03:47:30.4034000Z V16_BREADTH_RECOVERY_SCAN_DONE DEV 0 chronology_exclusions 0
2026-10-04T03:47:30.4908465Z V16_BREADTH_RECOVERY_SCAN DEV 4 / 4 parameterized_outcomes 0
2026-10-04T03:47:30.4941100Z V16_BREADTH_RECOVERY_SCAN_DONE DEV 0 chronology_exclusions 0
2026-10-04T03:47:30.5733775Z V16_BREADTH_RECOVERY_SCAN DEV 4 / 4 parameterized_outcomes 0
2026-10-04T03:47:30.5766422Z V16_BREADTH_RECOVERY_SCAN_DONE DEV 0 chronology_exclusions 0
2026-10-04T03:47:30.6544955Z V16_BREADTH_RECOVERY_SCAN DEV 4 / 4 parameterized_outcomes 0
2026-10-04T03:47:30.6579059Z V16_BREADTH_RECOVERY_SCAN_DONE DEV 0 chronology_exclusions 0
2026-10-04T03:47:30.7387627Z V16_BREADTH_RECOVERY_SCAN DEV 4 / 4 parameterized_outcomes 0
2026-10-04T03:47:30.7421028Z V16_BREADTH_RECOVERY_SCAN_DONE DEV 0 chronology_exclusions 0
2026-10-04T03:47:30.8212186Z V16_BREADTH_RECOVERY_SCAN DEV 4 / 4 parameterized_outcomes 0
2026-10-04T03:47:30.8244906Z V16_BREADTH_RECOVERY_SCAN_DONE DEV 0 chronology_exclusions 0
2026-10-04T03:47:30.9143679Z V16_BREADTH_RECOVERY_SCAN DEV 4 / 4 parameterized_outcomes 0
2026-10-04T03:47:30.9177652Z V16_BREADTH_RECOVERY_SCAN_DONE DEV 0 chronology_exclusions 0
2026-10-04T03:47:31.0096523Z V16_BREADTH_RECOVERY_SCAN DEV 4 / 4 parameterized_outcomes 0
2026-10-04T03:47:31.0129664Z V16_BREADTH_RECOVERY_SCAN_DONE DEV 0 chronology_exclusions 0
2026-10-04T03:47:31.5107219Z V16_BREADTH_RECOVERY_SELECT {"status": "NO_DEVELOPMENT_POLICY_SURVIVOR", "cells_examined": 96, "selected": [], "policies": [], "union_name": "MARKET_BREADTH_RECOVERY_UNION", "source_context_sha256": "1991f5e71751271b483ad27f63726b8ffe40a5da7d2db86c83f41193dfc564f3", "development_breadth_data_sha256": "c56f804c8948f76a8dbc514485675ee6cee2809cbdd6c3d8921afa85fcb04c75", "development_breadth_manifest_sha256": "37e38171d08af92c4362b2262ff10b069ce59950f612b8679fc31ec0bb185493", "source_symbols": 32, "economic_surviving_cells": 0, "rejection_counts": {"N_LT_300": 96, "SYMBOLS_LT_10": 96, "TOP_SYMBOL_GT_30PCT": 96, "NET40_MEAN_BP_NONPOSITIVE": 96, "NET40_R_MEAN_NONPOSITIVE": 96, "2021_N": 96, "2021_DATES": 96, "2021_net40_R_NONPOSITIVE": 96, "2021_net40_mean_bp_NONPOSITIVE": 96, "2021_day_R_NONPOSITIVE": 96, "2022_N": 96, "2022_DATES": 96, "2022_net40_R_NONPOSITIVE": 96, "2022_net40_mean_bp_NONPOSITIVE": 96, "2022_day_R_NONPOSITIVE": 96, "2023_N": 96, "2023_DATES": 96, "2023_net40_R_NONPOSITIVE": 96, "2023_net40_mean_bp_NONPOSITIVE": 96, "2023_day_R_NONPOSITIVE": 96}, "note": "Frozen global pressure withdrawal and closed recovery experiment. Overlapping diagnostics are not executable account growth."}
2026-10-04T03:47:31.5137117Z V16_SYNTHETIC_GLOBAL_PIPELINE_PASS {"synthetic_only": true, "source_files": 32, "global_map_shards": 8, "scans": 8, "all96_cells_preserved": true, "market_profitability_claim": false}
2026-10-04T03:47:31.5260566Z ok
2026-10-04T03:47:31.5264501Z test_count_sums_not_average_of_shards (test_breadth_pullback_reclaim_v16.CountsContract.test_count_sums_not_average_of_shards) ... ok
2026-10-04T03:47:31.5273204Z test_exact_global_fraction (test_breadth_pullback_reclaim_v16.CountsContract.test_exact_global_fraction) ... ok
2026-10-04T03:47:31.5355794Z test_feature_future_perturbation (test_breadth_pullback_reclaim_v16.CountsContract.test_feature_future_perturbation) ... ok
2026-10-04T03:47:31.5362939Z test_impossible_counts_rejected (test_breadth_pullback_reclaim_v16.CountsContract.test_impossible_counts_rejected) ... ok
2026-10-04T03:47:31.5370917Z test_missing_previous_not_filled (test_breadth_pullback_reclaim_v16.CountsContract.test_missing_previous_not_filled) ... ok
2026-10-04T03:47:31.5375216Z test_nan_coin_not_in_denominator (test_breadth_pullback_reclaim_v16.CountsContract.test_nan_coin_not_in_denominator) ... ok
2026-10-04T03:47:31.5382237Z test_no_nearest_future_match (test_breadth_pullback_reclaim_v16.CountsContract.test_no_nearest_future_match) ... ok
2026-10-04T03:47:31.5388006Z test_noninteger_counts_rejected (test_breadth_pullback_reclaim_v16.CountsContract.test_noninteger_counts_rejected) ... ok
2026-10-04T03:47:31.5393673Z test_time_geometry_rejected (test_breadth_pullback_reclaim_v16.CountsContract.test_time_geometry_rejected) ... ok
2026-10-04T03:47:34.1289599Z test_altered_map_fails_closed (test_breadth_pullback_reclaim_v16.GlobalArtifactContract.test_altered_map_fails_closed) ... ok
2026-10-04T03:47:34.1301135Z test_changed_context_fails_closed (test_breadth_pullback_reclaim_v16.GlobalArtifactContract.test_changed_context_fails_closed) ... ok
2026-10-04T03:47:34.3639958Z test_duplicate_shard_fails_closed (test_breadth_pullback_reclaim_v16.GlobalArtifactContract.test_duplicate_shard_fails_closed) ... ok
2026-10-04T03:47:34.9211341Z test_eight_shard_reduction_and_verified_load (test_breadth_pullback_reclaim_v16.GlobalArtifactContract.test_eight_shard_reduction_and_verified_load) ... V16_GLOBAL_BREADTH_FROZEN DEV sources 32 rows 81793 sha256 061b212dd67ba864ae7370703945d2ce6bdebc7421a464c5182b5936112713b2
2026-10-04T03:47:34.9575502Z ok
2026-10-04T03:47:34.9621837Z test_missing_shard_fails_closed (test_breadth_pullback_reclaim_v16.GlobalArtifactContract.test_missing_shard_fails_closed) ... ok
2026-10-04T03:47:34.9628166Z test_stage_leak_fails_closed (test_breadth_pullback_reclaim_v16.GlobalArtifactContract.test_stage_leak_fails_closed) ... ok
2026-10-04T03:47:34.9688140Z test_96_bar_impulse (test_breadth_pullback_reclaim_v16.SignalContract.test_96_bar_impulse) ... ok
2026-10-04T03:47:34.9692635Z test_adverse_entry_gap_retained (test_breadth_pullback_reclaim_v16.SignalContract.test_adverse_entry_gap_retained) ... ok
2026-10-04T03:47:34.9695994Z test_breadth_crossing_required (test_breadth_pullback_reclaim_v16.SignalContract.test_breadth_crossing_required) ... ok
2026-10-04T03:47:34.9700244Z test_btc_reclaim_guard (test_breadth_pullback_reclaim_v16.SignalContract.test_btc_reclaim_guard) ... ok
2026-10-04T03:47:34.9704122Z test_entry_path_gap_blocks (test_breadth_pullback_reclaim_v16.SignalContract.test_entry_path_gap_blocks) ... ok
2026-10-04T03:47:34.9707670Z test_event_momentum_required (test_breadth_pullback_reclaim_v16.SignalContract.test_event_momentum_required) ... ok
2026-10-04T03:47:34.9711618Z test_favorable_entry_gap_rejected (test_breadth_pullback_reclaim_v16.SignalContract.test_favorable_entry_gap_rejected) ... ok
2026-10-04T03:47:34.9714917Z test_five_point_expansion_required (test_breadth_pullback_reclaim_v16.SignalContract.test_five_point_expansion_required) ... ok
2026-10-04T03:47:34.9723218Z test_fixed_grid (test_breadth_pullback_reclaim_v16.SignalContract.test_fixed_grid) ... ok
2026-10-04T03:47:34.9727075Z test_future_bars_irrelevant_to_intent (test_breadth_pullback_reclaim_v16.SignalContract.test_future_bars_irrelevant_to_intent) ... ok
2026-10-04T03:47:34.9731882Z test_long_two_stage_reclaim (test_breadth_pullback_reclaim_v16.SignalContract.test_long_two_stage_reclaim) ... ok
2026-10-04T03:47:34.9736438Z test_one_atr_pullback_grid (test_breadth_pullback_reclaim_v16.SignalContract.test_one_atr_pullback_grid) ... ok
2026-10-04T03:47:34.9741047Z test_pre_reclaim_invalidation_blocks (test_breadth_pullback_reclaim_v16.SignalContract.test_pre_reclaim_invalidation_blocks) ... ok
2026-10-04T03:47:34.9745919Z test_pullback_touch_required (test_breadth_pullback_reclaim_v16.SignalContract.test_pullback_touch_required) ... ok
2026-10-04T03:47:34.9751267Z test_reclaim_after_twelve_bars_is_ignored (test_breadth_pullback_reclaim_v16.SignalContract.test_reclaim_after_twelve_bars_is_ignored) ... ok
2026-10-04T03:47:34.9756050Z test_reclaim_must_be_after_touch (test_breadth_pullback_reclaim_v16.SignalContract.test_reclaim_must_be_after_touch) ... ok
2026-10-04T03:47:34.9760678Z test_reclaim_prior_bar_break_required (test_breadth_pullback_reclaim_v16.SignalContract.test_reclaim_prior_bar_break_required) ... ok
2026-10-04T03:47:34.9765001Z test_reclaim_volume_required (test_breadth_pullback_reclaim_v16.SignalContract.test_reclaim_volume_required) ... ok
2026-10-04T03:47:34.9770122Z test_same_bar_touch_and_reclaim_forbidden (test_breadth_pullback_reclaim_v16.SignalContract.test_same_bar_touch_and_reclaim_forbidden) ... ok
2026-10-04T03:47:34.9774751Z test_short_two_stage_reclaim (test_breadth_pullback_reclaim_v16.SignalContract.test_short_two_stage_reclaim) ... ok
2026-10-04T03:47:34.9779482Z test_stop_above_six_percent_rejected (test_breadth_pullback_reclaim_v16.SignalContract.test_stop_above_six_percent_rejected) ... ok
2026-10-04T03:47:34.9783719Z test_stop_floor (test_breadth_pullback_reclaim_v16.SignalContract.test_stop_floor) ... ok
2026-10-04T03:47:34.9789014Z test_touch_after_ten_bars_is_ignored (test_breadth_pullback_reclaim_v16.SignalContract.test_touch_after_ten_bars_is_ignored) ... ok
2026-10-04T03:47:34.9796302Z test_trailing_policy_uses_canonical_resolver (test_breadth_pullback_reclaim_v16.SignalContract.test_trailing_policy_uses_canonical_resolver) ... ok
2026-10-04T03:47:34.9800555Z test_watch_path_gap_blocks (test_breadth_pullback_reclaim_v16.SignalContract.test_watch_path_gap_blocks) ... ok
2026-10-04T03:47:34.9839580Z test_independent_costs_and_R (test_breadth_expansion_continuation_v15.AuditArithmeticContract.test_independent_costs_and_R) ... ok
2026-10-04T03:47:35.9497915Z test_source_check_inside_scan_output_real_pipeline (test_breadth_expansion_continuation_v15.AuditArithmeticContract.test_source_check_inside_scan_output_real_pipeline) ... V15_BREADTH_MAP DEV 4 / 4
2026-10-04T03:47:36.2837609Z V15_BREADTH_MAP_DONE DEV shard 0 sources 4 rows 81793
2026-10-04T03:47:36.6593996Z V15_BREADTH_MAP DEV 4 / 4
2026-10-04T03:47:36.9909804Z V15_BREADTH_MAP_DONE DEV shard 1 sources 4 rows 81793
2026-10-04T03:47:37.3636661Z V15_BREADTH_MAP DEV 4 / 4
2026-10-04T03:47:37.6958161Z V15_BREADTH_MAP_DONE DEV shard 2 sources 4 rows 81793
2026-10-04T03:47:38.0698166Z V15_BREADTH_MAP DEV 4 / 4
2026-10-04T03:47:38.4063758Z V15_BREADTH_MAP_DONE DEV shard 3 sources 4 rows 81793
2026-10-04T03:47:38.7821997Z V15_BREADTH_MAP DEV 4 / 4
2026-10-04T03:47:39.1152145Z V15_BREADTH_MAP_DONE DEV shard 4 sources 4 rows 81793
2026-10-04T03:47:39.4913137Z V15_BREADTH_MAP DEV 4 / 4
2026-10-04T03:47:39.8274269Z V15_BREADTH_MAP_DONE DEV shard 5 sources 4 rows 81793
2026-10-04T03:47:40.2004482Z V15_BREADTH_MAP DEV 4 / 4
2026-10-04T03:47:40.5336175Z V15_BREADTH_MAP_DONE DEV shard 6 sources 4 rows 81793
2026-10-04T03:47:40.9095950Z V15_BREADTH_MAP DEV 4 / 4
2026-10-04T03:47:41.2426462Z V15_BREADTH_MAP_DONE DEV shard 7 sources 4 rows 81793
2026-10-04T03:47:41.8427406Z V15_GLOBAL_BREADTH_FROZEN DEV sources 32 rows 81793 sha256 c56f804c8948f76a8dbc514485675ee6cee2809cbdd6c3d8921afa85fcb04c75
2026-10-04T03:47:41.9358001Z V15_BREADTH_RECOVERY_SCAN DEV 4 / 4 parameterized_outcomes 0
2026-10-04T03:47:41.9389354Z V15_BREADTH_RECOVERY_SCAN_DONE DEV 0 chronology_exclusions 0
2026-10-04T03:47:42.0216736Z V15_BREADTH_RECOVERY_SCAN DEV 4 / 4 parameterized_outcomes 0
2026-10-04T03:47:42.0246408Z V15_BREADTH_RECOVERY_SCAN_DONE DEV 0 chronology_exclusions 0
2026-10-04T03:47:42.1077352Z V15_BREADTH_RECOVERY_SCAN DEV 4 / 4 parameterized_outcomes 0
2026-10-04T03:47:42.1108093Z V15_BREADTH_RECOVERY_SCAN_DONE DEV 0 chronology_exclusions 0
2026-10-04T03:47:42.1964472Z V15_BREADTH_RECOVERY_SCAN DEV 4 / 4 parameterized_outcomes 0
2026-10-04T03:47:42.1995573Z V15_BREADTH_RECOVERY_SCAN_DONE DEV 0 chronology_exclusions 0
2026-10-04T03:47:42.2816087Z V15_BREADTH_RECOVERY_SCAN DEV 4 / 4 parameterized_outcomes 0
2026-10-04T03:47:42.2847163Z V15_BREADTH_RECOVERY_SCAN_DONE DEV 0 chronology_exclusions 0
2026-10-04T03:47:42.3645969Z V15_BREADTH_RECOVERY_SCAN DEV 4 / 4 parameterized_outcomes 0
2026-10-04T03:47:42.3675908Z V15_BREADTH_RECOVERY_SCAN_DONE DEV 0 chronology_exclusions 0
2026-10-04T03:47:42.4513009Z V15_BREADTH_RECOVERY_SCAN DEV 4 / 4 parameterized_outcomes 0
2026-10-04T03:47:42.4543945Z V15_BREADTH_RECOVERY_SCAN_DONE DEV 0 chronology_exclusions 0
2026-10-04T03:47:42.5351936Z V15_BREADTH_RECOVERY_SCAN DEV 4 / 4 parameterized_outcomes 0
2026-10-04T03:47:42.5384241Z V15_BREADTH_RECOVERY_SCAN_DONE DEV 0 chronology_exclusions 0
2026-10-04T03:47:43.0177017Z V15_BREADTH_RECOVERY_SELECT {"status": "NO_DEVELOPMENT_POLICY_SURVIVOR", "cells_examined": 96, "selected": [], "policies": [], "union_name": "MARKET_BREADTH_RECOVERY_UNION", "source_context_sha256": "1991f5e71751271b483ad27f63726b8ffe40a5da7d2db86c83f41193dfc564f3", "development_breadth_data_sha256": "c56f804c8948f76a8dbc514485675ee6cee2809cbdd6c3d8921afa85fcb04c75", "development_breadth_manifest_sha256": "37e38171d08af92c4362b2262ff10b069ce59950f612b8679fc31ec0bb185493", "source_symbols": 32, "economic_surviving_cells": 0, "rejection_counts": {"N_LT_300": 96, "SYMBOLS_LT_10": 96, "TOP_SYMBOL_GT_30PCT": 96, "NET40_MEAN_BP_NONPOSITIVE": 96, "NET40_R_MEAN_NONPOSITIVE": 96, "2021_N": 96, "2021_DATES": 96, "2021_net40_R_NONPOSITIVE": 96, "2021_net40_mean_bp_NONPOSITIVE": 96, "2021_day_R_NONPOSITIVE": 96, "2022_N": 96, "2022_DATES": 96, "2022_net40_R_NONPOSITIVE": 96, "2022_net40_mean_bp_NONPOSITIVE": 96, "2022_day_R_NONPOSITIVE": 96, "2023_N": 96, "2023_DATES": 96, "2023_net40_R_NONPOSITIVE": 96, "2023_net40_mean_bp_NONPOSITIVE": 96, "2023_day_R_NONPOSITIVE": 96}, "note": "Frozen global pressure withdrawal and closed recovery experiment. Overlapping diagnostics are not executable account growth."}
2026-10-04T03:47:43.0199869Z V15_SYNTHETIC_GLOBAL_PIPELINE_PASS {"synthetic_only": true, "source_files": 32, "global_map_shards": 8, "scans": 8, "all96_cells_preserved": true, "market_profitability_claim": false}
2026-10-04T03:47:43.0326072Z ok
2026-10-04T03:47:43.0330966Z test_count_sums_not_average_of_shards (test_breadth_expansion_continuation_v15.CountsContract.test_count_sums_not_average_of_shards) ... ok
2026-10-04T03:47:43.0338996Z test_exact_global_fraction (test_breadth_expansion_continuation_v15.CountsContract.test_exact_global_fraction) ... ok
2026-10-04T03:47:43.0421706Z test_feature_future_perturbation (test_breadth_expansion_continuation_v15.CountsContract.test_feature_future_perturbation) ... ok
2026-10-04T03:47:43.0428630Z test_impossible_counts_rejected (test_breadth_expansion_continuation_v15.CountsContract.test_impossible_counts_rejected) ... ok
2026-10-04T03:47:43.0435290Z test_missing_previous_not_filled (test_breadth_expansion_continuation_v15.CountsContract.test_missing_previous_not_filled) ... ok
2026-10-04T03:47:43.0439583Z test_nan_coin_not_in_denominator (test_breadth_expansion_continuation_v15.CountsContract.test_nan_coin_not_in_denominator) ... ok
2026-10-04T03:47:43.0446335Z test_no_nearest_future_match (test_breadth_expansion_continuation_v15.CountsContract.test_no_nearest_future_match) ... ok
2026-10-04T03:47:43.0451665Z test_noninteger_counts_rejected (test_breadth_expansion_continuation_v15.CountsContract.test_noninteger_counts_rejected) ... ok
2026-10-04T03:47:43.0457020Z test_time_geometry_rejected (test_breadth_expansion_continuation_v15.CountsContract.test_time_geometry_rejected) ... ok
2026-10-04T03:47:45.6367607Z test_altered_map_fails_closed (test_breadth_expansion_continuation_v15.GlobalArtifactContract.test_altered_map_fails_closed) ... ok
2026-10-04T03:47:45.6384799Z test_changed_context_fails_closed (test_breadth_expansion_continuation_v15.GlobalArtifactContract.test_changed_context_fails_closed) ... ok
2026-10-04T03:47:45.8445149Z test_duplicate_shard_fails_closed (test_breadth_expansion_continuation_v15.GlobalArtifactContract.test_duplicate_shard_fails_closed) ... ok
2026-10-04T03:47:46.3814679Z test_eight_shard_reduction_and_verified_load (test_breadth_expansion_continuation_v15.GlobalArtifactContract.test_eight_shard_reduction_and_verified_load) ... V15_GLOBAL_BREADTH_FROZEN DEV sources 32 rows 81793 sha256 061b212dd67ba864ae7370703945d2ce6bdebc7421a464c5182b5936112713b2
2026-10-04T03:47:46.4134356Z ok
2026-10-04T03:47:46.4181232Z test_missing_shard_fails_closed (test_breadth_expansion_continuation_v15.GlobalArtifactContract.test_missing_shard_fails_closed) ... ok
2026-10-04T03:47:46.4187954Z test_stage_leak_fails_closed (test_breadth_expansion_continuation_v15.GlobalArtifactContract.test_stage_leak_fails_closed) ... ok
2026-10-04T03:47:46.4249022Z test_24h_shock (test_breadth_expansion_continuation_v15.SignalContract.test_24h_shock) ... ok
2026-10-04T03:47:46.4252494Z test_actual_entry_gap_blocks (test_breadth_expansion_continuation_v15.SignalContract.test_actual_entry_gap_blocks) ... ok
2026-10-04T03:47:46.4255301Z test_adverse_gap_retained (test_breadth_expansion_continuation_v15.SignalContract.test_adverse_gap_retained) ... ok
2026-10-04T03:47:46.4258384Z test_breadth_expansion_required (test_breadth_expansion_continuation_v15.SignalContract.test_breadth_expansion_required) ... ok
2026-10-04T03:47:46.4260251Z test_btc_guard (test_breadth_expansion_continuation_v15.SignalContract.test_btc_guard) ... ok
2026-10-04T03:47:46.4263252Z test_closed_local_break_required (test_breadth_expansion_continuation_v15.SignalContract.test_closed_local_break_required) ... ok
2026-10-04T03:47:46.4265981Z test_current_coin_bar_must_be_contiguous (test_breadth_expansion_continuation_v15.SignalContract.test_current_coin_bar_must_be_contiguous) ... ok
2026-10-04T03:47:46.4268527Z test_current_coin_momentum_required (test_breadth_expansion_continuation_v15.SignalContract.test_current_coin_momentum_required) ... ok
2026-10-04T03:47:46.4270736Z test_exact_five_pp_boundary (test_breadth_expansion_continuation_v15.SignalContract.test_exact_five_pp_boundary) ... ok
2026-10-04T03:47:46.4273337Z test_favorable_gap_rejected (test_breadth_expansion_continuation_v15.SignalContract.test_favorable_gap_rejected) ... ok
2026-10-04T03:47:46.4275361Z test_fixed_grid (test_breadth_expansion_continuation_v15.SignalContract.test_fixed_grid) ... ok
2026-10-04T03:47:46.4278807Z test_flow55_long_blocks_low_buy (test_breadth_expansion_continuation_v15.SignalContract.test_flow55_long_blocks_low_buy) ... ok
2026-10-04T03:47:46.4282804Z test_future_high_low_close_irrelevant_to_entry (test_breadth_expansion_continuation_v15.SignalContract.test_future_high_low_close_irrelevant_to_entry) ... ok
2026-10-04T03:47:46.4285534Z test_long_expansion_continuation (test_breadth_expansion_continuation_v15.SignalContract.test_long_expansion_continuation) ... ok
2026-10-04T03:47:46.4288640Z test_low_universe_missing_fraction_blocks (test_breadth_expansion_continuation_v15.SignalContract.test_low_universe_missing_fraction_blocks) ... ok
2026-10-04T03:47:46.4291033Z test_previous_universe_under_thirty_blocks (test_breadth_expansion_continuation_v15.SignalContract.test_previous_universe_under_thirty_blocks) ... ok
2026-10-04T03:47:46.4293753Z test_price_only_ignores_buy_share (test_breadth_expansion_continuation_v15.SignalContract.test_price_only_ignores_buy_share) ... ok
2026-10-04T03:47:46.4296619Z test_short_expansion_continuation (test_breadth_expansion_continuation_v15.SignalContract.test_short_expansion_continuation) ... ok
2026-10-04T03:47:46.4299347Z test_stop_above_sixpct_rejected (test_breadth_expansion_continuation_v15.SignalContract.test_stop_above_sixpct_rejected) ... ok
2026-10-04T03:47:46.4301989Z test_stop_floor (test_breadth_expansion_continuation_v15.SignalContract.test_stop_floor) ... ok
2026-10-04T03:47:46.4304763Z test_threshold_crossing_required (test_breadth_expansion_continuation_v15.SignalContract.test_threshold_crossing_required) ... ok
2026-10-04T03:47:46.4310639Z test_trailing_policy_uses_canonical_resolver (test_breadth_expansion_continuation_v15.SignalContract.test_trailing_policy_uses_canonical_resolver) ... ok
2026-10-04T03:47:46.4350485Z test_independent_costs_and_R (test_market_breadth_recovery_v14.AuditArithmeticContract.test_independent_costs_and_R) ... ok
2026-10-04T03:47:47.4019447Z test_source_check_inside_scan_output_real_pipeline (test_market_breadth_recovery_v14.AuditArithmeticContract.test_source_check_inside_scan_output_real_pipeline) ... V14_BREADTH_MAP DEV 4 / 4
2026-10-04T03:47:47.7382639Z V14_BREADTH_MAP_DONE DEV shard 0 sources 4 rows 81793
2026-10-04T03:47:48.1103222Z V14_BREADTH_MAP DEV 4 / 4
2026-10-04T03:47:48.4441667Z V14_BREADTH_MAP_DONE DEV shard 1 sources 4 rows 81793
2026-10-04T03:47:48.8161392Z V14_BREADTH_MAP DEV 4 / 4
2026-10-04T03:47:49.1485683Z V14_BREADTH_MAP_DONE DEV shard 2 sources 4 rows 81793
2026-10-04T03:47:49.5218830Z V14_BREADTH_MAP DEV 4 / 4
2026-10-04T03:47:49.8549520Z V14_BREADTH_MAP_DONE DEV shard 3 sources 4 rows 81793
2026-10-04T03:47:50.2268903Z V14_BREADTH_MAP DEV 4 / 4
2026-10-04T03:47:50.5594855Z V14_BREADTH_MAP_DONE DEV shard 4 sources 4 rows 81793
2026-10-04T03:47:50.9351167Z V14_BREADTH_MAP DEV 4 / 4
2026-10-04T03:47:51.2676832Z V14_BREADTH_MAP_DONE DEV shard 5 sources 4 rows 81793
2026-10-04T03:47:51.6423731Z V14_BREADTH_MAP DEV 4 / 4
2026-10-04T03:47:51.9745219Z V14_BREADTH_MAP_DONE DEV shard 6 sources 4 rows 81793
2026-10-04T03:47:52.3478986Z V14_BREADTH_MAP DEV 4 / 4
2026-10-04T03:47:52.6811949Z V14_BREADTH_MAP_DONE DEV shard 7 sources 4 rows 81793
2026-10-04T03:47:53.2591265Z V14_GLOBAL_BREADTH_FROZEN DEV sources 32 rows 81793 sha256 c56f804c8948f76a8dbc514485675ee6cee2809cbdd6c3d8921afa85fcb04c75
2026-10-04T03:47:53.3426333Z V14_BREADTH_RECOVERY_SCAN DEV 4 / 4 parameterized_outcomes 0
2026-10-04T03:47:53.3458239Z V14_BREADTH_RECOVERY_SCAN_DONE DEV 0 chronology_exclusions 0
2026-10-04T03:47:53.4296978Z V14_BREADTH_RECOVERY_SCAN DEV 4 / 4 parameterized_outcomes 0
2026-10-04T03:47:53.4327343Z V14_BREADTH_RECOVERY_SCAN_DONE DEV 0 chronology_exclusions 0
2026-10-04T03:47:53.5172950Z V14_BREADTH_RECOVERY_SCAN DEV 4 / 4 parameterized_outcomes 0
2026-10-04T03:47:53.5204928Z V14_BREADTH_RECOVERY_SCAN_DONE DEV 0 chronology_exclusions 0
2026-10-04T03:47:53.6036237Z V14_BREADTH_RECOVERY_SCAN DEV 4 / 4 parameterized_outcomes 0
2026-10-04T03:47:53.6066648Z V14_BREADTH_RECOVERY_SCAN_DONE DEV 0 chronology_exclusions 0
2026-10-04T03:47:53.6914234Z V14_BREADTH_RECOVERY_SCAN DEV 4 / 4 parameterized_outcomes 0
2026-10-04T03:47:53.6946706Z V14_BREADTH_RECOVERY_SCAN_DONE DEV 0 chronology_exclusions 0
2026-10-04T03:47:53.7794052Z V14_BREADTH_RECOVERY_SCAN DEV 4 / 4 parameterized_outcomes 0
2026-10-04T03:47:53.7825733Z V14_BREADTH_RECOVERY_SCAN_DONE DEV 0 chronology_exclusions 0
2026-10-04T03:47:53.8684325Z V14_BREADTH_RECOVERY_SCAN DEV 4 / 4 parameterized_outcomes 0
2026-10-04T03:47:53.8717535Z V14_BREADTH_RECOVERY_SCAN_DONE DEV 0 chronology_exclusions 0
2026-10-04T03:47:53.9569323Z V14_BREADTH_RECOVERY_SCAN DEV 4 / 4 parameterized_outcomes 0
2026-10-04T03:47:53.9600602Z V14_BREADTH_RECOVERY_SCAN_DONE DEV 0 chronology_exclusions 0
2026-10-04T03:47:54.4252480Z V14_BREADTH_RECOVERY_SELECT {"status": "NO_DEVELOPMENT_POLICY_SURVIVOR", "cells_examined": 96, "selected": [], "policies": [], "union_name": "MARKET_BREADTH_RECOVERY_UNION", "source_context_sha256": "1991f5e71751271b483ad27f63726b8ffe40a5da7d2db86c83f41193dfc564f3", "development_breadth_data_sha256": "c56f804c8948f76a8dbc514485675ee6cee2809cbdd6c3d8921afa85fcb04c75", "development_breadth_manifest_sha256": "a33c6c15e1a711022cec584eaa5942aa90a9ad0a3da18087ddb45f54b30efd5b", "source_symbols": 32, "economic_surviving_cells": 0, "rejection_counts": {"N_LT_300": 96, "SYMBOLS_LT_10": 96, "TOP_SYMBOL_GT_30PCT": 96, "NET40_MEAN_BP_NONPOSITIVE": 96, "NET40_R_MEAN_NONPOSITIVE": 96, "2021_N": 96, "2021_DATES": 96, "2021_net40_R_NONPOSITIVE": 96, "2021_net40_mean_bp_NONPOSITIVE": 96, "2021_day_R_NONPOSITIVE": 96, "2022_N": 96, "2022_DATES": 96, "2022_net40_R_NONPOSITIVE": 96, "2022_net40_mean_bp_NONPOSITIVE": 96, "2022_day_R_NONPOSITIVE": 96, "2023_N": 96, "2023_DATES": 96, "2023_net40_R_NONPOSITIVE": 96, "2023_net40_mean_bp_NONPOSITIVE": 96, "2023_day_R_NONPOSITIVE": 96}, "note": "Frozen global pressure withdrawal and closed recovery experiment. Overlapping diagnostics are not executable account growth."}
2026-10-04T03:47:54.4270427Z V14_SYNTHETIC_GLOBAL_PIPELINE_PASS {"synthetic_only": true, "source_files": 32, "global_map_shards": 8, "scans": 8, "all96_cells_preserved": true, "market_profitability_claim": false}
2026-10-04T03:47:54.4392490Z ok
2026-10-04T03:47:54.4396960Z test_count_sums_not_average_of_shards (test_market_breadth_recovery_v14.CountsContract.test_count_sums_not_average_of_shards) ... ok
2026-10-04T03:47:54.4405230Z test_exact_global_fraction (test_market_breadth_recovery_v14.CountsContract.test_exact_global_fraction) ... ok
2026-10-04T03:47:54.4487854Z test_feature_future_perturbation (test_market_breadth_recovery_v14.CountsContract.test_feature_future_perturbation) ... ok
2026-10-04T03:47:54.4493877Z test_impossible_counts_rejected (test_market_breadth_recovery_v14.CountsContract.test_impossible_counts_rejected) ... ok
2026-10-04T03:47:54.4500912Z test_missing_previous_not_filled (test_market_breadth_recovery_v14.CountsContract.test_missing_previous_not_filled) ... ok
2026-10-04T03:47:54.4504761Z test_nan_coin_not_in_denominator (test_market_breadth_recovery_v14.CountsContract.test_nan_coin_not_in_denominator) ... ok
2026-10-04T03:47:54.4511385Z test_no_nearest_future_match (test_market_breadth_recovery_v14.CountsContract.test_no_nearest_future_match) ... ok
2026-10-04T03:47:54.4516632Z test_noninteger_counts_rejected (test_market_breadth_recovery_v14.CountsContract.test_noninteger_counts_rejected) ... ok
2026-10-04T03:47:54.4522675Z test_time_geometry_rejected (test_market_breadth_recovery_v14.CountsContract.test_time_geometry_rejected) ... ok
2026-10-04T03:47:57.0352238Z test_altered_map_fails_closed (test_market_breadth_recovery_v14.GlobalArtifactContract.test_altered_map_fails_closed) ... ok
2026-10-04T03:47:57.0364168Z test_changed_context_fails_closed (test_market_breadth_recovery_v14.GlobalArtifactContract.test_changed_context_fails_closed) ... ok
2026-10-04T03:47:57.2544721Z test_duplicate_shard_fails_closed (test_market_breadth_recovery_v14.GlobalArtifactContract.test_duplicate_shard_fails_closed) ... ok
2026-10-04T03:47:57.8035221Z test_eight_shard_reduction_and_verified_load (test_market_breadth_recovery_v14.GlobalArtifactContract.test_eight_shard_reduction_and_verified_load) ... V14_GLOBAL_BREADTH_FROZEN DEV sources 32 rows 81793 sha256 061b212dd67ba864ae7370703945d2ce6bdebc7421a464c5182b5936112713b2
2026-10-04T03:47:57.8403993Z ok
2026-10-04T03:47:57.8450651Z test_missing_shard_fails_closed (test_market_breadth_recovery_v14.GlobalArtifactContract.test_missing_shard_fails_closed) ... ok
2026-10-04T03:47:57.8457383Z test_stage_leak_fails_closed (test_market_breadth_recovery_v14.GlobalArtifactContract.test_stage_leak_fails_closed) ... ok
2026-10-04T03:47:57.8517794Z test_24h_shock (test_market_breadth_recovery_v14.SignalContract.test_24h_shock) ... ok
2026-10-04T03:47:57.8521189Z test_actual_entry_gap_blocks (test_market_breadth_recovery_v14.SignalContract.test_actual_entry_gap_blocks) ... ok
2026-10-04T03:47:57.8524371Z test_adverse_gap_retained (test_market_breadth_recovery_v14.SignalContract.test_adverse_gap_retained) ... ok
2026-10-04T03:47:57.8526582Z test_btc_guard (test_market_breadth_recovery_v14.SignalContract.test_btc_guard) ... ok
2026-10-04T03:47:57.8530645Z test_closed_local_break_required (test_market_breadth_recovery_v14.SignalContract.test_closed_local_break_required) ... ok
2026-10-04T03:47:57.8533272Z test_exact_five_pp_boundary (test_market_breadth_recovery_v14.SignalContract.test_exact_five_pp_boundary) ... ok
2026-10-04T03:47:57.8535875Z test_favorable_gap_rejected (test_market_breadth_recovery_v14.SignalContract.test_favorable_gap_rejected) ... ok
2026-10-04T03:47:57.8538291Z test_fixed_grid (test_market_breadth_recovery_v14.SignalContract.test_fixed_grid) ... ok
2026-10-04T03:47:57.8541279Z test_flow55_long_blocks_low_buy (test_market_breadth_recovery_v14.SignalContract.test_flow55_long_blocks_low_buy) ... ok
2026-10-04T03:47:57.8545631Z test_future_high_low_close_irrelevant_to_entry (test_market_breadth_recovery_v14.SignalContract.test_future_high_low_close_irrelevant_to_entry) ... ok
2026-10-04T03:47:57.8548535Z test_long_recovery (test_market_breadth_recovery_v14.SignalContract.test_long_recovery) ... ok
2026-10-04T03:47:57.8551465Z test_low_universe_missing_fraction_blocks (test_market_breadth_recovery_v14.SignalContract.test_low_universe_missing_fraction_blocks) ... ok
2026-10-04T03:47:57.8553932Z test_pressure_drop_required (test_market_breadth_recovery_v14.SignalContract.test_pressure_drop_required) ... ok
2026-10-04T03:47:57.8556866Z test_previous_coin_gap_blocks (test_market_breadth_recovery_v14.SignalContract.test_previous_coin_gap_blocks) ... ok
2026-10-04T03:47:57.8559520Z test_previous_universe_under_thirty_blocks (test_market_breadth_recovery_v14.SignalContract.test_previous_universe_under_thirty_blocks) ... ok
2026-10-04T03:47:57.8562244Z test_price_only_ignores_buy_share (test_market_breadth_recovery_v14.SignalContract.test_price_only_ignores_buy_share) ... ok
2026-10-04T03:47:57.8564674Z test_prior_coin_shock_required (test_market_breadth_recovery_v14.SignalContract.test_prior_coin_shock_required) ... ok
2026-10-04T03:47:57.8567735Z test_prior_pressure_threshold (test_market_breadth_recovery_v14.SignalContract.test_prior_pressure_threshold) ... ok
2026-10-04T03:47:57.8570586Z test_short_recovery (test_market_breadth_recovery_v14.SignalContract.test_short_recovery) ... ok
2026-10-04T03:47:57.8573457Z test_stop_above_sixpct_rejected (test_market_breadth_recovery_v14.SignalContract.test_stop_above_sixpct_rejected) ... ok
2026-10-04T03:47:57.8576279Z test_stop_floor (test_market_breadth_recovery_v14.SignalContract.test_stop_floor) ... ok
2026-10-04T03:47:57.8582632Z test_trailing_policy_uses_canonical_resolver (test_market_breadth_recovery_v14.SignalContract.test_trailing_policy_uses_canonical_resolver) ... ok
2026-10-04T03:47:57.8587056Z test_btc_missing_endpoint_is_unavailable (test_breakout_level_retest_v13.FeatureTests.test_btc_missing_endpoint_is_unavailable) ... ok
2026-10-04T03:47:57.8659311Z test_channel_and_volume_restart_after_gap (test_breakout_level_retest_v13.FeatureTests.test_channel_and_volume_restart_after_gap) ... ok
2026-10-04T03:47:57.8738940Z test_current_breakout_cannot_change_its_prior_level_baseline_or_atr (test_breakout_level_retest_v13.FeatureTests.test_current_breakout_cannot_change_its_prior_level_baseline_or_atr) ... ok
2026-10-04T03:47:57.8743161Z test_fixed_grid_and_holds (test_breakout_level_retest_v13.FeatureTests.test_fixed_grid_and_holds) ... ok
2026-10-04T03:47:57.8869987Z test_future_perturbation_preserves_prefix_features_and_signal (test_breakout_level_retest_v13.FeatureTests.test_future_perturbation_preserves_prefix_features_and_signal) ... ok
2026-10-04T03:47:57.8892030Z test_independent_prior_channel_quote_and_atr_cutoffs (test_breakout_level_retest_v13.FeatureTests.test_independent_prior_channel_quote_and_atr_cutoffs) ... ok
2026-10-04T03:47:57.8929172Z test_actual_entry_minute_tp_loses_and_later_chronology_is_honored (test_breakout_level_retest_v13.FillExitTests.test_actual_entry_minute_tp_loses_and_later_chronology_is_honored) ... ok
2026-10-04T03:47:57.8933993Z test_actual_fill_structural_stop_priority_and_time_cutoffs (test_breakout_level_retest_v13.FillExitTests.test_actual_fill_structural_stop_priority_and_time_cutoffs) ... ok
2026-10-04T03:47:57.8941696Z test_adverse_fill_is_retained_favourable_catchup_and_wrong_side_are_excluded (test_breakout_level_retest_v13.FillExitTests.test_adverse_fill_is_retained_favourable_catchup_and_wrong_side_are_excluded) ... ok
2026-10-04T03:47:57.8945100Z test_cooldown_independent_of_exit (test_breakout_level_retest_v13.FillExitTests.test_cooldown_independent_of_exit) ... ok
2026-10-04T03:47:57.8949459Z test_entry_timestamp_gap_and_split_cutoff (test_breakout_level_retest_v13.FillExitTests.test_entry_timestamp_gap_and_split_cutoff) ... ok
2026-10-04T03:47:57.8955031Z test_floor_and_maximum_stop_risk_use_actual_fill (test_breakout_level_retest_v13.FillExitTests.test_floor_and_maximum_stop_risk_use_actual_fill) ... ok
2026-10-04T03:47:57.8962885Z test_missing_minute_and_mismatched_entry_never_fabricate_pnl (test_breakout_level_retest_v13.FillExitTests.test_missing_minute_and_mismatched_entry_never_fabricate_pnl) ... ok
2026-10-04T03:47:57.8973297Z test_tp_levels_and_independent_fee_funding_math (test_breakout_level_retest_v13.FillExitTests.test_tp_levels_and_independent_fee_funding_math) ... ok
2026-10-04T03:47:58.1872400Z test_all96_including_zero_and_frozen_selection (test_breakout_level_retest_v13.SelectionSourceTests.test_all96_including_zero_and_frozen_selection) ... V13_RETEST_SELECT {"status": "ACCOUNT_REPLAY_REQUIRED", "cells_examined": 96, "selected": [{"key": "RETEST_S+1_N96_WAIT8_ANY", "side": 1, "window": 96, "wait": 8, "participation": "ANY", "hold": 48, "exit_type": "TP2", "policy": "RETEST_S+1_N96_WAIT8_ANY__H48__TP2", "development_net40_R": 0.5, "development_worst_year_day_R": 0.5}], "policies": [{"key": "RETEST_S+1_N96_WAIT8_ANY", "side": 1, "window": 96, "wait": 8, "participation": "ANY", "hold": 48, "exit_type": "TP2", "policy": "RETEST_S+1_N96_WAIT8_ANY__H48__TP2", "development_net40_R": 0.5, "development_worst_year_day_R": 0.5}], "union_name": "BREAKOUT_LEVEL_RETEST_UNION", "source_context_sha256": "91835c8f0b86a06046841c757e76202fc5e0b602e5b17bc471966e49ab762c95", "source_symbols": 16, "economic_surviving_cells": 1, "rejection_counts": {"N_LT_300": 95, "SYMBOLS_LT_10": 95, "TOP_SYMBOL_GT_30PCT": 95, "NET40_MEAN_BP_NONPOSITIVE": 95, "NET40_R_MEAN_NONPOSITIVE": 95, "2021_N": 95, "2021_DATES": 95, "2021_net40_R_NONPOSITIVE": 95, "2021_net40_mean_bp_NONPOSITIVE": 95, "2021_day_R_NONPOSITIVE": 95, "2022_N": 95, "2022_DATES": 95, "2022_net40_R_NONPOSITIVE": 95, "2022_net40_mean_bp_NONPOSITIVE": 95, "2022_day_R_NONPOSITIVE": 95, "2023_N": 95, "2023_DATES": 95, "2023_net40_R_NONPOSITIVE": 95, "2023_net40_mean_bp_NONPOSITIVE": 95, "2023_day_R_NONPOSITIVE": 95}, "note": "Frozen breakout level and closed retest experiment. Overlapping diagnostics are not executable account growth."}
2026-10-04T03:47:58.1903124Z ok
2026-10-04T03:47:58.4425095Z test_empty_preserves_all96_zero_cells (test_breakout_level_retest_v13.SelectionSourceTests.test_empty_preserves_all96_zero_cells) ... V13_RETEST_SELECT {"status": "NO_DEVELOPMENT_POLICY_SURVIVOR", "cells_examined": 96, "selected": [], "policies": [], "union_name": "BREAKOUT_LEVEL_RETEST_UNION", "source_context_sha256": "91835c8f0b86a06046841c757e76202fc5e0b602e5b17bc471966e49ab762c95", "source_symbols": 16, "economic_surviving_cells": 0, "rejection_counts": {"N_LT_300": 96, "SYMBOLS_LT_10": 96, "TOP_SYMBOL_GT_30PCT": 96, "NET40_MEAN_BP_NONPOSITIVE": 96, "NET40_R_MEAN_NONPOSITIVE": 96, "2021_N": 96, "2021_DATES": 96, "2021_net40_R_NONPOSITIVE": 96, "2021_net40_mean_bp_NONPOSITIVE": 96, "2021_day_R_NONPOSITIVE": 96, "2022_N": 96, "2022_DATES": 96, "2022_net40_R_NONPOSITIVE": 96, "2022_net40_mean_bp_NONPOSITIVE": 96, "2022_day_R_NONPOSITIVE": 96, "2023_N": 96, "2023_DATES": 96, "2023_net40_R_NONPOSITIVE": 96, "2023_net40_mean_bp_NONPOSITIVE": 96, "2023_day_R_NONPOSITIVE": 96}, "note": "Frozen breakout level and closed retest experiment. Overlapping diagnostics are not executable account growth."}
2026-10-04T03:47:58.4454287Z ok
2026-10-04T03:47:58.6014460Z test_incomplete_duplicate_or_tampered_shards_fail_closed (test_breakout_level_retest_v13.SelectionSourceTests.test_incomplete_duplicate_or_tampered_shards_fail_closed) ... ok
2026-10-04T03:47:58.8722937Z test_negative_or_clustered_active_dates_fail (test_breakout_level_retest_v13.SelectionSourceTests.test_negative_or_clustered_active_dates_fail) ... V13_RETEST_SELECT {"status": "NO_DEVELOPMENT_POLICY_SURVIVOR", "cells_examined": 96, "selected": [], "policies": [], "union_name": "BREAKOUT_LEVEL_RETEST_UNION", "source_context_sha256": "91835c8f0b86a06046841c757e76202fc5e0b602e5b17bc471966e49ab762c95", "source_symbols": 16, "economic_surviving_cells": 0, "rejection_counts": {"TOP_SYMBOL_GT_30PCT": 96, "NET40_MEAN_BP_NONPOSITIVE": 96, "2021_net40_mean_bp_NONPOSITIVE": 96, "2022_net40_mean_bp_NONPOSITIVE": 96, "2023_net40_mean_bp_NONPOSITIVE": 96, "N_LT_300": 95, "SYMBOLS_LT_10": 95, "NET40_R_MEAN_NONPOSITIVE": 95, "2021_N": 95, "2021_DATES": 95, "2021_net40_R_NONPOSITIVE": 95, "2021_day_R_NONPOSITIVE": 95, "2022_N": 95, "2022_DATES": 95, "2022_net40_R_NONPOSITIVE": 95, "2022_day_R_NONPOSITIVE": 95, "2023_N": 95, "2023_DATES": 95, "2023_net40_R_NONPOSITIVE": 95, "2023_day_R_NONPOSITIVE": 95}, "note": "Frozen breakout level and closed retest experiment. Overlapping diagnostics are not executable account growth."}
2026-10-04T03:47:59.1429570Z V13_RETEST_SELECT {"status": "NO_DEVELOPMENT_POLICY_SURVIVOR", "cells_examined": 96, "selected": [], "policies": [], "union_name": "BREAKOUT_LEVEL_RETEST_UNION", "source_context_sha256": "91835c8f0b86a06046841c757e76202fc5e0b602e5b17bc471966e49ab762c95", "source_symbols": 16, "economic_surviving_cells": 0, "rejection_counts": {"NET40_R_MEAN_NONPOSITIVE": 96, "2021_net40_R_NONPOSITIVE": 96, "2021_day_R_NONPOSITIVE": 96, "2022_net40_R_NONPOSITIVE": 96, "2022_day_R_NONPOSITIVE": 96, "2023_net40_R_NONPOSITIVE": 96, "2023_day_R_NONPOSITIVE": 96, "N_LT_300": 95, "SYMBOLS_LT_10": 95, "TOP_SYMBOL_GT_30PCT": 95, "NET40_MEAN_BP_NONPOSITIVE": 95, "2021_N": 95, "2021_DATES": 95, "2021_net40_mean_bp_NONPOSITIVE": 95, "2022_N": 95, "2022_DATES": 95, "2022_net40_mean_bp_NONPOSITIVE": 95, "2023_N": 95, "2023_DATES": 95, "2023_net40_mean_bp_NONPOSITIVE": 95}, "note": "Frozen breakout level and closed retest experiment. Overlapping diagnostics are not executable account growth."}
2026-10-04T03:47:59.4137261Z V13_RETEST_SELECT {"status": "NO_DEVELOPMENT_POLICY_SURVIVOR", "cells_examined": 96, "selected": [], "policies": [], "union_name": "BREAKOUT_LEVEL_RETEST_UNION", "source_context_sha256": "91835c8f0b86a06046841c757e76202fc5e0b602e5b17bc471966e49ab762c95", "source_symbols": 16, "economic_surviving_cells": 0, "rejection_counts": {"2021_DATES": 96, "2022_DATES": 96, "2023_DATES": 96, "N_LT_300": 95, "SYMBOLS_LT_10": 95, "TOP_SYMBOL_GT_30PCT": 95, "NET40_MEAN_BP_NONPOSITIVE": 95, "NET40_R_MEAN_NONPOSITIVE": 95, "2021_N": 95, "2021_net40_R_NONPOSITIVE": 95, "2021_net40_mean_bp_NONPOSITIVE": 95, "2021_day_R_NONPOSITIVE": 95, "2022_N": 95, "2022_net40_R_NONPOSITIVE": 95, "2022_net40_mean_bp_NONPOSITIVE": 95, "2022_day_R_NONPOSITIVE": 95, "2023_N": 95, "2023_net40_R_NONPOSITIVE": 95, "2023_net40_mean_bp_NONPOSITIVE": 95, "2023_day_R_NONPOSITIVE": 95}, "note": "Frozen breakout level and closed retest experiment. Overlapping diagnostics are not executable account growth."}
2026-10-04T03:47:59.4162512Z ok
2026-10-04T03:47:59.4169978Z test_real_frozen_catalogue_has856_and256_hashes (test_breakout_level_retest_v13.SelectionSourceTests.test_real_frozen_catalogue_has856_and256_hashes) ... ok
2026-10-04T03:47:59.4187095Z test_source_verifier_rejects_market_btc_and_catalogue_changes (test_breakout_level_retest_v13.SelectionSourceTests.test_source_verifier_rejects_market_btc_and_catalogue_changes) ... ok
2026-10-04T03:48:00.1966360Z test_synthetic_eight_file_shard_pipeline (test_breakout_level_retest_v13.SelectionSourceTests.test_synthetic_eight_file_shard_pipeline) ... V13_RETEST_SCAN DEV 1 / 1 parameterized_outcomes 0
2026-10-04T03:48:00.1995674Z V13_RETEST_SCAN_DONE DEV 0 chronology_exclusions 0
2026-10-04T03:48:00.2307930Z V13_RETEST_SCAN DEV 1 / 1 parameterized_outcomes 0
2026-10-04T03:48:00.2339933Z V13_RETEST_SCAN_DONE DEV 0 chronology_exclusions 0
2026-10-04T03:48:00.2651288Z V13_RETEST_SCAN DEV 1 / 1 parameterized_outcomes 0
2026-10-04T03:48:00.2685355Z V13_RETEST_SCAN_DONE DEV 0 chronology_exclusions 0
2026-10-04T03:48:00.2999667Z V13_RETEST_SCAN DEV 1 / 1 parameterized_outcomes 0
2026-10-04T03:48:00.3030682Z V13_RETEST_SCAN_DONE DEV 0 chronology_exclusions 0
2026-10-04T03:48:00.3338016Z V13_RETEST_SCAN DEV 1 / 1 parameterized_outcomes 0
2026-10-04T03:48:00.3370469Z V13_RETEST_SCAN_DONE DEV 0 chronology_exclusions 0
2026-10-04T03:48:00.3689949Z V13_RETEST_SCAN DEV 1 / 1 parameterized_outcomes 0
2026-10-04T03:48:00.3720475Z V13_RETEST_SCAN_DONE DEV 0 chronology_exclusions 0
2026-10-04T03:48:00.4038858Z V13_RETEST_SCAN DEV 1 / 1 parameterized_outcomes 0
2026-10-04T03:48:00.4070846Z V13_RETEST_SCAN_DONE DEV 0 chronology_exclusions 0
2026-10-04T03:48:00.4385015Z V13_RETEST_SCAN DEV 1 / 1 parameterized_outcomes 0
2026-10-04T03:48:00.4417655Z V13_RETEST_SCAN_DONE DEV 0 chronology_exclusions 0
2026-10-04T03:48:00.6810060Z V13_RETEST_SELECT {"status": "NO_DEVELOPMENT_POLICY_SURVIVOR", "cells_examined": 96, "selected": [], "policies": [], "union_name": "BREAKOUT_LEVEL_RETEST_UNION", "source_context_sha256": "8886b5faede4755ee83eb137928f5027b8de50d07889fa339490eac737482b5b", "source_symbols": 8, "economic_surviving_cells": 0, "rejection_counts": {"N_LT_300": 96, "SYMBOLS_LT_10": 96, "TOP_SYMBOL_GT_30PCT": 96, "NET40_MEAN_BP_NONPOSITIVE": 96, "NET40_R_MEAN_NONPOSITIVE": 96, "2021_N": 96, "2021_DATES": 96, "2021_net40_R_NONPOSITIVE": 96, "2021_net40_mean_bp_NONPOSITIVE": 96, "2021_day_R_NONPOSITIVE": 96, "2022_N": 96, "2022_DATES": 96, "2022_net40_R_NONPOSITIVE": 96, "2022_net40_mean_bp_NONPOSITIVE": 96, "2022_day_R_NONPOSITIVE": 96, "2023_N": 96, "2023_DATES": 96, "2023_net40_R_NONPOSITIVE": 96, "2023_net40_mean_bp_NONPOSITIVE": 96, "2023_day_R_NONPOSITIVE": 96}, "note": "Frozen breakout level and closed retest experiment. Overlapping diagnostics are not executable account growth."}
2026-10-04T03:48:00.6826284Z V13_SYNTHETIC_PIPELINE_PASS {"synthetic_only": true, "scans": 8, "all96_cells_preserved": true, "market_profitability_claim": false}
2026-10-04T03:48:00.6891203Z ok
2026-10-04T03:48:00.6901581Z test_breakout_guards_are_checked_before_state_creation (test_breakout_level_retest_v13.SnapshotTests.test_breakout_guards_are_checked_before_state_creation) ... ok
2026-10-04T03:48:00.6904761Z test_failed_close_cancels_before_retest (test_breakout_level_retest_v13.SnapshotTests.test_failed_close_cancels_before_retest) ... ok
2026-10-04T03:48:00.6908944Z test_first_retest_consumes_snapshot_and_invalid_fill_cannot_retry (test_breakout_level_retest_v13.SnapshotTests.test_first_retest_consumes_snapshot_and_invalid_fill_cannot_retry) ... ok
2026-10-04T03:48:00.6913169Z test_lowvolume_arithmetic_mean_excludes_breakout_and_uses_frozen_baseline (test_breakout_level_retest_v13.SnapshotTests.test_lowvolume_arithmetic_mean_excludes_breakout_and_uses_frozen_baseline) ... ok
2026-10-04T03:48:00.6917044Z test_maximum_wait_is_inclusive_and_expired_snapshot_cannot_signal (test_breakout_level_retest_v13.SnapshotTests.test_maximum_wait_is_inclusive_and_expired_snapshot_cannot_signal) ... ok
2026-10-04T03:48:00.6921850Z test_mirrored_sides_and_minimum_wait (test_breakout_level_retest_v13.SnapshotTests.test_mirrored_sides_and_minimum_wait) ... ok
2026-10-04T03:48:00.6933752Z test_retest_touch_recovery_body_clv_and_market_guards (test_breakout_level_retest_v13.SnapshotTests.test_retest_touch_recovery_body_clv_and_market_guards) ... ok
2026-10-04T03:48:00.6936642Z test_snapshot_ignores_new_breakout_and_keeps_original_level_atr_baseline (test_breakout_level_retest_v13.SnapshotTests.test_snapshot_ignores_new_breakout_and_keeps_original_level_atr_baseline) ... ok
2026-10-04T03:48:00.6938445Z test_source_gap_clears_snapshot (test_breakout_level_retest_v13.SnapshotTests.test_source_gap_clears_snapshot) ... ok
2026-10-04T03:48:00.6939924Z test_unknown_participation_fails_closed (test_breakout_level_retest_v13.SnapshotTests.test_unknown_participation_fails_closed) ... ok
2026-10-04T03:48:00.6946576Z test_canonical_gap_return_not_changed_by_retention (test_taker_absorption_release_v12.FailedOriginalTests.test_canonical_gap_return_not_changed_by_retention) ... ok
2026-10-04T03:48:00.6958330Z test_malformed_bytes_retained_without_inventing_validity (test_taker_absorption_release_v12.FailedOriginalTests.test_malformed_bytes_retained_without_inventing_validity) ... ok
2026-10-04T03:48:00.6976344Z test_tamper_failed_zip_and_checksum_rejected_with_bytes_saved (test_taker_absorption_release_v12.FailedOriginalTests.test_tamper_failed_zip_and_checksum_rejected_with_bytes_saved) ... ok
2026-10-04T03:48:00.6978414Z test_exact_btc_alignment_missing_prior_never_filled (test_taker_absorption_release_v12.FeatureTests.test_exact_btc_alignment_missing_prior_never_filled) ... ok
2026-10-04T03:48:00.7197759Z test_future_mutation_does_not_change_features_or_existing_intents (test_taker_absorption_release_v12.FeatureTests.test_future_mutation_does_not_change_features_or_existing_intents) ... ok
2026-10-04T03:48:00.7349746Z test_gap_restarts_setup_and_pre_setup_volume (test_taker_absorption_release_v12.FeatureTests.test_gap_restarts_setup_and_pre_setup_volume) ... ok
2026-10-04T03:48:00.7356355Z test_grid_sixteen_entries_ninety_six_policies (test_taker_absorption_release_v12.FeatureTests.test_grid_sixteen_entries_ninety_six_policies) ... ok
2026-10-04T03:48:00.7442564Z test_independent_setup_window_volume_weighting_and_cutoffs (test_taker_absorption_release_v12.FeatureTests.test_independent_setup_window_volume_weighting_and_cutoffs) ... ok
2026-10-04T03:48:00.7612836Z test_release_bar_cannot_change_its_setup_or_prior_atr (test_taker_absorption_release_v12.FeatureTests.test_release_bar_cannot_change_its_setup_or_prior_atr) ... ok
2026-10-04T03:48:01.0380642Z test_all96_including_zero_and_frozen_selection (test_taker_absorption_release_v12.SelectionSourceTests.test_all96_including_zero_and_frozen_selection) ... V12_ABSORPTION_SELECT {"status": "ACCOUNT_REPLAY_REQUIRED", "cells_examined": 96, "selected": [{"key": "ABSORB_S+1_W4_Q60_PRICE_ONLY", "side": 1, "window": 4, "share": 0.6, "flow": "PRICE_ONLY", "hold": 16, "exit_type": "TP2", "policy": "ABSORB_S+1_W4_Q60_PRICE_ONLY__H16__TP2", "development_net40_R": 0.5, "development_worst_year_day_R": 0.5}], "policies": [{"key": "ABSORB_S+1_W4_Q60_PRICE_ONLY", "side": 1, "window": 4, "share": 0.6, "flow": "PRICE_ONLY", "hold": 16, "exit_type": "TP2", "policy": "ABSORB_S+1_W4_Q60_PRICE_ONLY__H16__TP2", "development_net40_R": 0.5, "development_worst_year_day_R": 0.5}], "union_name": "TAKER_ABSORPTION_RELEASE_UNION", "source_context_sha256": "91835c8f0b86a06046841c757e76202fc5e0b602e5b17bc471966e49ab762c95", "source_symbols": 16, "economic_surviving_cells": 1, "rejection_counts": {"N_LT_300": 95, "SYMBOLS_LT_10": 95, "TOP_SYMBOL_GT_30PCT": 95, "NET40_MEAN_BP_NONPOSITIVE": 95, "NET40_R_MEAN_NONPOSITIVE": 95, "2021_N": 95, "2021_DATES": 95, "2021_net40_R_NONPOSITIVE": 95, "2021_net40_mean_bp_NONPOSITIVE": 95, "2021_day_R_NONPOSITIVE": 95, "2022_N": 95, "2022_DATES": 95, "2022_net40_R_NONPOSITIVE": 95, "2022_net40_mean_bp_NONPOSITIVE": 95, "2022_day_R_NONPOSITIVE": 95, "2023_N": 95, "2023_DATES": 95, "2023_net40_R_NONPOSITIVE": 95, "2023_net40_mean_bp_NONPOSITIVE": 95, "2023_day_R_NONPOSITIVE": 95}, "note": "Executed-flow versus price-response absorption-release experiment. Overlapping diagnostics are not executable account growth."}
2026-10-04T03:48:01.0412898Z ok
2026-10-04T03:48:01.3072917Z test_empty_preserves_all96_zero_cells (test_taker_absorption_release_v12.SelectionSourceTests.test_empty_preserves_all96_zero_cells) ... V12_ABSORPTION_SELECT {"status": "NO_DEVELOPMENT_POLICY_SURVIVOR", "cells_examined": 96, "selected": [], "policies": [], "union_name": "TAKER_ABSORPTION_RELEASE_UNION", "source_context_sha256": "91835c8f0b86a06046841c757e76202fc5e0b602e5b17bc471966e49ab762c95", "source_symbols": 16, "economic_surviving_cells": 0, "rejection_counts": {"N_LT_300": 96, "SYMBOLS_LT_10": 96, "TOP_SYMBOL_GT_30PCT": 96, "NET40_MEAN_BP_NONPOSITIVE": 96, "NET40_R_MEAN_NONPOSITIVE": 96, "2021_N": 96, "2021_DATES": 96, "2021_net40_R_NONPOSITIVE": 96, "2021_net40_mean_bp_NONPOSITIVE": 96, "2021_day_R_NONPOSITIVE": 96, "2022_N": 96, "2022_DATES": 96, "2022_net40_R_NONPOSITIVE": 96, "2022_net40_mean_bp_NONPOSITIVE": 96, "2022_day_R_NONPOSITIVE": 96, "2023_N": 96, "2023_DATES": 96, "2023_net40_R_NONPOSITIVE": 96, "2023_net40_mean_bp_NONPOSITIVE": 96, "2023_day_R_NONPOSITIVE": 96}, "note": "Executed-flow versus price-response absorption-release experiment. Overlapping diagnostics are not executable account growth."}
2026-10-04T03:48:01.3102242Z ok
2026-10-04T03:48:01.4721191Z test_incomplete_duplicate_or_tampered_shards_fail_closed (test_taker_absorption_release_v12.SelectionSourceTests.test_incomplete_duplicate_or_tampered_shards_fail_closed) ... ok
2026-10-04T03:48:01.7429341Z test_negative_or_clustered_active_dates_fail (test_taker_absorption_release_v12.SelectionSourceTests.test_negative_or_clustered_active_dates_fail) ... V12_ABSORPTION_SELECT {"status": "NO_DEVELOPMENT_POLICY_SURVIVOR", "cells_examined": 96, "selected": [], "policies": [], "union_name": "TAKER_ABSORPTION_RELEASE_UNION", "source_context_sha256": "91835c8f0b86a06046841c757e76202fc5e0b602e5b17bc471966e49ab762c95", "source_symbols": 16, "economic_surviving_cells": 0, "rejection_counts": {"TOP_SYMBOL_GT_30PCT": 96, "NET40_MEAN_BP_NONPOSITIVE": 96, "2021_net40_mean_bp_NONPOSITIVE": 96, "2022_net40_mean_bp_NONPOSITIVE": 96, "2023_net40_mean_bp_NONPOSITIVE": 96, "N_LT_300": 95, "SYMBOLS_LT_10": 95, "NET40_R_MEAN_NONPOSITIVE": 95, "2021_N": 95, "2021_DATES": 95, "2021_net40_R_NONPOSITIVE": 95, "2021_day_R_NONPOSITIVE": 95, "2022_N": 95, "2022_DATES": 95, "2022_net40_R_NONPOSITIVE": 95, "2022_day_R_NONPOSITIVE": 95, "2023_N": 95, "2023_DATES": 95, "2023_net40_R_NONPOSITIVE": 95, "2023_day_R_NONPOSITIVE": 95}, "note": "Executed-flow versus price-response absorption-release experiment. Overlapping diagnostics are not executable account growth."}
2026-10-04T03:48:02.0164656Z V12_ABSORPTION_SELECT {"status": "NO_DEVELOPMENT_POLICY_SURVIVOR", "cells_examined": 96, "selected": [], "policies": [], "union_name": "TAKER_ABSORPTION_RELEASE_UNION", "source_context_sha256": "91835c8f0b86a06046841c757e76202fc5e0b602e5b17bc471966e49ab762c95", "source_symbols": 16, "economic_surviving_cells": 0, "rejection_counts": {"NET40_R_MEAN_NONPOSITIVE": 96, "2021_net40_R_NONPOSITIVE": 96, "2021_day_R_NONPOSITIVE": 96, "2022_net40_R_NONPOSITIVE": 96, "2022_day_R_NONPOSITIVE": 96, "2023_net40_R_NONPOSITIVE": 96, "2023_day_R_NONPOSITIVE": 96, "N_LT_300": 95, "SYMBOLS_LT_10": 95, "TOP_SYMBOL_GT_30PCT": 95, "NET40_MEAN_BP_NONPOSITIVE": 95, "2021_N": 95, "2021_DATES": 95, "2021_net40_mean_bp_NONPOSITIVE": 95, "2022_N": 95, "2022_DATES": 95, "2022_net40_mean_bp_NONPOSITIVE": 95, "2023_N": 95, "2023_DATES": 95, "2023_net40_mean_bp_NONPOSITIVE": 95}, "note": "Executed-flow versus price-response absorption-release experiment. Overlapping diagnostics are not executable account growth."}
2026-10-04T03:48:02.2889460Z V12_ABSORPTION_SELECT {"status": "NO_DEVELOPMENT_POLICY_SURVIVOR", "cells_examined": 96, "selected": [], "policies": [], "union_name": "TAKER_ABSORPTION_RELEASE_UNION", "source_context_sha256": "91835c8f0b86a06046841c757e76202fc5e0b602e5b17bc471966e49ab762c95", "source_symbols": 16, "economic_surviving_cells": 0, "rejection_counts": {"2021_DATES": 96, "2022_DATES": 96, "2023_DATES": 96, "N_LT_300": 95, "SYMBOLS_LT_10": 95, "TOP_SYMBOL_GT_30PCT": 95, "NET40_MEAN_BP_NONPOSITIVE": 95, "NET40_R_MEAN_NONPOSITIVE": 95, "2021_N": 95, "2021_net40_R_NONPOSITIVE": 95, "2021_net40_mean_bp_NONPOSITIVE": 95, "2021_day_R_NONPOSITIVE": 95, "2022_N": 95, "2022_net40_R_NONPOSITIVE": 95, "2022_net40_mean_bp_NONPOSITIVE": 95, "2022_day_R_NONPOSITIVE": 95, "2023_N": 95, "2023_net40_R_NONPOSITIVE": 95, "2023_net40_mean_bp_NONPOSITIVE": 95, "2023_day_R_NONPOSITIVE": 95}, "note": "Executed-flow versus price-response absorption-release experiment. Overlapping diagnostics are not executable account growth."}
2026-10-04T03:48:02.2904548Z ok
2026-10-04T03:48:02.2911562Z test_real_frozen_catalogue_has856_and256_hashes (test_taker_absorption_release_v12.SelectionSourceTests.test_real_frozen_catalogue_has856_and256_hashes) ... ok
2026-10-04T03:48:02.2928374Z test_source_verifier_rejects_market_btc_and_catalogue_changes (test_taker_absorption_release_v12.SelectionSourceTests.test_source_verifier_rejects_market_btc_and_catalogue_changes) ... ok
2026-10-04T03:48:03.0765259Z test_synthetic_eight_file_shard_pipeline (test_taker_absorption_release_v12.SelectionSourceTests.test_synthetic_eight_file_shard_pipeline) ... V12_ABSORPTION_SCAN DEV 1 / 1 parameterized_outcomes 0
2026-10-04T03:48:03.0795677Z V12_ABSORPTION_SCAN_DONE DEV 0 chronology_exclusions 0
2026-10-04T03:48:03.1204696Z V12_ABSORPTION_SCAN DEV 1 / 1 parameterized_outcomes 0
2026-10-04T03:48:03.1237147Z V12_ABSORPTION_SCAN_DONE DEV 0 chronology_exclusions 0
2026-10-04T03:48:03.1643219Z V12_ABSORPTION_SCAN DEV 1 / 1 parameterized_outcomes 0
2026-10-04T03:48:03.1675754Z V12_ABSORPTION_SCAN_DONE DEV 0 chronology_exclusions 0
2026-10-04T03:48:03.2080321Z V12_ABSORPTION_SCAN DEV 1 / 1 parameterized_outcomes 0
2026-10-04T03:48:03.2111453Z V12_ABSORPTION_SCAN_DONE DEV 0 chronology_exclusions 0
2026-10-04T03:48:03.2517229Z V12_ABSORPTION_SCAN DEV 1 / 1 parameterized_outcomes 0
2026-10-04T03:48:03.2548409Z V12_ABSORPTION_SCAN_DONE DEV 0 chronology_exclusions 0
2026-10-04T03:48:03.2955907Z V12_ABSORPTION_SCAN DEV 1 / 1 parameterized_outcomes 0
2026-10-04T03:48:03.2987106Z V12_ABSORPTION_SCAN_DONE DEV 0 chronology_exclusions 0
2026-10-04T03:48:03.3394942Z V12_ABSORPTION_SCAN DEV 1 / 1 parameterized_outcomes 0
2026-10-04T03:48:03.3428282Z V12_ABSORPTION_SCAN_DONE DEV 0 chronology_exclusions 0
2026-10-04T03:48:03.3851415Z V12_ABSORPTION_SCAN DEV 1 / 1 parameterized_outcomes 0
2026-10-04T03:48:03.3882796Z V12_ABSORPTION_SCAN_DONE DEV 0 chronology_exclusions 0
2026-10-04T03:48:03.6298085Z V12_ABSORPTION_SELECT {"status": "NO_DEVELOPMENT_POLICY_SURVIVOR", "cells_examined": 96, "selected": [], "policies": [], "union_name": "TAKER_ABSORPTION_RELEASE_UNION", "source_context_sha256": "953d9414d241c9e365e33669970e53ba086017e9b7fd01d2ccf80d8fb94c1a7c", "source_symbols": 8, "economic_surviving_cells": 0, "rejection_counts": {"N_LT_300": 96, "SYMBOLS_LT_10": 96, "TOP_SYMBOL_GT_30PCT": 96, "NET40_MEAN_BP_NONPOSITIVE": 96, "NET40_R_MEAN_NONPOSITIVE": 96, "2021_N": 96, "2021_DATES": 96, "2021_net40_R_NONPOSITIVE": 96, "2021_net40_mean_bp_NONPOSITIVE": 96, "2021_day_R_NONPOSITIVE": 96, "2022_N": 96, "2022_DATES": 96, "2022_net40_R_NONPOSITIVE": 96, "2022_net40_mean_bp_NONPOSITIVE": 96, "2022_day_R_NONPOSITIVE": 96, "2023_N": 96, "2023_DATES": 96, "2023_net40_R_NONPOSITIVE": 96, "2023_net40_mean_bp_NONPOSITIVE": 96, "2023_day_R_NONPOSITIVE": 96}, "note": "Executed-flow versus price-response absorption-release experiment. Overlapping diagnostics are not executable account growth."}
2026-10-04T03:48:03.6314354Z V12_SYNTHETIC_PIPELINE_PASS {"synthetic_only": true, "scans": 8, "all96_cells_preserved": true, "market_profitability_claim": false}
2026-10-04T03:48:03.6387895Z ok
2026-10-04T03:48:03.6399511Z test_actual_minute_entry_mismatch_and_gap_are_excluded (test_taker_absorption_release_v12.SignalExitTests.test_actual_minute_entry_mismatch_and_gap_are_excluded) ... ok
2026-10-04T03:48:03.6427302Z test_actual_one_minute_entry_tp_and_established_collision_order (test_taker_absorption_release_v12.SignalExitTests.test_actual_one_minute_entry_tp_and_established_collision_order) ... ok
2026-10-04T03:48:03.6438906Z test_authoritative_exclusions_remain_excluded (test_taker_absorption_release_v12.SignalExitTests.test_authoritative_exclusions_remain_excluded) ... ok
2026-10-04T03:48:03.6450230Z test_both_sides_and_confirmation_modes_release_against_setup_flow (test_taker_absorption_release_v12.SignalExitTests.test_both_sides_and_confirmation_modes_release_against_setup_flow) ... ok
2026-10-04T03:48:03.6459027Z test_favorable_gap_wrong_side_wide_stop_and_path_exclusions (test_taker_absorption_release_v12.SignalExitTests.test_favorable_gap_wrong_side_wide_stop_and_path_exclusions) ... ok
2026-10-04T03:48:03.6463817Z test_next_open_structural_stop_actual_risk_and_priority (test_taker_absorption_release_v12.SignalExitTests.test_next_open_structural_stop_actual_risk_and_priority) ... ok
2026-10-04T03:48:03.6469658Z test_release_current_flow_is_separate_and_optional (test_taker_absorption_release_v12.SignalExitTests.test_release_current_flow_is_separate_and_optional) ... ok
2026-10-04T03:48:03.6488620Z test_setup_volume_flatness_persistence_and_release_are_required (test_taker_absorption_release_v12.SignalExitTests.test_setup_volume_flatness_persistence_and_release_are_required) ... ok
2026-10-04T03:48:03.6491996Z test_stop_floor_and_cooldown_independent_of_exit (test_taker_absorption_release_v12.SignalExitTests.test_stop_floor_and_cooldown_independent_of_exit) ... ok
2026-10-04T03:48:03.6503982Z test_tp_two_three_trail_shared_resolver_and_independent_net (test_taker_absorption_release_v12.SignalExitTests.test_tp_two_three_trail_shared_resolver_and_independent_net) ... ok
2026-10-04T03:48:03.6596965Z test_breakout_atr_and_prior_flow_exclude_current (test_aggressive_flow_cascade_v11.FeatureTests.test_breakout_atr_and_prior_flow_exclude_current) ... ok
2026-10-04T03:48:03.6675269Z test_coin_gap_restarts_every_prior_window (test_aggressive_flow_cascade_v11.FeatureTests.test_coin_gap_restarts_every_prior_window) ... ok
2026-10-04T03:48:03.6677477Z test_exact_btc_alignment_never_interpolates (test_aggressive_flow_cascade_v11.FeatureTests.test_exact_btc_alignment_never_interpolates) ... ok
2026-10-04T03:48:03.6789486Z test_future_mutation_cannot_change_earlier_features (test_aggressive_flow_cascade_v11.FeatureTests.test_future_mutation_cannot_change_earlier_features) ... ok
2026-10-04T03:48:03.6795766Z test_grid_is_sixteen_by_two_by_three (test_aggressive_flow_cascade_v11.FeatureTests.test_grid_is_sixteen_by_two_by_three) ... ok
2026-10-04T03:48:03.9443437Z test_all96_including_zero_and_frozen_selection (test_aggressive_flow_cascade_v11.SelectionSourceTests.test_all96_including_zero_and_frozen_selection) ... V11_CASCADE_SELECT {"status": "ACCOUNT_REPLAY_REQUIRED", "cells_examined": 96, "selected": [{"key": "CASCADE_S+1_T15_B16_CURRENT65", "side": 1, "threshold": 0.015, "lookback": 16, "flow": "CURRENT65", "hold": 8, "exit_type": "TP15", "policy": "CASCADE_S+1_T15_B16_CURRENT65__H8__TP15", "development_net40_R": 0.5, "development_worst_year_day_R": 0.5}], "policies": [{"key": "CASCADE_S+1_T15_B16_CURRENT65", "side": 1, "threshold": 0.015, "lookback": 16, "flow": "CURRENT65", "hold": 8, "exit_type": "TP15", "policy": "CASCADE_S+1_T15_B16_CURRENT65__H8__TP15", "development_net40_R": 0.5, "development_worst_year_day_R": 0.5}], "union_name": "AGGRESSIVE_FLOW_CASCADE_UNION", "source_context_sha256": "91835c8f0b86a06046841c757e76202fc5e0b602e5b17bc471966e49ab762c95", "source_symbols": 16, "economic_surviving_cells": 1, "rejection_counts": {"N_LT_300": 95, "SYMBOLS_LT_10": 95, "TOP_SYMBOL_GT_30PCT": 95, "NET40_MEAN_BP_NONPOSITIVE": 95, "NET40_R_MEAN_NONPOSITIVE": 95, "2021_N": 95, "2021_DATES": 95, "2021_net40_R_NONPOSITIVE": 95, "2021_net40_mean_bp_NONPOSITIVE": 95, "2021_day_R_NONPOSITIVE": 95, "2022_N": 95, "2022_DATES": 95, "2022_net40_R_NONPOSITIVE": 95, "2022_net40_mean_bp_NONPOSITIVE": 95, "2022_day_R_NONPOSITIVE": 95, "2023_N": 95, "2023_DATES": 95, "2023_net40_R_NONPOSITIVE": 95, "2023_net40_mean_bp_NONPOSITIVE": 95, "2023_day_R_NONPOSITIVE": 95}, "note": "Short-horizon aggressive-flow continuation experiment. Overlapping diagnostics are not executable account growth."}
2026-10-04T03:48:03.9476250Z ok
2026-10-04T03:48:04.2058341Z test_empty_preserves_all96_zero_cells (test_aggressive_flow_cascade_v11.SelectionSourceTests.test_empty_preserves_all96_zero_cells) ... V11_CASCADE_SELECT {"status": "NO_DEVELOPMENT_POLICY_SURVIVOR", "cells_examined": 96, "selected": [], "policies": [], "union_name": "AGGRESSIVE_FLOW_CASCADE_UNION", "source_context_sha256": "91835c8f0b86a06046841c757e76202fc5e0b602e5b17bc471966e49ab762c95", "source_symbols": 16, "economic_surviving_cells": 0, "rejection_counts": {"N_LT_300": 96, "SYMBOLS_LT_10": 96, "TOP_SYMBOL_GT_30PCT": 96, "NET40_MEAN_BP_NONPOSITIVE": 96, "NET40_R_MEAN_NONPOSITIVE": 96, "2021_N": 96, "2021_DATES": 96, "2021_net40_R_NONPOSITIVE": 96, "2021_net40_mean_bp_NONPOSITIVE": 96, "2021_day_R_NONPOSITIVE": 96, "2022_N": 96, "2022_DATES": 96, "2022_net40_R_NONPOSITIVE": 96, "2022_net40_mean_bp_NONPOSITIVE": 96, "2022_day_R_NONPOSITIVE": 96, "2023_N": 96, "2023_DATES": 96, "2023_net40_R_NONPOSITIVE": 96, "2023_net40_mean_bp_NONPOSITIVE": 96, "2023_day_R_NONPOSITIVE": 96}, "note": "Short-horizon aggressive-flow continuation experiment. Overlapping diagnostics are not executable account growth."}
2026-10-04T03:48:04.2092287Z ok
2026-10-04T03:48:04.3559812Z test_incomplete_duplicate_or_tampered_shards_fail_closed (test_aggressive_flow_cascade_v11.SelectionSourceTests.test_incomplete_duplicate_or_tampered_shards_fail_closed) ... ok
2026-10-04T03:48:04.6171070Z test_negative_or_clustered_active_dates_fail (test_aggressive_flow_cascade_v11.SelectionSourceTests.test_negative_or_clustered_active_dates_fail) ... V11_CASCADE_SELECT {"status": "NO_DEVELOPMENT_POLICY_SURVIVOR", "cells_examined": 96, "selected": [], "policies": [], "union_name": "AGGRESSIVE_FLOW_CASCADE_UNION", "source_context_sha256": "91835c8f0b86a06046841c757e76202fc5e0b602e5b17bc471966e49ab762c95", "source_symbols": 16, "economic_surviving_cells": 0, "rejection_counts": {"TOP_SYMBOL_GT_30PCT": 96, "NET40_MEAN_BP_NONPOSITIVE": 96, "2021_net40_mean_bp_NONPOSITIVE": 96, "2022_net40_mean_bp_NONPOSITIVE": 96, "2023_net40_mean_bp_NONPOSITIVE": 96, "N_LT_300": 95, "SYMBOLS_LT_10": 95, "NET40_R_MEAN_NONPOSITIVE": 95, "2021_N": 95, "2021_DATES": 95, "2021_net40_R_NONPOSITIVE": 95, "2021_day_R_NONPOSITIVE": 95, "2022_N": 95, "2022_DATES": 95, "2022_net40_R_NONPOSITIVE": 95, "2022_day_R_NONPOSITIVE": 95, "2023_N": 95, "2023_DATES": 95, "2023_net40_R_NONPOSITIVE": 95, "2023_day_R_NONPOSITIVE": 95}, "note": "Short-horizon aggressive-flow continuation experiment. Overlapping diagnostics are not executable account growth."}
2026-10-04T03:48:04.8826242Z V11_CASCADE_SELECT {"status": "NO_DEVELOPMENT_POLICY_SURVIVOR", "cells_examined": 96, "selected": [], "policies": [], "union_name": "AGGRESSIVE_FLOW_CASCADE_UNION", "source_context_sha256": "91835c8f0b86a06046841c757e76202fc5e0b602e5b17bc471966e49ab762c95", "source_symbols": 16, "economic_surviving_cells": 0, "rejection_counts": {"NET40_R_MEAN_NONPOSITIVE": 96, "2021_net40_R_NONPOSITIVE": 96, "2021_day_R_NONPOSITIVE": 96, "2022_net40_R_NONPOSITIVE": 96, "2022_day_R_NONPOSITIVE": 96, "2023_net40_R_NONPOSITIVE": 96, "2023_day_R_NONPOSITIVE": 96, "N_LT_300": 95, "SYMBOLS_LT_10": 95, "TOP_SYMBOL_GT_30PCT": 95, "NET40_MEAN_BP_NONPOSITIVE": 95, "2021_N": 95, "2021_DATES": 95, "2021_net40_mean_bp_NONPOSITIVE": 95, "2022_N": 95, "2022_DATES": 95, "2022_net40_mean_bp_NONPOSITIVE": 95, "2023_N": 95, "2023_DATES": 95, "2023_net40_mean_bp_NONPOSITIVE": 95}, "note": "Short-horizon aggressive-flow continuation experiment. Overlapping diagnostics are not executable account growth."}
2026-10-04T03:48:05.1442922Z V11_CASCADE_SELECT {"status": "NO_DEVELOPMENT_POLICY_SURVIVOR", "cells_examined": 96, "selected": [], "policies": [], "union_name": "AGGRESSIVE_FLOW_CASCADE_UNION", "source_context_sha256": "91835c8f0b86a06046841c757e76202fc5e0b602e5b17bc471966e49ab762c95", "source_symbols": 16, "economic_surviving_cells": 0, "rejection_counts": {"2021_DATES": 96, "2022_DATES": 96, "2023_DATES": 96, "N_LT_300": 95, "SYMBOLS_LT_10": 95, "TOP_SYMBOL_GT_30PCT": 95, "NET40_MEAN_BP_NONPOSITIVE": 95, "NET40_R_MEAN_NONPOSITIVE": 95, "2021_N": 95, "2021_net40_R_NONPOSITIVE": 95, "2021_net40_mean_bp_NONPOSITIVE": 95, "2021_day_R_NONPOSITIVE": 95, "2022_N": 95, "2022_net40_R_NONPOSITIVE": 95, "2022_net40_mean_bp_NONPOSITIVE": 95, "2022_day_R_NONPOSITIVE": 95, "2023_N": 95, "2023_net40_R_NONPOSITIVE": 95, "2023_net40_mean_bp_NONPOSITIVE": 95, "2023_day_R_NONPOSITIVE": 95}, "note": "Short-horizon aggressive-flow continuation experiment. Overlapping diagnostics are not executable account growth."}
2026-10-04T03:48:05.1458010Z ok
2026-10-04T03:48:05.1465956Z test_real_frozen_catalogue_has856_and256_hashes (test_aggressive_flow_cascade_v11.SelectionSourceTests.test_real_frozen_catalogue_has856_and256_hashes) ... ok
2026-10-04T03:48:05.1482733Z test_source_verifier_rejects_market_btc_and_catalogue_changes (test_aggressive_flow_cascade_v11.SelectionSourceTests.test_source_verifier_rejects_market_btc_and_catalogue_changes) ... ok
2026-10-04T03:48:05.9248706Z test_synthetic_eight_file_shard_pipeline (test_aggressive_flow_cascade_v11.SelectionSourceTests.test_synthetic_eight_file_shard_pipeline) ... V11_CASCADE_SCAN DEV 1 / 1 parameterized_outcomes 0
2026-10-04T03:48:05.9278340Z V11_CASCADE_SCAN_DONE DEV 0 chronology_exclusions 0
2026-10-04T03:48:05.9621614Z V11_CASCADE_SCAN DEV 1 / 1 parameterized_outcomes 0
2026-10-04T03:48:05.9653799Z V11_CASCADE_SCAN_DONE DEV 0 chronology_exclusions 0
2026-10-04T03:48:05.9988359Z V11_CASCADE_SCAN DEV 1 / 1 parameterized_outcomes 0
2026-10-04T03:48:06.0018999Z V11_CASCADE_SCAN_DONE DEV 0 chronology_exclusions 0
2026-10-04T03:48:06.0361987Z V11_CASCADE_SCAN DEV 1 / 1 parameterized_outcomes 0
2026-10-04T03:48:06.0392918Z V11_CASCADE_SCAN_DONE DEV 0 chronology_exclusions 0
2026-10-04T03:48:06.0732331Z V11_CASCADE_SCAN DEV 1 / 1 parameterized_outcomes 0
2026-10-04T03:48:06.0763313Z V11_CASCADE_SCAN_DONE DEV 0 chronology_exclusions 0
2026-10-04T03:48:06.1097085Z V11_CASCADE_SCAN DEV 1 / 1 parameterized_outcomes 0
2026-10-04T03:48:06.1127965Z V11_CASCADE_SCAN_DONE DEV 0 chronology_exclusions 0
2026-10-04T03:48:06.1464479Z V11_CASCADE_SCAN DEV 1 / 1 parameterized_outcomes 0
2026-10-04T03:48:06.1496024Z V11_CASCADE_SCAN_DONE DEV 0 chronology_exclusions 0
2026-10-04T03:48:06.1840975Z V11_CASCADE_SCAN DEV 1 / 1 parameterized_outcomes 0
2026-10-04T03:48:06.1871775Z V11_CASCADE_SCAN_DONE DEV 0 chronology_exclusions 0
2026-10-04T03:48:06.4212563Z V11_CASCADE_SELECT {"status": "NO_DEVELOPMENT_POLICY_SURVIVOR", "cells_examined": 96, "selected": [], "policies": [], "union_name": "AGGRESSIVE_FLOW_CASCADE_UNION", "source_context_sha256": "ae71ad113231fe81e51a3e43588a537afa87538c56094829601f7c274151371d", "source_symbols": 8, "economic_surviving_cells": 0, "rejection_counts": {"N_LT_300": 96, "SYMBOLS_LT_10": 96, "TOP_SYMBOL_GT_30PCT": 96, "NET40_MEAN_BP_NONPOSITIVE": 96, "NET40_R_MEAN_NONPOSITIVE": 96, "2021_N": 96, "2021_DATES": 96, "2021_net40_R_NONPOSITIVE": 96, "2021_net40_mean_bp_NONPOSITIVE": 96, "2021_day_R_NONPOSITIVE": 96, "2022_N": 96, "2022_DATES": 96, "2022_net40_R_NONPOSITIVE": 96, "2022_net40_mean_bp_NONPOSITIVE": 96, "2022_day_R_NONPOSITIVE": 96, "2023_N": 96, "2023_DATES": 96, "2023_net40_R_NONPOSITIVE": 96, "2023_net40_mean_bp_NONPOSITIVE": 96, "2023_day_R_NONPOSITIVE": 96}, "note": "Short-horizon aggressive-flow continuation experiment. Overlapping diagnostics are not executable account growth."}
2026-10-04T03:48:06.4233726Z V11_SYNTHETIC_PIPELINE_PASS {"synthetic_only": true, "scans": 8, "all96_cells_preserved": true, "market_profitability_claim": false}
2026-10-04T03:48:06.4313300Z ok
2026-10-04T03:48:06.4320438Z test_authoritative_exclusion_is_not_invented_loss (test_aggressive_flow_cascade_v11.SignalExitTests.test_authoritative_exclusion_is_not_invented_loss) ... ok
2026-10-04T03:48:06.4323522Z test_intent_cooldown_is_not_exit_conditioned (test_aggressive_flow_cascade_v11.SignalExitTests.test_intent_cooldown_is_not_exit_conditioned) ... ok
2026-10-04T03:48:06.4331264Z test_mirrored_current_and_persistent_flow_signals (test_aggressive_flow_cascade_v11.SignalExitTests.test_mirrored_current_and_persistent_flow_signals) ... ok
2026-10-04T03:48:06.4336523Z test_next_open_gap_actual_fill_stop_and_future_ohlc (test_aggressive_flow_cascade_v11.SignalExitTests.test_next_open_gap_actual_fill_stop_and_future_ohlc) ... ok
2026-10-04T03:48:06.4342219Z test_persistent_flow_uses_three_prior_bars_and_current_separately (test_aggressive_flow_cascade_v11.SignalExitTests.test_persistent_flow_uses_three_prior_bars_and_current_separately) ... ok
2026-10-04T03:48:06.4353485Z test_shock_relative_btc_volume_breakout_and_clv_are_hard (test_aggressive_flow_cascade_v11.SignalExitTests.test_shock_relative_btc_volume_breakout_and_clv_are_hard) ... ok
2026-10-04T03:48:06.4361374Z test_stop_floor_wide_invalid_and_path_gap_counted (test_aggressive_flow_cascade_v11.SignalExitTests.test_stop_floor_wide_invalid_and_path_gap_counted) ... ok
2026-10-04T03:48:06.4372136Z test_tp15_tp25_and_trail_use_shared_resolver (test_aggressive_flow_cascade_v11.SignalExitTests.test_tp15_tp25_and_trail_use_shared_resolver) ... ok
2026-10-04T03:48:06.4380711Z test_actual_fill_gap_ignores_future_entry_bar_ohlc (test_residual_reversion_v10.EntryExitTests.test_actual_fill_gap_ignores_future_entry_bar_ohlc) ... ok
2026-10-04T03:48:06.4384327Z test_actual_fill_risk_fit_cutoff_and_equilibrium_are_frozen (test_residual_reversion_v10.EntryExitTests.test_actual_fill_risk_fit_cutoff_and_equilibrium_are_frozen) ... ok
2026-10-04T03:48:06.4389538Z test_authoritative_exclusion_is_not_a_guessed_loss (test_residual_reversion_v10.EntryExitTests.test_authoritative_exclusion_is_not_a_guessed_loss) ... ok
2026-10-04T03:48:06.4395163Z test_common_shock_or_missing_btc_is_rejected (test_residual_reversion_v10.EntryExitTests.test_common_shock_or_missing_btc_is_rejected) ... ok
2026-10-04T03:48:06.4398897Z test_cooldown_depends_on_intents_not_future_exits (test_residual_reversion_v10.EntryExitTests.test_cooldown_depends_on_intents_not_future_exits) ... ok
2026-10-04T03:48:06.4404115Z test_flow_filter_and_price_only (test_residual_reversion_v10.EntryExitTests.test_flow_filter_and_price_only) ... ok
2026-10-04T03:48:06.4409694Z test_full_grid_is_sixteen_by_two_by_three (test_residual_reversion_v10.EntryExitTests.test_full_grid_is_sixteen_by_two_by_three) ... ok
2026-10-04T03:48:06.4423280Z test_mean_and_tp2_use_explicit_shared_fixed_target_path (test_residual_reversion_v10.EntryExitTests.test_mean_and_tp2_use_explicit_shared_fixed_target_path) ... ok
2026-10-04T03:48:06.4431712Z test_mirrored_residual_inward_confirmations (test_residual_reversion_v10.EntryExitTests.test_mirrored_residual_inward_confirmations) ... ok
2026-10-04T03:48:06.4436981Z test_next_open_path_and_split_bounds (test_residual_reversion_v10.EntryExitTests.test_next_open_path_and_split_bounds) ... ok
2026-10-04T03:48:06.4458335Z test_quality_room_deviation_and_relaxation_are_hard_conditions (test_residual_reversion_v10.EntryExitTests.test_quality_room_deviation_and_relaxation_are_hard_conditions) ... ok
2026-10-04T03:48:06.4467145Z test_stop_floor_maximum_invalid_atr_and_target_passed_are_counted (test_residual_reversion_v10.EntryExitTests.test_stop_floor_maximum_invalid_atr_and_target_passed_are_counted) ... ok
2026-10-04T03:48:06.4714989Z test_beta_intercept_sigma_r2_rho_half_life_against_direct_window (test_residual_reversion_v10.PriorModelTests.test_beta_intercept_sigma_r2_rho_half_life_against_direct_window) ... ok
2026-10-04T03:48:06.5048087Z test_coin_gap_restarts_the_full_prior_window (test_residual_reversion_v10.PriorModelTests.test_coin_gap_restarts_the_full_prior_window) ... ok
2026-10-04T03:48:06.5404747Z test_current_coin_and_btc_do_not_enter_training_moments (test_residual_reversion_v10.PriorModelTests.test_current_coin_and_btc_do_not_enter_training_moments) ... ok
2026-10-04T03:48:06.5571416Z test_current_turnover_atr_and_observed_days_are_causal (test_residual_reversion_v10.PriorModelTests.test_current_turnover_atr_and_observed_days_are_causal) ... ok
2026-10-04T03:48:06.5574798Z test_exact_alignment_never_interpolates_missing_or_future_btc (test_residual_reversion_v10.PriorModelTests.test_exact_alignment_never_interpolates_missing_or_future_btc) ... ok
2026-10-04T03:48:06.5964488Z test_future_mutation_cannot_change_earlier_any_model_value (test_residual_reversion_v10.PriorModelTests.test_future_mutation_cannot_change_earlier_any_model_value) ... ok
2026-10-04T03:48:06.6197181Z test_inward_change_uses_same_frozen_model_for_both_closes (test_residual_reversion_v10.PriorModelTests.test_inward_change_uses_same_frozen_model_for_both_closes) ... ok
2026-10-04T03:48:06.6429171Z test_missing_btc_invalidates_every_contaminated_training_window (test_residual_reversion_v10.PriorModelTests.test_missing_btc_invalidates_every_contaminated_training_window) ... ok
2026-10-04T03:48:06.6893111Z test_zero_factor_and_residual_variance_fail_closed (test_residual_reversion_v10.PriorModelTests.test_zero_factor_and_residual_variance_fail_closed) ... ok
2026-10-04T03:48:07.4772479Z test_actual_synthetic_file_scan_and_selection_pipeline (test_residual_reversion_v10.SelectionSourceTests.test_actual_synthetic_file_scan_and_selection_pipeline) ... V10_RESIDUAL_SCAN DEV 1 / 1 parameterized_outcomes 0
2026-10-04T03:48:07.4801835Z V10_RESIDUAL_SCAN_DONE DEV 0 chronology_exclusions 0
2026-10-04T03:48:07.5199318Z V10_RESIDUAL_SCAN DEV 1 / 1 parameterized_outcomes 0
2026-10-04T03:48:07.5229402Z V10_RESIDUAL_SCAN_DONE DEV 0 chronology_exclusions 0
2026-10-04T03:48:07.5648922Z V10_RESIDUAL_SCAN DEV 1 / 1 parameterized_outcomes 0
2026-10-04T03:48:07.5679276Z V10_RESIDUAL_SCAN_DONE DEV 0 chronology_exclusions 0
2026-10-04T03:48:07.6091018Z V10_RESIDUAL_SCAN DEV 1 / 1 parameterized_outcomes 0
2026-10-04T03:48:07.6121552Z V10_RESIDUAL_SCAN_DONE DEV 0 chronology_exclusions 0
2026-10-04T03:48:07.6529048Z V10_RESIDUAL_SCAN DEV 1 / 1 parameterized_outcomes 0
2026-10-04T03:48:07.6562368Z V10_RESIDUAL_SCAN_DONE DEV 0 chronology_exclusions 0
2026-10-04T03:48:07.6978200Z V10_RESIDUAL_SCAN DEV 1 / 1 parameterized_outcomes 0
2026-10-04T03:48:07.7009963Z V10_RESIDUAL_SCAN_DONE DEV 0 chronology_exclusions 0
2026-10-04T03:48:07.7418555Z V10_RESIDUAL_SCAN DEV 1 / 1 parameterized_outcomes 0
2026-10-04T03:48:07.7450156Z V10_RESIDUAL_SCAN_DONE DEV 0 chronology_exclusions 0
2026-10-04T03:48:07.7857192Z V10_RESIDUAL_SCAN DEV 1 / 1 parameterized_outcomes 0
2026-10-04T03:48:07.7890091Z V10_RESIDUAL_SCAN_DONE DEV 0 chronology_exclusions 0
2026-10-04T03:48:08.0248882Z V10_RESIDUAL_SELECT {"status": "NO_DEVELOPMENT_POLICY_SURVIVOR", "cells_examined": 96, "selected": [], "policies": [], "union_name": "RESIDUAL_REVERSION_UNION", "source_context_sha256": "c4469f90dd102b3c3c15a68d1ee3098a7dab149f8d38f59f446f739d20291324", "source_symbols": 8, "economic_surviving_cells": 0, "rejection_counts": {"N_LT_300": 96, "SYMBOLS_LT_10": 96, "TOP_SYMBOL_GT_30PCT": 96, "NET40_MEAN_BP_NONPOSITIVE": 96, "NET40_R_MEAN_NONPOSITIVE": 96, "2021_N": 96, "2021_DATES": 96, "2021_net40_R_NONPOSITIVE": 96, "2021_net40_mean_bp_NONPOSITIVE": 96, "2021_day_R_NONPOSITIVE": 96, "2022_N": 96, "2022_DATES": 96, "2022_net40_R_NONPOSITIVE": 96, "2022_net40_mean_bp_NONPOSITIVE": 96, "2022_day_R_NONPOSITIVE": 96, "2023_N": 96, "2023_DATES": 96, "2023_net40_R_NONPOSITIVE": 96, "2023_net40_mean_bp_NONPOSITIVE": 96, "2023_day_R_NONPOSITIVE": 96}, "note": "Prior-fitted single-coin residual experiment, no market neutrality. Overlapping diagnostics are not executable account growth."}
2026-10-04T03:48:08.0264731Z V10_SYNTHETIC_PIPELINE_PASS {"synthetic_only": true, "scans": 8, "all96_cells_preserved": true, "market_profitability_claim": false}
2026-10-04T03:48:08.0330098Z ok
2026-10-04T03:48:08.0331913Z test_annual_price_R_and_2021_partial_year_are_required (test_residual_reversion_v10.SelectionSourceTests.test_annual_price_R_and_2021_partial_year_are_required) ... ok
2026-10-04T03:48:08.2808645Z test_empty_stage_is_recorded_as_all96_zero_cells (test_residual_reversion_v10.SelectionSourceTests.test_empty_stage_is_recorded_as_all96_zero_cells) ... V10_RESIDUAL_SELECT {"status": "NO_DEVELOPMENT_POLICY_SURVIVOR", "cells_examined": 96, "selected": [], "policies": [], "union_name": "RESIDUAL_REVERSION_UNION", "source_context_sha256": "91835c8f0b86a06046841c757e76202fc5e0b602e5b17bc471966e49ab762c95", "source_symbols": 16, "economic_surviving_cells": 0, "rejection_counts": {"N_LT_300": 96, "SYMBOLS_LT_10": 96, "TOP_SYMBOL_GT_30PCT": 96, "NET40_MEAN_BP_NONPOSITIVE": 96, "NET40_R_MEAN_NONPOSITIVE": 96, "2021_N": 96, "2021_DATES": 96, "2021_net40_R_NONPOSITIVE": 96, "2021_net40_mean_bp_NONPOSITIVE": 96, "2021_day_R_NONPOSITIVE": 96, "2022_N": 96, "2022_DATES": 96, "2022_net40_R_NONPOSITIVE": 96, "2022_net40_mean_bp_NONPOSITIVE": 96, "2022_day_R_NONPOSITIVE": 96, "2023_N": 96, "2023_DATES": 96, "2023_net40_R_NONPOSITIVE": 96, "2023_net40_mean_bp_NONPOSITIVE": 96, "2023_day_R_NONPOSITIVE": 96}, "note": "Prior-fitted single-coin residual experiment, no market neutrality. Overlapping diagnostics are not executable account growth."}
2026-10-04T03:48:08.2842676Z ok
2026-10-04T03:48:08.5537072Z test_freeze_complete_selection_and_all96_including_zero_cells (test_residual_reversion_v10.SelectionSourceTests.test_freeze_complete_selection_and_all96_including_zero_cells) ... V10_RESIDUAL_SELECT {"status": "ACCOUNT_REPLAY_REQUIRED", "cells_examined": 96, "selected": [{"key": "RESIDUAL_S+1_W672_Z2_PRICE_ONLY", "side": 1, "fit": 672, "z": 2, "flow": "PRICE_ONLY", "hold": 24, "exit_type": "MEAN", "policy": "RESIDUAL_S+1_W672_Z2_PRICE_ONLY__H24__MEAN", "development_net40_R": 0.5, "development_worst_year_day_R": 0.5}], "policies": [{"key": "RESIDUAL_S+1_W672_Z2_PRICE_ONLY", "side": 1, "fit": 672, "z": 2, "flow": "PRICE_ONLY", "hold": 24, "exit_type": "MEAN", "policy": "RESIDUAL_S+1_W672_Z2_PRICE_ONLY__H24__MEAN", "development_net40_R": 0.5, "development_worst_year_day_R": 0.5}], "union_name": "RESIDUAL_REVERSION_UNION", "source_context_sha256": "91835c8f0b86a06046841c757e76202fc5e0b602e5b17bc471966e49ab762c95", "source_symbols": 16, "economic_surviving_cells": 1, "rejection_counts": {"N_LT_300": 95, "SYMBOLS_LT_10": 95, "TOP_SYMBOL_GT_30PCT": 95, "NET40_MEAN_BP_NONPOSITIVE": 95, "NET40_R_MEAN_NONPOSITIVE": 95, "2021_N": 95, "2021_DATES": 95, "2021_net40_R_NONPOSITIVE": 95, "2021_net40_mean_bp_NONPOSITIVE": 95, "2021_day_R_NONPOSITIVE": 95, "2022_N": 95, "2022_DATES": 95, "2022_net40_R_NONPOSITIVE": 95, "2022_net40_mean_bp_NONPOSITIVE": 95, "2022_day_R_NONPOSITIVE": 95, "2023_N": 95, "2023_DATES": 95, "2023_net40_R_NONPOSITIVE": 95, "2023_net40_mean_bp_NONPOSITIVE": 95, "2023_day_R_NONPOSITIVE": 95}, "note": "Prior-fitted single-coin residual experiment, no market neutrality. Overlapping diagnostics are not executable account growth."}
2026-10-04T03:48:08.5574747Z ok
2026-10-04T03:48:08.7297667Z test_incomplete_duplicate_or_tampered_shard_fails_closed (test_residual_reversion_v10.SelectionSourceTests.test_incomplete_duplicate_or_tampered_shard_fails_closed) ... ok
2026-10-04T03:48:08.9948184Z test_nonpositive_price_r_or_clustered_dates_fail_selection (test_residual_reversion_v10.SelectionSourceTests.test_nonpositive_price_r_or_clustered_dates_fail_selection) ... V10_RESIDUAL_SELECT {"status": "NO_DEVELOPMENT_POLICY_SURVIVOR", "cells_examined": 96, "selected": [], "policies": [], "union_name": "RESIDUAL_REVERSION_UNION", "source_context_sha256": "91835c8f0b86a06046841c757e76202fc5e0b602e5b17bc471966e49ab762c95", "source_symbols": 16, "economic_surviving_cells": 0, "rejection_counts": {"TOP_SYMBOL_GT_30PCT": 96, "NET40_MEAN_BP_NONPOSITIVE": 96, "2021_net40_mean_bp_NONPOSITIVE": 96, "2022_net40_mean_bp_NONPOSITIVE": 96, "2023_net40_mean_bp_NONPOSITIVE": 96, "N_LT_300": 95, "SYMBOLS_LT_10": 95, "NET40_R_MEAN_NONPOSITIVE": 95, "2021_N": 95, "2021_DATES": 95, "2021_net40_R_NONPOSITIVE": 95, "2021_day_R_NONPOSITIVE": 95, "2022_N": 95, "2022_DATES": 95, "2022_net40_R_NONPOSITIVE": 95, "2022_day_R_NONPOSITIVE": 95, "2023_N": 95, "2023_DATES": 95, "2023_net40_R_NONPOSITIVE": 95, "2023_day_R_NONPOSITIVE": 95}, "note": "Prior-fitted single-coin residual experiment, no market neutrality. Overlapping diagnostics are not executable account growth."}
2026-10-04T03:48:09.2786295Z V10_RESIDUAL_SELECT {"status": "NO_DEVELOPMENT_POLICY_SURVIVOR", "cells_examined": 96, "selected": [], "policies": [], "union_name": "RESIDUAL_REVERSION_UNION", "source_context_sha256": "91835c8f0b86a06046841c757e76202fc5e0b602e5b17bc471966e49ab762c95", "source_symbols": 16, "economic_surviving_cells": 0, "rejection_counts": {"NET40_R_MEAN_NONPOSITIVE": 96, "2021_net40_R_NONPOSITIVE": 96, "2021_day_R_NONPOSITIVE": 96, "2022_net40_R_NONPOSITIVE": 96, "2022_day_R_NONPOSITIVE": 96, "2023_net40_R_NONPOSITIVE": 96, "2023_day_R_NONPOSITIVE": 96, "N_LT_300": 95, "SYMBOLS_LT_10": 95, "TOP_SYMBOL_GT_30PCT": 95, "NET40_MEAN_BP_NONPOSITIVE": 95, "2021_N": 95, "2021_DATES": 95, "2021_net40_mean_bp_NONPOSITIVE": 95, "2022_N": 95, "2022_DATES": 95, "2022_net40_mean_bp_NONPOSITIVE": 95, "2023_N": 95, "2023_DATES": 95, "2023_net40_mean_bp_NONPOSITIVE": 95}, "note": "Prior-fitted single-coin residual experiment, no market neutrality. Overlapping diagnostics are not executable account growth."}
2026-10-04T03:48:09.5462458Z V10_RESIDUAL_SELECT {"status": "NO_DEVELOPMENT_POLICY_SURVIVOR", "cells_examined": 96, "selected": [], "policies": [], "union_name": "RESIDUAL_REVERSION_UNION", "source_context_sha256": "91835c8f0b86a06046841c757e76202fc5e0b602e5b17bc471966e49ab762c95", "source_symbols": 16, "economic_surviving_cells": 0, "rejection_counts": {"2021_DATES": 96, "2022_DATES": 96, "2023_DATES": 96, "N_LT_300": 95, "SYMBOLS_LT_10": 95, "TOP_SYMBOL_GT_30PCT": 95, "NET40_MEAN_BP_NONPOSITIVE": 95, "NET40_R_MEAN_NONPOSITIVE": 95, "2021_N": 95, "2021_net40_R_NONPOSITIVE": 95, "2021_net40_mean_bp_NONPOSITIVE": 95, "2021_day_R_NONPOSITIVE": 95, "2022_N": 95, "2022_net40_R_NONPOSITIVE": 95, "2022_net40_mean_bp_NONPOSITIVE": 95, "2022_day_R_NONPOSITIVE": 95, "2023_N": 95, "2023_net40_R_NONPOSITIVE": 95, "2023_net40_mean_bp_NONPOSITIVE": 95, "2023_day_R_NONPOSITIVE": 95}, "note": "Prior-fitted single-coin residual experiment, no market neutrality. Overlapping diagnostics are not executable account growth."}
2026-10-04T03:48:09.5481559Z ok
2026-10-04T03:48:09.5490055Z test_real_catalogue_contract_has856_hashes_and256_baseline_matches (test_residual_reversion_v10.SelectionSourceTests.test_real_catalogue_contract_has856_hashes_and256_baseline_matches) ... ok
2026-10-04T03:48:09.5507043Z test_source_verifier_rejects_hash_btc_and_catalogue_tampering (test_residual_reversion_v10.SelectionSourceTests.test_source_verifier_rejects_hash_btc_and_catalogue_tampering) ... ok
2026-10-04T03:48:09.5550162Z test_both_partial_edge_days_and_all_empty_days_count (test_btc_factor_lag_v6.AllCalendarTests.test_both_partial_edge_days_and_all_empty_days_count) ... ok
2026-10-04T03:48:09.5604466Z test_edge_day_profits_and_costs_are_retained_and_reconcile_final_equity (test_btc_factor_lag_v6.AllCalendarTests.test_edge_day_profits_and_costs_are_retained_and_reconcile_final_equity) ... ok
2026-10-04T03:48:09.5658451Z test_every_day_after_permanent_halt_remains_in_denominator (test_btc_factor_lag_v6.AllCalendarTests.test_every_day_after_permanent_halt_remains_in_denominator) ... ok
2026-10-04T03:48:09.5681742Z test_exact_kst_midnight_end_adds_no_zero_duration_date (test_btc_factor_lag_v6.AllCalendarTests.test_exact_kst_midnight_end_adds_no_zero_duration_date) ... ok
2026-10-04T03:48:09.5794599Z test_reporting_option_does_not_change_trades_cash_dd_risks_or_curve (test_btc_factor_lag_v6.AllCalendarTests.test_reporting_option_does_not_change_trades_cash_dd_risks_or_curve) ... ok
2026-10-04T03:48:09.5914615Z test_coin_gap_restarts_full_fit_history (test_btc_factor_lag_v6.FactorTimingTests.test_coin_gap_restarts_full_fit_history) ... ok
2026-10-04T03:48:09.6011653Z test_current_volatility_and_turnover_are_excluded_from_prior_baselines (test_btc_factor_lag_v6.FactorTimingTests.test_current_volatility_and_turnover_are_excluded_from_prior_baselines) ... ok
2026-10-04T03:48:09.6014037Z test_exact_timestamp_alignment_does_not_forward_fill_btc (test_btc_factor_lag_v6.FactorTimingTests.test_exact_timestamp_alignment_does_not_forward_fill_btc) ... ok
2026-10-04T03:48:09.6132828Z test_future_price_perturbation_does_not_change_features_or_fits (test_btc_factor_lag_v6.FactorTimingTests.test_future_price_perturbation_does_not_change_features_or_fits) ... ok
2026-10-04T03:48:09.6222818Z test_impulse_returns_do_not_enter_prior_fit (test_btc_factor_lag_v6.FactorTimingTests.test_impulse_returns_do_not_enter_prior_fit) ... ok
2026-10-04T03:48:09.6284017Z test_missing_btc_return_invalidates_all_contaminated_windows (test_btc_factor_lag_v6.FactorTimingTests.test_missing_btc_return_invalidates_all_contaminated_windows) ... ok
2026-10-04T03:48:09.6346983Z test_ols_beta_and_r2_match_demeaned_numpy_reference (test_btc_factor_lag_v6.FactorTimingTests.test_ols_beta_and_r2_match_demeaned_numpy_reference) ... ok
2026-10-04T03:48:09.6419342Z test_zero_factor_variance_never_becomes_a_signal (test_btc_factor_lag_v6.FactorTimingTests.test_zero_factor_variance_never_becomes_a_signal) ... ok
2026-10-04T03:48:09.6422631Z test_actual_fill_sets_stop_risk_and_signal_priority (test_btc_factor_lag_v6.LagSignalTests.test_actual_fill_sets_stop_risk_and_signal_priority) ... ok
2026-10-04T03:48:09.6428991Z test_canonical_exclusion_is_retained_not_assigned_a_fake_loss (test_btc_factor_lag_v6.LagSignalTests.test_canonical_exclusion_is_retained_not_assigned_a_fake_loss) ... ok
2026-10-04T03:48:09.6431918Z test_cooldown_is_intent_based_not_future_exit_based (test_btc_factor_lag_v6.LagSignalTests.test_cooldown_is_intent_based_not_future_exit_based) ... ok
2026-10-04T03:48:09.6438759Z test_entry_gap_uses_next_open_without_future_ohlc (test_btc_factor_lag_v6.LagSignalTests.test_entry_gap_uses_next_open_without_future_ohlc) ... ok
2026-10-04T03:48:09.6453546Z test_fit_quality_and_liquidity_are_hard_filters (test_btc_factor_lag_v6.LagSignalTests.test_fit_quality_and_liquidity_are_hard_filters) ... ok
2026-10-04T03:48:09.6459794Z test_flow_confirmation_rejects_opposite_taker_pressure (test_btc_factor_lag_v6.LagSignalTests.test_flow_confirmation_rejects_opposite_taker_pressure) ... ok
2026-10-04T03:48:09.6467678Z test_mirrored_lag_price_and_flow_confirmations (test_btc_factor_lag_v6.LagSignalTests.test_mirrored_lag_price_and_flow_confirmations) ... ok
2026-10-04T03:48:09.6472770Z test_next_open_path_gap_and_split_entry_are_excluded (test_btc_factor_lag_v6.LagSignalTests.test_next_open_path_gap_and_split_entry_are_excluded) ... ok
2026-10-04T03:48:09.6475696Z test_overreacted_coin_cannot_qualify_as_lagger (test_btc_factor_lag_v6.LagSignalTests.test_overreacted_coin_cannot_qualify_as_lagger) ... ok
2026-10-04T03:48:09.6479984Z test_policy_rows_uses_same_canonical_resolver_and_actual_tp_risk (test_btc_factor_lag_v6.LagSignalTests.test_policy_rows_uses_same_canonical_resolver_and_actual_tp_risk) ... ok
2026-10-04T03:48:09.6484854Z test_sixteen_entries_and_ninety_six_unique_policies (test_btc_factor_lag_v6.LagSignalTests.test_sixteen_entries_and_ninety_six_unique_policies) ... ok
2026-10-04T03:48:09.6488752Z test_stop_floor_and_maximum_are_applied_to_actual_fill (test_btc_factor_lag_v6.LagSignalTests.test_stop_floor_and_maximum_are_applied_to_actual_fill) ... ok
2026-10-04T03:48:09.6494914Z test_weak_wrong_or_missing_btc_impulse_is_rejected (test_btc_factor_lag_v6.LagSignalTests.test_weak_wrong_or_missing_btc_impulse_is_rejected) ... ok
2026-10-04T03:48:09.8963484Z test_clustered_entries_do_not_satisfy_yearly_date_frequency (test_btc_factor_lag_v6.SelectionTests.test_clustered_entries_do_not_satisfy_yearly_date_frequency) ... FACTOR_SELECT {"status": "NO_DEVELOPMENT_POLICY_SURVIVOR", "cells_examined": 96, "selected": [], "policies": [], "union_name": "FACTOR_UNION", "note": "Independent overlapping policies and active-entry-date means are diagnostics, not account profits."}
2026-10-04T03:48:09.8979204Z ok
2026-10-04T03:48:10.1329979Z test_empty_original_shards_preserve_all96_rejections (test_btc_factor_lag_v6.SelectionTests.test_empty_original_shards_preserve_all96_rejections) ... FACTOR_SELECT {"status": "NO_DEVELOPMENT_POLICY_SURVIVOR", "cells_examined": 96, "selected": [], "policies": [], "union_name": "FACTOR_UNION", "note": "Independent overlapping policies and active-entry-date means are diagnostics, not account profits."}
2026-10-04T03:48:10.1359105Z ok
2026-10-04T03:48:10.3817665Z test_positive_price_never_hides_negative_annual_r_mean (test_btc_factor_lag_v6.SelectionTests.test_positive_price_never_hides_negative_annual_r_mean) ... FACTOR_SELECT {"status": "NO_DEVELOPMENT_POLICY_SURVIVOR", "cells_examined": 96, "selected": [], "policies": [], "union_name": "FACTOR_UNION", "note": "Independent overlapping policies and active-entry-date means are diagnostics, not account profits."}
2026-10-04T03:48:10.3833315Z ok
2026-10-04T03:48:10.6304262Z test_positive_r_never_hides_negative_annual_price_mean (test_btc_factor_lag_v6.SelectionTests.test_positive_r_never_hides_negative_annual_price_mean) ... FACTOR_SELECT {"status": "NO_DEVELOPMENT_POLICY_SURVIVOR", "cells_examined": 96, "selected": [], "policies": [], "union_name": "FACTOR_UNION", "note": "Independent overlapping policies and active-entry-date means are diagnostics, not account profits."}
2026-10-04T03:48:10.6319472Z ok
2026-10-04T03:48:10.8830536Z test_selected_year_labels_follow_kst_not_utc_and_other_cells_remain (test_btc_factor_lag_v6.SelectionTests.test_selected_year_labels_follow_kst_not_utc_and_other_cells_remain) ... FACTOR_SELECT {"status": "ACCOUNT_REPLAY_REQUIRED", "cells_examined": 96, "selected": [{"key": "FACTOR_S+1_L4_G1_PRICE_ONLY", "side": 1, "horizon": 4, "gap": 0.01, "flow": "PRICE_ONLY", "hold": 24, "exit_type": "TP2", "policy": "FACTOR_S+1_L4_G1_PRICE_ONLY__H24__TP2", "development_net40_R": 0.5, "development_worst_year_day_R": 0.5}], "policies": [{"key": "FACTOR_S+1_L4_G1_PRICE_ONLY", "side": 1, "horizon": 4, "gap": 0.01, "flow": "PRICE_ONLY", "hold": 24, "exit_type": "TP2", "policy": "FACTOR_S+1_L4_G1_PRICE_ONLY__H24__TP2", "development_net40_R": 0.5, "development_worst_year_day_R": 0.5}], "union_name": "FACTOR_UNION", "note": "Independent overlapping policies and active-entry-date means are diagnostics, not account profits."}
2026-10-04T03:48:10.8867920Z ok
2026-10-04T03:48:11.1215204Z test_all_96_cells_including_zero_cells_are_preserved (test_compression_expansion_v4.ExpansionTests.test_all_96_cells_including_zero_cells_are_preserved) ... EXPANSION_SELECT {"status": "ACCOUNT_REPLAY_REQUIRED", "cells_examined": 96, "selected": [{"key": "EXPAND_S+1_W16_C50_ANY", "side": 1, "window": 16, "compression": 0.5, "btc": "ANY", "hold": 24, "exit_type": "TP2", "policy": "EXPAND_S+1_W16_C50_ANY__H24__TP2", "development_net40_R": 0.5, "development_worst_year_day_R": 0.5}], "policies": [{"key": "EXPAND_S+1_W16_C50_ANY", "side": 1, "window": 16, "compression": 0.5, "btc": "ANY", "hold": 24, "exit_type": "TP2", "policy": "EXPAND_S+1_W16_C50_ANY__H24__TP2", "development_net40_R": 0.5, "development_worst_year_day_R": 0.5}], "union_name": "EXPANSION_UNION", "note": "Independent overlapping policies and active-entry-date means are diagnostics, not account profits."}
2026-10-04T03:48:11.1248641Z ok
2026-10-04T03:48:11.1323902Z test_breakout_candle_cannot_change_its_prior_baselines (test_compression_expansion_v4.ExpansionTests.test_breakout_candle_cannot_change_its_prior_baselines) ... ok
2026-10-04T03:48:11.1362490Z test_btc_alignment_does_not_fill_missing_context_with_zero (test_compression_expansion_v4.ExpansionTests.test_btc_alignment_does_not_fill_missing_context_with_zero) ... ok
2026-10-04T03:48:11.1367379Z test_empty_source_fails_before_any_btc_or_minute_fetch (test_compression_expansion_v4.ExpansionTests.test_empty_source_fails_before_any_btc_or_minute_fetch) ... ok
2026-10-04T03:48:11.1408334Z test_fixed_cooldown_is_not_exit_conditioned (test_compression_expansion_v4.ExpansionTests.test_fixed_cooldown_is_not_exit_conditioned) ... ok
2026-10-04T03:48:11.1413093Z test_frozen_grid_has_96_unique_policies (test_compression_expansion_v4.ExpansionTests.test_frozen_grid_has_96_unique_policies) ... ok
2026-10-04T03:48:11.1524479Z test_future_changes_cannot_modify_past_features (test_compression_expansion_v4.ExpansionTests.test_future_changes_cannot_modify_past_features) ... ok
2026-10-04T03:48:11.1592448Z test_gap_restarts_prior_rolling_baselines (test_compression_expansion_v4.ExpansionTests.test_gap_restarts_prior_rolling_baselines) ... ok
2026-10-04T03:48:11.1750619Z test_incomplete_part_cannot_enter_selection (test_compression_expansion_v4.ExpansionTests.test_incomplete_part_cannot_enter_selection) ... ok
2026-10-04T03:48:11.1789801Z test_invalid_fill_side_stop_is_excluded (test_compression_expansion_v4.ExpansionTests.test_invalid_fill_side_stop_is_excluded) ... ok
2026-10-04T03:48:11.1863425Z test_long_and_short_have_mirrored_qualification (test_compression_expansion_v4.ExpansionTests.test_long_and_short_have_mirrored_qualification) ... ok
2026-10-04T03:48:11.4199496Z test_many_clustered_trades_cannot_pass_daily_frequency_gate (test_compression_expansion_v4.ExpansionTests.test_many_clustered_trades_cannot_pass_daily_frequency_gate) ... EXPANSION_SELECT {"status": "NO_DEVELOPMENT_POLICY_SURVIVOR", "cells_examined": 96, "selected": [], "policies": [], "union_name": "EXPANSION_UNION", "note": "Independent overlapping policies and active-entry-date means are diagnostics, not account profits."}
2026-10-04T03:48:11.4216819Z ok
2026-10-04T03:48:11.4258887Z test_structural_stop_uses_prior_atr_and_actual_entry (test_compression_expansion_v4.ExpansionTests.test_structural_stop_uses_prior_atr_and_actual_entry) ... ok
2026-10-04T03:48:11.4296289Z test_violent_shock_does_not_qualify_as_moderate_expansion (test_compression_expansion_v4.ExpansionTests.test_violent_shock_does_not_qualify_as_moderate_expansion) ... ok
2026-10-04T03:48:11.4333937Z test_volume_without_prior_compression_does_not_qualify (test_compression_expansion_v4.ExpansionTests.test_volume_without_prior_compression_does_not_qualify) ... ok
2026-10-04T03:48:11.4407632Z test_wrong_flow_rejects_apparent_breakout (test_compression_expansion_v4.ExpansionTests.test_wrong_flow_rejects_apparent_breakout) ... ok
2026-10-04T03:48:11.4468753Z test_chronology_exclusions_require_review_even_if_growth_passes (test_cross_sectional_leader_v9.AccountGateTests.test_chronology_exclusions_require_review_even_if_growth_passes) ... ok
2026-10-04T03:48:11.4525898Z test_dev2024_partial_boundary_never_substitutes_gate2024 (test_cross_sectional_leader_v9.AccountGateTests.test_dev2024_partial_boundary_never_substitutes_gate2024) ... ok
2026-10-04T03:48:11.4903917Z test_each_account_threshold_halt_and_missing_values_fail (test_cross_sectional_leader_v9.AccountGateTests.test_each_account_threshold_halt_and_missing_values_fail) ... ok
2026-10-04T03:48:11.5005159Z test_partial2021_is_required_and_small_return_is_not_daily_goal (test_cross_sectional_leader_v9.AccountGateTests.test_partial2021_is_required_and_small_return_is_not_daily_goal) ... ok
2026-10-04T03:48:11.5082569Z test_actual_next_open_risk_floor_gap_and_wide_stop (test_cross_sectional_leader_v9.EconomicTests.test_actual_next_open_risk_floor_gap_and_wide_stop) ... ok
2026-10-04T03:48:11.5219624Z test_adverse_gap_retained_and_entry_path_gap_excluded (test_cross_sectional_leader_v9.EconomicTests.test_adverse_gap_retained_and_entry_path_gap_excluded) ... ok
2026-10-04T03:48:11.5354493Z test_any_never_zero_imputes_missing_btc_and_align_requires_sign (test_cross_sectional_leader_v9.EconomicTests.test_any_never_zero_imputes_missing_btc_and_align_requires_sign) ... ok
2026-10-04T03:48:11.5428335Z test_canonical_tp3_and_minute_exclusion_and_costs (test_cross_sectional_leader_v9.EconomicTests.test_canonical_tp3_and_minute_exclusion_and_costs) ... ok
2026-10-04T03:48:11.5499648Z test_ceiling_tail_count_is_predeclared (test_cross_sectional_leader_v9.EconomicTests.test_ceiling_tail_count_is_predeclared) ... ok
2026-10-04T03:48:11.5558221Z test_closed_baseline_does_not_include_current_or_future_bars (test_cross_sectional_leader_v9.EconomicTests.test_closed_baseline_does_not_include_current_or_future_bars) ... ok
2026-10-04T03:48:11.5628534Z test_future_ohlc_does_not_change_intents_or_priority (test_cross_sectional_leader_v9.EconomicTests.test_future_ohlc_does_not_change_intents_or_priority) ... ok
2026-10-04T03:48:11.5894770Z test_mirrored_tail_and_resumption (test_cross_sectional_leader_v9.EconomicTests.test_mirrored_tail_and_resumption) ... ok
2026-10-04T03:48:11.5964192Z test_onset_is_contiguous_and_cooldown_ignores_future_exits (test_cross_sectional_leader_v9.EconomicTests.test_onset_is_contiguous_and_cooldown_ignores_future_exits) ... ok
2026-10-04T03:48:11.6556794Z test_residual_volume_flow_return_eligibility_and_breakout_filters (test_cross_sectional_leader_v9.EconomicTests.test_residual_volume_flow_return_eligibility_and_breakout_filters) ... ok
2026-10-04T03:48:11.6624816Z test_second_day_requires_consecutive_previous_tail (test_cross_sectional_leader_v9.EconomicTests.test_second_day_requires_consecutive_previous_tail) ... ok
2026-10-04T03:48:11.6628415Z test_sixteen_entries_and_ninety_six_policies (test_cross_sectional_leader_v9.EconomicTests.test_sixteen_entries_and_ninety_six_policies) ... ok
2026-10-04T03:48:11.6699062Z test_sl_applies_adverse_slip_and_full_cost_inclusive_r (test_cross_sectional_leader_v9.EconomicTests.test_sl_applies_adverse_slip_and_full_cost_inclusive_r) ... ok
2026-10-04T03:48:11.6773624Z test_absent_symbol_previous_date_or_stale_rank_never_backfilled (test_cross_sectional_leader_v9.RankTests.test_absent_symbol_previous_date_or_stale_rank_never_backfilled) ... ok
2026-10-04T03:48:15.0057023Z test_actual_file_map_reduce_load_and_scan_synthetic_pipeline (test_cross_sectional_leader_v9.RankTests.test_actual_file_map_reduce_load_and_scan_synthetic_pipeline) ... V9_RANK_MAP DEV 4 / 4 rows 20
2026-10-04T03:48:15.0076395Z V9_RANK_MAP_DONE DEV 20 source_files 4
2026-10-04T03:48:15.0666897Z V9_RANK_MAP DEV 4 / 4 rows 20
2026-10-04T03:48:15.0688813Z V9_RANK_MAP_DONE DEV 20 source_files 4
2026-10-04T03:48:15.1273090Z V9_RANK_MAP DEV 4 / 4 rows 20
2026-10-04T03:48:15.1294136Z V9_RANK_MAP_DONE DEV 20 source_files 4
2026-10-04T03:48:15.1880536Z V9_RANK_MAP DEV 4 / 4 rows 20
2026-10-04T03:48:15.1901322Z V9_RANK_MAP_DONE DEV 20 source_files 4
2026-10-04T03:48:15.2523374Z V9_RANK_MAP DEV 4 / 4 rows 20
2026-10-04T03:48:15.2544098Z V9_RANK_MAP_DONE DEV 20 source_files 4
2026-10-04T03:48:15.3166712Z V9_RANK_MAP DEV 4 / 4 rows 20
2026-10-04T03:48:15.3188126Z V9_RANK_MAP_DONE DEV 20 source_files 4
2026-10-04T03:48:15.3815946Z V9_RANK_MAP DEV 4 / 4 rows 20
2026-10-04T03:48:15.3836102Z V9_RANK_MAP_DONE DEV 20 source_files 4
2026-10-04T03:48:15.4418419Z V9_RANK_MAP DEV 4 / 4 rows 20
2026-10-04T03:48:15.4439103Z V9_RANK_MAP_DONE DEV 20 source_files 4
2026-10-04T03:48:15.4815788Z V9_RANK_REDUCE_DONE DEV {"map_rows": 160, "rank_rows": 160, "ranked_dates": 5, "minimum_universe": 30, "rank_data_sha256": "cff23a9b4629ff05a471858c7e5e777c3eee518373e7fcf262efe202e066e246"} excluded_low_universe_dates 0
2026-10-04T03:48:15.5766827Z V9_LEADER_SCAN DEV 4 / 4 parameterized_outcomes 0
2026-10-04T03:48:15.5797885Z V9_LEADER_SCAN_DONE DEV 0 chronology_exclusions 0
2026-10-04T03:48:15.5821964Z V9_RANK_MAP_REDUCE_SMOKE_PASS {"status": "PASS", "synthetic_only": true, "map_rows": 160, "rank_rows": 160, "symbols": 32, "maps": 8, "scan_complete": true, "availability_checks": 3, "reverse_input_order": "PASS", "market_profitability_claim": false}
2026-10-04T03:48:15.5865283Z ok
2026-10-04T03:48:15.5921264Z test_coin_gap_breaks_exact24h_snapshot (test_cross_sectional_leader_v9.RankTests.test_coin_gap_breaks_exact24h_snapshot) ... ok
2026-10-04T03:48:15.6381375Z test_eight_shard_reducer_and_verified_loader_round_trip (test_cross_sectional_leader_v9.RankTests.test_eight_shard_reducer_and_verified_loader_round_trip) ... V9_RANK_REDUCE_DONE DEV {"map_rows": 64, "rank_rows": 64, "ranked_dates": 2, "minimum_universe": 30, "rank_data_sha256": "08e45578ae99612f7d0aeeb228a86ffa3f584ab6d539b333d8a34276e01959c9"} excluded_low_universe_dates 0
2026-10-04T03:48:15.6503869Z ok
2026-10-04T03:48:15.6575473Z test_exact_midnight_and_one_closed_next_day_bar (test_cross_sectional_leader_v9.RankTests.test_exact_midnight_and_one_closed_next_day_bar) ... ok
2026-10-04T03:48:15.6637948Z test_full24h_snapshots_are_causal_and_missing_btc_is_excluded (test_cross_sectional_leader_v9.RankTests.test_full24h_snapshots_are_causal_and_missing_btc_is_excluded) ... ok
2026-10-04T03:48:15.6766325Z test_global_rank_is_independent_of_shard_order_and_ties (test_cross_sectional_leader_v9.RankTests.test_global_rank_is_independent_of_shard_order_and_ties) ... ok
2026-10-04T03:48:15.6936155Z test_invalid_duplicate_nonfinite_path_or_low_turnover_fails (test_cross_sectional_leader_v9.RankTests.test_invalid_duplicate_nonfinite_path_or_low_turnover_fails) ... ok
2026-10-04T03:48:15.7054455Z test_minimum_universe_excluded_and_recorded (test_cross_sectional_leader_v9.RankTests.test_minimum_universe_excluded_and_recorded) ... ok
2026-10-04T03:48:15.8185932Z test_missing_shard_altered_hash_or_context_fails_reducer (test_cross_sectional_leader_v9.RankTests.test_missing_shard_altered_hash_or_context_fails_reducer) ... ok
2026-10-04T03:48:15.8188607Z test_observed_days_counts_source_dates_not_future_or_missing_dates (test_cross_sectional_leader_v9.RankTests.test_observed_days_counts_source_dates_not_future_or_missing_dates) ... ok
2026-10-04T03:48:15.8636653Z test_rank_hash_and_rank_geometry_corruption_fail_closed (test_cross_sectional_leader_v9.RankTests.test_rank_hash_and_rank_geometry_corruption_fail_closed) ... V9_RANK_REDUCE_DONE DEV {"map_rows": 64, "rank_rows": 64, "ranked_dates": 2, "minimum_universe": 30, "rank_data_sha256": "08e45578ae99612f7d0aeeb228a86ffa3f584ab6d539b333d8a34276e01959c9"} excluded_low_universe_dates 0
2026-10-04T03:48:15.8772821Z ok
2026-10-04T03:48:16.1544341Z test_all96_cells_selection_and_union_are_preserved (test_cross_sectional_leader_v9.SelectionTests.test_all96_cells_selection_and_union_are_preserved) ... V9_LEADER_SELECT {"status": "ACCOUNT_REPLAY_REQUIRED", "cells_examined": 96, "selected": [{"key": "LEADER_S+1_T5_D1_ANY", "side": 1, "tail": 5, "persistence": 1, "btc": "ANY", "hold": 24, "exit_type": "TP2", "policy": "LEADER_S+1_T5_D1_ANY__H24__TP2", "development_net40_R": 0.5, "development_worst_year_day_R": 0.5}], "policies": [{"key": "LEADER_S+1_T5_D1_ANY", "side": 1, "tail": 5, "persistence": 1, "btc": "ANY", "hold": 24, "exit_type": "TP2", "policy": "LEADER_S+1_T5_D1_ANY__H24__TP2", "development_net40_R": 0.5, "development_worst_year_day_R": 0.5}], "union_name": "CROSS_SECTIONAL_LEADER_UNION", "rank_manifest_sha256": "300a54f20d8143e3db53309df0f4e794904a32ab152168953851353dcd2ab5ae", "rank_data_sha256": "dddddddddddddddddddddddddddddddddddddddddddddddddddddddddddddddd", "source_symbols": 8, "economic_surviving_cells": 1, "rejection_counts": {"N_LT_300": 95, "SYMBOLS_LT_10": 95, "TOP_SYMBOL_GT_30PCT": 95, "NET40_MEAN_BP_NONPOSITIVE": 95, "NET40_R_MEAN_NONPOSITIVE": 95, "2021_N": 95, "2021_DATES": 95, "2021_net40_R_NONPOSITIVE": 95, "2021_net40_mean_bp_NONPOSITIVE": 95, "2021_day_R_NONPOSITIVE": 95, "2022_N": 95, "2022_DATES": 95, "2022_net40_R_NONPOSITIVE": 95, "2022_net40_mean_bp_NONPOSITIVE": 95, "2022_day_R_NONPOSITIVE": 95, "2023_N": 95, "2023_DATES": 95, "2023_net40_R_NONPOSITIVE": 95, "2023_net40_mean_bp_NONPOSITIVE": 95, "2023_day_R_NONPOSITIVE": 95}, "note": "Overlapping parameterized outcomes and active-date means are diagnostics, not executable account profits."}
2026-10-04T03:48:16.1582935Z ok
2026-10-04T03:48:16.4186836Z test_each_year_price_r_and_active_date_frequency_are_hard_gates (test_cross_sectional_leader_v9.SelectionTests.test_each_year_price_r_and_active_date_frequency_are_hard_gates) ... V9_LEADER_SELECT {"status": "NO_DEVELOPMENT_POLICY_SURVIVOR", "cells_examined": 96, "selected": [], "policies": [], "union_name": "CROSS_SECTIONAL_LEADER_UNION", "rank_manifest_sha256": "300a54f20d8143e3db53309df0f4e794904a32ab152168953851353dcd2ab5ae", "rank_data_sha256": "dddddddddddddddddddddddddddddddddddddddddddddddddddddddddddddddd", "source_symbols": 8, "economic_surviving_cells": 0, "rejection_counts": {"2021_net40_mean_bp_NONPOSITIVE": 96, "N_LT_300": 95, "SYMBOLS_LT_10": 95, "TOP_SYMBOL_GT_30PCT": 95, "NET40_MEAN_BP_NONPOSITIVE": 95, "NET40_R_MEAN_NONPOSITIVE": 95, "2021_N": 95, "2021_DATES": 95, "2021_net40_R_NONPOSITIVE": 95, "2021_day_R_NONPOSITIVE": 95, "2022_N": 95, "2022_DATES": 95, "2022_net40_R_NONPOSITIVE": 95, "2022_net40_mean_bp_NONPOSITIVE": 95, "2022_day_R_NONPOSITIVE": 95, "2023_N": 95, "2023_DATES": 95, "2023_net40_R_NONPOSITIVE": 95, "2023_net40_mean_bp_NONPOSITIVE": 95, "2023_day_R_NONPOSITIVE": 95}, "note": "Overlapping parameterized outcomes and active-date means are diagnostics, not executable account profits."}
2026-10-04T03:48:16.6810994Z V9_LEADER_SELECT {"status": "NO_DEVELOPMENT_POLICY_SURVIVOR", "cells_examined": 96, "selected": [], "policies": [], "union_name": "CROSS_SECTIONAL_LEADER_UNION", "rank_manifest_sha256": "300a54f20d8143e3db53309df0f4e794904a32ab152168953851353dcd2ab5ae", "rank_data_sha256": "dddddddddddddddddddddddddddddddddddddddddddddddddddddddddddddddd", "source_symbols": 8, "economic_surviving_cells": 0, "rejection_counts": {"2021_net40_R_NONPOSITIVE": 96, "2021_day_R_NONPOSITIVE": 96, "N_LT_300": 95, "SYMBOLS_LT_10": 95, "TOP_SYMBOL_GT_30PCT": 95, "NET40_MEAN_BP_NONPOSITIVE": 95, "NET40_R_MEAN_NONPOSITIVE": 95, "2021_N": 95, "2021_DATES": 95, "2021_net40_mean_bp_NONPOSITIVE": 95, "2022_N": 95, "2022_DATES": 95, "2022_net40_R_NONPOSITIVE": 95, "2022_net40_mean_bp_NONPOSITIVE": 95, "2022_day_R_NONPOSITIVE": 95, "2023_N": 95, "2023_DATES": 95, "2023_net40_R_NONPOSITIVE": 95, "2023_net40_mean_bp_NONPOSITIVE": 95, "2023_day_R_NONPOSITIVE": 95}, "note": "Overlapping parameterized outcomes and active-date means are diagnostics, not executable account profits."}
2026-10-04T03:48:16.9435124Z V9_LEADER_SELECT {"status": "NO_DEVELOPMENT_POLICY_SURVIVOR", "cells_examined": 96, "selected": [], "policies": [], "union_name": "CROSS_SECTIONAL_LEADER_UNION", "rank_manifest_sha256": "300a54f20d8143e3db53309df0f4e794904a32ab152168953851353dcd2ab5ae", "rank_data_sha256": "dddddddddddddddddddddddddddddddddddddddddddddddddddddddddddddddd", "source_symbols": 8, "economic_surviving_cells": 0, "rejection_counts": {"2022_net40_mean_bp_NONPOSITIVE": 96, "N_LT_300": 95, "SYMBOLS_LT_10": 95, "TOP_SYMBOL_GT_30PCT": 95, "NET40_MEAN_BP_NONPOSITIVE": 95, "NET40_R_MEAN_NONPOSITIVE": 95, "2021_N": 95, "2021_DATES": 95, "2021_net40_R_NONPOSITIVE": 95, "2021_net40_mean_bp_NONPOSITIVE": 95, "2021_day_R_NONPOSITIVE": 95, "2022_N": 95, "2022_DATES": 95, "2022_net40_R_NONPOSITIVE": 95, "2022_day_R_NONPOSITIVE": 95, "2023_N": 95, "2023_DATES": 95, "2023_net40_R_NONPOSITIVE": 95, "2023_net40_mean_bp_NONPOSITIVE": 95, "2023_day_R_NONPOSITIVE": 95}, "note": "Overlapping parameterized outcomes and active-date means are diagnostics, not executable account profits."}
2026-10-04T03:48:17.2058852Z V9_LEADER_SELECT {"status": "NO_DEVELOPMENT_POLICY_SURVIVOR", "cells_examined": 96, "selected": [], "policies": [], "union_name": "CROSS_SECTIONAL_LEADER_UNION", "rank_manifest_sha256": "300a54f20d8143e3db53309df0f4e794904a32ab152168953851353dcd2ab5ae", "rank_data_sha256": "dddddddddddddddddddddddddddddddddddddddddddddddddddddddddddddddd", "source_symbols": 8, "economic_surviving_cells": 0, "rejection_counts": {"2022_net40_R_NONPOSITIVE": 96, "2022_day_R_NONPOSITIVE": 96, "N_LT_300": 95, "SYMBOLS_LT_10": 95, "TOP_SYMBOL_GT_30PCT": 95, "NET40_MEAN_BP_NONPOSITIVE": 95, "NET40_R_MEAN_NONPOSITIVE": 95, "2021_N": 95, "2021_DATES": 95, "2021_net40_R_NONPOSITIVE": 95, "2021_net40_mean_bp_NONPOSITIVE": 95, "2021_day_R_NONPOSITIVE": 95, "2022_N": 95, "2022_DATES": 95, "2022_net40_mean_bp_NONPOSITIVE": 95, "2023_N": 95, "2023_DATES": 95, "2023_net40_R_NONPOSITIVE": 95, "2023_net40_mean_bp_NONPOSITIVE": 95, "2023_day_R_NONPOSITIVE": 95}, "note": "Overlapping parameterized outcomes and active-date means are diagnostics, not executable account profits."}
2026-10-04T03:48:17.4670620Z V9_LEADER_SELECT {"status": "NO_DEVELOPMENT_POLICY_SURVIVOR", "cells_examined": 96, "selected": [], "policies": [], "union_name": "CROSS_SECTIONAL_LEADER_UNION", "rank_manifest_sha256": "300a54f20d8143e3db53309df0f4e794904a32ab152168953851353dcd2ab5ae", "rank_data_sha256": "dddddddddddddddddddddddddddddddddddddddddddddddddddddddddddddddd", "source_symbols": 8, "economic_surviving_cells": 0, "rejection_counts": {"2023_net40_mean_bp_NONPOSITIVE": 96, "N_LT_300": 95, "SYMBOLS_LT_10": 95, "TOP_SYMBOL_GT_30PCT": 95, "NET40_MEAN_BP_NONPOSITIVE": 95, "NET40_R_MEAN_NONPOSITIVE": 95, "2021_N": 95, "2021_DATES": 95, "2021_net40_R_NONPOSITIVE": 95, "2021_net40_mean_bp_NONPOSITIVE": 95, "2021_day_R_NONPOSITIVE": 95, "2022_N": 95, "2022_DATES": 95, "2022_net40_R_NONPOSITIVE": 95, "2022_net40_mean_bp_NONPOSITIVE": 95, "2022_day_R_NONPOSITIVE": 95, "2023_N": 95, "2023_DATES": 95, "2023_net40_R_NONPOSITIVE": 95, "2023_day_R_NONPOSITIVE": 95}, "note": "Overlapping parameterized outcomes and active-date means are diagnostics, not executable account profits."}
2026-10-04T03:48:17.7281775Z V9_LEADER_SELECT {"status": "NO_DEVELOPMENT_POLICY_SURVIVOR", "cells_examined": 96, "selected": [], "policies": [], "union_name": "CROSS_SECTIONAL_LEADER_UNION", "rank_manifest_sha256": "300a54f20d8143e3db53309df0f4e794904a32ab152168953851353dcd2ab5ae", "rank_data_sha256": "dddddddddddddddddddddddddddddddddddddddddddddddddddddddddddddddd", "source_symbols": 8, "economic_surviving_cells": 0, "rejection_counts": {"2023_net40_R_NONPOSITIVE": 96, "2023_day_R_NONPOSITIVE": 96, "N_LT_300": 95, "SYMBOLS_LT_10": 95, "TOP_SYMBOL_GT_30PCT": 95, "NET40_MEAN_BP_NONPOSITIVE": 95, "NET40_R_MEAN_NONPOSITIVE": 95, "2021_N": 95, "2021_DATES": 95, "2021_net40_R_NONPOSITIVE": 95, "2021_net40_mean_bp_NONPOSITIVE": 95, "2021_day_R_NONPOSITIVE": 95, "2022_N": 95, "2022_DATES": 95, "2022_net40_R_NONPOSITIVE": 95, "2022_net40_mean_bp_NONPOSITIVE": 95, "2022_day_R_NONPOSITIVE": 95, "2023_N": 95, "2023_DATES": 95, "2023_net40_mean_bp_NONPOSITIVE": 95}, "note": "Overlapping parameterized outcomes and active-date means are diagnostics, not executable account profits."}
2026-10-04T03:48:17.9910494Z V9_LEADER_SELECT {"status": "NO_DEVELOPMENT_POLICY_SURVIVOR", "cells_examined": 96, "selected": [], "policies": [], "union_name": "CROSS_SECTIONAL_LEADER_UNION", "rank_manifest_sha256": "300a54f20d8143e3db53309df0f4e794904a32ab152168953851353dcd2ab5ae", "rank_data_sha256": "dddddddddddddddddddddddddddddddddddddddddddddddddddddddddddddddd", "source_symbols": 8, "economic_surviving_cells": 0, "rejection_counts": {"2021_DATES": 96, "2022_DATES": 96, "2023_DATES": 96, "N_LT_300": 95, "SYMBOLS_LT_10": 95, "TOP_SYMBOL_GT_30PCT": 95, "NET40_MEAN_BP_NONPOSITIVE": 95, "NET40_R_MEAN_NONPOSITIVE": 95, "2021_N": 95, "2021_net40_R_NONPOSITIVE": 95, "2021_net40_mean_bp_NONPOSITIVE": 95, "2021_day_R_NONPOSITIVE": 95, "2022_N": 95, "2022_net40_R_NONPOSITIVE": 95, "2022_net40_mean_bp_NONPOSITIVE": 95, "2022_day_R_NONPOSITIVE": 95, "2023_N": 95, "2023_net40_R_NONPOSITIVE": 95, "2023_net40_mean_bp_NONPOSITIVE": 95, "2023_day_R_NONPOSITIVE": 95}, "note": "Overlapping parameterized outcomes and active-date means are diagnostics, not executable account profits."}
2026-10-04T03:48:17.9927386Z ok
2026-10-04T03:48:18.2483057Z test_empty_cells_still_count96_and_do_not_select (test_cross_sectional_leader_v9.SelectionTests.test_empty_cells_still_count96_and_do_not_select) ... V9_LEADER_SELECT {"status": "NO_DEVELOPMENT_POLICY_SURVIVOR", "cells_examined": 96, "selected": [], "policies": [], "union_name": "CROSS_SECTIONAL_LEADER_UNION", "rank_manifest_sha256": "300a54f20d8143e3db53309df0f4e794904a32ab152168953851353dcd2ab5ae", "rank_data_sha256": "dddddddddddddddddddddddddddddddddddddddddddddddddddddddddddddddd", "source_symbols": 8, "economic_surviving_cells": 0, "rejection_counts": {"N_LT_300": 96, "SYMBOLS_LT_10": 96, "TOP_SYMBOL_GT_30PCT": 96, "NET40_MEAN_BP_NONPOSITIVE": 96, "NET40_R_MEAN_NONPOSITIVE": 96, "2021_N": 96, "2021_DATES": 96, "2021_net40_R_NONPOSITIVE": 96, "2021_net40_mean_bp_NONPOSITIVE": 96, "2021_day_R_NONPOSITIVE": 96, "2022_N": 96, "2022_DATES": 96, "2022_net40_R_NONPOSITIVE": 96, "2022_net40_mean_bp_NONPOSITIVE": 96, "2022_day_R_NONPOSITIVE": 96, "2023_N": 96, "2023_DATES": 96, "2023_net40_R_NONPOSITIVE": 96, "2023_net40_mean_bp_NONPOSITIVE": 96, "2023_day_R_NONPOSITIVE": 96}, "note": "Overlapping parameterized outcomes and active-date means are diagnostics, not executable account profits."}
2026-10-04T03:48:18.2514976Z ok
2026-10-04T03:48:18.3113679Z test_incomplete_duplicate_shard_or_modified_ledger_fails (test_cross_sectional_leader_v9.SelectionTests.test_incomplete_duplicate_shard_or_modified_ledger_fails) ... ok
2026-10-04T03:48:18.3117333Z test_actual_max_hold_used_in_stop_risk_budget (test_day_edge_canonical.CanonicalTests.test_actual_max_hold_used_in_stop_risk_budget) ... ok
2026-10-04T03:48:18.3119948Z test_authoritative_mismatch_is_not_a_fake_loss (test_day_edge_canonical.CanonicalTests.test_authoritative_mismatch_is_not_a_fake_loss) ... ok
2026-10-04T03:48:18.3121815Z test_beyond_one_week_is_rejected (test_day_edge_canonical.CanonicalTests.test_beyond_one_week_is_rejected) ... ok
2026-10-04T03:48:18.3151075Z test_curve_preserves_peak_before_new_entry_cost (test_day_edge_canonical.CanonicalTests.test_curve_preserves_peak_before_new_entry_cost) ... ok
2026-10-04T03:48:18.3153965Z test_entry_bar_calls_authority_even_single_tp (test_day_edge_canonical.CanonicalTests.test_entry_bar_calls_authority_even_single_tp) ... ok
2026-10-04T03:48:18.3156270Z test_gap_sl_fills_at_worse_open (test_day_edge_canonical.CanonicalTests.test_gap_sl_fills_at_worse_open) ... ok
2026-10-04T03:48:18.3160188Z test_incomplete_shards_fail_closed (test_day_edge_canonical.CanonicalTests.test_incomplete_shards_fail_closed) ... ok
2026-10-04T03:48:18.3161820Z test_missing_path_is_excluded (test_day_edge_canonical.CanonicalTests.test_missing_path_is_excluded) ... ok
2026-10-04T03:48:18.3164489Z test_parent_collision_uses_minute_authority (test_day_edge_canonical.CanonicalTests.test_parent_collision_uses_minute_authority) ... ok
2026-10-04T03:48:18.3166550Z test_short_has_linear_entry_denominator (test_day_edge_canonical.CanonicalTests.test_short_has_linear_entry_denominator) ... ok
2026-10-04T03:48:18.3168189Z test_timeout_cannot_cross_split (test_day_edge_canonical.CanonicalTests.test_timeout_cannot_cross_split) ... ok
2026-10-04T03:48:18.3169838Z test_timeout_is_exact_seed_deadline (test_day_edge_canonical.CanonicalTests.test_timeout_is_exact_seed_deadline) ... ok
2026-10-04T03:48:18.3171619Z test_trailing_stop_only_activates_after_bar_close (test_day_edge_canonical.CanonicalTests.test_trailing_stop_only_activates_after_bar_close) ... ok
2026-10-04T03:48:18.3204583Z test_union_tie_uses_entry_priority_not_future_outcome (test_day_edge_canonical.CanonicalTests.test_union_tie_uses_entry_priority_not_future_outcome) ... ok
2026-10-04T03:48:18.3225229Z test_btc_missing_timestamp_is_not_forward_filled (test_day_edge_lab.ScoutTests.test_btc_missing_timestamp_is_not_forward_filled) ... ok
2026-10-04T03:48:18.3227549Z test_configurations_are_predeclared_and_distinct (test_day_edge_lab.ScoutTests.test_configurations_are_predeclared_and_distinct) ... ok
2026-10-04T03:48:18.3270881Z test_eligibility_uses_age_and_past_turnover (test_day_edge_lab.ScoutTests.test_eligibility_uses_age_and_past_turnover) ... ok
2026-10-04T03:48:18.3316004Z test_features_are_invariant_to_future_changes (test_day_edge_lab.ScoutTests.test_features_are_invariant_to_future_changes) ... ok
2026-10-04T03:48:18.3348431Z test_features_restart_after_gaps (test_day_edge_lab.ScoutTests.test_features_restart_after_gaps) ... ok
2026-10-04T03:48:18.3357686Z test_missing_bar_excludes_fixed_time_event (test_day_edge_lab.ScoutTests.test_missing_bar_excludes_fixed_time_event) ... ok
2026-10-04T03:48:18.3580176Z test_missing_year_cannot_pass_selection (test_day_edge_lab.ScoutTests.test_missing_year_cannot_pass_selection) ... MERGE_DONE {"status": "NO_CELL_PASSED_FROZEN_GATE", "cells_examined": 144, "shard_count": 1, "eligible_cells": [], "selected": [], "observations": "Overlapping across coins; NO account return inference."}
2026-10-04T03:48:18.3582924Z ok
2026-10-04T03:48:18.3590995Z test_next_open_entry_and_fixed_open_exit (test_day_edge_lab.ScoutTests.test_next_open_entry_and_fixed_open_exit) ... ok
2026-10-04T03:48:18.3606954Z test_outcome_cannot_cross_split (test_day_edge_lab.ScoutTests.test_outcome_cannot_cross_split) ... ok
2026-10-04T03:48:18.3625989Z test_quote_volume_baseline_excludes_latest_hour (test_day_edge_lab.ScoutTests.test_quote_volume_baseline_excludes_latest_hour) ... ok
2026-10-04T03:48:18.3632184Z test_scheduled_nonoverlap_does_not_use_outcome (test_day_edge_lab.ScoutTests.test_scheduled_nonoverlap_does_not_use_outcome) ... ok
2026-10-04T03:48:18.3638592Z test_short_has_linear_entry_denominator (test_day_edge_lab.ScoutTests.test_short_has_linear_entry_denominator) ... ok
2026-10-04T03:48:18.3640463Z test_signal_onset_uses_only_previous_closed_state (test_day_edge_lab.ScoutTests.test_signal_onset_uses_only_previous_closed_state) ... ok
2026-10-04T03:48:18.3847171Z test_all_immutable_cache_components_fail_closed_without_redownload (test_funding_crowding_v7.ArchiveTests.test_all_immutable_cache_components_fail_closed_without_redownload) ... ok
2026-10-04T03:48:18.3970632Z test_invalid_timestamp_interval_and_rate_are_rejected (test_funding_crowding_v7.ArchiveTests.test_invalid_timestamp_interval_and_rate_are_rejected) ... ok
2026-10-04T03:48:18.3981477Z test_missing_archive_is_recorded_explicitly (test_funding_crowding_v7.ArchiveTests.test_missing_archive_is_recorded_explicitly) ... ok
2026-10-04T03:48:18.4023494Z test_missing_checksum_and_mismatch_preserve_raw_failure_not_zero (test_funding_crowding_v7.ArchiveTests.test_missing_checksum_and_mismatch_preserve_raw_failure_not_zero) ... ok
2026-10-04T03:48:18.4057080Z test_official_header_and_headerless_arrays_agree (test_funding_crowding_v7.ArchiveTests.test_official_header_and_headerless_arrays_agree) ... ok
2026-10-04T03:48:18.4112715Z test_original_bytes_checksum_and_verified_cache_are_preserved (test_funding_crowding_v7.ArchiveTests.test_original_bytes_checksum_and_verified_cache_are_preserved) ... ok
2026-10-04T03:48:18.4141086Z test_original_minute_archive_is_retained_and_frozen_hash_cannot_be_replaced (test_funding_crowding_v7.ArchiveTests.test_original_minute_archive_is_retained_and_frozen_hash_cannot_be_replaced) ... ok
2026-10-04T03:48:18.4156771Z test_transient_exhaustion_stops_and_keeps_downloaded_bytes (test_funding_crowding_v7.ArchiveTests.test_transient_exhaustion_stops_and_keeps_downloaded_bytes) ... ok
2026-10-04T03:48:18.4184377Z test_asof_matches_independent_record_by_record_oracle (test_funding_crowding_v7.AvailabilityTests.test_asof_matches_independent_record_by_record_oracle) ... ok
2026-10-04T03:48:18.4204647Z test_future_funding_perturbation_cannot_change_earlier_decisions (test_funding_crowding_v7.AvailabilityTests.test_future_funding_perturbation_cannot_change_earlier_decisions) ... ok
2026-10-04T03:48:18.4209975Z test_lagged_timestamp_and_variable_interval_normalization (test_funding_crowding_v7.AvailabilityTests.test_lagged_timestamp_and_variable_interval_normalization) ... ok
2026-10-04T03:48:18.4218977Z test_missing_month_cannot_carry_previous_rate_and_stale_interval_expires (test_funding_crowding_v7.AvailabilityTests.test_missing_month_cannot_carry_previous_rate_and_stale_interval_expires) ... ok
2026-10-04T03:48:18.4233870Z test_stage_end_is_physically_filtered_and_previous_month_loaded (test_funding_crowding_v7.AvailabilityTests.test_stage_end_is_physically_filtered_and_previous_month_loaded) ... ok
2026-10-04T03:48:18.4239174Z test_twentyfour_hour_interval_still_expires_after_twelve_hours (test_funding_crowding_v7.AvailabilityTests.test_twentyfour_hour_interval_still_expires_after_twelve_hours) ... ok
2026-10-04T03:48:18.4242974Z test_actual_next_open_stop_and_priority_use_available_inputs (test_funding_crowding_v7.EconomicTimingTests.test_actual_next_open_stop_and_priority_use_available_inputs) ... ok
2026-10-04T03:48:18.4249964Z test_actual_risk_tp_and_shared_canonical_exclusion (test_funding_crowding_v7.EconomicTimingTests.test_actual_risk_tp_and_shared_canonical_exclusion) ... ok
2026-10-04T03:48:18.4252751Z test_any_btc_can_be_missing_but_alignment_requires_exact_direction (test_funding_crowding_v7.EconomicTimingTests.test_any_btc_can_be_missing_but_alignment_requires_exact_direction) ... ok
2026-10-04T03:48:18.4258327Z test_entry_gap_stop_floor_and_overwide_stop_are_explicit (test_funding_crowding_v7.EconomicTimingTests.test_entry_gap_stop_floor_and_overwide_stop_are_explicit) ... ok
2026-10-04T03:48:18.4263177Z test_flow_and_reclaim_reject_their_opposite_confirmations (test_funding_crowding_v7.EconomicTimingTests.test_flow_and_reclaim_reject_their_opposite_confirmations) ... ok
2026-10-04T03:48:18.4265625Z test_intent_cooldown_uses_fixed_history_not_future_exit (test_funding_crowding_v7.EconomicTimingTests.test_intent_cooldown_uses_fixed_history_not_future_exit) ... ok
2026-10-04T03:48:18.4278514Z test_mirrored_long_negative_short_positive_with_each_confirmation (test_funding_crowding_v7.EconomicTimingTests.test_mirrored_long_negative_short_positive_with_each_confirmation) ... ok
2026-10-04T03:48:18.4280896Z test_missing_funding_is_rejected_even_if_price_and_flow_pass (test_funding_crowding_v7.EconomicTimingTests.test_missing_funding_is_rejected_even_if_price_and_flow_pass) ... ok
2026-10-04T03:48:18.4337889Z test_prior_atr_range_and_volume_exclude_current_and_future_bars (test_funding_crowding_v7.EconomicTimingTests.test_prior_atr_range_and_volume_exclude_current_and_future_bars) ... ok
2026-10-04T03:48:18.4341611Z test_sixteen_entries_and_ninety_six_unique_frozen_policies (test_funding_crowding_v7.EconomicTimingTests.test_sixteen_entries_and_ninety_six_unique_frozen_policies) ... ok
2026-10-04T03:48:18.4343859Z test_duplicate_universe_coverage_cannot_be_counted_twice (test_funding_crowding_v7.SelectionCoverageTests.test_duplicate_universe_coverage_cannot_be_counted_twice) ... ok
2026-10-04T03:48:18.6873151Z test_full96cells_and_kst_year_selection_after95percent_gate (test_funding_crowding_v7.SelectionCoverageTests.test_full96cells_and_kst_year_selection_after95percent_gate) ... FUNDING_SELECT {"status": "ACCOUNT_REPLAY_REQUIRED", "cells_examined": 96, "selected": [{"key": "FUNDING_S+1_F5_RECLAIM_ANY", "side": 1, "threshold": 0.0005, "confirmation": "RECLAIM", "btc": "ANY", "hold": 24, "exit_type": "TP2", "policy": "FUNDING_S+1_F5_RECLAIM_ANY__H24__TP2", "development_net40_R": 0.5, "development_worst_year_day_R": 0.5}], "policies": [{"key": "FUNDING_S+1_F5_RECLAIM_ANY", "side": 1, "threshold": 0.0005, "confirmation": "RECLAIM", "btc": "ANY", "hold": 24, "exit_type": "TP2", "policy": "FUNDING_S+1_F5_RECLAIM_ANY__H24__TP2", "development_net40_R": 0.5, "development_worst_year_day_R": 0.5}], "union_name": "FUNDING_UNION", "funding_coverage": {"passed": true, "minimum_fraction": 0.95, "years": {"2022": {"eligible": 800, "known": 760, "unavailable": 40, "fraction": 0.95}, "2023": {"eligible": 800, "known": 760, "unavailable": 40, "fraction": 0.95}}, "symbols": 8}, "note": "Independent overlapping policies and active-entry-date means are diagnostics, not account profits."}
2026-10-04T03:48:18.6908601Z ok
2026-10-04T03:48:18.9405106Z test_positive_results_cannot_hide_input_insufficiency (test_funding_crowding_v7.SelectionCoverageTests.test_positive_results_cannot_hide_input_insufficiency) ... FUNDING_SELECT {"status": "SOURCE_COVERAGE_INSUFFICIENT", "cells_examined": 96, "selected": [], "policies": [], "union_name": "FUNDING_UNION", "funding_coverage": {"passed": false, "minimum_fraction": 0.95, "years": {"2022": {"eligible": 800, "known": 752, "unavailable": 48, "fraction": 0.94}, "2023": {"eligible": 800, "known": 760, "unavailable": 40, "fraction": 0.95}}, "symbols": 8}, "note": "Independent overlapping policies and active-entry-date means are diagnostics, not account profits."}
2026-10-04T03:48:18.9422233Z ok
2026-10-04T03:48:19.1905053Z test_price_r_date_frequency_and_empty_cells_reject_independently (test_funding_crowding_v7.SelectionCoverageTests.test_price_r_date_frequency_and_empty_cells_reject_independently) ... FUNDING_SELECT {"status": "NO_DEVELOPMENT_POLICY_SURVIVOR", "cells_examined": 96, "selected": [], "policies": [], "union_name": "FUNDING_UNION", "funding_coverage": {"passed": true, "minimum_fraction": 0.95, "years": {"2022": {"eligible": 800, "known": 760, "unavailable": 40, "fraction": 0.95}, "2023": {"eligible": 800, "known": 760, "unavailable": 40, "fraction": 0.95}}, "symbols": 8}, "note": "Independent overlapping policies and active-entry-date means are diagnostics, not account profits."}
2026-10-04T03:48:19.4427987Z FUNDING_SELECT {"status": "NO_DEVELOPMENT_POLICY_SURVIVOR", "cells_examined": 96, "selected": [], "policies": [], "union_name": "FUNDING_UNION", "funding_coverage": {"passed": true, "minimum_fraction": 0.95, "years": {"2022": {"eligible": 800, "known": 760, "unavailable": 40, "fraction": 0.95}, "2023": {"eligible": 800, "known": 760, "unavailable": 40, "fraction": 0.95}}, "symbols": 8}, "note": "Independent overlapping policies and active-entry-date means are diagnostics, not account profits."}
2026-10-04T03:48:19.6952807Z FUNDING_SELECT {"status": "NO_DEVELOPMENT_POLICY_SURVIVOR", "cells_examined": 96, "selected": [], "policies": [], "union_name": "FUNDING_UNION", "funding_coverage": {"passed": true, "minimum_fraction": 0.95, "years": {"2022": {"eligible": 800, "known": 760, "unavailable": 40, "fraction": 0.95}, "2023": {"eligible": 800, "known": 760, "unavailable": 40, "fraction": 0.95}}, "symbols": 8}, "note": "Independent overlapping policies and active-entry-date means are diagnostics, not account profits."}
2026-10-04T03:48:19.9344188Z FUNDING_SELECT {"status": "NO_DEVELOPMENT_POLICY_SURVIVOR", "cells_examined": 96, "selected": [], "policies": [], "union_name": "FUNDING_UNION", "funding_coverage": {"passed": true, "minimum_fraction": 0.95, "years": {"2022": {"eligible": 800, "known": 760, "unavailable": 40, "fraction": 0.95}, "2023": {"eligible": 800, "known": 760, "unavailable": 40, "fraction": 0.95}}, "symbols": 8}, "note": "Independent overlapping policies and active-entry-date means are diagnostics, not account profits."}
2026-10-04T03:48:19.9374662Z ok
2026-10-04T03:48:19.9385334Z test_checksum_mismatch_is_explicit_gap (test_liquidity_sweep_v5.MinuteTests.test_checksum_mismatch_is_explicit_gap) ... ok
2026-10-04T03:48:19.9398743Z test_definitive_missing_archive_and_checksum_excluded (test_liquidity_sweep_v5.MinuteTests.test_definitive_missing_archive_and_checksum_excluded) ... ok
2026-10-04T03:48:19.9441992Z test_exact_authoritative_slice_and_provenance_are_preserved (test_liquidity_sweep_v5.MinuteTests.test_exact_authoritative_slice_and_provenance_are_preserved) ... ok
2026-10-04T03:48:19.9449951Z test_exhausted_transient_error_is_not_fabricated_data_gap (test_liquidity_sweep_v5.MinuteTests.test_exhausted_transient_error_is_not_fabricated_data_gap) ... ok
2026-10-04T03:48:19.9506289Z test_gapped_or_bad_geometry_official_archive_excluded (test_liquidity_sweep_v5.MinuteTests.test_gapped_or_bad_geometry_official_archive_excluded) ... ok
2026-10-04T03:48:19.9548577Z test_legacy_cache_without_original_checksum_is_not_trusted (test_liquidity_sweep_v5.MinuteTests.test_legacy_cache_without_original_checksum_is_not_trusted) ... ok
2026-10-04T03:48:19.9597524Z test_official_header_and_headerless_values_agree (test_liquidity_sweep_v5.MinuteTests.test_official_header_and_headerless_values_agree) ... ok
2026-10-04T03:48:19.9644329Z test_original_zip_checksum_then_verified_cache (test_liquidity_sweep_v5.MinuteTests.test_original_zip_checksum_then_verified_cache) ... ok
2026-10-04T03:48:19.9653122Z test_shared_canonical_resolver_excludes_checksum_gap (test_liquidity_sweep_v5.MinuteTests.test_shared_canonical_resolver_excludes_checksum_gap) ... ok
2026-10-04T03:48:19.9690856Z test_shared_canonical_resolver_keeps_entry_minute_tp_only_as_loss (test_liquidity_sweep_v5.MinuteTests.test_shared_canonical_resolver_keeps_entry_minute_tp_only_as_loss) ... ok
2026-10-04T03:48:19.9731347Z test_verified_cache_corruption_fails_without_replacement (test_liquidity_sweep_v5.MinuteTests.test_verified_cache_corruption_fails_without_replacement) ... ok
2026-10-04T03:48:19.9797554Z test_actual_entry_and_closed_sweep_anchored_sl (test_liquidity_sweep_v5.SweepTests.test_actual_entry_and_closed_sweep_anchored_sl) ... ok
2026-10-04T03:48:20.2277573Z test_all_cells_preserved_and_year_is_kst (test_liquidity_sweep_v5.SweepTests.test_all_cells_preserved_and_year_is_kst) ... SWEEP_SELECT {"status": "ACCOUNT_REPLAY_REQUIRED", "cells_examined": 96, "selected": [{"key": "SWEEP_S+1_W48_A55_ANY", "side": 1, "window": 48, "flow": 0.55, "btc": "ANY", "hold": 24, "exit_type": "TP2", "policy": "SWEEP_S+1_W48_A55_ANY__H24__TP2", "development_net40_R": 0.5, "development_worst_year_day_R": 0.5}], "policies": [{"key": "SWEEP_S+1_W48_A55_ANY", "side": 1, "window": 48, "flow": 0.55, "btc": "ANY", "hold": 24, "exit_type": "TP2", "policy": "SWEEP_S+1_W48_A55_ANY__H24__TP2", "development_net40_R": 0.5, "development_worst_year_day_R": 0.5}], "union_name": "SWEEP_UNION", "note": "Independent overlapping policies and active-entry-date means are diagnostics, not account profits."}
2026-10-04T03:48:20.2311055Z ok
2026-10-04T03:48:20.2347050Z test_btc_missing_fails_alignment_but_any_ignores_it (test_liquidity_sweep_v5.SweepTests.test_btc_missing_fails_alignment_but_any_ignores_it) ... ok
2026-10-04T03:48:20.4830400Z test_clustered_entry_days_cannot_satisfy_frequency (test_liquidity_sweep_v5.SweepTests.test_clustered_entry_days_cannot_satisfy_frequency) ... SWEEP_SELECT {"status": "NO_DEVELOPMENT_POLICY_SURVIVOR", "cells_examined": 96, "selected": [], "policies": [], "union_name": "SWEEP_UNION", "note": "Independent overlapping policies and active-entry-date means are diagnostics, not account profits."}
2026-10-04T03:48:20.4848312Z ok
2026-10-04T03:48:20.4885289Z test_cooldown_uses_intents_not_future_outcomes (test_liquidity_sweep_v5.SweepTests.test_cooldown_uses_intents_not_future_outcomes) ... ok
2026-10-04T03:48:20.4888563Z test_empty_source_stops_before_minute_retrieval (test_liquidity_sweep_v5.SweepTests.test_empty_source_stops_before_minute_retrieval) ... ok
2026-10-04T03:48:20.4952904Z test_flow_threshold_boundary_is_symmetric (test_liquidity_sweep_v5.SweepTests.test_flow_threshold_boundary_is_symmetric) ... ok
2026-10-04T03:48:20.5052306Z test_future_perturbation_preserves_every_past_feature (test_liquidity_sweep_v5.SweepTests.test_future_perturbation_preserves_every_past_feature) ... ok
2026-10-04T03:48:20.5109785Z test_gaps_reset_range_and_volume_history (test_liquidity_sweep_v5.SweepTests.test_gaps_reset_range_and_volume_history) ... ok
2026-10-04T03:48:20.5113282Z test_grid_is_frozen_and_unique (test_liquidity_sweep_v5.SweepTests.test_grid_is_frozen_and_unique) ... ok
2026-10-04T03:48:20.5271475Z test_incomplete_parts_rejected (test_liquidity_sweep_v5.SweepTests.test_incomplete_parts_rejected) ... ok
2026-10-04T03:48:20.5305160Z test_invalid_gap_fill_is_not_a_valid_stop (test_liquidity_sweep_v5.SweepTests.test_invalid_gap_fill_is_not_a_valid_stop) ... ok
2026-10-04T03:48:20.5368259Z test_minimum_stop_and_above_eight_percent_exclusion (test_liquidity_sweep_v5.SweepTests.test_minimum_stop_and_above_eight_percent_exclusion) ... ok
2026-10-04T03:48:20.7829725Z test_positive_r_cannot_hide_negative_annual_price_return (test_liquidity_sweep_v5.SweepTests.test_positive_r_cannot_hide_negative_annual_price_return) ... SWEEP_SELECT {"status": "NO_DEVELOPMENT_POLICY_SURVIVOR", "cells_examined": 96, "selected": [], "policies": [], "union_name": "SWEEP_UNION", "note": "Independent overlapping policies and active-entry-date means are diagnostics, not account profits."}
2026-10-04T03:48:20.7845832Z ok
2026-10-04T03:48:20.7911879Z test_price_must_reject_inside_known_range (test_liquidity_sweep_v5.SweepTests.test_price_must_reject_inside_known_range) ... ok
2026-10-04T03:48:20.7974868Z test_prior_baselines_cannot_use_current_candle (test_liquidity_sweep_v5.SweepTests.test_prior_baselines_cannot_use_current_candle) ... ok
2026-10-04T03:48:20.8038686Z test_sides_require_opposite_aggressive_flow (test_liquidity_sweep_v5.SweepTests.test_sides_require_opposite_aggressive_flow) ... ok
2026-10-04T03:48:20.8069416Z test_sweep_has_prior_atr_minimum_distance (test_liquidity_sweep_v5.SweepTests.test_sweep_has_prior_atr_minimum_distance) ... ok
2026-10-04T03:48:20.8160910Z test_wick_body_and_volume_must_agree (test_liquidity_sweep_v5.SweepTests.test_wick_body_and_volume_must_agree) ... ok
2026-10-04T03:48:20.8208425Z test_404_checksum_failure_and_transient_are_not_zero_imputed (test_premium_absorption_v8.ArchiveTests.test_404_checksum_failure_and_transient_are_not_zero_imputed) ... ok
2026-10-04T03:48:20.8442455Z test_each_verified_cache_component_corruption_fails_without_redownload (test_premium_absorption_v8.ArchiveTests.test_each_verified_cache_component_corruption_fails_without_redownload) ... ok
2026-10-04T03:48:20.8450974Z test_exact_alignment_missing_month_and_stage_cut (test_premium_absorption_v8.ArchiveTests.test_exact_alignment_missing_month_and_stage_cut) ... ok
2026-10-04T03:48:20.8461715Z test_future_premium_cannot_change_prior_alignment (test_premium_absorption_v8.ArchiveTests.test_future_premium_cannot_change_prior_alignment) ... ok
2026-10-04T03:48:20.8642724Z test_invalid_width_header_timestamp_geometry_and_values_fail (test_premium_absorption_v8.ArchiveTests.test_invalid_width_header_timestamp_geometry_and_values_fail) ... ok
2026-10-04T03:48:20.8656006Z test_load_symbol_includes_previous_month_but_never_future_stage (test_premium_absorption_v8.ArchiveTests.test_load_symbol_includes_previous_month_but_never_future_stage) ... ok
2026-10-04T03:48:20.8728966Z test_original_checksum_npz_and_verified_cache_are_immutable (test_premium_absorption_v8.ArchiveTests.test_original_checksum_npz_and_verified_cache_are_immutable) ... ok
2026-10-04T03:48:20.8776118Z test_signed_header_and_headerless_arrays_agree (test_premium_absorption_v8.ArchiveTests.test_signed_header_and_headerless_arrays_agree) ... ok
2026-10-04T03:48:20.8854924Z test_current_and_future_price_cannot_change_prior_baselines (test_premium_absorption_v8.EconomicTests.test_current_and_future_price_cannot_change_prior_baselines) ... ok
2026-10-04T03:48:20.8861462Z test_entry_gap_floor_overwide_stop_and_path_gap_are_explicit (test_premium_absorption_v8.EconomicTests.test_entry_gap_floor_overwide_stop_and_path_gap_are_explicit) ... ok
2026-10-04T03:48:20.8863484Z test_fixed_intent_cooldown_not_future_exit (test_premium_absorption_v8.EconomicTests.test_fixed_intent_cooldown_not_future_exit) ... ok
2026-10-04T03:48:20.8871576Z test_flow_volume_price_and_btc_filters (test_premium_absorption_v8.EconomicTests.test_flow_volume_price_and_btc_filters) ... ok
2026-10-04T03:48:20.8879417Z test_mirrored_signed_dislocation_and_normalization (test_premium_absorption_v8.EconomicTests.test_mirrored_signed_dislocation_and_normalization) ... ok
2026-10-04T03:48:20.8882588Z test_missing_or_noncontiguous_premium_invalidates_signal (test_premium_absorption_v8.EconomicTests.test_missing_or_noncontiguous_premium_invalidates_signal) ... ok
2026-10-04T03:48:20.8886215Z test_next_open_actual_risk_priority_and_future_ohlc_independence (test_premium_absorption_v8.EconomicTests.test_next_open_actual_risk_priority_and_future_ohlc_independence) ... ok
2026-10-04T03:48:20.8888782Z test_normalization_magnitude_and_direction_are_hard_filters (test_premium_absorption_v8.EconomicTests.test_normalization_magnitude_and_direction_are_hard_filters) ... ok
2026-10-04T03:48:20.8895458Z test_shared_resolver_tp_and_exclusion (test_premium_absorption_v8.EconomicTests.test_shared_resolver_tp_and_exclusion) ... ok
2026-10-04T03:48:20.8900930Z test_sixteen_entries_ninety_six_policies (test_premium_absorption_v8.EconomicTests.test_sixteen_entries_ninety_six_policies) ... ok
2026-10-04T03:48:21.1405063Z test_2022_and_2023_price_and_r_still_hard_gates (test_premium_absorption_v8.SelectionTests.test_2022_and_2023_price_and_r_still_hard_gates) ... PREMIUM_SELECT {"status": "NO_DEVELOPMENT_POLICY_SURVIVOR", "cells_examined": 96, "selected": [], "policies": [], "union_name": "PREMIUM_ABSORPTION_UNION", "premium_coverage": {"passed": true, "minimum_fraction": 0.95, "years": {"2021": {"eligible": 800, "known": 760, "unavailable": 40, "fraction": 0.95}, "2022": {"eligible": 800, "known": 760, "unavailable": 40, "fraction": 0.95}, "2023": {"eligible": 800, "known": 760, "unavailable": 40, "fraction": 0.95}}, "symbols": 8}, "note": "Independent overlapping policies and active-entry-date means are diagnostics, not account profits."}
2026-10-04T03:48:21.3929677Z PREMIUM_SELECT {"status": "NO_DEVELOPMENT_POLICY_SURVIVOR", "cells_examined": 96, "selected": [], "policies": [], "union_name": "PREMIUM_ABSORPTION_UNION", "premium_coverage": {"passed": true, "minimum_fraction": 0.95, "years": {"2021": {"eligible": 800, "known": 760, "unavailable": 40, "fraction": 0.95}, "2022": {"eligible": 800, "known": 760, "unavailable": 40, "fraction": 0.95}, "2023": {"eligible": 800, "known": 760, "unavailable": 40, "fraction": 0.95}}, "symbols": 8}, "note": "Independent overlapping policies and active-entry-date means are diagnostics, not account profits."}
2026-10-04T03:48:21.6468633Z PREMIUM_SELECT {"status": "NO_DEVELOPMENT_POLICY_SURVIVOR", "cells_examined": 96, "selected": [], "policies": [], "union_name": "PREMIUM_ABSORPTION_UNION", "premium_coverage": {"passed": true, "minimum_fraction": 0.95, "years": {"2021": {"eligible": 800, "known": 760, "unavailable": 40, "fraction": 0.95}, "2022": {"eligible": 800, "known": 760, "unavailable": 40, "fraction": 0.95}, "2023": {"eligible": 800, "known": 760, "unavailable": 40, "fraction": 0.95}}, "symbols": 8}, "note": "Independent overlapping policies and active-entry-date means are diagnostics, not account profits."}
2026-10-04T03:48:21.9007556Z PREMIUM_SELECT {"status": "NO_DEVELOPMENT_POLICY_SURVIVOR", "cells_examined": 96, "selected": [], "policies": [], "union_name": "PREMIUM_ABSORPTION_UNION", "premium_coverage": {"passed": true, "minimum_fraction": 0.95, "years": {"2021": {"eligible": 800, "known": 760, "unavailable": 40, "fraction": 0.95}, "2022": {"eligible": 800, "known": 760, "unavailable": 40, "fraction": 0.95}, "2023": {"eligible": 800, "known": 760, "unavailable": 40, "fraction": 0.95}}, "symbols": 8}, "note": "Independent overlapping policies and active-entry-date means are diagnostics, not account profits."}
2026-10-04T03:48:21.9022432Z ok
2026-10-04T03:48:22.1560835Z test_95percent_three_year_coverage_and_all96cells (test_premium_absorption_v8.SelectionTests.test_95percent_three_year_coverage_and_all96cells) ... PREMIUM_SELECT {"status": "ACCOUNT_REPLAY_REQUIRED", "cells_examined": 96, "selected": [{"key": "PREMIUM_S+1_P5_N1_ANY", "side": 1, "threshold": 0.0005, "lookback": 1, "btc": "ANY", "hold": 24, "exit_type": "TP2", "policy": "PREMIUM_S+1_P5_N1_ANY__H24__TP2", "development_net40_R": 0.5, "development_worst_year_day_R": 0.5}], "policies": [{"key": "PREMIUM_S+1_P5_N1_ANY", "side": 1, "threshold": 0.0005, "lookback": 1, "btc": "ANY", "hold": 24, "exit_type": "TP2", "policy": "PREMIUM_S+1_P5_N1_ANY__H24__TP2", "development_net40_R": 0.5, "development_worst_year_day_R": 0.5}], "union_name": "PREMIUM_ABSORPTION_UNION", "premium_coverage": {"passed": true, "minimum_fraction": 0.95, "years": {"2021": {"eligible": 800, "known": 760, "unavailable": 40, "fraction": 0.95}, "2022": {"eligible": 800, "known": 760, "unavailable": 40, "fraction": 0.95}, "2023": {"eligible": 800, "known": 760, "unavailable": 40, "fraction": 0.95}}, "symbols": 8}, "note": "Independent overlapping policies and active-entry-date means are diagnostics, not account profits."}
2026-10-04T03:48:22.1586253Z ok
2026-10-04T03:48:22.4152925Z test_below_coverage_is_input_failure_not_alpha (test_premium_absorption_v8.SelectionTests.test_below_coverage_is_input_failure_not_alpha) ... PREMIUM_SELECT {"status": "SOURCE_COVERAGE_INSUFFICIENT", "cells_examined": 96, "selected": [], "policies": [], "union_name": "PREMIUM_ABSORPTION_UNION", "premium_coverage": {"passed": false, "minimum_fraction": 0.95, "years": {"2021": {"eligible": 800, "known": 752, "unavailable": 48, "fraction": 0.94}, "2022": {"eligible": 800, "known": 752, "unavailable": 48, "fraction": 0.94}, "2023": {"eligible": 800, "known": 752, "unavailable": 48, "fraction": 0.94}}, "symbols": 8}, "note": "Independent overlapping policies and active-entry-date means are diagnostics, not account profits."}
2026-10-04T03:48:22.4166869Z ok
2026-10-04T03:48:22.6499451Z test_duplicate_coverage_symbol_and_empty_cells (test_premium_absorption_v8.SelectionTests.test_duplicate_coverage_symbol_and_empty_cells) ... PREMIUM_SELECT {"status": "NO_DEVELOPMENT_POLICY_SURVIVOR", "cells_examined": 96, "selected": [], "policies": [], "union_name": "PREMIUM_ABSORPTION_UNION", "premium_coverage": {"passed": true, "minimum_fraction": 0.95, "years": {"2021": {"eligible": 800, "known": 760, "unavailable": 40, "fraction": 0.95}, "2022": {"eligible": 800, "known": 760, "unavailable": 40, "fraction": 0.95}, "2023": {"eligible": 800, "known": 760, "unavailable": 40, "fraction": 0.95}}, "symbols": 8}, "note": "Independent overlapping policies and active-entry-date means are diagnostics, not account profits."}
2026-10-04T03:48:22.6526856Z ok
2026-10-04T03:48:22.9170570Z test_partial2021_price_r_date_and_frequency_are_hard_gates (test_premium_absorption_v8.SelectionTests.test_partial2021_price_r_date_and_frequency_are_hard_gates) ... PREMIUM_SELECT {"status": "NO_DEVELOPMENT_POLICY_SURVIVOR", "cells_examined": 96, "selected": [], "policies": [], "union_name": "PREMIUM_ABSORPTION_UNION", "premium_coverage": {"passed": true, "minimum_fraction": 0.95, "years": {"2021": {"eligible": 800, "known": 760, "unavailable": 40, "fraction": 0.95}, "2022": {"eligible": 800, "known": 760, "unavailable": 40, "fraction": 0.95}, "2023": {"eligible": 800, "known": 760, "unavailable": 40, "fraction": 0.95}}, "symbols": 8}, "note": "Independent overlapping policies and active-entry-date means are diagnostics, not account profits."}
2026-10-04T03:48:23.1677417Z PREMIUM_SELECT {"status": "NO_DEVELOPMENT_POLICY_SURVIVOR", "cells_examined": 96, "selected": [], "policies": [], "union_name": "PREMIUM_ABSORPTION_UNION", "premium_coverage": {"passed": true, "minimum_fraction": 0.95, "years": {"2021": {"eligible": 800, "known": 760, "unavailable": 40, "fraction": 0.95}, "2022": {"eligible": 800, "known": 760, "unavailable": 40, "fraction": 0.95}, "2023": {"eligible": 800, "known": 760, "unavailable": 40, "fraction": 0.95}}, "symbols": 8}, "note": "Independent overlapping policies and active-entry-date means are diagnostics, not account profits."}
2026-10-04T03:48:23.4204823Z PREMIUM_SELECT {"status": "NO_DEVELOPMENT_POLICY_SURVIVOR", "cells_examined": 96, "selected": [], "policies": [], "union_name": "PREMIUM_ABSORPTION_UNION", "premium_coverage": {"passed": true, "minimum_fraction": 0.95, "years": {"2021": {"eligible": 800, "known": 760, "unavailable": 40, "fraction": 0.95}, "2022": {"eligible": 800, "known": 760, "unavailable": 40, "fraction": 0.95}, "2023": {"eligible": 800, "known": 760, "unavailable": 40, "fraction": 0.95}}, "symbols": 8}, "note": "Independent overlapping policies and active-entry-date means are diagnostics, not account profits."}
2026-10-04T03:48:23.6710944Z PREMIUM_SELECT {"status": "NO_DEVELOPMENT_POLICY_SURVIVOR", "cells_examined": 96, "selected": [], "policies": [], "union_name": "PREMIUM_ABSORPTION_UNION", "premium_coverage": {"passed": true, "minimum_fraction": 0.95, "years": {"2021": {"eligible": 800, "known": 760, "unavailable": 40, "fraction": 0.95}, "2022": {"eligible": 800, "known": 760, "unavailable": 40, "fraction": 0.95}, "2023": {"eligible": 800, "known": 760, "unavailable": 40, "fraction": 0.95}}, "symbols": 8}, "note": "Independent overlapping policies and active-entry-date means are diagnostics, not account profits."}
2026-10-04T03:48:23.6726533Z ok
2026-10-04T03:48:23.6747504Z test_entry_minute_both_is_loss (test_relative_pullback_v1.ChronologyTests.test_entry_minute_both_is_loss) ... ok
2026-10-04T03:48:23.6749331Z test_entry_minute_sl_is_loss (test_relative_pullback_v1.ChronologyTests.test_entry_minute_sl_is_loss) ... ok
2026-10-04T03:48:23.6751334Z test_entry_minute_tp_is_loss (test_relative_pullback_v1.ChronologyTests.test_entry_minute_tp_is_loss) ... ok
2026-10-04T03:48:23.6753575Z test_entry_price_mismatch_is_excluded (test_relative_pullback_v1.ChronologyTests.test_entry_price_mismatch_is_excluded) ... ok
2026-10-04T03:48:23.6756239Z test_established_first_minute_tp_is_win (test_relative_pullback_v1.ChronologyTests.test_established_first_minute_tp_is_win) ... ok
2026-10-04T03:48:23.6758773Z test_established_same_minute_both_is_loss (test_relative_pullback_v1.ChronologyTests.test_established_same_minute_both_is_loss) ... ok
2026-10-04T03:48:23.6761110Z test_later_sl_proven_before_tp (test_relative_pullback_v1.ChronologyTests.test_later_sl_proven_before_tp) ... ok
2026-10-04T03:48:23.6763027Z test_later_tp_proven_before_sl (test_relative_pullback_v1.ChronologyTests.test_later_tp_proven_before_sl) ... ok
2026-10-04T03:48:23.6764213Z test_official_data_gap_is_excluded (test_relative_pullback_v1.ChronologyTests.test_official_data_gap_is_excluded) ... ok
2026-10-04T03:48:23.6765180Z test_parent_exit_not_reproduced_is_mismatch (test_relative_pullback_v1.ChronologyTests.test_parent_exit_not_reproduced_is_mismatch) ... ok
2026-10-04T03:48:23.6766356Z test_short_entry_touch_is_loss (test_relative_pullback_v1.ChronologyTests.test_short_entry_touch_is_loss) ... ok
2026-10-04T03:48:23.6767128Z test_short_later_tp_is_win (test_relative_pullback_v1.ChronologyTests.test_short_later_tp_is_win) ... ok
2026-10-04T03:48:23.6789959Z test_cash_equals_sum_of_net_trade_pnls (test_relative_pullback_v1.PortfolioTests.test_cash_equals_sum_of_net_trade_pnls) ... ok
2026-10-04T03:48:23.6816079Z test_day_loss_blocks_later_entry (test_relative_pullback_v1.PortfolioTests.test_day_loss_blocks_later_entry) ... ok
2026-10-04T03:48:23.6861732Z test_drawdown_halt_is_permanent_within_split (test_relative_pullback_v1.PortfolioTests.test_drawdown_halt_is_permanent_within_split) ... ok
2026-10-04T03:48:23.6896563Z test_empty_days_are_in_denominator_and_korea_aligned (test_relative_pullback_v1.PortfolioTests.test_empty_days_are_in_denominator_and_korea_aligned) ... ok
2026-10-04T03:48:23.6943807Z test_half_risk_latches_into_next_day (test_relative_pullback_v1.PortfolioTests.test_half_risk_latches_into_next_day) ... ok
2026-10-04T03:48:23.6972691Z test_profit_above_two_percent_does_not_block_entry (test_relative_pullback_v1.PortfolioTests.test_profit_above_two_percent_does_not_block_entry) ... ok
2026-10-04T03:48:23.6996855Z test_same_symbol_opposite_signal_is_rejected (test_relative_pullback_v1.PortfolioTests.test_same_symbol_opposite_signal_is_rejected) ... ok
2026-10-04T03:48:23.7021510Z test_short_position_accounting (test_relative_pullback_v1.PortfolioTests.test_short_position_accounting) ... ok
2026-10-04T03:48:23.7051498Z test_simultaneous_risk_and_six_slot_caps (test_relative_pullback_v1.PortfolioTests.test_simultaneous_risk_and_six_slot_caps) ... ok
2026-10-04T03:48:23.7064201Z test_split_crossing_outcome_is_rejected (test_relative_pullback_v1.PortfolioTests.test_split_crossing_outcome_is_rejected) ... ok
2026-10-04T03:48:23.7066116Z test_gap_stop_fills_at_worse_open (test_relative_pullback_v1.SignalTests.test_gap_stop_fills_at_worse_open) ... ok
2026-10-04T03:48:23.7075151Z test_hour_only_becomes_available_when_closed (test_relative_pullback_v1.SignalTests.test_hour_only_becomes_available_when_closed) ... ok
2026-10-04T03:48:23.7124756Z test_indicators_do_not_use_future_candles (test_relative_pullback_v1.SignalTests.test_indicators_do_not_use_future_candles) ... ok
2026-10-04T03:48:23.7151167Z test_indicators_restart_after_data_gap (test_relative_pullback_v1.SignalTests.test_indicators_restart_after_data_gap) ... ok
2026-10-04T03:48:23.7153229Z test_missing_timeout_path_is_excluded (test_relative_pullback_v1.SignalTests.test_missing_timeout_path_is_excluded) ... ok
2026-10-04T03:48:23.7154865Z test_short_return_uses_linear_entry_denominator (test_relative_pullback_v1.SignalTests.test_short_return_uses_linear_entry_denominator) ... ok
2026-10-04T03:48:23.7157390Z test_signal_confirmed_close_and_next_open_alignment (test_relative_pullback_v1.SignalTests.test_signal_confirmed_close_and_next_open_alignment) ... ok
2026-10-04T03:48:23.7159270Z test_timeout_is_exactly_twelve_hours (test_relative_pullback_v1.SignalTests.test_timeout_is_exactly_twelve_hours) ... ok
2026-10-04T03:48:23.7174785Z test_archive_keeps_failed_evidence_and_validates_exact_copy (test_research_evidence_archive.EvidenceTests.test_archive_keeps_failed_evidence_and_validates_exact_copy) ... EVIDENCE_ARCHIVED failed-study 2 files 48 bytes
2026-10-04T03:48:23.7179213Z ok
2026-10-04T03:48:23.7198336Z test_incomplete_cache_is_rejected_and_failure_saved (test_research_evidence_archive.EvidenceTests.test_incomplete_cache_is_rejected_and_failure_saved) ... ok
2026-10-04T03:48:23.7220948Z test_matches_full_catalogue_stats_and_prior_sha256 (test_research_evidence_archive.EvidenceTests.test_matches_full_catalogue_stats_and_prior_sha256) ... FROZEN_SOURCE_VERIFIED 1 files 1 prior SHA256 matches
2026-10-04T03:48:23.7223105Z ok
2026-10-04T03:48:23.7256478Z test_same_stats_but_changed_source_bytes_are_rejected (test_research_evidence_archive.EvidenceTests.test_same_stats_but_changed_source_bytes_are_rejected) ... ok
2026-10-04T03:48:23.7263947Z test_incomplete_curve_cannot_be_silently_filled (test_saved_calendar_audit.SavedCalendarTests.test_incomplete_curve_cannot_be_silently_filled) ... ok
2026-10-04T03:48:23.7358253Z test_reconstruction_keeps_entries_on_both_partial_days_and_midnight (test_saved_calendar_audit.SavedCalendarTests.test_reconstruction_keeps_entries_on_both_partial_days_and_midnight) ... ok
2026-10-04T03:48:23.7386521Z test_cooldown_is_fixed_not_outcome_conditioned (test_shock_confirmation_v3.ConfirmTests.test_cooldown_is_fixed_not_outcome_conditioned) ... ok
2026-10-04T03:48:23.7465835Z test_features_ignore_future_prices_and_flow (test_shock_confirmation_v3.ConfirmTests.test_features_ignore_future_prices_and_flow) ... ok
2026-10-04T03:48:23.7491005Z test_flow_share_uses_actual_quote_ratio (test_shock_confirmation_v3.ConfirmTests.test_flow_share_uses_actual_quote_ratio) ... ok
2026-10-04T03:48:23.7537646Z test_future_confirming_bar_cannot_move_old_stop (test_shock_confirmation_v3.ConfirmTests.test_future_confirming_bar_cannot_move_old_stop) ... ok
2026-10-04T03:48:23.7581743Z test_gap_restarts_recent_shock_and_stop_window (test_shock_confirmation_v3.ConfirmTests.test_gap_restarts_recent_shock_and_stop_window) ... ok
2026-10-04T03:48:23.7584779Z test_predeclared_grid (test_shock_confirmation_v3.ConfirmTests.test_predeclared_grid) ... ok
2026-10-04T03:48:23.7609773Z test_shock_window_excludes_current_confirming_bar (test_shock_confirmation_v3.ConfirmTests.test_shock_window_excludes_current_confirming_bar) ... ok
2026-10-04T03:48:23.7613045Z test_structural_stop_and_actual_fill_risk (test_shock_confirmation_v3.ConfirmTests.test_structural_stop_and_actual_fill_risk) ... ok
2026-10-04T03:48:23.7614237Z 
2026-10-04T03:48:23.7614483Z ----------------------------------------------------------------------
2026-10-04T03:48:23.7615050Z Ran 546 tests in 60.479s
2026-10-04T03:48:23.7615282Z 
2026-10-04T03:48:23.7615413Z OK
2026-10-04T03:48:23.7615877Z V23_TEST_RESULT 546 0 0 True
2026-10-04T03:48:24.3189243Z PASS long_preentry_tp_ignored win
2026-10-04T03:48:24.3189971Z PASS long_entry_same1m_tp_loss loss
2026-10-04T03:48:24.3190808Z PASS long_gap_through_entry_then_tp win
2026-10-04T03:48:24.3191288Z PASS short_gap_through_entry_then_tp win
2026-10-04T03:48:24.3191780Z PASS long_entry_same1m_sl_loss loss
2026-10-04T03:48:24.3192228Z PASS long_entry_same1m_both_loss loss
2026-10-04T03:48:24.3192687Z PASS long_entry_then_tp win
2026-10-04T03:48:24.3193060Z PASS long_entry_then_sl loss
2026-10-04T03:48:24.3193510Z PASS long_preentry_tp_then_entry_continue continue
2026-10-04T03:48:24.3194071Z PASS long_entry_not_seen_entry_mismatch entry_mismatch
2026-10-04T03:48:24.3194596Z PASS long_established_same1m_both_loss loss
2026-10-04T03:48:24.3195220Z PASS long_established_parent_collision_not_seen_exit_mismatch exit_mismatch
2026-10-04T03:48:24.3196287Z PASS short_entry_same1m_tp_loss loss
2026-10-04T03:48:24.3197012Z PASS short_entry_same1m_sl_loss loss
2026-10-04T03:48:24.3197419Z PASS short_entry_then_tp win
2026-10-04T03:48:24.3197807Z PASS short_entry_then_sl loss
2026-10-04T03:48:24.3198228Z PASS short_preentry_tp_then_entry_continue continue
2026-10-04T03:48:24.3198699Z ALL_CHRONOLOGY_SMOKE_PASS
2026-10-04T03:48:24.3199049Z PASS resample_exact_buckets
2026-10-04T03:48:24.3199412Z PASS psar_open_causality
2026-10-04T03:48:24.3199788Z PASS psar_burnin_initialization_sanity
2026-10-04T03:48:24.3200222Z PASS binance_1m_header_contract
2026-10-04T03:48:24.3200622Z ALL_CANONICAL_INVARIANTS_PASS
2026-10-04T03:48:26.8448995Z V23_PATH_EFFICIENCY_SCAN DEV 1 / 1 parameterized_outcomes 0
2026-10-04T03:48:26.8479845Z V23_PATH_EFFICIENCY_SCAN_DONE DEV 0 chronology_exclusions 0
2026-10-04T03:48:28.1779731Z V23_PATH_EFFICIENCY_SCAN DEV 1 / 1 parameterized_outcomes 0
2026-10-04T03:48:28.1812198Z V23_PATH_EFFICIENCY_SCAN_DONE DEV 0 chronology_exclusions 0
2026-10-04T03:48:29.5069163Z V23_PATH_EFFICIENCY_SCAN DEV 1 / 1 parameterized_outcomes 0
2026-10-04T03:48:29.5103558Z V23_PATH_EFFICIENCY_SCAN_DONE DEV 0 chronology_exclusions 0
2026-10-04T03:48:30.8367114Z V23_PATH_EFFICIENCY_SCAN DEV 1 / 1 parameterized_outcomes 0
2026-10-04T03:48:30.8400276Z V23_PATH_EFFICIENCY_SCAN_DONE DEV 0 chronology_exclusions 0
2026-10-04T03:48:32.1658248Z V23_PATH_EFFICIENCY_SCAN DEV 1 / 1 parameterized_outcomes 0
2026-10-04T03:48:32.1691047Z V23_PATH_EFFICIENCY_SCAN_DONE DEV 0 chronology_exclusions 0
2026-10-04T03:48:33.4982237Z V23_PATH_EFFICIENCY_SCAN DEV 1 / 1 parameterized_outcomes 0
2026-10-04T03:48:33.5014509Z V23_PATH_EFFICIENCY_SCAN_DONE DEV 0 chronology_exclusions 0
2026-10-04T03:48:34.8237012Z V23_PATH_EFFICIENCY_SCAN DEV 1 / 1 parameterized_outcomes 0
2026-10-04T03:48:34.8270988Z V23_PATH_EFFICIENCY_SCAN_DONE DEV 0 chronology_exclusions 0
2026-10-04T03:48:36.1463383Z V23_PATH_EFFICIENCY_SCAN DEV 1 / 1 parameterized_outcomes 0
2026-10-04T03:48:36.1496374Z V23_PATH_EFFICIENCY_SCAN_DONE DEV 0 chronology_exclusions 0
2026-10-04T03:48:36.4027318Z V23_PATH_EFFICIENCY_SELECT {"status": "NO_DEVELOPMENT_POLICY_SURVIVOR", "cells_examined": 96, "selected": [], "policies": [], "union_name": "SESSION_OPENING_RANGE_LIQUIDITY_SWEEP_UNION", "source_context_sha256": "7882a8bc8c59f1c228094d127528d9165b502433235f80280e7ceb24d9212fcf", "source_symbols": 8, "economic_surviving_cells": 0, "rejection_counts": {"N_LT_300": 96, "SYMBOLS_LT_60": 96, "TOP_SYMBOL_GT_30PCT": 96, "NET40_MEAN_BP_NONPOSITIVE": 96, "NET40_R_MEAN_NONPOSITIVE": 96, "2021_N_LT_30": 96, "2021_DATES_LT_20": 96, "2021_net40_R_NONPOSITIVE": 96, "2021_net40_mean_bp_NONPOSITIVE": 96, "2021_day_R_NONPOSITIVE": 96, "2022_N_LT_30": 96, "2022_DATES_LT_20": 96, "2022_net40_R_NONPOSITIVE": 96, "2022_net40_mean_bp_NONPOSITIVE": 96, "2022_day_R_NONPOSITIVE": 96, "2023_N_LT_30": 96, "2023_DATES_LT_20": 96, "2023_net40_R_NONPOSITIVE": 96, "2023_net40_mean_bp_NONPOSITIVE": 96, "2023_day_R_NONPOSITIVE": 96}, "note": "Frozen session opening-range liquidity sweep reversal experiment. Overlapping diagnostics are not executable account growth."}
2026-10-04T03:48:36.4066670Z V23_SYNTHETIC_PIPELINE_PASS {"synthetic_only": true, "scans": 8, "all96_cells_preserved": true, "market_profitability_claim": false}
2026-10-04T03:48:36.4653138Z ##[group]Run actions/upload-artifact@v4
2026-10-04T03:48:36.4653429Z with:
2026-10-04T03:48:36.4653666Z   name: path-efficiency-resumption-v23-validation
2026-10-04T03:48:36.4654312Z   path: v22-tests.log
chronology-smoke.log
path-efficiency-pipeline-smoke.log
synthetic-v22/
research/path-efficiency-resumption-v23/
2026-10-04T03:48:36.4654915Z   retention-days: 30
2026-10-04T03:48:36.4655122Z   compression-level: 0
2026-10-04T03:48:36.4655333Z   if-no-files-found: warn
2026-10-04T03:48:36.4655875Z   overwrite: false
2026-10-04T03:48:36.4656089Z   include-hidden-files: false
2026-10-04T03:48:36.4656322Z env:
2026-10-04T03:48:36.4658910Z   GH_TOKEN: ***
2026-10-04T03:48:36.4659189Z   pythonLocation: /opt/hostedtoolcache/Python/3.12.14/x64
2026-10-04T03:48:36.4659614Z   PKG_CONFIG_PATH: /opt/hostedtoolcache/Python/3.12.14/x64/lib/pkgconfig
2026-10-04T03:48:36.4660030Z   Python_ROOT_DIR: /opt/hostedtoolcache/Python/3.12.14/x64
2026-10-04T03:48:36.4660466Z   Python2_ROOT_DIR: /opt/hostedtoolcache/Python/3.12.14/x64
2026-10-04T03:48:36.4660828Z   Python3_ROOT_DIR: /opt/hostedtoolcache/Python/3.12.14/x64
2026-10-04T03:48:36.4661195Z   LD_LIBRARY_PATH: /opt/hostedtoolcache/Python/3.12.14/x64/lib
2026-10-04T03:48:36.4661504Z ##[endgroup]
2026-10-04T03:48:36.6354669Z (node:2380) [DEP0040] DeprecationWarning: The `punycode` module is deprecated. Please use a userland alternative instead.
2026-10-04T03:48:36.6356054Z (Use `node --trace-deprecation ...` to show where the warning was created)
2026-10-04T03:48:36.6956863Z Multiple search paths detected. Calculating the least common ancestor of all paths
2026-10-04T03:48:36.6959535Z The least common ancestor is /home/runner/work/bb-scanner/bb-scanner. This will be the root directory of the artifact
2026-10-04T03:48:36.6960657Z With the provided path, there will be 100 files uploaded
2026-10-04T03:48:36.6961572Z Artifact name is valid!
2026-10-04T03:48:36.6962079Z Root directory input is valid!
2026-10-04T03:48:36.8902427Z Beginning upload of artifact content to blob storage
2026-10-04T03:48:37.0174649Z (node:2380) [DEP0169] DeprecationWarning: `url.parse()` behavior is not standardized and prone to errors that have security implications. Use the WHATWG URL API instead. CVEs are not issued for `url.parse()` vulnerabilities.
2026-10-04T03:48:37.0833978Z Uploaded bytes 1445710
2026-10-04T03:48:37.0967194Z Finished uploading artifact content to blob storage!
2026-10-04T03:48:37.0968329Z SHA256 digest of uploaded artifact zip is 60fd761fde7b551c2a258b0348691a6329fdfb2c717150f01e250a79bb9379b7
2026-10-04T03:48:37.0970821Z Finalizing artifact upload
2026-10-04T03:48:37.2954820Z Artifact path-efficiency-resumption-v23-validation.zip successfully finalized. Artifact ID 11293290769
2026-10-04T03:48:37.2957615Z Artifact path-efficiency-resumption-v23-validation has been successfully uploaded! Final size is 1445710 bytes. Artifact ID is 11293290769
2026-10-04T03:48:37.2963951Z Artifact download URL: https://github.com/duuu-hub/bb-scanner/actions/runs/37175047449/artifacts/11293290769
2026-10-04T03:48:37.3148267Z Post job cleanup.
2026-10-04T03:48:37.4375204Z (node:2396) [DEP0040] DeprecationWarning: The `punycode` module is deprecated. Please use a userland alternative instead.
2026-10-04T03:48:37.4376835Z (Use `node --trace-deprecation ...` to show where the warning was created)
2026-10-04T03:48:37.4583465Z Post job cleanup.
2026-10-04T03:48:37.5494847Z [command]/usr/bin/git version
2026-10-04T03:48:37.5543198Z git version 2.55.0
2026-10-04T03:48:37.5589016Z Temporarily overriding HOME='/home/runner/work/_temp/df46218b-fe99-422e-bd63-d4c0ded0d098' before making global git config changes
2026-10-04T03:48:37.5591426Z Adding repository directory to the temporary git global config as a safe directory
2026-10-04T03:48:37.5595669Z [command]/usr/bin/git config --global --add safe.directory /home/runner/work/bb-scanner/bb-scanner
2026-10-04T03:48:37.5642472Z [command]/usr/bin/git config --local --name-only --get-regexp core\.sshCommand
2026-10-04T03:48:37.5682856Z [command]/usr/bin/git submodule foreach --recursive sh -c "git config --local --name-only --get-regexp 'core\.sshCommand' && git config --local --unset-all 'core.sshCommand' || :"
2026-10-04T03:48:37.5959406Z [command]/usr/bin/git config --local --name-only --get-regexp http\.https\:\/\/github\.com\/\.extraheader
2026-10-04T03:48:37.5992580Z http.https://github.com/.extraheader
2026-10-04T03:48:37.6006928Z [command]/usr/bin/git config --local --unset-all http.https://github.com/.extraheader
2026-10-04T03:48:37.6049382Z [command]/usr/bin/git submodule foreach --recursive sh -c "git config --local --name-only --get-regexp 'http\.https\:\/\/github\.com\/\.extraheader' && git config --local --unset-all 'http.https://github.com/.extraheader' || :"
2026-10-04T03:48:37.6449935Z [command]/usr/bin/git config --local --name-only --get-regexp ^includeIf\.gitdir:
2026-10-04T03:48:37.6537044Z [command]/usr/bin/git submodule foreach --recursive git config --local --show-origin --name-only --get-regexp remote.origin.url
2026-10-04T03:48:37.6913608Z Cleaning up orphan processes
2026-10-04T03:48:37.7259294Z ##[warning]Node.js 20 is deprecated. The following actions target Node.js 20 but are being forced to run on Node.js 24: actions/checkout@v4, actions/setup-python@v5, actions/upload-artifact@v4. For more information see: https://github.blog/changelog/2025-09-19-deprecation-of-node-20-on-github-actions-runners/
