validate	UNKNOWN STEP	﻿2026-10-01T12:40:08.4055060Z Current runner version: '2.337.0'
validate	UNKNOWN STEP	2026-10-01T12:40:08.4090853Z ##[group]Runner Image Provisioner
validate	UNKNOWN STEP	2026-10-01T12:40:08.4092144Z Hosted Compute Agent
validate	UNKNOWN STEP	2026-10-01T12:40:08.4093266Z Version: 20260901.588
validate	UNKNOWN STEP	2026-10-01T12:40:08.4094353Z Commit: f88ec8081b781fac6c440065ac7ff9e710ce3d0b
validate	UNKNOWN STEP	2026-10-01T12:40:08.4095637Z Build Date: 2026-09-01T19:56:44Z
validate	UNKNOWN STEP	2026-10-01T12:40:08.4097130Z Worker ID: {2e9ed957-6621-4c85-be8b-87fb13b5ed94}
validate	UNKNOWN STEP	2026-10-01T12:40:08.4098290Z Azure Region: eastus
validate	UNKNOWN STEP	2026-10-01T12:40:08.4099360Z ##[endgroup]
validate	UNKNOWN STEP	2026-10-01T12:40:08.4101729Z ##[group]Operating System
validate	UNKNOWN STEP	2026-10-01T12:40:08.4102872Z Ubuntu
validate	UNKNOWN STEP	2026-10-01T12:40:08.4103751Z 24.04.5
validate	UNKNOWN STEP	2026-10-01T12:40:08.4104665Z LTS
validate	UNKNOWN STEP	2026-10-01T12:40:08.4105515Z ##[endgroup]
validate	UNKNOWN STEP	2026-10-01T12:40:08.4106744Z ##[group]Runner Image
validate	UNKNOWN STEP	2026-10-01T12:40:08.4108238Z Image: ubuntu-24.04
validate	UNKNOWN STEP	2026-10-01T12:40:08.4109342Z Version: 20260927.320.1
validate	UNKNOWN STEP	2026-10-01T12:40:08.4111531Z Included Software: https://github.com/actions/runner-images/blob/ubuntu24/20260927.320/images/ubuntu/Ubuntu2404-Readme.md
validate	UNKNOWN STEP	2026-10-01T12:40:08.4114256Z Image Release: https://github.com/actions/runner-images/releases/tag/ubuntu24%2F20260927.320
validate	UNKNOWN STEP	2026-10-01T12:40:08.4115966Z ##[endgroup]
validate	UNKNOWN STEP	2026-10-01T12:40:08.4118248Z ##[group]GITHUB_TOKEN Permissions
validate	UNKNOWN STEP	2026-10-01T12:40:08.4121331Z Actions: read
validate	UNKNOWN STEP	2026-10-01T12:40:08.4122278Z Contents: read
validate	UNKNOWN STEP	2026-10-01T12:40:08.4123473Z Metadata: read
validate	UNKNOWN STEP	2026-10-01T12:40:08.4124452Z ##[endgroup]
validate	UNKNOWN STEP	2026-10-01T12:40:08.4127759Z Secret source: Actions
validate	UNKNOWN STEP	2026-10-01T12:40:08.4129337Z Cache mode: write
validate	UNKNOWN STEP	2026-10-01T12:40:08.4130809Z Prepare workflow directory
validate	UNKNOWN STEP	2026-10-01T12:40:08.4599796Z Prepare all required actions
validate	UNKNOWN STEP	2026-10-01T12:40:08.4660280Z Getting action download info
validate	UNKNOWN STEP	2026-10-01T12:40:08.6570959Z Download action repository 'actions/checkout@v4' (SHA:11d5960a326750d5838078e36cf38b85af677262)
validate	UNKNOWN STEP	2026-10-01T12:40:08.7765046Z Download action repository 'actions/setup-python@v5' (SHA:a26af69be951a213d495a4c3e4e4022e16d87065)
validate	UNKNOWN STEP	2026-10-01T12:40:08.9148350Z Download action repository 'actions/upload-artifact@v4' (SHA:ea165f8d65b6e75b540449e92b4886f43607fa02)
validate	UNKNOWN STEP	2026-10-01T12:40:09.2143597Z Complete job name: validate
validate	UNKNOWN STEP	2026-10-01T12:40:09.2953535Z ##[group]Run actions/checkout@v4
validate	UNKNOWN STEP	2026-10-01T12:40:09.2954530Z with:
validate	UNKNOWN STEP	2026-10-01T12:40:09.2955039Z   repository: duuu-hub/bb-scanner
validate	UNKNOWN STEP	2026-10-01T12:40:09.2959339Z   token: ***
validate	UNKNOWN STEP	2026-10-01T12:40:09.2959842Z   ssh-strict: true
validate	UNKNOWN STEP	2026-10-01T12:40:09.2960334Z   ssh-user: git
validate	UNKNOWN STEP	2026-10-01T12:40:09.2960838Z   persist-credentials: true
validate	UNKNOWN STEP	2026-10-01T12:40:09.2961393Z   clean: true
validate	UNKNOWN STEP	2026-10-01T12:40:09.2961889Z   sparse-checkout-cone-mode: true
validate	UNKNOWN STEP	2026-10-01T12:40:09.2962464Z   fetch-depth: 1
validate	UNKNOWN STEP	2026-10-01T12:40:09.2962933Z   fetch-tags: false
validate	UNKNOWN STEP	2026-10-01T12:40:09.2963421Z   show-progress: true
validate	UNKNOWN STEP	2026-10-01T12:40:09.2963911Z   lfs: false
validate	UNKNOWN STEP	2026-10-01T12:40:09.2964425Z   submodules: false
validate	UNKNOWN STEP	2026-10-01T12:40:09.2964935Z   set-safe-directory: true
validate	UNKNOWN STEP	2026-10-01T12:40:09.2965484Z   allow-unsafe-pr-checkout: false
validate	UNKNOWN STEP	2026-10-01T12:40:09.2966347Z ##[endgroup]
validate	UNKNOWN STEP	2026-10-01T12:40:09.4025418Z Syncing repository: duuu-hub/bb-scanner
validate	UNKNOWN STEP	2026-10-01T12:40:09.4028867Z ##[group]Getting Git version info
validate	UNKNOWN STEP	2026-10-01T12:40:09.4030517Z Working directory is '/home/runner/work/bb-scanner/bb-scanner'
validate	UNKNOWN STEP	2026-10-01T12:40:09.4032778Z [command]/usr/bin/git version
validate	UNKNOWN STEP	2026-10-01T12:40:09.4167359Z git version 2.55.0
validate	UNKNOWN STEP	2026-10-01T12:40:09.4203769Z ##[endgroup]
validate	UNKNOWN STEP	2026-10-01T12:40:09.4219631Z Temporarily overriding HOME='/home/runner/work/_temp/00d13ab5-0e36-4744-85f9-7e9f04e17593' before making global git config changes
validate	UNKNOWN STEP	2026-10-01T12:40:09.4223171Z Adding repository directory to the temporary git global config as a safe directory
validate	UNKNOWN STEP	2026-10-01T12:40:09.4228199Z [command]/usr/bin/git config --global --add safe.directory /home/runner/work/bb-scanner/bb-scanner
validate	UNKNOWN STEP	2026-10-01T12:40:09.4280142Z Deleting the contents of '/home/runner/work/bb-scanner/bb-scanner'
validate	UNKNOWN STEP	2026-10-01T12:40:09.4286360Z ##[group]Initializing the repository
validate	UNKNOWN STEP	2026-10-01T12:40:09.4292744Z [command]/usr/bin/git init /home/runner/work/bb-scanner/bb-scanner
validate	UNKNOWN STEP	2026-10-01T12:40:09.4405039Z hint: Using 'master' as the name for the initial branch. This default branch name
validate	UNKNOWN STEP	2026-10-01T12:40:09.4407909Z hint: will change to "main" in Git 3.0. To configure the initial branch name
validate	UNKNOWN STEP	2026-10-01T12:40:09.4410282Z hint: to use in all of your new repositories, which will suppress this warning,
validate	UNKNOWN STEP	2026-10-01T12:40:09.4412414Z hint: call:
validate	UNKNOWN STEP	2026-10-01T12:40:09.4413643Z hint:
validate	UNKNOWN STEP	2026-10-01T12:40:09.4416782Z hint: 	git config --global init.defaultBranch <name>
validate	UNKNOWN STEP	2026-10-01T12:40:09.4418403Z hint:
validate	UNKNOWN STEP	2026-10-01T12:40:09.4419866Z hint: Names commonly chosen instead of 'master' are 'main', 'trunk' and
validate	UNKNOWN STEP	2026-10-01T12:40:09.4422113Z hint: 'development'. The just-created branch can be renamed via this command:
validate	UNKNOWN STEP	2026-10-01T12:40:09.4424967Z hint:
validate	UNKNOWN STEP	2026-10-01T12:40:09.4426124Z hint: 	git branch -m <name>
validate	UNKNOWN STEP	2026-10-01T12:40:09.4427594Z hint:
validate	UNKNOWN STEP	2026-10-01T12:40:09.4429050Z hint: Disable this message with "git config set advice.defaultBranchName false"
validate	UNKNOWN STEP	2026-10-01T12:40:09.4449478Z Initialized empty Git repository in /home/runner/work/bb-scanner/bb-scanner/.git/
validate	UNKNOWN STEP	2026-10-01T12:40:09.4455032Z [command]/usr/bin/git remote add origin https://github.com/duuu-hub/bb-scanner
validate	UNKNOWN STEP	2026-10-01T12:40:09.4507973Z ##[endgroup]
validate	UNKNOWN STEP	2026-10-01T12:40:09.4509493Z ##[group]Disabling automatic garbage collection
validate	UNKNOWN STEP	2026-10-01T12:40:09.4510787Z [command]/usr/bin/git config --local gc.auto 0
validate	UNKNOWN STEP	2026-10-01T12:40:09.4568645Z ##[endgroup]
validate	UNKNOWN STEP	2026-10-01T12:40:09.4570534Z ##[group]Setting up auth
validate	UNKNOWN STEP	2026-10-01T12:40:09.4572283Z [command]/usr/bin/git config --local --name-only --get-regexp core\.sshCommand
validate	UNKNOWN STEP	2026-10-01T12:40:09.4611016Z [command]/usr/bin/git submodule foreach --recursive sh -c "git config --local --name-only --get-regexp 'core\.sshCommand' && git config --local --unset-all 'core.sshCommand' || :"
validate	UNKNOWN STEP	2026-10-01T12:40:09.5006299Z [command]/usr/bin/git config --local --name-only --get-regexp http\.https\:\/\/github\.com\/\.extraheader
validate	UNKNOWN STEP	2026-10-01T12:40:09.5041519Z [command]/usr/bin/git submodule foreach --recursive sh -c "git config --local --name-only --get-regexp 'http\.https\:\/\/github\.com\/\.extraheader' && git config --local --unset-all 'http.https://github.com/.extraheader' || :"
validate	UNKNOWN STEP	2026-10-01T12:40:09.5287571Z [command]/usr/bin/git config --local --name-only --get-regexp ^includeIf\.gitdir:
validate	UNKNOWN STEP	2026-10-01T12:40:09.5326241Z [command]/usr/bin/git submodule foreach --recursive git config --local --show-origin --name-only --get-regexp remote.origin.url
validate	UNKNOWN STEP	2026-10-01T12:40:09.5550113Z [command]/usr/bin/git config --local http.https://github.com/.extraheader AUTHORIZATION: basic ***
validate	UNKNOWN STEP	2026-10-01T12:40:09.5590072Z ##[endgroup]
validate	UNKNOWN STEP	2026-10-01T12:40:09.5591761Z ##[group]Fetching the repository
validate	UNKNOWN STEP	2026-10-01T12:40:09.5602624Z [command]/usr/bin/git -c protocol.version=2 fetch --no-tags --prune --no-recurse-submodules --depth=1 origin +72b6bfae05d53d147bfe3f618fe0ec4203f2073c:refs/remotes/origin/research-day-edge-lab-v2
validate	UNKNOWN STEP	2026-10-01T12:40:10.3688050Z From https://github.com/duuu-hub/bb-scanner
validate	UNKNOWN STEP	2026-10-01T12:40:10.3690093Z  * [new ref]         72b6bfae05d53d147bfe3f618fe0ec4203f2073c -> origin/research-day-edge-lab-v2
validate	UNKNOWN STEP	2026-10-01T12:40:10.3695053Z ##[endgroup]
validate	UNKNOWN STEP	2026-10-01T12:40:10.3697066Z ##[group]Determining the checkout info
validate	UNKNOWN STEP	2026-10-01T12:40:10.3698989Z ##[endgroup]
validate	UNKNOWN STEP	2026-10-01T12:40:10.3700553Z [command]/usr/bin/git sparse-checkout disable
validate	UNKNOWN STEP	2026-10-01T12:40:10.3755296Z [command]/usr/bin/git config --local --unset-all extensions.worktreeConfig
validate	UNKNOWN STEP	2026-10-01T12:40:10.3788958Z ##[group]Checking out the ref
validate	UNKNOWN STEP	2026-10-01T12:40:10.3795742Z [command]/usr/bin/git checkout --progress --force -B research-day-edge-lab-v2 refs/remotes/origin/research-day-edge-lab-v2
validate	UNKNOWN STEP	2026-10-01T12:40:10.5903314Z Switched to a new branch 'research-day-edge-lab-v2'
validate	UNKNOWN STEP	2026-10-01T12:40:10.5909879Z branch 'research-day-edge-lab-v2' set up to track 'origin/research-day-edge-lab-v2'.
validate	UNKNOWN STEP	2026-10-01T12:40:10.5921004Z ##[endgroup]
validate	UNKNOWN STEP	2026-10-01T12:40:10.5975385Z [command]/usr/bin/git log -1 --format=%H
validate	UNKNOWN STEP	2026-10-01T12:40:10.6005374Z 72b6bfae05d53d147bfe3f618fe0ec4203f2073c
validate	UNKNOWN STEP	2026-10-01T12:40:10.6353512Z ##[group]Run actions/setup-python@v5
validate	UNKNOWN STEP	2026-10-01T12:40:10.6353915Z with:
validate	UNKNOWN STEP	2026-10-01T12:40:10.6354179Z   python-version: 3.12
validate	UNKNOWN STEP	2026-10-01T12:40:10.6354707Z   check-latest: false
validate	UNKNOWN STEP	2026-10-01T12:40:10.6357460Z   token: ***
validate	UNKNOWN STEP	2026-10-01T12:40:10.6357748Z   update-environment: true
validate	UNKNOWN STEP	2026-10-01T12:40:10.6358048Z   allow-prereleases: false
validate	UNKNOWN STEP	2026-10-01T12:40:10.6358323Z   freethreaded: false
validate	UNKNOWN STEP	2026-10-01T12:40:10.6358581Z ##[endgroup]
validate	UNKNOWN STEP	2026-10-01T12:40:10.7661999Z ##[group]Installed versions
validate	UNKNOWN STEP	2026-10-01T12:40:10.8272697Z (node:2310) [DEP0040] DeprecationWarning: The `punycode` module is deprecated. Please use a userland alternative instead.
validate	UNKNOWN STEP	2026-10-01T12:40:10.8274220Z (Use `node --trace-deprecation ...` to show where the warning was created)
validate	UNKNOWN STEP	2026-10-01T12:40:10.8274990Z Successfully set up CPython (3.12.14)
validate	UNKNOWN STEP	2026-10-01T12:40:10.8275968Z ##[endgroup]
validate	UNKNOWN STEP	2026-10-01T12:40:10.8468418Z ##[group]Run pip install pandas==2.3.3 numpy==2.3.3 numba==0.62.1
validate	UNKNOWN STEP	2026-10-01T12:40:10.8468989Z ^[[36;1mpip install pandas==2.3.3 numpy==2.3.3 numba==0.62.1^[[0m
validate	UNKNOWN STEP	2026-10-01T12:40:10.8813928Z shell: /usr/bin/bash -e {0}
validate	UNKNOWN STEP	2026-10-01T12:40:10.8814244Z env:
validate	UNKNOWN STEP	2026-10-01T12:40:10.8814579Z   pythonLocation: /opt/hostedtoolcache/Python/3.12.14/x64
validate	UNKNOWN STEP	2026-10-01T12:40:10.8815102Z   PKG_CONFIG_PATH: /opt/hostedtoolcache/Python/3.12.14/x64/lib/pkgconfig
validate	UNKNOWN STEP	2026-10-01T12:40:10.8815600Z   Python_ROOT_DIR: /opt/hostedtoolcache/Python/3.12.14/x64
validate	UNKNOWN STEP	2026-10-01T12:40:10.8816041Z   Python2_ROOT_DIR: /opt/hostedtoolcache/Python/3.12.14/x64
validate	UNKNOWN STEP	2026-10-01T12:40:10.8816696Z   Python3_ROOT_DIR: /opt/hostedtoolcache/Python/3.12.14/x64
validate	UNKNOWN STEP	2026-10-01T12:40:10.8817146Z   LD_LIBRARY_PATH: /opt/hostedtoolcache/Python/3.12.14/x64/lib
validate	UNKNOWN STEP	2026-10-01T12:40:10.8817531Z ##[endgroup]
validate	UNKNOWN STEP	2026-10-01T12:40:14.7745424Z Collecting pandas==2.3.3
validate	UNKNOWN STEP	2026-10-01T12:40:14.8238867Z   Downloading pandas-2.3.3-cp312-cp312-manylinux_2_24_x86_64.manylinux_2_28_x86_64.whl.metadata (91 kB)
validate	UNKNOWN STEP	2026-10-01T12:40:15.0614385Z Collecting numpy==2.3.3
validate	UNKNOWN STEP	2026-10-01T12:40:15.0673966Z   Downloading numpy-2.3.3-cp312-cp312-manylinux_2_27_x86_64.manylinux_2_28_x86_64.whl.metadata (62 kB)
validate	UNKNOWN STEP	2026-10-01T12:40:15.1812618Z Collecting numba==0.62.1
validate	UNKNOWN STEP	2026-10-01T12:40:15.1867589Z   Downloading numba-0.62.1-cp312-cp312-manylinux2014_x86_64.manylinux_2_17_x86_64.whl.metadata (2.8 kB)
validate	UNKNOWN STEP	2026-10-01T12:40:15.1997369Z Collecting python-dateutil>=2.8.2 (from pandas==2.3.3)
validate	UNKNOWN STEP	2026-10-01T12:40:15.2032877Z   Downloading python_dateutil-2.9.0.post0-py2.py3-none-any.whl.metadata (8.4 kB)
validate	UNKNOWN STEP	2026-10-01T12:40:15.2346151Z Collecting pytz>=2020.1 (from pandas==2.3.3)
validate	UNKNOWN STEP	2026-10-01T12:40:15.2381854Z   Downloading pytz-2026.4-py2.py3-none-any.whl.metadata (22 kB)
validate	UNKNOWN STEP	2026-10-01T12:40:15.2524594Z Collecting tzdata>=2022.7 (from pandas==2.3.3)
validate	UNKNOWN STEP	2026-10-01T12:40:15.2560294Z   Downloading tzdata-2026.4-py2.py3-none-any.whl.metadata (1.4 kB)
validate	UNKNOWN STEP	2026-10-01T12:40:15.3055928Z Collecting llvmlite<0.46,>=0.45.0dev0 (from numba==0.62.1)
validate	UNKNOWN STEP	2026-10-01T12:40:15.3105643Z   Downloading llvmlite-0.45.1-cp312-cp312-manylinux2014_x86_64.manylinux_2_17_x86_64.whl.metadata (4.9 kB)
validate	UNKNOWN STEP	2026-10-01T12:40:15.3241994Z Collecting six>=1.5 (from python-dateutil>=2.8.2->pandas==2.3.3)
validate	UNKNOWN STEP	2026-10-01T12:40:15.3277560Z   Downloading six-1.17.0-py2.py3-none-any.whl.metadata (1.7 kB)
validate	UNKNOWN STEP	2026-10-01T12:40:15.3356461Z Downloading pandas-2.3.3-cp312-cp312-manylinux_2_24_x86_64.manylinux_2_28_x86_64.whl (12.4 MB)
validate	UNKNOWN STEP	2026-10-01T12:40:15.4008367Z    ━━━━━━━━━━━━━━━━━━━━━━━━━━━━━━━━━━━━━━━━ 12.4/12.4 MB 204.9 MB/s  0:00:00
validate	UNKNOWN STEP	2026-10-01T12:40:15.4048570Z Downloading numpy-2.3.3-cp312-cp312-manylinux_2_27_x86_64.manylinux_2_28_x86_64.whl (16.6 MB)
validate	UNKNOWN STEP	2026-10-01T12:40:15.4960740Z    ━━━━━━━━━━━━━━━━━━━━━━━━━━━━━━━━━━━━━━━━ 16.6/16.6 MB 191.1 MB/s  0:00:00
validate	UNKNOWN STEP	2026-10-01T12:40:15.5001502Z Downloading numba-0.62.1-cp312-cp312-manylinux2014_x86_64.manylinux_2_17_x86_64.whl (3.8 MB)
validate	UNKNOWN STEP	2026-10-01T12:40:15.5142101Z    ━━━━━━━━━━━━━━━━━━━━━━━━━━━━━━━━━━━━━━━━ 3.8/3.8 MB 316.0 MB/s  0:00:00
validate	UNKNOWN STEP	2026-10-01T12:40:15.5181638Z Downloading llvmlite-0.45.1-cp312-cp312-manylinux2014_x86_64.manylinux_2_17_x86_64.whl (56.3 MB)
validate	UNKNOWN STEP	2026-10-01T12:40:15.6830233Z    ━━━━━━━━━━━━━━━━━━━━━━━━━━━━━━━━━━━━━━━━ 56.3/56.3 MB 345.5 MB/s  0:00:00
validate	UNKNOWN STEP	2026-10-01T12:40:15.6869216Z Downloading python_dateutil-2.9.0.post0-py2.py3-none-any.whl (229 kB)
validate	UNKNOWN STEP	2026-10-01T12:40:15.6932988Z Downloading pytz-2026.4-py2.py3-none-any.whl (506 kB)
validate	UNKNOWN STEP	2026-10-01T12:40:15.6997158Z Downloading six-1.17.0-py2.py3-none-any.whl (11 kB)
validate	UNKNOWN STEP	2026-10-01T12:40:15.7050208Z Downloading tzdata-2026.4-py2.py3-none-any.whl (347 kB)
validate	UNKNOWN STEP	2026-10-01T12:40:16.0648047Z Installing collected packages: pytz, tzdata, six, numpy, llvmlite, python-dateutil, numba, pandas
validate	UNKNOWN STEP	2026-10-01T12:40:25.7917296Z 
validate	UNKNOWN STEP	2026-10-01T12:40:25.7932893Z Successfully installed llvmlite-0.45.1 numba-0.62.1 numpy-2.3.3 pandas-2.3.3 python-dateutil-2.9.0.post0 pytz-2026.4 six-1.17.0 tzdata-2026.4
validate	UNKNOWN STEP	2026-10-01T12:40:25.8576406Z ##[group]Run set -euo pipefail
validate	UNKNOWN STEP	2026-10-01T12:40:25.8577115Z ^[[36;1mset -euo pipefail^[[0m
validate	UNKNOWN STEP	2026-10-01T12:40:25.8577584Z ^[[36;1mpython -m py_compile scripts/day_edge_canonical.py scripts/relative_pullback_portfolio.py^[[0m
validate	UNKNOWN STEP	2026-10-01T12:40:25.8578308Z ^[[36;1mpython -m unittest discover -s tests -p test_day_edge_canonical.py -v 2>&1 | tee canonical-tests.log^[[0m
validate	UNKNOWN STEP	2026-10-01T12:40:25.8578996Z ^[[36;1mpython -m unittest discover -s tests -p test_day_edge_lab.py -v 2>&1 | tee scout-tests.log^[[0m
validate	UNKNOWN STEP	2026-10-01T12:40:25.8579709Z ^[[36;1mpython -m unittest discover -s tests -p test_relative_pullback_v1.py -v 2>&1 | tee account-tests.log^[[0m
validate	UNKNOWN STEP	2026-10-01T12:40:25.8580328Z ^[[36;1mpython scripts/psar_chronology_smoke.py | tee chronology-smoke.log^[[0m
validate	UNKNOWN STEP	2026-10-01T12:40:25.8645251Z shell: /usr/bin/bash --noprofile --norc -e -o pipefail {0}
validate	UNKNOWN STEP	2026-10-01T12:40:25.8645597Z env:
validate	UNKNOWN STEP	2026-10-01T12:40:25.8645867Z   pythonLocation: /opt/hostedtoolcache/Python/3.12.14/x64
validate	UNKNOWN STEP	2026-10-01T12:40:25.8646340Z   PKG_CONFIG_PATH: /opt/hostedtoolcache/Python/3.12.14/x64/lib/pkgconfig
validate	UNKNOWN STEP	2026-10-01T12:40:25.8646922Z   Python_ROOT_DIR: /opt/hostedtoolcache/Python/3.12.14/x64
validate	UNKNOWN STEP	2026-10-01T12:40:25.8647305Z   Python2_ROOT_DIR: /opt/hostedtoolcache/Python/3.12.14/x64
validate	UNKNOWN STEP	2026-10-01T12:40:25.8647693Z   Python3_ROOT_DIR: /opt/hostedtoolcache/Python/3.12.14/x64
validate	UNKNOWN STEP	2026-10-01T12:40:25.8648076Z   LD_LIBRARY_PATH: /opt/hostedtoolcache/Python/3.12.14/x64/lib
validate	UNKNOWN STEP	2026-10-01T12:40:25.8648404Z ##[endgroup]
validate	UNKNOWN STEP	2026-10-01T12:40:27.0594890Z test_actual_max_hold_used_in_stop_risk_budget (test_day_edge_canonical.CanonicalTests.test_actual_max_hold_used_in_stop_risk_budget) ... ok
validate	UNKNOWN STEP	2026-10-01T12:40:27.0599884Z test_authoritative_mismatch_is_not_a_fake_loss (test_day_edge_canonical.CanonicalTests.test_authoritative_mismatch_is_not_a_fake_loss) ... ok
validate	UNKNOWN STEP	2026-10-01T12:40:27.0601700Z test_beyond_one_week_is_rejected (test_day_edge_canonical.CanonicalTests.test_beyond_one_week_is_rejected) ... ok
validate	UNKNOWN STEP	2026-10-01T12:40:27.0646553Z test_curve_preserves_peak_before_new_entry_cost (test_day_edge_canonical.CanonicalTests.test_curve_preserves_peak_before_new_entry_cost) ... ok
validate	UNKNOWN STEP	2026-10-01T12:40:27.0650140Z test_entry_bar_calls_authority_even_single_tp (test_day_edge_canonical.CanonicalTests.test_entry_bar_calls_authority_even_single_tp) ... ok
validate	UNKNOWN STEP	2026-10-01T12:40:27.0651370Z test_gap_sl_fills_at_worse_open (test_day_edge_canonical.CanonicalTests.test_gap_sl_fills_at_worse_open) ... ok
validate	UNKNOWN STEP	2026-10-01T12:40:27.0661858Z test_incomplete_shards_fail_closed (test_day_edge_canonical.CanonicalTests.test_incomplete_shards_fail_closed) ... ok
validate	UNKNOWN STEP	2026-10-01T12:40:27.0663398Z test_missing_path_is_excluded (test_day_edge_canonical.CanonicalTests.test_missing_path_is_excluded) ... ok
validate	UNKNOWN STEP	2026-10-01T12:40:27.0665738Z test_parent_collision_uses_minute_authority (test_day_edge_canonical.CanonicalTests.test_parent_collision_uses_minute_authority) ... ok
validate	UNKNOWN STEP	2026-10-01T12:40:27.0668123Z test_short_has_linear_entry_denominator (test_day_edge_canonical.CanonicalTests.test_short_has_linear_entry_denominator) ... ok
validate	UNKNOWN STEP	2026-10-01T12:40:27.0669814Z test_timeout_cannot_cross_split (test_day_edge_canonical.CanonicalTests.test_timeout_cannot_cross_split) ... ok
validate	UNKNOWN STEP	2026-10-01T12:40:27.0671404Z test_timeout_is_exact_seed_deadline (test_day_edge_canonical.CanonicalTests.test_timeout_is_exact_seed_deadline) ... ok
validate	UNKNOWN STEP	2026-10-01T12:40:27.0673364Z test_trailing_stop_only_activates_after_bar_close (test_day_edge_canonical.CanonicalTests.test_trailing_stop_only_activates_after_bar_close) ... ok
validate	UNKNOWN STEP	2026-10-01T12:40:27.0720761Z test_union_tie_uses_entry_priority_not_future_outcome (test_day_edge_canonical.CanonicalTests.test_union_tie_uses_entry_priority_not_future_outcome) ... ok
validate	UNKNOWN STEP	2026-10-01T12:40:27.0721747Z 
validate	UNKNOWN STEP	2026-10-01T12:40:27.0722001Z ----------------------------------------------------------------------
validate	UNKNOWN STEP	2026-10-01T12:40:27.0722569Z Ran 14 tests in 0.013s
validate	UNKNOWN STEP	2026-10-01T12:40:27.0722794Z 
validate	UNKNOWN STEP	2026-10-01T12:40:27.0722907Z OK
validate	UNKNOWN STEP	2026-10-01T12:40:27.4535545Z test_btc_missing_timestamp_is_not_forward_filled (test_day_edge_lab.ScoutTests.test_btc_missing_timestamp_is_not_forward_filled) ... ok
validate	UNKNOWN STEP	2026-10-01T12:40:27.4549298Z test_configurations_are_predeclared_and_distinct (test_day_edge_lab.ScoutTests.test_configurations_are_predeclared_and_distinct) ... ok
validate	UNKNOWN STEP	2026-10-01T12:40:27.4587152Z test_eligibility_uses_age_and_past_turnover (test_day_edge_lab.ScoutTests.test_eligibility_uses_age_and_past_turnover) ... ok
validate	UNKNOWN STEP	2026-10-01T12:40:27.4747644Z test_features_are_invariant_to_future_changes (test_day_edge_lab.ScoutTests.test_features_are_invariant_to_future_changes) ... ok
validate	UNKNOWN STEP	2026-10-01T12:40:27.4781135Z test_features_restart_after_gaps (test_day_edge_lab.ScoutTests.test_features_restart_after_gaps) ... ok
validate	UNKNOWN STEP	2026-10-01T12:40:27.4797376Z test_missing_bar_excludes_fixed_time_event (test_day_edge_lab.ScoutTests.test_missing_bar_excludes_fixed_time_event) ... ok
validate	UNKNOWN STEP	2026-10-01T12:40:27.5047789Z test_missing_year_cannot_pass_selection (test_day_edge_lab.ScoutTests.test_missing_year_cannot_pass_selection) ... MERGE_DONE {"status": "NO_CELL_PASSED_FROZEN_GATE", "cells_examined": 144, "shard_count": 1, "eligible_cells": [], "selected": [], "observations": "Overlapping across coins; NO account return inference."}
validate	UNKNOWN STEP	2026-10-01T12:40:27.5051417Z ok
validate	UNKNOWN STEP	2026-10-01T12:40:27.5059705Z test_next_open_entry_and_fixed_open_exit (test_day_edge_lab.ScoutTests.test_next_open_entry_and_fixed_open_exit) ... ok
validate	UNKNOWN STEP	2026-10-01T12:40:27.5075957Z test_outcome_cannot_cross_split (test_day_edge_lab.ScoutTests.test_outcome_cannot_cross_split) ... ok
validate	UNKNOWN STEP	2026-10-01T12:40:27.5095352Z test_quote_volume_baseline_excludes_latest_hour (test_day_edge_lab.ScoutTests.test_quote_volume_baseline_excludes_latest_hour) ... ok
validate	UNKNOWN STEP	2026-10-01T12:40:27.5101598Z test_scheduled_nonoverlap_does_not_use_outcome (test_day_edge_lab.ScoutTests.test_scheduled_nonoverlap_does_not_use_outcome) ... ok
validate	UNKNOWN STEP	2026-10-01T12:40:27.5107475Z test_short_has_linear_entry_denominator (test_day_edge_lab.ScoutTests.test_short_has_linear_entry_denominator) ... ok
validate	UNKNOWN STEP	2026-10-01T12:40:27.5109488Z test_signal_onset_uses_only_previous_closed_state (test_day_edge_lab.ScoutTests.test_signal_onset_uses_only_previous_closed_state) ... ok
validate	UNKNOWN STEP	2026-10-01T12:40:27.5110414Z 
validate	UNKNOWN STEP	2026-10-01T12:40:27.5110661Z ----------------------------------------------------------------------
validate	UNKNOWN STEP	2026-10-01T12:40:27.5111194Z Ran 13 tests in 0.060s
validate	UNKNOWN STEP	2026-10-01T12:40:27.5111407Z 
validate	UNKNOWN STEP	2026-10-01T12:40:27.5111518Z OK
validate	UNKNOWN STEP	2026-10-01T12:40:27.9043186Z test_entry_minute_both_is_loss (test_relative_pullback_v1.ChronologyTests.test_entry_minute_both_is_loss) ... ok
validate	UNKNOWN STEP	2026-10-01T12:40:27.9046078Z test_entry_minute_sl_is_loss (test_relative_pullback_v1.ChronologyTests.test_entry_minute_sl_is_loss) ... ok
validate	UNKNOWN STEP	2026-10-01T12:40:27.9048952Z test_entry_minute_tp_is_loss (test_relative_pullback_v1.ChronologyTests.test_entry_minute_tp_is_loss) ... ok
validate	UNKNOWN STEP	2026-10-01T12:40:27.9057767Z test_entry_price_mismatch_is_excluded (test_relative_pullback_v1.ChronologyTests.test_entry_price_mismatch_is_excluded) ... ok
validate	UNKNOWN STEP	2026-10-01T12:40:27.9060253Z test_established_first_minute_tp_is_win (test_relative_pullback_v1.ChronologyTests.test_established_first_minute_tp_is_win) ... ok
validate	UNKNOWN STEP	2026-10-01T12:40:27.9062181Z test_established_same_minute_both_is_loss (test_relative_pullback_v1.ChronologyTests.test_established_same_minute_both_is_loss) ... ok
validate	UNKNOWN STEP	2026-10-01T12:40:27.9064562Z test_later_sl_proven_before_tp (test_relative_pullback_v1.ChronologyTests.test_later_sl_proven_before_tp) ... ok
validate	UNKNOWN STEP	2026-10-01T12:40:27.9067119Z test_later_tp_proven_before_sl (test_relative_pullback_v1.ChronologyTests.test_later_tp_proven_before_sl) ... ok
validate	UNKNOWN STEP	2026-10-01T12:40:27.9069478Z test_official_data_gap_is_excluded (test_relative_pullback_v1.ChronologyTests.test_official_data_gap_is_excluded) ... ok
validate	UNKNOWN STEP	2026-10-01T12:40:27.9077742Z test_parent_exit_not_reproduced_is_mismatch (test_relative_pullback_v1.ChronologyTests.test_parent_exit_not_reproduced_is_mismatch) ... ok
validate	UNKNOWN STEP	2026-10-01T12:40:27.9079283Z test_short_entry_touch_is_loss (test_relative_pullback_v1.ChronologyTests.test_short_entry_touch_is_loss) ... ok
validate	UNKNOWN STEP	2026-10-01T12:40:27.9080953Z test_short_later_tp_is_win (test_relative_pullback_v1.ChronologyTests.test_short_later_tp_is_win) ... ok
validate	UNKNOWN STEP	2026-10-01T12:40:27.9120200Z test_cash_equals_sum_of_net_trade_pnls (test_relative_pullback_v1.PortfolioTests.test_cash_equals_sum_of_net_trade_pnls) ... ok
validate	UNKNOWN STEP	2026-10-01T12:40:27.9146394Z test_day_loss_blocks_later_entry (test_relative_pullback_v1.PortfolioTests.test_day_loss_blocks_later_entry) ... ok
validate	UNKNOWN STEP	2026-10-01T12:40:27.9192424Z test_drawdown_halt_is_permanent_within_split (test_relative_pullback_v1.PortfolioTests.test_drawdown_halt_is_permanent_within_split) ... ok
validate	UNKNOWN STEP	2026-10-01T12:40:27.9227047Z test_empty_days_are_in_denominator_and_korea_aligned (test_relative_pullback_v1.PortfolioTests.test_empty_days_are_in_denominator_and_korea_aligned) ... ok
validate	UNKNOWN STEP	2026-10-01T12:40:27.9275013Z test_half_risk_latches_into_next_day (test_relative_pullback_v1.PortfolioTests.test_half_risk_latches_into_next_day) ... ok
validate	UNKNOWN STEP	2026-10-01T12:40:27.9303753Z test_profit_above_two_percent_does_not_block_entry (test_relative_pullback_v1.PortfolioTests.test_profit_above_two_percent_does_not_block_entry) ... ok
validate	UNKNOWN STEP	2026-10-01T12:40:27.9328138Z test_same_symbol_opposite_signal_is_rejected (test_relative_pullback_v1.PortfolioTests.test_same_symbol_opposite_signal_is_rejected) ... ok
validate	UNKNOWN STEP	2026-10-01T12:40:27.9352985Z test_short_position_accounting (test_relative_pullback_v1.PortfolioTests.test_short_position_accounting) ... ok
validate	UNKNOWN STEP	2026-10-01T12:40:27.9383256Z test_simultaneous_risk_and_six_slot_caps (test_relative_pullback_v1.PortfolioTests.test_simultaneous_risk_and_six_slot_caps) ... ok
validate	UNKNOWN STEP	2026-10-01T12:40:27.9395563Z test_split_crossing_outcome_is_rejected (test_relative_pullback_v1.PortfolioTests.test_split_crossing_outcome_is_rejected) ... ok
validate	UNKNOWN STEP	2026-10-01T12:40:27.9397021Z test_gap_stop_fills_at_worse_open (test_relative_pullback_v1.SignalTests.test_gap_stop_fills_at_worse_open) ... ok
validate	UNKNOWN STEP	2026-10-01T12:40:27.9407163Z test_hour_only_becomes_available_when_closed (test_relative_pullback_v1.SignalTests.test_hour_only_becomes_available_when_closed) ... ok
validate	UNKNOWN STEP	2026-10-01T12:40:27.9524501Z test_indicators_do_not_use_future_candles (test_relative_pullback_v1.SignalTests.test_indicators_do_not_use_future_candles) ... ok
validate	UNKNOWN STEP	2026-10-01T12:40:27.9550625Z test_indicators_restart_after_data_gap (test_relative_pullback_v1.SignalTests.test_indicators_restart_after_data_gap) ... ok
validate	UNKNOWN STEP	2026-10-01T12:40:27.9552088Z test_missing_timeout_path_is_excluded (test_relative_pullback_v1.SignalTests.test_missing_timeout_path_is_excluded) ... ok
validate	UNKNOWN STEP	2026-10-01T12:40:27.9553215Z test_short_return_uses_linear_entry_denominator (test_relative_pullback_v1.SignalTests.test_short_return_uses_linear_entry_denominator) ... ok
validate	UNKNOWN STEP	2026-10-01T12:40:27.9555433Z test_signal_confirmed_close_and_next_open_alignment (test_relative_pullback_v1.SignalTests.test_signal_confirmed_close_and_next_open_alignment) ... ok
validate	UNKNOWN STEP	2026-10-01T12:40:27.9557725Z test_timeout_is_exactly_twelve_hours (test_relative_pullback_v1.SignalTests.test_timeout_is_exactly_twelve_hours) ... ok
validate	UNKNOWN STEP	2026-10-01T12:40:27.9558308Z 
validate	UNKNOWN STEP	2026-10-01T12:40:27.9558509Z ----------------------------------------------------------------------
validate	UNKNOWN STEP	2026-10-01T12:40:27.9558958Z Ran 30 tests in 0.052s
validate	UNKNOWN STEP	2026-10-01T12:40:27.9559131Z 
validate	UNKNOWN STEP	2026-10-01T12:40:27.9559233Z OK
validate	UNKNOWN STEP	2026-10-01T12:40:28.4848740Z PASS long_preentry_tp_ignored win
validate	UNKNOWN STEP	2026-10-01T12:40:28.4849432Z PASS long_entry_same1m_tp_loss loss
validate	UNKNOWN STEP	2026-10-01T12:40:28.4850042Z PASS long_gap_through_entry_then_tp win
validate	UNKNOWN STEP	2026-10-01T12:40:28.4850507Z PASS short_gap_through_entry_then_tp win
validate	UNKNOWN STEP	2026-10-01T12:40:28.4850951Z PASS long_entry_same1m_sl_loss loss
validate	UNKNOWN STEP	2026-10-01T12:40:28.4851627Z PASS long_entry_same1m_both_loss loss
validate	UNKNOWN STEP	2026-10-01T12:40:28.4852032Z PASS long_entry_then_tp win
validate	UNKNOWN STEP	2026-10-01T12:40:28.4852397Z PASS long_entry_then_sl loss
validate	UNKNOWN STEP	2026-10-01T12:40:28.4852817Z PASS long_preentry_tp_then_entry_continue continue
validate	UNKNOWN STEP	2026-10-01T12:40:28.4853355Z PASS long_entry_not_seen_entry_mismatch entry_mismatch
validate	UNKNOWN STEP	2026-10-01T12:40:28.4853858Z PASS long_established_same1m_both_loss loss
validate	UNKNOWN STEP	2026-10-01T12:40:28.4854463Z PASS long_established_parent_collision_not_seen_exit_mismatch exit_mismatch
validate	UNKNOWN STEP	2026-10-01T12:40:28.4855081Z PASS short_entry_same1m_tp_loss loss
validate	UNKNOWN STEP	2026-10-01T12:40:28.4855654Z PASS short_entry_same1m_sl_loss loss
validate	UNKNOWN STEP	2026-10-01T12:40:28.4856052Z PASS short_entry_then_tp win
validate	UNKNOWN STEP	2026-10-01T12:40:28.4856415Z PASS short_entry_then_sl loss
validate	UNKNOWN STEP	2026-10-01T12:40:28.4857127Z PASS short_preentry_tp_then_entry_continue continue
validate	UNKNOWN STEP	2026-10-01T12:40:28.4857598Z ALL_CHRONOLOGY_SMOKE_PASS
validate	UNKNOWN STEP	2026-10-01T12:40:28.4857946Z PASS resample_exact_buckets
validate	UNKNOWN STEP	2026-10-01T12:40:28.4858306Z PASS psar_open_causality
validate	UNKNOWN STEP	2026-10-01T12:40:28.4858599Z PASS psar_burnin_initialization_sanity
validate	UNKNOWN STEP	2026-10-01T12:40:28.4858940Z PASS binance_1m_header_contract
validate	UNKNOWN STEP	2026-10-01T12:40:28.4859239Z ALL_CANONICAL_INVARIANTS_PASS
validate	UNKNOWN STEP	2026-10-01T12:40:28.5570211Z ##[group]Run gh run download 36858492497 -R duuu-hub/bb-scanner -n day-edge-v2-screen -D scout-results
validate	UNKNOWN STEP	2026-10-01T12:40:28.5571017Z ^[[36;1mgh run download 36858492497 -R duuu-hub/bb-scanner -n day-edge-v2-screen -D scout-results^[[0m
validate	UNKNOWN STEP	2026-10-01T12:40:28.5571500Z ^[[36;1mpython - <<'PY'^[[0m
validate	UNKNOWN STEP	2026-10-01T12:40:28.5571759Z ^[[36;1mimport pathlib,json,shutil^[[0m
validate	UNKNOWN STEP	2026-10-01T12:40:28.5572169Z ^[[36;1mpaths=list(pathlib.Path('scout-results').rglob('selection.json'))^[[0m
validate	UNKNOWN STEP	2026-10-01T12:40:28.5572584Z ^[[36;1massert len(paths)==1,paths^[[0m
validate	UNKNOWN STEP	2026-10-01T12:40:28.5572882Z ^[[36;1mobj=json.loads(paths[0].read_text())^[[0m
validate	UNKNOWN STEP	2026-10-01T12:40:28.5573256Z ^[[36;1massert {s['key']:s['hold'] for s in obj['selected']}=={^[[0m
validate	UNKNOWN STEP	2026-10-01T12:40:28.5573675Z ^[[36;1m  'SHOCK_FADE_L1_T6_M-1':48,'SHOCK_FADE_L4_T6_M-1':96},obj^[[0m
validate	UNKNOWN STEP	2026-10-01T12:40:28.5574047Z ^[[36;1mpathlib.Path('frozen-input').mkdir()^[[0m
validate	UNKNOWN STEP	2026-10-01T12:40:28.5574447Z ^[[36;1mshutil.copyfile(paths[0],'frozen-input/selection.json')^[[0m
validate	UNKNOWN STEP	2026-10-01T12:40:28.5575050Z ^[[36;1mshutil.copyfile('research/day-edge-lab-v2/EXECUTION_PLAN.md','frozen-input/EXECUTION_PLAN.md')^[[0m
validate	UNKNOWN STEP	2026-10-01T12:40:28.5575550Z ^[[36;1mPY^[[0m
validate	UNKNOWN STEP	2026-10-01T12:40:28.5637215Z shell: /usr/bin/bash -e {0}
validate	UNKNOWN STEP	2026-10-01T12:40:28.5637474Z env:
validate	UNKNOWN STEP	2026-10-01T12:40:28.5637746Z   pythonLocation: /opt/hostedtoolcache/Python/3.12.14/x64
validate	UNKNOWN STEP	2026-10-01T12:40:28.5638200Z   PKG_CONFIG_PATH: /opt/hostedtoolcache/Python/3.12.14/x64/lib/pkgconfig
validate	UNKNOWN STEP	2026-10-01T12:40:28.5638638Z   Python_ROOT_DIR: /opt/hostedtoolcache/Python/3.12.14/x64
validate	UNKNOWN STEP	2026-10-01T12:40:28.5639049Z   Python2_ROOT_DIR: /opt/hostedtoolcache/Python/3.12.14/x64
validate	UNKNOWN STEP	2026-10-01T12:40:28.5639446Z   Python3_ROOT_DIR: /opt/hostedtoolcache/Python/3.12.14/x64
validate	UNKNOWN STEP	2026-10-01T12:40:28.5639848Z   LD_LIBRARY_PATH: /opt/hostedtoolcache/Python/3.12.14/x64/lib
validate	UNKNOWN STEP	2026-10-01T12:40:28.5642413Z   GH_TOKEN: ***
validate	UNKNOWN STEP	2026-10-01T12:40:28.5642634Z ##[endgroup]
validate	UNKNOWN STEP	2026-10-01T12:40:32.5211758Z ##[group]Run actions/upload-artifact@v4
validate	UNKNOWN STEP	2026-10-01T12:40:32.5212079Z with:
validate	UNKNOWN STEP	2026-10-01T12:40:32.5212292Z   name: day-edge-v2-frozen-selection
validate	UNKNOWN STEP	2026-10-01T12:40:32.5212563Z   path: frozen-input/
validate	UNKNOWN STEP	2026-10-01T12:40:32.5212787Z   retention-days: 30
validate	UNKNOWN STEP	2026-10-01T12:40:32.5213011Z   if-no-files-found: warn
validate	UNKNOWN STEP	2026-10-01T12:40:32.5213244Z   compression-level: 6
validate	UNKNOWN STEP	2026-10-01T12:40:32.5213461Z   overwrite: false
validate	UNKNOWN STEP	2026-10-01T12:40:32.5213675Z   include-hidden-files: false
validate	UNKNOWN STEP	2026-10-01T12:40:32.5213908Z env:
validate	UNKNOWN STEP	2026-10-01T12:40:32.5214165Z   pythonLocation: /opt/hostedtoolcache/Python/3.12.14/x64
validate	UNKNOWN STEP	2026-10-01T12:40:32.5214608Z   PKG_CONFIG_PATH: /opt/hostedtoolcache/Python/3.12.14/x64/lib/pkgconfig
validate	UNKNOWN STEP	2026-10-01T12:40:32.5215042Z   Python_ROOT_DIR: /opt/hostedtoolcache/Python/3.12.14/x64
validate	UNKNOWN STEP	2026-10-01T12:40:32.5215429Z   Python2_ROOT_DIR: /opt/hostedtoolcache/Python/3.12.14/x64
validate	UNKNOWN STEP	2026-10-01T12:40:32.5215821Z   Python3_ROOT_DIR: /opt/hostedtoolcache/Python/3.12.14/x64
validate	UNKNOWN STEP	2026-10-01T12:40:32.5216249Z   LD_LIBRARY_PATH: /opt/hostedtoolcache/Python/3.12.14/x64/lib
validate	UNKNOWN STEP	2026-10-01T12:40:32.5217056Z ##[endgroup]
validate	UNKNOWN STEP	2026-10-01T12:40:32.6849477Z (node:2376) [DEP0040] DeprecationWarning: The `punycode` module is deprecated. Please use a userland alternative instead.
validate	UNKNOWN STEP	2026-10-01T12:40:32.6850757Z (Use `node --trace-deprecation ...` to show where the warning was created)
validate	UNKNOWN STEP	2026-10-01T12:40:32.6921197Z With the provided path, there will be 2 files uploaded
validate	UNKNOWN STEP	2026-10-01T12:40:32.6926656Z Artifact name is valid!
validate	UNKNOWN STEP	2026-10-01T12:40:32.6947360Z Root directory input is valid!
validate	UNKNOWN STEP	2026-10-01T12:40:32.8793109Z Beginning upload of artifact content to blob storage
validate	UNKNOWN STEP	2026-10-01T12:40:32.9001389Z (node:2376) [DEP0169] DeprecationWarning: `url.parse()` behavior is not standardized and prone to errors that have security implications. Use the WHATWG URL API instead. CVEs are not issued for `url.parse()` vulnerabilities.
validate	UNKNOWN STEP	2026-10-01T12:40:32.9257860Z Uploaded bytes 3288
validate	UNKNOWN STEP	2026-10-01T12:40:32.9410117Z Finished uploading artifact content to blob storage!
validate	UNKNOWN STEP	2026-10-01T12:40:32.9410951Z SHA256 digest of uploaded artifact zip is 6121add97f2a231c2c1cf05deb21bf7fb2399710b8b7e77a32d393c6ad64539a
validate	UNKNOWN STEP	2026-10-01T12:40:32.9412762Z Finalizing artifact upload
validate	UNKNOWN STEP	2026-10-01T12:40:33.1437569Z Artifact day-edge-v2-frozen-selection.zip successfully finalized. Artifact ID 11162237227
validate	UNKNOWN STEP	2026-10-01T12:40:33.1439320Z Artifact day-edge-v2-frozen-selection has been successfully uploaded! Final size is 3288 bytes. Artifact ID is 11162237227
validate	UNKNOWN STEP	2026-10-01T12:40:33.1441074Z Artifact download URL: https://github.com/duuu-hub/bb-scanner/actions/runs/36863290334/artifacts/11162237227
validate	UNKNOWN STEP	2026-10-01T12:40:33.1574207Z ##[group]Run actions/upload-artifact@v4
validate	UNKNOWN STEP	2026-10-01T12:40:33.1574533Z with:
validate	UNKNOWN STEP	2026-10-01T12:40:33.1574776Z   name: day-edge-v2-canonical-validation
validate	UNKNOWN STEP	2026-10-01T12:40:33.1575242Z   path: canonical-tests.log
validate	UNKNOWN STEP	scout-tests.log
validate	UNKNOWN STEP	account-tests.log
validate	UNKNOWN STEP	chronology-smoke.log
validate	UNKNOWN STEP	
validate	UNKNOWN STEP	2026-10-01T12:40:33.1575691Z   retention-days: 30
validate	UNKNOWN STEP	2026-10-01T12:40:33.1575928Z   if-no-files-found: warn
validate	UNKNOWN STEP	2026-10-01T12:40:33.1576193Z   compression-level: 6
validate	UNKNOWN STEP	2026-10-01T12:40:33.1576437Z   overwrite: false
validate	UNKNOWN STEP	2026-10-01T12:40:33.1576927Z   include-hidden-files: false
validate	UNKNOWN STEP	2026-10-01T12:40:33.1577176Z env:
validate	UNKNOWN STEP	2026-10-01T12:40:33.1577453Z   pythonLocation: /opt/hostedtoolcache/Python/3.12.14/x64
validate	UNKNOWN STEP	2026-10-01T12:40:33.1577924Z   PKG_CONFIG_PATH: /opt/hostedtoolcache/Python/3.12.14/x64/lib/pkgconfig
validate	UNKNOWN STEP	2026-10-01T12:40:33.1578378Z   Python_ROOT_DIR: /opt/hostedtoolcache/Python/3.12.14/x64
validate	UNKNOWN STEP	2026-10-01T12:40:33.1578779Z   Python2_ROOT_DIR: /opt/hostedtoolcache/Python/3.12.14/x64
validate	UNKNOWN STEP	2026-10-01T12:40:33.1579232Z   Python3_ROOT_DIR: /opt/hostedtoolcache/Python/3.12.14/x64
validate	UNKNOWN STEP	2026-10-01T12:40:33.1579646Z   LD_LIBRARY_PATH: /opt/hostedtoolcache/Python/3.12.14/x64/lib
validate	UNKNOWN STEP	2026-10-01T12:40:33.1579978Z ##[endgroup]
validate	UNKNOWN STEP	2026-10-01T12:40:33.3185048Z (node:2388) [DEP0040] DeprecationWarning: The `punycode` module is deprecated. Please use a userland alternative instead.
validate	UNKNOWN STEP	2026-10-01T12:40:33.3185803Z (Use `node --trace-deprecation ...` to show where the warning was created)
validate	UNKNOWN STEP	2026-10-01T12:40:33.3248557Z Multiple search paths detected. Calculating the least common ancestor of all paths
validate	UNKNOWN STEP	2026-10-01T12:40:33.3257653Z The least common ancestor is /home/runner/work/bb-scanner/bb-scanner. This will be the root directory of the artifact
validate	UNKNOWN STEP	2026-10-01T12:40:33.3258525Z With the provided path, there will be 4 files uploaded
validate	UNKNOWN STEP	2026-10-01T12:40:33.3259429Z Artifact name is valid!
validate	UNKNOWN STEP	2026-10-01T12:40:33.3260068Z Root directory input is valid!
validate	UNKNOWN STEP	2026-10-01T12:40:33.5487494Z Beginning upload of artifact content to blob storage
validate	UNKNOWN STEP	2026-10-01T12:40:33.5737036Z (node:2388) [DEP0169] DeprecationWarning: `url.parse()` behavior is not standardized and prone to errors that have security implications. Use the WHATWG URL API instead. CVEs are not issued for `url.parse()` vulnerabilities.
validate	UNKNOWN STEP	2026-10-01T12:40:33.5988203Z Uploaded bytes 2599
validate	UNKNOWN STEP	2026-10-01T12:40:33.6305528Z Finished uploading artifact content to blob storage!
validate	UNKNOWN STEP	2026-10-01T12:40:33.6307618Z SHA256 digest of uploaded artifact zip is 47b5f21ce26eaa672b651f52658cd9820b493f76b2d14da437fc0bce728e77b6
validate	UNKNOWN STEP	2026-10-01T12:40:33.6308951Z Finalizing artifact upload
validate	UNKNOWN STEP	2026-10-01T12:40:33.8370884Z Artifact day-edge-v2-canonical-validation.zip successfully finalized. Artifact ID 11162132206
validate	UNKNOWN STEP	2026-10-01T12:40:33.8372452Z Artifact day-edge-v2-canonical-validation has been successfully uploaded! Final size is 2599 bytes. Artifact ID is 11162132206
validate	UNKNOWN STEP	2026-10-01T12:40:33.8377633Z Artifact download URL: https://github.com/duuu-hub/bb-scanner/actions/runs/36863290334/artifacts/11162132206
validate	UNKNOWN STEP	2026-10-01T12:40:33.8536141Z Post job cleanup.
validate	UNKNOWN STEP	2026-10-01T12:40:33.9696189Z (node:2401) [DEP0040] DeprecationWarning: The `punycode` module is deprecated. Please use a userland alternative instead.
validate	UNKNOWN STEP	2026-10-01T12:40:33.9697181Z (Use `node --trace-deprecation ...` to show where the warning was created)
validate	UNKNOWN STEP	2026-10-01T12:40:33.9859912Z Post job cleanup.
validate	UNKNOWN STEP	2026-10-01T12:40:34.0845096Z [command]/usr/bin/git version
validate	UNKNOWN STEP	2026-10-01T12:40:34.0902219Z git version 2.55.0
validate	UNKNOWN STEP	2026-10-01T12:40:34.0956159Z Temporarily overriding HOME='/home/runner/work/_temp/a922981c-c641-45d9-a05e-8bc602faabbd' before making global git config changes
validate	UNKNOWN STEP	2026-10-01T12:40:34.0963378Z Adding repository directory to the temporary git global config as a safe directory
validate	UNKNOWN STEP	2026-10-01T12:40:34.0966988Z [command]/usr/bin/git config --global --add safe.directory /home/runner/work/bb-scanner/bb-scanner
validate	UNKNOWN STEP	2026-10-01T12:40:34.1018398Z [command]/usr/bin/git config --local --name-only --get-regexp core\.sshCommand
validate	UNKNOWN STEP	2026-10-01T12:40:34.1072271Z [command]/usr/bin/git submodule foreach --recursive sh -c "git config --local --name-only --get-regexp 'core\.sshCommand' && git config --local --unset-all 'core.sshCommand' || :"
validate	UNKNOWN STEP	2026-10-01T12:40:34.1402866Z [command]/usr/bin/git config --local --name-only --get-regexp http\.https\:\/\/github\.com\/\.extraheader
validate	UNKNOWN STEP	2026-10-01T12:40:34.1452140Z http.https://github.com/.extraheader
validate	UNKNOWN STEP	2026-10-01T12:40:34.1476668Z [command]/usr/bin/git config --local --unset-all http.https://github.com/.extraheader
validate	UNKNOWN STEP	2026-10-01T12:40:34.1520586Z [command]/usr/bin/git submodule foreach --recursive sh -c "git config --local --name-only --get-regexp 'http\.https\:\/\/github\.com\/\.extraheader' && git config --local --unset-all 'http.https://github.com/.extraheader' || :"
validate	UNKNOWN STEP	2026-10-01T12:40:34.1882945Z [command]/usr/bin/git config --local --name-only --get-regexp ^includeIf\.gitdir:
validate	UNKNOWN STEP	2026-10-01T12:40:34.1939408Z [command]/usr/bin/git submodule foreach --recursive git config --local --show-origin --name-only --get-regexp remote.origin.url
validate	UNKNOWN STEP	2026-10-01T12:40:34.2372272Z Cleaning up orphan processes
validate	UNKNOWN STEP	2026-10-01T12:40:34.2647179Z ##[warning]Node.js 20 is deprecated. The following actions target Node.js 20 but are being forced to run on Node.js 24: actions/checkout@v4, actions/setup-python@v5, actions/upload-artifact@v4. For more information see: https://github.blog/changelog/2025-09-19-deprecation-of-node-20-on-github-actions-runners/
accounts	UNKNOWN STEP	﻿2026-10-01T12:40:38.4250084Z Current runner version: '2.337.0'
accounts	UNKNOWN STEP	2026-10-01T12:40:38.4265938Z ##[group]Runner Image Provisioner
accounts	UNKNOWN STEP	2026-10-01T12:40:38.4266579Z Hosted Compute Agent
accounts	UNKNOWN STEP	2026-10-01T12:40:38.4266937Z Version: 20260901.588
accounts	UNKNOWN STEP	2026-10-01T12:40:38.4267347Z Commit: f88ec8081b781fac6c440065ac7ff9e710ce3d0b
accounts	UNKNOWN STEP	2026-10-01T12:40:38.4267851Z Build Date: 2026-09-01T19:56:44Z
accounts	UNKNOWN STEP	2026-10-01T12:40:38.4268426Z Worker ID: {23d35c66-ff7c-4df1-9fae-9cae8597e5bf}
accounts	UNKNOWN STEP	2026-10-01T12:40:38.4269178Z Azure Region: westus3
accounts	UNKNOWN STEP	2026-10-01T12:40:38.4269529Z ##[endgroup]
accounts	UNKNOWN STEP	2026-10-01T12:40:38.4270423Z ##[group]Operating System
accounts	UNKNOWN STEP	2026-10-01T12:40:38.4270793Z Ubuntu
accounts	UNKNOWN STEP	2026-10-01T12:40:38.4271108Z 24.04.5
accounts	UNKNOWN STEP	2026-10-01T12:40:38.4271455Z LTS
accounts	UNKNOWN STEP	2026-10-01T12:40:38.4271769Z ##[endgroup]
accounts	UNKNOWN STEP	2026-10-01T12:40:38.4272118Z ##[group]Runner Image
accounts	UNKNOWN STEP	2026-10-01T12:40:38.4272563Z Image: ubuntu-24.04
accounts	UNKNOWN STEP	2026-10-01T12:40:38.4272907Z Version: 20260927.320.1
accounts	UNKNOWN STEP	2026-10-01T12:40:38.4273684Z Included Software: https://github.com/actions/runner-images/blob/ubuntu24/20260927.320/images/ubuntu/Ubuntu2404-Readme.md
accounts	UNKNOWN STEP	2026-10-01T12:40:38.4274600Z Image Release: https://github.com/actions/runner-images/releases/tag/ubuntu24%2F20260927.320
accounts	UNKNOWN STEP	2026-10-01T12:40:38.4275164Z ##[endgroup]
accounts	UNKNOWN STEP	2026-10-01T12:40:38.4275830Z ##[group]GITHUB_TOKEN Permissions
accounts	UNKNOWN STEP	2026-10-01T12:40:38.4277203Z Actions: read
accounts	UNKNOWN STEP	2026-10-01T12:40:38.4277582Z Contents: write
accounts	UNKNOWN STEP	2026-10-01T12:40:38.4278089Z Metadata: read
accounts	UNKNOWN STEP	2026-10-01T12:40:38.4278423Z ##[endgroup]
accounts	UNKNOWN STEP	2026-10-01T12:40:38.4279668Z Secret source: Actions
accounts	UNKNOWN STEP	2026-10-01T12:40:38.4280288Z Cache mode: write
accounts	UNKNOWN STEP	2026-10-01T12:40:38.4280710Z Prepare workflow directory
accounts	UNKNOWN STEP	2026-10-01T12:40:38.4479908Z Prepare all required actions
accounts	UNKNOWN STEP	2026-10-01T12:40:38.4510389Z Getting action download info
accounts	UNKNOWN STEP	2026-10-01T12:40:38.7801355Z Download action repository 'actions/checkout@v4' (SHA:11d5960a326750d5838078e36cf38b85af677262)
accounts	UNKNOWN STEP	2026-10-01T12:40:38.9805172Z Download action repository 'actions/setup-python@v5' (SHA:a26af69be951a213d495a4c3e4e4022e16d87065)
accounts	UNKNOWN STEP	2026-10-01T12:40:39.2675428Z Download action repository 'actions/download-artifact@v4' (SHA:d3f86a106a0bac45b974a628896c90dbdf5c8093)
accounts	UNKNOWN STEP	2026-10-01T12:40:40.2585961Z Download action repository 'actions/upload-artifact@v4' (SHA:ea165f8d65b6e75b540449e92b4886f43607fa02)
accounts	UNKNOWN STEP	2026-10-01T12:40:40.9011763Z Complete job name: accounts
accounts	UNKNOWN STEP	2026-10-01T12:40:40.9440385Z ##[group]Run actions/checkout@v4
accounts	UNKNOWN STEP	2026-10-01T12:40:40.9440653Z with:
accounts	UNKNOWN STEP	2026-10-01T12:40:40.9440785Z   repository: duuu-hub/bb-scanner
accounts	UNKNOWN STEP	2026-10-01T12:40:40.9442386Z   token: ***
accounts	UNKNOWN STEP	2026-10-01T12:40:40.9442500Z   ssh-strict: true
accounts	UNKNOWN STEP	2026-10-01T12:40:40.9442619Z   ssh-user: git
accounts	UNKNOWN STEP	2026-10-01T12:40:40.9442748Z   persist-credentials: true
accounts	UNKNOWN STEP	2026-10-01T12:40:40.9442889Z   clean: true
accounts	UNKNOWN STEP	2026-10-01T12:40:40.9443021Z   sparse-checkout-cone-mode: true
accounts	UNKNOWN STEP	2026-10-01T12:40:40.9443168Z   fetch-depth: 1
accounts	UNKNOWN STEP	2026-10-01T12:40:40.9443292Z   fetch-tags: false
accounts	UNKNOWN STEP	2026-10-01T12:40:40.9443410Z   show-progress: true
accounts	UNKNOWN STEP	2026-10-01T12:40:40.9443528Z   lfs: false
accounts	UNKNOWN STEP	2026-10-01T12:40:40.9443635Z   submodules: false
accounts	UNKNOWN STEP	2026-10-01T12:40:40.9443758Z   set-safe-directory: true
accounts	UNKNOWN STEP	2026-10-01T12:40:40.9443899Z   allow-unsafe-pr-checkout: false
accounts	UNKNOWN STEP	2026-10-01T12:40:40.9444125Z ##[endgroup]
accounts	UNKNOWN STEP	2026-10-01T12:40:41.0142719Z Syncing repository: duuu-hub/bb-scanner
accounts	UNKNOWN STEP	2026-10-01T12:40:41.0144089Z ##[group]Getting Git version info
accounts	UNKNOWN STEP	2026-10-01T12:40:41.0144485Z Working directory is '/home/runner/work/bb-scanner/bb-scanner'
accounts	UNKNOWN STEP	2026-10-01T12:40:41.0145025Z [command]/usr/bin/git version
accounts	UNKNOWN STEP	2026-10-01T12:40:41.0177078Z git version 2.55.0
accounts	UNKNOWN STEP	2026-10-01T12:40:41.0189587Z ##[endgroup]
accounts	UNKNOWN STEP	2026-10-01T12:40:41.0200951Z Temporarily overriding HOME='/home/runner/work/_temp/9d551341-144b-4337-bd8a-edb8f5849e67' before making global git config changes
accounts	UNKNOWN STEP	2026-10-01T12:40:41.0201675Z Adding repository directory to the temporary git global config as a safe directory
accounts	UNKNOWN STEP	2026-10-01T12:40:41.0204982Z [command]/usr/bin/git config --global --add safe.directory /home/runner/work/bb-scanner/bb-scanner
accounts	UNKNOWN STEP	2026-10-01T12:40:41.1053523Z Deleting the contents of '/home/runner/work/bb-scanner/bb-scanner'
accounts	UNKNOWN STEP	2026-10-01T12:40:41.1060517Z ##[group]Initializing the repository
accounts	UNKNOWN STEP	2026-10-01T12:40:41.1063960Z [command]/usr/bin/git init /home/runner/work/bb-scanner/bb-scanner
accounts	UNKNOWN STEP	2026-10-01T12:40:41.1945926Z hint: Using 'master' as the name for the initial branch. This default branch name
accounts	UNKNOWN STEP	2026-10-01T12:40:41.1946433Z hint: will change to "main" in Git 3.0. To configure the initial branch name
accounts	UNKNOWN STEP	2026-10-01T12:40:41.1946788Z hint: to use in all of your new repositories, which will suppress this warning,
accounts	UNKNOWN STEP	2026-10-01T12:40:41.1946999Z hint: call:
accounts	UNKNOWN STEP	2026-10-01T12:40:41.1947108Z hint:
accounts	UNKNOWN STEP	2026-10-01T12:40:41.1947284Z hint: 	git config --global init.defaultBranch <name>
accounts	UNKNOWN STEP	2026-10-01T12:40:41.1947460Z hint:
accounts	UNKNOWN STEP	2026-10-01T12:40:41.1947666Z hint: Names commonly chosen instead of 'master' are 'main', 'trunk' and
accounts	UNKNOWN STEP	2026-10-01T12:40:41.1948243Z hint: 'development'. The just-created branch can be renamed via this command:
accounts	UNKNOWN STEP	2026-10-01T12:40:41.1948574Z hint:
accounts	UNKNOWN STEP	2026-10-01T12:40:41.1948753Z hint: 	git branch -m <name>
accounts	UNKNOWN STEP	2026-10-01T12:40:41.1948895Z hint:
accounts	UNKNOWN STEP	2026-10-01T12:40:41.1949073Z hint: Disable this message with "git config set advice.defaultBranchName false"
accounts	UNKNOWN STEP	2026-10-01T12:40:41.1949396Z Initialized empty Git repository in /home/runner/work/bb-scanner/bb-scanner/.git/
accounts	UNKNOWN STEP	2026-10-01T12:40:41.1956144Z [command]/usr/bin/git remote add origin https://github.com/duuu-hub/bb-scanner
accounts	UNKNOWN STEP	2026-10-01T12:40:41.2344469Z ##[endgroup]
accounts	UNKNOWN STEP	2026-10-01T12:40:41.2344824Z ##[group]Disabling automatic garbage collection
accounts	UNKNOWN STEP	2026-10-01T12:40:41.2347038Z [command]/usr/bin/git config --local gc.auto 0
accounts	UNKNOWN STEP	2026-10-01T12:40:41.2746274Z ##[endgroup]
accounts	UNKNOWN STEP	2026-10-01T12:40:41.2746593Z ##[group]Setting up auth
accounts	UNKNOWN STEP	2026-10-01T12:40:41.2751443Z [command]/usr/bin/git config --local --name-only --get-regexp core\.sshCommand
accounts	UNKNOWN STEP	2026-10-01T12:40:41.2777757Z [command]/usr/bin/git submodule foreach --recursive sh -c "git config --local --name-only --get-regexp 'core\.sshCommand' && git config --local --unset-all 'core.sshCommand' || :"
accounts	UNKNOWN STEP	2026-10-01T12:40:41.3035040Z [command]/usr/bin/git config --local --name-only --get-regexp http\.https\:\/\/github\.com\/\.extraheader
accounts	UNKNOWN STEP	2026-10-01T12:40:41.3061473Z [command]/usr/bin/git submodule foreach --recursive sh -c "git config --local --name-only --get-regexp 'http\.https\:\/\/github\.com\/\.extraheader' && git config --local --unset-all 'http.https://github.com/.extraheader' || :"
accounts	UNKNOWN STEP	2026-10-01T12:40:41.3230463Z [command]/usr/bin/git config --local --name-only --get-regexp ^includeIf\.gitdir:
accounts	UNKNOWN STEP	2026-10-01T12:40:41.3256928Z [command]/usr/bin/git submodule foreach --recursive git config --local --show-origin --name-only --get-regexp remote.origin.url
accounts	UNKNOWN STEP	2026-10-01T12:40:41.3433066Z [command]/usr/bin/git config --local http.https://github.com/.extraheader AUTHORIZATION: basic ***
accounts	UNKNOWN STEP	2026-10-01T12:40:41.4145951Z ##[endgroup]
accounts	UNKNOWN STEP	2026-10-01T12:40:41.4207363Z ##[group]Fetching the repository
accounts	UNKNOWN STEP	2026-10-01T12:40:41.4208208Z [command]/usr/bin/git -c protocol.version=2 fetch --no-tags --prune --no-recurse-submodules --depth=1 origin +72b6bfae05d53d147bfe3f618fe0ec4203f2073c:refs/remotes/origin/research-day-edge-lab-v2
accounts	UNKNOWN STEP	2026-10-01T12:40:43.0903389Z From https://github.com/duuu-hub/bb-scanner
accounts	UNKNOWN STEP	2026-10-01T12:40:43.0904024Z  * [new ref]         72b6bfae05d53d147bfe3f618fe0ec4203f2073c -> origin/research-day-edge-lab-v2
accounts	UNKNOWN STEP	2026-10-01T12:40:43.0917619Z ##[endgroup]
accounts	UNKNOWN STEP	2026-10-01T12:40:43.0918348Z ##[group]Determining the checkout info
accounts	UNKNOWN STEP	2026-10-01T12:40:43.0918745Z ##[endgroup]
accounts	UNKNOWN STEP	2026-10-01T12:40:43.0918993Z [command]/usr/bin/git sparse-checkout disable
accounts	UNKNOWN STEP	2026-10-01T12:40:43.0964893Z [command]/usr/bin/git config --local --unset-all extensions.worktreeConfig
accounts	UNKNOWN STEP	2026-10-01T12:40:43.0990085Z ##[group]Checking out the ref
accounts	UNKNOWN STEP	2026-10-01T12:40:43.0993988Z [command]/usr/bin/git checkout --progress --force -B research-day-edge-lab-v2 refs/remotes/origin/research-day-edge-lab-v2
accounts	UNKNOWN STEP	2026-10-01T12:40:43.2571788Z Switched to a new branch 'research-day-edge-lab-v2'
accounts	UNKNOWN STEP	2026-10-01T12:40:43.2574108Z branch 'research-day-edge-lab-v2' set up to track 'origin/research-day-edge-lab-v2'.
accounts	UNKNOWN STEP	2026-10-01T12:40:43.2583589Z ##[endgroup]
accounts	UNKNOWN STEP	2026-10-01T12:40:43.2623142Z [command]/usr/bin/git log -1 --format=%H
accounts	UNKNOWN STEP	2026-10-01T12:40:43.2644833Z 72b6bfae05d53d147bfe3f618fe0ec4203f2073c
accounts	UNKNOWN STEP	2026-10-01T12:40:43.2836093Z ##[group]Run actions/setup-python@v5
accounts	UNKNOWN STEP	2026-10-01T12:40:43.2836273Z with:
accounts	UNKNOWN STEP	2026-10-01T12:40:43.2836392Z   python-version: 3.12
accounts	UNKNOWN STEP	2026-10-01T12:40:43.2836521Z   check-latest: false
accounts	UNKNOWN STEP	2026-10-01T12:40:43.2838340Z   token: ***
accounts	UNKNOWN STEP	2026-10-01T12:40:43.2838470Z   update-environment: true
accounts	UNKNOWN STEP	2026-10-01T12:40:43.2838613Z   allow-prereleases: false
accounts	UNKNOWN STEP	2026-10-01T12:40:43.2838749Z   freethreaded: false
accounts	UNKNOWN STEP	2026-10-01T12:40:43.2838878Z ##[endgroup]
accounts	UNKNOWN STEP	2026-10-01T12:40:43.3678695Z ##[group]Installed versions
accounts	UNKNOWN STEP	2026-10-01T12:40:43.3732757Z (node:2078) [DEP0040] DeprecationWarning: The `punycode` module is deprecated. Please use a userland alternative instead.
accounts	UNKNOWN STEP	2026-10-01T12:40:43.3733329Z (Use `node --trace-deprecation ...` to show where the warning was created)
accounts	UNKNOWN STEP	2026-10-01T12:40:43.3733716Z Successfully set up CPython (3.12.14)
accounts	UNKNOWN STEP	2026-10-01T12:40:43.3734115Z ##[endgroup]
accounts	UNKNOWN STEP	2026-10-01T12:40:43.3886929Z ##[group]Run pip install pandas==2.3.3 numpy==2.3.3
accounts	UNKNOWN STEP	2026-10-01T12:40:43.3887409Z ^[[36;1mpip install pandas==2.3.3 numpy==2.3.3^[[0m
accounts	UNKNOWN STEP	2026-10-01T12:40:43.4137872Z shell: /usr/bin/bash -e {0}
accounts	UNKNOWN STEP	2026-10-01T12:40:43.4138301Z env:
accounts	UNKNOWN STEP	2026-10-01T12:40:43.4138483Z   pythonLocation: /opt/hostedtoolcache/Python/3.12.14/x64
accounts	UNKNOWN STEP	2026-10-01T12:40:43.4138753Z   PKG_CONFIG_PATH: /opt/hostedtoolcache/Python/3.12.14/x64/lib/pkgconfig
accounts	UNKNOWN STEP	2026-10-01T12:40:43.4139004Z   Python_ROOT_DIR: /opt/hostedtoolcache/Python/3.12.14/x64
accounts	UNKNOWN STEP	2026-10-01T12:40:43.4139228Z   Python2_ROOT_DIR: /opt/hostedtoolcache/Python/3.12.14/x64
accounts	UNKNOWN STEP	2026-10-01T12:40:43.4139466Z   Python3_ROOT_DIR: /opt/hostedtoolcache/Python/3.12.14/x64
accounts	UNKNOWN STEP	2026-10-01T12:40:43.4139700Z   LD_LIBRARY_PATH: /opt/hostedtoolcache/Python/3.12.14/x64/lib
accounts	UNKNOWN STEP	2026-10-01T12:40:43.4139896Z ##[endgroup]
accounts	UNKNOWN STEP	2026-10-01T12:40:45.7412113Z Collecting pandas==2.3.3
accounts	UNKNOWN STEP	2026-10-01T12:40:45.7760407Z   Downloading pandas-2.3.3-cp312-cp312-manylinux_2_24_x86_64.manylinux_2_28_x86_64.whl.metadata (91 kB)
accounts	UNKNOWN STEP	2026-10-01T12:40:45.9432780Z Collecting numpy==2.3.3
accounts	UNKNOWN STEP	2026-10-01T12:40:45.9473911Z   Downloading numpy-2.3.3-cp312-cp312-manylinux_2_27_x86_64.manylinux_2_28_x86_64.whl.metadata (62 kB)
accounts	UNKNOWN STEP	2026-10-01T12:40:45.9691221Z Collecting python-dateutil>=2.8.2 (from pandas==2.3.3)
accounts	UNKNOWN STEP	2026-10-01T12:40:45.9721585Z   Downloading python_dateutil-2.9.0.post0-py2.py3-none-any.whl.metadata (8.4 kB)
accounts	UNKNOWN STEP	2026-10-01T12:40:46.0015941Z Collecting pytz>=2020.1 (from pandas==2.3.3)
accounts	UNKNOWN STEP	2026-10-01T12:40:46.0043535Z   Downloading pytz-2026.4-py2.py3-none-any.whl.metadata (22 kB)
accounts	UNKNOWN STEP	2026-10-01T12:40:46.0201697Z Collecting tzdata>=2022.7 (from pandas==2.3.3)
accounts	UNKNOWN STEP	2026-10-01T12:40:46.0232372Z   Downloading tzdata-2026.4-py2.py3-none-any.whl.metadata (1.4 kB)
accounts	UNKNOWN STEP	2026-10-01T12:40:46.0408790Z Collecting six>=1.5 (from python-dateutil>=2.8.2->pandas==2.3.3)
accounts	UNKNOWN STEP	2026-10-01T12:40:46.0436564Z   Downloading six-1.17.0-py2.py3-none-any.whl.metadata (1.7 kB)
accounts	UNKNOWN STEP	2026-10-01T12:40:46.0492061Z Downloading pandas-2.3.3-cp312-cp312-manylinux_2_24_x86_64.manylinux_2_28_x86_64.whl (12.4 MB)
accounts	UNKNOWN STEP	2026-10-01T12:40:46.1534036Z    ━━━━━━━━━━━━━━━━━━━━━━━━━━━━━━━━━━━━━━━━ 12.4/12.4 MB 122.2 MB/s  0:00:00
accounts	UNKNOWN STEP	2026-10-01T12:40:46.1585114Z Downloading numpy-2.3.3-cp312-cp312-manylinux_2_27_x86_64.manylinux_2_28_x86_64.whl (16.6 MB)
accounts	UNKNOWN STEP	2026-10-01T12:40:46.3072502Z    ━━━━━━━━━━━━━━━━━━━━━━━━━━━━━━━━━━━━━━━━ 16.6/16.6 MB 111.3 MB/s  0:00:00
accounts	UNKNOWN STEP	2026-10-01T12:40:46.3105183Z Downloading python_dateutil-2.9.0.post0-py2.py3-none-any.whl (229 kB)
accounts	UNKNOWN STEP	2026-10-01T12:40:46.3160804Z Downloading pytz-2026.4-py2.py3-none-any.whl (506 kB)
accounts	UNKNOWN STEP	2026-10-01T12:40:46.3245288Z Downloading six-1.17.0-py2.py3-none-any.whl (11 kB)
accounts	UNKNOWN STEP	2026-10-01T12:40:46.3295157Z Downloading tzdata-2026.4-py2.py3-none-any.whl (347 kB)
accounts	UNKNOWN STEP	2026-10-01T12:40:46.4939533Z Installing collected packages: pytz, tzdata, six, numpy, python-dateutil, pandas
accounts	UNKNOWN STEP	2026-10-01T12:40:50.6898848Z 
accounts	UNKNOWN STEP	2026-10-01T12:40:50.6908115Z Successfully installed numpy-2.3.3 pandas-2.3.3 python-dateutil-2.9.0.post0 pytz-2026.4 six-1.17.0 tzdata-2026.4
accounts	UNKNOWN STEP	2026-10-01T12:40:50.7419792Z ##[group]Run gh run download 36861359640 -R duuu-hub/bb-scanner -p 'day-edge-v2-canonical-[0-7]' -D canonical-parts
accounts	UNKNOWN STEP	2026-10-01T12:40:50.7420285Z ^[[36;1mgh run download 36861359640 -R duuu-hub/bb-scanner -p 'day-edge-v2-canonical-[0-7]' -D canonical-parts^[[0m
accounts	UNKNOWN STEP	2026-10-01T12:40:50.7474061Z shell: /usr/bin/bash -e {0}
accounts	UNKNOWN STEP	2026-10-01T12:40:50.7474208Z env:
accounts	UNKNOWN STEP	2026-10-01T12:40:50.7474371Z   pythonLocation: /opt/hostedtoolcache/Python/3.12.14/x64
accounts	UNKNOWN STEP	2026-10-01T12:40:50.7474619Z   PKG_CONFIG_PATH: /opt/hostedtoolcache/Python/3.12.14/x64/lib/pkgconfig
accounts	UNKNOWN STEP	2026-10-01T12:40:50.7474863Z   Python_ROOT_DIR: /opt/hostedtoolcache/Python/3.12.14/x64
accounts	UNKNOWN STEP	2026-10-01T12:40:50.7475085Z   Python2_ROOT_DIR: /opt/hostedtoolcache/Python/3.12.14/x64
accounts	UNKNOWN STEP	2026-10-01T12:40:50.7475307Z   Python3_ROOT_DIR: /opt/hostedtoolcache/Python/3.12.14/x64
accounts	UNKNOWN STEP	2026-10-01T12:40:50.7475529Z   LD_LIBRARY_PATH: /opt/hostedtoolcache/Python/3.12.14/x64/lib
accounts	UNKNOWN STEP	2026-10-01T12:40:50.7477389Z   GH_TOKEN: ***
accounts	UNKNOWN STEP	2026-10-01T12:40:50.7477512Z ##[endgroup]
accounts	UNKNOWN STEP	2026-10-01T12:40:55.7518689Z ##[group]Run actions/download-artifact@v4
accounts	UNKNOWN STEP	2026-10-01T12:40:55.7518860Z with:
accounts	UNKNOWN STEP	2026-10-01T12:40:55.7518988Z   name: day-edge-v2-frozen-selection
accounts	UNKNOWN STEP	2026-10-01T12:40:55.7519142Z   path: frozen-input
accounts	UNKNOWN STEP	2026-10-01T12:40:55.7519284Z   merge-multiple: false
accounts	UNKNOWN STEP	2026-10-01T12:40:55.7519423Z   repository: duuu-hub/bb-scanner
accounts	UNKNOWN STEP	2026-10-01T12:40:55.7519564Z   run-id: 36863290334
accounts	UNKNOWN STEP	2026-10-01T12:40:55.7519680Z env:
accounts	UNKNOWN STEP	2026-10-01T12:40:55.7519828Z   pythonLocation: /opt/hostedtoolcache/Python/3.12.14/x64
accounts	UNKNOWN STEP	2026-10-01T12:40:55.7520070Z   PKG_CONFIG_PATH: /opt/hostedtoolcache/Python/3.12.14/x64/lib/pkgconfig
accounts	UNKNOWN STEP	2026-10-01T12:40:55.7520310Z   Python_ROOT_DIR: /opt/hostedtoolcache/Python/3.12.14/x64
accounts	UNKNOWN STEP	2026-10-01T12:40:55.7520527Z   Python2_ROOT_DIR: /opt/hostedtoolcache/Python/3.12.14/x64
accounts	UNKNOWN STEP	2026-10-01T12:40:55.7520740Z   Python3_ROOT_DIR: /opt/hostedtoolcache/Python/3.12.14/x64
accounts	UNKNOWN STEP	2026-10-01T12:40:55.7520958Z   LD_LIBRARY_PATH: /opt/hostedtoolcache/Python/3.12.14/x64/lib
accounts	UNKNOWN STEP	2026-10-01T12:40:55.7521137Z ##[endgroup]
accounts	UNKNOWN STEP	2026-10-01T12:40:55.8429075Z Downloading single artifact
accounts	UNKNOWN STEP	2026-10-01T12:40:55.8543704Z (node:2126) [DEP0040] DeprecationWarning: The `punycode` module is deprecated. Please use a userland alternative instead.
accounts	UNKNOWN STEP	2026-10-01T12:40:55.8544375Z (Use `node --trace-deprecation ...` to show where the warning was created)
accounts	UNKNOWN STEP	2026-10-01T12:40:56.0786008Z Preparing to download the following artifacts:
accounts	UNKNOWN STEP	2026-10-01T12:40:56.0786930Z - day-edge-v2-frozen-selection (ID: 11162237227, Size: 3288, Expected Digest: sha256:6121add97f2a231c2c1cf05deb21bf7fb2399710b8b7e77a32d393c6ad64539a)
accounts	UNKNOWN STEP	2026-10-01T12:40:56.3139400Z Redirecting to blob download url: https://productionresultssa13.blob.core.windows.net/actions-results/5aa468d3-ad17-8575-b68c-5c2747433851/workflow-job-run-e5515e2b-2e35-55aa-a5c2-4fc647a8b195/artifacts/a1ab5e558c97164c8c87a7cba61e1b7a4cc53e7c63ea3b99dbfd01b26ee4afb3.zip
accounts	UNKNOWN STEP	2026-10-01T12:40:56.3140278Z Starting download of artifact to: /home/runner/work/bb-scanner/bb-scanner/frozen-input
accounts	UNKNOWN STEP	2026-10-01T12:40:56.5406205Z (node:2126) [DEP0005] DeprecationWarning: Buffer() is deprecated due to security and usability issues. Please use the Buffer.alloc(), Buffer.allocUnsafe(), or Buffer.from() methods instead.
accounts	UNKNOWN STEP	2026-10-01T12:40:56.5449474Z SHA256 digest of downloaded artifact is 6121add97f2a231c2c1cf05deb21bf7fb2399710b8b7e77a32d393c6ad64539a
accounts	UNKNOWN STEP	2026-10-01T12:40:56.5450001Z Artifact download completed successfully.
accounts	UNKNOWN STEP	2026-10-01T12:40:56.5450280Z Total of 1 artifact(s) downloaded
accounts	UNKNOWN STEP	2026-10-01T12:40:56.5453980Z Download artifact has finished successfully
accounts	UNKNOWN STEP	2026-10-01T12:40:56.5545582Z ##[group]Run gh run download 36095439671 -R duuu-hub/bb-scanner -p 'rank5-binance-um-15m-5y-data-shard-*' -D market
accounts	UNKNOWN STEP	2026-10-01T12:40:56.5546049Z ^[[36;1mgh run download 36095439671 -R duuu-hub/bb-scanner -p 'rank5-binance-um-15m-5y-data-shard-*' -D market^[[0m
accounts	UNKNOWN STEP	2026-10-01T12:40:56.5599238Z shell: /usr/bin/bash -e {0}
accounts	UNKNOWN STEP	2026-10-01T12:40:56.5599382Z env:
accounts	UNKNOWN STEP	2026-10-01T12:40:56.5599536Z   pythonLocation: /opt/hostedtoolcache/Python/3.12.14/x64
accounts	UNKNOWN STEP	2026-10-01T12:40:56.5599785Z   PKG_CONFIG_PATH: /opt/hostedtoolcache/Python/3.12.14/x64/lib/pkgconfig
accounts	UNKNOWN STEP	2026-10-01T12:40:56.5600029Z   Python_ROOT_DIR: /opt/hostedtoolcache/Python/3.12.14/x64
accounts	UNKNOWN STEP	2026-10-01T12:40:56.5600261Z   Python2_ROOT_DIR: /opt/hostedtoolcache/Python/3.12.14/x64
accounts	UNKNOWN STEP	2026-10-01T12:40:56.5600621Z   Python3_ROOT_DIR: /opt/hostedtoolcache/Python/3.12.14/x64
accounts	UNKNOWN STEP	2026-10-01T12:40:56.5600843Z   LD_LIBRARY_PATH: /opt/hostedtoolcache/Python/3.12.14/x64/lib
accounts	UNKNOWN STEP	2026-10-01T12:40:56.5602634Z   GH_TOKEN: ***
accounts	UNKNOWN STEP	2026-10-01T12:40:56.5602756Z ##[endgroup]
accounts	UNKNOWN STEP	2026-10-01T12:43:43.3470769Z ##[group]Run python scripts/day_edge_canonical.py accounts --data market --parts canonical-parts --out day-edge-v2-account --selection frozen-input/selection.json --expected-shards 8
accounts	UNKNOWN STEP	2026-10-01T12:43:43.3471510Z ^[[36;1mpython scripts/day_edge_canonical.py accounts --data market --parts canonical-parts --out day-edge-v2-account --selection frozen-input/selection.json --expected-shards 8^[[0m
accounts	UNKNOWN STEP	2026-10-01T12:43:43.3526277Z shell: /usr/bin/bash -e {0}
accounts	UNKNOWN STEP	2026-10-01T12:43:43.3526428Z env:
accounts	UNKNOWN STEP	2026-10-01T12:43:43.3526591Z   pythonLocation: /opt/hostedtoolcache/Python/3.12.14/x64
accounts	UNKNOWN STEP	2026-10-01T12:43:43.3526846Z   PKG_CONFIG_PATH: /opt/hostedtoolcache/Python/3.12.14/x64/lib/pkgconfig
accounts	UNKNOWN STEP	2026-10-01T12:43:43.3527095Z   Python_ROOT_DIR: /opt/hostedtoolcache/Python/3.12.14/x64
accounts	UNKNOWN STEP	2026-10-01T12:43:43.3527336Z   Python2_ROOT_DIR: /opt/hostedtoolcache/Python/3.12.14/x64
accounts	UNKNOWN STEP	2026-10-01T12:43:43.3527564Z   Python3_ROOT_DIR: /opt/hostedtoolcache/Python/3.12.14/x64
accounts	UNKNOWN STEP	2026-10-01T12:43:43.3527817Z   LD_LIBRARY_PATH: /opt/hostedtoolcache/Python/3.12.14/x64/lib
accounts	UNKNOWN STEP	2026-10-01T12:43:43.3528185Z ##[endgroup]
accounts	UNKNOWN STEP	2026-10-01T12:44:02.7619204Z ACCOUNT DEV__SHOCK_FADE_L1_T6_M-1__ATR2__TIME__20bp__guarded {"trades": 461, "net_return_pct": 5.957041880410885, "cagr_pct": 2.5116172792063463, "mdd_15m_pct": 12.153705328496054, "pf": 1.0829806939621809, "daily_mean_pct": 0.007592895887792602, "day_ge_0_7_pct": 3.290246768507638}
accounts	UNKNOWN STEP	2026-10-01T12:44:03.5289512Z ACCOUNT DEV__SHOCK_FADE_L1_T6_M-1__ATR2__TIME__20bp__diagnostic {"trades": 474, "net_return_pct": 14.834312545091022, "cagr_pct": 6.109082128525367, "mdd_15m_pct": 14.398427380680005, "pf": 1.117473906932357, "daily_mean_pct": 0.018067335079695417, "day_ge_0_7_pct": 5.875440658049354}
accounts	UNKNOWN STEP	2026-10-01T12:44:04.3045398Z ACCOUNT DEV__SHOCK_FADE_L1_T6_M-1__ATR2__TIME__40bp__guarded {"trades": 461, "net_return_pct": 0.07468760008062514, "cagr_pct": 0.03201153544223345, "mdd_15m_pct": 13.325457649208841, "pf": 1.0010649028026046, "daily_mean_pct": 0.000809889169595463, "day_ge_0_7_pct": 3.055229142185664}
accounts	UNKNOWN STEP	2026-10-01T12:44:05.0684326Z ACCOUNT DEV__SHOCK_FADE_L1_T6_M-1__ATR2__TIME__40bp__diagnostic {"trades": 474, "net_return_pct": 4.004692658795417, "cagr_pct": 1.6975628191140624, "mdd_15m_pct": 16.30929477172408, "pf": 1.0331248527290222, "daily_mean_pct": 0.006267004216860371, "day_ge_0_7_pct": 5.522914218566393}
accounts	UNKNOWN STEP	2026-10-01T12:44:05.8124940Z ACCOUNT DEV__SHOCK_FADE_L1_T6_M-1__ATR2__TP2__20bp__guarded {"trades": 464, "net_return_pct": 2.163102061754829, "cagr_pct": 0.9216499678496248, "mdd_15m_pct": 11.345231043961098, "pf": 1.0271157515136333, "daily_mean_pct": 0.003361242702765679, "day_ge_0_7_pct": 3.6427732079905994}
accounts	UNKNOWN STEP	2026-10-01T12:44:06.5551412Z ACCOUNT DEV__SHOCK_FADE_L1_T6_M-1__ATR2__TP2__20bp__diagnostic {"trades": 478, "net_return_pct": 14.069647579237298, "cagr_pct": 5.805601562530094, "mdd_15m_pct": 8.435664125254952, "pf": 1.112014310192025, "daily_mean_pct": 0.016866169095925247, "day_ge_0_7_pct": 5.992949471210341}
accounts	UNKNOWN STEP	2026-10-01T12:44:07.3111914Z ACCOUNT DEV__SHOCK_FADE_L1_T6_M-1__ATR2__TP2__40bp__guarded {"trades": 464, "net_return_pct": -2.3068213826934914, "cagr_pct": -0.9955242588030044, "mdd_15m_pct": 11.911614781604108, "pf": 0.9679923209614747, "daily_mean_pct": -0.0021022992024555, "day_ge_0_7_pct": 3.172737955346651}
accounts	UNKNOWN STEP	2026-10-01T12:44:08.0682020Z ACCOUNT DEV__SHOCK_FADE_L1_T6_M-1__ATR2__TP2__40bp__diagnostic {"trades": 478, "net_return_pct": 3.3978572534469897, "cagr_pct": 1.4427597826724536, "mdd_15m_pct": 10.757925580296265, "pf": 1.0282726655703953, "daily_mean_pct": 0.005199191959093097, "day_ge_0_7_pct": 5.7579318448883665}
accounts	UNKNOWN STEP	2026-10-01T12:44:08.8040671Z ACCOUNT DEV__SHOCK_FADE_L1_T6_M-1__ATR2__TRAIL__20bp__guarded {"trades": 465, "net_return_pct": 2.822313049730396, "cagr_pct": 1.200304953590292, "mdd_15m_pct": 12.807456053094423, "pf": 1.0445938596790225, "daily_mean_pct": 0.004002131668192341, "day_ge_0_7_pct": 2.5851938895417157}
accounts	UNKNOWN STEP	2026-10-01T12:44:09.5401576Z ACCOUNT DEV__SHOCK_FADE_L1_T6_M-1__ATR2__TRAIL__20bp__diagnostic {"trades": 479, "net_return_pct": 7.417062878014469, "cagr_pct": 3.1148049711243075, "mdd_15m_pct": 15.376013830972028, "pf": 1.0708638476715475, "daily_mean_pct": 0.010060255407017361, "day_ge_0_7_pct": 4.230317273795535}
accounts	UNKNOWN STEP	2026-10-01T12:44:10.2920335Z ACCOUNT DEV__SHOCK_FADE_L1_T6_M-1__ATR2__TRAIL__40bp__guarded {"trades": 465, "net_return_pct": -2.353251353751029, "cagr_pct": -1.0156985646777583, "mdd_15m_pct": 14.92701299857376, "pf": 0.9620556720096223, "daily_mean_pct": -0.002133252845848889, "day_ge_0_7_pct": 2.5851938895417157}
accounts	UNKNOWN STEP	2026-10-01T12:44:11.0352930Z ACCOUNT DEV__SHOCK_FADE_L1_T6_M-1__ATR2__TRAIL__40bp__diagnostic {"trades": 479, "net_return_pct": -2.443810302597793, "cagr_pct": -1.0550631454600445, "mdd_15m_pct": 19.75528909338374, "pf": 0.9758792089295824, "daily_mean_pct": -0.001385401571709878, "day_ge_0_7_pct": 4.230317273795535}
accounts	UNKNOWN STEP	2026-10-01T12:44:11.7432269Z ACCOUNT DEV__SHOCK_FADE_L1_T6_M-1__ATR3__TIME__20bp__guarded {"trades": 279, "net_return_pct": 12.732943271926489, "cagr_pct": 5.272285323040182, "mdd_15m_pct": 9.588322150557367, "pf": 1.2377564425923395, "daily_mean_pct": 0.01477374185950235, "day_ge_0_7_pct": 2.937720329024677}
accounts	UNKNOWN STEP	2026-10-01T12:44:12.4609146Z ACCOUNT DEV__SHOCK_FADE_L1_T6_M-1__ATR3__TIME__20bp__diagnostic {"trades": 285, "net_return_pct": 12.570701987927269, "cagr_pct": 5.207309192316645, "mdd_15m_pct": 10.395105130577997, "pf": 1.226062451104219, "daily_mean_pct": 0.014617885892271715, "day_ge_0_7_pct": 2.937720329024677}
accounts	UNKNOWN STEP	2026-10-01T12:44:13.1724223Z ACCOUNT DEV__SHOCK_FADE_L1_T6_M-1__ATR3__TIME__40bp__guarded {"trades": 279, "net_return_pct": 3.1931388019398987, "cagr_pct": 1.356608263212311, "mdd_15m_pct": 10.060708547042157, "pf": 1.094273977426862, "daily_mean_pct": 0.004003091063591243, "day_ge_0_7_pct": 1.0575793184488838}
accounts	UNKNOWN STEP	2026-10-01T12:44:13.8833980Z ACCOUNT DEV__SHOCK_FADE_L1_T6_M-1__ATR3__TIME__40bp__diagnostic {"trades": 285, "net_return_pct": 7.0330548869375065, "cagr_pct": 2.956613617450854, "mdd_15m_pct": 10.910481782129011, "pf": 1.128582994102041, "daily_mean_pct": 0.00864115249508242, "day_ge_0_7_pct": 2.82021151586369}
accounts	UNKNOWN STEP	2026-10-01T12:44:14.5840115Z ACCOUNT DEV__SHOCK_FADE_L1_T6_M-1__ATR3__TP2__20bp__guarded {"trades": 279, "net_return_pct": 14.085653727340762, "cagr_pct": 5.8119659793561596, "mdd_15m_pct": 8.015903907764507, "pf": 1.2626645641938015, "daily_mean_pct": 0.016163077648895036, "day_ge_0_7_pct": 3.290246768507638}
accounts	UNKNOWN STEP	2026-10-01T12:44:15.2933384Z ACCOUNT DEV__SHOCK_FADE_L1_T6_M-1__ATR3__TP2__20bp__diagnostic {"trades": 285, "net_return_pct": 14.402945763847374, "cagr_pct": 5.9380235379409285, "mdd_15m_pct": 8.451423840606834, "pf": 1.2578395488134244, "daily_mean_pct": 0.016494063710608308, "day_ge_0_7_pct": 3.290246768507638}
accounts	UNKNOWN STEP	2026-10-01T12:44:15.9663793Z ACCOUNT DEV__SHOCK_FADE_L1_T6_M-1__ATR3__TP2__40bp__guarded {"trades": 279, "net_return_pct": 8.509672255912815, "cagr_pct": 3.5631437487559925, "mdd_15m_pct": 8.386660456165814, "pf": 1.1611552221313985, "daily_mean_pct": 0.01022384046657705, "day_ge_0_7_pct": 3.290246768507638}
accounts	UNKNOWN STEP	2026-10-01T12:44:16.6520188Z ACCOUNT DEV__SHOCK_FADE_L1_T6_M-1__ATR3__TP2__40bp__diagnostic {"trades": 285, "net_return_pct": 8.715096612887452, "cagr_pct": 3.6471486550095467, "mdd_15m_pct": 8.878676034445922, "pf": 1.158672305211069, "daily_mean_pct": 0.010452969062572063, "day_ge_0_7_pct": 3.290246768507638}
accounts	UNKNOWN STEP	2026-10-01T12:44:17.3502452Z ACCOUNT DEV__SHOCK_FADE_L1_T6_M-1__ATR3__TRAIL__20bp__guarded {"trades": 279, "net_return_pct": 8.924170258720965, "cagr_pct": 3.732552814339374, "mdd_15m_pct": 8.716693704563017, "pf": 1.1795847096282717, "daily_mean_pct": 0.010673498462646055, "day_ge_0_7_pct": 2.4676850763807283}
accounts	UNKNOWN STEP	2026-10-01T12:44:18.0493116Z ACCOUNT DEV__SHOCK_FADE_L1_T6_M-1__ATR3__TRAIL__20bp__diagnostic {"trades": 285, "net_return_pct": 7.991878010362097, "cagr_pct": 3.3509963625258266, "mdd_15m_pct": 9.497996134149489, "pf": 1.1555366250674726, "daily_mean_pct": 0.009691569714102987, "day_ge_0_7_pct": 2.4676850763807283}
accounts	UNKNOWN STEP	2026-10-01T12:44:18.7331364Z ACCOUNT DEV__SHOCK_FADE_L1_T6_M-1__ATR3__TRAIL__40bp__guarded {"trades": 279, "net_return_pct": 3.7520384888772407, "cagr_pct": 1.5915797832301237, "mdd_15m_pct": 9.246720345628097, "pf": 1.0761173498865764, "daily_mean_pct": 0.004909427703932054, "day_ge_0_7_pct": 2.4676850763807283}
accounts	UNKNOWN STEP	2026-10-01T12:44:19.4605115Z ACCOUNT DEV__SHOCK_FADE_L1_T6_M-1__ATR3__TRAIL__40bp__diagnostic {"trades": 285, "net_return_pct": 2.808558422960661, "cagr_pct": 1.1945011796508087, "mdd_15m_pct": 10.071994831966633, "pf": 1.0551261874162705, "daily_mean_pct": 0.0038662497354468145, "day_ge_0_7_pct": 2.4676850763807283}
accounts	UNKNOWN STEP	2026-10-01T12:44:20.1086283Z ACCOUNT DEV__SHOCK_FADE_L1_T6_M-1__ATR4__TIME__20bp__guarded {"trades": 168, "net_return_pct": 8.659633089752106, "cagr_pct": 3.624476704295909, "mdd_15m_pct": 5.57972649774245, "pf": 1.3513205823164618, "daily_mean_pct": 0.010096160805466466, "day_ge_0_7_pct": 1.9976498237367801}
accounts	UNKNOWN STEP	2026-10-01T12:44:20.7883600Z ACCOUNT DEV__SHOCK_FADE_L1_T6_M-1__ATR4__TIME__20bp__diagnostic {"trades": 168, "net_return_pct": 8.927643676744434, "cagr_pct": 3.733970874098058, "mdd_15m_pct": 5.346837501104418, "pf": 1.357542197381366, "daily_mean_pct": 0.010383154006763663, "day_ge_0_7_pct": 1.9976498237367801}
accounts	UNKNOWN STEP	2026-10-01T12:44:21.4455188Z ACCOUNT DEV__SHOCK_FADE_L1_T6_M-1__ATR4__TIME__40bp__guarded {"trades": 168, "net_return_pct": 5.8293629099807065, "cagr_pct": 2.4586432727717877, "mdd_15m_pct": 6.0282134038326864, "pf": 1.2361381385000245, "daily_mean_pct": 0.006972824319704776, "day_ge_0_7_pct": 1.762632197414806}
accounts	UNKNOWN STEP	2026-10-01T12:44:22.1109387Z ACCOUNT DEV__SHOCK_FADE_L1_T6_M-1__ATR4__TIME__40bp__diagnostic {"trades": 168, "net_return_pct": 6.083641673700502, "cagr_pct": 2.5641075397108137, "mdd_15m_pct": 5.802425124822292, "pf": 1.2436635001930096, "daily_mean_pct": 0.007252355641634942, "day_ge_0_7_pct": 1.762632197414806}
accounts	UNKNOWN STEP	2026-10-01T12:44:22.7805032Z ACCOUNT DEV__SHOCK_FADE_L1_T6_M-1__ATR4__TP2__20bp__guarded {"trades": 168, "net_return_pct": 8.269581110824209, "cagr_pct": 3.4648472001313824, "mdd_15m_pct": 5.579726497742498, "pf": 1.3368596281043588, "daily_mean_pct": 0.009671574890544451, "day_ge_0_7_pct": 1.8801410105757932}
accounts	UNKNOWN STEP	2026-10-01T12:44:23.4375331Z ACCOUNT DEV__SHOCK_FADE_L1_T6_M-1__ATR4__TP2__20bp__diagnostic {"trades": 168, "net_return_pct": 8.536629628860236, "cagr_pct": 3.5741726983939737, "mdd_15m_pct": 5.3468375011044085, "pf": 1.3432744696129346, "daily_mean_pct": 0.009958568091841907, "day_ge_0_7_pct": 1.8801410105757932}
accounts	UNKNOWN STEP	2026-10-01T12:44:24.1110413Z ACCOUNT DEV__SHOCK_FADE_L1_T6_M-1__ATR4__TP2__40bp__guarded {"trades": 168, "net_return_pct": 5.460215270653324, "cagr_pct": 2.3052782059633126, "mdd_15m_pct": 6.028213403832719, "pf": 1.2220582677191296, "daily_mean_pct": 0.006560295831397691, "day_ge_0_7_pct": 1.645123384253819}
accounts	UNKNOWN STEP	2026-10-01T12:44:24.7687499Z ACCOUNT DEV__SHOCK_FADE_L1_T6_M-1__ATR4__TP2__40bp__diagnostic {"trades": 168, "net_return_pct": 5.713607074433291, "cagr_pct": 2.410584608872246, "mdd_15m_pct": 5.8024251248223715, "pf": 1.2297481967726556, "daily_mean_pct": 0.006839827153327843, "day_ge_0_7_pct": 1.645123384253819}
accounts	UNKNOWN STEP	2026-10-01T12:44:25.4255967Z ACCOUNT DEV__SHOCK_FADE_L1_T6_M-1__ATR4__TRAIL__20bp__guarded {"trades": 168, "net_return_pct": 10.514275838316522, "cagr_pct": 4.379049599745377, "mdd_15m_pct": 5.129953236313956, "pf": 1.4497289695717532, "daily_mean_pct": 0.012070553185391042, "day_ge_0_7_pct": 1.8801410105757932}
accounts	UNKNOWN STEP	2026-10-01T12:44:26.0554729Z ACCOUNT DEV__SHOCK_FADE_L1_T6_M-1__ATR4__TRAIL__20bp__diagnostic {"trades": 168, "net_return_pct": 10.514275838316522, "cagr_pct": 4.379049599745377, "mdd_15m_pct": 5.129953236313956, "pf": 1.4497289695717532, "daily_mean_pct": 0.012070553185391042, "day_ge_0_7_pct": 1.8801410105757932}
accounts	UNKNOWN STEP	2026-10-01T12:44:26.7137752Z ACCOUNT DEV__SHOCK_FADE_L1_T6_M-1__ATR4__TRAIL__40bp__guarded {"trades": 168, "net_return_pct": 7.592884904200248, "cagr_pct": 3.1871266884400784, "mdd_15m_pct": 5.301278896552304, "pf": 1.3235254185925016, "daily_mean_pct": 0.008900586987724413, "day_ge_0_7_pct": 1.645123384253819}
accounts	UNKNOWN STEP	2026-10-01T12:44:27.3821811Z ACCOUNT DEV__SHOCK_FADE_L1_T6_M-1__ATR4__TRAIL__40bp__diagnostic {"trades": 168, "net_return_pct": 7.592884904200248, "cagr_pct": 3.1871266884400784, "mdd_15m_pct": 5.301278896552304, "pf": 1.3235254185925016, "daily_mean_pct": 0.008900586987724413, "day_ge_0_7_pct": 1.645123384253819}
accounts	UNKNOWN STEP	2026-10-01T12:44:28.0582315Z ACCOUNT DEV__SHOCK_FADE_L4_T6_M-1__ATR2__TIME__20bp__guarded {"trades": 172, "net_return_pct": 5.6743661528771305, "cagr_pct": 2.3942860262677, "mdd_15m_pct": 15.014424767368622, "pf": 1.150971820269743, "daily_mean_pct": 0.007216143509502265, "day_ge_0_7_pct": 1.410105757931845}
accounts	UNKNOWN STEP	2026-10-01T12:44:29.7093948Z ACCOUNT DEV__SHOCK_FADE_L4_T6_M-1__ATR2__TIME__20bp__diagnostic {"trades": 2094, "net_return_pct": -80.29799274683312, "cagr_pct": -50.16222698632853, "mdd_15m_pct": 84.40287572501357, "pf": 0.7418653111236745, "daily_mean_pct": -0.18091040289631274, "day_ge_0_7_pct": 15.158636897767334}
accounts	UNKNOWN STEP	2026-10-01T12:44:30.3787151Z ACCOUNT DEV__SHOCK_FADE_L4_T6_M-1__ATR2__TIME__40bp__guarded {"trades": 168, "net_return_pct": 3.9615452477093305, "cagr_pct": 1.6794738233566475, "mdd_15m_pct": 15.035004346606925, "pf": 1.1090565646369197, "daily_mean_pct": 0.005237066359424034, "day_ge_0_7_pct": 1.2925969447708578}
accounts	UNKNOWN STEP	2026-10-01T12:44:32.0375050Z ACCOUNT DEV__SHOCK_FADE_L4_T6_M-1__ATR2__TIME__40bp__diagnostic {"trades": 2092, "net_return_pct": -85.80538842853096, "cagr_pct": -56.69702459704635, "mdd_15m_pct": 88.50273033899876, "pf": 0.6933199111516225, "daily_mean_pct": -0.21977044527018905, "day_ge_0_7_pct": 13.983548766157462}
accounts	UNKNOWN STEP	2026-10-01T12:44:32.7373641Z ACCOUNT DEV__SHOCK_FADE_L4_T6_M-1__ATR2__TP2__20bp__guarded {"trades": 217, "net_return_pct": -3.832772354124947, "cagr_pct": -1.6614582408027823, "mdd_15m_pct": 15.030942345252967, "pf": 0.9353603652854064, "daily_mean_pct": -0.004063560188916998, "day_ge_0_7_pct": 1.8801410105757932}
accounts	UNKNOWN STEP	2026-10-01T12:44:34.2696715Z ACCOUNT DEV__SHOCK_FADE_L4_T6_M-1__ATR2__TP2__20bp__diagnostic {"trades": 2276, "net_return_pct": -74.38430437628729, "cagr_pct": -44.226454348569696, "mdd_15m_pct": 77.77813700656277, "pf": 0.7790406533818425, "daily_mean_pct": -0.1538793844899797, "day_ge_0_7_pct": 16.45123384253819}
accounts	UNKNOWN STEP	2026-10-01T12:44:34.9671417Z ACCOUNT DEV__SHOCK_FADE_L4_T6_M-1__ATR2__TP2__40bp__guarded {"trades": 203, "net_return_pct": -5.699661233895337, "cagr_pct": -2.484443547432702, "mdd_15m_pct": 15.044435541649397, "pf": 0.8990274329111381, "daily_mean_pct": -0.006411112290082082, "day_ge_0_7_pct": 1.645123384253819}
accounts	UNKNOWN STEP	2026-10-01T12:44:36.4969385Z ACCOUNT DEV__SHOCK_FADE_L4_T6_M-1__ATR2__TP2__40bp__diagnostic {"trades": 2274, "net_return_pct": -82.5028930864441, "cagr_pct": -52.6345397231881, "mdd_15m_pct": 84.45672118371385, "pf": 0.7216559311182134, "daily_mean_pct": -0.19878260863656247, "day_ge_0_7_pct": 15.62867215041128}
accounts	UNKNOWN STEP	2026-10-01T12:44:37.1567126Z ACCOUNT DEV__SHOCK_FADE_L4_T6_M-1__ATR2__TRAIL__20bp__guarded {"trades": 270, "net_return_pct": -8.543139023521062, "cagr_pct": -3.7560290586482803, "mdd_15m_pct": 15.013045659505439, "pf": 0.8254706087732111, "daily_mean_pct": -0.009831452342899819, "day_ge_0_7_pct": 1.1750881316098707}
accounts	UNKNOWN STEP	2026-10-01T12:44:38.4605567Z ACCOUNT DEV__SHOCK_FADE_L4_T6_M-1__ATR2__TRAIL__20bp__diagnostic {"trades": 2495, "net_return_pct": -82.04986343392918, "cagr_pct": -52.112634116942225, "mdd_15m_pct": 83.48624863210453, "pf": 0.6590740060434007, "daily_mean_pct": -0.19571379091633997, "day_ge_0_7_pct": 9.9882491186839}
accounts	UNKNOWN STEP	2026-10-01T12:44:39.1298533Z ACCOUNT DEV__SHOCK_FADE_L4_T6_M-1__ATR2__TRAIL__40bp__guarded {"trades": 248, "net_return_pct": -9.381626438203817, "cagr_pct": -4.135296691466572, "mdd_15m_pct": 15.011150106727184, "pf": 0.7901250941827503, "daily_mean_pct": -0.010963312459748648, "day_ge_0_7_pct": 1.0575793184488838}
accounts	UNKNOWN STEP	2026-10-01T12:44:40.4373146Z ACCOUNT DEV__SHOCK_FADE_L4_T6_M-1__ATR2__TRAIL__40bp__diagnostic {"trades": 2492, "net_return_pct": -88.11126207049288, "cagr_pct": -59.86592084472062, "mdd_15m_pct": 88.90474003201906, "pf": 0.5915042619070151, "daily_mean_pct": -0.24403304064710132, "day_ge_0_7_pct": 8.695652173913043}
accounts	UNKNOWN STEP	2026-10-01T12:44:41.0827448Z ACCOUNT DEV__SHOCK_FADE_L4_T6_M-1__ATR3__TIME__20bp__guarded {"trades": 113, "net_return_pct": -6.1148671638818435, "cagr_pct": -2.6687421195408456, "mdd_15m_pct": 15.160759634952758, "pf": 0.7702194891982881, "daily_mean_pct": -0.007036750621479591, "day_ge_0_7_pct": 0.9400705052878966}
accounts	UNKNOWN STEP	2026-10-01T12:44:42.5890794Z ACCOUNT DEV__SHOCK_FADE_L4_T6_M-1__ATR3__TIME__20bp__diagnostic {"trades": 1453, "net_return_pct": -52.00994433202513, "cagr_pct": -27.002087546150257, "mdd_15m_pct": 59.83716938923429, "pf": 0.7811173066933905, "daily_mean_pct": -0.08148844766571164, "day_ge_0_7_pct": 11.985898942420683}
accounts	UNKNOWN STEP	2026-10-01T12:44:43.2472487Z ACCOUNT DEV__SHOCK_FADE_L4_T6_M-1__ATR3__TIME__40bp__guarded {"trades": 116, "net_return_pct": -6.853083936769277, "cagr_pct": -2.997569854037918, "mdd_15m_pct": 15.023504939882192, "pf": 0.7404324017157856, "daily_mean_pct": -0.0080028560012206, "day_ge_0_7_pct": 0.9400705052878966}
accounts	UNKNOWN STEP	2026-10-01T12:44:44.8086030Z ACCOUNT DEV__SHOCK_FADE_L4_T6_M-1__ATR3__TIME__40bp__diagnostic {"trades": 1451, "net_return_pct": -60.39150136623499, "cagr_pct": -32.76846734983656, "mdd_15m_pct": 65.99169740575363, "pf": 0.7274341189101413, "daily_mean_pct": -0.10417496108876974, "day_ge_0_7_pct": 11.163337250293772}
accounts	UNKNOWN STEP	2026-10-01T12:44:45.4771285Z ACCOUNT DEV__SHOCK_FADE_L4_T6_M-1__ATR3__TP2__20bp__guarded {"trades": 145, "net_return_pct": -7.099843632874925, "cagr_pct": -3.1078171552689104, "mdd_15m_pct": 15.011546135441831, "pf": 0.781880525543005, "daily_mean_pct": -0.00833796662493988, "day_ge_0_7_pct": 1.1750881316098707}
accounts	UNKNOWN STEP	2026-10-01T12:44:46.9325508Z ACCOUNT DEV__SHOCK_FADE_L4_T6_M-1__ATR3__TP2__20bp__diagnostic {"trades": 1498, "net_return_pct": -49.61439556668014, "cagr_pct": -25.461675986912713, "mdd_15m_pct": 58.10282664359083, "pf": 0.7974882992829823, "daily_mean_pct": -0.0764836316593355, "day_ge_0_7_pct": 12.220916568742656}
accounts	UNKNOWN STEP	2026-10-01T12:44:47.5993528Z ACCOUNT DEV__SHOCK_FADE_L4_T6_M-1__ATR3__TP2__40bp__guarded {"trades": 143, "net_return_pct": -7.964557122779448, "cagr_pct": -3.495479835903448, "mdd_15m_pct": 15.008916410001785, "pf": 0.7493898839141325, "daily_mean_pct": -0.009452088431718107, "day_ge_0_7_pct": 1.0575793184488838}
accounts	UNKNOWN STEP	2026-10-01T12:44:49.0593947Z ACCOUNT DEV__SHOCK_FADE_L4_T6_M-1__ATR3__TP2__40bp__diagnostic {"trades": 1494, "net_return_pct": -58.8551642194733, "cagr_pct": -31.66266004109104, "mdd_15m_pct": 64.86555990082167, "pf": 0.7413956362092738, "daily_mean_pct": -0.10039871322267747, "day_ge_0_7_pct": 11.163337250293772}
accounts	UNKNOWN STEP	2026-10-01T12:44:49.7467680Z ACCOUNT DEV__SHOCK_FADE_L4_T6_M-1__ATR3__TRAIL__20bp__guarded {"trades": 180, "net_return_pct": -9.499219798301228, "cagr_pct": -4.18864700358853, "mdd_15m_pct": 15.00630057389139, "pf": 0.668943426343409, "daily_mean_pct": -0.011390296817171113, "day_ge_0_7_pct": 1.0575793184488838}
accounts	UNKNOWN STEP	2026-10-01T12:44:51.0466999Z ACCOUNT DEV__SHOCK_FADE_L4_T6_M-1__ATR3__TRAIL__20bp__diagnostic {"trades": 1624, "net_return_pct": -62.42280784657612, "cagr_pct": -34.268846182424205, "mdd_15m_pct": 64.92942700182091, "pf": 0.6620013735710282, "daily_mean_pct": -0.11210697770262731, "day_ge_0_7_pct": 6.933019976498238}
accounts	UNKNOWN STEP	2026-10-01T12:44:51.6838111Z ACCOUNT DEV__SHOCK_FADE_L4_T6_M-1__ATR3__TRAIL__40bp__guarded {"trades": 188, "net_return_pct": -10.330339806242673, "cagr_pct": -4.56684768565, "mdd_15m_pct": 15.064605341867827, "pf": 0.6345103235942345, "daily_mean_pct": -0.012498992379408817, "day_ge_0_7_pct": 1.0575793184488838}
accounts	UNKNOWN STEP	2026-10-01T12:44:52.9860959Z ACCOUNT DEV__SHOCK_FADE_L4_T6_M-1__ATR3__TRAIL__40bp__diagnostic {"trades": 1622, "net_return_pct": -69.74473581228304, "cagr_pct": -40.100826549599944, "mdd_15m_pct": 71.49331811384371, "pf": 0.5991368356771393, "daily_mean_pct": -0.1375669727110679, "day_ge_0_7_pct": 6.345475910693302}
accounts	UNKNOWN STEP	2026-10-01T12:44:53.7155048Z ACCOUNT DEV__SHOCK_FADE_L4_T6_M-1__ATR4__TIME__20bp__guarded {"trades": 213, "net_return_pct": -8.667500185774134, "cagr_pct": -3.8121547135357536, "mdd_15m_pct": 15.124877157269905, "pf": 0.7366025978965733, "daily_mean_pct": -0.01030467749358602, "day_ge_0_7_pct": 1.0575793184488838}
accounts	UNKNOWN STEP	2026-10-01T12:44:54.9120976Z ACCOUNT DEV__SHOCK_FADE_L4_T6_M-1__ATR4__TIME__20bp__diagnostic {"trades": 835, "net_return_pct": -32.30853155661399, "cagr_pct": -15.403893459418294, "mdd_15m_pct": 43.23049934464923, "pf": 0.7703267923635492, "daily_mean_pct": -0.043550824400778926, "day_ge_0_7_pct": 6.345475910693302}
accounts	UNKNOWN STEP	2026-10-01T12:44:55.6232853Z ACCOUNT DEV__SHOCK_FADE_L4_T6_M-1__ATR4__TIME__40bp__guarded {"trades": 159, "net_return_pct": -9.036736414376668, "cagr_pct": -3.9790530834847515, "mdd_15m_pct": 15.041567147635565, "pf": 0.65646681631294, "daily_mean_pct": -0.010838814099152952, "day_ge_0_7_pct": 0.7050528789659225}
accounts	UNKNOWN STEP	2026-10-01T12:44:56.8124528Z ACCOUNT DEV__SHOCK_FADE_L4_T6_M-1__ATR4__TIME__40bp__diagnostic {"trades": 834, "net_return_pct": -38.894613707789794, "cagr_pct": -19.035827472919607, "mdd_15m_pct": 47.98114768983031, "pf": 0.7139867723220263, "daily_mean_pct": -0.055627773254811975, "day_ge_0_7_pct": 5.992949471210341}
accounts	UNKNOWN STEP	2026-10-01T12:44:57.5410677Z ACCOUNT DEV__SHOCK_FADE_L4_T6_M-1__ATR4__TP2__20bp__guarded {"trades": 214, "net_return_pct": -9.426027373573376, "cagr_pct": -4.155436067682173, "mdd_15m_pct": 15.188768592489934, "pf": 0.7437403081243201, "daily_mean_pct": -0.011227032037155206, "day_ge_0_7_pct": 1.0575793184488838}
accounts	UNKNOWN STEP	2026-10-01T12:44:58.7318270Z ACCOUNT DEV__SHOCK_FADE_L4_T6_M-1__ATR4__TP2__20bp__diagnostic {"trades": 844, "net_return_pct": -27.272842772634466, "cagr_pct": -12.761191136102068, "mdd_15m_pct": 37.47033297775448, "pf": 0.8147244053962696, "daily_mean_pct": -0.03520202228686794, "day_ge_0_7_pct": 6.933019976498238}
accounts	UNKNOWN STEP	2026-10-01T12:44:59.4880695Z ACCOUNT DEV__SHOCK_FADE_L4_T6_M-1__ATR4__TP2__40bp__guarded {"trades": 209, "net_return_pct": -9.98756456399461, "cagr_pct": -4.410626371889759, "mdd_15m_pct": 15.291787326628596, "pf": 0.7149480650265722, "daily_mean_pct": -0.012000444787302156, "day_ge_0_7_pct": 0.8225616921269095}
accounts	UNKNOWN STEP	2026-10-01T12:45:00.6562749Z ACCOUNT DEV__SHOCK_FADE_L4_T6_M-1__ATR4__TP2__40bp__diagnostic {"trades": 843, "net_return_pct": -34.57206389736315, "cagr_pct": -16.628385494446064, "mdd_15m_pct": 42.85647182629948, "pf": 0.7565214764939611, "daily_mean_pct": -0.047678917826858076, "day_ge_0_7_pct": 6.580493537015276}
accounts	UNKNOWN STEP	2026-10-01T12:45:01.3652931Z ACCOUNT DEV__SHOCK_FADE_L4_T6_M-1__ATR4__TRAIL__20bp__guarded {"trades": 208, "net_return_pct": -10.215797672461823, "cagr_pct": -4.51460671302174, "mdd_15m_pct": 15.051144018607484, "pf": 0.6736646013698667, "daily_mean_pct": -0.012256700204882317, "day_ge_0_7_pct": 0.8225616921269095}
accounts	UNKNOWN STEP	2026-10-01T12:45:02.4662470Z ACCOUNT DEV__SHOCK_FADE_L4_T6_M-1__ATR4__TRAIL__20bp__diagnostic {"trades": 873, "net_return_pct": -36.58655417234375, "cagr_pct": -17.738674476982254, "mdd_15m_pct": 42.41379523304294, "pf": 0.7048085761775847, "daily_mean_pct": -0.0517624793789306, "day_ge_0_7_pct": 5.287896592244419}
accounts	UNKNOWN STEP	2026-10-01T12:45:03.1568352Z ACCOUNT DEV__SHOCK_FADE_L4_T6_M-1__ATR4__TRAIL__40bp__guarded {"trades": 181, "net_return_pct": -10.669378401394503, "cagr_pct": -4.7217019779607465, "mdd_15m_pct": 15.101235703057498, "pf": 0.6284838352689901, "daily_mean_pct": -0.012880073282774478, "day_ge_0_7_pct": 0.8225616921269095}
accounts	UNKNOWN STEP	2026-10-01T12:45:04.2684066Z ACCOUNT DEV__SHOCK_FADE_L4_T6_M-1__ATR4__TRAIL__40bp__diagnostic {"trades": 873, "net_return_pct": -43.0365915888603, "cagr_pct": -21.435802322359077, "mdd_15m_pct": 47.67712825940305, "pf": 0.6441482925690364, "daily_mean_pct": -0.06438438605314102, "day_ge_0_7_pct": 4.700352526439483}
accounts	UNKNOWN STEP	2026-10-01T12:45:04.9907138Z ACCOUNT DEV__UNION__ATR2__TIME__20bp__guarded {"trades": 174, "net_return_pct": -0.8667124851076125, "cagr_pct": -0.3724812927966781, "mdd_15m_pct": 15.052170913037328, "pf": 0.9803746874842396, "daily_mean_pct": -0.00017086002328763086, "day_ge_0_7_pct": 1.2925969447708578}
accounts	UNKNOWN STEP	2026-10-01T12:45:06.6187561Z ACCOUNT DEV__UNION__ATR2__TIME__20bp__diagnostic {"trades": 2180, "net_return_pct": -85.81655139980707, "cagr_pct": -56.711626930211324, "mdd_15m_pct": 88.0395541909028, "pf": 0.6966195363616864, "daily_mean_pct": -0.21988746078640317, "day_ge_0_7_pct": 14.806110458284373}
accounts	UNKNOWN STEP	2026-10-01T12:45:07.3190719Z ACCOUNT DEV__UNION__ATR2__TIME__40bp__guarded {"trades": 177, "net_return_pct": -2.6773454059494495, "cagr_pct": -1.1566736928110943, "mdd_15m_pct": 15.224112562309882, "pf": 0.9386374214979526, "daily_mean_pct": -0.002402572098708938, "day_ge_0_7_pct": 1.1750881316098707}
accounts	UNKNOWN STEP	2026-10-01T12:45:08.9624464Z ACCOUNT DEV__UNION__ATR2__TIME__40bp__diagnostic {"trades": 2179, "net_return_pct": -89.83366414824542, "cagr_pct": -62.47037735712326, "mdd_15m_pct": 91.22339206912041, "pf": 0.6501167154445078, "daily_mean_pct": -0.25927932059314224, "day_ge_0_7_pct": 13.396004700352526}
accounts	UNKNOWN STEP	2026-10-01T12:45:09.6575698Z ACCOUNT DEV__UNION__ATR2__TP2__20bp__guarded {"trades": 210, "net_return_pct": -7.633914005295606, "cagr_pct": -3.3470033798830956, "mdd_15m_pct": 15.06620885560094, "pf": 0.8677689936126949, "daily_mean_pct": -0.008873536574381516, "day_ge_0_7_pct": 1.527614571092832}
accounts	UNKNOWN STEP	2026-10-01T12:45:11.1750782Z ACCOUNT DEV__UNION__ATR2__TP2__20bp__diagnostic {"trades": 2354, "net_return_pct": -79.77360440468209, "cagr_pct": -49.59783231831951, "mdd_15m_pct": 81.82409291040405, "pf": 0.7463300929275991, "daily_mean_pct": -0.18203713209961578, "day_ge_0_7_pct": 15.511163337250295}
accounts	UNKNOWN STEP	2026-10-01T12:45:11.8586840Z ACCOUNT DEV__UNION__ATR2__TP2__40bp__guarded {"trades": 207, "net_return_pct": -9.338092685993725, "cagr_pct": -4.115556124888753, "mdd_15m_pct": 15.040555987319934, "pf": 0.8327758125877488, "daily_mean_pct": -0.011107521318335402, "day_ge_0_7_pct": 1.2925969447708578}
accounts	UNKNOWN STEP	2026-10-01T12:45:13.4064623Z ACCOUNT DEV__UNION__ATR2__TP2__40bp__diagnostic {"trades": 2354, "net_return_pct": -86.27874313325431, "cagr_pct": -57.32208516137492, "mdd_15m_pct": 87.34630221329388, "pf": 0.6904489196320249, "daily_mean_pct": -0.22767359384824132, "day_ge_0_7_pct": 14.45358401880141}
accounts	UNKNOWN STEP	2026-10-01T12:45:14.1004490Z ACCOUNT DEV__UNION__ATR2__TRAIL__20bp__guarded {"trades": 261, "net_return_pct": -9.806218151198676, "cagr_pct": -4.328114401344152, "mdd_15m_pct": 15.028096754815017, "pf": 0.7733960305787818, "daily_mean_pct": -0.011641195680497601, "day_ge_0_7_pct": 1.0575793184488838}
accounts	UNKNOWN STEP	2026-10-01T12:45:15.4192689Z ACCOUNT DEV__UNION__ATR2__TRAIL__20bp__diagnostic {"trades": 2556, "net_return_pct": -84.87145603687178, "cagr_pct": -55.49781438905275, "mdd_15m_pct": 85.81936248381099, "pf": 0.6297420997549227, "daily_mean_pct": -0.21566367140091955, "day_ge_0_7_pct": 9.63572267920094}
accounts	UNKNOWN STEP	2026-10-01T12:45:16.0998093Z ACCOUNT DEV__UNION__ATR2__TRAIL__40bp__guarded {"trades": 231, "net_return_pct": -10.692166629995981, "cagr_pct": -4.732122428148388, "mdd_15m_pct": 15.191891340417099, "pf": 0.7261865867750671, "daily_mean_pct": -0.01288005894637377, "day_ge_0_7_pct": 0.7050528789659225}
accounts	UNKNOWN STEP	2026-10-01T12:45:17.4321825Z ACCOUNT DEV__UNION__ATR2__TRAIL__40bp__diagnostic {"trades": 2554, "net_return_pct": -90.02103392775538, "cagr_pct": -62.768477758222595, "mdd_15m_pct": 90.56990672387742, "pf": 0.5639027075538195, "daily_mean_pct": -0.26444464628336295, "day_ge_0_7_pct": 8.108108108108109}
accounts	UNKNOWN STEP	2026-10-01T12:45:18.1065029Z ACCOUNT DEV__UNION__ATR3__TIME__20bp__guarded {"trades": 117, "net_return_pct": -7.016069037127437, "cagr_pct": -3.070369603192369, "mdd_15m_pct": 15.068880288132785, "pf": 0.7326309105042216, "daily_mean_pct": -0.008206642871407955, "day_ge_0_7_pct": 0.9400705052878966}
accounts	UNKNOWN STEP	2026-10-01T12:45:19.6436354Z ACCOUNT DEV__UNION__ATR3__TIME__20bp__diagnostic {"trades": 1484, "net_return_pct": -59.67179646473478, "cagr_pct": -32.247451426549745, "mdd_15m_pct": 65.03213807418791, "pf": 0.732862042641865, "daily_mean_pct": -0.10210161711559683, "day_ge_0_7_pct": 11.28084606345476}
accounts	UNKNOWN STEP	2026-10-01T12:45:20.3080570Z ACCOUNT DEV__UNION__ATR3__TIME__40bp__guarded {"trades": 117, "net_return_pct": -8.046647163495102, "cagr_pct": -3.5323898608648485, "mdd_15m_pct": 15.207798758246307, "pf": 0.6896360358475443, "daily_mean_pct": -0.009535238633037287, "day_ge_0_7_pct": 0.9400705052878966}
accounts	UNKNOWN STEP	2026-10-01T12:45:21.7939340Z ACCOUNT DEV__UNION__ATR3__TIME__40bp__diagnostic {"trades": 1484, "net_return_pct": -66.70447230002206, "cagr_pct": -37.59086233902455, "mdd_15m_pct": 70.3851754302779, "pf": 0.680652584480447, "daily_mean_pct": -0.12472845975825798, "day_ge_0_7_pct": 10.105757931844888}
accounts	UNKNOWN STEP	2026-10-01T12:45:22.4527372Z ACCOUNT DEV__UNION__ATR3__TP2__20bp__guarded {"trades": 126, "net_return_pct": -8.136885406526229, "cagr_pct": -3.5729852771725246, "mdd_15m_pct": 15.12087013518337, "pf": 0.7174081951128811, "daily_mean_pct": -0.009677806729582742, "day_ge_0_7_pct": 1.0575793184488838}
accounts	UNKNOWN STEP	2026-10-01T12:45:23.8962194Z ACCOUNT DEV__UNION__ATR3__TP2__20bp__diagnostic {"trades": 1523, "net_return_pct": -57.05880434493259, "cagr_pct": -30.399209070384035, "mdd_15m_pct": 63.79859900627527, "pf": 0.7524842137215678, "daily_mean_pct": -0.09534353862037068, "day_ge_0_7_pct": 11.515863689776733}
accounts	UNKNOWN STEP	2026-10-01T12:45:24.5749825Z ACCOUNT DEV__UNION__ATR3__TP2__40bp__guarded {"trades": 123, "net_return_pct": -8.92223475394357, "cagr_pct": -3.927255883769487, "mdd_15m_pct": 15.050465466621866, "pf": 0.6831553289825187, "daily_mean_pct": -0.010705915254405365, "day_ge_0_7_pct": 0.9400705052878966}
accounts	UNKNOWN STEP	2026-10-01T12:45:26.0290867Z ACCOUNT DEV__UNION__ATR3__TP2__40bp__diagnostic {"trades": 1523, "net_return_pct": -64.90229166274378, "cagr_pct": -36.16449688436251, "mdd_15m_pct": 69.58778364354158, "pf": 0.6979536667032284, "daily_mean_pct": -0.11913586085675239, "day_ge_0_7_pct": 10.105757931844888}
accounts	UNKNOWN STEP	2026-10-01T12:45:26.7243249Z ACCOUNT DEV__UNION__ATR3__TRAIL__20bp__guarded {"trades": 189, "net_return_pct": -10.434743923193457, "cagr_pct": -4.614498080718588, "mdd_15m_pct": 15.258752980916832, "pf": 0.640266002440458, "daily_mean_pct": -0.012623142149466174, "day_ge_0_7_pct": 1.0575793184488838}
accounts	UNKNOWN STEP	2026-10-01T12:45:28.1091424Z ACCOUNT DEV__UNION__ATR3__TRAIL__20bp__diagnostic {"trades": 1645, "net_return_pct": -65.08854385812235, "cagr_pct": -36.30994068665323, "mdd_15m_pct": 67.17480091968922, "pf": 0.6435654517722297, "daily_mean_pct": -0.12067661242140848, "day_ge_0_7_pct": 6.933019976498238}
accounts	UNKNOWN STEP	2026-10-01T12:45:28.7702453Z ACCOUNT DEV__UNION__ATR3__TRAIL__40bp__guarded {"trades": 175, "net_return_pct": -11.031526588874542, "cagr_pct": -4.887482799640108, "mdd_15m_pct": 15.102361915650114, "pf": 0.6060714551710825, "daily_mean_pct": -0.013425056437143267, "day_ge_0_7_pct": 1.0575793184488838}
accounts	UNKNOWN STEP	2026-10-01T12:45:30.0711987Z ACCOUNT DEV__UNION__ATR3__TRAIL__40bp__diagnostic {"trades": 1644, "net_return_pct": -71.92352314707506, "cagr_pct": -41.98957719228022, "mdd_15m_pct": 73.34954586825457, "pf": 0.5820267027101467, "daily_mean_pct": -0.14626701473445483, "day_ge_0_7_pct": 5.875440658049354}
accounts	UNKNOWN STEP	2026-10-01T12:45:30.7678100Z ACCOUNT DEV__UNION__ATR4__TIME__20bp__guarded {"trades": 166, "net_return_pct": -9.315729596400434, "cagr_pct": -4.1054175914393305, "mdd_15m_pct": 15.026927753361411, "pf": 0.6500736610591141, "daily_mean_pct": -0.011170912923851922, "day_ge_0_7_pct": 0.9400705052878966}
accounts	UNKNOWN STEP	2026-10-01T12:45:31.9436803Z ACCOUNT DEV__UNION__ATR4__TIME__20bp__diagnostic {"trades": 846, "net_return_pct": -39.38553169432747, "cagr_pct": -19.31532160417625, "mdd_15m_pct": 48.11495630320526, "pf": 0.7084946377289177, "daily_mean_pct": -0.05658113169865697, "day_ge_0_7_pct": 6.227967097532315}
accounts	UNKNOWN STEP	2026-10-01T12:45:32.6360170Z ACCOUNT DEV__UNION__ATR4__TIME__40bp__guarded {"trades": 159, "net_return_pct": -9.763060554507842, "cagr_pct": -4.308491814129745, "mdd_15m_pct": 15.027288607850398, "pf": 0.6212310483705661, "daily_mean_pct": -0.011765399676408824, "day_ge_0_7_pct": 0.8225616921269095}
accounts	UNKNOWN STEP	2026-10-01T12:45:33.8175475Z ACCOUNT DEV__UNION__ATR4__TIME__40bp__diagnostic {"trades": 845, "net_return_pct": -45.22775412231213, "cagr_pct": -22.745881069624563, "mdd_15m_pct": 52.39672851607009, "pf": 0.6542833480501176, "daily_mean_pct": -0.06853363572153534, "day_ge_0_7_pct": 5.64042303172738}
accounts	UNKNOWN STEP	2026-10-01T12:45:34.5615871Z ACCOUNT DEV__UNION__ATR4__TP2__20bp__guarded {"trades": 210, "net_return_pct": -9.97839087293152, "cagr_pct": -4.406450095807957, "mdd_15m_pct": 15.014512968571733, "pf": 0.6873229824922371, "daily_mean_pct": -0.012020476979434562, "day_ge_0_7_pct": 0.9400705052878966}
accounts	UNKNOWN STEP	2026-10-01T12:45:35.7178286Z ACCOUNT DEV__UNION__ATR4__TP2__20bp__diagnostic {"trades": 851, "net_return_pct": -34.23766480397331, "cagr_pct": -16.445980009106233, "mdd_15m_pct": 42.42074855328999, "pf": 0.7585668575805165, "daily_mean_pct": -0.04705853678187319, "day_ge_0_7_pct": 6.698002350176263}
accounts	UNKNOWN STEP	2026-10-01T12:45:36.3864089Z ACCOUNT DEV__UNION__ATR4__TP2__40bp__guarded {"trades": 174, "net_return_pct": -10.409757747555403, "cagr_pct": -4.6030914177148885, "mdd_15m_pct": 15.056801969005761, "pf": 0.6272774942435067, "daily_mean_pct": -0.012607197066665994, "day_ge_0_7_pct": 0.7050528789659225}
accounts	UNKNOWN STEP	2026-10-01T12:45:37.5322573Z ACCOUNT DEV__UNION__ATR4__TP2__40bp__diagnostic {"trades": 851, "net_return_pct": -40.781380990413105, "cagr_pct": -20.117158701539818, "mdd_15m_pct": 47.32654197094137, "pf": 0.702276388135262, "daily_mean_pct": -0.05942012082063507, "day_ge_0_7_pct": 6.110458284371328}
accounts	UNKNOWN STEP	2026-10-01T12:45:38.2535948Z ACCOUNT DEV__UNION__ATR4__TRAIL__20bp__guarded {"trades": 207, "net_return_pct": -10.56457977175671, "cagr_pct": -4.67379989534572, "mdd_15m_pct": 15.024750678061793, "pf": 0.6557349496620424, "daily_mean_pct": -0.012741751759664835, "day_ge_0_7_pct": 0.8225616921269095}
accounts	UNKNOWN STEP	2026-10-01T12:45:39.3609440Z ACCOUNT DEV__UNION__ATR4__TRAIL__20bp__diagnostic {"trades": 881, "net_return_pct": -37.82081011782304, "cagr_pct": -18.428918899601342, "mdd_15m_pct": 43.81012915793227, "pf": 0.695367861787279, "daily_mean_pct": -0.054050624955062805, "day_ge_0_7_pct": 5.405405405405405}
accounts	UNKNOWN STEP	2026-10-01T12:45:40.0391256Z ACCOUNT DEV__UNION__ATR4__TRAIL__40bp__guarded {"trades": 177, "net_return_pct": -10.968443682825423, "cagr_pct": -4.858577603535452, "mdd_15m_pct": 15.029651827646607, "pf": 0.6133476823270065, "daily_mean_pct": -0.013298768604831097, "day_ge_0_7_pct": 0.8225616921269095}
accounts	UNKNOWN STEP	2026-10-01T12:45:41.1296089Z ACCOUNT DEV__UNION__ATR4__TRAIL__40bp__diagnostic {"trades": 882, "net_return_pct": -44.19388331866273, "cagr_pct": -22.124077825855583, "mdd_15m_pct": 48.84321765653909, "pf": 0.6347966759742799, "daily_mean_pct": -0.06677219047233578, "day_ge_0_7_pct": 4.935370152761457}
accounts	UNKNOWN STEP	2026-10-01T12:45:41.5409764Z ACCOUNT GATE__SHOCK_FADE_L1_T6_M-1__ATR2__TIME__20bp__guarded {"trades": 313, "net_return_pct": 6.286146630338063, "cagr_pct": 6.272869364987832, "mdd_15m_pct": 12.718286011218776, "pf": 1.099927378017032, "daily_mean_pct": 0.01541917579375762, "day_ge_0_7_pct": 6.301369863013699}
accounts	UNKNOWN STEP	2026-10-01T12:45:41.9479875Z ACCOUNT GATE__SHOCK_FADE_L1_T6_M-1__ATR2__TIME__20bp__diagnostic {"trades": 313, "net_return_pct": 11.34114005913669, "cagr_pct": 11.316632046134934, "mdd_15m_pct": 12.518674340733929, "pf": 1.1312124834570336, "daily_mean_pct": 0.029000389313517016, "day_ge_0_7_pct": 9.58904109589041}
accounts	UNKNOWN STEP	2026-10-01T12:45:42.3472006Z ACCOUNT GATE__SHOCK_FADE_L1_T6_M-1__ATR2__TIME__40bp__guarded {"trades": 312, "net_return_pct": 2.1659647557207062, "cagr_pct": 2.1614786775220773, "mdd_15m_pct": 13.76421230971443, "pf": 1.0351496720993234, "daily_mean_pct": 0.004634860699775051, "day_ge_0_7_pct": 5.7534246575342465}
accounts	UNKNOWN STEP	2026-10-01T12:45:42.7400383Z ACCOUNT GATE__SHOCK_FADE_L1_T6_M-1__ATR2__TIME__40bp__diagnostic {"trades": 312, "net_return_pct": 4.880484432909338, "cagr_pct": 4.870243767874571, "mdd_15m_pct": 14.6711730037903, "pf": 1.0579433567022811, "daily_mean_pct": 0.01257083892397619, "day_ge_0_7_pct": 9.58904109589041}
accounts	UNKNOWN STEP	2026-10-01T12:45:43.1215592Z ACCOUNT GATE__SHOCK_FADE_L1_T6_M-1__ATR2__TP2__20bp__guarded {"trades": 314, "net_return_pct": 4.2759505543160214, "cagr_pct": 4.267004025268539, "mdd_15m_pct": 12.589214191195236, "pf": 1.0697515807681937, "daily_mean_pct": 0.009393205331284552, "day_ge_0_7_pct": 5.205479452054795}
accounts	UNKNOWN STEP	2026-10-01T12:45:43.5039023Z ACCOUNT GATE__SHOCK_FADE_L1_T6_M-1__ATR2__TP2__20bp__diagnostic {"trades": 314, "net_return_pct": 10.239411628946659, "cagr_pct": 10.217392086314202, "mdd_15m_pct": 13.087499367723504, "pf": 1.124690845548082, "daily_mean_pct": 0.02519007870248413, "day_ge_0_7_pct": 9.315068493150685}
accounts	UNKNOWN STEP	2026-10-01T12:45:43.8979324Z ACCOUNT GATE__SHOCK_FADE_L1_T6_M-1__ATR2__TP2__40bp__guarded {"trades": 313, "net_return_pct": -0.058712274483241345, "cagr_pct": -0.0585919976988758, "mdd_15m_pct": 13.92651429334579, "pf": 0.9990256055101496, "daily_mean_pct": -0.00215519687625834, "day_ge_0_7_pct": 4.931506849315069}
accounts	UNKNOWN STEP	2026-10-01T12:45:44.2851464Z ACCOUNT GATE__SHOCK_FADE_L1_T6_M-1__ATR2__TP2__40bp__diagnostic {"trades": 313, "net_return_pct": 3.8671675266207517, "cagr_pct": 3.8590920275007212, "mdd_15m_pct": 15.20086437409193, "pf": 1.0482793492753666, "daily_mean_pct": 0.00889090321313123, "day_ge_0_7_pct": 9.04109589041096}
accounts	UNKNOWN STEP	2026-10-01T12:45:44.6882443Z ACCOUNT GATE__SHOCK_FADE_L1_T6_M-1__ATR2__TRAIL__20bp__guarded {"trades": 314, "net_return_pct": 1.3824985436232007, "cagr_pct": 1.3796461015441075, "mdd_15m_pct": 11.63583221931958, "pf": 1.0276216285671507, "daily_mean_pct": 0.0020609661175235894, "day_ge_0_7_pct": 5.7534246575342465}
accounts	UNKNOWN STEP	2026-10-01T12:45:45.0705318Z ACCOUNT GATE__SHOCK_FADE_L1_T6_M-1__ATR2__TRAIL__20bp__diagnostic {"trades": 314, "net_return_pct": 1.480965844226434, "cagr_pct": 1.4779087623950415, "mdd_15m_pct": 13.374717881839898, "pf": 1.020701060604569, "daily_mean_pct": 0.003177958988987569, "day_ge_0_7_pct": 8.493150684931507}
accounts	UNKNOWN STEP	2026-10-01T12:45:45.4450576Z ACCOUNT GATE__SHOCK_FADE_L1_T6_M-1__ATR2__TRAIL__40bp__guarded {"trades": 314, "net_return_pct": -2.594900846549164, "cagr_pct": -2.5896528809113084, "mdd_15m_pct": 12.86613799497302, "pf": 0.9476131493397595, "daily_mean_pct": -0.008825767547589724, "day_ge_0_7_pct": 5.47945205479452}
accounts	UNKNOWN STEP	2026-10-01T12:45:45.8182920Z ACCOUNT GATE__SHOCK_FADE_L1_T6_M-1__ATR2__TRAIL__40bp__diagnostic {"trades": 314, "net_return_pct": -4.208498164815966, "cagr_pct": -4.200057891871367, "mdd_15m_pct": 15.527035726287192, "pf": 0.9400670567966285, "daily_mean_pct": -0.012629787406942827, "day_ge_0_7_pct": 8.493150684931507}
accounts	UNKNOWN STEP	2026-10-01T12:45:46.1438412Z ACCOUNT GATE__SHOCK_FADE_L1_T6_M-1__ATR3__TIME__20bp__guarded {"trades": 143, "net_return_pct": 0.38596705375011364, "cagr_pct": 0.3851746164062586, "mdd_15m_pct": 9.76668923021382, "pf": 1.0121667155076477, "daily_mean_pct": 0.001992871369182296, "day_ge_0_7_pct": 6.027397260273973}
accounts	UNKNOWN STEP	2026-10-01T12:45:46.4670707Z ACCOUNT GATE__SHOCK_FADE_L1_T6_M-1__ATR3__TIME__20bp__diagnostic {"trades": 143, "net_return_pct": 3.6593539046070767, "cagr_pct": 3.651719951738386, "mdd_15m_pct": 6.824360320586894, "pf": 1.1146467758312548, "daily_mean_pct": 0.010668108514276842, "day_ge_0_7_pct": 6.027397260273973}
accounts	UNKNOWN STEP	2026-10-01T12:45:46.7954428Z ACCOUNT GATE__SHOCK_FADE_L1_T6_M-1__ATR3__TIME__40bp__guarded {"trades": 143, "net_return_pct": -3.088119342801565, "cagr_pct": -3.0818897606511464, "mdd_15m_pct": 10.433895682810103, "pf": 0.8948188479297496, "daily_mean_pct": -0.007801307449270643, "day_ge_0_7_pct": 3.5616438356164384}
accounts	UNKNOWN STEP	2026-10-01T12:45:47.1280496Z ACCOUNT GATE__SHOCK_FADE_L1_T6_M-1__ATR3__TIME__40bp__diagnostic {"trades": 143, "net_return_pct": 1.315464509985631, "cagr_pct": 1.3127512695689125, "mdd_15m_pct": 7.913001060567996, "pf": 1.0414769345452444, "daily_mean_pct": 0.004338873689914806, "day_ge_0_7_pct": 4.657534246575342}
accounts	UNKNOWN STEP	2026-10-01T12:45:47.4708509Z ACCOUNT GATE__SHOCK_FADE_L1_T6_M-1__ATR3__TP2__20bp__guarded {"trades": 143, "net_return_pct": 2.5618857605439027, "cagr_pct": 2.5565694529438243, "mdd_15m_pct": 7.522517059581278, "pf": 1.080772640143372, "daily_mean_pct": 0.007785851144556602, "day_ge_0_7_pct": 6.8493150684931505}
accounts	UNKNOWN STEP	2026-10-01T12:45:47.7933342Z ACCOUNT GATE__SHOCK_FADE_L1_T6_M-1__ATR3__TP2__20bp__diagnostic {"trades": 143, "net_return_pct": 5.539065305829016, "cagr_pct": 5.527406697702664, "mdd_15m_pct": 6.531084268778237, "pf": 1.173982723759344, "daily_mean_pct": 0.015511320812649337, "day_ge_0_7_pct": 6.8493150684931505}
accounts	UNKNOWN STEP	2026-10-01T12:45:48.1185368Z ACCOUNT GATE__SHOCK_FADE_L1_T6_M-1__ATR3__TP2__40bp__guarded {"trades": 143, "net_return_pct": 0.24082951979815803, "cagr_pct": 0.2403354241274247, "mdd_15m_pct": 8.610192562172129, "pf": 1.0076290140469415, "daily_mean_pct": 0.0014581035222219322, "day_ge_0_7_pct": 5.7534246575342465}
accounts	UNKNOWN STEP	2026-10-01T12:45:48.4411907Z ACCOUNT GATE__SHOCK_FADE_L1_T6_M-1__ATR3__TP2__40bp__diagnostic {"trades": 143, "net_return_pct": 3.078233276262643, "cagr_pct": 3.0718295159825937, "mdd_15m_pct": 6.588298360267266, "pf": 1.0973578107240642, "daily_mean_pct": 0.008990025748083103, "day_ge_0_7_pct": 5.7534246575342465}
accounts	UNKNOWN STEP	2026-10-01T12:45:48.7649089Z ACCOUNT GATE__SHOCK_FADE_L1_T6_M-1__ATR3__TRAIL__20bp__guarded {"trades": 143, "net_return_pct": 3.6050100046570055, "cagr_pct": 3.5974913770395966, "mdd_15m_pct": 8.082283445117168, "pf": 1.1311762037767006, "daily_mean_pct": 0.010561129932483659, "day_ge_0_7_pct": 5.7534246575342465}
accounts	UNKNOWN STEP	2026-10-01T12:45:49.0869996Z ACCOUNT GATE__SHOCK_FADE_L1_T6_M-1__ATR3__TRAIL__20bp__diagnostic {"trades": 143, "net_return_pct": 5.681144804134064, "cagr_pct": 5.66917919106491, "mdd_15m_pct": 6.5975867622401925, "pf": 1.2073094053712563, "daily_mean_pct": 0.01590861218493173, "day_ge_0_7_pct": 5.7534246575342465}
accounts	UNKNOWN STEP	2026-10-01T12:45:49.4089514Z ACCOUNT GATE__SHOCK_FADE_L1_T6_M-1__ATR3__TRAIL__40bp__guarded {"trades": 143, "net_return_pct": 1.2388538730124354, "cagr_pct": 1.236299609797764, "mdd_15m_pct": 8.310921053959495, "pf": 1.0450836690837741, "daily_mean_pct": 0.004172519436801307, "day_ge_0_7_pct": 4.383561643835616}
accounts	UNKNOWN STEP	2026-10-01T12:45:49.7324555Z ACCOUNT GATE__SHOCK_FADE_L1_T6_M-1__ATR3__TRAIL__40bp__diagnostic {"trades": 143, "net_return_pct": 3.2176237443130695, "cagr_pct": 3.210925513271423, "mdd_15m_pct": 6.801244938530473, "pf": 1.1176314886462166, "daily_mean_pct": 0.009387213167162857, "day_ge_0_7_pct": 4.383561643835616}
accounts	UNKNOWN STEP	2026-10-01T12:45:50.0144772Z ACCOUNT GATE__SHOCK_FADE_L1_T6_M-1__ATR4__TIME__20bp__guarded {"trades": 54, "net_return_pct": -0.2126463850778304, "cagr_pct": -0.21221109697223683, "mdd_15m_pct": 3.6843325417426236, "pf": 0.9782680239173869, "daily_mean_pct": -0.0003152486287893844, "day_ge_0_7_pct": 1.095890410958904}
accounts	UNKNOWN STEP	2026-10-01T12:45:50.2949296Z ACCOUNT GATE__SHOCK_FADE_L1_T6_M-1__ATR4__TIME__20bp__diagnostic {"trades": 54, "net_return_pct": -0.2126463850778304, "cagr_pct": -0.21221109697223683, "mdd_15m_pct": 3.6843325417426236, "pf": 0.9782680239173869, "daily_mean_pct": -0.0003152486287893844, "day_ge_0_7_pct": 1.095890410958904}
accounts	UNKNOWN STEP	2026-10-01T12:45:50.5729192Z ACCOUNT GATE__SHOCK_FADE_L1_T6_M-1__ATR4__TIME__40bp__guarded {"trades": 54, "net_return_pct": -0.9959720717345855, "cagr_pct": -0.9939413219705706, "mdd_15m_pct": 3.748496763710712, "pf": 0.8989550270177069, "daily_mean_pct": -0.0024928524846588424, "day_ge_0_7_pct": 1.095890410958904}
accounts	UNKNOWN STEP	2026-10-01T12:45:50.8514185Z ACCOUNT GATE__SHOCK_FADE_L1_T6_M-1__ATR4__TIME__40bp__diagnostic {"trades": 54, "net_return_pct": -0.9959720717345855, "cagr_pct": -0.9939413219705706, "mdd_15m_pct": 3.748496763710712, "pf": 0.8989550270177069, "daily_mean_pct": -0.0024928524846588424, "day_ge_0_7_pct": 1.095890410958904}
accounts	UNKNOWN STEP	2026-10-01T12:45:51.1303976Z ACCOUNT GATE__SHOCK_FADE_L1_T6_M-1__ATR4__TP2__20bp__guarded {"trades": 54, "net_return_pct": 0.029343524290825762, "cagr_pct": 0.029283385314893273, "mdd_15m_pct": 3.6843325417426436, "pf": 1.0029957852698188, "daily_mean_pct": 0.0003520701978506305, "day_ge_0_7_pct": 1.095890410958904}
accounts	UNKNOWN STEP	2026-10-01T12:45:51.4178533Z ACCOUNT GATE__SHOCK_FADE_L1_T6_M-1__ATR4__TP2__20bp__diagnostic {"trades": 54, "net_return_pct": 0.029343524290825762, "cagr_pct": 0.029283385314893273, "mdd_15m_pct": 3.6843325417426436, "pf": 1.0029957852698188, "daily_mean_pct": 0.0003520701978506305, "day_ge_0_7_pct": 1.095890410958904}
accounts	UNKNOWN STEP	2026-10-01T12:45:51.6996591Z ACCOUNT GATE__SHOCK_FADE_L1_T6_M-1__ATR4__TP2__40bp__guarded {"trades": 54, "net_return_pct": -0.7639188409397368, "cagr_pct": -0.7623594157314395, "mdd_15m_pct": 3.748496763710711, "pf": 0.9225737783677225, "daily_mean_pct": -0.0018480777526502258, "day_ge_0_7_pct": 1.095890410958904}
accounts	UNKNOWN STEP	2026-10-01T12:45:51.9828717Z ACCOUNT GATE__SHOCK_FADE_L1_T6_M-1__ATR4__TP2__40bp__diagnostic {"trades": 54, "net_return_pct": -0.7639188409397368, "cagr_pct": -0.7623594157314395, "mdd_15m_pct": 3.748496763710711, "pf": 0.9225737783677225, "daily_mean_pct": -0.0018480777526502258, "day_ge_0_7_pct": 1.095890410958904}
accounts	UNKNOWN STEP	2026-10-01T12:45:52.2590021Z ACCOUNT GATE__SHOCK_FADE_L1_T6_M-1__ATR4__TRAIL__20bp__guarded {"trades": 54, "net_return_pct": -0.5126853698288025, "cagr_pct": -0.5116374772473398, "mdd_15m_pct": 3.8089819220161885, "pf": 0.9484961685241441, "daily_mean_pct": -0.0011482677045097714, "day_ge_0_7_pct": 1.095890410958904}
accounts	UNKNOWN STEP	2026-10-01T12:45:52.5379009Z ACCOUNT GATE__SHOCK_FADE_L1_T6_M-1__ATR4__TRAIL__20bp__diagnostic {"trades": 54, "net_return_pct": -0.5126853698288025, "cagr_pct": -0.5116374772473398, "mdd_15m_pct": 3.8089819220161885, "pf": 0.9484961685241441, "daily_mean_pct": -0.0011482677045097714, "day_ge_0_7_pct": 1.095890410958904}
accounts	UNKNOWN STEP	2026-10-01T12:45:52.8197075Z ACCOUNT GATE__SHOCK_FADE_L1_T6_M-1__ATR4__TRAIL__40bp__guarded {"trades": 54, "net_return_pct": -1.2798470439928988, "cagr_pct": -1.2772412271503275, "mdd_15m_pct": 3.8821520019739144, "pf": 0.872198109108217, "daily_mean_pct": -0.0032870747980281736, "day_ge_0_7_pct": 1.095890410958904}
accounts	UNKNOWN STEP	2026-10-01T12:45:53.0972595Z ACCOUNT GATE__SHOCK_FADE_L1_T6_M-1__ATR4__TRAIL__40bp__diagnostic {"trades": 54, "net_return_pct": -1.2798470439928988, "cagr_pct": -1.2772412271503275, "mdd_15m_pct": 3.8821520019739144, "pf": 0.872198109108217, "daily_mean_pct": -0.0032870747980281736, "day_ge_0_7_pct": 1.095890410958904}
accounts	UNKNOWN STEP	2026-10-01T12:45:53.6571873Z ACCOUNT GATE__SHOCK_FADE_L4_T6_M-1__ATR2__TIME__20bp__guarded {"trades": 642, "net_return_pct": -9.5793939643819, "cagr_pct": -9.56073389507206, "mdd_15m_pct": 15.1213818344187, "pf": 0.9049683089065689, "daily_mean_pct": -0.02605748909867564, "day_ge_0_7_pct": 9.04109589041096}
accounts	UNKNOWN STEP	2026-10-01T12:45:54.5748535Z ACCOUNT GATE__SHOCK_FADE_L4_T6_M-1__ATR2__TIME__20bp__diagnostic {"trades": 1289, "net_return_pct": -26.52653567775087, "cagr_pct": -26.480111402010454, "mdd_15m_pct": 52.401347989868874, "pf": 0.9228692198196674, "daily_mean_pct": -0.07227086646109328, "day_ge_0_7_pct": 23.28767123287671}
accounts	UNKNOWN STEP	2026-10-01T12:45:55.1198131Z ACCOUNT GATE__SHOCK_FADE_L4_T6_M-1__ATR2__TIME__40bp__guarded {"trades": 582, "net_return_pct": -13.1386220392669, "cagr_pct": -13.11354668570054, "mdd_15m_pct": 15.0220748857222, "pf": 0.850865026791964, "daily_mean_pct": -0.0371510725036751, "day_ge_0_7_pct": 7.9452054794520555}
accounts	UNKNOWN STEP	2026-10-01T12:45:56.0229528Z ACCOUNT GATE__SHOCK_FADE_L4_T6_M-1__ATR2__TIME__40bp__diagnostic {"trades": 1288, "net_return_pct": -40.86757962581117, "cagr_pct": -40.80388216214021, "mdd_15m_pct": 58.16797692425254, "pf": 0.8688098232561846, "daily_mean_pct": -0.13238268369680706, "day_ge_0_7_pct": 22.19178082191781}
accounts	UNKNOWN STEP	2026-10-01T12:45:56.4839268Z ACCOUNT GATE__SHOCK_FADE_L4_T6_M-1__ATR2__TP2__20bp__guarded {"trades": 541, "net_return_pct": -15.30623735745964, "cagr_pct": -15.277400431524102, "mdd_15m_pct": 15.619578614705906, "pf": 0.8192701527801756, "daily_mean_pct": -0.044812697096447446, "day_ge_0_7_pct": 5.205479452054795}
accounts	UNKNOWN STEP	2026-10-01T12:45:57.3203137Z ACCOUNT GATE__SHOCK_FADE_L4_T6_M-1__ATR2__TP2__20bp__diagnostic {"trades": 1447, "net_return_pct": -44.84420393592497, "cagr_pct": -44.7769125946019, "mdd_15m_pct": 54.902999285496676, "pf": 0.8551657089502425, "daily_mean_pct": -0.15510314805847256, "day_ge_0_7_pct": 21.095890410958905}
accounts	UNKNOWN STEP	2026-10-01T12:45:57.7701918Z ACCOUNT GATE__SHOCK_FADE_L4_T6_M-1__ATR2__TP2__40bp__guarded {"trades": 500, "net_return_pct": -14.7695668976899, "cagr_pct": -14.741650823687358, "mdd_15m_pct": 15.04788501649515, "pf": 0.8047045838801189, "daily_mean_pct": -0.04319890341563211, "day_ge_0_7_pct": 4.931506849315069}
accounts	UNKNOWN STEP	2026-10-01T12:45:58.6328419Z ACCOUNT GATE__SHOCK_FADE_L4_T6_M-1__ATR2__TP2__40bp__diagnostic {"trades": 1447, "net_return_pct": -56.3950213780686, "cagr_pct": -56.32079416949618, "mdd_15m_pct": 61.1155371159648, "pf": 0.7989291529407572, "daily_mean_pct": -0.21973696638817966, "day_ge_0_7_pct": 18.904109589041095}
accounts	UNKNOWN STEP	2026-10-01T12:45:59.0738225Z ACCOUNT GATE__SHOCK_FADE_L4_T6_M-1__ATR2__TRAIL__20bp__guarded {"trades": 624, "net_return_pct": -14.570078148075616, "cagr_pct": -14.542506133753818, "mdd_15m_pct": 15.006172631797792, "pf": 0.8236450755436819, "daily_mean_pct": -0.042389129432280424, "day_ge_0_7_pct": 5.205479452054795}
accounts	UNKNOWN STEP	2026-10-01T12:45:59.8013859Z ACCOUNT GATE__SHOCK_FADE_L4_T6_M-1__ATR2__TRAIL__20bp__diagnostic {"trades": 1665, "net_return_pct": -50.80440791575225, "cagr_pct": -50.73284425913309, "mdd_15m_pct": 54.247447001880204, "pf": 0.8028919644302169, "daily_mean_pct": -0.18743929547158883, "day_ge_0_7_pct": 14.246575342465754}
accounts	UNKNOWN STEP	2026-10-01T12:46:00.2074550Z ACCOUNT GATE__SHOCK_FADE_L4_T6_M-1__ATR2__TRAIL__40bp__guarded {"trades": 495, "net_return_pct": -14.745508781180805, "cagr_pct": -14.717634149779746, "mdd_15m_pct": 15.123054935046493, "pf": 0.7586951799211645, "daily_mean_pct": -0.043423347691438435, "day_ge_0_7_pct": 3.287671232876712}
accounts	UNKNOWN STEP	2026-10-01T12:46:00.9302559Z ACCOUNT GATE__SHOCK_FADE_L4_T6_M-1__ATR2__TRAIL__40bp__diagnostic {"trades": 1663, "net_return_pct": -62.77414232574354, "cagr_pct": -62.69868614325773, "mdd_15m_pct": 64.796462355931, "pf": 0.7309408771093938, "daily_mean_pct": -0.26386795182753087, "day_ge_0_7_pct": 12.32876712328767}
accounts	UNKNOWN STEP	2026-10-01T12:46:01.5678609Z ACCOUNT GATE__SHOCK_FADE_L4_T6_M-1__ATR3__TIME__20bp__guarded {"trades": 656, "net_return_pct": -14.715897396996336, "cagr_pct": -14.688073793342483, "mdd_15m_pct": 15.042935746662556, "pf": 0.8152416616127466, "daily_mean_pct": -0.041828474593448295, "day_ge_0_7_pct": 6.575342465753424}
accounts	UNKNOWN STEP	2026-10-01T12:46:02.4064980Z ACCOUNT GATE__SHOCK_FADE_L4_T6_M-1__ATR3__TIME__20bp__diagnostic {"trades": 905, "net_return_pct": -5.210696251549541, "cagr_pct": -5.200301177312672, "mdd_15m_pct": 26.428276322407783, "pf": 0.9745082656230677, "daily_mean_pct": -0.008416716084283961, "day_ge_0_7_pct": 19.45205479452055}
accounts	UNKNOWN STEP	2026-10-01T12:46:03.0076634Z ACCOUNT GATE__SHOCK_FADE_L4_T6_M-1__ATR3__TIME__40bp__guarded {"trades": 589, "net_return_pct": -14.823680849253563, "cagr_pct": -14.795671609127027, "mdd_15m_pct": 15.132006339757112, "pf": 0.7909532813936039, "daily_mean_pct": -0.04245510953655377, "day_ge_0_7_pct": 5.7534246575342465}
accounts	UNKNOWN STEP	2026-10-01T12:46:03.8411551Z ACCOUNT GATE__SHOCK_FADE_L4_T6_M-1__ATR3__TIME__40bp__diagnostic {"trades": 905, "net_return_pct": -16.285427673449416, "cagr_pct": -16.25492855053736, "mdd_15m_pct": 31.89478360285949, "pf": 0.9157863563663272, "daily_mean_pct": -0.04270020264637538, "day_ge_0_7_pct": 18.63013698630137}
accounts	UNKNOWN STEP	2026-10-01T12:46:04.4277755Z ACCOUNT GATE__SHOCK_FADE_L4_T6_M-1__ATR3__TP2__20bp__guarded {"trades": 617, "net_return_pct": -14.692006789273805, "cagr_pct": -14.664224370382673, "mdd_15m_pct": 15.019136752085766, "pf": 0.8076135832260344, "daily_mean_pct": -0.04210252605415624, "day_ge_0_7_pct": 3.8356164383561646}
accounts	UNKNOWN STEP	2026-10-01T12:46:05.2143024Z ACCOUNT GATE__SHOCK_FADE_L4_T6_M-1__ATR3__TP2__20bp__diagnostic {"trades": 943, "net_return_pct": -15.16757338757565, "cagr_pct": -15.138973724998529, "mdd_15m_pct": 26.579596207114225, "pf": 0.9244872869215974, "daily_mean_pct": -0.0399919055149977, "day_ge_0_7_pct": 16.986301369863014}
accounts	UNKNOWN STEP	2026-10-01T12:46:05.6616676Z ACCOUNT GATE__SHOCK_FADE_L4_T6_M-1__ATR3__TP2__40bp__guarded {"trades": 383, "net_return_pct": -14.709603021344197, "cagr_pct": -14.681790267168937, "mdd_15m_pct": 15.01834145646189, "pf": 0.7047728489983929, "daily_mean_pct": -0.04265754732326045, "day_ge_0_7_pct": 2.191780821917808}
accounts	UNKNOWN STEP	2026-10-01T12:46:06.4582732Z ACCOUNT GATE__SHOCK_FADE_L4_T6_M-1__ATR3__TP2__40bp__diagnostic {"trades": 943, "net_return_pct": -25.403092952639707, "cagr_pct": -25.358279906232962, "mdd_15m_pct": 31.531110873833974, "pf": 0.8662451179902287, "daily_mean_pct": -0.07537289972200716, "day_ge_0_7_pct": 16.71232876712329}
accounts	UNKNOWN STEP	2026-10-01T12:46:06.8809520Z ACCOUNT GATE__SHOCK_FADE_L4_T6_M-1__ATR3__TRAIL__20bp__guarded {"trades": 412, "net_return_pct": -12.767923586810248, "cagr_pct": -12.743502682158415, "mdd_15m_pct": 15.162484788191707, "pf": 0.8089796026681664, "daily_mean_pct": -0.0357629245936822, "day_ge_0_7_pct": 4.383561643835616}
accounts	UNKNOWN STEP	2026-10-01T12:46:07.5972391Z ACCOUNT GATE__SHOCK_FADE_L4_T6_M-1__ATR3__TRAIL__20bp__diagnostic {"trades": 1036, "net_return_pct": -29.65004095185253, "cagr_pct": -29.599323426009505, "mdd_15m_pct": 39.420760545587925, "pf": 0.8217975728212706, "daily_mean_pct": -0.09204847947361887, "day_ge_0_7_pct": 12.876712328767123}
accounts	UNKNOWN STEP	2026-10-01T12:46:08.0152094Z ACCOUNT GATE__SHOCK_FADE_L4_T6_M-1__ATR3__TRAIL__40bp__guarded {"trades": 389, "net_return_pct": -13.585467706133281, "cagr_pct": -13.559607772533122, "mdd_15m_pct": 15.014984526586744, "pf": 0.6790236826422412, "daily_mean_pct": -0.03922470624081662, "day_ge_0_7_pct": 2.191780821917808}
accounts	UNKNOWN STEP	2026-10-01T12:46:08.7132915Z ACCOUNT GATE__SHOCK_FADE_L4_T6_M-1__ATR3__TRAIL__40bp__diagnostic {"trades": 1035, "net_return_pct": -39.05133829493431, "cagr_pct": -38.98946671524267, "mdd_15m_pct": 45.29814607477253, "pf": 0.753772384139597, "daily_mean_pct": -0.13142123756047444, "day_ge_0_7_pct": 12.32876712328767}
accounts	UNKNOWN STEP	2026-10-01T12:46:09.1636507Z ACCOUNT GATE__SHOCK_FADE_L4_T6_M-1__ATR4__TIME__20bp__guarded {"trades": 291, "net_return_pct": -6.2272376772655065, "cagr_pct": -6.214881965137142, "mdd_15m_pct": 15.025409972849591, "pf": 0.8634211195807395, "daily_mean_pct": -0.016457064084814423, "day_ge_0_7_pct": 3.8356164383561646}
accounts	UNKNOWN STEP	2026-10-01T12:46:09.7599966Z ACCOUNT GATE__SHOCK_FADE_L4_T6_M-1__ATR4__TIME__20bp__diagnostic {"trades": 493, "net_return_pct": -8.964855869709387, "cagr_pct": -8.947332799463803, "mdd_15m_pct": 26.34822119596047, "pf": 0.9119517708405551, "daily_mean_pct": -0.02226352160875727, "day_ge_0_7_pct": 11.232876712328768}
accounts	UNKNOWN STEP	2026-10-01T12:46:10.1149402Z ACCOUNT GATE__SHOCK_FADE_L4_T6_M-1__ATR4__TIME__40bp__guarded {"trades": 179, "net_return_pct": -7.714318540613741, "cagr_pct": -7.699135316240224, "mdd_15m_pct": 15.225807753955625, "pf": 0.7802535541139376, "daily_mean_pct": -0.02102459213399793, "day_ge_0_7_pct": 3.287671232876712}
accounts	UNKNOWN STEP	2026-10-01T12:46:10.7071437Z ACCOUNT GATE__SHOCK_FADE_L4_T6_M-1__ATR4__TIME__40bp__diagnostic {"trades": 492, "net_return_pct": -14.59567221365311, "cagr_pct": -14.568056003729213, "mdd_15m_pct": 28.725690444276168, "pf": 0.8533491694889218, "daily_mean_pct": -0.03985088970140707, "day_ge_0_7_pct": 11.232876712328768}
accounts	UNKNOWN STEP	2026-10-01T12:46:11.0630267Z ACCOUNT GATE__SHOCK_FADE_L4_T6_M-1__ATR4__TP2__20bp__guarded {"trades": 172, "net_return_pct": -7.75214713371718, "cagr_pct": -7.736892618558633, "mdd_15m_pct": 15.015329551502838, "pf": 0.7699218321429162, "daily_mean_pct": -0.02124561899616942, "day_ge_0_7_pct": 2.191780821917808}
accounts	UNKNOWN STEP	2026-10-01T12:46:11.6563135Z ACCOUNT GATE__SHOCK_FADE_L4_T6_M-1__ATR4__TP2__20bp__diagnostic {"trades": 494, "net_return_pct": -14.155914964115802, "cagr_pct": -14.129060300337681, "mdd_15m_pct": 27.957092299154763, "pf": 0.8582754652337952, "daily_mean_pct": -0.038726369059800966, "day_ge_0_7_pct": 10.41095890410959}
accounts	UNKNOWN STEP	2026-10-01T12:46:12.0149402Z ACCOUNT GATE__SHOCK_FADE_L4_T6_M-1__ATR4__TP2__40bp__guarded {"trades": 173, "net_return_pct": -9.307918295443896, "cagr_pct": -9.289759451935819, "mdd_15m_pct": 15.28217045626584, "pf": 0.7218551849084592, "daily_mean_pct": -0.02594956780575258, "day_ge_0_7_pct": 2.191780821917808}
accounts	UNKNOWN STEP	2026-10-01T12:46:12.6039965Z ACCOUNT GATE__SHOCK_FADE_L4_T6_M-1__ATR4__TP2__40bp__diagnostic {"trades": 494, "net_return_pct": -19.38608637868251, "cagr_pct": -19.350479722728565, "mdd_15m_pct": 30.219531350463804, "pf": 0.8015377558184722, "daily_mean_pct": -0.05602282636958069, "day_ge_0_7_pct": 10.136986301369863}
accounts	UNKNOWN STEP	2026-10-01T12:46:12.9485857Z ACCOUNT GATE__SHOCK_FADE_L4_T6_M-1__ATR4__TRAIL__20bp__guarded {"trades": 182, "net_return_pct": -7.843451507062427, "cagr_pct": -7.828025052784704, "mdd_15m_pct": 15.104390245402568, "pf": 0.7301252743661599, "daily_mean_pct": -0.021620161994199583, "day_ge_0_7_pct": 2.191780821917808}
accounts	UNKNOWN STEP	2026-10-01T12:46:13.4946388Z ACCOUNT GATE__SHOCK_FADE_L4_T6_M-1__ATR4__TRAIL__20bp__diagnostic {"trades": 521, "net_return_pct": -12.565779799379984, "cagr_pct": -12.541717127680963, "mdd_15m_pct": 24.37286113073569, "pf": 0.8595157681664892, "daily_mean_pct": -0.03410655183459864, "day_ge_0_7_pct": 8.21917808219178}
accounts	UNKNOWN STEP	2026-10-01T12:46:13.8484815Z ACCOUNT GATE__SHOCK_FADE_L4_T6_M-1__ATR4__TRAIL__40bp__guarded {"trades": 182, "net_return_pct": -9.012339750385156, "cagr_pct": -8.994728523733464, "mdd_15m_pct": 15.025169556667434, "pf": 0.6863023211457371, "daily_mean_pct": -0.025138725568268922, "day_ge_0_7_pct": 2.191780821917808}
accounts	UNKNOWN STEP	2026-10-01T12:46:14.3808055Z ACCOUNT GATE__SHOCK_FADE_L4_T6_M-1__ATR4__TRAIL__40bp__diagnostic {"trades": 520, "net_return_pct": -18.305139388176794, "cagr_pct": -18.271286079375393, "mdd_15m_pct": 27.048469728430717, "pf": 0.7920998342607078, "daily_mean_pct": -0.05276086050691343, "day_ge_0_7_pct": 7.9452054794520555}
accounts	UNKNOWN STEP	2026-10-01T12:46:14.8431625Z ACCOUNT GATE__UNION__ATR2__TIME__20bp__guarded {"trades": 454, "net_return_pct": -10.822071680635082, "cagr_pct": -10.801138612992222, "mdd_15m_pct": 15.059246288735514, "pf": 0.8494311647190829, "daily_mean_pct": -0.03249122998977967, "day_ge_0_7_pct": 5.205479452054795}
accounts	UNKNOWN STEP	2026-10-01T12:46:15.7498481Z ACCOUNT GATE__UNION__ATR2__TIME__20bp__diagnostic {"trades": 1370, "net_return_pct": -44.16655716761032, "cagr_pct": -44.09983788467166, "mdd_15m_pct": 59.111407468288334, "pf": 0.8612241092746341, "daily_mean_pct": -0.14943289326317255, "day_ge_0_7_pct": 21.91780821917808}
accounts	UNKNOWN STEP	2026-10-01T12:46:16.1729653Z ACCOUNT GATE__UNION__ATR2__TIME__40bp__guarded {"trades": 363, "net_return_pct": -11.318853164403764, "cagr_pct": -11.297021309924936, "mdd_15m_pct": 15.051167313418063, "pf": 0.8057519742424487, "daily_mean_pct": -0.0342278261684271, "day_ge_0_7_pct": 3.8356164383561646}
accounts	UNKNOWN STEP	2026-10-01T12:46:17.0689727Z ACCOUNT GATE__UNION__ATR2__TIME__40bp__diagnostic {"trades": 1371, "net_return_pct": -55.413978401229436, "cagr_pct": -55.34011739282418, "mdd_15m_pct": 64.72186272738062, "pf": 0.8084245956834474, "daily_mean_pct": -0.21148832421533506, "day_ge_0_7_pct": 20.54794520547945}
accounts	UNKNOWN STEP	2026-10-01T12:46:17.5068822Z ACCOUNT GATE__UNION__ATR2__TP2__20bp__guarded {"trades": 521, "net_return_pct": -13.910163158453216, "cagr_pct": -13.88373608216532, "mdd_15m_pct": 15.125601196140734, "pf": 0.8238007117910625, "daily_mean_pct": -0.04316381228459615, "day_ge_0_7_pct": 4.383561643835616}
accounts	UNKNOWN STEP	2026-10-01T12:46:18.3335847Z ACCOUNT GATE__UNION__ATR2__TP2__20bp__diagnostic {"trades": 1517, "net_return_pct": -51.87813458213434, "cagr_pct": -51.805953563504346, "mdd_15m_pct": 59.54972055303331, "pf": 0.8263407998251099, "daily_mean_pct": -0.19495698290351535, "day_ge_0_7_pct": 18.904109589041095}
accounts	UNKNOWN STEP	2026-10-01T12:46:18.7429208Z ACCOUNT GATE__UNION__ATR2__TP2__40bp__guarded {"trades": 404, "net_return_pct": -13.917574979091674, "cagr_pct": -13.891134985850485, "mdd_15m_pct": 15.037522961227909, "pf": 0.77740633506414, "daily_mean_pct": -0.043288676966576026, "day_ge_0_7_pct": 2.73972602739726}
accounts	UNKNOWN STEP	2026-10-01T12:46:19.5553662Z ACCOUNT GATE__UNION__ATR2__TP2__40bp__diagnostic {"trades": 1516, "net_return_pct": -62.184699473065486, "cagr_pct": -62.10926833540184, "mdd_15m_pct": 66.37830935412319, "pf": 0.7705588633035911, "daily_mean_pct": -0.2610388458672826, "day_ge_0_7_pct": 16.71232876712329}
accounts	UNKNOWN STEP	2026-10-01T12:46:19.9725084Z ACCOUNT GATE__UNION__ATR2__TRAIL__20bp__guarded {"trades": 525, "net_return_pct": -13.140829033886781, "cagr_pct": -13.1157497936628, "mdd_15m_pct": 15.088179599520585, "pf": 0.8149439272730092, "daily_mean_pct": -0.04004288684303832, "day_ge_0_7_pct": 4.10958904109589}
accounts	UNKNOWN STEP	2026-10-01T12:46:20.6979538Z ACCOUNT GATE__UNION__ATR2__TRAIL__20bp__diagnostic {"trades": 1722, "net_return_pct": -56.25125441240566, "cagr_pct": -56.177078065315115, "mdd_15m_pct": 59.95349689134497, "pf": 0.7806876747867676, "daily_mean_pct": -0.22076711700080953, "day_ge_0_7_pct": 14.520547945205479}
accounts	UNKNOWN STEP	2026-10-01T12:46:21.0318193Z ACCOUNT GATE__UNION__ATR2__TRAIL__40bp__guarded {"trades": 315, "net_return_pct": -13.186905351609902, "cagr_pct": -13.161744994266723, "mdd_15m_pct": 15.01478348241447, "pf": 0.7130987881008448, "daily_mean_pct": -0.04068555493221665, "day_ge_0_7_pct": 1.9178082191780823}
accounts	UNKNOWN STEP	2026-10-01T12:46:21.7756078Z ACCOUNT GATE__UNION__ATR2__TRAIL__40bp__diagnostic {"trades": 1721, "net_return_pct": -66.86602864582184, "cagr_pct": -66.79094338542743, "mdd_15m_pct": 69.15367211308403, "pf": 0.7132573010212332, "daily_mean_pct": -0.2968601219050925, "day_ge_0_7_pct": 12.054794520547945}
accounts	UNKNOWN STEP	2026-10-01T12:46:22.3785725Z ACCOUNT GATE__UNION__ATR3__TIME__20bp__guarded {"trades": 609, "net_return_pct": -13.692114311146074, "cagr_pct": -13.666067823165328, "mdd_15m_pct": 15.00045692744868, "pf": 0.8174917401041358, "daily_mean_pct": -0.03865167777115429, "day_ge_0_7_pct": 6.027397260273973}
accounts	UNKNOWN STEP	2026-10-01T12:46:23.1838143Z ACCOUNT GATE__UNION__ATR3__TIME__20bp__diagnostic {"trades": 934, "net_return_pct": -11.31899816307602, "cagr_pct": -11.297166047092178, "mdd_15m_pct": 31.14383672738158, "pf": 0.9451964795347845, "daily_mean_pct": -0.026446884399783585, "day_ge_0_7_pct": 18.356164383561644}
accounts	UNKNOWN STEP	2026-10-01T12:46:23.7724072Z ACCOUNT GATE__UNION__ATR3__TIME__40bp__guarded {"trades": 555, "net_return_pct": -13.893786392066442, "cagr_pct": -13.86738786102284, "mdd_15m_pct": 15.011537488549298, "pf": 0.7930517075043263, "daily_mean_pct": -0.03948340764067133, "day_ge_0_7_pct": 5.205479452054795}
accounts	UNKNOWN STEP	2026-10-01T12:46:24.6434322Z ACCOUNT GATE__UNION__ATR3__TIME__40bp__diagnostic {"trades": 934, "net_return_pct": -21.944971730622363, "cagr_pct": -21.905333368622458, "mdd_15m_pct": 36.366078381479404, "pf": 0.8875799241626673, "daily_mean_pct": -0.061657915980630036, "day_ge_0_7_pct": 17.80821917808219}
accounts	UNKNOWN STEP	2026-10-01T12:46:25.1164130Z ACCOUNT GATE__UNION__ATR3__TP2__20bp__guarded {"trades": 397, "net_return_pct": -13.76937676019756, "cagr_pct": -13.743195287213394, "mdd_15m_pct": 15.009214028379764, "pf": 0.7320712672243508, "daily_mean_pct": -0.03957217272019053, "day_ge_0_7_pct": 3.287671232876712}
accounts	UNKNOWN STEP	2026-10-01T12:46:25.9238576Z ACCOUNT GATE__UNION__ATR3__TP2__20bp__diagnostic {"trades": 975, "net_return_pct": -22.193605611734856, "cagr_pct": -22.153584569133855, "mdd_15m_pct": 31.311717325637712, "pf": 0.8880504880344503, "daily_mean_pct": -0.06377095873981625, "day_ge_0_7_pct": 16.71232876712329}
accounts	UNKNOWN STEP	2026-10-01T12:46:26.3971141Z ACCOUNT GATE__UNION__ATR3__TP2__40bp__guarded {"trades": 385, "net_return_pct": -14.080077667217916, "cagr_pct": -14.053354800623552, "mdd_15m_pct": 15.127910294250782, "pf": 0.712853189116628, "daily_mean_pct": -0.04070758442958431, "day_ge_0_7_pct": 2.73972602739726}
accounts	UNKNOWN STEP	2026-10-01T12:46:27.2085174Z ACCOUNT GATE__UNION__ATR3__TP2__40bp__diagnostic {"trades": 975, "net_return_pct": -31.723546149091376, "cagr_pct": -31.670134589136467, "mdd_15m_pct": 36.340158895363224, "pf": 0.8308475707759416, "daily_mean_pct": -0.09970093545628388, "day_ge_0_7_pct": 16.71232876712329}
accounts	UNKNOWN STEP	2026-10-01T12:46:27.6546404Z ACCOUNT GATE__UNION__ATR3__TRAIL__20bp__guarded {"trades": 429, "net_return_pct": -13.116663905595804, "cagr_pct": -13.091627227944148, "mdd_15m_pct": 15.009423639434125, "pf": 0.7198267681465276, "daily_mean_pct": -0.03764207382883147, "day_ge_0_7_pct": 2.4657534246575343}
accounts	UNKNOWN STEP	2026-10-01T12:46:28.3592949Z ACCOUNT GATE__UNION__ATR3__TRAIL__20bp__diagnostic {"trades": 1055, "net_return_pct": -31.14997553826957, "cagr_pct": -31.097296469264123, "mdd_15m_pct": 40.49271905427103, "pf": 0.8150889556586945, "daily_mean_pct": -0.09790543605161678, "day_ge_0_7_pct": 13.698630136986301}
accounts	UNKNOWN STEP	2026-10-01T12:46:28.7715628Z ACCOUNT GATE__UNION__ATR3__TRAIL__40bp__guarded {"trades": 397, "net_return_pct": -13.443203334356701, "cagr_pct": -13.417592679519652, "mdd_15m_pct": 15.074872010862611, "pf": 0.6891237515014518, "daily_mean_pct": -0.038738570817815836, "day_ge_0_7_pct": 2.191780821917808}
accounts	UNKNOWN STEP	2026-10-01T12:46:29.4826709Z ACCOUNT GATE__UNION__ATR3__TRAIL__40bp__diagnostic {"trades": 1053, "net_return_pct": -40.511718641576365, "cagr_pct": -40.44837004089315, "mdd_15m_pct": 46.47980255471634, "pf": 0.7474576926758288, "daily_mean_pct": -0.13801385056680326, "day_ge_0_7_pct": 12.876712328767123}
accounts	UNKNOWN STEP	2026-10-01T12:46:29.8524580Z ACCOUNT GATE__UNION__ATR4__TIME__20bp__guarded {"trades": 185, "net_return_pct": -6.38479365156045, "cagr_pct": -6.372136067086521, "mdd_15m_pct": 15.296349538634221, "pf": 0.8243567725290629, "daily_mean_pct": -0.017033196017938287, "day_ge_0_7_pct": 3.287671232876712}
accounts	UNKNOWN STEP	2026-10-01T12:46:30.4671456Z ACCOUNT GATE__UNION__ATR4__TIME__20bp__diagnostic {"trades": 504, "net_return_pct": -9.980072854658628, "cagr_pct": -9.960676059091544, "mdd_15m_pct": 28.408600575907993, "pf": 0.9025861048912472, "daily_mean_pct": -0.02529920515863321, "day_ge_0_7_pct": 10.95890410958904}
accounts	UNKNOWN STEP	2026-10-01T12:46:30.8346002Z ACCOUNT GATE__UNION__ATR4__TIME__40bp__guarded {"trades": 180, "net_return_pct": -7.4275465816869275, "cagr_pct": -7.412904830909595, "mdd_15m_pct": 15.056559866335254, "pf": 0.7901907624270371, "daily_mean_pct": -0.020134209947452384, "day_ge_0_7_pct": 3.287671232876712}
accounts	UNKNOWN STEP	2026-10-01T12:46:31.4535498Z ACCOUNT GATE__UNION__ATR4__TIME__40bp__diagnostic {"trades": 503, "net_return_pct": -15.696075470263061, "cagr_pct": -15.66657399583381, "mdd_15m_pct": 30.75891452562413, "pf": 0.8432409557287642, "daily_mean_pct": -0.04336681690481265, "day_ge_0_7_pct": 10.95890410958904}
accounts	UNKNOWN STEP	2026-10-01T12:46:31.8332470Z ACCOUNT GATE__UNION__ATR4__TP2__20bp__guarded {"trades": 178, "net_return_pct": -7.953769939022937, "cagr_pct": -7.93813598629427, "mdd_15m_pct": 15.406776763522217, "pf": 0.7690783621696509, "daily_mean_pct": -0.021832898067802725, "day_ge_0_7_pct": 2.191780821917808}
accounts	UNKNOWN STEP	2026-10-01T12:46:32.4388393Z ACCOUNT GATE__UNION__ATR4__TP2__20bp__diagnostic {"trades": 505, "net_return_pct": -14.931025613790839, "cagr_pct": -14.902831770054693, "mdd_15m_pct": 29.886444185477508, "pf": 0.8515425746163938, "daily_mean_pct": -0.041171615811745, "day_ge_0_7_pct": 10.136986301369863}
accounts	UNKNOWN STEP	2026-10-01T12:46:32.8215508Z ACCOUNT GATE__UNION__ATR4__TP2__40bp__guarded {"trades": 174, "net_return_pct": -8.904764514707042, "cagr_pct": -8.887353079946081, "mdd_15m_pct": 15.074142504067812, "pf": 0.73452680362797, "daily_mean_pct": -0.024727272730584757, "day_ge_0_7_pct": 2.191780821917808}
accounts	UNKNOWN STEP	2026-10-01T12:46:33.4162618Z ACCOUNT GATE__UNION__ATR4__TP2__40bp__diagnostic {"trades": 505, "net_return_pct": -20.260463059199473, "cagr_pct": -20.223459799821917, "mdd_15m_pct": 32.12955833942347, "pf": 0.7939684762348899, "daily_mean_pct": -0.05897144275432965, "day_ge_0_7_pct": 9.863013698630137}
accounts	UNKNOWN STEP	2026-10-01T12:46:33.7894348Z ACCOUNT GATE__UNION__ATR4__TRAIL__20bp__guarded {"trades": 187, "net_return_pct": -7.866770624351016, "cagr_pct": -7.851300286513374, "mdd_15m_pct": 15.054883807354496, "pf": 0.7311762763859663, "daily_mean_pct": -0.021673441343214743, "day_ge_0_7_pct": 2.191780821917808}
accounts	UNKNOWN STEP	2026-10-01T12:46:34.3422831Z ACCOUNT GATE__UNION__ATR4__TRAIL__20bp__diagnostic {"trades": 530, "net_return_pct": -14.99426173811057, "cagr_pct": -14.965959275225227, "mdd_15m_pct": 26.680373602463497, "pf": 0.8337875594901825, "daily_mean_pct": -0.04178424901372029, "day_ge_0_7_pct": 7.9452054794520555}
accounts	UNKNOWN STEP	2026-10-01T12:46:34.6939591Z ACCOUNT GATE__UNION__ATR4__TRAIL__40bp__guarded {"trades": 183, "net_return_pct": -9.244650193943126, "cagr_pct": -9.226608401400116, "mdd_15m_pct": 15.147150009793636, "pf": 0.6824957440779479, "daily_mean_pct": -0.02581857008929949, "day_ge_0_7_pct": 2.191780821917808}
accounts	UNKNOWN STEP	2026-10-01T12:46:35.2615019Z ACCOUNT GATE__UNION__ATR4__TRAIL__40bp__diagnostic {"trades": 529, "net_return_pct": -20.623229621208893, "cagr_pct": -20.585652676007104, "mdd_15m_pct": 29.291381680226504, "pf": 0.7677739080863366, "daily_mean_pct": -0.0606059172113515, "day_ge_0_7_pct": 7.671232876712329}
accounts	UNKNOWN STEP	2026-10-01T12:46:36.5411050Z REPLAY_DECISION {"status": "NO_CANONICAL_ACCOUNT_SURVIVOR__DATA_COVERAGE_REVIEW_REQUIRED", "survivors": [], "selected": [], "integrity": {"counts": {"DEV/SHOCK_FADE_L1_T6_M-1/ATR2/STOP_ABOVE_8PCT": 729, "DEV/SHOCK_FADE_L1_T6_M-1__ATR2__TIME/RESOLVED": 1663, "DEV/SHOCK_FADE_L1_T6_M-1__ATR2__TP2/RESOLVED": 1663, "DEV/SHOCK_FADE_L1_T6_M-1__ATR2__TRAIL/RESOLVED": 1663, "DEV/SHOCK_FADE_L1_T6_M-1/ATR3/STOP_ABOVE_8PCT": 1429, "DEV/SHOCK_FADE_L1_T6_M-1__ATR3__TIME/RESOLVED": 963, "DEV/SHOCK_FADE_L1_T6_M-1__ATR3__TP2/RESOLVED": 963, "DEV/SHOCK_FADE_L1_T6_M-1__ATR3__TRAIL/RESOLVED": 963, "DEV/SHOCK_FADE_L1_T6_M-1/ATR4/STOP_ABOVE_8PCT": 1922, "DEV/SHOCK_FADE_L1_T6_M-1__ATR4__TIME/RESOLVED": 470, "DEV/SHOCK_FADE_L1_T6_M-1__ATR4__TP2/RESOLVED": 470, "DEV/SHOCK_FADE_L1_T6_M-1__ATR4__TRAIL/RESOLVED": 470, "GATE/SHOCK_FADE_L1_T6_M-1/ATR2/STOP_ABOVE_8PCT": 292, "GATE/SHOCK_FADE_L1_T6_M-1__ATR2__TIME/RESOLVED": 1308, "GATE/SHOCK_FADE_L1_T6_M-1__ATR2__TP2/RESOLVED": 1308, "GATE/SHOCK_FADE_L1_T6_M-1__ATR2__TRAIL/RESOLVED": 1308, "GATE/SHOCK_FADE_L1_T6_M-1/ATR3/STOP_ABOVE_8PCT": 1100, "GATE/SHOCK_FADE_L1_T6_M-1__ATR3__TIME/RESOLVED": 500, "GATE/SHOCK_FADE_L1_T6_M-1__ATR3__TP2/RESOLVED": 500, "GATE/SHOCK_FADE_L1_T6_M-1__ATR3__TRAIL/RESOLVED": 500, "GATE/SHOCK_FADE_L1_T6_M-1/ATR4/STOP_ABOVE_8PCT": 1457, "GATE/SHOCK_FADE_L1_T6_M-1__ATR4__TIME/RESOLVED": 143, "GATE/SHOCK_FADE_L1_T6_M-1__ATR4__TP2/RESOLVED": 143, "GATE/SHOCK_FADE_L1_T6_M-1__ATR4__TRAIL/RESOLVED": 143, "DEV/SHOCK_FADE_L4_T6_M-1/ATR2/STOP_ABOVE_8PCT": 1508, "DEV/SHOCK_FADE_L4_T6_M-1__ATR2__TIME/RESOLVED": 7246, "DEV/SHOCK_FADE_L4_T6_M-1__ATR2__TP2/RESOLVED": 7248, "DEV/SHOCK_FADE_L4_T6_M-1__ATR2__TRAIL/RESOLVED": 7252, "DEV/SHOCK_FADE_L4_T6_M-1/ATR3/STOP_ABOVE_8PCT": 3676, "DEV/SHOCK_FADE_L4_T6_M-1__ATR3__TIME/RESOLVED": 5075, "DEV/SHOCK_FADE_L4_T6_M-1__ATR3__TP2/RESOLVED": 5076, "DEV/SHOCK_FADE_L4_T6_M-1__ATR3__TRAIL/RESOLVED": 5078, "DEV/SHOCK_FADE_L4_T6_M-1/ATR4/STOP_ABOVE_8PCT": 5824, "DEV/SHOCK_FADE_L4_T6_M-1__ATR4__TIME/RESOLVED": 2928, "DEV/SHOCK_FADE_L4_T6_M-1__ATR4__TP2/RESOLVED": 2928, "DEV/SHOCK_FADE_L4_T6_M-1__ATR4__TRAIL/RESOLVED": 2929, "GATE/SHOCK_FADE_L4_T6_M-1/ATR2/STOP_ABOVE_8PCT": 484, "GATE/SHOCK_FADE_L4_T6_M-1__ATR2__TIME/RESOLVED": 4986, "GATE/SHOCK_FADE_L4_T6_M-1__ATR2__TP2/RESOLVED": 4986, "GATE/SHOCK_FADE_L4_T6_M-1__ATR2__TRAIL/RESOLVED": 4986, "GATE/SHOCK_FADE_L4_T6_M-1/ATR3/STOP_ABOVE_8PCT": 2134, "GATE/SHOCK_FADE_L4_T6_M-1__ATR3__TIME/RESOLVED": 3336, "GATE/SHOCK_FADE_L4_T6_M-1__ATR3__TP2/RESOLVED": 3336, "GATE/SHOCK_FADE_L4_T6_M-1__ATR3__TRAIL/RESOLVED": 3336, "GATE/SHOCK_FADE_L4_T6_M-1/ATR4/STOP_ABOVE_8PCT": 3794, "GATE/SHOCK_FADE_L4_T6_M-1__ATR4__TIME/RESOLVED": 1676, "GATE/SHOCK_FADE_L4_T6_M-1__ATR4__TP2/RESOLVED": 1676, "GATE/SHOCK_FADE_L4_T6_M-1__ATR4__TRAIL/RESOLVED": 1676, "DEV/SHOCK_FADE_L4_T6_M-1__ATR4__TIME/DATA_GAP": 8, "DEV/SHOCK_FADE_L4_T6_M-1__ATR4__TP2/DATA_GAP": 8, "DEV/SHOCK_FADE_L4_T6_M-1__ATR4__TRAIL/DATA_GAP": 7, "DEV/SHOCK_FADE_L4_T6_M-1__ATR2__TIME/DATA_GAP": 6, "DEV/SHOCK_FADE_L4_T6_M-1__ATR2__TP2/DATA_GAP": 4, "DEV/SHOCK_FADE_L4_T6_M-1__ATR3__TIME/DATA_GAP": 9, "DEV/SHOCK_FADE_L4_T6_M-1__ATR3__TP2/DATA_GAP": 8, "DEV/SHOCK_FADE_L4_T6_M-1__ATR3__TRAIL/DATA_GAP": 6}, "chronology_exclusions": 56, "exclusion_detail": {"DEV/SHOCK_FADE_L4_T6_M-1__ATR4__TIME/DATA_GAP": 8, "DEV/SHOCK_FADE_L4_T6_M-1__ATR4__TP2/DATA_GAP": 8, "DEV/SHOCK_FADE_L4_T6_M-1__ATR4__TRAIL/DATA_GAP": 7, "DEV/SHOCK_FADE_L4_T6_M-1__ATR2__TIME/DATA_GAP": 6, "DEV/SHOCK_FADE_L4_T6_M-1__ATR2__TP2/DATA_GAP": 4, "DEV/SHOCK_FADE_L4_T6_M-1__ATR3__TIME/DATA_GAP": 9, "DEV/SHOCK_FADE_L4_T6_M-1__ATR3__TP2/DATA_GAP": 8, "DEV/SHOCK_FADE_L4_T6_M-1__ATR3__TRAIL/DATA_GAP": 6}}, "note": "Historical selection, not independent proof. Daily goal is separately measured."}
accounts	UNKNOWN STEP	2026-10-01T12:46:36.6357166Z ##[group]Run gh run download 36858492497 -R duuu-hub/bb-scanner -n day-edge-v2-screen -D preserved-scout
accounts	UNKNOWN STEP	2026-10-01T12:46:36.6357600Z ^[[36;1mgh run download 36858492497 -R duuu-hub/bb-scanner -n day-edge-v2-screen -D preserved-scout^[[0m
accounts	UNKNOWN STEP	2026-10-01T12:46:36.6358277Z ^[[36;1mgh run download 36095439671 -R duuu-hub/bb-scanner -p 'rank5-binance-um-15m-5y-manifest-shard-*' -D preserved-source-manifests^[[0m
accounts	UNKNOWN STEP	2026-10-01T12:46:36.6358609Z ^[[36;1mpython - <<'PY'^[[0m
accounts	UNKNOWN STEP	2026-10-01T12:46:36.6358753Z ^[[36;1mfrom pathlib import Path^[[0m
accounts	UNKNOWN STEP	2026-10-01T12:46:36.6358928Z ^[[36;1mimport shutil,json,hashlib,os,pandas as pd^[[0m
accounts	UNKNOWN STEP	2026-10-01T12:46:36.6359179Z ^[[36;1mdest=Path('research/day-edge-lab-v2')/('run-'+os.environ['GITHUB_RUN_ID'])^[[0m
accounts	UNKNOWN STEP	2026-10-01T12:46:36.6359411Z ^[[36;1mdest.mkdir(parents=True)^[[0m
accounts	UNKNOWN STEP	2026-10-01T12:46:36.6359627Z ^[[36;1mfor name in ['summary.csv','summary.json','year_quarter.csv','audit.json',^[[0m
accounts	UNKNOWN STEP	2026-10-01T12:46:36.6359915Z ^[[36;1m             'survivors.json','independent_candidates.csv.gz']:^[[0m
accounts	UNKNOWN STEP	2026-10-01T12:46:36.6360167Z ^[[36;1m  shutil.copyfile(Path('day-edge-v2-account')/name,dest/name)^[[0m
accounts	UNKNOWN STEP	2026-10-01T12:46:36.6360444Z ^[[36;1mshutil.copyfile('frozen-input/selection.json',dest/'selection.json')^[[0m
accounts	UNKNOWN STEP	2026-10-01T12:46:36.6360881Z ^[[36;1mshutil.copyfile('frozen-input/EXECUTION_PLAN.md',dest/'EXECUTION_PLAN.md')^[[0m
accounts	UNKNOWN STEP	2026-10-01T12:46:36.6361184Z ^[[36;1mfor i,p in enumerate(sorted(Path('canonical-parts').rglob('scan_meta.json'))):^[[0m
accounts	UNKNOWN STEP	2026-10-01T12:46:36.6361456Z ^[[36;1m  shutil.copyfile(p,dest/f'scan_shard_{i}_meta.json')^[[0m
accounts	UNKNOWN STEP	2026-10-01T12:46:36.6361640Z ^[[36;1mtrades=[]^[[0m
accounts	UNKNOWN STEP	2026-10-01T12:46:36.6361843Z ^[[36;1mfor p in sorted(Path('day-edge-v2-account/details').glob('*/trades.csv.gz')):^[[0m
accounts	UNKNOWN STEP	2026-10-01T12:46:36.6362076Z ^[[36;1m  try: d=pd.read_csv(p)^[[0m
accounts	UNKNOWN STEP	2026-10-01T12:46:36.6362248Z ^[[36;1m  except pd.errors.EmptyDataError: continue^[[0m
accounts	UNKNOWN STEP	2026-10-01T12:46:36.6362450Z ^[[36;1m  d['scenario']=p.parent.name;trades.append(d)^[[0m
accounts	UNKNOWN STEP	2026-10-01T12:46:36.6362623Z ^[[36;1mif trades:^[[0m
accounts	UNKNOWN STEP	2026-10-01T12:46:36.6362872Z ^[[36;1m  pd.concat(trades,ignore_index=True).to_csv(dest/'executed_trades.csv.gz',index=False,compression='gzip')^[[0m
accounts	UNKNOWN STEP	2026-10-01T12:46:36.6363270Z ^[[36;1mfor name in ['scout_all_cells.csv','scout_all_cells.json','merged_cell_symbol_year.csv.gz']:^[[0m
accounts	UNKNOWN STEP	2026-10-01T12:46:36.6363650Z ^[[36;1m  found=list(Path('preserved-scout').rglob(name))^[[0m
accounts	UNKNOWN STEP	2026-10-01T12:46:36.6363915Z ^[[36;1m  assert len(found)==1,found^[[0m
accounts	UNKNOWN STEP	2026-10-01T12:46:36.6364273Z ^[[36;1m  shutil.copyfile(found[0],dest/name)^[[0m
accounts	UNKNOWN STEP	2026-10-01T12:46:36.6364585Z ^[[36;1mfor p in Path('preserved-source-manifests').rglob('manifest_shard_*.json'):^[[0m
accounts	UNKNOWN STEP	2026-10-01T12:46:36.6364987Z ^[[36;1m  shutil.copyfile(p,dest/p.name)^[[0m
accounts	UNKNOWN STEP	2026-10-01T12:46:36.6365240Z ^[[36;1m(dest/'FAILED_RUN.md').write_text(^[[0m
accounts	UNKNOWN STEP	2026-10-01T12:46:36.6365550Z ^[[36;1m  'Run 36861359640 completed all canonical scans but its account audit stopped. '^[[0m
accounts	UNKNOWN STEP	2026-10-01T12:46:36.6365958Z ^[[36;1m  'The curve omitted pre-entry high-water equity at the same timestamp. '^[[0m
accounts	UNKNOWN STEP	2026-10-01T12:46:36.6366410Z ^[[36;1m  'This retry emits pre-entry equity and independently audits both boundary observations. '^[[0m
accounts	UNKNOWN STEP	2026-10-01T12:46:36.6376135Z ^[[36;1m  'Entry/exit/sizing rules were not retuned. Failed details remain in the original run.\n')^[[0m
accounts	UNKNOWN STEP	2026-10-01T12:46:36.6376922Z ^[[36;1mhashes={p.name:hashlib.sha256(p.read_bytes()).hexdigest() for p in dest.iterdir() if p.is_file()}^[[0m
accounts	UNKNOWN STEP	2026-10-01T12:46:36.6377500Z ^[[36;1m(dest/'provenance.json').write_text(json.dumps(dict(run=int(os.environ['GITHUB_RUN_ID']),^[[0m
accounts	UNKNOWN STEP	2026-10-01T12:46:36.6377846Z ^[[36;1m  executed_commit=os.environ['GITHUB_SHA'],source_data_run=36095439671,^[[0m
accounts	UNKNOWN STEP	2026-10-01T12:46:36.6378301Z ^[[36;1m  scout_run=36858492497,canonical_scan_run=36861359640,file_sha256=hashes),indent=2))^[[0m
accounts	UNKNOWN STEP	2026-10-01T12:46:36.6378532Z ^[[36;1mPY^[[0m
accounts	UNKNOWN STEP	2026-10-01T12:46:36.6378675Z ^[[36;1mgit config user.name "github-actions[bot]"^[[0m
accounts	UNKNOWN STEP	2026-10-01T12:46:36.6378925Z ^[[36;1mgit config user.email "41898282+github-actions[bot]@users.noreply.github.com"^[[0m
accounts	UNKNOWN STEP	2026-10-01T12:46:36.6379341Z ^[[36;1mgit checkout -b "$RESULT_BRANCH"^[[0m
accounts	UNKNOWN STEP	2026-10-01T12:46:36.6379538Z ^[[36;1mgit add "research/day-edge-lab-v2/run-36863290334"^[[0m
accounts	UNKNOWN STEP	2026-10-01T12:46:36.6379791Z ^[[36;1mgit commit -m "Preserve canonical Day Edge V2 results from run 36863290334"^[[0m
accounts	UNKNOWN STEP	2026-10-01T12:46:36.6380025Z ^[[36;1mgit push origin "$RESULT_BRANCH"^[[0m
accounts	UNKNOWN STEP	2026-10-01T12:46:36.6432648Z shell: /usr/bin/bash -e {0}
accounts	UNKNOWN STEP	2026-10-01T12:46:36.6432793Z env:
accounts	UNKNOWN STEP	2026-10-01T12:46:36.6432949Z   pythonLocation: /opt/hostedtoolcache/Python/3.12.14/x64
accounts	UNKNOWN STEP	2026-10-01T12:46:36.6433192Z   PKG_CONFIG_PATH: /opt/hostedtoolcache/Python/3.12.14/x64/lib/pkgconfig
accounts	UNKNOWN STEP	2026-10-01T12:46:36.6433445Z   Python_ROOT_DIR: /opt/hostedtoolcache/Python/3.12.14/x64
accounts	UNKNOWN STEP	2026-10-01T12:46:36.6433665Z   Python2_ROOT_DIR: /opt/hostedtoolcache/Python/3.12.14/x64
accounts	UNKNOWN STEP	2026-10-01T12:46:36.6433880Z   Python3_ROOT_DIR: /opt/hostedtoolcache/Python/3.12.14/x64
accounts	UNKNOWN STEP	2026-10-01T12:46:36.6434099Z   LD_LIBRARY_PATH: /opt/hostedtoolcache/Python/3.12.14/x64/lib
accounts	UNKNOWN STEP	2026-10-01T12:46:36.6434328Z   RESULT_BRANCH: research-day-edge-v2-results-36863290334
accounts	UNKNOWN STEP	2026-10-01T12:46:36.6436064Z   GH_TOKEN: ***
accounts	UNKNOWN STEP	2026-10-01T12:46:36.6436189Z ##[endgroup]
accounts	UNKNOWN STEP	2026-10-01T12:46:44.9874636Z Switched to a new branch 'research-day-edge-v2-results-36863290334'
accounts	UNKNOWN STEP	2026-10-01T12:46:45.6511102Z [research-day-edge-v2-results-36863290334 84b43e3] Preserve canonical Day Edge V2 results from run 36863290334
accounts	UNKNOWN STEP	2026-10-01T12:46:45.6511935Z  30 files changed, 38027 insertions(+)
accounts	UNKNOWN STEP	2026-10-01T12:46:45.6512279Z  create mode 100644 research/day-edge-lab-v2/run-36863290334/EXECUTION_PLAN.md
accounts	UNKNOWN STEP	2026-10-01T12:46:45.6512678Z  create mode 100644 research/day-edge-lab-v2/run-36863290334/FAILED_RUN.md
accounts	UNKNOWN STEP	2026-10-01T12:46:45.6513053Z  create mode 100644 research/day-edge-lab-v2/run-36863290334/audit.json
accounts	UNKNOWN STEP	2026-10-01T12:46:45.6513457Z  create mode 100644 research/day-edge-lab-v2/run-36863290334/executed_trades.csv.gz
accounts	UNKNOWN STEP	2026-10-01T12:46:45.6513911Z  create mode 100644 research/day-edge-lab-v2/run-36863290334/independent_candidates.csv.gz
accounts	UNKNOWN STEP	2026-10-01T12:46:45.6514384Z  create mode 100644 research/day-edge-lab-v2/run-36863290334/manifest_shard_00.json
accounts	UNKNOWN STEP	2026-10-01T12:46:45.6514804Z  create mode 100644 research/day-edge-lab-v2/run-36863290334/manifest_shard_01.json
accounts	UNKNOWN STEP	2026-10-01T12:46:45.6515220Z  create mode 100644 research/day-edge-lab-v2/run-36863290334/manifest_shard_02.json
accounts	UNKNOWN STEP	2026-10-01T12:46:45.6515644Z  create mode 100644 research/day-edge-lab-v2/run-36863290334/manifest_shard_03.json
accounts	UNKNOWN STEP	2026-10-01T12:46:45.6516089Z  create mode 100644 research/day-edge-lab-v2/run-36863290334/manifest_shard_04.json
accounts	UNKNOWN STEP	2026-10-01T12:46:45.6516536Z  create mode 100644 research/day-edge-lab-v2/run-36863290334/manifest_shard_05.json
accounts	UNKNOWN STEP	2026-10-01T12:46:45.6516942Z  create mode 100644 research/day-edge-lab-v2/run-36863290334/manifest_shard_06.json
accounts	UNKNOWN STEP	2026-10-01T12:46:45.6517224Z  create mode 100644 research/day-edge-lab-v2/run-36863290334/manifest_shard_07.json
accounts	UNKNOWN STEP	2026-10-01T12:46:45.6517528Z  create mode 100644 research/day-edge-lab-v2/run-36863290334/merged_cell_symbol_year.csv.gz
accounts	UNKNOWN STEP	2026-10-01T12:46:45.6517829Z  create mode 100644 research/day-edge-lab-v2/run-36863290334/provenance.json
accounts	UNKNOWN STEP	2026-10-01T12:46:45.6518450Z  create mode 100644 research/day-edge-lab-v2/run-36863290334/scan_shard_0_meta.json
accounts	UNKNOWN STEP	2026-10-01T12:46:45.6518910Z  create mode 100644 research/day-edge-lab-v2/run-36863290334/scan_shard_1_meta.json
accounts	UNKNOWN STEP	2026-10-01T12:46:45.6519416Z  create mode 100644 research/day-edge-lab-v2/run-36863290334/scan_shard_2_meta.json
accounts	UNKNOWN STEP	2026-10-01T12:46:45.6520076Z  create mode 100644 research/day-edge-lab-v2/run-36863290334/scan_shard_3_meta.json
accounts	UNKNOWN STEP	2026-10-01T12:46:45.6520494Z  create mode 100644 research/day-edge-lab-v2/run-36863290334/scan_shard_4_meta.json
accounts	UNKNOWN STEP	2026-10-01T12:46:45.6520775Z  create mode 100644 research/day-edge-lab-v2/run-36863290334/scan_shard_5_meta.json
accounts	UNKNOWN STEP	2026-10-01T12:46:45.6521055Z  create mode 100644 research/day-edge-lab-v2/run-36863290334/scan_shard_6_meta.json
accounts	UNKNOWN STEP	2026-10-01T12:46:45.6521358Z  create mode 100644 research/day-edge-lab-v2/run-36863290334/scan_shard_7_meta.json
accounts	UNKNOWN STEP	2026-10-01T12:46:45.6521797Z  create mode 100644 research/day-edge-lab-v2/run-36863290334/scout_all_cells.csv
accounts	UNKNOWN STEP	2026-10-01T12:46:45.6522081Z  create mode 100644 research/day-edge-lab-v2/run-36863290334/scout_all_cells.json
accounts	UNKNOWN STEP	2026-10-01T12:46:45.6522352Z  create mode 100644 research/day-edge-lab-v2/run-36863290334/selection.json
accounts	UNKNOWN STEP	2026-10-01T12:46:45.6522610Z  create mode 100644 research/day-edge-lab-v2/run-36863290334/summary.csv
accounts	UNKNOWN STEP	2026-10-01T12:46:45.6522858Z  create mode 100644 research/day-edge-lab-v2/run-36863290334/summary.json
accounts	UNKNOWN STEP	2026-10-01T12:46:45.6523116Z  create mode 100644 research/day-edge-lab-v2/run-36863290334/survivors.json
accounts	UNKNOWN STEP	2026-10-01T12:46:45.6523378Z  create mode 100644 research/day-edge-lab-v2/run-36863290334/year_quarter.csv
accounts	UNKNOWN STEP	2026-10-01T12:46:50.3583257Z remote: 
accounts	UNKNOWN STEP	2026-10-01T12:46:50.3583751Z remote: Create a pull request for 'research-day-edge-v2-results-36863290334' on GitHub by visiting:        
accounts	UNKNOWN STEP	2026-10-01T12:46:50.3584424Z remote:      https://github.com/duuu-hub/bb-scanner/pull/new/research-day-edge-v2-results-36863290334        
accounts	UNKNOWN STEP	2026-10-01T12:46:50.3584865Z remote: 
accounts	UNKNOWN STEP	2026-10-01T12:46:50.3591506Z To https://github.com/duuu-hub/bb-scanner
accounts	UNKNOWN STEP	2026-10-01T12:46:50.3591996Z  * [new branch]      research-day-edge-v2-results-36863290334 -> research-day-edge-v2-results-36863290334
accounts	UNKNOWN STEP	2026-10-01T12:46:50.3662438Z ##[group]Run actions/upload-artifact@v4
accounts	UNKNOWN STEP	2026-10-01T12:46:50.3662749Z with:
accounts	UNKNOWN STEP	2026-10-01T12:46:50.3662880Z   name: day-edge-v2-canonical-summary
accounts	UNKNOWN STEP	2026-10-01T12:46:50.3663059Z   path: research/day-edge-lab-v2/run-36863290334/
accounts	UNKNOWN STEP	2026-10-01T12:46:50.3663231Z   retention-days: 30
accounts	UNKNOWN STEP	2026-10-01T12:46:50.3663365Z   compression-level: 0
accounts	UNKNOWN STEP	2026-10-01T12:46:50.3663498Z   if-no-files-found: warn
accounts	UNKNOWN STEP	2026-10-01T12:46:50.3663630Z   overwrite: false
accounts	UNKNOWN STEP	2026-10-01T12:46:50.3663758Z   include-hidden-files: false
accounts	UNKNOWN STEP	2026-10-01T12:46:50.3663897Z env:
accounts	UNKNOWN STEP	2026-10-01T12:46:50.3664045Z   pythonLocation: /opt/hostedtoolcache/Python/3.12.14/x64
accounts	UNKNOWN STEP	2026-10-01T12:46:50.3664291Z   PKG_CONFIG_PATH: /opt/hostedtoolcache/Python/3.12.14/x64/lib/pkgconfig
accounts	UNKNOWN STEP	2026-10-01T12:46:50.3664533Z   Python_ROOT_DIR: /opt/hostedtoolcache/Python/3.12.14/x64
accounts	UNKNOWN STEP	2026-10-01T12:46:50.3664754Z   Python2_ROOT_DIR: /opt/hostedtoolcache/Python/3.12.14/x64
accounts	UNKNOWN STEP	2026-10-01T12:46:50.3664972Z   Python3_ROOT_DIR: /opt/hostedtoolcache/Python/3.12.14/x64
accounts	UNKNOWN STEP	2026-10-01T12:46:50.3665221Z   LD_LIBRARY_PATH: /opt/hostedtoolcache/Python/3.12.14/x64/lib
accounts	UNKNOWN STEP	2026-10-01T12:46:50.3665413Z ##[endgroup]
accounts	UNKNOWN STEP	2026-10-01T12:46:50.4665897Z (node:2278) [DEP0040] DeprecationWarning: The `punycode` module is deprecated. Please use a userland alternative instead.
accounts	UNKNOWN STEP	2026-10-01T12:46:50.4666428Z (Use `node --trace-deprecation ...` to show where the warning was created)
accounts	UNKNOWN STEP	2026-10-01T12:46:50.4734376Z With the provided path, there will be 30 files uploaded
accounts	UNKNOWN STEP	2026-10-01T12:46:50.4737585Z Artifact name is valid!
accounts	UNKNOWN STEP	2026-10-01T12:46:50.4737829Z Root directory input is valid!
accounts	UNKNOWN STEP	2026-10-01T12:46:50.8101998Z Beginning upload of artifact content to blob storage
accounts	UNKNOWN STEP	2026-10-01T12:46:50.8407233Z (node:2278) [DEP0169] DeprecationWarning: `url.parse()` behavior is not standardized and prone to errors that have security implications. Use the WHATWG URL API instead. CVEs are not issued for `url.parse()` vulnerabilities.
accounts	UNKNOWN STEP	2026-10-01T12:46:51.5708293Z Uploaded bytes 8388608
accounts	UNKNOWN STEP	2026-10-01T12:46:51.5741930Z Uploaded bytes 16777216
accounts	UNKNOWN STEP	2026-10-01T12:46:51.6455515Z Uploaded bytes 25165824
accounts	UNKNOWN STEP	2026-10-01T12:46:51.8771558Z Uploaded bytes 30816472
accounts	UNKNOWN STEP	2026-10-01T12:46:51.9390569Z Finished uploading artifact content to blob storage!
accounts	UNKNOWN STEP	2026-10-01T12:46:51.9391475Z SHA256 digest of uploaded artifact zip is 64ad95247124a50a674bdf580133b39b83fca5f24abfeeb712d6274af733dbd3
accounts	UNKNOWN STEP	2026-10-01T12:46:51.9392853Z Finalizing artifact upload
accounts	UNKNOWN STEP	2026-10-01T12:46:52.1928718Z Artifact day-edge-v2-canonical-summary.zip successfully finalized. Artifact ID 11161998519
accounts	UNKNOWN STEP	2026-10-01T12:46:52.1929409Z Artifact day-edge-v2-canonical-summary has been successfully uploaded! Final size is 30816472 bytes. Artifact ID is 11161998519
accounts	UNKNOWN STEP	2026-10-01T12:46:52.1930124Z Artifact download URL: https://github.com/duuu-hub/bb-scanner/actions/runs/36863290334/artifacts/11161998519
accounts	UNKNOWN STEP	2026-10-01T12:46:52.2065466Z ##[group]Run actions/upload-artifact@v4
accounts	UNKNOWN STEP	2026-10-01T12:46:52.2065737Z with:
accounts	UNKNOWN STEP	2026-10-01T12:46:52.2065940Z   name: day-edge-v2-canonical-details
accounts	UNKNOWN STEP	2026-10-01T12:46:52.2066211Z   path: day-edge-v2-account/
accounts	UNKNOWN STEP	2026-10-01T12:46:52.2066444Z   retention-days: 30
accounts	UNKNOWN STEP	2026-10-01T12:46:52.2066672Z   compression-level: 0
accounts	UNKNOWN STEP	2026-10-01T12:46:52.2066886Z   if-no-files-found: warn
accounts	UNKNOWN STEP	2026-10-01T12:46:52.2067096Z   overwrite: false
accounts	UNKNOWN STEP	2026-10-01T12:46:52.2067303Z   include-hidden-files: false
accounts	UNKNOWN STEP	2026-10-01T12:46:52.2067527Z env:
accounts	UNKNOWN STEP	2026-10-01T12:46:52.2067762Z   pythonLocation: /opt/hostedtoolcache/Python/3.12.14/x64
accounts	UNKNOWN STEP	2026-10-01T12:46:52.2068401Z   PKG_CONFIG_PATH: /opt/hostedtoolcache/Python/3.12.14/x64/lib/pkgconfig
accounts	UNKNOWN STEP	2026-10-01T12:46:52.2068781Z   Python_ROOT_DIR: /opt/hostedtoolcache/Python/3.12.14/x64
accounts	UNKNOWN STEP	2026-10-01T12:46:52.2069130Z   Python2_ROOT_DIR: /opt/hostedtoolcache/Python/3.12.14/x64
accounts	UNKNOWN STEP	2026-10-01T12:46:52.2069489Z   Python3_ROOT_DIR: /opt/hostedtoolcache/Python/3.12.14/x64
accounts	UNKNOWN STEP	2026-10-01T12:46:52.2069885Z   LD_LIBRARY_PATH: /opt/hostedtoolcache/Python/3.12.14/x64/lib
accounts	UNKNOWN STEP	2026-10-01T12:46:52.2070190Z ##[endgroup]
accounts	UNKNOWN STEP	2026-10-01T12:46:52.3116884Z (node:2291) [DEP0040] DeprecationWarning: The `punycode` module is deprecated. Please use a userland alternative instead.
accounts	UNKNOWN STEP	2026-10-01T12:46:52.3117445Z (Use `node --trace-deprecation ...` to show where the warning was created)
accounts	UNKNOWN STEP	2026-10-01T12:46:52.3946542Z With the provided path, there will be 654 files uploaded
accounts	UNKNOWN STEP	2026-10-01T12:46:52.3950463Z Artifact name is valid!
accounts	UNKNOWN STEP	2026-10-01T12:46:52.3950853Z Root directory input is valid!
accounts	UNKNOWN STEP	2026-10-01T12:46:52.7341810Z Beginning upload of artifact content to blob storage
accounts	UNKNOWN STEP	2026-10-01T12:46:52.8023699Z (node:2291) [DEP0169] DeprecationWarning: `url.parse()` behavior is not standardized and prone to errors that have security implications. Use the WHATWG URL API instead. CVEs are not issued for `url.parse()` vulnerabilities.
accounts	UNKNOWN STEP	2026-10-01T12:46:53.5787645Z Uploaded bytes 8388608
accounts	UNKNOWN STEP	2026-10-01T12:46:53.5892767Z Uploaded bytes 16777216
accounts	UNKNOWN STEP	2026-10-01T12:46:53.5995736Z Uploaded bytes 25165824
accounts	UNKNOWN STEP	2026-10-01T12:46:53.6714568Z Uploaded bytes 33554432
accounts	UNKNOWN STEP	2026-10-01T12:46:53.7995176Z Uploaded bytes 41943040
accounts	UNKNOWN STEP	2026-10-01T12:46:53.8208451Z Uploaded bytes 50331648
accounts	UNKNOWN STEP	2026-10-01T12:46:53.8611247Z Uploaded bytes 58720256
accounts	UNKNOWN STEP	2026-10-01T12:46:53.9472831Z Uploaded bytes 67108864
accounts	UNKNOWN STEP	2026-10-01T12:46:54.1498534Z Uploaded bytes 75497472
accounts	UNKNOWN STEP	2026-10-01T12:46:54.1596633Z Uploaded bytes 83886080
accounts	UNKNOWN STEP	2026-10-01T12:46:54.1658461Z Uploaded bytes 92274688
accounts	UNKNOWN STEP	2026-10-01T12:46:54.2103646Z Uploaded bytes 100663296
accounts	UNKNOWN STEP	2026-10-01T12:46:54.3995666Z Uploaded bytes 109051904
accounts	UNKNOWN STEP	2026-10-01T12:46:54.4075216Z Uploaded bytes 117440512
accounts	UNKNOWN STEP	2026-10-01T12:46:54.5382268Z Uploaded bytes 125829120
accounts	UNKNOWN STEP	2026-10-01T12:46:54.6124778Z Uploaded bytes 126604108
accounts	UNKNOWN STEP	2026-10-01T12:46:54.6734790Z Finished uploading artifact content to blob storage!
accounts	UNKNOWN STEP	2026-10-01T12:46:54.6736888Z SHA256 digest of uploaded artifact zip is a2d1ac8cbd164cdd45f825ca90f8a57f4b1a563acfee9f93d33ae4c48809c5ed
accounts	UNKNOWN STEP	2026-10-01T12:46:54.6738294Z Finalizing artifact upload
accounts	UNKNOWN STEP	2026-10-01T12:46:54.9269351Z Artifact day-edge-v2-canonical-details.zip successfully finalized. Artifact ID 11162438089
accounts	UNKNOWN STEP	2026-10-01T12:46:54.9270045Z Artifact day-edge-v2-canonical-details has been successfully uploaded! Final size is 126604108 bytes. Artifact ID is 11162438089
accounts	UNKNOWN STEP	2026-10-01T12:46:54.9274323Z Artifact download URL: https://github.com/duuu-hub/bb-scanner/actions/runs/36863290334/artifacts/11162438089
accounts	UNKNOWN STEP	2026-10-01T12:46:54.9501555Z Post job cleanup.
accounts	UNKNOWN STEP	2026-10-01T12:46:55.0239841Z (node:2304) [DEP0040] DeprecationWarning: The `punycode` module is deprecated. Please use a userland alternative instead.
accounts	UNKNOWN STEP	2026-10-01T12:46:55.0240297Z (Use `node --trace-deprecation ...` to show where the warning was created)
accounts	UNKNOWN STEP	2026-10-01T12:46:55.0378128Z Post job cleanup.
accounts	UNKNOWN STEP	2026-10-01T12:46:55.0953498Z [command]/usr/bin/git version
accounts	UNKNOWN STEP	2026-10-01T12:46:55.0986357Z git version 2.55.0
accounts	UNKNOWN STEP	2026-10-01T12:46:55.1009130Z Temporarily overriding HOME='/home/runner/work/_temp/e9a91267-2b3c-4966-84fd-f3afce7ceda9' before making global git config changes
accounts	UNKNOWN STEP	2026-10-01T12:46:55.1009875Z Adding repository directory to the temporary git global config as a safe directory
accounts	UNKNOWN STEP	2026-10-01T12:46:55.1012002Z [command]/usr/bin/git config --global --add safe.directory /home/runner/work/bb-scanner/bb-scanner
accounts	UNKNOWN STEP	2026-10-01T12:46:55.1042526Z [command]/usr/bin/git config --local --name-only --get-regexp core\.sshCommand
accounts	UNKNOWN STEP	2026-10-01T12:46:55.1069783Z [command]/usr/bin/git submodule foreach --recursive sh -c "git config --local --name-only --get-regexp 'core\.sshCommand' && git config --local --unset-all 'core.sshCommand' || :"
accounts	UNKNOWN STEP	2026-10-01T12:46:55.1283134Z [command]/usr/bin/git config --local --name-only --get-regexp http\.https\:\/\/github\.com\/\.extraheader
accounts	UNKNOWN STEP	2026-10-01T12:46:55.1306703Z http.https://github.com/.extraheader
accounts	UNKNOWN STEP	2026-10-01T12:46:55.1315038Z [command]/usr/bin/git config --local --unset-all http.https://github.com/.extraheader
accounts	UNKNOWN STEP	2026-10-01T12:46:55.1345292Z [command]/usr/bin/git submodule foreach --recursive sh -c "git config --local --name-only --get-regexp 'http\.https\:\/\/github\.com\/\.extraheader' && git config --local --unset-all 'http.https://github.com/.extraheader' || :"
accounts	UNKNOWN STEP	2026-10-01T12:46:55.1573662Z [command]/usr/bin/git config --local --name-only --get-regexp ^includeIf\.gitdir:
accounts	UNKNOWN STEP	2026-10-01T12:46:55.1606607Z [command]/usr/bin/git submodule foreach --recursive git config --local --show-origin --name-only --get-regexp remote.origin.url
accounts	UNKNOWN STEP	2026-10-01T12:46:55.1916916Z Cleaning up orphan processes
accounts	UNKNOWN STEP	2026-10-01T12:46:55.2118690Z ##[warning]Node.js 20 is deprecated. The following actions target Node.js 20 but are being forced to run on Node.js 24: actions/checkout@v4, actions/download-artifact@v4, actions/setup-python@v5, actions/upload-artifact@v4. For more information see: https://github.blog/changelog/2025-09-19-deprecation-of-node-20-on-github-actions-runners/
