validate	UNKNOWN STEP	﻿2026-10-01T12:22:54.6187437Z Current runner version: '2.337.0'
validate	UNKNOWN STEP	2026-10-01T12:22:54.6208097Z ##[group]Runner Image Provisioner
validate	UNKNOWN STEP	2026-10-01T12:22:54.6208929Z Hosted Compute Agent
validate	UNKNOWN STEP	2026-10-01T12:22:54.6209319Z Version: 20260901.588
validate	UNKNOWN STEP	2026-10-01T12:22:54.6209764Z Commit: f88ec8081b781fac6c440065ac7ff9e710ce3d0b
validate	UNKNOWN STEP	2026-10-01T12:22:54.6210373Z Build Date: 2026-09-01T19:56:44Z
validate	UNKNOWN STEP	2026-10-01T12:22:54.6210820Z Worker ID: {66ba2f81-3657-40b5-82e0-4a3b2c7a8a95}
validate	UNKNOWN STEP	2026-10-01T12:22:54.6211622Z Azure Region: westus3
validate	UNKNOWN STEP	2026-10-01T12:22:54.6212005Z ##[endgroup]
validate	UNKNOWN STEP	2026-10-01T12:22:54.6212984Z ##[group]Operating System
validate	UNKNOWN STEP	2026-10-01T12:22:54.6213436Z Ubuntu
validate	UNKNOWN STEP	2026-10-01T12:22:54.6213808Z 24.04.5
validate	UNKNOWN STEP	2026-10-01T12:22:54.6214263Z LTS
validate	UNKNOWN STEP	2026-10-01T12:22:54.6214611Z ##[endgroup]
validate	UNKNOWN STEP	2026-10-01T12:22:54.6214975Z ##[group]Runner Image
validate	UNKNOWN STEP	2026-10-01T12:22:54.6215489Z Image: ubuntu-24.04
validate	UNKNOWN STEP	2026-10-01T12:22:54.6215881Z Version: 20260927.320.1
validate	UNKNOWN STEP	2026-10-01T12:22:54.6217023Z Included Software: https://github.com/actions/runner-images/blob/ubuntu24/20260927.320/images/ubuntu/Ubuntu2404-Readme.md
validate	UNKNOWN STEP	2026-10-01T12:22:54.6217992Z Image Release: https://github.com/actions/runner-images/releases/tag/ubuntu24%2F20260927.320
validate	UNKNOWN STEP	2026-10-01T12:22:54.6218813Z ##[endgroup]
validate	UNKNOWN STEP	2026-10-01T12:22:54.6219640Z ##[group]GITHUB_TOKEN Permissions
validate	UNKNOWN STEP	2026-10-01T12:22:54.6221540Z Actions: read
validate	UNKNOWN STEP	2026-10-01T12:22:54.6221935Z Contents: read
validate	UNKNOWN STEP	2026-10-01T12:22:54.6222436Z Metadata: read
validate	UNKNOWN STEP	2026-10-01T12:22:54.6222803Z ##[endgroup]
validate	UNKNOWN STEP	2026-10-01T12:22:54.6224365Z Secret source: Actions
validate	UNKNOWN STEP	2026-10-01T12:22:54.6225058Z Cache mode: write
validate	UNKNOWN STEP	2026-10-01T12:22:54.6225517Z Prepare workflow directory
validate	UNKNOWN STEP	2026-10-01T12:22:54.6534909Z Prepare all required actions
validate	UNKNOWN STEP	2026-10-01T12:22:54.6568119Z Getting action download info
validate	UNKNOWN STEP	2026-10-01T12:22:54.9701758Z Download action repository 'actions/checkout@v4' (SHA:11d5960a326750d5838078e36cf38b85af677262)
validate	UNKNOWN STEP	2026-10-01T12:22:55.2856269Z Download action repository 'actions/setup-python@v5' (SHA:a26af69be951a213d495a4c3e4e4022e16d87065)
validate	UNKNOWN STEP	2026-10-01T12:22:55.6267230Z Download action repository 'actions/upload-artifact@v4' (SHA:ea165f8d65b6e75b540449e92b4886f43607fa02)
validate	UNKNOWN STEP	2026-10-01T12:22:56.1350879Z Complete job name: validate
validate	UNKNOWN STEP	2026-10-01T12:22:56.1951727Z ##[group]Run actions/checkout@v4
validate	UNKNOWN STEP	2026-10-01T12:22:56.1952552Z with:
validate	UNKNOWN STEP	2026-10-01T12:22:56.1953114Z   repository: duuu-hub/bb-scanner
validate	UNKNOWN STEP	2026-10-01T12:22:56.1958373Z   token: ***
validate	UNKNOWN STEP	2026-10-01T12:22:56.1958890Z   ssh-strict: true
validate	UNKNOWN STEP	2026-10-01T12:22:56.1959425Z   ssh-user: git
validate	UNKNOWN STEP	2026-10-01T12:22:56.1959973Z   persist-credentials: true
validate	UNKNOWN STEP	2026-10-01T12:22:56.1960562Z   clean: true
validate	UNKNOWN STEP	2026-10-01T12:22:56.1961298Z   sparse-checkout-cone-mode: true
validate	UNKNOWN STEP	2026-10-01T12:22:56.1961937Z   fetch-depth: 1
validate	UNKNOWN STEP	2026-10-01T12:22:56.1962462Z   fetch-tags: false
validate	UNKNOWN STEP	2026-10-01T12:22:56.1962998Z   show-progress: true
validate	UNKNOWN STEP	2026-10-01T12:22:56.1963549Z   lfs: false
validate	UNKNOWN STEP	2026-10-01T12:22:56.1964062Z   submodules: false
validate	UNKNOWN STEP	2026-10-01T12:22:56.1964605Z   set-safe-directory: true
validate	UNKNOWN STEP	2026-10-01T12:22:56.1965223Z   allow-unsafe-pr-checkout: false
validate	UNKNOWN STEP	2026-10-01T12:22:56.1965962Z ##[endgroup]
validate	UNKNOWN STEP	2026-10-01T12:22:56.2656355Z Syncing repository: duuu-hub/bb-scanner
validate	UNKNOWN STEP	2026-10-01T12:22:56.2659272Z ##[group]Getting Git version info
validate	UNKNOWN STEP	2026-10-01T12:22:56.2660755Z Working directory is '/home/runner/work/bb-scanner/bb-scanner'
validate	UNKNOWN STEP	2026-10-01T12:22:56.2662505Z [command]/usr/bin/git version
validate	UNKNOWN STEP	2026-10-01T12:22:56.2732223Z git version 2.55.0
validate	UNKNOWN STEP	2026-10-01T12:22:56.2747809Z ##[endgroup]
validate	UNKNOWN STEP	2026-10-01T12:22:56.2761513Z Temporarily overriding HOME='/home/runner/work/_temp/ae83baee-8ed4-4df2-ad6d-810a8aa8185a' before making global git config changes
validate	UNKNOWN STEP	2026-10-01T12:22:56.2763158Z Adding repository directory to the temporary git global config as a safe directory
validate	UNKNOWN STEP	2026-10-01T12:22:56.2765205Z [command]/usr/bin/git config --global --add safe.directory /home/runner/work/bb-scanner/bb-scanner
validate	UNKNOWN STEP	2026-10-01T12:22:56.3028117Z Deleting the contents of '/home/runner/work/bb-scanner/bb-scanner'
validate	UNKNOWN STEP	2026-10-01T12:22:56.3033266Z ##[group]Initializing the repository
validate	UNKNOWN STEP	2026-10-01T12:22:56.3036693Z [command]/usr/bin/git init /home/runner/work/bb-scanner/bb-scanner
validate	UNKNOWN STEP	2026-10-01T12:22:56.3526701Z hint: Using 'master' as the name for the initial branch. This default branch name
validate	UNKNOWN STEP	2026-10-01T12:22:56.3529097Z hint: will change to "main" in Git 3.0. To configure the initial branch name
validate	UNKNOWN STEP	2026-10-01T12:22:56.3530874Z hint: to use in all of your new repositories, which will suppress this warning,
validate	UNKNOWN STEP	2026-10-01T12:22:56.3532430Z hint: call:
validate	UNKNOWN STEP	2026-10-01T12:22:56.3533612Z hint:
validate	UNKNOWN STEP	2026-10-01T12:22:56.3534602Z hint: 	git config --global init.defaultBranch <name>
validate	UNKNOWN STEP	2026-10-01T12:22:56.3535723Z hint:
validate	UNKNOWN STEP	2026-10-01T12:22:56.3536824Z hint: Names commonly chosen instead of 'master' are 'main', 'trunk' and
validate	UNKNOWN STEP	2026-10-01T12:22:56.3538614Z hint: 'development'. The just-created branch can be renamed via this command:
validate	UNKNOWN STEP	2026-10-01T12:22:56.3539980Z hint:
validate	UNKNOWN STEP	2026-10-01T12:22:56.3540724Z hint: 	git branch -m <name>
validate	UNKNOWN STEP	2026-10-01T12:22:56.3541746Z hint:
validate	UNKNOWN STEP	2026-10-01T12:22:56.3542877Z hint: Disable this message with "git config set advice.defaultBranchName false"
validate	UNKNOWN STEP	2026-10-01T12:22:56.3544753Z Initialized empty Git repository in /home/runner/work/bb-scanner/bb-scanner/.git/
validate	UNKNOWN STEP	2026-10-01T12:22:56.3548412Z [command]/usr/bin/git remote add origin https://github.com/duuu-hub/bb-scanner
validate	UNKNOWN STEP	2026-10-01T12:22:56.4417312Z ##[endgroup]
validate	UNKNOWN STEP	2026-10-01T12:22:56.4418546Z ##[group]Disabling automatic garbage collection
validate	UNKNOWN STEP	2026-10-01T12:22:56.4419785Z [command]/usr/bin/git config --local gc.auto 0
validate	UNKNOWN STEP	2026-10-01T12:22:56.4818122Z ##[endgroup]
validate	UNKNOWN STEP	2026-10-01T12:22:56.4819441Z ##[group]Setting up auth
validate	UNKNOWN STEP	2026-10-01T12:22:56.4822574Z [command]/usr/bin/git config --local --name-only --get-regexp core\.sshCommand
validate	UNKNOWN STEP	2026-10-01T12:22:56.4853747Z [command]/usr/bin/git submodule foreach --recursive sh -c "git config --local --name-only --get-regexp 'core\.sshCommand' && git config --local --unset-all 'core.sshCommand' || :"
validate	UNKNOWN STEP	2026-10-01T12:22:56.5160364Z [command]/usr/bin/git config --local --name-only --get-regexp http\.https\:\/\/github\.com\/\.extraheader
validate	UNKNOWN STEP	2026-10-01T12:22:56.5191571Z [command]/usr/bin/git submodule foreach --recursive sh -c "git config --local --name-only --get-regexp 'http\.https\:\/\/github\.com\/\.extraheader' && git config --local --unset-all 'http.https://github.com/.extraheader' || :"
validate	UNKNOWN STEP	2026-10-01T12:22:56.5376295Z [command]/usr/bin/git config --local --name-only --get-regexp ^includeIf\.gitdir:
validate	UNKNOWN STEP	2026-10-01T12:22:56.5407539Z [command]/usr/bin/git submodule foreach --recursive git config --local --show-origin --name-only --get-regexp remote.origin.url
validate	UNKNOWN STEP	2026-10-01T12:22:56.5608162Z [command]/usr/bin/git config --local http.https://github.com/.extraheader AUTHORIZATION: basic ***
validate	UNKNOWN STEP	2026-10-01T12:22:56.5817848Z ##[endgroup]
validate	UNKNOWN STEP	2026-10-01T12:22:56.5819665Z ##[group]Fetching the repository
validate	UNKNOWN STEP	2026-10-01T12:22:56.5825560Z [command]/usr/bin/git -c protocol.version=2 fetch --no-tags --prune --no-recurse-submodules --depth=1 origin +c1596c883844a41df385784e2f583b96f43e349e:refs/remotes/origin/research-day-edge-lab-v2
validate	UNKNOWN STEP	2026-10-01T12:22:58.4128071Z From https://github.com/duuu-hub/bb-scanner
validate	UNKNOWN STEP	2026-10-01T12:22:58.4128697Z  * [new ref]         c1596c883844a41df385784e2f583b96f43e349e -> origin/research-day-edge-lab-v2
validate	UNKNOWN STEP	2026-10-01T12:22:58.4130971Z ##[endgroup]
validate	UNKNOWN STEP	2026-10-01T12:22:58.4131862Z ##[group]Determining the checkout info
validate	UNKNOWN STEP	2026-10-01T12:22:58.4133491Z ##[endgroup]
validate	UNKNOWN STEP	2026-10-01T12:22:58.4138945Z [command]/usr/bin/git sparse-checkout disable
validate	UNKNOWN STEP	2026-10-01T12:22:58.4222667Z [command]/usr/bin/git config --local --unset-all extensions.worktreeConfig
validate	UNKNOWN STEP	2026-10-01T12:22:58.4250276Z ##[group]Checking out the ref
validate	UNKNOWN STEP	2026-10-01T12:22:58.4253756Z [command]/usr/bin/git checkout --progress --force -B research-day-edge-lab-v2 refs/remotes/origin/research-day-edge-lab-v2
validate	UNKNOWN STEP	2026-10-01T12:22:58.5818710Z Switched to a new branch 'research-day-edge-lab-v2'
validate	UNKNOWN STEP	2026-10-01T12:22:58.5820339Z branch 'research-day-edge-lab-v2' set up to track 'origin/research-day-edge-lab-v2'.
validate	UNKNOWN STEP	2026-10-01T12:22:58.5829836Z ##[endgroup]
validate	UNKNOWN STEP	2026-10-01T12:22:58.5869556Z [command]/usr/bin/git log -1 --format=%H
validate	UNKNOWN STEP	2026-10-01T12:22:58.5893093Z c1596c883844a41df385784e2f583b96f43e349e
validate	UNKNOWN STEP	2026-10-01T12:22:58.6153032Z ##[group]Run actions/setup-python@v5
validate	UNKNOWN STEP	2026-10-01T12:22:58.6153269Z with:
validate	UNKNOWN STEP	2026-10-01T12:22:58.6153398Z   python-version: 3.12
validate	UNKNOWN STEP	2026-10-01T12:22:58.6153671Z   check-latest: false
validate	UNKNOWN STEP	2026-10-01T12:22:58.6155250Z   token: ***
validate	UNKNOWN STEP	2026-10-01T12:22:58.6155382Z   update-environment: true
validate	UNKNOWN STEP	2026-10-01T12:22:58.6155546Z   allow-prereleases: false
validate	UNKNOWN STEP	2026-10-01T12:22:58.6155684Z   freethreaded: false
validate	UNKNOWN STEP	2026-10-01T12:22:58.6155813Z ##[endgroup]
validate	UNKNOWN STEP	2026-10-01T12:22:58.7000698Z ##[group]Installed versions
validate	UNKNOWN STEP	2026-10-01T12:22:58.7054300Z (node:2075) [DEP0040] DeprecationWarning: The `punycode` module is deprecated. Please use a userland alternative instead.
validate	UNKNOWN STEP	2026-10-01T12:22:58.7054869Z (Use `node --trace-deprecation ...` to show where the warning was created)
validate	UNKNOWN STEP	2026-10-01T12:22:58.7055261Z Successfully set up CPython (3.12.14)
validate	UNKNOWN STEP	2026-10-01T12:22:58.7055666Z ##[endgroup]
validate	UNKNOWN STEP	2026-10-01T12:22:58.7217757Z ##[group]Run pip install pandas==2.3.3 numpy==2.3.3 numba==0.62.1
validate	UNKNOWN STEP	2026-10-01T12:22:58.7218270Z ^[[36;1mpip install pandas==2.3.3 numpy==2.3.3 numba==0.62.1^[[0m
validate	UNKNOWN STEP	2026-10-01T12:22:58.7510603Z shell: /usr/bin/bash -e {0}
validate	UNKNOWN STEP	2026-10-01T12:22:58.7510842Z env:
validate	UNKNOWN STEP	2026-10-01T12:22:58.7511184Z   pythonLocation: /opt/hostedtoolcache/Python/3.12.14/x64
validate	UNKNOWN STEP	2026-10-01T12:22:58.7511472Z   PKG_CONFIG_PATH: /opt/hostedtoolcache/Python/3.12.14/x64/lib/pkgconfig
validate	UNKNOWN STEP	2026-10-01T12:22:58.7511721Z   Python_ROOT_DIR: /opt/hostedtoolcache/Python/3.12.14/x64
validate	UNKNOWN STEP	2026-10-01T12:22:58.7511953Z   Python2_ROOT_DIR: /opt/hostedtoolcache/Python/3.12.14/x64
validate	UNKNOWN STEP	2026-10-01T12:22:58.7512189Z   Python3_ROOT_DIR: /opt/hostedtoolcache/Python/3.12.14/x64
validate	UNKNOWN STEP	2026-10-01T12:22:58.7512426Z   LD_LIBRARY_PATH: /opt/hostedtoolcache/Python/3.12.14/x64/lib
validate	UNKNOWN STEP	2026-10-01T12:22:58.7512618Z ##[endgroup]
validate	UNKNOWN STEP	2026-10-01T12:23:01.1201928Z Collecting pandas==2.3.3
validate	UNKNOWN STEP	2026-10-01T12:23:01.1962241Z   Downloading pandas-2.3.3-cp312-cp312-manylinux_2_24_x86_64.manylinux_2_28_x86_64.whl.metadata (91 kB)
validate	UNKNOWN STEP	2026-10-01T12:23:01.3475543Z Collecting numpy==2.3.3
validate	UNKNOWN STEP	2026-10-01T12:23:01.3589247Z   Downloading numpy-2.3.3-cp312-cp312-manylinux_2_27_x86_64.manylinux_2_28_x86_64.whl.metadata (62 kB)
validate	UNKNOWN STEP	2026-10-01T12:23:01.4408815Z Collecting numba==0.62.1
validate	UNKNOWN STEP	2026-10-01T12:23:01.4513498Z   Downloading numba-0.62.1-cp312-cp312-manylinux2014_x86_64.manylinux_2_17_x86_64.whl.metadata (2.8 kB)
validate	UNKNOWN STEP	2026-10-01T12:23:01.4613804Z Collecting python-dateutil>=2.8.2 (from pandas==2.3.3)
validate	UNKNOWN STEP	2026-10-01T12:23:01.4711662Z   Downloading python_dateutil-2.9.0.post0-py2.py3-none-any.whl.metadata (8.4 kB)
validate	UNKNOWN STEP	2026-10-01T12:23:01.4911689Z Collecting pytz>=2020.1 (from pandas==2.3.3)
validate	UNKNOWN STEP	2026-10-01T12:23:01.5008460Z   Downloading pytz-2026.4-py2.py3-none-any.whl.metadata (22 kB)
validate	UNKNOWN STEP	2026-10-01T12:23:01.5122497Z Collecting tzdata>=2022.7 (from pandas==2.3.3)
validate	UNKNOWN STEP	2026-10-01T12:23:01.5218663Z   Downloading tzdata-2026.4-py2.py3-none-any.whl.metadata (1.4 kB)
validate	UNKNOWN STEP	2026-10-01T12:23:01.5544750Z Collecting llvmlite<0.46,>=0.45.0dev0 (from numba==0.62.1)
validate	UNKNOWN STEP	2026-10-01T12:23:01.5656065Z   Downloading llvmlite-0.45.1-cp312-cp312-manylinux2014_x86_64.manylinux_2_17_x86_64.whl.metadata (4.9 kB)
validate	UNKNOWN STEP	2026-10-01T12:23:01.5760271Z Collecting six>=1.5 (from python-dateutil>=2.8.2->pandas==2.3.3)
validate	UNKNOWN STEP	2026-10-01T12:23:01.5859061Z   Downloading six-1.17.0-py2.py3-none-any.whl.metadata (1.7 kB)
validate	UNKNOWN STEP	2026-10-01T12:23:01.5986217Z Downloading pandas-2.3.3-cp312-cp312-manylinux_2_24_x86_64.manylinux_2_28_x86_64.whl (12.4 MB)
validate	UNKNOWN STEP	2026-10-01T12:23:02.0870149Z    ━━━━━━━━━━━━━━━━━━━━━━━━━━━━━━━━━━━━━━━━ 12.4/12.4 MB 26.5 MB/s  0:00:00
validate	UNKNOWN STEP	2026-10-01T12:23:02.0979714Z Downloading numpy-2.3.3-cp312-cp312-manylinux_2_27_x86_64.manylinux_2_28_x86_64.whl (16.6 MB)
validate	UNKNOWN STEP	2026-10-01T12:23:02.3640674Z    ━━━━━━━━━━━━━━━━━━━━━━━━━━━━━━━━━━━━━━━━ 16.6/16.6 MB 62.3 MB/s  0:00:00
validate	UNKNOWN STEP	2026-10-01T12:23:02.3746218Z Downloading numba-0.62.1-cp312-cp312-manylinux2014_x86_64.manylinux_2_17_x86_64.whl (3.8 MB)
validate	UNKNOWN STEP	2026-10-01T12:23:02.4251833Z    ━━━━━━━━━━━━━━━━━━━━━━━━━━━━━━━━━━━━━━━━ 3.8/3.8 MB 73.7 MB/s  0:00:00
validate	UNKNOWN STEP	2026-10-01T12:23:02.4360751Z Downloading llvmlite-0.45.1-cp312-cp312-manylinux2014_x86_64.manylinux_2_17_x86_64.whl (56.3 MB)
validate	UNKNOWN STEP	2026-10-01T12:23:03.4620304Z    ━━━━━━━━━━━━━━━━━━━━━━━━━━━━━━━━━━━━━━━━ 56.3/56.3 MB 54.7 MB/s  0:00:01
validate	UNKNOWN STEP	2026-10-01T12:23:03.4720481Z Downloading python_dateutil-2.9.0.post0-py2.py3-none-any.whl (229 kB)
validate	UNKNOWN STEP	2026-10-01T12:23:03.4849988Z Downloading pytz-2026.4-py2.py3-none-any.whl (506 kB)
validate	UNKNOWN STEP	2026-10-01T12:23:03.5010344Z Downloading six-1.17.0-py2.py3-none-any.whl (11 kB)
validate	UNKNOWN STEP	2026-10-01T12:23:03.5124794Z Downloading tzdata-2026.4-py2.py3-none-any.whl (347 kB)
validate	UNKNOWN STEP	2026-10-01T12:23:03.7284500Z Installing collected packages: pytz, tzdata, six, numpy, llvmlite, python-dateutil, numba, pandas
validate	UNKNOWN STEP	2026-10-01T12:23:10.1545307Z 
validate	UNKNOWN STEP	2026-10-01T12:23:10.1555780Z Successfully installed llvmlite-0.45.1 numba-0.62.1 numpy-2.3.3 pandas-2.3.3 python-dateutil-2.9.0.post0 pytz-2026.4 six-1.17.0 tzdata-2026.4
validate	UNKNOWN STEP	2026-10-01T12:23:10.2231809Z ##[group]Run set -euo pipefail
validate	UNKNOWN STEP	2026-10-01T12:23:10.2232033Z ^[[36;1mset -euo pipefail^[[0m
validate	UNKNOWN STEP	2026-10-01T12:23:10.2232282Z ^[[36;1mpython -m py_compile scripts/day_edge_canonical.py scripts/relative_pullback_portfolio.py^[[0m
validate	UNKNOWN STEP	2026-10-01T12:23:10.2232654Z ^[[36;1mpython -m unittest discover -s tests -p test_day_edge_canonical.py -v 2>&1 | tee canonical-tests.log^[[0m
validate	UNKNOWN STEP	2026-10-01T12:23:10.2233012Z ^[[36;1mpython -m unittest discover -s tests -p test_day_edge_lab.py -v 2>&1 | tee scout-tests.log^[[0m
validate	UNKNOWN STEP	2026-10-01T12:23:10.2233380Z ^[[36;1mpython -m unittest discover -s tests -p test_relative_pullback_v1.py -v 2>&1 | tee account-tests.log^[[0m
validate	UNKNOWN STEP	2026-10-01T12:23:10.2233708Z ^[[36;1mpython scripts/psar_chronology_smoke.py | tee chronology-smoke.log^[[0m
validate	UNKNOWN STEP	2026-10-01T12:23:10.2288326Z shell: /usr/bin/bash --noprofile --norc -e -o pipefail {0}
validate	UNKNOWN STEP	2026-10-01T12:23:10.2288512Z env:
validate	UNKNOWN STEP	2026-10-01T12:23:10.2288665Z   pythonLocation: /opt/hostedtoolcache/Python/3.12.14/x64
validate	UNKNOWN STEP	2026-10-01T12:23:10.2288921Z   PKG_CONFIG_PATH: /opt/hostedtoolcache/Python/3.12.14/x64/lib/pkgconfig
validate	UNKNOWN STEP	2026-10-01T12:23:10.2289154Z   Python_ROOT_DIR: /opt/hostedtoolcache/Python/3.12.14/x64
validate	UNKNOWN STEP	2026-10-01T12:23:10.2289363Z   Python2_ROOT_DIR: /opt/hostedtoolcache/Python/3.12.14/x64
validate	UNKNOWN STEP	2026-10-01T12:23:10.2289573Z   Python3_ROOT_DIR: /opt/hostedtoolcache/Python/3.12.14/x64
validate	UNKNOWN STEP	2026-10-01T12:23:10.2289785Z   LD_LIBRARY_PATH: /opt/hostedtoolcache/Python/3.12.14/x64/lib
validate	UNKNOWN STEP	2026-10-01T12:23:10.2289967Z ##[endgroup]
validate	UNKNOWN STEP	2026-10-01T12:23:10.8788124Z test_actual_max_hold_used_in_stop_risk_budget (test_day_edge_canonical.CanonicalTests.test_actual_max_hold_used_in_stop_risk_budget) ... ok
validate	UNKNOWN STEP	2026-10-01T12:23:10.8791976Z test_authoritative_mismatch_is_not_a_fake_loss (test_day_edge_canonical.CanonicalTests.test_authoritative_mismatch_is_not_a_fake_loss) ... ok
validate	UNKNOWN STEP	2026-10-01T12:23:10.8792811Z test_beyond_one_week_is_rejected (test_day_edge_canonical.CanonicalTests.test_beyond_one_week_is_rejected) ... ok
validate	UNKNOWN STEP	2026-10-01T12:23:10.8795429Z test_entry_bar_calls_authority_even_single_tp (test_day_edge_canonical.CanonicalTests.test_entry_bar_calls_authority_even_single_tp) ... ok
validate	UNKNOWN STEP	2026-10-01T12:23:10.8796232Z test_gap_sl_fills_at_worse_open (test_day_edge_canonical.CanonicalTests.test_gap_sl_fills_at_worse_open) ... ok
validate	UNKNOWN STEP	2026-10-01T12:23:10.8803081Z test_incomplete_shards_fail_closed (test_day_edge_canonical.CanonicalTests.test_incomplete_shards_fail_closed) ... ok
validate	UNKNOWN STEP	2026-10-01T12:23:10.8803699Z test_missing_path_is_excluded (test_day_edge_canonical.CanonicalTests.test_missing_path_is_excluded) ... ok
validate	UNKNOWN STEP	2026-10-01T12:23:10.8805586Z test_parent_collision_uses_minute_authority (test_day_edge_canonical.CanonicalTests.test_parent_collision_uses_minute_authority) ... ok
validate	UNKNOWN STEP	2026-10-01T12:23:10.8807091Z test_short_has_linear_entry_denominator (test_day_edge_canonical.CanonicalTests.test_short_has_linear_entry_denominator) ... ok
validate	UNKNOWN STEP	2026-10-01T12:23:10.8807890Z test_timeout_cannot_cross_split (test_day_edge_canonical.CanonicalTests.test_timeout_cannot_cross_split) ... ok
validate	UNKNOWN STEP	2026-10-01T12:23:10.8808743Z test_timeout_is_exact_seed_deadline (test_day_edge_canonical.CanonicalTests.test_timeout_is_exact_seed_deadline) ... ok
validate	UNKNOWN STEP	2026-10-01T12:23:10.8809534Z test_trailing_stop_only_activates_after_bar_close (test_day_edge_canonical.CanonicalTests.test_trailing_stop_only_activates_after_bar_close) ... ok
validate	UNKNOWN STEP	2026-10-01T12:23:10.8843284Z test_union_tie_uses_entry_priority_not_future_outcome (test_day_edge_canonical.CanonicalTests.test_union_tie_uses_entry_priority_not_future_outcome) ... ok
validate	UNKNOWN STEP	2026-10-01T12:23:10.8844130Z 
validate	UNKNOWN STEP	2026-10-01T12:23:10.8844281Z ----------------------------------------------------------------------
validate	UNKNOWN STEP	2026-10-01T12:23:10.8844610Z Ran 13 tests in 0.006s
validate	UNKNOWN STEP	2026-10-01T12:23:10.8844736Z 
validate	UNKNOWN STEP	2026-10-01T12:23:10.8844837Z OK
validate	UNKNOWN STEP	2026-10-01T12:23:11.1648619Z test_btc_missing_timestamp_is_not_forward_filled (test_day_edge_lab.ScoutTests.test_btc_missing_timestamp_is_not_forward_filled) ... ok
validate	UNKNOWN STEP	2026-10-01T12:23:11.1649511Z test_configurations_are_predeclared_and_distinct (test_day_edge_lab.ScoutTests.test_configurations_are_predeclared_and_distinct) ... ok
validate	UNKNOWN STEP	2026-10-01T12:23:11.1674668Z test_eligibility_uses_age_and_past_turnover (test_day_edge_lab.ScoutTests.test_eligibility_uses_age_and_past_turnover) ... ok
validate	UNKNOWN STEP	2026-10-01T12:23:11.1794929Z test_features_are_invariant_to_future_changes (test_day_edge_lab.ScoutTests.test_features_are_invariant_to_future_changes) ... ok
validate	UNKNOWN STEP	2026-10-01T12:23:11.1817694Z test_features_restart_after_gaps (test_day_edge_lab.ScoutTests.test_features_restart_after_gaps) ... ok
validate	UNKNOWN STEP	2026-10-01T12:23:11.1830418Z test_missing_bar_excludes_fixed_time_event (test_day_edge_lab.ScoutTests.test_missing_bar_excludes_fixed_time_event) ... ok
validate	UNKNOWN STEP	2026-10-01T12:23:11.1979071Z test_missing_year_cannot_pass_selection (test_day_edge_lab.ScoutTests.test_missing_year_cannot_pass_selection) ... MERGE_DONE {"status": "NO_CELL_PASSED_FROZEN_GATE", "cells_examined": 144, "shard_count": 1, "eligible_cells": [], "selected": [], "observations": "Overlapping across coins; NO account return inference."}
validate	UNKNOWN STEP	2026-10-01T12:23:11.1983522Z ok
validate	UNKNOWN STEP	2026-10-01T12:23:11.1990063Z test_next_open_entry_and_fixed_open_exit (test_day_edge_lab.ScoutTests.test_next_open_entry_and_fixed_open_exit) ... ok
validate	UNKNOWN STEP	2026-10-01T12:23:11.1999843Z test_outcome_cannot_cross_split (test_day_edge_lab.ScoutTests.test_outcome_cannot_cross_split) ... ok
validate	UNKNOWN STEP	2026-10-01T12:23:11.2009426Z test_quote_volume_baseline_excludes_latest_hour (test_day_edge_lab.ScoutTests.test_quote_volume_baseline_excludes_latest_hour) ... ok
validate	UNKNOWN STEP	2026-10-01T12:23:11.2013262Z test_scheduled_nonoverlap_does_not_use_outcome (test_day_edge_lab.ScoutTests.test_scheduled_nonoverlap_does_not_use_outcome) ... ok
validate	UNKNOWN STEP	2026-10-01T12:23:11.2016664Z test_short_has_linear_entry_denominator (test_day_edge_lab.ScoutTests.test_short_has_linear_entry_denominator) ... ok
validate	UNKNOWN STEP	2026-10-01T12:23:11.2017785Z test_signal_onset_uses_only_previous_closed_state (test_day_edge_lab.ScoutTests.test_signal_onset_uses_only_previous_closed_state) ... ok
validate	UNKNOWN STEP	2026-10-01T12:23:11.2018164Z 
validate	UNKNOWN STEP	2026-10-01T12:23:11.2018259Z ----------------------------------------------------------------------
validate	UNKNOWN STEP	2026-10-01T12:23:11.2018467Z Ran 13 tests in 0.039s
validate	UNKNOWN STEP	2026-10-01T12:23:11.2018551Z 
validate	UNKNOWN STEP	2026-10-01T12:23:11.2018598Z OK
validate	UNKNOWN STEP	2026-10-01T12:23:11.5270224Z test_entry_minute_both_is_loss (test_relative_pullback_v1.ChronologyTests.test_entry_minute_both_is_loss) ... ok
validate	UNKNOWN STEP	2026-10-01T12:23:11.5272374Z test_entry_minute_sl_is_loss (test_relative_pullback_v1.ChronologyTests.test_entry_minute_sl_is_loss) ... ok
validate	UNKNOWN STEP	2026-10-01T12:23:11.5274430Z test_entry_minute_tp_is_loss (test_relative_pullback_v1.ChronologyTests.test_entry_minute_tp_is_loss) ... ok
validate	UNKNOWN STEP	2026-10-01T12:23:11.5287366Z test_entry_price_mismatch_is_excluded (test_relative_pullback_v1.ChronologyTests.test_entry_price_mismatch_is_excluded) ... ok
validate	UNKNOWN STEP	2026-10-01T12:23:11.5288949Z test_established_first_minute_tp_is_win (test_relative_pullback_v1.ChronologyTests.test_established_first_minute_tp_is_win) ... ok
validate	UNKNOWN STEP	2026-10-01T12:23:11.5290458Z test_established_same_minute_both_is_loss (test_relative_pullback_v1.ChronologyTests.test_established_same_minute_both_is_loss) ... ok
validate	UNKNOWN STEP	2026-10-01T12:23:11.5291943Z test_later_sl_proven_before_tp (test_relative_pullback_v1.ChronologyTests.test_later_sl_proven_before_tp) ... ok
validate	UNKNOWN STEP	2026-10-01T12:23:11.5293424Z test_later_tp_proven_before_sl (test_relative_pullback_v1.ChronologyTests.test_later_tp_proven_before_sl) ... ok
validate	UNKNOWN STEP	2026-10-01T12:23:11.5295130Z test_official_data_gap_is_excluded (test_relative_pullback_v1.ChronologyTests.test_official_data_gap_is_excluded) ... ok
validate	UNKNOWN STEP	2026-10-01T12:23:11.5296492Z test_parent_exit_not_reproduced_is_mismatch (test_relative_pullback_v1.ChronologyTests.test_parent_exit_not_reproduced_is_mismatch) ... ok
validate	UNKNOWN STEP	2026-10-01T12:23:11.5298301Z test_short_entry_touch_is_loss (test_relative_pullback_v1.ChronologyTests.test_short_entry_touch_is_loss) ... ok
validate	UNKNOWN STEP	2026-10-01T12:23:11.5300949Z test_short_later_tp_is_win (test_relative_pullback_v1.ChronologyTests.test_short_later_tp_is_win) ... ok
validate	UNKNOWN STEP	2026-10-01T12:23:11.5337961Z test_cash_equals_sum_of_net_trade_pnls (test_relative_pullback_v1.PortfolioTests.test_cash_equals_sum_of_net_trade_pnls) ... ok
validate	UNKNOWN STEP	2026-10-01T12:23:11.5356968Z test_day_loss_blocks_later_entry (test_relative_pullback_v1.PortfolioTests.test_day_loss_blocks_later_entry) ... ok
validate	UNKNOWN STEP	2026-10-01T12:23:11.5384959Z test_drawdown_halt_is_permanent_within_split (test_relative_pullback_v1.PortfolioTests.test_drawdown_halt_is_permanent_within_split) ... ok
validate	UNKNOWN STEP	2026-10-01T12:23:11.5406482Z test_empty_days_are_in_denominator_and_korea_aligned (test_relative_pullback_v1.PortfolioTests.test_empty_days_are_in_denominator_and_korea_aligned) ... ok
validate	UNKNOWN STEP	2026-10-01T12:23:11.5434140Z test_half_risk_latches_into_next_day (test_relative_pullback_v1.PortfolioTests.test_half_risk_latches_into_next_day) ... ok
validate	UNKNOWN STEP	2026-10-01T12:23:11.5449539Z test_profit_above_two_percent_does_not_block_entry (test_relative_pullback_v1.PortfolioTests.test_profit_above_two_percent_does_not_block_entry) ... ok
validate	UNKNOWN STEP	2026-10-01T12:23:11.5462292Z test_same_symbol_opposite_signal_is_rejected (test_relative_pullback_v1.PortfolioTests.test_same_symbol_opposite_signal_is_rejected) ... ok
validate	UNKNOWN STEP	2026-10-01T12:23:11.5475329Z test_short_position_accounting (test_relative_pullback_v1.PortfolioTests.test_short_position_accounting) ... ok
validate	UNKNOWN STEP	2026-10-01T12:23:11.5490958Z test_simultaneous_risk_and_six_slot_caps (test_relative_pullback_v1.PortfolioTests.test_simultaneous_risk_and_six_slot_caps) ... ok
validate	UNKNOWN STEP	2026-10-01T12:23:11.5498040Z test_split_crossing_outcome_is_rejected (test_relative_pullback_v1.PortfolioTests.test_split_crossing_outcome_is_rejected) ... ok
validate	UNKNOWN STEP	2026-10-01T12:23:11.5498733Z test_gap_stop_fills_at_worse_open (test_relative_pullback_v1.SignalTests.test_gap_stop_fills_at_worse_open) ... ok
validate	UNKNOWN STEP	2026-10-01T12:23:11.5505170Z test_hour_only_becomes_available_when_closed (test_relative_pullback_v1.SignalTests.test_hour_only_becomes_available_when_closed) ... ok
validate	UNKNOWN STEP	2026-10-01T12:23:11.5586418Z test_indicators_do_not_use_future_candles (test_relative_pullback_v1.SignalTests.test_indicators_do_not_use_future_candles) ... ok
validate	UNKNOWN STEP	2026-10-01T12:23:11.5600670Z test_indicators_restart_after_data_gap (test_relative_pullback_v1.SignalTests.test_indicators_restart_after_data_gap) ... ok
validate	UNKNOWN STEP	2026-10-01T12:23:11.5601487Z test_missing_timeout_path_is_excluded (test_relative_pullback_v1.SignalTests.test_missing_timeout_path_is_excluded) ... ok
validate	UNKNOWN STEP	2026-10-01T12:23:11.5602084Z test_short_return_uses_linear_entry_denominator (test_relative_pullback_v1.SignalTests.test_short_return_uses_linear_entry_denominator) ... ok
validate	UNKNOWN STEP	2026-10-01T12:23:11.5603750Z test_signal_confirmed_close_and_next_open_alignment (test_relative_pullback_v1.SignalTests.test_signal_confirmed_close_and_next_open_alignment) ... ok
validate	UNKNOWN STEP	2026-10-01T12:23:11.5604497Z test_timeout_is_exactly_twelve_hours (test_relative_pullback_v1.SignalTests.test_timeout_is_exactly_twelve_hours) ... ok
validate	UNKNOWN STEP	2026-10-01T12:23:11.5604912Z 
validate	UNKNOWN STEP	2026-10-01T12:23:11.5605027Z ----------------------------------------------------------------------
validate	UNKNOWN STEP	2026-10-01T12:23:11.5605227Z Ran 30 tests in 0.034s
validate	UNKNOWN STEP	2026-10-01T12:23:11.5605316Z 
validate	UNKNOWN STEP	2026-10-01T12:23:11.5605369Z OK
validate	UNKNOWN STEP	2026-10-01T12:23:11.9715477Z PASS long_preentry_tp_ignored win
validate	UNKNOWN STEP	2026-10-01T12:23:11.9715830Z PASS long_entry_same1m_tp_loss loss
validate	UNKNOWN STEP	2026-10-01T12:23:11.9716060Z PASS long_gap_through_entry_then_tp win
validate	UNKNOWN STEP	2026-10-01T12:23:11.9716233Z PASS short_gap_through_entry_then_tp win
validate	UNKNOWN STEP	2026-10-01T12:23:11.9716393Z PASS long_entry_same1m_sl_loss loss
validate	UNKNOWN STEP	2026-10-01T12:23:11.9716544Z PASS long_entry_same1m_both_loss loss
validate	UNKNOWN STEP	2026-10-01T12:23:11.9716698Z PASS long_entry_then_tp win
validate	UNKNOWN STEP	2026-10-01T12:23:11.9716835Z PASS long_entry_then_sl loss
validate	UNKNOWN STEP	2026-10-01T12:23:11.9717172Z PASS long_preentry_tp_then_entry_continue continue
validate	UNKNOWN STEP	2026-10-01T12:23:11.9717371Z PASS long_entry_not_seen_entry_mismatch entry_mismatch
validate	UNKNOWN STEP	2026-10-01T12:23:11.9717563Z PASS long_established_same1m_both_loss loss
validate	UNKNOWN STEP	2026-10-01T12:23:11.9717782Z PASS long_established_parent_collision_not_seen_exit_mismatch exit_mismatch
validate	UNKNOWN STEP	2026-10-01T12:23:11.9718005Z PASS short_entry_same1m_tp_loss loss
validate	UNKNOWN STEP	2026-10-01T12:23:11.9718158Z PASS short_entry_same1m_sl_loss loss
validate	UNKNOWN STEP	2026-10-01T12:23:11.9718304Z PASS short_entry_then_tp win
validate	UNKNOWN STEP	2026-10-01T12:23:11.9718445Z PASS short_entry_then_sl loss
validate	UNKNOWN STEP	2026-10-01T12:23:11.9718729Z PASS short_preentry_tp_then_entry_continue continue
validate	UNKNOWN STEP	2026-10-01T12:23:11.9718905Z ALL_CHRONOLOGY_SMOKE_PASS
validate	UNKNOWN STEP	2026-10-01T12:23:11.9719045Z PASS resample_exact_buckets
validate	UNKNOWN STEP	2026-10-01T12:23:11.9719184Z PASS psar_open_causality
validate	UNKNOWN STEP	2026-10-01T12:23:11.9719325Z PASS psar_burnin_initialization_sanity
validate	UNKNOWN STEP	2026-10-01T12:23:11.9719479Z PASS binance_1m_header_contract
validate	UNKNOWN STEP	2026-10-01T12:23:11.9719621Z ALL_CANONICAL_INVARIANTS_PASS
validate	UNKNOWN STEP	2026-10-01T12:23:12.0604111Z ##[group]Run gh run download 36858492497 -R duuu-hub/bb-scanner -n day-edge-v2-screen -D scout-results
validate	UNKNOWN STEP	2026-10-01T12:23:12.0604530Z ^[[36;1mgh run download 36858492497 -R duuu-hub/bb-scanner -n day-edge-v2-screen -D scout-results^[[0m
validate	UNKNOWN STEP	2026-10-01T12:23:12.0604781Z ^[[36;1mpython - <<'PY'^[[0m
validate	UNKNOWN STEP	2026-10-01T12:23:12.0604923Z ^[[36;1mimport pathlib,json,shutil^[[0m
validate	UNKNOWN STEP	2026-10-01T12:23:12.0605140Z ^[[36;1mpaths=list(pathlib.Path('scout-results').rglob('selection.json'))^[[0m
validate	UNKNOWN STEP	2026-10-01T12:23:12.0605358Z ^[[36;1massert len(paths)==1,paths^[[0m
validate	UNKNOWN STEP	2026-10-01T12:23:12.0605518Z ^[[36;1mobj=json.loads(paths[0].read_text())^[[0m
validate	UNKNOWN STEP	2026-10-01T12:23:12.0605718Z ^[[36;1massert {s['key']:s['hold'] for s in obj['selected']}=={^[[0m
validate	UNKNOWN STEP	2026-10-01T12:23:12.0605939Z ^[[36;1m  'SHOCK_FADE_L1_T6_M-1':48,'SHOCK_FADE_L4_T6_M-1':96},obj^[[0m
validate	UNKNOWN STEP	2026-10-01T12:23:12.0606137Z ^[[36;1mpathlib.Path('frozen-input').mkdir()^[[0m
validate	UNKNOWN STEP	2026-10-01T12:23:12.0606337Z ^[[36;1mshutil.copyfile(paths[0],'frozen-input/selection.json')^[[0m
validate	UNKNOWN STEP	2026-10-01T12:23:12.0606684Z ^[[36;1mshutil.copyfile('research/day-edge-lab-v2/EXECUTION_PLAN.md','frozen-input/EXECUTION_PLAN.md')^[[0m
validate	UNKNOWN STEP	2026-10-01T12:23:12.0606948Z ^[[36;1mPY^[[0m
validate	UNKNOWN STEP	2026-10-01T12:23:12.0660480Z shell: /usr/bin/bash -e {0}
validate	UNKNOWN STEP	2026-10-01T12:23:12.0660623Z env:
validate	UNKNOWN STEP	2026-10-01T12:23:12.0660776Z   pythonLocation: /opt/hostedtoolcache/Python/3.12.14/x64
validate	UNKNOWN STEP	2026-10-01T12:23:12.0661016Z   PKG_CONFIG_PATH: /opt/hostedtoolcache/Python/3.12.14/x64/lib/pkgconfig
validate	UNKNOWN STEP	2026-10-01T12:23:12.0661417Z   Python_ROOT_DIR: /opt/hostedtoolcache/Python/3.12.14/x64
validate	UNKNOWN STEP	2026-10-01T12:23:12.0661633Z   Python2_ROOT_DIR: /opt/hostedtoolcache/Python/3.12.14/x64
validate	UNKNOWN STEP	2026-10-01T12:23:12.0661844Z   Python3_ROOT_DIR: /opt/hostedtoolcache/Python/3.12.14/x64
validate	UNKNOWN STEP	2026-10-01T12:23:12.0662060Z   LD_LIBRARY_PATH: /opt/hostedtoolcache/Python/3.12.14/x64/lib
validate	UNKNOWN STEP	2026-10-01T12:23:12.0663617Z   GH_TOKEN: ***
validate	UNKNOWN STEP	2026-10-01T12:23:12.0663739Z ##[endgroup]
validate	UNKNOWN STEP	2026-10-01T12:23:17.3093608Z ##[group]Run actions/upload-artifact@v4
validate	UNKNOWN STEP	2026-10-01T12:23:17.3093776Z with:
validate	UNKNOWN STEP	2026-10-01T12:23:17.3093898Z   name: day-edge-v2-frozen-selection
validate	UNKNOWN STEP	2026-10-01T12:23:17.3094061Z   path: frozen-input/
validate	UNKNOWN STEP	2026-10-01T12:23:17.3094183Z   retention-days: 30
validate	UNKNOWN STEP	2026-10-01T12:23:17.3094310Z   if-no-files-found: warn
validate	UNKNOWN STEP	2026-10-01T12:23:17.3094439Z   compression-level: 6
validate	UNKNOWN STEP	2026-10-01T12:23:17.3094559Z   overwrite: false
validate	UNKNOWN STEP	2026-10-01T12:23:17.3094681Z   include-hidden-files: false
validate	UNKNOWN STEP	2026-10-01T12:23:17.3094812Z env:
validate	UNKNOWN STEP	2026-10-01T12:23:17.3094955Z   pythonLocation: /opt/hostedtoolcache/Python/3.12.14/x64
validate	UNKNOWN STEP	2026-10-01T12:23:17.3095189Z   PKG_CONFIG_PATH: /opt/hostedtoolcache/Python/3.12.14/x64/lib/pkgconfig
validate	UNKNOWN STEP	2026-10-01T12:23:17.3095417Z   Python_ROOT_DIR: /opt/hostedtoolcache/Python/3.12.14/x64
validate	UNKNOWN STEP	2026-10-01T12:23:17.3095626Z   Python2_ROOT_DIR: /opt/hostedtoolcache/Python/3.12.14/x64
validate	UNKNOWN STEP	2026-10-01T12:23:17.3095831Z   Python3_ROOT_DIR: /opt/hostedtoolcache/Python/3.12.14/x64
validate	UNKNOWN STEP	2026-10-01T12:23:17.3096056Z   LD_LIBRARY_PATH: /opt/hostedtoolcache/Python/3.12.14/x64/lib
validate	UNKNOWN STEP	2026-10-01T12:23:17.3096231Z ##[endgroup]
validate	UNKNOWN STEP	2026-10-01T12:23:17.4248073Z (node:2145) [DEP0040] DeprecationWarning: The `punycode` module is deprecated. Please use a userland alternative instead.
validate	UNKNOWN STEP	2026-10-01T12:23:17.4249263Z (Use `node --trace-deprecation ...` to show where the warning was created)
validate	UNKNOWN STEP	2026-10-01T12:23:17.4333778Z With the provided path, there will be 2 files uploaded
validate	UNKNOWN STEP	2026-10-01T12:23:17.4334485Z Artifact name is valid!
validate	UNKNOWN STEP	2026-10-01T12:23:17.4334786Z Root directory input is valid!
validate	UNKNOWN STEP	2026-10-01T12:23:17.7857310Z Beginning upload of artifact content to blob storage
validate	UNKNOWN STEP	2026-10-01T12:23:17.7988673Z (node:2145) [DEP0169] DeprecationWarning: `url.parse()` behavior is not standardized and prone to errors that have security implications. Use the WHATWG URL API instead. CVEs are not issued for `url.parse()` vulnerabilities.
validate	UNKNOWN STEP	2026-10-01T12:23:18.0138793Z Uploaded bytes 3288
validate	UNKNOWN STEP	2026-10-01T12:23:18.0695287Z Finished uploading artifact content to blob storage!
validate	UNKNOWN STEP	2026-10-01T12:23:18.0695871Z SHA256 digest of uploaded artifact zip is f2f35defae027a62c91d1c9989afbad4b8709045c7a53bb3ed4fb4b7044ab788
validate	UNKNOWN STEP	2026-10-01T12:23:18.0696713Z Finalizing artifact upload
validate	UNKNOWN STEP	2026-10-01T12:23:18.3062781Z Artifact day-edge-v2-frozen-selection.zip successfully finalized. Artifact ID 11160624466
validate	UNKNOWN STEP	2026-10-01T12:23:18.3063591Z Artifact day-edge-v2-frozen-selection has been successfully uploaded! Final size is 3288 bytes. Artifact ID is 11160624466
validate	UNKNOWN STEP	2026-10-01T12:23:18.3088217Z Artifact download URL: https://github.com/duuu-hub/bb-scanner/actions/runs/36861359640/artifacts/11160624466
validate	UNKNOWN STEP	2026-10-01T12:23:18.3200902Z ##[group]Run actions/upload-artifact@v4
validate	UNKNOWN STEP	2026-10-01T12:23:18.3201246Z with:
validate	UNKNOWN STEP	2026-10-01T12:23:18.3201383Z   name: day-edge-v2-canonical-validation
validate	UNKNOWN STEP	2026-10-01T12:23:18.3201632Z   path: canonical-tests.log
validate	UNKNOWN STEP	scout-tests.log
validate	UNKNOWN STEP	account-tests.log
validate	UNKNOWN STEP	chronology-smoke.log
validate	UNKNOWN STEP	
validate	UNKNOWN STEP	2026-10-01T12:23:18.3201869Z   retention-days: 30
validate	UNKNOWN STEP	2026-10-01T12:23:18.3202007Z   if-no-files-found: warn
validate	UNKNOWN STEP	2026-10-01T12:23:18.3202145Z   compression-level: 6
validate	UNKNOWN STEP	2026-10-01T12:23:18.3202272Z   overwrite: false
validate	UNKNOWN STEP	2026-10-01T12:23:18.3202400Z   include-hidden-files: false
validate	UNKNOWN STEP	2026-10-01T12:23:18.3202539Z env:
validate	UNKNOWN STEP	2026-10-01T12:23:18.3202703Z   pythonLocation: /opt/hostedtoolcache/Python/3.12.14/x64
validate	UNKNOWN STEP	2026-10-01T12:23:18.3202947Z   PKG_CONFIG_PATH: /opt/hostedtoolcache/Python/3.12.14/x64/lib/pkgconfig
validate	UNKNOWN STEP	2026-10-01T12:23:18.3203181Z   Python_ROOT_DIR: /opt/hostedtoolcache/Python/3.12.14/x64
validate	UNKNOWN STEP	2026-10-01T12:23:18.3203397Z   Python2_ROOT_DIR: /opt/hostedtoolcache/Python/3.12.14/x64
validate	UNKNOWN STEP	2026-10-01T12:23:18.3203641Z   Python3_ROOT_DIR: /opt/hostedtoolcache/Python/3.12.14/x64
validate	UNKNOWN STEP	2026-10-01T12:23:18.3203859Z   LD_LIBRARY_PATH: /opt/hostedtoolcache/Python/3.12.14/x64/lib
validate	UNKNOWN STEP	2026-10-01T12:23:18.3204042Z ##[endgroup]
validate	UNKNOWN STEP	2026-10-01T12:23:18.4327091Z (node:2159) [DEP0040] DeprecationWarning: The `punycode` module is deprecated. Please use a userland alternative instead.
validate	UNKNOWN STEP	2026-10-01T12:23:18.4327748Z (Use `node --trace-deprecation ...` to show where the warning was created)
validate	UNKNOWN STEP	2026-10-01T12:23:18.4382983Z Multiple search paths detected. Calculating the least common ancestor of all paths
validate	UNKNOWN STEP	2026-10-01T12:23:18.4392266Z The least common ancestor is /home/runner/work/bb-scanner/bb-scanner. This will be the root directory of the artifact
validate	UNKNOWN STEP	2026-10-01T12:23:18.4392885Z With the provided path, there will be 4 files uploaded
validate	UNKNOWN STEP	2026-10-01T12:23:18.4393353Z Artifact name is valid!
validate	UNKNOWN STEP	2026-10-01T12:23:18.4393573Z Root directory input is valid!
validate	UNKNOWN STEP	2026-10-01T12:23:18.7683140Z Beginning upload of artifact content to blob storage
validate	UNKNOWN STEP	2026-10-01T12:23:18.7831496Z (node:2159) [DEP0169] DeprecationWarning: `url.parse()` behavior is not standardized and prone to errors that have security implications. Use the WHATWG URL API instead. CVEs are not issued for `url.parse()` vulnerabilities.
validate	UNKNOWN STEP	2026-10-01T12:23:18.9946634Z Uploaded bytes 2566
validate	UNKNOWN STEP	2026-10-01T12:23:19.0501359Z Finished uploading artifact content to blob storage!
validate	UNKNOWN STEP	2026-10-01T12:23:19.0501984Z SHA256 digest of uploaded artifact zip is 9837d5c911a98df4939d9c32299119fea8e9aed2f312d4bbc1fe906646a55925
validate	UNKNOWN STEP	2026-10-01T12:23:19.0502520Z Finalizing artifact upload
validate	UNKNOWN STEP	2026-10-01T12:23:19.2979680Z Artifact day-edge-v2-canonical-validation.zip successfully finalized. Artifact ID 11160829426
validate	UNKNOWN STEP	2026-10-01T12:23:19.2981007Z Artifact day-edge-v2-canonical-validation has been successfully uploaded! Final size is 2566 bytes. Artifact ID is 11160829426
validate	UNKNOWN STEP	2026-10-01T12:23:19.2985468Z Artifact download URL: https://github.com/duuu-hub/bb-scanner/actions/runs/36861359640/artifacts/11160829426
validate	UNKNOWN STEP	2026-10-01T12:23:19.3120831Z Post job cleanup.
validate	UNKNOWN STEP	2026-10-01T12:23:19.3908564Z (node:2171) [DEP0040] DeprecationWarning: The `punycode` module is deprecated. Please use a userland alternative instead.
validate	UNKNOWN STEP	2026-10-01T12:23:19.3909009Z (Use `node --trace-deprecation ...` to show where the warning was created)
validate	UNKNOWN STEP	2026-10-01T12:23:19.4031983Z Post job cleanup.
validate	UNKNOWN STEP	2026-10-01T12:23:19.4631850Z [command]/usr/bin/git version
validate	UNKNOWN STEP	2026-10-01T12:23:19.4667316Z git version 2.55.0
validate	UNKNOWN STEP	2026-10-01T12:23:19.4696331Z Temporarily overriding HOME='/home/runner/work/_temp/42f3785e-ef5c-4bd9-b772-fc2625b89610' before making global git config changes
validate	UNKNOWN STEP	2026-10-01T12:23:19.4697106Z Adding repository directory to the temporary git global config as a safe directory
validate	UNKNOWN STEP	2026-10-01T12:23:19.4700487Z [command]/usr/bin/git config --global --add safe.directory /home/runner/work/bb-scanner/bb-scanner
validate	UNKNOWN STEP	2026-10-01T12:23:19.4739064Z [command]/usr/bin/git config --local --name-only --get-regexp core\.sshCommand
validate	UNKNOWN STEP	2026-10-01T12:23:19.4770461Z [command]/usr/bin/git submodule foreach --recursive sh -c "git config --local --name-only --get-regexp 'core\.sshCommand' && git config --local --unset-all 'core.sshCommand' || :"
validate	UNKNOWN STEP	2026-10-01T12:23:19.4986936Z [command]/usr/bin/git config --local --name-only --get-regexp http\.https\:\/\/github\.com\/\.extraheader
validate	UNKNOWN STEP	2026-10-01T12:23:19.5094163Z http.https://github.com/.extraheader
validate	UNKNOWN STEP	2026-10-01T12:23:19.5106967Z [command]/usr/bin/git config --local --unset-all http.https://github.com/.extraheader
validate	UNKNOWN STEP	2026-10-01T12:23:19.5181384Z [command]/usr/bin/git submodule foreach --recursive sh -c "git config --local --name-only --get-regexp 'http\.https\:\/\/github\.com\/\.extraheader' && git config --local --unset-all 'http.https://github.com/.extraheader' || :"
validate	UNKNOWN STEP	2026-10-01T12:23:19.5418275Z [command]/usr/bin/git config --local --name-only --get-regexp ^includeIf\.gitdir:
validate	UNKNOWN STEP	2026-10-01T12:23:19.5456818Z [command]/usr/bin/git submodule foreach --recursive git config --local --show-origin --name-only --get-regexp remote.origin.url
validate	UNKNOWN STEP	2026-10-01T12:23:19.5767269Z Cleaning up orphan processes
validate	UNKNOWN STEP	2026-10-01T12:23:19.5974354Z ##[warning]Node.js 20 is deprecated. The following actions target Node.js 20 but are being forced to run on Node.js 24: actions/checkout@v4, actions/setup-python@v5, actions/upload-artifact@v4. For more information see: https://github.blog/changelog/2025-09-19-deprecation-of-node-20-on-github-actions-runners/
scan (0)	UNKNOWN STEP	﻿2026-10-01T12:23:24.5875297Z Current runner version: '2.337.0'
scan (0)	UNKNOWN STEP	2026-10-01T12:23:24.5912270Z ##[group]Runner Image Provisioner
scan (0)	UNKNOWN STEP	2026-10-01T12:23:24.5913576Z Hosted Compute Agent
scan (0)	UNKNOWN STEP	2026-10-01T12:23:24.5914675Z Version: 20260901.588
scan (0)	UNKNOWN STEP	2026-10-01T12:23:24.5915687Z Commit: f88ec8081b781fac6c440065ac7ff9e710ce3d0b
scan (0)	UNKNOWN STEP	2026-10-01T12:23:24.5917114Z Build Date: 2026-09-01T19:56:44Z
scan (0)	UNKNOWN STEP	2026-10-01T12:23:24.5918239Z Worker ID: {67b068c8-f113-4f26-974f-b408d4130a6f}
scan (0)	UNKNOWN STEP	2026-10-01T12:23:24.5919663Z Azure Region: eastus
scan (0)	UNKNOWN STEP	2026-10-01T12:23:24.5920785Z ##[endgroup]
scan (0)	UNKNOWN STEP	2026-10-01T12:23:24.5923180Z ##[group]Operating System
scan (0)	UNKNOWN STEP	2026-10-01T12:23:24.5924390Z Ubuntu
scan (0)	UNKNOWN STEP	2026-10-01T12:23:24.5925235Z 24.04.5
scan (0)	UNKNOWN STEP	2026-10-01T12:23:24.5926507Z LTS
scan (0)	UNKNOWN STEP	2026-10-01T12:23:24.5927557Z ##[endgroup]
scan (0)	UNKNOWN STEP	2026-10-01T12:23:24.5928458Z ##[group]Runner Image
scan (0)	UNKNOWN STEP	2026-10-01T12:23:24.5929850Z Image: ubuntu-24.04
scan (0)	UNKNOWN STEP	2026-10-01T12:23:24.5930853Z Version: 20260927.320.1
scan (0)	UNKNOWN STEP	2026-10-01T12:23:24.5933024Z Included Software: https://github.com/actions/runner-images/blob/ubuntu24/20260927.320/images/ubuntu/Ubuntu2404-Readme.md
scan (0)	UNKNOWN STEP	2026-10-01T12:23:24.5935698Z Image Release: https://github.com/actions/runner-images/releases/tag/ubuntu24%2F20260927.320
scan (0)	UNKNOWN STEP	2026-10-01T12:23:24.5937539Z ##[endgroup]
scan (0)	UNKNOWN STEP	2026-10-01T12:23:24.5939739Z ##[group]GITHUB_TOKEN Permissions
scan (0)	UNKNOWN STEP	2026-10-01T12:23:24.5942784Z Actions: read
scan (0)	UNKNOWN STEP	2026-10-01T12:23:24.5943797Z Contents: read
scan (0)	UNKNOWN STEP	2026-10-01T12:23:24.5944860Z Metadata: read
scan (0)	UNKNOWN STEP	2026-10-01T12:23:24.5945785Z ##[endgroup]
scan (0)	UNKNOWN STEP	2026-10-01T12:23:24.5948813Z Secret source: Actions
scan (0)	UNKNOWN STEP	2026-10-01T12:23:24.5950653Z Cache mode: write
scan (0)	UNKNOWN STEP	2026-10-01T12:23:24.5952046Z Prepare workflow directory
scan (0)	UNKNOWN STEP	2026-10-01T12:23:24.6431316Z Prepare all required actions
scan (0)	UNKNOWN STEP	2026-10-01T12:23:24.6501800Z Getting action download info
scan (0)	UNKNOWN STEP	2026-10-01T12:23:24.9004875Z Download action repository 'actions/checkout@v4' (SHA:11d5960a326750d5838078e36cf38b85af677262)
scan (0)	UNKNOWN STEP	2026-10-01T12:23:25.0251881Z Download action repository 'actions/setup-python@v5' (SHA:a26af69be951a213d495a4c3e4e4022e16d87065)
scan (0)	UNKNOWN STEP	2026-10-01T12:23:25.1022676Z Download action repository 'actions/cache@v4' (SHA:0057852bfaa89a56745cba8c7296529d2fc39830)
scan (0)	UNKNOWN STEP	2026-10-01T12:23:25.1948073Z Download action repository 'actions/download-artifact@v4' (SHA:d3f86a106a0bac45b974a628896c90dbdf5c8093)
scan (0)	UNKNOWN STEP	2026-10-01T12:23:25.3896495Z Download action repository 'actions/upload-artifact@v4' (SHA:ea165f8d65b6e75b540449e92b4886f43607fa02)
scan (0)	UNKNOWN STEP	2026-10-01T12:23:25.6092962Z Complete job name: scan (0)
scan (0)	UNKNOWN STEP	2026-10-01T12:23:25.6881509Z ##[group]Run actions/checkout@v4
scan (0)	UNKNOWN STEP	2026-10-01T12:23:25.6882409Z with:
scan (0)	UNKNOWN STEP	2026-10-01T12:23:25.6882877Z   repository: duuu-hub/bb-scanner
scan (0)	UNKNOWN STEP	2026-10-01T12:23:25.6886605Z   token: ***
scan (0)	UNKNOWN STEP	2026-10-01T12:23:25.6887067Z   ssh-strict: true
scan (0)	UNKNOWN STEP	2026-10-01T12:23:25.6887530Z   ssh-user: git
scan (0)	UNKNOWN STEP	2026-10-01T12:23:25.6888006Z   persist-credentials: true
scan (0)	UNKNOWN STEP	2026-10-01T12:23:25.6888522Z   clean: true
scan (0)	UNKNOWN STEP	2026-10-01T12:23:25.6888994Z   sparse-checkout-cone-mode: true
scan (0)	UNKNOWN STEP	2026-10-01T12:23:25.6889752Z   fetch-depth: 1
scan (0)	UNKNOWN STEP	2026-10-01T12:23:25.6890210Z   fetch-tags: false
scan (0)	UNKNOWN STEP	2026-10-01T12:23:25.6890681Z   show-progress: true
scan (0)	UNKNOWN STEP	2026-10-01T12:23:25.6891147Z   lfs: false
scan (0)	UNKNOWN STEP	2026-10-01T12:23:25.6891578Z   submodules: false
scan (0)	UNKNOWN STEP	2026-10-01T12:23:25.6892071Z   set-safe-directory: true
scan (0)	UNKNOWN STEP	2026-10-01T12:23:25.6892591Z   allow-unsafe-pr-checkout: false
scan (0)	UNKNOWN STEP	2026-10-01T12:23:25.6893385Z ##[endgroup]
scan (0)	UNKNOWN STEP	2026-10-01T12:23:25.7956311Z Syncing repository: duuu-hub/bb-scanner
scan (0)	UNKNOWN STEP	2026-10-01T12:23:25.7958979Z ##[group]Getting Git version info
scan (0)	UNKNOWN STEP	2026-10-01T12:23:25.7960514Z Working directory is '/home/runner/work/bb-scanner/bb-scanner'
scan (0)	UNKNOWN STEP	2026-10-01T12:23:25.7962127Z [command]/usr/bin/git version
scan (0)	UNKNOWN STEP	2026-10-01T12:23:25.8058505Z git version 2.55.0
scan (0)	UNKNOWN STEP	2026-10-01T12:23:25.8081149Z ##[endgroup]
scan (0)	UNKNOWN STEP	2026-10-01T12:23:25.8096405Z Temporarily overriding HOME='/home/runner/work/_temp/0812c285-0b1e-4962-a360-39ab65038360' before making global git config changes
scan (0)	UNKNOWN STEP	2026-10-01T12:23:25.8099030Z Adding repository directory to the temporary git global config as a safe directory
scan (0)	UNKNOWN STEP	2026-10-01T12:23:25.8102733Z [command]/usr/bin/git config --global --add safe.directory /home/runner/work/bb-scanner/bb-scanner
scan (0)	UNKNOWN STEP	2026-10-01T12:23:25.8157940Z Deleting the contents of '/home/runner/work/bb-scanner/bb-scanner'
scan (0)	UNKNOWN STEP	2026-10-01T12:23:25.8163241Z ##[group]Initializing the repository
scan (0)	UNKNOWN STEP	2026-10-01T12:23:25.8168465Z [command]/usr/bin/git init /home/runner/work/bb-scanner/bb-scanner
scan (0)	UNKNOWN STEP	2026-10-01T12:23:25.8296601Z hint: Using 'master' as the name for the initial branch. This default branch name
scan (0)	UNKNOWN STEP	2026-10-01T12:23:25.8298411Z hint: will change to "main" in Git 3.0. To configure the initial branch name
scan (0)	UNKNOWN STEP	2026-10-01T12:23:25.8300328Z hint: to use in all of your new repositories, which will suppress this warning,
scan (0)	UNKNOWN STEP	2026-10-01T12:23:25.8301637Z hint: call:
scan (0)	UNKNOWN STEP	2026-10-01T12:23:25.8302316Z hint:
scan (0)	UNKNOWN STEP	2026-10-01T12:23:25.8303032Z hint: 	git config --global init.defaultBranch <name>
scan (0)	UNKNOWN STEP	2026-10-01T12:23:25.8303692Z hint:
scan (0)	UNKNOWN STEP	2026-10-01T12:23:25.8304277Z hint: Names commonly chosen instead of 'master' are 'main', 'trunk' and
scan (0)	UNKNOWN STEP	2026-10-01T12:23:25.8305215Z hint: 'development'. The just-created branch can be renamed via this command:
scan (0)	UNKNOWN STEP	2026-10-01T12:23:25.8305955Z hint:
scan (0)	UNKNOWN STEP	2026-10-01T12:23:25.8306387Z hint: 	git branch -m <name>
scan (0)	UNKNOWN STEP	2026-10-01T12:23:25.8306907Z hint:
scan (0)	UNKNOWN STEP	2026-10-01T12:23:25.8307549Z hint: Disable this message with "git config set advice.defaultBranchName false"
scan (0)	UNKNOWN STEP	2026-10-01T12:23:25.8308762Z Initialized empty Git repository in /home/runner/work/bb-scanner/bb-scanner/.git/
scan (0)	UNKNOWN STEP	2026-10-01T12:23:25.8315585Z [command]/usr/bin/git remote add origin https://github.com/duuu-hub/bb-scanner
scan (0)	UNKNOWN STEP	2026-10-01T12:23:25.8366394Z ##[endgroup]
scan (0)	UNKNOWN STEP	2026-10-01T12:23:25.8367874Z ##[group]Disabling automatic garbage collection
scan (0)	UNKNOWN STEP	2026-10-01T12:23:25.8370288Z [command]/usr/bin/git config --local gc.auto 0
scan (0)	UNKNOWN STEP	2026-10-01T12:23:25.8404443Z ##[endgroup]
scan (0)	UNKNOWN STEP	2026-10-01T12:23:25.8405795Z ##[group]Setting up auth
scan (0)	UNKNOWN STEP	2026-10-01T12:23:25.8412433Z [command]/usr/bin/git config --local --name-only --get-regexp core\.sshCommand
scan (0)	UNKNOWN STEP	2026-10-01T12:23:25.8451062Z [command]/usr/bin/git submodule foreach --recursive sh -c "git config --local --name-only --get-regexp 'core\.sshCommand' && git config --local --unset-all 'core.sshCommand' || :"
scan (0)	UNKNOWN STEP	2026-10-01T12:23:25.8822393Z [command]/usr/bin/git config --local --name-only --get-regexp http\.https\:\/\/github\.com\/\.extraheader
scan (0)	UNKNOWN STEP	2026-10-01T12:23:25.8862406Z [command]/usr/bin/git submodule foreach --recursive sh -c "git config --local --name-only --get-regexp 'http\.https\:\/\/github\.com\/\.extraheader' && git config --local --unset-all 'http.https://github.com/.extraheader' || :"
scan (0)	UNKNOWN STEP	2026-10-01T12:23:25.9087713Z [command]/usr/bin/git config --local --name-only --get-regexp ^includeIf\.gitdir:
scan (0)	UNKNOWN STEP	2026-10-01T12:23:25.9124119Z [command]/usr/bin/git submodule foreach --recursive git config --local --show-origin --name-only --get-regexp remote.origin.url
scan (0)	UNKNOWN STEP	2026-10-01T12:23:25.9349944Z [command]/usr/bin/git config --local http.https://github.com/.extraheader AUTHORIZATION: basic ***
scan (0)	UNKNOWN STEP	2026-10-01T12:23:25.9394803Z ##[endgroup]
scan (0)	UNKNOWN STEP	2026-10-01T12:23:25.9396395Z ##[group]Fetching the repository
scan (0)	UNKNOWN STEP	2026-10-01T12:23:25.9406799Z [command]/usr/bin/git -c protocol.version=2 fetch --no-tags --prune --no-recurse-submodules --depth=1 origin +c1596c883844a41df385784e2f583b96f43e349e:refs/remotes/origin/research-day-edge-lab-v2
scan (0)	UNKNOWN STEP	2026-10-01T12:23:27.1464153Z From https://github.com/duuu-hub/bb-scanner
scan (0)	UNKNOWN STEP	2026-10-01T12:23:27.1466485Z  * [new ref]         c1596c883844a41df385784e2f583b96f43e349e -> origin/research-day-edge-lab-v2
scan (0)	UNKNOWN STEP	2026-10-01T12:23:27.1471443Z ##[endgroup]
scan (0)	UNKNOWN STEP	2026-10-01T12:23:27.1472755Z ##[group]Determining the checkout info
scan (0)	UNKNOWN STEP	2026-10-01T12:23:27.1474261Z ##[endgroup]
scan (0)	UNKNOWN STEP	2026-10-01T12:23:27.1476682Z [command]/usr/bin/git sparse-checkout disable
scan (0)	UNKNOWN STEP	2026-10-01T12:23:27.1531219Z [command]/usr/bin/git config --local --unset-all extensions.worktreeConfig
scan (0)	UNKNOWN STEP	2026-10-01T12:23:27.1565608Z ##[group]Checking out the ref
scan (0)	UNKNOWN STEP	2026-10-01T12:23:27.1568900Z [command]/usr/bin/git checkout --progress --force -B research-day-edge-lab-v2 refs/remotes/origin/research-day-edge-lab-v2
scan (0)	UNKNOWN STEP	2026-10-01T12:23:27.3648086Z Switched to a new branch 'research-day-edge-lab-v2'
scan (0)	UNKNOWN STEP	2026-10-01T12:23:27.3652804Z branch 'research-day-edge-lab-v2' set up to track 'origin/research-day-edge-lab-v2'.
scan (0)	UNKNOWN STEP	2026-10-01T12:23:27.3663378Z ##[endgroup]
scan (0)	UNKNOWN STEP	2026-10-01T12:23:27.3710335Z [command]/usr/bin/git log -1 --format=%H
scan (0)	UNKNOWN STEP	2026-10-01T12:23:27.3737664Z c1596c883844a41df385784e2f583b96f43e349e
scan (0)	UNKNOWN STEP	2026-10-01T12:23:27.4013249Z ##[group]Run actions/setup-python@v5
scan (0)	UNKNOWN STEP	2026-10-01T12:23:27.4013673Z with:
scan (0)	UNKNOWN STEP	2026-10-01T12:23:27.4013940Z   python-version: 3.12
scan (0)	UNKNOWN STEP	2026-10-01T12:23:27.4014229Z   check-latest: false
scan (0)	UNKNOWN STEP	2026-10-01T12:23:27.4016785Z   token: ***
scan (0)	UNKNOWN STEP	2026-10-01T12:23:27.4017078Z   update-environment: true
scan (0)	UNKNOWN STEP	2026-10-01T12:23:27.4017393Z   allow-prereleases: false
scan (0)	UNKNOWN STEP	2026-10-01T12:23:27.4017701Z   freethreaded: false
scan (0)	UNKNOWN STEP	2026-10-01T12:23:27.4017977Z ##[endgroup]
scan (0)	UNKNOWN STEP	2026-10-01T12:23:27.5386989Z ##[group]Installed versions
scan (0)	UNKNOWN STEP	2026-10-01T12:23:27.5477264Z (node:2280) [DEP0040] DeprecationWarning: The `punycode` module is deprecated. Please use a userland alternative instead.
scan (0)	UNKNOWN STEP	2026-10-01T12:23:27.5478740Z (Use `node --trace-deprecation ...` to show where the warning was created)
scan (0)	UNKNOWN STEP	2026-10-01T12:23:27.5480035Z Successfully set up CPython (3.12.14)
scan (0)	UNKNOWN STEP	2026-10-01T12:23:27.5481910Z ##[endgroup]
scan (0)	UNKNOWN STEP	2026-10-01T12:23:27.5664087Z ##[group]Run pip install pandas==2.3.3 numpy==2.3.3
scan (0)	UNKNOWN STEP	2026-10-01T12:23:27.5664602Z ^[[36;1mpip install pandas==2.3.3 numpy==2.3.3^[[0m
scan (0)	UNKNOWN STEP	2026-10-01T12:23:27.5972003Z shell: /usr/bin/bash -e {0}
scan (0)	UNKNOWN STEP	2026-10-01T12:23:27.5972419Z env:
scan (0)	UNKNOWN STEP	2026-10-01T12:23:27.5972781Z   pythonLocation: /opt/hostedtoolcache/Python/3.12.14/x64
scan (0)	UNKNOWN STEP	2026-10-01T12:23:27.5973374Z   PKG_CONFIG_PATH: /opt/hostedtoolcache/Python/3.12.14/x64/lib/pkgconfig
scan (0)	UNKNOWN STEP	2026-10-01T12:23:27.5973969Z   Python_ROOT_DIR: /opt/hostedtoolcache/Python/3.12.14/x64
scan (0)	UNKNOWN STEP	2026-10-01T12:23:27.5974496Z   Python2_ROOT_DIR: /opt/hostedtoolcache/Python/3.12.14/x64
scan (0)	UNKNOWN STEP	2026-10-01T12:23:27.5975011Z   Python3_ROOT_DIR: /opt/hostedtoolcache/Python/3.12.14/x64
scan (0)	UNKNOWN STEP	2026-10-01T12:23:27.5975520Z   LD_LIBRARY_PATH: /opt/hostedtoolcache/Python/3.12.14/x64/lib
scan (0)	UNKNOWN STEP	2026-10-01T12:23:27.5975948Z ##[endgroup]
scan (0)	UNKNOWN STEP	2026-10-01T12:23:28.5694039Z Collecting pandas==2.3.3
scan (0)	UNKNOWN STEP	2026-10-01T12:23:28.6403631Z   Downloading pandas-2.3.3-cp312-cp312-manylinux_2_24_x86_64.manylinux_2_28_x86_64.whl.metadata (91 kB)
scan (0)	UNKNOWN STEP	2026-10-01T12:23:28.8820352Z Collecting numpy==2.3.3
scan (0)	UNKNOWN STEP	2026-10-01T12:23:28.8869922Z   Downloading numpy-2.3.3-cp312-cp312-manylinux_2_27_x86_64.manylinux_2_28_x86_64.whl.metadata (62 kB)
scan (0)	UNKNOWN STEP	2026-10-01T12:23:28.9174388Z Collecting python-dateutil>=2.8.2 (from pandas==2.3.3)
scan (0)	UNKNOWN STEP	2026-10-01T12:23:28.9209053Z   Downloading python_dateutil-2.9.0.post0-py2.py3-none-any.whl.metadata (8.4 kB)
scan (0)	UNKNOWN STEP	2026-10-01T12:23:28.9541250Z Collecting pytz>=2020.1 (from pandas==2.3.3)
scan (0)	UNKNOWN STEP	2026-10-01T12:23:28.9578034Z   Downloading pytz-2026.4-py2.py3-none-any.whl.metadata (22 kB)
scan (0)	UNKNOWN STEP	2026-10-01T12:23:28.9734502Z Collecting tzdata>=2022.7 (from pandas==2.3.3)
scan (0)	UNKNOWN STEP	2026-10-01T12:23:28.9768842Z   Downloading tzdata-2026.4-py2.py3-none-any.whl.metadata (1.4 kB)
scan (0)	UNKNOWN STEP	2026-10-01T12:23:28.9909091Z Collecting six>=1.5 (from python-dateutil>=2.8.2->pandas==2.3.3)
scan (0)	UNKNOWN STEP	2026-10-01T12:23:28.9991044Z   Downloading six-1.17.0-py2.py3-none-any.whl.metadata (1.7 kB)
scan (0)	UNKNOWN STEP	2026-10-01T12:23:29.2131905Z Downloading pandas-2.3.3-cp312-cp312-manylinux_2_24_x86_64.manylinux_2_28_x86_64.whl (12.4 MB)
scan (0)	UNKNOWN STEP	2026-10-01T12:23:37.1778355Z    ━━━━━━━━━━━━━━━━━━━━━━━━━━━━━━━━━━━━━━━━ 12.4/12.4 MB 1.7 MB/s  0:00:07
scan (0)	UNKNOWN STEP	2026-10-01T12:23:37.3486973Z Downloading numpy-2.3.3-cp312-cp312-manylinux_2_27_x86_64.manylinux_2_28_x86_64.whl (16.6 MB)
scan (0)	UNKNOWN STEP	2026-10-01T12:23:40.4694111Z    ━━━━━━━━━━━━━━━━━━━━━━━━━━━━━━━━━━━━━━━━ 16.6/16.6 MB 5.4 MB/s  0:00:03
scan (0)	UNKNOWN STEP	2026-10-01T12:23:40.6034192Z Downloading python_dateutil-2.9.0.post0-py2.py3-none-any.whl (229 kB)
scan (0)	UNKNOWN STEP	2026-10-01T12:23:40.9918315Z Downloading pytz-2026.4-py2.py3-none-any.whl (506 kB)
scan (0)	UNKNOWN STEP	2026-10-01T12:23:41.2564153Z Downloading six-1.17.0-py2.py3-none-any.whl (11 kB)
scan (0)	UNKNOWN STEP	2026-10-01T12:23:41.3315588Z Downloading tzdata-2026.4-py2.py3-none-any.whl (347 kB)
scan (0)	UNKNOWN STEP	2026-10-01T12:23:41.5908363Z Installing collected packages: pytz, tzdata, six, numpy, python-dateutil, pandas
scan (0)	UNKNOWN STEP	2026-10-01T12:23:48.6635099Z 
scan (0)	UNKNOWN STEP	2026-10-01T12:23:48.6650138Z Successfully installed numpy-2.3.3 pandas-2.3.3 python-dateutil-2.9.0.post0 pytz-2026.4 six-1.17.0 tzdata-2026.4
scan (0)	UNKNOWN STEP	2026-10-01T12:23:48.7333421Z ##[group]Run actions/cache@v4
scan (0)	UNKNOWN STEP	2026-10-01T12:23:48.7333725Z with:
scan (0)	UNKNOWN STEP	2026-10-01T12:23:48.7334154Z   path: cache/1m
scan (0)	UNKNOWN STEP	2026-10-01T12:23:48.7334424Z   key: day-edge-canon-v2-source-36095439671-shard-0
scan (0)	UNKNOWN STEP	2026-10-01T12:23:48.7334769Z   enableCrossOsArchive: false
scan (0)	UNKNOWN STEP	2026-10-01T12:23:48.7335037Z   fail-on-cache-miss: false
scan (0)	UNKNOWN STEP	2026-10-01T12:23:48.7335317Z   lookup-only: false
scan (0)	UNKNOWN STEP	2026-10-01T12:23:48.7335547Z   save-always: false
scan (0)	UNKNOWN STEP	2026-10-01T12:23:48.7335798Z env:
scan (0)	UNKNOWN STEP	2026-10-01T12:23:48.7336071Z   pythonLocation: /opt/hostedtoolcache/Python/3.12.14/x64
scan (0)	UNKNOWN STEP	2026-10-01T12:23:48.7336529Z   PKG_CONFIG_PATH: /opt/hostedtoolcache/Python/3.12.14/x64/lib/pkgconfig
scan (0)	UNKNOWN STEP	2026-10-01T12:23:48.7336967Z   Python_ROOT_DIR: /opt/hostedtoolcache/Python/3.12.14/x64
scan (0)	UNKNOWN STEP	2026-10-01T12:23:48.7337360Z   Python2_ROOT_DIR: /opt/hostedtoolcache/Python/3.12.14/x64
scan (0)	UNKNOWN STEP	2026-10-01T12:23:48.7337758Z   Python3_ROOT_DIR: /opt/hostedtoolcache/Python/3.12.14/x64
scan (0)	UNKNOWN STEP	2026-10-01T12:23:48.7338153Z   LD_LIBRARY_PATH: /opt/hostedtoolcache/Python/3.12.14/x64/lib
scan (0)	UNKNOWN STEP	2026-10-01T12:23:48.7338528Z ##[endgroup]
scan (0)	UNKNOWN STEP	2026-10-01T12:23:48.8378553Z (node:2321) [DEP0040] DeprecationWarning: The `punycode` module is deprecated. Please use a userland alternative instead.
scan (0)	UNKNOWN STEP	2026-10-01T12:23:48.8380271Z (Use `node --trace-deprecation ...` to show where the warning was created)
scan (0)	UNKNOWN STEP	2026-10-01T12:23:48.9029157Z Cache not found for input keys: day-edge-canon-v2-source-36095439671-shard-0
scan (0)	UNKNOWN STEP	2026-10-01T12:23:48.9127008Z ##[group]Run gh run download 36095439671 -R duuu-hub/bb-scanner -n rank5-binance-um-15m-5y-data-shard-0 -D data
scan (0)	UNKNOWN STEP	2026-10-01T12:23:48.9127875Z ^[[36;1mgh run download 36095439671 -R duuu-hub/bb-scanner -n rank5-binance-um-15m-5y-data-shard-0 -D data^[[0m
scan (0)	UNKNOWN STEP	2026-10-01T12:23:48.9128542Z ^[[36;1mgh run download 36858492497 -R duuu-hub/bb-scanner -n day-edge-v2-btc -D btc^[[0m
scan (0)	UNKNOWN STEP	2026-10-01T12:23:48.9195763Z shell: /usr/bin/bash -e {0}
scan (0)	UNKNOWN STEP	2026-10-01T12:23:48.9196076Z env:
scan (0)	UNKNOWN STEP	2026-10-01T12:23:48.9196358Z   pythonLocation: /opt/hostedtoolcache/Python/3.12.14/x64
scan (0)	UNKNOWN STEP	2026-10-01T12:23:48.9196837Z   PKG_CONFIG_PATH: /opt/hostedtoolcache/Python/3.12.14/x64/lib/pkgconfig
scan (0)	UNKNOWN STEP	2026-10-01T12:23:48.9197293Z   Python_ROOT_DIR: /opt/hostedtoolcache/Python/3.12.14/x64
scan (0)	UNKNOWN STEP	2026-10-01T12:23:48.9197717Z   Python2_ROOT_DIR: /opt/hostedtoolcache/Python/3.12.14/x64
scan (0)	UNKNOWN STEP	2026-10-01T12:23:48.9198130Z   Python3_ROOT_DIR: /opt/hostedtoolcache/Python/3.12.14/x64
scan (0)	UNKNOWN STEP	2026-10-01T12:23:48.9198578Z   LD_LIBRARY_PATH: /opt/hostedtoolcache/Python/3.12.14/x64/lib
scan (0)	UNKNOWN STEP	2026-10-01T12:23:48.9201681Z   GH_TOKEN: ***
scan (0)	UNKNOWN STEP	2026-10-01T12:23:48.9201908Z ##[endgroup]
scan (0)	UNKNOWN STEP	2026-10-01T12:23:52.5435653Z ##[group]Run actions/download-artifact@v4
scan (0)	UNKNOWN STEP	2026-10-01T12:23:52.5435998Z with:
scan (0)	UNKNOWN STEP	2026-10-01T12:23:52.5436223Z   name: day-edge-v2-frozen-selection
scan (0)	UNKNOWN STEP	2026-10-01T12:23:52.5436512Z   path: frozen-input
scan (0)	UNKNOWN STEP	2026-10-01T12:23:52.5436745Z   merge-multiple: false
scan (0)	UNKNOWN STEP	2026-10-01T12:23:52.5436990Z   repository: duuu-hub/bb-scanner
scan (0)	UNKNOWN STEP	2026-10-01T12:23:52.5437245Z   run-id: 36861359640
scan (0)	UNKNOWN STEP	2026-10-01T12:23:52.5437457Z env:
scan (0)	UNKNOWN STEP	2026-10-01T12:23:52.5437715Z   pythonLocation: /opt/hostedtoolcache/Python/3.12.14/x64
scan (0)	UNKNOWN STEP	2026-10-01T12:23:52.5438154Z   PKG_CONFIG_PATH: /opt/hostedtoolcache/Python/3.12.14/x64/lib/pkgconfig
scan (0)	UNKNOWN STEP	2026-10-01T12:23:52.5438609Z   Python_ROOT_DIR: /opt/hostedtoolcache/Python/3.12.14/x64
scan (0)	UNKNOWN STEP	2026-10-01T12:23:52.5438999Z   Python2_ROOT_DIR: /opt/hostedtoolcache/Python/3.12.14/x64
scan (0)	UNKNOWN STEP	2026-10-01T12:23:52.5439730Z   Python3_ROOT_DIR: /opt/hostedtoolcache/Python/3.12.14/x64
scan (0)	UNKNOWN STEP	2026-10-01T12:23:52.5440130Z   LD_LIBRARY_PATH: /opt/hostedtoolcache/Python/3.12.14/x64/lib
scan (0)	UNKNOWN STEP	2026-10-01T12:23:52.5440463Z ##[endgroup]
scan (0)	UNKNOWN STEP	2026-10-01T12:23:52.7152584Z Downloading single artifact
scan (0)	UNKNOWN STEP	2026-10-01T12:23:52.7258039Z (node:2349) [DEP0040] DeprecationWarning: The `punycode` module is deprecated. Please use a userland alternative instead.
scan (0)	UNKNOWN STEP	2026-10-01T12:23:52.7258905Z (Use `node --trace-deprecation ...` to show where the warning was created)
scan (0)	UNKNOWN STEP	2026-10-01T12:23:52.8083921Z Preparing to download the following artifacts:
scan (0)	UNKNOWN STEP	2026-10-01T12:23:52.8085212Z - day-edge-v2-frozen-selection (ID: 11160624466, Size: 3288, Expected Digest: sha256:f2f35defae027a62c91d1c9989afbad4b8709045c7a53bb3ed4fb4b7044ab788)
scan (0)	UNKNOWN STEP	2026-10-01T12:23:52.9433131Z Redirecting to blob download url: https://productionresultssa18.blob.core.windows.net/actions-results/34242db7-8627-8b8c-b3b8-0db014836193/workflow-job-run-d573c45a-a68e-57e4-939a-2465a68b3116/artifacts/a1ab5e558c97164c8c87a7cba61e1b7a4cc53e7c63ea3b99dbfd01b26ee4afb3.zip
scan (0)	UNKNOWN STEP	2026-10-01T12:23:52.9434654Z Starting download of artifact to: /home/runner/work/bb-scanner/bb-scanner/frozen-input
scan (0)	UNKNOWN STEP	2026-10-01T12:23:52.9970582Z (node:2349) [DEP0005] DeprecationWarning: Buffer() is deprecated due to security and usability issues. Please use the Buffer.alloc(), Buffer.allocUnsafe(), or Buffer.from() methods instead.
scan (0)	UNKNOWN STEP	2026-10-01T12:23:53.0038425Z SHA256 digest of downloaded artifact is f2f35defae027a62c91d1c9989afbad4b8709045c7a53bb3ed4fb4b7044ab788
scan (0)	UNKNOWN STEP	2026-10-01T12:23:53.0039071Z Artifact download completed successfully.
scan (0)	UNKNOWN STEP	2026-10-01T12:23:53.0039657Z Total of 1 artifact(s) downloaded
scan (0)	UNKNOWN STEP	2026-10-01T12:23:53.0045362Z Download artifact has finished successfully
scan (0)	UNKNOWN STEP	2026-10-01T12:23:53.0160137Z ##[group]Run python scripts/day_edge_canonical.py scan --data data --btc btc/BTCUSDT.csv.gz --selection frozen-input/selection.json --out canonical-0 --minute-cache cache/1m
scan (0)	UNKNOWN STEP	2026-10-01T12:23:53.0161459Z ^[[36;1mpython scripts/day_edge_canonical.py scan --data data --btc btc/BTCUSDT.csv.gz --selection frozen-input/selection.json --out canonical-0 --minute-cache cache/1m^[[0m
scan (0)	UNKNOWN STEP	2026-10-01T12:23:53.0224720Z shell: /usr/bin/bash -e {0}
scan (0)	UNKNOWN STEP	2026-10-01T12:23:53.0224992Z env:
scan (0)	UNKNOWN STEP	2026-10-01T12:23:53.0225287Z   pythonLocation: /opt/hostedtoolcache/Python/3.12.14/x64
scan (0)	UNKNOWN STEP	2026-10-01T12:23:53.0225775Z   PKG_CONFIG_PATH: /opt/hostedtoolcache/Python/3.12.14/x64/lib/pkgconfig
scan (0)	UNKNOWN STEP	2026-10-01T12:23:53.0226239Z   Python_ROOT_DIR: /opt/hostedtoolcache/Python/3.12.14/x64
scan (0)	UNKNOWN STEP	2026-10-01T12:23:53.0226651Z   Python2_ROOT_DIR: /opt/hostedtoolcache/Python/3.12.14/x64
scan (0)	UNKNOWN STEP	2026-10-01T12:23:53.0227074Z   Python3_ROOT_DIR: /opt/hostedtoolcache/Python/3.12.14/x64
scan (0)	UNKNOWN STEP	2026-10-01T12:23:53.0227528Z   LD_LIBRARY_PATH: /opt/hostedtoolcache/Python/3.12.14/x64/lib
scan (0)	UNKNOWN STEP	2026-10-01T12:23:53.0227884Z ##[endgroup]
scan (0)	UNKNOWN STEP	2026-10-01T12:24:29.8311198Z CANONICAL_SCAN 8 / 107 ALPHAUSDT outcomes 2016
scan (0)	UNKNOWN STEP	2026-10-01T12:25:44.9147018Z CANONICAL_SCAN 40 / 107 GALAUSDT outcomes 6063
scan (0)	UNKNOWN STEP	2026-10-01T12:25:58.4850131Z CANONICAL_SCAN 48 / 107 ILVUSDT outcomes 7245
scan (0)	UNKNOWN STEP	2026-10-01T12:26:02.5732552Z CANONICAL_SCAN 56 / 107 LPTUSDT outcomes 7659
scan (0)	UNKNOWN STEP	2026-10-01T12:26:44.8450059Z CANONICAL_SCAN 88 / 107 STGUSDT outcomes 9888
scan (0)	UNKNOWN STEP	2026-10-01T12:27:10.2497530Z CANONICAL_SCAN 104 / 107 XVGUSDT outcomes 11298
scan (0)	UNKNOWN STEP	2026-10-01T12:27:23.6211819Z CANONICAL_SCAN_DONE 11881
scan (0)	UNKNOWN STEP	2026-10-01T12:27:23.6833935Z ##[group]Run actions/upload-artifact@v4
scan (0)	UNKNOWN STEP	2026-10-01T12:27:23.6834244Z with:
scan (0)	UNKNOWN STEP	2026-10-01T12:27:23.6834453Z   name: day-edge-v2-canonical-0
scan (0)	UNKNOWN STEP	2026-10-01T12:27:23.6834705Z   path: canonical-0/
scan (0)	UNKNOWN STEP	2026-10-01T12:27:23.6834930Z   retention-days: 30
scan (0)	UNKNOWN STEP	2026-10-01T12:27:23.6835146Z   compression-level: 0
scan (0)	UNKNOWN STEP	2026-10-01T12:27:23.6835364Z   if-no-files-found: warn
scan (0)	UNKNOWN STEP	2026-10-01T12:27:23.6835585Z   overwrite: false
scan (0)	UNKNOWN STEP	2026-10-01T12:27:23.6835797Z   include-hidden-files: false
scan (0)	UNKNOWN STEP	2026-10-01T12:27:23.6836032Z env:
scan (0)	UNKNOWN STEP	2026-10-01T12:27:23.6836279Z   pythonLocation: /opt/hostedtoolcache/Python/3.12.14/x64
scan (0)	UNKNOWN STEP	2026-10-01T12:27:23.6836721Z   PKG_CONFIG_PATH: /opt/hostedtoolcache/Python/3.12.14/x64/lib/pkgconfig
scan (0)	UNKNOWN STEP	2026-10-01T12:27:23.6837138Z   Python_ROOT_DIR: /opt/hostedtoolcache/Python/3.12.14/x64
scan (0)	UNKNOWN STEP	2026-10-01T12:27:23.6837523Z   Python2_ROOT_DIR: /opt/hostedtoolcache/Python/3.12.14/x64
scan (0)	UNKNOWN STEP	2026-10-01T12:27:23.6837902Z   Python3_ROOT_DIR: /opt/hostedtoolcache/Python/3.12.14/x64
scan (0)	UNKNOWN STEP	2026-10-01T12:27:23.6838307Z   LD_LIBRARY_PATH: /opt/hostedtoolcache/Python/3.12.14/x64/lib
scan (0)	UNKNOWN STEP	2026-10-01T12:27:23.6838625Z ##[endgroup]
scan (0)	UNKNOWN STEP	2026-10-01T12:27:23.8509727Z (node:2437) [DEP0040] DeprecationWarning: The `punycode` module is deprecated. Please use a userland alternative instead.
scan (0)	UNKNOWN STEP	2026-10-01T12:27:23.8510708Z (Use `node --trace-deprecation ...` to show where the warning was created)
scan (0)	UNKNOWN STEP	2026-10-01T12:27:23.8567003Z With the provided path, there will be 2 files uploaded
scan (0)	UNKNOWN STEP	2026-10-01T12:27:23.8572835Z Artifact name is valid!
scan (0)	UNKNOWN STEP	2026-10-01T12:27:23.8573953Z Root directory input is valid!
scan (0)	UNKNOWN STEP	2026-10-01T12:27:24.0837211Z Beginning upload of artifact content to blob storage
scan (0)	UNKNOWN STEP	2026-10-01T12:27:24.1093276Z (node:2437) [DEP0169] DeprecationWarning: `url.parse()` behavior is not standardized and prone to errors that have security implications. Use the WHATWG URL API instead. CVEs are not issued for `url.parse()` vulnerabilities.
scan (0)	UNKNOWN STEP	2026-10-01T12:27:24.2059684Z Uploaded bytes 385593
scan (0)	UNKNOWN STEP	2026-10-01T12:27:24.2243777Z Finished uploading artifact content to blob storage!
scan (0)	UNKNOWN STEP	2026-10-01T12:27:24.2245050Z SHA256 digest of uploaded artifact zip is 7b98e9295330a3f1a1ef840bcfec90203483d2d0f2fea3cc00a8252359c16591
scan (0)	UNKNOWN STEP	2026-10-01T12:27:24.2246919Z Finalizing artifact upload
scan (0)	UNKNOWN STEP	2026-10-01T12:27:24.4378439Z Artifact day-edge-v2-canonical-0.zip successfully finalized. Artifact ID 11161734271
scan (0)	UNKNOWN STEP	2026-10-01T12:27:24.4379922Z Artifact day-edge-v2-canonical-0 has been successfully uploaded! Final size is 385593 bytes. Artifact ID is 11161734271
scan (0)	UNKNOWN STEP	2026-10-01T12:27:24.4386391Z Artifact download URL: https://github.com/duuu-hub/bb-scanner/actions/runs/36861359640/artifacts/11161734271
scan (0)	UNKNOWN STEP	2026-10-01T12:27:24.4579688Z Post job cleanup.
scan (0)	UNKNOWN STEP	2026-10-01T12:27:24.5658626Z (node:2452) [DEP0040] DeprecationWarning: The `punycode` module is deprecated. Please use a userland alternative instead.
scan (0)	UNKNOWN STEP	2026-10-01T12:27:24.5660404Z (Use `node --trace-deprecation ...` to show where the warning was created)
scan (0)	UNKNOWN STEP	2026-10-01T12:27:24.5851606Z [command]/usr/bin/tar --posix -cf cache.tzst --exclude cache.tzst -P -C /home/runner/work/bb-scanner/bb-scanner --files-from manifest.txt --use-compress-program zstdmt
scan (0)	UNKNOWN STEP	2026-10-01T12:27:24.8900370Z (node:2452) [DEP0169] DeprecationWarning: `url.parse()` behavior is not standardized and prone to errors that have security implications. Use the WHATWG URL API instead. CVEs are not issued for `url.parse()` vulnerabilities.
scan (0)	UNKNOWN STEP	2026-10-01T12:27:25.8680021Z Sent 58959691 of 58959691 (100.0%), 57.0 MBs/sec
scan (0)	UNKNOWN STEP	2026-10-01T12:27:25.9950329Z Cache saved with key: day-edge-canon-v2-source-36095439671-shard-0
scan (0)	UNKNOWN STEP	2026-10-01T12:27:26.0128164Z Post job cleanup.
scan (0)	UNKNOWN STEP	2026-10-01T12:27:26.1380497Z (node:2472) [DEP0040] DeprecationWarning: The `punycode` module is deprecated. Please use a userland alternative instead.
scan (0)	UNKNOWN STEP	2026-10-01T12:27:26.1381981Z (Use `node --trace-deprecation ...` to show where the warning was created)
scan (0)	UNKNOWN STEP	2026-10-01T12:27:26.1581541Z Post job cleanup.
scan (0)	UNKNOWN STEP	2026-10-01T12:27:26.2512995Z [command]/usr/bin/git version
scan (0)	UNKNOWN STEP	2026-10-01T12:27:26.2560574Z git version 2.55.0
scan (0)	UNKNOWN STEP	2026-10-01T12:27:26.2600530Z Temporarily overriding HOME='/home/runner/work/_temp/52bb8d81-a14c-4a5c-97fb-8e5f77f93533' before making global git config changes
scan (0)	UNKNOWN STEP	2026-10-01T12:27:26.2601856Z Adding repository directory to the temporary git global config as a safe directory
scan (0)	UNKNOWN STEP	2026-10-01T12:27:26.2607987Z [command]/usr/bin/git config --global --add safe.directory /home/runner/work/bb-scanner/bb-scanner
scan (0)	UNKNOWN STEP	2026-10-01T12:27:26.2651689Z [command]/usr/bin/git config --local --name-only --get-regexp core\.sshCommand
scan (0)	UNKNOWN STEP	2026-10-01T12:27:26.2715247Z [command]/usr/bin/git submodule foreach --recursive sh -c "git config --local --name-only --get-regexp 'core\.sshCommand' && git config --local --unset-all 'core.sshCommand' || :"
scan (0)	UNKNOWN STEP	2026-10-01T12:27:26.2985770Z [command]/usr/bin/git config --local --name-only --get-regexp http\.https\:\/\/github\.com\/\.extraheader
scan (0)	UNKNOWN STEP	2026-10-01T12:27:26.3017969Z http.https://github.com/.extraheader
scan (0)	UNKNOWN STEP	2026-10-01T12:27:26.3029599Z [command]/usr/bin/git config --local --unset-all http.https://github.com/.extraheader
scan (0)	UNKNOWN STEP	2026-10-01T12:27:26.3066735Z [command]/usr/bin/git submodule foreach --recursive sh -c "git config --local --name-only --get-regexp 'http\.https\:\/\/github\.com\/\.extraheader' && git config --local --unset-all 'http.https://github.com/.extraheader' || :"
scan (0)	UNKNOWN STEP	2026-10-01T12:27:26.3353316Z [command]/usr/bin/git config --local --name-only --get-regexp ^includeIf\.gitdir:
scan (0)	UNKNOWN STEP	2026-10-01T12:27:26.3397348Z [command]/usr/bin/git submodule foreach --recursive git config --local --show-origin --name-only --get-regexp remote.origin.url
scan (0)	UNKNOWN STEP	2026-10-01T12:27:26.3824427Z Cleaning up orphan processes
scan (0)	UNKNOWN STEP	2026-10-01T12:27:26.4227067Z ##[warning]Node.js 20 is deprecated. The following actions target Node.js 20 but are being forced to run on Node.js 24: actions/cache@v4, actions/checkout@v4, actions/download-artifact@v4, actions/setup-python@v5, actions/upload-artifact@v4. For more information see: https://github.blog/changelog/2025-09-19-deprecation-of-node-20-on-github-actions-runners/
scan (5)	UNKNOWN STEP	﻿2026-10-01T12:23:24.8001750Z Current runner version: '2.337.0'
scan (5)	UNKNOWN STEP	2026-10-01T12:23:24.8021180Z ##[group]Runner Image Provisioner
scan (5)	UNKNOWN STEP	2026-10-01T12:23:24.8022028Z Hosted Compute Agent
scan (5)	UNKNOWN STEP	2026-10-01T12:23:24.8022512Z Version: 20260901.588
scan (5)	UNKNOWN STEP	2026-10-01T12:23:24.8023012Z Commit: f88ec8081b781fac6c440065ac7ff9e710ce3d0b
scan (5)	UNKNOWN STEP	2026-10-01T12:23:24.8023686Z Build Date: 2026-09-01T19:56:44Z
scan (5)	UNKNOWN STEP	2026-10-01T12:23:24.8024234Z Worker ID: {8b11bd22-889f-4bde-b8af-ee38bc3d80d6}
scan (5)	UNKNOWN STEP	2026-10-01T12:23:24.8024816Z Azure Region: centralus
scan (5)	UNKNOWN STEP	2026-10-01T12:23:24.8025315Z ##[endgroup]
scan (5)	UNKNOWN STEP	2026-10-01T12:23:24.8026396Z ##[group]Operating System
scan (5)	UNKNOWN STEP	2026-10-01T12:23:24.8026893Z Ubuntu
scan (5)	UNKNOWN STEP	2026-10-01T12:23:24.8027318Z 24.04.5
scan (5)	UNKNOWN STEP	2026-10-01T12:23:24.8027731Z LTS
scan (5)	UNKNOWN STEP	2026-10-01T12:23:24.8028171Z ##[endgroup]
scan (5)	UNKNOWN STEP	2026-10-01T12:23:24.8028668Z ##[group]Runner Image
scan (5)	UNKNOWN STEP	2026-10-01T12:23:24.8029461Z Image: ubuntu-24.04
scan (5)	UNKNOWN STEP	2026-10-01T12:23:24.8030035Z Version: 20260927.320.1
scan (5)	UNKNOWN STEP	2026-10-01T12:23:24.8031325Z Included Software: https://github.com/actions/runner-images/blob/ubuntu24/20260927.320/images/ubuntu/Ubuntu2404-Readme.md
scan (5)	UNKNOWN STEP	2026-10-01T12:23:24.8032620Z Image Release: https://github.com/actions/runner-images/releases/tag/ubuntu24%2F20260927.320
scan (5)	UNKNOWN STEP	2026-10-01T12:23:24.8033376Z ##[endgroup]
scan (5)	UNKNOWN STEP	2026-10-01T12:23:24.8034366Z ##[group]GITHUB_TOKEN Permissions
scan (5)	UNKNOWN STEP	2026-10-01T12:23:24.8036373Z Actions: read
scan (5)	UNKNOWN STEP	2026-10-01T12:23:24.8036855Z Contents: read
scan (5)	UNKNOWN STEP	2026-10-01T12:23:24.8037322Z Metadata: read
scan (5)	UNKNOWN STEP	2026-10-01T12:23:24.8037789Z ##[endgroup]
scan (5)	UNKNOWN STEP	2026-10-01T12:23:24.8039587Z Secret source: Actions
scan (5)	UNKNOWN STEP	2026-10-01T12:23:24.8040359Z Cache mode: write
scan (5)	UNKNOWN STEP	2026-10-01T12:23:24.8041161Z Prepare workflow directory
scan (5)	UNKNOWN STEP	2026-10-01T12:23:24.8289986Z Prepare all required actions
scan (5)	UNKNOWN STEP	2026-10-01T12:23:24.8328726Z Getting action download info
scan (5)	UNKNOWN STEP	2026-10-01T12:23:25.1063822Z Download action repository 'actions/checkout@v4' (SHA:11d5960a326750d5838078e36cf38b85af677262)
scan (5)	UNKNOWN STEP	2026-10-01T12:23:25.2616062Z Download action repository 'actions/setup-python@v5' (SHA:a26af69be951a213d495a4c3e4e4022e16d87065)
scan (5)	UNKNOWN STEP	2026-10-01T12:23:25.5923684Z Download action repository 'actions/cache@v4' (SHA:0057852bfaa89a56745cba8c7296529d2fc39830)
scan (5)	UNKNOWN STEP	2026-10-01T12:23:25.7747335Z Download action repository 'actions/download-artifact@v4' (SHA:d3f86a106a0bac45b974a628896c90dbdf5c8093)
scan (5)	UNKNOWN STEP	2026-10-01T12:23:26.2621781Z Download action repository 'actions/upload-artifact@v4' (SHA:ea165f8d65b6e75b540449e92b4886f43607fa02)
scan (5)	UNKNOWN STEP	2026-10-01T12:23:26.6046532Z Complete job name: scan (5)
scan (5)	UNKNOWN STEP	2026-10-01T12:23:26.6577745Z ##[group]Run actions/checkout@v4
scan (5)	UNKNOWN STEP	2026-10-01T12:23:26.6578402Z with:
scan (5)	UNKNOWN STEP	2026-10-01T12:23:26.6578886Z   repository: duuu-hub/bb-scanner
scan (5)	UNKNOWN STEP	2026-10-01T12:23:26.6582031Z   token: ***
scan (5)	UNKNOWN STEP	2026-10-01T12:23:26.6582436Z   ssh-strict: true
scan (5)	UNKNOWN STEP	2026-10-01T12:23:26.6582885Z   ssh-user: git
scan (5)	UNKNOWN STEP	2026-10-01T12:23:26.6583305Z   persist-credentials: true
scan (5)	UNKNOWN STEP	2026-10-01T12:23:26.6583750Z   clean: true
scan (5)	UNKNOWN STEP	2026-10-01T12:23:26.6584248Z   sparse-checkout-cone-mode: true
scan (5)	UNKNOWN STEP	2026-10-01T12:23:26.6584718Z   fetch-depth: 1
scan (5)	UNKNOWN STEP	2026-10-01T12:23:26.6585147Z   fetch-tags: false
scan (5)	UNKNOWN STEP	2026-10-01T12:23:26.6585568Z   show-progress: true
scan (5)	UNKNOWN STEP	2026-10-01T12:23:26.6585986Z   lfs: false
scan (5)	UNKNOWN STEP	2026-10-01T12:23:26.6586446Z   submodules: false
scan (5)	UNKNOWN STEP	2026-10-01T12:23:26.6586902Z   set-safe-directory: true
scan (5)	UNKNOWN STEP	2026-10-01T12:23:26.6587377Z   allow-unsafe-pr-checkout: false
scan (5)	UNKNOWN STEP	2026-10-01T12:23:26.6588061Z ##[endgroup]
scan (5)	UNKNOWN STEP	2026-10-01T12:23:26.7370253Z Syncing repository: duuu-hub/bb-scanner
scan (5)	UNKNOWN STEP	2026-10-01T12:23:26.7372655Z ##[group]Getting Git version info
scan (5)	UNKNOWN STEP	2026-10-01T12:23:26.7373790Z Working directory is '/home/runner/work/bb-scanner/bb-scanner'
scan (5)	UNKNOWN STEP	2026-10-01T12:23:26.7375004Z [command]/usr/bin/git version
scan (5)	UNKNOWN STEP	2026-10-01T12:23:26.7514219Z git version 2.55.0
scan (5)	UNKNOWN STEP	2026-10-01T12:23:26.7528656Z ##[endgroup]
scan (5)	UNKNOWN STEP	2026-10-01T12:23:26.7540070Z Temporarily overriding HOME='/home/runner/work/_temp/c255b9de-762b-443a-a2bc-5c492f79cdeb' before making global git config changes
scan (5)	UNKNOWN STEP	2026-10-01T12:23:26.7541758Z Adding repository directory to the temporary git global config as a safe directory
scan (5)	UNKNOWN STEP	2026-10-01T12:23:26.7544050Z [command]/usr/bin/git config --global --add safe.directory /home/runner/work/bb-scanner/bb-scanner
scan (5)	UNKNOWN STEP	2026-10-01T12:23:26.8187274Z Deleting the contents of '/home/runner/work/bb-scanner/bb-scanner'
scan (5)	UNKNOWN STEP	2026-10-01T12:23:26.8191259Z ##[group]Initializing the repository
scan (5)	UNKNOWN STEP	2026-10-01T12:23:26.8195435Z [command]/usr/bin/git init /home/runner/work/bb-scanner/bb-scanner
scan (5)	UNKNOWN STEP	2026-10-01T12:23:26.8354008Z hint: Using 'master' as the name for the initial branch. This default branch name
scan (5)	UNKNOWN STEP	2026-10-01T12:23:26.8355359Z hint: will change to "main" in Git 3.0. To configure the initial branch name
scan (5)	UNKNOWN STEP	2026-10-01T12:23:26.8356464Z hint: to use in all of your new repositories, which will suppress this warning,
scan (5)	UNKNOWN STEP	2026-10-01T12:23:26.8357409Z hint: call:
scan (5)	UNKNOWN STEP	2026-10-01T12:23:26.8357945Z hint:
scan (5)	UNKNOWN STEP	2026-10-01T12:23:26.8358632Z hint: 	git config --global init.defaultBranch <name>
scan (5)	UNKNOWN STEP	2026-10-01T12:23:26.8359429Z hint:
scan (5)	UNKNOWN STEP	2026-10-01T12:23:26.8360154Z hint: Names commonly chosen instead of 'master' are 'main', 'trunk' and
scan (5)	UNKNOWN STEP	2026-10-01T12:23:26.8361462Z hint: 'development'. The just-created branch can be renamed via this command:
scan (5)	UNKNOWN STEP	2026-10-01T12:23:26.8362323Z hint:
scan (5)	UNKNOWN STEP	2026-10-01T12:23:26.8362916Z hint: 	git branch -m <name>
scan (5)	UNKNOWN STEP	2026-10-01T12:23:26.8363547Z hint:
scan (5)	UNKNOWN STEP	2026-10-01T12:23:26.8364329Z hint: Disable this message with "git config set advice.defaultBranchName false"
scan (5)	UNKNOWN STEP	2026-10-01T12:23:26.8368270Z Initialized empty Git repository in /home/runner/work/bb-scanner/bb-scanner/.git/
scan (5)	UNKNOWN STEP	2026-10-01T12:23:26.8378136Z [command]/usr/bin/git remote add origin https://github.com/duuu-hub/bb-scanner
scan (5)	UNKNOWN STEP	2026-10-01T12:23:26.8422391Z ##[endgroup]
scan (5)	UNKNOWN STEP	2026-10-01T12:23:26.8423564Z ##[group]Disabling automatic garbage collection
scan (5)	UNKNOWN STEP	2026-10-01T12:23:26.8424619Z [command]/usr/bin/git config --local gc.auto 0
scan (5)	UNKNOWN STEP	2026-10-01T12:23:26.8452021Z ##[endgroup]
scan (5)	UNKNOWN STEP	2026-10-01T12:23:26.8453273Z ##[group]Setting up auth
scan (5)	UNKNOWN STEP	2026-10-01T12:23:26.8457313Z [command]/usr/bin/git config --local --name-only --get-regexp core\.sshCommand
scan (5)	UNKNOWN STEP	2026-10-01T12:23:26.8481719Z [command]/usr/bin/git submodule foreach --recursive sh -c "git config --local --name-only --get-regexp 'core\.sshCommand' && git config --local --unset-all 'core.sshCommand' || :"
scan (5)	UNKNOWN STEP	2026-10-01T12:23:26.9065318Z [command]/usr/bin/git config --local --name-only --get-regexp http\.https\:\/\/github\.com\/\.extraheader
scan (5)	UNKNOWN STEP	2026-10-01T12:23:26.9091542Z [command]/usr/bin/git submodule foreach --recursive sh -c "git config --local --name-only --get-regexp 'http\.https\:\/\/github\.com\/\.extraheader' && git config --local --unset-all 'http.https://github.com/.extraheader' || :"
scan (5)	UNKNOWN STEP	2026-10-01T12:23:26.9239129Z [command]/usr/bin/git config --local --name-only --get-regexp ^includeIf\.gitdir:
scan (5)	UNKNOWN STEP	2026-10-01T12:23:26.9262166Z [command]/usr/bin/git submodule foreach --recursive git config --local --show-origin --name-only --get-regexp remote.origin.url
scan (5)	UNKNOWN STEP	2026-10-01T12:23:26.9412628Z [command]/usr/bin/git config --local http.https://github.com/.extraheader AUTHORIZATION: basic ***
scan (5)	UNKNOWN STEP	2026-10-01T12:23:26.9443879Z ##[endgroup]
scan (5)	UNKNOWN STEP	2026-10-01T12:23:26.9444845Z ##[group]Fetching the repository
scan (5)	UNKNOWN STEP	2026-10-01T12:23:26.9452425Z [command]/usr/bin/git -c protocol.version=2 fetch --no-tags --prune --no-recurse-submodules --depth=1 origin +c1596c883844a41df385784e2f583b96f43e349e:refs/remotes/origin/research-day-edge-lab-v2
scan (5)	UNKNOWN STEP	2026-10-01T12:23:28.2628426Z From https://github.com/duuu-hub/bb-scanner
scan (5)	UNKNOWN STEP	2026-10-01T12:23:28.2631249Z  * [new ref]         c1596c883844a41df385784e2f583b96f43e349e -> origin/research-day-edge-lab-v2
scan (5)	UNKNOWN STEP	2026-10-01T12:23:28.2635883Z ##[endgroup]
scan (5)	UNKNOWN STEP	2026-10-01T12:23:28.2637473Z ##[group]Determining the checkout info
scan (5)	UNKNOWN STEP	2026-10-01T12:23:28.2639360Z ##[endgroup]
scan (5)	UNKNOWN STEP	2026-10-01T12:23:28.2640750Z [command]/usr/bin/git sparse-checkout disable
scan (5)	UNKNOWN STEP	2026-10-01T12:23:28.2686733Z [command]/usr/bin/git config --local --unset-all extensions.worktreeConfig
scan (5)	UNKNOWN STEP	2026-10-01T12:23:28.2714926Z ##[group]Checking out the ref
scan (5)	UNKNOWN STEP	2026-10-01T12:23:28.2718610Z [command]/usr/bin/git checkout --progress --force -B research-day-edge-lab-v2 refs/remotes/origin/research-day-edge-lab-v2
scan (5)	UNKNOWN STEP	2026-10-01T12:23:28.4377508Z Switched to a new branch 'research-day-edge-lab-v2'
scan (5)	UNKNOWN STEP	2026-10-01T12:23:28.4380894Z branch 'research-day-edge-lab-v2' set up to track 'origin/research-day-edge-lab-v2'.
scan (5)	UNKNOWN STEP	2026-10-01T12:23:28.4384569Z ##[endgroup]
scan (5)	UNKNOWN STEP	2026-10-01T12:23:28.4420167Z [command]/usr/bin/git log -1 --format=%H
scan (5)	UNKNOWN STEP	2026-10-01T12:23:28.4438838Z c1596c883844a41df385784e2f583b96f43e349e
scan (5)	UNKNOWN STEP	2026-10-01T12:23:28.4734638Z ##[group]Run actions/setup-python@v5
scan (5)	UNKNOWN STEP	2026-10-01T12:23:28.4735722Z with:
scan (5)	UNKNOWN STEP	2026-10-01T12:23:28.4736413Z   python-version: 3.12
scan (5)	UNKNOWN STEP	2026-10-01T12:23:28.4737244Z   check-latest: false
scan (5)	UNKNOWN STEP	2026-10-01T12:23:28.4744175Z   token: ***
scan (5)	UNKNOWN STEP	2026-10-01T12:23:28.4744952Z   update-environment: true
scan (5)	UNKNOWN STEP	2026-10-01T12:23:28.4745805Z   allow-prereleases: false
scan (5)	UNKNOWN STEP	2026-10-01T12:23:28.4746630Z   freethreaded: false
scan (5)	UNKNOWN STEP	2026-10-01T12:23:28.4747388Z ##[endgroup]
scan (5)	UNKNOWN STEP	2026-10-01T12:23:28.5729221Z ##[group]Installed versions
scan (5)	UNKNOWN STEP	2026-10-01T12:23:28.7322832Z (node:2095) [DEP0040] DeprecationWarning: The `punycode` module is deprecated. Please use a userland alternative instead.
scan (5)	UNKNOWN STEP	2026-10-01T12:23:28.7325398Z (Use `node --trace-deprecation ...` to show where the warning was created)
scan (5)	UNKNOWN STEP	2026-10-01T12:23:28.7326956Z Successfully set up CPython (3.12.14)
scan (5)	UNKNOWN STEP	2026-10-01T12:23:28.7328871Z ##[endgroup]
scan (5)	UNKNOWN STEP	2026-10-01T12:23:28.7475153Z ##[group]Run pip install pandas==2.3.3 numpy==2.3.3
scan (5)	UNKNOWN STEP	2026-10-01T12:23:28.7476432Z ^[[36;1mpip install pandas==2.3.3 numpy==2.3.3^[[0m
scan (5)	UNKNOWN STEP	2026-10-01T12:23:28.7708021Z shell: /usr/bin/bash -e {0}
scan (5)	UNKNOWN STEP	2026-10-01T12:23:28.7708895Z env:
scan (5)	UNKNOWN STEP	2026-10-01T12:23:28.7709779Z   pythonLocation: /opt/hostedtoolcache/Python/3.12.14/x64
scan (5)	UNKNOWN STEP	2026-10-01T12:23:28.7711375Z   PKG_CONFIG_PATH: /opt/hostedtoolcache/Python/3.12.14/x64/lib/pkgconfig
scan (5)	UNKNOWN STEP	2026-10-01T12:23:28.7712723Z   Python_ROOT_DIR: /opt/hostedtoolcache/Python/3.12.14/x64
scan (5)	UNKNOWN STEP	2026-10-01T12:23:28.7713962Z   Python2_ROOT_DIR: /opt/hostedtoolcache/Python/3.12.14/x64
scan (5)	UNKNOWN STEP	2026-10-01T12:23:28.7715178Z   Python3_ROOT_DIR: /opt/hostedtoolcache/Python/3.12.14/x64
scan (5)	UNKNOWN STEP	2026-10-01T12:23:28.7716412Z   LD_LIBRARY_PATH: /opt/hostedtoolcache/Python/3.12.14/x64/lib
scan (5)	UNKNOWN STEP	2026-10-01T12:23:28.7717486Z ##[endgroup]
scan (5)	UNKNOWN STEP	2026-10-01T12:23:30.2792735Z Collecting pandas==2.3.3
scan (5)	UNKNOWN STEP	2026-10-01T12:23:30.3537531Z   Downloading pandas-2.3.3-cp312-cp312-manylinux_2_24_x86_64.manylinux_2_28_x86_64.whl.metadata (91 kB)
scan (5)	UNKNOWN STEP	2026-10-01T12:23:30.5461695Z Collecting numpy==2.3.3
scan (5)	UNKNOWN STEP	2026-10-01T12:23:30.5587999Z   Downloading numpy-2.3.3-cp312-cp312-manylinux_2_27_x86_64.manylinux_2_28_x86_64.whl.metadata (62 kB)
scan (5)	UNKNOWN STEP	2026-10-01T12:23:30.6339004Z Collecting python-dateutil>=2.8.2 (from pandas==2.3.3)
scan (5)	UNKNOWN STEP	2026-10-01T12:23:30.6459701Z   Downloading python_dateutil-2.9.0.post0-py2.py3-none-any.whl.metadata (8.4 kB)
scan (5)	UNKNOWN STEP	2026-10-01T12:23:30.8455964Z Collecting pytz>=2020.1 (from pandas==2.3.3)
scan (5)	UNKNOWN STEP	2026-10-01T12:23:30.8580385Z   Downloading pytz-2026.4-py2.py3-none-any.whl.metadata (22 kB)
scan (5)	UNKNOWN STEP	2026-10-01T12:23:30.8958885Z Collecting tzdata>=2022.7 (from pandas==2.3.3)
scan (5)	UNKNOWN STEP	2026-10-01T12:23:30.9079677Z   Downloading tzdata-2026.4-py2.py3-none-any.whl.metadata (1.4 kB)
scan (5)	UNKNOWN STEP	2026-10-01T12:23:31.0513334Z Collecting six>=1.5 (from python-dateutil>=2.8.2->pandas==2.3.3)
scan (5)	UNKNOWN STEP	2026-10-01T12:23:31.0635964Z   Downloading six-1.17.0-py2.py3-none-any.whl.metadata (1.7 kB)
scan (5)	UNKNOWN STEP	2026-10-01T12:23:31.0790508Z Downloading pandas-2.3.3-cp312-cp312-manylinux_2_24_x86_64.manylinux_2_28_x86_64.whl (12.4 MB)
scan (5)	UNKNOWN STEP	2026-10-01T12:23:31.3509437Z    ━━━━━━━━━━━━━━━━━━━━━━━━━━━━━━━━━━━━━━━━ 12.4/12.4 MB 49.1 MB/s  0:00:00
scan (5)	UNKNOWN STEP	2026-10-01T12:23:31.3644302Z Downloading numpy-2.3.3-cp312-cp312-manylinux_2_27_x86_64.manylinux_2_28_x86_64.whl (16.6 MB)
scan (5)	UNKNOWN STEP	2026-10-01T12:23:31.5570389Z    ━━━━━━━━━━━━━━━━━━━━━━━━━━━━━━━━━━━━━━━━ 16.6/16.6 MB 85.8 MB/s  0:00:00
scan (5)	UNKNOWN STEP	2026-10-01T12:23:31.5698570Z Downloading python_dateutil-2.9.0.post0-py2.py3-none-any.whl (229 kB)
scan (5)	UNKNOWN STEP	2026-10-01T12:23:31.5848381Z Downloading pytz-2026.4-py2.py3-none-any.whl (506 kB)
scan (5)	UNKNOWN STEP	2026-10-01T12:23:31.5999340Z Downloading six-1.17.0-py2.py3-none-any.whl (11 kB)
scan (5)	UNKNOWN STEP	2026-10-01T12:23:31.7080388Z Downloading tzdata-2026.4-py2.py3-none-any.whl (347 kB)
scan (5)	UNKNOWN STEP	2026-10-01T12:23:31.9730032Z Installing collected packages: pytz, tzdata, six, numpy, python-dateutil, pandas
scan (5)	UNKNOWN STEP	2026-10-01T12:23:36.4659197Z 
scan (5)	UNKNOWN STEP	2026-10-01T12:23:36.4669277Z Successfully installed numpy-2.3.3 pandas-2.3.3 python-dateutil-2.9.0.post0 pytz-2026.4 six-1.17.0 tzdata-2026.4
scan (5)	UNKNOWN STEP	2026-10-01T12:23:36.5358148Z ##[group]Run actions/cache@v4
scan (5)	UNKNOWN STEP	2026-10-01T12:23:36.5358409Z with:
scan (5)	UNKNOWN STEP	2026-10-01T12:23:36.5358765Z   path: cache/1m
scan (5)	UNKNOWN STEP	2026-10-01T12:23:36.5359045Z   key: day-edge-canon-v2-source-36095439671-shard-5
scan (5)	UNKNOWN STEP	2026-10-01T12:23:36.5359347Z   enableCrossOsArchive: false
scan (5)	UNKNOWN STEP	2026-10-01T12:23:36.5359596Z   fail-on-cache-miss: false
scan (5)	UNKNOWN STEP	2026-10-01T12:23:36.5359850Z   lookup-only: false
scan (5)	UNKNOWN STEP	2026-10-01T12:23:36.5360085Z   save-always: false
scan (5)	UNKNOWN STEP	2026-10-01T12:23:36.5360318Z env:
scan (5)	UNKNOWN STEP	2026-10-01T12:23:36.5360842Z   pythonLocation: /opt/hostedtoolcache/Python/3.12.14/x64
scan (5)	UNKNOWN STEP	2026-10-01T12:23:36.5361230Z   PKG_CONFIG_PATH: /opt/hostedtoolcache/Python/3.12.14/x64/lib/pkgconfig
scan (5)	UNKNOWN STEP	2026-10-01T12:23:36.5361601Z   Python_ROOT_DIR: /opt/hostedtoolcache/Python/3.12.14/x64
scan (5)	UNKNOWN STEP	2026-10-01T12:23:36.5361951Z   Python2_ROOT_DIR: /opt/hostedtoolcache/Python/3.12.14/x64
scan (5)	UNKNOWN STEP	2026-10-01T12:23:36.5362287Z   Python3_ROOT_DIR: /opt/hostedtoolcache/Python/3.12.14/x64
scan (5)	UNKNOWN STEP	2026-10-01T12:23:36.5362619Z   LD_LIBRARY_PATH: /opt/hostedtoolcache/Python/3.12.14/x64/lib
scan (5)	UNKNOWN STEP	2026-10-01T12:23:36.5363003Z ##[endgroup]
scan (5)	UNKNOWN STEP	2026-10-01T12:23:36.6119836Z (node:2130) [DEP0040] DeprecationWarning: The `punycode` module is deprecated. Please use a userland alternative instead.
scan (5)	UNKNOWN STEP	2026-10-01T12:23:36.6120479Z (Use `node --trace-deprecation ...` to show where the warning was created)
scan (5)	UNKNOWN STEP	2026-10-01T12:23:36.8023035Z Cache not found for input keys: day-edge-canon-v2-source-36095439671-shard-5
scan (5)	UNKNOWN STEP	2026-10-01T12:23:36.8088354Z ##[group]Run gh run download 36095439671 -R duuu-hub/bb-scanner -n rank5-binance-um-15m-5y-data-shard-5 -D data
scan (5)	UNKNOWN STEP	2026-10-01T12:23:36.8088972Z ^[[36;1mgh run download 36095439671 -R duuu-hub/bb-scanner -n rank5-binance-um-15m-5y-data-shard-5 -D data^[[0m
scan (5)	UNKNOWN STEP	2026-10-01T12:23:36.8089527Z ^[[36;1mgh run download 36858492497 -R duuu-hub/bb-scanner -n day-edge-v2-btc -D btc^[[0m
scan (5)	UNKNOWN STEP	2026-10-01T12:23:36.8124113Z shell: /usr/bin/bash -e {0}
scan (5)	UNKNOWN STEP	2026-10-01T12:23:36.8124400Z env:
scan (5)	UNKNOWN STEP	2026-10-01T12:23:36.8124677Z   pythonLocation: /opt/hostedtoolcache/Python/3.12.14/x64
scan (5)	UNKNOWN STEP	2026-10-01T12:23:36.8125099Z   PKG_CONFIG_PATH: /opt/hostedtoolcache/Python/3.12.14/x64/lib/pkgconfig
scan (5)	UNKNOWN STEP	2026-10-01T12:23:36.8125466Z   Python_ROOT_DIR: /opt/hostedtoolcache/Python/3.12.14/x64
scan (5)	UNKNOWN STEP	2026-10-01T12:23:36.8125834Z   Python2_ROOT_DIR: /opt/hostedtoolcache/Python/3.12.14/x64
scan (5)	UNKNOWN STEP	2026-10-01T12:23:36.8126193Z   Python3_ROOT_DIR: /opt/hostedtoolcache/Python/3.12.14/x64
scan (5)	UNKNOWN STEP	2026-10-01T12:23:36.8126616Z   LD_LIBRARY_PATH: /opt/hostedtoolcache/Python/3.12.14/x64/lib
scan (5)	UNKNOWN STEP	2026-10-01T12:23:36.8128523Z   GH_TOKEN: ***
scan (5)	UNKNOWN STEP	2026-10-01T12:23:36.8128738Z ##[endgroup]
scan (5)	UNKNOWN STEP	2026-10-01T12:23:50.9159697Z ##[group]Run actions/download-artifact@v4
scan (5)	UNKNOWN STEP	2026-10-01T12:23:50.9160035Z with:
scan (5)	UNKNOWN STEP	2026-10-01T12:23:50.9160300Z   name: day-edge-v2-frozen-selection
scan (5)	UNKNOWN STEP	2026-10-01T12:23:50.9160767Z   path: frozen-input
scan (5)	UNKNOWN STEP	2026-10-01T12:23:50.9161100Z   merge-multiple: false
scan (5)	UNKNOWN STEP	2026-10-01T12:23:50.9161404Z   repository: duuu-hub/bb-scanner
scan (5)	UNKNOWN STEP	2026-10-01T12:23:50.9161683Z   run-id: 36861359640
scan (5)	UNKNOWN STEP	2026-10-01T12:23:50.9161910Z env:
scan (5)	UNKNOWN STEP	2026-10-01T12:23:50.9162230Z   pythonLocation: /opt/hostedtoolcache/Python/3.12.14/x64
scan (5)	UNKNOWN STEP	2026-10-01T12:23:50.9162637Z   PKG_CONFIG_PATH: /opt/hostedtoolcache/Python/3.12.14/x64/lib/pkgconfig
scan (5)	UNKNOWN STEP	2026-10-01T12:23:50.9163050Z   Python_ROOT_DIR: /opt/hostedtoolcache/Python/3.12.14/x64
scan (5)	UNKNOWN STEP	2026-10-01T12:23:50.9163426Z   Python2_ROOT_DIR: /opt/hostedtoolcache/Python/3.12.14/x64
scan (5)	UNKNOWN STEP	2026-10-01T12:23:50.9163799Z   Python3_ROOT_DIR: /opt/hostedtoolcache/Python/3.12.14/x64
scan (5)	UNKNOWN STEP	2026-10-01T12:23:50.9164151Z   LD_LIBRARY_PATH: /opt/hostedtoolcache/Python/3.12.14/x64/lib
scan (5)	UNKNOWN STEP	2026-10-01T12:23:50.9164496Z ##[endgroup]
scan (5)	UNKNOWN STEP	2026-10-01T12:23:51.0267830Z Downloading single artifact
scan (5)	UNKNOWN STEP	2026-10-01T12:23:51.0378832Z (node:2159) [DEP0040] DeprecationWarning: The `punycode` module is deprecated. Please use a userland alternative instead.
scan (5)	UNKNOWN STEP	2026-10-01T12:23:51.0379680Z (Use `node --trace-deprecation ...` to show where the warning was created)
scan (5)	UNKNOWN STEP	2026-10-01T12:23:51.1982672Z Preparing to download the following artifacts:
scan (5)	UNKNOWN STEP	2026-10-01T12:23:51.1983331Z - day-edge-v2-frozen-selection (ID: 11160624466, Size: 3288, Expected Digest: sha256:f2f35defae027a62c91d1c9989afbad4b8709045c7a53bb3ed4fb4b7044ab788)
scan (5)	UNKNOWN STEP	2026-10-01T12:23:51.3951762Z Redirecting to blob download url: https://productionresultssa18.blob.core.windows.net/actions-results/34242db7-8627-8b8c-b3b8-0db014836193/workflow-job-run-d573c45a-a68e-57e4-939a-2465a68b3116/artifacts/a1ab5e558c97164c8c87a7cba61e1b7a4cc53e7c63ea3b99dbfd01b26ee4afb3.zip
scan (5)	UNKNOWN STEP	2026-10-01T12:23:51.3953746Z Starting download of artifact to: /home/runner/work/bb-scanner/bb-scanner/frozen-input
scan (5)	UNKNOWN STEP	2026-10-01T12:23:51.5765227Z (node:2159) [DEP0005] DeprecationWarning: Buffer() is deprecated due to security and usability issues. Please use the Buffer.alloc(), Buffer.allocUnsafe(), or Buffer.from() methods instead.
scan (5)	UNKNOWN STEP	2026-10-01T12:23:51.5816472Z SHA256 digest of downloaded artifact is f2f35defae027a62c91d1c9989afbad4b8709045c7a53bb3ed4fb4b7044ab788
scan (5)	UNKNOWN STEP	2026-10-01T12:23:51.5816960Z Artifact download completed successfully.
scan (5)	UNKNOWN STEP	2026-10-01T12:23:51.5817324Z Total of 1 artifact(s) downloaded
scan (5)	UNKNOWN STEP	2026-10-01T12:23:51.5820820Z Download artifact has finished successfully
scan (5)	UNKNOWN STEP	2026-10-01T12:23:51.5909802Z ##[group]Run python scripts/day_edge_canonical.py scan --data data --btc btc/BTCUSDT.csv.gz --selection frozen-input/selection.json --out canonical-5 --minute-cache cache/1m
scan (5)	UNKNOWN STEP	2026-10-01T12:23:51.5911398Z ^[[36;1mpython scripts/day_edge_canonical.py scan --data data --btc btc/BTCUSDT.csv.gz --selection frozen-input/selection.json --out canonical-5 --minute-cache cache/1m^[[0m
scan (5)	UNKNOWN STEP	2026-10-01T12:23:51.5958199Z shell: /usr/bin/bash -e {0}
scan (5)	UNKNOWN STEP	2026-10-01T12:23:51.5958489Z env:
scan (5)	UNKNOWN STEP	2026-10-01T12:23:51.5958815Z   pythonLocation: /opt/hostedtoolcache/Python/3.12.14/x64
scan (5)	UNKNOWN STEP	2026-10-01T12:23:51.5959224Z   PKG_CONFIG_PATH: /opt/hostedtoolcache/Python/3.12.14/x64/lib/pkgconfig
scan (5)	UNKNOWN STEP	2026-10-01T12:23:51.5959636Z   Python_ROOT_DIR: /opt/hostedtoolcache/Python/3.12.14/x64
scan (5)	UNKNOWN STEP	2026-10-01T12:23:51.5960008Z   Python2_ROOT_DIR: /opt/hostedtoolcache/Python/3.12.14/x64
scan (5)	UNKNOWN STEP	2026-10-01T12:23:51.5960349Z   Python3_ROOT_DIR: /opt/hostedtoolcache/Python/3.12.14/x64
scan (5)	UNKNOWN STEP	2026-10-01T12:23:51.5961068Z   LD_LIBRARY_PATH: /opt/hostedtoolcache/Python/3.12.14/x64/lib
scan (5)	UNKNOWN STEP	2026-10-01T12:23:51.5961446Z ##[endgroup]
scan (5)	UNKNOWN STEP	2026-10-01T12:25:32.2962901Z CANONICAL_SCAN 48 / 107 IDEXUSDT outcomes 7042
scan (5)	UNKNOWN STEP	2026-10-01T12:26:37.2566687Z CANONICAL_SCAN 80 / 107 RSRUSDT outcomes 10651
scan (5)	UNKNOWN STEP	2026-10-01T12:27:52.3766246Z CANONICAL_SCAN_DONE 15124
scan (5)	UNKNOWN STEP	2026-10-01T12:27:52.4389618Z ##[group]Run actions/upload-artifact@v4
scan (5)	UNKNOWN STEP	2026-10-01T12:27:52.4389959Z with:
scan (5)	UNKNOWN STEP	2026-10-01T12:27:52.4390279Z   name: day-edge-v2-canonical-5
scan (5)	UNKNOWN STEP	2026-10-01T12:27:52.4390777Z   path: canonical-5/
scan (5)	UNKNOWN STEP	2026-10-01T12:27:52.4391098Z   retention-days: 30
scan (5)	UNKNOWN STEP	2026-10-01T12:27:52.4391476Z   compression-level: 0
scan (5)	UNKNOWN STEP	2026-10-01T12:27:52.4391809Z   if-no-files-found: warn
scan (5)	UNKNOWN STEP	2026-10-01T12:27:52.4392118Z   overwrite: false
scan (5)	UNKNOWN STEP	2026-10-01T12:27:52.4392411Z   include-hidden-files: false
scan (5)	UNKNOWN STEP	2026-10-01T12:27:52.4392692Z env:
scan (5)	UNKNOWN STEP	2026-10-01T12:27:52.4393021Z   pythonLocation: /opt/hostedtoolcache/Python/3.12.14/x64
scan (5)	UNKNOWN STEP	2026-10-01T12:27:52.4393427Z   PKG_CONFIG_PATH: /opt/hostedtoolcache/Python/3.12.14/x64/lib/pkgconfig
scan (5)	UNKNOWN STEP	2026-10-01T12:27:52.4393920Z   Python_ROOT_DIR: /opt/hostedtoolcache/Python/3.12.14/x64
scan (5)	UNKNOWN STEP	2026-10-01T12:27:52.4394378Z   Python2_ROOT_DIR: /opt/hostedtoolcache/Python/3.12.14/x64
scan (5)	UNKNOWN STEP	2026-10-01T12:27:52.4394872Z   Python3_ROOT_DIR: /opt/hostedtoolcache/Python/3.12.14/x64
scan (5)	UNKNOWN STEP	2026-10-01T12:27:52.4395356Z   LD_LIBRARY_PATH: /opt/hostedtoolcache/Python/3.12.14/x64/lib
scan (5)	UNKNOWN STEP	2026-10-01T12:27:52.4395661Z ##[endgroup]
scan (5)	UNKNOWN STEP	2026-10-01T12:27:52.5616849Z (node:2249) [DEP0040] DeprecationWarning: The `punycode` module is deprecated. Please use a userland alternative instead.
scan (5)	UNKNOWN STEP	2026-10-01T12:27:52.5617647Z (Use `node --trace-deprecation ...` to show where the warning was created)
scan (5)	UNKNOWN STEP	2026-10-01T12:27:52.5702060Z With the provided path, there will be 2 files uploaded
scan (5)	UNKNOWN STEP	2026-10-01T12:27:52.5703219Z Artifact name is valid!
scan (5)	UNKNOWN STEP	2026-10-01T12:27:52.5703664Z Root directory input is valid!
scan (5)	UNKNOWN STEP	2026-10-01T12:27:52.8383066Z Beginning upload of artifact content to blob storage
scan (5)	UNKNOWN STEP	2026-10-01T12:27:52.8548926Z (node:2249) [DEP0169] DeprecationWarning: `url.parse()` behavior is not standardized and prone to errors that have security implications. Use the WHATWG URL API instead. CVEs are not issued for `url.parse()` vulnerabilities.
scan (5)	UNKNOWN STEP	2026-10-01T12:27:53.1409401Z Uploaded bytes 482288
scan (5)	UNKNOWN STEP	2026-10-01T12:27:53.1803666Z Finished uploading artifact content to blob storage!
scan (5)	UNKNOWN STEP	2026-10-01T12:27:53.1804513Z SHA256 digest of uploaded artifact zip is 1bc3a8963429522b2102bd48fe8400b7aed1d02ec0e66db77b1be4f86adb2dfb
scan (5)	UNKNOWN STEP	2026-10-01T12:27:53.1805296Z Finalizing artifact upload
scan (5)	UNKNOWN STEP	2026-10-01T12:27:53.3820292Z Artifact day-edge-v2-canonical-5.zip successfully finalized. Artifact ID 11162345008
scan (5)	UNKNOWN STEP	2026-10-01T12:27:53.3821303Z Artifact day-edge-v2-canonical-5 has been successfully uploaded! Final size is 482288 bytes. Artifact ID is 11162345008
scan (5)	UNKNOWN STEP	2026-10-01T12:27:53.3827888Z Artifact download URL: https://github.com/duuu-hub/bb-scanner/actions/runs/36861359640/artifacts/11162345008
scan (5)	UNKNOWN STEP	2026-10-01T12:27:53.3950013Z Post job cleanup.
scan (5)	UNKNOWN STEP	2026-10-01T12:27:53.4724032Z (node:2263) [DEP0040] DeprecationWarning: The `punycode` module is deprecated. Please use a userland alternative instead.
scan (5)	UNKNOWN STEP	2026-10-01T12:27:53.4724657Z (Use `node --trace-deprecation ...` to show where the warning was created)
scan (5)	UNKNOWN STEP	2026-10-01T12:27:53.4857124Z [command]/usr/bin/tar --posix -cf cache.tzst --exclude cache.tzst -P -C /home/runner/work/bb-scanner/bb-scanner --files-from manifest.txt --use-compress-program zstdmt
scan (5)	UNKNOWN STEP	2026-10-01T12:27:53.7359287Z (node:2263) [DEP0169] DeprecationWarning: `url.parse()` behavior is not standardized and prone to errors that have security implications. Use the WHATWG URL API instead. CVEs are not issued for `url.parse()` vulnerabilities.
scan (5)	UNKNOWN STEP	2026-10-01T12:27:54.7298703Z Sent 53739520 of 67319920 (79.8%), 51.3 MBs/sec
scan (5)	UNKNOWN STEP	2026-10-01T12:27:55.4047050Z Sent 67319920 of 67319920 (100.0%), 38.3 MBs/sec
scan (5)	UNKNOWN STEP	2026-10-01T12:27:55.4897270Z Cache saved with key: day-edge-canon-v2-source-36095439671-shard-5
scan (5)	UNKNOWN STEP	2026-10-01T12:27:55.4999770Z Post job cleanup.
scan (5)	UNKNOWN STEP	2026-10-01T12:27:55.5882204Z (node:2284) [DEP0040] DeprecationWarning: The `punycode` module is deprecated. Please use a userland alternative instead.
scan (5)	UNKNOWN STEP	2026-10-01T12:27:55.5883013Z (Use `node --trace-deprecation ...` to show where the warning was created)
scan (5)	UNKNOWN STEP	2026-10-01T12:27:55.6024020Z Post job cleanup.
scan (5)	UNKNOWN STEP	2026-10-01T12:27:55.6701352Z [command]/usr/bin/git version
scan (5)	UNKNOWN STEP	2026-10-01T12:27:55.6730908Z git version 2.55.0
scan (5)	UNKNOWN STEP	2026-10-01T12:27:55.6755765Z Temporarily overriding HOME='/home/runner/work/_temp/5a1bd7df-3364-419a-9fe0-3c1204b64bbc' before making global git config changes
scan (5)	UNKNOWN STEP	2026-10-01T12:27:55.6757178Z Adding repository directory to the temporary git global config as a safe directory
scan (5)	UNKNOWN STEP	2026-10-01T12:27:55.6759953Z [command]/usr/bin/git config --global --add safe.directory /home/runner/work/bb-scanner/bb-scanner
scan (5)	UNKNOWN STEP	2026-10-01T12:27:55.6792208Z [command]/usr/bin/git config --local --name-only --get-regexp core\.sshCommand
scan (5)	UNKNOWN STEP	2026-10-01T12:27:55.6825368Z [command]/usr/bin/git submodule foreach --recursive sh -c "git config --local --name-only --get-regexp 'core\.sshCommand' && git config --local --unset-all 'core.sshCommand' || :"
scan (5)	UNKNOWN STEP	2026-10-01T12:27:55.7030900Z [command]/usr/bin/git config --local --name-only --get-regexp http\.https\:\/\/github\.com\/\.extraheader
scan (5)	UNKNOWN STEP	2026-10-01T12:27:55.7054060Z http.https://github.com/.extraheader
scan (5)	UNKNOWN STEP	2026-10-01T12:27:55.7065196Z [command]/usr/bin/git config --local --unset-all http.https://github.com/.extraheader
scan (5)	UNKNOWN STEP	2026-10-01T12:27:55.7091291Z [command]/usr/bin/git submodule foreach --recursive sh -c "git config --local --name-only --get-regexp 'http\.https\:\/\/github\.com\/\.extraheader' && git config --local --unset-all 'http.https://github.com/.extraheader' || :"
scan (5)	UNKNOWN STEP	2026-10-01T12:27:55.7245291Z [command]/usr/bin/git config --local --name-only --get-regexp ^includeIf\.gitdir:
scan (5)	UNKNOWN STEP	2026-10-01T12:27:55.7272296Z [command]/usr/bin/git submodule foreach --recursive git config --local --show-origin --name-only --get-regexp remote.origin.url
scan (5)	UNKNOWN STEP	2026-10-01T12:27:55.7537803Z Cleaning up orphan processes
scan (5)	UNKNOWN STEP	2026-10-01T12:27:55.7740439Z ##[warning]Node.js 20 is deprecated. The following actions target Node.js 20 but are being forced to run on Node.js 24: actions/cache@v4, actions/checkout@v4, actions/download-artifact@v4, actions/setup-python@v5, actions/upload-artifact@v4. For more information see: https://github.blog/changelog/2025-09-19-deprecation-of-node-20-on-github-actions-runners/
scan (6)	UNKNOWN STEP	﻿2026-10-01T12:23:24.9033006Z Current runner version: '2.337.0'
scan (6)	UNKNOWN STEP	2026-10-01T12:23:24.9057172Z ##[group]Runner Image Provisioner
scan (6)	UNKNOWN STEP	2026-10-01T12:23:24.9058007Z Hosted Compute Agent
scan (6)	UNKNOWN STEP	2026-10-01T12:23:24.9058562Z Version: 20260828.587
scan (6)	UNKNOWN STEP	2026-10-01T12:23:24.9059215Z Commit: abac92662cab4cc7352de4f9f9d2e2419aad9c29
scan (6)	UNKNOWN STEP	2026-10-01T12:23:24.9060085Z Build Date: 2026-08-28T16:44:25Z
scan (6)	UNKNOWN STEP	2026-10-01T12:23:24.9060733Z Worker ID: {f84b0ce3-c792-42b4-bbd9-ecd732ff349d}
scan (6)	UNKNOWN STEP	2026-10-01T12:23:24.9061394Z Azure Region: westus3
scan (6)	UNKNOWN STEP	2026-10-01T12:23:24.9061912Z ##[endgroup]
scan (6)	UNKNOWN STEP	2026-10-01T12:23:24.9063450Z ##[group]Operating System
scan (6)	UNKNOWN STEP	2026-10-01T12:23:24.9064027Z Ubuntu
scan (6)	UNKNOWN STEP	2026-10-01T12:23:24.9064509Z 24.04.5
scan (6)	UNKNOWN STEP	2026-10-01T12:23:24.9065044Z LTS
scan (6)	UNKNOWN STEP	2026-10-01T12:23:24.9065521Z ##[endgroup]
scan (6)	UNKNOWN STEP	2026-10-01T12:23:24.9066112Z ##[group]Runner Image
scan (6)	UNKNOWN STEP	2026-10-01T12:23:24.9066648Z Image: ubuntu-24.04
scan (6)	UNKNOWN STEP	2026-10-01T12:23:24.9067202Z Version: 20260920.314.1
scan (6)	UNKNOWN STEP	2026-10-01T12:23:24.9068733Z Included Software: https://github.com/actions/runner-images/blob/ubuntu24/20260920.314/images/ubuntu/Ubuntu2404-Readme.md
scan (6)	UNKNOWN STEP	2026-10-01T12:23:24.9070324Z Image Release: https://github.com/actions/runner-images/releases/tag/ubuntu24%2F20260920.314
scan (6)	UNKNOWN STEP	2026-10-01T12:23:24.9071194Z ##[endgroup]
scan (6)	UNKNOWN STEP	2026-10-01T12:23:24.9072260Z ##[group]GITHUB_TOKEN Permissions
scan (6)	UNKNOWN STEP	2026-10-01T12:23:24.9074378Z Actions: read
scan (6)	UNKNOWN STEP	2026-10-01T12:23:24.9074927Z Contents: read
scan (6)	UNKNOWN STEP	2026-10-01T12:23:24.9075493Z Metadata: read
scan (6)	UNKNOWN STEP	2026-10-01T12:23:24.9075995Z ##[endgroup]
scan (6)	UNKNOWN STEP	2026-10-01T12:23:24.9078070Z Secret source: Actions
scan (6)	UNKNOWN STEP	2026-10-01T12:23:24.9078957Z Cache mode: write
scan (6)	UNKNOWN STEP	2026-10-01T12:23:24.9079749Z Prepare workflow directory
scan (6)	UNKNOWN STEP	2026-10-01T12:23:24.9404459Z Prepare all required actions
scan (6)	UNKNOWN STEP	2026-10-01T12:23:24.9454045Z Getting action download info
scan (6)	UNKNOWN STEP	2026-10-01T12:23:25.3057384Z Download action repository 'actions/checkout@v4' (SHA:11d5960a326750d5838078e36cf38b85af677262)
scan (6)	UNKNOWN STEP	2026-10-01T12:23:25.3942499Z Download action repository 'actions/setup-python@v5' (SHA:a26af69be951a213d495a4c3e4e4022e16d87065)
scan (6)	UNKNOWN STEP	2026-10-01T12:23:25.4587787Z Download action repository 'actions/cache@v4' (SHA:0057852bfaa89a56745cba8c7296529d2fc39830)
scan (6)	UNKNOWN STEP	2026-10-01T12:23:25.5383536Z Download action repository 'actions/download-artifact@v4' (SHA:d3f86a106a0bac45b974a628896c90dbdf5c8093)
scan (6)	UNKNOWN STEP	2026-10-01T12:23:26.3823005Z Download action repository 'actions/upload-artifact@v4' (SHA:ea165f8d65b6e75b540449e92b4886f43607fa02)
scan (6)	UNKNOWN STEP	2026-10-01T12:23:26.5995019Z Complete job name: scan (6)
scan (6)	UNKNOWN STEP	2026-10-01T12:23:26.6835320Z ##[group]Run actions/checkout@v4
scan (6)	UNKNOWN STEP	2026-10-01T12:23:26.6836262Z with:
scan (6)	UNKNOWN STEP	2026-10-01T12:23:26.6836785Z   repository: duuu-hub/bb-scanner
scan (6)	UNKNOWN STEP	2026-10-01T12:23:26.6841478Z   token: ***
scan (6)	UNKNOWN STEP	2026-10-01T12:23:26.6841964Z   ssh-strict: true
scan (6)	UNKNOWN STEP	2026-10-01T12:23:26.6842457Z   ssh-user: git
scan (6)	UNKNOWN STEP	2026-10-01T12:23:26.6842956Z   persist-credentials: true
scan (6)	UNKNOWN STEP	2026-10-01T12:23:26.6843511Z   clean: true
scan (6)	UNKNOWN STEP	2026-10-01T12:23:26.6844011Z   sparse-checkout-cone-mode: true
scan (6)	UNKNOWN STEP	2026-10-01T12:23:26.6844591Z   fetch-depth: 1
scan (6)	UNKNOWN STEP	2026-10-01T12:23:26.6845071Z   fetch-tags: false
scan (6)	UNKNOWN STEP	2026-10-01T12:23:26.6845575Z   show-progress: true
scan (6)	UNKNOWN STEP	2026-10-01T12:23:26.6846086Z   lfs: false
scan (6)	UNKNOWN STEP	2026-10-01T12:23:26.6846571Z   submodules: false
scan (6)	UNKNOWN STEP	2026-10-01T12:23:26.6847108Z   set-safe-directory: true
scan (6)	UNKNOWN STEP	2026-10-01T12:23:26.6847679Z   allow-unsafe-pr-checkout: false
scan (6)	UNKNOWN STEP	2026-10-01T12:23:26.6848545Z ##[endgroup]
scan (6)	UNKNOWN STEP	2026-10-01T12:23:26.7863027Z Syncing repository: duuu-hub/bb-scanner
scan (6)	UNKNOWN STEP	2026-10-01T12:23:26.7865311Z ##[group]Getting Git version info
scan (6)	UNKNOWN STEP	2026-10-01T12:23:26.7866640Z Working directory is '/home/runner/work/bb-scanner/bb-scanner'
scan (6)	UNKNOWN STEP	2026-10-01T12:23:26.7867930Z [command]/usr/bin/git version
scan (6)	UNKNOWN STEP	2026-10-01T12:23:26.7928259Z git version 2.55.0
scan (6)	UNKNOWN STEP	2026-10-01T12:23:26.7952146Z ##[endgroup]
scan (6)	UNKNOWN STEP	2026-10-01T12:23:26.7970913Z Temporarily overriding HOME='/home/runner/work/_temp/b7653636-e7c7-4c3e-aa6b-deb5bac0cf12' before making global git config changes
scan (6)	UNKNOWN STEP	2026-10-01T12:23:26.7973917Z Adding repository directory to the temporary git global config as a safe directory
scan (6)	UNKNOWN STEP	2026-10-01T12:23:26.7976296Z [command]/usr/bin/git config --global --add safe.directory /home/runner/work/bb-scanner/bb-scanner
scan (6)	UNKNOWN STEP	2026-10-01T12:23:26.8027125Z Deleting the contents of '/home/runner/work/bb-scanner/bb-scanner'
scan (6)	UNKNOWN STEP	2026-10-01T12:23:26.8033003Z ##[group]Initializing the repository
scan (6)	UNKNOWN STEP	2026-10-01T12:23:26.8038585Z [command]/usr/bin/git init /home/runner/work/bb-scanner/bb-scanner
scan (6)	UNKNOWN STEP	2026-10-01T12:23:26.8133059Z hint: Using 'master' as the name for the initial branch. This default branch name
scan (6)	UNKNOWN STEP	2026-10-01T12:23:26.8135046Z hint: will change to "main" in Git 3.0. To configure the initial branch name
scan (6)	UNKNOWN STEP	2026-10-01T12:23:26.8136706Z hint: to use in all of your new repositories, which will suppress this warning,
scan (6)	UNKNOWN STEP	2026-10-01T12:23:26.8137850Z hint: call:
scan (6)	UNKNOWN STEP	2026-10-01T12:23:26.8139251Z hint:
scan (6)	UNKNOWN STEP	2026-10-01T12:23:26.8140727Z hint: 	git config --global init.defaultBranch <name>
scan (6)	UNKNOWN STEP	2026-10-01T12:23:26.8141583Z hint:
scan (6)	UNKNOWN STEP	2026-10-01T12:23:26.8142842Z hint: Names commonly chosen instead of 'master' are 'main', 'trunk' and
scan (6)	UNKNOWN STEP	2026-10-01T12:23:26.8144029Z hint: 'development'. The just-created branch can be renamed via this command:
scan (6)	UNKNOWN STEP	2026-10-01T12:23:26.8145193Z hint:
scan (6)	UNKNOWN STEP	2026-10-01T12:23:26.8146025Z hint: 	git branch -m <name>
scan (6)	UNKNOWN STEP	2026-10-01T12:23:26.8146956Z hint:
scan (6)	UNKNOWN STEP	2026-10-01T12:23:26.8148036Z hint: Disable this message with "git config set advice.defaultBranchName false"
scan (6)	UNKNOWN STEP	2026-10-01T12:23:26.8150190Z Initialized empty Git repository in /home/runner/work/bb-scanner/bb-scanner/.git/
scan (6)	UNKNOWN STEP	2026-10-01T12:23:26.8153879Z [command]/usr/bin/git remote add origin https://github.com/duuu-hub/bb-scanner
scan (6)	UNKNOWN STEP	2026-10-01T12:23:26.8192911Z ##[endgroup]
scan (6)	UNKNOWN STEP	2026-10-01T12:23:26.8194013Z ##[group]Disabling automatic garbage collection
scan (6)	UNKNOWN STEP	2026-10-01T12:23:26.8197839Z [command]/usr/bin/git config --local gc.auto 0
scan (6)	UNKNOWN STEP	2026-10-01T12:23:26.8228946Z ##[endgroup]
scan (6)	UNKNOWN STEP	2026-10-01T12:23:26.8231113Z ##[group]Setting up auth
scan (6)	UNKNOWN STEP	2026-10-01T12:23:26.8237461Z [command]/usr/bin/git config --local --name-only --get-regexp core\.sshCommand
scan (6)	UNKNOWN STEP	2026-10-01T12:23:26.8268942Z [command]/usr/bin/git submodule foreach --recursive sh -c "git config --local --name-only --get-regexp 'core\.sshCommand' && git config --local --unset-all 'core.sshCommand' || :"
scan (6)	UNKNOWN STEP	2026-10-01T12:23:26.8606484Z [command]/usr/bin/git config --local --name-only --get-regexp http\.https\:\/\/github\.com\/\.extraheader
scan (6)	UNKNOWN STEP	2026-10-01T12:23:26.8644611Z [command]/usr/bin/git submodule foreach --recursive sh -c "git config --local --name-only --get-regexp 'http\.https\:\/\/github\.com\/\.extraheader' && git config --local --unset-all 'http.https://github.com/.extraheader' || :"
scan (6)	UNKNOWN STEP	2026-10-01T12:23:26.8885740Z [command]/usr/bin/git config --local --name-only --get-regexp ^includeIf\.gitdir:
scan (6)	UNKNOWN STEP	2026-10-01T12:23:26.8920268Z [command]/usr/bin/git submodule foreach --recursive git config --local --show-origin --name-only --get-regexp remote.origin.url
scan (6)	UNKNOWN STEP	2026-10-01T12:23:26.9103356Z [command]/usr/bin/git config --local http.https://github.com/.extraheader AUTHORIZATION: basic ***
scan (6)	UNKNOWN STEP	2026-10-01T12:23:26.9140720Z ##[endgroup]
scan (6)	UNKNOWN STEP	2026-10-01T12:23:26.9141955Z ##[group]Fetching the repository
scan (6)	UNKNOWN STEP	2026-10-01T12:23:26.9149508Z [command]/usr/bin/git -c protocol.version=2 fetch --no-tags --prune --no-recurse-submodules --depth=1 origin +c1596c883844a41df385784e2f583b96f43e349e:refs/remotes/origin/research-day-edge-lab-v2
scan (6)	UNKNOWN STEP	2026-10-01T12:23:28.8482395Z From https://github.com/duuu-hub/bb-scanner
scan (6)	UNKNOWN STEP	2026-10-01T12:23:28.8485892Z  * [new ref]         c1596c883844a41df385784e2f583b96f43e349e -> origin/research-day-edge-lab-v2
scan (6)	UNKNOWN STEP	2026-10-01T12:23:28.8490760Z ##[endgroup]
scan (6)	UNKNOWN STEP	2026-10-01T12:23:28.8492700Z ##[group]Determining the checkout info
scan (6)	UNKNOWN STEP	2026-10-01T12:23:28.8494709Z ##[endgroup]
scan (6)	UNKNOWN STEP	2026-10-01T12:23:28.8495689Z [command]/usr/bin/git sparse-checkout disable
scan (6)	UNKNOWN STEP	2026-10-01T12:23:28.8535957Z [command]/usr/bin/git config --local --unset-all extensions.worktreeConfig
scan (6)	UNKNOWN STEP	2026-10-01T12:23:28.8566759Z ##[group]Checking out the ref
scan (6)	UNKNOWN STEP	2026-10-01T12:23:28.8572074Z [command]/usr/bin/git checkout --progress --force -B research-day-edge-lab-v2 refs/remotes/origin/research-day-edge-lab-v2
scan (6)	UNKNOWN STEP	2026-10-01T12:23:29.0570961Z Switched to a new branch 'research-day-edge-lab-v2'
scan (6)	UNKNOWN STEP	2026-10-01T12:23:29.0574290Z branch 'research-day-edge-lab-v2' set up to track 'origin/research-day-edge-lab-v2'.
scan (6)	UNKNOWN STEP	2026-10-01T12:23:29.0585234Z ##[endgroup]
scan (6)	UNKNOWN STEP	2026-10-01T12:23:29.0631149Z [command]/usr/bin/git log -1 --format=%H
scan (6)	UNKNOWN STEP	2026-10-01T12:23:29.0648815Z c1596c883844a41df385784e2f583b96f43e349e
scan (6)	UNKNOWN STEP	2026-10-01T12:23:29.0962333Z ##[group]Run actions/setup-python@v5
scan (6)	UNKNOWN STEP	2026-10-01T12:23:29.0963237Z with:
scan (6)	UNKNOWN STEP	2026-10-01T12:23:29.0964012Z   python-version: 3.12
scan (6)	UNKNOWN STEP	2026-10-01T12:23:29.0964807Z   check-latest: false
scan (6)	UNKNOWN STEP	2026-10-01T12:23:29.0968463Z   token: ***
scan (6)	UNKNOWN STEP	2026-10-01T12:23:29.0969251Z   update-environment: true
scan (6)	UNKNOWN STEP	2026-10-01T12:23:29.0970168Z   allow-prereleases: false
scan (6)	UNKNOWN STEP	2026-10-01T12:23:29.0970972Z   freethreaded: false
scan (6)	UNKNOWN STEP	2026-10-01T12:23:29.0971729Z ##[endgroup]
scan (6)	UNKNOWN STEP	2026-10-01T12:23:29.2270282Z ##[group]Installed versions
scan (6)	UNKNOWN STEP	2026-10-01T12:23:29.2359102Z (node:2177) [DEP0040] DeprecationWarning: The `punycode` module is deprecated. Please use a userland alternative instead.
scan (6)	UNKNOWN STEP	2026-10-01T12:23:29.2361046Z (Use `node --trace-deprecation ...` to show where the warning was created)
scan (6)	UNKNOWN STEP	2026-10-01T12:23:29.2362320Z Successfully set up CPython (3.12.14)
scan (6)	UNKNOWN STEP	2026-10-01T12:23:29.2364350Z ##[endgroup]
scan (6)	UNKNOWN STEP	2026-10-01T12:23:29.2537663Z ##[group]Run pip install pandas==2.3.3 numpy==2.3.3
scan (6)	UNKNOWN STEP	2026-10-01T12:23:29.2538853Z ^[[36;1mpip install pandas==2.3.3 numpy==2.3.3^[[0m
scan (6)	UNKNOWN STEP	2026-10-01T12:23:29.2770876Z shell: /usr/bin/bash -e {0}
scan (6)	UNKNOWN STEP	2026-10-01T12:23:29.2771763Z env:
scan (6)	UNKNOWN STEP	2026-10-01T12:23:29.2772589Z   pythonLocation: /opt/hostedtoolcache/Python/3.12.14/x64
scan (6)	UNKNOWN STEP	2026-10-01T12:23:29.2773645Z   PKG_CONFIG_PATH: /opt/hostedtoolcache/Python/3.12.14/x64/lib/pkgconfig
scan (6)	UNKNOWN STEP	2026-10-01T12:23:29.2774686Z   Python_ROOT_DIR: /opt/hostedtoolcache/Python/3.12.14/x64
scan (6)	UNKNOWN STEP	2026-10-01T12:23:29.2775655Z   Python2_ROOT_DIR: /opt/hostedtoolcache/Python/3.12.14/x64
scan (6)	UNKNOWN STEP	2026-10-01T12:23:29.2776631Z   Python3_ROOT_DIR: /opt/hostedtoolcache/Python/3.12.14/x64
scan (6)	UNKNOWN STEP	2026-10-01T12:23:29.2777622Z   LD_LIBRARY_PATH: /opt/hostedtoolcache/Python/3.12.14/x64/lib
scan (6)	UNKNOWN STEP	2026-10-01T12:23:29.2778504Z ##[endgroup]
scan (6)	UNKNOWN STEP	2026-10-01T12:23:30.3780032Z Collecting pandas==2.3.3
scan (6)	UNKNOWN STEP	2026-10-01T12:23:30.4268816Z   Downloading pandas-2.3.3-cp312-cp312-manylinux_2_24_x86_64.manylinux_2_28_x86_64.whl.metadata (91 kB)
scan (6)	UNKNOWN STEP	2026-10-01T12:23:30.6402535Z Collecting numpy==2.3.3
scan (6)	UNKNOWN STEP	2026-10-01T12:23:30.6442119Z   Downloading numpy-2.3.3-cp312-cp312-manylinux_2_27_x86_64.manylinux_2_28_x86_64.whl.metadata (62 kB)
scan (6)	UNKNOWN STEP	2026-10-01T12:23:30.6662860Z Collecting python-dateutil>=2.8.2 (from pandas==2.3.3)
scan (6)	UNKNOWN STEP	2026-10-01T12:23:30.6698244Z   Downloading python_dateutil-2.9.0.post0-py2.py3-none-any.whl.metadata (8.4 kB)
scan (6)	UNKNOWN STEP	2026-10-01T12:23:30.6996240Z Collecting pytz>=2020.1 (from pandas==2.3.3)
scan (6)	UNKNOWN STEP	2026-10-01T12:23:30.7028054Z   Downloading pytz-2026.4-py2.py3-none-any.whl.metadata (22 kB)
scan (6)	UNKNOWN STEP	2026-10-01T12:23:30.7160425Z Collecting tzdata>=2022.7 (from pandas==2.3.3)
scan (6)	UNKNOWN STEP	2026-10-01T12:23:30.7196579Z   Downloading tzdata-2026.4-py2.py3-none-any.whl.metadata (1.4 kB)
scan (6)	UNKNOWN STEP	2026-10-01T12:23:30.7315892Z Collecting six>=1.5 (from python-dateutil>=2.8.2->pandas==2.3.3)
scan (6)	UNKNOWN STEP	2026-10-01T12:23:30.7357351Z   Downloading six-1.17.0-py2.py3-none-any.whl.metadata (1.7 kB)
scan (6)	UNKNOWN STEP	2026-10-01T12:23:30.7428360Z Downloading pandas-2.3.3-cp312-cp312-manylinux_2_24_x86_64.manylinux_2_28_x86_64.whl (12.4 MB)
scan (6)	UNKNOWN STEP	2026-10-01T12:23:30.8060011Z    ━━━━━━━━━━━━━━━━━━━━━━━━━━━━━━━━━━━━━━━━ 12.4/12.4 MB 212.1 MB/s  0:00:00
scan (6)	UNKNOWN STEP	2026-10-01T12:23:30.8098537Z Downloading numpy-2.3.3-cp312-cp312-manylinux_2_27_x86_64.manylinux_2_28_x86_64.whl (16.6 MB)
scan (6)	UNKNOWN STEP	2026-10-01T12:23:30.8865132Z    ━━━━━━━━━━━━━━━━━━━━━━━━━━━━━━━━━━━━━━━━ 16.6/16.6 MB 224.8 MB/s  0:00:00
scan (6)	UNKNOWN STEP	2026-10-01T12:23:30.8904679Z Downloading python_dateutil-2.9.0.post0-py2.py3-none-any.whl (229 kB)
scan (6)	UNKNOWN STEP	2026-10-01T12:23:30.8963899Z Downloading pytz-2026.4-py2.py3-none-any.whl (506 kB)
scan (6)	UNKNOWN STEP	2026-10-01T12:23:30.9026890Z Downloading six-1.17.0-py2.py3-none-any.whl (11 kB)
scan (6)	UNKNOWN STEP	2026-10-01T12:23:30.9078776Z Downloading tzdata-2026.4-py2.py3-none-any.whl (347 kB)
scan (6)	UNKNOWN STEP	2026-10-01T12:23:31.0596880Z Installing collected packages: pytz, tzdata, six, numpy, python-dateutil, pandas
scan (6)	UNKNOWN STEP	2026-10-01T12:23:37.2714683Z 
scan (6)	UNKNOWN STEP	2026-10-01T12:23:37.2728534Z Successfully installed numpy-2.3.3 pandas-2.3.3 python-dateutil-2.9.0.post0 pytz-2026.4 six-1.17.0 tzdata-2026.4
scan (6)	UNKNOWN STEP	2026-10-01T12:23:37.3477233Z ##[group]Run actions/cache@v4
scan (6)	UNKNOWN STEP	2026-10-01T12:23:37.3477487Z with:
scan (6)	UNKNOWN STEP	2026-10-01T12:23:37.3477818Z   path: cache/1m
scan (6)	UNKNOWN STEP	2026-10-01T12:23:37.3478072Z   key: day-edge-canon-v2-source-36095439671-shard-6
scan (6)	UNKNOWN STEP	2026-10-01T12:23:37.3478389Z   enableCrossOsArchive: false
scan (6)	UNKNOWN STEP	2026-10-01T12:23:37.3478635Z   fail-on-cache-miss: false
scan (6)	UNKNOWN STEP	2026-10-01T12:23:37.3478870Z   lookup-only: false
scan (6)	UNKNOWN STEP	2026-10-01T12:23:37.3479080Z   save-always: false
scan (6)	UNKNOWN STEP	2026-10-01T12:23:37.3479287Z env:
scan (6)	UNKNOWN STEP	2026-10-01T12:23:37.3479711Z   pythonLocation: /opt/hostedtoolcache/Python/3.12.14/x64
scan (6)	UNKNOWN STEP	2026-10-01T12:23:37.3480136Z   PKG_CONFIG_PATH: /opt/hostedtoolcache/Python/3.12.14/x64/lib/pkgconfig
scan (6)	UNKNOWN STEP	2026-10-01T12:23:37.3480548Z   Python_ROOT_DIR: /opt/hostedtoolcache/Python/3.12.14/x64
scan (6)	UNKNOWN STEP	2026-10-01T12:23:37.3480916Z   Python2_ROOT_DIR: /opt/hostedtoolcache/Python/3.12.14/x64
scan (6)	UNKNOWN STEP	2026-10-01T12:23:37.3481288Z   Python3_ROOT_DIR: /opt/hostedtoolcache/Python/3.12.14/x64
scan (6)	UNKNOWN STEP	2026-10-01T12:23:37.3481660Z   LD_LIBRARY_PATH: /opt/hostedtoolcache/Python/3.12.14/x64/lib
scan (6)	UNKNOWN STEP	2026-10-01T12:23:37.3482066Z ##[endgroup]
scan (6)	UNKNOWN STEP	2026-10-01T12:23:37.4565420Z (node:2214) [DEP0040] DeprecationWarning: The `punycode` module is deprecated. Please use a userland alternative instead.
scan (6)	UNKNOWN STEP	2026-10-01T12:23:37.4566155Z (Use `node --trace-deprecation ...` to show where the warning was created)
scan (6)	UNKNOWN STEP	2026-10-01T12:23:37.6730500Z Cache not found for input keys: day-edge-canon-v2-source-36095439671-shard-6
scan (6)	UNKNOWN STEP	2026-10-01T12:23:37.6811354Z ##[group]Run gh run download 36095439671 -R duuu-hub/bb-scanner -n rank5-binance-um-15m-5y-data-shard-6 -D data
scan (6)	UNKNOWN STEP	2026-10-01T12:23:37.6812133Z ^[[36;1mgh run download 36095439671 -R duuu-hub/bb-scanner -n rank5-binance-um-15m-5y-data-shard-6 -D data^[[0m
scan (6)	UNKNOWN STEP	2026-10-01T12:23:37.6812733Z ^[[36;1mgh run download 36858492497 -R duuu-hub/bb-scanner -n day-edge-v2-btc -D btc^[[0m
scan (6)	UNKNOWN STEP	2026-10-01T12:23:37.6849449Z shell: /usr/bin/bash -e {0}
scan (6)	UNKNOWN STEP	2026-10-01T12:23:37.6849874Z env:
scan (6)	UNKNOWN STEP	2026-10-01T12:23:37.6850143Z   pythonLocation: /opt/hostedtoolcache/Python/3.12.14/x64
scan (6)	UNKNOWN STEP	2026-10-01T12:23:37.6850578Z   PKG_CONFIG_PATH: /opt/hostedtoolcache/Python/3.12.14/x64/lib/pkgconfig
scan (6)	UNKNOWN STEP	2026-10-01T12:23:37.6851017Z   Python_ROOT_DIR: /opt/hostedtoolcache/Python/3.12.14/x64
scan (6)	UNKNOWN STEP	2026-10-01T12:23:37.6851414Z   Python2_ROOT_DIR: /opt/hostedtoolcache/Python/3.12.14/x64
scan (6)	UNKNOWN STEP	2026-10-01T12:23:37.6851777Z   Python3_ROOT_DIR: /opt/hostedtoolcache/Python/3.12.14/x64
scan (6)	UNKNOWN STEP	2026-10-01T12:23:37.6852186Z   LD_LIBRARY_PATH: /opt/hostedtoolcache/Python/3.12.14/x64/lib
scan (6)	UNKNOWN STEP	2026-10-01T12:23:37.6855073Z   GH_TOKEN: ***
scan (6)	UNKNOWN STEP	2026-10-01T12:23:37.6855277Z ##[endgroup]
scan (6)	UNKNOWN STEP	2026-10-01T12:23:49.4848102Z ##[group]Run actions/download-artifact@v4
scan (6)	UNKNOWN STEP	2026-10-01T12:23:49.4848397Z with:
scan (6)	UNKNOWN STEP	2026-10-01T12:23:49.4848610Z   name: day-edge-v2-frozen-selection
scan (6)	UNKNOWN STEP	2026-10-01T12:23:49.4848873Z   path: frozen-input
scan (6)	UNKNOWN STEP	2026-10-01T12:23:49.4849094Z   merge-multiple: false
scan (6)	UNKNOWN STEP	2026-10-01T12:23:49.4849334Z   repository: duuu-hub/bb-scanner
scan (6)	UNKNOWN STEP	2026-10-01T12:23:49.4849762Z   run-id: 36861359640
scan (6)	UNKNOWN STEP	2026-10-01T12:23:49.4849969Z env:
scan (6)	UNKNOWN STEP	2026-10-01T12:23:49.4850225Z   pythonLocation: /opt/hostedtoolcache/Python/3.12.14/x64
scan (6)	UNKNOWN STEP	2026-10-01T12:23:49.4850643Z   PKG_CONFIG_PATH: /opt/hostedtoolcache/Python/3.12.14/x64/lib/pkgconfig
scan (6)	UNKNOWN STEP	2026-10-01T12:23:49.4851076Z   Python_ROOT_DIR: /opt/hostedtoolcache/Python/3.12.14/x64
scan (6)	UNKNOWN STEP	2026-10-01T12:23:49.4851453Z   Python2_ROOT_DIR: /opt/hostedtoolcache/Python/3.12.14/x64
scan (6)	UNKNOWN STEP	2026-10-01T12:23:49.4851820Z   Python3_ROOT_DIR: /opt/hostedtoolcache/Python/3.12.14/x64
scan (6)	UNKNOWN STEP	2026-10-01T12:23:49.4852194Z   LD_LIBRARY_PATH: /opt/hostedtoolcache/Python/3.12.14/x64/lib
scan (6)	UNKNOWN STEP	2026-10-01T12:23:49.4852510Z ##[endgroup]
scan (6)	UNKNOWN STEP	2026-10-01T12:23:49.6295277Z Downloading single artifact
scan (6)	UNKNOWN STEP	2026-10-01T12:23:49.6528962Z (node:2248) [DEP0040] DeprecationWarning: The `punycode` module is deprecated. Please use a userland alternative instead.
scan (6)	UNKNOWN STEP	2026-10-01T12:23:49.6530623Z (Use `node --trace-deprecation ...` to show where the warning was created)
scan (6)	UNKNOWN STEP	2026-10-01T12:23:49.8646165Z Preparing to download the following artifacts:
scan (6)	UNKNOWN STEP	2026-10-01T12:23:49.8647544Z - day-edge-v2-frozen-selection (ID: 11160624466, Size: 3288, Expected Digest: sha256:f2f35defae027a62c91d1c9989afbad4b8709045c7a53bb3ed4fb4b7044ab788)
scan (6)	UNKNOWN STEP	2026-10-01T12:23:50.1007981Z Redirecting to blob download url: https://productionresultssa18.blob.core.windows.net/actions-results/34242db7-8627-8b8c-b3b8-0db014836193/workflow-job-run-d573c45a-a68e-57e4-939a-2465a68b3116/artifacts/a1ab5e558c97164c8c87a7cba61e1b7a4cc53e7c63ea3b99dbfd01b26ee4afb3.zip
scan (6)	UNKNOWN STEP	2026-10-01T12:23:50.1009947Z Starting download of artifact to: /home/runner/work/bb-scanner/bb-scanner/frozen-input
scan (6)	UNKNOWN STEP	2026-10-01T12:23:50.3021577Z (node:2248) [DEP0005] DeprecationWarning: Buffer() is deprecated due to security and usability issues. Please use the Buffer.alloc(), Buffer.allocUnsafe(), or Buffer.from() methods instead.
scan (6)	UNKNOWN STEP	2026-10-01T12:23:50.3093093Z SHA256 digest of downloaded artifact is f2f35defae027a62c91d1c9989afbad4b8709045c7a53bb3ed4fb4b7044ab788
scan (6)	UNKNOWN STEP	2026-10-01T12:23:50.3093848Z Artifact download completed successfully.
scan (6)	UNKNOWN STEP	2026-10-01T12:23:50.3094242Z Total of 1 artifact(s) downloaded
scan (6)	UNKNOWN STEP	2026-10-01T12:23:50.3098574Z Download artifact has finished successfully
scan (6)	UNKNOWN STEP	2026-10-01T12:23:50.3182417Z ##[group]Run python scripts/day_edge_canonical.py scan --data data --btc btc/BTCUSDT.csv.gz --selection frozen-input/selection.json --out canonical-6 --minute-cache cache/1m
scan (6)	UNKNOWN STEP	2026-10-01T12:23:50.3183579Z ^[[36;1mpython scripts/day_edge_canonical.py scan --data data --btc btc/BTCUSDT.csv.gz --selection frozen-input/selection.json --out canonical-6 --minute-cache cache/1m^[[0m
scan (6)	UNKNOWN STEP	2026-10-01T12:23:50.3220659Z shell: /usr/bin/bash -e {0}
scan (6)	UNKNOWN STEP	2026-10-01T12:23:50.3220925Z env:
scan (6)	UNKNOWN STEP	2026-10-01T12:23:50.3221206Z   pythonLocation: /opt/hostedtoolcache/Python/3.12.14/x64
scan (6)	UNKNOWN STEP	2026-10-01T12:23:50.3221654Z   PKG_CONFIG_PATH: /opt/hostedtoolcache/Python/3.12.14/x64/lib/pkgconfig
scan (6)	UNKNOWN STEP	2026-10-01T12:23:50.3222080Z   Python_ROOT_DIR: /opt/hostedtoolcache/Python/3.12.14/x64
scan (6)	UNKNOWN STEP	2026-10-01T12:23:50.3222461Z   Python2_ROOT_DIR: /opt/hostedtoolcache/Python/3.12.14/x64
scan (6)	UNKNOWN STEP	2026-10-01T12:23:50.3222849Z   Python3_ROOT_DIR: /opt/hostedtoolcache/Python/3.12.14/x64
scan (6)	UNKNOWN STEP	2026-10-01T12:23:50.3223293Z   LD_LIBRARY_PATH: /opt/hostedtoolcache/Python/3.12.14/x64/lib
scan (6)	UNKNOWN STEP	2026-10-01T12:23:50.3223615Z ##[endgroup]
scan (6)	UNKNOWN STEP	2026-10-01T12:24:10.8499913Z CANONICAL_SCAN 16 / 107 BELUSDT outcomes 1476
scan (6)	UNKNOWN STEP	2026-10-01T12:24:32.1708710Z CANONICAL_SCAN 24 / 107 CHRUSDT outcomes 2628
scan (6)	UNKNOWN STEP	2026-10-01T12:25:14.1613676Z CANONICAL_SCAN 72 / 107 PHBUSDT outcomes 4923
scan (6)	UNKNOWN STEP	2026-10-01T12:25:52.8896587Z CANONICAL_SCAN 80 / 107 RUNEUSDT outcomes 7203
scan (6)	UNKNOWN STEP	2026-10-01T12:26:21.9811804Z CANONICAL_SCAN 96 / 107 TWTUSDT outcomes 9216
scan (6)	UNKNOWN STEP	2026-10-01T12:26:32.6535260Z CANONICAL_SCAN 104 / 107 XRPUSDT outcomes 9639
scan (6)	UNKNOWN STEP	2026-10-01T12:26:36.6384582Z CANONICAL_SCAN_DONE 9939
scan (6)	UNKNOWN STEP	2026-10-01T12:26:36.6962247Z ##[group]Run actions/upload-artifact@v4
scan (6)	UNKNOWN STEP	2026-10-01T12:26:36.6962532Z with:
scan (6)	UNKNOWN STEP	2026-10-01T12:26:36.6962743Z   name: day-edge-v2-canonical-6
scan (6)	UNKNOWN STEP	2026-10-01T12:26:36.6962997Z   path: canonical-6/
scan (6)	UNKNOWN STEP	2026-10-01T12:26:36.6963226Z   retention-days: 30
scan (6)	UNKNOWN STEP	2026-10-01T12:26:36.6963442Z   compression-level: 0
scan (6)	UNKNOWN STEP	2026-10-01T12:26:36.6963669Z   if-no-files-found: warn
scan (6)	UNKNOWN STEP	2026-10-01T12:26:36.6963896Z   overwrite: false
scan (6)	UNKNOWN STEP	2026-10-01T12:26:36.6964114Z   include-hidden-files: false
scan (6)	UNKNOWN STEP	2026-10-01T12:26:36.6964358Z env:
scan (6)	UNKNOWN STEP	2026-10-01T12:26:36.6964609Z   pythonLocation: /opt/hostedtoolcache/Python/3.12.14/x64
scan (6)	UNKNOWN STEP	2026-10-01T12:26:36.6965042Z   PKG_CONFIG_PATH: /opt/hostedtoolcache/Python/3.12.14/x64/lib/pkgconfig
scan (6)	UNKNOWN STEP	2026-10-01T12:26:36.6965461Z   Python_ROOT_DIR: /opt/hostedtoolcache/Python/3.12.14/x64
scan (6)	UNKNOWN STEP	2026-10-01T12:26:36.6965847Z   Python2_ROOT_DIR: /opt/hostedtoolcache/Python/3.12.14/x64
scan (6)	UNKNOWN STEP	2026-10-01T12:26:36.6966215Z   Python3_ROOT_DIR: /opt/hostedtoolcache/Python/3.12.14/x64
scan (6)	UNKNOWN STEP	2026-10-01T12:26:36.6966623Z   LD_LIBRARY_PATH: /opt/hostedtoolcache/Python/3.12.14/x64/lib
scan (6)	UNKNOWN STEP	2026-10-01T12:26:36.6966941Z ##[endgroup]
scan (6)	UNKNOWN STEP	2026-10-01T12:26:36.8576198Z (node:2298) [DEP0040] DeprecationWarning: The `punycode` module is deprecated. Please use a userland alternative instead.
scan (6)	UNKNOWN STEP	2026-10-01T12:26:36.8577340Z (Use `node --trace-deprecation ...` to show where the warning was created)
scan (6)	UNKNOWN STEP	2026-10-01T12:26:36.8628230Z With the provided path, there will be 2 files uploaded
scan (6)	UNKNOWN STEP	2026-10-01T12:26:36.8634918Z Artifact name is valid!
scan (6)	UNKNOWN STEP	2026-10-01T12:26:36.8635763Z Root directory input is valid!
scan (6)	UNKNOWN STEP	2026-10-01T12:26:37.1968333Z Beginning upload of artifact content to blob storage
scan (6)	UNKNOWN STEP	2026-10-01T12:26:37.2192314Z (node:2298) [DEP0169] DeprecationWarning: `url.parse()` behavior is not standardized and prone to errors that have security implications. Use the WHATWG URL API instead. CVEs are not issued for `url.parse()` vulnerabilities.
scan (6)	UNKNOWN STEP	2026-10-01T12:26:37.5991564Z Uploaded bytes 321872
scan (6)	UNKNOWN STEP	2026-10-01T12:26:37.6567038Z Finished uploading artifact content to blob storage!
scan (6)	UNKNOWN STEP	2026-10-01T12:26:37.6567996Z SHA256 digest of uploaded artifact zip is 40f274986014b6bf26c84f6cb918a2e031235a30f7d1dc0f2a4ae9b1de93d5e3
scan (6)	UNKNOWN STEP	2026-10-01T12:26:37.6569875Z Finalizing artifact upload
scan (6)	UNKNOWN STEP	2026-10-01T12:26:37.9196692Z Artifact day-edge-v2-canonical-6.zip successfully finalized. Artifact ID 11161409285
scan (6)	UNKNOWN STEP	2026-10-01T12:26:37.9198141Z Artifact day-edge-v2-canonical-6 has been successfully uploaded! Final size is 321872 bytes. Artifact ID is 11161409285
scan (6)	UNKNOWN STEP	2026-10-01T12:26:37.9204102Z Artifact download URL: https://github.com/duuu-hub/bb-scanner/actions/runs/36861359640/artifacts/11161409285
scan (6)	UNKNOWN STEP	2026-10-01T12:26:37.9350855Z Post job cleanup.
scan (6)	UNKNOWN STEP	2026-10-01T12:26:38.0355018Z (node:2312) [DEP0040] DeprecationWarning: The `punycode` module is deprecated. Please use a userland alternative instead.
scan (6)	UNKNOWN STEP	2026-10-01T12:26:38.0356181Z (Use `node --trace-deprecation ...` to show where the warning was created)
scan (6)	UNKNOWN STEP	2026-10-01T12:26:38.0528742Z [command]/usr/bin/tar --posix -cf cache.tzst --exclude cache.tzst -P -C /home/runner/work/bb-scanner/bb-scanner --files-from manifest.txt --use-compress-program zstdmt
scan (6)	UNKNOWN STEP	2026-10-01T12:26:38.3551667Z (node:2312) [DEP0169] DeprecationWarning: `url.parse()` behavior is not standardized and prone to errors that have security implications. Use the WHATWG URL API instead. CVEs are not issued for `url.parse()` vulnerabilities.
scan (6)	UNKNOWN STEP	2026-10-01T12:26:39.3479168Z Sent 36765696 of 45473760 (80.9%), 35.1 MBs/sec
scan (6)	UNKNOWN STEP	2026-10-01T12:26:39.7265387Z Sent 45473760 of 45473760 (100.0%), 31.4 MBs/sec
scan (6)	UNKNOWN STEP	2026-10-01T12:26:39.8798692Z Cache saved with key: day-edge-canon-v2-source-36095439671-shard-6
scan (6)	UNKNOWN STEP	2026-10-01T12:26:39.8912543Z Post job cleanup.
scan (6)	UNKNOWN STEP	2026-10-01T12:26:40.0105006Z (node:2333) [DEP0040] DeprecationWarning: The `punycode` module is deprecated. Please use a userland alternative instead.
scan (6)	UNKNOWN STEP	2026-10-01T12:26:40.0106188Z (Use `node --trace-deprecation ...` to show where the warning was created)
scan (6)	UNKNOWN STEP	2026-10-01T12:26:40.0297738Z Post job cleanup.
scan (6)	UNKNOWN STEP	2026-10-01T12:26:40.1218605Z [command]/usr/bin/git version
scan (6)	UNKNOWN STEP	2026-10-01T12:26:40.1258640Z git version 2.55.0
scan (6)	UNKNOWN STEP	2026-10-01T12:26:40.1293689Z Temporarily overriding HOME='/home/runner/work/_temp/8d410a96-45ba-4512-8db3-34c0d4bbdada' before making global git config changes
scan (6)	UNKNOWN STEP	2026-10-01T12:26:40.1295580Z Adding repository directory to the temporary git global config as a safe directory
scan (6)	UNKNOWN STEP	2026-10-01T12:26:40.1300009Z [command]/usr/bin/git config --global --add safe.directory /home/runner/work/bb-scanner/bb-scanner
scan (6)	UNKNOWN STEP	2026-10-01T12:26:40.1335873Z [command]/usr/bin/git config --local --name-only --get-regexp core\.sshCommand
scan (6)	UNKNOWN STEP	2026-10-01T12:26:40.1366521Z [command]/usr/bin/git submodule foreach --recursive sh -c "git config --local --name-only --get-regexp 'core\.sshCommand' && git config --local --unset-all 'core.sshCommand' || :"
scan (6)	UNKNOWN STEP	2026-10-01T12:26:40.1585724Z [command]/usr/bin/git config --local --name-only --get-regexp http\.https\:\/\/github\.com\/\.extraheader
scan (6)	UNKNOWN STEP	2026-10-01T12:26:40.1610352Z http.https://github.com/.extraheader
scan (6)	UNKNOWN STEP	2026-10-01T12:26:40.1621115Z [command]/usr/bin/git config --local --unset-all http.https://github.com/.extraheader
scan (6)	UNKNOWN STEP	2026-10-01T12:26:40.1653160Z [command]/usr/bin/git submodule foreach --recursive sh -c "git config --local --name-only --get-regexp 'http\.https\:\/\/github\.com\/\.extraheader' && git config --local --unset-all 'http.https://github.com/.extraheader' || :"
scan (6)	UNKNOWN STEP	2026-10-01T12:26:40.1870545Z [command]/usr/bin/git config --local --name-only --get-regexp ^includeIf\.gitdir:
scan (6)	UNKNOWN STEP	2026-10-01T12:26:40.1901907Z [command]/usr/bin/git submodule foreach --recursive git config --local --show-origin --name-only --get-regexp remote.origin.url
scan (6)	UNKNOWN STEP	2026-10-01T12:26:40.2227678Z Cleaning up orphan processes
scan (6)	UNKNOWN STEP	2026-10-01T12:26:40.2497227Z ##[warning]Node.js 20 is deprecated. The following actions target Node.js 20 but are being forced to run on Node.js 24: actions/cache@v4, actions/checkout@v4, actions/download-artifact@v4, actions/setup-python@v5, actions/upload-artifact@v4. For more information see: https://github.blog/changelog/2025-09-19-deprecation-of-node-20-on-github-actions-runners/
scan (7)	UNKNOWN STEP	﻿2026-10-01T12:23:24.6498521Z Current runner version: '2.337.0'
scan (7)	UNKNOWN STEP	2026-10-01T12:23:24.6523780Z ##[group]Runner Image Provisioner
scan (7)	UNKNOWN STEP	2026-10-01T12:23:24.6524749Z Hosted Compute Agent
scan (7)	UNKNOWN STEP	2026-10-01T12:23:24.6525375Z Version: 20260901.588
scan (7)	UNKNOWN STEP	2026-10-01T12:23:24.6526044Z Commit: f88ec8081b781fac6c440065ac7ff9e710ce3d0b
scan (7)	UNKNOWN STEP	2026-10-01T12:23:24.6526739Z Build Date: 2026-09-01T19:56:44Z
scan (7)	UNKNOWN STEP	2026-10-01T12:23:24.6527495Z Worker ID: {e90118c2-e12c-4713-89ed-481e1d7ceafb}
scan (7)	UNKNOWN STEP	2026-10-01T12:23:24.6528237Z Azure Region: northcentralus
scan (7)	UNKNOWN STEP	2026-10-01T12:23:24.6528832Z ##[endgroup]
scan (7)	UNKNOWN STEP	2026-10-01T12:23:24.6530108Z ##[group]Operating System
scan (7)	UNKNOWN STEP	2026-10-01T12:23:24.6530691Z Ubuntu
scan (7)	UNKNOWN STEP	2026-10-01T12:23:24.6531245Z 24.04.5
scan (7)	UNKNOWN STEP	2026-10-01T12:23:24.6531758Z LTS
scan (7)	UNKNOWN STEP	2026-10-01T12:23:24.6532426Z ##[endgroup]
scan (7)	UNKNOWN STEP	2026-10-01T12:23:24.6533175Z ##[group]Runner Image
scan (7)	UNKNOWN STEP	2026-10-01T12:23:24.6533740Z Image: ubuntu-24.04
scan (7)	UNKNOWN STEP	2026-10-01T12:23:24.6534697Z Version: 20260927.320.1
scan (7)	UNKNOWN STEP	2026-10-01T12:23:24.6535908Z Included Software: https://github.com/actions/runner-images/blob/ubuntu24/20260927.320/images/ubuntu/Ubuntu2404-Readme.md
scan (7)	UNKNOWN STEP	2026-10-01T12:23:24.6537428Z Image Release: https://github.com/actions/runner-images/releases/tag/ubuntu24%2F20260927.320
scan (7)	UNKNOWN STEP	2026-10-01T12:23:24.6538350Z ##[endgroup]
scan (7)	UNKNOWN STEP	2026-10-01T12:23:24.6539488Z ##[group]GITHUB_TOKEN Permissions
scan (7)	UNKNOWN STEP	2026-10-01T12:23:24.6541810Z Actions: read
scan (7)	UNKNOWN STEP	2026-10-01T12:23:24.6542597Z Contents: read
scan (7)	UNKNOWN STEP	2026-10-01T12:23:24.6543161Z Metadata: read
scan (7)	UNKNOWN STEP	2026-10-01T12:23:24.6543669Z ##[endgroup]
scan (7)	UNKNOWN STEP	2026-10-01T12:23:24.6545749Z Secret source: Actions
scan (7)	UNKNOWN STEP	2026-10-01T12:23:24.6546626Z Cache mode: write
scan (7)	UNKNOWN STEP	2026-10-01T12:23:24.6547339Z Prepare workflow directory
scan (7)	UNKNOWN STEP	2026-10-01T12:23:24.6918644Z Prepare all required actions
scan (7)	UNKNOWN STEP	2026-10-01T12:23:24.6974978Z Getting action download info
scan (7)	UNKNOWN STEP	2026-10-01T12:23:24.9751026Z Download action repository 'actions/checkout@v4' (SHA:11d5960a326750d5838078e36cf38b85af677262)
scan (7)	UNKNOWN STEP	2026-10-01T12:23:25.2740190Z Download action repository 'actions/setup-python@v5' (SHA:a26af69be951a213d495a4c3e4e4022e16d87065)
scan (7)	UNKNOWN STEP	2026-10-01T12:23:25.6738002Z Download action repository 'actions/cache@v4' (SHA:0057852bfaa89a56745cba8c7296529d2fc39830)
scan (7)	UNKNOWN STEP	2026-10-01T12:23:26.1690075Z Download action repository 'actions/download-artifact@v4' (SHA:d3f86a106a0bac45b974a628896c90dbdf5c8093)
scan (7)	UNKNOWN STEP	2026-10-01T12:23:26.6467487Z Download action repository 'actions/upload-artifact@v4' (SHA:ea165f8d65b6e75b540449e92b4886f43607fa02)
scan (7)	UNKNOWN STEP	2026-10-01T12:23:26.9178794Z Complete job name: scan (7)
scan (7)	UNKNOWN STEP	2026-10-01T12:23:26.9805582Z ##[group]Run actions/checkout@v4
scan (7)	UNKNOWN STEP	2026-10-01T12:23:26.9806122Z with:
scan (7)	UNKNOWN STEP	2026-10-01T12:23:26.9806454Z   repository: duuu-hub/bb-scanner
scan (7)	UNKNOWN STEP	2026-10-01T12:23:26.9808965Z   token: ***
scan (7)	UNKNOWN STEP	2026-10-01T12:23:26.9809275Z   ssh-strict: true
scan (7)	UNKNOWN STEP	2026-10-01T12:23:26.9809644Z   ssh-user: git
scan (7)	UNKNOWN STEP	2026-10-01T12:23:26.9809965Z   persist-credentials: true
scan (7)	UNKNOWN STEP	2026-10-01T12:23:26.9810300Z   clean: true
scan (7)	UNKNOWN STEP	2026-10-01T12:23:26.9810648Z   sparse-checkout-cone-mode: true
scan (7)	UNKNOWN STEP	2026-10-01T12:23:26.9811021Z   fetch-depth: 1
scan (7)	UNKNOWN STEP	2026-10-01T12:23:26.9811341Z   fetch-tags: false
scan (7)	UNKNOWN STEP	2026-10-01T12:23:26.9811664Z   show-progress: true
scan (7)	UNKNOWN STEP	2026-10-01T12:23:26.9811961Z   lfs: false
scan (7)	UNKNOWN STEP	2026-10-01T12:23:26.9812478Z   submodules: false
scan (7)	UNKNOWN STEP	2026-10-01T12:23:26.9812821Z   set-safe-directory: true
scan (7)	UNKNOWN STEP	2026-10-01T12:23:26.9813304Z   allow-unsafe-pr-checkout: false
scan (7)	UNKNOWN STEP	2026-10-01T12:23:26.9813834Z ##[endgroup]
scan (7)	UNKNOWN STEP	2026-10-01T12:23:27.0817420Z Syncing repository: duuu-hub/bb-scanner
scan (7)	UNKNOWN STEP	2026-10-01T12:23:27.0819602Z ##[group]Getting Git version info
scan (7)	UNKNOWN STEP	2026-10-01T12:23:27.0820577Z Working directory is '/home/runner/work/bb-scanner/bb-scanner'
scan (7)	UNKNOWN STEP	2026-10-01T12:23:27.0821746Z [command]/usr/bin/git version
scan (7)	UNKNOWN STEP	2026-10-01T12:23:27.0857249Z git version 2.55.0
scan (7)	UNKNOWN STEP	2026-10-01T12:23:27.0877675Z ##[endgroup]
scan (7)	UNKNOWN STEP	2026-10-01T12:23:27.0891855Z Temporarily overriding HOME='/home/runner/work/_temp/d0dd1a75-ae8f-403e-b929-3aa07418727a' before making global git config changes
scan (7)	UNKNOWN STEP	2026-10-01T12:23:27.0893045Z Adding repository directory to the temporary git global config as a safe directory
scan (7)	UNKNOWN STEP	2026-10-01T12:23:27.0897404Z [command]/usr/bin/git config --global --add safe.directory /home/runner/work/bb-scanner/bb-scanner
scan (7)	UNKNOWN STEP	2026-10-01T12:23:27.0954711Z Deleting the contents of '/home/runner/work/bb-scanner/bb-scanner'
scan (7)	UNKNOWN STEP	2026-10-01T12:23:27.0959776Z ##[group]Initializing the repository
scan (7)	UNKNOWN STEP	2026-10-01T12:23:27.0962968Z [command]/usr/bin/git init /home/runner/work/bb-scanner/bb-scanner
scan (7)	UNKNOWN STEP	2026-10-01T12:23:27.1051798Z hint: Using 'master' as the name for the initial branch. This default branch name
scan (7)	UNKNOWN STEP	2026-10-01T12:23:27.1054395Z hint: will change to "main" in Git 3.0. To configure the initial branch name
scan (7)	UNKNOWN STEP	2026-10-01T12:23:27.1055496Z hint: to use in all of your new repositories, which will suppress this warning,
scan (7)	UNKNOWN STEP	2026-10-01T12:23:27.1056527Z hint: call:
scan (7)	UNKNOWN STEP	2026-10-01T12:23:27.1056924Z hint:
scan (7)	UNKNOWN STEP	2026-10-01T12:23:27.1057574Z hint: 	git config --global init.defaultBranch <name>
scan (7)	UNKNOWN STEP	2026-10-01T12:23:27.1058159Z hint:
scan (7)	UNKNOWN STEP	2026-10-01T12:23:27.1058751Z hint: Names commonly chosen instead of 'master' are 'main', 'trunk' and
scan (7)	UNKNOWN STEP	2026-10-01T12:23:27.1059662Z hint: 'development'. The just-created branch can be renamed via this command:
scan (7)	UNKNOWN STEP	2026-10-01T12:23:27.1060380Z hint:
scan (7)	UNKNOWN STEP	2026-10-01T12:23:27.1061005Z hint: 	git branch -m <name>
scan (7)	UNKNOWN STEP	2026-10-01T12:23:27.1061589Z hint:
scan (7)	UNKNOWN STEP	2026-10-01T12:23:27.1062460Z hint: Disable this message with "git config set advice.defaultBranchName false"
scan (7)	UNKNOWN STEP	2026-10-01T12:23:27.1063649Z Initialized empty Git repository in /home/runner/work/bb-scanner/bb-scanner/.git/
scan (7)	UNKNOWN STEP	2026-10-01T12:23:27.1065650Z [command]/usr/bin/git remote add origin https://github.com/duuu-hub/bb-scanner
scan (7)	UNKNOWN STEP	2026-10-01T12:23:27.1109639Z ##[endgroup]
scan (7)	UNKNOWN STEP	2026-10-01T12:23:27.1110494Z ##[group]Disabling automatic garbage collection
scan (7)	UNKNOWN STEP	2026-10-01T12:23:27.1112495Z [command]/usr/bin/git config --local gc.auto 0
scan (7)	UNKNOWN STEP	2026-10-01T12:23:27.1153029Z ##[endgroup]
scan (7)	UNKNOWN STEP	2026-10-01T12:23:27.1153980Z ##[group]Setting up auth
scan (7)	UNKNOWN STEP	2026-10-01T12:23:27.1160684Z [command]/usr/bin/git config --local --name-only --get-regexp core\.sshCommand
scan (7)	UNKNOWN STEP	2026-10-01T12:23:27.1203885Z [command]/usr/bin/git submodule foreach --recursive sh -c "git config --local --name-only --get-regexp 'core\.sshCommand' && git config --local --unset-all 'core.sshCommand' || :"
scan (7)	UNKNOWN STEP	2026-10-01T12:23:27.1517644Z [command]/usr/bin/git config --local --name-only --get-regexp http\.https\:\/\/github\.com\/\.extraheader
scan (7)	UNKNOWN STEP	2026-10-01T12:23:27.1549720Z [command]/usr/bin/git submodule foreach --recursive sh -c "git config --local --name-only --get-regexp 'http\.https\:\/\/github\.com\/\.extraheader' && git config --local --unset-all 'http.https://github.com/.extraheader' || :"
scan (7)	UNKNOWN STEP	2026-10-01T12:23:27.1748837Z [command]/usr/bin/git config --local --name-only --get-regexp ^includeIf\.gitdir:
scan (7)	UNKNOWN STEP	2026-10-01T12:23:27.1780069Z [command]/usr/bin/git submodule foreach --recursive git config --local --show-origin --name-only --get-regexp remote.origin.url
scan (7)	UNKNOWN STEP	2026-10-01T12:23:27.1961972Z [command]/usr/bin/git config --local http.https://github.com/.extraheader AUTHORIZATION: basic ***
scan (7)	UNKNOWN STEP	2026-10-01T12:23:27.1999801Z ##[endgroup]
scan (7)	UNKNOWN STEP	2026-10-01T12:23:27.2001023Z ##[group]Fetching the repository
scan (7)	UNKNOWN STEP	2026-10-01T12:23:27.2010425Z [command]/usr/bin/git -c protocol.version=2 fetch --no-tags --prune --no-recurse-submodules --depth=1 origin +c1596c883844a41df385784e2f583b96f43e349e:refs/remotes/origin/research-day-edge-lab-v2
scan (7)	UNKNOWN STEP	2026-10-01T12:23:28.3775861Z From https://github.com/duuu-hub/bb-scanner
scan (7)	UNKNOWN STEP	2026-10-01T12:23:28.3777031Z  * [new ref]         c1596c883844a41df385784e2f583b96f43e349e -> origin/research-day-edge-lab-v2
scan (7)	UNKNOWN STEP	2026-10-01T12:23:28.3778612Z ##[endgroup]
scan (7)	UNKNOWN STEP	2026-10-01T12:23:28.3779150Z ##[group]Determining the checkout info
scan (7)	UNKNOWN STEP	2026-10-01T12:23:28.3779740Z ##[endgroup]
scan (7)	UNKNOWN STEP	2026-10-01T12:23:28.3780107Z [command]/usr/bin/git sparse-checkout disable
scan (7)	UNKNOWN STEP	2026-10-01T12:23:28.3835338Z [command]/usr/bin/git config --local --unset-all extensions.worktreeConfig
scan (7)	UNKNOWN STEP	2026-10-01T12:23:28.3866856Z ##[group]Checking out the ref
scan (7)	UNKNOWN STEP	2026-10-01T12:23:28.3872033Z [command]/usr/bin/git checkout --progress --force -B research-day-edge-lab-v2 refs/remotes/origin/research-day-edge-lab-v2
scan (7)	UNKNOWN STEP	2026-10-01T12:23:28.6208599Z Switched to a new branch 'research-day-edge-lab-v2'
scan (7)	UNKNOWN STEP	2026-10-01T12:23:28.6213591Z branch 'research-day-edge-lab-v2' set up to track 'origin/research-day-edge-lab-v2'.
scan (7)	UNKNOWN STEP	2026-10-01T12:23:28.6225513Z ##[endgroup]
scan (7)	UNKNOWN STEP	2026-10-01T12:23:28.6265337Z [command]/usr/bin/git log -1 --format=%H
scan (7)	UNKNOWN STEP	2026-10-01T12:23:28.6288553Z c1596c883844a41df385784e2f583b96f43e349e
scan (7)	UNKNOWN STEP	2026-10-01T12:23:28.6536899Z ##[group]Run actions/setup-python@v5
scan (7)	UNKNOWN STEP	2026-10-01T12:23:28.6537308Z with:
scan (7)	UNKNOWN STEP	2026-10-01T12:23:28.6537622Z   python-version: 3.12
scan (7)	UNKNOWN STEP	2026-10-01T12:23:28.6537991Z   check-latest: false
scan (7)	UNKNOWN STEP	2026-10-01T12:23:28.6540326Z   token: ***
scan (7)	UNKNOWN STEP	2026-10-01T12:23:28.6540658Z   update-environment: true
scan (7)	UNKNOWN STEP	2026-10-01T12:23:28.6540995Z   allow-prereleases: false
scan (7)	UNKNOWN STEP	2026-10-01T12:23:28.6541330Z   freethreaded: false
scan (7)	UNKNOWN STEP	2026-10-01T12:23:28.6541662Z ##[endgroup]
scan (7)	UNKNOWN STEP	2026-10-01T12:23:28.7808842Z ##[group]Installed versions
scan (7)	UNKNOWN STEP	2026-10-01T12:23:28.9620405Z (node:2367) [DEP0040] DeprecationWarning: The `punycode` module is deprecated. Please use a userland alternative instead.
scan (7)	UNKNOWN STEP	2026-10-01T12:23:28.9622051Z (Use `node --trace-deprecation ...` to show where the warning was created)
scan (7)	UNKNOWN STEP	2026-10-01T12:23:28.9622882Z Successfully set up CPython (3.12.14)
scan (7)	UNKNOWN STEP	2026-10-01T12:23:28.9623906Z ##[endgroup]
scan (7)	UNKNOWN STEP	2026-10-01T12:23:28.9784159Z ##[group]Run pip install pandas==2.3.3 numpy==2.3.3
scan (7)	UNKNOWN STEP	2026-10-01T12:23:28.9784772Z ^[[36;1mpip install pandas==2.3.3 numpy==2.3.3^[[0m
scan (7)	UNKNOWN STEP	2026-10-01T12:23:29.0403655Z shell: /usr/bin/bash -e {0}
scan (7)	UNKNOWN STEP	2026-10-01T12:23:29.0404182Z env:
scan (7)	UNKNOWN STEP	2026-10-01T12:23:29.0404563Z   pythonLocation: /opt/hostedtoolcache/Python/3.12.14/x64
scan (7)	UNKNOWN STEP	2026-10-01T12:23:29.0405102Z   PKG_CONFIG_PATH: /opt/hostedtoolcache/Python/3.12.14/x64/lib/pkgconfig
scan (7)	UNKNOWN STEP	2026-10-01T12:23:29.0405705Z   Python_ROOT_DIR: /opt/hostedtoolcache/Python/3.12.14/x64
scan (7)	UNKNOWN STEP	2026-10-01T12:23:29.0406156Z   Python2_ROOT_DIR: /opt/hostedtoolcache/Python/3.12.14/x64
scan (7)	UNKNOWN STEP	2026-10-01T12:23:29.0406657Z   Python3_ROOT_DIR: /opt/hostedtoolcache/Python/3.12.14/x64
scan (7)	UNKNOWN STEP	2026-10-01T12:23:29.0407123Z   LD_LIBRARY_PATH: /opt/hostedtoolcache/Python/3.12.14/x64/lib
scan (7)	UNKNOWN STEP	2026-10-01T12:23:29.0407572Z ##[endgroup]
scan (7)	UNKNOWN STEP	2026-10-01T12:23:40.6482749Z Collecting pandas==2.3.3
scan (7)	UNKNOWN STEP	2026-10-01T12:23:40.7113816Z   Downloading pandas-2.3.3-cp312-cp312-manylinux_2_24_x86_64.manylinux_2_28_x86_64.whl.metadata (91 kB)
scan (7)	UNKNOWN STEP	2026-10-01T12:23:40.9202788Z Collecting numpy==2.3.3
scan (7)	UNKNOWN STEP	2026-10-01T12:23:40.9478674Z   Downloading numpy-2.3.3-cp312-cp312-manylinux_2_27_x86_64.manylinux_2_28_x86_64.whl.metadata (62 kB)
scan (7)	UNKNOWN STEP	2026-10-01T12:23:40.9695822Z Collecting python-dateutil>=2.8.2 (from pandas==2.3.3)
scan (7)	UNKNOWN STEP	2026-10-01T12:23:40.9725417Z   Downloading python_dateutil-2.9.0.post0-py2.py3-none-any.whl.metadata (8.4 kB)
scan (7)	UNKNOWN STEP	2026-10-01T12:23:41.0012717Z Collecting pytz>=2020.1 (from pandas==2.3.3)
scan (7)	UNKNOWN STEP	2026-10-01T12:23:41.0062825Z   Downloading pytz-2026.4-py2.py3-none-any.whl.metadata (22 kB)
scan (7)	UNKNOWN STEP	2026-10-01T12:23:41.0197310Z Collecting tzdata>=2022.7 (from pandas==2.3.3)
scan (7)	UNKNOWN STEP	2026-10-01T12:23:41.0225668Z   Downloading tzdata-2026.4-py2.py3-none-any.whl.metadata (1.4 kB)
scan (7)	UNKNOWN STEP	2026-10-01T12:23:41.0348893Z Collecting six>=1.5 (from python-dateutil>=2.8.2->pandas==2.3.3)
scan (7)	UNKNOWN STEP	2026-10-01T12:23:41.0388007Z   Downloading six-1.17.0-py2.py3-none-any.whl.metadata (1.7 kB)
scan (7)	UNKNOWN STEP	2026-10-01T12:23:41.0458791Z Downloading pandas-2.3.3-cp312-cp312-manylinux_2_24_x86_64.manylinux_2_28_x86_64.whl (12.4 MB)
scan (7)	UNKNOWN STEP	2026-10-01T12:23:41.1518701Z    ━━━━━━━━━━━━━━━━━━━━━━━━━━━━━━━━━━━━━━━━ 12.4/12.4 MB 119.7 MB/s  0:00:00
scan (7)	UNKNOWN STEP	2026-10-01T12:23:41.1554604Z Downloading numpy-2.3.3-cp312-cp312-manylinux_2_27_x86_64.manylinux_2_28_x86_64.whl (16.6 MB)
scan (7)	UNKNOWN STEP	2026-10-01T12:23:41.2993879Z    ━━━━━━━━━━━━━━━━━━━━━━━━━━━━━━━━━━━━━━━━ 16.6/16.6 MB 116.0 MB/s  0:00:00
scan (7)	UNKNOWN STEP	2026-10-01T12:23:41.3025497Z Downloading python_dateutil-2.9.0.post0-py2.py3-none-any.whl (229 kB)
scan (7)	UNKNOWN STEP	2026-10-01T12:23:41.3087260Z Downloading pytz-2026.4-py2.py3-none-any.whl (506 kB)
scan (7)	UNKNOWN STEP	2026-10-01T12:23:41.3166226Z Downloading six-1.17.0-py2.py3-none-any.whl (11 kB)
scan (7)	UNKNOWN STEP	2026-10-01T12:23:41.3216164Z Downloading tzdata-2026.4-py2.py3-none-any.whl (347 kB)
scan (7)	UNKNOWN STEP	2026-10-01T12:23:42.0173542Z Installing collected packages: pytz, tzdata, six, numpy, python-dateutil, pandas
scan (7)	UNKNOWN STEP	2026-10-01T12:23:48.1283526Z 
scan (7)	UNKNOWN STEP	2026-10-01T12:23:48.1297406Z Successfully installed numpy-2.3.3 pandas-2.3.3 python-dateutil-2.9.0.post0 pytz-2026.4 six-1.17.0 tzdata-2026.4
scan (7)	UNKNOWN STEP	2026-10-01T12:23:48.2048233Z ##[group]Run actions/cache@v4
scan (7)	UNKNOWN STEP	2026-10-01T12:23:48.2048587Z with:
scan (7)	UNKNOWN STEP	2026-10-01T12:23:48.2049067Z   path: cache/1m
scan (7)	UNKNOWN STEP	2026-10-01T12:23:48.2049467Z   key: day-edge-canon-v2-source-36095439671-shard-7
scan (7)	UNKNOWN STEP	2026-10-01T12:23:48.2049869Z   enableCrossOsArchive: false
scan (7)	UNKNOWN STEP	2026-10-01T12:23:48.2050241Z   fail-on-cache-miss: false
scan (7)	UNKNOWN STEP	2026-10-01T12:23:48.2050587Z   lookup-only: false
scan (7)	UNKNOWN STEP	2026-10-01T12:23:48.2050894Z   save-always: false
scan (7)	UNKNOWN STEP	2026-10-01T12:23:48.2051324Z env:
scan (7)	UNKNOWN STEP	2026-10-01T12:23:48.2051673Z   pythonLocation: /opt/hostedtoolcache/Python/3.12.14/x64
scan (7)	UNKNOWN STEP	2026-10-01T12:23:48.2052356Z   PKG_CONFIG_PATH: /opt/hostedtoolcache/Python/3.12.14/x64/lib/pkgconfig
scan (7)	UNKNOWN STEP	2026-10-01T12:23:48.2052903Z   Python_ROOT_DIR: /opt/hostedtoolcache/Python/3.12.14/x64
scan (7)	UNKNOWN STEP	2026-10-01T12:23:48.2053426Z   Python2_ROOT_DIR: /opt/hostedtoolcache/Python/3.12.14/x64
scan (7)	UNKNOWN STEP	2026-10-01T12:23:48.2053895Z   Python3_ROOT_DIR: /opt/hostedtoolcache/Python/3.12.14/x64
scan (7)	UNKNOWN STEP	2026-10-01T12:23:48.2054351Z   LD_LIBRARY_PATH: /opt/hostedtoolcache/Python/3.12.14/x64/lib
scan (7)	UNKNOWN STEP	2026-10-01T12:23:48.2054876Z ##[endgroup]
scan (7)	UNKNOWN STEP	2026-10-01T12:23:48.3119830Z (node:2400) [DEP0040] DeprecationWarning: The `punycode` module is deprecated. Please use a userland alternative instead.
scan (7)	UNKNOWN STEP	2026-10-01T12:23:48.3120745Z (Use `node --trace-deprecation ...` to show where the warning was created)
scan (7)	UNKNOWN STEP	2026-10-01T12:23:48.5702472Z Cache not found for input keys: day-edge-canon-v2-source-36095439671-shard-7
scan (7)	UNKNOWN STEP	2026-10-01T12:23:48.5784318Z ##[group]Run gh run download 36095439671 -R duuu-hub/bb-scanner -n rank5-binance-um-15m-5y-data-shard-7 -D data
scan (7)	UNKNOWN STEP	2026-10-01T12:23:48.5785158Z ^[[36;1mgh run download 36095439671 -R duuu-hub/bb-scanner -n rank5-binance-um-15m-5y-data-shard-7 -D data^[[0m
scan (7)	UNKNOWN STEP	2026-10-01T12:23:48.5785811Z ^[[36;1mgh run download 36858492497 -R duuu-hub/bb-scanner -n day-edge-v2-btc -D btc^[[0m
scan (7)	UNKNOWN STEP	2026-10-01T12:23:48.5825443Z shell: /usr/bin/bash -e {0}
scan (7)	UNKNOWN STEP	2026-10-01T12:23:48.5825887Z env:
scan (7)	UNKNOWN STEP	2026-10-01T12:23:48.5826253Z   pythonLocation: /opt/hostedtoolcache/Python/3.12.14/x64
scan (7)	UNKNOWN STEP	2026-10-01T12:23:48.5826853Z   PKG_CONFIG_PATH: /opt/hostedtoolcache/Python/3.12.14/x64/lib/pkgconfig
scan (7)	UNKNOWN STEP	2026-10-01T12:23:48.5827354Z   Python_ROOT_DIR: /opt/hostedtoolcache/Python/3.12.14/x64
scan (7)	UNKNOWN STEP	2026-10-01T12:23:48.5827809Z   Python2_ROOT_DIR: /opt/hostedtoolcache/Python/3.12.14/x64
scan (7)	UNKNOWN STEP	2026-10-01T12:23:48.5828283Z   Python3_ROOT_DIR: /opt/hostedtoolcache/Python/3.12.14/x64
scan (7)	UNKNOWN STEP	2026-10-01T12:23:48.5828853Z   LD_LIBRARY_PATH: /opt/hostedtoolcache/Python/3.12.14/x64/lib
scan (7)	UNKNOWN STEP	2026-10-01T12:23:48.5831234Z   GH_TOKEN: ***
scan (7)	UNKNOWN STEP	2026-10-01T12:23:48.5831559Z ##[endgroup]
scan (7)	UNKNOWN STEP	2026-10-01T12:23:54.2353246Z ##[group]Run actions/download-artifact@v4
scan (7)	UNKNOWN STEP	2026-10-01T12:23:54.2353674Z with:
scan (7)	UNKNOWN STEP	2026-10-01T12:23:54.2354094Z   name: day-edge-v2-frozen-selection
scan (7)	UNKNOWN STEP	2026-10-01T12:23:54.2354455Z   path: frozen-input
scan (7)	UNKNOWN STEP	2026-10-01T12:23:54.2354834Z   merge-multiple: false
scan (7)	UNKNOWN STEP	2026-10-01T12:23:54.2355186Z   repository: duuu-hub/bb-scanner
scan (7)	UNKNOWN STEP	2026-10-01T12:23:54.2355549Z   run-id: 36861359640
scan (7)	UNKNOWN STEP	2026-10-01T12:23:54.2355890Z env:
scan (7)	UNKNOWN STEP	2026-10-01T12:23:54.2356260Z   pythonLocation: /opt/hostedtoolcache/Python/3.12.14/x64
scan (7)	UNKNOWN STEP	2026-10-01T12:23:54.2356804Z   PKG_CONFIG_PATH: /opt/hostedtoolcache/Python/3.12.14/x64/lib/pkgconfig
scan (7)	UNKNOWN STEP	2026-10-01T12:23:54.2357353Z   Python_ROOT_DIR: /opt/hostedtoolcache/Python/3.12.14/x64
scan (7)	UNKNOWN STEP	2026-10-01T12:23:54.2357885Z   Python2_ROOT_DIR: /opt/hostedtoolcache/Python/3.12.14/x64
scan (7)	UNKNOWN STEP	2026-10-01T12:23:54.2358406Z   Python3_ROOT_DIR: /opt/hostedtoolcache/Python/3.12.14/x64
scan (7)	UNKNOWN STEP	2026-10-01T12:23:54.2358897Z   LD_LIBRARY_PATH: /opt/hostedtoolcache/Python/3.12.14/x64/lib
scan (7)	UNKNOWN STEP	2026-10-01T12:23:54.2359349Z ##[endgroup]
scan (7)	UNKNOWN STEP	2026-10-01T12:23:54.3816413Z Downloading single artifact
scan (7)	UNKNOWN STEP	2026-10-01T12:23:54.3958924Z (node:2428) [DEP0040] DeprecationWarning: The `punycode` module is deprecated. Please use a userland alternative instead.
scan (7)	UNKNOWN STEP	2026-10-01T12:23:54.3959695Z (Use `node --trace-deprecation ...` to show where the warning was created)
scan (7)	UNKNOWN STEP	2026-10-01T12:23:54.5494097Z Preparing to download the following artifacts:
scan (7)	UNKNOWN STEP	2026-10-01T12:23:54.5495450Z - day-edge-v2-frozen-selection (ID: 11160624466, Size: 3288, Expected Digest: sha256:f2f35defae027a62c91d1c9989afbad4b8709045c7a53bb3ed4fb4b7044ab788)
scan (7)	UNKNOWN STEP	2026-10-01T12:23:54.7100557Z Redirecting to blob download url: https://productionresultssa18.blob.core.windows.net/actions-results/34242db7-8627-8b8c-b3b8-0db014836193/workflow-job-run-d573c45a-a68e-57e4-939a-2465a68b3116/artifacts/a1ab5e558c97164c8c87a7cba61e1b7a4cc53e7c63ea3b99dbfd01b26ee4afb3.zip
scan (7)	UNKNOWN STEP	2026-10-01T12:23:54.7102809Z Starting download of artifact to: /home/runner/work/bb-scanner/bb-scanner/frozen-input
scan (7)	UNKNOWN STEP	2026-10-01T12:23:54.8293385Z (node:2428) [DEP0005] DeprecationWarning: Buffer() is deprecated due to security and usability issues. Please use the Buffer.alloc(), Buffer.allocUnsafe(), or Buffer.from() methods instead.
scan (7)	UNKNOWN STEP	2026-10-01T12:23:54.8359477Z SHA256 digest of downloaded artifact is f2f35defae027a62c91d1c9989afbad4b8709045c7a53bb3ed4fb4b7044ab788
scan (7)	UNKNOWN STEP	2026-10-01T12:23:54.8360216Z Artifact download completed successfully.
scan (7)	UNKNOWN STEP	2026-10-01T12:23:54.8360667Z Total of 1 artifact(s) downloaded
scan (7)	UNKNOWN STEP	2026-10-01T12:23:54.8364595Z Download artifact has finished successfully
scan (7)	UNKNOWN STEP	2026-10-01T12:23:54.8469794Z ##[group]Run python scripts/day_edge_canonical.py scan --data data --btc btc/BTCUSDT.csv.gz --selection frozen-input/selection.json --out canonical-7 --minute-cache cache/1m
scan (7)	UNKNOWN STEP	2026-10-01T12:23:54.8471854Z ^[[36;1mpython scripts/day_edge_canonical.py scan --data data --btc btc/BTCUSDT.csv.gz --selection frozen-input/selection.json --out canonical-7 --minute-cache cache/1m^[[0m
scan (7)	UNKNOWN STEP	2026-10-01T12:23:54.8530876Z shell: /usr/bin/bash -e {0}
scan (7)	UNKNOWN STEP	2026-10-01T12:23:54.8531403Z env:
scan (7)	UNKNOWN STEP	2026-10-01T12:23:54.8531946Z   pythonLocation: /opt/hostedtoolcache/Python/3.12.14/x64
scan (7)	UNKNOWN STEP	2026-10-01T12:23:54.8533084Z   PKG_CONFIG_PATH: /opt/hostedtoolcache/Python/3.12.14/x64/lib/pkgconfig
scan (7)	UNKNOWN STEP	2026-10-01T12:23:54.8533857Z   Python_ROOT_DIR: /opt/hostedtoolcache/Python/3.12.14/x64
scan (7)	UNKNOWN STEP	2026-10-01T12:23:54.8534562Z   Python2_ROOT_DIR: /opt/hostedtoolcache/Python/3.12.14/x64
scan (7)	UNKNOWN STEP	2026-10-01T12:23:54.8535284Z   Python3_ROOT_DIR: /opt/hostedtoolcache/Python/3.12.14/x64
scan (7)	UNKNOWN STEP	2026-10-01T12:23:54.8536175Z   LD_LIBRARY_PATH: /opt/hostedtoolcache/Python/3.12.14/x64/lib
scan (7)	UNKNOWN STEP	2026-10-01T12:23:54.8536756Z ##[endgroup]
scan (7)	UNKNOWN STEP	2026-10-01T12:24:00.4113052Z CANONICAL_SCAN 8 / 107 ANCUSDT outcomes 530
scan (7)	UNKNOWN STEP	2026-10-01T12:24:42.8905737Z CANONICAL_SCAN 24 / 107 CHZUSDT outcomes 2567
scan (7)	UNKNOWN STEP	2026-10-01T12:25:05.2147843Z CANONICAL_SCAN 40 / 107 FXSUSDT outcomes 3824
scan (7)	UNKNOWN STEP	2026-10-01T12:25:14.4851790Z CANONICAL_SCAN 48 / 107 IDUSDT outcomes 4214
scan (7)	UNKNOWN STEP	2026-10-01T12:25:41.8222811Z CANONICAL_SCAN 56 / 107 LOOMUSDT outcomes 5699
scan (7)	UNKNOWN STEP	2026-10-01T12:26:14.5521461Z CANONICAL_SCAN 80 / 107 RVNUSDT outcomes 7652
scan (7)	UNKNOWN STEP	2026-10-01T12:26:16.2627865Z CANONICAL_SCAN 88 / 107 STEEMUSDT outcomes 7775
scan (7)	UNKNOWN STEP	2026-10-01T12:26:38.3803691Z CANONICAL_SCAN 104 / 107 XTZUSDT outcomes 9464
scan (7)	UNKNOWN STEP	2026-10-01T12:26:38.6842573Z CANONICAL_SCAN_DONE 9464
scan (7)	UNKNOWN STEP	2026-10-01T12:26:38.7492129Z ##[group]Run actions/upload-artifact@v4
scan (7)	UNKNOWN STEP	2026-10-01T12:26:38.7492788Z with:
scan (7)	UNKNOWN STEP	2026-10-01T12:26:38.7493123Z   name: day-edge-v2-canonical-7
scan (7)	UNKNOWN STEP	2026-10-01T12:26:38.7493475Z   path: canonical-7/
scan (7)	UNKNOWN STEP	2026-10-01T12:26:38.7493775Z   retention-days: 30
scan (7)	UNKNOWN STEP	2026-10-01T12:26:38.7494177Z   compression-level: 0
scan (7)	UNKNOWN STEP	2026-10-01T12:26:38.7494496Z   if-no-files-found: warn
scan (7)	UNKNOWN STEP	2026-10-01T12:26:38.7494843Z   overwrite: false
scan (7)	UNKNOWN STEP	2026-10-01T12:26:38.7495176Z   include-hidden-files: false
scan (7)	UNKNOWN STEP	2026-10-01T12:26:38.7495538Z env:
scan (7)	UNKNOWN STEP	2026-10-01T12:26:38.7495927Z   pythonLocation: /opt/hostedtoolcache/Python/3.12.14/x64
scan (7)	UNKNOWN STEP	2026-10-01T12:26:38.7496445Z   PKG_CONFIG_PATH: /opt/hostedtoolcache/Python/3.12.14/x64/lib/pkgconfig
scan (7)	UNKNOWN STEP	2026-10-01T12:26:38.7496970Z   Python_ROOT_DIR: /opt/hostedtoolcache/Python/3.12.14/x64
scan (7)	UNKNOWN STEP	2026-10-01T12:26:38.7497461Z   Python2_ROOT_DIR: /opt/hostedtoolcache/Python/3.12.14/x64
scan (7)	UNKNOWN STEP	2026-10-01T12:26:38.7497948Z   Python3_ROOT_DIR: /opt/hostedtoolcache/Python/3.12.14/x64
scan (7)	UNKNOWN STEP	2026-10-01T12:26:38.7498527Z   LD_LIBRARY_PATH: /opt/hostedtoolcache/Python/3.12.14/x64/lib
scan (7)	UNKNOWN STEP	2026-10-01T12:26:38.7498950Z ##[endgroup]
scan (7)	UNKNOWN STEP	2026-10-01T12:26:38.9078759Z (node:2488) [DEP0040] DeprecationWarning: The `punycode` module is deprecated. Please use a userland alternative instead.
scan (7)	UNKNOWN STEP	2026-10-01T12:26:38.9080003Z (Use `node --trace-deprecation ...` to show where the warning was created)
scan (7)	UNKNOWN STEP	2026-10-01T12:26:38.9146046Z With the provided path, there will be 2 files uploaded
scan (7)	UNKNOWN STEP	2026-10-01T12:26:38.9147399Z Artifact name is valid!
scan (7)	UNKNOWN STEP	2026-10-01T12:26:38.9147804Z Root directory input is valid!
scan (7)	UNKNOWN STEP	2026-10-01T12:26:39.1649712Z Beginning upload of artifact content to blob storage
scan (7)	UNKNOWN STEP	2026-10-01T12:26:39.1846428Z (node:2488) [DEP0169] DeprecationWarning: `url.parse()` behavior is not standardized and prone to errors that have security implications. Use the WHATWG URL API instead. CVEs are not issued for `url.parse()` vulnerabilities.
scan (7)	UNKNOWN STEP	2026-10-01T12:26:39.3912795Z Uploaded bytes 302644
scan (7)	UNKNOWN STEP	2026-10-01T12:26:39.4328523Z Finished uploading artifact content to blob storage!
scan (7)	UNKNOWN STEP	2026-10-01T12:26:39.4329593Z SHA256 digest of uploaded artifact zip is 33e776030c0eba08280fb3ef23e6f14083926b118bf14a84b13291ec5c209575
scan (7)	UNKNOWN STEP	2026-10-01T12:26:39.4330581Z Finalizing artifact upload
scan (7)	UNKNOWN STEP	2026-10-01T12:26:39.6828423Z Artifact day-edge-v2-canonical-7.zip successfully finalized. Artifact ID 11161609483
scan (7)	UNKNOWN STEP	2026-10-01T12:26:39.6829518Z Artifact day-edge-v2-canonical-7 has been successfully uploaded! Final size is 302644 bytes. Artifact ID is 11161609483
scan (7)	UNKNOWN STEP	2026-10-01T12:26:39.6834898Z Artifact download URL: https://github.com/duuu-hub/bb-scanner/actions/runs/36861359640/artifacts/11161609483
scan (7)	UNKNOWN STEP	2026-10-01T12:26:39.6974648Z Post job cleanup.
scan (7)	UNKNOWN STEP	2026-10-01T12:26:39.8007669Z (node:2501) [DEP0040] DeprecationWarning: The `punycode` module is deprecated. Please use a userland alternative instead.
scan (7)	UNKNOWN STEP	2026-10-01T12:26:39.8008468Z (Use `node --trace-deprecation ...` to show where the warning was created)
scan (7)	UNKNOWN STEP	2026-10-01T12:26:39.8173214Z [command]/usr/bin/tar --posix -cf cache.tzst --exclude cache.tzst -P -C /home/runner/work/bb-scanner/bb-scanner --files-from manifest.txt --use-compress-program zstdmt
scan (7)	UNKNOWN STEP	2026-10-01T12:26:40.1342935Z (node:2501) [DEP0169] DeprecationWarning: `url.parse()` behavior is not standardized and prone to errors that have security implications. Use the WHATWG URL API instead. CVEs are not issued for `url.parse()` vulnerabilities.
scan (7)	UNKNOWN STEP	2026-10-01T12:26:40.8628954Z Sent 43439519 of 43439519 (100.0%), 56.3 MBs/sec
scan (7)	UNKNOWN STEP	2026-10-01T12:26:40.9521300Z Cache saved with key: day-edge-canon-v2-source-36095439671-shard-7
scan (7)	UNKNOWN STEP	2026-10-01T12:26:40.9635406Z Post job cleanup.
scan (7)	UNKNOWN STEP	2026-10-01T12:26:41.0797876Z (node:2521) [DEP0040] DeprecationWarning: The `punycode` module is deprecated. Please use a userland alternative instead.
scan (7)	UNKNOWN STEP	2026-10-01T12:26:41.0798742Z (Use `node --trace-deprecation ...` to show where the warning was created)
scan (7)	UNKNOWN STEP	2026-10-01T12:26:41.0986789Z Post job cleanup.
scan (7)	UNKNOWN STEP	2026-10-01T12:26:41.1859658Z [command]/usr/bin/git version
scan (7)	UNKNOWN STEP	2026-10-01T12:26:41.1895837Z git version 2.55.0
scan (7)	UNKNOWN STEP	2026-10-01T12:26:41.1927332Z Temporarily overriding HOME='/home/runner/work/_temp/4ca0880e-9f62-4f5d-a115-445d177dbdc4' before making global git config changes
scan (7)	UNKNOWN STEP	2026-10-01T12:26:41.1928834Z Adding repository directory to the temporary git global config as a safe directory
scan (7)	UNKNOWN STEP	2026-10-01T12:26:41.1933399Z [command]/usr/bin/git config --global --add safe.directory /home/runner/work/bb-scanner/bb-scanner
scan (7)	UNKNOWN STEP	2026-10-01T12:26:41.1970024Z [command]/usr/bin/git config --local --name-only --get-regexp core\.sshCommand
scan (7)	UNKNOWN STEP	2026-10-01T12:26:41.2002155Z [command]/usr/bin/git submodule foreach --recursive sh -c "git config --local --name-only --get-regexp 'core\.sshCommand' && git config --local --unset-all 'core.sshCommand' || :"
scan (7)	UNKNOWN STEP	2026-10-01T12:26:41.2213284Z [command]/usr/bin/git config --local --name-only --get-regexp http\.https\:\/\/github\.com\/\.extraheader
scan (7)	UNKNOWN STEP	2026-10-01T12:26:41.2240369Z http.https://github.com/.extraheader
scan (7)	UNKNOWN STEP	2026-10-01T12:26:41.2249793Z [command]/usr/bin/git config --local --unset-all http.https://github.com/.extraheader
scan (7)	UNKNOWN STEP	2026-10-01T12:26:41.2300651Z [command]/usr/bin/git submodule foreach --recursive sh -c "git config --local --name-only --get-regexp 'http\.https\:\/\/github\.com\/\.extraheader' && git config --local --unset-all 'http.https://github.com/.extraheader' || :"
scan (7)	UNKNOWN STEP	2026-10-01T12:26:41.2525729Z [command]/usr/bin/git config --local --name-only --get-regexp ^includeIf\.gitdir:
scan (7)	UNKNOWN STEP	2026-10-01T12:26:41.2556633Z [command]/usr/bin/git submodule foreach --recursive git config --local --show-origin --name-only --get-regexp remote.origin.url
scan (7)	UNKNOWN STEP	2026-10-01T12:26:41.2938565Z Cleaning up orphan processes
scan (7)	UNKNOWN STEP	2026-10-01T12:26:41.3188847Z ##[warning]Node.js 20 is deprecated. The following actions target Node.js 20 but are being forced to run on Node.js 24: actions/cache@v4, actions/checkout@v4, actions/download-artifact@v4, actions/setup-python@v5, actions/upload-artifact@v4. For more information see: https://github.blog/changelog/2025-09-19-deprecation-of-node-20-on-github-actions-runners/
scan (2)	UNKNOWN STEP	﻿2026-10-01T12:23:24.8907508Z Current runner version: '2.337.0'
scan (2)	UNKNOWN STEP	2026-10-01T12:23:24.8932513Z ##[group]Runner Image Provisioner
scan (2)	UNKNOWN STEP	2026-10-01T12:23:24.8933483Z Hosted Compute Agent
scan (2)	UNKNOWN STEP	2026-10-01T12:23:24.8934511Z Version: 20260828.587
scan (2)	UNKNOWN STEP	2026-10-01T12:23:24.8935153Z Commit: abac92662cab4cc7352de4f9f9d2e2419aad9c29
scan (2)	UNKNOWN STEP	2026-10-01T12:23:24.8935993Z Build Date: 2026-08-28T16:44:25Z
scan (2)	UNKNOWN STEP	2026-10-01T12:23:24.8936697Z Worker ID: {acd7a049-8afb-4434-97b4-3cfceefec255}
scan (2)	UNKNOWN STEP	2026-10-01T12:23:24.8937576Z Azure Region: northcentralus
scan (2)	UNKNOWN STEP	2026-10-01T12:23:24.8938223Z ##[endgroup]
scan (2)	UNKNOWN STEP	2026-10-01T12:23:24.8939714Z ##[group]Operating System
scan (2)	UNKNOWN STEP	2026-10-01T12:23:24.8940444Z Ubuntu
scan (2)	UNKNOWN STEP	2026-10-01T12:23:24.8940961Z 24.04.5
scan (2)	UNKNOWN STEP	2026-10-01T12:23:24.8941485Z LTS
scan (2)	UNKNOWN STEP	2026-10-01T12:23:24.8942105Z ##[endgroup]
scan (2)	UNKNOWN STEP	2026-10-01T12:23:24.8942658Z ##[group]Runner Image
scan (2)	UNKNOWN STEP	2026-10-01T12:23:24.8943706Z Image: ubuntu-24.04
scan (2)	UNKNOWN STEP	2026-10-01T12:23:24.8944699Z Version: 20260920.314.1
scan (2)	UNKNOWN STEP	2026-10-01T12:23:24.8946152Z Included Software: https://github.com/actions/runner-images/blob/ubuntu24/20260920.314/images/ubuntu/Ubuntu2404-Readme.md
scan (2)	UNKNOWN STEP	2026-10-01T12:23:24.8947836Z Image Release: https://github.com/actions/runner-images/releases/tag/ubuntu24%2F20260920.314
scan (2)	UNKNOWN STEP	2026-10-01T12:23:24.8948907Z ##[endgroup]
scan (2)	UNKNOWN STEP	2026-10-01T12:23:24.8950120Z ##[group]GITHUB_TOKEN Permissions
scan (2)	UNKNOWN STEP	2026-10-01T12:23:24.8952151Z Actions: read
scan (2)	UNKNOWN STEP	2026-10-01T12:23:24.8952776Z Contents: read
scan (2)	UNKNOWN STEP	2026-10-01T12:23:24.8953319Z Metadata: read
scan (2)	UNKNOWN STEP	2026-10-01T12:23:24.8954298Z ##[endgroup]
scan (2)	UNKNOWN STEP	2026-10-01T12:23:24.8956853Z Secret source: Actions
scan (2)	UNKNOWN STEP	2026-10-01T12:23:24.8957921Z Cache mode: write
scan (2)	UNKNOWN STEP	2026-10-01T12:23:24.8958843Z Prepare workflow directory
scan (2)	UNKNOWN STEP	2026-10-01T12:23:24.9392740Z Prepare all required actions
scan (2)	UNKNOWN STEP	2026-10-01T12:23:24.9463333Z Getting action download info
scan (2)	UNKNOWN STEP	2026-10-01T12:23:25.2549612Z Download action repository 'actions/checkout@v4' (SHA:11d5960a326750d5838078e36cf38b85af677262)
scan (2)	UNKNOWN STEP	2026-10-01T12:23:25.3377085Z Download action repository 'actions/setup-python@v5' (SHA:a26af69be951a213d495a4c3e4e4022e16d87065)
scan (2)	UNKNOWN STEP	2026-10-01T12:23:25.4170907Z Download action repository 'actions/cache@v4' (SHA:0057852bfaa89a56745cba8c7296529d2fc39830)
scan (2)	UNKNOWN STEP	2026-10-01T12:23:25.5126516Z Download action repository 'actions/download-artifact@v4' (SHA:d3f86a106a0bac45b974a628896c90dbdf5c8093)
scan (2)	UNKNOWN STEP	2026-10-01T12:23:25.8800600Z Download action repository 'actions/upload-artifact@v4' (SHA:ea165f8d65b6e75b540449e92b4886f43607fa02)
scan (2)	UNKNOWN STEP	2026-10-01T12:23:26.0976390Z Complete job name: scan (2)
scan (2)	UNKNOWN STEP	2026-10-01T12:23:26.1764593Z ##[group]Run actions/checkout@v4
scan (2)	UNKNOWN STEP	2026-10-01T12:23:26.1765676Z with:
scan (2)	UNKNOWN STEP	2026-10-01T12:23:26.1766129Z   repository: duuu-hub/bb-scanner
scan (2)	UNKNOWN STEP	2026-10-01T12:23:26.1770166Z   token: ***
scan (2)	UNKNOWN STEP	2026-10-01T12:23:26.1770593Z   ssh-strict: true
scan (2)	UNKNOWN STEP	2026-10-01T12:23:26.1771028Z   ssh-user: git
scan (2)	UNKNOWN STEP	2026-10-01T12:23:26.1771474Z   persist-credentials: true
scan (2)	UNKNOWN STEP	2026-10-01T12:23:26.1771977Z   clean: true
scan (2)	UNKNOWN STEP	2026-10-01T12:23:26.1772421Z   sparse-checkout-cone-mode: true
scan (2)	UNKNOWN STEP	2026-10-01T12:23:26.1772937Z   fetch-depth: 1
scan (2)	UNKNOWN STEP	2026-10-01T12:23:26.1773361Z   fetch-tags: false
scan (2)	UNKNOWN STEP	2026-10-01T12:23:26.1773981Z   show-progress: true
scan (2)	UNKNOWN STEP	2026-10-01T12:23:26.1774435Z   lfs: false
scan (2)	UNKNOWN STEP	2026-10-01T12:23:26.1774841Z   submodules: false
scan (2)	UNKNOWN STEP	2026-10-01T12:23:26.1775483Z   set-safe-directory: true
scan (2)	UNKNOWN STEP	2026-10-01T12:23:26.1776100Z   allow-unsafe-pr-checkout: false
scan (2)	UNKNOWN STEP	2026-10-01T12:23:26.1776968Z ##[endgroup]
scan (2)	UNKNOWN STEP	2026-10-01T12:23:26.2780193Z Syncing repository: duuu-hub/bb-scanner
scan (2)	UNKNOWN STEP	2026-10-01T12:23:26.2782727Z ##[group]Getting Git version info
scan (2)	UNKNOWN STEP	2026-10-01T12:23:26.2784247Z Working directory is '/home/runner/work/bb-scanner/bb-scanner'
scan (2)	UNKNOWN STEP	2026-10-01T12:23:26.2785986Z [command]/usr/bin/git version
scan (2)	UNKNOWN STEP	2026-10-01T12:23:26.2846952Z git version 2.55.0
scan (2)	UNKNOWN STEP	2026-10-01T12:23:26.2868571Z ##[endgroup]
scan (2)	UNKNOWN STEP	2026-10-01T12:23:26.2883564Z Temporarily overriding HOME='/home/runner/work/_temp/b33d7186-2d85-4779-b2fb-26dc2584275e' before making global git config changes
scan (2)	UNKNOWN STEP	2026-10-01T12:23:26.2886388Z Adding repository directory to the temporary git global config as a safe directory
scan (2)	UNKNOWN STEP	2026-10-01T12:23:26.2889175Z [command]/usr/bin/git config --global --add safe.directory /home/runner/work/bb-scanner/bb-scanner
scan (2)	UNKNOWN STEP	2026-10-01T12:23:26.2941864Z Deleting the contents of '/home/runner/work/bb-scanner/bb-scanner'
scan (2)	UNKNOWN STEP	2026-10-01T12:23:26.2946710Z ##[group]Initializing the repository
scan (2)	UNKNOWN STEP	2026-10-01T12:23:26.2950512Z [command]/usr/bin/git init /home/runner/work/bb-scanner/bb-scanner
scan (2)	UNKNOWN STEP	2026-10-01T12:23:26.3062475Z hint: Using 'master' as the name for the initial branch. This default branch name
scan (2)	UNKNOWN STEP	2026-10-01T12:23:26.3064633Z hint: will change to "main" in Git 3.0. To configure the initial branch name
scan (2)	UNKNOWN STEP	2026-10-01T12:23:26.3066702Z hint: to use in all of your new repositories, which will suppress this warning,
scan (2)	UNKNOWN STEP	2026-10-01T12:23:26.3068269Z hint: call:
scan (2)	UNKNOWN STEP	2026-10-01T12:23:26.3069412Z hint:
scan (2)	UNKNOWN STEP	2026-10-01T12:23:26.3070406Z hint: 	git config --global init.defaultBranch <name>
scan (2)	UNKNOWN STEP	2026-10-01T12:23:26.3073047Z hint:
scan (2)	UNKNOWN STEP	2026-10-01T12:23:26.3074459Z hint: Names commonly chosen instead of 'master' are 'main', 'trunk' and
scan (2)	UNKNOWN STEP	2026-10-01T12:23:26.3076312Z hint: 'development'. The just-created branch can be renamed via this command:
scan (2)	UNKNOWN STEP	2026-10-01T12:23:26.3077811Z hint:
scan (2)	UNKNOWN STEP	2026-10-01T12:23:26.3078651Z hint: 	git branch -m <name>
scan (2)	UNKNOWN STEP	2026-10-01T12:23:26.3079707Z hint:
scan (2)	UNKNOWN STEP	2026-10-01T12:23:26.3080928Z hint: Disable this message with "git config set advice.defaultBranchName false"
scan (2)	UNKNOWN STEP	2026-10-01T12:23:26.3082782Z Initialized empty Git repository in /home/runner/work/bb-scanner/bb-scanner/.git/
scan (2)	UNKNOWN STEP	2026-10-01T12:23:26.3087469Z [command]/usr/bin/git remote add origin https://github.com/duuu-hub/bb-scanner
scan (2)	UNKNOWN STEP	2026-10-01T12:23:26.3130529Z ##[endgroup]
scan (2)	UNKNOWN STEP	2026-10-01T12:23:26.3131949Z ##[group]Disabling automatic garbage collection
scan (2)	UNKNOWN STEP	2026-10-01T12:23:26.3136124Z [command]/usr/bin/git config --local gc.auto 0
scan (2)	UNKNOWN STEP	2026-10-01T12:23:26.3170152Z ##[endgroup]
scan (2)	UNKNOWN STEP	2026-10-01T12:23:26.3171747Z ##[group]Setting up auth
scan (2)	UNKNOWN STEP	2026-10-01T12:23:26.3178904Z [command]/usr/bin/git config --local --name-only --get-regexp core\.sshCommand
scan (2)	UNKNOWN STEP	2026-10-01T12:23:26.3216478Z [command]/usr/bin/git submodule foreach --recursive sh -c "git config --local --name-only --get-regexp 'core\.sshCommand' && git config --local --unset-all 'core.sshCommand' || :"
scan (2)	UNKNOWN STEP	2026-10-01T12:23:26.3585392Z [command]/usr/bin/git config --local --name-only --get-regexp http\.https\:\/\/github\.com\/\.extraheader
scan (2)	UNKNOWN STEP	2026-10-01T12:23:26.3638585Z [command]/usr/bin/git submodule foreach --recursive sh -c "git config --local --name-only --get-regexp 'http\.https\:\/\/github\.com\/\.extraheader' && git config --local --unset-all 'http.https://github.com/.extraheader' || :"
scan (2)	UNKNOWN STEP	2026-10-01T12:23:26.3904561Z [command]/usr/bin/git config --local --name-only --get-regexp ^includeIf\.gitdir:
scan (2)	UNKNOWN STEP	2026-10-01T12:23:26.3942385Z [command]/usr/bin/git submodule foreach --recursive git config --local --show-origin --name-only --get-regexp remote.origin.url
scan (2)	UNKNOWN STEP	2026-10-01T12:23:26.4175409Z [command]/usr/bin/git config --local http.https://github.com/.extraheader AUTHORIZATION: basic ***
scan (2)	UNKNOWN STEP	2026-10-01T12:23:26.4217390Z ##[endgroup]
scan (2)	UNKNOWN STEP	2026-10-01T12:23:26.4218434Z ##[group]Fetching the repository
scan (2)	UNKNOWN STEP	2026-10-01T12:23:26.4228055Z [command]/usr/bin/git -c protocol.version=2 fetch --no-tags --prune --no-recurse-submodules --depth=1 origin +c1596c883844a41df385784e2f583b96f43e349e:refs/remotes/origin/research-day-edge-lab-v2
scan (2)	UNKNOWN STEP	2026-10-01T12:23:27.5404930Z From https://github.com/duuu-hub/bb-scanner
scan (2)	UNKNOWN STEP	2026-10-01T12:23:27.5406690Z  * [new ref]         c1596c883844a41df385784e2f583b96f43e349e -> origin/research-day-edge-lab-v2
scan (2)	UNKNOWN STEP	2026-10-01T12:23:27.5410461Z ##[endgroup]
scan (2)	UNKNOWN STEP	2026-10-01T12:23:27.5412350Z ##[group]Determining the checkout info
scan (2)	UNKNOWN STEP	2026-10-01T12:23:27.5414210Z ##[endgroup]
scan (2)	UNKNOWN STEP	2026-10-01T12:23:27.5419163Z [command]/usr/bin/git sparse-checkout disable
scan (2)	UNKNOWN STEP	2026-10-01T12:23:27.5474294Z [command]/usr/bin/git config --local --unset-all extensions.worktreeConfig
scan (2)	UNKNOWN STEP	2026-10-01T12:23:27.5507856Z ##[group]Checking out the ref
scan (2)	UNKNOWN STEP	2026-10-01T12:23:27.5513103Z [command]/usr/bin/git checkout --progress --force -B research-day-edge-lab-v2 refs/remotes/origin/research-day-edge-lab-v2
scan (2)	UNKNOWN STEP	2026-10-01T12:23:27.7621821Z Switched to a new branch 'research-day-edge-lab-v2'
scan (2)	UNKNOWN STEP	2026-10-01T12:23:27.7645077Z branch 'research-day-edge-lab-v2' set up to track 'origin/research-day-edge-lab-v2'.
scan (2)	UNKNOWN STEP	2026-10-01T12:23:27.7646582Z ##[endgroup]
scan (2)	UNKNOWN STEP	2026-10-01T12:23:27.7685840Z [command]/usr/bin/git log -1 --format=%H
scan (2)	UNKNOWN STEP	2026-10-01T12:23:27.7712329Z c1596c883844a41df385784e2f583b96f43e349e
scan (2)	UNKNOWN STEP	2026-10-01T12:23:27.7988692Z ##[group]Run actions/setup-python@v5
scan (2)	UNKNOWN STEP	2026-10-01T12:23:27.7989078Z with:
scan (2)	UNKNOWN STEP	2026-10-01T12:23:27.7989328Z   python-version: 3.12
scan (2)	UNKNOWN STEP	2026-10-01T12:23:27.7989601Z   check-latest: false
scan (2)	UNKNOWN STEP	2026-10-01T12:23:27.7992041Z   token: ***
scan (2)	UNKNOWN STEP	2026-10-01T12:23:27.7992301Z   update-environment: true
scan (2)	UNKNOWN STEP	2026-10-01T12:23:27.7992594Z   allow-prereleases: false
scan (2)	UNKNOWN STEP	2026-10-01T12:23:27.7992873Z   freethreaded: false
scan (2)	UNKNOWN STEP	2026-10-01T12:23:27.7993126Z ##[endgroup]
scan (2)	UNKNOWN STEP	2026-10-01T12:23:27.9291637Z ##[group]Installed versions
scan (2)	UNKNOWN STEP	2026-10-01T12:23:27.9397896Z (node:2257) [DEP0040] DeprecationWarning: The `punycode` module is deprecated. Please use a userland alternative instead.
scan (2)	UNKNOWN STEP	2026-10-01T12:23:27.9399202Z (Use `node --trace-deprecation ...` to show where the warning was created)
scan (2)	UNKNOWN STEP	2026-10-01T12:23:27.9399993Z Successfully set up CPython (3.12.14)
scan (2)	UNKNOWN STEP	2026-10-01T12:23:27.9400861Z ##[endgroup]
scan (2)	UNKNOWN STEP	2026-10-01T12:23:27.9553462Z ##[group]Run pip install pandas==2.3.3 numpy==2.3.3
scan (2)	UNKNOWN STEP	2026-10-01T12:23:27.9554382Z ^[[36;1mpip install pandas==2.3.3 numpy==2.3.3^[[0m
scan (2)	UNKNOWN STEP	2026-10-01T12:23:27.9859769Z shell: /usr/bin/bash -e {0}
scan (2)	UNKNOWN STEP	2026-10-01T12:23:27.9860196Z env:
scan (2)	UNKNOWN STEP	2026-10-01T12:23:27.9860552Z   pythonLocation: /opt/hostedtoolcache/Python/3.12.14/x64
scan (2)	UNKNOWN STEP	2026-10-01T12:23:27.9861116Z   PKG_CONFIG_PATH: /opt/hostedtoolcache/Python/3.12.14/x64/lib/pkgconfig
scan (2)	UNKNOWN STEP	2026-10-01T12:23:27.9861666Z   Python_ROOT_DIR: /opt/hostedtoolcache/Python/3.12.14/x64
scan (2)	UNKNOWN STEP	2026-10-01T12:23:27.9862146Z   Python2_ROOT_DIR: /opt/hostedtoolcache/Python/3.12.14/x64
scan (2)	UNKNOWN STEP	2026-10-01T12:23:27.9862630Z   Python3_ROOT_DIR: /opt/hostedtoolcache/Python/3.12.14/x64
scan (2)	UNKNOWN STEP	2026-10-01T12:23:27.9863110Z   LD_LIBRARY_PATH: /opt/hostedtoolcache/Python/3.12.14/x64/lib
scan (2)	UNKNOWN STEP	2026-10-01T12:23:27.9863532Z ##[endgroup]
scan (2)	UNKNOWN STEP	2026-10-01T12:23:28.9291945Z Collecting pandas==2.3.3
scan (2)	UNKNOWN STEP	2026-10-01T12:23:28.9778792Z   Downloading pandas-2.3.3-cp312-cp312-manylinux_2_24_x86_64.manylinux_2_28_x86_64.whl.metadata (91 kB)
scan (2)	UNKNOWN STEP	2026-10-01T12:23:29.2178284Z Collecting numpy==2.3.3
scan (2)	UNKNOWN STEP	2026-10-01T12:23:29.2213055Z   Downloading numpy-2.3.3-cp312-cp312-manylinux_2_27_x86_64.manylinux_2_28_x86_64.whl.metadata (62 kB)
scan (2)	UNKNOWN STEP	2026-10-01T12:23:29.2474231Z Collecting python-dateutil>=2.8.2 (from pandas==2.3.3)
scan (2)	UNKNOWN STEP	2026-10-01T12:23:29.2505040Z   Downloading python_dateutil-2.9.0.post0-py2.py3-none-any.whl.metadata (8.4 kB)
scan (2)	UNKNOWN STEP	2026-10-01T12:23:29.2831689Z Collecting pytz>=2020.1 (from pandas==2.3.3)
scan (2)	UNKNOWN STEP	2026-10-01T12:23:29.2863643Z   Downloading pytz-2026.4-py2.py3-none-any.whl.metadata (22 kB)
scan (2)	UNKNOWN STEP	2026-10-01T12:23:29.3013867Z Collecting tzdata>=2022.7 (from pandas==2.3.3)
scan (2)	UNKNOWN STEP	2026-10-01T12:23:29.3046091Z   Downloading tzdata-2026.4-py2.py3-none-any.whl.metadata (1.4 kB)
scan (2)	UNKNOWN STEP	2026-10-01T12:23:29.3184282Z Collecting six>=1.5 (from python-dateutil>=2.8.2->pandas==2.3.3)
scan (2)	UNKNOWN STEP	2026-10-01T12:23:29.3218535Z   Downloading six-1.17.0-py2.py3-none-any.whl.metadata (1.7 kB)
scan (2)	UNKNOWN STEP	2026-10-01T12:23:29.3301168Z Downloading pandas-2.3.3-cp312-cp312-manylinux_2_24_x86_64.manylinux_2_28_x86_64.whl (12.4 MB)
scan (2)	UNKNOWN STEP	2026-10-01T12:23:29.3777572Z    ━━━━━━━━━━━━━━━━━━━━━━━━━━━━━━━━━━━━━━━━ 12.4/12.4 MB 289.0 MB/s  0:00:00
scan (2)	UNKNOWN STEP	2026-10-01T12:23:29.3812853Z Downloading numpy-2.3.3-cp312-cp312-manylinux_2_27_x86_64.manylinux_2_28_x86_64.whl (16.6 MB)
scan (2)	UNKNOWN STEP	2026-10-01T12:23:29.4445148Z    ━━━━━━━━━━━━━━━━━━━━━━━━━━━━━━━━━━━━━━━━ 16.6/16.6 MB 271.6 MB/s  0:00:00
scan (2)	UNKNOWN STEP	2026-10-01T12:23:29.4481721Z Downloading python_dateutil-2.9.0.post0-py2.py3-none-any.whl (229 kB)
scan (2)	UNKNOWN STEP	2026-10-01T12:23:29.4544848Z Downloading pytz-2026.4-py2.py3-none-any.whl (506 kB)
scan (2)	UNKNOWN STEP	2026-10-01T12:23:29.4605977Z Downloading six-1.17.0-py2.py3-none-any.whl (11 kB)
scan (2)	UNKNOWN STEP	2026-10-01T12:23:29.4661837Z Downloading tzdata-2026.4-py2.py3-none-any.whl (347 kB)
scan (2)	UNKNOWN STEP	2026-10-01T12:23:29.6284464Z Installing collected packages: pytz, tzdata, six, numpy, python-dateutil, pandas
scan (2)	UNKNOWN STEP	2026-10-01T12:23:36.5563258Z 
scan (2)	UNKNOWN STEP	2026-10-01T12:23:36.5577720Z Successfully installed numpy-2.3.3 pandas-2.3.3 python-dateutil-2.9.0.post0 pytz-2026.4 six-1.17.0 tzdata-2026.4
scan (2)	UNKNOWN STEP	2026-10-01T12:23:36.6248691Z ##[group]Run actions/cache@v4
scan (2)	UNKNOWN STEP	2026-10-01T12:23:36.6248978Z with:
scan (2)	UNKNOWN STEP	2026-10-01T12:23:36.6249429Z   path: cache/1m
scan (2)	UNKNOWN STEP	2026-10-01T12:23:36.6249697Z   key: day-edge-canon-v2-source-36095439671-shard-2
scan (2)	UNKNOWN STEP	2026-10-01T12:23:36.6250023Z   enableCrossOsArchive: false
scan (2)	UNKNOWN STEP	2026-10-01T12:23:36.6250278Z   fail-on-cache-miss: false
scan (2)	UNKNOWN STEP	2026-10-01T12:23:36.6250541Z   lookup-only: false
scan (2)	UNKNOWN STEP	2026-10-01T12:23:36.6250755Z   save-always: false
scan (2)	UNKNOWN STEP	2026-10-01T12:23:36.6250986Z env:
scan (2)	UNKNOWN STEP	2026-10-01T12:23:36.6251237Z   pythonLocation: /opt/hostedtoolcache/Python/3.12.14/x64
scan (2)	UNKNOWN STEP	2026-10-01T12:23:36.6251665Z   PKG_CONFIG_PATH: /opt/hostedtoolcache/Python/3.12.14/x64/lib/pkgconfig
scan (2)	UNKNOWN STEP	2026-10-01T12:23:36.6252082Z   Python_ROOT_DIR: /opt/hostedtoolcache/Python/3.12.14/x64
scan (2)	UNKNOWN STEP	2026-10-01T12:23:36.6252464Z   Python2_ROOT_DIR: /opt/hostedtoolcache/Python/3.12.14/x64
scan (2)	UNKNOWN STEP	2026-10-01T12:23:36.6252840Z   Python3_ROOT_DIR: /opt/hostedtoolcache/Python/3.12.14/x64
scan (2)	UNKNOWN STEP	2026-10-01T12:23:36.6253226Z   LD_LIBRARY_PATH: /opt/hostedtoolcache/Python/3.12.14/x64/lib
scan (2)	UNKNOWN STEP	2026-10-01T12:23:36.6253579Z ##[endgroup]
scan (2)	UNKNOWN STEP	2026-10-01T12:23:36.7297346Z (node:2292) [DEP0040] DeprecationWarning: The `punycode` module is deprecated. Please use a userland alternative instead.
scan (2)	UNKNOWN STEP	2026-10-01T12:23:36.7298494Z (Use `node --trace-deprecation ...` to show where the warning was created)
scan (2)	UNKNOWN STEP	2026-10-01T12:23:36.8288035Z Cache not found for input keys: day-edge-canon-v2-source-36095439671-shard-2
scan (2)	UNKNOWN STEP	2026-10-01T12:23:36.8376346Z ##[group]Run gh run download 36095439671 -R duuu-hub/bb-scanner -n rank5-binance-um-15m-5y-data-shard-2 -D data
scan (2)	UNKNOWN STEP	2026-10-01T12:23:36.8377219Z ^[[36;1mgh run download 36095439671 -R duuu-hub/bb-scanner -n rank5-binance-um-15m-5y-data-shard-2 -D data^[[0m
scan (2)	UNKNOWN STEP	2026-10-01T12:23:36.8377876Z ^[[36;1mgh run download 36858492497 -R duuu-hub/bb-scanner -n day-edge-v2-btc -D btc^[[0m
scan (2)	UNKNOWN STEP	2026-10-01T12:23:36.8444925Z shell: /usr/bin/bash -e {0}
scan (2)	UNKNOWN STEP	2026-10-01T12:23:36.8445200Z env:
scan (2)	UNKNOWN STEP	2026-10-01T12:23:36.8445474Z   pythonLocation: /opt/hostedtoolcache/Python/3.12.14/x64
scan (2)	UNKNOWN STEP	2026-10-01T12:23:36.8445935Z   PKG_CONFIG_PATH: /opt/hostedtoolcache/Python/3.12.14/x64/lib/pkgconfig
scan (2)	UNKNOWN STEP	2026-10-01T12:23:36.8446381Z   Python_ROOT_DIR: /opt/hostedtoolcache/Python/3.12.14/x64
scan (2)	UNKNOWN STEP	2026-10-01T12:23:36.8446808Z   Python2_ROOT_DIR: /opt/hostedtoolcache/Python/3.12.14/x64
scan (2)	UNKNOWN STEP	2026-10-01T12:23:36.8447194Z   Python3_ROOT_DIR: /opt/hostedtoolcache/Python/3.12.14/x64
scan (2)	UNKNOWN STEP	2026-10-01T12:23:36.8447618Z   LD_LIBRARY_PATH: /opt/hostedtoolcache/Python/3.12.14/x64/lib
scan (2)	UNKNOWN STEP	2026-10-01T12:23:36.8450205Z   GH_TOKEN: ***
scan (2)	UNKNOWN STEP	2026-10-01T12:23:36.8450415Z ##[endgroup]
scan (2)	UNKNOWN STEP	2026-10-01T12:23:42.5843105Z ##[group]Run actions/download-artifact@v4
scan (2)	UNKNOWN STEP	2026-10-01T12:23:42.5843417Z with:
scan (2)	UNKNOWN STEP	2026-10-01T12:23:42.5843628Z   name: day-edge-v2-frozen-selection
scan (2)	UNKNOWN STEP	2026-10-01T12:23:42.5844323Z   path: frozen-input
scan (2)	UNKNOWN STEP	2026-10-01T12:23:42.5844552Z   merge-multiple: false
scan (2)	UNKNOWN STEP	2026-10-01T12:23:42.5844780Z   repository: duuu-hub/bb-scanner
scan (2)	UNKNOWN STEP	2026-10-01T12:23:42.5845018Z   run-id: 36861359640
scan (2)	UNKNOWN STEP	2026-10-01T12:23:42.5845230Z env:
scan (2)	UNKNOWN STEP	2026-10-01T12:23:42.5845471Z   pythonLocation: /opt/hostedtoolcache/Python/3.12.14/x64
scan (2)	UNKNOWN STEP	2026-10-01T12:23:42.5845894Z   PKG_CONFIG_PATH: /opt/hostedtoolcache/Python/3.12.14/x64/lib/pkgconfig
scan (2)	UNKNOWN STEP	2026-10-01T12:23:42.5846334Z   Python_ROOT_DIR: /opt/hostedtoolcache/Python/3.12.14/x64
scan (2)	UNKNOWN STEP	2026-10-01T12:23:42.5846706Z   Python2_ROOT_DIR: /opt/hostedtoolcache/Python/3.12.14/x64
scan (2)	UNKNOWN STEP	2026-10-01T12:23:42.5847082Z   Python3_ROOT_DIR: /opt/hostedtoolcache/Python/3.12.14/x64
scan (2)	UNKNOWN STEP	2026-10-01T12:23:42.5847462Z   LD_LIBRARY_PATH: /opt/hostedtoolcache/Python/3.12.14/x64/lib
scan (2)	UNKNOWN STEP	2026-10-01T12:23:42.5847782Z ##[endgroup]
scan (2)	UNKNOWN STEP	2026-10-01T12:23:42.7369359Z Downloading single artifact
scan (2)	UNKNOWN STEP	2026-10-01T12:23:42.7517913Z (node:2320) [DEP0040] DeprecationWarning: The `punycode` module is deprecated. Please use a userland alternative instead.
scan (2)	UNKNOWN STEP	2026-10-01T12:23:42.7519142Z (Use `node --trace-deprecation ...` to show where the warning was created)
scan (2)	UNKNOWN STEP	2026-10-01T12:23:42.8713647Z Preparing to download the following artifacts:
scan (2)	UNKNOWN STEP	2026-10-01T12:23:42.8715058Z - day-edge-v2-frozen-selection (ID: 11160624466, Size: 3288, Expected Digest: sha256:f2f35defae027a62c91d1c9989afbad4b8709045c7a53bb3ed4fb4b7044ab788)
scan (2)	UNKNOWN STEP	2026-10-01T12:23:43.0374375Z Redirecting to blob download url: https://productionresultssa18.blob.core.windows.net/actions-results/34242db7-8627-8b8c-b3b8-0db014836193/workflow-job-run-d573c45a-a68e-57e4-939a-2465a68b3116/artifacts/a1ab5e558c97164c8c87a7cba61e1b7a4cc53e7c63ea3b99dbfd01b26ee4afb3.zip
scan (2)	UNKNOWN STEP	2026-10-01T12:23:43.0376930Z Starting download of artifact to: /home/runner/work/bb-scanner/bb-scanner/frozen-input
scan (2)	UNKNOWN STEP	2026-10-01T12:23:43.1442593Z (node:2320) [DEP0005] DeprecationWarning: Buffer() is deprecated due to security and usability issues. Please use the Buffer.alloc(), Buffer.allocUnsafe(), or Buffer.from() methods instead.
scan (2)	UNKNOWN STEP	2026-10-01T12:23:43.1512362Z SHA256 digest of downloaded artifact is f2f35defae027a62c91d1c9989afbad4b8709045c7a53bb3ed4fb4b7044ab788
scan (2)	UNKNOWN STEP	2026-10-01T12:23:43.1513341Z Artifact download completed successfully.
scan (2)	UNKNOWN STEP	2026-10-01T12:23:43.1514071Z Total of 1 artifact(s) downloaded
scan (2)	UNKNOWN STEP	2026-10-01T12:23:43.1518745Z Download artifact has finished successfully
scan (2)	UNKNOWN STEP	2026-10-01T12:23:43.1641151Z ##[group]Run python scripts/day_edge_canonical.py scan --data data --btc btc/BTCUSDT.csv.gz --selection frozen-input/selection.json --out canonical-2 --minute-cache cache/1m
scan (2)	UNKNOWN STEP	2026-10-01T12:23:43.1643252Z ^[[36;1mpython scripts/day_edge_canonical.py scan --data data --btc btc/BTCUSDT.csv.gz --selection frozen-input/selection.json --out canonical-2 --minute-cache cache/1m^[[0m
scan (2)	UNKNOWN STEP	2026-10-01T12:23:43.1711706Z shell: /usr/bin/bash -e {0}
scan (2)	UNKNOWN STEP	2026-10-01T12:23:43.1712038Z env:
scan (2)	UNKNOWN STEP	2026-10-01T12:23:43.1712321Z   pythonLocation: /opt/hostedtoolcache/Python/3.12.14/x64
scan (2)	UNKNOWN STEP	2026-10-01T12:23:43.1712790Z   PKG_CONFIG_PATH: /opt/hostedtoolcache/Python/3.12.14/x64/lib/pkgconfig
scan (2)	UNKNOWN STEP	2026-10-01T12:23:43.1713236Z   Python_ROOT_DIR: /opt/hostedtoolcache/Python/3.12.14/x64
scan (2)	UNKNOWN STEP	2026-10-01T12:23:43.1713626Z   Python2_ROOT_DIR: /opt/hostedtoolcache/Python/3.12.14/x64
scan (2)	UNKNOWN STEP	2026-10-01T12:23:43.1714268Z   Python3_ROOT_DIR: /opt/hostedtoolcache/Python/3.12.14/x64
scan (2)	UNKNOWN STEP	2026-10-01T12:23:43.1714700Z   LD_LIBRARY_PATH: /opt/hostedtoolcache/Python/3.12.14/x64/lib
scan (2)	UNKNOWN STEP	2026-10-01T12:23:43.1715035Z ##[endgroup]
scan (2)	UNKNOWN STEP	2026-10-01T12:23:57.1577002Z CANONICAL_SCAN 16 / 107 BCHUSDT outcomes 561
scan (2)	UNKNOWN STEP	2026-10-01T12:24:07.1070381Z CANONICAL_SCAN 32 / 107 DODOXUSDT outcomes 1473
scan (2)	UNKNOWN STEP	2026-10-01T12:24:25.4525830Z CANONICAL_SCAN 40 / 107 FTMUSDT outcomes 2814
scan (2)	UNKNOWN STEP	2026-10-01T12:26:06.7834473Z CANONICAL_SCAN 72 / 107 PEOPLEUSDT outcomes 8893
scan (2)	UNKNOWN STEP	2026-10-01T12:26:10.7322322Z CANONICAL_SCAN 88 / 107 SRMUSDT outcomes 9232
scan (2)	UNKNOWN STEP	2026-10-01T12:26:50.0171844Z CANONICAL_SCAN_DONE 11504
scan (2)	UNKNOWN STEP	2026-10-01T12:26:50.0846360Z ##[group]Run actions/upload-artifact@v4
scan (2)	UNKNOWN STEP	2026-10-01T12:26:50.0846681Z with:
scan (2)	UNKNOWN STEP	2026-10-01T12:26:50.0846887Z   name: day-edge-v2-canonical-2
scan (2)	UNKNOWN STEP	2026-10-01T12:26:50.0847139Z   path: canonical-2/
scan (2)	UNKNOWN STEP	2026-10-01T12:26:50.0847358Z   retention-days: 30
scan (2)	UNKNOWN STEP	2026-10-01T12:26:50.0847568Z   compression-level: 0
scan (2)	UNKNOWN STEP	2026-10-01T12:26:50.0847792Z   if-no-files-found: warn
scan (2)	UNKNOWN STEP	2026-10-01T12:26:50.0848015Z   overwrite: false
scan (2)	UNKNOWN STEP	2026-10-01T12:26:50.0848231Z   include-hidden-files: false
scan (2)	UNKNOWN STEP	2026-10-01T12:26:50.0848496Z env:
scan (2)	UNKNOWN STEP	2026-10-01T12:26:50.0848753Z   pythonLocation: /opt/hostedtoolcache/Python/3.12.14/x64
scan (2)	UNKNOWN STEP	2026-10-01T12:26:50.0849196Z   PKG_CONFIG_PATH: /opt/hostedtoolcache/Python/3.12.14/x64/lib/pkgconfig
scan (2)	UNKNOWN STEP	2026-10-01T12:26:50.0849640Z   Python_ROOT_DIR: /opt/hostedtoolcache/Python/3.12.14/x64
scan (2)	UNKNOWN STEP	2026-10-01T12:26:50.0850037Z   Python2_ROOT_DIR: /opt/hostedtoolcache/Python/3.12.14/x64
scan (2)	UNKNOWN STEP	2026-10-01T12:26:50.0850430Z   Python3_ROOT_DIR: /opt/hostedtoolcache/Python/3.12.14/x64
scan (2)	UNKNOWN STEP	2026-10-01T12:26:50.0850864Z   LD_LIBRARY_PATH: /opt/hostedtoolcache/Python/3.12.14/x64/lib
scan (2)	UNKNOWN STEP	2026-10-01T12:26:50.0851214Z ##[endgroup]
scan (2)	UNKNOWN STEP	2026-10-01T12:26:50.2554205Z (node:2375) [DEP0040] DeprecationWarning: The `punycode` module is deprecated. Please use a userland alternative instead.
scan (2)	UNKNOWN STEP	2026-10-01T12:26:50.2555361Z (Use `node --trace-deprecation ...` to show where the warning was created)
scan (2)	UNKNOWN STEP	2026-10-01T12:26:50.2628830Z With the provided path, there will be 2 files uploaded
scan (2)	UNKNOWN STEP	2026-10-01T12:26:50.2629601Z Artifact name is valid!
scan (2)	UNKNOWN STEP	2026-10-01T12:26:50.2629874Z Root directory input is valid!
scan (2)	UNKNOWN STEP	2026-10-01T12:26:50.5376029Z Beginning upload of artifact content to blob storage
scan (2)	UNKNOWN STEP	2026-10-01T12:26:50.5613265Z (node:2375) [DEP0169] DeprecationWarning: `url.parse()` behavior is not standardized and prone to errors that have security implications. Use the WHATWG URL API instead. CVEs are not issued for `url.parse()` vulnerabilities.
scan (2)	UNKNOWN STEP	2026-10-01T12:26:50.7508894Z Uploaded bytes 373793
scan (2)	UNKNOWN STEP	2026-10-01T12:26:50.7852791Z Finished uploading artifact content to blob storage!
scan (2)	UNKNOWN STEP	2026-10-01T12:26:50.7854150Z SHA256 digest of uploaded artifact zip is 5366afcb18dd0b91b305d8e6aec0ecf95e5033d8929373fc0ede9450357d0d21
scan (2)	UNKNOWN STEP	2026-10-01T12:26:50.7855283Z Finalizing artifact upload
scan (2)	UNKNOWN STEP	2026-10-01T12:26:51.0208777Z Artifact day-edge-v2-canonical-2.zip successfully finalized. Artifact ID 11161864431
scan (2)	UNKNOWN STEP	2026-10-01T12:26:51.0209977Z Artifact day-edge-v2-canonical-2 has been successfully uploaded! Final size is 373793 bytes. Artifact ID is 11161864431
scan (2)	UNKNOWN STEP	2026-10-01T12:26:51.0216445Z Artifact download URL: https://github.com/duuu-hub/bb-scanner/actions/runs/36861359640/artifacts/11161864431
scan (2)	UNKNOWN STEP	2026-10-01T12:26:51.0379299Z Post job cleanup.
scan (2)	UNKNOWN STEP	2026-10-01T12:26:51.1474849Z (node:2387) [DEP0040] DeprecationWarning: The `punycode` module is deprecated. Please use a userland alternative instead.
scan (2)	UNKNOWN STEP	2026-10-01T12:26:51.1475971Z (Use `node --trace-deprecation ...` to show where the warning was created)
scan (2)	UNKNOWN STEP	2026-10-01T12:26:51.1676755Z [command]/usr/bin/tar --posix -cf cache.tzst --exclude cache.tzst -P -C /home/runner/work/bb-scanner/bb-scanner --files-from manifest.txt --use-compress-program zstdmt
scan (2)	UNKNOWN STEP	2026-10-01T12:26:51.4171520Z (node:2387) [DEP0169] DeprecationWarning: `url.parse()` behavior is not standardized and prone to errors that have security implications. Use the WHATWG URL API instead. CVEs are not issued for `url.parse()` vulnerabilities.
scan (2)	UNKNOWN STEP	2026-10-01T12:26:52.1161753Z Sent 49392954 of 49392954 (100.0%), 66.6 MBs/sec
scan (2)	UNKNOWN STEP	2026-10-01T12:26:52.2138147Z Cache saved with key: day-edge-canon-v2-source-36095439671-shard-2
scan (2)	UNKNOWN STEP	2026-10-01T12:26:52.2272658Z Post job cleanup.
scan (2)	UNKNOWN STEP	2026-10-01T12:26:52.3511843Z (node:2408) [DEP0040] DeprecationWarning: The `punycode` module is deprecated. Please use a userland alternative instead.
scan (2)	UNKNOWN STEP	2026-10-01T12:26:52.3512795Z (Use `node --trace-deprecation ...` to show where the warning was created)
scan (2)	UNKNOWN STEP	2026-10-01T12:26:52.3724752Z Post job cleanup.
scan (2)	UNKNOWN STEP	2026-10-01T12:26:52.4673915Z [command]/usr/bin/git version
scan (2)	UNKNOWN STEP	2026-10-01T12:26:52.4719184Z git version 2.55.0
scan (2)	UNKNOWN STEP	2026-10-01T12:26:52.4758280Z Temporarily overriding HOME='/home/runner/work/_temp/dad2a6ac-38d3-4b99-b0e1-cd41c5e55c7e' before making global git config changes
scan (2)	UNKNOWN STEP	2026-10-01T12:26:52.4759642Z Adding repository directory to the temporary git global config as a safe directory
scan (2)	UNKNOWN STEP	2026-10-01T12:26:52.4764424Z [command]/usr/bin/git config --global --add safe.directory /home/runner/work/bb-scanner/bb-scanner
scan (2)	UNKNOWN STEP	2026-10-01T12:26:52.4807820Z [command]/usr/bin/git config --local --name-only --get-regexp core\.sshCommand
scan (2)	UNKNOWN STEP	2026-10-01T12:26:52.4850233Z [command]/usr/bin/git submodule foreach --recursive sh -c "git config --local --name-only --get-regexp 'core\.sshCommand' && git config --local --unset-all 'core.sshCommand' || :"
scan (2)	UNKNOWN STEP	2026-10-01T12:26:52.5116591Z [command]/usr/bin/git config --local --name-only --get-regexp http\.https\:\/\/github\.com\/\.extraheader
scan (2)	UNKNOWN STEP	2026-10-01T12:26:52.5164559Z http.https://github.com/.extraheader
scan (2)	UNKNOWN STEP	2026-10-01T12:26:52.5183275Z [command]/usr/bin/git config --local --unset-all http.https://github.com/.extraheader
scan (2)	UNKNOWN STEP	2026-10-01T12:26:52.5223604Z [command]/usr/bin/git submodule foreach --recursive sh -c "git config --local --name-only --get-regexp 'http\.https\:\/\/github\.com\/\.extraheader' && git config --local --unset-all 'http.https://github.com/.extraheader' || :"
scan (2)	UNKNOWN STEP	2026-10-01T12:26:52.5496467Z [command]/usr/bin/git config --local --name-only --get-regexp ^includeIf\.gitdir:
scan (2)	UNKNOWN STEP	2026-10-01T12:26:52.5535805Z [command]/usr/bin/git submodule foreach --recursive git config --local --show-origin --name-only --get-regexp remote.origin.url
scan (2)	UNKNOWN STEP	2026-10-01T12:26:52.5962720Z Cleaning up orphan processes
scan (2)	UNKNOWN STEP	2026-10-01T12:26:52.6265808Z ##[warning]Node.js 20 is deprecated. The following actions target Node.js 20 but are being forced to run on Node.js 24: actions/cache@v4, actions/checkout@v4, actions/download-artifact@v4, actions/setup-python@v5, actions/upload-artifact@v4. For more information see: https://github.blog/changelog/2025-09-19-deprecation-of-node-20-on-github-actions-runners/
scan (1)	UNKNOWN STEP	﻿2026-10-01T12:23:25.7470495Z Current runner version: '2.337.0'
scan (1)	UNKNOWN STEP	2026-10-01T12:23:25.7496609Z ##[group]Runner Image Provisioner
scan (1)	UNKNOWN STEP	2026-10-01T12:23:25.7497991Z Hosted Compute Agent
scan (1)	UNKNOWN STEP	2026-10-01T12:23:25.7498666Z Version: 20260901.588
scan (1)	UNKNOWN STEP	2026-10-01T12:23:25.7499335Z Commit: f88ec8081b781fac6c440065ac7ff9e710ce3d0b
scan (1)	UNKNOWN STEP	2026-10-01T12:23:25.7500083Z Build Date: 2026-09-01T19:56:44Z
scan (1)	UNKNOWN STEP	2026-10-01T12:23:25.7500872Z Worker ID: {04b74c93-12d2-46d7-b21e-d0ed36edb3c3}
scan (1)	UNKNOWN STEP	2026-10-01T12:23:25.7501588Z Azure Region: westus
scan (1)	UNKNOWN STEP	2026-10-01T12:23:25.7502191Z ##[endgroup]
scan (1)	UNKNOWN STEP	2026-10-01T12:23:25.7503899Z ##[group]Operating System
scan (1)	UNKNOWN STEP	2026-10-01T12:23:25.7504548Z Ubuntu
scan (1)	UNKNOWN STEP	2026-10-01T12:23:25.7505185Z 24.04.5
scan (1)	UNKNOWN STEP	2026-10-01T12:23:25.7505698Z LTS
scan (1)	UNKNOWN STEP	2026-10-01T12:23:25.7506196Z ##[endgroup]
scan (1)	UNKNOWN STEP	2026-10-01T12:23:25.7506814Z ##[group]Runner Image
scan (1)	UNKNOWN STEP	2026-10-01T12:23:25.7507672Z Image: ubuntu-24.04
scan (1)	UNKNOWN STEP	2026-10-01T12:23:25.7508725Z Version: 20260927.320.1
scan (1)	UNKNOWN STEP	2026-10-01T12:23:25.7510001Z Included Software: https://github.com/actions/runner-images/blob/ubuntu24/20260927.320/images/ubuntu/Ubuntu2404-Readme.md
scan (1)	UNKNOWN STEP	2026-10-01T12:23:25.7511633Z Image Release: https://github.com/actions/runner-images/releases/tag/ubuntu24%2F20260927.320
scan (1)	UNKNOWN STEP	2026-10-01T12:23:25.7512640Z ##[endgroup]
scan (1)	UNKNOWN STEP	2026-10-01T12:23:25.7513916Z ##[group]GITHUB_TOKEN Permissions
scan (1)	UNKNOWN STEP	2026-10-01T12:23:25.7516110Z Actions: read
scan (1)	UNKNOWN STEP	2026-10-01T12:23:25.7517100Z Contents: read
scan (1)	UNKNOWN STEP	2026-10-01T12:23:25.7517786Z Metadata: read
scan (1)	UNKNOWN STEP	2026-10-01T12:23:25.7518362Z ##[endgroup]
scan (1)	UNKNOWN STEP	2026-10-01T12:23:25.7520654Z Secret source: Actions
scan (1)	UNKNOWN STEP	2026-10-01T12:23:25.7521606Z Cache mode: write
scan (1)	UNKNOWN STEP	2026-10-01T12:23:25.7522426Z Prepare workflow directory
scan (1)	UNKNOWN STEP	2026-10-01T12:23:25.7870730Z Prepare all required actions
scan (1)	UNKNOWN STEP	2026-10-01T12:23:25.7926339Z Getting action download info
scan (1)	UNKNOWN STEP	2026-10-01T12:23:26.2097124Z Download action repository 'actions/checkout@v4' (SHA:11d5960a326750d5838078e36cf38b85af677262)
scan (1)	UNKNOWN STEP	2026-10-01T12:23:26.3123599Z Download action repository 'actions/setup-python@v5' (SHA:a26af69be951a213d495a4c3e4e4022e16d87065)
scan (1)	UNKNOWN STEP	2026-10-01T12:23:26.3921175Z Download action repository 'actions/cache@v4' (SHA:0057852bfaa89a56745cba8c7296529d2fc39830)
scan (1)	UNKNOWN STEP	2026-10-01T12:23:26.4897861Z Download action repository 'actions/download-artifact@v4' (SHA:d3f86a106a0bac45b974a628896c90dbdf5c8093)
scan (1)	UNKNOWN STEP	2026-10-01T12:23:27.0299284Z Download action repository 'actions/upload-artifact@v4' (SHA:ea165f8d65b6e75b540449e92b4886f43607fa02)
scan (1)	UNKNOWN STEP	2026-10-01T12:23:27.2493043Z Complete job name: scan (1)
scan (1)	UNKNOWN STEP	2026-10-01T12:23:27.3358634Z ##[group]Run actions/checkout@v4
scan (1)	UNKNOWN STEP	2026-10-01T12:23:27.3359651Z with:
scan (1)	UNKNOWN STEP	2026-10-01T12:23:27.3360150Z   repository: duuu-hub/bb-scanner
scan (1)	UNKNOWN STEP	2026-10-01T12:23:27.3364651Z   token: ***
scan (1)	UNKNOWN STEP	2026-10-01T12:23:27.3365146Z   ssh-strict: true
scan (1)	UNKNOWN STEP	2026-10-01T12:23:27.3365620Z   ssh-user: git
scan (1)	UNKNOWN STEP	2026-10-01T12:23:27.3366098Z   persist-credentials: true
scan (1)	UNKNOWN STEP	2026-10-01T12:23:27.3366634Z   clean: true
scan (1)	UNKNOWN STEP	2026-10-01T12:23:27.3367319Z   sparse-checkout-cone-mode: true
scan (1)	UNKNOWN STEP	2026-10-01T12:23:27.3367905Z   fetch-depth: 1
scan (1)	UNKNOWN STEP	2026-10-01T12:23:27.3368371Z   fetch-tags: false
scan (1)	UNKNOWN STEP	2026-10-01T12:23:27.3368860Z   show-progress: true
scan (1)	UNKNOWN STEP	2026-10-01T12:23:27.3369363Z   lfs: false
scan (1)	UNKNOWN STEP	2026-10-01T12:23:27.3369820Z   submodules: false
scan (1)	UNKNOWN STEP	2026-10-01T12:23:27.3370342Z   set-safe-directory: true
scan (1)	UNKNOWN STEP	2026-10-01T12:23:27.3370889Z   allow-unsafe-pr-checkout: false
scan (1)	UNKNOWN STEP	2026-10-01T12:23:27.3371735Z ##[endgroup]
scan (1)	UNKNOWN STEP	2026-10-01T12:23:27.4457959Z Syncing repository: duuu-hub/bb-scanner
scan (1)	UNKNOWN STEP	2026-10-01T12:23:27.4462169Z ##[group]Getting Git version info
scan (1)	UNKNOWN STEP	2026-10-01T12:23:27.4463570Z Working directory is '/home/runner/work/bb-scanner/bb-scanner'
scan (1)	UNKNOWN STEP	2026-10-01T12:23:27.4464888Z [command]/usr/bin/git version
scan (1)	UNKNOWN STEP	2026-10-01T12:23:27.4561726Z git version 2.55.0
scan (1)	UNKNOWN STEP	2026-10-01T12:23:27.4587813Z ##[endgroup]
scan (1)	UNKNOWN STEP	2026-10-01T12:23:27.4603988Z Temporarily overriding HOME='/home/runner/work/_temp/d44c9900-ce97-4f60-af5e-12cfb28fa354' before making global git config changes
scan (1)	UNKNOWN STEP	2026-10-01T12:23:27.4607021Z Adding repository directory to the temporary git global config as a safe directory
scan (1)	UNKNOWN STEP	2026-10-01T12:23:27.4610279Z [command]/usr/bin/git config --global --add safe.directory /home/runner/work/bb-scanner/bb-scanner
scan (1)	UNKNOWN STEP	2026-10-01T12:23:27.4670408Z Deleting the contents of '/home/runner/work/bb-scanner/bb-scanner'
scan (1)	UNKNOWN STEP	2026-10-01T12:23:27.4682344Z ##[group]Initializing the repository
scan (1)	UNKNOWN STEP	2026-10-01T12:23:27.4688768Z [command]/usr/bin/git init /home/runner/work/bb-scanner/bb-scanner
scan (1)	UNKNOWN STEP	2026-10-01T12:23:27.4825521Z hint: Using 'master' as the name for the initial branch. This default branch name
scan (1)	UNKNOWN STEP	2026-10-01T12:23:27.4827904Z hint: will change to "main" in Git 3.0. To configure the initial branch name
scan (1)	UNKNOWN STEP	2026-10-01T12:23:27.4834718Z hint: to use in all of your new repositories, which will suppress this warning,
scan (1)	UNKNOWN STEP	2026-10-01T12:23:27.4838809Z hint: call:
scan (1)	UNKNOWN STEP	2026-10-01T12:23:27.4840105Z hint:
scan (1)	UNKNOWN STEP	2026-10-01T12:23:27.4841595Z hint: 	git config --global init.defaultBranch <name>
scan (1)	UNKNOWN STEP	2026-10-01T12:23:27.4843372Z hint:
scan (1)	UNKNOWN STEP	2026-10-01T12:23:27.4845205Z hint: Names commonly chosen instead of 'master' are 'main', 'trunk' and
scan (1)	UNKNOWN STEP	2026-10-01T12:23:27.4848107Z hint: 'development'. The just-created branch can be renamed via this command:
scan (1)	UNKNOWN STEP	2026-10-01T12:23:27.4850197Z hint:
scan (1)	UNKNOWN STEP	2026-10-01T12:23:27.4851533Z hint: 	git branch -m <name>
scan (1)	UNKNOWN STEP	2026-10-01T12:23:27.4852912Z hint:
scan (1)	UNKNOWN STEP	2026-10-01T12:23:27.4854504Z hint: Disable this message with "git config set advice.defaultBranchName false"
scan (1)	UNKNOWN STEP	2026-10-01T12:23:27.4858056Z Initialized empty Git repository in /home/runner/work/bb-scanner/bb-scanner/.git/
scan (1)	UNKNOWN STEP	2026-10-01T12:23:27.4862040Z [command]/usr/bin/git remote add origin https://github.com/duuu-hub/bb-scanner
scan (1)	UNKNOWN STEP	2026-10-01T12:23:27.4927529Z ##[endgroup]
scan (1)	UNKNOWN STEP	2026-10-01T12:23:27.4929685Z ##[group]Disabling automatic garbage collection
scan (1)	UNKNOWN STEP	2026-10-01T12:23:27.4931373Z [command]/usr/bin/git config --local gc.auto 0
scan (1)	UNKNOWN STEP	2026-10-01T12:23:27.4979199Z ##[endgroup]
scan (1)	UNKNOWN STEP	2026-10-01T12:23:27.4981003Z ##[group]Setting up auth
scan (1)	UNKNOWN STEP	2026-10-01T12:23:27.4982513Z [command]/usr/bin/git config --local --name-only --get-regexp core\.sshCommand
scan (1)	UNKNOWN STEP	2026-10-01T12:23:27.5018717Z [command]/usr/bin/git submodule foreach --recursive sh -c "git config --local --name-only --get-regexp 'core\.sshCommand' && git config --local --unset-all 'core.sshCommand' || :"
scan (1)	UNKNOWN STEP	2026-10-01T12:23:27.5464984Z [command]/usr/bin/git config --local --name-only --get-regexp http\.https\:\/\/github\.com\/\.extraheader
scan (1)	UNKNOWN STEP	2026-10-01T12:23:27.5504006Z [command]/usr/bin/git submodule foreach --recursive sh -c "git config --local --name-only --get-regexp 'http\.https\:\/\/github\.com\/\.extraheader' && git config --local --unset-all 'http.https://github.com/.extraheader' || :"
scan (1)	UNKNOWN STEP	2026-10-01T12:23:27.5739304Z [command]/usr/bin/git config --local --name-only --get-regexp ^includeIf\.gitdir:
scan (1)	UNKNOWN STEP	2026-10-01T12:23:27.5778737Z [command]/usr/bin/git submodule foreach --recursive git config --local --show-origin --name-only --get-regexp remote.origin.url
scan (1)	UNKNOWN STEP	2026-10-01T12:23:27.6017867Z [command]/usr/bin/git config --local http.https://github.com/.extraheader AUTHORIZATION: basic ***
scan (1)	UNKNOWN STEP	2026-10-01T12:23:27.6105597Z ##[endgroup]
scan (1)	UNKNOWN STEP	2026-10-01T12:23:27.6106744Z ##[group]Fetching the repository
scan (1)	UNKNOWN STEP	2026-10-01T12:23:27.6108795Z [command]/usr/bin/git -c protocol.version=2 fetch --no-tags --prune --no-recurse-submodules --depth=1 origin +c1596c883844a41df385784e2f583b96f43e349e:refs/remotes/origin/research-day-edge-lab-v2
scan (1)	UNKNOWN STEP	2026-10-01T12:23:28.7424973Z From https://github.com/duuu-hub/bb-scanner
scan (1)	UNKNOWN STEP	2026-10-01T12:23:28.7428854Z  * [new ref]         c1596c883844a41df385784e2f583b96f43e349e -> origin/research-day-edge-lab-v2
scan (1)	UNKNOWN STEP	2026-10-01T12:23:28.7435187Z ##[endgroup]
scan (1)	UNKNOWN STEP	2026-10-01T12:23:28.7437620Z ##[group]Determining the checkout info
scan (1)	UNKNOWN STEP	2026-10-01T12:23:28.7440147Z ##[endgroup]
scan (1)	UNKNOWN STEP	2026-10-01T12:23:28.7441871Z [command]/usr/bin/git sparse-checkout disable
scan (1)	UNKNOWN STEP	2026-10-01T12:23:28.7505981Z [command]/usr/bin/git config --local --unset-all extensions.worktreeConfig
scan (1)	UNKNOWN STEP	2026-10-01T12:23:28.7543314Z ##[group]Checking out the ref
scan (1)	UNKNOWN STEP	2026-10-01T12:23:28.7549675Z [command]/usr/bin/git checkout --progress --force -B research-day-edge-lab-v2 refs/remotes/origin/research-day-edge-lab-v2
scan (1)	UNKNOWN STEP	2026-10-01T12:23:28.9634165Z Switched to a new branch 'research-day-edge-lab-v2'
scan (1)	UNKNOWN STEP	2026-10-01T12:23:28.9639872Z branch 'research-day-edge-lab-v2' set up to track 'origin/research-day-edge-lab-v2'.
scan (1)	UNKNOWN STEP	2026-10-01T12:23:28.9651008Z ##[endgroup]
scan (1)	UNKNOWN STEP	2026-10-01T12:23:28.9701409Z [command]/usr/bin/git log -1 --format=%H
scan (1)	UNKNOWN STEP	2026-10-01T12:23:28.9731143Z c1596c883844a41df385784e2f583b96f43e349e
scan (1)	UNKNOWN STEP	2026-10-01T12:23:29.0138535Z ##[group]Run actions/setup-python@v5
scan (1)	UNKNOWN STEP	2026-10-01T12:23:29.0139884Z with:
scan (1)	UNKNOWN STEP	2026-10-01T12:23:29.0140779Z   python-version: 3.12
scan (1)	UNKNOWN STEP	2026-10-01T12:23:29.0141892Z   check-latest: false
scan (1)	UNKNOWN STEP	2026-10-01T12:23:29.0152950Z   token: ***
scan (1)	UNKNOWN STEP	2026-10-01T12:23:29.0153910Z   update-environment: true
scan (1)	UNKNOWN STEP	2026-10-01T12:23:29.0155028Z   allow-prereleases: false
scan (1)	UNKNOWN STEP	2026-10-01T12:23:29.0156132Z   freethreaded: false
scan (1)	UNKNOWN STEP	2026-10-01T12:23:29.0157248Z ##[endgroup]
scan (1)	UNKNOWN STEP	2026-10-01T12:23:29.1623200Z ##[group]Installed versions
scan (1)	UNKNOWN STEP	2026-10-01T12:23:29.1729216Z (node:2339) [DEP0040] DeprecationWarning: The `punycode` module is deprecated. Please use a userland alternative instead.
scan (1)	UNKNOWN STEP	2026-10-01T12:23:29.1732960Z (Use `node --trace-deprecation ...` to show where the warning was created)
scan (1)	UNKNOWN STEP	2026-10-01T12:23:29.1735080Z Successfully set up CPython (3.12.14)
scan (1)	UNKNOWN STEP	2026-10-01T12:23:29.1737536Z ##[endgroup]
scan (1)	UNKNOWN STEP	2026-10-01T12:23:29.2003417Z ##[group]Run pip install pandas==2.3.3 numpy==2.3.3
scan (1)	UNKNOWN STEP	2026-10-01T12:23:29.2005882Z ^[[36;1mpip install pandas==2.3.3 numpy==2.3.3^[[0m
scan (1)	UNKNOWN STEP	2026-10-01T12:23:29.2353383Z shell: /usr/bin/bash -e {0}
scan (1)	UNKNOWN STEP	2026-10-01T12:23:29.2354615Z env:
scan (1)	UNKNOWN STEP	2026-10-01T12:23:29.2355769Z   pythonLocation: /opt/hostedtoolcache/Python/3.12.14/x64
scan (1)	UNKNOWN STEP	2026-10-01T12:23:29.2357917Z   PKG_CONFIG_PATH: /opt/hostedtoolcache/Python/3.12.14/x64/lib/pkgconfig
scan (1)	UNKNOWN STEP	2026-10-01T12:23:29.2359877Z   Python_ROOT_DIR: /opt/hostedtoolcache/Python/3.12.14/x64
scan (1)	UNKNOWN STEP	2026-10-01T12:23:29.2361559Z   Python2_ROOT_DIR: /opt/hostedtoolcache/Python/3.12.14/x64
scan (1)	UNKNOWN STEP	2026-10-01T12:23:29.2363249Z   Python3_ROOT_DIR: /opt/hostedtoolcache/Python/3.12.14/x64
scan (1)	UNKNOWN STEP	2026-10-01T12:23:29.2364940Z   LD_LIBRARY_PATH: /opt/hostedtoolcache/Python/3.12.14/x64/lib
scan (1)	UNKNOWN STEP	2026-10-01T12:23:29.2366381Z ##[endgroup]
scan (1)	UNKNOWN STEP	2026-10-01T12:23:30.3204803Z Collecting pandas==2.3.3
scan (1)	UNKNOWN STEP	2026-10-01T12:23:30.3684665Z   Downloading pandas-2.3.3-cp312-cp312-manylinux_2_24_x86_64.manylinux_2_28_x86_64.whl.metadata (91 kB)
scan (1)	UNKNOWN STEP	2026-10-01T12:23:30.6169638Z Collecting numpy==2.3.3
scan (1)	UNKNOWN STEP	2026-10-01T12:23:30.6207521Z   Downloading numpy-2.3.3-cp312-cp312-manylinux_2_27_x86_64.manylinux_2_28_x86_64.whl.metadata (62 kB)
scan (1)	UNKNOWN STEP	2026-10-01T12:23:30.6455850Z Collecting python-dateutil>=2.8.2 (from pandas==2.3.3)
scan (1)	UNKNOWN STEP	2026-10-01T12:23:30.6484370Z   Downloading python_dateutil-2.9.0.post0-py2.py3-none-any.whl.metadata (8.4 kB)
scan (1)	UNKNOWN STEP	2026-10-01T12:23:30.6822896Z Collecting pytz>=2020.1 (from pandas==2.3.3)
scan (1)	UNKNOWN STEP	2026-10-01T12:23:30.6852155Z   Downloading pytz-2026.4-py2.py3-none-any.whl.metadata (22 kB)
scan (1)	UNKNOWN STEP	2026-10-01T12:23:30.7030662Z Collecting tzdata>=2022.7 (from pandas==2.3.3)
scan (1)	UNKNOWN STEP	2026-10-01T12:23:30.7056513Z   Downloading tzdata-2026.4-py2.py3-none-any.whl.metadata (1.4 kB)
scan (1)	UNKNOWN STEP	2026-10-01T12:23:30.7199000Z Collecting six>=1.5 (from python-dateutil>=2.8.2->pandas==2.3.3)
scan (1)	UNKNOWN STEP	2026-10-01T12:23:30.7225117Z   Downloading six-1.17.0-py2.py3-none-any.whl.metadata (1.7 kB)
scan (1)	UNKNOWN STEP	2026-10-01T12:23:30.7295281Z Downloading pandas-2.3.3-cp312-cp312-manylinux_2_24_x86_64.manylinux_2_28_x86_64.whl (12.4 MB)
scan (1)	UNKNOWN STEP	2026-10-01T12:23:30.7855398Z    ━━━━━━━━━━━━━━━━━━━━━━━━━━━━━━━━━━━━━━━━ 12.4/12.4 MB 242.8 MB/s  0:00:00
scan (1)	UNKNOWN STEP	2026-10-01T12:23:30.7889756Z Downloading numpy-2.3.3-cp312-cp312-manylinux_2_27_x86_64.manylinux_2_28_x86_64.whl (16.6 MB)
scan (1)	UNKNOWN STEP	2026-10-01T12:23:30.8439960Z    ━━━━━━━━━━━━━━━━━━━━━━━━━━━━━━━━━━━━━━━━ 16.6/16.6 MB 312.6 MB/s  0:00:00
scan (1)	UNKNOWN STEP	2026-10-01T12:23:30.8474695Z Downloading python_dateutil-2.9.0.post0-py2.py3-none-any.whl (229 kB)
scan (1)	UNKNOWN STEP	2026-10-01T12:23:30.8530055Z Downloading pytz-2026.4-py2.py3-none-any.whl (506 kB)
scan (1)	UNKNOWN STEP	2026-10-01T12:23:30.8594468Z Downloading six-1.17.0-py2.py3-none-any.whl (11 kB)
scan (1)	UNKNOWN STEP	2026-10-01T12:23:30.8646172Z Downloading tzdata-2026.4-py2.py3-none-any.whl (347 kB)
scan (1)	UNKNOWN STEP	2026-10-01T12:23:31.0373585Z Installing collected packages: pytz, tzdata, six, numpy, python-dateutil, pandas
scan (1)	UNKNOWN STEP	2026-10-01T12:23:38.2404638Z 
scan (1)	UNKNOWN STEP	2026-10-01T12:23:38.2421206Z Successfully installed numpy-2.3.3 pandas-2.3.3 python-dateutil-2.9.0.post0 pytz-2026.4 six-1.17.0 tzdata-2026.4
scan (1)	UNKNOWN STEP	2026-10-01T12:23:38.3194639Z ##[group]Run actions/cache@v4
scan (1)	UNKNOWN STEP	2026-10-01T12:23:38.3194933Z with:
scan (1)	UNKNOWN STEP	2026-10-01T12:23:38.3195337Z   path: cache/1m
scan (1)	UNKNOWN STEP	2026-10-01T12:23:38.3195603Z   key: day-edge-canon-v2-source-36095439671-shard-1
scan (1)	UNKNOWN STEP	2026-10-01T12:23:38.3195936Z   enableCrossOsArchive: false
scan (1)	UNKNOWN STEP	2026-10-01T12:23:38.3196190Z   fail-on-cache-miss: false
scan (1)	UNKNOWN STEP	2026-10-01T12:23:38.3196452Z   lookup-only: false
scan (1)	UNKNOWN STEP	2026-10-01T12:23:38.3196664Z   save-always: false
scan (1)	UNKNOWN STEP	2026-10-01T12:23:38.3197230Z env:
scan (1)	UNKNOWN STEP	2026-10-01T12:23:38.3197508Z   pythonLocation: /opt/hostedtoolcache/Python/3.12.14/x64
scan (1)	UNKNOWN STEP	2026-10-01T12:23:38.3197952Z   PKG_CONFIG_PATH: /opt/hostedtoolcache/Python/3.12.14/x64/lib/pkgconfig
scan (1)	UNKNOWN STEP	2026-10-01T12:23:38.3198382Z   Python_ROOT_DIR: /opt/hostedtoolcache/Python/3.12.14/x64
scan (1)	UNKNOWN STEP	2026-10-01T12:23:38.3198771Z   Python2_ROOT_DIR: /opt/hostedtoolcache/Python/3.12.14/x64
scan (1)	UNKNOWN STEP	2026-10-01T12:23:38.3199170Z   Python3_ROOT_DIR: /opt/hostedtoolcache/Python/3.12.14/x64
scan (1)	UNKNOWN STEP	2026-10-01T12:23:38.3199558Z   LD_LIBRARY_PATH: /opt/hostedtoolcache/Python/3.12.14/x64/lib
scan (1)	UNKNOWN STEP	2026-10-01T12:23:38.3199917Z ##[endgroup]
scan (1)	UNKNOWN STEP	2026-10-01T12:23:38.4270147Z (node:2375) [DEP0040] DeprecationWarning: The `punycode` module is deprecated. Please use a userland alternative instead.
scan (1)	UNKNOWN STEP	2026-10-01T12:23:38.4271162Z (Use `node --trace-deprecation ...` to show where the warning was created)
scan (1)	UNKNOWN STEP	2026-10-01T12:23:38.6763553Z Cache not found for input keys: day-edge-canon-v2-source-36095439671-shard-1
scan (1)	UNKNOWN STEP	2026-10-01T12:23:38.6878056Z ##[group]Run gh run download 36095439671 -R duuu-hub/bb-scanner -n rank5-binance-um-15m-5y-data-shard-1 -D data
scan (1)	UNKNOWN STEP	2026-10-01T12:23:38.6878905Z ^[[36;1mgh run download 36095439671 -R duuu-hub/bb-scanner -n rank5-binance-um-15m-5y-data-shard-1 -D data^[[0m
scan (1)	UNKNOWN STEP	2026-10-01T12:23:38.6879568Z ^[[36;1mgh run download 36858492497 -R duuu-hub/bb-scanner -n day-edge-v2-btc -D btc^[[0m
scan (1)	UNKNOWN STEP	2026-10-01T12:23:38.6943474Z shell: /usr/bin/bash -e {0}
scan (1)	UNKNOWN STEP	2026-10-01T12:23:38.6943734Z env:
scan (1)	UNKNOWN STEP	2026-10-01T12:23:38.6944009Z   pythonLocation: /opt/hostedtoolcache/Python/3.12.14/x64
scan (1)	UNKNOWN STEP	2026-10-01T12:23:38.6944484Z   PKG_CONFIG_PATH: /opt/hostedtoolcache/Python/3.12.14/x64/lib/pkgconfig
scan (1)	UNKNOWN STEP	2026-10-01T12:23:38.6944922Z   Python_ROOT_DIR: /opt/hostedtoolcache/Python/3.12.14/x64
scan (1)	UNKNOWN STEP	2026-10-01T12:23:38.6945345Z   Python2_ROOT_DIR: /opt/hostedtoolcache/Python/3.12.14/x64
scan (1)	UNKNOWN STEP	2026-10-01T12:23:38.6945738Z   Python3_ROOT_DIR: /opt/hostedtoolcache/Python/3.12.14/x64
scan (1)	UNKNOWN STEP	2026-10-01T12:23:38.6946172Z   LD_LIBRARY_PATH: /opt/hostedtoolcache/Python/3.12.14/x64/lib
scan (1)	UNKNOWN STEP	2026-10-01T12:23:38.6949492Z   GH_TOKEN: ***
scan (1)	UNKNOWN STEP	2026-10-01T12:23:38.6949715Z ##[endgroup]
scan (1)	UNKNOWN STEP	2026-10-01T12:24:13.4247346Z ##[group]Run actions/download-artifact@v4
scan (1)	UNKNOWN STEP	2026-10-01T12:24:13.4247687Z with:
scan (1)	UNKNOWN STEP	2026-10-01T12:24:13.4247898Z   name: day-edge-v2-frozen-selection
scan (1)	UNKNOWN STEP	2026-10-01T12:24:13.4248160Z   path: frozen-input
scan (1)	UNKNOWN STEP	2026-10-01T12:24:13.4248379Z   merge-multiple: false
scan (1)	UNKNOWN STEP	2026-10-01T12:24:13.4248609Z   repository: duuu-hub/bb-scanner
scan (1)	UNKNOWN STEP	2026-10-01T12:24:13.4248846Z   run-id: 36861359640
scan (1)	UNKNOWN STEP	2026-10-01T12:24:13.4249041Z env:
scan (1)	UNKNOWN STEP	2026-10-01T12:24:13.4249287Z   pythonLocation: /opt/hostedtoolcache/Python/3.12.14/x64
scan (1)	UNKNOWN STEP	2026-10-01T12:24:13.4249708Z   PKG_CONFIG_PATH: /opt/hostedtoolcache/Python/3.12.14/x64/lib/pkgconfig
scan (1)	UNKNOWN STEP	2026-10-01T12:24:13.4250144Z   Python_ROOT_DIR: /opt/hostedtoolcache/Python/3.12.14/x64
scan (1)	UNKNOWN STEP	2026-10-01T12:24:13.4250519Z   Python2_ROOT_DIR: /opt/hostedtoolcache/Python/3.12.14/x64
scan (1)	UNKNOWN STEP	2026-10-01T12:24:13.4250899Z   Python3_ROOT_DIR: /opt/hostedtoolcache/Python/3.12.14/x64
scan (1)	UNKNOWN STEP	2026-10-01T12:24:13.4251287Z   LD_LIBRARY_PATH: /opt/hostedtoolcache/Python/3.12.14/x64/lib
scan (1)	UNKNOWN STEP	2026-10-01T12:24:13.4251608Z ##[endgroup]
scan (1)	UNKNOWN STEP	2026-10-01T12:24:13.5796682Z Downloading single artifact
scan (1)	UNKNOWN STEP	2026-10-01T12:24:13.5955625Z (node:2410) [DEP0040] DeprecationWarning: The `punycode` module is deprecated. Please use a userland alternative instead.
scan (1)	UNKNOWN STEP	2026-10-01T12:24:13.5957362Z (Use `node --trace-deprecation ...` to show where the warning was created)
scan (1)	UNKNOWN STEP	2026-10-01T12:24:13.8591080Z Preparing to download the following artifacts:
scan (1)	UNKNOWN STEP	2026-10-01T12:24:13.8592735Z - day-edge-v2-frozen-selection (ID: 11160624466, Size: 3288, Expected Digest: sha256:f2f35defae027a62c91d1c9989afbad4b8709045c7a53bb3ed4fb4b7044ab788)
scan (1)	UNKNOWN STEP	2026-10-01T12:24:14.1157457Z Redirecting to blob download url: https://productionresultssa18.blob.core.windows.net/actions-results/34242db7-8627-8b8c-b3b8-0db014836193/workflow-job-run-d573c45a-a68e-57e4-939a-2465a68b3116/artifacts/a1ab5e558c97164c8c87a7cba61e1b7a4cc53e7c63ea3b99dbfd01b26ee4afb3.zip
scan (1)	UNKNOWN STEP	2026-10-01T12:24:14.1160907Z Starting download of artifact to: /home/runner/work/bb-scanner/bb-scanner/frozen-input
scan (1)	UNKNOWN STEP	2026-10-01T12:24:14.3820238Z (node:2410) [DEP0005] DeprecationWarning: Buffer() is deprecated due to security and usability issues. Please use the Buffer.alloc(), Buffer.allocUnsafe(), or Buffer.from() methods instead.
scan (1)	UNKNOWN STEP	2026-10-01T12:24:14.3897848Z SHA256 digest of downloaded artifact is f2f35defae027a62c91d1c9989afbad4b8709045c7a53bb3ed4fb4b7044ab788
scan (1)	UNKNOWN STEP	2026-10-01T12:24:14.3898943Z Artifact download completed successfully.
scan (1)	UNKNOWN STEP	2026-10-01T12:24:14.3899515Z Total of 1 artifact(s) downloaded
scan (1)	UNKNOWN STEP	2026-10-01T12:24:14.3904535Z Download artifact has finished successfully
scan (1)	UNKNOWN STEP	2026-10-01T12:24:14.4020155Z ##[group]Run python scripts/day_edge_canonical.py scan --data data --btc btc/BTCUSDT.csv.gz --selection frozen-input/selection.json --out canonical-1 --minute-cache cache/1m
scan (1)	UNKNOWN STEP	2026-10-01T12:24:14.4021402Z ^[[36;1mpython scripts/day_edge_canonical.py scan --data data --btc btc/BTCUSDT.csv.gz --selection frozen-input/selection.json --out canonical-1 --minute-cache cache/1m^[[0m
scan (1)	UNKNOWN STEP	2026-10-01T12:24:14.4085274Z shell: /usr/bin/bash -e {0}
scan (1)	UNKNOWN STEP	2026-10-01T12:24:14.4085530Z env:
scan (1)	UNKNOWN STEP	2026-10-01T12:24:14.4085804Z   pythonLocation: /opt/hostedtoolcache/Python/3.12.14/x64
scan (1)	UNKNOWN STEP	2026-10-01T12:24:14.4086253Z   PKG_CONFIG_PATH: /opt/hostedtoolcache/Python/3.12.14/x64/lib/pkgconfig
scan (1)	UNKNOWN STEP	2026-10-01T12:24:14.4086698Z   Python_ROOT_DIR: /opt/hostedtoolcache/Python/3.12.14/x64
scan (1)	UNKNOWN STEP	2026-10-01T12:24:14.4087364Z   Python2_ROOT_DIR: /opt/hostedtoolcache/Python/3.12.14/x64
scan (1)	UNKNOWN STEP	2026-10-01T12:24:14.4087755Z   Python3_ROOT_DIR: /opt/hostedtoolcache/Python/3.12.14/x64
scan (1)	UNKNOWN STEP	2026-10-01T12:24:14.4088201Z   LD_LIBRARY_PATH: /opt/hostedtoolcache/Python/3.12.14/x64/lib
scan (1)	UNKNOWN STEP	2026-10-01T12:24:14.4088527Z ##[endgroup]
scan (1)	UNKNOWN STEP	2026-10-01T12:24:58.8589094Z CANONICAL_SCAN 24 / 108 CFXUSDT outcomes 2724
scan (1)	UNKNOWN STEP	2026-10-01T12:25:17.5328050Z CANONICAL_SCAN 32 / 108 DODOUSDT outcomes 4164
scan (1)	UNKNOWN STEP	2026-10-01T12:25:42.8729408Z CANONICAL_SCAN 40 / 108 FRONTUSDT outcomes 6126
scan (1)	UNKNOWN STEP	2026-10-01T12:26:16.7875397Z CANONICAL_SCAN 56 / 108 LINKUSDT outcomes 8332
scan (1)	UNKNOWN STEP	2026-10-01T12:27:33.9277464Z CANONICAL_SCAN 108 / 108 ZRXUSDT outcomes 13201
scan (1)	UNKNOWN STEP	2026-10-01T12:27:34.2620982Z CANONICAL_SCAN_DONE 13201
scan (1)	UNKNOWN STEP	2026-10-01T12:27:34.3296376Z ##[group]Run actions/upload-artifact@v4
scan (1)	UNKNOWN STEP	2026-10-01T12:27:34.3296679Z with:
scan (1)	UNKNOWN STEP	2026-10-01T12:27:34.3297170Z   name: day-edge-v2-canonical-1
scan (1)	UNKNOWN STEP	2026-10-01T12:27:34.3297609Z   path: canonical-1/
scan (1)	UNKNOWN STEP	2026-10-01T12:27:34.3297841Z   retention-days: 30
scan (1)	UNKNOWN STEP	2026-10-01T12:27:34.3298052Z   compression-level: 0
scan (1)	UNKNOWN STEP	2026-10-01T12:27:34.3298274Z   if-no-files-found: warn
scan (1)	UNKNOWN STEP	2026-10-01T12:27:34.3298500Z   overwrite: false
scan (1)	UNKNOWN STEP	2026-10-01T12:27:34.3298713Z   include-hidden-files: false
scan (1)	UNKNOWN STEP	2026-10-01T12:27:34.3298959Z env:
scan (1)	UNKNOWN STEP	2026-10-01T12:27:34.3299218Z   pythonLocation: /opt/hostedtoolcache/Python/3.12.14/x64
scan (1)	UNKNOWN STEP	2026-10-01T12:27:34.3299649Z   PKG_CONFIG_PATH: /opt/hostedtoolcache/Python/3.12.14/x64/lib/pkgconfig
scan (1)	UNKNOWN STEP	2026-10-01T12:27:34.3300087Z   Python_ROOT_DIR: /opt/hostedtoolcache/Python/3.12.14/x64
scan (1)	UNKNOWN STEP	2026-10-01T12:27:34.3300470Z   Python2_ROOT_DIR: /opt/hostedtoolcache/Python/3.12.14/x64
scan (1)	UNKNOWN STEP	2026-10-01T12:27:34.3300851Z   Python3_ROOT_DIR: /opt/hostedtoolcache/Python/3.12.14/x64
scan (1)	UNKNOWN STEP	2026-10-01T12:27:34.3301268Z   LD_LIBRARY_PATH: /opt/hostedtoolcache/Python/3.12.14/x64/lib
scan (1)	UNKNOWN STEP	2026-10-01T12:27:34.3301594Z ##[endgroup]
scan (1)	UNKNOWN STEP	2026-10-01T12:27:34.5004747Z (node:2501) [DEP0040] DeprecationWarning: The `punycode` module is deprecated. Please use a userland alternative instead.
scan (1)	UNKNOWN STEP	2026-10-01T12:27:34.5005636Z (Use `node --trace-deprecation ...` to show where the warning was created)
scan (1)	UNKNOWN STEP	2026-10-01T12:27:34.5118783Z With the provided path, there will be 2 files uploaded
scan (1)	UNKNOWN STEP	2026-10-01T12:27:34.5119763Z Artifact name is valid!
scan (1)	UNKNOWN STEP	2026-10-01T12:27:34.5120209Z Root directory input is valid!
scan (1)	UNKNOWN STEP	2026-10-01T12:27:34.9166613Z Beginning upload of artifact content to blob storage
scan (1)	UNKNOWN STEP	2026-10-01T12:27:34.9403754Z (node:2501) [DEP0169] DeprecationWarning: `url.parse()` behavior is not standardized and prone to errors that have security implications. Use the WHATWG URL API instead. CVEs are not issued for `url.parse()` vulnerabilities.
scan (1)	UNKNOWN STEP	2026-10-01T12:27:35.5161567Z Uploaded bytes 421663
scan (1)	UNKNOWN STEP	2026-10-01T12:27:35.5934752Z Finished uploading artifact content to blob storage!
scan (1)	UNKNOWN STEP	2026-10-01T12:27:35.5935624Z SHA256 digest of uploaded artifact zip is 08146d6b91921e7f70f24f9780b5ae7c0ddea8f0209e09392774d6200e792207
scan (1)	UNKNOWN STEP	2026-10-01T12:27:35.5937662Z Finalizing artifact upload
scan (1)	UNKNOWN STEP	2026-10-01T12:27:35.8703219Z Artifact day-edge-v2-canonical-1.zip successfully finalized. Artifact ID 11161479302
scan (1)	UNKNOWN STEP	2026-10-01T12:27:35.8704727Z Artifact day-edge-v2-canonical-1 has been successfully uploaded! Final size is 421663 bytes. Artifact ID is 11161479302
scan (1)	UNKNOWN STEP	2026-10-01T12:27:35.8712500Z Artifact download URL: https://github.com/duuu-hub/bb-scanner/actions/runs/36861359640/artifacts/11161479302
scan (1)	UNKNOWN STEP	2026-10-01T12:27:35.8875868Z Post job cleanup.
scan (1)	UNKNOWN STEP	2026-10-01T12:27:36.0002544Z (node:2515) [DEP0040] DeprecationWarning: The `punycode` module is deprecated. Please use a userland alternative instead.
scan (1)	UNKNOWN STEP	2026-10-01T12:27:36.0003609Z (Use `node --trace-deprecation ...` to show where the warning was created)
scan (1)	UNKNOWN STEP	2026-10-01T12:27:36.0218831Z [command]/usr/bin/tar --posix -cf cache.tzst --exclude cache.tzst -P -C /home/runner/work/bb-scanner/bb-scanner --files-from manifest.txt --use-compress-program zstdmt
scan (1)	UNKNOWN STEP	2026-10-01T12:27:36.4476293Z (node:2515) [DEP0169] DeprecationWarning: `url.parse()` behavior is not standardized and prone to errors that have security implications. Use the WHATWG URL API instead. CVEs are not issued for `url.parse()` vulnerabilities.
scan (1)	UNKNOWN STEP	2026-10-01T12:27:37.4391657Z Sent 21233664 of 64184906 (33.1%), 20.3 MBs/sec
scan (1)	UNKNOWN STEP	2026-10-01T12:27:38.3122723Z Sent 64184906 of 64184906 (100.0%), 32.7 MBs/sec
scan (1)	UNKNOWN STEP	2026-10-01T12:27:38.4399975Z Cache saved with key: day-edge-canon-v2-source-36095439671-shard-1
scan (1)	UNKNOWN STEP	2026-10-01T12:27:38.4544350Z Post job cleanup.
scan (1)	UNKNOWN STEP	2026-10-01T12:27:38.5878175Z (node:2535) [DEP0040] DeprecationWarning: The `punycode` module is deprecated. Please use a userland alternative instead.
scan (1)	UNKNOWN STEP	2026-10-01T12:27:38.5879473Z (Use `node --trace-deprecation ...` to show where the warning was created)
scan (1)	UNKNOWN STEP	2026-10-01T12:27:38.6089598Z Post job cleanup.
scan (1)	UNKNOWN STEP	2026-10-01T12:27:38.6997759Z [command]/usr/bin/git version
scan (1)	UNKNOWN STEP	2026-10-01T12:27:38.7030251Z git version 2.55.0
scan (1)	UNKNOWN STEP	2026-10-01T12:27:38.7073577Z Temporarily overriding HOME='/home/runner/work/_temp/0a2251d6-29f7-4845-9bd5-79905652ee24' before making global git config changes
scan (1)	UNKNOWN STEP	2026-10-01T12:27:38.7075740Z Adding repository directory to the temporary git global config as a safe directory
scan (1)	UNKNOWN STEP	2026-10-01T12:27:38.7079896Z [command]/usr/bin/git config --global --add safe.directory /home/runner/work/bb-scanner/bb-scanner
scan (1)	UNKNOWN STEP	2026-10-01T12:27:38.7123465Z [command]/usr/bin/git config --local --name-only --get-regexp core\.sshCommand
scan (1)	UNKNOWN STEP	2026-10-01T12:27:38.7164355Z [command]/usr/bin/git submodule foreach --recursive sh -c "git config --local --name-only --get-regexp 'core\.sshCommand' && git config --local --unset-all 'core.sshCommand' || :"
scan (1)	UNKNOWN STEP	2026-10-01T12:27:38.7436351Z [command]/usr/bin/git config --local --name-only --get-regexp http\.https\:\/\/github\.com\/\.extraheader
scan (1)	UNKNOWN STEP	2026-10-01T12:27:38.7471768Z http.https://github.com/.extraheader
scan (1)	UNKNOWN STEP	2026-10-01T12:27:38.7485133Z [command]/usr/bin/git config --local --unset-all http.https://github.com/.extraheader
scan (1)	UNKNOWN STEP	2026-10-01T12:27:38.7524193Z [command]/usr/bin/git submodule foreach --recursive sh -c "git config --local --name-only --get-regexp 'http\.https\:\/\/github\.com\/\.extraheader' && git config --local --unset-all 'http.https://github.com/.extraheader' || :"
scan (1)	UNKNOWN STEP	2026-10-01T12:27:38.7803033Z [command]/usr/bin/git config --local --name-only --get-regexp ^includeIf\.gitdir:
scan (1)	UNKNOWN STEP	2026-10-01T12:27:38.7856035Z [command]/usr/bin/git submodule foreach --recursive git config --local --show-origin --name-only --get-regexp remote.origin.url
scan (1)	UNKNOWN STEP	2026-10-01T12:27:38.8310071Z Cleaning up orphan processes
scan (1)	UNKNOWN STEP	2026-10-01T12:27:38.8638716Z ##[warning]Node.js 20 is deprecated. The following actions target Node.js 20 but are being forced to run on Node.js 24: actions/cache@v4, actions/checkout@v4, actions/download-artifact@v4, actions/setup-python@v5, actions/upload-artifact@v4. For more information see: https://github.blog/changelog/2025-09-19-deprecation-of-node-20-on-github-actions-runners/
scan (3)	UNKNOWN STEP	﻿2026-10-01T12:23:25.7826259Z Current runner version: '2.337.0'
scan (3)	UNKNOWN STEP	2026-10-01T12:23:25.7851176Z ##[group]Runner Image Provisioner
scan (3)	UNKNOWN STEP	2026-10-01T12:23:25.7852099Z Hosted Compute Agent
scan (3)	UNKNOWN STEP	2026-10-01T12:23:25.7852766Z Version: 20260901.588
scan (3)	UNKNOWN STEP	2026-10-01T12:23:25.7853392Z Commit: f88ec8081b781fac6c440065ac7ff9e710ce3d0b
scan (3)	UNKNOWN STEP	2026-10-01T12:23:25.7854140Z Build Date: 2026-09-01T19:56:44Z
scan (3)	UNKNOWN STEP	2026-10-01T12:23:25.7854941Z Worker ID: {fabf414a-f3bc-4756-b3a3-5b0c0be705fc}
scan (3)	UNKNOWN STEP	2026-10-01T12:23:25.7855657Z Azure Region: westus
scan (3)	UNKNOWN STEP	2026-10-01T12:23:25.7856267Z ##[endgroup]
scan (3)	UNKNOWN STEP	2026-10-01T12:23:25.7857878Z ##[group]Operating System
scan (3)	UNKNOWN STEP	2026-10-01T12:23:25.7858543Z Ubuntu
scan (3)	UNKNOWN STEP	2026-10-01T12:23:25.7859159Z 24.04.5
scan (3)	UNKNOWN STEP	2026-10-01T12:23:25.7859667Z LTS
scan (3)	UNKNOWN STEP	2026-10-01T12:23:25.7860202Z ##[endgroup]
scan (3)	UNKNOWN STEP	2026-10-01T12:23:25.7861106Z ##[group]Runner Image
scan (3)	UNKNOWN STEP	2026-10-01T12:23:25.7861729Z Image: ubuntu-24.04
scan (3)	UNKNOWN STEP	2026-10-01T12:23:25.7862733Z Version: 20260927.320.1
scan (3)	UNKNOWN STEP	2026-10-01T12:23:25.7863963Z Included Software: https://github.com/actions/runner-images/blob/ubuntu24/20260927.320/images/ubuntu/Ubuntu2404-Readme.md
scan (3)	UNKNOWN STEP	2026-10-01T12:23:25.7865596Z Image Release: https://github.com/actions/runner-images/releases/tag/ubuntu24%2F20260927.320
scan (3)	UNKNOWN STEP	2026-10-01T12:23:25.7866588Z ##[endgroup]
scan (3)	UNKNOWN STEP	2026-10-01T12:23:25.7867812Z ##[group]GITHUB_TOKEN Permissions
scan (3)	UNKNOWN STEP	2026-10-01T12:23:25.7869910Z Actions: read
scan (3)	UNKNOWN STEP	2026-10-01T12:23:25.7870833Z Contents: read
scan (3)	UNKNOWN STEP	2026-10-01T12:23:25.7871426Z Metadata: read
scan (3)	UNKNOWN STEP	2026-10-01T12:23:25.7872018Z ##[endgroup]
scan (3)	UNKNOWN STEP	2026-10-01T12:23:25.7874063Z Secret source: Actions
scan (3)	UNKNOWN STEP	2026-10-01T12:23:25.7875058Z Cache mode: write
scan (3)	UNKNOWN STEP	2026-10-01T12:23:25.7875796Z Prepare workflow directory
scan (3)	UNKNOWN STEP	2026-10-01T12:23:25.8226150Z Prepare all required actions
scan (3)	UNKNOWN STEP	2026-10-01T12:23:25.8295896Z Getting action download info
scan (3)	UNKNOWN STEP	2026-10-01T12:23:26.2068962Z Download action repository 'actions/checkout@v4' (SHA:11d5960a326750d5838078e36cf38b85af677262)
scan (3)	UNKNOWN STEP	2026-10-01T12:23:26.2931123Z Download action repository 'actions/setup-python@v5' (SHA:a26af69be951a213d495a4c3e4e4022e16d87065)
scan (3)	UNKNOWN STEP	2026-10-01T12:23:26.3688353Z Download action repository 'actions/cache@v4' (SHA:0057852bfaa89a56745cba8c7296529d2fc39830)
scan (3)	UNKNOWN STEP	2026-10-01T12:23:26.4603838Z Download action repository 'actions/download-artifact@v4' (SHA:d3f86a106a0bac45b974a628896c90dbdf5c8093)
scan (3)	UNKNOWN STEP	2026-10-01T12:23:26.9182788Z Download action repository 'actions/upload-artifact@v4' (SHA:ea165f8d65b6e75b540449e92b4886f43607fa02)
scan (3)	UNKNOWN STEP	2026-10-01T12:23:27.1479290Z Complete job name: scan (3)
scan (3)	UNKNOWN STEP	2026-10-01T12:23:27.2286251Z ##[group]Run actions/checkout@v4
scan (3)	UNKNOWN STEP	2026-10-01T12:23:27.2287317Z with:
scan (3)	UNKNOWN STEP	2026-10-01T12:23:27.2287826Z   repository: duuu-hub/bb-scanner
scan (3)	UNKNOWN STEP	2026-10-01T12:23:27.2291880Z   token: ***
scan (3)	UNKNOWN STEP	2026-10-01T12:23:27.2292351Z   ssh-strict: true
scan (3)	UNKNOWN STEP	2026-10-01T12:23:27.2292820Z   ssh-user: git
scan (3)	UNKNOWN STEP	2026-10-01T12:23:27.2293294Z   persist-credentials: true
scan (3)	UNKNOWN STEP	2026-10-01T12:23:27.2293817Z   clean: true
scan (3)	UNKNOWN STEP	2026-10-01T12:23:27.2294299Z   sparse-checkout-cone-mode: true
scan (3)	UNKNOWN STEP	2026-10-01T12:23:27.2294859Z   fetch-depth: 1
scan (3)	UNKNOWN STEP	2026-10-01T12:23:27.2295329Z   fetch-tags: false
scan (3)	UNKNOWN STEP	2026-10-01T12:23:27.2295806Z   show-progress: true
scan (3)	UNKNOWN STEP	2026-10-01T12:23:27.2296294Z   lfs: false
scan (3)	UNKNOWN STEP	2026-10-01T12:23:27.2296744Z   submodules: false
scan (3)	UNKNOWN STEP	2026-10-01T12:23:27.2297254Z   set-safe-directory: true
scan (3)	UNKNOWN STEP	2026-10-01T12:23:27.2297793Z   allow-unsafe-pr-checkout: false
scan (3)	UNKNOWN STEP	2026-10-01T12:23:27.2298659Z ##[endgroup]
scan (3)	UNKNOWN STEP	2026-10-01T12:23:27.3404313Z Syncing repository: duuu-hub/bb-scanner
scan (3)	UNKNOWN STEP	2026-10-01T12:23:27.3407185Z ##[group]Getting Git version info
scan (3)	UNKNOWN STEP	2026-10-01T12:23:27.3408341Z Working directory is '/home/runner/work/bb-scanner/bb-scanner'
scan (3)	UNKNOWN STEP	2026-10-01T12:23:27.3409992Z [command]/usr/bin/git version
scan (3)	UNKNOWN STEP	2026-10-01T12:23:27.3469226Z git version 2.55.0
scan (3)	UNKNOWN STEP	2026-10-01T12:23:27.3502639Z ##[endgroup]
scan (3)	UNKNOWN STEP	2026-10-01T12:23:27.3513189Z Temporarily overriding HOME='/home/runner/work/_temp/457ccb67-f96c-4218-8a65-ef6d44c34ea1' before making global git config changes
scan (3)	UNKNOWN STEP	2026-10-01T12:23:27.3522506Z Adding repository directory to the temporary git global config as a safe directory
scan (3)	UNKNOWN STEP	2026-10-01T12:23:27.3525432Z [command]/usr/bin/git config --global --add safe.directory /home/runner/work/bb-scanner/bb-scanner
scan (3)	UNKNOWN STEP	2026-10-01T12:23:27.3588869Z Deleting the contents of '/home/runner/work/bb-scanner/bb-scanner'
scan (3)	UNKNOWN STEP	2026-10-01T12:23:27.3592450Z ##[group]Initializing the repository
scan (3)	UNKNOWN STEP	2026-10-01T12:23:27.3597106Z [command]/usr/bin/git init /home/runner/work/bb-scanner/bb-scanner
scan (3)	UNKNOWN STEP	2026-10-01T12:23:27.3732028Z hint: Using 'master' as the name for the initial branch. This default branch name
scan (3)	UNKNOWN STEP	2026-10-01T12:23:27.3739747Z hint: will change to "main" in Git 3.0. To configure the initial branch name
scan (3)	UNKNOWN STEP	2026-10-01T12:23:27.3742399Z hint: to use in all of your new repositories, which will suppress this warning,
scan (3)	UNKNOWN STEP	2026-10-01T12:23:27.3744300Z hint: call:
scan (3)	UNKNOWN STEP	2026-10-01T12:23:27.3745564Z hint:
scan (3)	UNKNOWN STEP	2026-10-01T12:23:27.3746992Z hint: 	git config --global init.defaultBranch <name>
scan (3)	UNKNOWN STEP	2026-10-01T12:23:27.3748845Z hint:
scan (3)	UNKNOWN STEP	2026-10-01T12:23:27.3750701Z hint: Names commonly chosen instead of 'master' are 'main', 'trunk' and
scan (3)	UNKNOWN STEP	2026-10-01T12:23:27.3752790Z hint: 'development'. The just-created branch can be renamed via this command:
scan (3)	UNKNOWN STEP	2026-10-01T12:23:27.3754634Z hint:
scan (3)	UNKNOWN STEP	2026-10-01T12:23:27.3756578Z hint: 	git branch -m <name>
scan (3)	UNKNOWN STEP	2026-10-01T12:23:27.3758163Z hint:
scan (3)	UNKNOWN STEP	2026-10-01T12:23:27.3760282Z hint: Disable this message with "git config set advice.defaultBranchName false"
scan (3)	UNKNOWN STEP	2026-10-01T12:23:27.3762993Z Initialized empty Git repository in /home/runner/work/bb-scanner/bb-scanner/.git/
scan (3)	UNKNOWN STEP	2026-10-01T12:23:27.3768126Z [command]/usr/bin/git remote add origin https://github.com/duuu-hub/bb-scanner
scan (3)	UNKNOWN STEP	2026-10-01T12:23:27.3821847Z ##[endgroup]
scan (3)	UNKNOWN STEP	2026-10-01T12:23:27.3823753Z ##[group]Disabling automatic garbage collection
scan (3)	UNKNOWN STEP	2026-10-01T12:23:27.3825633Z [command]/usr/bin/git config --local gc.auto 0
scan (3)	UNKNOWN STEP	2026-10-01T12:23:27.3880505Z ##[endgroup]
scan (3)	UNKNOWN STEP	2026-10-01T12:23:27.3883140Z ##[group]Setting up auth
scan (3)	UNKNOWN STEP	2026-10-01T12:23:27.3887914Z [command]/usr/bin/git config --local --name-only --get-regexp core\.sshCommand
scan (3)	UNKNOWN STEP	2026-10-01T12:23:27.3949052Z [command]/usr/bin/git submodule foreach --recursive sh -c "git config --local --name-only --get-regexp 'core\.sshCommand' && git config --local --unset-all 'core.sshCommand' || :"
scan (3)	UNKNOWN STEP	2026-10-01T12:23:27.4355660Z [command]/usr/bin/git config --local --name-only --get-regexp http\.https\:\/\/github\.com\/\.extraheader
scan (3)	UNKNOWN STEP	2026-10-01T12:23:27.4395988Z [command]/usr/bin/git submodule foreach --recursive sh -c "git config --local --name-only --get-regexp 'http\.https\:\/\/github\.com\/\.extraheader' && git config --local --unset-all 'http.https://github.com/.extraheader' || :"
scan (3)	UNKNOWN STEP	2026-10-01T12:23:27.4774134Z [command]/usr/bin/git config --local --name-only --get-regexp ^includeIf\.gitdir:
scan (3)	UNKNOWN STEP	2026-10-01T12:23:27.4802173Z [command]/usr/bin/git submodule foreach --recursive git config --local --show-origin --name-only --get-regexp remote.origin.url
scan (3)	UNKNOWN STEP	2026-10-01T12:23:27.5053442Z [command]/usr/bin/git config --local http.https://github.com/.extraheader AUTHORIZATION: basic ***
scan (3)	UNKNOWN STEP	2026-10-01T12:23:27.5094079Z ##[endgroup]
scan (3)	UNKNOWN STEP	2026-10-01T12:23:27.5095505Z ##[group]Fetching the repository
scan (3)	UNKNOWN STEP	2026-10-01T12:23:27.5105856Z [command]/usr/bin/git -c protocol.version=2 fetch --no-tags --prune --no-recurse-submodules --depth=1 origin +c1596c883844a41df385784e2f583b96f43e349e:refs/remotes/origin/research-day-edge-lab-v2
scan (3)	UNKNOWN STEP	2026-10-01T12:23:28.5844426Z From https://github.com/duuu-hub/bb-scanner
scan (3)	UNKNOWN STEP	2026-10-01T12:23:28.5869267Z  * [new ref]         c1596c883844a41df385784e2f583b96f43e349e -> origin/research-day-edge-lab-v2
scan (3)	UNKNOWN STEP	2026-10-01T12:23:28.5875310Z ##[endgroup]
scan (3)	UNKNOWN STEP	2026-10-01T12:23:28.5877257Z ##[group]Determining the checkout info
scan (3)	UNKNOWN STEP	2026-10-01T12:23:28.5879581Z ##[endgroup]
scan (3)	UNKNOWN STEP	2026-10-01T12:23:28.5881150Z [command]/usr/bin/git sparse-checkout disable
scan (3)	UNKNOWN STEP	2026-10-01T12:23:28.5915070Z [command]/usr/bin/git config --local --unset-all extensions.worktreeConfig
scan (3)	UNKNOWN STEP	2026-10-01T12:23:28.5948207Z ##[group]Checking out the ref
scan (3)	UNKNOWN STEP	2026-10-01T12:23:28.5953443Z [command]/usr/bin/git checkout --progress --force -B research-day-edge-lab-v2 refs/remotes/origin/research-day-edge-lab-v2
scan (3)	UNKNOWN STEP	2026-10-01T12:23:28.8070044Z Switched to a new branch 'research-day-edge-lab-v2'
scan (3)	UNKNOWN STEP	2026-10-01T12:23:28.8073979Z branch 'research-day-edge-lab-v2' set up to track 'origin/research-day-edge-lab-v2'.
scan (3)	UNKNOWN STEP	2026-10-01T12:23:28.8085601Z ##[endgroup]
scan (3)	UNKNOWN STEP	2026-10-01T12:23:28.8129033Z [command]/usr/bin/git log -1 --format=%H
scan (3)	UNKNOWN STEP	2026-10-01T12:23:28.8156006Z c1596c883844a41df385784e2f583b96f43e349e
scan (3)	UNKNOWN STEP	2026-10-01T12:23:28.8537791Z ##[group]Run actions/setup-python@v5
scan (3)	UNKNOWN STEP	2026-10-01T12:23:28.8538996Z with:
scan (3)	UNKNOWN STEP	2026-10-01T12:23:28.8539856Z   python-version: 3.12
scan (3)	UNKNOWN STEP	2026-10-01T12:23:28.8541189Z   check-latest: false
scan (3)	UNKNOWN STEP	2026-10-01T12:23:28.8551007Z   token: ***
scan (3)	UNKNOWN STEP	2026-10-01T12:23:28.8551960Z   update-environment: true
scan (3)	UNKNOWN STEP	2026-10-01T12:23:28.8553057Z   allow-prereleases: false
scan (3)	UNKNOWN STEP	2026-10-01T12:23:28.8554126Z   freethreaded: false
scan (3)	UNKNOWN STEP	2026-10-01T12:23:28.8555081Z ##[endgroup]
scan (3)	UNKNOWN STEP	2026-10-01T12:23:28.9872494Z ##[group]Installed versions
scan (3)	UNKNOWN STEP	2026-10-01T12:23:28.9974768Z (node:2307) [DEP0040] DeprecationWarning: The `punycode` module is deprecated. Please use a userland alternative instead.
scan (3)	UNKNOWN STEP	2026-10-01T12:23:28.9978372Z (Use `node --trace-deprecation ...` to show where the warning was created)
scan (3)	UNKNOWN STEP	2026-10-01T12:23:28.9980617Z Successfully set up CPython (3.12.14)
scan (3)	UNKNOWN STEP	2026-10-01T12:23:28.9982935Z ##[endgroup]
scan (3)	UNKNOWN STEP	2026-10-01T12:23:29.0172345Z ##[group]Run pip install pandas==2.3.3 numpy==2.3.3
scan (3)	UNKNOWN STEP	2026-10-01T12:23:29.0174785Z ^[[36;1mpip install pandas==2.3.3 numpy==2.3.3^[[0m
scan (3)	UNKNOWN STEP	2026-10-01T12:23:29.0485311Z shell: /usr/bin/bash -e {0}
scan (3)	UNKNOWN STEP	2026-10-01T12:23:29.0486477Z env:
scan (3)	UNKNOWN STEP	2026-10-01T12:23:29.0487613Z   pythonLocation: /opt/hostedtoolcache/Python/3.12.14/x64
scan (3)	UNKNOWN STEP	2026-10-01T12:23:29.0489517Z   PKG_CONFIG_PATH: /opt/hostedtoolcache/Python/3.12.14/x64/lib/pkgconfig
scan (3)	UNKNOWN STEP	2026-10-01T12:23:29.0491647Z   Python_ROOT_DIR: /opt/hostedtoolcache/Python/3.12.14/x64
scan (3)	UNKNOWN STEP	2026-10-01T12:23:29.0493336Z   Python2_ROOT_DIR: /opt/hostedtoolcache/Python/3.12.14/x64
scan (3)	UNKNOWN STEP	2026-10-01T12:23:29.0495030Z   Python3_ROOT_DIR: /opt/hostedtoolcache/Python/3.12.14/x64
scan (3)	UNKNOWN STEP	2026-10-01T12:23:29.0496741Z   LD_LIBRARY_PATH: /opt/hostedtoolcache/Python/3.12.14/x64/lib
scan (3)	UNKNOWN STEP	2026-10-01T12:23:29.0498187Z ##[endgroup]
scan (3)	UNKNOWN STEP	2026-10-01T12:23:30.3298080Z Collecting pandas==2.3.3
scan (3)	UNKNOWN STEP	2026-10-01T12:23:30.3757437Z   Downloading pandas-2.3.3-cp312-cp312-manylinux_2_24_x86_64.manylinux_2_28_x86_64.whl.metadata (91 kB)
scan (3)	UNKNOWN STEP	2026-10-01T12:23:30.6133577Z Collecting numpy==2.3.3
scan (3)	UNKNOWN STEP	2026-10-01T12:23:30.6170080Z   Downloading numpy-2.3.3-cp312-cp312-manylinux_2_27_x86_64.manylinux_2_28_x86_64.whl.metadata (62 kB)
scan (3)	UNKNOWN STEP	2026-10-01T12:23:30.6478805Z Collecting python-dateutil>=2.8.2 (from pandas==2.3.3)
scan (3)	UNKNOWN STEP	2026-10-01T12:23:30.6505355Z   Downloading python_dateutil-2.9.0.post0-py2.py3-none-any.whl.metadata (8.4 kB)
scan (3)	UNKNOWN STEP	2026-10-01T12:23:30.6823227Z Collecting pytz>=2020.1 (from pandas==2.3.3)
scan (3)	UNKNOWN STEP	2026-10-01T12:23:30.6850263Z   Downloading pytz-2026.4-py2.py3-none-any.whl.metadata (22 kB)
scan (3)	UNKNOWN STEP	2026-10-01T12:23:30.7031203Z Collecting tzdata>=2022.7 (from pandas==2.3.3)
scan (3)	UNKNOWN STEP	2026-10-01T12:23:30.7055603Z   Downloading tzdata-2026.4-py2.py3-none-any.whl.metadata (1.4 kB)
scan (3)	UNKNOWN STEP	2026-10-01T12:23:30.7316917Z Collecting six>=1.5 (from python-dateutil>=2.8.2->pandas==2.3.3)
scan (3)	UNKNOWN STEP	2026-10-01T12:23:30.7343175Z   Downloading six-1.17.0-py2.py3-none-any.whl.metadata (1.7 kB)
scan (3)	UNKNOWN STEP	2026-10-01T12:23:30.7445358Z Downloading pandas-2.3.3-cp312-cp312-manylinux_2_24_x86_64.manylinux_2_28_x86_64.whl (12.4 MB)
scan (3)	UNKNOWN STEP	2026-10-01T12:23:30.7972158Z    ━━━━━━━━━━━━━━━━━━━━━━━━━━━━━━━━━━━━━━━━ 12.4/12.4 MB 249.5 MB/s  0:00:00
scan (3)	UNKNOWN STEP	2026-10-01T12:23:30.8031166Z Downloading numpy-2.3.3-cp312-cp312-manylinux_2_27_x86_64.manylinux_2_28_x86_64.whl (16.6 MB)
scan (3)	UNKNOWN STEP	2026-10-01T12:23:30.8926466Z    ━━━━━━━━━━━━━━━━━━━━━━━━━━━━━━━━━━━━━━━━ 16.6/16.6 MB 191.2 MB/s  0:00:00
scan (3)	UNKNOWN STEP	2026-10-01T12:23:30.8948123Z Downloading python_dateutil-2.9.0.post0-py2.py3-none-any.whl (229 kB)
scan (3)	UNKNOWN STEP	2026-10-01T12:23:30.9042508Z Downloading pytz-2026.4-py2.py3-none-any.whl (506 kB)
scan (3)	UNKNOWN STEP	2026-10-01T12:23:30.9098317Z Downloading six-1.17.0-py2.py3-none-any.whl (11 kB)
scan (3)	UNKNOWN STEP	2026-10-01T12:23:30.9146779Z Downloading tzdata-2026.4-py2.py3-none-any.whl (347 kB)
scan (3)	UNKNOWN STEP	2026-10-01T12:23:31.0737220Z Installing collected packages: pytz, tzdata, six, numpy, python-dateutil, pandas
scan (3)	UNKNOWN STEP	2026-10-01T12:23:38.5773600Z 
scan (3)	UNKNOWN STEP	2026-10-01T12:23:38.5801717Z Successfully installed numpy-2.3.3 pandas-2.3.3 python-dateutil-2.9.0.post0 pytz-2026.4 six-1.17.0 tzdata-2026.4
scan (3)	UNKNOWN STEP	2026-10-01T12:23:38.6437177Z ##[group]Run actions/cache@v4
scan (3)	UNKNOWN STEP	2026-10-01T12:23:38.6437456Z with:
scan (3)	UNKNOWN STEP	2026-10-01T12:23:38.6437842Z   path: cache/1m
scan (3)	UNKNOWN STEP	2026-10-01T12:23:38.6438101Z   key: day-edge-canon-v2-source-36095439671-shard-3
scan (3)	UNKNOWN STEP	2026-10-01T12:23:38.6438422Z   enableCrossOsArchive: false
scan (3)	UNKNOWN STEP	2026-10-01T12:23:38.6438669Z   fail-on-cache-miss: false
scan (3)	UNKNOWN STEP	2026-10-01T12:23:38.6438928Z   lookup-only: false
scan (3)	UNKNOWN STEP	2026-10-01T12:23:38.6439145Z   save-always: false
scan (3)	UNKNOWN STEP	2026-10-01T12:23:38.6439373Z env:
scan (3)	UNKNOWN STEP	2026-10-01T12:23:38.6439624Z   pythonLocation: /opt/hostedtoolcache/Python/3.12.14/x64
scan (3)	UNKNOWN STEP	2026-10-01T12:23:38.6440047Z   PKG_CONFIG_PATH: /opt/hostedtoolcache/Python/3.12.14/x64/lib/pkgconfig
scan (3)	UNKNOWN STEP	2026-10-01T12:23:38.6440753Z   Python_ROOT_DIR: /opt/hostedtoolcache/Python/3.12.14/x64
scan (3)	UNKNOWN STEP	2026-10-01T12:23:38.6441137Z   Python2_ROOT_DIR: /opt/hostedtoolcache/Python/3.12.14/x64
scan (3)	UNKNOWN STEP	2026-10-01T12:23:38.6441517Z   Python3_ROOT_DIR: /opt/hostedtoolcache/Python/3.12.14/x64
scan (3)	UNKNOWN STEP	2026-10-01T12:23:38.6441900Z   LD_LIBRARY_PATH: /opt/hostedtoolcache/Python/3.12.14/x64/lib
scan (3)	UNKNOWN STEP	2026-10-01T12:23:38.6442249Z ##[endgroup]
scan (3)	UNKNOWN STEP	2026-10-01T12:23:38.7485029Z (node:2342) [DEP0040] DeprecationWarning: The `punycode` module is deprecated. Please use a userland alternative instead.
scan (3)	UNKNOWN STEP	2026-10-01T12:23:38.7486541Z (Use `node --trace-deprecation ...` to show where the warning was created)
scan (3)	UNKNOWN STEP	2026-10-01T12:23:38.9952272Z Cache not found for input keys: day-edge-canon-v2-source-36095439671-shard-3
scan (3)	UNKNOWN STEP	2026-10-01T12:23:39.0053904Z ##[group]Run gh run download 36095439671 -R duuu-hub/bb-scanner -n rank5-binance-um-15m-5y-data-shard-3 -D data
scan (3)	UNKNOWN STEP	2026-10-01T12:23:39.0054762Z ^[[36;1mgh run download 36095439671 -R duuu-hub/bb-scanner -n rank5-binance-um-15m-5y-data-shard-3 -D data^[[0m
scan (3)	UNKNOWN STEP	2026-10-01T12:23:39.0055418Z ^[[36;1mgh run download 36858492497 -R duuu-hub/bb-scanner -n day-edge-v2-btc -D btc^[[0m
scan (3)	UNKNOWN STEP	2026-10-01T12:23:39.0121077Z shell: /usr/bin/bash -e {0}
scan (3)	UNKNOWN STEP	2026-10-01T12:23:39.0121333Z env:
scan (3)	UNKNOWN STEP	2026-10-01T12:23:39.0121606Z   pythonLocation: /opt/hostedtoolcache/Python/3.12.14/x64
scan (3)	UNKNOWN STEP	2026-10-01T12:23:39.0122072Z   PKG_CONFIG_PATH: /opt/hostedtoolcache/Python/3.12.14/x64/lib/pkgconfig
scan (3)	UNKNOWN STEP	2026-10-01T12:23:39.0122524Z   Python_ROOT_DIR: /opt/hostedtoolcache/Python/3.12.14/x64
scan (3)	UNKNOWN STEP	2026-10-01T12:23:39.0122927Z   Python2_ROOT_DIR: /opt/hostedtoolcache/Python/3.12.14/x64
scan (3)	UNKNOWN STEP	2026-10-01T12:23:39.0123325Z   Python3_ROOT_DIR: /opt/hostedtoolcache/Python/3.12.14/x64
scan (3)	UNKNOWN STEP	2026-10-01T12:23:39.0123736Z   LD_LIBRARY_PATH: /opt/hostedtoolcache/Python/3.12.14/x64/lib
scan (3)	UNKNOWN STEP	2026-10-01T12:23:39.0126235Z   GH_TOKEN: ***
scan (3)	UNKNOWN STEP	2026-10-01T12:23:39.0126456Z ##[endgroup]
scan (3)	UNKNOWN STEP	2026-10-01T12:23:56.4308882Z ##[group]Run actions/download-artifact@v4
scan (3)	UNKNOWN STEP	2026-10-01T12:23:56.4309195Z with:
scan (3)	UNKNOWN STEP	2026-10-01T12:23:56.4309407Z   name: day-edge-v2-frozen-selection
scan (3)	UNKNOWN STEP	2026-10-01T12:23:56.4309681Z   path: frozen-input
scan (3)	UNKNOWN STEP	2026-10-01T12:23:56.4309909Z   merge-multiple: false
scan (3)	UNKNOWN STEP	2026-10-01T12:23:56.4310144Z   repository: duuu-hub/bb-scanner
scan (3)	UNKNOWN STEP	2026-10-01T12:23:56.4310706Z   run-id: 36861359640
scan (3)	UNKNOWN STEP	2026-10-01T12:23:56.4310911Z env:
scan (3)	UNKNOWN STEP	2026-10-01T12:23:56.4311171Z   pythonLocation: /opt/hostedtoolcache/Python/3.12.14/x64
scan (3)	UNKNOWN STEP	2026-10-01T12:23:56.4311599Z   PKG_CONFIG_PATH: /opt/hostedtoolcache/Python/3.12.14/x64/lib/pkgconfig
scan (3)	UNKNOWN STEP	2026-10-01T12:23:56.4312038Z   Python_ROOT_DIR: /opt/hostedtoolcache/Python/3.12.14/x64
scan (3)	UNKNOWN STEP	2026-10-01T12:23:56.4312417Z   Python2_ROOT_DIR: /opt/hostedtoolcache/Python/3.12.14/x64
scan (3)	UNKNOWN STEP	2026-10-01T12:23:56.4312798Z   Python3_ROOT_DIR: /opt/hostedtoolcache/Python/3.12.14/x64
scan (3)	UNKNOWN STEP	2026-10-01T12:23:56.4313175Z   LD_LIBRARY_PATH: /opt/hostedtoolcache/Python/3.12.14/x64/lib
scan (3)	UNKNOWN STEP	2026-10-01T12:23:56.4313488Z ##[endgroup]
scan (3)	UNKNOWN STEP	2026-10-01T12:23:56.5764708Z Downloading single artifact
scan (3)	UNKNOWN STEP	2026-10-01T12:23:56.5908354Z (node:2376) [DEP0040] DeprecationWarning: The `punycode` module is deprecated. Please use a userland alternative instead.
scan (3)	UNKNOWN STEP	2026-10-01T12:23:56.5909754Z (Use `node --trace-deprecation ...` to show where the warning was created)
scan (3)	UNKNOWN STEP	2026-10-01T12:23:56.8472794Z Preparing to download the following artifacts:
scan (3)	UNKNOWN STEP	2026-10-01T12:23:56.8474025Z - day-edge-v2-frozen-selection (ID: 11160624466, Size: 3288, Expected Digest: sha256:f2f35defae027a62c91d1c9989afbad4b8709045c7a53bb3ed4fb4b7044ab788)
scan (3)	UNKNOWN STEP	2026-10-01T12:23:57.0787194Z Redirecting to blob download url: https://productionresultssa18.blob.core.windows.net/actions-results/34242db7-8627-8b8c-b3b8-0db014836193/workflow-job-run-d573c45a-a68e-57e4-939a-2465a68b3116/artifacts/a1ab5e558c97164c8c87a7cba61e1b7a4cc53e7c63ea3b99dbfd01b26ee4afb3.zip
scan (3)	UNKNOWN STEP	2026-10-01T12:23:57.0789515Z Starting download of artifact to: /home/runner/work/bb-scanner/bb-scanner/frozen-input
scan (3)	UNKNOWN STEP	2026-10-01T12:23:57.3506472Z (node:2376) [DEP0005] DeprecationWarning: Buffer() is deprecated due to security and usability issues. Please use the Buffer.alloc(), Buffer.allocUnsafe(), or Buffer.from() methods instead.
scan (3)	UNKNOWN STEP	2026-10-01T12:23:57.3580895Z SHA256 digest of downloaded artifact is f2f35defae027a62c91d1c9989afbad4b8709045c7a53bb3ed4fb4b7044ab788
scan (3)	UNKNOWN STEP	2026-10-01T12:23:57.3581889Z Artifact download completed successfully.
scan (3)	UNKNOWN STEP	2026-10-01T12:23:57.3582292Z Total of 1 artifact(s) downloaded
scan (3)	UNKNOWN STEP	2026-10-01T12:23:57.3586808Z Download artifact has finished successfully
scan (3)	UNKNOWN STEP	2026-10-01T12:23:57.3696417Z ##[group]Run python scripts/day_edge_canonical.py scan --data data --btc btc/BTCUSDT.csv.gz --selection frozen-input/selection.json --out canonical-3 --minute-cache cache/1m
scan (3)	UNKNOWN STEP	2026-10-01T12:23:57.3697660Z ^[[36;1mpython scripts/day_edge_canonical.py scan --data data --btc btc/BTCUSDT.csv.gz --selection frozen-input/selection.json --out canonical-3 --minute-cache cache/1m^[[0m
scan (3)	UNKNOWN STEP	2026-10-01T12:23:57.3761794Z shell: /usr/bin/bash -e {0}
scan (3)	UNKNOWN STEP	2026-10-01T12:23:57.3762064Z env:
scan (3)	UNKNOWN STEP	2026-10-01T12:23:57.3762362Z   pythonLocation: /opt/hostedtoolcache/Python/3.12.14/x64
scan (3)	UNKNOWN STEP	2026-10-01T12:23:57.3762846Z   PKG_CONFIG_PATH: /opt/hostedtoolcache/Python/3.12.14/x64/lib/pkgconfig
scan (3)	UNKNOWN STEP	2026-10-01T12:23:57.3763327Z   Python_ROOT_DIR: /opt/hostedtoolcache/Python/3.12.14/x64
scan (3)	UNKNOWN STEP	2026-10-01T12:23:57.3763753Z   Python2_ROOT_DIR: /opt/hostedtoolcache/Python/3.12.14/x64
scan (3)	UNKNOWN STEP	2026-10-01T12:23:57.3764186Z   Python3_ROOT_DIR: /opt/hostedtoolcache/Python/3.12.14/x64
scan (3)	UNKNOWN STEP	2026-10-01T12:23:57.3764652Z   LD_LIBRARY_PATH: /opt/hostedtoolcache/Python/3.12.14/x64/lib
scan (3)	UNKNOWN STEP	2026-10-01T12:23:57.3765016Z ##[endgroup]
scan (3)	UNKNOWN STEP	2026-10-01T12:24:42.0497722Z CANONICAL_SCAN 32 / 106 DOGEUSDT outcomes 3201
scan (3)	UNKNOWN STEP	2026-10-01T12:24:58.3281983Z CANONICAL_SCAN 40 / 106 FTTUSDT outcomes 4209
scan (3)	UNKNOWN STEP	2026-10-01T12:25:08.0230157Z CANONICAL_SCAN 48 / 106 ICPUSDT outcomes 4737
scan (3)	UNKNOWN STEP	2026-10-01T12:26:11.6637639Z CANONICAL_SCAN_DONE 8643
scan (3)	UNKNOWN STEP	2026-10-01T12:26:11.7211722Z ##[group]Run actions/upload-artifact@v4
scan (3)	UNKNOWN STEP	2026-10-01T12:26:11.7212031Z with:
scan (3)	UNKNOWN STEP	2026-10-01T12:26:11.7212241Z   name: day-edge-v2-canonical-3
scan (3)	UNKNOWN STEP	2026-10-01T12:26:11.7212497Z   path: canonical-3/
scan (3)	UNKNOWN STEP	2026-10-01T12:26:11.7212719Z   retention-days: 30
scan (3)	UNKNOWN STEP	2026-10-01T12:26:11.7212933Z   compression-level: 0
scan (3)	UNKNOWN STEP	2026-10-01T12:26:11.7213157Z   if-no-files-found: warn
scan (3)	UNKNOWN STEP	2026-10-01T12:26:11.7213381Z   overwrite: false
scan (3)	UNKNOWN STEP	2026-10-01T12:26:11.7213596Z   include-hidden-files: false
scan (3)	UNKNOWN STEP	2026-10-01T12:26:11.7213834Z env:
scan (3)	UNKNOWN STEP	2026-10-01T12:26:11.7214087Z   pythonLocation: /opt/hostedtoolcache/Python/3.12.14/x64
scan (3)	UNKNOWN STEP	2026-10-01T12:26:11.7214521Z   PKG_CONFIG_PATH: /opt/hostedtoolcache/Python/3.12.14/x64/lib/pkgconfig
scan (3)	UNKNOWN STEP	2026-10-01T12:26:11.7214945Z   Python_ROOT_DIR: /opt/hostedtoolcache/Python/3.12.14/x64
scan (3)	UNKNOWN STEP	2026-10-01T12:26:11.7215348Z   Python2_ROOT_DIR: /opt/hostedtoolcache/Python/3.12.14/x64
scan (3)	UNKNOWN STEP	2026-10-01T12:26:11.7215731Z   Python3_ROOT_DIR: /opt/hostedtoolcache/Python/3.12.14/x64
scan (3)	UNKNOWN STEP	2026-10-01T12:26:11.7216139Z   LD_LIBRARY_PATH: /opt/hostedtoolcache/Python/3.12.14/x64/lib
scan (3)	UNKNOWN STEP	2026-10-01T12:26:11.7216460Z ##[endgroup]
scan (3)	UNKNOWN STEP	2026-10-01T12:26:11.8831478Z (node:2423) [DEP0040] DeprecationWarning: The `punycode` module is deprecated. Please use a userland alternative instead.
scan (3)	UNKNOWN STEP	2026-10-01T12:26:11.8832867Z (Use `node --trace-deprecation ...` to show where the warning was created)
scan (3)	UNKNOWN STEP	2026-10-01T12:26:11.8902186Z With the provided path, there will be 2 files uploaded
scan (3)	UNKNOWN STEP	2026-10-01T12:26:11.8930902Z Artifact name is valid!
scan (3)	UNKNOWN STEP	2026-10-01T12:26:11.8932078Z Root directory input is valid!
scan (3)	UNKNOWN STEP	2026-10-01T12:26:12.2793474Z Beginning upload of artifact content to blob storage
scan (3)	UNKNOWN STEP	2026-10-01T12:26:12.3022629Z (node:2423) [DEP0169] DeprecationWarning: `url.parse()` behavior is not standardized and prone to errors that have security implications. Use the WHATWG URL API instead. CVEs are not issued for `url.parse()` vulnerabilities.
scan (3)	UNKNOWN STEP	2026-10-01T12:26:12.8190220Z Uploaded bytes 281125
scan (3)	UNKNOWN STEP	2026-10-01T12:26:12.8935565Z Finished uploading artifact content to blob storage!
scan (3)	UNKNOWN STEP	2026-10-01T12:26:12.8936958Z SHA256 digest of uploaded artifact zip is a9a605c2b6bae377476ebc96cbb01b5182bddb36ded66f9e1338260f8d6d6fa5
scan (3)	UNKNOWN STEP	2026-10-01T12:26:12.8937969Z Finalizing artifact upload
scan (3)	UNKNOWN STEP	2026-10-01T12:26:13.1833824Z Artifact day-edge-v2-canonical-3.zip successfully finalized. Artifact ID 11161199518
scan (3)	UNKNOWN STEP	2026-10-01T12:26:13.1835091Z Artifact day-edge-v2-canonical-3 has been successfully uploaded! Final size is 281125 bytes. Artifact ID is 11161199518
scan (3)	UNKNOWN STEP	2026-10-01T12:26:13.1841019Z Artifact download URL: https://github.com/duuu-hub/bb-scanner/actions/runs/36861359640/artifacts/11161199518
scan (3)	UNKNOWN STEP	2026-10-01T12:26:13.2006503Z Post job cleanup.
scan (3)	UNKNOWN STEP	2026-10-01T12:26:13.3044433Z (node:2436) [DEP0040] DeprecationWarning: The `punycode` module is deprecated. Please use a userland alternative instead.
scan (3)	UNKNOWN STEP	2026-10-01T12:26:13.3045627Z (Use `node --trace-deprecation ...` to show where the warning was created)
scan (3)	UNKNOWN STEP	2026-10-01T12:26:13.3264859Z [command]/usr/bin/tar --posix -cf cache.tzst --exclude cache.tzst -P -C /home/runner/work/bb-scanner/bb-scanner --files-from manifest.txt --use-compress-program zstdmt
scan (3)	UNKNOWN STEP	2026-10-01T12:26:13.7559897Z (node:2436) [DEP0169] DeprecationWarning: `url.parse()` behavior is not standardized and prone to errors that have security implications. Use the WHATWG URL API instead. CVEs are not issued for `url.parse()` vulnerabilities.
scan (3)	UNKNOWN STEP	2026-10-01T12:26:14.7484247Z Sent 27394048 of 43272223 (63.3%), 26.1 MBs/sec
scan (3)	UNKNOWN STEP	2026-10-01T12:26:15.1190514Z Sent 43272223 of 43272223 (100.0%), 30.1 MBs/sec
scan (3)	UNKNOWN STEP	2026-10-01T12:26:15.3045733Z Cache saved with key: day-edge-canon-v2-source-36095439671-shard-3
scan (3)	UNKNOWN STEP	2026-10-01T12:26:15.3177870Z Post job cleanup.
scan (3)	UNKNOWN STEP	2026-10-01T12:26:15.4348516Z (node:2457) [DEP0040] DeprecationWarning: The `punycode` module is deprecated. Please use a userland alternative instead.
scan (3)	UNKNOWN STEP	2026-10-01T12:26:15.4349786Z (Use `node --trace-deprecation ...` to show where the warning was created)
scan (3)	UNKNOWN STEP	2026-10-01T12:26:15.4595218Z Post job cleanup.
scan (3)	UNKNOWN STEP	2026-10-01T12:26:15.5477204Z [command]/usr/bin/git version
scan (3)	UNKNOWN STEP	2026-10-01T12:26:15.5516225Z git version 2.55.0
scan (3)	UNKNOWN STEP	2026-10-01T12:26:15.5559376Z Temporarily overriding HOME='/home/runner/work/_temp/7a3d0a7f-05db-4263-a2c6-fd7d4947fdb3' before making global git config changes
scan (3)	UNKNOWN STEP	2026-10-01T12:26:15.5561054Z Adding repository directory to the temporary git global config as a safe directory
scan (3)	UNKNOWN STEP	2026-10-01T12:26:15.5565863Z [command]/usr/bin/git config --global --add safe.directory /home/runner/work/bb-scanner/bb-scanner
scan (3)	UNKNOWN STEP	2026-10-01T12:26:15.5605787Z [command]/usr/bin/git config --local --name-only --get-regexp core\.sshCommand
scan (3)	UNKNOWN STEP	2026-10-01T12:26:15.5641951Z [command]/usr/bin/git submodule foreach --recursive sh -c "git config --local --name-only --get-regexp 'core\.sshCommand' && git config --local --unset-all 'core.sshCommand' || :"
scan (3)	UNKNOWN STEP	2026-10-01T12:26:15.5898749Z [command]/usr/bin/git config --local --name-only --get-regexp http\.https\:\/\/github\.com\/\.extraheader
scan (3)	UNKNOWN STEP	2026-10-01T12:26:15.5931317Z http.https://github.com/.extraheader
scan (3)	UNKNOWN STEP	2026-10-01T12:26:15.5943461Z [command]/usr/bin/git config --local --unset-all http.https://github.com/.extraheader
scan (3)	UNKNOWN STEP	2026-10-01T12:26:15.5986718Z [command]/usr/bin/git submodule foreach --recursive sh -c "git config --local --name-only --get-regexp 'http\.https\:\/\/github\.com\/\.extraheader' && git config --local --unset-all 'http.https://github.com/.extraheader' || :"
scan (3)	UNKNOWN STEP	2026-10-01T12:26:15.6262173Z [command]/usr/bin/git config --local --name-only --get-regexp ^includeIf\.gitdir:
scan (3)	UNKNOWN STEP	2026-10-01T12:26:15.6301179Z [command]/usr/bin/git submodule foreach --recursive git config --local --show-origin --name-only --get-regexp remote.origin.url
scan (3)	UNKNOWN STEP	2026-10-01T12:26:15.6712572Z Cleaning up orphan processes
scan (3)	UNKNOWN STEP	2026-10-01T12:26:15.7108891Z ##[warning]Node.js 20 is deprecated. The following actions target Node.js 20 but are being forced to run on Node.js 24: actions/cache@v4, actions/checkout@v4, actions/download-artifact@v4, actions/setup-python@v5, actions/upload-artifact@v4. For more information see: https://github.blog/changelog/2025-09-19-deprecation-of-node-20-on-github-actions-runners/
scan (4)	UNKNOWN STEP	﻿2026-10-01T12:23:24.9980856Z Current runner version: '2.337.0'
scan (4)	UNKNOWN STEP	2026-10-01T12:23:25.0008980Z ##[group]Runner Image Provisioner
scan (4)	UNKNOWN STEP	2026-10-01T12:23:25.0009853Z Hosted Compute Agent
scan (4)	UNKNOWN STEP	2026-10-01T12:23:25.0010561Z Version: 20260901.588
scan (4)	UNKNOWN STEP	2026-10-01T12:23:25.0011249Z Commit: f88ec8081b781fac6c440065ac7ff9e710ce3d0b
scan (4)	UNKNOWN STEP	2026-10-01T12:23:25.0012052Z Build Date: 2026-09-01T19:56:44Z
scan (4)	UNKNOWN STEP	2026-10-01T12:23:25.0012849Z Worker ID: {eed4ea99-8bca-44c5-a12b-b4adab704dc8}
scan (4)	UNKNOWN STEP	2026-10-01T12:23:25.0013751Z Azure Region: centralus
scan (4)	UNKNOWN STEP	2026-10-01T12:23:25.0014401Z ##[endgroup]
scan (4)	UNKNOWN STEP	2026-10-01T12:23:25.0016442Z ##[group]Operating System
scan (4)	UNKNOWN STEP	2026-10-01T12:23:25.0017177Z Ubuntu
scan (4)	UNKNOWN STEP	2026-10-01T12:23:25.0017846Z 24.04.5
scan (4)	UNKNOWN STEP	2026-10-01T12:23:25.0018387Z LTS
scan (4)	UNKNOWN STEP	2026-10-01T12:23:25.0018961Z ##[endgroup]
scan (4)	UNKNOWN STEP	2026-10-01T12:23:25.0019561Z ##[group]Runner Image
scan (4)	UNKNOWN STEP	2026-10-01T12:23:25.0020218Z Image: ubuntu-24.04
scan (4)	UNKNOWN STEP	2026-10-01T12:23:25.0021217Z Version: 20260927.320.1
scan (4)	UNKNOWN STEP	2026-10-01T12:23:25.0022541Z Included Software: https://github.com/actions/runner-images/blob/ubuntu24/20260927.320/images/ubuntu/Ubuntu2404-Readme.md
scan (4)	UNKNOWN STEP	2026-10-01T12:23:25.0024235Z Image Release: https://github.com/actions/runner-images/releases/tag/ubuntu24%2F20260927.320
scan (4)	UNKNOWN STEP	2026-10-01T12:23:25.0025247Z ##[endgroup]
scan (4)	UNKNOWN STEP	2026-10-01T12:23:25.0026836Z ##[group]GITHUB_TOKEN Permissions
scan (4)	UNKNOWN STEP	2026-10-01T12:23:25.0029096Z Actions: read
scan (4)	UNKNOWN STEP	2026-10-01T12:23:25.0029826Z Contents: read
scan (4)	UNKNOWN STEP	2026-10-01T12:23:25.0030463Z Metadata: read
scan (4)	UNKNOWN STEP	2026-10-01T12:23:25.0031135Z ##[endgroup]
scan (4)	UNKNOWN STEP	2026-10-01T12:23:25.0033199Z Secret source: Actions
scan (4)	UNKNOWN STEP	2026-10-01T12:23:25.0034222Z Cache mode: write
scan (4)	UNKNOWN STEP	2026-10-01T12:23:25.0035229Z Prepare workflow directory
scan (4)	UNKNOWN STEP	2026-10-01T12:23:25.0368990Z Prepare all required actions
scan (4)	UNKNOWN STEP	2026-10-01T12:23:25.0416242Z Getting action download info
scan (4)	UNKNOWN STEP	2026-10-01T12:23:25.3649898Z Download action repository 'actions/checkout@v4' (SHA:11d5960a326750d5838078e36cf38b85af677262)
scan (4)	UNKNOWN STEP	2026-10-01T12:23:25.4736526Z Download action repository 'actions/setup-python@v5' (SHA:a26af69be951a213d495a4c3e4e4022e16d87065)
scan (4)	UNKNOWN STEP	2026-10-01T12:23:25.5546308Z Download action repository 'actions/cache@v4' (SHA:0057852bfaa89a56745cba8c7296529d2fc39830)
scan (4)	UNKNOWN STEP	2026-10-01T12:23:25.7409698Z Download action repository 'actions/download-artifact@v4' (SHA:d3f86a106a0bac45b974a628896c90dbdf5c8093)
scan (4)	UNKNOWN STEP	2026-10-01T12:23:26.2363740Z Download action repository 'actions/upload-artifact@v4' (SHA:ea165f8d65b6e75b540449e92b4886f43607fa02)
scan (4)	UNKNOWN STEP	2026-10-01T12:23:26.4590062Z Complete job name: scan (4)
scan (4)	UNKNOWN STEP	2026-10-01T12:23:26.5364606Z ##[group]Run actions/checkout@v4
scan (4)	UNKNOWN STEP	2026-10-01T12:23:26.5365709Z with:
scan (4)	UNKNOWN STEP	2026-10-01T12:23:26.5366216Z   repository: duuu-hub/bb-scanner
scan (4)	UNKNOWN STEP	2026-10-01T12:23:26.5370523Z   token: ***
scan (4)	UNKNOWN STEP	2026-10-01T12:23:26.5371007Z   ssh-strict: true
scan (4)	UNKNOWN STEP	2026-10-01T12:23:26.5371484Z   ssh-user: git
scan (4)	UNKNOWN STEP	2026-10-01T12:23:26.5371976Z   persist-credentials: true
scan (4)	UNKNOWN STEP	2026-10-01T12:23:26.5372518Z   clean: true
scan (4)	UNKNOWN STEP	2026-10-01T12:23:26.5373011Z   sparse-checkout-cone-mode: true
scan (4)	UNKNOWN STEP	2026-10-01T12:23:26.5373591Z   fetch-depth: 1
scan (4)	UNKNOWN STEP	2026-10-01T12:23:26.5374084Z   fetch-tags: false
scan (4)	UNKNOWN STEP	2026-10-01T12:23:26.5374569Z   show-progress: true
scan (4)	UNKNOWN STEP	2026-10-01T12:23:26.5375079Z   lfs: false
scan (4)	UNKNOWN STEP	2026-10-01T12:23:26.5375746Z   submodules: false
scan (4)	UNKNOWN STEP	2026-10-01T12:23:26.5376288Z   set-safe-directory: true
scan (4)	UNKNOWN STEP	2026-10-01T12:23:26.5376843Z   allow-unsafe-pr-checkout: false
scan (4)	UNKNOWN STEP	2026-10-01T12:23:26.5377683Z ##[endgroup]
scan (4)	UNKNOWN STEP	2026-10-01T12:23:26.6402340Z Syncing repository: duuu-hub/bb-scanner
scan (4)	UNKNOWN STEP	2026-10-01T12:23:26.6405029Z ##[group]Getting Git version info
scan (4)	UNKNOWN STEP	2026-10-01T12:23:26.6406934Z Working directory is '/home/runner/work/bb-scanner/bb-scanner'
scan (4)	UNKNOWN STEP	2026-10-01T12:23:26.6408749Z [command]/usr/bin/git version
scan (4)	UNKNOWN STEP	2026-10-01T12:23:26.6487194Z git version 2.55.0
scan (4)	UNKNOWN STEP	2026-10-01T12:23:26.6518907Z ##[endgroup]
scan (4)	UNKNOWN STEP	2026-10-01T12:23:26.6528797Z Temporarily overriding HOME='/home/runner/work/_temp/8455556d-df15-47b6-a4be-5642404984c7' before making global git config changes
scan (4)	UNKNOWN STEP	2026-10-01T12:23:26.6532053Z Adding repository directory to the temporary git global config as a safe directory
scan (4)	UNKNOWN STEP	2026-10-01T12:23:26.6534718Z [command]/usr/bin/git config --global --add safe.directory /home/runner/work/bb-scanner/bb-scanner
scan (4)	UNKNOWN STEP	2026-10-01T12:23:26.6587153Z Deleting the contents of '/home/runner/work/bb-scanner/bb-scanner'
scan (4)	UNKNOWN STEP	2026-10-01T12:23:26.6594646Z ##[group]Initializing the repository
scan (4)	UNKNOWN STEP	2026-10-01T12:23:26.6598293Z [command]/usr/bin/git init /home/runner/work/bb-scanner/bb-scanner
scan (4)	UNKNOWN STEP	2026-10-01T12:23:26.6678890Z hint: Using 'master' as the name for the initial branch. This default branch name
scan (4)	UNKNOWN STEP	2026-10-01T12:23:26.6680793Z hint: will change to "main" in Git 3.0. To configure the initial branch name
scan (4)	UNKNOWN STEP	2026-10-01T12:23:26.6681858Z hint: to use in all of your new repositories, which will suppress this warning,
scan (4)	UNKNOWN STEP	2026-10-01T12:23:26.6682810Z hint: call:
scan (4)	UNKNOWN STEP	2026-10-01T12:23:26.6683576Z hint:
scan (4)	UNKNOWN STEP	2026-10-01T12:23:26.6684230Z hint: 	git config --global init.defaultBranch <name>
scan (4)	UNKNOWN STEP	2026-10-01T12:23:26.6684999Z hint:
scan (4)	UNKNOWN STEP	2026-10-01T12:23:26.6686171Z hint: Names commonly chosen instead of 'master' are 'main', 'trunk' and
scan (4)	UNKNOWN STEP	2026-10-01T12:23:26.6688061Z hint: 'development'. The just-created branch can be renamed via this command:
scan (4)	UNKNOWN STEP	2026-10-01T12:23:26.6689662Z hint:
scan (4)	UNKNOWN STEP	2026-10-01T12:23:26.6690570Z hint: 	git branch -m <name>
scan (4)	UNKNOWN STEP	2026-10-01T12:23:26.6691779Z hint:
scan (4)	UNKNOWN STEP	2026-10-01T12:23:26.6693223Z hint: Disable this message with "git config set advice.defaultBranchName false"
scan (4)	UNKNOWN STEP	2026-10-01T12:23:26.6695698Z Initialized empty Git repository in /home/runner/work/bb-scanner/bb-scanner/.git/
scan (4)	UNKNOWN STEP	2026-10-01T12:23:26.6704227Z [command]/usr/bin/git remote add origin https://github.com/duuu-hub/bb-scanner
scan (4)	UNKNOWN STEP	2026-10-01T12:23:26.6751845Z ##[endgroup]
scan (4)	UNKNOWN STEP	2026-10-01T12:23:26.6753262Z ##[group]Disabling automatic garbage collection
scan (4)	UNKNOWN STEP	2026-10-01T12:23:26.6757240Z [command]/usr/bin/git config --local gc.auto 0
scan (4)	UNKNOWN STEP	2026-10-01T12:23:26.6792812Z ##[endgroup]
scan (4)	UNKNOWN STEP	2026-10-01T12:23:26.6794181Z ##[group]Setting up auth
scan (4)	UNKNOWN STEP	2026-10-01T12:23:26.6799898Z [command]/usr/bin/git config --local --name-only --get-regexp core\.sshCommand
scan (4)	UNKNOWN STEP	2026-10-01T12:23:26.6836519Z [command]/usr/bin/git submodule foreach --recursive sh -c "git config --local --name-only --get-regexp 'core\.sshCommand' && git config --local --unset-all 'core.sshCommand' || :"
scan (4)	UNKNOWN STEP	2026-10-01T12:23:26.7206935Z [command]/usr/bin/git config --local --name-only --get-regexp http\.https\:\/\/github\.com\/\.extraheader
scan (4)	UNKNOWN STEP	2026-10-01T12:23:26.7253926Z [command]/usr/bin/git submodule foreach --recursive sh -c "git config --local --name-only --get-regexp 'http\.https\:\/\/github\.com\/\.extraheader' && git config --local --unset-all 'http.https://github.com/.extraheader' || :"
scan (4)	UNKNOWN STEP	2026-10-01T12:23:26.7511541Z [command]/usr/bin/git config --local --name-only --get-regexp ^includeIf\.gitdir:
scan (4)	UNKNOWN STEP	2026-10-01T12:23:26.7550601Z [command]/usr/bin/git submodule foreach --recursive git config --local --show-origin --name-only --get-regexp remote.origin.url
scan (4)	UNKNOWN STEP	2026-10-01T12:23:26.7793463Z [command]/usr/bin/git config --local http.https://github.com/.extraheader AUTHORIZATION: basic ***
scan (4)	UNKNOWN STEP	2026-10-01T12:23:26.7836969Z ##[endgroup]
scan (4)	UNKNOWN STEP	2026-10-01T12:23:26.7912115Z ##[group]Fetching the repository
scan (4)	UNKNOWN STEP	2026-10-01T12:23:26.7914577Z [command]/usr/bin/git -c protocol.version=2 fetch --no-tags --prune --no-recurse-submodules --depth=1 origin +c1596c883844a41df385784e2f583b96f43e349e:refs/remotes/origin/research-day-edge-lab-v2
scan (4)	UNKNOWN STEP	2026-10-01T12:23:28.1008295Z From https://github.com/duuu-hub/bb-scanner
scan (4)	UNKNOWN STEP	2026-10-01T12:23:28.1010737Z  * [new ref]         c1596c883844a41df385784e2f583b96f43e349e -> origin/research-day-edge-lab-v2
scan (4)	UNKNOWN STEP	2026-10-01T12:23:28.1015250Z ##[endgroup]
scan (4)	UNKNOWN STEP	2026-10-01T12:23:28.1016670Z ##[group]Determining the checkout info
scan (4)	UNKNOWN STEP	2026-10-01T12:23:28.1021515Z ##[endgroup]
scan (4)	UNKNOWN STEP	2026-10-01T12:23:28.1022392Z [command]/usr/bin/git sparse-checkout disable
scan (4)	UNKNOWN STEP	2026-10-01T12:23:28.1074359Z [command]/usr/bin/git config --local --unset-all extensions.worktreeConfig
scan (4)	UNKNOWN STEP	2026-10-01T12:23:28.1110026Z ##[group]Checking out the ref
scan (4)	UNKNOWN STEP	2026-10-01T12:23:28.1114739Z [command]/usr/bin/git checkout --progress --force -B research-day-edge-lab-v2 refs/remotes/origin/research-day-edge-lab-v2
scan (4)	UNKNOWN STEP	2026-10-01T12:23:28.3343385Z Switched to a new branch 'research-day-edge-lab-v2'
scan (4)	UNKNOWN STEP	2026-10-01T12:23:28.3346993Z branch 'research-day-edge-lab-v2' set up to track 'origin/research-day-edge-lab-v2'.
scan (4)	UNKNOWN STEP	2026-10-01T12:23:28.3359001Z ##[endgroup]
scan (4)	UNKNOWN STEP	2026-10-01T12:23:28.3413244Z [command]/usr/bin/git log -1 --format=%H
scan (4)	UNKNOWN STEP	2026-10-01T12:23:28.3443449Z c1596c883844a41df385784e2f583b96f43e349e
scan (4)	UNKNOWN STEP	2026-10-01T12:23:28.3829646Z ##[group]Run actions/setup-python@v5
scan (4)	UNKNOWN STEP	2026-10-01T12:23:28.3830811Z with:
scan (4)	UNKNOWN STEP	2026-10-01T12:23:28.3831601Z   python-version: 3.12
scan (4)	UNKNOWN STEP	2026-10-01T12:23:28.3832543Z   check-latest: false
scan (4)	UNKNOWN STEP	2026-10-01T12:23:28.3841816Z   token: ***
scan (4)	UNKNOWN STEP	2026-10-01T12:23:28.3842697Z   update-environment: true
scan (4)	UNKNOWN STEP	2026-10-01T12:23:28.3843692Z   allow-prereleases: false
scan (4)	UNKNOWN STEP	2026-10-01T12:23:28.3844657Z   freethreaded: false
scan (4)	UNKNOWN STEP	2026-10-01T12:23:28.3845778Z ##[endgroup]
scan (4)	UNKNOWN STEP	2026-10-01T12:23:28.5216188Z ##[group]Installed versions
scan (4)	UNKNOWN STEP	2026-10-01T12:23:28.5309678Z (node:2350) [DEP0040] DeprecationWarning: The `punycode` module is deprecated. Please use a userland alternative instead.
scan (4)	UNKNOWN STEP	2026-10-01T12:23:28.5313601Z (Use `node --trace-deprecation ...` to show where the warning was created)
scan (4)	UNKNOWN STEP	2026-10-01T12:23:28.5316074Z Successfully set up CPython (3.12.14)
scan (4)	UNKNOWN STEP	2026-10-01T12:23:28.5318567Z ##[endgroup]
scan (4)	UNKNOWN STEP	2026-10-01T12:23:28.5533624Z ##[group]Run pip install pandas==2.3.3 numpy==2.3.3
scan (4)	UNKNOWN STEP	2026-10-01T12:23:28.5535988Z ^[[36;1mpip install pandas==2.3.3 numpy==2.3.3^[[0m
scan (4)	UNKNOWN STEP	2026-10-01T12:23:28.5831496Z shell: /usr/bin/bash -e {0}
scan (4)	UNKNOWN STEP	2026-10-01T12:23:28.5832603Z env:
scan (4)	UNKNOWN STEP	2026-10-01T12:23:28.5833645Z   pythonLocation: /opt/hostedtoolcache/Python/3.12.14/x64
scan (4)	UNKNOWN STEP	2026-10-01T12:23:28.5835545Z   PKG_CONFIG_PATH: /opt/hostedtoolcache/Python/3.12.14/x64/lib/pkgconfig
scan (4)	UNKNOWN STEP	2026-10-01T12:23:28.5837297Z   Python_ROOT_DIR: /opt/hostedtoolcache/Python/3.12.14/x64
scan (4)	UNKNOWN STEP	2026-10-01T12:23:28.5839179Z   Python2_ROOT_DIR: /opt/hostedtoolcache/Python/3.12.14/x64
scan (4)	UNKNOWN STEP	2026-10-01T12:23:28.5840773Z   Python3_ROOT_DIR: /opt/hostedtoolcache/Python/3.12.14/x64
scan (4)	UNKNOWN STEP	2026-10-01T12:23:28.5842365Z   LD_LIBRARY_PATH: /opt/hostedtoolcache/Python/3.12.14/x64/lib
scan (4)	UNKNOWN STEP	2026-10-01T12:23:28.5843715Z ##[endgroup]
scan (4)	UNKNOWN STEP	2026-10-01T12:23:31.2034069Z Collecting pandas==2.3.3
scan (4)	UNKNOWN STEP	2026-10-01T12:23:31.2782533Z   Downloading pandas-2.3.3-cp312-cp312-manylinux_2_24_x86_64.manylinux_2_28_x86_64.whl.metadata (91 kB)
scan (4)	UNKNOWN STEP	2026-10-01T12:23:31.5668369Z Collecting numpy==2.3.3
scan (4)	UNKNOWN STEP	2026-10-01T12:23:31.5802919Z   Downloading numpy-2.3.3-cp312-cp312-manylinux_2_27_x86_64.manylinux_2_28_x86_64.whl.metadata (62 kB)
scan (4)	UNKNOWN STEP	2026-10-01T12:23:31.6210957Z Collecting python-dateutil>=2.8.2 (from pandas==2.3.3)
scan (4)	UNKNOWN STEP	2026-10-01T12:23:31.6341928Z   Downloading python_dateutil-2.9.0.post0-py2.py3-none-any.whl.metadata (8.4 kB)
scan (4)	UNKNOWN STEP	2026-10-01T12:23:31.6826250Z Collecting pytz>=2020.1 (from pandas==2.3.3)
scan (4)	UNKNOWN STEP	2026-10-01T12:23:31.6956682Z   Downloading pytz-2026.4-py2.py3-none-any.whl.metadata (22 kB)
scan (4)	UNKNOWN STEP	2026-10-01T12:23:31.7227503Z Collecting tzdata>=2022.7 (from pandas==2.3.3)
scan (4)	UNKNOWN STEP	2026-10-01T12:23:31.7355952Z   Downloading tzdata-2026.4-py2.py3-none-any.whl.metadata (1.4 kB)
scan (4)	UNKNOWN STEP	2026-10-01T12:23:31.7595469Z Collecting six>=1.5 (from python-dateutil>=2.8.2->pandas==2.3.3)
scan (4)	UNKNOWN STEP	2026-10-01T12:23:31.7725669Z   Downloading six-1.17.0-py2.py3-none-any.whl.metadata (1.7 kB)
scan (4)	UNKNOWN STEP	2026-10-01T12:23:31.7894037Z Downloading pandas-2.3.3-cp312-cp312-manylinux_2_24_x86_64.manylinux_2_28_x86_64.whl (12.4 MB)
scan (4)	UNKNOWN STEP	2026-10-01T12:23:32.3366017Z    ━━━━━━━━━━━━━━━━━━━━━━━━━━━━━━━━━━━━━━━━ 12.4/12.4 MB 23.9 MB/s  0:00:00
scan (4)	UNKNOWN STEP	2026-10-01T12:23:32.3505537Z Downloading numpy-2.3.3-cp312-cp312-manylinux_2_27_x86_64.manylinux_2_28_x86_64.whl (16.6 MB)
scan (4)	UNKNOWN STEP	2026-10-01T12:23:32.5629532Z    ━━━━━━━━━━━━━━━━━━━━━━━━━━━━━━━━━━━━━━━━ 16.6/16.6 MB 78.8 MB/s  0:00:00
scan (4)	UNKNOWN STEP	2026-10-01T12:23:32.5762026Z Downloading python_dateutil-2.9.0.post0-py2.py3-none-any.whl (229 kB)
scan (4)	UNKNOWN STEP	2026-10-01T12:23:32.5920402Z Downloading pytz-2026.4-py2.py3-none-any.whl (506 kB)
scan (4)	UNKNOWN STEP	2026-10-01T12:23:32.6089454Z Downloading six-1.17.0-py2.py3-none-any.whl (11 kB)
scan (4)	UNKNOWN STEP	2026-10-01T12:23:32.6236104Z Downloading tzdata-2026.4-py2.py3-none-any.whl (347 kB)
scan (4)	UNKNOWN STEP	2026-10-01T12:23:32.8890087Z Installing collected packages: pytz, tzdata, six, numpy, python-dateutil, pandas
scan (4)	UNKNOWN STEP	2026-10-01T12:23:40.0243487Z 
scan (4)	UNKNOWN STEP	2026-10-01T12:23:40.0259056Z Successfully installed numpy-2.3.3 pandas-2.3.3 python-dateutil-2.9.0.post0 pytz-2026.4 six-1.17.0 tzdata-2026.4
scan (4)	UNKNOWN STEP	2026-10-01T12:23:40.0950359Z ##[group]Run actions/cache@v4
scan (4)	UNKNOWN STEP	2026-10-01T12:23:40.0950632Z with:
scan (4)	UNKNOWN STEP	2026-10-01T12:23:40.0951046Z   path: cache/1m
scan (4)	UNKNOWN STEP	2026-10-01T12:23:40.0951311Z   key: day-edge-canon-v2-source-36095439671-shard-4
scan (4)	UNKNOWN STEP	2026-10-01T12:23:40.0951645Z   enableCrossOsArchive: false
scan (4)	UNKNOWN STEP	2026-10-01T12:23:40.0951901Z   fail-on-cache-miss: false
scan (4)	UNKNOWN STEP	2026-10-01T12:23:40.0952139Z   lookup-only: false
scan (4)	UNKNOWN STEP	2026-10-01T12:23:40.0952357Z   save-always: false
scan (4)	UNKNOWN STEP	2026-10-01T12:23:40.0952562Z env:
scan (4)	UNKNOWN STEP	2026-10-01T12:23:40.0952822Z   pythonLocation: /opt/hostedtoolcache/Python/3.12.14/x64
scan (4)	UNKNOWN STEP	2026-10-01T12:23:40.0953252Z   PKG_CONFIG_PATH: /opt/hostedtoolcache/Python/3.12.14/x64/lib/pkgconfig
scan (4)	UNKNOWN STEP	2026-10-01T12:23:40.0953675Z   Python_ROOT_DIR: /opt/hostedtoolcache/Python/3.12.14/x64
scan (4)	UNKNOWN STEP	2026-10-01T12:23:40.0954069Z   Python2_ROOT_DIR: /opt/hostedtoolcache/Python/3.12.14/x64
scan (4)	UNKNOWN STEP	2026-10-01T12:23:40.0954448Z   Python3_ROOT_DIR: /opt/hostedtoolcache/Python/3.12.14/x64
scan (4)	UNKNOWN STEP	2026-10-01T12:23:40.0954832Z   LD_LIBRARY_PATH: /opt/hostedtoolcache/Python/3.12.14/x64/lib
scan (4)	UNKNOWN STEP	2026-10-01T12:23:40.0955191Z ##[endgroup]
scan (4)	UNKNOWN STEP	2026-10-01T12:23:40.2040383Z (node:2387) [DEP0040] DeprecationWarning: The `punycode` module is deprecated. Please use a userland alternative instead.
scan (4)	UNKNOWN STEP	2026-10-01T12:23:40.2041155Z (Use `node --trace-deprecation ...` to show where the warning was created)
scan (4)	UNKNOWN STEP	2026-10-01T12:23:40.3632865Z Cache not found for input keys: day-edge-canon-v2-source-36095439671-shard-4
scan (4)	UNKNOWN STEP	2026-10-01T12:23:40.3742703Z ##[group]Run gh run download 36095439671 -R duuu-hub/bb-scanner -n rank5-binance-um-15m-5y-data-shard-4 -D data
scan (4)	UNKNOWN STEP	2026-10-01T12:23:40.3743538Z ^[[36;1mgh run download 36095439671 -R duuu-hub/bb-scanner -n rank5-binance-um-15m-5y-data-shard-4 -D data^[[0m
scan (4)	UNKNOWN STEP	2026-10-01T12:23:40.3744197Z ^[[36;1mgh run download 36858492497 -R duuu-hub/bb-scanner -n day-edge-v2-btc -D btc^[[0m
scan (4)	UNKNOWN STEP	2026-10-01T12:23:40.3815230Z shell: /usr/bin/bash -e {0}
scan (4)	UNKNOWN STEP	2026-10-01T12:23:40.3815789Z env:
scan (4)	UNKNOWN STEP	2026-10-01T12:23:40.3816084Z   pythonLocation: /opt/hostedtoolcache/Python/3.12.14/x64
scan (4)	UNKNOWN STEP	2026-10-01T12:23:40.3816545Z   PKG_CONFIG_PATH: /opt/hostedtoolcache/Python/3.12.14/x64/lib/pkgconfig
scan (4)	UNKNOWN STEP	2026-10-01T12:23:40.3816994Z   Python_ROOT_DIR: /opt/hostedtoolcache/Python/3.12.14/x64
scan (4)	UNKNOWN STEP	2026-10-01T12:23:40.3817404Z   Python2_ROOT_DIR: /opt/hostedtoolcache/Python/3.12.14/x64
scan (4)	UNKNOWN STEP	2026-10-01T12:23:40.3817793Z   Python3_ROOT_DIR: /opt/hostedtoolcache/Python/3.12.14/x64
scan (4)	UNKNOWN STEP	2026-10-01T12:23:40.3818212Z   LD_LIBRARY_PATH: /opt/hostedtoolcache/Python/3.12.14/x64/lib
scan (4)	UNKNOWN STEP	2026-10-01T12:23:40.3820687Z   GH_TOKEN: ***
scan (4)	UNKNOWN STEP	2026-10-01T12:23:40.3820911Z ##[endgroup]
scan (4)	UNKNOWN STEP	2026-10-01T12:23:47.3138400Z ##[group]Run actions/download-artifact@v4
scan (4)	UNKNOWN STEP	2026-10-01T12:23:47.3138719Z with:
scan (4)	UNKNOWN STEP	2026-10-01T12:23:47.3138949Z   name: day-edge-v2-frozen-selection
scan (4)	UNKNOWN STEP	2026-10-01T12:23:47.3139229Z   path: frozen-input
scan (4)	UNKNOWN STEP	2026-10-01T12:23:47.3139470Z   merge-multiple: false
scan (4)	UNKNOWN STEP	2026-10-01T12:23:47.3139723Z   repository: duuu-hub/bb-scanner
scan (4)	UNKNOWN STEP	2026-10-01T12:23:47.3139989Z   run-id: 36861359640
scan (4)	UNKNOWN STEP	2026-10-01T12:23:47.3140205Z env:
scan (4)	UNKNOWN STEP	2026-10-01T12:23:47.3140468Z   pythonLocation: /opt/hostedtoolcache/Python/3.12.14/x64
scan (4)	UNKNOWN STEP	2026-10-01T12:23:47.3140910Z   PKG_CONFIG_PATH: /opt/hostedtoolcache/Python/3.12.14/x64/lib/pkgconfig
scan (4)	UNKNOWN STEP	2026-10-01T12:23:47.3141363Z   Python_ROOT_DIR: /opt/hostedtoolcache/Python/3.12.14/x64
scan (4)	UNKNOWN STEP	2026-10-01T12:23:47.3141745Z   Python2_ROOT_DIR: /opt/hostedtoolcache/Python/3.12.14/x64
scan (4)	UNKNOWN STEP	2026-10-01T12:23:47.3142118Z   Python3_ROOT_DIR: /opt/hostedtoolcache/Python/3.12.14/x64
scan (4)	UNKNOWN STEP	2026-10-01T12:23:47.3142496Z   LD_LIBRARY_PATH: /opt/hostedtoolcache/Python/3.12.14/x64/lib
scan (4)	UNKNOWN STEP	2026-10-01T12:23:47.3142822Z ##[endgroup]
scan (4)	UNKNOWN STEP	2026-10-01T12:23:47.4642317Z Downloading single artifact
scan (4)	UNKNOWN STEP	2026-10-01T12:23:47.4788890Z (node:2415) [DEP0040] DeprecationWarning: The `punycode` module is deprecated. Please use a userland alternative instead.
scan (4)	UNKNOWN STEP	2026-10-01T12:23:47.4790359Z (Use `node --trace-deprecation ...` to show where the warning was created)
scan (4)	UNKNOWN STEP	2026-10-01T12:23:47.6586016Z Preparing to download the following artifacts:
scan (4)	UNKNOWN STEP	2026-10-01T12:23:47.6586913Z - day-edge-v2-frozen-selection (ID: 11160624466, Size: 3288, Expected Digest: sha256:f2f35defae027a62c91d1c9989afbad4b8709045c7a53bb3ed4fb4b7044ab788)
scan (4)	UNKNOWN STEP	2026-10-01T12:23:47.8506064Z Redirecting to blob download url: https://productionresultssa18.blob.core.windows.net/actions-results/34242db7-8627-8b8c-b3b8-0db014836193/workflow-job-run-d573c45a-a68e-57e4-939a-2465a68b3116/artifacts/a1ab5e558c97164c8c87a7cba61e1b7a4cc53e7c63ea3b99dbfd01b26ee4afb3.zip
scan (4)	UNKNOWN STEP	2026-10-01T12:23:47.8508978Z Starting download of artifact to: /home/runner/work/bb-scanner/bb-scanner/frozen-input
scan (4)	UNKNOWN STEP	2026-10-01T12:23:48.0169261Z (node:2415) [DEP0005] DeprecationWarning: Buffer() is deprecated due to security and usability issues. Please use the Buffer.alloc(), Buffer.allocUnsafe(), or Buffer.from() methods instead.
scan (4)	UNKNOWN STEP	2026-10-01T12:23:48.0239155Z SHA256 digest of downloaded artifact is f2f35defae027a62c91d1c9989afbad4b8709045c7a53bb3ed4fb4b7044ab788
scan (4)	UNKNOWN STEP	2026-10-01T12:23:48.0240079Z Artifact download completed successfully.
scan (4)	UNKNOWN STEP	2026-10-01T12:23:48.0240503Z Total of 1 artifact(s) downloaded
scan (4)	UNKNOWN STEP	2026-10-01T12:23:48.0245032Z Download artifact has finished successfully
scan (4)	UNKNOWN STEP	2026-10-01T12:23:48.0360843Z ##[group]Run python scripts/day_edge_canonical.py scan --data data --btc btc/BTCUSDT.csv.gz --selection frozen-input/selection.json --out canonical-4 --minute-cache cache/1m
scan (4)	UNKNOWN STEP	2026-10-01T12:23:48.0362101Z ^[[36;1mpython scripts/day_edge_canonical.py scan --data data --btc btc/BTCUSDT.csv.gz --selection frozen-input/selection.json --out canonical-4 --minute-cache cache/1m^[[0m
scan (4)	UNKNOWN STEP	2026-10-01T12:23:48.0432244Z shell: /usr/bin/bash -e {0}
scan (4)	UNKNOWN STEP	2026-10-01T12:23:48.0432514Z env:
scan (4)	UNKNOWN STEP	2026-10-01T12:23:48.0432810Z   pythonLocation: /opt/hostedtoolcache/Python/3.12.14/x64
scan (4)	UNKNOWN STEP	2026-10-01T12:23:48.0433264Z   PKG_CONFIG_PATH: /opt/hostedtoolcache/Python/3.12.14/x64/lib/pkgconfig
scan (4)	UNKNOWN STEP	2026-10-01T12:23:48.0433699Z   Python_ROOT_DIR: /opt/hostedtoolcache/Python/3.12.14/x64
scan (4)	UNKNOWN STEP	2026-10-01T12:23:48.0434086Z   Python2_ROOT_DIR: /opt/hostedtoolcache/Python/3.12.14/x64
scan (4)	UNKNOWN STEP	2026-10-01T12:23:48.0434483Z   Python3_ROOT_DIR: /opt/hostedtoolcache/Python/3.12.14/x64
scan (4)	UNKNOWN STEP	2026-10-01T12:23:48.0434934Z   LD_LIBRARY_PATH: /opt/hostedtoolcache/Python/3.12.14/x64/lib
scan (4)	UNKNOWN STEP	2026-10-01T12:23:48.0435273Z ##[endgroup]
scan (4)	UNKNOWN STEP	2026-10-01T12:24:18.1851218Z CANONICAL_SCAN 8 / 107 AMBUSDT outcomes 1563
scan (4)	UNKNOWN STEP	2026-10-01T12:24:40.5036897Z CANONICAL_SCAN 16 / 107 BEAMXUSDT outcomes 3324
scan (4)	UNKNOWN STEP	2026-10-01T12:25:33.7522818Z CANONICAL_SCAN 48 / 107 ICXUSDT outcomes 6042
scan (4)	UNKNOWN STEP	2026-10-01T12:25:56.5405155Z CANONICAL_SCAN 56 / 107 LITUSDT outcomes 7476
scan (4)	UNKNOWN STEP	2026-10-01T12:26:36.2623365Z CANONICAL_SCAN 96 / 107 TUSDT outcomes 10182
scan (4)	UNKNOWN STEP	2026-10-01T12:26:56.5555595Z CANONICAL_SCAN_DONE 11139
scan (4)	UNKNOWN STEP	2026-10-01T12:26:56.6202353Z ##[group]Run actions/upload-artifact@v4
scan (4)	UNKNOWN STEP	2026-10-01T12:26:56.6202664Z with:
scan (4)	UNKNOWN STEP	2026-10-01T12:26:56.6202889Z   name: day-edge-v2-canonical-4
scan (4)	UNKNOWN STEP	2026-10-01T12:26:56.6203150Z   path: canonical-4/
scan (4)	UNKNOWN STEP	2026-10-01T12:26:56.6203392Z   retention-days: 30
scan (4)	UNKNOWN STEP	2026-10-01T12:26:56.6203615Z   compression-level: 0
scan (4)	UNKNOWN STEP	2026-10-01T12:26:56.6203850Z   if-no-files-found: warn
scan (4)	UNKNOWN STEP	2026-10-01T12:26:56.6204090Z   overwrite: false
scan (4)	UNKNOWN STEP	2026-10-01T12:26:56.6204319Z   include-hidden-files: false
scan (4)	UNKNOWN STEP	2026-10-01T12:26:56.6204569Z env:
scan (4)	UNKNOWN STEP	2026-10-01T12:26:56.6204833Z   pythonLocation: /opt/hostedtoolcache/Python/3.12.14/x64
scan (4)	UNKNOWN STEP	2026-10-01T12:26:56.6205441Z   PKG_CONFIG_PATH: /opt/hostedtoolcache/Python/3.12.14/x64/lib/pkgconfig
scan (4)	UNKNOWN STEP	2026-10-01T12:26:56.6205896Z   Python_ROOT_DIR: /opt/hostedtoolcache/Python/3.12.14/x64
scan (4)	UNKNOWN STEP	2026-10-01T12:26:56.6206292Z   Python2_ROOT_DIR: /opt/hostedtoolcache/Python/3.12.14/x64
scan (4)	UNKNOWN STEP	2026-10-01T12:26:56.6206682Z   Python3_ROOT_DIR: /opt/hostedtoolcache/Python/3.12.14/x64
scan (4)	UNKNOWN STEP	2026-10-01T12:26:56.6207091Z   LD_LIBRARY_PATH: /opt/hostedtoolcache/Python/3.12.14/x64/lib
scan (4)	UNKNOWN STEP	2026-10-01T12:26:56.6207423Z ##[endgroup]
scan (4)	UNKNOWN STEP	2026-10-01T12:26:56.7873083Z (node:2465) [DEP0040] DeprecationWarning: The `punycode` module is deprecated. Please use a userland alternative instead.
scan (4)	UNKNOWN STEP	2026-10-01T12:26:56.7873998Z (Use `node --trace-deprecation ...` to show where the warning was created)
scan (4)	UNKNOWN STEP	2026-10-01T12:26:56.7947712Z With the provided path, there will be 2 files uploaded
scan (4)	UNKNOWN STEP	2026-10-01T12:26:56.7951107Z Artifact name is valid!
scan (4)	UNKNOWN STEP	2026-10-01T12:26:56.7957340Z Root directory input is valid!
scan (4)	UNKNOWN STEP	2026-10-01T12:26:57.0827760Z Beginning upload of artifact content to blob storage
scan (4)	UNKNOWN STEP	2026-10-01T12:26:57.1071069Z (node:2465) [DEP0169] DeprecationWarning: `url.parse()` behavior is not standardized and prone to errors that have security implications. Use the WHATWG URL API instead. CVEs are not issued for `url.parse()` vulnerabilities.
scan (4)	UNKNOWN STEP	2026-10-01T12:26:57.3707782Z Uploaded bytes 360438
scan (4)	UNKNOWN STEP	2026-10-01T12:26:57.4103628Z Finished uploading artifact content to blob storage!
scan (4)	UNKNOWN STEP	2026-10-01T12:26:57.4104696Z SHA256 digest of uploaded artifact zip is 5d8f3d7b3923ae0555b863ccf6d7e7aa4b7d47a6c06d8ad96ce150bb111ef7a3
scan (4)	UNKNOWN STEP	2026-10-01T12:26:57.4106673Z Finalizing artifact upload
scan (4)	UNKNOWN STEP	2026-10-01T12:26:57.6953783Z Artifact day-edge-v2-canonical-4.zip successfully finalized. Artifact ID 11161234351
scan (4)	UNKNOWN STEP	2026-10-01T12:26:57.6955026Z Artifact day-edge-v2-canonical-4 has been successfully uploaded! Final size is 360438 bytes. Artifact ID is 11161234351
scan (4)	UNKNOWN STEP	2026-10-01T12:26:57.6960993Z Artifact download URL: https://github.com/duuu-hub/bb-scanner/actions/runs/36861359640/artifacts/11161234351
scan (4)	UNKNOWN STEP	2026-10-01T12:26:57.7128894Z Post job cleanup.
scan (4)	UNKNOWN STEP	2026-10-01T12:26:57.8202403Z (node:2478) [DEP0040] DeprecationWarning: The `punycode` module is deprecated. Please use a userland alternative instead.
scan (4)	UNKNOWN STEP	2026-10-01T12:26:57.8203597Z (Use `node --trace-deprecation ...` to show where the warning was created)
scan (4)	UNKNOWN STEP	2026-10-01T12:26:57.8385469Z [command]/usr/bin/tar --posix -cf cache.tzst --exclude cache.tzst -P -C /home/runner/work/bb-scanner/bb-scanner --files-from manifest.txt --use-compress-program zstdmt
scan (4)	UNKNOWN STEP	2026-10-01T12:26:58.0918137Z (node:2478) [DEP0169] DeprecationWarning: `url.parse()` behavior is not standardized and prone to errors that have security implications. Use the WHATWG URL API instead. CVEs are not issued for `url.parse()` vulnerabilities.
scan (4)	UNKNOWN STEP	2026-10-01T12:26:59.0841560Z Sent 53610951 of 53610951 (100.0%), 51.1 MBs/sec
scan (4)	UNKNOWN STEP	2026-10-01T12:26:59.3760416Z Cache saved with key: day-edge-canon-v2-source-36095439671-shard-4
scan (4)	UNKNOWN STEP	2026-10-01T12:26:59.3907985Z Post job cleanup.
scan (4)	UNKNOWN STEP	2026-10-01T12:26:59.5122609Z (node:2499) [DEP0040] DeprecationWarning: The `punycode` module is deprecated. Please use a userland alternative instead.
scan (4)	UNKNOWN STEP	2026-10-01T12:26:59.5123849Z (Use `node --trace-deprecation ...` to show where the warning was created)
scan (4)	UNKNOWN STEP	2026-10-01T12:26:59.5334303Z Post job cleanup.
scan (4)	UNKNOWN STEP	2026-10-01T12:26:59.6219780Z [command]/usr/bin/git version
scan (4)	UNKNOWN STEP	2026-10-01T12:26:59.6266796Z git version 2.55.0
scan (4)	UNKNOWN STEP	2026-10-01T12:26:59.6308348Z Temporarily overriding HOME='/home/runner/work/_temp/b6530bca-c7ab-470f-bcf1-3affd49bb285' before making global git config changes
scan (4)	UNKNOWN STEP	2026-10-01T12:26:59.6309506Z Adding repository directory to the temporary git global config as a safe directory
scan (4)	UNKNOWN STEP	2026-10-01T12:26:59.6314283Z [command]/usr/bin/git config --global --add safe.directory /home/runner/work/bb-scanner/bb-scanner
scan (4)	UNKNOWN STEP	2026-10-01T12:26:59.6377986Z [command]/usr/bin/git config --local --name-only --get-regexp core\.sshCommand
scan (4)	UNKNOWN STEP	2026-10-01T12:26:59.6397585Z [command]/usr/bin/git submodule foreach --recursive sh -c "git config --local --name-only --get-regexp 'core\.sshCommand' && git config --local --unset-all 'core.sshCommand' || :"
scan (4)	UNKNOWN STEP	2026-10-01T12:26:59.6664361Z [command]/usr/bin/git config --local --name-only --get-regexp http\.https\:\/\/github\.com\/\.extraheader
scan (4)	UNKNOWN STEP	2026-10-01T12:26:59.6695701Z http.https://github.com/.extraheader
scan (4)	UNKNOWN STEP	2026-10-01T12:26:59.6706836Z [command]/usr/bin/git config --local --unset-all http.https://github.com/.extraheader
scan (4)	UNKNOWN STEP	2026-10-01T12:26:59.6745506Z [command]/usr/bin/git submodule foreach --recursive sh -c "git config --local --name-only --get-regexp 'http\.https\:\/\/github\.com\/\.extraheader' && git config --local --unset-all 'http.https://github.com/.extraheader' || :"
scan (4)	UNKNOWN STEP	2026-10-01T12:26:59.7008310Z [command]/usr/bin/git config --local --name-only --get-regexp ^includeIf\.gitdir:
scan (4)	UNKNOWN STEP	2026-10-01T12:26:59.7050126Z [command]/usr/bin/git submodule foreach --recursive git config --local --show-origin --name-only --get-regexp remote.origin.url
scan (4)	UNKNOWN STEP	2026-10-01T12:26:59.7506080Z Cleaning up orphan processes
scan (4)	UNKNOWN STEP	2026-10-01T12:26:59.7824752Z ##[warning]Node.js 20 is deprecated. The following actions target Node.js 20 but are being forced to run on Node.js 24: actions/cache@v4, actions/checkout@v4, actions/download-artifact@v4, actions/setup-python@v5, actions/upload-artifact@v4. For more information see: https://github.blog/changelog/2025-09-19-deprecation-of-node-20-on-github-actions-runners/
accounts	UNKNOWN STEP	﻿2026-10-01T12:28:00.4592107Z Current runner version: '2.337.0'
accounts	UNKNOWN STEP	2026-10-01T12:28:00.4626689Z ##[group]Runner Image Provisioner
accounts	UNKNOWN STEP	2026-10-01T12:28:00.4627943Z Hosted Compute Agent
accounts	UNKNOWN STEP	2026-10-01T12:28:00.4628913Z Version: 20260828.587
accounts	UNKNOWN STEP	2026-10-01T12:28:00.4630106Z Commit: abac92662cab4cc7352de4f9f9d2e2419aad9c29
accounts	UNKNOWN STEP	2026-10-01T12:28:00.4631393Z Build Date: 2026-08-28T16:44:25Z
accounts	UNKNOWN STEP	2026-10-01T12:28:00.4633392Z Worker ID: {7c9233e4-7576-4084-98f5-520637427e33}
accounts	UNKNOWN STEP	2026-10-01T12:28:00.4634558Z Azure Region: eastus
accounts	UNKNOWN STEP	2026-10-01T12:28:00.4635661Z ##[endgroup]
accounts	UNKNOWN STEP	2026-10-01T12:28:00.4637904Z ##[group]Operating System
accounts	UNKNOWN STEP	2026-10-01T12:28:00.4638955Z Ubuntu
accounts	UNKNOWN STEP	2026-10-01T12:28:00.4639930Z 24.04.5
accounts	UNKNOWN STEP	2026-10-01T12:28:00.4640772Z LTS
accounts	UNKNOWN STEP	2026-10-01T12:28:00.4641811Z ##[endgroup]
accounts	UNKNOWN STEP	2026-10-01T12:28:00.4642902Z ##[group]Runner Image
accounts	UNKNOWN STEP	2026-10-01T12:28:00.4643949Z Image: ubuntu-24.04
accounts	UNKNOWN STEP	2026-10-01T12:28:00.4644926Z Version: 20260920.314.1
accounts	UNKNOWN STEP	2026-10-01T12:28:00.4647004Z Included Software: https://github.com/actions/runner-images/blob/ubuntu24/20260920.314/images/ubuntu/Ubuntu2404-Readme.md
accounts	UNKNOWN STEP	2026-10-01T12:28:00.4649765Z Image Release: https://github.com/actions/runner-images/releases/tag/ubuntu24%2F20260920.314
accounts	UNKNOWN STEP	2026-10-01T12:28:00.4651955Z ##[endgroup]
accounts	UNKNOWN STEP	2026-10-01T12:28:00.4653988Z ##[group]GITHUB_TOKEN Permissions
accounts	UNKNOWN STEP	2026-10-01T12:28:00.4657064Z Actions: read
accounts	UNKNOWN STEP	2026-10-01T12:28:00.4658018Z Contents: write
accounts	UNKNOWN STEP	2026-10-01T12:28:00.4658955Z Metadata: read
accounts	UNKNOWN STEP	2026-10-01T12:28:00.4660030Z ##[endgroup]
accounts	UNKNOWN STEP	2026-10-01T12:28:00.4663180Z Secret source: Actions
accounts	UNKNOWN STEP	2026-10-01T12:28:00.4664800Z Cache mode: write
accounts	UNKNOWN STEP	2026-10-01T12:28:00.4666198Z Prepare workflow directory
accounts	UNKNOWN STEP	2026-10-01T12:28:00.5137629Z Prepare all required actions
accounts	UNKNOWN STEP	2026-10-01T12:28:00.5209243Z Getting action download info
accounts	UNKNOWN STEP	2026-10-01T12:28:00.7539097Z Download action repository 'actions/checkout@v4' (SHA:11d5960a326750d5838078e36cf38b85af677262)
accounts	UNKNOWN STEP	2026-10-01T12:28:00.8630502Z Download action repository 'actions/setup-python@v5' (SHA:a26af69be951a213d495a4c3e4e4022e16d87065)
accounts	UNKNOWN STEP	2026-10-01T12:28:00.9412344Z Download action repository 'actions/download-artifact@v4' (SHA:d3f86a106a0bac45b974a628896c90dbdf5c8093)
accounts	UNKNOWN STEP	2026-10-01T12:28:01.1446208Z Download action repository 'actions/upload-artifact@v4' (SHA:ea165f8d65b6e75b540449e92b4886f43607fa02)
accounts	UNKNOWN STEP	2026-10-01T12:28:01.4089442Z Complete job name: accounts
accounts	UNKNOWN STEP	2026-10-01T12:28:01.4864922Z ##[group]Run actions/checkout@v4
accounts	UNKNOWN STEP	2026-10-01T12:28:01.4865795Z with:
accounts	UNKNOWN STEP	2026-10-01T12:28:01.4866242Z   repository: duuu-hub/bb-scanner
accounts	UNKNOWN STEP	2026-10-01T12:28:01.4870287Z   token: ***
accounts	UNKNOWN STEP	2026-10-01T12:28:01.4870711Z   ssh-strict: true
accounts	UNKNOWN STEP	2026-10-01T12:28:01.4871136Z   ssh-user: git
accounts	UNKNOWN STEP	2026-10-01T12:28:01.4871782Z   persist-credentials: true
accounts	UNKNOWN STEP	2026-10-01T12:28:01.4872612Z   clean: true
accounts	UNKNOWN STEP	2026-10-01T12:28:01.4873344Z   sparse-checkout-cone-mode: true
accounts	UNKNOWN STEP	2026-10-01T12:28:01.4873904Z   fetch-depth: 1
accounts	UNKNOWN STEP	2026-10-01T12:28:01.4874356Z   fetch-tags: false
accounts	UNKNOWN STEP	2026-10-01T12:28:01.4874843Z   show-progress: true
accounts	UNKNOWN STEP	2026-10-01T12:28:01.4875311Z   lfs: false
accounts	UNKNOWN STEP	2026-10-01T12:28:01.4875754Z   submodules: false
accounts	UNKNOWN STEP	2026-10-01T12:28:01.4876242Z   set-safe-directory: true
accounts	UNKNOWN STEP	2026-10-01T12:28:01.4876758Z   allow-unsafe-pr-checkout: false
accounts	UNKNOWN STEP	2026-10-01T12:28:01.4877668Z ##[endgroup]
accounts	UNKNOWN STEP	2026-10-01T12:28:01.5912132Z Syncing repository: duuu-hub/bb-scanner
accounts	UNKNOWN STEP	2026-10-01T12:28:01.5914644Z ##[group]Getting Git version info
accounts	UNKNOWN STEP	2026-10-01T12:28:01.5915879Z Working directory is '/home/runner/work/bb-scanner/bb-scanner'
accounts	UNKNOWN STEP	2026-10-01T12:28:01.5917559Z [command]/usr/bin/git version
accounts	UNKNOWN STEP	2026-10-01T12:28:01.6005537Z git version 2.55.0
accounts	UNKNOWN STEP	2026-10-01T12:28:01.6033809Z ##[endgroup]
accounts	UNKNOWN STEP	2026-10-01T12:28:01.6053083Z Temporarily overriding HOME='/home/runner/work/_temp/69457bc2-6641-457b-a457-d31302276722' before making global git config changes
accounts	UNKNOWN STEP	2026-10-01T12:28:01.6055558Z Adding repository directory to the temporary git global config as a safe directory
accounts	UNKNOWN STEP	2026-10-01T12:28:01.6059639Z [command]/usr/bin/git config --global --add safe.directory /home/runner/work/bb-scanner/bb-scanner
accounts	UNKNOWN STEP	2026-10-01T12:28:01.6121807Z Deleting the contents of '/home/runner/work/bb-scanner/bb-scanner'
accounts	UNKNOWN STEP	2026-10-01T12:28:01.6126858Z ##[group]Initializing the repository
accounts	UNKNOWN STEP	2026-10-01T12:28:01.6130731Z [command]/usr/bin/git init /home/runner/work/bb-scanner/bb-scanner
accounts	UNKNOWN STEP	2026-10-01T12:28:01.6247493Z hint: Using 'master' as the name for the initial branch. This default branch name
accounts	UNKNOWN STEP	2026-10-01T12:28:01.6249288Z hint: will change to "main" in Git 3.0. To configure the initial branch name
accounts	UNKNOWN STEP	2026-10-01T12:28:01.6250926Z hint: to use in all of your new repositories, which will suppress this warning,
accounts	UNKNOWN STEP	2026-10-01T12:28:01.6252521Z hint: call:
accounts	UNKNOWN STEP	2026-10-01T12:28:01.6253480Z hint:
accounts	UNKNOWN STEP	2026-10-01T12:28:01.6254270Z hint: 	git config --global init.defaultBranch <name>
accounts	UNKNOWN STEP	2026-10-01T12:28:01.6255283Z hint:
accounts	UNKNOWN STEP	2026-10-01T12:28:01.6256311Z hint: Names commonly chosen instead of 'master' are 'main', 'trunk' and
accounts	UNKNOWN STEP	2026-10-01T12:28:01.6258011Z hint: 'development'. The just-created branch can be renamed via this command:
accounts	UNKNOWN STEP	2026-10-01T12:28:01.6259206Z hint:
accounts	UNKNOWN STEP	2026-10-01T12:28:01.6259855Z hint: 	git branch -m <name>
accounts	UNKNOWN STEP	2026-10-01T12:28:01.6260667Z hint:
accounts	UNKNOWN STEP	2026-10-01T12:28:01.6262038Z hint: Disable this message with "git config set advice.defaultBranchName false"
accounts	UNKNOWN STEP	2026-10-01T12:28:01.6263797Z Initialized empty Git repository in /home/runner/work/bb-scanner/bb-scanner/.git/
accounts	UNKNOWN STEP	2026-10-01T12:28:01.6266560Z [command]/usr/bin/git remote add origin https://github.com/duuu-hub/bb-scanner
accounts	UNKNOWN STEP	2026-10-01T12:28:01.6313928Z ##[endgroup]
accounts	UNKNOWN STEP	2026-10-01T12:28:01.6315285Z ##[group]Disabling automatic garbage collection
accounts	UNKNOWN STEP	2026-10-01T12:28:01.6318939Z [command]/usr/bin/git config --local gc.auto 0
accounts	UNKNOWN STEP	2026-10-01T12:28:01.6414089Z ##[endgroup]
accounts	UNKNOWN STEP	2026-10-01T12:28:01.6415558Z ##[group]Setting up auth
accounts	UNKNOWN STEP	2026-10-01T12:28:01.6417168Z [command]/usr/bin/git config --local --name-only --get-regexp core\.sshCommand
accounts	UNKNOWN STEP	2026-10-01T12:28:01.6421487Z [command]/usr/bin/git submodule foreach --recursive sh -c "git config --local --name-only --get-regexp 'core\.sshCommand' && git config --local --unset-all 'core.sshCommand' || :"
accounts	UNKNOWN STEP	2026-10-01T12:28:01.6766240Z [command]/usr/bin/git config --local --name-only --get-regexp http\.https\:\/\/github\.com\/\.extraheader
accounts	UNKNOWN STEP	2026-10-01T12:28:01.6814755Z [command]/usr/bin/git submodule foreach --recursive sh -c "git config --local --name-only --get-regexp 'http\.https\:\/\/github\.com\/\.extraheader' && git config --local --unset-all 'http.https://github.com/.extraheader' || :"
accounts	UNKNOWN STEP	2026-10-01T12:28:01.7049072Z [command]/usr/bin/git config --local --name-only --get-regexp ^includeIf\.gitdir:
accounts	UNKNOWN STEP	2026-10-01T12:28:01.7084909Z [command]/usr/bin/git submodule foreach --recursive git config --local --show-origin --name-only --get-regexp remote.origin.url
accounts	UNKNOWN STEP	2026-10-01T12:28:01.7311331Z [command]/usr/bin/git config --local http.https://github.com/.extraheader AUTHORIZATION: basic ***
accounts	UNKNOWN STEP	2026-10-01T12:28:01.7351089Z ##[endgroup]
accounts	UNKNOWN STEP	2026-10-01T12:28:01.7352823Z ##[group]Fetching the repository
accounts	UNKNOWN STEP	2026-10-01T12:28:01.7362838Z [command]/usr/bin/git -c protocol.version=2 fetch --no-tags --prune --no-recurse-submodules --depth=1 origin +c1596c883844a41df385784e2f583b96f43e349e:refs/remotes/origin/research-day-edge-lab-v2
accounts	UNKNOWN STEP	2026-10-01T12:28:02.5614847Z From https://github.com/duuu-hub/bb-scanner
accounts	UNKNOWN STEP	2026-10-01T12:28:02.5630624Z  * [new ref]         c1596c883844a41df385784e2f583b96f43e349e -> origin/research-day-edge-lab-v2
accounts	UNKNOWN STEP	2026-10-01T12:28:02.5635031Z ##[endgroup]
accounts	UNKNOWN STEP	2026-10-01T12:28:02.5636330Z ##[group]Determining the checkout info
accounts	UNKNOWN STEP	2026-10-01T12:28:02.5637775Z ##[endgroup]
accounts	UNKNOWN STEP	2026-10-01T12:28:02.5638583Z [command]/usr/bin/git sparse-checkout disable
accounts	UNKNOWN STEP	2026-10-01T12:28:02.5693758Z [command]/usr/bin/git config --local --unset-all extensions.worktreeConfig
accounts	UNKNOWN STEP	2026-10-01T12:28:02.5731960Z ##[group]Checking out the ref
accounts	UNKNOWN STEP	2026-10-01T12:28:02.5738064Z [command]/usr/bin/git checkout --progress --force -B research-day-edge-lab-v2 refs/remotes/origin/research-day-edge-lab-v2
accounts	UNKNOWN STEP	2026-10-01T12:28:02.7810322Z Switched to a new branch 'research-day-edge-lab-v2'
accounts	UNKNOWN STEP	2026-10-01T12:28:02.7816392Z branch 'research-day-edge-lab-v2' set up to track 'origin/research-day-edge-lab-v2'.
accounts	UNKNOWN STEP	2026-10-01T12:28:02.7827519Z ##[endgroup]
accounts	UNKNOWN STEP	2026-10-01T12:28:02.7875293Z [command]/usr/bin/git log -1 --format=%H
accounts	UNKNOWN STEP	2026-10-01T12:28:02.7903934Z c1596c883844a41df385784e2f583b96f43e349e
accounts	UNKNOWN STEP	2026-10-01T12:28:02.8282623Z ##[group]Run actions/setup-python@v5
accounts	UNKNOWN STEP	2026-10-01T12:28:02.8283832Z with:
accounts	UNKNOWN STEP	2026-10-01T12:28:02.8284638Z   python-version: 3.12
accounts	UNKNOWN STEP	2026-10-01T12:28:02.8285582Z   check-latest: false
accounts	UNKNOWN STEP	2026-10-01T12:28:02.8296332Z   token: ***
accounts	UNKNOWN STEP	2026-10-01T12:28:02.8297221Z   update-environment: true
accounts	UNKNOWN STEP	2026-10-01T12:28:02.8298239Z   allow-prereleases: false
accounts	UNKNOWN STEP	2026-10-01T12:28:02.8299213Z   freethreaded: false
accounts	UNKNOWN STEP	2026-10-01T12:28:02.8300093Z ##[endgroup]
accounts	UNKNOWN STEP	2026-10-01T12:28:02.9673662Z ##[group]Installed versions
accounts	UNKNOWN STEP	2026-10-01T12:28:02.9788036Z (node:2229) [DEP0040] DeprecationWarning: The `punycode` module is deprecated. Please use a userland alternative instead.
accounts	UNKNOWN STEP	2026-10-01T12:28:02.9792749Z (Use `node --trace-deprecation ...` to show where the warning was created)
accounts	UNKNOWN STEP	2026-10-01T12:28:02.9795560Z Successfully set up CPython (3.12.14)
accounts	UNKNOWN STEP	2026-10-01T12:28:02.9798579Z ##[endgroup]
accounts	UNKNOWN STEP	2026-10-01T12:28:03.0020928Z ##[group]Run pip install pandas==2.3.3 numpy==2.3.3
accounts	UNKNOWN STEP	2026-10-01T12:28:03.0023549Z ^[[36;1mpip install pandas==2.3.3 numpy==2.3.3^[[0m
accounts	UNKNOWN STEP	2026-10-01T12:28:03.0387946Z shell: /usr/bin/bash -e {0}
accounts	UNKNOWN STEP	2026-10-01T12:28:03.0388951Z env:
accounts	UNKNOWN STEP	2026-10-01T12:28:03.0389969Z   pythonLocation: /opt/hostedtoolcache/Python/3.12.14/x64
accounts	UNKNOWN STEP	2026-10-01T12:28:03.0391932Z   PKG_CONFIG_PATH: /opt/hostedtoolcache/Python/3.12.14/x64/lib/pkgconfig
accounts	UNKNOWN STEP	2026-10-01T12:28:03.0393699Z   Python_ROOT_DIR: /opt/hostedtoolcache/Python/3.12.14/x64
accounts	UNKNOWN STEP	2026-10-01T12:28:03.0395271Z   Python2_ROOT_DIR: /opt/hostedtoolcache/Python/3.12.14/x64
accounts	UNKNOWN STEP	2026-10-01T12:28:03.0396857Z   Python3_ROOT_DIR: /opt/hostedtoolcache/Python/3.12.14/x64
accounts	UNKNOWN STEP	2026-10-01T12:28:03.0398452Z   LD_LIBRARY_PATH: /opt/hostedtoolcache/Python/3.12.14/x64/lib
accounts	UNKNOWN STEP	2026-10-01T12:28:03.0399783Z ##[endgroup]
accounts	UNKNOWN STEP	2026-10-01T12:28:05.6271021Z Collecting pandas==2.3.3
accounts	UNKNOWN STEP	2026-10-01T12:28:05.6754854Z   Downloading pandas-2.3.3-cp312-cp312-manylinux_2_24_x86_64.manylinux_2_28_x86_64.whl.metadata (91 kB)
accounts	UNKNOWN STEP	2026-10-01T12:28:05.9122765Z Collecting numpy==2.3.3
accounts	UNKNOWN STEP	2026-10-01T12:28:05.9165132Z   Downloading numpy-2.3.3-cp312-cp312-manylinux_2_27_x86_64.manylinux_2_28_x86_64.whl.metadata (62 kB)
accounts	UNKNOWN STEP	2026-10-01T12:28:05.9514420Z Collecting python-dateutil>=2.8.2 (from pandas==2.3.3)
accounts	UNKNOWN STEP	2026-10-01T12:28:05.9567672Z   Downloading python_dateutil-2.9.0.post0-py2.py3-none-any.whl.metadata (8.4 kB)
accounts	UNKNOWN STEP	2026-10-01T12:28:05.9893215Z Collecting pytz>=2020.1 (from pandas==2.3.3)
accounts	UNKNOWN STEP	2026-10-01T12:28:05.9934197Z   Downloading pytz-2026.4-py2.py3-none-any.whl.metadata (22 kB)
accounts	UNKNOWN STEP	2026-10-01T12:28:06.0079652Z Collecting tzdata>=2022.7 (from pandas==2.3.3)
accounts	UNKNOWN STEP	2026-10-01T12:28:06.0115521Z   Downloading tzdata-2026.4-py2.py3-none-any.whl.metadata (1.4 kB)
accounts	UNKNOWN STEP	2026-10-01T12:28:06.0246965Z Collecting six>=1.5 (from python-dateutil>=2.8.2->pandas==2.3.3)
accounts	UNKNOWN STEP	2026-10-01T12:28:06.0282628Z   Downloading six-1.17.0-py2.py3-none-any.whl.metadata (1.7 kB)
accounts	UNKNOWN STEP	2026-10-01T12:28:06.0356809Z Downloading pandas-2.3.3-cp312-cp312-manylinux_2_24_x86_64.manylinux_2_28_x86_64.whl (12.4 MB)
accounts	UNKNOWN STEP	2026-10-01T12:28:06.0886454Z    ━━━━━━━━━━━━━━━━━━━━━━━━━━━━━━━━━━━━━━━━ 12.4/12.4 MB 258.0 MB/s  0:00:00
accounts	UNKNOWN STEP	2026-10-01T12:28:06.0960382Z Downloading numpy-2.3.3-cp312-cp312-manylinux_2_27_x86_64.manylinux_2_28_x86_64.whl (16.6 MB)
accounts	UNKNOWN STEP	2026-10-01T12:28:06.1840374Z    ━━━━━━━━━━━━━━━━━━━━━━━━━━━━━━━━━━━━━━━━ 16.6/16.6 MB 191.7 MB/s  0:00:00
accounts	UNKNOWN STEP	2026-10-01T12:28:06.1944159Z Downloading python_dateutil-2.9.0.post0-py2.py3-none-any.whl (229 kB)
accounts	UNKNOWN STEP	2026-10-01T12:28:06.2008254Z Downloading pytz-2026.4-py2.py3-none-any.whl (506 kB)
accounts	UNKNOWN STEP	2026-10-01T12:28:06.2078700Z Downloading six-1.17.0-py2.py3-none-any.whl (11 kB)
accounts	UNKNOWN STEP	2026-10-01T12:28:06.2138042Z Downloading tzdata-2026.4-py2.py3-none-any.whl (347 kB)
accounts	UNKNOWN STEP	2026-10-01T12:28:06.4746010Z Installing collected packages: pytz, tzdata, six, numpy, python-dateutil, pandas
accounts	UNKNOWN STEP	2026-10-01T12:28:13.3517044Z 
accounts	UNKNOWN STEP	2026-10-01T12:28:13.3531535Z Successfully installed numpy-2.3.3 pandas-2.3.3 python-dateutil-2.9.0.post0 pytz-2026.4 six-1.17.0 tzdata-2026.4
accounts	UNKNOWN STEP	2026-10-01T12:28:13.4193734Z ##[group]Run actions/download-artifact@v4
accounts	UNKNOWN STEP	2026-10-01T12:28:13.4194068Z with:
accounts	UNKNOWN STEP	2026-10-01T12:28:13.4194306Z   pattern: day-edge-v2-canonical-[0-7]
accounts	UNKNOWN STEP	2026-10-01T12:28:13.4194595Z   path: canonical-parts
accounts	UNKNOWN STEP	2026-10-01T12:28:13.4195095Z   merge-multiple: false
accounts	UNKNOWN STEP	2026-10-01T12:28:13.4195338Z   repository: duuu-hub/bb-scanner
accounts	UNKNOWN STEP	2026-10-01T12:28:13.4195617Z   run-id: 36861359640
accounts	UNKNOWN STEP	2026-10-01T12:28:13.4195833Z env:
accounts	UNKNOWN STEP	2026-10-01T12:28:13.4196121Z   pythonLocation: /opt/hostedtoolcache/Python/3.12.14/x64
accounts	UNKNOWN STEP	2026-10-01T12:28:13.4196553Z   PKG_CONFIG_PATH: /opt/hostedtoolcache/Python/3.12.14/x64/lib/pkgconfig
accounts	UNKNOWN STEP	2026-10-01T12:28:13.4196986Z   Python_ROOT_DIR: /opt/hostedtoolcache/Python/3.12.14/x64
accounts	UNKNOWN STEP	2026-10-01T12:28:13.4197367Z   Python2_ROOT_DIR: /opt/hostedtoolcache/Python/3.12.14/x64
accounts	UNKNOWN STEP	2026-10-01T12:28:13.4197741Z   Python3_ROOT_DIR: /opt/hostedtoolcache/Python/3.12.14/x64
accounts	UNKNOWN STEP	2026-10-01T12:28:13.4198125Z   LD_LIBRARY_PATH: /opt/hostedtoolcache/Python/3.12.14/x64/lib
accounts	UNKNOWN STEP	2026-10-01T12:28:13.4198450Z ##[endgroup]
accounts	UNKNOWN STEP	2026-10-01T12:28:13.5852552Z (node:2295) [DEP0040] DeprecationWarning: The `punycode` module is deprecated. Please use a userland alternative instead.
accounts	UNKNOWN STEP	2026-10-01T12:28:13.5853662Z (Use `node --trace-deprecation ...` to show where the warning was created)
accounts	UNKNOWN STEP	2026-10-01T12:28:13.6661419Z Found 10 artifact(s)
accounts	UNKNOWN STEP	2026-10-01T12:28:13.6662742Z Filtering artifacts by pattern 'day-edge-v2-canonical-[0-7]'
accounts	UNKNOWN STEP	2026-10-01T12:28:13.6687985Z Preparing to download the following artifacts:
accounts	UNKNOWN STEP	2026-10-01T12:28:13.6689611Z - day-edge-v2-canonical-5 (ID: 11162345008, Size: 482288, Expected Digest: sha256:1bc3a8963429522b2102bd48fe8400b7aed1d02ec0e66db77b1be4f86adb2dfb)
accounts	UNKNOWN STEP	2026-10-01T12:28:13.6692201Z - day-edge-v2-canonical-2 (ID: 11161864431, Size: 373793, Expected Digest: sha256:5366afcb18dd0b91b305d8e6aec0ecf95e5033d8929373fc0ede9450357d0d21)
accounts	UNKNOWN STEP	2026-10-01T12:28:13.6694497Z - day-edge-v2-canonical-0 (ID: 11161734271, Size: 385593, Expected Digest: sha256:7b98e9295330a3f1a1ef840bcfec90203483d2d0f2fea3cc00a8252359c16591)
accounts	UNKNOWN STEP	2026-10-01T12:28:13.6696866Z - day-edge-v2-canonical-7 (ID: 11161609483, Size: 302644, Expected Digest: sha256:33e776030c0eba08280fb3ef23e6f14083926b118bf14a84b13291ec5c209575)
accounts	UNKNOWN STEP	2026-10-01T12:28:13.6701006Z - day-edge-v2-canonical-1 (ID: 11161479302, Size: 421663, Expected Digest: sha256:08146d6b91921e7f70f24f9780b5ae7c0ddea8f0209e09392774d6200e792207)
accounts	UNKNOWN STEP	2026-10-01T12:28:13.6703763Z - day-edge-v2-canonical-6 (ID: 11161409285, Size: 321872, Expected Digest: sha256:40f274986014b6bf26c84f6cb918a2e031235a30f7d1dc0f2a4ae9b1de93d5e3)
accounts	UNKNOWN STEP	2026-10-01T12:28:13.6706155Z - day-edge-v2-canonical-4 (ID: 11161234351, Size: 360438, Expected Digest: sha256:5d8f3d7b3923ae0555b863ccf6d7e7aa4b7d47a6c06d8ad96ce150bb111ef7a3)
accounts	UNKNOWN STEP	2026-10-01T12:28:13.6708467Z - day-edge-v2-canonical-3 (ID: 11161199518, Size: 281125, Expected Digest: sha256:a9a605c2b6bae377476ebc96cbb01b5182bddb36ded66f9e1338260f8d6d6fa5)
accounts	UNKNOWN STEP	2026-10-01T12:28:13.8061366Z Redirecting to blob download url: https://productionresultssa18.blob.core.windows.net/actions-results/34242db7-8627-8b8c-b3b8-0db014836193/workflow-job-run-1dd74bcc-6388-5038-9ce4-f87fb0f570d9/artifacts/4b021e0d3adb60426cad7372fc12d403db1810cfdd702ecfa7824cbfc1ef0149.zip
accounts	UNKNOWN STEP	2026-10-01T12:28:13.8064277Z Starting download of artifact to: /home/runner/work/bb-scanner/bb-scanner/canonical-parts/day-edge-v2-canonical-7
accounts	UNKNOWN STEP	2026-10-01T12:28:13.8337048Z Redirecting to blob download url: https://productionresultssa18.blob.core.windows.net/actions-results/34242db7-8627-8b8c-b3b8-0db014836193/workflow-job-run-a6d8021d-e5fa-524c-a638-db175c00f0fa/artifacts/c0269f44152610120410ee665549203eae7582d653b2837f7eac38cbb8145e22.zip
accounts	UNKNOWN STEP	2026-10-01T12:28:13.8340122Z Starting download of artifact to: /home/runner/work/bb-scanner/bb-scanner/canonical-parts/day-edge-v2-canonical-1
accounts	UNKNOWN STEP	2026-10-01T12:28:13.8441800Z Redirecting to blob download url: https://productionresultssa18.blob.core.windows.net/actions-results/34242db7-8627-8b8c-b3b8-0db014836193/workflow-job-run-e54ef4dd-4575-5d19-a2b2-7568152646f8/artifacts/ddcc4f101611b411a11b50b47a14afee57932528bcde84f2050ea1b8104260fb.zip
accounts	UNKNOWN STEP	2026-10-01T12:28:13.8445225Z Starting download of artifact to: /home/runner/work/bb-scanner/bb-scanner/canonical-parts/day-edge-v2-canonical-2
accounts	UNKNOWN STEP	2026-10-01T12:28:13.8500284Z Redirecting to blob download url: https://productionresultssa18.blob.core.windows.net/actions-results/34242db7-8627-8b8c-b3b8-0db014836193/workflow-job-run-5cffc88f-1d88-51e6-9d32-997aaec2704b/artifacts/38e7e78252356ea3f4632f17bce20b1ab31a5042925a764314baf840fbbbc9c6.zip
accounts	UNKNOWN STEP	2026-10-01T12:28:13.8503772Z Starting download of artifact to: /home/runner/work/bb-scanner/bb-scanner/canonical-parts/day-edge-v2-canonical-5
accounts	UNKNOWN STEP	2026-10-01T12:28:13.8546737Z Redirecting to blob download url: https://productionresultssa18.blob.core.windows.net/actions-results/34242db7-8627-8b8c-b3b8-0db014836193/workflow-job-run-9b491835-d701-58a5-99b5-b2fab230a587/artifacts/d988a924bc74998c335f6ec93a0b82b1924af404a0a9e7852caaff863dd8663a.zip
accounts	UNKNOWN STEP	2026-10-01T12:28:13.8548709Z Starting download of artifact to: /home/runner/work/bb-scanner/bb-scanner/canonical-parts/day-edge-v2-canonical-4
accounts	UNKNOWN STEP	2026-10-01T12:28:13.8558548Z Redirecting to blob download url: https://productionresultssa18.blob.core.windows.net/actions-results/34242db7-8627-8b8c-b3b8-0db014836193/workflow-job-run-239d6fc6-2f21-5c5e-9d45-b7c19dd08ac5/artifacts/78d8ddfe6eaa2febae82983442d3c2c3d54b5983d542a6f8821f5509ece23ed5.zip
accounts	UNKNOWN STEP	2026-10-01T12:28:13.8561269Z Starting download of artifact to: /home/runner/work/bb-scanner/bb-scanner/canonical-parts/day-edge-v2-canonical-6
accounts	UNKNOWN STEP	2026-10-01T12:28:13.8611133Z Redirecting to blob download url: https://productionresultssa18.blob.core.windows.net/actions-results/34242db7-8627-8b8c-b3b8-0db014836193/workflow-job-run-31abe5e8-3300-56e7-91a0-d21d08ed8cdb/artifacts/0480fd111ed3febbfeaeaf6845a00b301f5c76346e4d0351dedd0dd8f0e0737e.zip
accounts	UNKNOWN STEP	2026-10-01T12:28:13.8613069Z Starting download of artifact to: /home/runner/work/bb-scanner/bb-scanner/canonical-parts/day-edge-v2-canonical-0
accounts	UNKNOWN STEP	2026-10-01T12:28:13.8624072Z Redirecting to blob download url: https://productionresultssa18.blob.core.windows.net/actions-results/34242db7-8627-8b8c-b3b8-0db014836193/workflow-job-run-d57020f3-8ba0-51ab-9021-338f2f0a2dfc/artifacts/96f673744c9256567845c7a597542d5da00149776649ec05592ced373c773b46.zip
accounts	UNKNOWN STEP	2026-10-01T12:28:13.8625597Z Starting download of artifact to: /home/runner/work/bb-scanner/bb-scanner/canonical-parts/day-edge-v2-canonical-3
accounts	UNKNOWN STEP	2026-10-01T12:28:13.9024556Z (node:2295) [DEP0005] DeprecationWarning: Buffer() is deprecated due to security and usability issues. Please use the Buffer.alloc(), Buffer.allocUnsafe(), or Buffer.from() methods instead.
accounts	UNKNOWN STEP	2026-10-01T12:28:13.9268755Z SHA256 digest of downloaded artifact is 33e776030c0eba08280fb3ef23e6f14083926b118bf14a84b13291ec5c209575
accounts	UNKNOWN STEP	2026-10-01T12:28:13.9269473Z Artifact download completed successfully.
accounts	UNKNOWN STEP	2026-10-01T12:28:13.9484402Z SHA256 digest of downloaded artifact is 40f274986014b6bf26c84f6cb918a2e031235a30f7d1dc0f2a4ae9b1de93d5e3
accounts	UNKNOWN STEP	2026-10-01T12:28:13.9485448Z Artifact download completed successfully.
accounts	UNKNOWN STEP	2026-10-01T12:28:13.9505697Z SHA256 digest of downloaded artifact is 08146d6b91921e7f70f24f9780b5ae7c0ddea8f0209e09392774d6200e792207
accounts	UNKNOWN STEP	2026-10-01T12:28:13.9507305Z Artifact download completed successfully.
accounts	UNKNOWN STEP	2026-10-01T12:28:13.9509371Z SHA256 digest of downloaded artifact is 1bc3a8963429522b2102bd48fe8400b7aed1d02ec0e66db77b1be4f86adb2dfb
accounts	UNKNOWN STEP	2026-10-01T12:28:13.9510730Z Artifact download completed successfully.
accounts	UNKNOWN STEP	2026-10-01T12:28:13.9545413Z SHA256 digest of downloaded artifact is 5d8f3d7b3923ae0555b863ccf6d7e7aa4b7d47a6c06d8ad96ce150bb111ef7a3
accounts	UNKNOWN STEP	2026-10-01T12:28:13.9546510Z Artifact download completed successfully.
accounts	UNKNOWN STEP	2026-10-01T12:28:13.9565513Z SHA256 digest of downloaded artifact is 5366afcb18dd0b91b305d8e6aec0ecf95e5033d8929373fc0ede9450357d0d21
accounts	UNKNOWN STEP	2026-10-01T12:28:13.9566653Z Artifact download completed successfully.
accounts	UNKNOWN STEP	2026-10-01T12:28:13.9718219Z SHA256 digest of downloaded artifact is 7b98e9295330a3f1a1ef840bcfec90203483d2d0f2fea3cc00a8252359c16591
accounts	UNKNOWN STEP	2026-10-01T12:28:13.9718907Z Artifact download completed successfully.
accounts	UNKNOWN STEP	2026-10-01T12:28:13.9778475Z SHA256 digest of downloaded artifact is a9a605c2b6bae377476ebc96cbb01b5182bddb36ded66f9e1338260f8d6d6fa5
accounts	UNKNOWN STEP	2026-10-01T12:28:13.9779522Z Artifact download completed successfully.
accounts	UNKNOWN STEP	2026-10-01T12:28:13.9779916Z Total of 8 artifact(s) downloaded
accounts	UNKNOWN STEP	2026-10-01T12:28:13.9785571Z Download artifact has finished successfully
accounts	UNKNOWN STEP	2026-10-01T12:28:14.0049305Z ##[group]Run actions/download-artifact@v4
accounts	UNKNOWN STEP	2026-10-01T12:28:14.0049697Z with:
accounts	UNKNOWN STEP	2026-10-01T12:28:14.0049977Z   name: day-edge-v2-frozen-selection
accounts	UNKNOWN STEP	2026-10-01T12:28:14.0050312Z   path: frozen-input
accounts	UNKNOWN STEP	2026-10-01T12:28:14.0050604Z   merge-multiple: false
accounts	UNKNOWN STEP	2026-10-01T12:28:14.0050898Z   repository: duuu-hub/bb-scanner
accounts	UNKNOWN STEP	2026-10-01T12:28:14.0051212Z   run-id: 36861359640
accounts	UNKNOWN STEP	2026-10-01T12:28:14.0051477Z env:
accounts	UNKNOWN STEP	2026-10-01T12:28:14.0052079Z   pythonLocation: /opt/hostedtoolcache/Python/3.12.14/x64
accounts	UNKNOWN STEP	2026-10-01T12:28:14.0052600Z   PKG_CONFIG_PATH: /opt/hostedtoolcache/Python/3.12.14/x64/lib/pkgconfig
accounts	UNKNOWN STEP	2026-10-01T12:28:14.0053105Z   Python_ROOT_DIR: /opt/hostedtoolcache/Python/3.12.14/x64
accounts	UNKNOWN STEP	2026-10-01T12:28:14.0053543Z   Python2_ROOT_DIR: /opt/hostedtoolcache/Python/3.12.14/x64
accounts	UNKNOWN STEP	2026-10-01T12:28:14.0053987Z   Python3_ROOT_DIR: /opt/hostedtoolcache/Python/3.12.14/x64
accounts	UNKNOWN STEP	2026-10-01T12:28:14.0054439Z   LD_LIBRARY_PATH: /opt/hostedtoolcache/Python/3.12.14/x64/lib
accounts	UNKNOWN STEP	2026-10-01T12:28:14.0054830Z ##[endgroup]
accounts	UNKNOWN STEP	2026-10-01T12:28:14.1578759Z Downloading single artifact
accounts	UNKNOWN STEP	2026-10-01T12:28:14.1727562Z (node:2308) [DEP0040] DeprecationWarning: The `punycode` module is deprecated. Please use a userland alternative instead.
accounts	UNKNOWN STEP	2026-10-01T12:28:14.1728780Z (Use `node --trace-deprecation ...` to show where the warning was created)
accounts	UNKNOWN STEP	2026-10-01T12:28:14.3095653Z Preparing to download the following artifacts:
accounts	UNKNOWN STEP	2026-10-01T12:28:14.3097469Z - day-edge-v2-frozen-selection (ID: 11160624466, Size: 3288, Expected Digest: sha256:f2f35defae027a62c91d1c9989afbad4b8709045c7a53bb3ed4fb4b7044ab788)
accounts	UNKNOWN STEP	2026-10-01T12:28:14.4576804Z Redirecting to blob download url: https://productionresultssa18.blob.core.windows.net/actions-results/34242db7-8627-8b8c-b3b8-0db014836193/workflow-job-run-d573c45a-a68e-57e4-939a-2465a68b3116/artifacts/a1ab5e558c97164c8c87a7cba61e1b7a4cc53e7c63ea3b99dbfd01b26ee4afb3.zip
accounts	UNKNOWN STEP	2026-10-01T12:28:14.4579778Z Starting download of artifact to: /home/runner/work/bb-scanner/bb-scanner/frozen-input
accounts	UNKNOWN STEP	2026-10-01T12:28:14.5030366Z (node:2308) [DEP0005] DeprecationWarning: Buffer() is deprecated due to security and usability issues. Please use the Buffer.alloc(), Buffer.allocUnsafe(), or Buffer.from() methods instead.
accounts	UNKNOWN STEP	2026-10-01T12:28:14.5087579Z SHA256 digest of downloaded artifact is f2f35defae027a62c91d1c9989afbad4b8709045c7a53bb3ed4fb4b7044ab788
accounts	UNKNOWN STEP	2026-10-01T12:28:14.5088767Z Artifact download completed successfully.
accounts	UNKNOWN STEP	2026-10-01T12:28:14.5089452Z Total of 1 artifact(s) downloaded
accounts	UNKNOWN STEP	2026-10-01T12:28:14.5095215Z Download artifact has finished successfully
accounts	UNKNOWN STEP	2026-10-01T12:28:14.5962435Z ##[group]Run gh run download 36095439671 -R duuu-hub/bb-scanner -p 'rank5-binance-um-15m-5y-data-shard-*' -D market
accounts	UNKNOWN STEP	2026-10-01T12:28:14.5963410Z ^[[36;1mgh run download 36095439671 -R duuu-hub/bb-scanner -p 'rank5-binance-um-15m-5y-data-shard-*' -D market^[[0m
accounts	UNKNOWN STEP	2026-10-01T12:28:14.6029287Z shell: /usr/bin/bash -e {0}
accounts	UNKNOWN STEP	2026-10-01T12:28:14.6029606Z env:
accounts	UNKNOWN STEP	2026-10-01T12:28:14.6029950Z   pythonLocation: /opt/hostedtoolcache/Python/3.12.14/x64
accounts	UNKNOWN STEP	2026-10-01T12:28:14.6030506Z   PKG_CONFIG_PATH: /opt/hostedtoolcache/Python/3.12.14/x64/lib/pkgconfig
accounts	UNKNOWN STEP	2026-10-01T12:28:14.6031038Z   Python_ROOT_DIR: /opt/hostedtoolcache/Python/3.12.14/x64
accounts	UNKNOWN STEP	2026-10-01T12:28:14.6031712Z   Python2_ROOT_DIR: /opt/hostedtoolcache/Python/3.12.14/x64
accounts	UNKNOWN STEP	2026-10-01T12:28:14.6032232Z   Python3_ROOT_DIR: /opt/hostedtoolcache/Python/3.12.14/x64
accounts	UNKNOWN STEP	2026-10-01T12:28:14.6032730Z   LD_LIBRARY_PATH: /opt/hostedtoolcache/Python/3.12.14/x64/lib
accounts	UNKNOWN STEP	2026-10-01T12:28:14.6035969Z   GH_TOKEN: ***
accounts	UNKNOWN STEP	2026-10-01T12:28:14.6036252Z ##[endgroup]
accounts	UNKNOWN STEP	2026-10-01T12:28:36.4358763Z ##[group]Run python scripts/day_edge_canonical.py accounts --data market --parts canonical-parts --out day-edge-v2-account --selection frozen-input/selection.json --expected-shards 8
accounts	UNKNOWN STEP	2026-10-01T12:28:36.4360416Z ^[[36;1mpython scripts/day_edge_canonical.py accounts --data market --parts canonical-parts --out day-edge-v2-account --selection frozen-input/selection.json --expected-shards 8^[[0m
accounts	UNKNOWN STEP	2026-10-01T12:28:36.4434029Z shell: /usr/bin/bash -e {0}
accounts	UNKNOWN STEP	2026-10-01T12:28:36.4434539Z env:
accounts	UNKNOWN STEP	2026-10-01T12:28:36.4434872Z   pythonLocation: /opt/hostedtoolcache/Python/3.12.14/x64
accounts	UNKNOWN STEP	2026-10-01T12:28:36.4435383Z   PKG_CONFIG_PATH: /opt/hostedtoolcache/Python/3.12.14/x64/lib/pkgconfig
accounts	UNKNOWN STEP	2026-10-01T12:28:36.4435869Z   Python_ROOT_DIR: /opt/hostedtoolcache/Python/3.12.14/x64
accounts	UNKNOWN STEP	2026-10-01T12:28:36.4436319Z   Python2_ROOT_DIR: /opt/hostedtoolcache/Python/3.12.14/x64
accounts	UNKNOWN STEP	2026-10-01T12:28:36.4436766Z   Python3_ROOT_DIR: /opt/hostedtoolcache/Python/3.12.14/x64
accounts	UNKNOWN STEP	2026-10-01T12:28:36.4437244Z   LD_LIBRARY_PATH: /opt/hostedtoolcache/Python/3.12.14/x64/lib
accounts	UNKNOWN STEP	2026-10-01T12:28:36.4437628Z ##[endgroup]
accounts	UNKNOWN STEP	2026-10-01T12:29:10.0129477Z ACCOUNT DEV__SHOCK_FADE_L1_T6_M-1__ATR2__TIME__20bp__guarded {"trades": 461, "net_return_pct": 5.957041880410885, "cagr_pct": 2.5116172792063463, "mdd_15m_pct": 12.153705328496054, "pf": 1.0829806939621809, "daily_mean_pct": 0.007592895887792602, "day_ge_0_7_pct": 3.290246768507638}
accounts	UNKNOWN STEP	2026-10-01T12:29:11.2275118Z ACCOUNT DEV__SHOCK_FADE_L1_T6_M-1__ATR2__TIME__20bp__diagnostic {"trades": 474, "net_return_pct": 14.834312545091022, "cagr_pct": 6.109082128525367, "mdd_15m_pct": 14.398427380680005, "pf": 1.117473906932357, "daily_mean_pct": 0.018067335079695417, "day_ge_0_7_pct": 5.875440658049354}
accounts	UNKNOWN STEP	2026-10-01T12:29:12.4352157Z ACCOUNT DEV__SHOCK_FADE_L1_T6_M-1__ATR2__TIME__40bp__guarded {"trades": 461, "net_return_pct": 0.07468760008062514, "cagr_pct": 0.03201153544223345, "mdd_15m_pct": 13.325457649208841, "pf": 1.0010649028026046, "daily_mean_pct": 0.000809889169595463, "day_ge_0_7_pct": 3.055229142185664}
accounts	UNKNOWN STEP	2026-10-01T12:29:13.6472966Z ACCOUNT DEV__SHOCK_FADE_L1_T6_M-1__ATR2__TIME__40bp__diagnostic {"trades": 474, "net_return_pct": 4.004692658795417, "cagr_pct": 1.6975628191140624, "mdd_15m_pct": 16.30929477172408, "pf": 1.0331248527290222, "daily_mean_pct": 0.006267004216860371, "day_ge_0_7_pct": 5.522914218566393}
accounts	UNKNOWN STEP	2026-10-01T12:29:14.8358969Z ACCOUNT DEV__SHOCK_FADE_L1_T6_M-1__ATR2__TP2__20bp__guarded {"trades": 464, "net_return_pct": 2.163102061754829, "cagr_pct": 0.9216499678496248, "mdd_15m_pct": 11.345231043961098, "pf": 1.0271157515136333, "daily_mean_pct": 0.003361242702765679, "day_ge_0_7_pct": 3.6427732079905994}
accounts	UNKNOWN STEP	2026-10-01T12:29:16.0201077Z ACCOUNT DEV__SHOCK_FADE_L1_T6_M-1__ATR2__TP2__20bp__diagnostic {"trades": 478, "net_return_pct": 14.069647579237298, "cagr_pct": 5.805601562530094, "mdd_15m_pct": 8.435664125254952, "pf": 1.112014310192025, "daily_mean_pct": 0.016866169095925247, "day_ge_0_7_pct": 5.992949471210341}
accounts	UNKNOWN STEP	2026-10-01T12:29:17.2296228Z ACCOUNT DEV__SHOCK_FADE_L1_T6_M-1__ATR2__TP2__40bp__guarded {"trades": 464, "net_return_pct": -2.3068213826934914, "cagr_pct": -0.9955242588030044, "mdd_15m_pct": 11.911614781604108, "pf": 0.9679923209614747, "daily_mean_pct": -0.0021022992024555, "day_ge_0_7_pct": 3.172737955346651}
accounts	UNKNOWN STEP	2026-10-01T12:29:18.4144618Z ACCOUNT DEV__SHOCK_FADE_L1_T6_M-1__ATR2__TP2__40bp__diagnostic {"trades": 478, "net_return_pct": 3.3978572534469897, "cagr_pct": 1.4427597826724536, "mdd_15m_pct": 10.757925580296265, "pf": 1.0282726655703953, "daily_mean_pct": 0.005199191959093097, "day_ge_0_7_pct": 5.7579318448883665}
accounts	UNKNOWN STEP	2026-10-01T12:29:19.5640142Z ACCOUNT DEV__SHOCK_FADE_L1_T6_M-1__ATR2__TRAIL__20bp__guarded {"trades": 465, "net_return_pct": 2.822313049730396, "cagr_pct": 1.200304953590292, "mdd_15m_pct": 12.807456053094423, "pf": 1.0445938596790225, "daily_mean_pct": 0.004002131668192341, "day_ge_0_7_pct": 2.5851938895417157}
accounts	UNKNOWN STEP	2026-10-01T12:29:20.7226333Z ACCOUNT DEV__SHOCK_FADE_L1_T6_M-1__ATR2__TRAIL__20bp__diagnostic {"trades": 479, "net_return_pct": 7.417062878014469, "cagr_pct": 3.1148049711243075, "mdd_15m_pct": 15.376013830972028, "pf": 1.0708638476715475, "daily_mean_pct": 0.010060255407017361, "day_ge_0_7_pct": 4.230317273795535}
accounts	UNKNOWN STEP	2026-10-01T12:29:21.8750193Z ACCOUNT DEV__SHOCK_FADE_L1_T6_M-1__ATR2__TRAIL__40bp__guarded {"trades": 465, "net_return_pct": -2.353251353751029, "cagr_pct": -1.0156985646777583, "mdd_15m_pct": 14.92701299857376, "pf": 0.9620556720096223, "daily_mean_pct": -0.002133252845848889, "day_ge_0_7_pct": 2.5851938895417157}
accounts	UNKNOWN STEP	2026-10-01T12:29:23.0214298Z ACCOUNT DEV__SHOCK_FADE_L1_T6_M-1__ATR2__TRAIL__40bp__diagnostic {"trades": 479, "net_return_pct": -2.443810302597793, "cagr_pct": -1.0550631454600445, "mdd_15m_pct": 19.75528909338374, "pf": 0.9758792089295824, "daily_mean_pct": -0.001385401571709878, "day_ge_0_7_pct": 4.230317273795535}
accounts	UNKNOWN STEP	2026-10-01T12:29:24.1294515Z ACCOUNT DEV__SHOCK_FADE_L1_T6_M-1__ATR3__TIME__20bp__guarded {"trades": 279, "net_return_pct": 12.732943271926489, "cagr_pct": 5.272285323040182, "mdd_15m_pct": 9.588322150557367, "pf": 1.2377564425923395, "daily_mean_pct": 0.01477374185950235, "day_ge_0_7_pct": 2.937720329024677}
accounts	UNKNOWN STEP	2026-10-01T12:29:25.2547862Z ACCOUNT DEV__SHOCK_FADE_L1_T6_M-1__ATR3__TIME__20bp__diagnostic {"trades": 285, "net_return_pct": 12.570701987927269, "cagr_pct": 5.207309192316645, "mdd_15m_pct": 10.395105130577997, "pf": 1.226062451104219, "daily_mean_pct": 0.014617885892271715, "day_ge_0_7_pct": 2.937720329024677}
accounts	UNKNOWN STEP	2026-10-01T12:29:26.3465556Z ACCOUNT DEV__SHOCK_FADE_L1_T6_M-1__ATR3__TIME__40bp__guarded {"trades": 279, "net_return_pct": 3.1931388019398987, "cagr_pct": 1.356608263212311, "mdd_15m_pct": 10.060708547042157, "pf": 1.094273977426862, "daily_mean_pct": 0.004003091063591243, "day_ge_0_7_pct": 1.0575793184488838}
accounts	UNKNOWN STEP	2026-10-01T12:29:27.4541888Z ACCOUNT DEV__SHOCK_FADE_L1_T6_M-1__ATR3__TIME__40bp__diagnostic {"trades": 285, "net_return_pct": 7.0330548869375065, "cagr_pct": 2.956613617450854, "mdd_15m_pct": 10.910481782129011, "pf": 1.128582994102041, "daily_mean_pct": 0.00864115249508242, "day_ge_0_7_pct": 2.82021151586369}
accounts	UNKNOWN STEP	2026-10-01T12:29:28.5673941Z ACCOUNT DEV__SHOCK_FADE_L1_T6_M-1__ATR3__TP2__20bp__guarded {"trades": 279, "net_return_pct": 14.085653727340762, "cagr_pct": 5.8119659793561596, "mdd_15m_pct": 8.015903907764507, "pf": 1.2626645641938015, "daily_mean_pct": 0.016163077648895036, "day_ge_0_7_pct": 3.290246768507638}
accounts	UNKNOWN STEP	2026-10-01T12:29:29.6864358Z ACCOUNT DEV__SHOCK_FADE_L1_T6_M-1__ATR3__TP2__20bp__diagnostic {"trades": 285, "net_return_pct": 14.402945763847374, "cagr_pct": 5.9380235379409285, "mdd_15m_pct": 8.451423840606834, "pf": 1.2578395488134244, "daily_mean_pct": 0.016494063710608308, "day_ge_0_7_pct": 3.290246768507638}
accounts	UNKNOWN STEP	2026-10-01T12:29:30.8074814Z ACCOUNT DEV__SHOCK_FADE_L1_T6_M-1__ATR3__TP2__40bp__guarded {"trades": 279, "net_return_pct": 8.509672255912815, "cagr_pct": 3.5631437487559925, "mdd_15m_pct": 8.386660456165814, "pf": 1.1611552221313985, "daily_mean_pct": 0.01022384046657705, "day_ge_0_7_pct": 3.290246768507638}
accounts	UNKNOWN STEP	2026-10-01T12:29:31.9104342Z ACCOUNT DEV__SHOCK_FADE_L1_T6_M-1__ATR3__TP2__40bp__diagnostic {"trades": 285, "net_return_pct": 8.715096612887452, "cagr_pct": 3.6471486550095467, "mdd_15m_pct": 8.878676034445922, "pf": 1.158672305211069, "daily_mean_pct": 0.010452969062572063, "day_ge_0_7_pct": 3.290246768507638}
accounts	UNKNOWN STEP	2026-10-01T12:29:33.0050769Z ACCOUNT DEV__SHOCK_FADE_L1_T6_M-1__ATR3__TRAIL__20bp__guarded {"trades": 279, "net_return_pct": 8.924170258720965, "cagr_pct": 3.732552814339374, "mdd_15m_pct": 8.716693704563017, "pf": 1.1795847096282717, "daily_mean_pct": 0.010673498462646055, "day_ge_0_7_pct": 2.4676850763807283}
accounts	UNKNOWN STEP	2026-10-01T12:29:34.1067029Z ACCOUNT DEV__SHOCK_FADE_L1_T6_M-1__ATR3__TRAIL__20bp__diagnostic {"trades": 285, "net_return_pct": 7.991878010362097, "cagr_pct": 3.3509963625258266, "mdd_15m_pct": 9.497996134149489, "pf": 1.1555366250674726, "daily_mean_pct": 0.009691569714102987, "day_ge_0_7_pct": 2.4676850763807283}
accounts	UNKNOWN STEP	2026-10-01T12:29:35.2038267Z ACCOUNT DEV__SHOCK_FADE_L1_T6_M-1__ATR3__TRAIL__40bp__guarded {"trades": 279, "net_return_pct": 3.7520384888772407, "cagr_pct": 1.5915797832301237, "mdd_15m_pct": 9.246720345628097, "pf": 1.0761173498865764, "daily_mean_pct": 0.004909427703932054, "day_ge_0_7_pct": 2.4676850763807283}
accounts	UNKNOWN STEP	2026-10-01T12:29:36.2944171Z ACCOUNT DEV__SHOCK_FADE_L1_T6_M-1__ATR3__TRAIL__40bp__diagnostic {"trades": 285, "net_return_pct": 2.808558422960661, "cagr_pct": 1.1945011796508087, "mdd_15m_pct": 10.071994831966633, "pf": 1.0551261874162705, "daily_mean_pct": 0.0038662497354468145, "day_ge_0_7_pct": 2.4676850763807283}
accounts	UNKNOWN STEP	2026-10-01T12:29:37.3166516Z ACCOUNT DEV__SHOCK_FADE_L1_T6_M-1__ATR4__TIME__20bp__guarded {"trades": 168, "net_return_pct": 8.659633089752106, "cagr_pct": 3.624476704295909, "mdd_15m_pct": 5.57972649774245, "pf": 1.3513205823164618, "daily_mean_pct": 0.010096160805466466, "day_ge_0_7_pct": 1.9976498237367801}
accounts	UNKNOWN STEP	2026-10-01T12:29:38.3263297Z ACCOUNT DEV__SHOCK_FADE_L1_T6_M-1__ATR4__TIME__20bp__diagnostic {"trades": 168, "net_return_pct": 8.927643676744434, "cagr_pct": 3.733970874098058, "mdd_15m_pct": 5.346837501104418, "pf": 1.357542197381366, "daily_mean_pct": 0.010383154006763663, "day_ge_0_7_pct": 1.9976498237367801}
accounts	UNKNOWN STEP	2026-10-01T12:29:39.3362092Z ACCOUNT DEV__SHOCK_FADE_L1_T6_M-1__ATR4__TIME__40bp__guarded {"trades": 168, "net_return_pct": 5.8293629099807065, "cagr_pct": 2.4586432727717877, "mdd_15m_pct": 6.0282134038326864, "pf": 1.2361381385000245, "daily_mean_pct": 0.006972824319704776, "day_ge_0_7_pct": 1.762632197414806}
accounts	UNKNOWN STEP	2026-10-01T12:29:40.3374160Z ACCOUNT DEV__SHOCK_FADE_L1_T6_M-1__ATR4__TIME__40bp__diagnostic {"trades": 168, "net_return_pct": 6.083641673700502, "cagr_pct": 2.5641075397108137, "mdd_15m_pct": 5.802425124822292, "pf": 1.2436635001930096, "daily_mean_pct": 0.007252355641634942, "day_ge_0_7_pct": 1.762632197414806}
accounts	UNKNOWN STEP	2026-10-01T12:29:41.3573778Z ACCOUNT DEV__SHOCK_FADE_L1_T6_M-1__ATR4__TP2__20bp__guarded {"trades": 168, "net_return_pct": 8.269581110824209, "cagr_pct": 3.4648472001313824, "mdd_15m_pct": 5.579726497742498, "pf": 1.3368596281043588, "daily_mean_pct": 0.009671574890544451, "day_ge_0_7_pct": 1.8801410105757932}
accounts	UNKNOWN STEP	2026-10-01T12:29:42.3599066Z ACCOUNT DEV__SHOCK_FADE_L1_T6_M-1__ATR4__TP2__20bp__diagnostic {"trades": 168, "net_return_pct": 8.536629628860236, "cagr_pct": 3.5741726983939737, "mdd_15m_pct": 5.3468375011044085, "pf": 1.3432744696129346, "daily_mean_pct": 0.009958568091841907, "day_ge_0_7_pct": 1.8801410105757932}
accounts	UNKNOWN STEP	2026-10-01T12:29:43.3631558Z ACCOUNT DEV__SHOCK_FADE_L1_T6_M-1__ATR4__TP2__40bp__guarded {"trades": 168, "net_return_pct": 5.460215270653324, "cagr_pct": 2.3052782059633126, "mdd_15m_pct": 6.028213403832719, "pf": 1.2220582677191296, "daily_mean_pct": 0.006560295831397691, "day_ge_0_7_pct": 1.645123384253819}
accounts	UNKNOWN STEP	2026-10-01T12:29:44.3754695Z ACCOUNT DEV__SHOCK_FADE_L1_T6_M-1__ATR4__TP2__40bp__diagnostic {"trades": 168, "net_return_pct": 5.713607074433291, "cagr_pct": 2.410584608872246, "mdd_15m_pct": 5.8024251248223715, "pf": 1.2297481967726556, "daily_mean_pct": 0.006839827153327843, "day_ge_0_7_pct": 1.645123384253819}
accounts	UNKNOWN STEP	2026-10-01T12:29:45.4019307Z ACCOUNT DEV__SHOCK_FADE_L1_T6_M-1__ATR4__TRAIL__20bp__guarded {"trades": 168, "net_return_pct": 10.514275838316522, "cagr_pct": 4.379049599745377, "mdd_15m_pct": 5.129953236313956, "pf": 1.4497289695717532, "daily_mean_pct": 0.012070553185391042, "day_ge_0_7_pct": 1.8801410105757932}
accounts	UNKNOWN STEP	2026-10-01T12:29:46.4026372Z ACCOUNT DEV__SHOCK_FADE_L1_T6_M-1__ATR4__TRAIL__20bp__diagnostic {"trades": 168, "net_return_pct": 10.514275838316522, "cagr_pct": 4.379049599745377, "mdd_15m_pct": 5.129953236313956, "pf": 1.4497289695717532, "daily_mean_pct": 0.012070553185391042, "day_ge_0_7_pct": 1.8801410105757932}
accounts	UNKNOWN STEP	2026-10-01T12:29:47.4170934Z ACCOUNT DEV__SHOCK_FADE_L1_T6_M-1__ATR4__TRAIL__40bp__guarded {"trades": 168, "net_return_pct": 7.592884904200248, "cagr_pct": 3.1871266884400784, "mdd_15m_pct": 5.301278896552304, "pf": 1.3235254185925016, "daily_mean_pct": 0.008900586987724413, "day_ge_0_7_pct": 1.645123384253819}
accounts	UNKNOWN STEP	2026-10-01T12:29:48.4263676Z ACCOUNT DEV__SHOCK_FADE_L1_T6_M-1__ATR4__TRAIL__40bp__diagnostic {"trades": 168, "net_return_pct": 7.592884904200248, "cagr_pct": 3.1871266884400784, "mdd_15m_pct": 5.301278896552304, "pf": 1.3235254185925016, "daily_mean_pct": 0.008900586987724413, "day_ge_0_7_pct": 1.645123384253819}
accounts	UNKNOWN STEP	2026-10-01T12:29:49.4773562Z ACCOUNT DEV__SHOCK_FADE_L4_T6_M-1__ATR2__TIME__20bp__guarded {"trades": 172, "net_return_pct": 5.6743661528771305, "cagr_pct": 2.3942860262677, "mdd_15m_pct": 15.014424767368622, "pf": 1.150971820269743, "daily_mean_pct": 0.007216143509502265, "day_ge_0_7_pct": 1.410105757931845}
accounts	UNKNOWN STEP	2026-10-01T12:29:52.1711350Z ACCOUNT DEV__SHOCK_FADE_L4_T6_M-1__ATR2__TIME__20bp__diagnostic {"trades": 2094, "net_return_pct": -80.29799274683312, "cagr_pct": -50.16222698632853, "mdd_15m_pct": 84.40287572501357, "pf": 0.7418653111236745, "daily_mean_pct": -0.18091040289631274, "day_ge_0_7_pct": 15.158636897767334}
accounts	UNKNOWN STEP	2026-10-01T12:29:53.2190484Z ACCOUNT DEV__SHOCK_FADE_L4_T6_M-1__ATR2__TIME__40bp__guarded {"trades": 168, "net_return_pct": 3.9615452477093305, "cagr_pct": 1.6794738233566475, "mdd_15m_pct": 15.035004346606925, "pf": 1.1090565646369197, "daily_mean_pct": 0.005237066359424034, "day_ge_0_7_pct": 1.2925969447708578}
accounts	UNKNOWN STEP	2026-10-01T12:29:55.9500437Z ACCOUNT DEV__SHOCK_FADE_L4_T6_M-1__ATR2__TIME__40bp__diagnostic {"trades": 2092, "net_return_pct": -85.80538842853096, "cagr_pct": -56.69702459704635, "mdd_15m_pct": 88.50273033899876, "pf": 0.6933199111516225, "daily_mean_pct": -0.21977044527018905, "day_ge_0_7_pct": 13.983548766157462}
accounts	UNKNOWN STEP	2026-10-01T12:29:57.0091317Z ACCOUNT DEV__SHOCK_FADE_L4_T6_M-1__ATR2__TP2__20bp__guarded {"trades": 217, "net_return_pct": -3.832772354124947, "cagr_pct": -1.6614582408027823, "mdd_15m_pct": 15.030942345252967, "pf": 0.9353603652854064, "daily_mean_pct": -0.004063560188916998, "day_ge_0_7_pct": 1.8801410105757932}
accounts	UNKNOWN STEP	2026-10-01T12:29:59.4983695Z ACCOUNT DEV__SHOCK_FADE_L4_T6_M-1__ATR2__TP2__20bp__diagnostic {"trades": 2276, "net_return_pct": -74.38430437628729, "cagr_pct": -44.226454348569696, "mdd_15m_pct": 77.77813700656277, "pf": 0.7790406533818425, "daily_mean_pct": -0.1538793844899797, "day_ge_0_7_pct": 16.45123384253819}
accounts	UNKNOWN STEP	2026-10-01T12:30:00.5616689Z ACCOUNT DEV__SHOCK_FADE_L4_T6_M-1__ATR2__TP2__40bp__guarded {"trades": 203, "net_return_pct": -5.699661233895337, "cagr_pct": -2.484443547432702, "mdd_15m_pct": 15.044435541649397, "pf": 0.8990274329111381, "daily_mean_pct": -0.006411112290082082, "day_ge_0_7_pct": 1.645123384253819}
accounts	UNKNOWN STEP	2026-10-01T12:30:03.0509793Z ACCOUNT DEV__SHOCK_FADE_L4_T6_M-1__ATR2__TP2__40bp__diagnostic {"trades": 2274, "net_return_pct": -82.5028930864441, "cagr_pct": -52.6345397231881, "mdd_15m_pct": 84.45672118371385, "pf": 0.7216559311182134, "daily_mean_pct": -0.19878260863656247, "day_ge_0_7_pct": 15.62867215041128}
accounts	UNKNOWN STEP	2026-10-01T12:30:04.0853306Z Traceback (most recent call last):
accounts	UNKNOWN STEP	2026-10-01T12:30:04.0863778Z   File "/home/runner/work/bb-scanner/bb-scanner/scripts/day_edge_canonical.py", line 267, in <module>
accounts	UNKNOWN STEP	2026-10-01T12:30:04.0864902Z     if __name__=='__main__': main()
accounts	UNKNOWN STEP	2026-10-01T12:30:04.0865423Z                              ^^^^^^
accounts	UNKNOWN STEP	2026-10-01T12:30:04.0866328Z   File "/home/runner/work/bb-scanner/bb-scanner/scripts/day_edge_canonical.py", line 265, in main
accounts	UNKNOWN STEP	2026-10-01T12:30:04.0867527Z     accounts(args.data,args.parts,args.out,args.selection,tuple(args.splits),args.expected_shards)
accounts	UNKNOWN STEP	2026-10-01T12:30:04.0868787Z   File "/home/runner/work/bb-scanner/bb-scanner/scripts/day_edge_canonical.py", line 219, in accounts
accounts	UNKNOWN STEP	2026-10-01T12:30:04.0869839Z     assert np.isclose(((peak-curve.equity)/peak).max()*100,r['mdd_15m_pct'])
accounts	UNKNOWN STEP	2026-10-01T12:30:04.0870612Z            ^^^^^^^^^^^^^^^^^^^^^^^^^^^^^^^^^^^^^^^^^^^^^^^^^^^^^^^^^^^^^^^^^
accounts	UNKNOWN STEP	2026-10-01T12:30:04.0871201Z AssertionError
accounts	UNKNOWN STEP	2026-10-01T12:30:04.2052685Z ##[error]Process completed with exit code 1.
accounts	UNKNOWN STEP	2026-10-01T12:30:04.2129981Z ##[group]Run actions/upload-artifact@v4
accounts	UNKNOWN STEP	2026-10-01T12:30:04.2130348Z with:
accounts	UNKNOWN STEP	2026-10-01T12:30:04.2130641Z   name: day-edge-v2-canonical-summary
accounts	UNKNOWN STEP	2026-10-01T12:30:04.2131023Z   path: research/day-edge-lab-v2/run-36861359640/
accounts	UNKNOWN STEP	2026-10-01T12:30:04.2131402Z   retention-days: 30
accounts	UNKNOWN STEP	2026-10-01T12:30:04.2131958Z   compression-level: 0
accounts	UNKNOWN STEP	2026-10-01T12:30:04.2132403Z   if-no-files-found: warn
accounts	UNKNOWN STEP	2026-10-01T12:30:04.2132865Z   overwrite: false
accounts	UNKNOWN STEP	2026-10-01T12:30:04.2133734Z   include-hidden-files: false
accounts	UNKNOWN STEP	2026-10-01T12:30:04.2134297Z env:
accounts	UNKNOWN STEP	2026-10-01T12:30:04.2135132Z   pythonLocation: /opt/hostedtoolcache/Python/3.12.14/x64
accounts	UNKNOWN STEP	2026-10-01T12:30:04.2136135Z   PKG_CONFIG_PATH: /opt/hostedtoolcache/Python/3.12.14/x64/lib/pkgconfig
accounts	UNKNOWN STEP	2026-10-01T12:30:04.2137384Z   Python_ROOT_DIR: /opt/hostedtoolcache/Python/3.12.14/x64
accounts	UNKNOWN STEP	2026-10-01T12:30:04.2138442Z   Python2_ROOT_DIR: /opt/hostedtoolcache/Python/3.12.14/x64
accounts	UNKNOWN STEP	2026-10-01T12:30:04.2139807Z   Python3_ROOT_DIR: /opt/hostedtoolcache/Python/3.12.14/x64
accounts	UNKNOWN STEP	2026-10-01T12:30:04.2152817Z   LD_LIBRARY_PATH: /opt/hostedtoolcache/Python/3.12.14/x64/lib
accounts	UNKNOWN STEP	2026-10-01T12:30:04.2153299Z ##[endgroup]
accounts	UNKNOWN STEP	2026-10-01T12:30:04.3820717Z (node:2356) [DEP0040] DeprecationWarning: The `punycode` module is deprecated. Please use a userland alternative instead.
accounts	UNKNOWN STEP	2026-10-01T12:30:04.3822807Z (Use `node --trace-deprecation ...` to show where the warning was created)
accounts	UNKNOWN STEP	2026-10-01T12:30:04.3856437Z ##[warning]No files were found with the provided path: research/day-edge-lab-v2/run-36861359640/. No artifacts will be uploaded.
accounts	UNKNOWN STEP	2026-10-01T12:30:04.4030444Z ##[group]Run actions/upload-artifact@v4
accounts	UNKNOWN STEP	2026-10-01T12:30:04.4030811Z with:
accounts	UNKNOWN STEP	2026-10-01T12:30:04.4031090Z   name: day-edge-v2-canonical-details
accounts	UNKNOWN STEP	2026-10-01T12:30:04.4031440Z   path: day-edge-v2-account/
accounts	UNKNOWN STEP	2026-10-01T12:30:04.4032067Z   retention-days: 30
accounts	UNKNOWN STEP	2026-10-01T12:30:04.4032354Z   compression-level: 0
accounts	UNKNOWN STEP	2026-10-01T12:30:04.4032637Z   if-no-files-found: warn
accounts	UNKNOWN STEP	2026-10-01T12:30:04.4032937Z   overwrite: false
accounts	UNKNOWN STEP	2026-10-01T12:30:04.4033212Z   include-hidden-files: false
accounts	UNKNOWN STEP	2026-10-01T12:30:04.4033500Z env:
accounts	UNKNOWN STEP	2026-10-01T12:30:04.4033819Z   pythonLocation: /opt/hostedtoolcache/Python/3.12.14/x64
accounts	UNKNOWN STEP	2026-10-01T12:30:04.4034322Z   PKG_CONFIG_PATH: /opt/hostedtoolcache/Python/3.12.14/x64/lib/pkgconfig
accounts	UNKNOWN STEP	2026-10-01T12:30:04.4034808Z   Python_ROOT_DIR: /opt/hostedtoolcache/Python/3.12.14/x64
accounts	UNKNOWN STEP	2026-10-01T12:30:04.4035249Z   Python2_ROOT_DIR: /opt/hostedtoolcache/Python/3.12.14/x64
accounts	UNKNOWN STEP	2026-10-01T12:30:04.4035683Z   Python3_ROOT_DIR: /opt/hostedtoolcache/Python/3.12.14/x64
accounts	UNKNOWN STEP	2026-10-01T12:30:04.4036153Z   LD_LIBRARY_PATH: /opt/hostedtoolcache/Python/3.12.14/x64/lib
accounts	UNKNOWN STEP	2026-10-01T12:30:04.4036533Z ##[endgroup]
accounts	UNKNOWN STEP	2026-10-01T12:30:04.5850160Z (node:2368) [DEP0040] DeprecationWarning: The `punycode` module is deprecated. Please use a userland alternative instead.
accounts	UNKNOWN STEP	2026-10-01T12:30:04.5852319Z (Use `node --trace-deprecation ...` to show where the warning was created)
accounts	UNKNOWN STEP	2026-10-01T12:30:04.6472923Z With the provided path, there will be 135 files uploaded
accounts	UNKNOWN STEP	2026-10-01T12:30:04.6479958Z Artifact name is valid!
accounts	UNKNOWN STEP	2026-10-01T12:30:04.6480534Z Root directory input is valid!
accounts	UNKNOWN STEP	2026-10-01T12:30:04.8837015Z Beginning upload of artifact content to blob storage
accounts	UNKNOWN STEP	2026-10-01T12:30:04.9765170Z (node:2368) [DEP0169] DeprecationWarning: `url.parse()` behavior is not standardized and prone to errors that have security implications. Use the WHATWG URL API instead. CVEs are not issued for `url.parse()` vulnerabilities.
accounts	UNKNOWN STEP	2026-10-01T12:30:05.1396743Z Uploaded bytes 8388608
accounts	UNKNOWN STEP	2026-10-01T12:30:05.2538284Z Uploaded bytes 16777216
accounts	UNKNOWN STEP	2026-10-01T12:30:05.4811148Z Uploaded bytes 23930412
accounts	UNKNOWN STEP	2026-10-01T12:30:05.4998452Z Finished uploading artifact content to blob storage!
accounts	UNKNOWN STEP	2026-10-01T12:30:05.5000082Z SHA256 digest of uploaded artifact zip is 0684f9d599959e31f7b16b54d13b48808ede13af3980c0ed42c879d549c183d5
accounts	UNKNOWN STEP	2026-10-01T12:30:05.5001990Z Finalizing artifact upload
accounts	UNKNOWN STEP	2026-10-01T12:30:05.7090743Z Artifact day-edge-v2-canonical-details.zip successfully finalized. Artifact ID 11161914393
accounts	UNKNOWN STEP	2026-10-01T12:30:05.7092337Z Artifact day-edge-v2-canonical-details has been successfully uploaded! Final size is 23930412 bytes. Artifact ID is 11161914393
accounts	UNKNOWN STEP	2026-10-01T12:30:05.7097801Z Artifact download URL: https://github.com/duuu-hub/bb-scanner/actions/runs/36861359640/artifacts/11161914393
accounts	UNKNOWN STEP	2026-10-01T12:30:05.7307976Z Post job cleanup.
accounts	UNKNOWN STEP	2026-10-01T12:30:05.8169622Z [command]/usr/bin/git version
accounts	UNKNOWN STEP	2026-10-01T12:30:05.8216032Z git version 2.55.0
accounts	UNKNOWN STEP	2026-10-01T12:30:05.8260510Z Temporarily overriding HOME='/home/runner/work/_temp/d4626c60-4a3a-41fb-a02e-5a2dabaa8ecb' before making global git config changes
accounts	UNKNOWN STEP	2026-10-01T12:30:05.8262248Z Adding repository directory to the temporary git global config as a safe directory
accounts	UNKNOWN STEP	2026-10-01T12:30:05.8267091Z [command]/usr/bin/git config --global --add safe.directory /home/runner/work/bb-scanner/bb-scanner
accounts	UNKNOWN STEP	2026-10-01T12:30:05.8306642Z [command]/usr/bin/git config --local --name-only --get-regexp core\.sshCommand
accounts	UNKNOWN STEP	2026-10-01T12:30:05.8344401Z [command]/usr/bin/git submodule foreach --recursive sh -c "git config --local --name-only --get-regexp 'core\.sshCommand' && git config --local --unset-all 'core.sshCommand' || :"
accounts	UNKNOWN STEP	2026-10-01T12:30:05.8605642Z [command]/usr/bin/git config --local --name-only --get-regexp http\.https\:\/\/github\.com\/\.extraheader
accounts	UNKNOWN STEP	2026-10-01T12:30:05.8636318Z http.https://github.com/.extraheader
accounts	UNKNOWN STEP	2026-10-01T12:30:05.8649443Z [command]/usr/bin/git config --local --unset-all http.https://github.com/.extraheader
accounts	UNKNOWN STEP	2026-10-01T12:30:05.8685248Z [command]/usr/bin/git submodule foreach --recursive sh -c "git config --local --name-only --get-regexp 'http\.https\:\/\/github\.com\/\.extraheader' && git config --local --unset-all 'http.https://github.com/.extraheader' || :"
accounts	UNKNOWN STEP	2026-10-01T12:30:05.8976269Z [command]/usr/bin/git config --local --name-only --get-regexp ^includeIf\.gitdir:
accounts	UNKNOWN STEP	2026-10-01T12:30:05.9025363Z [command]/usr/bin/git submodule foreach --recursive git config --local --show-origin --name-only --get-regexp remote.origin.url
accounts	UNKNOWN STEP	2026-10-01T12:30:05.9445758Z Cleaning up orphan processes
accounts	UNKNOWN STEP	2026-10-01T12:30:05.9835431Z ##[warning]Node.js 20 is deprecated. The following actions target Node.js 20 but are being forced to run on Node.js 24: actions/checkout@v4, actions/download-artifact@v4, actions/setup-python@v5, actions/upload-artifact@v4. For more information see: https://github.blog/changelog/2025-09-19-deprecation-of-node-20-on-github-actions-runners/
