2026-10-07T07:40:09.9221446Z Current runner version: '2.337.0'
2026-10-07T07:40:09.9257665Z ##[group]Runner Image Provisioner
2026-10-07T07:40:09.9258905Z Hosted Compute Agent
2026-10-07T07:40:09.9259966Z Version: 20260901.588
2026-10-07T07:40:09.9261112Z Commit: f88ec8081b781fac6c440065ac7ff9e710ce3d0b
2026-10-07T07:40:09.9262579Z Build Date: 2026-09-01T19:56:44Z
2026-10-07T07:40:09.9263780Z Worker ID: {5ccc5c20-8462-43bc-8354-7cf0375b2b73}
2026-10-07T07:40:09.9265245Z Azure Region: eastus
2026-10-07T07:40:09.9266378Z ##[endgroup]
2026-10-07T07:40:09.9269106Z ##[group]Operating System
2026-10-07T07:40:09.9270341Z Ubuntu
2026-10-07T07:40:09.9271189Z 24.04.5
2026-10-07T07:40:09.9271936Z LTS
2026-10-07T07:40:09.9273618Z ##[endgroup]
2026-10-07T07:40:09.9274544Z ##[group]Runner Image
2026-10-07T07:40:09.9275875Z Image: ubuntu-24.04
2026-10-07T07:40:09.9276949Z Version: 20260927.320.1
2026-10-07T07:40:09.9279212Z Included Software: https://github.com/actions/runner-images/blob/ubuntu24/20260927.320/images/ubuntu/Ubuntu2404-Readme.md
2026-10-07T07:40:09.9281960Z Image Release: https://github.com/actions/runner-images/releases/tag/ubuntu24%2F20260927.320
2026-10-07T07:40:09.9283793Z ##[endgroup]
2026-10-07T07:40:09.9286024Z ##[group]GITHUB_TOKEN Permissions
2026-10-07T07:40:09.9289237Z Actions: read
2026-10-07T07:40:09.9290250Z Contents: read
2026-10-07T07:40:09.9291394Z Metadata: read
2026-10-07T07:40:09.9292284Z ##[endgroup]
2026-10-07T07:40:09.9295614Z Secret source: Actions
2026-10-07T07:40:09.9297266Z Cache mode: write
2026-10-07T07:40:09.9298801Z Prepare workflow directory
2026-10-07T07:40:10.0050985Z Prepare all required actions
2026-10-07T07:40:10.0123946Z Getting action download info
2026-10-07T07:40:10.2056831Z Download action repository 'actions/checkout@v4' (SHA:11d5960a326750d5838078e36cf38b85af677262)
2026-10-07T07:40:10.3081436Z Download action repository 'actions/setup-python@v5' (SHA:a26af69be951a213d495a4c3e4e4022e16d87065)
2026-10-07T07:40:10.3857266Z Download action repository 'actions/upload-artifact@v4' (SHA:ea165f8d65b6e75b540449e92b4886f43607fa02)
2026-10-07T07:40:10.5937771Z Complete job name: validate
2026-10-07T07:40:10.6669224Z ##[group]Run actions/checkout@v4
2026-10-07T07:40:10.6670118Z with:
2026-10-07T07:40:10.6670583Z   repository: duuu-hub/bb-scanner
2026-10-07T07:40:10.6674307Z   token: ***
2026-10-07T07:40:10.6674739Z   ssh-strict: true
2026-10-07T07:40:10.6675389Z   ssh-user: git
2026-10-07T07:40:10.6675857Z   persist-credentials: true
2026-10-07T07:40:10.6676343Z   clean: true
2026-10-07T07:40:10.6676793Z   sparse-checkout-cone-mode: true
2026-10-07T07:40:10.6677319Z   fetch-depth: 1
2026-10-07T07:40:10.6677750Z   fetch-tags: false
2026-10-07T07:40:10.6678192Z   show-progress: true
2026-10-07T07:40:10.6678645Z   lfs: false
2026-10-07T07:40:10.6679055Z   submodules: false
2026-10-07T07:40:10.6679510Z   set-safe-directory: true
2026-10-07T07:40:10.6680015Z   allow-unsafe-pr-checkout: false
2026-10-07T07:40:10.6680778Z env:
2026-10-07T07:40:10.6684418Z   GH_TOKEN: ***
2026-10-07T07:40:10.6684861Z ##[endgroup]
2026-10-07T07:40:10.7772010Z Syncing repository: duuu-hub/bb-scanner
2026-10-07T07:40:10.7773856Z ##[group]Getting Git version info
2026-10-07T07:40:10.7775027Z Working directory is '/home/runner/work/bb-scanner/bb-scanner'
2026-10-07T07:40:10.7776133Z [command]/usr/bin/git version
2026-10-07T07:40:10.7861787Z git version 2.55.0
2026-10-07T07:40:10.7887550Z ##[endgroup]
2026-10-07T07:40:10.7905596Z Temporarily overriding HOME='/home/runner/work/_temp/f38e69ff-2b6b-4fe3-90be-1eadaf26bd90' before making global git config changes
2026-10-07T07:40:10.7908030Z Adding repository directory to the temporary git global config as a safe directory
2026-10-07T07:40:10.7916548Z [command]/usr/bin/git config --global --add safe.directory /home/runner/work/bb-scanner/bb-scanner
2026-10-07T07:40:10.7971928Z Deleting the contents of '/home/runner/work/bb-scanner/bb-scanner'
2026-10-07T07:40:10.7974427Z ##[group]Initializing the repository
2026-10-07T07:40:10.7979811Z [command]/usr/bin/git init /home/runner/work/bb-scanner/bb-scanner
2026-10-07T07:40:10.8073853Z hint: Using 'master' as the name for the initial branch. This default branch name
2026-10-07T07:40:10.8076104Z hint: will change to "main" in Git 3.0. To configure the initial branch name
2026-10-07T07:40:10.8078504Z hint: to use in all of your new repositories, which will suppress this warning,
2026-10-07T07:40:10.8079719Z hint: call:
2026-10-07T07:40:10.8080489Z hint:
2026-10-07T07:40:10.8081386Z hint: 	git config --global init.defaultBranch <name>
2026-10-07T07:40:10.8082385Z hint:
2026-10-07T07:40:10.8083339Z hint: Names commonly chosen instead of 'master' are 'main', 'trunk' and
2026-10-07T07:40:10.8084851Z hint: 'development'. The just-created branch can be renamed via this command:
2026-10-07T07:40:10.8086434Z hint:
2026-10-07T07:40:10.8087099Z hint: 	git branch -m <name>
2026-10-07T07:40:10.8087884Z hint:
2026-10-07T07:40:10.8088880Z hint: Disable this message with "git config set advice.defaultBranchName false"
2026-10-07T07:40:10.8090624Z Initialized empty Git repository in /home/runner/work/bb-scanner/bb-scanner/.git/
2026-10-07T07:40:10.8093521Z [command]/usr/bin/git remote add origin https://github.com/duuu-hub/bb-scanner
2026-10-07T07:40:10.8145947Z ##[endgroup]
2026-10-07T07:40:10.8147604Z ##[group]Disabling automatic garbage collection
2026-10-07T07:40:10.8150074Z [command]/usr/bin/git config --local gc.auto 0
2026-10-07T07:40:10.8183250Z ##[endgroup]
2026-10-07T07:40:10.8184380Z ##[group]Setting up auth
2026-10-07T07:40:10.8191467Z [command]/usr/bin/git config --local --name-only --get-regexp core\.sshCommand
2026-10-07T07:40:10.8237040Z [command]/usr/bin/git submodule foreach --recursive sh -c "git config --local --name-only --get-regexp 'core\.sshCommand' && git config --local --unset-all 'core.sshCommand' || :"
2026-10-07T07:40:10.8624258Z [command]/usr/bin/git config --local --name-only --get-regexp http\.https\:\/\/github\.com\/\.extraheader
2026-10-07T07:40:10.8668388Z [command]/usr/bin/git submodule foreach --recursive sh -c "git config --local --name-only --get-regexp 'http\.https\:\/\/github\.com\/\.extraheader' && git config --local --unset-all 'http.https://github.com/.extraheader' || :"
2026-10-07T07:40:10.8923288Z [command]/usr/bin/git config --local --name-only --get-regexp ^includeIf\.gitdir:
2026-10-07T07:40:10.8969379Z [command]/usr/bin/git submodule foreach --recursive git config --local --show-origin --name-only --get-regexp remote.origin.url
2026-10-07T07:40:10.9227167Z [command]/usr/bin/git config --local http.https://github.com/.extraheader AUTHORIZATION: basic ***
2026-10-07T07:40:10.9274641Z ##[endgroup]
2026-10-07T07:40:10.9276410Z ##[group]Fetching the repository
2026-10-07T07:40:10.9287902Z [command]/usr/bin/git -c protocol.version=2 fetch --no-tags --prune --no-recurse-submodules --depth=1 origin +2c8146a81ef89b2ca02dc6813e17258fa5ded371:refs/remotes/origin/research-daily-breakdown-account-v26
2026-10-07T07:40:11.6258163Z From https://github.com/duuu-hub/bb-scanner
2026-10-07T07:40:11.6259641Z  * [new ref]         2c8146a81ef89b2ca02dc6813e17258fa5ded371 -> origin/research-daily-breakdown-account-v26
2026-10-07T07:40:11.6263392Z ##[endgroup]
2026-10-07T07:40:11.6264816Z ##[group]Determining the checkout info
2026-10-07T07:40:11.6276912Z ##[endgroup]
2026-10-07T07:40:11.6289129Z [command]/usr/bin/git sparse-checkout disable
2026-10-07T07:40:11.6337313Z [command]/usr/bin/git config --local --unset-all extensions.worktreeConfig
2026-10-07T07:40:11.6378150Z ##[group]Checking out the ref
2026-10-07T07:40:11.6385619Z [command]/usr/bin/git checkout --progress --force -B research-daily-breakdown-account-v26 refs/remotes/origin/research-daily-breakdown-account-v26
2026-10-07T07:40:11.8749462Z Switched to a new branch 'research-daily-breakdown-account-v26'
2026-10-07T07:40:11.8754457Z branch 'research-daily-breakdown-account-v26' set up to track 'origin/research-daily-breakdown-account-v26'.
2026-10-07T07:40:11.8766322Z ##[endgroup]
2026-10-07T07:40:11.8815643Z [command]/usr/bin/git log -1 --format=%H
2026-10-07T07:40:11.8844117Z 2c8146a81ef89b2ca02dc6813e17258fa5ded371
2026-10-07T07:40:11.9223050Z ##[group]Run actions/setup-python@v5
2026-10-07T07:40:11.9224294Z with:
2026-10-07T07:40:11.9225403Z   python-version: 3.12
2026-10-07T07:40:11.9226458Z   check-latest: false
2026-10-07T07:40:11.9235386Z   token: ***
2026-10-07T07:40:11.9236439Z   update-environment: true
2026-10-07T07:40:11.9237549Z   allow-prereleases: false
2026-10-07T07:40:11.9238646Z   freethreaded: false
2026-10-07T07:40:11.9239643Z env:
2026-10-07T07:40:11.9247957Z   GH_TOKEN: ***
2026-10-07T07:40:11.9248904Z ##[endgroup]
2026-10-07T07:40:12.0602102Z ##[group]Installed versions
2026-10-07T07:40:12.0689371Z (node:2373) [DEP0040] DeprecationWarning: The `punycode` module is deprecated. Please use a userland alternative instead.
2026-10-07T07:40:12.0693537Z (Use `node --trace-deprecation ...` to show where the warning was created)
2026-10-07T07:40:12.0696411Z Successfully set up CPython (3.12.14)
2026-10-07T07:40:12.0699229Z ##[endgroup]
2026-10-07T07:40:12.0932078Z ##[group]Run set -euo pipefail
2026-10-07T07:40:12.0933978Z [36;1mset -euo pipefail[0m
2026-10-07T07:40:12.0936499Z [36;1mpip install pandas==2.3.3 numpy==2.3.3 numba==0.62.1 requests==2.32.5[0m
2026-10-07T07:40:12.1255432Z shell: /usr/bin/bash -e {0}
2026-10-07T07:40:12.1256584Z env:
2026-10-07T07:40:12.1265065Z   GH_TOKEN: ***
2026-10-07T07:40:12.1266256Z   pythonLocation: /opt/hostedtoolcache/Python/3.12.14/x64
2026-10-07T07:40:12.1267948Z   PKG_CONFIG_PATH: /opt/hostedtoolcache/Python/3.12.14/x64/lib/pkgconfig
2026-10-07T07:40:12.1269610Z   Python_ROOT_DIR: /opt/hostedtoolcache/Python/3.12.14/x64
2026-10-07T07:40:12.1271121Z   Python2_ROOT_DIR: /opt/hostedtoolcache/Python/3.12.14/x64
2026-10-07T07:40:12.1272673Z   Python3_ROOT_DIR: /opt/hostedtoolcache/Python/3.12.14/x64
2026-10-07T07:40:12.1274240Z   LD_LIBRARY_PATH: /opt/hostedtoolcache/Python/3.12.14/x64/lib
2026-10-07T07:40:12.1275844Z ##[endgroup]
2026-10-07T07:40:13.1207003Z Collecting pandas==2.3.3
2026-10-07T07:40:13.1942444Z   Downloading pandas-2.3.3-cp312-cp312-manylinux_2_24_x86_64.manylinux_2_28_x86_64.whl.metadata (91 kB)
2026-10-07T07:40:13.4382309Z Collecting numpy==2.3.3
2026-10-07T07:40:13.4443949Z   Downloading numpy-2.3.3-cp312-cp312-manylinux_2_27_x86_64.manylinux_2_28_x86_64.whl.metadata (62 kB)
2026-10-07T07:40:13.5480044Z Collecting numba==0.62.1
2026-10-07T07:40:13.5513548Z   Downloading numba-0.62.1-cp312-cp312-manylinux2014_x86_64.manylinux_2_17_x86_64.whl.metadata (2.8 kB)
2026-10-07T07:40:13.5715044Z Collecting requests==2.32.5
2026-10-07T07:40:13.5743900Z   Downloading requests-2.32.5-py3-none-any.whl.metadata (4.9 kB)
2026-10-07T07:40:13.5890008Z Collecting python-dateutil>=2.8.2 (from pandas==2.3.3)
2026-10-07T07:40:13.5919167Z   Downloading python_dateutil-2.9.0.post0-py2.py3-none-any.whl.metadata (8.4 kB)
2026-10-07T07:40:13.6258367Z Collecting pytz>=2020.1 (from pandas==2.3.3)
2026-10-07T07:40:13.6288976Z   Downloading pytz-2026.5-py2.py3-none-any.whl.metadata (22 kB)
2026-10-07T07:40:13.6444202Z Collecting tzdata>=2022.7 (from pandas==2.3.3)
2026-10-07T07:40:13.6474289Z   Downloading tzdata-2026.5-py2.py3-none-any.whl.metadata (1.4 kB)
2026-10-07T07:40:13.6993646Z Collecting llvmlite<0.46,>=0.45.0dev0 (from numba==0.62.1)
2026-10-07T07:40:13.7023898Z   Downloading llvmlite-0.45.1-cp312-cp312-manylinux2014_x86_64.manylinux_2_17_x86_64.whl.metadata (4.9 kB)
2026-10-07T07:40:13.8196458Z Collecting charset_normalizer<4,>=2 (from requests==2.32.5)
2026-10-07T07:40:13.8231542Z   Downloading charset_normalizer-3.5.2-cp312-cp312-manylinux2014_x86_64.manylinux_2_17_x86_64.manylinux_2_28_x86_64.whl.metadata (46 kB)
2026-10-07T07:40:13.8406638Z Collecting idna<4,>=2.5 (from requests==2.32.5)
2026-10-07T07:40:13.8436218Z   Downloading idna-3.20-py3-none-any.whl.metadata (7.2 kB)
2026-10-07T07:40:13.8650466Z Collecting urllib3<3,>=1.21.1 (from requests==2.32.5)
2026-10-07T07:40:13.8695512Z   Downloading urllib3-2.8.0-py3-none-any.whl.metadata (7.4 kB)
2026-10-07T07:40:13.8889791Z Collecting certifi>=2017.4.17 (from requests==2.32.5)
2026-10-07T07:40:13.8951443Z   Downloading certifi-2026.7.22-py3-none-any.whl.metadata (2.5 kB)
2026-10-07T07:40:13.9097549Z Collecting six>=1.5 (from python-dateutil>=2.8.2->pandas==2.3.3)
2026-10-07T07:40:13.9128787Z   Downloading six-1.17.0-py2.py3-none-any.whl.metadata (1.7 kB)
2026-10-07T07:40:13.9202081Z Downloading pandas-2.3.3-cp312-cp312-manylinux_2_24_x86_64.manylinux_2_28_x86_64.whl (12.4 MB)
2026-10-07T07:40:13.9619304Z    ━━━━━━━━━━━━━━━━━━━━━━━━━━━━━━━━━━━━━━━━ 12.4/12.4 MB 328.2 MB/s  0:00:00
2026-10-07T07:40:13.9652156Z Downloading numpy-2.3.3-cp312-cp312-manylinux_2_27_x86_64.manylinux_2_28_x86_64.whl (16.6 MB)
2026-10-07T07:40:14.0300758Z    ━━━━━━━━━━━━━━━━━━━━━━━━━━━━━━━━━━━━━━━━ 16.6/16.6 MB 266.0 MB/s  0:00:00
2026-10-07T07:40:14.0350159Z Downloading numba-0.62.1-cp312-cp312-manylinux2014_x86_64.manylinux_2_17_x86_64.whl (3.8 MB)
2026-10-07T07:40:14.0540943Z    ━━━━━━━━━━━━━━━━━━━━━━━━━━━━━━━━━━━━━━━━ 3.8/3.8 MB 227.0 MB/s  0:00:00
2026-10-07T07:40:14.0581853Z Downloading requests-2.32.5-py3-none-any.whl (64 kB)
2026-10-07T07:40:14.0652290Z Downloading charset_normalizer-3.5.2-cp312-cp312-manylinux2014_x86_64.manylinux_2_17_x86_64.manylinux_2_28_x86_64.whl (257 kB)
2026-10-07T07:40:14.0719386Z Downloading idna-3.20-py3-none-any.whl (69 kB)
2026-10-07T07:40:14.0805413Z Downloading llvmlite-0.45.1-cp312-cp312-manylinux2014_x86_64.manylinux_2_17_x86_64.whl (56.3 MB)
2026-10-07T07:40:14.2625883Z    ━━━━━━━━━━━━━━━━━━━━━━━━━━━━━━━━━━━━━━━━ 56.3/56.3 MB 312.7 MB/s  0:00:00
2026-10-07T07:40:14.2660404Z Downloading urllib3-2.8.0-py3-none-any.whl (135 kB)
2026-10-07T07:40:14.2714662Z Downloading certifi-2026.7.22-py3-none-any.whl (136 kB)
2026-10-07T07:40:14.2763387Z Downloading python_dateutil-2.9.0.post0-py2.py3-none-any.whl (229 kB)
2026-10-07T07:40:14.2819547Z Downloading pytz-2026.5-py2.py3-none-any.whl (506 kB)
2026-10-07T07:40:14.2875496Z Downloading six-1.17.0-py2.py3-none-any.whl (11 kB)
2026-10-07T07:40:14.2921612Z Downloading tzdata-2026.5-py2.py3-none-any.whl (347 kB)
2026-10-07T07:40:14.5506615Z Installing collected packages: pytz, urllib3, tzdata, six, numpy, llvmlite, idna, charset_normalizer, certifi, requests, python-dateutil, numba, pandas
2026-10-07T07:40:25.0262515Z 
2026-10-07T07:40:25.0281681Z Successfully installed certifi-2026.7.22 charset_normalizer-3.5.2 idna-3.20 llvmlite-0.45.1 numba-0.62.1 numpy-2.3.3 pandas-2.3.3 python-dateutil-2.9.0.post0 pytz-2026.5 requests-2.32.5 six-1.17.0 tzdata-2026.5 urllib3-2.8.0
2026-10-07T07:40:25.1022468Z ##[group]Run set -euo pipefail
2026-10-07T07:40:25.1022808Z [36;1mset -euo pipefail[0m
2026-10-07T07:40:25.1023485Z [36;1mpython -m py_compile scripts/daily_breakdown_account_v26.py scripts/validate_daily_breakdown_account_v26.py scripts/research_account_checkpoint_v26.py[0m
2026-10-07T07:40:25.1024345Z [36;1mpython scripts/validate_daily_breakdown_account_v26.py 2>&1 | tee v26-tests.log[0m
2026-10-07T07:40:25.1025202Z [36;1mpython scripts/psar_chronology_smoke.py 2>&1 | tee chronology-smoke.log[0m
2026-10-07T07:40:25.1025854Z [36;1mpython scripts/research_account_checkpoint_v26.py --self-test 2>&1 | tee checkpoint-selftest.log[0m
2026-10-07T07:40:25.1026600Z [36;1mpython scripts/smoke_daily_breakdown_v26.py synthetic-v26 2>&1 | tee account-pipeline-smoke.log[0m
2026-10-07T07:40:25.1095503Z shell: /usr/bin/bash --noprofile --norc -e -o pipefail {0}
2026-10-07T07:40:25.1095854Z env:
2026-10-07T07:40:25.1098393Z   GH_TOKEN: ***
2026-10-07T07:40:25.1098733Z   pythonLocation: /opt/hostedtoolcache/Python/3.12.14/x64
2026-10-07T07:40:25.1099176Z   PKG_CONFIG_PATH: /opt/hostedtoolcache/Python/3.12.14/x64/lib/pkgconfig
2026-10-07T07:40:25.1099625Z   Python_ROOT_DIR: /opt/hostedtoolcache/Python/3.12.14/x64
2026-10-07T07:40:25.1100004Z   Python2_ROOT_DIR: /opt/hostedtoolcache/Python/3.12.14/x64
2026-10-07T07:40:25.1100387Z   Python3_ROOT_DIR: /opt/hostedtoolcache/Python/3.12.14/x64
2026-10-07T07:40:25.1100767Z   LD_LIBRARY_PATH: /opt/hostedtoolcache/Python/3.12.14/x64/lib
2026-10-07T07:40:25.1101091Z ##[endgroup]
2026-10-07T07:40:25.7307723Z V26_FROZEN_COHORT_AND_ORIGINAL_LEDGER_CONTRACT_PASS
2026-10-07T07:40:26.2787286Z V26_REGISTERED_SUITE_SIZE 589
2026-10-07T07:40:26.2985353Z test_account_audit_rejects_cash_or_calendar_corruption (test_daily_breakdown_account_v26.V26Tests.test_account_audit_rejects_cash_or_calendar_corruption) ... ok
2026-10-07T07:40:26.3003929Z test_duplicate_canonical_intents_rejected (test_daily_breakdown_account_v26.V26Tests.test_duplicate_canonical_intents_rejected) ... ok
2026-10-07T07:40:26.3014620Z test_incomplete_64_scenario_result_set_fails (test_daily_breakdown_account_v26.V26Tests.test_incomplete_64_scenario_result_set_fails) ... ok
2026-10-07T07:40:26.3084573Z test_kst_dates_at_utc_fifteen_hour_boundary (test_daily_breakdown_account_v26.V26Tests.test_kst_dates_at_utc_fifteen_hour_boundary) ... ok
2026-10-07T07:40:26.3099657Z test_missing_original_and_combined_shards_rejected (test_daily_breakdown_account_v26.V26Tests.test_missing_original_and_combined_shards_rejected) ... ok
2026-10-07T07:40:26.4976478Z test_new_gate_listing_is_not_discarded_by_dev_listing_cutoff (test_daily_breakdown_account_v26.V26Tests.test_new_gate_listing_is_not_discarded_by_dev_listing_cutoff) ... V26_GATE_PROGRESS 1 1 0
2026-10-07T07:40:26.5001985Z V26_GATE_DIAGNOSTIC_COMPLETE 0 0
2026-10-07T07:40:26.5057816Z ok
2026-10-07T07:40:26.5115781Z test_no_positive_date_or_zero_trades_has_no_fake_concentration (test_daily_breakdown_account_v26.V26Tests.test_no_positive_date_or_zero_trades_has_no_fake_concentration) ... ok
2026-10-07T07:40:26.5825546Z test_original_eight_shard_filter_preserves_rejection (test_daily_breakdown_account_v26.V26Tests.test_original_eight_shard_filter_preserves_rejection) ... V26_ORIGINAL_DEV_HASH_AND_COHORT_PASS 8
2026-10-07T07:40:26.5849054Z ok
2026-10-07T07:40:26.6417299Z test_original_tampering_fails_before_replay (test_daily_breakdown_account_v26.V26Tests.test_original_tampering_fails_before_replay) ... ok
2026-10-07T07:40:26.6593440Z test_real_account_seven_day_trade_budget_cash_and_calendar (test_daily_breakdown_account_v26.V26Tests.test_real_account_seven_day_trade_budget_cash_and_calendar) ... ok
2026-10-07T07:40:26.6597596Z test_registered_whole_short_slice (test_daily_breakdown_account_v26.V26Tests.test_registered_whole_short_slice) ... ok
2026-10-07T07:40:26.6605947Z test_registry_rejects_posthoc_threshold_change (test_daily_breakdown_account_v26.V26Tests.test_registry_rejects_posthoc_threshold_change) ... ok
2026-10-07T07:40:26.6798191Z test_split_chronology_and_week_budget (test_daily_breakdown_account_v26.V26Tests.test_split_chronology_and_week_budget) ... ok
2026-10-07T07:40:26.6891455Z test_split_end_flat_price_still_charges_adverse_fill_and_fees (test_daily_breakdown_account_v26.V26Tests.test_split_end_flat_price_still_charges_adverse_fill_and_fees) ... ok
2026-10-07T07:40:26.6945802Z test_trade_count_and_date_count_expose_clustering (test_daily_breakdown_account_v26.V26Tests.test_trade_count_and_date_count_expose_clustering) ... ok
2026-10-07T07:40:26.6989757Z test_valid_actual_risk_row_and_independent_exit (test_daily_breakdown_account_v26.V26Tests.test_valid_actual_risk_row_and_independent_exit) ... ok
2026-10-07T07:40:26.7155982Z test_actual_adverse_open_gap_is_retained_in_stop_and_risk (test_daily_channel_breakout_v25.DailyChannelV25Tests.test_actual_adverse_open_gap_is_retained_in_stop_and_risk) ... ok
2026-10-07T07:40:26.7421919Z test_breakout_onset_blocks_continued_same_direction (test_daily_channel_breakout_v25.DailyChannelV25Tests.test_breakout_onset_blocks_continued_same_direction) ... ok
2026-10-07T07:40:26.7639273Z test_btc_alignment_rejects_opposed_or_unavailable_regime (test_daily_channel_breakout_v25.DailyChannelV25Tests.test_btc_alignment_rejects_opposed_or_unavailable_regime) ... ok
2026-10-07T07:40:26.7876681Z test_btc_regime_matches_exact_daily_time_without_fill (test_daily_channel_breakout_v25.DailyChannelV25Tests.test_btc_regime_matches_exact_daily_time_without_fill) ... ok
2026-10-07T07:40:26.7985329Z test_complete_utc_day_has_exact_96_bars (test_daily_channel_breakout_v25.DailyChannelV25Tests.test_complete_utc_day_has_exact_96_bars) ... ok
2026-10-07T07:40:26.8251522Z test_current_day_high_cannot_raise_breakout_channel_or_atr (test_daily_channel_breakout_v25.DailyChannelV25Tests.test_current_day_high_cannot_raise_breakout_channel_or_atr) ... ok
2026-10-07T07:40:26.8360206Z test_duplicate_timestamp_is_rejected (test_daily_channel_breakout_v25.DailyChannelV25Tests.test_duplicate_timestamp_is_rejected) ... ok
2026-10-07T07:40:26.8363039Z test_engine_globals_restore_even_on_failure (test_daily_channel_breakout_v25.DailyChannelV25Tests.test_engine_globals_restore_even_on_failure) ... ok
2026-10-07T07:40:26.8367253Z test_frozen_grid_holds_and_targets (test_daily_channel_breakout_v25.DailyChannelV25Tests.test_frozen_grid_holds_and_targets) ... ok
2026-10-07T07:40:26.8689837Z test_future_ohlc_perturbation_cannot_change_old_intent (test_daily_channel_breakout_v25.DailyChannelV25Tests.test_future_ohlc_perturbation_cannot_change_old_intent) ... ok
2026-10-07T07:40:26.8868604Z test_incomplete_last_day_cannot_signal (test_daily_channel_breakout_v25.DailyChannelV25Tests.test_incomplete_last_day_cannot_signal) ... ok
2026-10-07T07:40:26.9132181Z test_liquidity_and_observed_age_are_causal (test_daily_channel_breakout_v25.DailyChannelV25Tests.test_liquidity_and_observed_age_are_causal) ... ok
2026-10-07T07:40:26.9477127Z test_missing_bar_invalidates_day_and_channels (test_daily_channel_breakout_v25.DailyChannelV25Tests.test_missing_bar_invalidates_day_and_channels) ... ok
2026-10-07T07:40:26.9724661Z test_missing_day_restarts_rolling_history (test_daily_channel_breakout_v25.DailyChannelV25Tests.test_missing_day_restarts_rolling_history) ... ok
2026-10-07T07:40:26.9907999Z test_partial_first_day_cannot_seed_rolls (test_daily_channel_breakout_v25.DailyChannelV25Tests.test_partial_first_day_cannot_seed_rolls) ... ok
2026-10-07T07:40:27.0073850Z test_policy_target_uses_actual_risk_and_all_registered_holds (test_daily_channel_breakout_v25.DailyChannelV25Tests.test_policy_target_uses_actual_risk_and_all_registered_holds) ... ok
2026-10-07T07:40:27.0240078Z test_real_canonical_timeout_and_gap_contract_for_week_hold (test_daily_channel_breakout_v25.DailyChannelV25Tests.test_real_canonical_timeout_and_gap_contract_for_week_hold) ... ok
2026-10-07T07:40:27.0401009Z test_short_breakout_symmetry (test_daily_channel_breakout_v25.DailyChannelV25Tests.test_short_breakout_symmetry) ... ok
2026-10-07T07:40:27.0563597Z test_signal_next_utc_open_and_prior_only_atr_channel (test_daily_channel_breakout_v25.DailyChannelV25Tests.test_signal_next_utc_open_and_prior_only_atr_channel) ... ok
2026-10-07T07:40:27.0727446Z test_stop_cap_is_an_explicit_exclusion (test_daily_channel_breakout_v25.DailyChannelV25Tests.test_stop_cap_is_an_explicit_exclusion) ... ok
2026-10-07T07:40:27.0732395Z test_attempt_and_failure_must_be_distinct (test_failed_resumption_reversal_v24.FailedResumptionReversalV24Tests.test_attempt_and_failure_must_be_distinct) ... ok
2026-10-07T07:40:27.0736048Z test_frozen_grid (test_failed_resumption_reversal_v24.FailedResumptionReversalV24Tests.test_frozen_grid) ... ok
2026-10-07T07:40:27.0826577Z test_future_prices_do_not_change_seed (test_failed_resumption_reversal_v24.FailedResumptionReversalV24Tests.test_future_prices_do_not_change_seed) ... ok
2026-10-07T07:40:27.0871990Z test_gap_through_structural_stop_is_not_moved_past_entry (test_failed_resumption_reversal_v24.FailedResumptionReversalV24Tests.test_gap_through_structural_stop_is_not_moved_past_entry) ... ok
2026-10-07T07:40:27.0918992Z test_long_path_failure_qualifies_and_reverses_short (test_failed_resumption_reversal_v24.FailedResumptionReversalV24Tests.test_long_path_failure_qualifies_and_reverses_short) ... ok
2026-10-07T07:40:27.0923073Z test_opposite_flow_required_only_for_flow_variant (test_failed_resumption_reversal_v24.FailedResumptionReversalV24Tests.test_opposite_flow_required_only_for_flow_variant) ... ok
2026-10-07T07:40:27.0968632Z test_short_path_failure_qualifies_and_reverses_long (test_failed_resumption_reversal_v24.FailedResumptionReversalV24Tests.test_short_path_failure_qualifies_and_reverses_long) ... ok
2026-10-07T07:40:27.0971854Z test_deep_pause_rejected (test_path_efficiency_resumption_v23.PathEfficiencyResumptionV23Tests.test_deep_pause_rejected) ... ok
2026-10-07T07:40:27.0975899Z test_flow55_and_price_only (test_path_efficiency_resumption_v23.PathEfficiencyResumptionV23Tests.test_flow55_and_price_only) ... ok
2026-10-07T07:40:27.0979886Z test_frozen_grid (test_path_efficiency_resumption_v23.PathEfficiencyResumptionV23Tests.test_frozen_grid) ... ok
2026-10-07T07:40:27.1058512Z test_future_prices_do_not_change_seed (test_path_efficiency_resumption_v23.PathEfficiencyResumptionV23Tests.test_future_prices_do_not_change_seed) ... ok
2026-10-07T07:40:27.1060974Z test_one_bar_dominance_rejected (test_path_efficiency_resumption_v23.PathEfficiencyResumptionV23Tests.test_one_bar_dominance_rejected) ... ok
2026-10-07T07:40:27.1065769Z test_scan_forwards_context_and_restores_engine (test_path_efficiency_resumption_v23.PathEfficiencyResumptionV23Tests.test_scan_forwards_context_and_restores_engine) ... ok
2026-10-07T07:40:27.1069442Z test_smooth_long_qualifies (test_path_efficiency_resumption_v23.PathEfficiencyResumptionV23Tests.test_smooth_long_qualifies) ... ok
2026-10-07T07:40:27.1072446Z test_symmetric_short_qualifies (test_path_efficiency_resumption_v23.PathEfficiencyResumptionV23Tests.test_symmetric_short_qualifies) ... ok
2026-10-07T07:40:27.1076481Z test_adverse_gap_retained (test_fragmented_chase_exhaustion_v22.TestFragmentedChaseExhaustionV22.test_adverse_gap_retained) ... ok
2026-10-07T07:40:27.1078962Z test_btc_context_uses_source_loader_not_trade_count_validator (test_fragmented_chase_exhaustion_v22.TestFragmentedChaseExhaustionV22.test_btc_context_uses_source_loader_not_trade_count_validator) ... ok
2026-10-07T07:40:27.1081698Z test_confirmation_adverse_extension_limit (test_fragmented_chase_exhaustion_v22.TestFragmentedChaseExhaustionV22.test_confirmation_adverse_extension_limit) ... ok
2026-10-07T07:40:27.1084126Z test_confirmation_is_separate_closed_bar (test_fragmented_chase_exhaustion_v22.TestFragmentedChaseExhaustionV22.test_confirmation_is_separate_closed_bar) ... ok
2026-10-07T07:40:27.1086445Z test_favorable_gap_excluded (test_fragmented_chase_exhaustion_v22.TestFragmentedChaseExhaustionV22.test_favorable_gap_excluded) ... ok
2026-10-07T07:40:27.1148735Z test_features_are_shifted_and_reset_on_gap (test_fragmented_chase_exhaustion_v22.TestFragmentedChaseExhaustionV22.test_features_are_shifted_and_reset_on_gap) ... ok
2026-10-07T07:40:27.1150913Z test_fragmentation_is_mandatory (test_fragmented_chase_exhaustion_v22.TestFragmentedChaseExhaustionV22.test_fragmentation_is_mandatory) ... ok
2026-10-07T07:40:27.1155714Z test_future_perturbation_does_not_change_intent (test_fragmented_chase_exhaustion_v22.TestFragmentedChaseExhaustionV22.test_future_perturbation_does_not_change_intent) ... ok
2026-10-07T07:40:27.1158034Z test_gap_breaks_confirmation_path (test_fragmented_chase_exhaustion_v22.TestFragmentedChaseExhaustionV22.test_gap_breaks_confirmation_path) ... ok
2026-10-07T07:40:27.1161462Z test_grid (test_fragmented_chase_exhaustion_v22.TestFragmentedChaseExhaustionV22.test_grid) ... ok
2026-10-07T07:40:27.1165782Z test_long_after_down_chase (test_fragmented_chase_exhaustion_v22.TestFragmentedChaseExhaustionV22.test_long_after_down_chase) ... ok
2026-10-07T07:40:27.1167822Z test_noninteger_trade_count_rejected (test_fragmented_chase_exhaustion_v22.TestFragmentedChaseExhaustionV22.test_noninteger_trade_count_rejected) ... ok
2026-10-07T07:40:27.1169872Z test_outer_quartile_close (test_fragmented_chase_exhaustion_v22.TestFragmentedChaseExhaustionV22.test_outer_quartile_close) ... ok
2026-10-07T07:40:27.1175538Z test_scan_forwards_v22_frozen_context_by_default (test_fragmented_chase_exhaustion_v22.TestFragmentedChaseExhaustionV22.test_scan_forwards_v22_frozen_context_by_default) ... ok
2026-10-07T07:40:27.1178660Z test_short_after_up_chase (test_fragmented_chase_exhaustion_v22.TestFragmentedChaseExhaustionV22.test_short_after_up_chase) ... ok
2026-10-07T07:40:27.1181079Z test_taker_flow_gate (test_fragmented_chase_exhaustion_v22.TestFragmentedChaseExhaustionV22.test_taker_flow_gate) ... ok
2026-10-07T07:40:27.1183902Z test_trade_count_explosion_is_mandatory (test_fragmented_chase_exhaustion_v22.TestFragmentedChaseExhaustionV22.test_trade_count_explosion_is_mandatory) ... ok
2026-10-07T07:40:27.1186158Z test_turnover_gate (test_fragmented_chase_exhaustion_v22.TestFragmentedChaseExhaustionV22.test_turnover_gate) ... ok
2026-10-07T07:40:27.1222307Z test_zero_trade_bar_is_excluded_and_resets_rolling_baselines (test_fragmented_chase_exhaustion_v22.TestFragmentedChaseExhaustionV22.test_zero_trade_bar_is_excluded_and_resets_rolling_baselines) ... ok
2026-10-07T07:40:27.1276326Z test_404_checksum_failure_and_transient_are_not_imputed (test_mark_price_archive_v21.MarkArchiveTests.test_404_checksum_failure_and_transient_are_not_imputed) ... ok
2026-10-07T07:40:27.1526957Z test_each_verified_cache_component_corruption_fails_without_redownload (test_mark_price_archive_v21.MarkArchiveTests.test_each_verified_cache_component_corruption_fails_without_redownload) ... ok
2026-10-07T07:40:27.1613837Z test_exact_alignment_missing_month_and_stage_cut (test_mark_price_archive_v21.MarkArchiveTests.test_exact_alignment_missing_month_and_stage_cut) ... ok
2026-10-07T07:40:27.1625766Z test_future_mark_values_cannot_change_prior_alignment (test_mark_price_archive_v21.MarkArchiveTests.test_future_mark_values_cannot_change_prior_alignment) ... ok
2026-10-07T07:40:27.1675573Z test_header_and_headerless_arrays_agree (test_mark_price_archive_v21.MarkArchiveTests.test_header_and_headerless_arrays_agree) ... ok
2026-10-07T07:40:27.1815643Z test_invalid_width_header_timestamp_geometry_and_nonpositive_values_fail (test_mark_price_archive_v21.MarkArchiveTests.test_invalid_width_header_timestamp_geometry_and_nonpositive_values_fail) ... ok
2026-10-07T07:40:27.1888043Z test_original_checksum_npz_and_verified_cache_are_immutable (test_mark_price_archive_v21.MarkArchiveTests.test_original_checksum_npz_and_verified_cache_are_immutable) ... ok
2026-10-07T07:40:27.1898439Z test_close_tolerance_rejection_and_failed_direction_flow_are_hard (test_contract_mark_dislocation_v21.ContractMarkTests.test_close_tolerance_rejection_and_failed_direction_flow_are_hard) ... ok
2026-10-07T07:40:27.1906114Z test_favorable_gap_excluded_adverse_gap_retained (test_contract_mark_dislocation_v21.ContractMarkTests.test_favorable_gap_excluded_adverse_gap_retained) ... ok
2026-10-07T07:40:27.1909561Z test_fixed_intent_cooldown_is_outcome_independent (test_contract_mark_dislocation_v21.ContractMarkTests.test_fixed_intent_cooldown_is_outcome_independent) ... ok
2026-10-07T07:40:27.1912423Z test_frozen_grid_is_16_entries_and_96_unique_policies (test_contract_mark_dislocation_v21.ContractMarkTests.test_frozen_grid_is_16_entries_and_96_unique_policies) ... ok
2026-10-07T07:40:27.1916039Z test_future_data_does_not_change_existing_intent (test_contract_mark_dislocation_v21.ContractMarkTests.test_future_data_does_not_change_existing_intent) ... ok
2026-10-07T07:40:27.1922491Z test_mark_reference_shock_missing_alignment_and_volume_fail (test_contract_mark_dislocation_v21.ContractMarkTests.test_mark_reference_shock_missing_alignment_and_volume_fail) ... ok
2026-10-07T07:40:27.1925333Z test_mark_target_wrong_side_is_excluded_not_repurposed (test_contract_mark_dislocation_v21.ContractMarkTests.test_mark_target_wrong_side_is_excluded_not_repurposed) ... ok
2026-10-07T07:40:27.1930423Z test_mirrored_contract_only_excursion (test_contract_mark_dislocation_v21.ContractMarkTests.test_mirrored_contract_only_excursion) ... ok
2026-10-07T07:40:27.1936286Z test_next_open_actual_fill_stop_floor_and_cap (test_contract_mark_dislocation_v21.ContractMarkTests.test_next_open_actual_fill_stop_floor_and_cap) ... ok
2026-10-07T07:40:27.1941461Z test_policy_targets_and_shared_resolver (test_contract_mark_dislocation_v21.ContractMarkTests.test_policy_targets_and_shared_resolver) ... ok
2026-10-07T07:40:27.1943600Z test_three_year_95_percent_coverage_gate (test_contract_mark_dislocation_v21.ContractMarkTests.test_three_year_95_percent_coverage_gate) ... ok
2026-10-07T07:40:27.1946137Z test_adverse_gap_is_retained (test_session_opening_range_sweep_v20.TestSessionOpeningRangeSweepV20.test_adverse_gap_is_retained) ... ok
2026-10-07T07:40:27.1948315Z test_balance_close_must_stay_inside (test_session_opening_range_sweep_v20.TestSessionOpeningRangeSweepV20.test_balance_close_must_stay_inside) ... ok
2026-10-07T07:40:27.1950711Z test_balance_must_cross_both_sides_of_vwap (test_session_opening_range_sweep_v20.TestSessionOpeningRangeSweepV20.test_balance_must_cross_both_sides_of_vwap) ... ok
2026-10-07T07:40:27.1953049Z test_close_outside_is_not_a_sweep (test_session_opening_range_sweep_v20.TestSessionOpeningRangeSweepV20.test_close_outside_is_not_a_sweep) ... ok
2026-10-07T07:40:27.1955304Z test_decisive_reentry_gate (test_session_opening_range_sweep_v20.TestSessionOpeningRangeSweepV20.test_decisive_reentry_gate) ... ok
2026-10-07T07:40:27.1957428Z test_entry_is_next_contiguous_open (test_session_opening_range_sweep_v20.TestSessionOpeningRangeSweepV20.test_entry_is_next_contiguous_open) ... ok
2026-10-07T07:40:27.1959926Z test_favorable_gap_over_half_percent_is_excluded (test_session_opening_range_sweep_v20.TestSessionOpeningRangeSweepV20.test_favorable_gap_over_half_percent_is_excluded) ... ok
2026-10-07T07:40:27.1962633Z test_future_perturbation_does_not_change_intent (test_session_opening_range_sweep_v20.TestSessionOpeningRangeSweepV20.test_future_perturbation_does_not_change_intent) ... ok
2026-10-07T07:40:27.1965360Z test_grid_has_16_entries_and_96_policies (test_session_opening_range_sweep_v20.TestSessionOpeningRangeSweepV20.test_grid_has_16_entries_and_96_policies) ... ok
2026-10-07T07:40:27.1967779Z test_lower_sweep_creates_long_reversal (test_session_opening_range_sweep_v20.TestSessionOpeningRangeSweepV20.test_lower_sweep_creates_long_reversal) ... ok
2026-10-07T07:40:27.1970054Z test_minimum_width_is_enforced (test_session_opening_range_sweep_v20.TestSessionOpeningRangeSweepV20.test_minimum_width_is_enforced) ... ok
2026-10-07T07:40:27.1972080Z test_shifted_volume_gate (test_session_opening_range_sweep_v20.TestSessionOpeningRangeSweepV20.test_shifted_volume_gate) ... ok
2026-10-07T07:40:27.1974154Z test_stop_floor_and_frozen_targets (test_session_opening_range_sweep_v20.TestSessionOpeningRangeSweepV20.test_stop_floor_and_frozen_targets) ... ok
2026-10-07T07:40:27.1976738Z test_sweep_expires_after_four_bars (test_session_opening_range_sweep_v20.TestSessionOpeningRangeSweepV20.test_sweep_expires_after_four_bars) ... ok
2026-10-07T07:40:27.1979031Z test_swept_direction_taker_flow_gate (test_session_opening_range_sweep_v20.TestSessionOpeningRangeSweepV20.test_swept_direction_taker_flow_gate) ... ok
2026-10-07T07:40:27.1981411Z test_upper_sweep_creates_short_reversal (test_session_opening_range_sweep_v20.TestSessionOpeningRangeSweepV20.test_upper_sweep_creates_short_reversal) ... ok
2026-10-07T07:40:27.1983629Z test_wick_penetration_gate (test_session_opening_range_sweep_v20.TestSessionOpeningRangeSweepV20.test_wick_penetration_gate) ... ok
2026-10-07T07:40:27.1985254Z test_width_cap_is_enforced (test_session_opening_range_sweep_v20.TestSessionOpeningRangeSweepV20.test_width_cap_is_enforced) ... ok
2026-10-07T07:40:27.1987087Z test_breadth_alignment_rejects_low_universe (test_session_opening_impulse_v18.GridFeatureBreadthTests.test_breadth_alignment_rejects_low_universe) ... ok
2026-10-07T07:40:27.1995159Z test_breadth_counts_only_second_opening_bar (test_session_opening_impulse_v18.GridFeatureBreadthTests.test_breadth_counts_only_second_opening_bar) ... ok
2026-10-07T07:40:27.2000472Z test_exact_frozen_grid (test_session_opening_impulse_v18.GridFeatureBreadthTests.test_exact_frozen_grid) ... ok
2026-10-07T07:40:27.2002489Z test_exact_preregistered_development_gates (test_session_opening_impulse_v18.GridFeatureBreadthTests.test_exact_preregistered_development_gates) ... ok
2026-10-07T07:40:27.2059588Z test_session_vwap_is_causal_and_fixed_anchor (test_session_opening_impulse_v18.GridFeatureBreadthTests.test_session_vwap_is_causal_and_fixed_anchor) ... ok
2026-10-07T07:40:27.2064187Z test_breadth_and_two_vwap_closes_are_required (test_session_opening_impulse_v18.SignalEntryExitTests.test_breadth_and_two_vwap_closes_are_required) ... ok
2026-10-07T07:40:27.2069375Z test_favourable_gap_excluded_adverse_gap_retained (test_session_opening_impulse_v18.SignalEntryExitTests.test_favourable_gap_excluded_adverse_gap_retained) ... ok
2026-10-07T07:40:27.2076077Z test_mirrored_opening_signal_pullback_and_later_confirmation (test_session_opening_impulse_v18.SignalEntryExitTests.test_mirrored_opening_signal_pullback_and_later_confirmation) ... ok
2026-10-07T07:40:27.2087837Z test_projection_and_r_targets (test_session_opening_impulse_v18.SignalEntryExitTests.test_projection_and_r_targets) ... ok
2026-10-07T07:40:27.2092829Z test_pullback_must_hold_vwap_and_remain_shallow_through_confirmation (test_session_opening_impulse_v18.SignalEntryExitTests.test_pullback_must_hold_vwap_and_remain_shallow_through_confirmation) ... ok
2026-10-07T07:40:27.2097566Z test_favourable_gap_excluded_adverse_retained (test_session_vwap_failed_auction_v17.EntryExitTests.test_favourable_gap_excluded_adverse_retained) ... ok
2026-10-07T07:40:27.2110925Z test_frozen_vwap_and_r_targets (test_session_vwap_failed_auction_v17.EntryExitTests.test_frozen_vwap_and_r_targets) ... ok
2026-10-07T07:40:27.2115441Z test_next_open_and_structural_stop (test_session_vwap_failed_auction_v17.EntryExitTests.test_next_open_and_structural_stop) ... ok
2026-10-07T07:40:27.2121034Z test_stop_floor_and_cap (test_session_vwap_failed_auction_v17.EntryExitTests.test_stop_floor_and_cap) ... ok
2026-10-07T07:40:27.2129952Z test_confirmation_body_midpoint_strength_and_path (test_session_vwap_failed_auction_v17.EventTests.test_confirmation_body_midpoint_strength_and_path) ... ok
2026-10-07T07:40:27.2136469Z test_event_filters (test_session_vwap_failed_auction_v17.EventTests.test_event_filters) ... ok
2026-10-07T07:40:27.2140438Z test_four_bar_window_inclusive (test_session_vwap_failed_auction_v17.EventTests.test_four_bar_window_inclusive) ... ok
2026-10-07T07:40:27.2143542Z test_frozen_event_vwap_survives_future_changes (test_session_vwap_failed_auction_v17.EventTests.test_frozen_event_vwap_survives_future_changes) ... ok
2026-10-07T07:40:27.2147618Z test_mirrored_sides_and_later_confirmation (test_session_vwap_failed_auction_v17.EventTests.test_mirrored_sides_and_later_confirmation) ... ok
2026-10-07T07:40:27.2149938Z test_same_bar_confirmation_is_impossible (test_session_vwap_failed_auction_v17.EventTests.test_same_bar_confirmation_is_impossible) ... ok
2026-10-07T07:40:27.2187734Z test_current_volume_not_in_rolling_median (test_session_vwap_failed_auction_v17.GridAndFeatureTests.test_current_volume_not_in_rolling_median) ... ok
2026-10-07T07:40:27.2192394Z test_exact_frozen_grid (test_session_vwap_failed_auction_v17.GridAndFeatureTests.test_exact_frozen_grid) ... ok
2026-10-07T07:40:27.2266296Z test_future_perturbation_does_not_change_prefix (test_session_vwap_failed_auction_v17.GridAndFeatureTests.test_future_perturbation_does_not_change_prefix) ... ok
2026-10-07T07:40:27.2323125Z test_gap_invalidates_new_session_until_real_anchor (test_session_vwap_failed_auction_v17.GridAndFeatureTests.test_gap_invalidates_new_session_until_real_anchor) ... ok
2026-10-07T07:40:27.2359451Z test_session_anchor_and_causal_vwap (test_session_vwap_failed_auction_v17.GridAndFeatureTests.test_session_anchor_and_causal_vwap) ... ok
2026-10-07T07:40:27.2396576Z test_independent_costs_and_R (test_breadth_pullback_reclaim_v16.AuditArithmeticContract.test_independent_costs_and_R) ... ok
2026-10-07T07:40:28.2049175Z test_source_check_inside_scan_output_real_pipeline (test_breadth_pullback_reclaim_v16.AuditArithmeticContract.test_source_check_inside_scan_output_real_pipeline) ... V16_BREADTH_MAP DEV 4 / 4
2026-10-07T07:40:28.5382116Z V16_BREADTH_MAP_DONE DEV shard 0 sources 4 rows 81793
2026-10-07T07:40:28.9068319Z V16_BREADTH_MAP DEV 4 / 4
2026-10-07T07:40:29.2401809Z V16_BREADTH_MAP_DONE DEV shard 1 sources 4 rows 81793
2026-10-07T07:40:29.6092512Z V16_BREADTH_MAP DEV 4 / 4
2026-10-07T07:40:29.9435417Z V16_BREADTH_MAP_DONE DEV shard 2 sources 4 rows 81793
2026-10-07T07:40:30.3105688Z V16_BREADTH_MAP DEV 4 / 4
2026-10-07T07:40:30.6484418Z V16_BREADTH_MAP_DONE DEV shard 3 sources 4 rows 81793
2026-10-07T07:40:31.0160330Z V16_BREADTH_MAP DEV 4 / 4
2026-10-07T07:40:31.3469842Z V16_BREADTH_MAP_DONE DEV shard 4 sources 4 rows 81793
2026-10-07T07:40:31.7145130Z V16_BREADTH_MAP DEV 4 / 4
2026-10-07T07:40:32.0455960Z V16_BREADTH_MAP_DONE DEV shard 5 sources 4 rows 81793
2026-10-07T07:40:32.4108977Z V16_BREADTH_MAP DEV 4 / 4
2026-10-07T07:40:32.7425464Z V16_BREADTH_MAP_DONE DEV shard 6 sources 4 rows 81793
2026-10-07T07:40:33.1085037Z V16_BREADTH_MAP DEV 4 / 4
2026-10-07T07:40:33.4410086Z V16_BREADTH_MAP_DONE DEV shard 7 sources 4 rows 81793
2026-10-07T07:40:34.0028598Z V16_GLOBAL_BREADTH_FROZEN DEV sources 32 rows 81793 sha256 c56f804c8948f76a8dbc514485675ee6cee2809cbdd6c3d8921afa85fcb04c75
2026-10-07T07:40:34.0832818Z V16_BREADTH_RECOVERY_SCAN DEV 4 / 4 parameterized_outcomes 0
2026-10-07T07:40:34.0865478Z V16_BREADTH_RECOVERY_SCAN_DONE DEV 0 chronology_exclusions 0
2026-10-07T07:40:34.1693031Z V16_BREADTH_RECOVERY_SCAN DEV 4 / 4 parameterized_outcomes 0
2026-10-07T07:40:34.1725680Z V16_BREADTH_RECOVERY_SCAN_DONE DEV 0 chronology_exclusions 0
2026-10-07T07:40:34.2561214Z V16_BREADTH_RECOVERY_SCAN DEV 4 / 4 parameterized_outcomes 0
2026-10-07T07:40:34.2594373Z V16_BREADTH_RECOVERY_SCAN_DONE DEV 0 chronology_exclusions 0
2026-10-07T07:40:34.3427480Z V16_BREADTH_RECOVERY_SCAN DEV 4 / 4 parameterized_outcomes 0
2026-10-07T07:40:34.3460888Z V16_BREADTH_RECOVERY_SCAN_DONE DEV 0 chronology_exclusions 0
2026-10-07T07:40:34.4276492Z V16_BREADTH_RECOVERY_SCAN DEV 4 / 4 parameterized_outcomes 0
2026-10-07T07:40:34.4309863Z V16_BREADTH_RECOVERY_SCAN_DONE DEV 0 chronology_exclusions 0
2026-10-07T07:40:34.5127033Z V16_BREADTH_RECOVERY_SCAN DEV 4 / 4 parameterized_outcomes 0
2026-10-07T07:40:34.5160248Z V16_BREADTH_RECOVERY_SCAN_DONE DEV 0 chronology_exclusions 0
2026-10-07T07:40:34.5989227Z V16_BREADTH_RECOVERY_SCAN DEV 4 / 4 parameterized_outcomes 0
2026-10-07T07:40:34.6023849Z V16_BREADTH_RECOVERY_SCAN_DONE DEV 0 chronology_exclusions 0
2026-10-07T07:40:34.6842547Z V16_BREADTH_RECOVERY_SCAN DEV 4 / 4 parameterized_outcomes 0
2026-10-07T07:40:34.6878293Z V16_BREADTH_RECOVERY_SCAN_DONE DEV 0 chronology_exclusions 0
2026-10-07T07:40:35.1728356Z V16_BREADTH_RECOVERY_SELECT {"status": "NO_DEVELOPMENT_POLICY_SURVIVOR", "cells_examined": 96, "selected": [], "policies": [], "union_name": "MARKET_BREADTH_RECOVERY_UNION", "source_context_sha256": "1991f5e71751271b483ad27f63726b8ffe40a5da7d2db86c83f41193dfc564f3", "development_breadth_data_sha256": "c56f804c8948f76a8dbc514485675ee6cee2809cbdd6c3d8921afa85fcb04c75", "development_breadth_manifest_sha256": "37e38171d08af92c4362b2262ff10b069ce59950f612b8679fc31ec0bb185493", "source_symbols": 32, "economic_surviving_cells": 0, "rejection_counts": {"N_LT_300": 96, "SYMBOLS_LT_10": 96, "TOP_SYMBOL_GT_30PCT": 96, "NET40_MEAN_BP_NONPOSITIVE": 96, "NET40_R_MEAN_NONPOSITIVE": 96, "2021_N": 96, "2021_DATES": 96, "2021_net40_R_NONPOSITIVE": 96, "2021_net40_mean_bp_NONPOSITIVE": 96, "2021_day_R_NONPOSITIVE": 96, "2022_N": 96, "2022_DATES": 96, "2022_net40_R_NONPOSITIVE": 96, "2022_net40_mean_bp_NONPOSITIVE": 96, "2022_day_R_NONPOSITIVE": 96, "2023_N": 96, "2023_DATES": 96, "2023_net40_R_NONPOSITIVE": 96, "2023_net40_mean_bp_NONPOSITIVE": 96, "2023_day_R_NONPOSITIVE": 96}, "note": "Frozen global pressure withdrawal and closed recovery experiment. Overlapping diagnostics are not executable account growth."}
2026-10-07T07:40:35.1747451Z V16_SYNTHETIC_GLOBAL_PIPELINE_PASS {"synthetic_only": true, "source_files": 32, "global_map_shards": 8, "scans": 8, "all96_cells_preserved": true, "market_profitability_claim": false}
2026-10-07T07:40:35.1894693Z ok
2026-10-07T07:40:35.1900532Z test_count_sums_not_average_of_shards (test_breadth_pullback_reclaim_v16.CountsContract.test_count_sums_not_average_of_shards) ... ok
2026-10-07T07:40:35.1925947Z test_exact_global_fraction (test_breadth_pullback_reclaim_v16.CountsContract.test_exact_global_fraction) ... ok
2026-10-07T07:40:35.2053821Z test_feature_future_perturbation (test_breadth_pullback_reclaim_v16.CountsContract.test_feature_future_perturbation) ... ok
2026-10-07T07:40:35.2063857Z test_impossible_counts_rejected (test_breadth_pullback_reclaim_v16.CountsContract.test_impossible_counts_rejected) ... ok
2026-10-07T07:40:35.2074462Z test_missing_previous_not_filled (test_breadth_pullback_reclaim_v16.CountsContract.test_missing_previous_not_filled) ... ok
2026-10-07T07:40:35.2080944Z test_nan_coin_not_in_denominator (test_breadth_pullback_reclaim_v16.CountsContract.test_nan_coin_not_in_denominator) ... ok
2026-10-07T07:40:35.2092289Z test_no_nearest_future_match (test_breadth_pullback_reclaim_v16.CountsContract.test_no_nearest_future_match) ... ok
2026-10-07T07:40:35.2100460Z test_noninteger_counts_rejected (test_breadth_pullback_reclaim_v16.CountsContract.test_noninteger_counts_rejected) ... ok
2026-10-07T07:40:35.2108187Z test_time_geometry_rejected (test_breadth_pullback_reclaim_v16.CountsContract.test_time_geometry_rejected) ... ok
2026-10-07T07:40:37.7932600Z test_altered_map_fails_closed (test_breadth_pullback_reclaim_v16.GlobalArtifactContract.test_altered_map_fails_closed) ... ok
2026-10-07T07:40:37.7943296Z test_changed_context_fails_closed (test_breadth_pullback_reclaim_v16.GlobalArtifactContract.test_changed_context_fails_closed) ... ok
2026-10-07T07:40:38.0046852Z test_duplicate_shard_fails_closed (test_breadth_pullback_reclaim_v16.GlobalArtifactContract.test_duplicate_shard_fails_closed) ... ok
2026-10-07T07:40:38.5407707Z test_eight_shard_reduction_and_verified_load (test_breadth_pullback_reclaim_v16.GlobalArtifactContract.test_eight_shard_reduction_and_verified_load) ... V16_GLOBAL_BREADTH_FROZEN DEV sources 32 rows 81793 sha256 061b212dd67ba864ae7370703945d2ce6bdebc7421a464c5182b5936112713b2
2026-10-07T07:40:38.5701947Z ok
2026-10-07T07:40:38.5748462Z test_missing_shard_fails_closed (test_breadth_pullback_reclaim_v16.GlobalArtifactContract.test_missing_shard_fails_closed) ... ok
2026-10-07T07:40:38.5754521Z test_stage_leak_fails_closed (test_breadth_pullback_reclaim_v16.GlobalArtifactContract.test_stage_leak_fails_closed) ... ok
2026-10-07T07:40:38.5816046Z test_96_bar_impulse (test_breadth_pullback_reclaim_v16.SignalContract.test_96_bar_impulse) ... ok
2026-10-07T07:40:38.5820753Z test_adverse_entry_gap_retained (test_breadth_pullback_reclaim_v16.SignalContract.test_adverse_entry_gap_retained) ... ok
2026-10-07T07:40:38.5823220Z test_breadth_crossing_required (test_breadth_pullback_reclaim_v16.SignalContract.test_breadth_crossing_required) ... ok
2026-10-07T07:40:38.5827387Z test_btc_reclaim_guard (test_breadth_pullback_reclaim_v16.SignalContract.test_btc_reclaim_guard) ... ok
2026-10-07T07:40:38.5831371Z test_entry_path_gap_blocks (test_breadth_pullback_reclaim_v16.SignalContract.test_entry_path_gap_blocks) ... ok
2026-10-07T07:40:38.5834597Z test_event_momentum_required (test_breadth_pullback_reclaim_v16.SignalContract.test_event_momentum_required) ... ok
2026-10-07T07:40:38.5838738Z test_favorable_entry_gap_rejected (test_breadth_pullback_reclaim_v16.SignalContract.test_favorable_entry_gap_rejected) ... ok
2026-10-07T07:40:38.5841985Z test_five_point_expansion_required (test_breadth_pullback_reclaim_v16.SignalContract.test_five_point_expansion_required) ... ok
2026-10-07T07:40:38.5844609Z test_fixed_grid (test_breadth_pullback_reclaim_v16.SignalContract.test_fixed_grid) ... ok
2026-10-07T07:40:38.5850992Z test_future_bars_irrelevant_to_intent (test_breadth_pullback_reclaim_v16.SignalContract.test_future_bars_irrelevant_to_intent) ... ok
2026-10-07T07:40:38.5855178Z test_long_two_stage_reclaim (test_breadth_pullback_reclaim_v16.SignalContract.test_long_two_stage_reclaim) ... ok
2026-10-07T07:40:38.5859647Z test_one_atr_pullback_grid (test_breadth_pullback_reclaim_v16.SignalContract.test_one_atr_pullback_grid) ... ok
2026-10-07T07:40:38.5863368Z test_pre_reclaim_invalidation_blocks (test_breadth_pullback_reclaim_v16.SignalContract.test_pre_reclaim_invalidation_blocks) ... ok
2026-10-07T07:40:38.5867691Z test_pullback_touch_required (test_breadth_pullback_reclaim_v16.SignalContract.test_pullback_touch_required) ... ok
2026-10-07T07:40:38.5872226Z test_reclaim_after_twelve_bars_is_ignored (test_breadth_pullback_reclaim_v16.SignalContract.test_reclaim_after_twelve_bars_is_ignored) ... ok
2026-10-07T07:40:38.5876538Z test_reclaim_must_be_after_touch (test_breadth_pullback_reclaim_v16.SignalContract.test_reclaim_must_be_after_touch) ... ok
2026-10-07T07:40:38.5880529Z test_reclaim_prior_bar_break_required (test_breadth_pullback_reclaim_v16.SignalContract.test_reclaim_prior_bar_break_required) ... ok
2026-10-07T07:40:38.5884369Z test_reclaim_volume_required (test_breadth_pullback_reclaim_v16.SignalContract.test_reclaim_volume_required) ... ok
2026-10-07T07:40:38.5889445Z test_same_bar_touch_and_reclaim_forbidden (test_breadth_pullback_reclaim_v16.SignalContract.test_same_bar_touch_and_reclaim_forbidden) ... ok
2026-10-07T07:40:38.5893574Z test_short_two_stage_reclaim (test_breadth_pullback_reclaim_v16.SignalContract.test_short_two_stage_reclaim) ... ok
2026-10-07T07:40:38.5897807Z test_stop_above_six_percent_rejected (test_breadth_pullback_reclaim_v16.SignalContract.test_stop_above_six_percent_rejected) ... ok
2026-10-07T07:40:38.5901683Z test_stop_floor (test_breadth_pullback_reclaim_v16.SignalContract.test_stop_floor) ... ok
2026-10-07T07:40:38.5906144Z test_touch_after_ten_bars_is_ignored (test_breadth_pullback_reclaim_v16.SignalContract.test_touch_after_ten_bars_is_ignored) ... ok
2026-10-07T07:40:38.5912874Z test_trailing_policy_uses_canonical_resolver (test_breadth_pullback_reclaim_v16.SignalContract.test_trailing_policy_uses_canonical_resolver) ... ok
2026-10-07T07:40:38.5916839Z test_watch_path_gap_blocks (test_breadth_pullback_reclaim_v16.SignalContract.test_watch_path_gap_blocks) ... ok
2026-10-07T07:40:38.5955806Z test_independent_costs_and_R (test_breadth_expansion_continuation_v15.AuditArithmeticContract.test_independent_costs_and_R) ... ok
2026-10-07T07:40:39.5638318Z test_source_check_inside_scan_output_real_pipeline (test_breadth_expansion_continuation_v15.AuditArithmeticContract.test_source_check_inside_scan_output_real_pipeline) ... V15_BREADTH_MAP DEV 4 / 4
2026-10-07T07:40:39.8990107Z V15_BREADTH_MAP_DONE DEV shard 0 sources 4 rows 81793
2026-10-07T07:40:40.2669988Z V15_BREADTH_MAP DEV 4 / 4
2026-10-07T07:40:40.6002691Z V15_BREADTH_MAP_DONE DEV shard 1 sources 4 rows 81793
2026-10-07T07:40:40.9680109Z V15_BREADTH_MAP DEV 4 / 4
2026-10-07T07:40:41.3043731Z V15_BREADTH_MAP_DONE DEV shard 2 sources 4 rows 81793
2026-10-07T07:40:41.6732332Z V15_BREADTH_MAP DEV 4 / 4
2026-10-07T07:40:42.0079964Z V15_BREADTH_MAP_DONE DEV shard 3 sources 4 rows 81793
2026-10-07T07:40:42.3743821Z V15_BREADTH_MAP DEV 4 / 4
2026-10-07T07:40:42.7070463Z V15_BREADTH_MAP_DONE DEV shard 4 sources 4 rows 81793
2026-10-07T07:40:43.0774502Z V15_BREADTH_MAP DEV 4 / 4
2026-10-07T07:40:43.4099994Z V15_BREADTH_MAP_DONE DEV shard 5 sources 4 rows 81793
2026-10-07T07:40:43.7766800Z V15_BREADTH_MAP DEV 4 / 4
2026-10-07T07:40:44.1094765Z V15_BREADTH_MAP_DONE DEV shard 6 sources 4 rows 81793
2026-10-07T07:40:44.4812736Z V15_BREADTH_MAP DEV 4 / 4
2026-10-07T07:40:44.8141539Z V15_BREADTH_MAP_DONE DEV shard 7 sources 4 rows 81793
2026-10-07T07:40:45.3957424Z V15_GLOBAL_BREADTH_FROZEN DEV sources 32 rows 81793 sha256 c56f804c8948f76a8dbc514485675ee6cee2809cbdd6c3d8921afa85fcb04c75
2026-10-07T07:40:45.4798118Z V15_BREADTH_RECOVERY_SCAN DEV 4 / 4 parameterized_outcomes 0
2026-10-07T07:40:45.4830764Z V15_BREADTH_RECOVERY_SCAN_DONE DEV 0 chronology_exclusions 0
2026-10-07T07:40:45.5655522Z V15_BREADTH_RECOVERY_SCAN DEV 4 / 4 parameterized_outcomes 0
2026-10-07T07:40:45.5687783Z V15_BREADTH_RECOVERY_SCAN_DONE DEV 0 chronology_exclusions 0
2026-10-07T07:40:45.6489435Z V15_BREADTH_RECOVERY_SCAN DEV 4 / 4 parameterized_outcomes 0
2026-10-07T07:40:45.6521637Z V15_BREADTH_RECOVERY_SCAN_DONE DEV 0 chronology_exclusions 0
2026-10-07T07:40:45.7328744Z V15_BREADTH_RECOVERY_SCAN DEV 4 / 4 parameterized_outcomes 0
2026-10-07T07:40:45.7360599Z V15_BREADTH_RECOVERY_SCAN_DONE DEV 0 chronology_exclusions 0
2026-10-07T07:40:45.8166268Z V15_BREADTH_RECOVERY_SCAN DEV 4 / 4 parameterized_outcomes 0
2026-10-07T07:40:45.8195879Z V15_BREADTH_RECOVERY_SCAN_DONE DEV 0 chronology_exclusions 0
2026-10-07T07:40:45.9001444Z V15_BREADTH_RECOVERY_SCAN DEV 4 / 4 parameterized_outcomes 0
2026-10-07T07:40:45.9032847Z V15_BREADTH_RECOVERY_SCAN_DONE DEV 0 chronology_exclusions 0
2026-10-07T07:40:45.9839998Z V15_BREADTH_RECOVERY_SCAN DEV 4 / 4 parameterized_outcomes 0
2026-10-07T07:40:45.9871669Z V15_BREADTH_RECOVERY_SCAN_DONE DEV 0 chronology_exclusions 0
2026-10-07T07:40:46.0688114Z V15_BREADTH_RECOVERY_SCAN DEV 4 / 4 parameterized_outcomes 0
2026-10-07T07:40:46.0721382Z V15_BREADTH_RECOVERY_SCAN_DONE DEV 0 chronology_exclusions 0
2026-10-07T07:40:46.5394544Z V15_BREADTH_RECOVERY_SELECT {"status": "NO_DEVELOPMENT_POLICY_SURVIVOR", "cells_examined": 96, "selected": [], "policies": [], "union_name": "MARKET_BREADTH_RECOVERY_UNION", "source_context_sha256": "1991f5e71751271b483ad27f63726b8ffe40a5da7d2db86c83f41193dfc564f3", "development_breadth_data_sha256": "c56f804c8948f76a8dbc514485675ee6cee2809cbdd6c3d8921afa85fcb04c75", "development_breadth_manifest_sha256": "37e38171d08af92c4362b2262ff10b069ce59950f612b8679fc31ec0bb185493", "source_symbols": 32, "economic_surviving_cells": 0, "rejection_counts": {"N_LT_300": 96, "SYMBOLS_LT_10": 96, "TOP_SYMBOL_GT_30PCT": 96, "NET40_MEAN_BP_NONPOSITIVE": 96, "NET40_R_MEAN_NONPOSITIVE": 96, "2021_N": 96, "2021_DATES": 96, "2021_net40_R_NONPOSITIVE": 96, "2021_net40_mean_bp_NONPOSITIVE": 96, "2021_day_R_NONPOSITIVE": 96, "2022_N": 96, "2022_DATES": 96, "2022_net40_R_NONPOSITIVE": 96, "2022_net40_mean_bp_NONPOSITIVE": 96, "2022_day_R_NONPOSITIVE": 96, "2023_N": 96, "2023_DATES": 96, "2023_net40_R_NONPOSITIVE": 96, "2023_net40_mean_bp_NONPOSITIVE": 96, "2023_day_R_NONPOSITIVE": 96}, "note": "Frozen global pressure withdrawal and closed recovery experiment. Overlapping diagnostics are not executable account growth."}
2026-10-07T07:40:46.5412430Z V15_SYNTHETIC_GLOBAL_PIPELINE_PASS {"synthetic_only": true, "source_files": 32, "global_map_shards": 8, "scans": 8, "all96_cells_preserved": true, "market_profitability_claim": false}
2026-10-07T07:40:46.5543613Z ok
2026-10-07T07:40:46.5548492Z test_count_sums_not_average_of_shards (test_breadth_expansion_continuation_v15.CountsContract.test_count_sums_not_average_of_shards) ... ok
2026-10-07T07:40:46.5556639Z test_exact_global_fraction (test_breadth_expansion_continuation_v15.CountsContract.test_exact_global_fraction) ... ok
2026-10-07T07:40:46.5639387Z test_feature_future_perturbation (test_breadth_expansion_continuation_v15.CountsContract.test_feature_future_perturbation) ... ok
2026-10-07T07:40:46.5645712Z test_impossible_counts_rejected (test_breadth_expansion_continuation_v15.CountsContract.test_impossible_counts_rejected) ... ok
2026-10-07T07:40:46.5652601Z test_missing_previous_not_filled (test_breadth_expansion_continuation_v15.CountsContract.test_missing_previous_not_filled) ... ok
2026-10-07T07:40:46.5656889Z test_nan_coin_not_in_denominator (test_breadth_expansion_continuation_v15.CountsContract.test_nan_coin_not_in_denominator) ... ok
2026-10-07T07:40:46.5663129Z test_no_nearest_future_match (test_breadth_expansion_continuation_v15.CountsContract.test_no_nearest_future_match) ... ok
2026-10-07T07:40:46.5668544Z test_noninteger_counts_rejected (test_breadth_expansion_continuation_v15.CountsContract.test_noninteger_counts_rejected) ... ok
2026-10-07T07:40:46.5673765Z test_time_geometry_rejected (test_breadth_expansion_continuation_v15.CountsContract.test_time_geometry_rejected) ... ok
2026-10-07T07:40:49.1587326Z test_altered_map_fails_closed (test_breadth_expansion_continuation_v15.GlobalArtifactContract.test_altered_map_fails_closed) ... ok
2026-10-07T07:40:49.1597904Z test_changed_context_fails_closed (test_breadth_expansion_continuation_v15.GlobalArtifactContract.test_changed_context_fails_closed) ... ok
2026-10-07T07:40:49.3713893Z test_duplicate_shard_fails_closed (test_breadth_expansion_continuation_v15.GlobalArtifactContract.test_duplicate_shard_fails_closed) ... ok
2026-10-07T07:40:49.9207489Z test_eight_shard_reduction_and_verified_load (test_breadth_expansion_continuation_v15.GlobalArtifactContract.test_eight_shard_reduction_and_verified_load) ... V15_GLOBAL_BREADTH_FROZEN DEV sources 32 rows 81793 sha256 061b212dd67ba864ae7370703945d2ce6bdebc7421a464c5182b5936112713b2
2026-10-07T07:40:49.9503683Z ok
2026-10-07T07:40:49.9550788Z test_missing_shard_fails_closed (test_breadth_expansion_continuation_v15.GlobalArtifactContract.test_missing_shard_fails_closed) ... ok
2026-10-07T07:40:49.9557387Z test_stage_leak_fails_closed (test_breadth_expansion_continuation_v15.GlobalArtifactContract.test_stage_leak_fails_closed) ... ok
2026-10-07T07:40:49.9617581Z test_24h_shock (test_breadth_expansion_continuation_v15.SignalContract.test_24h_shock) ... ok
2026-10-07T07:40:49.9620868Z test_actual_entry_gap_blocks (test_breadth_expansion_continuation_v15.SignalContract.test_actual_entry_gap_blocks) ... ok
2026-10-07T07:40:49.9623840Z test_adverse_gap_retained (test_breadth_expansion_continuation_v15.SignalContract.test_adverse_gap_retained) ... ok
2026-10-07T07:40:49.9626838Z test_breadth_expansion_required (test_breadth_expansion_continuation_v15.SignalContract.test_breadth_expansion_required) ... ok
2026-10-07T07:40:49.9629209Z test_btc_guard (test_breadth_expansion_continuation_v15.SignalContract.test_btc_guard) ... ok
2026-10-07T07:40:49.9632109Z test_closed_local_break_required (test_breadth_expansion_continuation_v15.SignalContract.test_closed_local_break_required) ... ok
2026-10-07T07:40:49.9634680Z test_current_coin_bar_must_be_contiguous (test_breadth_expansion_continuation_v15.SignalContract.test_current_coin_bar_must_be_contiguous) ... ok
2026-10-07T07:40:49.9637326Z test_current_coin_momentum_required (test_breadth_expansion_continuation_v15.SignalContract.test_current_coin_momentum_required) ... ok
2026-10-07T07:40:49.9639967Z test_exact_five_pp_boundary (test_breadth_expansion_continuation_v15.SignalContract.test_exact_five_pp_boundary) ... ok
2026-10-07T07:40:49.9642443Z test_favorable_gap_rejected (test_breadth_expansion_continuation_v15.SignalContract.test_favorable_gap_rejected) ... ok
2026-10-07T07:40:49.9644268Z test_fixed_grid (test_breadth_expansion_continuation_v15.SignalContract.test_fixed_grid) ... ok
2026-10-07T07:40:49.9647825Z test_flow55_long_blocks_low_buy (test_breadth_expansion_continuation_v15.SignalContract.test_flow55_long_blocks_low_buy) ... ok
2026-10-07T07:40:49.9651639Z test_future_high_low_close_irrelevant_to_entry (test_breadth_expansion_continuation_v15.SignalContract.test_future_high_low_close_irrelevant_to_entry) ... ok
2026-10-07T07:40:49.9654326Z test_long_expansion_continuation (test_breadth_expansion_continuation_v15.SignalContract.test_long_expansion_continuation) ... ok
2026-10-07T07:40:49.9657326Z test_low_universe_missing_fraction_blocks (test_breadth_expansion_continuation_v15.SignalContract.test_low_universe_missing_fraction_blocks) ... ok
2026-10-07T07:40:49.9659701Z test_previous_universe_under_thirty_blocks (test_breadth_expansion_continuation_v15.SignalContract.test_previous_universe_under_thirty_blocks) ... ok
2026-10-07T07:40:49.9662510Z test_price_only_ignores_buy_share (test_breadth_expansion_continuation_v15.SignalContract.test_price_only_ignores_buy_share) ... ok
2026-10-07T07:40:49.9665360Z test_short_expansion_continuation (test_breadth_expansion_continuation_v15.SignalContract.test_short_expansion_continuation) ... ok
2026-10-07T07:40:49.9668434Z test_stop_above_sixpct_rejected (test_breadth_expansion_continuation_v15.SignalContract.test_stop_above_sixpct_rejected) ... ok
2026-10-07T07:40:49.9671049Z test_stop_floor (test_breadth_expansion_continuation_v15.SignalContract.test_stop_floor) ... ok
2026-10-07T07:40:49.9673944Z test_threshold_crossing_required (test_breadth_expansion_continuation_v15.SignalContract.test_threshold_crossing_required) ... ok
2026-10-07T07:40:49.9679768Z test_trailing_policy_uses_canonical_resolver (test_breadth_expansion_continuation_v15.SignalContract.test_trailing_policy_uses_canonical_resolver) ... ok
2026-10-07T07:40:49.9720351Z test_independent_costs_and_R (test_market_breadth_recovery_v14.AuditArithmeticContract.test_independent_costs_and_R) ... ok
2026-10-07T07:40:50.9649091Z test_source_check_inside_scan_output_real_pipeline (test_market_breadth_recovery_v14.AuditArithmeticContract.test_source_check_inside_scan_output_real_pipeline) ... V14_BREADTH_MAP DEV 4 / 4
2026-10-07T07:40:51.2973474Z V14_BREADTH_MAP_DONE DEV shard 0 sources 4 rows 81793
2026-10-07T07:40:51.6652878Z V14_BREADTH_MAP DEV 4 / 4
2026-10-07T07:40:51.9990567Z V14_BREADTH_MAP_DONE DEV shard 1 sources 4 rows 81793
2026-10-07T07:40:52.3680795Z V14_BREADTH_MAP DEV 4 / 4
2026-10-07T07:40:52.7013756Z V14_BREADTH_MAP_DONE DEV shard 2 sources 4 rows 81793
2026-10-07T07:40:53.0699642Z V14_BREADTH_MAP DEV 4 / 4
2026-10-07T07:40:53.4051107Z V14_BREADTH_MAP_DONE DEV shard 3 sources 4 rows 81793
2026-10-07T07:40:53.7752783Z V14_BREADTH_MAP DEV 4 / 4
2026-10-07T07:40:54.1078266Z V14_BREADTH_MAP_DONE DEV shard 4 sources 4 rows 81793
2026-10-07T07:40:54.4754558Z V14_BREADTH_MAP DEV 4 / 4
2026-10-07T07:40:54.8160502Z V14_BREADTH_MAP_DONE DEV shard 5 sources 4 rows 81793
2026-10-07T07:40:55.1873942Z V14_BREADTH_MAP DEV 4 / 4
2026-10-07T07:40:55.5219822Z V14_BREADTH_MAP_DONE DEV shard 6 sources 4 rows 81793
2026-10-07T07:40:55.9005993Z V14_BREADTH_MAP DEV 4 / 4
2026-10-07T07:40:56.2327382Z V14_BREADTH_MAP_DONE DEV shard 7 sources 4 rows 81793
2026-10-07T07:40:56.8056050Z V14_GLOBAL_BREADTH_FROZEN DEV sources 32 rows 81793 sha256 c56f804c8948f76a8dbc514485675ee6cee2809cbdd6c3d8921afa85fcb04c75
2026-10-07T07:40:56.8900818Z V14_BREADTH_RECOVERY_SCAN DEV 4 / 4 parameterized_outcomes 0
2026-10-07T07:40:56.8932602Z V14_BREADTH_RECOVERY_SCAN_DONE DEV 0 chronology_exclusions 0
2026-10-07T07:40:56.9768826Z V14_BREADTH_RECOVERY_SCAN DEV 4 / 4 parameterized_outcomes 0
2026-10-07T07:40:56.9801002Z V14_BREADTH_RECOVERY_SCAN_DONE DEV 0 chronology_exclusions 0
2026-10-07T07:40:57.0628860Z V14_BREADTH_RECOVERY_SCAN DEV 4 / 4 parameterized_outcomes 0
2026-10-07T07:40:57.0661746Z V14_BREADTH_RECOVERY_SCAN_DONE DEV 0 chronology_exclusions 0
2026-10-07T07:40:57.1491104Z V14_BREADTH_RECOVERY_SCAN DEV 4 / 4 parameterized_outcomes 0
2026-10-07T07:40:57.1523175Z V14_BREADTH_RECOVERY_SCAN_DONE DEV 0 chronology_exclusions 0
2026-10-07T07:40:57.2344760Z V14_BREADTH_RECOVERY_SCAN DEV 4 / 4 parameterized_outcomes 0
2026-10-07T07:40:57.2376959Z V14_BREADTH_RECOVERY_SCAN_DONE DEV 0 chronology_exclusions 0
2026-10-07T07:40:57.3205678Z V14_BREADTH_RECOVERY_SCAN DEV 4 / 4 parameterized_outcomes 0
2026-10-07T07:40:57.3236067Z V14_BREADTH_RECOVERY_SCAN_DONE DEV 0 chronology_exclusions 0
2026-10-07T07:40:57.4075987Z V14_BREADTH_RECOVERY_SCAN DEV 4 / 4 parameterized_outcomes 0
2026-10-07T07:40:57.4106013Z V14_BREADTH_RECOVERY_SCAN_DONE DEV 0 chronology_exclusions 0
2026-10-07T07:40:57.4930456Z V14_BREADTH_RECOVERY_SCAN DEV 4 / 4 parameterized_outcomes 0
2026-10-07T07:40:57.4961042Z V14_BREADTH_RECOVERY_SCAN_DONE DEV 0 chronology_exclusions 0
2026-10-07T07:40:57.9744067Z V14_BREADTH_RECOVERY_SELECT {"status": "NO_DEVELOPMENT_POLICY_SURVIVOR", "cells_examined": 96, "selected": [], "policies": [], "union_name": "MARKET_BREADTH_RECOVERY_UNION", "source_context_sha256": "1991f5e71751271b483ad27f63726b8ffe40a5da7d2db86c83f41193dfc564f3", "development_breadth_data_sha256": "c56f804c8948f76a8dbc514485675ee6cee2809cbdd6c3d8921afa85fcb04c75", "development_breadth_manifest_sha256": "a33c6c15e1a711022cec584eaa5942aa90a9ad0a3da18087ddb45f54b30efd5b", "source_symbols": 32, "economic_surviving_cells": 0, "rejection_counts": {"N_LT_300": 96, "SYMBOLS_LT_10": 96, "TOP_SYMBOL_GT_30PCT": 96, "NET40_MEAN_BP_NONPOSITIVE": 96, "NET40_R_MEAN_NONPOSITIVE": 96, "2021_N": 96, "2021_DATES": 96, "2021_net40_R_NONPOSITIVE": 96, "2021_net40_mean_bp_NONPOSITIVE": 96, "2021_day_R_NONPOSITIVE": 96, "2022_N": 96, "2022_DATES": 96, "2022_net40_R_NONPOSITIVE": 96, "2022_net40_mean_bp_NONPOSITIVE": 96, "2022_day_R_NONPOSITIVE": 96, "2023_N": 96, "2023_DATES": 96, "2023_net40_R_NONPOSITIVE": 96, "2023_net40_mean_bp_NONPOSITIVE": 96, "2023_day_R_NONPOSITIVE": 96}, "note": "Frozen global pressure withdrawal and closed recovery experiment. Overlapping diagnostics are not executable account growth."}
2026-10-07T07:40:57.9764866Z V14_SYNTHETIC_GLOBAL_PIPELINE_PASS {"synthetic_only": true, "source_files": 32, "global_map_shards": 8, "scans": 8, "all96_cells_preserved": true, "market_profitability_claim": false}
2026-10-07T07:40:57.9900155Z ok
2026-10-07T07:40:57.9904792Z test_count_sums_not_average_of_shards (test_market_breadth_recovery_v14.CountsContract.test_count_sums_not_average_of_shards) ... ok
2026-10-07T07:40:57.9915798Z test_exact_global_fraction (test_market_breadth_recovery_v14.CountsContract.test_exact_global_fraction) ... ok
2026-10-07T07:40:57.9999373Z test_feature_future_perturbation (test_market_breadth_recovery_v14.CountsContract.test_feature_future_perturbation) ... ok
2026-10-07T07:40:58.0007256Z test_impossible_counts_rejected (test_market_breadth_recovery_v14.CountsContract.test_impossible_counts_rejected) ... ok
2026-10-07T07:40:58.0014722Z test_missing_previous_not_filled (test_market_breadth_recovery_v14.CountsContract.test_missing_previous_not_filled) ... ok
2026-10-07T07:40:58.0019856Z test_nan_coin_not_in_denominator (test_market_breadth_recovery_v14.CountsContract.test_nan_coin_not_in_denominator) ... ok
2026-10-07T07:40:58.0027212Z test_no_nearest_future_match (test_market_breadth_recovery_v14.CountsContract.test_no_nearest_future_match) ... ok
2026-10-07T07:40:58.0033106Z test_noninteger_counts_rejected (test_market_breadth_recovery_v14.CountsContract.test_noninteger_counts_rejected) ... ok
2026-10-07T07:40:58.0039420Z test_time_geometry_rejected (test_market_breadth_recovery_v14.CountsContract.test_time_geometry_rejected) ... ok
2026-10-07T07:41:00.5966666Z test_altered_map_fails_closed (test_market_breadth_recovery_v14.GlobalArtifactContract.test_altered_map_fails_closed) ... ok
2026-10-07T07:41:00.5980796Z test_changed_context_fails_closed (test_market_breadth_recovery_v14.GlobalArtifactContract.test_changed_context_fails_closed) ... ok
2026-10-07T07:41:00.8128120Z test_duplicate_shard_fails_closed (test_market_breadth_recovery_v14.GlobalArtifactContract.test_duplicate_shard_fails_closed) ... ok
2026-10-07T07:41:01.3521722Z test_eight_shard_reduction_and_verified_load (test_market_breadth_recovery_v14.GlobalArtifactContract.test_eight_shard_reduction_and_verified_load) ... V14_GLOBAL_BREADTH_FROZEN DEV sources 32 rows 81793 sha256 061b212dd67ba864ae7370703945d2ce6bdebc7421a464c5182b5936112713b2
2026-10-07T07:41:01.3836284Z ok
2026-10-07T07:41:01.3882390Z test_missing_shard_fails_closed (test_market_breadth_recovery_v14.GlobalArtifactContract.test_missing_shard_fails_closed) ... ok
2026-10-07T07:41:01.3889206Z test_stage_leak_fails_closed (test_market_breadth_recovery_v14.GlobalArtifactContract.test_stage_leak_fails_closed) ... ok
2026-10-07T07:41:01.3948444Z test_24h_shock (test_market_breadth_recovery_v14.SignalContract.test_24h_shock) ... ok
2026-10-07T07:41:01.3952186Z test_actual_entry_gap_blocks (test_market_breadth_recovery_v14.SignalContract.test_actual_entry_gap_blocks) ... ok
2026-10-07T07:41:01.3955894Z test_adverse_gap_retained (test_market_breadth_recovery_v14.SignalContract.test_adverse_gap_retained) ... ok
2026-10-07T07:41:01.3959405Z test_btc_guard (test_market_breadth_recovery_v14.SignalContract.test_btc_guard) ... ok
2026-10-07T07:41:01.3962820Z test_closed_local_break_required (test_market_breadth_recovery_v14.SignalContract.test_closed_local_break_required) ... ok
2026-10-07T07:41:01.3966600Z test_exact_five_pp_boundary (test_market_breadth_recovery_v14.SignalContract.test_exact_five_pp_boundary) ... ok
2026-10-07T07:41:01.3970061Z test_favorable_gap_rejected (test_market_breadth_recovery_v14.SignalContract.test_favorable_gap_rejected) ... ok
2026-10-07T07:41:01.3972705Z test_fixed_grid (test_market_breadth_recovery_v14.SignalContract.test_fixed_grid) ... ok
2026-10-07T07:41:01.3976396Z test_flow55_long_blocks_low_buy (test_market_breadth_recovery_v14.SignalContract.test_flow55_long_blocks_low_buy) ... ok
2026-10-07T07:41:01.3981097Z test_future_high_low_close_irrelevant_to_entry (test_market_breadth_recovery_v14.SignalContract.test_future_high_low_close_irrelevant_to_entry) ... ok
2026-10-07T07:41:01.3984426Z test_long_recovery (test_market_breadth_recovery_v14.SignalContract.test_long_recovery) ... ok
2026-10-07T07:41:01.3988049Z test_low_universe_missing_fraction_blocks (test_market_breadth_recovery_v14.SignalContract.test_low_universe_missing_fraction_blocks) ... ok
2026-10-07T07:41:01.3991052Z test_pressure_drop_required (test_market_breadth_recovery_v14.SignalContract.test_pressure_drop_required) ... ok
2026-10-07T07:41:01.3994204Z test_previous_coin_gap_blocks (test_market_breadth_recovery_v14.SignalContract.test_previous_coin_gap_blocks) ... ok
2026-10-07T07:41:01.3997802Z test_previous_universe_under_thirty_blocks (test_market_breadth_recovery_v14.SignalContract.test_previous_universe_under_thirty_blocks) ... ok
2026-10-07T07:41:01.4001137Z test_price_only_ignores_buy_share (test_market_breadth_recovery_v14.SignalContract.test_price_only_ignores_buy_share) ... ok
2026-10-07T07:41:01.4004311Z test_prior_coin_shock_required (test_market_breadth_recovery_v14.SignalContract.test_prior_coin_shock_required) ... ok
2026-10-07T07:41:01.4008394Z test_prior_pressure_threshold (test_market_breadth_recovery_v14.SignalContract.test_prior_pressure_threshold) ... ok
2026-10-07T07:41:01.4011773Z test_short_recovery (test_market_breadth_recovery_v14.SignalContract.test_short_recovery) ... ok
2026-10-07T07:41:01.4015250Z test_stop_above_sixpct_rejected (test_market_breadth_recovery_v14.SignalContract.test_stop_above_sixpct_rejected) ... ok
2026-10-07T07:41:01.4018752Z test_stop_floor (test_market_breadth_recovery_v14.SignalContract.test_stop_floor) ... ok
2026-10-07T07:41:01.4025257Z test_trailing_policy_uses_canonical_resolver (test_market_breadth_recovery_v14.SignalContract.test_trailing_policy_uses_canonical_resolver) ... ok
2026-10-07T07:41:01.4027547Z test_btc_missing_endpoint_is_unavailable (test_breakout_level_retest_v13.FeatureTests.test_btc_missing_endpoint_is_unavailable) ... ok
2026-10-07T07:41:01.4099025Z test_channel_and_volume_restart_after_gap (test_breakout_level_retest_v13.FeatureTests.test_channel_and_volume_restart_after_gap) ... ok
2026-10-07T07:41:01.4178000Z test_current_breakout_cannot_change_its_prior_level_baseline_or_atr (test_breakout_level_retest_v13.FeatureTests.test_current_breakout_cannot_change_its_prior_level_baseline_or_atr) ... ok
2026-10-07T07:41:01.4181906Z test_fixed_grid_and_holds (test_breakout_level_retest_v13.FeatureTests.test_fixed_grid_and_holds) ... ok
2026-10-07T07:41:01.4285957Z test_future_perturbation_preserves_prefix_features_and_signal (test_breakout_level_retest_v13.FeatureTests.test_future_perturbation_preserves_prefix_features_and_signal) ... ok
2026-10-07T07:41:01.4328835Z test_independent_prior_channel_quote_and_atr_cutoffs (test_breakout_level_retest_v13.FeatureTests.test_independent_prior_channel_quote_and_atr_cutoffs) ... ok
2026-10-07T07:41:01.4361092Z test_actual_entry_minute_tp_loses_and_later_chronology_is_honored (test_breakout_level_retest_v13.FillExitTests.test_actual_entry_minute_tp_loses_and_later_chronology_is_honored) ... ok
2026-10-07T07:41:01.4365602Z test_actual_fill_structural_stop_priority_and_time_cutoffs (test_breakout_level_retest_v13.FillExitTests.test_actual_fill_structural_stop_priority_and_time_cutoffs) ... ok
2026-10-07T07:41:01.4373141Z test_adverse_fill_is_retained_favourable_catchup_and_wrong_side_are_excluded (test_breakout_level_retest_v13.FillExitTests.test_adverse_fill_is_retained_favourable_catchup_and_wrong_side_are_excluded) ... ok
2026-10-07T07:41:01.4375830Z test_cooldown_independent_of_exit (test_breakout_level_retest_v13.FillExitTests.test_cooldown_independent_of_exit) ... ok
2026-10-07T07:41:01.4380027Z test_entry_timestamp_gap_and_split_cutoff (test_breakout_level_retest_v13.FillExitTests.test_entry_timestamp_gap_and_split_cutoff) ... ok
2026-10-07T07:41:01.4387850Z test_floor_and_maximum_stop_risk_use_actual_fill (test_breakout_level_retest_v13.FillExitTests.test_floor_and_maximum_stop_risk_use_actual_fill) ... ok
2026-10-07T07:41:01.4395586Z test_missing_minute_and_mismatched_entry_never_fabricate_pnl (test_breakout_level_retest_v13.FillExitTests.test_missing_minute_and_mismatched_entry_never_fabricate_pnl) ... ok
2026-10-07T07:41:01.4405542Z test_tp_levels_and_independent_fee_funding_math (test_breakout_level_retest_v13.FillExitTests.test_tp_levels_and_independent_fee_funding_math) ... ok
2026-10-07T07:41:01.7293469Z test_all96_including_zero_and_frozen_selection (test_breakout_level_retest_v13.SelectionSourceTests.test_all96_including_zero_and_frozen_selection) ... V13_RETEST_SELECT {"status": "ACCOUNT_REPLAY_REQUIRED", "cells_examined": 96, "selected": [{"key": "RETEST_S+1_N96_WAIT8_ANY", "side": 1, "window": 96, "wait": 8, "participation": "ANY", "hold": 48, "exit_type": "TP2", "policy": "RETEST_S+1_N96_WAIT8_ANY__H48__TP2", "development_net40_R": 0.5, "development_worst_year_day_R": 0.5}], "policies": [{"key": "RETEST_S+1_N96_WAIT8_ANY", "side": 1, "window": 96, "wait": 8, "participation": "ANY", "hold": 48, "exit_type": "TP2", "policy": "RETEST_S+1_N96_WAIT8_ANY__H48__TP2", "development_net40_R": 0.5, "development_worst_year_day_R": 0.5}], "union_name": "BREAKOUT_LEVEL_RETEST_UNION", "source_context_sha256": "91835c8f0b86a06046841c757e76202fc5e0b602e5b17bc471966e49ab762c95", "source_symbols": 16, "economic_surviving_cells": 1, "rejection_counts": {"N_LT_300": 95, "SYMBOLS_LT_10": 95, "TOP_SYMBOL_GT_30PCT": 95, "NET40_MEAN_BP_NONPOSITIVE": 95, "NET40_R_MEAN_NONPOSITIVE": 95, "2021_N": 95, "2021_DATES": 95, "2021_net40_R_NONPOSITIVE": 95, "2021_net40_mean_bp_NONPOSITIVE": 95, "2021_day_R_NONPOSITIVE": 95, "2022_N": 95, "2022_DATES": 95, "2022_net40_R_NONPOSITIVE": 95, "2022_net40_mean_bp_NONPOSITIVE": 95, "2022_day_R_NONPOSITIVE": 95, "2023_N": 95, "2023_DATES": 95, "2023_net40_R_NONPOSITIVE": 95, "2023_net40_mean_bp_NONPOSITIVE": 95, "2023_day_R_NONPOSITIVE": 95}, "note": "Frozen breakout level and closed retest experiment. Overlapping diagnostics are not executable account growth."}
2026-10-07T07:41:01.7329879Z ok
2026-10-07T07:41:01.9816123Z test_empty_preserves_all96_zero_cells (test_breakout_level_retest_v13.SelectionSourceTests.test_empty_preserves_all96_zero_cells) ... V13_RETEST_SELECT {"status": "NO_DEVELOPMENT_POLICY_SURVIVOR", "cells_examined": 96, "selected": [], "policies": [], "union_name": "BREAKOUT_LEVEL_RETEST_UNION", "source_context_sha256": "91835c8f0b86a06046841c757e76202fc5e0b602e5b17bc471966e49ab762c95", "source_symbols": 16, "economic_surviving_cells": 0, "rejection_counts": {"N_LT_300": 96, "SYMBOLS_LT_10": 96, "TOP_SYMBOL_GT_30PCT": 96, "NET40_MEAN_BP_NONPOSITIVE": 96, "NET40_R_MEAN_NONPOSITIVE": 96, "2021_N": 96, "2021_DATES": 96, "2021_net40_R_NONPOSITIVE": 96, "2021_net40_mean_bp_NONPOSITIVE": 96, "2021_day_R_NONPOSITIVE": 96, "2022_N": 96, "2022_DATES": 96, "2022_net40_R_NONPOSITIVE": 96, "2022_net40_mean_bp_NONPOSITIVE": 96, "2022_day_R_NONPOSITIVE": 96, "2023_N": 96, "2023_DATES": 96, "2023_net40_R_NONPOSITIVE": 96, "2023_net40_mean_bp_NONPOSITIVE": 96, "2023_day_R_NONPOSITIVE": 96}, "note": "Frozen breakout level and closed retest experiment. Overlapping diagnostics are not executable account growth."}
2026-10-07T07:41:01.9847160Z ok
2026-10-07T07:41:02.1413014Z test_incomplete_duplicate_or_tampered_shards_fail_closed (test_breakout_level_retest_v13.SelectionSourceTests.test_incomplete_duplicate_or_tampered_shards_fail_closed) ... ok
2026-10-07T07:41:02.4050136Z test_negative_or_clustered_active_dates_fail (test_breakout_level_retest_v13.SelectionSourceTests.test_negative_or_clustered_active_dates_fail) ... V13_RETEST_SELECT {"status": "NO_DEVELOPMENT_POLICY_SURVIVOR", "cells_examined": 96, "selected": [], "policies": [], "union_name": "BREAKOUT_LEVEL_RETEST_UNION", "source_context_sha256": "91835c8f0b86a06046841c757e76202fc5e0b602e5b17bc471966e49ab762c95", "source_symbols": 16, "economic_surviving_cells": 0, "rejection_counts": {"TOP_SYMBOL_GT_30PCT": 96, "NET40_MEAN_BP_NONPOSITIVE": 96, "2021_net40_mean_bp_NONPOSITIVE": 96, "2022_net40_mean_bp_NONPOSITIVE": 96, "2023_net40_mean_bp_NONPOSITIVE": 96, "N_LT_300": 95, "SYMBOLS_LT_10": 95, "NET40_R_MEAN_NONPOSITIVE": 95, "2021_N": 95, "2021_DATES": 95, "2021_net40_R_NONPOSITIVE": 95, "2021_day_R_NONPOSITIVE": 95, "2022_N": 95, "2022_DATES": 95, "2022_net40_R_NONPOSITIVE": 95, "2022_day_R_NONPOSITIVE": 95, "2023_N": 95, "2023_DATES": 95, "2023_net40_R_NONPOSITIVE": 95, "2023_day_R_NONPOSITIVE": 95}, "note": "Frozen breakout level and closed retest experiment. Overlapping diagnostics are not executable account growth."}
2026-10-07T07:41:02.6727715Z V13_RETEST_SELECT {"status": "NO_DEVELOPMENT_POLICY_SURVIVOR", "cells_examined": 96, "selected": [], "policies": [], "union_name": "BREAKOUT_LEVEL_RETEST_UNION", "source_context_sha256": "91835c8f0b86a06046841c757e76202fc5e0b602e5b17bc471966e49ab762c95", "source_symbols": 16, "economic_surviving_cells": 0, "rejection_counts": {"NET40_R_MEAN_NONPOSITIVE": 96, "2021_net40_R_NONPOSITIVE": 96, "2021_day_R_NONPOSITIVE": 96, "2022_net40_R_NONPOSITIVE": 96, "2022_day_R_NONPOSITIVE": 96, "2023_net40_R_NONPOSITIVE": 96, "2023_day_R_NONPOSITIVE": 96, "N_LT_300": 95, "SYMBOLS_LT_10": 95, "TOP_SYMBOL_GT_30PCT": 95, "NET40_MEAN_BP_NONPOSITIVE": 95, "2021_N": 95, "2021_DATES": 95, "2021_net40_mean_bp_NONPOSITIVE": 95, "2022_N": 95, "2022_DATES": 95, "2022_net40_mean_bp_NONPOSITIVE": 95, "2023_N": 95, "2023_DATES": 95, "2023_net40_mean_bp_NONPOSITIVE": 95}, "note": "Frozen breakout level and closed retest experiment. Overlapping diagnostics are not executable account growth."}
2026-10-07T07:41:02.9420611Z V13_RETEST_SELECT {"status": "NO_DEVELOPMENT_POLICY_SURVIVOR", "cells_examined": 96, "selected": [], "policies": [], "union_name": "BREAKOUT_LEVEL_RETEST_UNION", "source_context_sha256": "91835c8f0b86a06046841c757e76202fc5e0b602e5b17bc471966e49ab762c95", "source_symbols": 16, "economic_surviving_cells": 0, "rejection_counts": {"2021_DATES": 96, "2022_DATES": 96, "2023_DATES": 96, "N_LT_300": 95, "SYMBOLS_LT_10": 95, "TOP_SYMBOL_GT_30PCT": 95, "NET40_MEAN_BP_NONPOSITIVE": 95, "NET40_R_MEAN_NONPOSITIVE": 95, "2021_N": 95, "2021_net40_R_NONPOSITIVE": 95, "2021_net40_mean_bp_NONPOSITIVE": 95, "2021_day_R_NONPOSITIVE": 95, "2022_N": 95, "2022_net40_R_NONPOSITIVE": 95, "2022_net40_mean_bp_NONPOSITIVE": 95, "2022_day_R_NONPOSITIVE": 95, "2023_N": 95, "2023_net40_R_NONPOSITIVE": 95, "2023_net40_mean_bp_NONPOSITIVE": 95, "2023_day_R_NONPOSITIVE": 95}, "note": "Frozen breakout level and closed retest experiment. Overlapping diagnostics are not executable account growth."}
2026-10-07T07:41:02.9438880Z ok
2026-10-07T07:41:02.9446882Z test_real_frozen_catalogue_has856_and256_hashes (test_breakout_level_retest_v13.SelectionSourceTests.test_real_frozen_catalogue_has856_and256_hashes) ... ok
2026-10-07T07:41:02.9463760Z test_source_verifier_rejects_market_btc_and_catalogue_changes (test_breakout_level_retest_v13.SelectionSourceTests.test_source_verifier_rejects_market_btc_and_catalogue_changes) ... ok
2026-10-07T07:41:03.7143498Z test_synthetic_eight_file_shard_pipeline (test_breakout_level_retest_v13.SelectionSourceTests.test_synthetic_eight_file_shard_pipeline) ... V13_RETEST_SCAN DEV 1 / 1 parameterized_outcomes 0
2026-10-07T07:41:03.7172812Z V13_RETEST_SCAN_DONE DEV 0 chronology_exclusions 0
2026-10-07T07:41:03.7468357Z V13_RETEST_SCAN DEV 1 / 1 parameterized_outcomes 0
2026-10-07T07:41:03.7499396Z V13_RETEST_SCAN_DONE DEV 0 chronology_exclusions 0
2026-10-07T07:41:03.7803647Z V13_RETEST_SCAN DEV 1 / 1 parameterized_outcomes 0
2026-10-07T07:41:03.7834641Z V13_RETEST_SCAN_DONE DEV 0 chronology_exclusions 0
2026-10-07T07:41:03.8128219Z V13_RETEST_SCAN DEV 1 / 1 parameterized_outcomes 0
2026-10-07T07:41:03.8160712Z V13_RETEST_SCAN_DONE DEV 0 chronology_exclusions 0
2026-10-07T07:41:03.8465860Z V13_RETEST_SCAN DEV 1 / 1 parameterized_outcomes 0
2026-10-07T07:41:03.8499121Z V13_RETEST_SCAN_DONE DEV 0 chronology_exclusions 0
2026-10-07T07:41:03.8808472Z V13_RETEST_SCAN DEV 1 / 1 parameterized_outcomes 0
2026-10-07T07:41:03.8840385Z V13_RETEST_SCAN_DONE DEV 0 chronology_exclusions 0
2026-10-07T07:41:03.9148032Z V13_RETEST_SCAN DEV 1 / 1 parameterized_outcomes 0
2026-10-07T07:41:03.9179465Z V13_RETEST_SCAN_DONE DEV 0 chronology_exclusions 0
2026-10-07T07:41:03.9483477Z V13_RETEST_SCAN DEV 1 / 1 parameterized_outcomes 0
2026-10-07T07:41:03.9514544Z V13_RETEST_SCAN_DONE DEV 0 chronology_exclusions 0
2026-10-07T07:41:04.1865929Z V13_RETEST_SELECT {"status": "NO_DEVELOPMENT_POLICY_SURVIVOR", "cells_examined": 96, "selected": [], "policies": [], "union_name": "BREAKOUT_LEVEL_RETEST_UNION", "source_context_sha256": "1c522f3385d9ae156466a103618e56d6fe408b19f9640acb0f9ed4c0cfbc9afc", "source_symbols": 8, "economic_surviving_cells": 0, "rejection_counts": {"N_LT_300": 96, "SYMBOLS_LT_10": 96, "TOP_SYMBOL_GT_30PCT": 96, "NET40_MEAN_BP_NONPOSITIVE": 96, "NET40_R_MEAN_NONPOSITIVE": 96, "2021_N": 96, "2021_DATES": 96, "2021_net40_R_NONPOSITIVE": 96, "2021_net40_mean_bp_NONPOSITIVE": 96, "2021_day_R_NONPOSITIVE": 96, "2022_N": 96, "2022_DATES": 96, "2022_net40_R_NONPOSITIVE": 96, "2022_net40_mean_bp_NONPOSITIVE": 96, "2022_day_R_NONPOSITIVE": 96, "2023_N": 96, "2023_DATES": 96, "2023_net40_R_NONPOSITIVE": 96, "2023_net40_mean_bp_NONPOSITIVE": 96, "2023_day_R_NONPOSITIVE": 96}, "note": "Frozen breakout level and closed retest experiment. Overlapping diagnostics are not executable account growth."}
2026-10-07T07:41:04.1886214Z V13_SYNTHETIC_PIPELINE_PASS {"synthetic_only": true, "scans": 8, "all96_cells_preserved": true, "market_profitability_claim": false}
2026-10-07T07:41:04.1954945Z ok
2026-10-07T07:41:04.1965551Z test_breakout_guards_are_checked_before_state_creation (test_breakout_level_retest_v13.SnapshotTests.test_breakout_guards_are_checked_before_state_creation) ... ok
2026-10-07T07:41:04.1970169Z test_failed_close_cancels_before_retest (test_breakout_level_retest_v13.SnapshotTests.test_failed_close_cancels_before_retest) ... ok
2026-10-07T07:41:04.1975111Z test_first_retest_consumes_snapshot_and_invalid_fill_cannot_retry (test_breakout_level_retest_v13.SnapshotTests.test_first_retest_consumes_snapshot_and_invalid_fill_cannot_retry) ... ok
2026-10-07T07:41:04.1981005Z test_lowvolume_arithmetic_mean_excludes_breakout_and_uses_frozen_baseline (test_breakout_level_retest_v13.SnapshotTests.test_lowvolume_arithmetic_mean_excludes_breakout_and_uses_frozen_baseline) ... ok
2026-10-07T07:41:04.1986324Z test_maximum_wait_is_inclusive_and_expired_snapshot_cannot_signal (test_breakout_level_retest_v13.SnapshotTests.test_maximum_wait_is_inclusive_and_expired_snapshot_cannot_signal) ... ok
2026-10-07T07:41:04.1992640Z test_mirrored_sides_and_minimum_wait (test_breakout_level_retest_v13.SnapshotTests.test_mirrored_sides_and_minimum_wait) ... ok
2026-10-07T07:41:04.2005891Z test_retest_touch_recovery_body_clv_and_market_guards (test_breakout_level_retest_v13.SnapshotTests.test_retest_touch_recovery_body_clv_and_market_guards) ... ok
2026-10-07T07:41:04.2009361Z test_snapshot_ignores_new_breakout_and_keeps_original_level_atr_baseline (test_breakout_level_retest_v13.SnapshotTests.test_snapshot_ignores_new_breakout_and_keeps_original_level_atr_baseline) ... ok
2026-10-07T07:41:04.2011553Z test_source_gap_clears_snapshot (test_breakout_level_retest_v13.SnapshotTests.test_source_gap_clears_snapshot) ... ok
2026-10-07T07:41:04.2013195Z test_unknown_participation_fails_closed (test_breakout_level_retest_v13.SnapshotTests.test_unknown_participation_fails_closed) ... ok
2026-10-07T07:41:04.2020985Z test_canonical_gap_return_not_changed_by_retention (test_taker_absorption_release_v12.FailedOriginalTests.test_canonical_gap_return_not_changed_by_retention) ... ok
2026-10-07T07:41:04.2033314Z test_malformed_bytes_retained_without_inventing_validity (test_taker_absorption_release_v12.FailedOriginalTests.test_malformed_bytes_retained_without_inventing_validity) ... ok
2026-10-07T07:41:04.2051441Z test_tamper_failed_zip_and_checksum_rejected_with_bytes_saved (test_taker_absorption_release_v12.FailedOriginalTests.test_tamper_failed_zip_and_checksum_rejected_with_bytes_saved) ... ok
2026-10-07T07:41:04.2054048Z test_exact_btc_alignment_missing_prior_never_filled (test_taker_absorption_release_v12.FeatureTests.test_exact_btc_alignment_missing_prior_never_filled) ... ok
2026-10-07T07:41:04.2270869Z test_future_mutation_does_not_change_features_or_existing_intents (test_taker_absorption_release_v12.FeatureTests.test_future_mutation_does_not_change_features_or_existing_intents) ... ok
2026-10-07T07:41:04.2426299Z test_gap_restarts_setup_and_pre_setup_volume (test_taker_absorption_release_v12.FeatureTests.test_gap_restarts_setup_and_pre_setup_volume) ... ok
2026-10-07T07:41:04.2433468Z test_grid_sixteen_entries_ninety_six_policies (test_taker_absorption_release_v12.FeatureTests.test_grid_sixteen_entries_ninety_six_policies) ... ok
2026-10-07T07:41:04.2521045Z test_independent_setup_window_volume_weighting_and_cutoffs (test_taker_absorption_release_v12.FeatureTests.test_independent_setup_window_volume_weighting_and_cutoffs) ... ok
2026-10-07T07:41:04.2687294Z test_release_bar_cannot_change_its_setup_or_prior_atr (test_taker_absorption_release_v12.FeatureTests.test_release_bar_cannot_change_its_setup_or_prior_atr) ... ok
2026-10-07T07:41:04.5567296Z test_all96_including_zero_and_frozen_selection (test_taker_absorption_release_v12.SelectionSourceTests.test_all96_including_zero_and_frozen_selection) ... V12_ABSORPTION_SELECT {"status": "ACCOUNT_REPLAY_REQUIRED", "cells_examined": 96, "selected": [{"key": "ABSORB_S+1_W4_Q60_PRICE_ONLY", "side": 1, "window": 4, "share": 0.6, "flow": "PRICE_ONLY", "hold": 16, "exit_type": "TP2", "policy": "ABSORB_S+1_W4_Q60_PRICE_ONLY__H16__TP2", "development_net40_R": 0.5, "development_worst_year_day_R": 0.5}], "policies": [{"key": "ABSORB_S+1_W4_Q60_PRICE_ONLY", "side": 1, "window": 4, "share": 0.6, "flow": "PRICE_ONLY", "hold": 16, "exit_type": "TP2", "policy": "ABSORB_S+1_W4_Q60_PRICE_ONLY__H16__TP2", "development_net40_R": 0.5, "development_worst_year_day_R": 0.5}], "union_name": "TAKER_ABSORPTION_RELEASE_UNION", "source_context_sha256": "91835c8f0b86a06046841c757e76202fc5e0b602e5b17bc471966e49ab762c95", "source_symbols": 16, "economic_surviving_cells": 1, "rejection_counts": {"N_LT_300": 95, "SYMBOLS_LT_10": 95, "TOP_SYMBOL_GT_30PCT": 95, "NET40_MEAN_BP_NONPOSITIVE": 95, "NET40_R_MEAN_NONPOSITIVE": 95, "2021_N": 95, "2021_DATES": 95, "2021_net40_R_NONPOSITIVE": 95, "2021_net40_mean_bp_NONPOSITIVE": 95, "2021_day_R_NONPOSITIVE": 95, "2022_N": 95, "2022_DATES": 95, "2022_net40_R_NONPOSITIVE": 95, "2022_net40_mean_bp_NONPOSITIVE": 95, "2022_day_R_NONPOSITIVE": 95, "2023_N": 95, "2023_DATES": 95, "2023_net40_R_NONPOSITIVE": 95, "2023_net40_mean_bp_NONPOSITIVE": 95, "2023_day_R_NONPOSITIVE": 95}, "note": "Executed-flow versus price-response absorption-release experiment. Overlapping diagnostics are not executable account growth."}
2026-10-07T07:41:04.5605135Z ok
2026-10-07T07:41:04.8316603Z test_empty_preserves_all96_zero_cells (test_taker_absorption_release_v12.SelectionSourceTests.test_empty_preserves_all96_zero_cells) ... V12_ABSORPTION_SELECT {"status": "NO_DEVELOPMENT_POLICY_SURVIVOR", "cells_examined": 96, "selected": [], "policies": [], "union_name": "TAKER_ABSORPTION_RELEASE_UNION", "source_context_sha256": "91835c8f0b86a06046841c757e76202fc5e0b602e5b17bc471966e49ab762c95", "source_symbols": 16, "economic_surviving_cells": 0, "rejection_counts": {"N_LT_300": 96, "SYMBOLS_LT_10": 96, "TOP_SYMBOL_GT_30PCT": 96, "NET40_MEAN_BP_NONPOSITIVE": 96, "NET40_R_MEAN_NONPOSITIVE": 96, "2021_N": 96, "2021_DATES": 96, "2021_net40_R_NONPOSITIVE": 96, "2021_net40_mean_bp_NONPOSITIVE": 96, "2021_day_R_NONPOSITIVE": 96, "2022_N": 96, "2022_DATES": 96, "2022_net40_R_NONPOSITIVE": 96, "2022_net40_mean_bp_NONPOSITIVE": 96, "2022_day_R_NONPOSITIVE": 96, "2023_N": 96, "2023_DATES": 96, "2023_net40_R_NONPOSITIVE": 96, "2023_net40_mean_bp_NONPOSITIVE": 96, "2023_day_R_NONPOSITIVE": 96}, "note": "Executed-flow versus price-response absorption-release experiment. Overlapping diagnostics are not executable account growth."}
2026-10-07T07:41:04.8352868Z ok
2026-10-07T07:41:04.9998636Z test_incomplete_duplicate_or_tampered_shards_fail_closed (test_taker_absorption_release_v12.SelectionSourceTests.test_incomplete_duplicate_or_tampered_shards_fail_closed) ... ok
2026-10-07T07:41:05.2748208Z test_negative_or_clustered_active_dates_fail (test_taker_absorption_release_v12.SelectionSourceTests.test_negative_or_clustered_active_dates_fail) ... V12_ABSORPTION_SELECT {"status": "NO_DEVELOPMENT_POLICY_SURVIVOR", "cells_examined": 96, "selected": [], "policies": [], "union_name": "TAKER_ABSORPTION_RELEASE_UNION", "source_context_sha256": "91835c8f0b86a06046841c757e76202fc5e0b602e5b17bc471966e49ab762c95", "source_symbols": 16, "economic_surviving_cells": 0, "rejection_counts": {"TOP_SYMBOL_GT_30PCT": 96, "NET40_MEAN_BP_NONPOSITIVE": 96, "2021_net40_mean_bp_NONPOSITIVE": 96, "2022_net40_mean_bp_NONPOSITIVE": 96, "2023_net40_mean_bp_NONPOSITIVE": 96, "N_LT_300": 95, "SYMBOLS_LT_10": 95, "NET40_R_MEAN_NONPOSITIVE": 95, "2021_N": 95, "2021_DATES": 95, "2021_net40_R_NONPOSITIVE": 95, "2021_day_R_NONPOSITIVE": 95, "2022_N": 95, "2022_DATES": 95, "2022_net40_R_NONPOSITIVE": 95, "2022_day_R_NONPOSITIVE": 95, "2023_N": 95, "2023_DATES": 95, "2023_net40_R_NONPOSITIVE": 95, "2023_day_R_NONPOSITIVE": 95}, "note": "Executed-flow versus price-response absorption-release experiment. Overlapping diagnostics are not executable account growth."}
2026-10-07T07:41:05.5476323Z V12_ABSORPTION_SELECT {"status": "NO_DEVELOPMENT_POLICY_SURVIVOR", "cells_examined": 96, "selected": [], "policies": [], "union_name": "TAKER_ABSORPTION_RELEASE_UNION", "source_context_sha256": "91835c8f0b86a06046841c757e76202fc5e0b602e5b17bc471966e49ab762c95", "source_symbols": 16, "economic_surviving_cells": 0, "rejection_counts": {"NET40_R_MEAN_NONPOSITIVE": 96, "2021_net40_R_NONPOSITIVE": 96, "2021_day_R_NONPOSITIVE": 96, "2022_net40_R_NONPOSITIVE": 96, "2022_day_R_NONPOSITIVE": 96, "2023_net40_R_NONPOSITIVE": 96, "2023_day_R_NONPOSITIVE": 96, "N_LT_300": 95, "SYMBOLS_LT_10": 95, "TOP_SYMBOL_GT_30PCT": 95, "NET40_MEAN_BP_NONPOSITIVE": 95, "2021_N": 95, "2021_DATES": 95, "2021_net40_mean_bp_NONPOSITIVE": 95, "2022_N": 95, "2022_DATES": 95, "2022_net40_mean_bp_NONPOSITIVE": 95, "2023_N": 95, "2023_DATES": 95, "2023_net40_mean_bp_NONPOSITIVE": 95}, "note": "Executed-flow versus price-response absorption-release experiment. Overlapping diagnostics are not executable account growth."}
2026-10-07T07:41:05.8195806Z V12_ABSORPTION_SELECT {"status": "NO_DEVELOPMENT_POLICY_SURVIVOR", "cells_examined": 96, "selected": [], "policies": [], "union_name": "TAKER_ABSORPTION_RELEASE_UNION", "source_context_sha256": "91835c8f0b86a06046841c757e76202fc5e0b602e5b17bc471966e49ab762c95", "source_symbols": 16, "economic_surviving_cells": 0, "rejection_counts": {"2021_DATES": 96, "2022_DATES": 96, "2023_DATES": 96, "N_LT_300": 95, "SYMBOLS_LT_10": 95, "TOP_SYMBOL_GT_30PCT": 95, "NET40_MEAN_BP_NONPOSITIVE": 95, "NET40_R_MEAN_NONPOSITIVE": 95, "2021_N": 95, "2021_net40_R_NONPOSITIVE": 95, "2021_net40_mean_bp_NONPOSITIVE": 95, "2021_day_R_NONPOSITIVE": 95, "2022_N": 95, "2022_net40_R_NONPOSITIVE": 95, "2022_net40_mean_bp_NONPOSITIVE": 95, "2022_day_R_NONPOSITIVE": 95, "2023_N": 95, "2023_net40_R_NONPOSITIVE": 95, "2023_net40_mean_bp_NONPOSITIVE": 95, "2023_day_R_NONPOSITIVE": 95}, "note": "Executed-flow versus price-response absorption-release experiment. Overlapping diagnostics are not executable account growth."}
2026-10-07T07:41:05.8213471Z ok
2026-10-07T07:41:05.8221763Z test_real_frozen_catalogue_has856_and256_hashes (test_taker_absorption_release_v12.SelectionSourceTests.test_real_frozen_catalogue_has856_and256_hashes) ... ok
2026-10-07T07:41:05.8238776Z test_source_verifier_rejects_market_btc_and_catalogue_changes (test_taker_absorption_release_v12.SelectionSourceTests.test_source_verifier_rejects_market_btc_and_catalogue_changes) ... ok
2026-10-07T07:41:06.6047564Z test_synthetic_eight_file_shard_pipeline (test_taker_absorption_release_v12.SelectionSourceTests.test_synthetic_eight_file_shard_pipeline) ... V12_ABSORPTION_SCAN DEV 1 / 1 parameterized_outcomes 0
2026-10-07T07:41:06.6080921Z V12_ABSORPTION_SCAN_DONE DEV 0 chronology_exclusions 0
2026-10-07T07:41:06.6480381Z V12_ABSORPTION_SCAN DEV 1 / 1 parameterized_outcomes 0
2026-10-07T07:41:06.6513411Z V12_ABSORPTION_SCAN_DONE DEV 0 chronology_exclusions 0
2026-10-07T07:41:06.6911178Z V12_ABSORPTION_SCAN DEV 1 / 1 parameterized_outcomes 0
2026-10-07T07:41:06.6943026Z V12_ABSORPTION_SCAN_DONE DEV 0 chronology_exclusions 0
2026-10-07T07:41:06.7341790Z V12_ABSORPTION_SCAN DEV 1 / 1 parameterized_outcomes 0
2026-10-07T07:41:06.7373692Z V12_ABSORPTION_SCAN_DONE DEV 0 chronology_exclusions 0
2026-10-07T07:41:06.7774219Z V12_ABSORPTION_SCAN DEV 1 / 1 parameterized_outcomes 0
2026-10-07T07:41:06.7805500Z V12_ABSORPTION_SCAN_DONE DEV 0 chronology_exclusions 0
2026-10-07T07:41:06.8206347Z V12_ABSORPTION_SCAN DEV 1 / 1 parameterized_outcomes 0
2026-10-07T07:41:06.8237787Z V12_ABSORPTION_SCAN_DONE DEV 0 chronology_exclusions 0
2026-10-07T07:41:06.8639580Z V12_ABSORPTION_SCAN DEV 1 / 1 parameterized_outcomes 0
2026-10-07T07:41:06.8672487Z V12_ABSORPTION_SCAN_DONE DEV 0 chronology_exclusions 0
2026-10-07T07:41:06.9071350Z V12_ABSORPTION_SCAN DEV 1 / 1 parameterized_outcomes 0
2026-10-07T07:41:06.9102048Z V12_ABSORPTION_SCAN_DONE DEV 0 chronology_exclusions 0
2026-10-07T07:41:07.1483498Z V12_ABSORPTION_SELECT {"status": "NO_DEVELOPMENT_POLICY_SURVIVOR", "cells_examined": 96, "selected": [], "policies": [], "union_name": "TAKER_ABSORPTION_RELEASE_UNION", "source_context_sha256": "f3ae597feb79e2c8b580520a8da2cef90f1ad33c56803d2c443693daf6c8d7b6", "source_symbols": 8, "economic_surviving_cells": 0, "rejection_counts": {"N_LT_300": 96, "SYMBOLS_LT_10": 96, "TOP_SYMBOL_GT_30PCT": 96, "NET40_MEAN_BP_NONPOSITIVE": 96, "NET40_R_MEAN_NONPOSITIVE": 96, "2021_N": 96, "2021_DATES": 96, "2021_net40_R_NONPOSITIVE": 96, "2021_net40_mean_bp_NONPOSITIVE": 96, "2021_day_R_NONPOSITIVE": 96, "2022_N": 96, "2022_DATES": 96, "2022_net40_R_NONPOSITIVE": 96, "2022_net40_mean_bp_NONPOSITIVE": 96, "2022_day_R_NONPOSITIVE": 96, "2023_N": 96, "2023_DATES": 96, "2023_net40_R_NONPOSITIVE": 96, "2023_net40_mean_bp_NONPOSITIVE": 96, "2023_day_R_NONPOSITIVE": 96}, "note": "Executed-flow versus price-response absorption-release experiment. Overlapping diagnostics are not executable account growth."}
2026-10-07T07:41:07.1501085Z V12_SYNTHETIC_PIPELINE_PASS {"synthetic_only": true, "scans": 8, "all96_cells_preserved": true, "market_profitability_claim": false}
2026-10-07T07:41:07.1570965Z ok
2026-10-07T07:41:07.1583191Z test_actual_minute_entry_mismatch_and_gap_are_excluded (test_taker_absorption_release_v12.SignalExitTests.test_actual_minute_entry_mismatch_and_gap_are_excluded) ... ok
2026-10-07T07:41:07.1611177Z test_actual_one_minute_entry_tp_and_established_collision_order (test_taker_absorption_release_v12.SignalExitTests.test_actual_one_minute_entry_tp_and_established_collision_order) ... ok
2026-10-07T07:41:07.1622979Z test_authoritative_exclusions_remain_excluded (test_taker_absorption_release_v12.SignalExitTests.test_authoritative_exclusions_remain_excluded) ... ok
2026-10-07T07:41:07.1633820Z test_both_sides_and_confirmation_modes_release_against_setup_flow (test_taker_absorption_release_v12.SignalExitTests.test_both_sides_and_confirmation_modes_release_against_setup_flow) ... ok
2026-10-07T07:41:07.1642517Z test_favorable_gap_wrong_side_wide_stop_and_path_exclusions (test_taker_absorption_release_v12.SignalExitTests.test_favorable_gap_wrong_side_wide_stop_and_path_exclusions) ... ok
2026-10-07T07:41:07.1648356Z test_next_open_structural_stop_actual_risk_and_priority (test_taker_absorption_release_v12.SignalExitTests.test_next_open_structural_stop_actual_risk_and_priority) ... ok
2026-10-07T07:41:07.1654082Z test_release_current_flow_is_separate_and_optional (test_taker_absorption_release_v12.SignalExitTests.test_release_current_flow_is_separate_and_optional) ... ok
2026-10-07T07:41:07.1673131Z test_setup_volume_flatness_persistence_and_release_are_required (test_taker_absorption_release_v12.SignalExitTests.test_setup_volume_flatness_persistence_and_release_are_required) ... ok
2026-10-07T07:41:07.1676991Z test_stop_floor_and_cooldown_independent_of_exit (test_taker_absorption_release_v12.SignalExitTests.test_stop_floor_and_cooldown_independent_of_exit) ... ok
2026-10-07T07:41:07.1688483Z test_tp_two_three_trail_shared_resolver_and_independent_net (test_taker_absorption_release_v12.SignalExitTests.test_tp_two_three_trail_shared_resolver_and_independent_net) ... ok
2026-10-07T07:41:07.1781666Z test_breakout_atr_and_prior_flow_exclude_current (test_aggressive_flow_cascade_v11.FeatureTests.test_breakout_atr_and_prior_flow_exclude_current) ... ok
2026-10-07T07:41:07.1858896Z test_coin_gap_restarts_every_prior_window (test_aggressive_flow_cascade_v11.FeatureTests.test_coin_gap_restarts_every_prior_window) ... ok
2026-10-07T07:41:07.1860978Z test_exact_btc_alignment_never_interpolates (test_aggressive_flow_cascade_v11.FeatureTests.test_exact_btc_alignment_never_interpolates) ... ok
2026-10-07T07:41:07.1972826Z test_future_mutation_cannot_change_earlier_features (test_aggressive_flow_cascade_v11.FeatureTests.test_future_mutation_cannot_change_earlier_features) ... ok
2026-10-07T07:41:07.1979324Z test_grid_is_sixteen_by_two_by_three (test_aggressive_flow_cascade_v11.FeatureTests.test_grid_is_sixteen_by_two_by_three) ... ok
2026-10-07T07:41:07.4611313Z test_all96_including_zero_and_frozen_selection (test_aggressive_flow_cascade_v11.SelectionSourceTests.test_all96_including_zero_and_frozen_selection) ... V11_CASCADE_SELECT {"status": "ACCOUNT_REPLAY_REQUIRED", "cells_examined": 96, "selected": [{"key": "CASCADE_S+1_T15_B16_CURRENT65", "side": 1, "threshold": 0.015, "lookback": 16, "flow": "CURRENT65", "hold": 8, "exit_type": "TP15", "policy": "CASCADE_S+1_T15_B16_CURRENT65__H8__TP15", "development_net40_R": 0.5, "development_worst_year_day_R": 0.5}], "policies": [{"key": "CASCADE_S+1_T15_B16_CURRENT65", "side": 1, "threshold": 0.015, "lookback": 16, "flow": "CURRENT65", "hold": 8, "exit_type": "TP15", "policy": "CASCADE_S+1_T15_B16_CURRENT65__H8__TP15", "development_net40_R": 0.5, "development_worst_year_day_R": 0.5}], "union_name": "AGGRESSIVE_FLOW_CASCADE_UNION", "source_context_sha256": "91835c8f0b86a06046841c757e76202fc5e0b602e5b17bc471966e49ab762c95", "source_symbols": 16, "economic_surviving_cells": 1, "rejection_counts": {"N_LT_300": 95, "SYMBOLS_LT_10": 95, "TOP_SYMBOL_GT_30PCT": 95, "NET40_MEAN_BP_NONPOSITIVE": 95, "NET40_R_MEAN_NONPOSITIVE": 95, "2021_N": 95, "2021_DATES": 95, "2021_net40_R_NONPOSITIVE": 95, "2021_net40_mean_bp_NONPOSITIVE": 95, "2021_day_R_NONPOSITIVE": 95, "2022_N": 95, "2022_DATES": 95, "2022_net40_R_NONPOSITIVE": 95, "2022_net40_mean_bp_NONPOSITIVE": 95, "2022_day_R_NONPOSITIVE": 95, "2023_N": 95, "2023_DATES": 95, "2023_net40_R_NONPOSITIVE": 95, "2023_net40_mean_bp_NONPOSITIVE": 95, "2023_day_R_NONPOSITIVE": 95}, "note": "Short-horizon aggressive-flow continuation experiment. Overlapping diagnostics are not executable account growth."}
2026-10-07T07:41:07.4651374Z ok
2026-10-07T07:41:07.7229657Z test_empty_preserves_all96_zero_cells (test_aggressive_flow_cascade_v11.SelectionSourceTests.test_empty_preserves_all96_zero_cells) ... V11_CASCADE_SELECT {"status": "NO_DEVELOPMENT_POLICY_SURVIVOR", "cells_examined": 96, "selected": [], "policies": [], "union_name": "AGGRESSIVE_FLOW_CASCADE_UNION", "source_context_sha256": "91835c8f0b86a06046841c757e76202fc5e0b602e5b17bc471966e49ab762c95", "source_symbols": 16, "economic_surviving_cells": 0, "rejection_counts": {"N_LT_300": 96, "SYMBOLS_LT_10": 96, "TOP_SYMBOL_GT_30PCT": 96, "NET40_MEAN_BP_NONPOSITIVE": 96, "NET40_R_MEAN_NONPOSITIVE": 96, "2021_N": 96, "2021_DATES": 96, "2021_net40_R_NONPOSITIVE": 96, "2021_net40_mean_bp_NONPOSITIVE": 96, "2021_day_R_NONPOSITIVE": 96, "2022_N": 96, "2022_DATES": 96, "2022_net40_R_NONPOSITIVE": 96, "2022_net40_mean_bp_NONPOSITIVE": 96, "2022_day_R_NONPOSITIVE": 96, "2023_N": 96, "2023_DATES": 96, "2023_net40_R_NONPOSITIVE": 96, "2023_net40_mean_bp_NONPOSITIVE": 96, "2023_day_R_NONPOSITIVE": 96}, "note": "Short-horizon aggressive-flow continuation experiment. Overlapping diagnostics are not executable account growth."}
2026-10-07T07:41:07.7265186Z ok
2026-10-07T07:41:07.8741620Z test_incomplete_duplicate_or_tampered_shards_fail_closed (test_aggressive_flow_cascade_v11.SelectionSourceTests.test_incomplete_duplicate_or_tampered_shards_fail_closed) ... ok
2026-10-07T07:41:08.1327250Z test_negative_or_clustered_active_dates_fail (test_aggressive_flow_cascade_v11.SelectionSourceTests.test_negative_or_clustered_active_dates_fail) ... V11_CASCADE_SELECT {"status": "NO_DEVELOPMENT_POLICY_SURVIVOR", "cells_examined": 96, "selected": [], "policies": [], "union_name": "AGGRESSIVE_FLOW_CASCADE_UNION", "source_context_sha256": "91835c8f0b86a06046841c757e76202fc5e0b602e5b17bc471966e49ab762c95", "source_symbols": 16, "economic_surviving_cells": 0, "rejection_counts": {"TOP_SYMBOL_GT_30PCT": 96, "NET40_MEAN_BP_NONPOSITIVE": 96, "2021_net40_mean_bp_NONPOSITIVE": 96, "2022_net40_mean_bp_NONPOSITIVE": 96, "2023_net40_mean_bp_NONPOSITIVE": 96, "N_LT_300": 95, "SYMBOLS_LT_10": 95, "NET40_R_MEAN_NONPOSITIVE": 95, "2021_N": 95, "2021_DATES": 95, "2021_net40_R_NONPOSITIVE": 95, "2021_day_R_NONPOSITIVE": 95, "2022_N": 95, "2022_DATES": 95, "2022_net40_R_NONPOSITIVE": 95, "2022_day_R_NONPOSITIVE": 95, "2023_N": 95, "2023_DATES": 95, "2023_net40_R_NONPOSITIVE": 95, "2023_day_R_NONPOSITIVE": 95}, "note": "Short-horizon aggressive-flow continuation experiment. Overlapping diagnostics are not executable account growth."}
2026-10-07T07:41:08.3934675Z V11_CASCADE_SELECT {"status": "NO_DEVELOPMENT_POLICY_SURVIVOR", "cells_examined": 96, "selected": [], "policies": [], "union_name": "AGGRESSIVE_FLOW_CASCADE_UNION", "source_context_sha256": "91835c8f0b86a06046841c757e76202fc5e0b602e5b17bc471966e49ab762c95", "source_symbols": 16, "economic_surviving_cells": 0, "rejection_counts": {"NET40_R_MEAN_NONPOSITIVE": 96, "2021_net40_R_NONPOSITIVE": 96, "2021_day_R_NONPOSITIVE": 96, "2022_net40_R_NONPOSITIVE": 96, "2022_day_R_NONPOSITIVE": 96, "2023_net40_R_NONPOSITIVE": 96, "2023_day_R_NONPOSITIVE": 96, "N_LT_300": 95, "SYMBOLS_LT_10": 95, "TOP_SYMBOL_GT_30PCT": 95, "NET40_MEAN_BP_NONPOSITIVE": 95, "2021_N": 95, "2021_DATES": 95, "2021_net40_mean_bp_NONPOSITIVE": 95, "2022_N": 95, "2022_DATES": 95, "2022_net40_mean_bp_NONPOSITIVE": 95, "2023_N": 95, "2023_DATES": 95, "2023_net40_mean_bp_NONPOSITIVE": 95}, "note": "Short-horizon aggressive-flow continuation experiment. Overlapping diagnostics are not executable account growth."}
2026-10-07T07:41:08.6547114Z V11_CASCADE_SELECT {"status": "NO_DEVELOPMENT_POLICY_SURVIVOR", "cells_examined": 96, "selected": [], "policies": [], "union_name": "AGGRESSIVE_FLOW_CASCADE_UNION", "source_context_sha256": "91835c8f0b86a06046841c757e76202fc5e0b602e5b17bc471966e49ab762c95", "source_symbols": 16, "economic_surviving_cells": 0, "rejection_counts": {"2021_DATES": 96, "2022_DATES": 96, "2023_DATES": 96, "N_LT_300": 95, "SYMBOLS_LT_10": 95, "TOP_SYMBOL_GT_30PCT": 95, "NET40_MEAN_BP_NONPOSITIVE": 95, "NET40_R_MEAN_NONPOSITIVE": 95, "2021_N": 95, "2021_net40_R_NONPOSITIVE": 95, "2021_net40_mean_bp_NONPOSITIVE": 95, "2021_day_R_NONPOSITIVE": 95, "2022_N": 95, "2022_net40_R_NONPOSITIVE": 95, "2022_net40_mean_bp_NONPOSITIVE": 95, "2022_day_R_NONPOSITIVE": 95, "2023_N": 95, "2023_net40_R_NONPOSITIVE": 95, "2023_net40_mean_bp_NONPOSITIVE": 95, "2023_day_R_NONPOSITIVE": 95}, "note": "Short-horizon aggressive-flow continuation experiment. Overlapping diagnostics are not executable account growth."}
2026-10-07T07:41:08.6563649Z ok
2026-10-07T07:41:08.6571838Z test_real_frozen_catalogue_has856_and256_hashes (test_aggressive_flow_cascade_v11.SelectionSourceTests.test_real_frozen_catalogue_has856_and256_hashes) ... ok
2026-10-07T07:41:08.6596104Z test_source_verifier_rejects_market_btc_and_catalogue_changes (test_aggressive_flow_cascade_v11.SelectionSourceTests.test_source_verifier_rejects_market_btc_and_catalogue_changes) ... ok
2026-10-07T07:41:09.4328445Z test_synthetic_eight_file_shard_pipeline (test_aggressive_flow_cascade_v11.SelectionSourceTests.test_synthetic_eight_file_shard_pipeline) ... V11_CASCADE_SCAN DEV 1 / 1 parameterized_outcomes 0
2026-10-07T07:41:09.4359171Z V11_CASCADE_SCAN_DONE DEV 0 chronology_exclusions 0
2026-10-07T07:41:09.4707867Z V11_CASCADE_SCAN DEV 1 / 1 parameterized_outcomes 0
2026-10-07T07:41:09.4739091Z V11_CASCADE_SCAN_DONE DEV 0 chronology_exclusions 0
2026-10-07T07:41:09.5095713Z V11_CASCADE_SCAN DEV 1 / 1 parameterized_outcomes 0
2026-10-07T07:41:09.5127388Z V11_CASCADE_SCAN_DONE DEV 0 chronology_exclusions 0
2026-10-07T07:41:09.5470935Z V11_CASCADE_SCAN DEV 1 / 1 parameterized_outcomes 0
2026-10-07T07:41:09.5502493Z V11_CASCADE_SCAN_DONE DEV 0 chronology_exclusions 0
2026-10-07T07:41:09.5840961Z V11_CASCADE_SCAN DEV 1 / 1 parameterized_outcomes 0
2026-10-07T07:41:09.5872977Z V11_CASCADE_SCAN_DONE DEV 0 chronology_exclusions 0
2026-10-07T07:41:09.6222707Z V11_CASCADE_SCAN DEV 1 / 1 parameterized_outcomes 0
2026-10-07T07:41:09.6254424Z V11_CASCADE_SCAN_DONE DEV 0 chronology_exclusions 0
2026-10-07T07:41:09.6602146Z V11_CASCADE_SCAN DEV 1 / 1 parameterized_outcomes 0
2026-10-07T07:41:09.6633487Z V11_CASCADE_SCAN_DONE DEV 0 chronology_exclusions 0
2026-10-07T07:41:09.6991074Z V11_CASCADE_SCAN DEV 1 / 1 parameterized_outcomes 0
2026-10-07T07:41:09.7022361Z V11_CASCADE_SCAN_DONE DEV 0 chronology_exclusions 0
2026-10-07T07:41:09.9333250Z V11_CASCADE_SELECT {"status": "NO_DEVELOPMENT_POLICY_SURVIVOR", "cells_examined": 96, "selected": [], "policies": [], "union_name": "AGGRESSIVE_FLOW_CASCADE_UNION", "source_context_sha256": "6ada6d1afbbab99a8db5be5afb637a5263d16ee4e1a370dc0ec78bbb864a953d", "source_symbols": 8, "economic_surviving_cells": 0, "rejection_counts": {"N_LT_300": 96, "SYMBOLS_LT_10": 96, "TOP_SYMBOL_GT_30PCT": 96, "NET40_MEAN_BP_NONPOSITIVE": 96, "NET40_R_MEAN_NONPOSITIVE": 96, "2021_N": 96, "2021_DATES": 96, "2021_net40_R_NONPOSITIVE": 96, "2021_net40_mean_bp_NONPOSITIVE": 96, "2021_day_R_NONPOSITIVE": 96, "2022_N": 96, "2022_DATES": 96, "2022_net40_R_NONPOSITIVE": 96, "2022_net40_mean_bp_NONPOSITIVE": 96, "2022_day_R_NONPOSITIVE": 96, "2023_N": 96, "2023_DATES": 96, "2023_net40_R_NONPOSITIVE": 96, "2023_net40_mean_bp_NONPOSITIVE": 96, "2023_day_R_NONPOSITIVE": 96}, "note": "Short-horizon aggressive-flow continuation experiment. Overlapping diagnostics are not executable account growth."}
2026-10-07T07:41:09.9351891Z V11_SYNTHETIC_PIPELINE_PASS {"synthetic_only": true, "scans": 8, "all96_cells_preserved": true, "market_profitability_claim": false}
2026-10-07T07:41:09.9419126Z ok
2026-10-07T07:41:09.9425831Z test_authoritative_exclusion_is_not_invented_loss (test_aggressive_flow_cascade_v11.SignalExitTests.test_authoritative_exclusion_is_not_invented_loss) ... ok
2026-10-07T07:41:09.9428670Z test_intent_cooldown_is_not_exit_conditioned (test_aggressive_flow_cascade_v11.SignalExitTests.test_intent_cooldown_is_not_exit_conditioned) ... ok
2026-10-07T07:41:09.9434480Z test_mirrored_current_and_persistent_flow_signals (test_aggressive_flow_cascade_v11.SignalExitTests.test_mirrored_current_and_persistent_flow_signals) ... ok
2026-10-07T07:41:09.9438614Z test_next_open_gap_actual_fill_stop_and_future_ohlc (test_aggressive_flow_cascade_v11.SignalExitTests.test_next_open_gap_actual_fill_stop_and_future_ohlc) ... ok
2026-10-07T07:41:09.9442841Z test_persistent_flow_uses_three_prior_bars_and_current_separately (test_aggressive_flow_cascade_v11.SignalExitTests.test_persistent_flow_uses_three_prior_bars_and_current_separately) ... ok
2026-10-07T07:41:09.9452908Z test_shock_relative_btc_volume_breakout_and_clv_are_hard (test_aggressive_flow_cascade_v11.SignalExitTests.test_shock_relative_btc_volume_breakout_and_clv_are_hard) ... ok
2026-10-07T07:41:09.9459464Z test_stop_floor_wide_invalid_and_path_gap_counted (test_aggressive_flow_cascade_v11.SignalExitTests.test_stop_floor_wide_invalid_and_path_gap_counted) ... ok
2026-10-07T07:41:09.9469101Z test_tp15_tp25_and_trail_use_shared_resolver (test_aggressive_flow_cascade_v11.SignalExitTests.test_tp15_tp25_and_trail_use_shared_resolver) ... ok
2026-10-07T07:41:09.9476543Z test_actual_fill_gap_ignores_future_entry_bar_ohlc (test_residual_reversion_v10.EntryExitTests.test_actual_fill_gap_ignores_future_entry_bar_ohlc) ... ok
2026-10-07T07:41:09.9479344Z test_actual_fill_risk_fit_cutoff_and_equilibrium_are_frozen (test_residual_reversion_v10.EntryExitTests.test_actual_fill_risk_fit_cutoff_and_equilibrium_are_frozen) ... ok
2026-10-07T07:41:09.9483707Z test_authoritative_exclusion_is_not_a_guessed_loss (test_residual_reversion_v10.EntryExitTests.test_authoritative_exclusion_is_not_a_guessed_loss) ... ok
2026-10-07T07:41:09.9489771Z test_common_shock_or_missing_btc_is_rejected (test_residual_reversion_v10.EntryExitTests.test_common_shock_or_missing_btc_is_rejected) ... ok
2026-10-07T07:41:09.9492936Z test_cooldown_depends_on_intents_not_future_exits (test_residual_reversion_v10.EntryExitTests.test_cooldown_depends_on_intents_not_future_exits) ... ok
2026-10-07T07:41:09.9498187Z test_flow_filter_and_price_only (test_residual_reversion_v10.EntryExitTests.test_flow_filter_and_price_only) ... ok
2026-10-07T07:41:09.9502638Z test_full_grid_is_sixteen_by_two_by_three (test_residual_reversion_v10.EntryExitTests.test_full_grid_is_sixteen_by_two_by_three) ... ok
2026-10-07T07:41:09.9514474Z test_mean_and_tp2_use_explicit_shared_fixed_target_path (test_residual_reversion_v10.EntryExitTests.test_mean_and_tp2_use_explicit_shared_fixed_target_path) ... ok
2026-10-07T07:41:09.9521634Z test_mirrored_residual_inward_confirmations (test_residual_reversion_v10.EntryExitTests.test_mirrored_residual_inward_confirmations) ... ok
2026-10-07T07:41:09.9525897Z test_next_open_path_and_split_bounds (test_residual_reversion_v10.EntryExitTests.test_next_open_path_and_split_bounds) ... ok
2026-10-07T07:41:09.9545929Z test_quality_room_deviation_and_relaxation_are_hard_conditions (test_residual_reversion_v10.EntryExitTests.test_quality_room_deviation_and_relaxation_are_hard_conditions) ... ok
2026-10-07T07:41:09.9553827Z test_stop_floor_maximum_invalid_atr_and_target_passed_are_counted (test_residual_reversion_v10.EntryExitTests.test_stop_floor_maximum_invalid_atr_and_target_passed_are_counted) ... ok
2026-10-07T07:41:09.9797916Z test_beta_intercept_sigma_r2_rho_half_life_against_direct_window (test_residual_reversion_v10.PriorModelTests.test_beta_intercept_sigma_r2_rho_half_life_against_direct_window) ... ok
2026-10-07T07:41:10.0129173Z test_coin_gap_restarts_the_full_prior_window (test_residual_reversion_v10.PriorModelTests.test_coin_gap_restarts_the_full_prior_window) ... ok
2026-10-07T07:41:10.0493016Z test_current_coin_and_btc_do_not_enter_training_moments (test_residual_reversion_v10.PriorModelTests.test_current_coin_and_btc_do_not_enter_training_moments) ... ok
2026-10-07T07:41:10.0660866Z test_current_turnover_atr_and_observed_days_are_causal (test_residual_reversion_v10.PriorModelTests.test_current_turnover_atr_and_observed_days_are_causal) ... ok
2026-10-07T07:41:10.0663772Z test_exact_alignment_never_interpolates_missing_or_future_btc (test_residual_reversion_v10.PriorModelTests.test_exact_alignment_never_interpolates_missing_or_future_btc) ... ok
2026-10-07T07:41:10.1057494Z test_future_mutation_cannot_change_earlier_any_model_value (test_residual_reversion_v10.PriorModelTests.test_future_mutation_cannot_change_earlier_any_model_value) ... ok
2026-10-07T07:41:10.1291100Z test_inward_change_uses_same_frozen_model_for_both_closes (test_residual_reversion_v10.PriorModelTests.test_inward_change_uses_same_frozen_model_for_both_closes) ... ok
2026-10-07T07:41:10.1526932Z test_missing_btc_invalidates_every_contaminated_training_window (test_residual_reversion_v10.PriorModelTests.test_missing_btc_invalidates_every_contaminated_training_window) ... ok
2026-10-07T07:41:10.1992314Z test_zero_factor_and_residual_variance_fail_closed (test_residual_reversion_v10.PriorModelTests.test_zero_factor_and_residual_variance_fail_closed) ... ok
2026-10-07T07:41:10.9869855Z test_actual_synthetic_file_scan_and_selection_pipeline (test_residual_reversion_v10.SelectionSourceTests.test_actual_synthetic_file_scan_and_selection_pipeline) ... V10_RESIDUAL_SCAN DEV 1 / 1 parameterized_outcomes 0
2026-10-07T07:41:10.9901888Z V10_RESIDUAL_SCAN_DONE DEV 0 chronology_exclusions 0
2026-10-07T07:41:11.0332781Z V10_RESIDUAL_SCAN DEV 1 / 1 parameterized_outcomes 0
2026-10-07T07:41:11.0366797Z V10_RESIDUAL_SCAN_DONE DEV 0 chronology_exclusions 0
2026-10-07T07:41:11.0799716Z V10_RESIDUAL_SCAN DEV 1 / 1 parameterized_outcomes 0
2026-10-07T07:41:11.0830251Z V10_RESIDUAL_SCAN_DONE DEV 0 chronology_exclusions 0
2026-10-07T07:41:11.1257693Z V10_RESIDUAL_SCAN DEV 1 / 1 parameterized_outcomes 0
2026-10-07T07:41:11.1288977Z V10_RESIDUAL_SCAN_DONE DEV 0 chronology_exclusions 0
2026-10-07T07:41:11.1713856Z V10_RESIDUAL_SCAN DEV 1 / 1 parameterized_outcomes 0
2026-10-07T07:41:11.1746880Z V10_RESIDUAL_SCAN_DONE DEV 0 chronology_exclusions 0
2026-10-07T07:41:11.2173996Z V10_RESIDUAL_SCAN DEV 1 / 1 parameterized_outcomes 0
2026-10-07T07:41:11.2205361Z V10_RESIDUAL_SCAN_DONE DEV 0 chronology_exclusions 0
2026-10-07T07:41:11.2638749Z V10_RESIDUAL_SCAN DEV 1 / 1 parameterized_outcomes 0
2026-10-07T07:41:11.2672476Z V10_RESIDUAL_SCAN_DONE DEV 0 chronology_exclusions 0
2026-10-07T07:41:11.3110647Z V10_RESIDUAL_SCAN DEV 1 / 1 parameterized_outcomes 0
2026-10-07T07:41:11.3143999Z V10_RESIDUAL_SCAN_DONE DEV 0 chronology_exclusions 0
2026-10-07T07:41:11.5545259Z V10_RESIDUAL_SELECT {"status": "NO_DEVELOPMENT_POLICY_SURVIVOR", "cells_examined": 96, "selected": [], "policies": [], "union_name": "RESIDUAL_REVERSION_UNION", "source_context_sha256": "d1ef81b934685c372c366c5c7cc4afa0c213fe0babffd7e2271a0ddc7a98b637", "source_symbols": 8, "economic_surviving_cells": 0, "rejection_counts": {"N_LT_300": 96, "SYMBOLS_LT_10": 96, "TOP_SYMBOL_GT_30PCT": 96, "NET40_MEAN_BP_NONPOSITIVE": 96, "NET40_R_MEAN_NONPOSITIVE": 96, "2021_N": 96, "2021_DATES": 96, "2021_net40_R_NONPOSITIVE": 96, "2021_net40_mean_bp_NONPOSITIVE": 96, "2021_day_R_NONPOSITIVE": 96, "2022_N": 96, "2022_DATES": 96, "2022_net40_R_NONPOSITIVE": 96, "2022_net40_mean_bp_NONPOSITIVE": 96, "2022_day_R_NONPOSITIVE": 96, "2023_N": 96, "2023_DATES": 96, "2023_net40_R_NONPOSITIVE": 96, "2023_net40_mean_bp_NONPOSITIVE": 96, "2023_day_R_NONPOSITIVE": 96}, "note": "Prior-fitted single-coin residual experiment, no market neutrality. Overlapping diagnostics are not executable account growth."}
2026-10-07T07:41:11.5563476Z V10_SYNTHETIC_PIPELINE_PASS {"synthetic_only": true, "scans": 8, "all96_cells_preserved": true, "market_profitability_claim": false}
2026-10-07T07:41:11.5632718Z ok
2026-10-07T07:41:11.5635223Z test_annual_price_R_and_2021_partial_year_are_required (test_residual_reversion_v10.SelectionSourceTests.test_annual_price_R_and_2021_partial_year_are_required) ... ok
2026-10-07T07:41:11.8100422Z test_empty_stage_is_recorded_as_all96_zero_cells (test_residual_reversion_v10.SelectionSourceTests.test_empty_stage_is_recorded_as_all96_zero_cells) ... V10_RESIDUAL_SELECT {"status": "NO_DEVELOPMENT_POLICY_SURVIVOR", "cells_examined": 96, "selected": [], "policies": [], "union_name": "RESIDUAL_REVERSION_UNION", "source_context_sha256": "91835c8f0b86a06046841c757e76202fc5e0b602e5b17bc471966e49ab762c95", "source_symbols": 16, "economic_surviving_cells": 0, "rejection_counts": {"N_LT_300": 96, "SYMBOLS_LT_10": 96, "TOP_SYMBOL_GT_30PCT": 96, "NET40_MEAN_BP_NONPOSITIVE": 96, "NET40_R_MEAN_NONPOSITIVE": 96, "2021_N": 96, "2021_DATES": 96, "2021_net40_R_NONPOSITIVE": 96, "2021_net40_mean_bp_NONPOSITIVE": 96, "2021_day_R_NONPOSITIVE": 96, "2022_N": 96, "2022_DATES": 96, "2022_net40_R_NONPOSITIVE": 96, "2022_net40_mean_bp_NONPOSITIVE": 96, "2022_day_R_NONPOSITIVE": 96, "2023_N": 96, "2023_DATES": 96, "2023_net40_R_NONPOSITIVE": 96, "2023_net40_mean_bp_NONPOSITIVE": 96, "2023_day_R_NONPOSITIVE": 96}, "note": "Prior-fitted single-coin residual experiment, no market neutrality. Overlapping diagnostics are not executable account growth."}
2026-10-07T07:41:11.8131408Z ok
2026-10-07T07:41:12.0826492Z test_freeze_complete_selection_and_all96_including_zero_cells (test_residual_reversion_v10.SelectionSourceTests.test_freeze_complete_selection_and_all96_including_zero_cells) ... V10_RESIDUAL_SELECT {"status": "ACCOUNT_REPLAY_REQUIRED", "cells_examined": 96, "selected": [{"key": "RESIDUAL_S+1_W672_Z2_PRICE_ONLY", "side": 1, "fit": 672, "z": 2, "flow": "PRICE_ONLY", "hold": 24, "exit_type": "MEAN", "policy": "RESIDUAL_S+1_W672_Z2_PRICE_ONLY__H24__MEAN", "development_net40_R": 0.5, "development_worst_year_day_R": 0.5}], "policies": [{"key": "RESIDUAL_S+1_W672_Z2_PRICE_ONLY", "side": 1, "fit": 672, "z": 2, "flow": "PRICE_ONLY", "hold": 24, "exit_type": "MEAN", "policy": "RESIDUAL_S+1_W672_Z2_PRICE_ONLY__H24__MEAN", "development_net40_R": 0.5, "development_worst_year_day_R": 0.5}], "union_name": "RESIDUAL_REVERSION_UNION", "source_context_sha256": "91835c8f0b86a06046841c757e76202fc5e0b602e5b17bc471966e49ab762c95", "source_symbols": 16, "economic_surviving_cells": 1, "rejection_counts": {"N_LT_300": 95, "SYMBOLS_LT_10": 95, "TOP_SYMBOL_GT_30PCT": 95, "NET40_MEAN_BP_NONPOSITIVE": 95, "NET40_R_MEAN_NONPOSITIVE": 95, "2021_N": 95, "2021_DATES": 95, "2021_net40_R_NONPOSITIVE": 95, "2021_net40_mean_bp_NONPOSITIVE": 95, "2021_day_R_NONPOSITIVE": 95, "2022_N": 95, "2022_DATES": 95, "2022_net40_R_NONPOSITIVE": 95, "2022_net40_mean_bp_NONPOSITIVE": 95, "2022_day_R_NONPOSITIVE": 95, "2023_N": 95, "2023_DATES": 95, "2023_net40_R_NONPOSITIVE": 95, "2023_net40_mean_bp_NONPOSITIVE": 95, "2023_day_R_NONPOSITIVE": 95}, "note": "Prior-fitted single-coin residual experiment, no market neutrality. Overlapping diagnostics are not executable account growth."}
2026-10-07T07:41:12.0864730Z ok
2026-10-07T07:41:12.2595266Z test_incomplete_duplicate_or_tampered_shard_fails_closed (test_residual_reversion_v10.SelectionSourceTests.test_incomplete_duplicate_or_tampered_shard_fails_closed) ... ok
2026-10-07T07:41:12.5214306Z test_nonpositive_price_r_or_clustered_dates_fail_selection (test_residual_reversion_v10.SelectionSourceTests.test_nonpositive_price_r_or_clustered_dates_fail_selection) ... V10_RESIDUAL_SELECT {"status": "NO_DEVELOPMENT_POLICY_SURVIVOR", "cells_examined": 96, "selected": [], "policies": [], "union_name": "RESIDUAL_REVERSION_UNION", "source_context_sha256": "91835c8f0b86a06046841c757e76202fc5e0b602e5b17bc471966e49ab762c95", "source_symbols": 16, "economic_surviving_cells": 0, "rejection_counts": {"TOP_SYMBOL_GT_30PCT": 96, "NET40_MEAN_BP_NONPOSITIVE": 96, "2021_net40_mean_bp_NONPOSITIVE": 96, "2022_net40_mean_bp_NONPOSITIVE": 96, "2023_net40_mean_bp_NONPOSITIVE": 96, "N_LT_300": 95, "SYMBOLS_LT_10": 95, "NET40_R_MEAN_NONPOSITIVE": 95, "2021_N": 95, "2021_DATES": 95, "2021_net40_R_NONPOSITIVE": 95, "2021_day_R_NONPOSITIVE": 95, "2022_N": 95, "2022_DATES": 95, "2022_net40_R_NONPOSITIVE": 95, "2022_day_R_NONPOSITIVE": 95, "2023_N": 95, "2023_DATES": 95, "2023_net40_R_NONPOSITIVE": 95, "2023_day_R_NONPOSITIVE": 95}, "note": "Prior-fitted single-coin residual experiment, no market neutrality. Overlapping diagnostics are not executable account growth."}
2026-10-07T07:41:12.8032822Z V10_RESIDUAL_SELECT {"status": "NO_DEVELOPMENT_POLICY_SURVIVOR", "cells_examined": 96, "selected": [], "policies": [], "union_name": "RESIDUAL_REVERSION_UNION", "source_context_sha256": "91835c8f0b86a06046841c757e76202fc5e0b602e5b17bc471966e49ab762c95", "source_symbols": 16, "economic_surviving_cells": 0, "rejection_counts": {"NET40_R_MEAN_NONPOSITIVE": 96, "2021_net40_R_NONPOSITIVE": 96, "2021_day_R_NONPOSITIVE": 96, "2022_net40_R_NONPOSITIVE": 96, "2022_day_R_NONPOSITIVE": 96, "2023_net40_R_NONPOSITIVE": 96, "2023_day_R_NONPOSITIVE": 96, "N_LT_300": 95, "SYMBOLS_LT_10": 95, "TOP_SYMBOL_GT_30PCT": 95, "NET40_MEAN_BP_NONPOSITIVE": 95, "2021_N": 95, "2021_DATES": 95, "2021_net40_mean_bp_NONPOSITIVE": 95, "2022_N": 95, "2022_DATES": 95, "2022_net40_mean_bp_NONPOSITIVE": 95, "2023_N": 95, "2023_DATES": 95, "2023_net40_mean_bp_NONPOSITIVE": 95}, "note": "Prior-fitted single-coin residual experiment, no market neutrality. Overlapping diagnostics are not executable account growth."}
2026-10-07T07:41:13.0685549Z V10_RESIDUAL_SELECT {"status": "NO_DEVELOPMENT_POLICY_SURVIVOR", "cells_examined": 96, "selected": [], "policies": [], "union_name": "RESIDUAL_REVERSION_UNION", "source_context_sha256": "91835c8f0b86a06046841c757e76202fc5e0b602e5b17bc471966e49ab762c95", "source_symbols": 16, "economic_surviving_cells": 0, "rejection_counts": {"2021_DATES": 96, "2022_DATES": 96, "2023_DATES": 96, "N_LT_300": 95, "SYMBOLS_LT_10": 95, "TOP_SYMBOL_GT_30PCT": 95, "NET40_MEAN_BP_NONPOSITIVE": 95, "NET40_R_MEAN_NONPOSITIVE": 95, "2021_N": 95, "2021_net40_R_NONPOSITIVE": 95, "2021_net40_mean_bp_NONPOSITIVE": 95, "2021_day_R_NONPOSITIVE": 95, "2022_N": 95, "2022_net40_R_NONPOSITIVE": 95, "2022_net40_mean_bp_NONPOSITIVE": 95, "2022_day_R_NONPOSITIVE": 95, "2023_N": 95, "2023_net40_R_NONPOSITIVE": 95, "2023_net40_mean_bp_NONPOSITIVE": 95, "2023_day_R_NONPOSITIVE": 95}, "note": "Prior-fitted single-coin residual experiment, no market neutrality. Overlapping diagnostics are not executable account growth."}
2026-10-07T07:41:13.0702683Z ok
2026-10-07T07:41:13.0711469Z test_real_catalogue_contract_has856_hashes_and256_baseline_matches (test_residual_reversion_v10.SelectionSourceTests.test_real_catalogue_contract_has856_hashes_and256_baseline_matches) ... ok
2026-10-07T07:41:13.0729211Z test_source_verifier_rejects_hash_btc_and_catalogue_tampering (test_residual_reversion_v10.SelectionSourceTests.test_source_verifier_rejects_hash_btc_and_catalogue_tampering) ... ok
2026-10-07T07:41:13.0769179Z test_both_partial_edge_days_and_all_empty_days_count (test_btc_factor_lag_v6.AllCalendarTests.test_both_partial_edge_days_and_all_empty_days_count) ... ok
2026-10-07T07:41:13.0821449Z test_edge_day_profits_and_costs_are_retained_and_reconcile_final_equity (test_btc_factor_lag_v6.AllCalendarTests.test_edge_day_profits_and_costs_are_retained_and_reconcile_final_equity) ... ok
2026-10-07T07:41:13.0873432Z test_every_day_after_permanent_halt_remains_in_denominator (test_btc_factor_lag_v6.AllCalendarTests.test_every_day_after_permanent_halt_remains_in_denominator) ... ok
2026-10-07T07:41:13.0895792Z test_exact_kst_midnight_end_adds_no_zero_duration_date (test_btc_factor_lag_v6.AllCalendarTests.test_exact_kst_midnight_end_adds_no_zero_duration_date) ... ok
2026-10-07T07:41:13.1007861Z test_reporting_option_does_not_change_trades_cash_dd_risks_or_curve (test_btc_factor_lag_v6.AllCalendarTests.test_reporting_option_does_not_change_trades_cash_dd_risks_or_curve) ... ok
2026-10-07T07:41:13.1127824Z test_coin_gap_restarts_full_fit_history (test_btc_factor_lag_v6.FactorTimingTests.test_coin_gap_restarts_full_fit_history) ... ok
2026-10-07T07:41:13.1223596Z test_current_volatility_and_turnover_are_excluded_from_prior_baselines (test_btc_factor_lag_v6.FactorTimingTests.test_current_volatility_and_turnover_are_excluded_from_prior_baselines) ... ok
2026-10-07T07:41:13.1225821Z test_exact_timestamp_alignment_does_not_forward_fill_btc (test_btc_factor_lag_v6.FactorTimingTests.test_exact_timestamp_alignment_does_not_forward_fill_btc) ... ok
2026-10-07T07:41:13.1342974Z test_future_price_perturbation_does_not_change_features_or_fits (test_btc_factor_lag_v6.FactorTimingTests.test_future_price_perturbation_does_not_change_features_or_fits) ... ok
2026-10-07T07:41:13.1431638Z test_impulse_returns_do_not_enter_prior_fit (test_btc_factor_lag_v6.FactorTimingTests.test_impulse_returns_do_not_enter_prior_fit) ... ok
2026-10-07T07:41:13.1493296Z test_missing_btc_return_invalidates_all_contaminated_windows (test_btc_factor_lag_v6.FactorTimingTests.test_missing_btc_return_invalidates_all_contaminated_windows) ... ok
2026-10-07T07:41:13.1556058Z test_ols_beta_and_r2_match_demeaned_numpy_reference (test_btc_factor_lag_v6.FactorTimingTests.test_ols_beta_and_r2_match_demeaned_numpy_reference) ... ok
2026-10-07T07:41:13.1618015Z test_zero_factor_variance_never_becomes_a_signal (test_btc_factor_lag_v6.FactorTimingTests.test_zero_factor_variance_never_becomes_a_signal) ... ok
2026-10-07T07:41:13.1621433Z test_actual_fill_sets_stop_risk_and_signal_priority (test_btc_factor_lag_v6.LagSignalTests.test_actual_fill_sets_stop_risk_and_signal_priority) ... ok
2026-10-07T07:41:13.1627216Z test_canonical_exclusion_is_retained_not_assigned_a_fake_loss (test_btc_factor_lag_v6.LagSignalTests.test_canonical_exclusion_is_retained_not_assigned_a_fake_loss) ... ok
2026-10-07T07:41:13.1630538Z test_cooldown_is_intent_based_not_future_exit_based (test_btc_factor_lag_v6.LagSignalTests.test_cooldown_is_intent_based_not_future_exit_based) ... ok
2026-10-07T07:41:13.1636337Z test_entry_gap_uses_next_open_without_future_ohlc (test_btc_factor_lag_v6.LagSignalTests.test_entry_gap_uses_next_open_without_future_ohlc) ... ok
2026-10-07T07:41:13.1645586Z test_fit_quality_and_liquidity_are_hard_filters (test_btc_factor_lag_v6.LagSignalTests.test_fit_quality_and_liquidity_are_hard_filters) ... ok
2026-10-07T07:41:13.1650393Z test_flow_confirmation_rejects_opposite_taker_pressure (test_btc_factor_lag_v6.LagSignalTests.test_flow_confirmation_rejects_opposite_taker_pressure) ... ok
2026-10-07T07:41:13.1656627Z test_mirrored_lag_price_and_flow_confirmations (test_btc_factor_lag_v6.LagSignalTests.test_mirrored_lag_price_and_flow_confirmations) ... ok
2026-10-07T07:41:13.1660709Z test_next_open_path_gap_and_split_entry_are_excluded (test_btc_factor_lag_v6.LagSignalTests.test_next_open_path_gap_and_split_entry_are_excluded) ... ok
2026-10-07T07:41:13.1663390Z test_overreacted_coin_cannot_qualify_as_lagger (test_btc_factor_lag_v6.LagSignalTests.test_overreacted_coin_cannot_qualify_as_lagger) ... ok
2026-10-07T07:41:13.1668916Z test_policy_rows_uses_same_canonical_resolver_and_actual_tp_risk (test_btc_factor_lag_v6.LagSignalTests.test_policy_rows_uses_same_canonical_resolver_and_actual_tp_risk) ... ok
2026-10-07T07:41:13.1673831Z test_sixteen_entries_and_ninety_six_unique_policies (test_btc_factor_lag_v6.LagSignalTests.test_sixteen_entries_and_ninety_six_unique_policies) ... ok
2026-10-07T07:41:13.1677789Z test_stop_floor_and_maximum_are_applied_to_actual_fill (test_btc_factor_lag_v6.LagSignalTests.test_stop_floor_and_maximum_are_applied_to_actual_fill) ... ok
2026-10-07T07:41:13.1683978Z test_weak_wrong_or_missing_btc_impulse_is_rejected (test_btc_factor_lag_v6.LagSignalTests.test_weak_wrong_or_missing_btc_impulse_is_rejected) ... ok
2026-10-07T07:41:13.4119434Z test_clustered_entries_do_not_satisfy_yearly_date_frequency (test_btc_factor_lag_v6.SelectionTests.test_clustered_entries_do_not_satisfy_yearly_date_frequency) ... FACTOR_SELECT {"status": "NO_DEVELOPMENT_POLICY_SURVIVOR", "cells_examined": 96, "selected": [], "policies": [], "union_name": "FACTOR_UNION", "note": "Independent overlapping policies and active-entry-date means are diagnostics, not account profits."}
2026-10-07T07:41:13.4136206Z ok
2026-10-07T07:41:13.6455836Z test_empty_original_shards_preserve_all96_rejections (test_btc_factor_lag_v6.SelectionTests.test_empty_original_shards_preserve_all96_rejections) ... FACTOR_SELECT {"status": "NO_DEVELOPMENT_POLICY_SURVIVOR", "cells_examined": 96, "selected": [], "policies": [], "union_name": "FACTOR_UNION", "note": "Independent overlapping policies and active-entry-date means are diagnostics, not account profits."}
2026-10-07T07:41:13.6485894Z ok
2026-10-07T07:41:13.8932078Z test_positive_price_never_hides_negative_annual_r_mean (test_btc_factor_lag_v6.SelectionTests.test_positive_price_never_hides_negative_annual_r_mean) ... FACTOR_SELECT {"status": "NO_DEVELOPMENT_POLICY_SURVIVOR", "cells_examined": 96, "selected": [], "policies": [], "union_name": "FACTOR_UNION", "note": "Independent overlapping policies and active-entry-date means are diagnostics, not account profits."}
2026-10-07T07:41:13.8949255Z ok
2026-10-07T07:41:14.1378703Z test_positive_r_never_hides_negative_annual_price_mean (test_btc_factor_lag_v6.SelectionTests.test_positive_r_never_hides_negative_annual_price_mean) ... FACTOR_SELECT {"status": "NO_DEVELOPMENT_POLICY_SURVIVOR", "cells_examined": 96, "selected": [], "policies": [], "union_name": "FACTOR_UNION", "note": "Independent overlapping policies and active-entry-date means are diagnostics, not account profits."}
2026-10-07T07:41:14.1395623Z ok
2026-10-07T07:41:14.3851551Z test_selected_year_labels_follow_kst_not_utc_and_other_cells_remain (test_btc_factor_lag_v6.SelectionTests.test_selected_year_labels_follow_kst_not_utc_and_other_cells_remain) ... FACTOR_SELECT {"status": "ACCOUNT_REPLAY_REQUIRED", "cells_examined": 96, "selected": [{"key": "FACTOR_S+1_L4_G1_PRICE_ONLY", "side": 1, "horizon": 4, "gap": 0.01, "flow": "PRICE_ONLY", "hold": 24, "exit_type": "TP2", "policy": "FACTOR_S+1_L4_G1_PRICE_ONLY__H24__TP2", "development_net40_R": 0.5, "development_worst_year_day_R": 0.5}], "policies": [{"key": "FACTOR_S+1_L4_G1_PRICE_ONLY", "side": 1, "horizon": 4, "gap": 0.01, "flow": "PRICE_ONLY", "hold": 24, "exit_type": "TP2", "policy": "FACTOR_S+1_L4_G1_PRICE_ONLY__H24__TP2", "development_net40_R": 0.5, "development_worst_year_day_R": 0.5}], "union_name": "FACTOR_UNION", "note": "Independent overlapping policies and active-entry-date means are diagnostics, not account profits."}
2026-10-07T07:41:14.3885838Z ok
2026-10-07T07:41:14.6227608Z test_all_96_cells_including_zero_cells_are_preserved (test_compression_expansion_v4.ExpansionTests.test_all_96_cells_including_zero_cells_are_preserved) ... EXPANSION_SELECT {"status": "ACCOUNT_REPLAY_REQUIRED", "cells_examined": 96, "selected": [{"key": "EXPAND_S+1_W16_C50_ANY", "side": 1, "window": 16, "compression": 0.5, "btc": "ANY", "hold": 24, "exit_type": "TP2", "policy": "EXPAND_S+1_W16_C50_ANY__H24__TP2", "development_net40_R": 0.5, "development_worst_year_day_R": 0.5}], "policies": [{"key": "EXPAND_S+1_W16_C50_ANY", "side": 1, "window": 16, "compression": 0.5, "btc": "ANY", "hold": 24, "exit_type": "TP2", "policy": "EXPAND_S+1_W16_C50_ANY__H24__TP2", "development_net40_R": 0.5, "development_worst_year_day_R": 0.5}], "union_name": "EXPANSION_UNION", "note": "Independent overlapping policies and active-entry-date means are diagnostics, not account profits."}
2026-10-07T07:41:14.6260882Z ok
2026-10-07T07:41:14.6336407Z test_breakout_candle_cannot_change_its_prior_baselines (test_compression_expansion_v4.ExpansionTests.test_breakout_candle_cannot_change_its_prior_baselines) ... ok
2026-10-07T07:41:14.6375424Z test_btc_alignment_does_not_fill_missing_context_with_zero (test_compression_expansion_v4.ExpansionTests.test_btc_alignment_does_not_fill_missing_context_with_zero) ... ok
2026-10-07T07:41:14.6380409Z test_empty_source_fails_before_any_btc_or_minute_fetch (test_compression_expansion_v4.ExpansionTests.test_empty_source_fails_before_any_btc_or_minute_fetch) ... ok
2026-10-07T07:41:14.6421210Z test_fixed_cooldown_is_not_exit_conditioned (test_compression_expansion_v4.ExpansionTests.test_fixed_cooldown_is_not_exit_conditioned) ... ok
2026-10-07T07:41:14.6425692Z test_frozen_grid_has_96_unique_policies (test_compression_expansion_v4.ExpansionTests.test_frozen_grid_has_96_unique_policies) ... ok
2026-10-07T07:41:14.6537122Z test_future_changes_cannot_modify_past_features (test_compression_expansion_v4.ExpansionTests.test_future_changes_cannot_modify_past_features) ... ok
2026-10-07T07:41:14.6602557Z test_gap_restarts_prior_rolling_baselines (test_compression_expansion_v4.ExpansionTests.test_gap_restarts_prior_rolling_baselines) ... ok
2026-10-07T07:41:14.6762430Z test_incomplete_part_cannot_enter_selection (test_compression_expansion_v4.ExpansionTests.test_incomplete_part_cannot_enter_selection) ... ok
2026-10-07T07:41:14.6803551Z test_invalid_fill_side_stop_is_excluded (test_compression_expansion_v4.ExpansionTests.test_invalid_fill_side_stop_is_excluded) ... ok
2026-10-07T07:41:14.6876905Z test_long_and_short_have_mirrored_qualification (test_compression_expansion_v4.ExpansionTests.test_long_and_short_have_mirrored_qualification) ... ok
2026-10-07T07:41:14.9177844Z test_many_clustered_trades_cannot_pass_daily_frequency_gate (test_compression_expansion_v4.ExpansionTests.test_many_clustered_trades_cannot_pass_daily_frequency_gate) ... EXPANSION_SELECT {"status": "NO_DEVELOPMENT_POLICY_SURVIVOR", "cells_examined": 96, "selected": [], "policies": [], "union_name": "EXPANSION_UNION", "note": "Independent overlapping policies and active-entry-date means are diagnostics, not account profits."}
2026-10-07T07:41:14.9193812Z ok
2026-10-07T07:41:14.9235493Z test_structural_stop_uses_prior_atr_and_actual_entry (test_compression_expansion_v4.ExpansionTests.test_structural_stop_uses_prior_atr_and_actual_entry) ... ok
2026-10-07T07:41:14.9273865Z test_violent_shock_does_not_qualify_as_moderate_expansion (test_compression_expansion_v4.ExpansionTests.test_violent_shock_does_not_qualify_as_moderate_expansion) ... ok
2026-10-07T07:41:14.9312368Z test_volume_without_prior_compression_does_not_qualify (test_compression_expansion_v4.ExpansionTests.test_volume_without_prior_compression_does_not_qualify) ... ok
2026-10-07T07:41:14.9384375Z test_wrong_flow_rejects_apparent_breakout (test_compression_expansion_v4.ExpansionTests.test_wrong_flow_rejects_apparent_breakout) ... ok
2026-10-07T07:41:14.9441960Z test_chronology_exclusions_require_review_even_if_growth_passes (test_cross_sectional_leader_v9.AccountGateTests.test_chronology_exclusions_require_review_even_if_growth_passes) ... ok
2026-10-07T07:41:14.9496012Z test_dev2024_partial_boundary_never_substitutes_gate2024 (test_cross_sectional_leader_v9.AccountGateTests.test_dev2024_partial_boundary_never_substitutes_gate2024) ... ok
2026-10-07T07:41:14.9866701Z test_each_account_threshold_halt_and_missing_values_fail (test_cross_sectional_leader_v9.AccountGateTests.test_each_account_threshold_halt_and_missing_values_fail) ... ok
2026-10-07T07:41:14.9963759Z test_partial2021_is_required_and_small_return_is_not_daily_goal (test_cross_sectional_leader_v9.AccountGateTests.test_partial2021_is_required_and_small_return_is_not_daily_goal) ... ok
2026-10-07T07:41:15.0040597Z test_actual_next_open_risk_floor_gap_and_wide_stop (test_cross_sectional_leader_v9.EconomicTests.test_actual_next_open_risk_floor_gap_and_wide_stop) ... ok
2026-10-07T07:41:15.0177082Z test_adverse_gap_retained_and_entry_path_gap_excluded (test_cross_sectional_leader_v9.EconomicTests.test_adverse_gap_retained_and_entry_path_gap_excluded) ... ok
2026-10-07T07:41:15.0311788Z test_any_never_zero_imputes_missing_btc_and_align_requires_sign (test_cross_sectional_leader_v9.EconomicTests.test_any_never_zero_imputes_missing_btc_and_align_requires_sign) ... ok
2026-10-07T07:41:15.0385610Z test_canonical_tp3_and_minute_exclusion_and_costs (test_cross_sectional_leader_v9.EconomicTests.test_canonical_tp3_and_minute_exclusion_and_costs) ... ok
2026-10-07T07:41:15.0457366Z test_ceiling_tail_count_is_predeclared (test_cross_sectional_leader_v9.EconomicTests.test_ceiling_tail_count_is_predeclared) ... ok
2026-10-07T07:41:15.0515422Z test_closed_baseline_does_not_include_current_or_future_bars (test_cross_sectional_leader_v9.EconomicTests.test_closed_baseline_does_not_include_current_or_future_bars) ... ok
2026-10-07T07:41:15.0585927Z test_future_ohlc_does_not_change_intents_or_priority (test_cross_sectional_leader_v9.EconomicTests.test_future_ohlc_does_not_change_intents_or_priority) ... ok
2026-10-07T07:41:15.0853809Z test_mirrored_tail_and_resumption (test_cross_sectional_leader_v9.EconomicTests.test_mirrored_tail_and_resumption) ... ok
2026-10-07T07:41:15.0924422Z test_onset_is_contiguous_and_cooldown_ignores_future_exits (test_cross_sectional_leader_v9.EconomicTests.test_onset_is_contiguous_and_cooldown_ignores_future_exits) ... ok
2026-10-07T07:41:15.1516422Z test_residual_volume_flow_return_eligibility_and_breakout_filters (test_cross_sectional_leader_v9.EconomicTests.test_residual_volume_flow_return_eligibility_and_breakout_filters) ... ok
2026-10-07T07:41:15.1586175Z test_second_day_requires_consecutive_previous_tail (test_cross_sectional_leader_v9.EconomicTests.test_second_day_requires_consecutive_previous_tail) ... ok
2026-10-07T07:41:15.1590483Z test_sixteen_entries_and_ninety_six_policies (test_cross_sectional_leader_v9.EconomicTests.test_sixteen_entries_and_ninety_six_policies) ... ok
2026-10-07T07:41:15.1663351Z test_sl_applies_adverse_slip_and_full_cost_inclusive_r (test_cross_sectional_leader_v9.EconomicTests.test_sl_applies_adverse_slip_and_full_cost_inclusive_r) ... ok
2026-10-07T07:41:15.1739314Z test_absent_symbol_previous_date_or_stale_rank_never_backfilled (test_cross_sectional_leader_v9.RankTests.test_absent_symbol_previous_date_or_stale_rank_never_backfilled) ... ok
2026-10-07T07:41:18.4848517Z test_actual_file_map_reduce_load_and_scan_synthetic_pipeline (test_cross_sectional_leader_v9.RankTests.test_actual_file_map_reduce_load_and_scan_synthetic_pipeline) ... V9_RANK_MAP DEV 4 / 4 rows 20
2026-10-07T07:41:18.4868024Z V9_RANK_MAP_DONE DEV 20 source_files 4
2026-10-07T07:41:18.5476237Z V9_RANK_MAP DEV 4 / 4 rows 20
2026-10-07T07:41:18.5497393Z V9_RANK_MAP_DONE DEV 20 source_files 4
2026-10-07T07:41:18.6112724Z V9_RANK_MAP DEV 4 / 4 rows 20
2026-10-07T07:41:18.6133947Z V9_RANK_MAP_DONE DEV 20 source_files 4
2026-10-07T07:41:18.6757629Z V9_RANK_MAP DEV 4 / 4 rows 20
2026-10-07T07:41:18.6778093Z V9_RANK_MAP_DONE DEV 20 source_files 4
2026-10-07T07:41:18.7385918Z V9_RANK_MAP DEV 4 / 4 rows 20
2026-10-07T07:41:18.7406769Z V9_RANK_MAP_DONE DEV 20 source_files 4
2026-10-07T07:41:18.8018806Z V9_RANK_MAP DEV 4 / 4 rows 20
2026-10-07T07:41:18.8040005Z V9_RANK_MAP_DONE DEV 20 source_files 4
2026-10-07T07:41:18.8641705Z V9_RANK_MAP DEV 4 / 4 rows 20
2026-10-07T07:41:18.8662682Z V9_RANK_MAP_DONE DEV 20 source_files 4
2026-10-07T07:41:18.9274780Z V9_RANK_MAP DEV 4 / 4 rows 20
2026-10-07T07:41:18.9295908Z V9_RANK_MAP_DONE DEV 20 source_files 4
2026-10-07T07:41:18.9662549Z V9_RANK_REDUCE_DONE DEV {"map_rows": 160, "rank_rows": 160, "ranked_dates": 5, "minimum_universe": 30, "rank_data_sha256": "cff23a9b4629ff05a471858c7e5e777c3eee518373e7fcf262efe202e066e246"} excluded_low_universe_dates 0
2026-10-07T07:41:19.0597274Z V9_LEADER_SCAN DEV 4 / 4 parameterized_outcomes 0
2026-10-07T07:41:19.0629207Z V9_LEADER_SCAN_DONE DEV 0 chronology_exclusions 0
2026-10-07T07:41:19.0656972Z V9_RANK_MAP_REDUCE_SMOKE_PASS {"status": "PASS", "synthetic_only": true, "map_rows": 160, "rank_rows": 160, "symbols": 32, "maps": 8, "scan_complete": true, "availability_checks": 3, "reverse_input_order": "PASS", "market_profitability_claim": false}
2026-10-07T07:41:19.0702864Z ok
2026-10-07T07:41:19.0753474Z test_coin_gap_breaks_exact24h_snapshot (test_cross_sectional_leader_v9.RankTests.test_coin_gap_breaks_exact24h_snapshot) ... ok
2026-10-07T07:41:19.1211024Z test_eight_shard_reducer_and_verified_loader_round_trip (test_cross_sectional_leader_v9.RankTests.test_eight_shard_reducer_and_verified_loader_round_trip) ... V9_RANK_REDUCE_DONE DEV {"map_rows": 64, "rank_rows": 64, "ranked_dates": 2, "minimum_universe": 30, "rank_data_sha256": "08e45578ae99612f7d0aeeb228a86ffa3f584ab6d539b333d8a34276e01959c9"} excluded_low_universe_dates 0
2026-10-07T07:41:19.1330981Z ok
2026-10-07T07:41:19.1399256Z test_exact_midnight_and_one_closed_next_day_bar (test_cross_sectional_leader_v9.RankTests.test_exact_midnight_and_one_closed_next_day_bar) ... ok
2026-10-07T07:41:19.1460009Z test_full24h_snapshots_are_causal_and_missing_btc_is_excluded (test_cross_sectional_leader_v9.RankTests.test_full24h_snapshots_are_causal_and_missing_btc_is_excluded) ... ok
2026-10-07T07:41:19.1584077Z test_global_rank_is_independent_of_shard_order_and_ties (test_cross_sectional_leader_v9.RankTests.test_global_rank_is_independent_of_shard_order_and_ties) ... ok
2026-10-07T07:41:19.1753607Z test_invalid_duplicate_nonfinite_path_or_low_turnover_fails (test_cross_sectional_leader_v9.RankTests.test_invalid_duplicate_nonfinite_path_or_low_turnover_fails) ... ok
2026-10-07T07:41:19.1870914Z test_minimum_universe_excluded_and_recorded (test_cross_sectional_leader_v9.RankTests.test_minimum_universe_excluded_and_recorded) ... ok
2026-10-07T07:41:19.2994292Z test_missing_shard_altered_hash_or_context_fails_reducer (test_cross_sectional_leader_v9.RankTests.test_missing_shard_altered_hash_or_context_fails_reducer) ... ok
2026-10-07T07:41:19.2996628Z test_observed_days_counts_source_dates_not_future_or_missing_dates (test_cross_sectional_leader_v9.RankTests.test_observed_days_counts_source_dates_not_future_or_missing_dates) ... ok
2026-10-07T07:41:19.3449061Z test_rank_hash_and_rank_geometry_corruption_fail_closed (test_cross_sectional_leader_v9.RankTests.test_rank_hash_and_rank_geometry_corruption_fail_closed) ... V9_RANK_REDUCE_DONE DEV {"map_rows": 64, "rank_rows": 64, "ranked_dates": 2, "minimum_universe": 30, "rank_data_sha256": "08e45578ae99612f7d0aeeb228a86ffa3f584ab6d539b333d8a34276e01959c9"} excluded_low_universe_dates 0
2026-10-07T07:41:19.3589954Z ok
2026-10-07T07:41:19.6227937Z test_all96_cells_selection_and_union_are_preserved (test_cross_sectional_leader_v9.SelectionTests.test_all96_cells_selection_and_union_are_preserved) ... V9_LEADER_SELECT {"status": "ACCOUNT_REPLAY_REQUIRED", "cells_examined": 96, "selected": [{"key": "LEADER_S+1_T5_D1_ANY", "side": 1, "tail": 5, "persistence": 1, "btc": "ANY", "hold": 24, "exit_type": "TP2", "policy": "LEADER_S+1_T5_D1_ANY__H24__TP2", "development_net40_R": 0.5, "development_worst_year_day_R": 0.5}], "policies": [{"key": "LEADER_S+1_T5_D1_ANY", "side": 1, "tail": 5, "persistence": 1, "btc": "ANY", "hold": 24, "exit_type": "TP2", "policy": "LEADER_S+1_T5_D1_ANY__H24__TP2", "development_net40_R": 0.5, "development_worst_year_day_R": 0.5}], "union_name": "CROSS_SECTIONAL_LEADER_UNION", "rank_manifest_sha256": "300a54f20d8143e3db53309df0f4e794904a32ab152168953851353dcd2ab5ae", "rank_data_sha256": "dddddddddddddddddddddddddddddddddddddddddddddddddddddddddddddddd", "source_symbols": 8, "economic_surviving_cells": 1, "rejection_counts": {"N_LT_300": 95, "SYMBOLS_LT_10": 95, "TOP_SYMBOL_GT_30PCT": 95, "NET40_MEAN_BP_NONPOSITIVE": 95, "NET40_R_MEAN_NONPOSITIVE": 95, "2021_N": 95, "2021_DATES": 95, "2021_net40_R_NONPOSITIVE": 95, "2021_net40_mean_bp_NONPOSITIVE": 95, "2021_day_R_NONPOSITIVE": 95, "2022_N": 95, "2022_DATES": 95, "2022_net40_R_NONPOSITIVE": 95, "2022_net40_mean_bp_NONPOSITIVE": 95, "2022_day_R_NONPOSITIVE": 95, "2023_N": 95, "2023_DATES": 95, "2023_net40_R_NONPOSITIVE": 95, "2023_net40_mean_bp_NONPOSITIVE": 95, "2023_day_R_NONPOSITIVE": 95}, "note": "Overlapping parameterized outcomes and active-date means are diagnostics, not executable account profits."}
2026-10-07T07:41:19.6264504Z ok
2026-10-07T07:41:19.8991505Z test_each_year_price_r_and_active_date_frequency_are_hard_gates (test_cross_sectional_leader_v9.SelectionTests.test_each_year_price_r_and_active_date_frequency_are_hard_gates) ... V9_LEADER_SELECT {"status": "NO_DEVELOPMENT_POLICY_SURVIVOR", "cells_examined": 96, "selected": [], "policies": [], "union_name": "CROSS_SECTIONAL_LEADER_UNION", "rank_manifest_sha256": "300a54f20d8143e3db53309df0f4e794904a32ab152168953851353dcd2ab5ae", "rank_data_sha256": "dddddddddddddddddddddddddddddddddddddddddddddddddddddddddddddddd", "source_symbols": 8, "economic_surviving_cells": 0, "rejection_counts": {"2021_net40_mean_bp_NONPOSITIVE": 96, "N_LT_300": 95, "SYMBOLS_LT_10": 95, "TOP_SYMBOL_GT_30PCT": 95, "NET40_MEAN_BP_NONPOSITIVE": 95, "NET40_R_MEAN_NONPOSITIVE": 95, "2021_N": 95, "2021_DATES": 95, "2021_net40_R_NONPOSITIVE": 95, "2021_day_R_NONPOSITIVE": 95, "2022_N": 95, "2022_DATES": 95, "2022_net40_R_NONPOSITIVE": 95, "2022_net40_mean_bp_NONPOSITIVE": 95, "2022_day_R_NONPOSITIVE": 95, "2023_N": 95, "2023_DATES": 95, "2023_net40_R_NONPOSITIVE": 95, "2023_net40_mean_bp_NONPOSITIVE": 95, "2023_day_R_NONPOSITIVE": 95}, "note": "Overlapping parameterized outcomes and active-date means are diagnostics, not executable account profits."}
2026-10-07T07:41:20.1564455Z V9_LEADER_SELECT {"status": "NO_DEVELOPMENT_POLICY_SURVIVOR", "cells_examined": 96, "selected": [], "policies": [], "union_name": "CROSS_SECTIONAL_LEADER_UNION", "rank_manifest_sha256": "300a54f20d8143e3db53309df0f4e794904a32ab152168953851353dcd2ab5ae", "rank_data_sha256": "dddddddddddddddddddddddddddddddddddddddddddddddddddddddddddddddd", "source_symbols": 8, "economic_surviving_cells": 0, "rejection_counts": {"2021_net40_R_NONPOSITIVE": 96, "2021_day_R_NONPOSITIVE": 96, "N_LT_300": 95, "SYMBOLS_LT_10": 95, "TOP_SYMBOL_GT_30PCT": 95, "NET40_MEAN_BP_NONPOSITIVE": 95, "NET40_R_MEAN_NONPOSITIVE": 95, "2021_N": 95, "2021_DATES": 95, "2021_net40_mean_bp_NONPOSITIVE": 95, "2022_N": 95, "2022_DATES": 95, "2022_net40_R_NONPOSITIVE": 95, "2022_net40_mean_bp_NONPOSITIVE": 95, "2022_day_R_NONPOSITIVE": 95, "2023_N": 95, "2023_DATES": 95, "2023_net40_R_NONPOSITIVE": 95, "2023_net40_mean_bp_NONPOSITIVE": 95, "2023_day_R_NONPOSITIVE": 95}, "note": "Overlapping parameterized outcomes and active-date means are diagnostics, not executable account profits."}
2026-10-07T07:41:20.4131311Z V9_LEADER_SELECT {"status": "NO_DEVELOPMENT_POLICY_SURVIVOR", "cells_examined": 96, "selected": [], "policies": [], "union_name": "CROSS_SECTIONAL_LEADER_UNION", "rank_manifest_sha256": "300a54f20d8143e3db53309df0f4e794904a32ab152168953851353dcd2ab5ae", "rank_data_sha256": "dddddddddddddddddddddddddddddddddddddddddddddddddddddddddddddddd", "source_symbols": 8, "economic_surviving_cells": 0, "rejection_counts": {"2022_net40_mean_bp_NONPOSITIVE": 96, "N_LT_300": 95, "SYMBOLS_LT_10": 95, "TOP_SYMBOL_GT_30PCT": 95, "NET40_MEAN_BP_NONPOSITIVE": 95, "NET40_R_MEAN_NONPOSITIVE": 95, "2021_N": 95, "2021_DATES": 95, "2021_net40_R_NONPOSITIVE": 95, "2021_net40_mean_bp_NONPOSITIVE": 95, "2021_day_R_NONPOSITIVE": 95, "2022_N": 95, "2022_DATES": 95, "2022_net40_R_NONPOSITIVE": 95, "2022_day_R_NONPOSITIVE": 95, "2023_N": 95, "2023_DATES": 95, "2023_net40_R_NONPOSITIVE": 95, "2023_net40_mean_bp_NONPOSITIVE": 95, "2023_day_R_NONPOSITIVE": 95}, "note": "Overlapping parameterized outcomes and active-date means are diagnostics, not executable account profits."}
2026-10-07T07:41:20.6699925Z V9_LEADER_SELECT {"status": "NO_DEVELOPMENT_POLICY_SURVIVOR", "cells_examined": 96, "selected": [], "policies": [], "union_name": "CROSS_SECTIONAL_LEADER_UNION", "rank_manifest_sha256": "300a54f20d8143e3db53309df0f4e794904a32ab152168953851353dcd2ab5ae", "rank_data_sha256": "dddddddddddddddddddddddddddddddddddddddddddddddddddddddddddddddd", "source_symbols": 8, "economic_surviving_cells": 0, "rejection_counts": {"2022_net40_R_NONPOSITIVE": 96, "2022_day_R_NONPOSITIVE": 96, "N_LT_300": 95, "SYMBOLS_LT_10": 95, "TOP_SYMBOL_GT_30PCT": 95, "NET40_MEAN_BP_NONPOSITIVE": 95, "NET40_R_MEAN_NONPOSITIVE": 95, "2021_N": 95, "2021_DATES": 95, "2021_net40_R_NONPOSITIVE": 95, "2021_net40_mean_bp_NONPOSITIVE": 95, "2021_day_R_NONPOSITIVE": 95, "2022_N": 95, "2022_DATES": 95, "2022_net40_mean_bp_NONPOSITIVE": 95, "2023_N": 95, "2023_DATES": 95, "2023_net40_R_NONPOSITIVE": 95, "2023_net40_mean_bp_NONPOSITIVE": 95, "2023_day_R_NONPOSITIVE": 95}, "note": "Overlapping parameterized outcomes and active-date means are diagnostics, not executable account profits."}
2026-10-07T07:41:20.9281592Z V9_LEADER_SELECT {"status": "NO_DEVELOPMENT_POLICY_SURVIVOR", "cells_examined": 96, "selected": [], "policies": [], "union_name": "CROSS_SECTIONAL_LEADER_UNION", "rank_manifest_sha256": "300a54f20d8143e3db53309df0f4e794904a32ab152168953851353dcd2ab5ae", "rank_data_sha256": "dddddddddddddddddddddddddddddddddddddddddddddddddddddddddddddddd", "source_symbols": 8, "economic_surviving_cells": 0, "rejection_counts": {"2023_net40_mean_bp_NONPOSITIVE": 96, "N_LT_300": 95, "SYMBOLS_LT_10": 95, "TOP_SYMBOL_GT_30PCT": 95, "NET40_MEAN_BP_NONPOSITIVE": 95, "NET40_R_MEAN_NONPOSITIVE": 95, "2021_N": 95, "2021_DATES": 95, "2021_net40_R_NONPOSITIVE": 95, "2021_net40_mean_bp_NONPOSITIVE": 95, "2021_day_R_NONPOSITIVE": 95, "2022_N": 95, "2022_DATES": 95, "2022_net40_R_NONPOSITIVE": 95, "2022_net40_mean_bp_NONPOSITIVE": 95, "2022_day_R_NONPOSITIVE": 95, "2023_N": 95, "2023_DATES": 95, "2023_net40_R_NONPOSITIVE": 95, "2023_day_R_NONPOSITIVE": 95}, "note": "Overlapping parameterized outcomes and active-date means are diagnostics, not executable account profits."}
2026-10-07T07:41:21.1942021Z V9_LEADER_SELECT {"status": "NO_DEVELOPMENT_POLICY_SURVIVOR", "cells_examined": 96, "selected": [], "policies": [], "union_name": "CROSS_SECTIONAL_LEADER_UNION", "rank_manifest_sha256": "300a54f20d8143e3db53309df0f4e794904a32ab152168953851353dcd2ab5ae", "rank_data_sha256": "dddddddddddddddddddddddddddddddddddddddddddddddddddddddddddddddd", "source_symbols": 8, "economic_surviving_cells": 0, "rejection_counts": {"2023_net40_R_NONPOSITIVE": 96, "2023_day_R_NONPOSITIVE": 96, "N_LT_300": 95, "SYMBOLS_LT_10": 95, "TOP_SYMBOL_GT_30PCT": 95, "NET40_MEAN_BP_NONPOSITIVE": 95, "NET40_R_MEAN_NONPOSITIVE": 95, "2021_N": 95, "2021_DATES": 95, "2021_net40_R_NONPOSITIVE": 95, "2021_net40_mean_bp_NONPOSITIVE": 95, "2021_day_R_NONPOSITIVE": 95, "2022_N": 95, "2022_DATES": 95, "2022_net40_R_NONPOSITIVE": 95, "2022_net40_mean_bp_NONPOSITIVE": 95, "2022_day_R_NONPOSITIVE": 95, "2023_N": 95, "2023_DATES": 95, "2023_net40_mean_bp_NONPOSITIVE": 95}, "note": "Overlapping parameterized outcomes and active-date means are diagnostics, not executable account profits."}
2026-10-07T07:41:21.4516327Z V9_LEADER_SELECT {"status": "NO_DEVELOPMENT_POLICY_SURVIVOR", "cells_examined": 96, "selected": [], "policies": [], "union_name": "CROSS_SECTIONAL_LEADER_UNION", "rank_manifest_sha256": "300a54f20d8143e3db53309df0f4e794904a32ab152168953851353dcd2ab5ae", "rank_data_sha256": "dddddddddddddddddddddddddddddddddddddddddddddddddddddddddddddddd", "source_symbols": 8, "economic_surviving_cells": 0, "rejection_counts": {"2021_DATES": 96, "2022_DATES": 96, "2023_DATES": 96, "N_LT_300": 95, "SYMBOLS_LT_10": 95, "TOP_SYMBOL_GT_30PCT": 95, "NET40_MEAN_BP_NONPOSITIVE": 95, "NET40_R_MEAN_NONPOSITIVE": 95, "2021_N": 95, "2021_net40_R_NONPOSITIVE": 95, "2021_net40_mean_bp_NONPOSITIVE": 95, "2021_day_R_NONPOSITIVE": 95, "2022_N": 95, "2022_net40_R_NONPOSITIVE": 95, "2022_net40_mean_bp_NONPOSITIVE": 95, "2022_day_R_NONPOSITIVE": 95, "2023_N": 95, "2023_net40_R_NONPOSITIVE": 95, "2023_net40_mean_bp_NONPOSITIVE": 95, "2023_day_R_NONPOSITIVE": 95}, "note": "Overlapping parameterized outcomes and active-date means are diagnostics, not executable account profits."}
2026-10-07T07:41:21.4531273Z ok
2026-10-07T07:41:21.7088254Z test_empty_cells_still_count96_and_do_not_select (test_cross_sectional_leader_v9.SelectionTests.test_empty_cells_still_count96_and_do_not_select) ... V9_LEADER_SELECT {"status": "NO_DEVELOPMENT_POLICY_SURVIVOR", "cells_examined": 96, "selected": [], "policies": [], "union_name": "CROSS_SECTIONAL_LEADER_UNION", "rank_manifest_sha256": "300a54f20d8143e3db53309df0f4e794904a32ab152168953851353dcd2ab5ae", "rank_data_sha256": "dddddddddddddddddddddddddddddddddddddddddddddddddddddddddddddddd", "source_symbols": 8, "economic_surviving_cells": 0, "rejection_counts": {"N_LT_300": 96, "SYMBOLS_LT_10": 96, "TOP_SYMBOL_GT_30PCT": 96, "NET40_MEAN_BP_NONPOSITIVE": 96, "NET40_R_MEAN_NONPOSITIVE": 96, "2021_N": 96, "2021_DATES": 96, "2021_net40_R_NONPOSITIVE": 96, "2021_net40_mean_bp_NONPOSITIVE": 96, "2021_day_R_NONPOSITIVE": 96, "2022_N": 96, "2022_DATES": 96, "2022_net40_R_NONPOSITIVE": 96, "2022_net40_mean_bp_NONPOSITIVE": 96, "2022_day_R_NONPOSITIVE": 96, "2023_N": 96, "2023_DATES": 96, "2023_net40_R_NONPOSITIVE": 96, "2023_net40_mean_bp_NONPOSITIVE": 96, "2023_day_R_NONPOSITIVE": 96}, "note": "Overlapping parameterized outcomes and active-date means are diagnostics, not executable account profits."}
2026-10-07T07:41:21.7121743Z ok
2026-10-07T07:41:21.7722039Z test_incomplete_duplicate_shard_or_modified_ledger_fails (test_cross_sectional_leader_v9.SelectionTests.test_incomplete_duplicate_shard_or_modified_ledger_fails) ... ok
2026-10-07T07:41:21.7736945Z test_actual_max_hold_used_in_stop_risk_budget (test_day_edge_canonical.CanonicalTests.test_actual_max_hold_used_in_stop_risk_budget) ... ok
2026-10-07T07:41:21.7738299Z test_authoritative_mismatch_is_not_a_fake_loss (test_day_edge_canonical.CanonicalTests.test_authoritative_mismatch_is_not_a_fake_loss) ... ok
2026-10-07T07:41:21.7739416Z test_beyond_one_week_is_rejected (test_day_edge_canonical.CanonicalTests.test_beyond_one_week_is_rejected) ... ok
2026-10-07T07:41:21.7760467Z test_curve_preserves_peak_before_new_entry_cost (test_day_edge_canonical.CanonicalTests.test_curve_preserves_peak_before_new_entry_cost) ... ok
2026-10-07T07:41:21.7763118Z test_entry_bar_calls_authority_even_single_tp (test_day_edge_canonical.CanonicalTests.test_entry_bar_calls_authority_even_single_tp) ... ok
2026-10-07T07:41:21.7765272Z test_gap_sl_fills_at_worse_open (test_day_edge_canonical.CanonicalTests.test_gap_sl_fills_at_worse_open) ... ok
2026-10-07T07:41:21.7769742Z test_incomplete_shards_fail_closed (test_day_edge_canonical.CanonicalTests.test_incomplete_shards_fail_closed) ... ok
2026-10-07T07:41:21.7771232Z test_missing_path_is_excluded (test_day_edge_canonical.CanonicalTests.test_missing_path_is_excluded) ... ok
2026-10-07T07:41:21.7774394Z test_parent_collision_uses_minute_authority (test_day_edge_canonical.CanonicalTests.test_parent_collision_uses_minute_authority) ... ok
2026-10-07T07:41:21.7776638Z test_short_has_linear_entry_denominator (test_day_edge_canonical.CanonicalTests.test_short_has_linear_entry_denominator) ... ok
2026-10-07T07:41:21.7778432Z test_timeout_cannot_cross_split (test_day_edge_canonical.CanonicalTests.test_timeout_cannot_cross_split) ... ok
2026-10-07T07:41:21.7780151Z test_timeout_is_exact_seed_deadline (test_day_edge_canonical.CanonicalTests.test_timeout_is_exact_seed_deadline) ... ok
2026-10-07T07:41:21.7782139Z test_trailing_stop_only_activates_after_bar_close (test_day_edge_canonical.CanonicalTests.test_trailing_stop_only_activates_after_bar_close) ... ok
2026-10-07T07:41:21.7816000Z test_union_tie_uses_entry_priority_not_future_outcome (test_day_edge_canonical.CanonicalTests.test_union_tie_uses_entry_priority_not_future_outcome) ... ok
2026-10-07T07:41:21.7836219Z test_btc_missing_timestamp_is_not_forward_filled (test_day_edge_lab.ScoutTests.test_btc_missing_timestamp_is_not_forward_filled) ... ok
2026-10-07T07:41:21.7838028Z test_configurations_are_predeclared_and_distinct (test_day_edge_lab.ScoutTests.test_configurations_are_predeclared_and_distinct) ... ok
2026-10-07T07:41:21.7880748Z test_eligibility_uses_age_and_past_turnover (test_day_edge_lab.ScoutTests.test_eligibility_uses_age_and_past_turnover) ... ok
2026-10-07T07:41:21.7925967Z test_features_are_invariant_to_future_changes (test_day_edge_lab.ScoutTests.test_features_are_invariant_to_future_changes) ... ok
2026-10-07T07:41:21.7958391Z test_features_restart_after_gaps (test_day_edge_lab.ScoutTests.test_features_restart_after_gaps) ... ok
2026-10-07T07:41:21.7967682Z test_missing_bar_excludes_fixed_time_event (test_day_edge_lab.ScoutTests.test_missing_bar_excludes_fixed_time_event) ... ok
2026-10-07T07:41:21.8187904Z test_missing_year_cannot_pass_selection (test_day_edge_lab.ScoutTests.test_missing_year_cannot_pass_selection) ... MERGE_DONE {"status": "NO_CELL_PASSED_FROZEN_GATE", "cells_examined": 144, "shard_count": 1, "eligible_cells": [], "selected": [], "observations": "Overlapping across coins; NO account return inference."}
2026-10-07T07:41:21.8191853Z ok
2026-10-07T07:41:21.8199763Z test_next_open_entry_and_fixed_open_exit (test_day_edge_lab.ScoutTests.test_next_open_entry_and_fixed_open_exit) ... ok
2026-10-07T07:41:21.8215720Z test_outcome_cannot_cross_split (test_day_edge_lab.ScoutTests.test_outcome_cannot_cross_split) ... ok
2026-10-07T07:41:21.8233971Z test_quote_volume_baseline_excludes_latest_hour (test_day_edge_lab.ScoutTests.test_quote_volume_baseline_excludes_latest_hour) ... ok
2026-10-07T07:41:21.8239716Z test_scheduled_nonoverlap_does_not_use_outcome (test_day_edge_lab.ScoutTests.test_scheduled_nonoverlap_does_not_use_outcome) ... ok
2026-10-07T07:41:21.8245472Z test_short_has_linear_entry_denominator (test_day_edge_lab.ScoutTests.test_short_has_linear_entry_denominator) ... ok
2026-10-07T07:41:21.8247442Z test_signal_onset_uses_only_previous_closed_state (test_day_edge_lab.ScoutTests.test_signal_onset_uses_only_previous_closed_state) ... ok
2026-10-07T07:41:21.8444376Z test_all_immutable_cache_components_fail_closed_without_redownload (test_funding_crowding_v7.ArchiveTests.test_all_immutable_cache_components_fail_closed_without_redownload) ... ok
2026-10-07T07:41:21.8567866Z test_invalid_timestamp_interval_and_rate_are_rejected (test_funding_crowding_v7.ArchiveTests.test_invalid_timestamp_interval_and_rate_are_rejected) ... ok
2026-10-07T07:41:21.8577817Z test_missing_archive_is_recorded_explicitly (test_funding_crowding_v7.ArchiveTests.test_missing_archive_is_recorded_explicitly) ... ok
2026-10-07T07:41:21.8618834Z test_missing_checksum_and_mismatch_preserve_raw_failure_not_zero (test_funding_crowding_v7.ArchiveTests.test_missing_checksum_and_mismatch_preserve_raw_failure_not_zero) ... ok
2026-10-07T07:41:21.8650577Z test_official_header_and_headerless_arrays_agree (test_funding_crowding_v7.ArchiveTests.test_official_header_and_headerless_arrays_agree) ... ok
2026-10-07T07:41:21.8705541Z test_original_bytes_checksum_and_verified_cache_are_preserved (test_funding_crowding_v7.ArchiveTests.test_original_bytes_checksum_and_verified_cache_are_preserved) ... ok
2026-10-07T07:41:21.8733649Z test_original_minute_archive_is_retained_and_frozen_hash_cannot_be_replaced (test_funding_crowding_v7.ArchiveTests.test_original_minute_archive_is_retained_and_frozen_hash_cannot_be_replaced) ... ok
2026-10-07T07:41:21.8746524Z test_transient_exhaustion_stops_and_keeps_downloaded_bytes (test_funding_crowding_v7.ArchiveTests.test_transient_exhaustion_stops_and_keeps_downloaded_bytes) ... ok
2026-10-07T07:41:21.8772270Z test_asof_matches_independent_record_by_record_oracle (test_funding_crowding_v7.AvailabilityTests.test_asof_matches_independent_record_by_record_oracle) ... ok
2026-10-07T07:41:21.8792457Z test_future_funding_perturbation_cannot_change_earlier_decisions (test_funding_crowding_v7.AvailabilityTests.test_future_funding_perturbation_cannot_change_earlier_decisions) ... ok
2026-10-07T07:41:21.8798208Z test_lagged_timestamp_and_variable_interval_normalization (test_funding_crowding_v7.AvailabilityTests.test_lagged_timestamp_and_variable_interval_normalization) ... ok
2026-10-07T07:41:21.8807331Z test_missing_month_cannot_carry_previous_rate_and_stale_interval_expires (test_funding_crowding_v7.AvailabilityTests.test_missing_month_cannot_carry_previous_rate_and_stale_interval_expires) ... ok
2026-10-07T07:41:21.8822795Z test_stage_end_is_physically_filtered_and_previous_month_loaded (test_funding_crowding_v7.AvailabilityTests.test_stage_end_is_physically_filtered_and_previous_month_loaded) ... ok
2026-10-07T07:41:21.8828408Z test_twentyfour_hour_interval_still_expires_after_twelve_hours (test_funding_crowding_v7.AvailabilityTests.test_twentyfour_hour_interval_still_expires_after_twelve_hours) ... ok
2026-10-07T07:41:21.8832622Z test_actual_next_open_stop_and_priority_use_available_inputs (test_funding_crowding_v7.EconomicTimingTests.test_actual_next_open_stop_and_priority_use_available_inputs) ... ok
2026-10-07T07:41:21.8840215Z test_actual_risk_tp_and_shared_canonical_exclusion (test_funding_crowding_v7.EconomicTimingTests.test_actual_risk_tp_and_shared_canonical_exclusion) ... ok
2026-10-07T07:41:21.8843192Z test_any_btc_can_be_missing_but_alignment_requires_exact_direction (test_funding_crowding_v7.EconomicTimingTests.test_any_btc_can_be_missing_but_alignment_requires_exact_direction) ... ok
2026-10-07T07:41:21.8849655Z test_entry_gap_stop_floor_and_overwide_stop_are_explicit (test_funding_crowding_v7.EconomicTimingTests.test_entry_gap_stop_floor_and_overwide_stop_are_explicit) ... ok
2026-10-07T07:41:21.8855253Z test_flow_and_reclaim_reject_their_opposite_confirmations (test_funding_crowding_v7.EconomicTimingTests.test_flow_and_reclaim_reject_their_opposite_confirmations) ... ok
2026-10-07T07:41:21.8858315Z test_intent_cooldown_uses_fixed_history_not_future_exit (test_funding_crowding_v7.EconomicTimingTests.test_intent_cooldown_uses_fixed_history_not_future_exit) ... ok
2026-10-07T07:41:21.8871588Z test_mirrored_long_negative_short_positive_with_each_confirmation (test_funding_crowding_v7.EconomicTimingTests.test_mirrored_long_negative_short_positive_with_each_confirmation) ... ok
2026-10-07T07:41:21.8873870Z test_missing_funding_is_rejected_even_if_price_and_flow_pass (test_funding_crowding_v7.EconomicTimingTests.test_missing_funding_is_rejected_even_if_price_and_flow_pass) ... ok
2026-10-07T07:41:21.8931932Z test_prior_atr_range_and_volume_exclude_current_and_future_bars (test_funding_crowding_v7.EconomicTimingTests.test_prior_atr_range_and_volume_exclude_current_and_future_bars) ... ok
2026-10-07T07:41:21.8936312Z test_sixteen_entries_and_ninety_six_unique_frozen_policies (test_funding_crowding_v7.EconomicTimingTests.test_sixteen_entries_and_ninety_six_unique_frozen_policies) ... ok
2026-10-07T07:41:21.8938937Z test_duplicate_universe_coverage_cannot_be_counted_twice (test_funding_crowding_v7.SelectionCoverageTests.test_duplicate_universe_coverage_cannot_be_counted_twice) ... ok
2026-10-07T07:41:22.1428181Z test_full96cells_and_kst_year_selection_after95percent_gate (test_funding_crowding_v7.SelectionCoverageTests.test_full96cells_and_kst_year_selection_after95percent_gate) ... FUNDING_SELECT {"status": "ACCOUNT_REPLAY_REQUIRED", "cells_examined": 96, "selected": [{"key": "FUNDING_S+1_F5_RECLAIM_ANY", "side": 1, "threshold": 0.0005, "confirmation": "RECLAIM", "btc": "ANY", "hold": 24, "exit_type": "TP2", "policy": "FUNDING_S+1_F5_RECLAIM_ANY__H24__TP2", "development_net40_R": 0.5, "development_worst_year_day_R": 0.5}], "policies": [{"key": "FUNDING_S+1_F5_RECLAIM_ANY", "side": 1, "threshold": 0.0005, "confirmation": "RECLAIM", "btc": "ANY", "hold": 24, "exit_type": "TP2", "policy": "FUNDING_S+1_F5_RECLAIM_ANY__H24__TP2", "development_net40_R": 0.5, "development_worst_year_day_R": 0.5}], "union_name": "FUNDING_UNION", "funding_coverage": {"passed": true, "minimum_fraction": 0.95, "years": {"2022": {"eligible": 800, "known": 760, "unavailable": 40, "fraction": 0.95}, "2023": {"eligible": 800, "known": 760, "unavailable": 40, "fraction": 0.95}}, "symbols": 8}, "note": "Independent overlapping policies and active-entry-date means are diagnostics, not account profits."}
2026-10-07T07:41:22.1464965Z ok
2026-10-07T07:41:22.3925232Z test_positive_results_cannot_hide_input_insufficiency (test_funding_crowding_v7.SelectionCoverageTests.test_positive_results_cannot_hide_input_insufficiency) ... FUNDING_SELECT {"status": "SOURCE_COVERAGE_INSUFFICIENT", "cells_examined": 96, "selected": [], "policies": [], "union_name": "FUNDING_UNION", "funding_coverage": {"passed": false, "minimum_fraction": 0.95, "years": {"2022": {"eligible": 800, "known": 752, "unavailable": 48, "fraction": 0.94}, "2023": {"eligible": 800, "known": 760, "unavailable": 40, "fraction": 0.95}}, "symbols": 8}, "note": "Independent overlapping policies and active-entry-date means are diagnostics, not account profits."}
2026-10-07T07:41:22.3942324Z ok
2026-10-07T07:41:22.6398651Z test_price_r_date_frequency_and_empty_cells_reject_independently (test_funding_crowding_v7.SelectionCoverageTests.test_price_r_date_frequency_and_empty_cells_reject_independently) ... FUNDING_SELECT {"status": "NO_DEVELOPMENT_POLICY_SURVIVOR", "cells_examined": 96, "selected": [], "policies": [], "union_name": "FUNDING_UNION", "funding_coverage": {"passed": true, "minimum_fraction": 0.95, "years": {"2022": {"eligible": 800, "known": 760, "unavailable": 40, "fraction": 0.95}, "2023": {"eligible": 800, "known": 760, "unavailable": 40, "fraction": 0.95}}, "symbols": 8}, "note": "Independent overlapping policies and active-entry-date means are diagnostics, not account profits."}
2026-10-07T07:41:22.8893638Z FUNDING_SELECT {"status": "NO_DEVELOPMENT_POLICY_SURVIVOR", "cells_examined": 96, "selected": [], "policies": [], "union_name": "FUNDING_UNION", "funding_coverage": {"passed": true, "minimum_fraction": 0.95, "years": {"2022": {"eligible": 800, "known": 760, "unavailable": 40, "fraction": 0.95}, "2023": {"eligible": 800, "known": 760, "unavailable": 40, "fraction": 0.95}}, "symbols": 8}, "note": "Independent overlapping policies and active-entry-date means are diagnostics, not account profits."}
2026-10-07T07:41:23.1394808Z FUNDING_SELECT {"status": "NO_DEVELOPMENT_POLICY_SURVIVOR", "cells_examined": 96, "selected": [], "policies": [], "union_name": "FUNDING_UNION", "funding_coverage": {"passed": true, "minimum_fraction": 0.95, "years": {"2022": {"eligible": 800, "known": 760, "unavailable": 40, "fraction": 0.95}, "2023": {"eligible": 800, "known": 760, "unavailable": 40, "fraction": 0.95}}, "symbols": 8}, "note": "Independent overlapping policies and active-entry-date means are diagnostics, not account profits."}
2026-10-07T07:41:23.3744567Z FUNDING_SELECT {"status": "NO_DEVELOPMENT_POLICY_SURVIVOR", "cells_examined": 96, "selected": [], "policies": [], "union_name": "FUNDING_UNION", "funding_coverage": {"passed": true, "minimum_fraction": 0.95, "years": {"2022": {"eligible": 800, "known": 760, "unavailable": 40, "fraction": 0.95}, "2023": {"eligible": 800, "known": 760, "unavailable": 40, "fraction": 0.95}}, "symbols": 8}, "note": "Independent overlapping policies and active-entry-date means are diagnostics, not account profits."}
2026-10-07T07:41:23.3775162Z ok
2026-10-07T07:41:23.3785315Z test_checksum_mismatch_is_explicit_gap (test_liquidity_sweep_v5.MinuteTests.test_checksum_mismatch_is_explicit_gap) ... ok
2026-10-07T07:41:23.3798575Z test_definitive_missing_archive_and_checksum_excluded (test_liquidity_sweep_v5.MinuteTests.test_definitive_missing_archive_and_checksum_excluded) ... ok
2026-10-07T07:41:23.3842999Z test_exact_authoritative_slice_and_provenance_are_preserved (test_liquidity_sweep_v5.MinuteTests.test_exact_authoritative_slice_and_provenance_are_preserved) ... ok
2026-10-07T07:41:23.3851571Z test_exhausted_transient_error_is_not_fabricated_data_gap (test_liquidity_sweep_v5.MinuteTests.test_exhausted_transient_error_is_not_fabricated_data_gap) ... ok
2026-10-07T07:41:23.3909340Z test_gapped_or_bad_geometry_official_archive_excluded (test_liquidity_sweep_v5.MinuteTests.test_gapped_or_bad_geometry_official_archive_excluded) ... ok
2026-10-07T07:41:23.3951121Z test_legacy_cache_without_original_checksum_is_not_trusted (test_liquidity_sweep_v5.MinuteTests.test_legacy_cache_without_original_checksum_is_not_trusted) ... ok
2026-10-07T07:41:23.3999864Z test_official_header_and_headerless_values_agree (test_liquidity_sweep_v5.MinuteTests.test_official_header_and_headerless_values_agree) ... ok
2026-10-07T07:41:23.4047079Z test_original_zip_checksum_then_verified_cache (test_liquidity_sweep_v5.MinuteTests.test_original_zip_checksum_then_verified_cache) ... ok
2026-10-07T07:41:23.4055587Z test_shared_canonical_resolver_excludes_checksum_gap (test_liquidity_sweep_v5.MinuteTests.test_shared_canonical_resolver_excludes_checksum_gap) ... ok
2026-10-07T07:41:23.4093704Z test_shared_canonical_resolver_keeps_entry_minute_tp_only_as_loss (test_liquidity_sweep_v5.MinuteTests.test_shared_canonical_resolver_keeps_entry_minute_tp_only_as_loss) ... ok
2026-10-07T07:41:23.4135112Z test_verified_cache_corruption_fails_without_replacement (test_liquidity_sweep_v5.MinuteTests.test_verified_cache_corruption_fails_without_replacement) ... ok
2026-10-07T07:41:23.4201444Z test_actual_entry_and_closed_sweep_anchored_sl (test_liquidity_sweep_v5.SweepTests.test_actual_entry_and_closed_sweep_anchored_sl) ... ok
2026-10-07T07:41:23.6686866Z test_all_cells_preserved_and_year_is_kst (test_liquidity_sweep_v5.SweepTests.test_all_cells_preserved_and_year_is_kst) ... SWEEP_SELECT {"status": "ACCOUNT_REPLAY_REQUIRED", "cells_examined": 96, "selected": [{"key": "SWEEP_S+1_W48_A55_ANY", "side": 1, "window": 48, "flow": 0.55, "btc": "ANY", "hold": 24, "exit_type": "TP2", "policy": "SWEEP_S+1_W48_A55_ANY__H24__TP2", "development_net40_R": 0.5, "development_worst_year_day_R": 0.5}], "policies": [{"key": "SWEEP_S+1_W48_A55_ANY", "side": 1, "window": 48, "flow": 0.55, "btc": "ANY", "hold": 24, "exit_type": "TP2", "policy": "SWEEP_S+1_W48_A55_ANY__H24__TP2", "development_net40_R": 0.5, "development_worst_year_day_R": 0.5}], "union_name": "SWEEP_UNION", "note": "Independent overlapping policies and active-entry-date means are diagnostics, not account profits."}
2026-10-07T07:41:23.6723776Z ok
2026-10-07T07:41:23.6759615Z test_btc_missing_fails_alignment_but_any_ignores_it (test_liquidity_sweep_v5.SweepTests.test_btc_missing_fails_alignment_but_any_ignores_it) ... ok
2026-10-07T07:41:23.9189193Z test_clustered_entry_days_cannot_satisfy_frequency (test_liquidity_sweep_v5.SweepTests.test_clustered_entry_days_cannot_satisfy_frequency) ... SWEEP_SELECT {"status": "NO_DEVELOPMENT_POLICY_SURVIVOR", "cells_examined": 96, "selected": [], "policies": [], "union_name": "SWEEP_UNION", "note": "Independent overlapping policies and active-entry-date means are diagnostics, not account profits."}
2026-10-07T07:41:23.9207225Z ok
2026-10-07T07:41:23.9244453Z test_cooldown_uses_intents_not_future_outcomes (test_liquidity_sweep_v5.SweepTests.test_cooldown_uses_intents_not_future_outcomes) ... ok
2026-10-07T07:41:23.9247687Z test_empty_source_stops_before_minute_retrieval (test_liquidity_sweep_v5.SweepTests.test_empty_source_stops_before_minute_retrieval) ... ok
2026-10-07T07:41:23.9311296Z test_flow_threshold_boundary_is_symmetric (test_liquidity_sweep_v5.SweepTests.test_flow_threshold_boundary_is_symmetric) ... ok
2026-10-07T07:41:23.9409528Z test_future_perturbation_preserves_every_past_feature (test_liquidity_sweep_v5.SweepTests.test_future_perturbation_preserves_every_past_feature) ... ok
2026-10-07T07:41:23.9466945Z test_gaps_reset_range_and_volume_history (test_liquidity_sweep_v5.SweepTests.test_gaps_reset_range_and_volume_history) ... ok
2026-10-07T07:41:23.9471448Z test_grid_is_frozen_and_unique (test_liquidity_sweep_v5.SweepTests.test_grid_is_frozen_and_unique) ... ok
2026-10-07T07:41:23.9639125Z test_incomplete_parts_rejected (test_liquidity_sweep_v5.SweepTests.test_incomplete_parts_rejected) ... ok
2026-10-07T07:41:23.9673006Z test_invalid_gap_fill_is_not_a_valid_stop (test_liquidity_sweep_v5.SweepTests.test_invalid_gap_fill_is_not_a_valid_stop) ... ok
2026-10-07T07:41:23.9735418Z test_minimum_stop_and_above_eight_percent_exclusion (test_liquidity_sweep_v5.SweepTests.test_minimum_stop_and_above_eight_percent_exclusion) ... ok
2026-10-07T07:41:24.2162116Z test_positive_r_cannot_hide_negative_annual_price_return (test_liquidity_sweep_v5.SweepTests.test_positive_r_cannot_hide_negative_annual_price_return) ... SWEEP_SELECT {"status": "NO_DEVELOPMENT_POLICY_SURVIVOR", "cells_examined": 96, "selected": [], "policies": [], "union_name": "SWEEP_UNION", "note": "Independent overlapping policies and active-entry-date means are diagnostics, not account profits."}
2026-10-07T07:41:24.2178644Z ok
2026-10-07T07:41:24.2244097Z test_price_must_reject_inside_known_range (test_liquidity_sweep_v5.SweepTests.test_price_must_reject_inside_known_range) ... ok
2026-10-07T07:41:24.2305318Z test_prior_baselines_cannot_use_current_candle (test_liquidity_sweep_v5.SweepTests.test_prior_baselines_cannot_use_current_candle) ... ok
2026-10-07T07:41:24.2367874Z test_sides_require_opposite_aggressive_flow (test_liquidity_sweep_v5.SweepTests.test_sides_require_opposite_aggressive_flow) ... ok
2026-10-07T07:41:24.2399440Z test_sweep_has_prior_atr_minimum_distance (test_liquidity_sweep_v5.SweepTests.test_sweep_has_prior_atr_minimum_distance) ... ok
2026-10-07T07:41:24.2491311Z test_wick_body_and_volume_must_agree (test_liquidity_sweep_v5.SweepTests.test_wick_body_and_volume_must_agree) ... ok
2026-10-07T07:41:24.2539986Z test_404_checksum_failure_and_transient_are_not_zero_imputed (test_premium_absorption_v8.ArchiveTests.test_404_checksum_failure_and_transient_are_not_zero_imputed) ... ok
2026-10-07T07:41:24.2772812Z test_each_verified_cache_component_corruption_fails_without_redownload (test_premium_absorption_v8.ArchiveTests.test_each_verified_cache_component_corruption_fails_without_redownload) ... ok
2026-10-07T07:41:24.2781853Z test_exact_alignment_missing_month_and_stage_cut (test_premium_absorption_v8.ArchiveTests.test_exact_alignment_missing_month_and_stage_cut) ... ok
2026-10-07T07:41:24.2792396Z test_future_premium_cannot_change_prior_alignment (test_premium_absorption_v8.ArchiveTests.test_future_premium_cannot_change_prior_alignment) ... ok
2026-10-07T07:41:24.2921841Z test_invalid_width_header_timestamp_geometry_and_values_fail (test_premium_absorption_v8.ArchiveTests.test_invalid_width_header_timestamp_geometry_and_values_fail) ... ok
2026-10-07T07:41:24.2932616Z test_load_symbol_includes_previous_month_but_never_future_stage (test_premium_absorption_v8.ArchiveTests.test_load_symbol_includes_previous_month_but_never_future_stage) ... ok
2026-10-07T07:41:24.3002569Z test_original_checksum_npz_and_verified_cache_are_immutable (test_premium_absorption_v8.ArchiveTests.test_original_checksum_npz_and_verified_cache_are_immutable) ... ok
2026-10-07T07:41:24.3049207Z test_signed_header_and_headerless_arrays_agree (test_premium_absorption_v8.ArchiveTests.test_signed_header_and_headerless_arrays_agree) ... ok
2026-10-07T07:41:24.3107993Z test_current_and_future_price_cannot_change_prior_baselines (test_premium_absorption_v8.EconomicTests.test_current_and_future_price_cannot_change_prior_baselines) ... ok
2026-10-07T07:41:24.3113943Z test_entry_gap_floor_overwide_stop_and_path_gap_are_explicit (test_premium_absorption_v8.EconomicTests.test_entry_gap_floor_overwide_stop_and_path_gap_are_explicit) ... ok
2026-10-07T07:41:24.3116463Z test_fixed_intent_cooldown_not_future_exit (test_premium_absorption_v8.EconomicTests.test_fixed_intent_cooldown_not_future_exit) ... ok
2026-10-07T07:41:24.3123579Z test_flow_volume_price_and_btc_filters (test_premium_absorption_v8.EconomicTests.test_flow_volume_price_and_btc_filters) ... ok
2026-10-07T07:41:24.3131256Z test_mirrored_signed_dislocation_and_normalization (test_premium_absorption_v8.EconomicTests.test_mirrored_signed_dislocation_and_normalization) ... ok
2026-10-07T07:41:24.3134393Z test_missing_or_noncontiguous_premium_invalidates_signal (test_premium_absorption_v8.EconomicTests.test_missing_or_noncontiguous_premium_invalidates_signal) ... ok
2026-10-07T07:41:24.3138397Z test_next_open_actual_risk_priority_and_future_ohlc_independence (test_premium_absorption_v8.EconomicTests.test_next_open_actual_risk_priority_and_future_ohlc_independence) ... ok
2026-10-07T07:41:24.3140718Z test_normalization_magnitude_and_direction_are_hard_filters (test_premium_absorption_v8.EconomicTests.test_normalization_magnitude_and_direction_are_hard_filters) ... ok
2026-10-07T07:41:24.3147666Z test_shared_resolver_tp_and_exclusion (test_premium_absorption_v8.EconomicTests.test_shared_resolver_tp_and_exclusion) ... ok
2026-10-07T07:41:24.3152436Z test_sixteen_entries_ninety_six_policies (test_premium_absorption_v8.EconomicTests.test_sixteen_entries_ninety_six_policies) ... ok
2026-10-07T07:41:24.5665978Z test_2022_and_2023_price_and_r_still_hard_gates (test_premium_absorption_v8.SelectionTests.test_2022_and_2023_price_and_r_still_hard_gates) ... PREMIUM_SELECT {"status": "NO_DEVELOPMENT_POLICY_SURVIVOR", "cells_examined": 96, "selected": [], "policies": [], "union_name": "PREMIUM_ABSORPTION_UNION", "premium_coverage": {"passed": true, "minimum_fraction": 0.95, "years": {"2021": {"eligible": 800, "known": 760, "unavailable": 40, "fraction": 0.95}, "2022": {"eligible": 800, "known": 760, "unavailable": 40, "fraction": 0.95}, "2023": {"eligible": 800, "known": 760, "unavailable": 40, "fraction": 0.95}}, "symbols": 8}, "note": "Independent overlapping policies and active-entry-date means are diagnostics, not account profits."}
2026-10-07T07:41:24.8172141Z PREMIUM_SELECT {"status": "NO_DEVELOPMENT_POLICY_SURVIVOR", "cells_examined": 96, "selected": [], "policies": [], "union_name": "PREMIUM_ABSORPTION_UNION", "premium_coverage": {"passed": true, "minimum_fraction": 0.95, "years": {"2021": {"eligible": 800, "known": 760, "unavailable": 40, "fraction": 0.95}, "2022": {"eligible": 800, "known": 760, "unavailable": 40, "fraction": 0.95}, "2023": {"eligible": 800, "known": 760, "unavailable": 40, "fraction": 0.95}}, "symbols": 8}, "note": "Independent overlapping policies and active-entry-date means are diagnostics, not account profits."}
2026-10-07T07:41:25.0706902Z PREMIUM_SELECT {"status": "NO_DEVELOPMENT_POLICY_SURVIVOR", "cells_examined": 96, "selected": [], "policies": [], "union_name": "PREMIUM_ABSORPTION_UNION", "premium_coverage": {"passed": true, "minimum_fraction": 0.95, "years": {"2021": {"eligible": 800, "known": 760, "unavailable": 40, "fraction": 0.95}, "2022": {"eligible": 800, "known": 760, "unavailable": 40, "fraction": 0.95}, "2023": {"eligible": 800, "known": 760, "unavailable": 40, "fraction": 0.95}}, "symbols": 8}, "note": "Independent overlapping policies and active-entry-date means are diagnostics, not account profits."}
2026-10-07T07:41:25.3323519Z PREMIUM_SELECT {"status": "NO_DEVELOPMENT_POLICY_SURVIVOR", "cells_examined": 96, "selected": [], "policies": [], "union_name": "PREMIUM_ABSORPTION_UNION", "premium_coverage": {"passed": true, "minimum_fraction": 0.95, "years": {"2021": {"eligible": 800, "known": 760, "unavailable": 40, "fraction": 0.95}, "2022": {"eligible": 800, "known": 760, "unavailable": 40, "fraction": 0.95}, "2023": {"eligible": 800, "known": 760, "unavailable": 40, "fraction": 0.95}}, "symbols": 8}, "note": "Independent overlapping policies and active-entry-date means are diagnostics, not account profits."}
2026-10-07T07:41:25.3340162Z ok
2026-10-07T07:41:25.6008357Z test_95percent_three_year_coverage_and_all96cells (test_premium_absorption_v8.SelectionTests.test_95percent_three_year_coverage_and_all96cells) ... PREMIUM_SELECT {"status": "ACCOUNT_REPLAY_REQUIRED", "cells_examined": 96, "selected": [{"key": "PREMIUM_S+1_P5_N1_ANY", "side": 1, "threshold": 0.0005, "lookback": 1, "btc": "ANY", "hold": 24, "exit_type": "TP2", "policy": "PREMIUM_S+1_P5_N1_ANY__H24__TP2", "development_net40_R": 0.5, "development_worst_year_day_R": 0.5}], "policies": [{"key": "PREMIUM_S+1_P5_N1_ANY", "side": 1, "threshold": 0.0005, "lookback": 1, "btc": "ANY", "hold": 24, "exit_type": "TP2", "policy": "PREMIUM_S+1_P5_N1_ANY__H24__TP2", "development_net40_R": 0.5, "development_worst_year_day_R": 0.5}], "union_name": "PREMIUM_ABSORPTION_UNION", "premium_coverage": {"passed": true, "minimum_fraction": 0.95, "years": {"2021": {"eligible": 800, "known": 760, "unavailable": 40, "fraction": 0.95}, "2022": {"eligible": 800, "known": 760, "unavailable": 40, "fraction": 0.95}, "2023": {"eligible": 800, "known": 760, "unavailable": 40, "fraction": 0.95}}, "symbols": 8}, "note": "Independent overlapping policies and active-entry-date means are diagnostics, not account profits."}
2026-10-07T07:41:25.6038360Z ok
2026-10-07T07:41:25.8532894Z test_below_coverage_is_input_failure_not_alpha (test_premium_absorption_v8.SelectionTests.test_below_coverage_is_input_failure_not_alpha) ... PREMIUM_SELECT {"status": "SOURCE_COVERAGE_INSUFFICIENT", "cells_examined": 96, "selected": [], "policies": [], "union_name": "PREMIUM_ABSORPTION_UNION", "premium_coverage": {"passed": false, "minimum_fraction": 0.95, "years": {"2021": {"eligible": 800, "known": 752, "unavailable": 48, "fraction": 0.94}, "2022": {"eligible": 800, "known": 752, "unavailable": 48, "fraction": 0.94}, "2023": {"eligible": 800, "known": 752, "unavailable": 48, "fraction": 0.94}}, "symbols": 8}, "note": "Independent overlapping policies and active-entry-date means are diagnostics, not account profits."}
2026-10-07T07:41:25.8549231Z ok
2026-10-07T07:41:26.0901581Z test_duplicate_coverage_symbol_and_empty_cells (test_premium_absorption_v8.SelectionTests.test_duplicate_coverage_symbol_and_empty_cells) ... PREMIUM_SELECT {"status": "NO_DEVELOPMENT_POLICY_SURVIVOR", "cells_examined": 96, "selected": [], "policies": [], "union_name": "PREMIUM_ABSORPTION_UNION", "premium_coverage": {"passed": true, "minimum_fraction": 0.95, "years": {"2021": {"eligible": 800, "known": 760, "unavailable": 40, "fraction": 0.95}, "2022": {"eligible": 800, "known": 760, "unavailable": 40, "fraction": 0.95}, "2023": {"eligible": 800, "known": 760, "unavailable": 40, "fraction": 0.95}}, "symbols": 8}, "note": "Independent overlapping policies and active-entry-date means are diagnostics, not account profits."}
2026-10-07T07:41:26.0929759Z ok
2026-10-07T07:41:26.3384722Z test_partial2021_price_r_date_and_frequency_are_hard_gates (test_premium_absorption_v8.SelectionTests.test_partial2021_price_r_date_and_frequency_are_hard_gates) ... PREMIUM_SELECT {"status": "NO_DEVELOPMENT_POLICY_SURVIVOR", "cells_examined": 96, "selected": [], "policies": [], "union_name": "PREMIUM_ABSORPTION_UNION", "premium_coverage": {"passed": true, "minimum_fraction": 0.95, "years": {"2021": {"eligible": 800, "known": 760, "unavailable": 40, "fraction": 0.95}, "2022": {"eligible": 800, "known": 760, "unavailable": 40, "fraction": 0.95}, "2023": {"eligible": 800, "known": 760, "unavailable": 40, "fraction": 0.95}}, "symbols": 8}, "note": "Independent overlapping policies and active-entry-date means are diagnostics, not account profits."}
2026-10-07T07:41:26.5848182Z PREMIUM_SELECT {"status": "NO_DEVELOPMENT_POLICY_SURVIVOR", "cells_examined": 96, "selected": [], "policies": [], "union_name": "PREMIUM_ABSORPTION_UNION", "premium_coverage": {"passed": true, "minimum_fraction": 0.95, "years": {"2021": {"eligible": 800, "known": 760, "unavailable": 40, "fraction": 0.95}, "2022": {"eligible": 800, "known": 760, "unavailable": 40, "fraction": 0.95}, "2023": {"eligible": 800, "known": 760, "unavailable": 40, "fraction": 0.95}}, "symbols": 8}, "note": "Independent overlapping policies and active-entry-date means are diagnostics, not account profits."}
2026-10-07T07:41:26.8323150Z PREMIUM_SELECT {"status": "NO_DEVELOPMENT_POLICY_SURVIVOR", "cells_examined": 96, "selected": [], "policies": [], "union_name": "PREMIUM_ABSORPTION_UNION", "premium_coverage": {"passed": true, "minimum_fraction": 0.95, "years": {"2021": {"eligible": 800, "known": 760, "unavailable": 40, "fraction": 0.95}, "2022": {"eligible": 800, "known": 760, "unavailable": 40, "fraction": 0.95}, "2023": {"eligible": 800, "known": 760, "unavailable": 40, "fraction": 0.95}}, "symbols": 8}, "note": "Independent overlapping policies and active-entry-date means are diagnostics, not account profits."}
2026-10-07T07:41:27.0797774Z PREMIUM_SELECT {"status": "NO_DEVELOPMENT_POLICY_SURVIVOR", "cells_examined": 96, "selected": [], "policies": [], "union_name": "PREMIUM_ABSORPTION_UNION", "premium_coverage": {"passed": true, "minimum_fraction": 0.95, "years": {"2021": {"eligible": 800, "known": 760, "unavailable": 40, "fraction": 0.95}, "2022": {"eligible": 800, "known": 760, "unavailable": 40, "fraction": 0.95}, "2023": {"eligible": 800, "known": 760, "unavailable": 40, "fraction": 0.95}}, "symbols": 8}, "note": "Independent overlapping policies and active-entry-date means are diagnostics, not account profits."}
2026-10-07T07:41:27.0813610Z ok
2026-10-07T07:41:27.0818852Z test_entry_minute_both_is_loss (test_relative_pullback_v1.ChronologyTests.test_entry_minute_both_is_loss) ... ok
2026-10-07T07:41:27.0821501Z test_entry_minute_sl_is_loss (test_relative_pullback_v1.ChronologyTests.test_entry_minute_sl_is_loss) ... ok
2026-10-07T07:41:27.0824194Z test_entry_minute_tp_is_loss (test_relative_pullback_v1.ChronologyTests.test_entry_minute_tp_is_loss) ... ok
2026-10-07T07:41:27.0827441Z test_entry_price_mismatch_is_excluded (test_relative_pullback_v1.ChronologyTests.test_entry_price_mismatch_is_excluded) ... ok
2026-10-07T07:41:27.0829366Z test_established_first_minute_tp_is_win (test_relative_pullback_v1.ChronologyTests.test_established_first_minute_tp_is_win) ... ok
2026-10-07T07:41:27.0831685Z test_established_same_minute_both_is_loss (test_relative_pullback_v1.ChronologyTests.test_established_same_minute_both_is_loss) ... ok
2026-10-07T07:41:27.0834248Z test_later_sl_proven_before_tp (test_relative_pullback_v1.ChronologyTests.test_later_sl_proven_before_tp) ... ok
2026-10-07T07:41:27.0838518Z test_later_tp_proven_before_sl (test_relative_pullback_v1.ChronologyTests.test_later_tp_proven_before_sl) ... ok
2026-10-07T07:41:27.0840376Z test_official_data_gap_is_excluded (test_relative_pullback_v1.ChronologyTests.test_official_data_gap_is_excluded) ... ok
2026-10-07T07:41:27.0843270Z test_parent_exit_not_reproduced_is_mismatch (test_relative_pullback_v1.ChronologyTests.test_parent_exit_not_reproduced_is_mismatch) ... ok
2026-10-07T07:41:27.0845576Z test_short_entry_touch_is_loss (test_relative_pullback_v1.ChronologyTests.test_short_entry_touch_is_loss) ... ok
2026-10-07T07:41:27.0848112Z test_short_later_tp_is_win (test_relative_pullback_v1.ChronologyTests.test_short_later_tp_is_win) ... ok
2026-10-07T07:41:27.0878108Z test_cash_equals_sum_of_net_trade_pnls (test_relative_pullback_v1.PortfolioTests.test_cash_equals_sum_of_net_trade_pnls) ... ok
2026-10-07T07:41:27.0904356Z test_day_loss_blocks_later_entry (test_relative_pullback_v1.PortfolioTests.test_day_loss_blocks_later_entry) ... ok
2026-10-07T07:41:27.0948981Z test_drawdown_halt_is_permanent_within_split (test_relative_pullback_v1.PortfolioTests.test_drawdown_halt_is_permanent_within_split) ... ok
2026-10-07T07:41:27.0983647Z test_empty_days_are_in_denominator_and_korea_aligned (test_relative_pullback_v1.PortfolioTests.test_empty_days_are_in_denominator_and_korea_aligned) ... ok
2026-10-07T07:41:27.1031007Z test_half_risk_latches_into_next_day (test_relative_pullback_v1.PortfolioTests.test_half_risk_latches_into_next_day) ... ok
2026-10-07T07:41:27.1059511Z test_profit_above_two_percent_does_not_block_entry (test_relative_pullback_v1.PortfolioTests.test_profit_above_two_percent_does_not_block_entry) ... ok
2026-10-07T07:41:27.1083054Z test_same_symbol_opposite_signal_is_rejected (test_relative_pullback_v1.PortfolioTests.test_same_symbol_opposite_signal_is_rejected) ... ok
2026-10-07T07:41:27.1106721Z test_short_position_accounting (test_relative_pullback_v1.PortfolioTests.test_short_position_accounting) ... ok
2026-10-07T07:41:27.1136054Z test_simultaneous_risk_and_six_slot_caps (test_relative_pullback_v1.PortfolioTests.test_simultaneous_risk_and_six_slot_caps) ... ok
2026-10-07T07:41:27.1148293Z test_split_crossing_outcome_is_rejected (test_relative_pullback_v1.PortfolioTests.test_split_crossing_outcome_is_rejected) ... ok
2026-10-07T07:41:27.1149950Z test_gap_stop_fills_at_worse_open (test_relative_pullback_v1.SignalTests.test_gap_stop_fills_at_worse_open) ... ok
2026-10-07T07:41:27.1159171Z test_hour_only_becomes_available_when_closed (test_relative_pullback_v1.SignalTests.test_hour_only_becomes_available_when_closed) ... ok
2026-10-07T07:41:27.1208432Z test_indicators_do_not_use_future_candles (test_relative_pullback_v1.SignalTests.test_indicators_do_not_use_future_candles) ... ok
2026-10-07T07:41:27.1234182Z test_indicators_restart_after_data_gap (test_relative_pullback_v1.SignalTests.test_indicators_restart_after_data_gap) ... ok
2026-10-07T07:41:27.1235856Z test_missing_timeout_path_is_excluded (test_relative_pullback_v1.SignalTests.test_missing_timeout_path_is_excluded) ... ok
2026-10-07T07:41:27.1246453Z test_short_return_uses_linear_entry_denominator (test_relative_pullback_v1.SignalTests.test_short_return_uses_linear_entry_denominator) ... ok
2026-10-07T07:41:27.1247622Z test_signal_confirmed_close_and_next_open_alignment (test_relative_pullback_v1.SignalTests.test_signal_confirmed_close_and_next_open_alignment) ... ok
2026-10-07T07:41:27.1248887Z test_timeout_is_exactly_twelve_hours (test_relative_pullback_v1.SignalTests.test_timeout_is_exactly_twelve_hours) ... ok
2026-10-07T07:41:27.1256170Z test_archive_keeps_failed_evidence_and_validates_exact_copy (test_research_evidence_archive.EvidenceTests.test_archive_keeps_failed_evidence_and_validates_exact_copy) ... EVIDENCE_ARCHIVED failed-study 2 files 48 bytes
2026-10-07T07:41:27.1261396Z ok
2026-10-07T07:41:27.1280750Z test_incomplete_cache_is_rejected_and_failure_saved (test_research_evidence_archive.EvidenceTests.test_incomplete_cache_is_rejected_and_failure_saved) ... ok
2026-10-07T07:41:27.1303638Z test_matches_full_catalogue_stats_and_prior_sha256 (test_research_evidence_archive.EvidenceTests.test_matches_full_catalogue_stats_and_prior_sha256) ... FROZEN_SOURCE_VERIFIED 1 files 1 prior SHA256 matches
2026-10-07T07:41:27.1307341Z ok
2026-10-07T07:41:27.1340990Z test_same_stats_but_changed_source_bytes_are_rejected (test_research_evidence_archive.EvidenceTests.test_same_stats_but_changed_source_bytes_are_rejected) ... ok
2026-10-07T07:41:27.1348894Z test_incomplete_curve_cannot_be_silently_filled (test_saved_calendar_audit.SavedCalendarTests.test_incomplete_curve_cannot_be_silently_filled) ... ok
2026-10-07T07:41:27.1442336Z test_reconstruction_keeps_entries_on_both_partial_days_and_midnight (test_saved_calendar_audit.SavedCalendarTests.test_reconstruction_keeps_entries_on_both_partial_days_and_midnight) ... ok
2026-10-07T07:41:27.1471226Z test_cooldown_is_fixed_not_outcome_conditioned (test_shock_confirmation_v3.ConfirmTests.test_cooldown_is_fixed_not_outcome_conditioned) ... ok
2026-10-07T07:41:27.1549592Z test_features_ignore_future_prices_and_flow (test_shock_confirmation_v3.ConfirmTests.test_features_ignore_future_prices_and_flow) ... ok
2026-10-07T07:41:27.1575534Z test_flow_share_uses_actual_quote_ratio (test_shock_confirmation_v3.ConfirmTests.test_flow_share_uses_actual_quote_ratio) ... ok
2026-10-07T07:41:27.1622423Z test_future_confirming_bar_cannot_move_old_stop (test_shock_confirmation_v3.ConfirmTests.test_future_confirming_bar_cannot_move_old_stop) ... ok
2026-10-07T07:41:27.1665629Z test_gap_restarts_recent_shock_and_stop_window (test_shock_confirmation_v3.ConfirmTests.test_gap_restarts_recent_shock_and_stop_window) ... ok
2026-10-07T07:41:27.1669451Z test_predeclared_grid (test_shock_confirmation_v3.ConfirmTests.test_predeclared_grid) ... ok
2026-10-07T07:41:27.1694031Z test_shock_window_excludes_current_confirming_bar (test_shock_confirmation_v3.ConfirmTests.test_shock_window_excludes_current_confirming_bar) ... ok
2026-10-07T07:41:27.1698469Z test_structural_stop_and_actual_fill_risk (test_shock_confirmation_v3.ConfirmTests.test_structural_stop_and_actual_fill_risk) ... ok
2026-10-07T07:41:27.1699592Z 
2026-10-07T07:41:27.1699832Z ----------------------------------------------------------------------
2026-10-07T07:41:27.1700402Z Ran 589 tests in 60.891s
2026-10-07T07:41:27.1700735Z 
2026-10-07T07:41:27.1700894Z OK
2026-10-07T07:41:27.1701281Z V26_TEST_RESULT 589 0 0 True
2026-10-07T07:41:27.6923656Z PASS long_preentry_tp_ignored win
2026-10-07T07:41:27.6924362Z PASS long_entry_same1m_tp_loss loss
2026-10-07T07:41:27.6925162Z PASS long_gap_through_entry_then_tp win
2026-10-07T07:41:27.6925787Z PASS short_gap_through_entry_then_tp win
2026-10-07T07:41:27.6926221Z PASS long_entry_same1m_sl_loss loss
2026-10-07T07:41:27.6926638Z PASS long_entry_same1m_both_loss loss
2026-10-07T07:41:27.6927051Z PASS long_entry_then_tp win
2026-10-07T07:41:27.6927417Z PASS long_entry_then_sl loss
2026-10-07T07:41:27.6927837Z PASS long_preentry_tp_then_entry_continue continue
2026-10-07T07:41:27.6928387Z PASS long_entry_not_seen_entry_mismatch entry_mismatch
2026-10-07T07:41:27.6928908Z PASS long_established_same1m_both_loss loss
2026-10-07T07:41:27.6929512Z PASS long_established_parent_collision_not_seen_exit_mismatch exit_mismatch
2026-10-07T07:41:27.6930123Z PASS short_entry_same1m_tp_loss loss
2026-10-07T07:41:27.6930531Z PASS short_entry_same1m_sl_loss loss
2026-10-07T07:41:27.6931137Z PASS short_entry_then_tp win
2026-10-07T07:41:27.6931436Z PASS short_entry_then_sl loss
2026-10-07T07:41:27.6931755Z PASS short_preentry_tp_then_entry_continue continue
2026-10-07T07:41:27.6932114Z ALL_CHRONOLOGY_SMOKE_PASS
2026-10-07T07:41:27.6932391Z PASS resample_exact_buckets
2026-10-07T07:41:27.6932670Z PASS psar_open_causality
2026-10-07T07:41:27.6932948Z PASS psar_burnin_initialization_sanity
2026-10-07T07:41:27.6933268Z PASS binance_1m_header_contract
2026-10-07T07:41:27.6933547Z ALL_CANONICAL_INVARIANTS_PASS
2026-10-07T07:41:27.7999576Z V26_CHECKPOINT_IDENTITY_AND_DIAGNOSTIC_STATUS_PASS
2026-10-07T07:41:28.6032498Z V26_ORIGINAL_DEV_HASH_AND_COHORT_PASS 64
2026-10-07T07:41:28.6569064Z V26_MARKET_UNIVERSE_VERIFIED 8 8
2026-10-07T07:41:28.8149472Z V26_ACCOUNT DEV__DAILY_S-1_D05_ANY_A15__H672__R20__20bp__guarded {"trades": 4, "net_return_pct": 0.06892721958260406, "mdd_15m_pct": 0.05734698806968419, "pf": null, "day_ge_0_7_pct": 0.0}
2026-10-07T07:41:28.8636652Z V26_ACCOUNT DEV__DAILY_S-1_D05_ANY_A15__H672__R20__20bp__unguarded_diagnostic {"trades": 4, "net_return_pct": 0.06892721958260406, "mdd_15m_pct": 0.05734698806968419, "pf": null, "day_ge_0_7_pct": 0.0}
2026-10-07T07:41:28.9173166Z V26_ACCOUNT DEV__DAILY_S-1_D05_ANY_A15__H672__R20__40bp__guarded {"trades": 4, "net_return_pct": 0.030224085187713357, "mdd_15m_pct": 0.09366844740336111, "pf": null, "day_ge_0_7_pct": 0.0}
2026-10-07T07:41:28.9659842Z V26_ACCOUNT DEV__DAILY_S-1_D05_ANY_A15__H672__R20__40bp__unguarded_diagnostic {"trades": 4, "net_return_pct": 0.030224085187713357, "mdd_15m_pct": 0.09366844740336111, "pf": null, "day_ge_0_7_pct": 0.0}
2026-10-07T07:41:29.0203884Z V26_ACCOUNT GATE__DAILY_S-1_D05_ANY_A15__H672__R20__20bp__guarded {"trades": 4, "net_return_pct": 0.06947068100149334, "mdd_15m_pct": 0.05690761696548474, "pf": null, "day_ge_0_7_pct": 0.0}
2026-10-07T07:41:29.0695226Z V26_ACCOUNT GATE__DAILY_S-1_D05_ANY_A15__H672__R20__20bp__unguarded_diagnostic {"trades": 4, "net_return_pct": 0.06947068100149334, "mdd_15m_pct": 0.05690761696548474, "pf": null, "day_ge_0_7_pct": 0.0}
2026-10-07T07:41:29.1231425Z V26_ACCOUNT GATE__DAILY_S-1_D05_ANY_A15__H672__R20__40bp__guarded {"trades": 4, "net_return_pct": 0.031048178502501855, "mdd_15m_pct": 0.09296437663445234, "pf": null, "day_ge_0_7_pct": 0.0}
2026-10-07T07:41:29.1727335Z V26_ACCOUNT GATE__DAILY_S-1_D05_ANY_A15__H672__R20__40bp__unguarded_diagnostic {"trades": 4, "net_return_pct": 0.031048178502501855, "mdd_15m_pct": 0.09296437663445234, "pf": null, "day_ge_0_7_pct": 0.0}
2026-10-07T07:41:29.3323065Z V26_ACCOUNT DEV__DAILY_S-1_D05_ANY_A25__H672__R20__20bp__guarded {"trades": 4, "net_return_pct": 0.06892721958260406, "mdd_15m_pct": 0.05734698806968419, "pf": null, "day_ge_0_7_pct": 0.0}
2026-10-07T07:41:29.3811599Z V26_ACCOUNT DEV__DAILY_S-1_D05_ANY_A25__H672__R20__20bp__unguarded_diagnostic {"trades": 4, "net_return_pct": 0.06892721958260406, "mdd_15m_pct": 0.05734698806968419, "pf": null, "day_ge_0_7_pct": 0.0}
2026-10-07T07:41:29.4353931Z V26_ACCOUNT DEV__DAILY_S-1_D05_ANY_A25__H672__R20__40bp__guarded {"trades": 4, "net_return_pct": 0.030224085187713357, "mdd_15m_pct": 0.09366844740336111, "pf": null, "day_ge_0_7_pct": 0.0}
2026-10-07T07:41:29.4852502Z V26_ACCOUNT DEV__DAILY_S-1_D05_ANY_A25__H672__R20__40bp__unguarded_diagnostic {"trades": 4, "net_return_pct": 0.030224085187713357, "mdd_15m_pct": 0.09366844740336111, "pf": null, "day_ge_0_7_pct": 0.0}
2026-10-07T07:41:29.5405596Z V26_ACCOUNT GATE__DAILY_S-1_D05_ANY_A25__H672__R20__20bp__guarded {"trades": 4, "net_return_pct": 0.06947068100149334, "mdd_15m_pct": 0.05690761696548474, "pf": null, "day_ge_0_7_pct": 0.0}
2026-10-07T07:41:29.5930042Z V26_ACCOUNT GATE__DAILY_S-1_D05_ANY_A25__H672__R20__20bp__unguarded_diagnostic {"trades": 4, "net_return_pct": 0.06947068100149334, "mdd_15m_pct": 0.05690761696548474, "pf": null, "day_ge_0_7_pct": 0.0}
2026-10-07T07:41:29.6470972Z V26_ACCOUNT GATE__DAILY_S-1_D05_ANY_A25__H672__R20__40bp__guarded {"trades": 4, "net_return_pct": 0.031048178502501855, "mdd_15m_pct": 0.09296437663445234, "pf": null, "day_ge_0_7_pct": 0.0}
2026-10-07T07:41:29.6970192Z V26_ACCOUNT GATE__DAILY_S-1_D05_ANY_A25__H672__R20__40bp__unguarded_diagnostic {"trades": 4, "net_return_pct": 0.031048178502501855, "mdd_15m_pct": 0.09296437663445234, "pf": null, "day_ge_0_7_pct": 0.0}
2026-10-07T07:41:29.8566958Z V26_ACCOUNT DEV__DAILY_S-1_D05_ALIGN20_A15__H672__R20__20bp__guarded {"trades": 4, "net_return_pct": 0.06892721958260406, "mdd_15m_pct": 0.05734698806968419, "pf": null, "day_ge_0_7_pct": 0.0}
2026-10-07T07:41:29.9055985Z V26_ACCOUNT DEV__DAILY_S-1_D05_ALIGN20_A15__H672__R20__20bp__unguarded_diagnostic {"trades": 4, "net_return_pct": 0.06892721958260406, "mdd_15m_pct": 0.05734698806968419, "pf": null, "day_ge_0_7_pct": 0.0}
2026-10-07T07:41:29.9586502Z V26_ACCOUNT DEV__DAILY_S-1_D05_ALIGN20_A15__H672__R20__40bp__guarded {"trades": 4, "net_return_pct": 0.030224085187713357, "mdd_15m_pct": 0.09366844740336111, "pf": null, "day_ge_0_7_pct": 0.0}
2026-10-07T07:41:30.0076641Z V26_ACCOUNT DEV__DAILY_S-1_D05_ALIGN20_A15__H672__R20__40bp__unguarded_diagnostic {"trades": 4, "net_return_pct": 0.030224085187713357, "mdd_15m_pct": 0.09366844740336111, "pf": null, "day_ge_0_7_pct": 0.0}
2026-10-07T07:41:30.0618485Z V26_ACCOUNT GATE__DAILY_S-1_D05_ALIGN20_A15__H672__R20__20bp__guarded {"trades": 4, "net_return_pct": 0.06947068100149334, "mdd_15m_pct": 0.05690761696548474, "pf": null, "day_ge_0_7_pct": 0.0}
2026-10-07T07:41:30.1113319Z V26_ACCOUNT GATE__DAILY_S-1_D05_ALIGN20_A15__H672__R20__20bp__unguarded_diagnostic {"trades": 4, "net_return_pct": 0.06947068100149334, "mdd_15m_pct": 0.05690761696548474, "pf": null, "day_ge_0_7_pct": 0.0}
2026-10-07T07:41:30.1654825Z V26_ACCOUNT GATE__DAILY_S-1_D05_ALIGN20_A15__H672__R20__40bp__guarded {"trades": 4, "net_return_pct": 0.031048178502501855, "mdd_15m_pct": 0.09296437663445234, "pf": null, "day_ge_0_7_pct": 0.0}
2026-10-07T07:41:30.2149615Z V26_ACCOUNT GATE__DAILY_S-1_D05_ALIGN20_A15__H672__R20__40bp__unguarded_diagnostic {"trades": 4, "net_return_pct": 0.031048178502501855, "mdd_15m_pct": 0.09296437663445234, "pf": null, "day_ge_0_7_pct": 0.0}
2026-10-07T07:41:30.3745897Z V26_ACCOUNT DEV__DAILY_S-1_D05_ALIGN20_A25__H672__R20__20bp__guarded {"trades": 4, "net_return_pct": 0.06892721958260406, "mdd_15m_pct": 0.05734698806968419, "pf": null, "day_ge_0_7_pct": 0.0}
2026-10-07T07:41:30.4245379Z V26_ACCOUNT DEV__DAILY_S-1_D05_ALIGN20_A25__H672__R20__20bp__unguarded_diagnostic {"trades": 4, "net_return_pct": 0.06892721958260406, "mdd_15m_pct": 0.05734698806968419, "pf": null, "day_ge_0_7_pct": 0.0}
2026-10-07T07:41:30.4779308Z V26_ACCOUNT DEV__DAILY_S-1_D05_ALIGN20_A25__H672__R20__40bp__guarded {"trades": 4, "net_return_pct": 0.030224085187713357, "mdd_15m_pct": 0.09366844740336111, "pf": null, "day_ge_0_7_pct": 0.0}
2026-10-07T07:41:30.5277460Z V26_ACCOUNT DEV__DAILY_S-1_D05_ALIGN20_A25__H672__R20__40bp__unguarded_diagnostic {"trades": 4, "net_return_pct": 0.030224085187713357, "mdd_15m_pct": 0.09366844740336111, "pf": null, "day_ge_0_7_pct": 0.0}
2026-10-07T07:41:30.5828019Z V26_ACCOUNT GATE__DAILY_S-1_D05_ALIGN20_A25__H672__R20__20bp__guarded {"trades": 4, "net_return_pct": 0.06947068100149334, "mdd_15m_pct": 0.05690761696548474, "pf": null, "day_ge_0_7_pct": 0.0}
2026-10-07T07:41:30.6333259Z V26_ACCOUNT GATE__DAILY_S-1_D05_ALIGN20_A25__H672__R20__20bp__unguarded_diagnostic {"trades": 4, "net_return_pct": 0.06947068100149334, "mdd_15m_pct": 0.05690761696548474, "pf": null, "day_ge_0_7_pct": 0.0}
2026-10-07T07:41:30.6866756Z V26_ACCOUNT GATE__DAILY_S-1_D05_ALIGN20_A25__H672__R20__40bp__guarded {"trades": 4, "net_return_pct": 0.031048178502501855, "mdd_15m_pct": 0.09296437663445234, "pf": null, "day_ge_0_7_pct": 0.0}
2026-10-07T07:41:30.7357772Z V26_ACCOUNT GATE__DAILY_S-1_D05_ALIGN20_A25__H672__R20__40bp__unguarded_diagnostic {"trades": 4, "net_return_pct": 0.031048178502501855, "mdd_15m_pct": 0.09296437663445234, "pf": null, "day_ge_0_7_pct": 0.0}
2026-10-07T07:41:30.8956445Z V26_ACCOUNT DEV__DAILY_S-1_D20_ANY_A15__H672__R20__20bp__guarded {"trades": 4, "net_return_pct": 0.06892721958260406, "mdd_15m_pct": 0.05734698806968419, "pf": null, "day_ge_0_7_pct": 0.0}
2026-10-07T07:41:30.9446444Z V26_ACCOUNT DEV__DAILY_S-1_D20_ANY_A15__H672__R20__20bp__unguarded_diagnostic {"trades": 4, "net_return_pct": 0.06892721958260406, "mdd_15m_pct": 0.05734698806968419, "pf": null, "day_ge_0_7_pct": 0.0}
2026-10-07T07:41:30.9985798Z V26_ACCOUNT DEV__DAILY_S-1_D20_ANY_A15__H672__R20__40bp__guarded {"trades": 4, "net_return_pct": 0.030224085187713357, "mdd_15m_pct": 0.09366844740336111, "pf": null, "day_ge_0_7_pct": 0.0}
2026-10-07T07:41:31.0480785Z V26_ACCOUNT DEV__DAILY_S-1_D20_ANY_A15__H672__R20__40bp__unguarded_diagnostic {"trades": 4, "net_return_pct": 0.030224085187713357, "mdd_15m_pct": 0.09366844740336111, "pf": null, "day_ge_0_7_pct": 0.0}
2026-10-07T07:41:31.1031578Z V26_ACCOUNT GATE__DAILY_S-1_D20_ANY_A15__H672__R20__20bp__guarded {"trades": 4, "net_return_pct": 0.06947068100149334, "mdd_15m_pct": 0.05690761696548474, "pf": null, "day_ge_0_7_pct": 0.0}
2026-10-07T07:41:31.1527006Z V26_ACCOUNT GATE__DAILY_S-1_D20_ANY_A15__H672__R20__20bp__unguarded_diagnostic {"trades": 4, "net_return_pct": 0.06947068100149334, "mdd_15m_pct": 0.05690761696548474, "pf": null, "day_ge_0_7_pct": 0.0}
2026-10-07T07:41:31.2061837Z V26_ACCOUNT GATE__DAILY_S-1_D20_ANY_A15__H672__R20__40bp__guarded {"trades": 4, "net_return_pct": 0.031048178502501855, "mdd_15m_pct": 0.09296437663445234, "pf": null, "day_ge_0_7_pct": 0.0}
2026-10-07T07:41:31.2560700Z V26_ACCOUNT GATE__DAILY_S-1_D20_ANY_A15__H672__R20__40bp__unguarded_diagnostic {"trades": 4, "net_return_pct": 0.031048178502501855, "mdd_15m_pct": 0.09296437663445234, "pf": null, "day_ge_0_7_pct": 0.0}
2026-10-07T07:41:31.4163022Z V26_ACCOUNT DEV__DAILY_S-1_D20_ANY_A25__H672__R20__20bp__guarded {"trades": 4, "net_return_pct": 0.06892721958260406, "mdd_15m_pct": 0.05734698806968419, "pf": null, "day_ge_0_7_pct": 0.0}
2026-10-07T07:41:31.4656493Z V26_ACCOUNT DEV__DAILY_S-1_D20_ANY_A25__H672__R20__20bp__unguarded_diagnostic {"trades": 4, "net_return_pct": 0.06892721958260406, "mdd_15m_pct": 0.05734698806968419, "pf": null, "day_ge_0_7_pct": 0.0}
2026-10-07T07:41:31.5193264Z V26_ACCOUNT DEV__DAILY_S-1_D20_ANY_A25__H672__R20__40bp__guarded {"trades": 4, "net_return_pct": 0.030224085187713357, "mdd_15m_pct": 0.09366844740336111, "pf": null, "day_ge_0_7_pct": 0.0}
2026-10-07T07:41:31.5685879Z V26_ACCOUNT DEV__DAILY_S-1_D20_ANY_A25__H672__R20__40bp__unguarded_diagnostic {"trades": 4, "net_return_pct": 0.030224085187713357, "mdd_15m_pct": 0.09366844740336111, "pf": null, "day_ge_0_7_pct": 0.0}
2026-10-07T07:41:31.6240250Z V26_ACCOUNT GATE__DAILY_S-1_D20_ANY_A25__H672__R20__20bp__guarded {"trades": 4, "net_return_pct": 0.06947068100149334, "mdd_15m_pct": 0.05690761696548474, "pf": null, "day_ge_0_7_pct": 0.0}
2026-10-07T07:41:31.6732828Z V26_ACCOUNT GATE__DAILY_S-1_D20_ANY_A25__H672__R20__20bp__unguarded_diagnostic {"trades": 4, "net_return_pct": 0.06947068100149334, "mdd_15m_pct": 0.05690761696548474, "pf": null, "day_ge_0_7_pct": 0.0}
2026-10-07T07:41:31.7283129Z V26_ACCOUNT GATE__DAILY_S-1_D20_ANY_A25__H672__R20__40bp__guarded {"trades": 4, "net_return_pct": 0.031048178502501855, "mdd_15m_pct": 0.09296437663445234, "pf": null, "day_ge_0_7_pct": 0.0}
2026-10-07T07:41:31.7793041Z V26_ACCOUNT GATE__DAILY_S-1_D20_ANY_A25__H672__R20__40bp__unguarded_diagnostic {"trades": 4, "net_return_pct": 0.031048178502501855, "mdd_15m_pct": 0.09296437663445234, "pf": null, "day_ge_0_7_pct": 0.0}
2026-10-07T07:41:31.9391959Z V26_ACCOUNT DEV__DAILY_S-1_D20_ALIGN20_A15__H672__R20__20bp__guarded {"trades": 4, "net_return_pct": 0.06892721958260406, "mdd_15m_pct": 0.05734698806968419, "pf": null, "day_ge_0_7_pct": 0.0}
2026-10-07T07:41:31.9879736Z V26_ACCOUNT DEV__DAILY_S-1_D20_ALIGN20_A15__H672__R20__20bp__unguarded_diagnostic {"trades": 4, "net_return_pct": 0.06892721958260406, "mdd_15m_pct": 0.05734698806968419, "pf": null, "day_ge_0_7_pct": 0.0}
2026-10-07T07:41:32.0415082Z V26_ACCOUNT DEV__DAILY_S-1_D20_ALIGN20_A15__H672__R20__40bp__guarded {"trades": 4, "net_return_pct": 0.030224085187713357, "mdd_15m_pct": 0.09366844740336111, "pf": null, "day_ge_0_7_pct": 0.0}
2026-10-07T07:41:32.0910491Z V26_ACCOUNT DEV__DAILY_S-1_D20_ALIGN20_A15__H672__R20__40bp__unguarded_diagnostic {"trades": 4, "net_return_pct": 0.030224085187713357, "mdd_15m_pct": 0.09366844740336111, "pf": null, "day_ge_0_7_pct": 0.0}
2026-10-07T07:41:32.1464190Z V26_ACCOUNT GATE__DAILY_S-1_D20_ALIGN20_A15__H672__R20__20bp__guarded {"trades": 4, "net_return_pct": 0.06947068100149334, "mdd_15m_pct": 0.05690761696548474, "pf": null, "day_ge_0_7_pct": 0.0}
2026-10-07T07:41:32.1961030Z V26_ACCOUNT GATE__DAILY_S-1_D20_ALIGN20_A15__H672__R20__20bp__unguarded_diagnostic {"trades": 4, "net_return_pct": 0.06947068100149334, "mdd_15m_pct": 0.05690761696548474, "pf": null, "day_ge_0_7_pct": 0.0}
2026-10-07T07:41:32.2500822Z V26_ACCOUNT GATE__DAILY_S-1_D20_ALIGN20_A15__H672__R20__40bp__guarded {"trades": 4, "net_return_pct": 0.031048178502501855, "mdd_15m_pct": 0.09296437663445234, "pf": null, "day_ge_0_7_pct": 0.0}
2026-10-07T07:41:32.3001419Z V26_ACCOUNT GATE__DAILY_S-1_D20_ALIGN20_A15__H672__R20__40bp__unguarded_diagnostic {"trades": 4, "net_return_pct": 0.031048178502501855, "mdd_15m_pct": 0.09296437663445234, "pf": null, "day_ge_0_7_pct": 0.0}
2026-10-07T07:41:32.4734048Z V26_ACCOUNT DEV__DAILY_S-1_D20_ALIGN20_A25__H672__R20__20bp__guarded {"trades": 4, "net_return_pct": 0.06892721958260406, "mdd_15m_pct": 0.05734698806968419, "pf": null, "day_ge_0_7_pct": 0.0}
2026-10-07T07:41:32.5225262Z V26_ACCOUNT DEV__DAILY_S-1_D20_ALIGN20_A25__H672__R20__20bp__unguarded_diagnostic {"trades": 4, "net_return_pct": 0.06892721958260406, "mdd_15m_pct": 0.05734698806968419, "pf": null, "day_ge_0_7_pct": 0.0}
2026-10-07T07:41:32.5756668Z V26_ACCOUNT DEV__DAILY_S-1_D20_ALIGN20_A25__H672__R20__40bp__guarded {"trades": 4, "net_return_pct": 0.030224085187713357, "mdd_15m_pct": 0.09366844740336111, "pf": null, "day_ge_0_7_pct": 0.0}
2026-10-07T07:41:32.6246802Z V26_ACCOUNT DEV__DAILY_S-1_D20_ALIGN20_A25__H672__R20__40bp__unguarded_diagnostic {"trades": 4, "net_return_pct": 0.030224085187713357, "mdd_15m_pct": 0.09366844740336111, "pf": null, "day_ge_0_7_pct": 0.0}
2026-10-07T07:41:32.6788355Z V26_ACCOUNT GATE__DAILY_S-1_D20_ALIGN20_A25__H672__R20__20bp__guarded {"trades": 4, "net_return_pct": 0.06947068100149334, "mdd_15m_pct": 0.05690761696548474, "pf": null, "day_ge_0_7_pct": 0.0}
2026-10-07T07:41:32.7276550Z V26_ACCOUNT GATE__DAILY_S-1_D20_ALIGN20_A25__H672__R20__20bp__unguarded_diagnostic {"trades": 4, "net_return_pct": 0.06947068100149334, "mdd_15m_pct": 0.05690761696548474, "pf": null, "day_ge_0_7_pct": 0.0}
2026-10-07T07:41:32.7807413Z V26_ACCOUNT GATE__DAILY_S-1_D20_ALIGN20_A25__H672__R20__40bp__guarded {"trades": 4, "net_return_pct": 0.031048178502501855, "mdd_15m_pct": 0.09296437663445234, "pf": null, "day_ge_0_7_pct": 0.0}
2026-10-07T07:41:32.8301217Z V26_ACCOUNT GATE__DAILY_S-1_D20_ALIGN20_A25__H672__R20__40bp__unguarded_diagnostic {"trades": 4, "net_return_pct": 0.031048178502501855, "mdd_15m_pct": 0.09296437663445234, "pf": null, "day_ge_0_7_pct": 0.0}
2026-10-07T07:41:32.8706856Z V26_64_SCENARIOS_HASH_AND_ARITHMETIC_PASS
2026-10-07T07:41:32.8727805Z V26_SYNTHETIC_8_TO_16_TO_64_PIPELINE_PASS
2026-10-07T07:41:32.9275940Z ##[group]Run actions/upload-artifact@v4
2026-10-07T07:41:32.9276269Z with:
2026-10-07T07:41:32.9276520Z   name: daily-breakdown-account-v26-validation
2026-10-07T07:41:32.9277278Z   path: v26-tests.log
chronology-smoke.log
checkpoint-selftest.log
research/daily-breakdown-account-v26/
account-pipeline-smoke.log
synthetic-v26/smoke.json
2026-10-07T07:41:32.9277998Z   retention-days: 30
2026-10-07T07:41:32.9278219Z   compression-level: 0
2026-10-07T07:41:32.9278462Z   if-no-files-found: warn
2026-10-07T07:41:32.9278694Z   overwrite: false
2026-10-07T07:41:32.9278930Z   include-hidden-files: false
2026-10-07T07:41:32.9279173Z env:
2026-10-07T07:41:32.9281661Z   GH_TOKEN: ***
2026-10-07T07:41:32.9281959Z   pythonLocation: /opt/hostedtoolcache/Python/3.12.14/x64
2026-10-07T07:41:32.9282397Z   PKG_CONFIG_PATH: /opt/hostedtoolcache/Python/3.12.14/x64/lib/pkgconfig
2026-10-07T07:41:32.9282829Z   Python_ROOT_DIR: /opt/hostedtoolcache/Python/3.12.14/x64
2026-10-07T07:41:32.9283254Z   Python2_ROOT_DIR: /opt/hostedtoolcache/Python/3.12.14/x64
2026-10-07T07:41:32.9283640Z   Python3_ROOT_DIR: /opt/hostedtoolcache/Python/3.12.14/x64
2026-10-07T07:41:32.9284022Z   LD_LIBRARY_PATH: /opt/hostedtoolcache/Python/3.12.14/x64/lib
2026-10-07T07:41:32.9284343Z ##[endgroup]
2026-10-07T07:41:33.0918929Z (node:2443) [DEP0040] DeprecationWarning: The `punycode` module is deprecated. Please use a userland alternative instead.
2026-10-07T07:41:33.0919917Z (Use `node --trace-deprecation ...` to show where the warning was created)
2026-10-07T07:41:33.1039686Z Multiple search paths detected. Calculating the least common ancestor of all paths
2026-10-07T07:41:33.1043078Z The least common ancestor is /home/runner/work/bb-scanner/bb-scanner. This will be the root directory of the artifact
2026-10-07T07:41:33.1044157Z With the provided path, there will be 17 files uploaded
2026-10-07T07:41:33.1050063Z Artifact name is valid!
2026-10-07T07:41:33.1050602Z Root directory input is valid!
2026-10-07T07:41:33.3003903Z Beginning upload of artifact content to blob storage
2026-10-07T07:41:33.3484679Z (node:2443) [DEP0169] DeprecationWarning: `url.parse()` behavior is not standardized and prone to errors that have security implications. Use the WHATWG URL API instead. CVEs are not issued for `url.parse()` vulnerabilities.
2026-10-07T07:41:33.3963880Z Uploaded bytes 356995
2026-10-07T07:41:33.4103396Z Finished uploading artifact content to blob storage!
2026-10-07T07:41:33.4104611Z SHA256 digest of uploaded artifact zip is 6310f1479a8ef5272d795109f66a5d80ddfa724a70fc479ad7d006c8426dbfbd
2026-10-07T07:41:33.4107342Z Finalizing artifact upload
2026-10-07T07:41:33.6168390Z Artifact daily-breakdown-account-v26-validation.zip successfully finalized. Artifact ID 11466978786
2026-10-07T07:41:33.6169889Z Artifact daily-breakdown-account-v26-validation has been successfully uploaded! Final size is 356995 bytes. Artifact ID is 11466978786
2026-10-07T07:41:33.6179604Z Artifact download URL: https://github.com/duuu-hub/bb-scanner/actions/runs/37588740960/artifacts/11466978786
2026-10-07T07:41:33.6392816Z Post job cleanup.
2026-10-07T07:41:33.7653519Z (node:2455) [DEP0040] DeprecationWarning: The `punycode` module is deprecated. Please use a userland alternative instead.
2026-10-07T07:41:33.7654429Z (Use `node --trace-deprecation ...` to show where the warning was created)
2026-10-07T07:41:33.7818964Z Post job cleanup.
2026-10-07T07:41:33.8921904Z [command]/usr/bin/git version
2026-10-07T07:41:33.8980407Z git version 2.55.0
2026-10-07T07:41:33.9033363Z Temporarily overriding HOME='/home/runner/work/_temp/1d0b7b34-de3c-4579-bbbd-7c5518d56f3f' before making global git config changes
2026-10-07T07:41:33.9035403Z Adding repository directory to the temporary git global config as a safe directory
2026-10-07T07:41:33.9037988Z [command]/usr/bin/git config --global --add safe.directory /home/runner/work/bb-scanner/bb-scanner
2026-10-07T07:41:33.9097187Z [command]/usr/bin/git config --local --name-only --get-regexp core\.sshCommand
2026-10-07T07:41:33.9166476Z [command]/usr/bin/git submodule foreach --recursive sh -c "git config --local --name-only --get-regexp 'core\.sshCommand' && git config --local --unset-all 'core.sshCommand' || :"
2026-10-07T07:41:33.9510446Z [command]/usr/bin/git config --local --name-only --get-regexp http\.https\:\/\/github\.com\/\.extraheader
2026-10-07T07:41:33.9559171Z http.https://github.com/.extraheader
2026-10-07T07:41:33.9578651Z [command]/usr/bin/git config --local --unset-all http.https://github.com/.extraheader
2026-10-07T07:41:33.9600961Z [command]/usr/bin/git submodule foreach --recursive sh -c "git config --local --name-only --get-regexp 'http\.https\:\/\/github\.com\/\.extraheader' && git config --local --unset-all 'http.https://github.com/.extraheader' || :"
2026-10-07T07:41:33.9932639Z [command]/usr/bin/git config --local --name-only --get-regexp ^includeIf\.gitdir:
2026-10-07T07:41:33.9986315Z [command]/usr/bin/git submodule foreach --recursive git config --local --show-origin --name-only --get-regexp remote.origin.url
2026-10-07T07:41:34.0511804Z Cleaning up orphan processes
2026-10-07T07:41:34.0829927Z ##[warning]Node.js 20 is deprecated. The following actions target Node.js 20 but are being forced to run on Node.js 24: actions/checkout@v4, actions/setup-python@v5, actions/upload-artifact@v4. For more information see: https://github.blog/changelog/2025-09-19-deprecation-of-node-20-on-github-actions-runners/
