symbol,variant,engine,side,sweep_time,entry_time,exit_time,pnl,r_multiple
BTCUSDT,1h_d3,reference,long,2026-05-28 15:00:00+00:00,2026-05-29 02:00:00+00:00,2026-05-29 14:00:00+00:00,-23.039128004053122,-1.151956400202656
BTCUSDT,1h_d3,reference,long,2026-06-09 17:00:00+00:00,2026-06-09 21:00:00+00:00,2026-06-10 09:00:00+00:00,-21.36868157656282,-1.093630368886026
BTCUSDT,1h_d3,reference,long,2026-06-10 12:00:00+00:00,2026-06-10 21:00:00+00:00,2026-06-11 03:00:00+00:00,37.64350505659004,1.9696427740828075
BTCUSDT,1h_d3,reference,short,2026-06-12 17:00:00+00:00,2026-06-12 21:00:00+00:00,2026-06-13 12:00:00+00:00,-22.562571704831406,-1.1358115605188288
BTCUSDT,1h_d3,reference,long,2026-06-20 20:00:00+00:00,2026-06-21 08:00:00+00:00,2026-06-21 10:00:00+00:00,36.56659757139223,1.883569075721808
BTCUSDT,1h_d3,reference,short,2026-06-21 20:00:00+00:00,2026-06-22 00:00:00+00:00,2026-06-22 01:00:00+00:00,-24.31504680099152,-1.207013895787507
BTCUSDT,1h_d3,reference,long,2026-06-28 05:00:00+00:00,2026-06-28 10:00:00+00:00,2026-06-28 16:00:00+00:00,-22.706307233964854,-1.1550380116642993
BTCUSDT,1h_d3,reference,long,2026-07-01 01:00:00+00:00,2026-07-01 06:00:00+00:00,2026-07-01 14:00:00+00:00,37.689539419453645,1.9625504313739541
BTCUSDT,1h_d3,reference,short,2026-07-02 04:00:00+00:00,2026-07-02 08:00:00+00:00,2026-07-02 09:00:00+00:00,-21.511577856058377,-1.077833821690655
BTCUSDT,1h_d3,reference,short,2026-07-07 01:00:00+00:00,2026-07-07 15:00:00+00:00,2026-07-07 22:00:00+00:00,38.010918144836324,1.9464902223049676
BTCUSDT,1h_d3,reference,long,2026-07-07 14:00:00+00:00,2026-07-07 22:00:00+00:00,2026-07-08 01:00:00+00:00,-22.922732203594478,-1.1298584602499993
BTCUSDT,1h_d3,reference,long,2026-07-09 17:00:00+00:00,2026-07-10 00:00:00+00:00,2026-07-10 02:00:00+00:00,38.88169417513294,1.9607817164192938
BTCUSDT,1h_d3,reference,long,2026-07-10 20:00:00+00:00,2026-07-11 15:00:00+00:00,2026-07-13 00:00:00+00:00,-25.188890692662888,-1.2223270946268079
BTCUSDT,1h_d3,reference,long,2026-07-16 12:00:00+00:00,2026-07-16 17:00:00+00:00,2026-07-16 23:00:00+00:00,-23.37135067054068,-1.1625486491373926
BTCUSDT,1h_d3,reference,long,2026-07-18 09:00:00+00:00,2026-07-18 13:00:00+00:00,2026-07-18 16:00:00+00:00,28.124799473589157,1.8101309310421443
BTCUSDT,1h_d3,reference,long,2026-07-20 08:00:00+00:00,2026-07-20 13:00:00+00:00,2026-07-20 15:00:00+00:00,39.63145256582759,1.9620875933762059
BTCUSDT,1h_d3,reference,long,2026-07-28 13:00:00+00:00,2026-07-28 17:00:00+00:00,2026-07-31 01:00:00+00:00,41.531955303947534,1.9785370760230219
BTCUSDT,1h_d3,reference,short,2026-08-07 15:00:00+00:00,2026-08-07 19:00:00+00:00,2026-08-09 22:00:00+00:00,-25.330882278055572,-1.1608018289901452
BTCUSDT,1h_d3,reference,long,2026-08-11 06:00:00+00:00,2026-08-11 13:00:00+00:00,2026-08-11 14:00:00+00:00,-27.552207198589212,-1.2926044360685949
BTCUSDT,1h_d3,reference,short,2026-08-11 13:00:00+00:00,2026-08-12 11:00:00+00:00,2026-08-12 12:00:00+00:00,-27.818616712406996,-1.3397379926479203
BTCUSDT,1h_d3,reference,long,2026-08-13 03:00:00+00:00,2026-08-13 09:00:00+00:00,2026-08-13 11:00:00+00:00,-25.059753641942468,-1.2400999817545728
BTCUSDT,1h_d3,reference,short,2026-08-17 06:00:00+00:00,2026-08-17 10:00:00+00:00,2026-08-17 11:00:00+00:00,-24.815690601405212,-1.259254372669797
BTCUSDT,1h_d3,reference,long,2026-08-22 10:00:00+00:00,2026-08-22 14:00:00+00:00,2026-08-23 04:00:00+00:00,-21.465952040225687,-1.117416531508913
BTCUSDT,1h_d3,reference,long,2026-08-25 23:00:00+00:00,2026-08-26 03:00:00+00:00,2026-08-26 09:00:00+00:00,-21.333321948218476,-1.1358978533265394
BTCUSDT,1h_d3,reference,short,2026-08-27 09:00:00+00:00,2026-08-27 14:00:00+00:00,2026-08-27 15:00:00+00:00,-20.154831953322173,-1.0980953534633249
BTCUSDT,1h_d3,reference,short,2026-09-02 07:00:00+00:00,2026-09-02 13:00:00+00:00,2026-09-03 02:00:00+00:00,-22.13748236173115,-1.2331994728806812
BTCUSDT,1h_d3,reference,long,2026-09-06 07:00:00+00:00,2026-09-06 11:00:00+00:00,2026-09-06 14:00:00+00:00,-21.843580052697426,-1.2475979762894527
BTCUSDT,1h_d3,reference,long,2026-09-07 16:00:00+00:00,2026-09-07 20:00:00+00:00,2026-09-08 05:00:00+00:00,-19.72604921515064,-1.1554866749074826
BTCUSDT,1h_d3,reference,short,2026-09-12 16:00:00+00:00,2026-09-13 16:00:00+00:00,2026-09-13 22:00:00+00:00,31.252300440967996,1.873963110886273
BTCUSDT,1h_d3,causal,long,2026-05-28 15:00:00+00:00,2026-05-29 02:00:00+00:00,2026-05-29 14:00:00+00:00,-23.039128004053122,-1.151956400202656
BTCUSDT,1h_d3,causal,long,2026-06-09 16:00:00+00:00,2026-06-09 21:00:00+00:00,2026-06-10 09:00:00+00:00,-21.36868157656282,-1.093630368886026
BTCUSDT,1h_d3,causal,long,2026-06-10 12:00:00+00:00,2026-06-10 21:00:00+00:00,2026-06-11 03:00:00+00:00,37.64350505659004,1.9696427740828075
BTCUSDT,1h_d3,causal,short,2026-06-12 17:00:00+00:00,2026-06-12 21:00:00+00:00,2026-06-13 12:00:00+00:00,-22.562571704831406,-1.1358115605188288
BTCUSDT,1h_d3,causal,short,2026-06-17 04:00:00+00:00,2026-06-17 15:00:00+00:00,2026-06-17 16:00:00+00:00,-24.068786958313222,-1.239798773082542
BTCUSDT,1h_d3,causal,long,2026-06-20 20:00:00+00:00,2026-06-21 08:00:00+00:00,2026-06-21 10:00:00+00:00,35.659893115295915,1.8835690757218078
BTCUSDT,1h_d3,causal,short,2026-06-21 20:00:00+00:00,2026-06-22 00:00:00+00:00,2026-06-22 01:00:00+00:00,-23.712131497165245,-1.2070138957875072
BTCUSDT,1h_d3,causal,long,2026-06-28 05:00:00+00:00,2026-06-28 10:00:00+00:00,2026-06-28 16:00:00+00:00,-22.14328219696676,-1.1550380116642993
BTCUSDT,1h_d3,causal,short,2026-06-28 11:00:00+00:00,2026-06-29 03:00:00+00:00,2026-06-29 05:00:00+00:00,36.33351708889035,1.9400456541521498
BTCUSDT,1h_d3,causal,short,2026-06-28 12:00:00+00:00,2026-06-29 06:00:00+00:00,2026-06-29 12:00:00+00:00,-23.77242221210382,-1.2219280172014992
BTCUSDT,1h_d3,causal,long,2026-07-01 01:00:00+00:00,2026-07-01 06:00:00+00:00,2026-07-01 14:00:00+00:00,37.24802616822728,1.9625504313739541
BTCUSDT,1h_d3,causal,short,2026-07-02 04:00:00+00:00,2026-07-02 08:00:00+00:00,2026-07-02 09:00:00+00:00,-21.259580967146142,-1.0778338216906551
BTCUSDT,1h_d3,causal,short,2026-07-06 02:00:00+00:00,2026-07-06 15:00:00+00:00,2026-07-06 16:00:00+00:00,-22.21786707346784,-1.1512345029264317
BTCUSDT,1h_d3,causal,short,2026-07-07 01:00:00+00:00,2026-07-07 15:00:00+00:00,2026-07-07 22:00:00+00:00,36.70070288947068,1.9464902223049676
BTCUSDT,1h_d3,causal,long,2026-07-07 14:00:00+00:00,2026-07-07 22:00:00+00:00,2026-07-08 01:00:00+00:00,-22.13259834486024,-1.1298584602499993
BTCUSDT,1h_d3,causal,long,2026-07-09 16:00:00+00:00,2026-07-10 00:00:00+00:00,2026-07-10 02:00:00+00:00,37.54146375321557,1.9607817164192938
BTCUSDT,1h_d3,causal,long,2026-07-10 20:00:00+00:00,2026-07-11 15:00:00+00:00,2026-07-13 00:00:00+00:00,-24.32064360835119,-1.2223270946268079
BTCUSDT,1h_d3,causal,long,2026-07-16 12:00:00+00:00,2026-07-16 17:00:00+00:00,2026-07-16 23:00:00+00:00,-22.56575318219897,-1.1625486491373926
BTCUSDT,1h_d3,causal,long,2026-07-18 09:00:00+00:00,2026-07-18 13:00:00+00:00,2026-07-18 16:00:00+00:00,27.1553532427987,1.8101309310421445
BTCUSDT,1h_d3,causal,long,2026-07-20 08:00:00+00:00,2026-07-20 13:00:00+00:00,2026-07-20 15:00:00+00:00,38.26537838824023,1.9620875933762059
BTCUSDT,1h_d3,causal,long,2026-07-28 13:00:00+00:00,2026-07-28 17:00:00+00:00,2026-07-31 01:00:00+00:00,40.100371851607576,1.9785370760230219
BTCUSDT,1h_d3,causal,long,2026-08-02 17:00:00+00:00,2026-08-03 00:00:00+00:00,2026-08-03 03:00:00+00:00,-29.619119894791968,-1.4057687828303886
BTCUSDT,1h_d3,causal,short,2026-08-07 13:00:00+00:00,2026-08-07 19:00:00+00:00,2026-08-09 22:00:00+00:00,-23.770102251650556,-1.1608018289901452
BTCUSDT,1h_d3,causal,long,2026-08-11 06:00:00+00:00,2026-08-11 13:00:00+00:00,2026-08-11 14:00:00+00:00,-25.85455868374911,-1.292604436068595
BTCUSDT,1h_d3,causal,short,2026-08-11 13:00:00+00:00,2026-08-12 11:00:00+00:00,2026-08-12 12:00:00+00:00,-26.104553189062774,-1.3397379926479205
BTCUSDT,1h_d3,causal,long,2026-08-13 02:00:00+00:00,2026-08-13 09:00:00+00:00,2026-08-13 11:00:00+00:00,-23.51567939606205,-1.2400999817545726
BTCUSDT,1h_d3,causal,short,2026-08-16 17:00:00+00:00,2026-08-17 01:00:00+00:00,2026-08-17 02:00:00+00:00,-23.042468056907516,-1.2460496931659155
BTCUSDT,1h_d3,causal,short,2026-08-17 06:00:00+00:00,2026-08-17 10:00:00+00:00,2026-08-17 11:00:00+00:00,-22.706327897294706,-1.2592543726697971
BTCUSDT,1h_d3,causal,long,2026-08-22 10:00:00+00:00,2026-08-22 14:00:00+00:00,2026-08-23 04:00:00+00:00,-19.641321028775497,-1.1174165315089128
BTCUSDT,1h_d3,causal,long,2026-08-25 23:00:00+00:00,2026-08-26 03:00:00+00:00,2026-08-26 09:00:00+00:00,-19.519964649598464,-1.1358978533265394
BTCUSDT,1h_d3,causal,short,2026-08-27 09:00:00+00:00,2026-08-27 14:00:00+00:00,2026-08-27 15:00:00+00:00,-18.441647681612032,-1.0980953534633247
BTCUSDT,1h_d3,causal,long,2026-08-29 15:00:00+00:00,2026-08-30 01:00:00+00:00,2026-08-30 12:00:00+00:00,31.395011212864446,1.9113719372714646
BTCUSDT,1h_d3,causal,long,2026-08-31 05:00:00+00:00,2026-08-31 12:00:00+00:00,2026-08-31 14:00:00+00:00,32.97381904720471,1.9335762845736604
BTCUSDT,1h_d3,causal,long,2026-09-02 01:00:00+00:00,2026-09-02 08:00:00+00:00,2026-09-02 09:00:00+00:00,-19.795369163869854,-1.1175769601850336
BTCUSDT,1h_d3,causal,short,2026-09-02 05:00:00+00:00,2026-09-02 13:00:00+00:00,2026-09-03 02:00:00+00:00,-21.355129862677344,-1.2331994728806814
BTCUSDT,1h_d3,causal,long,2026-09-06 07:00:00+00:00,2026-09-06 11:00:00+00:00,2026-09-06 14:00:00+00:00,-21.07161424541792,-1.247597976289453
BTCUSDT,1h_d3,causal,long,2026-09-07 16:00:00+00:00,2026-09-07 20:00:00+00:00,2026-09-08 05:00:00+00:00,-19.028918274614696,-1.1554866749074826
BTCUSDT,1h_d3,causal,short,2026-09-08 02:00:00+00:00,2026-09-09 05:00:00+00:00,2026-09-09 08:00:00+00:00,-21.6433260497511,-1.3453307230990443
BTCUSDT,1h_d3,causal,short,2026-09-12 16:00:00+00:00,2026-09-13 16:00:00+00:00,2026-09-13 22:00:00+00:00,29.336648666936842,1.873963110886273
BTCUSDT,1h_d3,causal,short,2026-09-19 17:00:00+00:00,2026-09-20 16:00:00+00:00,2026-09-21 01:00:00+00:00,-19.20264618739406,-1.1823122604923781
BTCUSDT,1h_d4,reference,long,2026-06-09 16:00:00+00:00,2026-06-09 21:00:00+00:00,2026-06-10 09:00:00+00:00,-21.872607377720524,-1.0936303688860263
BTCUSDT,1h_d4,reference,short,2026-07-06 02:00:00+00:00,2026-07-06 15:00:00+00:00,2026-07-06 16:00:00+00:00,-22.52108005288473,-1.1512345029264317
BTCUSDT,1h_d4,reference,long,2026-07-09 16:00:00+00:00,2026-07-10 00:00:00+00:00,2026-07-10 02:00:00+00:00,37.4747077156186,1.9607817164192938
BTCUSDT,1h_d4,reference,long,2026-08-02 17:00:00+00:00,2026-08-03 00:00:00+00:00,2026-08-03 03:00:00+00:00,-27.920845942760476,-1.4057687828303889
BTCUSDT,1h_d4,reference,short,2026-08-07 14:00:00+00:00,2026-08-07 19:00:00+00:00,2026-08-09 22:00:00+00:00,-22.407193912898688,-1.1608018289901452
BTCUSDT,1h_d4,reference,long,2026-08-13 02:00:00+00:00,2026-08-13 09:00:00+00:00,2026-08-13 11:00:00+00:00,-23.38215907659022,-1.2400999817545726
BTCUSDT,1h_d4,reference,long,2026-08-29 15:00:00+00:00,2026-08-30 01:00:00+00:00,2026-08-30 12:00:00+00:00,35.1451917575978,1.9113719372714646
BTCUSDT,1h_d4,reference,long,2026-09-02 01:00:00+00:00,2026-09-02 08:00:00+00:00,2026-09-02 09:00:00+00:00,-21.334902087596312,-1.1175769601850336
BTCUSDT,1h_d4,reference,short,2026-09-02 06:00:00+00:00,2026-09-02 13:00:00+00:00,2026-09-03 02:00:00+00:00,-23.015969084309653,-1.2331994728806812
BTCUSDT,1h_d4,reference,short,2026-09-08 02:00:00+00:00,2026-09-09 05:00:00+00:00,2026-09-09 08:00:00+00:00,-24.489462570872142,-1.3453307230990443
BTCUSDT,1h_d4,reference,short,2026-09-19 17:00:00+00:00,2026-09-20 16:00:00+00:00,2026-09-21 01:00:00+00:00,-20.942904290724204,-1.182312260492378
BTCUSDT,1h_d4,causal,long,2026-06-09 16:00:00+00:00,2026-06-09 21:00:00+00:00,2026-06-10 09:00:00+00:00,-21.872607377720524,-1.0936303688860263
BTCUSDT,1h_d4,causal,short,2026-06-17 04:00:00+00:00,2026-06-17 15:00:00+00:00,2026-06-17 16:00:00+00:00,-24.253622825830554,-1.239798773082542
BTCUSDT,1h_d4,causal,short,2026-06-28 11:00:00+00:00,2026-06-29 03:00:00+00:00,2026-06-29 05:00:00+00:00,37.01117323406658,1.94004565415215
BTCUSDT,1h_d4,causal,short,2026-06-28 12:00:00+00:00,2026-06-29 06:00:00+00:00,2026-06-29 12:00:00+00:00,-24.215801474241964,-1.221928017201499
BTCUSDT,1h_d4,causal,short,2026-07-06 02:00:00+00:00,2026-07-06 15:00:00+00:00,2026-07-06 16:00:00+00:00,-22.257257373477135,-1.1512345029264315
BTCUSDT,1h_d4,causal,long,2026-07-09 16:00:00+00:00,2026-07-10 00:00:00+00:00,2026-07-10 02:00:00+00:00,37.03571110549445,1.9607817164192936
BTCUSDT,1h_d4,causal,long,2026-08-02 17:00:00+00:00,2026-08-03 00:00:00+00:00,2026-08-03 03:00:00+00:00,-27.593767828804655,-1.4057687828303889
BTCUSDT,1h_d4,causal,short,2026-08-07 13:00:00+00:00,2026-08-07 19:00:00+00:00,2026-08-09 22:00:00+00:00,-22.144705350084436,-1.1608018289901452
BTCUSDT,1h_d4,causal,long,2026-08-13 02:00:00+00:00,2026-08-13 09:00:00+00:00,2026-08-13 11:00:00+00:00,-23.10824930656876,-1.2400999817545726
BTCUSDT,1h_d4,causal,short,2026-08-16 17:00:00+00:00,2026-08-17 01:00:00+00:00,2026-08-17 02:00:00+00:00,-22.64323677532506,-1.2460496931659153
BTCUSDT,1h_d4,causal,long,2026-08-29 15:00:00+00:00,2026-08-30 01:00:00+00:00,2026-08-30 12:00:00+00:00,33.8678912622869,1.9113719372714648
BTCUSDT,1h_d4,causal,long,2026-08-31 05:00:00+00:00,2026-08-31 12:00:00+00:00,2026-08-31 14:00:00+00:00,35.5710565102602,1.9335762845736606
BTCUSDT,1h_d4,causal,long,2026-09-02 01:00:00+00:00,2026-09-02 08:00:00+00:00,2026-09-02 09:00:00+00:00,-21.354584197888624,-1.1175769601850336
BTCUSDT,1h_d4,causal,short,2026-09-02 05:00:00+00:00,2026-09-02 13:00:00+00:00,2026-09-03 02:00:00+00:00,-23.037202031156184,-1.2331994728806814
BTCUSDT,1h_d4,causal,short,2026-09-08 02:00:00+00:00,2026-09-09 05:00:00+00:00,2026-09-09 08:00:00+00:00,-24.51205486125812,-1.3453307230990448
BTCUSDT,1h_d4,causal,short,2026-09-19 17:00:00+00:00,2026-09-20 16:00:00+00:00,2026-09-21 01:00:00+00:00,-20.9622247708651,-1.1823122604923777
ETHUSDT,1h_d3,reference,long,2026-05-29 13:00:00+00:00,2026-05-29 18:00:00+00:00,2026-05-31 02:00:00+00:00,39.144665364540614,1.9572332682270308
ETHUSDT,1h_d3,reference,short,2026-05-31 11:00:00+00:00,2026-05-31 23:00:00+00:00,2026-06-01 00:00:00+00:00,38.82900462367223,1.8683156406355943
ETHUSDT,1h_d3,reference,long,2026-05-31 19:00:00+00:00,2026-06-01 01:00:00+00:00,2026-06-01 02:00:00+00:00,-26.273590726934415,-1.2186564226203087
ETHUSDT,1h_d3,reference,short,2026-06-09 06:00:00+00:00,2026-06-09 12:00:00+00:00,2026-06-09 14:00:00+00:00,41.39711512872667,1.9681045929845464
ETHUSDT,1h_d3,reference,short,2026-06-10 16:00:00+00:00,2026-06-10 20:00:00+00:00,2026-06-11 11:00:00+00:00,-23.16487108458544,-1.059597957229797
ETHUSDT,1h_d3,reference,long,2026-06-12 06:00:00+00:00,2026-06-12 12:00:00+00:00,2026-06-14 21:00:00+00:00,42.111090984342944,1.9679324601693542
ETHUSDT,1h_d3,reference,short,2026-06-19 01:00:00+00:00,2026-06-19 13:00:00+00:00,2026-06-20 00:00:00+00:00,-27.07758270497867,-1.2174696759601116
ETHUSDT,1h_d3,reference,short,2026-06-21 20:00:00+00:00,2026-06-22 00:00:00+00:00,2026-06-22 01:00:00+00:00,-24.09067702884721,-1.1102044104770803
ETHUSDT,1h_d3,reference,long,2026-06-24 03:00:00+00:00,2026-06-24 07:00:00+00:00,2026-06-24 11:00:00+00:00,-24.670115554666467,-1.1627247300834815
ETHUSDT,1h_d3,reference,long,2026-06-29 14:00:00+00:00,2026-06-30 01:00:00+00:00,2026-06-30 12:00:00+00:00,-22.13534420447779,-1.0680967265808987
ETHUSDT,1h_d3,reference,short,2026-06-30 09:00:00+00:00,2026-06-30 18:00:00+00:00,2026-06-30 22:00:00+00:00,39.080774095232364,1.926927424010224
ETHUSDT,1h_d3,reference,long,2026-07-01 01:00:00+00:00,2026-07-01 06:00:00+00:00,2026-07-01 12:00:00+00:00,-25.054283667379845,-1.1894921194755006
ETHUSDT,1h_d3,reference,short,2026-07-01 21:00:00+00:00,2026-07-02 01:00:00+00:00,2026-07-02 03:00:00+00:00,-22.24322977043839,-1.081767936215915
ETHUSDT,1h_d3,reference,short,2026-07-02 04:00:00+00:00,2026-07-02 08:00:00+00:00,2026-07-02 09:00:00+00:00,-21.57391287784954,-1.07241882428568
ETHUSDT,1h_d3,reference,long,2026-07-05 12:00:00+00:00,2026-07-06 05:00:00+00:00,2026-07-06 09:00:00+00:00,-24.733891688268255,-1.256447136349013
ETHUSDT,1h_d3,reference,long,2026-07-06 13:00:00+00:00,2026-07-07 05:00:00+00:00,2026-07-08 08:00:00+00:00,-20.58249880597493,-1.0725133041902812
ETHUSDT,1h_d3,reference,long,2026-07-09 03:00:00+00:00,2026-07-09 12:00:00+00:00,2026-07-10 01:00:00+00:00,36.99085749457937,1.9697725682993648
ETHUSDT,1h_d3,reference,short,2026-07-12 03:00:00+00:00,2026-07-12 08:00:00+00:00,2026-07-12 14:00:00+00:00,-22.597080733106516,-1.1576924777342976
ETHUSDT,1h_d3,reference,short,2026-07-16 14:00:00+00:00,2026-07-16 18:00:00+00:00,2026-07-17 05:00:00+00:00,37.600449660583784,1.9720037817436655
ETHUSDT,1h_d3,reference,long,2026-07-20 08:00:00+00:00,2026-07-20 13:00:00+00:00,2026-07-20 15:00:00+00:00,38.916233085547134,1.963568442266146
ETHUSDT,1h_d3,reference,short,2026-07-22 16:00:00+00:00,2026-07-22 21:00:00+00:00,2026-07-23 15:00:00+00:00,40.66480791072856,1.974263016147598
ETHUSDT,1h_d3,reference,long,2026-07-28 13:00:00+00:00,2026-07-28 17:00:00+00:00,2026-07-31 14:00:00+00:00,-22.47880344494301,-1.0498835695344857
ETHUSDT,1h_d3,reference,long,2026-07-31 14:00:00+00:00,2026-07-31 18:00:00+00:00,2026-08-01 18:00:00+00:00,-22.836917127693823,-1.0894861166631185
ETHUSDT,1h_d3,reference,short,2026-08-03 19:00:00+00:00,2026-08-04 01:00:00+00:00,2026-08-04 12:00:00+00:00,-24.800959895325672,-1.2095407181615279
ETHUSDT,1h_d3,reference,long,2026-08-04 09:00:00+00:00,2026-08-04 13:00:00+00:00,2026-08-05 13:00:00+00:00,-23.922158340568775,-1.195604281837524
ETHUSDT,1h_d3,reference,short,2026-08-12 16:00:00+00:00,2026-08-12 20:00:00+00:00,2026-08-13 05:00:00+00:00,-22.541982825614365,-1.154224477592025
ETHUSDT,1h_d3,reference,short,2026-08-13 08:00:00+00:00,2026-08-13 13:00:00+00:00,2026-08-13 16:00:00+00:00,36.70305592015878,1.9237267588999478
ETHUSDT,1h_d3,reference,long,2026-08-13 16:00:00+00:00,2026-08-13 23:00:00+00:00,2026-08-19 08:00:00+00:00,39.11755743220704,1.9743176952607593
ETHUSDT,1h_d3,reference,short,2026-08-24 14:00:00+00:00,2026-08-25 00:00:00+00:00,2026-08-25 02:00:00+00:00,-21.951370933202572,-1.0658305522666989
ETHUSDT,1h_d3,reference,long,2026-08-26 00:00:00+00:00,2026-08-26 04:00:00+00:00,2026-08-26 15:00:00+00:00,-22.637519950954044,-1.1230863416678527
ETHUSDT,1h_d3,reference,short,2026-08-28 01:00:00+00:00,2026-08-28 06:00:00+00:00,2026-08-28 14:00:00+00:00,-23.1203558017815,-1.1733971866393713
ETHUSDT,1h_d3,reference,long,2026-08-29 21:00:00+00:00,2026-08-30 01:00:00+00:00,2026-08-30 12:00:00+00:00,36.14962977012421,1.8787451778539423
ETHUSDT,1h_d3,reference,short,2026-09-02 07:00:00+00:00,2026-09-02 13:00:00+00:00,2026-09-02 17:00:00+00:00,39.09759613819685,1.9583694365659783
ETHUSDT,1h_d3,reference,long,2026-09-07 22:00:00+00:00,2026-09-08 02:00:00+00:00,2026-09-08 05:00:00+00:00,-23.720264084052708,-1.1433483703484346
ETHUSDT,1h_d3,reference,short,2026-09-08 10:00:00+00:00,2026-09-08 14:00:00+00:00,2026-09-08 15:00:00+00:00,-22.868330136390277,-1.1280797812289978
ETHUSDT,1h_d3,reference,long,2026-09-10 02:00:00+00:00,2026-09-10 06:00:00+00:00,2026-09-10 12:00:00+00:00,-21.898159863891877,-1.1051559984292476
ETHUSDT,1h_d3,reference,long,2026-09-14 02:00:00+00:00,2026-09-14 06:00:00+00:00,2026-09-14 20:00:00+00:00,38.363645474737275,1.979897793877004
ETHUSDT,1h_d3,reference,long,2026-09-16 08:00:00+00:00,2026-09-16 12:00:00+00:00,2026-09-16 13:00:00+00:00,-23.519386808515836,-1.1675714869617493
ETHUSDT,1h_d3,reference,long,2026-09-16 17:00:00+00:00,2026-09-16 22:00:00+00:00,2026-09-17 07:00:00+00:00,38.8195110020605,1.9731914622902451
ETHUSDT,1h_d3,causal,long,2026-05-29 12:00:00+00:00,2026-05-29 18:00:00+00:00,2026-05-31 02:00:00+00:00,39.144665364540614,1.9572332682270308
ETHUSDT,1h_d3,causal,short,2026-05-31 11:00:00+00:00,2026-05-31 23:00:00+00:00,2026-06-01 00:00:00+00:00,38.82900462367223,1.8683156406355943
ETHUSDT,1h_d3,causal,long,2026-05-31 19:00:00+00:00,2026-06-01 01:00:00+00:00,2026-06-01 02:00:00+00:00,-26.273590726934415,-1.2186564226203087
ETHUSDT,1h_d3,causal,long,2026-06-01 15:00:00+00:00,2026-06-02 01:00:00+00:00,2026-06-02 14:00:00+00:00,-23.106278029046717,-1.0985203141411157
ETHUSDT,1h_d3,causal,short,2026-06-08 01:00:00+00:00,2026-06-08 11:00:00+00:00,2026-06-08 21:00:00+00:00,-21.885071290922564,-1.0638344925229353
ETHUSDT,1h_d3,causal,short,2026-06-09 05:00:00+00:00,2026-06-09 12:00:00+00:00,2026-06-09 14:00:00+00:00,39.62616150390259,1.968104592984546
ETHUSDT,1h_d3,causal,short,2026-06-10 15:00:00+00:00,2026-06-10 20:00:00+00:00,2026-06-11 11:00:00+00:00,-22.173886271072163,-1.0595979572297973
ETHUSDT,1h_d3,causal,long,2026-06-12 06:00:00+00:00,2026-06-12 12:00:00+00:00,2026-06-14 21:00:00+00:00,40.30959373043726,1.967932460169354
ETHUSDT,1h_d3,causal,long,2026-06-17 22:00:00+00:00,2026-06-18 03:00:00+00:00,2026-06-18 04:00:00+00:00,-24.44342202621529,-1.1481492326499894
ETHUSDT,1h_d3,causal,short,2026-06-19 01:00:00+00:00,2026-06-19 13:00:00+00:00,2026-06-20 00:00:00+00:00,-25.324031000476165,-1.2174696759601114
ETHUSDT,1h_d3,causal,short,2026-06-21 19:00:00+00:00,2026-06-22 00:00:00+00:00,2026-06-22 01:00:00+00:00,-22.530558157571924,-1.11020441047708
ETHUSDT,1h_d3,causal,long,2026-06-24 03:00:00+00:00,2026-06-24 07:00:00+00:00,2026-06-24 11:00:00+00:00,-23.07247208506661,-1.1627247300834813
ETHUSDT,1h_d3,causal,short,2026-06-26 07:00:00+00:00,2026-06-26 13:00:00+00:00,2026-06-26 15:00:00+00:00,-21.420339339859115,-1.1051664835380837
ETHUSDT,1h_d3,causal,short,2026-06-28 14:00:00+00:00,2026-06-28 22:00:00+00:00,2026-06-28 23:00:00+00:00,36.958115652646384,1.9499263663260182
ETHUSDT,1h_d3,causal,short,2026-06-28 15:00:00+00:00,2026-06-28 23:00:00+00:00,2026-06-29 00:00:00+00:00,38.3994277358628,1.949926366326018
ETHUSDT,1h_d3,causal,long,2026-06-29 14:00:00+00:00,2026-06-30 01:00:00+00:00,2026-06-30 12:00:00+00:00,-21.854056246489332,-1.0680967265808987
ETHUSDT,1h_d3,causal,short,2026-06-30 09:00:00+00:00,2026-06-30 18:00:00+00:00,2026-06-30 22:00:00+00:00,38.58414973555187,1.9269274240102243
ETHUSDT,1h_d3,causal,long,2026-06-30 23:00:00+00:00,2026-07-01 06:00:00+00:00,2026-07-01 12:00:00+00:00,-24.735902881133235,-1.1894921194755004
ETHUSDT,1h_d3,causal,long,2026-07-01 01:00:00+00:00,2026-07-01 12:00:00+00:00,2026-07-01 13:00:00+00:00,39.54056619666608,1.9477506755084868
ETHUSDT,1h_d3,causal,short,2026-07-01 21:00:00+00:00,2026-07-02 01:00:00+00:00,2026-07-02 03:00:00+00:00,-22.816045175477772,-1.0817679362159152
ETHUSDT,1h_d3,causal,short,2026-07-02 04:00:00+00:00,2026-07-02 08:00:00+00:00,2026-07-02 09:00:00+00:00,-22.129491801007248,-1.07241882428568
ETHUSDT,1h_d3,causal,long,2026-07-05 12:00:00+00:00,2026-07-06 05:00:00+00:00,2026-07-06 09:00:00+00:00,-25.37084748703651,-1.2564471363490133
ETHUSDT,1h_d3,causal,short,2026-07-06 02:00:00+00:00,2026-07-06 11:00:00+00:00,2026-07-06 13:00:00+00:00,38.86830834055982,1.974502593964868
ETHUSDT,1h_d3,causal,long,2026-07-06 13:00:00+00:00,2026-07-07 05:00:00+00:00,2026-07-08 08:00:00+00:00,-21.946282044568274,-1.0725133041902812
ETHUSDT,1h_d3,causal,long,2026-07-09 02:00:00+00:00,2026-07-09 12:00:00+00:00,2026-07-10 01:00:00+00:00,39.44184811082361,1.969772568299365
ETHUSDT,1h_d3,causal,long,2026-07-09 03:00:00+00:00,2026-07-10 01:00:00+00:00,2026-07-10 02:00:00+00:00,40.995677519858205,1.969772568299365
ETHUSDT,1h_d3,causal,short,2026-07-12 03:00:00+00:00,2026-07-12 08:00:00+00:00,2026-07-12 14:00:00+00:00,-25.043556634511308,-1.1576924777342976
ETHUSDT,1h_d3,causal,short,2026-07-16 14:00:00+00:00,2026-07-16 18:00:00+00:00,2026-07-17 05:00:00+00:00,41.67126726145344,1.9720037817436655
ETHUSDT,1h_d3,causal,long,2026-07-20 08:00:00+00:00,2026-07-20 13:00:00+00:00,2026-07-20 15:00:00+00:00,43.12950415103288,1.963568442266146
ETHUSDT,1h_d3,causal,short,2026-07-22 16:00:00+00:00,2026-07-22 21:00:00+00:00,2026-07-23 15:00:00+00:00,45.06738865838676,1.9742630161475982
ETHUSDT,1h_d3,causal,long,2026-07-28 13:00:00+00:00,2026-07-28 17:00:00+00:00,2026-07-31 14:00:00+00:00,-24.9124740402734,-1.0498835695344855
ETHUSDT,1h_d3,causal,long,2026-07-31 14:00:00+00:00,2026-07-31 18:00:00+00:00,2026-08-01 18:00:00+00:00,-25.309358947730672,-1.0894861166631187
ETHUSDT,1h_d3,causal,short,2026-08-03 00:00:00+00:00,2026-08-03 19:00:00+00:00,2026-08-03 22:00:00+00:00,44.28503935089823,1.9487914638584416
ETHUSDT,1h_d3,causal,short,2026-08-03 19:00:00+00:00,2026-08-04 01:00:00+00:00,2026-08-04 12:00:00+00:00,-28.55733022851481,-1.2095407181615279
ETHUSDT,1h_d3,causal,long,2026-08-04 09:00:00+00:00,2026-08-04 13:00:00+00:00,2026-08-05 13:00:00+00:00,-27.54542478975577,-1.195604281837524
ETHUSDT,1h_d3,causal,short,2026-08-12 16:00:00+00:00,2026-08-12 20:00:00+00:00,2026-08-13 05:00:00+00:00,-25.956206948179727,-1.1542244775920252
ETHUSDT,1h_d3,causal,long,2026-08-13 02:00:00+00:00,2026-08-13 09:00:00+00:00,2026-08-13 16:00:00+00:00,-27.042812079661555,-1.2309598768804804
ETHUSDT,1h_d3,causal,long,2026-08-13 16:00:00+00:00,2026-08-13 23:00:00+00:00,2026-08-19 08:00:00+00:00,42.30573010492371,1.9743176952607593
ETHUSDT,1h_d3,causal,short,2026-08-24 14:00:00+00:00,2026-08-25 00:00:00+00:00,2026-08-25 02:00:00+00:00,-23.740459146575585,-1.065830552266699
ETHUSDT,1h_d3,causal,long,2026-08-25 23:00:00+00:00,2026-08-26 04:00:00+00:00,2026-08-26 15:00:00+00:00,-24.482530918491797,-1.1230863416678527
ETHUSDT,1h_d3,causal,short,2026-08-28 00:00:00+00:00,2026-08-28 06:00:00+00:00,2026-08-28 14:00:00+00:00,-25.004719023551488,-1.1733971866393715
ETHUSDT,1h_d3,causal,short,2026-08-28 01:00:00+00:00,2026-08-28 14:00:00+00:00,2026-08-28 15:00:00+00:00,40.646919629274265,1.9532786284698
ETHUSDT,1h_d3,causal,long,2026-08-29 21:00:00+00:00,2026-08-30 01:00:00+00:00,2026-08-30 12:00:00+00:00,40.623213462694224,1.8787451778539426
ETHUSDT,1h_d3,causal,short,2026-09-02 07:00:00+00:00,2026-09-02 13:00:00+00:00,2026-09-02 17:00:00+00:00,43.935996133293806,1.9583694365659785
ETHUSDT,1h_d3,causal,long,2026-09-07 22:00:00+00:00,2026-09-08 02:00:00+00:00,2026-09-08 05:00:00+00:00,-26.6556907333616,-1.1433483703484346
ETHUSDT,1h_d3,causal,short,2026-09-08 09:00:00+00:00,2026-09-08 13:00:00+00:00,2026-09-08 15:00:00+00:00,-25.698328380494335,-1.128079781228998
ETHUSDT,1h_d3,causal,long,2026-09-10 02:00:00+00:00,2026-09-10 06:00:00+00:00,2026-09-10 12:00:00+00:00,-24.60809773842468,-1.1051559984292478
ETHUSDT,1h_d3,causal,long,2026-09-14 02:00:00+00:00,2026-09-14 06:00:00+00:00,2026-09-14 20:00:00+00:00,43.11121771474842,1.979897793877004
ETHUSDT,1h_d3,causal,long,2026-09-14 15:00:00+00:00,2026-09-14 23:00:00+00:00,2026-09-15 05:00:00+00:00,-24.591146825931563,-1.086340191810477
ETHUSDT,1h_d3,causal,long,2026-09-16 08:00:00+00:00,2026-09-16 12:00:00+00:00,2026-09-16 13:00:00+00:00,-25.855716085309272,-1.1675714869617493
ETHUSDT,1h_d3,causal,long,2026-09-16 17:00:00+00:00,2026-09-16 22:00:00+00:00,2026-09-17 07:00:00+00:00,42.67569827442936,1.973191462290245
ETHUSDT,1h_d4,reference,long,2026-05-29 12:00:00+00:00,2026-05-29 18:00:00+00:00,2026-05-31 02:00:00+00:00,39.144665364540614,1.9572332682270308
ETHUSDT,1h_d4,reference,long,2026-06-01 16:00:00+00:00,2026-06-02 01:00:00+00:00,2026-06-02 14:00:00+00:00,-22.830430484686392,-1.0985203141411157
ETHUSDT,1h_d4,reference,short,2026-06-08 01:00:00+00:00,2026-06-08 11:00:00+00:00,2026-06-08 21:00:00+00:00,-21.623802766144895,-1.0638344925229353
ETHUSDT,1h_d4,reference,short,2026-06-09 05:00:00+00:00,2026-06-09 12:00:00+00:00,2026-06-09 14:00:00+00:00,39.15309616081548,1.9681045929845462
ETHUSDT,1h_d4,reference,short,2026-06-10 15:00:00+00:00,2026-06-10 20:00:00+00:00,2026-06-11 11:00:00+00:00,-21.909169813098647,-1.059597957229797
ETHUSDT,1h_d4,reference,long,2026-06-17 22:00:00+00:00,2026-06-18 03:00:00+00:00,2026-06-18 04:00:00+00:00,-23.237033143192914,-1.1481492326499894
ETHUSDT,1h_d4,reference,short,2026-06-21 19:00:00+00:00,2026-06-22 00:00:00+00:00,2026-06-22 01:00:00+00:00,-21.9531226239039,-1.1102044104770803
ETHUSDT,1h_d4,reference,short,2026-06-28 15:00:00+00:00,2026-06-28 22:00:00+00:00,2026-06-28 23:00:00+00:00,37.701600206529946,1.9499263663260182
ETHUSDT,1h_d4,reference,long,2026-06-29 13:00:00+00:00,2026-06-30 01:00:00+00:00,2026-06-30 12:00:00+00:00,-21.4569054821266,-1.0680967265808985
ETHUSDT,1h_d4,reference,short,2026-07-06 02:00:00+00:00,2026-07-06 07:00:00+00:00,2026-07-06 13:00:00+00:00,38.81828255583907,1.9745025939648682
ETHUSDT,1h_d4,reference,short,2026-07-07 00:00:00+00:00,2026-07-07 12:00:00+00:00,2026-07-07 16:00:00+00:00,-22.811855369093593,-1.116250493055905
ETHUSDT,1h_d4,reference,long,2026-07-09 02:00:00+00:00,2026-07-09 12:00:00+00:00,2026-07-10 01:00:00+00:00,39.35587172534381,1.969772568299365
ETHUSDT,1h_d4,reference,long,2026-07-19 04:00:00+00:00,2026-07-19 09:00:00+00:00,2026-07-19 17:00:00+00:00,-24.84659172059309,-1.1964445078116368
ETHUSDT,1h_d4,reference,short,2026-08-03 00:00:00+00:00,2026-08-03 19:00:00+00:00,2026-08-03 22:00:00+00:00,39.502182440912776,1.9487914638584414
ETHUSDT,1h_d4,reference,short,2026-08-12 15:00:00+00:00,2026-08-12 20:00:00+00:00,2026-08-13 05:00:00+00:00,-24.308124173699213,-1.154224477592025
ETHUSDT,1h_d4,reference,long,2026-08-13 02:00:00+00:00,2026-08-13 09:00:00+00:00,2026-08-13 16:00:00+00:00,-25.325735588054627,-1.2309598768804806
ETHUSDT,1h_d4,reference,long,2026-08-14 22:00:00+00:00,2026-08-15 05:00:00+00:00,2026-08-15 09:00:00+00:00,-28.141202219000093,-1.4023301533071835
ETHUSDT,1h_d4,reference,long,2026-08-25 23:00:00+00:00,2026-08-26 04:00:00+00:00,2026-08-26 15:00:00+00:00,-21.90538860775461,-1.1230863416678525
ETHUSDT,1h_d4,reference,short,2026-08-28 00:00:00+00:00,2026-08-28 06:00:00+00:00,2026-08-28 14:00:00+00:00,-22.372608823089443,-1.1733971866393713
ETHUSDT,1h_d4,reference,short,2026-09-08 09:00:00+00:00,2026-09-08 14:00:00+00:00,2026-09-08 15:00:00+00:00,-21.003801548198727,-1.128079781228998
ETHUSDT,1h_d4,reference,long,2026-09-10 01:00:00+00:00,2026-09-10 06:00:00+00:00,2026-09-10 12:00:00+00:00,-20.11273238180201,-1.1051559984292478
ETHUSDT,1h_d4,reference,short,2026-09-14 09:00:00+00:00,2026-09-14 14:00:00+00:00,2026-09-14 16:00:00+00:00,-19.72099299731655,-1.1081236622119552
ETHUSDT,1h_d4,reference,long,2026-09-14 16:00:00+00:00,2026-09-14 23:00:00+00:00,2026-09-15 05:00:00+00:00,-18.904844007582465,-1.086340191810477
ETHUSDT,1h_d4,causal,long,2026-05-29 12:00:00+00:00,2026-05-29 18:00:00+00:00,2026-05-31 02:00:00+00:00,39.144665364540614,1.9572332682270308
ETHUSDT,1h_d4,causal,long,2026-06-01 15:00:00+00:00,2026-06-02 01:00:00+00:00,2026-06-02 14:00:00+00:00,-22.830430484686392,-1.0985203141411157
ETHUSDT,1h_d4,causal,short,2026-06-08 01:00:00+00:00,2026-06-08 11:00:00+00:00,2026-06-08 21:00:00+00:00,-21.623802766144895,-1.0638344925229353
ETHUSDT,1h_d4,causal,short,2026-06-09 05:00:00+00:00,2026-06-09 12:00:00+00:00,2026-06-09 14:00:00+00:00,39.15309616081548,1.9681045929845462
ETHUSDT,1h_d4,causal,short,2026-06-10 15:00:00+00:00,2026-06-10 20:00:00+00:00,2026-06-11 11:00:00+00:00,-21.909169813098647,-1.059597957229797
ETHUSDT,1h_d4,causal,long,2026-06-17 22:00:00+00:00,2026-06-18 03:00:00+00:00,2026-06-18 04:00:00+00:00,-23.237033143192914,-1.1481492326499894
ETHUSDT,1h_d4,causal,short,2026-06-21 19:00:00+00:00,2026-06-22 00:00:00+00:00,2026-06-22 01:00:00+00:00,-21.9531226239039,-1.1102044104770803
ETHUSDT,1h_d4,causal,short,2026-06-26 07:00:00+00:00,2026-06-26 13:00:00+00:00,2026-06-26 15:00:00+00:00,-21.368265819450404,-1.1051664835380834
ETHUSDT,1h_d4,causal,short,2026-06-28 14:00:00+00:00,2026-06-28 22:00:00+00:00,2026-06-28 23:00:00+00:00,36.868269308049754,1.949926366326018
ETHUSDT,1h_d4,causal,short,2026-06-28 15:00:00+00:00,2026-06-28 23:00:00+00:00,2026-06-29 00:00:00+00:00,38.306077516141244,1.949926366326018
ETHUSDT,1h_d4,causal,long,2026-06-29 13:00:00+00:00,2026-06-30 01:00:00+00:00,2026-06-30 12:00:00+00:00,-21.80092834660368,-1.0680967265808985
ETHUSDT,1h_d4,causal,long,2026-06-30 23:00:00+00:00,2026-07-01 06:00:00+00:00,2026-07-01 12:00:00+00:00,-23.760089750459898,-1.1894921194755006
ETHUSDT,1h_d4,causal,short,2026-07-06 02:00:00+00:00,2026-07-06 07:00:00+00:00,2026-07-06 13:00:00+00:00,38.50237668038127,1.9745025939648682
ETHUSDT,1h_d4,causal,short,2026-07-07 00:00:00+00:00,2026-07-07 12:00:00+00:00,2026-07-07 16:00:00+00:00,-22.62621090811508,-1.1162504930559047
ETHUSDT,1h_d4,causal,long,2026-07-09 02:00:00+00:00,2026-07-09 12:00:00+00:00,2026-07-10 01:00:00+00:00,39.03559091194318,1.969772568299365
ETHUSDT,1h_d4,causal,long,2026-07-19 04:00:00+00:00,2026-07-19 09:00:00+00:00,2026-07-19 17:00:00+00:00,-24.64438843407866,-1.1964445078116368
ETHUSDT,1h_d4,causal,short,2026-08-03 00:00:00+00:00,2026-08-03 19:00:00+00:00,2026-08-03 22:00:00+00:00,39.1807109407623,1.9487914638584414
ETHUSDT,1h_d4,causal,short,2026-08-12 15:00:00+00:00,2026-08-12 20:00:00+00:00,2026-08-13 05:00:00+00:00,-24.110302973423718,-1.1542244775920252
ETHUSDT,1h_d4,causal,long,2026-08-13 02:00:00+00:00,2026-08-13 09:00:00+00:00,2026-08-13 16:00:00+00:00,-25.11963299551853,-1.2309598768804806
ETHUSDT,1h_d4,causal,long,2026-08-14 21:00:00+00:00,2026-08-15 05:00:00+00:00,2026-08-15 09:00:00+00:00,-27.91218716377089,-1.4023301533071837
ETHUSDT,1h_d4,causal,long,2026-08-14 22:00:00+00:00,2026-08-15 09:00:00+00:00,2026-08-16 16:00:00+00:00,36.55780206640519,1.8896920633837295
ETHUSDT,1h_d4,causal,long,2026-08-25 23:00:00+00:00,2026-08-26 04:00:00+00:00,2026-08-26 15:00:00+00:00,-22.54827239978619,-1.1230863416678525
ETHUSDT,1h_d4,causal,short,2026-08-28 00:00:00+00:00,2026-08-28 06:00:00+00:00,2026-08-28 14:00:00+00:00,-23.02920468885442,-1.1733971866393713
ETHUSDT,1h_d4,causal,short,2026-09-08 09:00:00+00:00,2026-09-08 14:00:00+00:00,2026-09-08 15:00:00+00:00,-21.62022538016876,-1.1280797812289982
ETHUSDT,1h_d4,causal,long,2026-09-10 01:00:00+00:00,2026-09-10 06:00:00+00:00,2026-09-10 12:00:00+00:00,-20.70300493497424,-1.1051559984292478
ETHUSDT,1h_d4,causal,short,2026-09-14 09:00:00+00:00,2026-09-14 14:00:00+00:00,2026-09-14 16:00:00+00:00,-20.29976870350306,-1.1081236622119552
ETHUSDT,1h_d4,causal,long,2026-09-14 15:00:00+00:00,2026-09-14 23:00:00+00:00,2026-09-15 05:00:00+00:00,-19.45966720752595,-1.086340191810477
SOLUSDT,1h_d3,reference,long,2026-05-27 04:00:00+00:00,2026-05-27 08:00:00+00:00,2026-05-27 13:00:00+00:00,-22.830321521830555,-1.1415160760915277
SOLUSDT,1h_d3,reference,short,2026-05-26 14:00:00+00:00,2026-05-27 15:00:00+00:00,2026-05-27 21:00:00+00:00,38.65221652794032,1.977763810075275
SOLUSDT,1h_d3,reference,short,2026-05-29 16:00:00+00:00,2026-05-29 20:00:00+00:00,2026-05-30 21:00:00+00:00,-22.222095804484827,-1.09379882013427
SOLUSDT,1h_d3,reference,long,2026-05-31 00:00:00+00:00,2026-05-31 05:00:00+00:00,2026-05-31 14:00:00+00:00,-22.805701539454894,-1.1476301403130154
SOLUSDT,1h_d3,reference,short,2026-05-31 13:00:00+00:00,2026-05-31 22:00:00+00:00,2026-06-01 00:00:00+00:00,-23.893292275597418,-1.2306055595690346
SOLUSDT,1h_d3,reference,short,2026-05-31 04:00:00+00:00,2026-06-01 00:00:00+00:00,2026-06-01 01:00:00+00:00,36.24700821396007,1.9139812749003955
SOLUSDT,1h_d3,reference,long,2026-05-31 19:00:00+00:00,2026-06-01 01:00:00+00:00,2026-06-01 02:00:00+00:00,38.38830128199227,1.9523158547952586
SOLUSDT,1h_d3,reference,short,2026-06-01 04:00:00+00:00,2026-06-01 23:00:00+00:00,2026-06-02 09:00:00+00:00,40.50495501997843,1.982551298474476
SOLUSDT,1h_d3,reference,short,2026-06-08 21:00:00+00:00,2026-06-09 04:00:00+00:00,2026-06-09 13:00:00+00:00,41.80998559716898,1.9683789441874966
SOLUSDT,1h_d3,reference,short,2026-06-12 18:00:00+00:00,2026-06-13 00:00:00+00:00,2026-06-13 12:00:00+00:00,-23.751090050270903,-1.0758285699840031
SOLUSDT,1h_d3,reference,long,2026-06-16 05:00:00+00:00,2026-06-16 13:00:00+00:00,2026-06-16 14:00:00+00:00,-23.813494087468708,-1.1023745416731185
SOLUSDT,1h_d3,reference,long,2026-06-18 05:00:00+00:00,2026-06-18 10:00:00+00:00,2026-06-18 11:00:00+00:00,-23.045828787868313,-1.0908891391060778
SOLUSDT,1h_d3,reference,short,2026-06-19 01:00:00+00:00,2026-06-19 13:00:00+00:00,2026-06-20 00:00:00+00:00,-23.72352483561113,-1.1480154698768819
SOLUSDT,1h_d3,reference,long,2026-06-30 13:00:00+00:00,2026-06-30 17:00:00+00:00,2026-07-01 14:00:00+00:00,40.05278078535612,1.9837593677996956
SOLUSDT,1h_d3,reference,short,2026-07-04 07:00:00+00:00,2026-07-04 15:00:00+00:00,2026-07-05 01:00:00+00:00,41.16776683811277,1.9611731860838455
SOLUSDT,1h_d3,reference,long,2026-07-05 19:00:00+00:00,2026-07-06 00:00:00+00:00,2026-07-06 01:00:00+00:00,41.89979627731728,1.9207091497759143
SOLUSDT,1h_d3,reference,long,2026-07-05 11:00:00+00:00,2026-07-06 03:00:00+00:00,2026-07-06 12:00:00+00:00,-24.772273777188538,-1.0935658856513628
SOLUSDT,1h_d3,reference,long,2026-07-06 18:00:00+00:00,2026-07-06 23:00:00+00:00,2026-07-07 02:00:00+00:00,-24.671130439050245,-1.1134536362975886
SOLUSDT,1h_d3,reference,long,2026-07-06 13:00:00+00:00,2026-07-07 04:00:00+00:00,2026-07-08 01:00:00+00:00,-23.022332505271905,-1.062705816538716
SOLUSDT,1h_d3,reference,long,2026-07-09 03:00:00+00:00,2026-07-09 10:00:00+00:00,2026-07-10 10:00:00+00:00,41.85455460330843,1.973951654226413
SOLUSDT,1h_d3,reference,short,2026-07-11 21:00:00+00:00,2026-07-13 00:00:00+00:00,2026-07-13 01:00:00+00:00,41.752310864431024,1.8943427956444647
SOLUSDT,1h_d3,reference,long,2026-07-12 06:00:00+00:00,2026-07-13 01:00:00+00:00,2026-07-13 03:00:00+00:00,-25.964176122193884,-1.135017578596379
SOLUSDT,1h_d3,reference,long,2026-07-17 08:00:00+00:00,2026-07-17 12:00:00+00:00,2026-07-17 13:00:00+00:00,-25.778234169553826,-1.1530641330360574
SOLUSDT,1h_d3,reference,long,2026-07-17 15:00:00+00:00,2026-07-18 08:00:00+00:00,2026-07-19 02:00:00+00:00,43.04753296451191,1.9709755843811638
SOLUSDT,1h_d3,reference,long,2026-07-19 21:00:00+00:00,2026-07-20 05:00:00+00:00,2026-07-20 06:00:00+00:00,-25.87324498912132,-1.1397064679666473
SOLUSDT,1h_d3,reference,short,2026-07-20 03:00:00+00:00,2026-07-20 08:00:00+00:00,2026-07-20 11:00:00+00:00,-24.335245781215782,-1.0969625008848873
SOLUSDT,1h_d3,reference,long,2026-07-22 13:00:00+00:00,2026-07-22 18:00:00+00:00,2026-07-23 12:00:00+00:00,-24.995259241213823,-1.1519877460424095
SOLUSDT,1h_d3,reference,long,2026-07-29 04:00:00+00:00,2026-07-29 08:00:00+00:00,2026-07-29 15:00:00+00:00,-23.354281490037856,-1.1017418153139114
SOLUSDT,1h_d3,reference,short,2026-07-31 01:00:00+00:00,2026-07-31 06:00:00+00:00,2026-07-31 10:00:00+00:00,40.566393728368375,1.956844603572492
SOLUSDT,1h_d3,reference,short,2026-08-02 22:00:00+00:00,2026-08-03 14:00:00+00:00,2026-08-04 18:00:00+00:00,-24.01985724532711,-1.1150326790293736
SOLUSDT,1h_d3,reference,short,2026-08-04 21:00:00+00:00,2026-08-05 01:00:00+00:00,2026-08-05 17:00:00+00:00,-23.82268315294596,-1.1311039615731364
SOLUSDT,1h_d3,reference,short,2026-08-05 19:00:00+00:00,2026-08-06 00:00:00+00:00,2026-08-06 13:00:00+00:00,40.39047953462955,1.9621325133304135
SOLUSDT,1h_d3,reference,short,2026-08-13 08:00:00+00:00,2026-08-13 13:00:00+00:00,2026-08-13 14:00:00+00:00,-28.08082284602522,-1.3126295981557767
SOLUSDT,1h_d3,reference,long,2026-08-13 17:00:00+00:00,2026-08-14 03:00:00+00:00,2026-08-14 14:00:00+00:00,-22.918759295657686,-1.100213961963764
SOLUSDT,1h_d3,reference,long,2026-08-14 20:00:00+00:00,2026-08-15 06:00:00+00:00,2026-08-16 21:00:00+00:00,-24.564485581666652,-1.2057486038862644
SOLUSDT,1h_d3,reference,long,2026-08-18 05:00:00+00:00,2026-08-18 09:00:00+00:00,2026-08-18 14:00:00+00:00,38.70567732922876,1.946816913626961
SOLUSDT,1h_d3,reference,long,2026-08-22 21:00:00+00:00,2026-08-23 02:00:00+00:00,2026-08-23 04:00:00+00:00,-21.87021446842336,-1.058801491022963
SOLUSDT,1h_d3,reference,short,2026-08-23 03:00:00+00:00,2026-08-23 10:00:00+00:00,2026-08-24 15:00:00+00:00,-20.79576602135971,-1.0285652048598035
SOLUSDT,1h_d3,reference,short,2026-08-26 11:00:00+00:00,2026-08-26 15:00:00+00:00,2026-08-26 21:00:00+00:00,-20.895774316432927,-1.055218875331417
SOLUSDT,1h_d3,reference,short,2026-08-28 15:00:00+00:00,2026-08-28 19:00:00+00:00,2026-08-30 13:00:00+00:00,-20.08864552449339,-1.0363306697704593
SOLUSDT,1h_d3,reference,short,2026-08-31 20:00:00+00:00,2026-09-01 00:00:00+00:00,2026-09-01 05:00:00+00:00,-21.548457963615366,-1.1351674787228865
SOLUSDT,1h_d3,reference,long,2026-08-31 05:00:00+00:00,2026-09-01 08:00:00+00:00,2026-09-01 16:00:00+00:00,-20.324855852419788,-1.0955817962163317
SOLUSDT,1h_d3,reference,short,2026-09-03 21:00:00+00:00,2026-09-04 09:00:00+00:00,2026-09-04 12:00:00+00:00,35.736213869210324,1.9694627889172762
SOLUSDT,1h_d3,reference,long,2026-09-07 22:00:00+00:00,2026-09-08 02:00:00+00:00,2026-09-08 03:00:00+00:00,-21.118684631328616,-1.119767562673267
SOLUSDT,1h_d3,reference,short,2026-09-08 18:00:00+00:00,2026-09-08 22:00:00+00:00,2026-09-09 05:00:00+00:00,-20.11674764244314,-1.091077318519372
SOLUSDT,1h_d3,causal,long,2026-05-27 04:00:00+00:00,2026-05-27 08:00:00+00:00,2026-05-27 13:00:00+00:00,-22.830321521830555,-1.1415160760915277
SOLUSDT,1h_d3,causal,short,2026-05-26 14:00:00+00:00,2026-05-27 15:00:00+00:00,2026-05-27 21:00:00+00:00,38.65221652794032,1.977763810075275
SOLUSDT,1h_d3,causal,short,2026-05-29 16:00:00+00:00,2026-05-29 20:00:00+00:00,2026-05-30 21:00:00+00:00,-22.222095804484827,-1.09379882013427
SOLUSDT,1h_d3,causal,long,2026-05-31 00:00:00+00:00,2026-05-31 05:00:00+00:00,2026-05-31 14:00:00+00:00,-22.805701539454894,-1.1476301403130154
SOLUSDT,1h_d3,causal,short,2026-05-31 13:00:00+00:00,2026-05-31 22:00:00+00:00,2026-06-01 00:00:00+00:00,-23.893292275597418,-1.2306055595690346
SOLUSDT,1h_d3,causal,short,2026-05-31 03:00:00+00:00,2026-06-01 00:00:00+00:00,2026-06-01 01:00:00+00:00,36.24700821396007,1.9139812749003955
SOLUSDT,1h_d3,causal,long,2026-05-31 19:00:00+00:00,2026-06-01 01:00:00+00:00,2026-06-01 02:00:00+00:00,38.38830128199227,1.9523158547952586
SOLUSDT,1h_d3,causal,short,2026-06-01 03:00:00+00:00,2026-06-01 23:00:00+00:00,2026-06-02 09:00:00+00:00,40.50495501997843,1.982551298474476
SOLUSDT,1h_d3,causal,long,2026-06-03 03:00:00+00:00,2026-06-03 13:00:00+00:00,2026-06-03 16:00:00+00:00,-21.97033236905155,-1.0343447627250635
SOLUSDT,1h_d3,causal,long,2026-06-07 03:00:00+00:00,2026-06-07 12:00:00+00:00,2026-06-07 14:00:00+00:00,41.060825218830495,1.9739438740583661
SOLUSDT,1h_d3,causal,long,2026-06-07 04:00:00+00:00,2026-06-07 19:00:00+00:00,2026-06-07 22:00:00+00:00,42.68186050692033,1.9739438740583661
SOLUSDT,1h_d3,causal,short,2026-06-08 21:00:00+00:00,2026-06-09 04:00:00+00:00,2026-06-09 13:00:00+00:00,44.24181359077373,1.9683789441874966
SOLUSDT,1h_d3,causal,long,2026-06-09 16:00:00+00:00,2026-06-10 00:00:00+00:00,2026-06-10 08:00:00+00:00,-25.02415799094169,-1.0711889815428204
SOLUSDT,1h_d3,causal,short,2026-06-10 15:00:00+00:00,2026-06-11 01:00:00+00:00,2026-06-11 11:00:00+00:00,-24.16206279403467,-1.0569293889258486
SOLUSDT,1h_d3,causal,long,2026-06-11 07:00:00+00:00,2026-06-11 12:00:00+00:00,2026-06-11 17:00:00+00:00,43.77685775420126,1.9562994919710088
SOLUSDT,1h_d3,causal,short,2026-06-12 17:00:00+00:00,2026-06-13 00:00:00+00:00,2026-06-13 12:00:00+00:00,-25.016152956574274,-1.0758285699840031
SOLUSDT,1h_d3,causal,long,2026-06-16 05:00:00+00:00,2026-06-16 13:00:00+00:00,2026-06-16 14:00:00+00:00,-25.081880842593133,-1.1023745416731185
SOLUSDT,1h_d3,causal,long,2026-06-18 05:00:00+00:00,2026-06-18 10:00:00+00:00,2026-06-18 11:00:00+00:00,-24.27332710827563,-1.0908891391060778
SOLUSDT,1h_d3,causal,short,2026-06-19 01:00:00+00:00,2026-06-19 13:00:00+00:00,2026-06-20 00:00:00+00:00,-24.987119525908543,-1.1480154698768819
SOLUSDT,1h_d3,causal,short,2026-06-24 12:00:00+00:00,2026-06-25 05:00:00+00:00,2026-06-25 13:00:00+00:00,42.28398509854794,1.9883610659533022
SOLUSDT,1h_d3,causal,long,2026-06-26 15:00:00+00:00,2026-06-26 21:00:00+00:00,2026-06-28 05:00:00+00:00,-23.07237799609171,-1.043459447535676
SOLUSDT,1h_d3,causal,long,2026-06-29 05:00:00+00:00,2026-06-29 09:00:00+00:00,2026-06-29 17:00:00+00:00,42.87122385546929,1.980196925638289
SOLUSDT,1h_d3,causal,long,2026-06-30 13:00:00+00:00,2026-06-30 17:00:00+00:00,2026-07-01 14:00:00+00:00,44.64927449569619,1.9837593677996956
SOLUSDT,1h_d3,causal,short,2026-07-04 07:00:00+00:00,2026-07-04 15:00:00+00:00,2026-07-05 01:00:00+00:00,45.89221736638461,1.9611731860838453
SOLUSDT,1h_d3,causal,long,2026-07-05 19:00:00+00:00,2026-07-06 00:00:00+00:00,2026-07-06 01:00:00+00:00,46.70825517272645,1.9207091497759143
SOLUSDT,1h_d3,causal,long,2026-07-05 10:00:00+00:00,2026-07-06 03:00:00+00:00,2026-07-06 12:00:00+00:00,-27.615162544834355,-1.0935658856513626
SOLUSDT,1h_d3,causal,long,2026-07-06 18:00:00+00:00,2026-07-06 23:00:00+00:00,2026-07-07 02:00:00+00:00,-27.502411904818906,-1.1134536362975889
SOLUSDT,1h_d3,causal,long,2026-07-06 13:00:00+00:00,2026-07-07 04:00:00+00:00,2026-07-08 01:00:00+00:00,-25.664396414016284,-1.062705816538716
SOLUSDT,1h_d3,causal,long,2026-07-09 03:00:00+00:00,2026-07-09 10:00:00+00:00,2026-07-10 10:00:00+00:00,46.65782152288098,1.9739516542264133
SOLUSDT,1h_d3,causal,short,2026-07-11 21:00:00+00:00,2026-07-13 00:00:00+00:00,2026-07-13 01:00:00+00:00,46.54384419913239,1.8943427956444647
SOLUSDT,1h_d3,causal,long,2026-07-12 06:00:00+00:00,2026-07-13 01:00:00+00:00,2026-07-13 03:00:00+00:00,-28.943848691731418,-1.135017578596379
SOLUSDT,1h_d3,causal,long,2026-07-17 08:00:00+00:00,2026-07-17 12:00:00+00:00,2026-07-17 13:00:00+00:00,-28.736567870752147,-1.1530641330360574
SOLUSDT,1h_d3,causal,long,2026-07-17 14:00:00+00:00,2026-07-18 08:00:00+00:00,2026-07-19 02:00:00+00:00,47.987707170578,1.970975584381164
SOLUSDT,1h_d3,causal,long,2026-07-19 21:00:00+00:00,2026-07-20 05:00:00+00:00,2026-07-20 06:00:00+00:00,-28.842482218763685,-1.1397064679666473
SOLUSDT,1h_d3,causal,short,2026-07-20 03:00:00+00:00,2026-07-20 08:00:00+00:00,2026-07-20 11:00:00+00:00,-27.127980816827453,-1.0969625008848873
SOLUSDT,1h_d3,causal,long,2026-07-22 13:00:00+00:00,2026-07-22 18:00:00+00:00,2026-07-23 12:00:00+00:00,-27.863738024403936,-1.1519877460424095
SOLUSDT,1h_d3,causal,long,2026-07-24 21:00:00+00:00,2026-07-25 06:00:00+00:00,2026-07-25 18:00:00+00:00,46.03600382946284,1.9481805678380262
SOLUSDT,1h_d3,causal,long,2026-07-29 04:00:00+00:00,2026-07-29 08:00:00+00:00,2026-07-29 15:00:00+00:00,-27.048835976080124,-1.1017418153139111
SOLUSDT,1h_d3,causal,short,2026-07-30 23:00:00+00:00,2026-07-31 06:00:00+00:00,2026-07-31 10:00:00+00:00,46.98383594322014,1.9568446035724918
SOLUSDT,1h_d3,causal,short,2026-08-02 21:00:00+00:00,2026-08-03 14:00:00+00:00,2026-08-04 18:00:00+00:00,-27.819703169838757,-1.1150326790293734
SOLUSDT,1h_d3,causal,short,2026-08-04 20:00:00+00:00,2026-08-05 01:00:00+00:00,2026-08-05 17:00:00+00:00,-27.591336919914724,-1.1311039615731362
SOLUSDT,1h_d3,causal,short,2026-08-05 19:00:00+00:00,2026-08-06 00:00:00+00:00,2026-08-06 13:00:00+00:00,46.780092823384265,1.9621325133304135
SOLUSDT,1h_d3,causal,short,2026-08-13 08:00:00+00:00,2026-08-13 13:00:00+00:00,2026-08-13 14:00:00+00:00,-32.52309738407064,-1.3126295981557765
SOLUSDT,1h_d3,causal,long,2026-08-13 16:00:00+00:00,2026-08-14 03:00:00+00:00,2026-08-14 14:00:00+00:00,-26.544415901981218,-1.100213961963764
SOLUSDT,1h_d3,causal,long,2026-08-14 20:00:00+00:00,2026-08-15 06:00:00+00:00,2026-08-16 21:00:00+00:00,-28.45048954380011,-1.2057486038862644
SOLUSDT,1h_d3,causal,long,2026-08-18 05:00:00+00:00,2026-08-18 09:00:00+00:00,2026-08-18 14:00:00+00:00,44.828761607073304,1.946816913626961
SOLUSDT,1h_d3,causal,long,2026-08-22 21:00:00+00:00,2026-08-23 02:00:00+00:00,2026-08-23 04:00:00+00:00,-25.329995451601405,-1.058801491022963
SOLUSDT,1h_d3,causal,short,2026-08-23 03:00:00+00:00,2026-08-23 10:00:00+00:00,2026-08-24 15:00:00+00:00,-24.085573531715937,-1.0285652048598035
SOLUSDT,1h_d3,causal,short,2026-08-26 11:00:00+00:00,2026-08-26 15:00:00+00:00,2026-08-26 21:00:00+00:00,-24.201402741483605,-1.055218875331417
SOLUSDT,1h_d3,causal,short,2026-08-28 15:00:00+00:00,2026-08-28 19:00:00+00:00,2026-08-30 13:00:00+00:00,-23.26658938342517,-1.0363306697704593
SOLUSDT,1h_d3,causal,short,2026-08-31 20:00:00+00:00,2026-09-01 00:00:00+00:00,2026-09-01 05:00:00+00:00,-24.957338346885905,-1.1351674787228863
SOLUSDT,1h_d3,causal,long,2026-08-31 05:00:00+00:00,2026-09-01 08:00:00+00:00,2026-09-01 16:00:00+00:00,-23.540167246167922,-1.0955817962163314
SOLUSDT,1h_d3,causal,short,2026-09-03 21:00:00+00:00,2026-09-04 09:00:00+00:00,2026-09-04 12:00:00+00:00,41.389540832875475,1.9694627889172762
SOLUSDT,1h_d3,causal,long,2026-09-07 22:00:00+00:00,2026-09-08 02:00:00+00:00,2026-09-08 03:00:00+00:00,-24.459576582008822,-1.1197675626732673
SOLUSDT,1h_d3,causal,short,2026-09-08 17:00:00+00:00,2026-09-08 21:00:00+00:00,2026-09-09 05:00:00+00:00,-23.29913714471372,-1.091077318519372
SOLUSDT,1h_d3,causal,long,2026-09-14 13:00:00+00:00,2026-09-15 03:00:00+00:00,2026-09-15 05:00:00+00:00,-22.6638234992958,-1.0850025950359687
SOLUSDT,1h_d3,causal,long,2026-09-17 11:00:00+00:00,2026-09-17 15:00:00+00:00,2026-09-17 17:00:00+00:00,40.04454231476037,1.9596066355451813
SOLUSDT,1h_d4,reference,long,2026-05-29 22:00:00+00:00,2026-05-30 04:00:00+00:00,2026-05-31 16:00:00+00:00,-22.387619196033274,-1.1193809598016637
SOLUSDT,1h_d4,reference,short,2026-05-31 03:00:00+00:00,2026-06-01 00:00:00+00:00,2026-06-01 01:00:00+00:00,37.42263581939174,1.9139812749003955
SOLUSDT,1h_d4,reference,short,2026-06-01 03:00:00+00:00,2026-06-01 23:00:00+00:00,2026-06-02 09:00:00+00:00,40.247179804074015,1.9825512984744762
SOLUSDT,1h_d4,reference,long,2026-06-03 03:00:00+00:00,2026-06-03 13:00:00+00:00,2026-06-03 16:00:00+00:00,-21.83051226143433,-1.0343447627250633
SOLUSDT,1h_d4,reference,long,2026-06-07 04:00:00+00:00,2026-06-07 12:00:00+00:00,2026-06-07 14:00:00+00:00,40.79951242189548,1.9739438740583664
SOLUSDT,1h_d4,reference,long,2026-06-09 16:00:00+00:00,2026-06-10 00:00:00+00:00,2026-06-10 08:00:00+00:00,-23.014520903882847,-1.0711889815428204
SOLUSDT,1h_d4,reference,long,2026-06-11 07:00:00+00:00,2026-06-11 12:00:00+00:00,2026-06-11 17:00:00+00:00,41.130675491638456,1.9562994919710086
SOLUSDT,1h_d4,reference,short,2026-06-12 17:00:00+00:00,2026-06-13 00:00:00+00:00,2026-06-13 12:00:00+00:00,-23.504000106250245,-1.0758285699840031
SOLUSDT,1h_d4,reference,long,2026-06-26 15:00:00+00:00,2026-06-26 21:00:00+00:00,2026-06-28 05:00:00+00:00,-22.306311235960127,-1.0434594475356758
SOLUSDT,1h_d4,reference,long,2026-07-05 10:00:00+00:00,2026-07-06 03:00:00+00:00,2026-07-06 12:00:00+00:00,-22.889581523002466,-1.0935658856513628
SOLUSDT,1h_d4,reference,short,2026-07-07 00:00:00+00:00,2026-07-07 12:00:00+00:00,2026-07-07 16:00:00+00:00,-23.131479936901265,-1.1298337047403937
SOLUSDT,1h_d4,reference,long,2026-07-07 13:00:00+00:00,2026-07-07 18:00:00+00:00,2026-07-07 21:00:00+00:00,-21.763476763235097,-1.0875909129531582
SOLUSDT,1h_d4,reference,long,2026-07-17 14:00:00+00:00,2026-07-18 08:00:00+00:00,2026-07-19 02:00:00+00:00,38.582734066751506,1.9709755843811638
SOLUSDT,1h_d4,reference,long,2026-07-24 21:00:00+00:00,2026-07-25 06:00:00+00:00,2026-07-25 18:00:00+00:00,39.63983401468615,1.948180567838026
SOLUSDT,1h_d4,reference,short,2026-07-31 00:00:00+00:00,2026-07-31 06:00:00+00:00,2026-07-31 10:00:00+00:00,41.36750196258016,1.956844603572492
SOLUSDT,1h_d4,reference,short,2026-08-02 21:00:00+00:00,2026-08-03 14:00:00+00:00,2026-08-04 18:00:00+00:00,-24.494203216346136,-1.1150326790293734
SOLUSDT,1h_d4,reference,short,2026-08-04 20:00:00+00:00,2026-08-05 01:00:00+00:00,2026-08-05 17:00:00+00:00,-24.293135314965408,-1.1311039615731362
SOLUSDT,1h_d4,reference,long,2026-08-13 16:00:00+00:00,2026-08-14 03:00:00+00:00,2026-08-14 14:00:00+00:00,-23.095146512266087,-1.1002139619637639
SOLUSDT,1h_d4,reference,long,2026-08-24 08:00:00+00:00,2026-08-24 13:00:00+00:00,2026-08-24 15:00:00+00:00,40.56744646197739,1.9760464421635333
SOLUSDT,1h_d4,reference,short,2026-08-26 10:00:00+00:00,2026-08-26 15:00:00+00:00,2026-08-26 21:00:00+00:00,-22.519373955483125,-1.055218875331417
SOLUSDT,1h_d4,reference,short,2026-09-08 17:00:00+00:00,2026-09-08 22:00:00+00:00,2026-09-09 05:00:00+00:00,-22.793219659352168,-1.0910773185193718
SOLUSDT,1h_d4,reference,long,2026-09-14 14:00:00+00:00,2026-09-15 03:00:00+00:00,2026-09-15 05:00:00+00:00,-22.171701215014416,-1.0850025950359685
SOLUSDT,1h_d4,causal,long,2026-05-29 22:00:00+00:00,2026-05-30 04:00:00+00:00,2026-05-31 16:00:00+00:00,-22.387619196033274,-1.1193809598016637
SOLUSDT,1h_d4,causal,short,2026-05-31 03:00:00+00:00,2026-06-01 00:00:00+00:00,2026-06-01 01:00:00+00:00,37.42263581939174,1.9139812749003955
SOLUSDT,1h_d4,causal,short,2026-06-01 03:00:00+00:00,2026-06-01 23:00:00+00:00,2026-06-02 09:00:00+00:00,40.247179804074015,1.9825512984744762
SOLUSDT,1h_d4,causal,long,2026-06-03 03:00:00+00:00,2026-06-03 13:00:00+00:00,2026-06-03 16:00:00+00:00,-21.83051226143433,-1.0343447627250633
SOLUSDT,1h_d4,causal,long,2026-06-07 03:00:00+00:00,2026-06-07 12:00:00+00:00,2026-06-07 14:00:00+00:00,40.79951242189548,1.9739438740583664
SOLUSDT,1h_d4,causal,long,2026-06-07 12:00:00+00:00,2026-06-07 17:00:00+00:00,2026-06-07 19:00:00+00:00,-22.501108607409407,-1.0472926946173706
SOLUSDT,1h_d4,causal,long,2026-06-07 04:00:00+00:00,2026-06-07 19:00:00+00:00,2026-06-07 22:00:00+00:00,41.5219128641885,1.973943874058366
SOLUSDT,1h_d4,causal,long,2026-06-09 16:00:00+00:00,2026-06-10 00:00:00+00:00,2026-06-10 08:00:00+00:00,-23.422018422681738,-1.0711889815428204
SOLUSDT,1h_d4,causal,short,2026-06-10 15:00:00+00:00,2026-06-11 01:00:00+00:00,2026-06-11 11:00:00+00:00,-22.6151177632721,-1.0569293889258486
SOLUSDT,1h_d4,causal,long,2026-06-11 07:00:00+00:00,2026-06-11 12:00:00+00:00,2026-06-11 17:00:00+00:00,40.97410067412361,1.9562994919710086
SOLUSDT,1h_d4,causal,short,2026-06-12 17:00:00+00:00,2026-06-13 00:00:00+00:00,2026-06-13 12:00:00+00:00,-23.41452590035608,-1.0758285699840031
SOLUSDT,1h_d4,causal,short,2026-06-24 11:00:00+00:00,2026-06-25 05:00:00+00:00,2026-06-25 13:00:00+00:00,42.343916132222574,1.9883610659533024
SOLUSDT,1h_d4,causal,long,2026-06-26 15:00:00+00:00,2026-06-26 21:00:00+00:00,2026-06-28 05:00:00+00:00,-23.105079536862164,-1.0434594475356758
SOLUSDT,1h_d4,causal,long,2026-06-29 05:00:00+00:00,2026-06-29 11:00:00+00:00,2026-06-29 17:00:00+00:00,42.93198720959892,1.9801969256382892
SOLUSDT,1h_d4,causal,long,2026-07-05 10:00:00+00:00,2026-07-06 03:00:00+00:00,2026-07-06 12:00:00+00:00,-24.648215323811577,-1.0935658856513628
SOLUSDT,1h_d4,causal,short,2026-07-07 00:00:00+00:00,2026-07-07 12:00:00+00:00,2026-07-07 16:00:00+00:00,-24.908699080855115,-1.1298337047403937
SOLUSDT,1h_d4,causal,long,2026-07-07 13:00:00+00:00,2026-07-07 18:00:00+00:00,2026-07-07 21:00:00+00:00,-23.43559059460795,-1.0875909129531585
SOLUSDT,1h_d4,causal,long,2026-07-17 14:00:00+00:00,2026-07-18 08:00:00+00:00,2026-07-19 02:00:00+00:00,41.54709146180615,1.9709755843811638
SOLUSDT,1h_d4,causal,long,2026-07-24 21:00:00+00:00,2026-07-25 06:00:00+00:00,2026-07-25 18:00:00+00:00,42.68540965732663,1.9481805678380262
SOLUSDT,1h_d4,causal,short,2026-07-30 23:00:00+00:00,2026-07-31 06:00:00+00:00,2026-07-31 10:00:00+00:00,44.54581639062338,1.9568446035724918
SOLUSDT,1h_d4,causal,short,2026-08-02 21:00:00+00:00,2026-08-03 14:00:00+00:00,2026-08-04 18:00:00+00:00,-26.3761220123217,-1.1150326790293734
SOLUSDT,1h_d4,causal,short,2026-08-04 20:00:00+00:00,2026-08-05 01:00:00+00:00,2026-08-05 17:00:00+00:00,-26.159605824685922,-1.1311039615731362
SOLUSDT,1h_d4,causal,long,2026-08-13 16:00:00+00:00,2026-08-14 03:00:00+00:00,2026-08-14 14:00:00+00:00,-24.869574115946545,-1.100213961963764
SOLUSDT,1h_d4,causal,long,2026-08-24 08:00:00+00:00,2026-08-24 13:00:00+00:00,2026-08-24 15:00:00+00:00,43.68429167336111,1.9760464421635338
SOLUSDT,1h_d4,causal,short,2026-08-26 10:00:00+00:00,2026-08-26 15:00:00+00:00,2026-08-26 21:00:00+00:00,-24.24956426810961,-1.0552188753314171
SOLUSDT,1h_d4,causal,short,2026-09-08 16:00:00+00:00,2026-09-08 21:00:00+00:00,2026-09-09 05:00:00+00:00,-24.544449863448328,-1.0910773185193718
SOLUSDT,1h_d4,causal,long,2026-09-14 13:00:00+00:00,2026-09-15 03:00:00+00:00,2026-09-15 05:00:00+00:00,-23.87517941705059,-1.0850025950359687
XRPUSDT,1h_d3,reference,long,2026-06-03 04:00:00+00:00,2026-06-03 14:00:00+00:00,2026-06-03 20:00:00+00:00,-20.771808282387592,-1.0385904141193796
XRPUSDT,1h_d3,reference,short,2026-06-06 14:00:00+00:00,2026-06-07 00:00:00+00:00,2026-06-07 01:00:00+00:00,-21.427643739451952,-1.0941088053167083
XRPUSDT,1h_d3,reference,short,2026-06-09 08:00:00+00:00,2026-06-09 12:00:00+00:00,2026-06-09 14:00:00+00:00,37.86324075180464,1.9765723057755022
XRPUSDT,1h_d3,reference,long,2026-06-09 17:00:00+00:00,2026-06-09 21:00:00+00:00,2026-06-10 02:00:00+00:00,-21.46054842547951,-1.077700558581821
XRPUSDT,1h_d3,reference,short,2026-06-13 02:00:00+00:00,2026-06-13 06:00:00+00:00,2026-06-13 07:00:00+00:00,-23.04070078381963,-1.182540758980554
XRPUSDT,1h_d3,reference,long,2026-06-19 22:00:00+00:00,2026-06-20 14:00:00+00:00,2026-06-20 15:00:00+00:00,37.02355897732034,1.9462267193564098
XRPUSDT,1h_d3,reference,short,2026-06-20 15:00:00+00:00,2026-06-20 19:00:00+00:00,2026-06-22 12:00:00+00:00,-21.808569619974442,-1.103464704326585
XRPUSDT,1h_d3,reference,long,2026-06-22 10:00:00+00:00,2026-06-22 15:00:00+00:00,2026-06-22 19:00:00+00:00,-23.107678902346944,-1.1955823791337288
XRPUSDT,1h_d3,reference,short,2026-06-25 23:00:00+00:00,2026-06-26 06:00:00+00:00,2026-06-26 07:00:00+00:00,-20.643271509513447,-1.0942399733250254
XRPUSDT,1h_d3,reference,short,2026-06-28 16:00:00+00:00,2026-06-28 20:00:00+00:00,2026-06-29 11:00:00+00:00,-20.726685696246587,-1.123243475746401
XRPUSDT,1h_d3,reference,long,2026-06-29 09:00:00+00:00,2026-06-29 13:00:00+00:00,2026-06-29 14:00:00+00:00,-20.143080607210063,-1.1167026833403237
XRPUSDT,1h_d3,reference,long,2026-07-01 01:00:00+00:00,2026-07-01 06:00:00+00:00,2026-07-01 12:00:00+00:00,-20.66858034234067,-1.172011378718278
XRPUSDT,1h_d3,reference,short,2026-07-06 03:00:00+00:00,2026-07-06 07:00:00+00:00,2026-07-06 21:00:00+00:00,-18.299919764216437,-1.06260421917102
XRPUSDT,1h_d3,reference,short,2026-07-09 07:00:00+00:00,2026-07-09 12:00:00+00:00,2026-07-10 01:00:00+00:00,-20.072190577810424,-1.1908204166263654
XRPUSDT,1h_d3,reference,short,2026-07-12 04:00:00+00:00,2026-07-12 09:00:00+00:00,2026-07-12 13:00:00+00:00,-20.474579267783746,-1.2443283128446085
XRPUSDT,1h_d3,reference,long,2026-07-14 02:00:00+00:00,2026-07-14 06:00:00+00:00,2026-07-14 12:00:00+00:00,31.29609160576885,1.9505404519151273
XRPUSDT,1h_d3,reference,long,2026-07-17 15:00:00+00:00,2026-07-18 09:00:00+00:00,2026-07-19 02:00:00+00:00,32.607564196149575,1.955974323970076
XRPUSDT,1h_d3,reference,long,2026-07-20 08:00:00+00:00,2026-07-20 13:00:00+00:00,2026-07-20 15:00:00+00:00,33.717444766763805,1.9464083414729432
XRPUSDT,1h_d3,reference,long,2026-07-22 07:00:00+00:00,2026-07-22 12:00:00+00:00,2026-07-22 14:00:00+00:00,34.94547395170331,1.9417115618764997
XRPUSDT,1h_d3,reference,short,2026-07-26 23:00:00+00:00,2026-07-27 05:00:00+00:00,2026-07-27 14:00:00+00:00,36.476923536683195,1.9510380196657264
XRPUSDT,1h_d3,reference,long,2026-07-29 15:00:00+00:00,2026-07-29 19:00:00+00:00,2026-07-29 20:00:00+00:00,-22.411256207798736,-1.1536910010280759
XRPUSDT,1h_d3,reference,long,2026-08-11 18:00:00+00:00,2026-08-11 23:00:00+00:00,2026-08-12 17:00:00+00:00,-20.776751365520298,-1.0948111179036746
XRPUSDT,1h_d3,reference,short,2026-08-14 01:00:00+00:00,2026-08-14 05:00:00+00:00,2026-08-14 09:00:00+00:00,35.52726244290875,1.9139842705763235
XRPUSDT,1h_d3,reference,short,2026-08-17 06:00:00+00:00,2026-08-17 10:00:00+00:00,2026-08-17 15:00:00+00:00,-22.31967093249652,-1.1581106373681982
XRPUSDT,1h_d3,reference,short,2026-08-17 16:00:00+00:00,2026-08-17 20:00:00+00:00,2026-08-19 08:00:00+00:00,-21.805993244388258,-1.1582856752038064
XRPUSDT,1h_d3,reference,long,2026-08-24 09:00:00+00:00,2026-08-24 13:00:00+00:00,2026-08-25 02:00:00+00:00,36.47159291486993,1.983232583869063
XRPUSDT,1h_d3,reference,long,2026-08-27 06:00:00+00:00,2026-08-28 09:00:00+00:00,2026-08-28 14:00:00+00:00,-21.398975510056335,-1.1192281399368256
XRPUSDT,1h_d3,reference,short,2026-08-28 15:00:00+00:00,2026-08-29 00:00:00+00:00,2026-09-03 14:00:00+00:00,-19.219363798130548,-1.0282449749952967
XRPUSDT,1h_d3,reference,short,2026-09-06 05:00:00+00:00,2026-09-06 09:00:00+00:00,2026-09-07 02:00:00+00:00,-20.70005028067044,-1.1307154455940416
XRPUSDT,1h_d3,reference,long,2026-09-07 22:00:00+00:00,2026-09-08 02:00:00+00:00,2026-09-08 06:00:00+00:00,-19.58509452684572,-1.0945651579906994
XRPUSDT,1h_d3,reference,long,2026-09-08 06:00:00+00:00,2026-09-08 12:00:00+00:00,2026-09-08 13:00:00+00:00,34.21241927506755,1.9548462831801248
XRPUSDT,1h_d3,reference,long,2026-09-20 21:00:00+00:00,2026-09-21 01:00:00+00:00,2026-09-21 05:00:00+00:00,35.877025531295644,1.9728278810101014
XRPUSDT,1h_d3,causal,long,2026-05-29 04:00:00+00:00,2026-05-29 11:00:00+00:00,2026-05-29 12:00:00+00:00,-23.00273321702772,-1.150136660851386
XRPUSDT,1h_d3,causal,long,2026-06-03 03:00:00+00:00,2026-06-03 14:00:00+00:00,2026-06-03 20:00:00+00:00,-20.293999918032583,-1.0385904141193796
XRPUSDT,1h_d3,causal,short,2026-06-06 14:00:00+00:00,2026-06-07 00:00:00+00:00,2026-06-07 01:00:00+00:00,-20.934749367043825,-1.0941088053167085
XRPUSDT,1h_d3,causal,short,2026-06-09 07:00:00+00:00,2026-06-09 12:00:00+00:00,2026-06-09 14:00:00+00:00,36.99228272605878,1.976572305775502
XRPUSDT,1h_d3,causal,long,2026-06-09 17:00:00+00:00,2026-06-09 21:00:00+00:00,2026-06-10 02:00:00+00:00,-20.966897155357096,-1.0777005585818207
XRPUSDT,1h_d3,causal,short,2026-06-12 09:00:00+00:00,2026-06-12 14:00:00+00:00,2026-06-12 15:00:00+00:00,-20.864021106592794,-1.0960367070710837
XRPUSDT,1h_d3,causal,short,2026-06-13 02:00:00+00:00,2026-06-13 06:00:00+00:00,2026-06-13 07:00:00+00:00,-22.017250583460534,-1.182540758980554
XRPUSDT,1h_d3,causal,long,2026-06-19 22:00:00+00:00,2026-06-20 14:00:00+00:00,2026-06-20 15:00:00+00:00,35.37900097498932,1.9462267193564098
XRPUSDT,1h_d3,causal,short,2026-06-20 15:00:00+00:00,2026-06-20 19:00:00+00:00,2026-06-22 12:00:00+00:00,-20.839849737861204,-1.103464704326585
XRPUSDT,1h_d3,causal,long,2026-06-22 08:00:00+00:00,2026-06-22 15:00:00+00:00,2026-06-22 19:00:00+00:00,-22.08125358549857,-1.1955823791337288
XRPUSDT,1h_d3,causal,short,2026-06-25 23:00:00+00:00,2026-06-26 06:00:00+00:00,2026-06-26 07:00:00+00:00,-19.72631327283883,-1.0942399733250254
XRPUSDT,1h_d3,causal,short,2026-06-26 08:00:00+00:00,2026-06-26 14:00:00+00:00,2026-06-26 16:00:00+00:00,-19.820315122111893,-1.1240540553587244
XRPUSDT,1h_d3,causal,short,2026-06-28 14:00:00+00:00,2026-06-28 19:00:00+00:00,2026-06-29 11:00:00+00:00,-19.360761472616577,-1.123243475746401
XRPUSDT,1h_d3,causal,long,2026-06-29 09:00:00+00:00,2026-06-29 13:00:00+00:00,2026-06-29 14:00:00+00:00,-18.815616962363908,-1.1167026833403237
XRPUSDT,1h_d3,causal,long,2026-07-01 01:00:00+00:00,2026-07-01 06:00:00+00:00,2026-07-01 12:00:00+00:00,-19.306485361435996,-1.172011378718278
XRPUSDT,1h_d3,causal,short,2026-07-06 02:00:00+00:00,2026-07-06 07:00:00+00:00,2026-07-06 21:00:00+00:00,-17.093923587946176,-1.06260421917102
XRPUSDT,1h_d3,causal,short,2026-07-09 07:00:00+00:00,2026-07-09 12:00:00+00:00,2026-07-10 01:00:00+00:00,-18.749398707785865,-1.1908204166263656
XRPUSDT,1h_d3,causal,short,2026-07-12 04:00:00+00:00,2026-07-12 09:00:00+00:00,2026-07-12 13:00:00+00:00,-19.125269291246436,-1.2443283128446088
XRPUSDT,1h_d3,causal,long,2026-07-14 02:00:00+00:00,2026-07-14 06:00:00+00:00,2026-07-14 12:00:00+00:00,29.233625360284897,1.9505404519151273
XRPUSDT,1h_d3,causal,long,2026-07-17 13:00:00+00:00,2026-07-18 09:00:00+00:00,2026-07-19 02:00:00+00:00,30.458669652090503,1.955974323970076
XRPUSDT,1h_d3,causal,long,2026-07-20 08:00:00+00:00,2026-07-20 13:00:00+00:00,2026-07-20 15:00:00+00:00,31.495407184837717,1.946408341472943
XRPUSDT,1h_d3,causal,long,2026-07-22 07:00:00+00:00,2026-07-22 12:00:00+00:00,2026-07-22 14:00:00+00:00,32.64250713508839,1.9417115618765
XRPUSDT,1h_d3,causal,short,2026-07-26 23:00:00+00:00,2026-07-27 05:00:00+00:00,2026-07-27 14:00:00+00:00,34.073031559333515,1.9510380196657264
XRPUSDT,1h_d3,causal,long,2026-07-29 15:00:00+00:00,2026-07-29 19:00:00+00:00,2026-07-29 20:00:00+00:00,-20.93431589110573,-1.1536910010280759
XRPUSDT,1h_d3,causal,short,2026-08-03 00:00:00+00:00,2026-08-03 14:00:00+00:00,2026-08-04 00:00:00+00:00,34.29473201003172,1.9346232253757596
XRPUSDT,1h_d3,causal,long,2026-08-08 12:00:00+00:00,2026-08-08 19:00:00+00:00,2026-08-09 01:00:00+00:00,-23.63496693295504,-1.2836215565995084
XRPUSDT,1h_d3,causal,long,2026-08-11 18:00:00+00:00,2026-08-11 23:00:00+00:00,2026-08-12 17:00:00+00:00,-19.64093631461766,-1.0948111179036746
XRPUSDT,1h_d3,causal,short,2026-08-14 01:00:00+00:00,2026-08-14 05:00:00+00:00,2026-08-14 09:00:00+00:00,33.58507241088142,1.9139842705763233
XRPUSDT,1h_d3,causal,short,2026-08-17 06:00:00+00:00,2026-08-17 10:00:00+00:00,2026-08-17 15:00:00+00:00,-21.09950817796723,-1.1581106373681984
XRPUSDT,1h_d3,causal,short,2026-08-17 15:00:00+00:00,2026-08-17 20:00:00+00:00,2026-08-19 08:00:00+00:00,-20.613912014212882,-1.1582856752038064
XRPUSDT,1h_d3,causal,long,2026-08-24 08:00:00+00:00,2026-08-24 13:00:00+00:00,2026-08-25 02:00:00+00:00,34.47777860606276,1.9832325838690628
XRPUSDT,1h_d3,causal,long,2026-08-24 09:00:00+00:00,2026-08-25 07:00:00+00:00,2026-08-25 13:00:00+00:00,-19.148132206727475,-1.059418400251334
XRPUSDT,1h_d3,causal,long,2026-08-27 06:00:00+00:00,2026-08-28 09:00:00+00:00,2026-08-28 14:00:00+00:00,-19.800522393107016,-1.1192281399368256
XRPUSDT,1h_d3,causal,short,2026-08-28 15:00:00+00:00,2026-08-29 00:00:00+00:00,2026-09-03 14:00:00+00:00,-17.78372254724602,-1.0282449749952964
XRPUSDT,1h_d3,causal,short,2026-09-06 05:00:00+00:00,2026-09-06 09:00:00+00:00,2026-09-07 02:00:00+00:00,-19.15380523372435,-1.1307154455940416
XRPUSDT,1h_d3,causal,long,2026-09-07 22:00:00+00:00,2026-09-08 02:00:00+00:00,2026-09-08 06:00:00+00:00,-18.1221340511224,-1.0945651579906994
XRPUSDT,1h_d3,causal,long,2026-09-08 06:00:00+00:00,2026-09-08 12:00:00+00:00,2026-09-08 13:00:00+00:00,31.656832060020324,1.954846283180125
XRPUSDT,1h_d3,causal,long,2026-09-17 22:00:00+00:00,2026-09-18 02:00:00+00:00,2026-09-18 03:00:00+00:00,32.96889888857366,1.9592666372920013
XRPUSDT,1h_d3,causal,long,2026-09-20 21:00:00+00:00,2026-09-21 01:00:00+00:00,2026-09-21 05:00:00+00:00,34.49793540454319,1.972827881010101
XRPUSDT,1h_d4,reference,long,2026-06-03 03:00:00+00:00,2026-06-03 14:00:00+00:00,2026-06-03 20:00:00+00:00,-20.771808282387592,-1.0385904141193796
XRPUSDT,1h_d4,reference,short,2026-06-09 07:00:00+00:00,2026-06-09 12:00:00+00:00,2026-06-09 14:00:00+00:00,38.71030649567314,1.9765723057755022
XRPUSDT,1h_d4,reference,long,2026-06-09 16:00:00+00:00,2026-06-09 21:00:00+00:00,2026-06-10 02:00:00+00:00,-21.940657762527955,-1.077700558581821
XRPUSDT,1h_d4,reference,short,2026-06-12 09:00:00+00:00,2026-06-12 14:00:00+00:00,2026-06-12 15:00:00+00:00,-21.833003865951177,-1.0960367070710837
XRPUSDT,1h_d4,reference,long,2026-06-22 09:00:00+00:00,2026-06-22 15:00:00+00:00,2026-06-22 19:00:00+00:00,-23.293886259849657,-1.1955823791337286
XRPUSDT,1h_d4,reference,short,2026-06-26 08:00:00+00:00,2026-06-26 14:00:00+00:00,2026-06-26 16:00:00+00:00,-21.376606956711445,-1.1240540553587246
XRPUSDT,1h_d4,reference,short,2026-06-28 15:00:00+00:00,2026-06-28 20:00:00+00:00,2026-06-29 11:00:00+00:00,-20.88096913863133,-1.123243475746401
XRPUSDT,1h_d4,reference,short,2026-06-30 20:00:00+00:00,2026-07-01 01:00:00+00:00,2026-07-01 03:00:00+00:00,-19.944626426523936,-1.0975309736902337
XRPUSDT,1h_d4,reference,short,2026-07-06 02:00:00+00:00,2026-07-06 07:00:00+00:00,2026-07-06 21:00:00+00:00,-18.886063217219814,-1.06260421917102
XRPUSDT,1h_d4,reference,long,2026-07-17 14:00:00+00:00,2026-07-18 09:00:00+00:00,2026-07-19 02:00:00+00:00,34.025451969674506,1.9559743239700758
XRPUSDT,1h_d4,reference,short,2026-08-03 00:00:00+00:00,2026-08-03 14:00:00+00:00,2026-08-04 00:00:00+00:00,34.970564245278865,1.9346232253757596
XRPUSDT,1h_d4,reference,long,2026-08-08 12:00:00+00:00,2026-08-08 19:00:00+00:00,2026-08-09 01:00:00+00:00,-24.100731544488344,-1.2836215565995082
XRPUSDT,1h_d4,reference,short,2026-08-17 15:00:00+00:00,2026-08-17 20:00:00+00:00,2026-08-19 08:00:00+00:00,-21.189167784282418,-1.1582856752038064
XRPUSDT,1h_d4,reference,long,2026-08-24 08:00:00+00:00,2026-08-24 13:00:00+00:00,2026-08-25 02:00:00+00:00,35.43992208802983,1.9832325838690628
XRPUSDT,1h_d4,reference,long,2026-08-30 09:00:00+00:00,2026-08-30 20:00:00+00:00,2026-08-30 23:00:00+00:00,-20.802349460710406,-1.11969567379649
XRPUSDT,1h_d4,reference,short,2026-08-31 19:00:00+00:00,2026-09-01 00:00:00+00:00,2026-09-01 05:00:00+00:00,-21.323119985468757,-1.1740172179569066
XRPUSDT,1h_d4,causal,long,2026-05-29 04:00:00+00:00,2026-05-29 11:00:00+00:00,2026-05-29 12:00:00+00:00,-23.00273321702772,-1.150136660851386
XRPUSDT,1h_d4,causal,long,2026-06-03 03:00:00+00:00,2026-06-03 14:00:00+00:00,2026-06-03 20:00:00+00:00,-20.293999918032583,-1.0385904141193796
XRPUSDT,1h_d4,causal,short,2026-06-09 07:00:00+00:00,2026-06-09 12:00:00+00:00,2026-06-09 14:00:00+00:00,37.819863642603785,1.976572305775502
XRPUSDT,1h_d4,causal,long,2026-06-09 16:00:00+00:00,2026-06-09 21:00:00+00:00,2026-06-10 02:00:00+00:00,-21.43596266541041,-1.0777005585818207
XRPUSDT,1h_d4,causal,short,2026-06-12 09:00:00+00:00,2026-06-12 14:00:00+00:00,2026-06-12 15:00:00+00:00,-21.330785102696368,-1.0960367070710837
XRPUSDT,1h_d4,causal,long,2026-06-22 08:00:00+00:00,2026-06-22 15:00:00+00:00,2026-06-22 19:00:00+00:00,-22.758063208626545,-1.1955823791337288
XRPUSDT,1h_d4,causal,short,2026-06-26 08:00:00+00:00,2026-06-26 14:00:00+00:00,2026-06-26 16:00:00+00:00,-20.884886569800944,-1.1240540553587246
XRPUSDT,1h_d4,causal,short,2026-06-28 14:00:00+00:00,2026-06-28 19:00:00+00:00,2026-06-29 11:00:00+00:00,-20.4006497762224,-1.123243475746401
XRPUSDT,1h_d4,causal,short,2026-06-30 20:00:00+00:00,2026-07-01 01:00:00+00:00,2026-07-01 03:00:00+00:00,-19.485845505721326,-1.0975309736902337
XRPUSDT,1h_d4,causal,short,2026-07-06 02:00:00+00:00,2026-07-06 07:00:00+00:00,2026-07-06 21:00:00+00:00,-18.451632143514182,-1.06260421917102
XRPUSDT,1h_d4,causal,long,2026-07-17 13:00:00+00:00,2026-07-18 09:00:00+00:00,2026-07-19 02:00:00+00:00,33.242773575427286,1.9559743239700758
XRPUSDT,1h_d4,causal,short,2026-08-03 00:00:00+00:00,2026-08-03 14:00:00+00:00,2026-08-04 00:00:00+00:00,34.16614568549577,1.9346232253757594
XRPUSDT,1h_d4,causal,short,2026-08-04 19:00:00+00:00,2026-08-05 02:00:00+00:00,2026-08-05 10:00:00+00:00,35.88658155708537,1.9563453331880358
XRPUSDT,1h_d4,causal,long,2026-08-08 12:00:00+00:00,2026-08-08 19:00:00+00:00,2026-08-09 01:00:00+00:00,-24.46764464002209,-1.2836215565995082
XRPUSDT,1h_d4,causal,short,2026-08-17 15:00:00+00:00,2026-08-17 20:00:00+00:00,2026-08-19 08:00:00+00:00,-21.511754803235082,-1.1582856752038062
XRPUSDT,1h_d4,causal,short,2026-08-23 00:00:00+00:00,2026-08-23 05:00:00+00:00,2026-08-23 13:00:00+00:00,-18.659786594329184,-1.0285505105757415
XRPUSDT,1h_d4,causal,long,2026-08-24 08:00:00+00:00,2026-08-24 13:00:00+00:00,2026-08-25 02:00:00+00:00,35.23933075900452,1.9832325838690628
XRPUSDT,1h_d4,causal,long,2026-08-30 09:00:00+00:00,2026-08-30 20:00:00+00:00,2026-08-30 23:00:00+00:00,-20.684607358602836,-1.11969567379649
XRPUSDT,1h_d4,causal,short,2026-08-31 19:00:00+00:00,2026-09-01 00:00:00+00:00,2026-09-01 05:00:00+00:00,-21.20243030205954,-1.1740172179569062
BNBUSDT,1h_d3,reference,long,2026-05-27 07:00:00+00:00,2026-05-27 11:00:00+00:00,2026-05-27 13:00:00+00:00,-27.041772617116717,-1.3520886308558357
BNBUSDT,1h_d3,reference,long,2026-06-04 10:00:00+00:00,2026-06-04 21:00:00+00:00,2026-06-05 05:00:00+00:00,-20.661944233952823,-1.0618104484059128
BNBUSDT,1h_d3,reference,short,2026-06-09 12:00:00+00:00,2026-06-09 19:00:00+00:00,2026-06-10 02:00:00+00:00,37.24026239226715,1.9552876059290003
BNBUSDT,1h_d3,reference,short,2026-06-12 17:00:00+00:00,2026-06-13 00:00:00+00:00,2026-06-13 13:00:00+00:00,-22.636361458360895,-1.1437860259107766
BNBUSDT,1h_d3,reference,short,2026-06-26 09:00:00+00:00,2026-06-26 14:00:00+00:00,2026-06-28 17:00:00+00:00,38.18056770898942,1.97438
BNBUSDT,1h_d3,reference,long,2026-06-29 16:00:00+00:00,2026-06-30 00:00:00+00:00,2026-06-30 11:00:00+00:00,-21.766443295661215,-1.0828206219677716
BNBUSDT,1h_d3,reference,long,2026-06-30 16:00:00+00:00,2026-06-30 20:00:00+00:00,2026-07-01 01:00:00+00:00,-22.618887717453205,-1.1501351867870955
BNBUSDT,1h_d3,reference,short,2026-07-02 03:00:00+00:00,2026-07-02 08:00:00+00:00,2026-07-02 11:00:00+00:00,-20.54836207038059,-1.0694524833752557
BNBUSDT,1h_d3,reference,short,2026-07-02 16:00:00+00:00,2026-07-03 01:00:00+00:00,2026-07-03 08:00:00+00:00,-22.138107113309594,-1.177374694110364
BNBUSDT,1h_d3,reference,short,2026-07-04 23:00:00+00:00,2026-07-05 07:00:00+00:00,2026-07-05 08:00:00+00:00,-21.199264377769104,-1.1546327702434611
BNBUSDT,1h_d3,reference,long,2026-07-06 18:00:00+00:00,2026-07-06 23:00:00+00:00,2026-07-07 01:00:00+00:00,-21.127569140170568,-1.177929355654496
BNBUSDT,1h_d3,reference,long,2026-07-06 13:00:00+00:00,2026-07-07 04:00:00+00:00,2026-07-08 01:00:00+00:00,-19.27225438245412,-1.1004138365171958
BNBUSDT,1h_d3,reference,long,2026-07-09 03:00:00+00:00,2026-07-09 10:00:00+00:00,2026-07-10 04:00:00+00:00,33.49431837529888,1.9555075084493674
BNBUSDT,1h_d3,reference,short,2026-07-10 09:00:00+00:00,2026-07-10 13:00:00+00:00,2026-07-10 14:00:00+00:00,34.421157689727735,1.9339811174762516
BNBUSDT,1h_d3,reference,long,2026-07-13 05:00:00+00:00,2026-07-13 09:00:00+00:00,2026-07-13 13:00:00+00:00,-22.781064679095827,-1.2323077005018286
BNBUSDT,1h_d3,reference,short,2026-07-14 15:00:00+00:00,2026-07-14 19:00:00+00:00,2026-07-15 13:00:00+00:00,-21.11003862072987,-1.170771042766788
BNBUSDT,1h_d3,reference,short,2026-07-16 05:00:00+00:00,2026-07-16 14:00:00+00:00,2026-07-17 02:00:00+00:00,34.63878390523848,1.9671420346236688
BNBUSDT,1h_d3,reference,short,2026-07-19 02:00:00+00:00,2026-07-19 15:00:00+00:00,2026-07-20 00:00:00+00:00,-23.19130135257892,-1.2671831010451369
BNBUSDT,1h_d3,reference,short,2026-07-22 00:00:00+00:00,2026-07-22 14:00:00+00:00,2026-07-23 07:00:00+00:00,34.406286877084185,1.9288592951080776
BNBUSDT,1h_d3,reference,short,2026-07-23 01:00:00+00:00,2026-07-23 08:00:00+00:00,2026-07-23 12:00:00+00:00,35.05752309905274,1.8923662444157847
BNBUSDT,1h_d3,reference,short,2026-07-27 06:00:00+00:00,2026-07-27 10:00:00+00:00,2026-07-27 13:00:00+00:00,-23.91218621821849,-1.2436832282028234
BNBUSDT,1h_d3,reference,long,2026-07-27 16:00:00+00:00,2026-07-27 20:00:00+00:00,2026-07-28 00:00:00+00:00,-19.90431181869221,-1.061638780623526
BNBUSDT,1h_d3,reference,short,2026-07-29 00:00:00+00:00,2026-07-29 06:00:00+00:00,2026-07-29 20:00:00+00:00,35.477214870636494,1.933302035895118
BNBUSDT,1h_d3,reference,long,2026-07-29 04:00:00+00:00,2026-07-29 20:00:00+00:00,2026-07-29 21:00:00+00:00,-22.226741586225977,-1.1661382957173838
BNBUSDT,1h_d3,reference,short,2026-08-01 17:00:00+00:00,2026-08-01 21:00:00+00:00,2026-08-02 02:00:00+00:00,-23.316372336065577,-1.2525185734080448
BNBUSDT,1h_d3,reference,short,2026-08-04 06:00:00+00:00,2026-08-04 10:00:00+00:00,2026-08-04 11:00:00+00:00,-22.662126771917272,-1.248652753774524
BNBUSDT,1h_d3,reference,long,2026-08-04 09:00:00+00:00,2026-08-04 13:00:00+00:00,2026-08-04 14:00:00+00:00,33.9470531177331,1.9183439508421827
BNBUSDT,1h_d3,reference,long,2026-08-06 02:00:00+00:00,2026-08-06 08:00:00+00:00,2026-08-06 13:00:00+00:00,-22.576248675342764,-1.2286419803948532
BNBUSDT,1h_d3,reference,long,2026-08-10 05:00:00+00:00,2026-08-10 12:00:00+00:00,2026-08-10 13:00:00+00:00,-22.511401225178822,-1.255975750674797
BNBUSDT,1h_d3,reference,long,2026-08-13 18:00:00+00:00,2026-08-14 06:00:00+00:00,2026-08-14 11:00:00+00:00,-19.85406981899647,-1.1362578428269723
BNBUSDT,1h_d3,reference,short,2026-08-14 04:00:00+00:00,2026-08-15 03:00:00+00:00,2026-08-15 12:00:00+00:00,-20.95227561892372,-1.2269922740961774
BNBUSDT,1h_d3,reference,long,2026-08-16 06:00:00+00:00,2026-08-16 17:00:00+00:00,2026-08-16 21:00:00+00:00,-21.895928655576512,-1.3145117272490332
BNBUSDT,1h_d3,reference,short,2026-08-26 11:00:00+00:00,2026-08-26 15:00:00+00:00,2026-08-27 08:00:00+00:00,-17.125648163259235,-1.055889782711062
BNBUSDT,1h_d3,reference,long,2026-08-29 08:00:00+00:00,2026-08-29 12:00:00+00:00,2026-08-29 14:00:00+00:00,29.970793723078906,1.88772784235325
BNBUSDT,1h_d3,reference,long,2026-08-30 10:00:00+00:00,2026-08-30 21:00:00+00:00,2026-08-30 23:00:00+00:00,-19.571024925196106,-1.187845776097789
BNBUSDT,1h_d3,reference,long,2026-09-01 21:00:00+00:00,2026-09-02 01:00:00+00:00,2026-09-03 01:00:00+00:00,31.42395477864282,1.9536616809206677
BNBUSDT,1h_d3,reference,short,2026-09-04 04:00:00+00:00,2026-09-04 11:00:00+00:00,2026-09-04 12:00:00+00:00,32.86423248511444,1.966372780158259
BNBUSDT,1h_d3,reference,short,2026-09-08 10:00:00+00:00,2026-09-08 15:00:00+00:00,2026-09-09 14:00:00+00:00,33.94024457505732,1.9539116713839122
BNBUSDT,1h_d3,reference,long,2026-09-16 08:00:00+00:00,2026-09-16 14:00:00+00:00,2026-09-16 20:00:00+00:00,35.440190153858595,1.9635309701111896
BNBUSDT,1h_d3,reference,long,2026-09-19 21:00:00+00:00,2026-09-20 01:00:00+00:00,2026-09-20 02:00:00+00:00,-21.396620595966816,-1.1406653476625181
BNBUSDT,1h_d3,causal,long,2026-05-27 07:00:00+00:00,2026-05-27 11:00:00+00:00,2026-05-27 13:00:00+00:00,-27.041772617116717,-1.3520886308558357
BNBUSDT,1h_d3,causal,long,2026-06-04 10:00:00+00:00,2026-06-04 21:00:00+00:00,2026-06-05 05:00:00+00:00,-20.661944233952823,-1.0618104484059128
BNBUSDT,1h_d3,causal,long,2026-06-07 13:00:00+00:00,2026-06-07 17:00:00+00:00,2026-06-09 14:00:00+00:00,-20.491499175600868,-1.0758993570699564
BNBUSDT,1h_d3,causal,short,2026-06-09 12:00:00+00:00,2026-06-09 19:00:00+00:00,2026-06-10 02:00:00+00:00,36.438926904968014,1.955287605929
BNBUSDT,1h_d3,causal,long,2026-06-09 16:00:00+00:00,2026-06-10 02:00:00+00:00,2026-06-10 04:00:00+00:00,-21.420088275054162,-1.1061310305658436
BNBUSDT,1h_d3,causal,short,2026-06-10 15:00:00+00:00,2026-06-11 01:00:00+00:00,2026-06-11 08:00:00+00:00,-20.57226952064879,-1.0863834102536636
BNBUSDT,1h_d3,causal,short,2026-06-12 17:00:00+00:00,2026-06-13 00:00:00+00:00,2026-06-13 13:00:00+00:00,-21.18866708273641,-1.1437860259107764
BNBUSDT,1h_d3,causal,short,2026-06-26 09:00:00+00:00,2026-06-26 14:00:00+00:00,2026-06-28 17:00:00+00:00,35.73875331968801,1.97438
BNBUSDT,1h_d3,causal,long,2026-06-29 13:00:00+00:00,2026-06-30 00:00:00+00:00,2026-06-30 11:00:00+00:00,-20.37438399344332,-1.0828206219677716
BNBUSDT,1h_d3,causal,long,2026-06-30 16:00:00+00:00,2026-06-30 20:00:00+00:00,2026-07-01 01:00:00+00:00,-21.17231086402767,-1.150135186787095
BNBUSDT,1h_d3,causal,long,2026-06-30 23:00:00+00:00,2026-07-01 06:00:00+00:00,2026-07-01 10:00:00+00:00,-23.671468350248848,-1.316171446190638
BNBUSDT,1h_d3,causal,short,2026-07-02 03:00:00+00:00,2026-07-02 08:00:00+00:00,2026-07-02 11:00:00+00:00,-18.727894180792706,-1.0694524833752557
BNBUSDT,1h_d3,causal,short,2026-07-02 16:00:00+00:00,2026-07-03 01:00:00+00:00,2026-07-03 08:00:00+00:00,-20.1767968639574,-1.1773746941103638
BNBUSDT,1h_d3,causal,short,2026-07-04 23:00:00+00:00,2026-07-05 07:00:00+00:00,2026-07-05 08:00:00+00:00,-19.321130249587554,-1.1546327702434611
BNBUSDT,1h_d3,causal,short,2026-07-06 01:00:00+00:00,2026-07-06 21:00:00+00:00,2026-07-07 14:00:00+00:00,32.160145953157254,1.967324440708651
BNBUSDT,1h_d3,causal,long,2026-07-06 13:00:00+00:00,2026-07-07 14:00:00+00:00,2026-07-08 01:00:00+00:00,-18.6964184450582,-1.1004138365171954
BNBUSDT,1h_d3,causal,long,2026-07-09 03:00:00+00:00,2026-07-09 10:00:00+00:00,2026-07-10 04:00:00+00:00,32.49354120432937,1.9555075084493678
BNBUSDT,1h_d3,causal,short,2026-07-10 09:00:00+00:00,2026-07-10 13:00:00+00:00,2026-07-10 14:00:00+00:00,33.392687474921814,1.9339811174762516
BNBUSDT,1h_d3,causal,long,2026-07-13 05:00:00+00:00,2026-07-13 09:00:00+00:00,2026-07-13 13:00:00+00:00,-22.10038895356643,-1.2323077005018286
BNBUSDT,1h_d3,causal,short,2026-07-14 15:00:00+00:00,2026-07-14 19:00:00+00:00,2026-07-15 13:00:00+00:00,-20.47929150436247,-1.170771042766788
BNBUSDT,1h_d3,causal,short,2026-07-16 05:00:00+00:00,2026-07-16 14:00:00+00:00,2026-07-17 02:00:00+00:00,33.60381123393091,1.9671420346236683
BNBUSDT,1h_d3,causal,short,2026-07-19 02:00:00+00:00,2026-07-19 15:00:00+00:00,2026-07-20 00:00:00+00:00,-22.49836816018854,-1.2671831010451369
BNBUSDT,1h_d3,causal,short,2026-07-20 02:00:00+00:00,2026-07-20 11:00:00+00:00,2026-07-20 15:00:00+00:00,-20.75067765994495,-1.1991378909520838
BNBUSDT,1h_d3,causal,short,2026-07-22 00:00:00+00:00,2026-07-22 14:00:00+00:00,2026-07-23 07:00:00+00:00,32.57775823779762,1.9288592951080774
BNBUSDT,1h_d3,causal,short,2026-07-23 00:00:00+00:00,2026-07-23 08:00:00+00:00,2026-07-23 12:00:00+00:00,33.194384387279584,1.8923662444157847
BNBUSDT,1h_d3,causal,short,2026-07-27 06:00:00+00:00,2026-07-27 10:00:00+00:00,2026-07-27 13:00:00+00:00,-22.64136854805927,-1.2436832282028234
BNBUSDT,1h_d3,causal,long,2026-07-27 16:00:00+00:00,2026-07-27 20:00:00+00:00,2026-07-28 00:00:00+00:00,-18.846493393362234,-1.061638780623526
BNBUSDT,1h_d3,causal,short,2026-07-27 20:00:00+00:00,2026-07-28 15:00:00+00:00,2026-07-28 16:00:00+00:00,32.89400089274321,1.8931433485404003
BNBUSDT,1h_d3,causal,short,2026-07-29 00:00:00+00:00,2026-07-29 06:00:00+00:00,2026-07-29 20:00:00+00:00,34.86365233798527,1.933302035895118
BNBUSDT,1h_d3,causal,long,2026-07-29 04:00:00+00:00,2026-07-29 20:00:00+00:00,2026-07-29 21:00:00+00:00,-21.842340051044683,-1.1661382957173836
BNBUSDT,1h_d3,causal,short,2026-08-01 17:00:00+00:00,2026-08-01 21:00:00+00:00,2026-08-02 02:00:00+00:00,-22.9131261253661,-1.252518573408045
BNBUSDT,1h_d3,causal,long,2026-08-02 14:00:00+00:00,2026-08-03 04:00:00+00:00,2026-08-03 09:00:00+00:00,33.84403354482123,1.897578572618768
BNBUSDT,1h_d3,causal,short,2026-08-04 06:00:00+00:00,2026-08-04 10:00:00+00:00,2026-08-04 11:00:00+00:00,-23.115384358751804,-1.248652753774524
BNBUSDT,1h_d3,causal,long,2026-08-04 09:00:00+00:00,2026-08-04 13:00:00+00:00,2026-08-04 14:00:00+00:00,34.62601672653942,1.9183439508421825
BNBUSDT,1h_d3,causal,long,2026-08-06 02:00:00+00:00,2026-08-06 08:00:00+00:00,2026-08-06 13:00:00+00:00,-23.02778864320856,-1.228641980394853
BNBUSDT,1h_d3,causal,short,2026-08-08 17:00:00+00:00,2026-08-09 00:00:00+00:00,2026-08-09 13:00:00+00:00,-20.96871881732113,-1.1469650050652247
BNBUSDT,1h_d3,causal,long,2026-08-10 05:00:00+00:00,2026-08-10 12:00:00+00:00,2026-08-10 13:00:00+00:00,-22.434920153826447,-1.2559757506747968
BNBUSDT,1h_d3,causal,long,2026-08-13 18:00:00+00:00,2026-08-14 06:00:00+00:00,2026-08-14 11:00:00+00:00,-19.786616864146048,-1.136257842826972
BNBUSDT,1h_d3,causal,short,2026-08-14 10:00:00+00:00,2026-08-14 15:00:00+00:00,2026-08-15 03:00:00+00:00,-21.734029640477623,-1.2771117042959543
BNBUSDT,1h_d3,causal,short,2026-08-14 03:00:00+00:00,2026-08-15 03:00:00+00:00,2026-08-15 12:00:00+00:00,-20.347741849787486,-1.2269922740961772
BNBUSDT,1h_d3,causal,long,2026-08-16 06:00:00+00:00,2026-08-16 17:00:00+00:00,2026-08-16 21:00:00+00:00,-21.264167766227658,-1.3145117272490332
BNBUSDT,1h_d3,causal,long,2026-08-24 08:00:00+00:00,2026-08-24 13:00:00+00:00,2026-08-24 15:00:00+00:00,30.970071591560348,1.9662048299275685
BNBUSDT,1h_d3,causal,short,2026-08-26 11:00:00+00:00,2026-08-26 15:00:00+00:00,2026-08-27 08:00:00+00:00,-17.28554331039362,-1.055889782711062
BNBUSDT,1h_d3,causal,long,2026-08-29 08:00:00+00:00,2026-08-29 12:00:00+00:00,2026-08-29 14:00:00+00:00,30.250618721607548,1.8877278423532502
BNBUSDT,1h_d3,causal,long,2026-08-30 10:00:00+00:00,2026-08-30 21:00:00+00:00,2026-08-30 23:00:00+00:00,-19.753751551374172,-1.1878457760977892
BNBUSDT,1h_d3,causal,long,2026-09-01 21:00:00+00:00,2026-09-02 01:00:00+00:00,2026-09-03 01:00:00+00:00,31.717347345451163,1.9536616809206677
BNBUSDT,1h_d3,causal,short,2026-09-04 04:00:00+00:00,2026-09-04 11:00:00+00:00,2026-09-04 12:00:00+00:00,33.171072333660405,1.9663727801582591
BNBUSDT,1h_d3,causal,short,2026-09-08 10:00:00+00:00,2026-09-08 15:00:00+00:00,2026-09-09 14:00:00+00:00,34.257130706803764,1.9539116713839126
BNBUSDT,1h_d3,causal,long,2026-09-13 13:00:00+00:00,2026-09-13 22:00:00+00:00,2026-09-14 00:00:00+00:00,-24.704018842676426,-1.3560425121749706
BNBUSDT,1h_d3,causal,long,2026-09-14 13:00:00+00:00,2026-09-14 22:00:00+00:00,2026-09-14 23:00:00+00:00,-21.413651584073214,-1.2081963829812274
BNBUSDT,1h_d3,causal,short,2026-09-14 20:00:00+00:00,2026-09-15 18:00:00+00:00,2026-09-16 02:00:00+00:00,34.15892169743139,1.9750317603111576
BNBUSDT,1h_d3,causal,long,2026-09-16 08:00:00+00:00,2026-09-16 14:00:00+00:00,2026-09-16 20:00:00+00:00,35.30145319189813,1.9635309701111898
BNBUSDT,1h_d3,causal,long,2026-09-19 21:00:00+00:00,2026-09-20 01:00:00+00:00,2026-09-20 02:00:00+00:00,-21.312859698386475,-1.140665347662518
BNBUSDT,1h_d4,reference,long,2026-06-07 20:00:00+00:00,2026-06-08 05:00:00+00:00,2026-06-09 14:00:00+00:00,-21.450866956932508,-1.0725433478466253
BNBUSDT,1h_d4,reference,long,2026-06-09 16:00:00+00:00,2026-06-09 23:00:00+00:00,2026-06-10 04:00:00+00:00,-21.648071219844823,-1.1061310305658436
BNBUSDT,1h_d4,reference,long,2026-06-16 04:00:00+00:00,2026-06-16 09:00:00+00:00,2026-06-16 13:00:00+00:00,-22.02076431361689,-1.150629108492148
BNBUSDT,1h_d4,reference,long,2026-06-29 15:00:00+00:00,2026-06-30 00:00:00+00:00,2026-06-30 11:00:00+00:00,-20.246153304295337,-1.0828206219677716
BNBUSDT,1h_d4,reference,long,2026-06-30 23:00:00+00:00,2026-07-01 06:00:00+00:00,2026-07-01 10:00:00+00:00,-24.0763068862808,-1.316171446190638
BNBUSDT,1h_d4,reference,short,2026-07-20 02:00:00+00:00,2026-07-20 11:00:00+00:00,2026-07-20 15:00:00+00:00,-21.3580329362718,-1.1991378909520836
BNBUSDT,1h_d4,reference,short,2026-07-23 00:00:00+00:00,2026-07-23 08:00:00+00:00,2026-07-23 12:00:00+00:00,32.89688738933468,1.8923662444157845
BNBUSDT,1h_d4,reference,long,2026-07-29 14:00:00+00:00,2026-07-29 19:00:00+00:00,2026-07-29 20:00:00+00:00,-21.320256430885927,-1.181705720980092
BNBUSDT,1h_d4,reference,short,2026-08-14 10:00:00+00:00,2026-08-14 15:00:00+00:00,2026-08-15 03:00:00+00:00,-22.49699788884648,-1.2771117042959546
BNBUSDT,1h_d4,reference,short,2026-08-14 03:00:00+00:00,2026-08-15 03:00:00+00:00,2026-08-15 12:00:00+00:00,-21.062044775393183,-1.2269922740961774
BNBUSDT,1h_d4,reference,long,2026-08-24 08:00:00+00:00,2026-08-24 13:00:00+00:00,2026-08-24 15:00:00+00:00,32.92281762361636,1.9662048299275685
BNBUSDT,1h_d4,reference,short,2026-08-26 10:00:00+00:00,2026-08-26 15:00:00+00:00,2026-08-27 08:00:00+00:00,-18.375443151648813,-1.055889782711062
BNBUSDT,1h_d4,reference,short,2026-09-08 15:00:00+00:00,2026-09-08 20:00:00+00:00,2026-09-09 07:00:00+00:00,-18.75495738374788,-1.1009470048007104
BNBUSDT,1h_d4,reference,short,2026-09-14 20:00:00+00:00,2026-09-15 18:00:00+00:00,2026-09-16 02:00:00+00:00,32.90441661873997,1.9750317603111573
BNBUSDT,1h_d4,causal,short,2026-06-01 09:00:00+00:00,2026-06-01 17:00:00+00:00,2026-06-04 01:00:00+00:00,39.9060241259661,1.9953012062983049
BNBUSDT,1h_d4,causal,long,2026-06-07 12:00:00+00:00,2026-06-07 17:00:00+00:00,2026-06-09 14:00:00+00:00,-22.37668445540603,-1.0758993570699564
BNBUSDT,1h_d4,causal,long,2026-06-09 16:00:00+00:00,2026-06-09 23:00:00+00:00,2026-06-10 04:00:00+00:00,-22.51041554241558,-1.1061310305658436
BNBUSDT,1h_d4,causal,short,2026-06-10 15:00:00+00:00,2026-06-11 01:00:00+00:00,2026-06-11 08:00:00+00:00,-21.6194410412253,-1.0863834102536638
BNBUSDT,1h_d4,causal,long,2026-06-16 04:00:00+00:00,2026-06-16 09:00:00+00:00,2026-06-16 13:00:00+00:00,-22.40043558862039,-1.1506291084921483
BNBUSDT,1h_d4,causal,long,2026-06-29 13:00:00+00:00,2026-06-30 00:00:00+00:00,2026-06-30 11:00:00+00:00,-20.595227602057324,-1.0828206219677716
BNBUSDT,1h_d4,causal,long,2026-06-30 23:00:00+00:00,2026-07-01 06:00:00+00:00,2026-07-01 10:00:00+00:00,-24.491418823482597,-1.3161714461906378
BNBUSDT,1h_d4,causal,short,2026-07-06 01:00:00+00:00,2026-07-06 21:00:00+00:00,2026-07-07 14:00:00+00:00,35.64447215542992,1.9673244407086508
BNBUSDT,1h_d4,causal,short,2026-07-20 02:00:00+00:00,2026-07-20 11:00:00+00:00,2026-07-20 15:00:00+00:00,-22.581130463485778,-1.1991378909520838
BNBUSDT,1h_d4,causal,short,2026-07-23 00:00:00+00:00,2026-07-23 08:00:00+00:00,2026-07-23 12:00:00+00:00,34.78077350089695,1.8923662444157847
BNBUSDT,1h_d4,causal,short,2026-07-27 20:00:00+00:00,2026-07-28 15:00:00+00:00,2026-07-28 16:00:00+00:00,36.1119560979057,1.8931433485404006
BNBUSDT,1h_d4,causal,long,2026-07-29 14:00:00+00:00,2026-07-29 19:00:00+00:00,2026-07-29 20:00:00+00:00,-23.394664736195576,-1.181705720980092
BNBUSDT,1h_d4,causal,long,2026-08-02 14:00:00+00:00,2026-08-03 04:00:00+00:00,2026-08-03 09:00:00+00:00,36.67919976701714,1.897578572618768
BNBUSDT,1h_d4,causal,short,2026-08-08 17:00:00+00:00,2026-08-09 00:00:00+00:00,2026-08-09 13:00:00+00:00,-23.0116278841446,-1.1469650050652247
BNBUSDT,1h_d4,causal,short,2026-08-14 10:00:00+00:00,2026-08-14 15:00:00+00:00,2026-08-15 03:00:00+00:00,-25.03500055274474,-1.2771117042959543
BNBUSDT,1h_d4,causal,short,2026-08-14 03:00:00+00:00,2026-08-15 03:00:00+00:00,2026-08-15 12:00:00+00:00,-23.43816295841504,-1.2269922740961772
BNBUSDT,1h_d4,causal,long,2026-08-24 08:00:00+00:00,2026-08-24 13:00:00+00:00,2026-08-24 15:00:00+00:00,36.6370109237456,1.9662048299275685
BNBUSDT,1h_d4,causal,short,2026-08-26 10:00:00+00:00,2026-08-26 15:00:00+00:00,2026-08-27 08:00:00+00:00,-20.448471913069355,-1.055889782711062
BNBUSDT,1h_d4,causal,short,2026-09-08 15:00:00+00:00,2026-09-08 20:00:00+00:00,2026-09-09 07:00:00+00:00,-20.87080110816098,-1.1009470048007102
BNBUSDT,1h_d4,causal,long,2026-09-13 13:00:00+00:00,2026-09-13 22:00:00+00:00,2026-09-14 00:00:00+00:00,-25.140647233591064,-1.3560425121749704
BNBUSDT,1h_d4,causal,long,2026-09-14 13:00:00+00:00,2026-09-14 22:00:00+00:00,2026-09-14 23:00:00+00:00,-21.79212475049619,-1.2081963829812272
BNBUSDT,1h_d4,causal,short,2026-09-14 20:00:00+00:00,2026-09-15 18:00:00+00:00,2026-09-16 02:00:00+00:00,34.76265970099717,1.9750317603111576
BNBUSDT,1h_d4,causal,short,2026-09-22 16:00:00+00:00,2026-09-22 21:00:00+00:00,2026-09-22 23:00:00+00:00,-20.756145543713025,-1.1344439284628178
DOGEUSDT,1h_d3,reference,short,2026-05-26 15:00:00+00:00,2026-05-27 07:00:00+00:00,2026-05-28 03:00:00+00:00,39.610484825053156,1.9805242412526578
DOGEUSDT,1h_d3,reference,long,2026-05-31 19:00:00+00:00,2026-05-31 23:00:00+00:00,2026-06-01 13:00:00+00:00,-23.129187821646386,-1.112396813963385
DOGEUSDT,1h_d3,reference,short,2026-06-01 04:00:00+00:00,2026-06-01 23:00:00+00:00,2026-06-02 02:00:00+00:00,39.62294791165706,1.9490249367335017
DOGEUSDT,1h_d3,reference,long,2026-06-09 17:00:00+00:00,2026-06-09 21:00:00+00:00,2026-06-10 02:00:00+00:00,-22.635299405750555,-1.0716413419761879
DOGEUSDT,1h_d3,reference,short,2026-06-12 20:00:00+00:00,2026-06-13 08:00:00+00:00,2026-06-13 11:00:00+00:00,-24.407124408756193,-1.1808349208174753
DOGEUSDT,1h_d3,reference,short,2026-06-14 11:00:00+00:00,2026-06-14 20:00:00+00:00,2026-06-14 21:00:00+00:00,-22.62472701597603,-1.1210773484274652
DOGEUSDT,1h_d3,reference,long,2026-06-18 06:00:00+00:00,2026-06-18 10:00:00+00:00,2026-06-18 13:00:00+00:00,-21.972581742708414,-1.1137345642450263
DOGEUSDT,1h_d3,reference,short,2026-06-25 23:00:00+00:00,2026-06-26 03:00:00+00:00,2026-06-26 12:00:00+00:00,38.007263688432836,1.9703816574932953
DOGEUSDT,1h_d3,reference,short,2026-07-02 19:00:00+00:00,2026-07-02 23:00:00+00:00,2026-07-03 01:00:00+00:00,-24.649385971319898,-1.229430421918169
DOGEUSDT,1h_d3,reference,short,2026-07-06 02:00:00+00:00,2026-07-06 07:00:00+00:00,2026-07-06 13:00:00+00:00,38.718742514716006,1.9798453639612588
DOGEUSDT,1h_d3,reference,long,2026-07-06 13:00:00+00:00,2026-07-06 17:00:00+00:00,2026-07-07 04:00:00+00:00,-21.23956370737957,-1.0446977021778139
DOGEUSDT,1h_d3,reference,long,2026-07-07 14:00:00+00:00,2026-07-07 18:00:00+00:00,2026-07-07 21:00:00+00:00,-21.714389962261638,-1.0908447570817643
DOGEUSDT,1h_d3,reference,long,2026-07-13 05:00:00+00:00,2026-07-13 10:00:00+00:00,2026-07-13 13:00:00+00:00,-23.35988092308542,-1.1996810059362624
DOGEUSDT,1h_d3,reference,long,2026-07-15 09:00:00+00:00,2026-07-15 13:00:00+00:00,2026-07-15 16:00:00+00:00,-20.368135103449514,-1.071750682532871
DOGEUSDT,1h_d3,reference,short,2026-07-16 06:00:00+00:00,2026-07-16 14:00:00+00:00,2026-07-16 22:00:00+00:00,36.38855824018474,1.9566704127309649
DOGEUSDT,1h_d3,reference,long,2026-07-17 08:00:00+00:00,2026-07-17 12:00:00+00:00,2026-07-17 13:00:00+00:00,-21.667781461942514,-1.1212332504587041
DOGEUSDT,1h_d3,reference,long,2026-07-17 15:00:00+00:00,2026-07-18 09:00:00+00:00,2026-07-20 00:00:00+00:00,36.79629645347435,1.9477597876408421
DOGEUSDT,1h_d3,reference,long,2026-07-19 21:00:00+00:00,2026-07-20 01:00:00+00:00,2026-07-20 05:00:00+00:00,-22.27614643913345,-1.1349442558059746
DOGEUSDT,1h_d3,reference,long,2026-07-20 08:00:00+00:00,2026-07-20 13:00:00+00:00,2026-07-20 15:00:00+00:00,37.48796174028764,1.9543300091433613
DOGEUSDT,1h_d3,reference,short,2026-07-22 00:00:00+00:00,2026-07-22 04:00:00+00:00,2026-07-23 12:00:00+00:00,39.17075732683388,1.965243175020935
DOGEUSDT,1h_d3,reference,long,2026-07-24 16:00:00+00:00,2026-07-24 20:00:00+00:00,2026-07-25 14:00:00+00:00,40.78670049459662,1.9689284875270667
DOGEUSDT,1h_d3,reference,short,2026-07-26 23:00:00+00:00,2026-07-27 04:00:00+00:00,2026-07-27 14:00:00+00:00,42.07829719399041,1.954320408805362
DOGEUSDT,1h_d3,reference,long,2026-07-28 13:00:00+00:00,2026-07-28 23:00:00+00:00,2026-07-29 20:00:00+00:00,-24.06936007947635,-1.0758469443083738
DOGEUSDT,1h_d3,reference,long,2026-07-29 20:00:00+00:00,2026-07-30 04:00:00+00:00,2026-07-31 14:00:00+00:00,-23.434846051366154,-1.0705198873200164
DOGEUSDT,1h_d3,reference,short,2026-08-04 11:00:00+00:00,2026-08-04 15:00:00+00:00,2026-08-05 13:00:00+00:00,41.92124745175562,1.956889195203363
DOGEUSDT,1h_d3,reference,long,2026-08-10 17:00:00+00:00,2026-08-10 21:00:00+00:00,2026-08-11 09:00:00+00:00,43.30349089927676,1.9452786026200881
DOGEUSDT,1h_d3,reference,long,2026-08-13 16:00:00+00:00,2026-08-13 20:00:00+00:00,2026-08-14 06:00:00+00:00,-26.158776957159507,-1.1310980684088219
DOGEUSDT,1h_d3,reference,long,2026-08-14 13:00:00+00:00,2026-08-14 19:00:00+00:00,2026-08-15 03:00:00+00:00,44.06320437275906,1.9493791934005498
DOGEUSDT,1h_d3,reference,short,2026-08-28 15:00:00+00:00,2026-08-29 14:00:00+00:00,2026-09-02 01:00:00+00:00,46.73559701223948,1.990021125122797
DOGEUSDT,1h_d3,reference,long,2026-09-02 02:00:00+00:00,2026-09-02 08:00:00+00:00,2026-09-02 10:00:00+00:00,-26.27971144330353,-1.076169041884532
DOGEUSDT,1h_d3,reference,short,2026-09-07 12:00:00+00:00,2026-09-07 16:00:00+00:00,2026-09-08 00:00:00+00:00,-25.222419169518364,-1.0555922392657717
DOGEUSDT,1h_d3,reference,long,2026-09-08 06:00:00+00:00,2026-09-08 11:00:00+00:00,2026-09-08 12:00:00+00:00,-25.760522494148432,-1.1013644234653632
DOGEUSDT,1h_d3,reference,short,2026-09-09 00:00:00+00:00,2026-09-09 04:00:00+00:00,2026-09-09 08:00:00+00:00,-25.21694206075679,-1.1024072482407947
DOGEUSDT,1h_d3,reference,long,2026-09-16 08:00:00+00:00,2026-09-16 12:00:00+00:00,2026-09-16 13:00:00+00:00,-25.9132180497082,-1.158386570770667
DOGEUSDT,1h_d3,causal,short,2026-05-26 15:00:00+00:00,2026-05-27 07:00:00+00:00,2026-05-28 03:00:00+00:00,39.610484825053156,1.9805242412526578
DOGEUSDT,1h_d3,causal,long,2026-05-28 14:00:00+00:00,2026-05-29 13:00:00+00:00,2026-05-29 15:00:00+00:00,40.998874007361984,1.971838232001927
DOGEUSDT,1h_d3,causal,long,2026-05-31 09:00:00+00:00,2026-05-31 13:00:00+00:00,2026-05-31 14:00:00+00:00,-26.796944812167716,-1.2398997192251544
DOGEUSDT,1h_d3,causal,long,2026-05-31 19:00:00+00:00,2026-05-31 23:00:00+00:00,2026-06-01 13:00:00+00:00,-23.44515143742374,-1.1123968139633853
DOGEUSDT,1h_d3,causal,short,2026-06-01 03:00:00+00:00,2026-06-01 23:00:00+00:00,2026-06-02 02:00:00+00:00,40.164229775355196,1.949024936733502
DOGEUSDT,1h_d3,causal,short,2026-06-01 04:00:00+00:00,2026-06-02 04:00:00+00:00,2026-06-02 05:00:00+00:00,41.72985148329242,1.949024936733502
DOGEUSDT,1h_d3,causal,long,2026-06-09 17:00:00+00:00,2026-06-09 21:00:00+00:00,2026-06-10 02:00:00+00:00,-23.83890478285025,-1.0716413419761879
DOGEUSDT,1h_d3,causal,short,2026-06-12 20:00:00+00:00,2026-06-13 08:00:00+00:00,2026-06-13 11:00:00+00:00,-25.704944492835008,-1.1808349208174753
DOGEUSDT,1h_d3,causal,short,2026-06-14 10:00:00+00:00,2026-06-14 20:00:00+00:00,2026-06-14 21:00:00+00:00,-23.827770218705805,-1.121077348427465
DOGEUSDT,1h_d3,causal,long,2026-06-18 06:00:00+00:00,2026-06-18 10:00:00+00:00,2026-06-18 13:00:00+00:00,-23.140947888886615,-1.1137345642450263
DOGEUSDT,1h_d3,causal,short,2026-06-25 23:00:00+00:00,2026-06-26 03:00:00+00:00,2026-06-26 12:00:00+00:00,40.028255155089646,1.9703816574932955
DOGEUSDT,1h_d3,causal,long,2026-06-27 11:00:00+00:00,2026-06-27 18:00:00+00:00,2026-06-27 19:00:00+00:00,-24.919553890495656,-1.1801523022535003
DOGEUSDT,1h_d3,causal,short,2026-07-02 19:00:00+00:00,2026-07-02 23:00:00+00:00,2026-07-03 01:00:00+00:00,-25.347350875484533,-1.2294304219181695
DOGEUSDT,1h_d3,causal,short,2026-07-04 21:00:00+00:00,2026-07-05 21:00:00+00:00,2026-07-05 22:00:00+00:00,-23.159506629505792,-1.151629705715674
DOGEUSDT,1h_d3,causal,short,2026-07-06 02:00:00+00:00,2026-07-06 07:00:00+00:00,2026-07-06 13:00:00+00:00,38.89804642445346,1.9798453639612588
DOGEUSDT,1h_d3,causal,long,2026-07-06 13:00:00+00:00,2026-07-06 17:00:00+00:00,2026-07-07 04:00:00+00:00,-21.337922707866305,-1.0446977021778137
DOGEUSDT,1h_d3,causal,long,2026-07-07 13:00:00+00:00,2026-07-07 18:00:00+00:00,2026-07-07 21:00:00+00:00,-21.814947851410995,-1.0908447570817643
DOGEUSDT,1h_d3,causal,long,2026-07-13 04:00:00+00:00,2026-07-13 10:00:00+00:00,2026-07-13 13:00:00+00:00,-23.46805897093702,-1.1996810059362626
DOGEUSDT,1h_d3,causal,long,2026-07-13 05:00:00+00:00,2026-07-13 13:00:00+00:00,2026-07-13 16:00:00+00:00,-22.904975279064512,-1.1996810059362626
DOGEUSDT,1h_d3,causal,short,2026-07-14 16:00:00+00:00,2026-07-14 21:00:00+00:00,2026-07-15 13:00:00+00:00,-20.38776069539962,-1.094089440043888
DOGEUSDT,1h_d3,causal,long,2026-07-15 09:00:00+00:00,2026-07-15 13:00:00+00:00,2026-07-15 16:00:00+00:00,-19.534478189705755,-1.0717506825328709
DOGEUSDT,1h_d3,causal,short,2026-07-16 06:00:00+00:00,2026-07-16 14:00:00+00:00,2026-07-16 22:00:00+00:00,34.89919394620185,1.9566704127309646
DOGEUSDT,1h_d3,causal,long,2026-07-17 08:00:00+00:00,2026-07-17 12:00:00+00:00,2026-07-17 13:00:00+00:00,-20.78093071544594,-1.121233250458704
DOGEUSDT,1h_d3,causal,long,2026-07-17 13:00:00+00:00,2026-07-18 09:00:00+00:00,2026-07-20 00:00:00+00:00,35.29024365174246,1.947759787640842
DOGEUSDT,1h_d3,causal,long,2026-07-19 21:00:00+00:00,2026-07-20 01:00:00+00:00,2026-07-20 05:00:00+00:00,-21.364395638373743,-1.1349442558059748
DOGEUSDT,1h_d3,causal,long,2026-07-20 08:00:00+00:00,2026-07-20 13:00:00+00:00,2026-07-20 15:00:00+00:00,35.953599447018114,1.954330009143361
DOGEUSDT,1h_d3,causal,short,2026-07-22 00:00:00+00:00,2026-07-22 04:00:00+00:00,2026-07-23 12:00:00+00:00,37.56751910712255,1.9652431750209347
DOGEUSDT,1h_d3,causal,long,2026-07-24 16:00:00+00:00,2026-07-24 20:00:00+00:00,2026-07-25 14:00:00+00:00,39.11732258231254,1.9689284875270663
DOGEUSDT,1h_d3,causal,short,2026-07-26 23:00:00+00:00,2026-07-27 04:00:00+00:00,2026-07-27 14:00:00+00:00,40.35605491721006,1.9543204088053623
DOGEUSDT,1h_d3,causal,long,2026-07-28 13:00:00+00:00,2026-07-28 23:00:00+00:00,2026-07-29 20:00:00+00:00,-23.08421400018482,-1.075846944308374
DOGEUSDT,1h_d3,causal,long,2026-07-29 20:00:00+00:00,2026-07-30 04:00:00+00:00,2026-07-31 14:00:00+00:00,-22.47567029305467,-1.0705198873200166
DOGEUSDT,1h_d3,causal,long,2026-08-01 10:00:00+00:00,2026-08-01 16:00:00+00:00,2026-08-01 17:00:00+00:00,-28.236584483289725,-1.3743383113474137
DOGEUSDT,1h_d3,causal,short,2026-08-04 11:00:00+00:00,2026-08-04 15:00:00+00:00,2026-08-05 13:00:00+00:00,39.10031579552284,1.9568891952033627
DOGEUSDT,1h_d3,causal,short,2026-08-08 22:00:00+00:00,2026-08-09 22:00:00+00:00,2026-08-09 23:00:00+00:00,39.01584709083564,1.879117228805833
DOGEUSDT,1h_d3,causal,long,2026-08-10 17:00:00+00:00,2026-08-10 21:00:00+00:00,2026-08-11 09:00:00+00:00,41.90748025284264,1.945278602620088
DOGEUSDT,1h_d3,causal,long,2026-08-13 16:00:00+00:00,2026-08-13 20:00:00+00:00,2026-08-14 06:00:00+00:00,-25.315474711277524,-1.1310980684088219
DOGEUSDT,1h_d3,causal,long,2026-08-14 13:00:00+00:00,2026-08-14 19:00:00+00:00,2026-08-15 03:00:00+00:00,42.642702211317804,1.9493791934005495
DOGEUSDT,1h_d3,causal,long,2026-08-16 22:00:00+00:00,2026-08-17 02:00:00+00:00,2026-08-19 15:00:00+00:00,44.91024683495538,1.9759988756550202
DOGEUSDT,1h_d3,causal,long,2026-08-23 05:00:00+00:00,2026-08-23 09:00:00+00:00,2026-08-24 17:00:00+00:00,-24.708428062197573,-1.045811776048804
DOGEUSDT,1h_d3,causal,short,2026-08-28 14:00:00+00:00,2026-08-29 14:00:00+00:00,2026-09-02 01:00:00+00:00,46.03298362944503,1.9900211251227973
DOGEUSDT,1h_d3,causal,long,2026-09-02 01:00:00+00:00,2026-09-02 08:00:00+00:00,2026-09-02 10:00:00+00:00,-25.88462764986859,-1.0761690418845322
DOGEUSDT,1h_d3,causal,short,2026-09-07 12:00:00+00:00,2026-09-07 16:00:00+00:00,2026-09-08 00:00:00+00:00,-24.84323049133984,-1.055592239265772
DOGEUSDT,1h_d3,causal,long,2026-09-08 06:00:00+00:00,2026-09-08 11:00:00+00:00,2026-09-08 12:00:00+00:00,-25.373244080920358,-1.101364423465363
DOGEUSDT,1h_d3,causal,short,2026-09-09 00:00:00+00:00,2026-09-09 04:00:00+00:00,2026-09-09 08:00:00+00:00,-24.837835724308363,-1.1024072482407947
DOGEUSDT,1h_d3,causal,short,2026-09-14 09:00:00+00:00,2026-09-14 13:00:00+00:00,2026-09-14 17:00:00+00:00,-23.91305964760875,-1.0852904512917638
DOGEUSDT,1h_d3,causal,long,2026-09-14 13:00:00+00:00,2026-09-14 22:00:00+00:00,2026-09-15 05:00:00+00:00,-23.169711911995908,-1.0748849793030144
DOGEUSDT,1h_d3,causal,long,2026-09-16 08:00:00+00:00,2026-09-16 12:00:00+00:00,2026-09-16 13:00:00+00:00,-24.432843037020422,-1.158386570770667
DOGEUSDT,1h_d4,reference,long,2026-05-28 14:00:00+00:00,2026-05-29 13:00:00+00:00,2026-05-29 15:00:00+00:00,39.43676464003854,1.971838232001927
DOGEUSDT,1h_d4,reference,short,2026-06-01 03:00:00+00:00,2026-06-01 23:00:00+00:00,2026-06-02 02:00:00+00:00,40.517763488820535,1.9490249367335017
DOGEUSDT,1h_d4,reference,long,2026-06-09 16:00:00+00:00,2026-06-09 21:00:00+00:00,2026-06-10 02:00:00+00:00,-23.14647839594543,-1.071641341976188
DOGEUSDT,1h_d4,reference,short,2026-06-14 10:00:00+00:00,2026-06-14 20:00:00+00:00,2026-06-14 21:00:00+00:00,-23.695271323827505,-1.121077348427465
DOGEUSDT,1h_d4,reference,long,2026-06-27 11:00:00+00:00,2026-06-27 18:00:00+00:00,2026-06-27 19:00:00+00:00,-24.38460847853986,-1.1801523022535
DOGEUSDT,1h_d4,reference,short,2026-07-06 01:00:00+00:00,2026-07-06 07:00:00+00:00,2026-07-06 13:00:00+00:00,39.94251581468234,1.9798453639612588
DOGEUSDT,1h_d4,reference,long,2026-07-07 13:00:00+00:00,2026-07-07 18:00:00+00:00,2026-07-07 21:00:00+00:00,-22.878738389010422,-1.0908447570817643
DOGEUSDT,1h_d4,reference,long,2026-07-13 04:00:00+00:00,2026-07-13 10:00:00+00:00,2026-07-13 13:00:00+00:00,-24.612462305712512,-1.1996810059362626
DOGEUSDT,1h_d4,reference,short,2026-07-14 16:00:00+00:00,2026-07-14 21:00:00+00:00,2026-07-15 13:00:00+00:00,-21.907598043646715,-1.0940894400438876
DOGEUSDT,1h_d4,reference,short,2026-07-19 14:00:00+00:00,2026-07-19 20:00:00+00:00,2026-07-20 00:00:00+00:00,-22.874925150213485,-1.167955776823667
DOGEUSDT,1h_d4,reference,long,2026-08-01 10:00:00+00:00,2026-08-01 16:00:00+00:00,2026-08-01 17:00:00+00:00,-26.28825971071718,-1.3743383113474137
DOGEUSDT,1h_d4,reference,short,2026-08-08 22:00:00+00:00,2026-08-09 22:00:00+00:00,2026-08-09 23:00:00+00:00,34.95566573729294,1.8791172288058329
DOGEUSDT,1h_d4,reference,long,2026-08-17 00:00:00+00:00,2026-08-18 02:00:00+00:00,2026-08-19 15:00:00+00:00,38.13932211743936,1.97599887565502
DOGEUSDT,1h_d4,reference,short,2026-08-28 14:00:00+00:00,2026-08-29 14:00:00+00:00,2026-09-02 01:00:00+00:00,39.92793071804913,1.990021125122797
DOGEUSDT,1h_d4,reference,long,2026-09-02 01:00:00+00:00,2026-09-02 08:00:00+00:00,2026-09-02 10:00:00+00:00,-22.451719136566265,-1.0761690418845322
DOGEUSDT,1h_d4,reference,long,2026-09-13 22:00:00+00:00,2026-09-14 03:00:00+00:00,2026-09-15 13:00:00+00:00,-21.309115024890108,-1.043868650291786
DOGEUSDT,1h_d4,causal,long,2026-05-28 14:00:00+00:00,2026-05-29 13:00:00+00:00,2026-05-29 15:00:00+00:00,39.43676464003854,1.971838232001927
DOGEUSDT,1h_d4,causal,long,2026-05-31 17:00:00+00:00,2026-05-31 23:00:00+00:00,2026-06-01 13:00:00+00:00,-23.125322906039756,-1.112396813963385
DOGEUSDT,1h_d4,causal,short,2026-06-01 03:00:00+00:00,2026-06-01 23:00:00+00:00,2026-06-02 02:00:00+00:00,39.61632686854283,1.949024936733502
DOGEUSDT,1h_d4,causal,long,2026-06-09 16:00:00+00:00,2026-06-09 21:00:00+00:00,2026-06-10 02:00:00+00:00,-22.631517019502986,-1.0716413419761879
DOGEUSDT,1h_d4,causal,short,2026-06-14 10:00:00+00:00,2026-06-14 20:00:00+00:00,2026-06-14 21:00:00+00:00,-23.168100437295035,-1.121077348427465
DOGEUSDT,1h_d4,causal,long,2026-06-27 11:00:00+00:00,2026-06-27 18:00:00+00:00,2026-06-27 19:00:00+00:00,-23.84210126291442,-1.1801523022535
DOGEUSDT,1h_d4,causal,short,2026-07-04 21:00:00+00:00,2026-07-05 21:00:00+00:00,2026-07-05 22:00:00+00:00,-22.716726267560738,-1.1516297057156737
DOGEUSDT,1h_d4,causal,short,2026-07-06 01:00:00+00:00,2026-07-06 07:00:00+00:00,2026-07-06 13:00:00+00:00,38.1543651642995,1.9798453639612585
DOGEUSDT,1h_d4,causal,long,2026-07-07 13:00:00+00:00,2026-07-07 18:00:00+00:00,2026-07-07 21:00:00+00:00,-21.85450067899593,-1.090844757081764
DOGEUSDT,1h_d4,causal,long,2026-07-13 04:00:00+00:00,2026-07-13 10:00:00+00:00,2026-07-13 13:00:00+00:00,-23.510609065328858,-1.1996810059362624
DOGEUSDT,1h_d4,causal,short,2026-07-14 16:00:00+00:00,2026-07-14 21:00:00+00:00,2026-07-15 13:00:00+00:00,-20.926836444356752,-1.0940894400438879
DOGEUSDT,1h_d4,causal,long,2026-07-17 13:00:00+00:00,2026-07-18 09:00:00+00:00,2026-07-20 00:00:00+00:00,36.43992664602655,1.947759787640842
DOGEUSDT,1h_d4,causal,short,2026-07-25 18:00:00+00:00,2026-07-26 02:00:00+00:00,2026-07-26 05:00:00+00:00,-20.529088053132995,-1.0561624905298388
DOGEUSDT,1h_d4,causal,long,2026-08-01 10:00:00+00:00,2026-08-01 16:00:00+00:00,2026-08-01 17:00:00+00:00,-26.149331130740123,-1.3743383113474137
DOGEUSDT,1h_d4,causal,short,2026-08-08 22:00:00+00:00,2026-08-09 22:00:00+00:00,2026-08-09 23:00:00+00:00,34.77093152299061,1.8791172288058333
DOGEUSDT,1h_d4,causal,long,2026-08-16 21:00:00+00:00,2026-08-17 02:00:00+00:00,2026-08-19 15:00:00+00:00,37.93776286926655,1.97599887565502
DOGEUSDT,1h_d4,causal,long,2026-08-23 05:00:00+00:00,2026-08-23 14:00:00+00:00,2026-08-24 17:00:00+00:00,-20.872352096857817,-1.045811776048804
DOGEUSDT,1h_d4,causal,short,2026-08-28 14:00:00+00:00,2026-08-29 14:00:00+00:00,2026-09-02 01:00:00+00:00,38.88619057287017,1.9900211251227973
DOGEUSDT,1h_d4,causal,long,2026-09-02 01:00:00+00:00,2026-09-02 08:00:00+00:00,2026-09-02 10:00:00+00:00,-21.865942294835992,-1.076169041884532
DOGEUSDT,1h_d4,causal,long,2026-09-13 22:00:00+00:00,2026-09-14 03:00:00+00:00,2026-09-15 13:00:00+00:00,-20.75314930915043,-1.043868650291786
