timestamp_utc,universe_scope,active_usdt_perpetual_count,rwa_excluded_count,bucket_start_utc,regime,score,bull_votes,bear_votes,universe_count,sample_1h_4h_count,sample_24h_count,positive_1h_pct,positive_4h_pct,positive_24h_pct,median_1h_pct,median_4h_pct,median_24h_pct,q25_4h_pct,q75_4h_pct,total3_4h_pct,total3_24h_pct,total3es_4h_pct,total3es_24h_pct
2026-09-23T07:40:35.569930+00:00,crypto_alt_usdt_perpetual,802,336,2026-09-23T07:30:00+00:00,BULLISH,5,5,0,463,463,463,50.75593952483801,55.93952483801296,85.96112311015119,0.021521575379312985,0.2540220152413175,3.399,-0.6918351523826582,0.9838157224621891,0.3870652329367896,1.9301441746921943,0.07029282076955745,2.301178453503594
2026-09-23T07:52:50.147664+00:00,crypto_alt_usdt_perpetual,802,336,2026-09-23T07:45:00+00:00,NEUTRAL,-2,2,4,463,463,463,14.68682505399568,28.293736501079913,84.66522678185746,-0.8878302295365792,-0.7246376811594235,3.267,-1.7900813757307454,0.15520501583794477,0.3870652329367896,1.9301441746921943,0.07029282076955745,2.301178453503594
2026-09-23T08:10:37.539104+00:00,crypto_alt_usdt_perpetual,802,336,2026-09-23T08:00:00+00:00,NEUTRAL,-2,2,4,463,463,463,16.414686825053995,28.077753779697623,82.93736501079914,-0.8339289969025554,-0.6422607578676964,2.778,-1.5748031496062964,0.11530771157211017,,,,
2026-09-23T08:27:53.367521+00:00,crypto_alt_usdt_perpetual,802,336,2026-09-23T08:15:00+00:00,NEUTRAL,-2,2,4,463,463,463,21.382289416846653,34.341252699784015,89.20086393088553,-0.5748675110033075,-0.4830348727615452,4.141,-1.3557366748507715,0.40183771082890063,,,,
2026-09-23T08:41:21.407645+00:00,crypto_alt_usdt_perpetual,802,336,2026-09-23T08:30:00+00:00,NEUTRAL,-2,2,4,463,463,463,39.30885529157668,42.76457883369331,85.7451403887689,-0.15183723048891595,-0.25278058645095136,3.546,-1.1751430489403136,0.7361745760845584,,,,
2026-09-23T08:53:36.826106+00:00,crypto_alt_usdt_perpetual,802,336,2026-09-23T08:45:00+00:00,BULLISH,3,4,1,463,463,463,79.26565874730022,45.78833693304536,72.57019438444924,0.5430242272347563,-0.1285677552069986,1.959,-1.0310455911796301,0.8287460924115808,,,,
2026-09-23T09:09:26.621005+00:00,crypto_alt_usdt_perpetual,802,336,2026-09-23T09:00:00+00:00,NEUTRAL,-2,2,4,463,463,463,33.69330453563715,24.190064794816415,85.09719222462203,-0.29725712741522914,-0.9753593429158158,3.581,-1.86127117881551,-0.05174942545000394,,,,
2026-09-23T09:26:48.468542+00:00,crypto_alt_usdt_perpetual,802,336,2026-09-23T09:15:00+00:00,NEUTRAL,2,4,2,463,463,463,60.90712742980561,41.25269978401728,87.47300215982722,0.25949516395376016,-0.26239067055394694,4.0120000000000005,-1.1027089763780251,0.7347582297584254,,,,
2026-09-23T09:40:30.383698+00:00,crypto_alt_usdt_perpetual,802,336,2026-09-23T09:30:00+00:00,NEUTRAL,0,2,2,463,463,463,46.00431965442765,45.57235421166307,85.52915766738661,-0.02336994624911881,-0.1404494382022392,3.7310000000000003,-0.9566632377005724,0.765802459500553,,,,
2026-09-23T09:53:29.946276+00:00,crypto_alt_usdt_perpetual,802,336,2026-09-23T09:45:00+00:00,NEUTRAL,-2,2,4,463,463,463,29.805615550755938,34.98920086393088,82.07343412526998,-0.32948929159802853,-0.4861111111110983,3.376,-1.3306171309107995,0.44993855273621763,,,,
2026-09-23T10:09:32.000918+00:00,crypto_alt_usdt_perpetual,802,336,2026-09-23T10:00:00+00:00,BULLISH,5,5,0,463,463,463,70.84233261339092,50.53995680345572,85.7451403887689,0.3117692907248726,0.041084634346755244,3.74,-0.7442741947701725,0.9371452596174001,,,,
2026-09-23T10:26:51.019622+00:00,crypto_alt_usdt_perpetual,802,336,2026-09-23T10:15:00+00:00,NEUTRAL,-2,2,4,463,463,463,34.125269978401725,37.79697624190065,86.39308855291577,-0.21097046413502962,-0.3837543971857982,4.195,-1.2017701330380215,0.4697235802251676,,,,
2026-09-23T10:40:28.920169+00:00,crypto_alt_usdt_perpetual,802,336,2026-09-23T10:30:00+00:00,NEUTRAL,-2,2,4,463,463,463,23.758099352051836,33.909287257019436,86.60907127429806,-0.43176074136478393,-0.5314207142591676,4.381,-1.513595944141255,0.41780646767399787,,,,
2026-09-23T10:53:32.356052+00:00,crypto_alt_usdt_perpetual,802,336,2026-09-23T10:45:00+00:00,NEUTRAL,2,4,2,463,463,463,57.019438444924404,35.63714902807775,86.82505399568035,0.12066885019823559,-0.5123825789923098,4.333,-1.4088113690040982,0.46895956237749115,,,,
2026-09-23T11:09:28.470456+00:00,crypto_alt_usdt_perpetual,802,336,2026-09-23T11:00:00+00:00,NEUTRAL,2,4,2,463,463,463,67.60259179265658,34.98920086393088,88.55291576673866,0.2811621368322248,-0.4773269689737458,4.49,-1.2783326372023063,0.46291306487086237,,,,
2026-09-23T11:26:21.775330+00:00,crypto_alt_usdt_perpetual,802,336,2026-09-23T11:15:00+00:00,NEUTRAL,-2,2,4,463,463,463,39.30885529157668,29.37365010799136,79.6976241900648,-0.15873015873013596,-0.6203029941548421,3.138,-1.5185266352317262,0.258763861522715,,,,
2026-09-23T11:40:10.054412+00:00,crypto_alt_usdt_perpetual,802,336,2026-09-23T11:30:00+00:00,NEUTRAL,-2,2,4,463,463,463,13.822894168466522,14.038876889848812,76.88984881209504,-0.8681318681318717,-1.5195241180281482,2.854,-2.397944420974002,-0.5405907688164568,,,,
2026-09-23T11:53:10.055464+00:00,crypto_alt_usdt_perpetual,802,336,2026-09-23T11:45:00+00:00,NEUTRAL,-2,2,4,463,463,463,7.991360691144709,19.870410367170628,81.20950323974083,-1.414538310412572,-1.1061237576146299,3.314,-1.9112863933915092,-0.24106652652998717,,,,
2026-09-23T12:12:12.938674+00:00,crypto_alt_usdt_perpetual,802,336,2026-09-23T12:00:00+00:00,NEUTRAL,-2,2,4,463,463,463,12.095032397408207,30.021598272138228,80.99352051835854,-1.0072107130594143,-0.6909137206637439,3.2710000000000004,-1.3791860195678962,0.19909772134618642,,,,
2026-09-23T12:31:39.297100+00:00,crypto_alt_usdt_perpetual,802,336,2026-09-23T12:30:00+00:00,NEUTRAL,2,4,2,463,463,463,60.90712742980561,21.814254859611232,79.48164146868251,0.21574973031281974,-1.2315270935960632,3.1119999999999997,-2.042499826661687,-0.27387636732517096,,,,
2026-09-23T12:49:18.842007+00:00,crypto_alt_usdt_perpetual,802,336,2026-09-23T12:45:00+00:00,NEUTRAL,2,4,2,463,463,463,76.88984881209504,23.110151187904968,79.04967602591793,0.5378973105134355,-1.1486001435750182,2.9000000000000004,-2.0837042199467914,-0.13607368125062025,,,,
2026-09-23T13:11:19.810026+00:00,crypto_alt_usdt_perpetual,802,336,2026-09-23T13:00:00+00:00,NEUTRAL,-2,2,4,463,463,463,44.27645788336933,34.125269978401725,65.65874730021598,-0.044014084507049134,-0.5005268703898835,1.4989999999999999,-1.1904082889437728,0.37751665374309296,,,,
2026-09-23T13:28:21.805668+00:00,crypto_alt_usdt_perpetual,804,338,2026-09-23T13:15:00+00:00,NEUTRAL,-2,2,4,463,463,463,17.062634989200863,15.118790496760258,71.05831533477321,-0.6523157208088715,-1.704035874439469,2.101,-2.5250902784608673,-0.6878940324504978,,,,
2026-09-23T13:41:24.435521+00:00,crypto_alt_usdt_perpetual,805,339,2026-09-23T13:30:00+00:00,NEUTRAL,-2,2,4,463,463,463,30.885529157667385,15.118790496760258,74.08207343412526,-0.30084235860409203,-1.5108207431604792,2.419,-2.295571899749632,-0.5760874141095607,,,,
2026-09-23T13:52:53.425487+00:00,crypto_alt_usdt_perpetual,805,339,2026-09-23T13:45:00+00:00,NEUTRAL,-2,2,4,463,463,463,24.838012958963283,18.14254859611231,68.46652267818574,-0.44579172610555995,-1.269035532994922,1.603,-2.020260835521004,-0.3793404900042818,,,,
2026-09-23T14:10:07.447732+00:00,crypto_alt_usdt_perpetual,805,339,2026-09-23T14:00:00+00:00,NEUTRAL,-2,2,4,463,463,463,22.4622030237581,17.92656587473002,59.39524838012959,-0.55540127742294,-1.4334683702087903,0.629,-2.071978175858369,-0.4441989004782376,,,,
2026-09-23T14:28:03.009116+00:00,crypto_alt_usdt_perpetual,805,339,2026-09-23T14:15:00+00:00,BEARISH,-6,0,6,463,463,463,3.4557235421166306,4.751619870410368,27.429805615550755,-3.0539772727272707,-4.658437605681431,-1.857,-5.6864651222228275,-3.3595258638399295,,,,
2026-09-23T14:42:12.447504+00:00,crypto_alt_usdt_perpetual,805,339,2026-09-23T14:30:00+00:00,BEARISH,-5,0,5,463,463,463,1.7278617710583153,3.239740820734341,46.436285097192226,-4.175233275343981,-5.112316034082099,-0.174,-6.332632500764373,-3.67941032595252,,,,
2026-09-23T14:55:05.768011+00:00,crypto_alt_usdt_perpetual,805,339,2026-09-23T14:45:00+00:00,BEARISH,-5,0,5,463,463,463,4.103671706263499,5.399568034557236,47.084233261339094,-3.219494841693349,-4.59729151817535,-0.22699999999999998,-5.82522043494062,-3.1884081121902605,,,,
2026-09-23T15:09:02.791708+00:00,crypto_alt_usdt_perpetual,805,339,2026-09-23T15:00:00+00:00,BEARISH,-6,0,6,463,463,463,6.047516198704104,6.047516198704104,42.11663066954644,-2.667627974044695,-4.241781548250256,-0.575,-5.536288099176694,-2.8332735038014754,,,,
2026-09-23T15:27:23.263931+00:00,crypto_alt_usdt_perpetual,805,339,2026-09-23T15:15:00+00:00,NEUTRAL,-2,2,4,463,463,463,76.24190064794817,8.207343412526997,31.965442764578835,0.6928406466512715,-3.756708407871201,-1.388,-4.965491461138266,-2.392915307790233,,,,
2026-09-23T15:41:16.958831+00:00,crypto_alt_usdt_perpetual,805,339,2026-09-23T15:30:00+00:00,NEUTRAL,-2,2,4,463,463,463,77.10583153347733,7.775377969762419,26.34989200863931,0.621820237422277,-3.6819281127512427,-2.236,-4.891033489591312,-2.308064008521554,,,,
2026-09-23T15:53:21.587478+00:00,crypto_alt_usdt_perpetual,805,339,2026-09-23T15:45:00+00:00,BEARISH,-6,0,6,463,463,463,15.550755939524837,6.263498920086393,22.67818574514039,-0.9299442033477878,-4.144385026737963,-2.71,-5.369542635431867,-2.8195174662837053,,,,
2026-09-23T16:10:17.396747+00:00,crypto_alt_usdt_perpetual,805,339,2026-09-23T16:00:00+00:00,BEARISH,-6,0,6,463,463,463,6.047516198704104,4.103671706263499,27.213822894168466,-1.8424808615544408,-5.124919923126203,-2.406,-6.4599059829804855,-3.723412091104761,,,,
2026-09-23T16:28:42.068800+00:00,crypto_alt_usdt_perpetual,805,339,2026-09-23T16:15:00+00:00,BEARISH,-6,0,6,463,463,463,10.799136069114471,6.047516198704104,28.077753779697623,-1.282965074839637,-4.399999999999993,-2.0060000000000002,-5.764915972499818,-2.8446831463704356,,,,
2026-09-23T16:42:19.100448+00:00,crypto_alt_usdt_perpetual,805,339,2026-09-23T16:30:00+00:00,BEARISH,-6,0,6,463,463,463,22.89416846652268,5.183585313174946,24.838012958963283,-0.5832037325038897,-4.43698732289336,-2.371,-5.709255533199192,-2.948646093807378,,,,
2026-09-23T16:53:20.435918+00:00,crypto_alt_usdt_perpetual,805,339,2026-09-23T16:45:00+00:00,BEARISH,-4,0,4,463,463,463,49.892008639308855,4.967602591792657,22.03023758099352,0.0,-4.584775086505188,-3.007,-5.957656378149928,-3.2856383948132786,,,,
2026-09-23T17:09:25.487630+00:00,crypto_alt_usdt_perpetual,805,339,2026-09-23T17:00:00+00:00,NEUTRAL,-2,2,4,463,463,463,74.29805615550755,5.615550755939525,19.00647948164147,0.44960116026104835,-4.6611102374587325,-3.669,-6.005376719367433,-3.190169367485746,,,,
2026-09-23T17:26:26.370650+00:00,crypto_alt_usdt_perpetual,805,339,2026-09-23T17:15:00+00:00,BEARISH,-6,0,6,463,463,463,19.22246220302376,5.831533477321814,19.00647948164147,-0.7263405255287347,-4.410256410256408,-3.221,-5.979916391878265,-3.1935638048863844,,,,
2026-09-23T17:40:32.632520+00:00,crypto_alt_usdt_perpetual,805,339,2026-09-23T17:30:00+00:00,BEARISH,-6,0,6,463,463,463,39.524838012958966,6.047516198704104,18.79049676025918,-0.18176310209027102,-4.3484301194776425,-3.357,-5.543526369064433,-2.9160391627235107,,,,
2026-09-23T17:51:28.016538+00:00,crypto_alt_usdt_perpetual,805,339,2026-09-23T17:45:00+00:00,BEARISH,-6,0,6,463,463,463,43.628509719222464,5.831533477321814,19.870410367170628,-0.08378718056135659,-4.226678484378454,-3.175,-5.633322906610216,-2.9227903899638252,,,,
2026-09-23T18:12:11.326363+00:00,crypto_alt_usdt_perpetual,805,339,2026-09-23T18:00:00+00:00,BEARISH,-6,0,6,463,463,463,44.70842332613391,4.967602591792657,15.766738660907128,-0.06538511834706107,-4.123173277661785,-3.7479999999999998,-5.366245078720872,-2.6537599546449075,,,,
2026-09-23T18:44:20.053908+00:00,crypto_alt_usdt_perpetual,805,339,2026-09-23T18:30:00+00:00,BEARISH,-6,0,6,463,463,463,13.390928725701944,28.293736501079913,14.254859611231101,-0.8215426745778132,-0.8802816901408494,-4.348,-2.0304724469234756,0.16622399604961924,,,,
2026-09-23T18:54:58.311574+00:00,crypto_alt_usdt_perpetual,805,339,2026-09-23T18:45:00+00:00,BEARISH,-6,0,6,463,463,463,9.287257019438444,12.742980561555076,16.630669546436284,-1.0080645161290258,-1.9848654013149836,-3.9859999999999998,-3.06272164335239,-0.736268827101827,,,,
2026-09-23T19:08:34.032960+00:00,crypto_alt_usdt_perpetual,805,339,2026-09-23T19:00:00+00:00,BEARISH,-6,0,6,463,463,463,14.68682505399568,11.663066954643629,15.550755939524837,-0.7878787878787818,-2.1533161068044815,-4.3549999999999995,-3.1398892871812025,-1.2021212982974872,,,,
2026-09-23T19:25:05.916889+00:00,crypto_alt_usdt_perpetual,805,339,2026-09-23T19:15:00+00:00,BEARISH,-6,0,6,463,463,463,21.598272138228943,10.799136069114471,15.550755939524837,-0.5202913631633721,-2.5360517155644025,-4.636,-3.344521121217997,-1.347442189797804,,,,
2026-09-23T19:39:25.318017+00:00,crypto_alt_usdt_perpetual,805,339,2026-09-23T19:30:00+00:00,BEARISH,-3,1,4,463,463,463,54.64362850971922,15.550755939524837,16.414686825053995,0.08269018743107814,-1.573033707865168,-4.205,-2.417009139344839,-0.5491187986603807,,,,
2026-09-23T19:52:19.652632+00:00,crypto_alt_usdt_perpetual,805,339,2026-09-23T19:45:00+00:00,BEARISH,-3,1,4,463,463,463,54.42764578833693,23.110151187904968,16.198704103671705,0.07895775759969581,-1.0061242344706955,-4.164000000000001,-1.9025759123976194,-0.1106866703387055,,,,
2026-09-23T20:10:17.223471+00:00,crypto_alt_usdt_perpetual,805,339,2026-09-23T20:00:00+00:00,BEARISH,-6,0,6,463,463,463,39.09287257019439,37.365010799136066,15.334773218142548,-0.11667276720351838,-0.4364429896344779,-4.589,-1.3324363409574602,0.553027914170312,,,,
2026-09-23T20:27:01.005654+00:00,crypto_alt_usdt_perpetual,805,339,2026-09-23T20:15:00+00:00,BEARISH,-6,0,6,463,463,463,34.557235421166304,18.14254859611231,14.47084233261339,-0.14341323499282854,-1.3212042451808514,-4.858,-2.080650700518855,-0.36855637049839074,,,,
2026-09-23T20:39:12.888194+00:00,crypto_alt_usdt_perpetual,805,339,2026-09-23T20:30:00+00:00,BEARISH,-6,0,6,463,463,463,14.254859611231101,15.118790496760258,14.254859611231101,-0.5897658282740692,-1.574468085106373,-5.353,-2.375310313698936,-0.5681393848904537,,,,
2026-09-23T20:51:34.897040+00:00,crypto_alt_usdt_perpetual,805,339,2026-09-23T20:45:00+00:00,BEARISH,-6,0,6,463,463,463,26.13390928725702,16.198704103671705,13.822894168466522,-0.3383140682266639,-1.3236009732360166,-5.441,-2.1578432144572113,-0.48973411209239925,,,,
2026-09-23T21:09:25.950150+00:00,crypto_alt_usdt_perpetual,805,339,2026-09-23T21:00:00+00:00,BEARISH,-6,0,6,463,463,463,14.254859611231101,14.902807775377969,13.606911447084233,-0.5777310924369838,-1.542983100661277,-5.469,-2.316153427137296,-0.6643105677795635,,,,
2026-09-23T21:25:57.469936+00:00,crypto_alt_usdt_perpetual,805,339,2026-09-23T21:15:00+00:00,BEARISH,-6,0,6,463,463,463,33.47732181425486,26.34989200863931,13.390928725701944,-0.17010017010017364,-0.7716590669940349,-5.213,-1.505912868561754,0.03686112198790781,,,,
2026-09-23T21:38:46.774339+00:00,crypto_alt_usdt_perpetual,805,339,2026-09-23T21:30:00+00:00,NEUTRAL,-2,2,4,463,463,463,65.65874730021598,16.846652267818573,14.254859611231101,0.22012578616352751,-1.1235955056179692,-5.011,-1.8620777380022102,-0.36697676103012444,,,,
2026-09-23T21:50:48.283791+00:00,crypto_alt_usdt_perpetual,805,339,2026-09-23T21:45:00+00:00,NEUTRAL,-2,2,4,463,463,463,73.86609071274297,22.67818574514039,14.038876889848812,0.46652923944885405,-0.8825889275207222,-4.993,-1.5326314368630634,-0.08681295241942943,,,,
2026-09-23T22:09:39.905762+00:00,crypto_alt_usdt_perpetual,805,339,2026-09-23T22:00:00+00:00,NEUTRAL,-2,2,4,463,463,463,85.31317494600432,20.950323974082075,16.198704103671705,0.572289156626482,-0.889598540145986,-4.398,-1.5810130911032227,-0.11955008246837262,,,,
2026-09-23T22:25:06.938916+00:00,crypto_alt_usdt_perpetual,805,339,2026-09-23T22:15:00+00:00,NEUTRAL,-2,2,4,463,463,463,90.71274298056156,43.196544276457885,13.390928725701944,0.7617187499999956,-0.14067170740285073,-4.859999999999999,-0.6885124037705692,0.6135283062913888,,,,
2026-09-23T22:38:30.126371+00:00,crypto_alt_usdt_perpetual,805,339,2026-09-23T22:30:00+00:00,NEUTRAL,-1,2,3,463,463,463,69.11447084233261,46.868250539956804,11.663066954643629,0.2587589918749744,-0.04147656574035041,-5.664000000000001,-0.7434823294259096,0.6271327603558197,,,,
2026-09-23T22:51:23.977519+00:00,crypto_alt_usdt_perpetual,805,339,2026-09-23T22:45:00+00:00,BEARISH,-6,0,6,463,463,463,20.302375809935207,37.149028077753776,11.663066954643629,-0.5063733193644171,-0.3424188467333278,-5.734999999999999,-1.0072661919163617,0.400291703900002,,,,
2026-09-23T23:07:49.877535+00:00,crypto_alt_usdt_perpetual,805,339,2026-09-23T23:00:00+00:00,BEARISH,-6,0,6,463,463,463,44.49244060475162,42.76457883369331,10.799136069114471,-0.08068420203323212,-0.18999366687776353,-5.856999999999999,-0.9928873896117574,0.467835485323298,,,,
2026-09-23T23:22:08.136942+00:00,crypto_alt_usdt_perpetual,805,339,2026-09-23T23:15:00+00:00,BEARISH,-3,1,4,463,463,463,31.317494600431967,53.99568034557235,10.367170626349893,-0.27542139473394345,0.19913707268504055,-6.017,-0.5232681501153302,0.8737167525094569,,,,
2026-09-23T23:36:52.062965+00:00,crypto_alt_usdt_perpetual,805,339,2026-09-23T23:30:00+00:00,NEUTRAL,1,3,2,463,463,463,61.98704103671706,50.323974082073434,10.367170626349893,0.1512859304084735,0.015110305228160925,-5.854,-0.6577584717157692,0.7023636316331627,,,,
2026-09-23T23:50:27.689875+00:00,crypto_alt_usdt_perpetual,805,339,2026-09-23T23:45:00+00:00,NEUTRAL,-2,2,4,463,463,463,69.11447084233261,43.196544276457885,10.799136069114471,0.2305918524212025,-0.09777082518575009,-5.789,-0.7700237512518582,0.5193540690111687,,,,
2026-09-24T00:12:52.002455+00:00,crypto_alt_usdt_perpetual,805,339,2026-09-24T00:00:00+00:00,NEUTRAL,1,3,2,463,463,463,64.79481641468682,52.05183585313175,9.719222462203025,0.18617640214102504,0.08090614886733238,-5.936,-0.49589810773001397,0.7174029078991118,,,,
2026-09-24T00:33:30.255921+00:00,crypto_alt_usdt_perpetual,805,339,2026-09-24T00:30:00+00:00,NEUTRAL,1,3,2,463,463,463,50.107991360691145,78.18574514038878,11.44708423326134,0.00750356419298992,0.6759611322349146,-5.831,0.15780680589110307,1.3991208669109745,,,,
2026-09-24T00:55:33.155339+00:00,crypto_alt_usdt_perpetual,805,339,2026-09-24T00:45:00+00:00,NEUTRAL,2,4,2,463,463,463,65.44276457883369,69.11447084233261,9.935205183585314,0.2469745616201502,0.49438202247191754,-5.933,-0.1333195848020552,1.1260370305760659,,,,
2026-09-24T01:09:09.630142+00:00,crypto_alt_usdt_perpetual,805,339,2026-09-24T01:00:00+00:00,NEUTRAL,-1,2,3,463,463,463,46.220302375809936,75.80993520518359,10.799136069114471,-0.025150905432580473,0.6765899864682234,-5.715,0.042102643226626935,1.438676603805611,,,,
2026-09-24T01:25:40.792399+00:00,crypto_alt_usdt_perpetual,805,339,2026-09-24T01:15:00+00:00,NEUTRAL,1,3,2,463,463,463,54.42764578833693,71.92224622030237,9.719222462203025,0.07125044531528513,0.5643210871818516,-6.043,-0.0659383783517764,1.3010116466824928,,,,
2026-09-24T01:39:31.766497+00:00,crypto_alt_usdt_perpetual,805,339,2026-09-24T01:30:00+00:00,BEARISH,-3,1,4,463,463,463,28.94168466522678,54.85961123110151,11.44708423326134,-0.33196641280999195,0.1340410701838879,-5.524,-0.505672189206452,0.8812213304570271,,,,
2026-09-24T01:53:09.594840+00:00,crypto_alt_usdt_perpetual,805,339,2026-09-24T01:45:00+00:00,BEARISH,-5,0,5,463,463,463,38.44492440604752,45.78833693304536,12.742980561555076,-0.12525050100199442,-0.10319917440660964,-5.19,-0.6821855368246477,0.6851534013971206,,,,
2026-09-24T02:09:34.610184+00:00,crypto_alt_usdt_perpetual,805,339,2026-09-24T02:00:00+00:00,BEARISH,-5,0,5,463,463,463,36.50107991360691,47.084233261339094,11.23110151187905,-0.16592920353981633,-0.05805515239477588,-5.418,-0.6495326256363287,0.7133547736065005,,,,
2026-09-24T02:26:51.469044+00:00,crypto_alt_usdt_perpetual,805,339,2026-09-24T02:15:00+00:00,BEARISH,-6,0,6,463,463,463,29.15766738660907,30.669546436285096,13.174946004319654,-0.28713495342811424,-0.4907975460122671,-5.016,-1.1494241955645412,0.17634300345539256,,,,
2026-09-24T02:40:26.206503+00:00,crypto_alt_usdt_perpetual,805,339,2026-09-24T02:30:00+00:00,NEUTRAL,2,4,2,463,463,463,80.12958963282938,69.76241900647948,11.44708423326134,0.6751389992057266,0.5496662740479108,-5.053,-0.08471535497205362,1.3850514471607678,,,,
2026-09-24T02:53:09.165090+00:00,crypto_alt_usdt_perpetual,805,339,2026-09-24T02:45:00+00:00,NEUTRAL,2,4,2,463,463,463,84.66522678185746,86.17710583153348,11.23110151187905,0.8586790787256104,1.2863148647800582,-4.696,0.576036593314122,2.1199844100520004,,,,
2026-09-24T03:09:19.956920+00:00,crypto_alt_usdt_perpetual,805,339,2026-09-24T03:00:00+00:00,NEUTRAL,2,4,2,463,463,463,87.25701943844493,82.93736501079914,11.01511879049676,1.115241635687747,1.146076146076136,-4.789000000000001,0.3632222119617001,1.8979762987895943,,,,
2026-09-24T03:26:37.214428+00:00,crypto_alt_usdt_perpetual,805,339,2026-09-24T03:15:00+00:00,NEUTRAL,2,4,2,463,463,463,90.28077753779698,82.07343412526998,9.935205183585314,1.3696522006771072,1.122277401947347,-5.432,0.34760726418655574,1.8646316520179451,,,,
2026-09-24T03:40:49.749951+00:00,crypto_alt_usdt_perpetual,805,339,2026-09-24T03:30:00+00:00,NEUTRAL,2,4,2,463,463,463,66.30669546436285,72.78617710583153,9.503239740820735,0.2786112301757404,0.7841800204568594,-5.783,-0.07213040028786755,1.4430344196066591,,,,
2026-09-24T03:53:12.147688+00:00,crypto_alt_usdt_perpetual,805,339,2026-09-24T03:45:00+00:00,NEUTRAL,-2,2,4,463,463,463,35.85313174946004,77.5377969762419,9.071274298056155,-0.17220421393842056,0.8860759493670711,-6.019,0.15562183915895922,1.5951489291368803,,,,
2026-09-24T04:09:33.365264+00:00,crypto_alt_usdt_perpetual,805,339,2026-09-24T04:00:00+00:00,NEUTRAL,-2,2,4,463,463,463,24.838012958963283,67.81857451403887,9.719222462203025,-0.48661800486619056,0.44543429844099425,-5.842,-0.23747437197013666,1.1797074118704898,,,,
2026-09-24T04:27:11.567984+00:00,crypto_alt_usdt_perpetual,805,339,2026-09-24T04:15:00+00:00,NEUTRAL,-2,2,4,463,463,463,21.598272138228943,69.54643628509719,9.287257019438444,-0.5761843790012766,0.6114130434782705,-5.954000000000001,-0.17382366019590978,1.4148257105703332,,,,
2026-09-24T04:40:51.455491+00:00,crypto_alt_usdt_perpetual,805,339,2026-09-24T04:30:00+00:00,NEUTRAL,1,3,2,463,463,463,50.75593952483801,74.73002159827213,9.503239740820735,0.03964583058015947,0.7652590816890958,-5.756,0.0,1.5192329961785545,,,,
2026-09-24T04:53:07.239438+00:00,crypto_alt_usdt_perpetual,805,339,2026-09-24T04:45:00+00:00,NEUTRAL,2,4,2,463,463,463,73.65010799136068,78.83369330453564,9.719222462203025,0.4260758414997845,1.0072450963067636,-5.6129999999999995,0.22296373058164898,1.9010368947920409,,,,
2026-09-24T05:08:50.420435+00:00,crypto_alt_usdt_perpetual,805,339,2026-09-24T05:00:00+00:00,NEUTRAL,2,4,2,463,463,463,89.8488120950324,85.52915766738661,11.879049676025918,0.9957107843137303,1.5756893640967773,-4.314,0.7031997929380585,2.4481640157267615,,,,
2026-09-24T05:25:54.061082+00:00,crypto_alt_usdt_perpetual,805,339,2026-09-24T05:15:00+00:00,NEUTRAL,2,4,2,463,463,463,94.81641468682506,88.55291576673866,11.01511879049676,1.5661599228402157,2.079679278376334,-4.721,1.107398020462791,3.075716336806511,,,,
2026-09-24T05:40:06.043301+00:00,crypto_alt_usdt_perpetual,805,339,2026-09-24T05:30:00+00:00,NEUTRAL,2,4,2,463,463,463,89.41684665226782,91.14470842332614,11.01511879049676,1.0705596107055904,2.191987906273618,-4.8340000000000005,1.2340346284963388,3.089654900344785,,,,
2026-09-24T05:53:05.991456+00:00,crypto_alt_usdt_perpetual,805,339,2026-09-24T05:45:00+00:00,NEUTRAL,2,4,2,463,463,463,84.23326133909288,90.06479481641469,11.879049676025918,0.7728401876897717,1.9863438857852245,-4.474,1.1259792959638082,2.836260154295278,,,,
2026-09-24T06:12:25.888996+00:00,crypto_alt_usdt_perpetual,805,339,2026-09-24T06:00:00+00:00,NEUTRAL,1,3,2,463,463,463,52.915766738660906,87.9049676025918,11.879049676025918,0.09564801530368428,1.8788105014308831,-4.737,0.921018363598114,2.707050450145898,,,,
2026-09-24T06:32:22.585540+00:00,crypto_alt_usdt_perpetual,805,339,2026-09-24T06:30:00+00:00,NEUTRAL,-2,2,4,463,463,463,37.149028077753776,85.31317494600432,11.663066954643629,-0.12231703410315875,1.416819012797066,-4.715,0.4617188384750115,2.226533031576683,,,,
2026-09-24T06:49:53.244128+00:00,crypto_alt_usdt_perpetual,805,339,2026-09-24T06:45:00+00:00,NEUTRAL,-2,2,4,463,463,463,37.79697624190065,78.18574514038878,10.799136069114471,-0.10384215991692258,0.9964412811387824,-5.131,0.24517385257301072,1.7497191073939766,,,,
2026-09-24T07:11:05.331755+00:00,crypto_alt_usdt_perpetual,805,339,2026-09-24T07:00:00+00:00,NEUTRAL,2,4,2,463,463,463,59.827213822894166,76.88984881209504,11.01511879049676,0.14450867052022698,0.7871359496232966,-5.041,0.11047885770859578,1.5636444645726666,,,,
2026-09-24T07:27:36.392011+00:00,crypto_alt_usdt_perpetual,805,339,2026-09-24T07:15:00+00:00,NEUTRAL,-2,2,4,463,463,463,34.341252699784015,67.60259179265658,11.44708423326134,-0.19672131147541183,0.45183815978642183,-4.983,-0.1980814375486306,1.2520892919089532,,,,
2026-09-24T07:40:26.661271+00:00,crypto_alt_usdt_perpetual,805,339,2026-09-24T07:30:00+00:00,NEUTRAL,-1,2,3,463,463,463,45.14038876889849,79.48164146868251,13.390928725701944,-0.05799623024502765,0.9282178217821624,-4.165,0.23389427058729817,1.7225274725274797,,,,
2026-09-24T07:53:01.719717+00:00,crypto_alt_usdt_perpetual,805,339,2026-09-24T07:45:00+00:00,NEUTRAL,2,4,2,463,463,463,58.09935205183585,84.66522678185746,14.038876889848812,0.11192637731625155,1.2416613916346186,-4.137,0.4885273106046806,1.9718060889408418,,,,
2026-09-24T08:10:26.244286+00:00,crypto_alt_usdt_perpetual,805,339,2026-09-24T08:00:00+00:00,NEUTRAL,2,4,2,463,463,463,64.79481641468682,87.47300215982722,14.68682505399568,0.24449877750611915,1.497761497761485,-3.7740000000000005,0.68570018391102,2.2905563574822763,,,,
2026-09-24T08:29:02.227499+00:00,crypto_alt_usdt_perpetual,805,339,2026-09-24T08:15:00+00:00,NEUTRAL,2,4,2,463,463,463,74.73002159827213,85.31317494600432,10.799136069114471,0.33734939759035854,1.3320177602367922,-5.1049999999999995,0.5953470582599318,2.1323898230953375,,,,
2026-09-24T08:43:07.049387+00:00,crypto_alt_usdt_perpetual,805,339,2026-09-24T08:30:00+00:00,NEUTRAL,-2,2,4,463,463,463,18.3585313174946,56.15550755939525,9.071274298056155,-0.6968641114982632,0.18695471541336772,-5.715,-0.5384204230104328,1.0131278905761376,,,,
2026-09-24T08:54:41.815836+00:00,crypto_alt_usdt_perpetual,805,339,2026-09-24T08:45:00+00:00,BEARISH,-6,0,6,463,463,463,9.287257019438444,38.44492440604752,10.799136069114471,-1.087866108786617,-0.2869066249347907,-5.029,-0.8851996636168424,0.4944728205715232,,,,
2026-09-24T09:09:44.803531+00:00,crypto_alt_usdt_perpetual,805,339,2026-09-24T09:00:00+00:00,BEARISH,-6,0,6,463,463,463,6.695464362850972,20.950323974082075,10.151187904967603,-1.4004149377593311,-0.9764646970455759,-5.782,-1.6898234263668488,-0.19365376011050706,,,,
2026-09-24T09:27:45.745552+00:00,crypto_alt_usdt_perpetual,805,339,2026-09-24T09:15:00+00:00,BEARISH,-6,0,6,463,463,463,3.4557235421166306,11.23110151187905,7.991360691144709,-1.8542083257589437,-2.0167627029858526,-6.841,-2.8192584828341802,-1.0971813788715146,,,,
2026-09-24T09:40:59.029862+00:00,crypto_alt_usdt_perpetual,805,339,2026-09-24T09:30:00+00:00,BEARISH,-6,0,6,463,463,463,6.479481641468682,8.855291576673865,8.207343412526997,-1.430310407790636,-2.3133148363614686,-6.8629999999999995,-3.1265497377757745,-1.486383038513156,,,,
2026-09-24T09:53:21.515751+00:00,crypto_alt_usdt_perpetual,805,339,2026-09-24T09:45:00+00:00,BEARISH,-6,0,6,463,463,463,6.479481641468682,7.775377969762419,8.639308855291576,-1.5259409969481275,-2.598457166057644,-6.748,-3.2913955442208707,-1.6812867743075222,,,,
2026-09-24T10:13:25.108366+00:00,crypto_alt_usdt_perpetual,805,339,2026-09-24T10:00:00+00:00,BEARISH,-6,0,6,463,463,463,8.639308855291576,8.423326133909287,8.207343412526997,-1.1796733212341204,-2.2471910112359605,-6.671,-2.9014394146592126,-1.464815667839614,,,,
2026-09-24T10:27:20.499640+00:00,crypto_alt_usdt_perpetual,805,339,2026-09-24T10:15:00+00:00,BEARISH,-6,0,6,463,463,463,18.3585313174946,7.991360691144709,8.423326133909287,-0.6383948928408656,-2.4419729206963336,-6.339,-3.1297449186661663,-1.5354089242487268,,,,
2026-09-24T10:40:33.317470+00:00,crypto_alt_usdt_perpetual,805,339,2026-09-24T10:30:00+00:00,BEARISH,-6,0,6,463,463,463,34.77321814254859,8.423326133909287,7.991360691144709,-0.18579138281872298,-2.405028696365119,-6.9430000000000005,-3.196930202176201,-1.579351029370285,,,,
2026-09-24T10:53:31.066669+00:00,crypto_alt_usdt_perpetual,805,339,2026-09-24T10:45:00+00:00,NEUTRAL,-2,2,4,463,463,463,62.41900647948164,9.503239740820735,8.207343412526997,0.23288309268747476,-2.2727272727272707,-6.436,-3.0431228448989325,-1.4093199071855467,,,,
2026-09-24T11:09:27.813773+00:00,crypto_alt_usdt_perpetual,805,339,2026-09-24T11:00:00+00:00,NEUTRAL,-2,2,4,463,463,463,76.24190064794817,11.01511879049676,9.503239740820735,0.4514136374435651,-1.9046463666141045,-6.032,-2.6610811371653886,-1.1053474929341556,,,,
2026-09-24T11:26:38.244224+00:00,crypto_alt_usdt_perpetual,805,339,2026-09-24T11:15:00+00:00,NEUTRAL,-2,2,4,463,463,463,87.6889848812095,15.550755939524837,11.44708423326134,0.7678883071553289,-1.386642015253059,-4.886,-2.063695067330312,-0.6610976509827837,,,,
2026-09-24T11:40:00.153586+00:00,crypto_alt_usdt_perpetual,805,339,2026-09-24T11:30:00+00:00,NEUTRAL,-2,2,4,463,463,463,88.98488120950324,13.174946004319654,11.663066954643629,0.7942238267147905,-1.5132408575031508,-4.848,-2.2037456241006117,-0.7495852665242497,,,,
2026-09-24T11:52:45.466814+00:00,crypto_alt_usdt_perpetual,805,339,2026-09-24T11:45:00+00:00,NEUTRAL,-2,2,4,463,463,463,83.36933045356372,12.742980561555076,9.719222462203025,0.6597985877994983,-1.7518730718378284,-5.404,-2.530368797405141,-1.0475555633372324,,,,
2026-09-24T12:12:01.967611+00:00,crypto_alt_usdt_perpetual,805,339,2026-09-24T12:00:00+00:00,NEUTRAL,-2,2,4,463,463,463,62.20302375809935,11.879049676025918,10.583153347732182,0.16012810248198228,-1.9032217937554385,-5.218,-2.6039332340728416,-1.1076391044937128,,,,
2026-09-24T12:32:34.241735+00:00,crypto_alt_usdt_perpetual,805,339,2026-09-24T12:30:00+00:00,NEUTRAL,-2,2,4,463,463,463,57.88336933045356,25.91792656587473,10.583153347732182,0.09646922631680876,-0.7739938080495334,-5.297000000000001,-1.4850489719141213,0.06415044164819195,,,,
2026-09-24T12:50:15.342031+00:00,crypto_alt_usdt_perpetual,805,339,2026-09-24T12:45:00+00:00,BEARISH,-6,0,6,463,463,463,40.8207343412527,24.838012958963283,10.151187904967603,-0.09784735812133905,-0.7789678675754641,-5.527,-1.5411388557552363,0.0,,,,
2026-09-24T13:10:56.733321+00:00,crypto_alt_usdt_perpetual,805,339,2026-09-24T13:00:00+00:00,NEUTRAL,-2,2,4,463,463,463,66.52267818574514,42.11663066954644,14.254859611231101,0.3017349761126553,-0.23359288097886122,-4.075,-0.9172721326016764,0.529059571773538,,,,
2026-09-24T13:28:36.046951+00:00,crypto_alt_usdt_perpetual,805,339,2026-09-24T13:15:00+00:00,NEUTRAL,2,4,2,463,463,463,77.96976241900649,75.80993520518359,13.822894168466522,0.5654123610840278,0.7616974972796564,-3.749,0.05197258254063808,1.6120426935561039,,,,
2026-09-24T13:42:48.842857+00:00,crypto_alt_usdt_perpetual,805,339,2026-09-24T13:30:00+00:00,NEUTRAL,2,4,2,463,463,463,87.9049676025918,87.47300215982722,14.038876889848812,1.0000000000000009,1.7251293847038607,-3.51,0.8580754811910563,2.7337837904632845,,,,
2026-09-24T13:54:41.404460+00:00,crypto_alt_usdt_perpetual,805,339,2026-09-24T13:45:00+00:00,NEUTRAL,2,4,2,463,463,463,92.65658747300216,91.57667386609072,15.334773218142548,1.5201900237529653,2.37067303985814,-3.1550000000000002,1.2743771899974554,3.2514554147374586,,,,
2026-09-24T14:09:50.987522+00:00,crypto_alt_usdt_perpetual,805,339,2026-09-24T14:00:00+00:00,NEUTRAL,2,4,2,463,463,463,92.87257019438445,91.14470842332614,27.645788336933045,1.4904517931998207,2.545968882602545,-1.545,1.5166063168902233,3.3644638419373485,,,,
2026-09-24T14:28:08.094341+00:00,crypto_alt_usdt_perpetual,805,339,2026-09-24T14:15:00+00:00,BULLISH,6,6,0,463,463,463,88.55291576673866,91.792656587473,80.77753779697625,1.3186139221097903,3.0374940673943973,2.214,1.8221141676703079,3.983042233118872,,,,
2026-09-24T14:42:52.539896+00:00,crypto_alt_usdt_perpetual,805,339,2026-09-24T14:30:00+00:00,BULLISH,6,6,0,463,463,463,95.46436285097192,96.76025917926566,74.29805615550755,2.3121387283237205,4.452359750667867,1.6310000000000002,2.911967653590064,5.756512101421185,,,,
2026-09-24T14:55:47.434041+00:00,crypto_alt_usdt_perpetual,805,339,2026-09-24T14:45:00+00:00,NEUTRAL,2,4,2,463,463,463,91.792656587473,95.46436285097192,44.70842332613391,1.7998560115190632,3.945544958017444,-0.27,2.632319878048317,5.0974520235509635,,,,
2026-09-24T15:10:22.943491+00:00,crypto_alt_usdt_perpetual,805,339,2026-09-24T15:00:00+00:00,BULLISH,5,5,0,463,463,463,65.87473002159827,89.20086393088553,51.61987041036717,0.328614762386259,2.4390243902439046,0.126,1.2482723128222073,3.3804437878274696,,,,
2026-09-24T15:28:56.785939+00:00,crypto_alt_usdt_perpetual,805,339,2026-09-24T15:15:00+00:00,BULLISH,6,6,0,463,463,463,58.31533477321814,88.76889848812095,69.3304535637149,0.15841584158415856,2.3880597014925176,1.3820000000000001,1.2365624151929877,3.336623474177436,,,,
2026-09-24T15:41:42.487850+00:00,crypto_alt_usdt_perpetual,805,339,2026-09-24T15:30:00+00:00,NEUTRAL,2,4,2,463,463,463,14.254859611231101,91.14470842332614,81.6414686825054,-0.8924684370918534,2.6611586127389675,2.585,1.4920539905182828,3.670771555674146,,,,
2026-09-24T15:53:31.030781+00:00,crypto_alt_usdt_perpetual,805,339,2026-09-24T15:45:00+00:00,BULLISH,6,6,0,463,463,463,55.93952483801296,92.87257019438445,85.52915766738661,0.10676916506513479,3.4278204035237403,3.202,2.0926230093258336,4.719490535708437,,,,
2026-09-24T16:10:16.367667+00:00,crypto_alt_usdt_perpetual,805,339,2026-09-24T16:00:00+00:00,BULLISH,6,6,0,463,463,463,92.87257019438445,92.22462203023758,79.04967602591793,1.2926159314913477,3.500805624725367,2.439,2.0509418707734706,4.747806805729626,,,,
2026-09-24T16:28:49.877733+00:00,crypto_alt_usdt_perpetual,805,339,2026-09-24T16:15:00+00:00,BULLISH,6,6,0,463,463,463,86.17710583153348,91.14470842332614,85.7451403887689,0.8563413553816623,3.2037253385549525,3.183,1.7484282685624741,4.340355119122563,,,,
2026-09-24T16:41:49.603038+00:00,crypto_alt_usdt_perpetual,805,339,2026-09-24T16:30:00+00:00,BULLISH,6,6,0,463,463,463,92.44060475161987,92.87257019438445,86.82505399568035,1.4269073966220125,4.138950480413883,3.528,2.5005358816374557,5.512637201754944,,,,
2026-09-24T16:53:35.181708+00:00,crypto_alt_usdt_perpetual,805,339,2026-09-24T16:45:00+00:00,BULLISH,6,6,0,463,463,463,83.36933045356372,94.81641468682506,87.47300215982722,0.7194244604316724,4.4557247602933,3.474,2.7938390620316,5.769739789062179,,,,
2026-09-24T17:08:43.658445+00:00,crypto_alt_usdt_perpetual,805,339,2026-09-24T17:00:00+00:00,BULLISH,6,6,0,463,463,463,76.45788336933046,93.9524838012959,88.55291576673866,0.495949743759283,3.8536179650679347,3.742,2.1441733537928886,5.021153581492155,,,,
2026-09-24T17:25:41.769716+00:00,crypto_alt_usdt_perpetual,805,339,2026-09-24T17:15:00+00:00,BULLISH,6,6,0,463,463,463,75.37796976241901,92.22462203023758,84.66522678185746,0.4137360364087739,3.0597014925373145,2.987,1.6752410082520819,4.183291896137719,,,,
2026-09-24T17:38:39.173150+00:00,crypto_alt_usdt_perpetual,805,339,2026-09-24T17:30:00+00:00,NEUTRAL,2,4,2,463,463,463,21.382289416846653,88.98488120950324,84.23326133909288,-0.5509641873278182,2.4272752782714457,2.9979999999999998,1.2028033393416182,3.4706352014317265,,,,
2026-09-24T17:51:37.055263+00:00,crypto_alt_usdt_perpetual,805,339,2026-09-24T17:45:00+00:00,NEUTRAL,2,4,2,463,463,463,11.44708423326134,84.88120950323975,81.8574514038877,-0.8130081300813052,1.8452803406671325,2.78,0.6900363790193209,2.8154885749467673,,,,
2026-09-24T18:11:18.453560+00:00,crypto_alt_usdt_perpetual,805,339,2026-09-24T18:00:00+00:00,NEUTRAL,2,4,2,463,463,463,15.334773218142548,82.07343412526998,83.15334773218143,-0.6516290726817031,1.5425065731814236,3.011,0.5197141135716454,2.5062268978832125,,,,
2026-09-24T18:30:05.825858+00:00,crypto_alt_usdt_perpetual,805,339,2026-09-24T18:30:00+00:00,NEUTRAL,2,4,2,463,463,463,14.254859611231101,65.87473002159827,85.31317494600432,-0.6129184347006045,0.5904059040590326,3.659,-0.41927968071866495,1.5679952420423637,,,,
2026-09-24T18:56:26.638225+00:00,crypto_alt_usdt_perpetual,805,339,2026-09-24T18:45:00+00:00,NEUTRAL,1,2,1,463,463,463,48.59611231101512,48.38012958963283,86.39308855291577,0.0,-0.039749577660730395,3.82,-0.899219365429843,0.8306474485401449,,,,
2026-09-24T19:09:02.833236+00:00,crypto_alt_usdt_perpetual,805,339,2026-09-24T19:00:00+00:00,BULLISH,6,6,0,463,463,463,71.05831533477321,86.17710583153348,87.25701943844493,0.3154574132492094,1.5119642387588783,4.074,0.6418948097021038,2.438776336920334,,,,
2026-09-24T19:25:03.483049+00:00,crypto_alt_usdt_perpetual,805,339,2026-09-24T19:15:00+00:00,BULLISH,6,6,0,463,463,463,73.4341252699784,79.91360691144709,87.6889848812095,0.38503850385038785,1.1132315521628522,4.172,0.34661328329042007,1.8942915451149012,,,,
2026-09-24T19:37:52.228183+00:00,crypto_alt_usdt_perpetual,805,339,2026-09-24T19:30:00+00:00,BULLISH,6,6,0,463,463,463,84.88120950323975,82.72138228941685,87.47300215982722,0.5877413937867448,1.0582010582010692,4.231,0.30899256254226515,1.80177427786119,,,,
2026-09-24T19:51:48.269704+00:00,crypto_alt_usdt_perpetual,805,339,2026-09-24T19:45:00+00:00,BULLISH,6,6,0,463,463,463,75.16198704103672,62.634989200863934,87.9049676025918,0.43699927166787056,0.3267659778952492,4.165,-0.43940863223204674,1.005459522160601,,,,
2026-09-24T20:10:26.366732+00:00,crypto_alt_usdt_perpetual,805,339,2026-09-24T20:00:00+00:00,BULLISH,4,4,0,463,463,463,49.46004319654428,57.66738660907127,88.12095032397409,0.0,0.22058823529411686,4.455,-0.4840449612917963,0.9266825210142993,,,,
2026-09-24T20:27:59.371740+00:00,crypto_alt_usdt_perpetual,805,339,2026-09-24T20:15:00+00:00,NEUTRAL,2,4,2,463,463,463,43.628509719222464,55.29157667386609,88.55291576673866,-0.06589785831960793,0.18682535289231694,4.412,-0.5812063250786537,0.9207094418362094,,,,
2026-09-24T20:41:14.034387+00:00,crypto_alt_usdt_perpetual,805,339,2026-09-24T20:30:00+00:00,NEUTRAL,-2,2,4,463,463,463,21.598272138228943,24.406047516198704,87.47300215982722,-0.3794219395156895,-0.7338225483655703,4.289,-1.4889404702405962,0.0,,,,
2026-09-24T20:53:38.734770+00:00,crypto_alt_usdt_perpetual,805,339,2026-09-24T20:45:00+00:00,NEUTRAL,-2,2,4,463,463,463,25.26997840172786,22.67818574514039,88.55291576673866,-0.3844809507165259,-0.761421319796951,4.607,-1.4299460160945243,-0.09227972650458494,,,,
2026-09-24T21:09:11.637091+00:00,crypto_alt_usdt_perpetual,805,339,2026-09-24T21:00:00+00:00,NEUTRAL,-2,2,4,463,463,463,28.077753779697623,29.58963282937365,88.12095032397409,-0.2424830261881672,-0.5344234720492391,4.649,-1.2212355415725629,0.16984260316144084,,,,
2026-09-24T21:25:35.315967+00:00,crypto_alt_usdt_perpetual,805,339,2026-09-24T21:15:00+00:00,NEUTRAL,-2,2,4,463,463,463,44.9244060475162,33.47732181425486,88.33693304535637,-0.04837409298575901,-0.3348618961288463,4.6850000000000005,-0.983364446506857,0.3071593488069291,,,,
2026-09-24T21:38:19.582127+00:00,crypto_alt_usdt_perpetual,805,339,2026-09-24T21:30:00+00:00,BULLISH,4,4,0,463,463,463,63.93088552915767,49.24406047516199,88.12095032397409,0.20362451639177603,0.0,4.505,-0.592145928379223,0.6240550989455751,,,,
2026-09-24T21:50:34.354309+00:00,crypto_alt_usdt_perpetual,805,339,2026-09-24T21:45:00+00:00,BULLISH,6,6,0,463,463,463,73.00215982721382,65.01079913606911,87.6889848812095,0.30683810637053277,0.3632236095346242,4.181,-0.2086082354099572,1.0908225055799137,,,,
2026-09-24T22:09:37.864848+00:00,crypto_alt_usdt_perpetual,805,339,2026-09-24T22:00:00+00:00,BULLISH,6,6,0,463,463,463,60.259179265658744,61.33909287257019,84.44924406047517,0.15486725663715895,0.2590673575129543,3.456,-0.3634789426029017,0.9352890707100214,,,,
2026-09-24T22:26:22.230251+00:00,crypto_alt_usdt_perpetual,805,339,2026-09-24T22:15:00+00:00,NEUTRAL,2,4,2,463,463,463,34.125269978401725,56.803455723542115,82.72138228941685,-0.18817204301075918,0.13913043478261944,3.312,-0.5212827663328645,0.8687179892776675,,,,
2026-09-24T22:38:27.205392+00:00,crypto_alt_usdt_perpetual,805,339,2026-09-24T22:30:00+00:00,NEUTRAL,-2,2,4,463,463,463,11.44708423326134,35.20518358531317,85.52915766738661,-0.7583250906693095,-0.3424657534246589,3.887,-0.94830147748729,0.356887352432278,,,,
2026-09-24T22:52:31.751522+00:00,crypto_alt_usdt_perpetual,805,339,2026-09-24T22:45:00+00:00,NEUTRAL,-2,2,4,463,463,463,9.287257019438444,30.885529157667385,82.72138228941685,-0.8146639511201648,-0.40055729710902765,3.601,-1.0329445740010046,0.22976260932465742,,,,
2026-09-24T23:08:57.405042+00:00,crypto_alt_usdt_perpetual,805,339,2026-09-24T23:00:00+00:00,NEUTRAL,-2,2,4,463,463,463,11.879049676025918,23.542116630669547,84.44924406047517,-0.6276150627615218,-0.7166624008190459,3.7089999999999996,-1.3259226232697596,-0.049127851508140585,,,,
2026-09-24T23:24:38.906118+00:00,crypto_alt_usdt_perpetual,805,339,2026-09-24T23:15:00+00:00,NEUTRAL,-2,2,4,463,463,463,29.58963282937365,29.37365010799136,82.72138228941685,-0.22998118335771922,-0.4617160446325541,3.467,-1.0664892327419462,0.1625029536389655,,,,
2026-09-24T23:38:13.741715+00:00,crypto_alt_usdt_perpetual,805,339,2026-09-24T23:30:00+00:00,NEUTRAL,2,4,2,463,463,463,71.05831533477321,23.974082073434126,84.88120950323975,0.22793878215563446,-0.6512729425695585,3.7769999999999997,-1.23945781632952,-0.030986190920256895,,,,
2026-09-24T23:50:59.359910+00:00,crypto_alt_usdt_perpetual,805,339,2026-09-24T23:45:00+00:00,NEUTRAL,2,4,2,463,463,463,73.4341252699784,23.974082073434126,83.36933045356372,0.2660753880266098,-0.6180144641683261,3.681,-1.2532621456505966,-0.036927366090033775,,,,
2026-09-25T00:13:40.653288+00:00,crypto_alt_usdt_perpetual,805,339,2026-09-25T00:00:00+00:00,NEUTRAL,2,4,2,463,463,463,71.92224622030237,29.15766738660907,86.39308855291577,0.25498725063748395,-0.4264392324093813,4.184,-1.0087995804333005,0.11633375072478414,,,,
2026-09-25T00:35:26.137544+00:00,crypto_alt_usdt_perpetual,805,339,2026-09-25T00:30:00+00:00,NEUTRAL,2,4,2,463,463,463,56.15550755939525,43.412526997840175,82.07343412526998,0.10373443983402453,-0.11623401782254739,3.562,-0.8110498003256805,0.519955268305694,,,,
2026-09-25T00:55:01.873663+00:00,crypto_alt_usdt_perpetual,805,339,2026-09-25T00:45:00+00:00,BULLISH,3,4,1,463,463,463,61.55507559395248,48.16414686825054,84.88120950323975,0.16108247422679245,-0.030003000300027338,3.8219999999999996,-0.6559745534387318,0.5965940562151828,,,,
2026-09-25T01:09:11.840469+00:00,crypto_alt_usdt_perpetual,805,339,2026-09-25T01:00:00+00:00,BULLISH,3,4,1,463,463,463,57.23542116630669,47.30021598272138,85.09719222462203,0.13236851394280436,-0.03947683486388298,4.032,-0.6674923144911304,0.5282886891198824,,,,
2026-09-25T01:25:08.732952+00:00,crypto_alt_usdt_perpetual,805,339,2026-09-25T01:15:00+00:00,BULLISH,5,5,0,463,463,463,50.75593952483801,63.06695464362851,85.7451403887689,0.020387359836893104,0.26501766784452485,4.073,-0.2474801336089516,0.9691741348788474,,,,
2026-09-25T01:37:53.051190+00:00,crypto_alt_usdt_perpetual,805,339,2026-09-25T01:30:00+00:00,NEUTRAL,0,2,2,463,463,463,47.084233261339094,33.69330453563715,81.8574514038877,0.0,-0.3531583594188814,3.3300000000000005,-0.9834742841811017,0.24397984948743012,,,,
2026-09-25T01:51:18.049087+00:00,crypto_alt_usdt_perpetual,805,339,2026-09-25T01:45:00+00:00,NEUTRAL,-2,2,4,463,463,463,24.406047516198704,22.4622030237581,84.44924406047517,-0.3470213996529914,-0.6980240549828265,3.8,-1.2995649117473806,-0.05111171235716028,,,,
2026-09-25T02:09:04.866455+00:00,crypto_alt_usdt_perpetual,805,339,2026-09-25T02:00:00+00:00,NEUTRAL,-2,2,4,463,463,463,22.24622030237581,22.03023758099352,87.47300215982722,-0.3971571906354554,-0.6396588486140775,4.3839999999999995,-1.206698214054025,-0.057580215908747956,,,,
2026-09-25T02:25:53.879733+00:00,crypto_alt_usdt_perpetual,805,339,2026-09-25T02:15:00+00:00,NEUTRAL,1,3,2,463,463,463,20.950323974082075,50.107991360691145,82.28941684665227,-0.4421768707482898,0.01795977011493921,3.206,-0.536279308137283,0.6581251091403839,,,,
2026-09-25T02:39:27.349665+00:00,crypto_alt_usdt_perpetual,805,339,2026-09-25T02:30:00+00:00,NEUTRAL,1,3,2,463,463,463,30.453563714902806,52.69978401727862,78.18574514038878,-0.28889806025588216,0.051242633871395604,2.287,-0.5203133310636154,0.74126986034867,,,,
2026-09-25T02:52:56.049022+00:00,crypto_alt_usdt_perpetual,805,339,2026-09-25T02:45:00+00:00,NEUTRAL,-2,2,4,463,463,463,16.414686825053995,28.94168466522678,74.08207343412526,-0.6922126081582269,-0.5487411233053519,1.548,-1.1735743556214873,0.10873109873960063,,,,
2026-09-25T03:09:17.883491+00:00,crypto_alt_usdt_perpetual,805,339,2026-09-25T03:00:00+00:00,NEUTRAL,-2,2,4,463,463,463,10.583153347732182,18.574514038876888,74.29805615550755,-0.7893041237113319,-0.7732422226218283,1.7409999999999999,-1.4569559853337133,-0.1993806813829102,,,,
2026-09-25T03:25:43.567011+00:00,crypto_alt_usdt_perpetual,805,339,2026-09-25T03:15:00+00:00,NEUTRAL,-2,2,4,463,463,463,5.615550755939525,19.00647948164147,72.78617710583153,-1.0833790455293313,-0.8247422680412453,1.8030000000000002,-1.4417391845487404,-0.19777986241401035,,,,
2026-09-25T03:40:36.293124+00:00,crypto_alt_usdt_perpetual,805,339,2026-09-25T03:30:00+00:00,NEUTRAL,-2,2,4,463,463,463,9.071274298056155,15.766738660907128,76.88984881209504,-0.9078212290502763,-1.027984009137628,2.0389999999999997,-1.6164905201419721,-0.3996168510551401,,,,
2026-09-25T03:53:16.459263+00:00,crypto_alt_usdt_perpetual,805,339,2026-09-25T03:45:00+00:00,NEUTRAL,-1,2,3,463,463,463,46.652267818574515,17.49460043196544,75.16198704103672,-0.039957378795940635,-0.8571428571428563,2.0140000000000002,-1.4152406260617922,-0.20929595570163273,,,,
2026-09-25T04:09:29.640766+00:00,crypto_alt_usdt_perpetual,805,339,2026-09-25T04:00:00+00:00,NEUTRAL,2,4,2,463,463,463,65.87473002159827,17.278617710583152,75.37796976241901,0.19120458891013214,-0.8943678994440263,2.121,-1.4100329949728374,-0.2703697511526437,,,,
2026-09-25T04:27:36.852135+00:00,crypto_alt_usdt_perpetual,805,339,2026-09-25T04:15:00+00:00,NEUTRAL,2,4,2,463,463,463,60.90712742980561,12.958963282937365,77.5377969762419,0.17820017820018297,-1.341795104261101,2.2800000000000002,-1.8532087012053278,-0.5778367520661742,,,,
2026-09-25T04:42:03.750237+00:00,crypto_alt_usdt_perpetual,805,339,2026-09-25T04:30:00+00:00,NEUTRAL,2,4,2,463,463,463,81.42548596112312,24.622030237580994,78.83369330453564,0.4549466965437565,-0.7023230686115545,2.365,-1.3178231749321256,0.0,,,,
2026-09-25T04:54:31.962342+00:00,crypto_alt_usdt_perpetual,805,339,2026-09-25T04:45:00+00:00,NEUTRAL,2,4,2,463,463,463,90.28077753779698,36.06911447084233,77.32181425485962,0.6869929337869563,-0.34305317324185847,2.004,-0.8466658602186705,0.37926236070219277,,,,
2026-09-25T05:08:33.753932+00:00,crypto_alt_usdt_perpetual,805,339,2026-09-25T05:00:00+00:00,NEUTRAL,2,4,2,463,463,463,78.83369330453564,27.645788336933045,61.98704103671706,0.4472605292582976,-0.5695409499943072,0.746,-1.115366866515044,0.0844409339313068,,,,
2026-09-25T05:26:07.569213+00:00,crypto_alt_usdt_perpetual,805,339,2026-09-25T05:15:00+00:00,NEUTRAL,2,4,2,463,463,463,55.0755939524838,11.01511879049676,64.36285097192224,0.08097165991902688,-1.199000832639463,0.9690000000000001,-1.8108411823750115,-0.6256471770266225,,,,
2026-09-25T05:40:42.232231+00:00,crypto_alt_usdt_perpetual,805,339,2026-09-25T05:30:00+00:00,NEUTRAL,-2,2,4,463,463,463,38.22894168466523,19.870410367170628,68.89848812095032,-0.13001083423618276,-0.771869639794176,1.099,-1.290252587220414,-0.1761442441054195,,,,
2026-09-25T05:54:08.401289+00:00,crypto_alt_usdt_perpetual,805,339,2026-09-25T05:45:00+00:00,NEUTRAL,-2,2,4,463,463,463,22.03023758099352,33.26133909287257,69.97840172786177,-0.3654822335025343,-0.3126221180148603,1.229,-0.8813158813980704,0.19188282551820812,,,,
2026-09-25T06:12:00.701979+00:00,crypto_alt_usdt_perpetual,805,339,2026-09-25T06:00:00+00:00,NEUTRAL,-2,2,4,463,463,463,39.956803455723545,37.365010799136066,68.25053995680345,-0.08556759840274708,-0.2023062917256735,0.988,-0.7692307692307665,0.309680082184427,,,,
2026-09-25T06:32:32.999729+00:00,crypto_alt_usdt_perpetual,805,339,2026-09-25T06:30:00+00:00,NEUTRAL,2,4,2,463,463,463,72.35421166306695,42.980561555075596,71.2742980561555,0.3582395087001089,-0.1437194596148328,1.204,-0.7678536119047896,0.4606542882405029,,,,
2026-09-25T06:50:49.645741+00:00,crypto_alt_usdt_perpetual,805,339,2026-09-25T06:45:00+00:00,BULLISH,4,4,0,463,463,463,48.16414686825054,63.71490280777538,68.03455723542116,0.0,0.3284842796808851,1.078,-0.32584847192111965,0.9928301562768249,,,,
2026-09-25T07:10:24.715291+00:00,crypto_alt_usdt_perpetual,805,339,2026-09-25T07:00:00+00:00,NEUTRAL,2,4,2,463,463,463,41.03671706263499,72.13822894168466,68.89848812095032,-0.09590026372572336,0.47687645919227695,1.2149999999999999,-0.05238878690952964,1.1665637068485557,,,,
2026-09-25T07:27:42.340691+00:00,crypto_alt_usdt_perpetual,805,339,2026-09-25T07:15:00+00:00,BULLISH,4,4,0,463,463,463,47.94816414686825,61.33909287257019,71.05831533477321,0.0,0.26532236667551334,1.4500000000000002,-0.31509762797979346,0.9616504825866734,,,,
2026-09-25T07:40:48.698222+00:00,crypto_alt_usdt_perpetual,805,339,2026-09-25T07:30:00+00:00,BULLISH,3,4,1,463,463,463,45.35637149028078,76.67386609071275,64.79481641468682,-0.034246575342467,0.6693440428380049,0.966,0.07590253672701275,1.389610668940655,,,,
2026-09-25T07:53:23.462958+00:00,crypto_alt_usdt_perpetual,805,339,2026-09-25T07:45:00+00:00,NEUTRAL,2,4,2,463,463,463,40.172786177105834,61.33909287257019,66.09071274298056,-0.07840062720501084,0.17256255392579245,1.068,-0.36637294037312196,0.8796521321171369,,,,
2026-09-25T08:09:52.862465+00:00,crypto_alt_usdt_perpetual,805,339,2026-09-25T08:00:00+00:00,BULLISH,6,6,0,463,463,463,74.73002159827213,77.96976241900649,69.3304535637149,0.38770423705343227,0.5823503061072044,1.331,0.07008748440761048,1.3342314431328606,,,,
2026-09-25T08:28:56.001710+00:00,crypto_alt_usdt_perpetual,805,339,2026-09-25T08:15:00+00:00,BULLISH,6,6,0,463,463,463,90.71274298056156,81.8574514038877,83.58531317494601,0.7113090961345048,0.7840342124020072,2.8209999999999997,0.20979770695110922,1.5477303751444516,,,,
2026-09-25T08:42:56.894162+00:00,crypto_alt_usdt_perpetual,805,339,2026-09-25T08:30:00+00:00,BULLISH,6,6,0,463,463,463,92.22462203023758,88.12095032397409,85.7451403887689,0.9733389758781241,1.2206013694551876,3.225,0.5613433868406292,2.033668882287154,,,,
2026-09-25T08:54:15.118814+00:00,crypto_alt_usdt_perpetual,805,339,2026-09-25T08:45:00+00:00,BULLISH,6,6,0,463,463,463,92.44060475161987,81.20950323974083,86.17710583153348,1.3022888713496217,0.7618241455930486,3.763,0.17068690343786663,1.5536034810758936,,,,
2026-09-25T09:09:28.970593+00:00,crypto_alt_usdt_perpetual,805,339,2026-09-25T09:00:00+00:00,BULLISH,6,6,0,463,463,463,89.63282937365011,86.60907127429806,86.39308855291577,0.864902266043921,1.1630434782608612,3.9210000000000003,0.5146706042902793,1.9428229976260925,,,,
2026-09-25T09:28:07.186751+00:00,crypto_alt_usdt_perpetual,805,339,2026-09-25T09:15:00+00:00,BULLISH,6,6,0,463,463,463,83.58531317494601,91.14470842332614,88.12095032397409,0.7000145836371541,1.5114578254510125,4.791,0.8339479484943291,2.2827728116941337,,,,
2026-09-25T09:41:55.951799+00:00,crypto_alt_usdt_perpetual,805,339,2026-09-25T09:30:00+00:00,BULLISH,6,6,0,463,463,463,67.60259179265658,91.57667386609072,89.41684665226782,0.2731742851939334,1.6586643387167088,5.308,0.9467992921623258,2.6296662304881258,,,,
2026-09-25T09:53:28.782261+00:00,crypto_alt_usdt_perpetual,805,339,2026-09-25T09:45:00+00:00,BULLISH,6,6,0,463,463,463,68.25053995680345,90.49676025917927,90.71274298056156,0.3308519437551727,1.579734529818655,5.069,0.7947235564342736,2.3230479470738974,,,,
2026-09-25T10:09:28.034673+00:00,crypto_alt_usdt_perpetual,805,339,2026-09-25T10:00:00+00:00,BULLISH,6,6,0,463,463,463,61.55507559395248,90.06479481641469,90.49676025917927,0.17473353136465697,1.4676889375684343,5.072,0.7207295637268629,2.2582124750211707,,,,
2026-09-25T10:27:18.394257+00:00,crypto_alt_usdt_perpetual,805,339,2026-09-25T10:15:00+00:00,NEUTRAL,2,4,2,463,463,463,42.54859611231102,89.41684665226782,91.57667386609072,-0.09330098899048567,1.4553990610328693,5.066,0.6833774530471848,2.2932087224771136,,,,
2026-09-25T10:40:47.520308+00:00,crypto_alt_usdt_perpetual,805,339,2026-09-25T10:30:00+00:00,BULLISH,5,5,0,463,463,463,50.53995680345572,87.9049676025918,91.57667386609072,0.014779781259233182,1.2856568903174104,5.232,0.6405140945431875,2.286114295281627,,,,
2026-09-25T10:53:10.336084+00:00,crypto_alt_usdt_perpetual,805,339,2026-09-25T10:45:00+00:00,BULLISH,4,4,0,463,463,463,47.73218142548596,91.57667386609072,90.71274298056156,0.0,1.5144644962365117,4.848,0.8060210696845038,2.5245198232702326,,,,
2026-09-25T11:09:29.956549+00:00,crypto_alt_usdt_perpetual,805,339,2026-09-25T11:00:00+00:00,BULLISH,6,6,0,463,463,463,59.611231101511876,92.65658747300216,90.28077753779698,0.13362284950726444,1.6183986371379966,5.2,0.9320159923528637,2.6224816849816923,,,,
2026-09-25T11:26:51.221614+00:00,crypto_alt_usdt_perpetual,805,339,2026-09-25T11:15:00+00:00,BULLISH,6,6,0,463,463,463,94.38444924406048,95.68034557235421,89.63282937365011,1.1563440519562818,2.6582979508953164,4.968999999999999,1.6564515554288506,3.8594336745033764,,,,
2026-09-25T11:41:02.076447+00:00,crypto_alt_usdt_perpetual,805,339,2026-09-25T11:30:00+00:00,BULLISH,6,6,0,463,463,463,86.39308855291577,92.65658747300216,90.71274298056156,0.8935824532900094,2.249824232481834,5.407,1.3079656756522562,3.367579866407977,,,,
2026-09-25T11:53:23.413648+00:00,crypto_alt_usdt_perpetual,805,339,2026-09-25T11:45:00+00:00,BULLISH,6,6,0,463,463,463,82.07343412526998,92.65658747300216,89.63282937365011,0.7230594999564355,2.52828446086355,5.572,1.4104260307426841,3.7526606797646966,,,,
2026-09-25T12:12:15.056737+00:00,crypto_alt_usdt_perpetual,805,339,2026-09-25T12:00:00+00:00,BULLISH,6,6,0,463,463,463,68.68250539956803,86.17710583153348,89.8488120950324,0.35020334387709795,1.7846665362800662,5.137,0.6731967296182528,2.826787337268566,,,,
2026-09-25T12:32:24.686188+00:00,crypto_alt_usdt_perpetual,805,339,2026-09-25T12:30:00+00:00,NEUTRAL,2,4,2,463,463,463,17.062634989200863,62.850971922246224,88.98488120950324,-0.7686230971240771,0.546897686574388,4.801,-0.4950038858170802,1.4875877286854688,,,,
2026-09-25T12:50:28.015351+00:00,crypto_alt_usdt_perpetual,805,339,2026-09-25T12:45:00+00:00,NEUTRAL,2,4,2,463,463,463,29.58963282937365,70.41036717062634,89.41684665226782,-0.31678986272439813,0.8132530120481762,5.147,-0.12162310625192241,2.058051239922609,,,,
2026-09-25T13:11:35.688907+00:00,crypto_alt_usdt_perpetual,805,339,2026-09-25T13:00:00+00:00,BULLISH,5,5,0,463,463,463,53.347732181425485,74.94600431965442,87.47300215982722,0.06079951360389302,0.9218255761409999,4.606,0.009689922480615731,1.973973493233927,,,,
2026-09-25T13:28:24.670651+00:00,crypto_alt_usdt_perpetual,805,339,2026-09-25T13:15:00+00:00,BULLISH,6,6,0,463,463,463,68.03455723542116,74.08207343412526,83.58531317494601,0.3530450132391838,0.8947592671495697,3.5900000000000003,-0.025603509185118112,1.928708680140656,,,,
2026-09-25T13:41:44.087166+00:00,crypto_alt_usdt_perpetual,805,339,2026-09-25T13:30:00+00:00,BULLISH,6,6,0,463,463,463,58.09935205183585,62.20302375809935,82.07343412526998,0.13095238095237605,0.3614457831325302,3.2239999999999998,-0.41378520999493795,1.2681642179669717,,,,
2026-09-25T13:54:12.496754+00:00,crypto_alt_usdt_perpetual,805,339,2026-09-25T13:45:00+00:00,NEUTRAL,-1,2,3,463,463,463,17.49460043196544,47.51619870410367,79.48164146868251,-0.578034682080919,-0.07800312012480326,2.6950000000000003,-0.7981475428355422,0.7094456168343033,,,,
2026-09-25T14:10:28.064901+00:00,crypto_alt_usdt_perpetual,805,339,2026-09-25T14:00:00+00:00,NEUTRAL,-2,2,4,463,463,463,11.879049676025918,44.27645788336933,69.11447084233261,-0.7740825688073327,-0.14698677119059367,1.471,-0.8649958083726372,0.6751636630904834,,,,
2026-09-25T14:28:36.250360+00:00,crypto_alt_usdt_perpetual,805,339,2026-09-25T14:15:00+00:00,NEUTRAL,-2,2,4,463,463,463,7.1274298056155505,31.101511879049674,55.93952483801296,-1.4135789248233,-0.5137950450450512,0.293,-1.2785355955132194,0.36630449620319583,,,,
2026-09-25T14:42:47.348577+00:00,crypto_alt_usdt_perpetual,805,339,2026-09-25T14:30:00+00:00,NEUTRAL,-2,2,4,463,463,463,10.799136069114471,31.533477321814257,61.98704103671706,-0.8330939385234215,-0.5587510271158669,0.79,-1.370627006554781,0.2348694552112729,,,,
2026-09-25T14:55:07.962885+00:00,crypto_alt_usdt_perpetual,805,339,2026-09-25T14:45:00+00:00,NEUTRAL,-2,2,4,463,463,463,30.453563714902806,34.341252699784015,80.34557235421167,-0.2869166029074166,-0.40357957536409916,2.35,-1.2196960988318406,0.36837203983846045,,,,
2026-09-25T15:10:15.503859+00:00,crypto_alt_usdt_perpetual,805,339,2026-09-25T15:00:00+00:00,BULLISH,5,5,0,463,463,463,71.05831533477321,50.107991360691145,80.56155507559396,0.3323363243602495,0.0063518949820151605,2.424,-0.8994462074544185,0.9703593215050876,,,,
2026-09-25T15:28:02.911334+00:00,crypto_alt_usdt_perpetual,805,339,2026-09-25T15:15:00+00:00,NEUTRAL,2,4,2,463,463,463,92.0086393088553,30.021598272138228,75.16198704103672,1.04302477183833,-0.6961364427427785,1.7399999999999998,-1.3780356711155517,0.1882074981672477,,,,
2026-09-25T15:40:14.514142+00:00,crypto_alt_usdt_perpetual,805,339,2026-09-25T15:30:00+00:00,NEUTRAL,2,4,2,463,463,463,79.91360691144709,22.67818574514039,60.259179265658744,0.5202628696604705,-0.9294047854459198,0.8019999999999999,-1.7567481010744401,-0.08132515496286907,,,,
2026-09-25T15:52:23.179688+00:00,crypto_alt_usdt_perpetual,805,339,2026-09-25T15:45:00+00:00,NEUTRAL,-2,2,4,463,463,463,41.68466522678186,14.254859611231101,56.371490280777536,-0.09749756256093312,-1.2380952380952381,0.539,-2.047816504973188,-0.4762759806547556,,,,
2026-09-25T16:10:32.450455+00:00,crypto_alt_usdt_perpetual,805,339,2026-09-25T16:00:00+00:00,NEUTRAL,-2,2,4,463,463,463,22.24622030237581,23.326133909287257,72.35421166306695,-0.4024767801857565,-0.7411067193675902,1.462,-1.5838030104716294,-0.07822409618424842,,,,
2026-09-25T16:29:04.640510+00:00,crypto_alt_usdt_perpetual,805,339,2026-09-25T16:15:00+00:00,NEUTRAL,0,2,2,463,463,463,42.54859611231102,49.24406047516199,58.96328293736501,-0.07400098667982302,0.0,0.617,-0.835442547569154,0.7960507657402083,,,,
2026-09-25T16:44:12.503011+00:00,crypto_alt_usdt_perpetual,805,339,2026-09-25T16:30:00+00:00,BULLISH,6,6,0,463,463,463,74.73002159827213,60.475161987041034,59.827213822894166,0.4324843825084246,0.2838709677419393,0.6649999999999999,-0.5069668792971993,1.1696503133755365,,,,
2026-09-25T16:54:43.295795+00:00,crypto_alt_usdt_perpetual,805,339,2026-09-25T16:45:00+00:00,BULLISH,5,5,0,463,463,463,91.792656587473,52.48380129589633,61.1231101511879,0.9880395215808635,0.09942334460131264,0.744,-0.7429406889297996,0.814975938253526,,,,
2026-09-25T17:08:31.770025+00:00,crypto_alt_usdt_perpetual,805,339,2026-09-25T17:00:00+00:00,NEUTRAL,2,4,2,463,463,463,72.57019438444924,36.93304535637149,64.36285097192224,0.42562724014336695,-0.3379483266107153,0.992,-1.1775500004913397,0.41370370510721566,,,,
2026-09-25T17:26:03.138829+00:00,crypto_alt_usdt_perpetual,805,339,2026-09-25T17:15:00+00:00,BULLISH,3,4,1,463,463,463,66.30669546436285,47.084233261339094,68.03455723542116,0.23474178403755097,-0.09652509652509078,1.133,-0.8630324419272417,0.6978397646921208,,,,
2026-09-25T17:40:18.741855+00:00,crypto_alt_usdt_perpetual,805,339,2026-09-25T17:30:00+00:00,NEUTRAL,-1,2,3,463,463,463,34.341252699784015,46.652267818574515,66.30669546436285,-0.2467612584824086,-0.03282275711160576,1.093,-0.9336994095788975,0.6551372831483881,,,,
2026-09-25T17:53:41.830611+00:00,crypto_alt_usdt_perpetual,805,339,2026-09-25T17:45:00+00:00,NEUTRAL,2,4,2,463,463,463,37.365010799136066,65.01079913606911,71.05831533477321,-0.14124293785310327,0.4629629629629761,1.279,-0.31794272811658253,1.2442919515649797,,,,
2026-09-25T18:10:45.610403+00:00,crypto_alt_usdt_perpetual,805,339,2026-09-25T18:00:00+00:00,BULLISH,6,6,0,463,463,463,55.72354211663067,66.52267818574514,76.02591792656588,0.09317927692882311,0.42138530418751596,1.789,-0.19213194677699108,1.2775994013858094,,,,
2026-09-25T18:28:21.089689+00:00,crypto_alt_usdt_perpetual,805,339,2026-09-25T18:15:00+00:00,BULLISH,5,5,0,463,463,463,50.107991360691145,87.6889848812095,77.32181425485962,0.005669898508831039,1.3354360299298706,1.8849999999999998,0.6374752871479372,2.0962369011349624,,,,
2026-09-25T18:42:35.748524+00:00,crypto_alt_usdt_perpetual,805,339,2026-09-25T18:30:00+00:00,BULLISH,6,6,0,463,463,463,77.5377969762419,85.7451403887689,76.88984881209504,0.4092769440654953,1.171499903975426,1.798,0.46973319659956436,1.8593149010992849,,,,
2026-09-25T18:54:26.257740+00:00,crypto_alt_usdt_perpetual,805,339,2026-09-25T18:45:00+00:00,BULLISH,6,6,0,463,463,463,71.05831533477321,83.36933045356372,75.37796976241901,0.29317697228143924,1.053811659192827,1.699,0.35334896625978107,1.8234260671875169,,,,
2026-09-25T19:08:19.318762+00:00,crypto_alt_usdt_perpetual,805,339,2026-09-25T19:00:00+00:00,BULLISH,6,6,0,463,463,463,79.6976241900648,76.24190064794817,76.02591792656588,0.45098039215685226,0.6137255876360381,1.8339999999999999,0.04869967482982185,1.2902593599020573,,,,
2026-09-25T19:24:31.264009+00:00,crypto_alt_usdt_perpetual,805,339,2026-09-25T19:15:00+00:00,BULLISH,6,6,0,463,463,463,70.19438444924405,71.05831533477321,72.57019438444924,0.28567347521781805,0.5124450951683901,1.562,-0.15284317107145395,1.2614065756851867,,,,
2026-09-25T19:38:02.146248+00:00,crypto_alt_usdt_perpetual,805,339,2026-09-25T19:30:00+00:00,BULLISH,6,6,0,463,463,463,58.31533477321814,78.18574514038878,70.62634989200863,0.07722007722006374,0.7017543859649145,1.35,0.10990441540175144,1.451814336168522,,,,
2026-09-25T19:52:14.013096+00:00,crypto_alt_usdt_perpetual,805,339,2026-09-25T19:45:00+00:00,NEUTRAL,2,4,2,463,463,463,41.68466522678186,87.47300215982722,71.92224622030237,-0.06813149378299688,1.1062590975254638,1.434,0.4750832784830794,1.869470825981956,,,,
2026-09-25T20:08:57.711439+00:00,crypto_alt_usdt_perpetual,805,339,2026-09-25T20:00:00+00:00,NEUTRAL,2,4,2,463,463,463,37.58099352051836,84.01727861771059,74.51403887688984,-0.10380982040899545,0.9345794392523255,1.5310000000000001,0.3104004213609457,1.6177174589496857,,,,
2026-09-25T20:25:45.353382+00:00,crypto_alt_usdt_perpetual,805,339,2026-09-25T20:15:00+00:00,NEUTRAL,2,4,2,463,463,463,42.980561555075596,73.4341252699784,79.48164146868251,-0.0535905680600246,0.5144326950557332,2.119,-0.01402085105574602,1.2908930764210291,,,,
2026-09-25T20:40:41.546895+00:00,crypto_alt_usdt_perpetual,805,339,2026-09-25T20:30:00+00:00,BULLISH,6,6,0,463,463,463,74.29805615550755,79.04967602591793,81.20950323974083,0.3755990156715461,0.6716204629894307,2.431,0.1321241355496272,1.369359179745555,,,,
2026-09-25T20:53:13.672412+00:00,crypto_alt_usdt_perpetual,805,339,2026-09-25T20:45:00+00:00,BULLISH,6,6,0,463,463,463,85.09719222462203,82.07343412526998,78.83369330453564,0.5984042553191404,0.7616974972796564,2.083,0.1716149330597494,1.4881293917870297,,,,
2026-09-25T21:09:30.202800+00:00,crypto_alt_usdt_perpetual,805,339,2026-09-25T21:00:00+00:00,BULLISH,6,6,0,463,463,463,58.53131749460043,75.80993520518359,71.70626349892008,0.13626298756599375,0.637254901960782,1.4449999999999998,0.031418740986122184,1.3106983659849192,,,,
2026-09-25T21:26:03.515611+00:00,crypto_alt_usdt_perpetual,805,339,2026-09-25T21:15:00+00:00,NEUTRAL,-2,2,4,463,463,463,22.03023758099352,43.196544276457885,65.65874730021598,-0.4149377593360981,-0.11672679865384339,0.9860000000000001,-0.6814574634736337,0.5467809380011679,,,,
2026-09-25T21:40:13.692530+00:00,crypto_alt_usdt_perpetual,805,339,2026-09-25T21:30:00+00:00,NEUTRAL,1,3,2,463,463,463,8.639308855291576,53.347732181425485,65.2267818574514,-0.874369445111689,0.09103914683314951,0.878,-0.5780987768227663,0.8779222594112235,,,,
2026-09-25T21:53:03.818614+00:00,crypto_alt_usdt_perpetual,805,339,2026-09-25T21:45:00+00:00,NEUTRAL,-2,2,4,463,463,463,5.831533477321814,42.980561555075596,66.52267818574514,-1.093038386467149,-0.15883520847121968,0.9820000000000001,-0.7140166591704911,0.5287947007730609,,,,
2026-09-25T22:09:25.841845+00:00,crypto_alt_usdt_perpetual,805,339,2026-09-25T22:00:00+00:00,NEUTRAL,-2,2,4,463,463,463,13.822894168466522,41.68466522678186,72.13822894168466,-0.6765899864682012,-0.12960082944530882,1.452,-0.7105244574041769,0.473793467491046,,,,
2026-09-25T22:25:52.483948+00:00,crypto_alt_usdt_perpetual,805,339,2026-09-25T22:15:00+00:00,BULLISH,4,4,0,463,463,463,64.57883369330453,49.892008639308855,80.56155507559396,0.1566416040100327,0.0,2.371,-0.5152429130086678,0.6471389184858456,,,,
2026-09-25T22:39:29.762465+00:00,crypto_alt_usdt_perpetual,805,339,2026-09-25T22:30:00+00:00,BULLISH,6,6,0,463,463,463,86.60907127429806,60.259179265658744,84.66522678185746,0.6029544769369899,0.22060445621001623,2.701,-0.2973195135173412,0.8837841426551862,,,,
2026-09-25T22:52:35.164464+00:00,crypto_alt_usdt_perpetual,805,339,2026-09-25T22:45:00+00:00,BULLISH,6,6,0,463,463,463,94.81641468682506,76.02591792656588,85.52915766738661,1.0935521892871058,0.5965981213506,2.836,0.04328159890671923,1.2411473436694465,,,,
2026-09-25T23:09:23.680866+00:00,crypto_alt_usdt_perpetual,805,339,2026-09-25T23:00:00+00:00,BULLISH,6,6,0,463,463,463,94.81641468682506,73.86609071274297,83.8012958963283,1.2463343108504388,0.5943536404160454,2.553,0.0,1.2086043106677158,,,,
2026-09-25T23:24:31.018247+00:00,crypto_alt_usdt_perpetual,805,339,2026-09-25T23:15:00+00:00,BULLISH,6,6,0,463,463,463,92.44060475161987,76.24190064794817,84.01727861771059,0.8574807806031925,0.6059270684146689,2.8449999999999998,0.04393780173924666,1.2585542058496269,,,,
2026-09-25T23:37:57.696353+00:00,crypto_alt_usdt_perpetual,805,339,2026-09-25T23:30:00+00:00,BULLISH,6,6,0,463,463,463,88.76889848812095,80.77753779697625,82.72138228941685,0.6568613451378047,0.8671609903229793,2.701,0.19767398728485208,1.4387950495629243,,,,
2026-09-25T23:50:54.126122+00:00,crypto_alt_usdt_perpetual,805,339,2026-09-25T23:45:00+00:00,BULLISH,6,6,0,463,463,463,64.14686825053995,83.15334773218143,84.66522678185746,0.16810254255095192,0.8895866038723277,2.844,0.3016731176088361,1.4860629890674493,,,,
2026-09-26T00:12:19.561113+00:00,crypto_alt_usdt_perpetual,805,339,2026-09-26T00:00:00+00:00,BULLISH,6,6,0,463,463,463,65.65874730021598,83.8012958963283,81.8574514038877,0.1865671641791078,0.9734939759036276,2.5829999999999997,0.32873719408580415,1.554795858846103,,,,
2026-09-26T00:32:16.865513+00:00,crypto_alt_usdt_perpetual,805,339,2026-09-26T00:30:00+00:00,BULLISH,6,6,0,463,463,463,55.93952483801296,71.05831533477321,84.88120950323975,0.09350163627863672,0.47230571060541404,2.694,-0.11364223958875153,1.0632768610197796,,,,
2026-09-26T00:49:14.182666+00:00,crypto_alt_usdt_perpetual,805,339,2026-09-26T00:45:00+00:00,NEUTRAL,-2,2,4,463,463,463,26.781857451403887,43.412526997840175,81.42548596112312,-0.3538311371400593,-0.11547344110853786,2.4699999999999998,-0.6892618158029995,0.501529201591755,,,,
2026-09-26T01:08:00.578270+00:00,crypto_alt_usdt_perpetual,805,339,2026-09-26T01:00:00+00:00,NEUTRAL,2,4,2,463,463,463,17.71058315334773,64.14686825053995,76.02591792656588,-0.5800464037122977,0.2861413623745479,1.9689999999999999,-0.31202463096151045,0.8073035364774661,,,,
2026-09-26T01:24:36.722746+00:00,crypto_alt_usdt_perpetual,805,339,2026-09-26T01:15:00+00:00,NEUTRAL,2,4,2,463,463,463,14.254859611231101,74.73002159827213,80.77753779697625,-0.7065948855989213,0.6081245439065963,2.181,0.0,1.2624497237501031,,,,
2026-09-26T01:38:43.540503+00:00,crypto_alt_usdt_perpetual,805,339,2026-09-26T01:30:00+00:00,NEUTRAL,2,4,2,463,463,463,17.92656587473002,82.50539956803456,85.52915766738661,-0.5900461775269372,0.8514851485148522,2.891,0.2793910227569585,1.355452662677581,,,,
2026-09-26T01:52:16.492771+00:00,crypto_alt_usdt_perpetual,805,339,2026-09-26T01:45:00+00:00,BULLISH,6,6,0,463,463,463,62.850971922246224,88.33693304535637,82.72138228941685,0.19149751053235686,1.170103846716386,2.698,0.5779069144050797,1.8510763103198435,,,,
2026-09-26T02:08:53.690641+00:00,crypto_alt_usdt_perpetual,805,339,2026-09-26T02:00:00+00:00,BULLISH,6,6,0,463,463,463,58.53131749460043,85.52915766738661,79.04967602591793,0.14867677668748414,1.092342342342345,2.17,0.41757673647436766,1.6972697617453014,,,,
2026-09-26T02:25:56.022628+00:00,crypto_alt_usdt_perpetual,805,339,2026-09-26T02:15:00+00:00,BULLISH,6,6,0,463,463,463,72.13822894168466,75.37796976241901,82.93736501079914,0.2915451895043608,0.7122507122507171,2.544,0.030804710918741485,1.35477010747721,,,,
2026-09-26T02:39:22.256939+00:00,crypto_alt_usdt_perpetual,805,339,2026-09-26T02:30:00+00:00,BULLISH,6,6,0,463,463,463,69.54643628509719,69.54643628509719,86.82505399568035,0.2581120943952797,0.4593929450369183,3.2960000000000003,-0.13096615780576748,1.0130301443860845,,,,
2026-09-26T02:52:43.153909+00:00,crypto_alt_usdt_perpetual,805,339,2026-09-26T02:45:00+00:00,NEUTRAL,-2,2,4,463,463,463,32.18142548596112,42.54859611231102,88.33693304535637,-0.22105263157894406,-0.15263846489316224,3.573,-0.7903613517438957,0.45198347921305837,,,,
2026-09-26T03:09:02.065568+00:00,crypto_alt_usdt_perpetual,805,339,2026-09-26T03:00:00+00:00,NEUTRAL,-2,2,4,463,463,463,31.533477321814257,29.37365010799136,85.31317494600432,-0.21799594076524764,-0.4041570438799158,2.992,-0.9620546203187919,0.20808172335500252,,,,
2026-09-26T03:25:57.961433+00:00,crypto_alt_usdt_perpetual,805,339,2026-09-26T03:15:00+00:00,NEUTRAL,-2,2,4,463,463,463,15.118790496760258,20.518358531317496,85.31317494600432,-0.5424321959754952,-0.7961079168509633,2.992,-1.4340462858061398,-0.1352337259438452,,,,
2026-09-26T03:40:10.562760+00:00,crypto_alt_usdt_perpetual,805,339,2026-09-26T03:30:00+00:00,NEUTRAL,-2,2,4,463,463,463,17.71058315334773,21.814254859611232,84.44924406047517,-0.5221932114882533,-0.7855116735762779,2.991,-1.346549242268802,-0.09570304423044407,,,,
2026-09-26T03:52:29.286645+00:00,crypto_alt_usdt_perpetual,805,339,2026-09-26T03:45:00+00:00,NEUTRAL,-2,2,4,463,463,463,17.92656587473002,19.22246220302376,83.8012958963283,-0.4731133164089574,-0.8344923504867929,2.919,-1.4308021232600832,-0.2382591851327831,,,,
2026-09-26T04:09:32.175731+00:00,crypto_alt_usdt_perpetual,805,339,2026-09-26T04:00:00+00:00,NEUTRAL,-2,2,4,463,463,463,21.814254859611232,17.49460043196544,84.44924406047517,-0.3582395087000978,-0.9650735294117752,3.253,-1.5776194289910173,-0.40150911580960624,,,,
2026-09-26T04:26:14.606518+00:00,crypto_alt_usdt_perpetual,805,339,2026-09-26T04:15:00+00:00,NEUTRAL,2,4,2,463,463,463,71.49028077753779,24.406047516198704,80.99352051835854,0.3377563329312494,-0.6685074843772787,2.947,-1.2472866372408464,-0.03147632120486521,,,,
2026-09-26T04:40:00.485425+00:00,crypto_alt_usdt_perpetual,805,339,2026-09-26T04:30:00+00:00,NEUTRAL,1,3,2,463,463,463,54.64362850971922,21.382289416846653,79.26565874730022,0.10266940451744144,-0.7664884135472394,2.328,-1.3492685612905564,-0.12743003725366187,,,,
2026-09-26T04:52:23.605865+00:00,crypto_alt_usdt_perpetual,805,339,2026-09-26T04:45:00+00:00,NEUTRAL,2,4,2,463,463,463,59.827213822894166,33.26133909287257,81.20950323974083,0.12863390789812357,-0.3500583430571802,2.506,-0.9130375712529559,0.27033005867121984,,,,
2026-09-26T05:08:55.224583+00:00,crypto_alt_usdt_perpetual,805,339,2026-09-26T05:00:00+00:00,NEUTRAL,2,4,2,463,463,463,67.170626349892,43.196544276457885,82.50539956803456,0.2791814835610529,-0.09727626459145045,2.742,-0.7040017246972063,0.5216056154214943,,,,
2026-09-26T05:25:14.024729+00:00,crypto_alt_usdt_perpetual,805,339,2026-09-26T05:15:00+00:00,NEUTRAL,-2,2,4,463,463,463,31.965442764578835,42.76457883369331,84.01727861771059,-0.23314749113027,-0.15681003584230302,2.7449999999999997,-0.7933510169759184,0.5000823085787087,,,,
2026-09-26T05:38:47.042185+00:00,crypto_alt_usdt_perpetual,805,339,2026-09-26T05:30:00+00:00,NEUTRAL,-2,2,4,463,463,463,36.93304535637149,34.341252699784015,82.50539956803456,-0.16289592760181382,-0.35786177588906787,2.546,-0.8558833402125099,0.36498076034272575,,,,
2026-09-26T05:51:51.157602+00:00,crypto_alt_usdt_perpetual,805,339,2026-09-26T05:45:00+00:00,NEUTRAL,2,4,2,463,463,463,60.259179265658744,34.77321814254859,83.15334773218143,0.15148646089755413,-0.3873466752743804,2.694,-1.0340167272535117,0.2758746690174396,,,,
2026-09-26T06:11:44.838116+00:00,crypto_alt_usdt_perpetual,805,339,2026-09-26T06:00:00+00:00,NEUTRAL,-2,2,4,463,463,463,40.60475161987041,34.125269978401725,84.01727861771059,-0.14587892049598983,-0.41928721174003813,2.706,-0.9871958706512474,0.3203366089904236,,,,
2026-09-26T06:31:07.557505+00:00,crypto_alt_usdt_perpetual,805,339,2026-09-26T06:30:00+00:00,NEUTRAL,2,4,2,463,463,463,61.98704103671706,36.06911447084233,82.72138228941685,0.1816118047673232,-0.32165832737669486,2.566,-1.1278796765423205,0.3889369740050941,,,,
2026-09-26T06:58:05.652694+00:00,crypto_alt_usdt_perpetual,805,339,2026-09-26T06:45:00+00:00,BULLISH,5,5,0,463,463,463,59.611231101511876,51.18790496760259,86.17710583153348,0.15420200462605838,0.03471351705783832,3.039,-0.7106693264407715,0.8548004648904151,,,,
2026-09-26T07:09:55.949618+00:00,crypto_alt_usdt_perpetual,805,339,2026-09-26T07:00:00+00:00,BULLISH,6,6,0,463,463,463,67.3866090712743,55.0755939524838,88.12095032397409,0.2725724020443021,0.1266624445851683,3.2439999999999998,-0.6160366079009938,0.9891067511812457,,,,
2026-09-26T07:25:24.820153+00:00,crypto_alt_usdt_perpetual,805,339,2026-09-26T07:15:00+00:00,BULLISH,6,6,0,463,463,463,82.28941684665227,72.35421166306695,85.96112311015119,0.6038242200603783,0.7534246575342518,3.2939999999999996,-0.0938758971180953,1.6473132530429924,,,,
2026-09-26T07:38:36.803366+00:00,crypto_alt_usdt_perpetual,805,339,2026-09-26T07:30:00+00:00,BULLISH,6,6,0,463,463,463,81.8574514038877,72.13822894168466,89.20086393088553,0.5503577325261411,0.8166295471418117,3.643,-0.06484234854043924,1.6370963616230139,,,,
2026-09-26T07:51:25.525441+00:00,crypto_alt_usdt_perpetual,805,339,2026-09-26T07:45:00+00:00,BULLISH,6,6,0,463,463,463,73.86609071274297,76.02591792656588,87.6889848812095,0.33222591362125353,0.9272997032641062,3.467,0.055688249077623375,1.730200103269941,,,,
2026-09-26T08:10:27.416296+00:00,crypto_alt_usdt_perpetual,805,339,2026-09-26T08:00:00+00:00,BULLISH,6,6,0,463,463,463,79.26565874730022,77.10583153347733,84.66522678185746,0.4392764857881204,0.9260161809143241,2.943,0.10484391011738037,1.773393796719569,,,,
2026-09-26T08:27:44.508657+00:00,crypto_alt_usdt_perpetual,805,339,2026-09-26T08:15:00+00:00,NEUTRAL,2,4,2,463,463,463,41.68466522678186,61.55507559395248,76.67386609071275,-0.08287292817679148,0.31369815266641954,2.021,-0.35266857714814637,1.1700254752006867,,,,
2026-09-26T08:40:17.972405+00:00,crypto_alt_usdt_perpetual,805,339,2026-09-26T08:30:00+00:00,NEUTRAL,2,4,2,463,463,463,32.18142548596112,66.52267818574514,80.99352051835854,-0.226244343891413,0.41794984601848384,2.428,-0.2812702182994953,1.1597053931293733,,,,
2026-09-26T08:52:24.998842+00:00,crypto_alt_usdt_perpetual,805,339,2026-09-26T08:45:00+00:00,BULLISH,6,6,0,463,463,463,55.29157667386609,78.18574514038878,81.20950323974083,0.0841042893187538,0.8548882069267849,2.48,0.11848677081015557,1.569939998968417,,,,
2026-09-26T09:09:12.054115+00:00,crypto_alt_usdt_perpetual,805,339,2026-09-26T09:00:00+00:00,BULLISH,3,4,1,463,463,463,46.436285097192226,70.84233261339092,77.7537796976242,-0.009058381267268434,0.6406008394080009,1.973,-0.1369478522663503,1.416146854640321,,,,
2026-09-26T09:25:26.259620+00:00,crypto_alt_usdt_perpetual,805,339,2026-09-26T09:15:00+00:00,NEUTRAL,2,4,2,463,463,463,27.645788336933045,55.93952483801296,74.94600431965442,-0.3656821378340336,0.20383204239706743,1.5879999999999999,-0.5307910239160885,0.920886935114551,,,,
2026-09-26T09:38:39.752242+00:00,crypto_alt_usdt_perpetual,805,339,2026-09-26T09:30:00+00:00,NEUTRAL,2,4,2,463,463,463,27.861771058315334,57.88336933045356,70.41036717062634,-0.3233516097286615,0.21482277121374072,1.374,-0.49070312711628206,1.0349441854770491,,,,
2026-09-26T09:51:11.812987+00:00,crypto_alt_usdt_perpetual,805,339,2026-09-26T09:45:00+00:00,NEUTRAL,1,3,2,463,463,463,19.870410367170628,52.26781857451404,73.4341252699784,-0.5972584856396845,0.0877192982456032,1.548,-0.6750658935032627,0.9278016368203468,,,,
2026-09-26T10:09:14.009815+00:00,crypto_alt_usdt_perpetual,805,339,2026-09-26T10:00:00+00:00,NEUTRAL,2,4,2,463,463,463,31.317494600431967,65.44276457883369,79.26565874730022,-0.2678571428571419,0.43177892918824234,2.251,-0.2757135699034352,1.3862973244942012,,,,
2026-09-26T10:25:24.661576+00:00,crypto_alt_usdt_perpetual,805,339,2026-09-26T10:15:00+00:00,BULLISH,6,6,0,463,463,463,81.42548596112312,76.67386609071275,80.56155507559396,0.535279805352773,0.8243985944679677,2.3720000000000003,0.0652226803112721,1.5776411919520172,,,,
2026-09-26T10:39:06.035447+00:00,crypto_alt_usdt_perpetual,805,339,2026-09-26T10:30:00+00:00,BULLISH,6,6,0,463,463,463,86.39308855291577,80.12958963282938,79.6976241900648,0.7448186528497214,0.8695652173912993,2.262,0.17470361157223557,1.6641464629137404,,,,
2026-09-26T10:51:07.949919+00:00,crypto_alt_usdt_perpetual,805,339,2026-09-26T10:45:00+00:00,BULLISH,6,6,0,463,463,463,88.76889848812095,76.88984881209504,80.12958963282938,0.772002058672161,0.6780938029760764,2.29,0.0619460784322734,1.4497885197646831,,,,
2026-09-26T11:08:44.914797+00:00,crypto_alt_usdt_perpetual,805,339,2026-09-26T11:00:00+00:00,BULLISH,6,6,0,463,463,463,84.23326133909288,81.6414686825054,76.02591792656588,0.6876684323018356,0.9368694148169432,1.925,0.26217924666154246,1.6829063899940433,,,,
2026-09-26T11:24:47.251140+00:00,crypto_alt_usdt_perpetual,805,339,2026-09-26T11:15:00+00:00,BULLISH,6,6,0,463,463,463,79.04967602591793,75.37796976241901,76.67386609071275,0.5175983436852993,0.688800110208021,1.9290000000000003,0.025724947383920505,1.4977140281399848,,,,
2026-09-26T11:38:28.610411+00:00,crypto_alt_usdt_perpetual,805,339,2026-09-26T11:30:00+00:00,BULLISH,6,6,0,463,463,463,72.13822894168466,74.73002159827213,73.2181425485961,0.3403675970047537,0.6690684508491973,1.629,0.0,1.416200013624902,,,,
2026-09-26T11:50:56.834082+00:00,crypto_alt_usdt_perpetual,805,339,2026-09-26T11:45:00+00:00,BULLISH,6,6,0,463,463,463,66.09071274298056,71.05831533477321,75.80993520518359,0.19371181642080515,0.5040713454827372,1.729,-0.10294992557964289,1.2869616892390523,,,,
2026-09-26T12:11:14.511000+00:00,crypto_alt_usdt_perpetual,805,339,2026-09-26T12:00:00+00:00,NEUTRAL,2,4,2,463,463,463,40.8207343412527,66.73866090712743,75.16198704103672,-0.11286681715574343,0.37125178486434596,1.63,-0.20583698311639753,1.213813212085868,,,,
2026-09-26T12:30:04.036594+00:00,crypto_alt_usdt_perpetual,805,339,2026-09-26T12:30:00+00:00,NEUTRAL,2,4,2,463,463,463,35.20518358531317,72.57019438444924,80.34557235421167,-0.2484752654167699,0.5545286506469349,2.1340000000000003,-0.04951942363942696,1.4120795694047783,,,,
2026-09-26T12:55:59.050219+00:00,crypto_alt_usdt_perpetual,805,339,2026-09-26T12:45:00+00:00,NEUTRAL,-2,2,4,463,463,463,18.79049676025918,41.03671706263499,71.05831533477321,-0.6188757091284081,-0.20196191575303502,1.318,-0.8218812359298888,0.5409172369188142,,,,
2026-09-26T13:08:21.895550+00:00,crypto_alt_usdt_perpetual,805,339,2026-09-26T13:00:00+00:00,NEUTRAL,-1,2,3,463,463,463,23.326133909287257,49.0280777537797,69.76241900647948,-0.4051551165303313,-0.02491280518185368,1.35,-0.6745363762118484,0.7390305108147421,,,,
2026-09-26T13:24:30.500822+00:00,crypto_alt_usdt_perpetual,805,339,2026-09-26T13:15:00+00:00,NEUTRAL,2,4,2,463,463,463,24.406047516198704,69.76241900647948,71.49028077753779,-0.36607687614399476,0.5267118133935433,1.3679999999999999,-0.11550125816702783,1.3681053363003848,,,,
2026-09-26T13:38:27.915535+00:00,crypto_alt_usdt_perpetual,805,339,2026-09-26T13:30:00+00:00,NEUTRAL,2,4,2,463,463,463,19.65442764578834,59.827213822894166,71.70626349892008,-0.5639097744360888,0.2571428571428669,1.374,-0.43608629530990095,1.178392488737312,,,,
2026-09-26T13:50:40.421911+00:00,crypto_alt_usdt_perpetual,805,339,2026-09-26T13:45:00+00:00,NEUTRAL,2,4,2,463,463,463,41.90064794816415,61.1231101511879,81.42548596112312,-0.07911392405063333,0.3512880562060783,2.352,-0.4447500480148858,1.2089822484369406,,,,
2026-09-26T14:09:10.973117+00:00,crypto_alt_usdt_perpetual,805,339,2026-09-26T14:00:00+00:00,BULLISH,6,6,0,463,463,463,55.72354211663067,61.55507559395248,87.04103671706264,0.08335648791331085,0.3042982122479998,2.96,-0.4156918839113788,1.2221626769826188,,,,
2026-09-26T14:26:02.536278+00:00,crypto_alt_usdt_perpetual,805,339,2026-09-26T14:15:00+00:00,BULLISH,5,5,0,463,463,463,58.09935205183585,51.40388768898488,84.88120950323975,0.12531328320801727,0.027261327081395947,2.669,-0.6568939360212023,1.023556421503924,,,,
2026-09-26T14:39:29.967988+00:00,crypto_alt_usdt_perpetual,805,339,2026-09-26T14:30:00+00:00,NEUTRAL,2,4,2,463,463,463,74.51403887688984,41.25269978401728,82.07343412526998,0.3750586029066971,-0.1626016260162566,2.292,-0.8448421497201986,0.7721131018133764,,,,
2026-09-26T14:51:55.872879+00:00,crypto_alt_usdt_perpetual,805,339,2026-09-26T14:45:00+00:00,BULLISH,3,4,1,463,463,463,78.18574514038878,46.652267818574515,86.60907127429806,0.4952658412235911,-0.05141388174807471,2.7470000000000003,-0.6455170187872394,0.7915112809591784,,,,
2026-09-26T15:09:05.337502+00:00,crypto_alt_usdt_perpetual,805,339,2026-09-26T15:00:00+00:00,BULLISH,5,5,0,463,463,463,81.6414686825054,51.18790496760259,83.8012958963283,0.5318101240890272,0.10269049086055748,2.5250000000000004,-0.4906457648336249,0.970683950370943,,,,
2026-09-26T15:25:54.282694+00:00,crypto_alt_usdt_perpetual,805,339,2026-09-26T15:15:00+00:00,BULLISH,5,5,0,463,463,463,82.72138228941685,53.131749460043196,87.04103671706264,0.5807200929152101,0.10695187165774556,3.016,-0.5000534154616931,1.0596109196123416,,,,
2026-09-26T15:40:13.059642+00:00,crypto_alt_usdt_perpetual,805,339,2026-09-26T15:30:00+00:00,BULLISH,6,6,0,463,463,463,85.31317494600432,63.06695464362851,91.14470842332614,0.8695652173912993,0.37775763070413415,3.7609999999999997,-0.374427288290452,1.2916593201374393,,,,
2026-09-26T15:52:04.482596+00:00,crypto_alt_usdt_perpetual,805,339,2026-09-26T15:45:00+00:00,BULLISH,6,6,0,463,463,463,83.36933045356372,69.97840172786177,92.0086393088553,0.8058176100628867,0.5619764606086264,3.882,-0.12387637894170078,1.54726674879343,,,,
2026-09-26T16:09:53.314609+00:00,crypto_alt_usdt_perpetual,805,339,2026-09-26T16:00:00+00:00,BULLISH,6,6,0,463,463,463,77.7537796976242,73.86609071274297,88.98488120950324,0.5191434133679618,0.6402534969778051,3.1419999999999995,-0.0064250835260848405,1.6228184031030435,,,,
2026-09-26T16:26:50.842358+00:00,crypto_alt_usdt_perpetual,805,339,2026-09-26T16:15:00+00:00,BULLISH,6,6,0,463,463,463,72.35421166306695,72.57019438444924,87.9049676025918,0.3843197540353671,0.6983990544751295,2.9669999999999996,-0.056696376216330835,1.7067020069841843,,,,
2026-09-26T16:40:02.298132+00:00,crypto_alt_usdt_perpetual,805,339,2026-09-26T16:30:00+00:00,BULLISH,6,6,0,463,463,463,58.96328293736501,76.88984881209504,87.25701943844493,0.16741071428569843,0.8408660920748323,2.8529999999999998,0.07569873632987667,1.9549621012916574,,,,
2026-09-26T16:52:05.900092+00:00,crypto_alt_usdt_perpetual,805,339,2026-09-26T16:45:00+00:00,BULLISH,4,4,0,463,463,463,49.0280777537797,80.34557235421167,86.60907127429806,0.0,1.1971104231166096,2.941,0.34004894235550864,2.3762685426088503,,,,
2026-09-26T17:08:45.606274+00:00,crypto_alt_usdt_perpetual,805,339,2026-09-26T17:00:00+00:00,BULLISH,3,4,1,463,463,463,45.14038876889849,79.26565874730022,83.8012958963283,-0.036240637835227574,1.0994044892350008,2.5420000000000003,0.24088694033443936,2.0511659814903105,,,,
2026-09-26T17:25:06.333582+00:00,crypto_alt_usdt_perpetual,805,339,2026-09-26T17:15:00+00:00,NEUTRAL,2,4,2,463,463,463,29.37365010799136,75.5939524838013,81.8574514038877,-0.29147982062780464,0.8283567713349926,2.371,0.04839478642223449,1.7476764834084668,,,,
2026-09-26T17:39:09.709037+00:00,crypto_alt_usdt_perpetual,805,339,2026-09-26T17:30:00+00:00,NEUTRAL,2,4,2,463,463,463,27.429805615550755,79.6976241900648,83.58531317494601,-0.3671562082776969,1.1343067455050093,2.5340000000000003,0.2221394318272063,2.1367563714200233,,,,
2026-09-26T17:51:36.183071+00:00,crypto_alt_usdt_perpetual,805,339,2026-09-26T17:45:00+00:00,NEUTRAL,2,4,2,463,463,463,21.382289416846653,76.02591792656588,81.20950323974083,-0.4472183998427415,0.9469696969697017,2.384,0.07451746215358934,1.7448069405431421,,,,
2026-09-26T18:10:31.890459+00:00,crypto_alt_usdt_perpetual,805,339,2026-09-26T18:00:00+00:00,NEUTRAL,2,4,2,463,463,463,19.870410367170628,70.41036717062634,79.26565874730022,-0.4858299595141724,0.5720823798627039,2.258,-0.16863616192697162,1.378548312024197,,,,
2026-09-26T18:28:52.971768+00:00,crypto_alt_usdt_perpetual,805,339,2026-09-26T18:15:00+00:00,NEUTRAL,2,4,2,463,463,463,34.125269978401725,68.03455723542116,76.45788336933046,-0.19556714471969938,0.48989589712185033,1.913,-0.19955371013717915,1.3622511418081684,,,,
2026-09-26T18:43:11.053890+00:00,crypto_alt_usdt_perpetual,805,339,2026-09-26T18:30:00+00:00,NEUTRAL,2,4,2,463,463,463,25.48596112311015,63.49892008639309,73.00215982721382,-0.32846115946788546,0.33413869326066603,1.536,-0.34283258545796946,1.1186537415304842,,,,
2026-09-26T18:53:57.527621+00:00,crypto_alt_usdt_perpetual,805,339,2026-09-26T18:45:00+00:00,NEUTRAL,-2,2,4,463,463,463,14.68682505399568,34.341252699784015,68.89848812095032,-0.7141478479058105,-0.30946065428824054,1.188,-1.0138882126027315,0.4140574922533169,,,,
2026-09-26T19:08:21.317290+00:00,crypto_alt_usdt_perpetual,805,339,2026-09-26T19:00:00+00:00,NEUTRAL,-2,2,4,463,463,463,13.390928725701944,24.190064794816415,71.05831533477321,-0.702095484985954,-0.6827677570569679,1.31,-1.4027150198033966,-0.07044795901209322,,,,
2026-09-26T19:23:46.305048+00:00,crypto_alt_usdt_perpetual,805,339,2026-09-26T19:15:00+00:00,NEUTRAL,-2,2,4,463,463,463,14.254859611231101,24.622030237580994,69.11447084233261,-0.5613472333600655,-0.7168458781362075,1.131,-1.373617852157799,0.0,,,,
2026-09-26T19:36:57.046864+00:00,crypto_alt_usdt_perpetual,805,339,2026-09-26T19:30:00+00:00,NEUTRAL,-2,2,4,463,463,463,15.766738660907128,16.846652267818573,68.25053995680345,-0.5415860735009548,-1.121876593574711,1.097,-1.893831262015655,-0.4007773155692451,,,,
2026-09-26T19:50:32.198236+00:00,crypto_alt_usdt_perpetual,805,339,2026-09-26T19:45:00+00:00,NEUTRAL,-2,2,4,463,463,463,29.805615550755938,14.68682505399568,68.03455723542116,-0.2142857142857224,-1.3562195380377173,0.997,-2.1206736206015817,-0.6724467832089576,,,,
2026-09-26T20:08:58.142396+00:00,crypto_alt_usdt_perpetual,805,339,2026-09-26T20:00:00+00:00,NEUTRAL,-2,2,4,463,463,463,28.509719222462202,13.174946004319654,62.634989200863934,-0.23820867079562547,-1.4875531268973896,0.632,-2.2049783142439274,-0.7550360349840524,,,,
2026-09-26T20:25:18.668834+00:00,crypto_alt_usdt_perpetual,805,339,2026-09-26T20:15:00+00:00,BEARISH,-3,1,4,463,463,463,10.151187904967603,11.01511879049676,51.40388768898488,-0.7350484463748641,-1.7555576757942948,0.091,-2.569825617916366,-0.9548019875028679,,,,
2026-09-26T20:39:17.973747+00:00,crypto_alt_usdt_perpetual,805,339,2026-09-26T20:30:00+00:00,BEARISH,-5,0,5,463,463,463,18.574514038876888,11.879049676025918,46.652267818574515,-0.4837291116974396,-1.7869907076483171,-0.13899999999999998,-2.5043152090403034,-0.8886903654798717,,,,
2026-09-26T20:51:52.280142+00:00,crypto_alt_usdt_perpetual,805,339,2026-09-26T20:45:00+00:00,BEARISH,-6,0,6,463,463,463,4.535637149028077,6.047516198704104,35.20518358531317,-1.609141791044777,-2.9974560336246014,-1.0670000000000002,-3.933280224915181,-2.0331408522101135,,,,
2026-09-26T21:09:05.089907+00:00,crypto_alt_usdt_perpetual,805,339,2026-09-26T21:00:00+00:00,BEARISH,-3,1,4,463,463,463,8.207343412526997,8.207343412526997,52.915766738660906,-1.2400354295836968,-2.6063386155129264,0.305,-3.5055036996365754,-1.5674559480415406,,,,
2026-09-26T21:25:51.825227+00:00,crypto_alt_usdt_perpetual,805,339,2026-09-26T21:15:00+00:00,NEUTRAL,-2,2,4,463,463,463,16.846652267818573,9.935205183585314,63.06695464362851,-0.536607548885859,-2.101643102789452,0.8840000000000001,-2.8164948403204715,-1.02948535694386,,,,
2026-09-26T21:38:20.125390+00:00,crypto_alt_usdt_perpetual,805,339,2026-09-26T21:30:00+00:00,NEUTRAL,-2,2,4,463,463,463,33.47732181425486,13.606911447084233,69.11447084233261,-0.18594636915248985,-1.6254416961130724,1.1780000000000002,-2.4163658882221606,-0.666752246091562,,,,
2026-09-26T21:50:44.390230+00:00,crypto_alt_usdt_perpetual,805,339,2026-09-26T21:45:00+00:00,NEUTRAL,2,4,2,463,463,463,91.792656587473,11.23110151187905,66.30669546436285,1.035856573705174,-1.5575245742766142,0.943,-2.3700824655945474,-0.722693650148265,,,,
2026-09-26T22:09:00.079028+00:00,crypto_alt_usdt_perpetual,805,339,2026-09-26T22:00:00+00:00,NEUTRAL,2,4,2,463,463,463,87.25701943844493,13.606911447084233,66.73866090712743,0.7368052822598337,-1.4306151645207432,0.819,-2.1682195451921626,-0.6242309585332839,,,,
2026-09-26T22:25:22.794088+00:00,crypto_alt_usdt_perpetual,805,339,2026-09-26T22:15:00+00:00,NEUTRAL,2,4,2,463,463,463,87.25701943844493,15.982721382289418,57.019438444924404,0.5674653215636871,-1.2425715829281425,0.386,-1.9005376450624445,-0.49281675400440483,,,,
2026-09-26T22:38:47.478261+00:00,crypto_alt_usdt_perpetual,805,339,2026-09-26T22:30:00+00:00,NEUTRAL,-1,2,3,463,463,463,56.587473002159825,17.92656587473002,49.24406047516199,0.08055853920514444,-1.181281235801912,-0.055,-1.853870771281485,-0.4681651504723938,,,,
2026-09-26T22:52:07.600442+00:00,crypto_alt_usdt_perpetual,805,339,2026-09-26T22:45:00+00:00,NEUTRAL,0,2,2,463,463,463,61.98704103671706,23.974082073434126,49.24406047516199,0.16148132199373944,-0.6938421509106729,0.0,-1.3122587272395847,-0.015374139316665092,,,,
2026-09-26T23:08:34.131840+00:00,crypto_alt_usdt_perpetual,805,339,2026-09-26T23:00:00+00:00,NEUTRAL,1,3,2,463,463,463,65.01079913606911,29.15766738660907,51.18790496760259,0.21355870592512094,-0.5408537763183396,0.09,-1.1314845504052928,0.09939326642252055,,,,
2026-09-26T23:24:36.605382+00:00,crypto_alt_usdt_perpetual,805,339,2026-09-26T23:15:00+00:00,NEUTRAL,0,2,2,463,463,463,66.95464362850971,31.965442764578835,49.892008639308855,0.20639834881321928,-0.45859872611464514,0.0,-1.116873408006741,0.29646654989203824,,,,
2026-09-26T23:37:29.327971+00:00,crypto_alt_usdt_perpetual,805,339,2026-09-26T23:30:00+00:00,NEUTRAL,1,3,2,463,463,463,71.2742980561555,36.28509719222462,52.48380129589633,0.27364273204903977,-0.2608695652173809,0.174,-0.8950624027508236,0.34632296418806163,,,,
2026-09-26T23:51:08.508515+00:00,crypto_alt_usdt_perpetual,805,339,2026-09-26T23:45:00+00:00,NEUTRAL,1,3,2,463,463,463,73.86609071274297,41.90064794816415,50.323974082073434,0.2907626929098628,-0.16017084890549427,0.033,-0.7275654966268474,0.42714152912473047,,,,
2026-09-27T00:13:25.030071+00:00,crypto_alt_usdt_perpetual,805,339,2026-09-27T00:00:00+00:00,NEUTRAL,1,3,2,463,463,463,80.34557235421167,53.779697624190064,43.196544276457885,0.3485376572208043,0.07507507507507061,-0.301,-0.45017579917341344,0.7522948770427029,,,,
2026-09-27T00:35:29.114031+00:00,crypto_alt_usdt_perpetual,805,339,2026-09-27T00:30:00+00:00,NEUTRAL,-2,1,3,463,463,463,31.749460043196546,45.35637149028078,52.48380129589633,-0.3005635566687759,-0.11465698452131079,0.136,-0.6625222142065346,0.6508758265756476,,,,
2026-09-27T00:56:00.883049+00:00,crypto_alt_usdt_perpetual,805,339,2026-09-27T00:45:00+00:00,NEUTRAL,-1,2,3,463,463,463,30.885529157667385,91.57667386609072,47.30021598272138,-0.31152647975076775,1.2356575463371655,-0.198,0.6662519838898651,2.0359175233518934,,,,
2026-09-27T01:09:03.642395+00:00,crypto_alt_usdt_perpetual,805,339,2026-09-27T01:00:00+00:00,NEUTRAL,-1,2,3,463,463,463,18.14254859611231,77.32181425485962,45.78833693304536,-0.6950477845351855,0.7023075820553171,-0.163,0.0728989319387141,1.3788131783443403,,,,
2026-09-27T01:25:12.636470+00:00,crypto_alt_usdt_perpetual,805,339,2026-09-27T01:15:00+00:00,NEUTRAL,-1,2,3,463,463,463,40.8207343412527,71.92224622030237,46.652267818574515,-0.08936550491509543,0.4149377593360981,-0.15,-0.09863336320253824,1.3017303532804614,,,,
2026-09-27T01:39:32.027118+00:00,crypto_alt_usdt_perpetual,805,339,2026-09-27T01:30:00+00:00,BEARISH,-5,0,5,463,463,463,37.58099352051836,43.84449244060475,45.35637149028078,-0.143664399961696,-0.14291839359725778,-0.304,-0.7075012551301163,0.6753951557351034,,,,
2026-09-27T01:52:31.582454+00:00,crypto_alt_usdt_perpetual,805,339,2026-09-27T01:45:00+00:00,BULLISH,4,4,0,463,463,463,51.40388768898488,57.66738660907127,52.26781857451404,0.036710719530108626,0.19226660969877685,0.11299999999999999,-0.3875445078317663,0.9738616281616319,,,,
2026-09-27T02:09:21.766486+00:00,crypto_alt_usdt_perpetual,805,339,2026-09-27T02:00:00+00:00,BULLISH,6,6,0,463,463,463,80.99352051835854,64.57883369330453,55.93952483801296,0.47210300429183505,0.31167585710860646,0.406,-0.24774492897625677,1.1217334147692992,,,,
2026-09-27T02:26:55.220509+00:00,crypto_alt_usdt_perpetual,805,339,2026-09-27T02:15:00+00:00,BULLISH,5,5,0,463,463,463,72.57019438444924,58.09935205183585,52.69978401727862,0.30712530712531105,0.2007528230865807,0.174,-0.38534239995129393,0.880651965454804,,,,
2026-09-27T02:40:30.830110+00:00,crypto_alt_usdt_perpetual,805,339,2026-09-27T02:30:00+00:00,BULLISH,5,5,0,463,463,463,76.24190064794817,61.98704103671706,53.347732181425485,0.4307250538406304,0.2789832610043508,0.233,-0.2779076666617808,0.8875087136145043,,,,
2026-09-27T02:53:07.884048+00:00,crypto_alt_usdt_perpetual,805,339,2026-09-27T02:45:00+00:00,BULLISH,6,6,0,463,463,463,58.31533477321814,60.043196544276455,55.93952483801296,0.1603849238171584,0.20688358096669912,0.34099999999999997,-0.3402064757965728,0.8737415454194597,,,,
2026-09-27T03:09:19.212461+00:00,crypto_alt_usdt_perpetual,805,339,2026-09-27T03:00:00+00:00,BEARISH,-3,1,4,463,463,463,30.669546436285096,44.49244060475162,54.42764578833693,-0.2840263576459945,-0.07379022862026297,0.327,-0.6752653809008635,0.6222165711416761,,,,
2026-09-27T03:27:13.359202+00:00,crypto_alt_usdt_perpetual,805,339,2026-09-27T03:15:00+00:00,NEUTRAL,-2,2,4,463,463,463,22.89416846652268,34.77321814254859,60.90712742980561,-0.3977156842749352,-0.3198081151309262,0.559,-1.0248550757606556,0.318651484971022,,,,
2026-09-27T03:41:10.091252+00:00,crypto_alt_usdt_perpetual,805,339,2026-09-27T03:30:00+00:00,NEUTRAL,-2,2,4,463,463,463,27.861771058315334,37.58099352051836,58.74730021598272,-0.36269430051812934,-0.3284072249589487,0.47600000000000003,-0.9588127835018556,0.41832730297400866,,,,
2026-09-27T03:53:17.228341+00:00,crypto_alt_usdt_perpetual,805,339,2026-09-27T03:45:00+00:00,NEUTRAL,-2,2,4,463,463,463,34.341252699784015,38.8768898488121,60.259179265658744,-0.1908396946564861,-0.28160200250313405,0.5559999999999999,-0.9321495939231095,0.5111761821416594,,,,
2026-09-27T04:09:35.323957+00:00,crypto_alt_usdt_perpetual,805,339,2026-09-27T04:00:00+00:00,BEARISH,-4,0,4,463,463,463,44.49244060475162,32.6133909287257,49.46004319654428,-0.06476683937824967,-0.505747126436773,0.0,-1.239052684084846,0.2266037879239291,,,,
2026-09-27T04:26:56.995612+00:00,crypto_alt_usdt_perpetual,805,339,2026-09-27T04:15:00+00:00,NEUTRAL,-2,1,3,463,463,463,45.14038876889849,40.388768898488124,54.42764578833693,-0.04519433564325048,-0.1890359168241984,0.215,-0.9024846452442004,0.5387647596351908,,,,
2026-09-27T04:41:05.352155+00:00,crypto_alt_usdt_perpetual,805,339,2026-09-27T04:30:00+00:00,BEARISH,-3,1,4,463,463,463,31.965442764578835,38.22894168466523,52.48380129589633,-0.239170874302419,-0.2595717066839587,0.172,-0.9962424343731902,0.5235839345494875,,,,
2026-09-27T04:53:12.778770+00:00,crypto_alt_usdt_perpetual,805,339,2026-09-27T04:45:00+00:00,BEARISH,-6,0,6,463,463,463,16.414686825053995,30.669546436285096,43.196544276457885,-0.5686274509803968,-0.5781073268819936,-0.418,-1.2504629791193378,0.21527976834428975,,,,
2026-09-27T05:08:46.495411+00:00,crypto_alt_usdt_perpetual,805,339,2026-09-27T05:00:00+00:00,NEUTRAL,-2,2,4,463,463,463,19.00647948164147,33.26133909287257,55.93952483801296,-0.4845773926008712,-0.4517453798768112,0.349,-1.0270053620972608,0.33332608921373685,,,,
2026-09-27T05:25:42.678247+00:00,crypto_alt_usdt_perpetual,805,339,2026-09-27T05:15:00+00:00,BULLISH,5,5,0,463,463,463,62.850971922246224,52.48380129589633,60.259179265658744,0.2132196162046851,0.13111069488669358,0.644,-0.7016782749141637,0.9526349954997126,,,,
2026-09-27T05:39:12.125024+00:00,crypto_alt_usdt_perpetual,805,339,2026-09-27T05:30:00+00:00,BULLISH,6,6,0,463,463,463,78.83369330453564,61.1231101511879,65.01079913606911,0.4564315352697079,0.2664298401420906,0.77,-0.37092530879958563,1.097938262891085,,,,
2026-09-27T05:52:13.688613+00:00,crypto_alt_usdt_perpetual,805,339,2026-09-27T05:45:00+00:00,BULLISH,6,6,0,463,463,463,90.28077753779698,58.53131749460043,63.06695464362851,0.832177531206657,0.20320040640082748,0.687,-0.5207470738725406,0.9620455817528906,,,,
2026-09-27T06:14:42.181990+00:00,crypto_alt_usdt_perpetual,805,339,2026-09-27T06:00:00+00:00,BULLISH,5,5,0,463,463,463,88.12095032397409,52.26781857451404,65.2267818574514,0.8619451228271569,0.06738544474393926,0.8619999999999999,-0.5799946888554453,0.7042197418075435,,,,
2026-09-27T06:35:20.258826+00:00,crypto_alt_usdt_perpetual,805,339,2026-09-27T06:30:00+00:00,BULLISH,6,6,0,463,463,463,62.850971922246224,59.611231101511876,59.1792656587473,0.2571355104139972,0.22075055187638082,0.44,-0.36110997921845467,0.8926579337438789,,,,
2026-09-27T06:49:04.886964+00:00,crypto_alt_usdt_perpetual,805,339,2026-09-27T06:45:00+00:00,BULLISH,6,6,0,463,463,463,55.29157667386609,59.1792656587473,60.90712742980561,0.07826257092544697,0.20089285714286476,0.551,-0.3631413176394982,0.9460703993673492,,,,
2026-09-27T07:26:30.463803+00:00,crypto_alt_usdt_perpetual,805,339,2026-09-27T07:15:00+00:00,BULLISH,6,6,0,463,463,463,63.2829373650108,76.67386609071275,59.1792656587473,0.1886518647511215,0.7220216606498298,0.462,0.07740125203021808,1.4704708888136464,,,,
2026-09-27T07:39:19.438292+00:00,crypto_alt_usdt_perpetual,805,339,2026-09-27T07:30:00+00:00,BULLISH,6,6,0,463,463,463,75.16198704103672,77.10583153347733,61.98704103671706,0.3233107015842229,0.8857395925597977,0.755,0.142350981199324,1.7295273601907857,,,,
2026-09-27T07:52:18.686503+00:00,crypto_alt_usdt_perpetual,805,339,2026-09-27T07:45:00+00:00,BULLISH,6,6,0,463,463,463,85.52915766738661,79.6976241900648,65.65874730021598,0.5937499999999929,1.0259852334835395,0.9979999999999999,0.1790692068705857,1.8835277944790563,,,,
2026-09-27T08:17:01.005400+00:00,crypto_alt_usdt_perpetual,805,339,2026-09-27T08:15:00+00:00,BULLISH,6,6,0,463,463,463,83.58531317494601,85.09719222462203,69.97840172786177,0.6092916984006047,1.3858497447118756,1.253,0.5822504312354648,2.330153041924976,,,,
2026-09-27T08:53:04.548334+00:00,crypto_alt_usdt_perpetual,805,339,2026-09-27T08:45:00+00:00,BULLISH,5,5,0,463,463,463,50.9719222462203,87.25701943844493,64.14686825053995,0.024375975038992692,1.6410256410256396,0.6709999999999999,0.6839007190813762,2.59281094270144,,,,
2026-09-27T10:25:40.763026+00:00,crypto_alt_usdt_perpetual,805,339,2026-09-27T10:15:00+00:00,BULLISH,6,6,0,463,463,463,67.81857451403887,70.62634989200863,58.53131749460043,0.24355376714142452,0.5793369810106253,0.329,-0.15096321542709124,1.2278636621939731,,,,
2026-09-27T10:40:05.781820+00:00,crypto_alt_usdt_perpetual,805,339,2026-09-27T10:30:00+00:00,BULLISH,5,5,0,463,463,463,58.96328293736501,67.3866090712743,52.915766738660906,0.12032085561495265,0.48622366288491037,0.159,-0.1774713992373167,1.1842581881492342,,,,
2026-09-27T10:51:56.254249+00:00,crypto_alt_usdt_perpetual,805,339,2026-09-27T10:45:00+00:00,NEUTRAL,1,3,2,463,463,463,32.6133909287257,68.25053995680345,51.83585313174946,-0.18257694314032236,0.3887070376432211,0.087,-0.1971245746087702,1.14913266293577,,,,
2026-09-27T11:09:06.423212+00:00,crypto_alt_usdt_perpetual,805,339,2026-09-27T11:00:00+00:00,NEUTRAL,-2,2,4,463,463,463,34.125269978401725,69.3304535637149,43.84449244060475,-0.17098888572242288,0.37702373031716085,-0.267,-0.21876312062252823,1.0584766251451105,,,,
2026-09-27T11:25:34.358035+00:00,crypto_alt_usdt_perpetual,805,339,2026-09-27T11:15:00+00:00,NEUTRAL,-2,2,4,463,463,463,31.533477321814257,55.50755939524838,42.980561555075596,-0.2142474558114671,0.13931457230427213,-0.361,-0.442349038405665,0.7562899039802118,,,,
2026-09-27T11:39:12.855813+00:00,crypto_alt_usdt_perpetual,805,339,2026-09-27T11:30:00+00:00,BEARISH,-5,0,5,463,463,463,31.533477321814257,44.70842332613391,45.35637149028078,-0.21961932650073068,-0.07743684057690547,-0.245,-0.6635959416227355,0.6284529380171655,,,,
2026-09-27T11:51:45.987762+00:00,crypto_alt_usdt_perpetual,805,339,2026-09-27T11:45:00+00:00,BEARISH,-6,0,6,463,463,463,28.94168466522678,33.04535637149028,44.9244060475162,-0.2543837716199038,-0.4168751042187724,-0.17700000000000002,-0.9796505258084065,0.31309263463018544,,,,
2026-09-27T12:11:47.262913+00:00,crypto_alt_usdt_perpetual,805,339,2026-09-27T12:00:00+00:00,BEARISH,-3,1,4,463,463,463,34.77321814254859,25.26997840172786,54.64362850971922,-0.1602564102564097,-0.6936416184971095,0.24,-1.2409279273181195,0.014686483431292086,,,,
2026-09-27T12:31:18.703692+00:00,crypto_alt_usdt_perpetual,805,339,2026-09-27T12:30:00+00:00,NEUTRAL,2,4,2,463,463,463,57.88336933045356,33.69330453563715,57.019438444924404,0.09785419724610556,-0.37263774287995544,0.327,-0.9775842870836937,0.28714232072314383,,,,
2026-09-27T12:48:00.799135+00:00,crypto_alt_usdt_perpetual,805,339,2026-09-27T12:45:00+00:00,NEUTRAL,2,4,2,463,463,463,67.81857451403887,44.27645788336933,63.49892008639309,0.2406573383298527,-0.13800025090954238,0.5930000000000001,-0.7483662790271683,0.5114363483592843,,,,
2026-09-27T13:08:26.062948+00:00,crypto_alt_usdt_perpetual,805,339,2026-09-27T13:00:00+00:00,BEARISH,-6,0,6,463,463,463,33.04535637149028,28.94168466522678,40.60475161987041,-0.2402271238261644,-0.5627174135461321,-0.506,-1.2069639081953742,0.11893649680182472,,,,
2026-09-27T13:25:42.127094+00:00,crypto_alt_usdt_perpetual,805,339,2026-09-27T13:15:00+00:00,BEARISH,-5,0,5,463,463,463,7.775377969762419,18.14254859611231,45.78833693304536,-1.2903225806451757,-1.0760953112989857,-0.20500000000000002,-1.7465633634523858,-0.28130516380661663,,,,
2026-09-27T13:39:11.160980+00:00,crypto_alt_usdt_perpetual,805,339,2026-09-27T13:30:00+00:00,BEARISH,-5,0,5,463,463,463,11.879049676025918,25.48596112311015,47.084233261339094,-0.8054522924411334,-0.7376523412443992,-0.08499999999999999,-1.3094216428983174,0.022042213976480873,,,,
2026-09-27T13:51:52.081147+00:00,crypto_alt_usdt_perpetual,805,339,2026-09-27T13:45:00+00:00,BEARISH,-6,0,6,463,463,463,8.423326133909287,14.68682505399568,41.90064794816415,-1.1221122112211268,-1.214463152083911,-0.40299999999999997,-1.9221514713925136,-0.46818264183038916,,,,
2026-09-27T14:09:09.536037+00:00,crypto_alt_usdt_perpetual,805,339,2026-09-27T14:00:00+00:00,BEARISH,-5,0,5,463,463,463,22.67818574514039,18.79049676025918,45.57235421166307,-0.3455750683296177,-0.9940357852882609,-0.22399999999999998,-1.6034844324896491,-0.2227996601618043,,,,
2026-09-27T14:25:13.252016+00:00,crypto_alt_usdt_perpetual,805,339,2026-09-27T14:15:00+00:00,NEUTRAL,-2,2,4,463,463,463,74.08207343412526,19.65442764578834,42.76457883369331,0.45983229645658596,-0.907787864309606,-0.5760000000000001,-1.5232562138691397,-0.1850429189499292,,,,
2026-09-27T14:39:20.429773+00:00,crypto_alt_usdt_perpetual,805,339,2026-09-27T14:30:00+00:00,BEARISH,-6,0,6,463,463,463,29.805615550755938,14.68682505399568,33.69330453563715,-0.28169014084508115,-1.2301055209001488,-0.874,-1.9068482643719187,-0.5135602298178998,,,,
2026-09-27T14:51:39.670463+00:00,crypto_alt_usdt_perpetual,805,339,2026-09-27T14:45:00+00:00,BEARISH,-5,0,5,463,463,463,45.57235421166307,14.47084233261339,30.237580993520517,-0.041203131437972385,-1.1281729865246004,-1.163,-1.811183863994631,-0.4521983284753561,,,,
2026-09-27T15:09:16.290644+00:00,crypto_alt_usdt_perpetual,805,339,2026-09-27T15:00:00+00:00,BEARISH,-6,0,6,463,463,463,13.822894168466522,11.23110151187905,24.622030237580994,-0.6994277409392291,-1.4423076923076983,-1.915,-2.1222425114641785,-0.7736472395525829,,,,
2026-09-27T15:25:46.082814+00:00,crypto_alt_usdt_perpetual,805,339,2026-09-27T15:15:00+00:00,BEARISH,-6,0,6,463,463,463,11.23110151187905,9.503239740820735,22.67818574514039,-0.9756097560975507,-1.644667923737697,-2.1950000000000003,-2.2927106101071626,-0.9785544841878435,,,,
2026-09-27T15:39:21.725068+00:00,crypto_alt_usdt_perpetual,805,339,2026-09-27T15:30:00+00:00,BEARISH,-6,0,6,463,463,463,14.902807775377969,10.583153347732182,20.302375809935207,-0.7491486946651582,-1.7675050985724083,-2.53,-2.401566711938352,-1.0382466617743724,,,,
2026-09-27T15:52:01.452735+00:00,crypto_alt_usdt_perpetual,805,339,2026-09-27T15:45:00+00:00,BEARISH,-6,0,6,463,463,463,19.870410367170628,12.311015118790497,23.110151187904968,-0.654711073156844,-1.584972116231298,-2.138,-2.1885471143177684,-0.9339962486238251,,,,
2026-09-27T16:09:41.909978+00:00,crypto_alt_usdt_perpetual,805,339,2026-09-27T16:00:00+00:00,BEARISH,-3,1,4,463,463,463,50.75593952483801,12.095032397408207,25.91792656587473,0.022148394241416902,-1.3442277279915649,-1.8350000000000002,-1.916630661735369,-0.700637009773053,,,,
2026-09-27T16:26:52.206681+00:00,crypto_alt_usdt_perpetual,805,339,2026-09-27T16:15:00+00:00,NEUTRAL,-2,2,4,463,463,463,87.47300215982722,17.92656587473002,28.077753779697623,0.7241606319947191,-1.0707051220217978,-1.686,-1.6997415278080685,-0.3471802787673839,,,,
2026-09-27T16:40:26.931292+00:00,crypto_alt_usdt_perpetual,805,339,2026-09-27T16:30:00+00:00,NEUTRAL,-2,2,4,463,463,463,88.98488120950324,19.43844492440605,25.26997840172786,0.8875128998967918,-0.9937678962438912,-1.991,-1.6321712794547805,-0.3052773989529356,,,,
2026-09-27T16:52:56.775000+00:00,crypto_alt_usdt_perpetual,805,339,2026-09-27T16:45:00+00:00,NEUTRAL,-2,2,4,463,463,463,81.20950323974083,15.982721382289418,25.48596112311015,0.5149330587023826,-1.19999999999999,-1.908,-1.8680549174063699,-0.5491930591369931,,,,
2026-09-27T17:08:35.034041+00:00,crypto_alt_usdt_perpetual,805,339,2026-09-27T17:00:00+00:00,NEUTRAL,-2,2,4,463,463,463,66.95464362850971,21.166306695464364,28.293736501079913,0.2175594662541025,-0.8231925554760267,-1.525,-1.4734536791852881,-0.15546159331973342,,,,
2026-09-27T17:24:36.207877+00:00,crypto_alt_usdt_perpetual,805,339,2026-09-27T17:15:00+00:00,NEUTRAL,-1,2,3,463,463,463,47.94816414686825,56.587473002159825,31.101511879049674,-0.01237623762377904,0.20569620253163556,-1.352,-0.4281104434957661,0.9995850191928612,,,,
2026-09-27T17:38:38.050899+00:00,crypto_alt_usdt_perpetual,805,339,2026-09-27T17:30:00+00:00,BEARISH,-6,0,6,463,463,463,44.06047516198704,41.25269978401728,31.101511879049674,-0.04478280340348695,-0.21295474711623408,-1.248,-0.8624925885827694,0.5885896294963278,,,,
2026-09-27T17:51:30.837243+00:00,crypto_alt_usdt_perpetual,805,339,2026-09-27T17:45:00+00:00,NEUTRAL,1,3,2,463,463,463,67.3866090712743,50.53995680345572,32.82937365010799,0.1868111339435652,0.02355157795570495,-0.9610000000000001,-0.661186876601566,0.8186469195368473,,,,
2026-09-27T18:11:05.000440+00:00,crypto_alt_usdt_perpetual,805,339,2026-09-27T18:00:00+00:00,NEUTRAL,-1,2,3,463,463,463,80.77753779697625,47.73218142548596,35.63714902807775,0.4120879120879106,-0.04139072847683112,-0.8710000000000001,-0.6567090661290409,0.6453705492157624,,,,
2026-09-27T18:28:58.182432+00:00,crypto_alt_usdt_perpetual,805,339,2026-09-27T18:15:00+00:00,NEUTRAL,1,3,2,463,463,463,74.73002159827213,52.26781857451404,42.980561555075596,0.31905644592444826,0.062499999999987566,-0.462,-0.4441387765317828,0.9223046602154561,,,,
2026-09-27T18:43:15.149347+00:00,crypto_alt_usdt_perpetual,805,339,2026-09-27T18:30:00+00:00,BULLISH,5,5,0,463,463,463,83.36933045356372,75.37796976241901,50.75593952483801,0.5355230274901812,0.5861664712778492,0.064,0.04211847804928004,1.427226630576306,,,,
2026-09-27T18:55:18.161939+00:00,crypto_alt_usdt_perpetual,805,339,2026-09-27T18:45:00+00:00,BULLISH,5,5,0,463,463,463,84.44924406047517,78.61771058315335,53.99568034557235,0.6610204503201933,0.8059346093964637,0.365,0.12655192814978733,1.5117860221369517,,,,
2026-09-27T19:07:57.160233+00:00,crypto_alt_usdt_perpetual,805,339,2026-09-27T19:00:00+00:00,BULLISH,5,5,0,463,463,463,81.20950323974083,89.41684665226782,53.779697624190064,0.596252129471897,1.3056903396559516,0.28500000000000003,0.6419106532748242,2.132642086472447,,,,
2026-09-27T19:23:54.525796+00:00,crypto_alt_usdt_perpetual,805,339,2026-09-27T19:15:00+00:00,BULLISH,5,5,0,463,463,463,71.92224622030237,90.28077753779698,54.64362850971922,0.4096961420279932,1.5107007973143238,0.363,0.8159086124713721,2.3404488013362035,,,,
2026-09-27T19:37:38.217860+00:00,crypto_alt_usdt_perpetual,805,339,2026-09-27T19:30:00+00:00,BULLISH,6,6,0,463,463,463,56.371490280777536,90.28077753779698,55.93952483801296,0.11299435028246929,1.6355540332248841,0.333,0.7820385393883522,2.393404988303205,,,,
2026-09-27T19:50:27.366463+00:00,crypto_alt_usdt_perpetual,805,339,2026-09-27T19:45:00+00:00,NEUTRAL,1,3,2,463,463,463,43.84449244060475,85.96112311015119,54.85961123110151,-0.04739336492890489,1.4190558934260133,0.312,0.5523532481886306,2.139853247382195,,,,
2026-09-27T20:09:22.316710+00:00,crypto_alt_usdt_perpetual,805,339,2026-09-27T20:00:00+00:00,NEUTRAL,2,4,2,463,463,463,20.734341252699785,78.18574514038878,62.20302375809935,-0.33617791569692246,1.028586695164302,0.776,0.18627206127205254,1.7835526892244213,,,,
2026-09-27T20:25:32.466679+00:00,crypto_alt_usdt_perpetual,805,339,2026-09-27T20:15:00+00:00,BULLISH,3,4,1,463,463,463,45.57235421166307,76.45788336933046,62.20302375809935,-0.009111617312074216,0.7964954201513441,0.709,0.07003191867659408,1.4697767591503874,,,,
2026-09-27T20:39:18.705587+00:00,crypto_alt_usdt_perpetual,805,339,2026-09-27T20:30:00+00:00,NEUTRAL,2,4,2,463,463,463,22.24622030237581,66.09071274298056,62.41900647948164,-0.32807373847836274,0.41729648721626766,0.715,-0.25323299930870014,1.0106545910961495,,,,
2026-09-27T20:51:56.011073+00:00,crypto_alt_usdt_perpetual,805,339,2026-09-27T20:45:00+00:00,NEUTRAL,2,4,2,463,463,463,26.997840172786177,72.57019438444924,76.45788336933046,-0.26445032111824807,0.5694760820045497,1.736,-0.04402719838237368,1.1404364768894726,,,,
2026-09-27T21:09:15.081623+00:00,crypto_alt_usdt_perpetual,805,339,2026-09-27T21:00:00+00:00,NEUTRAL,2,4,2,463,463,463,19.22246220302376,65.2267818574514,66.09071274298056,-0.41220115416322756,0.282251369749309,0.996,-0.23568262754078972,0.9468825179116958,,,,
2026-09-27T21:25:28.241863+00:00,crypto_alt_usdt_perpetual,805,339,2026-09-27T21:15:00+00:00,NEUTRAL,2,4,2,463,463,463,16.198704103671705,64.57883369330453,66.30669546436285,-0.3943661971831047,0.3316405845165127,1.05,-0.2306157476537618,0.8951964447062921,,,,
2026-09-27T21:39:14.443322+00:00,crypto_alt_usdt_perpetual,805,339,2026-09-27T21:30:00+00:00,BULLISH,6,6,0,463,463,463,58.74730021598272,69.76241900647948,57.66738660907127,0.15591502631064902,0.5344021376085362,0.482,-0.09817174055029576,1.1366654001207066,,,,
2026-09-27T21:50:56.190547+00:00,crypto_alt_usdt_perpetual,805,339,2026-09-27T21:45:00+00:00,NEUTRAL,2,4,2,463,463,463,37.365010799136066,60.259179265658744,60.69114470842332,-0.11849421201349797,0.23419203747074846,0.625,-0.4314104105113181,0.8566336673488717,,,,
2026-09-27T22:09:10.160494+00:00,crypto_alt_usdt_perpetual,805,339,2026-09-27T22:00:00+00:00,BULLISH,3,4,1,463,463,463,69.3304535637149,59.1792656587473,48.81209503239741,0.29871977240398806,0.17928031758227547,-0.036000000000000004,-0.4144424380050249,0.8092216670803953,,,,
2026-09-27T22:41:57.733505+00:00,crypto_alt_usdt_perpetual,805,339,2026-09-27T22:30:00+00:00,BEARISH,-5,0,5,463,463,463,14.902807775377969,23.326133909287257,45.57235421166307,-0.6567164179104634,-0.5984042553191404,-0.199,-1.4046052906707907,-0.03319904799392592,,,,
2026-09-27T22:52:21.741306+00:00,crypto_alt_usdt_perpetual,805,339,2026-09-27T22:45:00+00:00,BEARISH,-6,0,6,463,463,463,12.095032397408207,15.766738660907128,43.628509719222464,-0.6848357791754078,-0.9674206857305467,-0.356,-1.8529639832841505,-0.37684634181103793,,,,
2026-09-27T23:52:56.692218+00:00,crypto_alt_usdt_perpetual,805,339,2026-09-27T23:45:00+00:00,NEUTRAL,0,2,2,463,463,463,80.34557235421167,25.053995680345572,49.46004319654428,0.4130434782608772,-0.6006561012798728,0.0,-1.3001960271912583,0.008340283569641116,,,,
2026-09-28T00:14:16.311734+00:00,crypto_alt_usdt_perpetual,805,339,2026-09-28T00:00:00+00:00,NEUTRAL,2,3,1,463,463,463,88.33693304535637,46.220302375809936,54.21166306695464,0.7866273352999054,-0.06662225183210468,0.312,-0.7507264654297352,0.6325807820824481,,,,
2026-09-28T00:37:49.764791+00:00,crypto_alt_usdt_perpetual,805,339,2026-09-28T00:30:00+00:00,BULLISH,5,5,0,463,463,463,85.7451403887689,67.81857451403887,52.05183585313175,0.8743414415424366,0.5260850504164694,0.079,-0.20604118915504288,1.2454552882062209,,,,
2026-09-28T00:57:41.723569+00:00,crypto_alt_usdt_perpetual,805,339,2026-09-28T00:45:00+00:00,NEUTRAL,-2,2,4,463,463,463,43.412526997840175,32.39740820734341,59.1792656587473,-0.07200288011520728,-0.430839002267569,0.482,-1.1879620836825422,0.2008105002117011,,,,
2026-09-28T01:09:41.692710+00:00,crypto_alt_usdt_perpetual,805,339,2026-09-28T01:00:00+00:00,NEUTRAL,-2,2,4,463,463,463,23.326133909287257,41.25269978401728,58.31533477321814,-0.5278927093736563,-0.1984564498346164,0.562,-0.9743565593627657,0.48724146613431385,,,,
2026-09-28T01:26:44.249229+00:00,crypto_alt_usdt_perpetual,805,339,2026-09-28T01:15:00+00:00,BEARISH,-3,1,4,463,463,463,17.49460043196544,26.13390928725702,53.131749460043196,-0.5823186871360408,-0.690807799442894,0.196,-1.5521802921404093,0.05668442273493168,,,,
2026-09-28T01:40:32.138753+00:00,crypto_alt_usdt_perpetual,805,339,2026-09-28T01:30:00+00:00,BEARISH,-5,0,5,463,463,463,9.071274298056155,26.565874730021598,46.652267818574515,-1.0032362459546973,-0.5973295853830107,-0.217,-1.3587674002339178,0.04384425845165296,,,,
2026-09-28T01:53:00.922152+00:00,crypto_alt_usdt_perpetual,805,339,2026-09-28T01:45:00+00:00,BEARISH,-6,0,6,463,463,463,20.734341252699785,20.086393088552917,33.47732181425486,-0.5469462169553352,-0.8100810081008047,-1.009,-1.6445039088770819,-0.22233641717204766,,,,
2026-09-28T02:09:26.215782+00:00,crypto_alt_usdt_perpetual,805,339,2026-09-28T02:00:00+00:00,BEARISH,-6,0,6,463,463,463,12.958963282937365,12.311015118790497,29.805615550755938,-0.932835820895539,-1.460988498601179,-1.229,-2.1606058894218405,-0.6665556149966778,,,,
2026-09-28T02:27:42.914456+00:00,crypto_alt_usdt_perpetual,805,339,2026-09-28T02:15:00+00:00,BEARISH,-5,0,5,463,463,463,31.749460043196546,47.30021598272138,33.909287257019436,-0.3568242640499597,-0.03631741420010437,-1.022,-0.8667680365535113,0.8563508563508626,,,,
2026-09-28T02:41:57.844157+00:00,crypto_alt_usdt_perpetual,805,339,2026-09-28T02:30:00+00:00,BEARISH,-6,0,6,463,463,463,14.47084233261339,22.4622030237581,28.94168466522678,-0.9080455212339911,-0.8293979919837935,-1.5,-1.7373427120896179,-0.09287681223924538,,,,
2026-09-28T02:54:22.542107+00:00,crypto_alt_usdt_perpetual,805,339,2026-09-28T02:45:00+00:00,BEARISH,-6,0,6,463,463,463,15.766738660907128,19.870410367170628,26.997840172786177,-0.9186645753977207,-0.9992313604919256,-1.916,-1.8896140500970215,-0.22423530783722834,,,,
2026-09-28T03:10:21.022011+00:00,crypto_alt_usdt_perpetual,805,339,2026-09-28T03:00:00+00:00,BEARISH,-6,0,6,463,463,463,15.550755939524837,12.095032397408207,25.26997840172786,-1.0366051182377656,-1.7126269956458606,-1.865,-2.709187482055697,-0.8036686098944257,,,,
2026-09-28T03:28:58.242436+00:00,crypto_alt_usdt_perpetual,805,339,2026-09-28T03:15:00+00:00,BEARISH,-6,0,6,463,463,463,7.34341252699784,11.01511879049676,19.22246220302376,-1.5165336374002192,-1.925370591242126,-2.6710000000000003,-2.9125743929853067,-1.017543265898646,,,,
2026-09-28T03:44:45.641164+00:00,crypto_alt_usdt_perpetual,805,339,2026-09-28T03:30:00+00:00,BEARISH,-6,0,6,463,463,463,4.535637149028077,5.615550755939525,20.518358531317496,-1.9866589327146134,-3.0434782608695587,-2.711,-3.9436732913373183,-2.0311302222633723,,,,
2026-09-28T03:56:44.937455+00:00,crypto_alt_usdt_perpetual,805,339,2026-09-28T03:45:00+00:00,BEARISH,-6,0,6,463,463,463,12.742980561555076,8.423326133909287,20.734341252699785,-1.1111815281914739,-2.6530885702800378,-2.702,-3.681112618774529,-1.7282270588635906,,,,
2026-09-28T04:10:13.982353+00:00,crypto_alt_usdt_perpetual,804,339,2026-09-28T04:00:00+00:00,BEARISH,-6,0,6,462,462,462,16.017316017316016,4.978354978354979,19.264069264069263,-0.7775995021909787,-3.3079906204906195,-2.8449999999999998,-4.336235547801295,-2.2863981179515434,,,,
2026-09-28T04:29:14.636112+00:00,crypto_alt_usdt_perpetual,804,339,2026-09-28T04:15:00+00:00,BEARISH,-6,0,6,462,462,462,15.8008658008658,4.545454545454546,23.16017316017316,-0.6825426391505629,-3.360330124398941,-2.3454999999999995,-4.311018600761207,-2.291633544149929,,,,
2026-09-28T04:57:18.705173+00:00,crypto_alt_usdt_perpetual,804,339,2026-09-28T04:45:00+00:00,NEUTRAL,-2,2,4,462,462,462,62.98701298701299,8.658008658008658,24.675324675324674,0.20545376279029748,-2.448651925677714,-1.9090000000000003,-3.2114688494031096,-1.4189983839955762,,,,
2026-09-28T05:09:40.057896+00:00,crypto_alt_usdt_perpetual,804,339,2026-09-28T05:00:00+00:00,NEUTRAL,-2,2,4,462,462,462,73.80952380952381,8.874458874458874,17.532467532467532,0.4168284855793791,-2.5211109499947035,-3.057,-3.231131335702756,-1.3867329407115603,,,,
2026-09-28T05:28:28.311390+00:00,crypto_alt_usdt_perpetual,804,339,2026-09-28T05:15:00+00:00,BEARISH,-6,0,6,462,462,462,32.900432900432904,8.008658008658008,13.852813852813853,-0.2832700003460975,-3.0163062495625947,-3.9335000000000004,-3.8515454737816173,-1.951586078577114,,,,
2026-09-28T05:42:30.609572+00:00,crypto_alt_usdt_perpetual,804,339,2026-09-28T05:30:00+00:00,BEARISH,-6,0,6,462,462,462,10.38961038961039,5.627705627705628,11.255411255411255,-1.0768643986196536,-3.541298332793458,-4.500500000000001,-4.45889248562179,-2.430388631425112,,,,
2026-09-28T05:54:04.523238+00:00,crypto_alt_usdt_perpetual,804,339,2026-09-28T05:45:00+00:00,BEARISH,-6,0,6,462,462,462,8.008658008658008,7.575757575757576,12.337662337662337,-1.1392630432326578,-3.0919902225654994,-4.202,-3.9208796364164633,-1.9761839345216634,,,,
2026-09-28T06:13:16.528277+00:00,crypto_alt_usdt_perpetual,804,339,2026-09-28T06:00:00+00:00,BEARISH,-6,0,6,462,462,462,8.658008658008658,9.74025974025974,14.285714285714286,-1.1765790634080453,-2.681032121753335,-3.7215,-3.4312998920109274,-1.591330027403978,,,,
2026-09-28T07:10:45.556364+00:00,crypto_alt_usdt_perpetual,804,339,2026-09-28T07:00:00+00:00,BEARISH,-6,0,6,462,462,462,18.3982683982684,11.904761904761905,10.606060606060606,-0.4437845560811171,-2.11770801987744,-4.878,-2.797304268294615,-1.1300244333698695,,,,
2026-09-28T07:16:01.675162+00:00,crypto_alt_usdt_perpetual,804,339,2026-09-28T07:15:00+00:00,BEARISH,-6,0,6,462,462,462,7.575757575757576,10.822510822510823,9.74025974025974,-1.012537200988467,-2.008136945293515,-5.112,-2.8214463106050247,-1.1723433051136156,,,,
2026-09-28T07:32:41.030593+00:00,crypto_alt_usdt_perpetual,804,339,2026-09-28T07:30:00+00:00,BEARISH,-6,0,6,462,462,462,7.359307359307359,9.74025974025974,8.225108225108226,-1.0423337259472643,-2.1785758635606167,-6.1945,-2.854398218729057,-1.3200384123570774,,,,
2026-09-28T07:55:40.532214+00:00,crypto_alt_usdt_perpetual,804,339,2026-09-28T07:45:00+00:00,BEARISH,-6,0,6,462,462,462,5.8441558441558445,7.575757575757576,8.008658008658008,-1.2272835236390445,-2.539127381444989,-6.614,-3.3165099286910724,-1.5440104681120919,,,,
2026-09-28T08:12:20.532764+00:00,crypto_alt_usdt_perpetual,804,339,2026-09-28T08:00:00+00:00,BEARISH,-6,0,6,462,462,462,4.978354978354979,7.142857142857143,7.792207792207792,-1.3939056970183272,-2.615876507876491,-6.3905,-3.3922249024450983,-1.718631515090241,,,,
2026-09-28T08:31:19.138658+00:00,crypto_alt_usdt_perpetual,804,339,2026-09-28T08:30:00+00:00,NEUTRAL,-2,2,4,462,462,462,64.71861471861472,6.0606060606060606,7.792207792207792,0.2642090870009439,-2.549110458144599,-6.270999999999999,-3.2235203034204325,-1.587935353708833,,,,
2026-09-28T08:47:45.094273+00:00,crypto_alt_usdt_perpetual,804,339,2026-09-28T08:45:00+00:00,BEARISH,-6,0,6,462,462,462,39.17748917748918,4.978354978354979,6.70995670995671,-0.14792444633238144,-2.9427873432793072,-6.455,-3.709804096297803,-2.0279157079004904,,,,
2026-09-28T09:12:24.298699+00:00,crypto_alt_usdt_perpetual,804,339,2026-09-28T09:00:00+00:00,NEUTRAL,-2,2,4,462,462,462,67.31601731601732,6.4935064935064934,7.359307359307359,0.28381208486170095,-2.831459968039074,-6.640000000000001,-3.5186848072562364,-1.932083626435452,,,,
2026-09-28T10:29:55.688180+00:00,crypto_alt_usdt_perpetual,804,339,2026-09-28T10:15:00+00:00,BEARISH,-6,0,6,462,462,462,40.476190476190474,7.359307359307359,6.926406926406926,-0.13331520903021588,-2.4776591919599356,-6.5655,-3.2847564739416133,-1.6479785892786618,,,,
2026-09-28T10:42:14.775938+00:00,crypto_alt_usdt_perpetual,804,339,2026-09-28T10:30:00+00:00,BEARISH,-6,0,6,462,462,462,38.96103896103896,14.935064935064934,7.359307359307359,-0.1425049600051964,-1.3984908012743213,-6.059,-2.2620930228447493,-0.5638561750331283,,,,
2026-09-28T11:56:29.770603+00:00,crypto_alt_usdt_perpetual,804,339,2026-09-28T11:45:00+00:00,NEUTRAL,2,4,2,462,462,462,55.41125541125541,57.79220779220779,7.142857142857143,0.07259643863741783,0.21412683917201303,-5.966,-0.4728262781253989,1.0065306757301884,,,,
2026-09-28T12:12:25.264504+00:00,crypto_alt_usdt_perpetual,804,339,2026-09-28T12:00:00+00:00,NEUTRAL,2,4,2,462,462,462,62.98701298701299,68.61471861471861,8.008658008658008,0.12602999942822324,0.5556048389383839,-4.9465,-0.19453118354348653,1.3261019063984303,,,,
2026-09-28T12:34:58.096996+00:00,crypto_alt_usdt_perpetual,804,339,2026-09-28T12:30:00+00:00,NEUTRAL,2,4,2,462,462,462,91.55844155844156,80.73593073593074,9.307359307359308,1.2554875195889603,1.3651557843202489,-4.761000000000001,0.4938716073906224,2.163432366969115,,,,
2026-09-28T12:58:19.928741+00:00,crypto_alt_usdt_perpetual,804,339,2026-09-28T12:45:00+00:00,NEUTRAL,2,4,2,462,462,462,90.25974025974025,86.36363636363636,10.173160173160174,1.0220195051672043,1.4786597347586028,-4.490500000000001,0.6853413538270237,2.2170169619299185,,,,
2026-09-28T13:12:25.956723+00:00,crypto_alt_usdt_perpetual,804,339,2026-09-28T13:00:00+00:00,NEUTRAL,2,4,2,462,462,462,90.6926406926407,87.44588744588745,11.03896103896104,1.2894464409257345,1.6013385633026789,-4.292,0.7736191540609727,2.3291928664493367,,,,
2026-09-28T13:29:54.470345+00:00,crypto_alt_usdt_perpetual,804,339,2026-09-28T13:15:00+00:00,NEUTRAL,-2,2,4,462,462,462,31.385281385281385,87.44588744588745,9.956709956709958,-0.242247528928502,1.4681389947557077,-4.261,0.6194934760075488,2.0704917589931817,,,,
2026-09-28T13:46:38.105797+00:00,crypto_alt_usdt_perpetual,804,339,2026-09-28T13:45:00+00:00,NEUTRAL,-2,2,4,462,462,462,44.37229437229437,91.34199134199135,11.471861471861471,-0.07078922260592146,2.1238863887156456,-3.9939999999999998,1.1676600503020163,2.873170573759875,,,,
2026-09-28T14:02:38.716145+00:00,crypto_alt_usdt_perpetual,804,339,2026-09-28T14:00:00+00:00,NEUTRAL,-2,2,4,462,462,462,14.069264069264069,89.17748917748918,9.74025974025974,-0.6319546687419408,1.848219529442785,-4.853,1.0477900306816557,2.5971781227735855,,,,
2026-09-28T14:17:03.578379+00:00,crypto_alt_usdt_perpetual,804,339,2026-09-28T14:15:00+00:00,NEUTRAL,-2,2,4,462,462,462,11.904761904761905,74.89177489177489,8.874458874458874,-0.7478714450166735,0.8322239686918587,-5.291,0.005983008256549294,1.5274521783981976,,,,
2026-09-28T14:35:06.998966+00:00,crypto_alt_usdt_perpetual,804,339,2026-09-28T14:30:00+00:00,BEARISH,-6,0,6,462,462,462,4.761904761904762,28.138528138528137,7.792207792207792,-2.0358132616090874,-0.7315780400511507,-5.864,-1.5832419867171295,0.09001693751699569,,,,
2026-09-28T15:14:07.123035+00:00,crypto_alt_usdt_perpetual,804,339,2026-09-28T15:00:00+00:00,BEARISH,-6,0,6,462,462,462,3.2467532467532467,14.285714285714286,7.575757575757576,-2.2036700587247937,-1.403005129860918,-5.817,-2.1212522937661404,-0.6649008990886107,,,,
2026-09-28T15:32:13.694396+00:00,crypto_alt_usdt_perpetual,804,339,2026-09-28T15:30:00+00:00,BEARISH,-3,1,4,462,462,462,52.5974025974026,16.450216450216452,8.008658008658008,0.05790394817825062,-1.1311033696890127,-5.4575000000000005,-1.9544427996500442,-0.3529378568336461,,,,
2026-09-28T15:49:02.309389+00:00,crypto_alt_usdt_perpetual,804,339,2026-09-28T15:45:00+00:00,NEUTRAL,-2,2,4,462,462,462,76.4069264069264,17.748917748917748,8.008658008658008,0.5121340877498048,-1.0768607069779779,-5.508,-1.8914805416439306,-0.32949994227712,,,,
2026-09-28T16:12:02.878372+00:00,crypto_alt_usdt_perpetual,804,339,2026-09-28T16:00:00+00:00,NEUTRAL,-2,2,4,462,462,462,83.33333333333333,24.242424242424242,8.441558441558442,0.7161983815104689,-0.8238084538631896,-5.654,-1.71040971349557,-0.012567481496342237,,,,
2026-09-28T16:31:02.715917+00:00,crypto_alt_usdt_perpetual,804,339,2026-09-28T16:30:00+00:00,NEUTRAL,-2,2,4,462,462,462,95.02164502164503,29.004329004329005,11.471861471861471,1.7978021016622159,-0.596732659078758,-4.388,-1.3908595310553857,0.1896547830424311,,,,
2026-09-28T16:58:44.839327+00:00,crypto_alt_usdt_perpetual,804,339,2026-09-28T16:45:00+00:00,NEUTRAL,-2,2,4,462,462,462,93.93939393939394,23.16017316017316,9.307359307359308,1.175956384340271,-0.9671349799688866,-4.789,-1.8276148803296448,-0.03856763539220043,,,,
2026-09-28T17:12:27.936896+00:00,crypto_alt_usdt_perpetual,804,339,2026-09-28T17:00:00+00:00,NEUTRAL,-2,2,4,462,462,462,89.39393939393939,14.718614718614718,9.090909090909092,0.7882174377243922,-1.2686379405375592,-5.185499999999999,-2.1426998534023136,-0.5157801931976486,,,,
2026-09-28T17:28:54.208385+00:00,crypto_alt_usdt_perpetual,804,339,2026-09-28T17:15:00+00:00,NEUTRAL,-2,2,4,462,462,462,90.9090909090909,39.39393939393939,10.173160173160174,1.1898343700892378,-0.3212391389594005,-4.8715,-1.1675531406848294,0.49010325671900445,,,,
2026-09-28T17:41:38.643680+00:00,crypto_alt_usdt_perpetual,804,339,2026-09-28T17:30:00+00:00,BEARISH,-6,0,6,462,462,462,19.264069264069263,25.10822510822511,11.255411255411255,-0.5026790503211143,-0.6691481679414191,-4.74,-1.5699580568211247,0.01658191465841452,,,,
2026-09-28T17:54:39.789148+00:00,crypto_alt_usdt_perpetual,804,339,2026-09-28T17:45:00+00:00,NEUTRAL,-2,2,4,462,462,462,60.60606060606061,24.458874458874458,9.956709956709958,0.15049412773009418,-0.7202969040222162,-4.967,-1.5097634143183574,0.0,,,,
2026-09-28T18:12:03.143401+00:00,crypto_alt_usdt_perpetual,804,339,2026-09-28T18:00:00+00:00,NEUTRAL,-2,2,4,462,462,462,73.16017316017316,32.900432900432904,10.173160173160174,0.287585717304506,-0.485022818738412,-4.781499999999999,-1.1240951500936207,0.23655262203275962,,,,
2026-09-28T18:31:58.636442+00:00,crypto_alt_usdt_perpetual,804,339,2026-09-28T18:30:00+00:00,NEUTRAL,2,4,2,462,462,462,71.21212121212122,88.96103896103897,9.74025974025974,0.2831805363491591,1.5620226802153692,-5.3205,0.8716072122738006,2.3438457082899267,,,,
2026-09-28T18:50:24.906144+00:00,crypto_alt_usdt_perpetual,804,339,2026-09-28T18:45:00+00:00,NEUTRAL,-2,2,4,462,462,462,28.78787878787879,89.6103896103896,8.658008658008658,-0.22776494968074767,1.5413411347854789,-5.734999999999999,0.8665953589750364,2.3367987192490447,,,,
2026-09-28T19:10:06.967166+00:00,crypto_alt_usdt_perpetual,804,339,2026-09-28T19:00:00+00:00,NEUTRAL,-1,2,3,462,462,462,48.05194805194805,91.55844155844156,8.874458874458874,-0.010460808310780445,1.8448745233648034,-6.128,1.0857428984482498,2.5269242958401716,,,,
2026-09-28T19:27:19.194806+00:00,crypto_alt_usdt_perpetual,804,339,2026-09-28T19:15:00+00:00,NEUTRAL,-2,2,4,462,462,462,7.359307359307359,86.36363636363636,8.008658008658008,-1.0656643433860302,1.202624925786555,-6.376,0.4959407162897389,1.884715579754287,,,,
2026-09-28T19:41:35.298551+00:00,crypto_alt_usdt_perpetual,804,339,2026-09-28T19:30:00+00:00,NEUTRAL,-2,2,4,462,462,462,6.926406926406926,68.83116883116882,7.575757575757576,-1.11355467697008,0.4952859847593416,-7.170999999999999,-0.13245021050845296,1.182190079068074,,,,
2026-09-28T19:54:21.349123+00:00,crypto_alt_usdt_perpetual,804,339,2026-09-28T19:45:00+00:00,BEARISH,-6,0,6,462,462,462,4.761904761904762,33.333333333333336,7.575757575757576,-1.5204628808944465,-0.3723541098496652,-6.8495,-1.005629647581177,0.26338475845131826,,,,
2026-09-28T20:08:54.604611+00:00,crypto_alt_usdt_perpetual,804,339,2026-09-28T20:00:00+00:00,BEARISH,-6,0,6,462,462,462,3.896103896103896,26.83982683982684,8.008658008658008,-1.625279755496728,-0.49849130280439913,-6.5205,-1.0916868140645075,0.07853705457680493,,,,
2026-09-28T20:26:49.863493+00:00,crypto_alt_usdt_perpetual,804,339,2026-09-28T20:15:00+00:00,BEARISH,-5,0,5,462,462,462,32.03463203463203,48.05194805194805,9.74025974025974,-0.20099496115473237,-0.03237067826488693,-5.952,-0.6860500610500503,0.5976934951127943,,,,
2026-09-28T20:42:21.419407+00:00,crypto_alt_usdt_perpetual,804,339,2026-09-28T20:30:00+00:00,NEUTRAL,-2,2,4,462,462,462,66.88311688311688,17.0995670995671,10.173160173160174,0.24622393126861875,-1.1297585283929046,-5.764,-1.6907418265954544,-0.4580578417883924,,,,
2026-09-28T20:55:46.337462+00:00,crypto_alt_usdt_perpetual,804,339,2026-09-28T20:45:00+00:00,NEUTRAL,-2,2,4,462,462,462,90.04329004329004,22.51082251082251,10.38961038961039,0.7996279538772466,-0.8038597224825472,-5.7835,-1.4078648490319199,-0.11901563865903686,,,,
2026-09-28T21:09:51.917355+00:00,crypto_alt_usdt_perpetual,804,339,2026-09-28T21:00:00+00:00,NEUTRAL,-2,2,4,462,462,462,91.12554112554112,24.458874458874458,10.606060606060606,0.6745756807017833,-0.6858746403603067,-5.570500000000001,-1.1806954531675906,-0.04950799446755416,,,,
2026-09-28T21:27:01.297555+00:00,crypto_alt_usdt_perpetual,804,339,2026-09-28T21:15:00+00:00,NEUTRAL,-2,2,4,462,462,462,69.48051948051948,16.450216450216452,9.090909090909092,0.25084609060599394,-0.9368830216992807,-6.218,-1.4808085193147469,-0.24279109184920933,,,,
2026-09-28T21:40:04.162856+00:00,crypto_alt_usdt_perpetual,804,339,2026-09-28T21:30:00+00:00,BEARISH,-6,0,6,462,462,462,21.645021645021647,16.666666666666668,8.658008658008658,-0.3907114116577348,-0.9446548258642107,-6.0725,-1.4822389444093587,-0.3872129348410469,,,,
2026-09-28T21:53:52.756765+00:00,crypto_alt_usdt_perpetual,804,339,2026-09-28T21:45:00+00:00,BEARISH,-6,0,6,462,462,462,16.450216450216452,10.38961038961039,7.792207792207792,-0.43665586606638773,-1.3521155771636706,-6.468,-1.8746342336833948,-0.8304670381010931,,,,
2026-09-28T22:09:47.913180+00:00,crypto_alt_usdt_perpetual,803,338,2026-09-28T22:00:00+00:00,BEARISH,-6,0,6,462,462,462,13.636363636363637,9.307359307359308,8.008658008658008,-0.553262167670665,-1.451083279904497,-6.138,-2.0782747857542585,-0.9240751640683442,,,,
2026-09-28T22:26:21.519505+00:00,crypto_alt_usdt_perpetual,802,337,2026-09-28T22:15:00+00:00,BEARISH,-6,0,6,462,462,462,4.329004329004329,5.411255411255412,8.225108225108226,-1.1546174901736983,-2.134024277146107,-6.154,-2.7570027114695113,-1.5285607035675608,,,,
2026-09-28T22:40:18.450122+00:00,crypto_alt_usdt_perpetual,802,337,2026-09-28T22:30:00+00:00,BEARISH,-6,0,6,462,462,462,12.121212121212121,7.142857142857143,9.090909090909092,-0.6554291281021973,-1.8913250742466803,-5.812,-2.4245893501461255,-1.282414029274817,,,,
2026-09-28T22:53:11.751070+00:00,crypto_alt_usdt_perpetual,802,337,2026-09-28T22:45:00+00:00,BEARISH,-3,1,4,462,462,462,53.246753246753244,13.636363636363637,9.74025974025974,0.060868268768643485,-1.0933303087190815,-5.4885,-1.6861172641080806,-0.48876909317113193,,,,
2026-09-28T23:09:12.901085+00:00,crypto_alt_usdt_perpetual,802,337,2026-09-28T23:00:00+00:00,NEUTRAL,-2,2,4,462,462,462,83.33333333333333,15.367965367965368,10.822510822510823,0.5636820491123018,-0.9362028693100433,-5.057,-1.5643876282513403,-0.3471939000046498,,,,
2026-09-28T23:26:13.990814+00:00,crypto_alt_usdt_perpetual,802,337,2026-09-28T23:15:00+00:00,NEUTRAL,0,2,2,462,462,462,94.15584415584415,49.78354978354978,10.38961038961039,1.1736924969405815,0.0,-5.015499999999999,-0.5491067152992218,0.5727548213836642,,,,
2026-09-28T23:40:07.749718+00:00,crypto_alt_usdt_perpetual,802,337,2026-09-28T23:30:00+00:00,NEUTRAL,2,4,2,462,462,462,95.45454545454545,73.37662337662337,10.606060606060606,1.4923100696275005,0.5830765436526941,-4.975,-0.008675534991331446,1.2115780253803887,,,,
2026-09-28T23:52:57.245089+00:00,crypto_alt_usdt_perpetual,802,337,2026-09-28T23:45:00+00:00,NEUTRAL,2,4,2,462,462,462,92.20779220779221,90.25974025974025,9.523809523809524,1.0930478780234787,1.481373410577902,-5.281499999999999,0.8560807560914319,2.0475889652769865,,,,
2026-09-29T00:13:53.164891+00:00,crypto_alt_usdt_perpetual,802,337,2026-09-29T00:00:00+00:00,NEUTRAL,2,4,2,462,462,462,91.991341991342,91.34199134199135,9.307359307359308,0.8737123669896651,1.5625208679874047,-5.108499999999999,0.8822515427059308,2.1316069559583317,,,,
2026-09-29T00:35:50.726411+00:00,crypto_alt_usdt_perpetual,804,339,2026-09-29T00:30:00+00:00,NEUTRAL,1,3,2,462,462,462,52.5974025974026,66.88311688311688,9.090909090909092,0.06561724993111584,0.4356404276730452,-4.996,-0.20158286643965628,1.0295521143514341,,,,
2026-09-29T00:58:29.317915+00:00,crypto_alt_usdt_perpetual,804,339,2026-09-29T00:45:00+00:00,NEUTRAL,2,4,2,462,462,462,60.38961038961039,80.95238095238095,8.441558441558442,0.16242702455170344,0.8334708354780562,-5.387499999999999,0.2274245344770165,1.5146667512987766,,,,
2026-09-29T01:11:58.319851+00:00,crypto_alt_usdt_perpetual,804,339,2026-09-29T01:00:00+00:00,BEARISH,-3,1,4,462,462,462,10.822510822510823,54.112554112554115,7.142857142857143,-0.7281060715004672,0.14730758285554924,-5.925000000000001,-0.5832755264077338,0.8125324901417319,,,,
2026-09-29T02:17:28.590320+00:00,crypto_alt_usdt_perpetual,804,339,2026-09-29T02:15:00+00:00,BEARISH,-6,0,6,462,462,462,11.255411255411255,19.913419913419915,8.008658008658008,-1.0220392048585158,-0.7534882425811851,-6.3505,-1.4538899802756107,-0.1220985082029058,,,,
2026-09-29T02:40:35.373595+00:00,crypto_alt_usdt_perpetual,804,339,2026-09-29T02:30:00+00:00,BEARISH,-6,0,6,462,462,462,17.532467532467532,11.03896103896104,8.225108225108226,-0.638432515125209,-1.2977818254403917,-6.2235,-2.0193290213512682,-0.6367646880577366,,,,
2026-09-29T02:53:56.714508+00:00,crypto_alt_usdt_perpetual,804,339,2026-09-29T02:45:00+00:00,BEARISH,-6,0,6,462,462,462,27.92207792207792,8.225108225108226,9.523809523809524,-0.4009989923188295,-1.5183839123461884,-5.782500000000001,-2.2441684087533664,-0.878096127836317,,,,
2026-09-29T03:10:22.680532+00:00,crypto_alt_usdt_perpetual,804,339,2026-09-29T03:00:00+00:00,BEARISH,-6,0,6,462,462,462,17.0995670995671,7.575757575757576,10.822510822510823,-0.6630607231420116,-1.8996723419302919,-5.2485,-2.648552437318688,-1.135731458517522,,,,
2026-09-29T03:29:09.610997+00:00,crypto_alt_usdt_perpetual,804,339,2026-09-29T03:15:00+00:00,BEARISH,-6,0,6,462,462,462,39.82683982683983,8.008658008658008,13.41991341991342,-0.12791825013397373,-1.9523056788987359,-3.819,-2.779025086066078,-1.1932845486431782,,,,
2026-09-29T03:45:02.324421+00:00,crypto_alt_usdt_perpetual,804,339,2026-09-29T03:45:00+00:00,NEUTRAL,-2,2,4,462,462,462,94.8051948051948,10.822510822510823,13.636363636363637,1.3029011413987157,-1.4813441459654575,-3.7655,-2.198091926256354,-0.6235096085415337,,,,
2026-09-29T04:43:24.190975+00:00,crypto_alt_usdt_perpetual,804,339,2026-09-29T04:30:00+00:00,NEUTRAL,-2,2,4,462,462,462,64.06926406926407,14.718614718614718,13.636363636363637,0.18698610299584528,-1.2601501849054786,-3.8884999999999996,-1.9846606056025866,-0.584664295184939,,,,
2026-09-29T04:55:38.647051+00:00,crypto_alt_usdt_perpetual,804,339,2026-09-29T04:45:00+00:00,BEARISH,-5,0,5,462,462,462,46.32034632034632,11.255411255411255,13.203463203463203,-0.024143550008881576,-1.7473450517257128,-4.0489999999999995,-2.469941454048566,-0.9108220482945933,,,,
2026-09-29T05:09:35.391246+00:00,crypto_alt_usdt_perpetual,804,339,2026-09-29T05:00:00+00:00,NEUTRAL,-2,2,4,462,462,462,61.25541125541125,18.83116883116883,13.41991341991342,0.1591593826142157,-1.0368931862214437,-3.649,-1.7544658456519757,-0.22968093551140323,,,,
2026-09-29T05:27:41.706168+00:00,crypto_alt_usdt_perpetual,804,339,2026-09-29T05:15:00+00:00,NEUTRAL,-2,2,4,462,462,462,71.64502164502164,44.37229437229437,18.181818181818183,0.2710474427875531,-0.12937393460554225,-2.6285,-0.9111092239193486,0.5426395598497002,,,,
2026-09-29T05:41:53.216663+00:00,crypto_alt_usdt_perpetual,804,339,2026-09-29T05:30:00+00:00,NEUTRAL,2,4,2,462,462,462,57.57575757575758,80.51948051948052,19.48051948051948,0.10272632775206736,0.976398154571223,-2.5825,0.24587099505700705,1.7608384338112737,,,,
2026-09-29T05:55:12.457751+00:00,crypto_alt_usdt_perpetual,804,339,2026-09-29T05:45:00+00:00,NEUTRAL,2,4,2,462,462,462,66.23376623376623,81.38528138528139,20.77922077922078,0.22093888105533255,0.9281209290963321,-2.275,0.2538915521068996,1.6535397022238774,,,,
2026-09-29T06:12:23.045739+00:00,crypto_alt_usdt_perpetual,804,339,2026-09-29T06:00:00+00:00,NEUTRAL,2,4,2,462,462,462,81.16883116883118,83.11688311688312,19.696969696969695,0.50685694856345,0.9820923279609706,-2.367,0.3096596358296455,1.629860814616041,,,,
2026-09-29T06:33:51.321634+00:00,crypto_alt_usdt_perpetual,804,339,2026-09-29T06:30:00+00:00,NEUTRAL,2,4,2,462,462,462,85.28138528138528,94.8051948051948,30.303030303030305,0.6382657217554155,2.294306772060273,-1.322,1.6077135564794176,3.1626368026396623,,,,
2026-09-29T06:58:30.001270+00:00,crypto_alt_usdt_perpetual,804,339,2026-09-29T06:45:00+00:00,NEUTRAL,2,4,2,462,462,462,90.47619047619048,93.93939393939394,37.22943722943723,0.8584983740075547,2.208866692870659,-0.8245,1.5155484426077115,3.067354242596254,,,,
2026-09-29T07:13:37.208868+00:00,crypto_alt_usdt_perpetual,804,339,2026-09-29T07:00:00+00:00,BULLISH,3,4,1,462,462,462,92.20779220779221,95.88744588744589,45.23809523809524,1.0231848980752356,2.639238751355988,-0.429,1.8707328125361855,3.4992482145094534,,,,
2026-09-29T07:30:30.665574+00:00,crypto_alt_usdt_perpetual,804,339,2026-09-29T07:30:00+00:00,BULLISH,6,6,0,462,462,462,89.82683982683983,91.34199134199135,58.00865800865801,0.9787785704174379,1.993045233752544,0.6185,1.1437172145011165,2.8758500719153757,,,,
2026-09-29T07:57:38.322264+00:00,crypto_alt_usdt_perpetual,804,339,2026-09-29T07:45:00+00:00,BULLISH,6,6,0,462,462,462,88.96103896103897,91.34199134199135,65.15151515151516,0.9298858514428909,2.0711682263902076,1.2494999999999998,1.2311501986920548,2.9862880824005678,,,,
2026-09-29T08:12:27.210790+00:00,crypto_alt_usdt_perpetual,804,339,2026-09-29T08:00:00+00:00,BULLISH,6,6,0,462,462,462,80.95238095238095,94.15584415584415,58.874458874458874,0.638796291236321,2.379665225730765,0.6964999999999999,1.564514994978139,3.2888085153747304,,,,
2026-09-29T08:30:50.099207+00:00,crypto_alt_usdt_perpetual,804,339,2026-09-29T08:30:00+00:00,BULLISH,6,6,0,462,462,462,80.08658008658008,94.37229437229438,63.41991341991342,0.6240398557728843,2.3594236821020242,1.0550000000000002,1.584764495341373,3.13450296226902,,,,
2026-09-29T08:59:11.986070+00:00,crypto_alt_usdt_perpetual,804,339,2026-09-29T08:45:00+00:00,BULLISH,5,5,0,462,462,462,54.76190476190476,91.991341991342,65.36796536796537,0.08468116203012022,2.2770318183310323,1.061,1.3485488510075139,3.0658252360410256,,,,
2026-09-29T09:14:57.243980+00:00,crypto_alt_usdt_perpetual,804,339,2026-09-29T09:00:00+00:00,BULLISH,5,5,0,462,462,462,52.16450216450217,92.42424242424242,69.26406926406926,0.04699677211175146,2.2660355187016368,1.323,1.4584424621515768,3.179411691224221,,,,
2026-09-29T09:32:29.644130+00:00,crypto_alt_usdt_perpetual,804,339,2026-09-29T09:30:00+00:00,NEUTRAL,2,4,2,462,462,462,27.48917748917749,90.04329004329004,68.83116883116882,-0.2945164169343928,2.0247768645735853,1.3085,1.0578562733450925,2.8144422729916405,,,,
2026-09-29T09:49:53.510311+00:00,crypto_alt_usdt_perpetual,804,339,2026-09-29T09:45:00+00:00,BULLISH,6,6,0,462,462,462,63.63636363636363,91.12554112554112,79.22077922077922,0.2168282127134158,2.3115570649377415,2.2695,1.4131378270357764,3.2016307125300347,,,,
2026-09-29T10:11:08.147851+00:00,crypto_alt_usdt_perpetual,804,339,2026-09-29T10:00:00+00:00,BULLISH,6,6,0,462,462,462,75.32467532467533,91.55844155844156,77.92207792207792,0.43257718989279104,2.2501413458373976,2.0135,1.3042769647789554,3.1248388843060413,,,,
2026-09-29T10:30:13.913556+00:00,crypto_alt_usdt_perpetual,804,339,2026-09-29T10:30:00+00:00,BULLISH,6,6,0,462,462,462,77.27272727272727,86.14718614718615,75.10822510822511,0.43779927997111834,1.725952118892038,1.7045000000000001,0.788058093811006,2.5254966575450344,,,,
2026-09-29T10:57:47.927842+00:00,crypto_alt_usdt_perpetual,804,339,2026-09-29T10:45:00+00:00,NEUTRAL,2,4,2,462,462,462,42.857142857142854,83.76623376623377,73.16017316017316,-0.07703959090240575,1.3595396812002947,1.3725,0.5359818994843557,2.1417932361759426,,,,
2026-09-29T11:10:28.829363+00:00,crypto_alt_usdt_perpetual,804,339,2026-09-29T11:00:00+00:00,BULLISH,5,5,0,462,462,462,50.64935064935065,80.95238095238095,71.64502164502164,0.020952198807477895,1.1951407759883237,1.3489999999999998,0.30427984035144573,2.194072058411556,,,,
2026-09-29T11:28:16.068243+00:00,crypto_alt_usdt_perpetual,804,339,2026-09-29T11:15:00+00:00,BULLISH,3,4,1,462,462,462,46.32034632034632,74.24242424242425,72.5108225108225,-0.010246963009996612,0.8194257422341256,1.3845,-0.014158957900700653,1.6695245902922928,,,,
2026-09-29T11:42:06.868904+00:00,crypto_alt_usdt_perpetual,804,339,2026-09-29T11:30:00+00:00,BULLISH,6,6,0,462,462,462,63.85281385281385,76.19047619047619,74.67532467532467,0.21294465176125987,0.8510986655643205,1.6815,0.06702431098460915,1.6977788708932295,,,,
2026-09-29T11:55:43.625973+00:00,crypto_alt_usdt_perpetual,804,339,2026-09-29T11:45:00+00:00,BULLISH,6,6,0,462,462,462,87.22943722943722,83.11688311688312,81.16883116883118,0.7494597336870523,1.1147252202709734,2.158,0.3437262063861468,1.910285299953557,,,,
2026-09-29T12:12:52.991269+00:00,crypto_alt_usdt_perpetual,804,339,2026-09-29T12:00:00+00:00,BULLISH,6,6,0,462,462,462,88.0952380952381,85.93073593073593,67.53246753246754,0.7257664002889519,1.3768529010609099,1.053,0.5834521329682041,2.197440797306599,,,,
2026-09-29T12:35:23.820172+00:00,crypto_alt_usdt_perpetual,804,339,2026-09-29T12:30:00+00:00,BULLISH,6,6,0,462,462,462,74.02597402597402,75.75757575757575,60.38961038961039,0.4959864277470971,0.7681862424194885,0.615,0.025743545452644456,1.595330602497863,,,,
2026-09-29T12:59:42.139152+00:00,crypto_alt_usdt_perpetual,804,339,2026-09-29T12:45:00+00:00,BULLISH,3,4,1,462,462,462,46.103896103896105,77.92207792207792,58.22510822510822,-0.03186474865568001,0.9876311521363479,0.559,0.12264546784453989,1.914592399934395,,,,
2026-09-29T13:17:14.595222+00:00,crypto_alt_usdt_perpetual,804,339,2026-09-29T13:15:00+00:00,NEUTRAL,2,4,2,462,462,462,36.36363636363637,82.46753246753246,65.36796536796537,-0.1704283305399068,1.2762363149056766,1.108,0.4252698240924946,2.2757991685411705,,,,
2026-09-29T13:36:23.367109+00:00,crypto_alt_usdt_perpetual,804,339,2026-09-29T13:30:00+00:00,BULLISH,6,6,0,462,462,462,55.84415584415584,82.25108225108225,63.85281385281385,0.06688259226855786,1.1942571701467508,0.907,0.3951306890900341,2.0769694939917596,,,,
2026-09-29T13:57:04.710813+00:00,crypto_alt_usdt_perpetual,804,339,2026-09-29T13:45:00+00:00,NEUTRAL,2,4,2,462,462,462,42.857142857142854,71.86147186147186,69.91341991341992,-0.10798050490211097,0.6517237279564214,1.267,-0.05939342599694808,1.5263978829245128,,,,
2026-09-29T14:11:44.787339+00:00,crypto_alt_usdt_perpetual,804,339,2026-09-29T14:00:00+00:00,BULLISH,6,6,0,462,462,462,64.06926406926407,71.64502164502164,70.56277056277057,0.19636734862249483,0.6586851352306522,1.4409999999999998,-0.07688058564903899,1.4898618760880111,,,,
2026-09-29T14:30:15.907151+00:00,crypto_alt_usdt_perpetual,804,339,2026-09-29T14:30:00+00:00,NEUTRAL,2,4,2,462,462,462,39.17748917748918,66.66666666666667,87.22943722943722,-0.13881543010239028,0.6533535300709548,3.3745000000000003,-0.25793475819676503,1.5419399769650677,,,,
2026-09-29T14:46:59.176306+00:00,crypto_alt_usdt_perpetual,804,339,2026-09-29T14:45:00+00:00,BULLISH,6,6,0,462,462,462,77.4891774891775,80.3030303030303,88.52813852813853,0.48632668144863445,1.2557518065442919,3.8605,0.18529765484064376,2.2483302976215813,,,,
2026-09-29T15:00:57.064904+00:00,crypto_alt_usdt_perpetual,804,339,2026-09-29T15:00:00+00:00,BULLISH,6,6,0,462,462,462,63.41991341991342,72.72727272727273,87.22943722943722,0.23110966808119748,0.8080274184782299,3.6550000000000002,-0.1192921270399605,1.855571019758101,,,,
2026-09-29T15:19:27.581913+00:00,crypto_alt_usdt_perpetual,804,339,2026-09-29T15:15:00+00:00,NEUTRAL,1,3,2,462,462,462,43.073593073593074,53.46320346320346,86.58008658008659,-0.09217200471473008,0.14958896599563953,3.3815,-0.6816632880558171,1.2555296565033736,,,,
2026-09-29T15:43:31.806781+00:00,crypto_alt_usdt_perpetual,804,339,2026-09-29T15:30:00+00:00,NEUTRAL,-2,2,4,462,462,462,4.545454545454546,22.07792207792208,74.02597402597402,-1.6140113475024809,-0.9463020705722247,1.5619999999999998,-1.9447673050679903,-0.140710608856201,,,,
2026-09-29T15:57:43.581481+00:00,crypto_alt_usdt_perpetual,804,339,2026-09-29T15:45:00+00:00,NEUTRAL,-2,2,4,462,462,462,3.2467532467532467,17.748917748917748,68.83116883116882,-1.7736535074983906,-1.2729424242126697,0.9924999999999999,-2.256375131552821,-0.48153101986369573,,,,
2026-09-29T16:11:48.335421+00:00,crypto_alt_usdt_perpetual,804,339,2026-09-29T16:00:00+00:00,NEUTRAL,-2,2,4,462,462,462,3.6796536796536796,11.688311688311689,70.77922077922078,-2.0297065383973303,-1.8614972206127012,1.0985,-2.7607194317130492,-1.0243095758283554,,,,
2026-09-29T16:31:20.078575+00:00,crypto_alt_usdt_perpetual,804,339,2026-09-29T16:30:00+00:00,NEUTRAL,-1,2,3,462,462,462,59.09090909090909,14.718614718614718,45.887445887445885,0.10042905814210412,-1.4582678842606667,-0.258,-2.083746125950156,-0.49757264646616006,,,,
2026-09-29T16:48:59.263652+00:00,crypto_alt_usdt_perpetual,804,339,2026-09-29T16:45:00+00:00,BEARISH,-6,0,6,462,462,462,20.346320346320347,12.121212121212121,42.64069264069264,-0.711677541137018,-1.9740331458185323,-0.276,-2.7707089566257976,-0.9704660752959365,,,,
2026-09-29T17:09:47.847696+00:00,crypto_alt_usdt_perpetual,804,339,2026-09-29T17:00:00+00:00,BEARISH,-3,1,4,462,462,462,24.025974025974026,12.121212121212121,54.97835497835498,-0.5403235685390584,-2.0018455703244395,0.2655,-2.7632717603163384,-1.0320592129981654,,,,
2026-09-29T17:28:30.550284+00:00,crypto_alt_usdt_perpetual,804,339,2026-09-29T17:15:00+00:00,BEARISH,-6,0,6,462,462,462,11.688311688311689,8.008658008658008,35.714285714285715,-0.881140724691859,-2.3384454390773577,-0.7665,-3.0400024143621724,-1.4082350272232147,,,,
2026-09-29T17:43:11.508568+00:00,crypto_alt_usdt_perpetual,804,339,2026-09-29T17:30:00+00:00,BEARISH,-6,0,6,462,462,462,8.008658008658008,6.70995670995671,37.01298701298701,-1.1040898062000926,-2.6518174857077472,-0.746,-3.4636179681702073,-1.7014497852417154,,,,
2026-09-29T17:56:31.509398+00:00,crypto_alt_usdt_perpetual,804,339,2026-09-29T17:45:00+00:00,BEARISH,-6,0,6,462,462,462,26.623376623376622,8.874458874458874,32.25108225108225,-0.3141024376234536,-2.3473434838160054,-1.2069999999999999,-3.059190051106919,-1.3728033280461598,,,,
2026-09-29T18:12:38.249210+00:00,crypto_alt_usdt_perpetual,804,339,2026-09-29T18:00:00+00:00,BEARISH,-6,0,6,462,462,462,15.584415584415584,5.8441558441558445,33.76623376623377,-0.48935835363550506,-2.8067452882981794,-1.0765000000000002,-3.6271234160587253,-1.859215382758861,,,,
2026-09-29T18:32:49.306861+00:00,crypto_alt_usdt_perpetual,804,339,2026-09-29T18:30:00+00:00,NEUTRAL,-1,2,3,462,462,462,83.98268398268398,11.03896103896104,46.53679653679654,0.6107976424026273,-1.9944155478250403,-0.186,-2.8089882171261875,-1.3047431892284578,,,,
2026-09-29T18:56:55.225718+00:00,crypto_alt_usdt_perpetual,804,339,2026-09-29T18:45:00+00:00,NEUTRAL,1,3,2,462,462,462,90.9090909090909,12.337662337662337,54.32900432900433,0.9648747343959041,-1.8778679580885804,0.2415,-2.5928903983266167,-0.9292322586842483,,,,
2026-09-29T19:10:32.154521+00:00,crypto_alt_usdt_perpetual,804,339,2026-09-29T19:00:00+00:00,NEUTRAL,2,4,2,462,462,462,94.58874458874459,13.41991341991342,67.0995670995671,1.2964596316530463,-1.8014999715983027,1.0074999999999998,-2.532627081213548,-0.7164779465677507,,,,
2026-09-29T19:29:07.796669+00:00,crypto_alt_usdt_perpetual,804,339,2026-09-29T19:15:00+00:00,NEUTRAL,2,4,2,462,462,462,91.34199134199135,23.593073593073594,66.88311688311688,0.8598305467589884,-0.9726294123051704,1.0499999999999998,-1.6844080001562678,-0.04931457409010076,,,,
2026-09-29T19:43:38.612002+00:00,crypto_alt_usdt_perpetual,804,339,2026-09-29T19:30:00+00:00,BULLISH,5,5,0,462,462,462,81.6017316017316,51.298701298701296,76.4069264069264,0.4381853503459987,0.06955571453606257,1.7595,-0.6336024444257571,0.9592251966527798,,,,
2026-09-29T19:54:56.268631+00:00,crypto_alt_usdt_perpetual,804,339,2026-09-29T19:45:00+00:00,NEUTRAL,-2,2,4,462,462,462,30.303030303030305,37.01298701298701,70.99567099567099,-0.2873513700841601,-0.32798071835369313,1.2075,-1.0296862888243608,0.5315422045282292,,,,
2026-09-29T20:10:42.547199+00:00,crypto_alt_usdt_perpetual,804,339,2026-09-29T20:00:00+00:00,NEUTRAL,-2,2,4,462,462,462,16.450216450216452,35.93073593073593,61.25541125541125,-0.6011493741019391,-0.33813781686113376,0.66,-1.0618901307547417,0.5244133434591736,,,,
2026-09-29T20:29:32.645065+00:00,crypto_alt_usdt_perpetual,804,339,2026-09-29T20:15:00+00:00,NEUTRAL,-2,2,4,462,462,462,16.450216450216452,31.818181818181817,66.23376623376623,-0.6298122691941521,-0.5598303230205326,0.9455,-1.2518932698116685,0.31839828079751054,,,,
2026-09-29T20:44:00.414863+00:00,crypto_alt_usdt_perpetual,804,339,2026-09-29T20:30:00+00:00,NEUTRAL,1,2,1,462,462,462,49.56709956709957,46.53679653679654,68.83116883116882,0.0,-0.09300344248965309,0.9855,-0.7719570370003592,0.7045134464489289,,,,
2026-09-29T20:55:19.839214+00:00,crypto_alt_usdt_perpetual,804,339,2026-09-29T20:45:00+00:00,BULLISH,6,6,0,462,462,462,62.98701298701299,72.07792207792208,69.6969696969697,0.1678289725082549,0.4873773124174585,1.1099999999999999,-0.08332129413370637,1.288825695847734,,,,
2026-09-29T21:09:24.870141+00:00,crypto_alt_usdt_perpetual,804,339,2026-09-29T21:00:00+00:00,BULLISH,6,6,0,462,462,462,84.84848484848484,75.32467532467533,62.77056277056277,0.4689768929641569,0.6670527563985007,0.7065,0.03214147642273679,1.2407505183933631,,,,
2026-09-29T21:27:57.421569+00:00,crypto_alt_usdt_perpetual,804,339,2026-09-29T21:15:00+00:00,BULLISH,6,6,0,462,462,462,85.71428571428571,82.25108225108225,65.58441558441558,0.5613632538469027,0.8233720972050218,0.9235,0.2812814556717058,1.465858169567319,,,,
2026-09-29T21:41:14.659639+00:00,crypto_alt_usdt_perpetual,804,339,2026-09-29T21:30:00+00:00,NEUTRAL,2,4,2,462,462,462,24.025974025974026,79.22077922077922,69.48051948051948,-0.37994273416046553,0.7151307770583815,1.2205,0.13754737988719845,1.2539157253757705,,,,
2026-09-29T23:09:07.341719+00:00,crypto_alt_usdt_perpetual,804,339,2026-09-29T23:00:00+00:00,NEUTRAL,-2,2,4,462,462,462,32.03463203463203,28.354978354978353,67.0995670995671,-0.185553897443419,-0.38054856755102007,0.9670000000000001,-0.8626560536797945,0.09942715572507921,,,,
2026-09-29T23:25:25.010366+00:00,crypto_alt_usdt_perpetual,804,339,2026-09-29T23:15:00+00:00,BULLISH,5,5,0,462,462,462,67.96536796536796,54.112554112554115,61.03896103896104,0.18445016500152622,0.07373071435303746,0.6295,-0.3458315613209362,0.56397021739647,,,,
2026-09-29T23:52:20.266733+00:00,crypto_alt_usdt_perpetual,804,339,2026-09-29T23:45:00+00:00,BEARISH,-6,0,6,462,462,462,18.614718614718615,25.974025974025974,44.58874458874459,-0.4128601051383296,-0.48976036401249257,-0.3095,-1.1196768581443861,0.045631569870135946,,,,
2026-09-30T00:13:40.878854+00:00,crypto_alt_usdt_perpetual,804,339,2026-09-30T00:00:00+00:00,BEARISH,-3,1,4,462,462,462,28.354978354978353,51.082251082251084,41.34199134199134,-0.19536076621495813,0.03663893829328746,-0.494,-0.43639544199864655,0.44574794709510424,,,,
2026-09-30T00:37:45.774602+00:00,crypto_alt_usdt_perpetual,804,339,2026-09-30T00:30:00+00:00,BEARISH,-5,0,5,462,462,462,13.636363636363637,18.181818181818183,45.02164502164502,-0.6499166010670465,-0.7622130527898174,-0.317,-1.460361281770703,-0.18868443093928988,,,,
2026-09-30T00:59:50.652960+00:00,crypto_alt_usdt_perpetual,804,339,2026-09-30T00:45:00+00:00,NEUTRAL,2,4,2,462,462,462,65.36796536796537,24.458874458874458,57.35930735930736,0.22752208191300083,-0.452799965537215,0.3905,-1.0052537289188257,0.0,,,,
2026-09-30T01:15:13.282104+00:00,crypto_alt_usdt_perpetual,804,339,2026-09-30T01:15:00+00:00,NEUTRAL,2,4,2,462,462,462,70.34632034632034,41.77489177489178,78.13852813852814,0.4652371042835335,-0.1305350756789947,1.883,-0.710367019317304,0.40580037643875855,,,,
2026-09-30T01:44:55.436322+00:00,crypto_alt_usdt_perpetual,804,339,2026-09-30T01:30:00+00:00,BULLISH,6,6,0,462,462,462,92.64069264069263,75.75757575757575,86.36363636363636,1.058931495309634,0.6558132858976773,2.9375,0.02172005161086288,1.2043713705655101,,,,
2026-09-30T01:56:50.230314+00:00,crypto_alt_usdt_perpetual,804,339,2026-09-30T01:45:00+00:00,BULLISH,6,6,0,462,462,462,87.44588744588745,70.12987012987013,85.28138528138528,0.7417294816396525,0.4451773923706437,2.5345,-0.1354695585409904,1.0432646407231627,,,,
2026-09-30T02:10:10.001802+00:00,crypto_alt_usdt_perpetual,804,339,2026-09-30T02:00:00+00:00,BULLISH,6,6,0,462,462,462,81.6017316017316,64.28571428571429,87.01298701298701,0.5862745539830128,0.37560631912078035,3.2960000000000003,-0.27489898899256404,0.8775889946705806,,,,
2026-09-30T02:26:57.933705+00:00,crypto_alt_usdt_perpetual,804,339,2026-09-30T02:15:00+00:00,BULLISH,4,4,0,462,462,462,49.78354978354978,55.84415584415584,86.58008658008659,0.0,0.16522747303002738,3.2630000000000003,-0.5232047237703041,0.7276370271582566,,,,
2026-09-30T02:42:21.236437+00:00,crypto_alt_usdt_perpetual,804,339,2026-09-30T02:30:00+00:00,NEUTRAL,1,3,2,462,462,462,18.83116883116883,50.64935064935065,85.71428571428571,-0.556497470611883,0.0368556670707898,3.1955,-0.6191605356627466,0.7054085388577547,,,,
2026-09-30T02:55:11.048092+00:00,crypto_alt_usdt_perpetual,804,339,2026-09-30T02:45:00+00:00,NEUTRAL,2,4,2,462,462,462,26.83982683982684,58.44155844155844,86.14718614718615,-0.2814338894764512,0.225823222730559,3.1625,-0.4477463069012366,0.8619637986956918,,,,
2026-09-30T03:10:23.445910+00:00,crypto_alt_usdt_perpetual,804,339,2026-09-30T03:00:00+00:00,NEUTRAL,2,4,2,462,462,462,25.324675324675326,55.62770562770563,82.46753246753246,-0.3409534527848923,0.14259417943913721,2.641,-0.5009140873175361,0.7820502588331835,,,,
2026-09-30T03:29:21.796441+00:00,crypto_alt_usdt_perpetual,804,339,2026-09-30T03:15:00+00:00,NEUTRAL,-2,2,4,462,462,462,17.748917748917748,28.354978354978353,73.16017316017316,-0.432019241904924,-0.5063726059992668,1.5695000000000001,-1.1814248810331303,0.11813941761509295,,,,
2026-09-30T03:44:58.485358+00:00,crypto_alt_usdt_perpetual,804,339,2026-09-30T03:30:00+00:00,NEUTRAL,-2,2,4,462,462,462,27.48917748917749,31.818181818181817,75.97402597402598,-0.302004241056153,-0.373343345299576,1.6075,-1.029603129519732,0.21139599213407245,,,,
2026-09-30T03:57:10.559170+00:00,crypto_alt_usdt_perpetual,804,339,2026-09-30T03:45:00+00:00,NEUTRAL,2,4,2,462,462,462,30.086580086580085,62.98701298701299,73.5930735930736,-0.32229344729345355,0.3624673529767253,1.5274999999999999,-0.32124262869142883,0.9743875049554873,,,,
2026-09-30T04:10:26.352716+00:00,crypto_alt_usdt_perpetual,804,339,2026-09-30T04:00:00+00:00,NEUTRAL,-1,2,3,462,462,462,21.21212121212121,46.32034632034632,81.38528138528139,-0.39871234860339166,-0.0675946241517622,2.2995,-0.7159879759277371,0.6029394489051321,,,,
2026-09-30T04:29:41.374276+00:00,crypto_alt_usdt_perpetual,804,339,2026-09-30T04:15:00+00:00,BULLISH,5,5,0,462,462,462,51.298701298701296,71.42857142857143,79.65367965367966,0.030004256699633913,0.5513344165312573,2.0915,-0.07138653204037393,1.1837735007965644,,,,
2026-09-30T04:57:30.492620+00:00,crypto_alt_usdt_perpetual,804,339,2026-09-30T04:45:00+00:00,BULLISH,6,6,0,462,462,462,83.54978354978356,76.62337662337663,80.08658008658008,0.6017569927619482,0.7306921199442096,2.156,0.08048625333580417,1.4010495209371143,,,,
2026-09-30T05:10:38.188598+00:00,crypto_alt_usdt_perpetual,804,339,2026-09-30T05:00:00+00:00,BULLISH,6,6,0,462,462,462,80.3030303030303,66.66666666666667,80.08658008658008,0.5358450658606739,0.43429309018993,2.2110000000000003,-0.2723585350158042,1.0341377479676006,,,,
2026-09-30T05:29:02.528411+00:00,crypto_alt_usdt_perpetual,804,339,2026-09-30T05:15:00+00:00,NEUTRAL,2,4,2,462,462,462,61.47186147186147,43.29004329004329,77.27272727272727,0.15557323946662205,-0.12694920313806035,2.0490000000000004,-0.8763447962012283,0.4793381272835462,,,,
2026-09-30T05:43:44.338149+00:00,crypto_alt_usdt_perpetual,804,339,2026-09-30T05:30:00+00:00,NEUTRAL,-2,2,4,462,462,462,42.857142857142854,42.42424242424242,80.73593073593074,-0.061979836046666126,-0.1444133749122889,2.5295000000000005,-0.7359968542921147,0.5611462915825038,,,,
2026-09-30T05:55:52.160033+00:00,crypto_alt_usdt_perpetual,804,339,2026-09-30T05:45:00+00:00,BULLISH,6,6,0,462,462,462,73.5930735930736,63.85281385281385,78.13852813852814,0.29162845963800477,0.334769259486023,2.125,-0.39325511139697844,0.9952518914123687,,,,
2026-09-30T06:12:34.623462+00:00,crypto_alt_usdt_perpetual,804,339,2026-09-30T06:00:00+00:00,BULLISH,6,6,0,462,462,462,83.98268398268398,59.74025974025974,71.21212121212122,0.435533708269642,0.2023832277559312,1.429,-0.4403421918568212,0.8399050041358325,,,,
2026-09-30T06:34:32.512719+00:00,crypto_alt_usdt_perpetual,804,339,2026-09-30T06:30:00+00:00,NEUTRAL,-1,2,3,462,462,462,21.21212121212121,45.23809523809524,59.95670995670996,-0.4641946755497506,-0.06145135324230333,0.5665,-0.6248736808335847,0.639698219331275,,,,
2026-09-30T06:59:07.343988+00:00,crypto_alt_usdt_perpetual,804,339,2026-09-30T06:45:00+00:00,BEARISH,-4,0,4,462,462,462,9.307359307359308,35.28138528138528,49.56709956709957,-0.9510665714295985,-0.35546079128169206,0.0,-0.9756896878298865,0.2990350755865012,,,,
2026-09-30T07:14:06.705681+00:00,crypto_alt_usdt_perpetual,804,339,2026-09-30T07:00:00+00:00,BEARISH,-6,0,6,462,462,462,8.225108225108226,28.138528138528137,40.04329004329004,-1.0774061279807123,-0.5083906222310308,-0.487,-1.117201011176841,0.07833498554388751,,,,
2026-09-30T07:32:33.401984+00:00,crypto_alt_usdt_perpetual,804,339,2026-09-30T07:30:00+00:00,NEUTRAL,1,2,1,462,462,462,49.35064935064935,57.142857142857146,45.45454545454545,0.0,0.1674063365049494,-0.192,-0.43741494627440036,0.8604248213546106,,,,
2026-09-30T07:49:06.578880+00:00,crypto_alt_usdt_perpetual,804,339,2026-09-30T07:45:00+00:00,BULLISH,5,5,0,462,462,462,82.03463203463204,70.12987012987013,50.64935064935065,0.5654739065451997,0.4723438089591969,0.10200000000000001,-0.14909248055315905,1.2360320360940147,,,,
2026-09-30T08:12:03.625199+00:00,crypto_alt_usdt_perpetual,804,339,2026-09-30T08:00:00+00:00,BULLISH,3,4,1,462,462,462,88.31168831168831,76.62337662337663,48.701298701298704,0.8918680225265319,0.8094329027195757,-0.006,0.08531408057239065,1.5147028172155963,,,,
2026-09-30T08:31:59.927665+00:00,crypto_alt_usdt_perpetual,804,339,2026-09-30T08:30:00+00:00,NEUTRAL,0,2,2,462,462,462,76.62337662337663,49.78354978354978,43.506493506493506,0.47779171695356837,0.0,-0.268,-0.6407701438763819,0.722449846016987,,,,
2026-09-30T08:49:44.522451+00:00,crypto_alt_usdt_perpetual,804,339,2026-09-30T08:45:00+00:00,BEARISH,-3,1,4,462,462,462,44.37229437229437,43.506493506493506,54.97835497835498,-0.07595643959987797,-0.16241445061492832,0.34349999999999997,-0.8424287799399771,0.5995377922784151,,,,
2026-09-30T09:11:30.706376+00:00,crypto_alt_usdt_perpetual,804,339,2026-09-30T09:00:00+00:00,BULLISH,6,6,0,462,462,462,70.56277056277057,71.64502164502164,63.41991341991342,0.3514512819061677,0.6393425122485086,0.722,-0.08232582701961921,1.363714935281346,,,,
2026-09-30T09:30:42.717675+00:00,crypto_alt_usdt_perpetual,804,339,2026-09-30T09:30:00+00:00,BULLISH,6,6,0,462,462,462,85.4978354978355,72.94372294372295,64.06926406926407,0.6326930467085212,0.6867495635443754,0.756,-0.09537110044169073,1.4371440365877008,,,,
2026-09-30T09:47:50.957584+00:00,crypto_alt_usdt_perpetual,804,339,2026-09-30T09:45:00+00:00,BULLISH,6,6,0,462,462,462,89.39393939393939,68.18181818181819,60.17316017316017,0.9890435390859209,0.5856666881260408,0.563,-0.24548106033821515,1.308113810985817,,,,
2026-09-30T10:11:26.113221+00:00,crypto_alt_usdt_perpetual,804,339,2026-09-30T10:00:00+00:00,BULLISH,5,5,0,462,462,462,71.21212121212122,70.12987012987013,54.54545454545455,0.3518097937410647,0.5715315818826339,0.23500000000000001,-0.13722876196748945,1.2894947291893721,,,,
2026-09-30T10:30:03.637969+00:00,crypto_alt_usdt_perpetual,804,339,2026-09-30T10:30:00+00:00,BULLISH,4,4,0,462,462,462,53.67965367965368,79.00432900432901,53.46320346320346,0.056755199055191774,0.7725627460339335,0.2385,0.15121175157948308,1.54520684886425,,,,
2026-09-30T10:58:17.177123+00:00,crypto_alt_usdt_perpetual,804,339,2026-09-30T10:45:00+00:00,NEUTRAL,1,3,2,462,462,462,41.125541125541126,87.44588744588745,54.97835497835498,-0.10828449684937014,1.412604661222061,0.197,0.6562397698099631,2.2835711967060135,,,,
2026-09-30T11:11:17.575727+00:00,crypto_alt_usdt_perpetual,812,347,2026-09-30T11:00:00+00:00,NEUTRAL,1,2,1,462,462,462,48.917748917748916,89.17748917748918,48.268398268398265,0.0,1.6494192028683186,-0.053,0.8292174546448094,2.4458885054439605,,,,
2026-09-30T11:28:20.245080+00:00,crypto_alt_usdt_perpetual,812,347,2026-09-30T11:15:00+00:00,NEUTRAL,1,3,2,462,462,462,35.93073593073593,88.52813852813853,50.64935064935065,-0.15683683051314068,1.5487728069104811,0.041499999999999995,0.802674460747399,2.358386957492847,,,,
2026-09-30T11:41:45.804996+00:00,crypto_alt_usdt_perpetual,812,347,2026-09-30T11:30:00+00:00,NEUTRAL,2,3,1,462,462,462,50.0,80.73593073593074,45.67099567099567,0.003454470084296446,1.1004459199947858,-0.1475,0.2606017400954841,1.9572352278359184,,,,
2026-09-30T11:56:21.216575+00:00,crypto_alt_usdt_perpetual,812,347,2026-09-30T11:45:00+00:00,NEUTRAL,0,2,2,462,462,462,47.61904761904762,77.05627705627705,40.692640692640694,0.0,0.8714021468321898,-0.5325,0.07478227676798732,1.7633416162903814,,,,
2026-09-30T12:13:09.636926+00:00,crypto_alt_usdt_perpetual,812,347,2026-09-30T12:00:00+00:00,NEUTRAL,-1,2,3,462,462,462,47.61904761904762,74.45887445887446,39.39393939393939,-0.023508731545451855,0.7812627878100775,-0.5165,-0.06763275271411406,1.7642329734647022,,,,
2026-09-30T12:38:32.295373+00:00,crypto_alt_usdt_perpetual,812,347,2026-09-30T12:30:00+00:00,BULLISH,4,4,0,462,462,462,48.05194805194805,71.64502164502164,61.03896103896104,0.0,0.672290898552419,0.5559999999999999,-0.1301415666469602,1.529114695553685,,,,
2026-09-30T13:04:16.565903+00:00,crypto_alt_usdt_perpetual,812,347,2026-09-30T13:00:00+00:00,BULLISH,6,6,0,462,462,462,92.20779220779221,88.52813852813853,69.48051948051948,1.3013766901989077,1.8221075112359153,1.1189999999999998,0.8897932983023826,2.6948160535117003,,,,
2026-09-30T13:23:49.500766+00:00,crypto_alt_usdt_perpetual,812,347,2026-09-30T13:15:00+00:00,BULLISH,6,6,0,462,462,462,93.29004329004329,87.66233766233766,66.23376623376623,1.53958605488822,1.816437968504292,1.0345,0.8522882535882181,2.8299474589581592,,,,
2026-09-30T13:44:09.429050+00:00,crypto_alt_usdt_perpetual,812,347,2026-09-30T13:30:00+00:00,BULLISH,5,5,0,462,462,462,90.04329004329004,83.76623376623377,51.298701298701296,1.4969917076062322,1.536410425636181,0.0695,0.5978417123195301,2.601864919833874,,,,
2026-09-30T13:57:12.564531+00:00,crypto_alt_usdt_perpetual,812,347,2026-09-30T13:45:00+00:00,NEUTRAL,1,3,2,462,462,462,17.532467532467532,59.09090909090909,50.865800865800864,-0.731787294772468,0.2627123705651546,0.051500000000000004,-0.566434129322646,1.1256344234799764,,,,
2026-09-30T14:13:45.740384+00:00,crypto_alt_usdt_perpetual,812,347,2026-09-30T14:00:00+00:00,NEUTRAL,2,4,2,462,462,462,16.233766233766232,67.31601731601732,57.79220779220779,-0.8078844832606402,0.5837774763928993,0.4845,-0.3312479688007769,1.416428125574587,,,,
2026-09-30T14:33:38.654065+00:00,crypto_alt_usdt_perpetual,812,347,2026-09-30T14:30:00+00:00,BEARISH,-6,0,6,462,462,462,4.761904761904762,34.41558441558441,27.056277056277057,-1.9674683611663524,-0.3952884257723055,-1.2925,-1.1460638706592696,0.38458965885113106,,,,
2026-09-30T15:00:06.791264+00:00,crypto_alt_usdt_perpetual,812,347,2026-09-30T15:00:00+00:00,BEARISH,-6,0,6,462,462,462,12.337662337662337,34.63203463203463,33.116883116883116,-0.8015095288929852,-0.47856447833291016,-0.8215,-1.3635622115083428,0.4022996917381727,,,,
2026-09-30T15:19:20.456296+00:00,crypto_alt_usdt_perpetual,812,347,2026-09-30T15:15:00+00:00,NEUTRAL,-2,2,4,462,462,462,18.181818181818183,55.1948051948052,43.29004329004329,-0.7228313359541827,0.1305925217335413,-0.2755,-0.6944704456687101,1.043394865888403,,,,
2026-09-30T15:44:45.511317+00:00,crypto_alt_usdt_perpetual,812,347,2026-09-30T15:30:00+00:00,NEUTRAL,-2,2,4,462,462,462,43.722943722943725,32.03463203463203,66.88311688311688,-0.07365528872904648,-0.5063113594215574,1.0625,-1.414891527213352,0.35291380071090783,,,,
2026-09-30T15:59:22.106105+00:00,crypto_alt_usdt_perpetual,812,347,2026-09-30T15:45:00+00:00,BULLISH,3,4,1,462,462,462,83.33333333333333,47.18614718614719,75.75757575757575,0.56003488546843,-0.11360898891871196,1.6945000000000001,-0.9524226468246799,0.9177469675088645,,,,
2026-09-30T16:16:04.177109+00:00,crypto_alt_usdt_perpetual,812,347,2026-09-30T16:15:00+00:00,BULLISH,6,6,0,462,462,462,89.6103896103896,72.2943722943723,76.4069264069264,0.8513703624222324,0.6394088760034666,1.747,-0.10500283721315007,1.6081934877900828,,,,
2026-09-30T16:34:35.485393+00:00,crypto_alt_usdt_perpetual,812,347,2026-09-30T16:30:00+00:00,BULLISH,6,6,0,462,462,462,94.15584415584415,71.42857142857143,76.62337662337663,1.232153085860499,0.7100688138719002,1.737,-0.1662447874013373,1.473249182816333,,,,
2026-09-30T16:55:31.068901+00:00,crypto_alt_usdt_perpetual,812,347,2026-09-30T16:45:00+00:00,NEUTRAL,2,4,2,462,462,462,85.71428571428571,37.22943722943723,85.93073593073593,0.7478361318065008,-0.3719992822234397,2.803,-1.1189766592999666,0.5287358366136807,,,,
2026-09-30T17:10:53.632398+00:00,crypto_alt_usdt_perpetual,812,347,2026-09-30T17:00:00+00:00,NEUTRAL,2,4,2,462,462,462,69.48051948051948,29.22077922077922,81.81818181818181,0.3293681331417164,-0.6858057936716455,2.426,-1.4079462408302876,0.2013243502433648,,,,
2026-09-30T17:29:09.510242+00:00,crypto_alt_usdt_perpetual,812,347,2026-09-30T17:15:00+00:00,NEUTRAL,-2,2,4,462,462,462,27.056277056277057,20.562770562770563,80.3030303030303,-0.33409243466896443,-1.167090241890495,2.216,-1.851642839227488,-0.34086413307904684,,,,
2026-09-30T17:42:46.441127+00:00,crypto_alt_usdt_perpetual,812,347,2026-09-30T17:30:00+00:00,NEUTRAL,-2,2,4,462,462,462,21.428571428571427,17.532467532467532,74.45887445887446,-0.6205896630958885,-1.427861246133444,1.5775000000000001,-2.1389252824630693,-0.5022749671804716,,,,
2026-09-30T17:55:02.565575+00:00,crypto_alt_usdt_perpetual,812,347,2026-09-30T17:45:00+00:00,NEUTRAL,-2,2,4,462,462,462,6.926406926406926,24.025974025974026,80.51948051948052,-1.199653130131556,-0.7205128101404112,2.132,-1.561262239805647,-0.03205962047931887,,,,
2026-09-30T18:11:36.309463+00:00,crypto_alt_usdt_perpetual,812,347,2026-09-30T18:00:00+00:00,NEUTRAL,-2,2,4,462,462,462,7.575757575757576,19.913419913419915,72.94372294372295,-1.1526488192248052,-1.0146300094379945,1.282,-1.7421736923182995,-0.2536746348518776,,,,
2026-09-30T18:31:15.571242+00:00,crypto_alt_usdt_perpetual,812,347,2026-09-30T18:30:00+00:00,NEUTRAL,-2,2,4,462,462,462,9.74025974025974,34.63203463203463,64.5021645021645,-0.9058238452101464,-0.3660201046196243,0.683,-0.9910858561395564,0.4781991866758706,,,,
2026-09-30T18:50:20.697250+00:00,crypto_alt_usdt_perpetual,812,347,2026-09-30T18:45:00+00:00,BEARISH,-6,0,6,462,462,462,9.74025974025974,26.19047619047619,44.58874458874459,-0.9359281171752054,-0.8081329202342502,-0.256,-1.472274358378162,0.08547891366786908,,,,
2026-09-30T19:11:53.208965+00:00,crypto_alt_usdt_perpetual,812,347,2026-09-30T19:00:00+00:00,BEARISH,-6,0,6,462,462,462,7.142857142857143,22.294372294372295,43.073593073593074,-0.8554152063677822,-1.1270563811895395,-0.42100000000000004,-1.8228489048358165,-0.211609031138435,,,,
2026-09-30T19:29:04.342038+00:00,crypto_alt_usdt_perpetual,812,347,2026-09-30T19:15:00+00:00,BEARISH,-6,0,6,462,462,462,11.688311688311689,16.450216450216452,38.095238095238095,-0.7222575483805949,-1.3010513999013096,-0.4485,-1.9792047253684024,-0.5408727964979043,,,,
2026-09-30T19:42:13.243131+00:00,crypto_alt_usdt_perpetual,812,347,2026-09-30T19:30:00+00:00,BEARISH,-5,0,5,462,462,462,13.852813852813853,20.346320346320347,45.45454545454545,-0.6488766365990828,-0.9451216610301738,-0.2085,-1.6077719771342731,-0.2169696468579202,,,,
2026-09-30T19:53:56.267712+00:00,crypto_alt_usdt_perpetual,812,347,2026-09-30T19:45:00+00:00,BEARISH,-3,0,3,462,462,462,47.61904761904762,16.233766233766232,47.4025974025974,0.0,-1.447476998074021,-0.073,-2.127703215699453,-0.6335363202390504,,,,
2026-09-30T20:11:10.400723+00:00,crypto_alt_usdt_perpetual,812,347,2026-09-30T20:00:00+00:00,BEARISH,-3,1,4,462,462,462,24.242424242424242,9.090909090909092,53.67965367965368,-0.31867946348836385,-2.043714633137733,0.231,-2.685250159065683,-1.1428481077194907,,,,
2026-09-30T20:28:48.247003+00:00,crypto_alt_usdt_perpetual,812,347,2026-09-30T20:15:00+00:00,BEARISH,-3,1,4,462,462,462,42.857142857142854,8.441558441558442,52.5974025974026,-0.07706374085683643,-2.292015851331036,0.1865,-2.9990013315579347,-1.3831811263318061,,,,
2026-09-30T20:42:54.479379+00:00,crypto_alt_usdt_perpetual,812,347,2026-09-30T20:30:00+00:00,NEUTRAL,1,3,2,462,462,462,83.76623376623377,11.03896103896104,51.94805194805195,0.6438035063804692,-1.568526154844091,0.139,-2.2263451375007266,-0.8172467660947952,,,,
2026-09-30T20:53:55.265932+00:00,crypto_alt_usdt_perpetual,812,347,2026-09-30T20:45:00+00:00,NEUTRAL,0,2,2,462,462,462,65.15151515151516,7.142857142857143,49.56709956709957,0.17965841903460067,-2.0083557122216824,0.0,-2.7221314601268642,-1.2338869794101537,,,,
2026-09-30T21:09:48.093685+00:00,crypto_alt_usdt_perpetual,812,347,2026-09-30T21:00:00+00:00,NEUTRAL,-1,2,3,462,462,462,68.61471861471861,8.441558441558442,46.53679653679654,0.28659665536650003,-2.0856082025659193,-0.0935,-2.8319809313824744,-1.2888879694312128,,,,
2026-09-30T21:29:14.963126+00:00,crypto_alt_usdt_perpetual,812,347,2026-09-30T21:15:00+00:00,BEARISH,-5,0,5,462,462,462,41.55844155844156,9.523809523809524,46.103896103896105,-0.03863100118724483,-1.9396295197298574,-0.154,-2.734579231325446,-1.203582530202102,,,,
2026-09-30T21:44:33.075352+00:00,crypto_alt_usdt_perpetual,812,347,2026-09-30T21:30:00+00:00,BEARISH,-3,1,4,462,462,462,12.987012987012987,9.523809523809524,50.43290043290043,-0.7458048083733793,-1.7287356321839031,0.026000000000000002,-2.4492569581461816,-0.9430800951501561,,,,
2026-09-30T21:57:18.781042+00:00,crypto_alt_usdt_perpetual,812,347,2026-09-30T21:45:00+00:00,BEARISH,-6,0,6,462,462,462,37.01298701298701,20.995670995670995,44.37229437229437,-0.14045953121705756,-0.8948397870945146,-0.2215,-1.593563434832962,-0.21671161500571856,,,,
2026-09-30T22:09:48.277783+00:00,crypto_alt_usdt_perpetual,812,347,2026-09-30T22:00:00+00:00,BEARISH,-6,0,6,462,462,462,34.63203463203463,17.748917748917748,33.333333333333336,-0.15073378608678745,-1.1314658457036608,-0.788,-1.7724388796819146,-0.3657310721227214,,,,
2026-09-30T22:28:38.009324+00:00,crypto_alt_usdt_perpetual,812,347,2026-09-30T22:15:00+00:00,BEARISH,-3,1,4,462,462,462,28.78787878787879,16.233766233766232,52.81385281385281,-0.2756726632525075,-1.1372165210235152,0.1045,-1.802735296592037,-0.39394030750677655,,,,
2026-09-30T22:42:48.077876+00:00,crypto_alt_usdt_perpetual,812,347,2026-09-30T22:30:00+00:00,NEUTRAL,2,4,2,462,462,462,79.65367965367966,34.63203463203463,63.41991341991342,0.4385907690622415,-0.3226838090374329,0.7050000000000001,-1.0371660155153672,0.3158586729346491,,,,
2026-09-30T22:55:14.149821+00:00,crypto_alt_usdt_perpetual,812,347,2026-09-30T22:45:00+00:00,BULLISH,6,6,0,462,462,462,82.03463203463204,70.56277056277057,62.121212121212125,0.4445953276916881,0.5056688215567373,0.642,-0.17156147610845052,1.1242074570693095,,,,
2026-09-30T23:08:34.314974+00:00,crypto_alt_usdt_perpetual,812,347,2026-09-30T23:00:00+00:00,BULLISH,6,6,0,462,462,462,87.87878787878788,69.91341991341992,55.62770562770563,0.6919068474724122,0.4701422854414883,0.2245,-0.11742818596470472,1.0265403987232136,,,,
2026-09-30T23:26:12.281603+00:00,crypto_alt_usdt_perpetual,812,347,2026-09-30T23:15:00+00:00,BULLISH,6,6,0,462,462,462,91.77489177489177,73.37662337662337,60.82251082251082,0.9639298686322184,0.5504753952649044,0.53,-0.03505056387990979,1.0864909492712238,,,,
2026-09-30T23:40:01.912299+00:00,crypto_alt_usdt_perpetual,812,347,2026-09-30T23:30:00+00:00,BULLISH,6,6,0,462,462,462,74.67532467532467,80.3030303030303,65.36796536796537,0.40409027340208015,0.7591615362551263,0.9635,0.171402038997992,1.3710038849703732,,,,
2026-09-30T23:53:19.690156+00:00,crypto_alt_usdt_perpetual,812,347,2026-09-30T23:45:00+00:00,BULLISH,6,6,0,462,462,462,58.874458874458874,76.83982683982684,66.88311688311688,0.11413117514025295,0.6531818876213458,1.077,0.07044364392540525,1.237805734696662,,,,
2026-10-01T00:14:30.468288+00:00,crypto_alt_usdt_perpetual,812,347,2026-10-01T00:00:00+00:00,BULLISH,6,6,0,462,462,462,61.25541125541125,85.06493506493507,71.21212121212122,0.11901845922298593,0.9499047788125714,1.2385000000000002,0.4214278311276076,1.4557934761448177,,,,
2026-10-01T00:39:59.898145+00:00,crypto_alt_usdt_perpetual,812,347,2026-10-01T00:30:00+00:00,BULLISH,5,5,0,462,462,462,54.112554112554115,61.25541125541125,68.83116883116882,0.055750194639081485,0.21181455633101365,1.021,-0.2880233125558129,0.7435591498880789,,,,
2026-10-01T01:00:14.355887+00:00,crypto_alt_usdt_perpetual,812,347,2026-10-01T01:00:00+00:00,BULLISH,6,6,0,462,462,462,55.84415584415584,77.7056277056277,67.0995670995671,0.08913657466642633,0.6527677326343961,0.9884999999999999,0.09106796030475817,1.2537021357905576,,,,
2026-10-01T01:18:48.606778+00:00,crypto_alt_usdt_perpetual,812,347,2026-10-01T01:15:00+00:00,BULLISH,6,6,0,462,462,462,70.99567099567099,89.17748917748918,61.688311688311686,0.30876789052283193,1.1400894121891159,0.6094999999999999,0.5405348014440259,1.808486097593992,,,,
2026-10-01T01:32:17.625303+00:00,crypto_alt_usdt_perpetual,812,347,2026-10-01T01:30:00+00:00,BULLISH,6,6,0,462,462,462,77.05627705627705,90.6926406926407,56.493506493506494,0.44389961215119955,1.403573182249107,0.3695,0.69480902140866,2.08385915185727,,,,
2026-10-01T01:57:58.586819+00:00,crypto_alt_usdt_perpetual,812,347,2026-10-01T01:45:00+00:00,NEUTRAL,1,3,2,462,462,462,38.96103896103896,72.94372294372295,52.38095238095238,-0.1145245920992688,0.6162360978585468,0.1,-0.0494953353700367,1.1713589510722044,,,,
2026-10-01T02:11:05.562206+00:00,crypto_alt_usdt_perpetual,812,347,2026-10-01T02:00:00+00:00,NEUTRAL,-1,2,3,462,462,462,24.025974025974026,73.5930735930736,49.35064935064935,-0.32849895296554465,0.6194534896548864,-0.0105,-0.013997939545215554,1.2105769743086747,,,,
2026-10-01T02:28:05.851695+00:00,crypto_alt_usdt_perpetual,812,347,2026-10-01T02:15:00+00:00,NEUTRAL,1,3,2,462,462,462,17.316017316017316,81.6017316017316,53.67965367965368,-0.48822376076901874,0.9889964340295543,0.1945,0.21330985087575915,1.5736112840594563,,,,
2026-10-01T02:43:29.728218+00:00,crypto_alt_usdt_perpetual,812,347,2026-10-01T02:30:00+00:00,NEUTRAL,2,4,2,462,462,462,10.822510822510823,60.17316017316017,61.904761904761905,-0.7419763171214733,0.30127775553615566,0.5535000000000001,-0.5108209866654279,0.8958598220764225,,,,
2026-10-01T02:56:03.095433+00:00,crypto_alt_usdt_perpetual,812,347,2026-10-01T02:45:00+00:00,BULLISH,4,4,0,462,462,462,46.96969696969697,56.926406926406926,62.77056277056277,0.0,0.15961971214277781,0.6419999999999999,-0.49078668495200206,0.8626336085509057,,,,
2026-10-01T03:10:22.176535+00:00,crypto_alt_usdt_perpetual,812,347,2026-10-01T03:00:00+00:00,BULLISH,6,6,0,462,462,462,74.67532467532467,65.15151515151516,67.31601731601732,0.42990830149378656,0.3327388010633925,0.9975,-0.28443241514534423,1.0598575195469806,,,,
2026-10-01T03:29:43.811258+00:00,crypto_alt_usdt_perpetual,812,347,2026-10-01T03:15:00+00:00,BULLISH,6,6,0,462,462,462,77.4891774891775,69.26406926406926,74.02597402597402,0.44001336284295034,0.530060769794316,1.4165,-0.17030511046821628,1.1135089339260662,,,,
2026-10-01T03:59:52.495866+00:00,crypto_alt_usdt_perpetual,812,347,2026-10-01T03:45:00+00:00,BULLISH,6,6,0,462,462,462,90.04329004329004,79.65367965367966,82.9004329004329,0.949850510024608,0.9678720640379002,2.1225,0.23329037138735131,1.7233960472431697,,,,
2026-10-01T04:21:40.002388+00:00,crypto_alt_usdt_perpetual,812,347,2026-10-01T04:15:00+00:00,BULLISH,6,6,0,462,462,462,85.4978354978355,80.08658008658008,72.5108225108225,0.5526415958843955,0.8874204389648699,1.127,0.19550528745755913,1.6835617330210106,,,,
2026-10-01T04:32:53.879509+00:00,crypto_alt_usdt_perpetual,812,347,2026-10-01T04:30:00+00:00,BULLISH,6,6,0,462,462,462,72.94372294372295,78.78787878787878,72.2943722943723,0.3392991992062,0.8258505634190061,1.174,0.210646036719897,1.5734153660823313,,,,
2026-10-01T04:49:35.223017+00:00,crypto_alt_usdt_perpetual,812,347,2026-10-01T04:45:00+00:00,NEUTRAL,2,4,2,462,462,462,29.004329004329005,70.34632034632034,71.21212121212122,-0.2774223186589986,0.5528319147375171,1.1230000000000002,-0.11957147619480746,1.2135013974376385,,,,
2026-10-01T05:10:19.362823+00:00,crypto_alt_usdt_perpetual,812,347,2026-10-01T05:00:00+00:00,NEUTRAL,2,4,2,462,462,462,21.645021645021647,73.16017316017316,72.07792207792208,-0.47037081237060185,0.604476600015269,1.2445,-0.031088239288887265,1.2117796347571985,,,,
2026-10-01T05:28:51.606455+00:00,crypto_alt_usdt_perpetual,812,347,2026-10-01T05:15:00+00:00,NEUTRAL,2,4,2,462,462,462,39.39393939393939,70.12987012987013,68.3982683982684,-0.09737918126981326,0.5106274521818444,1.008,-0.08864607756814413,1.1899413727987473,,,,
2026-10-01T05:43:57.598304+00:00,crypto_alt_usdt_perpetual,812,347,2026-10-01T05:30:00+00:00,NEUTRAL,2,4,2,462,462,462,35.28138528138528,64.06926406926407,62.55411255411256,-0.15662531385182143,0.27117597129194815,0.645,-0.24774749874971747,0.939303822558113,,,,
2026-10-01T05:57:53.326035+00:00,crypto_alt_usdt_perpetual,812,347,2026-10-01T05:45:00+00:00,BULLISH,6,6,0,462,462,462,58.22510822510822,75.97402597402598,65.15151515151516,0.0867609360320376,0.8013681823001773,0.744,0.09475817175034207,1.4327005110514934,,,,
2026-10-01T06:15:00.542590+00:00,crypto_alt_usdt_perpetual,812,347,2026-10-01T06:15:00+00:00,BULLISH,5,5,0,462,462,462,50.865800865800864,83.11688311688312,71.42857142857143,0.024194863156401514,0.9485070609514756,1.1065,0.33218953493903136,1.696395787493088,,,,
2026-10-01T06:38:49.342208+00:00,crypto_alt_usdt_perpetual,812,347,2026-10-01T06:30:00+00:00,BULLISH,6,6,0,462,462,462,63.63636363636363,86.14718614718615,79.87012987012987,0.15181798989017947,1.1773011957767698,1.682,0.5326974665903206,1.921195716385199,,,,
2026-10-01T07:00:02.275859+00:00,crypto_alt_usdt_perpetual,812,347,2026-10-01T07:00:00+00:00,NEUTRAL,2,4,2,462,462,462,44.58874458874459,77.92207792207792,82.9004329004329,-0.02906952267885954,0.7870439577703503,2.109,0.1555315547471181,1.3927141351923022,,,,
2026-10-01T07:17:33.728704+00:00,crypto_alt_usdt_perpetual,813,347,2026-10-01T07:15:00+00:00,BULLISH,4,4,0,463,462,463,49.78354978354978,72.2943722943723,82.07343412526998,0.0,0.5564997988419251,2.099,-0.08190836612025354,1.1411930617279131,,,,
2026-10-01T07:35:54.688401+00:00,crypto_alt_usdt_perpetual,813,347,2026-10-01T07:30:00+00:00,NEUTRAL,-2,2,4,463,462,463,10.606060606060606,21.645021645021647,57.45140388768898,-1.3338460795665863,-0.8579124458460152,0.35200000000000004,-1.4787268121178614,-0.13256823021542408,,,,
2026-10-01T07:55:43.264053+00:00,crypto_alt_usdt_perpetual,813,347,2026-10-01T07:45:00+00:00,BEARISH,-5,0,5,463,462,463,12.770562770562771,17.532467532467532,48.59611231101512,-1.003659403385726,-1.1752424491449531,-0.066,-1.824136751662195,-0.4499090836647568,,,,
2026-10-01T08:12:02.891698+00:00,crypto_alt_usdt_perpetual,813,347,2026-10-01T08:00:00+00:00,BEARISH,-3,1,4,463,462,463,10.173160173160174,15.584415584415584,52.69978401727862,-1.1261315677501937,-1.3745624206435492,0.122,-2.016658719614023,-0.6101507954622359,,,,
2026-10-01T08:32:40.675390+00:00,crypto_alt_usdt_perpetual,813,347,2026-10-01T08:30:00+00:00,NEUTRAL,0,2,2,463,462,463,63.63636363636363,18.83116883116883,49.46004319654428,0.21934449233235176,-1.1198799574722917,0.0,-1.7018960399318328,-0.283482806933677,,,,
2026-10-01T08:56:30.328472+00:00,crypto_alt_usdt_perpetual,813,347,2026-10-01T08:45:00+00:00,NEUTRAL,-2,1,3,463,462,463,53.03030303030303,24.458874458874458,45.78833693304536,0.05264416903066893,-0.872770777102555,-0.242,-1.5091164489190456,-0.007901390644757256,,,,
2026-10-01T09:35:25.876357+00:00,crypto_alt_usdt_perpetual,813,347,2026-10-01T09:30:00+00:00,NEUTRAL,-2,2,4,463,462,463,61.47186147186147,25.10822510822511,32.18142548596112,0.16090104585679832,-0.8277234858802163,-1.0070000000000001,-1.5005152738207543,0.029679461812437413,,,,
2026-10-01T09:49:17.725305+00:00,crypto_alt_usdt_perpetual,813,347,2026-10-01T09:45:00+00:00,BEARISH,-3,1,4,463,462,463,52.38095238095238,22.07792207792208,33.04535637149028,0.043039858154847455,-0.8899437152180112,-0.897,-1.5382048561981387,-0.13610812859217447,,,,
2026-10-01T10:11:51.642501+00:00,crypto_alt_usdt_perpetual,813,347,2026-10-01T10:00:00+00:00,BEARISH,-6,0,6,463,462,463,20.562770562770563,18.83116883116883,23.974082073434126,-0.4344141755116715,-1.2399678556484328,-1.4749999999999999,-1.9550342207858757,-0.33861190018143195,,,,
2026-10-01T10:30:16.766513+00:00,crypto_alt_usdt_perpetual,813,347,2026-10-01T10:30:00+00:00,BEARISH,-6,0,6,463,462,463,8.441558441558442,11.904761904761905,26.781857451403887,-1.1057481436628491,-1.972387440348572,-1.39,-2.682638573295093,-1.0072989093104083,,,,
2026-10-01T10:58:41.544875+00:00,crypto_alt_usdt_perpetual,813,347,2026-10-01T10:45:00+00:00,BEARISH,-6,0,6,463,462,463,19.264069264069263,18.614718614718615,32.6133909287257,-0.4772840416661317,-1.3860701545745258,-1.083,-2.1129844394633364,-0.4878924927351702,,,,
2026-10-01T11:12:51.456277+00:00,crypto_alt_usdt_perpetual,813,347,2026-10-01T11:00:00+00:00,BEARISH,-4,0,4,463,462,463,47.4025974025974,17.0995670995671,31.101511879049674,0.0,-1.4472973195123973,-1.098,-2.1266379897798284,-0.5014321622284212,,,,
2026-10-01T11:29:18.018573+00:00,crypto_alt_usdt_perpetual,813,347,2026-10-01T11:15:00+00:00,NEUTRAL,-2,2,4,463,463,463,70.41036717062634,13.606911447084233,29.58963282937365,0.24110910186860846,-1.6518622409225525,-1.261,-2.393016520981522,-0.6856635253309262,,,,
2026-10-01T11:44:10.813369+00:00,crypto_alt_usdt_perpetual,813,347,2026-10-01T11:30:00+00:00,NEUTRAL,-2,2,4,463,463,463,68.46652267818574,36.50107991360691,29.58963282937365,0.25584795321638154,-0.44554455445543484,-1.2109999999999999,-1.077395316846147,0.37528930971553187,,,,
2026-10-01T11:57:34.402962+00:00,crypto_alt_usdt_perpetual,813,347,2026-10-01T11:45:00+00:00,BEARISH,-4,0,4,463,463,463,49.0280777537797,35.85313174946004,33.69330453563715,0.0,-0.35842293906810374,-1.053,-1.021942302160861,0.4489358159917578,,,,
2026-10-01T12:14:21.675328+00:00,crypto_alt_usdt_perpetual,813,347,2026-10-01T12:00:00+00:00,BEARISH,-3,1,4,463,463,463,54.85961123110151,41.25269978401728,30.453563714902806,0.07114905727498844,-0.20362451639175383,-1.093,-0.8034687358068504,0.4711484034228941,,,,
2026-10-01T12:38:11.708918+00:00,crypto_alt_usdt_perpetual,813,347,2026-10-01T12:30:00+00:00,NEUTRAL,-2,2,4,463,463,463,55.72354211663067,29.37365010799136,20.950323974082075,0.0688468158347666,-0.5655586334256557,-2.106,-1.192729030729467,0.16055880538726752,,,,
2026-10-01T13:00:29.184425+00:00,crypto_alt_usdt_perpetual,813,347,2026-10-01T13:00:00+00:00,BEARISH,-6,0,6,463,463,463,19.43844492440605,19.22246220302376,17.49460043196544,-0.47966631908237245,-0.9398293183536799,-2.722,-1.5108528797208476,-0.21049851097758032,,,,
2026-10-01T13:20:10.750663+00:00,crypto_alt_usdt_perpetual,813,347,2026-10-01T13:15:00+00:00,BEARISH,-6,0,6,463,463,463,10.367170626349893,10.367170626349893,13.822894168466522,-0.9441384736427971,-1.5823367065317395,-3.5860000000000003,-2.2507754290548077,-0.8337023730481397,,,,
2026-10-01T13:43:53.213436+00:00,crypto_alt_usdt_perpetual,813,347,2026-10-01T13:30:00+00:00,BEARISH,-6,0,6,463,463,463,10.583153347732182,10.799136069114471,20.518358531317496,-0.8669165885660801,-1.5374690893452336,-2.068,-2.1691116630715324,-0.9063026703831578,,,,
2026-10-01T13:58:46.413654+00:00,crypto_alt_usdt_perpetual,813,347,2026-10-01T13:45:00+00:00,BEARISH,-6,0,6,463,463,463,21.382289416846653,16.414686825053995,20.302375809935207,-0.3965107057890549,-1.0215927559786286,-2.298,-1.5978524539675687,-0.34183952920408545,,,,
2026-10-01T14:15:15.209853+00:00,crypto_alt_usdt_perpetual,813,347,2026-10-01T14:15:00+00:00,BEARISH,-6,0,6,463,463,463,27.861771058315334,22.67818574514039,15.766738660907128,-0.2855103497501732,-0.7424144609425309,-2.904,-1.3836951017273114,-0.040180890127189395,,,,
2026-10-01T14:35:18.393914+00:00,crypto_alt_usdt_perpetual,813,347,2026-10-01T14:30:00+00:00,NEUTRAL,-2,2,4,463,463,463,56.15550755939525,30.021598272138228,29.15766738660907,0.07724990343762617,-0.5555555555555536,-1.518,-1.1719363133458227,0.18506500178085972,,,,
2026-10-01T14:57:11.117744+00:00,crypto_alt_usdt_perpetual,813,347,2026-10-01T14:45:00+00:00,BEARISH,-6,0,6,463,463,463,18.574514038876888,15.982721382289418,20.518358531317496,-0.5213039549593512,-1.079885506115008,-2.374,-1.7003005526345982,-0.36953096874742797,,,,
2026-10-01T15:11:22.533441+00:00,crypto_alt_usdt_perpetual,813,347,2026-10-01T15:00:00+00:00,BEARISH,-6,0,6,463,463,463,13.174946004319654,11.663066954643629,19.22246220302376,-0.7772550623849517,-1.4465169394746957,-2.582,-2.1000473687219468,-0.7209781043072128,,,,
2026-10-01T15:31:17.023368+00:00,crypto_alt_usdt_perpetual,813,347,2026-10-01T15:30:00+00:00,NEUTRAL,-2,2,4,463,463,463,63.71490280777538,30.021598272138228,27.861771058315334,0.2286367533581135,-0.5135387488328647,-1.472,-1.1732817889422764,0.1728597173749291,,,,
2026-10-01T15:48:24.324393+00:00,crypto_alt_usdt_perpetual,813,347,2026-10-01T15:45:00+00:00,BEARISH,-6,0,6,463,463,463,44.27645788336933,15.550755939524837,20.518358531317496,-0.05769092089131789,-1.1504892885480178,-2.386,-1.8535606408360106,-0.3666691061488314,,,,
2026-10-01T16:10:37.260096+00:00,crypto_alt_usdt_perpetual,813,347,2026-10-01T16:00:00+00:00,NEUTRAL,-2,2,4,463,463,463,85.52915766738661,19.65442764578834,20.086393088552917,0.6788028386300438,-0.8653846153846234,-2.404,-1.5680979303934917,-0.10788527975509887,,,,
2026-10-01T16:29:16.287859+00:00,crypto_alt_usdt_perpetual,813,347,2026-10-01T16:15:00+00:00,NEUTRAL,-2,2,4,463,463,463,80.99352051835854,27.429805615550755,17.92656587473002,0.5573248407643394,-0.6807351940095296,-2.614,-1.361769000338764,0.09807152713300349,,,,
2026-10-01T16:44:20.981736+00:00,crypto_alt_usdt_perpetual,813,347,2026-10-01T16:30:00+00:00,BEARISH,-5,0,5,463,463,463,45.35637149028078,26.997840172786177,17.71058315334773,-0.04438526409233923,-0.5615919912098755,-2.778,-1.3038837885828658,0.08856898705189575,,,,
2026-10-01T16:55:42.319345+00:00,crypto_alt_usdt_perpetual,813,347,2026-10-01T16:45:00+00:00,NEUTRAL,-2,2,4,463,463,463,66.95464362850971,25.48596112311015,16.414686825053995,0.22177419354838523,-0.7092198581560405,-2.971,-1.4428747634335048,0.02609472558007253,,,,
2026-10-01T17:11:34.598190+00:00,crypto_alt_usdt_perpetual,813,347,2026-10-01T17:00:00+00:00,BEARISH,-6,0,6,463,463,463,19.65442764578834,22.24622030237581,19.43844492440605,-0.5490196078431375,-0.8942202835332425,-2.373,-1.6584572285966548,-0.07287912973441002,,,,
2026-10-01T17:29:24.627196+00:00,crypto_alt_usdt_perpetual,813,347,2026-10-01T17:15:00+00:00,NEUTRAL,0,2,2,463,463,463,47.73218142548596,57.66738660907127,30.885529157667385,0.0,0.1929365598430266,-1.192,-0.45633574887850026,1.0604885189706703,,,,
2026-10-01T17:44:56.984929+00:00,crypto_alt_usdt_perpetual,813,347,2026-10-01T17:30:00+00:00,NEUTRAL,2,4,2,463,463,463,84.44924406047517,81.8574514038877,39.09287257019439,0.7748404740200554,1.023587004895421,-0.5349999999999999,0.2782762309096465,1.8426123593704768,,,,
2026-10-01T17:58:16.679961+00:00,crypto_alt_usdt_perpetual,813,347,2026-10-01T17:45:00+00:00,NEUTRAL,2,4,2,463,463,463,88.76889848812095,77.5377969762419,37.58099352051836,1.09658839167035,0.8177491788993851,-0.608,0.12285012285011554,1.4776886626007735,,,,
2026-10-01T18:15:15.432373+00:00,crypto_alt_usdt_perpetual,813,347,2026-10-01T18:15:00+00:00,NEUTRAL,2,4,2,463,463,463,87.6889848812095,79.91360691144709,42.33261339092873,0.9418048917627209,1.0904684975767465,-0.35200000000000004,0.28003123194496604,1.9145863785702488,,,,
2026-10-01T18:38:01.794478+00:00,crypto_alt_usdt_perpetual,813,347,2026-10-01T18:30:00+00:00,NEUTRAL,1,3,2,463,463,463,39.09287257019439,76.67386609071275,51.61987041036717,-0.09779951100243878,0.9137055837563413,0.135,0.10040951057012082,1.5737968652987155,,,,
2026-10-01T18:57:35.957919+00:00,crypto_alt_usdt_perpetual,813,347,2026-10-01T18:45:00+00:00,NEUTRAL,1,3,2,463,463,463,36.93304535637149,82.72138228941685,52.26781857451404,-0.14513788098694524,1.1487758945386117,0.08800000000000001,0.43684038576261575,1.9582973339128396,,,,
2026-10-01T19:11:01.333223+00:00,crypto_alt_usdt_perpetual,813,347,2026-10-01T19:00:00+00:00,NEUTRAL,1,3,2,463,463,463,28.293736501079913,83.15334773218143,51.40388768898488,-0.2624671916010346,1.264120494889731,0.098,0.43484119091360407,1.9721400952333323,,,,
2026-10-01T19:29:03.499648+00:00,crypto_alt_usdt_perpetual,813,347,2026-10-01T19:15:00+00:00,NEUTRAL,-1,2,3,463,463,463,27.213822894168466,78.40172786177106,47.73218142548596,-0.2349256068911565,1.0623556581986104,-0.076,0.1985198519852016,1.739897358289333,,,,
2026-10-01T19:42:29.066270+00:00,crypto_alt_usdt_perpetual,813,347,2026-10-01T19:30:00+00:00,BEARISH,-4,0,4,463,463,463,12.311015118790497,47.94816414686825,39.524838012958966,-0.6980802792321272,0.0,-0.506,-0.8786366905543852,0.6919417364169345,,,,
2026-10-01T19:53:47.998805+00:00,crypto_alt_usdt_perpetual,813,347,2026-10-01T19:45:00+00:00,NEUTRAL,1,3,2,463,463,463,9.503239740820735,64.57883369330453,53.563714902807774,-0.8948217691066462,0.3070745246250173,0.233,-0.5065710571779125,1.0622623462417047,,,,
2026-10-01T20:12:18.575624+00:00,crypto_alt_usdt_perpetual,813,347,2026-10-01T20:00:00+00:00,NEUTRAL,1,3,2,463,463,463,24.406047516198704,62.850971922246224,52.05183585313175,-0.25423728813558366,0.3375268487266103,0.087,-0.4469981942748169,0.9639941964353471,,,,
2026-10-01T20:31:01.671215+00:00,crypto_alt_usdt_perpetual,813,347,2026-10-01T20:30:00+00:00,BULLISH,3,4,1,463,463,463,84.66522678185746,72.13822894168466,46.220302375809936,0.6177132337901403,0.621934570460625,-0.186,-0.16210501184049653,1.1934199915558996,,,,
2026-10-01T20:57:49.468120+00:00,crypto_alt_usdt_perpetual,813,347,2026-10-01T20:45:00+00:00,BULLISH,5,5,0,463,463,463,83.15334773218143,69.3304535637149,54.21166306695464,0.5143422354104921,0.6218905472636704,0.234,-0.14856460544772077,1.2641531485761526,,,,
2026-10-01T21:09:50.457131+00:00,crypto_alt_usdt_perpetual,813,347,2026-10-01T21:00:00+00:00,BULLISH,5,5,0,463,463,463,58.53131749460043,78.18574514038878,51.83585313174946,0.12203803518764378,0.9637071970473698,0.11299999999999999,0.20719117351714056,1.6475842389811701,,,,
2026-10-01T21:28:42.709941+00:00,crypto_alt_usdt_perpetual,813,347,2026-10-01T21:15:00+00:00,NEUTRAL,1,3,2,463,463,463,35.63714902807775,59.1792656587473,50.75593952483801,-0.11778563015312216,0.19980019980021524,0.052,-0.4256212541375426,0.7655698804689193,,,,
2026-10-01T21:44:42.253994+00:00,crypto_alt_usdt_perpetual,813,347,2026-10-01T21:30:00+00:00,BEARISH,-6,0,6,463,463,463,21.382289416846653,26.565874730021598,40.8207343412527,-0.33802816901408184,-0.48165987402740695,-0.5579999999999999,-1.2394418576004707,0.0391191087615983,,,,
2026-10-01T21:57:36.992900+00:00,crypto_alt_usdt_perpetual,813,347,2026-10-01T21:45:00+00:00,BEARISH,-5,0,5,463,463,463,11.663066954643629,13.390928725701944,45.14038876889849,-0.5947497949138625,-1.0314013696342106,-0.306,-1.7534598743480345,-0.38177643265375205,,,,
2026-10-01T22:09:23.462067+00:00,crypto_alt_usdt_perpetual,813,347,2026-10-01T22:00:00+00:00,NEUTRAL,-2,2,4,463,463,463,17.49460043196544,18.79049676025918,57.88336933045356,-0.4684975767366817,-0.8132530120481873,0.49,-1.4718414879118125,-0.22030625593606468,,,,
2026-10-01T22:29:50.234387+00:00,crypto_alt_usdt_perpetual,813,347,2026-10-01T22:15:00+00:00,BEARISH,-6,0,6,463,463,463,40.8207343412527,25.48596112311015,44.9244060475162,-0.06443298969073252,-0.5848767581116854,-0.22599999999999998,-1.122821191304757,0.02504542419110578,,,,
2026-10-01T22:42:30.665572+00:00,crypto_alt_usdt_perpetual,813,347,2026-10-01T22:30:00+00:00,BEARISH,-3,1,4,463,463,463,52.48380129589633,29.805615550755938,36.06911447084233,0.03862495171880198,-0.4386881136410947,-0.766,-0.9425018658212436,0.12204881186678174,,,,
2026-10-01T22:55:42.074937+00:00,crypto_alt_usdt_perpetual,813,347,2026-10-01T22:45:00+00:00,NEUTRAL,-2,2,4,463,463,463,70.84233261339092,20.518358531317496,34.98920086393088,0.23593691791878868,-0.7188498402555976,-0.753,-1.2345248281532273,-0.1599927002412016,,,,
2026-10-01T23:09:03.987490+00:00,crypto_alt_usdt_perpetual,813,347,2026-10-01T23:00:00+00:00,NEUTRAL,-2,2,4,463,463,463,69.54643628509719,31.533477321814257,37.365010799136066,0.2333722287047868,-0.350262697022774,-0.795,-0.8263394637145816,0.22159880971235335,,,,
2026-10-01T23:26:40.382920+00:00,crypto_alt_usdt_perpetual,813,347,2026-10-01T23:15:00+00:00,BEARISH,-5,0,5,463,463,463,45.14038876889849,33.909287257019436,36.7170626349892,-0.030111412225242162,-0.34188034188032956,-0.628,-0.8805030023060434,0.2157905726132503,,,,
2026-10-01T23:41:00.671318+00:00,crypto_alt_usdt_perpetual,813,347,2026-10-01T23:30:00+00:00,NEUTRAL,2,4,2,463,463,463,61.33909287257019,70.62634989200863,38.44492440604752,0.11261634261865439,0.46136101499423265,-0.5559999999999999,-0.12719377890767491,1.038224307179303,,,,
2026-10-01T23:54:19.901239+00:00,crypto_alt_usdt_perpetual,813,347,2026-10-01T23:45:00+00:00,NEUTRAL,2,4,2,463,463,463,81.20950323974083,74.29805615550755,39.740820734341256,0.34548281223010235,0.5300353356890497,-0.49699999999999994,0.0,1.027767748544206,,,,
2026-10-02T00:14:50.459485+00:00,crypto_alt_usdt_perpetual,813,347,2026-10-02T00:00:00+00:00,NEUTRAL,2,4,2,463,463,463,77.10583153347733,64.79481641468682,43.412526997840175,0.3292978208232489,0.3571428571428559,-0.231,-0.293896202967342,0.8138638404988963,,,,
2026-10-02T00:40:02.444484+00:00,crypto_alt_usdt_perpetual,813,347,2026-10-02T00:30:00+00:00,BULLISH,3,4,1,463,463,463,85.7451403887689,66.95464362850971,46.868250539956804,0.5639097744360999,0.40104889711551905,-0.11499999999999999,-0.2263037616626662,1.0241672085902764,,,,
2026-10-02T01:14:16.772851+00:00,crypto_alt_usdt_perpetual,813,347,2026-10-02T01:00:00+00:00,NEUTRAL,2,4,2,463,463,463,55.29157667386609,59.611231101511876,33.47732181425486,0.0828243089346925,0.24763619990995078,-0.9450000000000001,-0.34319573573268203,0.8194011888970398,,,,
2026-10-02T01:32:15.230343+00:00,crypto_alt_usdt_perpetual,813,347,2026-10-02T01:30:00+00:00,NEUTRAL,-2,2,4,463,463,463,19.00647948164147,61.33909287257019,35.63714902807775,-0.5567928730512262,0.23055963110458766,-0.903,-0.31062738178724847,0.7980166385338827,,,,
2026-10-02T02:10:37.263257+00:00,crypto_alt_usdt_perpetual,813,347,2026-10-02T02:00:00+00:00,BULLISH,6,6,0,463,463,463,64.14686825053995,82.93736501079914,57.23542116630669,0.20508272593742216,0.8861174926156901,0.407,0.2945209431392648,1.5332013496916264,,,,
2026-10-02T02:15:11.214231+00:00,crypto_alt_usdt_perpetual,813,347,2026-10-02T02:15:00+00:00,BULLISH,6,6,0,463,463,463,74.94600431965442,84.44924406047517,58.53131749460043,0.36815462494248496,0.9573195053849126,0.338,0.3406506706270074,1.6370441060292618,,,,
2026-10-02T02:30:16.463002+00:00,crypto_alt_usdt_perpetual,813,347,2026-10-02T02:30:00+00:00,BULLISH,6,6,0,463,463,463,85.96112311015119,83.8012958963283,56.15550755939525,0.7540056550424223,0.960551157629741,0.358,0.2414061424021674,1.693699214806621,,,,
2026-10-02T03:13:39.126864+00:00,crypto_alt_usdt_perpetual,813,347,2026-10-02T03:00:00+00:00,BULLISH,5,5,0,463,463,463,75.5939524838013,82.72138228941685,50.107991360691145,0.3931492611505272,1.0613884107860017,0.012,0.3708617921950319,1.7157024970926527,,,,
2026-10-02T03:40:32.212629+00:00,crypto_alt_usdt_perpetual,813,347,2026-10-02T03:30:00+00:00,NEUTRAL,0,2,2,463,463,463,46.436285097192226,78.83369330453564,36.93304535637149,0.0,0.751072961373378,-0.598,0.12559510152574394,1.4346340777184108,,,,
2026-10-02T04:11:28.236241+00:00,crypto_alt_usdt_perpetual,813,347,2026-10-02T04:00:00+00:00,NEUTRAL,-2,2,4,463,463,463,35.20518358531317,73.00215982721382,31.317494600431967,-0.1641530727403362,0.5809128630705374,-0.941,-0.05821569036131846,1.3060540513662011,,,,
2026-10-02T04:31:25.803142+00:00,crypto_alt_usdt_perpetual,813,347,2026-10-02T04:30:00+00:00,BULLISH,6,6,0,463,463,463,88.33693304535637,83.15334773218143,55.50755939524838,0.965717044905845,1.127466332602589,0.17600000000000002,0.37897420246665314,1.9068738944501007,,,,
2026-10-02T04:59:46.830318+00:00,crypto_alt_usdt_perpetual,813,347,2026-10-02T04:45:00+00:00,BULLISH,6,6,0,463,463,463,88.12095032397409,82.50539956803456,63.49892008639309,0.8701957940536742,1.2810851544837742,0.541,0.44258917449540025,2.0469495367563484,,,,
2026-10-02T05:10:32.851319+00:00,crypto_alt_usdt_perpetual,813,347,2026-10-02T05:00:00+00:00,BULLISH,6,6,0,463,463,463,88.98488120950324,85.31317494600432,56.15550755939525,1.114091190427069,1.6098005467247267,0.326,0.7284159857430916,2.4643488675371805,,,,
2026-10-02T05:28:52.328171+00:00,crypto_alt_usdt_perpetual,813,347,2026-10-02T05:15:00+00:00,BULLISH,5,5,0,463,463,463,88.98488120950324,86.82505399568035,52.26781857451404,1.0735198438516669,1.6833766555266916,0.13999999999999999,0.7612934938516225,2.4810918459841735,,,,
2026-10-02T05:44:43.898685+00:00,crypto_alt_usdt_perpetual,813,347,2026-10-02T05:30:00+00:00,NEUTRAL,-1,2,3,463,463,463,33.69330453563715,87.25701943844493,47.94816414686825,-0.1831501831501936,1.6089385474860274,-0.086,0.6640438326592224,2.4491281506433538,,,,
2026-10-02T05:56:21.670849+00:00,crypto_alt_usdt_perpetual,813,347,2026-10-02T05:45:00+00:00,NEUTRAL,-1,2,3,463,463,463,21.598272138228943,82.93736501079914,45.57235421166307,-0.4323656578134494,1.252010107971513,-0.185,0.41286502853233875,2.2525327261924355,,,,
2026-10-02T06:13:02.193097+00:00,crypto_alt_usdt_perpetual,813,347,2026-10-02T06:00:00+00:00,NEUTRAL,-1,2,3,463,463,463,11.01511879049676,73.86609071274297,48.16414686825054,-0.7110208227526726,0.7716749886518492,-0.08099999999999999,-0.01615508885299266,1.5140934560309738,,,,
2026-10-02T06:37:58.667751+00:00,crypto_alt_usdt_perpetual,813,347,2026-10-02T06:30:00+00:00,NEUTRAL,-2,2,4,463,463,463,32.6133909287257,70.62634989200863,42.54859611231102,-0.21052631578948322,0.5427088249174261,-0.241,-0.11946154767528139,1.5429978614733608,,,,
2026-10-02T06:59:50.202270+00:00,crypto_alt_usdt_perpetual,813,347,2026-10-02T06:45:00+00:00,NEUTRAL,-2,2,4,463,463,463,41.25269978401728,66.09071274298056,40.172786177105834,-0.07855459544383603,0.4296235679214444,-0.47600000000000003,-0.221791243140107,1.3406349962459374,,,,
2026-10-02T07:15:17.514744+00:00,crypto_alt_usdt_perpetual,813,347,2026-10-02T07:15:00+00:00,BEARISH,-3,1,4,463,463,463,29.805615550755938,51.83585313174946,40.388768898488124,-0.2564102564102555,0.07457121551079915,-0.414,-0.7002653628702615,1.0128171311899803,,,,
2026-10-02T07:33:04.686064+00:00,crypto_alt_usdt_perpetual,813,347,2026-10-02T07:30:00+00:00,NEUTRAL,2,4,2,463,463,463,22.24622030237581,55.93952483801296,55.50755939524838,-0.41727519298977445,0.19260400616332163,0.32,-0.7217208888574189,1.1751046091823425,,,,
2026-10-02T07:49:20.032448+00:00,crypto_alt_usdt_perpetual,813,347,2026-10-02T07:45:00+00:00,NEUTRAL,2,4,2,463,463,463,38.44492440604752,58.09935205183585,62.41900647948164,-0.1265288907633888,0.3329124095970526,0.719,-0.524848612553086,1.2484963571363972,,,,
2026-10-02T08:13:02.908172+00:00,crypto_alt_usdt_perpetual,813,347,2026-10-02T08:00:00+00:00,BULLISH,6,6,0,463,463,463,68.46652267818574,71.49028077753779,72.57019438444924,0.3463536655762933,0.707013574660631,1.324,-0.15104996141658278,1.7045498686209082,,,,
2026-10-02T08:32:07.851240+00:00,crypto_alt_usdt_perpetual,813,347,2026-10-02T08:30:00+00:00,BULLISH,6,6,0,463,463,463,89.8488120950324,55.29157667386609,73.2181425485961,0.8648465321349885,0.1432958034800258,1.509,-0.7478715191084839,0.843015102481115,,,,
2026-10-02T08:59:28.349972+00:00,crypto_alt_usdt_perpetual,813,347,2026-10-02T08:45:00+00:00,BULLISH,6,6,0,463,463,463,84.44924406047517,56.371490280777536,67.170626349892,0.7645968489342181,0.22421524663678305,1.157,-0.736144133499389,0.9798338462629341,,,,
2026-10-02T09:14:27.134585+00:00,crypto_alt_usdt_perpetual,813,347,2026-10-02T09:00:00+00:00,NEUTRAL,2,4,2,463,463,463,67.81857451403887,39.524838012958966,63.93088552915767,0.24020694752402427,-0.1734104046242746,0.8240000000000001,-0.8985426241046646,0.5226612475331072,,,,
2026-10-02T09:32:17.012055+00:00,crypto_alt_usdt_perpetual,813,347,2026-10-02T09:30:00+00:00,NEUTRAL,-1,2,3,463,463,463,30.669546436285096,48.38012958963283,64.79481641468682,-0.27507163323783335,-0.02217786648924802,1.118,-0.8131033695798762,0.7593380667064498,,,,
2026-10-02T09:49:13.227897+00:00,crypto_alt_usdt_perpetual,813,347,2026-10-02T09:45:00+00:00,NEUTRAL,2,4,2,463,463,463,26.13390928725702,58.09935205183585,67.170626349892,-0.3110419906687256,0.28243085313597316,1.206,-0.5770002930348683,1.0338357579258828,,,,
2026-10-02T10:10:53.589370+00:00,crypto_alt_usdt_perpetual,813,347,2026-10-02T10:00:00+00:00,NEUTRAL,2,4,2,463,463,463,40.8207343412527,62.20302375809935,77.32181425485962,-0.11510359323391173,0.4036326942482349,1.981,-0.4594626749433839,1.1793629994931054,,,,
2026-10-02T10:29:57.002571+00:00,crypto_alt_usdt_perpetual,813,347,2026-10-02T10:15:00+00:00,NEUTRAL,1,3,2,463,463,463,32.82937365010799,52.915766738660906,75.5939524838013,-0.18214936247722413,0.09705596894207247,1.7919999999999998,-0.7154154908169064,0.8036464928396159,,,,
2026-10-02T10:57:12.832738+00:00,crypto_alt_usdt_perpetual,813,347,2026-10-02T10:45:00+00:00,NEUTRAL,2,4,2,463,463,463,41.46868250539957,60.043196544276455,71.05831533477321,-0.08380824673147602,0.21629416005766178,1.369,-0.5158647772852076,0.919189264038367,,,,
2026-10-02T11:10:17.625864+00:00,crypto_alt_usdt_perpetual,813,347,2026-10-02T11:00:00+00:00,NEUTRAL,2,4,2,463,463,463,37.149028077753776,61.77105831533477,73.00215982721382,-0.14388489208632116,0.3506721215663422,1.7489999999999999,-0.40881980261945894,1.0634802465585014,,,,
2026-10-02T11:29:08.395844+00:00,crypto_alt_usdt_perpetual,813,347,2026-10-02T11:15:00+00:00,NEUTRAL,2,4,2,463,463,463,43.84449244060475,65.01079913606911,73.00215982721382,-0.06002400960384291,0.3781739600216216,1.765,-0.274172223147251,1.1679577377458505,,,,
2026-10-02T11:44:08.546917+00:00,crypto_alt_usdt_perpetual,813,347,2026-10-02T11:30:00+00:00,BULLISH,5,5,0,463,463,463,54.21166306695464,69.54643628509719,69.11447084233261,0.07241129616220032,0.527216389955143,1.5010000000000001,-0.232794563068367,1.2188693966330155,,,,
2026-10-02T11:56:56.376483+00:00,crypto_alt_usdt_perpetual,813,347,2026-10-02T11:45:00+00:00,NEUTRAL,2,4,2,463,463,463,38.44492440604752,61.33909287257019,68.89848812095032,-0.13377926421406228,0.2930988542499291,1.336,-0.4050069250981392,1.0287730128982542,,,,
2026-10-02T12:14:29.458640+00:00,crypto_alt_usdt_perpetual,813,347,2026-10-02T12:00:00+00:00,NEUTRAL,2,3,1,463,463,463,46.652267818574515,51.61987041036717,71.2742980561555,-0.030978934324654706,0.08455608057698072,1.599,-0.6771122659185114,0.8743133798257197,,,,
2026-10-02T12:35:53.512766+00:00,crypto_alt_usdt_perpetual,813,347,2026-10-02T12:30:00+00:00,BULLISH,3,4,1,463,463,463,69.54643628509719,46.868250539956804,77.7537796976242,0.2548853016142605,-0.05285412262155953,2.1510000000000002,-0.7641974523092676,0.631413405650183,,,,
2026-10-02T12:59:49.331399+00:00,crypto_alt_usdt_perpetual,813,347,2026-10-02T12:45:00+00:00,NEUTRAL,2,4,2,463,463,463,68.46652267818574,44.49244060475162,80.34557235421167,0.340136054421758,-0.14272970561999276,2.5,-0.8075064753327421,0.6688473360576208,,,,
2026-10-02T13:17:48.987692+00:00,crypto_alt_usdt_perpetual,813,347,2026-10-02T13:15:00+00:00,BULLISH,6,6,0,463,463,463,78.83369330453564,69.97840172786177,82.50539956803456,0.4895211870888705,0.5169172932330879,3.231,-0.2327325159246274,1.2449999920917332,,,,
2026-10-02T13:33:53.786387+00:00,crypto_alt_usdt_perpetual,813,347,2026-10-02T13:30:00+00:00,BULLISH,6,6,0,463,463,463,71.92224622030237,71.92224622030237,80.56155507559396,0.32114624505927836,0.5270394133822132,2.937,-0.0561767986663575,1.2943491620867942,,,,
2026-10-02T13:57:53.397619+00:00,crypto_alt_usdt_perpetual,813,347,2026-10-02T13:45:00+00:00,BULLISH,6,6,0,463,463,463,88.12095032397409,82.07343412526998,81.8574514038877,0.7197857381988637,1.0278666057560448,3.007,0.28149723565348284,1.752283494058593,,,,
2026-10-02T14:14:57.072048+00:00,crypto_alt_usdt_perpetual,813,347,2026-10-02T14:00:00+00:00,BULLISH,6,6,0,463,463,463,59.1792656587473,73.2181425485961,82.93736501079914,0.1682085786375076,0.7137923094635124,3.36,-0.05602107060694306,1.4884461309927155,,,,
2026-10-02T14:33:04.621438+00:00,crypto_alt_usdt_perpetual,813,347,2026-10-02T14:30:00+00:00,NEUTRAL,2,4,2,463,463,463,44.49244060475162,71.05831533477321,80.99352051835854,-0.061387354205022504,0.6909218121392335,2.965,-0.09052489554119414,1.5596693525156025,,,,
2026-10-02T14:51:43.703401+00:00,crypto_alt_usdt_perpetual,813,347,2026-10-02T14:45:00+00:00,NEUTRAL,2,4,2,463,463,463,20.734341252699785,66.52267818574514,83.58531317494601,-0.6254653760238371,0.43627298223745115,3.38,-0.3281826944997457,1.3112384685049383,,,,
2026-10-02T15:19:53.686070+00:00,crypto_alt_usdt_perpetual,813,347,2026-10-02T15:15:00+00:00,NEUTRAL,1,3,2,463,463,463,23.326133909287257,52.69978401727862,74.94600431965442,-0.5206525511974869,0.07340796476416056,2.171,-0.7330245378017519,0.9505258506022685,,,,
2026-10-02T15:49:57.978281+00:00,crypto_alt_usdt_perpetual,813,347,2026-10-02T15:45:00+00:00,NEUTRAL,1,3,2,463,463,463,20.734341252699785,51.83585313174946,74.94600431965442,-0.5172026085001002,0.07544322897021782,2.1510000000000002,-0.6961389020788245,0.8319685188446169,,,,
2026-10-02T16:21:23.235460+00:00,crypto_alt_usdt_perpetual,813,347,2026-10-02T16:15:00+00:00,BULLISH,3,3,0,463,463,463,54.42764578833693,49.46004319654428,79.48164146868251,0.062266500622665255,0.0,2.453,-0.728096527628691,0.788491154654869,,,,
2026-10-02T16:31:10.651082+00:00,crypto_alt_usdt_perpetual,813,347,2026-10-02T16:30:00+00:00,NEUTRAL,0,2,2,463,463,463,47.94816414686825,41.03671706263499,77.10583153347733,0.0,-0.23056349718713065,2.088,-1.0253481235479311,0.4897303851355339,,,,
2026-10-02T17:14:21.510894+00:00,crypto_alt_usdt_perpetual,813,347,2026-10-02T17:00:00+00:00,NEUTRAL,-2,2,4,463,463,463,22.67818574514039,18.14254859611231,69.54643628509719,-0.3831417624521216,-1.1039913533544277,1.418,-1.9065453621973705,-0.3419444160757845,,,,
2026-10-02T17:34:21.374694+00:00,crypto_alt_usdt_perpetual,813,347,2026-10-02T17:30:00+00:00,NEUTRAL,-2,2,4,463,463,463,8.855291576673865,14.254859611231101,56.15550755939525,-0.8838607035531187,-1.5904651811695425,0.292,-2.356304571911733,-0.6966649591545193,,,,
2026-10-02T18:14:59.008532+00:00,crypto_alt_usdt_perpetual,813,347,2026-10-02T18:00:00+00:00,BEARISH,-5,0,5,463,463,463,13.822894168466522,9.503239740820735,47.94816414686825,-0.6355034599632714,-2.010582010582007,-0.078,-2.8684551928181645,-1.2279715381779466,,,,
2026-10-02T18:59:24.998583+00:00,crypto_alt_usdt_perpetual,813,347,2026-10-02T18:45:00+00:00,BEARISH,-6,0,6,463,463,463,3.239740820734341,3.8876889848812093,15.982721382289418,-3.2027491408934683,-5.109126984126988,-2.731,-6.246639201987946,-3.719867808081295,,,,
2026-10-02T19:11:56.939441+00:00,crypto_alt_usdt_perpetual,813,347,2026-10-02T19:00:00+00:00,BEARISH,-6,0,6,463,463,463,4.103671706263499,4.751619870410368,15.766738660907128,-2.9462738301559765,-4.175873731679813,-2.838,-5.064058025696839,-2.8256063332320727,,,,
2026-10-02T19:30:37.161343+00:00,crypto_alt_usdt_perpetual,813,347,2026-10-02T19:30:00+00:00,BEARISH,-6,0,6,463,463,463,9.503239740820735,4.103671706263499,21.814254859611232,-1.7400356930398542,-4.164470216130722,-1.839,-5.061018937766459,-2.768056350496517,,,,
2026-10-02T19:58:02.666270+00:00,crypto_alt_usdt_perpetual,813,347,2026-10-02T19:45:00+00:00,NEUTRAL,-2,2,4,463,463,463,80.99352051835854,4.103671706263499,20.086393088552917,0.7621267820317357,-3.950880939668977,-2.257,-4.941172599464528,-2.7857065557370997,,,,
2026-10-02T20:10:19.644588+00:00,crypto_alt_usdt_perpetual,813,347,2026-10-02T20:00:00+00:00,NEUTRAL,-2,2,4,463,463,463,57.23542116630669,4.319654427645788,19.43844492440605,0.13308195630477027,-3.972457627118653,-2.313,-5.0191994549556975,-2.7899781729287474,,,,
2026-10-02T20:28:22.959107+00:00,crypto_alt_usdt_perpetual,813,347,2026-10-02T20:15:00+00:00,NEUTRAL,-2,2,4,463,463,463,80.77753779697625,4.319654427645788,19.22246220302376,0.5341167044999429,-4.142871975911133,-2.236,-5.149305560022549,-2.8772585986970247,,,,
2026-10-02T20:43:21.098051+00:00,crypto_alt_usdt_perpetual,813,347,2026-10-02T20:30:00+00:00,NEUTRAL,-2,2,4,463,463,463,69.97840172786177,5.399568034557236,19.43844492440605,0.3310475289666659,-3.8171903401713836,-2.168,-4.852624694853103,-2.6730910275949316,,,,
2026-10-02T21:10:24.508041+00:00,crypto_alt_usdt_perpetual,813,347,2026-10-02T21:00:00+00:00,BEARISH,-6,0,6,463,463,463,39.956803455723545,5.831533477321814,19.65442764578834,-0.13767783386874344,-3.5910708508573252,-2.2560000000000002,-4.729710920809249,-2.484804899026505,,,,
2026-10-02T21:43:35.312629+00:00,crypto_alt_usdt_perpetual,813,347,2026-10-02T21:30:00+00:00,BEARISH,-6,0,6,463,463,463,24.838012958963283,7.991360691144709,23.758099352051836,-0.3661981655215696,-3.2820867161858724,-1.875,-4.308513901325406,-2.14647750561322,,,,
2026-10-02T21:55:21.384085+00:00,crypto_alt_usdt_perpetual,813,347,2026-10-02T21:45:00+00:00,NEUTRAL,-2,2,4,463,463,463,55.0755939524838,11.44708423326134,25.48596112311015,0.06238303181533844,-2.493536340132152,-1.687,-3.479104761980556,-1.3448252907518776,,,,
2026-10-02T22:09:53.846785+00:00,crypto_alt_usdt_perpetual,813,347,2026-10-02T22:00:00+00:00,NEUTRAL,-2,2,4,463,463,463,82.28941684665227,10.799136069114471,26.565874730021598,0.6420878210439129,-2.3905182804339176,-1.599,-3.3455392389471594,-1.197659943140128,,,,
2026-10-02T22:42:30.128207+00:00,crypto_alt_usdt_perpetual,813,347,2026-10-02T22:30:00+00:00,NEUTRAL,-2,2,4,463,463,463,85.31317494600432,22.24622030237581,27.861771058315334,0.6051609956611026,-1.2457732692649937,-1.474,-2.011848958421486,-0.22223866607468667,,,,
2026-10-02T22:55:42.427506+00:00,crypto_alt_usdt_perpetual,813,347,2026-10-02T22:45:00+00:00,NEUTRAL,2,4,2,463,463,463,88.12095032397409,84.66522678185746,30.669546436285096,0.6174571989896016,1.3852318259874208,-1.123,0.5733906162816993,2.2680791525907185,,,,
2026-10-02T23:08:42.556339+00:00,crypto_alt_usdt_perpetual,813,347,2026-10-02T23:00:00+00:00,NEUTRAL,2,4,2,463,463,463,78.83369330453564,82.28941684665227,32.39740820734341,0.4374627162457623,1.0876519513755678,-1.0619999999999998,0.33000474113298317,1.9128845092875157,,,,
2026-10-02T23:25:38.997448+00:00,crypto_alt_usdt_perpetual,813,347,2026-10-02T23:15:00+00:00,NEUTRAL,2,4,2,463,463,463,89.20086393088553,88.98488120950324,34.557235421166304,0.6608399062033588,1.5736179529282968,-0.907,0.8085038747154827,2.557574210123159,,,,
2026-10-02T23:40:31.782903+00:00,crypto_alt_usdt_perpetual,813,347,2026-10-02T23:30:00+00:00,NEUTRAL,2,4,2,463,463,463,93.9524838012959,91.14470842332614,36.7170626349892,1.043497363796142,1.5759312320916985,-0.765,0.7793098162874434,2.46421087908405,,,,
2026-10-02T23:53:44.237091+00:00,crypto_alt_usdt_perpetual,813,347,2026-10-02T23:45:00+00:00,NEUTRAL,2,4,2,463,463,463,92.65658747300216,92.44060475161987,39.30885529157668,1.0349750178443973,1.6853932584269593,-0.616,1.0000011791379881,2.5594235448250124,,,,
2026-10-03T00:15:10.980636+00:00,crypto_alt_usdt_perpetual,813,347,2026-10-03T00:15:00+00:00,NEUTRAL,2,4,2,463,463,463,89.63282937365011,93.30453563714903,36.50107991360691,0.9677419354838568,1.9905775170821594,-0.742,1.242814938505521,2.900549006147335,,,,
2026-10-03T00:36:02.388316+00:00,crypto_alt_usdt_perpetual,813,347,2026-10-03T00:30:00+00:00,NEUTRAL,2,4,2,463,463,463,79.48164146868251,91.792656587473,39.740820734341256,0.6945906125026324,2.071197411003234,-0.612,1.2419022757440223,2.876842965698878,,,,
2026-10-03T00:59:32.584426+00:00,crypto_alt_usdt_perpetual,813,347,2026-10-03T00:45:00+00:00,NEUTRAL,2,4,2,463,463,463,68.89848812095032,92.0086393088553,41.25269978401728,0.4069175991861629,2.3245516936019284,-0.45799999999999996,1.4156270504834811,3.1708878896479553,,,,
2026-10-03T01:11:19.439353+00:00,crypto_alt_usdt_perpetual,813,347,2026-10-03T01:00:00+00:00,BULLISH,3,4,1,463,463,463,55.72354211663067,92.87257019438445,46.652267818574515,0.1154290111581302,2.3601773709054585,-0.19,1.4043750586977488,3.208193737516918,,,,
2026-10-03T01:27:56.117290+00:00,crypto_alt_usdt_perpetual,813,347,2026-10-03T01:15:00+00:00,BULLISH,3,4,1,463,463,463,63.49892008639309,92.44060475161987,45.35637149028078,0.22797927461140066,2.3198492098013723,-0.28300000000000003,1.464157081439732,3.12759482952788,,,,
2026-10-03T01:43:03.718496+00:00,crypto_alt_usdt_perpetual,813,347,2026-10-03T01:30:00+00:00,NEUTRAL,-1,2,3,463,463,463,39.740820734341256,93.30453563714903,45.57235421166307,-0.13401232913426986,2.347918890074707,-0.299,1.4188928266212208,3.1439045936720755,,,,
2026-10-03T01:54:22.605170+00:00,crypto_alt_usdt_perpetual,813,347,2026-10-03T01:45:00+00:00,NEUTRAL,-2,2,4,463,463,463,33.69330453563715,90.92872570194385,33.69330453563715,-0.1908396946564972,2.0321761219305623,-0.8170000000000001,1.1070650229456858,2.7387471893690285,,,,
2026-10-03T02:10:40.983048+00:00,crypto_alt_usdt_perpetual,813,347,2026-10-03T02:00:00+00:00,NEUTRAL,-2,2,4,463,463,463,24.622030237580994,86.17710583153348,31.317494600431967,-0.32599837000814036,1.3111888111888126,-1.277,0.6058386306005636,2.072398339103443,,,,
2026-10-03T02:34:59.368943+00:00,crypto_alt_usdt_perpetual,813,347,2026-10-03T02:30:00+00:00,NEUTRAL,-2,2,4,463,463,463,38.8768898488121,87.6889848812095,33.909287257019436,-0.10044642857142128,1.5847347994825345,-1.048,0.7084086510413923,2.344902106967084,,,,
2026-10-03T03:04:56.759203+00:00,crypto_alt_usdt_perpetual,813,347,2026-10-03T03:00:00+00:00,NEUTRAL,2,4,2,463,463,463,59.1792656587473,79.04967602591793,30.669546436285096,0.16624221844936393,1.026518391787845,-1.387,0.27047722790435325,1.903545264782014,,,,
2026-10-03T03:35:20.019898+00:00,crypto_alt_usdt_perpetual,813,347,2026-10-03T03:30:00+00:00,NEUTRAL,2,4,2,463,463,463,59.827213822894166,71.2742980561555,34.77321814254859,0.20129724893760415,0.8252063015753874,-0.9690000000000001,-0.17593588679347127,1.8229175861878222,,,,
2026-10-03T04:06:15.224788+00:00,crypto_alt_usdt_perpetual,813,347,2026-10-03T04:00:00+00:00,NEUTRAL,2,4,2,463,463,463,72.57019438444924,64.36285097192224,37.58099352051836,0.378361795684623,0.47885075818037137,-0.874,-0.49840901971048845,1.3538502149385456,,,,
2026-10-03T04:44:51.051204+00:00,crypto_alt_usdt_perpetual,813,347,2026-10-03T04:30:00+00:00,BEARISH,-5,0,5,463,463,463,31.317494600431967,46.00431965442765,24.190064794816415,-0.2563163676309044,-0.12476606363068798,-1.955,-1.1270004457070215,0.7933095637583931,,,,
2026-10-03T04:56:36.302654+00:00,crypto_alt_usdt_perpetual,813,347,2026-10-03T04:45:00+00:00,BEARISH,-6,0,6,463,463,463,25.70194384449244,39.09287257019439,25.48596112311015,-0.298656047784962,-0.24176488365065252,-1.918,-1.1640800515395844,0.552628900086527,,,,
2026-10-03T05:10:04.881357+00:00,crypto_alt_usdt_perpetual,813,347,2026-10-03T05:00:00+00:00,BEARISH,-3,1,4,463,463,463,30.669546436285096,50.75593952483801,29.15766738660907,-0.2886169475871614,0.033444816053518345,-1.6119999999999999,-0.7906354153366268,0.8504652048136108,,,,
2026-10-03T05:38:42.625120+00:00,crypto_alt_usdt_perpetual,813,347,2026-10-03T05:30:00+00:00,NEUTRAL,2,4,2,463,463,463,67.170626349892,57.23542116630669,31.101511879049674,0.20403932717367734,0.1635867918812428,-1.304,-0.5996809846214035,1.1520825631587295,,,,
2026-10-03T05:57:19.714615+00:00,crypto_alt_usdt_perpetual,813,347,2026-10-03T05:45:00+00:00,NEUTRAL,1,3,2,463,463,463,69.76241900647948,54.21166306695464,31.965442764578835,0.2428166734115722,0.17196904557179593,-1.302,-0.6347222281629317,1.038246923814501,,,,
2026-10-03T06:18:25.967328+00:00,crypto_alt_usdt_perpetual,813,347,2026-10-03T06:15:00+00:00,BEARISH,-3,1,4,463,463,463,26.13390928725702,50.75593952483801,29.15766738660907,-0.32987747408106394,0.02858231707316694,-1.687,-0.7899442915331734,0.8116981076832008,,,,
2026-10-03T06:48:57.492486+00:00,crypto_alt_usdt_perpetual,813,347,2026-10-03T06:45:00+00:00,BEARISH,-6,0,6,463,463,463,29.805615550755938,44.27645788336933,31.317494600431967,-0.28317915801395754,-0.1147282374874492,-1.593,-0.7658138075389731,0.5399920131113345,,,,
2026-10-03T07:15:25.088750+00:00,crypto_alt_usdt_perpetual,813,347,2026-10-03T07:15:00+00:00,BEARISH,-6,0,6,463,463,463,32.82937365010799,41.25269978401728,30.669546436285096,-0.17406440382942145,-0.216543958423554,-1.568,-0.7737108868950127,0.43127470369097587,,,,
2026-10-03T07:34:06.316971+00:00,crypto_alt_usdt_perpetual,813,347,2026-10-03T07:30:00+00:00,BEARISH,-6,0,6,463,463,463,24.190064794816415,23.326133909287257,30.021598272138228,-0.3368034292712818,-0.7262500772606373,-1.5939999999999999,-1.3819675650090624,-0.06463841136121751,,,,
2026-10-03T07:56:44.470489+00:00,crypto_alt_usdt_perpetual,813,347,2026-10-03T07:45:00+00:00,BEARISH,-6,0,6,463,463,463,13.822894168466522,17.92656587473002,23.542116630669547,-0.6454388984509452,-0.9763506183553927,-2.1510000000000002,-1.5864871221174137,-0.3522684847475255,,,,
2026-10-03T08:11:20.238767+00:00,crypto_alt_usdt_perpetual,813,347,2026-10-03T08:00:00+00:00,BEARISH,-6,0,6,463,463,463,13.606911447084233,17.49460043196544,21.814254859611232,-0.6359300476947549,-1.1082693947144007,-2.316,-1.8072789400124523,-0.4442340082908558,,,,
2026-10-03T08:30:13.624607+00:00,crypto_alt_usdt_perpetual,813,347,2026-10-03T08:30:00+00:00,BEARISH,-6,0,6,463,463,463,20.950323974082075,24.622030237580994,17.062634989200863,-0.45655877342419826,-0.9656237929702716,-2.759,-1.6434574443888461,-0.013249296037431968,,,,
2026-10-03T08:48:09.216870+00:00,crypto_alt_usdt_perpetual,813,347,2026-10-03T08:45:00+00:00,BEARISH,-6,0,6,463,463,463,43.84449244060475,28.077753779697623,16.414686825053995,-0.10266940451745254,-0.7739307535641449,-2.796,-1.5154682739423941,0.17916683294658675,,,,
2026-10-03T09:00:54.004356+00:00,crypto_alt_usdt_perpetual,813,347,2026-10-03T09:00:00+00:00,BEARISH,-6,0,6,463,463,463,30.669546436285096,20.734341252699785,16.846652267818573,-0.23317788141239415,-1.116039490628118,-2.852,-1.8585035341299572,-0.26241595202225465,,,,
2026-10-03T09:17:10.675588+00:00,crypto_alt_usdt_perpetual,813,347,2026-10-03T09:15:00+00:00,BEARISH,-6,0,6,463,463,463,42.76457883369331,22.89416846652268,16.846652267818573,-0.07974481658693522,-1.2158681092220514,-2.682,-1.9735479889355256,-0.1240743806972755,,,,
2026-10-03T09:32:59.017590+00:00,crypto_alt_usdt_perpetual,813,347,2026-10-03T09:30:00+00:00,BEARISH,-6,0,6,463,463,463,42.33261339092873,18.3585313174946,16.198704103671705,-0.05689091167685456,-1.2700165654334628,-2.7119999999999997,-1.982562881184713,-0.3693333509961927,,,,
2026-10-03T09:56:53.304899+00:00,crypto_alt_usdt_perpetual,813,347,2026-10-03T09:45:00+00:00,BEARISH,-6,0,6,463,463,463,43.84449244060475,22.03023758099352,17.278617710583152,-0.05299417064124068,-1.134710503345937,-2.566,-1.8305943265689018,-0.15512450977648862,,,,
2026-10-03T10:10:45.214719+00:00,crypto_alt_usdt_perpetual,813,347,2026-10-03T10:00:00+00:00,NEUTRAL,-2,2,4,463,463,463,66.52267818574514,25.70194384449244,19.65442764578834,0.18929150892375013,-0.7869884575026131,-2.221,-1.7183387210299716,0.05440221748311824,,,,
2026-10-03T10:28:00.581779+00:00,crypto_alt_usdt_perpetual,813,347,2026-10-03T10:15:00+00:00,NEUTRAL,-2,2,4,463,463,463,74.73002159827213,33.47732181425486,23.110151187904968,0.28930702993301693,-0.5286701911346059,-1.831,-1.3996305133675835,0.3699879105379722,,,,
2026-10-03T10:58:38.057361+00:00,crypto_alt_usdt_perpetual,813,347,2026-10-03T10:45:00+00:00,NEUTRAL,-2,2,4,463,463,463,78.40172786177106,37.149028077753776,19.00647948164147,0.3796095444685399,-0.4593301435406816,-2.236,-1.1836695164705868,0.4389640160271102,,,,
2026-10-03T12:50:40.576913+00:00,crypto_alt_usdt_perpetual,813,347,2026-10-03T12:45:00+00:00,BEARISH,-3,1,4,463,463,463,13.606911447084233,51.40388768898488,13.606911447084233,-0.6552006552006495,0.0602530628640352,-3.0140000000000002,-0.6611104383098809,0.6990632880770509,,,,
2026-10-03T18:20:17.954352+00:00,crypto_alt_usdt_perpetual,813,347,2026-10-03T18:15:00+00:00,NEUTRAL,2,4,2,463,463,463,36.7170626349892,71.05831533477321,57.45140388768898,-0.1342732460557272,0.5870636335045365,0.40099999999999997,-0.11012721577566831,1.2748201677798665,,,,
2026-10-04T00:11:42.351820+00:00,crypto_alt_usdt_perpetual,813,347,2026-10-04T00:00:00+00:00,BULLISH,6,6,0,463,463,463,77.5377969762419,71.2742980561555,63.93088552915767,0.2391464311993996,0.44898977301073284,0.6629999999999999,-0.049800347090134256,0.9358338224442542,,,,
2026-10-04T03:46:39.661834+00:00,crypto_alt_usdt_perpetual,813,347,2026-10-04T03:45:00+00:00,BULLISH,3,4,1,463,463,463,55.93952483801296,47.51619870410367,57.88336933045356,0.07476635514018781,-0.026616981634275394,0.38,-0.6706014614952183,0.6478076824221191,,,,
2026-10-04T05:36:17.000986+00:00,crypto_alt_usdt_perpetual,813,347,2026-10-04T05:30:00+00:00,BULLISH,6,6,0,463,463,463,58.74730021598272,79.04967602591793,65.65874730021598,0.13005028611061675,0.7106198183971735,0.8370000000000001,0.11275464286556458,1.427322219401439,,,,
2026-10-04T11:11:38.459581+00:00,crypto_alt_usdt_perpetual,813,347,2026-10-04T11:00:00+00:00,NEUTRAL,-2,2,4,463,463,463,24.838012958963283,36.06911447084233,73.00215982721382,-0.26532607177767176,-0.3759398496240629,1.202,-0.9802478960607319,0.39557147712762086,,,,
2026-10-04T18:02:34.658842+00:00,crypto_alt_usdt_perpetual,813,347,2026-10-04T18:00:00+00:00,NEUTRAL,0,2,2,463,463,463,53.347732181425485,38.01295896328294,50.323974082073434,0.05850804485616479,-0.34344590726960167,0.053,-0.8576402732007271,0.33466393447472154,,,,
2026-10-04T21:12:45.673343+00:00,crypto_alt_usdt_perpetual,813,347,2026-10-04T21:00:00+00:00,NEUTRAL,2,4,2,463,463,463,39.09287257019439,67.81857451403887,55.72354211663067,-0.05694760820046385,0.2884402041269052,0.26,-0.11319440959974836,0.8583824701925202,,,,
2026-10-04T21:39:32.632533+00:00,crypto_alt_usdt_perpetual,813,347,2026-10-04T21:30:00+00:00,NEUTRAL,2,4,2,463,463,463,31.101511879049674,71.05831533477321,55.0755939524838,-0.17235976183014312,0.3872808805544192,0.22,-0.07242312927517314,0.8992155969457127,,,,
2026-10-04T21:57:54.394196+00:00,crypto_alt_usdt_perpetual,813,347,2026-10-04T21:45:00+00:00,NEUTRAL,1,3,2,463,463,463,32.39740820734341,64.36285097192224,51.61987041036717,-0.14818473697209011,0.2421840598854974,0.109,-0.22813785178299462,0.6848965821696251,,,,
2026-10-04T22:10:49.199055+00:00,crypto_alt_usdt_perpetual,813,347,2026-10-04T22:00:00+00:00,NEUTRAL,1,3,2,463,463,463,29.58963282937365,52.915766738660906,61.1231101511879,-0.20728252608305242,0.06293266205159576,0.559,-0.4842104634984745,0.4734140734701131,,,,
2026-10-04T22:28:57.400261+00:00,crypto_alt_usdt_perpetual,813,347,2026-10-04T22:15:00+00:00,BULLISH,6,6,0,463,463,463,60.043196544276455,68.46652267818574,63.71490280777538,0.11766258329850565,0.3348434114634591,0.5890000000000001,-0.10327216628053248,0.8328981282783698,,,,
2026-10-04T22:55:12.930911+00:00,crypto_alt_usdt_perpetual,813,347,2026-10-04T22:45:00+00:00,BULLISH,6,6,0,463,463,463,74.94600431965442,63.93088552915767,61.98704103671706,0.28328611898016387,0.2854424357754404,0.488,-0.23940217488603865,0.7663485443600293,,,,
2026-10-04T23:09:11.226580+00:00,crypto_alt_usdt_perpetual,813,347,2026-10-04T23:00:00+00:00,BULLISH,6,6,0,463,463,463,85.31317494600432,60.475161987041034,64.14686825053995,0.4957507082152812,0.2077124537162467,0.528,-0.35009630357493715,0.6682373317157153,,,,
2026-10-04T23:27:36.210665+00:00,crypto_alt_usdt_perpetual,813,347,2026-10-04T23:15:00+00:00,BULLISH,6,6,0,463,463,463,77.10583153347733,69.76241900647948,62.634989200863934,0.2511511092507135,0.32343987823439946,0.539,-0.13756498178810195,0.8295101229135016,,,,
2026-10-04T23:42:14.740320+00:00,crypto_alt_usdt_perpetual,813,347,2026-10-04T23:30:00+00:00,BULLISH,6,6,0,463,463,463,82.28941684665227,70.19438444924405,61.33909287257019,0.3298256635778207,0.363901018922852,0.492,-0.09113499056702667,0.8285325867499305,,,,
2026-10-04T23:54:19.090988+00:00,crypto_alt_usdt_perpetual,813,347,2026-10-04T23:45:00+00:00,BULLISH,6,6,0,463,463,463,72.35421166306695,69.54643628509719,60.69114470842332,0.19164430816405176,0.3703000379794874,0.42,-0.062443059628924935,0.8773477307600253,,,,
2026-10-05T00:15:27.896083+00:00,crypto_alt_usdt_perpetual,813,347,2026-10-05T00:15:00+00:00,BULLISH,6,6,0,463,463,463,59.611231101511876,73.00215982721382,65.01079913606911,0.15167109040681304,0.4629629629629761,0.692,-0.044612162275953215,0.8863567971908237,,,,
2026-10-05T00:42:41.513917+00:00,crypto_alt_usdt_perpetual,813,347,2026-10-05T00:30:00+00:00,BULLISH,5,5,0,463,463,463,51.40388768898488,66.30669546436285,68.89848812095032,0.03485332558814669,0.3350593968930671,0.783,-0.2298612731523264,0.890938811140185,,,,
2026-10-05T01:04:07.225684+00:00,crypto_alt_usdt_perpetual,813,347,2026-10-05T01:00:00+00:00,BULLISH,6,6,0,463,463,463,72.35421166306695,80.77753779697625,74.08207343412526,0.2974530581892454,0.8212330397524337,1.0619999999999998,0.2728660762548407,1.3151969981238243,,,,
2026-10-05T01:20:12.754391+00:00,crypto_alt_usdt_perpetual,813,347,2026-10-05T01:15:00+00:00,BULLISH,6,6,0,463,463,463,67.60259179265658,82.50539956803456,78.40172786177106,0.21244309559940167,0.8244274809160235,1.376,0.2769176276410046,1.358017899061037,,,,
2026-10-05T01:44:00.739256+00:00,crypto_alt_usdt_perpetual,813,347,2026-10-05T01:30:00+00:00,BULLISH,6,6,0,463,463,463,76.45788336933046,85.31317494600432,73.86609071274297,0.4149377593360981,0.9663957830002401,1.13,0.3695169824202149,1.5019048283257064,,,,
2026-10-05T01:56:12.454908+00:00,crypto_alt_usdt_perpetual,813,347,2026-10-05T01:45:00+00:00,NEUTRAL,2,4,2,463,463,463,38.44492440604752,77.7537796976242,76.02591792656588,-0.13986013986013734,0.6535947712418277,1.28,0.10613725959873754,1.2383124890717245,,,,
2026-10-05T02:10:31.303730+00:00,crypto_alt_usdt_perpetual,813,347,2026-10-05T02:00:00+00:00,NEUTRAL,2,4,2,463,463,463,42.76457883369331,84.88120950323975,80.34557235421167,-0.07006726457400303,0.9623095429029727,1.463,0.33551657310355587,1.555036723576042,,,,
2026-10-05T02:30:30.836502+00:00,crypto_alt_usdt_perpetual,813,347,2026-10-05T02:30:00+00:00,BULLISH,6,6,0,463,463,463,60.90712742980561,83.36933045356372,82.50539956803456,0.13613240667764703,0.9782030834662336,1.6119999999999999,0.3598895424561488,1.572564069270832,,,,
2026-10-05T02:46:48.017027+00:00,crypto_alt_usdt_perpetual,813,347,2026-10-05T02:45:00+00:00,BULLISH,6,6,0,463,463,463,85.96112311015119,85.31317494600432,79.04967602591793,0.568306010928965,0.9086423813831068,1.469,0.34017469260980704,1.5125113862428652,,,,
2026-10-05T03:00:04.154182+00:00,crypto_alt_usdt_perpetual,813,347,2026-10-05T03:00:00+00:00,BULLISH,6,6,0,463,463,463,83.58531317494601,84.66522678185746,78.61771058315335,0.5181105302464628,0.8880994671403242,1.363,0.3145789944807409,1.4974109386269197,,,,
2026-10-05T03:15:37.978947+00:00,crypto_alt_usdt_perpetual,813,347,2026-10-05T03:15:00+00:00,NEUTRAL,2,4,2,463,463,463,27.213822894168466,66.30669546436285,73.00215982721382,-0.30778250036641586,0.427578834847675,1.138,-0.2289922902141972,0.9550790399884712,,,,
2026-10-05T03:37:25.191881+00:00,crypto_alt_usdt_perpetual,813,347,2026-10-05T03:30:00+00:00,NEUTRAL,0,2,2,463,463,463,14.254859611231101,49.24406047516199,60.475161987041034,-0.6677701044460971,0.0,0.49300000000000005,-0.6008506923362189,0.6160939356567474,,,,
2026-10-05T04:01:38.356016+00:00,crypto_alt_usdt_perpetual,813,347,2026-10-05T04:00:00+00:00,NEUTRAL,-2,2,4,463,463,463,9.935205183585314,37.365010799136066,57.66738660907127,-0.9259259259259189,-0.3024803387779662,0.299,-0.9221880561663676,0.3530634546677347,,,,
2026-10-05T04:19:35.293517+00:00,crypto_alt_usdt_perpetual,813,347,2026-10-05T04:15:00+00:00,BEARISH,-5,0,5,463,463,463,10.799136069114471,28.72570194384449,46.868250539956804,-0.7856450048496555,-0.5063913470993109,-0.123,-1.1607771236040065,0.1378281594586861,,,,
2026-10-05T05:03:39.543338+00:00,crypto_alt_usdt_perpetual,813,347,2026-10-05T05:00:00+00:00,BEARISH,-6,0,6,463,463,463,19.00647948164147,13.174946004319654,34.341252699784015,-0.680499311151006,-1.3146362839614234,-0.771,-1.8559188548367522,-0.6602012345364283,,,,
2026-10-05T05:36:41.345525+00:00,crypto_alt_usdt_perpetual,813,347,2026-10-05T05:30:00+00:00,BEARISH,-6,0,6,463,463,463,35.63714902807775,14.038876889848812,38.01295896328294,-0.14496955639315967,-1.2861736334405127,-0.627,-1.8258056763650166,-0.5583868401949854,,,,
2026-10-05T05:51:47.520357+00:00,crypto_alt_usdt_perpetual,813,347,2026-10-05T05:45:00+00:00,NEUTRAL,-2,2,4,463,463,463,81.8574514038877,22.24622030237581,38.66090712742981,0.46326935804101854,-0.7655640618229098,-0.526,-1.308149241371942,-0.11703905067754206,,,,
2026-10-05T06:17:31.116973+00:00,crypto_alt_usdt_perpetual,813,347,2026-10-05T06:15:00+00:00,NEUTRAL,-1,2,3,463,463,463,78.40172786177106,19.22246220302376,46.868250539956804,0.43733111619206344,-0.9892546477912267,-0.17600000000000002,-1.5862762316675771,-0.32599596900186323,,,,
2026-10-05T06:46:27.528581+00:00,crypto_alt_usdt_perpetual,813,347,2026-10-05T06:45:00+00:00,NEUTRAL,-1,2,3,463,463,463,66.73866090712743,13.822894168466522,46.00431965442765,0.2060439560439553,-1.1032308904649457,-0.22399999999999998,-1.6808424560648239,-0.47295608241453846,,,,
2026-10-05T07:07:03.878338+00:00,crypto_alt_usdt_perpetual,813,347,2026-10-05T07:00:00+00:00,NEUTRAL,1,3,2,463,463,463,83.36933045356372,26.565874730021598,53.131749460043196,0.6113537117903967,-0.5140787475172326,0.16999999999999998,-1.0775558745707348,0.07424801745735676,,,,
2026-10-05T07:34:14.398508+00:00,crypto_alt_usdt_perpetual,813,347,2026-10-05T07:30:00+00:00,BULLISH,6,6,0,463,463,463,84.66522678185746,57.88336933045356,57.019438444924404,0.5472636815920362,0.24166750578995533,0.34099999999999997,-0.30733414392546954,0.8965336827839288,,,,
2026-10-05T07:58:40.617438+00:00,crypto_alt_usdt_perpetual,813,347,2026-10-05T07:45:00+00:00,BULLISH,6,6,0,463,463,463,88.12095032397409,67.81857451403887,61.33909287257019,0.7008483954260347,0.3903200624512104,0.573,-0.12648959900344314,1.071706995836963,,,,
2026-10-05T08:13:57.497574+00:00,crypto_alt_usdt_perpetual,813,347,2026-10-05T08:00:00+00:00,BULLISH,6,6,0,463,463,463,72.78617710583153,80.56155507559396,65.01079913606911,0.32866935862523317,0.7216130173328672,0.6930000000000001,0.13905768079415237,1.4857566615329887,,,,
2026-10-05T08:35:02.471373+00:00,crypto_alt_usdt_perpetual,813,347,2026-10-05T08:30:00+00:00,BULLISH,6,6,0,463,463,463,55.0755939524838,85.09719222462203,55.50755939524838,0.059101654846327456,1.0170870626525552,0.29,0.3853165857420793,1.8085145773464428,,,,
2026-10-05T08:59:11.718503+00:00,crypto_alt_usdt_perpetual,813,347,2026-10-05T08:45:00+00:00,NEUTRAL,-1,2,3,463,463,463,26.13390928725702,84.66522678185746,48.59611231101512,-0.2556950255695134,1.1402157164869031,-0.042,0.4859407012676398,2.007660731996108,,,,
2026-10-05T09:15:15.315251+00:00,crypto_alt_usdt_perpetual,813,347,2026-10-05T09:15:00+00:00,NEUTRAL,-1,2,3,463,463,463,17.278617710583152,78.40172786177106,48.81209503239741,-0.4995412376388897,0.7992413979951429,-0.055,0.1813800207147387,1.608748977109542,,,,
2026-10-05T09:37:53.619263+00:00,crypto_alt_usdt_perpetual,813,347,2026-10-05T09:30:00+00:00,NEUTRAL,0,2,2,463,463,463,18.14254859611231,76.45788336933046,49.892008639308855,-0.4450095359186168,0.6676485027000467,0.0,0.0692179769008483,1.3552029305803348,,,,
2026-10-05T09:59:07.938930+00:00,crypto_alt_usdt_perpetual,813,347,2026-10-05T09:45:00+00:00,NEUTRAL,1,3,2,463,463,463,27.861771058315334,69.11447084233261,51.61987041036717,-0.25117739403454076,0.467546754675463,0.122,-0.1852525120696391,1.0821328831703947,,,,
2026-10-05T10:14:29.076893+00:00,crypto_alt_usdt_perpetual,813,347,2026-10-05T10:00:00+00:00,NEUTRAL,1,3,2,463,463,463,44.06047516198704,69.54643628509719,52.48380129589633,-0.04651433222860879,0.5263157894736858,0.199,-0.12789355243661982,1.1151362268616682,,,,
2026-10-05T10:38:16.487230+00:00,crypto_alt_usdt_perpetual,813,347,2026-10-05T10:30:00+00:00,BULLISH,6,6,0,463,463,463,64.14686825053995,66.09071274298056,57.66738660907127,0.16255757247358726,0.34736411932978495,0.35400000000000004,-0.2057283806583543,0.9802652388203659,,,,
2026-10-05T10:51:52.628107+00:00,crypto_alt_usdt_perpetual,813,347,2026-10-05T10:45:00+00:00,BULLISH,6,6,0,463,463,463,55.93952483801296,63.49892008639309,62.634989200863934,0.07800312012480326,0.29197080291971655,0.5369999999999999,-0.2885135543247097,0.9162731854751027,,,,
2026-10-05T11:12:19.253630+00:00,crypto_alt_usdt_perpetual,813,347,2026-10-05T11:00:00+00:00,BULLISH,5,5,0,463,463,463,66.30669546436285,52.69978401727862,58.31533477321814,0.2168118002487951,0.07903055848261786,0.308,-0.5630500093627477,0.733362953573724,,,,
2026-10-05T11:31:24.466321+00:00,crypto_alt_usdt_perpetual,813,347,2026-10-05T11:30:00+00:00,NEUTRAL,1,3,2,463,463,463,54.64362850971922,41.25269978401728,62.20302375809935,0.07156488549617812,-0.12435601350149206,0.6649999999999999,-0.6582612843497926,0.48672859532348234,,,,
2026-10-05T11:50:03.537193+00:00,crypto_alt_usdt_perpetual,813,347,2026-10-05T11:45:00+00:00,NEUTRAL,2,4,2,463,463,463,56.371490280777536,33.909287257019436,65.01079913606911,0.07407407407407085,-0.3271180896303516,0.724,-0.8893734487769089,0.2921360805797857,,,,
2026-10-05T12:15:00.051836+00:00,crypto_alt_usdt_perpetual,813,347,2026-10-05T12:15:00+00:00,NEUTRAL,-2,2,4,463,463,463,44.70842332613391,33.69330453563715,66.09071274298056,-0.03743860069486127,-0.29519013717660414,0.738,-0.9038188849610163,0.33104657647391456,,,,
2026-10-05T12:40:14.131385+00:00,crypto_alt_usdt_perpetual,813,347,2026-10-05T12:30:00+00:00,NEUTRAL,0,2,2,463,463,463,47.73218142548596,39.740820734341256,63.49892008639309,0.0,-0.23455824863176655,0.612,-0.8646147500837753,0.46407754059943906,,,,
2026-10-05T13:04:19.875031+00:00,crypto_alt_usdt_perpetual,813,347,2026-10-05T13:00:00+00:00,NEUTRAL,-2,2,4,463,463,463,27.861771058315334,40.388768898488124,59.611231101511876,-0.3443735440089024,-0.1849948612538621,0.508,-0.7733993683606111,0.45292770337455046,,,,
2026-10-05T13:36:59.679349+00:00,crypto_alt_usdt_perpetual,813,347,2026-10-05T13:30:00+00:00,NEUTRAL,0,2,2,463,463,463,32.18142548596112,52.05183585313175,54.21166306695464,-0.20598375504002897,0.05640672567253091,0.27399999999999997,-0.5915387822821139,0.6485954338826594,,,,
2026-10-05T14:01:24.806332+00:00,crypto_alt_usdt_perpetual,813,347,2026-10-05T14:00:00+00:00,NEUTRAL,-2,2,4,463,463,463,38.01295896328294,34.557235421166304,55.50755939524838,-0.16441959881616786,-0.2849002849002802,0.251,-0.983341039861868,0.25738062105797876,,,,
2026-10-05T14:21:22.873783+00:00,crypto_alt_usdt_perpetual,813,347,2026-10-05T14:15:00+00:00,BULLISH,3,3,0,463,463,463,50.9719222462203,48.16414686825054,59.1792656587473,0.04060089321964444,0.0,0.41200000000000003,-0.7482695922779781,0.5944944768518479,,,,
2026-10-05T14:49:01.806293+00:00,crypto_alt_usdt_perpetual,813,347,2026-10-05T14:45:00+00:00,BEARISH,-6,0,6,463,463,463,14.902807775377969,15.766738660907128,33.69330453563715,-0.8313539192399078,-1.2252124645892315,-0.695,-1.887665698004043,-0.44155594909690565,,,,
2026-10-05T15:23:29.354984+00:00,crypto_alt_usdt_perpetual,813,347,2026-10-05T15:15:00+00:00,BEARISH,-6,0,6,463,463,463,15.334773218142548,20.734341252699785,39.956803455723545,-0.8699914226197758,-0.9374793688519123,-0.424,-1.5122561553514546,-0.19755007421939363,,,,
2026-10-05T16:00:42.311672+00:00,crypto_alt_usdt_perpetual,813,347,2026-10-05T16:00:00+00:00,BEARISH,-3,1,4,463,463,463,52.26781857451404,16.630669546436284,41.68466522678186,0.04914809960681055,-1.3937766253009798,-0.23700000000000002,-2.185058020054942,-0.5065890450115296,,,,
2026-10-05T17:33:33.933068+00:00,crypto_alt_usdt_perpetual,813,347,2026-10-05T17:30:00+00:00,NEUTRAL,-2,2,4,463,463,463,62.20302375809935,15.334773218142548,40.8207343412527,0.16220600162204502,-1.3600950746071594,-0.369,-2.0210890485134856,-0.5636083124574864,,,,
2026-10-05T17:46:23.508863+00:00,crypto_alt_usdt_perpetual,813,347,2026-10-05T17:45:00+00:00,NEUTRAL,-2,2,4,463,463,463,61.1231101511879,23.758099352051836,44.27645788336933,0.15052684395384652,-0.9241432422025464,-0.307,-1.5020798170129968,-0.13514370009057863,,,,
2026-10-05T18:00:28.707786+00:00,crypto_alt_usdt_perpetual,813,347,2026-10-05T18:00:00+00:00,NEUTRAL,-1,2,3,463,463,463,69.54643628509719,24.406047516198704,45.78833693304536,0.24633912686464754,-0.6859382655560964,-0.17500000000000002,-1.385405272057183,-0.027671010579660704,,,,
2026-10-05T18:16:42.736191+00:00,crypto_alt_usdt_perpetual,813,347,2026-10-05T18:15:00+00:00,NEUTRAL,-1,2,3,463,463,463,82.93736501079914,21.166306695464364,49.24406047516199,0.6027397260274014,-0.858099623273334,-0.015,-1.5894879894250813,-0.17710371907518896,,,,
2026-10-05T18:39:35.410969+00:00,crypto_alt_usdt_perpetual,813,347,2026-10-05T18:30:00+00:00,NEUTRAL,-1,2,3,463,463,463,81.20950323974083,34.98920086393088,48.59611231101512,0.5671641791044735,-0.3602676273803396,-0.017,-0.93848936231265,0.3060377661160185,,,,
2026-10-05T22:11:46.184371+00:00,crypto_alt_usdt_perpetual,813,347,2026-10-05T22:00:00+00:00,BULLISH,6,6,0,463,463,463,65.44276457883369,84.66522678185746,66.52267818574514,0.18347501681854617,1.2434884893295362,0.8009999999999999,0.5836017337983446,1.997155268684414,,,,
2026-10-05T22:28:25.477292+00:00,crypto_alt_usdt_perpetual,813,347,2026-10-05T22:15:00+00:00,BULLISH,6,6,0,463,463,463,76.24190064794817,85.09719222462203,64.36285097192224,0.34572169403630504,1.2808970371582795,0.735,0.481573399600288,1.9316342551691457,,,,
2026-10-05T22:43:53.179467+00:00,crypto_alt_usdt_perpetual,813,347,2026-10-05T22:30:00+00:00,BULLISH,6,6,0,463,463,463,69.97840172786177,86.39308855291577,63.06695464362851,0.2580275229357776,1.1297950604308937,0.636,0.39790819194668314,1.8628835936528199,,,,
2026-10-05T22:55:22.067767+00:00,crypto_alt_usdt_perpetual,813,347,2026-10-05T22:45:00+00:00,BULLISH,6,6,0,463,463,463,63.93088552915767,84.01727861771059,63.2829373650108,0.2045687009887498,1.050080775444262,0.6459999999999999,0.353148860743846,1.8020911945362261,,,,
2026-10-05T23:12:05.754509+00:00,crypto_alt_usdt_perpetual,813,347,2026-10-05T23:00:00+00:00,BULLISH,3,4,1,463,463,463,46.220302375809936,80.77753779697625,57.45140388768898,-0.021567217828899476,0.8576329331046351,0.318,0.24065576415601697,1.537775796095986,,,,
2026-10-05T23:27:01.357256+00:00,crypto_alt_usdt_perpetual,813,347,2026-10-05T23:15:00+00:00,NEUTRAL,1,3,2,463,463,463,25.26997840172786,72.13822894168466,50.323974082073434,-0.2529391075290488,0.5272157309774705,0.036000000000000004,-0.08480566048716387,1.1996214717189035,,,,
2026-10-05T23:42:35.457760+00:00,crypto_alt_usdt_perpetual,813,347,2026-10-05T23:30:00+00:00,NEUTRAL,1,3,2,463,463,463,18.79049676025918,62.634989200863934,50.9719222462203,-0.4031378505239269,0.25346851654215463,0.087,-0.2722205651961518,0.853407556899588,,,,
2026-10-05T23:53:08.492774+00:00,crypto_alt_usdt_perpetual,813,347,2026-10-05T23:45:00+00:00,NEUTRAL,1,3,2,463,463,463,18.3585313174946,66.95464362850971,51.18790496760259,-0.3795066413662118,0.3150929524209589,0.073,-0.18037736616309807,0.8989539871892882,,,,
2026-10-06T00:19:12.031433+00:00,crypto_alt_usdt_perpetual,813,347,2026-10-06T00:15:00+00:00,NEUTRAL,0,2,2,463,463,463,45.35637149028078,64.14686825053995,48.81209503239741,-0.034364261168373655,0.35211267605634866,-0.07200000000000001,-0.2783145175064894,0.9155358057215235,,,,
2026-10-06T00:44:33.326236+00:00,crypto_alt_usdt_perpetual,813,347,2026-10-06T00:30:00+00:00,BEARISH,-6,0,6,463,463,463,34.341252699784015,42.33261339092873,39.09287257019439,-0.15571473061352092,-0.13268810490165706,-0.538,-0.6818955444595931,0.4561501046475569,,,,
2026-10-06T01:01:11.869527+00:00,crypto_alt_usdt_perpetual,813,347,2026-10-06T01:00:00+00:00,BEARISH,-6,0,6,463,463,463,20.950323974082075,24.406047516198704,36.28509719222462,-0.5643055672534314,-0.5481597494126911,-0.673,-1.1019551361921953,0.0,,,,
2026-10-06T01:16:58.965153+00:00,crypto_alt_usdt_perpetual,813,347,2026-10-06T01:15:00+00:00,BEARISH,-6,0,6,463,463,463,18.14254859611231,26.997840172786177,33.69330453563715,-0.5800464037122977,-0.4725118127953176,-0.8240000000000001,-1.0254771900907678,0.08560615162801488,,,,
2026-10-06T01:32:30.723051+00:00,crypto_alt_usdt_perpetual,813,347,2026-10-06T01:30:00+00:00,BEARISH,-6,0,6,463,463,463,18.14254859611231,21.166306695464364,31.965442764578835,-0.48309178743961567,-0.7559018490522096,-0.9490000000000001,-1.3639119013942158,-0.1316539487715207,,,,
2026-10-06T01:57:18.477025+00:00,crypto_alt_usdt_perpetual,813,347,2026-10-06T01:45:00+00:00,BEARISH,-6,0,6,463,463,463,15.982721382289418,14.254859611231101,29.15766738660907,-0.5272407732864637,-1.112842198976205,-1.221,-1.7487055738103774,-0.4276178064500924,,,,
2026-10-06T02:18:43.267660+00:00,crypto_alt_usdt_perpetual,813,347,2026-10-06T02:15:00+00:00,BEARISH,-6,0,6,463,463,463,12.742980561555076,11.44708423326134,21.382289416846653,-0.7962283918281798,-1.6699626455723982,-1.9980000000000002,-2.3982581565229255,-0.8594628387407544,,,,
2026-10-06T02:30:10.389526+00:00,crypto_alt_usdt_perpetual,813,347,2026-10-06T02:30:00+00:00,BEARISH,-6,0,6,463,463,463,14.038876889848812,11.23110151187905,22.03023758099352,-0.6887645286267841,-1.6820061357876503,-1.876,-2.3971319441553063,-0.8311755694025424,,,,
2026-10-06T02:59:11.519498+00:00,crypto_alt_usdt_perpetual,813,347,2026-10-06T02:45:00+00:00,BEARISH,-6,0,6,463,463,463,14.902807775377969,10.151187904967603,18.79049676025918,-0.5396527451900557,-1.9480519480519543,-2.342,-2.616172325709565,-1.1490255521204196,,,,
2026-10-06T03:10:41.630244+00:00,crypto_alt_usdt_perpetual,813,347,2026-10-06T03:00:00+00:00,BEARISH,-6,0,6,463,463,463,12.958963282937365,9.719222462203025,19.43844492440605,-0.635200296735916,-1.9895287958115238,-2.038,-2.72236028104228,-1.0889231754160678,,,,
2026-10-06T03:30:21.135005+00:00,crypto_alt_usdt_perpetual,813,347,2026-10-06T03:30:00+00:00,BEARISH,-6,0,6,463,463,463,19.870410367170628,10.583153347732182,24.190064794816415,-0.47618652574642484,-1.8022413436234008,-1.7319999999999998,-2.4747833958360332,-0.9500074127058666,,,,
2026-10-06T03:46:40.087006+00:00,crypto_alt_usdt_perpetual,813,347,2026-10-06T03:45:00+00:00,BEARISH,-6,0,6,463,463,463,16.198704103671705,9.503239740820735,21.382289416846653,-0.4931389365351535,-2.013640792465088,-1.997,-2.8039373540793333,-1.1462109276706545,,,,
2026-10-06T04:04:24.595147+00:00,crypto_alt_usdt_perpetual,813,347,2026-10-06T04:00:00+00:00,BEARISH,-6,0,6,463,463,463,23.326133909287257,8.855291576673865,26.13390928725702,-0.2905520488929003,-2.001323188885218,-1.503,-2.7501601291030964,-1.17410516625992,,,,
2026-10-06T04:16:13.352291+00:00,crypto_alt_usdt_perpetual,813,347,2026-10-06T04:15:00+00:00,BEARISH,-4,0,4,463,463,463,49.676025917926566,11.23110151187905,28.94168466522678,0.0,-1.9133370849746645,-1.282,-2.6335794271973967,-0.9254976530647219,,,,
2026-10-06T04:32:55.794572+00:00,crypto_alt_usdt_perpetual,813,347,2026-10-06T04:30:00+00:00,NEUTRAL,-1,2,3,463,463,463,69.11447084233261,14.254859611231101,46.220302375809936,0.24657112035750828,-1.3924298882133757,-0.172,-1.9945326663692586,-0.5824495817530528,,,,
2026-10-06T04:49:24.890288+00:00,crypto_alt_usdt_perpetual,813,347,2026-10-06T04:45:00+00:00,NEUTRAL,-2,2,4,463,463,463,81.42548596112312,15.550755939524837,37.79697624190065,0.48395313295974685,-1.1036468330134386,-0.657,-1.699005792563102,-0.41863277966898704,,,,
2026-10-06T05:11:32.146481+00:00,crypto_alt_usdt_perpetual,813,347,2026-10-06T05:00:00+00:00,NEUTRAL,-2,2,4,463,463,463,84.23326133909288,17.062634989200863,39.524838012958966,0.5583472920156263,-0.8837090163934413,-0.606,-1.5613467362408096,-0.3034048006766321,,,,
2026-10-06T05:30:33.084485+00:00,crypto_alt_usdt_perpetual,813,347,2026-10-06T05:30:00+00:00,NEUTRAL,-2,2,4,463,463,463,69.54643628509719,28.509719222462202,42.76457883369331,0.28005601120224544,-0.5095541401273884,-0.394,-1.1348035073049212,0.15261919371239996,,,,
2026-10-06T05:58:25.946963+00:00,crypto_alt_usdt_perpetual,813,347,2026-10-06T05:45:00+00:00,NEUTRAL,-2,2,4,463,463,463,77.32181425485962,41.03671706263499,36.93304535637149,0.4146919431279761,-0.1586402266288922,-0.676,-0.7109386592776767,0.5438070559535157,,,,
2026-10-06T06:14:23.657194+00:00,crypto_alt_usdt_perpetual,813,347,2026-10-06T06:00:00+00:00,NEUTRAL,-2,2,4,463,463,463,59.611231101511876,38.44492440604752,30.237580993520517,0.1469327782539498,-0.2755905511811041,-1.28,-0.9356470473666556,0.3794994709680255,,,,
2026-10-06T06:36:49.198632+00:00,crypto_alt_usdt_perpetual,813,347,2026-10-06T06:30:00+00:00,BEARISH,-6,0,6,463,463,463,30.021598272138228,38.22894168466523,33.69330453563715,-0.26821636119802594,-0.24009603841537164,-1.05,-0.8243951055377619,0.5815996630762266,,,,
2026-10-06T07:01:31.730401+00:00,crypto_alt_usdt_perpetual,813,347,2026-10-06T07:00:00+00:00,NEUTRAL,1,3,2,463,463,463,53.779697624190064,67.170626349892,30.885529157667385,0.05894141223623528,0.44288614135448157,-1.2630000000000001,-0.28339006294210156,1.1182447101050763,,,,
2026-10-06T07:18:44.561105+00:00,crypto_alt_usdt_perpetual,813,347,2026-10-06T07:15:00+00:00,NEUTRAL,2,4,2,463,463,463,75.80993520518359,67.60259179265658,28.509719222462202,0.33698399326032025,0.4798228346456712,-1.545,-0.21193497516617255,1.1964953556248603,,,,
2026-10-06T07:36:53.168051+00:00,crypto_alt_usdt_perpetual,813,347,2026-10-06T07:30:00+00:00,NEUTRAL,2,4,2,463,463,463,72.78617710583153,71.05831533477321,29.37365010799136,0.3427485959695886,0.6175221922037899,-1.322,-0.11767316579546216,1.4235051423150957,,,,
2026-10-06T07:57:27.713636+00:00,crypto_alt_usdt_perpetual,813,347,2026-10-06T07:45:00+00:00,NEUTRAL,2,4,2,463,463,463,68.89848812095032,81.6414686825054,32.39740820734341,0.2878787878787703,1.145912910618807,-1.168,0.23127437286524222,2.0433989505243,,,,
2026-10-06T08:12:48.287317+00:00,crypto_alt_usdt_perpetual,813,347,2026-10-06T08:00:00+00:00,NEUTRAL,2,4,2,463,463,463,76.88984881209504,83.36933045356372,32.82937365010799,0.4501446893644401,1.3260530421216776,-1.069,0.40249335312142476,2.0392760877936067,,,,
2026-10-06T08:32:48.394949+00:00,crypto_alt_usdt_perpetual,813,347,2026-10-06T08:30:00+00:00,NEUTRAL,2,4,2,463,463,463,79.04967602591793,78.40172786177106,33.47732181425486,0.4638009049773739,0.8271298593879095,-0.9809999999999999,0.1109704037836945,1.5875466669042715,,,,
2026-10-06T08:50:27.110806+00:00,crypto_alt_usdt_perpetual,813,347,2026-10-06T08:45:00+00:00,NEUTRAL,2,4,2,463,463,463,60.475161987041034,78.61771058315335,40.388768898488124,0.15961691939345712,0.8462104488594635,-0.516,0.10253533403843385,1.616043454322924,,,,
2026-10-06T09:15:02.453224+00:00,crypto_alt_usdt_perpetual,813,347,2026-10-06T09:15:00+00:00,NEUTRAL,-1,2,3,463,463,463,46.00431965442765,75.5939524838013,34.98920086393088,-0.04195510803440827,0.6519967400163029,-0.7270000000000001,0.02995271442611802,1.3412123330593717,,,,
2026-10-06T09:36:27.121651+00:00,crypto_alt_usdt_perpetual,813,347,2026-10-06T09:30:00+00:00,BEARISH,-6,0,6,463,463,463,12.311015118790497,38.22894168466523,34.98920086393088,-0.7692307692307776,-0.23944926668661992,-0.7849999999999999,-0.8217094696614691,0.45455201822197644,,,,
2026-10-06T09:51:52.392539+00:00,crypto_alt_usdt_perpetual,813,347,2026-10-06T09:45:00+00:00,NEUTRAL,-2,2,4,463,463,463,28.077753779697623,56.15550755939525,36.93304535637149,-0.26041666666666297,0.1687605475342302,-0.625,-0.5004596788329541,0.8654122873585801,,,,
2026-10-06T10:11:55.744022+00:00,crypto_alt_usdt_perpetual,813,347,2026-10-06T10:00:00+00:00,NEUTRAL,-2,2,4,463,463,463,40.8207343412527,67.81857451403887,39.30885529157668,-0.0888099467140302,0.48844636483187376,-0.484,-0.24471599724275594,1.2276393822958642,,,,
2026-10-06T10:36:23.801305+00:00,crypto_alt_usdt_perpetual,813,347,2026-10-06T10:30:00+00:00,NEUTRAL,2,4,2,463,463,463,92.22462203023758,82.28941684665227,44.9244060475162,1.133961176244469,1.1814744801512234,-0.305,0.3861000354070221,1.933598788352553,,,,
2026-10-06T10:57:02.718106+00:00,crypto_alt_usdt_perpetual,813,347,2026-10-06T10:45:00+00:00,NEUTRAL,2,4,2,463,463,463,85.96112311015119,77.10583153347733,41.03671706263499,0.6264609630668438,0.911854103343468,-0.428,0.17823553450839746,1.7165328254553969,,,,
2026-10-06T11:20:08.268182+00:00,crypto_alt_usdt_perpetual,813,347,2026-10-06T11:15:00+00:00,BULLISH,3,4,1,463,463,463,61.77105831533477,77.5377969762419,45.35637149028078,0.1517067003792505,0.9395438398459577,-0.16999999999999998,0.14745241694700262,1.7568833657488625,,,,
2026-10-06T11:30:17.127163+00:00,crypto_alt_usdt_perpetual,813,347,2026-10-06T11:30:00+00:00,NEUTRAL,2,4,2,463,463,463,58.96328293736501,78.18574514038878,44.27645788336933,0.14809751651858605,0.9108653220559537,-0.356,0.2415431128238943,1.6572186136225242,,,,
2026-10-06T11:45:44.242000+00:00,crypto_alt_usdt_perpetual,813,347,2026-10-06T11:45:00+00:00,NEUTRAL,1,3,2,463,463,463,54.42764578833693,73.65010799136068,43.196544276457885,0.07836113287809088,0.6965174129353269,-0.27,-0.030841904261541542,1.3755361740530603,,,,
2026-10-06T12:13:54.833424+00:00,crypto_alt_usdt_perpetual,813,347,2026-10-06T12:00:00+00:00,NEUTRAL,1,3,2,463,463,463,54.64362850971922,67.3866090712743,40.8207343412527,0.06382978723404875,0.5191434133679396,-0.42100000000000004,-0.2567577845593194,1.2274875878568015,,,,
2026-10-06T13:01:05.621048+00:00,crypto_alt_usdt_perpetual,813,347,2026-10-06T13:00:00+00:00,NEUTRAL,-2,2,4,463,463,463,31.749460043196546,57.23542116630669,42.980561555075596,-0.29770765108663166,0.15039855617386966,-0.312,-0.4171742661561728,0.8180324944343953,,,,
2026-10-06T13:17:06.988972+00:00,crypto_alt_usdt_perpetual,813,347,2026-10-06T13:15:00+00:00,NEUTRAL,-2,2,4,463,463,463,27.429805615550755,58.53131749460043,42.980561555075596,-0.3119913185024359,0.2331002331002363,-0.344,-0.3621366628603573,0.9868752318863638,,,,
2026-10-06T13:59:10.590965+00:00,crypto_alt_usdt_perpetual,813,347,2026-10-06T13:45:00+00:00,NEUTRAL,-1,2,3,463,463,463,37.58099352051836,63.49892008639309,46.652267818574515,-0.10291595197254866,0.3078501795792832,-0.155,-0.3226903370774248,1.0642207446201923,,,,
2026-10-06T14:14:13.712609+00:00,crypto_alt_usdt_perpetual,813,347,2026-10-06T14:00:00+00:00,BEARISH,-3,1,4,463,463,463,35.20518358531317,50.53995680345572,37.58099352051836,-0.15686274509804088,0.02404424140416417,-0.5760000000000001,-0.521963032257533,0.7394332888852495,,,,
2026-10-06T14:33:08.358642+00:00,crypto_alt_usdt_perpetual,813,347,2026-10-06T14:30:00+00:00,BEARISH,-3,1,4,463,463,463,25.053995680345572,27.429805615550755,54.21166306695464,-0.3364171572750263,-0.6311360448807757,0.19,-1.192197154200958,0.09190369703595547,,,,
2026-10-06T14:50:24.947410+00:00,crypto_alt_usdt_perpetual,813,347,2026-10-06T14:45:00+00:00,NEUTRAL,1,3,2,463,463,463,52.26781857451404,35.85313174946004,64.57883369330453,0.034977264777902306,-0.3187250996016022,0.703,-0.8810897577533061,0.4410345768001256,,,,
2026-10-06T15:13:41.595942+00:00,crypto_alt_usdt_perpetual,813,347,2026-10-06T15:00:00+00:00,BULLISH,3,4,1,463,463,463,70.84233261339092,46.00431965442765,61.55507559395248,0.2887669650591951,-0.07892659826361781,0.607,-0.674594500758624,0.61130278483984,,,,
2026-10-06T15:32:02.684072+00:00,crypto_alt_usdt_perpetual,817,351,2026-10-06T15:30:00+00:00,NEUTRAL,2,4,2,463,463,463,80.77753779697625,39.956803455723545,61.33909287257019,0.46210720887245316,-0.2376708259061222,0.687,-0.8363584156934445,0.595802977433213,,,,
2026-10-06T15:47:00.531011+00:00,crypto_alt_usdt_perpetual,817,351,2026-10-06T15:45:00+00:00,NEUTRAL,2,4,2,463,463,463,62.20302375809935,42.76457883369331,66.52267818574514,0.2075765438505517,-0.17150928167876112,0.869,-0.8167812636204308,0.5473088600121301,,,,
2026-10-06T16:16:09.691263+00:00,crypto_alt_usdt_perpetual,817,351,2026-10-06T16:15:00+00:00,BEARISH,-3,1,4,463,463,463,17.71058315334773,24.838012958963283,53.99568034557235,-0.7299270072992692,-0.8373205741626699,0.254,-1.3742852821106821,-0.005608524957934069,,,,
2026-10-06T16:59:14.314219+00:00,crypto_alt_usdt_perpetual,817,351,2026-10-06T16:45:00+00:00,BEARISH,-3,1,4,463,463,463,12.958963282937365,26.781857451403887,53.131749460043196,-0.7718984226423697,-0.6688963210702337,0.17500000000000002,-1.2387553750799751,0.07276075265314486,,,,
2026-10-06T17:29:08.302920+00:00,crypto_alt_usdt_perpetual,817,351,2026-10-06T17:15:00+00:00,BEARISH,-4,0,4,463,463,463,15.982721382289418,17.92656587473002,49.676025917926566,-0.5518443218123781,-1.023192360163716,0.0,-1.664441525635968,-0.3526717240807553,,,,
2026-10-06T17:44:24.173058+00:00,crypto_alt_usdt_perpetual,817,351,2026-10-06T17:30:00+00:00,BEARISH,-3,1,4,463,463,463,15.334773218142548,18.574514038876888,53.563714902807774,-0.5164034021871045,-0.9205523313988384,0.166,-1.5431503249328793,-0.2462581460905111,,,,
2026-10-06T18:11:49.083978+00:00,crypto_alt_usdt_perpetual,817,351,2026-10-06T18:00:00+00:00,NEUTRAL,-1,2,3,463,463,463,59.1792656587473,28.077753779697623,48.81209503239741,0.15527950310558758,-0.5144440047487042,-0.044000000000000004,-1.1201590243606063,0.08964403868472193,,,,
2026-10-06T18:33:28.885777+00:00,crypto_alt_usdt_perpetual,817,351,2026-10-06T18:30:00+00:00,NEUTRAL,-2,2,4,463,463,463,63.71490280777538,30.669546436285096,42.11663066954644,0.14934289127837008,-0.37508524664696674,-0.469,-0.9668171708707818,0.18604759229444712,,,,
2026-10-06T19:29:34.519400+00:00,crypto_alt_usdt_perpetual,817,351,2026-10-06T19:15:00+00:00,BEARISH,-6,0,6,463,463,463,18.3585313174946,14.68682505399568,29.37365010799136,-0.40456050018389256,-1.0851325651639043,-1.284,-1.739621647363987,-0.4643019970706097,,,,
2026-10-06T19:56:48.844200+00:00,crypto_alt_usdt_perpetual,817,351,2026-10-06T19:45:00+00:00,BEARISH,-6,0,6,463,463,463,11.23110151187905,7.775377969762419,31.749460043196546,-0.6737787759685587,-1.618526381395713,-1.1860000000000002,-2.4117034344943997,-0.8910485144455416,,,,
2026-10-06T20:31:44.556772+00:00,crypto_alt_usdt_perpetual,817,351,2026-10-06T20:30:00+00:00,NEUTRAL,-2,2,4,463,463,463,68.89848812095032,21.166306695464364,29.805615550755938,0.24498886414252574,-0.6470397929472571,-1.496,-1.258743234014248,-0.11292783407278462,,,,
2026-10-06T20:58:36.700334+00:00,crypto_alt_usdt_perpetual,817,351,2026-10-06T20:45:00+00:00,NEUTRAL,-2,2,4,463,463,463,61.98704103671706,20.086393088552917,24.406047516198704,0.14032402092101215,-0.7596067917783778,-1.7579999999999998,-1.407285732592406,-0.13176830432055642,,,,
2026-10-06T21:10:06.684364+00:00,crypto_alt_usdt_perpetual,817,351,2026-10-06T21:00:00+00:00,BEARISH,-3,1,4,463,463,463,52.915766738660906,29.15766738660907,25.053995680345572,0.038789759503488064,-0.4987116615410181,-1.654,-1.094189728968803,0.10062905393500854,,,,
2026-10-06T21:29:44.192950+00:00,crypto_alt_usdt_perpetual,817,351,2026-10-06T21:15:00+00:00,BEARISH,-4,0,4,463,463,463,49.0280777537797,38.01295896328294,23.974082073434126,0.0,-0.21413276231263545,-1.7149999999999999,-0.7469926746208666,0.32421597440328576,,,,
2026-10-06T21:43:23.221678+00:00,crypto_alt_usdt_perpetual,817,351,2026-10-06T21:30:00+00:00,BEARISH,-6,0,6,463,463,463,37.365010799136066,35.85313174946004,25.26997840172786,-0.11966493817310297,-0.22697795071335847,-1.714,-0.711451955506559,0.2863559374290725,,,,
2026-10-06T22:11:10.179001+00:00,crypto_alt_usdt_perpetual,817,351,2026-10-06T22:00:00+00:00,NEUTRAL,-2,2,4,463,463,463,57.019438444924404,21.814254859611232,24.406047516198704,0.08565310492505418,-0.5313496280552443,-1.894,-1.0568713257831153,-0.06527779196937034,,,,
2026-10-06T22:44:04.186091+00:00,crypto_alt_usdt_perpetual,817,351,2026-10-06T22:30:00+00:00,BEARISH,-4,0,4,463,463,463,48.81209503239741,28.293736501079913,22.24622030237581,0.0,-0.43041606886655703,-2.0580000000000003,-0.942431226025775,0.0920927176173425,,,,
2026-10-06T22:55:26.212065+00:00,crypto_alt_usdt_perpetual,817,351,2026-10-06T22:45:00+00:00,BEARISH,-6,0,6,463,463,463,41.46868250539957,28.94168466522678,22.24622030237581,-0.05752636625121488,-0.40474125469789346,-1.966,-0.9680396808875613,0.09074155676276341,,,,
2026-10-06T23:09:40.229458+00:00,crypto_alt_usdt_perpetual,817,351,2026-10-06T23:00:00+00:00,BEARISH,-3,1,4,463,463,463,50.75593952483801,28.293736501079913,25.91792656587473,0.013345789403440556,-0.39781203381401564,-1.641,-0.8956386391755944,0.09780287865676085,,,,
2026-10-06T23:28:58.279225+00:00,crypto_alt_usdt_perpetual,817,351,2026-10-06T23:15:00+00:00,NEUTRAL,-2,1,3,463,463,463,54.64362850971922,45.57235421166307,29.58963282937365,0.04069175991860963,-0.08006405124100224,-1.402,-0.5289186433871884,0.43304437241139526,,,,
2026-10-06T23:42:03.435263+00:00,crypto_alt_usdt_perpetual,817,351,2026-10-06T23:30:00+00:00,NEUTRAL,2,4,2,463,463,463,72.78617710583153,65.65874730021598,29.37365010799136,0.2223869532987477,0.3322872438619173,-1.469,-0.162951987977078,0.8073651390011927,,,,
2026-10-06T23:55:03.685842+00:00,crypto_alt_usdt_perpetual,817,351,2026-10-06T23:45:00+00:00,NEUTRAL,2,4,2,463,463,463,67.60259179265658,69.54643628509719,28.94168466522678,0.16574585635358297,0.4730273752012959,-1.5110000000000001,-0.1215704332598766,1.0006387229728797,,,,
2026-10-07T00:16:55.131578+00:00,crypto_alt_usdt_perpetual,817,351,2026-10-07T00:15:00+00:00,NEUTRAL,-1,2,3,463,463,463,46.436285097192226,64.14686825053995,29.15766738660907,-0.006676904587032961,0.2803083391730743,-1.5890000000000002,-0.24787613115115348,0.8049507895519503,,,,
2026-10-07T00:44:37.698775+00:00,crypto_alt_usdt_perpetual,817,351,2026-10-07T00:30:00+00:00,BEARISH,-6,0,6,463,463,463,25.70194384449244,39.524838012958966,32.6133909287257,-0.322303394929091,-0.21470746108428473,-1.1159999999999999,-0.8302067851544526,0.35092420693886295,,,,
2026-10-07T01:04:58.806644+00:00,crypto_alt_usdt_perpetual,817,351,2026-10-07T01:00:00+00:00,NEUTRAL,-1,2,3,463,463,463,47.30021598272138,58.74730021598272,29.37365010799136,-0.013896609227348478,0.20093770931011168,-1.288,-0.3182389960190324,0.7560829623253107,,,,
2026-10-07T01:30:59.566393+00:00,crypto_alt_usdt_perpetual,817,351,2026-10-07T01:30:00+00:00,BEARISH,-6,0,6,463,463,463,26.13390928725702,32.18142548596112,28.293736501079913,-0.3225806451612856,-0.48678720445063384,-1.4529999999999998,-1.0092376774038236,0.16369163509383222,,,,
2026-10-07T01:59:59.125023+00:00,crypto_alt_usdt_perpetual,817,351,2026-10-07T01:45:00+00:00,BEARISH,-6,0,6,463,463,463,12.095032397408207,22.67818574514039,17.278617710583152,-0.7572936064556224,-0.6777363605557474,-2.638,-1.196762788736394,-0.06324030544228587,,,,
2026-10-07T02:13:57.575543+00:00,crypto_alt_usdt_perpetual,817,351,2026-10-07T02:00:00+00:00,BEARISH,-6,0,6,463,463,463,2.8077753779697625,6.695464362850972,11.663066954643629,-2.372652648150231,-2.254595907041279,-3.9059999999999997,-2.9493634021248827,-1.3271316297451152,,,,
2026-10-07T02:30:55.176157+00:00,crypto_alt_usdt_perpetual,817,351,2026-10-07T02:30:00+00:00,BEARISH,-6,0,6,463,463,463,3.8876889848812093,5.399568034557236,13.606911447084233,-3.1070195627157626,-3.5802266382000236,-3.717,-4.518529353738959,-2.2322818076426554,,,,
2026-10-07T02:47:20.558772+00:00,crypto_alt_usdt_perpetual,817,351,2026-10-07T02:45:00+00:00,BEARISH,-6,0,6,463,463,463,4.967602591792657,6.479481641468682,14.902807775377969,-2.942561205273053,-3.614457831325313,-3.5700000000000003,-4.4997805092186205,-2.249331828758705,,,,
2026-10-07T03:14:08.804644+00:00,crypto_alt_usdt_perpetual,817,351,2026-10-07T03:00:00+00:00,BEARISH,-6,0,6,463,463,463,12.095032397408207,6.263498920086393,15.334773218142548,-1.4382978723404216,-3.7243642329778504,-3.4709999999999996,-4.667984339888043,-2.414044285434663,,,,
2026-10-07T03:31:49.402389+00:00,crypto_alt_usdt_perpetual,817,351,2026-10-07T03:30:00+00:00,BEARISH,-6,0,6,463,463,463,41.46868250539957,6.479481641468682,15.982721382289418,-0.13646288209606672,-3.9192134881444796,-3.592,-5.057462385143024,-2.4921414330700884,,,,
2026-10-07T03:49:48.402889+00:00,crypto_alt_usdt_perpetual,817,351,2026-10-07T03:45:00+00:00,NEUTRAL,-2,2,4,463,463,463,55.0755939524838,7.775377969762419,19.00647948164147,0.08657667939080405,-3.706160351546306,-3.251,-4.842180787905753,-2.2152543518915158,,,,
2026-10-07T04:12:00.870473+00:00,crypto_alt_usdt_perpetual,817,351,2026-10-07T04:00:00+00:00,BEARISH,-3,1,4,463,463,463,53.347732181425485,6.911447084233261,15.118790496760258,0.07570022710068347,-3.8528461347253296,-4.008,-4.9411639057476915,-2.3342984549098222,,,,
2026-10-07T04:32:11.354254+00:00,crypto_alt_usdt_perpetual,817,351,2026-10-07T04:30:00+00:00,BEARISH,-6,0,6,463,463,463,24.190064794816415,5.831533477321814,12.311015118790497,-0.42075736325386526,-4.094076655052259,-4.443,-5.015786403799022,-2.730277052368618,,,,
2026-10-07T04:51:47.503769+00:00,crypto_alt_usdt_perpetual,817,351,2026-10-07T04:45:00+00:00,BEARISH,-6,0,6,463,463,463,10.367170626349893,4.751619870410368,11.01511879049676,-0.8143712574850248,-4.582210242587593,-4.588,-5.524010472042878,-3.1670188874057814,,,,
2026-10-07T05:12:26.234733+00:00,crypto_alt_usdt_perpetual,817,351,2026-10-07T05:00:00+00:00,BEARISH,-6,0,6,463,463,463,12.311015118790497,5.183585313174946,11.23110151187905,-0.6490649064906484,-4.504504504504503,-4.692,-5.49608356432803,-3.1061870106131373,,,,
2026-10-07T05:38:36.814159+00:00,crypto_alt_usdt_perpetual,817,351,2026-10-07T05:30:00+00:00,NEUTRAL,-2,2,4,463,463,463,68.25053995680345,6.479481641468682,12.311015118790497,0.23441162681667738,-3.4194097616345065,-4.494,-4.467159963164386,-2.359234186202075,,,,
2026-10-07T05:48:04.710782+00:00,crypto_alt_usdt_perpetual,817,351,2026-10-07T05:45:00+00:00,NEUTRAL,-2,2,4,463,463,463,82.93736501079914,7.34341252699784,12.742980561555076,0.5595970900951208,-3.138622493461196,-4.444,-4.2566281499905045,-2.0611670477934996,,,,
2026-10-07T06:00:34.601830+00:00,crypto_alt_usdt_perpetual,817,351,2026-10-07T06:00:00+00:00,NEUTRAL,-2,2,4,463,463,463,81.42548596112312,15.334773218142548,12.526997840172786,0.5196733481811489,-1.538461538461533,-4.221,-2.5531814989546433,-0.5437059955328727,,,,
2026-10-07T06:18:55.455557+00:00,crypto_alt_usdt_perpetual,817,351,2026-10-07T06:15:00+00:00,BEARISH,-3,1,4,463,463,463,53.347732181425485,37.149028077753776,12.958963282937365,0.06257822277846437,-0.36474164133738496,-4.297,-1.2761603948802047,0.4395402471904841,,,,
2026-10-07T06:40:49.630820+00:00,crypto_alt_usdt_perpetual,817,351,2026-10-07T06:30:00+00:00,BEARISH,-6,0,6,463,463,463,34.125269978401725,30.885529157667385,13.606911447084233,-0.1828153564899515,-0.4023522129371737,-4.436,-1.2745874604501273,0.23267606724965972,,,,
2026-10-07T07:09:21.791086+00:00,crypto_alt_usdt_perpetual,817,351,2026-10-07T07:00:00+00:00,NEUTRAL,1,3,2,463,463,463,56.15550755939525,52.05183585313175,12.958963282937365,0.08009611533839056,0.08949764582280029,-4.018,-0.6554418300833531,0.6847729772034405,,,,
2026-10-07T07:20:04.878531+00:00,crypto_alt_usdt_perpetual,817,351,2026-10-07T07:15:00+00:00,NEUTRAL,1,3,2,463,463,463,80.99352051835854,54.85961123110151,12.958963282937365,0.4436557231588312,0.14819205690574933,-4.292,-0.6642782504851508,0.8215142246253415,,,,
2026-10-07T07:59:47.626786+00:00,crypto_alt_usdt_perpetual,817,351,2026-10-07T07:45:00+00:00,NEUTRAL,1,3,2,463,463,463,55.50755939524838,51.40388768898488,12.311015118790497,0.06732495511667658,0.041841004184117736,-4.571,-0.6300526755448843,0.7224017493145052,,,,
2026-10-07T08:15:17.608924+00:00,crypto_alt_usdt_perpetual,817,351,2026-10-07T08:15:00+00:00,NEUTRAL,0,2,2,463,463,463,49.676025917926566,61.1231101511879,12.311015118790497,0.0,0.19323671497584183,-4.741,-0.42123883192419775,0.9148754750611388,,,,
2026-10-07T08:39:17.168925+00:00,crypto_alt_usdt_perpetual,817,351,2026-10-07T08:30:00+00:00,NEUTRAL,-2,2,4,463,463,463,37.149028077753776,66.73866090712743,11.879049676025918,-0.15034115878339582,0.33090668431501324,-4.801,-0.21363308597351915,0.9302745146727465,,,,
2026-10-07T09:12:53.339006+00:00,crypto_alt_usdt_perpetual,817,351,2026-10-07T09:00:00+00:00,NEUTRAL,-2,2,4,463,463,463,12.526997840172786,58.31533477321814,10.799136069114471,-0.6596628389934023,0.17838939857288683,-5.369,-0.3150245605488544,0.8070331326702318,,,,
2026-10-07T09:32:27.552168+00:00,crypto_alt_usdt_perpetual,817,351,2026-10-07T09:30:00+00:00,BEARISH,-6,0,6,463,463,463,14.038876889848812,26.781857451403887,10.799136069114471,-0.6598680263947054,-0.502092050209213,-4.925,-1.0392541906227293,0.09133216041948833,,,,
2026-10-07T09:50:50.968474+00:00,crypto_alt_usdt_perpetual,817,351,2026-10-07T09:45:00+00:00,BEARISH,-6,0,6,463,463,463,6.263498920086393,13.390928725701944,7.775377969762419,-1.2758201701093541,-1.2611563833915485,-5.8790000000000004,-1.864419404362383,-0.6002439494344758,,,,
2026-10-07T10:14:13.985049+00:00,crypto_alt_usdt_perpetual,817,351,2026-10-07T10:00:00+00:00,BEARISH,-6,0,6,463,463,463,12.526997840172786,14.254859611231101,8.423326133909287,-0.7177345687067849,-1.1025886864813095,-6.036,-1.6907293451259853,-0.5047813440437476,,,,
2026-10-07T10:32:18.008826+00:00,crypto_alt_usdt_perpetual,817,351,2026-10-07T10:30:00+00:00,BEARISH,-6,0,6,463,463,463,35.20518358531317,26.997840172786177,7.991360691144709,-0.17151644192099358,-0.5728765010466041,-6.176,-1.1223318612405886,0.08241857295053778,,,,
2026-10-07T10:49:05.895879+00:00,crypto_alt_usdt_perpetual,817,351,2026-10-07T10:45:00+00:00,BEARISH,-6,0,6,463,463,463,39.30885529157668,11.879049676025918,7.1274298056155505,-0.09220839096358846,-1.5919811320754707,-6.54,-2.179671606290967,-0.7937805151617294,,,,
2026-10-07T11:11:57.080414+00:00,crypto_alt_usdt_perpetual,817,351,2026-10-07T11:00:00+00:00,BEARISH,-6,0,6,463,463,463,38.44492440604752,13.606911447084233,6.911447084233261,-0.09237021984113136,-1.3426542387927176,-6.399000000000001,-1.9534236347453215,-0.6748192051913016,,,,
2026-10-07T11:30:36.736241+00:00,crypto_alt_usdt_perpetual,817,351,2026-10-07T11:30:00+00:00,BEARISH,-6,0,6,463,463,463,9.503239740820735,7.775377969762419,6.479481641468682,-0.8338125359401927,-1.786283891547047,-6.898999999999999,-2.453785352230564,-1.1604993380653683,,,,
2026-10-07T11:46:18.166831+00:00,crypto_alt_usdt_perpetual,817,351,2026-10-07T11:45:00+00:00,BEARISH,-6,0,6,463,463,463,16.846652267818573,7.34341252699784,5.615550755939525,-0.4571179799738756,-2.157788267026284,-7.0169999999999995,-2.8942809917355374,-1.5081207442233013,,,,
2026-10-07T12:00:22.663004+00:00,crypto_alt_usdt_perpetual,817,351,2026-10-07T12:00:00+00:00,BEARISH,-6,0,6,463,463,463,15.550755939524837,7.775377969762419,6.695464362850972,-0.5621486570893119,-2.1192361434559714,-6.959,-2.8820184790334045,-1.4494839547718574,,,,
2026-10-07T12:21:11.018360+00:00,crypto_alt_usdt_perpetual,817,351,2026-10-07T12:15:00+00:00,BEARISH,-6,0,6,463,463,463,29.805615550755938,10.151187904967603,6.263498920086393,-0.2484472049689379,-1.7253439030076922,-6.741999999999999,-2.3889688827246793,-1.0320300417169526,,,,
2026-10-07T12:44:45.382755+00:00,crypto_alt_usdt_perpetual,817,351,2026-10-07T12:30:00+00:00,BEARISH,-6,0,6,463,463,463,27.213822894168466,7.991360691144709,5.615550755939525,-0.3177124702144596,-1.9660160089874923,-6.907000000000001,-2.670292013625186,-1.3015728977616547,,,,
2026-10-07T13:05:13.302917+00:00,crypto_alt_usdt_perpetual,816,350,2026-10-07T13:00:00+00:00,BEARISH,-6,0,6,463,463,463,33.69330453563715,8.639308855291576,5.615550755939525,-0.170709793351298,-1.5962753574991662,-6.76,-2.2718190736465527,-0.9640307214318411,,,,
2026-10-07T14:14:11.043248+00:00,crypto_alt_usdt_perpetual,816,350,2026-10-07T14:00:00+00:00,BEARISH,-6,0,6,463,463,463,28.72570194384449,13.606911447084233,4.967602591792657,-0.2481389578163684,-1.1218920557913847,-7.156,-1.8517687317643194,-0.5252350420695218,,,,
2026-10-07T14:32:36.589961+00:00,crypto_alt_usdt_perpetual,816,350,2026-10-07T14:30:00+00:00,BEARISH,-6,0,6,463,463,463,28.077753779697623,6.047516198704104,4.103671706263499,-0.3306565895134672,-1.7473118279569877,-7.244000000000001,-2.5364504161994206,-1.1813889372008668,,,,
2026-10-07T14:50:01.995258+00:00,crypto_alt_usdt_perpetual,816,350,2026-10-07T14:45:00+00:00,NEUTRAL,-2,2,4,463,463,463,59.827213822894166,11.879049676025918,4.103671706263499,0.140375504474477,-1.1735121542330251,-7.603,-1.8489192497498808,-0.6023156352301717,,,,
2026-10-07T15:23:00.144706+00:00,crypto_alt_usdt_perpetual,816,350,2026-10-07T15:15:00+00:00,BEARISH,-6,0,6,463,463,463,33.909287257019436,11.44708423326134,4.103671706263499,-0.2525743151350457,-1.3607411696583749,-7.851,-2.008365139747897,-0.7457414427726017,,,,
2026-10-07T16:14:59.396368+00:00,crypto_alt_usdt_perpetual,816,350,2026-10-07T16:00:00+00:00,NEUTRAL,1,3,2,463,463,463,88.12095032397409,51.40388768898488,5.831533477321814,0.8111239860950192,0.04701457451810054,-5.8709999999999996,-0.7127858253921926,0.7466616334822596,,,,
2026-10-07T16:43:16.731411+00:00,crypto_alt_usdt_perpetual,816,350,2026-10-07T16:30:00+00:00,NEUTRAL,2,4,2,463,463,463,92.87257019438445,64.57883369330453,5.831533477321814,1.1761217631943044,0.4256965944272384,-5.906000000000001,-0.3339619811082106,1.178353813208577,,,,
2026-10-07T17:12:52.944986+00:00,crypto_alt_usdt_perpetual,816,350,2026-10-07T17:00:00+00:00,BEARISH,-3,1,4,463,463,463,40.172786177105834,54.64362850971922,7.559395248380129,-0.15300267754685404,0.14639502256923453,-5.697,-0.6145466465622973,0.8399833485031261,,,,
2026-10-07T17:34:40.523797+00:00,crypto_alt_usdt_perpetual,816,350,2026-10-07T17:30:00+00:00,NEUTRAL,-2,2,4,463,463,463,17.278617710583152,59.827213822894166,5.831533477321814,-0.5142589995324798,0.3050640634533197,-6.061,-0.5917629966975202,1.087276960280814,,,,
2026-10-07T17:50:02.140531+00:00,crypto_alt_usdt_perpetual,816,350,2026-10-07T17:45:00+00:00,NEUTRAL,-2,2,4,463,463,463,12.958963282937365,64.14686825053995,5.183585313174946,-0.6259780907668211,0.41563693552011394,-6.555,-0.32494443476562274,1.1088193129400015,,,,
2026-10-07T18:13:43.704646+00:00,crypto_alt_usdt_perpetual,816,350,2026-10-07T18:00:00+00:00,BEARISH,-3,1,4,463,463,463,24.406047516198704,52.05183585313175,5.831533477321814,-0.31328320802005427,0.11170064227867815,-6.1,-0.7071889361348171,0.7491657865331902,,,,
2026-10-07T18:35:24.734318+00:00,crypto_alt_usdt_perpetual,816,350,2026-10-07T18:30:00+00:00,NEUTRAL,2,4,2,463,463,463,75.5939524838013,81.42548596112312,6.479481641468682,0.42890135268889296,1.0622602537621706,-5.762,0.319511449196197,1.668657033593457,,,,
2026-10-07T19:19:25.614364+00:00,crypto_alt_usdt_perpetual,816,350,2026-10-07T19:15:00+00:00,NEUTRAL,-2,2,4,463,463,463,34.125269978401725,77.5377969762419,6.263498920086393,-0.1626512148012571,0.7705779334501006,-5.573,0.09144304628674327,1.4578061294648892,,,,
2026-10-07T19:35:01.568472+00:00,crypto_alt_usdt_perpetual,816,350,2026-10-07T19:30:00+00:00,NEUTRAL,-2,2,4,463,463,463,42.33261339092873,85.96112311015119,6.911447084233261,-0.09310986964616852,1.0468357011759855,-5.286,0.37394944046590384,1.764190225728679,,,,
2026-10-07T20:11:33.361945+00:00,crypto_alt_usdt_perpetual,816,350,2026-10-07T20:00:00+00:00,NEUTRAL,-1,1,2,463,463,463,47.94816414686825,50.75593952483801,6.695464362850972,0.0,0.04508566275924775,-5.312,-0.6001636819785106,0.6313654998525098,,,,
2026-10-07T20:31:06.454609+00:00,crypto_alt_usdt_perpetual,816,350,2026-10-07T20:30:00+00:00,NEUTRAL,1,3,2,463,463,463,69.54643628509719,53.131749460043196,6.911447084233261,0.24630541871921707,0.06422607578675521,-5.305,-0.4448055914870963,0.6227079273209313,,,,
2026-10-07T20:59:37.890025+00:00,crypto_alt_usdt_perpetual,816,350,2026-10-07T20:45:00+00:00,NEUTRAL,2,4,2,463,463,463,66.09071274298056,57.45140388768898,7.991360691144709,0.19323392841692488,0.13612850530901888,-4.997,-0.3709965493427003,0.7549812223746732,,,,
2026-10-07T21:20:41.596219+00:00,crypto_alt_usdt_perpetual,816,350,2026-10-07T21:15:00+00:00,NEUTRAL,2,4,2,463,463,463,66.30669546436285,60.90712742980561,6.911447084233261,0.18608113137328353,0.24330900243310083,-5.09,-0.2582829949069443,0.7910240830937498,,,,
2026-10-07T21:31:10.456012+00:00,crypto_alt_usdt_perpetual,816,350,2026-10-07T21:30:00+00:00,NEUTRAL,-2,2,4,463,463,463,34.125269978401725,73.2181425485961,6.911447084233261,-0.13126230584119547,0.5048287971905152,-5.376,-0.056266841141194845,1.0839939416624311,,,,
2026-10-07T21:47:06.494868+00:00,crypto_alt_usdt_perpetual,816,350,2026-10-07T21:45:00+00:00,NEUTRAL,-2,2,4,463,463,463,26.781857451403887,76.88984881209504,6.479481641468682,-0.21886627270738535,0.6463288521199484,-5.56,0.13773885456481727,1.1645259505770778,,,,
2026-10-07T22:12:37.167581+00:00,crypto_alt_usdt_perpetual,816,350,2026-10-07T22:00:00+00:00,NEUTRAL,-2,2,4,463,463,463,19.43844492440605,72.35421166306695,7.1274298056155505,-0.3679592414378763,0.5587840858292337,-5.448,-0.07432278083032706,1.0580094781498461,,,,
2026-10-07T22:29:08.980926+00:00,crypto_alt_usdt_perpetual,816,350,2026-10-07T22:15:00+00:00,NEUTRAL,-2,2,4,463,463,463,44.70842332613391,58.09935205183585,8.207343412526997,-0.039024390243902474,0.16310552927742972,-5.038,-0.3712576414877211,0.7120547971908309,,,,
2026-10-07T22:56:15.175714+00:00,crypto_alt_usdt_perpetual,816,350,2026-10-07T22:45:00+00:00,NEUTRAL,2,4,2,463,463,463,87.04103671706264,79.26565874730022,8.639308855291576,0.5767012687427853,0.6431695394906178,-4.873,0.1730866701299405,1.1961537851127635,,,,
2026-10-07T23:09:15.559343+00:00,crypto_alt_usdt_perpetual,816,350,2026-10-07T23:00:00+00:00,NEUTRAL,2,4,2,463,463,463,86.82505399568035,77.7537796976242,8.423326133909287,0.5369551484523116,0.5706612957368185,-4.992,0.06695273840124916,1.1173462135669388,,,,
2026-10-07T23:27:06.086429+00:00,crypto_alt_usdt_perpetual,816,350,2026-10-07T23:15:00+00:00,NEUTRAL,2,4,2,463,463,463,77.5377969762419,79.48164146868251,9.071274298056155,0.3259351233897201,0.6915097963887895,-4.936999999999999,0.14666362656020615,1.2168687733260075,,,,
2026-10-07T23:42:17.185839+00:00,crypto_alt_usdt_perpetual,816,350,2026-10-07T23:30:00+00:00,NEUTRAL,2,4,2,463,463,463,75.80993520518359,82.93736501079914,10.583153347732182,0.30353619669145626,0.7582139848357095,-4.614999999999999,0.17491963100405572,1.280188918190095,,,,
2026-10-07T23:54:57.270404+00:00,crypto_alt_usdt_perpetual,816,350,2026-10-07T23:45:00+00:00,NEUTRAL,2,4,2,463,463,463,82.50539956803456,85.96112311015119,9.719222462203025,0.3672638840637399,0.9708737864077666,-4.651000000000001,0.3400119695864179,1.455984835728108,,,,
2026-10-08T00:14:41.383223+00:00,crypto_alt_usdt_perpetual,816,350,2026-10-08T00:00:00+00:00,NEUTRAL,2,4,2,463,463,463,85.52915766738661,85.7451403887689,9.071274298056155,0.41828040278852896,0.981354268891077,-4.696,0.4203647971353419,1.5472849187151083,,,,
2026-10-08T00:46:27.742297+00:00,crypto_alt_usdt_perpetual,816,350,2026-10-08T00:45:00+00:00,NEUTRAL,1,3,2,463,463,463,53.131749460043196,83.15334773218143,9.287257019438444,0.04911591355598599,0.8221225710014934,-4.484,0.23505728527976055,1.362434514163502,,,,
2026-10-08T01:09:09.606533+00:00,crypto_alt_usdt_perpetual,816,350,2026-10-08T01:00:00+00:00,NEUTRAL,2,4,2,463,463,463,61.1231101511879,81.6414686825054,11.23110151187905,0.12731902510003668,0.710164225477139,-3.9,0.1812964853629806,1.3537694356459795,,,,
2026-10-08T01:31:37.213078+00:00,crypto_alt_usdt_perpetual,816,350,2026-10-08T01:30:00+00:00,NEUTRAL,1,3,2,463,463,463,50.75593952483801,83.15334773218143,10.799136069114471,0.03219575016097931,0.8574490889603492,-3.9120000000000004,0.31278089594999336,1.546616700327974,,,,
2026-10-08T01:48:00.801092+00:00,crypto_alt_usdt_perpetual,816,350,2026-10-08T01:45:00+00:00,NEUTRAL,0,2,2,463,463,463,47.30021598272138,87.25701943844493,12.095032397408207,0.0,1.0053222945002993,-3.7539999999999996,0.4668818448935963,1.6853808108872936,,,,
2026-10-08T02:01:13.184053+00:00,crypto_alt_usdt_perpetual,816,350,2026-10-08T02:00:00+00:00,NEUTRAL,-2,2,4,463,463,463,22.4622030237581,79.48164146868251,23.110151187904968,-0.40470934510669077,0.7174887892376747,-1.7069999999999999,0.1876624098846258,1.376074677536121,,,,
2026-10-08T02:15:42.187113+00:00,crypto_alt_usdt_perpetual,816,350,2026-10-08T02:15:00+00:00,NEUTRAL,-2,2,4,463,463,463,8.639308855291576,69.76241900647948,30.669546436285096,-0.7773027594247806,0.42280215774894714,-1.084,-0.09588081727563424,1.0558204791484838,,,,
2026-10-08T02:30:42.098830+00:00,crypto_alt_usdt_perpetual,816,350,2026-10-08T02:30:00+00:00,NEUTRAL,-2,2,4,463,463,463,22.4622030237581,64.36285097192224,29.37365010799136,-0.34527406128613825,0.3208556149732589,-1.142,-0.2759523936433472,0.959780613252581,,,,
2026-10-08T02:58:37.046740+00:00,crypto_alt_usdt_perpetual,816,350,2026-10-08T02:45:00+00:00,NEUTRAL,-2,2,4,463,463,463,40.388768898488124,68.46652267818574,32.39740820734341,-0.06923609508424633,0.3877790834312611,-0.796,-0.171358992133408,1.0004121470695293,,,,
2026-10-08T03:11:57.353657+00:00,crypto_alt_usdt_perpetual,816,350,2026-10-08T03:00:00+00:00,NEUTRAL,1,3,2,463,463,463,54.42764578833693,63.2829373650108,24.838012958963283,0.08932559178205235,0.2663388649866816,-1.528,-0.29134173004680686,0.8560004074879335,,,,
2026-10-08T03:31:29.890589+00:00,crypto_alt_usdt_perpetual,816,350,2026-10-08T03:30:00+00:00,BEARISH,-6,0,6,463,463,463,25.26997840172786,34.557235421166304,28.94168466522678,-0.31897926634769647,-0.4006410256410242,-1.196,-0.9439398814822642,0.24904243696119988,,,,
2026-10-08T03:49:53.306825+00:00,crypto_alt_usdt_perpetual,816,350,2026-10-08T03:45:00+00:00,BEARISH,-6,0,6,463,463,463,13.606911447084233,25.48596112311015,21.166306695464364,-0.6165228113440113,-0.6398950843395368,-1.654,-1.1972817008625125,0.02648262152794567,,,,
2026-10-08T04:11:53.810438+00:00,crypto_alt_usdt_perpetual,816,350,2026-10-08T04:00:00+00:00,BEARISH,-6,0,6,463,463,463,11.663066954643629,21.382289416846653,25.70194384449244,-0.6081081081080963,-0.7864186743228085,-1.16,-1.3182238452996597,-0.12015886499713302,,,,
2026-10-08T04:31:47.100484+00:00,crypto_alt_usdt_perpetual,816,350,2026-10-08T04:30:00+00:00,BEARISH,-6,0,6,463,463,463,14.038876889848812,13.822894168466522,26.34989200863931,-0.5706921944035437,-1.2374706100730104,-1.3050000000000002,-1.8708010379466233,-0.6103848718696847,,,,
2026-10-08T04:50:00.697625+00:00,crypto_alt_usdt_perpetual,816,350,2026-10-08T04:45:00+00:00,BEARISH,-6,0,6,463,463,463,8.423326133909287,9.935205183585314,21.814254859611232,-0.9533366783743169,-1.6184360981616686,-1.7000000000000002,-2.2931584117885984,-0.8855383104123205,,,,
2026-10-08T05:12:10.816755+00:00,crypto_alt_usdt_perpetual,816,350,2026-10-08T05:00:00+00:00,BEARISH,-6,0,6,463,463,463,19.870410367170628,11.44708423326134,23.542116630669547,-0.5372945638432491,-1.4694656488549729,-1.481,-2.1068904938581823,-0.8621129738992206,,,,
2026-10-08T05:31:24.387150+00:00,crypto_alt_usdt_perpetual,816,350,2026-10-08T05:30:00+00:00,NEUTRAL,-2,2,4,463,463,463,82.93736501079914,25.70194384449244,29.37365010799136,0.5868544600938996,-0.6976744186046435,-1.124,-1.3098681116688216,0.04854715989291991,,,,
2026-10-08T05:48:18.270318+00:00,crypto_alt_usdt_perpetual,816,350,2026-10-08T05:45:00+00:00,NEUTRAL,-2,2,4,463,463,463,87.47300215982722,23.758099352051836,25.48596112311015,0.7996237064910705,-0.7535460992907805,-1.496,-1.497313077058371,-0.05428073064249195,,,,
2026-10-08T06:00:42.892139+00:00,crypto_alt_usdt_perpetual,816,350,2026-10-08T06:00:00+00:00,BEARISH,-5,0,5,463,463,463,46.00431965442765,14.902807775377969,19.870410367170628,-0.02688252337285091,-1.0506040973559672,-1.8960000000000001,-1.7004010289827065,-0.3875564708454404,,,,
2026-10-08T06:22:51.278349+00:00,crypto_alt_usdt_perpetual,816,350,2026-10-08T06:15:00+00:00,BEARISH,-4,0,4,463,463,463,47.94816414686825,23.542116630669547,25.48596112311015,0.0,-0.6671608598962209,-1.437,-1.2625666198115726,-0.05538914070323253,,,,
2026-10-08T06:52:21.642114+00:00,crypto_alt_usdt_perpetual,816,350,2026-10-08T06:45:00+00:00,BEARISH,-6,0,6,463,463,463,28.509719222462202,16.198704103671705,25.26997840172786,-0.2734107997265922,-1.0761764085250092,-1.693,-1.7335280008136111,-0.37816791644817993,,,,
2026-10-08T07:14:26.393670+00:00,crypto_alt_usdt_perpetual,816,350,2026-10-08T07:00:00+00:00,NEUTRAL,-2,2,4,463,463,463,80.34557235421167,23.758099352051836,24.406047516198704,0.5656052225045949,-0.6821282401091366,-1.6729999999999998,-1.26233704150025,-0.016965335607205256,,,,
2026-10-08T07:37:07.483711+00:00,crypto_alt_usdt_perpetual,816,350,2026-10-08T07:30:00+00:00,NEUTRAL,1,3,2,463,463,463,91.14470842332614,51.61987041036717,28.509719222462202,1.0966057441253119,0.0701016473887206,-1.141,-0.5295650684977671,0.735209004383508,,,,
2026-10-08T07:58:54.831744+00:00,crypto_alt_usdt_perpetual,816,350,2026-10-08T07:45:00+00:00,NEUTRAL,1,3,2,463,463,463,79.91360691144709,52.69978401727862,24.838012958963283,0.5940594059405946,0.09699321047527132,-1.5599999999999998,-0.5679740073154027,0.8661789229700734,,,,
2026-10-08T08:19:14.446276+00:00,crypto_alt_usdt_perpetual,816,350,2026-10-08T08:15:00+00:00,NEUTRAL,2,4,2,463,463,463,57.23542116630669,56.587473002159825,29.15766738660907,0.07993605115907965,0.15369568254854915,-1.1780000000000002,-0.3941345183073375,0.8308400942748762,,,,
2026-10-08T08:40:03.079230+00:00,crypto_alt_usdt_perpetual,816,350,2026-10-08T08:30:00+00:00,NEUTRAL,-2,2,4,463,463,463,34.125269978401725,72.35421166306695,25.91792656587473,-0.1728309713100673,0.5828638041577516,-1.43,-0.054614541642838965,1.2937740022446853,,,,
2026-10-08T09:01:59.222492+00:00,crypto_alt_usdt_perpetual,816,350,2026-10-08T09:00:00+00:00,NEUTRAL,1,3,2,463,463,463,52.915766738660906,71.49028077753779,35.63714902807775,0.04383721779790406,0.6281134936105603,-0.782,-0.04690714495216297,1.2264277763990195,,,,
2026-10-08T09:15:22.304229+00:00,crypto_alt_usdt_perpetual,816,350,2026-10-08T09:15:00+00:00,NEUTRAL,2,4,2,463,463,463,71.2742980561555,73.86609071274297,42.33261339092873,0.346140533056416,0.6527690040008416,-0.309,-0.005785028346644294,1.326745811160257,,,,
2026-10-08T09:37:50.479669+00:00,crypto_alt_usdt_perpetual,816,350,2026-10-08T09:30:00+00:00,BULLISH,5,5,0,463,463,463,61.77105831533477,52.915766738660906,55.93952483801296,0.17263703064307467,0.06406149903908087,0.307,-0.5253949086966136,0.8638116491908487,,,,
2026-10-08T10:00:47.647147+00:00,crypto_alt_usdt_perpetual,816,350,2026-10-08T10:00:00+00:00,BULLISH,6,6,0,463,463,463,90.28077753779698,89.8488120950324,64.79481641468682,0.9563658099222883,1.6149381781478622,0.814,0.7976204888893723,2.3094768467115,,,,
2026-10-08T10:15:50.011658+00:00,crypto_alt_usdt_perpetual,816,350,2026-10-08T10:15:00+00:00,BULLISH,6,6,0,463,463,463,73.86609071274297,83.15334773218143,61.33909287257019,0.3903200624512104,1.1398176291793405,0.596,0.3486940567542396,1.8146114638434852,,,,
2026-10-08T10:35:23.565589+00:00,crypto_alt_usdt_perpetual,816,350,2026-10-08T10:30:00+00:00,BULLISH,6,6,0,463,463,463,56.371490280777536,84.01727861771059,55.29157667386609,0.08691873098651826,1.254930082466843,0.296,0.4332654416971393,1.8354833572224893,,,,
2026-10-08T10:58:28.924056+00:00,crypto_alt_usdt_perpetual,816,350,2026-10-08T10:45:00+00:00,NEUTRAL,1,3,2,463,463,463,23.758099352051836,73.65010799136068,54.64362850971922,-0.44196771714066774,0.6588700378850287,0.23700000000000002,-0.03481687799284927,1.4679755642122094,,,,
2026-10-08T11:15:09.245293+00:00,crypto_alt_usdt_perpetual,816,350,2026-10-08T11:15:00+00:00,NEUTRAL,-1,2,3,463,463,463,12.958963282937365,55.72354211663067,47.30021598272138,-0.8019525801952643,0.17838030681414097,-0.131,-0.4930382876014161,0.9517017477286505,,,,
2026-10-08T11:31:57.110697+00:00,crypto_alt_usdt_perpetual,816,350,2026-10-08T11:30:00+00:00,NEUTRAL,-2,2,4,463,463,463,19.00647948164147,38.66090712742981,59.39524838012959,-0.47160345173590246,-0.3138075313807609,0.5950000000000001,-1.0338082564584794,0.3959506866524576,,,,
2026-10-08T11:49:02.269732+00:00,crypto_alt_usdt_perpetual,816,350,2026-10-08T11:45:00+00:00,NEUTRAL,-2,2,4,463,463,463,30.237580993520517,42.980561555075596,62.20302375809935,-0.26440104350278215,-0.15497869043007428,0.772,-0.8978846377246941,0.6013208082184973,,,,
2026-10-08T12:01:33.093032+00:00,crypto_alt_usdt_perpetual,816,350,2026-10-08T12:00:00+00:00,NEUTRAL,-1,2,3,463,463,463,24.838012958963283,46.00431965442765,58.74730021598272,-0.3627882871210186,-0.08628127696289623,0.468,-0.825944473791923,0.6786387370145919,,,,
2026-10-08T12:23:24.218419+00:00,crypto_alt_usdt_perpetual,816,350,2026-10-08T12:15:00+00:00,BEARISH,-3,1,4,463,463,463,27.429805615550755,32.18142548596112,50.53995680345572,-0.3012048192771011,-0.46649703138254006,0.047,-1.2626807631546888,0.23787874258127673,,,,
2026-10-08T12:52:16.652781+00:00,crypto_alt_usdt_perpetual,816,350,2026-10-08T12:45:00+00:00,BEARISH,-3,1,4,463,463,463,19.00647948164147,34.77321814254859,52.05183585313175,-0.5197055002165496,-0.42604990870359627,0.11199999999999999,-1.3414086173835993,0.39595325022415695,,,,
2026-10-08T13:23:59.348847+00:00,crypto_alt_usdt_perpetual,816,350,2026-10-08T13:15:00+00:00,NEUTRAL,2,4,2,463,463,463,58.31533477321814,27.645788336933045,62.20302375809935,0.182852498984154,-0.6076111288775166,0.771,-1.5443145187710894,0.15688445921004934,,,,
2026-10-08T13:38:22.555151+00:00,crypto_alt_usdt_perpetual,816,350,2026-10-08T13:30:00+00:00,NEUTRAL,1,3,2,463,463,463,54.42764578833693,32.18142548596112,62.20302375809935,0.08787346221441616,-0.47934261584113846,0.683,-1.4931548164586028,0.31310325229542135,,,,
2026-10-08T13:59:44.749938+00:00,crypto_alt_usdt_perpetual,816,350,2026-10-08T13:45:00+00:00,NEUTRAL,-2,2,4,463,463,463,27.861771058315334,14.254859611231101,63.71490280777538,-0.33059875107139813,-1.4916642293068216,0.8710000000000001,-2.3205379295219597,-0.6063545961678352,,,,
2026-10-08T14:44:09.052222+00:00,crypto_alt_usdt_perpetual,816,350,2026-10-08T14:30:00+00:00,BULLISH,3,4,1,463,463,463,82.28941684665227,46.00431965442765,71.92224622030237,0.5961402445185282,-0.08810572687224516,1.6039999999999999,-0.7896967531419163,0.7547060851564868,,,,
2026-10-08T15:35:39.141829+00:00,crypto_alt_usdt_perpetual,816,350,2026-10-08T15:30:00+00:00,BEARISH,-6,0,6,463,463,463,0.8639308855291576,4.103671706263499,12.311015118790497,-4.864433811802238,-4.338002711251699,-3.84,-5.790057885841932,-3.2280172872288238,,,,
2026-10-08T16:00:15.497241+00:00,crypto_alt_usdt_perpetual,816,350,2026-10-08T16:00:00+00:00,BEARISH,-6,0,6,463,463,463,1.2958963282937366,4.751619870410368,9.935205183585314,-5.20403484640074,-5.001946282600233,-5.111000000000001,-6.428651899436677,-3.7037594654578623,,,,
2026-10-08T16:17:57.296419+00:00,crypto_alt_usdt_perpetual,816,350,2026-10-08T16:15:00+00:00,BEARISH,-6,0,6,463,463,463,3.239740820734341,5.183585313174946,10.151187904967603,-3.9501039501039448,-4.864091559370531,-5.043,-6.377445922472797,-3.719899361725737,,,,
2026-10-08T17:00:19.502293+00:00,crypto_alt_usdt_perpetual,816,350,2026-10-08T17:00:00+00:00,BEARISH,-6,0,6,463,463,463,30.237580993520517,4.535637149028077,9.287257019438444,-0.40187541862023446,-5.2454044686513495,-5.468,-6.6289399266844296,-3.682104418723492,,,,
2026-10-08T17:33:20.410457+00:00,crypto_alt_usdt_perpetual,816,350,2026-10-08T17:30:00+00:00,BEARISH,-6,0,6,463,463,463,7.559395248380129,3.67170626349892,9.287257019438444,-1.8681007642230463,-6.273963053328691,-5.611,-7.802966402118888,-4.676637327186267,,,,
2026-10-08T17:51:39.131350+00:00,crypto_alt_usdt_perpetual,816,350,2026-10-08T17:45:00+00:00,BEARISH,-6,0,6,463,463,463,9.287257019438444,3.8876889848812093,7.991360691144709,-1.2494215640906914,-5.519176800748349,-5.9110000000000005,-7.063151158003944,-4.062322458378298,,,,
2026-10-08T18:13:06.039743+00:00,crypto_alt_usdt_perpetual,816,350,2026-10-08T18:00:00+00:00,BEARISH,-6,0,6,463,463,463,17.92656587473002,2.8077753779697625,7.1274298056155505,-0.8073817762399127,-6.577086280056577,-6.287,-8.098962718441937,-4.889975636829175,,,,
2026-10-08T18:35:21.082480+00:00,crypto_alt_usdt_perpetual,816,350,2026-10-08T18:30:00+00:00,NEUTRAL,-2,2,4,463,463,463,93.08855291576674,4.967602591792657,11.44708423326134,1.4966933518969716,-5.57029177718833,-4.517,-6.963162134120143,-3.9632014816165184,,,,
2026-10-08T19:18:08.138081+00:00,crypto_alt_usdt_perpetual,816,350,2026-10-08T19:15:00+00:00,NEUTRAL,-2,2,4,463,463,463,95.24838012958963,9.503239740820735,12.958963282937365,1.6296809986130256,-3.157894736842093,-4.328,-4.368073845763416,-1.927013618353146,,,,
2026-10-08T19:38:08.544702+00:00,crypto_alt_usdt_perpetual,816,350,2026-10-08T19:30:00+00:00,NEUTRAL,1,3,2,463,463,463,80.99352051835854,50.75593952483801,14.68682505399568,0.6614963503649651,0.03580379520229382,-3.781,-0.7551304070431475,1.0566351867182355,,,,
2026-10-08T19:58:12.758562+00:00,crypto_alt_usdt_perpetual,816,350,2026-10-08T19:45:00+00:00,NEUTRAL,2,4,2,463,463,463,81.8574514038877,63.93088552915767,15.550755939524837,0.8097570728781367,0.40504050405039127,-3.547,-0.45940784449301497,1.3445932917677705,,,,
2026-10-08T20:15:54.219833+00:00,crypto_alt_usdt_perpetual,816,350,2026-10-08T20:15:00+00:00,NEUTRAL,2,4,2,463,463,463,92.65658747300216,89.8488120950324,17.062634989200863,1.2724292615596822,2.041742286751358,-3.225,1.0057892136999813,2.9959043843621025,,,,
2026-10-08T20:33:37.768216+00:00,crypto_alt_usdt_perpetual,816,350,2026-10-08T20:30:00+00:00,NEUTRAL,2,4,2,463,463,463,90.28077753779698,79.6976241900648,17.062634989200863,1.0085337470907785,1.4186977082575325,-3.341,0.3281177378770872,2.2262659330977597,,,,
2026-10-08T20:52:39.131237+00:00,crypto_alt_usdt_perpetual,816,350,2026-10-08T20:45:00+00:00,NEUTRAL,2,4,2,463,463,463,88.55291576673866,87.6889848812095,19.00647948164147,0.9243212016175617,1.9068511643604458,-3.0,0.9181881996259245,2.779937897400697,,,,
2026-10-08T21:12:16.103138+00:00,crypto_alt_usdt_perpetual,816,350,2026-10-08T21:00:00+00:00,NEUTRAL,2,4,2,463,463,463,87.25701943844493,95.03239740820734,19.00647948164147,0.8763837638376293,3.021641486320936,-3.257,2.014379399336441,3.959748214840886,,,,
2026-10-08T21:31:34.020227+00:00,crypto_alt_usdt_perpetual,816,350,2026-10-08T21:30:00+00:00,NEUTRAL,-2,2,4,463,463,463,44.06047516198704,96.11231101511879,19.00647948164147,-0.06006727534838552,3.2484635645302795,-3.2190000000000003,2.1424186715732763,4.08011314726987,,,,
2026-10-08T21:48:15.576889+00:00,crypto_alt_usdt_perpetual,816,350,2026-10-08T21:45:00+00:00,NEUTRAL,-2,2,4,463,463,463,33.04535637149028,95.8963282937365,19.870410367170628,-0.2361021678471742,3.0136113260800457,-3.096,2.1098828975211426,3.9007103122112086,,,,
2026-10-08T22:01:24.351407+00:00,crypto_alt_usdt_perpetual,816,350,2026-10-08T22:00:00+00:00,NEUTRAL,-2,2,4,463,463,463,31.533477321814257,97.40820734341253,20.950323974082075,-0.2973368263713638,3.531124863487456,-2.946,2.5022991402034234,4.602852852852857,,,,
2026-10-08T22:16:55.153639+00:00,crypto_alt_usdt_perpetual,816,350,2026-10-08T22:15:00+00:00,NEUTRAL,1,3,2,463,463,463,53.779697624190064,96.76025917926566,20.086393088552917,0.06662225183209358,3.2251395493074098,-3.1399999999999997,2.323312453296844,4.163711583924357,,,,
2026-10-08T22:34:21.815397+00:00,crypto_alt_usdt_perpetual,816,350,2026-10-08T22:30:00+00:00,NEUTRAL,2,4,2,463,463,463,55.0755939524838,88.55291576673866,19.00647948164147,0.06377551020408934,1.7809950591749946,-3.4930000000000003,1.010050518733141,2.626033464485189,,,,
2026-10-08T22:59:40.565694+00:00,crypto_alt_usdt_perpetual,816,350,2026-10-08T22:45:00+00:00,NEUTRAL,2,4,2,463,463,463,71.05831533477321,88.76889848812095,19.870410367170628,0.33444816053511683,1.8241469816272948,-3.386,1.067730236331066,2.610654132393264,,,,
2026-10-08T23:10:59.933196+00:00,crypto_alt_usdt_perpetual,816,350,2026-10-08T23:00:00+00:00,NEUTRAL,2,4,2,463,463,463,63.2829373650108,90.28077753779698,20.518358531317496,0.17047391749063223,1.766479965532075,-3.2710000000000004,1.1237320259839145,2.5514183899660425,,,,
2026-10-08T23:29:49.092129+00:00,crypto_alt_usdt_perpetual,816,350,2026-10-08T23:15:00+00:00,NEUTRAL,2,4,2,463,463,463,66.95464362850971,90.28077753779698,19.870410367170628,0.18785601745243685,1.673173452314547,-3.3259999999999996,1.0273498199485753,2.5314414694811993,,,,
2026-10-08T23:56:45.803922+00:00,crypto_alt_usdt_perpetual,816,350,2026-10-08T23:45:00+00:00,NEUTRAL,2,4,2,463,463,463,56.371490280777536,86.60907127429806,17.92656587473002,0.08768853034024637,1.0929982717548636,-3.739,0.42217311102595856,1.8758912484736712,,,,
2026-10-09T00:16:48.296843+00:00,crypto_alt_usdt_perpetual,816,350,2026-10-09T00:15:00+00:00,NEUTRAL,-2,2,4,463,463,463,33.47732181425486,62.20302375809935,17.49460043196544,-0.1658890616899833,0.27573529411764053,-3.771,-0.295575579006202,0.9138630398472958,,,,
2026-10-09T00:47:16.110237+00:00,crypto_alt_usdt_perpetual,816,350,2026-10-09T00:45:00+00:00,BEARISH,-6,0,6,463,463,463,22.24622030237581,41.25269978401728,15.334773218142548,-0.36669542709231173,-0.1679543164259334,-3.963,-0.7880143672382434,0.5270827799299549,,,,
2026-10-09T01:08:11.883920+00:00,crypto_alt_usdt_perpetual,816,350,2026-10-09T01:00:00+00:00,BEARISH,-6,0,6,463,463,463,34.557235421166304,33.04535637149028,13.822894168466522,-0.14558159848595542,-0.4306632213608941,-4.4479999999999995,-1.0287472194059177,0.31077649970230325,,,,
2026-10-09T01:32:33.021303+00:00,crypto_alt_usdt_perpetual,816,350,2026-10-09T01:30:00+00:00,NEUTRAL,2,4,2,463,463,463,79.91360691144709,72.78617710583153,15.982721382289418,0.5988023952095745,0.5057226510513768,-3.5839999999999996,-0.09897605572827262,1.1055886006420157,,,,
