2026-10-07T07:54:53.7471534Z Current runner version: '2.337.0'
2026-10-07T07:54:53.7498295Z ##[group]Runner Image Provisioner
2026-10-07T07:54:53.7499188Z Hosted Compute Agent
2026-10-07T07:54:53.7499817Z Version: 20260901.588
2026-10-07T07:54:53.7500548Z Commit: f88ec8081b781fac6c440065ac7ff9e710ce3d0b
2026-10-07T07:54:53.7501293Z Build Date: 2026-09-01T19:56:44Z
2026-10-07T07:54:53.7502019Z Worker ID: {e1c9becb-546c-40ec-8f93-13190256ae35}
2026-10-07T07:54:53.7503200Z Azure Region: eastus
2026-10-07T07:54:53.7503823Z ##[endgroup]
2026-10-07T07:54:53.7505451Z ##[group]Operating System
2026-10-07T07:54:53.7506140Z Ubuntu
2026-10-07T07:54:53.7506745Z 24.04.5
2026-10-07T07:54:53.7507282Z LTS
2026-10-07T07:54:53.7507787Z ##[endgroup]
2026-10-07T07:54:53.7508823Z ##[group]Runner Image
2026-10-07T07:54:53.7509439Z Image: ubuntu-24.04
2026-10-07T07:54:53.7510077Z Version: 20260927.320.1
2026-10-07T07:54:53.7511387Z Included Software: https://github.com/actions/runner-images/blob/ubuntu24/20260927.320/images/ubuntu/Ubuntu2404-Readme.md
2026-10-07T07:54:53.7513342Z Image Release: https://github.com/actions/runner-images/releases/tag/ubuntu24%2F20260927.320
2026-10-07T07:54:53.7514351Z ##[endgroup]
2026-10-07T07:54:53.7515770Z ##[group]GITHUB_TOKEN Permissions
2026-10-07T07:54:53.7518053Z Actions: read
2026-10-07T07:54:53.7518846Z Contents: read
2026-10-07T07:54:53.7519476Z Metadata: read
2026-10-07T07:54:53.7520127Z ##[endgroup]
2026-10-07T07:54:53.7522654Z Secret source: Actions
2026-10-07T07:54:53.7523763Z Cache mode: write
2026-10-07T07:54:53.7524713Z Prepare workflow directory
2026-10-07T07:54:53.8047612Z Prepare all required actions
2026-10-07T07:54:53.8097749Z Getting action download info
2026-10-07T07:54:53.9703196Z Download action repository 'actions/checkout@v4' (SHA:11d5960a326750d5838078e36cf38b85af677262)
2026-10-07T07:54:54.0690680Z Download action repository 'actions/setup-python@v5' (SHA:a26af69be951a213d495a4c3e4e4022e16d87065)
2026-10-07T07:54:54.1489511Z Download action repository 'actions/upload-artifact@v4' (SHA:ea165f8d65b6e75b540449e92b4886f43607fa02)
2026-10-07T07:54:54.3654063Z Complete job name: validate
2026-10-07T07:54:54.4388891Z ##[group]Run actions/checkout@v4
2026-10-07T07:54:54.4389802Z with:
2026-10-07T07:54:54.4390256Z   repository: duuu-hub/bb-scanner
2026-10-07T07:54:54.4394610Z   token: ***
2026-10-07T07:54:54.4395056Z   ssh-strict: true
2026-10-07T07:54:54.4395502Z   ssh-user: git
2026-10-07T07:54:54.4395959Z   persist-credentials: true
2026-10-07T07:54:54.4396453Z   clean: true
2026-10-07T07:54:54.4396909Z   sparse-checkout-cone-mode: true
2026-10-07T07:54:54.4397430Z   fetch-depth: 1
2026-10-07T07:54:54.4397876Z   fetch-tags: false
2026-10-07T07:54:54.4398320Z   show-progress: true
2026-10-07T07:54:54.4398767Z   lfs: false
2026-10-07T07:54:54.4399186Z   submodules: false
2026-10-07T07:54:54.4399637Z   set-safe-directory: true
2026-10-07T07:54:54.4400141Z   allow-unsafe-pr-checkout: false
2026-10-07T07:54:54.4400935Z env:
2026-10-07T07:54:54.4404972Z   GH_TOKEN: ***
2026-10-07T07:54:54.4405410Z ##[endgroup]
2026-10-07T07:54:54.5464195Z Syncing repository: duuu-hub/bb-scanner
2026-10-07T07:54:54.5466271Z ##[group]Getting Git version info
2026-10-07T07:54:54.5467295Z Working directory is '/home/runner/work/bb-scanner/bb-scanner'
2026-10-07T07:54:54.5468366Z [command]/usr/bin/git version
2026-10-07T07:54:54.5610448Z git version 2.55.0
2026-10-07T07:54:54.5645338Z ##[endgroup]
2026-10-07T07:54:54.5656252Z Temporarily overriding HOME='/home/runner/work/_temp/b9ccf80d-5e4b-4e46-bf5e-399c90a8df3c' before making global git config changes
2026-10-07T07:54:54.5658676Z Adding repository directory to the temporary git global config as a safe directory
2026-10-07T07:54:54.5660949Z [command]/usr/bin/git config --global --add safe.directory /home/runner/work/bb-scanner/bb-scanner
2026-10-07T07:54:54.5735714Z Deleting the contents of '/home/runner/work/bb-scanner/bb-scanner'
2026-10-07T07:54:54.5740996Z ##[group]Initializing the repository
2026-10-07T07:54:54.5748033Z [command]/usr/bin/git init /home/runner/work/bb-scanner/bb-scanner
2026-10-07T07:54:54.5899838Z hint: Using 'master' as the name for the initial branch. This default branch name
2026-10-07T07:54:54.5901952Z hint: will change to "main" in Git 3.0. To configure the initial branch name
2026-10-07T07:54:54.5903975Z hint: to use in all of your new repositories, which will suppress this warning,
2026-10-07T07:54:54.5905431Z hint: call:
2026-10-07T07:54:54.5906180Z hint:
2026-10-07T07:54:54.5907108Z hint: 	git config --global init.defaultBranch <name>
2026-10-07T07:54:54.5908232Z hint:
2026-10-07T07:54:54.5909254Z hint: Names commonly chosen instead of 'master' are 'main', 'trunk' and
2026-10-07T07:54:54.5911047Z hint: 'development'. The just-created branch can be renamed via this command:
2026-10-07T07:54:54.5912791Z hint:
2026-10-07T07:54:54.5913574Z hint: 	git branch -m <name>
2026-10-07T07:54:54.5914416Z hint:
2026-10-07T07:54:54.5915504Z hint: Disable this message with "git config set advice.defaultBranchName false"
2026-10-07T07:54:54.5917413Z Initialized empty Git repository in /home/runner/work/bb-scanner/bb-scanner/.git/
2026-10-07T07:54:54.5920309Z [command]/usr/bin/git remote add origin https://github.com/duuu-hub/bb-scanner
2026-10-07T07:54:54.5979087Z ##[endgroup]
2026-10-07T07:54:54.5979931Z ##[group]Disabling automatic garbage collection
2026-10-07T07:54:54.6003542Z [command]/usr/bin/git config --local gc.auto 0
2026-10-07T07:54:54.6024083Z ##[endgroup]
2026-10-07T07:54:54.6025320Z ##[group]Setting up auth
2026-10-07T07:54:54.6033864Z [command]/usr/bin/git config --local --name-only --get-regexp core\.sshCommand
2026-10-07T07:54:54.6076930Z [command]/usr/bin/git submodule foreach --recursive sh -c "git config --local --name-only --get-regexp 'core\.sshCommand' && git config --local --unset-all 'core.sshCommand' || :"
2026-10-07T07:54:54.6507702Z [command]/usr/bin/git config --local --name-only --get-regexp http\.https\:\/\/github\.com\/\.extraheader
2026-10-07T07:54:54.6548021Z [command]/usr/bin/git submodule foreach --recursive sh -c "git config --local --name-only --get-regexp 'http\.https\:\/\/github\.com\/\.extraheader' && git config --local --unset-all 'http.https://github.com/.extraheader' || :"
2026-10-07T07:54:54.6786570Z [command]/usr/bin/git config --local --name-only --get-regexp ^includeIf\.gitdir:
2026-10-07T07:54:54.6824488Z [command]/usr/bin/git submodule foreach --recursive git config --local --show-origin --name-only --get-regexp remote.origin.url
2026-10-07T07:54:54.7109380Z [command]/usr/bin/git config --local http.https://github.com/.extraheader AUTHORIZATION: basic ***
2026-10-07T07:54:54.7196555Z ##[endgroup]
2026-10-07T07:54:54.7198688Z ##[group]Fetching the repository
2026-10-07T07:54:54.7208897Z [command]/usr/bin/git -c protocol.version=2 fetch --no-tags --prune --no-recurse-submodules --depth=1 origin +6ca61ce31e15ffebf6b08e4ae786210d2d2f77ca:refs/remotes/origin/research-daily-breakdown-account-v26
2026-10-07T07:54:55.4835022Z From https://github.com/duuu-hub/bb-scanner
2026-10-07T07:54:55.4837738Z  * [new ref]         6ca61ce31e15ffebf6b08e4ae786210d2d2f77ca -> origin/research-daily-breakdown-account-v26
2026-10-07T07:54:55.4842657Z ##[endgroup]
2026-10-07T07:54:55.4844467Z ##[group]Determining the checkout info
2026-10-07T07:54:55.4846524Z ##[endgroup]
2026-10-07T07:54:55.4852695Z [command]/usr/bin/git sparse-checkout disable
2026-10-07T07:54:55.4914875Z [command]/usr/bin/git config --local --unset-all extensions.worktreeConfig
2026-10-07T07:54:55.4954324Z ##[group]Checking out the ref
2026-10-07T07:54:55.4960856Z [command]/usr/bin/git checkout --progress --force -B research-daily-breakdown-account-v26 refs/remotes/origin/research-daily-breakdown-account-v26
2026-10-07T07:54:55.7340958Z Switched to a new branch 'research-daily-breakdown-account-v26'
2026-10-07T07:54:55.7347375Z branch 'research-daily-breakdown-account-v26' set up to track 'origin/research-daily-breakdown-account-v26'.
2026-10-07T07:54:55.7359216Z ##[endgroup]
2026-10-07T07:54:55.7409804Z [command]/usr/bin/git log -1 --format=%H
2026-10-07T07:54:55.7439624Z 6ca61ce31e15ffebf6b08e4ae786210d2d2f77ca
2026-10-07T07:54:55.7821468Z ##[group]Run actions/setup-python@v5
2026-10-07T07:54:55.7823148Z with:
2026-10-07T07:54:55.7824121Z   python-version: 3.12
2026-10-07T07:54:55.7825198Z   check-latest: false
2026-10-07T07:54:55.7834991Z   token: ***
2026-10-07T07:54:55.7836019Z   update-environment: true
2026-10-07T07:54:55.7837157Z   allow-prereleases: false
2026-10-07T07:54:55.7838337Z   freethreaded: false
2026-10-07T07:54:55.7839346Z env:
2026-10-07T07:54:55.7848791Z   GH_TOKEN: ***
2026-10-07T07:54:55.7849756Z ##[endgroup]
2026-10-07T07:54:55.9430501Z ##[group]Installed versions
2026-10-07T07:54:55.9531289Z (node:2275) [DEP0040] DeprecationWarning: The `punycode` module is deprecated. Please use a userland alternative instead.
2026-10-07T07:54:55.9533446Z (Use `node --trace-deprecation ...` to show where the warning was created)
2026-10-07T07:54:55.9534916Z Successfully set up CPython (3.12.14)
2026-10-07T07:54:55.9536758Z ##[endgroup]
2026-10-07T07:54:55.9783096Z ##[group]Run set -euo pipefail
2026-10-07T07:54:55.9783987Z [36;1mset -euo pipefail[0m
2026-10-07T07:54:55.9784816Z [36;1mpip install pandas==2.3.3 numpy==2.3.3 numba==0.62.1 requests==2.32.5[0m
2026-10-07T07:54:56.0144356Z shell: /usr/bin/bash -e {0}
2026-10-07T07:54:56.0145336Z env:
2026-10-07T07:54:56.0151763Z   GH_TOKEN: ***
2026-10-07T07:54:56.0152963Z   pythonLocation: /opt/hostedtoolcache/Python/3.12.14/x64
2026-10-07T07:54:56.0154333Z   PKG_CONFIG_PATH: /opt/hostedtoolcache/Python/3.12.14/x64/lib/pkgconfig
2026-10-07T07:54:56.0155673Z   Python_ROOT_DIR: /opt/hostedtoolcache/Python/3.12.14/x64
2026-10-07T07:54:56.0156730Z   Python2_ROOT_DIR: /opt/hostedtoolcache/Python/3.12.14/x64
2026-10-07T07:54:56.0157733Z   Python3_ROOT_DIR: /opt/hostedtoolcache/Python/3.12.14/x64
2026-10-07T07:54:56.0158750Z   LD_LIBRARY_PATH: /opt/hostedtoolcache/Python/3.12.14/x64/lib
2026-10-07T07:54:56.0159644Z ##[endgroup]
2026-10-07T07:54:57.0985907Z Collecting pandas==2.3.3
2026-10-07T07:54:57.1511779Z   Downloading pandas-2.3.3-cp312-cp312-manylinux_2_24_x86_64.manylinux_2_28_x86_64.whl.metadata (91 kB)
2026-10-07T07:54:57.4082764Z Collecting numpy==2.3.3
2026-10-07T07:54:57.4144048Z   Downloading numpy-2.3.3-cp312-cp312-manylinux_2_27_x86_64.manylinux_2_28_x86_64.whl.metadata (62 kB)
2026-10-07T07:54:57.5250670Z Collecting numba==0.62.1
2026-10-07T07:54:57.5300352Z   Downloading numba-0.62.1-cp312-cp312-manylinux2014_x86_64.manylinux_2_17_x86_64.whl.metadata (2.8 kB)
2026-10-07T07:54:57.5509571Z Collecting requests==2.32.5
2026-10-07T07:54:57.5566295Z   Downloading requests-2.32.5-py3-none-any.whl.metadata (4.9 kB)
2026-10-07T07:54:57.5835581Z Collecting python-dateutil>=2.8.2 (from pandas==2.3.3)
2026-10-07T07:54:57.5875702Z   Downloading python_dateutil-2.9.0.post0-py2.py3-none-any.whl.metadata (8.4 kB)
2026-10-07T07:54:57.6221405Z Collecting pytz>=2020.1 (from pandas==2.3.3)
2026-10-07T07:54:57.6351262Z   Downloading pytz-2026.5-py2.py3-none-any.whl.metadata (22 kB)
2026-10-07T07:54:57.6508060Z Collecting tzdata>=2022.7 (from pandas==2.3.3)
2026-10-07T07:54:57.6558607Z   Downloading tzdata-2026.5-py2.py3-none-any.whl.metadata (1.4 kB)
2026-10-07T07:54:57.7086783Z Collecting llvmlite<0.46,>=0.45.0dev0 (from numba==0.62.1)
2026-10-07T07:54:57.7143405Z   Downloading llvmlite-0.45.1-cp312-cp312-manylinux2014_x86_64.manylinux_2_17_x86_64.whl.metadata (4.9 kB)
2026-10-07T07:54:57.8402822Z Collecting charset_normalizer<4,>=2 (from requests==2.32.5)
2026-10-07T07:54:57.8450015Z   Downloading charset_normalizer-3.5.2-cp312-cp312-manylinux2014_x86_64.manylinux_2_17_x86_64.manylinux_2_28_x86_64.whl.metadata (46 kB)
2026-10-07T07:54:57.8623806Z Collecting idna<4,>=2.5 (from requests==2.32.5)
2026-10-07T07:54:57.8669511Z   Downloading idna-3.20-py3-none-any.whl.metadata (7.2 kB)
2026-10-07T07:54:57.8897845Z Collecting urllib3<3,>=1.21.1 (from requests==2.32.5)
2026-10-07T07:54:57.8938646Z   Downloading urllib3-2.8.0-py3-none-any.whl.metadata (7.4 kB)
2026-10-07T07:54:57.9132685Z Collecting certifi>=2017.4.17 (from requests==2.32.5)
2026-10-07T07:54:57.9172193Z   Downloading certifi-2026.7.22-py3-none-any.whl.metadata (2.5 kB)
2026-10-07T07:54:57.9327290Z Collecting six>=1.5 (from python-dateutil>=2.8.2->pandas==2.3.3)
2026-10-07T07:54:57.9367489Z   Downloading six-1.17.0-py2.py3-none-any.whl.metadata (1.7 kB)
2026-10-07T07:54:57.9457437Z Downloading pandas-2.3.3-cp312-cp312-manylinux_2_24_x86_64.manylinux_2_28_x86_64.whl (12.4 MB)
2026-10-07T07:54:58.0460876Z    ━━━━━━━━━━━━━━━━━━━━━━━━━━━━━━━━━━━━━━━━ 12.4/12.4 MB 129.5 MB/s  0:00:00
2026-10-07T07:54:58.0534546Z Downloading numpy-2.3.3-cp312-cp312-manylinux_2_27_x86_64.manylinux_2_28_x86_64.whl (16.6 MB)
2026-10-07T07:54:58.1303839Z    ━━━━━━━━━━━━━━━━━━━━━━━━━━━━━━━━━━━━━━━━ 16.6/16.6 MB 222.3 MB/s  0:00:00
2026-10-07T07:54:58.1371190Z Downloading numba-0.62.1-cp312-cp312-manylinux2014_x86_64.manylinux_2_17_x86_64.whl (3.8 MB)
2026-10-07T07:54:58.1552745Z    ━━━━━━━━━━━━━━━━━━━━━━━━━━━━━━━━━━━━━━━━ 3.8/3.8 MB 230.7 MB/s  0:00:00
2026-10-07T07:54:58.1594060Z Downloading requests-2.32.5-py3-none-any.whl (64 kB)
2026-10-07T07:54:58.1658875Z Downloading charset_normalizer-3.5.2-cp312-cp312-manylinux2014_x86_64.manylinux_2_17_x86_64.manylinux_2_28_x86_64.whl (257 kB)
2026-10-07T07:54:58.1727544Z Downloading idna-3.20-py3-none-any.whl (69 kB)
2026-10-07T07:54:58.1820883Z Downloading llvmlite-0.45.1-cp312-cp312-manylinux2014_x86_64.manylinux_2_17_x86_64.whl (56.3 MB)
2026-10-07T07:54:58.4726121Z    ━━━━━━━━━━━━━━━━━━━━━━━━━━━━━━━━━━━━━━━━ 56.3/56.3 MB 195.0 MB/s  0:00:00
2026-10-07T07:54:58.4768757Z Downloading urllib3-2.8.0-py3-none-any.whl (135 kB)
2026-10-07T07:54:58.4833368Z Downloading certifi-2026.7.22-py3-none-any.whl (136 kB)
2026-10-07T07:54:58.4896472Z Downloading python_dateutil-2.9.0.post0-py2.py3-none-any.whl (229 kB)
2026-10-07T07:54:58.4961431Z Downloading pytz-2026.5-py2.py3-none-any.whl (506 kB)
2026-10-07T07:54:58.5032844Z Downloading six-1.17.0-py2.py3-none-any.whl (11 kB)
2026-10-07T07:54:58.5091008Z Downloading tzdata-2026.5-py2.py3-none-any.whl (347 kB)
2026-10-07T07:54:58.7571416Z Installing collected packages: pytz, urllib3, tzdata, six, numpy, llvmlite, idna, charset_normalizer, certifi, requests, python-dateutil, numba, pandas
2026-10-07T07:55:09.7952886Z 
2026-10-07T07:55:09.7972719Z Successfully installed certifi-2026.7.22 charset_normalizer-3.5.2 idna-3.20 llvmlite-0.45.1 numba-0.62.1 numpy-2.3.3 pandas-2.3.3 python-dateutil-2.9.0.post0 pytz-2026.5 requests-2.32.5 six-1.17.0 tzdata-2026.5 urllib3-2.8.0
2026-10-07T07:55:09.8913345Z ##[group]Run set -euo pipefail
2026-10-07T07:55:09.8913694Z [36;1mset -euo pipefail[0m
2026-10-07T07:55:09.8914365Z [36;1mpython -m py_compile scripts/daily_breakdown_account_v26.py scripts/validate_daily_breakdown_account_v26.py scripts/research_account_checkpoint_v26.py[0m
2026-10-07T07:55:09.8915228Z [36;1mpython scripts/validate_daily_breakdown_account_v26.py 2>&1 | tee v26-tests.log[0m
2026-10-07T07:55:09.8915799Z [36;1mpython scripts/psar_chronology_smoke.py 2>&1 | tee chronology-smoke.log[0m
2026-10-07T07:55:09.8916435Z [36;1mpython scripts/research_account_checkpoint_v26.py --self-test 2>&1 | tee checkpoint-selftest.log[0m
2026-10-07T07:55:09.8917223Z [36;1mpython scripts/smoke_daily_breakdown_v26.py synthetic-v26 2>&1 | tee account-pipeline-smoke.log[0m
2026-10-07T07:55:09.8986404Z shell: /usr/bin/bash --noprofile --norc -e -o pipefail {0}
2026-10-07T07:55:09.8986764Z env:
2026-10-07T07:55:09.8989619Z   GH_TOKEN: ***
2026-10-07T07:55:09.8989967Z   pythonLocation: /opt/hostedtoolcache/Python/3.12.14/x64
2026-10-07T07:55:09.8990435Z   PKG_CONFIG_PATH: /opt/hostedtoolcache/Python/3.12.14/x64/lib/pkgconfig
2026-10-07T07:55:09.8990880Z   Python_ROOT_DIR: /opt/hostedtoolcache/Python/3.12.14/x64
2026-10-07T07:55:09.8991274Z   Python2_ROOT_DIR: /opt/hostedtoolcache/Python/3.12.14/x64
2026-10-07T07:55:09.8991661Z   Python3_ROOT_DIR: /opt/hostedtoolcache/Python/3.12.14/x64
2026-10-07T07:55:09.8992053Z   LD_LIBRARY_PATH: /opt/hostedtoolcache/Python/3.12.14/x64/lib
2026-10-07T07:55:09.8992657Z ##[endgroup]
2026-10-07T07:55:10.6267170Z V26_FROZEN_COHORT_AND_ORIGINAL_LEDGER_CONTRACT_PASS
2026-10-07T07:55:11.0655543Z V26_REGISTERED_SUITE_SIZE 593
2026-10-07T07:55:11.0878040Z test_account_audit_rejects_cash_or_calendar_corruption (test_daily_breakdown_account_v26.V26Tests.test_account_audit_rejects_cash_or_calendar_corruption) ... ok
2026-10-07T07:55:11.0904163Z test_actual_eight_shard_market_adapter_accepts_complete_catalogue (test_daily_breakdown_account_v26.V26Tests.test_actual_eight_shard_market_adapter_accepts_complete_catalogue) ... ok
2026-10-07T07:55:11.0924394Z test_duplicate_canonical_intents_rejected (test_daily_breakdown_account_v26.V26Tests.test_duplicate_canonical_intents_rejected) ... ok
2026-10-07T07:55:11.1053273Z test_global_catalogue_detects_shard_omission_bytes_duplicate_and_btc (test_daily_breakdown_account_v26.V26Tests.test_global_catalogue_detects_shard_omission_bytes_duplicate_and_btc) ... ok
2026-10-07T07:55:11.1060874Z test_incomplete_64_scenario_result_set_fails (test_daily_breakdown_account_v26.V26Tests.test_incomplete_64_scenario_result_set_fails) ... ok
2026-10-07T07:55:11.1139279Z test_kst_dates_at_utc_fifteen_hour_boundary (test_daily_breakdown_account_v26.V26Tests.test_kst_dates_at_utc_fifteen_hour_boundary) ... ok
2026-10-07T07:55:11.1155618Z test_missing_original_and_combined_shards_rejected (test_daily_breakdown_account_v26.V26Tests.test_missing_original_and_combined_shards_rejected) ... ok
2026-10-07T07:55:11.3042800Z test_new_gate_listing_is_not_discarded_by_dev_listing_cutoff (test_daily_breakdown_account_v26.V26Tests.test_new_gate_listing_is_not_discarded_by_dev_listing_cutoff) ... V26_GATE_PROGRESS 1 1 0
2026-10-07T07:55:11.3067811Z V26_GATE_DIAGNOSTIC_COMPLETE 0 0
2026-10-07T07:55:11.3079710Z ok
2026-10-07T07:55:11.3138865Z test_no_positive_date_or_zero_trades_has_no_fake_concentration (test_daily_breakdown_account_v26.V26Tests.test_no_positive_date_or_zero_trades_has_no_fake_concentration) ... ok
2026-10-07T07:55:11.3879562Z test_original_eight_shard_filter_preserves_rejection (test_daily_breakdown_account_v26.V26Tests.test_original_eight_shard_filter_preserves_rejection) ... V26_ORIGINAL_DEV_HASH_AND_COHORT_PASS 8
2026-10-07T07:55:11.3903147Z ok
2026-10-07T07:55:11.4458397Z test_original_tampering_fails_before_replay (test_daily_breakdown_account_v26.V26Tests.test_original_tampering_fails_before_replay) ... ok
2026-10-07T07:55:11.4644037Z test_real_account_seven_day_trade_budget_cash_and_calendar (test_daily_breakdown_account_v26.V26Tests.test_real_account_seven_day_trade_budget_cash_and_calendar) ... ok
2026-10-07T07:55:11.4647233Z test_registered_whole_short_slice (test_daily_breakdown_account_v26.V26Tests.test_registered_whole_short_slice) ... ok
2026-10-07T07:55:11.4656712Z test_registry_rejects_posthoc_threshold_change (test_daily_breakdown_account_v26.V26Tests.test_registry_rejects_posthoc_threshold_change) ... ok
2026-10-07T07:55:11.4717719Z test_reused_original_gate_has_exact_byte_identity (test_daily_breakdown_account_v26.V26Tests.test_reused_original_gate_has_exact_byte_identity) ... V26_ORIGINAL_GATE_SHARD_REUSE_HASH_PASS 0 1
2026-10-07T07:55:11.4719560Z ok
2026-10-07T07:55:11.4815044Z test_reused_original_gate_rejects_changed_ledger_meta_and_run (test_daily_breakdown_account_v26.V26Tests.test_reused_original_gate_rejects_changed_ledger_meta_and_run) ... ok
2026-10-07T07:55:11.4993705Z test_split_chronology_and_week_budget (test_daily_breakdown_account_v26.V26Tests.test_split_chronology_and_week_budget) ... ok
2026-10-07T07:55:11.5064364Z test_split_end_flat_price_still_charges_adverse_fill_and_fees (test_daily_breakdown_account_v26.V26Tests.test_split_end_flat_price_still_charges_adverse_fill_and_fees) ... ok
2026-10-07T07:55:11.5119855Z test_trade_count_and_date_count_expose_clustering (test_daily_breakdown_account_v26.V26Tests.test_trade_count_and_date_count_expose_clustering) ... ok
2026-10-07T07:55:11.5164097Z test_valid_actual_risk_row_and_independent_exit (test_daily_breakdown_account_v26.V26Tests.test_valid_actual_risk_row_and_independent_exit) ... ok
2026-10-07T07:55:11.5360259Z test_actual_adverse_open_gap_is_retained_in_stop_and_risk (test_daily_channel_breakout_v25.DailyChannelV25Tests.test_actual_adverse_open_gap_is_retained_in_stop_and_risk) ... ok
2026-10-07T07:55:11.5636430Z test_breakout_onset_blocks_continued_same_direction (test_daily_channel_breakout_v25.DailyChannelV25Tests.test_breakout_onset_blocks_continued_same_direction) ... ok
2026-10-07T07:55:11.5905423Z test_btc_alignment_rejects_opposed_or_unavailable_regime (test_daily_channel_breakout_v25.DailyChannelV25Tests.test_btc_alignment_rejects_opposed_or_unavailable_regime) ... ok
2026-10-07T07:55:11.6153560Z test_btc_regime_matches_exact_daily_time_without_fill (test_daily_channel_breakout_v25.DailyChannelV25Tests.test_btc_regime_matches_exact_daily_time_without_fill) ... ok
2026-10-07T07:55:11.6263497Z test_complete_utc_day_has_exact_96_bars (test_daily_channel_breakout_v25.DailyChannelV25Tests.test_complete_utc_day_has_exact_96_bars) ... ok
2026-10-07T07:55:11.6536732Z test_current_day_high_cannot_raise_breakout_channel_or_atr (test_daily_channel_breakout_v25.DailyChannelV25Tests.test_current_day_high_cannot_raise_breakout_channel_or_atr) ... ok
2026-10-07T07:55:11.6648477Z test_duplicate_timestamp_is_rejected (test_daily_channel_breakout_v25.DailyChannelV25Tests.test_duplicate_timestamp_is_rejected) ... ok
2026-10-07T07:55:11.6650724Z test_engine_globals_restore_even_on_failure (test_daily_channel_breakout_v25.DailyChannelV25Tests.test_engine_globals_restore_even_on_failure) ... ok
2026-10-07T07:55:11.6658867Z test_frozen_grid_holds_and_targets (test_daily_channel_breakout_v25.DailyChannelV25Tests.test_frozen_grid_holds_and_targets) ... ok
2026-10-07T07:55:11.7000593Z test_future_ohlc_perturbation_cannot_change_old_intent (test_daily_channel_breakout_v25.DailyChannelV25Tests.test_future_ohlc_perturbation_cannot_change_old_intent) ... ok
2026-10-07T07:55:11.7188553Z test_incomplete_last_day_cannot_signal (test_daily_channel_breakout_v25.DailyChannelV25Tests.test_incomplete_last_day_cannot_signal) ... ok
2026-10-07T07:55:11.7463976Z test_liquidity_and_observed_age_are_causal (test_daily_channel_breakout_v25.DailyChannelV25Tests.test_liquidity_and_observed_age_are_causal) ... ok
2026-10-07T07:55:11.7807522Z test_missing_bar_invalidates_day_and_channels (test_daily_channel_breakout_v25.DailyChannelV25Tests.test_missing_bar_invalidates_day_and_channels) ... ok
2026-10-07T07:55:11.8061948Z test_missing_day_restarts_rolling_history (test_daily_channel_breakout_v25.DailyChannelV25Tests.test_missing_day_restarts_rolling_history) ... ok
2026-10-07T07:55:11.8250200Z test_partial_first_day_cannot_seed_rolls (test_daily_channel_breakout_v25.DailyChannelV25Tests.test_partial_first_day_cannot_seed_rolls) ... ok
2026-10-07T07:55:11.8419930Z test_policy_target_uses_actual_risk_and_all_registered_holds (test_daily_channel_breakout_v25.DailyChannelV25Tests.test_policy_target_uses_actual_risk_and_all_registered_holds) ... ok
2026-10-07T07:55:11.8590485Z test_real_canonical_timeout_and_gap_contract_for_week_hold (test_daily_channel_breakout_v25.DailyChannelV25Tests.test_real_canonical_timeout_and_gap_contract_for_week_hold) ... ok
2026-10-07T07:55:11.8759380Z test_short_breakout_symmetry (test_daily_channel_breakout_v25.DailyChannelV25Tests.test_short_breakout_symmetry) ... ok
2026-10-07T07:55:11.8926774Z test_signal_next_utc_open_and_prior_only_atr_channel (test_daily_channel_breakout_v25.DailyChannelV25Tests.test_signal_next_utc_open_and_prior_only_atr_channel) ... ok
2026-10-07T07:55:11.9092136Z test_stop_cap_is_an_explicit_exclusion (test_daily_channel_breakout_v25.DailyChannelV25Tests.test_stop_cap_is_an_explicit_exclusion) ... ok
2026-10-07T07:55:11.9096359Z test_attempt_and_failure_must_be_distinct (test_failed_resumption_reversal_v24.FailedResumptionReversalV24Tests.test_attempt_and_failure_must_be_distinct) ... ok
2026-10-07T07:55:11.9100012Z test_frozen_grid (test_failed_resumption_reversal_v24.FailedResumptionReversalV24Tests.test_frozen_grid) ... ok
2026-10-07T07:55:11.9190808Z test_future_prices_do_not_change_seed (test_failed_resumption_reversal_v24.FailedResumptionReversalV24Tests.test_future_prices_do_not_change_seed) ... ok
2026-10-07T07:55:11.9236957Z test_gap_through_structural_stop_is_not_moved_past_entry (test_failed_resumption_reversal_v24.FailedResumptionReversalV24Tests.test_gap_through_structural_stop_is_not_moved_past_entry) ... ok
2026-10-07T07:55:11.9283588Z test_long_path_failure_qualifies_and_reverses_short (test_failed_resumption_reversal_v24.FailedResumptionReversalV24Tests.test_long_path_failure_qualifies_and_reverses_short) ... ok
2026-10-07T07:55:11.9287233Z test_opposite_flow_required_only_for_flow_variant (test_failed_resumption_reversal_v24.FailedResumptionReversalV24Tests.test_opposite_flow_required_only_for_flow_variant) ... ok
2026-10-07T07:55:11.9332805Z test_short_path_failure_qualifies_and_reverses_long (test_failed_resumption_reversal_v24.FailedResumptionReversalV24Tests.test_short_path_failure_qualifies_and_reverses_long) ... ok
2026-10-07T07:55:11.9336144Z test_deep_pause_rejected (test_path_efficiency_resumption_v23.PathEfficiencyResumptionV23Tests.test_deep_pause_rejected) ... ok
2026-10-07T07:55:11.9340002Z test_flow55_and_price_only (test_path_efficiency_resumption_v23.PathEfficiencyResumptionV23Tests.test_flow55_and_price_only) ... ok
2026-10-07T07:55:11.9344516Z test_frozen_grid (test_path_efficiency_resumption_v23.PathEfficiencyResumptionV23Tests.test_frozen_grid) ... ok
2026-10-07T07:55:11.9423538Z test_future_prices_do_not_change_seed (test_path_efficiency_resumption_v23.PathEfficiencyResumptionV23Tests.test_future_prices_do_not_change_seed) ... ok
2026-10-07T07:55:11.9427158Z test_one_bar_dominance_rejected (test_path_efficiency_resumption_v23.PathEfficiencyResumptionV23Tests.test_one_bar_dominance_rejected) ... ok
2026-10-07T07:55:11.9433875Z test_scan_forwards_context_and_restores_engine (test_path_efficiency_resumption_v23.PathEfficiencyResumptionV23Tests.test_scan_forwards_context_and_restores_engine) ... ok
2026-10-07T07:55:11.9436513Z test_smooth_long_qualifies (test_path_efficiency_resumption_v23.PathEfficiencyResumptionV23Tests.test_smooth_long_qualifies) ... ok
2026-10-07T07:55:11.9439757Z test_symmetric_short_qualifies (test_path_efficiency_resumption_v23.PathEfficiencyResumptionV23Tests.test_symmetric_short_qualifies) ... ok
2026-10-07T07:55:11.9444063Z test_adverse_gap_retained (test_fragmented_chase_exhaustion_v22.TestFragmentedChaseExhaustionV22.test_adverse_gap_retained) ... ok
2026-10-07T07:55:11.9446805Z test_btc_context_uses_source_loader_not_trade_count_validator (test_fragmented_chase_exhaustion_v22.TestFragmentedChaseExhaustionV22.test_btc_context_uses_source_loader_not_trade_count_validator) ... ok
2026-10-07T07:55:11.9449507Z test_confirmation_adverse_extension_limit (test_fragmented_chase_exhaustion_v22.TestFragmentedChaseExhaustionV22.test_confirmation_adverse_extension_limit) ... ok
2026-10-07T07:55:11.9451924Z test_confirmation_is_separate_closed_bar (test_fragmented_chase_exhaustion_v22.TestFragmentedChaseExhaustionV22.test_confirmation_is_separate_closed_bar) ... ok
2026-10-07T07:55:11.9454322Z test_favorable_gap_excluded (test_fragmented_chase_exhaustion_v22.TestFragmentedChaseExhaustionV22.test_favorable_gap_excluded) ... ok
2026-10-07T07:55:11.9519861Z test_features_are_shifted_and_reset_on_gap (test_fragmented_chase_exhaustion_v22.TestFragmentedChaseExhaustionV22.test_features_are_shifted_and_reset_on_gap) ... ok
2026-10-07T07:55:11.9522072Z test_fragmentation_is_mandatory (test_fragmented_chase_exhaustion_v22.TestFragmentedChaseExhaustionV22.test_fragmentation_is_mandatory) ... ok
2026-10-07T07:55:11.9527074Z test_future_perturbation_does_not_change_intent (test_fragmented_chase_exhaustion_v22.TestFragmentedChaseExhaustionV22.test_future_perturbation_does_not_change_intent) ... ok
2026-10-07T07:55:11.9529250Z test_gap_breaks_confirmation_path (test_fragmented_chase_exhaustion_v22.TestFragmentedChaseExhaustionV22.test_gap_breaks_confirmation_path) ... ok
2026-10-07T07:55:11.9531957Z test_grid (test_fragmented_chase_exhaustion_v22.TestFragmentedChaseExhaustionV22.test_grid) ... ok
2026-10-07T07:55:11.9535834Z test_long_after_down_chase (test_fragmented_chase_exhaustion_v22.TestFragmentedChaseExhaustionV22.test_long_after_down_chase) ... ok
2026-10-07T07:55:11.9537861Z test_noninteger_trade_count_rejected (test_fragmented_chase_exhaustion_v22.TestFragmentedChaseExhaustionV22.test_noninteger_trade_count_rejected) ... ok
2026-10-07T07:55:11.9540485Z test_outer_quartile_close (test_fragmented_chase_exhaustion_v22.TestFragmentedChaseExhaustionV22.test_outer_quartile_close) ... ok
2026-10-07T07:55:11.9545315Z test_scan_forwards_v22_frozen_context_by_default (test_fragmented_chase_exhaustion_v22.TestFragmentedChaseExhaustionV22.test_scan_forwards_v22_frozen_context_by_default) ... ok
2026-10-07T07:55:11.9548779Z test_short_after_up_chase (test_fragmented_chase_exhaustion_v22.TestFragmentedChaseExhaustionV22.test_short_after_up_chase) ... ok
2026-10-07T07:55:11.9551236Z test_taker_flow_gate (test_fragmented_chase_exhaustion_v22.TestFragmentedChaseExhaustionV22.test_taker_flow_gate) ... ok
2026-10-07T07:55:11.9554244Z test_trade_count_explosion_is_mandatory (test_fragmented_chase_exhaustion_v22.TestFragmentedChaseExhaustionV22.test_trade_count_explosion_is_mandatory) ... ok
2026-10-07T07:55:11.9556665Z test_turnover_gate (test_fragmented_chase_exhaustion_v22.TestFragmentedChaseExhaustionV22.test_turnover_gate) ... ok
2026-10-07T07:55:11.9591910Z test_zero_trade_bar_is_excluded_and_resets_rolling_baselines (test_fragmented_chase_exhaustion_v22.TestFragmentedChaseExhaustionV22.test_zero_trade_bar_is_excluded_and_resets_rolling_baselines) ... ok
2026-10-07T07:55:11.9645312Z test_404_checksum_failure_and_transient_are_not_imputed (test_mark_price_archive_v21.MarkArchiveTests.test_404_checksum_failure_and_transient_are_not_imputed) ... ok
2026-10-07T07:55:11.9906543Z test_each_verified_cache_component_corruption_fails_without_redownload (test_mark_price_archive_v21.MarkArchiveTests.test_each_verified_cache_component_corruption_fails_without_redownload) ... ok
2026-10-07T07:55:11.9999215Z test_exact_alignment_missing_month_and_stage_cut (test_mark_price_archive_v21.MarkArchiveTests.test_exact_alignment_missing_month_and_stage_cut) ... ok
2026-10-07T07:55:12.0011464Z test_future_mark_values_cannot_change_prior_alignment (test_mark_price_archive_v21.MarkArchiveTests.test_future_mark_values_cannot_change_prior_alignment) ... ok
2026-10-07T07:55:12.0067108Z test_header_and_headerless_arrays_agree (test_mark_price_archive_v21.MarkArchiveTests.test_header_and_headerless_arrays_agree) ... ok
2026-10-07T07:55:12.0203341Z test_invalid_width_header_timestamp_geometry_and_nonpositive_values_fail (test_mark_price_archive_v21.MarkArchiveTests.test_invalid_width_header_timestamp_geometry_and_nonpositive_values_fail) ... ok
2026-10-07T07:55:12.0278116Z test_original_checksum_npz_and_verified_cache_are_immutable (test_mark_price_archive_v21.MarkArchiveTests.test_original_checksum_npz_and_verified_cache_are_immutable) ... ok
2026-10-07T07:55:12.0289211Z test_close_tolerance_rejection_and_failed_direction_flow_are_hard (test_contract_mark_dislocation_v21.ContractMarkTests.test_close_tolerance_rejection_and_failed_direction_flow_are_hard) ... ok
2026-10-07T07:55:12.0298145Z test_favorable_gap_excluded_adverse_gap_retained (test_contract_mark_dislocation_v21.ContractMarkTests.test_favorable_gap_excluded_adverse_gap_retained) ... ok
2026-10-07T07:55:12.0301733Z test_fixed_intent_cooldown_is_outcome_independent (test_contract_mark_dislocation_v21.ContractMarkTests.test_fixed_intent_cooldown_is_outcome_independent) ... ok
2026-10-07T07:55:12.0305632Z test_frozen_grid_is_16_entries_and_96_unique_policies (test_contract_mark_dislocation_v21.ContractMarkTests.test_frozen_grid_is_16_entries_and_96_unique_policies) ... ok
2026-10-07T07:55:12.0310090Z test_future_data_does_not_change_existing_intent (test_contract_mark_dislocation_v21.ContractMarkTests.test_future_data_does_not_change_existing_intent) ... ok
2026-10-07T07:55:12.0317553Z test_mark_reference_shock_missing_alignment_and_volume_fail (test_contract_mark_dislocation_v21.ContractMarkTests.test_mark_reference_shock_missing_alignment_and_volume_fail) ... ok
2026-10-07T07:55:12.0320762Z test_mark_target_wrong_side_is_excluded_not_repurposed (test_contract_mark_dislocation_v21.ContractMarkTests.test_mark_target_wrong_side_is_excluded_not_repurposed) ... ok
2026-10-07T07:55:12.0326928Z test_mirrored_contract_only_excursion (test_contract_mark_dislocation_v21.ContractMarkTests.test_mirrored_contract_only_excursion) ... ok
2026-10-07T07:55:12.0333642Z test_next_open_actual_fill_stop_floor_and_cap (test_contract_mark_dislocation_v21.ContractMarkTests.test_next_open_actual_fill_stop_floor_and_cap) ... ok
2026-10-07T07:55:12.0340167Z test_policy_targets_and_shared_resolver (test_contract_mark_dislocation_v21.ContractMarkTests.test_policy_targets_and_shared_resolver) ... ok
2026-10-07T07:55:12.0341693Z test_three_year_95_percent_coverage_gate (test_contract_mark_dislocation_v21.ContractMarkTests.test_three_year_95_percent_coverage_gate) ... ok
2026-10-07T07:55:12.0345419Z test_adverse_gap_is_retained (test_session_opening_range_sweep_v20.TestSessionOpeningRangeSweepV20.test_adverse_gap_is_retained) ... ok
2026-10-07T07:55:12.0347746Z test_balance_close_must_stay_inside (test_session_opening_range_sweep_v20.TestSessionOpeningRangeSweepV20.test_balance_close_must_stay_inside) ... ok
2026-10-07T07:55:12.0350187Z test_balance_must_cross_both_sides_of_vwap (test_session_opening_range_sweep_v20.TestSessionOpeningRangeSweepV20.test_balance_must_cross_both_sides_of_vwap) ... ok
2026-10-07T07:55:12.0352759Z test_close_outside_is_not_a_sweep (test_session_opening_range_sweep_v20.TestSessionOpeningRangeSweepV20.test_close_outside_is_not_a_sweep) ... ok
2026-10-07T07:55:12.0355268Z test_decisive_reentry_gate (test_session_opening_range_sweep_v20.TestSessionOpeningRangeSweepV20.test_decisive_reentry_gate) ... ok
2026-10-07T07:55:12.0358313Z test_entry_is_next_contiguous_open (test_session_opening_range_sweep_v20.TestSessionOpeningRangeSweepV20.test_entry_is_next_contiguous_open) ... ok
2026-10-07T07:55:12.0361021Z test_favorable_gap_over_half_percent_is_excluded (test_session_opening_range_sweep_v20.TestSessionOpeningRangeSweepV20.test_favorable_gap_over_half_percent_is_excluded) ... ok
2026-10-07T07:55:12.0365067Z test_future_perturbation_does_not_change_intent (test_session_opening_range_sweep_v20.TestSessionOpeningRangeSweepV20.test_future_perturbation_does_not_change_intent) ... ok
2026-10-07T07:55:12.0369140Z test_grid_has_16_entries_and_96_policies (test_session_opening_range_sweep_v20.TestSessionOpeningRangeSweepV20.test_grid_has_16_entries_and_96_policies) ... ok
2026-10-07T07:55:12.0371656Z test_lower_sweep_creates_long_reversal (test_session_opening_range_sweep_v20.TestSessionOpeningRangeSweepV20.test_lower_sweep_creates_long_reversal) ... ok
2026-10-07T07:55:12.0373942Z test_minimum_width_is_enforced (test_session_opening_range_sweep_v20.TestSessionOpeningRangeSweepV20.test_minimum_width_is_enforced) ... ok
2026-10-07T07:55:12.0376124Z test_shifted_volume_gate (test_session_opening_range_sweep_v20.TestSessionOpeningRangeSweepV20.test_shifted_volume_gate) ... ok
2026-10-07T07:55:12.0379137Z test_stop_floor_and_frozen_targets (test_session_opening_range_sweep_v20.TestSessionOpeningRangeSweepV20.test_stop_floor_and_frozen_targets) ... ok
2026-10-07T07:55:12.0381527Z test_sweep_expires_after_four_bars (test_session_opening_range_sweep_v20.TestSessionOpeningRangeSweepV20.test_sweep_expires_after_four_bars) ... ok
2026-10-07T07:55:12.0384222Z test_swept_direction_taker_flow_gate (test_session_opening_range_sweep_v20.TestSessionOpeningRangeSweepV20.test_swept_direction_taker_flow_gate) ... ok
2026-10-07T07:55:12.0386590Z test_upper_sweep_creates_short_reversal (test_session_opening_range_sweep_v20.TestSessionOpeningRangeSweepV20.test_upper_sweep_creates_short_reversal) ... ok
2026-10-07T07:55:12.0388750Z test_wick_penetration_gate (test_session_opening_range_sweep_v20.TestSessionOpeningRangeSweepV20.test_wick_penetration_gate) ... ok
2026-10-07T07:55:12.0390747Z test_width_cap_is_enforced (test_session_opening_range_sweep_v20.TestSessionOpeningRangeSweepV20.test_width_cap_is_enforced) ... ok
2026-10-07T07:55:12.0399817Z test_breadth_alignment_rejects_low_universe (test_session_opening_impulse_v18.GridFeatureBreadthTests.test_breadth_alignment_rejects_low_universe) ... ok
2026-10-07T07:55:12.0408792Z test_breadth_counts_only_second_opening_bar (test_session_opening_impulse_v18.GridFeatureBreadthTests.test_breadth_counts_only_second_opening_bar) ... ok
2026-10-07T07:55:12.0413919Z test_exact_frozen_grid (test_session_opening_impulse_v18.GridFeatureBreadthTests.test_exact_frozen_grid) ... ok
2026-10-07T07:55:12.0416015Z test_exact_preregistered_development_gates (test_session_opening_impulse_v18.GridFeatureBreadthTests.test_exact_preregistered_development_gates) ... ok
2026-10-07T07:55:12.0476772Z test_session_vwap_is_causal_and_fixed_anchor (test_session_opening_impulse_v18.GridFeatureBreadthTests.test_session_vwap_is_causal_and_fixed_anchor) ... ok
2026-10-07T07:55:12.0482795Z test_breadth_and_two_vwap_closes_are_required (test_session_opening_impulse_v18.SignalEntryExitTests.test_breadth_and_two_vwap_closes_are_required) ... ok
2026-10-07T07:55:12.0489243Z test_favourable_gap_excluded_adverse_gap_retained (test_session_opening_impulse_v18.SignalEntryExitTests.test_favourable_gap_excluded_adverse_gap_retained) ... ok
2026-10-07T07:55:12.0497768Z test_mirrored_opening_signal_pullback_and_later_confirmation (test_session_opening_impulse_v18.SignalEntryExitTests.test_mirrored_opening_signal_pullback_and_later_confirmation) ... ok
2026-10-07T07:55:12.0511563Z test_projection_and_r_targets (test_session_opening_impulse_v18.SignalEntryExitTests.test_projection_and_r_targets) ... ok
2026-10-07T07:55:12.0517952Z test_pullback_must_hold_vwap_and_remain_shallow_through_confirmation (test_session_opening_impulse_v18.SignalEntryExitTests.test_pullback_must_hold_vwap_and_remain_shallow_through_confirmation) ... ok
2026-10-07T07:55:12.0523906Z test_favourable_gap_excluded_adverse_retained (test_session_vwap_failed_auction_v17.EntryExitTests.test_favourable_gap_excluded_adverse_retained) ... ok
2026-10-07T07:55:12.0539446Z test_frozen_vwap_and_r_targets (test_session_vwap_failed_auction_v17.EntryExitTests.test_frozen_vwap_and_r_targets) ... ok
2026-10-07T07:55:12.0545284Z test_next_open_and_structural_stop (test_session_vwap_failed_auction_v17.EntryExitTests.test_next_open_and_structural_stop) ... ok
2026-10-07T07:55:12.0551979Z test_stop_floor_and_cap (test_session_vwap_failed_auction_v17.EntryExitTests.test_stop_floor_and_cap) ... ok
2026-10-07T07:55:12.0561703Z test_confirmation_body_midpoint_strength_and_path (test_session_vwap_failed_auction_v17.EventTests.test_confirmation_body_midpoint_strength_and_path) ... ok
2026-10-07T07:55:12.0569753Z test_event_filters (test_session_vwap_failed_auction_v17.EventTests.test_event_filters) ... ok
2026-10-07T07:55:12.0575219Z test_four_bar_window_inclusive (test_session_vwap_failed_auction_v17.EventTests.test_four_bar_window_inclusive) ... ok
2026-10-07T07:55:12.0579334Z test_frozen_event_vwap_survives_future_changes (test_session_vwap_failed_auction_v17.EventTests.test_frozen_event_vwap_survives_future_changes) ... ok
2026-10-07T07:55:12.0584586Z test_mirrored_sides_and_later_confirmation (test_session_vwap_failed_auction_v17.EventTests.test_mirrored_sides_and_later_confirmation) ... ok
2026-10-07T07:55:12.0587114Z test_same_bar_confirmation_is_impossible (test_session_vwap_failed_auction_v17.EventTests.test_same_bar_confirmation_is_impossible) ... ok
2026-10-07T07:55:12.0629328Z test_current_volume_not_in_rolling_median (test_session_vwap_failed_auction_v17.GridAndFeatureTests.test_current_volume_not_in_rolling_median) ... ok
2026-10-07T07:55:12.0634368Z test_exact_frozen_grid (test_session_vwap_failed_auction_v17.GridAndFeatureTests.test_exact_frozen_grid) ... ok
2026-10-07T07:55:12.0711263Z test_future_perturbation_does_not_change_prefix (test_session_vwap_failed_auction_v17.GridAndFeatureTests.test_future_perturbation_does_not_change_prefix) ... ok
2026-10-07T07:55:12.0771686Z test_gap_invalidates_new_session_until_real_anchor (test_session_vwap_failed_auction_v17.GridAndFeatureTests.test_gap_invalidates_new_session_until_real_anchor) ... ok
2026-10-07T07:55:12.0810516Z test_session_anchor_and_causal_vwap (test_session_vwap_failed_auction_v17.GridAndFeatureTests.test_session_anchor_and_causal_vwap) ... ok
2026-10-07T07:55:12.0851608Z test_independent_costs_and_R (test_breadth_pullback_reclaim_v16.AuditArithmeticContract.test_independent_costs_and_R) ... ok
2026-10-07T07:55:13.0883714Z test_source_check_inside_scan_output_real_pipeline (test_breadth_pullback_reclaim_v16.AuditArithmeticContract.test_source_check_inside_scan_output_real_pipeline) ... V16_BREADTH_MAP DEV 4 / 4
2026-10-07T07:55:13.4258315Z V16_BREADTH_MAP_DONE DEV shard 0 sources 4 rows 81793
2026-10-07T07:55:13.8048013Z V16_BREADTH_MAP DEV 4 / 4
2026-10-07T07:55:14.1402904Z V16_BREADTH_MAP_DONE DEV shard 1 sources 4 rows 81793
2026-10-07T07:55:14.5149514Z V16_BREADTH_MAP DEV 4 / 4
2026-10-07T07:55:14.8552637Z V16_BREADTH_MAP_DONE DEV shard 2 sources 4 rows 81793
2026-10-07T07:55:15.2314046Z V16_BREADTH_MAP DEV 4 / 4
2026-10-07T07:55:15.5692147Z V16_BREADTH_MAP_DONE DEV shard 3 sources 4 rows 81793
2026-10-07T07:55:15.9411148Z V16_BREADTH_MAP DEV 4 / 4
2026-10-07T07:55:16.2772046Z V16_BREADTH_MAP_DONE DEV shard 4 sources 4 rows 81793
2026-10-07T07:55:16.6498865Z V16_BREADTH_MAP DEV 4 / 4
2026-10-07T07:55:16.9920988Z V16_BREADTH_MAP_DONE DEV shard 5 sources 4 rows 81793
2026-10-07T07:55:17.3663923Z V16_BREADTH_MAP DEV 4 / 4
2026-10-07T07:55:17.7031277Z V16_BREADTH_MAP_DONE DEV shard 6 sources 4 rows 81793
2026-10-07T07:55:18.0745145Z V16_BREADTH_MAP DEV 4 / 4
2026-10-07T07:55:18.4123815Z V16_BREADTH_MAP_DONE DEV shard 7 sources 4 rows 81793
2026-10-07T07:55:19.0094293Z V16_GLOBAL_BREADTH_FROZEN DEV sources 32 rows 81793 sha256 c56f804c8948f76a8dbc514485675ee6cee2809cbdd6c3d8921afa85fcb04c75
2026-10-07T07:55:19.0957604Z V16_BREADTH_RECOVERY_SCAN DEV 4 / 4 parameterized_outcomes 0
2026-10-07T07:55:19.0992583Z V16_BREADTH_RECOVERY_SCAN_DONE DEV 0 chronology_exclusions 0
2026-10-07T07:55:19.1907090Z V16_BREADTH_RECOVERY_SCAN DEV 4 / 4 parameterized_outcomes 0
2026-10-07T07:55:19.1941107Z V16_BREADTH_RECOVERY_SCAN_DONE DEV 0 chronology_exclusions 0
2026-10-07T07:55:19.2840635Z V16_BREADTH_RECOVERY_SCAN DEV 4 / 4 parameterized_outcomes 0
2026-10-07T07:55:19.2874129Z V16_BREADTH_RECOVERY_SCAN_DONE DEV 0 chronology_exclusions 0
2026-10-07T07:55:19.3773079Z V16_BREADTH_RECOVERY_SCAN DEV 4 / 4 parameterized_outcomes 0
2026-10-07T07:55:19.3807688Z V16_BREADTH_RECOVERY_SCAN_DONE DEV 0 chronology_exclusions 0
2026-10-07T07:55:19.4710368Z V16_BREADTH_RECOVERY_SCAN DEV 4 / 4 parameterized_outcomes 0
2026-10-07T07:55:19.4744778Z V16_BREADTH_RECOVERY_SCAN_DONE DEV 0 chronology_exclusions 0
2026-10-07T07:55:19.5642099Z V16_BREADTH_RECOVERY_SCAN DEV 4 / 4 parameterized_outcomes 0
2026-10-07T07:55:19.5677400Z V16_BREADTH_RECOVERY_SCAN_DONE DEV 0 chronology_exclusions 0
2026-10-07T07:55:19.6576595Z V16_BREADTH_RECOVERY_SCAN DEV 4 / 4 parameterized_outcomes 0
2026-10-07T07:55:19.6612834Z V16_BREADTH_RECOVERY_SCAN_DONE DEV 0 chronology_exclusions 0
2026-10-07T07:55:19.7494701Z V16_BREADTH_RECOVERY_SCAN DEV 4 / 4 parameterized_outcomes 0
2026-10-07T07:55:19.7529474Z V16_BREADTH_RECOVERY_SCAN_DONE DEV 0 chronology_exclusions 0
2026-10-07T07:55:20.2791525Z V16_BREADTH_RECOVERY_SELECT {"status": "NO_DEVELOPMENT_POLICY_SURVIVOR", "cells_examined": 96, "selected": [], "policies": [], "union_name": "MARKET_BREADTH_RECOVERY_UNION", "source_context_sha256": "1991f5e71751271b483ad27f63726b8ffe40a5da7d2db86c83f41193dfc564f3", "development_breadth_data_sha256": "c56f804c8948f76a8dbc514485675ee6cee2809cbdd6c3d8921afa85fcb04c75", "development_breadth_manifest_sha256": "37e38171d08af92c4362b2262ff10b069ce59950f612b8679fc31ec0bb185493", "source_symbols": 32, "economic_surviving_cells": 0, "rejection_counts": {"N_LT_300": 96, "SYMBOLS_LT_10": 96, "TOP_SYMBOL_GT_30PCT": 96, "NET40_MEAN_BP_NONPOSITIVE": 96, "NET40_R_MEAN_NONPOSITIVE": 96, "2021_N": 96, "2021_DATES": 96, "2021_net40_R_NONPOSITIVE": 96, "2021_net40_mean_bp_NONPOSITIVE": 96, "2021_day_R_NONPOSITIVE": 96, "2022_N": 96, "2022_DATES": 96, "2022_net40_R_NONPOSITIVE": 96, "2022_net40_mean_bp_NONPOSITIVE": 96, "2022_day_R_NONPOSITIVE": 96, "2023_N": 96, "2023_DATES": 96, "2023_net40_R_NONPOSITIVE": 96, "2023_net40_mean_bp_NONPOSITIVE": 96, "2023_day_R_NONPOSITIVE": 96}, "note": "Frozen global pressure withdrawal and closed recovery experiment. Overlapping diagnostics are not executable account growth."}
2026-10-07T07:55:20.2814667Z V16_SYNTHETIC_GLOBAL_PIPELINE_PASS {"synthetic_only": true, "source_files": 32, "global_map_shards": 8, "scans": 8, "all96_cells_preserved": true, "market_profitability_claim": false}
2026-10-07T07:55:20.2952177Z ok
2026-10-07T07:55:20.2958592Z test_count_sums_not_average_of_shards (test_breadth_pullback_reclaim_v16.CountsContract.test_count_sums_not_average_of_shards) ... ok
2026-10-07T07:55:20.2970038Z test_exact_global_fraction (test_breadth_pullback_reclaim_v16.CountsContract.test_exact_global_fraction) ... ok
2026-10-07T07:55:20.3135458Z test_feature_future_perturbation (test_breadth_pullback_reclaim_v16.CountsContract.test_feature_future_perturbation) ... ok
2026-10-07T07:55:20.3163993Z test_impossible_counts_rejected (test_breadth_pullback_reclaim_v16.CountsContract.test_impossible_counts_rejected) ... ok
2026-10-07T07:55:20.3193366Z test_missing_previous_not_filled (test_breadth_pullback_reclaim_v16.CountsContract.test_missing_previous_not_filled) ... ok
2026-10-07T07:55:20.3194758Z test_nan_coin_not_in_denominator (test_breadth_pullback_reclaim_v16.CountsContract.test_nan_coin_not_in_denominator) ... ok
2026-10-07T07:55:20.3203916Z test_no_nearest_future_match (test_breadth_pullback_reclaim_v16.CountsContract.test_no_nearest_future_match) ... ok
2026-10-07T07:55:20.3209209Z test_noninteger_counts_rejected (test_breadth_pullback_reclaim_v16.CountsContract.test_noninteger_counts_rejected) ... ok
2026-10-07T07:55:20.3227042Z test_time_geometry_rejected (test_breadth_pullback_reclaim_v16.CountsContract.test_time_geometry_rejected) ... ok
2026-10-07T07:55:22.9651504Z test_altered_map_fails_closed (test_breadth_pullback_reclaim_v16.GlobalArtifactContract.test_altered_map_fails_closed) ... ok
2026-10-07T07:55:22.9665268Z test_changed_context_fails_closed (test_breadth_pullback_reclaim_v16.GlobalArtifactContract.test_changed_context_fails_closed) ... ok
2026-10-07T07:55:23.1874785Z test_duplicate_shard_fails_closed (test_breadth_pullback_reclaim_v16.GlobalArtifactContract.test_duplicate_shard_fails_closed) ... ok
2026-10-07T07:55:23.7327312Z test_eight_shard_reduction_and_verified_load (test_breadth_pullback_reclaim_v16.GlobalArtifactContract.test_eight_shard_reduction_and_verified_load) ... V16_GLOBAL_BREADTH_FROZEN DEV sources 32 rows 81793 sha256 061b212dd67ba864ae7370703945d2ce6bdebc7421a464c5182b5936112713b2
2026-10-07T07:55:23.7634421Z ok
2026-10-07T07:55:23.7680767Z test_missing_shard_fails_closed (test_breadth_pullback_reclaim_v16.GlobalArtifactContract.test_missing_shard_fails_closed) ... ok
2026-10-07T07:55:23.7687630Z test_stage_leak_fails_closed (test_breadth_pullback_reclaim_v16.GlobalArtifactContract.test_stage_leak_fails_closed) ... ok
2026-10-07T07:55:23.7754974Z test_96_bar_impulse (test_breadth_pullback_reclaim_v16.SignalContract.test_96_bar_impulse) ... ok
2026-10-07T07:55:23.7759676Z test_adverse_entry_gap_retained (test_breadth_pullback_reclaim_v16.SignalContract.test_adverse_entry_gap_retained) ... ok
2026-10-07T07:55:23.7763300Z test_breadth_crossing_required (test_breadth_pullback_reclaim_v16.SignalContract.test_breadth_crossing_required) ... ok
2026-10-07T07:55:23.7767301Z test_btc_reclaim_guard (test_breadth_pullback_reclaim_v16.SignalContract.test_btc_reclaim_guard) ... ok
2026-10-07T07:55:23.7771549Z test_entry_path_gap_blocks (test_breadth_pullback_reclaim_v16.SignalContract.test_entry_path_gap_blocks) ... ok
2026-10-07T07:55:23.7775105Z test_event_momentum_required (test_breadth_pullback_reclaim_v16.SignalContract.test_event_momentum_required) ... ok
2026-10-07T07:55:23.7778951Z test_favorable_entry_gap_rejected (test_breadth_pullback_reclaim_v16.SignalContract.test_favorable_entry_gap_rejected) ... ok
2026-10-07T07:55:23.7782170Z test_five_point_expansion_required (test_breadth_pullback_reclaim_v16.SignalContract.test_five_point_expansion_required) ... ok
2026-10-07T07:55:23.7785046Z test_fixed_grid (test_breadth_pullback_reclaim_v16.SignalContract.test_fixed_grid) ... ok
2026-10-07T07:55:23.7791199Z test_future_bars_irrelevant_to_intent (test_breadth_pullback_reclaim_v16.SignalContract.test_future_bars_irrelevant_to_intent) ... ok
2026-10-07T07:55:23.7795806Z test_long_two_stage_reclaim (test_breadth_pullback_reclaim_v16.SignalContract.test_long_two_stage_reclaim) ... ok
2026-10-07T07:55:23.7800210Z test_one_atr_pullback_grid (test_breadth_pullback_reclaim_v16.SignalContract.test_one_atr_pullback_grid) ... ok
2026-10-07T07:55:23.7804592Z test_pre_reclaim_invalidation_blocks (test_breadth_pullback_reclaim_v16.SignalContract.test_pre_reclaim_invalidation_blocks) ... ok
2026-10-07T07:55:23.7808981Z test_pullback_touch_required (test_breadth_pullback_reclaim_v16.SignalContract.test_pullback_touch_required) ... ok
2026-10-07T07:55:23.7813234Z test_reclaim_after_twelve_bars_is_ignored (test_breadth_pullback_reclaim_v16.SignalContract.test_reclaim_after_twelve_bars_is_ignored) ... ok
2026-10-07T07:55:23.7817499Z test_reclaim_must_be_after_touch (test_breadth_pullback_reclaim_v16.SignalContract.test_reclaim_must_be_after_touch) ... ok
2026-10-07T07:55:23.7821696Z test_reclaim_prior_bar_break_required (test_breadth_pullback_reclaim_v16.SignalContract.test_reclaim_prior_bar_break_required) ... ok
2026-10-07T07:55:23.7825820Z test_reclaim_volume_required (test_breadth_pullback_reclaim_v16.SignalContract.test_reclaim_volume_required) ... ok
2026-10-07T07:55:23.7830028Z test_same_bar_touch_and_reclaim_forbidden (test_breadth_pullback_reclaim_v16.SignalContract.test_same_bar_touch_and_reclaim_forbidden) ... ok
2026-10-07T07:55:23.7834476Z test_short_two_stage_reclaim (test_breadth_pullback_reclaim_v16.SignalContract.test_short_two_stage_reclaim) ... ok
2026-10-07T07:55:23.7838635Z test_stop_above_six_percent_rejected (test_breadth_pullback_reclaim_v16.SignalContract.test_stop_above_six_percent_rejected) ... ok
2026-10-07T07:55:23.7842648Z test_stop_floor (test_breadth_pullback_reclaim_v16.SignalContract.test_stop_floor) ... ok
2026-10-07T07:55:23.7847933Z test_touch_after_ten_bars_is_ignored (test_breadth_pullback_reclaim_v16.SignalContract.test_touch_after_ten_bars_is_ignored) ... ok
2026-10-07T07:55:23.7855120Z test_trailing_policy_uses_canonical_resolver (test_breadth_pullback_reclaim_v16.SignalContract.test_trailing_policy_uses_canonical_resolver) ... ok
2026-10-07T07:55:23.7859805Z test_watch_path_gap_blocks (test_breadth_pullback_reclaim_v16.SignalContract.test_watch_path_gap_blocks) ... ok
2026-10-07T07:55:23.7901332Z test_independent_costs_and_R (test_breadth_expansion_continuation_v15.AuditArithmeticContract.test_independent_costs_and_R) ... ok
2026-10-07T07:55:24.8029546Z test_source_check_inside_scan_output_real_pipeline (test_breadth_expansion_continuation_v15.AuditArithmeticContract.test_source_check_inside_scan_output_real_pipeline) ... V15_BREADTH_MAP DEV 4 / 4
2026-10-07T07:55:25.1383716Z V15_BREADTH_MAP_DONE DEV shard 0 sources 4 rows 81793
2026-10-07T07:55:25.5190732Z V15_BREADTH_MAP DEV 4 / 4
2026-10-07T07:55:25.8551811Z V15_BREADTH_MAP_DONE DEV shard 1 sources 4 rows 81793
2026-10-07T07:55:26.2263805Z V15_BREADTH_MAP DEV 4 / 4
2026-10-07T07:55:26.5618681Z V15_BREADTH_MAP_DONE DEV shard 2 sources 4 rows 81793
2026-10-07T07:55:26.9360311Z V15_BREADTH_MAP DEV 4 / 4
2026-10-07T07:55:27.2748911Z V15_BREADTH_MAP_DONE DEV shard 3 sources 4 rows 81793
2026-10-07T07:55:27.6496294Z V15_BREADTH_MAP DEV 4 / 4
2026-10-07T07:55:27.9867580Z V15_BREADTH_MAP_DONE DEV shard 4 sources 4 rows 81793
2026-10-07T07:55:28.3621269Z V15_BREADTH_MAP DEV 4 / 4
2026-10-07T07:55:28.6984784Z V15_BREADTH_MAP_DONE DEV shard 5 sources 4 rows 81793
2026-10-07T07:55:29.0720312Z V15_BREADTH_MAP DEV 4 / 4
2026-10-07T07:55:29.4075152Z V15_BREADTH_MAP_DONE DEV shard 6 sources 4 rows 81793
2026-10-07T07:55:29.7789065Z V15_BREADTH_MAP DEV 4 / 4
2026-10-07T07:55:30.1168534Z V15_BREADTH_MAP_DONE DEV shard 7 sources 4 rows 81793
2026-10-07T07:55:30.7011196Z V15_GLOBAL_BREADTH_FROZEN DEV sources 32 rows 81793 sha256 c56f804c8948f76a8dbc514485675ee6cee2809cbdd6c3d8921afa85fcb04c75
2026-10-07T07:55:30.7880612Z V15_BREADTH_RECOVERY_SCAN DEV 4 / 4 parameterized_outcomes 0
2026-10-07T07:55:30.7912405Z V15_BREADTH_RECOVERY_SCAN_DONE DEV 0 chronology_exclusions 0
2026-10-07T07:55:30.8792816Z V15_BREADTH_RECOVERY_SCAN DEV 4 / 4 parameterized_outcomes 0
2026-10-07T07:55:30.8826075Z V15_BREADTH_RECOVERY_SCAN_DONE DEV 0 chronology_exclusions 0
2026-10-07T07:55:30.9698715Z V15_BREADTH_RECOVERY_SCAN DEV 4 / 4 parameterized_outcomes 0
2026-10-07T07:55:30.9731339Z V15_BREADTH_RECOVERY_SCAN_DONE DEV 0 chronology_exclusions 0
2026-10-07T07:55:31.0620813Z V15_BREADTH_RECOVERY_SCAN DEV 4 / 4 parameterized_outcomes 0
2026-10-07T07:55:31.0654849Z V15_BREADTH_RECOVERY_SCAN_DONE DEV 0 chronology_exclusions 0
2026-10-07T07:55:31.1599850Z V15_BREADTH_RECOVERY_SCAN DEV 4 / 4 parameterized_outcomes 0
2026-10-07T07:55:31.1633101Z V15_BREADTH_RECOVERY_SCAN_DONE DEV 0 chronology_exclusions 0
2026-10-07T07:55:31.2558186Z V15_BREADTH_RECOVERY_SCAN DEV 4 / 4 parameterized_outcomes 0
2026-10-07T07:55:31.2591763Z V15_BREADTH_RECOVERY_SCAN_DONE DEV 0 chronology_exclusions 0
2026-10-07T07:55:31.3466510Z V15_BREADTH_RECOVERY_SCAN DEV 4 / 4 parameterized_outcomes 0
2026-10-07T07:55:31.3499284Z V15_BREADTH_RECOVERY_SCAN_DONE DEV 0 chronology_exclusions 0
2026-10-07T07:55:31.4386999Z V15_BREADTH_RECOVERY_SCAN DEV 4 / 4 parameterized_outcomes 0
2026-10-07T07:55:31.4420080Z V15_BREADTH_RECOVERY_SCAN_DONE DEV 0 chronology_exclusions 0
2026-10-07T07:55:31.9279957Z V15_BREADTH_RECOVERY_SELECT {"status": "NO_DEVELOPMENT_POLICY_SURVIVOR", "cells_examined": 96, "selected": [], "policies": [], "union_name": "MARKET_BREADTH_RECOVERY_UNION", "source_context_sha256": "1991f5e71751271b483ad27f63726b8ffe40a5da7d2db86c83f41193dfc564f3", "development_breadth_data_sha256": "c56f804c8948f76a8dbc514485675ee6cee2809cbdd6c3d8921afa85fcb04c75", "development_breadth_manifest_sha256": "37e38171d08af92c4362b2262ff10b069ce59950f612b8679fc31ec0bb185493", "source_symbols": 32, "economic_surviving_cells": 0, "rejection_counts": {"N_LT_300": 96, "SYMBOLS_LT_10": 96, "TOP_SYMBOL_GT_30PCT": 96, "NET40_MEAN_BP_NONPOSITIVE": 96, "NET40_R_MEAN_NONPOSITIVE": 96, "2021_N": 96, "2021_DATES": 96, "2021_net40_R_NONPOSITIVE": 96, "2021_net40_mean_bp_NONPOSITIVE": 96, "2021_day_R_NONPOSITIVE": 96, "2022_N": 96, "2022_DATES": 96, "2022_net40_R_NONPOSITIVE": 96, "2022_net40_mean_bp_NONPOSITIVE": 96, "2022_day_R_NONPOSITIVE": 96, "2023_N": 96, "2023_DATES": 96, "2023_net40_R_NONPOSITIVE": 96, "2023_net40_mean_bp_NONPOSITIVE": 96, "2023_day_R_NONPOSITIVE": 96}, "note": "Frozen global pressure withdrawal and closed recovery experiment. Overlapping diagnostics are not executable account growth."}
2026-10-07T07:55:31.9299964Z V15_SYNTHETIC_GLOBAL_PIPELINE_PASS {"synthetic_only": true, "source_files": 32, "global_map_shards": 8, "scans": 8, "all96_cells_preserved": true, "market_profitability_claim": false}
2026-10-07T07:55:31.9427166Z ok
2026-10-07T07:55:31.9431778Z test_count_sums_not_average_of_shards (test_breadth_expansion_continuation_v15.CountsContract.test_count_sums_not_average_of_shards) ... ok
2026-10-07T07:55:31.9441469Z test_exact_global_fraction (test_breadth_expansion_continuation_v15.CountsContract.test_exact_global_fraction) ... ok
2026-10-07T07:55:31.9527983Z test_feature_future_perturbation (test_breadth_expansion_continuation_v15.CountsContract.test_feature_future_perturbation) ... ok
2026-10-07T07:55:31.9535581Z test_impossible_counts_rejected (test_breadth_expansion_continuation_v15.CountsContract.test_impossible_counts_rejected) ... ok
2026-10-07T07:55:31.9542707Z test_missing_previous_not_filled (test_breadth_expansion_continuation_v15.CountsContract.test_missing_previous_not_filled) ... ok
2026-10-07T07:55:31.9548163Z test_nan_coin_not_in_denominator (test_breadth_expansion_continuation_v15.CountsContract.test_nan_coin_not_in_denominator) ... ok
2026-10-07T07:55:31.9555458Z test_no_nearest_future_match (test_breadth_expansion_continuation_v15.CountsContract.test_no_nearest_future_match) ... ok
2026-10-07T07:55:31.9561096Z test_noninteger_counts_rejected (test_breadth_expansion_continuation_v15.CountsContract.test_noninteger_counts_rejected) ... ok
2026-10-07T07:55:31.9567191Z test_time_geometry_rejected (test_breadth_expansion_continuation_v15.CountsContract.test_time_geometry_rejected) ... ok
2026-10-07T07:55:34.5607092Z test_altered_map_fails_closed (test_breadth_expansion_continuation_v15.GlobalArtifactContract.test_altered_map_fails_closed) ... ok
2026-10-07T07:55:34.5620948Z test_changed_context_fails_closed (test_breadth_expansion_continuation_v15.GlobalArtifactContract.test_changed_context_fails_closed) ... ok
2026-10-07T07:55:34.7876605Z test_duplicate_shard_fails_closed (test_breadth_expansion_continuation_v15.GlobalArtifactContract.test_duplicate_shard_fails_closed) ... ok
2026-10-07T07:55:35.3498186Z test_eight_shard_reduction_and_verified_load (test_breadth_expansion_continuation_v15.GlobalArtifactContract.test_eight_shard_reduction_and_verified_load) ... V15_GLOBAL_BREADTH_FROZEN DEV sources 32 rows 81793 sha256 061b212dd67ba864ae7370703945d2ce6bdebc7421a464c5182b5936112713b2
2026-10-07T07:55:35.3809362Z ok
2026-10-07T07:55:35.3856758Z test_missing_shard_fails_closed (test_breadth_expansion_continuation_v15.GlobalArtifactContract.test_missing_shard_fails_closed) ... ok
2026-10-07T07:55:35.3863494Z test_stage_leak_fails_closed (test_breadth_expansion_continuation_v15.GlobalArtifactContract.test_stage_leak_fails_closed) ... ok
2026-10-07T07:55:35.3926774Z test_24h_shock (test_breadth_expansion_continuation_v15.SignalContract.test_24h_shock) ... ok
2026-10-07T07:55:35.3930428Z test_actual_entry_gap_blocks (test_breadth_expansion_continuation_v15.SignalContract.test_actual_entry_gap_blocks) ... ok
2026-10-07T07:55:35.3934155Z test_adverse_gap_retained (test_breadth_expansion_continuation_v15.SignalContract.test_adverse_gap_retained) ... ok
2026-10-07T07:55:35.3937455Z test_breadth_expansion_required (test_breadth_expansion_continuation_v15.SignalContract.test_breadth_expansion_required) ... ok
2026-10-07T07:55:35.3940446Z test_btc_guard (test_breadth_expansion_continuation_v15.SignalContract.test_btc_guard) ... ok
2026-10-07T07:55:35.3944153Z test_closed_local_break_required (test_breadth_expansion_continuation_v15.SignalContract.test_closed_local_break_required) ... ok
2026-10-07T07:55:35.3947145Z test_current_coin_bar_must_be_contiguous (test_breadth_expansion_continuation_v15.SignalContract.test_current_coin_bar_must_be_contiguous) ... ok
2026-10-07T07:55:35.3950246Z test_current_coin_momentum_required (test_breadth_expansion_continuation_v15.SignalContract.test_current_coin_momentum_required) ... ok
2026-10-07T07:55:35.3953799Z test_exact_five_pp_boundary (test_breadth_expansion_continuation_v15.SignalContract.test_exact_five_pp_boundary) ... ok
2026-10-07T07:55:35.3957032Z test_favorable_gap_rejected (test_breadth_expansion_continuation_v15.SignalContract.test_favorable_gap_rejected) ... ok
2026-10-07T07:55:35.3959720Z test_fixed_grid (test_breadth_expansion_continuation_v15.SignalContract.test_fixed_grid) ... ok
2026-10-07T07:55:35.3963033Z test_flow55_long_blocks_low_buy (test_breadth_expansion_continuation_v15.SignalContract.test_flow55_long_blocks_low_buy) ... ok
2026-10-07T07:55:35.3967937Z test_future_high_low_close_irrelevant_to_entry (test_breadth_expansion_continuation_v15.SignalContract.test_future_high_low_close_irrelevant_to_entry) ... ok
2026-10-07T07:55:35.3971291Z test_long_expansion_continuation (test_breadth_expansion_continuation_v15.SignalContract.test_long_expansion_continuation) ... ok
2026-10-07T07:55:35.3974754Z test_low_universe_missing_fraction_blocks (test_breadth_expansion_continuation_v15.SignalContract.test_low_universe_missing_fraction_blocks) ... ok
2026-10-07T07:55:35.3977923Z test_previous_universe_under_thirty_blocks (test_breadth_expansion_continuation_v15.SignalContract.test_previous_universe_under_thirty_blocks) ... ok
2026-10-07T07:55:35.3981254Z test_price_only_ignores_buy_share (test_breadth_expansion_continuation_v15.SignalContract.test_price_only_ignores_buy_share) ... ok
2026-10-07T07:55:35.3984800Z test_short_expansion_continuation (test_breadth_expansion_continuation_v15.SignalContract.test_short_expansion_continuation) ... ok
2026-10-07T07:55:35.3988097Z test_stop_above_sixpct_rejected (test_breadth_expansion_continuation_v15.SignalContract.test_stop_above_sixpct_rejected) ... ok
2026-10-07T07:55:35.3991360Z test_stop_floor (test_breadth_expansion_continuation_v15.SignalContract.test_stop_floor) ... ok
2026-10-07T07:55:35.3994941Z test_threshold_crossing_required (test_breadth_expansion_continuation_v15.SignalContract.test_threshold_crossing_required) ... ok
2026-10-07T07:55:35.4001382Z test_trailing_policy_uses_canonical_resolver (test_breadth_expansion_continuation_v15.SignalContract.test_trailing_policy_uses_canonical_resolver) ... ok
2026-10-07T07:55:35.4043386Z test_independent_costs_and_R (test_market_breadth_recovery_v14.AuditArithmeticContract.test_independent_costs_and_R) ... ok
2026-10-07T07:55:36.4194503Z test_source_check_inside_scan_output_real_pipeline (test_market_breadth_recovery_v14.AuditArithmeticContract.test_source_check_inside_scan_output_real_pipeline) ... V14_BREADTH_MAP DEV 4 / 4
2026-10-07T07:55:36.7547592Z V14_BREADTH_MAP_DONE DEV shard 0 sources 4 rows 81793
2026-10-07T07:55:37.1278716Z V14_BREADTH_MAP DEV 4 / 4
2026-10-07T07:55:37.4632932Z V14_BREADTH_MAP_DONE DEV shard 1 sources 4 rows 81793
2026-10-07T07:55:37.8383618Z V14_BREADTH_MAP DEV 4 / 4
2026-10-07T07:55:38.1753081Z V14_BREADTH_MAP_DONE DEV shard 2 sources 4 rows 81793
2026-10-07T07:55:38.5513778Z V14_BREADTH_MAP DEV 4 / 4
2026-10-07T07:55:38.8864326Z V14_BREADTH_MAP_DONE DEV shard 3 sources 4 rows 81793
2026-10-07T07:55:39.2595012Z V14_BREADTH_MAP DEV 4 / 4
2026-10-07T07:55:39.5951923Z V14_BREADTH_MAP_DONE DEV shard 4 sources 4 rows 81793
2026-10-07T07:55:39.9709823Z V14_BREADTH_MAP DEV 4 / 4
2026-10-07T07:55:40.3035011Z V14_BREADTH_MAP_DONE DEV shard 5 sources 4 rows 81793
2026-10-07T07:55:40.6751865Z V14_BREADTH_MAP DEV 4 / 4
2026-10-07T07:55:41.0109709Z V14_BREADTH_MAP_DONE DEV shard 6 sources 4 rows 81793
2026-10-07T07:55:41.3825106Z V14_BREADTH_MAP DEV 4 / 4
2026-10-07T07:55:41.7181052Z V14_BREADTH_MAP_DONE DEV shard 7 sources 4 rows 81793
2026-10-07T07:55:42.3047049Z V14_GLOBAL_BREADTH_FROZEN DEV sources 32 rows 81793 sha256 c56f804c8948f76a8dbc514485675ee6cee2809cbdd6c3d8921afa85fcb04c75
2026-10-07T07:55:42.3923848Z V14_BREADTH_RECOVERY_SCAN DEV 4 / 4 parameterized_outcomes 0
2026-10-07T07:55:42.3959368Z V14_BREADTH_RECOVERY_SCAN_DONE DEV 0 chronology_exclusions 0
2026-10-07T07:55:42.4906082Z V14_BREADTH_RECOVERY_SCAN DEV 4 / 4 parameterized_outcomes 0
2026-10-07T07:55:42.4940731Z V14_BREADTH_RECOVERY_SCAN_DONE DEV 0 chronology_exclusions 0
2026-10-07T07:55:42.5881184Z V14_BREADTH_RECOVERY_SCAN DEV 4 / 4 parameterized_outcomes 0
2026-10-07T07:55:42.5916403Z V14_BREADTH_RECOVERY_SCAN_DONE DEV 0 chronology_exclusions 0
2026-10-07T07:55:42.6861753Z V14_BREADTH_RECOVERY_SCAN DEV 4 / 4 parameterized_outcomes 0
2026-10-07T07:55:42.6895202Z V14_BREADTH_RECOVERY_SCAN_DONE DEV 0 chronology_exclusions 0
2026-10-07T07:55:42.7789366Z V14_BREADTH_RECOVERY_SCAN DEV 4 / 4 parameterized_outcomes 0
2026-10-07T07:55:42.7823552Z V14_BREADTH_RECOVERY_SCAN_DONE DEV 0 chronology_exclusions 0
2026-10-07T07:55:42.8698318Z V14_BREADTH_RECOVERY_SCAN DEV 4 / 4 parameterized_outcomes 0
2026-10-07T07:55:42.8731527Z V14_BREADTH_RECOVERY_SCAN_DONE DEV 0 chronology_exclusions 0
2026-10-07T07:55:42.9607262Z V14_BREADTH_RECOVERY_SCAN DEV 4 / 4 parameterized_outcomes 0
2026-10-07T07:55:42.9639649Z V14_BREADTH_RECOVERY_SCAN_DONE DEV 0 chronology_exclusions 0
2026-10-07T07:55:43.0550996Z V14_BREADTH_RECOVERY_SCAN DEV 4 / 4 parameterized_outcomes 0
2026-10-07T07:55:43.0583977Z V14_BREADTH_RECOVERY_SCAN_DONE DEV 0 chronology_exclusions 0
2026-10-07T07:55:43.5543007Z V14_BREADTH_RECOVERY_SELECT {"status": "NO_DEVELOPMENT_POLICY_SURVIVOR", "cells_examined": 96, "selected": [], "policies": [], "union_name": "MARKET_BREADTH_RECOVERY_UNION", "source_context_sha256": "1991f5e71751271b483ad27f63726b8ffe40a5da7d2db86c83f41193dfc564f3", "development_breadth_data_sha256": "c56f804c8948f76a8dbc514485675ee6cee2809cbdd6c3d8921afa85fcb04c75", "development_breadth_manifest_sha256": "a33c6c15e1a711022cec584eaa5942aa90a9ad0a3da18087ddb45f54b30efd5b", "source_symbols": 32, "economic_surviving_cells": 0, "rejection_counts": {"N_LT_300": 96, "SYMBOLS_LT_10": 96, "TOP_SYMBOL_GT_30PCT": 96, "NET40_MEAN_BP_NONPOSITIVE": 96, "NET40_R_MEAN_NONPOSITIVE": 96, "2021_N": 96, "2021_DATES": 96, "2021_net40_R_NONPOSITIVE": 96, "2021_net40_mean_bp_NONPOSITIVE": 96, "2021_day_R_NONPOSITIVE": 96, "2022_N": 96, "2022_DATES": 96, "2022_net40_R_NONPOSITIVE": 96, "2022_net40_mean_bp_NONPOSITIVE": 96, "2022_day_R_NONPOSITIVE": 96, "2023_N": 96, "2023_DATES": 96, "2023_net40_R_NONPOSITIVE": 96, "2023_net40_mean_bp_NONPOSITIVE": 96, "2023_day_R_NONPOSITIVE": 96}, "note": "Frozen global pressure withdrawal and closed recovery experiment. Overlapping diagnostics are not executable account growth."}
2026-10-07T07:55:43.5561603Z V14_SYNTHETIC_GLOBAL_PIPELINE_PASS {"synthetic_only": true, "source_files": 32, "global_map_shards": 8, "scans": 8, "all96_cells_preserved": true, "market_profitability_claim": false}
2026-10-07T07:55:43.5692339Z ok
2026-10-07T07:55:43.5697083Z test_count_sums_not_average_of_shards (test_market_breadth_recovery_v14.CountsContract.test_count_sums_not_average_of_shards) ... ok
2026-10-07T07:55:43.5707723Z test_exact_global_fraction (test_market_breadth_recovery_v14.CountsContract.test_exact_global_fraction) ... ok
2026-10-07T07:55:43.5792880Z test_feature_future_perturbation (test_market_breadth_recovery_v14.CountsContract.test_feature_future_perturbation) ... ok
2026-10-07T07:55:43.5800172Z test_impossible_counts_rejected (test_market_breadth_recovery_v14.CountsContract.test_impossible_counts_rejected) ... ok
2026-10-07T07:55:43.5809382Z test_missing_previous_not_filled (test_market_breadth_recovery_v14.CountsContract.test_missing_previous_not_filled) ... ok
2026-10-07T07:55:43.5814165Z test_nan_coin_not_in_denominator (test_market_breadth_recovery_v14.CountsContract.test_nan_coin_not_in_denominator) ... ok
2026-10-07T07:55:43.5821445Z test_no_nearest_future_match (test_market_breadth_recovery_v14.CountsContract.test_no_nearest_future_match) ... ok
2026-10-07T07:55:43.5827116Z test_noninteger_counts_rejected (test_market_breadth_recovery_v14.CountsContract.test_noninteger_counts_rejected) ... ok
2026-10-07T07:55:43.5833156Z test_time_geometry_rejected (test_market_breadth_recovery_v14.CountsContract.test_time_geometry_rejected) ... ok
2026-10-07T07:55:46.1906070Z test_altered_map_fails_closed (test_market_breadth_recovery_v14.GlobalArtifactContract.test_altered_map_fails_closed) ... ok
2026-10-07T07:55:46.1919776Z test_changed_context_fails_closed (test_market_breadth_recovery_v14.GlobalArtifactContract.test_changed_context_fails_closed) ... ok
2026-10-07T07:55:46.4271956Z test_duplicate_shard_fails_closed (test_market_breadth_recovery_v14.GlobalArtifactContract.test_duplicate_shard_fails_closed) ... ok
2026-10-07T07:55:47.0110469Z test_eight_shard_reduction_and_verified_load (test_market_breadth_recovery_v14.GlobalArtifactContract.test_eight_shard_reduction_and_verified_load) ... V14_GLOBAL_BREADTH_FROZEN DEV sources 32 rows 81793 sha256 061b212dd67ba864ae7370703945d2ce6bdebc7421a464c5182b5936112713b2
2026-10-07T07:55:47.0454269Z ok
2026-10-07T07:55:47.0504062Z test_missing_shard_fails_closed (test_market_breadth_recovery_v14.GlobalArtifactContract.test_missing_shard_fails_closed) ... ok
2026-10-07T07:55:47.0511749Z test_stage_leak_fails_closed (test_market_breadth_recovery_v14.GlobalArtifactContract.test_stage_leak_fails_closed) ... ok
2026-10-07T07:55:47.0573564Z test_24h_shock (test_market_breadth_recovery_v14.SignalContract.test_24h_shock) ... ok
2026-10-07T07:55:47.0577508Z test_actual_entry_gap_blocks (test_market_breadth_recovery_v14.SignalContract.test_actual_entry_gap_blocks) ... ok
2026-10-07T07:55:47.0581727Z test_adverse_gap_retained (test_market_breadth_recovery_v14.SignalContract.test_adverse_gap_retained) ... ok
2026-10-07T07:55:47.0585566Z test_btc_guard (test_market_breadth_recovery_v14.SignalContract.test_btc_guard) ... ok
2026-10-07T07:55:47.0589368Z test_closed_local_break_required (test_market_breadth_recovery_v14.SignalContract.test_closed_local_break_required) ... ok
2026-10-07T07:55:47.0593162Z test_exact_five_pp_boundary (test_market_breadth_recovery_v14.SignalContract.test_exact_five_pp_boundary) ... ok
2026-10-07T07:55:47.0597225Z test_favorable_gap_rejected (test_market_breadth_recovery_v14.SignalContract.test_favorable_gap_rejected) ... ok
2026-10-07T07:55:47.0600302Z test_fixed_grid (test_market_breadth_recovery_v14.SignalContract.test_fixed_grid) ... ok
2026-10-07T07:55:47.0604559Z test_flow55_long_blocks_low_buy (test_market_breadth_recovery_v14.SignalContract.test_flow55_long_blocks_low_buy) ... ok
2026-10-07T07:55:47.0609818Z test_future_high_low_close_irrelevant_to_entry (test_market_breadth_recovery_v14.SignalContract.test_future_high_low_close_irrelevant_to_entry) ... ok
2026-10-07T07:55:47.0613325Z test_long_recovery (test_market_breadth_recovery_v14.SignalContract.test_long_recovery) ... ok
2026-10-07T07:55:47.0617487Z test_low_universe_missing_fraction_blocks (test_market_breadth_recovery_v14.SignalContract.test_low_universe_missing_fraction_blocks) ... ok
2026-10-07T07:55:47.0620776Z test_pressure_drop_required (test_market_breadth_recovery_v14.SignalContract.test_pressure_drop_required) ... ok
2026-10-07T07:55:47.0624824Z test_previous_coin_gap_blocks (test_market_breadth_recovery_v14.SignalContract.test_previous_coin_gap_blocks) ... ok
2026-10-07T07:55:47.0628459Z test_previous_universe_under_thirty_blocks (test_market_breadth_recovery_v14.SignalContract.test_previous_universe_under_thirty_blocks) ... ok
2026-10-07T07:55:47.0632494Z test_price_only_ignores_buy_share (test_market_breadth_recovery_v14.SignalContract.test_price_only_ignores_buy_share) ... ok
2026-10-07T07:55:47.0636285Z test_prior_coin_shock_required (test_market_breadth_recovery_v14.SignalContract.test_prior_coin_shock_required) ... ok
2026-10-07T07:55:47.0639848Z test_prior_pressure_threshold (test_market_breadth_recovery_v14.SignalContract.test_prior_pressure_threshold) ... ok
2026-10-07T07:55:47.0644040Z test_short_recovery (test_market_breadth_recovery_v14.SignalContract.test_short_recovery) ... ok
2026-10-07T07:55:47.0648352Z test_stop_above_sixpct_rejected (test_market_breadth_recovery_v14.SignalContract.test_stop_above_sixpct_rejected) ... ok
2026-10-07T07:55:47.0652041Z test_stop_floor (test_market_breadth_recovery_v14.SignalContract.test_stop_floor) ... ok
2026-10-07T07:55:47.0659084Z test_trailing_policy_uses_canonical_resolver (test_market_breadth_recovery_v14.SignalContract.test_trailing_policy_uses_canonical_resolver) ... ok
2026-10-07T07:55:47.0660987Z test_btc_missing_endpoint_is_unavailable (test_breakout_level_retest_v13.FeatureTests.test_btc_missing_endpoint_is_unavailable) ... ok
2026-10-07T07:55:47.0736510Z test_channel_and_volume_restart_after_gap (test_breakout_level_retest_v13.FeatureTests.test_channel_and_volume_restart_after_gap) ... ok
2026-10-07T07:55:47.0817133Z test_current_breakout_cannot_change_its_prior_level_baseline_or_atr (test_breakout_level_retest_v13.FeatureTests.test_current_breakout_cannot_change_its_prior_level_baseline_or_atr) ... ok
2026-10-07T07:55:47.0822903Z test_fixed_grid_and_holds (test_breakout_level_retest_v13.FeatureTests.test_fixed_grid_and_holds) ... ok
2026-10-07T07:55:47.0930833Z test_future_perturbation_preserves_prefix_features_and_signal (test_breakout_level_retest_v13.FeatureTests.test_future_perturbation_preserves_prefix_features_and_signal) ... ok
2026-10-07T07:55:47.0976411Z test_independent_prior_channel_quote_and_atr_cutoffs (test_breakout_level_retest_v13.FeatureTests.test_independent_prior_channel_quote_and_atr_cutoffs) ... ok
2026-10-07T07:55:47.1011615Z test_actual_entry_minute_tp_loses_and_later_chronology_is_honored (test_breakout_level_retest_v13.FillExitTests.test_actual_entry_minute_tp_loses_and_later_chronology_is_honored) ... ok
2026-10-07T07:55:47.1018135Z test_actual_fill_structural_stop_priority_and_time_cutoffs (test_breakout_level_retest_v13.FillExitTests.test_actual_fill_structural_stop_priority_and_time_cutoffs) ... ok
2026-10-07T07:55:47.1027088Z test_adverse_fill_is_retained_favourable_catchup_and_wrong_side_are_excluded (test_breakout_level_retest_v13.FillExitTests.test_adverse_fill_is_retained_favourable_catchup_and_wrong_side_are_excluded) ... ok
2026-10-07T07:55:47.1030375Z test_cooldown_independent_of_exit (test_breakout_level_retest_v13.FillExitTests.test_cooldown_independent_of_exit) ... ok
2026-10-07T07:55:47.1035917Z test_entry_timestamp_gap_and_split_cutoff (test_breakout_level_retest_v13.FillExitTests.test_entry_timestamp_gap_and_split_cutoff) ... ok
2026-10-07T07:55:47.1044964Z test_floor_and_maximum_stop_risk_use_actual_fill (test_breakout_level_retest_v13.FillExitTests.test_floor_and_maximum_stop_risk_use_actual_fill) ... ok
2026-10-07T07:55:47.1053824Z test_missing_minute_and_mismatched_entry_never_fabricate_pnl (test_breakout_level_retest_v13.FillExitTests.test_missing_minute_and_mismatched_entry_never_fabricate_pnl) ... ok
2026-10-07T07:55:47.1064778Z test_tp_levels_and_independent_fee_funding_math (test_breakout_level_retest_v13.FillExitTests.test_tp_levels_and_independent_fee_funding_math) ... ok
2026-10-07T07:55:47.4084651Z test_all96_including_zero_and_frozen_selection (test_breakout_level_retest_v13.SelectionSourceTests.test_all96_including_zero_and_frozen_selection) ... V13_RETEST_SELECT {"status": "ACCOUNT_REPLAY_REQUIRED", "cells_examined": 96, "selected": [{"key": "RETEST_S+1_N96_WAIT8_ANY", "side": 1, "window": 96, "wait": 8, "participation": "ANY", "hold": 48, "exit_type": "TP2", "policy": "RETEST_S+1_N96_WAIT8_ANY__H48__TP2", "development_net40_R": 0.5, "development_worst_year_day_R": 0.5}], "policies": [{"key": "RETEST_S+1_N96_WAIT8_ANY", "side": 1, "window": 96, "wait": 8, "participation": "ANY", "hold": 48, "exit_type": "TP2", "policy": "RETEST_S+1_N96_WAIT8_ANY__H48__TP2", "development_net40_R": 0.5, "development_worst_year_day_R": 0.5}], "union_name": "BREAKOUT_LEVEL_RETEST_UNION", "source_context_sha256": "91835c8f0b86a06046841c757e76202fc5e0b602e5b17bc471966e49ab762c95", "source_symbols": 16, "economic_surviving_cells": 1, "rejection_counts": {"N_LT_300": 95, "SYMBOLS_LT_10": 95, "TOP_SYMBOL_GT_30PCT": 95, "NET40_MEAN_BP_NONPOSITIVE": 95, "NET40_R_MEAN_NONPOSITIVE": 95, "2021_N": 95, "2021_DATES": 95, "2021_net40_R_NONPOSITIVE": 95, "2021_net40_mean_bp_NONPOSITIVE": 95, "2021_day_R_NONPOSITIVE": 95, "2022_N": 95, "2022_DATES": 95, "2022_net40_R_NONPOSITIVE": 95, "2022_net40_mean_bp_NONPOSITIVE": 95, "2022_day_R_NONPOSITIVE": 95, "2023_N": 95, "2023_DATES": 95, "2023_net40_R_NONPOSITIVE": 95, "2023_net40_mean_bp_NONPOSITIVE": 95, "2023_day_R_NONPOSITIVE": 95}, "note": "Frozen breakout level and closed retest experiment. Overlapping diagnostics are not executable account growth."}
2026-10-07T07:55:47.4122220Z ok
2026-10-07T07:55:47.6676812Z test_empty_preserves_all96_zero_cells (test_breakout_level_retest_v13.SelectionSourceTests.test_empty_preserves_all96_zero_cells) ... V13_RETEST_SELECT {"status": "NO_DEVELOPMENT_POLICY_SURVIVOR", "cells_examined": 96, "selected": [], "policies": [], "union_name": "BREAKOUT_LEVEL_RETEST_UNION", "source_context_sha256": "91835c8f0b86a06046841c757e76202fc5e0b602e5b17bc471966e49ab762c95", "source_symbols": 16, "economic_surviving_cells": 0, "rejection_counts": {"N_LT_300": 96, "SYMBOLS_LT_10": 96, "TOP_SYMBOL_GT_30PCT": 96, "NET40_MEAN_BP_NONPOSITIVE": 96, "NET40_R_MEAN_NONPOSITIVE": 96, "2021_N": 96, "2021_DATES": 96, "2021_net40_R_NONPOSITIVE": 96, "2021_net40_mean_bp_NONPOSITIVE": 96, "2021_day_R_NONPOSITIVE": 96, "2022_N": 96, "2022_DATES": 96, "2022_net40_R_NONPOSITIVE": 96, "2022_net40_mean_bp_NONPOSITIVE": 96, "2022_day_R_NONPOSITIVE": 96, "2023_N": 96, "2023_DATES": 96, "2023_net40_R_NONPOSITIVE": 96, "2023_net40_mean_bp_NONPOSITIVE": 96, "2023_day_R_NONPOSITIVE": 96}, "note": "Frozen breakout level and closed retest experiment. Overlapping diagnostics are not executable account growth."}
2026-10-07T07:55:47.6709020Z ok
2026-10-07T07:55:47.8323443Z test_incomplete_duplicate_or_tampered_shards_fail_closed (test_breakout_level_retest_v13.SelectionSourceTests.test_incomplete_duplicate_or_tampered_shards_fail_closed) ... ok
2026-10-07T07:55:48.1058947Z test_negative_or_clustered_active_dates_fail (test_breakout_level_retest_v13.SelectionSourceTests.test_negative_or_clustered_active_dates_fail) ... V13_RETEST_SELECT {"status": "NO_DEVELOPMENT_POLICY_SURVIVOR", "cells_examined": 96, "selected": [], "policies": [], "union_name": "BREAKOUT_LEVEL_RETEST_UNION", "source_context_sha256": "91835c8f0b86a06046841c757e76202fc5e0b602e5b17bc471966e49ab762c95", "source_symbols": 16, "economic_surviving_cells": 0, "rejection_counts": {"TOP_SYMBOL_GT_30PCT": 96, "NET40_MEAN_BP_NONPOSITIVE": 96, "2021_net40_mean_bp_NONPOSITIVE": 96, "2022_net40_mean_bp_NONPOSITIVE": 96, "2023_net40_mean_bp_NONPOSITIVE": 96, "N_LT_300": 95, "SYMBOLS_LT_10": 95, "NET40_R_MEAN_NONPOSITIVE": 95, "2021_N": 95, "2021_DATES": 95, "2021_net40_R_NONPOSITIVE": 95, "2021_day_R_NONPOSITIVE": 95, "2022_N": 95, "2022_DATES": 95, "2022_net40_R_NONPOSITIVE": 95, "2022_day_R_NONPOSITIVE": 95, "2023_N": 95, "2023_DATES": 95, "2023_net40_R_NONPOSITIVE": 95, "2023_day_R_NONPOSITIVE": 95}, "note": "Frozen breakout level and closed retest experiment. Overlapping diagnostics are not executable account growth."}
2026-10-07T07:55:48.3830016Z V13_RETEST_SELECT {"status": "NO_DEVELOPMENT_POLICY_SURVIVOR", "cells_examined": 96, "selected": [], "policies": [], "union_name": "BREAKOUT_LEVEL_RETEST_UNION", "source_context_sha256": "91835c8f0b86a06046841c757e76202fc5e0b602e5b17bc471966e49ab762c95", "source_symbols": 16, "economic_surviving_cells": 0, "rejection_counts": {"NET40_R_MEAN_NONPOSITIVE": 96, "2021_net40_R_NONPOSITIVE": 96, "2021_day_R_NONPOSITIVE": 96, "2022_net40_R_NONPOSITIVE": 96, "2022_day_R_NONPOSITIVE": 96, "2023_net40_R_NONPOSITIVE": 96, "2023_day_R_NONPOSITIVE": 96, "N_LT_300": 95, "SYMBOLS_LT_10": 95, "TOP_SYMBOL_GT_30PCT": 95, "NET40_MEAN_BP_NONPOSITIVE": 95, "2021_N": 95, "2021_DATES": 95, "2021_net40_mean_bp_NONPOSITIVE": 95, "2022_N": 95, "2022_DATES": 95, "2022_net40_mean_bp_NONPOSITIVE": 95, "2023_N": 95, "2023_DATES": 95, "2023_net40_mean_bp_NONPOSITIVE": 95}, "note": "Frozen breakout level and closed retest experiment. Overlapping diagnostics are not executable account growth."}
2026-10-07T07:55:48.6560875Z V13_RETEST_SELECT {"status": "NO_DEVELOPMENT_POLICY_SURVIVOR", "cells_examined": 96, "selected": [], "policies": [], "union_name": "BREAKOUT_LEVEL_RETEST_UNION", "source_context_sha256": "91835c8f0b86a06046841c757e76202fc5e0b602e5b17bc471966e49ab762c95", "source_symbols": 16, "economic_surviving_cells": 0, "rejection_counts": {"2021_DATES": 96, "2022_DATES": 96, "2023_DATES": 96, "N_LT_300": 95, "SYMBOLS_LT_10": 95, "TOP_SYMBOL_GT_30PCT": 95, "NET40_MEAN_BP_NONPOSITIVE": 95, "NET40_R_MEAN_NONPOSITIVE": 95, "2021_N": 95, "2021_net40_R_NONPOSITIVE": 95, "2021_net40_mean_bp_NONPOSITIVE": 95, "2021_day_R_NONPOSITIVE": 95, "2022_N": 95, "2022_net40_R_NONPOSITIVE": 95, "2022_net40_mean_bp_NONPOSITIVE": 95, "2022_day_R_NONPOSITIVE": 95, "2023_N": 95, "2023_net40_R_NONPOSITIVE": 95, "2023_net40_mean_bp_NONPOSITIVE": 95, "2023_day_R_NONPOSITIVE": 95}, "note": "Frozen breakout level and closed retest experiment. Overlapping diagnostics are not executable account growth."}
2026-10-07T07:55:48.6583093Z ok
2026-10-07T07:55:48.6592598Z test_real_frozen_catalogue_has856_and256_hashes (test_breakout_level_retest_v13.SelectionSourceTests.test_real_frozen_catalogue_has856_and256_hashes) ... ok
2026-10-07T07:55:48.6610571Z test_source_verifier_rejects_market_btc_and_catalogue_changes (test_breakout_level_retest_v13.SelectionSourceTests.test_source_verifier_rejects_market_btc_and_catalogue_changes) ... ok
2026-10-07T07:55:49.4650567Z test_synthetic_eight_file_shard_pipeline (test_breakout_level_retest_v13.SelectionSourceTests.test_synthetic_eight_file_shard_pipeline) ... V13_RETEST_SCAN DEV 1 / 1 parameterized_outcomes 0
2026-10-07T07:55:49.4682735Z V13_RETEST_SCAN_DONE DEV 0 chronology_exclusions 0
2026-10-07T07:55:49.4997030Z V13_RETEST_SCAN DEV 1 / 1 parameterized_outcomes 0
2026-10-07T07:55:49.5029138Z V13_RETEST_SCAN_DONE DEV 0 chronology_exclusions 0
2026-10-07T07:55:49.5351770Z V13_RETEST_SCAN DEV 1 / 1 parameterized_outcomes 0
2026-10-07T07:55:49.5384358Z V13_RETEST_SCAN_DONE DEV 0 chronology_exclusions 0
2026-10-07T07:55:49.5698247Z V13_RETEST_SCAN DEV 1 / 1 parameterized_outcomes 0
2026-10-07T07:55:49.5730207Z V13_RETEST_SCAN_DONE DEV 0 chronology_exclusions 0
2026-10-07T07:55:49.6040283Z V13_RETEST_SCAN DEV 1 / 1 parameterized_outcomes 0
2026-10-07T07:55:49.6072757Z V13_RETEST_SCAN_DONE DEV 0 chronology_exclusions 0
2026-10-07T07:55:49.6401253Z V13_RETEST_SCAN DEV 1 / 1 parameterized_outcomes 0
2026-10-07T07:55:49.6435417Z V13_RETEST_SCAN_DONE DEV 0 chronology_exclusions 0
2026-10-07T07:55:49.6757772Z V13_RETEST_SCAN DEV 1 / 1 parameterized_outcomes 0
2026-10-07T07:55:49.6790092Z V13_RETEST_SCAN_DONE DEV 0 chronology_exclusions 0
2026-10-07T07:55:49.7114496Z V13_RETEST_SCAN DEV 1 / 1 parameterized_outcomes 0
2026-10-07T07:55:49.7147062Z V13_RETEST_SCAN_DONE DEV 0 chronology_exclusions 0
2026-10-07T07:55:49.9562032Z V13_RETEST_SELECT {"status": "NO_DEVELOPMENT_POLICY_SURVIVOR", "cells_examined": 96, "selected": [], "policies": [], "union_name": "BREAKOUT_LEVEL_RETEST_UNION", "source_context_sha256": "db80b8afddf5a534e8478e9751a8b54e3cd1886aa32b0e9158e7a54c2ac01037", "source_symbols": 8, "economic_surviving_cells": 0, "rejection_counts": {"N_LT_300": 96, "SYMBOLS_LT_10": 96, "TOP_SYMBOL_GT_30PCT": 96, "NET40_MEAN_BP_NONPOSITIVE": 96, "NET40_R_MEAN_NONPOSITIVE": 96, "2021_N": 96, "2021_DATES": 96, "2021_net40_R_NONPOSITIVE": 96, "2021_net40_mean_bp_NONPOSITIVE": 96, "2021_day_R_NONPOSITIVE": 96, "2022_N": 96, "2022_DATES": 96, "2022_net40_R_NONPOSITIVE": 96, "2022_net40_mean_bp_NONPOSITIVE": 96, "2022_day_R_NONPOSITIVE": 96, "2023_N": 96, "2023_DATES": 96, "2023_net40_R_NONPOSITIVE": 96, "2023_net40_mean_bp_NONPOSITIVE": 96, "2023_day_R_NONPOSITIVE": 96}, "note": "Frozen breakout level and closed retest experiment. Overlapping diagnostics are not executable account growth."}
2026-10-07T07:55:49.9580641Z V13_SYNTHETIC_PIPELINE_PASS {"synthetic_only": true, "scans": 8, "all96_cells_preserved": true, "market_profitability_claim": false}
2026-10-07T07:55:49.9648986Z ok
2026-10-07T07:55:49.9660754Z test_breakout_guards_are_checked_before_state_creation (test_breakout_level_retest_v13.SnapshotTests.test_breakout_guards_are_checked_before_state_creation) ... ok
2026-10-07T07:55:49.9665879Z test_failed_close_cancels_before_retest (test_breakout_level_retest_v13.SnapshotTests.test_failed_close_cancels_before_retest) ... ok
2026-10-07T07:55:49.9670802Z test_first_retest_consumes_snapshot_and_invalid_fill_cannot_retry (test_breakout_level_retest_v13.SnapshotTests.test_first_retest_consumes_snapshot_and_invalid_fill_cannot_retry) ... ok
2026-10-07T07:55:49.9676594Z test_lowvolume_arithmetic_mean_excludes_breakout_and_uses_frozen_baseline (test_breakout_level_retest_v13.SnapshotTests.test_lowvolume_arithmetic_mean_excludes_breakout_and_uses_frozen_baseline) ... ok
2026-10-07T07:55:49.9681872Z test_maximum_wait_is_inclusive_and_expired_snapshot_cannot_signal (test_breakout_level_retest_v13.SnapshotTests.test_maximum_wait_is_inclusive_and_expired_snapshot_cannot_signal) ... ok
2026-10-07T07:55:49.9688466Z test_mirrored_sides_and_minimum_wait (test_breakout_level_retest_v13.SnapshotTests.test_mirrored_sides_and_minimum_wait) ... ok
2026-10-07T07:55:49.9701574Z test_retest_touch_recovery_body_clv_and_market_guards (test_breakout_level_retest_v13.SnapshotTests.test_retest_touch_recovery_body_clv_and_market_guards) ... ok
2026-10-07T07:55:49.9705188Z test_snapshot_ignores_new_breakout_and_keeps_original_level_atr_baseline (test_breakout_level_retest_v13.SnapshotTests.test_snapshot_ignores_new_breakout_and_keeps_original_level_atr_baseline) ... ok
2026-10-07T07:55:49.9707671Z test_source_gap_clears_snapshot (test_breakout_level_retest_v13.SnapshotTests.test_source_gap_clears_snapshot) ... ok
2026-10-07T07:55:49.9709313Z test_unknown_participation_fails_closed (test_breakout_level_retest_v13.SnapshotTests.test_unknown_participation_fails_closed) ... ok
2026-10-07T07:55:49.9718901Z test_canonical_gap_return_not_changed_by_retention (test_taker_absorption_release_v12.FailedOriginalTests.test_canonical_gap_return_not_changed_by_retention) ... ok
2026-10-07T07:55:49.9732544Z test_malformed_bytes_retained_without_inventing_validity (test_taker_absorption_release_v12.FailedOriginalTests.test_malformed_bytes_retained_without_inventing_validity) ... ok
2026-10-07T07:55:49.9750801Z test_tamper_failed_zip_and_checksum_rejected_with_bytes_saved (test_taker_absorption_release_v12.FailedOriginalTests.test_tamper_failed_zip_and_checksum_rejected_with_bytes_saved) ... ok
2026-10-07T07:55:49.9753846Z test_exact_btc_alignment_missing_prior_never_filled (test_taker_absorption_release_v12.FeatureTests.test_exact_btc_alignment_missing_prior_never_filled) ... ok
2026-10-07T07:55:49.9983529Z test_future_mutation_does_not_change_features_or_existing_intents (test_taker_absorption_release_v12.FeatureTests.test_future_mutation_does_not_change_features_or_existing_intents) ... ok
2026-10-07T07:55:50.0145521Z test_gap_restarts_setup_and_pre_setup_volume (test_taker_absorption_release_v12.FeatureTests.test_gap_restarts_setup_and_pre_setup_volume) ... ok
2026-10-07T07:55:50.0151293Z test_grid_sixteen_entries_ninety_six_policies (test_taker_absorption_release_v12.FeatureTests.test_grid_sixteen_entries_ninety_six_policies) ... ok
2026-10-07T07:55:50.0241011Z test_independent_setup_window_volume_weighting_and_cutoffs (test_taker_absorption_release_v12.FeatureTests.test_independent_setup_window_volume_weighting_and_cutoffs) ... ok
2026-10-07T07:55:50.0415716Z test_release_bar_cannot_change_its_setup_or_prior_atr (test_taker_absorption_release_v12.FeatureTests.test_release_bar_cannot_change_its_setup_or_prior_atr) ... ok
2026-10-07T07:55:50.3406977Z test_all96_including_zero_and_frozen_selection (test_taker_absorption_release_v12.SelectionSourceTests.test_all96_including_zero_and_frozen_selection) ... V12_ABSORPTION_SELECT {"status": "ACCOUNT_REPLAY_REQUIRED", "cells_examined": 96, "selected": [{"key": "ABSORB_S+1_W4_Q60_PRICE_ONLY", "side": 1, "window": 4, "share": 0.6, "flow": "PRICE_ONLY", "hold": 16, "exit_type": "TP2", "policy": "ABSORB_S+1_W4_Q60_PRICE_ONLY__H16__TP2", "development_net40_R": 0.5, "development_worst_year_day_R": 0.5}], "policies": [{"key": "ABSORB_S+1_W4_Q60_PRICE_ONLY", "side": 1, "window": 4, "share": 0.6, "flow": "PRICE_ONLY", "hold": 16, "exit_type": "TP2", "policy": "ABSORB_S+1_W4_Q60_PRICE_ONLY__H16__TP2", "development_net40_R": 0.5, "development_worst_year_day_R": 0.5}], "union_name": "TAKER_ABSORPTION_RELEASE_UNION", "source_context_sha256": "91835c8f0b86a06046841c757e76202fc5e0b602e5b17bc471966e49ab762c95", "source_symbols": 16, "economic_surviving_cells": 1, "rejection_counts": {"N_LT_300": 95, "SYMBOLS_LT_10": 95, "TOP_SYMBOL_GT_30PCT": 95, "NET40_MEAN_BP_NONPOSITIVE": 95, "NET40_R_MEAN_NONPOSITIVE": 95, "2021_N": 95, "2021_DATES": 95, "2021_net40_R_NONPOSITIVE": 95, "2021_net40_mean_bp_NONPOSITIVE": 95, "2021_day_R_NONPOSITIVE": 95, "2022_N": 95, "2022_DATES": 95, "2022_net40_R_NONPOSITIVE": 95, "2022_net40_mean_bp_NONPOSITIVE": 95, "2022_day_R_NONPOSITIVE": 95, "2023_N": 95, "2023_DATES": 95, "2023_net40_R_NONPOSITIVE": 95, "2023_net40_mean_bp_NONPOSITIVE": 95, "2023_day_R_NONPOSITIVE": 95}, "note": "Executed-flow versus price-response absorption-release experiment. Overlapping diagnostics are not executable account growth."}
2026-10-07T07:55:50.3440963Z ok
2026-10-07T07:55:50.6018080Z test_empty_preserves_all96_zero_cells (test_taker_absorption_release_v12.SelectionSourceTests.test_empty_preserves_all96_zero_cells) ... V12_ABSORPTION_SELECT {"status": "NO_DEVELOPMENT_POLICY_SURVIVOR", "cells_examined": 96, "selected": [], "policies": [], "union_name": "TAKER_ABSORPTION_RELEASE_UNION", "source_context_sha256": "91835c8f0b86a06046841c757e76202fc5e0b602e5b17bc471966e49ab762c95", "source_symbols": 16, "economic_surviving_cells": 0, "rejection_counts": {"N_LT_300": 96, "SYMBOLS_LT_10": 96, "TOP_SYMBOL_GT_30PCT": 96, "NET40_MEAN_BP_NONPOSITIVE": 96, "NET40_R_MEAN_NONPOSITIVE": 96, "2021_N": 96, "2021_DATES": 96, "2021_net40_R_NONPOSITIVE": 96, "2021_net40_mean_bp_NONPOSITIVE": 96, "2021_day_R_NONPOSITIVE": 96, "2022_N": 96, "2022_DATES": 96, "2022_net40_R_NONPOSITIVE": 96, "2022_net40_mean_bp_NONPOSITIVE": 96, "2022_day_R_NONPOSITIVE": 96, "2023_N": 96, "2023_DATES": 96, "2023_net40_R_NONPOSITIVE": 96, "2023_net40_mean_bp_NONPOSITIVE": 96, "2023_day_R_NONPOSITIVE": 96}, "note": "Executed-flow versus price-response absorption-release experiment. Overlapping diagnostics are not executable account growth."}
2026-10-07T07:55:50.6049544Z ok
2026-10-07T07:55:50.7748230Z test_incomplete_duplicate_or_tampered_shards_fail_closed (test_taker_absorption_release_v12.SelectionSourceTests.test_incomplete_duplicate_or_tampered_shards_fail_closed) ... ok
2026-10-07T07:55:51.0486464Z test_negative_or_clustered_active_dates_fail (test_taker_absorption_release_v12.SelectionSourceTests.test_negative_or_clustered_active_dates_fail) ... V12_ABSORPTION_SELECT {"status": "NO_DEVELOPMENT_POLICY_SURVIVOR", "cells_examined": 96, "selected": [], "policies": [], "union_name": "TAKER_ABSORPTION_RELEASE_UNION", "source_context_sha256": "91835c8f0b86a06046841c757e76202fc5e0b602e5b17bc471966e49ab762c95", "source_symbols": 16, "economic_surviving_cells": 0, "rejection_counts": {"TOP_SYMBOL_GT_30PCT": 96, "NET40_MEAN_BP_NONPOSITIVE": 96, "2021_net40_mean_bp_NONPOSITIVE": 96, "2022_net40_mean_bp_NONPOSITIVE": 96, "2023_net40_mean_bp_NONPOSITIVE": 96, "N_LT_300": 95, "SYMBOLS_LT_10": 95, "NET40_R_MEAN_NONPOSITIVE": 95, "2021_N": 95, "2021_DATES": 95, "2021_net40_R_NONPOSITIVE": 95, "2021_day_R_NONPOSITIVE": 95, "2022_N": 95, "2022_DATES": 95, "2022_net40_R_NONPOSITIVE": 95, "2022_day_R_NONPOSITIVE": 95, "2023_N": 95, "2023_DATES": 95, "2023_net40_R_NONPOSITIVE": 95, "2023_day_R_NONPOSITIVE": 95}, "note": "Executed-flow versus price-response absorption-release experiment. Overlapping diagnostics are not executable account growth."}
2026-10-07T07:55:51.3291097Z V12_ABSORPTION_SELECT {"status": "NO_DEVELOPMENT_POLICY_SURVIVOR", "cells_examined": 96, "selected": [], "policies": [], "union_name": "TAKER_ABSORPTION_RELEASE_UNION", "source_context_sha256": "91835c8f0b86a06046841c757e76202fc5e0b602e5b17bc471966e49ab762c95", "source_symbols": 16, "economic_surviving_cells": 0, "rejection_counts": {"NET40_R_MEAN_NONPOSITIVE": 96, "2021_net40_R_NONPOSITIVE": 96, "2021_day_R_NONPOSITIVE": 96, "2022_net40_R_NONPOSITIVE": 96, "2022_day_R_NONPOSITIVE": 96, "2023_net40_R_NONPOSITIVE": 96, "2023_day_R_NONPOSITIVE": 96, "N_LT_300": 95, "SYMBOLS_LT_10": 95, "TOP_SYMBOL_GT_30PCT": 95, "NET40_MEAN_BP_NONPOSITIVE": 95, "2021_N": 95, "2021_DATES": 95, "2021_net40_mean_bp_NONPOSITIVE": 95, "2022_N": 95, "2022_DATES": 95, "2022_net40_mean_bp_NONPOSITIVE": 95, "2023_N": 95, "2023_DATES": 95, "2023_net40_mean_bp_NONPOSITIVE": 95}, "note": "Executed-flow versus price-response absorption-release experiment. Overlapping diagnostics are not executable account growth."}
2026-10-07T07:55:51.6070666Z V12_ABSORPTION_SELECT {"status": "NO_DEVELOPMENT_POLICY_SURVIVOR", "cells_examined": 96, "selected": [], "policies": [], "union_name": "TAKER_ABSORPTION_RELEASE_UNION", "source_context_sha256": "91835c8f0b86a06046841c757e76202fc5e0b602e5b17bc471966e49ab762c95", "source_symbols": 16, "economic_surviving_cells": 0, "rejection_counts": {"2021_DATES": 96, "2022_DATES": 96, "2023_DATES": 96, "N_LT_300": 95, "SYMBOLS_LT_10": 95, "TOP_SYMBOL_GT_30PCT": 95, "NET40_MEAN_BP_NONPOSITIVE": 95, "NET40_R_MEAN_NONPOSITIVE": 95, "2021_N": 95, "2021_net40_R_NONPOSITIVE": 95, "2021_net40_mean_bp_NONPOSITIVE": 95, "2021_day_R_NONPOSITIVE": 95, "2022_N": 95, "2022_net40_R_NONPOSITIVE": 95, "2022_net40_mean_bp_NONPOSITIVE": 95, "2022_day_R_NONPOSITIVE": 95, "2023_N": 95, "2023_net40_R_NONPOSITIVE": 95, "2023_net40_mean_bp_NONPOSITIVE": 95, "2023_day_R_NONPOSITIVE": 95}, "note": "Executed-flow versus price-response absorption-release experiment. Overlapping diagnostics are not executable account growth."}
2026-10-07T07:55:51.6089188Z ok
2026-10-07T07:55:51.6097662Z test_real_frozen_catalogue_has856_and256_hashes (test_taker_absorption_release_v12.SelectionSourceTests.test_real_frozen_catalogue_has856_and256_hashes) ... ok
2026-10-07T07:55:51.6115198Z test_source_verifier_rejects_market_btc_and_catalogue_changes (test_taker_absorption_release_v12.SelectionSourceTests.test_source_verifier_rejects_market_btc_and_catalogue_changes) ... ok
2026-10-07T07:55:52.4237750Z test_synthetic_eight_file_shard_pipeline (test_taker_absorption_release_v12.SelectionSourceTests.test_synthetic_eight_file_shard_pipeline) ... V12_ABSORPTION_SCAN DEV 1 / 1 parameterized_outcomes 0
2026-10-07T07:55:52.4272128Z V12_ABSORPTION_SCAN_DONE DEV 0 chronology_exclusions 0
2026-10-07T07:55:52.4714375Z V12_ABSORPTION_SCAN DEV 1 / 1 parameterized_outcomes 0
2026-10-07T07:55:52.4749505Z V12_ABSORPTION_SCAN_DONE DEV 0 chronology_exclusions 0
2026-10-07T07:55:52.5199799Z V12_ABSORPTION_SCAN DEV 1 / 1 parameterized_outcomes 0
2026-10-07T07:55:52.5236685Z V12_ABSORPTION_SCAN_DONE DEV 0 chronology_exclusions 0
2026-10-07T07:55:52.5704421Z V12_ABSORPTION_SCAN DEV 1 / 1 parameterized_outcomes 0
2026-10-07T07:55:52.5739166Z V12_ABSORPTION_SCAN_DONE DEV 0 chronology_exclusions 0
2026-10-07T07:55:52.6173678Z V12_ABSORPTION_SCAN DEV 1 / 1 parameterized_outcomes 0
2026-10-07T07:55:52.6208642Z V12_ABSORPTION_SCAN_DONE DEV 0 chronology_exclusions 0
2026-10-07T07:55:52.6632740Z V12_ABSORPTION_SCAN DEV 1 / 1 parameterized_outcomes 0
2026-10-07T07:55:52.6668877Z V12_ABSORPTION_SCAN_DONE DEV 0 chronology_exclusions 0
2026-10-07T07:55:52.7103091Z V12_ABSORPTION_SCAN DEV 1 / 1 parameterized_outcomes 0
2026-10-07T07:55:52.7141761Z V12_ABSORPTION_SCAN_DONE DEV 0 chronology_exclusions 0
2026-10-07T07:55:52.7588690Z V12_ABSORPTION_SCAN DEV 1 / 1 parameterized_outcomes 0
2026-10-07T07:55:52.7623981Z V12_ABSORPTION_SCAN_DONE DEV 0 chronology_exclusions 0
2026-10-07T07:55:53.0091828Z V12_ABSORPTION_SELECT {"status": "NO_DEVELOPMENT_POLICY_SURVIVOR", "cells_examined": 96, "selected": [], "policies": [], "union_name": "TAKER_ABSORPTION_RELEASE_UNION", "source_context_sha256": "c0c759fd682a384903d36aea7337fbf731f088208609ebc22fcb6a3f4cb1b961", "source_symbols": 8, "economic_surviving_cells": 0, "rejection_counts": {"N_LT_300": 96, "SYMBOLS_LT_10": 96, "TOP_SYMBOL_GT_30PCT": 96, "NET40_MEAN_BP_NONPOSITIVE": 96, "NET40_R_MEAN_NONPOSITIVE": 96, "2021_N": 96, "2021_DATES": 96, "2021_net40_R_NONPOSITIVE": 96, "2021_net40_mean_bp_NONPOSITIVE": 96, "2021_day_R_NONPOSITIVE": 96, "2022_N": 96, "2022_DATES": 96, "2022_net40_R_NONPOSITIVE": 96, "2022_net40_mean_bp_NONPOSITIVE": 96, "2022_day_R_NONPOSITIVE": 96, "2023_N": 96, "2023_DATES": 96, "2023_net40_R_NONPOSITIVE": 96, "2023_net40_mean_bp_NONPOSITIVE": 96, "2023_day_R_NONPOSITIVE": 96}, "note": "Executed-flow versus price-response absorption-release experiment. Overlapping diagnostics are not executable account growth."}
2026-10-07T07:55:53.0110229Z V12_SYNTHETIC_PIPELINE_PASS {"synthetic_only": true, "scans": 8, "all96_cells_preserved": true, "market_profitability_claim": false}
2026-10-07T07:55:53.0178228Z ok
2026-10-07T07:55:53.0192914Z test_actual_minute_entry_mismatch_and_gap_are_excluded (test_taker_absorption_release_v12.SignalExitTests.test_actual_minute_entry_mismatch_and_gap_are_excluded) ... ok
2026-10-07T07:55:53.0223748Z test_actual_one_minute_entry_tp_and_established_collision_order (test_taker_absorption_release_v12.SignalExitTests.test_actual_one_minute_entry_tp_and_established_collision_order) ... ok
2026-10-07T07:55:53.0235887Z test_authoritative_exclusions_remain_excluded (test_taker_absorption_release_v12.SignalExitTests.test_authoritative_exclusions_remain_excluded) ... ok
2026-10-07T07:55:53.0246953Z test_both_sides_and_confirmation_modes_release_against_setup_flow (test_taker_absorption_release_v12.SignalExitTests.test_both_sides_and_confirmation_modes_release_against_setup_flow) ... ok
2026-10-07T07:55:53.0256289Z test_favorable_gap_wrong_side_wide_stop_and_path_exclusions (test_taker_absorption_release_v12.SignalExitTests.test_favorable_gap_wrong_side_wide_stop_and_path_exclusions) ... ok
2026-10-07T07:55:53.0262002Z test_next_open_structural_stop_actual_risk_and_priority (test_taker_absorption_release_v12.SignalExitTests.test_next_open_structural_stop_actual_risk_and_priority) ... ok
2026-10-07T07:55:53.0267897Z test_release_current_flow_is_separate_and_optional (test_taker_absorption_release_v12.SignalExitTests.test_release_current_flow_is_separate_and_optional) ... ok
2026-10-07T07:55:53.0287087Z test_setup_volume_flatness_persistence_and_release_are_required (test_taker_absorption_release_v12.SignalExitTests.test_setup_volume_flatness_persistence_and_release_are_required) ... ok
2026-10-07T07:55:53.0290616Z test_stop_floor_and_cooldown_independent_of_exit (test_taker_absorption_release_v12.SignalExitTests.test_stop_floor_and_cooldown_independent_of_exit) ... ok
2026-10-07T07:55:53.0303997Z test_tp_two_three_trail_shared_resolver_and_independent_net (test_taker_absorption_release_v12.SignalExitTests.test_tp_two_three_trail_shared_resolver_and_independent_net) ... ok
2026-10-07T07:55:53.0405013Z test_breakout_atr_and_prior_flow_exclude_current (test_aggressive_flow_cascade_v11.FeatureTests.test_breakout_atr_and_prior_flow_exclude_current) ... ok
2026-10-07T07:55:53.0489385Z test_coin_gap_restarts_every_prior_window (test_aggressive_flow_cascade_v11.FeatureTests.test_coin_gap_restarts_every_prior_window) ... ok
2026-10-07T07:55:53.0491473Z test_exact_btc_alignment_never_interpolates (test_aggressive_flow_cascade_v11.FeatureTests.test_exact_btc_alignment_never_interpolates) ... ok
2026-10-07T07:55:53.0613252Z test_future_mutation_cannot_change_earlier_features (test_aggressive_flow_cascade_v11.FeatureTests.test_future_mutation_cannot_change_earlier_features) ... ok
2026-10-07T07:55:53.0620014Z test_grid_is_sixteen_by_two_by_three (test_aggressive_flow_cascade_v11.FeatureTests.test_grid_is_sixteen_by_two_by_three) ... ok
2026-10-07T07:55:53.3397351Z test_all96_including_zero_and_frozen_selection (test_aggressive_flow_cascade_v11.SelectionSourceTests.test_all96_including_zero_and_frozen_selection) ... V11_CASCADE_SELECT {"status": "ACCOUNT_REPLAY_REQUIRED", "cells_examined": 96, "selected": [{"key": "CASCADE_S+1_T15_B16_CURRENT65", "side": 1, "threshold": 0.015, "lookback": 16, "flow": "CURRENT65", "hold": 8, "exit_type": "TP15", "policy": "CASCADE_S+1_T15_B16_CURRENT65__H8__TP15", "development_net40_R": 0.5, "development_worst_year_day_R": 0.5}], "policies": [{"key": "CASCADE_S+1_T15_B16_CURRENT65", "side": 1, "threshold": 0.015, "lookback": 16, "flow": "CURRENT65", "hold": 8, "exit_type": "TP15", "policy": "CASCADE_S+1_T15_B16_CURRENT65__H8__TP15", "development_net40_R": 0.5, "development_worst_year_day_R": 0.5}], "union_name": "AGGRESSIVE_FLOW_CASCADE_UNION", "source_context_sha256": "91835c8f0b86a06046841c757e76202fc5e0b602e5b17bc471966e49ab762c95", "source_symbols": 16, "economic_surviving_cells": 1, "rejection_counts": {"N_LT_300": 95, "SYMBOLS_LT_10": 95, "TOP_SYMBOL_GT_30PCT": 95, "NET40_MEAN_BP_NONPOSITIVE": 95, "NET40_R_MEAN_NONPOSITIVE": 95, "2021_N": 95, "2021_DATES": 95, "2021_net40_R_NONPOSITIVE": 95, "2021_net40_mean_bp_NONPOSITIVE": 95, "2021_day_R_NONPOSITIVE": 95, "2022_N": 95, "2022_DATES": 95, "2022_net40_R_NONPOSITIVE": 95, "2022_net40_mean_bp_NONPOSITIVE": 95, "2022_day_R_NONPOSITIVE": 95, "2023_N": 95, "2023_DATES": 95, "2023_net40_R_NONPOSITIVE": 95, "2023_net40_mean_bp_NONPOSITIVE": 95, "2023_day_R_NONPOSITIVE": 95}, "note": "Short-horizon aggressive-flow continuation experiment. Overlapping diagnostics are not executable account growth."}
2026-10-07T07:55:53.3440748Z ok
2026-10-07T07:55:53.6216580Z test_empty_preserves_all96_zero_cells (test_aggressive_flow_cascade_v11.SelectionSourceTests.test_empty_preserves_all96_zero_cells) ... V11_CASCADE_SELECT {"status": "NO_DEVELOPMENT_POLICY_SURVIVOR", "cells_examined": 96, "selected": [], "policies": [], "union_name": "AGGRESSIVE_FLOW_CASCADE_UNION", "source_context_sha256": "91835c8f0b86a06046841c757e76202fc5e0b602e5b17bc471966e49ab762c95", "source_symbols": 16, "economic_surviving_cells": 0, "rejection_counts": {"N_LT_300": 96, "SYMBOLS_LT_10": 96, "TOP_SYMBOL_GT_30PCT": 96, "NET40_MEAN_BP_NONPOSITIVE": 96, "NET40_R_MEAN_NONPOSITIVE": 96, "2021_N": 96, "2021_DATES": 96, "2021_net40_R_NONPOSITIVE": 96, "2021_net40_mean_bp_NONPOSITIVE": 96, "2021_day_R_NONPOSITIVE": 96, "2022_N": 96, "2022_DATES": 96, "2022_net40_R_NONPOSITIVE": 96, "2022_net40_mean_bp_NONPOSITIVE": 96, "2022_day_R_NONPOSITIVE": 96, "2023_N": 96, "2023_DATES": 96, "2023_net40_R_NONPOSITIVE": 96, "2023_net40_mean_bp_NONPOSITIVE": 96, "2023_day_R_NONPOSITIVE": 96}, "note": "Short-horizon aggressive-flow continuation experiment. Overlapping diagnostics are not executable account growth."}
2026-10-07T07:55:53.6255375Z ok
2026-10-07T07:55:53.7831547Z test_incomplete_duplicate_or_tampered_shards_fail_closed (test_aggressive_flow_cascade_v11.SelectionSourceTests.test_incomplete_duplicate_or_tampered_shards_fail_closed) ... ok
2026-10-07T07:55:54.0533672Z test_negative_or_clustered_active_dates_fail (test_aggressive_flow_cascade_v11.SelectionSourceTests.test_negative_or_clustered_active_dates_fail) ... V11_CASCADE_SELECT {"status": "NO_DEVELOPMENT_POLICY_SURVIVOR", "cells_examined": 96, "selected": [], "policies": [], "union_name": "AGGRESSIVE_FLOW_CASCADE_UNION", "source_context_sha256": "91835c8f0b86a06046841c757e76202fc5e0b602e5b17bc471966e49ab762c95", "source_symbols": 16, "economic_surviving_cells": 0, "rejection_counts": {"TOP_SYMBOL_GT_30PCT": 96, "NET40_MEAN_BP_NONPOSITIVE": 96, "2021_net40_mean_bp_NONPOSITIVE": 96, "2022_net40_mean_bp_NONPOSITIVE": 96, "2023_net40_mean_bp_NONPOSITIVE": 96, "N_LT_300": 95, "SYMBOLS_LT_10": 95, "NET40_R_MEAN_NONPOSITIVE": 95, "2021_N": 95, "2021_DATES": 95, "2021_net40_R_NONPOSITIVE": 95, "2021_day_R_NONPOSITIVE": 95, "2022_N": 95, "2022_DATES": 95, "2022_net40_R_NONPOSITIVE": 95, "2022_day_R_NONPOSITIVE": 95, "2023_N": 95, "2023_DATES": 95, "2023_net40_R_NONPOSITIVE": 95, "2023_day_R_NONPOSITIVE": 95}, "note": "Short-horizon aggressive-flow continuation experiment. Overlapping diagnostics are not executable account growth."}
2026-10-07T07:55:54.3219789Z V11_CASCADE_SELECT {"status": "NO_DEVELOPMENT_POLICY_SURVIVOR", "cells_examined": 96, "selected": [], "policies": [], "union_name": "AGGRESSIVE_FLOW_CASCADE_UNION", "source_context_sha256": "91835c8f0b86a06046841c757e76202fc5e0b602e5b17bc471966e49ab762c95", "source_symbols": 16, "economic_surviving_cells": 0, "rejection_counts": {"NET40_R_MEAN_NONPOSITIVE": 96, "2021_net40_R_NONPOSITIVE": 96, "2021_day_R_NONPOSITIVE": 96, "2022_net40_R_NONPOSITIVE": 96, "2022_day_R_NONPOSITIVE": 96, "2023_net40_R_NONPOSITIVE": 96, "2023_day_R_NONPOSITIVE": 96, "N_LT_300": 95, "SYMBOLS_LT_10": 95, "TOP_SYMBOL_GT_30PCT": 95, "NET40_MEAN_BP_NONPOSITIVE": 95, "2021_N": 95, "2021_DATES": 95, "2021_net40_mean_bp_NONPOSITIVE": 95, "2022_N": 95, "2022_DATES": 95, "2022_net40_mean_bp_NONPOSITIVE": 95, "2023_N": 95, "2023_DATES": 95, "2023_net40_mean_bp_NONPOSITIVE": 95}, "note": "Short-horizon aggressive-flow continuation experiment. Overlapping diagnostics are not executable account growth."}
2026-10-07T07:55:54.5946154Z V11_CASCADE_SELECT {"status": "NO_DEVELOPMENT_POLICY_SURVIVOR", "cells_examined": 96, "selected": [], "policies": [], "union_name": "AGGRESSIVE_FLOW_CASCADE_UNION", "source_context_sha256": "91835c8f0b86a06046841c757e76202fc5e0b602e5b17bc471966e49ab762c95", "source_symbols": 16, "economic_surviving_cells": 0, "rejection_counts": {"2021_DATES": 96, "2022_DATES": 96, "2023_DATES": 96, "N_LT_300": 95, "SYMBOLS_LT_10": 95, "TOP_SYMBOL_GT_30PCT": 95, "NET40_MEAN_BP_NONPOSITIVE": 95, "NET40_R_MEAN_NONPOSITIVE": 95, "2021_N": 95, "2021_net40_R_NONPOSITIVE": 95, "2021_net40_mean_bp_NONPOSITIVE": 95, "2021_day_R_NONPOSITIVE": 95, "2022_N": 95, "2022_net40_R_NONPOSITIVE": 95, "2022_net40_mean_bp_NONPOSITIVE": 95, "2022_day_R_NONPOSITIVE": 95, "2023_N": 95, "2023_net40_R_NONPOSITIVE": 95, "2023_net40_mean_bp_NONPOSITIVE": 95, "2023_day_R_NONPOSITIVE": 95}, "note": "Short-horizon aggressive-flow continuation experiment. Overlapping diagnostics are not executable account growth."}
2026-10-07T07:55:54.5968142Z ok
2026-10-07T07:55:54.5976666Z test_real_frozen_catalogue_has856_and256_hashes (test_aggressive_flow_cascade_v11.SelectionSourceTests.test_real_frozen_catalogue_has856_and256_hashes) ... ok
2026-10-07T07:55:54.5995711Z test_source_verifier_rejects_market_btc_and_catalogue_changes (test_aggressive_flow_cascade_v11.SelectionSourceTests.test_source_verifier_rejects_market_btc_and_catalogue_changes) ... ok
2026-10-07T07:55:55.3979882Z test_synthetic_eight_file_shard_pipeline (test_aggressive_flow_cascade_v11.SelectionSourceTests.test_synthetic_eight_file_shard_pipeline) ... V11_CASCADE_SCAN DEV 1 / 1 parameterized_outcomes 0
2026-10-07T07:55:55.4016939Z V11_CASCADE_SCAN_DONE DEV 0 chronology_exclusions 0
2026-10-07T07:55:55.4387057Z V11_CASCADE_SCAN DEV 1 / 1 parameterized_outcomes 0
2026-10-07T07:55:55.4420117Z V11_CASCADE_SCAN_DONE DEV 0 chronology_exclusions 0
2026-10-07T07:55:55.4782076Z V11_CASCADE_SCAN DEV 1 / 1 parameterized_outcomes 0
2026-10-07T07:55:55.4814284Z V11_CASCADE_SCAN_DONE DEV 0 chronology_exclusions 0
2026-10-07T07:55:55.5176218Z V11_CASCADE_SCAN DEV 1 / 1 parameterized_outcomes 0
2026-10-07T07:55:55.5208552Z V11_CASCADE_SCAN_DONE DEV 0 chronology_exclusions 0
2026-10-07T07:55:55.5580563Z V11_CASCADE_SCAN DEV 1 / 1 parameterized_outcomes 0
2026-10-07T07:55:55.5613493Z V11_CASCADE_SCAN_DONE DEV 0 chronology_exclusions 0
2026-10-07T07:55:55.5986141Z V11_CASCADE_SCAN DEV 1 / 1 parameterized_outcomes 0
2026-10-07T07:55:55.6018450Z V11_CASCADE_SCAN_DONE DEV 0 chronology_exclusions 0
2026-10-07T07:55:55.6383880Z V11_CASCADE_SCAN DEV 1 / 1 parameterized_outcomes 0
2026-10-07T07:55:55.6416446Z V11_CASCADE_SCAN_DONE DEV 0 chronology_exclusions 0
2026-10-07T07:55:55.6784953Z V11_CASCADE_SCAN DEV 1 / 1 parameterized_outcomes 0
2026-10-07T07:55:55.6818164Z V11_CASCADE_SCAN_DONE DEV 0 chronology_exclusions 0
2026-10-07T07:55:55.9163943Z V11_CASCADE_SELECT {"status": "NO_DEVELOPMENT_POLICY_SURVIVOR", "cells_examined": 96, "selected": [], "policies": [], "union_name": "AGGRESSIVE_FLOW_CASCADE_UNION", "source_context_sha256": "eb86fc2f9f4ac966a0ad344a2c3d1158bed446459f67b6f4fb6cdd4d8f69e2ae", "source_symbols": 8, "economic_surviving_cells": 0, "rejection_counts": {"N_LT_300": 96, "SYMBOLS_LT_10": 96, "TOP_SYMBOL_GT_30PCT": 96, "NET40_MEAN_BP_NONPOSITIVE": 96, "NET40_R_MEAN_NONPOSITIVE": 96, "2021_N": 96, "2021_DATES": 96, "2021_net40_R_NONPOSITIVE": 96, "2021_net40_mean_bp_NONPOSITIVE": 96, "2021_day_R_NONPOSITIVE": 96, "2022_N": 96, "2022_DATES": 96, "2022_net40_R_NONPOSITIVE": 96, "2022_net40_mean_bp_NONPOSITIVE": 96, "2022_day_R_NONPOSITIVE": 96, "2023_N": 96, "2023_DATES": 96, "2023_net40_R_NONPOSITIVE": 96, "2023_net40_mean_bp_NONPOSITIVE": 96, "2023_day_R_NONPOSITIVE": 96}, "note": "Short-horizon aggressive-flow continuation experiment. Overlapping diagnostics are not executable account growth."}
2026-10-07T07:55:55.9186618Z V11_SYNTHETIC_PIPELINE_PASS {"synthetic_only": true, "scans": 8, "all96_cells_preserved": true, "market_profitability_claim": false}
2026-10-07T07:55:55.9254948Z ok
2026-10-07T07:55:55.9262841Z test_authoritative_exclusion_is_not_invented_loss (test_aggressive_flow_cascade_v11.SignalExitTests.test_authoritative_exclusion_is_not_invented_loss) ... ok
2026-10-07T07:55:55.9266881Z test_intent_cooldown_is_not_exit_conditioned (test_aggressive_flow_cascade_v11.SignalExitTests.test_intent_cooldown_is_not_exit_conditioned) ... ok
2026-10-07T07:55:55.9275175Z test_mirrored_current_and_persistent_flow_signals (test_aggressive_flow_cascade_v11.SignalExitTests.test_mirrored_current_and_persistent_flow_signals) ... ok
2026-10-07T07:55:55.9279089Z test_next_open_gap_actual_fill_stop_and_future_ohlc (test_aggressive_flow_cascade_v11.SignalExitTests.test_next_open_gap_actual_fill_stop_and_future_ohlc) ... ok
2026-10-07T07:55:55.9283606Z test_persistent_flow_uses_three_prior_bars_and_current_separately (test_aggressive_flow_cascade_v11.SignalExitTests.test_persistent_flow_uses_three_prior_bars_and_current_separately) ... ok
2026-10-07T07:55:55.9293208Z test_shock_relative_btc_volume_breakout_and_clv_are_hard (test_aggressive_flow_cascade_v11.SignalExitTests.test_shock_relative_btc_volume_breakout_and_clv_are_hard) ... ok
2026-10-07T07:55:55.9299700Z test_stop_floor_wide_invalid_and_path_gap_counted (test_aggressive_flow_cascade_v11.SignalExitTests.test_stop_floor_wide_invalid_and_path_gap_counted) ... ok
2026-10-07T07:55:55.9310108Z test_tp15_tp25_and_trail_use_shared_resolver (test_aggressive_flow_cascade_v11.SignalExitTests.test_tp15_tp25_and_trail_use_shared_resolver) ... ok
2026-10-07T07:55:55.9318235Z test_actual_fill_gap_ignores_future_entry_bar_ohlc (test_residual_reversion_v10.EntryExitTests.test_actual_fill_gap_ignores_future_entry_bar_ohlc) ... ok
2026-10-07T07:55:55.9321474Z test_actual_fill_risk_fit_cutoff_and_equilibrium_are_frozen (test_residual_reversion_v10.EntryExitTests.test_actual_fill_risk_fit_cutoff_and_equilibrium_are_frozen) ... ok
2026-10-07T07:55:55.9326562Z test_authoritative_exclusion_is_not_a_guessed_loss (test_residual_reversion_v10.EntryExitTests.test_authoritative_exclusion_is_not_a_guessed_loss) ... ok
2026-10-07T07:55:55.9332055Z test_common_shock_or_missing_btc_is_rejected (test_residual_reversion_v10.EntryExitTests.test_common_shock_or_missing_btc_is_rejected) ... ok
2026-10-07T07:55:55.9335582Z test_cooldown_depends_on_intents_not_future_exits (test_residual_reversion_v10.EntryExitTests.test_cooldown_depends_on_intents_not_future_exits) ... ok
2026-10-07T07:55:55.9340412Z test_flow_filter_and_price_only (test_residual_reversion_v10.EntryExitTests.test_flow_filter_and_price_only) ... ok
2026-10-07T07:55:55.9345227Z test_full_grid_is_sixteen_by_two_by_three (test_residual_reversion_v10.EntryExitTests.test_full_grid_is_sixteen_by_two_by_three) ... ok
2026-10-07T07:55:55.9357654Z test_mean_and_tp2_use_explicit_shared_fixed_target_path (test_residual_reversion_v10.EntryExitTests.test_mean_and_tp2_use_explicit_shared_fixed_target_path) ... ok
2026-10-07T07:55:55.9364825Z test_mirrored_residual_inward_confirmations (test_residual_reversion_v10.EntryExitTests.test_mirrored_residual_inward_confirmations) ... ok
2026-10-07T07:55:55.9369437Z test_next_open_path_and_split_bounds (test_residual_reversion_v10.EntryExitTests.test_next_open_path_and_split_bounds) ... ok
2026-10-07T07:55:55.9392443Z test_quality_room_deviation_and_relaxation_are_hard_conditions (test_residual_reversion_v10.EntryExitTests.test_quality_room_deviation_and_relaxation_are_hard_conditions) ... ok
2026-10-07T07:55:55.9400319Z test_stop_floor_maximum_invalid_atr_and_target_passed_are_counted (test_residual_reversion_v10.EntryExitTests.test_stop_floor_maximum_invalid_atr_and_target_passed_are_counted) ... ok
2026-10-07T07:55:55.9655322Z test_beta_intercept_sigma_r2_rho_half_life_against_direct_window (test_residual_reversion_v10.PriorModelTests.test_beta_intercept_sigma_r2_rho_half_life_against_direct_window) ... ok
2026-10-07T07:55:55.9996263Z test_coin_gap_restarts_the_full_prior_window (test_residual_reversion_v10.PriorModelTests.test_coin_gap_restarts_the_full_prior_window) ... ok
2026-10-07T07:55:56.0369582Z test_current_coin_and_btc_do_not_enter_training_moments (test_residual_reversion_v10.PriorModelTests.test_current_coin_and_btc_do_not_enter_training_moments) ... ok
2026-10-07T07:55:56.0542148Z test_current_turnover_atr_and_observed_days_are_causal (test_residual_reversion_v10.PriorModelTests.test_current_turnover_atr_and_observed_days_are_causal) ... ok
2026-10-07T07:55:56.0544935Z test_exact_alignment_never_interpolates_missing_or_future_btc (test_residual_reversion_v10.PriorModelTests.test_exact_alignment_never_interpolates_missing_or_future_btc) ... ok
2026-10-07T07:55:56.0955147Z test_future_mutation_cannot_change_earlier_any_model_value (test_residual_reversion_v10.PriorModelTests.test_future_mutation_cannot_change_earlier_any_model_value) ... ok
2026-10-07T07:55:56.1199202Z test_inward_change_uses_same_frozen_model_for_both_closes (test_residual_reversion_v10.PriorModelTests.test_inward_change_uses_same_frozen_model_for_both_closes) ... ok
2026-10-07T07:55:56.1438585Z test_missing_btc_invalidates_every_contaminated_training_window (test_residual_reversion_v10.PriorModelTests.test_missing_btc_invalidates_every_contaminated_training_window) ... ok
2026-10-07T07:55:56.1918521Z test_zero_factor_and_residual_variance_fail_closed (test_residual_reversion_v10.PriorModelTests.test_zero_factor_and_residual_variance_fail_closed) ... ok
2026-10-07T07:55:56.9987585Z test_actual_synthetic_file_scan_and_selection_pipeline (test_residual_reversion_v10.SelectionSourceTests.test_actual_synthetic_file_scan_and_selection_pipeline) ... V10_RESIDUAL_SCAN DEV 1 / 1 parameterized_outcomes 0
2026-10-07T07:55:57.0024180Z V10_RESIDUAL_SCAN_DONE DEV 0 chronology_exclusions 0
2026-10-07T07:55:57.0512019Z V10_RESIDUAL_SCAN DEV 1 / 1 parameterized_outcomes 0
2026-10-07T07:55:57.0546420Z V10_RESIDUAL_SCAN_DONE DEV 0 chronology_exclusions 0
2026-10-07T07:55:57.1013942Z V10_RESIDUAL_SCAN DEV 1 / 1 parameterized_outcomes 0
2026-10-07T07:55:57.1047104Z V10_RESIDUAL_SCAN_DONE DEV 0 chronology_exclusions 0
2026-10-07T07:55:57.1498758Z V10_RESIDUAL_SCAN DEV 1 / 1 parameterized_outcomes 0
2026-10-07T07:55:57.1531902Z V10_RESIDUAL_SCAN_DONE DEV 0 chronology_exclusions 0
2026-10-07T07:55:57.1975253Z V10_RESIDUAL_SCAN DEV 1 / 1 parameterized_outcomes 0
2026-10-07T07:55:57.2009866Z V10_RESIDUAL_SCAN_DONE DEV 0 chronology_exclusions 0
2026-10-07T07:55:57.2458780Z V10_RESIDUAL_SCAN DEV 1 / 1 parameterized_outcomes 0
2026-10-07T07:55:57.2491326Z V10_RESIDUAL_SCAN_DONE DEV 0 chronology_exclusions 0
2026-10-07T07:55:57.2950366Z V10_RESIDUAL_SCAN DEV 1 / 1 parameterized_outcomes 0
2026-10-07T07:55:57.2985248Z V10_RESIDUAL_SCAN_DONE DEV 0 chronology_exclusions 0
2026-10-07T07:55:57.3460837Z V10_RESIDUAL_SCAN DEV 1 / 1 parameterized_outcomes 0
2026-10-07T07:55:57.3495461Z V10_RESIDUAL_SCAN_DONE DEV 0 chronology_exclusions 0
2026-10-07T07:55:57.5913054Z V10_RESIDUAL_SELECT {"status": "NO_DEVELOPMENT_POLICY_SURVIVOR", "cells_examined": 96, "selected": [], "policies": [], "union_name": "RESIDUAL_REVERSION_UNION", "source_context_sha256": "951f4a1e838fe4e9b426d889f0fde7df2a21cc3bc5c9fadc41ad623501ea947a", "source_symbols": 8, "economic_surviving_cells": 0, "rejection_counts": {"N_LT_300": 96, "SYMBOLS_LT_10": 96, "TOP_SYMBOL_GT_30PCT": 96, "NET40_MEAN_BP_NONPOSITIVE": 96, "NET40_R_MEAN_NONPOSITIVE": 96, "2021_N": 96, "2021_DATES": 96, "2021_net40_R_NONPOSITIVE": 96, "2021_net40_mean_bp_NONPOSITIVE": 96, "2021_day_R_NONPOSITIVE": 96, "2022_N": 96, "2022_DATES": 96, "2022_net40_R_NONPOSITIVE": 96, "2022_net40_mean_bp_NONPOSITIVE": 96, "2022_day_R_NONPOSITIVE": 96, "2023_N": 96, "2023_DATES": 96, "2023_net40_R_NONPOSITIVE": 96, "2023_net40_mean_bp_NONPOSITIVE": 96, "2023_day_R_NONPOSITIVE": 96}, "note": "Prior-fitted single-coin residual experiment, no market neutrality. Overlapping diagnostics are not executable account growth."}
2026-10-07T07:55:57.5934282Z V10_SYNTHETIC_PIPELINE_PASS {"synthetic_only": true, "scans": 8, "all96_cells_preserved": true, "market_profitability_claim": false}
2026-10-07T07:55:57.6000903Z ok
2026-10-07T07:55:57.6003637Z test_annual_price_R_and_2021_partial_year_are_required (test_residual_reversion_v10.SelectionSourceTests.test_annual_price_R_and_2021_partial_year_are_required) ... ok
2026-10-07T07:55:57.8495792Z test_empty_stage_is_recorded_as_all96_zero_cells (test_residual_reversion_v10.SelectionSourceTests.test_empty_stage_is_recorded_as_all96_zero_cells) ... V10_RESIDUAL_SELECT {"status": "NO_DEVELOPMENT_POLICY_SURVIVOR", "cells_examined": 96, "selected": [], "policies": [], "union_name": "RESIDUAL_REVERSION_UNION", "source_context_sha256": "91835c8f0b86a06046841c757e76202fc5e0b602e5b17bc471966e49ab762c95", "source_symbols": 16, "economic_surviving_cells": 0, "rejection_counts": {"N_LT_300": 96, "SYMBOLS_LT_10": 96, "TOP_SYMBOL_GT_30PCT": 96, "NET40_MEAN_BP_NONPOSITIVE": 96, "NET40_R_MEAN_NONPOSITIVE": 96, "2021_N": 96, "2021_DATES": 96, "2021_net40_R_NONPOSITIVE": 96, "2021_net40_mean_bp_NONPOSITIVE": 96, "2021_day_R_NONPOSITIVE": 96, "2022_N": 96, "2022_DATES": 96, "2022_net40_R_NONPOSITIVE": 96, "2022_net40_mean_bp_NONPOSITIVE": 96, "2022_day_R_NONPOSITIVE": 96, "2023_N": 96, "2023_DATES": 96, "2023_net40_R_NONPOSITIVE": 96, "2023_net40_mean_bp_NONPOSITIVE": 96, "2023_day_R_NONPOSITIVE": 96}, "note": "Prior-fitted single-coin residual experiment, no market neutrality. Overlapping diagnostics are not executable account growth."}
2026-10-07T07:55:57.8527604Z ok
2026-10-07T07:55:58.1260845Z test_freeze_complete_selection_and_all96_including_zero_cells (test_residual_reversion_v10.SelectionSourceTests.test_freeze_complete_selection_and_all96_including_zero_cells) ... V10_RESIDUAL_SELECT {"status": "ACCOUNT_REPLAY_REQUIRED", "cells_examined": 96, "selected": [{"key": "RESIDUAL_S+1_W672_Z2_PRICE_ONLY", "side": 1, "fit": 672, "z": 2, "flow": "PRICE_ONLY", "hold": 24, "exit_type": "MEAN", "policy": "RESIDUAL_S+1_W672_Z2_PRICE_ONLY__H24__MEAN", "development_net40_R": 0.5, "development_worst_year_day_R": 0.5}], "policies": [{"key": "RESIDUAL_S+1_W672_Z2_PRICE_ONLY", "side": 1, "fit": 672, "z": 2, "flow": "PRICE_ONLY", "hold": 24, "exit_type": "MEAN", "policy": "RESIDUAL_S+1_W672_Z2_PRICE_ONLY__H24__MEAN", "development_net40_R": 0.5, "development_worst_year_day_R": 0.5}], "union_name": "RESIDUAL_REVERSION_UNION", "source_context_sha256": "91835c8f0b86a06046841c757e76202fc5e0b602e5b17bc471966e49ab762c95", "source_symbols": 16, "economic_surviving_cells": 1, "rejection_counts": {"N_LT_300": 95, "SYMBOLS_LT_10": 95, "TOP_SYMBOL_GT_30PCT": 95, "NET40_MEAN_BP_NONPOSITIVE": 95, "NET40_R_MEAN_NONPOSITIVE": 95, "2021_N": 95, "2021_DATES": 95, "2021_net40_R_NONPOSITIVE": 95, "2021_net40_mean_bp_NONPOSITIVE": 95, "2021_day_R_NONPOSITIVE": 95, "2022_N": 95, "2022_DATES": 95, "2022_net40_R_NONPOSITIVE": 95, "2022_net40_mean_bp_NONPOSITIVE": 95, "2022_day_R_NONPOSITIVE": 95, "2023_N": 95, "2023_DATES": 95, "2023_net40_R_NONPOSITIVE": 95, "2023_net40_mean_bp_NONPOSITIVE": 95, "2023_day_R_NONPOSITIVE": 95}, "note": "Prior-fitted single-coin residual experiment, no market neutrality. Overlapping diagnostics are not executable account growth."}
2026-10-07T07:55:58.1296747Z ok
2026-10-07T07:55:58.3086951Z test_incomplete_duplicate_or_tampered_shard_fails_closed (test_residual_reversion_v10.SelectionSourceTests.test_incomplete_duplicate_or_tampered_shard_fails_closed) ... ok
2026-10-07T07:55:58.5767866Z test_nonpositive_price_r_or_clustered_dates_fail_selection (test_residual_reversion_v10.SelectionSourceTests.test_nonpositive_price_r_or_clustered_dates_fail_selection) ... V10_RESIDUAL_SELECT {"status": "NO_DEVELOPMENT_POLICY_SURVIVOR", "cells_examined": 96, "selected": [], "policies": [], "union_name": "RESIDUAL_REVERSION_UNION", "source_context_sha256": "91835c8f0b86a06046841c757e76202fc5e0b602e5b17bc471966e49ab762c95", "source_symbols": 16, "economic_surviving_cells": 0, "rejection_counts": {"TOP_SYMBOL_GT_30PCT": 96, "NET40_MEAN_BP_NONPOSITIVE": 96, "2021_net40_mean_bp_NONPOSITIVE": 96, "2022_net40_mean_bp_NONPOSITIVE": 96, "2023_net40_mean_bp_NONPOSITIVE": 96, "N_LT_300": 95, "SYMBOLS_LT_10": 95, "NET40_R_MEAN_NONPOSITIVE": 95, "2021_N": 95, "2021_DATES": 95, "2021_net40_R_NONPOSITIVE": 95, "2021_day_R_NONPOSITIVE": 95, "2022_N": 95, "2022_DATES": 95, "2022_net40_R_NONPOSITIVE": 95, "2022_day_R_NONPOSITIVE": 95, "2023_N": 95, "2023_DATES": 95, "2023_net40_R_NONPOSITIVE": 95, "2023_day_R_NONPOSITIVE": 95}, "note": "Prior-fitted single-coin residual experiment, no market neutrality. Overlapping diagnostics are not executable account growth."}
2026-10-07T07:55:58.8648825Z V10_RESIDUAL_SELECT {"status": "NO_DEVELOPMENT_POLICY_SURVIVOR", "cells_examined": 96, "selected": [], "policies": [], "union_name": "RESIDUAL_REVERSION_UNION", "source_context_sha256": "91835c8f0b86a06046841c757e76202fc5e0b602e5b17bc471966e49ab762c95", "source_symbols": 16, "economic_surviving_cells": 0, "rejection_counts": {"NET40_R_MEAN_NONPOSITIVE": 96, "2021_net40_R_NONPOSITIVE": 96, "2021_day_R_NONPOSITIVE": 96, "2022_net40_R_NONPOSITIVE": 96, "2022_day_R_NONPOSITIVE": 96, "2023_net40_R_NONPOSITIVE": 96, "2023_day_R_NONPOSITIVE": 96, "N_LT_300": 95, "SYMBOLS_LT_10": 95, "TOP_SYMBOL_GT_30PCT": 95, "NET40_MEAN_BP_NONPOSITIVE": 95, "2021_N": 95, "2021_DATES": 95, "2021_net40_mean_bp_NONPOSITIVE": 95, "2022_N": 95, "2022_DATES": 95, "2022_net40_mean_bp_NONPOSITIVE": 95, "2023_N": 95, "2023_DATES": 95, "2023_net40_mean_bp_NONPOSITIVE": 95}, "note": "Prior-fitted single-coin residual experiment, no market neutrality. Overlapping diagnostics are not executable account growth."}
2026-10-07T07:55:59.1365112Z V10_RESIDUAL_SELECT {"status": "NO_DEVELOPMENT_POLICY_SURVIVOR", "cells_examined": 96, "selected": [], "policies": [], "union_name": "RESIDUAL_REVERSION_UNION", "source_context_sha256": "91835c8f0b86a06046841c757e76202fc5e0b602e5b17bc471966e49ab762c95", "source_symbols": 16, "economic_surviving_cells": 0, "rejection_counts": {"2021_DATES": 96, "2022_DATES": 96, "2023_DATES": 96, "N_LT_300": 95, "SYMBOLS_LT_10": 95, "TOP_SYMBOL_GT_30PCT": 95, "NET40_MEAN_BP_NONPOSITIVE": 95, "NET40_R_MEAN_NONPOSITIVE": 95, "2021_N": 95, "2021_net40_R_NONPOSITIVE": 95, "2021_net40_mean_bp_NONPOSITIVE": 95, "2021_day_R_NONPOSITIVE": 95, "2022_N": 95, "2022_net40_R_NONPOSITIVE": 95, "2022_net40_mean_bp_NONPOSITIVE": 95, "2022_day_R_NONPOSITIVE": 95, "2023_N": 95, "2023_net40_R_NONPOSITIVE": 95, "2023_net40_mean_bp_NONPOSITIVE": 95, "2023_day_R_NONPOSITIVE": 95}, "note": "Prior-fitted single-coin residual experiment, no market neutrality. Overlapping diagnostics are not executable account growth."}
2026-10-07T07:55:59.1384710Z ok
2026-10-07T07:55:59.1393740Z test_real_catalogue_contract_has856_hashes_and256_baseline_matches (test_residual_reversion_v10.SelectionSourceTests.test_real_catalogue_contract_has856_hashes_and256_baseline_matches) ... ok
2026-10-07T07:55:59.1411185Z test_source_verifier_rejects_hash_btc_and_catalogue_tampering (test_residual_reversion_v10.SelectionSourceTests.test_source_verifier_rejects_hash_btc_and_catalogue_tampering) ... ok
2026-10-07T07:55:59.1454502Z test_both_partial_edge_days_and_all_empty_days_count (test_btc_factor_lag_v6.AllCalendarTests.test_both_partial_edge_days_and_all_empty_days_count) ... ok
2026-10-07T07:55:59.1510175Z test_edge_day_profits_and_costs_are_retained_and_reconcile_final_equity (test_btc_factor_lag_v6.AllCalendarTests.test_edge_day_profits_and_costs_are_retained_and_reconcile_final_equity) ... ok
2026-10-07T07:55:59.1565664Z test_every_day_after_permanent_halt_remains_in_denominator (test_btc_factor_lag_v6.AllCalendarTests.test_every_day_after_permanent_halt_remains_in_denominator) ... ok
2026-10-07T07:55:59.1589893Z test_exact_kst_midnight_end_adds_no_zero_duration_date (test_btc_factor_lag_v6.AllCalendarTests.test_exact_kst_midnight_end_adds_no_zero_duration_date) ... ok
2026-10-07T07:55:59.1708146Z test_reporting_option_does_not_change_trades_cash_dd_risks_or_curve (test_btc_factor_lag_v6.AllCalendarTests.test_reporting_option_does_not_change_trades_cash_dd_risks_or_curve) ... ok
2026-10-07T07:55:59.1832178Z test_coin_gap_restarts_full_fit_history (test_btc_factor_lag_v6.FactorTimingTests.test_coin_gap_restarts_full_fit_history) ... ok
2026-10-07T07:55:59.1933814Z test_current_volatility_and_turnover_are_excluded_from_prior_baselines (test_btc_factor_lag_v6.FactorTimingTests.test_current_volatility_and_turnover_are_excluded_from_prior_baselines) ... ok
2026-10-07T07:55:59.1935906Z test_exact_timestamp_alignment_does_not_forward_fill_btc (test_btc_factor_lag_v6.FactorTimingTests.test_exact_timestamp_alignment_does_not_forward_fill_btc) ... ok
2026-10-07T07:55:59.2059473Z test_future_price_perturbation_does_not_change_features_or_fits (test_btc_factor_lag_v6.FactorTimingTests.test_future_price_perturbation_does_not_change_features_or_fits) ... ok
2026-10-07T07:55:59.2151185Z test_impulse_returns_do_not_enter_prior_fit (test_btc_factor_lag_v6.FactorTimingTests.test_impulse_returns_do_not_enter_prior_fit) ... ok
2026-10-07T07:55:59.2214275Z test_missing_btc_return_invalidates_all_contaminated_windows (test_btc_factor_lag_v6.FactorTimingTests.test_missing_btc_return_invalidates_all_contaminated_windows) ... ok
2026-10-07T07:55:59.2278531Z test_ols_beta_and_r2_match_demeaned_numpy_reference (test_btc_factor_lag_v6.FactorTimingTests.test_ols_beta_and_r2_match_demeaned_numpy_reference) ... ok
2026-10-07T07:55:59.2340812Z test_zero_factor_variance_never_becomes_a_signal (test_btc_factor_lag_v6.FactorTimingTests.test_zero_factor_variance_never_becomes_a_signal) ... ok
2026-10-07T07:55:59.2345107Z test_actual_fill_sets_stop_risk_and_signal_priority (test_btc_factor_lag_v6.LagSignalTests.test_actual_fill_sets_stop_risk_and_signal_priority) ... ok
2026-10-07T07:55:59.2351454Z test_canonical_exclusion_is_retained_not_assigned_a_fake_loss (test_btc_factor_lag_v6.LagSignalTests.test_canonical_exclusion_is_retained_not_assigned_a_fake_loss) ... ok
2026-10-07T07:55:59.2354604Z test_cooldown_is_intent_based_not_future_exit_based (test_btc_factor_lag_v6.LagSignalTests.test_cooldown_is_intent_based_not_future_exit_based) ... ok
2026-10-07T07:55:59.2361251Z test_entry_gap_uses_next_open_without_future_ohlc (test_btc_factor_lag_v6.LagSignalTests.test_entry_gap_uses_next_open_without_future_ohlc) ... ok
2026-10-07T07:55:59.2371635Z test_fit_quality_and_liquidity_are_hard_filters (test_btc_factor_lag_v6.LagSignalTests.test_fit_quality_and_liquidity_are_hard_filters) ... ok
2026-10-07T07:55:59.2377911Z test_flow_confirmation_rejects_opposite_taker_pressure (test_btc_factor_lag_v6.LagSignalTests.test_flow_confirmation_rejects_opposite_taker_pressure) ... ok
2026-10-07T07:55:59.2384750Z test_mirrored_lag_price_and_flow_confirmations (test_btc_factor_lag_v6.LagSignalTests.test_mirrored_lag_price_and_flow_confirmations) ... ok
2026-10-07T07:55:59.2388902Z test_next_open_path_gap_and_split_entry_are_excluded (test_btc_factor_lag_v6.LagSignalTests.test_next_open_path_gap_and_split_entry_are_excluded) ... ok
2026-10-07T07:55:59.2391620Z test_overreacted_coin_cannot_qualify_as_lagger (test_btc_factor_lag_v6.LagSignalTests.test_overreacted_coin_cannot_qualify_as_lagger) ... ok
2026-10-07T07:55:59.2397359Z test_policy_rows_uses_same_canonical_resolver_and_actual_tp_risk (test_btc_factor_lag_v6.LagSignalTests.test_policy_rows_uses_same_canonical_resolver_and_actual_tp_risk) ... ok
2026-10-07T07:55:59.2402881Z test_sixteen_entries_and_ninety_six_unique_policies (test_btc_factor_lag_v6.LagSignalTests.test_sixteen_entries_and_ninety_six_unique_policies) ... ok
2026-10-07T07:55:59.2406494Z test_stop_floor_and_maximum_are_applied_to_actual_fill (test_btc_factor_lag_v6.LagSignalTests.test_stop_floor_and_maximum_are_applied_to_actual_fill) ... ok
2026-10-07T07:55:59.2412777Z test_weak_wrong_or_missing_btc_impulse_is_rejected (test_btc_factor_lag_v6.LagSignalTests.test_weak_wrong_or_missing_btc_impulse_is_rejected) ... ok
2026-10-07T07:55:59.4948753Z test_clustered_entries_do_not_satisfy_yearly_date_frequency (test_btc_factor_lag_v6.SelectionTests.test_clustered_entries_do_not_satisfy_yearly_date_frequency) ... FACTOR_SELECT {"status": "NO_DEVELOPMENT_POLICY_SURVIVOR", "cells_examined": 96, "selected": [], "policies": [], "union_name": "FACTOR_UNION", "note": "Independent overlapping policies and active-entry-date means are diagnostics, not account profits."}
2026-10-07T07:55:59.4966696Z ok
2026-10-07T07:55:59.7361463Z test_empty_original_shards_preserve_all96_rejections (test_btc_factor_lag_v6.SelectionTests.test_empty_original_shards_preserve_all96_rejections) ... FACTOR_SELECT {"status": "NO_DEVELOPMENT_POLICY_SURVIVOR", "cells_examined": 96, "selected": [], "policies": [], "union_name": "FACTOR_UNION", "note": "Independent overlapping policies and active-entry-date means are diagnostics, not account profits."}
2026-10-07T07:55:59.7392486Z ok
2026-10-07T07:56:00.0032763Z test_positive_price_never_hides_negative_annual_r_mean (test_btc_factor_lag_v6.SelectionTests.test_positive_price_never_hides_negative_annual_r_mean) ... FACTOR_SELECT {"status": "NO_DEVELOPMENT_POLICY_SURVIVOR", "cells_examined": 96, "selected": [], "policies": [], "union_name": "FACTOR_UNION", "note": "Independent overlapping policies and active-entry-date means are diagnostics, not account profits."}
2026-10-07T07:56:00.0054838Z ok
2026-10-07T07:56:00.2594471Z test_positive_r_never_hides_negative_annual_price_mean (test_btc_factor_lag_v6.SelectionTests.test_positive_r_never_hides_negative_annual_price_mean) ... FACTOR_SELECT {"status": "NO_DEVELOPMENT_POLICY_SURVIVOR", "cells_examined": 96, "selected": [], "policies": [], "union_name": "FACTOR_UNION", "note": "Independent overlapping policies and active-entry-date means are diagnostics, not account profits."}
2026-10-07T07:56:00.2612794Z ok
2026-10-07T07:56:00.5183028Z test_selected_year_labels_follow_kst_not_utc_and_other_cells_remain (test_btc_factor_lag_v6.SelectionTests.test_selected_year_labels_follow_kst_not_utc_and_other_cells_remain) ... FACTOR_SELECT {"status": "ACCOUNT_REPLAY_REQUIRED", "cells_examined": 96, "selected": [{"key": "FACTOR_S+1_L4_G1_PRICE_ONLY", "side": 1, "horizon": 4, "gap": 0.01, "flow": "PRICE_ONLY", "hold": 24, "exit_type": "TP2", "policy": "FACTOR_S+1_L4_G1_PRICE_ONLY__H24__TP2", "development_net40_R": 0.5, "development_worst_year_day_R": 0.5}], "policies": [{"key": "FACTOR_S+1_L4_G1_PRICE_ONLY", "side": 1, "horizon": 4, "gap": 0.01, "flow": "PRICE_ONLY", "hold": 24, "exit_type": "TP2", "policy": "FACTOR_S+1_L4_G1_PRICE_ONLY__H24__TP2", "development_net40_R": 0.5, "development_worst_year_day_R": 0.5}], "union_name": "FACTOR_UNION", "note": "Independent overlapping policies and active-entry-date means are diagnostics, not account profits."}
2026-10-07T07:56:00.5222707Z ok
2026-10-07T07:56:00.7600164Z test_all_96_cells_including_zero_cells_are_preserved (test_compression_expansion_v4.ExpansionTests.test_all_96_cells_including_zero_cells_are_preserved) ... EXPANSION_SELECT {"status": "ACCOUNT_REPLAY_REQUIRED", "cells_examined": 96, "selected": [{"key": "EXPAND_S+1_W16_C50_ANY", "side": 1, "window": 16, "compression": 0.5, "btc": "ANY", "hold": 24, "exit_type": "TP2", "policy": "EXPAND_S+1_W16_C50_ANY__H24__TP2", "development_net40_R": 0.5, "development_worst_year_day_R": 0.5}], "policies": [{"key": "EXPAND_S+1_W16_C50_ANY", "side": 1, "window": 16, "compression": 0.5, "btc": "ANY", "hold": 24, "exit_type": "TP2", "policy": "EXPAND_S+1_W16_C50_ANY__H24__TP2", "development_net40_R": 0.5, "development_worst_year_day_R": 0.5}], "union_name": "EXPANSION_UNION", "note": "Independent overlapping policies and active-entry-date means are diagnostics, not account profits."}
2026-10-07T07:56:00.7635416Z ok
2026-10-07T07:56:00.7713059Z test_breakout_candle_cannot_change_its_prior_baselines (test_compression_expansion_v4.ExpansionTests.test_breakout_candle_cannot_change_its_prior_baselines) ... ok
2026-10-07T07:56:00.7752085Z test_btc_alignment_does_not_fill_missing_context_with_zero (test_compression_expansion_v4.ExpansionTests.test_btc_alignment_does_not_fill_missing_context_with_zero) ... ok
2026-10-07T07:56:00.7758085Z test_empty_source_fails_before_any_btc_or_minute_fetch (test_compression_expansion_v4.ExpansionTests.test_empty_source_fails_before_any_btc_or_minute_fetch) ... ok
2026-10-07T07:56:00.7799777Z test_fixed_cooldown_is_not_exit_conditioned (test_compression_expansion_v4.ExpansionTests.test_fixed_cooldown_is_not_exit_conditioned) ... ok
2026-10-07T07:56:00.7805443Z test_frozen_grid_has_96_unique_policies (test_compression_expansion_v4.ExpansionTests.test_frozen_grid_has_96_unique_policies) ... ok
2026-10-07T07:56:00.7922086Z test_future_changes_cannot_modify_past_features (test_compression_expansion_v4.ExpansionTests.test_future_changes_cannot_modify_past_features) ... ok
2026-10-07T07:56:00.7992123Z test_gap_restarts_prior_rolling_baselines (test_compression_expansion_v4.ExpansionTests.test_gap_restarts_prior_rolling_baselines) ... ok
2026-10-07T07:56:00.8163771Z test_incomplete_part_cannot_enter_selection (test_compression_expansion_v4.ExpansionTests.test_incomplete_part_cannot_enter_selection) ... ok
2026-10-07T07:56:00.8206771Z test_invalid_fill_side_stop_is_excluded (test_compression_expansion_v4.ExpansionTests.test_invalid_fill_side_stop_is_excluded) ... ok
2026-10-07T07:56:00.8282550Z test_long_and_short_have_mirrored_qualification (test_compression_expansion_v4.ExpansionTests.test_long_and_short_have_mirrored_qualification) ... ok
2026-10-07T07:56:01.0660821Z test_many_clustered_trades_cannot_pass_daily_frequency_gate (test_compression_expansion_v4.ExpansionTests.test_many_clustered_trades_cannot_pass_daily_frequency_gate) ... EXPANSION_SELECT {"status": "NO_DEVELOPMENT_POLICY_SURVIVOR", "cells_examined": 96, "selected": [], "policies": [], "union_name": "EXPANSION_UNION", "note": "Independent overlapping policies and active-entry-date means are diagnostics, not account profits."}
2026-10-07T07:56:01.0677881Z ok
2026-10-07T07:56:01.0722042Z test_structural_stop_uses_prior_atr_and_actual_entry (test_compression_expansion_v4.ExpansionTests.test_structural_stop_uses_prior_atr_and_actual_entry) ... ok
2026-10-07T07:56:01.0761745Z test_violent_shock_does_not_qualify_as_moderate_expansion (test_compression_expansion_v4.ExpansionTests.test_violent_shock_does_not_qualify_as_moderate_expansion) ... ok
2026-10-07T07:56:01.0802436Z test_volume_without_prior_compression_does_not_qualify (test_compression_expansion_v4.ExpansionTests.test_volume_without_prior_compression_does_not_qualify) ... ok
2026-10-07T07:56:01.0879131Z test_wrong_flow_rejects_apparent_breakout (test_compression_expansion_v4.ExpansionTests.test_wrong_flow_rejects_apparent_breakout) ... ok
2026-10-07T07:56:01.0943709Z test_chronology_exclusions_require_review_even_if_growth_passes (test_cross_sectional_leader_v9.AccountGateTests.test_chronology_exclusions_require_review_even_if_growth_passes) ... ok
2026-10-07T07:56:01.1003392Z test_dev2024_partial_boundary_never_substitutes_gate2024 (test_cross_sectional_leader_v9.AccountGateTests.test_dev2024_partial_boundary_never_substitutes_gate2024) ... ok
2026-10-07T07:56:01.1397402Z test_each_account_threshold_halt_and_missing_values_fail (test_cross_sectional_leader_v9.AccountGateTests.test_each_account_threshold_halt_and_missing_values_fail) ... ok
2026-10-07T07:56:01.1501420Z test_partial2021_is_required_and_small_return_is_not_daily_goal (test_cross_sectional_leader_v9.AccountGateTests.test_partial2021_is_required_and_small_return_is_not_daily_goal) ... ok
2026-10-07T07:56:01.1583060Z test_actual_next_open_risk_floor_gap_and_wide_stop (test_cross_sectional_leader_v9.EconomicTests.test_actual_next_open_risk_floor_gap_and_wide_stop) ... ok
2026-10-07T07:56:01.1729009Z test_adverse_gap_retained_and_entry_path_gap_excluded (test_cross_sectional_leader_v9.EconomicTests.test_adverse_gap_retained_and_entry_path_gap_excluded) ... ok
2026-10-07T07:56:01.1873489Z test_any_never_zero_imputes_missing_btc_and_align_requires_sign (test_cross_sectional_leader_v9.EconomicTests.test_any_never_zero_imputes_missing_btc_and_align_requires_sign) ... ok
2026-10-07T07:56:01.1950290Z test_canonical_tp3_and_minute_exclusion_and_costs (test_cross_sectional_leader_v9.EconomicTests.test_canonical_tp3_and_minute_exclusion_and_costs) ... ok
2026-10-07T07:56:01.2023830Z test_ceiling_tail_count_is_predeclared (test_cross_sectional_leader_v9.EconomicTests.test_ceiling_tail_count_is_predeclared) ... ok
2026-10-07T07:56:01.2084083Z test_closed_baseline_does_not_include_current_or_future_bars (test_cross_sectional_leader_v9.EconomicTests.test_closed_baseline_does_not_include_current_or_future_bars) ... ok
2026-10-07T07:56:01.2159456Z test_future_ohlc_does_not_change_intents_or_priority (test_cross_sectional_leader_v9.EconomicTests.test_future_ohlc_does_not_change_intents_or_priority) ... ok
2026-10-07T07:56:01.2444686Z test_mirrored_tail_and_resumption (test_cross_sectional_leader_v9.EconomicTests.test_mirrored_tail_and_resumption) ... ok
2026-10-07T07:56:01.2520668Z test_onset_is_contiguous_and_cooldown_ignores_future_exits (test_cross_sectional_leader_v9.EconomicTests.test_onset_is_contiguous_and_cooldown_ignores_future_exits) ... ok
2026-10-07T07:56:01.3150878Z test_residual_volume_flow_return_eligibility_and_breakout_filters (test_cross_sectional_leader_v9.EconomicTests.test_residual_volume_flow_return_eligibility_and_breakout_filters) ... ok
2026-10-07T07:56:01.3224168Z test_second_day_requires_consecutive_previous_tail (test_cross_sectional_leader_v9.EconomicTests.test_second_day_requires_consecutive_previous_tail) ... ok
2026-10-07T07:56:01.3227649Z test_sixteen_entries_and_ninety_six_policies (test_cross_sectional_leader_v9.EconomicTests.test_sixteen_entries_and_ninety_six_policies) ... ok
2026-10-07T07:56:01.3301827Z test_sl_applies_adverse_slip_and_full_cost_inclusive_r (test_cross_sectional_leader_v9.EconomicTests.test_sl_applies_adverse_slip_and_full_cost_inclusive_r) ... ok
2026-10-07T07:56:01.3380174Z test_absent_symbol_previous_date_or_stale_rank_never_backfilled (test_cross_sectional_leader_v9.RankTests.test_absent_symbol_previous_date_or_stale_rank_never_backfilled) ... ok
2026-10-07T07:56:04.7617804Z test_actual_file_map_reduce_load_and_scan_synthetic_pipeline (test_cross_sectional_leader_v9.RankTests.test_actual_file_map_reduce_load_and_scan_synthetic_pipeline) ... V9_RANK_MAP DEV 4 / 4 rows 20
2026-10-07T07:56:04.7638664Z V9_RANK_MAP_DONE DEV 20 source_files 4
2026-10-07T07:56:04.8342109Z V9_RANK_MAP DEV 4 / 4 rows 20
2026-10-07T07:56:04.8364958Z V9_RANK_MAP_DONE DEV 20 source_files 4
2026-10-07T07:56:04.9049563Z V9_RANK_MAP DEV 4 / 4 rows 20
2026-10-07T07:56:04.9071642Z V9_RANK_MAP_DONE DEV 20 source_files 4
2026-10-07T07:56:04.9765760Z V9_RANK_MAP DEV 4 / 4 rows 20
2026-10-07T07:56:04.9787062Z V9_RANK_MAP_DONE DEV 20 source_files 4
2026-10-07T07:56:05.0421358Z V9_RANK_MAP DEV 4 / 4 rows 20
2026-10-07T07:56:05.0443553Z V9_RANK_MAP_DONE DEV 20 source_files 4
2026-10-07T07:56:05.1086928Z V9_RANK_MAP DEV 4 / 4 rows 20
2026-10-07T07:56:05.1109147Z V9_RANK_MAP_DONE DEV 20 source_files 4
2026-10-07T07:56:05.1728425Z V9_RANK_MAP DEV 4 / 4 rows 20
2026-10-07T07:56:05.1749694Z V9_RANK_MAP_DONE DEV 20 source_files 4
2026-10-07T07:56:05.2365980Z V9_RANK_MAP DEV 4 / 4 rows 20
2026-10-07T07:56:05.2387764Z V9_RANK_MAP_DONE DEV 20 source_files 4
2026-10-07T07:56:05.2785181Z V9_RANK_REDUCE_DONE DEV {"map_rows": 160, "rank_rows": 160, "ranked_dates": 5, "minimum_universe": 30, "rank_data_sha256": "cff23a9b4629ff05a471858c7e5e777c3eee518373e7fcf262efe202e066e246"} excluded_low_universe_dates 0
2026-10-07T07:56:05.3873542Z V9_LEADER_SCAN DEV 4 / 4 parameterized_outcomes 0
2026-10-07T07:56:05.3907849Z V9_LEADER_SCAN_DONE DEV 0 chronology_exclusions 0
2026-10-07T07:56:05.3940312Z V9_RANK_MAP_REDUCE_SMOKE_PASS {"status": "PASS", "synthetic_only": true, "map_rows": 160, "rank_rows": 160, "symbols": 32, "maps": 8, "scan_complete": true, "availability_checks": 3, "reverse_input_order": "PASS", "market_profitability_claim": false}
2026-10-07T07:56:05.3991111Z ok
2026-10-07T07:56:05.4045829Z test_coin_gap_breaks_exact24h_snapshot (test_cross_sectional_leader_v9.RankTests.test_coin_gap_breaks_exact24h_snapshot) ... ok
2026-10-07T07:56:05.4536637Z test_eight_shard_reducer_and_verified_loader_round_trip (test_cross_sectional_leader_v9.RankTests.test_eight_shard_reducer_and_verified_loader_round_trip) ... V9_RANK_REDUCE_DONE DEV {"map_rows": 64, "rank_rows": 64, "ranked_dates": 2, "minimum_universe": 30, "rank_data_sha256": "08e45578ae99612f7d0aeeb228a86ffa3f584ab6d539b333d8a34276e01959c9"} excluded_low_universe_dates 0
2026-10-07T07:56:05.4670002Z ok
2026-10-07T07:56:05.4744325Z test_exact_midnight_and_one_closed_next_day_bar (test_cross_sectional_leader_v9.RankTests.test_exact_midnight_and_one_closed_next_day_bar) ... ok
2026-10-07T07:56:05.4808809Z test_full24h_snapshots_are_causal_and_missing_btc_is_excluded (test_cross_sectional_leader_v9.RankTests.test_full24h_snapshots_are_causal_and_missing_btc_is_excluded) ... ok
2026-10-07T07:56:05.4943271Z test_global_rank_is_independent_of_shard_order_and_ties (test_cross_sectional_leader_v9.RankTests.test_global_rank_is_independent_of_shard_order_and_ties) ... ok
2026-10-07T07:56:05.5114481Z test_invalid_duplicate_nonfinite_path_or_low_turnover_fails (test_cross_sectional_leader_v9.RankTests.test_invalid_duplicate_nonfinite_path_or_low_turnover_fails) ... ok
2026-10-07T07:56:05.5236926Z test_minimum_universe_excluded_and_recorded (test_cross_sectional_leader_v9.RankTests.test_minimum_universe_excluded_and_recorded) ... ok
2026-10-07T07:56:05.6418016Z test_missing_shard_altered_hash_or_context_fails_reducer (test_cross_sectional_leader_v9.RankTests.test_missing_shard_altered_hash_or_context_fails_reducer) ... ok
2026-10-07T07:56:05.6420545Z test_observed_days_counts_source_dates_not_future_or_missing_dates (test_cross_sectional_leader_v9.RankTests.test_observed_days_counts_source_dates_not_future_or_missing_dates) ... ok
2026-10-07T07:56:05.6888786Z test_rank_hash_and_rank_geometry_corruption_fail_closed (test_cross_sectional_leader_v9.RankTests.test_rank_hash_and_rank_geometry_corruption_fail_closed) ... V9_RANK_REDUCE_DONE DEV {"map_rows": 64, "rank_rows": 64, "ranked_dates": 2, "minimum_universe": 30, "rank_data_sha256": "08e45578ae99612f7d0aeeb228a86ffa3f584ab6d539b333d8a34276e01959c9"} excluded_low_universe_dates 0
2026-10-07T07:56:05.7034371Z ok
2026-10-07T07:56:05.9893516Z test_all96_cells_selection_and_union_are_preserved (test_cross_sectional_leader_v9.SelectionTests.test_all96_cells_selection_and_union_are_preserved) ... V9_LEADER_SELECT {"status": "ACCOUNT_REPLAY_REQUIRED", "cells_examined": 96, "selected": [{"key": "LEADER_S+1_T5_D1_ANY", "side": 1, "tail": 5, "persistence": 1, "btc": "ANY", "hold": 24, "exit_type": "TP2", "policy": "LEADER_S+1_T5_D1_ANY__H24__TP2", "development_net40_R": 0.5, "development_worst_year_day_R": 0.5}], "policies": [{"key": "LEADER_S+1_T5_D1_ANY", "side": 1, "tail": 5, "persistence": 1, "btc": "ANY", "hold": 24, "exit_type": "TP2", "policy": "LEADER_S+1_T5_D1_ANY__H24__TP2", "development_net40_R": 0.5, "development_worst_year_day_R": 0.5}], "union_name": "CROSS_SECTIONAL_LEADER_UNION", "rank_manifest_sha256": "300a54f20d8143e3db53309df0f4e794904a32ab152168953851353dcd2ab5ae", "rank_data_sha256": "dddddddddddddddddddddddddddddddddddddddddddddddddddddddddddddddd", "source_symbols": 8, "economic_surviving_cells": 1, "rejection_counts": {"N_LT_300": 95, "SYMBOLS_LT_10": 95, "TOP_SYMBOL_GT_30PCT": 95, "NET40_MEAN_BP_NONPOSITIVE": 95, "NET40_R_MEAN_NONPOSITIVE": 95, "2021_N": 95, "2021_DATES": 95, "2021_net40_R_NONPOSITIVE": 95, "2021_net40_mean_bp_NONPOSITIVE": 95, "2021_day_R_NONPOSITIVE": 95, "2022_N": 95, "2022_DATES": 95, "2022_net40_R_NONPOSITIVE": 95, "2022_net40_mean_bp_NONPOSITIVE": 95, "2022_day_R_NONPOSITIVE": 95, "2023_N": 95, "2023_DATES": 95, "2023_net40_R_NONPOSITIVE": 95, "2023_net40_mean_bp_NONPOSITIVE": 95, "2023_day_R_NONPOSITIVE": 95}, "note": "Overlapping parameterized outcomes and active-date means are diagnostics, not executable account profits."}
2026-10-07T07:56:05.9929793Z ok
2026-10-07T07:56:06.2593774Z test_each_year_price_r_and_active_date_frequency_are_hard_gates (test_cross_sectional_leader_v9.SelectionTests.test_each_year_price_r_and_active_date_frequency_are_hard_gates) ... V9_LEADER_SELECT {"status": "NO_DEVELOPMENT_POLICY_SURVIVOR", "cells_examined": 96, "selected": [], "policies": [], "union_name": "CROSS_SECTIONAL_LEADER_UNION", "rank_manifest_sha256": "300a54f20d8143e3db53309df0f4e794904a32ab152168953851353dcd2ab5ae", "rank_data_sha256": "dddddddddddddddddddddddddddddddddddddddddddddddddddddddddddddddd", "source_symbols": 8, "economic_surviving_cells": 0, "rejection_counts": {"2021_net40_mean_bp_NONPOSITIVE": 96, "N_LT_300": 95, "SYMBOLS_LT_10": 95, "TOP_SYMBOL_GT_30PCT": 95, "NET40_MEAN_BP_NONPOSITIVE": 95, "NET40_R_MEAN_NONPOSITIVE": 95, "2021_N": 95, "2021_DATES": 95, "2021_net40_R_NONPOSITIVE": 95, "2021_day_R_NONPOSITIVE": 95, "2022_N": 95, "2022_DATES": 95, "2022_net40_R_NONPOSITIVE": 95, "2022_net40_mean_bp_NONPOSITIVE": 95, "2022_day_R_NONPOSITIVE": 95, "2023_N": 95, "2023_DATES": 95, "2023_net40_R_NONPOSITIVE": 95, "2023_net40_mean_bp_NONPOSITIVE": 95, "2023_day_R_NONPOSITIVE": 95}, "note": "Overlapping parameterized outcomes and active-date means are diagnostics, not executable account profits."}
2026-10-07T07:56:06.5429926Z V9_LEADER_SELECT {"status": "NO_DEVELOPMENT_POLICY_SURVIVOR", "cells_examined": 96, "selected": [], "policies": [], "union_name": "CROSS_SECTIONAL_LEADER_UNION", "rank_manifest_sha256": "300a54f20d8143e3db53309df0f4e794904a32ab152168953851353dcd2ab5ae", "rank_data_sha256": "dddddddddddddddddddddddddddddddddddddddddddddddddddddddddddddddd", "source_symbols": 8, "economic_surviving_cells": 0, "rejection_counts": {"2021_net40_R_NONPOSITIVE": 96, "2021_day_R_NONPOSITIVE": 96, "N_LT_300": 95, "SYMBOLS_LT_10": 95, "TOP_SYMBOL_GT_30PCT": 95, "NET40_MEAN_BP_NONPOSITIVE": 95, "NET40_R_MEAN_NONPOSITIVE": 95, "2021_N": 95, "2021_DATES": 95, "2021_net40_mean_bp_NONPOSITIVE": 95, "2022_N": 95, "2022_DATES": 95, "2022_net40_R_NONPOSITIVE": 95, "2022_net40_mean_bp_NONPOSITIVE": 95, "2022_day_R_NONPOSITIVE": 95, "2023_N": 95, "2023_DATES": 95, "2023_net40_R_NONPOSITIVE": 95, "2023_net40_mean_bp_NONPOSITIVE": 95, "2023_day_R_NONPOSITIVE": 95}, "note": "Overlapping parameterized outcomes and active-date means are diagnostics, not executable account profits."}
2026-10-07T07:56:06.8075683Z V9_LEADER_SELECT {"status": "NO_DEVELOPMENT_POLICY_SURVIVOR", "cells_examined": 96, "selected": [], "policies": [], "union_name": "CROSS_SECTIONAL_LEADER_UNION", "rank_manifest_sha256": "300a54f20d8143e3db53309df0f4e794904a32ab152168953851353dcd2ab5ae", "rank_data_sha256": "dddddddddddddddddddddddddddddddddddddddddddddddddddddddddddddddd", "source_symbols": 8, "economic_surviving_cells": 0, "rejection_counts": {"2022_net40_mean_bp_NONPOSITIVE": 96, "N_LT_300": 95, "SYMBOLS_LT_10": 95, "TOP_SYMBOL_GT_30PCT": 95, "NET40_MEAN_BP_NONPOSITIVE": 95, "NET40_R_MEAN_NONPOSITIVE": 95, "2021_N": 95, "2021_DATES": 95, "2021_net40_R_NONPOSITIVE": 95, "2021_net40_mean_bp_NONPOSITIVE": 95, "2021_day_R_NONPOSITIVE": 95, "2022_N": 95, "2022_DATES": 95, "2022_net40_R_NONPOSITIVE": 95, "2022_day_R_NONPOSITIVE": 95, "2023_N": 95, "2023_DATES": 95, "2023_net40_R_NONPOSITIVE": 95, "2023_net40_mean_bp_NONPOSITIVE": 95, "2023_day_R_NONPOSITIVE": 95}, "note": "Overlapping parameterized outcomes and active-date means are diagnostics, not executable account profits."}
2026-10-07T07:56:07.0764564Z V9_LEADER_SELECT {"status": "NO_DEVELOPMENT_POLICY_SURVIVOR", "cells_examined": 96, "selected": [], "policies": [], "union_name": "CROSS_SECTIONAL_LEADER_UNION", "rank_manifest_sha256": "300a54f20d8143e3db53309df0f4e794904a32ab152168953851353dcd2ab5ae", "rank_data_sha256": "dddddddddddddddddddddddddddddddddddddddddddddddddddddddddddddddd", "source_symbols": 8, "economic_surviving_cells": 0, "rejection_counts": {"2022_net40_R_NONPOSITIVE": 96, "2022_day_R_NONPOSITIVE": 96, "N_LT_300": 95, "SYMBOLS_LT_10": 95, "TOP_SYMBOL_GT_30PCT": 95, "NET40_MEAN_BP_NONPOSITIVE": 95, "NET40_R_MEAN_NONPOSITIVE": 95, "2021_N": 95, "2021_DATES": 95, "2021_net40_R_NONPOSITIVE": 95, "2021_net40_mean_bp_NONPOSITIVE": 95, "2021_day_R_NONPOSITIVE": 95, "2022_N": 95, "2022_DATES": 95, "2022_net40_mean_bp_NONPOSITIVE": 95, "2023_N": 95, "2023_DATES": 95, "2023_net40_R_NONPOSITIVE": 95, "2023_net40_mean_bp_NONPOSITIVE": 95, "2023_day_R_NONPOSITIVE": 95}, "note": "Overlapping parameterized outcomes and active-date means are diagnostics, not executable account profits."}
2026-10-07T07:56:07.3466222Z V9_LEADER_SELECT {"status": "NO_DEVELOPMENT_POLICY_SURVIVOR", "cells_examined": 96, "selected": [], "policies": [], "union_name": "CROSS_SECTIONAL_LEADER_UNION", "rank_manifest_sha256": "300a54f20d8143e3db53309df0f4e794904a32ab152168953851353dcd2ab5ae", "rank_data_sha256": "dddddddddddddddddddddddddddddddddddddddddddddddddddddddddddddddd", "source_symbols": 8, "economic_surviving_cells": 0, "rejection_counts": {"2023_net40_mean_bp_NONPOSITIVE": 96, "N_LT_300": 95, "SYMBOLS_LT_10": 95, "TOP_SYMBOL_GT_30PCT": 95, "NET40_MEAN_BP_NONPOSITIVE": 95, "NET40_R_MEAN_NONPOSITIVE": 95, "2021_N": 95, "2021_DATES": 95, "2021_net40_R_NONPOSITIVE": 95, "2021_net40_mean_bp_NONPOSITIVE": 95, "2021_day_R_NONPOSITIVE": 95, "2022_N": 95, "2022_DATES": 95, "2022_net40_R_NONPOSITIVE": 95, "2022_net40_mean_bp_NONPOSITIVE": 95, "2022_day_R_NONPOSITIVE": 95, "2023_N": 95, "2023_DATES": 95, "2023_net40_R_NONPOSITIVE": 95, "2023_day_R_NONPOSITIVE": 95}, "note": "Overlapping parameterized outcomes and active-date means are diagnostics, not executable account profits."}
2026-10-07T07:56:07.6181327Z V9_LEADER_SELECT {"status": "NO_DEVELOPMENT_POLICY_SURVIVOR", "cells_examined": 96, "selected": [], "policies": [], "union_name": "CROSS_SECTIONAL_LEADER_UNION", "rank_manifest_sha256": "300a54f20d8143e3db53309df0f4e794904a32ab152168953851353dcd2ab5ae", "rank_data_sha256": "dddddddddddddddddddddddddddddddddddddddddddddddddddddddddddddddd", "source_symbols": 8, "economic_surviving_cells": 0, "rejection_counts": {"2023_net40_R_NONPOSITIVE": 96, "2023_day_R_NONPOSITIVE": 96, "N_LT_300": 95, "SYMBOLS_LT_10": 95, "TOP_SYMBOL_GT_30PCT": 95, "NET40_MEAN_BP_NONPOSITIVE": 95, "NET40_R_MEAN_NONPOSITIVE": 95, "2021_N": 95, "2021_DATES": 95, "2021_net40_R_NONPOSITIVE": 95, "2021_net40_mean_bp_NONPOSITIVE": 95, "2021_day_R_NONPOSITIVE": 95, "2022_N": 95, "2022_DATES": 95, "2022_net40_R_NONPOSITIVE": 95, "2022_net40_mean_bp_NONPOSITIVE": 95, "2022_day_R_NONPOSITIVE": 95, "2023_N": 95, "2023_DATES": 95, "2023_net40_mean_bp_NONPOSITIVE": 95}, "note": "Overlapping parameterized outcomes and active-date means are diagnostics, not executable account profits."}
2026-10-07T07:56:07.8868468Z V9_LEADER_SELECT {"status": "NO_DEVELOPMENT_POLICY_SURVIVOR", "cells_examined": 96, "selected": [], "policies": [], "union_name": "CROSS_SECTIONAL_LEADER_UNION", "rank_manifest_sha256": "300a54f20d8143e3db53309df0f4e794904a32ab152168953851353dcd2ab5ae", "rank_data_sha256": "dddddddddddddddddddddddddddddddddddddddddddddddddddddddddddddddd", "source_symbols": 8, "economic_surviving_cells": 0, "rejection_counts": {"2021_DATES": 96, "2022_DATES": 96, "2023_DATES": 96, "N_LT_300": 95, "SYMBOLS_LT_10": 95, "TOP_SYMBOL_GT_30PCT": 95, "NET40_MEAN_BP_NONPOSITIVE": 95, "NET40_R_MEAN_NONPOSITIVE": 95, "2021_N": 95, "2021_net40_R_NONPOSITIVE": 95, "2021_net40_mean_bp_NONPOSITIVE": 95, "2021_day_R_NONPOSITIVE": 95, "2022_N": 95, "2022_net40_R_NONPOSITIVE": 95, "2022_net40_mean_bp_NONPOSITIVE": 95, "2022_day_R_NONPOSITIVE": 95, "2023_N": 95, "2023_net40_R_NONPOSITIVE": 95, "2023_net40_mean_bp_NONPOSITIVE": 95, "2023_day_R_NONPOSITIVE": 95}, "note": "Overlapping parameterized outcomes and active-date means are diagnostics, not executable account profits."}
2026-10-07T07:56:07.8883377Z ok
2026-10-07T07:56:08.1377091Z test_empty_cells_still_count96_and_do_not_select (test_cross_sectional_leader_v9.SelectionTests.test_empty_cells_still_count96_and_do_not_select) ... V9_LEADER_SELECT {"status": "NO_DEVELOPMENT_POLICY_SURVIVOR", "cells_examined": 96, "selected": [], "policies": [], "union_name": "CROSS_SECTIONAL_LEADER_UNION", "rank_manifest_sha256": "300a54f20d8143e3db53309df0f4e794904a32ab152168953851353dcd2ab5ae", "rank_data_sha256": "dddddddddddddddddddddddddddddddddddddddddddddddddddddddddddddddd", "source_symbols": 8, "economic_surviving_cells": 0, "rejection_counts": {"N_LT_300": 96, "SYMBOLS_LT_10": 96, "TOP_SYMBOL_GT_30PCT": 96, "NET40_MEAN_BP_NONPOSITIVE": 96, "NET40_R_MEAN_NONPOSITIVE": 96, "2021_N": 96, "2021_DATES": 96, "2021_net40_R_NONPOSITIVE": 96, "2021_net40_mean_bp_NONPOSITIVE": 96, "2021_day_R_NONPOSITIVE": 96, "2022_N": 96, "2022_DATES": 96, "2022_net40_R_NONPOSITIVE": 96, "2022_net40_mean_bp_NONPOSITIVE": 96, "2022_day_R_NONPOSITIVE": 96, "2023_N": 96, "2023_DATES": 96, "2023_net40_R_NONPOSITIVE": 96, "2023_net40_mean_bp_NONPOSITIVE": 96, "2023_day_R_NONPOSITIVE": 96}, "note": "Overlapping parameterized outcomes and active-date means are diagnostics, not executable account profits."}
2026-10-07T07:56:08.1407877Z ok
2026-10-07T07:56:08.2046504Z test_incomplete_duplicate_shard_or_modified_ledger_fails (test_cross_sectional_leader_v9.SelectionTests.test_incomplete_duplicate_shard_or_modified_ledger_fails) ... ok
2026-10-07T07:56:08.2055013Z test_actual_max_hold_used_in_stop_risk_budget (test_day_edge_canonical.CanonicalTests.test_actual_max_hold_used_in_stop_risk_budget) ... ok
2026-10-07T07:56:08.2057024Z test_authoritative_mismatch_is_not_a_fake_loss (test_day_edge_canonical.CanonicalTests.test_authoritative_mismatch_is_not_a_fake_loss) ... ok
2026-10-07T07:56:08.2058487Z test_beyond_one_week_is_rejected (test_day_edge_canonical.CanonicalTests.test_beyond_one_week_is_rejected) ... ok
2026-10-07T07:56:08.2085148Z test_curve_preserves_peak_before_new_entry_cost (test_day_edge_canonical.CanonicalTests.test_curve_preserves_peak_before_new_entry_cost) ... ok
2026-10-07T07:56:08.2087876Z test_entry_bar_calls_authority_even_single_tp (test_day_edge_canonical.CanonicalTests.test_entry_bar_calls_authority_even_single_tp) ... ok
2026-10-07T07:56:08.2090256Z test_gap_sl_fills_at_worse_open (test_day_edge_canonical.CanonicalTests.test_gap_sl_fills_at_worse_open) ... ok
2026-10-07T07:56:08.2095033Z test_incomplete_shards_fail_closed (test_day_edge_canonical.CanonicalTests.test_incomplete_shards_fail_closed) ... ok
2026-10-07T07:56:08.2096541Z test_missing_path_is_excluded (test_day_edge_canonical.CanonicalTests.test_missing_path_is_excluded) ... ok
2026-10-07T07:56:08.2100046Z test_parent_collision_uses_minute_authority (test_day_edge_canonical.CanonicalTests.test_parent_collision_uses_minute_authority) ... ok
2026-10-07T07:56:08.2101982Z test_short_has_linear_entry_denominator (test_day_edge_canonical.CanonicalTests.test_short_has_linear_entry_denominator) ... ok
2026-10-07T07:56:08.2103600Z test_timeout_cannot_cross_split (test_day_edge_canonical.CanonicalTests.test_timeout_cannot_cross_split) ... ok
2026-10-07T07:56:08.2113820Z test_timeout_is_exact_seed_deadline (test_day_edge_canonical.CanonicalTests.test_timeout_is_exact_seed_deadline) ... ok
2026-10-07T07:56:08.2114996Z test_trailing_stop_only_activates_after_bar_close (test_day_edge_canonical.CanonicalTests.test_trailing_stop_only_activates_after_bar_close) ... ok
2026-10-07T07:56:08.2142624Z test_union_tie_uses_entry_priority_not_future_outcome (test_day_edge_canonical.CanonicalTests.test_union_tie_uses_entry_priority_not_future_outcome) ... ok
2026-10-07T07:56:08.2163535Z test_btc_missing_timestamp_is_not_forward_filled (test_day_edge_lab.ScoutTests.test_btc_missing_timestamp_is_not_forward_filled) ... ok
2026-10-07T07:56:08.2165630Z test_configurations_are_predeclared_and_distinct (test_day_edge_lab.ScoutTests.test_configurations_are_predeclared_and_distinct) ... ok
2026-10-07T07:56:08.2210415Z test_eligibility_uses_age_and_past_turnover (test_day_edge_lab.ScoutTests.test_eligibility_uses_age_and_past_turnover) ... ok
2026-10-07T07:56:08.2255062Z test_features_are_invariant_to_future_changes (test_day_edge_lab.ScoutTests.test_features_are_invariant_to_future_changes) ... ok
2026-10-07T07:56:08.2287182Z test_features_restart_after_gaps (test_day_edge_lab.ScoutTests.test_features_restart_after_gaps) ... ok
2026-10-07T07:56:08.2298963Z test_missing_bar_excludes_fixed_time_event (test_day_edge_lab.ScoutTests.test_missing_bar_excludes_fixed_time_event) ... ok
2026-10-07T07:56:08.2544280Z test_missing_year_cannot_pass_selection (test_day_edge_lab.ScoutTests.test_missing_year_cannot_pass_selection) ... MERGE_DONE {"status": "NO_CELL_PASSED_FROZEN_GATE", "cells_examined": 144, "shard_count": 1, "eligible_cells": [], "selected": [], "observations": "Overlapping across coins; NO account return inference."}
2026-10-07T07:56:08.2548660Z ok
2026-10-07T07:56:08.2557126Z test_next_open_entry_and_fixed_open_exit (test_day_edge_lab.ScoutTests.test_next_open_entry_and_fixed_open_exit) ... ok
2026-10-07T07:56:08.2573419Z test_outcome_cannot_cross_split (test_day_edge_lab.ScoutTests.test_outcome_cannot_cross_split) ... ok
2026-10-07T07:56:08.2593352Z test_quote_volume_baseline_excludes_latest_hour (test_day_edge_lab.ScoutTests.test_quote_volume_baseline_excludes_latest_hour) ... ok
2026-10-07T07:56:08.2599146Z test_scheduled_nonoverlap_does_not_use_outcome (test_day_edge_lab.ScoutTests.test_scheduled_nonoverlap_does_not_use_outcome) ... ok
2026-10-07T07:56:08.2604949Z test_short_has_linear_entry_denominator (test_day_edge_lab.ScoutTests.test_short_has_linear_entry_denominator) ... ok
2026-10-07T07:56:08.2607112Z test_signal_onset_uses_only_previous_closed_state (test_day_edge_lab.ScoutTests.test_signal_onset_uses_only_previous_closed_state) ... ok
2026-10-07T07:56:08.2821355Z test_all_immutable_cache_components_fail_closed_without_redownload (test_funding_crowding_v7.ArchiveTests.test_all_immutable_cache_components_fail_closed_without_redownload) ... ok
2026-10-07T07:56:08.2950598Z test_invalid_timestamp_interval_and_rate_are_rejected (test_funding_crowding_v7.ArchiveTests.test_invalid_timestamp_interval_and_rate_are_rejected) ... ok
2026-10-07T07:56:08.2961960Z test_missing_archive_is_recorded_explicitly (test_funding_crowding_v7.ArchiveTests.test_missing_archive_is_recorded_explicitly) ... ok
2026-10-07T07:56:08.3007137Z test_missing_checksum_and_mismatch_preserve_raw_failure_not_zero (test_funding_crowding_v7.ArchiveTests.test_missing_checksum_and_mismatch_preserve_raw_failure_not_zero) ... ok
2026-10-07T07:56:08.3040938Z test_official_header_and_headerless_arrays_agree (test_funding_crowding_v7.ArchiveTests.test_official_header_and_headerless_arrays_agree) ... ok
2026-10-07T07:56:08.3100133Z test_original_bytes_checksum_and_verified_cache_are_preserved (test_funding_crowding_v7.ArchiveTests.test_original_bytes_checksum_and_verified_cache_are_preserved) ... ok
2026-10-07T07:56:08.3127523Z test_original_minute_archive_is_retained_and_frozen_hash_cannot_be_replaced (test_funding_crowding_v7.ArchiveTests.test_original_minute_archive_is_retained_and_frozen_hash_cannot_be_replaced) ... ok
2026-10-07T07:56:08.3140763Z test_transient_exhaustion_stops_and_keeps_downloaded_bytes (test_funding_crowding_v7.ArchiveTests.test_transient_exhaustion_stops_and_keeps_downloaded_bytes) ... ok
2026-10-07T07:56:08.3168409Z test_asof_matches_independent_record_by_record_oracle (test_funding_crowding_v7.AvailabilityTests.test_asof_matches_independent_record_by_record_oracle) ... ok
2026-10-07T07:56:08.3190102Z test_future_funding_perturbation_cannot_change_earlier_decisions (test_funding_crowding_v7.AvailabilityTests.test_future_funding_perturbation_cannot_change_earlier_decisions) ... ok
2026-10-07T07:56:08.3195764Z test_lagged_timestamp_and_variable_interval_normalization (test_funding_crowding_v7.AvailabilityTests.test_lagged_timestamp_and_variable_interval_normalization) ... ok
2026-10-07T07:56:08.3205188Z test_missing_month_cannot_carry_previous_rate_and_stale_interval_expires (test_funding_crowding_v7.AvailabilityTests.test_missing_month_cannot_carry_previous_rate_and_stale_interval_expires) ... ok
2026-10-07T07:56:08.3220929Z test_stage_end_is_physically_filtered_and_previous_month_loaded (test_funding_crowding_v7.AvailabilityTests.test_stage_end_is_physically_filtered_and_previous_month_loaded) ... ok
2026-10-07T07:56:08.3226600Z test_twentyfour_hour_interval_still_expires_after_twelve_hours (test_funding_crowding_v7.AvailabilityTests.test_twentyfour_hour_interval_still_expires_after_twelve_hours) ... ok
2026-10-07T07:56:08.3230612Z test_actual_next_open_stop_and_priority_use_available_inputs (test_funding_crowding_v7.EconomicTimingTests.test_actual_next_open_stop_and_priority_use_available_inputs) ... ok
2026-10-07T07:56:08.3237730Z test_actual_risk_tp_and_shared_canonical_exclusion (test_funding_crowding_v7.EconomicTimingTests.test_actual_risk_tp_and_shared_canonical_exclusion) ... ok
2026-10-07T07:56:08.3240421Z test_any_btc_can_be_missing_but_alignment_requires_exact_direction (test_funding_crowding_v7.EconomicTimingTests.test_any_btc_can_be_missing_but_alignment_requires_exact_direction) ... ok
2026-10-07T07:56:08.3246613Z test_entry_gap_stop_floor_and_overwide_stop_are_explicit (test_funding_crowding_v7.EconomicTimingTests.test_entry_gap_stop_floor_and_overwide_stop_are_explicit) ... ok
2026-10-07T07:56:08.3251505Z test_flow_and_reclaim_reject_their_opposite_confirmations (test_funding_crowding_v7.EconomicTimingTests.test_flow_and_reclaim_reject_their_opposite_confirmations) ... ok
2026-10-07T07:56:08.3253808Z test_intent_cooldown_uses_fixed_history_not_future_exit (test_funding_crowding_v7.EconomicTimingTests.test_intent_cooldown_uses_fixed_history_not_future_exit) ... ok
2026-10-07T07:56:08.3266743Z test_mirrored_long_negative_short_positive_with_each_confirmation (test_funding_crowding_v7.EconomicTimingTests.test_mirrored_long_negative_short_positive_with_each_confirmation) ... ok
2026-10-07T07:56:08.3269493Z test_missing_funding_is_rejected_even_if_price_and_flow_pass (test_funding_crowding_v7.EconomicTimingTests.test_missing_funding_is_rejected_even_if_price_and_flow_pass) ... ok
2026-10-07T07:56:08.3331539Z test_prior_atr_range_and_volume_exclude_current_and_future_bars (test_funding_crowding_v7.EconomicTimingTests.test_prior_atr_range_and_volume_exclude_current_and_future_bars) ... ok
2026-10-07T07:56:08.3335461Z test_sixteen_entries_and_ninety_six_unique_frozen_policies (test_funding_crowding_v7.EconomicTimingTests.test_sixteen_entries_and_ninety_six_unique_frozen_policies) ... ok
2026-10-07T07:56:08.3338451Z test_duplicate_universe_coverage_cannot_be_counted_twice (test_funding_crowding_v7.SelectionCoverageTests.test_duplicate_universe_coverage_cannot_be_counted_twice) ... ok
2026-10-07T07:56:08.5905943Z test_full96cells_and_kst_year_selection_after95percent_gate (test_funding_crowding_v7.SelectionCoverageTests.test_full96cells_and_kst_year_selection_after95percent_gate) ... FUNDING_SELECT {"status": "ACCOUNT_REPLAY_REQUIRED", "cells_examined": 96, "selected": [{"key": "FUNDING_S+1_F5_RECLAIM_ANY", "side": 1, "threshold": 0.0005, "confirmation": "RECLAIM", "btc": "ANY", "hold": 24, "exit_type": "TP2", "policy": "FUNDING_S+1_F5_RECLAIM_ANY__H24__TP2", "development_net40_R": 0.5, "development_worst_year_day_R": 0.5}], "policies": [{"key": "FUNDING_S+1_F5_RECLAIM_ANY", "side": 1, "threshold": 0.0005, "confirmation": "RECLAIM", "btc": "ANY", "hold": 24, "exit_type": "TP2", "policy": "FUNDING_S+1_F5_RECLAIM_ANY__H24__TP2", "development_net40_R": 0.5, "development_worst_year_day_R": 0.5}], "union_name": "FUNDING_UNION", "funding_coverage": {"passed": true, "minimum_fraction": 0.95, "years": {"2022": {"eligible": 800, "known": 760, "unavailable": 40, "fraction": 0.95}, "2023": {"eligible": 800, "known": 760, "unavailable": 40, "fraction": 0.95}}, "symbols": 8}, "note": "Independent overlapping policies and active-entry-date means are diagnostics, not account profits."}
2026-10-07T07:56:08.5941417Z ok
2026-10-07T07:56:08.8711292Z test_positive_results_cannot_hide_input_insufficiency (test_funding_crowding_v7.SelectionCoverageTests.test_positive_results_cannot_hide_input_insufficiency) ... FUNDING_SELECT {"status": "SOURCE_COVERAGE_INSUFFICIENT", "cells_examined": 96, "selected": [], "policies": [], "union_name": "FUNDING_UNION", "funding_coverage": {"passed": false, "minimum_fraction": 0.95, "years": {"2022": {"eligible": 800, "known": 752, "unavailable": 48, "fraction": 0.94}, "2023": {"eligible": 800, "known": 760, "unavailable": 40, "fraction": 0.95}}, "symbols": 8}, "note": "Independent overlapping policies and active-entry-date means are diagnostics, not account profits."}
2026-10-07T07:56:08.8727395Z ok
2026-10-07T07:56:09.1283060Z test_price_r_date_frequency_and_empty_cells_reject_independently (test_funding_crowding_v7.SelectionCoverageTests.test_price_r_date_frequency_and_empty_cells_reject_independently) ... FUNDING_SELECT {"status": "NO_DEVELOPMENT_POLICY_SURVIVOR", "cells_examined": 96, "selected": [], "policies": [], "union_name": "FUNDING_UNION", "funding_coverage": {"passed": true, "minimum_fraction": 0.95, "years": {"2022": {"eligible": 800, "known": 760, "unavailable": 40, "fraction": 0.95}, "2023": {"eligible": 800, "known": 760, "unavailable": 40, "fraction": 0.95}}, "symbols": 8}, "note": "Independent overlapping policies and active-entry-date means are diagnostics, not account profits."}
2026-10-07T07:56:09.3902460Z FUNDING_SELECT {"status": "NO_DEVELOPMENT_POLICY_SURVIVOR", "cells_examined": 96, "selected": [], "policies": [], "union_name": "FUNDING_UNION", "funding_coverage": {"passed": true, "minimum_fraction": 0.95, "years": {"2022": {"eligible": 800, "known": 760, "unavailable": 40, "fraction": 0.95}, "2023": {"eligible": 800, "known": 760, "unavailable": 40, "fraction": 0.95}}, "symbols": 8}, "note": "Independent overlapping policies and active-entry-date means are diagnostics, not account profits."}
2026-10-07T07:56:09.6487219Z FUNDING_SELECT {"status": "NO_DEVELOPMENT_POLICY_SURVIVOR", "cells_examined": 96, "selected": [], "policies": [], "union_name": "FUNDING_UNION", "funding_coverage": {"passed": true, "minimum_fraction": 0.95, "years": {"2022": {"eligible": 800, "known": 760, "unavailable": 40, "fraction": 0.95}, "2023": {"eligible": 800, "known": 760, "unavailable": 40, "fraction": 0.95}}, "symbols": 8}, "note": "Independent overlapping policies and active-entry-date means are diagnostics, not account profits."}
2026-10-07T07:56:09.8930973Z FUNDING_SELECT {"status": "NO_DEVELOPMENT_POLICY_SURVIVOR", "cells_examined": 96, "selected": [], "policies": [], "union_name": "FUNDING_UNION", "funding_coverage": {"passed": true, "minimum_fraction": 0.95, "years": {"2022": {"eligible": 800, "known": 760, "unavailable": 40, "fraction": 0.95}, "2023": {"eligible": 800, "known": 760, "unavailable": 40, "fraction": 0.95}}, "symbols": 8}, "note": "Independent overlapping policies and active-entry-date means are diagnostics, not account profits."}
2026-10-07T07:56:09.8959244Z ok
2026-10-07T07:56:09.8970015Z test_checksum_mismatch_is_explicit_gap (test_liquidity_sweep_v5.MinuteTests.test_checksum_mismatch_is_explicit_gap) ... ok
2026-10-07T07:56:09.8983475Z test_definitive_missing_archive_and_checksum_excluded (test_liquidity_sweep_v5.MinuteTests.test_definitive_missing_archive_and_checksum_excluded) ... ok
2026-10-07T07:56:09.9031837Z test_exact_authoritative_slice_and_provenance_are_preserved (test_liquidity_sweep_v5.MinuteTests.test_exact_authoritative_slice_and_provenance_are_preserved) ... ok
2026-10-07T07:56:09.9038431Z test_exhausted_transient_error_is_not_fabricated_data_gap (test_liquidity_sweep_v5.MinuteTests.test_exhausted_transient_error_is_not_fabricated_data_gap) ... ok
2026-10-07T07:56:09.9099439Z test_gapped_or_bad_geometry_official_archive_excluded (test_liquidity_sweep_v5.MinuteTests.test_gapped_or_bad_geometry_official_archive_excluded) ... ok
2026-10-07T07:56:09.9141150Z test_legacy_cache_without_original_checksum_is_not_trusted (test_liquidity_sweep_v5.MinuteTests.test_legacy_cache_without_original_checksum_is_not_trusted) ... ok
2026-10-07T07:56:09.9190153Z test_official_header_and_headerless_values_agree (test_liquidity_sweep_v5.MinuteTests.test_official_header_and_headerless_values_agree) ... ok
2026-10-07T07:56:09.9238391Z test_original_zip_checksum_then_verified_cache (test_liquidity_sweep_v5.MinuteTests.test_original_zip_checksum_then_verified_cache) ... ok
2026-10-07T07:56:09.9246567Z test_shared_canonical_resolver_excludes_checksum_gap (test_liquidity_sweep_v5.MinuteTests.test_shared_canonical_resolver_excludes_checksum_gap) ... ok
2026-10-07T07:56:09.9284678Z test_shared_canonical_resolver_keeps_entry_minute_tp_only_as_loss (test_liquidity_sweep_v5.MinuteTests.test_shared_canonical_resolver_keeps_entry_minute_tp_only_as_loss) ... ok
2026-10-07T07:56:09.9324556Z test_verified_cache_corruption_fails_without_replacement (test_liquidity_sweep_v5.MinuteTests.test_verified_cache_corruption_fails_without_replacement) ... ok
2026-10-07T07:56:09.9391693Z test_actual_entry_and_closed_sweep_anchored_sl (test_liquidity_sweep_v5.SweepTests.test_actual_entry_and_closed_sweep_anchored_sl) ... ok
2026-10-07T07:56:10.1958972Z test_all_cells_preserved_and_year_is_kst (test_liquidity_sweep_v5.SweepTests.test_all_cells_preserved_and_year_is_kst) ... SWEEP_SELECT {"status": "ACCOUNT_REPLAY_REQUIRED", "cells_examined": 96, "selected": [{"key": "SWEEP_S+1_W48_A55_ANY", "side": 1, "window": 48, "flow": 0.55, "btc": "ANY", "hold": 24, "exit_type": "TP2", "policy": "SWEEP_S+1_W48_A55_ANY__H24__TP2", "development_net40_R": 0.5, "development_worst_year_day_R": 0.5}], "policies": [{"key": "SWEEP_S+1_W48_A55_ANY", "side": 1, "window": 48, "flow": 0.55, "btc": "ANY", "hold": 24, "exit_type": "TP2", "policy": "SWEEP_S+1_W48_A55_ANY__H24__TP2", "development_net40_R": 0.5, "development_worst_year_day_R": 0.5}], "union_name": "SWEEP_UNION", "note": "Independent overlapping policies and active-entry-date means are diagnostics, not account profits."}
2026-10-07T07:56:10.1995502Z ok
2026-10-07T07:56:10.2034524Z test_btc_missing_fails_alignment_but_any_ignores_it (test_liquidity_sweep_v5.SweepTests.test_btc_missing_fails_alignment_but_any_ignores_it) ... ok
2026-10-07T07:56:10.4531262Z test_clustered_entry_days_cannot_satisfy_frequency (test_liquidity_sweep_v5.SweepTests.test_clustered_entry_days_cannot_satisfy_frequency) ... SWEEP_SELECT {"status": "NO_DEVELOPMENT_POLICY_SURVIVOR", "cells_examined": 96, "selected": [], "policies": [], "union_name": "SWEEP_UNION", "note": "Independent overlapping policies and active-entry-date means are diagnostics, not account profits."}
2026-10-07T07:56:10.4547590Z ok
2026-10-07T07:56:10.4585972Z test_cooldown_uses_intents_not_future_outcomes (test_liquidity_sweep_v5.SweepTests.test_cooldown_uses_intents_not_future_outcomes) ... ok
2026-10-07T07:56:10.4589722Z test_empty_source_stops_before_minute_retrieval (test_liquidity_sweep_v5.SweepTests.test_empty_source_stops_before_minute_retrieval) ... ok
2026-10-07T07:56:10.4657361Z test_flow_threshold_boundary_is_symmetric (test_liquidity_sweep_v5.SweepTests.test_flow_threshold_boundary_is_symmetric) ... ok
2026-10-07T07:56:10.4759673Z test_future_perturbation_preserves_every_past_feature (test_liquidity_sweep_v5.SweepTests.test_future_perturbation_preserves_every_past_feature) ... ok
2026-10-07T07:56:10.4817169Z test_gaps_reset_range_and_volume_history (test_liquidity_sweep_v5.SweepTests.test_gaps_reset_range_and_volume_history) ... ok
2026-10-07T07:56:10.4820582Z test_grid_is_frozen_and_unique (test_liquidity_sweep_v5.SweepTests.test_grid_is_frozen_and_unique) ... ok
2026-10-07T07:56:10.4987938Z test_incomplete_parts_rejected (test_liquidity_sweep_v5.SweepTests.test_incomplete_parts_rejected) ... ok
2026-10-07T07:56:10.5021798Z test_invalid_gap_fill_is_not_a_valid_stop (test_liquidity_sweep_v5.SweepTests.test_invalid_gap_fill_is_not_a_valid_stop) ... ok
2026-10-07T07:56:10.5085845Z test_minimum_stop_and_above_eight_percent_exclusion (test_liquidity_sweep_v5.SweepTests.test_minimum_stop_and_above_eight_percent_exclusion) ... ok
2026-10-07T07:56:10.7580474Z test_positive_r_cannot_hide_negative_annual_price_return (test_liquidity_sweep_v5.SweepTests.test_positive_r_cannot_hide_negative_annual_price_return) ... SWEEP_SELECT {"status": "NO_DEVELOPMENT_POLICY_SURVIVOR", "cells_examined": 96, "selected": [], "policies": [], "union_name": "SWEEP_UNION", "note": "Independent overlapping policies and active-entry-date means are diagnostics, not account profits."}
2026-10-07T07:56:10.7596655Z ok
2026-10-07T07:56:10.7663849Z test_price_must_reject_inside_known_range (test_liquidity_sweep_v5.SweepTests.test_price_must_reject_inside_known_range) ... ok
2026-10-07T07:56:10.7724378Z test_prior_baselines_cannot_use_current_candle (test_liquidity_sweep_v5.SweepTests.test_prior_baselines_cannot_use_current_candle) ... ok
2026-10-07T07:56:10.7788055Z test_sides_require_opposite_aggressive_flow (test_liquidity_sweep_v5.SweepTests.test_sides_require_opposite_aggressive_flow) ... ok
2026-10-07T07:56:10.7819979Z test_sweep_has_prior_atr_minimum_distance (test_liquidity_sweep_v5.SweepTests.test_sweep_has_prior_atr_minimum_distance) ... ok
2026-10-07T07:56:10.7911439Z test_wick_body_and_volume_must_agree (test_liquidity_sweep_v5.SweepTests.test_wick_body_and_volume_must_agree) ... ok
2026-10-07T07:56:10.7962679Z test_404_checksum_failure_and_transient_are_not_zero_imputed (test_premium_absorption_v8.ArchiveTests.test_404_checksum_failure_and_transient_are_not_zero_imputed) ... ok
2026-10-07T07:56:10.8208152Z test_each_verified_cache_component_corruption_fails_without_redownload (test_premium_absorption_v8.ArchiveTests.test_each_verified_cache_component_corruption_fails_without_redownload) ... ok
2026-10-07T07:56:10.8217956Z test_exact_alignment_missing_month_and_stage_cut (test_premium_absorption_v8.ArchiveTests.test_exact_alignment_missing_month_and_stage_cut) ... ok
2026-10-07T07:56:10.8229408Z test_future_premium_cannot_change_prior_alignment (test_premium_absorption_v8.ArchiveTests.test_future_premium_cannot_change_prior_alignment) ... ok
2026-10-07T07:56:10.8363970Z test_invalid_width_header_timestamp_geometry_and_values_fail (test_premium_absorption_v8.ArchiveTests.test_invalid_width_header_timestamp_geometry_and_values_fail) ... ok
2026-10-07T07:56:10.8375580Z test_load_symbol_includes_previous_month_but_never_future_stage (test_premium_absorption_v8.ArchiveTests.test_load_symbol_includes_previous_month_but_never_future_stage) ... ok
2026-10-07T07:56:10.8450511Z test_original_checksum_npz_and_verified_cache_are_immutable (test_premium_absorption_v8.ArchiveTests.test_original_checksum_npz_and_verified_cache_are_immutable) ... ok
2026-10-07T07:56:10.8498441Z test_signed_header_and_headerless_arrays_agree (test_premium_absorption_v8.ArchiveTests.test_signed_header_and_headerless_arrays_agree) ... ok
2026-10-07T07:56:10.8557675Z test_current_and_future_price_cannot_change_prior_baselines (test_premium_absorption_v8.EconomicTests.test_current_and_future_price_cannot_change_prior_baselines) ... ok
2026-10-07T07:56:10.8563981Z test_entry_gap_floor_overwide_stop_and_path_gap_are_explicit (test_premium_absorption_v8.EconomicTests.test_entry_gap_floor_overwide_stop_and_path_gap_are_explicit) ... ok
2026-10-07T07:56:10.8566674Z test_fixed_intent_cooldown_not_future_exit (test_premium_absorption_v8.EconomicTests.test_fixed_intent_cooldown_not_future_exit) ... ok
2026-10-07T07:56:10.8573625Z test_flow_volume_price_and_btc_filters (test_premium_absorption_v8.EconomicTests.test_flow_volume_price_and_btc_filters) ... ok
2026-10-07T07:56:10.8581501Z test_mirrored_signed_dislocation_and_normalization (test_premium_absorption_v8.EconomicTests.test_mirrored_signed_dislocation_and_normalization) ... ok
2026-10-07T07:56:10.8585157Z test_missing_or_noncontiguous_premium_invalidates_signal (test_premium_absorption_v8.EconomicTests.test_missing_or_noncontiguous_premium_invalidates_signal) ... ok
2026-10-07T07:56:10.8588907Z test_next_open_actual_risk_priority_and_future_ohlc_independence (test_premium_absorption_v8.EconomicTests.test_next_open_actual_risk_priority_and_future_ohlc_independence) ... ok
2026-10-07T07:56:10.8591464Z test_normalization_magnitude_and_direction_are_hard_filters (test_premium_absorption_v8.EconomicTests.test_normalization_magnitude_and_direction_are_hard_filters) ... ok
2026-10-07T07:56:10.8599057Z test_shared_resolver_tp_and_exclusion (test_premium_absorption_v8.EconomicTests.test_shared_resolver_tp_and_exclusion) ... ok
2026-10-07T07:56:10.8604469Z test_sixteen_entries_ninety_six_policies (test_premium_absorption_v8.EconomicTests.test_sixteen_entries_ninety_six_policies) ... ok
2026-10-07T07:56:11.1145052Z test_2022_and_2023_price_and_r_still_hard_gates (test_premium_absorption_v8.SelectionTests.test_2022_and_2023_price_and_r_still_hard_gates) ... PREMIUM_SELECT {"status": "NO_DEVELOPMENT_POLICY_SURVIVOR", "cells_examined": 96, "selected": [], "policies": [], "union_name": "PREMIUM_ABSORPTION_UNION", "premium_coverage": {"passed": true, "minimum_fraction": 0.95, "years": {"2021": {"eligible": 800, "known": 760, "unavailable": 40, "fraction": 0.95}, "2022": {"eligible": 800, "known": 760, "unavailable": 40, "fraction": 0.95}, "2023": {"eligible": 800, "known": 760, "unavailable": 40, "fraction": 0.95}}, "symbols": 8}, "note": "Independent overlapping policies and active-entry-date means are diagnostics, not account profits."}
2026-10-07T07:56:11.3710461Z PREMIUM_SELECT {"status": "NO_DEVELOPMENT_POLICY_SURVIVOR", "cells_examined": 96, "selected": [], "policies": [], "union_name": "PREMIUM_ABSORPTION_UNION", "premium_coverage": {"passed": true, "minimum_fraction": 0.95, "years": {"2021": {"eligible": 800, "known": 760, "unavailable": 40, "fraction": 0.95}, "2022": {"eligible": 800, "known": 760, "unavailable": 40, "fraction": 0.95}, "2023": {"eligible": 800, "known": 760, "unavailable": 40, "fraction": 0.95}}, "symbols": 8}, "note": "Independent overlapping policies and active-entry-date means are diagnostics, not account profits."}
2026-10-07T07:56:11.6257678Z PREMIUM_SELECT {"status": "NO_DEVELOPMENT_POLICY_SURVIVOR", "cells_examined": 96, "selected": [], "policies": [], "union_name": "PREMIUM_ABSORPTION_UNION", "premium_coverage": {"passed": true, "minimum_fraction": 0.95, "years": {"2021": {"eligible": 800, "known": 760, "unavailable": 40, "fraction": 0.95}, "2022": {"eligible": 800, "known": 760, "unavailable": 40, "fraction": 0.95}, "2023": {"eligible": 800, "known": 760, "unavailable": 40, "fraction": 0.95}}, "symbols": 8}, "note": "Independent overlapping policies and active-entry-date means are diagnostics, not account profits."}
2026-10-07T07:56:11.8840071Z PREMIUM_SELECT {"status": "NO_DEVELOPMENT_POLICY_SURVIVOR", "cells_examined": 96, "selected": [], "policies": [], "union_name": "PREMIUM_ABSORPTION_UNION", "premium_coverage": {"passed": true, "minimum_fraction": 0.95, "years": {"2021": {"eligible": 800, "known": 760, "unavailable": 40, "fraction": 0.95}, "2022": {"eligible": 800, "known": 760, "unavailable": 40, "fraction": 0.95}, "2023": {"eligible": 800, "known": 760, "unavailable": 40, "fraction": 0.95}}, "symbols": 8}, "note": "Independent overlapping policies and active-entry-date means are diagnostics, not account profits."}
2026-10-07T07:56:11.8856954Z ok
2026-10-07T07:56:12.1449957Z test_95percent_three_year_coverage_and_all96cells (test_premium_absorption_v8.SelectionTests.test_95percent_three_year_coverage_and_all96cells) ... PREMIUM_SELECT {"status": "ACCOUNT_REPLAY_REQUIRED", "cells_examined": 96, "selected": [{"key": "PREMIUM_S+1_P5_N1_ANY", "side": 1, "threshold": 0.0005, "lookback": 1, "btc": "ANY", "hold": 24, "exit_type": "TP2", "policy": "PREMIUM_S+1_P5_N1_ANY__H24__TP2", "development_net40_R": 0.5, "development_worst_year_day_R": 0.5}], "policies": [{"key": "PREMIUM_S+1_P5_N1_ANY", "side": 1, "threshold": 0.0005, "lookback": 1, "btc": "ANY", "hold": 24, "exit_type": "TP2", "policy": "PREMIUM_S+1_P5_N1_ANY__H24__TP2", "development_net40_R": 0.5, "development_worst_year_day_R": 0.5}], "union_name": "PREMIUM_ABSORPTION_UNION", "premium_coverage": {"passed": true, "minimum_fraction": 0.95, "years": {"2021": {"eligible": 800, "known": 760, "unavailable": 40, "fraction": 0.95}, "2022": {"eligible": 800, "known": 760, "unavailable": 40, "fraction": 0.95}, "2023": {"eligible": 800, "known": 760, "unavailable": 40, "fraction": 0.95}}, "symbols": 8}, "note": "Independent overlapping policies and active-entry-date means are diagnostics, not account profits."}
2026-10-07T07:56:12.1479054Z ok
2026-10-07T07:56:12.4005459Z test_below_coverage_is_input_failure_not_alpha (test_premium_absorption_v8.SelectionTests.test_below_coverage_is_input_failure_not_alpha) ... PREMIUM_SELECT {"status": "SOURCE_COVERAGE_INSUFFICIENT", "cells_examined": 96, "selected": [], "policies": [], "union_name": "PREMIUM_ABSORPTION_UNION", "premium_coverage": {"passed": false, "minimum_fraction": 0.95, "years": {"2021": {"eligible": 800, "known": 752, "unavailable": 48, "fraction": 0.94}, "2022": {"eligible": 800, "known": 752, "unavailable": 48, "fraction": 0.94}, "2023": {"eligible": 800, "known": 752, "unavailable": 48, "fraction": 0.94}}, "symbols": 8}, "note": "Independent overlapping policies and active-entry-date means are diagnostics, not account profits."}
2026-10-07T07:56:12.4020960Z ok
2026-10-07T07:56:12.6418147Z test_duplicate_coverage_symbol_and_empty_cells (test_premium_absorption_v8.SelectionTests.test_duplicate_coverage_symbol_and_empty_cells) ... PREMIUM_SELECT {"status": "NO_DEVELOPMENT_POLICY_SURVIVOR", "cells_examined": 96, "selected": [], "policies": [], "union_name": "PREMIUM_ABSORPTION_UNION", "premium_coverage": {"passed": true, "minimum_fraction": 0.95, "years": {"2021": {"eligible": 800, "known": 760, "unavailable": 40, "fraction": 0.95}, "2022": {"eligible": 800, "known": 760, "unavailable": 40, "fraction": 0.95}, "2023": {"eligible": 800, "known": 760, "unavailable": 40, "fraction": 0.95}}, "symbols": 8}, "note": "Independent overlapping policies and active-entry-date means are diagnostics, not account profits."}
2026-10-07T07:56:12.6445413Z ok
2026-10-07T07:56:12.9170544Z test_partial2021_price_r_date_and_frequency_are_hard_gates (test_premium_absorption_v8.SelectionTests.test_partial2021_price_r_date_and_frequency_are_hard_gates) ... PREMIUM_SELECT {"status": "NO_DEVELOPMENT_POLICY_SURVIVOR", "cells_examined": 96, "selected": [], "policies": [], "union_name": "PREMIUM_ABSORPTION_UNION", "premium_coverage": {"passed": true, "minimum_fraction": 0.95, "years": {"2021": {"eligible": 800, "known": 760, "unavailable": 40, "fraction": 0.95}, "2022": {"eligible": 800, "known": 760, "unavailable": 40, "fraction": 0.95}, "2023": {"eligible": 800, "known": 760, "unavailable": 40, "fraction": 0.95}}, "symbols": 8}, "note": "Independent overlapping policies and active-entry-date means are diagnostics, not account profits."}
2026-10-07T07:56:13.1714183Z PREMIUM_SELECT {"status": "NO_DEVELOPMENT_POLICY_SURVIVOR", "cells_examined": 96, "selected": [], "policies": [], "union_name": "PREMIUM_ABSORPTION_UNION", "premium_coverage": {"passed": true, "minimum_fraction": 0.95, "years": {"2021": {"eligible": 800, "known": 760, "unavailable": 40, "fraction": 0.95}, "2022": {"eligible": 800, "known": 760, "unavailable": 40, "fraction": 0.95}, "2023": {"eligible": 800, "known": 760, "unavailable": 40, "fraction": 0.95}}, "symbols": 8}, "note": "Independent overlapping policies and active-entry-date means are diagnostics, not account profits."}
2026-10-07T07:56:13.4301575Z PREMIUM_SELECT {"status": "NO_DEVELOPMENT_POLICY_SURVIVOR", "cells_examined": 96, "selected": [], "policies": [], "union_name": "PREMIUM_ABSORPTION_UNION", "premium_coverage": {"passed": true, "minimum_fraction": 0.95, "years": {"2021": {"eligible": 800, "known": 760, "unavailable": 40, "fraction": 0.95}, "2022": {"eligible": 800, "known": 760, "unavailable": 40, "fraction": 0.95}, "2023": {"eligible": 800, "known": 760, "unavailable": 40, "fraction": 0.95}}, "symbols": 8}, "note": "Independent overlapping policies and active-entry-date means are diagnostics, not account profits."}
2026-10-07T07:56:13.6890960Z PREMIUM_SELECT {"status": "NO_DEVELOPMENT_POLICY_SURVIVOR", "cells_examined": 96, "selected": [], "policies": [], "union_name": "PREMIUM_ABSORPTION_UNION", "premium_coverage": {"passed": true, "minimum_fraction": 0.95, "years": {"2021": {"eligible": 800, "known": 760, "unavailable": 40, "fraction": 0.95}, "2022": {"eligible": 800, "known": 760, "unavailable": 40, "fraction": 0.95}, "2023": {"eligible": 800, "known": 760, "unavailable": 40, "fraction": 0.95}}, "symbols": 8}, "note": "Independent overlapping policies and active-entry-date means are diagnostics, not account profits."}
2026-10-07T07:56:13.6906367Z ok
2026-10-07T07:56:13.6911876Z test_entry_minute_both_is_loss (test_relative_pullback_v1.ChronologyTests.test_entry_minute_both_is_loss) ... ok
2026-10-07T07:56:13.6915562Z test_entry_minute_sl_is_loss (test_relative_pullback_v1.ChronologyTests.test_entry_minute_sl_is_loss) ... ok
2026-10-07T07:56:13.6918369Z test_entry_minute_tp_is_loss (test_relative_pullback_v1.ChronologyTests.test_entry_minute_tp_is_loss) ... ok
2026-10-07T07:56:13.6921319Z test_entry_price_mismatch_is_excluded (test_relative_pullback_v1.ChronologyTests.test_entry_price_mismatch_is_excluded) ... ok
2026-10-07T07:56:13.6924337Z test_established_first_minute_tp_is_win (test_relative_pullback_v1.ChronologyTests.test_established_first_minute_tp_is_win) ... ok
2026-10-07T07:56:13.6926393Z test_established_same_minute_both_is_loss (test_relative_pullback_v1.ChronologyTests.test_established_same_minute_both_is_loss) ... ok
2026-10-07T07:56:13.6928608Z test_later_sl_proven_before_tp (test_relative_pullback_v1.ChronologyTests.test_later_sl_proven_before_tp) ... ok
2026-10-07T07:56:13.6933192Z test_later_tp_proven_before_sl (test_relative_pullback_v1.ChronologyTests.test_later_tp_proven_before_sl) ... ok
2026-10-07T07:56:13.6935397Z test_official_data_gap_is_excluded (test_relative_pullback_v1.ChronologyTests.test_official_data_gap_is_excluded) ... ok
2026-10-07T07:56:13.6938384Z test_parent_exit_not_reproduced_is_mismatch (test_relative_pullback_v1.ChronologyTests.test_parent_exit_not_reproduced_is_mismatch) ... ok
2026-10-07T07:56:13.6951290Z test_short_entry_touch_is_loss (test_relative_pullback_v1.ChronologyTests.test_short_entry_touch_is_loss) ... ok
2026-10-07T07:56:13.6952918Z test_short_later_tp_is_win (test_relative_pullback_v1.ChronologyTests.test_short_later_tp_is_win) ... ok
2026-10-07T07:56:13.6977172Z test_cash_equals_sum_of_net_trade_pnls (test_relative_pullback_v1.PortfolioTests.test_cash_equals_sum_of_net_trade_pnls) ... ok
2026-10-07T07:56:13.7003403Z test_day_loss_blocks_later_entry (test_relative_pullback_v1.PortfolioTests.test_day_loss_blocks_later_entry) ... ok
2026-10-07T07:56:13.7052591Z test_drawdown_halt_is_permanent_within_split (test_relative_pullback_v1.PortfolioTests.test_drawdown_halt_is_permanent_within_split) ... ok
2026-10-07T07:56:13.7088841Z test_empty_days_are_in_denominator_and_korea_aligned (test_relative_pullback_v1.PortfolioTests.test_empty_days_are_in_denominator_and_korea_aligned) ... ok
2026-10-07T07:56:13.7137572Z test_half_risk_latches_into_next_day (test_relative_pullback_v1.PortfolioTests.test_half_risk_latches_into_next_day) ... ok
2026-10-07T07:56:13.7166783Z test_profit_above_two_percent_does_not_block_entry (test_relative_pullback_v1.PortfolioTests.test_profit_above_two_percent_does_not_block_entry) ... ok
2026-10-07T07:56:13.7191428Z test_same_symbol_opposite_signal_is_rejected (test_relative_pullback_v1.PortfolioTests.test_same_symbol_opposite_signal_is_rejected) ... ok
2026-10-07T07:56:13.7215870Z test_short_position_accounting (test_relative_pullback_v1.PortfolioTests.test_short_position_accounting) ... ok
2026-10-07T07:56:13.7246190Z test_simultaneous_risk_and_six_slot_caps (test_relative_pullback_v1.PortfolioTests.test_simultaneous_risk_and_six_slot_caps) ... ok
2026-10-07T07:56:13.7258824Z test_split_crossing_outcome_is_rejected (test_relative_pullback_v1.PortfolioTests.test_split_crossing_outcome_is_rejected) ... ok
2026-10-07T07:56:13.7261164Z test_gap_stop_fills_at_worse_open (test_relative_pullback_v1.SignalTests.test_gap_stop_fills_at_worse_open) ... ok
2026-10-07T07:56:13.7271025Z test_hour_only_becomes_available_when_closed (test_relative_pullback_v1.SignalTests.test_hour_only_becomes_available_when_closed) ... ok
2026-10-07T07:56:13.7322687Z test_indicators_do_not_use_future_candles (test_relative_pullback_v1.SignalTests.test_indicators_do_not_use_future_candles) ... ok
2026-10-07T07:56:13.7349025Z test_indicators_restart_after_data_gap (test_relative_pullback_v1.SignalTests.test_indicators_restart_after_data_gap) ... ok
2026-10-07T07:56:13.7351528Z test_missing_timeout_path_is_excluded (test_relative_pullback_v1.SignalTests.test_missing_timeout_path_is_excluded) ... ok
2026-10-07T07:56:13.7354053Z test_short_return_uses_linear_entry_denominator (test_relative_pullback_v1.SignalTests.test_short_return_uses_linear_entry_denominator) ... ok
2026-10-07T07:56:13.7356502Z test_signal_confirmed_close_and_next_open_alignment (test_relative_pullback_v1.SignalTests.test_signal_confirmed_close_and_next_open_alignment) ... ok
2026-10-07T07:56:13.7358279Z test_timeout_is_exactly_twelve_hours (test_relative_pullback_v1.SignalTests.test_timeout_is_exactly_twelve_hours) ... ok
2026-10-07T07:56:13.7375701Z test_archive_keeps_failed_evidence_and_validates_exact_copy (test_research_evidence_archive.EvidenceTests.test_archive_keeps_failed_evidence_and_validates_exact_copy) ... EVIDENCE_ARCHIVED failed-study 2 files 48 bytes
2026-10-07T07:56:13.7380972Z ok
2026-10-07T07:56:13.7404886Z test_incomplete_cache_is_rejected_and_failure_saved (test_research_evidence_archive.EvidenceTests.test_incomplete_cache_is_rejected_and_failure_saved) ... ok
2026-10-07T07:56:13.7433309Z test_matches_full_catalogue_stats_and_prior_sha256 (test_research_evidence_archive.EvidenceTests.test_matches_full_catalogue_stats_and_prior_sha256) ... FROZEN_SOURCE_VERIFIED 1 files 1 prior SHA256 matches
2026-10-07T07:56:13.7436648Z ok
2026-10-07T07:56:13.7472917Z test_same_stats_but_changed_source_bytes_are_rejected (test_research_evidence_archive.EvidenceTests.test_same_stats_but_changed_source_bytes_are_rejected) ... ok
2026-10-07T07:56:13.7481822Z test_incomplete_curve_cannot_be_silently_filled (test_saved_calendar_audit.SavedCalendarTests.test_incomplete_curve_cannot_be_silently_filled) ... ok
2026-10-07T07:56:13.7583538Z test_reconstruction_keeps_entries_on_both_partial_days_and_midnight (test_saved_calendar_audit.SavedCalendarTests.test_reconstruction_keeps_entries_on_both_partial_days_and_midnight) ... ok
2026-10-07T07:56:13.7613832Z test_cooldown_is_fixed_not_outcome_conditioned (test_shock_confirmation_v3.ConfirmTests.test_cooldown_is_fixed_not_outcome_conditioned) ... ok
2026-10-07T07:56:13.7695740Z test_features_ignore_future_prices_and_flow (test_shock_confirmation_v3.ConfirmTests.test_features_ignore_future_prices_and_flow) ... ok
2026-10-07T07:56:13.7722616Z test_flow_share_uses_actual_quote_ratio (test_shock_confirmation_v3.ConfirmTests.test_flow_share_uses_actual_quote_ratio) ... ok
2026-10-07T07:56:13.7770277Z test_future_confirming_bar_cannot_move_old_stop (test_shock_confirmation_v3.ConfirmTests.test_future_confirming_bar_cannot_move_old_stop) ... ok
2026-10-07T07:56:13.7814647Z test_gap_restarts_recent_shock_and_stop_window (test_shock_confirmation_v3.ConfirmTests.test_gap_restarts_recent_shock_and_stop_window) ... ok
2026-10-07T07:56:13.7819157Z test_predeclared_grid (test_shock_confirmation_v3.ConfirmTests.test_predeclared_grid) ... ok
2026-10-07T07:56:13.7844355Z test_shock_window_excludes_current_confirming_bar (test_shock_confirmation_v3.ConfirmTests.test_shock_window_excludes_current_confirming_bar) ... ok
2026-10-07T07:56:13.7849264Z test_structural_stop_and_actual_fill_risk (test_shock_confirmation_v3.ConfirmTests.test_structural_stop_and_actual_fill_risk) ... ok
2026-10-07T07:56:13.7850221Z 
2026-10-07T07:56:13.7850524Z ----------------------------------------------------------------------
2026-10-07T07:56:13.7851115Z Ran 593 tests in 62.719s
2026-10-07T07:56:13.7851347Z 
2026-10-07T07:56:13.7851472Z OK
2026-10-07T07:56:13.7851759Z V26_TEST_RESULT 593 0 0 True
2026-10-07T07:56:14.4332927Z PASS long_preentry_tp_ignored win
2026-10-07T07:56:14.4333580Z PASS long_entry_same1m_tp_loss loss
2026-10-07T07:56:14.4334458Z PASS long_gap_through_entry_then_tp win
2026-10-07T07:56:14.4335068Z PASS short_gap_through_entry_then_tp win
2026-10-07T07:56:14.4335542Z PASS long_entry_same1m_sl_loss loss
2026-10-07T07:56:14.4335985Z PASS long_entry_same1m_both_loss loss
2026-10-07T07:56:14.4336430Z PASS long_entry_then_tp win
2026-10-07T07:56:14.4336837Z PASS long_entry_then_sl loss
2026-10-07T07:56:14.4337297Z PASS long_preentry_tp_then_entry_continue continue
2026-10-07T07:56:14.4337874Z PASS long_entry_not_seen_entry_mismatch entry_mismatch
2026-10-07T07:56:14.4338432Z PASS long_established_same1m_both_loss loss
2026-10-07T07:56:14.4339107Z PASS long_established_parent_collision_not_seen_exit_mismatch exit_mismatch
2026-10-07T07:56:14.4339757Z PASS short_entry_same1m_tp_loss loss
2026-10-07T07:56:14.4340202Z PASS short_entry_same1m_sl_loss loss
2026-10-07T07:56:14.4340614Z PASS short_entry_then_tp win
2026-10-07T07:56:14.4340996Z PASS short_entry_then_sl loss
2026-10-07T07:56:14.4341454Z PASS short_preentry_tp_then_entry_continue continue
2026-10-07T07:56:14.4341938Z ALL_CHRONOLOGY_SMOKE_PASS
2026-10-07T07:56:14.4342546Z PASS resample_exact_buckets
2026-10-07T07:56:14.4342944Z PASS psar_open_causality
2026-10-07T07:56:14.4343357Z PASS psar_burnin_initialization_sanity
2026-10-07T07:56:14.4343811Z PASS binance_1m_header_contract
2026-10-07T07:56:14.4344218Z ALL_CANONICAL_INVARIANTS_PASS
2026-10-07T07:56:14.5718161Z V26_CHECKPOINT_IDENTITY_AND_DIAGNOSTIC_STATUS_PASS
2026-10-07T07:56:15.4183198Z V26_ORIGINAL_DEV_HASH_AND_COHORT_PASS 64
2026-10-07T07:56:15.4758019Z V26_MARKET_UNIVERSE_VERIFIED 8 8
2026-10-07T07:56:15.6393830Z V26_ACCOUNT DEV__DAILY_S-1_D05_ANY_A15__H672__R20__20bp__guarded {"trades": 4, "net_return_pct": 0.06892721958260406, "mdd_15m_pct": 0.05734698806968419, "pf": null, "day_ge_0_7_pct": 0.0}
2026-10-07T07:56:15.6903114Z V26_ACCOUNT DEV__DAILY_S-1_D05_ANY_A15__H672__R20__20bp__unguarded_diagnostic {"trades": 4, "net_return_pct": 0.06892721958260406, "mdd_15m_pct": 0.05734698806968419, "pf": null, "day_ge_0_7_pct": 0.0}
2026-10-07T07:56:15.7456801Z V26_ACCOUNT DEV__DAILY_S-1_D05_ANY_A15__H672__R20__40bp__guarded {"trades": 4, "net_return_pct": 0.030224085187713357, "mdd_15m_pct": 0.09366844740336111, "pf": null, "day_ge_0_7_pct": 0.0}
2026-10-07T07:56:15.7973380Z V26_ACCOUNT DEV__DAILY_S-1_D05_ANY_A15__H672__R20__40bp__unguarded_diagnostic {"trades": 4, "net_return_pct": 0.030224085187713357, "mdd_15m_pct": 0.09366844740336111, "pf": null, "day_ge_0_7_pct": 0.0}
2026-10-07T07:56:15.8545835Z V26_ACCOUNT GATE__DAILY_S-1_D05_ANY_A15__H672__R20__20bp__guarded {"trades": 4, "net_return_pct": 0.06947068100149334, "mdd_15m_pct": 0.05690761696548474, "pf": null, "day_ge_0_7_pct": 0.0}
2026-10-07T07:56:15.9057318Z V26_ACCOUNT GATE__DAILY_S-1_D05_ANY_A15__H672__R20__20bp__unguarded_diagnostic {"trades": 4, "net_return_pct": 0.06947068100149334, "mdd_15m_pct": 0.05690761696548474, "pf": null, "day_ge_0_7_pct": 0.0}
2026-10-07T07:56:15.9614617Z V26_ACCOUNT GATE__DAILY_S-1_D05_ANY_A15__H672__R20__40bp__guarded {"trades": 4, "net_return_pct": 0.031048178502501855, "mdd_15m_pct": 0.09296437663445234, "pf": null, "day_ge_0_7_pct": 0.0}
2026-10-07T07:56:16.0126999Z V26_ACCOUNT GATE__DAILY_S-1_D05_ANY_A15__H672__R20__40bp__unguarded_diagnostic {"trades": 4, "net_return_pct": 0.031048178502501855, "mdd_15m_pct": 0.09296437663445234, "pf": null, "day_ge_0_7_pct": 0.0}
2026-10-07T07:56:16.1782600Z V26_ACCOUNT DEV__DAILY_S-1_D05_ANY_A25__H672__R20__20bp__guarded {"trades": 4, "net_return_pct": 0.06892721958260406, "mdd_15m_pct": 0.05734698806968419, "pf": null, "day_ge_0_7_pct": 0.0}
2026-10-07T07:56:16.2294803Z V26_ACCOUNT DEV__DAILY_S-1_D05_ANY_A25__H672__R20__20bp__unguarded_diagnostic {"trades": 4, "net_return_pct": 0.06892721958260406, "mdd_15m_pct": 0.05734698806968419, "pf": null, "day_ge_0_7_pct": 0.0}
2026-10-07T07:56:16.2852113Z V26_ACCOUNT DEV__DAILY_S-1_D05_ANY_A25__H672__R20__40bp__guarded {"trades": 4, "net_return_pct": 0.030224085187713357, "mdd_15m_pct": 0.09366844740336111, "pf": null, "day_ge_0_7_pct": 0.0}
2026-10-07T07:56:16.3357676Z V26_ACCOUNT DEV__DAILY_S-1_D05_ANY_A25__H672__R20__40bp__unguarded_diagnostic {"trades": 4, "net_return_pct": 0.030224085187713357, "mdd_15m_pct": 0.09366844740336111, "pf": null, "day_ge_0_7_pct": 0.0}
2026-10-07T07:56:16.3923506Z V26_ACCOUNT GATE__DAILY_S-1_D05_ANY_A25__H672__R20__20bp__guarded {"trades": 4, "net_return_pct": 0.06947068100149334, "mdd_15m_pct": 0.05690761696548474, "pf": null, "day_ge_0_7_pct": 0.0}
2026-10-07T07:56:16.4447330Z V26_ACCOUNT GATE__DAILY_S-1_D05_ANY_A25__H672__R20__20bp__unguarded_diagnostic {"trades": 4, "net_return_pct": 0.06947068100149334, "mdd_15m_pct": 0.05690761696548474, "pf": null, "day_ge_0_7_pct": 0.0}
2026-10-07T07:56:16.5009355Z V26_ACCOUNT GATE__DAILY_S-1_D05_ANY_A25__H672__R20__40bp__guarded {"trades": 4, "net_return_pct": 0.031048178502501855, "mdd_15m_pct": 0.09296437663445234, "pf": null, "day_ge_0_7_pct": 0.0}
2026-10-07T07:56:16.5518206Z V26_ACCOUNT GATE__DAILY_S-1_D05_ANY_A25__H672__R20__40bp__unguarded_diagnostic {"trades": 4, "net_return_pct": 0.031048178502501855, "mdd_15m_pct": 0.09296437663445234, "pf": null, "day_ge_0_7_pct": 0.0}
2026-10-07T07:56:16.7155520Z V26_ACCOUNT DEV__DAILY_S-1_D05_ALIGN20_A15__H672__R20__20bp__guarded {"trades": 4, "net_return_pct": 0.06892721958260406, "mdd_15m_pct": 0.05734698806968419, "pf": null, "day_ge_0_7_pct": 0.0}
2026-10-07T07:56:16.7661016Z V26_ACCOUNT DEV__DAILY_S-1_D05_ALIGN20_A15__H672__R20__20bp__unguarded_diagnostic {"trades": 4, "net_return_pct": 0.06892721958260406, "mdd_15m_pct": 0.05734698806968419, "pf": null, "day_ge_0_7_pct": 0.0}
2026-10-07T07:56:16.8217925Z V26_ACCOUNT DEV__DAILY_S-1_D05_ALIGN20_A15__H672__R20__40bp__guarded {"trades": 4, "net_return_pct": 0.030224085187713357, "mdd_15m_pct": 0.09366844740336111, "pf": null, "day_ge_0_7_pct": 0.0}
2026-10-07T07:56:16.8725830Z V26_ACCOUNT DEV__DAILY_S-1_D05_ALIGN20_A15__H672__R20__40bp__unguarded_diagnostic {"trades": 4, "net_return_pct": 0.030224085187713357, "mdd_15m_pct": 0.09366844740336111, "pf": null, "day_ge_0_7_pct": 0.0}
2026-10-07T07:56:16.9300042Z V26_ACCOUNT GATE__DAILY_S-1_D05_ALIGN20_A15__H672__R20__20bp__guarded {"trades": 4, "net_return_pct": 0.06947068100149334, "mdd_15m_pct": 0.05690761696548474, "pf": null, "day_ge_0_7_pct": 0.0}
2026-10-07T07:56:16.9807876Z V26_ACCOUNT GATE__DAILY_S-1_D05_ALIGN20_A15__H672__R20__20bp__unguarded_diagnostic {"trades": 4, "net_return_pct": 0.06947068100149334, "mdd_15m_pct": 0.05690761696548474, "pf": null, "day_ge_0_7_pct": 0.0}
2026-10-07T07:56:17.0386506Z V26_ACCOUNT GATE__DAILY_S-1_D05_ALIGN20_A15__H672__R20__40bp__guarded {"trades": 4, "net_return_pct": 0.031048178502501855, "mdd_15m_pct": 0.09296437663445234, "pf": null, "day_ge_0_7_pct": 0.0}
2026-10-07T07:56:17.0903223Z V26_ACCOUNT GATE__DAILY_S-1_D05_ALIGN20_A15__H672__R20__40bp__unguarded_diagnostic {"trades": 4, "net_return_pct": 0.031048178502501855, "mdd_15m_pct": 0.09296437663445234, "pf": null, "day_ge_0_7_pct": 0.0}
2026-10-07T07:56:17.2566708Z V26_ACCOUNT DEV__DAILY_S-1_D05_ALIGN20_A25__H672__R20__20bp__guarded {"trades": 4, "net_return_pct": 0.06892721958260406, "mdd_15m_pct": 0.05734698806968419, "pf": null, "day_ge_0_7_pct": 0.0}
2026-10-07T07:56:17.3085444Z V26_ACCOUNT DEV__DAILY_S-1_D05_ALIGN20_A25__H672__R20__20bp__unguarded_diagnostic {"trades": 4, "net_return_pct": 0.06892721958260406, "mdd_15m_pct": 0.05734698806968419, "pf": null, "day_ge_0_7_pct": 0.0}
2026-10-07T07:56:17.3658040Z V26_ACCOUNT DEV__DAILY_S-1_D05_ALIGN20_A25__H672__R20__40bp__guarded {"trades": 4, "net_return_pct": 0.030224085187713357, "mdd_15m_pct": 0.09366844740336111, "pf": null, "day_ge_0_7_pct": 0.0}
2026-10-07T07:56:17.4180369Z V26_ACCOUNT DEV__DAILY_S-1_D05_ALIGN20_A25__H672__R20__40bp__unguarded_diagnostic {"trades": 4, "net_return_pct": 0.030224085187713357, "mdd_15m_pct": 0.09366844740336111, "pf": null, "day_ge_0_7_pct": 0.0}
2026-10-07T07:56:17.4754829Z V26_ACCOUNT GATE__DAILY_S-1_D05_ALIGN20_A25__H672__R20__20bp__guarded {"trades": 4, "net_return_pct": 0.06947068100149334, "mdd_15m_pct": 0.05690761696548474, "pf": null, "day_ge_0_7_pct": 0.0}
2026-10-07T07:56:17.5270280Z V26_ACCOUNT GATE__DAILY_S-1_D05_ALIGN20_A25__H672__R20__20bp__unguarded_diagnostic {"trades": 4, "net_return_pct": 0.06947068100149334, "mdd_15m_pct": 0.05690761696548474, "pf": null, "day_ge_0_7_pct": 0.0}
2026-10-07T07:56:17.5833163Z V26_ACCOUNT GATE__DAILY_S-1_D05_ALIGN20_A25__H672__R20__40bp__guarded {"trades": 4, "net_return_pct": 0.031048178502501855, "mdd_15m_pct": 0.09296437663445234, "pf": null, "day_ge_0_7_pct": 0.0}
2026-10-07T07:56:17.6346680Z V26_ACCOUNT GATE__DAILY_S-1_D05_ALIGN20_A25__H672__R20__40bp__unguarded_diagnostic {"trades": 4, "net_return_pct": 0.031048178502501855, "mdd_15m_pct": 0.09296437663445234, "pf": null, "day_ge_0_7_pct": 0.0}
2026-10-07T07:56:17.7981701Z V26_ACCOUNT DEV__DAILY_S-1_D20_ANY_A15__H672__R20__20bp__guarded {"trades": 4, "net_return_pct": 0.06892721958260406, "mdd_15m_pct": 0.05734698806968419, "pf": null, "day_ge_0_7_pct": 0.0}
2026-10-07T07:56:17.8486185Z V26_ACCOUNT DEV__DAILY_S-1_D20_ANY_A15__H672__R20__20bp__unguarded_diagnostic {"trades": 4, "net_return_pct": 0.06892721958260406, "mdd_15m_pct": 0.05734698806968419, "pf": null, "day_ge_0_7_pct": 0.0}
2026-10-07T07:56:17.9044037Z V26_ACCOUNT DEV__DAILY_S-1_D20_ANY_A15__H672__R20__40bp__guarded {"trades": 4, "net_return_pct": 0.030224085187713357, "mdd_15m_pct": 0.09366844740336111, "pf": null, "day_ge_0_7_pct": 0.0}
2026-10-07T07:56:17.9553162Z V26_ACCOUNT DEV__DAILY_S-1_D20_ANY_A15__H672__R20__40bp__unguarded_diagnostic {"trades": 4, "net_return_pct": 0.030224085187713357, "mdd_15m_pct": 0.09366844740336111, "pf": null, "day_ge_0_7_pct": 0.0}
2026-10-07T07:56:18.0122102Z V26_ACCOUNT GATE__DAILY_S-1_D20_ANY_A15__H672__R20__20bp__guarded {"trades": 4, "net_return_pct": 0.06947068100149334, "mdd_15m_pct": 0.05690761696548474, "pf": null, "day_ge_0_7_pct": 0.0}
2026-10-07T07:56:18.0630270Z V26_ACCOUNT GATE__DAILY_S-1_D20_ANY_A15__H672__R20__20bp__unguarded_diagnostic {"trades": 4, "net_return_pct": 0.06947068100149334, "mdd_15m_pct": 0.05690761696548474, "pf": null, "day_ge_0_7_pct": 0.0}
2026-10-07T07:56:18.1182205Z V26_ACCOUNT GATE__DAILY_S-1_D20_ANY_A15__H672__R20__40bp__guarded {"trades": 4, "net_return_pct": 0.031048178502501855, "mdd_15m_pct": 0.09296437663445234, "pf": null, "day_ge_0_7_pct": 0.0}
2026-10-07T07:56:18.1692679Z V26_ACCOUNT GATE__DAILY_S-1_D20_ANY_A15__H672__R20__40bp__unguarded_diagnostic {"trades": 4, "net_return_pct": 0.031048178502501855, "mdd_15m_pct": 0.09296437663445234, "pf": null, "day_ge_0_7_pct": 0.0}
2026-10-07T07:56:18.3324620Z V26_ACCOUNT DEV__DAILY_S-1_D20_ANY_A25__H672__R20__20bp__guarded {"trades": 4, "net_return_pct": 0.06892721958260406, "mdd_15m_pct": 0.05734698806968419, "pf": null, "day_ge_0_7_pct": 0.0}
2026-10-07T07:56:18.3846538Z V26_ACCOUNT DEV__DAILY_S-1_D20_ANY_A25__H672__R20__20bp__unguarded_diagnostic {"trades": 4, "net_return_pct": 0.06892721958260406, "mdd_15m_pct": 0.05734698806968419, "pf": null, "day_ge_0_7_pct": 0.0}
2026-10-07T07:56:18.4407608Z V26_ACCOUNT DEV__DAILY_S-1_D20_ANY_A25__H672__R20__40bp__guarded {"trades": 4, "net_return_pct": 0.030224085187713357, "mdd_15m_pct": 0.09366844740336111, "pf": null, "day_ge_0_7_pct": 0.0}
2026-10-07T07:56:18.4920620Z V26_ACCOUNT DEV__DAILY_S-1_D20_ANY_A25__H672__R20__40bp__unguarded_diagnostic {"trades": 4, "net_return_pct": 0.030224085187713357, "mdd_15m_pct": 0.09366844740336111, "pf": null, "day_ge_0_7_pct": 0.0}
2026-10-07T07:56:18.5507711Z V26_ACCOUNT GATE__DAILY_S-1_D20_ANY_A25__H672__R20__20bp__guarded {"trades": 4, "net_return_pct": 0.06947068100149334, "mdd_15m_pct": 0.05690761696548474, "pf": null, "day_ge_0_7_pct": 0.0}
2026-10-07T07:56:18.6023351Z V26_ACCOUNT GATE__DAILY_S-1_D20_ANY_A25__H672__R20__20bp__unguarded_diagnostic {"trades": 4, "net_return_pct": 0.06947068100149334, "mdd_15m_pct": 0.05690761696548474, "pf": null, "day_ge_0_7_pct": 0.0}
2026-10-07T07:56:18.6595818Z V26_ACCOUNT GATE__DAILY_S-1_D20_ANY_A25__H672__R20__40bp__guarded {"trades": 4, "net_return_pct": 0.031048178502501855, "mdd_15m_pct": 0.09296437663445234, "pf": null, "day_ge_0_7_pct": 0.0}
2026-10-07T07:56:18.7115621Z V26_ACCOUNT GATE__DAILY_S-1_D20_ANY_A25__H672__R20__40bp__unguarded_diagnostic {"trades": 4, "net_return_pct": 0.031048178502501855, "mdd_15m_pct": 0.09296437663445234, "pf": null, "day_ge_0_7_pct": 0.0}
2026-10-07T07:56:18.8790342Z V26_ACCOUNT DEV__DAILY_S-1_D20_ALIGN20_A15__H672__R20__20bp__guarded {"trades": 4, "net_return_pct": 0.06892721958260406, "mdd_15m_pct": 0.05734698806968419, "pf": null, "day_ge_0_7_pct": 0.0}
2026-10-07T07:56:18.9293936Z V26_ACCOUNT DEV__DAILY_S-1_D20_ALIGN20_A15__H672__R20__20bp__unguarded_diagnostic {"trades": 4, "net_return_pct": 0.06892721958260406, "mdd_15m_pct": 0.05734698806968419, "pf": null, "day_ge_0_7_pct": 0.0}
2026-10-07T07:56:18.9849651Z V26_ACCOUNT DEV__DAILY_S-1_D20_ALIGN20_A15__H672__R20__40bp__guarded {"trades": 4, "net_return_pct": 0.030224085187713357, "mdd_15m_pct": 0.09366844740336111, "pf": null, "day_ge_0_7_pct": 0.0}
2026-10-07T07:56:19.0361131Z V26_ACCOUNT DEV__DAILY_S-1_D20_ALIGN20_A15__H672__R20__40bp__unguarded_diagnostic {"trades": 4, "net_return_pct": 0.030224085187713357, "mdd_15m_pct": 0.09366844740336111, "pf": null, "day_ge_0_7_pct": 0.0}
2026-10-07T07:56:19.0928374Z V26_ACCOUNT GATE__DAILY_S-1_D20_ALIGN20_A15__H672__R20__20bp__guarded {"trades": 4, "net_return_pct": 0.06947068100149334, "mdd_15m_pct": 0.05690761696548474, "pf": null, "day_ge_0_7_pct": 0.0}
2026-10-07T07:56:19.1438460Z V26_ACCOUNT GATE__DAILY_S-1_D20_ALIGN20_A15__H672__R20__20bp__unguarded_diagnostic {"trades": 4, "net_return_pct": 0.06947068100149334, "mdd_15m_pct": 0.05690761696548474, "pf": null, "day_ge_0_7_pct": 0.0}
2026-10-07T07:56:19.1993307Z V26_ACCOUNT GATE__DAILY_S-1_D20_ALIGN20_A15__H672__R20__40bp__guarded {"trades": 4, "net_return_pct": 0.031048178502501855, "mdd_15m_pct": 0.09296437663445234, "pf": null, "day_ge_0_7_pct": 0.0}
2026-10-07T07:56:19.2504871Z V26_ACCOUNT GATE__DAILY_S-1_D20_ALIGN20_A15__H672__R20__40bp__unguarded_diagnostic {"trades": 4, "net_return_pct": 0.031048178502501855, "mdd_15m_pct": 0.09296437663445234, "pf": null, "day_ge_0_7_pct": 0.0}
2026-10-07T07:56:19.4353003Z V26_ACCOUNT DEV__DAILY_S-1_D20_ALIGN20_A25__H672__R20__20bp__guarded {"trades": 4, "net_return_pct": 0.06892721958260406, "mdd_15m_pct": 0.05734698806968419, "pf": null, "day_ge_0_7_pct": 0.0}
2026-10-07T07:56:19.4864700Z V26_ACCOUNT DEV__DAILY_S-1_D20_ALIGN20_A25__H672__R20__20bp__unguarded_diagnostic {"trades": 4, "net_return_pct": 0.06892721958260406, "mdd_15m_pct": 0.05734698806968419, "pf": null, "day_ge_0_7_pct": 0.0}
2026-10-07T07:56:19.5421761Z V26_ACCOUNT DEV__DAILY_S-1_D20_ALIGN20_A25__H672__R20__40bp__guarded {"trades": 4, "net_return_pct": 0.030224085187713357, "mdd_15m_pct": 0.09366844740336111, "pf": null, "day_ge_0_7_pct": 0.0}
2026-10-07T07:56:19.5930610Z V26_ACCOUNT DEV__DAILY_S-1_D20_ALIGN20_A25__H672__R20__40bp__unguarded_diagnostic {"trades": 4, "net_return_pct": 0.030224085187713357, "mdd_15m_pct": 0.09366844740336111, "pf": null, "day_ge_0_7_pct": 0.0}
2026-10-07T07:56:19.6507125Z V26_ACCOUNT GATE__DAILY_S-1_D20_ALIGN20_A25__H672__R20__20bp__guarded {"trades": 4, "net_return_pct": 0.06947068100149334, "mdd_15m_pct": 0.05690761696548474, "pf": null, "day_ge_0_7_pct": 0.0}
2026-10-07T07:56:19.7023808Z V26_ACCOUNT GATE__DAILY_S-1_D20_ALIGN20_A25__H672__R20__20bp__unguarded_diagnostic {"trades": 4, "net_return_pct": 0.06947068100149334, "mdd_15m_pct": 0.05690761696548474, "pf": null, "day_ge_0_7_pct": 0.0}
2026-10-07T07:56:19.7584736Z V26_ACCOUNT GATE__DAILY_S-1_D20_ALIGN20_A25__H672__R20__40bp__guarded {"trades": 4, "net_return_pct": 0.031048178502501855, "mdd_15m_pct": 0.09296437663445234, "pf": null, "day_ge_0_7_pct": 0.0}
2026-10-07T07:56:19.8092763Z V26_ACCOUNT GATE__DAILY_S-1_D20_ALIGN20_A25__H672__R20__40bp__unguarded_diagnostic {"trades": 4, "net_return_pct": 0.031048178502501855, "mdd_15m_pct": 0.09296437663445234, "pf": null, "day_ge_0_7_pct": 0.0}
2026-10-07T07:56:19.8510818Z V26_64_SCENARIOS_HASH_AND_ARITHMETIC_PASS
2026-10-07T07:56:19.8533483Z V26_SYNTHETIC_8_TO_16_TO_64_PIPELINE_PASS
2026-10-07T07:56:19.9168926Z ##[group]Run actions/upload-artifact@v4
2026-10-07T07:56:19.9169241Z with:
2026-10-07T07:56:19.9169482Z   name: daily-breakdown-account-v26-validation
2026-10-07T07:56:19.9170228Z   path: v26-tests.log
chronology-smoke.log
checkpoint-selftest.log
research/daily-breakdown-account-v26/
account-pipeline-smoke.log
synthetic-v26/smoke.json
2026-10-07T07:56:19.9170918Z   retention-days: 30
2026-10-07T07:56:19.9171135Z   compression-level: 0
2026-10-07T07:56:19.9171359Z   if-no-files-found: warn
2026-10-07T07:56:19.9171580Z   overwrite: false
2026-10-07T07:56:19.9171795Z   include-hidden-files: false
2026-10-07T07:56:19.9172028Z env:
2026-10-07T07:56:19.9175161Z   GH_TOKEN: ***
2026-10-07T07:56:19.9175484Z   pythonLocation: /opt/hostedtoolcache/Python/3.12.14/x64
2026-10-07T07:56:19.9175924Z   PKG_CONFIG_PATH: /opt/hostedtoolcache/Python/3.12.14/x64/lib/pkgconfig
2026-10-07T07:56:19.9176348Z   Python_ROOT_DIR: /opt/hostedtoolcache/Python/3.12.14/x64
2026-10-07T07:56:19.9176757Z   Python2_ROOT_DIR: /opt/hostedtoolcache/Python/3.12.14/x64
2026-10-07T07:56:19.9177129Z   Python3_ROOT_DIR: /opt/hostedtoolcache/Python/3.12.14/x64
2026-10-07T07:56:19.9177505Z   LD_LIBRARY_PATH: /opt/hostedtoolcache/Python/3.12.14/x64/lib
2026-10-07T07:56:19.9177824Z ##[endgroup]
2026-10-07T07:56:20.0831807Z (node:2381) [DEP0040] DeprecationWarning: The `punycode` module is deprecated. Please use a userland alternative instead.
2026-10-07T07:56:20.0832949Z (Use `node --trace-deprecation ...` to show where the warning was created)
2026-10-07T07:56:20.0986890Z Multiple search paths detected. Calculating the least common ancestor of all paths
2026-10-07T07:56:20.0990204Z The least common ancestor is /home/runner/work/bb-scanner/bb-scanner. This will be the root directory of the artifact
2026-10-07T07:56:20.0991693Z With the provided path, there will be 25 files uploaded
2026-10-07T07:56:20.0996494Z Artifact name is valid!
2026-10-07T07:56:20.0997543Z Root directory input is valid!
2026-10-07T07:56:20.2914216Z Beginning upload of artifact content to blob storage
2026-10-07T07:56:20.3408694Z (node:2381) [DEP0169] DeprecationWarning: `url.parse()` behavior is not standardized and prone to errors that have security implications. Use the WHATWG URL API instead. CVEs are not issued for `url.parse()` vulnerabilities.
2026-10-07T07:56:20.4390365Z Uploaded bytes 573516
2026-10-07T07:56:20.4579324Z Finished uploading artifact content to blob storage!
2026-10-07T07:56:20.4580572Z SHA256 digest of uploaded artifact zip is 76549b21c165f0d795907885247d885feeb6af7712d2a8553f5ee130a3581b22
2026-10-07T07:56:20.4582168Z Finalizing artifact upload
2026-10-07T07:56:20.6855745Z Artifact daily-breakdown-account-v26-validation.zip successfully finalized. Artifact ID 11467929174
2026-10-07T07:56:20.6857759Z Artifact daily-breakdown-account-v26-validation has been successfully uploaded! Final size is 573516 bytes. Artifact ID is 11467929174
2026-10-07T07:56:20.6865346Z Artifact download URL: https://github.com/duuu-hub/bb-scanner/actions/runs/37590305587/artifacts/11467929174
2026-10-07T07:56:20.7047618Z Post job cleanup.
2026-10-07T07:56:20.8319937Z (node:2393) [DEP0040] DeprecationWarning: The `punycode` module is deprecated. Please use a userland alternative instead.
2026-10-07T07:56:20.8321068Z (Use `node --trace-deprecation ...` to show where the warning was created)
2026-10-07T07:56:20.8517631Z Post job cleanup.
2026-10-07T07:56:20.9508154Z [command]/usr/bin/git version
2026-10-07T07:56:20.9564614Z git version 2.55.0
2026-10-07T07:56:20.9614985Z Temporarily overriding HOME='/home/runner/work/_temp/a00b7659-99ec-4588-9857-6a3dc8de4922' before making global git config changes
2026-10-07T07:56:20.9616697Z Adding repository directory to the temporary git global config as a safe directory
2026-10-07T07:56:20.9621588Z [command]/usr/bin/git config --global --add safe.directory /home/runner/work/bb-scanner/bb-scanner
2026-10-07T07:56:20.9682151Z [command]/usr/bin/git config --local --name-only --get-regexp core\.sshCommand
2026-10-07T07:56:20.9729008Z [command]/usr/bin/git submodule foreach --recursive sh -c "git config --local --name-only --get-regexp 'core\.sshCommand' && git config --local --unset-all 'core.sshCommand' || :"
2026-10-07T07:56:21.0034158Z [command]/usr/bin/git config --local --name-only --get-regexp http\.https\:\/\/github\.com\/\.extraheader
2026-10-07T07:56:21.0035531Z http.https://github.com/.extraheader
2026-10-07T07:56:21.0039123Z [command]/usr/bin/git config --local --unset-all http.https://github.com/.extraheader
2026-10-07T07:56:21.0096347Z [command]/usr/bin/git submodule foreach --recursive sh -c "git config --local --name-only --get-regexp 'http\.https\:\/\/github\.com\/\.extraheader' && git config --local --unset-all 'http.https://github.com/.extraheader' || :"
2026-10-07T07:56:21.0389419Z [command]/usr/bin/git config --local --name-only --get-regexp ^includeIf\.gitdir:
2026-10-07T07:56:21.0434597Z [command]/usr/bin/git submodule foreach --recursive git config --local --show-origin --name-only --get-regexp remote.origin.url
2026-10-07T07:56:21.0889161Z Cleaning up orphan processes
2026-10-07T07:56:21.1320030Z ##[warning]Node.js 20 is deprecated. The following actions target Node.js 20 but are being forced to run on Node.js 24: actions/checkout@v4, actions/setup-python@v5, actions/upload-artifact@v4. For more information see: https://github.blog/changelog/2025-09-19-deprecation-of-node-20-on-github-actions-runners/
