timestamp_ms,datetime_utc,open,high,low,close,base_volume,quote_volume
1562759100000,2019-07-10T11:45:00+00:00,13073.5,13075.5,13044.5,13064.5,1.2238,15999.682
1562760000000,2019-07-10T12:00:00+00:00,13064.5,13064.5,12998,13007,44.262,576016.37085
1562760900000,2019-07-10T12:15:00+00:00,13007,13025,12966.5,12988.5,191.2485,2486434.3979
1562761800000,2019-07-10T12:30:00+00:00,12988.5,13017,12900.5,12963.5,249.2217,3235266.95115
1562762700000,2019-07-10T12:45:00+00:00,12963.5,13031,12963.5,13029,199.8007,2597472.6207
1562763600000,2019-07-10T13:00:00+00:00,13029,13074.5,12996.5,13045.5,170.6888,2222347.7398
1562764500000,2019-07-10T13:15:00+00:00,13045.5,13058.5,13022,13058.5,190.2262,2481713.0999
1562765400000,2019-07-10T13:30:00+00:00,13058.5,13127.5,13038,13044.5,257.621,3368172.8133
1562766300000,2019-07-10T13:45:00+00:00,13044.5,13076,13010.5,13039.5,193.7224,2526440.9086
1562767200000,2019-07-10T14:00:00+00:00,13039.5,13065.5,12846.5,12846.5,151.1403,1963933.7938
1562768100000,2019-07-10T14:15:00+00:00,12846.5,12921,12711,12915,151.4242,1944677.94865
1562769000000,2019-07-10T14:30:00+00:00,12915,12915,12762,12773,169.6048,2177371.7812
1562769900000,2019-07-10T14:45:00+00:00,12773,12821.5,12549.5,12549.5,207.5347,2645788.42075
1562770800000,2019-07-10T15:00:00+00:00,12549.5,12552,12121,12250,212.436,2638387.12775
1562771700000,2019-07-10T15:15:00+00:00,12250,12428,12187.5,12308,128.4331,1584415.45255
1562772600000,2019-07-10T15:30:00+00:00,12308,12445,12289,12366.5,171.3694,2122491.01195
1562773500000,2019-07-10T15:45:00+00:00,12366.5,12433,12351,12362,203.4165,2520535.9837
1562774400000,2019-07-10T16:00:00+00:00,12362,12368,12241.5,12327,252.6029,3108074.87715
1562775300000,2019-07-10T16:15:00+00:00,12327,12333,12179.5,12278,155.9012,1912477.0201
1562776200000,2019-07-10T16:30:00+00:00,12278,12300,12211,12214.5,169.6883,2079975.6044
1562777100000,2019-07-10T16:45:00+00:00,12214.5,12277,12154,12276.5,199.2809,2436317.79435
1562778000000,2019-07-10T17:00:00+00:00,12276.5,12292,12225,12230,249.2389,3056501.49955
1562778900000,2019-07-10T17:15:00+00:00,12230,12280,12227,12251,162.6847,1993486.4167
1562779800000,2019-07-10T17:30:00+00:00,12251,12272,12099.5,12178.5,166.9711,2036357.0771
1562780700000,2019-07-10T17:45:00+00:00,12178.5,12293,12153.5,12293,201.3661,2467160.77735
1562781600000,2019-07-10T18:00:00+00:00,12293,12296,12254.5,12292,263.965,3239737.56925
1562782500000,2019-07-10T18:15:00+00:00,12292,12326.5,12270.5,12284,154.7769,1902010.3258
1562783400000,2019-07-10T18:30:00+00:00,12284,12286.5,12193.5,12228.5,171.8786,2105169.92925
1562784300000,2019-07-10T18:45:00+00:00,12228.5,12241.5,12167,12206.5,206.5703,2521321.6556
1562785200000,2019-07-10T19:00:00+00:00,12206.5,12216.5,12135,12160,261.4376,3185609.8036
1562786100000,2019-07-10T19:15:00+00:00,12160,12206,12105,12122.5,159.5697,1941627.90485
1562787000000,2019-07-10T19:30:00+00:00,12122.5,12129,11931.5,12021,167.4644,2016425.9562
1562787900000,2019-07-10T19:45:00+00:00,12021,12151.5,12020.5,12071,198.056,2396129.15185
1562788800000,2019-07-10T20:00:00+00:00,12071,12106.5,11756,11757.5,263.1251,3171295.37455
1562789700000,2019-07-10T20:15:00+00:00,11757.5,11852.5,11664,11762,148.3922,1746486.8483
1562790600000,2019-07-10T20:30:00+00:00,11762,11872.5,11709.5,11807.5,165.0685,1949790.9928
1562791500000,2019-07-10T20:45:00+00:00,11807.5,11839,11733.5,11794,207.3222,2445021.2629
1562792400000,2019-07-10T21:00:00+00:00,11794,11832.5,11711.5,11789.5,255.1652,3003441.7376
1562793300000,2019-07-10T21:15:00+00:00,11789.5,11817.5,11569,11712,155.7924,1830502.90985
1562794200000,2019-07-10T21:30:00+00:00,11712,11939.5,11697.5,11930,166.4268,1969552.42625
1562795100000,2019-07-10T21:45:00+00:00,11930,11981,11888.5,11970,211.469,2522135.7431
1562796000000,2019-07-10T22:00:00+00:00,11970,11970,11864,11959,266.3432,3176829.497
1562796900000,2019-07-10T22:15:00+00:00,11959,12099,11959,12071,145.7425,1752782.0167
1562797800000,2019-07-10T22:30:00+00:00,12071,12130,12017,12090,173.5707,2098215.45495
1562798700000,2019-07-10T22:45:00+00:00,12090,12167,12055.5,12082,202.4556,2451376.45805
1562799600000,2019-07-10T23:00:00+00:00,12082,12123.5,12031.5,12101,263.0756,3179076.02065
1562800500000,2019-07-10T23:15:00+00:00,12101,12109,12043,12044.5,162.5652,1962314.98405
1562801400000,2019-07-10T23:30:00+00:00,12044.5,12210,12029,12175.5,173.1917,2100210.80225
1562802300000,2019-07-10T23:45:00+00:00,12175.5,12201,12087,12106.5,206.5065,2504969.7643
1562803200000,2019-07-11T00:00:00+00:00,12106.5,12110,11946.5,12015,255.0466,3063355.98415
1562804100000,2019-07-11T00:15:00+00:00,12015,12015,11881.5,11898.5,154.38,1842091.048
1562805000000,2019-07-11T00:30:00+00:00,11898.5,11910,11809,11872,175.8239,2085918.39895
1562805900000,2019-07-11T00:45:00+00:00,11872,11960.5,11783.5,11941.5,202.7295,2405740.1132
1562806800000,2019-07-11T01:00:00+00:00,11941.5,11968,11841,11882.5,261.53,3113981.2744
1562807700000,2019-07-11T01:15:00+00:00,11882.5,11977.5,11880.5,11959.5,155.3328,1854918.44405
1562808600000,2019-07-11T01:30:00+00:00,11959.5,12042.5,11921.5,12028.5,167.6904,2005863.96645
1562809500000,2019-07-11T01:45:00+00:00,12028.5,12101,11995,11995.5,206.9582,2493593.2497
1562810400000,2019-07-11T02:00:00+00:00,11995.5,12045.5,11980,12011,264.703,3179490.09585
1562811300000,2019-07-11T02:15:00+00:00,12011,12016.5,11954.5,11956,161.1214,1928799.0398
1562812200000,2019-07-11T02:30:00+00:00,11956,11966,11905,11931.5,169.6054,2026054.5601
1562813100000,2019-07-11T02:45:00+00:00,11931.5,11973,11876.5,11970.5,211.4796,2525313.73445
1562814000000,2019-07-11T03:00:00+00:00,11970.5,12003.5,11851,11884,265.1776,3163777.14145
1562814900000,2019-07-11T03:15:00+00:00,11884,11885,11683,11716.5,153.8441,1811118.7469
1562815800000,2019-07-11T03:30:00+00:00,11716.5,11785,11639,11647.5,163.2269,1915475.6601
1562816700000,2019-07-11T03:45:00+00:00,11647.5,11761.5,11622.5,11702.5,210.9072,2469885.8929
1562817600000,2019-07-11T04:00:00+00:00,11702.5,11733,11590,11590.5,261.7086,3059960.4348
1562818500000,2019-07-11T04:15:00+00:00,11590.5,11637.5,11221.5,11251,143.7909,1655541.5664
1562819400000,2019-07-11T04:30:00+00:00,11251,11371.5,11224.5,11339.5,160.8009,1820470.4206
1562820300000,2019-07-11T04:45:00+00:00,11339.5,11384,11283,11369,206.2056,2338677.0384
1562821200000,2019-07-11T05:00:00+00:00,11369,11372,11227,11237,265.961,3006271.0735
1562822100000,2019-07-11T05:15:00+00:00,11237,11348,11222,11323,154.0778,1742185.7255
1562823000000,2019-07-11T05:30:00+00:00,11323,11456.5,11321.5,11443,167.1278,1905689.829
1562823900000,2019-07-11T05:45:00+00:00,11443,11452.5,11349.5,11440,207.5503,2367505.0643
1562824800000,2019-07-11T06:00:00+00:00,11440,11465.5,11387.5,11449.5,254.9985,2912449.30415
1562825700000,2019-07-11T06:15:00+00:00,11449.5,11488,11395,11395,153.1808,1752374.55475
1562826600000,2019-07-11T06:30:00+00:00,11395,11436.5,11375.5,11421.5,152.5663,1741015.4006
1562827500000,2019-07-11T06:45:00+00:00,11421.5,11561,11409,11561,163.686,1879046.7141
1562828400000,2019-07-11T07:00:00+00:00,11561,11578,11500.5,11550,187.9057,2168319.2481
1562829300000,2019-07-11T07:15:00+00:00,11550,11550,11461,11493,281.7278,3240065.2301
1562830200000,2019-07-11T07:30:00+00:00,11493,11538.5,11429.5,11449,154.0475,1770857.24205
1562831100000,2019-07-11T07:45:00+00:00,11449,11611,11407.5,11585,167.1987,1920967.8752
1562832000000,2019-07-11T08:00:00+00:00,11585,11606.5,11488,11500.5,196.625,2268766.2186
1562832900000,2019-07-11T08:15:00+00:00,11500.5,11537,11473,11473,279.1052,3211831.12245
1562833800000,2019-07-11T08:30:00+00:00,11473,11497.5,11359,11415,152.7472,1745281.482
1562834700000,2019-07-11T08:45:00+00:00,11415,11476.5,11392.5,11422.5,168.4018,1924849.74675
1562835600000,2019-07-11T09:00:00+00:00,11422.5,11525.5,11419.5,11482,198.569,2278992.08895
1562836500000,2019-07-11T09:15:00+00:00,11482,11495.5,11422,11434,274.1424,3138675.44625
1562837400000,2019-07-11T09:30:00+00:00,11434,11496,11364.5,11485,153.3754,1753753.7079
1562838300000,2019-07-11T09:45:00+00:00,11485,11516,11456.5,11456.5,166.8482,1915700.36825
1562839200000,2019-07-11T10:00:00+00:00,11456.5,11488,11421,11434,197.45,2263048.8558
1562840100000,2019-07-11T10:15:00+00:00,11434,11502.5,11393,11429,279.0496,3198129.31495
1562841000000,2019-07-11T10:30:00+00:00,11429,11454.5,11376,11383.5,156.5599,1788905.20145
1562841900000,2019-07-11T10:45:00+00:00,11383.5,11436.5,11296,11427.5,167.0815,1904143.72925
1562842800000,2019-07-11T11:00:00+00:00,11427.5,11482,11396,11461.5,195.9914,2243568.3901
1562843700000,2019-07-11T11:15:00+00:00,11461.5,11539.5,11429.5,11538,282.4764,3238961.0768
1562844600000,2019-07-11T11:30:00+00:00,11538,11565,11500,11558,160.7256,1853405.96445
1562845500000,2019-07-11T11:45:00+00:00,11558,11623,11534,11600,165.1792,1912482.41985
1562846400000,2019-07-11T12:00:00+00:00,11600,11718.5,11600,11677,193.0153,2253309.88155
1562847300000,2019-07-11T12:15:00+00:00,11677,11698,11651,11682.5,279.1703,3258824.8109
1562848200000,2019-07-11T12:30:00+00:00,11682.5,11704,11575.5,11595,156.725,1822475.68465
1562849100000,2019-07-11T12:45:00+00:00,11595,11602,11550,11588,164.5216,1905854.65705
1562850000000,2019-07-11T13:00:00+00:00,11588,11588,11588,11588,153.1119,1774260.6972
1562850900000,2019-07-11T13:15:00+00:00,11588,11588,11588,11588,165.0383,1912463.8204
1562851800000,2019-07-11T13:30:00+00:00,11588,11665.5,11582,11594.5,147.8454,1719412.5717
1562852700000,2019-07-11T13:45:00+00:00,11594.5,11630.5,11582,11611.5,152.1046,1765269.3709
1562853600000,2019-07-11T14:00:00+00:00,11611.5,11676,11605.5,11667,169.7911,1977102.53275
1562854500000,2019-07-11T14:15:00+00:00,11667,11682.5,11608.5,11657,196.9303,2293417.2034
1562855400000,2019-07-11T14:30:00+00:00,11657,11780,11648,11742.5,276.6662,3242545.9184
1562856300000,2019-07-11T14:45:00+00:00,11742.5,11755,11701,11718.5,158.0457,1853682.6737
1562857200000,2019-07-11T15:00:00+00:00,11718.5,11771.5,11718,11739.5,164.9657,1936900.4209
1562858100000,2019-07-11T15:15:00+00:00,11739.5,11775.5,11681.5,11693.5,200.759,2356044.1501
1562859000000,2019-07-11T15:30:00+00:00,11693.5,11693.5,11587.5,11629.5,275.0704,3201052.7439
1562859900000,2019-07-11T15:45:00+00:00,11629.5,11629.5,11412.5,11489.5,156.0247,1797447.57715
1562860800000,2019-07-11T16:00:00+00:00,11489.5,11660.5,11379,11620,162.2002,1871717.47745
1562861700000,2019-07-11T16:15:00+00:00,11620,11722,11592.5,11670,187.3687,2185707.18165
1562862600000,2019-07-11T16:30:00+00:00,11670,11709,11626.5,11632.5,268.9688,3138643.9455
1562863500000,2019-07-11T16:45:00+00:00,11632.5,11698.5,11616.5,11677,158.8017,1851924.50685
1562864400000,2019-07-11T17:00:00+00:00,11677,11748,11650.5,11674,168.1627,1967865.7764
1562865300000,2019-07-11T17:15:00+00:00,11674,11710,11658,11705,195.9224,2288593.31515
1562866200000,2019-07-11T17:30:00+00:00,11705,11713,11648,11683,287.3485,3353530.0566
1562867100000,2019-07-11T17:45:00+00:00,11683,11717,11655,11669.5,157.3381,1838166.52915
1562868000000,2019-07-11T18:00:00+00:00,11669.5,11669.5,11570,11606.5,165.1214,1919517.7107
1562868900000,2019-07-11T18:15:00+00:00,11606.5,11695,11580.5,11644.5,199.3938,2320503.1051
1562869800000,2019-07-11T18:30:00+00:00,11644.5,11691,11624.5,11670.5,268.1536,3123775.731
1562870700000,2019-07-11T18:45:00+00:00,11670.5,11685.5,11637,11641.5,163.3172,1904158.51795
1562871600000,2019-07-11T19:00:00+00:00,11641.5,11643,11522,11588.5,170.8373,1979717.2307
1562872500000,2019-07-11T19:15:00+00:00,11588.5,11614,11496,11612.5,188.218,2172433.2055
1562873400000,2019-07-11T19:30:00+00:00,11612.5,11648,11561,11644,271.3359,3147945.0739
1562874300000,2019-07-11T19:45:00+00:00,11644,11650.5,11558,11562,164.2859,1909701.68805
1562875200000,2019-07-11T20:00:00+00:00,11562,11620,11321.5,11407,164.3028,1889336.3355
1562876100000,2019-07-11T20:15:00+00:00,11407,11430.5,11107.5,11170.5,189.0161,2134836.5195
1562877000000,2019-07-11T20:30:00+00:00,11170.5,11265.5,11151.5,11151.5,265.066,2970265.8289
1562877900000,2019-07-11T20:45:00+00:00,11151.5,11212.5,10999.5,11147.5,156.4511,1737749.46035
1562878800000,2019-07-11T21:00:00+00:00,11147.5,11209,11065.5,11152.5,162.1395,1803003.49715
1562879700000,2019-07-11T21:15:00+00:00,11152.5,11280.5,11152.5,11189.5,186.906,2098222.06965
1562880600000,2019-07-11T21:30:00+00:00,11189.5,11330.5,11158,11303.5,276.5404,3113363.44025
1562881500000,2019-07-11T21:45:00+00:00,11303.5,11337,11269.5,11289,157.0588,1775111.9402
1562882400000,2019-07-11T22:00:00+00:00,11289,11405.5,11253.5,11363.5,163.5634,1852663.72525
1562883300000,2019-07-11T22:15:00+00:00,11363.5,11400,11343.5,11376.5,198.9861,2262355.7398
1562884200000,2019-07-11T22:30:00+00:00,11376.5,11431,11328.5,11416,278.7227,3175712.2673
1562885100000,2019-07-11T22:45:00+00:00,11416,11435,11290.5,11317.5,158.7636,1806114.5911
1562886000000,2019-07-11T23:00:00+00:00,11317.5,11382,11290.5,11361,171.0724,1939855.44825
1562886900000,2019-07-11T23:15:00+00:00,11361,11362.5,11225.5,11278.5,188.3144,2125884.2056
1562887800000,2019-07-11T23:30:00+00:00,11278.5,11292.5,11192,11245,273.6414,3078048.0842
1562888700000,2019-07-11T23:45:00+00:00,11245,11363,11245,11340.5,161.1072,1821211.2607
1562889600000,2019-07-12T00:00:00+00:00,11340.5,11345.5,11200,11300.5,165.4742,1866259.07555
1562890500000,2019-07-12T00:15:00+00:00,11300.5,11440,11284.5,11399.5,196.7793,2240544.3675
1562891400000,2019-07-12T00:30:00+00:00,11399.5,11413.5,11354,11402.5,267.6543,3046086.32155
1562892300000,2019-07-12T00:45:00+00:00,11402.5,11505.5,11400.5,11461,155.0941,1777812.7723
1562893200000,2019-07-12T01:00:00+00:00,11461,11504,11425.5,11500.5,169.3288,1940712.50675
1562894100000,2019-07-12T01:15:00+00:00,11500.5,11519.5,11425,11426.5,194.2089,2226033.878
1562895000000,2019-07-12T01:30:00+00:00,11426.5,11475.5,11365.5,11397.5,275.7244,3150316.3411
1562895900000,2019-07-12T01:45:00+00:00,11397.5,11426.5,11355,11422.5,160.0806,1823474.2274
1562896800000,2019-07-12T02:00:00+00:00,11422.5,11429,11347,11354,166.9982,1902331.56785
1562897700000,2019-07-12T02:15:00+00:00,11354,11385.5,11336.5,11356,199.839,2271104.5965
1562898600000,2019-07-12T02:30:00+00:00,11356,11382.5,11303.5,11360.5,284.0082,3222243.61605
1562899500000,2019-07-12T02:45:00+00:00,11360.5,11390,11335.5,11380,165.3026,1879098.27535
1562900400000,2019-07-12T03:00:00+00:00,11380,11382,11235,11256.5,166.5813,1882946.1753
1562901300000,2019-07-12T03:15:00+00:00,11256.5,11307,11234.5,11290,195.2923,2201745.82755
1562902200000,2019-07-12T03:30:00+00:00,11290,11315.5,11205,11235,284.3137,3205231.626
1562903100000,2019-07-12T03:45:00+00:00,11235,11253,11112,11187.5,164.1065,1836128.39035
1562904000000,2019-07-12T04:00:00+00:00,11187.5,11285,11079,11273,161.453,1806214.56875
1562904900000,2019-07-12T04:15:00+00:00,11273,11315,11236,11249,198.9145,2240401.5316
1562905800000,2019-07-12T04:30:00+00:00,11249,11347,11249,11318.5,278.4287,3148875.8721
1562906700000,2019-07-12T04:45:00+00:00,11318.5,11330,11270.5,11316,165.011,1865492.18295
1562907600000,2019-07-12T05:00:00+00:00,11316,11318.5,11246.5,11304,167.7664,1892280.30425
1562908500000,2019-07-12T05:15:00+00:00,11304,11359,11262,11359,196.9854,2228576.00535
1562909400000,2019-07-12T05:30:00+00:00,11359,11418,11346.5,11403.5,170.1238,1936462.90455
1562910300000,2019-07-12T05:45:00+00:00,11403.5,11409.5,11358,11398,161.871,1841499.4707
1562911200000,2019-07-12T06:00:00+00:00,11398,11471,11365,11423,152.345,1740221.88995
1562912100000,2019-07-12T06:15:00+00:00,11423,11437,11384,11396.5,166.6632,1901480.74375
1562913000000,2019-07-12T06:30:00+00:00,11396.5,11401.5,11326,11374.5,186.7036,2121594.46635
1562913900000,2019-07-12T06:45:00+00:00,11374.5,11428,11368,11428,256.08,2919388.9587
1562914800000,2019-07-12T07:00:00+00:00,11428,11647,11428,11635,162.787,1883430.2066
1562915700000,2019-07-12T07:15:00+00:00,11635,11695,11614.5,11660,163.6868,1907035.3618
1562916600000,2019-07-12T07:30:00+00:00,11660,11688,11607.5,11663.5,194.3246,2264988.41805
1562917500000,2019-07-12T07:45:00+00:00,11663.5,11719.5,11624,11650,265.2872,3097423.80645
1562918400000,2019-07-12T08:00:00+00:00,11650,11670.5,11611,11637,176.4823,2055337.79965
1562919300000,2019-07-12T08:15:00+00:00,11637,11695,11615.5,11637,165.8593,1931782.5328
1562920200000,2019-07-12T08:30:00+00:00,11637,11658,11580,11592,194.4242,2259225.6207
1562921100000,2019-07-12T08:45:00+00:00,11592,11604,11541,11584.5,272.7422,3157788.28835
1562922000000,2019-07-12T09:00:00+00:00,11584.5,11633.5,11578.5,11619.5,178.7469,2074189.6669
1562922900000,2019-07-12T09:15:00+00:00,11619.5,11640.5,11590,11596.5,165.6511,1924840.93195
1562923800000,2019-07-12T09:30:00+00:00,11596.5,11630,11590,11626,191.7874,2226267.97075
1562924700000,2019-07-12T09:45:00+00:00,11626,11660,11603,11633.5,276.5804,3217238.61025
1562925600000,2019-07-12T10:00:00+00:00,11633.5,11743.5,11608.5,11690.5,172.417,2009971.32705
1562926500000,2019-07-12T10:15:00+00:00,11690.5,11700.5,11630.5,11634.5,162.8832,1898817.54245
1562927400000,2019-07-12T10:30:00+00:00,11634.5,11637,11600,11617,190.4174,2211876.62665
1562928300000,2019-07-12T10:45:00+00:00,11617,11645.5,11590,11638.5,272.5266,3166149.4971
1562929200000,2019-07-12T11:00:00+00:00,11638.5,11685,11633,11663.5,174.1738,2030602.8768
1562930100000,2019-07-12T11:15:00+00:00,11663.5,11690.5,11609,11625,172.6244,2010834.46365
1562931000000,2019-07-12T11:30:00+00:00,11625,11664,11608,11658.5,188.0359,2188297.8726
1562931900000,2019-07-12T11:45:00+00:00,11658.5,11676,11616.5,11654.5,266.1027,3100568.46355
1562932800000,2019-07-12T12:00:00+00:00,11654.5,11688,11619,11629.5,177.8358,2072011.3338
1562933700000,2019-07-12T12:15:00+00:00,11629.5,11636,11578.5,11595,100.8803,1171625.06405
1562934600000,2019-07-12T12:30:00+00:00,11595,11595,11595,11595,0,0
1562935500000,2019-07-12T12:45:00+00:00,11595,11595,11595,11595,0,0
1562936400000,2019-07-12T13:00:00+00:00,11595,11660.5,11595,11649.5,158.4967,1845155.5196
1562937300000,2019-07-12T13:15:00+00:00,11649.5,11702.5,11640,11692,193.6324,2260764.0075
1562938200000,2019-07-12T13:30:00+00:00,11692,11712,11630,11641.5,259.9056,3032042.5246
1562939100000,2019-07-12T13:45:00+00:00,11641.5,11653,11616.5,11633,180.8048,2103524.2168
1562940000000,2019-07-12T14:00:00+00:00,11633,11671.5,11613,11664.5,161.0764,1875566.77715
1562940900000,2019-07-12T14:15:00+00:00,11664.5,11677,11640,11664,161.6534,1885167.6525
1562941800000,2019-07-12T14:30:00+00:00,11664,11664,11630,11660.5,181.56,2114800.5636
1562942700000,2019-07-12T14:45:00+00:00,11660.5,11660.5,11550,11585.5,213.5296,2479249.16675
1562943600000,2019-07-12T15:00:00+00:00,11585.5,11585.5,11466.5,11493,254.3577,2932303.3206
1562944500000,2019-07-12T15:15:00+00:00,11493,11544.5,11441,11477,160.9076,1850793.58005
1562945400000,2019-07-12T15:30:00+00:00,11477,11517,11455,11472.5,171.275,1968461.33215
1562946300000,2019-07-12T15:45:00+00:00,11472.5,11522,11453,11476.5,206.8424,2375643.508
1562947200000,2019-07-12T16:00:00+00:00,11476.5,11565,11399,11553.5,269.4371,3092013.34005
1562948100000,2019-07-12T16:15:00+00:00,11553.5,11583.5,11509.5,11509.5,158.5547,1831471.95305
1562949000000,2019-07-12T16:30:00+00:00,11509.5,11571.5,11505,11538,174.2984,2012858.1279
1562949900000,2019-07-12T16:45:00+00:00,11538,11563,11499.5,11499.5,207.6189,2394090.9974
1562950800000,2019-07-12T17:00:00+00:00,11499.5,11526,11484.5,11512,266.0432,3060429.2282
1562951700000,2019-07-12T17:15:00+00:00,11512,11563.5,11512,11542.5,160.4203,1851512.60275
1562952600000,2019-07-12T17:30:00+00:00,11542.5,11607.5,11542.5,11569,180.9191,2094214.94935
1562953500000,2019-07-12T17:45:00+00:00,11569,11615.5,11531,11590,205.856,2380958.83315
1562954400000,2019-07-12T18:00:00+00:00,11590,11646.5,11590,11627,266.4,3096079.56115
1562955300000,2019-07-12T18:15:00+00:00,11627,11641,11581.5,11595,159.6162,1852833.97135
1562956200000,2019-07-12T18:30:00+00:00,11595,11603,11516,11555,173.2414,2005406.5454
1562957100000,2019-07-12T18:45:00+00:00,11555,11567.5,11525,11553,217.403,2510703.61345
1562958000000,2019-07-12T19:00:00+00:00,11553,11575.5,11553,11556.5,265.9134,3075009.77635
1562958900000,2019-07-12T19:15:00+00:00,11556.5,11570,11536,11552,158.6796,1833056.1189
1562959800000,2019-07-12T19:30:00+00:00,11552,11560.5,11497,11557,174.1583,2008216.78695
1562960700000,2019-07-12T19:45:00+00:00,11557,11593,11546,11584.5,210.7086,2438178.8594
1562961600000,2019-07-12T20:00:00+00:00,11584.5,11634,11582.5,11602,277.962,3226663.85655
1562962500000,2019-07-12T20:15:00+00:00,11602,11670,11602,11636,161.4607,1879637.78865
1562963400000,2019-07-12T20:30:00+00:00,11636,11704,11636,11664.5,169.2184,1975520.96045
1562964300000,2019-07-12T20:45:00+00:00,11664.5,11852,11664.5,11840.5,205.225,2419551.7987
1562965200000,2019-07-12T21:00:00+00:00,11840.5,11878,11800,11833,268.7557,3179827.476
1562966100000,2019-07-12T21:15:00+00:00,11833,11836.5,11776,11802,155.9019,1840357.6441
1562967000000,2019-07-12T21:30:00+00:00,11802,11809.5,11780,11784.5,179.8518,2121796.1681
1562967900000,2019-07-12T21:45:00+00:00,11784.5,11792,11725.5,11745,211.3769,2485564.12305
1562968800000,2019-07-12T22:00:00+00:00,11745,11770,11710,11724.5,267.0875,3135164.55715
1562969700000,2019-07-12T22:15:00+00:00,11724.5,11783,11715.5,11757.5,155.4703,1827755.90375
1562970600000,2019-07-12T22:30:00+00:00,11757.5,11808.5,11757.5,11758.5,186.5442,2198277.16885
1562971500000,2019-07-12T22:45:00+00:00,11758.5,11795,11743,11761.5,203.5993,2395657.50855
1562972400000,2019-07-12T23:00:00+00:00,11761.5,11809,11761.5,11789,274.1068,3231774.2317
1562973300000,2019-07-12T23:15:00+00:00,11789,11808,11780.5,11782,164.4074,1939086.9324
1562974200000,2019-07-12T23:30:00+00:00,11782,11788,11750,11750,178.2903,2098794.3718
1562975100000,2019-07-12T23:45:00+00:00,11750,11767.5,11732,11753.5,203.9038,2396064.0913
1562976000000,2019-07-13T00:00:00+00:00,11753.5,11792,11753.5,11771.5,266.4419,3138549.8955
1562976900000,2019-07-13T00:15:00+00:00,11771.5,11794,11741,11749,160.9925,1894145.7235
1562977800000,2019-07-13T00:30:00+00:00,11749,11770,11730,11730.5,179.2459,2105627.16715
1562978700000,2019-07-13T00:45:00+00:00,11730.5,11749.5,11687,11707.5,217.6918,2551268.1537
1562979600000,2019-07-13T01:00:00+00:00,11707.5,11730.5,11638.5,11639.5,270.7407,3167686.24365
1562980500000,2019-07-13T01:15:00+00:00,11639.5,11665,11608.5,11651,155.3689,1808938.17615
1562981400000,2019-07-13T01:30:00+00:00,11651,11689.5,11647.5,11682.5,176.5338,2058362.04195
1562982300000,2019-07-13T01:45:00+00:00,11682.5,11700,11650,11661.5,210.9268,2462324.5158
1562983200000,2019-07-13T02:00:00+00:00,11661.5,11703.5,11655,11698,272.7544,3187543.4475
1562984100000,2019-07-13T02:15:00+00:00,11698,11704,11675,11692,158.611,1853599.8369
1562985000000,2019-07-13T02:30:00+00:00,11692,11699,11668.5,11676.5,173.9235,2031625.3515
1562985900000,2019-07-13T02:45:00+00:00,11676.5,11679,11629.5,11631,173.1679,2017759.81765
1562986800000,2019-07-13T03:00:00+00:00,11631,11661,11610,11656.5,159.5576,1858038.29275
1562987700000,2019-07-13T03:15:00+00:00,11656.5,11681,11595,11604.5,156.5818,1823242.34575
1562988600000,2019-07-13T03:30:00+00:00,11604.5,11611.5,11530.5,11606,155.2816,1798580.7631
1562989500000,2019-07-13T03:45:00+00:00,11606,11606,11561,11582,161.7557,1873360.7061
1562990400000,2019-07-13T04:00:00+00:00,11582,11582.5,11510,11556.5,179.3897,2070803.74605
1562991300000,2019-07-13T04:15:00+00:00,11556.5,11585,11551.5,11582.5,222.2124,2570735.3151
1562992200000,2019-07-13T04:30:00+00:00,11582.5,11617,11568,11585.5,245.9034,2851118.4046
1562993100000,2019-07-13T04:45:00+00:00,11585.5,11600.5,11549,11600.5,160.6017,1859771.7123
1562994000000,2019-07-13T05:00:00+00:00,11600.5,11636.5,11600.5,11632,178.9489,2080147.0347
1562994900000,2019-07-13T05:15:00+00:00,11632,11657.5,11618,11621.5,220.7305,2569425.7406
1562995800000,2019-07-13T05:30:00+00:00,11621.5,11651.5,11594,11614,240.1608,2793971.0748
1562996700000,2019-07-13T05:45:00+00:00,11614,11645.5,11592,11645.5,162.2285,1883676.4479
1562997600000,2019-07-13T06:00:00+00:00,11645.5,11648,11590,11590,183.7343,2133352.775
1562998500000,2019-07-13T06:15:00+00:00,11590,11617,11550,11603.5,223.7003,2591635.48735
1562999400000,2019-07-13T06:30:00+00:00,11603.5,11607.5,11572.5,11573,241.75,2802858.22985
1563000300000,2019-07-13T06:45:00+00:00,11573,11576.5,11529,11529,162.6506,1878833.4916
1563001200000,2019-07-13T07:00:00+00:00,11529,11529,11459.5,11489,183.4891,2108515.14735
1563002100000,2019-07-13T07:15:00+00:00,11489,11539.5,11450.5,11524.5,153.7491,1768933.9363
1563003000000,2019-07-13T07:30:00+00:00,11524.5,11525,11475.5,11490,172.2506,1981542.93725
1563003900000,2019-07-13T07:45:00+00:00,11490,11518,11450.5,11468.5,158.4279,1821341.9886
1563004800000,2019-07-13T08:00:00+00:00,11468.5,11568.5,11453,11555.5,166.7639,1923399.73785
1563005700000,2019-07-13T08:15:00+00:00,11555.5,11577,11535.5,11560,189.3632,2189332.62245
1563006600000,2019-07-13T08:30:00+00:00,11560,11562,11519,11535,255.3914,2946207.43005
1563007500000,2019-07-13T08:45:00+00:00,11535,11559,11487,11513,201.773,2327915.658
1563008400000,2019-07-13T09:00:00+00:00,11513,11550.5,11483,11550.5,162.7747,1873749.9339
1563009300000,2019-07-13T09:15:00+00:00,11550.5,11590,11450.5,11511,188.9493,2176712.846
1563010200000,2019-07-13T09:30:00+00:00,11511,11568.5,11511,11544,244.8505,2826349.50655
1563011100000,2019-07-13T09:45:00+00:00,11544,11544,11495,11502,210.7703,2427832.4681
1563012000000,2019-07-13T10:00:00+00:00,11502,11502,11287.5,11330,160.8862,1834594.5293
1563012900000,2019-07-13T10:15:00+00:00,11330,11347,11259,11312.5,184.2632,2084496.3124
1563013800000,2019-07-13T10:30:00+00:00,11312.5,11347,11290,11310,255.0333,2886539.89945
1563014700000,2019-07-13T10:45:00+00:00,11310,11330,11233,11296.5,205.1046,2316363.0455
1563015600000,2019-07-13T11:00:00+00:00,11296.5,11336.5,11284.5,11332.5,162.386,1837125.69785
1563016500000,2019-07-13T11:15:00+00:00,11332.5,11332.5,11292,11298,191.7571,2169080.55455
1563017400000,2019-07-13T11:30:00+00:00,11298,11305.5,11255.5,11261,263.5987,2974979.63505
1563018300000,2019-07-13T11:45:00+00:00,11261,11301.5,11199,11298,193.3614,2174568.9213
1563019200000,2019-07-13T12:00:00+00:00,11298,11344,11260,11331,166.9646,1886714.0386
1563020100000,2019-07-13T12:15:00+00:00,11331,11375,11324.5,11331.5,191.3116,2169458.71115
1563021000000,2019-07-13T12:30:00+00:00,11331.5,11378,11331.5,11354.5,257.6334,2925934.2878
1563021900000,2019-07-13T12:45:00+00:00,11354.5,11356,11299.5,11314,201.4433,2282313.3244
1563022800000,2019-07-13T13:00:00+00:00,11314,11412,11291,11409,166.7829,1890901.7818
1563023700000,2019-07-13T13:15:00+00:00,11409,11450,11387,11436,181.1705,2068509.14715
1563024600000,2019-07-13T13:30:00+00:00,11436,11436,11371,11371.5,254.163,2897368.89525
1563025500000,2019-07-13T13:45:00+00:00,11371.5,11394.5,11351,11358.5,208.0992,2366793.52995
1563026400000,2019-07-13T14:00:00+00:00,11358.5,11421,11358,11401.5,163.6078,1865670.4283
1563027300000,2019-07-13T14:15:00+00:00,11401.5,11411,11367.5,11374.5,193.2045,2199930.78875
1563028200000,2019-07-13T14:30:00+00:00,11374.5,11396.5,11350.5,11354.5,254.5413,2894171.119
1563029100000,2019-07-13T14:45:00+00:00,11354.5,11354.5,11301,11326.5,207.8127,2354772.16835
1563030000000,2019-07-13T15:00:00+00:00,11326.5,11362,11281.5,11341.5,167.6302,1899476.6551
1563030900000,2019-07-13T15:15:00+00:00,11341.5,11417,11333,11399.5,185.8111,2114407.7385
1563031800000,2019-07-13T15:30:00+00:00,11399.5,11423,11386.5,11392,253.0117,2885092.4824
1563032700000,2019-07-13T15:45:00+00:00,11392,11428,11364,11413,204.6115,2331134.73235
1563033600000,2019-07-13T16:00:00+00:00,11413,11478.5,11372,11377,166.01,1898028.48915
1563034500000,2019-07-13T16:15:00+00:00,11377,11408,11343,11408,194.1174,2208347.6504
1563035400000,2019-07-13T16:30:00+00:00,11408,11408,11329.5,11361.5,253.5144,2882019.562
1563036300000,2019-07-13T16:45:00+00:00,11361.5,11369.5,11311.5,11333,204.0506,2315143.5881
1563037200000,2019-07-13T17:00:00+00:00,11333,11395,11247.5,11389,166.8699,1893988.222
1563038100000,2019-07-13T17:15:00+00:00,11389,11414.5,11357.5,11357.5,197.9743,2253842.18175
1563039000000,2019-07-13T17:30:00+00:00,11357.5,11383.5,11344,11353,252.8652,2873087.6173
1563039900000,2019-07-13T17:45:00+00:00,11353,11384,11337,11343,204.4693,2322532.0843
1563040800000,2019-07-13T18:00:00+00:00,11343,11344,11274,11305,163.1883,1846609.7266
1563041700000,2019-07-13T18:15:00+00:00,11305,11308.5,11090.5,11161.5,187.2945,2092470.66945
1563042600000,2019-07-13T18:30:00+00:00,11161.5,11200,11116,11144,246.7304,2751650.4371
1563043500000,2019-07-13T18:45:00+00:00,11144,11161,11071.5,11134,203.5485,2265392.3359
1563044400000,2019-07-13T19:00:00+00:00,11134,11156,11066,11075.5,167.1234,1858962.06705
1563045300000,2019-07-13T19:15:00+00:00,11075.5,11150,11029.5,11088,184.5895,2049944.8983
1563046200000,2019-07-13T19:30:00+00:00,11088,11183.5,11088,11174,253.177,2816651.57205
1563047100000,2019-07-13T19:45:00+00:00,11174,11216.5,11157.5,11192.5,204.1709,2282927.52265
1563048000000,2019-07-13T20:00:00+00:00,11192.5,11200,11147,11160,167.1675,1868223.0988
1563048900000,2019-07-13T20:15:00+00:00,11160,11177.5,11102.5,11115.5,185.6608,2071057.0603
1563049800000,2019-07-13T20:30:00+00:00,11115.5,11116,10899.5,10949.5,252.8017,2775984.6466
1563050700000,2019-07-13T20:45:00+00:00,10949.5,10951,10855,10922.5,202.2996,2205650.56785
1563051600000,2019-07-13T21:00:00+00:00,10922.5,10927.5,10838,10927.5,165.4552,1800309.233
1563052500000,2019-07-13T21:15:00+00:00,10927.5,10979.5,10900,10901,190.9668,2090017.18265
1563053400000,2019-07-13T21:30:00+00:00,10901,10994,10900,10935.5,248.6382,2725212.58605
1563054300000,2019-07-13T21:45:00+00:00,10935.5,11054,10932,11054,203.7863,2236715.65765
1563055200000,2019-07-13T22:00:00+00:00,11054,11269.5,11007.5,11183,162.8736,1808835.1838
1563056100000,2019-07-13T22:15:00+00:00,11183,11438,11180.5,11334,181.6485,2048916.53535
1563057000000,2019-07-13T22:30:00+00:00,11334,11344,11255.5,11255.5,246.7105,2784631.78585
1563057900000,2019-07-13T22:45:00+00:00,11255.5,11318.5,11248.5,11266.5,206.4794,2328140.21375
1563058800000,2019-07-13T23:00:00+00:00,11266.5,11327,11229,11327,164.5972,1857386.90375
1563059700000,2019-07-13T23:15:00+00:00,11327,11340,11291.5,11298,188.2212,2129179.42765
1563060600000,2019-07-13T23:30:00+00:00,11298,11366.5,11282,11362.5,252.1219,2852089.60125
1563061500000,2019-07-13T23:45:00+00:00,11362.5,11392,11331.5,11359.5,203.7676,2314897.3261
1563062400000,2019-07-14T00:00:00+00:00,11359.5,11413.5,11289,11314.5,163.8666,1859338.44095
1563063300000,2019-07-14T00:15:00+00:00,11314.5,11345.5,11281.5,11317,182.4914,2064964.0162
1563064200000,2019-07-14T00:30:00+00:00,11317,11352.5,11296,11319,250.9118,2841923.6403
1563065100000,2019-07-14T00:45:00+00:00,11319,11332.5,11291,11296,205.4472,2324367.02095
1563066000000,2019-07-14T01:00:00+00:00,11296,11316.5,11251,11315,167.0015,1885422.64465
1563066900000,2019-07-14T01:15:00+00:00,11315,11387.5,11312.5,11370,190.7046,2166516.6106
1563067800000,2019-07-14T01:30:00+00:00,11370,11412,11351,11408.5,256.4713,2920178.215
1563068700000,2019-07-14T01:45:00+00:00,11408.5,11445,11382,11384.5,199.5246,2278388.0533
1563069600000,2019-07-14T02:00:00+00:00,11384.5,11450,11375.5,11426.5,166.2561,1897826.15095
1563070500000,2019-07-14T02:15:00+00:00,11426.5,11440,11366.5,11366.5,188.6886,2151324.1515
1563071400000,2019-07-14T02:30:00+00:00,11366.5,11377.5,11330,11337,252.5841,2868048.6681
1563072300000,2019-07-14T02:45:00+00:00,11337,11365.5,11318,11327.5,203.7652,2311566.76045
1563073200000,2019-07-14T03:00:00+00:00,11327.5,11360.5,11292,11309.5,166.8404,1891371.2993
1563074100000,2019-07-14T03:15:00+00:00,11309.5,11330.5,11281.5,11291.5,187.6671,2121254.7166
1563075000000,2019-07-14T03:30:00+00:00,11291.5,11332.5,11280,11290,257.1672,2908948.2331
1563075900000,2019-07-14T03:45:00+00:00,11290,11318.5,11283,11283,207.4327,2343941.10855
1563076800000,2019-07-14T04:00:00+00:00,11283,11345,11281,11311.5,168.6774,1908801.5416
1563077700000,2019-07-14T04:15:00+00:00,11311.5,11328,11272,11275,189.5342,2141300.42865
1563078600000,2019-07-14T04:30:00+00:00,11275,11295,11199,11203.5,254.2704,2861928.1008
1563079500000,2019-07-14T04:45:00+00:00,11203.5,11237,11150,11172,207.8757,2328515.18015
1563080400000,2019-07-14T05:00:00+00:00,11172,11237,11168.5,11237,164.1697,1839013.504
1563081300000,2019-07-14T05:15:00+00:00,11237,11241.5,11193,11226.5,187.0208,2097289.6815
1563082200000,2019-07-14T05:30:00+00:00,11226.5,11247,11159.5,11164.5,262.8284,2946873.2225
1563083100000,2019-07-14T05:45:00+00:00,11164.5,11245,11159,11226,198.5968,2227746.6025
1563084000000,2019-07-14T06:00:00+00:00,11226,11297,11225.5,11271,168.525,1899229.6316
1563084900000,2019-07-14T06:15:00+00:00,11271,11293.5,11253.5,11269.5,185.3292,2090185.7673
1563085800000,2019-07-14T06:30:00+00:00,11269.5,11269.5,11203.5,11210,255.136,2865936.65415
1563086700000,2019-07-14T06:45:00+00:00,11210,11250,11203.5,11220.5,199.3667,2237638.7653
1563087600000,2019-07-14T07:00:00+00:00,11220.5,11220.5,11102,11142.5,168.5971,1882774.74345
1563088500000,2019-07-14T07:15:00+00:00,11142.5,11180,11113.5,11148.5,191.9228,2140555.9303
1563089400000,2019-07-14T07:30:00+00:00,11148.5,11161,11090,11148,254.0942,2827509.2006
1563090300000,2019-07-14T07:45:00+00:00,11148,11186.5,11123,11130,197.7067,2204262.3177
1563091200000,2019-07-14T08:00:00+00:00,11130,11159,11090,11146.5,168.8746,1879716.58435
1563092100000,2019-07-14T08:15:00+00:00,11146.5,11181,11115,11164,188.3874,2100013.164
1563093000000,2019-07-14T08:30:00+00:00,11164,11195.5,11158,11163,252.2057,2817666.1733
1563093900000,2019-07-14T08:45:00+00:00,11163,11166,11090,11090,214.5896,2391730.0631
1563094800000,2019-07-14T09:00:00+00:00,11090,11132.5,11065,11114,167.1119,1856478.44235
1563095700000,2019-07-14T09:15:00+00:00,11114,11126.5,11080.5,11113.5,190.6589,2116182.02285
1563096600000,2019-07-14T09:30:00+00:00,11113.5,11122,11015,11073.5,253.2878,2807087.38025
1563097500000,2019-07-14T09:45:00+00:00,11073.5,11092,10714,10850,201.0091,2196895.5498
1563098400000,2019-07-14T10:00:00+00:00,10850,10930,10763,10806,164.6497,1780892.12885
1563099300000,2019-07-14T10:15:00+00:00,10806,10846,10729.5,10747,185.5082,2004820.17965
1563100200000,2019-07-14T10:30:00+00:00,10747,10760.5,10586.5,10663.5,239.5728,2564958.02795
1563101100000,2019-07-14T10:45:00+00:00,10663.5,10798.5,10663.5,10733.5,202.3588,2176561.6126
1563102000000,2019-07-14T11:00:00+00:00,10733.5,10816.5,10728,10792,168.4536,1815558.5683
1563102900000,2019-07-14T11:15:00+00:00,10792,10814,10700,10736,186.673,2009542.5584
1563103800000,2019-07-14T11:30:00+00:00,10736,10753,10650,10675.5,244.1372,2614247.4371
1563104700000,2019-07-14T11:45:00+00:00,10675.5,10692,10552,10679.5,198.3999,2111878.50095
1563105600000,2019-07-14T12:00:00+00:00,10679.5,10748.5,10605,10642.5,162.4461,1739039.81865
1563106500000,2019-07-14T12:15:00+00:00,10642.5,10666,10560,10647,116.9876,1243250.9909
1563107400000,2019-07-14T12:30:00+00:00,10647,10706,10622,10660,81.9608,874478.59755
1563108300000,2019-07-14T12:45:00+00:00,10660,10753.5,10660,10700,99.3532,1064536.24275
1563109200000,2019-07-14T13:00:00+00:00,10700,10755,10681.5,10738,119.0216,1276122.4159
1563110100000,2019-07-14T13:15:00+00:00,10738,10742,10662.5,10676,132.0826,1414625.15385
1563111000000,2019-07-14T13:30:00+00:00,10676,10699.5,10626.5,10636,85.2668,909205.7764
1563111900000,2019-07-14T13:45:00+00:00,10636,10650.5,10517,10637,92.9162,984997.97105
1563112800000,2019-07-14T14:00:00+00:00,10637,10671,10544,10650,124.9606,1327048.30185
1563113700000,2019-07-14T14:15:00+00:00,10650,10700,10597.5,10700,132.6938,1411411.24305
1563114600000,2019-07-14T14:30:00+00:00,10700,10710,10640.5,10666.5,83.8554,895409.60055
1563115500000,2019-07-14T14:45:00+00:00,10666.5,10667,10575.5,10617,91.2106,969061.91155
1563116400000,2019-07-14T15:00:00+00:00,10617,10639.5,10540,10556.5,121.3546,1285303.8337
1563117300000,2019-07-14T15:15:00+00:00,10556.5,10622,10547.5,10599,131.212,1388087.83915
1563118200000,2019-07-14T15:30:00+00:00,10599,10626,10502,10502,81.0938,857044.52645
1563119100000,2019-07-14T15:45:00+00:00,10502,10515.5,10305.5,10305.5,56.4476,588114.6098
1563120000000,2019-07-14T16:00:00+00:00,10415.5,10482,10366,10406,121.5989,1268003.76145
1563120900000,2019-07-14T16:15:00+00:00,10406,10412,10337.5,10348,134.649,1397224.3561
1563121800000,2019-07-14T16:30:00+00:00,10348,10450,10348,10420,83.121,864932.6257
1563122700000,2019-07-14T16:45:00+00:00,10420,10612,10400.5,10572,91.0918,959947.1027
1563123600000,2019-07-14T17:00:00+00:00,10572,10634.5,10525.5,10634,119.9868,1267325.7634
1563124500000,2019-07-14T17:15:00+00:00,10634,10680.5,10582,10617.5,136.2868,1447640.6651
1563125400000,2019-07-14T17:30:00+00:00,10617.5,10637,10548.5,10610,80.6828,854609.68635
1563126300000,2019-07-14T17:45:00+00:00,10610,10630,10560.5,10571.5,91.8634,974233.59865
1563127200000,2019-07-14T18:00:00+00:00,10571.5,10602,10447.5,10494,120.2114,1268032.2769
1563128100000,2019-07-14T18:15:00+00:00,10494,10506,10414.5,10468,136.4314,1427778.3686
1563129000000,2019-07-14T18:30:00+00:00,10468,10468,10314.5,10357.5,83.5216,867833.5133
1563129900000,2019-07-14T18:45:00+00:00,10357.5,10525.5,10357.5,10474.5,92.942,971941.4118
1563130800000,2019-07-14T19:00:00+00:00,10474.5,10514.5,10412,10511,119.5645,1252155.408
1563131700000,2019-07-14T19:15:00+00:00,10511,10550,10434.5,10445.5,131.6166,1381084.80185
1563132600000,2019-07-14T19:30:00+00:00,10445.5,10473.5,10384.5,10432,83.2289,868351.9602
1563133500000,2019-07-14T19:45:00+00:00,10432,10496,10430.5,10484,93.6765,979976.9561
1563134400000,2019-07-14T20:00:00+00:00,10484,10541,10413.5,10458,115.1537,1206721.4035
1563135300000,2019-07-14T20:15:00+00:00,10458,10514.5,10363.5,10487.5,131.0594,1367616.5494
1563136200000,2019-07-14T20:30:00+00:00,10487.5,10623,10443,10591,84.1354,883987.3063
1563137100000,2019-07-14T20:45:00+00:00,10591,10726,10591,10625,93.3875,995026.3932
1563138000000,2019-07-14T21:00:00+00:00,10625,10680,10608.5,10619.5,122.1177,1298003.9064
1563138900000,2019-07-14T21:15:00+00:00,10619.5,10660.5,10537,10576,132.6581,1409834.90235
1563139800000,2019-07-14T21:30:00+00:00,10576,10656,10562.5,10641.5,82.6805,876820.45325
1563140700000,2019-07-14T21:45:00+00:00,10641.5,10706,10628.5,10652.5,93.5382,997239.44005
1563141600000,2019-07-14T22:00:00+00:00,10652.5,10678,10591,10652,128.5024,1365880.8836
1563142500000,2019-07-14T22:15:00+00:00,10652,10658,10602.5,10629,135.7056,1443153.46795
1563143400000,2019-07-14T22:30:00+00:00,10629,10654,10555,10574.5,86.5232,917459.47795
1563144300000,2019-07-14T22:45:00+00:00,10574.5,10575.5,10480,10497.5,94.1851,991157.76385
1563145200000,2019-07-14T23:00:00+00:00,10497.5,10497.5,10399.5,10469,120.87,1262834.7425
1563146100000,2019-07-14T23:15:00+00:00,10469,10470.5,10344.5,10395,133.1601,1386815.1616
1563147000000,2019-07-14T23:30:00+00:00,10395,10454.5,10223,10223,82.308,854559.15625
1563147900000,2019-07-14T23:45:00+00:00,10223,10224.5,10100,10182,87.7756,893050.0102
1563148800000,2019-07-15T00:00:00+00:00,10182,10194,10026,10045,124.0148,1252480.66245
1563149700000,2019-07-15T00:15:00+00:00,10045,10142.5,9906,9928,127.4827,1283550.74535
1563150600000,2019-07-15T00:30:00+00:00,9928,10111.5,9897,10061,81.7792,819512.6514
1563151500000,2019-07-15T00:45:00+00:00,10061,10100,10010.5,10013,92.3103,928190.2349
1563152400000,2019-07-15T01:00:00+00:00,10013,10108,9999,10073,120.4794,1211692.1559
1563153300000,2019-07-15T01:15:00+00:00,10073,10144,10061,10100,128.3272,1296799.13785
1563154200000,2019-07-15T01:30:00+00:00,10100,10102,10029,10080,80.9881,815527.13885
1563155100000,2019-07-15T01:45:00+00:00,10080,10080.5,9983,10038.5,95.6815,960760.4338
1563156000000,2019-07-15T02:00:00+00:00,10038.5,10051,9922.5,9950,124.9728,1248818.898
1563156900000,2019-07-15T02:15:00+00:00,9950,10080,9859,10048,127.1007,1263468.54915
1563157800000,2019-07-15T02:30:00+00:00,10048,10072.5,9982,10005.5,81.8951,821423.8392
1563158700000,2019-07-15T02:45:00+00:00,10005.5,10101,10002.5,10098.5,90.6229,911314.49995
1563159600000,2019-07-15T03:00:00+00:00,10098.5,10213.5,10070,10195,114.4116,1159121.34865
1563160500000,2019-07-15T03:15:00+00:00,10195,10262.5,10134.5,10250.5,136.3179,1386988.94555
1563161400000,2019-07-15T03:30:00+00:00,10250.5,10259,10162.5,10187,84.016,857912.1325
1563162300000,2019-07-15T03:45:00+00:00,10187,10258,10164.5,10243.5,91.4499,933649.87895
1563163200000,2019-07-15T04:00:00+00:00,10243.5,10270.5,10191,10251,121.5343,1243485.84205
1563164100000,2019-07-15T04:15:00+00:00,10251,10286.5,10185.5,10189,94.294,964600.3681
1563165000000,2019-07-15T04:30:00+00:00,10189,10196,10158,10178,82.4626,839271.9236
1563165900000,2019-07-15T04:45:00+00:00,10178,10225.5,10151,10162,101.6135,1035640.3699
1563166800000,2019-07-15T05:00:00+00:00,10162,10185.5,10055,10089.5,136.2063,1379936.4589
1563167700000,2019-07-15T05:15:00+00:00,10089.5,10136,10066.5,10131,118.3228,1194947.2806
1563168600000,2019-07-15T05:30:00+00:00,10131,10161,10107,10161,82.2996,833960.0636
1563169500000,2019-07-15T05:45:00+00:00,10161,10191,10147.5,10168,98.651,1003384.70645
1563170400000,2019-07-15T06:00:00+00:00,10168,10199.5,10109.5,10139,138.1172,1401287.6379
1563171300000,2019-07-15T06:15:00+00:00,10139,10160.5,10084.5,10099.5,118.3984,1198691.82255
1563172200000,2019-07-15T06:30:00+00:00,10099.5,10210,10073.5,10174,81.723,829226.56325
1563173100000,2019-07-15T06:45:00+00:00,10174,10196.5,10130.5,10155.5,99.243,1009036.1954
1563174000000,2019-07-15T07:00:00+00:00,10155.5,10297.5,10153.5,10262.5,142.3368,1458845.58815
1563174900000,2019-07-15T07:15:00+00:00,10262.5,10316.5,10238.5,10238.5,117.3304,1205931.49115
1563175800000,2019-07-15T07:30:00+00:00,10238.5,10295.5,10233.5,10259.5,87.4551,898019.1657
1563176700000,2019-07-15T07:45:00+00:00,10259.5,10338.5,10258,10321.5,92.9841,957166.38395
1563177600000,2019-07-15T08:00:00+00:00,10321.5,10329.5,10242,10242,145.8656,1499059.75335
1563178500000,2019-07-15T08:15:00+00:00,10241,10272,10236.5,10257.5,53.1866,545294.679
1563179400000,2019-07-15T08:30:00+00:00,10257.5,10279,10213.5,10251.5,83.3537,854990.77905
1563180300000,2019-07-15T08:45:00+00:00,10251.5,10255,10160,10187,94.5207,964496.21465
1563181200000,2019-07-15T09:00:00+00:00,10187,10235.5,10130.5,10235.5,145.6485,1484903.60035
1563182100000,2019-07-15T09:15:00+00:00,10235.5,10282.5,10232.5,10248.5,114.1915,1171082.97195
1563183000000,2019-07-15T09:30:00+00:00,10248.5,10273.5,10221,10244,81.4283,833913.17205
1563183900000,2019-07-15T09:45:00+00:00,10244,10371.5,10240.5,10314.5,96.1473,989115.06315
1563184800000,2019-07-15T10:00:00+00:00,10314.5,10364,10314.5,10318.5,140.6853,1454346.40515
1563185700000,2019-07-15T10:15:00+00:00,10318.5,10327,10288.5,10327,120.5338,1242750.7227
1563186600000,2019-07-15T10:30:00+00:00,10327,10327,10271.5,10293.5,84.7461,872148.99935
1563187500000,2019-07-15T10:45:00+00:00,10293.5,10331.5,10274,10278.5,96.5132,994093.50675
1563188400000,2019-07-15T11:00:00+00:00,10278.5,10301,10249.5,10281.5,138.2456,1420523.0038
1563189300000,2019-07-15T11:15:00+00:00,10281.5,10340.5,10281.5,10318,118.2702,1218620.3275
1563190200000,2019-07-15T11:30:00+00:00,10318,10389.5,10312,10348.5,84.3411,873128.81335
1563191100000,2019-07-15T11:45:00+00:00,10348.5,10348.5,10284,10296,96.3854,994748.29185
1563192000000,2019-07-15T12:00:00+00:00,10296,10322,10273.5,10298,135.2692,1392605.7836
1563192900000,2019-07-15T12:15:00+00:00,10298,10298.5,10188.5,10188.5,123.0589,1262180.91115
1563193800000,2019-07-15T12:30:00+00:00,10188.5,10241.5,10149,10155.5,83.3854,850362.41165
1563194700000,2019-07-15T12:45:00+00:00,10155.5,10202,10093.5,10111,95.2309,967215.75395
1563195600000,2019-07-15T13:00:00+00:00,10111,10152.5,10080,10090,134.6205,1362260.631
1563196500000,2019-07-15T13:15:00+00:00,10090,10199,10064.5,10169,121.8805,1237088.6505
1563197400000,2019-07-15T13:30:00+00:00,10169,10219.5,10151.5,10213.5,85.5614,872392.15265
1563198300000,2019-07-15T13:45:00+00:00,10213.5,10385,10184.5,10370,94.7616,974250.271
1563199200000,2019-07-15T14:00:00+00:00,10370,10551,10370,10498.5,130.8216,1370294.63325
1563200100000,2019-07-15T14:15:00+00:00,10498.5,10586.5,10487.5,10553.5,122.04,1284745.16775
1563201000000,2019-07-15T14:30:00+00:00,10553.5,10568.5,10488.5,10501,82.7666,870854.48155
1563201900000,2019-07-15T14:45:00+00:00,10501,10559,10501,10544.5,96.1638,1012544.0133
1563202800000,2019-07-15T15:00:00+00:00,10544.5,10580.5,10508.5,10511.5,142.6405,1501773.40065
1563203700000,2019-07-15T15:15:00+00:00,10511.5,10533.5,10466,10523,124.582,1308477.2586
1563204600000,2019-07-15T15:30:00+00:00,10523,10588.5,10479,10566,81.623,857876.25885
1563205500000,2019-07-15T15:45:00+00:00,10566,10609.5,10531,10563,97.9279,1034183.60765
1563206400000,2019-07-15T16:00:00+00:00,10563,10605,10477,10525,142.7959,1502992.6503
1563207300000,2019-07-15T16:15:00+00:00,10525,10602.5,10510,10578,120.1855,1266782.99415
1563208200000,2019-07-15T16:30:00+00:00,10578,10642,10558.5,10616.5,83.4297,884197.5313
1563209100000,2019-07-15T16:45:00+00:00,10616.5,10666.5,10595.5,10641,96.9563,1030884.44045
1563210000000,2019-07-15T17:00:00+00:00,10641,10657.5,10589.5,10593.5,136.8551,1453026.1859
1563210900000,2019-07-15T17:15:00+00:00,10593.5,10613.5,10563.5,10575.5,118.8653,1258790.2415
1563211800000,2019-07-15T17:30:00+00:00,10575.5,10611.5,10549.5,10554.5,83.6172,884489.7103
1563212700000,2019-07-15T17:45:00+00:00,10554.5,10560.5,10429,10429.5,97.7814,1027120.0696
1563213600000,2019-07-15T18:00:00+00:00,10429.5,10469,10368.5,10460.5,138.2552,1441069.0227
1563214500000,2019-07-15T18:15:00+00:00,10460.5,10791,10456.5,10740.5,113.6402,1205486.4384
1563215400000,2019-07-15T18:30:00+00:00,10740.5,10838.5,10730,10837.5,87.3598,940310.9137
1563216300000,2019-07-15T18:45:00+00:00,10837.5,10934,10802,10903.5,96.666,1049642.5591
1563217200000,2019-07-15T19:00:00+00:00,10903.5,10909.5,10808.5,10868.5,137.1672,1488881.469
1563218100000,2019-07-15T19:15:00+00:00,10868.5,10947,10868.5,10878,117.1717,1277559.1803
1563219000000,2019-07-15T19:30:00+00:00,10878,10900,10812.5,10820.5,83.8979,910325.8426
1563219900000,2019-07-15T19:45:00+00:00,10820.5,10871.5,10812.5,10841.5,92.0458,998545.36655
1563220800000,2019-07-15T20:00:00+00:00,10841.5,10917,10841.5,10862.5,132.7603,1443759.3886
1563221700000,2019-07-15T20:15:00+00:00,10862.5,10944.5,10846.5,10869,121.5431,1322899.52495
1563222600000,2019-07-15T20:30:00+00:00,10869,10881.5,10779,10786,84.3703,913462.12335
1563223500000,2019-07-15T20:45:00+00:00,10786,10860,10758.5,10805,91.9809,993386.67745
1563224400000,2019-07-15T21:00:00+00:00,10805,10841,10779,10815,142.348,1538105.1378
1563225300000,2019-07-15T21:15:00+00:00,10815,10881,10803.5,10804.5,119.8082,1298328.82165
1563226200000,2019-07-15T21:30:00+00:00,10804.5,10840.5,10761.5,10808.5,84.2082,909997.02785
1563227100000,2019-07-15T21:45:00+00:00,10808.5,10812.5,10733.5,10739.5,96.1738,1036695.4582
1563228000000,2019-07-15T22:00:00+00:00,10739.5,10802,10733.5,10791,143.972,1551075.11815
1563228900000,2019-07-15T22:15:00+00:00,10791,10832,10745,10798.5,117.418,1265730.00245
1563229800000,2019-07-15T22:30:00+00:00,10798.5,10870,10798.5,10843,86.1406,934180.7183
1563230700000,2019-07-15T22:45:00+00:00,10843,10921,10818.5,10916.5,92.1512,1002447.85255
1563231600000,2019-07-15T23:00:00+00:00,10916.5,11063.5,10901.5,11036.5,141.3632,1553211.71745
1563232500000,2019-07-15T23:15:00+00:00,11036.5,11075,10922.5,10942,120.7808,1331159.14085
1563233400000,2019-07-15T23:30:00+00:00,10942,10942.5,10856.5,10938.5,84.7955,924838.39775
1563234300000,2019-07-15T23:45:00+00:00,10938.5,10938.5,10829,10837,99.3247,1081208.3477
1563235200000,2019-07-16T00:00:00+00:00,10837,10941.5,10819.5,10940,144.7015,1575944.92295
1563236100000,2019-07-16T00:15:00+00:00,10940,10951.5,10868,10890,120.8299,1317829.2697
1563237000000,2019-07-16T00:30:00+00:00,10890,10928.5,10872.5,10872.5,84.5094,921542.88535
1563237900000,2019-07-16T00:45:00+00:00,10872.5,10934,10872.5,10906.5,94.6291,1032314.0196
1563238800000,2019-07-16T01:00:00+00:00,10906.5,11006.5,10906.5,11002.5,138.546,1520235.2947
1563239700000,2019-07-16T01:15:00+00:00,11002.5,11021,10912,10941.5,118.7926,1301800.57265
1563240600000,2019-07-16T01:30:00+00:00,10941.5,10941.5,10876,10924.5,86.3866,942411.50485
1563241500000,2019-07-16T01:45:00+00:00,10924.5,10956.5,10898.5,10911.5,99.1844,1083284.4239
1563242400000,2019-07-16T02:00:00+00:00,10911.5,10915,10812,10856,138.4694,1503106.3678
1563243300000,2019-07-16T02:15:00+00:00,10856,10857,10763.5,10804,118.5195,1281277.25185
1563244200000,2019-07-16T02:30:00+00:00,10804,10854.5,10755.5,10768,84.6224,915199.74845
1563245100000,2019-07-16T02:45:00+00:00,10768,10789,10688.5,10746.5,96.8883,1041348.32435
1563246000000,2019-07-16T03:00:00+00:00,10746.5,10809,10721.5,10768.5,130.4817,1405771.84095
1563246900000,2019-07-16T03:15:00+00:00,10768.5,10817,10759.5,10788.5,128.8844,1391053.90955
1563247800000,2019-07-16T03:30:00+00:00,10788.5,10788.5,10652.5,10652.5,121.4975,1302347.3959
1563248700000,2019-07-16T03:45:00+00:00,10652.5,10701.5,10628,10695.5,105.8213,1129314.7294
1563249600000,2019-07-16T04:00:00+00:00,10695.5,10695.5,10608.5,10675,129.0083,1375841.1295
1563250500000,2019-07-16T04:15:00+00:00,10675,10697,10600.5,10686.5,129.7443,1380824.8616
1563251400000,2019-07-16T04:30:00+00:00,10686.5,10770.5,10661,10768.5,114.9558,1230837.936
1563252300000,2019-07-16T04:45:00+00:00,10768.5,10782,10727.5,10745.5,108.7557,1168909.49875
1563253200000,2019-07-16T05:00:00+00:00,10745.5,10745.5,10674,10678.5,122.171,1307996.2209
1563254100000,2019-07-16T05:15:00+00:00,10678.5,10719,10661.5,10687,121.5547,1299048.1009
1563255000000,2019-07-16T05:30:00+00:00,10687,10745.5,10662,10741.5,119.8915,1283636.96905
1563255900000,2019-07-16T05:45:00+00:00,10741.5,10791.5,10719,10752.5,115.1366,1238345.75485
1563256800000,2019-07-16T06:00:00+00:00,10752.5,10767.5,10708.5,10740.5,128.4906,1379354.76595
1563257700000,2019-07-16T06:15:00+00:00,10740.5,10781.5,10692,10699.5,141.533,1521082.06
1563258600000,2019-07-16T06:30:00+00:00,10699.5,10735,10675,10715,156.1278,1671711.7161
1563259500000,2019-07-16T06:45:00+00:00,10715,10725.5,10668.5,10679,112.9951,1208682.03825
1563260400000,2019-07-16T07:00:00+00:00,10679,10706.5,10644.5,10668,131.0249,1399680.4853
1563261300000,2019-07-16T07:15:00+00:00,10668,10675,10539.5,10551,258.4533,2735359.62995
1563262200000,2019-07-16T07:30:00+00:00,10551,10680,10498.5,10643.5,241.5585,2556498.34175
1563263100000,2019-07-16T07:45:00+00:00,10643.5,10758.5,10641.5,10715,214.7552,2300826.5362
1563264000000,2019-07-16T08:00:00+00:00,10715,10770.5,10714,10732,127.7822,1372532.4956
1563264900000,2019-07-16T08:15:00+00:00,10732,10761,10710,10713,125.9308,1351461.6408
1563265800000,2019-07-16T08:30:00+00:00,10713,10741,10694,10725,154.5618,1656597.76765
1563266700000,2019-07-16T08:45:00+00:00,10725,10838.5,10725,10800,161.425,1742140.37085
1563267600000,2019-07-16T09:00:00+00:00,10800,10839.5,10788.5,10789,127.1559,1375540.25215
1563268500000,2019-07-16T09:15:00+00:00,10789,10796,10656.5,10693,225.0579,2410577.07145
1563269400000,2019-07-16T09:30:00+00:00,10693,10724,10656,10698,161.983,1732021.1028
1563270300000,2019-07-16T09:45:00+00:00,10698,10700.5,10629.5,10669.5,121.3994,1295746.5855
1563271200000,2019-07-16T10:00:00+00:00,10669.5,10686.5,10609,10682,148.9097,1586866.5656
1563272100000,2019-07-16T10:15:00+00:00,10682,10738,10676,10702.5,161.8849,1733048.673
1563273000000,2019-07-16T10:30:00+00:00,10702.5,10703.5,10651,10673,122.4575,1307565.9798
1563273900000,2019-07-16T10:45:00+00:00,10673,10719,10668.5,10681.5,117.9133,1260690.26715
1563274800000,2019-07-16T11:00:00+00:00,10681.5,10687.5,10662,10665,125.0612,1334753.2988
1563275700000,2019-07-16T11:15:00+00:00,10665,10716.5,10580.5,10716.5,180.2598,1919411.74165
1563276600000,2019-07-16T11:30:00+00:00,10716.5,10752,10684,10703,164.5934,1764710.95455
1563277500000,2019-07-16T11:45:00+00:00,10703,10733,10659.5,10682.5,127.2805,1361300.28665
1563278400000,2019-07-16T12:00:00+00:00,10682.5,10683,10600.5,10652.5,182.0083,1936349.2981
1563279300000,2019-07-16T12:15:00+00:00,10652.5,10667.5,10558,10574,134.8416,1433080.75715
1563280200000,2019-07-16T12:30:00+00:00,10574,10648.5,10548.5,10641,178.9142,1895579.7514
1563281100000,2019-07-16T12:45:00+00:00,10641,10641,10412.5,10483,308.6516,3242777.20435
1563282000000,2019-07-16T13:00:00+00:00,10483,10534.5,10376.5,10444,331.9914,3471724.9564
1563282900000,2019-07-16T13:15:00+00:00,10444,10451.5,10394,10434,228.4154,2381328.56535
1563283800000,2019-07-16T13:30:00+00:00,10434,10491,10385,10391.5,242.9386,2535017.15685
1563284700000,2019-07-16T13:45:00+00:00,10391.5,10428.5,10328.5,10378.5,225.6655,2345026.45345
1563285600000,2019-07-16T14:00:00+00:00,10378.5,10437,10338.5,10385,230.0611,2390722.06095
1563286500000,2019-07-16T14:15:00+00:00,10385,10460.5,10368,10433.5,181.4466,1889826.42225
1563287400000,2019-07-16T14:30:00+00:00,10433.5,10484.5,10415.5,10454.5,146.9162,1535188.7663
1563288300000,2019-07-16T14:45:00+00:00,10454.5,10454.5,10380.5,10386.5,118.0918,1229449.68365
1563289200000,2019-07-16T15:00:00+00:00,10386.5,10456,10369,10453,137.2195,1428749.24025
1563290100000,2019-07-16T15:15:00+00:00,10453,10464,10401.5,10433.5,124.2679,1295498.157
1563291000000,2019-07-16T15:30:00+00:00,10433.5,10544.5,10414.5,10512,197.8528,2077432.8059
1563291900000,2019-07-16T15:45:00+00:00,10512,10555,10486,10495.5,133.154,1400408.451
1563292800000,2019-07-16T16:00:00+00:00,10495.5,10497,10062,10109.5,411.2485,4182364.77375
1563293700000,2019-07-16T16:15:00+00:00,10109.5,10116,9900.5,9987.5,427.4464,4273305.4623
1563294600000,2019-07-16T16:30:00+00:00,9987.5,10082.5,9953,9972.5,324.1207,3241720.8367
1563295500000,2019-07-16T16:45:00+00:00,9972.5,9978.5,9904.5,9923,320.6249,3187650.7616
1563296400000,2019-07-16T17:00:00+00:00,9923,9926.5,9549,9697,457.1591,4417267.41315
1563297300000,2019-07-16T17:15:00+00:00,9697,9697,9513,9654,374.2577,3600428.2085
1563298200000,2019-07-16T17:30:00+00:00,9654,9678.5,9518.5,9649,338.6968,3257862.93665
1563299100000,2019-07-16T17:45:00+00:00,9649,9693.5,9617.5,9673.5,233.9707,2260321.91105
1563300000000,2019-07-16T18:00:00+00:00,9673.5,9783.5,9669,9718,263.1384,2562348.45035
1563300900000,2019-07-16T18:15:00+00:00,9718,9728,9649,9693,265.2141,2569271.71585
1563301800000,2019-07-16T18:30:00+00:00,9693,9704,9599.5,9704,316.9589,3056562.48675
1563302700000,2019-07-16T18:45:00+00:00,9704,9704,9567.5,9596.5,315.5746,3039606.64435
1563303600000,2019-07-16T19:00:00+00:00,9596.5,9656,9573.5,9633,237.9576,2285999.4931
1563304500000,2019-07-16T19:15:00+00:00,9633,9660.5,9591.5,9591.5,175.7993,1694511.8799
1563305400000,2019-07-16T19:30:00+00:00,9591.5,9647.5,9562,9647.5,238.9469,2295824.5868
1563306300000,2019-07-16T19:45:00+00:00,9647.5,9705,9647.5,9698.5,167.4526,1620855.19415
1563307200000,2019-07-16T20:00:00+00:00,9698.5,9698.5,9619,9668.5,216.7925,2092490.66175
1563308100000,2019-07-16T20:15:00+00:00,9668.5,9678.5,9629,9659.5,157.978,1524936.44755
1563309000000,2019-07-16T20:30:00+00:00,9659.5,9767,9659,9757,214.3128,2084064.8329
1563309900000,2019-07-16T20:45:00+00:00,9757,9768.5,9567.5,9597,232.5798,2244384.56165
1563310800000,2019-07-16T21:00:00+00:00,9597,9597,9410,9578,397.084,3781011.77215
1563311700000,2019-07-16T21:15:00+00:00,9578,9657.5,9578,9624,255.0457,2454265.21745
1563312600000,2019-07-16T21:30:00+00:00,9624,9664,9527.5,9629,282.3028,2707032.5512
1563313500000,2019-07-16T21:45:00+00:00,9629,9685,9614.5,9643,224.3731,2164733.9638
1563314400000,2019-07-16T22:00:00+00:00,9643,9643.5,9542,9597,348.5165,3343387.2468
1563315300000,2019-07-16T22:15:00+00:00,9597,9600.5,9526,9548.5,300.5533,2873039.25405
1563316200000,2019-07-16T22:30:00+00:00,9548.5,9591.5,9450,9504,318.2485,3029622.86575
1563317100000,2019-07-16T22:45:00+00:00,9504,9542,9443.5,9465.5,260.9997,2478275.34375
1563318000000,2019-07-16T23:00:00+00:00,9465.5,9479.5,9352,9391,373.1484,3511048.0547
1563318900000,2019-07-16T23:15:00+00:00,9391,9512,9358.5,9454.5,331.3665,3136722.3424
1563319800000,2019-07-16T23:30:00+00:00,9454.5,9541.5,9425,9509.5,268.5653,2550277.23425
1563320700000,2019-07-16T23:45:00+00:00,9509.5,9539,9389.5,9420,253.9996,2402781.4304
1563321600000,2019-07-17T00:00:00+00:00,9420,9540,9420,9529,262.7241,2490891.3211
1563322500000,2019-07-17T00:15:00+00:00,9529,9566,9490.5,9539.5,165.6044,1577788.7804
1563323400000,2019-07-17T00:30:00+00:00,9539.5,9629,9532,9590,196.4304,1881463.7037
1563324300000,2019-07-17T00:45:00+00:00,9590,9590,9494,9503,199.5536,1905923.23825
1563325200000,2019-07-17T01:00:00+00:00,9503,9525.5,9480,9484.5,133.4497,1267746.33005
1563326100000,2019-07-17T01:15:00+00:00,9484.5,9548,9464,9464.5,266.0721,2529283.58705
1563327000000,2019-07-17T01:30:00+00:00,9464.5,9499,9434,9454,141.2001,1337103.2229
1563327900000,2019-07-17T01:45:00+00:00,9454,9508.5,9427,9454.5,184.5137,1746726.91255
1563328800000,2019-07-17T02:00:00+00:00,9454.5,9454.5,9223.5,9276,386.0415,3600710.99375
1563329700000,2019-07-17T02:15:00+00:00,9276,9328,9227,9290,322.2833,2989492.15515
1563330600000,2019-07-17T02:30:00+00:00,9290,9339.5,9247.5,9251.5,225.603,2096574.98265
1563331500000,2019-07-17T02:45:00+00:00,9251.5,9364,9216,9343,273.9439,2545063.6988
1563332400000,2019-07-17T03:00:00+00:00,9343,9435.5,9342,9369,289.2501,2713300.92655
1563333300000,2019-07-17T03:15:00+00:00,9369,9403.5,9340.5,9340.5,179.5771,1682841.75355
1563334200000,2019-07-17T03:30:00+00:00,9340.5,9413,9339.5,9412.5,144.7852,1358201.9061
1563335100000,2019-07-17T03:45:00+00:00,9412.5,9458,9398.5,9398.5,204.6928,1928565.3449
1563336000000,2019-07-17T04:00:00+00:00,9398.5,9438.5,9308,9317.5,243.4384,2284153.6039
1563336900000,2019-07-17T04:15:00+00:00,9317.5,9400.5,9316,9381,217.7382,2037814.9084
1563337800000,2019-07-17T04:30:00+00:00,9381,9481.5,9375,9465,222.3518,2098173.5287
1563338700000,2019-07-17T04:45:00+00:00,9465,9497,9421,9428,183.2439,1732002.67095
1563339600000,2019-07-17T05:00:00+00:00,9428,9477,9428,9445.5,138.7023,1311347.98485
1563340500000,2019-07-17T05:15:00+00:00,9445.5,9490.5,9434.5,9453.5,136.2776,1289697.5066
1563341400000,2019-07-17T05:30:00+00:00,9453.5,9562,9451.5,9558,196.6744,1872423.4745
1563342300000,2019-07-17T05:45:00+00:00,9558,9558,9501,9546.5,174.0114,1657732.0678
1563343200000,2019-07-17T06:00:00+00:00,9546.5,9549,9501.5,9543.5,179.5193,1709275.6501
1563344100000,2019-07-17T06:15:00+00:00,9543.5,9578.5,9514,9519,187.2461,1786754.0274
1563345000000,2019-07-17T06:30:00+00:00,9519,9574,9506.5,9552.5,159.6626,1522900.72685
1563345900000,2019-07-17T06:45:00+00:00,9552.5,9569,9520.5,9520.5,153.4459,1464365.04465
1563346800000,2019-07-17T07:00:00+00:00,9520.5,9520.5,9432,9435,137.6772,1305531.8597
1563347700000,2019-07-17T07:15:00+00:00,9435,9499,9434,9493,169.0465,1602050.62645
1563348600000,2019-07-17T07:30:00+00:00,9493,9593,9445,9573,237.8276,2263557.1809
1563349500000,2019-07-17T07:45:00+00:00,9573,9585.5,9540,9549.5,201.5212,1927669.3026
1563350400000,2019-07-17T08:00:00+00:00,9549.5,9590.5,9532,9579,164.4419,1572194.83165
1563351300000,2019-07-17T08:15:00+00:00,9579,9597,9523.5,9530,160.4309,1533164.9115
1563352200000,2019-07-17T08:30:00+00:00,9530,9553.5,9481,9546,155.6076,1483587.23475
1563353100000,2019-07-17T08:45:00+00:00,9546,9546,9500,9506,153.4986,1461909.62855
1563354000000,2019-07-17T09:00:00+00:00,9506,9524,9459,9459,154.8549,1471223.177
1563354900000,2019-07-17T09:15:00+00:00,9459,9481,9410,9436,200.2107,1892604.1934
1563355800000,2019-07-17T09:30:00+00:00,9436,9508.5,9422.5,9460,215.7189,2041298.83155
1563356700000,2019-07-17T09:45:00+00:00,9460,9474.5,9429,9435.5,172.0893,1627642.1563
1563357600000,2019-07-17T10:00:00+00:00,9435.5,9435.5,9330.5,9339.5,267.426,2507433.7764
1563358500000,2019-07-17T10:15:00+00:00,9339.5,9362,9310,9352.5,197.4151,1843922.53655
1563359400000,2019-07-17T10:30:00+00:00,9352.5,9352.5,9230.5,9296,310.1778,2883646.5789
1563360300000,2019-07-17T10:45:00+00:00,9296,9361.5,9250.5,9356.5,293.2711,2728561.68515
1563361200000,2019-07-17T11:00:00+00:00,9356.5,9385,9324,9325,199.3672,1867006.71505
1563362100000,2019-07-17T11:15:00+00:00,9325,9340,9234,9241,216.5273,2012244.6783
1563363000000,2019-07-17T11:30:00+00:00,9241,9241,9100,9132.5,434.4654,3981300.31635
1563363900000,2019-07-17T11:45:00+00:00,9132.5,9209.5,9056,9151.5,416.6514,3805742.88965
1563364800000,2019-07-17T12:00:00+00:00,9151.5,9216,9082,9181.5,291.5147,2669459.86425
1563365700000,2019-07-17T12:15:00+00:00,9181.5,9321.5,9136,9305,293.2288,2704506.30785
1563366600000,2019-07-17T12:30:00+00:00,9305,9466.5,9271.5,9440,344.9762,3235258.66445
1563367500000,2019-07-17T12:45:00+00:00,9440,9494.5,9409.5,9445,331.2558,3128496.91525
1563368400000,2019-07-17T13:00:00+00:00,9445,9506,9428.5,9430.5,226.8309,2147744.10295
1563369300000,2019-07-17T13:15:00+00:00,9430.5,9447.5,9378,9395,226.4843,2131595.2799
1563370200000,2019-07-17T13:30:00+00:00,9395,9479.5,9393,9433,176.1318,1664172.23645
1563371100000,2019-07-17T13:45:00+00:00,9433,9499,9419,9493.5,219.5286,2077371.79625
1563372000000,2019-07-17T14:00:00+00:00,9493.5,9624,9493.5,9550,262.6929,2513969.30655
1563372900000,2019-07-17T14:15:00+00:00,9550,9628,9540.5,9611,186.1543,1783136.55045
1563373800000,2019-07-17T14:30:00+00:00,9611,9611.5,9537.5,9566,178.5601,1707696.4844
1563374700000,2019-07-17T14:45:00+00:00,9566,9704.5,9566,9676.5,243.7697,2353125.0133
1563375600000,2019-07-17T15:00:00+00:00,9676.5,9679.5,9603.5,9661,252.421,2433417.0547
1563376500000,2019-07-17T15:15:00+00:00,9661,9799,9660,9767,220.8381,2151870.53915
1563377400000,2019-07-17T15:30:00+00:00,9767,9788,9732.5,9757,204.558,1996084.1434
1563378300000,2019-07-17T15:45:00+00:00,9757,9757,9668,9717,217.9012,2116288.3662
1563379200000,2019-07-17T16:00:00+00:00,9717,9857,9681.5,9710,376.9078,3676315.9143
1563380100000,2019-07-17T16:15:00+00:00,9710,9774,9643.5,9744.5,311.8594,3026114.25915
1563381000000,2019-07-17T16:30:00+00:00,9744.5,9749.5,9668.5,9689,208.7198,2024044.3551
1563381900000,2019-07-17T16:45:00+00:00,9689,9747,9670,9689,185.4004,1799689.35485
1563382800000,2019-07-17T17:00:00+00:00,9689,9703,9641,9676.5,185.4332,1794677.41225
1563383700000,2019-07-17T17:15:00+00:00,9676.5,9744,9676.5,9729,159.7055,1551813.09985
1563384600000,2019-07-17T17:30:00+00:00,9729,9855,9729,9855,295.0641,2889757.4715
1563385500000,2019-07-17T17:45:00+00:00,9855,9856.5,9764,9783.5,260.7717,2553479.3818
1563386400000,2019-07-17T18:00:00+00:00,9783.5,9812.5,9719,9793,208.6653,2036287.30275
1563387300000,2019-07-17T18:15:00+00:00,9793,9823,9760,9760,203.8103,1996092.65625
1563388200000,2019-07-17T18:30:00+00:00,9760,9900,9759.5,9887,256.383,2520501.172
1563389100000,2019-07-17T18:45:00+00:00,9887,9919.5,9830,9915.5,234.665,2317599.82875
1563390000000,2019-07-17T19:00:00+00:00,9915.5,9951.5,9842,9857,198.327,1961936.50635
1563390900000,2019-07-17T19:15:00+00:00,9857,9898,9795,9807,195.1039,1921729.68045
1563391800000,2019-07-17T19:30:00+00:00,9807,9852.5,9803,9816,138.0425,1356562.8678
1563392700000,2019-07-17T19:45:00+00:00,9816,9854.5,9703.5,9728.5,236.9801,2320406.14335
1563393600000,2019-07-17T20:00:00+00:00,9728.5,9735,9640.5,9664,292.3351,2829889.98185
1563394500000,2019-07-17T20:15:00+00:00,9664,9770,9664,9712.5,226.5869,2205348.51605
1563395400000,2019-07-17T20:30:00+00:00,9712.5,9730.5,9624,9717,267.0827,2585284.31485
1563396300000,2019-07-17T20:45:00+00:00,9717,9735,9662.5,9665,205.503,1992496.5076
1563397200000,2019-07-17T21:00:00+00:00,9665,9717,9636.5,9714,193.2905,1871439.4442
1563398100000,2019-07-17T21:15:00+00:00,9714,9920.5,9711.5,9885.5,315.0747,3108966.5792
1563399000000,2019-07-17T21:30:00+00:00,9885.5,9946.5,9822,9885,289.3928,2859576.649
1563399900000,2019-07-17T21:45:00+00:00,9885,9892.5,9762,9790.5,295.5331,2902174.5159
1563400800000,2019-07-17T22:00:00+00:00,9790.5,9854,9781,9820.5,204.9964,2014330.0871
1563401700000,2019-07-17T22:15:00+00:00,9820.5,9898.5,9810.5,9841,233.1086,2299242.09165
1563402600000,2019-07-17T22:30:00+00:00,9841,9841,9700.5,9700.5,341.4217,3328259.2443
1563403500000,2019-07-17T22:45:00+00:00,9700.5,9736.5,9683,9707,221.5341,2152266.56455
1563404400000,2019-07-17T23:00:00+00:00,9707,9707,9629,9663.5,250.7,2422745.2822
1563405300000,2019-07-17T23:15:00+00:00,9663.5,9708,9590.5,9665.5,239.9847,2319001.70315
1563406200000,2019-07-17T23:30:00+00:00,9665.5,9675,9608.5,9619,200.6896,1933213.3553
1563407100000,2019-07-17T23:45:00+00:00,9619,9679,9617.5,9664,178.701,1721912.46385
1563408000000,2019-07-18T00:00:00+00:00,9664,9693,9595.5,9628,230.724,2225135.4112
1563408900000,2019-07-18T00:15:00+00:00,9628,9688,9581,9584.5,247.0098,2378662.09195
1563409800000,2019-07-18T00:30:00+00:00,9584.5,9610,9552,9561.5,251.8791,2412531.1003
1563410700000,2019-07-18T00:45:00+00:00,9561.5,9596.5,9551.5,9595,146.0398,1397709.134
1563411600000,2019-07-18T01:00:00+00:00,9595,9652,9591.5,9602,149.584,1439128.1919
1563412500000,2019-07-18T01:15:00+00:00,9602,9764.5,9599,9737,219.416,2124353.19595
1563413400000,2019-07-18T01:30:00+00:00,9737,9800,9737,9763.5,193.0998,1886912.81295
1563414300000,2019-07-18T01:45:00+00:00,9763.5,9799,9749,9759,167.3973,1635161.8171
1563415200000,2019-07-18T02:00:00+00:00,9759,9760.5,9688.5,9697,174.6556,1698486.7842
1563416100000,2019-07-18T02:15:00+00:00,9697,9771,9677.5,9761.5,204.2527,1987861.67635
1563417000000,2019-07-18T02:30:00+00:00,9761.5,9789,9720.5,9724.5,165.6586,1614567.43875
1563417900000,2019-07-18T02:45:00+00:00,9724.5,9800,9708,9799.5,208.0984,2029389.5323
1563418800000,2019-07-18T03:00:00+00:00,9799.5,9804,9750,9764.5,109.2222,1067174.5356
1563419700000,2019-07-18T03:15:00+00:00,9737,9774.5,9679,9695.5,231.0502,2249166.27285
1563420600000,2019-07-18T03:30:00+00:00,9695.5,9708,9644.5,9670.5,198.8162,1923775.16005
1563421500000,2019-07-18T03:45:00+00:00,9670.5,9717.5,9657,9705,178.3656,1727231.59265
1563422400000,2019-07-18T04:00:00+00:00,9705,9712.5,9650.5,9677,173.7992,1683057.30905
1563423300000,2019-07-18T04:15:00+00:00,9677,9768.5,9656,9764,206.4768,2005961.5573
1563424200000,2019-07-18T04:30:00+00:00,9764,9830,9740.5,9809,225.5884,2204794.8429
1563425100000,2019-07-18T04:45:00+00:00,9809,9893,9804,9891,184.3625,1815049.31925
1563426000000,2019-07-18T05:00:00+00:00,9891,9891,9819,9820.5,172.7029,1700608.29465
1563426900000,2019-07-18T05:15:00+00:00,9820.5,9853.5,9798.5,9821.5,157.574,1548641.7909
1563427800000,2019-07-18T05:30:00+00:00,9821.5,9859.5,9819,9849.5,143.7877,1414122.2309
1563428700000,2019-07-18T05:45:00+00:00,9849.5,9851.5,9780.5,9814,234.9202,2304207.91215
1563429600000,2019-07-18T06:00:00+00:00,9814,9827,9780,9814.5,157.5756,1545020.89245
1563430500000,2019-07-18T06:15:00+00:00,9814.5,9947.5,9803.5,9936,291.1988,2876758.3566
1563431400000,2019-07-18T06:30:00+00:00,9936,9998.5,9856.5,9880.5,441.7439,4382659.81735
1563432300000,2019-07-18T06:45:00+00:00,9880.5,9891.5,9850,9885,181.5539,1791684.14045
1563433200000,2019-07-18T07:00:00+00:00,9885,9888.5,9839.5,9868,164.0068,1617824.2081
1563434100000,2019-07-18T07:15:00+00:00,9868,9876.5,9802,9833,173.4278,1705443.84375
1563435000000,2019-07-18T07:30:00+00:00,9833,9837.5,9800.5,9813,149.8059,1470555.43505
1563435900000,2019-07-18T07:45:00+00:00,9813,9851.5,9778.5,9792.5,258.8896,2542106.2014
1563436800000,2019-07-18T08:00:00+00:00,9792.5,9836,9780,9824,233.717,2292896.88095
1563437700000,2019-07-18T08:15:00+00:00,9824,9832.5,9733.5,9750,261.2431,2553596.2826
1563438600000,2019-07-18T08:30:00+00:00,9750,9790,9732,9779,184.4977,1800108.17195
1563439500000,2019-07-18T08:45:00+00:00,9779,9785,9676,9702.5,212.1724,2063001.84345
1563440400000,2019-07-18T09:00:00+00:00,9702.5,9725.5,9680,9708.5,169.7143,1647319.7584
1563441300000,2019-07-18T09:15:00+00:00,9708.5,9771.5,9701,9743.5,159.3247,1550730.0332
1563442200000,2019-07-18T09:30:00+00:00,9743.5,9813,9741,9767.5,196.2952,1920949.26295
1563443100000,2019-07-18T09:45:00+00:00,9767.5,9775,9721,9731.5,187.7117,1830154.50505
1563444000000,2019-07-18T10:00:00+00:00,9731.5,9810.5,9716.5,9801.5,154.9435,1513454.68005
1563444900000,2019-07-18T10:15:00+00:00,9801.5,9858.5,9799,9858.5,225.458,2215635.3044
1563445800000,2019-07-18T10:30:00+00:00,9858.5,9868,9802.5,9820.5,207.9896,2045856.248
1563446700000,2019-07-18T10:45:00+00:00,9820.5,9836,9800,9830.5,148.4181,1456728.655
1563447600000,2019-07-18T11:00:00+00:00,9830.5,9847.5,9778.5,9832.5,167.549,1644857.30255
1563448500000,2019-07-18T11:15:00+00:00,9832.5,9834,9761.5,9767,199.6495,1954347.4343
1563449400000,2019-07-18T11:30:00+00:00,9767,9799.5,9736.5,9760.5,199.6331,1949856.68415
1563450300000,2019-07-18T11:45:00+00:00,9760.5,9797,9738,9750.5,185.2246,1810516.4281
1563451200000,2019-07-18T12:00:00+00:00,9750.5,9753,9676.5,9676.5,223.5316,2172769.91865
1563452100000,2019-07-18T12:15:00+00:00,9676.5,9697,9462,9490,504.7425,4821788.4174
1563453000000,2019-07-18T12:30:00+00:00,9490,9524.5,9449,9480.5,360.4253,3418176.23645
1563453900000,2019-07-18T12:45:00+00:00,9480.5,9485.5,9321,9391.5,505.8823,4758254.51925
1563454800000,2019-07-18T13:00:00+00:00,9391.5,9496.5,9380.5,9461,324.0941,3061023.2353
1563455700000,2019-07-18T13:15:00+00:00,9461,9466.5,9380.5,9435.5,257.882,2428502.075
1563456600000,2019-07-18T13:30:00+00:00,9435.5,9470.5,9342.5,9396.5,306.3005,2878491.02965
1563457500000,2019-07-18T13:45:00+00:00,9396.5,9423.5,9352,9396.5,340.5386,3194767.55845
1563458400000,2019-07-18T14:00:00+00:00,9396.5,9399,9278.5,9331,408.6052,3811358.1402
1563459300000,2019-07-18T14:15:00+00:00,9331,9447,9311,9439.5,268.3651,2516070.83065
1563460200000,2019-07-18T14:30:00+00:00,9439.5,10198.5,9435,10198.5,493.1608,4864265.52975
1563461100000,2019-07-18T14:45:00+00:00,10198.5,10350,10130,10271,641.7379,6563085.354
1563462000000,2019-07-18T15:00:00+00:00,10271,10437,10200,10411.5,564.062,5814863.40085
1563462900000,2019-07-18T15:15:00+00:00,10411.5,10425,10310,10344,439.5566,4553656.96715
1563463800000,2019-07-18T15:30:00+00:00,10344,10391.5,10326.5,10385.5,338.1183,3501741.7547
1563464700000,2019-07-18T15:45:00+00:00,10385.5,10448.5,10365.5,10432.5,350.8822,3649015.52555
1563465600000,2019-07-18T16:00:00+00:00,10432.5,10615,10344.5,10559,538.5973,5630570.4876
1563466500000,2019-07-18T16:15:00+00:00,10559,10664.5,10554.5,10583.5,493.3379,5229242.85325
1563467400000,2019-07-18T16:30:00+00:00,10583.5,10611.5,10532,10595,277.6147,2938091.4617
1563468300000,2019-07-18T16:45:00+00:00,10595,10623.5,10462,10487.5,254.5655,2680780.3206
1563469200000,2019-07-18T17:00:00+00:00,10487.5,10560.5,10473,10478,246.9298,2597370.67835
1563470100000,2019-07-18T17:15:00+00:00,10478,10520.5,10423,10507,280.2297,2934927.38185
1563471000000,2019-07-18T17:30:00+00:00,10507,10574,10469.5,10513,282.9708,2977108.55145
1563471900000,2019-07-18T17:45:00+00:00,10513,10549.5,10500.5,10514.5,205.1484,2158399.13265
1563472800000,2019-07-18T18:00:00+00:00,10514.5,10575.5,10478.5,10497.5,250.5083,2636651.9777
1563473700000,2019-07-18T18:15:00+00:00,10497.5,10575,10488.5,10530,239.6319,2525741.4527
1563474600000,2019-07-18T18:30:00+00:00,10530,10599,10510,10526,268.8198,2838830.24645
1563475500000,2019-07-18T18:45:00+00:00,10526,10710.5,10473.5,10483,440.9802,4674300.6402
1563476400000,2019-07-18T19:00:00+00:00,10483,10560,10456.5,10456.5,354.7043,3729780.47695
1563477300000,2019-07-18T19:15:00+00:00,10456.5,10555,10450,10534,289.0726,3038581.44915
1563478200000,2019-07-18T19:30:00+00:00,10534,10603.5,10474,10520.5,233.4593,2457676.31775
1563479100000,2019-07-18T19:45:00+00:00,10520.5,10529,10470.5,10487,198.666,2085989.3723
1563480000000,2019-07-18T20:00:00+00:00,10487,10587.5,10482,10551,340.0837,3589704.66845
1563480900000,2019-07-18T20:15:00+00:00,10551,10616.5,10541.5,10616.5,201.332,2131593.08855
1563481800000,2019-07-18T20:30:00+00:00,10616.5,10638.5,10527.5,10569,227.0524,2399790.63275
1563482700000,2019-07-18T20:45:00+00:00,10569,10583.5,10538.5,10574.5,145.2908,1533536.92625
1563483600000,2019-07-18T21:00:00+00:00,10574.5,10610.5,10568.5,10610.5,162.1116,1716247.8404
1563484500000,2019-07-18T21:15:00+00:00,10610.5,10695,10576.5,10593,213.1542,2259593.13965
1563485400000,2019-07-18T21:30:00+00:00,10593,10600,10513,10530.5,187.1737,1975467.9129
1563486300000,2019-07-18T21:45:00+00:00,10530.5,10563.5,10480.5,10557,215.7852,2270690.4427
1563487200000,2019-07-18T22:00:00+00:00,10557,10596.5,10516,10521,213.9775,2258247.12995
1563488100000,2019-07-18T22:15:00+00:00,10521,10581.5,10482,10545,231.1231,2435417.27045
1563489000000,2019-07-18T22:30:00+00:00,10545,10593.5,10545,10564.5,155.4331,1643043.12705
1563489900000,2019-07-18T22:45:00+00:00,10564.5,10571,10530.5,10569,177.5461,1873062.3349
1563490800000,2019-07-18T23:00:00+00:00,10569,10650.5,10569,10640,248.7706,2638373.5927
1563491700000,2019-07-18T23:15:00+00:00,10640,10704.5,10620.5,10659,258.4661,2756226.487
1563492600000,2019-07-18T23:30:00+00:00,10659,10716.5,10626,10709.5,180.367,1922932.38605
1563493500000,2019-07-18T23:45:00+00:00,10709.5,10774.5,10593.5,10628.5,314.7365,3356814.4603
1563494400000,2019-07-19T00:00:00+00:00,10628.5,10668,10551,10586.5,327.7454,3475979.34555
1563495300000,2019-07-19T00:15:00+00:00,10586.5,10622,10572,10588.5,196.6288,2082445.6678
1563496200000,2019-07-19T00:30:00+00:00,10588.5,10662,10588.5,10631.5,217.0471,2306501.2774
1563497100000,2019-07-19T00:45:00+00:00,10631.5,10657,10600,10642.5,169.1596,1797786.02185
1563498000000,2019-07-19T01:00:00+00:00,10642.5,10698,10620,10628.5,162.5847,1734283.6169
1563498900000,2019-07-19T01:15:00+00:00,10628.5,10669.5,10590.5,10596.5,134.7564,1433472.2969
1563499800000,2019-07-19T01:30:00+00:00,10596.5,10625.5,10571,10571.5,135.6435,1437679.1824
1563500700000,2019-07-19T01:45:00+00:00,10571.5,10596,10528,10551,201.6522,2129670.4279
1563501600000,2019-07-19T02:00:00+00:00,10551,10598,10493.5,10566.5,185.4684,1954474.21645
1563502500000,2019-07-19T02:15:00+00:00,10566.5,10658,10566.5,10588,232.458,2467659.2386
1563503400000,2019-07-19T02:30:00+00:00,10588,10602.5,10573.5,10590.5,127.9594,1354844.9887
1563504300000,2019-07-19T02:45:00+00:00,10590.5,10621.5,10584.5,10592.5,154.3458,1636062.8373
1563505200000,2019-07-19T03:00:00+00:00,10592.5,10642.5,10592.5,10621,153.4874,1630400.6571
1563506100000,2019-07-19T03:15:00+00:00,10621,10628,10584,10587.5,157.71,1671913.5164
1563507000000,2019-07-19T03:30:00+00:00,10587.5,10610.5,10552.5,10559.5,245.866,2601402.2972
1563507900000,2019-07-19T03:45:00+00:00,10559.5,10582,10515.5,10574.5,186.984,1973097.7624
1563508800000,2019-07-19T04:00:00+00:00,10574.5,10581.5,10500.5,10534.5,303.9232,3204800.222
1563509700000,2019-07-19T04:15:00+00:00,10534.5,10568,10520.5,10537.5,170.1733,1794316.9331
1563510600000,2019-07-19T04:30:00+00:00,10537.5,10567,10520.5,10530.5,162.2022,1710651.1301
1563511500000,2019-07-19T04:45:00+00:00,10530.5,10530.5,10403.5,10430,319.4546,3342267.55035
1563512400000,2019-07-19T05:00:00+00:00,10430,10481.5,10430,10458.5,196.0346,2050349.54105
1563513300000,2019-07-19T05:15:00+00:00,10458.5,10484.5,10409.5,10409.5,183.337,1915468.0788
1563514200000,2019-07-19T05:30:00+00:00,10409.5,10479.5,10383.5,10475,206.9657,2157242.6015
1563515100000,2019-07-19T05:45:00+00:00,10475,10534.5,10475,10490.5,259.5871,2726779.07305
1563516000000,2019-07-19T06:00:00+00:00,10490.5,10540,10470,10532.5,239.8008,2519985.778
1563516900000,2019-07-19T06:15:00+00:00,10532.5,10545,10470.5,10492,151.1975,1588035.61945
1563517800000,2019-07-19T06:30:00+00:00,10492,10492,10443,10466.5,173.6187,1817083.99415
1563518700000,2019-07-19T06:45:00+00:00,10466.5,10480,10430,10455,168.1486,1757096.75835
1563519600000,2019-07-19T07:00:00+00:00,10455,10455,10400.5,10428.5,231.0304,2408203.6505
1563520500000,2019-07-19T07:15:00+00:00,10428.5,10509.5,10426,10478.5,217.5329,2278982.58775
1563521400000,2019-07-19T07:30:00+00:00,10478.5,10478.5,10430.5,10442.5,159.6719,1669657.55125
1563522300000,2019-07-19T07:45:00+00:00,10442.5,10638,10439.5,10605,296.4138,3127304.8952
1563523200000,2019-07-19T08:00:00+00:00,10605,10753.5,10605,10629.5,454.8012,4851412.6364
1563524100000,2019-07-19T08:15:00+00:00,10629.5,10658.5,10298.5,10361.5,552.6071,5789711.71065
1563525000000,2019-07-19T08:30:00+00:00,10361.5,10395,10300.5,10340.5,452.331,4681900.82475
1563525900000,2019-07-19T08:45:00+00:00,10340.5,10377,10210.5,10352,479.8721,4940174.6326
1563526800000,2019-07-19T09:00:00+00:00,10352,10359.5,10284.5,10293.5,247.4488,2553686.0358
1563527700000,2019-07-19T09:15:00+00:00,10293.5,10331,10250.5,10317,361.7114,3721258.03125
1563528600000,2019-07-19T09:30:00+00:00,10317,10383.5,10286.5,10352.5,303.3197,3138286.5015
1563529500000,2019-07-19T09:45:00+00:00,10352.5,10362,10298,10334,313.0549,3233858.64505
1563530400000,2019-07-19T10:00:00+00:00,10334,10343.5,10288.5,10332.5,258.9082,2670538.0936
1563531300000,2019-07-19T10:15:00+00:00,10332.5,10343.5,10258,10269.5,189.3952,1951653.23385
1563532200000,2019-07-19T10:30:00+00:00,10269.5,10371,10242.5,10368.5,320.9291,3310055.4572
1563533100000,2019-07-19T10:45:00+00:00,10368.5,10368.5,10293,10316.5,190.2474,1965782.8832
1563534000000,2019-07-19T11:00:00+00:00,10316.5,10359,10296,10349,192.4764,1988044.87
1563534900000,2019-07-19T11:15:00+00:00,10349,10388.5,10268.5,10325,305.1094,3148759.11525
1563535800000,2019-07-19T11:30:00+00:00,10325,10325,10265,10273.5,262.3433,2699740.74075
1563536700000,2019-07-19T11:45:00+00:00,10273.5,10315,10264.5,10279.5,211.2766,2173469.296
1563537600000,2019-07-19T12:00:00+00:00,10279.5,10650,10213.5,10581,443.4323,4633018.54665
1563538500000,2019-07-19T12:15:00+00:00,10581,10584,10448,10476.5,359.0643,3769990.00425
1563539400000,2019-07-19T12:30:00+00:00,10476.5,10507,10437,10479.5,242.0624,2533374.4079
1563540300000,2019-07-19T12:45:00+00:00,10479.5,10501,10463.5,10470,155.5015,1629741.60845
1563541200000,2019-07-19T13:00:00+00:00,10470,10478,10121.5,10177.5,467.4829,4779940.7474
1563542100000,2019-07-19T13:15:00+00:00,10177.5,10319,10176.5,10286.5,434.745,4463027.5142
1563543000000,2019-07-19T13:30:00+00:00,10286.5,10479,10268.5,10331.5,441.0263,4569710.89255
1563543900000,2019-07-19T13:45:00+00:00,10331.5,10353.5,10288,10298.5,248.073,2559271.67345
1563544800000,2019-07-19T14:00:00+00:00,10298.5,10412,10268.5,10312.5,379.7392,3922609.0258
1563545700000,2019-07-19T14:15:00+00:00,10312.5,10371,10302.5,10318.5,166.0289,1716030.72535
1563546600000,2019-07-19T14:30:00+00:00,10318.5,10362.5,10280.5,10337.5,152.9068,1579064.7674
1563547500000,2019-07-19T14:45:00+00:00,10337.5,10433.5,10286.5,10323.5,245.4461,2537881.9281
1563548400000,2019-07-19T15:00:00+00:00,10323.5,10362,10318.5,10329.5,175.0578,1809994.3964
1563549300000,2019-07-19T15:15:00+00:00,10329.5,10409,10327.5,10374,346.5742,3591941.36785
1563550200000,2019-07-19T15:30:00+00:00,10374,10446,10346,10364,306.2942,3182835.54975
1563551100000,2019-07-19T15:45:00+00:00,10364,10410,10343.5,10410,196.0951,2034690.5419
1563552000000,2019-07-19T16:00:00+00:00,10410,10420,10300,10335,294.6753,3049978.61855
1563552900000,2019-07-19T16:15:00+00:00,10335,10365.5,10323.5,10323.5,190.2035,1967585.7366
1563553800000,2019-07-19T16:30:00+00:00,10323.5,10417.5,10320.5,10366.5,297.4709,3083122.8939
1563554700000,2019-07-19T16:45:00+00:00,10366.5,10384,10332.5,10362.5,253.1239,2621474.23125
1563555600000,2019-07-19T17:00:00+00:00,10362.5,10388.5,10347.5,10370,184.4808,1912596.31295
1563556500000,2019-07-19T17:15:00+00:00,10370,10398,10359.5,10387.5,202.2674,2099594.44175
1563557400000,2019-07-19T17:30:00+00:00,10387.5,10470,10387.5,10442,300.0484,3128605.7783
1563558300000,2019-07-19T17:45:00+00:00,10442,10466,10413,10416.5,234.4599,2446923.2967
1563559200000,2019-07-19T18:00:00+00:00,10416.5,10446,10409.5,10413,180.5426,1882295.1392
1563560100000,2019-07-19T18:15:00+00:00,10413,10430,10359,10380,171.7692,1786005.15855
1563561000000,2019-07-19T18:30:00+00:00,10380,10401,10335.5,10379.5,173.813,1802799.9112
1563561900000,2019-07-19T18:45:00+00:00,10379.5,10395.5,10366,10378.5,136.8432,1420405.97745
1563562800000,2019-07-19T19:00:00+00:00,10378.5,10432.5,10370.5,10400.5,201.8727,2099358.74805
1563563700000,2019-07-19T19:15:00+00:00,10400.5,10422.5,10387,10392,151.4461,1575875.95965
1563564600000,2019-07-19T19:30:00+00:00,10392,10408.5,10358.5,10367.5,152.9199,1587892.3886
1563565500000,2019-07-19T19:45:00+00:00,10367.5,10403,10358.5,10391.5,156.8777,1628685.96975
1563566400000,2019-07-19T20:00:00+00:00,10391.5,10439,10389.5,10423,192.1167,2000035.88215
1563567300000,2019-07-19T20:15:00+00:00,10423,10453,10391.5,10453,167.9242,1749432.48695
1563568200000,2019-07-19T20:30:00+00:00,10453,10516.5,10437,10491,245.664,2573358.75855
1563569100000,2019-07-19T20:45:00+00:00,10491,10505.5,10457,10503.5,152.7706,1600604.3443
1563570000000,2019-07-19T21:00:00+00:00,10503.5,10548.5,10503.5,10522.5,191.5701,2017132.2912
1563570900000,2019-07-19T21:15:00+00:00,10522.5,10522.5,10473,10485,192.152,2015541.56925
1563571800000,2019-07-19T21:30:00+00:00,10485,10530,10464,10526,173.2128,1818179.07315
1563572700000,2019-07-19T21:45:00+00:00,10526,10540.5,10512.5,10539.5,168.0172,1768015.9583
1563573600000,2019-07-19T22:00:00+00:00,10539.5,10570,10504.5,10512,182.3202,1921842.53605
1563574500000,2019-07-19T22:15:00+00:00,10512,10538.5,10512,10538.5,164.2632,1729117.52015
1563575400000,2019-07-19T22:30:00+00:00,10538.5,10538.5,10451.5,10473.5,173.8342,1823645.48715
1563576300000,2019-07-19T22:45:00+00:00,10473.5,10477,10434.5,10462.5,194.738,2036775.5988
1563577200000,2019-07-19T23:00:00+00:00,10462.5,10541.5,10462.5,10509.5,234.4782,2463318.7263
1563578100000,2019-07-19T23:15:00+00:00,10509.5,10537.5,10498.5,10531,152.1959,1600745.9886
1563579000000,2019-07-19T23:30:00+00:00,10531,10539,10483,10483,168.1316,1766933.11585
1563579900000,2019-07-19T23:45:00+00:00,10483,10515.5,10470,10501,153.1138,1607104.094
1563580800000,2019-07-20T00:00:00+00:00,10501,10537.5,10501,10501.5,157.0708,1652298.91295
1563581700000,2019-07-20T00:15:00+00:00,10501.5,10557.5,10501,10530.5,161.3855,1698165.90725
1563582600000,2019-07-20T00:30:00+00:00,10530.5,10579,10451.5,10499,204.831,2157135.1711
1563583500000,2019-07-20T00:45:00+00:00,10499,10535,10417.5,10445.5,278.3777,2913778.05135
1563584400000,2019-07-20T01:00:00+00:00,10445.5,10478.5,10351.5,10397.5,172.8074,1805013.7355
1563585300000,2019-07-20T01:15:00+00:00,10397.5,10436,10380,10433.5,186.6354,1943580.44875
1563586200000,2019-07-20T01:30:00+00:00,10433.5,10452.5,10421,10433,165.2,1724221.99925
1563587100000,2019-07-20T01:45:00+00:00,10433,10437.5,10413,10429.5,162.8266,1697679.97855
1563588000000,2019-07-20T02:00:00+00:00,10429.5,10473,10429,10470.5,174.7781,1827966.6173
1563588900000,2019-07-20T02:15:00+00:00,10470.5,10485,10454.5,10466.5,167.4341,1752114.9037
1563589800000,2019-07-20T02:30:00+00:00,10466.5,10501,10454,10482,175.4784,1838626.7538
1563590700000,2019-07-20T02:45:00+00:00,10482,10539,10479,10502,183.0915,1923665.85205
1563591600000,2019-07-20T03:00:00+00:00,10502,10548.5,10502,10519.5,175.0793,1842963.5002
1563592500000,2019-07-20T03:15:00+00:00,10519.5,10542,10485.5,10505,160.1259,1683704.98255
1563593400000,2019-07-20T03:30:00+00:00,10505,10539.5,10503.5,10508.5,154.5657,1625433.62955
1563594300000,2019-07-20T03:45:00+00:00,10508.5,10524.5,10491,10508.5,157.5221,1655529.38305
1563595200000,2019-07-20T04:00:00+00:00,10508.5,10523.5,10498.5,10498.5,156.7764,1647715.6849
1563596100000,2019-07-20T04:15:00+00:00,10498.5,10499,10458.5,10497.5,191.3481,2006355.5786
1563597000000,2019-07-20T04:30:00+00:00,10497.5,10622,10494.5,10573.5,383.8036,4055195.8419
1563597900000,2019-07-20T04:45:00+00:00,10573.5,10599,10549.5,10596,209.9302,2219416.7488
1563598800000,2019-07-20T05:00:00+00:00,10563.5,10596,10556.5,10590.5,137.3616,1453006.21395
1563599700000,2019-07-20T05:15:00+00:00,10590.5,10600,10568.5,10598,165.4717,1750725.82255
1563600600000,2019-07-20T05:30:00+00:00,10598,10617,10566,10578.5,161.4121,1708862.95835
1563601500000,2019-07-20T05:45:00+00:00,10578.5,10579,10538.5,10573.5,145.3101,1534603.3043
1563602400000,2019-07-20T06:00:00+00:00,10573.5,10587,10550.5,10574,163.4891,1728038.5543
1563603300000,2019-07-20T06:15:00+00:00,10574,10600,10558.5,10594,184.6239,1952586.3192
1563604200000,2019-07-20T06:30:00+00:00,10594,10599,10570.5,10583.5,208.1771,2204161.88945
1563605100000,2019-07-20T06:45:00+00:00,10583.5,10598,10568,10596,187.2403,1982345.90575
1563606000000,2019-07-20T07:00:00+00:00,10596,10682,10590.5,10630.5,308.1582,3277654.77465
1563606900000,2019-07-20T07:15:00+00:00,10630.5,10642.5,10518,10542.5,285.7677,3024156.9366
1563607800000,2019-07-20T07:30:00+00:00,10542.5,10583.5,10530.5,10564.5,165.8121,1751711.21755
1563608700000,2019-07-20T07:45:00+00:00,10564.5,10591,10542.5,10552.5,158.8428,1678685.88915
1563609600000,2019-07-20T08:00:00+00:00,10552.5,10558.5,10530.5,10550,161.583,1703741.0884
1563610500000,2019-07-20T08:15:00+00:00,10550,10558.5,10500,10524,146.5548,1542370.88665
1563611400000,2019-07-20T08:30:00+00:00,10524,10567.5,10524,10559.5,143.2761,1511283.5605
1563612300000,2019-07-20T08:45:00+00:00,10559.5,10563,10521.5,10544.5,147.7587,1557564.77565
1563613200000,2019-07-20T09:00:00+00:00,10544.5,10582,10544.5,10556,164.0826,1733503.27775
1563614100000,2019-07-20T09:15:00+00:00,10556,10598.5,10554,10589,160.6144,1699130.9802
1563615000000,2019-07-20T09:30:00+00:00,10589,10592,10562.5,10564,160.223,1694368.14985
1563615900000,2019-07-20T09:45:00+00:00,10564,10571,10547.5,10547.5,159.2713,1681793.58725
1563616800000,2019-07-20T10:00:00+00:00,10547.5,10557.5,10528.5,10547.5,149.4231,1575482.2644
1563617700000,2019-07-20T10:15:00+00:00,10547.5,10608,10532,10558.5,198.8078,2100521.1042
1563618600000,2019-07-20T10:30:00+00:00,10558.5,10573,10539.5,10561.5,127.2485,1343140.11345
1563619500000,2019-07-20T10:45:00+00:00,10561.5,10581.5,10557,10565.5,130.0593,1374512.6449
1563620400000,2019-07-20T11:00:00+00:00,10565.5,10567,10463,10463,156.3882,1649659.0498
1563621300000,2019-07-20T11:15:00+00:00,10463,10508,10450,10503,265.6182,2783240.36755
1563622200000,2019-07-20T11:30:00+00:00,10503,10507,10466.5,10487.5,148.1344,1553206.06275
1563623100000,2019-07-20T11:45:00+00:00,10487.5,10596.5,10482,10569,202.515,2136241.7016
1563624000000,2019-07-20T12:00:00+00:00,10569,10610,10530.5,10554,196.3786,2072794.95595
1563624900000,2019-07-20T12:15:00+00:00,10554,10567,10533.5,10564,131.214,1383825.07545
1563625800000,2019-07-20T12:30:00+00:00,10564,10569.5,10520.5,10523.5,130.5427,1376617.7922
1563626700000,2019-07-20T12:45:00+00:00,10523.5,10543,10503.5,10515,139.6191,1468678.4198
1563627600000,2019-07-20T13:00:00+00:00,10515,10540,10502,10540,144.8781,1524049.9188
1563628500000,2019-07-20T13:15:00+00:00,10540,10704.5,10508,10549.5,467.7045,4968796.56675
1563629400000,2019-07-20T13:30:00+00:00,10549.5,10557,10470.5,10523,280.6704,2951834.665
1563630300000,2019-07-20T13:45:00+00:00,10523,10551,10499.5,10524.5,160.2484,1685752.5369
1563631200000,2019-07-20T14:00:00+00:00,10524.5,10553.5,10521,10544,150.9419,1590253.19245
1563632100000,2019-07-20T14:15:00+00:00,10544,10575,10524.5,10557.5,136.1705,1436965.80475
1563633000000,2019-07-20T14:30:00+00:00,10557.5,10582.5,10542,10573,138.7388,1464695.56775
1563633900000,2019-07-20T14:45:00+00:00,10573,10598,10564.5,10591.5,132.1028,1397666.3179
1563634800000,2019-07-20T15:00:00+00:00,10591.5,10591.5,10548.5,10553,141.83,1499794.6907
1563635700000,2019-07-20T15:15:00+00:00,10553,10591,10545.5,10572,145.2458,1535199.88
1563636600000,2019-07-20T15:30:00+00:00,10572,10640.5,10560.5,10575.5,231.1399,2445785.8841
1563637500000,2019-07-20T15:45:00+00:00,10575.5,10636,10563.5,10614,171.1967,1812869.6067
1563638400000,2019-07-20T16:00:00+00:00,10614,10658.5,10559,10590.5,350.0932,3710896.0177
1563639300000,2019-07-20T16:15:00+00:00,10590.5,10662,10586.5,10632,264.1859,2806765.45815
1563640200000,2019-07-20T16:30:00+00:00,10632,10687,10626.5,10682.5,194.4085,2071410.2937
1563641100000,2019-07-20T16:45:00+00:00,10682.5,10818.5,10653.5,10768.5,329.956,3536435.3102
1563642000000,2019-07-20T17:00:00+00:00,10768.5,10987.5,10763,10886,501.606,5457215.02745
1563642900000,2019-07-20T17:15:00+00:00,10886,10935.5,10856,10884.5,238.2695,2594430.73225
1563643800000,2019-07-20T17:30:00+00:00,10884.5,10914,10825,10837.5,171.3333,1863718.41145
1563644700000,2019-07-20T17:45:00+00:00,10837.5,10882,10832,10862,154.6444,1679475.4557
1563645600000,2019-07-20T18:00:00+00:00,10862,10912.5,10862,10912.5,158.0215,1720563.9201
1563646500000,2019-07-20T18:15:00+00:00,10912.5,10916.5,10878,10887,170.8173,1860635.24515
1563647400000,2019-07-20T18:30:00+00:00,10887,10933.5,10887,10914.5,166.5852,1816061.63725
1563648300000,2019-07-20T18:45:00+00:00,10914.5,10923,10892.5,10898.5,166.2532,1812373.9598
1563649200000,2019-07-20T19:00:00+00:00,10898.5,10907,10855,10879.5,163.706,1781125.89925
1563650100000,2019-07-20T19:15:00+00:00,10879.5,10891.5,10857,10874,143.8898,1564818.1227
1563651000000,2019-07-20T19:30:00+00:00,10874,10904.5,10855.5,10878,139.6765,1519676.43655
1563651900000,2019-07-20T19:45:00+00:00,10878,10910,10868.5,10894.5,136.3652,1484111.12325
1563652800000,2019-07-20T20:00:00+00:00,10894.5,10919,10880.5,10882.5,136.7298,1490610.6986
1563653700000,2019-07-20T20:15:00+00:00,10882.5,10924.5,10870,10873,144.8359,1577186.6897
1563654600000,2019-07-20T20:30:00+00:00,10873,10884,10861.5,10880,131.7304,1432496.1361
1563655500000,2019-07-20T20:45:00+00:00,10880,10897.5,10867.5,10897.5,136.7365,1487973.3516
1563656400000,2019-07-20T21:00:00+00:00,10897.5,10906.5,10845.5,10848.5,157.4397,1712667.27155
1563657300000,2019-07-20T21:15:00+00:00,10848.5,10900,10848.5,10894.5,185.4592,2017035.7143
1563658200000,2019-07-20T21:30:00+00:00,10894.5,10916.5,10894.5,10916.5,180.2957,1965291.00365
1563659100000,2019-07-20T21:45:00+00:00,10916.5,10931,10904,10927.5,182.7853,1995510.0942
1563660000000,2019-07-20T22:00:00+00:00,10927.5,10948,10901.5,10904.5,152.8555,1670665.32225
1563660900000,2019-07-20T22:15:00+00:00,10904.5,10936.5,10893.5,10936.5,128.8396,1406027.56785
1563661800000,2019-07-20T22:30:00+00:00,10936.5,10948.5,10915,10948.5,125.2973,1369584.7695
1563662700000,2019-07-20T22:45:00+00:00,10948.5,10973,10926,10973,132.1391,1446001.8803
1563663600000,2019-07-20T23:00:00+00:00,10973,11052,10958.5,11002,219.9255,2420970.6159
1563664500000,2019-07-20T23:15:00+00:00,11002,11014.5,10902.5,10932.5,179.33,1964330.7761
1563665400000,2019-07-20T23:30:00+00:00,10932.5,10955.5,10793.5,10793.5,190.7519,2078042.8746
1563666300000,2019-07-20T23:45:00+00:00,10793.5,10793.5,10658.5,10738.5,354.4399,3798794.6395
1563667200000,2019-07-21T00:00:00+00:00,10738.5,10752,10661.5,10746.5,250.307,2681217.14395
1563668100000,2019-07-21T00:15:00+00:00,10746.5,10787,10743,10759.5,179.4276,1930724.0131
1563669000000,2019-07-21T00:30:00+00:00,10759.5,10810.5,10754,10798.5,212.4313,2291468.57405
1563669900000,2019-07-21T00:45:00+00:00,10798.5,10806.5,10753.5,10773,200.9859,2165658.64445
1563670800000,2019-07-21T01:00:00+00:00,10773,10800.5,10755.5,10795.5,151.0482,1627626.8153
1563671700000,2019-07-21T01:15:00+00:00,10795.5,10800.5,10766,10768.5,145.4243,1567405.5681
1563672600000,2019-07-21T01:30:00+00:00,10768.5,10779,10750.5,10769,132.721,1429136.64595
1563673500000,2019-07-21T01:45:00+00:00,10769,10791.5,10760.5,10790.5,141.7132,1527898.41485
1563674400000,2019-07-21T02:00:00+00:00,10790.5,10792.5,10662.5,10687.5,245.8663,2633307.29565
1563675300000,2019-07-21T02:15:00+00:00,10687.5,10724.5,10672.5,10681.5,118.1429,1263420.23085
1563676200000,2019-07-21T02:30:00+00:00,10681.5,10693.5,10600.5,10674,243.2717,2591675.8899
1563677100000,2019-07-21T02:45:00+00:00,10674,10689,10629.5,10633.5,130.047,1385821.16755
1563678000000,2019-07-21T03:00:00+00:00,10633.5,10633.5,10550,10595,229.3626,2427465.57045
1563678900000,2019-07-21T03:15:00+00:00,10595,10614,10570,10612,142.5371,1509339.6305
1563679800000,2019-07-21T03:30:00+00:00,10612,10613,10582.5,10608.5,140.5394,1489929.93075
1563680700000,2019-07-21T03:45:00+00:00,10608.5,10613,10570.5,10579.5,140.8924,1491928.06935
1563681600000,2019-07-21T04:00:00+00:00,10579.5,10653,10550.5,10638.5,269.7061,2861853.92895
1563682500000,2019-07-21T04:15:00+00:00,10638.5,10640,10610.5,10637,172.0791,1828257.861
1563683400000,2019-07-21T04:30:00+00:00,10637,10662.5,10628.5,10660,181.8223,1935044.7996
1563684300000,2019-07-21T04:45:00+00:00,10660,10661,10621,10627,163.1324,1736462.1629
1563685200000,2019-07-21T05:00:00+00:00,10627,10632.5,10590.5,10628.5,169.8761,1803426.52925
1563686100000,2019-07-21T05:15:00+00:00,10628.5,10646,10611.5,10618.5,146.888,1560848.5821
1563687000000,2019-07-21T05:30:00+00:00,10618.5,10620,10582,10589,169.0597,1791946.7929
1563687900000,2019-07-21T05:45:00+00:00,10589,10610,10560.5,10575.5,174.3132,1845676.9924
1563688800000,2019-07-21T06:00:00+00:00,10575.5,10615,10548.5,10614,161.2423,1706769.4238
1563689700000,2019-07-21T06:15:00+00:00,10614,10621,10583.5,10609.5,136.3399,1445220.1914
1563690600000,2019-07-21T06:30:00+00:00,10609.5,10622.5,10574.5,10583,139.3683,1477334.9935
1563691500000,2019-07-21T06:45:00+00:00,10583,10602,10573.5,10578.5,143.526,1519320.307
1563692400000,2019-07-21T07:00:00+00:00,10578.5,10604,10570.5,10589,134.0479,1419111.4172
1563693300000,2019-07-21T07:15:00+00:00,10589,10629,10583,10621,140.3157,1487964.48965
1563694200000,2019-07-21T07:30:00+00:00,10621,10628.5,10585.5,10589,152.974,1621888.23345
1563695100000,2019-07-21T07:45:00+00:00,10589,10594,10562.5,10579.5,147.3383,1559012.2813
1563696000000,2019-07-21T08:00:00+00:00,10579.5,10674,10456,10619.5,312.88,3301519.79845
1563696900000,2019-07-21T08:15:00+00:00,10619.5,10686.5,10596.5,10653,360.9368,3842407.5098
1563697800000,2019-07-21T08:30:00+00:00,10653,10685.5,10638.5,10680.5,166.0132,1770125.8503
1563698700000,2019-07-21T08:45:00+00:00,10680.5,10686.5,10658.5,10670,159.8859,1706131.2583
1563699600000,2019-07-21T09:00:00+00:00,10670,10715,10665,10679,157.7952,1686083.72315
1563700500000,2019-07-21T09:15:00+00:00,10679,10740,10679,10712.5,174.2143,1865430.3624
1563701400000,2019-07-21T09:30:00+00:00,10712.5,10715.5,10686.5,10714.5,148.5249,1589515.2992
1563702300000,2019-07-21T09:45:00+00:00,10714.5,10716,10670.5,10670.5,151.1879,1616988.6412
1563703200000,2019-07-21T10:00:00+00:00,10670.5,10672,10572.5,10612,393.013,4170495.1028
1563704100000,2019-07-21T10:15:00+00:00,10612,10629.5,10529,10580.5,240.1251,2540068.7397
1563705000000,2019-07-21T10:30:00+00:00,10580.5,10589,10551.5,10576,151.9029,1606055.6579
1563705900000,2019-07-21T10:45:00+00:00,10576,10583.5,10513.5,10551.5,181.5218,1913738.74795
1563706800000,2019-07-21T11:00:00+00:00,10551.5,10580,10520,10572,163.6433,1725773.111
1563707700000,2019-07-21T11:15:00+00:00,10572,10608.5,10558.5,10561.5,160.74,1700739.9562
1563708600000,2019-07-21T11:30:00+00:00,10561.5,10586.5,10539,10579,156.6997,1655214.82195
1563709500000,2019-07-21T11:45:00+00:00,10579,10595,10550.5,10578,146.0392,1543660.69095
1563710400000,2019-07-21T12:00:00+00:00,10578,10587.5,10550.5,10584.5,207.7036,2196055.55925
1563711300000,2019-07-21T12:15:00+00:00,10584.5,10585,10524.5,10547.5,164.5377,1736018.23365
1563712200000,2019-07-21T12:30:00+00:00,10547.5,10576,10517.5,10565.5,197.8784,2086156.4075
1563713100000,2019-07-21T12:45:00+00:00,10565.5,10579,10555,10562.5,146.8743,1551997.5033
1563714000000,2019-07-21T13:00:00+00:00,10562.5,10566,10518.5,10540.5,138.137,1456412.4117
1563714900000,2019-07-21T13:15:00+00:00,10540.5,10590.5,10481.5,10582.5,250.8546,2644295.03845
1563715800000,2019-07-21T13:30:00+00:00,10582.5,10598,10532,10565,158.5198,1674594.1381
1563716700000,2019-07-21T13:45:00+00:00,10565,10568,10530.5,10530.5,144.7555,1527378.74115
1563717600000,2019-07-21T14:00:00+00:00,10530.5,10554.5,10512,10528.5,158.3128,1667562.3773
1563718500000,2019-07-21T14:15:00+00:00,10528.5,10547,10400.5,10442,207.3439,2175441.10565
1563719400000,2019-07-21T14:30:00+00:00,10442,10465.5,10380.5,10405.5,277.8819,2896953.06945
1563720300000,2019-07-21T14:45:00+00:00,10405.5,10428.5,10340,10394.5,275.1714,2855723.78295
1563721200000,2019-07-21T15:00:00+00:00,10394.5,10424,10345.5,10366,219.0506,2273903.3595
1563722100000,2019-07-21T15:15:00+00:00,10366,10434,10360,10415.5,176.459,1833712.0519
1563723000000,2019-07-21T15:30:00+00:00,10415.5,10416,10376.5,10388.5,133.0014,1382335.7234
1563723900000,2019-07-21T15:45:00+00:00,10388.5,10469.5,10388,10440.5,133.0022,1386144.1114
1563724800000,2019-07-21T16:00:00+00:00,10440.5,10475,10402.5,10405,187.8353,1960564.69755
1563725700000,2019-07-21T16:15:00+00:00,10405,10417,10378.5,10395.5,123.0511,1279941.80735
1563726600000,2019-07-21T16:30:00+00:00,10395.5,10401,10355.5,10399.5,135.4492,1405779.95465
1563727500000,2019-07-21T16:45:00+00:00,10399.5,10403,10350.5,10362,118.6257,1230502.04215
1563728400000,2019-07-21T17:00:00+00:00,10362,10425,10301.5,10404,238.5128,2469325.523
1563729300000,2019-07-21T17:15:00+00:00,10404,10406,10363.5,10377.5,133.9849,1391165.46965
1563730200000,2019-07-21T17:30:00+00:00,10377.5,10399.5,10345.5,10389.5,148.6989,1542361.03395
1563731100000,2019-07-21T17:45:00+00:00,10389.5,10418,10371.5,10414,136.6983,1420839.22305
1563732000000,2019-07-21T18:00:00+00:00,10414,10466,10381,10466,137.0186,1426293.9174
1563732900000,2019-07-21T18:15:00+00:00,10466,10509.5,10454,10501.5,209.0037,2190474.9897
1563733800000,2019-07-21T18:30:00+00:00,10501.5,10508.5,10461,10468.5,121.9081,1277697.77165
1563734700000,2019-07-21T18:45:00+00:00,10468.5,10493.5,10450.5,10490,117.8532,1233219.41535
1563735600000,2019-07-21T19:00:00+00:00,10490,10512,10464,10479,142.1934,1490075.6063
1563736500000,2019-07-21T19:15:00+00:00,10479,10492.5,10450.5,10451,101.3007,1060452.16525
1563737400000,2019-07-21T19:30:00+00:00,10451,10451,10338.5,10409,227.438,2363694.3636
1563738300000,2019-07-21T19:45:00+00:00,10409,10423.5,10359,10404.5,144.2426,1499316.94665
1563739200000,2019-07-21T20:00:00+00:00,10404.5,10463,10387.5,10449.5,185.2527,1933111.415
1563740100000,2019-07-21T20:15:00+00:00,10449.5,10514,10434,10490.5,200.1176,2095922.3216
1563741000000,2019-07-21T20:30:00+00:00,10490.5,10494.5,10466,10487.5,165.8201,1738012.93815
1563741900000,2019-07-21T20:45:00+00:00,10487.5,10514.5,10451,10494,167.7125,1756833.84035
1563742800000,2019-07-21T21:00:00+00:00,10494,10593.5,10485.5,10550,246.4249,2599477.76995
1563743700000,2019-07-21T21:15:00+00:00,10550,10588.5,10548.5,10588.5,131.8226,1393551.5615
1563744600000,2019-07-21T21:30:00+00:00,10588.5,10592,10558,10578,137.007,1447999.55955
1563745500000,2019-07-21T21:45:00+00:00,10578,10578,10556,10556,132.6109,1401310.438
1563746400000,2019-07-21T22:00:00+00:00,10556,10641.5,10556,10594,185.5828,1968968.8089
1563747300000,2019-07-21T22:15:00+00:00,10594,10625,10582.5,10588.5,114.8036,1217524.6108
1563748200000,2019-07-21T22:30:00+00:00,10588.5,10588.5,10545,10560,137.1935,1450142.34075
1563749100000,2019-07-21T22:45:00+00:00,10560,10562.5,10502,10545,149.418,1574139.06245
1563750000000,2019-07-21T23:00:00+00:00,10545,10574,10529,10541,124.4467,1313679.78795
1563750900000,2019-07-21T23:15:00+00:00,10541,10564,10527.5,10543.5,116.8696,1232114.29535
1563751800000,2019-07-21T23:30:00+00:00,10543.5,10635,10543.5,10606.5,173.2962,1836373.48245
1563752700000,2019-07-21T23:45:00+00:00,10606.5,10622.5,10566.5,10583.5,120.1009,1272392.69335
1563753600000,2019-07-22T00:00:00+00:00,10583.5,10681,10583.5,10656,239.3424,2546020.02425
1563754500000,2019-07-22T00:15:00+00:00,10656,10660,10600.5,10603.5,165.8881,1761988.66445
1563755400000,2019-07-22T00:30:00+00:00,10603.5,10619,10578.5,10585,279.4686,2962070.6811
1563756300000,2019-07-22T00:45:00+00:00,10585,10598,10551.5,10588.5,199.5964,2111715.39315
1563757200000,2019-07-22T01:00:00+00:00,10588.5,10601,10575.5,10597,144.6239,1531496.7939
1563758100000,2019-07-22T01:15:00+00:00,10597,10612,10575.5,10575.5,132.7409,1406727.1781
1563759000000,2019-07-22T01:30:00+00:00,10575.5,10588.5,10560,10583.5,126.2894,1335761.4614
1563759900000,2019-07-22T01:45:00+00:00,10583.5,10598,10570,10580.5,127.6996,1351461.4224
1563760800000,2019-07-22T02:00:00+00:00,10580.5,10597.5,10580,10581,134.5709,1424721.82105
1563761700000,2019-07-22T02:15:00+00:00,10581,10594,10563.5,10586.5,145.7809,1542542.94275
1563762600000,2019-07-22T02:30:00+00:00,10586.5,10626,10586.5,10603.5,169.8517,1802903.7609
1563763500000,2019-07-22T02:45:00+00:00,10603.5,10635,10602,10617,123.1327,1307229.4395
1563764400000,2019-07-22T03:00:00+00:00,10617,10625,10591.5,10591.5,143.9619,1526618.51825
1563765300000,2019-07-22T03:15:00+00:00,10591.5,10638.5,10591.5,10636,146.0053,1549420.2116
1563766200000,2019-07-22T03:30:00+00:00,10636,10636,10601.5,10606,147.8377,1568640.3611
1563767100000,2019-07-22T03:45:00+00:00,10606,10615.5,10602.5,10607.5,140.3376,1488729.08395
1563768000000,2019-07-22T04:00:00+00:00,10607.5,10633,10555,10570.5,173.2291,1835987.10325
1563768900000,2019-07-22T04:15:00+00:00,10570.5,10581,10533.5,10549,154.5996,1632024.47305
1563769800000,2019-07-22T04:30:00+00:00,10549,10573.5,10520.5,10561.5,137.8286,1453058.78555
1563770700000,2019-07-22T04:45:00+00:00,10561.5,10574.5,10546.5,10557.5,122.5573,1294104.9447
1563771600000,2019-07-22T05:00:00+00:00,10557.5,10593,10510,10566.5,187.4249,1978068.4112
1563772500000,2019-07-22T05:15:00+00:00,10566.5,10600,10564,10571.5,132.7678,1404215.9052
1563773400000,2019-07-22T05:30:00+00:00,10571.5,10573,10559.5,10570.5,118.7927,1255150.4136
1563774300000,2019-07-22T05:45:00+00:00,10570.5,10595.5,10570.5,10588,119.3979,1262858.9723
1563775200000,2019-07-22T06:00:00+00:00,10588,10632.5,10585,10623.5,197.2655,2093109.65205
1563776100000,2019-07-22T06:15:00+00:00,10623.5,10636,10600.5,10605.5,177.6699,1885685.842
1563777000000,2019-07-22T06:30:00+00:00,10605.5,10609,10580.5,10587,164.5969,1744394.9985
1563777900000,2019-07-22T06:45:00+00:00,10587,10608.5,10580.5,10591.5,162.1812,1717531.9007
1563778800000,2019-07-22T07:00:00+00:00,10591.5,10597.5,10570.5,10576.5,165.6375,1753699.54125
1563779700000,2019-07-22T07:15:00+00:00,10576.5,10583.5,10575.5,10578.5,178.8107,1891430.95875
1563780600000,2019-07-22T07:30:00+00:00,10578.5,10609.5,10578.5,10604.5,190.4255,2017434.4467
1563781500000,2019-07-22T07:45:00+00:00,10604.5,10612,10583.5,10597.5,203.4734,2156200.2599
1563782400000,2019-07-22T08:00:00+00:00,10597.5,10620,10582,10582.5,182.2413,1932892.67195
1563783300000,2019-07-22T08:15:00+00:00,10582.5,10592,10551,10555,163.1687,1725214.57435
1563784200000,2019-07-22T08:30:00+00:00,10555,10567.5,10554.5,10561,128.8308,1360434.85345
1563785100000,2019-07-22T08:45:00+00:00,10561,10571,10540.5,10554.5,128.9718,1361827.446
1563786000000,2019-07-22T09:00:00+00:00,10554.5,10559,10532,10532,132.1213,1393376.2683
1563786900000,2019-07-22T09:15:00+00:00,10532,10532,10460,10473,243.8903,2557239.33595
1563787800000,2019-07-22T09:30:00+00:00,10473,10498,10441.5,10472.5,171.1626,1793182.7541
1563788700000,2019-07-22T09:45:00+00:00,10472.5,10484.5,10450.5,10460,137.6234,1439910.1207
1563789600000,2019-07-22T10:00:00+00:00,10460,10471,10408.5,10459.5,202.3954,2112479.52875
1563790500000,2019-07-22T10:15:00+00:00,10459.5,10483.5,10455.5,10456.5,134.0081,1402787.26165
1563791400000,2019-07-22T10:30:00+00:00,10456.5,10521,10448.5,10492.5,159.6174,1674775.84185
1563792300000,2019-07-22T10:45:00+00:00,10492.5,10522,10481,10495.5,142.0808,1492114.90505
1563793200000,2019-07-22T11:00:00+00:00,10495.5,10523.5,10483.5,10483.5,127.6637,1341001.9852
1563794100000,2019-07-22T11:15:00+00:00,10483.5,10488,10465,10466,126.1609,1321793.3416
1563795000000,2019-07-22T11:30:00+00:00,10466,10588,10437,10558.5,244.8166,2566562.28265
1563795900000,2019-07-22T11:45:00+00:00,10558.5,10622,10542,10555,366.6253,3879682.9784
1563796800000,2019-07-22T12:00:00+00:00,10555,10582.5,10529.5,10536,143.4187,1512958.1272
1563797700000,2019-07-22T12:15:00+00:00,10536,10566,10484.5,10504,177.795,1870208.51815
1563798600000,2019-07-22T12:30:00+00:00,10504,10518,10459.5,10486.5,147.7005,1550067.7772
1563799500000,2019-07-22T12:45:00+00:00,10486.5,10541.5,10486.5,10528.5,153.632,1616344.1036
1563800400000,2019-07-22T13:00:00+00:00,10528.5,10546,10506.5,10510,120.5856,1268934.9002
1563801300000,2019-07-22T13:15:00+00:00,10510,10526,10480.5,10496,121.8621,1280517.002
1563802200000,2019-07-22T13:30:00+00:00,10496,10514,10480.5,10482.5,118.6064,1244878.32145
1563803100000,2019-07-22T13:45:00+00:00,10482.5,10518,10480.5,10493.5,139.6962,1466158.51795
1563804000000,2019-07-22T14:00:00+00:00,10493.5,10523.5,10473.5,10505.5,182.2619,1912854.8482
1563804900000,2019-07-22T14:15:00+00:00,10505.5,10540,10500.5,10507,156.5052,1646341.67185
1563805800000,2019-07-22T14:30:00+00:00,10507,10513,10249.5,10294,442.6798,4594047.3442
1563806700000,2019-07-22T14:45:00+00:00,10294,10294,10163.5,10223.5,463.4862,4742424.5122
1563807600000,2019-07-22T15:00:00+00:00,10223.5,10281,10190.5,10267.5,220.7056,2261494.4957
1563808500000,2019-07-22T15:15:00+00:00,10267.5,10345.5,10235.5,10295,280.4549,2886719.74045
1563809400000,2019-07-22T15:30:00+00:00,10295,10295,10225,10255.5,178.368,1829879.0405
1563810300000,2019-07-22T15:45:00+00:00,10255.5,10272,10240.5,10240.5,150.1159,1539609.04415
1563811200000,2019-07-22T16:00:00+00:00,10240.5,10295.5,10221.5,10280.5,178.6571,1833850.25695
1563812100000,2019-07-22T16:15:00+00:00,10280.5,10311,10267.5,10279,157.4475,1619306.39065
1563813000000,2019-07-22T16:30:00+00:00,10279,10281.5,10218,10250,171.2768,1755292.3313
1563813900000,2019-07-22T16:45:00+00:00,10250,10283.5,10238.5,10244,147.998,1519100.50325
1563814800000,2019-07-22T17:00:00+00:00,10244,10261,10188.5,10234.5,135.6836,1388411.60455
1563815700000,2019-07-22T17:15:00+00:00,10234.5,10419.5,10234.5,10350,331.2629,3433052.08115
1563816600000,2019-07-22T17:30:00+00:00,10350,10380,10320.5,10330.5,123.8322,1282061.80465
1563817500000,2019-07-22T17:45:00+00:00,10330.5,10370,10330,10349.5,143.7081,1487283.48345
1563818400000,2019-07-22T18:00:00+00:00,10349.5,10353,10302.5,10330.5,181.2238,1871950.0312
1563819300000,2019-07-22T18:15:00+00:00,10330.5,10331,10260.5,10276,215.8026,2221070.8886
1563820200000,2019-07-22T18:30:00+00:00,10276,10311,10261.5,10309,173.561,1786355.73175
1563821100000,2019-07-22T18:45:00+00:00,10309,10313,10269,10285.5,140.1966,1442335.85615
1563822000000,2019-07-22T19:00:00+00:00,10285.5,10328.5,10267,10324,154.5009,1592363.6916
1563822900000,2019-07-22T19:15:00+00:00,10324,10329,10291.5,10305.5,114.1076,1176780.4286
1563823800000,2019-07-22T19:30:00+00:00,10305.5,10305.5,10100.5,10100.5,258.9599,2649312.5894
1563824700000,2019-07-22T19:45:00+00:00,10100.5,10195,10100.5,10167,253.0379,2570307.69465
1563825600000,2019-07-22T20:00:00+00:00,10167,10343.5,10124.5,10247,199.9485,2045062.7207
1563826500000,2019-07-22T20:15:00+00:00,10247,10317.5,10234,10307.5,131.7488,1353413.17505
1563827400000,2019-07-22T20:30:00+00:00,10307.5,10392.5,10282.5,10299.5,164.5581,1700117.7206
1563828300000,2019-07-22T20:45:00+00:00,10299.5,10359,10287,10353.5,173.8324,1794483.09545
1563829200000,2019-07-22T21:00:00+00:00,10353.5,10382,10341.5,10373,143.5462,1488116.6702
1563830100000,2019-07-22T21:15:00+00:00,10373,10398.5,10350.5,10371.5,193.4496,2006011.5612
1563831000000,2019-07-22T21:30:00+00:00,10371.5,10379,10255,10282.5,186.8301,1931557.2673
1563831900000,2019-07-22T21:45:00+00:00,10282.5,10324,10278.5,10290,234.4254,2414416.83425
1563832800000,2019-07-22T22:00:00+00:00,10290,10385.5,10250.5,10338,264.6466,2729460.67585
1563833700000,2019-07-22T22:15:00+00:00,10338,10371,10332,10340,147.4509,1526342.40895
1563834600000,2019-07-22T22:30:00+00:00,10340,10340.5,10299.5,10324.5,148.4078,1530838.4612
1563835500000,2019-07-22T22:45:00+00:00,10324.5,10329.5,10280.5,10296,135.8462,1399748.1066
1563836400000,2019-07-22T23:00:00+00:00,10296,10336.5,10294.5,10307.5,144.4974,1490481.89635
1563837300000,2019-07-22T23:15:00+00:00,10307.5,10360,10305,10343,135.3684,1397896.28795
1563838200000,2019-07-22T23:30:00+00:00,10343,10368,10332,10350,127.8421,1323097.65035
1563839100000,2019-07-22T23:45:00+00:00,10350,10354.5,10324,10338.5,111.8146,1155750.9741
1563840000000,2019-07-23T00:00:00+00:00,10338.5,10339.5,10306,10331,117.592,1213287.3062
1563840900000,2019-07-23T00:15:00+00:00,10331,10331.5,10280,10300,114.8079,1182213.56315
1563841800000,2019-07-23T00:30:00+00:00,10300,10303.5,10216.5,10229,154.3133,1582454.1682
1563842700000,2019-07-23T00:45:00+00:00,10229,10282.5,10222,10268.5,119.7994,1229173.7533
1563843600000,2019-07-23T01:00:00+00:00,10268.5,10271,10220.5,10239.5,128.5633,1317319.9733
1563844500000,2019-07-23T01:15:00+00:00,10239.5,10257.5,10224.5,10250.5,123.5125,1264582.46485
1563845400000,2019-07-23T01:30:00+00:00,10250.5,10270,10239.5,10262,115.379,1183369.48905
1563846300000,2019-07-23T01:45:00+00:00,10262,10266.5,10220.5,10234,139.3185,1427559.14905
1563847200000,2019-07-23T02:00:00+00:00,10234,10259,10233.5,10240.5,150.581,1543095.3465
1563848100000,2019-07-23T02:15:00+00:00,10240.5,10296,10225.5,10268,188.8518,1938613.9465
1563849000000,2019-07-23T02:30:00+00:00,10268,10285.5,10243.5,10268,156.2279,1604020.40165
1563849900000,2019-07-23T02:45:00+00:00,10268,10310,10268,10291.5,181.2855,1865017.6666
1563850800000,2019-07-23T03:00:00+00:00,10291.5,10314,10278,10289,155.5028,1600846.8172
1563851700000,2019-07-23T03:15:00+00:00,10289,10295.5,10275.5,10280.5,125.7995,1293832.6043
1563852600000,2019-07-23T03:30:00+00:00,10280.5,10304.5,10275.5,10290.5,133.2726,1371487.67755
1563853500000,2019-07-23T03:45:00+00:00,10290.5,10290.5,10250.5,10254.5,157.2699,1616150.80075
1563854400000,2019-07-23T04:00:00+00:00,10254.5,10260,10233.5,10233.5,192.6543,1974264.7784
1563855300000,2019-07-23T04:15:00+00:00,10233.5,10254.5,10209.5,10210.5,178.8331,1831093.70575
1563856200000,2019-07-23T04:30:00+00:00,10210.5,10243.5,10204,10225.5,192.2736,1966311.83585
1563857100000,2019-07-23T04:45:00+00:00,10225.5,10251,10225.5,10235.5,151.0802,1547042.0107
1563858000000,2019-07-23T05:00:00+00:00,10235.5,10253,10235.5,10237.5,155.7657,1595230.0319
1563858900000,2019-07-23T05:15:00+00:00,10237.5,10238.5,10180.5,10186.5,208.3121,2126467.4092
1563859800000,2019-07-23T05:30:00+00:00,10186.5,10213.5,10137,10140.5,208.8593,2124400.38665
1563860700000,2019-07-23T05:45:00+00:00,10140.5,10177.5,10120,10158.5,185.7842,1886524.74215
1563861600000,2019-07-23T06:00:00+00:00,10158.5,10196.5,10144,10146,132.4157,1346876.175
1563862500000,2019-07-23T06:15:00+00:00,10146,10149,10038.5,10078.5,255.1469,2576510.00745
1563863400000,2019-07-23T06:30:00+00:00,10078.5,10096.5,9921,10051,432.7845,4342439.6716
1563864300000,2019-07-23T06:45:00+00:00,10051,10060,9982,10043.5,213.193,2135435.04065
1563865200000,2019-07-23T07:00:00+00:00,10043.5,10226,10018.5,10126,308.9371,3126172.80735
1563866100000,2019-07-23T07:15:00+00:00,10126,10128.5,10033.5,10050.5,177.3505,1790506.907
1563867000000,2019-07-23T07:30:00+00:00,10050.5,10069,10000.5,10025,224.3258,2250840.77955
1563867900000,2019-07-23T07:45:00+00:00,10025,10080,10016,10040.5,155.7608,1565730.6099
1563868800000,2019-07-23T08:00:00+00:00,10040.5,10098.5,10030.5,10085.5,153.7178,1546974.46295
1563869700000,2019-07-23T08:15:00+00:00,10085.5,10098.5,10009,10016,144.4683,1453758.72665
1563870600000,2019-07-23T08:30:00+00:00,10016,10039.5,9970.5,9985,256.2556,2563487.0316
1563871500000,2019-07-23T08:45:00+00:00,9985,10019,9900,9960.5,380.9725,3796847.5843
1563872400000,2019-07-23T09:00:00+00:00,9960.5,9991.5,9921.5,9942,276.4664,2754201.3439
1563873300000,2019-07-23T09:15:00+00:00,9942,9998,9923.5,9987,190.7192,1900880.11145
1563874200000,2019-07-23T09:30:00+00:00,9987,10020,9970.5,10014,185.2483,1850292.52185
1563875100000,2019-07-23T09:45:00+00:00,10014,10014,9977.5,9989.5,160.7681,1606078.93325
1563876000000,2019-07-23T10:00:00+00:00,9989.5,10039,9989,9990.5,207.0017,2071396.27
1563876900000,2019-07-23T10:15:00+00:00,9990.5,9994,9964.5,9982,174.4655,1740859.7523
1563877800000,2019-07-23T10:30:00+00:00,9982,9982,9930,9930.5,206.938,2058869.5107
1563878700000,2019-07-23T10:45:00+00:00,9930.5,10025,9901,10008,292.8722,2915912.5244
1563879600000,2019-07-23T11:00:00+00:00,10008,10068,9999,10030.5,285.8093,2867797.4361
1563880500000,2019-07-23T11:15:00+00:00,10030.5,10054,10012.5,10012.5,155.7265,1562711.5981
1563881400000,2019-07-23T11:30:00+00:00,10012.5,10047.5,10010.5,10046.5,180.1773,1806881.92865
1563882300000,2019-07-23T11:45:00+00:00,10046.5,10050,10012.5,10030,153.3796,1538417.6905
1563883200000,2019-07-23T12:00:00+00:00,10030,10050,9994.5,9995.5,166.772,1670978.8376
1563884100000,2019-07-23T12:15:00+00:00,9995.5,10017.5,9960,9987,374.6851,3738944.44525
1563885000000,2019-07-23T12:30:00+00:00,9987,10001.5,9973.5,9999,156.4172,1561848.50775
1563885900000,2019-07-23T12:45:00+00:00,9999,10011,9984.5,9990.5,179.8409,1798535.9794
1563886800000,2019-07-23T13:00:00+00:00,9990.5,10008,9942.5,9968,265.3991,2646384.2194
1563887700000,2019-07-23T13:15:00+00:00,9968,9971,9912,9919,319.0492,3170511.03925
1563888600000,2019-07-23T13:30:00+00:00,9919,9942.5,9875.5,9910.5,376.2545,3729167.70105
1563889500000,2019-07-23T13:45:00+00:00,9910.5,9984,9910,9962,221.4955,2203392.28695
1563890400000,2019-07-23T14:00:00+00:00,9962,9962,9910.5,9912.5,163.874,1627974.11045
1563891300000,2019-07-23T14:15:00+00:00,9912.5,9980,9893,9968.5,279.3367,2778970.3852
1563892200000,2019-07-23T14:30:00+00:00,9968.5,10014,9965.5,9986.5,232.3372,2320267.11385
1563893100000,2019-07-23T14:45:00+00:00,9986.5,9996,9965.5,9985,173.9396,1735619.42695
1563894000000,2019-07-23T15:00:00+00:00,9985,10063.5,9968.5,9994.5,352.093,3528130.88495
1563894900000,2019-07-23T15:15:00+00:00,9994.5,10008,9954.5,9959.5,171.4296,1711027.013
1563895800000,2019-07-23T15:30:00+00:00,9959.5,9990,9950.5,9958.5,153.3976,1529532.6985
1563896700000,2019-07-23T15:45:00+00:00,9958.5,9977.5,9926.5,9932,185.775,1848813.7361
1563897600000,2019-07-23T16:00:00+00:00,9932,9978,9904.5,9957,245.3445,2437206.8667
1563898500000,2019-07-23T16:15:00+00:00,9957,9966.5,9915,9934,184.84,1838344.2811
1563899400000,2019-07-23T16:30:00+00:00,9934,10006,9912.5,9984.5,214.1637,2132292.50945
1563900300000,2019-07-23T16:45:00+00:00,9984.5,10018.5,9960.5,9989,206.6424,2063509.65115
1563901200000,2019-07-23T17:00:00+00:00,9989,10025,9987.5,10009,242.5257,2427203.29925
1563902100000,2019-07-23T17:15:00+00:00,10009,10014,9976,9981.5,180.1811,1800942.9834
1563903000000,2019-07-23T17:30:00+00:00,9981.5,9993.5,9965,9977,206.2452,2057919.41915
1563903900000,2019-07-23T17:45:00+00:00,9977,10011,9977,10010,161.4155,1613798.98485
1563904800000,2019-07-23T18:00:00+00:00,10010,10108,10002.5,10093.5,221.0704,2220103.06835
1563905700000,2019-07-23T18:15:00+00:00,10093.5,10117,10058.5,10113,318.5948,3214795.0355
1563906600000,2019-07-23T18:30:00+00:00,10113,10167.5,10087,10108.5,266.7235,2701023.4772
1563907500000,2019-07-23T18:45:00+00:00,10108.5,10108.5,10079,10094.5,170.9314,1724887.2542
1563908400000,2019-07-23T19:00:00+00:00,10094.5,10142,10083.5,10092.5,271.9047,2749536.85955
1563909300000,2019-07-23T19:15:00+00:00,10092.5,10105,10078.5,10105,182.9806,1846300.89945
1563910200000,2019-07-23T19:30:00+00:00,10105,10153.5,10105,10144,183.6444,1860430.90985
1563911100000,2019-07-23T19:45:00+00:00,10144,10149.5,10132.5,10142,164.0776,1663827.82125
1563912000000,2019-07-23T20:00:00+00:00,10142,10222,10142,10188.5,211.2612,2152406.6285
1563912900000,2019-07-23T20:15:00+00:00,10188.5,10215.5,10172,10180,177.8667,1813304.0711
1563913800000,2019-07-23T20:30:00+00:00,10180,10193.5,10165.5,10181,161.9366,1647863.06795
1563914700000,2019-07-23T20:45:00+00:00,10181,10196.5,10134.5,10135.5,153.2382,1557956.1737
1563915600000,2019-07-23T21:00:00+00:00,10135.5,10140,10098.5,10125,153.288,1550789.61305
1563916500000,2019-07-23T21:15:00+00:00,10125,10141,10124,10125.5,134.4011,1361725.2633
1563917400000,2019-07-23T21:30:00+00:00,10125.5,10125.5,10086.5,10096.5,155.3368,1568723.19105
1563918300000,2019-07-23T21:45:00+00:00,10096.5,10129,10089,10123,134.2657,1356474.9345
1563919200000,2019-07-23T22:00:00+00:00,10123,10143,10097,10102,156.5715,1583980.1562
1563920100000,2019-07-23T22:15:00+00:00,10102,10141,10102,10124,139.2722,1410074.744
1563921000000,2019-07-23T22:30:00+00:00,10124,10132,10053.5,10072,171.7056,1733069.2141
1563921900000,2019-07-23T22:45:00+00:00,10072,10082,10017,10030,229.1281,2304830.62815
1563922800000,2019-07-23T23:00:00+00:00,10030,10030,9944.5,9951,391.1146,3904454.14145
1563923700000,2019-07-23T23:15:00+00:00,9951,9976,9835.5,9866,407.0791,4031510.90425
1563924600000,2019-07-23T23:30:00+00:00,9866,9894.5,9835.5,9877,233.9394,2308126.3936
1563925500000,2019-07-23T23:45:00+00:00,9877,9913.5,9828.5,9861,273.8146,2704125.64855
1563926400000,2019-07-24T00:00:00+00:00,9861,9871.5,9667,9678,548.2011,5338679.5092
1563927300000,2019-07-24T00:15:00+00:00,9678,9740.5,9631,9738,313.7804,3043088.4866
1563928200000,2019-07-24T00:30:00+00:00,9738,9741,9683.5,9726,181.935,1767055.0746
1563929100000,2019-07-24T00:45:00+00:00,9726,9736,9690,9690.5,164.657,1599239.80005
1563930000000,2019-07-24T01:00:00+00:00,9690.5,9735.5,9687,9714,187.0085,1817399.59435
1563930900000,2019-07-24T01:15:00+00:00,9714,9720,9684.5,9700,153.9473,1493834.99745
1563931800000,2019-07-24T01:30:00+00:00,9700,9725,9690.5,9708.5,147.574,1432725.6805
1563932700000,2019-07-24T01:45:00+00:00,9708.5,9723,9700.5,9704,146.3206,1420789.1795
1563933600000,2019-07-24T02:00:00+00:00,9704,9704,9616.5,9655.5,246.3321,2379811.9714
1563934500000,2019-07-24T02:15:00+00:00,9655.5,9680,9630.5,9663.5,207.2505,2000720.2929
1563935400000,2019-07-24T02:30:00+00:00,9663.5,9695,9662.5,9692.5,161.9437,1568074.9225
1563936300000,2019-07-24T02:45:00+00:00,9692.5,9724.5,9691.5,9706,183.6311,1781906.21935
1563937200000,2019-07-24T03:00:00+00:00,9706,9706,9677.5,9682,147.5307,1429074.7038
1563938100000,2019-07-24T03:15:00+00:00,9682,9692,9665,9689.5,150.2638,1454493.1474
1563939000000,2019-07-24T03:30:00+00:00,9689.5,9698.5,9670.5,9675,137.286,1329003.19835
1563939900000,2019-07-24T03:45:00+00:00,9675,9677,9630.5,9648.5,169.0026,1632039.8325
1563940800000,2019-07-24T04:00:00+00:00,9648.5,9670.5,9605.5,9644,187.7655,1810246.03735
1563941700000,2019-07-24T04:15:00+00:00,9644,9657.5,9588.5,9612,202.8343,1951922.29945
1563942600000,2019-07-24T04:30:00+00:00,9612,9629.5,9598.5,9618,170.921,1642685.9259
1563943500000,2019-07-24T04:45:00+00:00,9618,9667.5,9618,9650,183.1582,1765816.5601
1563944400000,2019-07-24T05:00:00+00:00,9650,9657,9633.5,9650.5,170.9996,1649062.7851
1563945300000,2019-07-24T05:15:00+00:00,9650.5,9685,9634.5,9671,199.7724,1931019.0686
1563946200000,2019-07-24T05:30:00+00:00,9671,9692,9655,9678.5,168.3025,1628388.2481
1563947100000,2019-07-24T05:45:00+00:00,9678.5,9764,9678,9707,338.6569,3292357.99505
1563948000000,2019-07-24T06:00:00+00:00,9707,9749.5,9700,9749.5,148.1995,1441309.69365
1563948900000,2019-07-24T06:15:00+00:00,9749.5,9772,9720.5,9720.5,303.4221,2955757.74295
1563949800000,2019-07-24T06:30:00+00:00,9720.5,9725.5,9675,9685,206.0203,1999855.1057
1563950700000,2019-07-24T06:45:00+00:00,9685,9709.5,9683.5,9697,188.3434,1826131.3809
1563951600000,2019-07-24T07:00:00+00:00,9697,9730,9697,9710.5,162.3642,1577439.71615
1563952500000,2019-07-24T07:15:00+00:00,9710.5,9711,9684,9686,183.2362,1776222.93495
1563953400000,2019-07-24T07:30:00+00:00,9686,9687,9662,9687,190.6524,1844946.7994
1563954300000,2019-07-24T07:45:00+00:00,9687,9711,9682.5,9709,177.6916,1723857.74325
1563955200000,2019-07-24T08:00:00+00:00,9709,9739.5,9698.5,9733.5,264.5324,2570827.99585
1563956100000,2019-07-24T08:15:00+00:00,9733.5,9793,9729,9767.5,327.8258,3197809.85825
1563957000000,2019-07-24T08:30:00+00:00,9767.5,9777,9734.5,9749.5,162.8168,1587982.98775
1563957900000,2019-07-24T08:45:00+00:00,9749.5,9769,9739.5,9755,150.0027,1462540.0572
1563958800000,2019-07-24T09:00:00+00:00,9755,9780,9728.5,9729,410.6864,4008963.80885
1563959700000,2019-07-24T09:15:00+00:00,9729,9752.5,9720.5,9744,236.6071,2303696.2271
1563960600000,2019-07-24T09:30:00+00:00,9744,9750.5,9734.5,9736,219.581,2138999.8074
1563961500000,2019-07-24T09:45:00+00:00,9736,9776,9736,9762.5,308.1412,3006011.0397
1563962400000,2019-07-24T10:00:00+00:00,9762.5,9774.5,9747,9749.5,209.4365,2043056.6602
1563963300000,2019-07-24T10:15:00+00:00,9749.5,9775,9749.5,9754.5,211.776,2066800.87135
1563964200000,2019-07-24T10:30:00+00:00,9754.5,9755,9690.5,9691.5,432.5902,4202289.64085
1563965100000,2019-07-24T10:45:00+00:00,9691.5,9712.5,9665,9700,328.9895,3187529.78605
1563966000000,2019-07-24T11:00:00+00:00,9700,9702.5,9628,9637.5,318.7945,3076337.76855
1563966900000,2019-07-24T11:15:00+00:00,9637.5,9751.5,9631,9729,274.8269,2666629.32725
1563967800000,2019-07-24T11:30:00+00:00,9729,9729,9682,9695,209.4814,2033289.53905
1563968700000,2019-07-24T11:45:00+00:00,9695,9727.5,9685,9715,150.3624,1459808.3547
1563969600000,2019-07-24T12:00:00+00:00,9715,9752.5,9710.5,9710.5,186.6849,1816879.45615
1563970500000,2019-07-24T12:15:00+00:00,9710.5,9744,9710.5,9716.5,137.3836,1335992.55745
1563971400000,2019-07-24T12:30:00+00:00,9716.5,9750,9692,9742.5,145.8605,1418763.84775
1563972300000,2019-07-24T12:45:00+00:00,9742.5,9780,9726,9749.5,222.9618,2175126.3377
1563973200000,2019-07-24T13:00:00+00:00,9749.5,9796,9731,9742,361.8614,3532208.5676
1563974100000,2019-07-24T13:15:00+00:00,9742,9746,9710.5,9727.5,188.8475,1836541.52125
1563975000000,2019-07-24T13:30:00+00:00,9727.5,9733,9680.5,9681,241.5444,2343517.87455
1563975900000,2019-07-24T13:45:00+00:00,9681,9718,9681,9710,184.629,1791011.1535
1563976800000,2019-07-24T14:00:00+00:00,9710,9710,9680,9690,222.8086,2159969.6284
1563977700000,2019-07-24T14:15:00+00:00,9690,9834.5,9681.5,9815.5,484.0764,4735373.4293
1563978600000,2019-07-24T14:30:00+00:00,9815.5,9890.5,9815.5,9852.5,345.6354,3407968.73125
1563979500000,2019-07-24T14:45:00+00:00,9852.5,9867.5,9829.5,9867.5,209.8147,2066625.28305
1563980400000,2019-07-24T15:00:00+00:00,9867.5,10151,9859,9912,256.7117,2541050.50635
1563981300000,2019-07-24T15:15:00+00:00,9912,9918.5,9872.5,9899.5,173.794,1719245.873
1563982200000,2019-07-24T15:30:00+00:00,9899.5,9900,9869,9884.5,150.7556,1489784.88025
1563983100000,2019-07-24T15:45:00+00:00,9884.5,9926.5,9880,9909.5,171.5574,1698431.92935
1563984000000,2019-07-24T16:00:00+00:00,9909.5,9927,9800,9800.5,285.9295,2818201.87025
1563984900000,2019-07-24T16:15:00+00:00,9800.5,9800.5,9531,9617.5,1016.3021,9806594.3887
1563985800000,2019-07-24T16:30:00+00:00,9617.5,9619.5,9550.5,9572.5,389.7941,3734204.09335
1563986700000,2019-07-24T16:45:00+00:00,9572.5,9619,9572.5,9585.5,220.516,2116728.14135
1563987600000,2019-07-24T17:00:00+00:00,9585.5,9664,9560.5,9643,280.3423,2694711.396
1563988500000,2019-07-24T17:15:00+00:00,9643,9646,9600.5,9635,204.414,1967538.6048
1563989400000,2019-07-24T17:30:00+00:00,9635,9646.5,9600.5,9600.5,172.3737,1659245.738
1563990300000,2019-07-24T17:45:00+00:00,9600.5,9639,9600.5,9614.5,144.2169,1388205.53665
1563991200000,2019-07-24T18:00:00+00:00,9614.5,9682,9610.5,9649,203.3889,1962862.83665
1563992100000,2019-07-24T18:15:00+00:00,9649,9663.5,9636.5,9649.5,137.8956,1330399.68465
1563993000000,2019-07-24T18:30:00+00:00,9649.5,9661,9627.5,9629,172.1394,1659548.01095
1563993900000,2019-07-24T18:45:00+00:00,9629,9651,9621,9640,155.2602,1495706.07
1563994800000,2019-07-24T19:00:00+00:00,9640,9700,9573.5,9667,243.2916,2345183.0643
1563995700000,2019-07-24T19:15:00+00:00,9667,9697,9656,9673,292.0757,2828284.00985
1563996600000,2019-07-24T19:30:00+00:00,9673,9695.5,9670,9670,140.0898,1355873.7661
1563997500000,2019-07-24T19:45:00+00:00,9670,9686,9638,9647,136.6385,1321266.2687
1563998400000,2019-07-24T20:00:00+00:00,9647,9720.5,9625.5,9635,241.0394,2331665.3451
1563999300000,2019-07-24T20:15:00+00:00,9635,9644,9597.5,9624,188.8476,1817062.01415
1564000200000,2019-07-24T20:30:00+00:00,9624,9644,9604,9608,174.4093,1678669.7649
1564001100000,2019-07-24T20:45:00+00:00,9608,9700.5,9570.5,9670.5,239.6092,2308682.86155
1564002000000,2019-07-24T21:00:00+00:00,9670.5,9721,9659.5,9698.5,229.4903,2226121.47695
1564002900000,2019-07-24T21:15:00+00:00,9698.5,9726,9659,9670,157.9602,1530642.69525
1564003800000,2019-07-24T21:30:00+00:00,9670,9736,9670,9729,229.2681,2225524.6419
1564004700000,2019-07-24T21:45:00+00:00,9729,9861,9729,9777.5,325.5661,3185542.21485
1564005600000,2019-07-24T22:00:00+00:00,9777.5,9807.5,9740.5,9781,199.6834,1952603.1516
1564006500000,2019-07-24T22:15:00+00:00,9781,9834.5,9762.5,9772,189.548,1857145.43075
1564007400000,2019-07-24T22:30:00+00:00,9772,9810,9739,9775,192.472,1880669.2637
1564008300000,2019-07-24T22:45:00+00:00,9775,9787,9759,9759,142.4929,1392290.05625
1564009200000,2019-07-24T23:00:00+00:00,9759,9779.5,9753.5,9777,144.7649,1413698.6766
1564010100000,2019-07-24T23:15:00+00:00,9777,9785.5,9755,9785.5,150.0012,1464804.64255
1564011000000,2019-07-24T23:30:00+00:00,9785.5,9830,9761,9819.5,175.4786,1718183.34445
1564011900000,2019-07-24T23:45:00+00:00,9819.5,9837,9761,9761.5,148.3612,1453599.40065
1564012800000,2019-07-25T00:00:00+00:00,9761.5,9765.5,9728.5,9741.5,200.2318,1951587.3388
1564013700000,2019-07-25T00:15:00+00:00,9741.5,9806.5,9730.5,9806.5,200.0638,1952898.52205
1564014600000,2019-07-25T00:30:00+00:00,9806.5,10094,9799.5,10091,513.9578,5117790.04145
1564015500000,2019-07-25T00:45:00+00:00,10091,10146.5,10071,10101,392.2542,3965478.9588
1564016400000,2019-07-25T01:00:00+00:00,10101,10138,10090.5,10134.5,207.7066,2100571.34155
1564017300000,2019-07-25T01:15:00+00:00,10134.5,10178.5,10096,10096,296.4172,3001674.338
1564018200000,2019-07-25T01:30:00+00:00,10096,10116,10080,10087.5,226.4067,2284941.346
1564019100000,2019-07-25T01:45:00+00:00,10087.5,10088,10060,10068.5,227.4754,2291267.4659
1564020000000,2019-07-25T02:00:00+00:00,10068.5,10073,10030,10046.5,216.7972,2178881.2011
1564020900000,2019-07-25T02:15:00+00:00,10046.5,10090,10046.5,10076,198.9527,2004067.2639
1564021800000,2019-07-25T02:30:00+00:00,10076,10107.5,10065.5,10066.5,177.7057,1792313.4132
1564022700000,2019-07-25T02:45:00+00:00,10066.5,10073.5,10048,10061,168.0957,1690814.3096
1564023600000,2019-07-25T03:00:00+00:00,10061,10091.5,10051.5,10060.5,176.5048,1776930.45445
1564024500000,2019-07-25T03:15:00+00:00,10060.5,10080,10053,10062,195.7566,1970738.9853
1564025400000,2019-07-25T03:30:00+00:00,10062,10080,10062,10074.5,193.1384,1945121.42695
1564026300000,2019-07-25T03:45:00+00:00,10074.5,10105.5,10072.5,10088,302.6386,3053851.4782
1564027200000,2019-07-25T04:00:00+00:00,10088,10102,10068.5,10070.5,202.7579,2045559.39185
1564028100000,2019-07-25T04:15:00+00:00,10070.5,10091,10067,10073,196.9055,1983368.9633
1564029000000,2019-07-25T04:30:00+00:00,10073,10073,10053.5,10058.5,229.1785,2305816.23765
1564029900000,2019-07-25T04:45:00+00:00,10058.5,10069.5,10020.5,10039,243.2381,2443387.4987
1564030800000,2019-07-25T05:00:00+00:00,10039,10051.5,10018,10044.5,205.2295,2059611.79945
1564031700000,2019-07-25T05:15:00+00:00,10044.5,10059,10030.5,10040.5,193.1193,1940197.3995
1564032600000,2019-07-25T05:30:00+00:00,10040.5,10051,10023,10044,189.9045,1906053.95715
1564033500000,2019-07-25T05:45:00+00:00,10044,10063,10044,10050,199.9144,2010063.8734
1564034400000,2019-07-25T06:00:00+00:00,10050,10054,10025,10027,318.7093,3197820.65575
1564035300000,2019-07-25T06:15:00+00:00,10027,10048.5,10027,10039,209.3236,2101088.32905
1564036200000,2019-07-25T06:30:00+00:00,10039,10051.5,10026.5,10048,313.2886,3144683.56145
1564037100000,2019-07-25T06:45:00+00:00,10048,10079,10047,10064.5,237.7923,2393584.6982
1564038000000,2019-07-25T07:00:00+00:00,10064.5,10073,10033,10056.5,197.592,1986687.02275
1564038900000,2019-07-25T07:15:00+00:00,10056.5,10074.5,10054.5,10074,174.0727,1752300.247
1564039800000,2019-07-25T07:30:00+00:00,10074,10087.5,10050.5,10050.5,177.3381,1785685.63565
1564040700000,2019-07-25T07:45:00+00:00,10050.5,10060,10040.5,10045,176.4542,1773527.27615
1564041600000,2019-07-25T08:00:00+00:00,10045,10075,10041.5,10064.5,158.8837,1598349.828
1564042500000,2019-07-25T08:15:00+00:00,10064.5,10070,10050.5,10067.5,161.3748,1623921.59755
1564043400000,2019-07-25T08:30:00+00:00,10067.5,10089,10065.5,10086,177.575,1789270.4756
1564044300000,2019-07-25T08:45:00+00:00,10086,10100,10070,10071,166.5095,1678475.89015
1564045200000,2019-07-25T09:00:00+00:00,10071,10130,10065.5,10081.5,231.7153,2338456.66405
1564046100000,2019-07-25T09:15:00+00:00,10081.5,10085,10045,10055,202.2037,2036040.65215
1564047000000,2019-07-25T09:30:00+00:00,10055,10076,10055,10065,148.6011,1495624.5783
1564047900000,2019-07-25T09:45:00+00:00,10065,10073,10047,10058.5,147.2274,1481194.9081
1564048800000,2019-07-25T10:00:00+00:00,10058.5,10064,10043.5,10048,160.8036,1616190.28595
1564049700000,2019-07-25T10:15:00+00:00,10048,10050,10033.5,10041,180.2179,1809613.39665
1564050600000,2019-07-25T10:30:00+00:00,10041,10086.5,10041,10085,171.2955,1723514.46045
1564051500000,2019-07-25T10:45:00+00:00,10085,10090,10050.5,10067,193.6882,1949796.5943
1564052400000,2019-07-25T11:00:00+00:00,10067,10072,10050,10061,170.7695,1717481.23885
1564053300000,2019-07-25T11:15:00+00:00,10061,10063.5,10050,10058,167.2122,1681331.1582
1564054200000,2019-07-25T11:30:00+00:00,10058,10072.5,10055,10072.5,172.7169,1738095.23975
1564055100000,2019-07-25T11:45:00+00:00,10072.5,10073.5,10063.5,10063.5,171.3424,1724857.73095
1564056000000,2019-07-25T12:00:00+00:00,10063.5,10107,10063.5,10104,213.6504,2154566.28865
1564056900000,2019-07-25T12:15:00+00:00,10104,10146,10089,10100.5,366.4326,3707712.7939
1564057800000,2019-07-25T12:30:00+00:00,10100.5,10131.5,10091,10104.5,155.7328,1574678.5745
1564058700000,2019-07-25T12:45:00+00:00,10104.5,10152,10104.5,10123.5,200.7211,2031690.43555
1564059600000,2019-07-25T13:00:00+00:00,10123.5,10126.5,9908.5,9962.5,599.8472,6000183.9317
1564060500000,2019-07-25T13:15:00+00:00,9962.5,10031,9944.5,10015.5,270.0345,2699574.1833
1564061400000,2019-07-25T13:30:00+00:00,10015.5,10016,9935.5,9942.5,361.9334,3606861.25785
1564062300000,2019-07-25T13:45:00+00:00,9942.5,9977.5,9942.5,9956.5,200.4883,1996927.8373
1564063200000,2019-07-25T14:00:00+00:00,9956.5,9981.5,9942.5,9972,193.1194,1925304.27895
1564064100000,2019-07-25T14:15:00+00:00,9972,10004.5,9972,9980,204.943,2046595.3674
1564065000000,2019-07-25T14:30:00+00:00,9980,9993,9971.5,9982,182.8379,1824528.0034
1564065900000,2019-07-25T14:45:00+00:00,9982,9998,9960.5,9969.5,191.2695,1908232.17675
1564066800000,2019-07-25T15:00:00+00:00,9969.5,10001.5,9965.5,9983.5,164.703,1643652.11735
1564067700000,2019-07-25T15:15:00+00:00,9983.5,9998.5,9976,9994.5,149.8437,1496672.92635
1564068600000,2019-07-25T15:30:00+00:00,9994.5,9998.5,9971,9975,141.7995,1415868.22575
1564069500000,2019-07-25T15:45:00+00:00,9975,9991,9962.5,9987.5,156.8341,1564502.53535
1564070400000,2019-07-25T16:00:00+00:00,9987.5,10067,9935.5,9960.5,382.1485,3826394.14015
1564071300000,2019-07-25T16:15:00+00:00,9960.5,9980.5,9934,9960.5,179.4077,1786437.6956
1564072200000,2019-07-25T16:30:00+00:00,9960.5,10009.5,9960.5,9996.5,158.5162,1581893.81185
1564073100000,2019-07-25T16:45:00+00:00,9996.5,10010.5,9974.5,9981,177.2086,1770690.12275
1564074000000,2019-07-25T17:00:00+00:00,9981,9998,9975,9990,188.8484,1886523.40375
1564074900000,2019-07-25T17:15:00+00:00,9990,10008,9979,9996,180.4955,1804071.40495
1564075800000,2019-07-25T17:30:00+00:00,9996,10010,9993.5,9999.5,183.7294,1837482.3444
1564076700000,2019-07-25T17:45:00+00:00,9999.5,10001.5,9979,9987.5,159.9067,1597260.34045
1564077600000,2019-07-25T18:00:00+00:00,9987.5,9998.5,9980.5,9996,139.8668,1397506.8728
1564078500000,2019-07-25T18:15:00+00:00,9996,10002.5,9982.5,9995.5,145.4614,1453684.333
1564079400000,2019-07-25T18:30:00+00:00,9995.5,10004.5,9988.5,9989.5,144.6333,1445846.5106
1564080300000,2019-07-25T18:45:00+00:00,9989.5,9997.5,9969.5,9987,145.2312,1449409.3263
1564081200000,2019-07-25T19:00:00+00:00,9987,9987,9923.5,9943.5,188.4436,1875552.5391
1564082100000,2019-07-25T19:15:00+00:00,9943.5,9991.5,9939,9985,192.0949,1915261.43245
1564083000000,2019-07-25T19:30:00+00:00,9985,9985,9948.5,9957,144.4255,1438489.4786
1564083900000,2019-07-25T19:45:00+00:00,9957,9960.5,9800.5,9856,319.8731,3159853.59565
1564084800000,2019-07-25T20:00:00+00:00,9856,9859,9800.5,9836.5,283.912,2792151.2645
1564085700000,2019-07-25T20:15:00+00:00,9836.5,9856,9832.5,9856,172.37,1696994.40595
1564086600000,2019-07-25T20:30:00+00:00,9856,9892.5,9841.5,9878,177.0158,1747316.37995
1564087500000,2019-07-25T20:45:00+00:00,9878,9878,9846,9873,164.7694,1624920.7285
1564088400000,2019-07-25T21:00:00+00:00,9873,9890.5,9866,9885,145.7026,1439257.5382
1564089300000,2019-07-25T21:15:00+00:00,9885,9885,9845,9845.5,149.5728,1474055.135
1564090200000,2019-07-25T21:30:00+00:00,9845.5,9888.5,9810,9874.5,224.6626,2213225.63725
1564091100000,2019-07-25T21:45:00+00:00,9874.5,9896.5,9874.5,9882,192.0185,1897957.9068
1564092000000,2019-07-25T22:00:00+00:00,9882,9941.5,9856,9924,372.0065,3683007.2288
1564092900000,2019-07-25T22:15:00+00:00,9924,9940.5,9899,9927,212.0927,2103703.45935
1564093800000,2019-07-25T22:30:00+00:00,9927,9927,9904,9914,210.5222,2086752.27265
1564094700000,2019-07-25T22:45:00+00:00,9914,9914,9858.5,9902,238.2629,2356101.57965
1564095600000,2019-07-25T23:00:00+00:00,9902,9931,9891,9925.5,219.3278,2173712.41395
1564096500000,2019-07-25T23:15:00+00:00,9925.5,9927.5,9885,9894,231.3601,2291430.0037
1564097400000,2019-07-25T23:30:00+00:00,9894,9924.5,9886,9921.5,229.6529,2274098.30845
1564098300000,2019-07-25T23:45:00+00:00,9921.5,9923.5,9865.5,9876.5,208.566,2061654.67925
1564099200000,2019-07-26T00:00:00+00:00,9876.5,9877.5,9803.5,9834.5,279.2287,2748707.4433
1564100100000,2019-07-26T00:15:00+00:00,9834.5,9838,9678.5,9687,503.671,4898641.45505
1564101000000,2019-07-26T00:30:00+00:00,9687,9754.5,9660,9711,311.2317,3021905.528
1564101900000,2019-07-26T00:45:00+00:00,9711,9729.5,9685,9724,167.2429,1623806.0327
1564102800000,2019-07-26T01:00:00+00:00,9724,9730,9690.5,9705,166.6553,1618263.65975
1564103700000,2019-07-26T01:15:00+00:00,9705,9708.5,9650,9693,184.6538,1787953.90155
1564104600000,2019-07-26T01:30:00+00:00,9693,9709.5,9687.5,9690.5,165.1011,1600909.37295
1564105500000,2019-07-26T01:45:00+00:00,9690.5,9705,9684,9697,189.7636,1840026.0813
1564106400000,2019-07-26T02:00:00+00:00,9697,9703.5,9681,9703,190.947,1851392.3913
1564107300000,2019-07-26T02:15:00+00:00,9703,9703,9673,9682.5,201.8152,1954833.70045
1564108200000,2019-07-26T02:30:00+00:00,9682.5,9699,9670.5,9693,196.2488,1901138.3489
1564109100000,2019-07-26T02:45:00+00:00,9693,9702,9684,9687,187.1661,1814392.30145
1564110000000,2019-07-26T03:00:00+00:00,9687,9696.5,9672,9687,194.4059,1882332.02105
1564110900000,2019-07-26T03:15:00+00:00,9687,9693,9671.5,9675,187.2265,1813099.55425
1564111800000,2019-07-26T03:30:00+00:00,9675,9701.5,9637,9701.5,282.6899,2735465.4027
1564112700000,2019-07-26T03:45:00+00:00,9701.5,9750,9700,9700.5,364.2151,3537594.7894
1564113600000,2019-07-26T04:00:00+00:00,9700.5,9716.5,9684.5,9709,208.6571,2024669.612
1564114500000,2019-07-26T04:15:00+00:00,9709,9721.5,9701.5,9705.5,234.4763,2277031.04415
1564115400000,2019-07-26T04:30:00+00:00,9705.5,9723,9705.5,9716,241.6777,2347564.3372
1564116300000,2019-07-26T04:45:00+00:00,9716,9734.5,9711,9733.5,203.4473,1977561.25395
1564117200000,2019-07-26T05:00:00+00:00,9733.5,9734.5,9705,9712,156.6166,1521779.06375
1564118100000,2019-07-26T05:15:00+00:00,9712,9724,9710.5,9718.5,152.7385,1483976.546
1564119000000,2019-07-26T05:30:00+00:00,9718.5,9729.5,9718.5,9725.5,153.4901,1492426.76285
1564119900000,2019-07-26T05:45:00+00:00,9725.5,9726,9713,9719.5,178.6298,1736545.332
1564120800000,2019-07-26T06:00:00+00:00,9719.5,9722,9687,9702.5,209.7115,2035195.86925
1564121700000,2019-07-26T06:15:00+00:00,9702.5,9707,9680,9680,233.4397,2262864.84315
1564122600000,2019-07-26T06:30:00+00:00,9680,9725,9658.5,9714.5,349.5431,3389459.58535
1564123500000,2019-07-26T06:45:00+00:00,9714.5,9718.5,9690,9695.5,197.5639,1917192.7127
1564124400000,2019-07-26T07:00:00+00:00,9695.5,9718,9680.5,9713.5,196.6392,1906699.4048
1564125300000,2019-07-26T07:15:00+00:00,9713.5,9745,9699,9731,249.9701,2430807.072
1564126200000,2019-07-26T07:30:00+00:00,9731,9778,9728.5,9765.5,240.4165,2345036.1327
1564127100000,2019-07-26T07:45:00+00:00,9765.5,9787.5,9755,9759,248.2325,2425395.4792
1564128000000,2019-07-26T08:00:00+00:00,9759,9764.5,9745,9748.5,198.2251,1934245.01565
1564128900000,2019-07-26T08:15:00+00:00,9748.5,9768,9745.5,9755.5,192.5698,1879010.72085
1564129800000,2019-07-26T08:30:00+00:00,9755.5,9790,9749,9773.5,202.5977,1978893.44935
1564130700000,2019-07-26T08:45:00+00:00,9773.5,9799,9771.5,9787.5,359.3511,3516223.52055
1564131600000,2019-07-26T09:00:00+00:00,9787.5,9794,9778.5,9790.5,176.7211,1729468.6133
1564132500000,2019-07-26T09:15:00+00:00,9790.5,9791.5,9780,9782,178.9789,1751057.3571
1564133400000,2019-07-26T09:30:00+00:00,9782,9782,9760,9763,205.0813,2004365.05085
1564134300000,2019-07-26T09:45:00+00:00,9763,9798.5,9763,9791,193.2748,1890022.7281
1564135200000,2019-07-26T10:00:00+00:00,9791,9800,9743.5,9760.5,194.9911,1905230.65625
1564136100000,2019-07-26T10:15:00+00:00,9760.5,9781.5,9752.5,9773,160.4544,1566495.4357
1564137000000,2019-07-26T10:30:00+00:00,9773,9777.5,9747,9769,144.1069,1406944.29525
1564137900000,2019-07-26T10:45:00+00:00,9769,9774,9760.5,9762.5,135.8844,1327052.40015
1564138800000,2019-07-26T11:00:00+00:00,9762.5,9797,9762.5,9782,170.2917,1665115.9673
1564139700000,2019-07-26T11:15:00+00:00,9782,9788,9776.5,9780,153.3699,1500335.959
1564140600000,2019-07-26T11:30:00+00:00,9780,9817.5,9780,9794,223.0791,2185773.85165
1564141500000,2019-07-26T11:45:00+00:00,9794,9807.5,9785,9785.5,163.9616,1606344.66575
1564142400000,2019-07-26T12:00:00+00:00,9785.5,9788,9745,9763,196.1587,1915429.91815
1564143300000,2019-07-26T12:15:00+00:00,9763,9849,9759,9803.5,268.2412,2628411.8243
1564144200000,2019-07-26T12:30:00+00:00,9803.5,9837.5,9793,9809,181.8176,1784845.77125
1564145100000,2019-07-26T12:45:00+00:00,9809,9809.5,9764,9778.5,262.6061,2568099.5926
1564146000000,2019-07-26T13:00:00+00:00,9778.5,9794,9750,9758,245.8879,2403449.58565
1564146900000,2019-07-26T13:15:00+00:00,9758,9781,9728.5,9777,346.3679,3377874.9473
1564147800000,2019-07-26T13:30:00+00:00,9777,9789,9760.5,9771,187.1523,1828588.23965
1564148700000,2019-07-26T13:45:00+00:00,9771,9773.5,9741.5,9771.5,187.2009,1827354.6839
1564149600000,2019-07-26T14:00:00+00:00,9771.5,9789,9767.5,9778.5,183.4869,1793728.8778
1564150500000,2019-07-26T14:15:00+00:00,9778.5,9780.5,9735.5,9736.5,252.6925,2465172.4945
1564151400000,2019-07-26T14:30:00+00:00,9736.5,9758,9728,9735,327.7414,3191070.66685
1564152300000,2019-07-26T14:45:00+00:00,9735,9773,9708,9760,315.0192,3067112.8959
1564153200000,2019-07-26T15:00:00+00:00,9760,9781.5,9750,9768,215.1304,2100131.254
1564154100000,2019-07-26T15:15:00+00:00,9768,9788,9758.5,9758.5,211.8912,2070337.22675
1564155000000,2019-07-26T15:30:00+00:00,9758.5,9777,9745.5,9766,178.2951,1740410.96035
1564155900000,2019-07-26T15:45:00+00:00,9766,9795,9758,9788,232.1539,2269715.37855
1564156800000,2019-07-26T16:00:00+00:00,9788,9792.5,9760.5,9766.5,203.361,1987376.31405
1564157700000,2019-07-26T16:15:00+00:00,9766.5,9776,9753.5,9776,202.9271,1981780.78555
1564158600000,2019-07-26T16:30:00+00:00,9776,9886,9771,9829.5,522.5129,5132653.7376
1564159500000,2019-07-26T16:45:00+00:00,9829.5,9851,9791,9810,342.4958,3364567.3868
1564160400000,2019-07-26T17:00:00+00:00,9810,9827.5,9738.5,9769,317.8858,3106250.0006
1564161300000,2019-07-26T17:15:00+00:00,9769,9777,9754.5,9776,180.4933,1762477.73865
1564162200000,2019-07-26T17:30:00+00:00,9776,9781,9755.5,9776,159.1251,1554392.97145
1564163100000,2019-07-26T17:45:00+00:00,9776,9789,9771.5,9775.5,175.2305,1713619.12835
1564164000000,2019-07-26T18:00:00+00:00,9775.5,9792.5,9775.5,9789.5,182.3849,1784532.6011
1564164900000,2019-07-26T18:15:00+00:00,9789.5,9802,9780.5,9799,172.2016,1685821.32915
1564165800000,2019-07-26T18:30:00+00:00,9799,9805,9798.5,9799.5,189.0265,1852684.0239
1564166700000,2019-07-26T18:45:00+00:00,9799.5,9839.5,9794,9802,205.5621,2015648.6029
1564167600000,2019-07-26T19:00:00+00:00,9802,9844,9800.5,9824.5,179.6202,1764973.0489
1564168500000,2019-07-26T19:15:00+00:00,9824.5,9862.5,9807,9848.5,242.9988,2390407.49375
1564169400000,2019-07-26T19:30:00+00:00,9848.5,9850.5,9832,9837.5,179.4167,1765532.18595
1564170300000,2019-07-26T19:45:00+00:00,9837.5,9852.5,9819,9838.5,187.0209,1839382.76625
1564171200000,2019-07-26T20:00:00+00:00,9838.5,9847,9820.5,9837.5,131.8164,1296140.9685
1564172100000,2019-07-26T20:15:00+00:00,9837.5,9844,9828.5,9829,133.4244,1312070.02665
1564173000000,2019-07-26T20:30:00+00:00,9829,9861.5,9740.5,9839.5,248.678,2439326.646
1564173900000,2019-07-26T20:45:00+00:00,9839.5,9851.5,9805,9815,147.7275,1452717.72825
1564174800000,2019-07-26T21:00:00+00:00,9815,9834,9763.5,9790,206.5738,2025099.289
1564175700000,2019-07-26T21:15:00+00:00,9790,9794.5,9765.5,9788,164.5349,1609112.60635
1564176600000,2019-07-26T21:30:00+00:00,9788,9805,9773.5,9795.5,161.1752,1577489.7438
1564177500000,2019-07-26T21:45:00+00:00,9795.5,9818,9793,9810,149.2066,1463134.1306
1564178400000,2019-07-26T22:00:00+00:00,9810,9815.5,9795.5,9795.5,150.9092,1480576.2396
1564179300000,2019-07-26T22:15:00+00:00,9795.5,9802,9770,9778,154.2415,1509068.6972
1564180200000,2019-07-26T22:30:00+00:00,9778,9788.5,9772.5,9786,134.1468,1312309.8963
1564181100000,2019-07-26T22:45:00+00:00,9786,9799,9772,9772.5,138.6225,1356926.58185
1564182000000,2019-07-26T23:00:00+00:00,9772.5,9787.5,9772.5,9779.5,158.3824,1548883.8197
1564182900000,2019-07-26T23:15:00+00:00,9779.5,9800,9779.5,9791.5,155.7259,1523886.31525
1564183800000,2019-07-26T23:30:00+00:00,9791.5,9842,9791.5,9825.5,185.4095,1819009.3701
1564184700000,2019-07-26T23:45:00+00:00,9825.5,9839.5,9820,9820,174.9606,1719690.65755
1564185600000,2019-07-27T00:00:00+00:00,9820,10145,9804,10118.5,731.9854,7292859.8044
1564186500000,2019-07-27T00:15:00+00:00,10118.5,10147.5,10074.5,10100.5,432.0128,4368607.36405
1564187400000,2019-07-27T00:30:00+00:00,10100.5,10144.5,10100.5,10119.5,287.783,2912229.9065
1564188300000,2019-07-27T00:45:00+00:00,10119.5,10140,10110,10137.5,184.1637,1864733.91565
1564189200000,2019-07-27T01:00:00+00:00,10137.5,10177,10118.5,10120.5,318.3656,3226355.27945
1564190100000,2019-07-27T01:15:00+00:00,10120.5,10125.5,10100,10108.5,259.7417,2627802.6081
1564191000000,2019-07-27T01:30:00+00:00,10108.5,10110,10092.5,10105,159.6922,1612709.2165
1564191900000,2019-07-27T01:45:00+00:00,10105,10108,10090,10090,174.1632,1758586.6185
1564192800000,2019-07-27T02:00:00+00:00,10090,10091,10075,10076,477.8771,4818604.64695
1564193700000,2019-07-27T02:15:00+00:00,10076,10091.5,10076,10085,213.552,2153354.9725
1564194600000,2019-07-27T02:30:00+00:00,10085,10098.5,10085,10091,230.9096,2330125.80795
1564195500000,2019-07-27T02:45:00+00:00,10091,10108,10090.5,10103.5,209.5142,2115407.5226
1564196400000,2019-07-27T03:00:00+00:00,10103.5,10110,10098,10099,176.8659,1786697.9221
1564197300000,2019-07-27T03:15:00+00:00,10099,10110.5,10091.5,10110,184.5734,1864338.5525
1564198200000,2019-07-27T03:30:00+00:00,10110,10116,10094.5,10094.5,173.764,1755740.28695
1564199100000,2019-07-27T03:45:00+00:00,10094.5,10098.5,10094.5,10096.5,155.9441,1574319.87555
1564200000000,2019-07-27T04:00:00+00:00,10096.5,10112.5,10096.5,10106.5,155.2936,1569659.8591
1564200900000,2019-07-27T04:15:00+00:00,10106.5,10109,10082.5,10082.5,136.334,1377000.5967
1564201800000,2019-07-27T04:30:00+00:00,10082.5,10095,10080,10089,147.9942,1492583.97535
1564202700000,2019-07-27T04:45:00+00:00,10089,10112,10085.5,10101.5,169.3793,1710584.84625
1564203600000,2019-07-27T05:00:00+00:00,10101.5,10110,10085.5,10093,176.4943,1782235.00975
1564204500000,2019-07-27T05:15:00+00:00,10093,10093,10037.5,10075.5,231.7424,2332735.92115
1564205400000,2019-07-27T05:30:00+00:00,10075.5,10078.5,10052,10068,165.197,1662695.16015
1564206300000,2019-07-27T05:45:00+00:00,10068,10079,10050.5,10050.5,156.1886,1571396.0969
1564207200000,2019-07-27T06:00:00+00:00,10050.5,10073.5,10050,10071,151.7342,1526814.55115
1564208100000,2019-07-27T06:15:00+00:00,10071,10071,10052.5,10062.5,130.7562,1315544.78465
1564209000000,2019-07-27T06:30:00+00:00,10062.5,10070.5,10058,10063.5,116.3749,1170982.5413
1564209900000,2019-07-27T06:45:00+00:00,10063.5,10069,10047,10047,130.6968,1314691.7533
1564210800000,2019-07-27T07:00:00+00:00,10047,10057.5,10036.5,10047.5,141.9449,1425942.43085
1564211700000,2019-07-27T07:15:00+00:00,10047.5,10050.5,10026.5,10031.5,146.1138,1467136.6933
1564212600000,2019-07-27T07:30:00+00:00,10031.5,10059,10030,10055,119.7944,1202727.02655
1564213500000,2019-07-27T07:45:00+00:00,10055,10070,10046.5,10053.5,125.3927,1261746.09845
1564214400000,2019-07-27T08:00:00+00:00,10053.5,10064.5,10040.5,10053.5,127.4006,1280887.25335
1564215300000,2019-07-27T08:15:00+00:00,10053.5,10070,10051.5,10065,155.3599,1562756.24755
1564216200000,2019-07-27T08:30:00+00:00,10065,10080,10053.5,10060,165.0555,1662359.31315
1564217100000,2019-07-27T08:45:00+00:00,10060,10063.5,10051.5,10058,165.2922,1662701.96245
1564218000000,2019-07-27T09:00:00+00:00,10058,10065.5,10044.5,10047,166.5287,1674820.69265
1564218900000,2019-07-27T09:15:00+00:00,10047,10057.5,10047,10056.5,157.1074,1579629.73175
1564219800000,2019-07-27T09:30:00+00:00,10056.5,10067.5,10054.5,10064,121.5796,1223165.37145
1564220700000,2019-07-27T09:45:00+00:00,10064,10065,10045.5,10046,130.3348,1310354.55985
1564221600000,2019-07-27T10:00:00+00:00,10046,10064,10037.5,10042,127.345,1279931.0324
1564222500000,2019-07-27T10:15:00+00:00,10042,10047,9574,9589.5,487.4346,4781055.4971
1564223400000,2019-07-27T10:30:00+00:00,9589.5,9603.5,9487.5,9539,660.0406,6297259.4302
1564224300000,2019-07-27T10:45:00+00:00,9539,9599,9524,9541.5,233.4076,2228211.84875
1564225200000,2019-07-27T11:00:00+00:00,9541.5,9562.5,9513.5,9533.5,500.7601,4778072.83565
1564226100000,2019-07-27T11:15:00+00:00,9533.5,9555,9525,9529.5,144.6837,1379737.08525
1564227000000,2019-07-27T11:30:00+00:00,9529.5,9541,9500,9502,165.252,1572502.014
1564227900000,2019-07-27T11:45:00+00:00,9502,9531.5,9448.5,9523.5,275.2771,2613643.09805
1564228800000,2019-07-27T12:00:00+00:00,9523.5,9523.5,9490.5,9499,138.3905,1315467.75035
1564229700000,2019-07-27T12:15:00+00:00,9499,9504,9400.5,9439,277.7639,2625895.246
1564230600000,2019-07-27T12:30:00+00:00,9439,9442,9388.5,9435,242.5349,2283059.9581
1564231500000,2019-07-27T12:45:00+00:00,9435,9461.5,9404,9428,252.2193,2379490.89725
1564232400000,2019-07-27T13:00:00+00:00,9428,9462,9405,9457.5,151.2661,1427513.49535
1564233300000,2019-07-27T13:15:00+00:00,9457.5,9500.5,9453.5,9484,226.49,2145557.1066
1564234200000,2019-07-27T13:30:00+00:00,9484,9491,9470.5,9480,149.0671,1413146.542
1564235100000,2019-07-27T13:45:00+00:00,9480,9485,9442,9442,159.9468,1514774.3265
1564236000000,2019-07-27T14:00:00+00:00,9442,9470,9424,9459,164.6779,1556983.88245
1564236900000,2019-07-27T14:15:00+00:00,9459,9491.5,9455,9460,189.1682,1790875.04845
1564237800000,2019-07-27T14:30:00+00:00,9460,9475,9457.5,9472,140.793,1332858.593
1564238700000,2019-07-27T14:45:00+00:00,9472,9475.5,9438.5,9445.5,195.2118,1845989.31355
1564239600000,2019-07-27T15:00:00+00:00,9445.5,9446,9332,9418.5,351.4017,3301719.5688
1564240500000,2019-07-27T15:15:00+00:00,9418.5,9469,9413,9430.5,214.2785,2024446.82115
1564241400000,2019-07-27T15:30:00+00:00,9430.5,9459,9423.5,9454,140.7735,1329475.02905
1564242300000,2019-07-27T15:45:00+00:00,9454,9469,9425.5,9428.5,164.3735,1552996.77055
1564243200000,2019-07-27T16:00:00+00:00,9428.5,9478.5,9423,9444.5,176.9771,1671745.90745
1564244100000,2019-07-27T16:15:00+00:00,9444.5,9446.5,9391.5,9423,244.0008,2298687.29795
1564245000000,2019-07-27T16:30:00+00:00,9423,9435,9414.5,9426,143.7136,1353768.57455
1564245900000,2019-07-27T16:45:00+00:00,9426,9440,9419,9435,157.2085,1482942.36795
1564246800000,2019-07-27T17:00:00+00:00,9435,9466.5,9425,9451,150.0662,1416277.02815
1564247700000,2019-07-27T17:15:00+00:00,9451,9462,9439.5,9458.5,125.0338,1181891.4872
1564248600000,2019-07-27T17:30:00+00:00,9458.5,9486.5,9446,9451,126.3136,1195142.1675
1564249500000,2019-07-27T17:45:00+00:00,9451,9460.5,9450.5,9454.5,117.9594,1115173.4971
1564250400000,2019-07-27T18:00:00+00:00,9454.5,9466.5,9444.5,9444.5,127.0863,1201682.70545
1564251300000,2019-07-27T18:15:00+00:00,9444.5,9456.5,9410.5,9415.5,146.4909,1381599.6791
1564252200000,2019-07-27T18:30:00+00:00,9415.5,9434.5,9380,9408,153.4277,1443986.8831
1564253100000,2019-07-27T18:45:00+00:00,9408,9441.5,9388.5,9402,173.1301,1629489.571
1564254000000,2019-07-27T19:00:00+00:00,9402,9414,9385,9406,150.2896,1413811.1385
1564254900000,2019-07-27T19:15:00+00:00,9406,9446.5,9406,9438.5,165.433,1558523.7591
1564255800000,2019-07-27T19:30:00+00:00,9438.5,9459,9437,9442.5,170.8803,1613840.154
1564256700000,2019-07-27T19:45:00+00:00,9442.5,9444,9415.5,9415.5,167.044,1576164.8263
1564257600000,2019-07-27T20:00:00+00:00,9415.5,9427,9400.5,9412.5,166.6744,1568904.1715
1564258500000,2019-07-27T20:15:00+00:00,9412.5,9453.5,9409.5,9443.5,169.1617,1596384.365
1564259400000,2019-07-27T20:30:00+00:00,9443.5,9455.5,9419.5,9424,143.4156,1353352.7717
1564260300000,2019-07-27T20:45:00+00:00,9424,9448.5,9421,9443.5,140.7423,1327971.75325
1564261200000,2019-07-27T21:00:00+00:00,9443.5,9474.5,9443.5,9464,145.9041,1380503.7964
1564262100000,2019-07-27T21:15:00+00:00,9464,9481,9461.5,9479,123.1206,1166101.47515
1564263000000,2019-07-27T21:30:00+00:00,9479,9514.5,9479,9506,129.1233,1226827.73265
1564263900000,2019-07-27T21:45:00+00:00,9506,9534,9474,9514,164.1985,1559972.8363
1564264800000,2019-07-27T22:00:00+00:00,9514,9526,9490.5,9502.5,129.2812,1229385.89235
1564265700000,2019-07-27T22:15:00+00:00,9502.5,9506.5,9477,9486,117.3108,1113553.5346
1564266600000,2019-07-27T22:30:00+00:00,9486,9528.5,9348.5,9459,297.1444,2813467.57965
1564267500000,2019-07-27T22:45:00+00:00,9459,9486,9430.5,9448,157.1319,1485137.91925
1564268400000,2019-07-27T23:00:00+00:00,9448,9475,9445,9463.5,125.1138,1183895.1206
1564269300000,2019-07-27T23:15:00+00:00,9463.5,9478,9461,9461.5,126.7832,1200376.95405
1564270200000,2019-07-27T23:30:00+00:00,9461.5,9461.5,9430.5,9437.5,143.9751,1359325.9703
1564271100000,2019-07-27T23:45:00+00:00,9437.5,9540,9427.5,9478,241.9897,2290819.8438
1564272000000,2019-07-28T00:00:00+00:00,9478,9482,9380.5,9411.5,276.2691,2602940.69715
1564272900000,2019-07-28T00:15:00+00:00,9411.5,9451,9407,9443.5,198.135,1869393.172
1564273800000,2019-07-28T00:30:00+00:00,9443.5,9469,9426.5,9434,186.1233,1759388.0106
1564274700000,2019-07-28T00:45:00+00:00,9434,9442.5,9420.5,9424.5,180.0946,1697909.36065
1564275600000,2019-07-28T01:00:00+00:00,9424.5,9462.5,9423,9454.5,182.8224,1726731.19555
1564276500000,2019-07-28T01:15:00+00:00,9454.5,9479,9454,9464.5,158.64,1501627.7207
1564277400000,2019-07-28T01:30:00+00:00,9464.5,9483.5,9463.5,9474,165.0941,1564186.41175
1564278300000,2019-07-28T01:45:00+00:00,9474,9495,9474,9489,161.0355,1526863.9085
1564279200000,2019-07-28T02:00:00+00:00,9489,9503,9483.5,9484,168.7928,1602226.5354
1564280100000,2019-07-28T02:15:00+00:00,9484,9489,9471,9486.5,135.54,1284694.49105
1564281000000,2019-07-28T02:30:00+00:00,9486.5,9494.5,9475,9478.5,133.5005,1266097.06565
1564281900000,2019-07-28T02:45:00+00:00,9478.5,9479,9464.5,9466,126.0469,1194054.4565
1564282800000,2019-07-28T03:00:00+00:00,9466,9481,9460,9477,128.0855,1212769.0331
1564283700000,2019-07-28T03:15:00+00:00,9477,9497,9469,9489,118.9373,1128131.0184
1564284600000,2019-07-28T03:30:00+00:00,9489,9497.5,9479.5,9480,132.6971,1259086.8471
1564285500000,2019-07-28T03:45:00+00:00,9480,9487,9475.5,9481,107.7129,1021080.25155
1564286400000,2019-07-28T04:00:00+00:00,9481,9493,9479.5,9485,128.5683,1219610.9289
1564287300000,2019-07-28T04:15:00+00:00,9485,9515,9485,9512.5,222.9537,2119323.7935
1564288200000,2019-07-28T04:30:00+00:00,9512.5,9572,9510.5,9534,314.2354,2997919.06185
1564289100000,2019-07-28T04:45:00+00:00,9534,9537.5,9498.5,9511.5,163.0509,1551031.4483
1564290000000,2019-07-28T05:00:00+00:00,9511.5,9547.5,9507.5,9526,191.695,1826619.28535
1564290900000,2019-07-28T05:15:00+00:00,9526,9526.5,9510,9521,216.1,2056748.3148
1564291800000,2019-07-28T05:30:00+00:00,9521,9537,9516,9522,212.2456,2021662.98585
1564292700000,2019-07-28T05:45:00+00:00,9522,9524.5,9512,9515.5,202.8926,1930904.54575
1564293600000,2019-07-28T06:00:00+00:00,9515.5,9550,9515.5,9528.5,234.2606,2232956.0613
1564294500000,2019-07-28T06:15:00+00:00,9528.5,9531.5,9502.5,9502.5,232.3691,2211421.8455
1564295400000,2019-07-28T06:30:00+00:00,9502.5,9507.5,9480,9505.5,231.4908,2198854.05135
1564296300000,2019-07-28T06:45:00+00:00,9505.5,9516.5,9504,9512.5,219.9333,2091581.10875
1564297200000,2019-07-28T07:00:00+00:00,9512.5,9529.5,9490.5,9505,217.7111,2070957.2669
1564298100000,2019-07-28T07:15:00+00:00,9505,9516,9495.5,9498.5,207.0409,1967505.60345
1564299000000,2019-07-28T07:30:00+00:00,9498.5,9514.5,9498.5,9501,199.1165,1892580.7034
1564299900000,2019-07-28T07:45:00+00:00,9501,9506.5,9490.5,9490.5,252.9019,2402586.85875
1564300800000,2019-07-28T08:00:00+00:00,9490.5,9506,9481.5,9490.5,186.0171,1766567.30955
1564301700000,2019-07-28T08:15:00+00:00,9490.5,9517.5,9481,9500,155.048,1472344.86505
1564302600000,2019-07-28T08:30:00+00:00,9500,9516.5,9484,9496.5,159.1991,1511673.38185
1564303500000,2019-07-28T08:45:00+00:00,9496.5,9530.5,9489,9514,158.4128,1505937.0895
1564304400000,2019-07-28T09:00:00+00:00,9514,9527,9500.5,9512.5,162.5902,1546397.319
1564305300000,2019-07-28T09:15:00+00:00,9512.5,9515.5,9493.5,9495.5,154.9166,1472884.29275
1564306200000,2019-07-28T09:30:00+00:00,9495.5,9508.5,9481,9485,163.0774,1548562.2397
1564307100000,2019-07-28T09:45:00+00:00,9485,9493,9470.5,9473,152.8023,1449222.7958
1564308000000,2019-07-28T10:00:00+00:00,9473,9487,9468,9468.5,152.3746,1444539.78115
1564308900000,2019-07-28T10:15:00+00:00,9468.5,9478.5,9451,9451,166.2803,1573365.323
1564309800000,2019-07-28T10:30:00+00:00,9451,9468,9431.5,9450,170.7972,1613834.10375
1564310700000,2019-07-28T10:45:00+00:00,9450,9466.5,9450,9463,150.4987,1423211.48265
1564311600000,2019-07-28T11:00:00+00:00,9463,9485,9450.5,9478.5,156.9277,1484794.1874
1564312500000,2019-07-28T11:15:00+00:00,9478.5,9481.5,9463.5,9464.5,153.3677,1452689.98365
1564313400000,2019-07-28T11:30:00+00:00,9464.5,9509,9464.5,9498.5,151.06,1433021.67415
1564314300000,2019-07-28T11:45:00+00:00,9498.5,9572,9498.5,9540,297.1724,2833361.96155
1564315200000,2019-07-28T12:00:00+00:00,9540,9545.5,9503.5,9505,191.0738,1820278.83215
1564316100000,2019-07-28T12:15:00+00:00,9505,9528,9489,9520.5,172.4615,1640433.885
1564317000000,2019-07-28T12:30:00+00:00,9520.5,9528,9510,9523.5,160.0474,1523482.84665
1564317900000,2019-07-28T12:45:00+00:00,9523.5,9540,9495,9510.5,187.4059,1783342.20375
1564318800000,2019-07-28T13:00:00+00:00,9510.5,9516.5,9480,9484,174.2295,1654104.6984
1564319700000,2019-07-28T13:15:00+00:00,9484,9506,9480.5,9492.5,229.2429,2176495.98815
1564320600000,2019-07-28T13:30:00+00:00,9492.5,9504.5,9490.5,9496,208.2325,1977359.79015
1564321500000,2019-07-28T13:45:00+00:00,9496,9511,9490.5,9500,218.9951,2079722.7092
1564322400000,2019-07-28T14:00:00+00:00,9500,9530,9500,9514,188.7397,1795417.01505
1564323300000,2019-07-28T14:15:00+00:00,9514,9526,9499,9515.5,147.2247,1400260.9516
1564324200000,2019-07-28T14:30:00+00:00,9515.5,9551,9507,9522,302.908,2886578.80975
1564325100000,2019-07-28T14:45:00+00:00,9522,9522,9501.5,9503.5,252.6517,2402561.78005
1564326000000,2019-07-28T15:00:00+00:00,9503.5,9528,9502,9516,159.8993,1521335.3998
1564326900000,2019-07-28T15:15:00+00:00,9516,9547,9513.5,9536,174.2518,1660193.5388
1564327800000,2019-07-28T15:30:00+00:00,9536,9553.5,9530.5,9536,173.9095,1659198.543
1564328700000,2019-07-28T15:45:00+00:00,9536,9537,9512,9517.5,170.2756,1622136.99485
1564329600000,2019-07-28T16:00:00+00:00,9517.5,9567,9515.5,9545,204.0824,1946902.0145
1564330500000,2019-07-28T16:15:00+00:00,9545,9567,9540.5,9542.5,227.151,2168919.5791
1564331400000,2019-07-28T16:30:00+00:00,9542.5,9587.5,9540,9545.5,253.7595,2423925.31975
1564332300000,2019-07-28T16:45:00+00:00,9545.5,9549.5,9522,9539.5,284.8284,2716479.61285
1564333200000,2019-07-28T17:00:00+00:00,9539.5,9557,9534,9545.5,208.8376,1993761.5651
1564334100000,2019-07-28T17:15:00+00:00,9545.5,9565,9543.5,9562,185.4098,1771368.1198
1564335000000,2019-07-28T17:30:00+00:00,9562,9576,9550.5,9574,185.2515,1772093.68635
1564335900000,2019-07-28T17:45:00+00:00,9574,9581.5,9552,9561.5,181.098,1731648.736
1564336800000,2019-07-28T18:00:00+00:00,9561.5,9581,9560.5,9578.5,196.2918,1877875.24565
1564337700000,2019-07-28T18:15:00+00:00,9578.5,9586.5,9554,9560,246.7431,2361197.3221
1564338600000,2019-07-28T18:30:00+00:00,9560,9568.5,9545,9553,195.2235,1865627.87075
1564339500000,2019-07-28T18:45:00+00:00,9553,9572,9551.5,9565,194.7846,1862142.9268
1564340400000,2019-07-28T19:00:00+00:00,9565,9572,9560.5,9570,195.0236,1865479.1124
1564341300000,2019-07-28T19:15:00+00:00,9570,9572,9550.5,9564.5,233.7048,2235311.8958
1564342200000,2019-07-28T19:30:00+00:00,9564.5,9573.5,9557,9557.5,229.1653,2191996.6055
1564343100000,2019-07-28T19:45:00+00:00,9557.5,9564,9552,9552,230.3964,2201891.90555
1564344000000,2019-07-28T20:00:00+00:00,9552,9568.5,9503,9525,245.7143,2345356.9787
1564344900000,2019-07-28T20:15:00+00:00,9525,9533,9503.5,9506,149.1496,1419534.328
1564345800000,2019-07-28T20:30:00+00:00,9506,9524.5,9503.5,9513,145.5584,1384841.81935
1564346700000,2019-07-28T20:45:00+00:00,9513,9547,9512.5,9537,165.3665,1575288.85745
1564347600000,2019-07-28T21:00:00+00:00,9537,9539.5,9517,9517.5,182.3346,1737308.7404
1564348500000,2019-07-28T21:15:00+00:00,9517.5,9518,9503.5,9516,192.181,1827873.2023
1564349400000,2019-07-28T21:30:00+00:00,9516,9520,9506,9509,185.6121,1765878.0172
1564350300000,2019-07-28T21:45:00+00:00,9509,9515,9469,9470.5,215.3811,2043903.98875
1564351200000,2019-07-28T22:00:00+00:00,9470.5,9475,9355.5,9400.5,391.282,3675517.5572
1564352100000,2019-07-28T22:15:00+00:00,9400.5,9405.5,9209,9212,326.7304,3046876.8773
1564353000000,2019-07-28T22:30:00+00:00,9212,9270,9176,9241.5,453.0004,4179333.8152
1564353900000,2019-07-28T22:45:00+00:00,9241.5,9595,9237.5,9516,528.2151,5006844.88155
1564354800000,2019-07-28T23:00:00+00:00,9516,9516.5,9469,9508,306.6959,2912704.298
1564355700000,2019-07-28T23:15:00+00:00,9508,9511.5,9488.5,9502,156.8632,1490457.06515
1564356600000,2019-07-28T23:30:00+00:00,9502,9567.5,9502,9551,311.906,2976624.9004
1564357500000,2019-07-28T23:45:00+00:00,9551,9555,9519.5,9534.5,156.1856,1489401.6555
1564358400000,2019-07-29T00:00:00+00:00,9534.5,9555,9490,9509,235.9346,2249235.4758
1564359300000,2019-07-29T00:15:00+00:00,9509,9540.5,9509,9537.5,161.3568,1536455.9929
1564360200000,2019-07-29T00:30:00+00:00,9537.5,9544,9520.5,9530,150.2028,1431640.7229
1564361100000,2019-07-29T00:45:00+00:00,9530,9537,9516.5,9532.5,151.3492,1441847.34775
1564362000000,2019-07-29T01:00:00+00:00,9532.5,9550.5,9529.5,9544,148.6882,1418046.2779
1564362900000,2019-07-29T01:15:00+00:00,9544,9611.5,9543,9581.5,244.6593,2342579.5483
1564363800000,2019-07-29T01:30:00+00:00,9581.5,9672,9569.5,9665,310.8567,2992506.98535
1564364700000,2019-07-29T01:45:00+00:00,9665,9730,9661.5,9672,353.8153,3428184.6911
1564365600000,2019-07-29T02:00:00+00:00,9672,9677,9639,9651.5,221.4761,2138838.4999
1564366500000,2019-07-29T02:15:00+00:00,9651.5,9657.5,9641.5,9645,167.5625,1616390.82135
1564367400000,2019-07-29T02:30:00+00:00,9645,9649,9624,9646.5,248.4492,2394020.59735
1564368300000,2019-07-29T02:45:00+00:00,9646.5,9662.5,9630,9642.5,222.8874,2148779.04855
1564369200000,2019-07-29T03:00:00+00:00,9642.5,9663.5,9642.5,9652.5,178.445,1722780.2824
1564370100000,2019-07-29T03:15:00+00:00,9652.5,9659,9630.5,9636,186.3737,1797309.4882
1564371000000,2019-07-29T03:30:00+00:00,9636,9654,9633.5,9639,200.3401,1932109.97435
1564371900000,2019-07-29T03:45:00+00:00,9639,9647,9634,9638.5,175.161,1688250.51055
1564372800000,2019-07-29T04:00:00+00:00,9638.5,9676,9637.5,9662.5,332.5322,3213131.8372
1564373700000,2019-07-29T04:15:00+00:00,9662.5,9686,9662.5,9665.5,248.5812,2405231.0765
1564374600000,2019-07-29T04:30:00+00:00,9665.5,9678.5,9664,9674,199.454,1928508.6383
1564375500000,2019-07-29T04:45:00+00:00,9674,9675.5,9653.5,9659.5,178.3076,1722930.5693
1564376400000,2019-07-29T05:00:00+00:00,9659.5,9667.5,9611,9621,265.895,2562623.3453
1564377300000,2019-07-29T05:15:00+00:00,9621,9635.5,9600,9631,217.3129,2090034.73645
1564378200000,2019-07-29T05:30:00+00:00,9631,9639.5,9608.5,9612.5,157.0686,1511141.8395
1564379100000,2019-07-29T05:45:00+00:00,9612.5,9626.5,9611,9613,142.5786,1370874.3634
1564380000000,2019-07-29T06:00:00+00:00,9613,9613,9573.5,9594.5,184.2151,1768258.1816
1564380900000,2019-07-29T06:15:00+00:00,9594.5,9605,9590,9599,231.2125,2219125.55155
1564381800000,2019-07-29T06:30:00+00:00,9599,9621.5,9597.5,9620.5,204.4833,1965327.79795
1564382700000,2019-07-29T06:45:00+00:00,9620.5,9620.5,9600.5,9604.5,214.5366,2061508.42705
1564383600000,2019-07-29T07:00:00+00:00,9604.5,9606.5,9590.5,9606.5,209.3521,2009669.0168
1564384500000,2019-07-29T07:15:00+00:00,9606.5,9615,9600,9613.5,189.6911,1821902.2643
1564385400000,2019-07-29T07:30:00+00:00,9613.5,9613.5,9604.5,9605,186.0895,1787997.1266
1564386300000,2019-07-29T07:45:00+00:00,9605,9629,9599.5,9629,181.4418,1742951.06215
1564387200000,2019-07-29T08:00:00+00:00,9629,9653.5,9621.5,9631.5,214.2572,2065339.422
1564388100000,2019-07-29T08:15:00+00:00,9631.5,9636,9601,9601,167.2087,1608370.3257
1564389000000,2019-07-29T08:30:00+00:00,9601,9617.5,9599.5,9605.5,161.475,1551743.0773
1564389900000,2019-07-29T08:45:00+00:00,9605.5,9607.5,9550,9570,255.7273,2449856.6871
1564390800000,2019-07-29T09:00:00+00:00,9570,9582.5,9553,9559,173.4124,1659716.9719
1564391700000,2019-07-29T09:15:00+00:00,9559,9565,9528,9548,190.4873,1818690.3664
1564392600000,2019-07-29T09:30:00+00:00,9548,9551.5,9400,9494,374.3349,3550447.35035
1564393500000,2019-07-29T09:45:00+00:00,9494,9517,9485.5,9497,206.4992,1962103.84755
1564394400000,2019-07-29T10:00:00+00:00,9497,9525.5,9462.5,9519,154.0197,1461132.36245
1564395300000,2019-07-29T10:15:00+00:00,9519,9525,9510.5,9514.5,135.2528,1287150.97375
1564396200000,2019-07-29T10:30:00+00:00,9514.5,9540,9500.5,9518.5,135.0072,1285575.8246
1564397100000,2019-07-29T10:45:00+00:00,9518.5,9520.5,9500.5,9514.5,127.8351,1215967.17935
1564398000000,2019-07-29T11:00:00+00:00,9514.5,9522.5,9489,9522,137.9772,1311172.23165
1564398900000,2019-07-29T11:15:00+00:00,9522,9530.5,9500.5,9507,133.0362,1266487.32105
1564399800000,2019-07-29T11:30:00+00:00,9507,9520.5,9480.5,9486.5,150.7094,1431882.55365
1564400700000,2019-07-29T11:45:00+00:00,9486.5,9504,9468.5,9485.5,183.674,1743128.83515
1564401600000,2019-07-29T12:00:00+00:00,9485.5,9512.5,9472.5,9512.5,239.9728,2279283.714
1564402500000,2019-07-29T12:15:00+00:00,9512.5,9520.5,9482,9492,175.6936,1668697.0994
1564403400000,2019-07-29T12:30:00+00:00,9492,9514,9475,9506.5,164.6811,1564039.89995
1564404300000,2019-07-29T12:45:00+00:00,9506.5,9557,9506.5,9550,221.0121,2104324.1649
1564405200000,2019-07-29T13:00:00+00:00,9550,9591.5,9506.5,9537.5,256.8476,2453005.27425
1564406100000,2019-07-29T13:15:00+00:00,9537.5,9568.5,9531,9552,145.796,1392616.84275
1564407000000,2019-07-29T13:30:00+00:00,9552,9597,9552,9573,228.6592,2190071.29905
1564407900000,2019-07-29T13:45:00+00:00,9573,9642.5,9564.5,9570,274.0107,2628617.8062
1564408800000,2019-07-29T14:00:00+00:00,9570,9606.5,9563,9593.5,213.0987,2042067.03665
1564409700000,2019-07-29T14:15:00+00:00,9593.5,9599,9538,9549.5,182.3752,1745948.1536
1564410600000,2019-07-29T14:30:00+00:00,9549.5,9571,9529,9559,198.3136,1894170.5591
1564411500000,2019-07-29T14:45:00+00:00,9559,9572,9550.5,9551.5,191.5495,1832209.1173
1564412400000,2019-07-29T15:00:00+00:00,9551.5,9569,9535.5,9569,194.2678,1854685.48365
1564413300000,2019-07-29T15:15:00+00:00,9569,9591.5,9562.5,9572,225.3508,2157813.76705
1564414200000,2019-07-29T15:30:00+00:00,9572,9597.5,9539,9541,190.7537,1825594.1728
1564415100000,2019-07-29T15:45:00+00:00,9541,9555,9503.5,9538.5,196.04,1868307.36055
1564416000000,2019-07-29T16:00:00+00:00,9538.5,9699,9419,9588.5,501.7026,4797909.9759
1564416900000,2019-07-29T16:15:00+00:00,9588.5,9609,9567,9584,146.7135,1406463.92285
1564417800000,2019-07-29T16:30:00+00:00,9584,9597,9557,9572.5,155.2973,1487472.74885
1564418700000,2019-07-29T16:45:00+00:00,9572.5,9598.5,9529,9553,184.9559,1769396.4692
1564419600000,2019-07-29T17:00:00+00:00,9553,9561,9532,9555,160.0542,1528168.272
1564420500000,2019-07-29T17:15:00+00:00,9555,9560.5,9524,9546,154.9881,1479656.89005
1564421400000,2019-07-29T17:30:00+00:00,9546,9561.5,9542.5,9545,172.8486,1650699.57185
1564422300000,2019-07-29T17:45:00+00:00,9545,9547.5,9430.5,9498.5,422.5824,4016495.76815
1564423200000,2019-07-29T18:00:00+00:00,9498.5,9501,9458,9478.5,207.5961,1966808.2919
1564424100000,2019-07-29T18:15:00+00:00,9478.5,9497,9472,9486,191.844,1819774.8138
1564425000000,2019-07-29T18:30:00+00:00,9486,9520,9478,9510.5,168.1136,1596084.5549
1564425900000,2019-07-29T18:45:00+00:00,9510.5,9532.5,9510,9520.5,128.002,1218440.4316
1564426800000,2019-07-29T19:00:00+00:00,9520.5,9530,9493,9509,135.7557,1291896.3638
1564427700000,2019-07-29T19:15:00+00:00,9509,9523,9494,9514,134.7019,1280995.88885
1564428600000,2019-07-29T19:30:00+00:00,9514,9520.5,9510.5,9510.5,143.1433,1361985.0136
1564429500000,2019-07-29T19:45:00+00:00,9510.5,9517,9486,9486.5,135.6732,1289125.86205
1564430400000,2019-07-29T20:00:00+00:00,9486.5,9512,9478.5,9503.5,130.4941,1239360.68605
1564431300000,2019-07-29T20:15:00+00:00,9503.5,9510.5,9489,9501.5,132.4527,1258228.73495
1564432200000,2019-07-29T20:30:00+00:00,9501.5,9540,9492.5,9532,157.5363,1500474.9286
1564433100000,2019-07-29T20:45:00+00:00,9532,9537,9519,9527,167.2906,1593778.8324
1564434000000,2019-07-29T21:00:00+00:00,9527,9546.5,9526,9536,173.6068,1655265.44035
1564434900000,2019-07-29T21:15:00+00:00,9536,9547.5,9536,9543,165.5432,1579627.46975
1564435800000,2019-07-29T21:30:00+00:00,9543,9543.5,9513.5,9534,165.6984,1578683.88905
1564436700000,2019-07-29T21:45:00+00:00,9534,9535,9510.5,9510.5,167.4752,1594678.8332
1564437600000,2019-07-29T22:00:00+00:00,9510.5,9512.5,9490.5,9502.5,164.8487,1566399.3951
1564438500000,2019-07-29T22:15:00+00:00,9502.5,9518.5,9497.5,9513,150.4571,1430717.8937
1564439400000,2019-07-29T22:30:00+00:00,9513,9528.5,9505.5,9522.5,152.6776,1453722.29595
1564440300000,2019-07-29T22:45:00+00:00,9522.5,9547,9522.5,9534,139.5484,1330356.8232
1564441200000,2019-07-29T23:00:00+00:00,9534,9540,9525.5,9538,129.6768,1236318.22735
1564442100000,2019-07-29T23:15:00+00:00,9538,9540,9529.5,9534,141.9702,1353599.7365
1564443000000,2019-07-29T23:30:00+00:00,9534,9536.5,9508,9508.5,164.2931,1565212.0721
1564443900000,2019-07-29T23:45:00+00:00,9508.5,9533,9455.5,9504,311.6418,2961637.37885
1564444800000,2019-07-30T00:00:00+00:00,9504,9532.5,9503.5,9521,199.1474,1896398.71045
1564445700000,2019-07-30T00:15:00+00:00,9521,9521.5,9514,9514,188.1109,1790565.4915
1564446600000,2019-07-30T00:30:00+00:00,9514,9528,9505.5,9527.5,150.8757,1435148.7392
1564447500000,2019-07-30T00:45:00+00:00,9527.5,9540,9522.5,9533.5,138.7164,1321955.48765
1564448400000,2019-07-30T01:00:00+00:00,9533.5,9533.5,9510,9510.5,191.9931,1828683.6485
1564449300000,2019-07-30T01:15:00+00:00,9510.5,9528,9500,9500,164.0883,1561121.1012
1564450200000,2019-07-30T01:30:00+00:00,9500,9510.5,9498,9507,175.0308,1663512.842
1564451100000,2019-07-30T01:45:00+00:00,9507,9512.5,9451,9461,265.111,2515325.9351
1564452000000,2019-07-30T02:00:00+00:00,9461,9478.5,9426.5,9466,281.6763,2663030.11545
1564452900000,2019-07-30T02:15:00+00:00,9466,9490,9460.5,9460.5,163.8299,1552260.769
1564453800000,2019-07-30T02:30:00+00:00,9460.5,9474,9440.5,9446.5,192.9596,1824758.81035
1564454700000,2019-07-30T02:45:00+00:00,9446.5,9459,9400,9416.5,235.3379,2219794.8449
1564455600000,2019-07-30T03:00:00+00:00,9416.5,9447,9405,9447,205.1872,1932746.7854
1564456500000,2019-07-30T03:15:00+00:00,9447,9453.5,9422.5,9430,179.2307,1691267.44035
1564457400000,2019-07-30T03:30:00+00:00,9430,9447,9427.5,9441.5,169.904,1603497.7067
1564458300000,2019-07-30T03:45:00+00:00,9441.5,9447,9438.5,9440,175.9697,1661571.272
1564459200000,2019-07-30T04:00:00+00:00,9440,9456.5,9429,9452,190.5382,1798633.83885
1564460100000,2019-07-30T04:15:00+00:00,9452,9461.5,9442.5,9446,176.0323,1663378.3433
1564461000000,2019-07-30T04:30:00+00:00,9446,9451.5,9440.5,9442,172.37,1628134.304
1564461900000,2019-07-30T04:45:00+00:00,9442,9447.5,9435.5,9436.5,173.8929,1641927.4267
1564462800000,2019-07-30T05:00:00+00:00,9436.5,9446.5,9433,9435.5,175.8879,1660487.58505
1564463700000,2019-07-30T05:15:00+00:00,9435.5,9441.5,9420,9421.5,179.8695,1696954.26075
1564464600000,2019-07-30T05:30:00+00:00,9421.5,9463.5,9421.5,9443,216.7138,2047228.1209
1564465500000,2019-07-30T05:45:00+00:00,9443,9456.5,9435,9448.5,151.7151,1432808.9549
1564466400000,2019-07-30T06:00:00+00:00,9448.5,9480,9448,9469,251.9589,2386126.25435
1564467300000,2019-07-30T06:15:00+00:00,9469,9488,9463.5,9481,154.9687,1468130.2678
1564468200000,2019-07-30T06:30:00+00:00,9481,9530,9481,9508.5,310.8019,2954810.6966
1564469100000,2019-07-30T06:45:00+00:00,9508.5,9527.5,9500,9500.5,280.8195,2672015.7239
1564470000000,2019-07-30T07:00:00+00:00,9500.5,9502.5,9486,9491,191.4674,1817317.3939
1564470900000,2019-07-30T07:15:00+00:00,9491,9511,9490,9491,196.717,1868069.5557
1564471800000,2019-07-30T07:30:00+00:00,9491,9503.5,9478.5,9500,160.2918,1521473.7958
1564472700000,2019-07-30T07:45:00+00:00,9500,9502.5,9489,9498,134.6695,1278834.01805
1564473600000,2019-07-30T08:00:00+00:00,9498,9519,9497.5,9507,158.302,1504920.23965
1564474500000,2019-07-30T08:15:00+00:00,9507,9507,9493,9496.5,135.8209,1290240.14045
1564475400000,2019-07-30T08:30:00+00:00,9496.5,9498.5,9485.5,9487,135.8765,1289668.5099
1564476300000,2019-07-30T08:45:00+00:00,9487,9495.5,9465,9478.5,166.7612,1581174.8956
1564477200000,2019-07-30T09:00:00+00:00,9478.5,9492,9471,9484,136.7155,1295928.60905
1564478100000,2019-07-30T09:15:00+00:00,9484,9493.5,9481,9489,122.1795,1159172.39515
1564479000000,2019-07-30T09:30:00+00:00,9489,9493.5,9477,9479,115.4566,1095038.978
1564479900000,2019-07-30T09:45:00+00:00,9479,9490.5,9476,9484,106.3309,1008441.5023
1564480800000,2019-07-30T10:00:00+00:00,9484,9501,9484,9495.5,133.2016,1264618.61465
1564481700000,2019-07-30T10:15:00+00:00,9495.5,9503.5,9494.5,9503,121.2428,1151767.9905
1564482600000,2019-07-30T10:30:00+00:00,9503,9520,9487,9492.5,176.8559,1681522.1882
1564483500000,2019-07-30T10:45:00+00:00,9492.5,9501.5,9471,9501.5,187.0214,1774551.66095
1564484400000,2019-07-30T11:00:00+00:00,9501.5,9577,9450.5,9480.5,534.0098,5085734.58235
1564485300000,2019-07-30T11:15:00+00:00,9480.5,9517,9465,9513,245.5756,2328996.32925
1564486200000,2019-07-30T11:30:00+00:00,9513,9550,9501,9527,242.4509,2308071.3334
1564487100000,2019-07-30T11:45:00+00:00,9527,9541.5,9517.5,9522,157.2247,1498337.6497
1564488000000,2019-07-30T12:00:00+00:00,9522,9572,9514.5,9539,235.5413,2247716.4064
1564488900000,2019-07-30T12:15:00+00:00,9539,9572,9534.5,9562.5,202.4405,1934129.524
1564489800000,2019-07-30T12:30:00+00:00,9562.5,9597.5,9551.5,9559.5,264.0763,2527504.3021
1564490700000,2019-07-30T12:45:00+00:00,9559.5,9569,9534,9538,142.1977,1358019.77305
1564491600000,2019-07-30T13:00:00+00:00,9538,9559.5,9537.5,9551.5,119.4527,1140497.4933
1564492500000,2019-07-30T13:15:00+00:00,9551.5,9554,9522,9527.5,175.6286,1675352.364
1564493400000,2019-07-30T13:30:00+00:00,9527.5,9543,9527,9534,122.333,1166326.47875
1564494300000,2019-07-30T13:45:00+00:00,9534,9549,9528.5,9539.5,127.6212,1217546.74725
1564495200000,2019-07-30T14:00:00+00:00,9539.5,9568.5,9538.5,9556,132.5569,1266290.40915
1564496100000,2019-07-30T14:15:00+00:00,9556,9571.5,9548.5,9564,140.6802,1345252.06905
1564497000000,2019-07-30T14:30:00+00:00,9564,9574,9560,9560.5,123.8929,1185034.6555
1564497900000,2019-07-30T14:45:00+00:00,9560.5,9560.5,9540.5,9555,151.2475,1445099.45385
1564498800000,2019-07-30T15:00:00+00:00,9555,9594.5,9555,9594.5,212.4765,2034959.52355
1564499700000,2019-07-30T15:15:00+00:00,9594.5,9700,9584,9661,609.69,5896946.10205
1564500600000,2019-07-30T15:30:00+00:00,9661,9676.5,9642,9653,161.1713,1556237.9384
1564501500000,2019-07-30T15:45:00+00:00,9653,9682,9646,9682,148.5537,1435460.9647
1564502400000,2019-07-30T16:00:00+00:00,9682,9710,9651.5,9670.5,186.8063,1807700.95365
1564503300000,2019-07-30T16:15:00+00:00,9670.5,9676,9659,9660,129.7875,1254380.69865
1564504200000,2019-07-30T16:30:00+00:00,9660,9677.5,9660,9664,117.896,1139591.4705
1564505100000,2019-07-30T16:45:00+00:00,9664,9679,9661,9679,126.0325,1218557.70275
1564506000000,2019-07-30T17:00:00+00:00,9679,9681,9641,9659,139.6739,1349883.9606
1564506900000,2019-07-30T17:15:00+00:00,9659,9663,9623,9639.5,311.3409,3001873.61725
1564507800000,2019-07-30T17:30:00+00:00,9639.5,9642,9618,9625,138.7128,1335551.3613
1564508700000,2019-07-30T17:45:00+00:00,9625,9625.5,9590,9611.5,227.0866,2183355.16285
1564509600000,2019-07-30T18:00:00+00:00,9611.5,9636.5,9608.5,9630.5,121.7917,1172179.0266
1564510500000,2019-07-30T18:15:00+00:00,9630.5,9639.5,9630,9630.5,108.5625,1045784.533
1564511400000,2019-07-30T18:30:00+00:00,9630.5,9646.5,9610.5,9625,135.9408,1309922.02525
1564512300000,2019-07-30T18:45:00+00:00,9625,9633.5,9619,9626.5,112.0399,1078440.379
1564513200000,2019-07-30T19:00:00+00:00,9626.5,9642.5,9616.5,9620,110.15,1060554.58595
1564514100000,2019-07-30T19:15:00+00:00,9620,9624,9505.5,9560.5,247.158,2365628.14535
1564515000000,2019-07-30T19:30:00+00:00,9560.5,9603,9560.5,9580.5,121.8052,1167708.59285
1564515900000,2019-07-30T19:45:00+00:00,9580.5,9597.5,9573,9597,143.6006,1376675.74465
1564516800000,2019-07-30T20:00:00+00:00,9597,9614,9575.5,9581.5,146.9012,1408849.33105
1564517700000,2019-07-30T20:15:00+00:00,9581.5,9596.5,9536.5,9553,168.3094,1610996.4467
1564518600000,2019-07-30T20:30:00+00:00,9553,9574.5,9542,9567,132.5003,1267075.7539
1564519500000,2019-07-30T20:45:00+00:00,9567,9572.5,9520.5,9531,142.1997,1357922.5724
1564520400000,2019-07-30T21:00:00+00:00,9531,9547.5,9515,9541.5,127.1336,1211732.5801
1564521300000,2019-07-30T21:15:00+00:00,9541.5,9555.5,9538.5,9543,110.7412,1056912.0015
1564522200000,2019-07-30T21:30:00+00:00,9543,9579.5,9543,9565,143.187,1368354.0841
1564523100000,2019-07-30T21:45:00+00:00,9565,9581.5,9565,9578.5,155.4186,1487967.24845
1564524000000,2019-07-30T22:00:00+00:00,9578.5,9598.5,9575,9594.5,159.9733,1533193.7433
1564524900000,2019-07-30T22:15:00+00:00,9594.5,9596.5,9575.5,9587.5,148.7352,1425360.04885
1564525800000,2019-07-30T22:30:00+00:00,9587.5,9631.5,9587.5,9601.5,184.5524,1772152.6722
1564526700000,2019-07-30T22:45:00+00:00,9601.5,9602.5,9550.5,9563.5,160.221,1534692.10915
1564527600000,2019-07-30T23:00:00+00:00,9563.5,9592.5,9563.5,9590,148.4661,1422709.7471
1564528500000,2019-07-30T23:15:00+00:00,9590,9594.5,9570.5,9582.5,139.4232,1335527.16375
1564529400000,2019-07-30T23:30:00+00:00,9582.5,9589,9568.5,9568.5,137.9593,1321601.2466
1564530300000,2019-07-30T23:45:00+00:00,9568.5,9578.5,9557,9575.5,142.7296,1365573.64755
1564531200000,2019-07-31T00:00:00+00:00,9575.5,9625.5,9552.5,9625.5,225.82,2165012.09965
1564532100000,2019-07-31T00:15:00+00:00,9625.5,9679,9619,9649,271.2474,2618886.7698
1564533000000,2019-07-31T00:30:00+00:00,9649,9661,9638.5,9661,149.0474,1438038.3794
1564533900000,2019-07-31T00:45:00+00:00,9661,9696.5,9659,9687,207.7762,2011039.48465
1564534800000,2019-07-31T01:00:00+00:00,9687,9698.5,9645,9654,342.3117,3309394.94705
1564535700000,2019-07-31T01:15:00+00:00,9654,9672.5,9640.5,9671.5,159.6257,1541211.37785
1564536600000,2019-07-31T01:30:00+00:00,9671.5,9716,9664,9699.5,236.1061,2286328.3781
1564537500000,2019-07-31T01:45:00+00:00,9699.5,9712,9683,9699,220.701,2139501.36
1564538400000,2019-07-31T02:00:00+00:00,9699,9699,9671,9671.5,170.2929,1648641.8381
1564539300000,2019-07-31T02:15:00+00:00,9671.5,9686.5,9671.5,9681,169.4958,1640785.2401
1564540200000,2019-07-31T02:30:00+00:00,9681,9687.5,9665,9669.5,147.599,1428388.7405
1564541100000,2019-07-31T02:45:00+00:00,9669.5,9681,9661.5,9663.5,157.0136,1518414.31855
1564542000000,2019-07-31T03:00:00+00:00,9663.5,9674,9661,9673,114.4573,1106570.7491
1564542900000,2019-07-31T03:15:00+00:00,9673,9680,9667.5,9668.5,111.3539,1077297.8812
1564543800000,2019-07-31T03:30:00+00:00,9668.5,9669.5,9629,9653.5,183.0101,1766098.00715
1564544700000,2019-07-31T03:45:00+00:00,9653.5,9675.5,9651,9669,133.8162,1293228.52915
1564545600000,2019-07-31T04:00:00+00:00,9669,9673.5,9657,9662,117.6507,1137083.4917
1564546500000,2019-07-31T04:15:00+00:00,9662,9665.5,9643.5,9649,135.6048,1309738.59555
1564547400000,2019-07-31T04:30:00+00:00,9649,9669,9645,9668,119.0805,1150049.8642
1564548300000,2019-07-31T04:45:00+00:00,9668,9671,9660,9668.5,107.6017,1039938.11085
1564549200000,2019-07-31T05:00:00+00:00,9668.5,9694,9668,9686.5,123.0741,1190579.0456
1564550100000,2019-07-31T05:15:00+00:00,9686.5,9695.5,9674.5,9694.5,144.3857,1398619.98055
1564551000000,2019-07-31T05:30:00+00:00,9694.5,9810,9685.5,9719.5,279.4844,2715271.22215
1564551900000,2019-07-31T05:45:00+00:00,9719.5,9739,9686,9705.5,190.2435,1849476.5254
1564552800000,2019-07-31T06:00:00+00:00,9705.5,9747.5,9700,9736,177.6034,1726507.1022
1564553700000,2019-07-31T06:15:00+00:00,9736,9770.5,9727,9761.5,291.6449,2842236.0888
1564554600000,2019-07-31T06:30:00+00:00,9761.5,9788,9755.5,9780.5,176.9011,1728706.93205
1564555500000,2019-07-31T06:45:00+00:00,9780.5,9785.5,9762,9773.5,183.0853,1789305.35485
1564556400000,2019-07-31T07:00:00+00:00,9773.5,9798.5,9731.5,9747.5,180.9273,1767457.4679
1564557300000,2019-07-31T07:15:00+00:00,9747.5,9764,9736.5,9750.5,125.5966,1224314.6199
1564558200000,2019-07-31T07:30:00+00:00,9750.5,9761.5,9740,9744.5,128.0963,1249157.3363
1564559100000,2019-07-31T07:45:00+00:00,9744.5,9746.5,9724,9734.5,151.7717,1477792.28725
1564560000000,2019-07-31T08:00:00+00:00,9734.5,9760.5,9731,9753,151.7674,1479342.7739
1564560900000,2019-07-31T08:15:00+00:00,9753,9771.5,9744,9771.5,153.7206,1498917.94535
1564561800000,2019-07-31T08:30:00+00:00,9771.5,9771.5,9750,9751,137.5239,1342125.329
1564562700000,2019-07-31T08:45:00+00:00,9751,9756,9750,9752.5,140.3303,1368607.5164
1564563600000,2019-07-31T09:00:00+00:00,9752.5,9752.5,9724.5,9734.5,168.8799,1644894.0726
1564564500000,2019-07-31T09:15:00+00:00,9734.5,9741.5,9722.5,9735,151.7973,1477504.19025
1564565400000,2019-07-31T09:30:00+00:00,9735,9739.5,9720,9737.5,157.3473,1530838.0394
1564566300000,2019-07-31T09:45:00+00:00,9737.5,9760,9736.5,9752.5,145.1381,1414800.4193
1564567200000,2019-07-31T10:00:00+00:00,9752.5,9770,9744,9769.5,144.8286,1412496.6543
1564568100000,2019-07-31T10:15:00+00:00,9769.5,9771.5,9754.5,9762,152.855,1492294.29335
1564569000000,2019-07-31T10:30:00+00:00,9762,9780.5,9746.5,9757.5,181.1267,1767496.8198
1564569900000,2019-07-31T10:45:00+00:00,9757.5,9769,9748.5,9768,165.8547,1617562.9211
1564570800000,2019-07-31T11:00:00+00:00,9768,9770.5,9750,9751,173.0895,1688836.2075
1564571700000,2019-07-31T11:15:00+00:00,9751,9751.5,9743.5,9746,178.2309,1737188.6974
1564572600000,2019-07-31T11:30:00+00:00,9746,9753.5,9741.5,9753,200.0618,1950179.62395
1564573500000,2019-07-31T11:45:00+00:00,9753,9765,9749.5,9753,153.6539,1498909.4265
1564574400000,2019-07-31T12:00:00+00:00,9753,9799,9752,9775.5,228.7954,2236134.5955
1564575300000,2019-07-31T12:15:00+00:00,9775.5,9817.5,9770.5,9796,246.6136,2414606.7675
1564576200000,2019-07-31T12:30:00+00:00,9796,9880,9794,9832.5,409.4518,4028834.98065
1564577100000,2019-07-31T12:45:00+00:00,9832.5,9850.5,9808,9828,231.9074,2279560.85275
1564578000000,2019-07-31T13:00:00+00:00,9828,9850.5,9821.5,9845.5,176.7199,1738003.35715
1564578900000,2019-07-31T13:15:00+00:00,9845.5,9882.5,9845.5,9854,284.0025,2800243.805
1564579800000,2019-07-31T13:30:00+00:00,9854,9887.5,9851.5,9884.5,192.0238,1895183.4341
1564580700000,2019-07-31T13:45:00+00:00,9884.5,9959.5,9870.5,9959.5,424.2307,4205020.1967
1564581600000,2019-07-31T14:00:00+00:00,9959.5,9998,9953,9969,455.0842,4539153.1042
1564582500000,2019-07-31T14:15:00+00:00,9969,9973.5,9910.5,9947.5,276.8526,2751199.24605
1564583400000,2019-07-31T14:30:00+00:00,9947.5,9981,9947.5,9949.5,213.148,2123732.01735
1564584300000,2019-07-31T14:45:00+00:00,9949.5,9960,9933.5,9936,171.6068,1706031.8536
1564585200000,2019-07-31T15:00:00+00:00,9936,9989,9935.5,9989,182.1375,1815306.79435
1564586100000,2019-07-31T15:15:00+00:00,9989,10067,9977.5,10032,460.535,4617345.6906
1564587000000,2019-07-31T15:30:00+00:00,10032,10084.5,10032,10054.5,234.1779,2355121.8888
1564587900000,2019-07-31T15:45:00+00:00,10054.5,10054.5,10030.5,10043.5,175.6232,1763307.01865
1564588800000,2019-07-31T16:00:00+00:00,10043.5,10110,9990.5,10012.5,503.1288,5052579.82775
1564589700000,2019-07-31T16:15:00+00:00,10012.5,10046,9978.5,9979.5,185.5824,1859537.71345
1564590600000,2019-07-31T16:30:00+00:00,9979.5,10001.5,9959.5,9992,274.4824,2741314.24065
1564591500000,2019-07-31T16:45:00+00:00,9992,9996,9934,9960.5,201.7595,2010480.9443
1564592400000,2019-07-31T17:00:00+00:00,9960.5,9985,9931,9985,284.6355,2832110.21385
1564593300000,2019-07-31T17:15:00+00:00,9985,10028,9983,9988.5,179.372,1793624.3561
1564594200000,2019-07-31T17:30:00+00:00,9988.5,10026,9988.5,10010,189.4138,1895277.81085
1564595100000,2019-07-31T17:45:00+00:00,10010,10024,9998.5,10021.5,211.2598,2115044.44025
1564596000000,2019-07-31T18:00:00+00:00,10021.5,10026.5,9934,9983.5,410.3065,4091116.83225
1564596900000,2019-07-31T18:15:00+00:00,9983.5,10011,9975.5,10000,294.9268,2948197.4739
1564597800000,2019-07-31T18:30:00+00:00,10000,10018,9989,10002,286.2192,2862712.15675
1564598700000,2019-07-31T18:45:00+00:00,10002,10004.5,9958,9975,310.179,3094322.9458
1564599600000,2019-07-31T19:00:00+00:00,9975,9989.5,9968,9973.5,199.3168,1988993.58335
1564600500000,2019-07-31T19:15:00+00:00,9973.5,9997,9972.5,9981,205.2303,2049237.16555
1564601400000,2019-07-31T19:30:00+00:00,9981,9996.5,9969,9990.5,185.9643,1856557.11475
1564602300000,2019-07-31T19:45:00+00:00,9990.5,9995,9976.5,9980.5,144.1993,1439389.5095
1564603200000,2019-07-31T20:00:00+00:00,9980.5,10037,9980.5,10029.5,261.4603,2617435.9289
1564604100000,2019-07-31T20:15:00+00:00,10029.5,10043.5,10016.5,10029,153.0895,1535051.55815
1564605000000,2019-07-31T20:30:00+00:00,10029,10055.5,10025.5,10031.5,183.529,1842822.1913
1564605900000,2019-07-31T20:45:00+00:00,10031.5,10033.5,10003,10009.5,186.8364,1871100.43745
1564606800000,2019-07-31T21:00:00+00:00,10009.5,10011,9990.5,9997,181.6761,1817184.0614
1564607700000,2019-07-31T21:15:00+00:00,9997,10029.5,9995,10027,179.8586,1801759.72475
1564608600000,2019-07-31T21:30:00+00:00,10027,10038.5,10022.5,10024,170.3443,1708215.69665
1564609500000,2019-07-31T21:45:00+00:00,10024,10047,10024,10042.5,164.1847,1647279.4452
1564610400000,2019-07-31T22:00:00+00:00,10042.5,10048.5,10013,10030,165.4948,1659688.2635
1564611300000,2019-07-31T22:15:00+00:00,10030,10031,10005,10011.5,163.5315,1638220.8377
1564612200000,2019-07-31T22:30:00+00:00,10011.5,10012.5,9972.5,9982.5,180.3618,1801505.1868
1564613100000,2019-07-31T22:45:00+00:00,9982.5,10005.5,9970.5,10002,158.0424,1578330.58175
1564614000000,2019-07-31T23:00:00+00:00,10002,10019.5,9990,9993.5,157.5773,1576968.17895
1564614900000,2019-07-31T23:15:00+00:00,9993.5,10066,9993.5,10045,172.596,1731689.04645
1564615800000,2019-07-31T23:30:00+00:00,10045,10045,10019.5,10038.5,212.5274,2132316.55925
1564616700000,2019-07-31T23:45:00+00:00,10038.5,10090,10033.5,10081,209.4673,2107455.56935
