timestamp_ms,datetime_utc,open,high,low,close,base_volume,quote_volume
1590969600000,2020-06-01T00:00:00+00:00,9449.5,9491.5,9421,9480,1204.576,11391323.9455
1590970500000,2020-06-01T00:15:00+00:00,9480,9495.5,9475.5,9488.5,1025.286,9723992.8295
1590971400000,2020-06-01T00:30:00+00:00,9488.5,9492,9462,9465.5,952.013,9020568.6765
1590972300000,2020-06-01T00:45:00+00:00,9465.5,9504.5,9465.5,9497,1138.492,10801542.7535
1590973200000,2020-06-01T01:00:00+00:00,9497,9504.5,9473.5,9473.5,700.182,6643248.357
1590974100000,2020-06-01T01:15:00+00:00,9473.5,9493.5,9465,9493.5,647.658,6138826.6735
1590975000000,2020-06-01T01:30:00+00:00,9493.5,9519.5,9485,9510.5,686.415,6524955.8825
1590975900000,2020-06-01T01:45:00+00:00,9510.5,9568,9503.5,9550,750.236,7148393.455
1590976800000,2020-06-01T02:00:00+00:00,9550,9565,9535.5,9544.5,1088.278,10392893.4515
1590977700000,2020-06-01T02:15:00+00:00,9544.5,9553.5,9526,9539.5,1118.527,10671106.024
1590978600000,2020-06-01T02:30:00+00:00,9539.5,9558,9532.5,9538,1083.862,10345113.7505
1590979500000,2020-06-01T02:45:00+00:00,9538,9550,9529.5,9532.5,1039.156,9912221.262
1590980400000,2020-06-01T03:00:00+00:00,9532.5,9549.5,9521,9530,1348.807,12861098.8935
1590981300000,2020-06-01T03:15:00+00:00,9530,9549.5,9524,9549,1226.736,11697195.1745
1590982200000,2020-06-01T03:30:00+00:00,9549,9559,9540.5,9555.5,1318.12,12588652.284
1590983100000,2020-06-01T03:45:00+00:00,9555.5,9560,9543,9555.5,1274.441,12173661.1055
1590984000000,2020-06-01T04:00:00+00:00,9555.5,9582,9555,9580.5,1460.11,13967685.017
1590984900000,2020-06-01T04:15:00+00:00,9580.5,9617.5,9562,9568,2004.966,19218068.568
1590985800000,2020-06-01T04:30:00+00:00,9568,9572.5,9552,9566,1413.056,13508757.292
1590986700000,2020-06-01T04:45:00+00:00,9566,9566.5,9542,9548.5,1434.266,13702660.708
1590987600000,2020-06-01T05:00:00+00:00,9548.5,9556,9540,9545.5,815.648,7787262.8465
1590988500000,2020-06-01T05:15:00+00:00,9545.5,9550,9538,9548.5,576.848,5505310.869
1590989400000,2020-06-01T05:30:00+00:00,9548.5,9564,9541,9543.5,779.337,7445083.5535
1590990300000,2020-06-01T05:45:00+00:00,9543.5,9548,9526,9535,579.925,5532323.311
1590991200000,2020-06-01T06:00:00+00:00,9535,9550,9533.5,9550,587.071,5602369.1285
1590992100000,2020-06-01T06:15:00+00:00,9550,9553,9532,9547,476.819,4549937.6715
1590993000000,2020-06-01T06:30:00+00:00,9547,9560.5,9547,9560.5,479.716,4583203.175
1590993900000,2020-06-01T06:45:00+00:00,9560.5,9561,9536.5,9539.5,493.298,4710095.6625
1590994800000,2020-06-01T07:00:00+00:00,9539.5,9555,9538,9552.5,1277.694,12199786.4265
1590995700000,2020-06-01T07:15:00+00:00,9552.5,9567.5,9551,9562,1544.336,14758347.245
1590996600000,2020-06-01T07:30:00+00:00,9562,9580,9558.5,9574,1564.028,14966720.5905
1590997500000,2020-06-01T07:45:00+00:00,9574,9579.5,9558,9572.5,1547.758,14805097.173
1590998400000,2020-06-01T08:00:00+00:00,9572.5,9580.5,9549,9558,1190.559,11392064.635
1590999300000,2020-06-01T08:15:00+00:00,9558,9559,9541,9546.5,890.13,8499766.6075
1591000200000,2020-06-01T08:30:00+00:00,9546.5,9559.5,9539.5,9551,663.602,6337171.7725
1591001100000,2020-06-01T08:45:00+00:00,9551,9551.5,9532.5,9539.5,724.656,6914495.544
1591002000000,2020-06-01T09:00:00+00:00,9539.5,9550,9535,9538,931.842,8891444.193
1591002900000,2020-06-01T09:15:00+00:00,9538,9552.5,9536,9552,933.91,8914399.216
1591003800000,2020-06-01T09:30:00+00:00,9552,9559,9544.5,9546,915.275,8743820.0645
1591004700000,2020-06-01T09:45:00+00:00,9546,9548.5,9533,9540.5,900.06,8587436.1355
1591005600000,2020-06-01T10:00:00+00:00,9540.5,9541,9518,9518.5,944.627,9003719.016
1591006500000,2020-06-01T10:15:00+00:00,9518.5,9537,9514.5,9534,972.943,9270342.279
1591007400000,2020-06-01T10:30:00+00:00,9534,9543.5,9524,9540.5,919.393,8766454.759
1591008300000,2020-06-01T10:45:00+00:00,9540.5,9548.5,9533,9541.5,881.915,8414984.573
1591009200000,2020-06-01T11:00:00+00:00,9541.5,9549,9522,9523,919.519,8767571.977
1591010100000,2020-06-01T11:15:00+00:00,9523,9528.5,9517.5,9522,864.803,8235592.1205
1591011000000,2020-06-01T11:30:00+00:00,9522,9529,9511,9522,897.31,8542971.366
1591011900000,2020-06-01T11:45:00+00:00,9522,9536.5,9511.5,9512,945.727,9011677.277
1591012800000,2020-06-01T12:00:00+00:00,9512,9525,9508,9511,1254.384,11936257.0875
1591013700000,2020-06-01T12:15:00+00:00,9511,9580,9496,9578,2362.034,22541891.864
1591014600000,2020-06-01T12:30:00+00:00,9578,9590.5,9561,9567,1718.768,16454096.8025
1591015500000,2020-06-01T12:45:00+00:00,9567,9576,9555.5,9556,1476.991,14126987.7455
1591016400000,2020-06-01T13:00:00+00:00,9556,9570.5,9552,9554,1047.85,10018326.812
1591017300000,2020-06-01T13:15:00+00:00,9554,9568,9550,9562.5,952.409,9103357.3785
1591018200000,2020-06-01T13:30:00+00:00,9562.5,9569.5,9556,9569.5,934.153,8932746.091
1591019100000,2020-06-01T13:45:00+00:00,9569.5,9569.5,9544,9552,949.82,9075948.935
1591020000000,2020-06-01T14:00:00+00:00,9552,9568.5,9550.5,9565,673.656,6438908.5975
1591020900000,2020-06-01T14:15:00+00:00,9565,9578.5,9552.5,9556,641.264,6132815.874
1591021800000,2020-06-01T14:30:00+00:00,9556,9577.5,9556,9574,692.201,6623835.3425
1591022700000,2020-06-01T14:45:00+00:00,9574,9574.5,9547,9560,618.538,5910197.165
1591023600000,2020-06-01T15:00:00+00:00,9560,9560.5,9498.5,9521,2369.047,22541226.013
1591024500000,2020-06-01T15:15:00+00:00,9521,9535,9515,9527,1853.132,17647278.098
1591025400000,2020-06-01T15:30:00+00:00,9527,9545.5,9527,9531,1958.252,18675966.2965
1591026300000,2020-06-01T15:45:00+00:00,9531,9544,9524,9544,1879.219,17913362.843
1591027200000,2020-06-01T16:00:00+00:00,9544,9594,9535.5,9574.5,1334.269,12756749.4155
1591028100000,2020-06-01T16:15:00+00:00,9574.5,9613.5,9550,9562.5,1390.678,13324156.0855
1591029000000,2020-06-01T16:30:00+00:00,9562.5,9570,9554,9568,921.886,8815978.673
1591029900000,2020-06-01T16:45:00+00:00,9568,9585,9562,9581,900.618,8619744.66
1591030800000,2020-06-01T17:00:00+00:00,9581,9589.5,9568,9570,1269.661,12157770.1195
1591031700000,2020-06-01T17:15:00+00:00,9570,9576,9560.5,9574,1385.725,13259164.3365
1591032600000,2020-06-01T17:30:00+00:00,9574,9587.5,9572,9579,1428.01,13678841.5965
1591033500000,2020-06-01T17:45:00+00:00,9579,9579,9568.5,9578,1406.182,13463644.5495
1591034400000,2020-06-01T18:00:00+00:00,9578,9586.5,9575.5,9580,1718.713,16466416.9895
1591035300000,2020-06-01T18:15:00+00:00,9580,9581,9563.5,9563.5,1813.918,17360668.339
1591036200000,2020-06-01T18:30:00+00:00,9563.5,9571.5,9555.5,9569,1827.674,17479414.365
1591037100000,2020-06-01T18:45:00+00:00,9569,9585.5,9564,9578,1838.073,17596161.1595
1591038000000,2020-06-01T19:00:00+00:00,9578,9586.5,9575.5,9578.5,1120.121,10730789.43
1591038900000,2020-06-01T19:15:00+00:00,9578.5,9605,9574,9605,935.048,8960937.473
1591039800000,2020-06-01T19:30:00+00:00,9605,9608.5,9582,9597.5,899.608,8631250.5675
1591040700000,2020-06-01T19:45:00+00:00,9597.5,9598,9559.5,9570,882.672,8453177.4005
1591041600000,2020-06-01T20:00:00+00:00,9570,9579,9556,9578,893.757,8555308.026
1591042500000,2020-06-01T20:15:00+00:00,9578,9594.5,9574.5,9591.5,830.281,7959500.258
1591043400000,2020-06-01T20:30:00+00:00,9591.5,9607.5,9587.5,9606.5,815.582,7825543.6295
1591044300000,2020-06-01T20:45:00+00:00,9606.5,9690,9606.5,9670,1607.832,15534407.031
1591045200000,2020-06-01T21:00:00+00:00,9670,9713.5,9628.5,9672.5,1703.968,16466637.306
1591046100000,2020-06-01T21:15:00+00:00,9672.5,9674.5,9649,9668.5,1253.034,12109931.3395
1591047000000,2020-06-01T21:30:00+00:00,9668.5,9669.5,9646,9660,1244.509,12020968.14
1591047900000,2020-06-01T21:45:00+00:00,9660,9660.5,9646,9651,1274.499,12299776.7105
1591048800000,2020-06-01T22:00:00+00:00,9651,9673,9651,9659.5,1030.148,9958019.07
1591049700000,2020-06-01T22:15:00+00:00,9659.5,9723.5,9656.5,9695.5,1066.155,10329775.624
1591050600000,2020-06-01T22:30:00+00:00,9695.5,9719.5,9682,9719,1066.296,10337798.2055
1591051500000,2020-06-01T22:45:00+00:00,9719,9748,9689,9739.5,1495.983,14537563.6105
1591052400000,2020-06-01T23:00:00+00:00,9739.5,10317,9739.5,10177,5261.07,52787213.3965
1591053300000,2020-06-01T23:15:00+00:00,10177,10220.5,10066,10156,3136.673,31804828.1055
1591054200000,2020-06-01T23:30:00+00:00,10156,10400.5,10129.5,10280.5,4294.738,44072849.7695
1591055100000,2020-06-01T23:45:00+00:00,10280.5,10281.5,10167.5,10223,2592.915,26492147.735
1591056000000,2020-06-02T00:00:00+00:00,10223,10244.5,10150.5,10187.5,2090.531,21303142.023
1591056900000,2020-06-02T00:15:00+00:00,10187.5,10210.5,10162,10208.5,1567.335,15963681.622
1591057800000,2020-06-02T00:30:00+00:00,10208.5,10210.5,10169.5,10173,1440.63,14670766.222
1591058700000,2020-06-02T00:45:00+00:00,10173,10185,10120,10140,1587.506,16115301.7265
1591059600000,2020-06-02T01:00:00+00:00,10140,10160,10102.5,10116,1060.005,10740999.8805
1591060500000,2020-06-02T01:15:00+00:00,10116,10140.5,10099.5,10099.5,930.105,9417650.5295
1591061400000,2020-06-02T01:30:00+00:00,10099.5,10108.5,10057,10092,1075.78,10841439.2005
1591062300000,2020-06-02T01:45:00+00:00,10092,10126.5,10082.5,10123,909.373,9194166.703
1591063200000,2020-06-02T02:00:00+00:00,10123,10124.5,10086.5,10095,1469.729,14841951.716
1591064100000,2020-06-02T02:15:00+00:00,10095,10116.5,10090,10098,1614.775,16319358.573
1591065000000,2020-06-02T02:30:00+00:00,10098,10120,10089,10104.5,1652.983,16699304.3895
1591065900000,2020-06-02T02:45:00+00:00,10104.5,10106,10083.5,10087,1609.464,16246522.137
1591066800000,2020-06-02T03:00:00+00:00,10087,10105.5,10060,10066,1454.845,14670208.3135
1591067700000,2020-06-02T03:15:00+00:00,10066,10083.5,10046,10073.5,1309.866,13184400.7065
1591068600000,2020-06-02T03:30:00+00:00,10073.5,10080,10065,10076,1072.244,10802562.0135
1591069500000,2020-06-02T03:45:00+00:00,10076,10111,10076,10099.5,1131.039,11417506.2605
1591070400000,2020-06-02T04:00:00+00:00,10099.5,10114,10079,10086,946.738,9556979.956
1591071300000,2020-06-02T04:15:00+00:00,10086,10105,10070,10095,949.658,9576807.4785
1591072200000,2020-06-02T04:30:00+00:00,10095,10113,10091.5,10098,901.99,9110666.895
1591073100000,2020-06-02T04:45:00+00:00,10098,10098,10081.5,10093.5,866.284,8741535.6015
1591074000000,2020-06-02T05:00:00+00:00,10093.5,10098.5,10075,10093.5,860.758,8681958.686
1591074900000,2020-06-02T05:15:00+00:00,10093.5,10104,10082,10099.5,892.884,9010979.8935
1591075800000,2020-06-02T05:30:00+00:00,10099.5,10120,10098,10110.5,925.2,9352957.998
1591076700000,2020-06-02T05:45:00+00:00,10110.5,10120,10072,10088,1225.132,12357971.868
1591077600000,2020-06-02T06:00:00+00:00,10088,10124.5,10080.5,10119.5,951.715,9609424.9515
1591078500000,2020-06-02T06:15:00+00:00,10119.5,10130,10105.5,10106,984.398,9958083.009
1591079400000,2020-06-02T06:30:00+00:00,10106,10108.5,10092,10095,1081.497,10922479.2655
1591080300000,2020-06-02T06:45:00+00:00,10095,10111,10089.5,10096,926.527,9355711.939
1591081200000,2020-06-02T07:00:00+00:00,10096,10110,10090,10101,921.624,9306362.798
1591082100000,2020-06-02T07:15:00+00:00,10101,10111.5,10095,10103,983.53,9937447.861
1591083000000,2020-06-02T07:30:00+00:00,10103,10105.5,10090,10097.5,1050.16,10607027.9415
1591083900000,2020-06-02T07:45:00+00:00,10097.5,10121.5,10097,10116,1012.091,10234715.44
1591084800000,2020-06-02T08:00:00+00:00,10116,10149,10115.5,10126,965.607,9780951.7495
1591085700000,2020-06-02T08:15:00+00:00,10126,10139.5,10115.5,10125,681.27,6898622.582
1591086600000,2020-06-02T08:30:00+00:00,10125,10126.5,10102,10113,645.109,6523332.9355
1591087500000,2020-06-02T08:45:00+00:00,10113,10121,10104,10105.5,615.343,6221012.8385
1591088400000,2020-06-02T09:00:00+00:00,10105.5,10123.5,10104.5,10108,865.275,8752403.785
1591089300000,2020-06-02T09:15:00+00:00,10108,10124,10108,10116,915.092,9258304.2305
1591090200000,2020-06-02T09:30:00+00:00,10116,10122,10100,10105.5,1044.385,10557732.819
1591091100000,2020-06-02T09:45:00+00:00,10105.5,10113,10089.5,10097,908.278,9179043.995
1591092000000,2020-06-02T10:00:00+00:00,10097,10120.5,10091.5,10116,906.784,9170291.2385
1591092900000,2020-06-02T10:15:00+00:00,10116,10116,10106.5,10110.5,910.359,9204948.364
1591093800000,2020-06-02T10:30:00+00:00,10110.5,10134.5,10103,10130,1079.508,10925709.184
1591094700000,2020-06-02T10:45:00+00:00,10130,10140.5,10119.5,10137.5,1063.319,10772319.6755
1591095600000,2020-06-02T11:00:00+00:00,10137.5,10143.5,10111,10112.5,1473.722,14917898.861
1591096500000,2020-06-02T11:15:00+00:00,10112.5,10125,10111,10111,1772.216,17928753.9215
1591097400000,2020-06-02T11:30:00+00:00,10111,10119.5,10104,10106.5,1745.859,17652565.737
1591098300000,2020-06-02T11:45:00+00:00,10106.5,10119,10100,10119,1679.04,16974895.1255
1591099200000,2020-06-02T12:00:00+00:00,10119,10132.5,10114,10130.5,1004.351,10166047.668
1591100100000,2020-06-02T12:15:00+00:00,10130.5,10134.5,10108,10109.5,817.388,8273482.597
1591101000000,2020-06-02T12:30:00+00:00,10109.5,10127.5,10109.5,10114.5,755.491,7642395.749
1591101900000,2020-06-02T12:45:00+00:00,10114.5,10130,10113,10122.5,918.286,9293789.8355
1591102800000,2020-06-02T13:00:00+00:00,10122.5,10143.5,10120.5,10142.5,1391.463,14099424.729
1591103700000,2020-06-02T13:15:00+00:00,10142.5,10174,10125,10161,1806.281,18332617.1675
1591104600000,2020-06-02T13:30:00+00:00,10161,10187.5,10150,10172.5,1704.875,17341228.6695
1591105500000,2020-06-02T13:45:00+00:00,10172.5,10175,10148.5,10154,1565.109,15909872.042
1591106400000,2020-06-02T14:00:00+00:00,10154,10179.5,10150.5,10166,1001.978,10186024.714
1591107300000,2020-06-02T14:15:00+00:00,10166,10173.5,10146,10153,823.987,8370935.256
1591108200000,2020-06-02T14:30:00+00:00,10153,10157,10133.5,10133.5,840.376,8528380.9355
1591109100000,2020-06-02T14:45:00+00:00,10133.5,10138,9374,9589.5,7629.027,73425481.177
1591110000000,2020-06-02T15:00:00+00:00,9589.5,9603,9493.5,9524,3340.394,31884950.336
1591110900000,2020-06-02T15:15:00+00:00,9524,9549,9284,9384,3397.483,32071444.782
1591111800000,2020-06-02T15:30:00+00:00,9384,9493.5,9332.5,9456.5,2456.048,23165227.586
1591112700000,2020-06-02T15:45:00+00:00,9456.5,9497,9443.5,9466,1344.246,12730621.8245
1591113600000,2020-06-02T16:00:00+00:00,9466,9512,9431,9484.5,1452.938,13786574.8615
1591114500000,2020-06-02T16:15:00+00:00,9484.5,9490,9451,9489.5,1307.369,12384538.759
1591115400000,2020-06-02T16:30:00+00:00,9489.5,9489.5,9426,9444.5,1500.96,14197328.68
1591116300000,2020-06-02T16:45:00+00:00,9444.5,9485,9441.5,9477.5,1069.282,10119983.7
1591117200000,2020-06-02T17:00:00+00:00,9477.5,9490.5,9462,9486,858.567,8139261.727
1591118100000,2020-06-02T17:15:00+00:00,9486,9489.5,9474,9483.5,912.248,8650733.2455
1591119000000,2020-06-02T17:30:00+00:00,9483.5,9499,9475,9496.5,898.806,8528511.286
1591119900000,2020-06-02T17:45:00+00:00,9496.5,9536.5,9493,9528.5,1093.071,10402427.364
1591120800000,2020-06-02T18:00:00+00:00,9528.5,9532,9511.5,9527.5,1018.443,9696378.3465
1591121700000,2020-06-02T18:15:00+00:00,9527.5,9535.5,9483,9505.5,1394.594,13274020.7585
1591122600000,2020-06-02T18:30:00+00:00,9505.5,9518.5,9496.5,9517.5,1003.434,9540941.2505
1591123500000,2020-06-02T18:45:00+00:00,9517.5,9519.5,9500,9511,1016.091,9659849.937
1591124400000,2020-06-02T19:00:00+00:00,9511,9511.5,9490,9503.5,955.322,9074415.663
1591125300000,2020-06-02T19:15:00+00:00,9503.5,9529.5,9499.5,9528,871.151,8288547.4685
1591126200000,2020-06-02T19:30:00+00:00,9528,9529.5,9511.5,9518,838.85,7986138.354
1591127100000,2020-06-02T19:45:00+00:00,9518,9528,9502,9507.5,854.335,8133837.1615
1591128000000,2020-06-02T20:00:00+00:00,9507.5,9509,9454.5,9476,1062.938,10088858.4305
1591128900000,2020-06-02T20:15:00+00:00,9476,9496.5,9469,9494.5,803.057,7617569.025
1591129800000,2020-06-02T20:30:00+00:00,9494.5,9500,9491.5,9499,896.531,8513466.701
1591130700000,2020-06-02T20:45:00+00:00,9499,9525.5,9493,9522.5,837.377,7959793.3355
1591131600000,2020-06-02T21:00:00+00:00,9522.5,9522.5,9514.5,9519.5,873.759,8317357.479
1591132500000,2020-06-02T21:15:00+00:00,9519.5,9530.5,9510.5,9530,869.972,8282756.2035
1591133400000,2020-06-02T21:30:00+00:00,9530,9552.5,9529,9545,935.105,8919180.7325
1591134300000,2020-06-02T21:45:00+00:00,9545,9545,9519.5,9521,879.226,8377959.4515
1591135200000,2020-06-02T22:00:00+00:00,9521,9549,9521,9548.5,1365.294,13027288.3355
1591136100000,2020-06-02T22:15:00+00:00,9548.5,9553,9506,9523,1774.737,16905556.3735
1591137000000,2020-06-02T22:30:00+00:00,9523,9537.5,9501,9531.5,1535.02,14611519.7025
1591137900000,2020-06-02T22:45:00+00:00,9531.5,9532.5,9427.5,9493,2237.805,21249469.224
1591138800000,2020-06-02T23:00:00+00:00,9493,9500,9463,9487,1546.507,14666694.8785
1591139700000,2020-06-02T23:15:00+00:00,9487,9513,9475,9507.5,1676.35,15911498.6125
1591140600000,2020-06-02T23:30:00+00:00,9507.5,9517.5,9501.5,9508,1556.94,14808054.5465
1591141500000,2020-06-02T23:45:00+00:00,9508,9535,9507,9519,1549.13,14746521.313
1591142400000,2020-06-03T00:00:00+00:00,9519,9535,9500,9522.5,1016.792,9672641.892
1591143300000,2020-06-03T00:15:00+00:00,9522.5,9537.5,9519,9524,918.636,8752590.041
1591144200000,2020-06-03T00:30:00+00:00,9524,9530.5,9494.5,9516.5,957.313,9113734.5535
1591145100000,2020-06-03T00:45:00+00:00,9516.5,9527,9510.5,9525,910.681,8669943.0165
1591146000000,2020-06-03T01:00:00+00:00,9525,9529.5,9511.5,9512.5,1413.402,13455252.573
1591146900000,2020-06-03T01:15:00+00:00,9512.5,9516,9495,9498,1551.954,14756015.1695
1591147800000,2020-06-03T01:30:00+00:00,9498,9513,9495,9508,1565.416,14876140.0945
1591148700000,2020-06-03T01:45:00+00:00,9508,9511.5,9496.5,9506,1572.638,14949721.3195
1591149600000,2020-06-03T02:00:00+00:00,9506,9514.5,9472,9489.5,1496.779,14215382.86
1591150500000,2020-06-03T02:15:00+00:00,9489.5,9505.5,9480,9490.5,1394.476,13238720.5265
1591151400000,2020-06-03T02:30:00+00:00,9490.5,9507.5,9488.5,9499.5,1426.395,13548657.474
1591152300000,2020-06-03T02:45:00+00:00,9499.5,9509.5,9493.5,9494,1364.854,12969192.269
1591153200000,2020-06-03T03:00:00+00:00,9494,9495,9485.5,9488,953.743,9052122.044
1591154100000,2020-06-03T03:15:00+00:00,9488,9500.5,9487,9488,676.536,6422984.0935
1591155000000,2020-06-03T03:30:00+00:00,9488,9499,9482.5,9483.5,801.012,7603294.395
1591155900000,2020-06-03T03:45:00+00:00,9483.5,9499.5,9483.5,9492,700.356,6646094.0065
1591156800000,2020-06-03T04:00:00+00:00,9492,9504.5,9480,9504.5,865.432,8211906.366
1591157700000,2020-06-03T04:15:00+00:00,9504.5,9516,9500.5,9514.5,1047.75,9961786.391
1591158600000,2020-06-03T04:30:00+00:00,9514.5,9519,9504.5,9512,930.036,8844561.961
1591159500000,2020-06-03T04:45:00+00:00,9512,9512.5,9495.5,9498.5,942.984,8962364.6465
1591160400000,2020-06-03T05:00:00+00:00,9498.5,9505,9493,9495.5,1199.423,11394678.2695
1591161300000,2020-06-03T05:15:00+00:00,9495.5,9495.5,9389,9453,2323.964,21973672.5685
1591162200000,2020-06-03T05:30:00+00:00,9453,9517,9452,9493,1814.844,17231134.8235
1591163100000,2020-06-03T05:45:00+00:00,9493,9525,9493,9512,1532.263,14577236.097
1591164000000,2020-06-03T06:00:00+00:00,9512,9523.5,9509,9516.5,1022.074,9726740.471
1591164900000,2020-06-03T06:15:00+00:00,9516.5,9527.5,9510,9515,973.809,9267392.981
1591165800000,2020-06-03T06:30:00+00:00,9515,9522,9500,9521.5,903.727,8593167.7095
1591166700000,2020-06-03T06:45:00+00:00,9521.5,9522,9508,9516.5,893.138,8499425.522
1591167600000,2020-06-03T07:00:00+00:00,9516.5,9524.5,9491,9503.5,1697.743,16139364.0485
1591168500000,2020-06-03T07:15:00+00:00,9503.5,9508,9494.5,9504.5,1858.66,17660648.169
1591169400000,2020-06-03T07:30:00+00:00,9504.5,9538,9501,9515.5,2202.279,20966275.591
1591170300000,2020-06-03T07:45:00+00:00,9515.5,9516.5,9505,9505,1853.776,17632440.58
1591171200000,2020-06-03T08:00:00+00:00,9505,9523.5,9505,9518.5,1108.057,10546346.0805
1591172100000,2020-06-03T08:15:00+00:00,9518.5,9523,9511.5,9520.5,946.186,9006434.9225
1591173000000,2020-06-03T08:30:00+00:00,9520.5,9527,9517.5,9518.5,1030.632,9814407.708
1591173900000,2020-06-03T08:45:00+00:00,9518.5,9520,9492,9505.5,1075.166,10223017.6355
1591174800000,2020-06-03T09:00:00+00:00,9505.5,9537,9500.5,9523,1245.513,11851308.5575
1591175700000,2020-06-03T09:15:00+00:00,9523,9529.5,9519.5,9523,1150.064,10953868.319
1591176600000,2020-06-03T09:30:00+00:00,9523,9529.5,9516,9528.5,1141.394,10871427.355
1591177500000,2020-06-03T09:45:00+00:00,9528.5,9530,9521,9524.5,1076.189,10251845.877
1591178400000,2020-06-03T10:00:00+00:00,9524.5,9597.5,9520,9573.5,1569.572,15013435.745
1591179300000,2020-06-03T10:15:00+00:00,9573.5,9597,9564,9571.5,1239.95,11882553.103
1591180200000,2020-06-03T10:30:00+00:00,9571.5,9590,9560,9571.5,1134.362,10866747.3425
1591181100000,2020-06-03T10:45:00+00:00,9571.5,9622.5,9571,9589.5,1451.555,13917342.7625
1591182000000,2020-06-03T11:00:00+00:00,9589.5,9595.5,9575,9582.5,633.992,6078252.121
1591182900000,2020-06-03T11:15:00+00:00,9582.5,9586.5,9566.5,9582,368.476,3529843.6335
1591183800000,2020-06-03T11:30:00+00:00,9582,9594,9571.5,9582,379.79,3638963.525
1591184700000,2020-06-03T11:45:00+00:00,9582,9626,9581.5,9617.5,466.736,4482224.229
1591185600000,2020-06-03T12:00:00+00:00,9617.5,9648.5,9608,9608,996.19,9581653.1355
1591186500000,2020-06-03T12:15:00+00:00,9608,9617.5,9589.5,9590,1065.632,10234357.6125
1591187400000,2020-06-03T12:30:00+00:00,9590,9607.5,9559,9581,986.245,9456671.99
1591188300000,2020-06-03T12:45:00+00:00,9581,9607.5,9575,9599.5,936.689,8982902.835
1591189200000,2020-06-03T13:00:00+00:00,9599.5,9614.5,9590,9595.5,966.272,9279185.596
1591190100000,2020-06-03T13:15:00+00:00,9595.5,9598,9585,9597.5,859.742,8245746.213
1591191000000,2020-06-03T13:30:00+00:00,9597.5,9599.5,9574,9592.5,899.108,8619759.0285
1591191900000,2020-06-03T13:45:00+00:00,9592.5,9596.5,9576,9583.5,873.219,8372203.869
1591192800000,2020-06-03T14:00:00+00:00,9583.5,9594.5,9500,9533.5,1796.554,17166990.978
1591193700000,2020-06-03T14:15:00+00:00,9533.5,9568.5,9532.5,9557,1313.112,12542793.053
1591194600000,2020-06-03T14:30:00+00:00,9557,9565.5,9537.5,9545,1121.477,10709666.9555
1591195500000,2020-06-03T14:45:00+00:00,9545,9586,9544.5,9583,1183.571,11322379.685
1591196400000,2020-06-03T15:00:00+00:00,9583,9583.5,9566.5,9578.5,839.293,8037279.454
1591197300000,2020-06-03T15:15:00+00:00,9578.5,9593.5,9570,9575,761.995,7299228.6245
1591198200000,2020-06-03T15:30:00+00:00,9575,9580,9525.5,9545,848.443,8110418.426
1591199100000,2020-06-03T15:45:00+00:00,9545,9560.5,9536.5,9559.5,695.021,6634419.654
1591200000000,2020-06-03T16:00:00+00:00,9559.5,9571.5,9548,9568.5,1155.171,11047412.758
1591200900000,2020-06-03T16:15:00+00:00,9568.5,9589,9562.5,9573.5,1340.728,12835392.459
1591201800000,2020-06-03T16:30:00+00:00,9573.5,9580.5,9558,9560.5,1387.976,13290098.6545
1591202700000,2020-06-03T16:45:00+00:00,9560.5,9574.5,9550,9561.5,1403.2,13419308.3695
1591203600000,2020-06-03T17:00:00+00:00,9561.5,9579,9560,9575,902.804,8639436.288
1591204500000,2020-06-03T17:15:00+00:00,9575,9580.5,9556.5,9573.5,769.135,7359953.5005
1591205400000,2020-06-03T17:30:00+00:00,9573.5,9579,9558,9574.5,721.278,6901975.7165
1591206300000,2020-06-03T17:45:00+00:00,9574.5,9576.5,9557.5,9564.5,749.241,7170257.5125
1591207200000,2020-06-03T18:00:00+00:00,9564.5,9569.5,9541,9553.5,1028.005,9819410.484
1591208100000,2020-06-03T18:15:00+00:00,9553.5,9568.5,9551,9565.5,1156.758,11058679.9255
1591209000000,2020-06-03T18:30:00+00:00,9565.5,9618.5,9565.5,9613,1440.464,13809071.343
1591209900000,2020-06-03T18:45:00+00:00,9613,9617,9597,9598.5,1113.892,10700688.5965
1591210800000,2020-06-03T19:00:00+00:00,9598.5,9627,9584.5,9604.5,649.506,6239888.385
1591211700000,2020-06-03T19:15:00+00:00,9604.5,9614.5,9591.5,9604.5,377.828,3627452.653
1591212600000,2020-06-03T19:30:00+00:00,9604.5,9607.5,9518.5,9573.5,645.564,6175395.3875
1591213500000,2020-06-03T19:45:00+00:00,9573.5,9585,9565,9579.5,390.396,3738279.2035
1591214400000,2020-06-03T20:00:00+00:00,9579.5,9582,9569,9569,910.691,8717431.831
1591215300000,2020-06-03T20:15:00+00:00,9569,9573,9561.5,9571.5,1134.438,10853911.3585
1591216200000,2020-06-03T20:30:00+00:00,9571.5,9581.5,9567,9581.5,1188.552,11378374.536
1591217100000,2020-06-03T20:45:00+00:00,9581.5,9588.5,9576.5,9583.5,1117.249,10706570.7475
1591218000000,2020-06-03T21:00:00+00:00,9583.5,9601,9582,9585,1143.616,10965462.553
1591218900000,2020-06-03T21:15:00+00:00,9585,9585,9574,9575,1112.688,10658451.2205
1591219800000,2020-06-03T21:30:00+00:00,9575,9594.5,9573,9590,1135.577,10882808.9045
1591220700000,2020-06-03T21:45:00+00:00,9590,9594.5,9571.5,9581.5,1096.666,10512621.04
1591221600000,2020-06-03T22:00:00+00:00,9581.5,9587.5,9561.5,9579,930.893,8919695.4805
1591222500000,2020-06-03T22:15:00+00:00,9579,9586,9571.5,9572,850.799,8148274.8065
1591223400000,2020-06-03T22:30:00+00:00,9572,9593.5,9561.5,9593.5,832.773,7976247.907
1591224300000,2020-06-03T22:45:00+00:00,9593.5,9613,9584.5,9607,909.309,8729985.3585
1591225200000,2020-06-03T23:00:00+00:00,9607,9623.5,9594.5,9602.5,623.963,5997478.1485
1591226100000,2020-06-03T23:15:00+00:00,9602.5,9618.5,9598.5,9603,472.263,4538116.4345
1591227000000,2020-06-03T23:30:00+00:00,9603,9698,9602.5,9653,983.541,9486607.299
1591227900000,2020-06-03T23:45:00+00:00,9653,9670,9646,9667.5,487.019,4704216.118
1591228800000,2020-06-04T00:00:00+00:00,9667.5,9673,9637,9644.5,594.501,5737449.169
1591229700000,2020-06-04T00:15:00+00:00,9644.5,9646.5,9605,9628.5,604.399,5821772.73
1591230600000,2020-06-04T00:30:00+00:00,9628.5,9647.5,9624.5,9631,510.527,4919136.86
1591231500000,2020-06-04T00:45:00+00:00,9631,9641,9627.5,9632,437.362,4214025.2035
1591232400000,2020-06-04T01:00:00+00:00,9632,9669.5,9631.5,9655.5,816.103,7880726.198
1591233300000,2020-06-04T01:15:00+00:00,9655.5,9655.5,9636,9654,869.031,8384624.451
1591234200000,2020-06-04T01:30:00+00:00,9654,9665.5,9652.5,9660.5,865.322,8356792.2105
1591235100000,2020-06-04T01:45:00+00:00,9660.5,9660.5,9639,9643.5,868.401,8376024.085
1591236000000,2020-06-04T02:00:00+00:00,9643.5,9661,9629.5,9660,1395.837,13472951.8755
1591236900000,2020-06-04T02:15:00+00:00,9660,9674.5,9655.5,9667.5,1326.267,12814278.5905
1591237800000,2020-06-04T02:30:00+00:00,9667.5,9679.5,9656.5,9663.5,1345.961,13006608.42
1591238700000,2020-06-04T02:45:00+00:00,9663.5,9683,9660.5,9669.5,1283.618,12413329.05
1591239600000,2020-06-04T03:00:00+00:00,9669.5,9679.5,9651.5,9652.5,1345.854,13008099.057
1591240500000,2020-06-04T03:15:00+00:00,9652.5,9678.5,9651,9675,1263.51,12212239.4145
1591241400000,2020-06-04T03:30:00+00:00,9675,9682.5,9663,9673,1289.318,12472986.8755
1591242300000,2020-06-04T03:45:00+00:00,9673,9684.5,9662.5,9665.5,1414.108,13681400.355
1591243200000,2020-06-04T04:00:00+00:00,9665.5,9672,9651,9662.5,658.29,6362149.549
1591244100000,2020-06-04T04:15:00+00:00,9662.5,9674.5,9647,9656,386.27,3732928.239
1591245000000,2020-06-04T04:30:00+00:00,9656,9658,9637,9655.5,559.168,5394865.929
1591245900000,2020-06-04T04:45:00+00:00,9655.5,9655.5,9629.5,9645,437.413,4218289.8225
1591246800000,2020-06-04T05:00:00+00:00,9645,9653.5,9634,9646,849.118,8189995.813
1591247700000,2020-06-04T05:15:00+00:00,9646,9656.5,9640.5,9650.5,1140.056,10999621.225
1591248600000,2020-06-04T05:30:00+00:00,9650.5,9651,9631.5,9640,1087.106,10479357.0085
1591249500000,2020-06-04T05:45:00+00:00,9640,9647,9628,9643,1042.222,10042256.867
1591250400000,2020-06-04T06:00:00+00:00,9643,9644.5,9625,9634,567.724,5471692.374
1591251300000,2020-06-04T06:15:00+00:00,9634,9641,9632.5,9640.5,635.95,6129117.5495
1591252200000,2020-06-04T06:30:00+00:00,9640.5,9660.5,9640.5,9657,508.536,4906937.947
1591253100000,2020-06-04T06:45:00+00:00,9657,9658,9644.5,9649,502.252,4846684.378
1591254000000,2020-06-04T07:00:00+00:00,9649,9662.5,9646,9661.5,471.944,4556641.6085
1591254900000,2020-06-04T07:15:00+00:00,9661.5,9662,9651,9657.5,517.759,4999588.2635
1591255800000,2020-06-04T07:30:00+00:00,9657.5,9664.5,9648.5,9651,499.451,4823664.0055
1591256700000,2020-06-04T07:45:00+00:00,9651,9657,9645,9649,461.919,4457301.023
1591257600000,2020-06-04T08:00:00+00:00,9649,9652.5,9632,9645,550.244,5304679.729
1591258500000,2020-06-04T08:15:00+00:00,9645,9645.5,9616,9624,583.821,5624164.8545
1591259400000,2020-06-04T08:30:00+00:00,9624,9641,9624,9629,542.987,5230084.414
1591260300000,2020-06-04T08:45:00+00:00,9629,9646,9629,9639,520.055,5012587.328
1591261200000,2020-06-04T09:00:00+00:00,9639,9639.5,9623,9624,579.717,5585330.846
1591262100000,2020-06-04T09:15:00+00:00,9624,9628.5,9510,9569,1445.741,13829146.8365
1591263000000,2020-06-04T09:30:00+00:00,9569,9569.5,9540,9555.5,769.166,7349961.5215
1591263900000,2020-06-04T09:45:00+00:00,9555.5,9568.5,9546.5,9563.5,572.3,5469876.2955
1591264800000,2020-06-04T10:00:00+00:00,9563.5,9563.5,9510,9532.5,1460.782,13929217
1591265700000,2020-06-04T10:15:00+00:00,9532.5,9546.5,9521.5,9541,1304.127,12438488.442
1591266600000,2020-06-04T10:30:00+00:00,9541,9554.5,9531.5,9552.5,1308.63,12491460.1305
1591267500000,2020-06-04T10:45:00+00:00,9552.5,9562.5,9540,9547,1224.066,11688096.8665
1591268400000,2020-06-04T11:00:00+00:00,9547,9554.5,9533.5,9540.5,1175.944,11225095.885
1591269300000,2020-06-04T11:15:00+00:00,9540.5,9545,9521.5,9524.5,1180.706,11256076.995
1591270200000,2020-06-04T11:30:00+00:00,9524.5,9649,9462,9611.5,3517.621,33611913.3625
1591271100000,2020-06-04T11:45:00+00:00,9611.5,9633,9606,9626.5,1245.623,11979951.88
1591272000000,2020-06-04T12:00:00+00:00,9626.5,9650,9607.5,9649.5,954.965,9186872.9965
1591272900000,2020-06-04T12:15:00+00:00,9649.5,9684,9636,9640,1213.724,11721706.8045
1591273800000,2020-06-04T12:30:00+00:00,9640,9647,9630,9642,876.066,8443092.343
1591274700000,2020-06-04T12:45:00+00:00,9642,9654.5,9635.5,9643.5,821.191,7922710.5515
1591275600000,2020-06-04T13:00:00+00:00,9643.5,9664.5,9638.5,9650,1255.773,12121247.3715
1591276500000,2020-06-04T13:15:00+00:00,9650,9765.5,9648,9732.5,2613.048,25393568.304
1591277400000,2020-06-04T13:30:00+00:00,9732.5,9761,9720,9755,1699.706,16554002.164
1591278300000,2020-06-04T13:45:00+00:00,9755,9784,9736.5,9759,1909.858,18630870.6885
1591279200000,2020-06-04T14:00:00+00:00,9759,9776.5,9737.5,9743.5,1396.897,13622873.902
1591280100000,2020-06-04T14:15:00+00:00,9743.5,9764.5,9733.5,9736.5,1327.048,12936436.0995
1591281000000,2020-06-04T14:30:00+00:00,9736.5,9745.5,9719.5,9736.5,1310.978,12766094.6415
1591281900000,2020-06-04T14:45:00+00:00,9736.5,9758.5,9735,9745.5,1309.102,12757969.354
1591282800000,2020-06-04T15:00:00+00:00,9745.5,9764.5,9722.5,9738,1110.65,10825847.9865
1591283700000,2020-06-04T15:15:00+00:00,9738,9754,9723,9752,969.156,9440458.35
1591284600000,2020-06-04T15:30:00+00:00,9752,9765.5,9742,9760.5,863.255,8421042.5175
1591285500000,2020-06-04T15:45:00+00:00,9760.5,9848,9745.5,9829,1395.939,13660879.9205
1591286400000,2020-06-04T16:00:00+00:00,9829,9861.5,9754.5,9778,2050.689,20077360.7355
1591287300000,2020-06-04T16:15:00+00:00,9778,9808,9770,9794,1657.865,16232528.2465
1591288200000,2020-06-04T16:30:00+00:00,9794,9798,9772.5,9772.5,1675.254,16402687.295
1591289100000,2020-06-04T16:45:00+00:00,9772.5,9785,9763,9772,1692.026,16542954.9235
1591290000000,2020-06-04T17:00:00+00:00,9772,9791.5,9770.5,9786.5,1060.098,10370075.912
1591290900000,2020-06-04T17:15:00+00:00,9786.5,9790,9776,9782,864.996,8460195.31
1591291800000,2020-06-04T17:30:00+00:00,9782,9819,9776,9808.5,950.14,9305605.0505
1591292700000,2020-06-04T17:45:00+00:00,9808.5,9823.5,9803.5,9818.5,838.73,8229923.3125
1591293600000,2020-06-04T18:00:00+00:00,9818.5,9888.5,9817.5,9861,1544.648,15215340.6595
1591294500000,2020-06-04T18:15:00+00:00,9861,9870,9789,9812.5,1109.983,10919076.8015
1591295400000,2020-06-04T18:30:00+00:00,9812.5,9835,9808.5,9817.5,933.884,9170803.532
1591296300000,2020-06-04T18:45:00+00:00,9817.5,9828,9723,9764.5,1203.998,11798437.3775
1591297200000,2020-06-04T19:00:00+00:00,9764.5,9789.5,9760,9781.5,913.017,8928191.8225
1591298100000,2020-06-04T19:15:00+00:00,9781.5,9796.5,9775,9783.5,886.545,8676374.0505
1591299000000,2020-06-04T19:30:00+00:00,9783.5,9813.5,9775.5,9802.5,1059.497,10377756.6015
1591299900000,2020-06-04T19:45:00+00:00,9802.5,9817.5,9795,9816.5,939.856,9215975.5575
1591300800000,2020-06-04T20:00:00+00:00,9816.5,9826.5,9784,9790,974.311,9552122.6085
1591301700000,2020-06-04T20:15:00+00:00,9790,9811.5,9755,9773,1220.061,11947743.865
1591302600000,2020-06-04T20:30:00+00:00,9773,9781.5,9743.5,9762,1214.238,11858426.6745
1591303500000,2020-06-04T20:45:00+00:00,9762,9789,9755.5,9785,980.866,9583422.992
1591304400000,2020-06-04T21:00:00+00:00,9785,9785,9760,9760,773.307,7557144.1175
1591305300000,2020-06-04T21:15:00+00:00,9760,9770.5,9750,9750.5,720.287,7031750.8565
1591306200000,2020-06-04T21:30:00+00:00,9750.5,9766.5,9736.5,9766.5,749.563,7309610.5215
1591307100000,2020-06-04T21:45:00+00:00,9766.5,9780.5,9763,9780,739.645,7225821.6375
1591308000000,2020-06-04T22:00:00+00:00,9780,9780.5,9764.5,9766,879.577,8595566.0925
1591308900000,2020-06-04T22:15:00+00:00,9766,9778.5,9753,9772,880.99,8603479.976
1591309800000,2020-06-04T22:30:00+00:00,9772,9816.5,9766.5,9816.5,936.752,9171078.6945
1591310700000,2020-06-04T22:45:00+00:00,9816.5,9838,9806,9814.5,935.948,9193171.973
1591311600000,2020-06-04T23:00:00+00:00,9814.5,9830,9796,9818.5,1424.184,13979478.2745
1591312500000,2020-06-04T23:15:00+00:00,9818.5,9860.5,9816.5,9855,1793.967,17637099.2465
1591313400000,2020-06-04T23:30:00+00:00,9855,9857,9800,9805.5,1950.996,19153233.8245
1591314300000,2020-06-04T23:45:00+00:00,9805.5,9810,9781,9788.5,1500.326,14701244.5115
1591315200000,2020-06-05T00:00:00+00:00,9788.5,9814.5,9775.5,9788,1456.847,14272475.463
1591316100000,2020-06-05T00:15:00+00:00,9788,9790,9757.5,9777.5,1469.274,14369461.777
1591317000000,2020-06-05T00:30:00+00:00,9777.5,9800,9770.5,9798.5,1435.132,14048111.3395
1591317900000,2020-06-05T00:45:00+00:00,9798.5,9812.5,9789.5,9803.5,1497.156,14670370.813
1591318800000,2020-06-05T01:00:00+00:00,9803.5,9818.5,9802,9812.5,1079.713,10591240.255
1591319700000,2020-06-05T01:15:00+00:00,9812.5,9826,9802,9810.5,974.598,9564809.858
1591320600000,2020-06-05T01:30:00+00:00,9810.5,9844.5,9806,9836,858.336,8425174.5325
1591321500000,2020-06-05T01:45:00+00:00,9836,9842.5,9805,9822.5,1548.806,15221008.783
1591322400000,2020-06-05T02:00:00+00:00,9822.5,9828.5,9814,9819,1608.214,15796101.8485
1591323300000,2020-06-05T02:15:00+00:00,9819,9819.5,9800,9809.5,1866.407,18307121.052
1591324200000,2020-06-05T02:30:00+00:00,9809.5,9816.5,9789,9801,1869.991,18332423.7235
1591325100000,2020-06-05T02:45:00+00:00,9801,9806.5,9792,9800,1809.632,17736049.676
1591326000000,2020-06-05T03:00:00+00:00,9800,9826.5,9796.5,9820,1652.997,16223339.8865
1591326900000,2020-06-05T03:15:00+00:00,9820,9826.5,9767,9783.5,1829.563,17938159.7465
1591327800000,2020-06-05T03:30:00+00:00,9783.5,9791.5,9771,9787.5,1695.535,16586827.104
1591328700000,2020-06-05T03:45:00+00:00,9787.5,9797.5,9752,9796.5,2015.464,19716619.03
1591329600000,2020-06-05T04:00:00+00:00,9796.5,9824.5,9796,9805,1817.338,17828694.9485
1591330500000,2020-06-05T04:15:00+00:00,9805,9816.5,9777,9782,1849.316,18128551.106
1591331400000,2020-06-05T04:30:00+00:00,9782,9785,9773,9785,1757.115,17188360.286
1591332300000,2020-06-05T04:45:00+00:00,9785,9791.5,9770,9788,1858.949,18180669.1215
1591333200000,2020-06-05T05:00:00+00:00,9788,9800.5,9781,9799,1812.341,17753187.1875
1591334100000,2020-06-05T05:15:00+00:00,9799,9806.5,9793,9800.5,1864.791,18273044.0915
1591335000000,2020-06-05T05:30:00+00:00,9800.5,9801,9780.5,9786,1821.938,17835383.0435
1591335900000,2020-06-05T05:45:00+00:00,9786,9792.5,9778,9790.5,1813.602,17747838.2195
1591336800000,2020-06-05T06:00:00+00:00,9790.5,9791.5,9766,9766.5,1413.781,13821245.333
1591337700000,2020-06-05T06:15:00+00:00,9766.5,9779.5,9761,9766,968.846,9467406.8735
1591338600000,2020-06-05T06:30:00+00:00,9766,9809,9740,9794,1543.639,15096081.061
1591339500000,2020-06-05T06:45:00+00:00,9794,9804,9791.5,9800.5,971.589,9520434.4945
1591340400000,2020-06-05T07:00:00+00:00,9800.5,9800.5,9777,9781,797.218,7798835.6855
1591341300000,2020-06-05T07:15:00+00:00,9781,9785,9770,9775.5,737.962,7216376.8695
1591342200000,2020-06-05T07:30:00+00:00,9775.5,9778,9766,9772.5,783.158,7651948.475
1591343100000,2020-06-05T07:45:00+00:00,9772.5,9779,9754,9776,791.736,7733546.9465
1591344000000,2020-06-05T08:00:00+00:00,9776,9789.5,9748,9757,893.728,8737283.0805
1591344900000,2020-06-05T08:15:00+00:00,9757,9795,9653.5,9789.5,2053.84,20024719.4035
1591345800000,2020-06-05T08:30:00+00:00,9789.5,9851.5,9789.5,9841.5,1074.98,10558722.303
1591346700000,2020-06-05T08:45:00+00:00,9841.5,9857,9821,9833.5,915.217,8998079.038
1591347600000,2020-06-05T09:00:00+00:00,9833.5,9839,9814.5,9835,1001.432,9842577.332
1591348500000,2020-06-05T09:15:00+00:00,9835,9835.5,9806.5,9816,1064.84,10459063.83
1591349400000,2020-06-05T09:30:00+00:00,9816,9824,9807.5,9817.5,1059,10396374.9025
1591350300000,2020-06-05T09:45:00+00:00,9817.5,9831,9811.5,9827,1108.28,10887039.15
1591351200000,2020-06-05T10:00:00+00:00,9827,9828,9727.5,9752.5,2183.119,21363421.7695
1591352100000,2020-06-05T10:15:00+00:00,9752.5,9763.5,9690,9738.5,2048.946,19949831.5005
1591353000000,2020-06-05T10:30:00+00:00,9738.5,9752.5,9719,9746,1554.213,15132736.321
1591353900000,2020-06-05T10:45:00+00:00,9746,9746,9674,9701.5,2061.269,20020092.6425
1591354800000,2020-06-05T11:00:00+00:00,9701.5,9718,9661.5,9717.5,1892.829,18351273.6495
1591355700000,2020-06-05T11:15:00+00:00,9717.5,9738.5,9701,9727,824.361,8011215.099
1591356600000,2020-06-05T11:30:00+00:00,9727,9728.5,9675,9691,938.703,9109435.5965
1591357500000,2020-06-05T11:45:00+00:00,9691,9704.5,9601,9696.5,1479.19,14298351.044
1591358400000,2020-06-05T12:00:00+00:00,9696.5,9700,9662.5,9665.5,1016.424,9837805.867
1591359300000,2020-06-05T12:15:00+00:00,9665.5,9668,9626,9664.5,1042.533,10066822.3535
1591360200000,2020-06-05T12:30:00+00:00,9664.5,9723.5,9663,9702,1182.191,11471312.5935
1591361100000,2020-06-05T12:45:00+00:00,9702,9703,9656,9673,987.195,9554324.5835
1591362000000,2020-06-05T13:00:00+00:00,9673,9715,9668.5,9686.5,923.622,8951561.3895
1591362900000,2020-06-05T13:15:00+00:00,9686.5,9691,9645.5,9667.5,832.088,8049462.434
1591363800000,2020-06-05T13:30:00+00:00,9667.5,9697.5,9658.5,9695,777.045,7517940.2375
1591364700000,2020-06-05T13:45:00+00:00,9695,9724,9686,9711,810.211,7864067.406
1591365600000,2020-06-05T14:00:00+00:00,9711,9719.5,9690.5,9718,1177.385,11426398.091
1591366500000,2020-06-05T14:15:00+00:00,9718,9718,9699.5,9709.5,1312.851,12743934.8535
1591367400000,2020-06-05T14:30:00+00:00,9709.5,9709.5,9690.5,9706,1296.058,12574004.708
1591368300000,2020-06-05T14:45:00+00:00,9706,9710,9671,9684,1340.063,12991287.4135
1591369200000,2020-06-05T15:00:00+00:00,9684,9691,9658.5,9678,1040.68,10076307.242
1591370100000,2020-06-05T15:15:00+00:00,9678,9681.5,9658.5,9662,903.839,8741826.237
1591371000000,2020-06-05T15:30:00+00:00,9662,9688,9650,9687.5,899.674,8706810.93
1591371900000,2020-06-05T15:45:00+00:00,9687.5,9715.5,9683.5,9708,965.148,9361054.306
1591372800000,2020-06-05T16:00:00+00:00,9708,9722.5,9694.5,9721.5,757.905,7357083.115
1591373700000,2020-06-05T16:15:00+00:00,9721.5,9721.5,9693.5,9699.5,630.651,6120086.167
1591374600000,2020-06-05T16:30:00+00:00,9699.5,9733.5,9691.5,9722,648.053,6297673.806
1591375500000,2020-06-05T16:45:00+00:00,9722,9735,9718,9723,697.763,6786875.6465
1591376400000,2020-06-05T17:00:00+00:00,9723,9748.5,9715,9738,1541.761,15005147.5105
1591377300000,2020-06-05T17:15:00+00:00,9738,9744.5,9727.5,9741.5,1905.142,18552279.866
1591378200000,2020-06-05T17:30:00+00:00,9741.5,9743,9721.5,9724.5,1782.075,17346873.4215
1591379100000,2020-06-05T17:45:00+00:00,9724.5,9731,9722,9724.5,1801.987,17526725.54
1591380000000,2020-06-05T18:00:00+00:00,9724.5,9738.5,9722,9734,906.762,8823804.607
1591380900000,2020-06-05T18:15:00+00:00,9734,9740,9725.5,9734,574.814,5594634.1765
1591381800000,2020-06-05T18:30:00+00:00,9734,9739.5,9721.5,9739.5,627.546,6108940.575
1591382700000,2020-06-05T18:45:00+00:00,9739.5,9750,9729.5,9740.5,603.89,5881421.059
1591383600000,2020-06-05T19:00:00+00:00,9740.5,9749.5,9708,9725.5,1329.076,12931006.383
1591384500000,2020-06-05T19:15:00+00:00,9725.5,9729.5,9720,9721,1624.599,15797582.3955
1591385400000,2020-06-05T19:30:00+00:00,9721,9721,9702,9715,1582.033,15365704.843
1591386300000,2020-06-05T19:45:00+00:00,9715,9733,9709.5,9722,1660.753,16142237.3135
1591387200000,2020-06-05T20:00:00+00:00,9722,9731.5,9721.5,9727,1737.032,16897889.0325
1591388100000,2020-06-05T20:15:00+00:00,9727,9727.5,9703.5,9704,1842.935,17915316.91
1591389000000,2020-06-05T20:30:00+00:00,9704,9704,9682.5,9686,1856.766,17997270.3545
1591389900000,2020-06-05T20:45:00+00:00,9686,9714,9684,9713.5,1790.927,17368261.8845
1591390800000,2020-06-05T21:00:00+00:00,9713.5,9715,9685.5,9697,966.962,9386795.8805
1591391700000,2020-06-05T21:15:00+00:00,9697,9700.5,9683,9699,671.838,6511125.7475
1591392600000,2020-06-05T21:30:00+00:00,9699,9699,9679.5,9680,664.615,6437434.0985
1591393500000,2020-06-05T21:45:00+00:00,9680,9683,9653.5,9665,636.57,6155276.881
1591394400000,2020-06-05T22:00:00+00:00,9665,9680.5,9634,9674.5,946.964,9145953.7355
1591395300000,2020-06-05T22:15:00+00:00,9674.5,9686.5,9647,9653.5,930.689,8997402.708
1591396200000,2020-06-05T22:30:00+00:00,9653.5,9674.5,9643,9672.5,970.987,9380007.435
1591397100000,2020-06-05T22:45:00+00:00,9672.5,9680,9661.5,9678,967.035,9354509.7185
1591398000000,2020-06-05T23:00:00+00:00,9678,9681.5,9666.5,9670.5,1316.013,12729576.242
1591398900000,2020-06-05T23:15:00+00:00,9670.5,9672,9629.5,9661,1473.322,14222296.884
1591399800000,2020-06-05T23:30:00+00:00,9661,9672.5,9652.5,9657,1422.554,13746875.2905
1591400700000,2020-06-05T23:45:00+00:00,9657,9658.5,9625,9625,1474.915,14213437.9985
1591401600000,2020-06-06T00:00:00+00:00,9625,9625,9550.5,9575,2303.44,22081554.831
1591402500000,2020-06-06T00:15:00+00:00,9575,9600,9560,9592.5,1689.518,16200104.4325
1591403400000,2020-06-06T00:30:00+00:00,9592.5,9593,9540.5,9586,2112.847,20226223.8275
1591404300000,2020-06-06T00:45:00+00:00,9586,9609,9578,9597.5,1777.922,17053848.164
1591405200000,2020-06-06T01:00:00+00:00,9597.5,9608,9577,9590.5,1914.086,18367490.2735
1591406100000,2020-06-06T01:15:00+00:00,9590.5,9616.5,9585,9600,1925.557,18488870.464
1591407000000,2020-06-06T01:30:00+00:00,9600,9604.5,9587,9602.5,1960.821,18809927.9645
1591407900000,2020-06-06T01:45:00+00:00,9602.5,9604.5,9574,9576.5,1898.613,18205088.8325
1591408800000,2020-06-06T02:00:00+00:00,9576.5,9594,9567.5,9567.5,1418.948,13602768.0765
1591409700000,2020-06-06T02:15:00+00:00,9567.5,9593,9551,9588,1309.143,12542234.205
1591410600000,2020-06-06T02:30:00+00:00,9588,9600,9587.5,9596,1272.106,12203644.8785
1591411500000,2020-06-06T02:45:00+00:00,9596,9605.5,9588,9597,1301.592,12489622.449
1591412400000,2020-06-06T03:00:00+00:00,9597,9607.5,9591,9592,1206.381,11581691.8175
1591413300000,2020-06-06T03:15:00+00:00,9592,9592.5,9571.5,9589,1245.826,11941050.9335
1591414200000,2020-06-06T03:30:00+00:00,9589,9621.5,9588,9620.5,1434.663,13783808.4975
1591415100000,2020-06-06T03:45:00+00:00,9620.5,9644.5,9610.5,9634.5,1297.777,12483621.799
1591416000000,2020-06-06T04:00:00+00:00,9634.5,9634.5,9613.5,9624.5,1276.318,12285187.792
1591416900000,2020-06-06T04:15:00+00:00,9624.5,9631.5,9613.5,9623,1197.822,11525846.8895
1591417800000,2020-06-06T04:30:00+00:00,9623,9624,9605.5,9609.5,1308.397,12578566.571
1591418700000,2020-06-06T04:45:00+00:00,9609.5,9618.5,9604,9607,1254.948,12062192.661
1591419600000,2020-06-06T05:00:00+00:00,9607,9607,9580.5,9602,1278.311,12270780.436
1591420500000,2020-06-06T05:15:00+00:00,9602,9617.5,9601.5,9614,1256.88,12079578.7355
1591421400000,2020-06-06T05:30:00+00:00,9614,9624.5,9597,9622,1253.011,12048080.367
1591422300000,2020-06-06T05:45:00+00:00,9622,9628.5,9613.5,9618,1277.356,12287975.7545
1591423200000,2020-06-06T06:00:00+00:00,9618,9632,9610,9627,866.561,8340144.874
1591424100000,2020-06-06T06:15:00+00:00,9627,9630,9610,9619.5,814.528,7834425.724
1591425000000,2020-06-06T06:30:00+00:00,9619.5,9622,9600,9602.5,742.931,7142217.04
1591425900000,2020-06-06T06:45:00+00:00,9602.5,9613.5,9598,9605.5,806.578,7748265.334
1591426800000,2020-06-06T07:00:00+00:00,9605.5,9635.5,9605.5,9624.5,727.389,6999189.0205
1591427700000,2020-06-06T07:15:00+00:00,9624.5,9628,9611,9613,720.878,6932087.5585
1591428600000,2020-06-06T07:30:00+00:00,9613,9620,9598,9602.5,796.142,7648839.877
1591429500000,2020-06-06T07:45:00+00:00,9602.5,9624.5,9602.5,9609.5,763.886,7347060.4175
1591430400000,2020-06-06T08:00:00+00:00,9609.5,9614.5,9591,9591,1354.6,13007482.8695
1591431300000,2020-06-06T08:15:00+00:00,9591,9602,9585,9585,1516.568,14549857.083
1591432200000,2020-06-06T08:30:00+00:00,9585,9595,9580,9590.5,1435.416,13763785.74
1591433100000,2020-06-06T08:45:00+00:00,9590.5,9608,9590.5,9604,1451.24,13928162.814
1591434000000,2020-06-06T09:00:00+00:00,9604,9688,9603.5,9669,1603.789,15472507.727
1591434900000,2020-06-06T09:15:00+00:00,9669,9692,9659,9666,1113.453,10770466.0715
1591435800000,2020-06-06T09:30:00+00:00,9666,9681,9660.5,9679.5,955.632,9241016.799
1591436700000,2020-06-06T09:45:00+00:00,9679.5,9697.5,9668,9672.5,958.878,9281210.6925
1591437600000,2020-06-06T10:00:00+00:00,9672.5,9678,9661,9674,966.677,9347585.0255
1591438500000,2020-06-06T10:15:00+00:00,9674,9686,9665.5,9665.5,947.648,9170415.8175
1591439400000,2020-06-06T10:30:00+00:00,9665.5,9680.5,9664.5,9672,922.385,8920892.385
1591440300000,2020-06-06T10:45:00+00:00,9672,9682.5,9668.5,9669.5,906.561,8771328.46
1591441200000,2020-06-06T11:00:00+00:00,9669.5,9683,9668,9676,999.213,9669194.6395
1591442100000,2020-06-06T11:15:00+00:00,9676,9676,9663,9667,1066.915,10316659.338
1591443000000,2020-06-06T11:30:00+00:00,9667,9683,9664.5,9682.5,1141.763,11042062.632
1591443900000,2020-06-06T11:45:00+00:00,9682.5,9696.5,9673,9690.5,1099.896,10652902.5205
1591444800000,2020-06-06T12:00:00+00:00,9690.5,9737,9690,9715.5,1582.727,15383076.779
1591445700000,2020-06-06T12:15:00+00:00,9715.5,9727,9692,9699.5,1158.88,11254215.859
1591446600000,2020-06-06T12:30:00+00:00,9699.5,9705.5,9630.5,9657.5,1527.221,14764018.1485
1591447500000,2020-06-06T12:45:00+00:00,9657.5,9662.5,9640.5,9647.5,1163.568,11230752.723
1591448400000,2020-06-06T13:00:00+00:00,9647.5,9669.5,9647,9661.5,691.896,6682595.176
1591449300000,2020-06-06T13:15:00+00:00,9661.5,9667.5,9651,9660,585.586,5655790.9
1591450200000,2020-06-06T13:30:00+00:00,9660,9665,9648,9652.5,529.717,5115043.1295
1591451100000,2020-06-06T13:45:00+00:00,9652.5,9659.5,9640,9652.5,506.803,4891390.2895
1591452000000,2020-06-06T14:00:00+00:00,9652.5,9667.5,9645,9664.5,647.422,6254444.852
1591452900000,2020-06-06T14:15:00+00:00,9664.5,9664.5,9648.5,9649.5,659.341,6366590.666
1591453800000,2020-06-06T14:30:00+00:00,9649.5,9659,9649.5,9655.5,625.661,6040419.308
1591454700000,2020-06-06T14:45:00+00:00,9655.5,9660.5,9642,9648.5,665.67,6424202.1785
1591455600000,2020-06-06T15:00:00+00:00,9648.5,9649.5,9622,9641,1212.329,11687880.686
1591456500000,2020-06-06T15:15:00+00:00,9641,9654,9637.5,9639,1349.468,13017084.8325
1591457400000,2020-06-06T15:30:00+00:00,9639,9664,9634,9654.5,1382.947,13347392.8625
1591458300000,2020-06-06T15:45:00+00:00,9654.5,9658,9646,9649,1499.664,14475258.021
1591459200000,2020-06-06T16:00:00+00:00,9649,9663.5,9643,9657.5,830.2,8015401.583
1591460100000,2020-06-06T16:15:00+00:00,9657.5,9660,9650,9653.5,702.899,6786953.8095
1591461000000,2020-06-06T16:30:00+00:00,9653.5,9653.5,9640.5,9644,668.772,6451540.442
1591461900000,2020-06-06T16:45:00+00:00,9644,9651,9581,9613.5,1049.948,10094842.094
1591462800000,2020-06-06T17:00:00+00:00,9613.5,9614,9583,9601,548.745,5267954.6815
1591463700000,2020-06-06T17:15:00+00:00,9601,9608,9595.5,9603.5,511.909,4915222.409
1591464600000,2020-06-06T17:30:00+00:00,9603.5,9607.5,9593.5,9599.5,539.745,5182209.747
1591465500000,2020-06-06T17:45:00+00:00,9599.5,9617.5,9594.5,9614,522.836,5024769.8575
1591466400000,2020-06-06T18:00:00+00:00,9614,9619,9604.5,9618,970.324,9326990.74
1591467300000,2020-06-06T18:15:00+00:00,9618,9618,9606,9612,1065.689,10244778.1645
1591468200000,2020-06-06T18:30:00+00:00,9612,9631.5,9609,9623,1093.013,10516738.865
1591469100000,2020-06-06T18:45:00+00:00,9623,9629.5,9619,9624.5,1113.714,10718978.569
1591470000000,2020-06-06T19:00:00+00:00,9624.5,9626.5,9615.5,9616.5,842.811,8109531.0125
1591470900000,2020-06-06T19:15:00+00:00,9616.5,9624.5,9610.5,9624.5,727.473,6994700.2905
1591471800000,2020-06-06T19:30:00+00:00,9624.5,9672.5,9623.5,9660,801.623,7727872.569
1591472700000,2020-06-06T19:45:00+00:00,9660,9667,9652.5,9654.5,756.574,7306758.2735
1591473600000,2020-06-06T20:00:00+00:00,9654.5,9662,9643,9652,952.508,9193530.167
1591474500000,2020-06-06T20:15:00+00:00,9652,9686,9643.5,9679.5,962.966,9305600.6475
1591475400000,2020-06-06T20:30:00+00:00,9679.5,9686,9661,9673.5,987.784,9550404.955
1591476300000,2020-06-06T20:45:00+00:00,9673.5,9719,9668,9697.5,1162.606,11263287.141
1591477200000,2020-06-06T21:00:00+00:00,9697.5,9717.5,9695.5,9697.5,577.134,5603784.1585
1591478100000,2020-06-06T21:15:00+00:00,9697.5,9698,9681,9685,574.513,5566323.736
1591479000000,2020-06-06T21:30:00+00:00,9685,9689,9675.5,9682,430.897,4172106.1465
1591479900000,2020-06-06T21:45:00+00:00,9682,9701,9677.5,9691.5,432.335,4188336.325
1591480800000,2020-06-06T22:00:00+00:00,9691.5,9704.5,9679.5,9688.5,871.009,8440306.077
1591481700000,2020-06-06T22:15:00+00:00,9688.5,9700,9645,9660.5,1202.947,11636438.611
1591482600000,2020-06-06T22:30:00+00:00,9660.5,9665.5,9628,9634,1140.146,10998648.4325
1591483500000,2020-06-06T22:45:00+00:00,9634,9648,9632,9642,1216.954,11733606.3245
1591484400000,2020-06-06T23:00:00+00:00,9642,9663,9637,9658,1026.261,9901051.1715
1591485300000,2020-06-06T23:15:00+00:00,9658,9659,9642.5,9649.5,994.101,9593807.1805
1591486200000,2020-06-06T23:30:00+00:00,9649.5,9675,9647.5,9668,995.987,9618748.485
1591487100000,2020-06-06T23:45:00+00:00,9668,9698.5,9653.5,9664,1090.176,10545482.0555
1591488000000,2020-06-07T00:00:00+00:00,9664,9665,9636.5,9646.5,1405.478,13559897.1925
1591488900000,2020-06-07T00:15:00+00:00,9646.5,9656,9623,9654.5,1388.489,13391882.974
1591489800000,2020-06-07T00:30:00+00:00,9654.5,9664,9649.5,9656.5,1330.56,12847538.0305
1591490700000,2020-06-07T00:45:00+00:00,9656.5,9669.5,9654.5,9669,1396.544,13491114.625
1591491600000,2020-06-07T01:00:00+00:00,9669,9673.5,9645,9648,763.795,7380116.6315
1591492500000,2020-06-07T01:15:00+00:00,9648,9653,9643,9650,478.234,4614321.603
1591493400000,2020-06-07T01:30:00+00:00,9650,9672,9650,9663.5,657.249,6353109.354
1591494300000,2020-06-07T01:45:00+00:00,9663.5,9675.5,9656,9662.5,512.488,4954566.0265
1591495200000,2020-06-07T02:00:00+00:00,9662.5,9695,9650.5,9684.5,620.477,6006390.62
1591496100000,2020-06-07T02:15:00+00:00,9684.5,9695.5,9680.5,9690,580.456,5624963.793
1591497000000,2020-06-07T02:30:00+00:00,9690,9691.5,9673.5,9681,563.061,5451186.146
1591497900000,2020-06-07T02:45:00+00:00,9681,9692.5,9675,9681,607.939,5886149.9435
1591498800000,2020-06-07T03:00:00+00:00,9681,9681.5,9667,9672.5,967.12,9356005.078
1591499700000,2020-06-07T03:15:00+00:00,9672.5,9682,9670.5,9678.5,1017.936,9850714.1085
1591500600000,2020-06-07T03:30:00+00:00,9678.5,9686,9677.5,9683.5,1036.792,10037719.124
1591501500000,2020-06-07T03:45:00+00:00,9683.5,9694,9676,9681.5,1019.354,9872246.634
1591502400000,2020-06-07T04:00:00+00:00,9681.5,9712,9677,9696.5,822.164,7968982.1415
1591503300000,2020-06-07T04:15:00+00:00,9696.5,9702,9688,9688,730.828,7084648.4165
1591504200000,2020-06-07T04:30:00+00:00,9688,9699.5,9673.5,9679.5,783.379,7590341.9285
1591505100000,2020-06-07T04:45:00+00:00,9679.5,9685,9673.5,9677,719.931,6968966.2635
1591506000000,2020-06-07T05:00:00+00:00,9677,9685.5,9671,9676.5,970.819,9395449.876
1591506900000,2020-06-07T05:15:00+00:00,9676.5,9685,9670,9673,1081.693,10468510.3375
1591507800000,2020-06-07T05:30:00+00:00,9673,9679,9663.5,9669.5,991.029,9583913.806
1591508700000,2020-06-07T05:45:00+00:00,9669.5,9672.5,9647.5,9667,1082.804,10463529.781
1591509600000,2020-06-07T06:00:00+00:00,9667,9669,9657,9659.5,1368.398,13222815.2515
1591510500000,2020-06-07T06:15:00+00:00,9659.5,9669.5,9651.5,9668.5,1451.703,14020057.182
1591511400000,2020-06-07T06:30:00+00:00,9668.5,9678,9664.5,9672.5,1416.767,13701272.2825
1591512300000,2020-06-07T06:45:00+00:00,9672.5,9672.5,9659,9663.5,1468.703,14196777.944
1591513200000,2020-06-07T07:00:00+00:00,9663.5,9673.5,9656.5,9658.5,830.565,8028459.5915
1591514100000,2020-06-07T07:15:00+00:00,9658.5,9663.5,9631,9648.5,612.117,5908147.08
1591515000000,2020-06-07T07:30:00+00:00,9648.5,9662.5,9648,9659.5,569.918,5503655.0575
1591515900000,2020-06-07T07:45:00+00:00,9659.5,9663,9645,9654.5,542.88,5241961.629
1591516800000,2020-06-07T08:00:00+00:00,9654.5,9674.5,9643.5,9662,1197.457,11566683.3935
1591517700000,2020-06-07T08:15:00+00:00,9662,9662,9600,9617,1972.268,18986434.4095
1591518600000,2020-06-07T08:30:00+00:00,9617,9644.5,9550,9630,1922.239,18466908.5335
1591519500000,2020-06-07T08:45:00+00:00,9630,9676.5,9626,9658,2025.807,19553923.3505
1591520400000,2020-06-07T09:00:00+00:00,9658,9669.5,9644.5,9647,1099.584,10617373.6125
1591521300000,2020-06-07T09:15:00+00:00,9647,9652,9630.5,9640,998.498,9630282.009
1591522200000,2020-06-07T09:30:00+00:00,9640,9641,9618,9630,951.644,9166839.862
1591523100000,2020-06-07T09:45:00+00:00,9630,9648,9623.5,9627.5,1006.025,9690212.645
1591524000000,2020-06-07T10:00:00+00:00,9627.5,9631,9611,9630,1245.356,11986995.59
1591524900000,2020-06-07T10:15:00+00:00,9630,9630,9601,9621,1380.578,13276364.805
1591525800000,2020-06-07T10:30:00+00:00,9621,9639,9619.5,9628,1430.512,13774597.0215
1591526700000,2020-06-07T10:45:00+00:00,9628,9638.5,9622.5,9622.5,1288.357,12406012.5575
1591527600000,2020-06-07T11:00:00+00:00,9622.5,9632,9620,9626.5,775.91,7468106.52
1591528500000,2020-06-07T11:15:00+00:00,9626.5,9630,9605,9607,674.861,6490309.988
1591529400000,2020-06-07T11:30:00+00:00,9607,9614.5,9574.5,9591.5,815.878,7831439.93
1591530300000,2020-06-07T11:45:00+00:00,9591.5,9602,9559.5,9573.5,770.179,7381548.918
1591531200000,2020-06-07T12:00:00+00:00,9573.5,9602,9535,9581.5,1100.708,10537648.664
1591532100000,2020-06-07T12:15:00+00:00,9581.5,9583.5,9470.5,9512.5,1502.322,14315085.0965
1591533000000,2020-06-07T12:30:00+00:00,9512.5,9542.5,9475,9518.5,1086.985,10343189.6295
1591533900000,2020-06-07T12:45:00+00:00,9518.5,9526,9495,9509.5,792.178,7534739.5245
1591534800000,2020-06-07T13:00:00+00:00,9509.5,9534,9482.5,9501.5,1630.713,15513151.7395
1591535700000,2020-06-07T13:15:00+00:00,9501.5,9510.5,9455,9492.5,2244.114,21292321.4525
1591536600000,2020-06-07T13:30:00+00:00,9492.5,9519,9461.5,9478.5,1838.287,17451966.038
1591537500000,2020-06-07T13:45:00+00:00,9478.5,9489.5,9427.5,9444.5,2838.883,26870661.096
1591538400000,2020-06-07T14:00:00+00:00,9444.5,9477,9374.5,9470,3463.035,32705436.8665
1591539300000,2020-06-07T14:15:00+00:00,9470,9497.5,9460,9484,1853.642,17568922.966
1591540200000,2020-06-07T14:30:00+00:00,9484,9492,9464.5,9476.5,1771.214,16785060.204
1591541100000,2020-06-07T14:45:00+00:00,9476.5,9483.5,9451,9452.5,1832.51,17345097.953
1591542000000,2020-06-07T15:00:00+00:00,9452.5,9486,9451,9467,1723.167,16318951.972
1591542900000,2020-06-07T15:15:00+00:00,9467,9482,9466,9466,1676.545,15881319.536
1591543800000,2020-06-07T15:30:00+00:00,9466,9502.5,9464,9478,1647.927,15629284.0925
1591544700000,2020-06-07T15:45:00+00:00,9478,9497,9474,9495.5,1718.736,16301909.8625
1591545600000,2020-06-07T16:00:00+00:00,9495.5,9495.5,9465,9465,970.061,9195155.3495
1591546500000,2020-06-07T16:15:00+00:00,9465,9473,9455,9459.5,702.102,6644322.432
1591547400000,2020-06-07T16:30:00+00:00,9459.5,9481,9456.5,9479.5,681.059,6449805.3795
1591548300000,2020-06-07T16:45:00+00:00,9479.5,9487.5,9468,9487,706.841,6700071.499
1591549200000,2020-06-07T17:00:00+00:00,9487,9487,9465,9473,882.373,8358114.6965
1591550100000,2020-06-07T17:15:00+00:00,9473,9479,9457.5,9473.5,963.094,9119753.1125
1591551000000,2020-06-07T17:30:00+00:00,9473.5,9488.5,9473,9475.5,927.189,8790045.3845
1591551900000,2020-06-07T17:45:00+00:00,9475.5,9499.5,9472,9494,936.449,8880327.1825
1591552800000,2020-06-07T18:00:00+00:00,9494,9508,9485.5,9504,1419.642,13476369.6595
1591553700000,2020-06-07T18:15:00+00:00,9504,9525,9500,9515,1575.449,14987739.67
1591554600000,2020-06-07T18:30:00+00:00,9515,9534.5,9513.5,9524,1594.26,15185026.9925
1591555500000,2020-06-07T18:45:00+00:00,9524,9534.5,9520,9526,1542.766,14697950.8715
1591556400000,2020-06-07T19:00:00+00:00,9526,9535.5,9520,9526,1056.13,10060832.4185
1591557300000,2020-06-07T19:15:00+00:00,9526,9559,9511.5,9540,931.07,8875402.204
1591558200000,2020-06-07T19:30:00+00:00,9540,9683,9539.5,9655.5,1820.149,17482682.657
1591559100000,2020-06-07T19:45:00+00:00,9655.5,9815,9648,9769,1891.322,18394328.2415
1591560000000,2020-06-07T20:00:00+00:00,9769,9802,9725.5,9743.5,1688.284,16477306.143
1591560900000,2020-06-07T20:15:00+00:00,9743.5,9763,9714,9729.5,1022.292,9959272.8765
1591561800000,2020-06-07T20:30:00+00:00,9729.5,9741,9705,9720,1092.842,10633466.4655
1591562700000,2020-06-07T20:45:00+00:00,9720,9735,9680,9730.5,1126.576,10932614.209
1591563600000,2020-06-07T21:00:00+00:00,9730.5,9731.5,9696.5,9712,855.184,8305529.2005
1591564500000,2020-06-07T21:15:00+00:00,9712,9715.5,9692.5,9699.5,761.335,7386572.8185
1591565400000,2020-06-07T21:30:00+00:00,9699.5,9723.5,9699,9713,731.061,7100177.243
1591566300000,2020-06-07T21:45:00+00:00,9713,9713,9695.5,9705,689.409,6690190.6685
1591567200000,2020-06-07T22:00:00+00:00,9705,9722.5,9705,9722,1534.827,14915062.1065
1591568100000,2020-06-07T22:15:00+00:00,9722,9754.5,9719.5,9735.5,2007.07,19533816.6515
1591569000000,2020-06-07T22:30:00+00:00,9735.5,9771.5,9734,9759,1846.809,18004745.531
1591569900000,2020-06-07T22:45:00+00:00,9759,9772.5,9735.5,9752.5,1889.943,18429319.79
1591570800000,2020-06-07T23:00:00+00:00,9752.5,9781,9733.5,9738,1774.749,17319541.227
1591571700000,2020-06-07T23:15:00+00:00,9738,9755,9730,9737,1787.856,17410536.853
1591572600000,2020-06-07T23:30:00+00:00,9737,9745,9724,9739,1742.682,16964604.637
1591573500000,2020-06-07T23:45:00+00:00,9739,9749.5,9733.5,9743.5,1769.835,17240815.679
1591574400000,2020-06-08T00:00:00+00:00,9743.5,9777.5,9730.5,9736.5,1462.512,14266462.1185
1591575300000,2020-06-08T00:15:00+00:00,9736.5,9765,9733,9759,1287.356,12547405.796
1591576200000,2020-06-08T00:30:00+00:00,9759,9765.5,9741,9748.5,1317.36,12848177.361
1591577100000,2020-06-08T00:45:00+00:00,9748.5,9764,9739,9759,1268.865,12369132.429
1591578000000,2020-06-08T01:00:00+00:00,9759,9769.5,9737.5,9742.5,864.009,8431257.938
1591578900000,2020-06-08T01:15:00+00:00,9742.5,9764,9732,9744.5,696.181,6783727.792
1591579800000,2020-06-08T01:30:00+00:00,9744.5,9761.5,9738.5,9755.5,759.039,7400255.879
1591580700000,2020-06-08T01:45:00+00:00,9755.5,9757.5,9737.5,9741.5,667.322,6505202.53
1591581600000,2020-06-08T02:00:00+00:00,9741.5,9752,9735.5,9748,1394.707,13589477.3745
1591582500000,2020-06-08T02:15:00+00:00,9748,9749,9730,9739,1566.053,15254446.164
1591583400000,2020-06-08T02:30:00+00:00,9739,9746,9710,9721.5,1719.205,16726121.448
1591584300000,2020-06-08T02:45:00+00:00,9721.5,9726.5,9702,9716.5,1620.482,15746690.894
1591585200000,2020-06-08T03:00:00+00:00,9716.5,9727.5,9711,9721.5,1144.113,11121050.9725
1591586100000,2020-06-08T03:15:00+00:00,9721.5,9728.5,9717.5,9718.5,910.727,8856125.378
1591587000000,2020-06-08T03:30:00+00:00,9718.5,9725.5,9707.5,9709.5,889.806,8645640.59
1591587900000,2020-06-08T03:45:00+00:00,9709.5,9725.5,9704.5,9723.5,965.295,9378445.9635
1591588800000,2020-06-08T04:00:00+00:00,9723.5,9750,9720.5,9740,1020.983,9943309.105
1591589700000,2020-06-08T04:15:00+00:00,9740,9747.5,9738,9743,941.345,9171368.917
1591590600000,2020-06-08T04:30:00+00:00,9743,9749.5,9731.5,9736.5,1024.348,9980115.845
1591591500000,2020-06-08T04:45:00+00:00,9736.5,9740.5,9726.5,9730.5,920.35,8958595.8895
1591592400000,2020-06-08T05:00:00+00:00,9730.5,9732,9718,9723,804.335,7822326.631
1591593300000,2020-06-08T05:15:00+00:00,9723,9736,9718.5,9735,831.752,8089581.8065
1591594200000,2020-06-08T05:30:00+00:00,9735,9746,9732.5,9737.5,760.922,7410686.4475
1591595100000,2020-06-08T05:45:00+00:00,9737.5,9755,9736.5,9748,870.445,8480761.6465
1591596000000,2020-06-08T06:00:00+00:00,9748,9753,9723,9727.5,868.825,8459485.0525
1591596900000,2020-06-08T06:15:00+00:00,9727.5,9744.5,9723,9743,1049.666,10214487.369
1591597800000,2020-06-08T06:30:00+00:00,9743,9743.5,9718.5,9723.5,894.141,8702816.62
1591598700000,2020-06-08T06:45:00+00:00,9723.5,9732,9719,9730.5,851.844,8284857.248
1591599600000,2020-06-08T07:00:00+00:00,9730.5,9737,9725,9732.5,893.946,8698860.888
1591600500000,2020-06-08T07:15:00+00:00,9732.5,9739,9728.5,9729.5,949.03,9236622.627
1591601400000,2020-06-08T07:30:00+00:00,9729.5,9732.5,9720,9720,945.361,9193208.1275
1591602300000,2020-06-08T07:45:00+00:00,9720,9729.5,9715,9724.5,943.915,9175570.9695
1591603200000,2020-06-08T08:00:00+00:00,9724.5,9737,9721.5,9721.5,823.516,8013628.597
1591604100000,2020-06-08T08:15:00+00:00,9721.5,9726,9634,9675.5,1556.535,15056034.897
1591605000000,2020-06-08T08:30:00+00:00,9675.5,9693.5,9667.5,9691,794.511,7691551.371
1591605900000,2020-06-08T08:45:00+00:00,9691,9691.5,9683.5,9688.5,743.602,7203842.2555
1591606800000,2020-06-08T09:00:00+00:00,9688.5,9707,9685.5,9701,1393.446,13509509.118
1591607700000,2020-06-08T09:15:00+00:00,9701,9808.5,9693.5,9724,3687.742,35913988.474
1591608600000,2020-06-08T09:30:00+00:00,9724,9762,9724,9751.5,1663.896,16217473.696
1591609500000,2020-06-08T09:45:00+00:00,9751.5,9755.5,9733.5,9744.5,1612.791,15715274.8635
1591610400000,2020-06-08T10:00:00+00:00,9744.5,9752,9732,9736,1512.28,14732631.013
1591611300000,2020-06-08T10:15:00+00:00,9736,9746,9734,9735.5,1426.701,13892288.0475
1591612200000,2020-06-08T10:30:00+00:00,9735.5,9751.5,9728.5,9750.5,1481.211,14423873.1315
1591613100000,2020-06-08T10:45:00+00:00,9750.5,9753,9727,9736,1439.255,14016359.5675
1591614000000,2020-06-08T11:00:00+00:00,9736,9740,9729,9740,1338.474,13032729.772
1591614900000,2020-06-08T11:15:00+00:00,9740,9745.5,9734.5,9738.5,1379.978,13440827.0665
1591615800000,2020-06-08T11:30:00+00:00,9738.5,9742,9724,9729,1316.961,12816025.2945
1591616700000,2020-06-08T11:45:00+00:00,9729,9744,9724,9742.5,1328.054,12923616.9845
1591617600000,2020-06-08T12:00:00+00:00,9742.5,9750,9734.5,9749.5,951.015,9263746.968
1591618500000,2020-06-08T12:15:00+00:00,9749.5,9749.5,9727.5,9744.5,666.497,6490558.0995
1591619400000,2020-06-08T12:30:00+00:00,9744.5,9746,9733.5,9735.5,662.571,6451573.3945
1591620300000,2020-06-08T12:45:00+00:00,9735.5,9735.5,9715,9719.5,729.094,7092736.204
1591621200000,2020-06-08T13:00:00+00:00,9719.5,9726,9701,9718,915.32,8890457.9895
1591622100000,2020-06-08T13:15:00+00:00,9718,9730.5,9684,9723,857.061,8327244.4405
1591623000000,2020-06-08T13:30:00+00:00,9723,9723.5,9706.5,9709.5,784.518,7621896.0675
1591623900000,2020-06-08T13:45:00+00:00,9709.5,9717,9666.5,9691.5,870.628,8443492.0655
1591624800000,2020-06-08T14:00:00+00:00,9691.5,9691.5,9655.5,9688,1496.556,14477413.8375
1591625700000,2020-06-08T14:15:00+00:00,9688,9708,9674.5,9700.5,1467.447,14219763.6315
1591626600000,2020-06-08T14:30:00+00:00,9700.5,9703.5,9682,9682,1423.333,13796422.9395
1591627500000,2020-06-08T14:45:00+00:00,9682,9686,9670,9673,1402.944,13578473.232
1591628400000,2020-06-08T15:00:00+00:00,9673,9698,9663.5,9697,677.899,6563379.4935
1591629300000,2020-06-08T15:15:00+00:00,9697,9697,9673.5,9683,454.028,4394963.967
1591630200000,2020-06-08T15:30:00+00:00,9683,9697,9673,9692,416.272,4029816.838
1591631100000,2020-06-08T15:45:00+00:00,9692,9707.5,9686,9707.5,463.644,4495045.5395
1591632000000,2020-06-08T16:00:00+00:00,9707.5,9707.5,9681.5,9686,524.328,5079915.1785
1591632900000,2020-06-08T16:15:00+00:00,9686,9690,9675,9679.5,493.314,4775292.039
1591633800000,2020-06-08T16:30:00+00:00,9679.5,9681.5,9666.5,9674,582.207,5632712.5075
1591634700000,2020-06-08T16:45:00+00:00,9674,9730,9661.5,9716.5,715.994,6942342.076
1591635600000,2020-06-08T17:00:00+00:00,9716.5,9745,9707.5,9723,568.869,5529812.687
1591636500000,2020-06-08T17:15:00+00:00,9723,9736,9722,9727,521.531,5075057.276
1591637400000,2020-06-08T17:30:00+00:00,9727,9727,9707.5,9722.5,546.316,5308354.2445
1591638300000,2020-06-08T17:45:00+00:00,9722.5,9723,9702,9721.5,549.287,5335301.3005
1591639200000,2020-06-08T18:00:00+00:00,9721.5,9726,9710.5,9726,544.882,5294413.837
1591640100000,2020-06-08T18:15:00+00:00,9726,9732.5,9717,9724,507.457,4935327.0015
1591641000000,2020-06-08T18:30:00+00:00,9724,9725.5,9709.5,9711,547.539,5320401.595
1591641900000,2020-06-08T18:45:00+00:00,9711,9716.5,9695.5,9701.5,541.124,5251028.2605
1591642800000,2020-06-08T19:00:00+00:00,9701.5,9713.5,9690.5,9708.5,1042.027,10111081.3695
1591643700000,2020-06-08T19:15:00+00:00,9708.5,9713.5,9703.5,9711,1176.957,11425873.5145
1591644600000,2020-06-08T19:30:00+00:00,9711,9716,9684.5,9691,1195.488,11598285.976
1591645500000,2020-06-08T19:45:00+00:00,9691,9705,9681.5,9693.5,1230.804,11931033.3855
1591646400000,2020-06-08T20:00:00+00:00,9693.5,9711.5,9689,9710,824.062,7992222.2485
1591647300000,2020-06-08T20:15:00+00:00,9710,9716,9704.5,9715.5,708.059,6875871.8905
1591648200000,2020-06-08T20:30:00+00:00,9715.5,9719.5,9699.5,9703,701.712,6811925.336
1591649100000,2020-06-08T20:45:00+00:00,9703,9703,9689.5,9700,734.687,7124452.109
1591650000000,2020-06-08T21:00:00+00:00,9700,9700.5,9686,9686,801.552,7768954.994
1591650900000,2020-06-08T21:15:00+00:00,9686,9698,9676,9696.5,889.402,8615693.4395
1591651800000,2020-06-08T21:30:00+00:00,9696.5,9715,9695.5,9707,862.815,8372187.423
1591652700000,2020-06-08T21:45:00+00:00,9707,9716,9704.5,9709,879.837,8541758.817
1591653600000,2020-06-08T22:00:00+00:00,9709,9724.5,9708.5,9709.5,896.669,8710082.3975
1591654500000,2020-06-08T22:15:00+00:00,9709.5,9724,9707,9713,930.289,9039078.4955
1591655400000,2020-06-08T22:30:00+00:00,9713,9717.5,9700.5,9702.5,944.602,9173014.705
1591656300000,2020-06-08T22:45:00+00:00,9702.5,9708.5,9685,9695,941.387,9128877.0805
1591657200000,2020-06-08T23:00:00+00:00,9695,9723.5,9691.5,9715,550.273,5339588.4815
1591658100000,2020-06-08T23:15:00+00:00,9715,9736.5,9713.5,9727,451.196,4386272.3895
1591659000000,2020-06-08T23:30:00+00:00,9727,9799,9719,9786,764.601,7464212.2335
1591659900000,2020-06-08T23:45:00+00:00,9786,9800,9766,9777,431.499,4218636.1505
1591660800000,2020-06-09T00:00:00+00:00,9777,9883,9777,9863,947.204,9314143.7855
1591661700000,2020-06-09T00:15:00+00:00,9863,9877.5,9556,9660,1588.79,15390576.7585
1591662600000,2020-06-09T00:30:00+00:00,9660,9698.5,9644.5,9688,629.301,6093331.901
1591663500000,2020-06-09T00:45:00+00:00,9688,9723,9672,9703,513.573,4979821.1985
1591664400000,2020-06-09T01:00:00+00:00,9703,9716.5,9682.5,9688.5,826.741,8024022.202
1591665300000,2020-06-09T01:15:00+00:00,9688.5,9708.5,9685,9702,865.209,8390732.4605
1591666200000,2020-06-09T01:30:00+00:00,9702,9711,9693.5,9697.5,848.95,8238455.6025
1591667100000,2020-06-09T01:45:00+00:00,9697.5,9706,9688,9699,897.452,8704004.552
1591668000000,2020-06-09T02:00:00+00:00,9699,9703.5,9685,9691,1281.96,12426200.864
1591668900000,2020-06-09T02:15:00+00:00,9691,9708,9686.5,9702.5,1334.126,12938110.653
1591669800000,2020-06-09T02:30:00+00:00,9702.5,9711,9697,9698.5,1382.111,13410314.6535
1591670700000,2020-06-09T02:45:00+00:00,9698.5,9703.5,9688,9694.5,1672.399,16212781.7585
1591671600000,2020-06-09T03:00:00+00:00,9694.5,9697.5,9667.5,9675.5,1321.421,12795601.85
1591672500000,2020-06-09T03:15:00+00:00,9675.5,9686.5,9663.5,9683.5,1184.098,11460371.8795
1591673400000,2020-06-09T03:30:00+00:00,9683.5,9683.5,9666.5,9675.5,1114.254,10777759.4535
1591674300000,2020-06-09T03:45:00+00:00,9675.5,9685,9671,9678,1164.015,11265782.6525
1591675200000,2020-06-09T04:00:00+00:00,9678,9679,9661.5,9665,1299.367,12566575.5275
1591676100000,2020-06-09T04:15:00+00:00,9665,9671.5,9660,9663,1332.853,12882651.3475
1591677000000,2020-06-09T04:30:00+00:00,9663,9682,9663,9679,1308.403,12659340.116
1591677900000,2020-06-09T04:45:00+00:00,9679,9688,9672,9675,1347.403,13043614.756
1591678800000,2020-06-09T05:00:00+00:00,9675,9681,9665,9678.5,1027.875,9943227.393
1591679700000,2020-06-09T05:15:00+00:00,9678.5,9683.5,9673,9677.5,905.28,8762045.9115
1591680600000,2020-06-09T05:30:00+00:00,9677.5,9701,9677.5,9694.5,1060.56,10276248.9425
1591681500000,2020-06-09T05:45:00+00:00,9694.5,9697.5,9688,9696.5,961.913,9324355.5915
1591682400000,2020-06-09T06:00:00+00:00,9696.5,9696.5,9683,9692,717.386,6952023.844
1591683300000,2020-06-09T06:15:00+00:00,9692,9695.5,9685.5,9689,768.083,7443020.3905
1591684200000,2020-06-09T06:30:00+00:00,9689,9690.5,9685,9688.5,551.52,5343014.9355
1591685100000,2020-06-09T06:45:00+00:00,9688.5,9694.5,9686.5,9692,507.24,4915922.035
1591686000000,2020-06-09T07:00:00+00:00,9692,9706,9689,9702.5,825.162,8003700.0145
1591686900000,2020-06-09T07:15:00+00:00,9702.5,9705,9674,9681,971.281,9416650.2895
1591687800000,2020-06-09T07:30:00+00:00,9681,9688.5,9674,9677.5,906.447,8776532.327
1591688700000,2020-06-09T07:45:00+00:00,9677.5,9684,9677.5,9680,997.265,9653608.6815
1591689600000,2020-06-09T08:00:00+00:00,9680,9689,9680,9685.5,524.915,5083198.3105
1591690500000,2020-06-09T08:15:00+00:00,9685.5,9687,9666,9676.5,393.196,3806586.5895
1591691400000,2020-06-09T08:30:00+00:00,9676.5,9678.5,9667.5,9674.5,476.322,4607607.734
1591692300000,2020-06-09T08:45:00+00:00,9674.5,9686.5,9673,9682.5,692.249,6701983.6755
1591693200000,2020-06-09T09:00:00+00:00,9682.5,9683.5,9670,9671,943.936,9136164.626
1591694100000,2020-06-09T09:15:00+00:00,9671,9674.5,9641.5,9662.5,1327.779,12828957.4415
1591695000000,2020-06-09T09:30:00+00:00,9662.5,9668.5,9654,9663.5,1133.885,10955029.987
1591695900000,2020-06-09T09:45:00+00:00,9663.5,9678.5,9661.5,9667.5,1110.839,10739720.419
1591696800000,2020-06-09T10:00:00+00:00,9667.5,9672.5,9660,9664,997.091,9640224.7345
1591697700000,2020-06-09T10:15:00+00:00,9664,9672,9650.5,9663.5,1055.701,10201929.8455
1591698600000,2020-06-09T10:30:00+00:00,9663.5,9668,9653,9659.5,1021.216,9865405.299
1591699500000,2020-06-09T10:45:00+00:00,9659.5,9679,9622,9674,1381.489,13350173.1005
1591700400000,2020-06-09T11:00:00+00:00,9674,9685.5,9670,9682.5,869.91,8419522.514
1591701300000,2020-06-09T11:15:00+00:00,9682.5,9684,9663.5,9669,848.443,8208143.8205
1591702200000,2020-06-09T11:30:00+00:00,9669,9679.5,9667,9679.5,872.881,8442819.6615
1591703100000,2020-06-09T11:45:00+00:00,9679.5,9724,9676,9719,1316.929,12773535.011
1591704000000,2020-06-09T12:00:00+00:00,9719,9748,9718.5,9728,988.582,9623795.2915
1591704900000,2020-06-09T12:15:00+00:00,9728,9738.5,9708,9719,788.067,7663924.986
1591705800000,2020-06-09T12:30:00+00:00,9719,9726.5,9712.5,9718.5,540.096,5249294.732
1591706700000,2020-06-09T12:45:00+00:00,9718.5,9724.5,9715.5,9721.5,475.011,4617629.647
1591707600000,2020-06-09T13:00:00+00:00,9721.5,9733.5,9714.5,9714.5,1214.548,11806342.007
1591708500000,2020-06-09T13:15:00+00:00,9714.5,9728.5,9682.5,9705.5,1723.365,16732921.026
1591709400000,2020-06-09T13:30:00+00:00,9705.5,9715.5,9673,9694,1799.527,17453002.0725
1591710300000,2020-06-09T13:45:00+00:00,9694,9718.5,9690.5,9705.5,1442.86,13997166.144
1591711200000,2020-06-09T14:00:00+00:00,9705.5,9709,9683.5,9700.5,1425.383,13825957.3085
1591712100000,2020-06-09T14:15:00+00:00,9700.5,9701.5,9682,9691.5,1410.887,13671611.9875
1591713000000,2020-06-09T14:30:00+00:00,9691.5,9711.5,9688,9707,1315.425,12762628.022
1591713900000,2020-06-09T14:45:00+00:00,9707,9735,9705,9712.5,1422.659,13823894.7915
1591714800000,2020-06-09T15:00:00+00:00,9712.5,9726,9709.5,9713,1012.788,9841093.9475
1591715700000,2020-06-09T15:15:00+00:00,9713,9719.5,9706,9718,836.048,8122768.4275
1591716600000,2020-06-09T15:30:00+00:00,9718,9719.5,9702.5,9709,825.487,8015412.2225
1591717500000,2020-06-09T15:45:00+00:00,9709,9718.5,9705,9717.5,792.296,7694745.7585
1591718400000,2020-06-09T16:00:00+00:00,9717.5,9724,9695,9700.5,1384.365,13438113.5405
1591719300000,2020-06-09T16:15:00+00:00,9700.5,9709.5,9691,9709,1458.572,14146338.7045
1591720200000,2020-06-09T16:30:00+00:00,9709,9718,9697,9713,1454.256,14122381.064
1591721100000,2020-06-09T16:45:00+00:00,9713,9714.5,9699,9704,1469.521,14263273.7515
1591722000000,2020-06-09T17:00:00+00:00,9704,9709.5,9692,9696.5,883.689,8573036.674
1591722900000,2020-06-09T17:15:00+00:00,9696.5,9717,9696.5,9710,752.621,7305100.3595
1591723800000,2020-06-09T17:30:00+00:00,9710,9716,9706,9707.5,784.254,7615030.913
1591724700000,2020-06-09T17:45:00+00:00,9707.5,9710.5,9700.5,9703.5,777.472,7545394.0965
1591725600000,2020-06-09T18:00:00+00:00,9703.5,9710,9698.5,9708.5,682.609,6624417.3725
1591726500000,2020-06-09T18:15:00+00:00,9708.5,9710.5,9696,9697.5,694.921,6743308.3225
1591727400000,2020-06-09T18:30:00+00:00,9697.5,9711,9691,9708,597.435,5797145.2415
1591728300000,2020-06-09T18:45:00+00:00,9708,9708,9700.5,9703.5,643.71,6247206.436
1591729200000,2020-06-09T19:00:00+00:00,9703.5,9707,9699,9701.5,525.624,5099912.137
1591730100000,2020-06-09T19:15:00+00:00,9701.5,9705.5,9681.5,9703,525.903,5101669.3215
1591731000000,2020-06-09T19:30:00+00:00,9703,9711,9694.5,9708.5,541.969,5259467.2805
1591731900000,2020-06-09T19:45:00+00:00,9708.5,9745.5,9697,9728.5,520.662,5058969.43
1591732800000,2020-06-09T20:00:00+00:00,9728.5,9735,9714,9730,701.773,6822999.4035
1591733700000,2020-06-09T20:15:00+00:00,9730,9733,9715,9720,765.948,7448246.613
1591734600000,2020-06-09T20:30:00+00:00,9720,9736,9720,9732,849.985,8267683.9975
1591735500000,2020-06-09T20:45:00+00:00,9732,9770,9732,9739.5,1042.645,10164619.6325
1591736400000,2020-06-09T21:00:00+00:00,9739.5,9799.5,9739.5,9795.5,1397.595,13646416.6425
1591737300000,2020-06-09T21:15:00+00:00,9795.5,9812,9751.5,9756.5,1587.07,15517426.5325
1591738200000,2020-06-09T21:30:00+00:00,9756.5,9784,9756.5,9777,1391.931,13603123.792
1591739100000,2020-06-09T21:45:00+00:00,9777,9825.5,9765.5,9810,1584.771,15516829.0355
1591740000000,2020-06-09T22:00:00+00:00,9810,9831.5,9690,9763.5,1765.692,17242158.171
1591740900000,2020-06-09T22:15:00+00:00,9763.5,9790,9760,9782,967.228,9457870.756
1591741800000,2020-06-09T22:30:00+00:00,9782,9792,9765.5,9771,990.964,9689237.549
1591742700000,2020-06-09T22:45:00+00:00,9771,9787.5,9748.5,9771,986.632,9640173.4915
1591743600000,2020-06-09T23:00:00+00:00,9771,9772,9753,9759.5,581.705,5679712.8105
1591744500000,2020-06-09T23:15:00+00:00,9759.5,9777,9759,9769.5,428.025,4182097.6165
1591745400000,2020-06-09T23:30:00+00:00,9769.5,9797,9767.5,9776.5,456.555,4463760.8545
1591746300000,2020-06-09T23:45:00+00:00,9776.5,9777,9743,9771.5,461.327,4505607.82
1591747200000,2020-06-10T00:00:00+00:00,9771.5,9777,9756,9762.5,992.522,9688688.8215
1591748100000,2020-06-10T00:15:00+00:00,9762.5,9789,9754.5,9777.5,1182.881,11557030.5115
1591749000000,2020-06-10T00:30:00+00:00,9777.5,9796.5,9773,9774.5,1381.907,13515606.726
1591749900000,2020-06-10T00:45:00+00:00,9774.5,9782,9764,9774,1306.919,12770743.9495
1591750800000,2020-06-10T01:00:00+00:00,9774,9790,9771.5,9783.5,1256.171,12287386.4765
1591751700000,2020-06-10T01:15:00+00:00,9783.5,9797,9781,9786.5,1386.258,13573958.3305
1591752600000,2020-06-10T01:30:00+00:00,9786.5,9810,9778.5,9794.5,1267.43,12412871.102
1591753500000,2020-06-10T01:45:00+00:00,9794.5,9795.5,9780,9784.5,1157.453,11329954.527
1591754400000,2020-06-10T02:00:00+00:00,9784.5,9787,9761,9774.5,684.837,6698161.802
1591755300000,2020-06-10T02:15:00+00:00,9774.5,9779,9761.5,9765.5,618.73,6045414.327
1591756200000,2020-06-10T02:30:00+00:00,9765.5,9771,9762,9766,689.229,6731450.409
1591757100000,2020-06-10T02:45:00+00:00,9766,9777,9764.5,9772.5,500.728,4893067.0495
1591758000000,2020-06-10T03:00:00+00:00,9772.5,9772.5,9745,9760,1105.465,10790005.928
1591758900000,2020-06-10T03:15:00+00:00,9760,9770.5,9756.5,9767,1062.555,10375473.228
1591759800000,2020-06-10T03:30:00+00:00,9767,9767.5,9735,9751,1294.853,12628846.056
1591760700000,2020-06-10T03:45:00+00:00,9751,9759,9744,9753,1112.394,10848236.533
1591761600000,2020-06-10T04:00:00+00:00,9753,9757,9747,9751.5,651.556,6353900.4865
1591762500000,2020-06-10T04:15:00+00:00,9751.5,9754.5,9745,9749,409.45,3992382.598
1591763400000,2020-06-10T04:30:00+00:00,9749,9752.5,9732,9740.5,531.82,5182272.3765
1591764300000,2020-06-10T04:45:00+00:00,9740.5,9752,9735,9750.5,481.956,4695734.9665
1591765200000,2020-06-10T05:00:00+00:00,9750.5,9762.5,9750,9761.5,1143.708,11161143.9405
1591766100000,2020-06-10T05:15:00+00:00,9761.5,9779,9761,9770.5,1515.175,14802827.246
1591767000000,2020-06-10T05:30:00+00:00,9770.5,9771,9748,9757.5,1326.874,12952435.4305
1591767900000,2020-06-10T05:45:00+00:00,9757.5,9773,9756,9770.5,1354.403,13227210.8855
1591768800000,2020-06-10T06:00:00+00:00,9770.5,9770.5,9760,9763.5,876.415,8558345.2475
1591769700000,2020-06-10T06:15:00+00:00,9763.5,9772,9762.5,9768,719.776,7029984.434
1591770600000,2020-06-10T06:30:00+00:00,9768,9773.5,9763,9767.5,695.804,6796723.7215
1591771500000,2020-06-10T06:45:00+00:00,9767.5,9780,9764.5,9779,669.027,6536692.764
1591772400000,2020-06-10T07:00:00+00:00,9779,9785,9769,9772.5,551.976,5396769.109
1591773300000,2020-06-10T07:15:00+00:00,9772.5,9772.5,9742.5,9754.5,540.021,5268791.751
1591774200000,2020-06-10T07:30:00+00:00,9754.5,9755.5,9718.5,9733.5,1027.42,10008241.362
1591775100000,2020-06-10T07:45:00+00:00,9733.5,9750.5,9730,9748,555.478,5410721.095
1591776000000,2020-06-10T08:00:00+00:00,9748,9765.5,9733.5,9738.5,776.612,7573601.2425
1591776900000,2020-06-10T08:15:00+00:00,9738.5,9747.5,9738,9742,843.828,8221966.4695
1591777800000,2020-06-10T08:30:00+00:00,9742,9745,9738,9739,990.522,9648543.797
1591778700000,2020-06-10T08:45:00+00:00,9739,9750,9734,9740,800.15,7795780.692
1591779600000,2020-06-10T09:00:00+00:00,9740,9740,9721.5,9729,719.759,7002675.773
1591780500000,2020-06-10T09:15:00+00:00,9729,9731.5,9709.5,9726,682.273,6631775.6025
1591781400000,2020-06-10T09:30:00+00:00,9726,9736.5,9706,9732.5,588.42,5722651.716
1591782300000,2020-06-10T09:45:00+00:00,9732.5,9741,9716.5,9724.5,490.675,4776256.679
1591783200000,2020-06-10T10:00:00+00:00,9724.5,9736.5,9717.5,9735,519.188,5051120.5315
1591784100000,2020-06-10T10:15:00+00:00,9735,9748.5,9733,9738.5,533.697,5197073.782
1591785000000,2020-06-10T10:30:00+00:00,9738.5,9739.5,9732,9734,546.124,5317586.237
1591785900000,2020-06-10T10:45:00+00:00,9734,9743.5,9733.5,9742.5,524.445,5107354.3065
1591786800000,2020-06-10T11:00:00+00:00,9742.5,9747.5,9741,9744.5,500.906,4880911.1715
1591787700000,2020-06-10T11:15:00+00:00,9744.5,9744.5,9740,9740.5,493.987,4811886.112
1591788600000,2020-06-10T11:30:00+00:00,9740.5,9741.5,9729,9735,550.274,5357821.77
1591789500000,2020-06-10T11:45:00+00:00,9735,9739.5,9728,9729,479.847,4670723.5815
1591790400000,2020-06-10T12:00:00+00:00,9729,9767.5,9721.5,9758,694.041,6762591.1935
1591791300000,2020-06-10T12:15:00+00:00,9758,9758,9749,9750,555.817,5420667.749
1591792200000,2020-06-10T12:30:00+00:00,9750,9757,9746,9757,509.501,4968634.3305
1591793100000,2020-06-10T12:45:00+00:00,9757,9773.5,9756.5,9764,535.338,5227006.6155
1591794000000,2020-06-10T13:00:00+00:00,9764,9764,9753,9757.5,833.188,8130300.0635
1591794900000,2020-06-10T13:15:00+00:00,9757.5,9768,9755.5,9760.5,1021.942,9972941.0385
1591795800000,2020-06-10T13:30:00+00:00,9760.5,9778,9754.5,9760.5,1060.42,10355373.9855
1591796700000,2020-06-10T13:45:00+00:00,9760.5,9761,9737.5,9748.5,999.644,9748774.6965
1591797600000,2020-06-10T14:00:00+00:00,9748.5,9758.5,9748.5,9749,789.523,7699842.6415
1591798500000,2020-06-10T14:15:00+00:00,9749,9754.5,9735.5,9739,689.292,6715565.463
1591799400000,2020-06-10T14:30:00+00:00,9739,9750,9733,9746.5,731.352,7125115.202
1591800300000,2020-06-10T14:45:00+00:00,9746.5,9754.5,9742,9749,657.814,6412701.684
1591801200000,2020-06-10T15:00:00+00:00,9749,9763,9745,9760.5,652.745,6365044.562
1591802100000,2020-06-10T15:15:00+00:00,9760.5,9761,9738,9740.5,627.991,6123216.1555
1591803000000,2020-06-10T15:30:00+00:00,9740.5,9747.5,9738,9740,668.763,6516175.5365
1591803900000,2020-06-10T15:45:00+00:00,9740,9762.5,9740,9756.5,698.16,6807480.1245
1591804800000,2020-06-10T16:00:00+00:00,9756.5,9770,9748.5,9757,1016.153,9917155.6455
1591805700000,2020-06-10T16:15:00+00:00,9757,9767,9756,9762.5,988.545,9650516.502
1591806600000,2020-06-10T16:30:00+00:00,9762.5,9769,9758,9767,1023.242,9991323.8705
1591807500000,2020-06-10T16:45:00+00:00,9767,9775,9761,9762.5,965.83,9435008.752
1591808400000,2020-06-10T17:00:00+00:00,9762.5,9764,9754.5,9758,925.195,9028504.96
1591809300000,2020-06-10T17:15:00+00:00,9758,9760.5,9756.5,9757.5,962.969,9397455.54
1591810200000,2020-06-10T17:30:00+00:00,9757.5,9767.5,9751,9762.5,1018.613,9940864.952
1591811100000,2020-06-10T17:45:00+00:00,9762.5,9775,9757.5,9772,975.154,9522961.0835
1591812000000,2020-06-10T18:00:00+00:00,9772,9803,9753,9802,1000.68,9784143.5385
1591812900000,2020-06-10T18:15:00+00:00,9802,9821,9800,9807.5,794.058,7788198.7575
1591813800000,2020-06-10T18:30:00+00:00,9807.5,10007,9807.5,9937,2354.917,23328072.6585
1591814700000,2020-06-10T18:45:00+00:00,9937,10006.5,9691,9829.5,2302.968,22707719.883
1591815600000,2020-06-10T19:00:00+00:00,9829.5,9878,9804.5,9832,1074.999,10577192.8765
1591816500000,2020-06-10T19:15:00+00:00,9832,9846.5,9821.5,9837,816.397,8028968.848
1591817400000,2020-06-10T19:30:00+00:00,9837,9865,9828.5,9854,806.48,7938946.4125
1591818300000,2020-06-10T19:45:00+00:00,9854,9933,9835,9854.5,1210.729,11952123.975
1591819200000,2020-06-10T20:00:00+00:00,9854.5,9900.5,9854.5,9882,1495.763,14783551.5585
1591820100000,2020-06-10T20:15:00+00:00,9882,9887,9856,9862.5,1539.391,15196535.4355
1591821000000,2020-06-10T20:30:00+00:00,9862.5,9891,9862.5,9868,1591.005,15713410.6885
1591821900000,2020-06-10T20:45:00+00:00,9868,9874.5,9857,9865.5,1554.105,15335831.271
1591822800000,2020-06-10T21:00:00+00:00,9865.5,9871.5,9852,9854,988.221,9745464.4875
1591823700000,2020-06-10T21:15:00+00:00,9854,9873,9854,9872,908.341,8963282.6675
1591824600000,2020-06-10T21:30:00+00:00,9872,9874.5,9834,9845.5,910.839,8980705.858
1591825500000,2020-06-10T21:45:00+00:00,9845.5,9862,9827.5,9853,880.96,8672264.231
1591826400000,2020-06-10T22:00:00+00:00,9853,9870.5,9849.5,9860.5,824.819,8135866.517
1591827300000,2020-06-10T22:15:00+00:00,9860.5,9893.5,9860,9879,778.099,7683570.26
1591828200000,2020-06-10T22:30:00+00:00,9879,9917,9879,9888,1076.766,10651038.1565
1591829100000,2020-06-10T22:45:00+00:00,9888,9900,9885.5,9891.5,876.9,8673866.967
1591830000000,2020-06-10T23:00:00+00:00,9891.5,9904,9874,9882,1097.47,10851258.638
1591830900000,2020-06-10T23:15:00+00:00,9882,9896,9874,9892,1195.09,11810228.764
1591831800000,2020-06-10T23:30:00+00:00,9892,9903,9857,9869.5,1335.257,13196903.7735
1591832700000,2020-06-10T23:45:00+00:00,9869.5,9892,9868,9884.5,1338.216,13221027.7605
1591833600000,2020-06-11T00:00:00+00:00,9884.5,9899.5,9874.5,9884.5,932.383,9216386.457
1591834500000,2020-06-11T00:15:00+00:00,9884.5,9902.5,9873,9895.5,804.285,7955043.9585
1591835400000,2020-06-11T00:30:00+00:00,9895.5,9902.5,9888,9896.5,815.223,8066699.9095
1591836300000,2020-06-11T00:45:00+00:00,9896.5,9901.5,9875,9892,724.397,7161484.176
1591837200000,2020-06-11T01:00:00+00:00,9892,9898.5,9882,9885.5,636.62,6297214.9125
1591838100000,2020-06-11T01:15:00+00:00,9885.5,9904.5,9878,9896,548.043,5418482.4965
1591839000000,2020-06-11T01:30:00+00:00,9896,9970,9889.5,9917.5,1309.307,13002548.03
1591839900000,2020-06-11T01:45:00+00:00,9917.5,9948,9917.5,9929.5,587.26,5834847.534
1591840800000,2020-06-11T02:00:00+00:00,9929.5,9949.5,9885,9916,1437.57,14261500.7605
1591841700000,2020-06-11T02:15:00+00:00,9916,9948,9903,9916,1491.361,14809375.002
1591842600000,2020-06-11T02:30:00+00:00,9916,9935,9894,9922,1165.765,11565354.2595
1591843500000,2020-06-11T02:45:00+00:00,9922,9932.5,9907,9917,1185.741,11762884.864
1591844400000,2020-06-11T03:00:00+00:00,9917,9931.5,9917,9930,980.999,9734968.3575
1591845300000,2020-06-11T03:15:00+00:00,9930,9930,9892.5,9906,961.997,9534807.9455
1591846200000,2020-06-11T03:30:00+00:00,9906,9910.5,9860,9892.5,1214.295,12009283.3805
1591847100000,2020-06-11T03:45:00+00:00,9892.5,9911,9876,9889.5,918.001,9075959.396
1591848000000,2020-06-11T04:00:00+00:00,9889.5,9889.5,9866.5,9880,1126.59,11132428.5025
1591848900000,2020-06-11T04:15:00+00:00,9880,9906,9879,9896,1189.031,11761763.723
1591849800000,2020-06-11T04:30:00+00:00,9896,9897,9888.5,9890,1241.156,12276819.8325
1591850700000,2020-06-11T04:45:00+00:00,9890,9896,9879,9890,1181.348,11681736.3795
1591851600000,2020-06-11T05:00:00+00:00,9890,9891.5,9878.5,9889,763.222,7544545.582
1591852500000,2020-06-11T05:15:00+00:00,9889,9891,9867.5,9873.5,876.366,8657619.475
1591853400000,2020-06-11T05:30:00+00:00,9873.5,9884.5,9872.5,9875.5,619.206,6117567.228
1591854300000,2020-06-11T05:45:00+00:00,9875.5,9891.5,9873.5,9891.5,606.989,5996723.211
1591855200000,2020-06-11T06:00:00+00:00,9891.5,9892.5,9882.5,9884,1124.428,11116815.353
1591856100000,2020-06-11T06:15:00+00:00,9884,9886.5,9757,9810,3510.936,34434262.833
1591857000000,2020-06-11T06:30:00+00:00,9810,9832.5,9800,9818,1348.089,13239905.2205
1591857900000,2020-06-11T06:45:00+00:00,9818,9838,9810,9829.5,1321.774,12985523.4
1591858800000,2020-06-11T07:00:00+00:00,9829.5,9835,9803,9820.5,1474.605,14486176.045
1591859700000,2020-06-11T07:15:00+00:00,9820.5,9823,9796,9808.5,1418.337,13914257.833
1591860600000,2020-06-11T07:30:00+00:00,9808.5,9818,9804.5,9812.5,1403.181,13768234.903
1591861500000,2020-06-11T07:45:00+00:00,9812.5,9823,9797.5,9801,1457.172,14297546.9175
1591862400000,2020-06-11T08:00:00+00:00,9801,9814.5,9788,9812,1330.426,13043401.866
1591863300000,2020-06-11T08:15:00+00:00,9812,9818,9808.5,9811,1143.634,11222779.4295
1591864200000,2020-06-11T08:30:00+00:00,9811,9827,9805.5,9818,1118.366,10978256.4515
1591865100000,2020-06-11T08:45:00+00:00,9818,9824,9805.5,9807,1122.914,11022882.7035
1591866000000,2020-06-11T09:00:00+00:00,9807,9821,9790,9819.5,829.35,8135129.111
1591866900000,2020-06-11T09:15:00+00:00,9819.5,9821.5,9806.5,9807,599.05,5879175.417
1591867800000,2020-06-11T09:30:00+00:00,9807,9810.5,9784,9786.5,686.314,6725205.949
1591868700000,2020-06-11T09:45:00+00:00,9786.5,9801.5,9771,9800.5,858.866,8407501.146
1591869600000,2020-06-11T10:00:00+00:00,9800.5,9804,9786.5,9802.5,1272.17,12461294.728
1591870500000,2020-06-11T10:15:00+00:00,9802.5,9806,9788,9799.5,1461.807,14319065.277
1591871400000,2020-06-11T10:30:00+00:00,9799.5,9803,9762.5,9795,1630.598,15962871.1265
1591872300000,2020-06-11T10:45:00+00:00,9795,9807,9794.5,9799.5,1473.001,14437911.31
1591873200000,2020-06-11T11:00:00+00:00,9799.5,9805,9791,9794,803.056,7867743.0785
1591874100000,2020-06-11T11:15:00+00:00,9794,9797.5,9779,9788,570.846,5587421.068
1591875000000,2020-06-11T11:30:00+00:00,9788,9790,9771,9778,561.977,5496321.442
1591875900000,2020-06-11T11:45:00+00:00,9778,9795.5,9758.5,9791,702.222,6864893.09
1591876800000,2020-06-11T12:00:00+00:00,9791,9791,9760.5,9760.5,1370.007,13384953.6065
1591877700000,2020-06-11T12:15:00+00:00,9760.5,9797.5,9741.5,9785,2174.18,21267455.2925
1591878600000,2020-06-11T12:30:00+00:00,9785,9785,9767,9769.5,1550.637,15153406.3905
1591879500000,2020-06-11T12:45:00+00:00,9769.5,9775.5,9692.5,9728.5,2536.382,24718030.6365
1591880400000,2020-06-11T13:00:00+00:00,9728.5,9745.5,9666,9699.5,2650.764,25748592.2885
1591881300000,2020-06-11T13:15:00+00:00,9699.5,9703,9639,9696,2542.909,24613366.1665
1591882200000,2020-06-11T13:30:00+00:00,9696,9696,9611,9629,2128.503,20555607.081
1591883100000,2020-06-11T13:45:00+00:00,9629,9653.5,9591.5,9640,2185.605,21058188.4655
1591884000000,2020-06-11T14:00:00+00:00,9640,9666.5,9618.5,9657,991.301,9556470.772
1591884900000,2020-06-11T14:15:00+00:00,9657,9678.5,9645,9660,657.214,6350597.817
1591885800000,2020-06-11T14:30:00+00:00,9660,9664.5,9622.5,9637.5,610.252,5884262.7685
1591886700000,2020-06-11T14:45:00+00:00,9637.5,9638,9607.5,9622.5,725.917,6985058.2
1591887600000,2020-06-11T15:00:00+00:00,9622.5,9623,9513.5,9531.5,2997.991,28691613.492
1591888500000,2020-06-11T15:15:00+00:00,9531.5,9568.5,9505,9568,2480.915,23683979.97
1591889400000,2020-06-11T15:30:00+00:00,9568,9586.5,9523,9538,1811.304,17298226.7785
1591890300000,2020-06-11T15:45:00+00:00,9538,9563.5,9523,9524.5,1900.301,18133450.836
1591891200000,2020-06-11T16:00:00+00:00,9524.5,9572.5,9467.5,9555,2059.59,19614890.0255
1591892100000,2020-06-11T16:15:00+00:00,9555,9558,9493,9527.5,711.052,6773926.443
1591893000000,2020-06-11T16:30:00+00:00,9527.5,9528,9436.5,9443.5,1142.568,10835906.077
1591893900000,2020-06-11T16:45:00+00:00,9443.5,9449.5,9089.5,9089.5,3486.019,32528028.869
1591894800000,2020-06-11T17:00:00+00:00,9089.5,9298,9067,9295,2207.794,20359163.3575
1591895700000,2020-06-11T17:15:00+00:00,9295,9354,9269,9349,1245.846,11601997.1375
1591896600000,2020-06-11T17:30:00+00:00,9349,9383.5,9320,9370.5,859.928,8035424.6865
1591897500000,2020-06-11T17:45:00+00:00,9370.5,9394.5,9345,9379,813.314,7617321.8725
1591898400000,2020-06-11T18:00:00+00:00,9379,9389.5,9341.5,9341.5,881.741,8252289.203
1591899300000,2020-06-11T18:15:00+00:00,9341.5,9369.5,9336,9365,751.514,7024522.322
1591900200000,2020-06-11T18:30:00+00:00,9365,9365,9320.5,9322.5,740.143,6915884.1495
1591901100000,2020-06-11T18:45:00+00:00,9322.5,9350.5,9282.5,9316,1165.318,10854723.1445
1591902000000,2020-06-11T19:00:00+00:00,9316,9336,9308,9308,1184.211,11038372.7715
1591902900000,2020-06-11T19:15:00+00:00,9308,9325,9277.5,9297,1371.887,12768130.4245
1591903800000,2020-06-11T19:30:00+00:00,9297,9313.5,9261,9286.5,1379.227,12808211.0845
1591904700000,2020-06-11T19:45:00+00:00,9286.5,9293.5,9276,9280.5,1367.386,12696618.498
1591905600000,2020-06-11T20:00:00+00:00,9280.5,9281,9230,9241,923.803,8547930.3555
1591906500000,2020-06-11T20:15:00+00:00,9241,9265,9238,9246.5,557.757,5162081.4685
1591907400000,2020-06-11T20:30:00+00:00,9246.5,9334.5,9245,9329,741.81,6893064.091
1591908300000,2020-06-11T20:45:00+00:00,9329,9349.5,9311.5,9348.5,635.37,5928091.7655
1591909200000,2020-06-11T21:00:00+00:00,9348.5,9368.5,9326.5,9331.5,633.971,5928557.8075
1591910100000,2020-06-11T21:15:00+00:00,9331.5,9349.5,9317,9334.5,607.385,5671017.414
1591911000000,2020-06-11T21:30:00+00:00,9334.5,9351,9318,9351,596.135,5562823.254
1591911900000,2020-06-11T21:45:00+00:00,9351,9360.5,9334,9351.5,605.397,5656221.0745
1591912800000,2020-06-11T22:00:00+00:00,9351.5,9353.5,9324.5,9328,528.696,4937908.9945
1591913700000,2020-06-11T22:15:00+00:00,9328,9349,9325,9339.5,547.791,5113601.437
1591914600000,2020-06-11T22:30:00+00:00,9339.5,9351,9328,9333.5,571.256,5334459.1805
1591915500000,2020-06-11T22:45:00+00:00,9333.5,9333.5,9288,9321,628.178,5851632.9695
1591916400000,2020-06-11T23:00:00+00:00,9321,9330.5,9288.5,9292.5,1233.318,11486448.1185
1591917300000,2020-06-11T23:15:00+00:00,9292.5,9303.5,9263.5,9286,1665.959,15472564.2625
1591918200000,2020-06-11T23:30:00+00:00,9286,9286.5,9254,9269,1428.917,13247190.981
1591919100000,2020-06-11T23:45:00+00:00,9269,9309,9267.5,9277.5,1426.88,13263200.1925
1591920000000,2020-06-12T00:00:00+00:00,9277.5,9298,9237.5,9292,958.221,8879217.2765
1591920900000,2020-06-12T00:15:00+00:00,9292,9325.5,9278,9319.5,488.622,4543460.1835
1591921800000,2020-06-12T00:30:00+00:00,9319.5,9331,9306,9320.5,506.738,4723292.903
1591922700000,2020-06-12T00:45:00+00:00,9320.5,9329.5,9300.5,9314,443.008,4127406.4885
1591923600000,2020-06-12T01:00:00+00:00,9314,9322,9294.5,9318.5,1245.736,11595739.4955
1591924500000,2020-06-12T01:15:00+00:00,9318.5,9329,9302.5,9311,1492.06,13901041.6885
1591925400000,2020-06-12T01:30:00+00:00,9311,9352.5,9310.5,9344,1666.71,15551122.1995
1591926300000,2020-06-12T01:45:00+00:00,9344,9350.5,9324,9333.5,1504.784,14045219.0555
1591927200000,2020-06-12T02:00:00+00:00,9333.5,9350,9333.5,9335.5,1301.995,12159451.6355
1591928100000,2020-06-12T02:15:00+00:00,9335.5,9347.5,9329.5,9339.5,1204.456,11246824.73
1591929000000,2020-06-12T02:30:00+00:00,9339.5,9341,9326,9338,1210.7,11302929.919
1591929900000,2020-06-12T02:45:00+00:00,9338,9354,9336,9352.5,1185.41,11072290.9425
1591930800000,2020-06-12T03:00:00+00:00,9352.5,9361.5,9333.5,9337.5,1659.947,15522536.994
1591931700000,2020-06-12T03:15:00+00:00,9337.5,9376.5,9337,9356.5,1592.448,14899659.915
1591932600000,2020-06-12T03:30:00+00:00,9356.5,9393,9356,9380,1780.95,16693289.688
1591933500000,2020-06-12T03:45:00+00:00,9380,9384,9352.5,9358.5,1533.332,14370207.617
1591934400000,2020-06-12T04:00:00+00:00,9358.5,9378,9350.5,9373.5,846.709,7927047.9845
1591935300000,2020-06-12T04:15:00+00:00,9373.5,9384,9368.5,9377,589.717,5529910.14
1591936200000,2020-06-12T04:30:00+00:00,9377,9378.5,9362.5,9369.5,618.865,5797947.3
1591937100000,2020-06-12T04:45:00+00:00,9369.5,9371,9352,9356.5,710.865,6653867.391
1591938000000,2020-06-12T05:00:00+00:00,9356.5,9368.5,9355.5,9363.5,1212.642,11354064.97
1591938900000,2020-06-12T05:15:00+00:00,9363.5,9364,9339,9355.5,1471.768,13768121.158
1591939800000,2020-06-12T05:30:00+00:00,9355.5,9388.5,9355.5,9382,1587.981,14887836.3175
1591940700000,2020-06-12T05:45:00+00:00,9382,9382.5,9367.5,9378,1417.823,13291252.5075
1591941600000,2020-06-12T06:00:00+00:00,9378,9392,9368.5,9379,1553.823,14572725.841
1591942500000,2020-06-12T06:15:00+00:00,9379,9382,9363.5,9371,1517.107,14220631.5435
1591943400000,2020-06-12T06:30:00+00:00,9371,9384,9371,9379,1578.835,14807139.662
1591944300000,2020-06-12T06:45:00+00:00,9379,9379,9361.5,9366.5,1466.47,13740125.588
1591945200000,2020-06-12T07:00:00+00:00,9366.5,9380.5,9366.5,9379.5,1134.721,10637209.8295
1591946100000,2020-06-12T07:15:00+00:00,9379.5,9445.5,9379.5,9437.5,1880.95,17704435.9485
1591947000000,2020-06-12T07:30:00+00:00,9437.5,9458,9425,9436,1113.125,10511924.6975
1591947900000,2020-06-12T07:45:00+00:00,9436,9439.5,9422.5,9435,1003.943,9468826.4935
1591948800000,2020-06-12T08:00:00+00:00,9435,9484.5,9429,9474.5,1385.577,13104128.1615
1591949700000,2020-06-12T08:15:00+00:00,9474.5,9480.5,9449.5,9457.5,939.797,8895000.82
1591950600000,2020-06-12T08:30:00+00:00,9457.5,9461,9452,9454,964.428,9119974.3875
1591951500000,2020-06-12T08:45:00+00:00,9454,9479.5,9438.5,9468,984.031,9314957.592
1591952400000,2020-06-12T09:00:00+00:00,9468,9478.5,9464,9470.5,697.094,6601049.8825
1591953300000,2020-06-12T09:15:00+00:00,9470.5,9474.5,9446,9453,538.993,5097707.5175
1591954200000,2020-06-12T09:30:00+00:00,9453,9458.5,9444.5,9453.5,526.051,4972547.261
1591955100000,2020-06-12T09:45:00+00:00,9453.5,9455,9445.5,9450.5,533.726,5043234.5315
1591956000000,2020-06-12T10:00:00+00:00,9450.5,9477,9449,9460,1087.698,10297845.2385
1591956900000,2020-06-12T10:15:00+00:00,9460,9472,9456,9472,1310.529,12401498.061
1591957800000,2020-06-12T10:30:00+00:00,9472,9478.5,9456,9456,1272.921,12049683.589
1591958700000,2020-06-12T10:45:00+00:00,9456,9468,9452,9460.5,1213.815,11484658.2985
1591959600000,2020-06-12T11:00:00+00:00,9460.5,9488.5,9460,9478,803.956,7616179.614
1591960500000,2020-06-12T11:15:00+00:00,9478,9508.5,9478,9499.5,776.389,7371126.8645
1591961400000,2020-06-12T11:30:00+00:00,9499.5,9511.5,9479.5,9488,729.728,6931035.1275
1591962300000,2020-06-12T11:45:00+00:00,9488,9496.5,9479.5,9488.5,624.448,5924472.321
1591963200000,2020-06-12T12:00:00+00:00,9488.5,9498.5,9445.5,9449.5,680.887,6449899.8175
1591964100000,2020-06-12T12:15:00+00:00,9449.5,9467,9421.5,9462.5,692.414,6544333.4965
1591965000000,2020-06-12T12:30:00+00:00,9462.5,9464.5,9443,9450,522.236,4937144.613
1591965900000,2020-06-12T12:45:00+00:00,9450,9459.5,9442,9455,534.214,5048513.3135
1591966800000,2020-06-12T13:00:00+00:00,9455,9461.5,9440.5,9450.5,1044.245,9868685.565
1591967700000,2020-06-12T13:15:00+00:00,9450.5,9476.5,9450.5,9456.5,1305.118,12352682.11
1591968600000,2020-06-12T13:30:00+00:00,9456.5,9498,9456,9485.5,1444.292,13689422.4005
1591969500000,2020-06-12T13:45:00+00:00,9485.5,9542,9480,9537,1777.764,16900057.431
1591970400000,2020-06-12T14:00:00+00:00,9537,9553.5,9507.5,9516.5,1550.933,14774178.887
1591971300000,2020-06-12T14:15:00+00:00,9516.5,9521.5,9478.5,9480.5,1107.818,10522563.18
1591972200000,2020-06-12T14:30:00+00:00,9480.5,9497,9453,9463,1022.858,9690138.9985
1591973100000,2020-06-12T14:45:00+00:00,9463,9470,9407,9407,1034.104,9763691.5725
1591974000000,2020-06-12T15:00:00+00:00,9407,9441.5,9407,9414.5,1327.431,12509463.023
1591974900000,2020-06-12T15:15:00+00:00,9414.5,9434.5,9370.5,9401,1639.782,15415792.3645
1591975800000,2020-06-12T15:30:00+00:00,9401,9431.5,9374.5,9415,1322.9,12434062.6875
1591976700000,2020-06-12T15:45:00+00:00,9415,9434.5,9411.5,9414.5,1308.31,12325757.6595
1591977600000,2020-06-12T16:00:00+00:00,9414.5,9432,9394,9424,1273.686,11999162.842
1591978500000,2020-06-12T16:15:00+00:00,9424,9452,9418,9424,1258.666,11873775.0885
1591979400000,2020-06-12T16:30:00+00:00,9424,9424.5,9395,9408.5,1322.56,12445438.738
1591980300000,2020-06-12T16:45:00+00:00,9408.5,9422.5,9393.5,9415.5,1211.447,11391261.798
1591981200000,2020-06-12T17:00:00+00:00,9415.5,9417,9397.5,9404.5,931,8756236.9485
1591982100000,2020-06-12T17:15:00+00:00,9404.5,9409,9377,9383.5,874.974,8219364.688
1591983000000,2020-06-12T17:30:00+00:00,9383.5,9389,9318,9335.5,1060.923,9927104.418
1591983900000,2020-06-12T17:45:00+00:00,9335.5,9348.5,9290,9330,1374.583,12819536.278
1591984800000,2020-06-12T18:00:00+00:00,9330,9373,9317,9364.5,1304.011,12196853.1925
1591985700000,2020-06-12T18:15:00+00:00,9364.5,9386,9350,9384.5,1352.703,12672644.8635
1591986600000,2020-06-12T18:30:00+00:00,9384.5,9410,9370,9377,1316.189,12354091.7835
1591987500000,2020-06-12T18:45:00+00:00,9377,9391,9368,9390.5,1304.177,12235018.964
1591988400000,2020-06-12T19:00:00+00:00,9390.5,9443.5,9390.5,9431.5,1144.439,10775744.0385
1591989300000,2020-06-12T19:15:00+00:00,9431.5,9435,9401.5,9408.5,1031.442,9709711.947
1591990200000,2020-06-12T19:30:00+00:00,9408.5,9424,9379,9424,1090.264,10249429.9305
1591991100000,2020-06-12T19:45:00+00:00,9424,9444,9409,9427.5,1055.719,9951336.367
1591992000000,2020-06-12T20:00:00+00:00,9427.5,9438.5,9405,9412.5,1042.443,9814846.6225
1591992900000,2020-06-12T20:15:00+00:00,9412.5,9432.5,9406.5,9430,1031.328,9711695.34
1591993800000,2020-06-12T20:30:00+00:00,9430,9483,9423,9468,1196.937,11311373.151
1591994700000,2020-06-12T20:45:00+00:00,9468,9469.5,9448,9461,1009.2,9546088.872
1591995600000,2020-06-12T21:00:00+00:00,9461,9470,9444,9444.5,669.708,6336142.189
1591996500000,2020-06-12T21:15:00+00:00,9444.5,9457.5,9421,9456.5,556.33,5252456.8855
1591997400000,2020-06-12T21:30:00+00:00,9456.5,9466,9446.5,9447.5,531.974,5030427.501
1591998300000,2020-06-12T21:45:00+00:00,9447.5,9449.5,9431.5,9433,576.068,5438067.4095
1591999200000,2020-06-12T22:00:00+00:00,9433,9459.5,9432,9442,524.943,4961079.76
1592000100000,2020-06-12T22:15:00+00:00,9442,9456.5,9435,9438.5,513.249,4849694.1305
1592001000000,2020-06-12T22:30:00+00:00,9438.5,9473,9436,9462.5,547.948,5178311.519
1592001900000,2020-06-12T22:45:00+00:00,9462.5,9485.5,9452,9472.5,537.853,5091475.0655
1592002800000,2020-06-12T23:00:00+00:00,9472.5,9482,9446,9451,830.912,7860196.554
1592003700000,2020-06-12T23:15:00+00:00,9451,9456,9436.5,9445,963.856,9103944.563
1592004600000,2020-06-12T23:30:00+00:00,9445,9467.5,9437,9458.5,932.355,8813710.01
1592005500000,2020-06-12T23:45:00+00:00,9458.5,9462,9449,9458.5,947.674,8960803.433
1592006400000,2020-06-13T00:00:00+00:00,9458.5,9472.5,9450.5,9452,581.302,5499480.385
1592007300000,2020-06-13T00:15:00+00:00,9452,9457,9442,9446.5,524.52,4955718.1005
1592008200000,2020-06-13T00:30:00+00:00,9446.5,9446.5,9426.5,9427.5,497.794,4697960.631
1592009100000,2020-06-13T00:45:00+00:00,9427.5,9445,9427.5,9441.5,458.788,4329103.85
1592010000000,2020-06-13T01:00:00+00:00,9441.5,9441.5,9428,9430,555.889,5243186.1275
1592010900000,2020-06-13T01:15:00+00:00,9430,9433.5,9417.5,9427.5,522.707,4927506.993
1592011800000,2020-06-13T01:30:00+00:00,9427.5,9442,9420.5,9436,601.492,5675859.3105
1592012700000,2020-06-13T01:45:00+00:00,9436,9443,9434,9438,532.769,5028638.0955
1592013600000,2020-06-13T02:00:00+00:00,9438,9438,9422.5,9422.5,667.009,6288234.31
1592014500000,2020-06-13T02:15:00+00:00,9422.5,9428.5,9406,9412,744.11,7007926.1055
1592015400000,2020-06-13T02:30:00+00:00,9412,9429.5,9410,9427,708.939,6681019.4415
1592016300000,2020-06-13T02:45:00+00:00,9427,9433,9418.5,9423.5,667.312,6288971.1735
1592017200000,2020-06-13T03:00:00+00:00,9423.5,9424,9410.5,9412.5,830.438,7819801.637
1592018100000,2020-06-13T03:15:00+00:00,9412.5,9425.5,9406,9425.5,922.514,8686750.946
1592019000000,2020-06-13T03:30:00+00:00,9425.5,9429,9420.5,9423,911.04,8586107.293
1592019900000,2020-06-13T03:45:00+00:00,9423,9425.5,9398,9407.5,1022.097,9622521.4325
1592020800000,2020-06-13T04:00:00+00:00,9407.5,9408,9379,9380,1291.155,12131936.5955
1592021700000,2020-06-13T04:15:00+00:00,9380,9390.5,9360.5,9376.5,1368.753,12833804.218
1592022600000,2020-06-13T04:30:00+00:00,9376.5,9395,9369.5,9392,1371.542,12874687.6715
1592023500000,2020-06-13T04:45:00+00:00,9392,9405,9383,9404,1335.48,12547239.691
1592024400000,2020-06-13T05:00:00+00:00,9404,9405.5,9388,9391,683.151,6420449.8645
1592025300000,2020-06-13T05:15:00+00:00,9391,9392,9378,9378.5,476.642,4473315.8935
1592026200000,2020-06-13T05:30:00+00:00,9378.5,9399,9377.5,9398,519.077,4872307.821
1592027100000,2020-06-13T05:45:00+00:00,9398,9412,9393.5,9409,540.98,5085557.71
1592028000000,2020-06-13T06:00:00+00:00,9409,9414.5,9397.5,9405.5,708.174,6661128.408
1592028900000,2020-06-13T06:15:00+00:00,9405.5,9410.5,9388.5,9391.5,753.519,7082137.675
1592029800000,2020-06-13T06:30:00+00:00,9391.5,9430.5,9391.5,9415,820.791,7729887.2855
1592030700000,2020-06-13T06:45:00+00:00,9415,9430,9414.5,9423,753.261,7097760.689
1592031600000,2020-06-13T07:00:00+00:00,9423,9438,9420,9427.5,595.17,5612153.346
1592032500000,2020-06-13T07:15:00+00:00,9427.5,9429,9416,9416,441.068,4155655.173
1592033400000,2020-06-13T07:30:00+00:00,9416,9426.5,9413.5,9423,417.238,3931188.5335
1592034300000,2020-06-13T07:45:00+00:00,9423,9444,9423,9432,433.452,4089272.6845
1592035200000,2020-06-13T08:00:00+00:00,9432,9441,9424,9425,628.354,5926377.089
1592036100000,2020-06-13T08:15:00+00:00,9425,9426.5,9413,9419.5,622.703,5866209.479
1592037000000,2020-06-13T08:30:00+00:00,9419.5,9431.5,9418.5,9426,631.735,5954844.647
1592037900000,2020-06-13T08:45:00+00:00,9426,9436.5,9425.5,9434.5,587.483,5540535.536
1592038800000,2020-06-13T09:00:00+00:00,9434.5,9445,9431,9443.5,842.97,7956392.7605
1592039700000,2020-06-13T09:15:00+00:00,9443.5,9463.5,9432.5,9435,970.605,9168724.0735
1592040600000,2020-06-13T09:30:00+00:00,9435,9440,9427,9429,836.116,7888118.8975
1592041500000,2020-06-13T09:45:00+00:00,9429,9438,9422,9437,812.86,7665483.7375
1592042400000,2020-06-13T10:00:00+00:00,9437,9442.5,9427.5,9430,1154.552,10894922.8835
1592043300000,2020-06-13T10:15:00+00:00,9430,9432.5,9402,9414,1327.846,12511282.0735
1592044200000,2020-06-13T10:30:00+00:00,9414,9432,9392.5,9427.5,1335.715,12568860.7035
1592045100000,2020-06-13T10:45:00+00:00,9427.5,9429,9409,9412.5,1294.423,12190131.678
1592046000000,2020-06-13T11:00:00+00:00,9412.5,9417,9405.5,9409,996.487,9377976.779
1592046900000,2020-06-13T11:15:00+00:00,9409,9411.5,9384,9405,922.914,8678851.6875
1592047800000,2020-06-13T11:30:00+00:00,9405,9422.5,9399,9406,955.519,8993293.2835
1592048700000,2020-06-13T11:45:00+00:00,9406,9409,9396,9400,940.551,8843227.7825
1592049600000,2020-06-13T12:00:00+00:00,9400,9427,9386.5,9425.5,949.081,8922139.9045
1592050500000,2020-06-13T12:15:00+00:00,9425.5,9437,9413.5,9425.5,980.033,9238222.042
1592051400000,2020-06-13T12:30:00+00:00,9425.5,9442.5,9425.5,9430,954.764,9006689.563
1592052300000,2020-06-13T12:45:00+00:00,9430,9430.5,9416,9416,933.998,8801448.0075
1592053200000,2020-06-13T13:00:00+00:00,9416,9427,9407,9415.5,1163.138,10954486.6065
1592054100000,2020-06-13T13:15:00+00:00,9415.5,9421.5,9400.5,9411,1270.247,11956105.6895
1592055000000,2020-06-13T13:30:00+00:00,9411,9423,9404.5,9416,1263.963,11897373.681
1592055900000,2020-06-13T13:45:00+00:00,9416,9431.5,9415.5,9426,1235.265,11640955.3025
1592056800000,2020-06-13T14:00:00+00:00,9426,9454.5,9423,9437,1125.91,10625792.2345
1592057700000,2020-06-13T14:15:00+00:00,9437,9447,9426,9435.5,948.012,8942960.02
1592058600000,2020-06-13T14:30:00+00:00,9435.5,9438,9418,9431,830.456,7831339.7635
1592059500000,2020-06-13T14:45:00+00:00,9431,9450,9422.5,9443,952.5,8986574.7295
1592060400000,2020-06-13T15:00:00+00:00,9443,9459.5,9431.5,9449,988.061,9333244.504
1592061300000,2020-06-13T15:15:00+00:00,9449,9456,9438.5,9445,942.812,8904862.744
1592062200000,2020-06-13T15:30:00+00:00,9445,9446.5,9427.5,9430.5,931.006,8784110.5735
1592063100000,2020-06-13T15:45:00+00:00,9430.5,9437.5,9426.5,9433.5,935.807,8826685.768
1592064000000,2020-06-13T16:00:00+00:00,9433.5,9442.5,9411,9418.5,1223.395,11537540.8175
1592064900000,2020-06-13T16:15:00+00:00,9418.5,9427,9418,9423,1292.72,12182875.7385
1592065800000,2020-06-13T16:30:00+00:00,9423,9432.5,9422.5,9432,1285.196,12117844.691
1592066700000,2020-06-13T16:45:00+00:00,9432,9440,9424.5,9426.5,1295.491,12220311.3825
1592067600000,2020-06-13T17:00:00+00:00,9426.5,9436,9421,9432.5,812.752,7662005.248
1592068500000,2020-06-13T17:15:00+00:00,9432.5,9439.5,9430.5,9438.5,625.072,5897846.5545
1592069400000,2020-06-13T17:30:00+00:00,9438.5,9445,9433,9434.5,716.02,6759080.8475
1592070300000,2020-06-13T17:45:00+00:00,9434.5,9436,9424.5,9425,677.373,6388141.141
1592071200000,2020-06-13T18:00:00+00:00,9425,9446,9425,9445,1197.657,11301168.973
1592072100000,2020-06-13T18:15:00+00:00,9445,9446.5,9434.5,9441.5,1366.451,12898543.5
1592073000000,2020-06-13T18:30:00+00:00,9441.5,9447,9438.5,9442.5,1382.991,13058262.138
1592073900000,2020-06-13T18:45:00+00:00,9442.5,9447.5,9436.5,9440.5,1380.952,13037363.516
1592074800000,2020-06-13T19:00:00+00:00,9440.5,9449.5,9431,9437,1015.02,9583607.781
1592075700000,2020-06-13T19:15:00+00:00,9437,9443.5,9430.5,9438,889.142,8391470.319
1592076600000,2020-06-13T19:30:00+00:00,9438,9494,9435.5,9475.5,1049.999,9919512.44
1592077500000,2020-06-13T19:45:00+00:00,9475.5,9489.5,9378.5,9400,1745.986,16458778.9745
1592078400000,2020-06-13T20:00:00+00:00,9400,9401,9342.5,9385.5,1734.345,16267635.8425
1592079300000,2020-06-13T20:15:00+00:00,9385.5,9422.5,9382,9399,1674.595,15749076.7565
1592080200000,2020-06-13T20:30:00+00:00,9399,9407,9381,9396.5,1414.979,13294887.068
1592081100000,2020-06-13T20:45:00+00:00,9396.5,9405,9386,9399,1440.246,13529976.648
1592082000000,2020-06-13T21:00:00+00:00,9399,9409.5,9397.5,9405.5,1030.217,9688758.52
1592082900000,2020-06-13T21:15:00+00:00,9405.5,9418,9405.5,9410,915.116,8611001.62
1592083800000,2020-06-13T21:30:00+00:00,9410,9420.5,9407,9413.5,867.1,8160788.6525
1592084700000,2020-06-13T21:45:00+00:00,9413.5,9424,9413,9422,883.83,8323106.254
1592085600000,2020-06-13T22:00:00+00:00,9422,9437.5,9419,9436,854.593,8055166.193
1592086500000,2020-06-13T22:15:00+00:00,9436,9436,9428,9432,857.478,8087367.345
1592087400000,2020-06-13T22:30:00+00:00,9432,9444,9406,9422.5,886.173,8349360.5035
1592088300000,2020-06-13T22:45:00+00:00,9422.5,9433.5,9417.5,9432,884.197,8333406.6835
1592089200000,2020-06-13T23:00:00+00:00,9432,9442.5,9424.5,9435.5,933.989,8808762.683
1592090100000,2020-06-13T23:15:00+00:00,9435.5,9475.5,9435.5,9454,1019.922,9637530.6245
1592091000000,2020-06-13T23:30:00+00:00,9454,9465,9440,9450.5,955.136,9030315.5515
1592091900000,2020-06-13T23:45:00+00:00,9450.5,9470,9450.5,9468,889.509,8412981.248
1592092800000,2020-06-14T00:00:00+00:00,9468,9476.5,9445,9449,830.922,7859054.0245
1592093700000,2020-06-14T00:15:00+00:00,9449,9453.5,9431,9448.5,823.062,7775404.914
1592094600000,2020-06-14T00:30:00+00:00,9448.5,9453,9438,9445.5,796.922,7527483.5495
1592095500000,2020-06-14T00:45:00+00:00,9445.5,9458,9442.5,9448.5,729.571,6893572.425
1592096400000,2020-06-14T01:00:00+00:00,9448.5,9453.5,9441,9442,703.957,6650806.7475
1592097300000,2020-06-14T01:15:00+00:00,9442,9447,9433.5,9436,669.168,6316141.9695
1592098200000,2020-06-14T01:30:00+00:00,9436,9442.5,9432.5,9438.5,680.096,6417833.2195
1592099100000,2020-06-14T01:45:00+00:00,9438.5,9449.5,9435,9438,678.379,6404298.5615
1592100000000,2020-06-14T02:00:00+00:00,9438,9453.5,9437.5,9446.5,822.471,7766933.911
1592100900000,2020-06-14T02:15:00+00:00,9446.5,9455,9442.5,9449.5,824.159,7787284.01
1592101800000,2020-06-14T02:30:00+00:00,9449.5,9453,9435,9436.5,807.511,7626641.089
1592102700000,2020-06-14T02:45:00+00:00,9436.5,9442,9433,9441,805.871,7605647.0105
1592103600000,2020-06-14T03:00:00+00:00,9441,9443.5,9431,9432.5,1475.881,13926743.4075
1592104500000,2020-06-14T03:15:00+00:00,9432.5,9437.5,9425.5,9426,1751.62,16519259.586
1592105400000,2020-06-14T03:30:00+00:00,9426,9432.5,9425.5,9430,1824.591,17204505.6345
1592106300000,2020-06-14T03:45:00+00:00,9430,9433,9422,9431.5,1731.09,16317832.668
1592107200000,2020-06-14T04:00:00+00:00,9431.5,9440.5,9429.5,9435,1644.971,15520932.8885
1592108100000,2020-06-14T04:15:00+00:00,9435,9435.5,9426,9426.5,1643.192,15498496.195
1592109000000,2020-06-14T04:30:00+00:00,9426.5,9429.5,9422.5,9424.5,1643.246,15488843.7545
1592109900000,2020-06-14T04:45:00+00:00,9424.5,9433,9420,9425.5,1689.72,15927314.2845
1592110800000,2020-06-14T05:00:00+00:00,9425.5,9438.5,9424,9434.5,980.594,9247146.699
1592111700000,2020-06-14T05:15:00+00:00,9434.5,9436,9426.5,9431,661.697,6241460.9965
1592112600000,2020-06-14T05:30:00+00:00,9431,9431,9412,9423,742.567,6998540.173
1592113500000,2020-06-14T05:45:00+00:00,9423,9432.5,9414.5,9427.5,731.444,6893981.9625
1592114400000,2020-06-14T06:00:00+00:00,9427.5,9435,9420,9427,656.11,6184799.944
1592115300000,2020-06-14T06:15:00+00:00,9427,9429.5,9423,9423.5,607.407,5726064.899
1592116200000,2020-06-14T06:30:00+00:00,9423.5,9426,9410,9410,648.229,6105618.7275
1592117100000,2020-06-14T06:45:00+00:00,9410,9411,9382,9397.5,779.382,7325705.968
1592118000000,2020-06-14T07:00:00+00:00,9397.5,9410,9377,9402.5,1461.698,13740141.8015
1592118900000,2020-06-14T07:15:00+00:00,9402.5,9413.5,9395,9404.5,1818.932,17105387.975
1592119800000,2020-06-14T07:30:00+00:00,9404.5,9415,9394,9396.5,1801.131,16935077.255
1592120700000,2020-06-14T07:45:00+00:00,9396.5,9416,9393,9412.5,1742.196,16381889.419
1592121600000,2020-06-14T08:00:00+00:00,9412.5,9428.5,9392.5,9423,1004.288,9447914.648
1592122500000,2020-06-14T08:15:00+00:00,9423,9430.5,9417.5,9420.5,712.077,6709819.7035
1592123400000,2020-06-14T08:30:00+00:00,9420.5,9424.5,9414,9417.5,606.069,5708806.1955
1592124300000,2020-06-14T08:45:00+00:00,9417.5,9430.5,9415,9427,716.376,6750778.5935
1592125200000,2020-06-14T09:00:00+00:00,9427,9428,9420,9420.5,1556.748,14671946.861
1592126100000,2020-06-14T09:15:00+00:00,9420.5,9420.5,9411.5,9413,1831.504,17245405.1465
1592127000000,2020-06-14T09:30:00+00:00,9413,9418,9411,9414,1821.425,17148368.684
1592127900000,2020-06-14T09:45:00+00:00,9414,9415.5,9406.5,9414,1903.579,17915456.361
1592128800000,2020-06-14T10:00:00+00:00,9414,9422,9410.5,9422,1591.437,14985225.2005
1592129700000,2020-06-14T10:15:00+00:00,9422,9423,9412.5,9421,1558.679,14682021.6365
1592130600000,2020-06-14T10:30:00+00:00,9421,9424,9417.5,9419.5,1591.258,14989503.0855
1592131500000,2020-06-14T10:45:00+00:00,9419.5,9423.5,9417,9421,1536.486,14474421.8465
1592132400000,2020-06-14T11:00:00+00:00,9421,9434.5,9415.5,9431.5,1119.264,10548044.795
1592133300000,2020-06-14T11:15:00+00:00,9431.5,9434,9426,9431.5,957.322,9027681.129
1592134200000,2020-06-14T11:30:00+00:00,9431.5,9437,9430,9430.5,937.73,8845003.5165
1592135100000,2020-06-14T11:45:00+00:00,9430.5,9431,9421.5,9421.5,1005.414,9477271.5595
1592136000000,2020-06-14T12:00:00+00:00,9421.5,9430.5,9421.5,9429.5,648.021,6108630.2775
1592136900000,2020-06-14T12:15:00+00:00,9429.5,9430.5,9407,9410,547.938,5162873.7345
1592137800000,2020-06-14T12:30:00+00:00,9410,9410,9391.5,9401,677.151,6366579.245
1592138700000,2020-06-14T12:45:00+00:00,9401,9410.5,9391,9406.5,560.989,5274360.1025
1592139600000,2020-06-14T13:00:00+00:00,9406.5,9406.5,9371,9386,1117.004,10486814.6385
1592140500000,2020-06-14T13:15:00+00:00,9386,9399.5,9383,9394,1208.885,11356482.542
1592141400000,2020-06-14T13:30:00+00:00,9394,9394,9384,9392.5,1201.161,11278296.1945
1592142300000,2020-06-14T13:45:00+00:00,9392.5,9416,9387.5,9403,1172.72,11027694.6645
1592143200000,2020-06-14T14:00:00+00:00,9403,9412,9400,9400.5,1385.591,13031465.774
1592144100000,2020-06-14T14:15:00+00:00,9400.5,9401.5,9375,9387.5,1483.558,13929194.078
1592145000000,2020-06-14T14:30:00+00:00,9387.5,9388,9305,9339,2126.19,19908249.975
1592145900000,2020-06-14T14:45:00+00:00,9339,9360,9322,9346.5,1529.407,14299542.242
1592146800000,2020-06-14T15:00:00+00:00,9346.5,9384.5,9334,9375.5,1131.588,10592356.563
1592147700000,2020-06-14T15:15:00+00:00,9375.5,9392,9370,9370,1071.132,10048099.417
1592148600000,2020-06-14T15:30:00+00:00,9370,9399.5,9369,9394,909.084,8535336.0695
1592149500000,2020-06-14T15:45:00+00:00,9394,9434.5,9390.5,9414,1267.579,11934018.403
1592150400000,2020-06-14T16:00:00+00:00,9414,9429,9399,9403,834.832,7855914.5875
1592151300000,2020-06-14T16:15:00+00:00,9403,9415,9381.5,9404,801.699,7535409.0305
1592152200000,2020-06-14T16:30:00+00:00,9404,9415,9390.5,9399,857.511,8065010.039
1592153100000,2020-06-14T16:45:00+00:00,9399,9406,9388,9388,773.445,7268621.8595
1592154000000,2020-06-14T17:00:00+00:00,9388,9402.5,9387.5,9401,1313.846,12347870.869
1592154900000,2020-06-14T17:15:00+00:00,9401,9408,9388.5,9393,1585.824,14903764.2065
1592155800000,2020-06-14T17:30:00+00:00,9393,9394.5,9375,9387,1535.749,14415794.4445
1592156700000,2020-06-14T17:45:00+00:00,9387,9394.5,9384.5,9392.5,1536.965,14430862.033
1592157600000,2020-06-14T18:00:00+00:00,9392.5,9394,9361.5,9373.5,823.652,7730210.739
1592158500000,2020-06-14T18:15:00+00:00,9373.5,9381.5,9366.5,9377.5,558.511,5234654.654
1592159400000,2020-06-14T18:30:00+00:00,9377.5,9384,9372.5,9377,553.976,5195904.3195
1592160300000,2020-06-14T18:45:00+00:00,9377,9386.5,9377,9379.5,537.103,5037929.3985
1592161200000,2020-06-14T19:00:00+00:00,9379.5,9393,9377,9393,709.852,6660330.041
1592162100000,2020-06-14T19:15:00+00:00,9393,9393,9380.5,9386.5,754.655,7081687.632
1592163000000,2020-06-14T19:30:00+00:00,9386.5,9392,9381,9391,795.67,7467471.3915
1592163900000,2020-06-14T19:45:00+00:00,9391,9399.5,9387.5,9391,767.594,7210622.1205
1592164800000,2020-06-14T20:00:00+00:00,9391,9407.5,9391,9394.5,1188.694,11176227.162
1592165700000,2020-06-14T20:15:00+00:00,9394.5,9402.5,9390.5,9390.5,1322.502,12426413.151
1592166600000,2020-06-14T20:30:00+00:00,9390.5,9394,9379,9388,1346.811,12642914.3925
1592167500000,2020-06-14T20:45:00+00:00,9388,9388,9377.5,9378,1368.657,12838442.644
1592168400000,2020-06-14T21:00:00+00:00,9378,9381.5,9368.5,9377,669.319,6277098.112
1592169300000,2020-06-14T21:15:00+00:00,9377,9378,9357,9367,428.564,4015594.7025
1592170200000,2020-06-14T21:30:00+00:00,9367,9369.5,9323.5,9334,659.467,6165393.523
1592171100000,2020-06-14T21:45:00+00:00,9334,9349.5,9315,9343.5,499.325,4661891.183
1592172000000,2020-06-14T22:00:00+00:00,9343.5,9348,9281.5,9283.5,1248.213,11648430.6045
1592172900000,2020-06-14T22:15:00+00:00,9283.5,9368,9243.5,9352,3048.787,28334587.373
1592173800000,2020-06-14T22:30:00+00:00,9352,9406.5,9333,9370.5,2351.28,22033627.666
1592174700000,2020-06-14T22:45:00+00:00,9370.5,9396,9369.5,9383,1478.429,13872185.737
1592175600000,2020-06-14T23:00:00+00:00,9383,9383.5,9350,9367.5,1099.645,10303590.002
1592176500000,2020-06-14T23:15:00+00:00,9367.5,9370,9341.5,9344.5,969.374,9071727.4645
1592177400000,2020-06-14T23:30:00+00:00,9344.5,9362.5,9344.5,9349,942.451,8815087.277
1592178300000,2020-06-14T23:45:00+00:00,9349,9358,9329.5,9338.5,927.72,8667635.846
1592179200000,2020-06-15T00:00:00+00:00,9338.5,9343,9316.5,9324,598.93,5587821.5985
1592180100000,2020-06-15T00:15:00+00:00,9324,9355,9319.5,9348,420.652,3927873.631
1592181000000,2020-06-15T00:30:00+00:00,9348,9367,9342,9358.5,401.736,3757553.068
1592181900000,2020-06-15T00:45:00+00:00,9358.5,9366.5,9330,9338,415.961,3887259.235
1592182800000,2020-06-15T01:00:00+00:00,9338,9340.5,9284.5,9311,1531.236,14259637.827
1592183700000,2020-06-15T01:15:00+00:00,9311,9324.5,9287,9314,1489.783,13863056.9775
1592184600000,2020-06-15T01:30:00+00:00,9314,9316,9258,9277.5,1699.98,15797705.602
1592185500000,2020-06-15T01:45:00+00:00,9277.5,9297,9224.5,9248.5,2531.056,23451337.5765
1592186400000,2020-06-15T02:00:00+00:00,9248.5,9285,9231.5,9282,1605.723,14871207.0475
1592187300000,2020-06-15T02:15:00+00:00,9282,9282,9238,9257,841.794,7793112.2685
1592188200000,2020-06-15T02:30:00+00:00,9257,9278,9256.5,9270.5,840.208,7785398.0865
1592189100000,2020-06-15T02:45:00+00:00,9270.5,9277.5,9252,9263,879.998,8152599.6805
1592190000000,2020-06-15T03:00:00+00:00,9263,9263,9233.5,9241,616.586,5705806.2675
1592190900000,2020-06-15T03:15:00+00:00,9241,9269,9196,9214,1019.067,9408757.8845
1592191800000,2020-06-15T03:30:00+00:00,9214,9241,9133.5,9180,1191.431,10952531.8345
1592192700000,2020-06-15T03:45:00+00:00,9180,9189.5,9149.5,9161,704.075,6457352.1025
1592193600000,2020-06-15T04:00:00+00:00,9161,9202.5,9123.5,9176,1220.203,11192927.8375
1592194500000,2020-06-15T04:15:00+00:00,9176,9213,9175.5,9204,1099.462,10112014.0735
1592195400000,2020-06-15T04:30:00+00:00,9204,9224,9180,9187.5,1033.349,9504894.843
1592196300000,2020-06-15T04:45:00+00:00,9187.5,9205.5,9182.5,9185,977.645,8986747.262
1592197200000,2020-06-15T05:00:00+00:00,9185,9187.5,9140,9143,805.813,7392370.3055
1592198100000,2020-06-15T05:15:00+00:00,9143,9170.5,9113.5,9154,709.311,6488702.0425
1592199000000,2020-06-15T05:30:00+00:00,9154,9154,9089,9107,940.069,8573671.529
1592199900000,2020-06-15T05:45:00+00:00,9107,9107,8976,9035.5,1991.376,18003095.883
1592200800000,2020-06-15T06:00:00+00:00,9035.5,9072.5,9019.5,9061.5,1262.394,11430675.9345
1592201700000,2020-06-15T06:15:00+00:00,9061.5,9072.5,8938,8965.5,2031.606,18304380.2635
1592202600000,2020-06-15T06:30:00+00:00,8965.5,8997,8900,8963.5,3242.756,29045634.334
1592203500000,2020-06-15T06:45:00+00:00,8963.5,9053.5,8950,9044.5,1634.598,14710852.0475
1592204400000,2020-06-15T07:00:00+00:00,9044.5,9069.5,9021.5,9038,1054.519,9538549.4875
1592205300000,2020-06-15T07:15:00+00:00,9038,9064,9007,9059.5,791.693,7152472.752
1592206200000,2020-06-15T07:30:00+00:00,9059.5,9090.5,9059.5,9074,837.089,7598242.076
1592207100000,2020-06-15T07:45:00+00:00,9074,9124,9067.5,9114,882.854,8032943.1905
1592208000000,2020-06-15T08:00:00+00:00,9114,9115.5,9077,9095.5,1108.81,10081608.956
1592208900000,2020-06-15T08:15:00+00:00,9095.5,9142,9095,9124,1398.376,12762022.993
1592209800000,2020-06-15T08:30:00+00:00,9124,9157,9108,9146.5,1558.164,14221856.6795
1592210700000,2020-06-15T08:45:00+00:00,9146.5,9150.5,9131.5,9131.5,1303.596,11916793.298
1592211600000,2020-06-15T09:00:00+00:00,9131.5,9140,9106,9113.5,1060.252,9672206.6165
1592212500000,2020-06-15T09:15:00+00:00,9113.5,9133,9113,9120.5,645.035,5885047.0525
1592213400000,2020-06-15T09:30:00+00:00,9120.5,9135.5,9110.5,9128,654.641,5973116.2585
1592214300000,2020-06-15T09:45:00+00:00,9128,9142,9124.5,9142,615.662,5623015.89
1592215200000,2020-06-15T10:00:00+00:00,9142,9144,9112,9112.5,546.866,4992076.9935
1592216100000,2020-06-15T10:15:00+00:00,9112.5,9135.5,9105.5,9106.5,500.692,4567772.551
1592217000000,2020-06-15T10:30:00+00:00,9106.5,9119.5,9103,9104,442.759,4034183.785
1592217900000,2020-06-15T10:45:00+00:00,9104,9110,9074,9083.5,513.393,4668147.856
1592218800000,2020-06-15T11:00:00+00:00,9083.5,9106,9064,9099,795.581,7231163.5455
1592219700000,2020-06-15T11:15:00+00:00,9099,9125.5,9087,9119,949.328,8646392.0125
1592220600000,2020-06-15T11:30:00+00:00,9119,9133,9114,9114.5,852.183,7776409.9585
1592221500000,2020-06-15T11:45:00+00:00,9114.5,9132,9107,9111,844.571,7701419.844
1592222400000,2020-06-15T12:00:00+00:00,9111,9129,9102.5,9102.5,638.454,5821073.9625
1592223300000,2020-06-15T12:15:00+00:00,9102.5,9117,9095,9115,554.273,5049277.8475
1592224200000,2020-06-15T12:30:00+00:00,9115,9122,9094,9105.5,622.555,5670408.0695
1592225100000,2020-06-15T12:45:00+00:00,9105.5,9105.5,9084.5,9093,556.707,5061925.8845
1592226000000,2020-06-15T13:00:00+00:00,9093,9098.5,9072,9078.5,680.841,6186666.222
1592226900000,2020-06-15T13:15:00+00:00,9078.5,9095,9074,9076,626.024,5686880.801
1592227800000,2020-06-15T13:30:00+00:00,9076,9122.5,9037.5,9111.5,1190.27,10808052.334
1592228700000,2020-06-15T13:45:00+00:00,9111.5,9193.5,9096.5,9182,1243.194,11371995.0455
1592229600000,2020-06-15T14:00:00+00:00,9182,9235,9180,9210.5,1321.299,12160401.0545
1592230500000,2020-06-15T14:15:00+00:00,9210.5,9223.5,9185,9185,705.664,6492690.075
1592231400000,2020-06-15T14:30:00+00:00,9185,9216.5,9181.5,9193.5,647.994,5958856.592
1592232300000,2020-06-15T14:45:00+00:00,9193.5,9210,9187,9195,604.613,5562565.1525
1592233200000,2020-06-15T15:00:00+00:00,9195,9249,9193,9241,994.922,9171132.6395
1592234100000,2020-06-15T15:15:00+00:00,9241,9286.5,9229.5,9261,1456.531,13483864.2855
1592235000000,2020-06-15T15:30:00+00:00,9261,9286,9244.5,9274,1126.715,10440829.6175
1592235900000,2020-06-15T15:45:00+00:00,9274,9309,9257.5,9290,1154.841,10719522.8935
1592236800000,2020-06-15T16:00:00+00:00,9290,9387.5,9275,9359.5,2869.962,26822597.386
1592237700000,2020-06-15T16:15:00+00:00,9359.5,9394.5,9342,9348,1750.711,16390623.924
1592238600000,2020-06-15T16:30:00+00:00,9348,9358,9320,9345,1379.897,12886795.8165
1592239500000,2020-06-15T16:45:00+00:00,9345,9369,9343,9355.5,1374.165,12854895.882
1592240400000,2020-06-15T17:00:00+00:00,9355.5,9377.5,9338.5,9348.5,1134.886,10623380.1165
1592241300000,2020-06-15T17:15:00+00:00,9348.5,9357,9322,9331.5,935.587,8737116.9555
1592242200000,2020-06-15T17:30:00+00:00,9331.5,9353.5,9330,9337,947.216,8846855.4265
1592243100000,2020-06-15T17:45:00+00:00,9337,9348,9326,9328.5,987.809,9225817.135
1592244000000,2020-06-15T18:00:00+00:00,9328.5,9425.5,9327.5,9404.5,1085.371,10186886.8285
1592244900000,2020-06-15T18:15:00+00:00,9404.5,9442,9371,9383.5,682.872,6432920.5375
1592245800000,2020-06-15T18:30:00+00:00,9383.5,9407.5,9360,9380.5,511.624,4802596.228
1592246700000,2020-06-15T18:45:00+00:00,9380.5,9422.5,9375,9409.5,479.529,4508770.078
1592247600000,2020-06-15T19:00:00+00:00,9409.5,9449,9409.5,9423,848.159,7993615.596
1592248500000,2020-06-15T19:15:00+00:00,9423,9442,9388.5,9400.5,964.521,9076866.604
1592249400000,2020-06-15T19:30:00+00:00,9400.5,9410,9390.5,9400.5,839.951,7895682.0655
1592250300000,2020-06-15T19:45:00+00:00,9400.5,9421.5,9390.5,9411,912.561,8581436.852
1592251200000,2020-06-15T20:00:00+00:00,9411,9427,9396,9396,1026.42,9660705.4745
1592252100000,2020-06-15T20:15:00+00:00,9396,9422.5,9393.5,9422,1064.999,10017847.29
1592253000000,2020-06-15T20:30:00+00:00,9422,9430,9411,9415,1135.638,10695659.303
1592253900000,2020-06-15T20:45:00+00:00,9415,9479.5,9404.5,9468.5,1606.456,15169413.5215
1592254800000,2020-06-15T21:00:00+00:00,9468.5,9490,9454,9479,965.613,9151672.509
1592255700000,2020-06-15T21:15:00+00:00,9479,9480.5,9447,9450,607.822,5754865.526
1592256600000,2020-06-15T21:30:00+00:00,9450,9480,9446,9470.5,584.654,5534508.828
1592257500000,2020-06-15T21:45:00+00:00,9470.5,9470.5,9413.5,9428,701.948,6628682.775
1592258400000,2020-06-15T22:00:00+00:00,9428,9453.5,9422.5,9433.5,418.097,3945781.6895
1592259300000,2020-06-15T22:15:00+00:00,9433.5,9438,9419.5,9432.5,353.246,3329949.5545
1592260200000,2020-06-15T22:30:00+00:00,9432.5,9432.5,9388,9408.5,390.292,3672540.619
1592261100000,2020-06-15T22:45:00+00:00,9408.5,9420,9401,9411.5,366.911,3452340.417
1592262000000,2020-06-15T23:00:00+00:00,9411.5,9441.5,9411.5,9428,652.621,6153090.647
1592262900000,2020-06-15T23:15:00+00:00,9428,9441,9422.5,9433.5,807.251,7614366.782
1592263800000,2020-06-15T23:30:00+00:00,9433.5,9455,9420.5,9424.5,817.767,7717410.608
1592264700000,2020-06-15T23:45:00+00:00,9424.5,9435,9410,9421.5,786.634,7412323.362
1592265600000,2020-06-16T00:00:00+00:00,9421.5,9429.5,9403,9408,620.534,5846787.091
1592266500000,2020-06-16T00:15:00+00:00,9408,9413,9391.5,9404.5,544.349,5119590.952
1592267400000,2020-06-16T00:30:00+00:00,9404.5,9404.5,9373.5,9373.5,566.962,5325439.819
1592268300000,2020-06-16T00:45:00+00:00,9373.5,9396,9370,9385,549.877,5160761.8805
1592269200000,2020-06-16T01:00:00+00:00,9385,9422,9384.5,9412.5,524.159,4932455.2115
1592270100000,2020-06-16T01:15:00+00:00,9412.5,9423,9389,9393.5,385.37,3625294.0435
1592271000000,2020-06-16T01:30:00+00:00,9393.5,9407,9381,9396,430.537,4043947.415
1592271900000,2020-06-16T01:45:00+00:00,9396,9410,9388.5,9403,374.213,3517234.575
1592272800000,2020-06-16T02:00:00+00:00,9403,9403.5,9380,9381.5,1038.097,9744963.6365
1592273700000,2020-06-16T02:15:00+00:00,9381.5,9399.5,9380,9391,1292.678,12137250.779
1592274600000,2020-06-16T02:30:00+00:00,9391,9421,9391,9416,1286.294,12104423.865
1592275500000,2020-06-16T02:45:00+00:00,9416,9459,9412.5,9452,1355.27,12794979.0265
1592276400000,2020-06-16T03:00:00+00:00,9452,9591.5,9439,9556,2415.859,23004349.002
1592277300000,2020-06-16T03:15:00+00:00,9556,9556,9516,9537,1003.013,9565091.255
1592278200000,2020-06-16T03:30:00+00:00,9537,9574.5,9523.5,9554,1134.589,10837288.037
1592279100000,2020-06-16T03:45:00+00:00,9554,9573.5,9551.5,9560,583.128,5574048.015
1592280000000,2020-06-16T04:00:00+00:00,9558.5,9571,9527,9535.5,1174.985,11212497.114
1592280900000,2020-06-16T04:15:00+00:00,9535.5,9552.5,9522,9535,1243.895,11861177.0105
1592281800000,2020-06-16T04:30:00+00:00,9535,9537.5,9520.5,9521.5,1248.567,11900569.215
1592282700000,2020-06-16T04:45:00+00:00,9521.5,9544.5,9516.5,9541,1301.073,12402709.435
1592283600000,2020-06-16T05:00:00+00:00,9541,9554.5,9527,9530.5,1096.299,10459807.648
1592284500000,2020-06-16T05:15:00+00:00,9530.5,9538,9526.5,9533,983.078,9369745.966
1592285400000,2020-06-16T05:30:00+00:00,9533,9535,9521,9522,1029.326,9809031.548
1592286300000,2020-06-16T05:45:00+00:00,9522,9542,9517.5,9536.5,1010.412,9628123.516
1592287200000,2020-06-16T06:00:00+00:00,9536.5,9551,9525.5,9544,1125.467,10732099.626
1592288100000,2020-06-16T06:15:00+00:00,9544,9547,9529.5,9530.5,1376.807,13130321.1005
1592289000000,2020-06-16T06:30:00+00:00,9530.5,9531.5,9476.5,9480.5,1452.628,13808624.912
1592289900000,2020-06-16T06:45:00+00:00,9480.5,9487.5,9451,9467.5,1523.883,14430115.2335
1592290800000,2020-06-16T07:00:00+00:00,9467.5,9497,9454,9478,707.239,6701138.761
1592291700000,2020-06-16T07:15:00+00:00,9478,9492.5,9470.5,9485.5,420.844,3991146.1875
1592292600000,2020-06-16T07:30:00+00:00,9485.5,9496.5,9476.5,9490.5,571.351,5420873.8265
1592293500000,2020-06-16T07:45:00+00:00,9490.5,9514.5,9488.5,9499.5,518.988,4933892.478
1592294400000,2020-06-16T08:00:00+00:00,9499.5,9500.5,9467.5,9479,817.682,7750888.332
1592295300000,2020-06-16T08:15:00+00:00,9479,9485,9461.5,9481.5,854.323,8093613.1725
1592296200000,2020-06-16T08:30:00+00:00,9481.5,9500,9479.5,9487.5,919.84,8726879.87
1592297100000,2020-06-16T08:45:00+00:00,9487.5,9497,9476,9488,767.15,7278196.943
1592298000000,2020-06-16T09:00:00+00:00,9488,9537,9487,9532.5,1188.433,11308096.691
1592298900000,2020-06-16T09:15:00+00:00,9532.5,9541.5,9511.5,9519,1007.118,9589796.8345
1592299800000,2020-06-16T09:30:00+00:00,9519,9521,9484.5,9493,945.22,8980786.93
1592300700000,2020-06-16T09:45:00+00:00,9493,9505.5,9482,9504.5,898.988,8532278.9035
1592301600000,2020-06-16T10:00:00+00:00,9504.5,9528,9498.5,9522.5,549.563,5227015.664
1592302500000,2020-06-16T10:15:00+00:00,9522.5,9525,9506.5,9514,416.904,3966730.1845
1592303400000,2020-06-16T10:30:00+00:00,9514,9524.5,9508.5,9522.5,357.003,3397999.7985
1592304300000,2020-06-16T10:45:00+00:00,9522.5,9536.5,9517.5,9528,471.931,4496213.5235
1592305200000,2020-06-16T11:00:00+00:00,9528,9528,9513,9523,937.262,8923580.758
1592306100000,2020-06-16T11:15:00+00:00,9523,9523,9484.5,9494,1183.641,11249908.3195
1592307000000,2020-06-16T11:30:00+00:00,9494,9510,9485,9507.5,1178.177,11190879.6025
1592307900000,2020-06-16T11:45:00+00:00,9507.5,9517.5,9499,9506.5,1170.808,11131097.87
1592308800000,2020-06-16T12:00:00+00:00,9506.5,9522.5,9490,9519,1537.418,14619720.6525
1592309700000,2020-06-16T12:15:00+00:00,9519,9520,9473,9490,1843.156,17500225.9375
1592310600000,2020-06-16T12:30:00+00:00,9490,9539.5,9488,9537.5,1633.541,15551876.33
1592311500000,2020-06-16T12:45:00+00:00,9537.5,9576.5,9518.5,9561.5,2036.859,19445758.213
1592312400000,2020-06-16T13:00:00+00:00,9561.5,9588.5,9502,9514,2096.745,20024381.315
1592313300000,2020-06-16T13:15:00+00:00,9514,9529,9500,9523,1652.039,15722355.8595
1592314200000,2020-06-16T13:30:00+00:00,9523,9548,9494,9534,1840.641,17520537.101
1592315100000,2020-06-16T13:45:00+00:00,9534,9550,9522.5,9532,1567.586,14949968.1725
1592316000000,2020-06-16T14:00:00+00:00,9532,9540,9519.5,9522,901.112,8586173.141
1592316900000,2020-06-16T14:15:00+00:00,9522,9524,9495,9514.5,655.493,6235726.1035
1592317800000,2020-06-16T14:30:00+00:00,9514.5,9516,9433.5,9459.5,1000.722,9489826.1
1592318700000,2020-06-16T14:45:00+00:00,9459.5,9486.5,9415,9436.5,955.469,9034650.318
1592319600000,2020-06-16T15:00:00+00:00,9436.5,9454.5,9400,9446,2041.437,19264778.2945
1592320500000,2020-06-16T15:15:00+00:00,9446,9471.5,9442.5,9445.5,1758.535,16628709.8245
1592321400000,2020-06-16T15:30:00+00:00,9445.5,9461,9435,9451.5,1672.055,15801726.675
1592322300000,2020-06-16T15:45:00+00:00,9451.5,9463.5,9435,9449.5,1679.986,15877264.9185
1592323200000,2020-06-16T16:00:00+00:00,9449.5,9457,9427,9455.5,1029.397,9719378.377
1592324100000,2020-06-16T16:15:00+00:00,9455.5,9492,9453,9472,817.504,7742381.8415
1592325000000,2020-06-16T16:30:00+00:00,9472,9510,9472,9499.5,847.741,8048604.451
1592325900000,2020-06-16T16:45:00+00:00,9499.5,9505.5,9478.5,9488,753.843,7155993.475
1592326800000,2020-06-16T17:00:00+00:00,9488,9498.5,9479,9495,1316.272,12492050.5935
1592327700000,2020-06-16T17:15:00+00:00,9495,9498,9464,9471.5,1491.826,14148921.1165
1592328600000,2020-06-16T17:30:00+00:00,9471.5,9478,9457,9477.5,1469.567,13914357.7995
1592329500000,2020-06-16T17:45:00+00:00,9477.5,9479.5,9454,9466.5,1470.596,13920738.28
1592330400000,2020-06-16T18:00:00+00:00,9466.5,9475,9449.5,9474,852.08,8063250.1475
1592331300000,2020-06-16T18:15:00+00:00,9474,9504,9470,9496.5,582.368,5528516.691
1592332200000,2020-06-16T18:30:00+00:00,9496.5,9506.5,9488,9488.5,576.389,5473059.1735
1592333100000,2020-06-16T18:45:00+00:00,9488.5,9494,9481.5,9492.5,573.092,5437508.332
1592334000000,2020-06-16T19:00:00+00:00,9492.5,9493.5,9473.5,9490,1453.982,13789835.8445
1592334900000,2020-06-16T19:15:00+00:00,9490,9495.5,9469.5,9488.5,1741.75,16517938.486
1592335800000,2020-06-16T19:30:00+00:00,9488.5,9505.5,9483.5,9494.5,1776.711,16868203.422
1592336700000,2020-06-16T19:45:00+00:00,9494.5,9505.5,9485,9503,1702.851,16167464.862
1592337600000,2020-06-16T20:00:00+00:00,9503,9505,9488,9500,924.315,8776945.6945
1592338500000,2020-06-16T20:15:00+00:00,9487.5,9491.5,9481.5,9482,416.656,3952057.271
1592339400000,2020-06-16T20:30:00+00:00,9482,9493,9475,9492.5,664.114,6297908.7405
1592340300000,2020-06-16T20:45:00+00:00,9492.5,9492.5,9484.5,9488.5,601.839,5710647.625
1592341200000,2020-06-16T21:00:00+00:00,9488.5,9501,9488,9495,826.106,7842995.8765
1592342100000,2020-06-16T21:15:00+00:00,9495,9526.5,9494.5,9516,1011.577,9622023.7505
1592343000000,2020-06-16T21:30:00+00:00,9516,9525.5,9511.5,9520,906.091,8624243.8095
1592343900000,2020-06-16T21:45:00+00:00,9520,9520,9489.5,9500.5,960.64,9131163.648
1592344800000,2020-06-16T22:00:00+00:00,9500.5,9507,9488.5,9498,1245.339,11828151.6585
1592345700000,2020-06-16T22:15:00+00:00,9498,9499.5,9485.5,9497.5,1345.34,12771981.4275
1592346600000,2020-06-16T22:30:00+00:00,9497.5,9517,9491.5,9509.5,1367.099,12993625.299
1592347500000,2020-06-16T22:45:00+00:00,9509.5,9520.5,9502.5,9517.5,1358.933,12927436.8085
1592348400000,2020-06-16T23:00:00+00:00,9517.5,9518.5,9497,9505.5,1395.437,13265898.3945
1592349300000,2020-06-16T23:15:00+00:00,9505.5,9515.5,9501,9514.5,1454.826,13832057.879
1592350200000,2020-06-16T23:30:00+00:00,9514.5,9528,9501,9516.5,1506.146,14324705.152
1592351100000,2020-06-16T23:45:00+00:00,9516.5,9532.5,9508,9519,1409.048,13408986.5635
1592352000000,2020-06-17T00:00:00+00:00,9519,9527,9504,9510,1189.596,11319126.3645
1592352900000,2020-06-17T00:15:00+00:00,9510,9511,9484.5,9487,1187.178,11276571.223
1592353800000,2020-06-17T00:30:00+00:00,9487,9493,9467,9484,1100.794,10436485.151
1592354700000,2020-06-17T00:45:00+00:00,9484,9488.5,9473.5,9473.5,1076.972,10208544.837
1592355600000,2020-06-17T01:00:00+00:00,9473.5,9483.5,9465.5,9476,844.365,7999555.32
1592356500000,2020-06-17T01:15:00+00:00,9476,9485.5,9470,9470.5,863.38,8182065.73
1592357400000,2020-06-17T01:30:00+00:00,9470.5,9470.5,9453.5,9465.5,862.551,8162644.7575
1592358300000,2020-06-17T01:45:00+00:00,9465.5,9470.5,9445.5,9450,822.665,7780398.496
1592359200000,2020-06-17T02:00:00+00:00,9450,9480.5,9438,9472.5,800.342,7574932.728
1592360100000,2020-06-17T02:15:00+00:00,9472.5,9473.5,9459,9463.5,668.097,6323302.594
1592361000000,2020-06-17T02:30:00+00:00,9463.5,9465,9431,9440.5,676.674,6395309.18
1592361900000,2020-06-17T02:45:00+00:00,9440.5,9448.5,9428.5,9440.5,918.854,8674186.2585
1592362800000,2020-06-17T03:00:00+00:00,9440.5,9440.5,9416,9438,1131.884,10672124.119
1592363700000,2020-06-17T03:15:00+00:00,9438,9463,9435.5,9446,1248.396,11793482.287
1592364600000,2020-06-17T03:30:00+00:00,9446,9465,9445,9461.5,1216.96,11507392.8295
1592365500000,2020-06-17T03:45:00+00:00,9461.5,9464,9453.5,9456,1268.601,11997716.911
1592366400000,2020-06-17T04:00:00+00:00,9456,9468.5,9439,9462.5,1475.815,13956974.377
1592367300000,2020-06-17T04:15:00+00:00,9462.5,9468.5,9455,9457,1442.631,13648688.1315
1592368200000,2020-06-17T04:30:00+00:00,9457,9474,9455,9466.5,1449.629,13717163.9
1592369100000,2020-06-17T04:45:00+00:00,9466.5,9473,9457.5,9461.5,1438.526,13616686.23
1592370000000,2020-06-17T05:00:00+00:00,9461.5,9478,9461.5,9471,865.365,8194229.2655
1592370900000,2020-06-17T05:15:00+00:00,9471,9475,9442,9444,755.054,7141542.3305
1592371800000,2020-06-17T05:30:00+00:00,9444,9458.5,9438,9456,638.226,6031801.149
1592372700000,2020-06-17T05:45:00+00:00,9456,9458,9430.5,9442,631.28,5960977.7105
1592373600000,2020-06-17T06:00:00+00:00,9442,9459.5,9427.5,9458,1320.82,12474288.1165
1592374500000,2020-06-17T06:15:00+00:00,9458,9468,9456.5,9467,1596.289,15106366.059
1592375400000,2020-06-17T06:30:00+00:00,9467,9488.5,9461.5,9485,1677.69,15894954.1425
1592376300000,2020-06-17T06:45:00+00:00,9485,9494.5,9470.5,9477.5,1686.996,15996355.0155
1592377200000,2020-06-17T07:00:00+00:00,9477.5,9487,9474.5,9482.5,1423.954,13500389.114
1592378100000,2020-06-17T07:15:00+00:00,9482.5,9488,9470.5,9487.5,1406.097,13330459.6615
1592379000000,2020-06-17T07:30:00+00:00,9487.5,9493,9482,9488.5,1397.135,13256355.614
1592379900000,2020-06-17T07:45:00+00:00,9488.5,9528.5,9488.5,9508.5,1814.978,17268063.8055
1592380800000,2020-06-17T08:00:00+00:00,9508.5,9520,9492.5,9498,984.841,9357979.5215
1592381700000,2020-06-17T08:15:00+00:00,9498,9510.5,9497.5,9498,645.016,6129682.6985
1592382600000,2020-06-17T08:30:00+00:00,9498,9506,9485.5,9501.5,624.368,5930325.1165
1592383500000,2020-06-17T08:45:00+00:00,9501.5,9504.5,9491,9493.5,569.827,5412157.487
1592384400000,2020-06-17T09:00:00+00:00,9493.5,9501,9480,9488.5,801.802,7606895.0615
1592385300000,2020-06-17T09:15:00+00:00,9488.5,9488.5,9480,9484.5,957.957,9085268.2975
1592386200000,2020-06-17T09:30:00+00:00,9484.5,9493.5,9484,9486,880.122,8351606.144
1592387100000,2020-06-17T09:45:00+00:00,9486,9487,9473,9479,937.977,8891892.2665
1592388000000,2020-06-17T10:00:00+00:00,9479,9494,9476,9493,723.926,6865580.1725
1592388900000,2020-06-17T10:15:00+00:00,9493,9496,9486.5,9487.5,600.39,5698148.356
1592389800000,2020-06-17T10:30:00+00:00,9487.5,9488,9477.5,9480,694.962,6589480.0735
1592390700000,2020-06-17T10:45:00+00:00,9480,9484.5,9475,9478,590.35,5596722.987
1592391600000,2020-06-17T11:00:00+00:00,9478,9484,9462.5,9482.5,637.5,6038876.997
1592392500000,2020-06-17T11:15:00+00:00,9482.5,9506,9482.5,9504.5,618.278,5868373.29
1592393400000,2020-06-17T11:30:00+00:00,9504.5,9505,9484,9484,574.526,5453277.856
1592394300000,2020-06-17T11:45:00+00:00,9484,9489.5,9475,9475,609.262,5776836.47
1592395200000,2020-06-17T12:00:00+00:00,9475,9499,9474.5,9494,1372.08,13018924.252
1592396100000,2020-06-17T12:15:00+00:00,9494,9496,9484.5,9489.5,1641.036,15573190.901
1592397000000,2020-06-17T12:30:00+00:00,9489.5,9505,9489,9501.5,1620.322,15387858.4585
1592397900000,2020-06-17T12:45:00+00:00,9501.5,9505,9488.5,9494.5,1690.239,16051029.616
1592398800000,2020-06-17T13:00:00+00:00,9494.5,9518,9494,9509,1544.066,14676479.0235
1592399700000,2020-06-17T13:15:00+00:00,9509,9566,9451,9467,2883.964,27400657.5615
1592400600000,2020-06-17T13:30:00+00:00,9467,9475.5,9437,9465.5,1829.47,17316296.7655
1592401500000,2020-06-17T13:45:00+00:00,9465.5,9470,9427,9438,1662.731,15719411.162
1592402400000,2020-06-17T14:00:00+00:00,9438,9458,9403,9435,1700.729,16046722.9985
1592403300000,2020-06-17T14:15:00+00:00,9435,9452.5,9405.5,9416.5,1411.828,13306715.9505
1592404200000,2020-06-17T14:30:00+00:00,9416.5,9424.5,9365,9403,1849.81,17373768.2155
1592405100000,2020-06-17T14:45:00+00:00,9403,9425.5,9395.5,9408,1120.622,10546352.4635
1592406000000,2020-06-17T15:00:00+00:00,9408,9427.5,9399,9421.5,1288.578,12133697.0895
1592406900000,2020-06-17T15:15:00+00:00,9421.5,9429.5,9406,9421,1274.538,12003987.765
1592407800000,2020-06-17T15:30:00+00:00,9421,9421.5,9402,9413,1416.553,13332745.648
1592408700000,2020-06-17T15:45:00+00:00,9413,9413.5,9382,9392.5,1341.131,12603861.266
1592409600000,2020-06-17T16:00:00+00:00,9392.5,9415,9375.5,9404.5,1025.815,9642400.4615
1592410500000,2020-06-17T16:15:00+00:00,9404.5,9405,9359.5,9374,816.123,7653693.1175
1592411400000,2020-06-17T16:30:00+00:00,9374,9389,9352.5,9363.5,767.883,7199040.6475
1592412300000,2020-06-17T16:45:00+00:00,9363.5,9380,9359.5,9365,717.657,6723728.227
1592413200000,2020-06-17T17:00:00+00:00,9365,9404.5,9359.5,9397.5,1240.899,11654957.859
1592414100000,2020-06-17T17:15:00+00:00,9397.5,9410.5,9397,9402.5,1479.525,13912106.401
1592415000000,2020-06-17T17:30:00+00:00,9402.5,9423,9402.5,9417.5,1409.935,13272375.84
1592415900000,2020-06-17T17:45:00+00:00,9417.5,9423,9396,9397.5,1448.394,13628377.2335
1592416800000,2020-06-17T18:00:00+00:00,9397.5,9414.5,9391.5,9397.5,1715.803,16131485.558
1592417700000,2020-06-17T18:15:00+00:00,9397.5,9404.5,9385,9393,1912.289,17968962.966
1592418600000,2020-06-17T18:30:00+00:00,9393,9409.5,9393,9405.5,1877.092,17650643.571
1592419500000,2020-06-17T18:45:00+00:00,9405.5,9414.5,9395,9400,1873.549,17623050.7595
1592420400000,2020-06-17T19:00:00+00:00,9400,9403,9389,9391.5,1101.044,10345462.8125
1592421300000,2020-06-17T19:15:00+00:00,9391.5,9402.5,9381,9383.5,836.058,7851403.547
1592422200000,2020-06-17T19:30:00+00:00,9383.5,9383.5,9360,9366.5,897.105,8410411.1445
1592423100000,2020-06-17T19:45:00+00:00,9366.5,9376.5,9290.5,9290.5,1294.374,12092947.632
1592424000000,2020-06-17T20:00:00+00:00,9290.5,9334.5,9231,9317,2713.355,25210208.685
1592424900000,2020-06-17T20:15:00+00:00,9317,9357,9311,9340.5,1327.093,12393574.367
1592425800000,2020-06-17T20:30:00+00:00,9340.5,9387.5,9340.5,9380,1292.395,12093154.377
1592426700000,2020-06-17T20:45:00+00:00,9380,9381.5,9364,9372.5,1236.167,11587798.3635
1592427600000,2020-06-17T21:00:00+00:00,9372.5,9412,9371,9407.5,975.54,9159171.363
1592428500000,2020-06-17T21:15:00+00:00,9407.5,9425.5,9400.5,9415.5,795.364,7483376.502
1592429400000,2020-06-17T21:30:00+00:00,9415.5,9419.5,9405,9417.5,766.207,7212083.624
1592430300000,2020-06-17T21:45:00+00:00,9417.5,9443.5,9405,9409.5,821.009,7730941.171
1592431200000,2020-06-17T22:00:00+00:00,9409.5,9411,9389.5,9397,1242.755,11684727.0635
1592432100000,2020-06-17T22:15:00+00:00,9397,9421.5,9392.5,9414,1358.303,12784020.428
1592433000000,2020-06-17T22:30:00+00:00,9414,9448.5,9411.5,9429.5,1388.381,13086522.137
1592433900000,2020-06-17T22:45:00+00:00,9429.5,9445,9415,9429.5,1421.162,13403425.4855
1592434800000,2020-06-17T23:00:00+00:00,9429.5,9440.5,9423,9428,782.094,7377914.3995
1592435700000,2020-06-17T23:15:00+00:00,9428,9447,9424.5,9437,591.088,5578363.6815
1592436600000,2020-06-17T23:30:00+00:00,9437,9463,9434,9453.5,629.082,5942344.9645
1592437500000,2020-06-17T23:45:00+00:00,9453.5,9467,9445.5,9458,623.825,5899204.117
1592438400000,2020-06-18T00:00:00+00:00,9458,9464,9430,9430,1110.889,10484753.949
1592439300000,2020-06-18T00:15:00+00:00,9430,9434,9412,9420.5,1196.688,11281935.885
1592440200000,2020-06-18T00:30:00+00:00,9420.5,9423.5,9405,9419.5,1270.425,11964200.477
1592441100000,2020-06-18T00:45:00+00:00,9419.5,9432,9413,9428,1231.084,11596188.9415
1592442000000,2020-06-18T01:00:00+00:00,9428,9445.5,9422.5,9443.5,925.304,8726841.2465
1592442900000,2020-06-18T01:15:00+00:00,9443.5,9444,9422,9426.5,775.086,7310553.1405
1592443800000,2020-06-18T01:30:00+00:00,9426.5,9427,9404,9418,895.372,8431658.7305
1592444700000,2020-06-18T01:45:00+00:00,9418,9419.5,9405,9416,829.347,7808166.0325
1592445600000,2020-06-18T02:00:00+00:00,9416,9423,9400,9407.5,1077.535,10140914.442
1592446500000,2020-06-18T02:15:00+00:00,9407.5,9410.5,9395.5,9407.5,1014.334,9537371.0815
1592447400000,2020-06-18T02:30:00+00:00,9407.5,9417,9402.5,9412,998.739,9397869.3525
1592448300000,2020-06-18T02:45:00+00:00,9412,9418,9396.5,9406,1079.737,10159161.0935
1592449200000,2020-06-18T03:00:00+00:00,9406,9419.5,9398,9418,1460.889,13742432.0605
1592450100000,2020-06-18T03:15:00+00:00,9418,9422,9411.5,9413.5,1704.532,16051262.7205
1592451000000,2020-06-18T03:30:00+00:00,9413.5,9424.5,9413,9421.5,1700.676,16020062.281
1592451900000,2020-06-18T03:45:00+00:00,9421.5,9434.5,9421.5,9425,1677.161,15811537.284
1592452800000,2020-06-18T04:00:00+00:00,9425,9431,9416.5,9417,1236.833,11652847.339
1592453700000,2020-06-18T04:15:00+00:00,9417,9423.5,9410,9413.5,1079.05,10159847.433
1592454600000,2020-06-18T04:30:00+00:00,9413.5,9418,9407,9415.5,1064.037,10014600.58
1592455500000,2020-06-18T04:45:00+00:00,9415.5,9421,9404,9404,1068.08,10053281.318
1592456400000,2020-06-18T05:00:00+00:00,9404,9411.5,9403.5,9407,1426.778,13422255.624
1592457300000,2020-06-18T05:15:00+00:00,9407,9418,9405.5,9411.5,1569.009,14766131.717
1592458200000,2020-06-18T05:30:00+00:00,9411.5,9423,9411.5,9414.5,1646.462,15506426.6
1592459100000,2020-06-18T05:45:00+00:00,9414.5,9429.5,9414.5,9420.5,1569.907,14795678.2855
1592460000000,2020-06-18T06:00:00+00:00,9420.5,9422,9410.5,9411,1088.559,10251217.563
1592460900000,2020-06-18T06:15:00+00:00,9411,9415.5,9408.5,9414.5,931.503,8768486.7815
1592461800000,2020-06-18T06:30:00+00:00,9414.5,9439.5,9414.5,9433.5,978.302,9225558.971
1592462700000,2020-06-18T06:45:00+00:00,9433.5,9444.5,9423.5,9423.5,978.648,9232412.336
1592463600000,2020-06-18T07:00:00+00:00,9423.5,9440.5,9423.5,9437,1534.148,14473145.25
1592464500000,2020-06-18T07:15:00+00:00,9437,9443,9431,9439,1678.884,15844926.976
1592465400000,2020-06-18T07:30:00+00:00,9439,9444,9429.5,9430,1611.799,15210181.2535
1592466300000,2020-06-18T07:45:00+00:00,9430,9436.5,9423.5,9435.5,1655.236,15607241.944
1592467200000,2020-06-18T08:00:00+00:00,9435.5,9447,9430,9441,1071.853,10115205.787
1592468100000,2020-06-18T08:15:00+00:00,9441,9452,9435.5,9438,790.886,7469654.3255
1592469000000,2020-06-18T08:30:00+00:00,9438,9443.5,9427.5,9429.5,746.924,7047802.8625
1592469900000,2020-06-18T08:45:00+00:00,9429.5,9435,9425.5,9434,726.963,6855758.511
1592470800000,2020-06-18T09:00:00+00:00,9434,9438.5,9423.5,9429.5,1453.743,13709680.608
1592471700000,2020-06-18T09:15:00+00:00,9429.5,9440,9428,9435,1715.111,16179403.4605
1592472600000,2020-06-18T09:30:00+00:00,9435,9438,9429,9429,1654.771,15611773.1575
1592473500000,2020-06-18T09:45:00+00:00,9429,9480.5,9400.5,9410.5,3059.781,28903185.731
1592474400000,2020-06-18T10:00:00+00:00,9410.5,9429.5,9376.5,9414,2514.348,23665817.6365
1592475300000,2020-06-18T10:15:00+00:00,9414,9425.5,9413.5,9423.5,1931.335,18193543.8075
1592476200000,2020-06-18T10:30:00+00:00,9423.5,9448.5,9423.5,9439.5,1932.379,18239181.5155
1592477100000,2020-06-18T10:45:00+00:00,9439.5,9447,9437,9447,1928.373,18209442.046
1592478000000,2020-06-18T11:00:00+00:00,9447,9456.5,9436,9443,1213.683,11466378.355
1592478900000,2020-06-18T11:15:00+00:00,9443,9449,9427.5,9433,900.209,8498053.2245
1592479800000,2020-06-18T11:30:00+00:00,9433,9440,9427.5,9434,922.199,8701480.8545
1592480700000,2020-06-18T11:45:00+00:00,9434,9434,9417.5,9428,968.886,9132957.8875
1592481600000,2020-06-18T12:00:00+00:00,9428,9430.5,9417,9424,811.834,7649906.472
1592482500000,2020-06-18T12:15:00+00:00,9424,9428.5,9416,9428.5,720,6783551.73
1592483400000,2020-06-18T12:30:00+00:00,9428.5,9441.5,9422.5,9431.5,680.66,6419361.355
1592484300000,2020-06-18T12:45:00+00:00,9431.5,9436.5,9421.5,9421.5,718.259,6771851.569
1592485200000,2020-06-18T13:00:00+00:00,9421.5,9423.5,9403,9410.5,690.104,6496455.2715
1592486100000,2020-06-18T13:15:00+00:00,9410.5,9419,9395,9411.5,705.745,6638203.167
1592487000000,2020-06-18T13:30:00+00:00,9411.5,9412,9384.5,9400,751.163,7060823.8585
1592487900000,2020-06-18T13:45:00+00:00,9400,9412,9390.5,9398.5,620.803,5838156.3465
1592488800000,2020-06-18T14:00:00+00:00,9398.5,9402.5,9385,9396,851.864,8002699.8835
1592489700000,2020-06-18T14:15:00+00:00,9396,9410.5,9396,9406.5,916.2,8614969.8655
1592490600000,2020-06-18T14:30:00+00:00,9406.5,9420.5,9400,9419.5,911.191,8572540.167
1592491500000,2020-06-18T14:45:00+00:00,9419.5,9429.5,9413,9425,964.87,9089900.0965
1592492400000,2020-06-18T15:00:00+00:00,9425,9433,9416,9424,1383.122,13031179.4695
1592493300000,2020-06-18T15:15:00+00:00,9424,9430.5,9416.5,9420,1631.624,15374660.3035
1592494200000,2020-06-18T15:30:00+00:00,9420,9424,9408,9409,1583.571,14908222.895
1592495100000,2020-06-18T15:45:00+00:00,9409,9420.5,9375.5,9383.5,1700.225,15979485.086
1592496000000,2020-06-18T16:00:00+00:00,9383.5,9398,9380,9384.5,1890.523,17750361.162
1592496900000,2020-06-18T16:15:00+00:00,9384.5,9408,9373,9401,1976.806,18571918.7935
1592497800000,2020-06-18T16:30:00+00:00,9401,9401,9388,9388.5,1858.38,17456033.9315
1592498700000,2020-06-18T16:45:00+00:00,9388.5,9403.5,9381.5,9395,1822.941,17124604.2415
1592499600000,2020-06-18T17:00:00+00:00,9395,9395.5,9386.5,9390,1509.454,14175849.842
1592500500000,2020-06-18T17:15:00+00:00,9390,9403,9389,9399.5,1366.345,12839833.7135
1592501400000,2020-06-18T17:30:00+00:00,9399.5,9414.5,9399,9409.5,1397.616,13145255.4315
1592502300000,2020-06-18T17:45:00+00:00,9409.5,9413,9396.5,9399.5,1363.236,12822492.184
1592503200000,2020-06-18T18:00:00+00:00,9399.5,9402,9393,9397.5,1702.566,15999853.326
1592504100000,2020-06-18T18:15:00+00:00,9397.5,9403.5,9392.5,9395.5,1795.255,16869806.896
1592505000000,2020-06-18T18:30:00+00:00,9395.5,9399.5,9386.5,9393,1777.325,16690086.8715
1592505900000,2020-06-18T18:45:00+00:00,9393,9397.5,9380,9392.5,1811.82,17014133.996
1592506800000,2020-06-18T19:00:00+00:00,9392.5,9392.5,9363,9371,1231.98,11555282.3375
1592507700000,2020-06-18T19:15:00+00:00,9371,9406.5,9330,9394.5,1396.279,13097081.4005
1592508600000,2020-06-18T19:30:00+00:00,9394.5,9411,9385,9400,903.579,8492646.9525
1592509500000,2020-06-18T19:45:00+00:00,9400,9401,9386,9391,951.436,8937378.6055
1592510400000,2020-06-18T20:00:00+00:00,9391,9399.5,9376.5,9390,686.727,6445874.576
1592511300000,2020-06-18T20:15:00+00:00,9390,9390,9365,9379.5,615.514,5774287.532
1592512200000,2020-06-18T20:30:00+00:00,9379.5,9380,9307.5,9360,884.552,8268947.7475
1592513100000,2020-06-18T20:45:00+00:00,9360,9375,9328,9341.5,674.435,6308145.805
1592514000000,2020-06-18T21:00:00+00:00,9341.5,9341.5,9275.5,9295,1074.862,10010125.282
1592514900000,2020-06-18T21:15:00+00:00,9295,9349.5,9272,9343.5,1091.871,10178423.854
1592515800000,2020-06-18T21:30:00+00:00,9343.5,9385,9337,9366,840.425,7867268.845
1592516700000,2020-06-18T21:45:00+00:00,9366,9375.5,9356.5,9365,711.808,6665941.5255
1592517600000,2020-06-18T22:00:00+00:00,9365,9383,9354,9382,1190.677,11162841.331
1592518500000,2020-06-18T22:15:00+00:00,9382,9388,9358,9365.5,1398.64,13107367.9565
1592519400000,2020-06-18T22:30:00+00:00,9365.5,9378.5,9356.5,9367,1373.634,12868345.0905
1592520300000,2020-06-18T22:45:00+00:00,9367,9377.5,9362.5,9375,1408.986,13200710.5255
1592521200000,2020-06-18T23:00:00+00:00,9375,9380.5,9364,9379,1192.649,11178741.88
1592522100000,2020-06-18T23:15:00+00:00,9379,9396.5,9377.5,9394,1159.573,10885736.948
1592523000000,2020-06-18T23:30:00+00:00,9394,9409.5,9390,9399,1188.41,11172459.0025
1592523900000,2020-06-18T23:45:00+00:00,9399,9405.5,9379,9382,1167.824,10969989.862
1592524800000,2020-06-19T00:00:00+00:00,9382,9382,9360,9367.5,780.936,7318146.4755
1592525700000,2020-06-19T00:15:00+00:00,9367.5,9373,9345.5,9357.5,668.162,6255099.3875
1592526600000,2020-06-19T00:30:00+00:00,9357.5,9366.5,9318,9342.5,776.076,7255517.7225
1592527500000,2020-06-19T00:45:00+00:00,9342.5,9371,9339.5,9366,697.255,6523738.4155
1592528400000,2020-06-19T01:00:00+00:00,9366,9370,9350,9353.5,1318.569,12342783.732
1592529300000,2020-06-19T01:15:00+00:00,9353.5,9364.5,9340.5,9364.5,2621.954,24529340.9365
1592530200000,2020-06-19T01:30:00+00:00,9364.5,9374.5,9324.5,9331,5015.276,46890548.528
1592531100000,2020-06-19T01:45:00+00:00,9331,9343.5,9320,9320.5,1474.704,13763715.628
1592532000000,2020-06-19T02:00:00+00:00,9320.5,9336,9300,9304,1461.064,13618316.222
1592532900000,2020-06-19T02:15:00+00:00,9304,9330.5,9300,9327,1389.339,12938041.556
1592533800000,2020-06-19T02:30:00+00:00,9327,9334.5,9316,9316,1363.476,12714236.7435
1592534700000,2020-06-19T02:45:00+00:00,9316,9326,9257,9271,1880.744,17485317.3285
1592535600000,2020-06-19T03:00:00+00:00,9271,9304,9261,9289,1965.942,18262575.252
1592536500000,2020-06-19T03:15:00+00:00,9289,9294,9267.5,9293.5,1660.715,15413816.428
1592537400000,2020-06-19T03:30:00+00:00,9293.5,9296,9263,9269,1642.076,15236825.19
1592538300000,2020-06-19T03:45:00+00:00,9269,9279,9239.5,9268.5,1784.782,16523819.387
1592539200000,2020-06-19T04:00:00+00:00,9268.5,9292,9254,9280.5,1272.141,11799335.5315
1592540100000,2020-06-19T04:15:00+00:00,9280.5,9308.5,9275,9307,1149.056,10674355.6395
1592541000000,2020-06-19T04:30:00+00:00,9307,9325,9294,9316,1178.416,10968547.5675
1592541900000,2020-06-19T04:45:00+00:00,9316,9325,9299.5,9300,1149.517,10702351.024
1592542800000,2020-06-19T05:00:00+00:00,9300,9312.5,9296,9300,1459.058,13573451.6
1592543700000,2020-06-19T05:15:00+00:00,9300,9313.5,9294.5,9295.5,1540.609,14334628.354
1592544600000,2020-06-19T05:30:00+00:00,9295.5,9310.5,9294,9308.5,1544.34,14368338.1605
1592545500000,2020-06-19T05:45:00+00:00,9308.5,9321.5,9301.5,9319.5,1590.963,14810024.751
1592546400000,2020-06-19T06:00:00+00:00,9319.5,9327.5,9315,9315.5,943.646,8797110.8845
1592547300000,2020-06-19T06:15:00+00:00,9315.5,9322.5,9306,9309.5,645.319,6011750.712
1592548200000,2020-06-19T06:30:00+00:00,9309.5,9317.5,9304.5,9306.5,679.011,6322058.3375
1592549100000,2020-06-19T06:45:00+00:00,9306.5,9314.5,9304.5,9305.5,660.243,6146027.993
1592550000000,2020-06-19T07:00:00+00:00,9305.5,9306.5,9289.5,9292.5,976.623,9077440.893
1592550900000,2020-06-19T07:15:00+00:00,9292.5,9296.5,9285,9288.5,694.538,6452618.7755
1592551800000,2020-06-19T07:30:00+00:00,9288.5,9288.5,9267.5,9271,826.59,7667836.761
1592552700000,2020-06-19T07:45:00+00:00,9271,9296.5,9258.5,9294.5,967.832,8974997.041
1592553600000,2020-06-19T08:00:00+00:00,9294.5,9298,9278,9279,1222.941,11360276.733
1592554500000,2020-06-19T08:15:00+00:00,9279,9289,9270.5,9278.5,1480.271,13734743.951
1592555400000,2020-06-19T08:30:00+00:00,9278.5,9312.5,9273.5,9309,1510.374,14046028.953
1592556300000,2020-06-19T08:45:00+00:00,9309,9319,9301.5,9310,1515.698,14113195.1565
1592557200000,2020-06-19T09:00:00+00:00,9310,9355,9310,9342.5,2074.117,19362762.895
1592558100000,2020-06-19T09:15:00+00:00,9342.5,9443,9342.5,9382,3493.009,32822213.588
1592559000000,2020-06-19T09:30:00+00:00,9382,9393,9342.5,9365.5,1893.235,17741714.875
1592559900000,2020-06-19T09:45:00+00:00,9365.5,9374.5,9340.5,9359,1823.925,17070603.083
1592560800000,2020-06-19T10:00:00+00:00,9359,9376.5,9353,9370,1124.046,10526879.0205
1592561700000,2020-06-19T10:15:00+00:00,9370,9372.5,9355.5,9364,924.428,8656504.4555
1592562600000,2020-06-19T10:30:00+00:00,9364,9378.5,9360.5,9366.5,921.807,8636878.831
1592563500000,2020-06-19T10:45:00+00:00,9366.5,9390.5,9358,9386.5,1068.354,10019683.9075
1592564400000,2020-06-19T11:00:00+00:00,9386.5,9399.5,9372,9373.5,844.601,7928463.3915
1592565300000,2020-06-19T11:15:00+00:00,9373.5,9392,9369.5,9390,802.017,7522120.2245
1592566200000,2020-06-19T11:30:00+00:00,9390,9392,9379,9385,822.743,7721217.6825
1592567100000,2020-06-19T11:45:00+00:00,9385,9389.5,9371.5,9382,774.221,7260926.4085
1592568000000,2020-06-19T12:00:00+00:00,9382,9406.5,9378.5,9403.5,1369.806,12862016.8835
1592568900000,2020-06-19T12:15:00+00:00,9403.5,9419,9402.5,9412,1490.563,14027460.0985
1592569800000,2020-06-19T12:30:00+00:00,9412,9417.5,9365,9376,1524.036,14318391.297
1592570700000,2020-06-19T12:45:00+00:00,9376,9387,9369.5,9379,1516.34,14220291.884
1592571600000,2020-06-19T13:00:00+00:00,9379,9383.5,9360.5,9372.5,1699.123,15923354.559
1592572500000,2020-06-19T13:15:00+00:00,9372.5,9389.5,9372,9380,1649.024,15467193.2955
1592573400000,2020-06-19T13:30:00+00:00,9380,9400.5,9380,9396.5,1695.718,15925861.458
1592574300000,2020-06-19T13:45:00+00:00,9396.5,9400,9376,9387.5,1674.11,15718709.4385
1592575200000,2020-06-19T14:00:00+00:00,9387.5,9395.5,9372.5,9376.5,1474.897,13837950.826
1592576100000,2020-06-19T14:15:00+00:00,9376.5,9392.5,9365.5,9387.5,1473.889,13833323.234
1592577000000,2020-06-19T14:30:00+00:00,9387.5,9387.5,9366,9377,1493.384,13996291.8415
1592577900000,2020-06-19T14:45:00+00:00,9377,9379.5,9352,9360.5,1478.22,13847617.8685
1592578800000,2020-06-19T15:00:00+00:00,9360.5,9375,9358.5,9367.5,1548.097,14503234.9815
1592579700000,2020-06-19T15:15:00+00:00,9367.5,9373,9348,9355,1472.661,13784922.826
1592580600000,2020-06-19T15:30:00+00:00,9355,9370,9355,9361.5,1490.179,13954038.252
1592581500000,2020-06-19T15:45:00+00:00,9361.5,9377,9361,9376.5,1511.325,14157872.0825
1592582400000,2020-06-19T16:00:00+00:00,9376.5,9380,9348.5,9353.5,1744.544,16341731.0595
1592583300000,2020-06-19T16:15:00+00:00,9353.5,9360.5,9319,9337,1981.919,18503380.7395
1592584200000,2020-06-19T16:30:00+00:00,9337,9342,9310,9322,1876.127,17498355.8145
1592585100000,2020-06-19T16:45:00+00:00,9322,9341,9322,9338.5,1837.997,17154006.1245
1592586000000,2020-06-19T17:00:00+00:00,9338.5,9347,9329.5,9332,1195.379,11162866.0015
1592586900000,2020-06-19T17:15:00+00:00,9332,9337,9303,9308.5,973.023,9068487.2325
1592587800000,2020-06-19T17:30:00+00:00,9308.5,9326.5,9283.5,9323,998.163,9293368.1455
1592588700000,2020-06-19T17:45:00+00:00,9323,9328,9309.5,9310.5,935.42,8715369.5085
1592589600000,2020-06-19T18:00:00+00:00,9310.5,9320,9296.5,9299.5,1396.639,13002786.0925
1592590500000,2020-06-19T18:15:00+00:00,9299.5,9311.5,9291.5,9297,1620.882,15076601.668
1592591400000,2020-06-19T18:30:00+00:00,9297,9323,9261.5,9315,2003.303,18610140.0445
1592592300000,2020-06-19T18:45:00+00:00,9315,9337.5,9311.5,9320.5,1569.852,14634147.438
1592593200000,2020-06-19T19:00:00+00:00,9320.5,9329.5,9308.5,9327,1627.779,15167664.837
1592594100000,2020-06-19T19:15:00+00:00,9327,9342,9326.5,9329,1622.024,15139081.5055
1592595000000,2020-06-19T19:30:00+00:00,9329,9335.5,9311.5,9314.5,1589.226,14820071.7755
1592595900000,2020-06-19T19:45:00+00:00,9314.5,9318.5,9299.5,9301.5,1599.929,14889388.9955
1592596800000,2020-06-19T20:00:00+00:00,9301.5,9306,9272.5,9273,1121.929,10426087.402
1592597700000,2020-06-19T20:15:00+00:00,9273,9310,9260,9292,927.355,8618705.891
1592598600000,2020-06-19T20:30:00+00:00,9292,9303,9280,9288.5,923.039,8577158.452
1592599500000,2020-06-19T20:45:00+00:00,9288.5,9320.5,9286,9320,881.745,8204909.212
1592600400000,2020-06-19T21:00:00+00:00,9320,9321.5,9305.5,9313.5,663.875,6182466.481
1592601300000,2020-06-19T21:15:00+00:00,9313.5,9313.5,9290,9290,566.627,5269745.4315
1592602200000,2020-06-19T21:30:00+00:00,9290,9309.5,9285.5,9309,601.755,5594150.5105
1592603100000,2020-06-19T21:45:00+00:00,9309,9339.5,9309,9329,531.18,4953388.121
1592604000000,2020-06-19T22:00:00+00:00,9329,9349.5,9328.5,9335.5,721.332,6736806.1145
1592604900000,2020-06-19T22:15:00+00:00,9335.5,9343.5,9320,9327.5,794.444,7411797.006
1592605800000,2020-06-19T22:30:00+00:00,9327.5,9333,9321.5,9332,731.286,6821509.6615
1592606700000,2020-06-19T22:45:00+00:00,9332,9332.5,9283.5,9298.5,789.551,7353478.684
1592607600000,2020-06-19T23:00:00+00:00,9298.5,9313.5,9285.5,9304,1673.348,15563261.695
1592608500000,2020-06-19T23:15:00+00:00,9304,9304.5,9289,9298,1562.7,14529432.314
1592609400000,2020-06-19T23:30:00+00:00,9298,9308.5,9280,9281.5,1552.844,14430375.042
1592610300000,2020-06-19T23:45:00+00:00,9281.5,9315.5,9272,9306.5,1593.082,14796580.89
1592611200000,2020-06-20T00:00:00+00:00,9306.5,9321,9291,9318,901.04,8385922.2235
1592612100000,2020-06-20T00:15:00+00:00,9318,9334.5,9309,9318,539.467,5029038.6925
1592613000000,2020-06-20T00:30:00+00:00,9318,9329.5,9307.5,9318,610.879,5692841.7555
1592613900000,2020-06-20T00:45:00+00:00,9318,9320,9296,9297.5,522.77,4864136.2475
1592614800000,2020-06-20T01:00:00+00:00,9297.5,9316.5,9285,9316,795.918,7403965.8995
1592615700000,2020-06-20T01:15:00+00:00,9316,9323.5,9309,9314.5,863.652,8045663.088
1592616600000,2020-06-20T01:30:00+00:00,9314.5,9320.5,9312,9319,880.323,8202793.4265
1592617500000,2020-06-20T01:45:00+00:00,9319,9320.5,9310,9310,844.308,7867089.478
1592618400000,2020-06-20T02:00:00+00:00,9310,9319.5,9302.5,9309.5,651.684,6068616.6575
1592619300000,2020-06-20T02:15:00+00:00,9309.5,9319,9301.5,9310,670.202,6239076.9685
1592620200000,2020-06-20T02:30:00+00:00,9310,9317.5,9305.5,9315.5,609.486,5675342.963
1592621100000,2020-06-20T02:45:00+00:00,9315.5,9320.5,9315.5,9316,665.612,6201645.4935
1592622000000,2020-06-20T03:00:00+00:00,9316,9331.5,9316,9331.5,697.525,6502962.76
1592622900000,2020-06-20T03:15:00+00:00,9331.5,9345,9330,9337,741.717,6925952.1405
1592623800000,2020-06-20T03:30:00+00:00,9337,9340.5,9326.5,9327,698.416,6518438.4115
1592624700000,2020-06-20T03:45:00+00:00,9327,9329,9320,9324,684.062,6378515.7905
1592625600000,2020-06-20T04:00:00+00:00,9324,9327,9295,9304,663.897,6183321.4995
1592626500000,2020-06-20T04:15:00+00:00,9304,9309.5,9290.5,9304.5,567.64,5281316.4335
1592627400000,2020-06-20T04:30:00+00:00,9304.5,9319.5,9303.5,9319.5,493.833,4597958.8755
1592628300000,2020-06-20T04:45:00+00:00,9319.5,9323.5,9314,9315,540.858,5039834.827
1592629200000,2020-06-20T05:00:00+00:00,9315,9325,9315,9319.5,804.92,7502186.9045
1592630100000,2020-06-20T05:15:00+00:00,9319.5,9320,9308,9312,910.748,8483118.6705
1592631000000,2020-06-20T05:30:00+00:00,9312,9314.5,9305,9313,896.978,8349920.6045
1592631900000,2020-06-20T05:45:00+00:00,9313,9313.5,9305,9309,956.697,8905001.002
1592632800000,2020-06-20T06:00:00+00:00,9309,9330,9305,9322,1364.41,12710703.8085
1592633700000,2020-06-20T06:15:00+00:00,9322,9326.5,9312,9312,1209.161,11266206.2335
1592634600000,2020-06-20T06:30:00+00:00,9312,9321.5,9308,9309,1302.478,12129138.775
1592635500000,2020-06-20T06:45:00+00:00,9309,9319,9309,9317.5,1265.072,11781010.683
1592636400000,2020-06-20T07:00:00+00:00,9317.5,9323,9311.5,9311.5,806.181,7512167.6235
1592637300000,2020-06-20T07:15:00+00:00,9311.5,9312.5,9304.5,9307,817.493,7609045.3375
1592638200000,2020-06-20T07:30:00+00:00,9307,9311.5,9305,9305,662.647,6167648.4235
1592639100000,2020-06-20T07:45:00+00:00,9305,9308,9292.5,9298,683.031,6353730.16
1592640000000,2020-06-20T08:00:00+00:00,9298,9301,9286,9295,851.085,7910467.667
1592640900000,2020-06-20T08:15:00+00:00,9295,9309.5,9290,9300.5,918.61,8542594.1735
1592641800000,2020-06-20T08:30:00+00:00,9300.5,9306,9285.5,9288,904.289,8405658.2655
1592642700000,2020-06-20T08:45:00+00:00,9288,9293,9280,9284,983.611,9133727.6735
1592643600000,2020-06-20T09:00:00+00:00,9284,9299,9274,9293.5,1265.317,11756432.281
1592644500000,2020-06-20T09:15:00+00:00,9293.5,9295,9278,9284,1207.793,11214610.4735
1592645400000,2020-06-20T09:30:00+00:00,9284,9295,9272.5,9290,1058.378,9826320.246
1592646300000,2020-06-20T09:45:00+00:00,9290,9302,9285,9287.5,1235.465,11481585.6525
1592647200000,2020-06-20T10:00:00+00:00,9287.5,9294.5,9278.5,9287.5,1413.615,13126273.4135
1592648100000,2020-06-20T10:15:00+00:00,9287.5,9295.5,9286.5,9293.5,1412.461,13123795.525
1592649000000,2020-06-20T10:30:00+00:00,9293.5,9294.5,9288.5,9290.5,1348.255,12527794.993
1592649900000,2020-06-20T10:45:00+00:00,9290.5,9293.5,9283.5,9290,1341.838,12465826.1555
1592650800000,2020-06-20T11:00:00+00:00,9290,9290,9276.5,9277.5,1648.231,15298712.7135
1592651700000,2020-06-20T11:15:00+00:00,9277.5,9382.5,9167,9287,4351.31,40322695.4095
1592652600000,2020-06-20T11:30:00+00:00,9287,9309,9279,9292.5,1999.266,18582110.068
1592653500000,2020-06-20T11:45:00+00:00,9292.5,9326.5,9292.5,9320.5,1787.459,16631560.6735
1592654400000,2020-06-20T12:00:00+00:00,9320.5,9330,9295.5,9302.5,1383.303,12877631.5525
1592655300000,2020-06-20T12:15:00+00:00,9302.5,9316.5,9300.5,9307.5,1266.207,11786758.148
1592656200000,2020-06-20T12:30:00+00:00,9307.5,9317,9305,9315,1280.866,11925340.7965
1592657100000,2020-06-20T12:45:00+00:00,9315,9316.5,9299,9300,1260.74,11734293.9585
1592658000000,2020-06-20T13:00:00+00:00,9300,9310.5,9293,9294,1346.554,12524270.7905
1592658900000,2020-06-20T13:15:00+00:00,9294,9296,9281,9286.5,1344.798,12490949.532
1592659800000,2020-06-20T13:30:00+00:00,9286.5,9294.5,9282,9282.5,1407.519,13072908.285
1592660700000,2020-06-20T13:45:00+00:00,9282.5,9290.5,9277,9286,1349.968,12533824.9655
1592661600000,2020-06-20T14:00:00+00:00,9286,9294,9278,9291.5,937.429,8704816.1885
1592662500000,2020-06-20T14:15:00+00:00,9291.5,9294.5,9279.5,9284.5,744.538,6914661.04
1592663400000,2020-06-20T14:30:00+00:00,9284.5,9287,9282.5,9284,745.444,6921173.358
1592664300000,2020-06-20T14:45:00+00:00,9284,9294,9273,9282,756.661,7026965.6605
1592665200000,2020-06-20T15:00:00+00:00,9282,9285,9264,9267,1484.792,13772933.768
1592666100000,2020-06-20T15:15:00+00:00,9267,9277,9231.5,9252,2261.495,20937310.5355
1592667000000,2020-06-20T15:30:00+00:00,9252,9269.5,9244,9258.5,1876.865,17380574.434
1592667900000,2020-06-20T15:45:00+00:00,9258.5,9267,9250,9260.5,1788.916,16560233.196
1592668800000,2020-06-20T16:00:00+00:00,9260.5,9274.5,9237,9272.5,939.127,8695068.259
1592669700000,2020-06-20T16:15:00+00:00,9272.5,9281,9268,9272,585.873,5433755.521
1592670600000,2020-06-20T16:30:00+00:00,9272,9275.5,9266,9271,499.365,4629441.1895
1592671500000,2020-06-20T16:45:00+00:00,9271,9273,9261,9263,514.453,4768546.312
1592672400000,2020-06-20T17:00:00+00:00,9263,9275,9263,9275,1004.908,9315849.3985
1592673300000,2020-06-20T17:15:00+00:00,9275,9280.5,9264,9266.5,1233.052,11430484.422
1592674200000,2020-06-20T17:30:00+00:00,9266.5,9275,9265,9265,1159.727,10749930.3145
1592675100000,2020-06-20T17:45:00+00:00,9265,9271,9263,9268.5,1151.475,10669765.819
1592676000000,2020-06-20T18:00:00+00:00,9268.5,9276.5,9268,9274,1549.812,14373597.542
1592676900000,2020-06-20T18:15:00+00:00,9274,9275.5,9267.5,9269.5,1687.208,15641833.066
1592677800000,2020-06-20T18:30:00+00:00,9269.5,9276,9269.5,9272.5,1707.49,15835566.5355
1592678700000,2020-06-20T18:45:00+00:00,9272.5,9309.5,9272.5,9308,1819.061,16905660.0675
1592679600000,2020-06-20T19:00:00+00:00,9308,9315.5,9290.5,9295.5,1849.438,17209919.111
1592680500000,2020-06-20T19:15:00+00:00,9295.5,9300.5,9287.5,9293,1921.645,17856545.785
1592681400000,2020-06-20T19:30:00+00:00,9293,9296,9287,9289,1851.759,17207852.2345
1592682300000,2020-06-20T19:45:00+00:00,9289,9292,9280,9281.5,1830.69,17003578.9235
1592683200000,2020-06-20T20:00:00+00:00,9281.5,9303,9281.5,9301.5,1671.73,15534589.389
1592684100000,2020-06-20T20:15:00+00:00,9301.5,9313.5,9301.5,9311.5,1627.468,15147712.394
1592685000000,2020-06-20T20:30:00+00:00,9311.5,9324.5,9301.5,9306.5,1623.737,15120691.8625
1592685900000,2020-06-20T20:45:00+00:00,9306.5,9320,9304,9313.5,1652.885,15393885.2755
1592686800000,2020-06-20T21:00:00+00:00,9313.5,9350,9313.5,9326.5,1028.548,9590574.6085
1592687700000,2020-06-20T21:15:00+00:00,9326.5,9333.5,9322,9326.5,688.537,6422799.7425
1592688600000,2020-06-20T21:30:00+00:00,9326.5,9328,9313,9323.5,645.319,6014815.3575
1592689500000,2020-06-20T21:45:00+00:00,9323.5,9339,9323.5,9329,684.502,6386206.0505
1592690400000,2020-06-20T22:00:00+00:00,9329,9353.5,9329,9348.5,632.766,5911884.505
1592691300000,2020-06-20T22:15:00+00:00,9348.5,9393,9348.5,9380.5,709.646,6648550.1665
1592692200000,2020-06-20T22:30:00+00:00,9380.5,9390,9360.5,9361,632.837,5932842.3825
1592693100000,2020-06-20T22:45:00+00:00,9361,9372.5,9360.5,9371,581.981,5451107.0655
1592694000000,2020-06-20T23:00:00+00:00,9371,9374.5,9346,9347.5,1294.997,12110952.039
1592694900000,2020-06-20T23:15:00+00:00,9347.5,9360,9337,9356,1466.166,13715831.169
1592695800000,2020-06-20T23:30:00+00:00,9356,9360,9344.5,9352,1425.331,13329953.5475
1592696700000,2020-06-20T23:45:00+00:00,9352,9357.5,9345,9353.5,1427.436,13348006.876
1592697600000,2020-06-21T00:00:00+00:00,9353.5,9374,9353,9355,1390.986,13022200.521
1592698500000,2020-06-21T00:15:00+00:00,9355,9373.5,9345,9358.5,1332.331,12466593.88
1592699400000,2020-06-21T00:30:00+00:00,9358.5,9365,9337.5,9346,1341.029,12542341.696
1592700300000,2020-06-21T00:45:00+00:00,9346,9355.5,9341.5,9352,1445.147,13510720.1225
1592701200000,2020-06-21T01:00:00+00:00,9352,9369.5,9351.5,9362.5,867.985,8125294.327
1592702100000,2020-06-21T01:15:00+00:00,9362.5,9371,9358.5,9364.5,653.479,6118859.101
1592703000000,2020-06-21T01:30:00+00:00,9364.5,9366.5,9356.5,9358,629.972,5897844.7365
1592703900000,2020-06-21T01:45:00+00:00,9358,9369,9350,9368.5,664.805,6223096.893
1592704800000,2020-06-21T02:00:00+00:00,9368.5,9397,9365,9384.5,873.832,8197944.607
1592705700000,2020-06-21T02:15:00+00:00,9384.5,9389.5,9370.5,9374.5,686.535,6438768.218
1592706600000,2020-06-21T02:30:00+00:00,9374.5,9383,9366,9369,714.678,6700068.995
1592707500000,2020-06-21T02:45:00+00:00,9369,9373.5,9358,9366,702.67,6580385.948
1592708400000,2020-06-21T03:00:00+00:00,9366,9372,9358,9361,580.973,5440812.4275
1592709300000,2020-06-21T03:15:00+00:00,9361,9365.5,9357,9362.5,669.713,6269292.013
1592710200000,2020-06-21T03:30:00+00:00,9362.5,9370.5,9359,9360.5,575.389,5388806.4465
1592711100000,2020-06-21T03:45:00+00:00,9360.5,9369,9356.5,9366,530.793,4968860.2045
1592712000000,2020-06-21T04:00:00+00:00,9366,9374.5,9363,9368.5,705.698,6613104.511
1592712900000,2020-06-21T04:15:00+00:00,9368.5,9373.5,9364,9367.5,813.619,7622249.62
1592713800000,2020-06-21T04:30:00+00:00,9367.5,9373,9363.5,9367.5,772.12,7232983.8705
1592714700000,2020-06-21T04:45:00+00:00,9367.5,9371,9364.5,9365.5,827.472,7750650.307
1592715600000,2020-06-21T05:00:00+00:00,9365.5,9375.5,9365.5,9374.5,733.494,6872898.986
1592716500000,2020-06-21T05:15:00+00:00,9374.5,9383.5,9368,9370.5,682.014,6394152.471
1592717400000,2020-06-21T05:30:00+00:00,9370.5,9382.5,9369,9382.5,708.579,6642020.862
1592718300000,2020-06-21T05:45:00+00:00,9382.5,9390,9379,9383,771.897,7242277.122
1592719200000,2020-06-21T06:00:00+00:00,9383,9420,9382.5,9387.5,1139.465,10702864.9185
1592720100000,2020-06-21T06:15:00+00:00,9387.5,9387.5,9372,9375,950.319,8911656.675
1592721000000,2020-06-21T06:30:00+00:00,9375,9380,9368,9379.5,889.407,8338332.1015
1592721900000,2020-06-21T06:45:00+00:00,9379.5,9379.5,9366.5,9366.5,905.434,8486288.294
1592722800000,2020-06-21T07:00:00+00:00,9366.5,9377,9362,9363,1052.18,9857511.9045
1592723700000,2020-06-21T07:15:00+00:00,9363,9375.5,9361.5,9371,1121.942,10513354.2575
1592724600000,2020-06-21T07:30:00+00:00,9371,9371.5,9361,9363,1088.975,10199456.9815
1592725500000,2020-06-21T07:45:00+00:00,9363,9367.5,9357.5,9364,1096.694,10266595.6405
1592726400000,2020-06-21T08:00:00+00:00,9364,9368.5,9357.5,9367.5,691.909,6479151.553
1592727300000,2020-06-21T08:15:00+00:00,9367.5,9369,9360,9365.5,578.774,5419059.9975
1592728200000,2020-06-21T08:30:00+00:00,9365.5,9369.5,9358,9359,579.334,5424170.0975
1592729100000,2020-06-21T08:45:00+00:00,9359,9365,9355,9359.5,611.764,5726093.548
1592730000000,2020-06-21T09:00:00+00:00,9359.5,9368,9358.5,9360.5,1152.408,10790430.2575
1592730900000,2020-06-21T09:15:00+00:00,9360.5,9376,9360.5,9367.5,1372.023,12853371.753
1592731800000,2020-06-21T09:30:00+00:00,9367.5,9373,9366,9366.5,1354.894,12695045.2945
1592732700000,2020-06-21T09:45:00+00:00,9366.5,9371,9360,9360.5,1369.604,12826433.274
1592733600000,2020-06-21T10:00:00+00:00,9360.5,9362,9327,9347,1345.679,12582778.8665
1592734500000,2020-06-21T10:15:00+00:00,9347,9353,9340.5,9348,1162.949,10869881.7405
1592735400000,2020-06-21T10:30:00+00:00,9348,9350,9336.5,9349.5,1191.145,11128631.4565
1592736300000,2020-06-21T10:45:00+00:00,9349.5,9355,9346,9354.5,1192.476,11150458.8015
1592737200000,2020-06-21T11:00:00+00:00,9354.5,9355,9336,9340.5,922.75,8624390.632
1592738100000,2020-06-21T11:15:00+00:00,9340.5,9350.5,9338,9346,725.357,6777914.7795
1592739000000,2020-06-21T11:30:00+00:00,9346,9355,9346,9354.5,736.841,6890662.123
1592739900000,2020-06-21T11:45:00+00:00,9354.5,9359,9348.5,9355,725.799,6788513.94
1592740800000,2020-06-21T12:00:00+00:00,9355,9358,9346.5,9349.5,1077.765,10079820.8485
1592741700000,2020-06-21T12:15:00+00:00,9349.5,9350.5,9342.5,9342.5,1219.172,11394798.3545
1592742600000,2020-06-21T12:30:00+00:00,9342.5,9349.5,9339.5,9349.5,1206.234,11273744.96
1592743500000,2020-06-21T12:45:00+00:00,9349.5,9354,9339.5,9344,1160.527,10846399.4965
1592744400000,2020-06-21T13:00:00+00:00,9344,9344.5,9325.5,9337,995.517,9296093.3205
1592745300000,2020-06-21T13:15:00+00:00,9337,9341.5,9330,9336,833.741,7784339.6365
1592746200000,2020-06-21T13:30:00+00:00,9336,9350.5,9336,9343.5,807.871,7547842.8735
1592747100000,2020-06-21T13:45:00+00:00,9343.5,9350,9343.5,9346,813.435,7603568.258
1592748000000,2020-06-21T14:00:00+00:00,9346,9353,9340,9345.5,1281.347,11976804.4145
1592748900000,2020-06-21T14:15:00+00:00,9345.5,9347.5,9340,9340,1518.695,14191523.9215
1592749800000,2020-06-21T14:30:00+00:00,9340,9344.5,9335,9338,1509.683,14099150.2425
1592750700000,2020-06-21T14:45:00+00:00,9338,9349.5,9332,9347.5,1528.036,14276721.653
1592751600000,2020-06-21T15:00:00+00:00,9347.5,9350,9343.5,9349.5,1544.301,14434470.636
1592752500000,2020-06-21T15:15:00+00:00,9349.5,9356,9345,9347.5,1611.574,15065173.1635
1592753400000,2020-06-21T15:30:00+00:00,9347.5,9383,9347,9375,1671.973,15652890.6115
1592754300000,2020-06-21T15:45:00+00:00,9375,9386,9361,9369.5,1603.76,15030905.4415
1592755200000,2020-06-21T16:00:00+00:00,9369.5,9374.5,9356,9358.5,1690.868,15840170.004
1592756100000,2020-06-21T16:15:00+00:00,9358.5,9365,9352,9363,1669.852,15628233.128
1592757000000,2020-06-21T16:30:00+00:00,9363,9363.5,9341.5,9352,1655.982,15485508.0715
1592757900000,2020-06-21T16:45:00+00:00,9352,9368,9343,9363,1674.246,15670007.9805
1592758800000,2020-06-21T17:00:00+00:00,9363,9363.5,9346,9352.5,1692.414,15829268.0345
1592759700000,2020-06-21T17:15:00+00:00,9352.5,9356.5,9346,9351,1722.122,16105723.12
1592760600000,2020-06-21T17:30:00+00:00,9351,9359.5,9346,9346,1698.833,15888059.402
1592761500000,2020-06-21T17:45:00+00:00,9346,9354,9341.5,9344.5,1752.093,16378140.2545
1592762400000,2020-06-21T18:00:00+00:00,9344.5,9347.5,9334.5,9337,1540.04,14384837.793
1592763300000,2020-06-21T18:15:00+00:00,9337,9346.5,9321.5,9332.5,1514.564,14139580.218
1592764200000,2020-06-21T18:30:00+00:00,9332.5,9332.5,9306.5,9320,1542.689,14371934.2435
1592765100000,2020-06-21T18:45:00+00:00,9320,9325.5,9310.5,9311.5,1411.046,13147511.4645
1592766000000,2020-06-21T19:00:00+00:00,9311.5,9331.5,9300.5,9327.5,1339.435,12486101.454
1592766900000,2020-06-21T19:15:00+00:00,9327.5,9336.5,9325,9332,1249.418,11657750.5515
1592767800000,2020-06-21T19:30:00+00:00,9332,9349,9322.5,9340,1239.174,11565175.732
1592768700000,2020-06-21T19:45:00+00:00,9340,9350.5,9340,9347.5,1261.805,11791510.5035
1592769600000,2020-06-21T20:00:00+00:00,9347.5,9349,9338,9342.5,780.649,7294452.1635
1592770500000,2020-06-21T20:15:00+00:00,9342.5,9343,9325.5,9327.5,535.97,5003542.4055
1592771400000,2020-06-21T20:30:00+00:00,9327.5,9331.5,9319,9322,554.308,5169392.9845
1592772300000,2020-06-21T20:45:00+00:00,9322,9324,9306,9323.5,598.386,5575858.921
1592773200000,2020-06-21T21:00:00+00:00,9323.5,9331,9318,9328.5,635.415,5924443.224
1592774100000,2020-06-21T21:15:00+00:00,9328.5,9336,9327,9329,700.914,6541261.6125
1592775000000,2020-06-21T21:30:00+00:00,9329,9331,9320.5,9328.5,717.953,6695727.0785
1592775900000,2020-06-21T21:45:00+00:00,9328.5,9338,9328.5,9330,772.699,7210906.6375
1592776800000,2020-06-21T22:00:00+00:00,9330,9330,9303,9320.5,787.164,7332011.7495
1592777700000,2020-06-21T22:15:00+00:00,9320.5,9321.5,9302,9312.5,756.892,7046633.32
1592778600000,2020-06-21T22:30:00+00:00,9312.5,9321.5,9292.5,9295.5,834.58,7770238.688
1592779500000,2020-06-21T22:45:00+00:00,9295.5,9314.5,9283.5,9310.5,765.795,7124673.5165
1592780400000,2020-06-21T23:00:00+00:00,9310.5,9314.5,9300,9302,1062.366,9886644.1615
1592781300000,2020-06-21T23:15:00+00:00,9302,9305,9286,9296.5,1211.81,11264847.7035
1592782200000,2020-06-21T23:30:00+00:00,9296.5,9302,9280,9298,1292.024,12006401.442
1592783100000,2020-06-21T23:45:00+00:00,9298,9298,9285,9293.5,1265.807,11759450.019
1592784000000,2020-06-22T00:00:00+00:00,9293.5,9308,9272.5,9303.5,1118.701,10399560.942
1592784900000,2020-06-22T00:15:00+00:00,9303.5,9333,9299.5,9326.5,1051.34,9790515.1245
1592785800000,2020-06-22T00:30:00+00:00,9326.5,9332.5,9314.5,9318.5,1125.56,10492157.295
1592786700000,2020-06-22T00:45:00+00:00,9318.5,9325,9311,9320,1038.197,9675041.5905
1592787600000,2020-06-22T01:00:00+00:00,9320,9336.5,9318,9334,1055.175,9843201.1685
1592788500000,2020-06-22T01:15:00+00:00,9334,9334.5,9329.5,9333.5,1035.915,9667022.0645
1592789400000,2020-06-22T01:30:00+00:00,9333.5,9345,9330,9344.5,1040.297,9711256.038
1592790300000,2020-06-22T01:45:00+00:00,9344.5,9387.5,9343.5,9382.5,1311.714,12281666.3495
1592791200000,2020-06-22T02:00:00+00:00,9382.5,9394,9369.5,9372.5,1379.238,12935340.3125
1592792100000,2020-06-22T02:15:00+00:00,9372.5,9375,9365,9371.5,1283.138,12022886.108
1592793000000,2020-06-22T02:30:00+00:00,9371.5,9377,9362.5,9368,1278.668,11980015.283
1592793900000,2020-06-22T02:45:00+00:00,9368,9382,9367.5,9380.5,1221.979,11457289.7855
1592794800000,2020-06-22T03:00:00+00:00,9380.5,9389.5,9368,9369.5,956.48,8971728.0325
1592795700000,2020-06-22T03:15:00+00:00,9369.5,9381.5,9369,9373.5,816.387,7654551.336
1592796600000,2020-06-22T03:30:00+00:00,9373.5,9378.5,9367,9371,766.403,7183572.6185
1592797500000,2020-06-22T03:45:00+00:00,9371,9385,9371,9380.5,712.603,6680779.1725
1592798400000,2020-06-22T04:00:00+00:00,9380.5,9397.5,9379.5,9397.5,1337.948,12562260.343
1592799300000,2020-06-22T04:15:00+00:00,9397.5,9402,9376,9377.5,1552.274,14576724.069
1592800200000,2020-06-22T04:30:00+00:00,9377.5,9392.5,9370,9392.5,1497.763,14048610.4385
1592801100000,2020-06-22T04:45:00+00:00,9392.5,9419.5,9387,9404.5,1540.814,14478453.115
1592802000000,2020-06-22T05:00:00+00:00,9404.5,9446.5,9402,9429,1606.168,15139765.9095
1592802900000,2020-06-22T05:15:00+00:00,9429,9447,9420,9420,973.57,9180904.449
1592803800000,2020-06-22T05:30:00+00:00,9420,9434,9420,9423.5,1014.69,9565022.7695
1592804700000,2020-06-22T05:45:00+00:00,9423.5,9428,9413,9413,1031.906,9719700.035
1592805600000,2020-06-22T06:00:00+00:00,9413,9429,9411,9418.5,670.423,6316165.6
1592806500000,2020-06-22T06:15:00+00:00,9418.5,9418.5,9403.5,9408.5,584.066,5496349.565
1592807400000,2020-06-22T06:30:00+00:00,9408.5,9417,9401.5,9407,542.464,5102757.1445
1592808300000,2020-06-22T06:45:00+00:00,9407,9419.5,9407,9412.5,517.294,4869943.626
1592809200000,2020-06-22T07:00:00+00:00,9412.5,9418,9404.5,9414,1318.226,12405832.8635
1592810100000,2020-06-22T07:15:00+00:00,9414,9428.5,9413,9425.5,1672.276,15754552.112
1592811000000,2020-06-22T07:30:00+00:00,9425.5,9436,9419.5,9420.5,1663.387,15682068.187
1592811900000,2020-06-22T07:45:00+00:00,9420.5,9429.5,9415,9417,1624.214,15303113.285
1592812800000,2020-06-22T08:00:00+00:00,9417,9429,9412.5,9420.5,1134.469,10688836.1205
1592813700000,2020-06-22T08:15:00+00:00,9420.5,9421,9406,9409,1006.89,9478388.9595
1592814600000,2020-06-22T08:30:00+00:00,9409,9420,9406,9419.5,1027.993,9675881.8485
1592815500000,2020-06-22T08:45:00+00:00,9419.5,9433.5,9413.5,9429.5,1048.886,9881231.9035
1592816400000,2020-06-22T09:00:00+00:00,9429.5,9433.5,9414.5,9415,754.987,7116706.7115
1592817300000,2020-06-22T09:15:00+00:00,9415,9424,9414.5,9417,650.901,6130581.041
1592818200000,2020-06-22T09:30:00+00:00,9417,9422,9412,9414.5,704.052,6629389.96
1592819100000,2020-06-22T09:45:00+00:00,9414.5,9423.5,9409,9416.5,628.775,5921206.627
1592820000000,2020-06-22T10:00:00+00:00,9416.5,9428.5,9411,9423,1269.891,11963690.5605
1592820900000,2020-06-22T10:15:00+00:00,9423,9433,9420.5,9420.5,1570.724,14808556.9275
1592821800000,2020-06-22T10:30:00+00:00,9420.5,9426,9420.5,9424,1597.549,15054364.0455
1592822700000,2020-06-22T10:45:00+00:00,9424,9435.5,9423,9432,1621.31,15287496.5805
1592823600000,2020-06-22T11:00:00+00:00,9432,9443.5,9422,9424,1032.853,9743010.387
1592824500000,2020-06-22T11:15:00+00:00,9424,9428,9422,9427.5,790.578,7450592.254
1592825400000,2020-06-22T11:30:00+00:00,9427.5,9444,9424.5,9442.5,827.636,7807566.743
1592826300000,2020-06-22T11:45:00+00:00,9442.5,9470,9439,9458,1138.881,10771134.732
1592827200000,2020-06-22T12:00:00+00:00,9458,9472,9440.5,9454.5,753.551,7126458.344
1592828100000,2020-06-22T12:15:00+00:00,9454.5,9477,9452.5,9474.5,558.945,5288310.8955
1592829000000,2020-06-22T12:30:00+00:00,9474.5,9487.5,9463.5,9484,713.92,6764363.485
1592829900000,2020-06-22T12:45:00+00:00,9484,9502,9476,9490,875.489,8306036.7975
1592830800000,2020-06-22T13:00:00+00:00,9490,9508,9472,9480.5,1174.783,11138637.7905
1592831700000,2020-06-22T13:15:00+00:00,9480.5,9490.5,9479.5,9483.5,1314.635,12467867.3035
1592832600000,2020-06-22T13:30:00+00:00,9483.5,9483.5,9451.5,9462,1381.295,13075681.775
1592833500000,2020-06-22T13:45:00+00:00,9462,9471,9459,9466.5,1301.236,12315412.084
1592834400000,2020-06-22T14:00:00+00:00,9466.5,9479.5,9461.5,9465.5,1548.069,14661616.3055
1592835300000,2020-06-22T14:15:00+00:00,9465.5,9477,9460,9467.5,1622.256,15363201.677
1592836200000,2020-06-22T14:30:00+00:00,9467.5,9468,9457.5,9459,1659.49,15702512.5875
1592837100000,2020-06-22T14:45:00+00:00,9459,9464.5,9455,9460.5,1651.761,15627198.0275
1592838000000,2020-06-22T15:00:00+00:00,9460.5,9475.5,9460.5,9473.5,891.736,8442470.2885
1592838900000,2020-06-22T15:15:00+00:00,9473.5,9478.5,9460.5,9472.5,530.813,5027496.808
1592839800000,2020-06-22T15:30:00+00:00,9472.5,9483.5,9472,9479,543.51,5150974.41
1592840700000,2020-06-22T15:45:00+00:00,9479,9495,9468.5,9490.5,598.903,5678260.0805
1592841600000,2020-06-22T16:00:00+00:00,9490.5,9532,9473.5,9522,869.2,8263061.0695
1592842500000,2020-06-22T16:15:00+00:00,9522,9538,9522,9528,851.883,8118876.119
1592843400000,2020-06-22T16:30:00+00:00,9528,9581.5,9527.5,9558.5,1148.431,10972553.42
1592844300000,2020-06-22T16:45:00+00:00,9558.5,9625.5,9557.5,9587,1084.444,10401964.247
1592845200000,2020-06-22T17:00:00+00:00,9587,9610.5,9548.5,9567.5,1629.652,15594465.9405
1592846100000,2020-06-22T17:15:00+00:00,9567.5,9587.5,9564.5,9586,1614.345,15453344.3015
1592847000000,2020-06-22T17:30:00+00:00,9586,9594.5,9575.5,9582.5,1549.217,14844553.015
1592847900000,2020-06-22T17:45:00+00:00,9582.5,9603.5,9582.5,9586.5,1563.564,14997683.718
1592848800000,2020-06-22T18:00:00+00:00,9586.5,9595,9572.5,9576,835.732,8008525.3195
1592849700000,2020-06-22T18:15:00+00:00,9576,9584.5,9575,9577.5,455.565,4363883.395
1592850600000,2020-06-22T18:30:00+00:00,9577.5,9595.5,9577.5,9595,592.17,5678991.4015
1592851500000,2020-06-22T18:45:00+00:00,9595,9596,9572.5,9583,511.807,4904487.798
1592852400000,2020-06-22T19:00:00+00:00,9583,9592.5,9574.5,9575,785.529,7528455.5085
1592853300000,2020-06-22T19:15:00+00:00,9575,9576,9542,9562,809.4,7741878.9465
1592854200000,2020-06-22T19:30:00+00:00,9562,9576.5,9558,9574.5,784.052,7502034.775
1592855100000,2020-06-22T19:45:00+00:00,9574.5,9579.5,9552,9564,760.643,7276580.2785
1592856000000,2020-06-22T20:00:00+00:00,9564,9586,9563.5,9580,1130.152,10824024.681
1592856900000,2020-06-22T20:15:00+00:00,9580,9592,9580,9586,1294.913,12414232.3995
1592857800000,2020-06-22T20:30:00+00:00,9586,9609,9583.5,9609,1251.619,12006460.6945
1592858700000,2020-06-22T20:45:00+00:00,9609,9676.5,9609,9637,1895.448,18258723.9515
1592859600000,2020-06-22T21:00:00+00:00,9637,9794.5,9637,9703,1879.445,18230277.18
1592860500000,2020-06-22T21:15:00+00:00,9703,9715.5,9655.5,9700,779.624,7553539.832
1592861400000,2020-06-22T21:30:00+00:00,9700,9722.5,9672.5,9702,529.931,5138636.893
1592862300000,2020-06-22T21:45:00+00:00,9702,9702.5,9682.5,9692.5,490.66,4755430.834
1592863200000,2020-06-22T22:00:00+00:00,9692.5,9692.5,9662.5,9670.5,1144.106,11068173.1975
1592864100000,2020-06-22T22:15:00+00:00,9670.5,9676,9637.5,9662.5,1408.957,13612997.616
1592865000000,2020-06-22T22:30:00+00:00,9662.5,9668.5,9637,9667,1373.327,13260196.3835
1592865900000,2020-06-22T22:45:00+00:00,9667,9692.5,9659.5,9681.5,1312.729,12703140.3055
1592866800000,2020-06-22T23:00:00+00:00,9681.5,9682.5,9664,9678,940.029,9094526.912
1592867700000,2020-06-22T23:15:00+00:00,9678,9688,9665,9687.5,740.631,7166111.572
1592868600000,2020-06-22T23:30:00+00:00,9687.5,9689.5,9667.5,9687,822.931,7963331.8755
1592869500000,2020-06-22T23:45:00+00:00,9687,9699.5,9682.5,9686.5,803.583,7786882.8815
1592870400000,2020-06-23T00:00:00+00:00,9686.5,9723,9686.5,9709.5,1563.744,15188026.0065
1592871300000,2020-06-23T00:15:00+00:00,9709.5,9714.5,9678,9678,1815.139,17605393.5495
1592872200000,2020-06-23T00:30:00+00:00,9678,9691,9673,9673.5,1824.29,17662912.099
1592873100000,2020-06-23T00:45:00+00:00,9673.5,9680,9665,9666,1918.762,18555695.2625
1592874000000,2020-06-23T01:00:00+00:00,9666,9677,9656,9659,1808.252,17478356.003
1592874900000,2020-06-23T01:15:00+00:00,9659,9668,9622,9634,1691.617,16328017.262
1592875800000,2020-06-23T01:30:00+00:00,9634,9649.5,9612,9628,1710.093,16471115.354
1592876700000,2020-06-23T01:45:00+00:00,9628,9653.5,9618.5,9651.5,1665.472,16043574.637
1592877600000,2020-06-23T02:00:00+00:00,9651.5,9654.5,9637.5,9650,1794.327,17308456.6185
1592878500000,2020-06-23T02:15:00+00:00,9650,9659.5,9639.5,9640.5,1925.503,18580779.5835
1592879400000,2020-06-23T02:30:00+00:00,9640.5,9657,9626.5,9653,1796.592,17324809.049
1592880300000,2020-06-23T02:45:00+00:00,9653,9657,9641,9647,1823.093,17590430.5475
1592881200000,2020-06-23T03:00:00+00:00,9647,9648.5,9633,9639.5,1284.029,12376444.6395
1592882100000,2020-06-23T03:15:00+00:00,9639.5,9652.5,9630,9642.5,1137.435,10969836.029
1592883000000,2020-06-23T03:30:00+00:00,9642.5,9654.5,9634.5,9648.5,1146.721,11059835.298
1592883900000,2020-06-23T03:45:00+00:00,9648.5,9666.5,9644,9661,1208.361,11668372.483
1592884800000,2020-06-23T04:00:00+00:00,9661,9661,9636,9638,981.103,9467458.7115
1592885700000,2020-06-23T04:15:00+00:00,9638,9651,9634,9646,935.332,9018306.106
1592886600000,2020-06-23T04:30:00+00:00,9646,9646.5,9634,9642.5,946.158,9120432.482
1592887500000,2020-06-23T04:45:00+00:00,9642.5,9644,9632,9632.5,908.151,8752764.0715
1592888400000,2020-06-23T05:00:00+00:00,9632.5,9642.5,9627,9634.5,996.24,9598629.783
1592889300000,2020-06-23T05:15:00+00:00,9634.5,9641.5,9629,9637.5,1064.003,10253537.1965
1592890200000,2020-06-23T05:30:00+00:00,9637.5,9648,9635.5,9638,987.241,9517446.6245
1592891100000,2020-06-23T05:45:00+00:00,9638,9639,9628,9630.5,996.961,9604404.1705
1592892000000,2020-06-23T06:00:00+00:00,9630.5,9641,9625,9635,1247.188,12011640.586
1592892900000,2020-06-23T06:15:00+00:00,9635,9641,9629.5,9629.5,1195.127,11516689.8085
1592893800000,2020-06-23T06:30:00+00:00,9629.5,9635.5,9625,9632.5,1256.359,12099765.2025
1592894700000,2020-06-23T06:45:00+00:00,9632.5,9641,9632.5,9640,1305.805,12582211.719
1592895600000,2020-06-23T07:00:00+00:00,9640,9641.5,9628,9633,921.606,8879995.8385
1592896500000,2020-06-23T07:15:00+00:00,9633,9651.5,9632.5,9646.5,836.205,8064683.946
1592897400000,2020-06-23T07:30:00+00:00,9646.5,9658.5,9641.5,9658.5,820.012,7911525.8345
1592898300000,2020-06-23T07:45:00+00:00,9658.5,9673.5,9655,9668.5,823.507,7957092.718
1592899200000,2020-06-23T08:00:00+00:00,9668.5,9668.5,9632,9643,849.821,8200339.2025
1592900100000,2020-06-23T08:15:00+00:00,9643,9645,9628,9635,711.086,6852220.9185
1592901000000,2020-06-23T08:30:00+00:00,9635,9635.5,9586,9602,999.586,9606076.277
1592901900000,2020-06-23T08:45:00+00:00,9602,9628,9601.5,9616.5,737.271,7089763.978
1592902800000,2020-06-23T09:00:00+00:00,9616.5,9624,9605.5,9609,1624.315,15616495.088
1592903700000,2020-06-23T09:15:00+00:00,9609,9610,9587,9602.5,1743.493,16738497.1215
1592904600000,2020-06-23T09:30:00+00:00,9602.5,9617.5,9592,9615,1672.81,16070834.9855
1592905500000,2020-06-23T09:45:00+00:00,9615,9622,9607.5,9608.5,1684.273,16193352.0675
1592906400000,2020-06-23T10:00:00+00:00,9608.5,9608.5,9594,9594,1737.985,16687904.456
1592907300000,2020-06-23T10:15:00+00:00,9594,9614,9587,9609,1799.308,17273885.19
1592908200000,2020-06-23T10:30:00+00:00,9609,9611,9600,9603,1715.557,16477981.308
1592909100000,2020-06-23T10:45:00+00:00,9603,9603.5,9590,9594,1693.585,16254977.022
1592910000000,2020-06-23T11:00:00+00:00,9594,9613,9592.5,9601,1029.014,9880192.867
1592910900000,2020-06-23T11:15:00+00:00,9601,9638.5,9601,9633,793.484,7627614.1065
1592911800000,2020-06-23T11:30:00+00:00,9633,9648,9626,9637.5,887.358,8550610.4145
1592912700000,2020-06-23T11:45:00+00:00,9637.5,9650,9637,9639.5,779.607,7518132.072
1592913600000,2020-06-23T12:00:00+00:00,9639.5,9640,9620,9639,877.674,8450420.5945
1592914500000,2020-06-23T12:15:00+00:00,9639,9653,9627,9648.5,925.902,8924002.697
1592915400000,2020-06-23T12:30:00+00:00,9648.5,9653.5,9641,9650.5,900.221,8684410.064
1592916300000,2020-06-23T12:45:00+00:00,9650.5,9656,9628,9637.5,987.31,9518858.355
1592917200000,2020-06-23T13:00:00+00:00,9637.5,9637.5,9620.5,9620.5,971.979,9358884.0745
1592918100000,2020-06-23T13:15:00+00:00,9620.5,9645,9620,9644,1010.236,9731499.895
1592919000000,2020-06-23T13:30:00+00:00,9644,9653,9635.5,9645,951.163,9172704.8105
1592919900000,2020-06-23T13:45:00+00:00,9645,9655,9640,9644,978.961,9444110.7515
1592920800000,2020-06-23T14:00:00+00:00,9644,9654.5,9630.5,9650,1057.182,10193668.958
1592921700000,2020-06-23T14:15:00+00:00,9650,9674.5,9648.5,9664.5,1029.921,9952230.7275
1592922600000,2020-06-23T14:30:00+00:00,9664.5,9676.5,9650.5,9654.5,1017.327,9826734.3125
1592923500000,2020-06-23T14:45:00+00:00,9654.5,9655.5,9643,9648.5,1023.31,9875399.2905
1592924400000,2020-06-23T15:00:00+00:00,9648.5,9664,9640.5,9660,1568.724,15144625.8445
1592925300000,2020-06-23T15:15:00+00:00,9660,9675.5,9655,9666.5,1711.845,16544046.536
1592926200000,2020-06-23T15:30:00+00:00,9666.5,9691.5,9662.5,9682.5,1847.917,17880652.1545
1592927100000,2020-06-23T15:45:00+00:00,9682.5,9697.5,9670.5,9695.5,1811.12,17545513.8055
1592928000000,2020-06-23T16:00:00+00:00,9695.5,9699,9673.5,9685,1149.157,11129611.8755
1592928900000,2020-06-23T16:15:00+00:00,9685,9686.5,9661.5,9666.5,879.437,8508735.264
1592929800000,2020-06-23T16:30:00+00:00,9666.5,9679.5,9657.5,9664,806.075,7796015.015
1592930700000,2020-06-23T16:45:00+00:00,9664,9673,9660.5,9669,824.978,7975100.5775
1592931600000,2020-06-23T17:00:00+00:00,9669,9678,9658,9659,866.434,8377699.2245
1592932500000,2020-06-23T17:15:00+00:00,9659,9665.5,9646.5,9658.5,971.486,9377780.3275
1592933400000,2020-06-23T17:30:00+00:00,9658.5,9660,9650.5,9659,934.132,9018445.702
1592934300000,2020-06-23T17:45:00+00:00,9659,9670.5,9658.5,9669.5,969.98,9374720.0635
1592935200000,2020-06-23T18:00:00+00:00,9669.5,9673.5,9649.5,9649.5,948.225,9156953.11
1592936100000,2020-06-23T18:15:00+00:00,9649.5,9668,9649.5,9664.5,931.812,8999011.4245
1592937000000,2020-06-23T18:30:00+00:00,9664.5,9682,9663,9680,901.529,8721449.84
1592937900000,2020-06-23T18:45:00+00:00,9680,9684,9656.5,9659.5,968.115,9363002.485
1592938800000,2020-06-23T19:00:00+00:00,9659.5,9667,9657.5,9665,1042.337,10072098.0135
1592939700000,2020-06-23T19:15:00+00:00,9665,9669,9662.5,9666,1003.162,9696383.099
1592940600000,2020-06-23T19:30:00+00:00,9666,9674,9655,9656,1128.401,10903647.5
1592941500000,2020-06-23T19:45:00+00:00,9656,9664.5,9645.5,9647,1064.753,10280804.921
1592942400000,2020-06-23T20:00:00+00:00,9647,9658.5,9642,9650.5,1318.572,12724170.7375
1592943300000,2020-06-23T20:15:00+00:00,9650.5,9667,9649.5,9657.5,1405.218,13574653.052
1592944200000,2020-06-23T20:30:00+00:00,9657.5,9664,9647.5,9652.5,1419.715,13709061.5295
1592945100000,2020-06-23T20:45:00+00:00,9652.5,9652.5,9631.5,9634,1432.175,13812826.4965
1592946000000,2020-06-23T21:00:00+00:00,9634,9634,9594.5,9629,1183.228,11385311.0795
1592946900000,2020-06-23T21:15:00+00:00,9629,9645.5,9629,9630,923.45,8898458.269
1592947800000,2020-06-23T21:30:00+00:00,9630,9645.5,9629.5,9642,965.838,9311165.0175
1592948700000,2020-06-23T21:45:00+00:00,9642,9653,9641.5,9644.5,935.808,9027343.538
1592949600000,2020-06-23T22:00:00+00:00,9644.5,9653,9643.5,9650,1062.255,10247129.933
1592950500000,2020-06-23T22:15:00+00:00,9650,9651,9640,9640,1163.328,11223714.434
1592951400000,2020-06-23T22:30:00+00:00,9640,9656,9619.5,9619.5,1490.793,14354023.187
1592952300000,2020-06-23T22:45:00+00:00,9619.5,9628,9600,9617,1123.352,10804118.817
1592953200000,2020-06-23T23:00:00+00:00,9617,9626.5,9605,9626,984.812,9470934.1585
1592954100000,2020-06-23T23:15:00+00:00,9626,9627.5,9612.5,9619.5,847.682,8156210.5845
1592955000000,2020-06-23T23:30:00+00:00,9619.5,9620.5,9609.5,9615,902.023,8673310.9065
1592955900000,2020-06-23T23:45:00+00:00,9615,9633,9610,9630.5,857.344,8249895.5545
1592956800000,2020-06-24T00:00:00+00:00,9630.5,9644.5,9622.5,9627.5,1192.429,11486141.9325
1592957700000,2020-06-24T00:15:00+00:00,9627.5,9632.5,9624,9632,1340.119,12902534.278
1592958600000,2020-06-24T00:30:00+00:00,9632,9652.5,9631.5,9638.5,1356.332,13077840.6285
1592959500000,2020-06-24T00:45:00+00:00,9638.5,9647.5,9627.5,9634,1348.74,12997139.96
1592960400000,2020-06-24T01:00:00+00:00,9634,9635.5,9619.5,9620,1438.355,13845385.8555
1592961300000,2020-06-24T01:15:00+00:00,9620,9637,9620,9636.5,1431.619,13786450.1925
1592962200000,2020-06-24T01:30:00+00:00,9636.5,9645.5,9632.5,9642.5,1439.481,13873665.427
1592963100000,2020-06-24T01:45:00+00:00,9642.5,9658.5,9642.5,9653,1542.206,14884181.7785
1592964000000,2020-06-24T02:00:00+00:00,9653,9653.5,9643.5,9646,1092.907,10542962.193
1592964900000,2020-06-24T02:15:00+00:00,9646,9652.5,9645,9646,959.471,9257505.76
1592965800000,2020-06-24T02:30:00+00:00,9646,9651,9643.5,9647.5,908.31,8763235.7065
1592966700000,2020-06-24T02:45:00+00:00,9647.5,9670.5,9647.5,9666.5,1051.04,10156628.0965
1592967600000,2020-06-24T03:00:00+00:00,9666.5,9670.5,9651,9652,1362.496,13157983.432
1592968500000,2020-06-24T03:15:00+00:00,9652,9661.5,9650,9655,1560.206,15066823.038
1592969400000,2020-06-24T03:30:00+00:00,9655,9656.5,9648,9652.5,1558.427,15042993.9045
1592970300000,2020-06-24T03:45:00+00:00,9652.5,9659.5,9645,9656.5,1506.966,14545354.614
1592971200000,2020-06-24T04:00:00+00:00,9656.5,9663.5,9646,9648.5,1052.777,10161441.324
1592972100000,2020-06-24T04:15:00+00:00,9648.5,9656,9648,9655.5,887.58,8566382.471
1592973000000,2020-06-24T04:30:00+00:00,9655.5,9664,9650,9663,918.304,8866157.2475
1592973900000,2020-06-24T04:45:00+00:00,9663,9677,9655.5,9659,1010.676,9768784.203
1592974800000,2020-06-24T05:00:00+00:00,9659,9670,9647.5,9653,1062.754,10260489.683
1592975700000,2020-06-24T05:15:00+00:00,9653,9655.5,9646.5,9647,1072.559,10350840.1935
1592976600000,2020-06-24T05:30:00+00:00,9647,9664.5,9642.5,9656.5,1085.419,10477712.704
1592977500000,2020-06-24T05:45:00+00:00,9656.5,9660.5,9648,9657,1044.831,10087850.183
1592978400000,2020-06-24T06:00:00+00:00,9657,9674.5,9656.5,9670.5,1534.28,14831979.7595
1592979300000,2020-06-24T06:15:00+00:00,9670.5,9671,9651.5,9658.5,1653.498,15970501.17
1592980200000,2020-06-24T06:30:00+00:00,9658.5,9662.5,9655,9661.5,1676.748,16196281.2445
1592981100000,2020-06-24T06:45:00+00:00,9661.5,9669.5,9660.5,9661.5,1677.587,16211414.0295
1592982000000,2020-06-24T07:00:00+00:00,9661.5,9668.5,9657,9659,1538.064,14862263.9805
1592982900000,2020-06-24T07:15:00+00:00,9659,9659.5,9603.5,9605.5,1792.227,17274549.5685
1592983800000,2020-06-24T07:30:00+00:00,9605.5,9623.5,9542.5,9571,2409.657,23083323.879
1592984700000,2020-06-24T07:45:00+00:00,9571,9574,9505,9519,1914.882,18277161.486
1592985600000,2020-06-24T08:00:00+00:00,9519,9555.5,9489.5,9551,1730.353,16489596.8715
1592986500000,2020-06-24T08:15:00+00:00,9551,9554,9524.5,9538.5,946.159,9025647.4985
1592987400000,2020-06-24T08:30:00+00:00,9538.5,9543.5,9520.5,9531,921.689,8787612.014
1592988300000,2020-06-24T08:45:00+00:00,9531,9542.5,9523.5,9525,964.747,9198978.274
1592989200000,2020-06-24T09:00:00+00:00,9525,9539.5,9518,9519.5,1017.941,9698994.9585
1592990100000,2020-06-24T09:15:00+00:00,9519.5,9528,9500,9520,1073.005,10210753.8855
1592991000000,2020-06-24T09:30:00+00:00,9520,9525,9500,9511.5,1009.3,9602838.8145
1592991900000,2020-06-24T09:45:00+00:00,9511.5,9536.5,9511,9533.5,1052.181,10018177.472
1592992800000,2020-06-24T10:00:00+00:00,9533.5,9534,9517,9528,1227.167,11689271.515
1592993700000,2020-06-24T10:15:00+00:00,9528,9531.5,9511,9520,1231.999,11730756.0315
1592994600000,2020-06-24T10:30:00+00:00,9520,9527,9308.5,9397,3319.078,31256957.25
1592995500000,2020-06-24T10:45:00+00:00,9397,9410.5,9375,9384.5,1365.025,12818717.258
1592996400000,2020-06-24T11:00:00+00:00,9384.5,9416,9371.5,9413.5,917.554,8620646.6865
1592997300000,2020-06-24T11:15:00+00:00,9413.5,9424.5,9392,9402,627.645,5903181.4685
1592998200000,2020-06-24T11:30:00+00:00,9402,9403,9330,9380,934.45,8756180.8575
1592999100000,2020-06-24T11:45:00+00:00,9380,9380,9332,9338.5,738.011,6909016.0135
1593000000000,2020-06-24T12:00:00+00:00,9338.5,9378.5,9277.5,9372.5,1088.243,10173209.945
1593000900000,2020-06-24T12:15:00+00:00,9372.5,9380,9361.5,9369,524.232,4912211.586
1593001800000,2020-06-24T12:30:00+00:00,9369,9397,9366.5,9395,465.831,4369771.451
1593002700000,2020-06-24T12:45:00+00:00,9395,9414,9381,9396.5,515.866,4844377.8895
1593003600000,2020-06-24T13:00:00+00:00,9396.5,9438,9387.5,9424,1153.858,10865285.009
1593004500000,2020-06-24T13:15:00+00:00,9424,9425,9398.5,9399.5,1243.331,11704314.814
1593005400000,2020-06-24T13:30:00+00:00,9399.5,9412,9387.5,9403,1300.645,12225828.028
1593006300000,2020-06-24T13:45:00+00:00,9403,9403.5,9346.5,9355,1444.923,13554872.371
1593007200000,2020-06-24T14:00:00+00:00,9355,9371,9340.5,9368.5,1123.874,10518225.587
1593008100000,2020-06-24T14:15:00+00:00,9368.5,9371,9329.5,9346.5,1093.417,10228399.209
1593009000000,2020-06-24T14:30:00+00:00,9346.5,9354,9306.5,9323,1052.002,9814546.252
1593009900000,2020-06-24T14:45:00+00:00,9323,9341.5,9290,9300,1006.038,9377144.159
1593010800000,2020-06-24T15:00:00+00:00,9300,9333.5,9279.5,9306.5,1382.698,12873732.7465
1593011700000,2020-06-24T15:15:00+00:00,9306.5,9342.5,9282,9339,680.63,6338813.568
1593012600000,2020-06-24T15:30:00+00:00,9339,9339,9235.5,9263,904.124,8401618.183
1593013500000,2020-06-24T15:45:00+00:00,9263,9284.5,9210,9254.5,1193.825,11044555.5825
1593014400000,2020-06-24T16:00:00+00:00,9254.5,9304,9246.5,9276.5,807.963,7494150.1835
1593015300000,2020-06-24T16:15:00+00:00,9276.5,9305,9273.5,9295.5,576.746,5359315.6545
1593016200000,2020-06-24T16:30:00+00:00,9295.5,9323,9287.5,9315,490.766,4565164.1805
1593017100000,2020-06-24T16:45:00+00:00,9315,9322,9300,9308,491.494,4576106.3795
1593018000000,2020-06-24T17:00:00+00:00,9308,9321,9307.5,9315.5,709.114,6606816.5655
1593018900000,2020-06-24T17:15:00+00:00,9315.5,9328.5,9303,9303.5,684.901,6379659.5595
1593019800000,2020-06-24T17:30:00+00:00,9303.5,9303.5,9282,9299.5,772.402,7178515.162
1593020700000,2020-06-24T17:45:00+00:00,9299.5,9310,9288,9309,681.784,6337761.1435
1593021600000,2020-06-24T18:00:00+00:00,9309,9322.5,9294.5,9314.5,1096.777,10211237.2605
1593022500000,2020-06-24T18:15:00+00:00,9314.5,9329.5,9310,9323.5,1264.062,11782057.568
1593023400000,2020-06-24T18:30:00+00:00,9323.5,9339,9316,9321,1229.338,11467827.93
1593024300000,2020-06-24T18:45:00+00:00,9321,9327.5,9313,9313,1151.525,10732984.751
1593025200000,2020-06-24T19:00:00+00:00,9313,9338.5,9313,9338.5,743.486,6934262.286
1593026100000,2020-06-24T19:15:00+00:00,9338.5,9348.5,9320,9322,524.221,4893158.4785
1593027000000,2020-06-24T19:30:00+00:00,9322,9322.5,9308,9321,508.048,4733402.789
1593027900000,2020-06-24T19:45:00+00:00,9321,9325.5,9291,9301.5,509.085,4740050.376
1593028800000,2020-06-24T20:00:00+00:00,9301.5,9315,9288,9315,943.599,8779327.0405
1593029700000,2020-06-24T20:15:00+00:00,9315,9321,9311.5,9312,1153.782,10747709.8775
1593030600000,2020-06-24T20:30:00+00:00,9312,9322.5,9311.5,9316,1187.604,11065829.477
1593031500000,2020-06-24T20:45:00+00:00,9316,9323.5,9298.5,9302.5,1136.516,10583914.6985
1593032400000,2020-06-24T21:00:00+00:00,9302.5,9309,9273,9276.5,1063.349,9888417.51
1593033300000,2020-06-24T21:15:00+00:00,9276.5,9276.5,9233.5,9265.5,937.724,8683314.89
1593034200000,2020-06-24T21:30:00+00:00,9265.5,9278,9250,9275.5,882.192,8173987.0815
1593035100000,2020-06-24T21:45:00+00:00,9275.5,9283,9264,9275,901.608,8362708.549
1593036000000,2020-06-24T22:00:00+00:00,9275,9293.5,9274.5,9288,837.385,7773229.102
1593036900000,2020-06-24T22:15:00+00:00,9288,9292,9280,9280,840.621,7807825.9045
1593037800000,2020-06-24T22:30:00+00:00,9280,9280,9262.5,9276,804.741,7459538.639
1593038700000,2020-06-24T22:45:00+00:00,9276,9298,9275.5,9298,785.114,7290071.0265
1593039600000,2020-06-24T23:00:00+00:00,9298,9318,9293,9311,728.533,6776378.328
1593040500000,2020-06-24T23:15:00+00:00,9311,9326.5,9305,9314,673.95,6276508.5625
1593041400000,2020-06-24T23:30:00+00:00,9314,9320,9309.5,9316,716.895,6677630.729
1593042300000,2020-06-24T23:45:00+00:00,9316,9317,9276.5,9298,1040.446,9669816.4905
1593043200000,2020-06-25T00:00:00+00:00,9298,9298.5,9269.5,9287,708,6573899.794
1593044100000,2020-06-25T00:15:00+00:00,9287,9297.5,9278.5,9296,675.806,6277915.716
1593045000000,2020-06-25T00:30:00+00:00,9296,9297,9270,9272,677.28,6285890.3195
1593045900000,2020-06-25T00:45:00+00:00,9272,9284.5,9250,9272,833.561,7728808.9655
1593046800000,2020-06-25T01:00:00+00:00,9272,9295,9272,9288.5,1266.527,11763686.894
1593047700000,2020-06-25T01:15:00+00:00,9288.5,9309.5,9286,9303,1446.94,13450586.7
1593048600000,2020-06-25T01:30:00+00:00,9303,9303.5,9284.5,9286.5,1445.328,13432265.831
1593049500000,2020-06-25T01:45:00+00:00,9286.5,9291.5,9277.5,9279,1400.191,13003551.1925
1593050400000,2020-06-25T02:00:00+00:00,9279,9287,9272,9272,799.796,7422884.118
1593051300000,2020-06-25T02:15:00+00:00,9272,9283.5,9242.5,9246.5,596.561,5529894.493
1593052200000,2020-06-25T02:30:00+00:00,9246.5,9264.5,9229.5,9257,738.878,6839329.0115
1593053100000,2020-06-25T02:45:00+00:00,9257,9270,9255,9258,546.497,5060993.6725
1593054000000,2020-06-25T03:00:00+00:00,9258,9259.5,9102,9118,1687.6,15486016.611
1593054900000,2020-06-25T03:15:00+00:00,9118,9159,9093.5,9106.5,910.822,8317640.6005
1593055800000,2020-06-25T03:30:00+00:00,9106.5,9107.5,9005,9088.5,1570.65,14229167.142
1593056700000,2020-06-25T03:45:00+00:00,9088.5,9120.5,9058,9097.5,657.383,5976418.0425
1593057600000,2020-06-25T04:00:00+00:00,9097.5,9156,9089.5,9139.5,689.681,6296789.1455
1593058500000,2020-06-25T04:15:00+00:00,9139.5,9144.5,9102,9120.5,672.783,6135344.6125
1593059400000,2020-06-25T04:30:00+00:00,9120.5,9137,9109,9133,617.019,5630645.704
1593060300000,2020-06-25T04:45:00+00:00,9133,9139,9110.5,9110.5,585.917,5345500.1525
1593061200000,2020-06-25T05:00:00+00:00,9110.5,9128,9096,9126.5,939.125,8557789.7035
1593062100000,2020-06-25T05:15:00+00:00,9126.5,9168,9126,9164,1121.61,10245204.468
1593063000000,2020-06-25T05:30:00+00:00,9164,9195,9158,9185.5,1196.102,10975565.655
1593063900000,2020-06-25T05:45:00+00:00,9185.5,9188.5,9168.5,9175.5,1127.152,10343710.2955
1593064800000,2020-06-25T06:00:00+00:00,9175.5,9195.5,9175,9183.5,996.646,9155315.0435
1593065700000,2020-06-25T06:15:00+00:00,9183.5,9184,9161.5,9174.5,960.686,8809553.6425
1593066600000,2020-06-25T06:30:00+00:00,9174.5,9184.5,9173.5,9177,881.08,8088417.613
1593067500000,2020-06-25T06:45:00+00:00,9177,9192,9177,9180.5,873.746,8025580.344
1593068400000,2020-06-25T07:00:00+00:00,9180.5,9184.5,9145.5,9154,884.974,8111844.701
1593069300000,2020-06-25T07:15:00+00:00,9154,9161,9140.5,9145.5,899.667,8233454.8745
1593070200000,2020-06-25T07:30:00+00:00,9145.5,9181,9145.5,9175.5,833.607,7643833.3175
1593071100000,2020-06-25T07:45:00+00:00,9175.5,9183.5,9162,9169.5,867.871,7959797.2305
1593072000000,2020-06-25T08:00:00+00:00,9169.5,9266.5,9169.5,9256.5,1516.774,14009869.1715
1593072900000,2020-06-25T08:15:00+00:00,9256.5,9286.5,9256.5,9280,913.364,8470427.728
1593073800000,2020-06-25T08:30:00+00:00,9280,9315.5,9274,9308.5,1054.316,9795802.33
1593074700000,2020-06-25T08:45:00+00:00,9308.5,9332.5,9285,9297.5,1012.633,9418146.34
1593075600000,2020-06-25T09:00:00+00:00,9297.5,9312.5,9281,9281.5,604.266,5615317.3215
1593076500000,2020-06-25T09:15:00+00:00,9281.5,9291.5,9272.5,9278.5,511.238,4745987.4465
1593077400000,2020-06-25T09:30:00+00:00,9278.5,9284,9267,9274,539.57,5005222.87
1593078300000,2020-06-25T09:45:00+00:00,9274,9288,9247,9253.5,555.757,5153635.894
1593079200000,2020-06-25T10:00:00+00:00,9253.5,9271,9245.5,9266,1185.999,10982744.53
1593080100000,2020-06-25T10:15:00+00:00,9266,9270,9255,9256,1249.803,11577230.1555
1593081000000,2020-06-25T10:30:00+00:00,9256,9279.5,9255.5,9270,1210.671,11221275.8995
1593081900000,2020-06-25T10:45:00+00:00,9270,9274.5,9255.5,9265.5,1234.51,11437095.672
1593082800000,2020-06-25T11:00:00+00:00,9265.5,9269,9250.5,9268,1045.069,9677325.2105
1593083700000,2020-06-25T11:15:00+00:00,9268,9275.5,9265.5,9272.5,1047.616,9711467.493
1593084600000,2020-06-25T11:30:00+00:00,9272.5,9294,9268,9279.5,1071.609,9945663.062
1593085500000,2020-06-25T11:45:00+00:00,9279.5,9283,9252,9253,1057.841,9804244.2285
1593086400000,2020-06-25T12:00:00+00:00,9253,9264.5,9210,9227,1286.901,11876726.876
1593087300000,2020-06-25T12:15:00+00:00,9227,9227,9169,9171,1581.428,14538400.8565
1593088200000,2020-06-25T12:30:00+00:00,9171,9212,9159.5,9193,1332.624,12251732.1505
1593089100000,2020-06-25T12:45:00+00:00,9193,9206,9176,9184.5,1154.725,10612562.018
1593090000000,2020-06-25T13:00:00+00:00,9184.5,9243,9170,9230,1419.947,13071745.849
1593090900000,2020-06-25T13:15:00+00:00,9230,9238,9221.5,9230.5,1487.635,13730782.835
1593091800000,2020-06-25T13:30:00+00:00,9230.5,9235,9194,9194.5,1423.042,13116263.114
1593092700000,2020-06-25T13:45:00+00:00,9194.5,9213.5,9177.5,9192.5,1517.789,13956920.934
1593093600000,2020-06-25T14:00:00+00:00,9192.5,9232,9190.5,9226.5,1633.721,15057745.017
1593094500000,2020-06-25T14:15:00+00:00,9226.5,9266,9222.5,9254.5,1743.466,16109773.0285
1593095400000,2020-06-25T14:30:00+00:00,9254.5,9266.5,9238,9250.5,1685.215,15589436.7955
1593096300000,2020-06-25T14:45:00+00:00,9250.5,9257.5,9242,9245.5,1727.288,15978188.3625
1593097200000,2020-06-25T15:00:00+00:00,9245.5,9246,9220.5,9232,1525.41,14082501.699
1593098100000,2020-06-25T15:15:00+00:00,9232,9249.5,9229.5,9242.5,1420.803,13129816.2155
1593099000000,2020-06-25T15:30:00+00:00,9242.5,9243,9214.5,9221,1385.056,12779769.957
1593099900000,2020-06-25T15:45:00+00:00,9221,9239.5,9216,9236,1406.555,12980261.9905
1593100800000,2020-06-25T16:00:00+00:00,9236,9254.5,9209,9217.5,956.708,8824926.7335
1593101700000,2020-06-25T16:15:00+00:00,9217.5,9286,9217,9282,696.877,6441107.5595
1593102600000,2020-06-25T16:30:00+00:00,9282,9290.5,9266,9287.5,547.565,5079327.2245
1593103500000,2020-06-25T16:45:00+00:00,9287.5,9290,9277.5,9284.5,549.632,5102821.21
1593104400000,2020-06-25T17:00:00+00:00,9284.5,9291,9270,9286.5,1461.562,13562390.274
1593105300000,2020-06-25T17:15:00+00:00,9286.5,9292,9270,9280,1857.555,17235787.5995
1593106200000,2020-06-25T17:30:00+00:00,9280,9280,9265,9267,1860.028,17240164.5805
1593107100000,2020-06-25T17:45:00+00:00,9267,9278.5,9261,9278,1790.189,16596767.8925
1593108000000,2020-06-25T18:00:00+00:00,9278,9285.5,9266.5,9269,1144.453,10618694.093
1593108900000,2020-06-25T18:15:00+00:00,9269,9270.5,9244,9258.5,852.922,7899039.777
1593109800000,2020-06-25T18:30:00+00:00,9258.5,9261,9243.5,9251,820.949,7594927.2815
1593110700000,2020-06-25T18:45:00+00:00,9251,9259.5,9247,9248,832.881,7706332.9625
1593111600000,2020-06-25T19:00:00+00:00,9248,9271.5,9235,9263,1164.632,10780553.581
1593112500000,2020-06-25T19:15:00+00:00,9263,9288,9263,9278.5,1307.674,12134856.9005
1593113400000,2020-06-25T19:30:00+00:00,9278.5,9289.5,9277.5,9285.5,1371.915,12736828.861
1593114300000,2020-06-25T19:45:00+00:00,9285.5,9285.5,9270.5,9279.5,1345.006,12479143.0235
1593115200000,2020-06-25T20:00:00+00:00,9279.5,9297.5,9273,9274,1097.477,10187329.093
1593116100000,2020-06-25T20:15:00+00:00,9274,9283.5,9272.5,9279,1040.083,9648793.696
1593117000000,2020-06-25T20:30:00+00:00,9279,9283,9266.5,9267.5,988.215,9168851.1165
1593117900000,2020-06-25T20:45:00+00:00,9267.5,9274,9267,9270,1006.864,9333529.406
1593118800000,2020-06-25T21:00:00+00:00,9270,9320.5,9268.5,9305.5,795.141,7386535.374
1593119700000,2020-06-25T21:15:00+00:00,9305.5,9344.5,9295.5,9296.5,758.166,7063506.9505
1593120600000,2020-06-25T21:30:00+00:00,9296.5,9309.5,9283.5,9284.5,629.029,5852360.004
1593121500000,2020-06-25T21:45:00+00:00,9284.5,9303.5,9284.5,9300.5,646.394,6009275.1495
1593122400000,2020-06-25T22:00:00+00:00,9300.5,9314,9286.5,9287,1019.741,9486086.0885
1593123300000,2020-06-25T22:15:00+00:00,9287,9287,9232,9250,1425.355,13191900.6525
1593124200000,2020-06-25T22:30:00+00:00,9250,9256.5,9213,9238,1251.304,11550154.998
1593125100000,2020-06-25T22:45:00+00:00,9238,9263.5,9223.5,9257.5,1227.305,11353116.3935
1593126000000,2020-06-25T23:00:00+00:00,9257.5,9257.5,9242.5,9242.5,1489.199,13775065.393
1593126900000,2020-06-25T23:15:00+00:00,9242.5,9254.5,9233,9253,1593.688,14732740.6355
1593127800000,2020-06-25T23:30:00+00:00,9253,9260,9243.5,9257.5,1566.628,14496657.41
1593128700000,2020-06-25T23:45:00+00:00,9257.5,9262.5,9241.5,9246.5,1580.67,14624498.332
1593129600000,2020-06-26T00:00:00+00:00,9246.5,9248,9220.5,9229.5,856.954,7911533.5215
1593130500000,2020-06-26T00:15:00+00:00,9229.5,9262.5,9182.5,9261,980.358,9043830.316
1593131400000,2020-06-26T00:30:00+00:00,9261,9276,9254.5,9265.5,671.335,6221157.338
1593132300000,2020-06-26T00:45:00+00:00,9265.5,9289,9265,9280.5,598.86,5557122.523
1593133200000,2020-06-26T01:00:00+00:00,9280.5,9296,9276,9279.5,546.474,5073316.595
1593134100000,2020-06-26T01:15:00+00:00,9279.5,9280.5,9261.5,9262,513.757,4761496.9875
1593135000000,2020-06-26T01:30:00+00:00,9262,9274.5,9262,9266.5,526.843,4884202.7625
1593135900000,2020-06-26T01:45:00+00:00,9266.5,9281,9250,9255,541.072,5010514.14
1593136800000,2020-06-26T02:00:00+00:00,9255,9255,9237.5,9242,535.119,4947056.846
1593137700000,2020-06-26T02:15:00+00:00,9242,9253.5,9235.5,9245.5,539.458,4987861.2985
1593138600000,2020-06-26T02:30:00+00:00,9245.5,9259.5,9245,9250.5,596.885,5522776.733
1593139500000,2020-06-26T02:45:00+00:00,9250.5,9262,9245.5,9259.5,549.159,5082275.8275
1593140400000,2020-06-26T03:00:00+00:00,9259.5,9259.5,9235,9235,1247.264,11523749.734
1593141300000,2020-06-26T03:15:00+00:00,9235,9240.5,9227.5,9235,1516.6,14004852.3825
1593142200000,2020-06-26T03:30:00+00:00,9235,9248.5,9229,9244,1621.565,14983975.8295
1593143100000,2020-06-26T03:45:00+00:00,9244,9250,9239.5,9241.5,1546.705,14301475.8485
1593144000000,2020-06-26T04:00:00+00:00,9241.5,9242,9226,9231.5,1155.145,10663987.655
1593144900000,2020-06-26T04:15:00+00:00,9231.5,9247,9228.5,9239.5,1041.167,9621862.324
1593145800000,2020-06-26T04:30:00+00:00,9239.5,9251.5,9237.5,9250,991.419,9164680.486
1593146700000,2020-06-26T04:45:00+00:00,9250,9267.5,9250,9253.5,1026.759,9505350.769
1593147600000,2020-06-26T05:00:00+00:00,9253.5,9267.5,9250,9251.5,1145.732,10610546.701
1593148500000,2020-06-26T05:15:00+00:00,9251.5,9254,9202.5,9239.5,1627.76,15023176.0085
1593149400000,2020-06-26T05:30:00+00:00,9239.5,9242,9222.5,9226.5,1211.363,11183388.959
1593150300000,2020-06-26T05:45:00+00:00,9226.5,9230,9207,9218.5,1193.854,11003524.316
1593151200000,2020-06-26T06:00:00+00:00,9218.5,9224.5,9191,9216.5,1479.578,13634204.8795
1593152100000,2020-06-26T06:15:00+00:00,9216.5,9229.5,9208,9229.5,1454.984,13417732.6985
1593153000000,2020-06-26T06:30:00+00:00,9229.5,9232,9215,9222.5,1372.831,12660246.1325
1593153900000,2020-06-26T06:45:00+00:00,9222.5,9225,9207,9207.5,1410.091,12990561.47
1593154800000,2020-06-26T07:00:00+00:00,9207.5,9208.5,9150,9176,1079.648,9918839.089
1593155700000,2020-06-26T07:15:00+00:00,9176,9183,9116.5,9140,871.137,7967066.7495
1593156600000,2020-06-26T07:30:00+00:00,9140,9147,9108,9145,988.576,9022668.002
1593157500000,2020-06-26T07:45:00+00:00,9145,9174,9087,9137,826.703,7551045.088
1593158400000,2020-06-26T08:00:00+00:00,9137,9164.5,9121.5,9135.5,784.388,7171634.148
1593159300000,2020-06-26T08:15:00+00:00,9135.5,9155,9128.5,9132.5,575.445,5261157.829
1593160200000,2020-06-26T08:30:00+00:00,9132.5,9143,9113.5,9135.5,609.002,5560564.0085
1593161100000,2020-06-26T08:45:00+00:00,9135.5,9147,9108,9133,626.336,5717353.6825
1593162000000,2020-06-26T09:00:00+00:00,9133,9133.5,9093,9103,1324.735,12066954.768
1593162900000,2020-06-26T09:15:00+00:00,9103,9126.5,9089.5,9124.5,1879.593,17136932.4025
1593163800000,2020-06-26T09:30:00+00:00,9124.5,9239.5,9116.5,9212.5,2721.087,24998025.1565
1593164700000,2020-06-26T09:45:00+00:00,9212.5,9228,9206,9212,1632.737,15044986.2095
1593165600000,2020-06-26T10:00:00+00:00,9212,9257,9212,9226,956.619,8831190.1125
1593166500000,2020-06-26T10:15:00+00:00,9226,9237.5,9216.5,9224.5,636.706,5874682.4575
1593167400000,2020-06-26T10:30:00+00:00,9224.5,9226.5,9203.5,9203.5,595.262,5486688.334
1593168300000,2020-06-26T10:45:00+00:00,9203.5,9219.5,9199.5,9219.5,630.703,5808043.2285
1593169200000,2020-06-26T11:00:00+00:00,9219.5,9223,9198.5,9201.5,762.428,7024381.242
1593170100000,2020-06-26T11:15:00+00:00,9201.5,9206,9183.5,9187.5,920.899,8472083.785
1593171000000,2020-06-26T11:30:00+00:00,9187.5,9198,9161,9162,998.387,9167995.216
1593171900000,2020-06-26T11:45:00+00:00,9162,9188.5,9152,9187.5,990.861,9089058.328
1593172800000,2020-06-26T12:00:00+00:00,9187.5,9215,9182,9210.5,805.557,7410421.781
1593173700000,2020-06-26T12:15:00+00:00,9210.5,9220,9194.5,9208,782.153,7202327.8875
1593174600000,2020-06-26T12:30:00+00:00,9208,9214,9190,9194,671.57,6177899.724
1593175500000,2020-06-26T12:45:00+00:00,9194,9214.5,9187.5,9206.5,670.445,6169262.5005
1593176400000,2020-06-26T13:00:00+00:00,9206.5,9232.5,9194,9200,734.459,6766712.8
1593177300000,2020-06-26T13:15:00+00:00,9200,9203.5,9184,9191,750.311,6898613.4705
1593178200000,2020-06-26T13:30:00+00:00,9191,9199,9170,9171,797.135,7322651.879
1593179100000,2020-06-26T13:45:00+00:00,9171,9188.5,9144,9151,857.661,7868457.5325
1593180000000,2020-06-26T14:00:00+00:00,9151,9156,9102.5,9123.5,1208.527,11041267.505
1593180900000,2020-06-26T14:15:00+00:00,9123.5,9134.5,9039,9090,2133.035,19368885.4175
1593181800000,2020-06-26T14:30:00+00:00,9090,9104.5,9052,9075,1262.462,11459462.9
1593182700000,2020-06-26T14:45:00+00:00,9075,9098.5,9063.5,9086,1243.069,11292546.7375
1593183600000,2020-06-26T15:00:00+00:00,9086,9207,9078,9165,1390.533,12743200.6675
1593184500000,2020-06-26T15:15:00+00:00,9165,9168.5,9129.5,9136.5,514.436,4704008.7425
1593185400000,2020-06-26T15:30:00+00:00,9136.5,9160,9135.5,9148,469.391,4293456.6275
1593186300000,2020-06-26T15:45:00+00:00,9148,9148,9124,9148,467.143,4269295.321
1593187200000,2020-06-26T16:00:00+00:00,9148,9154,9113.5,9120,896.178,8184019.207
1593188100000,2020-06-26T16:15:00+00:00,9120,9147.5,9088,9134.5,1440.402,13133450.838
1593189000000,2020-06-26T16:30:00+00:00,9134.5,9140.5,9125.5,9127.5,1048.949,9580579.266
1593189900000,2020-06-26T16:45:00+00:00,9127.5,9150,9127.5,9144,1093.652,9994564.0405
1593190800000,2020-06-26T17:00:00+00:00,9144,9175,9139.5,9160,1125.101,10306923.6675
1593191700000,2020-06-26T17:15:00+00:00,9160,9173.5,9156,9160,1151.879,10555746.192
1593192600000,2020-06-26T17:30:00+00:00,9160,9169,9154.5,9158.5,1091.817,10003224.967
1593193500000,2020-06-26T17:45:00+00:00,9158.5,9166,9142,9150.5,1102.42,10090805.222
1593194400000,2020-06-26T18:00:00+00:00,9150.5,9159,9139,9158.5,1260.533,11533955.821
1593195300000,2020-06-26T18:15:00+00:00,9158.5,9180.5,9155,9159.5,1319.219,12093182.3325
1593196200000,2020-06-26T18:30:00+00:00,9159.5,9168,9142.5,9150.5,1313.387,12027773.9685
1593197100000,2020-06-26T18:45:00+00:00,9150.5,9155.5,9135.5,9139.5,1292.728,11824545.2365
1593198000000,2020-06-26T19:00:00+00:00,9139.5,9164.5,9139.5,9164.5,1222.208,11185338.8495
1593198900000,2020-06-26T19:15:00+00:00,9164.5,9165,9144,9150,1161.134,10631382.9315
1593199800000,2020-06-26T19:30:00+00:00,9150,9159.5,9129.5,9159.5,1206.616,11030835.757
1593200700000,2020-06-26T19:45:00+00:00,9159.5,9167.5,9152.5,9162,1190.476,10902371.38
1593201600000,2020-06-26T20:00:00+00:00,9162,9217.5,9162,9185.5,748.038,6874028.821
1593202500000,2020-06-26T20:15:00+00:00,9185.5,9192,9171.5,9188.5,428.642,3935601.5395
1593203400000,2020-06-26T20:30:00+00:00,9188.5,9207.5,9180.5,9196.5,423.744,3894512.1035
1593204300000,2020-06-26T20:45:00+00:00,9196.5,9205.5,9189.5,9190.5,387.357,3562972.764
1593205200000,2020-06-26T21:00:00+00:00,9190.5,9209,9190.5,9206.5,372.135,3423976.5685
1593206100000,2020-06-26T21:15:00+00:00,9206.5,9207.5,9183,9186,374.335,3442597.936
1593207000000,2020-06-26T21:30:00+00:00,9186,9193,9172.5,9175.5,346.088,3178075.527
1593207900000,2020-06-26T21:45:00+00:00,9175.5,9186,9175,9175.5,355.892,3266395.988
1593208800000,2020-06-26T22:00:00+00:00,9175.5,9198.5,9175.5,9192,332.152,3053396.6865
1593209700000,2020-06-26T22:15:00+00:00,9192,9194,9165,9166.5,358.154,3290949.4685
1593210600000,2020-06-26T22:30:00+00:00,9166.5,9182,9160,9177.5,382.646,3509666.9385
1593211500000,2020-06-26T22:45:00+00:00,9177.5,9186,9169,9170,338.17,3104179.8695
1593212400000,2020-06-26T23:00:00+00:00,9170,9174,9145,9151.5,869.02,7957322.333
1593213300000,2020-06-26T23:15:00+00:00,9151.5,9168.5,9151.5,9168,1088.1,9970417.389
1593214200000,2020-06-26T23:30:00+00:00,9168,9176,9164,9169,1072.895,9840715.839
1593215100000,2020-06-26T23:45:00+00:00,9169,9173,9154.5,9159.5,1059.736,9707531.4745
1593216000000,2020-06-27T00:00:00+00:00,9159.5,9170,9129.5,9143,655.627,5996619.3485
1593216900000,2020-06-27T00:15:00+00:00,9143,9146,9118.5,9131.5,424.296,3874802.79
1593217800000,2020-06-27T00:30:00+00:00,9131.5,9132,9116,9117,414.196,3779014.287
1593218700000,2020-06-27T00:45:00+00:00,9117,9146.5,9117,9142.5,409.106,3736964.2525
1593219600000,2020-06-27T01:00:00+00:00,9142.5,9149,9118,9123.5,425.231,3883251.7775
1593220500000,2020-06-27T01:15:00+00:00,9123.5,9138.5,9104,9134,532.742,4860331.31
1593221400000,2020-06-27T01:30:00+00:00,9134,9151.5,9134,9142.5,479.63,4386087.322
1593222300000,2020-06-27T01:45:00+00:00,9142.5,9156,9140.5,9150,549.024,5022858.3805
1593223200000,2020-06-27T02:00:00+00:00,9150,9158.5,9129.5,9139.5,504.652,4614091.6935
1593224100000,2020-06-27T02:15:00+00:00,9139.5,9145.5,9129.5,9131.5,521.784,4767497.333
1593225000000,2020-06-27T02:30:00+00:00,9131.5,9132.5,9122,9122.5,478.786,4369973.1135
1593225900000,2020-06-27T02:45:00+00:00,9122.5,9147,9120,9147,506.181,4619980.55
1593226800000,2020-06-27T03:00:00+00:00,9147,9148.5,9134.5,9140.5,781.463,7141434.037
1593227700000,2020-06-27T03:15:00+00:00,9140.5,9188.5,9140.5,9161.5,926.392,8488768.6545
1593228600000,2020-06-27T03:30:00+00:00,9161.5,9178.5,9160.5,9165.5,877.631,8046142.5655
1593229500000,2020-06-27T03:45:00+00:00,9165.5,9166.5,9156,9161,906.919,8308230.6635
1593230400000,2020-06-27T04:00:00+00:00,9161,9179.5,9157.5,9158,1053.375,9656930.0445
1593231300000,2020-06-27T04:15:00+00:00,9158,9166.5,9143,9143,1085.545,9939694.106
1593232200000,2020-06-27T04:30:00+00:00,9143,9151,9134,9149,1145.123,10470996.185
1593233100000,2020-06-27T04:45:00+00:00,9149,9162,9145,9158.5,1177.324,10775252.672
1593234000000,2020-06-27T05:00:00+00:00,9158.5,9165,9143,9145,1116.552,10222712.3045
1593234900000,2020-06-27T05:15:00+00:00,9145,9157.5,9143.5,9156.5,1129.367,10334148.8475
1593235800000,2020-06-27T05:30:00+00:00,9156.5,9174,9156.5,9166,1116.826,10235197.3995
1593236700000,2020-06-27T05:45:00+00:00,9166,9172,9160.5,9168,1143.373,10481255.1695
1593237600000,2020-06-27T06:00:00+00:00,9168,9175,9154.5,9156.5,780.81,7156478.146
1593238500000,2020-06-27T06:15:00+00:00,9156.5,9167.5,9150.5,9167,624.117,5716552.589
1593239400000,2020-06-27T06:30:00+00:00,9167,9195.5,9167,9181,721.342,6625402.896
1593240300000,2020-06-27T06:45:00+00:00,9181,9183.5,9174,9182.5,655.766,6019258.885
1593241200000,2020-06-27T07:00:00+00:00,9182.5,9187.5,9173,9174.5,719.246,6602086.972
1593242100000,2020-06-27T07:15:00+00:00,9174.5,9183.5,9161.5,9168,762.303,6992993.926
1593243000000,2020-06-27T07:30:00+00:00,9168,9173,9161,9171.5,781.248,7163455.0565
1593243900000,2020-06-27T07:45:00+00:00,9171.5,9177,9167.5,9174.5,765.759,7024366.996
1593244800000,2020-06-27T08:00:00+00:00,9174.5,9185,9173,9178,722.456,6630533.8585
1593245700000,2020-06-27T08:15:00+00:00,9178,9193.5,9177,9191,759.035,6969879.266
1593246600000,2020-06-27T08:30:00+00:00,9191,9195,9173.5,9174.5,778.144,7145842.4175
1593247500000,2020-06-27T08:45:00+00:00,9174.5,9178,9156,9167.5,739.248,6776192.592
1593248400000,2020-06-27T09:00:00+00:00,9167.5,9169.5,9151.5,9159.5,594.07,5442120.2265
1593249300000,2020-06-27T09:15:00+00:00,9159.5,9162,9147,9161.5,606.39,5552103.732
1593250200000,2020-06-27T09:30:00+00:00,9161.5,9169.5,9152.5,9153,568.467,5208272.056
1593251100000,2020-06-27T09:45:00+00:00,9153,9156,9138.5,9143,587.37,5372798.4455
1593252000000,2020-06-27T10:00:00+00:00,9143,9156.5,9136.5,9142,782.827,7159533.053
1593252900000,2020-06-27T10:15:00+00:00,9142,9155,9135,9152,810.293,7410076.2105
1593253800000,2020-06-27T10:30:00+00:00,9152,9165.5,9145.5,9158.5,773.627,7081643.527
1593254700000,2020-06-27T10:45:00+00:00,9158.5,9160.5,9137.5,9142,751.896,6877996.0605
1593255600000,2020-06-27T11:00:00+00:00,9142,9143,9131.5,9134.5,1388.297,12682099.482
1593256500000,2020-06-27T11:15:00+00:00,9134.5,9140,9127,9139.5,1616.897,14771615.411
1593257400000,2020-06-27T11:30:00+00:00,9139.5,9182,9136,9164.5,1650.507,15101463.4
1593258300000,2020-06-27T11:45:00+00:00,9164.5,9174,9153,9157,1601.589,14677243.57
1593259200000,2020-06-27T12:00:00+00:00,9157,9174,9156,9162,871.141,7983195.9795
1593260100000,2020-06-27T12:15:00+00:00,9162,9163,9148.5,9148.5,629.733,5766087.9875
1593261000000,2020-06-27T12:30:00+00:00,9148.5,9159,9143.5,9154,615.166,5629282.514
1593261900000,2020-06-27T12:45:00+00:00,9154,9165,9154,9163.5,594.597,5446806.7525
1593262800000,2020-06-27T13:00:00+00:00,9163.5,9174.5,9163.5,9170,1086.743,9964224.9745
1593263700000,2020-06-27T13:15:00+00:00,9170,9174.5,9150.5,9158.5,1266.746,11607376.3985
1593264600000,2020-06-27T13:30:00+00:00,9158.5,9165.5,9152.5,9154.5,1297.645,11883992.812
1593265500000,2020-06-27T13:45:00+00:00,9154.5,9158,9144.5,9155,1295.412,11856460.048
1593266400000,2020-06-27T14:00:00+00:00,9155,9156,9134,9134,1761.815,16114192.262
1593267300000,2020-06-27T14:15:00+00:00,9134,9164,9130,9149.5,1914.424,17517084.4465
1593268200000,2020-06-27T14:30:00+00:00,9149.5,9163,9149.5,9158,1925.026,17628666.8965
1593269100000,2020-06-27T14:45:00+00:00,9158,9158.5,9144,9145,1912.208,17500118.333
1593270000000,2020-06-27T15:00:00+00:00,9145,9148.5,9135.5,9136.5,1070.943,9790210.0345
1593270900000,2020-06-27T15:15:00+00:00,9136.5,9149.5,9132,9137.5,830.55,7593544.9455
1593271800000,2020-06-27T15:30:00+00:00,9137.5,9165.5,9109,9147,1039.875,9510429.1995
1593272700000,2020-06-27T15:45:00+00:00,9147,9147,9127,9130,872.546,7974861.9055
1593273600000,2020-06-27T16:00:00+00:00,9130,9139,9083,9095,1252.335,11413251.6355
1593274500000,2020-06-27T16:15:00+00:00,9095,9115.5,9080.5,9103,1330.189,12102724.625
1593275400000,2020-06-27T16:30:00+00:00,9103,9103.5,9064.5,9079,1276.645,11593687.235
1593276300000,2020-06-27T16:45:00+00:00,9079,9103.5,9065,9098.5,1284.844,11674603.6615
1593277200000,2020-06-27T17:00:00+00:00,9098.5,9145,9089,9112,1381.384,12589159.0855
1593278100000,2020-06-27T17:15:00+00:00,9112,9115,9084,9101,1259.524,11459252.24
1593279000000,2020-06-27T17:30:00+00:00,9101,9105.5,9069.5,9075.5,1251.666,11379646.946
1593279900000,2020-06-27T17:45:00+00:00,9075.5,9091.5,9054.5,9078,1269.494,11522483.138
1593280800000,2020-06-27T18:00:00+00:00,9078,9091.5,9065,9086,1258.269,11428498.69
1593281700000,2020-06-27T18:15:00+00:00,9086,9097,9074,9082.5,1232.136,11194574.4895
1593282600000,2020-06-27T18:30:00+00:00,9082.5,9104,9078.5,9099,1249.237,11357193.527
1593283500000,2020-06-27T18:45:00+00:00,9099,9106.5,9088,9088,1224.06,11135326.5965
1593284400000,2020-06-27T19:00:00+00:00,9088,9101.5,9079.5,9099.5,993.085,9027391.4365
1593285300000,2020-06-27T19:15:00+00:00,9099.5,9100.5,9080.5,9085,888.406,8075463.999
1593286200000,2020-06-27T19:30:00+00:00,9085,9086.5,9008,9027,1104.071,10008622.46
1593287100000,2020-06-27T19:45:00+00:00,9027,9035,8820,8933,3385.69,30242321.175
1593288000000,2020-06-27T20:00:00+00:00,8933,8986,8894.5,8959.5,1738.241,15550266.3865
1593288900000,2020-06-27T20:15:00+00:00,8959.5,8988,8947,8965,801.249,7187807.5125
1593289800000,2020-06-27T20:30:00+00:00,8965,8974,8939,8967.5,742.044,6650280.7545
1593290700000,2020-06-27T20:45:00+00:00,8967.5,8969.5,8930.5,8950,749.784,6710849.2675
1593291600000,2020-06-27T21:00:00+00:00,8950,8978.5,8949,8967,1251.006,11216361.5795
1593292500000,2020-06-27T21:15:00+00:00,8967,8978,8964,8970,1481.376,13287722.551
1593293400000,2020-06-27T21:30:00+00:00,8970,8971,8944,8949,1495.447,13399152.0045
1593294300000,2020-06-27T21:45:00+00:00,8949,9098,8949,9050,2385.17,21509697.032
1593295200000,2020-06-27T22:00:00+00:00,9050,9073,9030.5,9053.5,1069.557,9681538.971
1593296100000,2020-06-27T22:15:00+00:00,9053.5,9053.5,8972,8990,1086.077,9796156.5705
1593297000000,2020-06-27T22:30:00+00:00,8990,9010,8979,8994.5,857.898,7719371.3935
1593297900000,2020-06-27T22:45:00+00:00,8994.5,9010,8960,8968.5,843.748,7582918.8115
1593298800000,2020-06-27T23:00:00+00:00,8968.5,8990,8936,8989,1552.75,13927272.4965
1593299700000,2020-06-27T23:15:00+00:00,8989,9002,8976,8979.5,1559.054,14019028.621
1593300600000,2020-06-27T23:30:00+00:00,8979.5,9039,8979.5,9024,1794.282,16174671.7715
1593301500000,2020-06-27T23:45:00+00:00,9024,9024.5,9001.5,9008.5,1498.447,13500682.08
1593302400000,2020-06-28T00:00:00+00:00,9008.5,9012,8980.5,8993.5,1212.124,10905604.941
1593303300000,2020-06-28T00:15:00+00:00,8993.5,8996.5,8959.5,8983,1182.071,10620222.968
1593304200000,2020-06-28T00:30:00+00:00,8983,8986.5,8966.5,8967.5,1058.199,9501729.267
1593305100000,2020-06-28T00:45:00+00:00,8967.5,8982.5,8954,8979.5,1092.293,9799787.317
1593306000000,2020-06-28T01:00:00+00:00,8979.5,8987,8978,8979,997.653,8960540.214
1593306900000,2020-06-28T01:15:00+00:00,8979,8979.5,8954.5,8964.5,1047.971,9393200.401
1593307800000,2020-06-28T01:30:00+00:00,8964.5,8965,8945,8952.5,1061.147,9504568.2935
1593308700000,2020-06-28T01:45:00+00:00,8952.5,8991.5,8946,8969.5,1148.653,10297658.93
1593309600000,2020-06-28T02:00:00+00:00,8969.5,8972.5,8947.5,8954,969.84,8695750.8815
1593310500000,2020-06-28T02:15:00+00:00,8954,8964,8947.5,8960.5,879.282,7875692.9165
1593311400000,2020-06-28T02:30:00+00:00,8960.5,8972.5,8956.5,8971.5,920.107,8245352.002
1593312300000,2020-06-28T02:45:00+00:00,8971.5,8977,8969.5,8974.5,925.026,8299970.6375
1593313200000,2020-06-28T03:00:00+00:00,8974.5,8980.5,8965,8966,951.634,8537598.8495
1593314100000,2020-06-28T03:15:00+00:00,8966,8968.5,8961.5,8967,904.656,8110482.011
1593315000000,2020-06-28T03:30:00+00:00,8967,8971,8963,8970.5,875.137,7847100.9375
1593315900000,2020-06-28T03:45:00+00:00,8970.5,8973.5,8933,8969.5,1123.32,10064189.3145
1593316800000,2020-06-28T04:00:00+00:00,8969.5,8975.5,8961,8962,773.184,6933233.6745
1593317700000,2020-06-28T04:15:00+00:00,8962,8967.5,8950.5,8956,774.52,6939369.3925
1593318600000,2020-06-28T04:30:00+00:00,8956,8956,8949.5,8952.5,703.311,6296076.714
1593319500000,2020-06-28T04:45:00+00:00,8952.5,8963.5,8945.5,8962.5,817.303,7318002.3735
1593320400000,2020-06-28T05:00:00+00:00,8962.5,8963.5,8957.5,8961.5,1344.99,12052445.6655
1593321300000,2020-06-28T05:15:00+00:00,8961.5,8968,8960.5,8967.5,1595.351,14300957.481
1593322200000,2020-06-28T05:30:00+00:00,8967.5,8973.5,8966,8972,1614.034,14477155.063
1593323100000,2020-06-28T05:45:00+00:00,8972,8972.5,8958.5,8959,1641.729,14715966.479
1593324000000,2020-06-28T06:00:00+00:00,8959,8983,8959,8982.5,1565.036,14029975.3045
1593324900000,2020-06-28T06:15:00+00:00,8982.5,8992.5,8976.5,8987.5,1626.208,14613102.2975
1593325800000,2020-06-28T06:30:00+00:00,8987.5,9006,8986.5,8997.5,1652.646,14869502.293
1593326700000,2020-06-28T06:45:00+00:00,8997.5,9021.5,8997.5,9015.5,1629.873,14686720.6765
1593327600000,2020-06-28T07:00:00+00:00,9015.5,9033.5,8996,9003,1032.964,9305787.8985
1593328500000,2020-06-28T07:15:00+00:00,9003,9003.5,8988,8999,898.65,8083905.9365
1593329400000,2020-06-28T07:30:00+00:00,8999,9005.5,8992.5,8997.5,940.052,8460025.8185
1593330300000,2020-06-28T07:45:00+00:00,8997.5,9030.5,8996,9021.5,895.113,8061586.9845
1593331200000,2020-06-28T08:00:00+00:00,9021.5,9024,9000.5,9007,1307.082,11777170.754
1593332100000,2020-06-28T08:15:00+00:00,9007,9019.5,9001.5,9006.5,1384.556,12475879.8505
1593333000000,2020-06-28T08:30:00+00:00,9006.5,9022.5,9005.5,9019.5,1425.569,12853338.295
1593333900000,2020-06-28T08:45:00+00:00,9019.5,9081.5,9019.5,9050,2119.555,19193840.279
1593334800000,2020-06-28T09:00:00+00:00,9050,9059.5,9040,9046,1634.251,14789875.762
1593335700000,2020-06-28T09:15:00+00:00,9046,9057.5,9038.5,9045.5,1649.488,14925686.3145
1593336600000,2020-06-28T09:30:00+00:00,9045.5,9074,9045.5,9067,1707.654,15476028.9135
1593337500000,2020-06-28T09:45:00+00:00,9067,9073.5,9058,9071,1679.761,15229224.4595
1593338400000,2020-06-28T10:00:00+00:00,9071,9078.5,9057.5,9058,1389.618,12598917.825
1593339300000,2020-06-28T10:15:00+00:00,9058,9063,9049.5,9061,1222.622,11073571.634
1593340200000,2020-06-28T10:30:00+00:00,9061,9070,9057.5,9068.5,1300.57,11788860.985
1593341100000,2020-06-28T10:45:00+00:00,9068.5,9069,9047.5,9048.5,1230.015,11140844.6155
1593342000000,2020-06-28T11:00:00+00:00,9048.5,9066.5,9048.5,9066.5,806.549,7308113.367
1593342900000,2020-06-28T11:15:00+00:00,9066.5,9071,9057,9069.5,696.267,6310503.388
1593343800000,2020-06-28T11:30:00+00:00,9069.5,9076.5,9050.5,9053.5,727.186,6589261.805
1593344700000,2020-06-28T11:45:00+00:00,9053.5,9057.5,9035,9048,821.05,7426758.719
1593345600000,2020-06-28T12:00:00+00:00,9048,9063,9036,9046,520.599,4708946.694
1593346500000,2020-06-28T12:15:00+00:00,9046,9049,9016,9026.5,479.977,4338037.2505
1593347400000,2020-06-28T12:30:00+00:00,9026.5,9040.5,9022.5,9037.5,438.326,3959246.9005
1593348300000,2020-06-28T12:45:00+00:00,9037.5,9049.5,9037,9046.5,472.454,4273163.388
1593349200000,2020-06-28T13:00:00+00:00,9046.5,9054.5,9039.5,9047,1134.53,10264507.325
1593350100000,2020-06-28T13:15:00+00:00,9047,9055,9042,9051,1446.79,13091242.9105
1593351000000,2020-06-28T13:30:00+00:00,9051,9053.5,9033.5,9041.5,1449.137,13106121.5935
1593351900000,2020-06-28T13:45:00+00:00,9041.5,9049.5,9039.5,9049.5,1510.012,13655898.9165
1593352800000,2020-06-28T14:00:00+00:00,9049.5,9155,9049.5,9124.5,2054.498,18657148.4435
1593353700000,2020-06-28T14:15:00+00:00,9124.5,9149.5,9111,9125.5,1754.051,16012032.2275
1593354600000,2020-06-28T14:30:00+00:00,9125.5,9147,9122,9140,1439.56,13149476.8725
1593355500000,2020-06-28T14:45:00+00:00,9140,9171.5,9131.5,9148.5,1403.878,12846044.785
1593356400000,2020-06-28T15:00:00+00:00,9148.5,9157.5,9134,9138.5,1129.168,10323195.19
1593357300000,2020-06-28T15:15:00+00:00,9138.5,9145,9127.5,9131,1020.84,9327351.667
1593358200000,2020-06-28T15:30:00+00:00,9131,9155,9131,9145,994.858,9095577.5575
1593359100000,2020-06-28T15:45:00+00:00,9145,9154.5,9135,9154,973.011,8896106.021
1593360000000,2020-06-28T16:00:00+00:00,9154,9187.5,9146.5,9173.5,832.053,7623205.8955
1593360900000,2020-06-28T16:15:00+00:00,9173.5,9187.5,9167,9175.5,542.596,4977632.398
1593361800000,2020-06-28T16:30:00+00:00,9175.5,9178,9135,9139.5,649.181,5941869.0765
1593362700000,2020-06-28T16:45:00+00:00,9139.5,9149.5,9137,9144,506.899,4634195.5085
1593363600000,2020-06-28T17:00:00+00:00,9144,9149.5,9115,9136,818.205,7471546.018
1593364500000,2020-06-28T17:15:00+00:00,9136,9145,9127.5,9136,823.477,7523853.4445
1593365400000,2020-06-28T17:30:00+00:00,9136,9148,9136,9145,783.797,7165633.7675
1593366300000,2020-06-28T17:45:00+00:00,9145,9153.5,9137.5,9152,798.698,7303991.8045
1593367200000,2020-06-28T18:00:00+00:00,9152,9158.5,9146.5,9157.5,941.669,8619546.7005
1593368100000,2020-06-28T18:15:00+00:00,9157.5,9163.5,9150,9160.5,1067.745,9775733.9715
1593369000000,2020-06-28T18:30:00+00:00,9160.5,9165,9144,9145,1023.268,9367230.7565
1593369900000,2020-06-28T18:45:00+00:00,9145,9150,9143.5,9149.5,1004.575,9189819.914
1593370800000,2020-06-28T19:00:00+00:00,9149.5,9164.5,9149,9160,1137.079,10413121.2635
1593371700000,2020-06-28T19:15:00+00:00,9160,9165,9154.5,9161,1118.59,10246179.2225
1593372600000,2020-06-28T19:30:00+00:00,9161,9161.5,9136.5,9138,1155.435,10566843.0145
1593373500000,2020-06-28T19:45:00+00:00,9138,9142,9099.5,9109.5,1499.685,13683126.415
1593374400000,2020-06-28T20:00:00+00:00,9109.5,9141.5,9102,9124.5,1070.658,9769073.3815
1593375300000,2020-06-28T20:15:00+00:00,9124.5,9136.5,9116,9132,883.14,8061129.357
1593376200000,2020-06-28T20:30:00+00:00,9132,9133,9086,9107,945.205,8615930.03
1593377100000,2020-06-28T20:45:00+00:00,9107,9118,9105.5,9111,905.965,8254828.617
1593378000000,2020-06-28T21:00:00+00:00,9111,9123,9097,9122.5,741.025,6749107.6565
1593378900000,2020-06-28T21:15:00+00:00,9122.5,9129.5,9092,9094.5,741.627,6754444.1995
1593379800000,2020-06-28T21:30:00+00:00,9094.5,9111.5,9094,9108.5,689.212,6272299.888
1593380700000,2020-06-28T21:45:00+00:00,9108.5,9126.5,9108,9124.5,801.247,7307766.0325
1593381600000,2020-06-28T22:00:00+00:00,9124.5,9130,9071,9075,772.169,7026370.668
1593382500000,2020-06-28T22:15:00+00:00,9075,9096,9074.5,9092.5,652.232,5926858.6415
1593383400000,2020-06-28T22:30:00+00:00,9092.5,9100.5,9081.5,9098.5,617.366,5612142.237
1593384300000,2020-06-28T22:45:00+00:00,9098.5,9107.5,9090.5,9099.5,632.312,5754110.908
1593385200000,2020-06-28T23:00:00+00:00,9099.5,9113.5,9098.5,9106.5,980.856,8929843.211
1593386100000,2020-06-28T23:15:00+00:00,9106.5,9113,9090,9093.5,1087.567,9895072.2455
1593387000000,2020-06-28T23:30:00+00:00,9093.5,9108.5,9084,9101.5,1099.858,10003309.1065
1593387900000,2020-06-28T23:45:00+00:00,9101.5,9128,9101.5,9115,1062.848,9690057.847
1593388800000,2020-06-29T00:00:00+00:00,9115,9133.5,9109.5,9114.5,837.284,7634292.315
1593389700000,2020-06-29T00:15:00+00:00,9114.5,9118,9095,9097,752.564,6849111.928
1593390600000,2020-06-29T00:30:00+00:00,9097,9110,9090.5,9103,749.114,6817990.4135
1593391500000,2020-06-29T00:45:00+00:00,9103,9121,9100.5,9119.5,715.165,6516234.871
1593392400000,2020-06-29T01:00:00+00:00,9119.5,9136.5,9116.5,9125.5,1067.277,9741686.2225
1593393300000,2020-06-29T01:15:00+00:00,9125.5,9128.5,9117,9120,1171.62,10687021.733
1593394200000,2020-06-29T01:30:00+00:00,9120,9135,9111.5,9131.5,1174.666,10715355.815
1593395100000,2020-06-29T01:45:00+00:00,9131.5,9140,9122.5,9139.5,1199.42,10950298.8105
1593396000000,2020-06-29T02:00:00+00:00,9139.5,9145.5,9128.5,9132.5,714.778,6528707.6035
1593396900000,2020-06-29T02:15:00+00:00,9132.5,9132.5,9120,9132,514.647,4696576.147
1593397800000,2020-06-29T02:30:00+00:00,9132,9134.5,9120.5,9133,543.049,4956832.467
1593398700000,2020-06-29T02:45:00+00:00,9133,9136,9119,9124.5,573.585,5234515.8555
1593399600000,2020-06-29T03:00:00+00:00,9124.5,9124.5,9107,9109,657.289,5992230.9475
1593400500000,2020-06-29T03:15:00+00:00,9109,9109.5,9095,9103,677.752,6170369.0445
1593401400000,2020-06-29T03:30:00+00:00,9103,9114.5,9098.5,9099,735.062,6694594.0725
1593402300000,2020-06-29T03:45:00+00:00,9099,9106.5,9082.5,9092.5,697.818,6348516.6185
1593403200000,2020-06-29T04:00:00+00:00,9092.5,9108,9082,9103.5,691.669,6292537.1545
1593404100000,2020-06-29T04:15:00+00:00,9103.5,9109.5,9095,9104.5,717.89,6535786.713
1593405000000,2020-06-29T04:30:00+00:00,9104.5,9106.5,9091.5,9093,706.402,6425977.677
1593405900000,2020-06-29T04:45:00+00:00,9093,9117.5,9092.5,9110,740.036,6737483.758
1593406800000,2020-06-29T05:00:00+00:00,9110,9111.5,9099,9110.5,948.824,8639192.0245
1593407700000,2020-06-29T05:15:00+00:00,9110.5,9121.5,9107,9118.5,1167.289,10638696.14
1593408600000,2020-06-29T05:30:00+00:00,9118.5,9130.5,9110,9121,1105.9,10083602.345
1593409500000,2020-06-29T05:45:00+00:00,9121,9121.5,9107,9110,1193.019,10873089.2255
1593410400000,2020-06-29T06:00:00+00:00,9110,9110,9100,9104.5,958.116,8722106.3265
1593411300000,2020-06-29T06:15:00+00:00,9104.5,9111.5,9103.5,9107.5,975.658,8884770.757
1593412200000,2020-06-29T06:30:00+00:00,9107.5,9108,9092,9096.5,1000.742,9108345.0315
1593413100000,2020-06-29T06:45:00+00:00,9096.5,9098.5,9076.5,9084.5,1105.026,10041141.189
1593414000000,2020-06-29T07:00:00+00:00,9084.5,9096.5,9060.5,9090.5,804.933,7305771.732
1593414900000,2020-06-29T07:15:00+00:00,9090.5,9098.5,9083.5,9093,571.456,5196627.7715
1593415800000,2020-06-29T07:30:00+00:00,9093,9111,9093,9096,560.292,5098051.4215
1593416700000,2020-06-29T07:45:00+00:00,9096,9104,9089,9094.5,556.655,5063288.1145
1593417600000,2020-06-29T08:00:00+00:00,9094.5,9094.5,9076,9083,1246.296,11322448.808
1593418500000,2020-06-29T08:15:00+00:00,9083,9084,9058,9076.5,1461.574,13261553.5475
1593419400000,2020-06-29T08:30:00+00:00,9076.5,9085,9065.5,9076.5,1402.75,12727369.0165
1593420300000,2020-06-29T08:45:00+00:00,9076.5,9094,9076.5,9091.5,1463.256,13294815.8935
1593421200000,2020-06-29T09:00:00+00:00,9091.5,9093,9080,9085.5,1200.258,10907280.5205
1593422100000,2020-06-29T09:15:00+00:00,9085.5,9098,9081,9097.5,1102.305,10015798.812
1593423000000,2020-06-29T09:30:00+00:00,9097.5,9129.5,9092.5,9123,1249.965,11382851.708
1593423900000,2020-06-29T09:45:00+00:00,9123,9136.5,9113.5,9131,1138.044,10384930.8035
1593424800000,2020-06-29T10:00:00+00:00,9131,9134,9114,9115.5,1269.658,11579256.118
1593425700000,2020-06-29T10:15:00+00:00,9115.5,9124,9114,9116,1340.759,12225597.339
1593426600000,2020-06-29T10:30:00+00:00,9116,9118.5,9101,9106.5,1365.756,12442444.915
1593427500000,2020-06-29T10:45:00+00:00,9106.5,9117,9106.5,9114.5,1312.371,11957855.2925
1593428400000,2020-06-29T11:00:00+00:00,9114.5,9114.5,9088.5,9090.5,751.008,6838063.6035
1593429300000,2020-06-29T11:15:00+00:00,9090.5,9098.5,9076.5,9085.5,553.322,5028430.163
1593430200000,2020-06-29T11:30:00+00:00,9085.5,9088,9070,9077.5,504.864,4584310.538
1593431100000,2020-06-29T11:45:00+00:00,9077.5,9095.5,9070,9092.5,514.021,4669723.039
1593432000000,2020-06-29T12:00:00+00:00,9092.5,9111.5,9081.5,9092.5,1045.631,9507294.6845
1593432900000,2020-06-29T12:15:00+00:00,9092.5,9095.5,9078,9083.5,1187.653,10789792.367
1593433800000,2020-06-29T12:30:00+00:00,9083.5,9115,9082,9110,1249.743,11370959.8165
1593434700000,2020-06-29T12:45:00+00:00,9110,9116,9098,9100,1201.449,10941313.9735
1593435600000,2020-06-29T13:00:00+00:00,9100,9101,9080,9091.5,1360.998,12367372.3605
1593436500000,2020-06-29T13:15:00+00:00,9091.5,9095.5,9031.5,9040.5,2119.405,19191790.029
1593437400000,2020-06-29T13:30:00+00:00,9040.5,9058,9023.5,9035.5,1626.086,14702205.2645
1593438300000,2020-06-29T13:45:00+00:00,9035.5,9049.5,9024,9044.5,1407.409,12721087.446
1593439200000,2020-06-29T14:00:00+00:00,9044.5,9065.5,9042.5,9054.5,1016.829,9205734.326
1593440100000,2020-06-29T14:15:00+00:00,9054.5,9075,9053,9061.5,693.313,6283132.5155
1593441000000,2020-06-29T14:30:00+00:00,9061.5,9090.5,9055,9079,681.978,6184501.132
1593441900000,2020-06-29T14:45:00+00:00,9079,9083.5,9060,9060,732.297,6644292.566
1593442800000,2020-06-29T15:00:00+00:00,9060,9069.5,9059.5,9062.5,633.801,5744288.632
1593443700000,2020-06-29T15:15:00+00:00,9062.5,9085,9062.5,9081,572.945,5200122.929
1593444600000,2020-06-29T15:30:00+00:00,9081,9130.5,9074,9123.5,718.636,6533959.181
1593445500000,2020-06-29T15:45:00+00:00,9123.5,9131.5,9109.5,9121.5,755.473,6888723.428
1593446400000,2020-06-29T16:00:00+00:00,9121.5,9161,9113,9129.5,1184.316,10816571.912
1593447300000,2020-06-29T16:15:00+00:00,9129.5,9133.5,9112,9114.5,1253.159,11434792.5015
1593448200000,2020-06-29T16:30:00+00:00,9114.5,9127.5,9106,9108.5,1225.227,11172090.5895
1593449100000,2020-06-29T16:45:00+00:00,9108.5,9123,9101.5,9121.5,1183.198,10779207.434
1593450000000,2020-06-29T17:00:00+00:00,9121.5,9125.5,9110,9119.5,1029.532,9384439.247
1593450900000,2020-06-29T17:15:00+00:00,9119.5,9152.5,9118,9152,1022.053,9334801.042
1593451800000,2020-06-29T17:30:00+00:00,9152,9153.5,9131,9144.5,1002.677,9166116.604
1593452700000,2020-06-29T17:45:00+00:00,9144.5,9160.5,9142,9158,982.924,8990792.6485
1593453600000,2020-06-29T18:00:00+00:00,9158,9180,9144.5,9157.5,583.941,5349494.173
1593454500000,2020-06-29T18:15:00+00:00,9157.5,9163,9140,9142.5,452.401,4138851.82
1593455400000,2020-06-29T18:30:00+00:00,9142.5,9152.5,9141,9152.5,419.903,3840676.4805
1593456300000,2020-06-29T18:45:00+00:00,9152.5,9153,9133,9141,401.746,3672422.219
1593457200000,2020-06-29T19:00:00+00:00,9141,9149.5,9134,9135.5,1160.626,10607145.328
1593458100000,2020-06-29T19:15:00+00:00,9135.5,9140,9131,9139,1479.604,13517376.805
1593459000000,2020-06-29T19:30:00+00:00,9139,9156,9139,9147.5,1486.487,13599022.259
1593459900000,2020-06-29T19:45:00+00:00,9147.5,9160.5,9147.5,9156.5,1448.767,13262963.137
1593460800000,2020-06-29T20:00:00+00:00,9156.5,9170.5,9153.5,9157,1517.36,13899238.104
1593461700000,2020-06-29T20:15:00+00:00,9157,9157.5,9143,9153,1494.242,13674650.9755
1593462600000,2020-06-29T20:30:00+00:00,9153,9169,9150,9167.5,1491.091,13655943.848
1593463500000,2020-06-29T20:45:00+00:00,9167.5,9192,9167.5,9181,1575.695,14466386.0365
1593464400000,2020-06-29T21:00:00+00:00,9181,9230,9180.5,9224,1497.767,13788747.9185
1593465300000,2020-06-29T21:15:00+00:00,9224,9233.5,9202.5,9203.5,1021.128,9408906.9455
1593466200000,2020-06-29T21:30:00+00:00,9203.5,9231.5,9203.5,9206.5,1059.338,9766518.468
1593467100000,2020-06-29T21:45:00+00:00,9206.5,9219.5,9206.5,9208,1050.699,9679599.266
1593468000000,2020-06-29T22:00:00+00:00,9208,9233.5,9208,9224,986.03,9095615.625
1593468900000,2020-06-29T22:15:00+00:00,9224,9233,9190,9193.5,1042.38,9602853.7205
1593469800000,2020-06-29T22:30:00+00:00,9193.5,9212,9177.5,9190.5,976.752,8988150.992
1593470700000,2020-06-29T22:45:00+00:00,9190.5,9206.5,9183.5,9183.5,1032.095,9489513.804
1593471600000,2020-06-29T23:00:00+00:00,9183.5,9194.5,9166,9177.5,797.023,7319983.617
1593472500000,2020-06-29T23:15:00+00:00,9177.5,9187.5,9165,9179,582.128,5344260.092
1593473400000,2020-06-29T23:30:00+00:00,9179,9194.5,9179,9193,603.148,5541505.21
1593474300000,2020-06-29T23:45:00+00:00,9193,9194.5,9180,9185,617.873,5676142.6475
1593475200000,2020-06-30T00:00:00+00:00,9185,9202,9185,9187.5,1091.034,10033183.1725
1593476100000,2020-06-30T00:15:00+00:00,9187.5,9192.5,9171,9172,1215.482,11160273.392
1593477000000,2020-06-30T00:30:00+00:00,9172,9182,9166,9178.5,1215.582,11152010.525
1593477900000,2020-06-30T00:45:00+00:00,9178.5,9181.5,9169,9174,1235.157,11333795.6145
1593478800000,2020-06-30T01:00:00+00:00,9174,9181,9154,9161,850.005,7793599.7665
1593479700000,2020-06-30T01:15:00+00:00,9161,9170.5,9161,9165.5,597.058,5472740.9335
1593480600000,2020-06-30T01:30:00+00:00,9165.5,9205,9162.5,9186,718.959,6600963.497
1593481500000,2020-06-30T01:45:00+00:00,9186,9200,9182,9198,671.981,6176256.6755
1593482400000,2020-06-30T02:00:00+00:00,9198,9198.5,9175.5,9176.5,815.681,7493600.584
1593483300000,2020-06-30T02:15:00+00:00,9176.5,9180.5,9171.5,9175.5,1013.937,9303262.8275
1593484200000,2020-06-30T02:30:00+00:00,9175.5,9178,9173,9173.5,943.494,8657147.804
1593485100000,2020-06-30T02:45:00+00:00,9173.5,9184,9173.5,9180.5,992.188,9106516.3545
1593486000000,2020-06-30T03:00:00+00:00,9180.5,9181,9164,9165,785.688,7209396.339
1593486900000,2020-06-30T03:15:00+00:00,9165,9173.5,9163,9166,683.052,6262343.9365
1593487800000,2020-06-30T03:30:00+00:00,9166,9180.5,9165.5,9172,684.819,6282135.795
1593488700000,2020-06-30T03:45:00+00:00,9172,9175,9161.5,9162.5,751.469,6890983.5255
1593489600000,2020-06-30T04:00:00+00:00,9162.5,9176,9162,9171,866.776,7947211.7445
1593490500000,2020-06-30T04:15:00+00:00,9171,9177,9169,9175.5,857.244,7862281.2365
1593491400000,2020-06-30T04:30:00+00:00,9175.5,9178,9165,9165.5,849.784,7793194.635
1593492300000,2020-06-30T04:45:00+00:00,9165.5,9169,9155.5,9159,899.482,8243437.435
1593493200000,2020-06-30T05:00:00+00:00,9159,9165,9155,9157,716.052,6558790.509
1593494100000,2020-06-30T05:15:00+00:00,9157,9160.5,9135,9149,757.744,6932486.3995
1593495000000,2020-06-30T05:30:00+00:00,9149,9157.5,9139,9144.5,626.019,5725916.835
1593495900000,2020-06-30T05:45:00+00:00,9144.5,9151,9119.5,9129.5,723.482,6612513.5845
1593496800000,2020-06-30T06:00:00+00:00,9129.5,9142.5,9123,9139.5,817.346,7467783.818
1593497700000,2020-06-30T06:15:00+00:00,9139.5,9140,9113.5,9125.5,789.198,7200675.0975
1593498600000,2020-06-30T06:30:00+00:00,9125.5,9146.5,9120,9138.5,776.228,7091576.301
1593499500000,2020-06-30T06:45:00+00:00,9138.5,9151.5,9137,9148,773,7070213.7815
1593500400000,2020-06-30T07:00:00+00:00,9148,9156.5,9137,9138.5,661.648,6049350.7915
1593501300000,2020-06-30T07:15:00+00:00,9138.5,9146,9138.5,9143.5,504.566,4613266.3035
1593502200000,2020-06-30T07:30:00+00:00,9143.5,9144,9132,9132.5,466.456,4261967.3895
1593503100000,2020-06-30T07:45:00+00:00,9132.5,9144.5,9128,9144,471.308,4305910.2615
1593504000000,2020-06-30T08:00:00+00:00,9144,9145,9119.5,9122,1011.331,9232952.5715
1593504900000,2020-06-30T08:15:00+00:00,9122,9137,9121.5,9136,1165.533,10638951.2835
1593505800000,2020-06-30T08:30:00+00:00,9136,9146.5,9134,9138.5,1093.44,9992896.0675
1593506700000,2020-06-30T08:45:00+00:00,9138.5,9139,9128.5,9135,1108.4,10124662.428
1593507600000,2020-06-30T09:00:00+00:00,9135,9143,9132,9140,1204.779,11010221.412
1593508500000,2020-06-30T09:15:00+00:00,9140,9156.5,9139,9154,1252.708,11461975.375
1593509400000,2020-06-30T09:30:00+00:00,9154,9176,9151,9163,1358.327,12446273.8175
1593510300000,2020-06-30T09:45:00+00:00,9163,9171.5,9156,9156.5,1203.436,11028460.1455
1593511200000,2020-06-30T10:00:00+00:00,9156.5,9173,9154.5,9164.5,1387.657,12717811.5205
1593512100000,2020-06-30T10:15:00+00:00,9164.5,9165.5,9146,9149,1511.208,13837351.9935
1593513000000,2020-06-30T10:30:00+00:00,9149,9159,9145.5,9151,1433.983,13125433.13
1593513900000,2020-06-30T10:45:00+00:00,9151,9159.5,9146.5,9153.5,1434.357,13130776.6545
1593514800000,2020-06-30T11:00:00+00:00,9153.5,9154,9135.5,9144,1127.173,10303793.1105
1593515700000,2020-06-30T11:15:00+00:00,9144,9146.5,9135,9144,940.09,8593586.86
1593516600000,2020-06-30T11:30:00+00:00,9144,9160.5,9141.5,9159.5,950.671,8702111.2255
1593517500000,2020-06-30T11:45:00+00:00,9159.5,9161.5,9148.5,9149.5,894.898,8192083.4785
1593518400000,2020-06-30T12:00:00+00:00,9149.5,9149.5,9137.5,9142,1134.84,10376553.2355
1593519300000,2020-06-30T12:15:00+00:00,9142,9147.5,9140,9142.5,1169.904,10697013.3455
1593520200000,2020-06-30T12:30:00+00:00,9142.5,9143,9115,9122,1266.332,11554844.068
1593521100000,2020-06-30T12:45:00+00:00,9122,9132,9115.5,9125,1230.308,11226628.922
1593522000000,2020-06-30T13:00:00+00:00,9125,9125,9064,9079.5,1013.796,9224907.5505
1593522900000,2020-06-30T13:15:00+00:00,9079.5,9134,9073,9118,812.565,7397012.506
1593523800000,2020-06-30T13:30:00+00:00,9118,9158.5,9113,9136,738.282,6742222.5265
1593524700000,2020-06-30T13:45:00+00:00,9136,9144,9129,9130.5,554.244,5063404.8575
1593525600000,2020-06-30T14:00:00+00:00,9130.5,9148,9127,9142,1239.09,11327299.5705
1593526500000,2020-06-30T14:15:00+00:00,9142,9154,9135.5,9150.5,1463.015,13377597.703
1593527400000,2020-06-30T14:30:00+00:00,9150.5,9174,9148.5,9160,1605.426,14710695.973
1593528300000,2020-06-30T14:45:00+00:00,9160,9183,9151.5,9181,1582.302,14505809.6785
1593529200000,2020-06-30T15:00:00+00:00,9181,9183.5,9167,9168.5,1145.973,10514183.031
1593530100000,2020-06-30T15:15:00+00:00,9168.5,9188,9168.5,9176.5,905.797,8315557.6455
1593531000000,2020-06-30T15:30:00+00:00,9176.5,9177.5,9161.5,9164.5,913.222,8371488.001
1593531900000,2020-06-30T15:45:00+00:00,9164.5,9183,9159.5,9168.5,972.536,8914881.518
1593532800000,2020-06-30T16:00:00+00:00,9168.5,9173.5,9153,9166.5,944.843,8657693.226
1593533700000,2020-06-30T16:15:00+00:00,9166.5,9179,9165,9172,823.867,7557235.432
1593534600000,2020-06-30T16:30:00+00:00,9172,9174.5,9156.5,9157.5,867.149,7947322.9415
1593535500000,2020-06-30T16:45:00+00:00,9157.5,9177,9157,9175,851.975,7805884.2165
1593536400000,2020-06-30T17:00:00+00:00,9175,9175,9166.5,9169.5,1290.19,11831133.196
1593537300000,2020-06-30T17:15:00+00:00,9169.5,9173.5,9138,9145,1697.507,15538410.4325
1593538200000,2020-06-30T17:30:00+00:00,9145,9151,9125,9125,1552.409,14193677.6585
1593539100000,2020-06-30T17:45:00+00:00,9125,9148.5,9125,9148.5,1551.239,14180289.8955
1593540000000,2020-06-30T18:00:00+00:00,9148.5,9149,9136,9146.5,1286.718,11762500.3095
1593540900000,2020-06-30T18:15:00+00:00,9146.5,9150.5,9141.5,9148.5,1181.076,10801172.688
1593541800000,2020-06-30T18:30:00+00:00,9148.5,9153.5,9136,9147.5,1173.541,10730573.3235
1593542700000,2020-06-30T18:45:00+00:00,9147.5,9147.5,9129.5,9131,1128.825,10312986.8265
1593543600000,2020-06-30T19:00:00+00:00,9131,9133.5,9094.5,9118,890.507,8122096.495
1593544500000,2020-06-30T19:15:00+00:00,9118,9141,9115,9133,571.074,5214661.679
1593545400000,2020-06-30T19:30:00+00:00,9133,9145,9132.5,9141,548.934,5017914.668
1593546300000,2020-06-30T19:45:00+00:00,9141,9153,9135.5,9135.5,562.588,5144664.966
1593547200000,2020-06-30T20:00:00+00:00,9135.5,9155,9130,9151,606.001,5540807.7295
1593548100000,2020-06-30T20:15:00+00:00,9151,9157.5,9146,9152.5,632.347,5787416.4685
1593549000000,2020-06-30T20:30:00+00:00,9152.5,9156.5,9137,9140.5,600.553,5495117.99
1593549900000,2020-06-30T20:45:00+00:00,9140.5,9152,9137,9152,601.63,5501912.0905
1593550800000,2020-06-30T21:00:00+00:00,9152,9158.5,9151,9155,811.217,7426120.239
1593551700000,2020-06-30T21:15:00+00:00,9155,9164,9149,9161,925.073,8468420.3305
1593552600000,2020-06-30T21:30:00+00:00,9161,9162,9155,9158.5,912.094,8354049.4255
1593553500000,2020-06-30T21:45:00+00:00,9158.5,9169.5,9156.5,9157,895.526,8206642.9865
1593554400000,2020-06-30T22:00:00+00:00,9157,9160.5,9139.5,9145,919.876,8414699.2185
1593555300000,2020-06-30T22:15:00+00:00,9145,9149.5,9135,9139,939.852,8593753.057
1593556200000,2020-06-30T22:30:00+00:00,9139,9143,9127,9128,982.51,8975521.6305
1593557100000,2020-06-30T22:45:00+00:00,9128,9140,9126.5,9134.5,885.469,8086236.289
1593558000000,2020-06-30T23:00:00+00:00,9134.5,9157.5,9130.5,9152,1256.269,11492177.6345
1593558900000,2020-06-30T23:15:00+00:00,9152,9152,9145.5,9149.5,1346.655,12320942.489
1593559800000,2020-06-30T23:30:00+00:00,9149.5,9154.5,9141.5,9150.5,1364.844,12484551.656
1593560700000,2020-06-30T23:45:00+00:00,9150.5,9154.5,9133,9139,1297.976,11871190.3615
