timestamp_ms,datetime_utc,open,high,low,close,base_volume,quote_volume
1635724800000,2021-11-01T00:00:00+00:00,61309,61579,61141.5,61543,553.948,33988937.459
1635725700000,2021-11-01T00:15:00+00:00,61541,61686.5,61478,61517,521.234,32092462.933
1635726600000,2021-11-01T00:30:00+00:00,61517,61607,61380,61387.5,347.135,21345370.208
1635727500000,2021-11-01T00:45:00+00:00,61387.5,61579,61386,61575.5,408.652,25127224.3055
1635728400000,2021-11-01T01:00:00+00:00,61575.5,61742.5,61575.5,61740,705.449,43511698.5735
1635729300000,2021-11-01T01:15:00+00:00,61740,61753,61610,61645,786.369,48499055.873
1635730200000,2021-11-01T01:30:00+00:00,61645,61674.5,61368,61400.5,727.516,44756872.3625
1635731100000,2021-11-01T01:45:00+00:00,61400.5,61462.5,61272,61289.5,689.101,42313425.271
1635732000000,2021-11-01T02:00:00+00:00,61289.5,61422,61204.5,61232.5,412.402,25290553.623
1635732900000,2021-11-01T02:15:00+00:00,61232.5,61290,60000,60201,1815.044,109774734.7685
1635733800000,2021-11-01T02:30:00+00:00,60201,60629.5,59987.5,60329,1093.276,66010933.6785
1635734700000,2021-11-01T02:45:00+00:00,60329,60611,60307.5,60537,444.772,26891944.01
1635735600000,2021-11-01T03:00:00+00:00,60537,60616,60314,60338,638.565,38615938.4735
1635736500000,2021-11-01T03:15:00+00:00,60338,60411,60245,60381,476.845,28763252.5925
1635737400000,2021-11-01T03:30:00+00:00,60381,60425.5,60256,60305,464.086,28005426.4125
1635738300000,2021-11-01T03:45:00+00:00,60305,60306,59624.5,59893.5,1643.351,98698403.665
1635739200000,2021-11-01T04:00:00+00:00,59882.5,60270,59413.5,60220,1847.294,110584053.7515
1635740100000,2021-11-01T04:15:00+00:00,60220,60338,60128.5,60243.5,664.628,40042656.1325
1635741000000,2021-11-01T04:30:00+00:00,60243.5,60690.5,60243.5,60607.5,968.873,58672641.5975
1635741900000,2021-11-01T04:45:00+00:00,60607.5,60647,60444,60505.5,577.635,34977355.156
1635742800000,2021-11-01T05:00:00+00:00,60505.5,60842,60443,60701,735.94,44626434.625
1635743700000,2021-11-01T05:15:00+00:00,60701,60861.5,60626,60655,699.95,42502918.2985
1635744600000,2021-11-01T05:30:00+00:00,60655,60766,60649,60762.5,582.657,35367726.432
1635745500000,2021-11-01T05:45:00+00:00,60762.5,60770,60593,60625,583.081,35359907.132
1635746400000,2021-11-01T06:00:00+00:00,60625,60626,60391,60414.5,1169.147,70754604.206
1635747300000,2021-11-01T06:15:00+00:00,60414.5,60636.5,60293.5,60625,777.365,46973937.541
1635748200000,2021-11-01T06:30:00+00:00,60625,60950,60619,60839,920.457,55962056.226
1635749100000,2021-11-01T06:45:00+00:00,60839,60844.5,60667.5,60726,911.358,55362310.2145
1635750000000,2021-11-01T07:00:00+00:00,60726,62210.5,60726,62122.5,2971.06,182683761.6385
1635750900000,2021-11-01T07:15:00+00:00,62127.5,62374,61940.5,62081.5,2167.067,134665055.7025
1635751800000,2021-11-01T07:30:00+00:00,62081.5,62246.5,61961,62002,1015.223,63037119.362
1635752700000,2021-11-01T07:45:00+00:00,62002,62236.5,61978.5,62218.5,828.91,51508493.8375
1635753600000,2021-11-01T08:00:00+00:00,62218.5,62451,62101,62142.5,1718.205,106999879.2815
1635754500000,2021-11-01T08:15:00+00:00,62142.5,62261,62083.5,62083.5,801.732,49841530.6605
1635755400000,2021-11-01T08:30:00+00:00,62083.5,62215.5,61764,61848,1063.936,65991882.623
1635756300000,2021-11-01T08:45:00+00:00,61848,61949.5,61684,61935,981.364,60687653.771
1635757200000,2021-11-01T09:00:00+00:00,61935,62150.5,61850,62149.5,883.263,54812623.943
1635758100000,2021-11-01T09:15:00+00:00,62149.5,62192.5,61946.5,62080,653.062,40544162.0865
1635759000000,2021-11-01T09:30:00+00:00,62080,62261.5,61992.5,62177,806.782,50143392.9775
1635759900000,2021-11-01T09:45:00+00:00,62177,62194.5,61968.5,62003,651.148,40418643.239
1635760800000,2021-11-01T10:00:00+00:00,62003,62109.5,61999,62021,535.427,33233042.4185
1635761700000,2021-11-01T10:15:00+00:00,62021,62104.5,61931,62080.5,724.041,44900080.3705
1635762600000,2021-11-01T10:30:00+00:00,62080.5,62144,62027.5,62032.5,653.808,40601576.5655
1635763500000,2021-11-01T10:45:00+00:00,62032.5,62319.5,62002.5,62301.5,757.478,47094080.2445
1635764400000,2021-11-01T11:00:00+00:00,62299.5,62492.5,62150.5,62191.5,971.989,60568204.2745
1635765300000,2021-11-01T11:15:00+00:00,62191.5,62239,62070,62145,606.655,37703311.0695
1635766200000,2021-11-01T11:30:00+00:00,62145,62215,61827.5,61943,671.394,41657554.68
1635767100000,2021-11-01T11:45:00+00:00,61943,62096,61833,61847.5,594.625,36831311.889
1635768000000,2021-11-01T12:00:00+00:00,61847.5,62227.5,61841.5,62108,779.122,48343801.5925
1635768900000,2021-11-01T12:15:00+00:00,62108,62112,61778,61874.5,685.706,42473233.0315
1635769800000,2021-11-01T12:30:00+00:00,61874.5,61934.5,61801,61846.5,654.237,40482441.1675
1635770700000,2021-11-01T12:45:00+00:00,61846.5,62029.5,61665,61882.5,713.893,44172781.466
1635771600000,2021-11-01T13:00:00+00:00,61882.5,61941.5,61766.5,61848,396.993,24545977.463
1635772500000,2021-11-01T13:15:00+00:00,61848,61931,61749.5,61927.5,330.739,20447958.8335
1635773400000,2021-11-01T13:30:00+00:00,61927.5,62021,61827.5,61941.5,409.901,25390396.625
1635774300000,2021-11-01T13:45:00+00:00,61941.5,62080,61826.5,61978.5,441.861,27373571.096
1635775200000,2021-11-01T14:00:00+00:00,61978.5,62017.5,61766,61803,718.802,44448028.983
1635776100000,2021-11-01T14:15:00+00:00,61803,61914,61760,61779.5,633.46,39169006.3005
1635777000000,2021-11-01T14:30:00+00:00,61779.5,61807,61696,61723.5,549.826,33946484.171
1635777900000,2021-11-01T14:45:00+00:00,61723.5,61786.5,61332.5,61474,1207.574,74324594.582
1635778800000,2021-11-01T15:00:00+00:00,61474,61568.5,61421,61495.5,599.129,36846405.86
1635779700000,2021-11-01T15:15:00+00:00,61495.5,61631,61453.5,61500.5,501.625,30874133.281
1635780600000,2021-11-01T15:30:00+00:00,61508.5,61631.5,61488,61490,434.224,26730757.247
1635781500000,2021-11-01T15:45:00+00:00,61490,61615,61447,61571,366.806,22562812.4775
1635782400000,2021-11-01T16:00:00+00:00,61571,61576.5,61411.5,61449.5,363.902,22370783.705
1635783300000,2021-11-01T16:15:00+00:00,61449.5,61525.5,61317,61369.5,443.023,27220856.1845
1635784200000,2021-11-01T16:30:00+00:00,61369.5,61451.5,61068,61144,814.234,49830568.5705
1635785100000,2021-11-01T16:45:00+00:00,61144,61188,61050,61067.5,471.71,28830459.93
1635786000000,2021-11-01T17:00:00+00:00,61067.5,61098,60727,60790.5,899.159,54764113.9785
1635786900000,2021-11-01T17:15:00+00:00,60790.5,61039,60777,60841,806.612,49152286.0875
1635787800000,2021-11-01T17:30:00+00:00,60841,60940,60813,60824.5,723.458,44035187.955
1635788700000,2021-11-01T17:45:00+00:00,60824.5,60953.5,60730,60779,660.873,40200643.175
1635789600000,2021-11-01T18:00:00+00:00,60779,60818,60518,60802,822.934,49956418.445
1635790500000,2021-11-01T18:15:00+00:00,60802,60802,60564,60612.5,583.477,35363085.619
1635791400000,2021-11-01T18:30:00+00:00,60612.5,60783.5,60510,60770,616.665,37372565.564
1635792300000,2021-11-01T18:45:00+00:00,60770,60773,60523,60560.5,677.211,41043369.598
1635793200000,2021-11-01T19:00:00+00:00,60560.5,61156.5,60301.5,60942,1073.35,65323808.0955
1635794100000,2021-11-01T19:15:00+00:00,60942,61161.5,60915.5,61069.5,491.456,29992443.041
1635795000000,2021-11-01T19:30:00+00:00,61069.5,61069.5,60856.5,60869.5,384.607,23436696.281
1635795900000,2021-11-01T19:45:00+00:00,60869.5,61462.5,60851,61460,683.401,41751973.1475
1635796800000,2021-11-01T20:00:00+00:00,61460,61460,60965,61164,1019.531,62407935.4095
1635797700000,2021-11-01T20:15:00+00:00,61164,61185,60906,60913,598.274,36493728.1975
1635798600000,2021-11-01T20:30:00+00:00,60913,60914,60572,60705,940.599,57068272.124
1635799500000,2021-11-01T20:45:00+00:00,60705,60757,60552,60683,620.169,37632606.05
1635800400000,2021-11-01T21:00:00+00:00,60683,60683,60398,60502,547.069,33102295.986
1635801300000,2021-11-01T21:15:00+00:00,60502,60711.5,60495,60633,572.402,34714961.369
1635802200000,2021-11-01T21:30:00+00:00,60633,60732,60518,60697.5,476.786,28901641.932
1635803100000,2021-11-01T21:45:00+00:00,60697.5,60895,60695.5,60730.5,529.744,32210205.9245
1635804000000,2021-11-01T22:00:00+00:00,60730.5,60907,60698.5,60844,270.727,16469112.2885
1635804900000,2021-11-01T22:15:00+00:00,60844,61054,60796,60984.5,407.236,24816454.831
1635805800000,2021-11-01T22:30:00+00:00,60984.5,61155.5,60950,61152,365.285,22312855.3275
1635806700000,2021-11-01T22:45:00+00:00,61152,61158,61061.5,61088,331.59,20257097.5965
1635807600000,2021-11-01T23:00:00+00:00,61088,61184.5,61059,61136,452.204,27638352.1535
1635808500000,2021-11-01T23:15:00+00:00,61136,61136,61007,61020.5,334.127,20403800.244
1635809400000,2021-11-01T23:30:00+00:00,61020.5,61125,60972,61115.5,409.13,24973126.332
1635810300000,2021-11-01T23:45:00+00:00,61115.5,61135,60861,60893.5,448.067,27344415.4885
1635811200000,2021-11-02T00:00:00+00:00,60894,61288,60718.5,61241.5,897.664,54728518.688
1635812100000,2021-11-02T00:15:00+00:00,61241.5,61419,61189.5,61377.5,772.517,47380344.9455
1635813000000,2021-11-02T00:30:00+00:00,61377.5,61377.5,60639,60641,1266.445,77055437.0885
1635813900000,2021-11-02T00:45:00+00:00,60641,60946,60639,60946,483.521,29412563.2285
1635814800000,2021-11-02T01:00:00+00:00,60946,61036.5,60769,60970,508.202,30941336.992
1635815700000,2021-11-02T01:15:00+00:00,60970,61589,60918,61359,852.229,52284681.3225
1635816600000,2021-11-02T01:30:00+00:00,61361.5,61383,61168,61194,614.019,37617745.004
1635817500000,2021-11-02T01:45:00+00:00,61194.5,61377.5,61110,61346.5,752.381,46088041.2865
1635818400000,2021-11-02T02:00:00+00:00,61346.5,61440,61170,61195.5,889.097,54509136.687
1635819300000,2021-11-02T02:15:00+00:00,61195.5,61354,61064.5,61155,915.762,56048018.3075
1635820200000,2021-11-02T02:30:00+00:00,61155,61168.5,60935.5,60968,820.384,50099713.0645
1635821100000,2021-11-02T02:45:00+00:00,60968,61006,60848,60921,805.976,49097998.066
1635822000000,2021-11-02T03:00:00+00:00,60921.5,61034,60808.5,60892.5,461.196,28095773.031
1635822900000,2021-11-02T03:15:00+00:00,60892.5,61034,60780,61033,470.763,28680451.146
1635823800000,2021-11-02T03:30:00+00:00,61033,61069.5,60964,61028,328.766,20063292.9565
1635824700000,2021-11-02T03:45:00+00:00,61028,61151,61025,61086,402.085,24567226.928
1635825600000,2021-11-02T04:00:00+00:00,61086,61180,61074,61171.5,777.754,47549570.481
1635826500000,2021-11-02T04:15:00+00:00,61171.5,61435,61169,61373,909.511,55777624.2165
1635827400000,2021-11-02T04:30:00+00:00,61373,61523,61370.5,61461,943.878,58009225.047
1635828300000,2021-11-02T04:45:00+00:00,61461,61572,61385,61436,786.651,48343998.294
1635829200000,2021-11-02T05:00:00+00:00,61436,61481,61305.5,61354,454.22,27868685.556
1635830100000,2021-11-02T05:15:00+00:00,61354,61483.5,61323.5,61444.5,406.973,24984816.227
1635831000000,2021-11-02T05:30:00+00:00,61444.5,61777.5,61444.5,61706,857.601,52890067.674
1635831900000,2021-11-02T05:45:00+00:00,61706,61814,61649,61784.5,495.901,30604452.7505
1635832800000,2021-11-02T06:00:00+00:00,61784.5,61853,61589,61625.5,747.581,46122344.6455
1635833700000,2021-11-02T06:15:00+00:00,61625.5,61706.5,61596.5,61632,622.282,38359133.821
1635834600000,2021-11-02T06:30:00+00:00,61632,61801.5,61622,61653.5,624.195,38521839.687
1635835500000,2021-11-02T06:45:00+00:00,61653.5,61786.5,61632.5,61783.5,589.934,36406760.9105
1635836400000,2021-11-02T07:00:00+00:00,61783.5,61814,61658,61672,625.137,38590022.962
1635837300000,2021-11-02T07:15:00+00:00,61672,61828,61671,61694,553.478,34176409.8265
1635838200000,2021-11-02T07:30:00+00:00,61694,61704,61561,61607,432.427,26659929.173
1635839100000,2021-11-02T07:45:00+00:00,61607,61710.5,61520,61535.5,593.886,36582004.555
1635840000000,2021-11-02T08:00:00+00:00,61535.5,61618.5,61391,61454.5,530.177,32600055.3575
1635840900000,2021-11-02T08:15:00+00:00,61454.5,61644,61438,61438,460.859,28365743.148
1635841800000,2021-11-02T08:30:00+00:00,61438,61522.5,61430.5,61472,408.395,25108145.3315
1635842700000,2021-11-02T08:45:00+00:00,61472,61804.5,61457.5,61590,703.623,43414993.386
1635843600000,2021-11-02T09:00:00+00:00,61590,61615,61549,61563,384.695,23689692.8465
1635844500000,2021-11-02T09:15:00+00:00,61563,61745,61542.5,61691,554.555,34199290.85
1635845400000,2021-11-02T09:30:00+00:00,61691,62880,61663,62834,1863.096,116274788.706
1635846300000,2021-11-02T09:45:00+00:00,62834,63335,62789.5,63173,1930.514,121727452.5875
1635847200000,2021-11-02T10:00:00+00:00,63173,63617,63100,63353.5,1475.21,93476134.036
1635848100000,2021-11-02T10:15:00+00:00,63353.5,63700,63230,63395,1125.302,71410567.5665
1635849000000,2021-11-02T10:30:00+00:00,63389.5,63547,63123.5,63133.5,922.598,58418966.956
1635849900000,2021-11-02T10:45:00+00:00,63131.5,63294.5,63131.5,63290.5,761.31,48123384.248
1635850800000,2021-11-02T11:00:00+00:00,63290.5,63404,63171.5,63380.5,591.61,37446922.5355
1635851700000,2021-11-02T11:15:00+00:00,63380.5,63433,63296,63339,562.999,35665621.3825
1635852600000,2021-11-02T11:30:00+00:00,63339,63366.5,63186,63236,515.76,32644523.548
1635853500000,2021-11-02T11:45:00+00:00,63236,63255,62964,62996.5,589.375,37214624.0235
1635854400000,2021-11-02T12:00:00+00:00,62996.5,63357.5,62992.5,63240.5,603.103,38133694.8925
1635855300000,2021-11-02T12:15:00+00:00,63240.5,63315.5,63106.5,63160.5,439.565,27788929.121
1635856200000,2021-11-02T12:30:00+00:00,63160.5,63250.5,63149.5,63177,323.96,20474975.1745
1635857100000,2021-11-02T12:45:00+00:00,63177,63205,63062.5,63087.5,437.807,27643724.1365
1635858000000,2021-11-02T13:00:00+00:00,63087.5,63246,63086.5,63172,459.113,28994539.9375
1635858900000,2021-11-02T13:15:00+00:00,63172,63376,63163,63299,548.096,34679710.2455
1635859800000,2021-11-02T13:30:00+00:00,63299,63304,63164,63282,460.718,29130821.649
1635860700000,2021-11-02T13:45:00+00:00,63282,63534,63210,63438,772.587,48954249.5115
1635861600000,2021-11-02T14:00:00+00:00,63438,64086.5,63235.5,63287,2073.551,131801127.651
1635862500000,2021-11-02T14:15:00+00:00,63287,63438,63088,63422.5,1057.625,66960000.6845
1635863400000,2021-11-02T14:30:00+00:00,63422.5,63532.5,63337,63363.5,766.002,48584317.9035
1635864300000,2021-11-02T14:45:00+00:00,63363.5,63420.5,63279,63391.5,764.219,48424112.9515
1635865200000,2021-11-02T15:00:00+00:00,63391.5,63488,63379,63432,745.588,47294172.991
1635866100000,2021-11-02T15:15:00+00:00,63432,63636,63406.5,63473,741.719,47105874.752
1635867000000,2021-11-02T15:30:00+00:00,63473,64017,63373.5,63944,2014.384,128353906.651
1635867900000,2021-11-02T15:45:00+00:00,63944,64342,63939.5,64049,1546.86,99199778.113
1635868800000,2021-11-02T16:00:00+00:00,64049,64320,63795,63808,873.196,55931517.4405
1635869700000,2021-11-02T16:15:00+00:00,63808,63965,63685,63810.5,789.029,50374573.1
1635870600000,2021-11-02T16:30:00+00:00,63810.5,63937,63721,63774,416.372,26571353.532
1635871500000,2021-11-02T16:45:00+00:00,63774,63869.5,63710,63735,387.174,24704315.0555
1635872400000,2021-11-02T17:00:00+00:00,63735,63836.5,63650,63799.5,514.555,32806871.9255
1635873300000,2021-11-02T17:15:00+00:00,63799.5,63841.5,63632,63701,542.407,34566412.4175
1635874200000,2021-11-02T17:30:00+00:00,63701,63701,63562,63586.5,411.533,26179358.708
1635875100000,2021-11-02T17:45:00+00:00,63586.5,63625,63531,63556.5,392.16,24925194.065
1635876000000,2021-11-02T18:00:00+00:00,63556.5,63618.5,63441.5,63451.5,343.277,21808015.379
1635876900000,2021-11-02T18:15:00+00:00,63451.5,63501,63335.5,63467.5,435.062,27598348.3685
1635877800000,2021-11-02T18:30:00+00:00,63467.5,63544,63398,63436,386.711,24543373.5365
1635878700000,2021-11-02T18:45:00+00:00,63436,63462,63326,63337.5,366.049,23204070.7455
1635879600000,2021-11-02T19:00:00+00:00,63337.5,63506.5,63337.5,63394,546.037,34630988.541
1635880500000,2021-11-02T19:15:00+00:00,63394,63563.5,63343.5,63555.5,641.57,40696600.5385
1635881400000,2021-11-02T19:30:00+00:00,63555.5,63762.5,63474,63571,844.365,53725759.484
1635882300000,2021-11-02T19:45:00+00:00,63571,63710,63458.5,63655.5,597.418,37958399.3905
1635883200000,2021-11-02T20:00:00+00:00,63655.5,63659,63432.5,63462.5,363.798,23092437.5065
1635884100000,2021-11-02T20:15:00+00:00,63462.5,63462.5,63215,63253,449.335,28462410.732
1635885000000,2021-11-02T20:30:00+00:00,63253,63353.5,63177,63347.5,323.492,20450819.1205
1635885900000,2021-11-02T20:45:00+00:00,63347.5,63361,63168,63195.5,324.902,20537447.699
1635886800000,2021-11-02T21:00:00+00:00,63195.5,63209.5,63081.5,63083.5,451.5,28515666.32
1635887700000,2021-11-02T21:15:00+00:00,63082,63285.5,63007.5,63117,617.706,39011377.9605
1635888600000,2021-11-02T21:30:00+00:00,63117,63232,63111.5,63164.5,331.251,20922352.4
1635889500000,2021-11-02T21:45:00+00:00,63164.5,63177,63105,63105,372.762,23532694.28
1635890400000,2021-11-02T22:00:00+00:00,63105,63222,63001.5,63038.5,815.26,51406933.5195
1635891300000,2021-11-02T22:15:00+00:00,63038.5,63234,63000,63157.5,714.301,45075703.524
1635892200000,2021-11-02T22:30:00+00:00,63157.5,63214,63048,63065,591.982,37368387.7865
1635893100000,2021-11-02T22:45:00+00:00,63057.5,63074.5,62978.5,62991,583.398,36772546.024
1635894000000,2021-11-02T23:00:00+00:00,62991,63061.5,62772.5,62830,485.393,30532624.49
1635894900000,2021-11-02T23:15:00+00:00,62830,62832.5,62653.5,62768.5,589.089,36966150.554
1635895800000,2021-11-02T23:30:00+00:00,62768.5,63108.5,62754.5,63106.5,507.449,31929406.172
1635896700000,2021-11-02T23:45:00+00:00,63106.5,63267,63058.5,63240.5,629.805,39790759.444
1635897600000,2021-11-03T00:00:00+00:00,63240.5,63381.5,63135,63159,949.997,60093051.563
1635898500000,2021-11-03T00:15:00+00:00,63159,63189.5,62933.5,62989.5,797.272,50265351.4635
1635899400000,2021-11-03T00:30:00+00:00,62989.5,63184.5,62981,63055,767.287,48393760.8095
1635900300000,2021-11-03T00:45:00+00:00,63055,63561,63052.5,63532.5,971.461,61462866.5785
1635901200000,2021-11-03T01:00:00+00:00,63532.5,63532.5,63262,63402.5,579.179,36700753.8395
1635902100000,2021-11-03T01:15:00+00:00,63402.5,63405.5,63177.5,63214.5,485.11,30694425.626
1635903000000,2021-11-03T01:30:00+00:00,63214.5,63276,63195.5,63213,470.374,29742528.1965
1635903900000,2021-11-03T01:45:00+00:00,63213,63214,63042.5,63193,637.522,40261416.193
1635904800000,2021-11-03T02:00:00+00:00,63193,63193,62772.5,62904.5,1044.464,65744038.2775
1635905700000,2021-11-03T02:15:00+00:00,62904.5,62997.5,62878.5,62985,632.534,39819791.6955
1635906600000,2021-11-03T02:30:00+00:00,62985,63115.5,62969.5,63106.5,642.632,40502917.469
1635907500000,2021-11-03T02:45:00+00:00,63106.5,63254,63041.5,63188.5,794.884,50224346.3995
1635908400000,2021-11-03T03:00:00+00:00,63188.5,63188.5,63033.5,63039.5,492.857,31093085.33
1635909300000,2021-11-03T03:15:00+00:00,63039.5,63116.5,62971.5,63110.5,542.022,34166247.609
1635910200000,2021-11-03T03:30:00+00:00,63110.5,63243.5,62981,63100.5,630.474,39781595.3105
1635911100000,2021-11-03T03:45:00+00:00,63100.5,63258,63045.5,63232.5,550.429,34766905.2855
1635912000000,2021-11-03T04:00:00+00:00,63232.5,63232.5,63023.5,63029.5,430.674,27189059.448
1635912900000,2021-11-03T04:15:00+00:00,63029.5,63099.5,62884.5,62993.5,582.342,36676583.757
1635913800000,2021-11-03T04:30:00+00:00,62993.5,63006.5,62834,62855,540.154,33986852.458
1635914700000,2021-11-03T04:45:00+00:00,62855,62938.5,62744,62774.5,499.219,31378191.237
1635915600000,2021-11-03T05:00:00+00:00,62774.5,62958,62773,62953,583.751,36716962.1
1635916500000,2021-11-03T05:15:00+00:00,62953,63075.5,62894.5,62983,441.209,27790873.9165
1635917400000,2021-11-03T05:30:00+00:00,62983,63198,62944,63181.5,580.327,36624383.218
1635918300000,2021-11-03T05:45:00+00:00,63181.5,63191,63030.5,63041.5,492.427,31076056.205
1635919200000,2021-11-03T06:00:00+00:00,63041.5,63087.5,62850,62949,518.657,32638994.6175
1635920100000,2021-11-03T06:15:00+00:00,62949,63081.5,62948,62962,464.118,29235256.002
1635921000000,2021-11-03T06:30:00+00:00,62962,63122.5,62955,63087.5,373.069,23522351.023
1635921900000,2021-11-03T06:45:00+00:00,63087.5,63097,62836.5,62854.5,500.434,31493470.296
1635922800000,2021-11-03T07:00:00+00:00,62854.5,62982.5,62782,62929,368.831,23187150.609
1635923700000,2021-11-03T07:15:00+00:00,62929,63105.5,62904.5,63074,385.388,24285929.6845
1635924600000,2021-11-03T07:30:00+00:00,63074,63081,62940.5,62946,277.387,17478755.0495
1635925500000,2021-11-03T07:45:00+00:00,62946,63518.5,62941.5,63400,1081.056,68411845.2755
1635926400000,2021-11-03T08:00:00+00:00,63400,63406,63190.5,63248.5,776.875,49178627.563
1635927300000,2021-11-03T08:15:00+00:00,63248.5,63251.5,62921.5,63018.5,1083.711,68298562.809
1635928200000,2021-11-03T08:30:00+00:00,63018.5,63048,62937,63037,534.701,33687311.7875
1635929100000,2021-11-03T08:45:00+00:00,63037,63076,62911,62992.5,576.727,36340369.7535
1635930000000,2021-11-03T09:00:00+00:00,62992.5,63032.5,62895.5,62991.5,499.18,31435125.0485
1635930900000,2021-11-03T09:15:00+00:00,62991.5,63367.5,62981.5,63240.5,745.304,47068634.157
1635931800000,2021-11-03T09:30:00+00:00,63240.5,63298.5,63132,63158.5,483.809,30583141.222
1635932700000,2021-11-03T09:45:00+00:00,63158.5,63368,63104.5,63311.5,457.929,28948446.478
1635933600000,2021-11-03T10:00:00+00:00,63311.5,63426.5,63201,63394,404.912,25627427.6785
1635934500000,2021-11-03T10:15:00+00:00,63394,63394,63245.5,63253,417.646,26445060.069
1635935400000,2021-11-03T10:30:00+00:00,63253,63255.5,63134,63139,362.001,22871444.994
1635936300000,2021-11-03T10:45:00+00:00,63139,63213.5,63125,63146,305.36,19291147.0805
1635937200000,2021-11-03T11:00:00+00:00,63146,63219.5,62940,62942,606.311,38248231.3905
1635938100000,2021-11-03T11:15:00+00:00,62960.5,63103.5,62929,63072.5,429.065,27052780.8215
1635939000000,2021-11-03T11:30:00+00:00,63072.5,63190.5,63011.5,63124,293.357,18516073.5265
1635939900000,2021-11-03T11:45:00+00:00,63124,63168.5,63093,63137,330.572,20871359.4635
1635940800000,2021-11-03T12:00:00+00:00,63137,63152.5,62878.5,62893.5,680.5,42860357.665
1635941700000,2021-11-03T12:15:00+00:00,62893.5,63011.5,62683.5,62683.5,730.43,45927731.584
1635942600000,2021-11-03T12:30:00+00:00,62683.5,62852.5,62317.5,62551.5,1344.393,84195234.039
1635943500000,2021-11-03T12:45:00+00:00,62551.5,62571.5,62229.5,62480,979.179,61126277.492
1635944400000,2021-11-03T13:00:00+00:00,62480,62674,62382,62550.5,613.431,38379123.0235
1635945300000,2021-11-03T13:15:00+00:00,62550.5,62608,62336,62451.5,467.398,29188393.5905
1635946200000,2021-11-03T13:30:00+00:00,62451.5,62503,61965,62054,1150.404,71543404.0465
1635947100000,2021-11-03T13:45:00+00:00,62054,62099.5,61650,61827.5,1912.054,118281474.879
1635948000000,2021-11-03T14:00:00+00:00,61827.5,61983.5,61579.5,61978,1071.679,66195889.2895
1635948900000,2021-11-03T14:15:00+00:00,61978,62045.5,61888.5,61991.5,492.062,30498990.3815
1635949800000,2021-11-03T14:30:00+00:00,61991.5,62007,61780,61901.5,458.526,28377418.781
1635950700000,2021-11-03T14:45:00+00:00,61901.5,62097,61869.5,61960,435.93,27030795.1565
1635951600000,2021-11-03T15:00:00+00:00,61959,61960,61726,61862.5,411.978,25479139.9575
1635952500000,2021-11-03T15:15:00+00:00,61862.5,62062.5,61768,62057,458.147,28386472.963
1635953400000,2021-11-03T15:30:00+00:00,62057,62077,61900,62042,431.421,26742678.853
1635954300000,2021-11-03T15:45:00+00:00,62042,62193,61929.5,62170.5,531.731,33017442.253
1635955200000,2021-11-03T16:00:00+00:00,62170.5,62515,62151.5,62456.5,757.008,47174568.554
1635956100000,2021-11-03T16:15:00+00:00,62441,62463,62338,62347,574.149,35832327.1795
1635957000000,2021-11-03T16:30:00+00:00,62347,62388.5,62142.5,62250.5,567.127,35299242.741
1635957900000,2021-11-03T16:45:00+00:00,62250.5,62281.5,62000,62147,501.131,31134725.463
1635958800000,2021-11-03T17:00:00+00:00,62147,62260,62077.5,62194.5,567.136,35252299.0805
1635959700000,2021-11-03T17:15:00+00:00,62194.5,62685.5,62194.5,62654.5,755.247,47176565.1565
1635960600000,2021-11-03T17:30:00+00:00,62654.5,62655.5,62461,62493.5,660.172,41294021.71
1635961500000,2021-11-03T17:45:00+00:00,62493.5,62569,62302.5,62488.5,614.369,38343553.517
1635962400000,2021-11-03T18:00:00+00:00,62488.5,62757.5,60200,62540,3250.504,200224355.5115
1635963300000,2021-11-03T18:15:00+00:00,62542.5,62549,62180,62196,919.579,57387175.706
1635964200000,2021-11-03T18:30:00+00:00,62196,62843,62191.5,62843,797.679,49802162.374
1635965100000,2021-11-03T18:45:00+00:00,62843,63272,62842.5,63184.5,1091.692,68819446.351
1635966000000,2021-11-03T19:00:00+00:00,63184.5,63381.5,63104.5,63194,605.573,38301794.4555
1635966900000,2021-11-03T19:15:00+00:00,63194,63216,62846.5,63034,494.994,31229256.9555
1635967800000,2021-11-03T19:30:00+00:00,63034,63075,62897.5,62965.5,373.319,23508115.775
1635968700000,2021-11-03T19:45:00+00:00,62965.5,63002.5,62824,62825.5,457.631,28795726.4495
1635969600000,2021-11-03T20:00:00+00:00,62825.5,63044.5,62779,62901,458.444,28838975.564
1635970500000,2021-11-03T20:15:00+00:00,62901,62941,62789,62847,381.881,24003237.6505
1635971400000,2021-11-03T20:30:00+00:00,62847,62851.5,62745.5,62781,424.914,26681252.1495
1635972300000,2021-11-03T20:45:00+00:00,62781,62848,62736,62758.5,330.946,20779619.0365
1635973200000,2021-11-03T21:00:00+00:00,62758.5,62934.5,62758.5,62879.5,430.466,27055607.167
1635974100000,2021-11-03T21:15:00+00:00,62879.5,63025.5,62828,63020.5,497.97,31329684.834
1635975000000,2021-11-03T21:30:00+00:00,63020.5,63243,62965,63145,457.661,28878390.121
1635975900000,2021-11-03T21:45:00+00:00,63145,63220,62978.5,63142.5,468.209,29543388.123
1635976800000,2021-11-03T22:00:00+00:00,63147,63200,62912.5,62959,481.189,30342811.4515
1635977700000,2021-11-03T22:15:00+00:00,62959,63070,62819,62827,463.275,29143420.176
1635978600000,2021-11-03T22:30:00+00:00,62827,62918.5,62811,62825,610.357,38367899.9445
1635979500000,2021-11-03T22:45:00+00:00,62825,62925.5,62775,62815,548.916,34514958.9995
1635980400000,2021-11-03T23:00:00+00:00,62815,62912,62792,62816,550.302,34596327.844
1635981300000,2021-11-03T23:15:00+00:00,62816,62942,62805,62934.5,470.28,29569326.153
1635982200000,2021-11-03T23:30:00+00:00,62934.5,63112,62890,63024,606.015,38146838.162
1635983100000,2021-11-03T23:45:00+00:00,63024,63075.5,62916,62923,529.525,33364111.2755
1635984000000,2021-11-04T00:00:00+00:00,62923,63077.5,62863,63069,542.092,34129348.7995
1635984900000,2021-11-04T00:15:00+00:00,63069,63102.5,62968,63098.5,496.562,31308642.096
1635985800000,2021-11-04T00:30:00+00:00,63098.5,63116,62819.5,62842,586.514,36912807.2535
1635986700000,2021-11-04T00:45:00+00:00,62842,62885.5,62777.5,62864.5,540.784,33976290.967
1635987600000,2021-11-04T01:00:00+00:00,62864.5,62878.5,62524.5,62589,733.936,46021745.4115
1635988500000,2021-11-04T01:15:00+00:00,62589,62618,62475,62525,468.973,29336206.4495
1635989400000,2021-11-04T01:30:00+00:00,62525,62570.5,62441.5,62541.5,468.927,29314461.2675
1635990300000,2021-11-04T01:45:00+00:00,62541.5,62571,62301,62361.5,637.884,39824232.7715
1635991200000,2021-11-04T02:00:00+00:00,62361.5,62504,62206,62502.5,512.026,31955991.3935
1635992100000,2021-11-04T02:15:00+00:00,62502.5,62505,62404,62474,344.974,21547565.943
1635993000000,2021-11-04T02:30:00+00:00,62474,62514.5,62381,62461.5,303.855,18977783.947
1635993900000,2021-11-04T02:45:00+00:00,62461.5,62580.5,62455.5,62572,334.117,20886842.754
1635994800000,2021-11-04T03:00:00+00:00,62572,62614.5,62477,62491.5,252.142,15771748.019
1635995700000,2021-11-04T03:15:00+00:00,62491.5,62508,62314,62397.5,307.333,19171388.5665
1635996600000,2021-11-04T03:30:00+00:00,62397.5,62519,62374.5,62470.5,202.32,12636732.6555
1635997500000,2021-11-04T03:45:00+00:00,62470.5,62506,62366.5,62461.5,197.176,12315492.9765
1635998400000,2021-11-04T04:00:00+00:00,62461.5,62705,62429.5,62630.5,439.697,27526073.821
1635999300000,2021-11-04T04:15:00+00:00,62630.5,62726.5,62613,62632.5,375.514,23530547.0525
1636000200000,2021-11-04T04:30:00+00:00,62632.5,62844,62592.5,62683.5,450.212,28242625.3425
1636001100000,2021-11-04T04:45:00+00:00,62683.5,62796.5,62683.5,62703.5,299.614,18797978.1235
1636002000000,2021-11-04T05:00:00+00:00,62703.5,62757.5,62614,62663,397.832,24929616.1335
1636002900000,2021-11-04T05:15:00+00:00,62663,62685,62606,62614,393.044,24622191.5365
1636003800000,2021-11-04T05:30:00+00:00,62614,62618.5,62393,62401.5,576.247,36003548.8565
1636004700000,2021-11-04T05:45:00+00:00,62401.5,62455,62363,62407.5,398.827,24897073.222
1636005600000,2021-11-04T06:00:00+00:00,62407.5,62467,62378.5,62452,224.689,14024222.848
1636006500000,2021-11-04T06:15:00+00:00,62452,62545,62428,62523.5,250.714,15665359.4105
1636007400000,2021-11-04T06:30:00+00:00,62523.5,62662.5,62384.5,62402.5,401.574,25107248.438
1636008300000,2021-11-04T06:45:00+00:00,62402.5,62531,62380.5,62480.5,434.787,27162394.1255
1636009200000,2021-11-04T07:00:00+00:00,62480.5,62632.5,62413.5,62437,406.834,25442159.9525
1636010100000,2021-11-04T07:15:00+00:00,62437,62482,62293.5,62353.5,414.535,25853274.6745
1636011000000,2021-11-04T07:30:00+00:00,62353.5,62475.5,62180,62306.5,368.288,22962630.532
1636011900000,2021-11-04T07:45:00+00:00,62306.5,62310.5,61843.5,61854,782.455,48540252.0965
1636012800000,2021-11-04T08:00:00+00:00,61849.5,62013.5,61694,62012,890.185,55063696.129
1636013700000,2021-11-04T08:15:00+00:00,62012,62339,61944,62095.5,818.83,50877972.783
1636014600000,2021-11-04T08:30:00+00:00,62095.5,62096,61683,61796.5,877.41,54270966.281
1636015500000,2021-11-04T08:45:00+00:00,61796.5,61799,61570,61624.5,573.858,35392808.5755
1636016400000,2021-11-04T09:00:00+00:00,61624.5,61640,61327.5,61630.5,859.907,52878819.016
1636017300000,2021-11-04T09:15:00+00:00,61630.5,61720,61507,61658.5,446.147,27504005.489
1636018200000,2021-11-04T09:30:00+00:00,61658.5,61658.5,61461,61610,270.987,16677401.362
1636019100000,2021-11-04T09:45:00+00:00,61610,61844,61596,61792.5,427.827,26418038.117
1636020000000,2021-11-04T10:00:00+00:00,61792.5,61842,61708.5,61742.5,358.028,22111527.5125
1636020900000,2021-11-04T10:15:00+00:00,61742.5,61859,61675.5,61737,381.549,23559229.0055
1636021800000,2021-11-04T10:30:00+00:00,61737,61814,61622,61810,321.161,19827281.159
1636022700000,2021-11-04T10:45:00+00:00,61810,61989,61783,61920,556.284,34427868.192
1636023600000,2021-11-04T11:00:00+00:00,61920,61990,61848.5,61988,341.613,21143675.947
1636024500000,2021-11-04T11:15:00+00:00,61988,61988,61705,61765.5,404.267,25002557.5035
1636025400000,2021-11-04T11:30:00+00:00,61765.5,61795,61275,61319.5,1114.825,68525052.9685
1636026300000,2021-11-04T11:45:00+00:00,61319.5,61487.5,61296,61461.5,647.971,39798363.374
1636027200000,2021-11-04T12:00:00+00:00,61461.5,61645.5,61324,61604,732.396,45084459.127
1636028100000,2021-11-04T12:15:00+00:00,61604,61690,61565.5,61647.5,420.054,25880900.682
1636029000000,2021-11-04T12:30:00+00:00,61647.5,61701.5,61518,61685,342.682,21112130.158
1636029900000,2021-11-04T12:45:00+00:00,61685,61899,61638,61884.5,480.79,29693427.98
1636030800000,2021-11-04T13:00:00+00:00,61884.5,62008,61844.5,61941.5,709.482,43929342.461
1636031700000,2021-11-04T13:15:00+00:00,61941.5,61945,61688.5,61908.5,543.84,33610269.8155
1636032600000,2021-11-04T13:30:00+00:00,61908.5,61925,61580,61726,658.214,40644370.2015
1636033500000,2021-11-04T13:45:00+00:00,61726,62228.5,61642,62119.5,1019.322,63188772.6045
1636034400000,2021-11-04T14:00:00+00:00,62119.5,62376,62103,62359.5,948.396,59073550.1175
1636035300000,2021-11-04T14:15:00+00:00,62359.5,62359.5,61993.5,62006.5,747.926,46488906.3455
1636036200000,2021-11-04T14:30:00+00:00,62006.5,62107.5,61944,61959.5,532.053,33005564.8115
1636037100000,2021-11-04T14:45:00+00:00,61959.5,62008.5,61679.5,61773,752.114,46524505.8945
1636038000000,2021-11-04T15:00:00+00:00,61773,61835,61170,61196.5,1726.922,106086293.6505
1636038900000,2021-11-04T15:15:00+00:00,61196,61270,60796,61219,1651.269,100778448.871
1636039800000,2021-11-04T15:30:00+00:00,61219,61356,61091,61232.5,672.666,41201042.148
1636040700000,2021-11-04T15:45:00+00:00,61232.5,61248,60956,61065,559.38,34153878.2345
1636041600000,2021-11-04T16:00:00+00:00,61065,61315.5,60846,61266,886.483,54157734.345
1636042500000,2021-11-04T16:15:00+00:00,61266,61340.5,61077.5,61196,502.028,30728226.0305
1636043400000,2021-11-04T16:30:00+00:00,61196,61196,60900,61089,453.476,27671003.0345
1636044300000,2021-11-04T16:45:00+00:00,61089,61234,61081,61182.5,407.41,24926143.4
1636045200000,2021-11-04T17:00:00+00:00,61182.5,61270,61132,61142.5,409.98,25087748.3205
1636046100000,2021-11-04T17:15:00+00:00,61142.5,61195.5,60916,60932.5,451.81,27582466.292
1636047000000,2021-11-04T17:30:00+00:00,60932.5,61128,60749.5,60988,705.985,43052894.31
1636047900000,2021-11-04T17:45:00+00:00,60988,61071,60855,60877.5,416.487,25384294.535
1636048800000,2021-11-04T18:00:00+00:00,60877.5,61213.5,60734,61087.5,840.057,51177202.2965
1636049700000,2021-11-04T18:15:00+00:00,61087.5,61386.5,61076,61312.5,532.116,32579668.653
1636050600000,2021-11-04T18:30:00+00:00,61312.5,61315.5,61197,61202,408.075,24989574.346
1636051500000,2021-11-04T18:45:00+00:00,61202,61245.5,60731,60736,542.675,33120621.0325
1636052400000,2021-11-04T19:00:00+00:00,60737.5,60989,60684,60967,486.228,29593707.35
1636053300000,2021-11-04T19:15:00+00:00,60967,61148,60918.5,61068,401.445,24510672.5335
1636054200000,2021-11-04T19:30:00+00:00,61068,61249,61067,61181.5,312.7,19134729.676
1636055100000,2021-11-04T19:45:00+00:00,61181.5,61290,61153.5,61239,316.691,19386083.5405
1636056000000,2021-11-04T20:00:00+00:00,61239,61252,61086,61095.5,370.858,22666925.9995
1636056900000,2021-11-04T20:15:00+00:00,61095.5,61547,61095.5,61410.5,644.298,39540430.8895
1636057800000,2021-11-04T20:30:00+00:00,61410.5,61415.5,61245.5,61278,395.837,24274490.069
1636058700000,2021-11-04T20:45:00+00:00,61278,61364.5,61234,61324,372.423,22824404.4775
1636059600000,2021-11-04T21:00:00+00:00,61324,61406,61138.5,61169.5,206.539,12664479.7235
1636060500000,2021-11-04T21:15:00+00:00,61169.5,61392.5,61169.5,61389,263.184,16133049.124
1636061400000,2021-11-04T21:30:00+00:00,61389,61456.5,61320.5,61339.5,318.627,19564248.0595
1636062300000,2021-11-04T21:45:00+00:00,61339.5,61454,61325.5,61342.5,229.439,14082500.1075
1636063200000,2021-11-04T22:00:00+00:00,61342.5,61384.5,61010,61165,333.657,20418860.64
1636064100000,2021-11-04T22:15:00+00:00,61165,61300,61161,61290.5,317.13,19421445.4905
1636065000000,2021-11-04T22:30:00+00:00,61290.5,61362,61239,61266.5,142.189,8717702.6215
1636065900000,2021-11-04T22:45:00+00:00,61266.5,61276,61136,61158,286.959,17556560.108
1636066800000,2021-11-04T23:00:00+00:00,61158,61292.5,61097,61290.5,441.135,26996285.6715
1636067700000,2021-11-04T23:15:00+00:00,61290.5,61507,61285,61431,536.859,32970628.9225
1636068600000,2021-11-04T23:30:00+00:00,61431,61432,61258,61299,396.29,24317031.7155
1636069500000,2021-11-04T23:45:00+00:00,61299,61436,61279,61420,324.989,19942148.4045
1636070400000,2021-11-05T00:00:00+00:00,61420,61505,61324,61332,434.628,26703904.3595
1636071300000,2021-11-05T00:15:00+00:00,61332,61337,61080,61223,675.751,41345385.246
1636072200000,2021-11-05T00:30:00+00:00,61223,61276,61051,61069.5,414.602,25368741.896
1636073100000,2021-11-05T00:45:00+00:00,61069.5,61149,60825,60883,629.474,38402805.378
1636074000000,2021-11-05T01:00:00+00:00,60883,61269.5,60871,61268.5,540.076,32975252.1
1636074900000,2021-11-05T01:15:00+00:00,61268.5,61307,61109,61128,538.246,32951924.524
1636075800000,2021-11-05T01:30:00+00:00,61128,61438,61056,61438,669.925,41001540.204
1636076700000,2021-11-05T01:45:00+00:00,61438,61823.5,61421.5,61803.5,945.232,58183058.2055
1636077600000,2021-11-05T02:00:00+00:00,61803.5,61899.5,61731,61879.5,639.398,39527901.854
1636078500000,2021-11-05T02:15:00+00:00,61879.5,61909,61752,61819,531.244,32846719.6765
1636079400000,2021-11-05T02:30:00+00:00,61819,61819,61654,61687,445.577,27508512.7315
1636080300000,2021-11-05T02:45:00+00:00,61687,61728.5,61631,61632.5,406.054,25052022.8205
1636081200000,2021-11-05T03:00:00+00:00,61632.5,62162,61632.5,62154,748.24,46290573.146
1636082100000,2021-11-05T03:15:00+00:00,62155.5,62344,62037.5,62158,1134.587,70591274.2585
1636083000000,2021-11-05T03:30:00+00:00,62158,62178,62014.5,62023.5,625.87,38842230.7305
1636083900000,2021-11-05T03:45:00+00:00,62023.5,62305.5,62017.5,62204.5,614.832,38224095.7215
1636084800000,2021-11-05T04:00:00+00:00,62204.5,62309.5,62138.5,62167.5,652.921,40618985.638
1636085700000,2021-11-05T04:15:00+00:00,62167.5,62244,62108,62115.5,622.455,38683859.74
1636086600000,2021-11-05T04:30:00+00:00,62115.5,62269.5,62092.5,62263,608.802,37837862.5875
1636087500000,2021-11-05T04:45:00+00:00,62263,62263,62088.5,62098,641.38,39857560.337
1636088400000,2021-11-05T05:00:00+00:00,62098,62120.5,62024.5,62032.5,330.849,20531726.54
1636089300000,2021-11-05T05:15:00+00:00,62032.5,62131.5,62022.5,62082,363.428,22558714.9955
1636090200000,2021-11-05T05:30:00+00:00,62082,62111,61895.5,61975,765.451,47427172.4035
1636091100000,2021-11-05T05:45:00+00:00,61975,62199,61974,62199,643.334,39959943.1875
1636092000000,2021-11-05T06:00:00+00:00,62199,62538,62197,62383.5,1146.56,71556932.411
1636092900000,2021-11-05T06:15:00+00:00,62383.5,62606,62304,62451.5,809.375,50519692.5395
1636093800000,2021-11-05T06:30:00+00:00,62451.5,62489,62247.5,62283.5,697.742,43511048.404
1636094700000,2021-11-05T06:45:00+00:00,62283.5,62294.5,62148,62180.5,637.55,39676266.037
1636095600000,2021-11-05T07:00:00+00:00,62180.5,62293.5,62174.5,62293,499.983,31110828.394
1636096500000,2021-11-05T07:15:00+00:00,62293,62495.5,62226.5,62305.5,573.476,35739482.3725
1636097400000,2021-11-05T07:30:00+00:00,62305.5,62432,62268.5,62313,459.175,28630469.1585
1636098300000,2021-11-05T07:45:00+00:00,62313,62343.5,62122.5,62141,596.718,37122480.5765
1636099200000,2021-11-05T08:00:00+00:00,62141,62207,61948,62043,772.872,47976070.7425
1636100100000,2021-11-05T08:15:00+00:00,62043,62114.5,62025.5,62036,585.168,36317202.191
1636101000000,2021-11-05T08:30:00+00:00,62036,62136,62031.5,62096,481.653,29896848.7675
1636101900000,2021-11-05T08:45:00+00:00,62096,62241.5,62065,62223.5,539.931,33560213.202
1636102800000,2021-11-05T09:00:00+00:00,62223.5,62266,61938.5,62131,624.333,38757521.2595
1636103700000,2021-11-05T09:15:00+00:00,62131,62137.5,61897.5,61899.5,534.304,33131645.998
1636104600000,2021-11-05T09:30:00+00:00,61900.5,61931.5,61688,61747.5,903.401,55827727.3355
1636105500000,2021-11-05T09:45:00+00:00,61747.5,61794.5,61546,61733,790.562,48767489.58
1636106400000,2021-11-05T10:00:00+00:00,61733,61797.5,61603.5,61667.5,394.305,24332128.814
1636107300000,2021-11-05T10:15:00+00:00,61667.5,61785,61638,61690,454.03,28018033.9295
1636108200000,2021-11-05T10:30:00+00:00,61690,61714.5,61474,61544.5,616.121,37931889.6305
1636109100000,2021-11-05T10:45:00+00:00,61544.5,61627.5,61482,61587.5,463.604,28533312.73
1636110000000,2021-11-05T11:00:00+00:00,61587.5,61675,61290,61489,758.598,46655792.2605
1636110900000,2021-11-05T11:15:00+00:00,61489,61515,61255,61495.5,602.093,36974179.641
1636111800000,2021-11-05T11:30:00+00:00,61495.5,61822,61495.5,61524,862.753,53202249.868
1636112700000,2021-11-05T11:45:00+00:00,61524,61616,61201,61265.5,762.425,46771768.3875
1636113600000,2021-11-05T12:00:00+00:00,61265.5,61503.5,61206,61428.5,714.939,43866262.869
1636114500000,2021-11-05T12:15:00+00:00,61426,61451.5,61325,61333.5,630.463,38701295.0535
1636115400000,2021-11-05T12:30:00+00:00,61333.5,61490.5,61171,61335,667.216,40938782.089
1636116300000,2021-11-05T12:45:00+00:00,61335,61566.5,61249,61512,628.153,38628973.8525
1636117200000,2021-11-05T13:00:00+00:00,61512,61582,61452,61575.5,586.812,36109121.711
1636118100000,2021-11-05T13:15:00+00:00,61575.5,61629,61492,61522.5,621.986,38285450.9065
1636119000000,2021-11-05T13:30:00+00:00,61522.5,61951,61491,61751,1247.117,77059410.1835
1636119900000,2021-11-05T13:45:00+00:00,61751,61862,61625,61796.5,638.731,39435633.4145
1636120800000,2021-11-05T14:00:00+00:00,61796.5,61876,61627.5,61630,555.961,34324038.5055
1636121700000,2021-11-05T14:15:00+00:00,61630,61704.5,61575,61588.5,707.451,43608571.6825
1636122600000,2021-11-05T14:30:00+00:00,61588.5,61656,61356,61356,688.794,42360653.274
1636123500000,2021-11-05T14:45:00+00:00,61356,61524.5,61225.5,61275.5,704.122,43204682.5785
1636124400000,2021-11-05T15:00:00+00:00,61275.5,61331.5,60850,60975,1386.688,84691294.0405
1636125300000,2021-11-05T15:15:00+00:00,60975,61096,60851,61047.5,656.137,40008054.5715
1636126200000,2021-11-05T15:30:00+00:00,61047.5,61145,60767,60781,803.998,49022907.4285
1636127100000,2021-11-05T15:45:00+00:00,60781,60949.5,60763.5,60797,647.638,39409950.9195
1636128000000,2021-11-05T16:00:00+00:00,60797,60932,60760.5,60878.5,443.439,26980508.7715
1636128900000,2021-11-05T16:15:00+00:00,60878.5,61040.5,60832,60936,408.085,24871555.052
1636129800000,2021-11-05T16:30:00+00:00,60936,60974,60867,60868,295.335,17988164.2515
1636130700000,2021-11-05T16:45:00+00:00,60868,61004,60827,60902,419.173,25534209.876
1636131600000,2021-11-05T17:00:00+00:00,60902,60971.5,60824,60903,543.561,33104493.321
1636132500000,2021-11-05T17:15:00+00:00,60903,60952,60816,60816,623.46,37952203.7805
1636133400000,2021-11-05T17:30:00+00:00,60816,61111,60795,60958.5,783.39,47773321.286
1636134300000,2021-11-05T17:45:00+00:00,60958.5,61044,60897,61003,625.423,38126880.6025
1636135200000,2021-11-05T18:00:00+00:00,61003,61109,60927,61013.5,648.002,39551362.9135
1636136100000,2021-11-05T18:15:00+00:00,61013.5,61329.5,60969.5,61260.5,588.162,35974530.397
1636137000000,2021-11-05T18:30:00+00:00,61260.5,61261,61092.5,61132,636.166,38893348.231
1636137900000,2021-11-05T18:45:00+00:00,61132,61439,61105.5,61226,621.796,38069996.777
1636138800000,2021-11-05T19:00:00+00:00,61226,61227.5,61068,61184,526.147,32162352.273
1636139700000,2021-11-05T19:15:00+00:00,61184,61213,61077,61094.5,512.833,31356894.8735
1636140600000,2021-11-05T19:30:00+00:00,61094.5,61127,60965,60970.5,677.762,41361772.8955
1636141500000,2021-11-05T19:45:00+00:00,60970.5,61152.5,60846.5,61117.5,707.086,43139988.816
1636142400000,2021-11-05T20:00:00+00:00,61117.5,61125,60861.5,60868.5,367.67,22401774.1635
1636143300000,2021-11-05T20:15:00+00:00,60868.5,60931,60822,60823.5,366.797,22328322.8775
1636144200000,2021-11-05T20:30:00+00:00,60823.5,60911.5,60744,60876,485.613,29537241.7465
1636145100000,2021-11-05T20:45:00+00:00,60876,61029.5,60831.5,60959,331.748,20214918.7665
1636146000000,2021-11-05T21:00:00+00:00,60959,61219.5,60935.5,61184.5,379.777,23185033.7045
1636146900000,2021-11-05T21:15:00+00:00,61184.5,61210,61050,61197.5,325.13,19873919.769
1636147800000,2021-11-05T21:30:00+00:00,61197.5,61199.5,61046,61091.5,294.338,17997800.66
1636148700000,2021-11-05T21:45:00+00:00,61091.5,61154,60993,61085.5,343.818,20996293.093
1636149600000,2021-11-05T22:00:00+00:00,61085.5,61216.5,61010.5,61216.5,498.266,30468932.657
1636150500000,2021-11-05T22:15:00+00:00,61216.5,61347,61149,61158.5,481.892,29521294.098
1636151400000,2021-11-05T22:30:00+00:00,61158.5,61162.5,61042,61077,437.41,26722748.5385
1636152300000,2021-11-05T22:45:00+00:00,61077,61143,61064.5,61086.5,562.08,34349701.449
1636153200000,2021-11-05T23:00:00+00:00,61086.5,61105,60854,60917.5,611.89,37293103.775
1636154100000,2021-11-05T23:15:00+00:00,60917.5,61028.5,60856,60870.5,479.538,29230553.58
1636155000000,2021-11-05T23:30:00+00:00,60870.5,61016.5,60819,61012,492.404,30009717.529
1636155900000,2021-11-05T23:45:00+00:00,61012,61067,60959,60964,500.413,30533967.42
1636156800000,2021-11-06T00:00:00+00:00,60964,61091.5,60825,60974.5,917.999,55935308.572
1636157700000,2021-11-06T00:15:00+00:00,60974.5,61176.5,60929,61153,756.64,46224338.2465
1636158600000,2021-11-06T00:30:00+00:00,61153,61155.5,61060,61117.5,554.701,33892665.447
1636159500000,2021-11-06T00:45:00+00:00,61117.5,61304.5,61085,61201,613.565,37569560.971
1636160400000,2021-11-06T01:00:00+00:00,61201,61305.5,61098,61102,687.197,42083025.6295
1636161300000,2021-11-06T01:15:00+00:00,61102,61117.5,60991,61114,689.039,42075769.177
1636162200000,2021-11-06T01:30:00+00:00,61114,61271.5,61110,61227,499.056,30533119.032
1636163100000,2021-11-06T01:45:00+00:00,61227,61228,61146,61204,554.926,33956337.1035
1636164000000,2021-11-06T02:00:00+00:00,61204,61250,61011,61034.5,443.533,27108438.733
1636164900000,2021-11-06T02:15:00+00:00,61034.5,61084.5,60968,60990,458.921,28012344.986
1636165800000,2021-11-06T02:30:00+00:00,60990,60990,60915,60917,524.057,31946775.558
1636166700000,2021-11-06T02:45:00+00:00,60917,60999,60913,60983,486.188,29632726.526
1636167600000,2021-11-06T03:00:00+00:00,60983,61043.5,60951,61041,298.942,18232355.0955
1636168500000,2021-11-06T03:15:00+00:00,61041,61147.5,61015,61144,367.778,22463883.225
1636169400000,2021-11-06T03:30:00+00:00,61144,61159.5,60977.5,61027.5,323.331,19742520.1615
1636170300000,2021-11-06T03:45:00+00:00,61027.5,61154.5,61027.5,61132.5,335.034,20472019.6975
1636171200000,2021-11-06T04:00:00+00:00,61132.5,61163.5,61042,61073,359.051,21936373.246
1636172100000,2021-11-06T04:15:00+00:00,61073,61273.5,60995,61248,507.42,31033305.7835
1636173000000,2021-11-06T04:30:00+00:00,61248,61294,61190,61226,395.879,24241596.8525
1636173900000,2021-11-06T04:45:00+00:00,61226,61275,61184,61214,295.154,18071582.8105
1636174800000,2021-11-06T05:00:00+00:00,61214,61310.5,61213.5,61306.5,358.501,21964909.3035
1636175700000,2021-11-06T05:15:00+00:00,61306.5,61308.5,61235,61301,355.869,21804384.584
1636176600000,2021-11-06T05:30:00+00:00,61301,61501,61298,61420.5,628.226,38573314.6635
1636177500000,2021-11-06T05:45:00+00:00,61420.5,61497,61352,61433,350.591,21535269.557
1636178400000,2021-11-06T06:00:00+00:00,61436,61566.5,61361,61390,566.642,34829131.1025
1636179300000,2021-11-06T06:15:00+00:00,61390,61435,61276.5,61315.5,612.889,37595932.6905
1636180200000,2021-11-06T06:30:00+00:00,61315.5,61342.5,61244,61255,485.952,29785457.5445
1636181100000,2021-11-06T06:45:00+00:00,61255,61283.5,61181.5,61278,537.987,32939400.478
1636182000000,2021-11-06T07:00:00+00:00,61278,61302,61012,61019.5,544.53,33320239.7865
1636182900000,2021-11-06T07:15:00+00:00,61019.5,61097.5,60506,60606,1672.969,101687518.295
1636183800000,2021-11-06T07:30:00+00:00,60606,60782,60513.5,60723,642.592,38995888.3415
1636184700000,2021-11-06T07:45:00+00:00,60723,60834,60713,60784.5,515.935,31359352.0455
1636185600000,2021-11-06T08:00:00+00:00,60784.5,61332,60733,61141,912.295,55704748.3595
1636186500000,2021-11-06T08:15:00+00:00,61141,61377.5,60932,60984,803.7,49148983.829
1636187400000,2021-11-06T08:30:00+00:00,60984,61120.5,60970,60979,390.144,23813834.281
1636188300000,2021-11-06T08:45:00+00:00,60979,61049,60930,61027.5,283.642,17300296.0165
1636189200000,2021-11-06T09:00:00+00:00,61027.5,61112.5,60864,61082.5,272.183,16602272.945
1636190100000,2021-11-06T09:15:00+00:00,61082.5,61183,61082.5,61122,328.425,20078763.6225
1636191000000,2021-11-06T09:30:00+00:00,61122,61169,61055,61079.5,240.162,14675767.541
1636191900000,2021-11-06T09:45:00+00:00,61079.5,61089.5,60924.5,60952,230.389,14061821.3095
1636192800000,2021-11-06T10:00:00+00:00,60952,61025,60904,61010.5,312.458,19055248.409
1636193700000,2021-11-06T10:15:00+00:00,61010.5,61030,60800,60850,360.831,21984289.629
1636194600000,2021-11-06T10:30:00+00:00,60850.5,60963.5,60636,60660,426.747,25942661.782
1636195500000,2021-11-06T10:45:00+00:00,60660,60701.5,60477,60521,728.858,44154178.7675
1636196400000,2021-11-06T11:00:00+00:00,60520,60520,60117.5,60372,1560.218,94069838.904
1636197300000,2021-11-06T11:15:00+00:00,60373.5,60615,60373.5,60521,729.742,44151182.0255
1636198200000,2021-11-06T11:30:00+00:00,60521,60633,60322.5,60333.5,722.74,43737465.505
1636199100000,2021-11-06T11:45:00+00:00,60333.5,60431,60260,60349,484.291,29224474.2525
1636200000000,2021-11-06T12:00:00+00:00,60349,60461.5,60182,60216,577.35,34809139.0285
1636200900000,2021-11-06T12:15:00+00:00,60216,60597.5,60078,60507.5,1114.928,67265173.0465
1636201800000,2021-11-06T12:30:00+00:00,60507.5,60606.5,60382,60446,638.18,38598222.533
1636202700000,2021-11-06T12:45:00+00:00,60446,60448.5,60219,60280.5,556.67,33565157.316
1636203600000,2021-11-06T13:00:00+00:00,60280.5,60526,60247,60526,566.735,34213978.5445
1636204500000,2021-11-06T13:15:00+00:00,60526,60658,60401,60508,593.957,35946146.458
1636205400000,2021-11-06T13:30:00+00:00,60508,60549.5,60372,60549.5,456.311,27584683.5845
1636206300000,2021-11-06T13:45:00+00:00,60547.5,60571.5,60452,60553,391.102,23668319.913
1636207200000,2021-11-06T14:00:00+00:00,60553,60676.5,60314.5,60339,569.625,34458629.9895
1636208100000,2021-11-06T14:15:00+00:00,60339,60494,60337,60442.5,507.345,30647867.2755
1636209000000,2021-11-06T14:30:00+00:00,60442.5,60753,60403,60621.5,892.717,54107427.437
1636209900000,2021-11-06T14:45:00+00:00,60621.5,60733,60597,60605,762.312,46241006.742
1636210800000,2021-11-06T15:00:00+00:00,60605,60737.5,60582,60690.5,614.163,37245119.323
1636211700000,2021-11-06T15:15:00+00:00,60690.5,60760.5,60608,60614,534.889,32464500.2285
1636212600000,2021-11-06T15:30:00+00:00,60614,60733,60584,60731.5,467.522,28351400.1775
1636213500000,2021-11-06T15:45:00+00:00,60731.5,60760.5,60652.5,60657.5,460.88,27981096.5415
1636214400000,2021-11-06T16:00:00+00:00,60657.5,60855.5,60599,60764,700.816,42566891.7775
1636215300000,2021-11-06T16:15:00+00:00,60764,60782,60536,60601,528.585,32048494.2185
1636216200000,2021-11-06T16:30:00+00:00,60601,60672,60431,60489,646.323,39135043.0915
1636217100000,2021-11-06T16:45:00+00:00,60489,60638.5,60489,60623,404.323,24490281.0035
1636218000000,2021-11-06T17:00:00+00:00,60623,60777,60611,60756,399.54,24235253.618
1636218900000,2021-11-06T17:15:00+00:00,60772.5,60882,60665,60677,485.512,29488310.127
1636219800000,2021-11-06T17:30:00+00:00,60677,60698.5,60625.5,60636,271.194,16449454.7085
1636220700000,2021-11-06T17:45:00+00:00,60636,60748,60628,60705,255.973,15534021.9455
1636221600000,2021-11-06T18:00:00+00:00,60705,60813,60679,60797.5,226.282,13748318.792
1636222500000,2021-11-06T18:15:00+00:00,60797.5,60855.5,60676.5,60747.5,221.957,13485451.8855
1636223400000,2021-11-06T18:30:00+00:00,60747.5,60848,60733,60806,203.413,12366301.775
1636224300000,2021-11-06T18:45:00+00:00,60806,60806,60690.5,60756,192.232,11675278.346
1636225200000,2021-11-06T19:00:00+00:00,60756,60936.5,60745.5,60782.5,225.588,13722791.6665
1636226100000,2021-11-06T19:15:00+00:00,60782.5,60877,60760,60868.5,239.302,14552743.9925
1636227000000,2021-11-06T19:30:00+00:00,60868.5,61014,60808,61011.5,300.825,18316375.4965
1636227900000,2021-11-06T19:45:00+00:00,61011.5,61193.5,60970,61170,334.853,20465355.212
1636228800000,2021-11-06T20:00:00+00:00,61170,61266,61098,61205,500.641,30635431.358
1636229700000,2021-11-06T20:15:00+00:00,61205,61361,61099.5,61265.5,356.528,21828130.726
1636230600000,2021-11-06T20:30:00+00:00,61265.5,61422,61139,61209.5,421.924,25841088.636
1636231500000,2021-11-06T20:45:00+00:00,61209.5,61214,61120,61143,313.659,19184220.1155
1636232400000,2021-11-06T21:00:00+00:00,61143,61302.5,61135.5,61273,415.433,25438140.1245
1636233300000,2021-11-06T21:15:00+00:00,61273,61441.5,61263.5,61429.5,452.184,27739179.4915
1636234200000,2021-11-06T21:30:00+00:00,61429.5,61436,61338.5,61391.5,407.028,24975472.4165
1636235100000,2021-11-06T21:45:00+00:00,61391.5,61486,61376.5,61390,429.816,26401960.5775
1636236000000,2021-11-06T22:00:00+00:00,61390,61497,61361.5,61477.5,348.147,21396295.3045
1636236900000,2021-11-06T22:15:00+00:00,61477.5,61478,61324,61328,374.224,22971076.109
1636237800000,2021-11-06T22:30:00+00:00,61328,61415,61328,61400,319.798,19630543.934
1636238700000,2021-11-06T22:45:00+00:00,61400,61407,61335,61365.5,318.88,19569500.7975
1636239600000,2021-11-06T23:00:00+00:00,61365.5,61398.5,61261,61298,500.607,30707876.0105
1636240500000,2021-11-06T23:15:00+00:00,61298,61409,61297.5,61403,353.388,21688080.743
1636241400000,2021-11-06T23:30:00+00:00,61403,61409,61329.5,61355,397.918,24423460.094
1636242300000,2021-11-06T23:45:00+00:00,61355,61477.5,61343,61468,454.68,27928779.7335
1636243200000,2021-11-07T00:00:00+00:00,61468,61536,61422,61533.5,334.065,20534609.844
1636244100000,2021-11-07T00:15:00+00:00,61533.5,61543.5,61340,61340,300.236,18447386.857
1636245000000,2021-11-07T00:30:00+00:00,61340,61437.5,61340,61433.5,411.86,25288076.918
1636245900000,2021-11-07T00:45:00+00:00,61433.5,61952,61432,61952,946.269,58419831.457
1636246800000,2021-11-07T01:00:00+00:00,61933.5,62366,61933.5,62165.5,1597.073,99337440.957
1636247700000,2021-11-07T01:15:00+00:00,62167,62289.5,62106,62106.5,526.878,32779031.607
1636248600000,2021-11-07T01:30:00+00:00,62106.5,62154.5,61906.5,61919,631.741,39164287.413
1636249500000,2021-11-07T01:45:00+00:00,61919,61970.5,61811,61890,510.125,31571615.0185
1636250400000,2021-11-07T02:00:00+00:00,61890,61955,61813,61823.5,465.022,28780380.864
1636251300000,2021-11-07T02:15:00+00:00,61823.5,61886,61794.5,61857.5,377.46,23345483.072
1636252200000,2021-11-07T02:30:00+00:00,61857.5,61975,61857.5,61960,418.374,25918365.329
1636253100000,2021-11-07T02:45:00+00:00,61960,62171.5,61951.5,61956,595.157,36925217.5335
1636254000000,2021-11-07T03:00:00+00:00,61956,62070,61955.5,62005,314.376,19498593.205
1636254900000,2021-11-07T03:15:00+00:00,62005,62007.5,61947.5,61969,363.023,22494951.0215
1636255800000,2021-11-07T03:30:00+00:00,61969,62161.5,61964.5,62144.5,411.388,25543999.126
1636256700000,2021-11-07T03:45:00+00:00,62144.5,62224,62107.5,62171.5,372.134,23133445.2825
1636257600000,2021-11-07T04:00:00+00:00,62171.5,62329.5,62168.5,62181.5,525.505,32722479.56
1636258500000,2021-11-07T04:15:00+00:00,62181.5,62213,62130,62147.5,409.05,25430033.3695
1636259400000,2021-11-07T04:30:00+00:00,62147.5,62292.5,62118.5,62222.5,406.191,25266327.661
1636260300000,2021-11-07T04:45:00+00:00,62222.5,62246.5,62171.5,62203,314.651,19574375.9705
1636261200000,2021-11-07T05:00:00+00:00,62203,62210,62073.5,62087.5,320.799,19929569.191
1636262100000,2021-11-07T05:15:00+00:00,62087.5,62139,61987,61988.5,352.373,21873738.387
1636263000000,2021-11-07T05:30:00+00:00,61988.5,62092,61945,62051,354.026,21958594.175
1636263900000,2021-11-07T05:45:00+00:00,62051,62075.5,61935.5,61956.5,325.504,20175802.181
1636264800000,2021-11-07T06:00:00+00:00,61956.5,62063,61956.5,62022,387.222,24014239.91
1636265700000,2021-11-07T06:15:00+00:00,62022,62070,62021.5,62070,322.008,19976844.2755
1636266600000,2021-11-07T06:30:00+00:00,62070,62106,61855.5,61906.5,451.46,27976191.04
1636267500000,2021-11-07T06:45:00+00:00,61906.5,61946.5,61780.5,61852,580.709,35917991.0185
1636268400000,2021-11-07T07:00:00+00:00,61852,61897.5,61743,61773.5,437.771,27068527.285
1636269300000,2021-11-07T07:15:00+00:00,61773,61889.5,61772.5,61871,352.523,21806360.9225
1636270200000,2021-11-07T07:30:00+00:00,61871,61971,61809,61962,315.423,19521011.1705
1636271100000,2021-11-07T07:45:00+00:00,61962,61976,61719.5,61784.5,466.034,28794628.3475
1636272000000,2021-11-07T08:00:00+00:00,61784.5,61854.5,61735.5,61789,450.132,27814975.538
1636272900000,2021-11-07T08:15:00+00:00,61789,61837,61620,61664,491.073,30300315.5295
1636273800000,2021-11-07T08:30:00+00:00,61664,61695.5,61659.5,61671.5,363.501,22421243.616
1636274700000,2021-11-07T08:45:00+00:00,61671.5,61787,61648,61712,498.669,30776819.801
1636275600000,2021-11-07T09:00:00+00:00,61712,61735.5,61488,61560,830.019,51108678.8875
1636276500000,2021-11-07T09:15:00+00:00,61560,61620.5,61538.5,61559.5,581.546,35811944.6815
1636277400000,2021-11-07T09:30:00+00:00,61559.5,61725,61524,61690.5,761.955,46965016.2305
1636278300000,2021-11-07T09:45:00+00:00,61690.5,62041.5,61690,61975,939.681,58194947.023
1636279200000,2021-11-07T10:00:00+00:00,61975,62379.5,61972.5,62164.5,1265.351,78710273.889
1636280100000,2021-11-07T10:15:00+00:00,62164.5,62311,62115.5,62141.5,634.043,39438901.819
1636281000000,2021-11-07T10:30:00+00:00,62141.5,62159,61870.5,61880.5,619.324,38411941.0775
1636281900000,2021-11-07T10:45:00+00:00,61880.5,61978,61797.5,61929,591.817,36626619.7345
1636282800000,2021-11-07T11:00:00+00:00,61929,61945.5,61574,61794.5,725.923,44816607.3155
1636283700000,2021-11-07T11:15:00+00:00,61794.5,61862,61717.5,61767,519.687,32110025.1815
1636284600000,2021-11-07T11:30:00+00:00,61767,61827,61718,61773.5,542.093,33489924.784
1636285500000,2021-11-07T11:45:00+00:00,61773.5,61956,61737.5,61926.5,438.637,27126816.4215
1636286400000,2021-11-07T12:00:00+00:00,61926.5,62037.5,61788.5,61815.5,793.998,49148683.145
1636287300000,2021-11-07T12:15:00+00:00,61815.5,62124.5,61761.5,62062.5,971.672,60206604.3625
1636288200000,2021-11-07T12:30:00+00:00,62062.5,62135,61942,61942,608.722,37756403.6355
1636289100000,2021-11-07T12:45:00+00:00,61942,61945.5,61769.5,61792.5,508.315,31448211.5495
1636290000000,2021-11-07T13:00:00+00:00,61792.5,61863,61761,61832,415.783,25700812.445
1636290900000,2021-11-07T13:15:00+00:00,61832,62166.5,61801,61937,652.752,40450824.6915
1636291800000,2021-11-07T13:30:00+00:00,61937,62084,61932.5,62023,589.26,36533355.275
1636292700000,2021-11-07T13:45:00+00:00,62023,62023,61837.5,61851,478.53,29633867.244
1636293600000,2021-11-07T14:00:00+00:00,61851,61963.5,61827.5,61954,371.397,22995070.863
1636294500000,2021-11-07T14:15:00+00:00,61954,62060.5,61928,62024.5,397.01,24611626.215
1636295400000,2021-11-07T14:30:00+00:00,62024.5,62024.5,61833,61870,337.67,20904413.255
1636296300000,2021-11-07T14:45:00+00:00,61870,61873.5,61802,61807.5,473.7,29288992.328
1636297200000,2021-11-07T15:00:00+00:00,61807.5,61975,61794,61918.5,440.442,27252594.6555
1636298100000,2021-11-07T15:15:00+00:00,61918.5,61953,61715.5,61720,454.185,28086370.838
1636299000000,2021-11-07T15:30:00+00:00,61720,61870,61713.5,61854,410.022,25340641.956
1636299900000,2021-11-07T15:45:00+00:00,61854,61972.5,61812.5,61936.5,410.561,25414982.875
1636300800000,2021-11-07T16:00:00+00:00,61936.5,62223.5,61923.5,62171,656.204,40737986.1535
1636301700000,2021-11-07T16:15:00+00:00,62171,62187.5,62050.5,62121.5,518.685,32218542.7185
1636302600000,2021-11-07T16:30:00+00:00,62121.5,62289.5,62055.5,62270.5,580.45,36069266.519
1636303500000,2021-11-07T16:45:00+00:00,62270.5,62316.5,62059,62059,471.805,29333802.786
1636304400000,2021-11-07T17:00:00+00:00,62059,62167.5,62059,62133,378.183,23491782.3275
1636305300000,2021-11-07T17:15:00+00:00,62133,62247,62113.5,62214.5,423.174,26309085.095
1636306200000,2021-11-07T17:30:00+00:00,62214.5,62292,62161,62288,390.641,24300611.638
1636307100000,2021-11-07T17:45:00+00:00,62288,62532.5,62240,62493.5,929.581,57979836.5075
1636308000000,2021-11-07T18:00:00+00:00,62493.5,62570,62111.5,62233,553.435,34500262.712
1636308900000,2021-11-07T18:15:00+00:00,62233,62303.5,62144,62289.5,302.772,18839567.397
1636309800000,2021-11-07T18:30:00+00:00,62289.5,62464.5,62256.5,62441.5,428.346,26715612.7855
1636310700000,2021-11-07T18:45:00+00:00,62441.5,62487.5,62335,62471,402.067,25092184.8455
1636311600000,2021-11-07T19:00:00+00:00,62471,62557,62434,62498.5,349.529,21843756.033
1636312500000,2021-11-07T19:15:00+00:00,62498.5,62498.5,62369,62379.5,382.11,23846332.7315
1636313400000,2021-11-07T19:30:00+00:00,62379.5,62382,62230,62233,416.783,25978437.968
1636314300000,2021-11-07T19:45:00+00:00,62233,62358,62196,62310.5,387.506,24133471.295
1636315200000,2021-11-07T20:00:00+00:00,62310.5,62338.5,62205,62247,221.202,13777742.2725
1636316100000,2021-11-07T20:15:00+00:00,62247,62466,62239.5,62463.5,237.109,14788731.3365
1636317000000,2021-11-07T20:30:00+00:00,62463.5,62528,62337.5,62470.5,263.462,16446870.625
1636317900000,2021-11-07T20:45:00+00:00,62470.5,62893.5,62462,62700,844.843,52983876.94
1636318800000,2021-11-07T21:00:00+00:00,62700,62881,62700,62790,414.732,26039458.741
1636319700000,2021-11-07T21:15:00+00:00,62790,62983.5,62772,62932,416.555,26195469.7625
1636320600000,2021-11-07T21:30:00+00:00,62932,63150.5,62871.5,62892.5,709.084,44681700.6725
1636321500000,2021-11-07T21:45:00+00:00,62892.5,62910.5,62790,62901,423.749,26641442.0645
1636322400000,2021-11-07T22:00:00+00:00,62901,63084.5,62819,62842,550.084,34634394.59
1636323300000,2021-11-07T22:15:00+00:00,62842,62969.5,62834.5,62918,424.301,26685393.0425
1636324200000,2021-11-07T22:30:00+00:00,62918,63060.5,62863,62954.5,395.612,24911968.1355
1636325100000,2021-11-07T22:45:00+00:00,62954.5,62996.5,62802,62848.5,434.408,27318443.8185
1636326000000,2021-11-07T23:00:00+00:00,62848.5,62970,62780,62799.5,601.031,37763459.083
1636326900000,2021-11-07T23:15:00+00:00,62799.5,63009,62784,63005,525.236,33045260.9395
1636327800000,2021-11-07T23:30:00+00:00,63005,63083.5,62875.5,62900.5,654.534,41214417.8165
1636328700000,2021-11-07T23:45:00+00:00,62900.5,63338,62868.5,63302.5,1194.325,75435604.0735
1636329600000,2021-11-08T00:00:00+00:00,63302.5,63923,63302.5,63896.5,1572.73,100059721.185
1636330500000,2021-11-08T00:15:00+00:00,63896.5,64659,63890,64309,2311.409,148610680.832
1636331400000,2021-11-08T00:30:00+00:00,64309,65108,64279,64892,2145.609,139073280.4935
1636332300000,2021-11-08T00:45:00+00:00,64892,65097.5,64725.5,65094.5,1027.855,66691696.678
1636333200000,2021-11-08T01:00:00+00:00,65094.5,65759,65026,65281.5,2142.716,140178854.462
1636334100000,2021-11-08T01:15:00+00:00,65281.5,65429,65036,65359,807.47,52675897.634
1636335000000,2021-11-08T01:30:00+00:00,65359,65387.5,65028,65081,675.073,43997163.5815
1636335900000,2021-11-08T01:45:00+00:00,65081,65274.5,65065,65132,490.582,31975045.9695
1636336800000,2021-11-08T02:00:00+00:00,65132,65360,65132,65240,492.457,32122169.067
1636337700000,2021-11-08T02:15:00+00:00,65240,65408.5,65232.5,65337,383.079,25032289.3505
1636338600000,2021-11-08T02:30:00+00:00,65337,65339.5,65139,65313,410.305,26767160.605
1636339500000,2021-11-08T02:45:00+00:00,65313,65315,65099,65128.5,500.068,32597388.0045
1636340400000,2021-11-08T03:00:00+00:00,65128.5,65223,65069,65175,497.682,32423858.9695
1636341300000,2021-11-08T03:15:00+00:00,65175,65179,65062,65073.5,368.36,23980773.7665
1636342200000,2021-11-08T03:30:00+00:00,65073.5,65248,65073.5,65225.5,342.776,22323640.715
1636343100000,2021-11-08T03:45:00+00:00,65225.5,65319.5,65196,65274.5,550.541,35918069.253
1636344000000,2021-11-08T04:00:00+00:00,65274.5,65325.5,65165.5,65270,522.996,34131406.9125
1636344900000,2021-11-08T04:15:00+00:00,65270,65325,65263.5,65293,538.697,35176493.121
1636345800000,2021-11-08T04:30:00+00:00,65293,65402,65246,65366.5,609.273,39805902.248
1636346700000,2021-11-08T04:45:00+00:00,65366.5,65368.5,65133.5,65223,559.093,36487210.284
1636347600000,2021-11-08T05:00:00+00:00,65223,65314.5,65148,65304,673.921,43956231.18
1636348500000,2021-11-08T05:15:00+00:00,65304,65696,65300,65446,1406.723,92146314.709
1636349400000,2021-11-08T05:30:00+00:00,65446,65455,65307,65310.5,826.132,53993521.4185
1636350300000,2021-11-08T05:45:00+00:00,65310.5,65670,65307.5,65466,829.547,54337426.3685
1636351200000,2021-11-08T06:00:00+00:00,65466,65841,65406.5,65726.5,804.358,52821535.116
1636352100000,2021-11-08T06:15:00+00:00,65726.5,66218,65646.5,66026.5,1610.728,106282683.0945
1636353000000,2021-11-08T06:30:00+00:00,66026.5,66192,65916.5,66064.5,921.147,60806837.6745
1636353900000,2021-11-08T06:45:00+00:00,66064.5,66086,65918,65948,599.115,39541002.047
1636354800000,2021-11-08T07:00:00+00:00,65948,66436,65947,66101.5,1153.901,76358595.649
1636355700000,2021-11-08T07:15:00+00:00,66101.5,66103.5,65872.5,65896.5,956.07,63111939.548
1636356600000,2021-11-08T07:30:00+00:00,65895,65970,65653,65784,942.558,61975767.292
1636357500000,2021-11-08T07:45:00+00:00,65784,66036.5,65760,65979,883.757,58225819.9525
1636358400000,2021-11-08T08:00:00+00:00,65979,66029.5,65791,65800.5,996.272,65660995.917
1636359300000,2021-11-08T08:15:00+00:00,65804,65914.5,65737.5,65781.5,769.293,50658236.42
1636360200000,2021-11-08T08:30:00+00:00,65781.5,65840.5,65661.5,65823,741.77,48773282.1615
1636361100000,2021-11-08T08:45:00+00:00,65823,66339.5,65820,66285.5,1183.364,78182979.835
1636362000000,2021-11-08T09:00:00+00:00,66285.5,66474,66117,66338.5,1238.901,82140954.9845
1636362900000,2021-11-08T09:15:00+00:00,66338.5,66339,66094,66112.5,848.163,56151515.74
1636363800000,2021-11-08T09:30:00+00:00,66112.5,66269,66042.5,66183.5,769.977,50929334.176
1636364700000,2021-11-08T09:45:00+00:00,66183.5,66292,66077,66116,886.8,58668133.8655
1636365600000,2021-11-08T10:00:00+00:00,66116,66212.5,65997,66059.5,573.432,37887319.1435
1636366500000,2021-11-08T10:15:00+00:00,66059.5,66061.5,65775,65908,683.187,45041141.6545
1636367400000,2021-11-08T10:30:00+00:00,65908,66080.5,65881.5,65980,574.1,37885897.8845
1636368300000,2021-11-08T10:45:00+00:00,65980,66120,65926,66071.5,515.075,34004486.015
1636369200000,2021-11-08T11:00:00+00:00,66071.5,66133.5,65859,65874,744.878,49170784.728
1636370100000,2021-11-08T11:15:00+00:00,65874,65956,65820,65876.5,707.203,46605590.522
1636371000000,2021-11-08T11:30:00+00:00,65876.5,66101.5,65865.5,65922,744.047,49059210.336
1636371900000,2021-11-08T11:45:00+00:00,65922,66093.5,65821.5,66068.5,638.069,42089863.861
1636372800000,2021-11-08T12:00:00+00:00,66068.5,66190,65849,65889,699.186,46135926.8905
1636373700000,2021-11-08T12:15:00+00:00,65889,66035,65886.5,65919,670.638,44225607.945
1636374600000,2021-11-08T12:30:00+00:00,65919,66048,65850,65954.5,579.989,38242756.1435
1636375500000,2021-11-08T12:45:00+00:00,65954.5,66034.5,65782.5,65853,602.141,39669150.542
1636376400000,2021-11-08T13:00:00+00:00,65853,65998.5,65850,65851,545.026,35934697.1915
1636377300000,2021-11-08T13:15:00+00:00,65851,65915.5,65771.5,65894,717.854,47266546.1535
1636378200000,2021-11-08T13:30:00+00:00,65894,65959.5,65441.5,65630,1159.648,76167387.7015
1636379100000,2021-11-08T13:45:00+00:00,65630,65642,65355,65449.5,880.313,57633323.653
1636380000000,2021-11-08T14:00:00+00:00,65449.5,65602.5,65429.5,65581.5,954.268,62559901.68
1636380900000,2021-11-08T14:15:00+00:00,65581.5,65610.5,65343.5,65511,849.939,55666281.7085
1636381800000,2021-11-08T14:30:00+00:00,65511,65542,65255,65327,919.149,60090890.4065
1636382700000,2021-11-08T14:45:00+00:00,65327,65477,65320.5,65385,714.839,46742881.6655
1636383600000,2021-11-08T15:00:00+00:00,65385,65636,65314,65612.5,842.209,55166549.137
1636384500000,2021-11-08T15:15:00+00:00,65612.5,65803,65541.5,65784.5,859.879,56451078.0745
1636385400000,2021-11-08T15:30:00+00:00,65784.5,66411,65784.5,66176,1817.793,120202181.3975
1636386300000,2021-11-08T15:45:00+00:00,66186,66587,66095.5,66414.5,1256.477,83402596.568
1636387200000,2021-11-08T16:00:00+00:00,66414.5,66618,66240,66259.5,1101.832,73135809.7005
1636388100000,2021-11-08T16:15:00+00:00,66259.5,66270,66061.5,66105.5,779.304,51554457.36
1636389000000,2021-11-08T16:30:00+00:00,66105.5,66216.5,65927.5,66091,849.949,56183054.81
1636389900000,2021-11-08T16:45:00+00:00,66091,66140.5,65972.5,66003,496.78,32818738.2665
1636390800000,2021-11-08T17:00:00+00:00,66003,66147.5,65884.5,65903.5,607.297,40091973.7205
1636391700000,2021-11-08T17:15:00+00:00,65903.5,66116.5,65884.5,66097,630.062,41578332.2645
1636392600000,2021-11-08T17:30:00+00:00,66097,66231,66045.5,66138.5,529.571,35019588.3455
1636393500000,2021-11-08T17:45:00+00:00,66138.5,66262.5,66013.5,66029.5,495.184,32741962.2665
1636394400000,2021-11-08T18:00:00+00:00,66029.5,66059.5,65964.5,66021.5,454.134,29978301.5925
1636395300000,2021-11-08T18:15:00+00:00,66021.5,66056.5,65826,65895,535.205,35295094.83
1636396200000,2021-11-08T18:30:00+00:00,65895,65940.5,65848.5,65914.5,476.527,31400272.503
1636397100000,2021-11-08T18:45:00+00:00,65914.5,65987,65904.5,65972.5,460.622,30380033.068
1636398000000,2021-11-08T19:00:00+00:00,65972.5,66142,65972,66107.5,401.857,26544132.2955
1636398900000,2021-11-08T19:15:00+00:00,66107.5,66119.5,65996.5,66023,260.062,17180288.0835
1636399800000,2021-11-08T19:30:00+00:00,66023,66045,65853.5,65882.5,378.222,24942606.5455
1636400700000,2021-11-08T19:45:00+00:00,65882.5,65939,65868.5,65882,338.71,22323592.538
1636401600000,2021-11-08T20:00:00+00:00,65882,65957.5,65616.5,65957.5,909.32,59786191.217
1636402500000,2021-11-08T20:15:00+00:00,65957,66211,65922.5,66029,804.363,53135047.1385
1636403400000,2021-11-08T20:30:00+00:00,66029,66067.5,65800,65878.5,565.94,37307685.8585
1636404300000,2021-11-08T20:45:00+00:00,65878.5,66123,65878,66083.5,421.505,27827448.4845
1636405200000,2021-11-08T21:00:00+00:00,66083.5,66401.5,65973.5,66332,634.635,42022453.5275
1636406100000,2021-11-08T21:15:00+00:00,66332,66474.5,66288.5,66356.5,577.88,38370093.6125
1636407000000,2021-11-08T21:30:00+00:00,66356.5,66385,66207.5,66337,640.306,42439015.763
1636407900000,2021-11-08T21:45:00+00:00,66337,66340.5,66138.5,66139.5,569.714,37753206.1515
1636408800000,2021-11-08T22:00:00+00:00,66139.5,66324,66139.5,66310.5,394.582,26130011.763
1636409700000,2021-11-08T22:15:00+00:00,66310.5,66310.5,66115.5,66213,352.239,23320697.4495
1636410600000,2021-11-08T22:30:00+00:00,66213,66488.5,66200,66369.5,401.647,26638315.2855
1636411500000,2021-11-08T22:45:00+00:00,66369.5,66593,66369.5,66530.5,379.019,25206480.0145
1636412400000,2021-11-08T23:00:00+00:00,66530.5,67492,66384.5,67382,1713.558,114757490.242
1636413300000,2021-11-08T23:15:00+00:00,67382,67921.5,67345,67723.5,1535.468,103982084.896
1636414200000,2021-11-08T23:30:00+00:00,67723.5,67823,67604.5,67699,713.293,48279716.8195
1636415100000,2021-11-08T23:45:00+00:00,67699,67759,67442.5,67619,784.841,53068756.195
1636416000000,2021-11-09T00:00:00+00:00,67619,67620.5,67194.5,67357,1076.631,72604926.352
1636416900000,2021-11-09T00:15:00+00:00,67357,67678.5,67289.5,67652,862.507,58222353.3465
1636417800000,2021-11-09T00:30:00+00:00,67652,67763,67519.5,67737,638.496,43178220.367
1636418700000,2021-11-09T00:45:00+00:00,67737,67801.5,67637,67686.5,698.072,47276390.149
1636419600000,2021-11-09T01:00:00+00:00,67686.5,67724.5,67512.5,67547,633.361,42795722.3865
1636420500000,2021-11-09T01:15:00+00:00,67547,67633,67432,67452.5,682.607,46097349.202
1636421400000,2021-11-09T01:30:00+00:00,67452.5,67539.5,67449.5,67510.5,589.915,39816188.5225
1636422300000,2021-11-09T01:45:00+00:00,67510.5,67635.5,67465,67558.5,590.489,39899024.911
1636423200000,2021-11-09T02:00:00+00:00,67558.5,67610,67508,67579.5,385.47,26040945.8945
1636424100000,2021-11-09T02:15:00+00:00,67579.5,67894,67579.5,67837.5,772.458,52329374.348
1636425000000,2021-11-09T02:30:00+00:00,67837.5,67847.5,67348,67597,760.661,51356460.75
1636425900000,2021-11-09T02:45:00+00:00,67597,67738,67547,67683.5,469.635,31769249.961
1636426800000,2021-11-09T03:00:00+00:00,67680,67899.5,67674,67779,571.126,38701038.901
1636427700000,2021-11-09T03:15:00+00:00,67779,67784.5,67593,67728,453.182,30670453.7495
1636428600000,2021-11-09T03:30:00+00:00,67726,68451.5,67693,68267,1113.092,75738387.4985
1636429500000,2021-11-09T03:45:00+00:00,68269.5,68656.5,68184,68578.5,1107.667,75802321.387
1636430400000,2021-11-09T04:00:00+00:00,68578.5,68606,68350,68469,711.085,48674665.681
1636431300000,2021-11-09T04:15:00+00:00,68469,68569.5,68230,68400.5,578.191,39517639.552
1636432200000,2021-11-09T04:30:00+00:00,68400.5,68479,68264,68282,353.71,24185153.234
1636433100000,2021-11-09T04:45:00+00:00,68282,68473,68230.5,68326,480.405,32826256.001
1636434000000,2021-11-09T05:00:00+00:00,68326,68438.5,68135,68157.5,538.88,36800167.6885
1636434900000,2021-11-09T05:15:00+00:00,68157.5,68213,67927.5,67973,776.944,52901475.102
1636435800000,2021-11-09T05:30:00+00:00,67975,68148.5,67972,68063.5,545.933,37167566.852
1636436700000,2021-11-09T05:45:00+00:00,68063.5,68230,68063.5,68175.5,510.714,34812141.4895
1636437600000,2021-11-09T06:00:00+00:00,68175.5,68260,67760,67868.5,603.023,41007748.039
1636438500000,2021-11-09T06:15:00+00:00,67868.5,68079,67861.5,68032.5,365.625,24862467.7195
1636439400000,2021-11-09T06:30:00+00:00,68032.5,68109,67950,67985,298.923,20340619.098
1636440300000,2021-11-09T06:45:00+00:00,67985,68103.5,67875,68087,358.775,24391394.635
1636441200000,2021-11-09T07:00:00+00:00,68087,68108,68010.5,68062,398.072,27096696.2415
1636442100000,2021-11-09T07:15:00+00:00,68062,68209.5,67956.5,67975,457.532,31150969.9235
1636443000000,2021-11-09T07:30:00+00:00,67975,67997.5,67838,67932,471.126,31994948.1435
1636443900000,2021-11-09T07:45:00+00:00,67932,68067.5,67700,67908,662.746,44983995.975
1636444800000,2021-11-09T08:00:00+00:00,67908,68066,67771,67777.5,484.951,32935481.572
1636445700000,2021-11-09T08:15:00+00:00,67777.5,68037.5,67776,67976.5,412.444,28023101.2795
1636446600000,2021-11-09T08:30:00+00:00,67976.5,68107.5,67969,68021,371.219,25253289.3095
1636447500000,2021-11-09T08:45:00+00:00,68021,68183,68021,68146.5,341.807,23275107.186
1636448400000,2021-11-09T09:00:00+00:00,68146.5,68148.5,68021,68024,416.308,28348226.714
1636449300000,2021-11-09T09:15:00+00:00,68024,68035.5,67964.5,67997.5,413.371,28109207.0245
1636450200000,2021-11-09T09:30:00+00:00,67997.5,68227,67952.5,68223,592.241,40328539.0575
1636451100000,2021-11-09T09:45:00+00:00,68223,68311.5,68155,68300,455.062,31037164.6515
1636452000000,2021-11-09T10:00:00+00:00,68300,68307,68177,68239.5,321.953,21970460.64
1636452900000,2021-11-09T10:15:00+00:00,68239.5,68271,68026,68027,300.135,20462774.1005
1636453800000,2021-11-09T10:30:00+00:00,68027,68121,67900.5,68025.5,354.286,24103097.707
1636454700000,2021-11-09T10:45:00+00:00,68025.5,68060.5,67873,67910,312.616,21251977.2905
1636455600000,2021-11-09T11:00:00+00:00,67910,67976,67802,67812.5,319.425,21684499.514
1636456500000,2021-11-09T11:15:00+00:00,67812.5,67910.5,67768,67807.5,338.067,22932688.492
1636457400000,2021-11-09T11:30:00+00:00,67807.5,67854,67424,67601,1014.248,68562810.6665
1636458300000,2021-11-09T11:45:00+00:00,67601,67700,67480.5,67687.5,495.011,33463597.8175
1636459200000,2021-11-09T12:00:00+00:00,67687.5,67757,67434.5,67460.5,682.466,46143444.275
1636460100000,2021-11-09T12:15:00+00:00,67460.5,67666.5,67362,67610,724.865,48940121.171
1636461000000,2021-11-09T12:30:00+00:00,67610,67833.5,67544,67774,702.467,47556067.4575
1636461900000,2021-11-09T12:45:00+00:00,67774,67775,67562,67643.5,484.42,32771011.4135
1636462800000,2021-11-09T13:00:00+00:00,67643.5,67948.5,67633.5,67855.5,484.281,32847156.403
1636463700000,2021-11-09T13:15:00+00:00,67855.5,67878,67747,67797,327.004,22174959.5605
1636464600000,2021-11-09T13:30:00+00:00,67797,67886.5,67677,67883,285.735,19362838.557
1636465500000,2021-11-09T13:45:00+00:00,67881,68189,67795,68157,474.279,32238326.69
1636466400000,2021-11-09T14:00:00+00:00,68157,68157,67948,67958.5,429.698,29227897.054
1636467300000,2021-11-09T14:15:00+00:00,67958.5,67980,67830,67883,278.002,18878833.5225
1636468200000,2021-11-09T14:30:00+00:00,67883,68092,67841.5,67982,424.691,28854128.6415
1636469100000,2021-11-09T14:45:00+00:00,67982,67982,67234,67416.5,1080.559,72995194.2535
1636470000000,2021-11-09T15:00:00+00:00,67428.5,67428.5,66682.5,67152,1524.201,102133107.9545
1636470900000,2021-11-09T15:15:00+00:00,67152,67579.5,67059,67095.5,1100.032,74035118.4645
1636471800000,2021-11-09T15:30:00+00:00,67095.5,67281.5,66852,66978.5,606.045,40634723.2935
1636472700000,2021-11-09T15:45:00+00:00,66978.5,67065.5,66682.5,66829.5,642.085,42929520.0885
1636473600000,2021-11-09T16:00:00+00:00,66829.5,66915.5,66500,66619.5,583.493,38912836.413
1636474500000,2021-11-09T16:15:00+00:00,66619.5,66889.5,66510,66829,652.262,43545385.912
1636475400000,2021-11-09T16:30:00+00:00,66829,67045,66667.5,66988,596.415,39879751.7925
1636476300000,2021-11-09T16:45:00+00:00,66988,66990,66694.5,66730.5,378.182,25275182.9885
1636477200000,2021-11-09T17:00:00+00:00,66730.5,66803,66293.5,66493.5,624.754,41581347.334
1636478100000,2021-11-09T17:15:00+00:00,66493.5,66668.5,66483.5,66596.5,301.222,20062159.0805
1636479000000,2021-11-09T17:30:00+00:00,66596.5,66912,66573.5,66912,263.815,17614695.0685
1636479900000,2021-11-09T17:45:00+00:00,66912,66962,66808.5,66863,275.107,18397952.3965
1636480800000,2021-11-09T18:00:00+00:00,66863,67280,66831,67066.5,511.915,34327523.1135
1636481700000,2021-11-09T18:15:00+00:00,67066.5,67068,66811,66832,350.751,23484184.167
1636482600000,2021-11-09T18:30:00+00:00,66832,66941,66766,66774,375.671,25117181.0085
1636483500000,2021-11-09T18:45:00+00:00,66774,66777.5,66545,66553,360.692,24048381.3155
1636484400000,2021-11-09T19:00:00+00:00,66553,66669.5,66375,66399.5,377.48,25107972.4895
1636485300000,2021-11-09T19:15:00+00:00,66399.5,66661,66399.5,66629.5,334.979,22294390.97
1636486200000,2021-11-09T19:30:00+00:00,66629.5,66662.5,66492,66657,384.931,25627774.2335
1636487100000,2021-11-09T19:45:00+00:00,66657,66840,66655.5,66822,344.437,23003852.282
1636488000000,2021-11-09T20:00:00+00:00,66822,66838.5,66729.5,66781,436.197,29139918.635
1636488900000,2021-11-09T20:15:00+00:00,66781,67141.5,66686.5,67062,458.876,30710159.266
1636489800000,2021-11-09T20:30:00+00:00,67062,67340,66944,67321.5,555.242,37260612.4575
1636490700000,2021-11-09T20:45:00+00:00,67321.5,67359,67139,67356.5,393.154,26443585.7015
1636491600000,2021-11-09T21:00:00+00:00,67356.5,67494.5,67273.5,67462,383.557,25849571.2715
1636492500000,2021-11-09T21:15:00+00:00,67462,67494.5,67396,67399,382.358,25780069.189
1636493400000,2021-11-09T21:30:00+00:00,67399,67563,67384,67542.5,345.711,23332002.142
1636494300000,2021-11-09T21:45:00+00:00,67542.5,67816.5,67493,67742.5,476.098,32214362.264
1636495200000,2021-11-09T22:00:00+00:00,67742.5,67761,67464,67550.5,520.546,35209596.0045
1636496100000,2021-11-09T22:15:00+00:00,67550.5,67656.5,67046.5,67062.5,640.47,43139951.0375
1636497000000,2021-11-09T22:30:00+00:00,67062.5,67394.5,67040,67278.5,651.561,43828864.2475
1636497900000,2021-11-09T22:45:00+00:00,67278.5,67574,67278,67327.5,583.246,39310497.4585
1636498800000,2021-11-09T23:00:00+00:00,67327.5,67469.5,67181.5,67239,667.521,44913712.277
1636499700000,2021-11-09T23:15:00+00:00,67239,67367.5,67238,67365.5,509.443,34296083.6965
1636500600000,2021-11-09T23:30:00+00:00,67365.5,67365.5,67076,67220,710.79,47762637.2935
1636501500000,2021-11-09T23:45:00+00:00,67220,67220,66765.5,66980,747.038,50044571.1715
1636502400000,2021-11-10T00:00:00+00:00,66980,67246.5,66845,67139.5,654.506,43876379.5495
1636503300000,2021-11-10T00:15:00+00:00,67139.5,67418.5,67106.5,67313.5,682.019,45900787.4685
1636504200000,2021-11-10T00:30:00+00:00,67313.5,67319.5,66908.5,66915,365.888,24546661.785
1636505100000,2021-11-10T00:45:00+00:00,66915,67048.5,66802,67012.5,478.023,31991999.767
1636506000000,2021-11-10T01:00:00+00:00,67012.5,67199.5,66881,67147.5,569.861,38220800.7695
1636506900000,2021-11-10T01:15:00+00:00,67147.5,67227.5,67010.5,67223,388.752,26076314.2985
1636507800000,2021-11-10T01:30:00+00:00,67223,67348.5,67074,67301,404.262,27189025.8665
1636508700000,2021-11-10T01:45:00+00:00,67301,67313.5,67022.5,67064,487.954,32749325.6295
1636509600000,2021-11-10T02:00:00+00:00,67064,67177.5,67028,67125,391.7,26295178.863
1636510500000,2021-11-10T02:15:00+00:00,67125,67233,67038.5,67127,338.535,22723270.254
1636511400000,2021-11-10T02:30:00+00:00,67127,67142,66886,66894,359.185,24070860.211
1636512300000,2021-11-10T02:45:00+00:00,66894,66956.5,66847,66867,375.615,25133477.4265
1636513200000,2021-11-10T03:00:00+00:00,66867,66878,66530.5,66534.5,762.693,50857547.62
1636514100000,2021-11-10T03:15:00+00:00,66534.5,66611,66427.5,66438.5,481.733,32046263.0115
1636515000000,2021-11-10T03:30:00+00:00,66438.5,66698,66437,66466.5,571.073,37999595.6115
1636515900000,2021-11-10T03:45:00+00:00,66466.5,66593,66465.5,66544,367.187,24426440.7075
1636516800000,2021-11-10T04:00:00+00:00,66544,66596.5,66314,66421,592.189,39345465.7105
1636517700000,2021-11-10T04:15:00+00:00,66421,66614,66420.5,66511.5,553.274,36785645.4905
1636518600000,2021-11-10T04:30:00+00:00,66511.5,66675,66485,66626.5,631.142,42020943.7765
1636519500000,2021-11-10T04:45:00+00:00,66626.5,66714.5,66560.5,66681.5,538.833,35927340.0215
1636520400000,2021-11-10T05:00:00+00:00,66681.5,66685.5,66444,66455.5,641.244,42674063.6715
1636521300000,2021-11-10T05:15:00+00:00,66455.5,66666,66436,66665,539.408,35876424.1415
1636522200000,2021-11-10T05:30:00+00:00,66665,66666,66323,66415.5,632.857,42072159.509
1636523100000,2021-11-10T05:45:00+00:00,66415.5,66517,66384,66384,399.312,26538630.141
1636524000000,2021-11-10T06:00:00+00:00,66384,66646,66384,66639.5,530.724,35296171.285
1636524900000,2021-11-10T06:15:00+00:00,66639.5,66641,66385.5,66422.5,586.399,39015273.458
1636525800000,2021-11-10T06:30:00+00:00,66422.5,66530.5,66280.5,66414.5,795.037,52810009.439
1636526700000,2021-11-10T06:45:00+00:00,66414.5,66646.5,66353.5,66568,643.351,42800740.152
1636527600000,2021-11-10T07:00:00+00:00,66568,66709.5,66537.5,66561,599.613,39938439.3035
1636528500000,2021-11-10T07:15:00+00:00,66561,66783.5,66514.5,66774,617.421,41175530.8685
1636529400000,2021-11-10T07:30:00+00:00,66774,66775,66450,66466.5,723.122,48172778.242
1636530300000,2021-11-10T07:45:00+00:00,66466.5,66559.5,66352,66472,739.214,49144447.6255
1636531200000,2021-11-10T08:00:00+00:00,66472,66637,66400,66625.5,493.683,32840487.0655
1636532100000,2021-11-10T08:15:00+00:00,66625.5,66903,66623.5,66795,943.638,62975833.6095
1636533000000,2021-11-10T08:30:00+00:00,66795,66835,66678.5,66701.5,490.268,32718053.08
1636533900000,2021-11-10T08:45:00+00:00,66701.5,66812.5,66626.5,66666,590.25,39367550.8525
1636534800000,2021-11-10T09:00:00+00:00,66666,66886,66595,66691.5,740.334,49422557.942
1636535700000,2021-11-10T09:15:00+00:00,66687,66764.5,66597.5,66730,524.899,34985437.392
1636536600000,2021-11-10T09:30:00+00:00,66730,66819,66710,66750,472.98,31588669.5555
1636537500000,2021-11-10T09:45:00+00:00,66750,66772.5,66627,66727.5,538.854,35937001.6675
1636538400000,2021-11-10T10:00:00+00:00,66727.5,66916,66695,66906,459.581,30694372.2495
1636539300000,2021-11-10T10:15:00+00:00,66906,67124.5,66841,66921,630.26,42215599.2325
1636540200000,2021-11-10T10:30:00+00:00,66921,67028.5,66827,66995.5,577.139,38630650.7145
1636541100000,2021-11-10T10:45:00+00:00,66995.5,66995.5,66800,66824,490.749,32811679.081
1636542000000,2021-11-10T11:00:00+00:00,66824,66923.5,66782.5,66923.5,660.382,44137143.8725
1636542900000,2021-11-10T11:15:00+00:00,66923.5,66939,66733,66753.5,611.394,40839202.3415
1636543800000,2021-11-10T11:30:00+00:00,66753.5,66881.5,66725.5,66771.5,698.67,46657898.0305
1636544700000,2021-11-10T11:45:00+00:00,66771.5,66808.5,66570.5,66576.5,847.71,56530511.251
1636545600000,2021-11-10T12:00:00+00:00,66576.5,66994,66480.5,66869.5,723.213,48270324.594
1636546500000,2021-11-10T12:15:00+00:00,66869.5,66907.5,66605,66620.5,418.139,27903403.419
1636547400000,2021-11-10T12:30:00+00:00,66620.5,66730,66584,66670,373.964,24926851.537
1636548300000,2021-11-10T12:45:00+00:00,66670,66676.5,66272.5,66411.5,761.05,50577130.819
1636549200000,2021-11-10T13:00:00+00:00,66411.5,66512.5,66312,66495.5,617.795,41043402.865
1636550100000,2021-11-10T13:15:00+00:00,66495.5,66559.5,66384.5,66405.5,719.763,47847025.4865
1636551000000,2021-11-10T13:30:00+00:00,66405.5,67748.5,65972.5,67623.5,3311.248,221768158.4045
1636551900000,2021-11-10T13:45:00+00:00,67624,68102.5,67562,68049,1958.049,132851359.925
1636552800000,2021-11-10T14:00:00+00:00,68049,68843.5,67964,68805,1948.767,133330482.042
1636553700000,2021-11-10T14:15:00+00:00,68805,69145.5,68211,68402,2750.142,188856584.426
1636554600000,2021-11-10T14:30:00+00:00,68402,68548.5,68192,68408.5,1159.979,79289895.8595
1636555500000,2021-11-10T14:45:00+00:00,68408.5,68531.5,68234,68454.5,837.987,57309179.617
1636556400000,2021-11-10T15:00:00+00:00,68454.5,68531.5,68307.5,68310,388.937,26617002.1175
1636557300000,2021-11-10T15:15:00+00:00,68310,68481,68279,68344.5,460.39,31482232.8365
1636558200000,2021-11-10T15:30:00+00:00,68344.5,68524,68245.5,68513,385.35,26357840.027
1636559100000,2021-11-10T15:45:00+00:00,68513,68520,68366,68382.5,390.166,26714092.7185
1636560000000,2021-11-10T16:00:00+00:00,68382.5,68726,68382,68454.5,703.593,48245380.6675
1636560900000,2021-11-10T16:15:00+00:00,68454.5,68610.5,68421.5,68555,538.537,36907324.695
1636561800000,2021-11-10T16:30:00+00:00,68555,68672,68541,68589.5,602.913,41361626.1905
1636562700000,2021-11-10T16:45:00+00:00,68589.5,68813.5,68474,68571,603.54,41435715.7035
1636563600000,2021-11-10T17:00:00+00:00,68571,68804.5,68520.5,68572,359.892,24700737.556
1636564500000,2021-11-10T17:15:00+00:00,68572,68724,68526.5,68609,274.129,18815777.226
1636565400000,2021-11-10T17:30:00+00:00,68609,68761,68517,68602,338.736,23260152.976
1636566300000,2021-11-10T17:45:00+00:00,68602,68708.5,68518,68689.5,350.638,24058156.815
1636567200000,2021-11-10T18:00:00+00:00,68689.5,68703.5,68344.5,68461,578.362,39619466.8955
1636568100000,2021-11-10T18:15:00+00:00,68461,68469.5,68045.5,68283.5,713.228,48680085.196
1636569000000,2021-11-10T18:30:00+00:00,68283.5,68289,67872.5,68034,695.714,47409477.3525
1636569900000,2021-11-10T18:45:00+00:00,68034,68206.5,67672.5,67852,812.842,55204066.3005
1636570800000,2021-11-10T19:00:00+00:00,67852,68058,67828.5,67967,465.042,31610464.551
1636571700000,2021-11-10T19:15:00+00:00,67967,67997.5,67660,67756,731.902,49630320.0185
1636572600000,2021-11-10T19:30:00+00:00,67756,67817.5,67082,67102,1171.88,78943160.038
1636573500000,2021-11-10T19:45:00+00:00,67102,67291,66585,66675.5,1218.774,81598189.0855
1636574400000,2021-11-10T20:00:00+00:00,66675.5,66937.5,66179.5,66520.5,1348.385,89739501.616
1636575300000,2021-11-10T20:15:00+00:00,66520.5,66974,66359.5,66825,708.459,47306481.7905
1636576200000,2021-11-10T20:30:00+00:00,66825,67052,66426.5,66516.5,544.325,36342121.6295
1636577100000,2021-11-10T20:45:00+00:00,66516.5,66666.5,65083.5,65827,1942.282,127713363.1995
1636578000000,2021-11-10T21:00:00+00:00,65827,66128.5,65546,65786,1063.069,70067286.071
1636578900000,2021-11-10T21:15:00+00:00,65786,65786,62700,64896.5,3299.206,211980914.4335
1636579800000,2021-11-10T21:30:00+00:00,64896.5,65555.5,64479.5,65118.5,1539.632,100194885.977
1636580700000,2021-11-10T21:45:00+00:00,65118.5,65123,64223,64285,1378.66,89193020.9865
1636581600000,2021-11-10T22:00:00+00:00,64285,65195,63897,64848.5,1775.209,114568618.3255
1636582500000,2021-11-10T22:15:00+00:00,64848.5,64869,64454.5,64461.5,874.478,56500784.9935
1636583400000,2021-11-10T22:30:00+00:00,64461.5,65136,64437,64891,1517.692,98403938.5535
1636584300000,2021-11-10T22:45:00+00:00,64891,65290.5,64722,65121.5,636.53,41344225.007
1636585200000,2021-11-10T23:00:00+00:00,65121.5,65121.5,64860,64974,775.65,50403674.1705
1636586100000,2021-11-10T23:15:00+00:00,64974,64974,64441,64526.5,717.927,46408909.416
1636587000000,2021-11-10T23:30:00+00:00,64526.5,64740.5,64283.5,64663.5,871.021,56231219.631
1636587900000,2021-11-10T23:45:00+00:00,64663.5,65023.5,64575,64897,604.081,39165793.3385
1636588800000,2021-11-11T00:00:00+00:00,64897,64897,64492.5,64603.5,593.607,38408524.028
1636589700000,2021-11-11T00:15:00+00:00,64603.5,64720,64204,64704,732.602,47244259.7785
1636590600000,2021-11-11T00:30:00+00:00,64704,64712.5,64400.5,64456,477.888,30844551.7955
1636591500000,2021-11-11T00:45:00+00:00,64456,65033,64456,64985,535.274,34711695.8815
1636592400000,2021-11-11T01:00:00+00:00,64985,65096.5,64685.5,64719,530.691,34433303.6145
1636593300000,2021-11-11T01:15:00+00:00,64719,64837,64429.5,64512.5,424.295,27416517.4155
1636594200000,2021-11-11T01:30:00+00:00,64512.5,64647,64407.5,64610.5,350.645,22627380.619
1636595100000,2021-11-11T01:45:00+00:00,64610.5,64888.5,64585,64784,432.665,28015302.849
1636596000000,2021-11-11T02:00:00+00:00,64784,64784,64362.5,64400,693.494,44754843.696
1636596900000,2021-11-11T02:15:00+00:00,64400,64561.5,64274.5,64306,731.055,47112634.529
1636597800000,2021-11-11T02:30:00+00:00,64306,64408,64128.5,64283.5,626.271,40243678.5365
1636598700000,2021-11-11T02:45:00+00:00,64283.5,64541,64212.5,64535,724.657,46700028.627
1636599600000,2021-11-11T03:00:00+00:00,64537.5,64566.5,64406.5,64563,485.299,31302107.9355
1636600500000,2021-11-11T03:15:00+00:00,64563,64750,64511.5,64670.5,631.966,40864730.5365
1636601400000,2021-11-11T03:30:00+00:00,64670.5,64852.5,64379,64606.5,815.961,52755240.2495
1636602300000,2021-11-11T03:45:00+00:00,64606.5,64796,64586.5,64759.5,545.188,35280976.349
1636603200000,2021-11-11T04:00:00+00:00,64759.5,64812,64546.5,64546.5,391.422,25310265.3575
1636604100000,2021-11-11T04:15:00+00:00,64546.5,64626,64423.5,64480,450.116,29038852.5945
1636605000000,2021-11-11T04:30:00+00:00,64480,64640.5,64452,64472.5,365.431,23572307.928
1636605900000,2021-11-11T04:45:00+00:00,64472.5,64753,64410.5,64643.5,552.118,35669146.023
1636606800000,2021-11-11T05:00:00+00:00,64643.5,64818,64582.5,64816,585.076,37851739.723
1636607700000,2021-11-11T05:15:00+00:00,64816,64893.5,64735.5,64854,673.454,43639397.197
1636608600000,2021-11-11T05:30:00+00:00,64854,64912.5,64584,64612.5,802.799,51967800.355
1636609500000,2021-11-11T05:45:00+00:00,64612.5,64704.5,64573,64687.5,661.196,42736256.902
1636610400000,2021-11-11T06:00:00+00:00,64687.5,64768.5,64620.5,64750,565.73,36603751.672
1636611300000,2021-11-11T06:15:00+00:00,64750,64755,64505,64672.5,569.133,36766389.4005
1636612200000,2021-11-11T06:30:00+00:00,64672.5,64982.5,64651,64835.5,817.46,53016846.255
1636613100000,2021-11-11T06:45:00+00:00,64835.5,64904.5,64691,64821,634.027,41090637.208
1636614000000,2021-11-11T07:00:00+00:00,64821,64921,64791,64912.5,495.729,32154240.5665
1636614900000,2021-11-11T07:15:00+00:00,64912.5,65128.5,64909,65066,592.938,38567757.6675
1636615800000,2021-11-11T07:30:00+00:00,65066,65310.5,64984.5,65190.5,693.197,45173322.3205
1636616700000,2021-11-11T07:45:00+00:00,65190.5,65380,65188.5,65235.5,586.423,38279849.8595
1636617600000,2021-11-11T08:00:00+00:00,65235.5,65277.5,64901.5,64927.5,698.238,45457439.5685
1636618500000,2021-11-11T08:15:00+00:00,64927.5,65072.5,64699,64729,741.768,48130250.534
1636619400000,2021-11-11T08:30:00+00:00,64729,64834.5,64613.5,64797.5,796.895,51595181.538
1636620300000,2021-11-11T08:45:00+00:00,64797.5,65444.5,64780,65372.5,811.109,52787945.223
1636621200000,2021-11-11T09:00:00+00:00,65353.5,65424,65093,65172,644.059,42037709.2305
1636622100000,2021-11-11T09:15:00+00:00,65172.5,65617.5,65030,65605.5,727.028,47507102.1795
1636623000000,2021-11-11T09:30:00+00:00,65605.5,65617,65326.5,65352,405.509,26537049.751
1636623900000,2021-11-11T09:45:00+00:00,65352,65492.5,65318.5,65388,552.35,36141997.459
1636624800000,2021-11-11T10:00:00+00:00,65388.5,65415.5,65260.5,65280.5,603.77,39435512.7155
1636625700000,2021-11-11T10:15:00+00:00,65280.5,65340.5,65187.5,65208,577.066,37660475.2185
1636626600000,2021-11-11T10:30:00+00:00,65208,65392,65105,65352.5,696.952,45466151.174
1636627500000,2021-11-11T10:45:00+00:00,65352.5,65383,65160,65256,627.424,40935038.9515
1636628400000,2021-11-11T11:00:00+00:00,65256,65262.5,65115,65157.5,558.068,36377643.7575
1636629300000,2021-11-11T11:15:00+00:00,65157.5,65307.5,65131.5,65255.5,432.662,28221277.4705
1636630200000,2021-11-11T11:30:00+00:00,65255.5,65334.5,64989,64991,537.732,35061588.76
1636631100000,2021-11-11T11:45:00+00:00,64993,65280,64985.5,65280,505.277,32918914.8075
1636632000000,2021-11-11T12:00:00+00:00,65280,65366,64735,64751,652.04,42402792.111
1636632900000,2021-11-11T12:15:00+00:00,64762,64969,64756,64901,410.469,26632554.8855
1636633800000,2021-11-11T12:30:00+00:00,64901,65023,64702,64873.5,588.144,38138865.3905
1636634700000,2021-11-11T12:45:00+00:00,64873.5,65049.5,64759.5,65018.5,452.26,29344831.9045
1636635600000,2021-11-11T13:00:00+00:00,65018.5,65169.5,64791.5,64812,707.056,45921809.387
1636636500000,2021-11-11T13:15:00+00:00,64812,65074,64770,64981,577.572,37497882.2475
1636637400000,2021-11-11T13:30:00+00:00,64981,65004.5,64682.5,64868,708.766,45946635.2765
1636638300000,2021-11-11T13:45:00+00:00,64868,65070,64690,64791.5,902.511,58562055.1275
1636639200000,2021-11-11T14:00:00+00:00,64791.5,65015,64446,64512.5,762.415,49343612.6455
1636640100000,2021-11-11T14:15:00+00:00,64512.5,64810,64475.5,64689,526.534,34059581.136
1636641000000,2021-11-11T14:30:00+00:00,64689,65515.5,64533,65322.5,1117.298,72781376.167
1636641900000,2021-11-11T14:45:00+00:00,65322,65455.5,65166.5,65174.5,599.626,39163964.162
1636642800000,2021-11-11T15:00:00+00:00,65174.5,65350,65001,65309.5,531.413,34635702.2665
1636643700000,2021-11-11T15:15:00+00:00,65309.5,65315.5,64883,64898,456.198,29679897.3045
1636644600000,2021-11-11T15:30:00+00:00,64898,64959,64711.5,64884.5,380.09,24633762.9105
1636645500000,2021-11-11T15:45:00+00:00,64884.5,64914.5,64734,64825.5,330.172,21402239.1575
1636646400000,2021-11-11T16:00:00+00:00,64825.5,64944.5,64759,64906,547.355,35497887.208
1636647300000,2021-11-11T16:15:00+00:00,64906,64964,64779.5,64894.5,537.551,34872244.572
1636648200000,2021-11-11T16:30:00+00:00,64894.5,65242,64894,64977.5,573.722,37332690.8455
1636649100000,2021-11-11T16:45:00+00:00,64977.5,65163,64977,65054,528.471,34389800.4865
1636650000000,2021-11-11T17:00:00+00:00,65054,65269.5,65052.5,65153.5,337.64,21993844.764
1636650900000,2021-11-11T17:15:00+00:00,65153.5,65207,65002,65089,346.331,22550652.065
1636651800000,2021-11-11T17:30:00+00:00,65089,65157.5,64997,65112,311.233,20255475.5265
1636652700000,2021-11-11T17:45:00+00:00,65112,65175.5,64883,64953.5,295.318,19199240.572
1636653600000,2021-11-11T18:00:00+00:00,64953.5,65034,64781.5,64872.5,252.249,16375837.7195
1636654500000,2021-11-11T18:15:00+00:00,64872.5,64903,64683,64690.5,280.02,18149213.8985
1636655400000,2021-11-11T18:30:00+00:00,64690.5,64776,64600.5,64700,240.787,15581977.113
1636656300000,2021-11-11T18:45:00+00:00,64700,64978,64698.5,64774,280.067,18155952.124
1636657200000,2021-11-11T19:00:00+00:00,64774,65043,64752.5,65042,296.628,19261401.704
1636658100000,2021-11-11T19:15:00+00:00,65042,65047.5,64936,64992,268.003,17420907.9385
1636659000000,2021-11-11T19:30:00+00:00,64992,65135.5,64989,65040.5,284.355,18496939.099
1636659900000,2021-11-11T19:45:00+00:00,65040.5,65250,65029.5,65145,238.286,15524232.915
1636660800000,2021-11-11T20:00:00+00:00,65145,65236,65104,65144.5,416.687,27158837.999
1636661700000,2021-11-11T20:15:00+00:00,65144.5,65155,65027,65083.5,370.687,24123842.8655
1636662600000,2021-11-11T20:30:00+00:00,65083.5,65090,64966,64995,496.268,32268318.361
1636663500000,2021-11-11T20:45:00+00:00,64995,65141,64786.5,64834,400.548,26035737.619
1636664400000,2021-11-11T21:00:00+00:00,64834,64877,64767,64820.5,253.429,16425163.0985
1636665300000,2021-11-11T21:15:00+00:00,64820.5,65111.5,64820.5,64983.5,273.267,17762334.045
1636666200000,2021-11-11T21:30:00+00:00,64982,65013,64846,64922.5,283.485,18404637.01
1636667100000,2021-11-11T21:45:00+00:00,64922.5,65062.5,64913.5,65059,212.93,13842563.291
1636668000000,2021-11-11T22:00:00+00:00,65059,65088.5,64906.5,64987,420.808,27346091.1285
1636668900000,2021-11-11T22:15:00+00:00,64987,65260,64986.5,65252.5,443.142,28871388.076
1636669800000,2021-11-11T22:30:00+00:00,65252.5,65336.5,65161.5,65161.5,473.733,30909440.779
1636670700000,2021-11-11T22:45:00+00:00,65161.5,65272.5,65132.5,65184.5,416.674,27158798.266
1636671600000,2021-11-11T23:00:00+00:00,65184.5,65201,65102,65147.5,504.48,32865558.0475
1636672500000,2021-11-11T23:15:00+00:00,65147.5,65157.5,65095.5,65108,548.05,35688385.371
1636673400000,2021-11-11T23:30:00+00:00,65108,65108,64860.5,64880.5,588.81,38256630.872
1636674300000,2021-11-11T23:45:00+00:00,64880.5,64955.5,64792.5,64812,597.384,38749255.954
1636675200000,2021-11-12T00:00:00+00:00,64812,64871,64676,64748,624.778,40486899.3025
1636676100000,2021-11-12T00:15:00+00:00,64748,64926,64724,64912,553.4,35874258.4885
1636677000000,2021-11-12T00:30:00+00:00,64912,64947,64779,64901.5,450.161,29208392.3565
1636677900000,2021-11-12T00:45:00+00:00,64901.5,64922,64837,64851,549.582,35652038.5525
1636678800000,2021-11-12T01:00:00+00:00,64851,64893,64501.5,64563.5,567.749,36739247.969
1636679700000,2021-11-12T01:15:00+00:00,64563.5,64622,64078,64562.5,1051.943,67729661.9665
1636680600000,2021-11-12T01:30:00+00:00,64562.5,65242.5,64517.5,65165.5,1322.347,85823041.3255
1636681500000,2021-11-12T01:45:00+00:00,65165.5,65402.5,65046.5,65119,802.893,52347531.7025
1636682400000,2021-11-12T02:00:00+00:00,65119,65480,65119,65474.5,720.573,47013832.6165
1636683300000,2021-11-12T02:15:00+00:00,65480,65480.5,65243,65290.5,730.096,47692162.7975
1636684200000,2021-11-12T02:30:00+00:00,65290.5,65293.5,64952,65133,678.506,44163123.172
1636685100000,2021-11-12T02:45:00+00:00,65133,65224,65031.5,65041,558.721,36379713.5955
1636686000000,2021-11-12T03:00:00+00:00,65041,65095,64874.5,64892,549.435,35686539.396
1636686900000,2021-11-12T03:15:00+00:00,64892,65068,64892,64971.5,487.408,31680098.507
1636687800000,2021-11-12T03:30:00+00:00,64971.5,64971.5,64784.5,64826.5,660.173,42816026.497
1636688700000,2021-11-12T03:45:00+00:00,64826.5,64937,64785.5,64857,560.91,36379666.5635
1636689600000,2021-11-12T04:00:00+00:00,64857,64888,64750,64771,779.725,50527443.784
1636690500000,2021-11-12T04:15:00+00:00,64771,64918,64724,64862.5,680.133,44090438.729
1636691400000,2021-11-12T04:30:00+00:00,64862.5,65094,64849.5,65048,755.226,49090946.537
1636692300000,2021-11-12T04:45:00+00:00,65048,65072.5,64918,64994,607.647,39500887.621
1636693200000,2021-11-12T05:00:00+00:00,64994,65037.5,64945.5,64963,321.068,20861863.7995
1636694100000,2021-11-12T05:15:00+00:00,64963,64963,64831,64844.5,324.028,21023491.4585
1636695000000,2021-11-12T05:30:00+00:00,64844.5,64906,64819.5,64848,330.617,21441912.157
1636695900000,2021-11-12T05:45:00+00:00,64848,64849.5,64694,64702.5,463.046,29979557.212
1636696800000,2021-11-12T06:00:00+00:00,64702.5,64784.5,64595,64629.5,493.353,31907692.918
1636697700000,2021-11-12T06:15:00+00:00,64629.5,64827,64570,64748.5,504.816,32668063.8755
1636698600000,2021-11-12T06:30:00+00:00,64748.5,64828,64744,64789,372.41,24127890.0135
1636699500000,2021-11-12T06:45:00+00:00,64789,64873,64464,64518.5,553.136,35770930.072
1636700400000,2021-11-12T07:00:00+00:00,64518.5,64631,64308.5,64409,667.199,43008466.6045
1636701300000,2021-11-12T07:15:00+00:00,64409,64585,64322.5,64462.5,567.751,36609831.1705
1636702200000,2021-11-12T07:30:00+00:00,64462.5,64653,64341.5,64426,512.896,33070492.221
1636703100000,2021-11-12T07:45:00+00:00,64426,64505.5,64239,64498.5,635.065,40883958.355
1636704000000,2021-11-12T08:00:00+00:00,64498.5,64647,64250,64634,465.608,30049045.5115
1636704900000,2021-11-12T08:15:00+00:00,64632.5,64738,64541,64623,468.052,30256523.248
1636705800000,2021-11-12T08:30:00+00:00,64623,64935,64593,64899,581.94,37721888.6085
1636706700000,2021-11-12T08:45:00+00:00,64899,64965,64785.5,64899,402.65,26130172.3995
1636707600000,2021-11-12T09:00:00+00:00,64899,64904,64780.5,64797,340.703,22093136.7765
1636708500000,2021-11-12T09:15:00+00:00,64797,64818,64270.5,64331,696.25,44927044.489
1636709400000,2021-11-12T09:30:00+00:00,64333.5,64656,63710,64395.5,1770.742,113634775.676
1636710300000,2021-11-12T09:45:00+00:00,64395.5,64512,63661,63829,1326.979,84971509.021
1636711200000,2021-11-12T10:00:00+00:00,63829,63990,63596,63865,1105.59,70517976.265
1636712100000,2021-11-12T10:15:00+00:00,63865,64232,63774,63961,880.135,56336439.9125
1636713000000,2021-11-12T10:30:00+00:00,63961,64122,63795,63899,523.654,33496927.822
1636713900000,2021-11-12T10:45:00+00:00,63899,63996,63546.5,63676,669.317,42672422.191
1636714800000,2021-11-12T11:00:00+00:00,63676,63992,63526,63915,956.908,61000469.777
1636715700000,2021-11-12T11:15:00+00:00,63915,64049,63687.5,63967,729.073,46608415.7615
1636716600000,2021-11-12T11:30:00+00:00,63967,64048.5,63735.5,63735.5,489.199,31254197.236
1636717500000,2021-11-12T11:45:00+00:00,63735.5,63788,63570,63756,540.858,34439471.7255
1636718400000,2021-11-12T12:00:00+00:00,63756,64081,63357.5,64075,1240.179,79121398.2
1636719300000,2021-11-12T12:15:00+00:00,64075,64230,63892,64030.5,714.371,45762395.1705
1636720200000,2021-11-12T12:30:00+00:00,64030.5,64033.5,63682,63769,670.572,42792267.445
1636721100000,2021-11-12T12:45:00+00:00,63769,63938,63635,63834,623.439,39780547.875
1636722000000,2021-11-12T13:00:00+00:00,63834,63950,63509,63595.5,1012.068,64468054.667
1636722900000,2021-11-12T13:15:00+00:00,63595.5,63653,63266,63624.5,1287.38,81724751.046
1636723800000,2021-11-12T13:30:00+00:00,63624.5,63888,63517,63872,821.955,52373944.358
1636724700000,2021-11-12T13:45:00+00:00,63872,64098,63740.5,63991,1052.186,67252763.485
1636725600000,2021-11-12T14:00:00+00:00,63993.5,64178,63910,64012.5,761.244,48758079.919
1636726500000,2021-11-12T14:15:00+00:00,64012.5,64027,63646,63670,825.019,52699042.0735
1636727400000,2021-11-12T14:30:00+00:00,63670,63893,63526,63679.5,902.864,57502078.0055
1636728300000,2021-11-12T14:45:00+00:00,63679.5,63767.5,63480.5,63504,638.556,40620854.3465
1636729200000,2021-11-12T15:00:00+00:00,63504,63595,63266,63332,934.169,59234620.266
1636730100000,2021-11-12T15:15:00+00:00,63332,63367.5,62916.5,63130.5,1530.399,96646478.7215
1636731000000,2021-11-12T15:30:00+00:00,63130.5,63253,62989.5,63183.5,838.066,52922744.406
1636731900000,2021-11-12T15:45:00+00:00,63183.5,63451.5,63151,63178,820.716,51968285.1375
1636732800000,2021-11-12T16:00:00+00:00,63178,63305,62800,63250,1041.114,65689955.9525
1636733700000,2021-11-12T16:15:00+00:00,63250,63371.5,62542,62734,1379.584,86852336.81
1636734600000,2021-11-12T16:30:00+00:00,62734,62859,62279.5,62359,1168.13,73060806.902
1636735500000,2021-11-12T16:45:00+00:00,62359,63121.5,62294,63087,933.327,58567190.3
1636736400000,2021-11-12T17:00:00+00:00,63087,63299.5,62944,63220,941.761,59504409.704
1636737300000,2021-11-12T17:15:00+00:00,63220,63421,62994.5,63374.5,1010.857,63864557.8535
1636738200000,2021-11-12T17:30:00+00:00,63374.5,63421,63247,63417.5,728.569,46132972.0395
1636739100000,2021-11-12T17:45:00+00:00,63417.5,63624,63304,63595,747.532,47411098.235
1636740000000,2021-11-12T18:00:00+00:00,63595,64000,63543,63778.5,824.336,52583512.563
1636740900000,2021-11-12T18:15:00+00:00,63778.5,64099,63727.5,63945,694.456,44424575.0645
1636741800000,2021-11-12T18:30:00+00:00,63945,64108,63834,63849.5,609.639,38991464.054
1636742700000,2021-11-12T18:45:00+00:00,63849.5,63918.5,63792.5,63889,711.949,45464216.4475
1636743600000,2021-11-12T19:00:00+00:00,63889,63911,63770,63771,315.974,20164983.311
1636744500000,2021-11-12T19:15:00+00:00,63771,63810,63594,63684,392.162,24984829.4985
1636745400000,2021-11-12T19:30:00+00:00,63684,63884,63612.5,63816.5,335.996,21437527.432
1636746300000,2021-11-12T19:45:00+00:00,63816.5,63915,63792.5,63857.5,268.033,17113878.7375
1636747200000,2021-11-12T20:00:00+00:00,63857.5,64368.5,63844.5,64262.5,801.742,51377616.477
1636748100000,2021-11-12T20:15:00+00:00,64262.5,64308,64027,64124.5,470.419,30158306.591
1636749000000,2021-11-12T20:30:00+00:00,64124.5,64194.5,64023,64046,429.225,27515030.7185
1636749900000,2021-11-12T20:45:00+00:00,64046,64217.5,63947.5,64133.5,365.325,23413238.018
1636750800000,2021-11-12T21:00:00+00:00,64133.5,64448.5,64076,64418,295.664,18983234.7195
1636751700000,2021-11-12T21:15:00+00:00,64419,64522.5,64183,64197.5,334.788,21542181.3
1636752600000,2021-11-12T21:30:00+00:00,64197.5,64269,64145,64223.5,246.372,15818430.34
1636753500000,2021-11-12T21:45:00+00:00,64223.5,64230.5,63993,64090.5,272.104,17440571.489
1636754400000,2021-11-12T22:00:00+00:00,64090.5,64186.5,64047.5,64070.5,380.949,24430447.205
1636755300000,2021-11-12T22:15:00+00:00,64070.5,64141,63980,64048.5,487.699,31245896.683
1636756200000,2021-11-12T22:30:00+00:00,64048.5,64096,64003.5,64071.5,477.054,30560270.045
1636757100000,2021-11-12T22:45:00+00:00,64071.5,64078,63722,63938.5,579.411,37020331.3135
1636758000000,2021-11-12T23:00:00+00:00,63938.5,64035.5,63910.5,63998.5,286.792,18353435.268
1636758900000,2021-11-12T23:15:00+00:00,63998.5,64067,63892.5,63987,386.163,24696400.1985
1636759800000,2021-11-12T23:30:00+00:00,63987,64102.5,63820.5,63830,358.205,22929939.157
1636760700000,2021-11-12T23:45:00+00:00,63830,64374.5,63830,64139,529.652,33979586.965
1636761600000,2021-11-13T00:00:00+00:00,64139,64449,64134.5,64342.5,654.119,42073883.3445
1636762500000,2021-11-13T00:15:00+00:00,64342.5,64404.5,64255.5,64297,553.715,35615372.7865
1636763400000,2021-11-13T00:30:00+00:00,64297,64398.5,64296.5,64346,569.178,36630429.058
1636764300000,2021-11-13T00:45:00+00:00,64346,64381,64265.5,64350.5,506.252,32568870.1055
1636765200000,2021-11-13T01:00:00+00:00,64350.5,64399.5,64201.5,64225.5,431.255,27730530.0515
1636766100000,2021-11-13T01:15:00+00:00,64225.5,64276.5,64074,64113,475.132,30488005.508
1636767000000,2021-11-13T01:30:00+00:00,64113,64181,64028.5,64103,384.586,24663281.305
1636767900000,2021-11-13T01:45:00+00:00,64103,64103,63863,63865,456.066,29174311.6625
1636768800000,2021-11-13T02:00:00+00:00,63865,63947,63750,63806.5,547.424,34948532.6485
1636769700000,2021-11-13T02:15:00+00:00,63806.5,63941.5,63786,63873.5,508.039,32443718.8875
1636770600000,2021-11-13T02:30:00+00:00,63873.5,64017,63868,63947,378.278,24192232.9325
1636771500000,2021-11-13T02:45:00+00:00,63947,64000,63589.5,63705,576.744,36773236.0745
1636772400000,2021-11-13T03:00:00+00:00,63705,63768.5,63630,63719.5,419.378,26716067.0245
1636773300000,2021-11-13T03:15:00+00:00,63719.5,63850,63719.5,63802,337.964,21553866.0945
1636774200000,2021-11-13T03:30:00+00:00,63802,63859.5,63669.5,63850.5,446.883,28478887.963
1636775100000,2021-11-13T03:45:00+00:00,63850.5,63880.5,63760.5,63788.5,479.489,30598079.802
1636776000000,2021-11-13T04:00:00+00:00,63788.5,63926,63668.5,63698.5,376.952,24043123.485
1636776900000,2021-11-13T04:15:00+00:00,63698.5,63767.5,63573,63765,332.865,21201107.0295
1636777800000,2021-11-13T04:30:00+00:00,63765,63885.5,63749,63811,356.381,22743610.981
1636778700000,2021-11-13T04:45:00+00:00,63811,63925,63637,63704,390.736,24918237.413
1636779600000,2021-11-13T05:00:00+00:00,63704,63727.5,63604,63645.5,376.237,23948139.672
1636780500000,2021-11-13T05:15:00+00:00,63645.5,63859.5,63645.5,63694,426.003,27165036.0305
1636781400000,2021-11-13T05:30:00+00:00,63694,63719,63516,63686.5,658.469,41903245.1975
1636782300000,2021-11-13T05:45:00+00:00,63686.5,63755,63579.5,63624,491.629,31306725.572
1636783200000,2021-11-13T06:00:00+00:00,63624,63823,63606.5,63661.5,818.768,52162889.0995
1636784100000,2021-11-13T06:15:00+00:00,63661.5,63766.5,63630.5,63762,728.086,46368751.4805
1636785000000,2021-11-13T06:30:00+00:00,63762,63825.5,63671.5,63720,807.124,51453217.4985
1636785900000,2021-11-13T06:45:00+00:00,63720,63882,63718,63866,803.244,51250401.194
1636786800000,2021-11-13T07:00:00+00:00,63866,63923,63794,63907.5,615.187,39294706.1035
1636787700000,2021-11-13T07:15:00+00:00,63907.5,63919,63786,63844.5,692.088,44194332.814
1636788600000,2021-11-13T07:30:00+00:00,63844.5,63850.5,63730,63822.5,665.728,42467612.9505
1636789500000,2021-11-13T07:45:00+00:00,63822.5,64143.5,63820,64040.5,761.706,48716542.669
1636790400000,2021-11-13T08:00:00+00:00,64040.5,64089.5,63923,64024,810.09,51849507.1735
1636791300000,2021-11-13T08:15:00+00:00,64024,64074.5,63941.5,63952,764.053,48895719.584
1636792200000,2021-11-13T08:30:00+00:00,63952,63990,63749,63787,1012.068,64648366.436
1636793100000,2021-11-13T08:45:00+00:00,63787,63978,63784.5,63827,782.477,49988657.7035
1636794000000,2021-11-13T09:00:00+00:00,63826,63881.5,63653.5,63698,643.485,41061163.0465
1636794900000,2021-11-13T09:15:00+00:00,63699,63758,63638,63709,635.754,40495649.468
1636795800000,2021-11-13T09:30:00+00:00,63709,63717,63563,63623,559.648,35618064.384
1636796700000,2021-11-13T09:45:00+00:00,63623,63623,63381,63478.5,867.703,55107698.298
1636797600000,2021-11-13T10:00:00+00:00,63478.5,63605,63394.5,63546.5,683.442,43412144.356
1636798500000,2021-11-13T10:15:00+00:00,63546.5,63606,63448.5,63462,538.505,34218959.467
1636799400000,2021-11-13T10:30:00+00:00,63462,63650,63455,63647,638.627,40604788.5395
1636800300000,2021-11-13T10:45:00+00:00,63647,63735.5,63596,63709.5,671.495,42742470.1495
1636801200000,2021-11-13T11:00:00+00:00,63709.5,63791,63632.5,63789.5,581.186,37019473.424
1636802100000,2021-11-13T11:15:00+00:00,63789.5,63799,63620,63647.5,430.028,27398648.2595
1636803000000,2021-11-13T11:30:00+00:00,63647.5,63664.5,63529,63578.5,606.373,38561128.373
1636803900000,2021-11-13T11:45:00+00:00,63578.5,63636,63517.5,63563,683.223,43432611.9835
1636804800000,2021-11-13T12:00:00+00:00,63563,63810,63524.5,63626,693.195,44132927.543
1636805700000,2021-11-13T12:15:00+00:00,63626,63641,63500.5,63552,602.245,38279172.9065
1636806600000,2021-11-13T12:30:00+00:00,63552,63565,63476,63512,588.818,37402604.8545
1636807500000,2021-11-13T12:45:00+00:00,63512,63715,63435.5,63538,939.315,59722420.65
1636808400000,2021-11-13T13:00:00+00:00,63538,63764,63498,63762,839.296,53395029.5815
1636809300000,2021-11-13T13:15:00+00:00,63762,63765,63571.5,63605.5,825.921,52550674.1465
1636810200000,2021-11-13T13:30:00+00:00,63605.5,63607,63520,63534.5,684.326,43497430.339
1636811100000,2021-11-13T13:45:00+00:00,63534.5,63617,63488.5,63615.5,831.82,52842973.7865
1636812000000,2021-11-13T14:00:00+00:00,63615.5,64245,63590,64136.5,1834.327,117394885.2815
1636812900000,2021-11-13T14:15:00+00:00,64136.5,64667,64080,64642.5,1287.955,82878783.0555
1636813800000,2021-11-13T14:30:00+00:00,64648,64829.5,64534,64589,999.61,64617779.3765
1636814700000,2021-11-13T14:45:00+00:00,64589,64776,64437,64725,1237.152,79926725.332
1636815600000,2021-11-13T15:00:00+00:00,64725,64785,64608,64687,933.727,60418846.245
1636816500000,2021-11-13T15:15:00+00:00,64687,64687,64528,64632,789.531,51013823.5175
1636817400000,2021-11-13T15:30:00+00:00,64632,64745,64586,64722.5,774.839,50128439.5985
1636818300000,2021-11-13T15:45:00+00:00,64722.5,64728,64605,64697.5,788.876,51023313.922
1636819200000,2021-11-13T16:00:00+00:00,64697.5,65007.5,64680.5,64841,1519.208,98512026.7045
1636820100000,2021-11-13T16:15:00+00:00,64841,64921,64735.5,64774,721.583,46758607.267
1636821000000,2021-11-13T16:30:00+00:00,64774,64865,64739,64800.5,714.044,46272815.4835
1636821900000,2021-11-13T16:45:00+00:00,64800.5,64826,64604.5,64622,828.171,53600771.979
1636822800000,2021-11-13T17:00:00+00:00,64622,64674,64540,64619,424.018,27402220.8235
1636823700000,2021-11-13T17:15:00+00:00,64619,64670.5,64524.5,64630.5,419.974,27128587.1145
1636824600000,2021-11-13T17:30:00+00:00,64633,64687.5,64627.5,64644.5,273.137,17659104.663
1636825500000,2021-11-13T17:45:00+00:00,64644.5,64670,64623.5,64658.5,340.091,21985145.1295
1636826400000,2021-11-13T18:00:00+00:00,64658.5,64688,64536.5,64540.5,637.02,41169938.126
1636827300000,2021-11-13T18:15:00+00:00,64540.5,64543.5,64273.5,64307.5,783.982,50495445.0385
1636828200000,2021-11-13T18:30:00+00:00,64307.5,64367,63917,64104.5,968.813,62111859.8375
1636829100000,2021-11-13T18:45:00+00:00,64104.5,64280,63981,64126,721.72,46282789.836
1636830000000,2021-11-13T19:00:00+00:00,64126,64194,63830.5,63954,666.553,42663553.635
1636830900000,2021-11-13T19:15:00+00:00,63954,64077,63925.5,64074,395.649,25320588.5135
1636831800000,2021-11-13T19:30:00+00:00,64074,64094.5,63943,64003,405.141,25937178.101
1636832700000,2021-11-13T19:45:00+00:00,64003,64019,63920.5,63938.5,379.065,24249989.073
1636833600000,2021-11-13T20:00:00+00:00,63938.5,64104,63932.5,64093,778.986,49878201.4085
1636834500000,2021-11-13T20:15:00+00:00,64093,64127.5,64010,64014,750.867,48108919.3035
1636835400000,2021-11-13T20:30:00+00:00,64014,64146,64009,64086.5,604.72,38764197.338
1636836300000,2021-11-13T20:45:00+00:00,64086.5,64411,64075.5,64349.5,804.529,51719425.2745
1636837200000,2021-11-13T21:00:00+00:00,64346.5,64373,64228,64249,712.278,45789503.9525
1636838100000,2021-11-13T21:15:00+00:00,64249,64312.5,64248,64284,672.345,43212097.9865
1636839000000,2021-11-13T21:30:00+00:00,64284,64284.5,64217,64246.5,622.206,39970654.5945
1636839900000,2021-11-13T21:45:00+00:00,64246.5,64371,64130.5,64371,805.877,51751684.524
1636840800000,2021-11-13T22:00:00+00:00,64371,64409,64272.5,64407.5,907,58325753.904
1636841700000,2021-11-13T22:15:00+00:00,64407.5,64408,64100,64340,730.482,46926934.913
1636842600000,2021-11-13T22:30:00+00:00,64340,64422,64334,64419.5,796.584,51286965.526
1636843500000,2021-11-13T22:45:00+00:00,64419.5,64428,64212,64265,743.601,47836183.6135
1636844400000,2021-11-13T23:00:00+00:00,64265,64349.5,64257.5,64326.5,448.484,28834478.359
1636845300000,2021-11-13T23:15:00+00:00,64326.5,64366,64260,64284.5,576.941,37113096.1665
1636846200000,2021-11-13T23:30:00+00:00,64284.5,64382,64238,64353.5,625.242,40204846.518
1636847100000,2021-11-13T23:45:00+00:00,64353.5,64574,64353,64387,685.083,44162034.1825
1636848000000,2021-11-14T00:00:00+00:00,64387,64668,64387,64632,689.592,44500785.4265
1636848900000,2021-11-14T00:15:00+00:00,64632,65365,64632,65189.5,1407.893,91625959.2235
1636849800000,2021-11-14T00:30:00+00:00,65189.5,65294.5,65021.5,65134.5,995.265,64817013.619
1636850700000,2021-11-14T00:45:00+00:00,65134.5,65247,64947,64994,655.177,42656072.8195
1636851600000,2021-11-14T01:00:00+00:00,64994,65086,64898,64919,498.014,32376148.572
1636852500000,2021-11-14T01:15:00+00:00,64919,65022,64839.5,64870.5,380.089,24686736.7445
1636853400000,2021-11-14T01:30:00+00:00,64872,64882,64641,64725.5,611.965,39627910.2515
1636854300000,2021-11-14T01:45:00+00:00,64725.5,64823,64710,64793.5,449.3,29099633.0045
1636855200000,2021-11-14T02:00:00+00:00,64793.5,64920,64792.5,64885.5,613.012,39773328.606
1636856100000,2021-11-14T02:15:00+00:00,64885.5,64918.5,64725.5,64803,563.471,36515698.6325
1636857000000,2021-11-14T02:30:00+00:00,64803,64871,64654.5,64722.5,615.485,39856401.856
1636857900000,2021-11-14T02:45:00+00:00,64722.5,64770,64636.5,64661.5,623.505,40339648.502
1636858800000,2021-11-14T03:00:00+00:00,64661.5,64795,64563,64567,602.449,38986659.966
1636859700000,2021-11-14T03:15:00+00:00,64566.5,64836,64562,64701.5,552.857,35753274.186
1636860600000,2021-11-14T03:30:00+00:00,64701.5,64836.5,64684.5,64691,542.401,35127521.0415
1636861500000,2021-11-14T03:45:00+00:00,64691,64726,64561,64667,611.7,39547271.137
1636862400000,2021-11-14T04:00:00+00:00,64667,64770,64662,64724,380.654,24639528.383
1636863300000,2021-11-14T04:15:00+00:00,64724,64849,64717.5,64833,396.309,25680144.3605
1636864200000,2021-11-14T04:30:00+00:00,64833,65027.5,64784.5,64899,530.977,34451764.6425
1636865100000,2021-11-14T04:45:00+00:00,64899,64907,64669,64761.5,471.251,30522870.109
1636866000000,2021-11-14T05:00:00+00:00,64761.5,64916,64685,64875,472.242,30599376.5445
1636866900000,2021-11-14T05:15:00+00:00,64875,64892,64492.5,64645,745.581,48215216.281
1636867800000,2021-11-14T05:30:00+00:00,64645,64741,64635,64709.5,474.57,30706520.5045
1636868700000,2021-11-14T05:45:00+00:00,64709.5,64981,64651,64908,618.254,40071011.7815
1636869600000,2021-11-14T06:00:00+00:00,64908,65163,64898,64971,540.725,35153864.377
1636870500000,2021-11-14T06:15:00+00:00,64971,65107.5,64783.5,64965.5,553.887,35977476.0155
1636871400000,2021-11-14T06:30:00+00:00,64965.5,64996,64698,64739,553.522,35880771.3775
1636872300000,2021-11-14T06:45:00+00:00,64739,64860,64709,64802.5,375.656,24344468.693
1636873200000,2021-11-14T07:00:00+00:00,64802.5,64881.5,64719,64768,346.8,22472821.6055
1636874100000,2021-11-14T07:15:00+00:00,64768,64870,64747.5,64800.5,271.208,17575512.55
1636875000000,2021-11-14T07:30:00+00:00,64800.5,64803,64550.5,64650,582.579,37677773.774
1636875900000,2021-11-14T07:45:00+00:00,64650,64717.5,64549,64624,469.644,30355988.8505
1636876800000,2021-11-14T08:00:00+00:00,64624,64791,64521,64618.5,525.953,33998000.697
1636877700000,2021-11-14T08:15:00+00:00,64618.5,64618.5,64161.5,64169.5,1092.17,70259835.1985
1636878600000,2021-11-14T08:30:00+00:00,64169.5,64297,64057,64294,691.715,44396930.5125
1636879500000,2021-11-14T08:45:00+00:00,64294,64385.5,64228,64310,476.398,30634471.7925
1636880400000,2021-11-14T09:00:00+00:00,64310,64310,64113.5,64278,465.343,29874586.1075
1636881300000,2021-11-14T09:15:00+00:00,64278,64396,64213,64369,387.826,24935026.8255
1636882200000,2021-11-14T09:30:00+00:00,64369,64396,64267.5,64319.5,383.893,24696081.1035
1636883100000,2021-11-14T09:45:00+00:00,64319.5,64333.5,64228,64261.5,383.265,24633284.466
1636884000000,2021-11-14T10:00:00+00:00,64261.5,64364,64181,64348.5,317.117,20384073.623
1636884900000,2021-11-14T10:15:00+00:00,64348.5,64488,64343,64470,331.157,21325960.6625
1636885800000,2021-11-14T10:30:00+00:00,64470,64470,64356,64392,239.319,15413264.2415
1636886700000,2021-11-14T10:45:00+00:00,64392,64485,64362,64398,355.88,22925297.4885
1636887600000,2021-11-14T11:00:00+00:00,64398,64398,64200,64332,648.405,41710671.739
1636888500000,2021-11-14T11:15:00+00:00,64332,64477.5,64331,64477.5,565.359,36406133.659
1636889400000,2021-11-14T11:30:00+00:00,64477.5,64477.5,64375.5,64424,598.344,38540216.0315
1636890300000,2021-11-14T11:45:00+00:00,64424,64473,64381.5,64449,413.05,26612278.988
1636891200000,2021-11-14T12:00:00+00:00,64449,64574,64288,64349.5,890.604,57381549.135
1636892100000,2021-11-14T12:15:00+00:00,64349.5,64464.5,64250,64406.5,731.408,47057596.808
1636893000000,2021-11-14T12:30:00+00:00,64406.5,64676,64363.5,64651.5,850.895,54898565.224
1636893900000,2021-11-14T12:45:00+00:00,64651.5,64731,64563,64596,692.809,44788478.525
1636894800000,2021-11-14T13:00:00+00:00,64596,64720,64519,64543,408.866,26410828.6795
1636895700000,2021-11-14T13:15:00+00:00,64543,64764,64516.5,64734.5,498.894,32255505.282
1636896600000,2021-11-14T13:30:00+00:00,64734.5,64793.5,64621,64624,437.367,28288860.2115
1636897500000,2021-11-14T13:45:00+00:00,64624,64738.5,64619.5,64638.5,343.21,22193004.103
1636898400000,2021-11-14T14:00:00+00:00,64638.5,64639,64496,64599,652.982,42163977.616
1636899300000,2021-11-14T14:15:00+00:00,64599,64659.5,64398.5,64446,668.394,43141614.9445
1636900200000,2021-11-14T14:30:00+00:00,64446,64457,64153.5,64232.5,942.286,60587639.9885
1636901100000,2021-11-14T14:45:00+00:00,64232.5,64388,64231,64357,634.587,40816343.014
1636902000000,2021-11-14T15:00:00+00:00,64357,64357,64010,64020,694.339,44571487.773
1636902900000,2021-11-14T15:15:00+00:00,64020,64224,64003,64129,582.641,37374032.896
1636903800000,2021-11-14T15:30:00+00:00,64129,64196,64087,64169,402.723,25824742.0535
1636904700000,2021-11-14T15:45:00+00:00,64169,64211.5,64003,64082,499.696,32037320.0165
1636905600000,2021-11-14T16:00:00+00:00,64082,64140,63850,64048.5,961.834,61586296.0885
1636906500000,2021-11-14T16:15:00+00:00,64049.5,64178.5,63997.5,64161,753.863,48316427.0955
1636907400000,2021-11-14T16:30:00+00:00,64161,64219,63689,63713.5,1143.513,73072001.9895
1636908300000,2021-11-14T16:45:00+00:00,63713.5,63823.5,63605,63735,716.247,45620868.4345
1636909200000,2021-11-14T17:00:00+00:00,63735,63813,63651.5,63788,634.395,40438116.1655
1636910100000,2021-11-14T17:15:00+00:00,63788,63839,63706,63761.5,531.166,33874999.618
1636911000000,2021-11-14T17:30:00+00:00,63761.5,63808,63637,63796.5,415.276,26457866.108
1636911900000,2021-11-14T17:45:00+00:00,63796.5,64261.5,63796,64180,674.228,43165187.774
1636912800000,2021-11-14T18:00:00+00:00,64180,64428.5,64143.5,64144,516.464,33206552.612
1636913700000,2021-11-14T18:15:00+00:00,64144,64152,63840.5,63971,559.471,35822177.566
1636914600000,2021-11-14T18:30:00+00:00,63971,64037,63926,63969.5,335.072,21432634.705
1636915500000,2021-11-14T18:45:00+00:00,63969.5,64029,63871,64024.5,339.826,21730607.837
1636916400000,2021-11-14T19:00:00+00:00,64024.5,64054,63880,63889.5,427.998,27370245.712
1636917300000,2021-11-14T19:15:00+00:00,63889.5,64140,63885,64021.5,516.378,33043505.1045
1636918200000,2021-11-14T19:30:00+00:00,64021.5,64213.5,63977,64068.5,476.85,30567148.243
1636919100000,2021-11-14T19:45:00+00:00,64068.5,64183,63969,64182.5,487.631,31248986.33
1636920000000,2021-11-14T20:00:00+00:00,64182.5,64406.5,64175,64280,603.532,38805320.101
1636920900000,2021-11-14T20:15:00+00:00,64280,64324,64210,64268.5,500.038,32131843.918
1636921800000,2021-11-14T20:30:00+00:00,64268.5,64271.5,64063,64124,503.758,32306228.5135
1636922700000,2021-11-14T20:45:00+00:00,64124,64259.5,64073.5,64233,488.608,31336682.6955
1636923600000,2021-11-14T21:00:00+00:00,64233,64300,64051,64300,335.318,21515952.802
1636924500000,2021-11-14T21:15:00+00:00,64300,64330,64100,64119.5,368.642,23657880.3075
1636925400000,2021-11-14T21:30:00+00:00,64119.5,64478,64106,64411.5,492.843,31718033.278
1636926300000,2021-11-14T21:45:00+00:00,64411.5,64428,64292.5,64308.5,388.578,25007546.4035
1636927200000,2021-11-14T22:00:00+00:00,64308.5,64549,64289,64513,409.965,26412181.5735
1636928100000,2021-11-14T22:15:00+00:00,64513,64733,64469,64590,640.916,41386504.75
1636929000000,2021-11-14T22:30:00+00:00,64590,64841,64555.5,64555.5,647.706,41904928.4
1636929900000,2021-11-14T22:45:00+00:00,64555.5,64578,64448.5,64522,388.406,25055282.401
1636930800000,2021-11-14T23:00:00+00:00,64522,64728,64357,64674,661.845,42714901.3255
1636931700000,2021-11-14T23:15:00+00:00,64674,64788,64552.5,64788,534.948,34583335.196
1636932600000,2021-11-14T23:30:00+00:00,64788,65127,64674.5,64960,1027.957,66707528.3455
1636933500000,2021-11-14T23:45:00+00:00,64960,65546,64954,65541.5,1194.062,77949160.5165
1636934400000,2021-11-15T00:00:00+00:00,65541.5,66106.5,65541.5,65935.5,1586.69,104507222.009
1636935300000,2021-11-15T00:15:00+00:00,65935.5,66231.5,65772.5,65954,960.928,63437638.1665
1636936200000,2021-11-15T00:30:00+00:00,65954,66124,65837,65877,596.491,39345741.9415
1636937100000,2021-11-15T00:45:00+00:00,65877,66106,65877,65888.5,415.307,27416946.092
1636938000000,2021-11-15T01:00:00+00:00,65888.5,65966,65745.5,65812,534.397,35190288.553
1636938900000,2021-11-15T01:15:00+00:00,65812,65863.5,65553,65658.5,563.195,36982853.348
1636939800000,2021-11-15T01:30:00+00:00,65658.5,65955.5,65629.5,65832.5,528.188,34755827.7495
1636940700000,2021-11-15T01:45:00+00:00,65832.5,65953.5,65683.5,65929,490.107,32269007.3135
1636941600000,2021-11-15T02:00:00+00:00,65929,65966,65857,65896,496.644,32739434.747
1636942500000,2021-11-15T02:15:00+00:00,65896,65921,65710,65802.5,494.65,32552058.082
1636943400000,2021-11-15T02:30:00+00:00,65802.5,65805.5,65691.5,65771.5,420.174,27617312.6125
1636944300000,2021-11-15T02:45:00+00:00,65771.5,65799.5,65679,65733,455.414,29931204.8255
1636945200000,2021-11-15T03:00:00+00:00,65733,65793,65656.5,65789,459.981,30232110.5185
1636946100000,2021-11-15T03:15:00+00:00,65789,65789,65644,65696.5,317.605,20861640.073
1636947000000,2021-11-15T03:30:00+00:00,65696.5,65896.5,65693.5,65862,420.991,27695762.1725
1636947900000,2021-11-15T03:45:00+00:00,65862,65864,65663,65732.5,479.347,31509500.3455
1636948800000,2021-11-15T04:00:00+00:00,65732.5,65858.5,65726.5,65813,621.493,40907417.92
1636949700000,2021-11-15T04:15:00+00:00,65813,65869.5,65723,65810.5,569.95,37506987.1995
1636950600000,2021-11-15T04:30:00+00:00,65810.5,65824.5,65745.5,65768.5,551.57,36284000.9925
1636951500000,2021-11-15T04:45:00+00:00,65768.5,65852,65710.5,65776.5,463.494,30484223.19
1636952400000,2021-11-15T05:00:00+00:00,65776.5,65842,65758.5,65810.5,394.316,25942563.976
1636953300000,2021-11-15T05:15:00+00:00,65810.5,65912.5,65802,65815,461.327,30385058.261
1636954200000,2021-11-15T05:30:00+00:00,65815,65874,65760,65762.5,431.883,28419058.7525
1636955100000,2021-11-15T05:45:00+00:00,65762.5,65796,65696,65713,429.941,28266325.5955
1636956000000,2021-11-15T06:00:00+00:00,65713,65738.5,65625,65738,713.56,46865574.902
1636956900000,2021-11-15T06:15:00+00:00,65738,65827.5,65722,65827,592.124,38938232.341
1636957800000,2021-11-15T06:30:00+00:00,65825.5,65861,65768.5,65789,437.792,28811555.35
1636958700000,2021-11-15T06:45:00+00:00,65789,65801.5,65671.5,65692.5,542.199,35628960.714
1636959600000,2021-11-15T07:00:00+00:00,65692.5,65761.5,65627.5,65753.5,826.725,54295189.773
1636960500000,2021-11-15T07:15:00+00:00,65753.5,65754,65631,65643.5,493.747,32438478.6735
1636961400000,2021-11-15T07:30:00+00:00,65643.5,65687.5,65533,65533,660.683,43355605.7025
1636962300000,2021-11-15T07:45:00+00:00,65541,65648,65530,65606,552.744,36254846.966
1636963200000,2021-11-15T08:00:00+00:00,65606,65702.5,65445,65485.5,643.296,42179235.649
1636964100000,2021-11-15T08:15:00+00:00,65486,65486.5,65306.5,65396.5,992.767,64903829.985
1636965000000,2021-11-15T08:30:00+00:00,65396.5,65578.5,65362.5,65567.5,660.216,43230531.153
1636965900000,2021-11-15T08:45:00+00:00,65567.5,65867,65540,65766.5,983.378,64645337.0655
1636966800000,2021-11-15T09:00:00+00:00,65766.5,66351.5,65711.5,66343.5,1697.75,112158049.725
1636967700000,2021-11-15T09:15:00+00:00,66350.5,66374.5,66030,66140.5,862.397,57047425.822
1636968600000,2021-11-15T09:30:00+00:00,66140.5,66163,65850,65872.5,725.035,47840976.5515
1636969500000,2021-11-15T09:45:00+00:00,65872.5,66044.5,65865.5,66008.5,771.024,50875374.1795
1636970400000,2021-11-15T10:00:00+00:00,66008.5,66033.5,65856.5,65919.5,341.767,22527922.699
1636971300000,2021-11-15T10:15:00+00:00,65919.5,65974.5,65763,65768.5,431.742,28446833.142
1636972200000,2021-11-15T10:30:00+00:00,65768.5,65918.5,65768.5,65890.5,358.983,23645827.5725
1636973100000,2021-11-15T10:45:00+00:00,65890.5,66073.5,65801.5,65946,394.164,25996353.659
1636974000000,2021-11-15T11:00:00+00:00,65946,65970.5,65872,65899.5,377.848,24900600.904
1636974900000,2021-11-15T11:15:00+00:00,65899.5,65900,65785,65796.5,376.768,24805239.456
1636975800000,2021-11-15T11:30:00+00:00,65796.5,65861.5,65651,65813,643.663,42339714.4185
1636976700000,2021-11-15T11:45:00+00:00,65813,65813,65704.5,65767.5,402.308,26455547.7175
1636977600000,2021-11-15T12:00:00+00:00,65767.5,65850.5,65669.5,65730,715.414,47028035.044
1636978500000,2021-11-15T12:15:00+00:00,65730,65837.5,65570,65778.5,989.971,65061061.582
1636979400000,2021-11-15T12:30:00+00:00,65778.5,65972,65768,65871,861.278,56707892.6815
1636980300000,2021-11-15T12:45:00+00:00,65871,65905,65700,65712.5,717.879,47239060.131
1636981200000,2021-11-15T13:00:00+00:00,65712.5,65815,65687,65794,591.318,38883201.3275
1636982100000,2021-11-15T13:15:00+00:00,65794,65803,65561,65567.5,683.422,44866014.7345
1636983000000,2021-11-15T13:30:00+00:00,65567.5,65608.5,65412,65490,892.94,58487403.508
1636983900000,2021-11-15T13:45:00+00:00,65490,65540,65404,65538.5,835.822,54745626.627
1636984800000,2021-11-15T14:00:00+00:00,65538.5,65538.5,65203.5,65344.5,925.401,60509320.711
1636985700000,2021-11-15T14:15:00+00:00,65343.5,65398.5,64990,65154,1128.698,73534165.592
1636986600000,2021-11-15T14:30:00+00:00,65154,65284.5,65075.5,65188.5,614.118,40031313.22
1636987500000,2021-11-15T14:45:00+00:00,65201.5,65201.5,64776.5,64864.5,1113.509,72307882.595
1636988400000,2021-11-15T15:00:00+00:00,64864.5,64912.5,64430,64682,1758.971,113728631.6775
1636989300000,2021-11-15T15:15:00+00:00,64682,64783,64545,64607.5,731.938,47324229.9325
1636990200000,2021-11-15T15:30:00+00:00,64607.5,64680,64368,64368,775.265,50016075.505
1636991100000,2021-11-15T15:45:00+00:00,64369,64588,64250.5,64296.5,991.411,63896496.495
1636992000000,2021-11-15T16:00:00+00:00,64296.5,64441,64083,64142.5,1468.329,94373234.754
1636992900000,2021-11-15T16:15:00+00:00,64142.5,64298,63927.5,64139.5,1281.754,82210844.766
1636993800000,2021-11-15T16:30:00+00:00,64139.5,64432,64064,64164.5,887.474,57044228.4735
1636994700000,2021-11-15T16:45:00+00:00,64164.5,64280,63974,64280,783.205,50219975.516
1636995600000,2021-11-15T17:00:00+00:00,64280,64398,64125.5,64374,603.937,38813100.6
1636996500000,2021-11-15T17:15:00+00:00,64374,64446,64229,64282,515.702,33169044.142
1636997400000,2021-11-15T17:30:00+00:00,64282,64376,64245.5,64337,381.378,24527359.563
1636998300000,2021-11-15T17:45:00+00:00,64337,64338,64032,64044,548.047,35169815.6745
1636999200000,2021-11-15T18:00:00+00:00,64044,64185,63955,63981,590.722,37859091.5545
1637000100000,2021-11-15T18:15:00+00:00,63981,64082,63847,64020,792.588,50707753.776
1637001000000,2021-11-15T18:30:00+00:00,64020,64044.5,63801,63813.5,618.345,39537866.9415
1637001900000,2021-11-15T18:45:00+00:00,63813.5,63902,63636,63832,643.231,41026131.1635
1637002800000,2021-11-15T19:00:00+00:00,63832,63944,63665.5,63936.5,709.637,45275971.0945
1637003700000,2021-11-15T19:15:00+00:00,63936.5,64062.5,63825.5,64032,612.923,39186090.979
1637004600000,2021-11-15T19:30:00+00:00,64032,64279.5,63987,64236,761.848,48842018.3615
1637005500000,2021-11-15T19:45:00+00:00,64236,64311,64121,64249.5,700.548,44972323.669
1637006400000,2021-11-15T20:00:00+00:00,64249.5,64249.5,63910,64065,730.894,46801724.156
1637007300000,2021-11-15T20:15:00+00:00,64065,64065.5,63823.5,63841,607.653,38840917.34
1637008200000,2021-11-15T20:30:00+00:00,63841,63953,63784,63830.5,685.3,43766857.7055
1637009100000,2021-11-15T20:45:00+00:00,63830.5,64140,63812.5,63910,664.606,42537958.6115
1637010000000,2021-11-15T21:00:00+00:00,63910,63912,63382.5,63822,1061.014,67602205.209
1637010900000,2021-11-15T21:15:00+00:00,63822,64008,63727.5,63785.5,421.162,26914002.0225
1637011800000,2021-11-15T21:30:00+00:00,63785.5,63974,63757,63888,267.007,17055836.547
1637012700000,2021-11-15T21:45:00+00:00,63888,64007.5,63858.5,63886,291.627,18639338.6225
1637013600000,2021-11-15T22:00:00+00:00,63886,63886,63603.5,63609.5,391.215,24938707.1095
1637014500000,2021-11-15T22:15:00+00:00,63609.5,63625.5,63421,63605,575.98,36600518.168
1637015400000,2021-11-15T22:30:00+00:00,63605,63759,63605,63752,364.301,23205216.312
1637016300000,2021-11-15T22:45:00+00:00,63752,64020,63752,63972,508.473,32493876.544
1637017200000,2021-11-15T23:00:00+00:00,63972,63977,63815,63863,459.811,29377451.394
1637018100000,2021-11-15T23:15:00+00:00,63863,63992,63634.5,63654.5,537.33,34290850.691
1637019000000,2021-11-15T23:30:00+00:00,63654.5,63815,63551,63815,618.629,39406982.2085
1637019900000,2021-11-15T23:45:00+00:00,63815,63823,63481,63604,757.019,48194318.443
1637020800000,2021-11-16T00:00:00+00:00,63604,63609.5,62500,62800.5,3128.068,196975085.239
1637021700000,2021-11-16T00:15:00+00:00,62800.5,62972.5,62577.5,62610,1272.301,79858299.47
1637022600000,2021-11-16T00:30:00+00:00,62610,62923.5,62514.5,62814,854.081,53576977.0935
1637023500000,2021-11-16T00:45:00+00:00,62814,62978,62488.5,62562.5,1043.422,65462714.404
1637024400000,2021-11-16T01:00:00+00:00,62562.5,62657.5,60888,62029,3708.423,229011203.171
1637025300000,2021-11-16T01:15:00+00:00,62024.5,62155.5,61709,61914.5,749.724,46419577.0235
1637026200000,2021-11-16T01:30:00+00:00,61914.5,62151.5,61625,62149,775.928,47971780.9855
1637027100000,2021-11-16T01:45:00+00:00,62149,62265,62024.5,62117.5,609.57,37885394.0225
1637028000000,2021-11-16T02:00:00+00:00,62117.5,62208.5,61864.5,62180.5,581.304,36054526.907
1637028900000,2021-11-16T02:15:00+00:00,62180.5,62216,62046,62057.5,450.744,28016972.8295
1637029800000,2021-11-16T02:30:00+00:00,62057.5,62063,61760,61839.5,359.451,22257845.1995
1637030700000,2021-11-16T02:45:00+00:00,61839.5,61954,61516,61642.5,1337.152,82534219.6935
1637031600000,2021-11-16T03:00:00+00:00,61642.5,61817.5,61401,61812,753.069,46384795.9405
1637032500000,2021-11-16T03:15:00+00:00,61812,61818,60483,60906,1739.496,106406657.8375
1637033400000,2021-11-16T03:30:00+00:00,60906,61226,60450,60676,1722.518,104799071.0875
1637034300000,2021-11-16T03:45:00+00:00,60676,61204,60439,60898,1218.153,74147160.334
1637035200000,2021-11-16T04:00:00+00:00,60898,61121,60461.5,60520,1310.67,79612425.741
1637036100000,2021-11-16T04:15:00+00:00,60528.5,61187,60312,61103,1240.199,75306164.2415
1637037000000,2021-11-16T04:30:00+00:00,61103,61412.5,61032,61349,702.455,43052632.806
1637037900000,2021-11-16T04:45:00+00:00,61349,61531.5,61185,61207.5,525.556,32231863.247
1637038800000,2021-11-16T05:00:00+00:00,61207.5,61310.5,61004,61031.5,541.162,33076743.211
1637039700000,2021-11-16T05:15:00+00:00,61031.5,61333,61023.5,61319.5,402.807,24646593.961
1637040600000,2021-11-16T05:30:00+00:00,61319.5,61425,60790.5,61316.5,893.734,54648254.8955
1637041500000,2021-11-16T05:45:00+00:00,61316.5,61316.5,60838.5,60954.5,624.202,38096241.4625
1637042400000,2021-11-16T06:00:00+00:00,60954.5,61016.5,60735,60988.5,541.453,32959848.558
1637043300000,2021-11-16T06:15:00+00:00,60988.5,61010.5,60324,60362,692.847,42055209.546
1637044200000,2021-11-16T06:30:00+00:00,60351.5,60818.5,60304.5,60634.5,747.45,45287629.198
1637045100000,2021-11-16T06:45:00+00:00,60634.5,60922,60634.5,60833,526.107,31994156.121
1637046000000,2021-11-16T07:00:00+00:00,60833,61041.5,60758,60810,398.788,24293550.7145
1637046900000,2021-11-16T07:15:00+00:00,60810,60912.5,60645.5,60769,368.928,22418424.5425
1637047800000,2021-11-16T07:30:00+00:00,60769,60931.5,60438,60559.5,539.661,32707523.297
1637048700000,2021-11-16T07:45:00+00:00,60559.5,60828,60417,60818.5,604.572,36654523.9075
1637049600000,2021-11-16T08:00:00+00:00,60807.5,60946,60602.5,60758,805.949,48996047.517
1637050500000,2021-11-16T08:15:00+00:00,60759,60936,60648,60742,738.574,44899365.904
1637051400000,2021-11-16T08:30:00+00:00,60742,60987,60728,60986,584.992,35605324.5565
1637052300000,2021-11-16T08:45:00+00:00,60986,61027,60822,60997.5,645.523,39349567.709
1637053200000,2021-11-16T09:00:00+00:00,60997.5,61285.5,60691,60793.5,1016.447,61950303.1725
1637054100000,2021-11-16T09:15:00+00:00,60792.5,60793.5,60485,60565,620.175,37573638.816
1637055000000,2021-11-16T09:30:00+00:00,60565,60580.5,60222,60446.5,819.622,49495720.6005
1637055900000,2021-11-16T09:45:00+00:00,60446.5,60647,60138.5,60181,877.54,52979051.8445
1637056800000,2021-11-16T10:00:00+00:00,60181,60258,58554.5,58621.5,3748.026,222586453.2065
1637057700000,2021-11-16T10:15:00+00:00,58621.5,59373,58601,59257.5,1143.949,67642300.6455
1637058600000,2021-11-16T10:30:00+00:00,59257.5,59933.5,59142.5,59923.5,1138.04,67834030.9555
1637059500000,2021-11-16T10:45:00+00:00,59923.5,60298.5,59684.5,60165.5,717.995,43007774.7205
1637060400000,2021-11-16T11:00:00+00:00,60165.5,60490,60044.5,60331,1004.949,60601244.0065
1637061300000,2021-11-16T11:15:00+00:00,60331,60464,60177.5,60464,474.478,28598358.7955
1637062200000,2021-11-16T11:30:00+00:00,60461,60638.5,60274,60371,778.928,47096864.3165
1637063100000,2021-11-16T11:45:00+00:00,60371,60612,60367.5,60556.5,482.193,29172115.9055
1637064000000,2021-11-16T12:00:00+00:00,60556.5,60835.5,60326,60747,636.937,38598376.011
1637064900000,2021-11-16T12:15:00+00:00,60747,60855,60609,60612,351.198,21327382.6405
1637065800000,2021-11-16T12:30:00+00:00,60612,60692,60436,60514,344.513,20858775.909
1637066700000,2021-11-16T12:45:00+00:00,60514,60532,60021.5,60037.5,457.857,27591789.0055
1637067600000,2021-11-16T13:00:00+00:00,60037.5,60355,60035.5,60239,461.683,27804717.4575
1637068500000,2021-11-16T13:15:00+00:00,60239,60551.5,60235,60422,427.681,25837311.321
1637069400000,2021-11-16T13:30:00+00:00,60422,60731,60283,60683.5,415.226,25117932.1
1637070300000,2021-11-16T13:45:00+00:00,60683.5,60762.5,60484.5,60545.5,386.517,23425027.4015
1637071200000,2021-11-16T14:00:00+00:00,60545.5,60955,60462,60704.5,700.745,42562897.053
1637072100000,2021-11-16T14:15:00+00:00,60704.5,60835,60615.5,60715.5,501.888,30486078.809
1637073000000,2021-11-16T14:30:00+00:00,60715.5,61162,60629,61157,685.954,41802592.7295
1637073900000,2021-11-16T14:45:00+00:00,61157,61387.5,60890,60899,762.424,46612386.9785
1637074800000,2021-11-16T15:00:00+00:00,60899,61073,60762,60924,506.889,30901211.88
1637075700000,2021-11-16T15:15:00+00:00,60924,60991.5,60790.5,60847,341.401,20781395.857
1637076600000,2021-11-16T15:30:00+00:00,60847,60950,60711,60792,407.334,24781108.253
1637077500000,2021-11-16T15:45:00+00:00,60792,60836,60589,60686.5,406.862,24698962.2445
1637078400000,2021-11-16T16:00:00+00:00,60686.5,60854.5,60532,60731,346.238,21010283.702
1637079300000,2021-11-16T16:15:00+00:00,60731,60920,60537.5,60556,331.917,20142927.845
1637080200000,2021-11-16T16:30:00+00:00,60556,60647,60373,60559,400.144,24226231.418
1637081100000,2021-11-16T16:45:00+00:00,60559,60708.5,60543,60646.5,261.134,15834279.878
1637082000000,2021-11-16T17:00:00+00:00,60646.5,60780,60646.5,60730.5,431.955,26231392.1275
1637082900000,2021-11-16T17:15:00+00:00,60730.5,60742.5,60552,60581,356.227,21603018.8375
1637083800000,2021-11-16T17:30:00+00:00,60581,60583.5,60210,60474,585.097,35329159.298
1637084700000,2021-11-16T17:45:00+00:00,60474,60624,60411.5,60472.5,482.615,29202093.6005
1637085600000,2021-11-16T18:00:00+00:00,60472.5,60644,60472.5,60561,228.397,13833889.345
1637086500000,2021-11-16T18:15:00+00:00,60561,60607.5,60354,60368,193.22,11686730.6365
1637087400000,2021-11-16T18:30:00+00:00,60368,60482.5,60123.5,60254.5,249.58,15042612.8805
1637088300000,2021-11-16T18:45:00+00:00,60254.5,60288,59963.5,59963.5,389.78,23432917.8945
1637089200000,2021-11-16T19:00:00+00:00,59988.5,60461.5,59840,60311.5,477.402,28755535.1525
1637090100000,2021-11-16T19:15:00+00:00,60311.5,60414.5,60177,60414,349.179,21057730.2425
1637091000000,2021-11-16T19:30:00+00:00,60414,60635.5,60024,60077.5,474.885,28620691.463
1637091900000,2021-11-16T19:45:00+00:00,60077.5,60256.5,59783,60231,539.766,32380214.56
1637092800000,2021-11-16T20:00:00+00:00,60243,60243,59858.5,59892,593.59,35618556.2295
1637093700000,2021-11-16T20:15:00+00:00,59892,59949.5,59600,59684.5,656.207,39215747.8415
1637094600000,2021-11-16T20:30:00+00:00,59684.5,59732,59242.5,59377.5,655.385,38991458.3385
1637095500000,2021-11-16T20:45:00+00:00,59377.5,59790.5,59124.5,59732.5,909.804,54123773.548
1637096400000,2021-11-16T21:00:00+00:00,59732.5,60655,59673.5,60593,773.207,46585401.9375
1637097300000,2021-11-16T21:15:00+00:00,60593,60924.5,60381,60441,647.393,39278555.6205
1637098200000,2021-11-16T21:30:00+00:00,60441,60686.5,60345,60498,519.286,31426915.6365
1637099100000,2021-11-16T21:45:00+00:00,60498,60555,60287.5,60460.5,337.633,20390762.6555
1637100000000,2021-11-16T22:00:00+00:00,60460.5,60651.5,60380,60628.5,250.985,15189345.0755
1637100900000,2021-11-16T22:15:00+00:00,60628.5,60828,60493.5,60827.5,389.585,23624051.524
1637101800000,2021-11-16T22:30:00+00:00,60827.5,61129,60645,60724,478.193,29107130.642
1637102700000,2021-11-16T22:45:00+00:00,60724,60724,60579,60584,310.61,18837284.282
1637103600000,2021-11-16T23:00:00+00:00,60584,60674.5,60426,60438,414.292,25093717.4845
1637104500000,2021-11-16T23:15:00+00:00,60438,60488.5,60346.5,60384.5,569.981,34439701.9145
1637105400000,2021-11-16T23:30:00+00:00,60384.5,60467.5,60196,60321.5,546.014,32941065.941
1637106300000,2021-11-16T23:45:00+00:00,60321.5,60367.5,60062.5,60080.5,524.631,31593934.9495
1637107200000,2021-11-17T00:00:00+00:00,60080.5,60425.5,59775.5,60111.5,1069.097,64268402.857
1637108100000,2021-11-17T00:15:00+00:00,60111.5,60282.5,59594.5,59737.5,861.731,51581032.809
1637109000000,2021-11-17T00:30:00+00:00,59737.5,60014,59591,59666,779.606,46657114.2535
1637109900000,2021-11-17T00:45:00+00:00,59666,59836,59487.5,59733.5,539.571,32180595.7335
1637110800000,2021-11-17T01:00:00+00:00,59733.5,59912.5,59544,59787,589.039,35163886.978
1637111700000,2021-11-17T01:15:00+00:00,59787,60215.5,59702.5,60146.5,526.826,31596621.2775
1637112600000,2021-11-17T01:30:00+00:00,60146.5,60287,59996.5,60107.5,562.612,33829450.4075
1637113500000,2021-11-17T01:45:00+00:00,60107.5,60162,59253.5,59336,875.761,52274246.547
1637114400000,2021-11-17T02:00:00+00:00,59336,59533,59095,59363.5,652.766,38721182.438
1637115300000,2021-11-17T02:15:00+00:00,59363.5,59671.5,59257.5,59587,382.708,22780142.649
1637116200000,2021-11-17T02:30:00+00:00,59587,59730,59301.5,59306.5,406.903,24217414.308
1637117100000,2021-11-17T02:45:00+00:00,59306.5,59498,59227,59372,416.635,24734034.77
1637118000000,2021-11-17T03:00:00+00:00,59372,59545.5,58763,58764,876,51791515.6245
1637118900000,2021-11-17T03:15:00+00:00,58763,59521.5,58535.5,59508.5,1700.807,100214062.894
1637119800000,2021-11-17T03:30:00+00:00,59521.5,59765,59174.5,59324,1173.124,69771601.199
1637120700000,2021-11-17T03:45:00+00:00,59324,59523.5,58995,59048,792.847,46992444.388
1637121600000,2021-11-17T04:00:00+00:00,59040,59212,58738,58738,1063.09,62735498.976
1637122500000,2021-11-17T04:15:00+00:00,58740,59320,58583.5,59314,1552.457,91589213.1555
1637123400000,2021-11-17T04:30:00+00:00,59314,59488,59123,59251.5,1005.315,59612434.624
1637124300000,2021-11-17T04:45:00+00:00,59251.5,59434,58919.5,59408.5,1069.585,63288748.3765
1637125200000,2021-11-17T05:00:00+00:00,59408.5,59586,59255,59479.5,888.083,52806062.1185
1637126100000,2021-11-17T05:15:00+00:00,59479.5,59680,59371.5,59416,668.244,39783886.241
1637127000000,2021-11-17T05:30:00+00:00,59418,59727,59401,59603.5,633.654,37773737.426
1637127900000,2021-11-17T05:45:00+00:00,59603.5,59822.5,59467.5,59600.5,801.678,47784817.5695
1637128800000,2021-11-17T06:00:00+00:00,59600.5,59708.5,59381.5,59464.5,533.139,31749121.599
1637129700000,2021-11-17T06:15:00+00:00,59464.5,59602,59303,59541.5,478.767,28462715.2125
1637130600000,2021-11-17T06:30:00+00:00,59541.5,59773.5,59541.5,59576,516,30789646.007
1637131500000,2021-11-17T06:45:00+00:00,59576,59694.5,59344.5,59608.5,529.572,31512450.0055
1637132400000,2021-11-17T07:00:00+00:00,59608.5,59742.5,59445.5,59468,631.759,37622976.499
1637133300000,2021-11-17T07:15:00+00:00,59468,59541.5,59358,59456,576.273,34253247.3425
1637134200000,2021-11-17T07:30:00+00:00,59456,60084,59453.5,60035.5,994.89,59463477.156
1637135100000,2021-11-17T07:45:00+00:00,60035.5,60149,59665,59700,816.299,48930286.6425
1637136000000,2021-11-17T08:00:00+00:00,59700,59886,59587.5,59848.5,874.526,52275075.5025
1637136900000,2021-11-17T08:15:00+00:00,59848.5,60006.5,59705.5,59730,611.803,36624113.459
1637137800000,2021-11-17T08:30:00+00:00,59730,59814,59630.5,59745.5,701.708,41905262.045
1637138700000,2021-11-17T08:45:00+00:00,59745.5,59903,59582.5,59596,798.883,47688644.8405
1637139600000,2021-11-17T09:00:00+00:00,59596,59599.5,59206.5,59243.5,865.3,51391595.022
1637140500000,2021-11-17T09:15:00+00:00,59243.5,59463.5,59087.5,59146,706.67,41877982.814
1637141400000,2021-11-17T09:30:00+00:00,59146,59301.5,59014.5,59273,602.384,35651059.5615
1637142300000,2021-11-17T09:45:00+00:00,59273,59362,58816,58941.5,1066.119,62903797.1775
1637143200000,2021-11-17T10:00:00+00:00,58941.5,59215.5,58936.5,59067.5,822.739,48608296.84
1637144100000,2021-11-17T10:15:00+00:00,59067.5,59263,59067.5,59107,657.592,38910922.1805
1637145000000,2021-11-17T10:30:00+00:00,59107,60062,58379.5,59790.5,3502.783,207194009.314
1637145900000,2021-11-17T10:45:00+00:00,59790.5,60587,59565.5,60494,2878.556,173096255.9435
1637146800000,2021-11-17T11:00:00+00:00,60490.5,60629,60322,60470.5,891.411,53891369.4215
1637147700000,2021-11-17T11:15:00+00:00,60470.5,60679,60391,60536,725.397,43921616.1935
1637148600000,2021-11-17T11:30:00+00:00,60536,60594.5,60327.5,60399,592.293,35788984.889
1637149500000,2021-11-17T11:45:00+00:00,60399,60810.5,60384,60749.5,679.056,41117983.238
1637150400000,2021-11-17T12:00:00+00:00,60751.5,60798,60558,60651.5,616.48,37389691.9425
1637151300000,2021-11-17T12:15:00+00:00,60651.5,60651.5,60483,60512,594.228,35982932.0575
1637152200000,2021-11-17T12:30:00+00:00,60512,60626,60414,60545,628.636,38052160.9615
1637153100000,2021-11-17T12:45:00+00:00,60545,60575,60429,60452,524.357,31723019.133
1637154000000,2021-11-17T13:00:00+00:00,60452,60583,60301.5,60419.5,688.835,41618105.443
1637154900000,2021-11-17T13:15:00+00:00,60419.5,60449.5,60238,60295,839.473,50625273.5315
1637155800000,2021-11-17T13:30:00+00:00,60295,60425,60232,60269,607.124,36635875.411
1637156700000,2021-11-17T13:45:00+00:00,60269,60332.5,60093.5,60117,796.559,47959544.194
1637157600000,2021-11-17T14:00:00+00:00,60117,60316,60112.5,60147.5,713.451,42964625.7645
1637158500000,2021-11-17T14:15:00+00:00,60153,60304,59982,60263.5,1068.168,64271043.39
1637159400000,2021-11-17T14:30:00+00:00,60263.5,60277.5,59816.5,59881.5,1034.782,62064995.543
1637160300000,2021-11-17T14:45:00+00:00,59881.5,59938,59597.5,59633,879.8,52575400.9455
1637161200000,2021-11-17T15:00:00+00:00,59633,59731,59507.5,59551,631.3,37645316.162
1637162100000,2021-11-17T15:15:00+00:00,59551,59648,59348.5,59461.5,575.243,34233447.6905
1637163000000,2021-11-17T15:30:00+00:00,59461.5,59684,59382,59536.5,529.627,31534111.296
1637163900000,2021-11-17T15:45:00+00:00,59536.5,59796.5,59536,59609,691.95,41261553.6285
1637164800000,2021-11-17T16:00:00+00:00,59609,59904.5,59415.5,59880,823.433,49080310.3645
1637165700000,2021-11-17T16:15:00+00:00,59880,60042.5,59557,59980,1334.715,79843010.5805
1637166600000,2021-11-17T16:30:00+00:00,59982.5,60365,59912.5,60250,924.035,55591228.9785
1637167500000,2021-11-17T16:45:00+00:00,60250,60447,60214,60409.5,510.732,30814410.8195
1637168400000,2021-11-17T17:00:00+00:00,60409.5,60423.5,60054.5,60097.5,867.401,52228460.3915
1637169300000,2021-11-17T17:15:00+00:00,60097.5,60232,60007,60094,717.354,43131514.3325
1637170200000,2021-11-17T17:30:00+00:00,60094,60299,60010,60091.5,624.92,37574256.355
1637171100000,2021-11-17T17:45:00+00:00,60091.5,60491.5,60074,60231.5,1055.69,63600775.1365
1637172000000,2021-11-17T18:00:00+00:00,60231.5,60447.5,60228,60380.5,433.903,26179016.3235
1637172900000,2021-11-17T18:15:00+00:00,60380.5,60539.5,60353.5,60532,393.696,23798979.9745
1637173800000,2021-11-17T18:30:00+00:00,60532,60560,60360.5,60481.5,538.93,32579761.1465
1637174700000,2021-11-17T18:45:00+00:00,60481.5,60643,60420.5,60450.5,535.429,32403953.634
1637175600000,2021-11-17T19:00:00+00:00,60450.5,60657,60354,60376,283.051,17127788.368
1637176500000,2021-11-17T19:15:00+00:00,60376,60400,60238,60391,348.504,21020978.9135
1637177400000,2021-11-17T19:30:00+00:00,60391,60426.5,60163,60217,308.382,18592465.051
1637178300000,2021-11-17T19:45:00+00:00,60217,60321.5,60103,60203,374.708,22556193.156
1637179200000,2021-11-17T20:00:00+00:00,60203,60362,60105.5,60114.5,342.723,20642443.0625
1637180100000,2021-11-17T20:15:00+00:00,60114.5,60212.5,60032,60154.5,313.077,18820242.8625
1637181000000,2021-11-17T20:30:00+00:00,60154.5,60579.5,60105,60489,465.475,28092295.8205
1637181900000,2021-11-17T20:45:00+00:00,60489,60527.5,60303,60396,263.845,15939001.5465
1637182800000,2021-11-17T21:00:00+00:00,60394,60396,60050.5,60119,558.538,33625586.313
1637183700000,2021-11-17T21:15:00+00:00,60119,60192,59782.5,59816.5,608.385,36476919.758
1637184600000,2021-11-17T21:30:00+00:00,59816.5,59961,59816.5,59919.5,574.648,34416030.801
1637185500000,2021-11-17T21:45:00+00:00,59919.5,60116.5,59841,60116.5,610.807,36624192.69
1637186400000,2021-11-17T22:00:00+00:00,60116.5,60127,59931,60082.5,378.332,22707983.506
1637187300000,2021-11-17T22:15:00+00:00,60082.5,60089,59663.5,59820.5,539.165,32265907.4975
1637188200000,2021-11-17T22:30:00+00:00,59820.5,60070,59808.5,59964.5,441.151,26423929.9375
1637189100000,2021-11-17T22:45:00+00:00,59964.5,59996,59822.5,59977,405.598,24296495.258
1637190000000,2021-11-17T23:00:00+00:00,59977,60108,59809.5,59851.5,459.812,27583235.059
1637190900000,2021-11-17T23:15:00+00:00,59851.5,60057,59845.5,60047.5,396.603,23791030.8265
1637191800000,2021-11-17T23:30:00+00:00,60047.5,60087.5,59963.5,60023,321.227,19272463.934
1637192700000,2021-11-17T23:45:00+00:00,60023,60503,60023,60337,668.633,40322755.84
1637193600000,2021-11-18T00:00:00+00:00,60337,60584.5,60134.5,60513,984.124,59412967.238
1637194500000,2021-11-18T00:15:00+00:00,60513,60738,60405.5,60499,876.369,53073848.6205
1637195400000,2021-11-18T00:30:00+00:00,60499,60622,60448,60512.5,680.878,41218017.93
1637196300000,2021-11-18T00:45:00+00:00,60512.5,60621.5,60453,60492,516.551,31286023.027
1637197200000,2021-11-18T01:00:00+00:00,60492,60522,60231.5,60255.5,478.24,28888302.046
1637198100000,2021-11-18T01:15:00+00:00,60255.5,60283,60096,60253.5,488.83,29418691.738
1637199000000,2021-11-18T01:30:00+00:00,60253.5,60965,60252,60671,1124.521,68281597.3005
1637199900000,2021-11-18T01:45:00+00:00,60671,60725.5,60434,60563.5,654.082,39605552.4075
1637200800000,2021-11-18T02:00:00+00:00,60563.5,60751.5,60403.5,60467,879.355,53286916.559
1637201700000,2021-11-18T02:15:00+00:00,60467,60508,60402,60506,624.661,37761148.9055
1637202600000,2021-11-18T02:30:00+00:00,60506,60693.5,60433.5,60641.5,739.846,44824879.955
1637203500000,2021-11-18T02:45:00+00:00,60641.5,60738.5,60478,60644.5,779.04,47249796.0945
1637204400000,2021-11-18T03:00:00+00:00,60644.5,60661.5,60318,60320,477.394,28878547.4705
1637205300000,2021-11-18T03:15:00+00:00,60320,60419,60210,60282,440.316,26554315.5255
1637206200000,2021-11-18T03:30:00+00:00,60282,60316.5,60005.5,60094.5,452.523,27215012.919
1637207100000,2021-11-18T03:45:00+00:00,60094.5,60158,59846.5,59850,618.144,37061991.5495
1637208000000,2021-11-18T04:00:00+00:00,59850,59963,59783.5,59798,658.837,39442344.06
1637208900000,2021-11-18T04:15:00+00:00,59798,60082.5,59715.5,59767,782.196,46842687.288
1637209800000,2021-11-18T04:30:00+00:00,59767,59855,59633,59806.5,685.698,40964680.3735
1637210700000,2021-11-18T04:45:00+00:00,59806.5,59967,59669.5,59687,388.937,23270970.4785
1637211600000,2021-11-18T05:00:00+00:00,59687,59740,59546.5,59667,659.294,39324378.6055
1637212500000,2021-11-18T05:15:00+00:00,59667,59805.5,59605.5,59748,531.756,31760753.813
1637213400000,2021-11-18T05:30:00+00:00,59748,59880,59745.5,59791.5,475.703,28448094.728
1637214300000,2021-11-18T05:45:00+00:00,59791.5,59899,59731.5,59812,525.665,31436722.355
1637215200000,2021-11-18T06:00:00+00:00,59812,59853.5,59593.5,59709.5,540.228,32263217.7005
1637216100000,2021-11-18T06:15:00+00:00,59709.5,60036.5,59678.5,59773.5,771.451,46183534.841
1637217000000,2021-11-18T06:30:00+00:00,59773.5,59872.5,59685.5,59749,419.676,25086003.168
1637217900000,2021-11-18T06:45:00+00:00,59749,59850,59593,59833,452.848,27043224.4785
1637218800000,2021-11-18T07:00:00+00:00,59833,59891.5,59660,59696,340.147,20324942.2125
1637219700000,2021-11-18T07:15:00+00:00,59696,59768,59581.5,59613,369.177,22024020.9695
1637220600000,2021-11-18T07:30:00+00:00,59613,59763.5,59523.5,59746,497.555,29675916.242
1637221500000,2021-11-18T07:45:00+00:00,59746,59823.5,59710.5,59760.5,324.077,19371057.028
1637222400000,2021-11-18T08:00:00+00:00,59760.5,59851,59544,59559.5,427.001,25473829.6075
1637223300000,2021-11-18T08:15:00+00:00,59559.5,59803.5,59491.5,59792,427.365,25505700.0395
1637224200000,2021-11-18T08:30:00+00:00,59792,59832.5,59519.5,59540,499.596,29794174.718
1637225100000,2021-11-18T08:45:00+00:00,59540,59682,59494.5,59677.5,375.082,22342047.0125
1637226000000,2021-11-18T09:00:00+00:00,59677.5,59750.5,59278.5,59408,974.216,57964099.8965
1637226900000,2021-11-18T09:15:00+00:00,59405,59480,59264,59289.5,712.044,42283568.419
1637227800000,2021-11-18T09:30:00+00:00,59289.5,59404,59098.5,59210,925.747,54826688.5385
1637228700000,2021-11-18T09:45:00+00:00,59210,59481.5,58989,59297,906.485,53692200.0915
1637229600000,2021-11-18T10:00:00+00:00,59297,59550.5,59120,59165,641.495,38065859.1145
1637230500000,2021-11-18T10:15:00+00:00,59165,59445.5,58982,59352,788.128,46692635.199
1637231400000,2021-11-18T10:30:00+00:00,59352,59620.5,59344,59573,598.605,35620511.08
1637232300000,2021-11-18T10:45:00+00:00,59573,59845.5,59535.5,59791,481.092,28696674.114
1637233200000,2021-11-18T11:00:00+00:00,59791,59962,59701.5,59863,524.891,31411507.7175
1637234100000,2021-11-18T11:15:00+00:00,59863,59870.5,59698.5,59804,371.058,22170678.9705
1637235000000,2021-11-18T11:30:00+00:00,59804,59805,59501.5,59518.5,352.602,21020444.885
1637235900000,2021-11-18T11:45:00+00:00,59518.5,59627,59159.5,59216,549.295,32633492.8255
1637236800000,2021-11-18T12:00:00+00:00,59216,59524,59001.5,59500.5,1005.702,59605286.976
1637237700000,2021-11-18T12:15:00+00:00,59500.5,59947,59297.5,59566.5,929.25,55430660.8635
1637238600000,2021-11-18T12:30:00+00:00,59565,59656.5,59190,59301.5,650.727,38662191.076
1637239500000,2021-11-18T12:45:00+00:00,59301.5,59377.5,58993,59110,776.607,45971825.0405
1637240400000,2021-11-18T13:00:00+00:00,59110,59332.5,58971.5,59084,613.004,36272227.664
1637241300000,2021-11-18T13:15:00+00:00,59084,59156.5,58777,58894,700.878,41304096.784
1637242200000,2021-11-18T13:30:00+00:00,58894,59756.5,58790.5,59464.5,1228.805,73066910.369
1637243100000,2021-11-18T13:45:00+00:00,59461.5,59519.5,59047.5,59209.5,712.095,42197935.8905
1637244000000,2021-11-18T14:00:00+00:00,59209.5,59307,58927,58983,770.691,45555680.861
1637244900000,2021-11-18T14:15:00+00:00,58983,59110,58943.5,58943.5,405.46,23929148.373
1637245800000,2021-11-18T14:30:00+00:00,58943.5,59105,58805.5,58814.5,526.389,31029821.4155
1637246700000,2021-11-18T14:45:00+00:00,58814.5,59132.5,58787.5,58914,704.185,41487939.7505
1637247600000,2021-11-18T15:00:00+00:00,58914,59089,58609.5,58733.5,827.482,48705965.2525
1637248500000,2021-11-18T15:15:00+00:00,58733.5,58881.5,57632.5,58826.5,2809.301,163614294.74
1637249400000,2021-11-18T15:30:00+00:00,58853,59278,58590,58596.5,1791.37,105626315.6115
1637250300000,2021-11-18T15:45:00+00:00,58590,58705.5,57915,58095,1366.327,79703987.12
1637251200000,2021-11-18T16:00:00+00:00,58095,58475,57889.5,58395,1006.087,58511575.315
1637252100000,2021-11-18T16:15:00+00:00,58395,58472.5,57388,57724.5,1601.478,92527353.355
1637253000000,2021-11-18T16:30:00+00:00,57724.5,57822,57237,57507.5,1037.479,59687715.7865
1637253900000,2021-11-18T16:45:00+00:00,57507.5,57710.5,57231.5,57292,641.556,36866657.235
1637254800000,2021-11-18T17:00:00+00:00,57292,57477.5,56600,56798.5,2342.048,133495123.6595
1637255700000,2021-11-18T17:15:00+00:00,56798.5,57835,56794.5,57733,1210.397,69489374.131
1637256600000,2021-11-18T17:30:00+00:00,57733,58043.5,57620,57895,1005.239,58183769.1575
1637257500000,2021-11-18T17:45:00+00:00,57895,58066,57502.5,57560,674.233,38936907.786
1637258400000,2021-11-18T18:00:00+00:00,57560,57833.5,57555.5,57661,568.392,32795056.2165
1637259300000,2021-11-18T18:15:00+00:00,57661,57982.5,57520,57773.5,755.208,43638721.842
1637260200000,2021-11-18T18:30:00+00:00,57773.5,58083,57712.5,57802.5,501.564,29041239.1555
1637261100000,2021-11-18T18:45:00+00:00,57802.5,58027,57771,58003.5,552.371,31987365.85
1637262000000,2021-11-18T19:00:00+00:00,58003.5,58139,58000,58098.5,317.901,18457523.016
1637262900000,2021-11-18T19:15:00+00:00,58098.5,58241,58069.5,58145.5,334.335,19443030.4645
1637263800000,2021-11-18T19:30:00+00:00,58145.5,58307,58000,58062,348.074,20259168.827
1637264700000,2021-11-18T19:45:00+00:00,58062,58066.5,57736,57924.5,432.149,25018901.7335
1637265600000,2021-11-18T20:00:00+00:00,57924.5,57958.5,57607,57828.5,577.778,33394489.5555
1637266500000,2021-11-18T20:15:00+00:00,57828.5,57988,57708.5,57957,522.947,30279218.732
1637267400000,2021-11-18T20:30:00+00:00,57957,58062,57887,58049,484.865,28110595.752
1637268300000,2021-11-18T20:45:00+00:00,58049,58460.5,57930.5,57947,703.13,40979999.251
1637269200000,2021-11-18T21:00:00+00:00,57947,58220.5,57943,58075,316.541,18390755.7955
1637270100000,2021-11-18T21:15:00+00:00,58075,58111,57839,57843.5,298.018,17271360.0655
1637271000000,2021-11-18T21:30:00+00:00,57843.5,57913,57663.5,57671,297.854,17213267.4485
1637271900000,2021-11-18T21:45:00+00:00,57671,57714.5,57411,57574.5,325.759,18757277.83
1637272800000,2021-11-18T22:00:00+00:00,57574.5,57649,56694.5,57249.5,655.961,37496074.7095
1637273700000,2021-11-18T22:15:00+00:00,57249.5,57429,57078,57343,391.431,22415600.682
1637274600000,2021-11-18T22:30:00+00:00,57343,57642,56832,56952.5,522.664,29954390.5165
1637275500000,2021-11-18T22:45:00+00:00,56952.5,57127,56524.5,56611.5,731.589,41557455.642
1637276400000,2021-11-18T23:00:00+00:00,56611.5,56937,56485.5,56603,652.8,36989833.9415
1637277300000,2021-11-18T23:15:00+00:00,56603,56941,56496.5,56858,611.28,34679703.9805
1637278200000,2021-11-18T23:30:00+00:00,56858,56982,56588,56693.5,810.948,46011498.2145
1637279100000,2021-11-18T23:45:00+00:00,56693.5,56978,56540.5,56901.5,544.245,30919521.553
1637280000000,2021-11-19T00:00:00+00:00,56901.5,57373.5,56684.5,57311.5,1193.247,68061734.932
1637280900000,2021-11-19T00:15:00+00:00,57311.5,57370,56913.5,57056.5,630.642,36015872.815
1637281800000,2021-11-19T00:30:00+00:00,57056.5,57473,56942.5,57444,681.699,39036907.526
1637282700000,2021-11-19T00:45:00+00:00,57444,57494.5,57222.5,57494,532.823,30573804.3785
1637283600000,2021-11-19T01:00:00+00:00,57494,57525.5,57131.5,57289.5,474.995,27210129.5715
1637284500000,2021-11-19T01:15:00+00:00,57289.5,57343,56961,56964,555.621,31732384.8565
1637285400000,2021-11-19T01:30:00+00:00,56964,57124,56776,56793.5,658.137,37500074.8535
1637286300000,2021-11-19T01:45:00+00:00,56793.5,56892,56642.5,56712.5,690.477,39179861.705
1637287200000,2021-11-19T02:00:00+00:00,56712.5,56860.5,56548,56825,357.866,20297283.3425
1637288100000,2021-11-19T02:15:00+00:00,56825,56945,56563,56602,426.106,24191285.41
1637289000000,2021-11-19T02:30:00+00:00,56602,56650.5,56155.5,56255.5,726.711,41029833.6445
1637289900000,2021-11-19T02:45:00+00:00,56255.5,56389.5,55822,56079,1129.459,63333163.5515
1637290800000,2021-11-19T03:00:00+00:00,56079,56209,55945,56151.5,1025.249,57519037.02
1637291700000,2021-11-19T03:15:00+00:00,56151.5,56163,55867,55922,902.224,50506930.595
1637292600000,2021-11-19T03:30:00+00:00,55922,55975,55615,55680.5,991.882,55354720.353
1637293500000,2021-11-19T03:45:00+00:00,55680.5,55910.5,55619.5,55904.5,729.55,40686242.714
1637294400000,2021-11-19T04:00:00+00:00,55904.5,56022,55829.5,55943.5,771.152,43131209.794
1637295300000,2021-11-19T04:15:00+00:00,55943.5,56127.5,55925,56087,706.024,39578257.649
1637296200000,2021-11-19T04:30:00+00:00,56088,56220.5,56006.5,56128.5,463.003,25986469.8605
1637297100000,2021-11-19T04:45:00+00:00,56128.5,56319.5,56084.5,56248.5,586.738,32962131.3175
1637298000000,2021-11-19T05:00:00+00:00,56248.5,56355,56221,56300,468.122,26348389.4185
1637298900000,2021-11-19T05:15:00+00:00,56300,56311.5,56023.5,56061,561.863,31555141.105
1637299800000,2021-11-19T05:30:00+00:00,56061,56437,56059,56364,682.128,38416749.5155
1637300700000,2021-11-19T05:45:00+00:00,56364,56496,56342.5,56400,417.614,23558607.885
1637301600000,2021-11-19T06:00:00+00:00,56400,56474.5,56295.5,56369.5,690.848,38948789.247
1637302500000,2021-11-19T06:15:00+00:00,56369.5,56428.5,56257,56359.5,647.756,36487234.1595
1637303400000,2021-11-19T06:30:00+00:00,56359.5,56428.5,56168,56188.5,653.023,36777094.767
1637304300000,2021-11-19T06:45:00+00:00,56188.5,56345,56143,56307.5,635.782,35764975.2725
1637305200000,2021-11-19T07:00:00+00:00,56307.5,56457.5,56089.5,56092,593.034,33343983.0425
1637306100000,2021-11-19T07:15:00+00:00,56092,56169,55944,56056.5,566.941,31783719.5035
1637307000000,2021-11-19T07:30:00+00:00,56056.5,56071.5,55895,56047.5,532.961,29835531.513
1637307900000,2021-11-19T07:45:00+00:00,56047.5,56081,55877,56019.5,425.915,23840998.6195
1637308800000,2021-11-19T08:00:00+00:00,56019.5,56413.5,55993,56379.5,808.362,45428641.973
1637309700000,2021-11-19T08:15:00+00:00,56379.5,57379.5,56376,57361,1563.082,89006303.8455
1637310600000,2021-11-19T08:30:00+00:00,57361,57372,57127.5,57205,901.24,51587540.438
1637311500000,2021-11-19T08:45:00+00:00,57205,57312.5,56980,57029.5,559.217,31932717.452
1637312400000,2021-11-19T09:00:00+00:00,57029.5,57210,57014,57207,852.947,48703292.547
1637313300000,2021-11-19T09:15:00+00:00,57207,57482,57100,57144.5,916.841,52534069.508
1637314200000,2021-11-19T09:30:00+00:00,57144.5,57208,57059,57186,661.287,37780066.55
1637315100000,2021-11-19T09:45:00+00:00,57186,57207.5,56959.5,57005,596.166,34029501.694
1637316000000,2021-11-19T10:00:00+00:00,57005,57054,56802.5,56813,651.122,37046318.746
1637316900000,2021-11-19T10:15:00+00:00,56813,56921,56706.5,56899.5,634.99,36081594.98
1637317800000,2021-11-19T10:30:00+00:00,56899.5,56913.5,56763.5,56810,484.42,27531903.2155
1637318700000,2021-11-19T10:45:00+00:00,56810,56920,56774.5,56896.5,504.252,28656117.209
1637319600000,2021-11-19T11:00:00+00:00,56896.5,57205.5,56557.5,56597,1172.946,66714983.209
1637320500000,2021-11-19T11:15:00+00:00,56595.5,56752.5,56509,56662.5,745.11,42220802.9885
1637321400000,2021-11-19T11:30:00+00:00,56662.5,57101,56615.5,56922.5,728.309,41384491.2095
1637322300000,2021-11-19T11:45:00+00:00,56922.5,57016.5,56745.5,56997.5,584.047,33196214.533
1637323200000,2021-11-19T12:00:00+00:00,56997.5,57250,56887,57223.5,1026.559,58595183.926
1637324100000,2021-11-19T12:15:00+00:00,57223.5,57364,57119.5,57322.5,620.096,35487447.9235
1637325000000,2021-11-19T12:30:00+00:00,57322.5,57355,57196,57228.5,676.278,38726760.34
1637325900000,2021-11-19T12:45:00+00:00,57228.5,57299,56895,56897.5,865.404,49425729.4255
1637326800000,2021-11-19T13:00:00+00:00,56897.5,57062,56715.5,57055,932.706,53057299.6295
1637327700000,2021-11-19T13:15:00+00:00,57055,57531.5,56926,57343,1185.71,67858604.742
1637328600000,2021-11-19T13:30:00+00:00,57343,57654.5,57291.5,57490,919.132,52849230.033
1637329500000,2021-11-19T13:45:00+00:00,57490,57717,57490,57616,944.14,54409102.468
1637330400000,2021-11-19T14:00:00+00:00,57610,57982.5,57610,57940,1034.541,59790909.373
1637331300000,2021-11-19T14:15:00+00:00,57940,57955,57658,57730,964.012,55748204.535
1637332200000,2021-11-19T14:30:00+00:00,57730,57828,57580,57818,1058.306,61073619.0525
1637333100000,2021-11-19T14:45:00+00:00,57818,58061,57771,57991,919.204,53223419.7305
1637334000000,2021-11-19T15:00:00+00:00,57991,58024,57639,57737,622.944,36011796.2745
1637334900000,2021-11-19T15:15:00+00:00,57737,57900,57643,57790,538.481,31119263.072
1637335800000,2021-11-19T15:30:00+00:00,57790,58002.5,57690,57963,508.456,29402752.428
1637336700000,2021-11-19T15:45:00+00:00,57963,58162.5,57849.5,57884.5,802.559,46531399.8435
1637337600000,2021-11-19T16:00:00+00:00,57884.5,58086,57819,57957,803.254,46577326.2365
1637338500000,2021-11-19T16:15:00+00:00,57957,58055,57751.5,57778.5,602.101,34852622.3605
1637339400000,2021-11-19T16:30:00+00:00,57778.5,58012.5,57778.5,57959,727.703,42142538.4875
1637340300000,2021-11-19T16:45:00+00:00,57959,58238,57851,58156,755.568,43873237.1095
1637341200000,2021-11-19T17:00:00+00:00,58156,58295,58103.5,58233.5,655.545,38159101.361
1637342100000,2021-11-19T17:15:00+00:00,58233.5,58318.5,58065,58312.5,586.074,34107726.6145
1637343000000,2021-11-19T17:30:00+00:00,58312.5,58312.5,57994,58105.5,487.547,28357602.3085
1637343900000,2021-11-19T17:45:00+00:00,58105.5,58169,57943,57985,497.666,28879958.15
1637344800000,2021-11-19T18:00:00+00:00,57985,58078.5,57907,58033,271.065,15720383.906
1637345700000,2021-11-19T18:15:00+00:00,58033,58073.5,57840,57875,322.757,18702164.106
1637346600000,2021-11-19T18:30:00+00:00,57875,57926.5,57763,57871.5,331.621,19183046.7845
1637347500000,2021-11-19T18:45:00+00:00,57871.5,57913,57772.5,57881,311.865,18045086.4415
1637348400000,2021-11-19T19:00:00+00:00,57881,57968,57833,57955,357.557,20704406.1685
1637349300000,2021-11-19T19:15:00+00:00,57955,57969,57852.5,57852.5,327.824,18982637.053
1637350200000,2021-11-19T19:30:00+00:00,57852.5,57861,57690,57810,385.967,22306202.256
1637351100000,2021-11-19T19:45:00+00:00,57810,58083,57809.5,58043,390.895,22655459.204
1637352000000,2021-11-19T20:00:00+00:00,58043,58118.5,57902.5,57926,314.887,18265975.6725
1637352900000,2021-11-19T20:15:00+00:00,57926,57929.5,57748,57772.5,316.406,18297608.146
1637353800000,2021-11-19T20:30:00+00:00,57772.5,57957.5,57695,57938.5,301.784,17437982.753
1637354700000,2021-11-19T20:45:00+00:00,57938.5,58027.5,57772,57772,372.194,21555777.861
1637355600000,2021-11-19T21:00:00+00:00,57785,57798,57544,57650,772.008,44513675.9645
1637356500000,2021-11-19T21:15:00+00:00,57650,57808,57650,57704.5,613.213,35411848.0625
1637357400000,2021-11-19T21:30:00+00:00,57704.5,57899,57704,57851,527.205,30479851.619
1637358300000,2021-11-19T21:45:00+00:00,57851,57928,57777,57811.5,512.315,29641239.535
1637359200000,2021-11-19T22:00:00+00:00,57811.5,57953,57784,57899.5,551.082,31893253.9935
1637360100000,2021-11-19T22:15:00+00:00,57899.5,57974,57797,57937.5,672.509,38925661.262
1637361000000,2021-11-19T22:30:00+00:00,57937.5,57939,57773.5,57786.5,457.631,26494062.323
1637361900000,2021-11-19T22:45:00+00:00,57786.5,57841,57695,57820,633.975,36621718.345
1637362800000,2021-11-19T23:00:00+00:00,57820,58066,57737.5,58026,324.37,18780876.7585
1637363700000,2021-11-19T23:15:00+00:00,58026,58067.5,57867,57941,323.8,18775685.3515
1637364600000,2021-11-19T23:30:00+00:00,57941,57952,57794,57826,362.686,20980214.029
1637365500000,2021-11-19T23:45:00+00:00,57826,58140,57819.5,58055,398.729,23129060.756
1637366400000,2021-11-20T00:00:00+00:00,58055,58542.5,57950.5,58461.5,943.592,54946108.3935
1637367300000,2021-11-20T00:15:00+00:00,58461.5,58567.5,58366,58430,573.558,33532759.5435
1637368200000,2021-11-20T00:30:00+00:00,58430,58459,58093,58276.5,709.858,41345164.2535
1637369100000,2021-11-20T00:45:00+00:00,58276.5,58340,58157.5,58231,391.05,22781047.48
1637370000000,2021-11-20T01:00:00+00:00,58231,58510.5,58179,58506.5,577.217,33678805.8535
1637370900000,2021-11-20T01:15:00+00:00,58506.5,58820,58440,58732,907.81,53271350.9915
1637371800000,2021-11-20T01:30:00+00:00,58732,58844.5,58660,58685.5,698.071,41000682.5395
1637372700000,2021-11-20T01:45:00+00:00,58685.5,58839,58630,58775.5,587.112,34503080.4145
1637373600000,2021-11-20T02:00:00+00:00,58775.5,58877,58733,58819.5,581.361,34183536.434
1637374500000,2021-11-20T02:15:00+00:00,58819.5,58964,58797.5,58800,595.597,35066139.597
1637375400000,2021-11-20T02:30:00+00:00,58800,58835.5,58730.5,58747.5,491.428,28884464.2215
1637376300000,2021-11-20T02:45:00+00:00,58747.5,58870.5,58734.5,58778.5,450.002,26459666.6355
1637377200000,2021-11-20T03:00:00+00:00,58778.5,58830.5,58666.5,58666.5,605.282,35552750.265
1637378100000,2021-11-20T03:15:00+00:00,58666.5,58780,58626,58642.5,488.588,28673593.4005
1637379000000,2021-11-20T03:30:00+00:00,58642.5,58690,58463,58535,654.069,38308713.227
1637379900000,2021-11-20T03:45:00+00:00,58535,58586.5,58456,58525.5,441.541,25846983.236
1637380800000,2021-11-20T04:00:00+00:00,58525.5,58562.5,58369.5,58449.5,461.82,26996807.251
1637381700000,2021-11-20T04:15:00+00:00,58449.5,58475,58358,58411.5,343.865,20097243.941
1637382600000,2021-11-20T04:30:00+00:00,58411.5,58519,58395,58467,326.705,19097375.605
1637383500000,2021-11-20T04:45:00+00:00,58467,58587,58372,58505,345.856,20227626.05
1637384400000,2021-11-20T05:00:00+00:00,58505,58556,58377,58377,342.328,20023989.674
1637385300000,2021-11-20T05:15:00+00:00,58377,58431.5,58263,58422.5,492.155,28719666.5365
1637386200000,2021-11-20T05:30:00+00:00,58422.5,58567.5,58402.5,58539.5,419.187,24532659.792
1637387100000,2021-11-20T05:45:00+00:00,58539.5,58542,58344,58413,443.567,25920619.8105
1637388000000,2021-11-20T06:00:00+00:00,58413,58490,58312,58480.5,548.405,32026491.105
1637388900000,2021-11-20T06:15:00+00:00,58480.5,58809,58479,58610.5,1138.187,66771541.4535
1637389800000,2021-11-20T06:30:00+00:00,58610.5,58818.5,58518.5,58531.5,592.089,34722000.1265
1637390700000,2021-11-20T06:45:00+00:00,58531.5,58648.5,58439.5,58634.5,648.96,37987702.663
1637391600000,2021-11-20T07:00:00+00:00,58634.5,58705.5,58580.5,58668.5,433.278,25401788.9555
1637392500000,2021-11-20T07:15:00+00:00,58668.5,58671,58460,58470,370.497,21697599.485
1637393400000,2021-11-20T07:30:00+00:00,58470,58566.5,58442,58549,347.378,20324286.8865
1637394300000,2021-11-20T07:45:00+00:00,58549,58558.5,58361.5,58386,421.359,24611048.792
1637395200000,2021-11-20T08:00:00+00:00,58386,58432,58339,58417.5,385.459,22506382.444
1637396100000,2021-11-20T08:15:00+00:00,58417.5,58518,58376,58488,492.362,28785132.3335
1637397000000,2021-11-20T08:30:00+00:00,58488,58649.5,58455.5,58609.5,505.864,29617681.8145
1637397900000,2021-11-20T08:45:00+00:00,58609.5,58613,58460.5,58471.5,507.548,29714012.1055
1637398800000,2021-11-20T09:00:00+00:00,58471.5,58650.5,58467,58613,549.383,32173310.9685
1637399700000,2021-11-20T09:15:00+00:00,58613,58618,58426,58427.5,490.382,28690338.7185
1637400600000,2021-11-20T09:30:00+00:00,58427.5,58554.5,58387,58541.5,485.338,28359099.332
1637401500000,2021-11-20T09:45:00+00:00,58542.5,58588,58485.5,58498,507.214,29692778.4965
1637402400000,2021-11-20T10:00:00+00:00,58498,58498,58364,58492,402.033,23491565.141
1637403300000,2021-11-20T10:15:00+00:00,58492,58678,58486.5,58665,522.626,30636346.317
1637404200000,2021-11-20T10:30:00+00:00,58665,58758.5,58477.5,58556,470.129,27536053.788
1637405100000,2021-11-20T10:45:00+00:00,58556,58568,58407.5,58483,286.166,16732777.889
1637406000000,2021-11-20T11:00:00+00:00,58483,58590.5,58483,58586,254.809,14914950.1955
1637406900000,2021-11-20T11:15:00+00:00,58586,58587,58406,58499.5,294.294,17206362.013
1637407800000,2021-11-20T11:30:00+00:00,58499.5,58604,58495.5,58532.5,317.005,18561105.2975
1637408700000,2021-11-20T11:45:00+00:00,58532.5,58665,58520,58631.5,329.907,19343272.695
1637409600000,2021-11-20T12:00:00+00:00,58631.5,58782.5,58564,58749.5,482.077,28281240.8415
1637410500000,2021-11-20T12:15:00+00:00,58749.5,58819.5,58601,58605,515.069,30226894.891
1637411400000,2021-11-20T12:30:00+00:00,58605,58679,58503.5,58513,545.776,31972923.7795
1637412300000,2021-11-20T12:45:00+00:00,58513,58615.5,58463,58558.5,434.877,25458637.9835
1637413200000,2021-11-20T13:00:00+00:00,58558.5,58678.5,58553.5,58604,480.545,28160522.175
1637414100000,2021-11-20T13:15:00+00:00,58604,58604,58471,58578.5,406.938,23815751.8535
1637415000000,2021-11-20T13:30:00+00:00,58578.5,58581,58421,58463,472.918,27659448.297
1637415900000,2021-11-20T13:45:00+00:00,58463,58482.5,58383,58476,550.471,32167408.3085
1637416800000,2021-11-20T14:00:00+00:00,58476,58608,58340.5,58522,457.1,26730042.3435
1637417700000,2021-11-20T14:15:00+00:00,58522,58707.5,58359.5,58377,793.518,46475942.1805
1637418600000,2021-11-20T14:30:00+00:00,58377,58503.5,58329,58446,368.977,21553543.8255
1637419500000,2021-11-20T14:45:00+00:00,58446,58503,58348,58359,318.881,18629772.659
1637420400000,2021-11-20T15:00:00+00:00,58359,58409,57775,57879,1614.099,93640334.7085
1637421300000,2021-11-20T15:15:00+00:00,57879,58061,57804,57929,533.659,30924343.4205
1637422200000,2021-11-20T15:30:00+00:00,57929,58019.5,57552,57672,789.044,45567395.9405
1637423100000,2021-11-20T15:45:00+00:00,57672,57743,57516,57614,555.324,32005641.7835
1637424000000,2021-11-20T16:00:00+00:00,57614,57716.5,57521,57527,520.397,29986036.9815
1637424900000,2021-11-20T16:15:00+00:00,57527,57749,57377.5,57663,788.161,45371842.531
1637425800000,2021-11-20T16:30:00+00:00,57663,57877,57619,57789.5,439.862,25407382.359
1637426700000,2021-11-20T16:45:00+00:00,57789.5,57825.5,57692,57784,309.6,17882342.895
1637427600000,2021-11-20T17:00:00+00:00,57784,57863.5,57696,57722,387.125,22358528.4235
1637428500000,2021-11-20T17:15:00+00:00,57722,57776.5,57640,57716,437.026,25215022.981
1637429400000,2021-11-20T17:30:00+00:00,57716,57794,57622,57760,516.748,29814972.859
1637430300000,2021-11-20T17:45:00+00:00,57760,57942,57753.5,57922.5,582.34,33685332.709
1637431200000,2021-11-20T18:00:00+00:00,57922.5,57977,57831,57950,489.781,28359192.4885
1637432100000,2021-11-20T18:15:00+00:00,57950,59518,57937.5,59403.5,2357.203,138721195.733
1637433000000,2021-11-20T18:30:00+00:00,59403.5,59638.5,59037.5,59516.5,1239.122,73527158.396
1637433900000,2021-11-20T18:45:00+00:00,59516.5,59633.5,59353.5,59428.5,632.75,37653956.191
1637434800000,2021-11-20T19:00:00+00:00,59428.5,59511.5,59307.5,59408.5,363.587,21593836.778
1637435700000,2021-11-20T19:15:00+00:00,59408.5,59456,59237.5,59296,395.204,23445331.837
1637436600000,2021-11-20T19:30:00+00:00,59296,59406,59247.5,59350,258.854,15357466.112
1637437500000,2021-11-20T19:45:00+00:00,59350,59444,59312,59440,328.781,19521067.078
1637438400000,2021-11-20T20:00:00+00:00,59440,59536,59360.5,59369,406.99,24191957.2695
1637439300000,2021-11-20T20:15:00+00:00,59369,59495.5,59361,59372,312.702,18572170.992
1637440200000,2021-11-20T20:30:00+00:00,59372,59426,59323.5,59405,290.729,17263732.178
1637441100000,2021-11-20T20:45:00+00:00,59405,59452,59321,59409.5,289.665,17203830.605
1637442000000,2021-11-20T21:00:00+00:00,59409.5,59523,59360,59438,449.452,26710353.041
1637442900000,2021-11-20T21:15:00+00:00,59438,59524.5,59381,59482.5,516.33,30691902.567
1637443800000,2021-11-20T21:30:00+00:00,59482.5,59654,59480.5,59571.5,538.562,32078746.3545
1637444700000,2021-11-20T21:45:00+00:00,59571.5,59643.5,59526.5,59590.5,525.169,31296505.331
1637445600000,2021-11-20T22:00:00+00:00,59590.5,59655,59512.5,59526,508.72,30307233.2275
1637446500000,2021-11-20T22:15:00+00:00,59526,59723.5,59524.5,59721,542.435,32340022.4345
1637447400000,2021-11-20T22:30:00+00:00,59721,59722.5,59658,59658,584.395,34884410.9965
1637448300000,2021-11-20T22:45:00+00:00,59658,59723.5,59612.5,59706.5,509.461,30393976.382
1637449200000,2021-11-20T23:00:00+00:00,59706.5,59799.5,59598.5,59625,584.03,34868665.7635
1637450100000,2021-11-20T23:15:00+00:00,59625,59672.5,59492.5,59542.5,597.263,35597158.0735
1637451000000,2021-11-20T23:30:00+00:00,59542.5,59781.5,59542.5,59776.5,455.231,27154589.4095
1637451900000,2021-11-20T23:45:00+00:00,59776.5,59839,59644.5,59698,664.171,39681040.066
1637452800000,2021-11-21T00:00:00+00:00,59698,59754,59588.5,59736,515.522,30764770.5845
1637453700000,2021-11-21T00:15:00+00:00,59736,59751,59511.5,59552.5,617.834,36813372.1485
1637454600000,2021-11-21T00:30:00+00:00,59552.5,59561,59361.5,59505.5,608.337,36179962.538
1637455500000,2021-11-21T00:45:00+00:00,59505.5,59518.5,59320,59372.5,638.759,37927857.34
1637456400000,2021-11-21T01:00:00+00:00,59372.5,59449.5,59314,59371,409.276,24305666.3175
1637457300000,2021-11-21T01:15:00+00:00,59371,59419.5,59334,59336.5,442.874,26290413.823
1637458200000,2021-11-21T01:30:00+00:00,59336.5,59411.5,59301.5,59312,344.705,20458493.215
1637459100000,2021-11-21T01:45:00+00:00,59312,59358,59259.5,59349.5,528.988,31372518.7865
1637460000000,2021-11-21T02:00:00+00:00,59349.5,59370,59251,59256.5,403.313,23924206.4125
1637460900000,2021-11-21T02:15:00+00:00,59256.5,59300,59114,59143,539.157,31937073.87
1637461800000,2021-11-21T02:30:00+00:00,59143,59169,58718.5,58775.5,1124.914,66305652.713
1637462700000,2021-11-21T02:45:00+00:00,58775.5,59096,58764.5,59086,792.813,46724250.4605
1637463600000,2021-11-21T03:00:00+00:00,59086,59201.5,58959.5,59096,884.138,52232140.676
1637464500000,2021-11-21T03:15:00+00:00,59096,59099.5,58922.5,58964,674.534,39794370.5595
1637465400000,2021-11-21T03:30:00+00:00,58964,59011,58785,58803.5,717.875,42297180.8815
1637466300000,2021-11-21T03:45:00+00:00,58803.5,58833,58568.5,58692.5,1048.309,61521467.0195
1637467200000,2021-11-21T04:00:00+00:00,58692.5,58965.5,58643.5,58863.5,852.807,50151089.5955
1637468100000,2021-11-21T04:15:00+00:00,58863.5,58949,58784,58784,691.298,40693726.378
1637469000000,2021-11-21T04:30:00+00:00,58784,58841,58636,58766.5,918.504,53947915.615
1637469900000,2021-11-21T04:45:00+00:00,58766.5,58766.5,58588.5,58620,862.386,50574439.806
1637470800000,2021-11-21T05:00:00+00:00,58620,58751,58572.5,58685.5,564.809,33145248.4885
1637471700000,2021-11-21T05:15:00+00:00,58685.5,58770.5,58647.5,58671,460.086,27005999.0115
1637472600000,2021-11-21T05:30:00+00:00,58671,58914.5,58670.5,58884.5,592.018,34821847.662
1637473500000,2021-11-21T05:45:00+00:00,58884.5,59014.5,58851.5,59014.5,607.319,35786719.9435
1637474400000,2021-11-21T06:00:00+00:00,59014.5,59061.5,58919.5,58957,757.381,44668067.428
1637475300000,2021-11-21T06:15:00+00:00,58957,59020.5,58865.5,58889.5,780.674,46018190.494
1637476200000,2021-11-21T06:30:00+00:00,58889.5,59027.5,58850,58885,939.574,55385871.7815
1637477100000,2021-11-21T06:45:00+00:00,58885,59223.5,58860.5,59185,957.977,56537911.6145
1637478000000,2021-11-21T07:00:00+00:00,59185,59197.5,59017.5,59058.5,648.466,38307994.4065
1637478900000,2021-11-21T07:15:00+00:00,59058.5,59111,58975.5,59061,452.859,26740185.4095
1637479800000,2021-11-21T07:30:00+00:00,59061,59171.5,59015,59057,493.919,29183535.3105
1637480700000,2021-11-21T07:45:00+00:00,59057,59074.5,58980.5,58989.5,397.173,23444335.558
1637481600000,2021-11-21T08:00:00+00:00,58989.5,59026,58763,59012,582.39,34312987.2985
1637482500000,2021-11-21T08:15:00+00:00,59012,59012,58822.5,58915.5,392.154,23093254.3175
1637483400000,2021-11-21T08:30:00+00:00,58915.5,59099,58882.5,58986.5,415.719,24528411.8065
1637484300000,2021-11-21T08:45:00+00:00,58986.5,58988,58670,58745.5,563.316,33132130.751
1637485200000,2021-11-21T09:00:00+00:00,58745.5,58909,58704.5,58884.5,495.707,29154496.821
1637486100000,2021-11-21T09:15:00+00:00,58884.5,58966,58860.5,58957,594.206,35000851.558
1637487000000,2021-11-21T09:30:00+00:00,58957,58957,58767.5,58818.5,434.213,25553070.844
1637487900000,2021-11-21T09:45:00+00:00,58818.5,58932.5,58783,58920.5,397.138,23368602.206
1637488800000,2021-11-21T10:00:00+00:00,58920.5,58988,58780,58793,595.399,35052573.7905
1637489700000,2021-11-21T10:15:00+00:00,58793,58902,58791,58796,378.316,22260748.447
1637490600000,2021-11-21T10:30:00+00:00,58796,58825.5,58510,58594.5,802.596,47094108.616
1637491500000,2021-11-21T10:45:00+00:00,58594.5,58879.5,58560.5,58824.5,648.55,38110626.5325
1637492400000,2021-11-21T11:00:00+00:00,58824.5,59347.5,58819.5,59196.5,1707.031,101022113.2455
1637493300000,2021-11-21T11:15:00+00:00,59196.5,59198.5,58547.5,58650.5,1356.286,79727662.825
1637494200000,2021-11-21T11:30:00+00:00,58650.5,58792.5,58587,58704.5,762.231,44739831.7745
1637495100000,2021-11-21T11:45:00+00:00,58704.5,58794.5,58663.5,58693.5,579.484,34034077.5385
1637496000000,2021-11-21T12:00:00+00:00,58693.5,59074,58667.5,59037.5,906.421,53335168.61
1637496900000,2021-11-21T12:15:00+00:00,59037.5,59281,58949.5,59150,1021.733,60425882.2765
1637497800000,2021-11-21T12:30:00+00:00,59150,59243,58906.5,59007,871.292,51455020.3565
1637498700000,2021-11-21T12:45:00+00:00,59007,59189,59002,59047,886.286,52377351.4125
1637499600000,2021-11-21T13:00:00+00:00,59047,59079,58925,58955.5,860.034,50737986.6185
1637500500000,2021-11-21T13:15:00+00:00,58955.5,59078.5,58940,58997.5,882.551,52083729.789
1637501400000,2021-11-21T13:30:00+00:00,58997.5,58997.5,58801.5,58865,891.753,52524750.3255
1637502300000,2021-11-21T13:45:00+00:00,58865,59068,58817,58844.5,849.356,50054453.12
1637503200000,2021-11-21T14:00:00+00:00,58844.5,58857.5,58693.5,58830.5,1023.521,60145450.487
1637504100000,2021-11-21T14:15:00+00:00,58830.5,58896,58766.5,58818.5,981.569,57742827.987
1637505000000,2021-11-21T14:30:00+00:00,58819.5,58980.5,58746.5,58978.5,632.116,37213967.348
1637505900000,2021-11-21T14:45:00+00:00,58978.5,59046.5,58903.5,58905.5,867.865,51186431.8455
1637506800000,2021-11-21T15:00:00+00:00,58905.5,59012,58810.5,58913,499.464,29420683.738
1637507700000,2021-11-21T15:15:00+00:00,58913,59174.5,58874,59137.5,624.896,36875800.0695
1637508600000,2021-11-21T15:30:00+00:00,59137.5,59273,59011.5,59215.5,705.604,41714034.0375
1637509500000,2021-11-21T15:45:00+00:00,59215.5,59256.5,59124,59200,571.97,33856202.671
1637510400000,2021-11-21T16:00:00+00:00,59200,59516,59199.5,59343,1047.449,62163420.471
1637511300000,2021-11-21T16:15:00+00:00,59343,59349.5,59140,59140,741.969,43934633.282
1637512200000,2021-11-21T16:30:00+00:00,59140,59299.5,59129.5,59268,470.941,27883543.398
1637513100000,2021-11-21T16:45:00+00:00,59268,59914,59258.5,59855,1445.145,86218027.8935
1637514000000,2021-11-21T17:00:00+00:00,59855,60018,59598.5,59661.5,1137.936,68039169.2565
1637514900000,2021-11-21T17:15:00+00:00,59661.5,59827.5,59645,59704,591.807,35365443.5325
1637515800000,2021-11-21T17:30:00+00:00,59704,59744.5,59531,59560,587.907,35048816.162
1637516700000,2021-11-21T17:45:00+00:00,59560,59560,59420.5,59460,628.493,37380593.811
1637517600000,2021-11-21T18:00:00+00:00,59460,59504.5,59270.5,59491,412.967,24528216.5775
1637518500000,2021-11-21T18:15:00+00:00,59491,59524,59350.5,59414.5,410.465,24401372.2815
1637519400000,2021-11-21T18:30:00+00:00,59414.5,59521,59370,59482.5,376.927,22415209.669
1637520300000,2021-11-21T18:45:00+00:00,59482.5,59515,59407,59424.5,273.424,16256810.9
1637521200000,2021-11-21T19:00:00+00:00,59424.5,59545.5,59318.5,59338,413.719,24585038.1085
1637522100000,2021-11-21T19:15:00+00:00,59338,59391,59210.5,59334.5,387.876,22996711.932
1637523000000,2021-11-21T19:30:00+00:00,59334.5,59413,59245,59322,331.911,19701431.7405
1637523900000,2021-11-21T19:45:00+00:00,59322,59467,59251.5,59310.5,573.148,34013183.961
1637524800000,2021-11-21T20:00:00+00:00,59310.5,59413,59258.5,59325,739.472,43888172.809
1637525700000,2021-11-21T20:15:00+00:00,59325,59433,59319.5,59427.5,520.816,30923511.1825
1637526600000,2021-11-21T20:30:00+00:00,59427.5,59534,59351.5,59464.5,787.517,46812210.2125
1637527500000,2021-11-21T20:45:00+00:00,59464.5,59678.5,59392.5,59597.5,785.329,46739838.0055
1637528400000,2021-11-21T21:00:00+00:00,59597.5,59643,59368.5,59422.5,669.637,39846269.6365
1637529300000,2021-11-21T21:15:00+00:00,59422.5,59546.5,59404.5,59538,628.637,37385731.7405
1637530200000,2021-11-21T21:30:00+00:00,59538,59593,59461,59493.5,533.377,31750256.682
1637531100000,2021-11-21T21:45:00+00:00,59493.5,59537,59385.5,59477.5,649.998,38642881.7395
1637532000000,2021-11-21T22:00:00+00:00,59477.5,59520,59331.5,59466.5,568.89,33790176.467
1637532900000,2021-11-21T22:15:00+00:00,59466.5,59486,59302.5,59333.5,624.901,37115472.844
1637533800000,2021-11-21T22:30:00+00:00,59333.5,59340.5,58916,59032,1013.102,59960091.9535
1637534700000,2021-11-21T22:45:00+00:00,59031.5,59195,59030.5,59128,733.382,43354250.9555
1637535600000,2021-11-21T23:00:00+00:00,59128,59253,59012,59158.5,362.314,21432756.914
1637536500000,2021-11-21T23:15:00+00:00,59158.5,59233.5,59087.5,59182,307.98,18220880.094
1637537400000,2021-11-21T23:30:00+00:00,59182,59216.5,58986.5,58996.5,286.086,16917720.961
1637538300000,2021-11-21T23:45:00+00:00,58996.5,59094,58537.5,58609.5,755.852,44432360.029
1637539200000,2021-11-22T00:00:00+00:00,58609.5,58749.5,58082.5,58082.5,1422.647,83054648.008
1637540100000,2021-11-22T00:15:00+00:00,58085.5,58358,57988,58252,725.746,42229492.746
1637541000000,2021-11-22T00:30:00+00:00,58252,58353.5,58121,58127,849.484,49464432.4465
1637541900000,2021-11-22T00:45:00+00:00,58127,58275,58085.5,58136.5,347.437,20211241.25
1637542800000,2021-11-22T01:00:00+00:00,58136.5,58248,57973.5,58058.5,531.915,30913587.47
1637543700000,2021-11-22T01:15:00+00:00,58059,58097,57692,58031.5,1048.558,60689522.8445
1637544600000,2021-11-22T01:30:00+00:00,58031.5,58194,58006,58084.5,583.891,33923759.1125
1637545500000,2021-11-22T01:45:00+00:00,58084.5,58163.5,57925.5,58030,524.801,30455783.3965
1637546400000,2021-11-22T02:00:00+00:00,58030,58112.5,57924,57924,546.146,31689885.78
1637547300000,2021-11-22T02:15:00+00:00,57924,57947.5,57315.5,57442,1331.279,76782035.8175
1637548200000,2021-11-22T02:30:00+00:00,57435,57781.5,57293,57756.5,838.618,48267470.74
1637549100000,2021-11-22T02:45:00+00:00,57756.5,57816.5,57593,57686,711.798,41076734.1045
1637550000000,2021-11-22T03:00:00+00:00,57686,57767.5,57612,57736,659.701,38058562.8205
1637550900000,2021-11-22T03:15:00+00:00,57736,57795.5,57603,57604.5,722.968,41710152.6015
1637551800000,2021-11-22T03:30:00+00:00,57604.5,57750.5,57086.5,57498,1583.242,91018353.0795
1637552700000,2021-11-22T03:45:00+00:00,57498,57553.5,57292.5,57396,909.372,52202008.218
1637553600000,2021-11-22T04:00:00+00:00,57396,57542.5,57238,57518,560.606,32188215.717
1637554500000,2021-11-22T04:15:00+00:00,57518,57518,57314,57412,566.879,32546415.2715
1637555400000,2021-11-22T04:30:00+00:00,57412,57436.5,57253.5,57294,512.985,29411186.5765
1637556300000,2021-11-22T04:45:00+00:00,57294.5,57378,57058.5,57085.5,801.564,45840085.892
1637557200000,2021-11-22T05:00:00+00:00,57085.5,57146,56790,57064.5,1265.966,72112876.342
1637558100000,2021-11-22T05:15:00+00:00,57064.5,57218,57023,57129,669.869,38265759.6585
1637559000000,2021-11-22T05:30:00+00:00,57129,57364,57129,57226,715.122,40952242.244
1637559900000,2021-11-22T05:45:00+00:00,57226,57459,57208,57459,627.64,36003661.602
1637560800000,2021-11-22T06:00:00+00:00,57459,57479,57309,57375,472.505,27109601.64
1637561700000,2021-11-22T06:15:00+00:00,57375,57375,57215,57241.5,516.96,29606272.4545
1637562600000,2021-11-22T06:30:00+00:00,57241.5,57401.5,57218,57220,366.474,20994193.524
1637563500000,2021-11-22T06:45:00+00:00,57218.5,57359.5,57072.5,57318,527.31,30164156.567
1637564400000,2021-11-22T07:00:00+00:00,57318,57761,57291.5,57545,1310.069,75469700.199
1637565300000,2021-11-22T07:15:00+00:00,57545,57578.5,57430,57563.5,612.485,35212808.51
1637566200000,2021-11-22T07:30:00+00:00,57563.5,57565.5,57432.5,57447,572.557,32911746.3445
1637567100000,2021-11-22T07:45:00+00:00,57447,57479,57259.5,57266,712.374,40874288.973
1637568000000,2021-11-22T08:00:00+00:00,57266,57428,57250,57408.5,853.742,48965364.74
1637568900000,2021-11-22T08:15:00+00:00,57408.5,57505.5,57306,57505.5,685.133,39321885.722
1637569800000,2021-11-22T08:30:00+00:00,57505.5,57572,57452,57474,768.202,44176898.004
1637570700000,2021-11-22T08:45:00+00:00,57474,57507.5,57316.5,57374,717.979,41212329.147
1637571600000,2021-11-22T09:00:00+00:00,57374,57826.5,57368.5,57711,879.594,50660291.538
1637572500000,2021-11-22T09:15:00+00:00,57711,57712,57452,57509.5,786.268,45276552.06
1637573400000,2021-11-22T09:30:00+00:00,57509.5,57591.5,57352,57379,633.425,36382334.0635
1637574300000,2021-11-22T09:45:00+00:00,57379,57445,57142,57146,842.03,48241381.1635
1637575200000,2021-11-22T10:00:00+00:00,57146,57352,56986,57315,985.989,56392966.9965
1637576100000,2021-11-22T10:15:00+00:00,57315,57406.5,57270,57321,494.628,28357328.8195
1637577000000,2021-11-22T10:30:00+00:00,57321,57371,57215,57251.5,474.419,27177229.9025
1637577900000,2021-11-22T10:45:00+00:00,57251.5,57372,57133.5,57372,485.027,27770356.095
1637578800000,2021-11-22T11:00:00+00:00,57372,57558,57282.5,57470,881.757,50622965.4555
1637579700000,2021-11-22T11:15:00+00:00,57470,57529,57385,57464.5,637.898,36649482.4655
1637580600000,2021-11-22T11:30:00+00:00,57464.5,57492.5,57316.5,57428.5,907.16,52076827.098
1637581500000,2021-11-22T11:45:00+00:00,57428.5,57514.5,57158.5,57187,744.439,42700898.5095
1637582400000,2021-11-22T12:00:00+00:00,57187,57285,57060,57109,594.884,34019884.7995
1637583300000,2021-11-22T12:15:00+00:00,57110.5,57659.5,57062,57643.5,904.095,51879429.3035
1637584200000,2021-11-22T12:30:00+00:00,57643.5,58029.5,57294,57500,2182.426,125845650.3815
1637585100000,2021-11-22T12:45:00+00:00,57500,57509.5,57138,57167.5,928.641,53160794.366
1637586000000,2021-11-22T13:00:00+00:00,57167.5,57209,56811.5,56875.5,954.388,54445678.2285
1637586900000,2021-11-22T13:15:00+00:00,56867,57214,56575.5,57208.5,2079.074,118177385.7305
1637587800000,2021-11-22T13:30:00+00:00,57203,59516.5,57118,59016.5,3906.601,228596100.603
1637588700000,2021-11-22T13:45:00+00:00,59016.5,59160,58670.5,58862,1412.95,83191619.367
1637589600000,2021-11-22T14:00:00+00:00,58862,59004.5,58626.5,58667.5,779.284,45804840.61
1637590500000,2021-11-22T14:15:00+00:00,58667.5,58729.5,58165,58230.5,1089.324,63619634.785
1637591400000,2021-11-22T14:30:00+00:00,58230.5,58406.5,58182.5,58290,881.943,51403409.007
1637592300000,2021-11-22T14:45:00+00:00,58290,58315.5,58166.5,58247.5,534.469,31131735.1995
1637593200000,2021-11-22T15:00:00+00:00,58247.5,58448,58056.5,58275,675.791,39356982.756
1637594100000,2021-11-22T15:15:00+00:00,58275,58364,58104,58145,531.889,30974662.118
1637595000000,2021-11-22T15:30:00+00:00,58145,58219.5,57933,58162,611.99,35560234.6515
1637595900000,2021-11-22T15:45:00+00:00,58162,58223,58109.5,58187,342.019,19893648.066
1637596800000,2021-11-22T16:00:00+00:00,58187,58242.5,57792,57800,839.375,48690974.4405
1637597700000,2021-11-22T16:15:00+00:00,57800,58082.5,57609,57883,942.758,54577778.691
1637598600000,2021-11-22T16:30:00+00:00,57883,57982,57821,57845.5,467.365,27057791.9265
1637599500000,2021-11-22T16:45:00+00:00,57845.5,57920,57622,57711.5,614.1,35475366.9335
1637600400000,2021-11-22T17:00:00+00:00,57711.5,57766,57517,57559,715.958,41241013.4765
1637601300000,2021-11-22T17:15:00+00:00,57559,57648.5,57486,57498,580.5,33411292.273
1637602200000,2021-11-22T17:30:00+00:00,57498,57526,57350,57360,541.798,31103495.1415
1637603100000,2021-11-22T17:45:00+00:00,57360,57460,57293,57389,436.239,25026783.4755
1637604000000,2021-11-22T18:00:00+00:00,57389,57432.5,57188,57206.5,558.049,31970983.38
1637604900000,2021-11-22T18:15:00+00:00,57206.5,57272.5,57141,57158,627.888,35917196.5645
1637605800000,2021-11-22T18:30:00+00:00,57158,57210.5,56635,56691.5,1133.823,64522442.736
1637606700000,2021-11-22T18:45:00+00:00,56691.5,56829,56408.5,56442.5,795.913,45059175.065
1637607600000,2021-11-22T19:00:00+00:00,56447,57068.5,56273,56812.5,1211.065,68761424.0005
1637608500000,2021-11-22T19:15:00+00:00,56812.5,56879.5,56145.5,56184,753.904,42527348.3075
1637609400000,2021-11-22T19:30:00+00:00,56184,56420.5,55905.5,56202.5,1098.265,61641584.545
1637610300000,2021-11-22T19:45:00+00:00,56202.5,56381.5,55781.5,55972.5,671.72,37619129.262
1637611200000,2021-11-22T20:00:00+00:00,55972.5,56306.5,55818.5,56106.5,827.153,46439085.6025
1637612100000,2021-11-22T20:15:00+00:00,56106.5,56326,55947.5,55979,777.983,43659793.102
1637613000000,2021-11-22T20:30:00+00:00,55979,56193.5,55923.5,55999.5,556.009,31182591.364
1637613900000,2021-11-22T20:45:00+00:00,55999.5,56107,55660,55853,986.681,55151073.557
1637614800000,2021-11-22T21:00:00+00:00,55853,56044,55583,55732.5,816.75,45560069.535
1637615700000,2021-11-22T21:15:00+00:00,55732.5,56039.5,55612.5,55811.5,833.868,46560099.9005
1637616600000,2021-11-22T21:30:00+00:00,55811.5,56412,55789.5,56122,896.244,50334097.0955
1637617500000,2021-11-22T21:45:00+00:00,56122,56256.5,55898,56230.5,582.645,32688244.3745
1637618400000,2021-11-22T22:00:00+00:00,56230.5,56460,56174,56210,851.244,47900914.511
1637619300000,2021-11-22T22:15:00+00:00,56210,56287.5,56062.5,56263,636.372,35769610.586
1637620200000,2021-11-22T22:30:00+00:00,56263,56667.5,56260,56665.5,720.028,40630650.5955
1637621100000,2021-11-22T22:45:00+00:00,56666,56693.5,56503.5,56685.5,685.413,38796729.9505
1637622000000,2021-11-22T23:00:00+00:00,56685.5,56685.5,56348.5,56495.5,568.076,32081803.582
1637622900000,2021-11-22T23:15:00+00:00,56495.5,56502.5,56293.5,56381.5,405.719,22879265.343
1637623800000,2021-11-22T23:30:00+00:00,56381.5,56446,56250.5,56279.5,377.229,21253907.0695
1637624700000,2021-11-22T23:45:00+00:00,56279.5,56428,56219.5,56249.5,440.009,24787994.9785
1637625600000,2021-11-23T00:00:00+00:00,56249.5,56399.5,55976.5,56061.5,607.933,34158196.5165
1637626500000,2021-11-23T00:15:00+00:00,56061.5,56822.5,56038.5,56706,932.327,52703634.636
1637627400000,2021-11-23T00:30:00+00:00,56706,56765,56267,56369,589.301,33293564.2275
1637628300000,2021-11-23T00:45:00+00:00,56369,56725.5,56260.5,56583.5,523.894,29592020.8175
1637629200000,2021-11-23T01:00:00+00:00,56583.5,56764.5,56532.5,56616.5,495.196,28068864.7375
1637630100000,2021-11-23T01:15:00+00:00,56616.5,56930.5,56462.5,56735.5,874.277,49565240.6705
1637631000000,2021-11-23T01:30:00+00:00,56735.5,56807,56457,56614.5,627.059,35488250.482
1637631900000,2021-11-23T01:45:00+00:00,56614.5,56923.5,56584.5,56850,703.782,39972097.799
1637632800000,2021-11-23T02:00:00+00:00,56850,56905,56629.5,56639,577.64,32787270.073
1637633700000,2021-11-23T02:15:00+00:00,56639,56932,56620.5,56919.5,584.755,33192354.9525
1637634600000,2021-11-23T02:30:00+00:00,56919.5,56940.5,56708.5,56769.5,453.186,25733285.67
1637635500000,2021-11-23T02:45:00+00:00,56769.5,56957,56639.5,56909.5,540.052,30670640.3995
1637636400000,2021-11-23T03:00:00+00:00,56909.5,57230,56790,57227.5,872.566,49789930.127
1637637300000,2021-11-23T03:15:00+00:00,57228.5,57249,57042,57102.5,476.814,27241715.556
1637638200000,2021-11-23T03:30:00+00:00,57105,57105,56933,56996.5,558.418,31824880.7905
1637639100000,2021-11-23T03:45:00+00:00,56996.5,57069.5,56877.5,56949,557.419,31750617.826
1637640000000,2021-11-23T04:00:00+00:00,56949,57007,56842,56891.5,425.141,24201552.033
1637640900000,2021-11-23T04:15:00+00:00,56891.5,57032.5,56850,57014,405.932,23123068.1745
1637641800000,2021-11-23T04:30:00+00:00,57014,57029.5,56911.5,56942.5,313.84,17880305.1735
1637642700000,2021-11-23T04:45:00+00:00,56942.5,57007.5,56780.5,56798,375.527,21362587.983
1637643600000,2021-11-23T05:00:00+00:00,56798,56858,56600,56691.5,714.54,40554454.4245
1637644500000,2021-11-23T05:15:00+00:00,56691.5,56751,56490.5,56508.5,722.998,40903076.0435
1637645400000,2021-11-23T05:30:00+00:00,56508.5,56635.5,56381.5,56440.5,923.869,52222978.5855
1637646300000,2021-11-23T05:45:00+00:00,56440.5,56572.5,56364.5,56564.5,727.905,41106909.2045
1637647200000,2021-11-23T06:00:00+00:00,56564.5,56623,56449.5,56483.5,759.421,42943599.03
1637648100000,2021-11-23T06:15:00+00:00,56483.5,56640.5,56307.5,56314.5,720.045,40655780.5305
1637649000000,2021-11-23T06:30:00+00:00,56314.5,56367.5,56207.5,56331.5,702.72,39566641.628
1637649900000,2021-11-23T06:45:00+00:00,56331.5,56415.5,56306,56393,697.423,39310409.5045
1637650800000,2021-11-23T07:00:00+00:00,56393,56405.5,56240.5,56244,719.839,40536946.653
1637651700000,2021-11-23T07:15:00+00:00,56244,56311.5,55856,55940,1297.886,72746564.9295
1637652600000,2021-11-23T07:30:00+00:00,55940,56207.5,55890,56070.5,900.33,50458753.988
1637653500000,2021-11-23T07:45:00+00:00,56070.5,56167,55945,56043.5,663.852,37216267.235
1637654400000,2021-11-23T08:00:00+00:00,56043.5,56230.5,55908,55955.5,573.955,32158680.03
1637655300000,2021-11-23T08:15:00+00:00,55955.5,56008.5,55721.5,55951.5,766.569,42828349.2245
1637656200000,2021-11-23T08:30:00+00:00,55951.5,56036.5,55797,56036.5,521.464,29160593.197
1637657100000,2021-11-23T08:45:00+00:00,56036.5,56413,55980,56253.5,1041.702,58563958.5755
1637658000000,2021-11-23T09:00:00+00:00,56253.5,56607,56220.5,56301.5,1279.359,72169759.2745
1637658900000,2021-11-23T09:15:00+00:00,56301.5,56373.5,56143.5,56285.5,768.585,43243508.547
1637659800000,2021-11-23T09:30:00+00:00,56285.5,56983,55331.5,56933,3456.727,193909430.909
1637660700000,2021-11-23T09:45:00+00:00,56911.5,57327,56486.5,56641,2988.602,169982199.8945
1637661600000,2021-11-23T10:00:00+00:00,56641,56834,56273.5,56784,1554.098,87835077.2055
1637662500000,2021-11-23T10:15:00+00:00,56788.5,57698,56704,57362,2377.721,136294253.905
1637663400000,2021-11-23T10:30:00+00:00,57362,57418.5,57147,57322,1119.595,64106837.7515
1637664300000,2021-11-23T10:45:00+00:00,57322,57384,56312.5,56324,1936.106,110078575.8225
1637665200000,2021-11-23T11:00:00+00:00,56324,56561.5,56079.5,56408,1457.982,82155024.6615
1637666100000,2021-11-23T11:15:00+00:00,56408,56434.5,56069.5,56217.5,1192.517,67022541.9115
1637667000000,2021-11-23T11:30:00+00:00,56217.5,56336.5,56023.5,56031,705.883,39690942.9945
1637667900000,2021-11-23T11:45:00+00:00,56031,56201.5,55940.5,56115.5,1016.167,56987046.9365
1637668800000,2021-11-23T12:00:00+00:00,56115.5,56306.5,56108.5,56263,548.557,30841241.33
1637669700000,2021-11-23T12:15:00+00:00,56263,56432.5,56082.5,56416.5,612.192,34434877.894
1637670600000,2021-11-23T12:30:00+00:00,56416.5,56432.5,56115,56271,625.853,35201970.8535
1637671500000,2021-11-23T12:45:00+00:00,56271,56352.5,56196.5,56296,439.361,24722878.6695
1637672400000,2021-11-23T13:00:00+00:00,56296,56778.5,56295.5,56635,1498.891,84856304.8855
1637673300000,2021-11-23T13:15:00+00:00,56635,56890,56557.5,56867.5,762.992,43279554.834
1637674200000,2021-11-23T13:30:00+00:00,56867.5,56912.5,56729.5,56832.5,736.189,41829247.476
1637675100000,2021-11-23T13:45:00+00:00,56834.5,56836.5,56625.5,56792.5,735.331,41689241.1675
1637676000000,2021-11-23T14:00:00+00:00,56792.5,56969.5,56701.5,56951.5,884.235,50275051.696
1637676900000,2021-11-23T14:15:00+00:00,56951.5,57074.5,56714.5,57012.5,629.216,35778820.5485
1637677800000,2021-11-23T14:30:00+00:00,57012.5,57181.5,56590,56709.5,894.147,50842858.3195
1637678700000,2021-11-23T14:45:00+00:00,56709.5,57686,56709.5,57677.5,1782.495,102208657.0405
1637679600000,2021-11-23T15:00:00+00:00,57677.5,57741,57251,57309.5,1349.863,77583281.322
1637680500000,2021-11-23T15:15:00+00:00,57309.5,57427.5,57162,57173,838.932,48048155.0455
1637681400000,2021-11-23T15:30:00+00:00,57173,57318,57000.5,57112.5,835.164,47752440.2835
1637682300000,2021-11-23T15:45:00+00:00,57115,57263,56847,56892,713.113,40675620.9815
1637683200000,2021-11-23T16:00:00+00:00,56895,57348,56885.5,57224,1405.305,80277897.6905
1637684100000,2021-11-23T16:15:00+00:00,57224,57591.5,57152.5,57347,1272.166,73040130.5845
1637685000000,2021-11-23T16:30:00+00:00,57347,57484,57159,57242.5,920.658,52764464.8585
1637685900000,2021-11-23T16:45:00+00:00,57242.5,57583,57220,57465,608.681,34954902.721
1637686800000,2021-11-23T17:00:00+00:00,57465,57498,57229,57244,442.672,25392073.66
1637687700000,2021-11-23T17:15:00+00:00,57244,57672.5,57230.5,57527.5,530.092,30473923.515
1637688600000,2021-11-23T17:30:00+00:00,57527.5,57677,57386,57392,509.787,29314457.278
1637689500000,2021-11-23T17:45:00+00:00,57392,57464,57258.5,57271,436.76,25056020.6195
1637690400000,2021-11-23T18:00:00+00:00,57271,57375.5,57143,57254.5,789.654,45221361.861
1637691300000,2021-11-23T18:15:00+00:00,57254.5,57300,57156.5,57204,549.004,31416802.2485
1637692200000,2021-11-23T18:30:00+00:00,57204,57310,57168.5,57269.5,582.476,33335778.1825
1637693100000,2021-11-23T18:45:00+00:00,57269.5,57592.5,57241.5,57435,672.807,38630266.325
1637694000000,2021-11-23T19:00:00+00:00,57435,57603,57341.5,57397,348.142,20005740.911
1637694900000,2021-11-23T19:15:00+00:00,57397,57506.5,57237.5,57492.5,304.842,17476242.737
1637695800000,2021-11-23T19:30:00+00:00,57492.5,57583,57384,57535.5,269.265,15484228.5125
1637696700000,2021-11-23T19:45:00+00:00,57535.5,57850.5,57535.5,57794.5,608.19,35105621.4455
1637697600000,2021-11-23T20:00:00+00:00,57794.5,57827.5,57523,57588,553.34,31896620.4645
1637698500000,2021-11-23T20:15:00+00:00,57588,57683,57411.5,57506,624.224,35903181.0425
1637699400000,2021-11-23T20:30:00+00:00,57506,57719,57399,57698,539.637,31041381.8845
1637700300000,2021-11-23T20:45:00+00:00,57698,57869,57544,57861.5,567.191,32722566.1585
1637701200000,2021-11-23T21:00:00+00:00,57861.5,57867.5,57577,57599,532.422,30718133.589
1637702100000,2021-11-23T21:15:00+00:00,57599,57740.5,57597,57659.5,426.493,24587047.4015
1637703000000,2021-11-23T21:30:00+00:00,57659.5,57709.5,57527,57601,516.98,29788891.3905
1637703900000,2021-11-23T21:45:00+00:00,57601,57726,57584.5,57695.5,449.664,25926626.634
1637704800000,2021-11-23T22:00:00+00:00,57695.5,57747,57613,57614,422.867,24395127.6065
1637705700000,2021-11-23T22:15:00+00:00,57614,57752.5,57613,57665,409.813,23642313.253
1637706600000,2021-11-23T22:30:00+00:00,57665,57689,57547.5,57610,352.231,20292091.3625
1637707500000,2021-11-23T22:45:00+00:00,57610,57623,57440,57582.5,426.798,24558152.6115
1637708400000,2021-11-23T23:00:00+00:00,57582.5,57654.5,57471.5,57580,553.762,31866979.7145
1637709300000,2021-11-23T23:15:00+00:00,57580,57664,57514,57588,634.152,36517429.512
1637710200000,2021-11-23T23:30:00+00:00,57588,57745,57588,57681,628.648,36260251.5115
1637711100000,2021-11-23T23:45:00+00:00,57681,57740,57530,57535.5,607.875,35034329.713
1637712000000,2021-11-24T00:00:00+00:00,57535.5,57675.5,57535.5,57562.5,511.524,29462028.252
1637712900000,2021-11-24T00:15:00+00:00,57562.5,57616,57482.5,57606.5,705.577,40605560.5255
1637713800000,2021-11-24T00:30:00+00:00,57606.5,57750,57567,57681.5,732.781,42272529.4775
1637714700000,2021-11-24T00:45:00+00:00,57681.5,57685,57506,57506,753.362,43394509.0425
1637715600000,2021-11-24T01:00:00+00:00,57506,57568.5,57251.5,57384,975.718,56067178.4425
1637716500000,2021-11-24T01:15:00+00:00,57382,57429,57107.5,57190,1207.627,69106201.9035
1637717400000,2021-11-24T01:30:00+00:00,57190,57416,57157.5,57397.5,785.944,45038617.954
1637718300000,2021-11-24T01:45:00+00:00,57397.5,57397.5,57020,57054,926.223,52964783.8115
1637719200000,2021-11-24T02:00:00+00:00,57054,57129.5,56757.5,56796.5,1203.555,68520641.7475
1637720100000,2021-11-24T02:15:00+00:00,56796.5,56928,56367.5,56422.5,1233.103,69799187.8175
1637721000000,2021-11-24T02:30:00+00:00,56422.5,56547.5,56232,56268.5,961.619,54264145.0755
1637721900000,2021-11-24T02:45:00+00:00,56268.5,56420.5,56132.5,56244.5,906.267,51004356.686
1637722800000,2021-11-24T03:00:00+00:00,56244.5,56406.5,56216,56346,916.909,51658430.847
1637723700000,2021-11-24T03:15:00+00:00,56346,56441.5,56249,56423.5,907.895,51160762.724
1637724600000,2021-11-24T03:30:00+00:00,56423.5,56424.5,56250,56350,901.825,50794624.9825
1637725500000,2021-11-24T03:45:00+00:00,56350,56451,56316.5,56393,724.424,40847560.609
1637726400000,2021-11-24T04:00:00+00:00,56393,56544.5,56331,56478.5,913.753,51567578.642
1637727300000,2021-11-24T04:15:00+00:00,56478.5,56754.5,56473,56603,1026.263,58103186.109
1637728200000,2021-11-24T04:30:00+00:00,56603,56610,56463,56553,829.725,46904576.398
1637729100000,2021-11-24T04:45:00+00:00,56553,56653.5,56464,56554,762.915,43136175.028
1637730000000,2021-11-24T05:00:00+00:00,56554,56694.5,56474,56690,621.393,35157188.1405
1637730900000,2021-11-24T05:15:00+00:00,56690,56774,56626.5,56658,558.004,31634027.042
1637731800000,2021-11-24T05:30:00+00:00,56658,56716.5,56583.5,56671,433.382,24545168.6285
1637732700000,2021-11-24T05:45:00+00:00,56671,56709,56506,56603.5,354.628,20068408
1637733600000,2021-11-24T06:00:00+00:00,56603.5,56653.5,56322,56389,837.689,47289810.8125
1637734500000,2021-11-24T06:15:00+00:00,56389,56539.5,56232,56277.5,830.579,46818768.1635
1637735400000,2021-11-24T06:30:00+00:00,56277.5,56511.5,56275,56467,591.136,33339437.981
1637736300000,2021-11-24T06:45:00+00:00,56467,56736,56467,56606.5,920.533,52128051.525
1637737200000,2021-11-24T07:00:00+00:00,56606.5,56683.5,56512.5,56585,777.692,44004619.729
1637738100000,2021-11-24T07:15:00+00:00,56585,56700.5,56434.5,56634,893.065,50518154.574
1637739000000,2021-11-24T07:30:00+00:00,56634,56634.5,56383,56561.5,962.071,54353311.4795
1637739900000,2021-11-24T07:45:00+00:00,56561.5,56562.5,56442.5,56508,774.365,43749286.9855
1637740800000,2021-11-24T08:00:00+00:00,56508,56580.5,56396,56433.5,624.76,35287900.5595
1637741700000,2021-11-24T08:15:00+00:00,56433.5,56741.5,56425.5,56741,611.954,34632727.873
1637742600000,2021-11-24T08:30:00+00:00,56741,57425,56670,56788.5,2295.698,130939833.948
1637743500000,2021-11-24T08:45:00+00:00,56788.5,57102,56638,56852.5,1149.752,65384144.352
1637744400000,2021-11-24T09:00:00+00:00,56852.5,56946,56743,56880,670.808,38137203.3815
1637745300000,2021-11-24T09:15:00+00:00,56880,56991.5,56773.5,56991,584.967,33276441.215
1637746200000,2021-11-24T09:30:00+00:00,56991,56991,56800,56849.5,661.871,37648910.6655
1637747100000,2021-11-24T09:45:00+00:00,56849.5,56849.5,56655,56685,703.743,39926791.714
1637748000000,2021-11-24T10:00:00+00:00,56685,56764,56575,56731,837.155,47443869.6075
1637748900000,2021-11-24T10:15:00+00:00,56731,56880.5,56640,56670.5,661.567,37534207.529
1637749800000,2021-11-24T10:30:00+00:00,56670.5,56677.5,56542,56569.5,593.029,33571169.5885
1637750700000,2021-11-24T10:45:00+00:00,56569.5,56611.5,56420.5,56432.5,755.314,42688703.376
1637751600000,2021-11-24T11:00:00+00:00,56432.5,56547,56332.5,56464,693.687,39156733.719
1637752500000,2021-11-24T11:15:00+00:00,56464,56587.5,56406,56539.5,591.212,33418061.683
1637753400000,2021-11-24T11:30:00+00:00,56539.5,56763.5,56507,56755.5,706.875,40062063.017
1637754300000,2021-11-24T11:45:00+00:00,56755.5,56759,56624,56632.5,476.851,27025213.7835
1637755200000,2021-11-24T12:00:00+00:00,56632.5,56748.5,56413,56457,702.249,39716323.618
1637756100000,2021-11-24T12:15:00+00:00,56457,56707,56456,56642.5,607.888,34387457.0565
1637757000000,2021-11-24T12:30:00+00:00,56642.5,56654.5,56535,56587,414.036,23434870.9
1637757900000,2021-11-24T12:45:00+00:00,56587,56636,56426,56446,650.923,36764162.586
1637758800000,2021-11-24T13:00:00+00:00,56446,56876,56304.5,56582,1451.296,82081098.9915
1637759700000,2021-11-24T13:15:00+00:00,56582,56641.5,56410.5,56628,805.892,45560633.335
1637760600000,2021-11-24T13:30:00+00:00,56628,56734.5,56321.5,56340,744.109,42017458.188
1637761500000,2021-11-24T13:45:00+00:00,56340,56368.5,56023.5,56039.5,1660.419,93288370.2685
1637762400000,2021-11-24T14:00:00+00:00,56039.5,56299,55994.5,56044.5,1306.945,73353568.892
1637763300000,2021-11-24T14:15:00+00:00,56044.5,56361.5,55886.5,56091,1576.332,88468424.8085
1637764200000,2021-11-24T14:30:00+00:00,56091,56220,55953,56010,1174.043,65855721.478
1637765100000,2021-11-24T14:45:00+00:00,56010,56229.5,55900,56133.5,946.326,53062203.892
1637766000000,2021-11-24T15:00:00+00:00,56133.5,56493.5,56080,56300,1931.319,108758436.71
1637766900000,2021-11-24T15:15:00+00:00,56300,56387.5,56191,56308,863.354,48600245.1605
1637767800000,2021-11-24T15:30:00+00:00,56308,56809,56305.5,56642,1747.953,98963764.192
1637768700000,2021-11-24T15:45:00+00:00,56642,57183,56640,56747.5,2241.452,127509564.2395
1637769600000,2021-11-24T16:00:00+00:00,56747.5,56843,56637,56715.5,1016.614,57663887.0925
1637770500000,2021-11-24T16:15:00+00:00,56715.5,56866,56617,56648,902.572,51230717.926
1637771400000,2021-11-24T16:30:00+00:00,56648,56748.5,56574.5,56609.5,807.427,45739980.132
1637772300000,2021-11-24T16:45:00+00:00,56609.5,56779,56577,56618,801.324,45423281.989
1637773200000,2021-11-24T17:00:00+00:00,56618,56790.5,56608,56761,710.451,40303073.8185
1637774100000,2021-11-24T17:15:00+00:00,56761,56761,56533.5,56574.5,839.882,47547752.7215
1637775000000,2021-11-24T17:30:00+00:00,56574.5,56628.5,56493.5,56586.5,693.352,39208653.0555
1637775900000,2021-11-24T17:45:00+00:00,56586.5,56646.5,56495,56561.5,678.032,38365820.8615
1637776800000,2021-11-24T18:00:00+00:00,56561.5,56956,56527.5,56863,903.337,51284122.909
1637777700000,2021-11-24T18:15:00+00:00,56863,57123.5,56832,56978,770.084,43900943.0845
1637778600000,2021-11-24T18:30:00+00:00,56978,57012.5,56667.5,56679.5,819.316,46520694.7095
1637779500000,2021-11-24T18:45:00+00:00,56679.5,56818.5,56677.5,56801,467.974,26557061.645
1637780400000,2021-11-24T19:00:00+00:00,56801,56873,56598,56645.5,821.796,46612880.096
1637781300000,2021-11-24T19:15:00+00:00,56645.5,56866,56635.5,56772.5,666.077,37797907.812
1637782200000,2021-11-24T19:30:00+00:00,56772.5,56900,56700.5,56739,551.956,31350847.3945
1637783100000,2021-11-24T19:45:00+00:00,56739,56895,56714,56848,703.221,39932708.7825
1637784000000,2021-11-24T20:00:00+00:00,56848,56964.5,56746,56890.5,458.752,26078858.906
1637784900000,2021-11-24T20:15:00+00:00,56890.5,57197.5,56853,57128,525.746,29986698.4645
1637785800000,2021-11-24T20:30:00+00:00,57128,57221.5,56936.5,57077.5,704.774,40214036.8715
1637786700000,2021-11-24T20:45:00+00:00,57077.5,57442,56995,57430,581.483,33273360.36
1637787600000,2021-11-24T21:00:00+00:00,57430,57482,57198,57300.5,516.211,29606123.141
1637788500000,2021-11-24T21:15:00+00:00,57300.5,57448,57223,57267,424.571,24340255.4685
1637789400000,2021-11-24T21:30:00+00:00,57267,57428,57267,57327,376.815,21611912.532
1637790300000,2021-11-24T21:45:00+00:00,57327,57409.5,57307.5,57333,424.459,24343929.569
1637791200000,2021-11-24T22:00:00+00:00,57333,57453.5,57224.5,57226,597.987,34293996.9205
1637792100000,2021-11-24T22:15:00+00:00,57226,57319,57152,57197.5,464.994,26616350.7445
1637793000000,2021-11-24T22:30:00+00:00,57197.5,57211.5,57045,57058.5,582.33,33285113.088
1637793900000,2021-11-24T22:45:00+00:00,57058.5,57097.5,56869,57017,651.905,37167026.1975
1637794800000,2021-11-24T23:00:00+00:00,57017,57131,57001,57100.5,477.086,27230309.671
1637795700000,2021-11-24T23:15:00+00:00,57100.5,57117.5,56990.5,57049.5,428.041,24423797.463
1637796600000,2021-11-24T23:30:00+00:00,57049.5,57244,57000,57166,522.056,29824765.6535
1637797500000,2021-11-24T23:45:00+00:00,57166,57248.5,57107,57147.5,486.622,27820345.075
1637798400000,2021-11-25T00:00:00+00:00,57147.5,57455,57123,57282,914.9,52394507.588
1637799300000,2021-11-25T00:15:00+00:00,57282,57510.5,57230,57465,854.225,49054528.3735
1637800200000,2021-11-25T00:30:00+00:00,57464,58050,57444,58010,1704.476,98414736.092
1637801100000,2021-11-25T00:45:00+00:00,58016.5,58320,57954.5,58045.5,1964.045,114176171.4605
1637802000000,2021-11-25T01:00:00+00:00,58045.5,58295,57942,57944.5,854.165,49640336.258
1637802900000,2021-11-25T01:15:00+00:00,57944.5,57997,57843,57928.5,619.841,35911471.417
1637803800000,2021-11-25T01:30:00+00:00,57928.5,58000,57861,57901,539.292,31242475.4085
1637804700000,2021-11-25T01:45:00+00:00,57901,57901,57743.5,57766,562.039,32483375.004
1637805600000,2021-11-25T02:00:00+00:00,57766,57866,57662.5,57739.5,524.753,30318975.759
1637806500000,2021-11-25T02:15:00+00:00,57739.5,57764.5,57538.5,57622.5,605.727,34910044.603
1637807400000,2021-11-25T02:30:00+00:00,57622.5,57657,57526,57622,405.652,23364118.5655
1637808300000,2021-11-25T02:45:00+00:00,57623.5,57748.5,57541,57735,515.459,29719946.143
1637809200000,2021-11-25T03:00:00+00:00,57735,57807.5,57641,57687.5,603.685,34847678.576
1637810100000,2021-11-25T03:15:00+00:00,57687.5,57758,57592,57681.5,419.658,24205444.441
1637811000000,2021-11-25T03:30:00+00:00,57681.5,57777.5,57639.5,57731,395.167,22800576.572
1637811900000,2021-11-25T03:45:00+00:00,57731,57768.5,57641,57760.5,534.533,30856277.8395
1637812800000,2021-11-25T04:00:00+00:00,57760.5,57827.5,57617,57626.5,767.323,44269236.166
1637813700000,2021-11-25T04:15:00+00:00,57626.5,57646.5,57237.5,57352.5,1451.686,83447943.6455
1637814600000,2021-11-25T04:30:00+00:00,57352.5,57418,57183,57285,1237.867,70929566.859
1637815500000,2021-11-25T04:45:00+00:00,57285,57305.5,57223,57259,896.663,51350946.9005
1637816400000,2021-11-25T05:00:00+00:00,57259,57308.5,57180,57259.5,673.312,38543547.259
1637817300000,2021-11-25T05:15:00+00:00,57259.5,57288,57130,57205.5,405.573,23200878.343
1637818200000,2021-11-25T05:30:00+00:00,57205.5,57230,57038.5,57121.5,512.705,29289226.5695
1637819100000,2021-11-25T05:45:00+00:00,57121.5,57174.5,57041.5,57133.5,459.936,26267045.807
1637820000000,2021-11-25T06:00:00+00:00,57133.5,57333.5,57109,57276.5,661.16,37826044.337
1637820900000,2021-11-25T06:15:00+00:00,57276.5,57348,57224,57248.5,574.479,32907180.1065
1637821800000,2021-11-25T06:30:00+00:00,57248.5,57269.5,57188.5,57217.5,546.224,31258531.355
1637822700000,2021-11-25T06:45:00+00:00,57217.5,57365,57203.5,57276,605.087,34670779.6635
1637823600000,2021-11-25T07:00:00+00:00,57276,57503,57275.5,57426.5,633.239,36349619.777
1637824500000,2021-11-25T07:15:00+00:00,57426.5,57661,57399,57495,964.22,55468567.978
1637825400000,2021-11-25T07:30:00+00:00,57495,57721.5,57495,57681.5,634.694,36573780.0405
1637826300000,2021-11-25T07:45:00+00:00,57681,57685,57555,57661.5,538.814,31041539.1295
1637827200000,2021-11-25T08:00:00+00:00,57661.5,57921,57659,57888,1023.662,59128868.3035
1637828100000,2021-11-25T08:15:00+00:00,57888,57928,57699,57713.5,1038.883,60039580.74
1637829000000,2021-11-25T08:30:00+00:00,57713.5,57826.5,57685,57743,848.912,49021419.5775
1637829900000,2021-11-25T08:45:00+00:00,57743,57743,57578.5,57594,857.532,49455235.243
1637830800000,2021-11-25T09:00:00+00:00,57594,57621,57392,57477,940.966,54158794.6825
1637831700000,2021-11-25T09:15:00+00:00,57477,57508,57361,57472.5,940.296,54014509.897
1637832600000,2021-11-25T09:30:00+00:00,57472.5,57627.5,57472.5,57579.5,746.589,42976265.5155
1637833500000,2021-11-25T09:45:00+00:00,57579.5,57823,57482,57785.5,948.854,54695762.044
1637834400000,2021-11-25T10:00:00+00:00,57785.5,58433,57739,58372,1922.445,111650378.559
1637835300000,2021-11-25T10:15:00+00:00,58372,58490.5,57999,58265,1949.508,113473303.93
1637836200000,2021-11-25T10:30:00+00:00,58265,58311.5,58013,58135,1071.357,62317566.2525
1637837100000,2021-11-25T10:45:00+00:00,58135,58183,57929.5,58017.5,930.144,53984059.837
1637838000000,2021-11-25T11:00:00+00:00,58017.5,58073.5,57855,57965.5,764.777,44314562.551
1637838900000,2021-11-25T11:15:00+00:00,57965.5,58097.5,57911,57940.5,772.796,44822583.362
1637839800000,2021-11-25T11:30:00+00:00,57940.5,57961.5,57890,57918,655.262,37948205.2755
1637840700000,2021-11-25T11:45:00+00:00,57918,58058,57900,58034.5,678.992,39347322.097
1637841600000,2021-11-25T12:00:00+00:00,58034.5,58358,57938,58332,1023.18,59510886.963
1637842500000,2021-11-25T12:15:00+00:00,58332,58376,58221,58278,794.839,46333274.793
1637843400000,2021-11-25T12:30:00+00:00,58278,58463,58278,58362,693.454,40462491.135
1637844300000,2021-11-25T12:45:00+00:00,58362,58725.5,58324,58663,1430.688,83815805.5155
1637845200000,2021-11-25T13:00:00+00:00,58663,58761.5,58439,58455,1183.179,69314615.2125
1637846100000,2021-11-25T13:15:00+00:00,58457,58867,58444,58794,1385.014,81285846.0435
1637847000000,2021-11-25T13:30:00+00:00,58794,58857,58638,58693.5,974.621,57220456.387
1637847900000,2021-11-25T13:45:00+00:00,58693.5,58703,58480,58576.5,1209.712,70839628.6745
1637848800000,2021-11-25T14:00:00+00:00,58576.5,58621,58488,58584.5,858.897,50298708.846
1637849700000,2021-11-25T14:15:00+00:00,58584.5,58671,58484.5,58663.5,833.629,48843097.034
1637850600000,2021-11-25T14:30:00+00:00,58663.5,58744.5,58513.5,58592.5,672.011,39388869.643
1637851500000,2021-11-25T14:45:00+00:00,58592.5,58804.5,58554,58731.5,591.261,34694987.233
1637852400000,2021-11-25T15:00:00+00:00,58731.5,58970,58731.5,58744,1327.266,78084177.829
1637853300000,2021-11-25T15:15:00+00:00,58744,58777.5,58632,58657.5,983.517,57732274.346
1637854200000,2021-11-25T15:30:00+00:00,58657.5,58832,58610.5,58695.5,831.28,48785731.7385
1637855100000,2021-11-25T15:45:00+00:00,58695.5,59177.5,58677.5,59073.5,1435.246,84638910.453
1637856000000,2021-11-25T16:00:00+00:00,59073.5,59369,59072.5,59295.5,1451.286,86001654.62
1637856900000,2021-11-25T16:15:00+00:00,59295.5,59426.5,59069,59092,953.826,56537614.07
1637857800000,2021-11-25T16:30:00+00:00,59092,59151,58866,58987.5,1012.964,59758920.491
1637858700000,2021-11-25T16:45:00+00:00,58987.5,59100,58927.5,59020.5,679.089,40074416.942
1637859600000,2021-11-25T17:00:00+00:00,59020.5,59176,59006.5,59145,467.069,27605656.711
1637860500000,2021-11-25T17:15:00+00:00,59145,59241.5,59001.5,59151.5,518.199,30634072.332
1637861400000,2021-11-25T17:30:00+00:00,59151.5,59246,59055,59241.5,455.888,26971927.206
1637862300000,2021-11-25T17:45:00+00:00,59241.5,59279.5,59159.5,59170.5,373.273,22103101.579
1637863200000,2021-11-25T18:00:00+00:00,59170.5,59247,59127.5,59246,685.864,40587515.0085
1637864100000,2021-11-25T18:15:00+00:00,59246,59262,59057.5,59062.5,634.518,37544863.894
1637865000000,2021-11-25T18:30:00+00:00,59062.5,59223.5,59046.5,59175,601.178,35548400.944
1637865900000,2021-11-25T18:45:00+00:00,59175,59186.5,59092,59129.5,607.734,35928154.706
1637866800000,2021-11-25T19:00:00+00:00,59129.5,59291.5,59120.5,59258.5,411.792,24378834.7605
1637867700000,2021-11-25T19:15:00+00:00,59258.5,59259.5,58706.5,58801.5,559.901,33003345.281
1637868600000,2021-11-25T19:30:00+00:00,58801.5,59077,58762.5,58816.5,603.099,35523486.3075
1637869500000,2021-11-25T19:45:00+00:00,58816.5,58935.5,58766.5,58891.5,411.973,24254615.155
1637870400000,2021-11-25T20:00:00+00:00,58891.5,59057,58869.5,58957,530.013,31244822.957
1637871300000,2021-11-25T20:15:00+00:00,58957,59078.5,58861.5,59045.5,522.165,30765276.756
1637872200000,2021-11-25T20:30:00+00:00,59045.5,59117.5,58968.5,59008,429.728,25364161.4665
1637873100000,2021-11-25T20:45:00+00:00,59008,59058.5,58833,58890.5,430.485,25372762.697
1637874000000,2021-11-25T21:00:00+00:00,58890.5,59075.5,58841.5,59064,408.412,24078160.773
1637874900000,2021-11-25T21:15:00+00:00,59064,59064,58962.5,58968.5,279.002,16466217.0335
1637875800000,2021-11-25T21:30:00+00:00,58968.5,58969,58750.5,58769,511.72,30093239.193
1637876700000,2021-11-25T21:45:00+00:00,58769,58868.5,58748.5,58845.5,405.514,23846115.0825
1637877600000,2021-11-25T22:00:00+00:00,58845.5,58882,58633.5,58647.5,532.409,31278088.259
1637878500000,2021-11-25T22:15:00+00:00,58647.5,58816.5,58554.5,58737,552.968,32454670.2205
1637879400000,2021-11-25T22:30:00+00:00,58735,58876,58735,58820.5,492.605,28973596.5125
1637880300000,2021-11-25T22:45:00+00:00,58820.5,58916.5,58781.5,58893,509.954,30018994.4515
1637881200000,2021-11-25T23:00:00+00:00,58893,59342,58891.5,59156.5,929.481,54971237.6395
1637882100000,2021-11-25T23:15:00+00:00,59156.5,59198,59023,59150.5,621.617,36744898.69
1637883000000,2021-11-25T23:30:00+00:00,59150.5,59152,58857,58876.5,685.782,40442842.775
1637883900000,2021-11-25T23:45:00+00:00,58876.5,58962.5,58809.5,58951.5,543.861,32032985.892
1637884800000,2021-11-26T00:00:00+00:00,58951.5,59171,58945.5,59095,919.586,54304676.265
1637885700000,2021-11-26T00:15:00+00:00,59095,59170.5,58743.5,58860.5,973.966,57359189.921
1637886600000,2021-11-26T00:30:00+00:00,58860.5,59112,58850.5,58973,1113.019,65681963.654
1637887500000,2021-11-26T00:45:00+00:00,58973,58993,58678,58732.5,882.674,51912086.7665
1637888400000,2021-11-26T01:00:00+00:00,58732.5,58834,58646.5,58684,785.666,46146728.817
1637889300000,2021-11-26T01:15:00+00:00,58684,58913,58665,58902,717.013,42159629.2295
1637890200000,2021-11-26T01:30:00+00:00,58902,58902,58650,58670,734.062,43148701.8875
1637891100000,2021-11-26T01:45:00+00:00,58669,58741,58615,58632,784.752,46030703.84
1637892000000,2021-11-26T02:00:00+00:00,58632,58661,58492,58619.5,669.753,39230904.308
1637892900000,2021-11-26T02:15:00+00:00,58619.5,58662.5,58320,58405,681.099,39827371.2485
1637893800000,2021-11-26T02:30:00+00:00,58405,58497,58336,58450.5,629.457,36769445.1485
1637894700000,2021-11-26T02:45:00+00:00,58450.5,58540,58184,58215,765.656,44630243.379
1637895600000,2021-11-26T03:00:00+00:00,58215,58221,58082,58151.5,899.965,52334080.3725
1637896500000,2021-11-26T03:15:00+00:00,58151.5,58241,58067,58124.5,980.298,56996562.1985
1637897400000,2021-11-26T03:30:00+00:00,58124.5,58200,58066,58111.5,884.992,51441807.7085
1637898300000,2021-11-26T03:45:00+00:00,58111.5,58135.5,57896.5,57957.5,885.003,51337561.8265
1637899200000,2021-11-26T04:00:00+00:00,57957.5,58035,57793,57978,730.882,42321319.388
1637900100000,2021-11-26T04:15:00+00:00,57984.5,58037,57877,57910,519.562,30109375.754
1637901000000,2021-11-26T04:30:00+00:00,57910,57929,57710,57747.5,704.949,40747740.3095
1637901900000,2021-11-26T04:45:00+00:00,57747.5,57889.5,57704,57843.5,501.326,28985539.464
1637902800000,2021-11-26T05:00:00+00:00,57843.5,57891.5,57659,57682.5,899.185,51956933.565
1637903700000,2021-11-26T05:15:00+00:00,57682.5,57723,57501,57632,1151.414,66336729.711
1637904600000,2021-11-26T05:30:00+00:00,57632,57817,57576.5,57745.5,694.223,40071182.985
1637905500000,2021-11-26T05:45:00+00:00,57745.5,57871,57651,57856,770.091,44494099.9
1637906400000,2021-11-26T06:00:00+00:00,57856,57930,57768,57888.5,1085.722,62819534.7675
1637907300000,2021-11-26T06:15:00+00:00,57888.5,57895,57613,57713,899.795,51935066.061
1637908200000,2021-11-26T06:30:00+00:00,57713,57728,57572,57612,774.684,44659975.426
1637909100000,2021-11-26T06:45:00+00:00,57612,57703.5,57458,57601.5,1016.446,58542209.346
1637910000000,2021-11-26T07:00:00+00:00,57601.5,57661,57486.5,57594,639.951,36852677.668
1637910900000,2021-11-26T07:15:00+00:00,57594,57637,57502,57510.5,384.904,22164454.964
1637911800000,2021-11-26T07:30:00+00:00,57510.5,57521.5,56982,56994,1328.66,76031355.854
1637912700000,2021-11-26T07:45:00+00:00,56997,57169.5,56662.5,56979.5,1536.76,87372928.1525
1637913600000,2021-11-26T08:00:00+00:00,56968,56980,56520.5,56776.5,1250.319,70929061.2025
1637914500000,2021-11-26T08:15:00+00:00,56776.5,56776.5,55424,55897,3385.023,189565426.3335
1637915400000,2021-11-26T08:30:00+00:00,55897,56179,54776.5,55433.5,5225.072,289312772.505
1637916300000,2021-11-26T08:45:00+00:00,55433.5,55444,54341,55192,3815.172,209232284.9055
1637917200000,2021-11-26T09:00:00+00:00,55192,55400.5,54757.5,55275.5,2685.523,148129537.027
1637918100000,2021-11-26T09:15:00+00:00,55275.5,55462.5,54968,55019.5,1519.002,83863634.281
1637919000000,2021-11-26T09:30:00+00:00,55019.5,55155,54600,55129.5,1766.653,96877537.169
1637919900000,2021-11-26T09:45:00+00:00,55129.5,55193,54602.5,54864.5,1301.034,71452370.889
1637920800000,2021-11-26T10:00:00+00:00,54864.5,54911.5,54541,54733,2413.41,132023690.6125
1637921700000,2021-11-26T10:15:00+00:00,54733,54842.5,54585.5,54606,741.197,40554219.6845
1637922600000,2021-11-26T10:30:00+00:00,54606,54830,54490,54656,1380.501,75495254.1815
1637923500000,2021-11-26T10:45:00+00:00,54657.5,54736,54347.5,54423.5,1480.105,80687938.125
1637924400000,2021-11-26T11:00:00+00:00,54423.5,54539,53915,54288,2092.815,113449592.9095
1637925300000,2021-11-26T11:15:00+00:00,54286,54725.5,54166,54689.5,1230.674,67066725.6475
1637926200000,2021-11-26T11:30:00+00:00,54689.5,54836,53977.5,54151.5,1787.202,97140910.1435
1637927100000,2021-11-26T11:45:00+00:00,54151.5,54212.5,53684,53725.5,1449.658,78184545.984
1637928000000,2021-11-26T12:00:00+00:00,53723,53950.5,53494,53719,2408.971,129337069.8155
1637928900000,2021-11-26T12:15:00+00:00,53719,54276,53704,54148,2137.3,115539230.896
1637929800000,2021-11-26T12:30:00+00:00,54148,54361.5,53926,54026,1450.61,78532630.4125
1637930700000,2021-11-26T12:45:00+00:00,54026,54293.5,53896,54288,1147.153,62066491.8595
1637931600000,2021-11-26T13:00:00+00:00,54288,54326.5,53991,54019,806.718,43674180.1125
1637932500000,2021-11-26T13:15:00+00:00,54019,54245.5,53971,54188,891.047,48253517.5275
1637933400000,2021-11-26T13:30:00+00:00,54188,54315.5,54135,54272.5,826.142,44799291.0655
1637934300000,2021-11-26T13:45:00+00:00,54272.5,54604,54221.5,54566,1078.287,58666700.4755
1637935200000,2021-11-26T14:00:00+00:00,54566,54574.5,54276.5,54444.5,673.031,36639797.4265
1637936100000,2021-11-26T14:15:00+00:00,54444.5,54800,54376,54716,626.187,34199673.3105
1637937000000,2021-11-26T14:30:00+00:00,54716,54827.5,54593,54594.5,599.881,32818149.221
1637937900000,2021-11-26T14:45:00+00:00,54594.5,54686.5,54379,54618,668.83,36469596.5785
1637938800000,2021-11-26T15:00:00+00:00,54618,54624.5,54425.5,54445,557.41,30390543.7235
1637939700000,2021-11-26T15:15:00+00:00,54445,54496.5,54212.5,54400.5,938.499,51023114.7845
1637940600000,2021-11-26T15:30:00+00:00,54400.5,54525,54294.5,54411.5,494.282,26892868.1705
1637941500000,2021-11-26T15:45:00+00:00,54411.5,54487,54312,54326,558.286,30365185.7065
1637942400000,2021-11-26T16:00:00+00:00,54326,54392,54157.5,54204,914.977,49661487.327
1637943300000,2021-11-26T16:15:00+00:00,54204,54354.5,54031,54354.5,832.715,45101571.4515
1637944200000,2021-11-26T16:30:00+00:00,54346.5,54506,54283.5,54390,848.489,46169611.009
1637945100000,2021-11-26T16:45:00+00:00,54390,54584,54285,54285,699.247,38064728.803
1637946000000,2021-11-26T17:00:00+00:00,54285,54464.5,54249,54443,688.314,37412194.066
1637946900000,2021-11-26T17:15:00+00:00,54443,54535,54165,54317,560.315,30448191.7195
1637947800000,2021-11-26T17:30:00+00:00,54317,54644.5,54317,54570,740.828,40370243.6615
1637948700000,2021-11-26T17:45:00+00:00,54570,54589.5,54220,54249,627.222,34078058.956
1637949600000,2021-11-26T18:00:00+00:00,54249,54261.5,54144,54209.5,330.342,17901911.7625
1637950500000,2021-11-26T18:15:00+00:00,54209.5,54311,53931,53967,489.837,26501055.6625
1637951400000,2021-11-26T18:30:00+00:00,53967,54333.5,53934.5,54296.5,463.549,25084507.607
1637952300000,2021-11-26T18:45:00+00:00,54296.5,54310,54084.5,54100.5,325.533,17644884.359
1637953200000,2021-11-26T19:00:00+00:00,54100.5,54251,54005.5,54218,520.965,28221581.5405
1637954100000,2021-11-26T19:15:00+00:00,54218,54325,54187,54292.5,475.86,25819774.77
1637955000000,2021-11-26T19:30:00+00:00,54292.5,54364,54230.5,54301.5,347.491,18870492.7185
1637955900000,2021-11-26T19:45:00+00:00,54301.5,54439,54296.5,54342,431.753,23474509.625
1637956800000,2021-11-26T20:00:00+00:00,54342,54342,54227.5,54269,364.813,19800811.773
1637957700000,2021-11-26T20:15:00+00:00,54269,54408,54232,54404.5,321.21,17441017.1075
1637958600000,2021-11-26T20:30:00+00:00,54404.5,54478,54275.5,54292.5,294.512,16011147.565
1637959500000,2021-11-26T20:45:00+00:00,54292.5,54578,54277,54511,454.524,24756106.1455
1637960400000,2021-11-26T21:00:00+00:00,54511,54569.5,54345,54345.5,382.312,20819456.208
1637961300000,2021-11-26T21:15:00+00:00,54345.5,54406.5,54270.5,54320.5,381.552,20726544.039
1637962200000,2021-11-26T21:30:00+00:00,54320.5,54414,54306,54405.5,341.897,18589366.8695
1637963100000,2021-11-26T21:45:00+00:00,54405.5,54405.5,53988,53997,479.973,25997981.3635
1637964000000,2021-11-26T22:00:00+00:00,53997,54410.5,53810,54293,1013.777,54848003.6095
1637964900000,2021-11-26T22:15:00+00:00,54293,54303.5,54157,54211,576.255,31253272.578
1637965800000,2021-11-26T22:30:00+00:00,54211,54282.5,54178,54179,672.765,36490688.7395
1637966700000,2021-11-26T22:45:00+00:00,54179,54240,53991,54082,611.705,33119379.691
1637967600000,2021-11-26T23:00:00+00:00,54082,54209.5,54008,54113.5,269.265,14572776.0185
1637968500000,2021-11-26T23:15:00+00:00,54116.5,54179,53687,53690.5,434.178,23387825.4825
1637969400000,2021-11-26T23:30:00+00:00,53690.5,54000.5,53596.5,53641.5,780.642,41988417.715
1637970300000,2021-11-26T23:45:00+00:00,53641.5,53855.5,53516,53757,553.774,29728468.366
1637971200000,2021-11-27T00:00:00+00:00,53756,54413,53630,54324,1084.031,58480681.875
1637972100000,2021-11-27T00:15:00+00:00,54324,54510.5,54094,54364.5,611.997,33204781.852
1637973000000,2021-11-27T00:30:00+00:00,54364.5,54635,54268,54469.5,539.652,29367960.432
1637973900000,2021-11-27T00:45:00+00:00,54469.5,54471.5,54097,54103,655.099,35511184.1235
1637974800000,2021-11-27T01:00:00+00:00,54103,54251,53921,53927.5,725.138,39241252.3235
1637975700000,2021-11-27T01:15:00+00:00,53927.5,54174,53923,54163,751.593,40605434.032
1637976600000,2021-11-27T01:30:00+00:00,54163,54326,54128,54231.5,778.659,42249761.8905
1637977500000,2021-11-27T01:45:00+00:00,54231.5,54305.5,54137.5,54161,617.553,33484294.9165
1637978400000,2021-11-27T02:00:00+00:00,54161,54371,54156.5,54273,634.829,34462957.752
1637979300000,2021-11-27T02:15:00+00:00,54273,54424.5,54141,54417,734.602,39846308.7485
1637980200000,2021-11-27T02:30:00+00:00,54417,54520.5,54350,54432.5,827.815,45062377.396
1637981100000,2021-11-27T02:45:00+00:00,54432.5,54447,54318,54392.5,625.147,33984374.2775
1637982000000,2021-11-27T03:00:00+00:00,54392.5,54519.5,54288.5,54515,243.594,13246275.14
1637982900000,2021-11-27T03:15:00+00:00,54515,54611,54477,54563,449.549,24526862.209
1637983800000,2021-11-27T03:30:00+00:00,54563,54611,54445,54460.5,269.535,14690434.924
1637984700000,2021-11-27T03:45:00+00:00,54460.5,54517,54316,54360.5,289.813,15763637.7965
1637985600000,2021-11-27T04:00:00+00:00,54360.5,54436,54301,54312.5,293.062,15934610.9265
1637986500000,2021-11-27T04:15:00+00:00,54312.5,54549.5,54267.5,54424,397.2,21625743.617
1637987400000,2021-11-27T04:30:00+00:00,54424,54591.5,54421,54533,324.187,17677462.319
1637988300000,2021-11-27T04:45:00+00:00,54533,54609.5,54445,54473.5,398.865,21752219.2855
1637989200000,2021-11-27T05:00:00+00:00,54475.5,54546.5,54382,54416.5,361.138,19663555.723
1637990100000,2021-11-27T05:15:00+00:00,54416.5,54484,54391,54392.5,365.934,19916150.788
1637991000000,2021-11-27T05:30:00+00:00,54392.5,54494,54392,54438,322.772,17573060.9055
1637991900000,2021-11-27T05:45:00+00:00,54438,54490,54244.5,54248,368.044,20014694.2025
1637992800000,2021-11-27T06:00:00+00:00,54247,54454.5,54219,54423,485.908,26415378.8205
1637993700000,2021-11-27T06:15:00+00:00,54423,54480,54263.5,54273,361.533,19658103.8045
1637994600000,2021-11-27T06:30:00+00:00,54273,54369,54237.5,54358,321.489,17458076.383
1637995500000,2021-11-27T06:45:00+00:00,54358,54428.5,54219,54252.5,337.743,18340513.958
1637996400000,2021-11-27T07:00:00+00:00,54252.5,54399,54237.5,54391.5,385.649,20948621.164
1637997300000,2021-11-27T07:15:00+00:00,54391.5,54395.5,54253,54318,347.521,18875345.8355
1637998200000,2021-11-27T07:30:00+00:00,54318,54364.5,54274,54358.5,339.033,18418325.351
1637999100000,2021-11-27T07:45:00+00:00,54358.5,54448,54338,54394.5,347.455,18898580.562
1638000000000,2021-11-27T08:00:00+00:00,54394.5,55070.5,54394.5,55005,937.929,51340641.5365
1638000900000,2021-11-27T08:15:00+00:00,55005,55200,54683,55075,935.717,51414748.3685
1638001800000,2021-11-27T08:30:00+00:00,55076.5,55280.5,55068,55110.5,747.65,41254981.83
1638002700000,2021-11-27T08:45:00+00:00,55110.5,55128.5,54999,55051.5,434.5,23923233.447
1638003600000,2021-11-27T09:00:00+00:00,55051.5,55155,55030,55105,309.425,17051247.197
1638004500000,2021-11-27T09:15:00+00:00,55105,55117.5,54827,54829,487.48,26800307.167
1638005400000,2021-11-27T09:30:00+00:00,54829,54946,54759,54858.5,525.476,28826436.83
1638006300000,2021-11-27T09:45:00+00:00,54858.5,54858.5,54588,54590.5,547.96,29960062.519
1638007200000,2021-11-27T10:00:00+00:00,54590.5,54660,54296,54426.5,889.773,48457970.258
1638008100000,2021-11-27T10:15:00+00:00,54426.5,54766.5,54407.5,54698,600.5,32774221.933
1638009000000,2021-11-27T10:30:00+00:00,54698,54826,54599,54785.5,676.709,37034669.596
1638009900000,2021-11-27T10:45:00+00:00,54785.5,54898.5,54699,54725.5,508.655,27861116.2525
1638010800000,2021-11-27T11:00:00+00:00,54725.5,54937.5,54722,54934.5,323.126,17708347.9925
1638011700000,2021-11-27T11:15:00+00:00,54934.5,54971,54771,54841.5,326.678,17917215.733
1638012600000,2021-11-27T11:30:00+00:00,54841.5,54841.5,54591,54654,383.788,20987484.097
1638013500000,2021-11-27T11:45:00+00:00,54654,54699,54532,54615,335.066,18300281.2365
1638014400000,2021-11-27T12:00:00+00:00,54615,54711.5,54508,54711.5,412.634,22529968.948
1638015300000,2021-11-27T12:15:00+00:00,54711.5,54713,54492.5,54620.5,449.147,24521009.3545
1638016200000,2021-11-27T12:30:00+00:00,54620.5,54830,54588.5,54746.5,441.643,24173375.964
1638017100000,2021-11-27T12:45:00+00:00,54746.5,54814.5,54704.5,54720,285.538,15633894.4625
1638018000000,2021-11-27T13:00:00+00:00,54720,54921.5,54661,54866.5,604.722,33146346.885
1638018900000,2021-11-27T13:15:00+00:00,54866.5,55014,54847,54903,651.31,35770012.042
1638019800000,2021-11-27T13:30:00+00:00,54903,55172.5,54895.5,55134.5,678.045,37343804.6185
1638020700000,2021-11-27T13:45:00+00:00,55134.5,55204,54951,54989,599.593,33028383.1875
1638021600000,2021-11-27T14:00:00+00:00,54989,55220.5,54938,55159,586.754,32338723.85
1638022500000,2021-11-27T14:15:00+00:00,55159,55216,54914,55008,624.045,34339661.64
1638023400000,2021-11-27T14:30:00+00:00,55008,55008,54872.5,54921,487.215,26767060.56
1638024300000,2021-11-27T14:45:00+00:00,54921,54940,54700,54728.5,636.432,34873361.2775
1638025200000,2021-11-27T15:00:00+00:00,54728.5,54831,54625,54799.5,657.566,35980343.245
1638026100000,2021-11-27T15:15:00+00:00,54799.5,54901,54726.5,54803.5,478.79,26248063.998
1638027000000,2021-11-27T15:30:00+00:00,54803.5,55005,54780,54997.5,527.462,28957889.3675
1638027900000,2021-11-27T15:45:00+00:00,54997.5,54997.5,54870,54899,418.899,23008475.02
1638028800000,2021-11-27T16:00:00+00:00,54899,55109,54812,55101,419.424,23059304.5565
1638029700000,2021-11-27T16:15:00+00:00,55101,55142,54944.5,54979,306.385,16861795.626
1638030600000,2021-11-27T16:30:00+00:00,54979,55222,54930,55147,313.586,17278666.7925
1638031500000,2021-11-27T16:45:00+00:00,55147,55189.5,54823.5,54902.5,407.265,22400818.6815
1638032400000,2021-11-27T17:00:00+00:00,54902.5,55044,54848,54987.5,451.28,24797507.0435
1638033300000,2021-11-27T17:15:00+00:00,54987.5,55099.5,54955,55026,333.835,18376745.13
1638034200000,2021-11-27T17:30:00+00:00,55026,55066.5,54820,54836.5,496.091,27242954.0665
1638035100000,2021-11-27T17:45:00+00:00,54836.5,54953.5,54832,54889.5,372.649,20452943.244
1638036000000,2021-11-27T18:00:00+00:00,54889.5,54910,54648,54715,650.175,35607430.7365
1638036900000,2021-11-27T18:15:00+00:00,54715,54798,54671,54780,407.398,22300769.779
1638037800000,2021-11-27T18:30:00+00:00,54780,54949,54718,54916,491.139,26913528.494
1638038700000,2021-11-27T18:45:00+00:00,54916,55029,54818.5,54958,474.419,26049879.351
1638039600000,2021-11-27T19:00:00+00:00,54958,54987,54861,54941,165.068,9067846.154
1638040500000,2021-11-27T19:15:00+00:00,54941,54972,54833,54867.5,202.448,11113910.891
1638041400000,2021-11-27T19:30:00+00:00,54867.5,54970,54849.5,54918,150.55,8266493.205
1638042300000,2021-11-27T19:45:00+00:00,54918,54989,54886.5,54931.5,176.287,9684652.142
1638043200000,2021-11-27T20:00:00+00:00,54931.5,55061,54910.5,55056.5,386.509,21258964.9455
1638044100000,2021-11-27T20:15:00+00:00,55056.5,55056.5,54964,54969,365.472,20104400.7435
1638045000000,2021-11-27T20:30:00+00:00,54969,54969.5,54272,54418.5,804.361,43919930.763
1638045900000,2021-11-27T20:45:00+00:00,54418.5,54509.5,54125,54270.5,699.168,37967173.7805
1638046800000,2021-11-27T21:00:00+00:00,54270.5,54360.5,54029,54117,660.499,35770599.3035
1638047700000,2021-11-27T21:15:00+00:00,54117,54304,54007,54170.5,694.358,37600996.7
1638048600000,2021-11-27T21:30:00+00:00,54170.5,54416.5,54157.5,54274,464.408,25215771.741
1638049500000,2021-11-27T21:45:00+00:00,54274,54664.5,54274,54564,524.084,28547043.803
1638050400000,2021-11-27T22:00:00+00:00,54564,54740.5,54555,54740.5,428.255,23414239.3865
1638051300000,2021-11-27T22:15:00+00:00,54740.5,54742.5,54511,54660.5,370.32,20226277.8995
1638052200000,2021-11-27T22:30:00+00:00,54660.5,54868.5,54658,54773,460.832,25238523.4875
1638053100000,2021-11-27T22:45:00+00:00,54773,54971,54728.5,54837,407.657,22366995.474
1638054000000,2021-11-27T23:00:00+00:00,54837,54884,54768,54809.5,509.781,27946024.384
1638054900000,2021-11-27T23:15:00+00:00,54809.5,54809.5,54606,54660,663.491,36288368.627
1638055800000,2021-11-27T23:30:00+00:00,54660,54665.5,54526,54552.5,519.349,28351637.5875
1638056700000,2021-11-27T23:45:00+00:00,54552.5,54830,54375,54726,638.528,34822969.983
1638057600000,2021-11-28T00:00:00+00:00,54726,54826,54537,54661,416.194,22755638.82
1638058500000,2021-11-28T00:15:00+00:00,54661,54794,54524,54531.5,334.032,18261456.203
1638059400000,2021-11-28T00:30:00+00:00,54531.5,54553.5,54289,54493.5,359.142,19548916.728
1638060300000,2021-11-28T00:45:00+00:00,54493.5,54823.5,54493,54679,565.855,30958735.053
1638061200000,2021-11-28T01:00:00+00:00,54679,54742,54483,54502,429.986,23492758.7085
1638062100000,2021-11-28T01:15:00+00:00,54502,54597.5,54445,54500,355.267,19363955.8255
1638063000000,2021-11-28T01:30:00+00:00,54500,54516.5,54190,54242,737.458,40061731.483
1638063900000,2021-11-28T01:45:00+00:00,54242,54271,54128,54254,462.792,25084595.235
1638064800000,2021-11-28T02:00:00+00:00,54254,54334,54143.5,54301,437.652,23737787.332
1638065700000,2021-11-28T02:15:00+00:00,54301,54364,54140.5,54189.5,425.146,23072366.333
1638066600000,2021-11-28T02:30:00+00:00,54189.5,54191.5,53695,53844.5,1222.574,65938072.63
1638067500000,2021-11-28T02:45:00+00:00,53844.5,54377.5,53842.5,54360,935.311,50700319.622
1638068400000,2021-11-28T03:00:00+00:00,54360,54442.5,54270,54278,535.378,29100002.5025
1638069300000,2021-11-28T03:15:00+00:00,54278,54424.5,54245.5,54279.5,369.938,20100269.4375
1638070200000,2021-11-28T03:30:00+00:00,54279.5,54305,54076,54118.5,453.931,24594601.7235
1638071100000,2021-11-28T03:45:00+00:00,54118.5,54264.5,54059,54147.5,424.036,22961619.095
1638072000000,2021-11-28T04:00:00+00:00,54147.5,54225,53990,54009.5,852.522,46128398.9595
1638072900000,2021-11-28T04:15:00+00:00,54009.5,54223,53977,54136,810.786,43879746.1775
1638073800000,2021-11-28T04:30:00+00:00,54136,54226.5,54045.5,54059,870.444,47136746.676
1638074700000,2021-11-28T04:45:00+00:00,54059,54091,53950,54071.5,829.266,44803329.3855
1638075600000,2021-11-28T05:00:00+00:00,54071.5,54310,54000.5,54241,880.379,47680119.601
1638076500000,2021-11-28T05:15:00+00:00,54240,54360.5,54161.5,54246,734.998,39889810.4715
1638077400000,2021-11-28T05:30:00+00:00,54246,54335,54179,54258.5,758.548,41157938.9555
1638078300000,2021-11-28T05:45:00+00:00,54258.5,54403.5,54258.5,54393,685.158,37220278.4305
1638079200000,2021-11-28T06:00:00+00:00,54389.5,54416,54211,54236.5,711.74,38634527.399
1638080100000,2021-11-28T06:15:00+00:00,54236.5,54396,54197,54395,758.292,41179464.237
1638081000000,2021-11-28T06:30:00+00:00,54395,54459,54320.5,54414.5,795.941,43284066.3755
1638081900000,2021-11-28T06:45:00+00:00,54414.5,54597,54412,54501.5,853.586,46548424.176
1638082800000,2021-11-28T07:00:00+00:00,54501.5,54555.5,54444,54509,573.712,31258123.7965
1638083700000,2021-11-28T07:15:00+00:00,54509,54571,54426,54496,507.877,27675281.0495
1638084600000,2021-11-28T07:30:00+00:00,54496,54564,54462.5,54520,519.006,28292131.196
1638085500000,2021-11-28T07:45:00+00:00,54520,54642,54473,54534,563.05,30714767.466
1638086400000,2021-11-28T08:00:00+00:00,54534,54639.5,54430,54637,685.801,37385687.655
1638087300000,2021-11-28T08:15:00+00:00,54637,54709,54438,54443,867.178,47303868.8315
1638088200000,2021-11-28T08:30:00+00:00,54443,54482,54268.5,54364,860.595,46773128.5685
1638089100000,2021-11-28T08:45:00+00:00,54364,54410.5,54255,54410.5,613.555,33338702.9925
1638090000000,2021-11-28T09:00:00+00:00,54410.5,54484.5,54311,54317,962.883,52354712.5965
1638090900000,2021-11-28T09:15:00+00:00,54317,54317,54152,54221,943.236,51139094.825
1638091800000,2021-11-28T09:30:00+00:00,54221,54341,54199.5,54326,840.006,45585445.818
1638092700000,2021-11-28T09:45:00+00:00,54326,54365.5,54249,54347.5,721.919,39217225.632
1638093600000,2021-11-28T10:00:00+00:00,54347.5,54354.5,54206.5,54352.5,408.716,22180773.68
1638094500000,2021-11-28T10:15:00+00:00,54352.5,54357.5,54245,54307,444.536,24144709.186
1638095400000,2021-11-28T10:30:00+00:00,54307,54480,54307,54459,448.675,24414168.3655
1638096300000,2021-11-28T10:45:00+00:00,54459,54951.5,54457.5,54736,1293.975,70878764.1785
1638097200000,2021-11-28T11:00:00+00:00,54736,54878,54581.5,54601.5,713.276,39036753.306
1638098100000,2021-11-28T11:15:00+00:00,54601.5,54708,54543.5,54683.5,546.825,29873031.5075
1638099000000,2021-11-28T11:30:00+00:00,54683.5,54690.5,54486.5,54506.5,623.135,34012018.101
1638099900000,2021-11-28T11:45:00+00:00,54506.5,54576.5,54460,54510.5,610.324,33275458.6715
1638100800000,2021-11-28T12:00:00+00:00,54510.5,54648.5,54467,54648,490.41,26751892.0755
1638101700000,2021-11-28T12:15:00+00:00,54648,54653,54298.5,54370,628.859,34235305.5455
1638102600000,2021-11-28T12:30:00+00:00,54370,54440,54321,54381,422.583,22978987.6635
1638103500000,2021-11-28T12:45:00+00:00,54381,54485,54331.5,54370,400.332,21780568.8595
1638104400000,2021-11-28T13:00:00+00:00,54370,54411.5,54274,54290.5,682.991,37117869.176
1638105300000,2021-11-28T13:15:00+00:00,54290.5,54356.5,54239,54316.5,697.717,37884713.768
1638106200000,2021-11-28T13:30:00+00:00,54316.5,54350,54226.5,54237.5,800.54,43455192.4545
1638107100000,2021-11-28T13:45:00+00:00,54237.5,54346.5,54217,54295.5,767.757,41680220.7925
1638108000000,2021-11-28T14:00:00+00:00,54295.5,54349.5,54087,54141,618.903,33578237.4745
1638108900000,2021-11-28T14:15:00+00:00,54141,54561,54048,54382.5,929.591,50512101.805
1638109800000,2021-11-28T14:30:00+00:00,54382.5,54502.5,54269,54283,532.197,28937831.4345
1638110700000,2021-11-28T14:45:00+00:00,54283,54393,54239.5,54367,445.189,24183765.297
1638111600000,2021-11-28T15:00:00+00:00,54367,54406,54282.5,54294,581.92,31621464.648
1638112500000,2021-11-28T15:15:00+00:00,54294,54335.5,54187.5,54228.5,683.54,37076426.842
1638113400000,2021-11-28T15:30:00+00:00,54228.5,54384,54210,54379.5,675.892,36715458.2465
1638114300000,2021-11-28T15:45:00+00:00,54379.5,54454,54298,54311,747.504,40642681.4955
1638115200000,2021-11-28T16:00:00+00:00,54311,54384.5,54138,54192,807.899,43842151.532
1638116100000,2021-11-28T16:15:00+00:00,54192,54294,54065.5,54072,821.629,44495864.0585
1638117000000,2021-11-28T16:30:00+00:00,54072,54152.5,53996,53998.5,864.313,46734620.627
1638117900000,2021-11-28T16:45:00+00:00,53998.5,54225.5,53968,54200,800.748,43342874.1915
1638118800000,2021-11-28T17:00:00+00:00,54200,54260.5,54124,54244,634.228,34379617.8425
1638119700000,2021-11-28T17:15:00+00:00,54244,54303.5,54069,54075,734.548,39807234.916
1638120600000,2021-11-28T17:30:00+00:00,54075,54115,53805,53867.5,789.922,42605623.7945
1638121500000,2021-11-28T17:45:00+00:00,53867.5,54034,53808,53926.5,668.266,36030575.3805
1638122400000,2021-11-28T18:00:00+00:00,53926.5,54012,53878,53915,535.07,28874316.688
1638123300000,2021-11-28T18:15:00+00:00,53915,53955.5,53707,53709,657.782,35401868.1285
1638124200000,2021-11-28T18:30:00+00:00,53709,54053,53272.5,53810,1612.313,86489180.59
1638125100000,2021-11-28T18:45:00+00:00,53809,54178,53809,54117,1517.585,81962806.2305
1638126000000,2021-11-28T19:00:00+00:00,54117,54709,54058.5,54620,1218.952,66340693.804
1638126900000,2021-11-28T19:15:00+00:00,54620,54654,54446.5,54508,744.316,40582431.069
1638127800000,2021-11-28T19:30:00+00:00,54508,54912.5,54508,54682,1202.206,65821286.481
1638128700000,2021-11-28T19:45:00+00:00,54682,54837.5,54571,54630.5,780.764,42762389.8065
1638129600000,2021-11-28T20:00:00+00:00,54630.5,54855.5,54630.5,54837.5,697.691,38212718.2405
1638130500000,2021-11-28T20:15:00+00:00,54837.5,54837.5,54653,54793,595.525,32598490.9845
1638131400000,2021-11-28T20:30:00+00:00,54793,55164.5,54793,54899,748.271,41142456.9295
1638132300000,2021-11-28T20:45:00+00:00,54899,54988.5,54856.5,54933.5,566.537,31115257.496
1638133200000,2021-11-28T21:00:00+00:00,54933.5,55045.5,54878,54952,396.725,21803369.6475
1638134100000,2021-11-28T21:15:00+00:00,54952,55826,54952,55776.5,1076.427,59646232.66
1638135000000,2021-11-28T21:30:00+00:00,55776.5,55943.5,55650.5,55820.5,780.515,43548826.673
1638135900000,2021-11-28T21:45:00+00:00,55820.5,56407,55738.5,56287.5,932.579,52314399.924
1638136800000,2021-11-28T22:00:00+00:00,56287.5,56707.5,56270.5,56509,1570.614,88765325.7035
1638137700000,2021-11-28T22:15:00+00:00,56509,56738.5,56200.5,56328.5,1159.869,65512243.953
1638138600000,2021-11-28T22:30:00+00:00,56328,56433.5,56197.5,56243.5,837.389,47175187.0825
1638139500000,2021-11-28T22:45:00+00:00,56243.5,56377.5,56050,56054.5,664.651,37359352.452
1638140400000,2021-11-28T23:00:00+00:00,56054.5,57307,56054.5,57001,2231.828,126789422.1005
1638141300000,2021-11-28T23:15:00+00:00,57002,57399.5,56998,57280.5,1183.766,67792630.621
1638142200000,2021-11-28T23:30:00+00:00,57280.5,57450,57120.5,57134,995.101,56980741.9165
1638143100000,2021-11-28T23:45:00+00:00,57134,57314.5,57075,57296,591.29,33808362.8595
1638144000000,2021-11-29T00:00:00+00:00,57296,57515.5,57217.5,57350.5,853.298,48959297.6775
1638144900000,2021-11-29T00:15:00+00:00,57350.5,57810,57157.5,57774.5,1190.151,68365591.616
1638145800000,2021-11-29T00:30:00+00:00,57774.5,57984,57617,57619,1328.758,76775740.3695
1638146700000,2021-11-29T00:45:00+00:00,57619,57821,57493,57774,1020.18,58790551.534
1638147600000,2021-11-29T01:00:00+00:00,57774,58264,57661.5,57833,2482.826,143866586.3835
1638148500000,2021-11-29T01:15:00+00:00,57833,57911,57637.5,57709.5,1128.612,65184802.0385
1638149400000,2021-11-29T01:30:00+00:00,57709.5,57762.5,57585,57662,802.503,46270915.3465
1638150300000,2021-11-29T01:45:00+00:00,57662,57707,57550,57686.5,742.74,42810209.8315
1638151200000,2021-11-29T02:00:00+00:00,57686.5,57745,57591,57626.5,390.654,22533631.3
1638152100000,2021-11-29T02:15:00+00:00,57626.5,57693.5,57516,57530.5,537.055,30935045.396
1638153000000,2021-11-29T02:30:00+00:00,57527,57616.5,57462,57472,591.311,34021555.578
1638153900000,2021-11-29T02:45:00+00:00,57472,57532.5,57321.5,57352,467.99,26879611.177
1638154800000,2021-11-29T03:00:00+00:00,57352,57424.5,57330,57360.5,529.496,30385521.498
1638155700000,2021-11-29T03:15:00+00:00,57360.5,57414,57220.5,57376.5,494.064,28326000.512
1638156600000,2021-11-29T03:30:00+00:00,57376.5,57426.5,57278,57289.5,440.288,25243168.6395
1638157500000,2021-11-29T03:45:00+00:00,57289.5,57454.5,57289.5,57384,501.287,28751152.6285
1638158400000,2021-11-29T04:00:00+00:00,57384,57653,57378.5,57520,869.192,49988945.4715
1638159300000,2021-11-29T04:15:00+00:00,57520,57522.5,57314.5,57326.5,526.394,30203894.333
1638160200000,2021-11-29T04:30:00+00:00,57326.5,57507,57322,57438.5,694.928,39899768.9505
1638161100000,2021-11-29T04:45:00+00:00,57438.5,57499.5,57266,57282.5,596.841,34212555.0995
1638162000000,2021-11-29T05:00:00+00:00,57282.5,57310,57246,57249,431.572,24721242.5115
1638162900000,2021-11-29T05:15:00+00:00,57249,57338.5,57249,57260,465.215,26656341.1495
1638163800000,2021-11-29T05:30:00+00:00,57260,57319.5,57227.5,57316.5,453.98,26005045.605
1638164700000,2021-11-29T05:45:00+00:00,57315,57393,57288,57346,484.266,27769846.323
1638165600000,2021-11-29T06:00:00+00:00,57346,57508,57344.5,57440.5,359.831,20666065.469
1638166500000,2021-11-29T06:15:00+00:00,57440.5,57482,57345,57481,270.302,15517698.6115
1638167400000,2021-11-29T06:30:00+00:00,57481,57506.5,57350.5,57421,359.96,20673637.361
1638168300000,2021-11-29T06:45:00+00:00,57421,57511,57372,57443,295.572,16979236.884
1638169200000,2021-11-29T07:00:00+00:00,57443,57605.5,57407.5,57594,523.22,30095920.274
1638170100000,2021-11-29T07:15:00+00:00,57594,57682.5,57501,57675.5,529.434,30477082.2815
1638171000000,2021-11-29T07:30:00+00:00,57675.5,57680.5,57496,57501.5,582.484,33531936.951
1638171900000,2021-11-29T07:45:00+00:00,57501.5,57563,57463,57520,511.345,29404842.8005
1638172800000,2021-11-29T08:00:00+00:00,57520,57636.5,57341,57405.5,585.895,33670147.4145
1638173700000,2021-11-29T08:15:00+00:00,57405.5,57455.5,57254.5,57264,421.365,24166554.7115
1638174600000,2021-11-29T08:30:00+00:00,57264,57400,57232.5,57265.5,387.332,22206191.517
1638175500000,2021-11-29T08:45:00+00:00,57265.5,57335,57253,57279,383.875,21994628.3915
1638176400000,2021-11-29T09:00:00+00:00,57279,57400,57263,57356,433.648,24863687.0865
1638177300000,2021-11-29T09:15:00+00:00,57356,57423,57324.5,57324.5,474.163,27205541.051
1638178200000,2021-11-29T09:30:00+00:00,57324.5,57381.5,56827.5,56832,1212.078,69190664.795
1638179100000,2021-11-29T09:45:00+00:00,56830,57019,56702.5,56897,1069.496,60828356.4465
1638180000000,2021-11-29T10:00:00+00:00,56896.5,56972.5,56835.5,56901.5,508.034,28912885.4795
1638180900000,2021-11-29T10:15:00+00:00,56901.5,57418,56878,57374,1403.835,80260451.2135
1638181800000,2021-11-29T10:30:00+00:00,57374,57418,57152,57181,645.7,36985200.361
1638182700000,2021-11-29T10:45:00+00:00,57181,57319,57109,57205.5,501.052,28663727.6915
1638183600000,2021-11-29T11:00:00+00:00,57205.5,57327,57199,57251.5,453.636,25972409.029
1638184500000,2021-11-29T11:15:00+00:00,57251.5,57266,57090,57103.5,591.123,33809517.096
1638185400000,2021-11-29T11:30:00+00:00,57103.5,57171,56958,56990,469.991,26832812.487
1638186300000,2021-11-29T11:45:00+00:00,56990,57136.5,56900,56915.5,639.504,36466255.8645
1638187200000,2021-11-29T12:00:00+00:00,56915.5,57102.5,56901,57038,650.634,37073783.922
1638188100000,2021-11-29T12:15:00+00:00,57038,57120.5,56890,56942,619.066,35272761.876
1638189000000,2021-11-29T12:30:00+00:00,56941.5,57094,56940.5,57002.5,442.269,25213579.7695
1638189900000,2021-11-29T12:45:00+00:00,57002.5,57026.5,56880,56929,585.414,33338754.3785
1638190800000,2021-11-29T13:00:00+00:00,56929,57214.5,56905,57191,606.946,34651043.3015
1638191700000,2021-11-29T13:15:00+00:00,57191,57333,57021.5,57023.5,565.502,32344723.2695
1638192600000,2021-11-29T13:30:00+00:00,57023.5,57512.5,57023.5,57383.5,724.381,41506627.5545
1638193500000,2021-11-29T13:45:00+00:00,57383.5,57492,57252,57300,563.734,32329760.062
1638194400000,2021-11-29T14:00:00+00:00,57300,57421,57188,57229,497.721,28514715.286
1638195300000,2021-11-29T14:15:00+00:00,57229,57284.5,57141.5,57143.5,418.606,23944176.371
1638196200000,2021-11-29T14:30:00+00:00,57143.5,57153,57041,57113.5,624.48,35658911.937
1638197100000,2021-11-29T14:45:00+00:00,57113.5,57121,56959,57049,612.578,34927850.76
1638198000000,2021-11-29T15:00:00+00:00,57049,57090.5,56902,56905.5,467.225,26622291.93
1638198900000,2021-11-29T15:15:00+00:00,56917.5,57084,56898,56965.5,334.193,19048549.9715
1638199800000,2021-11-29T15:30:00+00:00,56965.5,57013,56855,56955,371.86,21167647.256
1638200700000,2021-11-29T15:45:00+00:00,56955,57126,56938.5,57120.5,400.954,22866312.911
1638201600000,2021-11-29T16:00:00+00:00,57120.5,57178.5,57016,57061,488.39,27894935.517
1638202500000,2021-11-29T16:15:00+00:00,57061,57079.5,57014,57063.5,289.712,16527022.785
1638203400000,2021-11-29T16:30:00+00:00,57063.5,57187.5,57040,57185.5,390.378,22303788.607
1638204300000,2021-11-29T16:45:00+00:00,57185.5,57490,57158,57478,867.758,49782566.5975
1638205200000,2021-11-29T17:00:00+00:00,57478,57987,57428,57948,865.354,49896815.99
1638206100000,2021-11-29T17:15:00+00:00,57948,58680,57896.5,58581,1678.812,98023657.694
1638207000000,2021-11-29T17:30:00+00:00,58581,58780,58563.5,58650.5,549.204,32233593.7605
1638207900000,2021-11-29T17:45:00+00:00,58650.5,58726,58519,58639,443.731,26008424.3735
1638208800000,2021-11-29T18:00:00+00:00,58639,58724,58511.5,58618.5,502.61,29455124.077
1638209700000,2021-11-29T18:15:00+00:00,58618.5,58892.5,58586.5,58644.5,803.199,47157489.2175
1638210600000,2021-11-29T18:30:00+00:00,58644.5,58754.5,58527.5,58681,654.367,38376389.275
1638211500000,2021-11-29T18:45:00+00:00,58681,58728.5,58621.5,58659.5,407.306,23895902.873
1638212400000,2021-11-29T19:00:00+00:00,58659.5,58673.5,58247.5,58298,798.2,46677148.7755
1638213300000,2021-11-29T19:15:00+00:00,58298,58398,58163,58181.5,659.272,38432270.575
1638214200000,2021-11-29T19:30:00+00:00,58181.5,58264.5,58014.5,58059.5,524.971,30525458.0715
1638215100000,2021-11-29T19:45:00+00:00,58059.5,58094.5,57822.5,57904,544.353,31561142.089
1638216000000,2021-11-29T20:00:00+00:00,57904,58013.5,57736,57938.5,476.351,27594238.8385
1638216900000,2021-11-29T20:15:00+00:00,57938.5,58067.5,57868,58045.5,390.29,22630107.419
1638217800000,2021-11-29T20:30:00+00:00,58045.5,58262,57966,58260.5,376.871,21885757.6555
1638218700000,2021-11-29T20:45:00+00:00,58260.5,58260.5,58032.5,58036.5,334.724,19455506.5815
1638219600000,2021-11-29T21:00:00+00:00,58032.5,58262,58006,58231.5,432.084,25124707.4815
1638220500000,2021-11-29T21:15:00+00:00,58231.5,58375.5,58208.5,58327.5,670.954,39114565.172
1638221400000,2021-11-29T21:30:00+00:00,58327.5,58362.5,58170.5,58186.5,478.179,27849106.844
1638222300000,2021-11-29T21:45:00+00:00,58186.5,58433,58186.5,58288.5,492.77,28710286.277
1638223200000,2021-11-29T22:00:00+00:00,58288.5,58397.5,58245,58276,521.323,30406515.532
1638224100000,2021-11-29T22:15:00+00:00,58276,58331,58158,58238.5,510.699,29748099.4655
1638225000000,2021-11-29T22:30:00+00:00,58238.5,58239,58164,58180.5,497.345,28940282.0305
1638225900000,2021-11-29T22:45:00+00:00,58180.5,58248,58050,58088.5,463.975,26979866.499
1638226800000,2021-11-29T23:00:00+00:00,58088.5,58121.5,57841,57921.5,667.502,38678921.769
1638227700000,2021-11-29T23:15:00+00:00,57921.5,58050,57908.5,58026,438.442,25426038.933
1638228600000,2021-11-29T23:30:00+00:00,58026,58042,57798,57846,496.32,28749682.9165
1638229500000,2021-11-29T23:45:00+00:00,57846,57925.5,57693,57806.5,612.146,35389993.777
1638230400000,2021-11-30T00:00:00+00:00,57806.5,57945,57587,57909.5,588.753,34000480.7465
1638231300000,2021-11-30T00:15:00+00:00,57909.5,57993,57763.5,57853,394.189,22812591.147
1638232200000,2021-11-30T00:30:00+00:00,57853,57931,57549,57732,456.806,26361010.8375
1638233100000,2021-11-30T00:45:00+00:00,57732,57739,57568,57729.5,474.561,27357487.72
1638234000000,2021-11-30T01:00:00+00:00,57729.5,57807,57438.5,57452,677.295,39055522.5435
1638234900000,2021-11-30T01:15:00+00:00,57452,57493,57066,57159,911.552,52183096.5935
1638235800000,2021-11-30T01:30:00+00:00,57159,57360.5,57159,57316,613.046,35102649.445
1638236700000,2021-11-30T01:45:00+00:00,57316,57402.5,57197,57299,447.168,25620118.4695
1638237600000,2021-11-30T02:00:00+00:00,57299,57455,57265.5,57434.5,461.499,26486449.2455
1638238500000,2021-11-30T02:15:00+00:00,57434.5,57531.5,57340.5,57420.5,449.612,25818996.2715
1638239400000,2021-11-30T02:30:00+00:00,57420.5,57465,57303,57380,508.28,29170097.4575
1638240300000,2021-11-30T02:45:00+00:00,57380,57418.5,57328,57379,394.325,22622445.228
1638241200000,2021-11-30T03:00:00+00:00,57379,57432,57260,57348,401.827,23044322.562
1638242100000,2021-11-30T03:15:00+00:00,57348,57378.5,57202,57211.5,357.89,20496653.71
1638243000000,2021-11-30T03:30:00+00:00,57211.5,57263.5,56791,56865,1015.718,57868979.4785
1638243900000,2021-11-30T03:45:00+00:00,56859,57121.5,56859,57105,570.098,32504312.3245
1638244800000,2021-11-30T04:00:00+00:00,57105,57262,57007,57243.5,644.91,36861218.461
1638245700000,2021-11-30T04:15:00+00:00,57243.5,57280.5,57056.5,57160.5,610.612,34905944.2855
1638246600000,2021-11-30T04:30:00+00:00,57160.5,57223.5,57072,57129.5,534.903,30569284.6715
1638247500000,2021-11-30T04:45:00+00:00,57129.5,57235.5,57106,57212,587.638,33592567.707
1638248400000,2021-11-30T05:00:00+00:00,57212,57290,57080,57096.5,729.251,41723086.0705
1638249300000,2021-11-30T05:15:00+00:00,57096.5,57154,56823,56841.5,1127.131,64222043.575
1638250200000,2021-11-30T05:30:00+00:00,56841.5,56924.5,56557,56630.5,1588.417,90130716.8325
1638251100000,2021-11-30T05:45:00+00:00,56635.5,56718,56290.5,56314.5,1679.234,94882753.314
1638252000000,2021-11-30T06:00:00+00:00,56324,56378.5,56101,56140,1792.851,100821960.4705
1638252900000,2021-11-30T06:15:00+00:00,56140,56353.5,55888.5,56335,1572.958,88300521.949
1638253800000,2021-11-30T06:30:00+00:00,56335,56424,56224,56353,1073.897,60519275.2785
1638254700000,2021-11-30T06:45:00+00:00,56353,56563.5,56341.5,56528,1026.141,57929316.804
1638255600000,2021-11-30T07:00:00+00:00,56528,56762,56457,56582.5,807.1,45705560.787
1638256500000,2021-11-30T07:15:00+00:00,56582.5,56635.5,56391.5,56478,676.643,38218661.453
1638257400000,2021-11-30T07:30:00+00:00,56478,56513.5,56216.5,56216.5,443.995,25033534.3595
1638258300000,2021-11-30T07:45:00+00:00,56216.5,56574.5,56216.5,56500,626.691,35355121.3035
1638259200000,2021-11-30T08:00:00+00:00,56500,56613.5,56257.5,56482,928.789,52439902.394
1638260100000,2021-11-30T08:15:00+00:00,56482,56548,56340.5,56533,587.221,33137107.5245
1638261000000,2021-11-30T08:30:00+00:00,56533,56986,56444.5,56986,920.419,52125688.5585
1638261900000,2021-11-30T08:45:00+00:00,56982.5,57377.5,56762.5,56764.5,2059.41,117489960.8705
1638262800000,2021-11-30T09:00:00+00:00,56765.5,56934.5,56576.5,56681,1288.511,73125276.3945
1638263700000,2021-11-30T09:15:00+00:00,56680.5,56869.5,56311.5,56460.5,1288.47,72911544.441
1638264600000,2021-11-30T09:30:00+00:00,56460.5,56574.5,56353,56472,883.063,49871641.192
1638265500000,2021-11-30T09:45:00+00:00,56472,56834,56472,56729.5,1006.858,57013893.7885
1638266400000,2021-11-30T10:00:00+00:00,56729.5,56888,56581.5,56818,625.631,35503541.5145
1638267300000,2021-11-30T10:15:00+00:00,56818,56818,56649.5,56664.5,416.128,23597769.326
1638268200000,2021-11-30T10:30:00+00:00,56664.5,56913.5,56644.5,56881,527.329,29971685.2765
1638269100000,2021-11-30T10:45:00+00:00,56881,57225.5,56849,57131.5,803.953,45881016.4285
1638270000000,2021-11-30T11:00:00+00:00,57131.5,57182.5,56921.5,57046.5,902.128,51467935.9095
1638270900000,2021-11-30T11:15:00+00:00,57046.5,57274,57025.5,57258,985.576,56343501.7005
1638271800000,2021-11-30T11:30:00+00:00,57258,57721.5,57198,57602,1459.616,83905369.63
1638272700000,2021-11-30T11:45:00+00:00,57602,57683,57351,57598.5,1382.719,79516325.166
1638273600000,2021-11-30T12:00:00+00:00,57598.5,58305.5,57590,58210,1797.156,104235387.4835
1638274500000,2021-11-30T12:15:00+00:00,58210,58262,57888,57947,1156.794,67191137.0185
1638275400000,2021-11-30T12:30:00+00:00,57947,58170,57871,58091.5,807.512,46867570.524
1638276300000,2021-11-30T12:45:00+00:00,58091.5,58127,57837,57842,719.164,41686280.95
1638277200000,2021-11-30T13:00:00+00:00,57842,58226.5,57644,58208,1574.841,91322746.274
1638278100000,2021-11-30T13:15:00+00:00,58208,58322.5,57944,58051,1308.165,76034767.317
1638279000000,2021-11-30T13:30:00+00:00,58051,58138,57867,58065.5,862.799,50047286.6245
1638279900000,2021-11-30T13:45:00+00:00,58065.5,58376.5,58065.5,58347.5,1153.642,67166800.0105
1638280800000,2021-11-30T14:00:00+00:00,58347.5,58479.5,58183.5,58245,1381.56,80600129.7585
1638281700000,2021-11-30T14:15:00+00:00,58245,58581.5,58160,58352.5,1644.936,95988710.645
1638282600000,2021-11-30T14:30:00+00:00,58352.5,58379,58076,58216,1343.704,78223874.9795
1638283500000,2021-11-30T14:45:00+00:00,58216,58449,58124,58418.5,1092.96,63663887.05
1638284400000,2021-11-30T15:00:00+00:00,58418.5,59061,58344,58826,2668.975,156706136.456
1638285300000,2021-11-30T15:15:00+00:00,58828.5,59177,58613,59108.5,2611.255,153860936.8905
1638286200000,2021-11-30T15:30:00+00:00,59117,59212.5,58487,58580.5,1616.193,95068211.92
1638287100000,2021-11-30T15:45:00+00:00,58580.5,58648,57248.5,57248.5,3143.236,182224794.5135
1638288000000,2021-11-30T16:00:00+00:00,57256,57488,56794,56873,3674.515,210206307.124
1638288900000,2021-11-30T16:15:00+00:00,56867.5,57406.5,56561,57307,3264.81,186506284.645
1638289800000,2021-11-30T16:30:00+00:00,57319,57742.5,56993,57047,2479.551,142251099.485
1638290700000,2021-11-30T16:45:00+00:00,57047,57164.5,56551.5,56794,2197.573,125013789.0895
1638291600000,2021-11-30T17:00:00+00:00,56794,56897.5,56495.5,56802.5,1006.32,57080122.077
1638292500000,2021-11-30T17:15:00+00:00,56802.5,57182,56788.5,57080.5,700.729,39951256.1315
1638293400000,2021-11-30T17:30:00+00:00,57080.5,57272,57028.5,57224,659.446,37689777.817
1638294300000,2021-11-30T17:45:00+00:00,57224,57613,57163.5,57381.5,758.906,43565167.981
1638295200000,2021-11-30T18:00:00+00:00,57381.5,57570,57222,57323.5,804.261,46157383.696
1638296100000,2021-11-30T18:15:00+00:00,57323.5,57561.5,57323.5,57519.5,445.237,25580229.772
1638297000000,2021-11-30T18:30:00+00:00,57519.5,57875,57490.5,57834,588.231,33958998.4655
1638297900000,2021-11-30T18:45:00+00:00,57834,58390,57722,58339.5,830.457,48246702.7635
1638298800000,2021-11-30T19:00:00+00:00,58339.5,58367,57789,57932.5,1301.545,75518792.4945
1638299700000,2021-11-30T19:15:00+00:00,57932.5,58029,57686.5,57800,1051.068,60814295.899
1638300600000,2021-11-30T19:30:00+00:00,57800,57952,57490,57574,981.895,56598322.52
1638301500000,2021-11-30T19:45:00+00:00,57574,57702,57392,57647,1035.231,59583513.869
1638302400000,2021-11-30T20:00:00+00:00,57647,57772.5,57216,57352,666.969,38371176.833
1638303300000,2021-11-30T20:15:00+00:00,57352,57514.5,57273,57422,499.122,28655283.967
1638304200000,2021-11-30T20:30:00+00:00,57422,57666,57318.5,57629.5,538.466,30945166.1085
1638305100000,2021-11-30T20:45:00+00:00,57629.5,57755,57248,57447,555.791,31948448.3775
1638306000000,2021-11-30T21:00:00+00:00,57447,57698.5,57437.5,57621,587.687,33842440.575
1638306900000,2021-11-30T21:15:00+00:00,57621,57781.5,57303,57312.5,690.56,39740518.856
1638307800000,2021-11-30T21:30:00+00:00,57312.5,57383,56863,56907,760.543,43396963.115
1638308700000,2021-11-30T21:45:00+00:00,56907,57264.5,56907,57117,675.677,38600203.0845
1638309600000,2021-11-30T22:00:00+00:00,57117,57300.5,57028,57283.5,738.879,42272559.9005
1638310500000,2021-11-30T22:15:00+00:00,57283.5,57526.5,57206,57450.5,600.26,34422785.0745
1638311400000,2021-11-30T22:30:00+00:00,57450.5,57456.5,57254.5,57393,574.118,32915608.728
1638312300000,2021-11-30T22:45:00+00:00,57393,57403.5,57190,57305.5,579.882,33229136.9005
1638313200000,2021-11-30T23:00:00+00:00,57305.5,57434.5,57023,57116.5,512.57,29308132.118
1638314100000,2021-11-30T23:15:00+00:00,57116.5,57376.5,57115.5,57267,475.312,27215122.7965
1638315000000,2021-11-30T23:30:00+00:00,57267,57296.5,57027.5,57146,521.951,29809237.243
1638315900000,2021-11-30T23:45:00+00:00,57146,57163.5,56762.5,56952,715.728,40760987.2835
