timestamp_ms,datetime_utc,open,high,low,close,base_volume,quote_volume
1698796800000,2023-11-01T00:00:00+00:00,34637,34668,34572.4,34589.4,533.732,18472777.4158
1698797700000,2023-11-01T00:15:00+00:00,34589.4,34646.2,34505,34549.7,697.81,24121335.7065
1698798600000,2023-11-01T00:30:00+00:00,34549.7,34607,34512.3,34514.8,505.8,17482574.8031
1698799500000,2023-11-01T00:45:00+00:00,34514.8,34560.4,34503.2,34513,314.854,10870301.1003
1698800400000,2023-11-01T01:00:00+00:00,34513,34533,34469.9,34530,535.4,18472791.2454
1698801300000,2023-11-01T01:15:00+00:00,34530,34557.3,34503.5,34557.3,226.678,7827749.5141
1698802200000,2023-11-01T01:30:00+00:00,34557.3,34562.8,34488,34504.1,204.755,7069030.8142
1698803100000,2023-11-01T01:45:00+00:00,34504.1,34520.3,34476.6,34496.4,305.422,10535648.2517
1698804000000,2023-11-01T02:00:00+00:00,34496.4,34496.4,34429.5,34492.1,435.028,14995254.7492
1698804900000,2023-11-01T02:15:00+00:00,34492.1,34499.5,34460.8,34480,198.093,6830003.143
1698805800000,2023-11-01T02:30:00+00:00,34480,34500,34474.7,34475,151.503,5225365.6662
1698806700000,2023-11-01T02:45:00+00:00,34475,34487.4,34451.4,34456.1,259.671,8950208.748
1698807600000,2023-11-01T03:00:00+00:00,34456.1,34473,34438.4,34455.5,413.544,14248123.9414
1698808500000,2023-11-01T03:15:00+00:00,34455.5,34463.6,34411.6,34431.6,415.178,14297018.812
1698809400000,2023-11-01T03:30:00+00:00,34431.6,34444.9,34405,34433.1,315.458,10859462.7046
1698810300000,2023-11-01T03:45:00+00:00,34433.1,34449.2,34416.2,34426.5,210.413,7245332.4248
1698811200000,2023-11-01T04:00:00+00:00,34426.5,34427.3,34396.3,34424.7,435.63,14989781.989
1698812100000,2023-11-01T04:15:00+00:00,34424.7,34461,34423.1,34454,424.865,14636040.1742
1698813000000,2023-11-01T04:30:00+00:00,34454,34473.5,34450.5,34468.7,262.916,9061310.3935
1698813900000,2023-11-01T04:45:00+00:00,34468.7,34470.6,34425.1,34446.5,177.482,6114111.8463
1698814800000,2023-11-01T05:00:00+00:00,34446.5,34448.8,34400.8,34407.4,396.973,13660849.93
1698815700000,2023-11-01T05:15:00+00:00,34407.4,34446.6,34391,34435.4,450.443,15501130.7012
1698816600000,2023-11-01T05:30:00+00:00,34435.4,34436.8,34365.8,34388.8,571.683,19662513.7961
1698817500000,2023-11-01T05:45:00+00:00,34388.8,34411.4,34338.8,34359.8,677.055,23268153.1375
1698818400000,2023-11-01T06:00:00+00:00,34359.8,34390,34329.4,34382.6,427.068,14672212.6219
1698819300000,2023-11-01T06:15:00+00:00,34382.6,34401.7,34375.9,34385.8,320.503,11022608.5264
1698820200000,2023-11-01T06:30:00+00:00,34385.8,34426.1,34373.5,34424.1,249.786,8594212.5454
1698821100000,2023-11-01T06:45:00+00:00,34424.1,34424.1,34402.5,34409.7,231.234,7956787.1447
1698822000000,2023-11-01T07:00:00+00:00,34409.7,34450,34397.1,34449.9,298.505,10277844.9435
1698822900000,2023-11-01T07:15:00+00:00,34449.9,34498.6,34445.2,34465.5,481.517,16598717.1408
1698823800000,2023-11-01T07:30:00+00:00,34465.5,34488.7,34440.2,34488.7,393.782,13571238.9956
1698824700000,2023-11-01T07:45:00+00:00,34488.7,34506.9,34458.1,34458.4,389.472,13432101.0539
1698825600000,2023-11-01T08:00:00+00:00,34458.4,34465.5,34431,34459.6,328.969,11333187.2523
1698826500000,2023-11-01T08:15:00+00:00,34459.6,34476.6,34420.2,34463.9,357.142,12303890.5076
1698827400000,2023-11-01T08:30:00+00:00,34463.9,34485.1,34458.1,34463.7,360.262,12418997.3055
1698828300000,2023-11-01T08:45:00+00:00,34463.7,34463.8,34438.3,34444.6,290.689,10014228.9016
1698829200000,2023-11-01T09:00:00+00:00,34444.6,34461.3,34417.8,34461.3,247.229,8513879.857
1698830100000,2023-11-01T09:15:00+00:00,34461.3,34465.3,34438.1,34458.8,272.08,9374335.4792
1698831000000,2023-11-01T09:30:00+00:00,34458.8,34502.8,34444.5,34463.5,469.015,16170275.5709
1698831900000,2023-11-01T09:45:00+00:00,34463.5,34485.8,34437.3,34485.7,340.459,11730995.2819
1698832800000,2023-11-01T10:00:00+00:00,34485.7,34489.3,34447.6,34448,286.729,9883304.8966
1698833700000,2023-11-01T10:15:00+00:00,34448,34464.3,34432.7,34443,211.658,7291645.2508
1698834600000,2023-11-01T10:30:00+00:00,34443,34444,34376.3,34418.1,624.269,21480953.8942
1698835500000,2023-11-01T10:45:00+00:00,34418.1,34418.1,34360,34377.7,426.303,14656104.806
1698836400000,2023-11-01T11:00:00+00:00,34377.7,34414.7,34351.7,34403,427.307,14695245.2977
1698837300000,2023-11-01T11:15:00+00:00,34403,34403.1,34350,34384.8,552.433,18988069.332
1698838200000,2023-11-01T11:30:00+00:00,34384.8,34419.6,34381.7,34409.6,387.784,13340516.3457
1698839100000,2023-11-01T11:45:00+00:00,34409.6,34457.9,34383.7,34432.4,505.036,17384016.8
1698840000000,2023-11-01T12:00:00+00:00,34432.4,34433.4,34400.7,34425.1,354.082,12187333.3511
1698840900000,2023-11-01T12:15:00+00:00,34425.1,34439.7,34351.4,34367,385.271,13245297.9958
1698841800000,2023-11-01T12:30:00+00:00,34367,34483.9,34358.8,34449.8,703.397,24225300.3259
1698842700000,2023-11-01T12:45:00+00:00,34449.8,34921.5,34449.7,34795.2,6249.523,217046076.5673
1698843600000,2023-11-01T13:00:00+00:00,34795.2,34894.6,34720.1,34813.3,2153.791,74977082.636
1698844500000,2023-11-01T13:15:00+00:00,34813.3,35218,34653.7,34748.7,8436.839,295064024.8938
1698845400000,2023-11-01T13:30:00+00:00,34748.7,34774,34465.8,34576.4,5101.455,176285801.0562
1698846300000,2023-11-01T13:45:00+00:00,34576.4,34605,34405,34605,2138.62,73773103.2398
1698847200000,2023-11-01T14:00:00+00:00,34605,34659.7,34537.3,34620.1,1378.423,47688056.3918
1698848100000,2023-11-01T14:15:00+00:00,34620.1,34664.8,34556.3,34592.9,1170.851,40530017.3759
1698849000000,2023-11-01T14:30:00+00:00,34592.9,34618.3,34541.5,34570,634.082,21926466.4694
1698849900000,2023-11-01T14:45:00+00:00,34570,34578.5,34061.2,34178.6,5720.516,195959639.4746
1698850800000,2023-11-01T15:00:00+00:00,34178.6,34309.3,34160.7,34246.9,1621.983,55544936.3812
1698851700000,2023-11-01T15:15:00+00:00,34246.9,34315.3,34232.6,34286.1,766.656,26287203.0464
1698852600000,2023-11-01T15:30:00+00:00,34286.1,34303.8,34221.3,34236.4,714.572,24484277.72
1698853500000,2023-11-01T15:45:00+00:00,34236.4,34310.3,34197.8,34290.5,848.265,29064834.9445
1698854400000,2023-11-01T16:00:00+00:00,34290.5,34356.7,34283.3,34354.1,687.297,23585080.8709
1698855300000,2023-11-01T16:15:00+00:00,34354.1,34455.7,34347.8,34435.3,862.817,29691086.3245
1698856200000,2023-11-01T16:30:00+00:00,34435.3,34544.7,34371.5,34405.6,1773.865,61135526.5675
1698857100000,2023-11-01T16:45:00+00:00,34405.6,34476.8,34371.5,34452,836.116,28785392.7021
1698858000000,2023-11-01T17:00:00+00:00,34452,34501.5,34452,34493.9,461.691,15918838.09
1698858900000,2023-11-01T17:15:00+00:00,34493.9,34500.6,34389.7,34396.9,489.165,16850709.7292
1698859800000,2023-11-01T17:30:00+00:00,34396.9,34517.7,34345.7,34514.7,976.571,33613810.0614
1698860700000,2023-11-01T17:45:00+00:00,34514.7,34533.8,34425.6,34517.4,919.364,31705936.8517
1698861600000,2023-11-01T18:00:00+00:00,34517.4,34562.5,34442.1,34534.3,1872.376,64639382.4002
1698862500000,2023-11-01T18:15:00+00:00,34534.3,34626.8,34474.3,34600,1055.107,36462168.3717
1698863400000,2023-11-01T18:30:00+00:00,34600,34739.5,34441,34518.5,3008.508,104078196.211
1698864300000,2023-11-01T18:45:00+00:00,34518.5,34619.5,34446,34568.5,1317.876,45536005.0672
1698865200000,2023-11-01T19:00:00+00:00,34568.5,34654.2,34507.5,34510.6,755.688,26136195.1773
1698866100000,2023-11-01T19:15:00+00:00,34510.6,34719.8,34507,34675.9,885.931,30666802.4618
1698867000000,2023-11-01T19:30:00+00:00,34675.9,34704.7,34516.3,34584.8,886.116,30656811.1167
1698867900000,2023-11-01T19:45:00+00:00,34584.8,34600.8,34486.7,34555.4,813.694,28108146.3241
1698868800000,2023-11-01T20:00:00+00:00,34555.4,34683.3,34531.2,34642,620.797,21495087.6315
1698869700000,2023-11-01T20:15:00+00:00,34642,34798.2,34641.2,34797.2,1198.153,41615620.2718
1698870600000,2023-11-01T20:30:00+00:00,34797.2,35012.6,34743.4,34957.8,2129.604,74297282.5932
1698871500000,2023-11-01T20:45:00+00:00,34957.8,35551.5,34957.4,35476.8,5509.323,194197801.6888
1698872400000,2023-11-01T21:00:00+00:00,35476.8,35711.5,35126.1,35374.8,5735.611,203123336.478
1698873300000,2023-11-01T21:15:00+00:00,35374.8,35500,35235.7,35331.1,1865.613,65960622.0083
1698874200000,2023-11-01T21:30:00+00:00,35331.1,35366.1,35170,35241.4,1201.862,42398378.5012
1698875100000,2023-11-01T21:45:00+00:00,35241.4,35425.2,35159.9,35397.9,1337.616,47226601.9952
1698876000000,2023-11-01T22:00:00+00:00,35397.9,35527.9,35397.9,35482.6,1295.505,45947511.0895
1698876900000,2023-11-01T22:15:00+00:00,35482.6,35547,35272.7,35284.7,1547.076,54767331.1249
1698877800000,2023-11-01T22:30:00+00:00,35284.7,35345.9,35196.1,35285.8,878.2,30960082.5893
1698878700000,2023-11-01T22:45:00+00:00,35285.8,35314,35211.1,35293.1,839.654,29597235.1662
1698879600000,2023-11-01T23:00:00+00:00,35293.1,35379.4,35231.4,35369.6,726.501,25654896.2503
1698880500000,2023-11-01T23:15:00+00:00,35369.6,35459.9,35345,35432.5,1296.185,45896802.1132
1698881400000,2023-11-01T23:30:00+00:00,35432.5,35454.3,35391.8,35438.4,844.462,29912208.0376
1698882300000,2023-11-01T23:45:00+00:00,35438.4,35464.2,35381.6,35422,707.522,25073606.6207
1698883200000,2023-11-02T00:00:00+00:00,35422,35555.5,35420.4,35548,1938.044,68763108.0946
1698884100000,2023-11-02T00:15:00+00:00,35548,35650,35500.1,35509.7,1949.691,69366556.4775
1698885000000,2023-11-02T00:30:00+00:00,35509.7,35521.4,35375,35381.3,1062.891,37674445.3089
1698885900000,2023-11-02T00:45:00+00:00,35381.3,35474,35381.3,35430.1,473.928,16789326.941
1698886800000,2023-11-02T01:00:00+00:00,35430.1,35523.7,35430.1,35469.9,543.23,19277698.7869
1698887700000,2023-11-02T01:15:00+00:00,35469.9,35568.2,35447.1,35568.2,808.253,28705052.471
1698888600000,2023-11-02T01:30:00+00:00,35568.2,35622.3,35461.6,35611.5,843.712,29996370.4992
1698889500000,2023-11-02T01:45:00+00:00,35611.5,35628,35533.3,35571.5,1011.587,36001630.2347
1698890400000,2023-11-02T02:00:00+00:00,35571.5,35592.8,35545,35555.3,461.168,16401613.3409
1698891300000,2023-11-02T02:15:00+00:00,35555.3,35692.9,35519.3,35590.5,1622.704,57774365.0928
1698892200000,2023-11-02T02:30:00+00:00,35590.5,35858.8,35584.5,35729.7,2770.89,98970779.5326
1698893100000,2023-11-02T02:45:00+00:00,35729.7,35986,35675.5,35682,4066.807,145727274.1589
1698894000000,2023-11-02T03:00:00+00:00,35682,35780.8,35654,35751.9,1152.834,41161831.6237
1698894900000,2023-11-02T03:15:00+00:00,35751.9,35827.6,35628,35630.3,1433.654,51235902.4091
1698895800000,2023-11-02T03:30:00+00:00,35630.3,35647,35556.3,35599.8,1131.97,40304263.8063
1698896700000,2023-11-02T03:45:00+00:00,35599.8,35621.1,35566.2,35572.5,398.789,14196241.2434
1698897600000,2023-11-02T04:00:00+00:00,35572.5,35599.4,35472.3,35593.9,1100.465,39111284.7317
1698898500000,2023-11-02T04:15:00+00:00,35593.9,35608.4,35510.5,35520,458.234,16296094.7462
1698899400000,2023-11-02T04:30:00+00:00,35520,35552.1,35499,35503.2,404.589,14373461.536
1698900300000,2023-11-02T04:45:00+00:00,35503.2,35527.2,35448.6,35464.2,658.125,23350898.5195
1698901200000,2023-11-02T05:00:00+00:00,35464.2,35489.9,35288,35326.9,1675.146,59268817.7201
1698902100000,2023-11-02T05:15:00+00:00,35326.9,35365.6,35163.7,35226.5,1605.396,56626047.6195
1698903000000,2023-11-02T05:30:00+00:00,35226.5,35294.9,35163.2,35259,1049.207,36970643.1939
1698903900000,2023-11-02T05:45:00+00:00,35259,35266.3,35150.9,35206.7,830.098,29229679.329
1698904800000,2023-11-02T06:00:00+00:00,35206.7,35242.3,35100,35146.3,1233.273,43368966.2215
1698905700000,2023-11-02T06:15:00+00:00,35146.3,35227.8,35067.8,35204.6,1186.222,41698592.9854
1698906600000,2023-11-02T06:30:00+00:00,35204.6,35274.8,35178.1,35184.1,733.467,25840838.0194
1698907500000,2023-11-02T06:45:00+00:00,35184.1,35278.1,35171.1,35240,490.951,17293066.1894
1698908400000,2023-11-02T07:00:00+00:00,35240,35332.8,35230.4,35315.7,712.397,25140281.4165
1698909300000,2023-11-02T07:15:00+00:00,35315.7,35323.1,35240,35280.4,496.961,17530666.2408
1698910200000,2023-11-02T07:30:00+00:00,35280.4,35360,35280,35289.9,584.867,20658462.4269
1698911100000,2023-11-02T07:45:00+00:00,35289.9,35294.6,35220.2,35290.7,582.939,20548778.9506
1698912000000,2023-11-02T08:00:00+00:00,35290.7,35290.7,35100,35190.8,1232.024,43328958.2549
1698912900000,2023-11-02T08:15:00+00:00,35190.8,35280,35178.1,35214,835.796,29453254.0358
1698913800000,2023-11-02T08:30:00+00:00,35214,35300,35207.5,35289.7,489.108,17248567.2424
1698914700000,2023-11-02T08:45:00+00:00,35289.7,35322,35276,35320,337.292,11906646.7766
1698915600000,2023-11-02T09:00:00+00:00,35320,35322,35270.2,35280,290.301,10245661.6241
1698916500000,2023-11-02T09:15:00+00:00,35280,35339.9,35259.4,35325.4,454.618,16053221.3317
1698917400000,2023-11-02T09:30:00+00:00,35325.4,35408.8,35317.9,35403.3,774.224,27384504.1258
1698918300000,2023-11-02T09:45:00+00:00,35403.3,35411.8,35359,35374.7,435.738,15418494.2265
1698919200000,2023-11-02T10:00:00+00:00,35374.7,35411.9,35335,35387.4,402.727,14244896.3532
1698920100000,2023-11-02T10:15:00+00:00,35387.4,35474,35382.5,35471.8,605.341,21455812.586
1698921000000,2023-11-02T10:30:00+00:00,35471.8,35474.6,35372.6,35412.3,531.931,18842291.1671
1698921900000,2023-11-02T10:45:00+00:00,35412.3,35412.3,35353.6,35366.8,339.122,11997368.692
1698922800000,2023-11-02T11:00:00+00:00,35366.8,35377.1,35300.2,35302.3,500.703,17692318.6534
1698923700000,2023-11-02T11:15:00+00:00,35302.3,35436.1,35302.2,35353.8,578.972,20490261.2287
1698924600000,2023-11-02T11:30:00+00:00,35353.8,35418.7,35335.5,35409.3,392.026,13872833.4569
1698925500000,2023-11-02T11:45:00+00:00,35409.3,35409.3,35350.4,35372.4,510.652,18064694.2023
1698926400000,2023-11-02T12:00:00+00:00,35372.4,35372.8,35308.1,35353.9,616.552,21784201.214
1698927300000,2023-11-02T12:15:00+00:00,35353.9,35414.5,35318.3,35318.3,417.585,14771611.6171
1698928200000,2023-11-02T12:30:00+00:00,35318.3,35428.6,35315.7,35407.6,474.077,16776217.6415
1698929100000,2023-11-02T12:45:00+00:00,35407.6,35456.6,35340.3,35349.6,566.337,20050700.9993
1698930000000,2023-11-02T13:00:00+00:00,35349.6,35365.7,35152,35203.6,1912.44,67399975.2616
1698930900000,2023-11-02T13:15:00+00:00,35203.6,35243,35151.4,35164.5,950.064,33441337.8481
1698931800000,2023-11-02T13:30:00+00:00,35164.5,35226.4,34610,34902.5,3653.368,127653854.949
1698932700000,2023-11-02T13:45:00+00:00,34902.5,35029.4,34732,34925.3,3070.878,107242976.1088
1698933600000,2023-11-02T14:00:00+00:00,34925.3,35022.8,34740,34873.3,1940.534,67691600.0999
1698934500000,2023-11-02T14:15:00+00:00,34873.3,34954.9,34777.4,34837.7,1201.716,41891329.4084
1698935400000,2023-11-02T14:30:00+00:00,34837.7,34927.1,34723.9,34906.3,1223.996,42627315.2914
1698936300000,2023-11-02T14:45:00+00:00,34906.3,34951.8,34859.5,34927.7,727.609,25409691.3248
1698937200000,2023-11-02T15:00:00+00:00,34927.7,34930.9,34775,34776.1,1146.353,39927770.851
1698938100000,2023-11-02T15:15:00+00:00,34776.1,34821.4,34581.2,34651.7,3003.164,104182880.6784
1698939000000,2023-11-02T15:30:00+00:00,34651.7,34765,34534.3,34743.8,2171.409,75228357.5141
1698939900000,2023-11-02T15:45:00+00:00,34743.8,34767.7,34638,34638,663.319,23023209.3715
1698940800000,2023-11-02T16:00:00+00:00,34638,34723.8,34597.3,34708.3,950.086,32932378.7931
1698941700000,2023-11-02T16:15:00+00:00,34708.3,34733.8,34389.1,34450.9,2374.842,81942969.732
1698942600000,2023-11-02T16:30:00+00:00,34450.9,34605.8,34291.2,34584.2,2635.816,90782133.3042
1698943500000,2023-11-02T16:45:00+00:00,34584.2,34647.4,34547.1,34641.6,838.475,29015026.3254
1698944400000,2023-11-02T17:00:00+00:00,34641.6,34641.9,34561.7,34614.2,421.954,14601552.2293
1698945300000,2023-11-02T17:15:00+00:00,34614.2,34653.9,34545.7,34590.2,635.928,22000146.5622
1698946200000,2023-11-02T17:30:00+00:00,34590.2,34698.5,34590.2,34698.4,620.205,21497421.5364
1698947100000,2023-11-02T17:45:00+00:00,34698.4,34775,34675.4,34770.8,784.644,27253803.1174
1698948000000,2023-11-02T18:00:00+00:00,34770.8,34836,34712,34821.8,1108.286,38535706.201
1698948900000,2023-11-02T18:15:00+00:00,34821.8,34828.8,34756.5,34810.6,495.395,17237057.9807
1698949800000,2023-11-02T18:30:00+00:00,34810.6,34857,34797,34837.6,571.386,19896133.4602
1698950700000,2023-11-02T18:45:00+00:00,34837.6,34858.8,34766.2,34837.4,464.337,16164642.6292
1698951600000,2023-11-02T19:00:00+00:00,34837.4,34856.8,34803.6,34845,398.749,13890092.8258
1698952500000,2023-11-02T19:15:00+00:00,34845,34920,34824.5,34907.7,681.007,23750369.538
1698953400000,2023-11-02T19:30:00+00:00,34907.7,34953.6,34876.8,34920.8,653.513,22820585.1872
1698954300000,2023-11-02T19:45:00+00:00,34920.8,35020.1,34884.5,34997.1,830.057,29016497.1089
1698955200000,2023-11-02T20:00:00+00:00,34997.1,35084.6,34929.2,35053.2,1008.206,35302842.9556
1698956100000,2023-11-02T20:15:00+00:00,35053.2,35094.9,34863.3,34898.5,952.421,33313384.202
1698957000000,2023-11-02T20:30:00+00:00,34898.5,34920,34813.5,34858,661.804,23073019.5096
1698957900000,2023-11-02T20:45:00+00:00,34858,34946.7,34821.3,34901,360.888,12588943.1953
1698958800000,2023-11-02T21:00:00+00:00,34901,34945.9,34839.8,34919.9,327.025,11413046.5193
1698959700000,2023-11-02T21:15:00+00:00,34919.9,34976.7,34870,34890.1,453.063,15822040.8813
1698960600000,2023-11-02T21:30:00+00:00,34890.1,34904.1,34851.7,34865.7,432.621,15087401.2287
1698961500000,2023-11-02T21:45:00+00:00,34865.7,34923,34864.8,34922.9,284.685,9931042.1361
1698962400000,2023-11-02T22:00:00+00:00,34922.9,34924.4,34858.7,34872.3,435.006,15175583.2495
1698963300000,2023-11-02T22:15:00+00:00,34872.3,34917.1,34841.1,34871.5,524.963,18310299.335
1698964200000,2023-11-02T22:30:00+00:00,34871.5,34894.8,34760,34788.8,738.803,25723868.2229
1698965100000,2023-11-02T22:45:00+00:00,34788.8,34821.2,34766.6,34789.6,505.238,17575564.4364
1698966000000,2023-11-02T23:00:00+00:00,34789.6,34791.8,34701.6,34773.3,727.682,25293687.8306
1698966900000,2023-11-02T23:15:00+00:00,34773.3,34864.5,34773.3,34844,732.193,25506427.955
1698967800000,2023-11-02T23:30:00+00:00,34844,34880,34783.4,34872.3,554.496,19317881.5144
1698968700000,2023-11-02T23:45:00+00:00,34872.3,34939.8,34862.7,34939.2,813.006,28383161.709
1698969600000,2023-11-03T00:00:00+00:00,34939.2,34942,34823,34861.5,685.302,23897195.5671
1698970500000,2023-11-03T00:15:00+00:00,34861.5,34870.1,34759,34762.9,582.797,20290230.6771
1698971400000,2023-11-03T00:30:00+00:00,34762.9,34778.3,34628,34730.2,1161.896,40318458.3992
1698972300000,2023-11-03T00:45:00+00:00,34730.2,34758.9,34401,34508.4,2423.332,83659441.7818
1698973200000,2023-11-03T01:00:00+00:00,34508.4,34572.9,34458,34484.1,1176.259,40606490.9693
1698974100000,2023-11-03T01:15:00+00:00,34484.1,34565.7,34360,34564.5,1505.045,51851433.9628
1698975000000,2023-11-03T01:30:00+00:00,34564.5,34610,34547.3,34568,638.859,22092982.6128
1698975900000,2023-11-03T01:45:00+00:00,34568,34615.9,34492.5,34584.8,656.304,22675558.6155
1698976800000,2023-11-03T02:00:00+00:00,34584.8,34657.2,34542.9,34637,505.332,17492596.5899
1698977700000,2023-11-03T02:15:00+00:00,34637,34689.6,34619.7,34681.5,453.116,15704676.9992
1698978600000,2023-11-03T02:30:00+00:00,34681.5,34705,34628.6,34652,590.06,20454176.8676
1698979500000,2023-11-03T02:45:00+00:00,34652,34672.1,34598.6,34672,484.711,16790732.7595
1698980400000,2023-11-03T03:00:00+00:00,34672,34685.6,34621.9,34622,320.281,11100732.8874
1698981300000,2023-11-03T03:15:00+00:00,34622,34673.4,34622,34630,372.379,12899961.3901
1698982200000,2023-11-03T03:30:00+00:00,34630,34695.9,34629.6,34664.6,372.802,12923111.2964
1698983100000,2023-11-03T03:45:00+00:00,34664.6,34696.2,34655.2,34676.2,275.263,9546500.6316
1698984000000,2023-11-03T04:00:00+00:00,34676.2,34692.8,34626,34626.9,416.388,14430410.8211
1698984900000,2023-11-03T04:15:00+00:00,34626.9,34651.4,34578.9,34644.9,681.829,23606255.8096
1698985800000,2023-11-03T04:30:00+00:00,34644.9,34648.3,34524.4,34533.2,638.824,22090421.7983
1698986700000,2023-11-03T04:45:00+00:00,34533.2,34547.1,34300,34399.5,2715.559,93426151.4823
1698987600000,2023-11-03T05:00:00+00:00,34399.5,34455,34326.8,34388.9,1064.884,36631554.5891
1698988500000,2023-11-03T05:15:00+00:00,34388.9,34466.6,34388.9,34464.2,569.403,19606958.0149
1698989400000,2023-11-03T05:30:00+00:00,34464.2,34502.6,34397.2,34430.7,657.253,22652921.721
1698990300000,2023-11-03T05:45:00+00:00,34430.7,34544,34398.4,34532,697.738,24064910.1333
1698991200000,2023-11-03T06:00:00+00:00,34532,34549.8,34497.8,34503.8,448.665,15491908.8167
1698992100000,2023-11-03T06:15:00+00:00,34503.8,34554.3,34462.1,34540.6,485.804,16761509.6429
1698993000000,2023-11-03T06:30:00+00:00,34540.6,34552.8,34489.7,34508.1,357.281,12330849.9822
1698993900000,2023-11-03T06:45:00+00:00,34508.1,34508.1,34417,34438.6,493.252,16989604.5354
1698994800000,2023-11-03T07:00:00+00:00,34438.6,34488,34392.8,34480.2,553.91,19077527.2925
1698995700000,2023-11-03T07:15:00+00:00,34480.2,34498.7,34450.7,34455.7,341.899,11786583.0747
1698996600000,2023-11-03T07:30:00+00:00,34455.7,34487.4,34355.9,34375.4,725.292,24954013.8996
1698997500000,2023-11-03T07:45:00+00:00,34375.4,34461.5,34344.3,34459,537.271,18479360.2131
1698998400000,2023-11-03T08:00:00+00:00,34459,34611.6,34413,34583.8,1298.893,44846095.1767
1698999300000,2023-11-03T08:15:00+00:00,34583.8,34600,34531.5,34539.7,863.777,29861130.549
1699000200000,2023-11-03T08:30:00+00:00,34539.7,34539.7,34320,34393.8,1290.364,44425403.8718
1699001100000,2023-11-03T08:45:00+00:00,34393.8,34462.6,34223.7,34420,2166.946,74423062.5413
1699002000000,2023-11-03T09:00:00+00:00,34420,34441.9,34295.4,34333.8,783.244,26918604.0777
1699002900000,2023-11-03T09:15:00+00:00,34333.8,34366.5,34257,34324.6,707.812,24287528.3759
1699003800000,2023-11-03T09:30:00+00:00,34324.6,34358.9,34230,34281.6,773.268,26505063.1494
1699004700000,2023-11-03T09:45:00+00:00,34281.6,34338.1,34185.3,34255.4,1309.096,44838145.2601
1699005600000,2023-11-03T10:00:00+00:00,34255.4,34255.6,34155.8,34173.6,1475.187,50438636.5325
1699006500000,2023-11-03T10:15:00+00:00,34173.6,34269.6,34118.8,34215.9,1337.169,45715491.208
1699007400000,2023-11-03T10:30:00+00:00,34215.9,34257.4,34133.9,34257.4,754.144,25788249.5278
1699008300000,2023-11-03T10:45:00+00:00,34257.4,34280,34201.4,34279.9,402.783,13791058.4444
1699009200000,2023-11-03T11:00:00+00:00,34279.9,34280.7,34189.5,34210.5,466.363,15967024.5094
1699010100000,2023-11-03T11:15:00+00:00,34210.5,34259.9,34161.8,34214,632.981,21648107.3652
1699011000000,2023-11-03T11:30:00+00:00,34214,34254.7,34175,34254.1,276.989,9477553.6561
1699011900000,2023-11-03T11:45:00+00:00,34254.1,34285.7,34224.8,34256.9,277.769,9514666.0458
1699012800000,2023-11-03T12:00:00+00:00,34256.9,34257.7,34151.1,34194.6,504.557,17249313.559
1699013700000,2023-11-03T12:15:00+00:00,34194.6,34303.4,34171.6,34303.4,681.747,23360134.7678
1699014600000,2023-11-03T12:30:00+00:00,34303.4,34424.8,34290.4,34336.2,2036.557,69992632.0062
1699015500000,2023-11-03T12:45:00+00:00,34336.2,34449.9,34331.1,34393.4,1079.745,37137169.6886
1699016400000,2023-11-03T13:00:00+00:00,34393.4,34465.2,34333.7,34360.1,866.736,29812328.4475
1699017300000,2023-11-03T13:15:00+00:00,34360.1,34396.4,34335.9,34361.8,463.666,15932225.8911
1699018200000,2023-11-03T13:30:00+00:00,34361.8,34427,34347.8,34401.2,408.441,14047892.7082
1699019100000,2023-11-03T13:45:00+00:00,34401.2,34589.8,34401.2,34568.7,1780.154,61442960.0892
1699020000000,2023-11-03T14:00:00+00:00,34568.7,34610.9,34505,34505.1,1559.255,53875070.5111
1699020900000,2023-11-03T14:15:00+00:00,34505.1,34732.7,34503.2,34715.2,1880.027,65125958.608
1699021800000,2023-11-03T14:30:00+00:00,34715.2,34787.7,34628.1,34736.7,2020.834,70159774.2298
1699022700000,2023-11-03T14:45:00+00:00,34736.7,34776.8,34647.6,34706.9,1293.48,44897972.6561
1699023600000,2023-11-03T15:00:00+00:00,34706.9,34767.1,34673.6,34749.5,633.234,21987236.4776
1699024500000,2023-11-03T15:15:00+00:00,34749.5,34841.1,34740,34777.6,1037.607,36109664.4882
1699025400000,2023-11-03T15:30:00+00:00,34777.6,34837.9,34745,34760.5,804.382,27978464.9762
1699026300000,2023-11-03T15:45:00+00:00,34760.5,34817.3,34735.3,34747.6,626.528,21778047.9634
1699027200000,2023-11-03T16:00:00+00:00,34747.6,34816.4,34687.4,34757.2,991.258,34448225.9604
1699028100000,2023-11-03T16:15:00+00:00,34757.2,34757.2,34665.8,34698.3,732.554,25415509.3095
1699029000000,2023-11-03T16:30:00+00:00,34698.3,34721.6,34611.6,34653.9,687.722,23829571.9653
1699029900000,2023-11-03T16:45:00+00:00,34653.9,34657.6,34568.4,34656.6,537.193,18589810.1215
1699030800000,2023-11-03T17:00:00+00:00,34656.6,34657.6,34579.3,34588.8,743.555,25740420.572
1699031700000,2023-11-03T17:15:00+00:00,34588.8,34620.9,34477,34510,1135.525,39210214.0767
1699032600000,2023-11-03T17:30:00+00:00,34510,34525.1,34329.2,34338.9,1654.316,56935673.1379
1699033500000,2023-11-03T17:45:00+00:00,34338.9,34431.5,34313.5,34415.1,1212.817,41685200.735
1699034400000,2023-11-03T18:00:00+00:00,34415.1,34420.9,34346.3,34401.5,844.538,29040947.6016
1699035300000,2023-11-03T18:15:00+00:00,34401.5,34572.3,34360,34566.9,850.453,29314150.9937
1699036200000,2023-11-03T18:30:00+00:00,34566.9,34604.7,34492.6,34515.3,825.073,28508566.421
1699037100000,2023-11-03T18:45:00+00:00,34515.3,34560.3,34473.8,34514,535.191,18471752.96
1699038000000,2023-11-03T19:00:00+00:00,34514,34575,34495.4,34502.1,355.425,12275557.4482
1699038900000,2023-11-03T19:15:00+00:00,34502.1,34502.3,34409.1,34466.2,765.743,26382653.8486
1699039800000,2023-11-03T19:30:00+00:00,34466.2,34528,34435.8,34497.9,318.577,10987815.5636
1699040700000,2023-11-03T19:45:00+00:00,34497.9,34573.6,34468.6,34523.6,202.139,6976538.523
1699041600000,2023-11-03T20:00:00+00:00,34523.6,34581.4,34474.5,34559.6,385.47,13316564.9457
1699042500000,2023-11-03T20:15:00+00:00,34559.6,34634.8,34556,34601.5,563.557,19504088.3166
1699043400000,2023-11-03T20:30:00+00:00,34601.5,34622.1,34560.7,34609.4,344.942,11930892.9599
1699044300000,2023-11-03T20:45:00+00:00,34609.4,34643,34579,34583.7,264.105,9143794.6075
1699045200000,2023-11-03T21:00:00+00:00,34583.7,34641.7,34583.7,34639.6,183.595,6357076.9042
1699046100000,2023-11-03T21:15:00+00:00,34639.6,34685.1,34639.6,34681.6,279.054,9673425.7383
1699047000000,2023-11-03T21:30:00+00:00,34681.6,34686.1,34638.3,34643.5,244.222,8466558.0494
1699047900000,2023-11-03T21:45:00+00:00,34643.5,34643.5,34565.2,34589.6,401.038,13877079.551
1699048800000,2023-11-03T22:00:00+00:00,34589.6,34622.1,34554,34602.5,164.741,5699748.8786
1699049700000,2023-11-03T22:15:00+00:00,34602.5,34609.6,34550.8,34579.8,273.861,9467089.7315
1699050600000,2023-11-03T22:30:00+00:00,34579.8,34611.1,34558.6,34578.3,210.954,7295259.1268
1699051500000,2023-11-03T22:45:00+00:00,34578.3,34616.5,34577.1,34608,220.363,7625024.7406
1699052400000,2023-11-03T23:00:00+00:00,34608,34661.2,34602.6,34632.3,431.22,14936217.8191
1699053300000,2023-11-03T23:15:00+00:00,34632.3,34697.5,34614.2,34688.7,270.474,9371661.1017
1699054200000,2023-11-03T23:30:00+00:00,34688.7,34728.9,34666.1,34669.9,431.458,14969504.1561
1699055100000,2023-11-03T23:45:00+00:00,34669.9,34727.5,34668.4,34702,237.111,8226982.9024
1699056000000,2023-11-04T00:00:00+00:00,34702,34714.4,34665.9,34687.5,349.64,12128638.2536
1699056900000,2023-11-04T00:15:00+00:00,34687.5,34704.7,34660.1,34668.8,173.549,6018402.5397
1699057800000,2023-11-04T00:30:00+00:00,34668.8,34680.7,34653.2,34675.1,140.563,4872456.3272
1699058700000,2023-11-04T00:45:00+00:00,34675.1,34682.8,34639.5,34678.2,222.914,7725787.9908
1699059600000,2023-11-04T01:00:00+00:00,34678.2,34727.3,34667.3,34723.8,269.904,9366013.5
1699060500000,2023-11-04T01:15:00+00:00,34723.8,34744.8,34623.4,34648.5,739.776,25660934.6732
1699061400000,2023-11-04T01:30:00+00:00,34648.5,34732.2,34628.9,34730.7,435.872,15118188.3318
1699062300000,2023-11-04T01:45:00+00:00,34730.7,34770.1,34705,34751.3,533.583,18539422.7413
1699063200000,2023-11-04T02:00:00+00:00,34751.3,34765,34729.6,34732.6,231.871,8056175.8198
1699064100000,2023-11-04T02:15:00+00:00,34732.6,34751.1,34688.5,34688.5,262.046,9098445.0314
1699065000000,2023-11-04T02:30:00+00:00,34688.5,34710,34677.8,34681.5,304.447,10561010.232
1699065900000,2023-11-04T02:45:00+00:00,34681.5,34695.8,34662.1,34666.5,200.281,6945426.9682
1699066800000,2023-11-04T03:00:00+00:00,34666.5,34669,34641.7,34641.8,214.558,7435095.2914
1699067700000,2023-11-04T03:15:00+00:00,34641.8,34672,34636.3,34669,179.548,6222296.3615
1699068600000,2023-11-04T03:30:00+00:00,34669,34710,34655.9,34706.6,233.123,8087242.0039
1699069500000,2023-11-04T03:45:00+00:00,34706.6,34715.3,34695.5,34699.7,274.824,9538295.171
1699070400000,2023-11-04T04:00:00+00:00,34699.7,34711.1,34676.2,34695.2,191.231,6634504.3676
1699071300000,2023-11-04T04:15:00+00:00,34695.2,34701.1,34670.9,34685.7,154.955,5374136.6457
1699072200000,2023-11-04T04:30:00+00:00,34685.7,34685.7,34642.2,34647.6,265.332,9197009.0556
1699073100000,2023-11-04T04:45:00+00:00,34647.6,34666.2,34641.9,34660,167.239,5794934.8259
1699074000000,2023-11-04T05:00:00+00:00,34660,34660.1,34580,34595.1,825.245,28559393.9203
1699074900000,2023-11-04T05:15:00+00:00,34595.1,34618.6,34591.1,34611.3,264.413,9150578.4307
1699075800000,2023-11-04T05:30:00+00:00,34611.3,34705.5,34596.6,34696.5,738.312,25583436.2255
1699076700000,2023-11-04T05:45:00+00:00,34696.5,34748.4,34651.9,34747.6,754.952,26201497.679
1699077600000,2023-11-04T06:00:00+00:00,34747.6,35057.9,34745.7,34874.9,2802.442,97721199.3184
1699078500000,2023-11-04T06:15:00+00:00,34874.9,34900,34710,34741.1,1102.098,38355566.4272
1699079400000,2023-11-04T06:30:00+00:00,34741.1,34817.5,34709.7,34778,696.628,24224688.9724
1699080300000,2023-11-04T06:45:00+00:00,34778,34832.4,34757.8,34766.4,273.219,9506332.0794
1699081200000,2023-11-04T07:00:00+00:00,34766.4,34819.5,34766.3,34814.2,315.776,10989211.4671
1699082100000,2023-11-04T07:15:00+00:00,34814.2,34858,34801.4,34835.6,439.749,15318832.4712
1699083000000,2023-11-04T07:30:00+00:00,34835.6,34845,34763.9,34825.3,558.673,19447562.7055
1699083900000,2023-11-04T07:45:00+00:00,34825.3,34826.3,34758.6,34760,266.399,9267402.4354
1699084800000,2023-11-04T08:00:00+00:00,34760,34760,34713.3,34757.9,801.065,27829540.0864
1699085700000,2023-11-04T08:15:00+00:00,34757.9,34824.5,34757.3,34773.1,792.225,27564304.5357
1699086600000,2023-11-04T08:30:00+00:00,34773.1,34792.1,34773.1,34782.1,322.112,11205093.1995
1699087500000,2023-11-04T08:45:00+00:00,34782.1,34869.1,34782.1,34836,975.165,33965122.4093
1699088400000,2023-11-04T09:00:00+00:00,34836,34860.7,34815.5,34834.4,695.581,24235445.4348
1699089300000,2023-11-04T09:15:00+00:00,34834.4,34842.6,34785,34796.8,416.313,14491200.9452
1699090200000,2023-11-04T09:30:00+00:00,34796.8,34829,34769.7,34777.4,445.217,15493309.7145
1699091100000,2023-11-04T09:45:00+00:00,34777.4,34786.6,34752.8,34757.1,595.831,20715867.8629
1699092000000,2023-11-04T10:00:00+00:00,34757.1,34776.5,34732.5,34772.7,736.322,25591592.7221
1699092900000,2023-11-04T10:15:00+00:00,34772.7,34792.1,34772.4,34784.7,274.241,9539159.4441
1699093800000,2023-11-04T10:30:00+00:00,34784.7,34790,34732.5,34750.5,418.194,14533509.5852
1699094700000,2023-11-04T10:45:00+00:00,34750.5,34755.8,34722.5,34728.3,500.869,17398387.1215
1699095600000,2023-11-04T11:00:00+00:00,34728.3,34768.6,34720.2,34739.7,418.179,14531690.1731
1699096500000,2023-11-04T11:15:00+00:00,34739.7,34763.2,34732.4,34739.7,446.228,15506065.3879
1699097400000,2023-11-04T11:30:00+00:00,34739.7,34784.7,34734.2,34776.6,584.45,20316436.7581
1699098300000,2023-11-04T11:45:00+00:00,34776.6,34776.6,34677.6,34710.5,1416.772,49169245.0591
1699099200000,2023-11-04T12:00:00+00:00,34710.5,34710.5,34678,34696.5,899.512,31208151.3325
1699100100000,2023-11-04T12:15:00+00:00,34696.5,34725.1,34686.3,34721,548.72,19046207.1015
1699101000000,2023-11-04T12:30:00+00:00,34721,34739.5,34710,34739.5,233.089,8093228.2865
1699101900000,2023-11-04T12:45:00+00:00,34739.5,34757.1,34714.9,34755.5,416.048,14455769.7035
1699102800000,2023-11-04T13:00:00+00:00,34755.5,34755.5,34732.1,34750.8,358.151,12444993.1811
1699103700000,2023-11-04T13:15:00+00:00,34750.8,34755.2,34696.2,34723.7,408.957,14201935.3147
1699104600000,2023-11-04T13:30:00+00:00,34723.7,34725.7,34695.1,34725.7,532.097,18470004.7187
1699105500000,2023-11-04T13:45:00+00:00,34725.7,34732.3,34653,34696.2,1319.55,45771032.1118
1699106400000,2023-11-04T14:00:00+00:00,34696.2,34716.5,34678.6,34697.6,719.118,24953352.6113
1699107300000,2023-11-04T14:15:00+00:00,34697.6,34730,34690.1,34730,650.576,22583642.0958
1699108200000,2023-11-04T14:30:00+00:00,34730,34800.7,34729.9,34758.5,853.863,29682062.1097
1699109100000,2023-11-04T14:45:00+00:00,34758.5,34772.5,34716.2,34725.2,265.825,9235034.1479
1699110000000,2023-11-04T15:00:00+00:00,34725.2,34741.8,34667.3,34667.5,502.673,17443405.0621
1699110900000,2023-11-04T15:15:00+00:00,34667.5,34686.2,34638.8,34681.6,565.352,19593956.5634
1699111800000,2023-11-04T15:30:00+00:00,34681.6,34722.3,34678.8,34716.5,339.446,11782529.583
1699112700000,2023-11-04T15:45:00+00:00,34716.5,34721.8,34682.3,34706.1,368.425,12783825.3739
1699113600000,2023-11-04T16:00:00+00:00,34706.1,34736.8,34697.4,34713.6,349.111,12120897.9809
1699114500000,2023-11-04T16:15:00+00:00,34713.6,34723.4,34690.6,34723.2,277.738,9638929.0807
1699115400000,2023-11-04T16:30:00+00:00,34723.2,34755.3,34717.6,34734,255.64,8880513.7824
1699116300000,2023-11-04T16:45:00+00:00,34734,34737.1,34682.4,34689.2,339.052,11768761.5911
1699117200000,2023-11-04T17:00:00+00:00,34689.2,34710,34685.8,34703.6,241.826,8390310.0776
1699118100000,2023-11-04T17:15:00+00:00,34703.6,34735.3,34701.3,34724.9,254.965,8851271.8612
1699119000000,2023-11-04T17:30:00+00:00,34724.9,34740,34719.4,34737.1,141.774,4923463.8727
1699119900000,2023-11-04T17:45:00+00:00,34737.1,34758.8,34722.1,34751.1,208.241,7234030.0717
1699120800000,2023-11-04T18:00:00+00:00,34751.1,34760.7,34728.7,34741.4,172.412,5990444.0312
1699121700000,2023-11-04T18:15:00+00:00,34741.4,34741.4,34715.5,34733,174.325,6053977.1334
1699122600000,2023-11-04T18:30:00+00:00,34733,34739.7,34716,34739.7,114.226,3966942.12
1699123500000,2023-11-04T18:45:00+00:00,34739.7,34773.7,34735,34766.9,259.462,9015911.3939
1699124400000,2023-11-04T19:00:00+00:00,34766.9,34782.3,34752.2,34757.3,267.179,9288260.0006
1699125300000,2023-11-04T19:15:00+00:00,34757.3,34757.3,34737.2,34738,123.452,4289697.5619
1699126200000,2023-11-04T19:30:00+00:00,34738,34753.2,34737.2,34743.1,203.853,7083986.3142
1699127100000,2023-11-04T19:45:00+00:00,34743.1,34743.1,34718.7,34718.7,104.771,3639046.7252
1699128000000,2023-11-04T20:00:00+00:00,34718.7,34732.3,34702.9,34732.3,236.657,8217170.724
1699128900000,2023-11-04T20:15:00+00:00,34732.3,34736.7,34720.4,34727.3,79.026,2744741.8727
1699129800000,2023-11-04T20:30:00+00:00,34727.3,34731.8,34716.3,34726,290.83,10098549.2135
1699130700000,2023-11-04T20:45:00+00:00,34726,34748.6,34726,34746.4,80.31,2789983.7597
1699131600000,2023-11-04T21:00:00+00:00,34746.4,34754.3,34741.2,34752.7,257.212,8937154.3623
1699132500000,2023-11-04T21:15:00+00:00,34752.7,34875.7,34752.7,34852.5,1065.002,37063616.1671
1699133400000,2023-11-04T21:30:00+00:00,34852.5,34869,34807,34819.2,622.734,21689665.4311
1699134300000,2023-11-04T21:45:00+00:00,34819.2,34819.2,34788.3,34788.7,280.67,9767198.5876
1699135200000,2023-11-04T22:00:00+00:00,34788.7,34917.7,34788.7,34872.2,1039.146,36231069.5972
1699136100000,2023-11-04T22:15:00+00:00,34872.2,34965,34867.5,34933.4,1067.798,37292791.2889
1699137000000,2023-11-04T22:30:00+00:00,34933.4,35057.1,34908.4,35023.7,1647.016,57626301.8375
1699137900000,2023-11-04T22:45:00+00:00,35023.7,35177.5,34963.2,35153.7,2180.162,76506087.1726
1699138800000,2023-11-04T23:00:00+00:00,35153.7,35260.2,35102.1,35106.3,2510.172,88299932.4573
1699139700000,2023-11-04T23:15:00+00:00,35106.3,35135.7,35047.9,35065.4,1185.944,41617667.9653
1699140600000,2023-11-04T23:30:00+00:00,35065.4,35095,35002,35038.3,950.968,33326506.4834
1699141500000,2023-11-04T23:45:00+00:00,35038.3,35071.7,35010,35059.2,519.951,18220119.4377
1699142400000,2023-11-05T00:00:00+00:00,35059.2,35083.4,34928.3,34947.6,1143.452,40027513.3107
1699143300000,2023-11-05T00:15:00+00:00,34947.6,34989.7,34935.7,34970.1,537.594,18796928.3895
1699144200000,2023-11-05T00:30:00+00:00,34970.1,35003,34963.6,34998.2,608.578,21293426.7158
1699145100000,2023-11-05T00:45:00+00:00,34998.2,35013.7,34930.1,34975.2,617.988,21605893.0085
1699146000000,2023-11-05T01:00:00+00:00,34975.2,35019.3,34960.5,35000.1,338.509,11844546.3179
1699146900000,2023-11-05T01:15:00+00:00,35000.1,35018.6,34944.5,34955.5,532.859,18642612.5577
1699147800000,2023-11-05T01:30:00+00:00,34955.5,34998.6,34955.5,34996.6,276.346,9667003.5687
1699148700000,2023-11-05T01:45:00+00:00,34996.6,35065.8,34986.2,35062.7,518.54,18163603.8063
1699149600000,2023-11-05T02:00:00+00:00,35062.7,35081.5,35008,35013,452.725,15868356.6698
1699150500000,2023-11-05T02:15:00+00:00,35013,35015,34937,34964,505.093,17661012.4681
1699151400000,2023-11-05T02:30:00+00:00,34964,35010,34947.6,35004.9,438.685,15342726.1394
1699152300000,2023-11-05T02:45:00+00:00,35004.9,35045.5,35003.5,35044.1,255.667,8955197.6116
1699153200000,2023-11-05T03:00:00+00:00,35044.1,35080,35010.4,35056.1,456.338,15990563.936
1699154100000,2023-11-05T03:15:00+00:00,35056.1,35084.8,35051.8,35075.2,418.631,14682362.9658
1699155000000,2023-11-05T03:30:00+00:00,35075.2,35155,35075,35138.2,817.781,28712846.7581
1699155900000,2023-11-05T03:45:00+00:00,35138.2,35314.6,35108.3,35272.4,2142.292,75479415.8725
1699156800000,2023-11-05T04:00:00+00:00,35272.4,35311.3,35201,35223.7,1169.224,41224044.5551
1699157700000,2023-11-05T04:15:00+00:00,35223.7,35274.2,35192,35208,652.663,22986697.0834
1699158600000,2023-11-05T04:30:00+00:00,35208,35208,35130.8,35135.8,622.221,21875319.5891
1699159500000,2023-11-05T04:45:00+00:00,35135.8,35171.5,35129,35148.6,472.75,16619165.4045
1699160400000,2023-11-05T05:00:00+00:00,35148.6,35216.8,35123.7,35211.3,360.08,12666019.1955
1699161300000,2023-11-05T05:15:00+00:00,35211.3,35225.2,35144.8,35156.6,501.059,17630534.1634
1699162200000,2023-11-05T05:30:00+00:00,35156.6,35227.3,35133.2,35133.2,421.279,14822331.7112
1699163100000,2023-11-05T05:45:00+00:00,35133.2,35175,35124.8,35158.3,613.108,21552660.7586
1699164000000,2023-11-05T06:00:00+00:00,35158.3,35170,35107.2,35123.5,422.046,14823942.3656
1699164900000,2023-11-05T06:15:00+00:00,35123.5,35139.5,35093.7,35106,469.999,16504166.6483
1699165800000,2023-11-05T06:30:00+00:00,35106,35106.1,35060.4,35060.7,446.942,15678856.8957
1699166700000,2023-11-05T06:45:00+00:00,35060.7,35079.5,35045.3,35058.8,447.865,15702824.7437
1699167600000,2023-11-05T07:00:00+00:00,35058.8,35080.5,35048.5,35049.8,390.205,13681542.1837
1699168500000,2023-11-05T07:15:00+00:00,35049.8,35131,35044.5,35125.2,431.329,15139009.0332
1699169400000,2023-11-05T07:30:00+00:00,35125.2,35126,35079.1,35107.5,268.302,9417727.5232
1699170300000,2023-11-05T07:45:00+00:00,35107.5,35175.2,35107.3,35162.3,451.735,15875484.6687
1699171200000,2023-11-05T08:00:00+00:00,35162.3,35191.9,35134.5,35154.5,366.925,12902089.2411
1699172100000,2023-11-05T08:15:00+00:00,35154.5,35160.6,35129,35131.5,264.693,9302846.0233
1699173000000,2023-11-05T08:30:00+00:00,35131.5,35154.9,35071.1,35075,405.81,14244751.8823
1699173900000,2023-11-05T08:45:00+00:00,35075,35075.6,35015.3,35027.3,472.089,16540358.8001
1699174800000,2023-11-05T09:00:00+00:00,35027.3,35102.3,35027.3,35090.8,463.968,16272867.0106
1699175700000,2023-11-05T09:15:00+00:00,35090.8,35102.3,35061,35070.1,300.207,10532970.9328
1699176600000,2023-11-05T09:30:00+00:00,35070.1,35119.1,35045.1,35106.3,436.305,15307394.5948
1699177500000,2023-11-05T09:45:00+00:00,35106.3,35137.9,35090.6,35100.1,279.549,9817778.0045
1699178400000,2023-11-05T10:00:00+00:00,35100.1,35107.7,35053.7,35053.7,162.789,5710505.5555
1699179300000,2023-11-05T10:15:00+00:00,35053.7,35069.3,35039.5,35062.4,206.501,7239132.7845
1699180200000,2023-11-05T10:30:00+00:00,35062.4,35112.1,35057.2,35102.2,278.936,9787313.1482
1699181100000,2023-11-05T10:45:00+00:00,35102.2,35145.1,35102.2,35127,500.297,17575979.4406
1699182000000,2023-11-05T11:00:00+00:00,35127,35140.7,35112.5,35116.5,260.518,9151736.1608
1699182900000,2023-11-05T11:15:00+00:00,35116.5,35161.5,35103.3,35131.4,350.616,12316746.7732
1699183800000,2023-11-05T11:30:00+00:00,35131.4,35147.2,35087.1,35089,267.088,9380119.8998
1699184700000,2023-11-05T11:45:00+00:00,35089,35098.5,35054,35090.9,412.246,14459734.7615
1699185600000,2023-11-05T12:00:00+00:00,35090.9,35169.6,35084.5,35084.5,579.572,20360028.2833
1699186500000,2023-11-05T12:15:00+00:00,35084.5,35161.7,35019.5,35137.1,853.017,29934034.4616
1699187400000,2023-11-05T12:30:00+00:00,35137.1,35169.2,35125,35158,421.984,14832993.0476
1699188300000,2023-11-05T12:45:00+00:00,35158,35158,35077.5,35085.4,305.965,10740225.9614
1699189200000,2023-11-05T13:00:00+00:00,35085.4,35125.6,35081.4,35084.2,297.444,10441553.7766
1699190100000,2023-11-05T13:15:00+00:00,35084.2,35096.3,35041.3,35058.9,504.086,17676763.3672
1699191000000,2023-11-05T13:30:00+00:00,35058.9,35088.2,35050,35062.9,327.765,11494381.7267
1699191900000,2023-11-05T13:45:00+00:00,35062.9,35079.5,34755,34831.3,2698.335,94141803.3536
1699192800000,2023-11-05T14:00:00+00:00,34831.3,34918,34787.2,34875.5,1675.326,58399487.457
1699193700000,2023-11-05T14:15:00+00:00,34875.5,34909.4,34860.1,34905.7,688.485,24020798.9542
1699194600000,2023-11-05T14:30:00+00:00,34905.7,34935.3,34854.6,34901.8,891.098,31093656.1214
1699195500000,2023-11-05T14:45:00+00:00,34901.8,34932.7,34876.6,34896.6,497.559,17367942.1638
1699196400000,2023-11-05T15:00:00+00:00,34896.6,34916.2,34863.1,34875.9,391.923,13672113.4604
1699197300000,2023-11-05T15:15:00+00:00,34875.9,34914.2,34848.2,34913.5,320.738,11186074.2844
1699198200000,2023-11-05T15:30:00+00:00,34913.5,34918,34861.4,34861.4,174.818,6100298.2025
1699199100000,2023-11-05T15:45:00+00:00,34861.4,34899.2,34803,34887.5,373.492,13016746.5559
1699200000000,2023-11-05T16:00:00+00:00,34887.5,34934.6,34872.5,34909.5,477.117,16656421.1522
1699200900000,2023-11-05T16:15:00+00:00,34909.5,34938.7,34901.9,34925.4,364.627,12732478.4146
1699201800000,2023-11-05T16:30:00+00:00,34925.4,34954.1,34925.4,34951.1,381.97,13346465.7154
1699202700000,2023-11-05T16:45:00+00:00,34951.1,34965.8,34942.8,34955.6,294.3,10286338.14
1699203600000,2023-11-05T17:00:00+00:00,34955.6,35288.3,34953.7,35205.6,2078.918,73012045.6502
1699204500000,2023-11-05T17:15:00+00:00,35205.6,35219.5,35058,35113.9,994.718,34941653.2462
1699205400000,2023-11-05T17:30:00+00:00,35113.9,35197.8,35060,35153.8,431.321,15151885.2209
1699206300000,2023-11-05T17:45:00+00:00,35153.8,35202.7,35071.1,35081,563.633,19805856.2071
1699207200000,2023-11-05T18:00:00+00:00,35081,35121,35060.2,35085.1,390.888,13716486.8661
1699208100000,2023-11-05T18:15:00+00:00,35085.1,35090,35024,35044,484.36,16975357.271
1699209000000,2023-11-05T18:30:00+00:00,35044,35069.3,35019.6,35024.7,207.694,7278031.4492
1699209900000,2023-11-05T18:45:00+00:00,35024.7,35055.6,35008.6,35040.9,234.246,8207097.7936
1699210800000,2023-11-05T19:00:00+00:00,35040.9,35123.2,35035.4,35117.2,265.823,9325346.9209
1699211700000,2023-11-05T19:15:00+00:00,35117.2,35118.8,35066.5,35100.6,257.478,9037039.3866
1699212600000,2023-11-05T19:30:00+00:00,35100.6,35100.9,34992.5,35019.5,389.061,13632341.6699
1699213500000,2023-11-05T19:45:00+00:00,35019.5,35053.2,34972.3,34995.1,299.82,10499220.655
1699214400000,2023-11-05T20:00:00+00:00,34995.1,35060.2,34984.2,35050.1,198.439,6952215.892
1699215300000,2023-11-05T20:15:00+00:00,35050.1,35099,35042,35096,401.392,14077169.0724
1699216200000,2023-11-05T20:30:00+00:00,35096,35099,35068.3,35069.8,244.939,8592773.9476
1699217100000,2023-11-05T20:45:00+00:00,35069.8,35069.9,34993.2,35024.9,246.596,8637312.9063
1699218000000,2023-11-05T21:00:00+00:00,35024.9,35037.6,34984.5,34996.3,301.482,10554232.7604
1699218900000,2023-11-05T21:15:00+00:00,34996.3,35007.4,34868.6,34897.4,632.823,22108690.9755
1699219800000,2023-11-05T21:30:00+00:00,34897.4,34921.6,34775,34836.6,1146.127,39927148.3564
1699220700000,2023-11-05T21:45:00+00:00,34836.6,34841,34408,34644.7,3381.145,116944163.4255
1699221600000,2023-11-05T22:00:00+00:00,34644.7,34713,34627,34679.8,805.987,27956260.367
1699222500000,2023-11-05T22:15:00+00:00,34679.8,34768.3,34674.2,34765.1,614.489,21342429.3062
1699223400000,2023-11-05T22:30:00+00:00,34765.1,34787.4,34707.9,34787.4,441.855,15359995.4016
1699224300000,2023-11-05T22:45:00+00:00,34787.4,35027.9,34787.4,34976,1267.399,44235363.1053
1699225200000,2023-11-05T23:00:00+00:00,34976,35404.9,34976,35175.4,3375.309,118961275.9804
1699226100000,2023-11-05T23:15:00+00:00,35175.4,35295.8,35083.2,35110.4,1304.776,45924737.9256
1699227000000,2023-11-05T23:30:00+00:00,35110.4,35135.7,35052.5,35065.7,569.57,19989730.588
1699227900000,2023-11-05T23:45:00+00:00,35065.7,35073.9,35018.9,35019,608.756,21333175.6162
1699228800000,2023-11-06T00:00:00+00:00,35019,35020,34916,34934,1026.102,35867504.9344
1699229700000,2023-11-06T00:15:00+00:00,34934,35037,34926.7,35030.4,680.879,23831010.4935
1699230600000,2023-11-06T00:30:00+00:00,35030.4,35082.5,35030.3,35038,570.359,19996384.9709
1699231500000,2023-11-06T00:45:00+00:00,35038,35071.2,35038,35064.8,282.282,9895740.1237
1699232400000,2023-11-06T01:00:00+00:00,35064.8,35125.6,35062.7,35100.3,532.51,18690069.2172
1699233300000,2023-11-06T01:15:00+00:00,35100.3,35100.4,35053.4,35091.7,246.796,8656251.1072
1699234200000,2023-11-06T01:30:00+00:00,35091.7,35091.8,34893.1,34933.2,862.535,30172448.2298
1699235100000,2023-11-06T01:45:00+00:00,34933.2,34966.1,34850,34882.6,656.43,22908960.4863
1699236000000,2023-11-06T02:00:00+00:00,34882.6,34954.9,34881.7,34939.6,429.463,15002280.8604
1699236900000,2023-11-06T02:15:00+00:00,34939.6,34944.1,34837.7,34852,359.691,12548403.2275
1699237800000,2023-11-06T02:30:00+00:00,34852,34894.7,34833.7,34862.5,494.697,17247513.1872
1699238700000,2023-11-06T02:45:00+00:00,34862.5,34918.1,34856.9,34902.9,547.943,19117482.1142
1699239600000,2023-11-06T03:00:00+00:00,34902.9,34910.4,34835,34870.2,465.535,16230776.1514
1699240500000,2023-11-06T03:15:00+00:00,34870.2,34910.5,34833.2,34899.9,355.608,12404629.9717
1699241400000,2023-11-06T03:30:00+00:00,34899.9,34965.3,34899.9,34932.4,483.844,16906270.9304
1699242300000,2023-11-06T03:45:00+00:00,34932.4,34998.8,34932.4,34981.1,413.513,14462544.4439
1699243200000,2023-11-06T04:00:00+00:00,34981.1,35026.2,34915.3,34916.3,721.914,25253489.8312
1699244100000,2023-11-06T04:15:00+00:00,34916.3,34959.7,34875.1,34893.2,570.286,19910028.2095
1699245000000,2023-11-06T04:30:00+00:00,34893.2,34915.6,34850,34857.1,452.145,15769743.9929
1699245900000,2023-11-06T04:45:00+00:00,34857.1,34887,34842.3,34883,396.069,13809782.222
1699246800000,2023-11-06T05:00:00+00:00,34883,34911.7,34856,34899.5,350.299,12220130.9302
1699247700000,2023-11-06T05:15:00+00:00,34899.5,34903.9,34752.7,34772.9,1185.418,41255725.9631
1699248600000,2023-11-06T05:30:00+00:00,34772.9,34799.7,34735.7,34745.6,730.965,25419668.1888
1699249500000,2023-11-06T05:45:00+00:00,34745.6,34825.1,34742.4,34814.2,448.648,15607940.1723
1699250400000,2023-11-06T06:00:00+00:00,34814.2,34847.7,34768.6,34783.7,487.724,16980280.0675
1699251300000,2023-11-06T06:15:00+00:00,34783.7,34839.2,34768,34823,476.566,16588492.5541
1699252200000,2023-11-06T06:30:00+00:00,34823,34871.7,34820.8,34868.7,361.146,12589048.2377
1699253100000,2023-11-06T06:45:00+00:00,34868.7,34876.8,34839.3,34856.1,360.173,12555071.0826
1699254000000,2023-11-06T07:00:00+00:00,34856.1,34888.8,34854.8,34868.5,262.002,9137287.7757
1699254900000,2023-11-06T07:15:00+00:00,34868.5,34888.9,34823.3,34837.7,343.875,11986875.971
1699255800000,2023-11-06T07:30:00+00:00,34837.7,34916,34827.9,34875.7,493.529,17214471.6562
1699256700000,2023-11-06T07:45:00+00:00,34875.7,34925,34875.7,34909,610.349,21303755.2936
1699257600000,2023-11-06T08:00:00+00:00,34909,34933,34865.3,34875.4,383.166,13373250.4287
1699258500000,2023-11-06T08:15:00+00:00,34875.4,34886,34829.5,34883.8,363.044,12656772.9801
1699259400000,2023-11-06T08:30:00+00:00,34883.8,34920.3,34869.9,34906.8,310.9,10851898.3134
1699260300000,2023-11-06T08:45:00+00:00,34906.8,34964.6,34876.5,34961.2,439.076,15335581.4617
1699261200000,2023-11-06T09:00:00+00:00,34961.2,35060.7,34943,35060.1,1114.556,39015395.0931
1699262100000,2023-11-06T09:15:00+00:00,35060.1,35067.9,34991.5,35043.9,867.651,30384928.0526
1699263000000,2023-11-06T09:30:00+00:00,35043.9,35112.4,35043.9,35105.6,1088.708,38201364.8775
1699263900000,2023-11-06T09:45:00+00:00,35105.6,35122.1,35041.8,35121.1,638.85,22412929.6968
1699264800000,2023-11-06T10:00:00+00:00,35121.1,35140,35099.7,35139.1,556.934,19560831.946
1699265700000,2023-11-06T10:15:00+00:00,35139.1,35189.6,35132.9,35176.3,965.471,33953246.3708
1699266600000,2023-11-06T10:30:00+00:00,35176.3,35274.7,35156.6,35206,1715.121,60437552.1712
1699267500000,2023-11-06T10:45:00+00:00,35206,35225.5,35131.6,35158.6,1042.102,36645924.913
1699268400000,2023-11-06T11:00:00+00:00,35158.6,35213.7,35085.4,35136.2,1075.687,37809450.9652
1699269300000,2023-11-06T11:15:00+00:00,35136.2,35179.8,35117.6,35160.6,466.68,16402292.4754
1699270200000,2023-11-06T11:30:00+00:00,35160.6,35198,35151.5,35185.4,329.304,11584153.138
1699271100000,2023-11-06T11:45:00+00:00,35185.4,35242.1,35168.8,35241.5,592.025,20845618.4357
1699272000000,2023-11-06T12:00:00+00:00,35241.5,35246.4,35157.6,35167.4,603.877,21258311.0313
1699272900000,2023-11-06T12:15:00+00:00,35167.4,35243.4,35117,35239.6,830.407,29205198.4516
1699273800000,2023-11-06T12:30:00+00:00,35239.6,35262.1,35162.2,35183.4,826.799,29119251.725
1699274700000,2023-11-06T12:45:00+00:00,35183.4,35214.6,35141.1,35213.6,650.775,22891302.4287
1699275600000,2023-11-06T13:00:00+00:00,35213.6,35226.4,35075,35076.5,790.581,27794843.1506
1699276500000,2023-11-06T13:15:00+00:00,35076.5,35114.9,34944.2,35007.7,1845.731,64621189.3958
1699277400000,2023-11-06T13:30:00+00:00,35007.7,35074.2,34925.2,34934.5,1316.403,46094300.4177
1699278300000,2023-11-06T13:45:00+00:00,34934.5,35035.7,34908,35033.2,1206.134,42175310.6762
1699279200000,2023-11-06T14:00:00+00:00,35033.2,35131.4,35029.7,35083.2,1078.315,37824200.9415
1699280100000,2023-11-06T14:15:00+00:00,35083.2,35166,35048.6,35125.5,584.41,20516167.8051
1699281000000,2023-11-06T14:30:00+00:00,35125.5,35225.2,35056.7,35095.7,1052.227,36973469.1974
1699281900000,2023-11-06T14:45:00+00:00,35095.7,35194.7,35074.8,35194.5,538.848,18936815.9919
1699282800000,2023-11-06T15:00:00+00:00,35194.5,35217.6,35125.7,35201.4,755.004,26559964.1234
1699283700000,2023-11-06T15:15:00+00:00,35201.4,35202.7,35130.4,35162,550.472,19357136.9056
1699284600000,2023-11-06T15:30:00+00:00,35162,35174.5,35081.2,35121.9,629.115,22088572.2781
1699285500000,2023-11-06T15:45:00+00:00,35121.9,35121.9,35066.6,35075.6,454.638,15952712.9285
1699286400000,2023-11-06T16:00:00+00:00,35075.6,35117.7,35024.1,35043.1,613.882,21531141.6022
1699287300000,2023-11-06T16:15:00+00:00,35043.1,35045.2,34968.4,35020.4,974.79,34117033.5791
1699288200000,2023-11-06T16:30:00+00:00,35020.4,35079.2,35011.5,35037.9,450.961,15808733.6026
1699289100000,2023-11-06T16:45:00+00:00,35037.9,35040,34934,34974.1,673.971,23566963.1874
1699290000000,2023-11-06T17:00:00+00:00,34974.1,35001.1,34908.3,34988.7,595.816,20831801.6347
1699290900000,2023-11-06T17:15:00+00:00,34988.7,35030,34933.3,34964.9,505.181,17674039.286
1699291800000,2023-11-06T17:30:00+00:00,34964.9,35011,34918,34931.5,383.188,13394960.7835
1699292700000,2023-11-06T17:45:00+00:00,34931.5,34996.7,34908.9,34988.3,599.392,20957438.2212
1699293600000,2023-11-06T18:00:00+00:00,34988.3,35010.5,34861,34888,686.016,23959207.6796
1699294500000,2023-11-06T18:15:00+00:00,34888,34924.9,34810.3,34880.7,1007.399,35118213.4266
1699295400000,2023-11-06T18:30:00+00:00,34880.7,34932.9,34877.7,34932.4,339.642,11856219.8019
1699296300000,2023-11-06T18:45:00+00:00,34932.4,35008.9,34931.4,34961.2,551.373,19285470.2931
1699297200000,2023-11-06T19:00:00+00:00,34961.2,34968.9,34932.5,34960.9,281.771,9848034.459
1699298100000,2023-11-06T19:15:00+00:00,34960.9,35008.8,34960.8,35004.1,217.895,7623871.4586
1699299000000,2023-11-06T19:30:00+00:00,35004.1,35078,34992.2,35056.3,532.309,18650103.7342
1699299900000,2023-11-06T19:45:00+00:00,35056.3,35105.2,35056,35066.3,408.387,14325893.8546
1699300800000,2023-11-06T20:00:00+00:00,35066.3,35079.7,34970,34972,420.394,14717283.6555
1699301700000,2023-11-06T20:15:00+00:00,34972,34992.2,34922,34924.2,210.595,7364066.0972
1699302600000,2023-11-06T20:30:00+00:00,34924.2,34975.2,34920,34948.7,214.324,7489555.2075
1699303500000,2023-11-06T20:45:00+00:00,34948.7,35030,34947.6,35026.7,269.127,9416741.7622
1699304400000,2023-11-06T21:00:00+00:00,35026.7,35032.2,34965.5,34972.1,241.934,8466894.8865
1699305300000,2023-11-06T21:15:00+00:00,34972.1,35004.4,34899.6,35004.2,431.124,15069420.5055
1699306200000,2023-11-06T21:30:00+00:00,35004.2,35056.6,34977,35016.2,423.025,14813025.8179
1699307100000,2023-11-06T21:45:00+00:00,35016.2,35038.9,34993.8,35029.1,233.188,8165312.6419
1699308000000,2023-11-06T22:00:00+00:00,35029.1,35089.6,35025.8,35066.6,385.674,13522959.8719
1699308900000,2023-11-06T22:15:00+00:00,35066.6,35098.7,35052.5,35093.7,431.827,15148035.6523
1699309800000,2023-11-06T22:30:00+00:00,35093.7,35153.7,35080.2,35080.2,780.314,27397869.7176
1699310700000,2023-11-06T22:45:00+00:00,35080.2,35129.7,35079.8,35119.5,455.056,15977087.5033
1699311600000,2023-11-06T23:00:00+00:00,35119.5,35124.5,35010,35010,428.761,15037498.1546
1699312500000,2023-11-06T23:15:00+00:00,35010,35010.1,34954.5,34978.6,726.158,25399546.4344
1699313400000,2023-11-06T23:30:00+00:00,34978.6,35041,34978.5,35017.8,481.338,16852583.0534
1699314300000,2023-11-06T23:45:00+00:00,35017.8,35051.3,34998.4,35050.5,430.807,15086428.4632
1699315200000,2023-11-07T00:00:00+00:00,35050.5,35059.2,34982.8,35006.7,482.552,16895444.9274
1699316100000,2023-11-07T00:15:00+00:00,35006.7,35048.2,34940.5,34963.6,554.565,19403972.2204
1699317000000,2023-11-07T00:30:00+00:00,34963.6,34976,34830.2,34886,1207.238,42131126.5358
1699317900000,2023-11-07T00:45:00+00:00,34886,34965,34864.8,34933.1,645.34,22532452.6586
1699318800000,2023-11-07T01:00:00+00:00,34933.1,34953.5,34907.5,34944.5,415.021,14498156.0315
1699319700000,2023-11-07T01:15:00+00:00,34944.5,34962.7,34854,34891.1,563.068,19649468.4791
1699320600000,2023-11-07T01:30:00+00:00,34891.1,34931.2,34874.7,34900.7,306.815,10709533.9463
1699321500000,2023-11-07T01:45:00+00:00,34900.7,34964.1,34894.5,34944,408.417,14267717.4245
1699322400000,2023-11-07T02:00:00+00:00,34944,34976.3,34938.6,34960.8,307.22,10740675.2987
1699323300000,2023-11-07T02:15:00+00:00,34960.8,34964.9,34814.2,34863.9,687.518,23968152.0492
1699324200000,2023-11-07T02:30:00+00:00,34863.9,34884.7,34841.2,34884.7,333.51,11627336.7257
1699325100000,2023-11-07T02:45:00+00:00,34884.7,34912.7,34804.5,34820.9,649.146,22627443.8211
1699326000000,2023-11-07T03:00:00+00:00,34820.9,34903.6,34802.8,34887.9,503.512,17551753.3118
1699326900000,2023-11-07T03:15:00+00:00,34887.9,34915.2,34887.9,34914,302.949,10574706.9722
1699327800000,2023-11-07T03:30:00+00:00,34914,34914,34865,34896.2,326.8,11400174.7997
1699328700000,2023-11-07T03:45:00+00:00,34896.2,34924.6,34886.6,34922.9,238.547,8327318.8031
1699329600000,2023-11-07T04:00:00+00:00,34922.9,34945,34854.4,34879.4,460.359,16069523.6383
1699330500000,2023-11-07T04:15:00+00:00,34879.4,34893.4,34852.5,34859.5,339.742,11846914.328
1699331400000,2023-11-07T04:30:00+00:00,34859.5,34876.7,34835,34836.9,239.607,8352043.8509
1699332300000,2023-11-07T04:45:00+00:00,34836.9,34925,34832.7,34907.7,345.341,12051214.9648
1699333200000,2023-11-07T05:00:00+00:00,34907.7,34908.1,34856,34880,237.909,8296952.9101
1699334100000,2023-11-07T05:15:00+00:00,34880,34899.5,34851.3,34864.8,446.059,15559162.2381
1699335000000,2023-11-07T05:30:00+00:00,34864.8,34920.7,34860.1,34880,465.006,16225101.0038
1699335900000,2023-11-07T05:45:00+00:00,34880,34924.9,34874.1,34921.9,496.005,17313177.8379
1699336800000,2023-11-07T06:00:00+00:00,34921.9,34925,34882.5,34900,297.285,10377237.1458
1699337700000,2023-11-07T06:15:00+00:00,34900,34935,34897.8,34898.3,339.79,11863351.1816
1699338600000,2023-11-07T06:30:00+00:00,34898.3,34960,34888.5,34954.2,417.258,14574906.5089
1699339500000,2023-11-07T06:45:00+00:00,34954.2,34978.7,34943.5,34970.7,477.659,16701337.8815
1699340400000,2023-11-07T07:00:00+00:00,34970.7,34970.7,34938.7,34950.9,343.377,12001584.4894
1699341300000,2023-11-07T07:15:00+00:00,34950.9,34951.3,34889,34892.5,465.146,16240193.7532
1699342200000,2023-11-07T07:30:00+00:00,34892.5,34915.7,34870,34915.7,462.269,16129843.3177
1699343100000,2023-11-07T07:45:00+00:00,34915.7,34949.7,34906.9,34944.6,399.354,13950513.3527
1699344000000,2023-11-07T08:00:00+00:00,34944.6,34988.6,34932.1,34970,381.771,13349773.1367
1699344900000,2023-11-07T08:15:00+00:00,34970,34970.4,34905.1,34910.1,358.58,12525376.679
1699345800000,2023-11-07T08:30:00+00:00,34910.1,34928.2,34880.3,34900.8,559.82,19539003.5163
1699346700000,2023-11-07T08:45:00+00:00,34900.8,34936,34895.6,34919.2,325.457,11365583.7199
1699347600000,2023-11-07T09:00:00+00:00,34919.2,34919.2,34855.2,34867.8,434.11,15146364.0067
1699348500000,2023-11-07T09:15:00+00:00,34867.8,34893.9,34830.6,34865.1,475.63,16579095.0463
1699349400000,2023-11-07T09:30:00+00:00,34865.1,34887.7,34690.6,34830.1,2356.249,81962104.9309
1699350300000,2023-11-07T09:45:00+00:00,34830.1,34920,34769.6,34806.8,985.828,34377751.3483
1699351200000,2023-11-07T10:00:00+00:00,34806.8,34806.8,34631,34720.8,2572.432,89310567.3131
1699352100000,2023-11-07T10:15:00+00:00,34720.8,34750.2,34659.7,34727.7,746.06,25895616.9705
1699353000000,2023-11-07T10:30:00+00:00,34727.7,34748.5,34609.6,34661.4,1101.823,38203490.4288
1699353900000,2023-11-07T10:45:00+00:00,34661.4,34681.7,34552.4,34650.7,1681.628,58197141.6662
1699354800000,2023-11-07T11:00:00+00:00,34650.7,34716.7,34618.6,34710.6,854.148,29623517.5821
1699355700000,2023-11-07T11:15:00+00:00,34710.6,34743.3,34683.2,34713,480.533,16684735.5129
1699356600000,2023-11-07T11:30:00+00:00,34713,34734.8,34661.3,34691.8,695.732,24137215.6454
1699357500000,2023-11-07T11:45:00+00:00,34691.8,34705.7,34623.2,34637.5,680.869,23595882.0847
1699358400000,2023-11-07T12:00:00+00:00,34637.5,34687.5,34519,34610.1,1530.49,52942211.0944
1699359300000,2023-11-07T12:15:00+00:00,34610.1,34705,34573.9,34645.4,917.899,31811709.9541
1699360200000,2023-11-07T12:30:00+00:00,34645.4,34726,34645.4,34716,656.901,22793021.9711
1699361100000,2023-11-07T12:45:00+00:00,34716,34766.3,34709.5,34741.5,533.879,18545890.5805
1699362000000,2023-11-07T13:00:00+00:00,34741.5,34772.7,34731.4,34757.4,700.499,24342681.3244
1699362900000,2023-11-07T13:15:00+00:00,34757.4,34766,34689,34689.3,695.93,24168039.5252
1699363800000,2023-11-07T13:30:00+00:00,34689.3,34707.7,34635.1,34672.6,899.225,31171549.9332
1699364700000,2023-11-07T13:45:00+00:00,34672.6,34781.9,34670.1,34778.1,963.997,33482087.6808
1699365600000,2023-11-07T14:00:00+00:00,34778.1,34820.7,34748.4,34788.5,884.353,30766670.8024
1699366500000,2023-11-07T14:15:00+00:00,34788.5,34806.1,34768.4,34771.8,506.223,17607844.7202
1699367400000,2023-11-07T14:30:00+00:00,34771.8,34823.1,34716.9,34797.9,763.979,26552962.971
1699368300000,2023-11-07T14:45:00+00:00,34797.9,34837,34779.6,34817,571.955,19909433.6768
1699369200000,2023-11-07T15:00:00+00:00,34817,34834.1,34756.4,34795.9,556.804,19371560.0306
1699370100000,2023-11-07T15:15:00+00:00,34795.9,34799,34681.8,34747.9,769.921,26738581.1544
1699371000000,2023-11-07T15:30:00+00:00,34747.9,34749.3,34628.1,34656.4,998.677,34624443.1253
1699371900000,2023-11-07T15:45:00+00:00,34656.4,34719,34648.5,34718.9,414.823,14390662.1216
1699372800000,2023-11-07T16:00:00+00:00,34718.9,34733.3,34691.2,34714.6,568.909,19747142.0232
1699373700000,2023-11-07T16:15:00+00:00,34714.6,34735.2,34700,34735.2,302.515,10503964.1128
1699374600000,2023-11-07T16:30:00+00:00,34735.2,34742.4,34718,34720.6,301.065,10455712.9077
1699375500000,2023-11-07T16:45:00+00:00,34720.6,34720.8,34626.4,34668.5,736.891,25543429.3259
1699376400000,2023-11-07T17:00:00+00:00,34668.5,34706.5,34556.6,34706.5,1343.471,46523024.7573
1699377300000,2023-11-07T17:15:00+00:00,34706.5,34793,34685.4,34733.7,993.306,34514507.3949
1699378200000,2023-11-07T17:30:00+00:00,34733.7,34817,34712.7,34792,766.186,26645369.9164
1699379100000,2023-11-07T17:45:00+00:00,34792,34859.5,34773.6,34847.2,658.953,22950365.0508
1699380000000,2023-11-07T18:00:00+00:00,34847.2,35370,34836.6,35291,5219.959,183440287.804
1699380900000,2023-11-07T18:15:00+00:00,35291,35450,35101,35173.9,3243.12,114530963.5966
1699381800000,2023-11-07T18:30:00+00:00,35173.9,35240.6,35130,35234.9,934.167,32882482.9158
1699382700000,2023-11-07T18:45:00+00:00,35234.9,35541,35234.9,35387.2,2708.87,95944789.6273
1699383600000,2023-11-07T19:00:00+00:00,35387.2,35580.8,35342.3,35436.4,1709.273,60626209.3679
1699384500000,2023-11-07T19:15:00+00:00,35436.4,35474.7,35342.8,35388.9,890.18,31507878.465
1699385400000,2023-11-07T19:30:00+00:00,35388.9,35500,35342.7,35495.5,862.019,30547278.0898
1699386300000,2023-11-07T19:45:00+00:00,35495.5,35527.9,35418.4,35456.9,756.729,26834289.7385
1699387200000,2023-11-07T20:00:00+00:00,35456.9,35578.3,35350,35415.7,1381.39,48991707.1779
1699388100000,2023-11-07T20:15:00+00:00,35415.7,35421.7,35360.1,35377,600.376,21245465.0537
1699389000000,2023-11-07T20:30:00+00:00,35377,35573.5,35377,35567.2,1130.874,40137737.4799
1699389900000,2023-11-07T20:45:00+00:00,35567.2,35904.9,35564.5,35625.5,5041.11,180237403.4117
1699390800000,2023-11-07T21:00:00+00:00,35625.5,35709.5,35535.8,35547.8,1962.853,69930240.5629
1699391700000,2023-11-07T21:15:00+00:00,35547.8,35615.5,35522.6,35588.6,650.48,23135907.891
1699392600000,2023-11-07T21:30:00+00:00,35588.6,35631.2,35537.3,35580.7,502.424,17882785.7651
1699393500000,2023-11-07T21:45:00+00:00,35580.7,35602.7,35461.4,35481.9,1012.744,35963768.4105
1699394400000,2023-11-07T22:00:00+00:00,35481.9,35488.5,35293.2,35334.4,1420.679,50266798.7943
1699395300000,2023-11-07T22:15:00+00:00,35334.4,35350.7,35201,35314.5,1425.317,50274595.8285
1699396200000,2023-11-07T22:30:00+00:00,35314.5,35364,35211.9,35363.6,963.915,34022341.1918
1699397100000,2023-11-07T22:45:00+00:00,35363.6,35482,35280.1,35280.4,1316.587,46587507.9083
1699398000000,2023-11-07T23:00:00+00:00,35280.4,35365.1,35229,35326.5,690.516,24380407.5319
1699398900000,2023-11-07T23:15:00+00:00,35326.5,35419.9,35326.5,35391.4,382.146,13523642.6214
1699399800000,2023-11-07T23:30:00+00:00,35391.4,35424.5,35357.4,35417.9,347.371,12292916.5638
1699400700000,2023-11-07T23:45:00+00:00,35417.9,35432.3,35387.1,35394.9,280.54,9935091.5573
1699401600000,2023-11-08T00:00:00+00:00,35394.9,35408,35334.1,35390.5,408.701,14460004.203
1699402500000,2023-11-08T00:15:00+00:00,35390.5,35392.6,35296.4,35323.9,552.097,19507540.8017
1699403400000,2023-11-08T00:30:00+00:00,35323.9,35347,35254.4,35327,514.552,18159394.1812
1699404300000,2023-11-08T00:45:00+00:00,35327,35364,35314.7,35361.9,333.303,11779672.1675
1699405200000,2023-11-08T01:00:00+00:00,35361.9,35398,35340.5,35393.5,587.946,20798476.193
1699406100000,2023-11-08T01:15:00+00:00,35393.5,35412,35360.4,35411.9,502.433,17783969.6091
1699407000000,2023-11-08T01:30:00+00:00,35411.9,35425,35345.9,35346,630.169,22300956.9052
1699407900000,2023-11-08T01:45:00+00:00,35346,35381.6,35341.2,35378.1,395.158,13976376.511
1699408800000,2023-11-08T02:00:00+00:00,35378.1,35380,35355.2,35375.9,348.246,12317296.3419
1699409700000,2023-11-08T02:15:00+00:00,35375.9,35377.6,35324,35340.4,535.389,18924341.3281
1699410600000,2023-11-08T02:30:00+00:00,35340.4,35364,35318.9,35362.6,484.997,17142496.2737
1699411500000,2023-11-08T02:45:00+00:00,35362.6,35365.4,35284.3,35309.6,524.049,18508697.4843
1699412400000,2023-11-08T03:00:00+00:00,35309.6,35325,35265.1,35293.4,639.28,22562829.9386
1699413300000,2023-11-08T03:15:00+00:00,35293.4,35322.3,35272.4,35290.3,383.884,13548496.0137
1699414200000,2023-11-08T03:30:00+00:00,35290.3,35291,35244,35285.3,569.498,20086684.6185
1699415100000,2023-11-08T03:45:00+00:00,35285.3,35285.3,35237.9,35279.9,460.496,16239280.8175
1699416000000,2023-11-08T04:00:00+00:00,35279.9,35322.1,35273.2,35294.1,367.78,12984176.2702
1699416900000,2023-11-08T04:15:00+00:00,35294.1,35294.1,35260.8,35286.9,325.145,11470826.2487
1699417800000,2023-11-08T04:30:00+00:00,35286.9,35358.6,35286.8,35353.2,695.636,24579486.8891
1699418700000,2023-11-08T04:45:00+00:00,35353.2,35357.8,35331.5,35351.6,375.371,13266699.3423
1699419600000,2023-11-08T05:00:00+00:00,35351.6,35363.9,35316.7,35329.5,551.148,19476710.9349
1699420500000,2023-11-08T05:15:00+00:00,35329.5,35334.5,35250,35286.8,908.924,32076488.0433
1699421400000,2023-11-08T05:30:00+00:00,35286.8,35296.8,35247.8,35283.2,450.033,15872912.9755
1699422300000,2023-11-08T05:45:00+00:00,35283.2,35290.6,35252.2,35266.5,329.209,11612066.704
1699423200000,2023-11-08T06:00:00+00:00,35266.5,35267.4,35202,35214.9,998.306,35163484.5088
1699424100000,2023-11-08T06:15:00+00:00,35214.9,35249.5,35168.2,35245.5,945.281,33277899.9618
1699425000000,2023-11-08T06:30:00+00:00,35245.5,35316.2,35245.5,35287.1,844.069,29791136.9106
1699425900000,2023-11-08T06:45:00+00:00,35287.1,35296.9,35279.4,35282,224.253,7913591.0524
1699426800000,2023-11-08T07:00:00+00:00,35282,35292.7,35221,35238.8,418.337,14745336.8924
1699427700000,2023-11-08T07:15:00+00:00,35238.8,35315.2,35238.8,35311.9,602.089,21234977.3099
1699428600000,2023-11-08T07:30:00+00:00,35311.9,35319,35269.6,35289.3,431.365,15227184.1744
1699429500000,2023-11-08T07:45:00+00:00,35289.3,35291.5,35214.2,35233.4,489.919,17268231.6386
1699430400000,2023-11-08T08:00:00+00:00,35233.4,35267.8,35191.5,35260.7,571.13,20120447.1805
1699431300000,2023-11-08T08:15:00+00:00,35260.7,35293.1,35234,35235.2,374.992,13227199.1106
1699432200000,2023-11-08T08:30:00+00:00,35235.2,35308.6,35235.2,35299.7,529.652,18690866.2242
1699433100000,2023-11-08T08:45:00+00:00,35299.7,35336.7,35282.7,35301.2,434.932,15357727.4616
1699434000000,2023-11-08T09:00:00+00:00,35301.2,35333,35301.2,35328.2,333.414,11776138.957
1699434900000,2023-11-08T09:15:00+00:00,35328.2,35328.2,35281.5,35289.3,164.059,5791115.8053
1699435800000,2023-11-08T09:30:00+00:00,35289.3,35326.1,35274.4,35315.1,204.362,7213198.0807
1699436700000,2023-11-08T09:45:00+00:00,35315.1,35322.5,35290.8,35294.2,198.376,7002677.7153
1699437600000,2023-11-08T10:00:00+00:00,35294.2,35332.2,35293,35332.1,420.273,14839087.8093
1699438500000,2023-11-08T10:15:00+00:00,35332.1,35392.2,35328.2,35382.1,715.166,25296831.3978
1699439400000,2023-11-08T10:30:00+00:00,35382.1,35409,35337.6,35349.8,633.222,22399779.3108
1699440300000,2023-11-08T10:45:00+00:00,35349.8,35418.2,35345.8,35393.3,616.149,21801530.3496
1699441200000,2023-11-08T11:00:00+00:00,35393.3,35434.5,35370.4,35370.6,532.948,18873447.8593
1699442100000,2023-11-08T11:15:00+00:00,35370.6,35378.7,35333.7,35341.4,461.472,16312199.4681
1699443000000,2023-11-08T11:30:00+00:00,35341.4,35364.6,35314.2,35317.2,360.324,12732726.132
1699443900000,2023-11-08T11:45:00+00:00,35317.2,35332.7,35311,35328.4,370.163,13075866.0029
1699444800000,2023-11-08T12:00:00+00:00,35328.4,35373.6,35328.4,35364.3,246.436,8710802.6176
1699445700000,2023-11-08T12:15:00+00:00,35364.3,35370.5,35345.6,35358.6,190.019,6718387.3169
1699446600000,2023-11-08T12:30:00+00:00,35358.6,35358.6,35316.2,35348.1,222.718,7869318.3153
1699447500000,2023-11-08T12:45:00+00:00,35348.1,35396.2,35340,35387.6,276.14,9766848.6965
1699448400000,2023-11-08T13:00:00+00:00,35387.6,35468,35355.4,35365.8,825.353,29232938.0103
1699449300000,2023-11-08T13:15:00+00:00,35365.8,35365.8,35300,35346.4,736.383,26010940.8042
1699450200000,2023-11-08T13:30:00+00:00,35346.4,35365.2,35328.6,35337.4,284.636,10060995.3013
1699451100000,2023-11-08T13:45:00+00:00,35337.4,35410,35334.9,35405.3,372.099,13165941.5688
1699452000000,2023-11-08T14:00:00+00:00,35405.3,35427.5,35353.1,35390.9,482.584,17082382.2077
1699452900000,2023-11-08T14:15:00+00:00,35390.9,35414.2,35359.2,35381.9,572.149,20245604.9169
1699453800000,2023-11-08T14:30:00+00:00,35381.9,35392.3,35252.2,35285.1,1015.556,35865181.6474
1699454700000,2023-11-08T14:45:00+00:00,35285.1,35329.5,35259.6,35306.5,986.918,34827552.6815
1699455600000,2023-11-08T15:00:00+00:00,35306.5,35325,35203.3,35221,1075.978,37926703.7974
1699456500000,2023-11-08T15:15:00+00:00,35221,35263.4,35089.6,35186.9,2100.866,73874933.9928
1699457400000,2023-11-08T15:30:00+00:00,35186.9,35219.6,35161.2,35210.4,701.385,24686759.5483
1699458300000,2023-11-08T15:45:00+00:00,35210.4,35238,35184.7,35224.5,542.72,19112820.6977
1699459200000,2023-11-08T16:00:00+00:00,35224.5,35237.9,35188.3,35195.2,417.677,14707518.4654
1699460100000,2023-11-08T16:15:00+00:00,35195.2,35263.2,35192.8,35250,392.758,13840237.0466
1699461000000,2023-11-08T16:30:00+00:00,35250,35411,35233.5,35360.1,1246.04,43995209.9395
1699461900000,2023-11-08T16:45:00+00:00,35360.1,35488.6,35332.2,35408,1735.302,61462579.2543
1699462800000,2023-11-08T17:00:00+00:00,35408,35439.1,35325.3,35339.5,511.35,18081868.0286
1699463700000,2023-11-08T17:15:00+00:00,35339.5,35377.4,35315.5,35315.5,470.531,16631015.0477
1699464600000,2023-11-08T17:30:00+00:00,35315.5,35328.8,35226.2,35290.2,956.976,33756265.861
1699465500000,2023-11-08T17:45:00+00:00,35290.2,35326.3,35290.1,35318.1,319.673,11286910.2834
1699466400000,2023-11-08T18:00:00+00:00,35318.1,35453.9,35290.1,35443.4,680.465,24085914.2235
1699467300000,2023-11-08T18:15:00+00:00,35443.4,35465.9,35370.6,35382.3,550.393,19490500.5793
1699468200000,2023-11-08T18:30:00+00:00,35382.3,35482.2,35379.8,35469.9,476.15,16876205.1416
1699469100000,2023-11-08T18:45:00+00:00,35469.9,35629.5,35463.4,35589.5,1750.749,62262813.0733
1699470000000,2023-11-08T19:00:00+00:00,35589.5,35726.4,35576.1,35702.3,1857.426,66231978.0483
1699470900000,2023-11-08T19:15:00+00:00,35702.3,35772.4,35534.6,35536.5,1812.693,64659815.2306
1699471800000,2023-11-08T19:30:00+00:00,35536.5,35683,35536.5,35680.8,626.254,22303359.034
1699472700000,2023-11-08T19:45:00+00:00,35680.8,35758.1,35598.5,35622.5,705.796,25176550.818
1699473600000,2023-11-08T20:00:00+00:00,35622.5,35763,35619.2,35731.2,712.145,25432508.8119
1699474500000,2023-11-08T20:15:00+00:00,35731.2,35733.2,35616,35616.1,521.761,18616177.1093
1699475400000,2023-11-08T20:30:00+00:00,35616.1,35664.8,35446.5,35564.9,1070.348,38034506.84
1699476300000,2023-11-08T20:45:00+00:00,35564.9,35613.7,35539.6,35608.8,424.672,15108536.4916
1699477200000,2023-11-08T21:00:00+00:00,35608.8,35931.4,35547.9,35583.7,3816.173,136416985.4931
1699478100000,2023-11-08T21:15:00+00:00,35583.7,35594.1,35415.3,35465.2,1802.403,63982104.544
1699479000000,2023-11-08T21:30:00+00:00,35465.2,35503.2,35387.4,35472.3,1212.515,42973209.1561
1699479900000,2023-11-08T21:45:00+00:00,35472.3,35586.4,35466.5,35574.9,846.422,30077243.6118
1699480800000,2023-11-08T22:00:00+00:00,35574.9,35883,35568.1,35830,2093.319,74877988.3963
1699481700000,2023-11-08T22:15:00+00:00,35830,35960,35648.3,35802.9,2697.265,96540708.1425
1699482600000,2023-11-08T22:30:00+00:00,35802.9,35824.6,35686.4,35714,727.685,26012103.6738
1699483500000,2023-11-08T22:45:00+00:00,35714,35885,35712.8,35773.9,965.213,34563729.945
1699484400000,2023-11-08T23:00:00+00:00,35773.9,35849.1,35718.6,35740.5,605.381,21660344.7256
1699485300000,2023-11-08T23:15:00+00:00,35740.5,35850,35709.8,35839.6,511.587,18310286.138
1699486200000,2023-11-08T23:30:00+00:00,35839.6,35910,35772.5,35894.7,703.45,25212995.2358
1699487100000,2023-11-08T23:45:00+00:00,35894.7,36128.5,35602.1,35626,4553.896,163315200.791
1699488000000,2023-11-09T00:00:00+00:00,35626,35679.3,35540,35670,1404.237,49998131.4455
1699488900000,2023-11-09T00:15:00+00:00,35670,35730,35650,35703,706.688,25225942.6465
1699489800000,2023-11-09T00:30:00+00:00,35703,35879.2,35703,35873.7,1438.696,51504609.2449
1699490700000,2023-11-09T00:45:00+00:00,35873.7,35873.8,35812.9,35848.8,600.449,21516995.9681
1699491600000,2023-11-09T01:00:00+00:00,35848.8,35894.9,35779.3,35781,1159.915,41553933.4737
1699492500000,2023-11-09T01:15:00+00:00,35781,35895.6,35762.5,35860.4,718.223,25735448.2597
1699493400000,2023-11-09T01:30:00+00:00,35860.4,35970,35856.6,35968.1,1346.563,48360153.0699
1699494300000,2023-11-09T01:45:00+00:00,35968.1,36084.2,35866.5,35900,2262.609,81398382.3484
1699495200000,2023-11-09T02:00:00+00:00,35900,36006.7,35837,36002,1169.17,41992112.9797
1699496100000,2023-11-09T02:15:00+00:00,36002,36677.5,35975,36373.3,7291.9,265006538.1865
1699497000000,2023-11-09T02:30:00+00:00,36373.3,36516.9,36349.8,36367.7,2468.639,89942973.7339
1699497900000,2023-11-09T02:45:00+00:00,36367.7,36416.2,36240,36358.5,1680.503,61015867.1526
1699498800000,2023-11-09T03:00:00+00:00,36358.5,36390,36250,36294.4,1104.245,40104957.0375
1699499700000,2023-11-09T03:15:00+00:00,36294.4,36497.5,36269.6,36453.7,1372.735,49981418.2919
1699500600000,2023-11-09T03:30:00+00:00,36453.7,36524.5,36409.7,36476,997.044,36364790.6325
1699501500000,2023-11-09T03:45:00+00:00,36476,36492.8,36363,36448.2,1148.122,41815070.5375
1699502400000,2023-11-09T04:00:00+00:00,36448.2,36544,36448.1,36522.6,1708.203,62353036.5413
1699503300000,2023-11-09T04:15:00+00:00,36522.6,36621.8,36412.4,36565.5,1714.514,62634439.5538
1699504200000,2023-11-09T04:30:00+00:00,36565.5,36864.7,36535.9,36733.2,5392.81,198132224.1054
1699505100000,2023-11-09T04:45:00+00:00,36733.2,36834.4,36670.2,36703.4,1778.065,65318203.5016
1699506000000,2023-11-09T05:00:00+00:00,36703.4,36752.2,36594.7,36600,1653.24,60572020.5038
1699506900000,2023-11-09T05:15:00+00:00,36600,36618.8,36528,36541.2,1214.332,44414549.4634
1699507800000,2023-11-09T05:30:00+00:00,36541.2,36620.7,36516.2,36606.5,832.426,30446890.1788
1699508700000,2023-11-09T05:45:00+00:00,36606.5,36679.1,36564.4,36580.8,636.131,23297792.6199
1699509600000,2023-11-09T06:00:00+00:00,36580.8,36719,36580.7,36696.7,646.67,23703172.2815
1699510500000,2023-11-09T06:15:00+00:00,36696.7,36803.3,36678.8,36707.1,1322.658,48599381.752
1699511400000,2023-11-09T06:30:00+00:00,36707.1,36778.1,36680,36770,599.368,22020218.8237
1699512300000,2023-11-09T06:45:00+00:00,36770,36796.2,36710,36768.2,734.255,26994455.5946
1699513200000,2023-11-09T07:00:00+00:00,36768.2,36769.4,36653.7,36668.7,517.749,19001230.3427
1699514100000,2023-11-09T07:15:00+00:00,36668.7,36808.9,36668.7,36714.9,885.377,32552087.583
1699515000000,2023-11-09T07:30:00+00:00,36714.9,36719.2,36533.7,36582.5,1801.499,65968182.592
1699515900000,2023-11-09T07:45:00+00:00,36582.5,36610.7,36527.4,36549.7,976.294,35691612.9229
1699516800000,2023-11-09T08:00:00+00:00,36549.7,36684.5,36548.9,36662.7,746.391,27327101.2048
1699517700000,2023-11-09T08:15:00+00:00,36662.7,36686.3,36565.1,36605.1,513.909,18821059.2151
1699518600000,2023-11-09T08:30:00+00:00,36605.1,36638,36561.1,36634.7,615.108,22514945.8095
1699519500000,2023-11-09T08:45:00+00:00,36634.7,36719,36617.3,36672.4,592.614,21733837.9713
1699520400000,2023-11-09T09:00:00+00:00,36672.4,36681.6,36580.9,36661.4,836.858,30663288.287
1699521300000,2023-11-09T09:15:00+00:00,36661.4,36707.2,36627.1,36706.7,482.336,17689466.8582
1699522200000,2023-11-09T09:30:00+00:00,36706.7,36809,36685.6,36787,1569.863,57717228.9706
1699523100000,2023-11-09T09:45:00+00:00,36787,36849,36693.7,36842.2,1303.359,47919752.3164
1699524000000,2023-11-09T10:00:00+00:00,36842.2,36885.1,36727.3,36811.6,1565.723,57613731.0149
1699524900000,2023-11-09T10:15:00+00:00,36811.6,37028.1,36748.6,36765,3443.924,127112400.4643
1699525800000,2023-11-09T10:30:00+00:00,36765,36817.2,36713.3,36804.5,1093.827,40215238.553
1699526700000,2023-11-09T10:45:00+00:00,36804.5,36862.2,36745.8,36763.9,733.19,26985374.5279
1699527600000,2023-11-09T11:00:00+00:00,36763.9,36774.3,36655.9,36688.6,864.858,31742087.2021
1699528500000,2023-11-09T11:15:00+00:00,36688.6,36751.6,36666.5,36714.9,944.884,34693737.7573
1699529400000,2023-11-09T11:30:00+00:00,36714.9,36756.6,36678,36751.7,719.671,26421540.0051
1699530300000,2023-11-09T11:45:00+00:00,36751.7,36814,36751.7,36808.3,767.88,28246092.2236
1699531200000,2023-11-09T12:00:00+00:00,36808.3,36850,36770,36846.5,865.329,31853089.4241
1699532100000,2023-11-09T12:15:00+00:00,36846.5,36956.1,36836.2,36933.1,2095.604,77352573.4686
1699533000000,2023-11-09T12:30:00+00:00,36933.1,36945,36824.7,36932.9,1282.015,47272265.4223
1699533900000,2023-11-09T12:45:00+00:00,36932.9,37046.9,36827.4,36883.3,2997.525,110701556.1459
1699534800000,2023-11-09T13:00:00+00:00,36883.3,37000,36850,36890.1,1473,54381567.4407
1699535700000,2023-11-09T13:15:00+00:00,36890.1,36962.6,36860.1,36889.3,872.25,32204671.6407
1699536600000,2023-11-09T13:30:00+00:00,36889.3,36906.5,36817.7,36906.5,1026.716,37835274.7629
1699537500000,2023-11-09T13:45:00+00:00,36906.5,37180,36906.5,37171.9,4610.955,171002133.2262
1699538400000,2023-11-09T14:00:00+00:00,37171.9,38050,37170,37625.1,10980.451,411653668.0328
1699539300000,2023-11-09T14:15:00+00:00,37625.1,37697,37487.5,37562.5,3947.792,148371560.626
1699540200000,2023-11-09T14:30:00+00:00,37562.5,37722,37516,37709.5,2489.062,93685468.9756
1699541100000,2023-11-09T14:45:00+00:00,37709.5,38092.1,37630.9,37906.9,6744.605,255422354.2955
1699542000000,2023-11-09T15:00:00+00:00,37906.9,38034.2,37645.1,37755,4071.243,154013692.0496
1699542900000,2023-11-09T15:15:00+00:00,37755,37824,37216.1,37354.3,5231.852,196135028.4282
1699543800000,2023-11-09T15:30:00+00:00,37354.3,37544.4,37351.4,37431.1,2674.675,100214201.7076
1699544700000,2023-11-09T15:45:00+00:00,37431.1,37472.7,37094.5,37129.6,3359.877,125189592.0283
1699545600000,2023-11-09T16:00:00+00:00,37129.6,37260.5,36236.3,36610.7,11024.456,404381400.4142
1699546500000,2023-11-09T16:15:00+00:00,36610.7,36719.8,36357.6,36575,5161.986,188877740.5039
1699547400000,2023-11-09T16:30:00+00:00,36575,36589.5,35568.1,36291.6,9882.947,356679741.5262
1699548300000,2023-11-09T16:45:00+00:00,36291.6,36509.2,36241.9,36352.1,3472.985,126498668.3586
1699549200000,2023-11-09T17:00:00+00:00,36352.1,36519.2,36229.4,36348.2,2044.799,74371128.1982
1699550100000,2023-11-09T17:15:00+00:00,36348.2,36377.3,36014.8,36228.1,2488.54,90026942.3309
1699551000000,2023-11-09T17:30:00+00:00,36228.1,36458.8,36169.3,36419.7,1594.069,57942954.2436
1699551900000,2023-11-09T17:45:00+00:00,36419.7,36727.2,36397.4,36640.6,2125.239,77750768.7407
1699552800000,2023-11-09T18:00:00+00:00,36640.6,36643.3,36392.8,36485.2,1726.043,63005692.9117
1699553700000,2023-11-09T18:15:00+00:00,36485.2,36485.2,36363.5,36373.2,939.083,34201969.7453
1699554600000,2023-11-09T18:30:00+00:00,36373.2,36481.5,36328,36460.9,1006.808,36658504.022
1699555500000,2023-11-09T18:45:00+00:00,36460.9,36496.3,36375.1,36387.1,662.506,24147103.4539
1699556400000,2023-11-09T19:00:00+00:00,36387.1,36458.1,36265.7,36280.6,970.045,35290142.229
1699557300000,2023-11-09T19:15:00+00:00,36280.6,36340.8,36160.8,36305.3,1141.875,41379005.8217
1699558200000,2023-11-09T19:30:00+00:00,36305.3,36377,36170.4,36184.6,1001.789,36327966.8449
1699559100000,2023-11-09T19:45:00+00:00,36184.6,36415.4,36177.4,36394.3,721.63,26223999.1266
1699560000000,2023-11-09T20:00:00+00:00,36394.3,36394.3,36214.7,36293,768.567,27887668.0259
1699560900000,2023-11-09T20:15:00+00:00,36293,36332.2,36164.2,36219.6,556.562,20172842.7938
1699561800000,2023-11-09T20:30:00+00:00,36219.6,36274.9,36149.5,36264,572.51,20727795.7302
1699562700000,2023-11-09T20:45:00+00:00,36264,36614.6,36236,36565.3,1548.301,56482955.589
1699563600000,2023-11-09T21:00:00+00:00,36565.3,36706.5,36501.8,36626.5,1192.314,43671067.7529
1699564500000,2023-11-09T21:15:00+00:00,36626.5,36754.5,36527.1,36600,1454.908,53277326.2282
1699565400000,2023-11-09T21:30:00+00:00,36600,36686.2,36470.6,36517.7,904.998,33094901.278
1699566300000,2023-11-09T21:45:00+00:00,36517.7,36571.9,36453.8,36543.2,559.25,20420641.1266
1699567200000,2023-11-09T22:00:00+00:00,36543.2,36683.6,36536.1,36671.4,672.75,24632042.3865
1699568100000,2023-11-09T22:15:00+00:00,36671.4,36747.9,36520.6,36592.7,634.568,23233684.6057
1699569000000,2023-11-09T22:30:00+00:00,36592.7,36611,36505.6,36515.5,433.37,15849113.8837
1699569900000,2023-11-09T22:45:00+00:00,36515.5,36681.9,36515.4,36560,710.548,26000822.1191
1699570800000,2023-11-09T23:00:00+00:00,36560,36619.7,36526.6,36614.7,530.817,19411156.9699
1699571700000,2023-11-09T23:15:00+00:00,36614.7,36628.7,36530,36603.6,318.1,11631910.6706
1699572600000,2023-11-09T23:30:00+00:00,36603.6,36762.5,36598.8,36755.7,816.021,29932085.7934
1699573500000,2023-11-09T23:45:00+00:00,36755.7,36786.4,36684.1,36710.7,635.625,23352712.8206
1699574400000,2023-11-10T00:00:00+00:00,36710.7,36729.2,36644.4,36728.6,468.858,17200333.5337
1699575300000,2023-11-10T00:15:00+00:00,36728.6,36779.2,36577.2,36606.9,1007.188,36913542.6867
1699576200000,2023-11-10T00:30:00+00:00,36606.9,36642.9,36516.9,36531,604.081,22096776.9852
1699577100000,2023-11-10T00:45:00+00:00,36531,36600,36492,36517.1,737.955,26961930.6888
1699578000000,2023-11-10T01:00:00+00:00,36517.1,36578.4,36464,36570.3,791.879,28928591.3082
1699578900000,2023-11-10T01:15:00+00:00,36570.3,36662,36567.6,36640,385.3,14111925.2734
1699579800000,2023-11-10T01:30:00+00:00,36640,36697.7,36640,36676.1,408.937,14995840.043
1699580700000,2023-11-10T01:45:00+00:00,36676.1,36727,36657,36700.1,359.873,13206629.5389
1699581600000,2023-11-10T02:00:00+00:00,36700.1,36700.1,36612,36649.2,444.055,16280288.5314
1699582500000,2023-11-10T02:15:00+00:00,36649.2,36731.8,36635,36731.6,486.67,17863114.9282
1699583400000,2023-11-10T02:30:00+00:00,36731.6,36815.7,36723.3,36810.9,717.46,26385150.5183
1699584300000,2023-11-10T02:45:00+00:00,36810.9,36879.2,36788,36864.8,810.856,29877053.3373
1699585200000,2023-11-10T03:00:00+00:00,36864.8,36930.8,36790.5,36914.1,758.217,27945482.9755
1699586100000,2023-11-10T03:15:00+00:00,36914.1,36915.8,36753.7,36792.5,691.036,25443639.3598
1699587000000,2023-11-10T03:30:00+00:00,36792.5,36810.2,36725.6,36770,595.925,21908006.4786
1699587900000,2023-11-10T03:45:00+00:00,36770,36807.7,36738.2,36744.2,395.73,14550160.4539
1699588800000,2023-11-10T04:00:00+00:00,36744.2,36777.2,36711,36717,357.378,13128441.7722
1699589700000,2023-11-10T04:15:00+00:00,36717,36757.1,36696.3,36731.1,397.933,14614072.396
1699590600000,2023-11-10T04:30:00+00:00,36731.1,36785.6,36700,36702.3,403.507,14829167.2253
1699591500000,2023-11-10T04:45:00+00:00,36702.3,36813,36647,36801.8,804.516,29545387.2223
1699592400000,2023-11-10T05:00:00+00:00,36801.8,36811.2,36727,36739.8,447.91,16467325.2015
1699593300000,2023-11-10T05:15:00+00:00,36739.8,36739.8,36680.8,36703.1,466.593,17129933.1809
1699594200000,2023-11-10T05:30:00+00:00,36703.1,36756.4,36671.2,36739.7,417.964,15337867.6308
1699595100000,2023-11-10T05:45:00+00:00,36739.7,36773,36702.8,36771.9,288.108,10582996.8073
1699596000000,2023-11-10T06:00:00+00:00,36771.9,36785.6,36703,36712.7,367.074,13486842.7482
1699596900000,2023-11-10T06:15:00+00:00,36712.7,36719.9,36608.3,36645.8,711.431,26079941.0561
1699597800000,2023-11-10T06:30:00+00:00,36645.8,36663.7,36623.2,36646.8,393.215,14408818.0023
1699598700000,2023-11-10T06:45:00+00:00,36646.8,36677.8,36601.1,36626.3,501.061,18355359.0874
1699599600000,2023-11-10T07:00:00+00:00,36626.3,36699.2,36589,36644.7,539.356,19762274.7747
1699600500000,2023-11-10T07:15:00+00:00,36644.7,36653.1,36530,36539.7,880.16,32205204.2849
1699601400000,2023-11-10T07:30:00+00:00,36539.7,36586.2,36530.3,36534.4,596.335,21798646.4245
1699602300000,2023-11-10T07:45:00+00:00,36534.4,36554.2,36457.7,36470.8,954.131,34823228.9957
1699603200000,2023-11-10T08:00:00+00:00,36470.8,36545,36441,36444.5,1139.622,41591144.8766
1699604100000,2023-11-10T08:15:00+00:00,36444.5,36490,36339.2,36444,1927.135,70197470.4087
1699605000000,2023-11-10T08:30:00+00:00,36444,36516.7,36425.9,36508,604.018,22036461.9748
1699605900000,2023-11-10T08:45:00+00:00,36508,36548.2,36484.5,36541.4,380.919,13915025.1587
1699606800000,2023-11-10T09:00:00+00:00,36541.4,36577.6,36478.2,36487.3,467.014,17066025.7196
1699607700000,2023-11-10T09:15:00+00:00,36487.3,36532.2,36483.1,36489.9,225.508,8233180.6952
1699608600000,2023-11-10T09:30:00+00:00,36489.9,36533.7,36489.9,36530,379.274,13847683.0635
1699609500000,2023-11-10T09:45:00+00:00,36530,36585.9,36529.9,36574,365.85,13374847.7277
1699610400000,2023-11-10T10:00:00+00:00,36574,36610,36551.5,36608.6,483.42,17682161.7032
1699611300000,2023-11-10T10:15:00+00:00,36608.6,36633.4,36576.1,36584.9,720.225,26368671.6924
1699612200000,2023-11-10T10:30:00+00:00,36584.9,36636.6,36537.8,36553.5,716.951,26236505.7719
1699613100000,2023-11-10T10:45:00+00:00,36553.5,36768.4,36512.8,36763.9,1144.546,41961581.6699
1699614000000,2023-11-10T11:00:00+00:00,36763.9,37009.8,36760.1,36861.5,3150.349,116217114.4766
1699614900000,2023-11-10T11:15:00+00:00,36861.5,36950,36798,36942.6,1478.445,54501986.5711
1699615800000,2023-11-10T11:30:00+00:00,36942.6,37139.3,36932.6,36960.2,2641.8,97908483.134
1699616700000,2023-11-10T11:45:00+00:00,36960.2,37113.8,36950,37085.9,972.908,36042227.7227
1699617600000,2023-11-10T12:00:00+00:00,37085.9,37176,36818.8,36901.7,2267.645,83911810.1752
1699618500000,2023-11-10T12:15:00+00:00,36901.7,37040.2,36864.2,36967.5,1263.568,46681883.7168
1699619400000,2023-11-10T12:30:00+00:00,36967.5,37099,36967.4,37038.2,912.826,33814926.1594
1699620300000,2023-11-10T12:45:00+00:00,37038.2,37215.3,37025.3,37189.1,1138.884,42294185.3294
1699621200000,2023-11-10T13:00:00+00:00,37189.1,37256.6,37107.6,37177.6,1439.041,53539921.0717
1699622100000,2023-11-10T13:15:00+00:00,37177.6,37232.6,37059,37143.9,1286.607,47774293.5756
1699623000000,2023-11-10T13:30:00+00:00,37143.9,37190,37074.8,37190,915.612,34011912.3284
1699623900000,2023-11-10T13:45:00+00:00,37190,37240.2,36907.6,36965.1,1993.445,73918470.0379
1699624800000,2023-11-10T14:00:00+00:00,36965.1,37080,36821.4,36937.8,2871.059,106080974.0889
1699625700000,2023-11-10T14:15:00+00:00,36937.8,37053,36904.8,37004.5,1177.535,43562355.2398
1699626600000,2023-11-10T14:30:00+00:00,37004.5,37146.6,36933,37134.6,1405.386,52037909.945
1699627500000,2023-11-10T14:45:00+00:00,37134.6,37157.4,37020.5,37058.3,1028.964,38153405.7317
1699628400000,2023-11-10T15:00:00+00:00,37058.3,37177.6,37026,37174,776.104,28809101.6426
1699629300000,2023-11-10T15:15:00+00:00,37174,37175.5,37030.1,37039.1,748.266,27751556.6995
1699630200000,2023-11-10T15:30:00+00:00,37039.1,37120.6,36945.5,36951.4,906.432,33548516.1698
1699631100000,2023-11-10T15:45:00+00:00,36951.4,37105.7,36941,37083.4,694.941,25732169.1687
1699632000000,2023-11-10T16:00:00+00:00,37083.4,37403.9,37083.3,37274.5,3014.509,112431863.2655
1699632900000,2023-11-10T16:15:00+00:00,37274.5,37444.6,37232.2,37439.5,1369.961,51178130.0832
1699633800000,2023-11-10T16:30:00+00:00,37439.5,37461.7,37305.4,37358.7,1236.746,46223560.6764
1699634700000,2023-11-10T16:45:00+00:00,37358.7,37400,37297.3,37383.1,625.281,23352594.5665
1699635600000,2023-11-10T17:00:00+00:00,37383.1,37432.8,37329.3,37345,675.894,25264201.2663
1699636500000,2023-11-10T17:15:00+00:00,37345,37384.8,37258.7,37267.8,567.872,21189244.447
1699637400000,2023-11-10T17:30:00+00:00,37267.8,37319.7,37159.6,37210.8,916.491,34123157.8632
1699638300000,2023-11-10T17:45:00+00:00,37210.8,37248.8,37156.8,37201.7,471.088,17529280.5908
1699639200000,2023-11-10T18:00:00+00:00,37201.7,37300,37178,37178.2,544.566,20291893.9348
1699640100000,2023-11-10T18:15:00+00:00,37178.2,37241.3,37151.4,37239.4,419.103,15588395.7203
1699641000000,2023-11-10T18:30:00+00:00,37239.4,37285.8,37194.3,37268.6,417.236,15545248.7169
1699641900000,2023-11-10T18:45:00+00:00,37268.6,37271.9,37228.8,37244.8,352.255,13120929.2853
1699642800000,2023-11-10T19:00:00+00:00,37244.8,37380,37229.8,37372.9,835.374,31171926.4699
1699643700000,2023-11-10T19:15:00+00:00,37372.9,37428,37302.8,37347.3,703.442,26279564.0975
1699644600000,2023-11-10T19:30:00+00:00,37347.3,37347.3,37261.9,37284.2,386.839,14427582.296
1699645500000,2023-11-10T19:45:00+00:00,37284.2,37334.1,37217.4,37240,567.281,21144743.1906
1699646400000,2023-11-10T20:00:00+00:00,37240,37250,37124.8,37148.3,811.668,30173196.2837
1699647300000,2023-11-10T20:15:00+00:00,37148.3,37164.8,37076.9,37146.4,896.182,33273774.4701
1699648200000,2023-11-10T20:30:00+00:00,37146.4,37229,37140.7,37219,527.84,19629920.0011
1699649100000,2023-11-10T20:45:00+00:00,37219,37283.7,37218.9,37234.5,416.745,15527583.0355
1699650000000,2023-11-10T21:00:00+00:00,37234.5,37320.7,37202.4,37312.9,435.952,16245520.7809
1699650900000,2023-11-10T21:15:00+00:00,37312.9,37367.5,37289.3,37349.7,463.141,17294151.8853
1699651800000,2023-11-10T21:30:00+00:00,37349.7,37373.8,37301.1,37342,411.775,15380146.6441
1699652700000,2023-11-10T21:45:00+00:00,37342,37342.1,37265.3,37265.3,487.902,18202588.3938
1699653600000,2023-11-10T22:00:00+00:00,37265.3,37360.6,37261.2,37325.8,352.447,13152968.2968
1699654500000,2023-11-10T22:15:00+00:00,37325.8,37341.9,37282.6,37316.5,504.877,18836411.0395
1699655400000,2023-11-10T22:30:00+00:00,37316.5,37337.2,37167.7,37167.7,782.559,29165703.4792
1699656300000,2023-11-10T22:45:00+00:00,37167.7,37557,37167.7,37365.4,2447.507,91581176.8496
1699657200000,2023-11-10T23:00:00+00:00,37365.4,37456,37363.8,37454.7,788.653,29510588.9277
1699658100000,2023-11-10T23:15:00+00:00,37454.7,37502.9,37319.4,37357.2,716.07,26777631.4479
1699659000000,2023-11-10T23:30:00+00:00,37357.2,37394.8,37316,37377.7,291.226,10880545.7634
1699659900000,2023-11-10T23:45:00+00:00,37377.7,37430.2,37310.5,37318.3,260.435,9729476.9379
1699660800000,2023-11-11T00:00:00+00:00,37318.3,37372.5,37300,37338,300.838,11232686.0582
1699661700000,2023-11-11T00:15:00+00:00,37338,37411.2,37303.8,37411.2,492.177,18391149.9894
1699662600000,2023-11-11T00:30:00+00:00,37411.2,37411.2,37276.1,37284.5,954.173,35605665.757
1699663500000,2023-11-11T00:45:00+00:00,37284.5,37317.3,37248,37306.1,494.473,18437323.5326
1699664400000,2023-11-11T01:00:00+00:00,37306.1,37328.3,37226,37238.3,545.406,20328712.5767
1699665300000,2023-11-11T01:15:00+00:00,37238.3,37251.8,37089.1,37170.3,1656.811,61584473.4652
1699666200000,2023-11-11T01:30:00+00:00,37170.3,37196.5,37065.3,37190.6,984.367,36551837.0005
1699667100000,2023-11-11T01:45:00+00:00,37190.6,37194.8,37025.3,37072.6,1489.815,55223896.3168
1699668000000,2023-11-11T02:00:00+00:00,37072.6,37137.5,36992.8,37038.3,855.829,31735281.5871
1699668900000,2023-11-11T02:15:00+00:00,37038.3,37079.4,36918.8,36989.7,1373.106,50785764.4562
1699669800000,2023-11-11T02:30:00+00:00,36989.7,37098.8,36968.8,37070.4,491.912,18223723.2135
1699670700000,2023-11-11T02:45:00+00:00,37070.4,37130.4,37068.1,37121.9,443.273,16449807.8214
1699671600000,2023-11-11T03:00:00+00:00,37121.9,37136.9,37069.3,37105.2,391.713,14530579.0114
1699672500000,2023-11-11T03:15:00+00:00,37105.2,37124.6,37075.8,37107,411.715,15277615.7798
1699673400000,2023-11-11T03:30:00+00:00,37107,37133.8,37051.1,37120,555.848,20618536.9209
1699674300000,2023-11-11T03:45:00+00:00,37120,37120,37044.5,37051.5,453.277,16803521.6789
1699675200000,2023-11-11T04:00:00+00:00,37051.5,37095.9,37017.7,37080.1,684.425,25364254.513
1699676100000,2023-11-11T04:15:00+00:00,37080.1,37098.1,36934,36953.3,654.808,24224182.1736
1699677000000,2023-11-11T04:30:00+00:00,36953.3,37085.8,36946.2,37055.6,600.441,22230012.4516
1699677900000,2023-11-11T04:45:00+00:00,37055.6,37098.9,37036.4,37078.3,214.383,7946741.7432
1699678800000,2023-11-11T05:00:00+00:00,37078.3,37121.4,37056.1,37110,331.584,12300891.2277
1699679700000,2023-11-11T05:15:00+00:00,37110,37147.1,37088.6,37134.5,345.86,12839190.3529
1699680600000,2023-11-11T05:30:00+00:00,37134.5,37146.6,37080.6,37085.4,231.712,8601180.3484
1699681500000,2023-11-11T05:45:00+00:00,37085.4,37119.9,37079.5,37089,246.791,9156033.5313
1699682400000,2023-11-11T06:00:00+00:00,37089,37096.3,37035,37035.5,264.195,9792694.8286
1699683300000,2023-11-11T06:15:00+00:00,37035.5,37079.6,37006,37074.9,391.745,14511008.6553
1699684200000,2023-11-11T06:30:00+00:00,37074.9,37139,37072.6,37132.3,322.82,11979358.2464
1699685100000,2023-11-11T06:45:00+00:00,37132.3,37139.1,37084.9,37103.4,274.924,10202562.2307
1699686000000,2023-11-11T07:00:00+00:00,37103.4,37115.1,37066.5,37066.5,282.183,10466481.3918
1699686900000,2023-11-11T07:15:00+00:00,37066.5,37083.2,37033,37077.1,566.376,20989544.2162
1699687800000,2023-11-11T07:30:00+00:00,37077.1,37100.9,37026,37032,252.183,9347837.2663
1699688700000,2023-11-11T07:45:00+00:00,37032,37035.3,36956.4,37022.9,551.841,20410923.7115
1699689600000,2023-11-11T08:00:00+00:00,37022.9,37054,36945,36975.6,408.73,15117853.7477
1699690500000,2023-11-11T08:15:00+00:00,36975.6,37028,36961.8,37024.4,345.008,12767796.2531
1699691400000,2023-11-11T08:30:00+00:00,37024.4,37038,36973.8,36973.9,286.835,10614041.3704
1699692300000,2023-11-11T08:45:00+00:00,36973.9,36996.8,36957.7,36978.1,384.189,14206157.0917
1699693200000,2023-11-11T09:00:00+00:00,36978.1,36994,36950,36970.7,309.213,11432515.2937
1699694100000,2023-11-11T09:15:00+00:00,36970.7,37073.7,36970.7,37065.7,593.368,21971892.5671
1699695000000,2023-11-11T09:30:00+00:00,37065.7,37065.8,37009,37037,315.817,11694982.3955
1699695900000,2023-11-11T09:45:00+00:00,37037,37047.4,37004.8,37044.4,400.257,14822437.8144
1699696800000,2023-11-11T10:00:00+00:00,37044.4,37044.4,37013.5,37018.9,476.924,17656527.1439
1699697700000,2023-11-11T10:15:00+00:00,37018.9,37025.8,36963.9,36967.4,869.034,32135603.4289
1699698600000,2023-11-11T10:30:00+00:00,36967.4,37001.3,36964.6,37000.7,224.448,8301438.8693
1699699500000,2023-11-11T10:45:00+00:00,37000.7,37020,36973.4,37020,286.554,10600691.361
1699700400000,2023-11-11T11:00:00+00:00,37020,37020,36981.3,36981.4,215.779,7983418.7723
1699701300000,2023-11-11T11:15:00+00:00,36981.4,37025.9,36923.4,36995,615.588,22762057.7394
1699702200000,2023-11-11T11:30:00+00:00,36995,37028.1,36984.9,37028.1,235.104,8701399.7309
1699703100000,2023-11-11T11:45:00+00:00,37028.1,37028.1,36992.1,37001.4,240.001,8880921.0451
1699704000000,2023-11-11T12:00:00+00:00,37001.4,37014,36970.2,37013.3,287.291,10627840.6255
1699704900000,2023-11-11T12:15:00+00:00,37013.3,37116.6,37013.2,37112.6,750.975,27838553.344
1699705800000,2023-11-11T12:30:00+00:00,37112.6,37112.6,37034.3,37060.6,587.295,21768635.7603
1699706700000,2023-11-11T12:45:00+00:00,37060.6,37127.5,37060.6,37114.7,440.105,16326560.6525
1699707600000,2023-11-11T13:00:00+00:00,37114.7,37135,37077.9,37104,321.623,11936212.9278
1699708500000,2023-11-11T13:15:00+00:00,37104,37122.3,37078.2,37101.2,254.355,9437219.2255
1699709400000,2023-11-11T13:30:00+00:00,37101.2,37207,37101.2,37163.3,1245.134,46282545.2441
1699710300000,2023-11-11T13:45:00+00:00,37163.3,37168.2,37126.2,37155.6,291.252,10817766.3127
1699711200000,2023-11-11T14:00:00+00:00,37155.6,37200,37142.5,37190,464.743,17278137.1081
1699712100000,2023-11-11T14:15:00+00:00,37190,37223.6,37134.4,37222.8,646.259,24035364.0522
1699713000000,2023-11-11T14:30:00+00:00,37222.8,37240,37169.5,37228.7,520.977,19382688.8845
1699713900000,2023-11-11T14:45:00+00:00,37228.7,37285,37213.6,37246.8,851.285,31715886.8625
1699714800000,2023-11-11T15:00:00+00:00,37246.8,37247.5,37153.3,37194.7,685.051,25476634.408
1699715700000,2023-11-11T15:15:00+00:00,37194.7,37196,37129.2,37145,293.736,10914094.7982
1699716600000,2023-11-11T15:30:00+00:00,37145,37156.6,37124.4,37144.1,449.109,16678550.533
1699717500000,2023-11-11T15:45:00+00:00,37144.1,37149.3,37035.3,37059.5,921.076,34151209.3071
1699718400000,2023-11-11T16:00:00+00:00,37059.5,37147.6,37059.5,37132.9,407.642,15131062.9329
1699719300000,2023-11-11T16:15:00+00:00,37132.9,37149.1,37101.5,37138.7,846.208,31418685.2588
1699720200000,2023-11-11T16:30:00+00:00,37138.7,37182.5,37130.4,37171.6,489.983,18207825.2321
1699721100000,2023-11-11T16:45:00+00:00,37171.6,37189,37136.5,37143.1,607.329,22572899.4515
1699722000000,2023-11-11T17:00:00+00:00,37143.1,37147.1,37062.5,37071.5,548.212,20346260.2389
1699722900000,2023-11-11T17:15:00+00:00,37071.5,37130,37041,37124.5,419.975,15577049.4607
1699723800000,2023-11-11T17:30:00+00:00,37124.5,37138,37097.3,37130.4,391.609,14534758.8714
1699724700000,2023-11-11T17:45:00+00:00,37130.4,37174.5,37110,37123.7,387.599,14395055.352
1699725600000,2023-11-11T18:00:00+00:00,37123.7,37151.3,37091.4,37106.3,392.66,14574315.5948
1699726500000,2023-11-11T18:15:00+00:00,37106.3,37117.1,37089.1,37112.5,448.68,16648299.6816
1699727400000,2023-11-11T18:30:00+00:00,37112.5,37149.6,37100.1,37145.2,245.162,9103750.4256
1699728300000,2023-11-11T18:45:00+00:00,37145.2,37155.4,37127.7,37133.3,281.992,10473397.9862
1699729200000,2023-11-11T19:00:00+00:00,37133.3,37134.5,37103.6,37103.8,281.646,10454512.492
1699730100000,2023-11-11T19:15:00+00:00,37103.8,37185,37098.3,37184.9,275.263,10216552.3051
1699731000000,2023-11-11T19:30:00+00:00,37184.9,37194.6,37157.1,37166.2,401.056,14906759.16
1699731900000,2023-11-11T19:45:00+00:00,37166.2,37192.2,37164.5,37167.5,400.61,14893399.2974
1699732800000,2023-11-11T20:00:00+00:00,37167.5,37168,37053.6,37084.1,325.774,12088489.6197
1699733700000,2023-11-11T20:15:00+00:00,37084.1,37099,37055,37094.7,325.424,12068499.2897
1699734600000,2023-11-11T20:30:00+00:00,37094.7,37094.7,37021.6,37083.9,371.904,13782111.4291
1699735500000,2023-11-11T20:45:00+00:00,37083.9,37085.7,36995.2,37022.1,460.637,17058696.6034
1699736400000,2023-11-11T21:00:00+00:00,37022.1,37064.1,36991.1,37045.7,462.683,17137883.8933
1699737300000,2023-11-11T21:15:00+00:00,37045.7,37097,37022.5,37036.2,303.868,11255726.3748
1699738200000,2023-11-11T21:30:00+00:00,37036.2,37046.6,37002.6,37046,291.087,10776278.7076
1699739100000,2023-11-11T21:45:00+00:00,37046,37049.7,36920,36996.9,594.06,21966543.6325
1699740000000,2023-11-11T22:00:00+00:00,36996.9,37014.8,36623,36809.4,1944.098,71543029.8786
1699740900000,2023-11-11T22:15:00+00:00,36809.4,36913.7,36792,36895.7,707.645,26095059.5629
1699741800000,2023-11-11T22:30:00+00:00,36895.7,36922.6,36854.9,36913,485.647,17915208.8435
1699742700000,2023-11-11T22:45:00+00:00,36913,36973.8,36866.3,36906.2,458.992,16946908.3759
1699743600000,2023-11-11T23:00:00+00:00,36906.2,36912.4,36794.6,36799.2,730.488,26916524.1471
1699744500000,2023-11-11T23:15:00+00:00,36799.2,36881.8,36796.8,36881,772.235,28446606.2139
1699745400000,2023-11-11T23:30:00+00:00,36881,36973.1,36828.4,36962.1,663.144,24483455.9871
1699746300000,2023-11-11T23:45:00+00:00,36962.1,37170,36959.9,37150.8,1175.183,43583262.0073
1699747200000,2023-11-12T00:00:00+00:00,37150.8,37204.2,37117.3,37141.4,872.285,32423732.2426
1699748100000,2023-11-12T00:15:00+00:00,37141.4,37149.1,37012.4,37023.1,1003.207,37191571.6616
1699749000000,2023-11-12T00:30:00+00:00,37023.1,37056.4,36916.3,36944.7,922.093,34100440.1557
1699749900000,2023-11-12T00:45:00+00:00,36944.7,36957.3,36740.5,36925.1,1168.174,43044529.1742
1699750800000,2023-11-12T01:00:00+00:00,36925.1,36937.3,36852.6,36871.1,497.385,18347909.27
1699751700000,2023-11-12T01:15:00+00:00,36871.1,36987.6,36866.4,36980.8,606.972,22425962.0992
1699752600000,2023-11-12T01:30:00+00:00,36980.8,37006.3,36949.3,36990.7,447.714,16554161.2677
1699753500000,2023-11-12T01:45:00+00:00,36990.7,37020.7,36963.9,36974.1,439.395,16255649.953
1699754400000,2023-11-12T02:00:00+00:00,36974.1,36976.8,36918.4,36974,476.766,17616525.2354
1699755300000,2023-11-12T02:15:00+00:00,36974,36974,36889.4,36909.1,350.651,12947409.2085
1699756200000,2023-11-12T02:30:00+00:00,36909.1,36937.9,36866.5,36937.7,303.12,11186641.0917
1699757100000,2023-11-12T02:45:00+00:00,36937.7,36942,36885,36919.3,205.496,7586076.7822
1699758000000,2023-11-12T03:00:00+00:00,36919.3,36942,36879.1,36941.2,227.828,8407988.8235
1699758900000,2023-11-12T03:15:00+00:00,36941.2,36941.2,36898.8,36930.6,234.506,8657262.0337
1699759800000,2023-11-12T03:30:00+00:00,36930.6,36984.3,36919.4,36976.9,268.669,9928096.2951
1699760700000,2023-11-12T03:45:00+00:00,36976.9,37003.7,36955.9,37003.6,574.686,21253905.2603
1699761600000,2023-11-12T04:00:00+00:00,37003.6,37032.7,36992.6,37002.6,449.899,16652852.8573
1699762500000,2023-11-12T04:15:00+00:00,37002.6,37004.1,36961.2,36975.6,404.421,14953843.0184
1699763400000,2023-11-12T04:30:00+00:00,36975.6,36975.6,36921.9,36955,356.573,13174344.9492
1699764300000,2023-11-12T04:45:00+00:00,36955,37013.8,36948.7,37013.6,410.754,15192818.7438
1699765200000,2023-11-12T05:00:00+00:00,37013.6,37013.7,36963.1,36973.8,354.404,13109928.7071
1699766100000,2023-11-12T05:15:00+00:00,36973.8,37022.2,36973.8,37022.2,309.041,11433647.3551
1699767000000,2023-11-12T05:30:00+00:00,37022.2,37057.4,37022.2,37050.7,383.341,14201342.425
1699767900000,2023-11-12T05:45:00+00:00,37050.7,37128.3,37050.6,37120.8,989.032,36693466.8113
1699768800000,2023-11-12T06:00:00+00:00,37120.8,37120.8,37087.3,37111.9,559.029,20742748.5981
1699769700000,2023-11-12T06:15:00+00:00,37111.9,37147,37087.9,37126.2,470.012,17443318.474
1699770600000,2023-11-12T06:30:00+00:00,37126.2,37169.4,37112.3,37117.2,887.566,32963272.7708
1699771500000,2023-11-12T06:45:00+00:00,37117.2,37173.1,37114.1,37160.1,435.049,16165885.6615
1699772400000,2023-11-12T07:00:00+00:00,37160.1,37180,37138.6,37150,329.895,12260358.8767
1699773300000,2023-11-12T07:15:00+00:00,37150,37169.1,37124.8,37130,311.149,11558823.0526
1699774200000,2023-11-12T07:30:00+00:00,37130,37178.6,37115.3,37171.3,335.427,12462052.7616
1699775100000,2023-11-12T07:45:00+00:00,37171.3,37179.9,37133.4,37141.9,409.325,15207670.4927
1699776000000,2023-11-12T08:00:00+00:00,37141.9,37145.1,37095.3,37120.1,599.59,22252712.3014
1699776900000,2023-11-12T08:15:00+00:00,37120.1,37147.2,37073.1,37144.2,524.254,19448602.8888
1699777800000,2023-11-12T08:30:00+00:00,37144.2,37152.6,37117.7,37138.9,242.184,8993301.8973
1699778700000,2023-11-12T08:45:00+00:00,37138.9,37138.9,37104.3,37115.7,215.243,7989700.2677
1699779600000,2023-11-12T09:00:00+00:00,37115.7,37123.4,37099.3,37115.3,280.106,10396052.545
1699780500000,2023-11-12T09:15:00+00:00,37115.3,37120.2,37109,37109.3,237.082,8798995.2363
1699781400000,2023-11-12T09:30:00+00:00,37109.3,37120.1,37048.5,37062.8,318.402,11804602.7129
1699782300000,2023-11-12T09:45:00+00:00,37062.8,37087.1,37048.5,37080,301.727,11185595.4986
1699783200000,2023-11-12T10:00:00+00:00,37080,37100.1,37077.1,37077.9,251.386,9322935.6699
1699784100000,2023-11-12T10:15:00+00:00,37077.9,37093.9,37050,37093.9,248.975,9228793.4202
1699785000000,2023-11-12T10:30:00+00:00,37093.9,37153.9,37093.8,37130,455.841,16926422.7793
1699785900000,2023-11-12T10:45:00+00:00,37130,37149.6,37099.6,37120.8,355.002,13178482.7818
1699786800000,2023-11-12T11:00:00+00:00,37120.8,37126.6,37110.6,37123.4,154.719,5743087.0417
1699787700000,2023-11-12T11:15:00+00:00,37123.4,37123.4,37103.6,37118.2,132.803,4929165.6175
1699788600000,2023-11-12T11:30:00+00:00,37118.2,37118.2,37086.6,37108.8,303.252,11250097.5286
1699789500000,2023-11-12T11:45:00+00:00,37108.8,37114,37069.2,37076.5,311.097,11539065.295
1699790400000,2023-11-12T12:00:00+00:00,37076.5,37105.2,37068.4,37105.2,326.435,12107785.1449
1699791300000,2023-11-12T12:15:00+00:00,37105.2,37109.1,36973.9,37008.8,826.631,30611549.6459
1699792200000,2023-11-12T12:30:00+00:00,37008.8,37037,36992.7,37015,439.396,16266318.8366
1699793100000,2023-11-12T12:45:00+00:00,37015,37057.1,37010,37026,325.755,12063588.1015
1699794000000,2023-11-12T13:00:00+00:00,37026,37066.6,36945.6,37058,733.374,27129927.0929
1699794900000,2023-11-12T13:15:00+00:00,37058,37149.1,37058,37112.5,1047.881,38891802.888
1699795800000,2023-11-12T13:30:00+00:00,37112.5,37136.7,37051.1,37070.3,672.274,24934620.3857
1699796700000,2023-11-12T13:45:00+00:00,37070.3,37114.9,37067,37089.4,312.308,11585363.5381
1699797600000,2023-11-12T14:00:00+00:00,37089.4,37132.8,37087.5,37130.7,348.754,12943915.9493
1699798500000,2023-11-12T14:15:00+00:00,37130.7,37208.4,37128.9,37149.8,670.197,24905506.8838
1699799400000,2023-11-12T14:30:00+00:00,37149.8,37155.5,37112.6,37146.9,331.218,12299988.1081
1699800300000,2023-11-12T14:45:00+00:00,37146.9,37158.9,37125.9,37157.5,121.651,4518431.5087
1699801200000,2023-11-12T15:00:00+00:00,37157.5,37236.3,37092.6,37096.1,977.35,36347232.6601
1699802100000,2023-11-12T15:15:00+00:00,37096.1,37137.4,37094,37131.5,397.089,14738158.9083
1699803000000,2023-11-12T15:30:00+00:00,37131.5,37222.5,37129.6,37211.9,347.463,12918096.2161
1699803900000,2023-11-12T15:45:00+00:00,37211.9,37231.1,37166,37168.8,327.292,12173944.1763
1699804800000,2023-11-12T16:00:00+00:00,37168.8,37200.5,37132.5,37132.6,652.694,24257459.227
1699805700000,2023-11-12T16:15:00+00:00,37132.6,37181.8,37123.5,37176.1,174.943,6500431.1569
1699806600000,2023-11-12T16:30:00+00:00,37176.1,37176.1,37137.3,37146.2,204.802,7610592.5892
1699807500000,2023-11-12T16:45:00+00:00,37146.2,37151.1,37112.9,37129.8,242.946,9021390.9641
1699808400000,2023-11-12T17:00:00+00:00,37129.8,37130.2,37096.8,37126.4,238.376,8847135.6172
1699809300000,2023-11-12T17:15:00+00:00,37126.4,37129.1,37113,37123.7,388.807,14434151.9494
1699810200000,2023-11-12T17:30:00+00:00,37123.7,37129.8,37093,37114.7,292.855,10869262.5758
1699811100000,2023-11-12T17:45:00+00:00,37114.7,37127.1,37083.2,37100.1,404.212,15000008.766
1699812000000,2023-11-12T18:00:00+00:00,37100.1,37102.1,37071.1,37082.2,346.507,12850159.0565
1699812900000,2023-11-12T18:15:00+00:00,37082.2,37152.8,37077,37152.8,399.099,14806696.2685
1699813800000,2023-11-12T18:30:00+00:00,37152.8,37226,37150.3,37183.3,550.637,20479433.4065
1699814700000,2023-11-12T18:45:00+00:00,37183.3,37232,37160.1,37170.1,423.799,15766351.1605
1699815600000,2023-11-12T19:00:00+00:00,37170.1,37178.3,37141,37155,223.768,8314219.4753
1699816500000,2023-11-12T19:15:00+00:00,37155,37186.5,37137.6,37143.3,532.819,19803753.8563
1699817400000,2023-11-12T19:30:00+00:00,37143.3,37152.7,37107.4,37109,265.208,9846426.0102
1699818300000,2023-11-12T19:45:00+00:00,37109,37136.6,37108.9,37127.5,159.023,5904111.8794
1699819200000,2023-11-12T20:00:00+00:00,37127.5,37139.3,37102.9,37128.1,196.194,7281590.2984
1699820100000,2023-11-12T20:15:00+00:00,37128.1,37132.2,37107.9,37123.8,162.249,6022848.94
1699821000000,2023-11-12T20:30:00+00:00,37123.8,37152.6,37123.4,37152.6,216.284,8032624.7342
1699821900000,2023-11-12T20:45:00+00:00,37152.6,37175.9,37140,37155.8,98.73,3668680.3539
1699822800000,2023-11-12T21:00:00+00:00,37155.8,37187.3,37155.8,37184.3,184.962,6875355.8441
1699823700000,2023-11-12T21:15:00+00:00,37184.3,37204.7,37168.8,37203.5,287.498,10690301.6032
1699824600000,2023-11-12T21:30:00+00:00,37203.5,37213.5,37167.4,37208.8,332.627,12372808.5198
1699825500000,2023-11-12T21:45:00+00:00,37208.8,37210.8,37175,37178.9,275.224,10236310.8479
1699826400000,2023-11-12T22:00:00+00:00,37178.9,37194.3,37160.4,37194.2,200.396,7450439.0482
1699827300000,2023-11-12T22:15:00+00:00,37194.2,37219,37161.9,37176,211.125,7852352.3344
1699828200000,2023-11-12T22:30:00+00:00,37176,37177.4,37158.2,37175,259.368,9640325.3624
1699829100000,2023-11-12T22:45:00+00:00,37175,37175,37163.1,37171.9,206.88,7689186.4673
1699830000000,2023-11-12T23:00:00+00:00,37171.9,37223.2,37110,37130.6,272.91,10145269.9884
1699830900000,2023-11-12T23:15:00+00:00,37130.6,37130.6,36950.2,37041,1500.666,55570268.6369
1699831800000,2023-11-12T23:30:00+00:00,37041,37047.5,36971,36993.1,1001.606,37065004.7552
1699832700000,2023-11-12T23:45:00+00:00,36993.1,37085.6,36991.4,37076.3,448.719,16628824.1224
1699833600000,2023-11-13T00:00:00+00:00,37076.3,37118,37000.8,37114,539.747,20002876.3295
1699834500000,2023-11-13T00:15:00+00:00,37114,37140,36970,37040.2,821.988,30438016.4347
1699835400000,2023-11-13T00:30:00+00:00,37040.2,37152.9,37013.8,37136,728.094,27011327.0874
1699836300000,2023-11-13T00:45:00+00:00,37136,37155,37077.1,37123.9,215.701,8006382.5064
1699837200000,2023-11-13T01:00:00+00:00,37123.9,37229.9,37112.2,37216,612.003,22762493.9048
1699838100000,2023-11-13T01:15:00+00:00,37216,37449.3,37213.3,37330.9,2612.563,97553265.124
1699839000000,2023-11-13T01:30:00+00:00,37330.9,37343,37157.5,37285.5,974.182,36274690.748
1699839900000,2023-11-13T01:45:00+00:00,37285.5,37285.5,37200,37213.5,483.731,18009843.1918
1699840800000,2023-11-13T02:00:00+00:00,37213.5,37230.8,37123.1,37165.8,491.461,18271169.1567
1699841700000,2023-11-13T02:15:00+00:00,37165.8,37265.7,37165.8,37242.2,468.542,17442518.7201
1699842600000,2023-11-13T02:30:00+00:00,37242.2,37272.7,37196.5,37196.7,437.287,16285269.0642
1699843500000,2023-11-13T02:45:00+00:00,37196.7,37259.9,37140.6,37165.1,633.674,23569265.2182
1699844400000,2023-11-13T03:00:00+00:00,37165.1,37177.4,37042.7,37053.3,876.776,32523272.5299
1699845300000,2023-11-13T03:15:00+00:00,37053.3,37090.3,37003.6,37039.5,639.832,23702245.5907
1699846200000,2023-11-13T03:30:00+00:00,37039.5,37072.9,36955,37004.5,909.998,33670502.0408
1699847100000,2023-11-13T03:45:00+00:00,37004.5,37037,36867,36933.7,1183.142,43709635.4759
1699848000000,2023-11-13T04:00:00+00:00,36933.7,36966.1,36845,36857.3,1127.093,41603882.5652
1699848900000,2023-11-13T04:15:00+00:00,36857.3,36981.1,36832.1,36966.6,971.838,35876838.1904
1699849800000,2023-11-13T04:30:00+00:00,36966.6,36969.2,36900,36961.7,601.599,22223138.2546
1699850700000,2023-11-13T04:45:00+00:00,36961.7,36961.7,36901.6,36944,451.723,16684157.4463
1699851600000,2023-11-13T05:00:00+00:00,36944,36944,36844.9,36844.9,609.435,22474965.713
1699852500000,2023-11-13T05:15:00+00:00,36844.9,36922.1,36840.6,36897.6,478.601,17652554.9312
1699853400000,2023-11-13T05:30:00+00:00,36897.6,36939.9,36886.1,36905.4,507.985,18752068.5041
1699854300000,2023-11-13T05:45:00+00:00,36905.4,36947.7,36896.7,36940,314.804,11623272.7148
1699855200000,2023-11-13T06:00:00+00:00,36940,36940,36866.4,36883.8,337.519,12451182.4493
1699856100000,2023-11-13T06:15:00+00:00,36883.8,36896.2,36830.4,36844.9,356.973,13160043.1999
1699857000000,2023-11-13T06:30:00+00:00,36844.9,36951.9,36769.5,36944,1376.677,50754803.1028
1699857900000,2023-11-13T06:45:00+00:00,36944,36984.9,36914.9,36978.2,821.403,30354044.2179
1699858800000,2023-11-13T07:00:00+00:00,36978.2,37030,36955,37026.6,440.983,16311482.5823
1699859700000,2023-11-13T07:15:00+00:00,37026.6,37057.9,37004.5,37050.6,663.29,24564870.4003
1699860600000,2023-11-13T07:30:00+00:00,37050.6,37053.3,36993.2,37012.4,327.807,12137887.5947
1699861500000,2023-11-13T07:45:00+00:00,37012.4,37030.3,36968.8,36971,497.893,18414244.0351
1699862400000,2023-11-13T08:00:00+00:00,36971,36988.8,36928.1,36932.1,505.272,18669535.6954
1699863300000,2023-11-13T08:15:00+00:00,36932.1,37004.6,36927.3,37001.6,500.831,18513791.4175
1699864200000,2023-11-13T08:30:00+00:00,37001.6,37028.8,36979,37025.6,371.686,13752663.6255
1699865100000,2023-11-13T08:45:00+00:00,37025.6,37049.4,37014.3,37038.5,412.482,15276733.3916
1699866000000,2023-11-13T09:00:00+00:00,37038.5,37043.7,36978.1,36980.6,350.088,12955758.676
1699866900000,2023-11-13T09:15:00+00:00,36980.6,37019.7,36970.7,36999.9,317.576,11750803.3578
1699867800000,2023-11-13T09:30:00+00:00,36999.9,37013.7,36980.2,37009.2,232.557,8603138.2077
1699868700000,2023-11-13T09:45:00+00:00,37009.2,37030.8,36992.1,37000.4,337.206,12480852.2794
1699869600000,2023-11-13T10:00:00+00:00,37000.4,37001.8,36950.2,36951,317.842,11752494.1995
1699870500000,2023-11-13T10:15:00+00:00,36951,36957.4,36926.8,36931.3,361.353,13349672.3951
1699871400000,2023-11-13T10:30:00+00:00,36931.3,36970,36927.7,36969.9,293.27,10835692.8409
1699872300000,2023-11-13T10:45:00+00:00,36969.9,37009.5,36969.9,36985.8,392.871,14532843.5898
1699873200000,2023-11-13T11:00:00+00:00,36985.8,36986.6,36870.9,36872.1,778.534,28752069.577
1699874100000,2023-11-13T11:15:00+00:00,36872.1,36918.5,36841.1,36877.5,649.558,23953895.1131
1699875000000,2023-11-13T11:30:00+00:00,36877.5,36877.5,36780.8,36793,745.676,27464231.4268
1699875900000,2023-11-13T11:45:00+00:00,36793,36843,36700.1,36827.2,1782.909,65571246.6271
1699876800000,2023-11-13T12:00:00+00:00,36827.2,36850.8,36740.8,36759.5,774.637,28497457.6701
1699877700000,2023-11-13T12:15:00+00:00,36759.5,36810.5,36660,36784.3,1699.456,62424729.2762
1699878600000,2023-11-13T12:30:00+00:00,36784.3,36862.3,36784.3,36858.3,830.846,30600321.5116
1699879500000,2023-11-13T12:45:00+00:00,36858.3,36960,36857.6,36939.4,1229.775,45407389.9602
1699880400000,2023-11-13T13:00:00+00:00,36939.4,36962.9,36859.1,36859.1,830.036,30645793.6896
1699881300000,2023-11-13T13:15:00+00:00,36859.1,36910.4,36786.9,36854,801.923,29554614.0167
1699882200000,2023-11-13T13:30:00+00:00,36854,36940,36833,36842.1,473.306,17454173.5674
1699883100000,2023-11-13T13:45:00+00:00,36842.1,36864.2,36824.9,36847.1,311.33,11470974.7819
1699884000000,2023-11-13T14:00:00+00:00,36847.1,36908,36846.9,36882.5,438.788,16188251.2635
1699884900000,2023-11-13T14:15:00+00:00,36882.5,36930,36851.9,36857.1,386.654,14264851.8898
1699885800000,2023-11-13T14:30:00+00:00,36857.1,36892.3,36676.1,36693.2,1143.798,42053434.9328
1699886700000,2023-11-13T14:45:00+00:00,36693.2,36833.8,36553,36801.6,3038.402,111483116.0093
1699887600000,2023-11-13T15:00:00+00:00,36801.6,36878,36670,36732.3,1377.756,50671125.3197
1699888500000,2023-11-13T15:15:00+00:00,36732.3,36792.5,36699,36779.4,711.838,26164567.8901
1699889400000,2023-11-13T15:30:00+00:00,36779.4,36817.4,36721.6,36745.2,539.552,19838928.8812
1699890300000,2023-11-13T15:45:00+00:00,36745.2,36900,36737.3,36858,1126.989,41521069.4783
1699891200000,2023-11-13T16:00:00+00:00,36858,36916.7,36841.9,36896.9,730.243,26932052.841
1699892100000,2023-11-13T16:15:00+00:00,36896.9,37049,36879.8,37027,1449.025,53574548.395
1699893000000,2023-11-13T16:30:00+00:00,37027,37027.4,36880,36917.9,921.819,34049935.5543
1699893900000,2023-11-13T16:45:00+00:00,36917.9,36957.1,36860,36879.4,398.103,14689142.911
1699894800000,2023-11-13T17:00:00+00:00,36879.4,36885.5,36745.2,36770,1231.405,45321737.5368
1699895700000,2023-11-13T17:15:00+00:00,36770,36828,36638.3,36801.2,1323.23,48621191.2596
1699896600000,2023-11-13T17:30:00+00:00,36801.2,36825.3,36704.5,36709.1,803.726,29542519.8222
1699897500000,2023-11-13T17:45:00+00:00,36709.1,36730.9,36644.1,36690.3,837.629,30726721.8716
1699898400000,2023-11-13T18:00:00+00:00,36690.3,36745.5,36617.7,36655.1,751.713,27569906.7804
1699899300000,2023-11-13T18:15:00+00:00,36655.1,36750.1,36646.1,36728,483.168,17740083.4106
1699900200000,2023-11-13T18:30:00+00:00,36728,36786.1,36726.2,36779.7,352.091,12944711.6249
1699901100000,2023-11-13T18:45:00+00:00,36779.7,36799,36709.3,36763.2,341.524,12553638.2282
1699902000000,2023-11-13T19:00:00+00:00,36763.2,36798.6,36755.1,36789.6,428.218,15751093.9657
1699902900000,2023-11-13T19:15:00+00:00,36789.6,36824.6,36769.4,36824.6,304.478,11203759.9456
1699903800000,2023-11-13T19:30:00+00:00,36824.6,36834.1,36789.8,36810.6,643.81,23700170.0642
1699904700000,2023-11-13T19:45:00+00:00,36810.6,36858.6,36810.5,36855.7,362.86,13364805.1159
1699905600000,2023-11-13T20:00:00+00:00,36855.7,36894.8,36835.4,36839.1,520.96,19202875.5159
1699906500000,2023-11-13T20:15:00+00:00,36839.1,36857.1,36820,36825.5,279.777,10304809.4725
1699907400000,2023-11-13T20:30:00+00:00,36825.5,36834.5,36768.2,36830.6,290.899,10705966.5567
1699908300000,2023-11-13T20:45:00+00:00,36830.6,36865.7,36757.1,36790,256.069,9429055.0092
1699909200000,2023-11-13T21:00:00+00:00,36790,36803,36396.8,36532.2,2146.804,78473446.3778
1699910100000,2023-11-13T21:15:00+00:00,36532.2,36683,36381,36572.1,2163.102,79042833.2302
1699911000000,2023-11-13T21:30:00+00:00,36572.1,36589.2,36340,36461.5,1890.424,68904806.6073
1699911900000,2023-11-13T21:45:00+00:00,36461.5,36550,36440.8,36494.9,642.297,23445558.2592
1699912800000,2023-11-13T22:00:00+00:00,36494.9,36570.7,36450,36503.1,745.085,27210398.1693
1699913700000,2023-11-13T22:15:00+00:00,36503.1,36571,36464.9,36558.6,529.173,19326727.9593
1699914600000,2023-11-13T22:30:00+00:00,36558.6,36614.7,36505.6,36505.7,577.572,21123279.1752
1699915500000,2023-11-13T22:45:00+00:00,36505.7,36558.5,36468,36477.1,478.472,17472538.4202
1699916400000,2023-11-13T23:00:00+00:00,36477.1,36576,36470.9,36548.2,636.118,23243985.5484
1699917300000,2023-11-13T23:15:00+00:00,36548.2,36588.4,36539.2,36583.4,578.935,21171184.753
1699918200000,2023-11-13T23:30:00+00:00,36583.4,36609.8,36503.2,36508.6,468.908,17148075.0131
1699919100000,2023-11-13T23:45:00+00:00,36508.6,36587.1,36469.2,36475,499.934,18265147.3573
1699920000000,2023-11-14T00:00:00+00:00,36475,36476,36364.1,36385.2,1026.917,37405033.5187
1699920900000,2023-11-14T00:15:00+00:00,36385.2,36432.7,36214.5,36365.9,2459.875,89307033.8208
1699921800000,2023-11-14T00:30:00+00:00,36365.9,36445.7,36319,36365.9,715.771,26043423.8711
1699922700000,2023-11-14T00:45:00+00:00,36365.9,36379.2,36209.3,36257.8,879.042,31894198.1449
1699923600000,2023-11-14T01:00:00+00:00,36257.8,36402.4,36231.7,36387.8,747.255,27148298.4444
1699924500000,2023-11-14T01:15:00+00:00,36387.8,36435.5,36356.4,36418.2,627.213,22829764.0032
1699925400000,2023-11-14T01:30:00+00:00,36418.2,36447.2,36385.3,36419,493.844,17985192.3874
1699926300000,2023-11-14T01:45:00+00:00,36419,36420,36344.6,36347.2,388.34,14126858.194
1699927200000,2023-11-14T02:00:00+00:00,36347.2,36460,36345.1,36421.3,838.063,30525712.2051
1699928100000,2023-11-14T02:15:00+00:00,36421.3,36437.3,36374.7,36412.8,569.262,20726947.7613
1699929000000,2023-11-14T02:30:00+00:00,36412.8,36458,36401.3,36445.4,566.823,20655226.7811
1699929900000,2023-11-14T02:45:00+00:00,36445.4,36480.6,36422.1,36447.3,688.467,25098025.9783
1699930800000,2023-11-14T03:00:00+00:00,36447.3,36489.1,36447.3,36484.3,467.34,17046256.9827
1699931700000,2023-11-14T03:15:00+00:00,36484.3,36503.2,36458,36460.4,568.543,20746631.9848
1699932600000,2023-11-14T03:30:00+00:00,36460.4,36500.6,36449.5,36499,327.8,11955299.8196
1699933500000,2023-11-14T03:45:00+00:00,36499,36500,36460.7,36461.9,520.878,18998879.1848
1699934400000,2023-11-14T04:00:00+00:00,36461.9,36489,36429.9,36430.2,438.36,15981376.6856
1699935300000,2023-11-14T04:15:00+00:00,36430.2,36434.1,36408.2,36408.2,463.686,16889527.0117
1699936200000,2023-11-14T04:30:00+00:00,36408.2,36517.5,36394,36511,865.044,31556515.8899
1699937100000,2023-11-14T04:45:00+00:00,36511,36544.7,36484.9,36518.7,655.583,23936076.1949
1699938000000,2023-11-14T05:00:00+00:00,36518.7,36554.1,36518.7,36543.9,427.372,15614877.9586
1699938900000,2023-11-14T05:15:00+00:00,36543.9,36593.8,36543.9,36573.2,784.217,28682411.9791
1699939800000,2023-11-14T05:30:00+00:00,36573.2,36637.1,36566.1,36634,601.134,22006882.6392
1699940700000,2023-11-14T05:45:00+00:00,36634,36643.2,36602.1,36638.1,805.231,29485783.3122
1699941600000,2023-11-14T06:00:00+00:00,36638.1,36679.1,36598.2,36660.9,922.007,33785074.5242
1699942500000,2023-11-14T06:15:00+00:00,36660.9,36714,36648.7,36659.1,901.552,33071187.5854
1699943400000,2023-11-14T06:30:00+00:00,36659.1,36695,36614.2,36639.9,1096.781,40181856.2574
1699944300000,2023-11-14T06:45:00+00:00,36639.9,36671.8,36639.9,36666.5,204.385,7492940.6979
1699945200000,2023-11-14T07:00:00+00:00,36666.5,36711,36643.4,36650,602.453,22098462.5777
1699946100000,2023-11-14T07:15:00+00:00,36650,36695.6,36645.5,36683.8,516.067,18928159.2208
1699947000000,2023-11-14T07:30:00+00:00,36683.8,36725.3,36673,36700.7,534.963,19634408.3699
1699947900000,2023-11-14T07:45:00+00:00,36700.7,36714.6,36666.3,36694.2,1013.123,37167819.4772
1699948800000,2023-11-14T08:00:00+00:00,36694.2,36744.7,36660.3,36727.5,797.765,29277532.2331
1699949700000,2023-11-14T08:15:00+00:00,36727.5,36755.8,36679.8,36733,857.173,31488508.9669
1699950600000,2023-11-14T08:30:00+00:00,36733,36733.4,36682.9,36702,369.282,13556272.2018
1699951500000,2023-11-14T08:45:00+00:00,36702,36762.4,36675.1,36742,556.732,20445303.6041
1699952400000,2023-11-14T09:00:00+00:00,36742,36752.2,36649.9,36674.9,521.217,19129435.9692
1699953300000,2023-11-14T09:15:00+00:00,36674.9,36681.9,36601.9,36616.6,834.352,30574022.5143
1699954200000,2023-11-14T09:30:00+00:00,36616.6,36650,36552,36608.9,1153.544,42216845.7734
1699955100000,2023-11-14T09:45:00+00:00,36608.9,36611.5,36489.1,36497,895.4,32710210.2678
1699956000000,2023-11-14T10:00:00+00:00,36497,36518.3,36409.7,36490.3,1246.566,45456697.2235
1699956900000,2023-11-14T10:15:00+00:00,36490.3,36551.5,36479.8,36510.3,538.033,19649138.8294
1699957800000,2023-11-14T10:30:00+00:00,36510.3,36542.1,36412.1,36447.1,624.837,22787845.3864
1699958700000,2023-11-14T10:45:00+00:00,36447.1,36517.5,36425.8,36512.1,710.683,25924983.0855
1699959600000,2023-11-14T11:00:00+00:00,36512.1,36520,36346.1,36393.8,1180.594,42967416.7773
1699960500000,2023-11-14T11:15:00+00:00,36393.8,36415.9,36251.1,36311.8,1377.402,50051896.7632
1699961400000,2023-11-14T11:30:00+00:00,36311.8,36365.9,36252.8,36290.8,968.112,35160273.9375
1699962300000,2023-11-14T11:45:00+00:00,36290.8,36349.9,36252,36277.4,889.224,32277900.2004
1699963200000,2023-11-14T12:00:00+00:00,36277.4,36335.2,36241.1,36311.9,953.68,34601932.4621
1699964100000,2023-11-14T12:15:00+00:00,36311.9,36375.6,36265.3,36326.3,930.275,33792710.7848
1699965000000,2023-11-14T12:30:00+00:00,36326.3,36350,36220,36349.9,805.158,29215762.513
1699965900000,2023-11-14T12:45:00+00:00,36349.9,36418.3,36304,36366.2,1408.453,51216291.6388
1699966800000,2023-11-14T13:00:00+00:00,36366.2,36484.9,36362.1,36476.3,1074.101,39134792.4185
1699967700000,2023-11-14T13:15:00+00:00,36476.3,36481.1,36399.9,36423.6,985.514,35903938.3639
1699968600000,2023-11-14T13:30:00+00:00,36423.6,36680.5,36412.2,36517.2,3759.503,137518575.1467
1699969500000,2023-11-14T13:45:00+00:00,36517.2,36612,36489.5,36509.7,1135.384,41505030.2714
1699970400000,2023-11-14T14:00:00+00:00,36509.7,36588.3,36459.8,36577,1028.448,37567390.318
1699971300000,2023-11-14T14:15:00+00:00,36577,36650,36541,36578.1,966.348,35370995.0753
1699972200000,2023-11-14T14:30:00+00:00,36578.1,36634.5,36527.6,36621,903.577,33064020.1802
1699973100000,2023-11-14T14:45:00+00:00,36621,36698.4,36581,36602.3,1105.302,40485484.7114
1699974000000,2023-11-14T15:00:00+00:00,36602.3,36628.5,36477.7,36511.6,892.905,32634576.8618
1699974900000,2023-11-14T15:15:00+00:00,36511.6,36518.9,36227,36258,2490.177,90511055.3002
1699975800000,2023-11-14T15:30:00+00:00,36258,36337.4,35740.3,36198.9,6003.358,216422965.0177
1699976700000,2023-11-14T15:45:00+00:00,36198.9,36270.8,36117.6,36149.4,1443.888,52257808.5355
1699977600000,2023-11-14T16:00:00+00:00,36149.4,36311,36120.8,36292.8,1371.586,49677800.8295
1699978500000,2023-11-14T16:15:00+00:00,36292.8,36340,36240.5,36297.1,940.786,34142283.4925
1699979400000,2023-11-14T16:30:00+00:00,36297.1,36433.5,36265.5,36378.2,1079.547,39260559.3755
1699980300000,2023-11-14T16:45:00+00:00,36378.2,36400,36271.4,36275.5,599.625,21781860.9388
1699981200000,2023-11-14T17:00:00+00:00,36275.5,36311.2,36145.7,36196.1,870.621,31544944.8737
1699982100000,2023-11-14T17:15:00+00:00,36196.1,36329.6,36139.2,36277,814.327,29503045.8986
1699983000000,2023-11-14T17:30:00+00:00,36277,36306.9,36209.8,36226.1,647.789,23483867.3796
1699983900000,2023-11-14T17:45:00+00:00,36226.1,36238.6,36084.2,36108.8,1069.539,38663545.7706
1699984800000,2023-11-14T18:00:00+00:00,36108.8,36139.3,35836.7,35875.8,2656.359,95588934.9329
1699985700000,2023-11-14T18:15:00+00:00,35875.8,36031.3,35824.5,35952,1307.942,47002940.1872
1699986600000,2023-11-14T18:30:00+00:00,35952,36004.4,35575,35654.7,3191.81,114049366.491
1699987500000,2023-11-14T18:45:00+00:00,35654.7,35779.8,34572,35236.3,9386.387,330524812.0799
1699988400000,2023-11-14T19:00:00+00:00,35236.3,35443.1,35077.7,35369.5,2987.293,105435022.5757
1699989300000,2023-11-14T19:15:00+00:00,35369.5,35458.8,35269,35365.6,1088.7,38518687.545
1699990200000,2023-11-14T19:30:00+00:00,35365.6,35486.4,35343,35434.3,521.878,18484235.1022
1699991100000,2023-11-14T19:45:00+00:00,35434.3,35436.6,35251.9,35296.3,818.014,28882224.032
1699992000000,2023-11-14T20:00:00+00:00,35296.3,35444.2,35219.9,35404.4,976.667,34528787.0819
1699992900000,2023-11-14T20:15:00+00:00,35404.4,35474.7,35359.8,35372.2,464.075,16431319.5121
1699993800000,2023-11-14T20:30:00+00:00,35372.2,35414.1,35302.4,35320.4,562.47,19890803.8196
1699994700000,2023-11-14T20:45:00+00:00,35320.4,35347.2,35240.5,35290.9,740.162,26113171.6609
1699995600000,2023-11-14T21:00:00+00:00,35290.9,35340.7,35241.7,35246,529.154,18663637.1151
1699996500000,2023-11-14T21:15:00+00:00,35246,35312,35225.7,35300.1,625.245,22053437.312
1699997400000,2023-11-14T21:30:00+00:00,35300.1,35500,35293.1,35450,905.826,32084525.907
1699998300000,2023-11-14T21:45:00+00:00,35450,35626.5,35437.8,35583.3,1267.282,45052600.3045
1699999200000,2023-11-14T22:00:00+00:00,35583.3,35630,35551.8,35570.1,636.063,22643507.774
1700000100000,2023-11-14T22:15:00+00:00,35570.1,35598,35446.7,35539.5,772.031,27419482.7832
1700001000000,2023-11-14T22:30:00+00:00,35539.5,35562,35519.8,35562,378.859,13467410.6553
1700001900000,2023-11-14T22:45:00+00:00,35562,35612.2,35540.8,35607.5,420.978,14981066.4035
1700002800000,2023-11-14T23:00:00+00:00,35607.5,35670,35591.5,35654.7,706.117,25163925.7663
1700003700000,2023-11-14T23:15:00+00:00,35654.7,35669.2,35615,35664.3,572.696,20413513.6842
1700004600000,2023-11-14T23:30:00+00:00,35664.3,35664.3,35570,35570,429.799,15302677.2191
1700005500000,2023-11-14T23:45:00+00:00,35570,35572,35520.1,35548.8,579.075,20583005.9406
1700006400000,2023-11-15T00:00:00+00:00,35548.8,35583.4,35530.3,35562.9,290.684,10335576.8684
1700007300000,2023-11-15T00:15:00+00:00,35562.9,35628.2,35551,35559.4,677.127,24100775.8797
1700008200000,2023-11-15T00:30:00+00:00,35559.4,35567,35495.3,35510.3,533.049,18935740.7083
1700009100000,2023-11-15T00:45:00+00:00,35510.3,35555.7,35501.2,35501.2,407.309,14470973.4645
1700010000000,2023-11-15T01:00:00+00:00,35501.2,35617,35499.4,35610,581.955,20694598.475
1700010900000,2023-11-15T01:15:00+00:00,35610,35668.4,35561.5,35570.1,766.244,27283685.3638
1700011800000,2023-11-15T01:30:00+00:00,35570.1,35581.4,35455.9,35466.6,1058.04,37567886.2151
1700012700000,2023-11-15T01:45:00+00:00,35466.6,35501.1,35415.3,35438,1073.94,38085736.3277
1700013600000,2023-11-15T02:00:00+00:00,35438,35503.5,35410,35423.9,928.142,32897281.7512
1700014500000,2023-11-15T02:15:00+00:00,35423.9,35469.6,35375.9,35440.2,751.098,26611413.8162
1700015400000,2023-11-15T02:30:00+00:00,35440.2,35495.4,35403.9,35418.6,516.937,18332982.9803
1700016300000,2023-11-15T02:45:00+00:00,35418.6,35529.9,35414.4,35491,808.204,28677647.4277
1700017200000,2023-11-15T03:00:00+00:00,35491,35520,35454.2,35486.1,576.657,20467575.1276
1700018100000,2023-11-15T03:15:00+00:00,35486.1,35493.5,35458.7,35470,401.419,14242164.75
1700019000000,2023-11-15T03:30:00+00:00,35470,35476.4,35393.4,35429.1,981.669,34781969.2863
1700019900000,2023-11-15T03:45:00+00:00,35429.1,35456.6,35395,35395.8,1185.639,41996184.1537
1700020800000,2023-11-15T04:00:00+00:00,35395.8,35449.2,35387.6,35432.7,895.663,31728666.0317
1700021700000,2023-11-15T04:15:00+00:00,35432.7,35500,35432.6,35499.9,1137.559,40350987.1779
1700022600000,2023-11-15T04:30:00+00:00,35499.9,35507.6,35484.9,35488.6,828.878,29421696.9817
1700023500000,2023-11-15T04:45:00+00:00,35488.6,35585,35462.1,35585,1197.284,42543221.1416
1700024400000,2023-11-15T05:00:00+00:00,35585,35592.1,35560.1,35560.2,989.579,35203591.2771
1700025300000,2023-11-15T05:15:00+00:00,35560.2,35593.6,35542.6,35586,833.328,29644086.8146
1700026200000,2023-11-15T05:30:00+00:00,35586,35591.6,35556.3,35590.7,870.243,30958140.2358
1700027100000,2023-11-15T05:45:00+00:00,35590.7,35618.6,35590,35604.7,995.922,35458427.5828
1700028000000,2023-11-15T06:00:00+00:00,35604.7,35614,35530.6,35537.6,946.823,33679165.1557
1700028900000,2023-11-15T06:15:00+00:00,35537.6,35584.9,35536.1,35557.4,782.553,27829784.2644
1700029800000,2023-11-15T06:30:00+00:00,35557.4,35602.6,35551.5,35582.1,992.033,35295699.0006
1700030700000,2023-11-15T06:45:00+00:00,35582.1,35619.5,35582.1,35582.7,966.83,34422089.5294
1700031600000,2023-11-15T07:00:00+00:00,35582.7,35627.4,35582.3,35621.6,1171.224,41705541.9424
1700032500000,2023-11-15T07:15:00+00:00,35621.6,35631.2,35582.8,35629.5,1237.379,44068503.8518
1700033400000,2023-11-15T07:30:00+00:00,35629.5,35662.1,35605.4,35632,1142.018,40706305.2078
1700034300000,2023-11-15T07:45:00+00:00,35632,35656,35559,35585.2,1253.04,44614435.9644
1700035200000,2023-11-15T08:00:00+00:00,35585.2,35722,35584.5,35685.9,1552.046,55357138.6919
1700036100000,2023-11-15T08:15:00+00:00,35685.9,35777.9,35683.6,35776.3,1267.465,45303400.7206
1700037000000,2023-11-15T08:30:00+00:00,35776.3,35806.9,35735.5,35802.9,1043.345,37318132.3564
1700037900000,2023-11-15T08:45:00+00:00,35802.9,35836.4,35772.8,35794.3,1262.213,45199585.802
1700038800000,2023-11-15T09:00:00+00:00,35794.3,35827.6,35756.8,35823.9,881.219,31538052.0409
1700039700000,2023-11-15T09:15:00+00:00,35823.9,35946,35820.6,35930.8,1695.434,60852857.8003
1700040600000,2023-11-15T09:30:00+00:00,35930.8,35954.8,35823.4,35823.4,1450.093,52039684.8686
1700041500000,2023-11-15T09:45:00+00:00,35823.4,35852,35766.7,35789.3,1305.822,46756924.6945
1700042400000,2023-11-15T10:00:00+00:00,35789.3,35830.8,35771.4,35776,982.565,35182596.1684
1700043300000,2023-11-15T10:15:00+00:00,35776,35818,35753,35793.3,1108.157,39652750.0161
1700044200000,2023-11-15T10:30:00+00:00,35793.3,35838.4,35778.7,35831.8,1057.324,37867650.3523
1700045100000,2023-11-15T10:45:00+00:00,35831.8,35885,35802.9,35872.7,983.37,35256898.5941
1700046000000,2023-11-15T11:00:00+00:00,35872.7,35969.7,35872.7,35950.9,1266.656,45503897.5232
1700046900000,2023-11-15T11:15:00+00:00,35950.9,36184.8,35929.8,36178.6,2994.893,108015743.8684
1700047800000,2023-11-15T11:30:00+00:00,36178.6,36275,36112.1,36210.2,3141.8,113740077.4602
1700048700000,2023-11-15T11:45:00+00:00,36210.2,36279.8,36153.8,36235.9,1784.158,64620552.9108
1700049600000,2023-11-15T12:00:00+00:00,36235.9,36253.8,36141.5,36145.8,1180.204,42702664.0659
1700050500000,2023-11-15T12:15:00+00:00,36145.8,36373.2,36145.2,36325.2,2212.39,80259531.3495
1700051400000,2023-11-15T12:30:00+00:00,36325.2,36399.3,36224.3,36286.1,1907.553,69232239.0009
1700052300000,2023-11-15T12:45:00+00:00,36286.1,36308.8,36189,36191.1,1122.28,40687266.9885
1700053200000,2023-11-15T13:00:00+00:00,36191.1,36226.1,36075.4,36106.8,2182.637,78917379.7675
1700054100000,2023-11-15T13:15:00+00:00,36106.8,36149.9,36048,36070.7,2111.847,76225730.0949
1700055000000,2023-11-15T13:30:00+00:00,36070.7,36128.3,36013.9,36038.7,1844.754,66529458.5103
1700055900000,2023-11-15T13:45:00+00:00,36038.7,36156.2,36038.7,36107.4,1301.032,46976827.9748
1700056800000,2023-11-15T14:00:00+00:00,36107.4,36182.3,36098.1,36117.9,1643.465,59388794.4402
1700057700000,2023-11-15T14:15:00+00:00,36117.9,36207.4,36108.5,36136.5,1116.61,40380199.136
1700058600000,2023-11-15T14:30:00+00:00,36136.5,36169.3,36015.2,36043,1654.612,59679197.992
1700059500000,2023-11-15T14:45:00+00:00,36043,36150.4,36012.7,36114.3,1326.539,47890377.2001
1700060400000,2023-11-15T15:00:00+00:00,36114.3,36269.1,36108.3,36158.4,1483.712,53708952.7603
1700061300000,2023-11-15T15:15:00+00:00,36158.4,36249.2,36152.2,36210.3,1092.702,39574172.7005
1700062200000,2023-11-15T15:30:00+00:00,36210.3,36297.9,36187.5,36257.2,1383.756,50160863.2284
1700063100000,2023-11-15T15:45:00+00:00,36257.2,36420.9,36255.9,36405.5,1694.027,61559774.6503
1700064000000,2023-11-15T16:00:00+00:00,36405.5,36566.1,36327,36327,3400.974,123909793.7539
1700064900000,2023-11-15T16:15:00+00:00,36327,36376.6,36274.1,36350.2,1022.836,37167050.2004
1700065800000,2023-11-15T16:30:00+00:00,36350.2,36385.7,36281.8,36367.6,836.057,30388812.9343
1700066700000,2023-11-15T16:45:00+00:00,36367.6,36422.9,36313.2,36368.1,884.092,32153439.3735
1700067600000,2023-11-15T17:00:00+00:00,36368.1,36370,36250,36364.7,962.363,34949897.4234
1700068500000,2023-11-15T17:15:00+00:00,36364.7,36407.2,36305.1,36399,896.197,32595581.0683
1700069400000,2023-11-15T17:30:00+00:00,36399,36477.2,36351,36379,1431.878,52144754.5954
1700070300000,2023-11-15T17:45:00+00:00,36379,36500,36371.6,36493.2,1195.117,43553271.9199
1700071200000,2023-11-15T18:00:00+00:00,36493.2,37266,36447.5,37077.2,5299.406,195551902.1464
1700072100000,2023-11-15T18:15:00+00:00,37077.2,37432.6,36740,37155.3,6791.238,251969836.331
1700073000000,2023-11-15T18:30:00+00:00,37155.3,37230.7,36878.4,37219.8,2756.825,102165055.2599
1700073900000,2023-11-15T18:45:00+00:00,37219.8,37535.2,37200.9,37399.8,3379.263,126361032.1402
1700074800000,2023-11-15T19:00:00+00:00,37399.8,37810.7,37303.8,37435.1,4708.013,177004319.3855
1700075700000,2023-11-15T19:15:00+00:00,37435.1,37473.8,37193.5,37440,2791.73,104241745.2043
1700076600000,2023-11-15T19:30:00+00:00,37440,37572.2,37340.1,37340.4,1754.854,65700744.221
1700077500000,2023-11-15T19:45:00+00:00,37340.4,37511,37273,37509.9,1592.765,59552370.4277
1700078400000,2023-11-15T20:00:00+00:00,37509.9,37864.4,37449.5,37625.1,2668.94,100554747.2179
1700079300000,2023-11-15T20:15:00+00:00,37625.1,37725.7,37582.9,37598.8,1640.401,61784690.7871
1700080200000,2023-11-15T20:30:00+00:00,37598.8,37626.6,37320,37424.6,2881.056,107937289.9076
1700081100000,2023-11-15T20:45:00+00:00,37424.6,37551.2,37399.5,37536.3,1255.664,47077723.9116
1700082000000,2023-11-15T21:00:00+00:00,37536.3,37660,37411.8,37594.9,1602.03,60134961.1073
1700082900000,2023-11-15T21:15:00+00:00,37594.9,37659.7,37480.9,37620.5,1134.136,42618082.3911
1700083800000,2023-11-15T21:30:00+00:00,37620.5,37709.8,37551,37682.1,1588.335,59791489.6179
1700084700000,2023-11-15T21:45:00+00:00,37682.1,37734.4,37610,37632.4,999.406,37641513.2511
1700085600000,2023-11-15T22:00:00+00:00,37632.4,37680,37504,37649.2,1585.905,59585461.2995
1700086500000,2023-11-15T22:15:00+00:00,37649.2,37684.9,37503.1,37664.8,1580.317,59397419.7549
1700087400000,2023-11-15T22:30:00+00:00,37664.8,37917.9,37652.7,37777.2,1954.502,73822656.8368
1700088300000,2023-11-15T22:45:00+00:00,37777.2,37888,37701.3,37727.9,1819.992,68730141.7999
1700089200000,2023-11-15T23:00:00+00:00,37727.9,37876.6,37727.9,37736.2,1339.981,50639640.3476
1700090100000,2023-11-15T23:15:00+00:00,37736.2,37794.9,37619.1,37766.6,1095.356,41294969.933
1700091000000,2023-11-15T23:30:00+00:00,37766.6,37878,37764.4,37848.1,966.732,36562485.4821
1700091900000,2023-11-15T23:45:00+00:00,37848.1,37980,37793.3,37874,1872.328,70953391.0117
1700092800000,2023-11-16T00:00:00+00:00,37874,37945.3,37764.9,37839.1,1727.051,65354337.6122
1700093700000,2023-11-16T00:15:00+00:00,37839.1,37914.7,37753.7,37785,1148.273,43432969.2611
1700094600000,2023-11-16T00:30:00+00:00,37785,37827.8,37692.2,37726.6,1132.262,42735122.2546
1700095500000,2023-11-16T00:45:00+00:00,37726.6,37902.3,37720.3,37784.9,1463.034,55330631.3904
1700096400000,2023-11-16T01:00:00+00:00,37784.9,37786.1,37701.2,37701.3,1098.132,41456518.8824
1700097300000,2023-11-16T01:15:00+00:00,37701.3,37770.8,37605,37632.7,2636.401,99337909.013
1700098200000,2023-11-16T01:30:00+00:00,37632.7,37668.7,37569.8,37609.9,1318.541,49604377.1943
1700099100000,2023-11-16T01:45:00+00:00,37609.9,37610,37404.9,37449,2280.512,85521031.3324
1700100000000,2023-11-16T02:00:00+00:00,37449,37516.3,37351.7,37500.6,1822.198,68192451.9296
1700100900000,2023-11-16T02:15:00+00:00,37500.6,37531,37436.1,37448.1,755.12,28309680.2499
1700101800000,2023-11-16T02:30:00+00:00,37448.1,37529,37444.6,37483.6,703.3,26365814.8875
1700102700000,2023-11-16T02:45:00+00:00,37483.6,37535,37472.8,37521.9,652.526,24474612.1283
1700103600000,2023-11-16T03:00:00+00:00,37521.9,37545.3,37488.6,37540,598.039,22436362.2225
1700104500000,2023-11-16T03:15:00+00:00,37540,37540,37410,37421,834.378,31247850.4531
1700105400000,2023-11-16T03:30:00+00:00,37421,37485.8,37409,37456.8,697.223,26117193.1241
1700106300000,2023-11-16T03:45:00+00:00,37456.8,37469.7,37396.5,37466.5,647.146,24230720.4267
1700107200000,2023-11-16T04:00:00+00:00,37466.5,37466.5,37370,37383.2,1009.103,37757439.9571
1700108100000,2023-11-16T04:15:00+00:00,37383.2,37440,37336.5,37440,1025.227,38325202.0041
1700109000000,2023-11-16T04:30:00+00:00,37440,37521.2,37430.8,37489.2,1088.215,40793928.2944
1700109900000,2023-11-16T04:45:00+00:00,37489.2,37492.8,37440.7,37445.3,943.41,35345552.3127
1700110800000,2023-11-16T05:00:00+00:00,37445.3,37445.5,37361.4,37385,924.237,34569031.308
1700111700000,2023-11-16T05:15:00+00:00,37385,37398.8,37343.8,37392,797.978,29820120.6475
1700112600000,2023-11-16T05:30:00+00:00,37392,37449.6,37379.9,37439.3,772.564,28907845.4352
1700113500000,2023-11-16T05:45:00+00:00,37439.3,37476.9,37409.4,37464.9,694.457,25999129.6693
1700114400000,2023-11-16T06:00:00+00:00,37464.9,37507.5,37438.8,37505.2,823.275,30850025.085
1700115300000,2023-11-16T06:15:00+00:00,37505.2,37513.2,37425.5,37456.3,594.472,22269859.43
1700116200000,2023-11-16T06:30:00+00:00,37456.3,37496.7,37425.2,37475,566.471,21219432.929
1700117100000,2023-11-16T06:45:00+00:00,37475,37581.3,37451.8,37573.8,805.889,30237083.2375
1700118000000,2023-11-16T07:00:00+00:00,37573.8,37632.2,37550.9,37551.6,1117.148,41985495.7781
1700118900000,2023-11-16T07:15:00+00:00,37551.6,37552.7,37480,37543.2,826.94,31023954.1529
1700119800000,2023-11-16T07:30:00+00:00,37543.2,37546.3,37490.7,37509.6,748.3,28077022.2592
1700120700000,2023-11-16T07:45:00+00:00,37509.6,37532.5,37442.9,37450.9,764.259,28642542.6077
1700121600000,2023-11-16T08:00:00+00:00,37450.9,37496.8,37426,37426.1,956.559,35832115.188
1700122500000,2023-11-16T08:15:00+00:00,37426.1,37426.1,37213.7,37304.7,2335.773,87175892.5947
1700123400000,2023-11-16T08:30:00+00:00,37304.7,37377.8,37243.6,37369,1428.335,53323143.513
1700124300000,2023-11-16T08:45:00+00:00,37369,37410,37310.8,37311.4,1069.601,39969176.3375
1700125200000,2023-11-16T09:00:00+00:00,37311.4,37369.9,37198.1,37369.9,1564.384,58332071.9115
1700126100000,2023-11-16T09:15:00+00:00,37369.9,37453.6,37367.6,37443.7,1586.729,59355486.6782
1700127000000,2023-11-16T09:30:00+00:00,37443.7,37463.8,37295.3,37301,1299.489,48551097.355
1700127900000,2023-11-16T09:45:00+00:00,37301,37388.3,37263.9,37369.3,1371.018,51186713.5083
1700128800000,2023-11-16T10:00:00+00:00,37369.3,37386.5,37351.7,37379,795.792,29739544.7251
1700129700000,2023-11-16T10:15:00+00:00,37379,37395.9,37354.3,37394,695.282,25991013.5859
1700130600000,2023-11-16T10:30:00+00:00,37394,37397.6,37312,37319.4,852.593,31838419.2683
1700131500000,2023-11-16T10:45:00+00:00,37319.4,37357,37303,37303.9,857.196,31995512.113
1700132400000,2023-11-16T11:00:00+00:00,37303.9,37461.8,37286.3,37454.5,1318.983,49305581.5717
1700133300000,2023-11-16T11:15:00+00:00,37454.5,37555,37438.4,37533.2,1961.232,73551814.3779
1700134200000,2023-11-16T11:30:00+00:00,37533.2,37543,37358,37358.4,1619.182,60657615.4234
1700135100000,2023-11-16T11:45:00+00:00,37358.4,37388,37139.9,37262.1,2869.466,106918810.6183
1700136000000,2023-11-16T12:00:00+00:00,37262.1,37337,37177.1,37266.5,1570.677,58525773.2093
1700136900000,2023-11-16T12:15:00+00:00,37266.5,37274,37077,37084.2,1988.073,73881029.5227
1700137800000,2023-11-16T12:30:00+00:00,37084.2,37267,37062,37225,1260.364,46877645.6036
1700138700000,2023-11-16T12:45:00+00:00,37225,37238.9,37116.4,37143.2,698.818,25988126.8199
1700139600000,2023-11-16T13:00:00+00:00,37143.2,37177.3,37019.5,37024.1,1483.654,55034022.5364
1700140500000,2023-11-16T13:15:00+00:00,37024.1,37029.1,36849.5,36918.7,3295.625,121724122.6464
1700141400000,2023-11-16T13:30:00+00:00,36918.7,36960.8,36769.7,36790.3,2240.115,82575612.6393
1700142300000,2023-11-16T13:45:00+00:00,36790.3,36928,36693.5,36788.9,2253.692,82982414.3394
1700143200000,2023-11-16T14:00:00+00:00,36788.9,36873.1,36600.7,36703.8,2460.549,90368813.0224
1700144100000,2023-11-16T14:15:00+00:00,36703.8,36704.1,36500,36551.9,2950.712,107944932.0221
1700145000000,2023-11-16T14:30:00+00:00,36551.9,36728.9,36440.7,36728.9,2777.448,101735895.3383
1700145900000,2023-11-16T14:45:00+00:00,36728.9,36821.7,36679.1,36711.9,1758.016,64620137.9923
1700146800000,2023-11-16T15:00:00+00:00,36711.9,36847.1,36678.2,36799.2,1418.58,52181791.5026
1700147700000,2023-11-16T15:15:00+00:00,36799.2,36910.9,36768.3,36870,1132.996,41770638.7853
1700148600000,2023-11-16T15:30:00+00:00,36870,36919.3,36357.1,36567.2,3037.379,111172785.0256
1700149500000,2023-11-16T15:45:00+00:00,36567.2,36590,36250,36409.7,3495.127,127177658.0666
1700150400000,2023-11-16T16:00:00+00:00,36409.7,36539.1,36378.3,36503.3,1263.843,46113144.9687
1700151300000,2023-11-16T16:15:00+00:00,36503.3,36645,36492.5,36567.9,1135.191,41531453.7239
1700152200000,2023-11-16T16:30:00+00:00,36567.9,36645.1,36522.3,36557.3,969.839,35490955.7205
1700153100000,2023-11-16T16:45:00+00:00,36557.3,36597.1,36489.6,36568.4,774.137,28292298.1636
1700154000000,2023-11-16T17:00:00+00:00,36568.4,36632.9,36459.1,36504.6,914.138,33380717.0857
1700154900000,2023-11-16T17:15:00+00:00,36504.6,36594.4,36490.2,36566.9,1021.059,37315904.9192
1700155800000,2023-11-16T17:30:00+00:00,36566.9,36601.7,36520.1,36529.7,1001.307,36606425.3722
1700156700000,2023-11-16T17:45:00+00:00,36529.7,36563.7,36312.6,36320.8,1560.874,56857644.3826
1700157600000,2023-11-16T18:00:00+00:00,36320.8,36408.3,36167,36358.2,2156.809,78298862.0186
1700158500000,2023-11-16T18:15:00+00:00,36358.2,36383.4,36085,36279.6,2305.804,83446909.8141
1700159400000,2023-11-16T18:30:00+00:00,36279.6,36314.3,36205,36212.1,833.507,30233133.2085
1700160300000,2023-11-16T18:45:00+00:00,36212.1,36277,36111.9,36248.2,894.788,32390337.4547
1700161200000,2023-11-16T19:00:00+00:00,36248.2,36281.1,35889.2,36036.8,2319.177,83666916.2313
1700162100000,2023-11-16T19:15:00+00:00,36036.8,36157.7,35680,35768.9,3747.727,134521039.5354
1700163000000,2023-11-16T19:30:00+00:00,35768.9,35833.2,35488.2,35812.2,4141.21,147653147.2756
1700163900000,2023-11-16T19:45:00+00:00,35812.2,35938.4,35778.2,35928.8,1680.828,60301485.3849
1700164800000,2023-11-16T20:00:00+00:00,35928.8,36060,35767.1,35796.8,2160.252,77663101.1163
1700165700000,2023-11-16T20:15:00+00:00,35796.8,35906.7,35662.1,35889.5,1379.843,49377315.0936
1700166600000,2023-11-16T20:30:00+00:00,35889.5,36083.3,35854.6,36006.3,985.347,35457324.4678
1700167500000,2023-11-16T20:45:00+00:00,36006.3,36070,35909,35950,707.252,25474473.956
1700168400000,2023-11-16T21:00:00+00:00,35950,35996.9,35828.4,35963.9,1059.108,38041058.8679
1700169300000,2023-11-16T21:15:00+00:00,35963.9,36029,35872.6,35877.5,1209.772,43499040.0207
1700170200000,2023-11-16T21:30:00+00:00,35877.5,35989.1,35877.4,35933.7,1263.183,45394661.0385
1700171100000,2023-11-16T21:45:00+00:00,35933.7,36053.9,35915,35962.6,1457.879,52495545.9583
1700172000000,2023-11-16T22:00:00+00:00,35962.6,36108.7,35942.2,36093.9,1128.074,40668560.1643
1700172900000,2023-11-16T22:15:00+00:00,36093.9,36262.2,36091.9,36178.8,1619.16,58609917.0046
1700173800000,2023-11-16T22:30:00+00:00,36178.8,36234.8,36117.4,36215.7,973.577,35212708.6789
1700174700000,2023-11-16T22:45:00+00:00,36215.7,36275,36173.8,36220,1035.498,37522815.4548
1700175600000,2023-11-16T23:00:00+00:00,36220,36229.6,36019.5,36086.8,1397.614,50454773.0796
1700176500000,2023-11-16T23:15:00+00:00,36086.8,36187.3,36007.5,36153.6,769.574,27789785.8885
1700177400000,2023-11-16T23:30:00+00:00,36153.6,36205.2,36082.1,36197.7,897.571,32447595.7316
1700178300000,2023-11-16T23:45:00+00:00,36197.7,36238,36132.4,36167.3,625.004,22625633.0641
1700179200000,2023-11-17T00:00:00+00:00,36167.3,36184.1,36108.7,36112.6,623.296,22524855.8871
1700180100000,2023-11-17T00:15:00+00:00,36112.6,36223.8,36101.2,36196,724.073,26191859.4568
1700181000000,2023-11-17T00:30:00+00:00,36196,36371,36179,36343,1056.59,38337026.1306
1700181900000,2023-11-17T00:45:00+00:00,36343,36376.5,36312.1,36372.7,911.324,33131266.5768
1700182800000,2023-11-17T01:00:00+00:00,36372.7,36406,36312.4,36341.6,1078.797,39212039.0618
1700183700000,2023-11-17T01:15:00+00:00,36341.6,36376.4,36306.5,36356.5,769.609,27970206.6462
1700184600000,2023-11-17T01:30:00+00:00,36356.5,36461.3,36312.9,36447.9,1014.791,36941381.9118
1700185500000,2023-11-17T01:45:00+00:00,36447.9,36574.1,36423.9,36563.1,1289.02,47070025.0786
1700186400000,2023-11-17T02:00:00+00:00,36563.1,36592,36493.2,36494.1,899.88,32885097.9122
1700187300000,2023-11-17T02:15:00+00:00,36494.1,36639,36477.4,36638.9,1169.501,42741728.1036
1700188200000,2023-11-17T02:30:00+00:00,36638.9,36676.6,36484,36484,1282.127,46862604.1762
1700189100000,2023-11-17T02:45:00+00:00,36484,36488.3,36398.9,36462.3,987.293,35992128.2806
1700190000000,2023-11-17T03:00:00+00:00,36462.3,36473.9,36365.8,36368.1,808.867,29462569.02
1700190900000,2023-11-17T03:15:00+00:00,36368.1,36428.3,36320,36413.9,784.478,28530737.2639
1700191800000,2023-11-17T03:30:00+00:00,36413.9,36485.2,36354.5,36480.4,567.408,20669100.8781
1700192700000,2023-11-17T03:45:00+00:00,36480.4,36516,36461.5,36496.5,644.336,23512475.0408
1700193600000,2023-11-17T04:00:00+00:00,36496.5,36526,36385,36408.7,957.864,34915719.2076
1700194500000,2023-11-17T04:15:00+00:00,36408.7,36463.8,36379.8,36448,1140.169,41523493.1087
1700195400000,2023-11-17T04:30:00+00:00,36448,36543.1,36401.9,36497.2,1114.956,40681635.5698
1700196300000,2023-11-17T04:45:00+00:00,36497.2,36533.2,36443.2,36454.6,1173.894,42813819.1154
1700197200000,2023-11-17T05:00:00+00:00,36454.6,36458.9,36331,36345.3,1281.168,46631682.3078
1700198100000,2023-11-17T05:15:00+00:00,36345.3,36420.6,36166,36331.1,1938.688,70430032.4232
1700199000000,2023-11-17T05:30:00+00:00,36331.1,36331.1,36270.1,36292.7,881.424,31996501.2261
1700199900000,2023-11-17T05:45:00+00:00,36292.7,36369.8,36288.5,36369.8,798.782,29020454.5204
1700200800000,2023-11-17T06:00:00+00:00,36369.8,36383,36288,36350,816.137,29647865.9514
1700201700000,2023-11-17T06:15:00+00:00,36350,36432.3,36350,36404.1,981.024,35712361.3699
1700202600000,2023-11-17T06:30:00+00:00,36404.1,36462.1,36404.1,36432.9,845.302,30801430.3455
1700203500000,2023-11-17T06:45:00+00:00,36432.9,36438.1,36354.6,36365.4,774.651,28198927.6667
1700204400000,2023-11-17T07:00:00+00:00,36365.4,36373.8,36289.1,36300,728.097,26446623.6867
1700205300000,2023-11-17T07:15:00+00:00,36300,36342,36250,36266.5,1260.49,45743589.8759
1700206200000,2023-11-17T07:30:00+00:00,36266.5,36307.4,36238.5,36281.4,865.729,31398223.0428
1700207100000,2023-11-17T07:45:00+00:00,36281.4,36308.7,36217.3,36244.1,1224.982,44405201.0814
1700208000000,2023-11-17T08:00:00+00:00,36244.1,36330,36194.6,36197,1153.398,41844044.3574
1700208900000,2023-11-17T08:15:00+00:00,36197,36397,36164.6,36389,1544.426,56029265.8408
1700209800000,2023-11-17T08:30:00+00:00,36389,36431.1,36354.1,36359,1124.791,40941011.7493
1700210700000,2023-11-17T08:45:00+00:00,36359,36438.2,36346,36405.4,772.945,28130376.4853
1700211600000,2023-11-17T09:00:00+00:00,36405.4,36435.3,36373.3,36396.5,707.358,25750238.1188
1700212500000,2023-11-17T09:15:00+00:00,36396.5,36450,36351,36357.1,675.737,24595940.362
1700213400000,2023-11-17T09:30:00+00:00,36357.1,36369.2,36253.9,36299,1020.972,37062589.7998
1700214300000,2023-11-17T09:45:00+00:00,36299,36349.4,36287.1,36315.3,640.717,23269815.587
1700215200000,2023-11-17T10:00:00+00:00,36315.3,36329.6,36202.3,36204,1033.109,37455623.4168
1700216100000,2023-11-17T10:15:00+00:00,36204,36266.3,36126.8,36203.3,1905.564,68974263.2787
1700217000000,2023-11-17T10:30:00+00:00,36203.3,36295.8,36203.3,36229.2,1271.619,46095723.3224
1700217900000,2023-11-17T10:45:00+00:00,36229.2,36369.2,36172.3,36356.4,1241.646,45067255.6014
1700218800000,2023-11-17T11:00:00+00:00,36356.4,36390.5,36313.8,36376.1,992.632,36096590.2272
1700219700000,2023-11-17T11:15:00+00:00,36376.1,36441.9,36323.6,36439.8,1457.184,53036176.3083
1700220600000,2023-11-17T11:30:00+00:00,36439.8,36459,36385.8,36431.3,1041.642,37945775.5258
1700221500000,2023-11-17T11:45:00+00:00,36431.3,36434.5,36348.5,36372.5,1203.172,43770710.8065
1700222400000,2023-11-17T12:00:00+00:00,36372.5,36393.8,36317.6,36325.4,953.4,34663102.1176
1700223300000,2023-11-17T12:15:00+00:00,36325.4,36387.1,36251,36360,1395.782,50664283.9497
1700224200000,2023-11-17T12:30:00+00:00,36360,36421.6,36303.3,36386.8,760.305,27661697.9664
1700225100000,2023-11-17T12:45:00+00:00,36386.8,36529.2,36384.2,36527.9,945.191,34447838.1885
1700226000000,2023-11-17T13:00:00+00:00,36527.9,36620,36467,36594.5,1689.156,61762767.395
1700226900000,2023-11-17T13:15:00+00:00,36594.5,36595.1,36458.4,36459.9,1327.505,48490320.6142
1700227800000,2023-11-17T13:30:00+00:00,36459.9,36503.8,36391.1,36403.1,1492.296,54368923.0751
1700228700000,2023-11-17T13:45:00+00:00,36403.1,36403.4,36276,36348,1699.544,61763405.9904
1700229600000,2023-11-17T14:00:00+00:00,36348,36435,36286.1,36316.4,1532.48,55711507.3837
1700230500000,2023-11-17T14:15:00+00:00,36316.4,36372.6,36269.5,36319.2,1565.504,56859822.6285
1700231400000,2023-11-17T14:30:00+00:00,36319.2,36369,36169.5,36183.7,1959.929,71083267.1594
1700232300000,2023-11-17T14:45:00+00:00,36183.7,36209.8,35864,36026,4863.94,175149158.2587
1700233200000,2023-11-17T15:00:00+00:00,36026,36142.1,35937,36128,2488.401,89738788.698
1700234100000,2023-11-17T15:15:00+00:00,36128,36175.3,35975.6,36058.6,1951.054,70377787.8318
1700235000000,2023-11-17T15:30:00+00:00,36058.6,36127.4,35962.5,35985,1874.162,67551765.7379
1700235900000,2023-11-17T15:45:00+00:00,35985,36074.3,35950,36050,1673.483,60273537.394
1700236800000,2023-11-17T16:00:00+00:00,36050,36219.8,35994.6,36151.2,2148.37,77611831.1101
1700237700000,2023-11-17T16:15:00+00:00,36151.2,36173.5,36095.3,36108.8,1057.873,38220849.8142
1700238600000,2023-11-17T16:30:00+00:00,36108.8,36113.4,35914.9,35990.3,1665.386,59933851.4147
1700239500000,2023-11-17T16:45:00+00:00,35990.3,36043.4,35960.4,35987.1,1320.383,47531241.7368
1700240400000,2023-11-17T17:00:00+00:00,35987.1,36900,35959.4,36369.9,7167.426,261485747.2163
1700241300000,2023-11-17T17:15:00+00:00,36369.9,36499.4,36273.9,36374.2,2532.139,92116035.4299
1700242200000,2023-11-17T17:30:00+00:00,36374.2,36534.5,36252.8,36513.4,1761.069,64086237.9964
1700243100000,2023-11-17T17:45:00+00:00,36513.4,36540,36415.4,36504.7,1759.728,64207789.2583
1700244000000,2023-11-17T18:00:00+00:00,36504.7,36547.4,36390.4,36513.9,1206.503,43991013.6782
1700244900000,2023-11-17T18:15:00+00:00,36513.9,36516.7,36351.8,36426.4,725.321,26415722.9863
1700245800000,2023-11-17T18:30:00+00:00,36426.4,36483.5,36386.6,36419.9,603.36,21988279.0439
1700246700000,2023-11-17T18:45:00+00:00,36419.9,36489.3,36389.9,36475.3,538.038,19602359.1838
1700247600000,2023-11-17T19:00:00+00:00,36475.3,36524.2,36426.2,36516.2,579.912,21151784.044
1700248500000,2023-11-17T19:15:00+00:00,36516.2,36580,36393.9,36410.1,1174.926,42834469.2051
1700249400000,2023-11-17T19:30:00+00:00,36410.1,36451.9,36326.2,36348,926.931,33733468.5211
1700250300000,2023-11-17T19:45:00+00:00,36348,36357.8,36248.9,36326.8,916.421,33279494.6689
1700251200000,2023-11-17T20:00:00+00:00,36326.8,36484.4,36310.7,36470.3,945.871,34443323.3299
1700252100000,2023-11-17T20:15:00+00:00,36470.3,36483.7,36421.5,36423.8,506.348,18457357.4412
1700253000000,2023-11-17T20:30:00+00:00,36423.8,36423.8,36331.7,36337.7,607.73,22106475.0471
1700253900000,2023-11-17T20:45:00+00:00,36337.7,36518.2,36329.5,36480,686.441,25013731.3147
1700254800000,2023-11-17T21:00:00+00:00,36480,36515,36409.2,36433,700.833,25549868.9052
1700255700000,2023-11-17T21:15:00+00:00,36433,36449.5,36350,36368.4,851.302,30976859.6838
1700256600000,2023-11-17T21:30:00+00:00,36368.4,36433,36350,36392.5,770.339,28032177.8881
1700257500000,2023-11-17T21:45:00+00:00,36392.5,36417.3,36356.9,36405.5,904.757,32924244.2116
1700258400000,2023-11-17T22:00:00+00:00,36405.5,36478,36394.9,36477.9,1169.848,42628213.2378
1700259300000,2023-11-17T22:15:00+00:00,36477.9,36533.4,36440.1,36470.8,1128.884,41176005.7867
1700260200000,2023-11-17T22:30:00+00:00,36470.8,36537.4,36420.8,36427.8,1169.73,42678987.2728
1700261100000,2023-11-17T22:45:00+00:00,36427.8,36547.6,36427.8,36545.4,1085.852,39641499.1172
1700262000000,2023-11-17T23:00:00+00:00,36545.4,36733.4,36522.6,36615.8,1593.584,58349336.966
1700262900000,2023-11-17T23:15:00+00:00,36615.8,36639.9,36495,36503.1,855.022,31268149.9539
1700263800000,2023-11-17T23:30:00+00:00,36503.1,36583,36503.1,36548.2,589.039,21527726.1055
1700264700000,2023-11-17T23:45:00+00:00,36548.2,36613.3,36501.6,36610.2,724.199,26465908.9165
1700265600000,2023-11-18T00:00:00+00:00,36610.2,36613.6,36522.2,36525.7,834.325,30514419.9589
1700266500000,2023-11-18T00:15:00+00:00,36525.7,36529.6,36447,36467.9,1157.474,42228175.1915
1700267400000,2023-11-18T00:30:00+00:00,36467.9,36495,36407.7,36416.1,872.53,31806230.6418
1700268300000,2023-11-18T00:45:00+00:00,36416.1,36432.1,36400,36409.2,904.004,32919378.0276
1700269200000,2023-11-18T01:00:00+00:00,36409.2,36452.7,36385,36399.2,797.548,29054330.61
1700270100000,2023-11-18T01:15:00+00:00,36399.2,36443.8,36396.5,36439.9,448.447,16335171.7091
1700271000000,2023-11-18T01:30:00+00:00,36439.9,36468.7,36431.6,36464.9,434.31,15831811.2062
1700271900000,2023-11-18T01:45:00+00:00,36464.9,36468.9,36412.8,36417.5,625.127,22779291.2038
1700272800000,2023-11-18T02:00:00+00:00,36417.5,36445.1,36412.9,36444.9,715.152,26052793.9695
1700273700000,2023-11-18T02:15:00+00:00,36444.9,36456.9,36429.9,36438.5,714.932,26058387.3674
1700274600000,2023-11-18T02:30:00+00:00,36438.5,36456.3,36416.5,36427.4,847.243,30864124.2265
1700275500000,2023-11-18T02:45:00+00:00,36427.4,36439.9,36415.7,36420,858.61,31274127.0468
1700276400000,2023-11-18T03:00:00+00:00,36420,36438.8,36393.5,36435,889.652,32398541.3839
1700277300000,2023-11-18T03:15:00+00:00,36435,36440.8,36363.5,36374.4,1244.77,45302040.8396
1700278200000,2023-11-18T03:30:00+00:00,36374.4,36398.2,36365.5,36373.2,970.015,35287472.8619
1700279100000,2023-11-18T03:45:00+00:00,36373.2,36393.4,36367.4,36380.8,1068.766,38879956.7183
1700280000000,2023-11-18T04:00:00+00:00,36380.8,36410.6,36380.5,36400,1006.845,36641319.9441
1700280900000,2023-11-18T04:15:00+00:00,36400,36434.7,36400,36420.4,649.728,23662167.7364
1700281800000,2023-11-18T04:30:00+00:00,36420.4,36420.7,36372.6,36398.2,696.97,25361938.9612
1700282700000,2023-11-18T04:45:00+00:00,36398.2,36419.7,36374.1,36374.7,660.5,24042211.5931
1700283600000,2023-11-18T05:00:00+00:00,36374.7,36386.3,36305.6,36315.2,1155.802,42018304.2167
1700284500000,2023-11-18T05:15:00+00:00,36315.2,36362.2,36311.2,36328.4,1192.789,43345515.819
1700285400000,2023-11-18T05:30:00+00:00,36328.4,36381.2,36328.4,36370,1025.626,37293916.7666
1700286300000,2023-11-18T05:45:00+00:00,36370,36376.4,36328.1,36338.2,1141.241,41479684.2388
1700287200000,2023-11-18T06:00:00+00:00,36338.2,36369.6,36330.6,36359.2,817.304,29705339.7296
1700288100000,2023-11-18T06:15:00+00:00,36359.2,36365.7,36351,36351.2,572.434,20813530.8646
1700289000000,2023-11-18T06:30:00+00:00,36351.2,36356,36321.9,36332.2,680.616,24732510.3894
1700289900000,2023-11-18T06:45:00+00:00,36332.2,36332.2,36260,36260.5,1113.22,40393996.5302
1700290800000,2023-11-18T07:00:00+00:00,36260.5,36315.5,36189.8,36290,1532.656,55577256.2872
1700291700000,2023-11-18T07:15:00+00:00,36290,36335,36289.9,36330.8,1064.41,38655525.8513
1700292600000,2023-11-18T07:30:00+00:00,36330.8,36359.5,36330.7,36343.2,1073.439,39017324.3835
1700293500000,2023-11-18T07:45:00+00:00,36343.2,36431,36336.8,36419.9,1339.317,48729834.7808
1700294400000,2023-11-18T08:00:00+00:00,36419.9,36461.5,36396.1,36410.5,1023.575,37282709.9951
1700295300000,2023-11-18T08:15:00+00:00,36410.5,36424.5,36384,36414.1,629.492,22920226.5505
1700296200000,2023-11-18T08:30:00+00:00,36414.1,36483.2,36414.1,36481,700.481,25534581.0262
1700297100000,2023-11-18T08:45:00+00:00,36481,36481,36438.7,36449.4,657.986,23985945.0534
1700298000000,2023-11-18T09:00:00+00:00,36449.4,36451.7,36422.1,36422.6,557.71,20321990.8645
1700298900000,2023-11-18T09:15:00+00:00,36422.6,36446.7,36419.1,36425.7,454.433,16553754.7452
1700299800000,2023-11-18T09:30:00+00:00,36425.7,36432.7,36412.4,36432.6,485.723,17689950.8957
1700300700000,2023-11-18T09:45:00+00:00,36432.6,36432.6,36391.5,36399.3,453.225,16498390.6611
1700301600000,2023-11-18T10:00:00+00:00,36399.3,36437.1,36395.5,36431.9,528.339,19241851.1215
1700302500000,2023-11-18T10:15:00+00:00,36431.9,36443.2,36424,36433.5,604.139,22009899.6064
1700303400000,2023-11-18T10:30:00+00:00,36433.5,36434.9,36412.5,36424.9,653.75,23812608.5532
1700304300000,2023-11-18T10:45:00+00:00,36424.9,36483.8,36420.1,36472.3,665.39,24249899.8941
1700305200000,2023-11-18T11:00:00+00:00,36472.3,36525.6,36440.7,36521.9,711.642,25950992.405
1700306100000,2023-11-18T11:15:00+00:00,36521.9,36540,36467,36467.9,686.306,25049011.0268
1700307000000,2023-11-18T11:30:00+00:00,36467.9,36499,36455.4,36455.4,429.992,15683646.8322
1700307900000,2023-11-18T11:45:00+00:00,36455.4,36456.6,36405,36407.7,474.111,17274403.2457
1700308800000,2023-11-18T12:00:00+00:00,36407.7,36445.2,36396.1,36414.3,628.879,22905426.1613
1700309700000,2023-11-18T12:15:00+00:00,36414.3,36470.2,36412.2,36469.8,784.109,28579130.3461
1700310600000,2023-11-18T12:30:00+00:00,36469.8,36473.2,36436.5,36464,892.078,32525340.8191
1700311500000,2023-11-18T12:45:00+00:00,36464,36487,36450.4,36450.4,694.703,25336412.9207
1700312400000,2023-11-18T13:00:00+00:00,36450.4,36470.6,36404.4,36416.3,777.78,28341551.9821
1700313300000,2023-11-18T13:15:00+00:00,36416.3,36468.2,36363,36468.2,1066.916,38836121.9874
1700314200000,2023-11-18T13:30:00+00:00,36468.2,36482.6,36403.3,36449.2,757.378,27602428.4377
1700315100000,2023-11-18T13:45:00+00:00,36449.2,36454.7,36407.5,36431.8,832.19,30318325.9488
1700316000000,2023-11-18T14:00:00+00:00,36431.8,36452.2,36424.5,36429.7,670.91,24444504.9041
1700316900000,2023-11-18T14:15:00+00:00,36429.7,36510.2,36429.4,36485.8,1012.705,36940558.9824
1700317800000,2023-11-18T14:30:00+00:00,36485.8,36569,36456.1,36490.6,1201.003,43834078.3223
1700318700000,2023-11-18T14:45:00+00:00,36490.6,36535,36480.7,36508.9,846.835,30915882.6324
1700319600000,2023-11-18T15:00:00+00:00,36508.9,36580,36503,36576.5,1043.874,38152398.9043
1700320500000,2023-11-18T15:15:00+00:00,36576.5,36622,36543,36613.7,1092.468,39977427.8309
1700321400000,2023-11-18T15:30:00+00:00,36613.7,36640.8,36548,36616.4,686.014,25108495.6694
1700322300000,2023-11-18T15:45:00+00:00,36616.4,36680,36593.1,36662,756.224,27716834.0551
1700323200000,2023-11-18T16:00:00+00:00,36662,36860.4,36640.5,36809,1992.637,73248553.1824
1700324100000,2023-11-18T16:15:00+00:00,36809,36810.6,36715.3,36753.8,1331.469,48939667.1591
1700325000000,2023-11-18T16:30:00+00:00,36753.8,36765.8,36642.7,36719.8,1029.767,37780240.9622
1700325900000,2023-11-18T16:45:00+00:00,36719.8,36734.8,36662.9,36678.1,821.068,30138136.5455
1700326800000,2023-11-18T17:00:00+00:00,36678.1,36700.7,36597,36642.1,1032.811,37831136.9978
1700327700000,2023-11-18T17:15:00+00:00,36642.1,36689.5,36617.8,36636.5,642.421,23544784.943
1700328600000,2023-11-18T17:30:00+00:00,36636.5,36662.9,36617.8,36642.2,507.872,18608407.8756
1700329500000,2023-11-18T17:45:00+00:00,36642.2,36642.2,36604.5,36621.2,485.739,17789364.1499
1700330400000,2023-11-18T18:00:00+00:00,36621.2,36642,36612.6,36619.1,571.568,20934386.874
1700331300000,2023-11-18T18:15:00+00:00,36619.1,36633.6,36614.3,36633.6,498.687,18262455.6744
1700332200000,2023-11-18T18:30:00+00:00,36633.6,36671.5,36622.1,36671.3,651.065,23858533.566
1700333100000,2023-11-18T18:45:00+00:00,36671.3,36743,36671.3,36706.5,706.927,25949122.0977
1700334000000,2023-11-18T19:00:00+00:00,36706.5,36769.4,36687.7,36701.1,735.007,27001910.2956
1700334900000,2023-11-18T19:15:00+00:00,36701.1,36720,36678.8,36700,612.473,22475414.7586
1700335800000,2023-11-18T19:30:00+00:00,36700,36700,36656.4,36657.4,651.816,23906433.8973
1700336700000,2023-11-18T19:45:00+00:00,36657.4,36691.2,36650.6,36676.4,635.01,23285827.5138
1700337600000,2023-11-18T20:00:00+00:00,36676.4,36710.6,36539,36544.1,912.1,33413073.8258
1700338500000,2023-11-18T20:15:00+00:00,36544.1,36617.9,36538,36583.7,1037.415,37938386.3479
1700339400000,2023-11-18T20:30:00+00:00,36583.7,36622,36583.7,36606.3,628.137,22996549.3308
1700340300000,2023-11-18T20:45:00+00:00,36606.3,36636.3,36582.4,36595.4,416.996,15260319.4936
1700341200000,2023-11-18T21:00:00+00:00,36595.4,36612.2,36576.8,36607.9,412.473,15095837.0944
1700342100000,2023-11-18T21:15:00+00:00,36607.9,36611.5,36541.6,36561,934.749,34184936.4846
1700343000000,2023-11-18T21:30:00+00:00,36561,36576.8,36526.1,36552.2,952.005,34798399.9505
1700343900000,2023-11-18T21:45:00+00:00,36552.2,36569.7,36537.4,36540,781.687,28573970.0613
1700344800000,2023-11-18T22:00:00+00:00,36540,36557.8,36488.5,36493.2,935.958,34191289.9642
1700345700000,2023-11-18T22:15:00+00:00,36493.2,36509.4,36444,36500.4,844.429,30799732.1925
1700346600000,2023-11-18T22:30:00+00:00,36500.4,36529.9,36476.3,36502.1,732.585,26743626.9892
1700347500000,2023-11-18T22:45:00+00:00,36502.1,36513.6,36491,36504.9,544.169,19863907.1971
1700348400000,2023-11-18T23:00:00+00:00,36504.9,36539.2,36491.4,36524.5,652.472,23831924.0376
1700349300000,2023-11-18T23:15:00+00:00,36524.5,36564.9,36523.2,36530.5,505.733,18479652.0409
1700350200000,2023-11-18T23:30:00+00:00,36530.5,36569.5,36515,36567.4,568.838,20793098.6696
1700351100000,2023-11-18T23:45:00+00:00,36567.4,36570.6,36558.1,36569.9,474.533,17350262.0729
1700352000000,2023-11-19T00:00:00+00:00,36569.9,36572.8,36515,36534.6,392.22,14332503.8972
1700352900000,2023-11-19T00:15:00+00:00,36534.6,36565,36524.8,36544.6,368.325,13461016.1198
1700353800000,2023-11-19T00:30:00+00:00,36544.6,36564.6,36515,36547.7,400.443,14630759.9341
1700354700000,2023-11-19T00:45:00+00:00,36547.7,36549.3,36459.2,36463.1,517.786,18898619.5
1700355600000,2023-11-19T01:00:00+00:00,36463.1,36489.3,36442.1,36474.6,605.288,22069350.9992
1700356500000,2023-11-19T01:15:00+00:00,36474.6,36485.7,36437.6,36445.5,800.128,29176751.9304
1700357400000,2023-11-19T01:30:00+00:00,36445.5,36453.8,36395.5,36453.7,1177.802,42912489.7587
1700358300000,2023-11-19T01:45:00+00:00,36453.7,36490.8,36453.7,36486.7,843.168,30756990.9239
1700359200000,2023-11-19T02:00:00+00:00,36486.7,36499.8,36449.9,36453.7,679.776,24802145.8878
1700360100000,2023-11-19T02:15:00+00:00,36453.7,36459,36409.2,36436.3,400.544,14592682.2622
1700361000000,2023-11-19T02:30:00+00:00,36436.3,36476.1,36436.3,36467.9,277.38,10114454.5079
1700361900000,2023-11-19T02:45:00+00:00,36467.9,36478.3,36450.7,36459.4,295.08,10759636.5939
1700362800000,2023-11-19T03:00:00+00:00,36459.4,36461.2,36442.4,36461,414.791,15119400.7974
1700363700000,2023-11-19T03:15:00+00:00,36461,36461.4,36431.2,36431.2,577.262,21039353.0316
1700364600000,2023-11-19T03:30:00+00:00,36431.2,36497.5,36427.7,36488.7,709.97,25890515.9398
1700365500000,2023-11-19T03:45:00+00:00,36488.7,36525.2,36471.5,36521.6,765.009,27924063.2582
1700366400000,2023-11-19T04:00:00+00:00,36521.6,36531.6,36507.3,36517.2,653.788,23875634.5493
1700367300000,2023-11-19T04:15:00+00:00,36517.2,36519.8,36491.6,36496.8,1124.408,41040594.0838
1700368200000,2023-11-19T04:30:00+00:00,36496.8,36516,36496,36512.2,588.085,21469644.659
1700369100000,2023-11-19T04:45:00+00:00,36512.2,36538.8,36509.1,36536,623.389,22770686.3466
1700370000000,2023-11-19T05:00:00+00:00,36536,36545,36525,36539.1,896.98,32771924.6825
1700370900000,2023-11-19T05:15:00+00:00,36539.1,36550.2,36525,36550.2,582.995,21300137.0034
1700371800000,2023-11-19T05:30:00+00:00,36550.2,36550.2,36522.2,36526.5,711.013,25974850.3125
1700372700000,2023-11-19T05:45:00+00:00,36526.5,36526.5,36513,36515.1,640.477,23390359.8958
1700373600000,2023-11-19T06:00:00+00:00,36515.1,36658.1,36500,36571.3,1725.731,63155642.9171
1700374500000,2023-11-19T06:15:00+00:00,36571.3,36604.8,36549.7,36574.1,578.807,21169324.768
1700375400000,2023-11-19T06:30:00+00:00,36574.1,36630.3,36572.8,36623.6,861.66,31543632.1652
1700376300000,2023-11-19T06:45:00+00:00,36623.6,36637.7,36596.9,36600.1,702.661,25725568.9597
1700377200000,2023-11-19T07:00:00+00:00,36600.1,36670.5,36579.3,36636.9,974.692,35696009.3283
1700378100000,2023-11-19T07:15:00+00:00,36636.9,36655.3,36600,36606.8,769.588,28185446.8549
1700379000000,2023-11-19T07:30:00+00:00,36606.8,36613.7,36592.9,36611.4,737.543,26993757.378
1700379900000,2023-11-19T07:45:00+00:00,36611.4,36626.6,36600.4,36607.7,631.849,23133949.5127
1700380800000,2023-11-19T08:00:00+00:00,36607.7,36666.7,36607.1,36663,688.896,25233504.1622
1700381700000,2023-11-19T08:15:00+00:00,36663,36707.1,36641,36675.6,781.347,28652654.0367
1700382600000,2023-11-19T08:30:00+00:00,36675.6,36680.9,36639.8,36639.9,529.362,19405809.8122
1700383500000,2023-11-19T08:45:00+00:00,36639.9,36639.9,36609,36617,525.331,19239705.7197
1700384400000,2023-11-19T09:00:00+00:00,36617,36623,36593.8,36594.5,459.492,16820410.7022
1700385300000,2023-11-19T09:15:00+00:00,36594.5,36629.7,36580.8,36627.5,583.162,21347573.9009
1700386200000,2023-11-19T09:30:00+00:00,36627.5,36656.2,36615.1,36656.2,597.634,21895403.5468
1700387100000,2023-11-19T09:45:00+00:00,36656.2,36658.8,36615.1,36629,510.04,18688109.4148
1700388000000,2023-11-19T10:00:00+00:00,36629,36634,36582.2,36582.2,584.084,21378783.8982
1700388900000,2023-11-19T10:15:00+00:00,36582.2,36589.7,36535.5,36542.3,1097.211,40121805.9544
1700389800000,2023-11-19T10:30:00+00:00,36542.3,36563.1,36542.3,36557.1,775.455,28344606.42
1700390700000,2023-11-19T10:45:00+00:00,36557.1,36566.5,36530.7,36533.9,782.011,28588412.2795
1700391600000,2023-11-19T11:00:00+00:00,36533.9,36542.2,36462,36475.7,1216.964,44430261.0949
1700392500000,2023-11-19T11:15:00+00:00,36475.7,36482.9,36386,36427.8,1632.062,59457846.0336
1700393400000,2023-11-19T11:30:00+00:00,36427.8,36467.3,36409.2,36459.9,997.311,36354541.3956
1700394300000,2023-11-19T11:45:00+00:00,36459.9,36477.3,36444.5,36452.9,516.198,18819927.1904
1700395200000,2023-11-19T12:00:00+00:00,36452.9,36483.5,36419.5,36474.6,623.018,22712579.8827
1700396100000,2023-11-19T12:15:00+00:00,36474.6,36482.2,36399.2,36436,618.012,22518406.334
1700397000000,2023-11-19T12:30:00+00:00,36436,36472.9,36408.1,36447,894.62,32597473.2667
1700397900000,2023-11-19T12:45:00+00:00,36447,36493.7,36447,36486.9,563.758,20564113.1575
1700398800000,2023-11-19T13:00:00+00:00,36486.9,36512.9,36454.1,36473.4,754.305,27523389.2521
1700399700000,2023-11-19T13:15:00+00:00,36473.4,36488.3,36458,36479.1,755.734,27562903.5808
1700400600000,2023-11-19T13:30:00+00:00,36479.1,36509.9,36473,36505.6,983.496,35894640.8681
1700401500000,2023-11-19T13:45:00+00:00,36505.6,36505.6,36481.3,36486.6,998.609,36442329.8478
1700402400000,2023-11-19T14:00:00+00:00,36486.6,36486.7,36381,36405.7,1459.96,53194799.0136
1700403300000,2023-11-19T14:15:00+00:00,36405.7,36475.9,36385.9,36466.2,734.061,26746947.1253
1700404200000,2023-11-19T14:30:00+00:00,36466.2,36479.2,36446.1,36478.9,523.836,19102467.9771
1700405100000,2023-11-19T14:45:00+00:00,36478.9,36479.8,36421.9,36461.8,710.337,25889735.0191
1700406000000,2023-11-19T15:00:00+00:00,36461.8,36461.8,36403.2,36425.5,740.816,26987122.837
1700406900000,2023-11-19T15:15:00+00:00,36425.5,36563.7,36425,36538.8,1508.738,55078785.0585
1700407800000,2023-11-19T15:30:00+00:00,36538.8,36572,36509.5,36534,1217.406,44489939.7899
1700408700000,2023-11-19T15:45:00+00:00,36534,36568.4,36525.9,36567.8,713.254,26069317.5375
1700409600000,2023-11-19T16:00:00+00:00,36567.8,36635.1,36567.7,36612,1341.402,49089391.6196
1700410500000,2023-11-19T16:15:00+00:00,36612,36612.2,36522.9,36540.1,1053.501,38533888.7028
1700411400000,2023-11-19T16:30:00+00:00,36540.1,36558.7,36514,36537.3,887.892,32441598.0488
1700412300000,2023-11-19T16:45:00+00:00,36537.3,36560,36537.1,36554.3,870.775,31826623.3034
1700413200000,2023-11-19T17:00:00+00:00,36554.3,36578.7,36542.6,36551.1,981.522,35884096.6698
1700414100000,2023-11-19T17:15:00+00:00,36551.1,36575,36549.6,36573.9,936.057,34226637.4936
1700415000000,2023-11-19T17:30:00+00:00,36573.9,36605.9,36564.6,36565.2,866.261,31691872.698
1700415900000,2023-11-19T17:45:00+00:00,36565.2,36605.8,36540.4,36605.7,709.556,25949587.0391
1700416800000,2023-11-19T18:00:00+00:00,36605.7,36640.2,36592.6,36600.8,1232.235,45117837.6796
1700417700000,2023-11-19T18:15:00+00:00,36600.8,36766.2,36600,36739.5,1409.805,51745628.0742
1700418600000,2023-11-19T18:30:00+00:00,36739.5,36817.5,36690.6,36791.1,1628.235,59847689.1093
1700419500000,2023-11-19T18:45:00+00:00,36791.1,36915.1,36790.8,36840.5,1985.556,73179934.8509
1700420400000,2023-11-19T19:00:00+00:00,36840.5,36862.5,36771.3,36792.4,981.939,36148004.0389
1700421300000,2023-11-19T19:15:00+00:00,36792.4,36838.1,36791.9,36838.1,625.891,23046283.5249
1700422200000,2023-11-19T19:30:00+00:00,36838.1,36905.6,36821,36845.4,719.183,26511799.9846
1700423100000,2023-11-19T19:45:00+00:00,36845.4,36987.6,36845.4,36942.3,1186.885,43849024.3133
1700424000000,2023-11-19T20:00:00+00:00,36942.3,37038.8,36876,36892.5,1495.622,55304336.6019
1700424900000,2023-11-19T20:15:00+00:00,36892.5,36900,36820,36827,753.208,27760813.2508
1700425800000,2023-11-19T20:30:00+00:00,36827,36920,36808,36890,881.492,32493557.6151
1700426700000,2023-11-19T20:45:00+00:00,36890,36930.1,36889.5,36915.2,519.245,19167814.1205
1700427600000,2023-11-19T21:00:00+00:00,36915.2,36938.9,36846.9,36860.8,729.361,26894459.4846
1700428500000,2023-11-19T21:15:00+00:00,36860.8,37013.1,36860.8,37008.1,1049.714,38801540.2296
1700429400000,2023-11-19T21:30:00+00:00,37008.1,37094.1,36942.5,36944,1467.01,54297719.5673
1700430300000,2023-11-19T21:45:00+00:00,36944,37019.4,36938.9,36989,1024.381,37869390.5189
1700431200000,2023-11-19T22:00:00+00:00,36989,37035.6,36962.4,36967.4,931.161,34451205.8622
1700432100000,2023-11-19T22:15:00+00:00,36967.4,36983.2,36934.4,36936.3,855.98,31626919.815
1700433000000,2023-11-19T22:30:00+00:00,36936.3,36983.4,36923.6,36983.2,756.51,27951739.0639
1700433900000,2023-11-19T22:45:00+00:00,36983.2,36985.2,36935.1,36983.7,884.394,32694886.85
1700434800000,2023-11-19T23:00:00+00:00,36983.7,37438.9,36983.7,37396.9,5249.575,195721527.279
1700435700000,2023-11-19T23:15:00+00:00,37396.9,37511,37319.2,37340.8,2309.74,86487767.2371
1700436600000,2023-11-19T23:30:00+00:00,37340.8,37510,37340.8,37479,1546.103,57893482.2461
1700437500000,2023-11-19T23:45:00+00:00,37479,37494.6,37352.4,37367,1229.383,46002227.2359
1700438400000,2023-11-20T00:00:00+00:00,37367,37387.4,37256.2,37269.5,1858.082,69322105.0969
1700439300000,2023-11-20T00:15:00+00:00,37269.5,37304.3,37207,37207.5,1059.091,39448269.7018
1700440200000,2023-11-20T00:30:00+00:00,37207.5,37287.3,37150,37283.4,987.704,36756243.8178
1700441100000,2023-11-20T00:45:00+00:00,37283.4,37308.4,37250.5,37304.5,593.522,22128102.3764
1700442000000,2023-11-20T01:00:00+00:00,37304.5,37340.5,37231.1,37252.5,741.13,27632547.8281
1700442900000,2023-11-20T01:15:00+00:00,37252.5,37350.7,37237,37316.8,873.556,32590788.6336
1700443800000,2023-11-20T01:30:00+00:00,37316.8,37365,37298.1,37354.5,853.578,31864620.405
1700444700000,2023-11-20T01:45:00+00:00,37354.5,37355.9,37275,37298.8,702.647,26217069.1807
1700445600000,2023-11-20T02:00:00+00:00,37298.8,37303.6,37210.3,37213.7,703.997,26224129.8742
1700446500000,2023-11-20T02:15:00+00:00,37213.7,37301.7,37202.5,37291,546.571,20364374.8874
1700447400000,2023-11-20T02:30:00+00:00,37291,37299.6,37246.8,37298.9,418.839,15610328.2304
1700448300000,2023-11-20T02:45:00+00:00,37298.9,37324.1,37287.3,37310.2,555.016,20706643.8496
1700449200000,2023-11-20T03:00:00+00:00,37310.2,37322.6,37257,37263.3,536.514,20001797.8454
1700450100000,2023-11-20T03:15:00+00:00,37263.3,37263.9,37224.3,37246.1,762.863,28409961.7258
1700451000000,2023-11-20T03:30:00+00:00,37246.1,37261.4,37080,37085.7,2389.452,88776333.6521
1700451900000,2023-11-20T03:45:00+00:00,37085.7,37126.3,37047.2,37125.1,1309.081,48559087.9257
1700452800000,2023-11-20T04:00:00+00:00,37125.1,37140.1,37088.1,37104.9,979.173,36346661.7412
1700453700000,2023-11-20T04:15:00+00:00,37104.9,37152,37086.9,37151.3,798.57,29657197.8677
1700454600000,2023-11-20T04:30:00+00:00,37151.3,37204.3,37141.7,37200.7,1004.714,37352311.8602
1700455500000,2023-11-20T04:45:00+00:00,37200.7,37222,37198.8,37216.7,689.047,25641084.3283
1700456400000,2023-11-20T05:00:00+00:00,37216.7,37216.8,37188.8,37189.1,979.676,36443675.3231
1700457300000,2023-11-20T05:15:00+00:00,37189.1,37201,37115.8,37135.6,751.136,27912089.6338
1700458200000,2023-11-20T05:30:00+00:00,37135.6,37141.6,37051.2,37060.1,840.769,31187072.181
1700459100000,2023-11-20T05:45:00+00:00,37060.1,37157.3,37050,37139.4,871.628,32339189.8491
1700460000000,2023-11-20T06:00:00+00:00,37139.4,37169.8,37138.5,37144.3,606.329,22525934.9327
1700460900000,2023-11-20T06:15:00+00:00,37144.3,37165.8,37100.6,37125.1,1205.693,44767268.6868
1700461800000,2023-11-20T06:30:00+00:00,37125.1,37171.7,37068.7,37171.2,661.79,24570721.2746
1700462700000,2023-11-20T06:45:00+00:00,37171.2,37209,37163.3,37186.7,562.025,20898106.3521
1700463600000,2023-11-20T07:00:00+00:00,37186.7,37193.3,37131.7,37140.6,525.551,19526955.9763
1700464500000,2023-11-20T07:15:00+00:00,37140.6,37176.5,37104.4,37176.5,487.318,18097661.8918
1700465400000,2023-11-20T07:30:00+00:00,37176.5,37198.4,37168,37194.8,481.961,17921768.6302
1700466300000,2023-11-20T07:45:00+00:00,37194.8,37265,37172.7,37250.1,679.126,25275871.8685
1700467200000,2023-11-20T08:00:00+00:00,37250.1,37258.2,37158,37171,822.754,30602268.0356
1700468100000,2023-11-20T08:15:00+00:00,37171,37229.6,37160.2,37217.3,916.531,34095221.5128
1700469000000,2023-11-20T08:30:00+00:00,37217.3,37226.7,37077.5,37080.1,1143.618,42482960.3595
1700469900000,2023-11-20T08:45:00+00:00,37080.1,37134.2,37069.6,37134.2,1105.376,41017588.5931
1700470800000,2023-11-20T09:00:00+00:00,37134.2,37161.9,37085.3,37155.2,843.727,31322621.0357
1700471700000,2023-11-20T09:15:00+00:00,37155.2,37207.2,37141.4,37196.2,731.492,27193610.4561
1700472600000,2023-11-20T09:30:00+00:00,37196.2,37222,37145.7,37159,651.945,24237351.012
1700473500000,2023-11-20T09:45:00+00:00,37159,37217.4,37135,37204.3,767.84,28547119.1447
1700474400000,2023-11-20T10:00:00+00:00,37204.3,37229.6,37182.3,37227.7,716.722,26671868.282
1700475300000,2023-11-20T10:15:00+00:00,37227.7,37235.7,37163.3,37163.5,853.207,31735089.8272
1700476200000,2023-11-20T10:30:00+00:00,37163.5,37307.8,37160.2,37271.3,1216.273,45282970.4121
1700477100000,2023-11-20T10:45:00+00:00,37271.3,37388.4,37230,37299.3,1803.666,67263099.8834
1700478000000,2023-11-20T11:00:00+00:00,37299.3,37431.7,37284.3,37366.2,1729.341,64605534.4799
1700478900000,2023-11-20T11:15:00+00:00,37366.2,37386,37283,37286.5,1126.175,42037041.5783
1700479800000,2023-11-20T11:30:00+00:00,37286.5,37291.5,37213.9,37247.6,1388.242,51712323.2751
1700480700000,2023-11-20T11:45:00+00:00,37247.6,37254.2,37086.6,37159.9,1951.159,72482325.743
1700481600000,2023-11-20T12:00:00+00:00,37159.9,37164.3,37090,37130.2,1110.424,41224260.8713
1700482500000,2023-11-20T12:15:00+00:00,37130.2,37150,37089,37092.9,1230.804,45680935.6333
1700483400000,2023-11-20T12:30:00+00:00,37092.9,37166.1,37092.4,37124.4,966.326,35887823.935
1700484300000,2023-11-20T12:45:00+00:00,37124.4,37159.5,37120.9,37156.4,768.933,28561844.085
1700485200000,2023-11-20T13:00:00+00:00,37156.4,37238.8,37060,37206.9,2001.977,74378786.1925
1700486100000,2023-11-20T13:15:00+00:00,37206.9,37245.6,37165,37238.8,1122.403,41774182.7202
1700487000000,2023-11-20T13:30:00+00:00,37238.8,37238.8,37101.2,37114.1,1141.786,42437674.5636
1700487900000,2023-11-20T13:45:00+00:00,37114.1,37147.9,37100,37102.7,993.736,36891348.0037
1700488800000,2023-11-20T14:00:00+00:00,37102.7,37128,36628.9,36884.5,3748.891,138441968.5737
1700489700000,2023-11-20T14:15:00+00:00,36884.5,37131,36876.1,37129.7,1845.04,68274097.4531
1700490600000,2023-11-20T14:30:00+00:00,37129.7,37286.9,37112.3,37247.8,2159.945,80332457.1705
1700491500000,2023-11-20T14:45:00+00:00,37247.8,37512.9,37210.8,37429.7,2480.081,92651089.6937
1700492400000,2023-11-20T15:00:00+00:00,37429.7,37487,37280.1,37430,1922.589,71835330.0435
1700493300000,2023-11-20T15:15:00+00:00,37430,37463.5,37293.2,37318.1,1254.781,46875890.4741
1700494200000,2023-11-20T15:30:00+00:00,37318.1,37343.8,37225.9,37294.8,1148.44,42829967.4889
1700495100000,2023-11-20T15:45:00+00:00,37294.8,37480.4,37288.8,37469.3,1082.569,40499020.6286
1700496000000,2023-11-20T16:00:00+00:00,37469.3,37651.4,37383,37413.8,3060.963,114887899.9556
1700496900000,2023-11-20T16:15:00+00:00,37413.8,37428.6,37326.3,37342.4,1339.637,50062334.6067
1700497800000,2023-11-20T16:30:00+00:00,37342.4,37387.1,37275.5,37385.1,897.025,33491397.5353
1700498700000,2023-11-20T16:45:00+00:00,37385.1,37391.8,37243,37247,1302.962,48577473.0599
1700499600000,2023-11-20T17:00:00+00:00,37247,37289,37136.5,37243.8,1501.269,55871340.8577
1700500500000,2023-11-20T17:15:00+00:00,37243.8,37255.5,36813.9,37032.9,2373.954,87935850.4984
1700501400000,2023-11-20T17:30:00+00:00,37032.9,37438.9,36888.1,37405.2,2534.288,94428625.2704
1700502300000,2023-11-20T17:45:00+00:00,37405.2,37765,37390.4,37581.8,2949.811,111027913.3201
1700503200000,2023-11-20T18:00:00+00:00,37581.8,37696,37432.5,37490.4,1433.34,53803180.7644
1700504100000,2023-11-20T18:15:00+00:00,37490.4,37584.5,37310.1,37550.5,1593.786,59687833.6762
1700505000000,2023-11-20T18:30:00+00:00,37550.5,37609.1,37448.3,37449.9,1239.785,46525780.2821
1700505900000,2023-11-20T18:45:00+00:00,37449.9,37668.6,37406,37529.8,1665.39,62549379.553
1700506800000,2023-11-20T19:00:00+00:00,37529.8,37590.3,37448.9,37507.2,1053.249,39513668.1184
1700507700000,2023-11-20T19:15:00+00:00,37507.2,37629,37465.2,37591.3,856.441,32174062.3641
1700508600000,2023-11-20T19:30:00+00:00,37591.3,37754.2,37569,37673.1,2265.679,85337013.1377
1700509500000,2023-11-20T19:45:00+00:00,37673.1,37688.9,37540,37567.2,1224.514,46036992.2602
1700510400000,2023-11-20T20:00:00+00:00,37567.2,37599.4,37479.6,37508.4,992.807,37269165.9054
1700511300000,2023-11-20T20:15:00+00:00,37508.4,37546.2,37478.4,37525.8,587.61,22043826.126
1700512200000,2023-11-20T20:30:00+00:00,37525.8,37525.8,37448.2,37472,532.029,19936992.0334
1700513100000,2023-11-20T20:45:00+00:00,37472,37552.5,37413,37540.8,744.164,27881741.7364
1700514000000,2023-11-20T21:00:00+00:00,37540.8,37566.4,37365.8,37387.7,884.477,33096935.467
1700514900000,2023-11-20T21:15:00+00:00,37387.7,37432.4,37276,37303.6,888.011,33178007.2551
1700515800000,2023-11-20T21:30:00+00:00,37303.6,37423.8,37285.8,37364.1,648.676,24237083.8617
1700516700000,2023-11-20T21:45:00+00:00,37364.1,37413,37347.1,37413,465.062,17387436.0378
1700517600000,2023-11-20T22:00:00+00:00,37413,37528.9,37383.2,37454.2,630.413,23630422.2037
1700518500000,2023-11-20T22:15:00+00:00,37454.2,37574.7,37454.2,37537.3,745.689,27991710.9412
1700519400000,2023-11-20T22:30:00+00:00,37537.3,37544.7,37415.8,37424.3,707.751,26518929.3816
1700520300000,2023-11-20T22:45:00+00:00,37424.3,37467.4,37356.8,37431,665.915,24913666.2331
1700521200000,2023-11-20T23:00:00+00:00,37431,37603.9,37431,37592.9,903.568,33928312.3637
1700522100000,2023-11-20T23:15:00+00:00,37592.9,37614.8,37493.5,37493.8,722.156,27111414.8522
1700523000000,2023-11-20T23:30:00+00:00,37493.8,37544.3,37450,37503.9,623.185,23369234.7006
1700523900000,2023-11-20T23:45:00+00:00,37503.9,37517.4,37449.8,37451.5,485.152,18179199.2747
1700524800000,2023-11-21T00:00:00+00:00,37451.5,37489,37425.4,37477.8,835.522,31302380.0923
1700525700000,2023-11-21T00:15:00+00:00,37477.8,37521.1,37466.5,37520.9,1152.412,43208376.2134
1700526600000,2023-11-21T00:30:00+00:00,37520.9,37525.1,37363.4,37367.5,1083.328,40569561.7685
1700527500000,2023-11-21T00:45:00+00:00,37367.5,37409.2,37311.9,37401,1368.025,51109937.5549
1700528400000,2023-11-21T01:00:00+00:00,37401,37437.8,37358.1,37411.4,840.034,31419695.273
1700529300000,2023-11-21T01:15:00+00:00,37411.4,37445.2,37395.9,37442.1,622.847,23312173.6933
1700530200000,2023-11-21T01:30:00+00:00,37442.1,37547,37442.1,37532.2,709.035,26594312.899
1700531100000,2023-11-21T01:45:00+00:00,37532.2,37632,37525.5,37607.6,998.472,37520873.6036
1700532000000,2023-11-21T02:00:00+00:00,37607.6,37662.4,37570.7,37587.5,955.119,35904744.8882
1700532900000,2023-11-21T02:15:00+00:00,37587.5,37608.2,37491.2,37519.4,994.976,37366417.1117
1700533800000,2023-11-21T02:30:00+00:00,37519.4,37639.1,37502.3,37576.8,1166.467,43817033.3888
1700534700000,2023-11-21T02:45:00+00:00,37576.8,37593.5,37432.9,37461.3,1325.775,49696792.3397
1700535600000,2023-11-21T03:00:00+00:00,37461.3,37524.9,37456,37508.7,1025.98,38468399.1236
1700536500000,2023-11-21T03:15:00+00:00,37508.7,37559.8,37479.3,37553.2,598.281,22453252.2985
1700537400000,2023-11-21T03:30:00+00:00,37553.2,37556.4,37507.2,37509.5,572.951,21500840.6961
1700538300000,2023-11-21T03:45:00+00:00,37509.5,37517,37452,37469.2,723.074,27103720.3247
1700539200000,2023-11-21T04:00:00+00:00,37469.2,37477.7,37444.5,37448.6,484.995,18165861.5183
1700540100000,2023-11-21T04:15:00+00:00,37448.6,37479.9,37434,37469.6,574.472,21515176.8243
1700541000000,2023-11-21T04:30:00+00:00,37469.6,37483.5,37426.9,37438,791.196,29630679.0461
1700541900000,2023-11-21T04:45:00+00:00,37438,37443.7,37393.7,37394.7,603.992,22600837.7026
1700542800000,2023-11-21T05:00:00+00:00,37394.7,37402.5,37358,37402.4,1056.213,39480532.1726
1700543700000,2023-11-21T05:15:00+00:00,37402.4,37402.4,37366.7,37382.2,908.019,33945401.7986
1700544600000,2023-11-21T05:30:00+00:00,37382.2,37393,37321.9,37330.7,1183.708,44217979.3508
1700545500000,2023-11-21T05:45:00+00:00,37330.7,37378.9,37330.7,37363.4,766.044,28616480.6815
1700546400000,2023-11-21T06:00:00+00:00,37363.4,37374,37333.7,37359.1,841.605,31438153.9792
1700547300000,2023-11-21T06:15:00+00:00,37359.1,37407.2,37347.5,37399.4,897.258,33540601.5224
1700548200000,2023-11-21T06:30:00+00:00,37399.4,37423.3,37391.1,37393.5,910.977,34077941.0243
1700549100000,2023-11-21T06:45:00+00:00,37393.5,37400.3,37374,37382.2,841.871,31475036.1689
1700550000000,2023-11-21T07:00:00+00:00,37382.2,37382.2,37244.3,37308.5,1515.876,56561851.4189
1700550900000,2023-11-21T07:15:00+00:00,37308.5,37328.8,37263,37264.9,1188.693,44330971.624
1700551800000,2023-11-21T07:30:00+00:00,37264.9,37311.9,37256.2,37308.8,917.645,34224372.9883
1700552700000,2023-11-21T07:45:00+00:00,37308.8,37323.6,37245.1,37286.6,1003.281,37421459.6168
1700553600000,2023-11-21T08:00:00+00:00,37286.6,37314.8,37272.8,37297,678.395,25304966.8882
1700554500000,2023-11-21T08:15:00+00:00,37297,37384.6,37296.8,37384.6,695.025,25951805.8742
1700555400000,2023-11-21T08:30:00+00:00,37384.6,37386.1,37342.8,37357.2,626.041,23391436.0324
1700556300000,2023-11-21T08:45:00+00:00,37357.2,37428.5,37346.8,37410.9,686.123,25657741.5907
1700557200000,2023-11-21T09:00:00+00:00,37410.9,37414.9,37377.6,37377.7,756.137,28278708.5894
1700558100000,2023-11-21T09:15:00+00:00,37377.7,37407.8,37377.6,37386.3,563.408,21066148.1763
1700559000000,2023-11-21T09:30:00+00:00,37386.3,37386.3,37338.7,37357.8,618.424,23107354.7364
1700559900000,2023-11-21T09:45:00+00:00,37357.8,37357.9,37316.9,37317.2,671.648,25079443.7546
1700560800000,2023-11-21T10:00:00+00:00,37317.2,37344.6,37315,37338,864.216,32263899.0483
1700561700000,2023-11-21T10:15:00+00:00,37338,37392.3,37337.7,37389.2,724.305,27069573.2418
1700562600000,2023-11-21T10:30:00+00:00,37389.2,37414.9,37385.3,37398.9,734.321,27465066.1698
1700563500000,2023-11-21T10:45:00+00:00,37398.9,37401.5,37346.5,37357,783.063,29261992.899
1700564400000,2023-11-21T11:00:00+00:00,37357,37368.8,37327.2,37328.5,610.926,22818884.0006
1700565300000,2023-11-21T11:15:00+00:00,37328.5,37330,37166.8,37199.9,1375.055,51215645.3088
1700566200000,2023-11-21T11:30:00+00:00,37199.9,37248.9,37174.9,37212.6,758.612,28235029.0355
1700567100000,2023-11-21T11:45:00+00:00,37212.6,37233.9,37150,37179.3,759.116,28231122.2978
1700568000000,2023-11-21T12:00:00+00:00,37179.3,37209.8,37124.5,37200.4,1057.901,39326672.7928
1700568900000,2023-11-21T12:15:00+00:00,37200.4,37236.3,37160,37236.3,883.79,32876522.903
1700569800000,2023-11-21T12:30:00+00:00,37236.3,37236.3,37156.5,37184,909.392,33816980.2659
1700570700000,2023-11-21T12:45:00+00:00,37184,37195.7,37117.2,37193.1,1059.424,39375594.6026
1700571600000,2023-11-21T13:00:00+00:00,37193.1,37210,37100.9,37164.3,1085.043,40325707.3765
1700572500000,2023-11-21T13:15:00+00:00,37164.3,37200,37114.2,37172,699.148,25977827.1978
1700573400000,2023-11-21T13:30:00+00:00,37172,37184.5,37067.1,37070,1259.384,46730239.7478
1700574300000,2023-11-21T13:45:00+00:00,37070,37106.6,37007.9,37020.4,1479.645,54821218.662
1700575200000,2023-11-21T14:00:00+00:00,37020.4,37025.6,36863.4,36914.8,2893.175,106907826.8614
1700576100000,2023-11-21T14:15:00+00:00,36914.8,36966.3,36860.3,36900,1434.521,52966947.3328
1700577000000,2023-11-21T14:30:00+00:00,36900,36900,36643.1,36689.3,3765.934,138563757.1588
1700577900000,2023-11-21T14:45:00+00:00,36689.3,36738.9,36440,36639.9,4914.104,179853140.0183
1700578800000,2023-11-21T15:00:00+00:00,36639.9,36648,36231.1,36404.3,7443.694,271269018.8671
1700579700000,2023-11-21T15:15:00+00:00,36404.3,36523,36273.2,36461.4,3099.258,112869646.349
1700580600000,2023-11-21T15:30:00+00:00,36461.4,36577.3,36370.1,36569.5,1937.891,70684617.8823
1700581500000,2023-11-21T15:45:00+00:00,36569.5,37190.1,36533.2,36980.7,7015.2,259197130.0224
1700582400000,2023-11-21T16:00:00+00:00,36980.7,37058,36745.7,36985.7,3268.388,120635033.3003
1700583300000,2023-11-21T16:15:00+00:00,36985.7,37017.9,36860.1,36961,1692.343,62505466.2062
1700584200000,2023-11-21T16:30:00+00:00,36961,36992.5,36846.1,36944.9,1207.745,44592384.1777
1700585100000,2023-11-21T16:45:00+00:00,36944.9,37269,36940.3,37187.8,3384.906,125626119.1692
1700586000000,2023-11-21T17:00:00+00:00,37187.8,37329,37125.4,37318.8,1962.616,73056124.6063
1700586900000,2023-11-21T17:15:00+00:00,37318.8,37514.6,37256,37281.3,3810.439,142444940.0705
1700587800000,2023-11-21T17:30:00+00:00,37281.3,37321,36828.6,36832,3372.367,125058764.2333
1700588700000,2023-11-21T17:45:00+00:00,36832,37011.5,36588.8,36902.4,3791.619,139766425.5373
1700589600000,2023-11-21T18:00:00+00:00,36902.4,36902.4,36703.4,36783.5,2631.748,96878495.3587
1700590500000,2023-11-21T18:15:00+00:00,36783.5,36952.1,36750,36945.9,1199.842,44229373.603
1700591400000,2023-11-21T18:30:00+00:00,36945.9,36980.5,36873.4,36891.6,1247.397,46061097.0626
1700592300000,2023-11-21T18:45:00+00:00,36891.6,36922.1,36829.6,36884.7,656.311,24200898.9574
1700593200000,2023-11-21T19:00:00+00:00,36884.7,36913.3,36757,36875,857.51,31574395.5991
1700594100000,2023-11-21T19:15:00+00:00,36875,37118,36860.1,37004.8,1883.163,69732842.4203
1700595000000,2023-11-21T19:30:00+00:00,37004.8,37073.3,36964.6,37055.8,1017.335,37661579.4027
1700595900000,2023-11-21T19:45:00+00:00,37055.8,37082.1,36927.5,36983.7,1041.97,38549221.2362
1700596800000,2023-11-21T20:00:00+00:00,36983.7,36986.3,36849.1,36906.4,1163.47,42940240.6088
1700597700000,2023-11-21T20:15:00+00:00,36906.4,37062.6,36906.4,36999.1,1016.734,37631228.7143
1700598600000,2023-11-21T20:30:00+00:00,36999.1,37174.8,36917.8,37103.3,1312.051,48612513.632
1700599500000,2023-11-21T20:45:00+00:00,37103.3,37107.3,36904,36932.4,1294.327,47886192.132
1700600400000,2023-11-21T21:00:00+00:00,36932.4,37017.5,36875.6,36995.1,842.161,31110908.91
1700601300000,2023-11-21T21:15:00+00:00,36995.1,37022.2,36881.4,36946.6,522.301,19293519.5514
1700602200000,2023-11-21T21:30:00+00:00,36946.6,36964.5,36853.3,36867.6,682.544,25193664.6565
1700603100000,2023-11-21T21:45:00+00:00,36867.6,36867.6,36715.3,36824.6,1773.262,65197599.7031
1700604000000,2023-11-21T22:00:00+00:00,36824.6,36889.7,36794.8,36794.8,814.339,30003233.6546
1700604900000,2023-11-21T22:15:00+00:00,36794.8,36794.8,36589.5,36589.8,1907.735,70008608.9933
1700605800000,2023-11-21T22:30:00+00:00,36589.8,36603.1,36393.9,36445.9,2371.479,86604351.8759
1700606700000,2023-11-21T22:45:00+00:00,36445.9,36573.8,36280.1,36378,2087.419,76041057.04
1700607600000,2023-11-21T23:00:00+00:00,36378,36418.1,36199.7,36279.4,2433.702,88347943.9113
1700608500000,2023-11-21T23:15:00+00:00,36279.4,36345.8,36070.5,36110.3,2424.914,87815095.7193
1700609400000,2023-11-21T23:30:00+00:00,36110.3,36195.4,35950.1,36062.9,3003.814,108302011.4002
1700610300000,2023-11-21T23:45:00+00:00,36062.9,36099.9,35718.9,35729.9,3665.2,131459277.764
1700611200000,2023-11-22T00:00:00+00:00,35729.9,35989.5,35610,35989.4,4633.414,165761768.9764
1700612100000,2023-11-22T00:15:00+00:00,35989.4,36115.6,35930.1,36115.4,1836.04,66138253.5192
1700613000000,2023-11-22T00:30:00+00:00,36115.4,36130,36000.4,36010.2,1382.064,49862693.0379
1700613900000,2023-11-22T00:45:00+00:00,36010.2,36108.6,35967.7,36108.6,1300.87,46873682.5617
1700614800000,2023-11-22T01:00:00+00:00,36108.6,36165.1,36064.2,36149.5,1013.944,36631679.2845
1700615700000,2023-11-22T01:15:00+00:00,36149.5,36149.8,36056.5,36121.5,755.142,27253760.2458
1700616600000,2023-11-22T01:30:00+00:00,36121.5,36165.1,36062.9,36159.5,554.104,20009474.034
1700617500000,2023-11-22T01:45:00+00:00,36159.5,36174.3,36070,36080.9,865.026,31240541.6795
1700618400000,2023-11-22T02:00:00+00:00,36080.9,36086.5,36025,36051.1,932.934,33640858.3069
1700619300000,2023-11-22T02:15:00+00:00,36051.1,36105,36051.1,36105,989.499,35704747.6205
1700620200000,2023-11-22T02:30:00+00:00,36105,36227.5,36105,36180.2,1178.354,42625284.4763
1700621100000,2023-11-22T02:45:00+00:00,36180.2,36303.8,36148,36292.2,1073.289,38898305.916
1700622000000,2023-11-22T03:00:00+00:00,36292.2,36335.9,36251.4,36326.2,1388.275,50372126.428
1700622900000,2023-11-22T03:15:00+00:00,36326.2,36372.9,36280,36348.1,1090.745,39618720.2268
1700623800000,2023-11-22T03:30:00+00:00,36348.1,36365.3,36304.6,36336.8,787.401,28610848.6887
1700624700000,2023-11-22T03:45:00+00:00,36336.8,36378,36335.6,36373.8,991.349,36046485.2796
1700625600000,2023-11-22T04:00:00+00:00,36373.8,36403,36336.9,36393.4,1056.107,38411140.7387
1700626500000,2023-11-22T04:15:00+00:00,36393.4,36425.9,36317.4,36329.6,1203.926,43785522.1948
1700627400000,2023-11-22T04:30:00+00:00,36329.6,36455,36323.8,36455,1060.504,38604938.0612
1700628300000,2023-11-22T04:45:00+00:00,36455,36459.7,36384.1,36408.5,1110.552,40451952.6532
1700629200000,2023-11-22T05:00:00+00:00,36408.5,36478.9,36400.5,36453.4,1135.383,41391385.9155
1700630100000,2023-11-22T05:15:00+00:00,36453.4,36453.7,36375,36375.1,1251.113,45549117.8572
1700631000000,2023-11-22T05:30:00+00:00,36375.1,36395.7,36350,36391.2,956.57,34789914.4626
1700631900000,2023-11-22T05:45:00+00:00,36391.2,36391.2,36331.9,36355,1043.342,37923321.103
1700632800000,2023-11-22T06:00:00+00:00,36355,36467.6,36355,36462.9,944.199,34380686.3997
1700633700000,2023-11-22T06:15:00+00:00,36462.9,36474,36409.2,36435,613.155,22346626.4497
1700634600000,2023-11-22T06:30:00+00:00,36435,36553,36415.6,36546.4,1307.224,47728648.9802
1700635500000,2023-11-22T06:45:00+00:00,36546.4,36546.4,36493.4,36508.4,673.373,24587849.4478
1700636400000,2023-11-22T07:00:00+00:00,36508.4,36549.9,36476.2,36481.5,751.533,27441916.2763
1700637300000,2023-11-22T07:15:00+00:00,36481.5,36535.9,36476,36535.1,711.903,25984015.5946
1700638200000,2023-11-22T07:30:00+00:00,36535.1,36550,36480.8,36499.6,632.655,23100521.3981
1700639100000,2023-11-22T07:45:00+00:00,36499.6,36503.8,36430.7,36431.3,934.418,34060169.3812
1700640000000,2023-11-22T08:00:00+00:00,36431.3,36473.9,36425.6,36462.1,1344.889,49017039.0299
1700640900000,2023-11-22T08:15:00+00:00,36462.1,36491.3,36398.3,36408.2,1203.084,43854456.6277
1700641800000,2023-11-22T08:30:00+00:00,36408.2,36469.9,36385.1,36467.4,985.495,35904828.1736
1700642700000,2023-11-22T08:45:00+00:00,36467.4,36560.3,36445.9,36555.1,1372.214,50107543.824
1700643600000,2023-11-22T09:00:00+00:00,36555.1,36567.8,36512.7,36542,697.392,25488555.3134
1700644500000,2023-11-22T09:15:00+00:00,36542,36555.7,36502,36512.5,580.455,21197535.3119
1700645400000,2023-11-22T09:30:00+00:00,36512.5,36682.6,36512.5,36674.4,1683.506,61643009.7591
1700646300000,2023-11-22T09:45:00+00:00,36674.4,36693.4,36611.7,36682,1150.042,42155325.4399
1700647200000,2023-11-22T10:00:00+00:00,36682,36776.7,36634.5,36640.5,1572.775,57739279.5535
1700648100000,2023-11-22T10:15:00+00:00,36640.5,36649.5,36578,36585.4,1603.884,58713069.0294
1700649000000,2023-11-22T10:30:00+00:00,36585.4,36696.2,36564,36680.8,1499.467,54913229.4883
1700649900000,2023-11-22T10:45:00+00:00,36680.8,36731.9,36610,36664.5,1631.89,59847017.1089
1700650800000,2023-11-22T11:00:00+00:00,36664.5,36669.2,36576.8,36626.7,1023.337,37478247.7194
1700651700000,2023-11-22T11:15:00+00:00,36626.7,36634.7,36529.1,36554.2,1298.633,47486907.465
1700652600000,2023-11-22T11:30:00+00:00,36554.2,36578.4,36498.2,36517.4,1055.699,38572162.1836
1700653500000,2023-11-22T11:45:00+00:00,36517.4,36543.2,36438,36465,1785.145,65126879.881
1700654400000,2023-11-22T12:00:00+00:00,36465,36545.8,36447.1,36538.7,1010.754,36900508.5375
1700655300000,2023-11-22T12:15:00+00:00,36538.7,36566.5,36470.2,36473.2,705.357,25762079.5897
1700656200000,2023-11-22T12:30:00+00:00,36473.2,36548.9,36461.8,36548.2,874.866,31924906.9294
1700657100000,2023-11-22T12:45:00+00:00,36548.2,36590.6,36538.8,36563,870.292,31823908.1115
1700658000000,2023-11-22T13:00:00+00:00,36563,36633.2,36500.1,36505.3,1102.337,40308916.0205
1700658900000,2023-11-22T13:15:00+00:00,36505.3,36532.3,36466.9,36477.5,1068.053,38974686.2395
1700659800000,2023-11-22T13:30:00+00:00,36477.5,36629.9,36450,36506.1,1358.573,49659898.752
1700660700000,2023-11-22T13:45:00+00:00,36506.1,36644.6,36506.1,36586.4,1113.699,40757069.2596
1700661600000,2023-11-22T14:00:00+00:00,36586.4,36648.8,36545,36600,995.642,36438139.5671
1700662500000,2023-11-22T14:15:00+00:00,36600,36634.6,36511.1,36524.1,1401.757,51237662.5309
1700663400000,2023-11-22T14:30:00+00:00,36524.1,36584.6,36489.3,36489.6,1583.443,57842747.4752
1700664300000,2023-11-22T14:45:00+00:00,36489.6,36512,36274.5,36391.1,3761.49,136808391.3764
1700665200000,2023-11-22T15:00:00+00:00,36391.1,36398.3,36231.4,36293.9,2198.519,79799402.0998
1700666100000,2023-11-22T15:15:00+00:00,36293.9,36571.2,36267.1,36533.4,2407.535,87712838.0079
1700667000000,2023-11-22T15:30:00+00:00,36533.4,36627.5,36483.8,36513.4,1735.798,63444624.1203
1700667900000,2023-11-22T15:45:00+00:00,36513.4,36528.9,36427.8,36475.4,1369.68,49951305.4115
1700668800000,2023-11-22T16:00:00+00:00,36475.4,36574.2,36459.6,36506,1650.602,60280567.4378
1700669700000,2023-11-22T16:15:00+00:00,36506,36509.9,36433.3,36441,1123.399,40961609.5212
1700670600000,2023-11-22T16:30:00+00:00,36441,36476.9,36384.1,36443.4,1063.619,38743614.1293
1700671500000,2023-11-22T16:45:00+00:00,36443.4,36460.5,36364.9,36460.5,1260.127,45874963.9366
1700672400000,2023-11-22T17:00:00+00:00,36460.5,36526.3,36444.2,36486.3,1001.23,36533965.3399
1700673300000,2023-11-22T17:15:00+00:00,36486.3,36583.3,36464.1,36577.8,803.838,29374094.3281
1700674200000,2023-11-22T17:30:00+00:00,36577.8,36637.6,36527.9,36545.1,960.496,35149850.0463
1700675100000,2023-11-22T17:45:00+00:00,36545.1,36583.3,36520.8,36581.1,772.345,28230076.5565
1700676000000,2023-11-22T18:00:00+00:00,36581.1,36719.5,36558,36702.6,1069.526,39172991.5913
1700676900000,2023-11-22T18:15:00+00:00,36702.6,37150,36702.1,37105.1,5097.094,188479628.4636
1700677800000,2023-11-22T18:30:00+00:00,37105.1,37247.9,37091.3,37150.9,2505.562,93147875.2335
1700678700000,2023-11-22T18:45:00+00:00,37150.9,37279.1,37064.4,37186.5,1655.151,61516193.5963
1700679600000,2023-11-22T19:00:00+00:00,37186.5,37438.3,37186.5,37311.5,2612.452,97573873.5385
1700680500000,2023-11-22T19:15:00+00:00,37311.5,37361.4,37159.7,37159.7,1401.42,52203372.6101
1700681400000,2023-11-22T19:30:00+00:00,37159.7,37235.5,37120,37219.1,1057.917,39331503.7411
1700682300000,2023-11-22T19:45:00+00:00,37219.1,37326.6,37191.3,37285.9,775.868,28915888.5817
1700683200000,2023-11-22T20:00:00+00:00,37285.9,37347.9,37211.5,37222.5,834.214,31083893.8058
1700684100000,2023-11-22T20:15:00+00:00,37222.5,37340,37222.5,37339.9,1190.895,44431954.7559
1700685000000,2023-11-22T20:30:00+00:00,37339.9,37521.9,37308,37465.2,2173.071,81371789.6191
1700685900000,2023-11-22T20:45:00+00:00,37465.2,37622.5,37450,37620.6,2280.368,85634767.7811
1700686800000,2023-11-22T21:00:00+00:00,37620.6,37720.9,37510.2,37693.7,3258.221,122590029.7199
1700687700000,2023-11-22T21:15:00+00:00,37693.7,37850.8,37540,37816.4,2979.5,112425399.0393
1700688600000,2023-11-22T21:30:00+00:00,37816.4,37867.6,37582.2,37587.4,3248.299,122518021.1608
1700689500000,2023-11-22T21:45:00+00:00,37587.4,37660.1,37541.2,37607.2,1908.326,71730970.2773
1700690400000,2023-11-22T22:00:00+00:00,37607.2,37752,37594.2,37655.3,1271.605,47885538.2071
1700691300000,2023-11-22T22:15:00+00:00,37655.3,37691.9,37510.7,37518.4,967.04,36367070.09
1700692200000,2023-11-22T22:30:00+00:00,37518.4,37556,37411.7,37460.1,1709.908,64082682.8337
1700693100000,2023-11-22T22:45:00+00:00,37460.1,37477.7,37372.7,37444.7,1270.272,47538165.8126
1700694000000,2023-11-22T23:00:00+00:00,37444.7,37489,37269.1,37287.6,1623.887,60641321.5565
1700694900000,2023-11-22T23:15:00+00:00,37287.6,37342.7,37247.7,37305.7,1544.379,57614668.6925
1700695800000,2023-11-22T23:30:00+00:00,37305.7,37422.2,37272.1,37389.5,1252.444,46818043.4094
1700696700000,2023-11-22T23:45:00+00:00,37389.5,37466,37385,37404.4,772.154,28902055.5725
1700697600000,2023-11-23T00:00:00+00:00,37404.4,37534.9,37384.6,37508.1,1353.438,50724073.4016
1700698500000,2023-11-23T00:15:00+00:00,37508.1,37508.1,37377.9,37390.1,1140.588,42668956.0546
1700699400000,2023-11-23T00:30:00+00:00,37390.1,37399.5,37310,37329,884.546,33036649.5595
1700700300000,2023-11-23T00:45:00+00:00,37329,37373.5,37302,37308.4,1013.645,37834466.8673
1700701200000,2023-11-23T01:00:00+00:00,37308.4,37378.5,37306.5,37371.4,888,33168016.9821
1700702100000,2023-11-23T01:15:00+00:00,37371.4,37485,37363.1,37475.6,800.551,29957720.8114
1700703000000,2023-11-23T01:30:00+00:00,37475.6,37477,37399,37466.5,687.705,25743236.3929
1700703900000,2023-11-23T01:45:00+00:00,37466.5,37478.6,37412.6,37412.6,786.44,29443368.1592
1700704800000,2023-11-23T02:00:00+00:00,37412.6,37443.1,37345.6,37345.6,772.473,28884600.6417
1700705700000,2023-11-23T02:15:00+00:00,37345.6,37401.3,37318.6,37350.7,884.048,33033191.2957
1700706600000,2023-11-23T02:30:00+00:00,37350.7,37385.3,37333.3,37349.4,691.817,25849023.0269
1700707500000,2023-11-23T02:45:00+00:00,37349.4,37381.8,37346.5,37346.6,781.825,29209387.8119
1700708400000,2023-11-23T03:00:00+00:00,37346.6,37349,37265.7,37287.8,1415.626,52801048.4645
1700709300000,2023-11-23T03:15:00+00:00,37287.8,37374.6,37278.6,37362.4,971.363,36248594.0263
1700710200000,2023-11-23T03:30:00+00:00,37362.4,37380.3,37311.4,37357,966.66,36105690.7107
1700711100000,2023-11-23T03:45:00+00:00,37357,37357,37302.3,37302.9,929.091,34679842.5562
1700712000000,2023-11-23T04:00:00+00:00,37302.9,37319.5,37272.1,37287,729.298,27199941.9856
1700712900000,2023-11-23T04:15:00+00:00,37287,37318.2,37283,37312,414.022,15446806.6548
1700713800000,2023-11-23T04:30:00+00:00,37312,37388.6,37302,37374.2,502.189,18756891.0836
1700714700000,2023-11-23T04:45:00+00:00,37374.2,37401,37342,37342,480.535,17957847.925
1700715600000,2023-11-23T05:00:00+00:00,37342,37374.3,37340.9,37365.7,623.655,23295964.1614
1700716500000,2023-11-23T05:15:00+00:00,37365.7,37398.3,37350.1,37398.3,835.179,31209965.7971
1700717400000,2023-11-23T05:30:00+00:00,37398.3,37414.1,37323,37329.2,960.467,35885399.393
1700718300000,2023-11-23T05:45:00+00:00,37329.2,37334.5,37315.9,37329.6,839.419,31332089.9022
1700719200000,2023-11-23T06:00:00+00:00,37329.6,37340.8,37289,37291.6,1080.206,40303867.8174
1700720100000,2023-11-23T06:15:00+00:00,37291.6,37319.1,37271.4,37311.9,821.279,30623515.1674
1700721000000,2023-11-23T06:30:00+00:00,37311.9,37312.1,37265.4,37272.7,847.791,31603138.0954
1700721900000,2023-11-23T06:45:00+00:00,37272.7,37300.9,37271.9,37272.2,773.668,28844715.1915
1700722800000,2023-11-23T07:00:00+00:00,37272.2,37369.8,37272.1,37355.9,977.929,36513746.8472
1700723700000,2023-11-23T07:15:00+00:00,37355.9,37362.9,37332.9,37339.1,695.224,25966721.6164
1700724600000,2023-11-23T07:30:00+00:00,37339.1,37365,37321.3,37322.3,878.439,32807649.2182
1700725500000,2023-11-23T07:45:00+00:00,37322.3,37364,37322.3,37363.9,847.11,31630408.0139
1700726400000,2023-11-23T08:00:00+00:00,37363.9,37427.5,37357.5,37382.9,1093.25,40872041.312
1700727300000,2023-11-23T08:15:00+00:00,37382.9,37458.6,37380,37429.5,1295.486,48480492.3256
1700728200000,2023-11-23T08:30:00+00:00,37429.5,37510,37429.3,37479.6,1465.533,54915497.4817
1700729100000,2023-11-23T08:45:00+00:00,37479.6,37501.1,37429.3,37493.5,956.355,35828175.43
1700730000000,2023-11-23T09:00:00+00:00,37493.5,37509,37455.9,37484.1,968.809,36313899.8711
1700730900000,2023-11-23T09:15:00+00:00,37484.1,37484.1,37439.1,37455,854.559,32008379.0325
1700731800000,2023-11-23T09:30:00+00:00,37455,37533,37442.7,37532.1,893.318,33482920.6165
1700732700000,2023-11-23T09:45:00+00:00,37532.1,37655,37501.8,37632,2113.989,79453168.7955
1700733600000,2023-11-23T10:00:00+00:00,37632,37632.7,37527,37529.5,1196.793,44958739.8537
1700734500000,2023-11-23T10:15:00+00:00,37529.5,37532.6,37448.5,37477.3,926.532,34733200.421
1700735400000,2023-11-23T10:30:00+00:00,37477.3,37508.3,37433.5,37493.5,647.808,24282165.0034
1700736300000,2023-11-23T10:45:00+00:00,37493.5,37497.7,37452.9,37460,558.733,20937807.968
1700737200000,2023-11-23T11:00:00+00:00,37460,37460,37383.2,37400.9,1199.769,44910598.5091
1700738100000,2023-11-23T11:15:00+00:00,37400.9,37408.5,37169,37289.8,3462.381,129049434.2493
1700739000000,2023-11-23T11:30:00+00:00,37289.8,37365.9,37283.6,37338.5,1253.635,46807531.5211
1700739900000,2023-11-23T11:45:00+00:00,37338.5,37375.4,37274.4,37374.9,986.596,36834791.1455
1700740800000,2023-11-23T12:00:00+00:00,37374.9,37437,37361.4,37437,1336.779,49989183.6485
1700741700000,2023-11-23T12:15:00+00:00,37437,37528,37401.6,37485.5,1166.243,43698551.0715
1700742600000,2023-11-23T12:30:00+00:00,37485.5,37485.5,37324.4,37363.6,1187.525,44399841.1825
1700743500000,2023-11-23T12:45:00+00:00,37363.6,37378.6,37252.5,37296.5,1321.043,49269724.2724
1700744400000,2023-11-23T13:00:00+00:00,37296.5,37383,37270.2,37368.1,1015.764,37913334.4138
1700745300000,2023-11-23T13:15:00+00:00,37368.1,37389.6,37296.9,37310.2,545.717,20373321.9362
1700746200000,2023-11-23T13:30:00+00:00,37310.2,37356,37284,37285,562.456,20989552.3322
1700747100000,2023-11-23T13:45:00+00:00,37285,37323.6,37214.9,37229.9,1428.476,53217435.6842
1700748000000,2023-11-23T14:00:00+00:00,37229.9,37296.9,37217.7,37245.8,608.25,22663103.8276
1700748900000,2023-11-23T14:15:00+00:00,37245.8,37289.5,37159.1,37165,1296.828,48235162.4217
1700749800000,2023-11-23T14:30:00+00:00,37165,37262,37109,37214.8,1468.677,54620007.7096
1700750700000,2023-11-23T14:45:00+00:00,37214.8,37249.2,37118.4,37192.3,710.459,26414043.7762
1700751600000,2023-11-23T15:00:00+00:00,37192.3,37239.9,37145,37146.9,851.512,31672133.6853
1700752500000,2023-11-23T15:15:00+00:00,37146.9,37206.5,37006.3,37051,1817.176,67377030.3423
1700753400000,2023-11-23T15:30:00+00:00,37051,37105.4,36911.9,37030.5,2458.011,91038287.0737
1700754300000,2023-11-23T15:45:00+00:00,37030.5,37036.4,36862.4,36941.7,2233.691,82514150.8361
1700755200000,2023-11-23T16:00:00+00:00,36941.7,37124.1,36910,37119.7,1703.661,63113738.3286
1700756100000,2023-11-23T16:15:00+00:00,37119.7,37164.8,37076.4,37157.2,1259.458,46752602.1345
1700757000000,2023-11-23T16:30:00+00:00,37157.2,37160.1,37073.3,37084.5,1089.651,40436732.9251
1700757900000,2023-11-23T16:45:00+00:00,37084.5,37126.9,37060,37073,988.643,36667973.3635
1700758800000,2023-11-23T17:00:00+00:00,37073,37229.3,37071,37201,962.369,35756085.4348
1700759700000,2023-11-23T17:15:00+00:00,37201,37230,37174.4,37220,939.562,34959358.9138
1700760600000,2023-11-23T17:30:00+00:00,37220,37220,37127.3,37158.5,588.104,21855448.2628
1700761500000,2023-11-23T17:45:00+00:00,37158.5,37211.8,37144.1,37162.5,674.184,25064631.6344
1700762400000,2023-11-23T18:00:00+00:00,37162.5,37282.5,37158.7,37248.7,901.191,33557451.0979
1700763300000,2023-11-23T18:15:00+00:00,37248.7,37286.9,37237.1,37250,849.414,31650407.7877
1700764200000,2023-11-23T18:30:00+00:00,37250,37275,37219.2,37226.3,518.919,19327686.3138
1700765100000,2023-11-23T18:45:00+00:00,37226.3,37277.9,37226.3,37249.5,511.454,19052151.1833
1700766000000,2023-11-23T19:00:00+00:00,37249.5,37267.2,37171,37231.3,950.679,35373444.309
1700766900000,2023-11-23T19:15:00+00:00,37231.3,37286,37214.7,37226.2,417.723,15561406.3087
1700767800000,2023-11-23T19:30:00+00:00,37226.2,37255,37212,37232.7,301.366,11220159.3995
1700768700000,2023-11-23T19:45:00+00:00,37232.7,37347.2,37231.7,37271.5,699.835,26100251.3539
1700769600000,2023-11-23T20:00:00+00:00,37271.5,37349.7,37271.5,37298.6,476.677,17786387.9147
1700770500000,2023-11-23T20:15:00+00:00,37298.6,37380.5,37298.6,37357.6,551.221,20588746.2316
1700771400000,2023-11-23T20:30:00+00:00,37357.6,37363.7,37264.2,37287.1,470.871,17562837.777
1700772300000,2023-11-23T20:45:00+00:00,37287.1,37298.6,37264.7,37274,498.933,18601582.9253
1700773200000,2023-11-23T21:00:00+00:00,37274,37369.9,37274,37348.1,669.656,24994820.9932
1700774100000,2023-11-23T21:15:00+00:00,37348.1,37359.3,37292.1,37310.6,597.153,22282678.5677
1700775000000,2023-11-23T21:30:00+00:00,37310.6,37318.3,37242.5,37254.6,741.441,27633501.5278
1700775900000,2023-11-23T21:45:00+00:00,37254.6,37278.4,37236.9,37241.5,773.835,28827610.7998
1700776800000,2023-11-23T22:00:00+00:00,37241.5,37264.2,37236.5,37239,712.189,26526559.3404
1700777700000,2023-11-23T22:15:00+00:00,37239,37247.8,37198,37227,836.094,31128204.6254
1700778600000,2023-11-23T22:30:00+00:00,37227,37250,37198,37227.9,702.807,26170272.5623
1700779500000,2023-11-23T22:45:00+00:00,37227.9,37298.9,37219.5,37298.9,763.082,28426360.1962
1700780400000,2023-11-23T23:00:00+00:00,37298.9,37377.4,37298.6,37369.3,874.886,32672361.2179
1700781300000,2023-11-23T23:15:00+00:00,37369.3,37372.7,37293.1,37293.9,492.683,18388960.6657
1700782200000,2023-11-23T23:30:00+00:00,37293.9,37317.4,37263.2,37263.8,408.188,15219835.2115
1700783100000,2023-11-23T23:45:00+00:00,37263.8,37292.3,37245.6,37280.5,432.434,16118004.7207
1700784000000,2023-11-24T00:00:00+00:00,37280.5,37310.9,37246.1,37251.9,667.274,24870741.4974
1700784900000,2023-11-24T00:15:00+00:00,37251.9,37327.8,37251.9,37312.2,740.485,27620355.7455
1700785800000,2023-11-24T00:30:00+00:00,37312.2,37319,37292.3,37305.5,684.718,25544448.1933
1700786700000,2023-11-24T00:45:00+00:00,37305.5,37314.4,37277,37286.1,922.666,34406950.9403
1700787600000,2023-11-24T01:00:00+00:00,37286.1,37426,37286,37410,2303.087,86083778.9822
1700788500000,2023-11-24T01:15:00+00:00,37410,37470,37407.4,37447.9,956.95,35827553.8098
1700789400000,2023-11-24T01:30:00+00:00,37447.9,37467,37382.9,37393.7,772.212,28897085.3493
1700790300000,2023-11-24T01:45:00+00:00,37393.7,37412.6,37369.3,37374.9,636.898,23812330.2488
1700791200000,2023-11-24T02:00:00+00:00,37374.9,37409.4,37316,37366.9,644.297,24071717.7777
1700792100000,2023-11-24T02:15:00+00:00,37366.9,37409.3,37366.9,37394.1,595.927,22284323.1093
1700793000000,2023-11-24T02:30:00+00:00,37394.1,37429.5,37380,37417.9,702.783,26290145.3695
1700793900000,2023-11-24T02:45:00+00:00,37417.9,37421.5,37363,37372,496.265,18558600.6804
1700794800000,2023-11-24T03:00:00+00:00,37372,37374.8,37356.6,37364.6,476.933,17822026.2238
1700795700000,2023-11-24T03:15:00+00:00,37364.6,37386.8,37345.7,37367.7,479.031,17898328.8549
1700796600000,2023-11-24T03:30:00+00:00,37367.7,37370.5,37310,37336.8,648.072,24195178.4883
1700797500000,2023-11-24T03:45:00+00:00,37336.8,37344.9,37293.6,37303.9,547.545,20436637.7246
1700798400000,2023-11-24T04:00:00+00:00,37303.9,37318.8,37289,37299,824.306,30746002.2085
1700799300000,2023-11-24T04:15:00+00:00,37299,37327,37293,37316.5,828.512,30913649.6527
1700800200000,2023-11-24T04:30:00+00:00,37316.5,37347.3,37316.5,37340.3,838.068,31282675.1757
1700801100000,2023-11-24T04:45:00+00:00,37340.3,37350.5,37324.5,37338.4,700.815,26165366.3141
1700802000000,2023-11-24T05:00:00+00:00,37338.4,37339.8,37296,37309.9,709.081,26459449.3378
1700802900000,2023-11-24T05:15:00+00:00,37309.9,37361.4,37303.8,37359.7,892.352,33305969.076
1700803800000,2023-11-24T05:30:00+00:00,37359.7,37386.8,37359.6,37373.5,898.376,33577528.2985
1700804700000,2023-11-24T05:45:00+00:00,37373.5,37413.4,37366.1,37413.1,712.069,26621371.213
1700805600000,2023-11-24T06:00:00+00:00,37413.1,37418.9,37375.3,37385.7,792.562,29636047.1376
1700806500000,2023-11-24T06:15:00+00:00,37385.7,37399.5,37356,37356,504.672,18862838.1554
1700807400000,2023-11-24T06:30:00+00:00,37356,37408,37350,37408,537.634,20097335.2249
1700808300000,2023-11-24T06:45:00+00:00,37408,37408,37356.8,37372.5,457.053,17083787.0093
1700809200000,2023-11-24T07:00:00+00:00,37372.5,37372.6,37343.9,37360.6,479.234,17902039.4437
1700810100000,2023-11-24T07:15:00+00:00,37360.6,37382.9,37352.5,37365.7,440.243,16450312.6976
1700811000000,2023-11-24T07:30:00+00:00,37365.7,37433.5,37365.7,37433.3,885.402,33120281.6769
1700811900000,2023-11-24T07:45:00+00:00,37433.3,37572,37428.9,37523.6,1629.094,61082775.1523
1700812800000,2023-11-24T08:00:00+00:00,37523.6,37575.7,37484.3,37493.6,1062.424,39864728.826
1700813700000,2023-11-24T08:15:00+00:00,37493.6,37587.1,37490,37514,1240.615,46559061.9235
1700814600000,2023-11-24T08:30:00+00:00,37514,37524.8,37465,37468.7,1145.32,42934835.2055
1700815500000,2023-11-24T08:45:00+00:00,37468.7,37500,37440.1,37457.7,927.28,34737542.4535
1700816400000,2023-11-24T09:00:00+00:00,37457.7,37540.1,37453.1,37533.5,810.359,30380577.6347
1700817300000,2023-11-24T09:15:00+00:00,37533.5,37595.6,37499.2,37585.7,1058.389,39743614.1503
1700818200000,2023-11-24T09:30:00+00:00,37585.7,37750,37548.7,37721.5,2174.811,81889696.3293
1700819100000,2023-11-24T09:45:00+00:00,37721.5,37743.4,37592.4,37650,1619.599,60969288.7774
1700820000000,2023-11-24T10:00:00+00:00,37650,37691.7,37618.5,37649.5,1110.833,41826309.4498
1700820900000,2023-11-24T10:15:00+00:00,37649.5,37821.8,37625,37738.3,1853.165,69957264.5356
1700821800000,2023-11-24T10:30:00+00:00,37738.3,38043,37613.4,37694.1,7047.316,266716169.9674
1700822700000,2023-11-24T10:45:00+00:00,37694.1,37764.5,37600.3,37615.4,2168.952,81719506.1401
1700823600000,2023-11-24T11:00:00+00:00,37615.4,37790,37595.9,37778.8,1920.007,72391748.5926
1700824500000,2023-11-24T11:15:00+00:00,37778.8,37811,37726.5,37726.5,864.295,32646696.1135
1700825400000,2023-11-24T11:30:00+00:00,37726.5,38223,37691.7,37979.7,5344.98,202566479.0001
1700826300000,2023-11-24T11:45:00+00:00,37979.7,38008.5,37725,37762.3,2539.273,96138440.6522
1700827200000,2023-11-24T12:00:00+00:00,37762.3,37913.8,37745.8,37875.6,1732.361,65561598.7116
1700828100000,2023-11-24T12:15:00+00:00,37875.6,37994.8,37854.1,37952.6,1542.467,58513549.0925
1700829000000,2023-11-24T12:30:00+00:00,37952.6,37975.2,37820,37901.6,1247.492,47265048.9616
1700829900000,2023-11-24T12:45:00+00:00,37901.6,37912.3,37713.2,37734,2130.491,80494125.9623
1700830800000,2023-11-24T13:00:00+00:00,37734,37813,37674.6,37812.2,1312.04,49504964.6242
1700831700000,2023-11-24T13:15:00+00:00,37812.2,37876,37694,37722.7,1245.776,47076532.7575
1700832600000,2023-11-24T13:30:00+00:00,37722.7,37737.7,37635.8,37714.8,1971.931,74312123.3427
1700833500000,2023-11-24T13:45:00+00:00,37714.8,37828.1,37712.2,37791.5,1010.876,38196567.6172
1700834400000,2023-11-24T14:00:00+00:00,37791.5,37821,37713.1,37741.8,996.161,37607024.533
1700835300000,2023-11-24T14:15:00+00:00,37741.8,37763.8,37652.3,37660.5,1234.464,46538544.8768
1700836200000,2023-11-24T14:30:00+00:00,37660.5,37748,37612,37691.4,2010.786,75783594.6067
1700837100000,2023-11-24T14:45:00+00:00,37691.4,37820.7,37685.1,37805,1219.281,46047640.5804
1700838000000,2023-11-24T15:00:00+00:00,37805,37958.6,37791.6,37935.1,2228.887,84448411.7167
1700838900000,2023-11-24T15:15:00+00:00,37935.1,38309,37887.1,38299.7,5153.235,196516666.5948
1700839800000,2023-11-24T15:30:00+00:00,38299.7,38436.8,38083.5,38292,4211.796,161230580.154
1700840700000,2023-11-24T15:45:00+00:00,38292,38337.1,38142.4,38231.5,2547.72,97420013.3034
1700841600000,2023-11-24T16:00:00+00:00,38231.5,38357.7,38231.3,38250.7,1896.532,72651568.5248
1700842500000,2023-11-24T16:15:00+00:00,38250.7,38277.1,38152.4,38161.3,1812.456,69257689.8306
1700843400000,2023-11-24T16:30:00+00:00,38161.3,38189,38042.6,38097,2546.687,97060014.2944
1700844300000,2023-11-24T16:45:00+00:00,38097,38108.5,37571.6,37744.8,5461.372,206414173.7794
1700845200000,2023-11-24T17:00:00+00:00,37744.8,37841.2,37665.5,37819.1,2015.047,76067298.6073
1700846100000,2023-11-24T17:15:00+00:00,37819.1,37934,37754,37831.2,1576.5,59681681.8373
1700847000000,2023-11-24T17:30:00+00:00,37831.2,37909.4,37777.3,37777.3,1024.248,38788337.9602
1700847900000,2023-11-24T17:45:00+00:00,37777.3,37879,37760.3,37859.5,874.232,33066713.3722
1700848800000,2023-11-24T18:00:00+00:00,37859.5,37900.6,37800.3,37824,946.271,35819988.042
1700849700000,2023-11-24T18:15:00+00:00,37824,37837.9,37727.3,37782.5,1133.558,42831424.6783
1700850600000,2023-11-24T18:30:00+00:00,37782.5,37782.5,37602.1,37616.3,1331.159,50184742.4707
1700851500000,2023-11-24T18:45:00+00:00,37616.3,37739.7,37589.1,37736.1,1272.014,47916435.4447
1700852400000,2023-11-24T19:00:00+00:00,37736.1,37736.1,37624,37717.4,916.387,34530572.6392
1700853300000,2023-11-24T19:15:00+00:00,37717.4,37730,37652.3,37723.9,388.556,14647883.7627
1700854200000,2023-11-24T19:30:00+00:00,37723.9,37787.8,37712.9,37777.9,664.772,25097770.5714
1700855100000,2023-11-24T19:45:00+00:00,37777.9,37798.3,37731.3,37769,465.205,17571520.7875
1700856000000,2023-11-24T20:00:00+00:00,37769,37804.2,37762.4,37803.9,477.705,18051512.9933
1700856900000,2023-11-24T20:15:00+00:00,37803.9,37834.5,37740.6,37814.4,603.335,22801950.5883
1700857800000,2023-11-24T20:30:00+00:00,37814.4,37840.6,37804,37831.5,596.665,22569495.9357
1700858700000,2023-11-24T20:45:00+00:00,37831.5,37892,37821.4,37826.9,885.844,33531417.8119
1700859600000,2023-11-24T21:00:00+00:00,37826.9,37928.7,37800,37908.3,807.002,30568960.4821
1700860500000,2023-11-24T21:15:00+00:00,37908.3,37953.8,37855,37900.2,892.249,33815655.1149
1700861400000,2023-11-24T21:30:00+00:00,37900.2,37922.3,37782.8,37813.7,1301.886,49293037.5889
1700862300000,2023-11-24T21:45:00+00:00,37813.7,37867.9,37800,37833.7,1019.851,38587590.6672
1700863200000,2023-11-24T22:00:00+00:00,37833.7,37849.9,37663.3,37696.5,1367.932,51684854.4486
1700864100000,2023-11-24T22:15:00+00:00,37696.5,37774.4,37670.1,37710.1,802.996,30300661.3318
1700865000000,2023-11-24T22:30:00+00:00,37710.1,37761.3,37695.6,37738.6,883.319,33328488.8894
1700865900000,2023-11-24T22:45:00+00:00,37738.6,37769,37647.2,37685,932.703,35179188.4245
1700866800000,2023-11-24T23:00:00+00:00,37685,37687.7,37575,37610,1334.14,50196066.0438
1700867700000,2023-11-24T23:15:00+00:00,37610,37709,37589.9,37692.7,1018.815,38363419.0048
1700868600000,2023-11-24T23:30:00+00:00,37692.7,37708.6,37665.3,37707.6,519.302,19575236.8259
1700869500000,2023-11-24T23:45:00+00:00,37707.6,37733,37689.7,37720.8,725.753,27368319.1668
1700870400000,2023-11-25T00:00:00+00:00,37720.8,37725,37685.7,37725,716.531,27019600.368
1700871300000,2023-11-25T00:15:00+00:00,37725,37768.9,37709.8,37768.2,1234.579,46589607.1621
1700872200000,2023-11-25T00:30:00+00:00,37768.2,37778.4,37741.8,37776.7,860.348,32488981.0832
1700873100000,2023-11-25T00:45:00+00:00,37776.7,37777.1,37708.2,37730,790.712,29845214.2044
1700874000000,2023-11-25T01:00:00+00:00,37730,37761.2,37728,37740,658.041,24842240.816
1700874900000,2023-11-25T01:15:00+00:00,37740,37764.8,37727.7,37752,565.394,21340803.6171
1700875800000,2023-11-25T01:30:00+00:00,37752,37786.3,37752,37784.2,711.402,26872878.0401
1700876700000,2023-11-25T01:45:00+00:00,37784.2,37835,37780,37803.4,988.836,37386411.5402
1700877600000,2023-11-25T02:00:00+00:00,37803.4,37810.4,37776.3,37776.3,667.231,25216617.1349
1700878500000,2023-11-25T02:15:00+00:00,37776.3,37776.3,37731.3,37731.7,724.567,27356897.749
1700879400000,2023-11-25T02:30:00+00:00,37731.7,37829,37729.9,37814.5,601.55,22737484.3643
1700880300000,2023-11-25T02:45:00+00:00,37814.5,37843,37814.3,37842.3,603.604,22833425.9283
1700881200000,2023-11-25T03:00:00+00:00,37842.3,37847.7,37824.4,37837.1,772.911,29243243.3603
1700882100000,2023-11-25T03:15:00+00:00,37837.1,37859,37836.1,37843.4,875.463,33133102.6792
1700883000000,2023-11-25T03:30:00+00:00,37843.4,37856.6,37816.6,37832.1,981.465,37130339.0455
1700883900000,2023-11-25T03:45:00+00:00,37832.1,37837.8,37763.3,37809.4,1303.53,49274633.0751
1700884800000,2023-11-25T04:00:00+00:00,37809.4,37810,37767.5,37767.6,897.009,33895189.4312
1700885700000,2023-11-25T04:15:00+00:00,37767.6,37797.2,37763,37789.1,725.691,27419811.2415
1700886600000,2023-11-25T04:30:00+00:00,37789.1,37795.6,37755,37777.6,616.424,23286303.809
1700887500000,2023-11-25T04:45:00+00:00,37777.6,37796.6,37758.6,37786.3,671.734,25373946.6422
1700888400000,2023-11-25T05:00:00+00:00,37786.3,37792.6,37738.4,37751.5,570.664,21554782.8217
1700889300000,2023-11-25T05:15:00+00:00,37751.5,37766,37730,37766,435.354,16435765.423
1700890200000,2023-11-25T05:30:00+00:00,37766,37807.8,37762.6,37796.4,430.294,16260287.2946
1700891100000,2023-11-25T05:45:00+00:00,37796.4,37825,37792.8,37823.2,533.058,20155907.2214
1700892000000,2023-11-25T06:00:00+00:00,37823.2,37847.4,37800.8,37823.8,686.734,25974082.9397
1700892900000,2023-11-25T06:15:00+00:00,37823.8,37825.4,37811.3,37822.7,909.204,34384711.1316
1700893800000,2023-11-25T06:30:00+00:00,37822.7,37822.7,37796.8,37808.9,772.934,29222700.7156
1700894700000,2023-11-25T06:45:00+00:00,37808.9,37835,37795.3,37807.7,921.119,34826335.6511
1700895600000,2023-11-25T07:00:00+00:00,37807.7,37835.5,37751,37763,803.142,30368056.6413
1700896500000,2023-11-25T07:15:00+00:00,37763,37797.3,37753.3,37790,490.565,18533785.3899
1700897400000,2023-11-25T07:30:00+00:00,37790,37810.5,37778.5,37810.5,400.71,15145461.9527
1700898300000,2023-11-25T07:45:00+00:00,37810.5,37833.4,37804.3,37813,458.425,17338842.3626
1700899200000,2023-11-25T08:00:00+00:00,37813,37841.3,37794.5,37840.6,680.546,25739557.8893
1700900100000,2023-11-25T08:15:00+00:00,37840.6,37841.3,37773.7,37784.3,847.884,32053998.1395
1700901000000,2023-11-25T08:30:00+00:00,37784.3,37804.2,37779.1,37794.6,779.3,29452965.54
1700901900000,2023-11-25T08:45:00+00:00,37794.6,37800,37765.6,37772.5,488.611,18459105.7035
1700902800000,2023-11-25T09:00:00+00:00,37772.5,37772.5,37741.8,37754.3,734.206,27721626.0368
1700903700000,2023-11-25T09:15:00+00:00,37754.3,37767.6,37730.3,37732.5,1018.391,38443499.692
1700904600000,2023-11-25T09:30:00+00:00,37732.5,37743.5,37694.6,37743.3,1371.77,51757900.5144
1700905500000,2023-11-25T09:45:00+00:00,37743.3,37789.8,37739.8,37750.1,774.581,29247379.7796
1700906400000,2023-11-25T10:00:00+00:00,37750.1,37750.1,37723.3,37723.4,845.467,31905491.2599
1700907300000,2023-11-25T10:15:00+00:00,37723.4,37728.5,37685.3,37693.7,944.716,35623096.3122
1700908200000,2023-11-25T10:30:00+00:00,37693.7,37700.1,37650,37664.4,1094.447,41233567.8273
1700909100000,2023-11-25T10:45:00+00:00,37664.4,37711.1,37651.3,37696.1,743.714,28028718.2008
1700910000000,2023-11-25T11:00:00+00:00,37696.1,37726.5,37694.7,37707,824.943,31112203.9684
1700910900000,2023-11-25T11:15:00+00:00,37707,37708.9,37623.5,37640.8,755.019,28436291.073
1700911800000,2023-11-25T11:30:00+00:00,37640.8,37657,37580,37592.1,716.685,26953534.9013
1700912700000,2023-11-25T11:45:00+00:00,37592.1,37644.1,37584,37641,738.382,27771264.1254
1700913600000,2023-11-25T12:00:00+00:00,37641,37659.6,37622.6,37655.6,560.948,21118906.7886
1700914500000,2023-11-25T12:15:00+00:00,37655.6,37677.4,37637.7,37667,903.805,34041721.2151
1700915400000,2023-11-25T12:30:00+00:00,37667,37694.7,37658,37677.4,585.612,22064660.8902
1700916300000,2023-11-25T12:45:00+00:00,37677.4,37713.5,37677.4,37713.2,621.397,23424271.7004
1700917200000,2023-11-25T13:00:00+00:00,37713.2,37713.2,37664.4,37681.4,712.094,26836036.8194
1700918100000,2023-11-25T13:15:00+00:00,37681.4,37681.4,37627.3,37673.6,768.041,28920866.6495
1700919000000,2023-11-25T13:30:00+00:00,37673.6,37722.6,37673.6,37707.4,644.764,24306900.8156
1700919900000,2023-11-25T13:45:00+00:00,37707.4,37721,37690,37707.5,601.151,22669054.9502
1700920800000,2023-11-25T14:00:00+00:00,37707.5,37708,37667.3,37678.6,630.281,23754776.8234
1700921700000,2023-11-25T14:15:00+00:00,37678.6,37682.7,37663.2,37665.3,750.547,28272809.9708
1700922600000,2023-11-25T14:30:00+00:00,37665.3,37706.8,37632.7,37661,1048.625,39512014.3796
1700923500000,2023-11-25T14:45:00+00:00,37661,37685.1,37630.4,37661,882.66,33241405.7733
1700924400000,2023-11-25T15:00:00+00:00,37661,37678.1,37636.5,37640.1,638.478,24047137.693
1700925300000,2023-11-25T15:15:00+00:00,37640.1,37656.8,37602.7,37656.7,732.21,27553955.6067
1700926200000,2023-11-25T15:30:00+00:00,37656.7,37675.9,37654,37666.6,481.4,18129593.0662
1700927100000,2023-11-25T15:45:00+00:00,37666.6,37696.9,37666.6,37689.6,629.482,23723025.9796
1700928000000,2023-11-25T16:00:00+00:00,37689.6,37747.2,37688.7,37742.9,785.29,29621084.0853
1700928900000,2023-11-25T16:15:00+00:00,37742.9,37753.1,37709.3,37719.5,731.702,27604944.7151
1700929800000,2023-11-25T16:30:00+00:00,37719.5,37745,37710.7,37718.3,494.432,18650517.018
1700930700000,2023-11-25T16:45:00+00:00,37718.3,37739,37711.8,37729.9,442.346,16686683.9489
1700931600000,2023-11-25T17:00:00+00:00,37729.9,37772,37722.8,37753.9,770.104,29071865.6653
1700932500000,2023-11-25T17:15:00+00:00,37753.9,37774,37737.9,37744.8,1040.099,39265789.6172
1700933400000,2023-11-25T17:30:00+00:00,37744.8,37772.2,37744.8,37772.2,789.672,29816960.4119
1700934300000,2023-11-25T17:45:00+00:00,37772.2,37787.7,37748.8,37756,1018.312,38458045.0086
1700935200000,2023-11-25T18:00:00+00:00,37756,37791.2,37756,37762.2,857.21,32374604.4608
1700936100000,2023-11-25T18:15:00+00:00,37762.2,37780.9,37748.4,37770.1,344.327,13004359.7231
1700937000000,2023-11-25T18:30:00+00:00,37770.1,37820.5,37770,37816.1,573.473,21680460.9182
1700937900000,2023-11-25T18:45:00+00:00,37816.1,37829.7,37811.8,37822.8,365.822,13834953.1731
1700938800000,2023-11-25T19:00:00+00:00,37822.8,37840.2,37809.9,37810,599.88,22693004.818
1700939700000,2023-11-25T19:15:00+00:00,37810,37825.5,37796.6,37806.4,473.318,17894890.4706
1700940600000,2023-11-25T19:30:00+00:00,37806.4,37806.9,37792.5,37796.3,499.144,18867211.6893
1700941500000,2023-11-25T19:45:00+00:00,37796.3,37828.4,37796.2,37826,445.124,16832913.9615
1700942400000,2023-11-25T20:00:00+00:00,37826,37897.3,37823.1,37859.6,962.345,36435063.4519
1700943300000,2023-11-25T20:15:00+00:00,37859.6,37869.9,37807.4,37830.7,840.424,31805679.5074
1700944200000,2023-11-25T20:30:00+00:00,37830.7,37845,37801.8,37812,680.62,25745307.9368
1700945100000,2023-11-25T20:45:00+00:00,37812,37812,37766.9,37799,726.003,27435679.5794
1700946000000,2023-11-25T21:00:00+00:00,37799,37820.3,37771.1,37791.1,647.83,24486545.4598
1700946900000,2023-11-25T21:15:00+00:00,37791.1,37810,37788,37796.5,559.227,21137582.7148
1700947800000,2023-11-25T21:30:00+00:00,37796.5,37810.9,37783.8,37789,486.06,18372715.2909
1700948700000,2023-11-25T21:45:00+00:00,37789,37800.2,37770,37794.3,411.081,15533688.888
1700949600000,2023-11-25T22:00:00+00:00,37794.3,37798.7,37717.6,37741.6,661.763,24981927.5001
1700950500000,2023-11-25T22:15:00+00:00,37741.6,37770,37741.6,37766.4,429.32,16209491.0527
1700951400000,2023-11-25T22:30:00+00:00,37766.4,37766.5,37741.9,37748.6,511.35,19304351.1902
1700952300000,2023-11-25T22:45:00+00:00,37748.6,37748.7,37724.5,37727.4,483.836,18260102.5358
1700953200000,2023-11-25T23:00:00+00:00,37727.4,37774.5,37721.4,37767,536.94,20273629.026
1700954100000,2023-11-25T23:15:00+00:00,37767,37779.7,37756.9,37774.9,504.3,19045111.9409
1700955000000,2023-11-25T23:30:00+00:00,37774.9,37785.1,37758.4,37783.7,562.057,21229938.5677
1700955900000,2023-11-25T23:45:00+00:00,37783.7,37804.9,37778,37778.1,496.601,18766729.4257
1700956800000,2023-11-26T00:00:00+00:00,37778.1,37794.9,37756.7,37762.5,557.728,21069033.1687
1700957700000,2023-11-26T00:15:00+00:00,37762.5,37780.9,37749.9,37762.1,413.189,15604141.3869
1700958600000,2023-11-26T00:30:00+00:00,37762.1,37769,37740.7,37769,403.74,15244275.6232
1700959500000,2023-11-26T00:45:00+00:00,37769,37784.8,37739.5,37744.9,638.499,24111976.1039
1700960400000,2023-11-26T01:00:00+00:00,37744.9,37747.4,37721,37727,611.784,23083605.939
1700961300000,2023-11-26T01:15:00+00:00,37727,37734.7,37688.4,37704,807.632,30457498.9125
1700962200000,2023-11-26T01:30:00+00:00,37704,37730,37690,37725,448.83,16926343.0077
1700963100000,2023-11-26T01:45:00+00:00,37725,37733.7,37678.1,37690.4,468.732,17677794.6787
1700964000000,2023-11-26T02:00:00+00:00,37690.4,37701.1,37668,37695.1,947.107,35692498.5045
1700964900000,2023-11-26T02:15:00+00:00,37695.1,37712.9,37695,37700,902.104,34013408.4899
1700965800000,2023-11-26T02:30:00+00:00,37700,37713.2,37694.7,37705.6,758.551,28599550.4549
1700966700000,2023-11-26T02:45:00+00:00,37705.6,37737.5,37703.1,37723.7,897.779,33860521.5956
1700967600000,2023-11-26T03:00:00+00:00,37723.7,37734,37714.4,37717,612.853,23117800.8274
1700968500000,2023-11-26T03:15:00+00:00,37717,37717.9,37702.3,37704.4,858.137,32361925.9195
1700969400000,2023-11-26T03:30:00+00:00,37704.4,37725.9,37704.4,37707.4,691.439,26078576.67
1700970300000,2023-11-26T03:45:00+00:00,37707.4,37719.9,37707.4,37719.8,669.031,25233340.8131
1700971200000,2023-11-26T04:00:00+00:00,37719.8,37719.9,37682.5,37684.8,717.289,27044314.5819
1700972100000,2023-11-26T04:15:00+00:00,37684.8,37710,37684.8,37702.5,704.865,26569067.1378
1700973000000,2023-11-26T04:30:00+00:00,37702.5,37727.7,37702.5,37724.7,568.938,21459782.0535
1700973900000,2023-11-26T04:45:00+00:00,37724.7,37745.6,37724.7,37745.6,766.496,28925872.3838
1700974800000,2023-11-26T05:00:00+00:00,37745.6,37745.6,37729.5,37745.6,703.261,26538333.683
1700975700000,2023-11-26T05:15:00+00:00,37745.6,37755,37740.3,37740.4,647.66,24449071.8871
1700976600000,2023-11-26T05:30:00+00:00,37740.4,37749.7,37723.5,37747,631.229,23822656.1159
1700977500000,2023-11-26T05:45:00+00:00,37747,37764.9,37745.6,37759.4,595.298,22477042.1451
1700978400000,2023-11-26T06:00:00+00:00,37759.4,37760.9,37747.7,37748.5,526.569,19880312.23
1700979300000,2023-11-26T06:15:00+00:00,37748.5,37754.2,37734.5,37743.7,371.74,14032029.7104
1700980200000,2023-11-26T06:30:00+00:00,37743.7,37756.4,37712,37734,456.409,17223089.4729
1700981100000,2023-11-26T06:45:00+00:00,37734,37777,37732.4,37777,522.025,19712117.3775
1700982000000,2023-11-26T07:00:00+00:00,37777,37777,37740,37745.7,427.857,16153190.1229
1700982900000,2023-11-26T07:15:00+00:00,37745.7,37775,37740.1,37746.9,391.756,14790502.5139
1700983800000,2023-11-26T07:30:00+00:00,37746.9,37769.1,37742.5,37743.6,295.566,11158497.3629
1700984700000,2023-11-26T07:45:00+00:00,37743.6,37779,37743.6,37770.1,444.724,16796865.194
1700985600000,2023-11-26T08:00:00+00:00,37770.1,37771.3,37733.7,37756,628.921,23740760.0405
1700986500000,2023-11-26T08:15:00+00:00,37756,37786.9,37756,37775.8,792.841,29947461.811
1700987400000,2023-11-26T08:30:00+00:00,37775.8,37802.1,37759.3,37774.9,779.664,29453648.4887
1700988300000,2023-11-26T08:45:00+00:00,37774.9,37779.6,37740,37743.6,698.747,26383417.0714
1700989200000,2023-11-26T09:00:00+00:00,37743.6,37765.7,37729.7,37760.2,683.732,25808387.9543
1700990100000,2023-11-26T09:15:00+00:00,37760.2,37763.4,37739.1,37739.3,361.576,13651098.8507
1700991000000,2023-11-26T09:30:00+00:00,37739.3,37739.3,37713.6,37738.3,314.861,11879313.0432
1700991900000,2023-11-26T09:45:00+00:00,37738.3,37747.7,37729.6,37747.1,293.67,11082221.3155
1700992800000,2023-11-26T10:00:00+00:00,37747.1,37747.4,37719,37719.1,392.135,14795437.7637
1700993700000,2023-11-26T10:15:00+00:00,37719.1,37725.8,37709.1,37709.5,374.387,14121031.314
1700994600000,2023-11-26T10:30:00+00:00,37709.5,37712.7,37691,37707.1,439.642,16576016.682
1700995500000,2023-11-26T10:45:00+00:00,37707.1,37707.2,37682,37684.2,458.399,17280448.6484
1700996400000,2023-11-26T11:00:00+00:00,37684.2,37711.9,37653.2,37674.4,721.997,27204762.8227
1700997300000,2023-11-26T11:15:00+00:00,37674.4,37709.8,37674.3,37678.4,836.296,31521713.2957
1700998200000,2023-11-26T11:30:00+00:00,37678.4,37702.2,37673,37688.2,734.006,27665093.2006
1700999100000,2023-11-26T11:45:00+00:00,37688.2,37688.2,37661,37664.6,725.431,27329179.7222
1701000000000,2023-11-26T12:00:00+00:00,37664.6,37665.6,37602,37625.3,1145.049,43092095.6626
1701000900000,2023-11-26T12:15:00+00:00,37625.3,37629.4,37316.1,37560,3315.98,124373601.6711
1701001800000,2023-11-26T12:30:00+00:00,37560,37574.7,37459.1,37504.1,1519.465,57018199.9927
1701002700000,2023-11-26T12:45:00+00:00,37504.1,37608.9,37483.4,37608.8,1457.364,54738289.8175
1701003600000,2023-11-26T13:00:00+00:00,37608.8,37611.8,37510,37556.5,1065.003,39991981.197
1701004500000,2023-11-26T13:15:00+00:00,37556.5,37557.3,37424.9,37486.9,1369.448,51337252.6792
1701005400000,2023-11-26T13:30:00+00:00,37486.9,37486.9,37333.9,37397.9,2015.367,75416728.1105
1701006300000,2023-11-26T13:45:00+00:00,37397.9,37513.5,37327.1,37494.8,1619.443,60625148.546
1701007200000,2023-11-26T14:00:00+00:00,37494.8,37497.9,37438.8,37460.5,793.024,29721742.0767
1701008100000,2023-11-26T14:15:00+00:00,37460.5,37460.6,37339.9,37353,1430.376,53478424.0627
1701009000000,2023-11-26T14:30:00+00:00,37353,37438,37265.6,37410,1894.991,70794017.332
1701009900000,2023-11-26T14:45:00+00:00,37410,37429.7,37299.8,37325.1,1032.005,38549962.3903
1701010800000,2023-11-26T15:00:00+00:00,37325.1,37431.1,37275,37398,1254.373,46869152.3566
1701011700000,2023-11-26T15:15:00+00:00,37398,37435.5,37326.3,37431.6,650.22,24316612.3649
1701012600000,2023-11-26T15:30:00+00:00,37431.6,37487.4,37424.3,37468.8,646.782,24234141.6215
1701013500000,2023-11-26T15:45:00+00:00,37468.8,37478.9,37380,37414.5,738.746,27649405.3453
1701014400000,2023-11-26T16:00:00+00:00,37414.5,37484.7,37398,37446.5,645.843,24195992.8388
1701015300000,2023-11-26T16:15:00+00:00,37446.5,37482.7,37213.2,37275.8,1782.023,66523123.6252
1701016200000,2023-11-26T16:30:00+00:00,37275.8,37328.8,37121.6,37255.1,2185.403,81320305.0504
1701017100000,2023-11-26T16:45:00+00:00,37255.1,37282.4,37142.1,37212.4,1645.536,61221431.3822
1701018000000,2023-11-26T17:00:00+00:00,37212.4,37250,37130.9,37201.9,1264.852,47048856.3511
1701018900000,2023-11-26T17:15:00+00:00,37201.9,37251.1,37174.4,37251.1,688.635,25627281.0641
1701019800000,2023-11-26T17:30:00+00:00,37251.1,37303.8,37251,37295.4,586.154,21856510.7468
1701020700000,2023-11-26T17:45:00+00:00,37295.4,37295.4,37245.3,37258.6,383.31,14284235.4735
1701021600000,2023-11-26T18:00:00+00:00,37258.6,37317.7,37221.9,37309.7,504.046,18784362.2438
1701022500000,2023-11-26T18:15:00+00:00,37309.7,37313.7,37183.7,37194.7,525.804,19581590.2892
1701023400000,2023-11-26T18:30:00+00:00,37194.7,37221.2,37137.3,37168.5,570.212,21199758.8424
1701024300000,2023-11-26T18:45:00+00:00,37168.5,37229.2,37155.8,37229.1,456.335,16972436.9099
1701025200000,2023-11-26T19:00:00+00:00,37229.1,37300,37206.2,37278.6,628.961,23440713.6594
1701026100000,2023-11-26T19:15:00+00:00,37278.6,37298.3,37251.3,37293.9,786.974,29334477.2593
1701027000000,2023-11-26T19:30:00+00:00,37293.9,37313,37274.9,37283.3,644.141,24026614.5406
1701027900000,2023-11-26T19:45:00+00:00,37283.3,37371.3,37278.5,37353.8,697.596,26037131.8362
1701028800000,2023-11-26T20:00:00+00:00,37353.8,37378,37328.3,37348.7,673.292,25146858.2149
1701029700000,2023-11-26T20:15:00+00:00,37348.7,37432.3,37345.9,37396.7,812.152,30367263.0483
1701030600000,2023-11-26T20:30:00+00:00,37396.7,37461.5,37392,37452.9,620.806,23236552.5654
1701031500000,2023-11-26T20:45:00+00:00,37452.9,37648,37446.8,37568.9,2159.21,81125983.5077
1701032400000,2023-11-26T21:00:00+00:00,37568.9,37610,37484.3,37505.9,681.853,25591452.0816
1701033300000,2023-11-26T21:15:00+00:00,37505.9,37514.1,37451,37470.9,566.773,21242515.4284
1701034200000,2023-11-26T21:30:00+00:00,37470.9,37546.9,37468.5,37521.7,642.35,24094560.9305
1701035100000,2023-11-26T21:45:00+00:00,37521.7,37627.8,37521.5,37597.6,596.384,22416242.0384
1701036000000,2023-11-26T22:00:00+00:00,37597.6,37740.2,37596.8,37709.6,1346.643,50757380.2187
1701036900000,2023-11-26T22:15:00+00:00,37709.6,37717.2,37647.5,37672.9,1208.15,45525688.5615
1701037800000,2023-11-26T22:30:00+00:00,37672.9,37702,37587.6,37667,944.916,35581941.8206
1701038700000,2023-11-26T22:45:00+00:00,37667,37669.4,37620,37641.1,693.429,26099589.1402
1701039600000,2023-11-26T23:00:00+00:00,37641.1,37645,37343.7,37373,1833.401,68693195.446
1701040500000,2023-11-26T23:15:00+00:00,37373,37467.1,37307.8,37429.8,1304.635,48790378.9614
1701041400000,2023-11-26T23:30:00+00:00,37429.8,37497.4,37429.8,37493.5,771.027,28894100.9842
1701042300000,2023-11-26T23:45:00+00:00,37493.5,37497.6,37420.8,37431.1,633.368,23728601.6948
1701043200000,2023-11-27T00:00:00+00:00,37431.1,37454.4,37375.4,37377.6,1259.418,47108485.7265
1701044100000,2023-11-27T00:15:00+00:00,37377.6,37506.1,37377.5,37504.6,749.969,28100973.448
1701045000000,2023-11-27T00:30:00+00:00,37504.6,37524.1,37483.6,37515.4,709.285,26602933.1209
1701045900000,2023-11-27T00:45:00+00:00,37515.4,37540,37465.7,37472.1,729.63,27352376.767
1701046800000,2023-11-27T01:00:00+00:00,37472.1,37545.8,37472.1,37493,626.595,23505853.5466
1701047700000,2023-11-27T01:15:00+00:00,37493,37526.7,37455.5,37524.2,381.921,14314953.4343
1701048600000,2023-11-27T01:30:00+00:00,37524.2,37526.6,37459.3,37459.5,337.935,12667284.9562
1701049500000,2023-11-27T01:45:00+00:00,37459.5,37516.3,37438.9,37465.8,568.322,21298430.348
1701050400000,2023-11-27T02:00:00+00:00,37465.8,37482.4,37406,37437,733.041,27445590.0143
1701051300000,2023-11-27T02:15:00+00:00,37437,37437.7,37355.3,37365.5,863.397,32276660.3833
1701052200000,2023-11-27T02:30:00+00:00,37365.5,37371.2,37226.2,37238,1403.701,52353921.8535
1701053100000,2023-11-27T02:45:00+00:00,37238,37306,37212,37297.5,1286.665,47935226.3667
1701054000000,2023-11-27T03:00:00+00:00,37297.5,37317.1,37222.1,37288.6,954.983,35603028.6175
1701054900000,2023-11-27T03:15:00+00:00,37288.6,37293.8,37221.2,37226.6,1023.058,38125080.676
1701055800000,2023-11-27T03:30:00+00:00,37226.6,37276.2,37183.7,37260.8,1313.144,48898324.3852
1701056700000,2023-11-27T03:45:00+00:00,37260.8,37292.5,37247.3,37289.6,806.127,30044912.0033
1701057600000,2023-11-27T04:00:00+00:00,37289.6,37313.8,37280,37298.2,892.721,33296349.0769
1701058500000,2023-11-27T04:15:00+00:00,37298.2,37298.2,37245.8,37284,873.004,32534144.2024
1701059400000,2023-11-27T04:30:00+00:00,37284,37341.6,37271,37326.8,948.821,35411304.8943
1701060300000,2023-11-27T04:45:00+00:00,37326.8,37372.2,37314.6,37360,844.991,31562193.6385
1701061200000,2023-11-27T05:00:00+00:00,37360,37381.1,37336,37371.8,616.225,23017413.1038
1701062100000,2023-11-27T05:15:00+00:00,37371.8,37377.5,37319.3,37330.4,641.155,23939409.9879
1701063000000,2023-11-27T05:30:00+00:00,37330.4,37348.6,37318.1,37330.5,750.649,28022512.3323
1701063900000,2023-11-27T05:45:00+00:00,37330.5,37341.9,37284.3,37290.5,856.557,31960830.4187
1701064800000,2023-11-27T06:00:00+00:00,37290.5,37375.7,37275.6,37374.3,872.186,32538017.5321
1701065700000,2023-11-27T06:15:00+00:00,37374.3,37409,37360,37364.5,856.264,32008102.3846
1701066600000,2023-11-27T06:30:00+00:00,37364.5,37400,37359.2,37364.1,513.832,19204711.1848
1701067500000,2023-11-27T06:45:00+00:00,37364.1,37377,37256.8,37257.5,931.205,34754869.0895
1701068400000,2023-11-27T07:00:00+00:00,37257.5,37327,37254.5,37312.9,747.391,27864927.4233
1701069300000,2023-11-27T07:15:00+00:00,37312.9,37320,37151,37196.8,1236.122,46007182.5934
1701070200000,2023-11-27T07:30:00+00:00,37196.8,37248.9,37038.9,37247.6,2650.652,98423543.0459
1701071100000,2023-11-27T07:45:00+00:00,37247.6,37289.6,37228,37264.2,590.352,21997009.0457
1701072000000,2023-11-27T08:00:00+00:00,37264.2,37323.9,37236.7,37323.7,711.858,26544676.5029
1701072900000,2023-11-27T08:15:00+00:00,37323.7,37363,37290.1,37344.2,997.364,37237801.1222
1701073800000,2023-11-27T08:30:00+00:00,37344.2,37383.7,37326.5,37343.1,813.849,30402356.9706
1701074700000,2023-11-27T08:45:00+00:00,37343.1,37355.7,37305,37320.7,599.795,22387219.9175
1701075600000,2023-11-27T09:00:00+00:00,37320.7,37408.1,37320.7,37397.9,848.054,31690757.5382
1701076500000,2023-11-27T09:15:00+00:00,37397.9,37444,37372.5,37402.2,944.456,35326674.64
1701077400000,2023-11-27T09:30:00+00:00,37402.2,37422.9,37365.7,37419,593.238,22184941.5367
1701078300000,2023-11-27T09:45:00+00:00,37419,37438.9,37353.4,37353.4,674.663,25238676.4083
1701079200000,2023-11-27T10:00:00+00:00,37353.4,37353.7,37304.5,37316.9,695.306,25956398.6869
1701080100000,2023-11-27T10:15:00+00:00,37316.9,37326.6,37200,37210.7,1224.545,45623299.7572
1701081000000,2023-11-27T10:30:00+00:00,37210.7,37222,37014.8,37096.3,3352.838,124449384.1414
1701081900000,2023-11-27T10:45:00+00:00,37096.3,37122.4,36943,37087,2021.795,74899009.3245
1701082800000,2023-11-27T11:00:00+00:00,37087,37117.9,36919.5,37066.1,3096.068,114637034.1563
1701083700000,2023-11-27T11:15:00+00:00,37066.1,37101,37021.8,37056.5,1045.234,38747291.0492
1701084600000,2023-11-27T11:30:00+00:00,37056.5,37114.2,36868,37060.7,2809.279,103913676.3923
1701085500000,2023-11-27T11:45:00+00:00,37060.7,37132,37004.1,37018.5,1286.048,47687516.1123
1701086400000,2023-11-27T12:00:00+00:00,37018.5,37087.5,36974.9,37055.2,1252.745,46396198.8711
1701087300000,2023-11-27T12:15:00+00:00,37055.2,37063,36911.3,36943.4,1052.394,38932149.4293
1701088200000,2023-11-27T12:30:00+00:00,36943.4,36998.9,36885,36976.4,1276.916,47167185.3858
1701089100000,2023-11-27T12:45:00+00:00,36976.4,37057.7,36934.1,36955.7,993.466,36772392.6935
1701090000000,2023-11-27T13:00:00+00:00,36955.7,37007.8,36930.4,36970,1097.079,40569842.2814
1701090900000,2023-11-27T13:15:00+00:00,36970,37022.5,36770,36903.3,2978.912,109962365.6196
1701091800000,2023-11-27T13:30:00+00:00,36903.3,36944,36843.3,36844.8,1450.492,53494173.429
1701092700000,2023-11-27T13:45:00+00:00,36844.8,36959.7,36741.8,36938.9,2420.165,89193112.2502
1701093600000,2023-11-27T14:00:00+00:00,36938.9,36992.5,36845.6,36845.6,1398.542,51649666.4356
1701094500000,2023-11-27T14:15:00+00:00,36845.6,36849.2,36784.8,36792.2,1270.884,46781166.2661
1701095400000,2023-11-27T14:30:00+00:00,36792.2,36887.2,36742.9,36810,1820.495,67024055.8945
1701096300000,2023-11-27T14:45:00+00:00,36810,36853.7,36727.5,36807.5,1019.955,37523470.3373
1701097200000,2023-11-27T15:00:00+00:00,36807.5,36986.9,36785.2,36969.2,1697.268,62666186.1292
1701098100000,2023-11-27T15:15:00+00:00,36969.2,37056.6,36947.1,36975.1,1650.654,61086717.5592
1701099000000,2023-11-27T15:30:00+00:00,36975.1,36980.7,36892.7,36952.9,722.924,26704402.3539
1701099900000,2023-11-27T15:45:00+00:00,36952.9,36952.9,36742.7,36751.3,1705.293,62786583.4793
1701100800000,2023-11-27T16:00:00+00:00,36751.3,36872.2,36709.1,36853,1481.158,54513932.2514
1701101700000,2023-11-27T16:15:00+00:00,36853,36943.6,36820.8,36931.9,1585.909,58504533.6445
1701102600000,2023-11-27T16:30:00+00:00,36931.9,37046,36883.2,37020.8,1759.302,65020417.5288
1701103500000,2023-11-27T16:45:00+00:00,37020.8,37112.6,36977.3,37075.7,1329.935,49265238.5022
1701104400000,2023-11-27T17:00:00+00:00,37075.7,37141.2,37023.9,37103.2,1741.233,64594101.8862
1701105300000,2023-11-27T17:15:00+00:00,37103.2,37130.7,37050.8,37113.5,1109.492,41156365.0025
1701106200000,2023-11-27T17:30:00+00:00,37113.5,37126,37060.3,37073.5,953.811,35377363.7866
1701107100000,2023-11-27T17:45:00+00:00,37073.5,37085.1,36881.5,36913.4,1381.31,51062308.3476
1701108000000,2023-11-27T18:00:00+00:00,36913.4,36997.9,36878.5,36994.1,1090.169,40278640.7473
1701108900000,2023-11-27T18:15:00+00:00,36994.1,37060.6,36986,37049.1,1018.265,37707221.8925
1701109800000,2023-11-27T18:30:00+00:00,37049.1,37072,36973.5,37002.5,704.626,26080733.4604
1701110700000,2023-11-27T18:45:00+00:00,37002.5,37050,36953.8,36959.7,805.206,29800409.499
1701111600000,2023-11-27T19:00:00+00:00,36959.7,37015.4,36912,36979.1,738.606,27300727.7222
1701112500000,2023-11-27T19:15:00+00:00,36979.1,37030.8,36972.3,37030.7,636.2,23542272.9818
1701113400000,2023-11-27T19:30:00+00:00,37030.7,37057,36835.3,36856.4,904.539,33451137.3728
1701114300000,2023-11-27T19:45:00+00:00,36856.4,36889.4,36784.1,36874.8,971.134,35773392.715
1701115200000,2023-11-27T20:00:00+00:00,36874.8,36931.8,36826.4,36898.5,732.986,27036778.2145
1701116100000,2023-11-27T20:15:00+00:00,36898.5,36950,36853.1,36857.6,577.136,21308337.0843
1701117000000,2023-11-27T20:30:00+00:00,36857.6,36942.9,36856.2,36902,536.116,19783647.2517
1701117900000,2023-11-27T20:45:00+00:00,36902,36902,36796.6,36798.3,544.664,20068161.3892
1701118800000,2023-11-27T21:00:00+00:00,36798.3,36924.1,36788,36914.9,753.659,27779097.2432
1701119700000,2023-11-27T21:15:00+00:00,36914.9,36996.2,36905.5,36980.8,863.377,31908957.6013
1701120600000,2023-11-27T21:30:00+00:00,36980.8,37054.1,36972.9,36988.8,752.459,27845538.6023
1701121500000,2023-11-27T21:45:00+00:00,36988.8,37028.3,36963,37027,753.001,27854364.3552
1701122400000,2023-11-27T22:00:00+00:00,37027,37043.5,36972.5,36981.4,777.996,28789306.1262
1701123300000,2023-11-27T22:15:00+00:00,36981.4,37054,36963.4,37047.2,1009.994,37362843.6023
1701124200000,2023-11-27T22:30:00+00:00,37047.2,37056.4,37037.6,37047.5,916.583,33954924.6766
1701125100000,2023-11-27T22:45:00+00:00,37047.5,37081,37047.4,37077.4,896.887,33239264.2196
1701126000000,2023-11-27T23:00:00+00:00,37077.4,37144.1,37077.4,37128.7,906.666,33646531.0788
1701126900000,2023-11-27T23:15:00+00:00,37128.7,37240.5,37100.1,37220,1601.598,59554473.2941
1701127800000,2023-11-27T23:30:00+00:00,37220,37264.9,37204.3,37224.1,791.27,29470160.4691
1701128700000,2023-11-27T23:45:00+00:00,37224.1,37273,37198.8,37233.7,631.815,23528635.987
1701129600000,2023-11-28T00:00:00+00:00,37233.7,37244.9,37182.8,37184.7,691.973,25750088.4167
1701130500000,2023-11-28T00:15:00+00:00,37184.7,37262.4,37173.8,37258.2,903.233,33620644.1679
1701131400000,2023-11-28T00:30:00+00:00,37258.2,37332,37258.2,37328.9,1189.445,44360222.4974
1701132300000,2023-11-28T00:45:00+00:00,37328.9,37331.5,37238.8,37245.8,1278.671,47666213.1866
1701133200000,2023-11-28T01:00:00+00:00,37245.8,37251.8,37219.3,37239.3,893.899,33283770.9248
1701134100000,2023-11-28T01:15:00+00:00,37239.3,37239.4,37152.5,37165.3,774.749,28809079.4839
1701135000000,2023-11-28T01:30:00+00:00,37165.3,37207.4,37155.6,37195.1,714.157,26552349.4464
1701135900000,2023-11-28T01:45:00+00:00,37195.1,37209.1,37179.8,37184.8,518.966,19302750.2799
1701136800000,2023-11-28T02:00:00+00:00,37184.8,37187.6,37113.3,37148.5,906.055,33649893.5561
1701137700000,2023-11-28T02:15:00+00:00,37148.5,37155.7,37111.3,37140.5,1187.276,44097587.4843
1701138600000,2023-11-28T02:30:00+00:00,37140.5,37179.2,37115,37178,1162.523,43187150.4494
1701139500000,2023-11-28T02:45:00+00:00,37178,37197.8,37161.6,37168,1103.472,41025086.4874
1701140400000,2023-11-28T03:00:00+00:00,37168,37183.7,37143.3,37146.5,796.132,29590938.9522
1701141300000,2023-11-28T03:15:00+00:00,37146.5,37159.1,37128.8,37148.8,892.289,33136778.3148
1701142200000,2023-11-28T03:30:00+00:00,37148.8,37190.1,37113,37113,1239.714,46040929.2211
1701143100000,2023-11-28T03:45:00+00:00,37113,37122.2,37094.7,37116.3,1129.351,41912911.7594
1701144000000,2023-11-28T04:00:00+00:00,37116.3,37131.2,37095,37125.4,805.952,29912283.1054
1701144900000,2023-11-28T04:15:00+00:00,37125.4,37129.7,37078,37078,622.005,23083884.5944
1701145800000,2023-11-28T04:30:00+00:00,37078,37087.4,37043.3,37056.4,782.406,29002117.1184
1701146700000,2023-11-28T04:45:00+00:00,37056.4,37057.4,36970,36978.5,1192.735,44139025.3984
1701147600000,2023-11-28T05:00:00+00:00,36978.5,36998.7,36890.6,36927.8,1154.505,42650361.384
1701148500000,2023-11-28T05:15:00+00:00,36927.8,36951.5,36892.7,36942.9,1130.047,41719705.4488
1701149400000,2023-11-28T05:30:00+00:00,36942.9,36942.9,36865.3,36901.9,1056.177,38978251.4583
1701150300000,2023-11-28T05:45:00+00:00,36901.9,36938.9,36893.1,36905.8,677.714,25023399.1757
1701151200000,2023-11-28T06:00:00+00:00,36905.8,36988.7,36888,36980.1,637.145,23534250.7006
1701152100000,2023-11-28T06:15:00+00:00,36980.1,37023.1,36964.4,36977.9,885.324,32753470.3307
1701153000000,2023-11-28T06:30:00+00:00,36977.9,37060,36977.9,37054.1,1010.306,37413562.1329
1701153900000,2023-11-28T06:45:00+00:00,37054.1,37118.8,37030.5,37095.9,819.119,30361581.2947
1701154800000,2023-11-28T07:00:00+00:00,37095.9,37114.8,37027,37035.4,1250.714,46377154.4955
1701155700000,2023-11-28T07:15:00+00:00,37035.4,37051.8,36966.1,36994.3,1131.834,41904086.4363
1701156600000,2023-11-28T07:30:00+00:00,36994.3,37047.5,36989.7,37043.7,961.475,35593982.395
1701157500000,2023-11-28T07:45:00+00:00,37043.7,37142.8,37021.6,37098,1473.548,54668502.058
1701158400000,2023-11-28T08:00:00+00:00,37098,37107.5,37035.3,37038.4,1058.294,39240687.1939
1701159300000,2023-11-28T08:15:00+00:00,37038.4,37040.7,36982.8,36993.8,589.735,21824696.924
1701160200000,2023-11-28T08:30:00+00:00,36993.8,37051.9,36945,36959.3,616.466,22810315.1109
1701161100000,2023-11-28T08:45:00+00:00,36959.3,36986.9,36929.8,36931.9,688.563,25443277.3539
1701162000000,2023-11-28T09:00:00+00:00,36931.9,36987.3,36922.1,36987.3,770.963,28500374.4606
1701162900000,2023-11-28T09:15:00+00:00,36987.3,37034.9,36987.3,37034.9,981.897,36343738.1356
1701163800000,2023-11-28T09:30:00+00:00,37034.9,37111,37034.9,37103.8,995.241,36897822.4256
1701164700000,2023-11-28T09:45:00+00:00,37103.8,37137,37069.7,37076.5,934.425,34672857.9724
1701165600000,2023-11-28T10:00:00+00:00,37076.5,37083.9,37030,37038.6,827.219,30645362.4068
1701166500000,2023-11-28T10:15:00+00:00,37038.6,37090.4,37010,37027.5,737.994,27341947.7141
1701167400000,2023-11-28T10:30:00+00:00,37027.5,37077.2,37026.1,37047.9,472.04,17490882.0532
1701168300000,2023-11-28T10:45:00+00:00,37047.9,37104.9,37028.4,37104.6,489.017,18118685.1175
1701169200000,2023-11-28T11:00:00+00:00,37104.6,37117.1,37074.5,37103.9,627.338,23270183.8983
1701170100000,2023-11-28T11:15:00+00:00,37103.9,37179.5,37100,37164.3,1192.875,44313746.2851
1701171000000,2023-11-28T11:30:00+00:00,37164.3,37215.4,37133.3,37173.3,1123.147,41752885.7164
1701171900000,2023-11-28T11:45:00+00:00,37173.3,37248.2,37157.2,37238.9,1159.68,43148054.1947
1701172800000,2023-11-28T12:00:00+00:00,37238.9,37253.2,37163.7,37168.2,919.87,34230500.238
1701173700000,2023-11-28T12:15:00+00:00,37168.2,37208.9,37157.9,37208,848.587,31547005.9577
1701174600000,2023-11-28T12:30:00+00:00,37208,37267.6,37186.7,37243.8,1101.04,40998184.3686
1701175500000,2023-11-28T12:45:00+00:00,37243.8,37248.8,37169.3,37187.7,844.91,31428865.9968
1701176400000,2023-11-28T13:00:00+00:00,37187.7,37196.6,37132.7,37161.4,988.133,36715505.629
1701177300000,2023-11-28T13:15:00+00:00,37161.4,37240.8,37151.5,37239.6,1008.291,37505344.823
1701178200000,2023-11-28T13:30:00+00:00,37239.6,37320,37239.6,37315,1760.795,65658065.8176
1701179100000,2023-11-28T13:45:00+00:00,37315,37428.8,37270,37395.3,2509.838,93799980.8514
1701180000000,2023-11-28T14:00:00+00:00,37395.3,37427.9,37339,37380,1228.375,45906113.7702
1701180900000,2023-11-28T14:15:00+00:00,37380,37421.1,37330.8,37405.2,1209.202,45192448.0119
1701181800000,2023-11-28T14:30:00+00:00,37405.2,37443.5,37346.1,37384.8,1171.154,43801717.9508
1701182700000,2023-11-28T14:45:00+00:00,37384.8,37443.2,37348.8,37352.9,1186.828,44386561.1893
1701183600000,2023-11-28T15:00:00+00:00,37352.9,37438,37352.4,37389,905.228,33851952.4166
1701184500000,2023-11-28T15:15:00+00:00,37389,37446,37356.5,37356.5,1147.982,42953761.0051
1701185400000,2023-11-28T15:30:00+00:00,37356.5,37561.9,37283.7,37469.6,2582.149,96643522.1947
1701186300000,2023-11-28T15:45:00+00:00,37469.6,37533.6,37426,37494.1,1507.963,56520159.9277
1701187200000,2023-11-28T16:00:00+00:00,37494.1,37654.7,37494.1,37576.3,2609.217,98062411.7284
1701188100000,2023-11-28T16:15:00+00:00,37576.3,37671.1,37547,37590.1,1872.262,70432323.5993
1701189000000,2023-11-28T16:30:00+00:00,37590.1,37846.8,37590.1,37763.7,2593.974,97854132.3975
1701189900000,2023-11-28T16:45:00+00:00,37763.7,37918.8,37763.5,37865,2515.91,95213044.5202
1701190800000,2023-11-28T17:00:00+00:00,37865,37939.8,37766,37890.9,2766.841,104769767.4212
1701191700000,2023-11-28T17:15:00+00:00,37890.9,38188.6,37890.9,38071.2,5292.302,201505302.1371
1701192600000,2023-11-28T17:30:00+00:00,38071.2,38227.3,38056.7,38213.7,3329.258,127039291.0122
1701193500000,2023-11-28T17:45:00+00:00,38213.7,38246,38114.3,38217.7,1801.601,68787811.2588
1701194400000,2023-11-28T18:00:00+00:00,38217.7,38232,38047.9,38138.9,1971.501,75154144.4236
1701195300000,2023-11-28T18:15:00+00:00,38138.9,38191.7,38055.9,38113.4,852.963,32522262.6592
1701196200000,2023-11-28T18:30:00+00:00,38113.4,38148,38053.7,38088,672.7,25629651.6727
1701197100000,2023-11-28T18:45:00+00:00,38088,38126.8,37883.4,37981.5,2021.249,76726889.6574
1701198000000,2023-11-28T19:00:00+00:00,37981.5,38110.6,37952.7,38069.5,2198.64,83605040.1822
1701198900000,2023-11-28T19:15:00+00:00,38069.5,38099.4,38016.6,38060.3,831.272,31637376.2448
1701199800000,2023-11-28T19:30:00+00:00,38060.3,38400,38046.4,38301.7,4894.52,187133068.2769
1701200700000,2023-11-28T19:45:00+00:00,38301.7,38321,38089.9,38120.5,1626.982,62134546.1545
1701201600000,2023-11-28T20:00:00+00:00,38120.5,38192.4,38070,38186.1,1030.602,39290375.4807
1701202500000,2023-11-28T20:15:00+00:00,38186.1,38216.9,38070.7,38100.1,983.516,37503547.2597
1701203400000,2023-11-28T20:30:00+00:00,38100.1,38191,38066.4,38189.3,735.022,28030337.0848
1701204300000,2023-11-28T20:45:00+00:00,38189.3,38289.7,38168.1,38201.3,1027.953,39297440.9163
1701205200000,2023-11-28T21:00:00+00:00,38201.3,38240,38120.8,38151.8,1292.57,49305325.2575
1701206100000,2023-11-28T21:15:00+00:00,38151.8,38156.9,38078.3,38083.5,919.868,35065863.7393
1701207000000,2023-11-28T21:30:00+00:00,38083.5,38121.4,37988.7,37990.2,1108.95,42205485.4098
1701207900000,2023-11-28T21:45:00+00:00,37990.2,38026.6,37942.8,37953.7,1222.485,46430266.1674
1701208800000,2023-11-28T22:00:00+00:00,37953.7,38027.3,37928.5,38011.1,1182.624,44902985.9459
1701209700000,2023-11-28T22:15:00+00:00,38011.1,38056.5,37955.8,37968.9,871.458,33116938.1673
1701210600000,2023-11-28T22:30:00+00:00,37968.9,37997.4,37947.7,37955.8,702.122,26660641.1155
1701211500000,2023-11-28T22:45:00+00:00,37955.8,37960.7,37818.5,37869.9,1612.606,61073641.5645
1701212400000,2023-11-28T23:00:00+00:00,37869.9,37945.9,37835,37909.8,908.609,34415534.5603
1701213300000,2023-11-28T23:15:00+00:00,37909.8,37918.3,37847.1,37865,517.044,19583885.0136
1701214200000,2023-11-28T23:30:00+00:00,37865,37887.4,37683.8,37788,1779.606,67213955.2129
1701215100000,2023-11-28T23:45:00+00:00,37788,37827.3,37734.6,37827.3,873.768,33025268.4099
1701216000000,2023-11-29T00:00:00+00:00,37827.3,37835,37691.5,37696.1,1208.811,45607896.3365
1701216900000,2023-11-29T00:15:00+00:00,37696.1,37777.3,37690,37775.8,954.427,36019263.8065
1701217800000,2023-11-29T00:30:00+00:00,37775.8,37892.2,37758,37886.1,1109.855,42009118.8343
1701218700000,2023-11-29T00:45:00+00:00,37886.1,37925.1,37858.6,37920,951.488,36058640.6168
1701219600000,2023-11-29T01:00:00+00:00,37920,38107.6,37920,38065.9,1844.713,70132499.1934
1701220500000,2023-11-29T01:15:00+00:00,38065.9,38090,37983.4,38035.4,653.007,24827303.2623
1701221400000,2023-11-29T01:30:00+00:00,38035.4,38080,37954,38024.7,617.306,23463995.7986
1701222300000,2023-11-29T01:45:00+00:00,38024.7,38037.9,37937,37938,642.306,24391016.9952
1701223200000,2023-11-29T02:00:00+00:00,37938,37969.2,37873,37953.5,990.466,37566923.2715
1701224100000,2023-11-29T02:15:00+00:00,37953.5,37982.8,37891.6,37907.9,999.591,37916562.3561
1701225000000,2023-11-29T02:30:00+00:00,37907.9,37917.2,37841.3,37872.1,1013.13,38366358.2744
1701225900000,2023-11-29T02:45:00+00:00,37872.1,37986.7,37851.2,37935.7,984.536,37331523.2823
1701226800000,2023-11-29T03:00:00+00:00,37935.7,38012.6,37924,38008.1,986.085,37438912.569
1701227700000,2023-11-29T03:15:00+00:00,38008.1,38013.9,37953.6,37960,756.776,28738956.7619
1701228600000,2023-11-29T03:30:00+00:00,37960,37984.7,37911.4,37920.7,760.378,28858542.6717
1701229500000,2023-11-29T03:45:00+00:00,37920.7,37957.3,37900.1,37956.3,756.561,28695288.0663
1701230400000,2023-11-29T04:00:00+00:00,37956.3,37970.6,37917.3,37933.5,819.984,31105171.4692
1701231300000,2023-11-29T04:15:00+00:00,37933.5,37936.3,37877.4,37894.7,697.494,26435465.7603
1701232200000,2023-11-29T04:30:00+00:00,37894.7,37917.7,37875.7,37912.4,765.71,29019043.3778
1701233100000,2023-11-29T04:45:00+00:00,37912.4,37965.7,37897.7,37944.2,595.836,22595167.1725
1701234000000,2023-11-29T05:00:00+00:00,37944.2,37992,37944.2,37974.2,862.775,32765938.164
1701234900000,2023-11-29T05:15:00+00:00,37974.2,37974.4,37925.9,37950,489.697,18584132.9604
1701235800000,2023-11-29T05:30:00+00:00,37950,37953.8,37903.4,37951.6,507.543,19251345.5656
1701236700000,2023-11-29T05:45:00+00:00,37951.6,38049.4,37951.2,38043.2,776.767,29517399.7186
1701237600000,2023-11-29T06:00:00+00:00,38043.2,38054.3,38000,38020.2,681.369,25908412.713
1701238500000,2023-11-29T06:15:00+00:00,38020.2,38034.4,37985.3,38013,711.638,27049874.758
1701239400000,2023-11-29T06:30:00+00:00,38013,38166.5,38000.9,38127.5,1130.589,43070491.6109
1701240300000,2023-11-29T06:45:00+00:00,38127.5,38243.6,38068.4,38187.3,1688.632,64445401.1677
1701241200000,2023-11-29T07:00:00+00:00,38187.3,38187.4,38103.8,38139.3,810.197,30911007.7587
1701242100000,2023-11-29T07:15:00+00:00,38139.3,38165.2,38080,38158,821.052,31300195.2123
1701243000000,2023-11-29T07:30:00+00:00,38158,38158,38054.9,38121.4,998.181,38013605.1894
1701243900000,2023-11-29T07:45:00+00:00,38121.4,38172.4,38100,38110.7,822.909,31375246.244
1701244800000,2023-11-29T08:00:00+00:00,38110.7,38179.4,38103.4,38168.4,720.402,27482589.568
1701245700000,2023-11-29T08:15:00+00:00,38168.4,38182.2,38109.2,38148.6,1021.731,38978222.7822
1701246600000,2023-11-29T08:30:00+00:00,38148.6,38246.5,38105.5,38218,846.027,32308344.5016
1701247500000,2023-11-29T08:45:00+00:00,38218,38385.9,38201.5,38350.1,2298.572,88019095.9767
1701248400000,2023-11-29T09:00:00+00:00,38350.1,38361.7,38238.4,38267.9,1311.222,50202740.1001
1701249300000,2023-11-29T09:15:00+00:00,38267.9,38327.7,38218.4,38228.2,1028.952,39378748.0354
1701250200000,2023-11-29T09:30:00+00:00,38228.2,38237.8,38166,38199.9,925.481,35352377.1825
1701251100000,2023-11-29T09:45:00+00:00,38199.9,38480.1,38091.1,38288.4,3309.031,126665359.2005
1701252000000,2023-11-29T10:00:00+00:00,38288.4,38299.2,38179.6,38223.5,1024.926,39185818.3477
1701252900000,2023-11-29T10:15:00+00:00,38223.5,38223.5,38107,38128,1106.922,42242420.6665
1701253800000,2023-11-29T10:30:00+00:00,38128,38165.6,37911.5,37929.6,1779.067,67685914.0004
1701254700000,2023-11-29T10:45:00+00:00,37929.6,38011.2,37920,37978.6,1096.855,41648241.2367
1701255600000,2023-11-29T11:00:00+00:00,37978.6,38049.9,37915,38048,882.093,33514979.509
1701256500000,2023-11-29T11:15:00+00:00,38048,38124.1,38021,38078.7,1632.647,62173473.836
1701257400000,2023-11-29T11:30:00+00:00,38078.7,38151.8,38037.3,38107.6,1077.619,41070580.9734
1701258300000,2023-11-29T11:45:00+00:00,38107.6,38171.6,38062.7,38107.7,1035.427,39479518.1501
1701259200000,2023-11-29T12:00:00+00:00,38107.7,38152.4,38065,38072.3,917.329,34951494.6574
1701260100000,2023-11-29T12:15:00+00:00,38072.3,38200,38054.6,38186.2,1294.866,49381410.2807
1701261000000,2023-11-29T12:30:00+00:00,38186.2,38296.9,38185.9,38205.3,1960.704,74982885.1927
1701261900000,2023-11-29T12:45:00+00:00,38205.3,38256.3,38148.5,38161.5,887.431,33907183.7707
1701262800000,2023-11-29T13:00:00+00:00,38161.5,38243.7,38147.6,38219.8,874.783,33423845.996
1701263700000,2023-11-29T13:15:00+00:00,38219.8,38250,38161.4,38170.4,771.711,29481804.0326
1701264600000,2023-11-29T13:30:00+00:00,38170.4,38255.4,38130,38130,1049.102,40061318.795
1701265500000,2023-11-29T13:45:00+00:00,38130,38161.2,38094.3,38118.9,828.497,31590062.9912
1701266400000,2023-11-29T14:00:00+00:00,38118.9,38189.5,38066.2,38136.6,1250.91,47717459.5527
1701267300000,2023-11-29T14:15:00+00:00,38136.6,38136.6,38000,38058.1,1285.375,48892860.4889
1701268200000,2023-11-29T14:30:00+00:00,38058.1,38063,37888,37900.1,1571.589,59654012.2788
1701269100000,2023-11-29T14:45:00+00:00,37900.1,37922,37784,37822,2446.436,92572081.5254
1701270000000,2023-11-29T15:00:00+00:00,37822,37879.5,37566.9,37585.5,3480.422,131176913.9281
1701270900000,2023-11-29T15:15:00+00:00,37585.5,37742.9,37544.1,37733.5,2111.911,79497063.937
1701271800000,2023-11-29T15:30:00+00:00,37733.5,37866.8,37682.1,37779.9,1974.972,74599812.6828
1701272700000,2023-11-29T15:45:00+00:00,37779.9,37838.1,37751.6,37809.2,1018.155,38486902.3294
1701273600000,2023-11-29T16:00:00+00:00,37809.2,37859.4,37692.6,37716.5,1359.768,51363233.1591
1701274500000,2023-11-29T16:15:00+00:00,37716.5,37781.1,37642,37694.7,948.352,35756330.8154
1701275400000,2023-11-29T16:30:00+00:00,37694.7,37751.8,37633.6,37733,596.32,22467714.9987
1701276300000,2023-11-29T16:45:00+00:00,37733,37813.3,37708.5,37747.5,459.905,17371095.2583
1701277200000,2023-11-29T17:00:00+00:00,37747.5,37747.7,37671.2,37716.1,484.512,18270136.5328
1701278100000,2023-11-29T17:15:00+00:00,37716.1,37718.3,37650.7,37693.4,529.205,19940015.4816
1701279000000,2023-11-29T17:30:00+00:00,37693.4,37775,37693.4,37775,466.129,17592981.8952
1701279900000,2023-11-29T17:45:00+00:00,37775,37858.7,37756.7,37760.3,871.155,32938972.9507
1701280800000,2023-11-29T18:00:00+00:00,37760.3,37775,37660.6,37660.8,568.47,21448450.0551
1701281700000,2023-11-29T18:15:00+00:00,37660.8,37763.6,37657,37759.9,423.015,15954298.271
1701282600000,2023-11-29T18:30:00+00:00,37759.9,37808,37698.6,37771.4,350.882,13248981.0473
1701283500000,2023-11-29T18:45:00+00:00,37771.4,37849.3,37749.9,37844.8,448.742,16966688.7774
1701284400000,2023-11-29T19:00:00+00:00,37844.8,37913.8,37814.1,37872.3,969.044,36692169.7402
1701285300000,2023-11-29T19:15:00+00:00,37872.3,37898,37787.7,37809,570.061,21564335.3813
1701286200000,2023-11-29T19:30:00+00:00,37809,37836.4,37758.7,37815,647.355,24465511.4117
1701287100000,2023-11-29T19:45:00+00:00,37815,37868.6,37799,37851.6,635.906,24059773.9439
1701288000000,2023-11-29T20:00:00+00:00,37851.6,37868.1,37804.7,37807,568.822,21523268.6716
1701288900000,2023-11-29T20:15:00+00:00,37807,37845.2,37745.5,37768.2,527.715,19950630.2169
1701289800000,2023-11-29T20:30:00+00:00,37768.2,37768.4,37602.6,37692.5,1150.019,43330345.0178
1701290700000,2023-11-29T20:45:00+00:00,37692.5,37705.9,37621.3,37640,543.844,20479486.382
1701291600000,2023-11-29T21:00:00+00:00,37640,37750,37570,37722.6,839.33,31625401.8897
1701292500000,2023-11-29T21:15:00+00:00,37722.6,37766,37721.1,37750.7,513.106,19368048.035
1701293400000,2023-11-29T21:30:00+00:00,37750.7,37760,37655,37687.8,526.112,19833221.4614
1701294300000,2023-11-29T21:45:00+00:00,37687.8,37722.7,37661,37722.7,481.388,18142161.9642
1701295200000,2023-11-29T22:00:00+00:00,37722.7,37777.5,37718,37762.1,539.545,20366627.3356
1701296100000,2023-11-29T22:15:00+00:00,37762.1,37801.6,37748.7,37799.9,661.061,24976589.0966
1701297000000,2023-11-29T22:30:00+00:00,37799.9,37824.7,37768.6,37803,666.008,25173991.6731
1701297900000,2023-11-29T22:45:00+00:00,37803,37803,37762.8,37772.8,586.91,22170357.8962
1701298800000,2023-11-29T23:00:00+00:00,37772.8,37805,37702,37796.6,569.222,21485420.2528
1701299700000,2023-11-29T23:15:00+00:00,37796.6,37843,37755,37822.8,372.089,14064127.3983
1701300600000,2023-11-29T23:30:00+00:00,37822.8,37849.7,37809.6,37844.7,434.955,16457344.3845
1701301500000,2023-11-29T23:45:00+00:00,37844.7,37849.5,37771.8,37831.7,390.582,14770000.2879
1701302400000,2023-11-30T00:00:00+00:00,37831.7,37837.7,37757.1,37763.3,370.672,14009566.395
1701303300000,2023-11-30T00:15:00+00:00,37763.3,37848.4,37740.2,37755.3,554.209,20939482.9474
1701304200000,2023-11-30T00:30:00+00:00,37755.3,37822.9,37754.5,37795.6,407.485,15397877.2133
1701305100000,2023-11-30T00:45:00+00:00,37795.6,37824.2,37755.9,37755.9,482.876,18252729.4391
1701306000000,2023-11-30T01:00:00+00:00,37755.9,37765.8,37706.7,37715.2,498.294,18799276.4335
1701306900000,2023-11-30T01:15:00+00:00,37715.2,37774.3,37705.4,37761,439.569,16592786.9319
1701307800000,2023-11-30T01:30:00+00:00,37761,37796.7,37750.7,37758.9,338.006,12768390.1085
1701308700000,2023-11-30T01:45:00+00:00,37758.9,37771.7,37685.7,37688,604.579,22803943.4458
1701309600000,2023-11-30T02:00:00+00:00,37688,37724.6,37675,37723.9,507.138,19121655.7023
1701310500000,2023-11-30T02:15:00+00:00,37723.9,37801,37686.2,37800.7,700.449,26433319.5258
1701311400000,2023-11-30T02:30:00+00:00,37800.7,37899.9,37777.7,37859.6,1348.804,51040053.5388
1701312300000,2023-11-30T02:45:00+00:00,37859.6,37884.4,37851.6,37853,731.497,27700194.5114
1701313200000,2023-11-30T03:00:00+00:00,37853,37872.2,37824.5,37826,636.872,24102853.6588
1701314100000,2023-11-30T03:15:00+00:00,37826,37855,37816.1,37855,343.882,13010006.2491
1701315000000,2023-11-30T03:30:00+00:00,37855,37975,37834,37951.5,1122.843,42582669.6217
1701315900000,2023-11-30T03:45:00+00:00,37951.5,38030.2,37951.5,38023,1238.824,47072581.6641
1701316800000,2023-11-30T04:00:00+00:00,38023,38123.7,38002.9,38119,1733.642,65990097.3004
1701317700000,2023-11-30T04:15:00+00:00,38119,38121.4,38010.6,38012.6,1139.861,43378223.3595
1701318600000,2023-11-30T04:30:00+00:00,38012.6,38061.8,37972,37990.1,1062.934,40395677.5793
1701319500000,2023-11-30T04:45:00+00:00,37990.1,37992.9,37936.8,37955.8,940.877,35720106.9658
1701320400000,2023-11-30T05:00:00+00:00,37955.8,37999.9,37912.3,37931.3,865.013,32836611.3192
1701321300000,2023-11-30T05:15:00+00:00,37931.3,37959.5,37899.9,37925.2,425.766,16145954.5781
1701322200000,2023-11-30T05:30:00+00:00,37925.2,37956.1,37882.2,37894.7,492.818,18684342.2643
1701323100000,2023-11-30T05:45:00+00:00,37894.7,37910,37840,37868.5,944.502,35764316.703
1701324000000,2023-11-30T06:00:00+00:00,37868.5,37918.2,37836,37914.6,608.811,23059902.2792
1701324900000,2023-11-30T06:15:00+00:00,37914.6,37931.9,37876,37913.9,576.94,21872509.3536
1701325800000,2023-11-30T06:30:00+00:00,37913.9,37931.5,37800.1,37815,699.149,26452966.5239
1701326700000,2023-11-30T06:45:00+00:00,37815,37872.7,37778.7,37852.8,998.625,37774740.904
1701327600000,2023-11-30T07:00:00+00:00,37852.8,37884.9,37852.5,37871.9,387.803,14687517.653
1701328500000,2023-11-30T07:15:00+00:00,37871.9,37890.3,37788.9,37815.1,493.617,18672180.6559
1701329400000,2023-11-30T07:30:00+00:00,37815.1,37851.6,37777.7,37782.3,501.584,18966912.0844
1701330300000,2023-11-30T07:45:00+00:00,37782.3,37801.1,37752.8,37778.9,645.733,24393821.6488
1701331200000,2023-11-30T08:00:00+00:00,37778.9,37802.3,37709,37721.1,958.322,36166706.3991
1701332100000,2023-11-30T08:15:00+00:00,37721.1,37726.8,37658.7,37683.9,1062.102,40030850.3645
1701333000000,2023-11-30T08:30:00+00:00,37683.9,37693.1,37567,37665,1676.422,63079656.584
1701333900000,2023-11-30T08:45:00+00:00,37665,37698.8,37606,37655.2,1127.222,42448072.907
1701334800000,2023-11-30T09:00:00+00:00,37655.2,37700,37600.7,37665,1108.999,41758222.4578
1701335700000,2023-11-30T09:15:00+00:00,37665,37720.7,37650.9,37703.5,636.791,24004851.974
1701336600000,2023-11-30T09:30:00+00:00,37703.5,37721.3,37668.4,37718.6,579.156,21831538.1432
1701337500000,2023-11-30T09:45:00+00:00,37718.6,37727,37684.6,37701.9,499.321,18830599.1013
1701338400000,2023-11-30T10:00:00+00:00,37701.9,37707.6,37683.7,37699.3,519.204,19571368.6492
1701339300000,2023-11-30T10:15:00+00:00,37699.3,37749.7,37699.3,37747.7,548.944,20708686.1379
1701340200000,2023-11-30T10:30:00+00:00,37747.7,37753.9,37714.6,37742.1,587.051,22149624.5971
1701341100000,2023-11-30T10:45:00+00:00,37742.1,37743.4,37668.7,37668.7,542.408,20447583.7513
1701342000000,2023-11-30T11:00:00+00:00,37668.7,37706.1,37639.4,37695.4,656.246,24717741.6047
1701342900000,2023-11-30T11:15:00+00:00,37695.4,37740.7,37693.2,37738,558.746,21076237.0153
1701343800000,2023-11-30T11:30:00+00:00,37738,37810.3,37738,37796.9,823.243,31103538.1136
1701344700000,2023-11-30T11:45:00+00:00,37796.9,37887.4,37781.8,37867,1107.207,41899486.1251
1701345600000,2023-11-30T12:00:00+00:00,37867,37908.7,37829.5,37853.4,1207.893,45744018.2648
1701346500000,2023-11-30T12:15:00+00:00,37853.4,37879.5,37827.6,37854.4,515.203,19501717.2814
1701347400000,2023-11-30T12:30:00+00:00,37854.4,37868.7,37800.8,37829,475.454,17987955.2858
1701348300000,2023-11-30T12:45:00+00:00,37829,37890.1,37820.4,37857.2,534.885,20247467.24
1701349200000,2023-11-30T13:00:00+00:00,37857.2,37863.9,37761,37766,823.999,31145815.2268
1701350100000,2023-11-30T13:15:00+00:00,37766,37892.9,37735.2,37873.9,1064.098,40231263.6504
1701351000000,2023-11-30T13:30:00+00:00,37873.9,37922,37833.4,37899.5,1030.242,39021412.323
1701351900000,2023-11-30T13:45:00+00:00,37899.5,37953,37600,37702.7,2474.96,93444143.2971
1701352800000,2023-11-30T14:00:00+00:00,37702.7,37726.4,37443.3,37697.9,3475.877,130601451.7072
1701353700000,2023-11-30T14:15:00+00:00,37697.9,37750.7,37651.6,37719.7,1091.139,41140276.5873
1701354600000,2023-11-30T14:30:00+00:00,37719.7,37767,37585.7,37612.3,1045.363,39375084.6206
1701355500000,2023-11-30T14:45:00+00:00,37612.3,37700.9,37570,37640.5,956.035,35986031.2525
1701356400000,2023-11-30T15:00:00+00:00,37640.5,37674.8,37556.4,37673.1,1185.507,44616766.4255
1701357300000,2023-11-30T15:15:00+00:00,37673.1,37714.1,37617.4,37626.6,652.32,24576782.3818
1701358200000,2023-11-30T15:30:00+00:00,37626.6,37689,37541.2,37555.4,1194.381,44918331.4636
1701359100000,2023-11-30T15:45:00+00:00,37555.4,37606,37504,37606,981.511,36850137.1881
1701360000000,2023-11-30T16:00:00+00:00,37606,37633.3,37516.3,37628.5,769.268,28905074.16
1701360900000,2023-11-30T16:15:00+00:00,37628.5,37634.2,37563.8,37620,469.773,17665447.7547
1701361800000,2023-11-30T16:30:00+00:00,37620,37688,37587.4,37679.1,454.93,17129590.2878
1701362700000,2023-11-30T16:45:00+00:00,37679.1,37717.2,37644,37644.2,685.501,25831588.5446
1701363600000,2023-11-30T17:00:00+00:00,37644.2,37674.3,37622,37642.5,675.388,25428741.44
1701364500000,2023-11-30T17:15:00+00:00,37642.5,37681.5,37615.7,37681.5,552.757,20808436.4643
1701365400000,2023-11-30T17:30:00+00:00,37681.5,37718.9,37670.1,37706,526.893,19861523.4976
1701366300000,2023-11-30T17:45:00+00:00,37706,37741.3,37691.8,37723.2,588.828,22207028.3171
1701367200000,2023-11-30T18:00:00+00:00,37723.2,37724.9,37688,37717.5,440.857,16621513.1072
1701368100000,2023-11-30T18:15:00+00:00,37717.5,37793.6,37697.4,37781.5,753.069,28432802.2934
1701369000000,2023-11-30T18:30:00+00:00,37781.5,37784.8,37732.4,37743.6,489.422,18480457.0985
1701369900000,2023-11-30T18:45:00+00:00,37743.6,37750,37698.5,37727.6,690.406,26042853.7369
1701370800000,2023-11-30T19:00:00+00:00,37727.6,37745,37668.3,37696.8,572.117,21571797.305
1701371700000,2023-11-30T19:15:00+00:00,37696.8,37736.1,37688.1,37733.1,409.935,15461294.8456
1701372600000,2023-11-30T19:30:00+00:00,37733.1,37785.8,37723.7,37770.5,518.736,19587535.9535
1701373500000,2023-11-30T19:45:00+00:00,37770.5,37787.6,37726.4,37741.4,449.292,16964392.4225
1701374400000,2023-11-30T20:00:00+00:00,37741.4,37743,37706.3,37717.5,488.442,18424316.8001
1701375300000,2023-11-30T20:15:00+00:00,37717.5,37732.6,37675.5,37690.7,539.969,20361673.6267
1701376200000,2023-11-30T20:30:00+00:00,37690.7,37745.7,37690.7,37732.6,429.712,16212341.7373
1701377100000,2023-11-30T20:45:00+00:00,37732.6,37747.8,37681.5,37723.3,409.754,15455823.9452
1701378000000,2023-11-30T21:00:00+00:00,37723.3,37733.8,37678,37700.9,520.486,19624743.5552
1701378900000,2023-11-30T21:15:00+00:00,37700.9,37737.1,37691.5,37737.1,569.669,21483663.6257
1701379800000,2023-11-30T21:30:00+00:00,37737.1,37751.3,37702.6,37726.5,557.5,21033712.5918
1701380700000,2023-11-30T21:45:00+00:00,37726.5,37745,37716.2,37724.3,602.349,22725500.3056
1701381600000,2023-11-30T22:00:00+00:00,37724.3,37796,37694,37782.4,624.455,23575508.2969
1701382500000,2023-11-30T22:15:00+00:00,37782.4,37789,37757.3,37775.2,514.596,19438535.104
1701383400000,2023-11-30T22:30:00+00:00,37775.2,37776.1,37736.7,37742.9,504.205,19040109.2126
1701384300000,2023-11-30T22:45:00+00:00,37742.9,37749.8,37658.1,37679,587.681,22169326.8905
1701385200000,2023-11-30T23:00:00+00:00,37679,37682.5,37581.9,37644.7,935.227,35193488.0948
1701386100000,2023-11-30T23:15:00+00:00,37644.7,37692.3,37619.9,37689,448.361,16884847.374
1701387000000,2023-11-30T23:30:00+00:00,37689,37712.1,37680.9,37701.1,518.311,19539272.1804
1701387900000,2023-11-30T23:45:00+00:00,37701.1,37714.9,37683.9,37708.4,429.216,16180089.2781
