timestamp_ms,datetime_utc,open,high,low,close,base_volume,quote_volume
1719792000000,2024-07-01T00:00:00+00:00,62744.7,62793.3,62552,62600.6,2249.705,140970897.5853
1719792900000,2024-07-01T00:15:00+00:00,62600.6,62728,62594.2,62702,966.417,60563640.8338
1719793800000,2024-07-01T00:30:00+00:00,62702,62822.3,62656.7,62771,787.458,49410200.1646
1719794700000,2024-07-01T00:45:00+00:00,62771,62919.5,62765.3,62901.4,843.298,52997965.455
1719795600000,2024-07-01T01:00:00+00:00,62901.4,63645.3,62863.1,63626.4,7456.928,472470262.8302
1719796500000,2024-07-01T01:15:00+00:00,63626.4,63633.8,63384.4,63453.7,2808.617,178252681.6851
1719797400000,2024-07-01T01:30:00+00:00,63453.7,63655.8,63440.4,63584.9,2329.096,147997101.4677
1719798300000,2024-07-01T01:45:00+00:00,63584.9,63709.9,63511.9,63603,1669.936,106194199.2696
1719799200000,2024-07-01T02:00:00+00:00,63603,63783.6,63448.2,63483.2,4263.446,271273053.9195
1719800100000,2024-07-01T02:15:00+00:00,63483.2,63587.4,63483.2,63538.5,1288.674,81855276.1944
1719801000000,2024-07-01T02:30:00+00:00,63538.5,63550,63345.9,63364.5,1862.143,118120443.2924
1719801900000,2024-07-01T02:45:00+00:00,63364.5,63421.2,63263,63411.1,1578.112,99946438.1326
1719802800000,2024-07-01T03:00:00+00:00,63411.1,63493.8,63365.5,63417.3,1181.362,74926066.8142
1719803700000,2024-07-01T03:15:00+00:00,63417.3,63456.4,63370.4,63392.3,720.837,45703948.6166
1719804600000,2024-07-01T03:30:00+00:00,63392.3,63433.5,63297.5,63335,1659.413,105135606.6782
1719805500000,2024-07-01T03:45:00+00:00,63335,63443.7,63335,63401.7,390.835,24777724.4738
1719806400000,2024-07-01T04:00:00+00:00,63401.7,63432.3,63325.1,63364.3,608.71,38572322.3799
1719807300000,2024-07-01T04:15:00+00:00,63364.3,63396.8,63298.4,63309,404.051,25594880.1921
1719808200000,2024-07-01T04:30:00+00:00,63309,63330.8,63178.8,63200.1,1314.489,83139115.8271
1719809100000,2024-07-01T04:45:00+00:00,63200.1,63279.6,63194.6,63246.7,515.646,32606076.6669
1719810000000,2024-07-01T05:00:00+00:00,63246.7,63333.9,63224.6,63302.9,848.821,53732660.0609
1719810900000,2024-07-01T05:15:00+00:00,63302.9,63388.9,63276.8,63360,609.861,38629842.7498
1719811800000,2024-07-01T05:30:00+00:00,63360,63419.4,63333.4,63360,502.093,31821237.1101
1719812700000,2024-07-01T05:45:00+00:00,63360,63400,63355.9,63395.1,286.857,18181093.6517
1719813600000,2024-07-01T06:00:00+00:00,63395.1,63417.6,63350,63351.8,316.601,20067605.4545
1719814500000,2024-07-01T06:15:00+00:00,63351.8,63351.8,63252,63339.9,598.325,37873711.6925
1719815400000,2024-07-01T06:30:00+00:00,63339.9,63384.4,63306.7,63320.8,311.168,19710862.2291
1719816300000,2024-07-01T06:45:00+00:00,63320.8,63413.7,63291.7,63370.2,332.567,21065590.9502
1719817200000,2024-07-01T07:00:00+00:00,63370.2,63400,63306.8,63400,206.816,13103284.6565
1719818100000,2024-07-01T07:15:00+00:00,63400,63400,63262,63278.5,457.026,28936520.7161
1719819000000,2024-07-01T07:30:00+00:00,63278.5,63325.5,63267.6,63300.1,559.444,35408087.179
1719819900000,2024-07-01T07:45:00+00:00,63300.1,63335.1,63220.5,63243.4,504.73,31929067.9399
1719820800000,2024-07-01T08:00:00+00:00,63243.4,63286.3,63221.1,63226.1,414.881,26242699.2418
1719821700000,2024-07-01T08:15:00+00:00,63226.1,63261.3,63070,63090,1599.394,100950866.212
1719822600000,2024-07-01T08:30:00+00:00,63090,63098.9,62806,62859,3804.552,239388704.3684
1719823500000,2024-07-01T08:45:00+00:00,62859,62968.3,62815.2,62888.6,1981.128,124626202.2772
1719824400000,2024-07-01T09:00:00+00:00,62888.6,62966,62829.5,62865.3,855.023,53780317.9418
1719825300000,2024-07-01T09:15:00+00:00,62865.3,62898,62742,62815,1293.723,81264663.6541
1719826200000,2024-07-01T09:30:00+00:00,62815,62921,62802.4,62850.1,601.943,37849795.0961
1719827100000,2024-07-01T09:45:00+00:00,62850.1,62941.9,62834.4,62909.1,764.944,48112667.9402
1719828000000,2024-07-01T10:00:00+00:00,62909.1,62950,62859.3,62862.8,868.561,54644337.4535
1719828900000,2024-07-01T10:15:00+00:00,62862.8,62914.5,62812.6,62852.6,714.296,44900100.872
1719829800000,2024-07-01T10:30:00+00:00,62852.6,62921.4,62746,62811.2,573.005,35993905.6616
1719830700000,2024-07-01T10:45:00+00:00,62811.2,62858.3,62767.3,62829.1,433.567,27237203.4835
1719831600000,2024-07-01T11:00:00+00:00,62829.1,62833.7,62702.2,62777.4,860.741,54024055.0109
1719832500000,2024-07-01T11:15:00+00:00,62777.4,62820,62667.3,62728.5,1300.898,81581415.5963
1719833400000,2024-07-01T11:30:00+00:00,62728.5,62739.6,62650,62715,726.44,45543732.6187
1719834300000,2024-07-01T11:45:00+00:00,62715,62715,62587.8,62638.8,1076.246,67394767.1944
1719835200000,2024-07-01T12:00:00+00:00,62638.8,62821.9,62617.1,62680.9,1935.328,121405911.6746
1719836100000,2024-07-01T12:15:00+00:00,62680.9,62764.6,62654,62733.4,603.663,37856507.031
1719837000000,2024-07-01T12:30:00+00:00,62733.4,62871.4,62708.3,62835.1,966.791,60725594.3253
1719837900000,2024-07-01T12:45:00+00:00,62835.1,62873.9,62762.9,62850,953.167,59891805.0748
1719838800000,2024-07-01T13:00:00+00:00,62850,62970,62759.4,62811,2016.524,126786535.4899
1719839700000,2024-07-01T13:15:00+00:00,62811,62917,62650.7,62917,1603.417,100596119.1106
1719840600000,2024-07-01T13:30:00+00:00,62917,63058.4,62644.6,62680,3012.858,189378565.4325
1719841500000,2024-07-01T13:45:00+00:00,62680,62724.7,62500.8,62660.1,2976.954,186407100.6117
1719842400000,2024-07-01T14:00:00+00:00,62660.1,62869,62602.6,62602.7,1881.936,118042767.8594
1719843300000,2024-07-01T14:15:00+00:00,62602.7,62843.2,62581.9,62796.2,1069.832,67132673.9744
1719844200000,2024-07-01T14:30:00+00:00,62796.2,62913.8,62742,62819.2,1492.683,93797429.2179
1719845100000,2024-07-01T14:45:00+00:00,62819.2,62858,62752,62793.7,555.439,34880105.0314
1719846000000,2024-07-01T15:00:00+00:00,62793.7,63044.6,62790,63000,1798.214,113137318.944
1719846900000,2024-07-01T15:15:00+00:00,63000,63000,62802,62902,1388.125,87316304.8392
1719847800000,2024-07-01T15:30:00+00:00,62902,62975.7,62827.6,62896.7,643.956,40517411.8482
1719848700000,2024-07-01T15:45:00+00:00,62896.7,63124.4,62890.4,63098.2,921.195,58044060.7882
1719849600000,2024-07-01T16:00:00+00:00,63098.2,63309.8,62925.9,63261,3589.638,226606082.158
1719850500000,2024-07-01T16:15:00+00:00,63261,63282.5,63096.5,63155.3,1699.149,107376730.6952
1719851400000,2024-07-01T16:30:00+00:00,63155.3,63281,63101,63138.8,1254.699,79277882.5635
1719852300000,2024-07-01T16:45:00+00:00,63138.8,63160.4,63055.5,63089.2,894.81,56456193.9065
1719853200000,2024-07-01T17:00:00+00:00,63089.2,63142.9,63018.5,63076.3,483.641,30505239.4208
1719854100000,2024-07-01T17:15:00+00:00,63076.3,63350,63055.1,63328.8,1075.428,68045558.6544
1719855000000,2024-07-01T17:30:00+00:00,63328.8,63593.7,63251.1,63578.7,3512.313,222887220.8761
1719855900000,2024-07-01T17:45:00+00:00,63578.7,63653.3,63473.9,63653.3,2075.85,131960013.154
1719856800000,2024-07-01T18:00:00+00:00,63653.3,63713.8,63535.2,63595,2145.831,136538367.8256
1719857700000,2024-07-01T18:15:00+00:00,63595,63831.4,63406.2,63481.7,3763.302,239591221.2099
1719858600000,2024-07-01T18:30:00+00:00,63481.7,63569.9,63430.1,63503.4,1618.822,102768746.0977
1719859500000,2024-07-01T18:45:00+00:00,63503.4,63700.1,63485,63618.3,1255.909,79898799.8282
1719860400000,2024-07-01T19:00:00+00:00,63618.3,63623.8,63448.8,63484.2,679.39,43145411.9471
1719861300000,2024-07-01T19:15:00+00:00,63484.2,63498,63314.1,63358.1,1104.706,70037689.7097
1719862200000,2024-07-01T19:30:00+00:00,63358.1,63380.6,63143,63183.9,1404.171,88814644.1335
1719863100000,2024-07-01T19:45:00+00:00,63183.9,63309.2,63038.1,63185.5,2251.175,142151793.2733
1719864000000,2024-07-01T20:00:00+00:00,63185.5,63301.2,63122.6,63267.7,981.839,62077189.776
1719864900000,2024-07-01T20:15:00+00:00,63267.7,63388,63267.7,63293.5,459.777,29118258.8161
1719865800000,2024-07-01T20:30:00+00:00,63293.5,63349.9,63249.5,63271.7,419.368,26541999.4689
1719866700000,2024-07-01T20:45:00+00:00,63271.7,63321.3,63255.3,63255.3,119.921,7590067.0709
1719867600000,2024-07-01T21:00:00+00:00,63255.3,63255.4,63187.5,63187.5,249.103,15748985.2476
1719868500000,2024-07-01T21:15:00+00:00,63187.5,63202.6,63068.8,63103.9,665.124,41994030.1869
1719869400000,2024-07-01T21:30:00+00:00,63103.9,63152.9,63064.1,63152.1,377.611,23825896.5632
1719870300000,2024-07-01T21:45:00+00:00,63152.1,63171.1,62994.2,63102.5,849.732,53570651.3237
1719871200000,2024-07-01T22:00:00+00:00,63102.5,63127.9,63000.1,63032.9,381.704,24074765.4693
1719872100000,2024-07-01T22:15:00+00:00,63032.9,63092.4,62769,62838.9,1650.23,103724901.5599
1719873000000,2024-07-01T22:30:00+00:00,62838.9,62929,62786.9,62891.5,626.303,39370421.0246
1719873900000,2024-07-01T22:45:00+00:00,62891.5,62988,62890.8,62940.1,698.941,43992671.9415
1719874800000,2024-07-01T23:00:00+00:00,62940.1,63010,62933.5,62969.7,338.644,21326074.7864
1719875700000,2024-07-01T23:15:00+00:00,62969.7,62980.1,62827.1,62827.1,419.04,26350552.9733
1719876600000,2024-07-01T23:30:00+00:00,62827.1,62896.4,62827.1,62881,409.282,25723718.8757
1719877500000,2024-07-01T23:45:00+00:00,62881,62914.3,62837.4,62885.1,519.914,32683960.9509
1719878400000,2024-07-02T00:00:00+00:00,62885.1,62940.2,62827.1,62830.7,581.321,36546644.8154
1719879300000,2024-07-02T00:15:00+00:00,62830.7,62955.9,62751.6,62955.9,1032.319,64877512.0622
1719880200000,2024-07-02T00:30:00+00:00,62955.9,62959.2,62840.6,62840.7,376.589,23691717.6951
1719881100000,2024-07-02T00:45:00+00:00,62840.7,62950,62840.7,62895,265.404,16692565.5802
1719882000000,2024-07-02T01:00:00+00:00,62895,62939.6,62815,62903.7,385.742,24248297.5688
1719882900000,2024-07-02T01:15:00+00:00,62903.7,62929.5,62832.9,62854.3,253.49,15938397.2788
1719883800000,2024-07-02T01:30:00+00:00,62854.3,62902.5,62795.1,62824,301.648,18957750.2973
1719884700000,2024-07-02T01:45:00+00:00,62824,62903,62823.9,62898.3,254.528,16005753.3428
1719885600000,2024-07-02T02:00:00+00:00,62898.3,63051.2,62880.7,63051,1129.586,71160625.4509
1719886500000,2024-07-02T02:15:00+00:00,63051,63091.2,62964.8,62986.7,722.743,45540805.4394
1719887400000,2024-07-02T02:30:00+00:00,62986.7,63056.8,62928,62938,288.837,18190184.6491
1719888300000,2024-07-02T02:45:00+00:00,62938,62992,62930.5,62967.5,187.461,11803876.7949
1719889200000,2024-07-02T03:00:00+00:00,62967.5,63035,62953.7,62993,446.29,28120252.7978
1719890100000,2024-07-02T03:15:00+00:00,62993,63150,62963.2,63137.5,731.992,46175880.5926
1719891000000,2024-07-02T03:30:00+00:00,63137.5,63240,63103,63188.6,1042.298,65851973.05
1719891900000,2024-07-02T03:45:00+00:00,63188.6,63188.6,63082,63100.1,735.104,46398973.5633
1719892800000,2024-07-02T04:00:00+00:00,63100.1,63175.1,63071,63175.1,541.909,34219672.1727
1719893700000,2024-07-02T04:15:00+00:00,63175.1,63200,63100.3,63107.6,401.511,25353883.9986
1719894600000,2024-07-02T04:30:00+00:00,63107.6,63157,63070,63070.1,226.518,14294614.563
1719895500000,2024-07-02T04:45:00+00:00,63070.1,63083.9,62997.4,63002.4,490.144,30905378.5058
1719896400000,2024-07-02T05:00:00+00:00,63002.4,63016.2,62962.9,62997.1,736.312,46377284.5235
1719897300000,2024-07-02T05:15:00+00:00,62997.1,63076,62997.1,63058.1,420.748,26522739.463
1719898200000,2024-07-02T05:30:00+00:00,63058.1,63092,62982.7,63014,542.487,34197488.1835
1719899100000,2024-07-02T05:45:00+00:00,63014,63023.6,62970,62991.2,421.098,26525835.5315
1719900000000,2024-07-02T06:00:00+00:00,62991.2,63021.5,62855.2,62911.2,1116.78,70268908.2399
1719900900000,2024-07-02T06:15:00+00:00,62911.2,62953.1,62859,62860.5,446.411,28080241.3291
1719901800000,2024-07-02T06:30:00+00:00,62860.5,62890.5,62810,62883,960.993,60387497.0486
1719902700000,2024-07-02T06:45:00+00:00,62883,62900,62815.3,62830,530.791,33362027.1838
1719903600000,2024-07-02T07:00:00+00:00,62830,62840.1,62638.6,62671.2,2891.162,181260455.8659
1719904500000,2024-07-02T07:15:00+00:00,62671.2,62717.1,62589.3,62662.7,2053.801,128714681.5706
1719905400000,2024-07-02T07:30:00+00:00,62662.7,62701.3,62550,62589,1681.667,105267905.4801
1719906300000,2024-07-02T07:45:00+00:00,62589,62648.6,62561.9,62601.8,739.813,46316973.5055
1719907200000,2024-07-02T08:00:00+00:00,62601.8,62670.5,62400,62453.2,2761.767,172610042.1743
1719908100000,2024-07-02T08:15:00+00:00,62453.2,62721.5,62433,62665,1964.284,123027633.5694
1719909000000,2024-07-02T08:30:00+00:00,62665,62714.2,62614.4,62689.8,627.819,39345419.4958
1719909900000,2024-07-02T08:45:00+00:00,62689.8,62721.2,62640.1,62650.1,606.283,38007889.1257
1719910800000,2024-07-02T09:00:00+00:00,62650.1,62789,62610.7,62712.7,1345.991,84382749.2197
1719911700000,2024-07-02T09:15:00+00:00,62712.7,62720.7,62649.4,62663.1,300.774,18852262.9112
1719912600000,2024-07-02T09:30:00+00:00,62663.1,62714.5,62648.8,62652.4,372.413,23338238.2484
1719913500000,2024-07-02T09:45:00+00:00,62652.4,62679.6,62625.2,62645.5,304.767,19092965.9978
1719914400000,2024-07-02T10:00:00+00:00,62645.5,62652,62500,62569.1,1521.784,95206186.5189
1719915300000,2024-07-02T10:15:00+00:00,62569.1,62633.1,62554.9,62631.5,648.818,40621646.4616
1719916200000,2024-07-02T10:30:00+00:00,62631.5,62730.1,62603.1,62704.8,802.356,50295444.3123
1719917100000,2024-07-02T10:45:00+00:00,62704.8,62777,62679,62699.1,681.147,42722274.8244
1719918000000,2024-07-02T11:00:00+00:00,62699.1,62705,62629.3,62658,431.265,27020651.7579
1719918900000,2024-07-02T11:15:00+00:00,62658,62762.2,62611.8,62752.1,515.693,32331348.5762
1719919800000,2024-07-02T11:30:00+00:00,62752.1,62834.2,62730,62770,1130.805,71013652.1618
1719920700000,2024-07-02T11:45:00+00:00,62770,62827.5,62734.6,62808,470.64,29543052.0212
1719921600000,2024-07-02T12:00:00+00:00,62808,62833.9,62713,62730.4,639.483,40134028.2897
1719922500000,2024-07-02T12:15:00+00:00,62730.4,62820,62721.1,62737.9,452.039,28369985.5369
1719923400000,2024-07-02T12:30:00+00:00,62737.9,62892.7,62725.5,62890.8,1483.865,93241254.5997
1719924300000,2024-07-02T12:45:00+00:00,62890.8,63030,62805.5,62848.6,3145.129,197921155.151
1719925200000,2024-07-02T13:00:00+00:00,62848.6,62930.3,62813,62859.9,837.247,52634156.0407
1719926100000,2024-07-02T13:15:00+00:00,62859.9,62973.2,62816.5,62882.8,773.606,48654644.0677
1719927000000,2024-07-02T13:30:00+00:00,62882.8,63144.9,62680.7,62908.9,4681.197,294413800.5906
1719927900000,2024-07-02T13:45:00+00:00,62908.9,62958.8,62527.2,62606.9,3960.857,248364545.6474
1719928800000,2024-07-02T14:00:00+00:00,62606.9,62706.5,62320.9,62354.1,3943.129,246330464.5838
1719929700000,2024-07-02T14:15:00+00:00,62354.1,62424,62200,62332.8,4842.244,301765959.7057
1719930600000,2024-07-02T14:30:00+00:00,62332.8,62390.4,61877,61880.6,6531.049,405247893.1808
1719931500000,2024-07-02T14:45:00+00:00,61880.6,62072.1,61865,62022.5,3657.894,226726762.7229
1719932400000,2024-07-02T15:00:00+00:00,62022.5,62132.9,61975.5,62008.7,1832.835,113770968.9332
1719933300000,2024-07-02T15:15:00+00:00,62008.7,62061.8,61862.5,61957.2,1504.214,93238433.4939
1719934200000,2024-07-02T15:30:00+00:00,61957.2,62074,61829.7,61978,2714.321,168198214.7629
1719935100000,2024-07-02T15:45:00+00:00,61978,62066.9,61896.3,61921,814.988,50515960.3802
1719936000000,2024-07-02T16:00:00+00:00,61921,61960.9,61800.1,61880.5,1683.505,104153878.6247
1719936900000,2024-07-02T16:15:00+00:00,61880.5,61916.3,61800.2,61873.9,996.727,61653614.6983
1719937800000,2024-07-02T16:30:00+00:00,61873.9,61948.2,61831.8,61934.4,837.823,51849845.1707
1719938700000,2024-07-02T16:45:00+00:00,61934.4,62003,61888.2,61907,735.234,45548380.9118
1719939600000,2024-07-02T17:00:00+00:00,61907,61963.7,61860.3,61886.8,629.076,38954164.0057
1719940500000,2024-07-02T17:15:00+00:00,61886.8,61969.3,61885.9,61968.2,274.892,17024145.3641
1719941400000,2024-07-02T17:30:00+00:00,61968.2,62046.3,61900,62018.2,663.865,41157607.9197
1719942300000,2024-07-02T17:45:00+00:00,62018.2,62129.2,62003.7,62122,1154.228,71666864.1354
1719943200000,2024-07-02T18:00:00+00:00,62122,62293,62115,62256,1899.314,118176032.5811
1719944100000,2024-07-02T18:15:00+00:00,62256,62322,62232.3,62282.7,933.158,58126645.1965
1719945000000,2024-07-02T18:30:00+00:00,62282.7,62330,62231.8,62273.6,677.254,42180148.9831
1719945900000,2024-07-02T18:45:00+00:00,62273.6,62344.1,62273.6,62301.1,369.854,23048839.0062
1719946800000,2024-07-02T19:00:00+00:00,62301.1,62326.9,62138.8,62151.2,1231.849,76631303.8791
1719947700000,2024-07-02T19:15:00+00:00,62151.2,62151.2,61983.8,61983.8,1171.525,72709391.7838
1719948600000,2024-07-02T19:30:00+00:00,61983.8,62127.8,61967.2,61980,1515.526,94009857.2118
1719949500000,2024-07-02T19:45:00+00:00,61980,62017.9,61860,61915,1085.331,67231775.8989
1719950400000,2024-07-02T20:00:00+00:00,61915,62029.9,61855.4,62028,862.523,53433474.1272
1719951300000,2024-07-02T20:15:00+00:00,62028,62069.4,61977.5,62052.2,445.681,27641756.2171
1719952200000,2024-07-02T20:30:00+00:00,62052.2,62068.7,61946.8,61989.8,205.1,12718802.1622
1719953100000,2024-07-02T20:45:00+00:00,61989.8,62039.4,61983.9,61998.4,292.82,18158808.169
1719954000000,2024-07-02T21:00:00+00:00,61998.4,62074.9,61888,61912.2,511.338,31670461.13
1719954900000,2024-07-02T21:15:00+00:00,61912.2,62005.1,61911.6,61996.7,267.235,16560640.4191
1719955800000,2024-07-02T21:30:00+00:00,61996.7,62051,61969.9,62019.5,284.15,17617219.2661
1719956700000,2024-07-02T21:45:00+00:00,62019.5,62074.3,61928.9,61936.9,329.761,20456600.9276
1719957600000,2024-07-02T22:00:00+00:00,61936.9,62050,61936,62020.8,331.914,20578862.0176
1719958500000,2024-07-02T22:15:00+00:00,62020.8,62036.5,61970,62017,261.448,16213895.1456
1719959400000,2024-07-02T22:30:00+00:00,62017,62039.4,61952.8,61999.9,419.418,25996952.8608
1719960300000,2024-07-02T22:45:00+00:00,61999.9,62100,61961.1,62068.8,271.12,16821210.4372
1719961200000,2024-07-02T23:00:00+00:00,62068.8,62160.5,62047.1,62123.8,633.088,39322202.5345
1719962100000,2024-07-02T23:15:00+00:00,62123.8,62154.1,62057.1,62090.6,360.657,22398603.2403
1719963000000,2024-07-02T23:30:00+00:00,62090.6,62122.5,62048,62117.3,345.209,21427981.6533
1719963900000,2024-07-02T23:45:00+00:00,62117.3,62117.3,62059.9,62093.3,152.041,9439374.9203
1719964800000,2024-07-03T00:00:00+00:00,62093.3,62189.9,62093.2,62189.8,584.361,36323959.2921
1719965700000,2024-07-03T00:15:00+00:00,62189.8,62250.6,62175.7,62206.2,898.957,55932630.4255
1719966600000,2024-07-03T00:30:00+00:00,62206.2,62262.1,62206.2,62228.2,650.31,40475993.7177
1719967500000,2024-07-03T00:45:00+00:00,62228.2,62245.9,62057.4,62057.4,826.299,51333016.7567
1719968400000,2024-07-03T01:00:00+00:00,62057.4,62076.2,61830.4,62018.3,2404.851,148935169.2076
1719969300000,2024-07-03T01:15:00+00:00,62018.3,62199.4,61963.9,62071,1164.868,72313044.874
1719970200000,2024-07-03T01:30:00+00:00,62071,62145,62005.6,62038.1,1050.384,65182852.4964
1719971100000,2024-07-03T01:45:00+00:00,62038.1,62041.6,61244.8,61598.7,4037.676,248677346.7792
1719972000000,2024-07-03T02:00:00+00:00,61598.7,61602.6,61433.1,61517.5,2641.032,162486845.1823
1719972900000,2024-07-03T02:15:00+00:00,61517.5,61543,61437,61511.9,759.23,46685764.3303
1719973800000,2024-07-03T02:30:00+00:00,61511.9,61570,61213.5,61228.1,1882.497,115560503.342
1719974700000,2024-07-03T02:45:00+00:00,61228.1,61352.2,61211.8,61350.4,2227.326,136546122.0692
1719975600000,2024-07-03T03:00:00+00:00,61350.4,61360,60767.2,60776.2,4195.807,256013723.2923
1719976500000,2024-07-03T03:15:00+00:00,60776.2,61015,60600,60961.5,4684.031,285035960.3572
1719977400000,2024-07-03T03:30:00+00:00,60961.5,61045,60900,60976.1,1803.637,110004208.1118
1719978300000,2024-07-03T03:45:00+00:00,60976.1,60992.6,60890,60964.5,888.517,54156446.1209
1719979200000,2024-07-03T04:00:00+00:00,60964.5,60967.8,60833.1,60934.3,1293.582,78782174.4605
1719980100000,2024-07-03T04:15:00+00:00,60934.3,60940.6,60837,60940.4,659.834,40175306.4175
1719981000000,2024-07-03T04:30:00+00:00,60940.4,60940.5,60809.5,60820.5,715.399,43539778.7102
1719981900000,2024-07-03T04:45:00+00:00,60820.5,60882.9,60782,60852.5,1021.826,62157662.8003
1719982800000,2024-07-03T05:00:00+00:00,60852.5,60999.7,60828,60972,1372.993,83667035.2516
1719983700000,2024-07-03T05:15:00+00:00,60972,60993,60878.9,60909.8,525.185,31996070.8289
1719984600000,2024-07-03T05:30:00+00:00,60909.8,60969,60885.5,60949.9,486.933,29669305.0996
1719985500000,2024-07-03T05:45:00+00:00,60949.9,61095,60941.3,61091.5,1236.493,75461670.8678
1719986400000,2024-07-03T06:00:00+00:00,61091.5,61137.5,61034.1,61132.1,1564.667,95602558.5201
1719987300000,2024-07-03T06:15:00+00:00,61132.1,61152.8,61017.5,61052.9,938.439,57335478.7062
1719988200000,2024-07-03T06:30:00+00:00,61052.9,61115,61000,61014.4,1239.275,75650933.3123
1719989100000,2024-07-03T06:45:00+00:00,61014.4,61029.9,60963,60986.6,658.914,40186073.8357
1719990000000,2024-07-03T07:00:00+00:00,60986.6,60988.7,60948,60950,413.097,25183373.9715
1719990900000,2024-07-03T07:15:00+00:00,60950,61001.1,60871.4,60885.3,759.789,46291190.1726
1719991800000,2024-07-03T07:30:00+00:00,60885.3,61009,60856.3,60859,848.915,51733913.8575
1719992700000,2024-07-03T07:45:00+00:00,60859,60888,60820.8,60851.2,977.269,59473385.9165
1719993600000,2024-07-03T08:00:00+00:00,60851.2,60882.5,60733.6,60819.2,1677.007,101971248.1144
1719994500000,2024-07-03T08:15:00+00:00,60819.2,60955,60819.1,60928.2,1083.691,66001196.6245
1719995400000,2024-07-03T08:30:00+00:00,60928.2,60945.3,60757.1,60804.3,1346.934,81950708.2085
1719996300000,2024-07-03T08:45:00+00:00,60804.3,60835.9,60346.9,60481.7,4458.019,270282119.3612
1719997200000,2024-07-03T09:00:00+00:00,60481.7,60635.5,60295.6,60549.5,5105.03,309035889.3063
1719998100000,2024-07-03T09:15:00+00:00,60549.5,60648.4,60471.1,60620.2,1216.265,73656490.2993
1719999000000,2024-07-03T09:30:00+00:00,60620.2,60650.3,60575,60631.3,800.115,48495342.9961
1719999900000,2024-07-03T09:45:00+00:00,60631.3,60647.6,60568.3,60590,632.136,38313013.809
1720000800000,2024-07-03T10:00:00+00:00,60590,60605,60180,60234.7,4051.512,244627611.1273
1720001700000,2024-07-03T10:15:00+00:00,60234.7,60304.6,60045.6,60118.4,5580.769,335600904.7247
1720002600000,2024-07-03T10:30:00+00:00,60118.4,60233.3,59538.7,60177.6,7840.534,470293173.8814
1720003500000,2024-07-03T10:45:00+00:00,60177.6,60362.2,60149.2,60360.6,2764.247,166591679.8769
1720004400000,2024-07-03T11:00:00+00:00,60360.6,60366.3,60212.4,60291,1820.102,109723117.1294
1720005300000,2024-07-03T11:15:00+00:00,60291,60470.6,60189.4,60200,2695.416,162623271.2731
1720006200000,2024-07-03T11:30:00+00:00,60200,60276.8,60087.5,60255.5,2359.061,141955290.3285
1720007100000,2024-07-03T11:45:00+00:00,60255.5,60380,60246.1,60367,1214.224,73248067.4054
1720008000000,2024-07-03T12:00:00+00:00,60367,60367.1,60137.7,60209.3,1662.47,100131413.5362
1720008900000,2024-07-03T12:15:00+00:00,60209.3,60372.6,60129.5,60234.7,1674.637,100865604.7447
1720009800000,2024-07-03T12:30:00+00:00,60234.7,60284.6,59985.5,60095.3,3291.396,197781059.1356
1720010700000,2024-07-03T12:45:00+00:00,60095.3,60158.6,59907.7,60032.8,2558.176,153555849.3171
1720011600000,2024-07-03T13:00:00+00:00,60032.8,60262.1,59738,60184.5,5996.689,359707689.4304
1720012500000,2024-07-03T13:15:00+00:00,60184.5,60404.6,60160.3,60354.2,3355.247,202207272.8552
1720013400000,2024-07-03T13:30:00+00:00,60354.2,60530.7,60255.5,60500,2873.302,173601486.8982
1720014300000,2024-07-03T13:45:00+00:00,60500,60619.5,60418,60550.7,2143.213,129714729.6708
1720015200000,2024-07-03T14:00:00+00:00,60550.7,60708.1,60387.3,60434.5,2917.887,176563831.6663
1720016100000,2024-07-03T14:15:00+00:00,60434.5,60544,60363.7,60365.3,1409.448,85219360.6893
1720017000000,2024-07-03T14:30:00+00:00,60365.3,60414.9,60265.2,60272.4,1634.089,98573116.1547
1720017900000,2024-07-03T14:45:00+00:00,60272.4,60390.1,60239.5,60272,886.448,53463380.225
1720018800000,2024-07-03T15:00:00+00:00,60272,60272,59936.8,60214.7,4067.555,244462614.7937
1720019700000,2024-07-03T15:15:00+00:00,60214.7,60424,60140,60404.8,1782.768,107512672.1119
1720020600000,2024-07-03T15:30:00+00:00,60404.8,60431.9,60210.2,60280,2406.113,145105155.6851
1720021500000,2024-07-03T15:45:00+00:00,60280,60280.1,60131.5,60160.7,1182.895,71192904.2462
1720022400000,2024-07-03T16:00:00+00:00,60160.7,60318.3,60069.7,60231.6,1174.5,70726071.4193
1720023300000,2024-07-03T16:15:00+00:00,60231.6,60604.5,60231.5,60589.9,1652.317,99944974.4052
1720024200000,2024-07-03T16:30:00+00:00,60589.9,60631.9,60371.6,60437.7,1511.378,91371695.1103
1720025100000,2024-07-03T16:45:00+00:00,60437.7,60543.3,60378.8,60478.6,609.019,36828846.9841
1720026000000,2024-07-03T17:00:00+00:00,60478.6,60497,60390,60447.1,319.821,19329993.7479
1720026900000,2024-07-03T17:15:00+00:00,60447.1,60457.3,60389.9,60425.6,431.922,26097546.2969
1720027800000,2024-07-03T17:30:00+00:00,60425.6,60427,60291,60325.2,483.237,29157157.3907
1720028700000,2024-07-03T17:45:00+00:00,60325.2,60351.7,60171.6,60351.7,1331.117,80214046.3546
1720029600000,2024-07-03T18:00:00+00:00,60351.7,60422.2,60247.5,60355,758.75,45770695.5454
1720030500000,2024-07-03T18:15:00+00:00,60355,60405.1,60263.2,60376.3,485.89,29319449.9454
1720031400000,2024-07-03T18:30:00+00:00,60376.3,60412.2,60340,60411.2,384.951,23240826.7479
1720032300000,2024-07-03T18:45:00+00:00,60411.2,60423.5,60215.6,60223.3,789.642,47588080.5172
1720033200000,2024-07-03T19:00:00+00:00,60223.3,60223.3,60040.3,60128.4,1705.71,102556702.8709
1720034100000,2024-07-03T19:15:00+00:00,60128.4,60149.9,59772.2,59984.6,3151.623,188981076.2188
1720035000000,2024-07-03T19:30:00+00:00,59984.6,60021,59849.1,59931.2,928.312,55616192.5769
1720035900000,2024-07-03T19:45:00+00:00,59931.2,59979.2,59650,59650,2404.659,143761836.4417
1720036800000,2024-07-03T20:00:00+00:00,59650,59852.4,59650,59710.7,1814.426,108386170.3941
1720037700000,2024-07-03T20:15:00+00:00,59710.7,59840.5,59650,59729.7,1072.806,64087683.9805
1720038600000,2024-07-03T20:30:00+00:00,59729.7,59781.3,59650,59678.9,577.166,34455596.1699
1720039500000,2024-07-03T20:45:00+00:00,59678.9,59806.4,59542.1,59580.6,1499.231,89486121.4866
1720040400000,2024-07-03T21:00:00+00:00,59580.6,59864.1,59377,59854.3,3952.23,235561358.6705
1720041300000,2024-07-03T21:15:00+00:00,59854.3,59857.1,59725.6,59854.6,785.964,47005738.5093
1720042200000,2024-07-03T21:30:00+00:00,59854.6,60119,59854.5,60117.5,2073.604,124450324.0358
1720043100000,2024-07-03T21:45:00+00:00,60117.5,60319.3,60101.9,60214.9,1901.117,114426614.4912
1720044000000,2024-07-03T22:00:00+00:00,60214.9,60260,60102.2,60213.6,1173.491,70603534.5313
1720044900000,2024-07-03T22:15:00+00:00,60213.6,60275.9,60136.7,60254.6,560.691,33761014.419
1720045800000,2024-07-03T22:30:00+00:00,60254.6,60329.4,60245.8,60324.2,388.174,23398424.8137
1720046700000,2024-07-03T22:45:00+00:00,60324.2,60343,60262.7,60293,528.761,31888154.0877
1720047600000,2024-07-03T23:00:00+00:00,60293,60338.4,60250.1,60316.1,595.404,35905822.8905
1720048500000,2024-07-03T23:15:00+00:00,60316.1,60336,60290,60320,214.313,12925900.2429
1720049400000,2024-07-03T23:30:00+00:00,60320,60331.3,60213.7,60231.4,690.546,41600010.1156
1720050300000,2024-07-03T23:45:00+00:00,60231.4,60284.6,60173.4,60179.4,513.299,30919933.2669
1720051200000,2024-07-04T00:00:00+00:00,60179.4,60300,60179.4,60257,537.847,32400877.1864
1720052100000,2024-07-04T00:15:00+00:00,60257,60384.5,60251.8,60339.8,983.812,59379967.0621
1720053000000,2024-07-04T00:30:00+00:00,60339.8,60458.9,60333.4,60409.8,1029.103,62162236.8748
1720053900000,2024-07-04T00:45:00+00:00,60409.8,60430,60379.4,60396.6,398.838,24090079.969
1720054800000,2024-07-04T01:00:00+00:00,60396.6,60480.9,60081.4,60090,2766.696,166825348.8587
1720055700000,2024-07-04T01:15:00+00:00,60090,60266.3,59876.5,60223.2,3095.237,186006783.7916
1720056600000,2024-07-04T01:30:00+00:00,60223.2,60223.2,59151.6,59582.7,5881.662,351202304.0095
1720057500000,2024-07-04T01:45:00+00:00,59582.7,59595.5,58400,58546.8,10630.097,626560096.4076
1720058400000,2024-07-04T02:00:00+00:00,58546.8,58771.3,57802.1,58693.8,11326.211,660852892.5604
1720059300000,2024-07-04T02:15:00+00:00,58693.8,58951.7,58612.9,58940,3998.133,235127103.9549
1720060200000,2024-07-04T02:30:00+00:00,58940,59072.5,58834.8,59062.1,2767.971,163149861.1034
1720061100000,2024-07-04T02:45:00+00:00,59062.1,59067.3,58929.8,58933.4,1057.457,62394910.6691
1720062000000,2024-07-04T03:00:00+00:00,58933.4,59014.2,58889,58915,1067.449,62917711.1104
1720062900000,2024-07-04T03:15:00+00:00,58915,58960.5,58807.5,58913.2,1074.023,63228463.9456
1720063800000,2024-07-04T03:30:00+00:00,58913.2,59040.8,58894.6,58989,1415.815,83537381.1986
1720064700000,2024-07-04T03:45:00+00:00,58989,59123.3,58964.4,59073.6,1019.784,60228605.4389
1720065600000,2024-07-04T04:00:00+00:00,59073.6,59115.8,58993.4,59049.1,754.946,44576893.1358
1720066500000,2024-07-04T04:15:00+00:00,59049.1,59054.7,58688,58775.1,2377.853,139822569.159
1720067400000,2024-07-04T04:30:00+00:00,58775.1,58940.5,58705.6,58899.8,2046.567,120434429.9812
1720068300000,2024-07-04T04:45:00+00:00,58899.8,59009.3,58867.8,58933,659.369,38874598.7087
1720069200000,2024-07-04T05:00:00+00:00,58933,58952,58829.8,58841.9,937.581,55203070.2441
1720070100000,2024-07-04T05:15:00+00:00,58841.9,58925,58835.5,58879.7,477.928,28142451.4639
1720071000000,2024-07-04T05:30:00+00:00,58879.7,59007.7,58839.8,58917.1,1236.313,72861698.9049
1720071900000,2024-07-04T05:45:00+00:00,58917.1,58944.4,58840,58870.4,479.947,28263990.1255
1720072800000,2024-07-04T06:00:00+00:00,58870.4,58880.1,58786.8,58839.9,697.696,41049352.2195
1720073700000,2024-07-04T06:15:00+00:00,58839.9,58869,58511,58611.3,2136.723,125462432.6749
1720074600000,2024-07-04T06:30:00+00:00,58611.3,59056.4,58511.5,58890.4,4772.857,280686417.2175
1720075500000,2024-07-04T06:45:00+00:00,58890.4,58930.4,58750.4,58765.2,1304.83,76784791.5732
1720076400000,2024-07-04T07:00:00+00:00,58765.2,58827.9,58665.7,58722.7,1109.369,65178313.7299
1720077300000,2024-07-04T07:15:00+00:00,58722.7,58726.6,58385.4,58407.3,3379.461,197923971.9364
1720078200000,2024-07-04T07:30:00+00:00,58407.3,58623.1,58368.1,58463.1,3252.41,190284670.5009
1720079100000,2024-07-04T07:45:00+00:00,58463.1,58515.5,58087.7,58200.5,5213.542,303723123.4819
1720080000000,2024-07-04T08:00:00+00:00,58200.5,58469.1,58160,58292.2,3172.545,185112799.6501
1720080900000,2024-07-04T08:15:00+00:00,58292.2,58308.5,58055.3,58055.4,2789.281,162229484.8659
1720081800000,2024-07-04T08:30:00+00:00,58055.4,58166.6,57180.4,57662.1,9353.319,540407903.1159
1720082700000,2024-07-04T08:45:00+00:00,57662.1,57800,57368.2,57672.4,5984.1,344629828.9614
1720083600000,2024-07-04T09:00:00+00:00,57672.4,57731.5,57030,57486.3,5394.429,309723450.5786
1720084500000,2024-07-04T09:15:00+00:00,57486.3,57582.1,56946.6,57514.1,5415.336,310124466.8821
1720085400000,2024-07-04T09:30:00+00:00,57514.1,57797.4,57469.1,57791.4,4911.028,283233758.2107
1720086300000,2024-07-04T09:45:00+00:00,57791.4,57836.9,57641,57700.8,1644.233,94916045.1039
1720087200000,2024-07-04T10:00:00+00:00,57700.8,57749.7,57418.4,57546.3,2502.775,144039425.6002
1720088100000,2024-07-04T10:15:00+00:00,57546.3,57608.8,57393.1,57560.7,2206.284,126863995.3573
1720089000000,2024-07-04T10:30:00+00:00,57560.7,57650.9,57404.9,57631.6,1502.164,86391899.9451
1720089900000,2024-07-04T10:45:00+00:00,57631.6,57915.6,57630,57910.1,2949.973,170551578.3866
1720090800000,2024-07-04T11:00:00+00:00,57910.1,58073,57867.4,57892.1,2921.353,169360289.3685
1720091700000,2024-07-04T11:15:00+00:00,57892.1,57898.2,57694.7,57750.6,2594.674,149915405.7909
1720092600000,2024-07-04T11:30:00+00:00,57750.6,57814,57639.6,57680.3,1433.217,82716503.7316
1720093500000,2024-07-04T11:45:00+00:00,57680.3,57819.8,57651,57733.5,1039.405,60016680.2786
1720094400000,2024-07-04T12:00:00+00:00,57733.5,57733.5,57538.5,57576.6,2069.412,119236055.0324
1720095300000,2024-07-04T12:15:00+00:00,57576.6,57604.3,57364.2,57498.9,2519.686,144807932.9992
1720096200000,2024-07-04T12:30:00+00:00,57498.9,57700.2,57420,57479.9,2619.784,150781554.1997
1720097100000,2024-07-04T12:45:00+00:00,57479.9,57483.2,57135,57216.4,4557.496,261065667.4698
1720098000000,2024-07-04T13:00:00+00:00,57216.4,57434.4,57015.7,57297.5,4884.147,279594586.4582
1720098900000,2024-07-04T13:15:00+00:00,57297.5,57357,56765,56902.6,8029.159,457846341.1894
1720099800000,2024-07-04T13:30:00+00:00,56902.6,57043,56750,56796,4726.549,268874408.1364
1720100700000,2024-07-04T13:45:00+00:00,56796,57467.7,56750,57384.9,5654.844,323355396.2983
1720101600000,2024-07-04T14:00:00+00:00,57384.9,57485.4,57112.8,57265.4,3487.836,199889257.4561
1720102500000,2024-07-04T14:15:00+00:00,57265.4,57358.2,56809.5,56979.9,3306.078,188791572.852
1720103400000,2024-07-04T14:30:00+00:00,56979.9,57438,56900,57268.8,4107.706,234954601.3924
1720104300000,2024-07-04T14:45:00+00:00,57268.8,57475,57206.8,57421.4,2417.694,138781768.9802
1720105200000,2024-07-04T15:00:00+00:00,57421.4,57610,57318.7,57554,2273.797,130701843.7863
1720106100000,2024-07-04T15:15:00+00:00,57554,57554.4,57328.2,57469,1348.756,77467726.2498
1720107000000,2024-07-04T15:30:00+00:00,57469,57775.3,57352.4,57764.3,1660.966,95658362.7606
1720107900000,2024-07-04T15:45:00+00:00,57764.3,58320,57706.8,58105.1,7645.07,443473258.5316
1720108800000,2024-07-04T16:00:00+00:00,58105.1,58110.3,57784,57832.8,3006.282,174148610.7386
1720109700000,2024-07-04T16:15:00+00:00,57832.8,58025.8,57784,57900.5,1890.171,109543251.3123
1720110600000,2024-07-04T16:30:00+00:00,57900.5,58181.5,57716,58094.3,2615.42,151548193.9851
1720111500000,2024-07-04T16:45:00+00:00,58094.3,58366,57991,58266.2,2334.695,135910522.2485
1720112400000,2024-07-04T17:00:00+00:00,58266.2,58336.8,58082.8,58113.6,2349.532,136670216.7961
1720113300000,2024-07-04T17:15:00+00:00,58113.6,58360,58065.1,58291,1006.36,58587864.7301
1720114200000,2024-07-04T17:30:00+00:00,58291,58300,58119.7,58131.1,804.727,46821875.6664
1720115100000,2024-07-04T17:45:00+00:00,58131.1,58285.1,58080.2,58210.5,1176.41,68434118.1989
1720116000000,2024-07-04T18:00:00+00:00,58210.5,58310.2,57905.9,58004.7,2092.114,121394314.7871
1720116900000,2024-07-04T18:15:00+00:00,58004.7,58182.5,57952.5,58177,741.717,43048534.5444
1720117800000,2024-07-04T18:30:00+00:00,58177,58346,58079.7,58169.6,1732.452,100939371.4319
1720118700000,2024-07-04T18:45:00+00:00,58169.6,58174.7,58053,58132.3,541.177,31443185.5294
1720119600000,2024-07-04T19:00:00+00:00,58132.3,58355.8,58107.8,58282.2,832.734,48501484.8574
1720120500000,2024-07-04T19:15:00+00:00,58282.2,58482.1,58196.5,58468.9,2396.725,140001436.5511
1720121400000,2024-07-04T19:30:00+00:00,58468.9,58641.1,58351.7,58355,2501.171,146408549.3681
1720122300000,2024-07-04T19:45:00+00:00,58355,58365,58235.2,58252,1098.553,64060703.8912
1720123200000,2024-07-04T20:00:00+00:00,58252,58273,58142.5,58195.8,1019.074,59296544.1179
1720124100000,2024-07-04T20:15:00+00:00,58195.8,58227.1,58114.1,58116.8,513.274,29854055.5345
1720125000000,2024-07-04T20:30:00+00:00,58116.8,58181.5,58092.5,58171.7,579.274,33680477.1915
1720125900000,2024-07-04T20:45:00+00:00,58171.7,58330.8,58119.7,58325.9,682.49,39746426.2625
1720126800000,2024-07-04T21:00:00+00:00,58325.9,58463.8,58255,58453.3,1335.394,77971470.7946
1720127700000,2024-07-04T21:15:00+00:00,58453.3,58625.7,58364,58439.7,1574.629,92140082.8883
1720128600000,2024-07-04T21:30:00+00:00,58439.7,58439.7,58289.3,58323.6,842.968,49207167.4276
1720129500000,2024-07-04T21:45:00+00:00,58323.6,58480.8,58323.1,58466,562.012,32812577.8919
1720130400000,2024-07-04T22:00:00+00:00,58466,58783.4,58422.3,58500.1,3125.972,183293560.0077
1720131300000,2024-07-04T22:15:00+00:00,58500.1,58514,58326.4,58334.9,1111.005,64900510.256
1720132200000,2024-07-04T22:30:00+00:00,58334.9,58370.6,58125.1,58249.7,2966.157,172643276.7139
1720133100000,2024-07-04T22:45:00+00:00,58249.7,58250,57980.1,58018.4,1854.833,107785639.1026
1720134000000,2024-07-04T23:00:00+00:00,58018.4,58086.9,57837.2,58050.2,2527.057,146509594.0018
1720134900000,2024-07-04T23:15:00+00:00,58050.2,58056.6,57784.3,57802.1,2782.583,161038882.9451
1720135800000,2024-07-04T23:30:00+00:00,57802.1,57882.5,56850,57098.2,5734.231,328918177.1499
1720136700000,2024-07-04T23:45:00+00:00,57098.2,57296.4,56887.7,57026.5,5522.019,315532264.7706
1720137600000,2024-07-05T00:00:00+00:00,57026.5,57228.4,56700,56860.4,6154.574,350728318.995
1720138500000,2024-07-05T00:15:00+00:00,56860.4,57272,56854.7,57000,2883.22,164494580.7503
1720139400000,2024-07-05T00:30:00+00:00,57000,57260.1,56650,56907.4,5686.9,324230947.0209
1720140300000,2024-07-05T00:45:00+00:00,56907.4,57515,56902.6,57344.7,4412.293,252892229.2878
1720141200000,2024-07-05T01:00:00+00:00,57344.7,57410.5,57158.7,57170.5,2256.067,129221449.0626
1720142100000,2024-07-05T01:15:00+00:00,57170.5,57298.3,56800,56973,3596.761,205123364.8856
1720143000000,2024-07-05T01:30:00+00:00,56973,57150,56774.1,56936.3,4173.094,237687364.4091
1720143900000,2024-07-05T01:45:00+00:00,56936.3,57278.7,56936.3,57135.7,2228.062,127422498.636
1720144800000,2024-07-05T02:00:00+00:00,57135.7,57135.7,56801.4,56807.9,3258.341,185499411.0178
1720145700000,2024-07-05T02:15:00+00:00,56807.9,56967.9,56590.5,56905.1,3500.491,198897753.8887
1720146600000,2024-07-05T02:30:00+00:00,56905.1,57197.6,56643.1,56727.3,5256.464,299021895.6572
1720147500000,2024-07-05T02:45:00+00:00,56727.3,56871,55414.3,55726,10444.615,587230805.7523
1720148400000,2024-07-05T03:00:00+00:00,55726,55941.1,54940,55350.8,11559.687,640629511.8857
1720149300000,2024-07-05T03:15:00+00:00,55350.8,55610.8,55225.5,55414.3,4309.799,238769569.9602
1720150200000,2024-07-05T03:30:00+00:00,55414.3,55471.6,55277.2,55323.8,1743.526,96575639.7482
1720151100000,2024-07-05T03:45:00+00:00,55323.8,55343.3,55120.1,55200.6,3268.001,180566485.9766
1720152000000,2024-07-05T04:00:00+00:00,55200.6,55325.2,54963.4,55007.9,2841.604,156774351.0233
1720152900000,2024-07-05T04:15:00+00:00,55007.9,55081.6,53333.3,54396,13820.964,749576784.6882
1720153800000,2024-07-05T04:30:00+00:00,54396,54558.4,54241.5,54368.7,4758.735,258867913.6057
1720154700000,2024-07-05T04:45:00+00:00,54368.7,54391.1,53723.4,53911.9,3792.785,205144946.3394
1720155600000,2024-07-05T05:00:00+00:00,53911.9,54420.2,53777.7,54415.9,4935.342,266918360.4003
1720156500000,2024-07-05T05:15:00+00:00,54415.9,54462.9,54185.5,54205.1,2191.678,119066695.8123
1720157400000,2024-07-05T05:30:00+00:00,54205.1,54384.1,54088.1,54370.8,2490.202,135019441.8302
1720158300000,2024-07-05T05:45:00+00:00,54370.8,54778.7,54361.4,54778.7,3626.781,198122962.9501
1720159200000,2024-07-05T06:00:00+00:00,54778.7,54780.1,54425.8,54485.5,2372.186,129391927.7709
1720160100000,2024-07-05T06:15:00+00:00,54485.5,54497,54166,54283.9,2921.285,158697858.382
1720161000000,2024-07-05T06:30:00+00:00,54283.9,54352.2,53843.4,54256.2,6316.125,341496276.9956
1720161900000,2024-07-05T06:45:00+00:00,54256.2,54450.2,54147.5,54256.3,2476.633,134510746.974
1720162800000,2024-07-05T07:00:00+00:00,54256.3,54310.4,54050.4,54126.6,1666.108,90226953.007
1720163700000,2024-07-05T07:15:00+00:00,54126.6,54419,54126.6,54267.5,1303.473,70801880.3711
1720164600000,2024-07-05T07:30:00+00:00,54267.5,54272.4,53930.8,54184.7,2572.743,139064940.7318
1720165500000,2024-07-05T07:45:00+00:00,54184.7,54407.5,54095.4,54378.8,1764.71,95812633.5908
1720166400000,2024-07-05T08:00:00+00:00,54378.8,54402.5,54205.3,54402.4,952.316,51716554.166
1720167300000,2024-07-05T08:15:00+00:00,54402.4,54418.5,54110.7,54281.4,1316.102,71368226.8682
1720168200000,2024-07-05T08:30:00+00:00,54281.4,54355,54153.6,54227.4,1324.859,71874204.8632
1720169100000,2024-07-05T08:45:00+00:00,54227.4,54280,54015,54052.3,1748.989,94742789.4752
1720170000000,2024-07-05T09:00:00+00:00,54052.3,54150,53866.5,53873.1,3995.709,215722978.0293
1720170900000,2024-07-05T09:15:00+00:00,53873.1,54350,53871.2,54333.5,2797.136,151472684.7529
1720171800000,2024-07-05T09:30:00+00:00,54333.5,54486.2,54276.7,54486.2,3534.376,192181062.879
1720172700000,2024-07-05T09:45:00+00:00,54486.2,54700.1,54395.6,54486.2,3367.372,183515981.8074
1720173600000,2024-07-05T10:00:00+00:00,54486.2,55273.5,54366.9,55191.1,5139.888,281800074.4434
1720174500000,2024-07-05T10:15:00+00:00,55191.1,55318.4,54750,54980.8,5026.767,276529327.1246
1720175400000,2024-07-05T10:30:00+00:00,54980.8,55161,54894.2,55091.5,2020.285,111145316.6574
1720176300000,2024-07-05T10:45:00+00:00,55091.5,55177.4,54868.4,54945.2,2317.211,127384997.624
1720177200000,2024-07-05T11:00:00+00:00,54945.2,55377.8,54945.2,55316.2,3270.352,180474286.8918
1720178100000,2024-07-05T11:15:00+00:00,55316.2,55423.2,55124,55310.1,2392.554,132243937.7509
1720179000000,2024-07-05T11:30:00+00:00,55310.1,55483.8,55150,55478.9,1593.357,88136644.04
1720179900000,2024-07-05T11:45:00+00:00,55478.9,55632.3,55311.1,55445.4,3345.256,185589164.5321
1720180800000,2024-07-05T12:00:00+00:00,55445.4,55445.4,55162.2,55375.7,1796.481,99331183.9557
1720181700000,2024-07-05T12:15:00+00:00,55375.7,55619.4,55277,55606,2029.397,112517553.669
1720182600000,2024-07-05T12:30:00+00:00,55606,55935.2,54966.6,55288.3,5477.618,303303123.4958
1720183500000,2024-07-05T12:45:00+00:00,55288.3,55300,55003.6,55020.1,1609.323,88725988.0708
1720184400000,2024-07-05T13:00:00+00:00,55020.1,55379.7,54804.2,55293.3,3980.86,219087441.5061
1720185300000,2024-07-05T13:15:00+00:00,55293.3,55510.7,55111.4,55486.9,1591.667,88050757.7521
1720186200000,2024-07-05T13:30:00+00:00,55486.9,55807.5,55353.1,55704.5,2970.731,165273178.943
1720187100000,2024-07-05T13:45:00+00:00,55704.5,55840.6,55404,55789.5,2137.959,118834402.2834
1720188000000,2024-07-05T14:00:00+00:00,55789.5,55853.9,55411.7,55522.2,2486.326,138268408.0338
1720188900000,2024-07-05T14:15:00+00:00,55522.2,55583.6,55337.2,55348.7,1649.304,91484679.1913
1720189800000,2024-07-05T14:30:00+00:00,55348.7,55650,55305.5,55636.7,1440.941,79865772.2072
1720190700000,2024-07-05T14:45:00+00:00,55636.7,55795.4,55593.1,55700.1,1705.882,94986781.6612
1720191600000,2024-07-05T15:00:00+00:00,55700.1,56450,55614.1,56281.4,5800.382,325725345.5951
1720192500000,2024-07-05T15:15:00+00:00,56281.4,56549.9,56189.9,56485,2608.591,146929881.9619
1720193400000,2024-07-05T15:30:00+00:00,56485,56617.6,56280,56444.8,3856.984,217540917.7075
1720194300000,2024-07-05T15:45:00+00:00,56444.8,56630.3,56328,56604.8,1273.906,71896893.2088
1720195200000,2024-07-05T16:00:00+00:00,56604.8,56724.6,56324.8,56455.3,4253.87,240400146.5226
1720196100000,2024-07-05T16:15:00+00:00,56455.3,56879.7,56395.1,56567.3,3102.724,175663420.5288
1720197000000,2024-07-05T16:30:00+00:00,56567.3,56579.7,56104.7,56289.7,3969.581,223561566.786
1720197900000,2024-07-05T16:45:00+00:00,56289.7,56580.3,56266.2,56411.7,2958.718,166948627.1896
1720198800000,2024-07-05T17:00:00+00:00,56411.7,56567,56255.5,56563.7,1411.311,79625827.2015
1720199700000,2024-07-05T17:15:00+00:00,56563.7,56830,56561.3,56801.4,1868.377,105982043.8827
1720200600000,2024-07-05T17:30:00+00:00,56801.4,57011.3,56573.2,56587.9,2309.121,131009751.6232
1720201500000,2024-07-05T17:45:00+00:00,56587.9,56626.1,56420.6,56421.7,1166.837,65956627.0124
1720202400000,2024-07-05T18:00:00+00:00,56421.7,56464.8,55982.3,56004.7,2852.448,160372807.8448
1720203300000,2024-07-05T18:15:00+00:00,56004.7,56441.7,55769.2,56424.9,5467.195,306589164.8516
1720204200000,2024-07-05T18:30:00+00:00,56424.9,56696.1,56391.9,56480.7,2247.45,127002807.1745
1720205100000,2024-07-05T18:45:00+00:00,56480.7,56643.7,56470.8,56504.5,1132.139,64017192.1074
1720206000000,2024-07-05T19:00:00+00:00,56504.5,56504.5,56293.2,56429.2,1122.563,63289378.3033
1720206900000,2024-07-05T19:15:00+00:00,56429.2,56706.9,56414.2,56704.1,1562.67,88470373.6353
1720207800000,2024-07-05T19:30:00+00:00,56704.1,56709.1,56458.1,56600,744.048,42090788.889
1720208700000,2024-07-05T19:45:00+00:00,56600,56615,56369.9,56430,723.806,40865895.9207
1720209600000,2024-07-05T20:00:00+00:00,56430,56485.8,56367.4,56380.7,1260.731,71142335.946
1720210500000,2024-07-05T20:15:00+00:00,56380.7,56415.7,56291.6,56298,706.255,39809292.989
1720211400000,2024-07-05T20:30:00+00:00,56298,56378.9,56280.7,56294.5,631.741,35565876.6133
1720212300000,2024-07-05T20:45:00+00:00,56294.5,56412.9,56294.5,56300,481.197,27119980.7988
1720213200000,2024-07-05T21:00:00+00:00,56300,56464.8,56299.9,56445.7,457.893,25819729.6621
1720214100000,2024-07-05T21:15:00+00:00,56445.7,56480.7,56317,56430,197.401,11129188.9268
1720215000000,2024-07-05T21:30:00+00:00,56430,56681.2,56430,56489.4,1153.161,65259157.3342
1720215900000,2024-07-05T21:45:00+00:00,56489.4,56763.7,56450.6,56474.3,715.521,40502984.4261
1720216800000,2024-07-05T22:00:00+00:00,56474.3,56518.7,56356.2,56489.5,394.493,22261719.654
1720217700000,2024-07-05T22:15:00+00:00,56489.5,56696.1,56489.5,56685.5,625.347,35421493.7718
1720218600000,2024-07-05T22:30:00+00:00,56685.5,56701.3,56545,56550.5,409.412,23183577.9899
1720219500000,2024-07-05T22:45:00+00:00,56550.5,56609,56491.5,56580.6,254.293,14380886.8084
1720220400000,2024-07-05T23:00:00+00:00,56580.6,56716,56569.4,56716,381.127,21587078.0605
1720221300000,2024-07-05T23:15:00+00:00,56716,56749.8,56640,56680.1,440.714,24983295.8152
1720222200000,2024-07-05T23:30:00+00:00,56680.1,56824.5,56594.8,56712.8,622.193,35302445.3992
1720223100000,2024-07-05T23:45:00+00:00,56712.8,56769.6,56585.6,56592,394.302,22344702.4928
1720224000000,2024-07-06T00:00:00+00:00,56592,56598.5,56400.7,56487.4,862.92,48742326.6413
1720224900000,2024-07-06T00:15:00+00:00,56487.4,56528.3,56334.2,56339.1,729.818,41188659.1636
1720225800000,2024-07-06T00:30:00+00:00,56339.1,56963.3,56319.2,56819.2,3956.308,224254105.002
1720226700000,2024-07-06T00:45:00+00:00,56819.2,56827.1,56541.1,56563.3,1512.286,85652490.3662
1720227600000,2024-07-06T01:00:00+00:00,56563.3,56577.5,56317,56468.7,1399.297,78913665.4301
1720228500000,2024-07-06T01:15:00+00:00,56468.7,56520,56346,56404.9,738.869,41674706.4708
1720229400000,2024-07-06T01:30:00+00:00,56404.9,56405,56186.5,56264,1036.129,58303826.4405
1720230300000,2024-07-06T01:45:00+00:00,56264,56323.7,56160.1,56175.9,1119.047,62944891.8837
1720231200000,2024-07-06T02:00:00+00:00,56175.9,56324.9,56140.4,56167.2,1724.272,96939940.425
1720232100000,2024-07-06T02:15:00+00:00,56167.2,56297.7,56165.9,56251.8,717.823,40374412.218
1720233000000,2024-07-06T02:30:00+00:00,56251.8,56464,56251.8,56380.6,873.094,49236348.8697
1720233900000,2024-07-06T02:45:00+00:00,56380.6,56458.7,56345,56397.9,567.537,32001689.1716
1720234800000,2024-07-06T03:00:00+00:00,56397.9,56422.5,56299.1,56306.3,317.593,17901480.301
1720235700000,2024-07-06T03:15:00+00:00,56306.3,56484.3,56260,56300.1,740.433,41722991.5707
1720236600000,2024-07-06T03:30:00+00:00,56300.1,56406.6,56230.5,56391.8,444.94,25051400.1687
1720237500000,2024-07-06T03:45:00+00:00,56391.8,56400,56333.1,56367.1,263.563,14856188.2007
1720238400000,2024-07-06T04:00:00+00:00,56367.1,56383.3,56260,56308.8,218.164,12283167.3917
1720239300000,2024-07-06T04:15:00+00:00,56308.8,56308.8,56195,56255,370.09,20813502.1304
1720240200000,2024-07-06T04:30:00+00:00,56255,56255,56061.4,56110.7,942.879,52915573.0485
1720241100000,2024-07-06T04:45:00+00:00,56110.7,56149.4,56009.1,56024.6,1037.686,58177883.0467
1720242000000,2024-07-06T05:00:00+00:00,56024.6,56346.1,55988,56267.7,4166.006,234042835.8431
1720242900000,2024-07-06T05:15:00+00:00,56267.7,56378.9,56213,56340,1671.251,94111812.4022
1720243800000,2024-07-06T05:30:00+00:00,56340,56453.6,56332.7,56415,1308.484,73817092.9216
1720244700000,2024-07-06T05:45:00+00:00,56415,56415.1,56310.7,56322.7,465.187,26224009.4899
1720245600000,2024-07-06T06:00:00+00:00,56322.7,56412.2,56305.9,56399.9,483.599,27256904.5071
1720246500000,2024-07-06T06:15:00+00:00,56399.9,56540.1,56382.2,56488.9,1016.819,57429860.2262
1720247400000,2024-07-06T06:30:00+00:00,56488.9,56531.9,56453.3,56460,450.77,25464182.5127
1720248300000,2024-07-06T06:45:00+00:00,56460,56460,56370.6,56370.6,602.298,33973924.3325
1720249200000,2024-07-06T07:00:00+00:00,56370.6,56635.1,56361.6,56587.1,1527.554,86413591.3739
1720250100000,2024-07-06T07:15:00+00:00,56587.1,56623.6,56520,56540.6,776.766,43945248.2138
1720251000000,2024-07-06T07:30:00+00:00,56540.6,56578.9,56492.6,56539.7,717.368,40560072.7862
1720251900000,2024-07-06T07:45:00+00:00,56539.7,56587.6,56477.6,56556.6,403.657,22817697.8648
1720252800000,2024-07-06T08:00:00+00:00,56556.6,56574.4,56467.9,56496.9,571.73,32310625.32
1720253700000,2024-07-06T08:15:00+00:00,56496.9,56616.6,56480,56600.1,533.062,30157307.584
1720254600000,2024-07-06T08:30:00+00:00,56600.1,56616.6,56534.6,56557.8,428.379,24233454.8833
1720255500000,2024-07-06T08:45:00+00:00,56557.8,56557.8,56464.4,56518.6,481.439,27199403.9662
1720256400000,2024-07-06T09:00:00+00:00,56518.6,56520.8,56447.1,56460.7,319.799,18062926.5267
1720257300000,2024-07-06T09:15:00+00:00,56460.7,56470.3,56398.5,56449.8,520.061,29350583.1082
1720258200000,2024-07-06T09:30:00+00:00,56449.8,56526.5,56410.1,56513.4,377.036,21281847.241
1720259100000,2024-07-06T09:45:00+00:00,56513.4,56732,56476.8,56719.8,1298.964,73575534.8856
1720260000000,2024-07-06T10:00:00+00:00,56719.8,56844,56663,56733.5,2039.756,115784230.0858
1720260900000,2024-07-06T10:15:00+00:00,56733.5,56738.3,56643,56643.2,1076.834,61036487.7573
1720261800000,2024-07-06T10:30:00+00:00,56643.2,56716.9,56605.1,56642.2,685.873,38851631.0957
1720262700000,2024-07-06T10:45:00+00:00,56642.2,56800,56617.8,56738.9,779.224,44187778.2909
1720263600000,2024-07-06T11:00:00+00:00,56738.9,56757.1,56672,56677.2,411.935,23357945.494
1720264500000,2024-07-06T11:15:00+00:00,56677.2,56737.1,56640,56664.8,423.468,24005031.5387
1720265400000,2024-07-06T11:30:00+00:00,56664.8,56720.6,56618.2,56626.5,370.057,20973068.9671
1720266300000,2024-07-06T11:45:00+00:00,56626.5,56719.4,56626.5,56698.8,338.646,19191549.2331
1720267200000,2024-07-06T12:00:00+00:00,56698.8,56748.7,56651,56674.5,302.473,17146808.8708
1720268100000,2024-07-06T12:15:00+00:00,56674.5,56743,56648.3,56648.4,586.747,33262743.5257
1720269000000,2024-07-06T12:30:00+00:00,56648.4,56674.4,56544.7,56566.2,488.298,27633244.2201
1720269900000,2024-07-06T12:45:00+00:00,56566.2,56749.6,56465.7,56708.9,1616.919,91477784.1033
1720270800000,2024-07-06T13:00:00+00:00,56708.9,56768.7,56626.6,56682,664.577,37679936.7197
1720271700000,2024-07-06T13:15:00+00:00,56682,56793.7,56634.2,56734.5,727.891,41293066.8981
1720272600000,2024-07-06T13:30:00+00:00,56734.5,56809.6,56709.7,56774.6,604.464,34313434.5161
1720273500000,2024-07-06T13:45:00+00:00,56774.6,57298,56770.8,56938.6,4717.023,269052851.8968
1720274400000,2024-07-06T14:00:00+00:00,56938.6,57073.5,56675.6,56710,3214.182,182663109.1034
1720275300000,2024-07-06T14:15:00+00:00,56710,56817,56710,56800.1,893.327,50707696.9255
1720276200000,2024-07-06T14:30:00+00:00,56800.1,57002.6,56751.4,56889.9,1405.385,79939529.97
1720277100000,2024-07-06T14:45:00+00:00,56889.9,57097.5,56850.5,57014.5,2446.398,139350143.4874
1720278000000,2024-07-06T15:00:00+00:00,57014.5,57046.8,56900,56934.5,1371.114,78107246.6572
1720278900000,2024-07-06T15:15:00+00:00,56934.5,57261.5,56909.5,57187.3,2441.993,139456757.0125
1720279800000,2024-07-06T15:30:00+00:00,57187.3,57358.1,57187.3,57287.4,3595.06,205915758.3574
1720280700000,2024-07-06T15:45:00+00:00,57287.4,57406.6,57154.6,57283.5,2422.541,138739396.8246
1720281600000,2024-07-06T16:00:00+00:00,57283.5,57311.1,57140.5,57233.4,1569.339,89745776.2984
1720282500000,2024-07-06T16:15:00+00:00,57233.4,57850,57230.1,57727.9,5269.179,303419264.6621
1720283400000,2024-07-06T16:30:00+00:00,57727.9,57959,57650.3,57873.6,5023.356,290430286.2896
1720284300000,2024-07-06T16:45:00+00:00,57873.6,58077.2,57730.4,57810.4,3544.205,205086569.3667
1720285200000,2024-07-06T17:00:00+00:00,57810.4,57821.9,57703.4,57708.4,977.925,56491931.5436
1720286100000,2024-07-06T17:15:00+00:00,57708.4,57934.5,57708.4,57800,1555.248,89965962.733
1720287000000,2024-07-06T17:30:00+00:00,57800,57919.2,57799.9,57909.9,573.213,33174856.4035
1720287900000,2024-07-06T17:45:00+00:00,57909.9,57985.5,57818.1,57912.6,954.545,55269918.4904
1720288800000,2024-07-06T18:00:00+00:00,57912.6,57985.2,57840,57840,634.709,36750300.5928
1720289700000,2024-07-06T18:15:00+00:00,57840,57869.7,57757.5,57779.6,676.76,39120426.3377
1720290600000,2024-07-06T18:30:00+00:00,57779.6,57800,57705.4,57769.6,1162.595,67123503.5963
1720291500000,2024-07-06T18:45:00+00:00,57769.6,57773.8,57703,57745.4,408.243,23575132.8088
1720292400000,2024-07-06T19:00:00+00:00,57745.4,57759.9,57682.3,57719.1,479.429,27666612.4017
1720293300000,2024-07-06T19:15:00+00:00,57719.1,57830,57704.8,57777.4,1720.131,99417948.5246
1720294200000,2024-07-06T19:30:00+00:00,57777.4,57875,57753.6,57807,1287.318,74453788.3621
1720295100000,2024-07-06T19:45:00+00:00,57807,57886.2,57800,57818,479.306,27727661.3412
1720296000000,2024-07-06T20:00:00+00:00,57818,57923.7,57787,57880.7,895.691,51835520.6105
1720296900000,2024-07-06T20:15:00+00:00,57880.7,58181.5,57876.6,58060.2,1898.142,110130287.588
1720297800000,2024-07-06T20:30:00+00:00,58060.2,58172.5,57869.5,57900.1,2758.565,159907910.2035
1720298700000,2024-07-06T20:45:00+00:00,57900.1,58040.7,57881.2,57929.3,733.767,42522530.2906
1720299600000,2024-07-06T21:00:00+00:00,57929.3,58233.5,57922.9,58035.6,2136.595,124190049.5381
1720300500000,2024-07-06T21:15:00+00:00,58035.6,58035.7,57829.4,57864.9,878.505,50866830.2495
1720301400000,2024-07-06T21:30:00+00:00,57864.9,57939,57807,57860.5,697.186,40342599.3151
1720302300000,2024-07-06T21:45:00+00:00,57860.5,57876.7,57807,57829.8,459.563,26576237.4178
1720303200000,2024-07-06T22:00:00+00:00,57829.8,58012.4,57829.7,57923.7,423.753,24546181.0642
1720304100000,2024-07-06T22:15:00+00:00,57923.7,58024.6,57922.6,57945.2,459.375,26636125.2427
1720305000000,2024-07-06T22:30:00+00:00,57945.2,58028.6,57936,57966.2,225.933,13101325.6207
1720305900000,2024-07-06T22:45:00+00:00,57966.2,58075,57959,58069.8,362.84,21055093.9564
1720306800000,2024-07-06T23:00:00+00:00,58069.8,58198.8,58063.2,58181,823.732,47878567.2126
1720307700000,2024-07-06T23:15:00+00:00,58181,58450,58150.1,58328.6,4611.766,269105419.6116
1720308600000,2024-07-06T23:30:00+00:00,58328.6,58431,58105.7,58150.2,1840.701,107243827.2177
1720309500000,2024-07-06T23:45:00+00:00,58150.2,58272,58100,58199.6,834.176,48543850.3981
1720310400000,2024-07-07T00:00:00+00:00,58199.6,58257.8,57988.3,58015.4,1222.176,71002103.9362
1720311300000,2024-07-07T00:15:00+00:00,58015.4,58096.6,57986.1,58060,875.218,50799373.6923
1720312200000,2024-07-07T00:30:00+00:00,58060,58133.6,57953.4,58004.2,557.843,32370131.665
1720313100000,2024-07-07T00:45:00+00:00,58004.2,58042.9,57880,57890.2,1389.852,80503063.0926
1720314000000,2024-07-07T01:00:00+00:00,57890.2,57960.4,57832.7,57913.2,1656.365,95870716.972
1720314900000,2024-07-07T01:15:00+00:00,57913.2,58014.1,57800.3,57876,1121.219,64908678.8961
1720315800000,2024-07-07T01:30:00+00:00,57876,57916.3,57823,57909.3,354.122,20493739.9443
1720316700000,2024-07-07T01:45:00+00:00,57909.3,58285.1,57900,58084.6,2543.663,147821213.5757
1720317600000,2024-07-07T02:00:00+00:00,58084.6,58248,58080,58241.8,1712.876,99665173.3608
1720318500000,2024-07-07T02:15:00+00:00,58241.8,58359.2,58094.1,58171.7,1720.837,100238877.6556
1720319400000,2024-07-07T02:30:00+00:00,58171.7,58252,58124.9,58252,776.365,45172345.9668
1720320300000,2024-07-07T02:45:00+00:00,58252,58417.7,58142.8,58310,807.091,47019124.2012
1720321200000,2024-07-07T03:00:00+00:00,58310,58310,57852.2,57930,1730.864,100523353.6803
1720322100000,2024-07-07T03:15:00+00:00,57930,57999.9,57810.1,57978.6,973.658,56404773.697
1720323000000,2024-07-07T03:30:00+00:00,57978.6,57985.2,57914.1,57975.6,778.176,45106941.1272
1720323900000,2024-07-07T03:45:00+00:00,57975.6,57985.1,57847.5,57925.1,523.841,30346876.2767
1720324800000,2024-07-07T04:00:00+00:00,57925.1,57970,57765.2,57810.9,2081.564,120456093.6033
1720325700000,2024-07-07T04:15:00+00:00,57810.9,57889.7,57754.1,57856.2,881.223,50946969.674
1720326600000,2024-07-07T04:30:00+00:00,57856.2,57860.1,57697.4,57724.6,1534.928,88640198.3217
1720327500000,2024-07-07T04:45:00+00:00,57724.6,57739.1,57542.3,57575.7,2452.652,141267168.8636
1720328400000,2024-07-07T05:00:00+00:00,57575.7,57661.6,57396.4,57639,3202.872,184116000.9797
1720329300000,2024-07-07T05:15:00+00:00,57639,57705.8,57633.3,57698,1664.694,96003095.5513
1720330200000,2024-07-07T05:30:00+00:00,57698,57755,57639.3,57661,1043.805,60247080.8083
1720331100000,2024-07-07T05:45:00+00:00,57661,57741.1,57590.4,57611.8,690.671,39818525.6961
1720332000000,2024-07-07T06:00:00+00:00,57611.8,57715,57588.3,57681,550.076,31721557.5735
1720332900000,2024-07-07T06:15:00+00:00,57681,57715,57620.3,57715,498.639,28750404.6496
1720333800000,2024-07-07T06:30:00+00:00,57715,57780.5,57680.3,57760,749.39,43274396.3376
1720334700000,2024-07-07T06:45:00+00:00,57760,57760.1,57571.3,57616.6,1005.266,57942143.0665
1720335600000,2024-07-07T07:00:00+00:00,57616.6,57660.5,57401,57401.1,980.091,56358191.6898
1720336500000,2024-07-07T07:15:00+00:00,57401.1,57477.6,57168,57244.5,3474.889,199088051.2061
1720337400000,2024-07-07T07:30:00+00:00,57244.5,57244.6,57044.6,57225.4,2263.271,129319818.0724
1720338300000,2024-07-07T07:45:00+00:00,57225.4,57374.8,57195.1,57334,1812.039,103870984.8761
1720339200000,2024-07-07T08:00:00+00:00,57334,57489.7,57333,57472.2,1326.681,76178665.2109
1720340100000,2024-07-07T08:15:00+00:00,57472.2,57525.3,57379.6,57469.9,1449.453,83232013.4214
1720341000000,2024-07-07T08:30:00+00:00,57469.9,57517.8,57415.4,57449.9,1661.452,95468495.069
1720341900000,2024-07-07T08:45:00+00:00,57449.9,57631,57429.1,57623,2200.279,126686688.0586
1720342800000,2024-07-07T09:00:00+00:00,57623,57692.5,57553,57560.4,1036.754,59743691.5011
1720343700000,2024-07-07T09:15:00+00:00,57560.4,57695.1,57544,57676.5,566.995,32658549.9186
1720344600000,2024-07-07T09:30:00+00:00,57676.5,57712.1,57564.4,57650.1,705.724,40680643.1408
1720345500000,2024-07-07T09:45:00+00:00,57650.1,57709.7,57606.7,57709.6,528.835,30497020.929
1720346400000,2024-07-07T10:00:00+00:00,57709.6,57758.5,57627.1,57635.2,2094.32,120746904.8177
1720347300000,2024-07-07T10:15:00+00:00,57635.2,57728.1,57542.6,57699.9,789.153,45482043.2211
1720348200000,2024-07-07T10:30:00+00:00,57699.9,57894,57560.4,57572.7,2769.932,160040808.032
1720349100000,2024-07-07T10:45:00+00:00,57572.7,57572.7,57458.4,57465.6,1291.355,74250375.3318
1720350000000,2024-07-07T11:00:00+00:00,57465.6,57513.5,57402.4,57408.7,1306.383,75026454.618
1720350900000,2024-07-07T11:15:00+00:00,57408.7,57418,57315.3,57380.6,1099.917,63103784.6018
1720351800000,2024-07-07T11:30:00+00:00,57380.6,57478.6,57333,57337.7,790.261,45376730.5644
1720352700000,2024-07-07T11:45:00+00:00,57337.7,57443.8,57333,57425.3,393.013,22551354.3219
1720353600000,2024-07-07T12:00:00+00:00,57425.3,57535.3,57372.5,57510.2,895.428,51457666.4739
1720354500000,2024-07-07T12:15:00+00:00,57510.2,57579.6,57441.1,57442.2,712.379,40975547.5042
1720355400000,2024-07-07T12:30:00+00:00,57442.2,57465.2,57172.8,57190.8,1780.033,102014882.6482
1720356300000,2024-07-07T12:45:00+00:00,57190.8,57317,57176.4,57293.3,2077.204,118924570.786
1720357200000,2024-07-07T13:00:00+00:00,57293.3,57323,57058.6,57065.1,1879.345,107441812.7115
1720358100000,2024-07-07T13:15:00+00:00,57065.1,57140.2,56786.2,56895.6,5418.185,308462241.09
1720359000000,2024-07-07T13:30:00+00:00,56895.6,56995.3,56745.3,56783.9,2140.38,121699956.2773
1720359900000,2024-07-07T13:45:00+00:00,56783.9,56909.6,56782.4,56834.6,1229.742,69909664.4108
1720360800000,2024-07-07T14:00:00+00:00,56834.6,56863.5,56639.9,56705.6,2555.993,145039778.3421
1720361700000,2024-07-07T14:15:00+00:00,56705.6,56830,56560,56809.3,2818.043,159778765.0361
1720362600000,2024-07-07T14:30:00+00:00,56809.3,56905.7,56700.6,56752.4,2481.111,140935382.0711
1720363500000,2024-07-07T14:45:00+00:00,56752.4,56773.6,56573,56730.1,1672.812,94792889.6371
1720364400000,2024-07-07T15:00:00+00:00,56730.1,56957.5,56688.9,56800,1997.182,113509490.3222
1720365300000,2024-07-07T15:15:00+00:00,56800,56905.6,56742.1,56855.5,929.868,52848439.2933
1720366200000,2024-07-07T15:30:00+00:00,56855.5,57024.1,56774.6,56819.7,1190.882,67716921.7787
1720367100000,2024-07-07T15:45:00+00:00,56819.7,56907.5,56685.6,56790.3,1224.907,69539497.6055
1720368000000,2024-07-07T16:00:00+00:00,56790.3,56922,56706,56830.9,688.756,39144347.4715
1720368900000,2024-07-07T16:15:00+00:00,56830.9,56971.2,56810.6,56911.5,644.211,36665455.8064
1720369800000,2024-07-07T16:30:00+00:00,56911.5,57137.6,56890.6,57099,1566.265,89321027.2554
1720370700000,2024-07-07T16:45:00+00:00,57099,57118.4,57000,57075.6,839.122,47877124.9662
1720371600000,2024-07-07T17:00:00+00:00,57075.6,57187.5,57014.8,57014.8,805.2,45990018.3107
1720372500000,2024-07-07T17:15:00+00:00,57014.8,57019.7,56805.5,56823,1064.764,60585716.3992
1720373400000,2024-07-07T17:30:00+00:00,56823,56965.2,56757.3,56938.7,900.726,51211412.0003
1720374300000,2024-07-07T17:45:00+00:00,56938.7,57255.6,56874.3,57198,1936.661,110680698.2868
1720375200000,2024-07-07T18:00:00+00:00,57198,57355,57143.8,57200.3,2620.135,150042495.8972
1720376100000,2024-07-07T18:15:00+00:00,57200.3,57269.4,57134.9,57175.1,597.939,34204861.7827
1720377000000,2024-07-07T18:30:00+00:00,57175.1,57185.4,57083.1,57174.7,478.69,27347214.2397
1720377900000,2024-07-07T18:45:00+00:00,57174.7,57225.4,57100,57135.8,302.165,17269010.8428
1720378800000,2024-07-07T19:00:00+00:00,57135.8,57135.8,56982.3,57130.9,1317.984,75180708.6071
1720379700000,2024-07-07T19:15:00+00:00,57130.9,57164.1,57003.1,57044.6,458.515,26167660.1101
1720380600000,2024-07-07T19:30:00+00:00,57044.6,57100.9,57000,57079.9,217.672,12419291.1048
1720381500000,2024-07-07T19:45:00+00:00,57079.9,57127.9,57044.6,57120.9,198.204,11315579.2868
1720382400000,2024-07-07T20:00:00+00:00,57120.9,57120.9,57001,57115.9,301.958,17226806.0312
1720383300000,2024-07-07T20:15:00+00:00,57115.9,57287.4,57115.9,57172,589.056,33694032.8553
1720384200000,2024-07-07T20:30:00+00:00,57172,57229.2,57172,57223.7,298.864,17097489.7937
1720385100000,2024-07-07T20:45:00+00:00,57223.7,57285.4,57187.6,57230.5,344.527,19712691.1894
1720386000000,2024-07-07T21:00:00+00:00,57230.5,57249.4,56696.7,56701.7,2277.549,129553747.107
1720386900000,2024-07-07T21:15:00+00:00,56701.7,56799.1,56175.2,56197.1,5246.361,296360098.8935
1720387800000,2024-07-07T21:30:00+00:00,56197.1,56496.8,56156.1,56325.8,2451.417,138032015.9553
1720388700000,2024-07-07T21:45:00+00:00,56325.8,56580,56255.8,56546.7,1970.64,111237970.6113
1720389600000,2024-07-07T22:00:00+00:00,56546.7,56750,56527.2,56639.6,2764.399,156646958.4109
1720390500000,2024-07-07T22:15:00+00:00,56639.6,56713.6,56471.8,56482.1,776.106,43915066.4205
1720391400000,2024-07-07T22:30:00+00:00,56482.1,56585.7,56391.9,56553.2,1067.584,60293586.4879
1720392300000,2024-07-07T22:45:00+00:00,56553.2,56602.4,56346.6,56350,1258.111,70993601.4754
1720393200000,2024-07-07T23:00:00+00:00,56350,56492.4,56165,56381.3,1607.867,90614141.449
1720394100000,2024-07-07T23:15:00+00:00,56381.3,56426.7,56295,56399.9,661.56,37294045.688
1720395000000,2024-07-07T23:30:00+00:00,56399.9,56419,55970,56017.6,2254.336,126555248.3157
1720395900000,2024-07-07T23:45:00+00:00,56017.6,56054,55691,55820.8,5097.188,284678840.0986
1720396800000,2024-07-08T00:00:00+00:00,55820.8,55890.3,55481.1,55588.4,5000.306,278229939.1005
1720397700000,2024-07-08T00:15:00+00:00,55588.4,55987.4,55558.2,55950,2144.613,119735928.7764
1720398600000,2024-07-08T00:30:00+00:00,55950,55950.1,55141.2,55186.8,4580.353,253784382.0841
1720399500000,2024-07-08T00:45:00+00:00,55186.8,55281.6,54997.8,55054.9,2910.358,160448324.7132
1720400400000,2024-07-08T01:00:00+00:00,55054.9,55067.1,54245.2,54546.6,8274.961,452200098.3435
1720401300000,2024-07-08T01:15:00+00:00,54546.6,54792.6,54234,54759.4,4638.73,252614272.9243
1720402200000,2024-07-08T01:30:00+00:00,54759.4,54759.4,54400,54571.4,4214.668,230095571.3298
1720403100000,2024-07-08T01:45:00+00:00,54571.4,54923.4,54548.6,54916,2109.931,115614417.1739
1720404000000,2024-07-08T02:00:00+00:00,54916,55159.9,54821.9,54882.4,4475.743,246116691.7782
1720404900000,2024-07-08T02:15:00+00:00,54882.4,55258.6,54566.7,55240.2,4332.732,238302821.3347
1720405800000,2024-07-08T02:30:00+00:00,55240.2,55385.9,55181.1,55310,2570.714,142207578.8267
1720406700000,2024-07-08T02:45:00+00:00,55310,55416.7,55258.8,55341,902.111,49909206.8603
1720407600000,2024-07-08T03:00:00+00:00,55341,55455.5,55047.7,55124,2089.383,115416582.8574
1720408500000,2024-07-08T03:15:00+00:00,55124,55175.1,54831.2,54950,2265.372,124476884.6809
1720409400000,2024-07-08T03:30:00+00:00,54950,55362.6,54914.1,55176.1,2426.18,133822941.1456
1720410300000,2024-07-08T03:45:00+00:00,55176.1,55205.2,55060.4,55123.1,888.862,48986376.2755
1720411200000,2024-07-08T04:00:00+00:00,55123.1,55288,54924,55206.1,1604.386,88448151.3324
1720412100000,2024-07-08T04:15:00+00:00,55206.1,55330.4,55028.7,55302.1,1083.653,59739520.8697
1720413000000,2024-07-08T04:30:00+00:00,55302.1,55433.9,55242.6,55419.1,1567.615,86792739.5481
1720413900000,2024-07-08T04:45:00+00:00,55419.1,55604.5,55385.6,55450.5,2315.75,128477217.9944
1720414800000,2024-07-08T05:00:00+00:00,55450.5,55678.4,55411.2,55518.1,1870.301,104013895.3458
1720415700000,2024-07-08T05:15:00+00:00,55518.1,55651.9,55358.1,55370.9,1605.884,89071219.027
1720416600000,2024-07-08T05:30:00+00:00,55370.9,55522.6,55258.6,55280,1592.924,88154166.4934
1720417500000,2024-07-08T05:45:00+00:00,55280,55534.2,55279.9,55441.1,1167.901,64703048.5588
1720418400000,2024-07-08T06:00:00+00:00,55441.1,55491.7,55171.1,55339.9,1536.859,84935127.8729
1720419300000,2024-07-08T06:15:00+00:00,55339.9,55758,55271.8,55651.1,2909.678,161813407.1603
1720420200000,2024-07-08T06:30:00+00:00,55651.1,55760.4,55609.9,55751,1656.337,92281050.1431
1720421100000,2024-07-08T06:45:00+00:00,55751,55865.7,55559.9,55605.1,2318.168,129160480.662
1720422000000,2024-07-08T07:00:00+00:00,55605.1,55662.1,55488.1,55492.9,1017.593,56518450.7539
1720422900000,2024-07-08T07:15:00+00:00,55492.9,55719.3,55486.4,55691.9,1819.066,101157570.622
1720423800000,2024-07-08T07:30:00+00:00,55691.9,55825.7,55603.1,55656.8,1119.576,62376539.2614
1720424700000,2024-07-08T07:45:00+00:00,55656.8,55829.7,55650,55819.7,845.692,47162846.8348
1720425600000,2024-07-08T08:00:00+00:00,55819.7,56253.4,55701,56211.7,6412.072,359533934.425
1720426500000,2024-07-08T08:15:00+00:00,56211.7,56789.6,56200,56655.6,6561.504,370711896.9691
1720427400000,2024-07-08T08:30:00+00:00,56655.6,57224.4,56549.6,57108.7,7357.111,418650604.7012
1720428300000,2024-07-08T08:45:00+00:00,57108.7,57870,57091.7,57752.8,8728.533,502161875.9483
1720429200000,2024-07-08T09:00:00+00:00,57752.8,58183.5,57601.4,57669.5,5841.416,337709373.9991
1720430100000,2024-07-08T09:15:00+00:00,57669.5,57891,57527.1,57870.2,3505.87,202341402.8223
1720431000000,2024-07-08T09:30:00+00:00,57870.2,57880.2,57335.4,57467.4,2505.717,144196838.7875
1720431900000,2024-07-08T09:45:00+00:00,57467.4,57583.1,57332.6,57488.3,1879.136,107988048.9997
1720432800000,2024-07-08T10:00:00+00:00,57488.3,57665.6,57330.4,57622.9,2736.342,157495286.4779
1720433700000,2024-07-08T10:15:00+00:00,57622.9,57685.6,57450.5,57464.4,1715.083,98726562.7407
1720434600000,2024-07-08T10:30:00+00:00,57464.4,57534.3,57348.7,57366.3,1154.567,66306679.1796
1720435500000,2024-07-08T10:45:00+00:00,57366.3,57400,56679.9,56787.7,6381.839,363649022.3267
1720436400000,2024-07-08T11:00:00+00:00,56787.7,57200,56736.6,57175.6,4341.508,247521373.9212
1720437300000,2024-07-08T11:15:00+00:00,57175.6,57310,57032.4,57104.8,1976.753,112978329.4314
1720438200000,2024-07-08T11:30:00+00:00,57104.8,57292.7,57042.5,57157,1495.09,85463311.2242
1720439100000,2024-07-08T11:45:00+00:00,57157,57281.3,57008.8,57119.4,1145.601,65447077.8987
1720440000000,2024-07-08T12:00:00+00:00,57119.4,57202.6,56829,56887.1,2308.095,131463952.1929
1720440900000,2024-07-08T12:15:00+00:00,56887.1,57250,56863.4,57067.6,2324.411,132720553.2045
1720441800000,2024-07-08T12:30:00+00:00,57067.6,57171.5,56998.1,57171.5,1218.512,69563486.4838
1720442700000,2024-07-08T12:45:00+00:00,57171.5,57596.6,57076.2,57114.4,3923.666,224846029.8003
1720443600000,2024-07-08T13:00:00+00:00,57114.4,57410.7,57025.9,57248,2184.395,125009710.4375
1720444500000,2024-07-08T13:15:00+00:00,57248,57336.7,57117.6,57155.3,1085.858,62155111.646
1720445400000,2024-07-08T13:30:00+00:00,57155.3,57335.4,56918.4,56930.8,3871.233,220896341.6536
1720446300000,2024-07-08T13:45:00+00:00,56930.8,57196.4,56757.5,57192.8,3477.359,197941898.684
1720447200000,2024-07-08T14:00:00+00:00,57192.8,57266.3,56945,57101.4,1731.144,98866337.4492
1720448100000,2024-07-08T14:15:00+00:00,57101.4,57138.3,55600,55602.3,5988.794,337437678.0641
1720449000000,2024-07-08T14:30:00+00:00,55602.3,56325,54900,56054.8,11374.342,632421514.787
1720449900000,2024-07-08T14:45:00+00:00,56054.8,56348.5,55883.8,56144.7,6088.245,341750043.8227
1720450800000,2024-07-08T15:00:00+00:00,56144.7,56765.7,56030.9,56458.5,6076.771,342364224.473
1720451700000,2024-07-08T15:15:00+00:00,56458.5,56631.5,56262.8,56330.6,2717.309,153338456.4589
1720452600000,2024-07-08T15:30:00+00:00,56330.6,56435.1,55913,56002.8,3075.098,172702982.2631
1720453500000,2024-07-08T15:45:00+00:00,56002.8,56148.2,55664.6,55717.2,3274.714,182897088.1098
1720454400000,2024-07-08T16:00:00+00:00,55717.2,56084.4,55706.7,56012.8,2217.365,123993769.2944
1720455300000,2024-07-08T16:15:00+00:00,56012.8,56017.8,55429.1,55498.6,2730.331,152027550.1613
1720456200000,2024-07-08T16:30:00+00:00,55498.6,55838.7,55387.4,55830,2277.09,126641534.9458
1720457100000,2024-07-08T16:45:00+00:00,55830,55907.2,55720.6,55775.6,1043.111,58218575.6674
1720458000000,2024-07-08T17:00:00+00:00,55775.6,55902.1,55561,55888.2,1067.67,59521353.7116
1720458900000,2024-07-08T17:15:00+00:00,55888.2,56220.3,55706.6,55944.8,2375.346,132985367.1012
1720459800000,2024-07-08T17:30:00+00:00,55944.8,56196.2,55938.6,56128.5,1103.676,61894213.0033
1720460700000,2024-07-08T17:45:00+00:00,56128.5,56336.9,56010.5,56243.2,1032.135,57978693.9332
1720461600000,2024-07-08T18:00:00+00:00,56243.2,56396,56119.5,56276.5,849.082,47755082.098
1720462500000,2024-07-08T18:15:00+00:00,56276.5,56435.6,56230,56359.1,1555.2,87603060.8036
1720463400000,2024-07-08T18:30:00+00:00,56359.1,56527.9,56225.7,56268.1,1104.504,62292824.9346
1720464300000,2024-07-08T18:45:00+00:00,56268.1,56440.9,56202.1,56245.6,924.823,52068868.3281
1720465200000,2024-07-08T19:00:00+00:00,56245.6,56335.7,56171.6,56184.9,615.784,34638889.0301
1720466100000,2024-07-08T19:15:00+00:00,56184.9,56393,56110.1,56340,1048.189,58943322.6449
1720467000000,2024-07-08T19:30:00+00:00,56340,56368.4,56206.8,56246.8,445.609,25085791.6366
1720467900000,2024-07-08T19:45:00+00:00,56246.8,56501.5,56176.6,56443.6,829.764,46794144.9002
1720468800000,2024-07-08T20:00:00+00:00,56443.6,56534.7,56232.7,56248.8,1128.446,63571013.4785
1720469700000,2024-07-08T20:15:00+00:00,56248.8,56431.6,56188.6,56426,879.97,49549792.4198
1720470600000,2024-07-08T20:30:00+00:00,56426,56440,56245.6,56274.1,329.244,18542898.7564
1720471500000,2024-07-08T20:45:00+00:00,56274.1,56283.4,56163.8,56226.9,298.777,16795962.564
1720472400000,2024-07-08T21:00:00+00:00,56226.9,56323.8,56161.1,56315.2,339.055,19066847.7601
1720473300000,2024-07-08T21:15:00+00:00,56315.2,56805.2,56240.1,56605.3,776.775,43875848.2541
1720474200000,2024-07-08T21:30:00+00:00,56605.3,56669.4,56313.6,56341.1,3057.236,172691274.8356
1720475100000,2024-07-08T21:45:00+00:00,56341.1,56665.6,56341.1,56617,1200.557,67886324.3962
1720476000000,2024-07-08T22:00:00+00:00,56617,56816.3,56513.4,56694.3,868.747,49248375.3
1720476900000,2024-07-08T22:15:00+00:00,56694.3,56935.1,56652.5,56825.9,1121.296,63700532.164
1720477800000,2024-07-08T22:30:00+00:00,56825.9,56850.1,56657.2,56685.9,642.331,36442190.7459
1720478700000,2024-07-08T22:45:00+00:00,56685.9,56698.5,56582,56652.1,400.421,22678281.9526
1720479600000,2024-07-08T23:00:00+00:00,56652.1,56796.5,56576,56794,465.726,26391216.1965
1720480500000,2024-07-08T23:15:00+00:00,56794,56828,56634.2,56659.8,935.001,53022826.3881
1720481400000,2024-07-08T23:30:00+00:00,56659.8,56702.6,56600.1,56648.8,249.11,14114130.1078
1720482300000,2024-07-08T23:45:00+00:00,56648.8,56700,56610.8,56677.1,417.338,23643570.3188
1720483200000,2024-07-09T00:00:00+00:00,56677.1,56725,56582.6,56598.3,559.863,31709585.423
1720484100000,2024-07-09T00:15:00+00:00,56598.3,56619.9,56336.3,56384.6,2649.908,149617433.9223
1720485000000,2024-07-09T00:30:00+00:00,56384.6,56541.6,56250.3,56486.2,1898.393,107110780.9925
1720485900000,2024-07-09T00:45:00+00:00,56486.2,56684.6,56397.5,56504.2,737.325,41665258.4515
1720486800000,2024-07-09T01:00:00+00:00,56504.2,57206.1,56457.8,57052.5,3732.233,212679779.825
1720487700000,2024-07-09T01:15:00+00:00,57052.5,57259.3,56604.9,56753.3,2716.525,154643624.1779
1720488600000,2024-07-09T01:30:00+00:00,56753.3,56827.8,56402.8,56458,1924.556,108805190.4342
1720489500000,2024-07-09T01:45:00+00:00,56458,56637,56450,56522.8,687.579,38891568.1024
1720490400000,2024-07-09T02:00:00+00:00,56522.8,56575.8,56293.4,56559.8,986.806,55682138.281
1720491300000,2024-07-09T02:15:00+00:00,56559.8,56730.8,56537.2,56636.6,1443.213,81763515.9712
1720492200000,2024-07-09T02:30:00+00:00,56636.6,56911.4,56629.5,56862.2,1148.731,65248335.8349
1720493100000,2024-07-09T02:45:00+00:00,56862.2,57320,56834.7,57213.9,2039.111,116453639.1879
1720494000000,2024-07-09T03:00:00+00:00,57213.9,57222.2,57043,57043,1158.059,66162692.358
1720494900000,2024-07-09T03:15:00+00:00,57043,57044.3,56836.6,56869.1,1258.351,71683741.7024
1720495800000,2024-07-09T03:30:00+00:00,56869.1,56985.4,56855.3,56976.6,722.909,41150253.197
1720496700000,2024-07-09T03:45:00+00:00,56976.6,57187.1,56966.9,57126.3,1323.144,75535294.3704
1720497600000,2024-07-09T04:00:00+00:00,57126.3,57293.9,57061.7,57220.3,951.647,54440039.5605
1720498500000,2024-07-09T04:15:00+00:00,57220.3,57311.4,57152.7,57190,1111.182,63556020.6724
1720499400000,2024-07-09T04:30:00+00:00,57190,57342.2,57145.1,57158.8,1315.322,75298996.1823
1720500300000,2024-07-09T04:45:00+00:00,57158.8,57307.9,57081,57245.3,1064.296,60842332.3448
1720501200000,2024-07-09T05:00:00+00:00,57245.3,57303.5,57086.9,57200,563.666,32247775.5881
1720502100000,2024-07-09T05:15:00+00:00,57200,57322.7,57148.6,57304.2,572.782,32795285.1337
1720503000000,2024-07-09T05:30:00+00:00,57304.2,57399.9,57135.6,57275.5,1070.79,61319404.1198
1720503900000,2024-07-09T05:45:00+00:00,57275.5,57294.4,57186.9,57247.5,625.746,35812013.382
1720504800000,2024-07-09T06:00:00+00:00,57247.5,57435,57151.5,57364.2,1202.668,68948031.0067
1720505700000,2024-07-09T06:15:00+00:00,57364.2,57645.1,57312.7,57557.5,2015.112,115842286.7153
1720506600000,2024-07-09T06:30:00+00:00,57557.5,57729.5,57436.3,57517.8,2333.962,134378019.0742
1720507500000,2024-07-09T06:45:00+00:00,57517.8,57530.3,57414.2,57450,673.427,38696011.6421
1720508400000,2024-07-09T07:00:00+00:00,57450,57518.7,57339.3,57405.8,1111.272,63788572.3656
1720509300000,2024-07-09T07:15:00+00:00,57405.8,57411,57152.1,57235.3,1798.835,102964797.7786
1720510200000,2024-07-09T07:30:00+00:00,57235.3,57315.1,57105,57173.6,1310.445,74932566.5061
1720511100000,2024-07-09T07:45:00+00:00,57173.6,57222.3,56977.9,57081.2,1283.31,73232723.4978
1720512000000,2024-07-09T08:00:00+00:00,57081.2,57350,56991.1,57345.3,3283.81,187790982.8326
1720512900000,2024-07-09T08:15:00+00:00,57345.3,57597.4,57330.4,57471.9,2740.352,157417840.8624
1720513800000,2024-07-09T08:30:00+00:00,57471.9,57881.6,57471.9,57800.4,5579.717,321930053.5627
1720514700000,2024-07-09T08:45:00+00:00,57800.4,57810.1,57556.8,57586.8,4156.106,239753149.8023
1720515600000,2024-07-09T09:00:00+00:00,57586.8,57653.7,57471.2,57516.3,1046.317,60229994.4142
1720516500000,2024-07-09T09:15:00+00:00,57516.3,57609.3,57478.6,57578.2,858.816,49428517.9454
1720517400000,2024-07-09T09:30:00+00:00,57578.2,57644.4,57518.6,57639.9,501.943,28900556.5639
1720518300000,2024-07-09T09:45:00+00:00,57639.9,57659.1,57570,57570,1012.894,58359288.3928
1720519200000,2024-07-09T10:00:00+00:00,57570,57633.1,57501,57536.4,638.352,36749000.1409
1720520100000,2024-07-09T10:15:00+00:00,57536.4,57541.5,57336,57390.2,1420.261,81554924.3559
1720521000000,2024-07-09T10:30:00+00:00,57390.2,57478,57266.1,57279.9,2086.732,119679523.6959
1720521900000,2024-07-09T10:45:00+00:00,57279.9,57404.8,57249.4,57395,862.295,49428272.0713
1720522800000,2024-07-09T11:00:00+00:00,57395,57410,57200,57323.7,1081.487,61962495.4007
1720523700000,2024-07-09T11:15:00+00:00,57323.7,57523.7,57279.2,57520,798.778,45857594.2388
1720524600000,2024-07-09T11:30:00+00:00,57520,57520.4,57413.5,57479.8,680.809,39133996.2914
1720525500000,2024-07-09T11:45:00+00:00,57479.8,57490,57370.5,57408.2,511.816,29379126.9049
1720526400000,2024-07-09T12:00:00+00:00,57408.2,57499,57338.7,57489.4,630.734,36217323.3254
1720527300000,2024-07-09T12:15:00+00:00,57489.4,57509.9,57261.4,57300.1,1446.666,83001404.5506
1720528200000,2024-07-09T12:30:00+00:00,57300.1,57384.6,57236.6,57283.4,900.058,51574764.2833
1720529100000,2024-07-09T12:45:00+00:00,57283.4,57529.5,57281.2,57307.3,1272.761,73054513.7512
1720530000000,2024-07-09T13:00:00+00:00,57307.3,57350,57114.1,57269.8,1850.61,105844946.6095
1720530900000,2024-07-09T13:15:00+00:00,57269.8,57314.4,57149.3,57191.1,901.603,51603094.9662
1720531800000,2024-07-09T13:30:00+00:00,57191.1,57379.4,57020,57098.1,2011.483,114953336.4689
1720532700000,2024-07-09T13:45:00+00:00,57098.1,57298.9,56939,57298.9,3482.854,198863713.7778
1720533600000,2024-07-09T14:00:00+00:00,57298.9,57950,57102.3,57841.2,5158.188,296441211.2184
1720534500000,2024-07-09T14:15:00+00:00,57841.2,58102,57256.3,57558.4,7970.742,459852009.7596
1720535400000,2024-07-09T14:30:00+00:00,57558.4,57666,57429.5,57598.1,2908.192,167424761.7176
1720536300000,2024-07-09T14:45:00+00:00,57598.1,57625.2,57018.3,57029.8,2956.812,169381041.3283
1720537200000,2024-07-09T15:00:00+00:00,57029.8,57253.2,56858.3,57239.8,5418.623,309232575.473
1720538100000,2024-07-09T15:15:00+00:00,57239.8,57298,57087.9,57144.4,1855.663,106094017.8811
1720539000000,2024-07-09T15:30:00+00:00,57144.4,57284.7,57005.3,57227.2,1393.974,79670235.668
1720539900000,2024-07-09T15:45:00+00:00,57227.2,57466.6,57204.6,57430.4,1987.393,113943421.8968
1720540800000,2024-07-09T16:00:00+00:00,57430.4,57615.1,57397.4,57551.5,1924.458,110647086.5613
1720541700000,2024-07-09T16:15:00+00:00,57551.5,57836.8,57550.5,57657.4,2931.168,169064630.0256
1720542600000,2024-07-09T16:30:00+00:00,57657.4,57700,57365.5,57543.5,2724.836,156693036.5304
1720543500000,2024-07-09T16:45:00+00:00,57543.5,57686.8,57356.4,57654.3,1128.724,64948585.0277
1720544400000,2024-07-09T17:00:00+00:00,57654.3,57769,57541,57547.5,985.09,56788195.0002
1720545300000,2024-07-09T17:15:00+00:00,57547.5,57605.7,57424.6,57564,1046.161,60163352.6637
1720546200000,2024-07-09T17:30:00+00:00,57564,57615.2,57352.4,57355.7,665.731,38293075.0785
1720547100000,2024-07-09T17:45:00+00:00,57355.7,57505.1,57328.4,57484.1,927.753,53268897.8648
1720548000000,2024-07-09T18:00:00+00:00,57484.1,57641.5,57400.4,57637.3,1296.901,74578785.6538
1720548900000,2024-07-09T18:15:00+00:00,57637.3,57934.1,57637.3,57682.9,2866.753,165727271.2666
1720549800000,2024-07-09T18:30:00+00:00,57682.9,58127.7,57673.3,58065.2,4262.578,246968367.2433
1720550700000,2024-07-09T18:45:00+00:00,58065.2,58288.6,57794,57880.8,3834.948,222382172.7735
1720551600000,2024-07-09T19:00:00+00:00,57880.8,57900.2,57700.3,57813.5,1283.383,74130046.9276
1720552500000,2024-07-09T19:15:00+00:00,57813.5,57840,57648.6,57840,905.958,52323960.0184
1720553400000,2024-07-09T19:30:00+00:00,57840,57840,57659.3,57680.1,279.874,16159726.8002
1720554300000,2024-07-09T19:45:00+00:00,57680.1,57859.3,57675.1,57830.1,236.74,13673023.5606
1720555200000,2024-07-09T20:00:00+00:00,57830.1,57910.9,57672,57765.1,691.001,39930574.6426
1720556100000,2024-07-09T20:15:00+00:00,57765.1,57968.2,57764.1,57867.5,747.476,43251680.2056
1720557000000,2024-07-09T20:30:00+00:00,57867.5,58077.3,57864.2,57999.9,855.39,49591697.8343
1720557900000,2024-07-09T20:45:00+00:00,57999.9,58052.7,57834.1,57892.3,891.374,51604208.7868
1720558800000,2024-07-09T21:00:00+00:00,57892.3,57923.3,57780.3,57900.9,708.992,41013499.5153
1720559700000,2024-07-09T21:15:00+00:00,57900.9,57929.1,57730.3,57873.5,1083.098,62587835.3874
1720560600000,2024-07-09T21:30:00+00:00,57873.5,57951.5,57809.1,57829.5,619.605,35856103.2031
1720561500000,2024-07-09T21:45:00+00:00,57829.5,57831.7,57721.3,57770.9,332.498,19211212.1811
1720562400000,2024-07-09T22:00:00+00:00,57770.9,57805.3,57700,57769.3,339.703,19615949.9331
1720563300000,2024-07-09T22:15:00+00:00,57769.3,57826,57700,57793.5,526.464,30408164.991
1720564200000,2024-07-09T22:30:00+00:00,57793.5,57950.8,57789.8,57950.7,431.892,25001094.5861
1720565100000,2024-07-09T22:45:00+00:00,57950.7,58229.4,57859.5,57897.7,1849.66,107366604.8978
1720566000000,2024-07-09T23:00:00+00:00,57897.7,57928.9,57824.6,57824.6,587.326,33990300.6025
1720566900000,2024-07-09T23:15:00+00:00,57824.6,57937,57824.6,57858.5,359.171,20787954.7085
1720567800000,2024-07-09T23:30:00+00:00,57858.5,58053.7,57844.3,57998.1,482.89,27988260.0378
1720568700000,2024-07-09T23:45:00+00:00,57998.1,58080,57945.2,58015.1,590.959,34271701.6753
1720569600000,2024-07-10T00:00:00+00:00,58015.1,58015.1,57802.3,57844.1,705.359,40826880.0245
1720570500000,2024-07-10T00:15:00+00:00,57844.1,57850,57550,57588.1,2961.19,170627376.0902
1720571400000,2024-07-10T00:30:00+00:00,57588.1,57755,57557.3,57727.3,1054.768,60812432.8061
1720572300000,2024-07-10T00:45:00+00:00,57727.3,57777,57381.4,57451.2,1455.399,83759558.658
1720573200000,2024-07-10T01:00:00+00:00,57451.2,57569.5,57298.5,57543.2,1612.141,92610116.5455
1720574100000,2024-07-10T01:15:00+00:00,57543.2,57753,57503,57737.1,1015.331,58471222.1358
1720575000000,2024-07-10T01:30:00+00:00,57737.1,57967.9,57640.3,57705,2451.429,141762362.9581
1720575900000,2024-07-10T01:45:00+00:00,57705,57771.7,57623.7,57763.9,810.505,46767880.7928
1720576800000,2024-07-10T02:00:00+00:00,57763.9,57857.1,57641.7,57659.6,1165.777,67334948.7289
1720577700000,2024-07-10T02:15:00+00:00,57659.6,57752.1,57617.7,57701.8,788.709,45497791.7711
1720578600000,2024-07-10T02:30:00+00:00,57701.8,57832.5,57656.7,57714.7,1325.826,76566142.9325
1720579500000,2024-07-10T02:45:00+00:00,57714.7,57865,57673.5,57845.1,1104.259,63797340.4598
1720580400000,2024-07-10T03:00:00+00:00,57845.1,57944.5,57816,57830.2,957.517,55427735.8324
1720581300000,2024-07-10T03:15:00+00:00,57830.2,57980.5,57810,57939.5,669.951,38804763.4063
1720582200000,2024-07-10T03:30:00+00:00,57939.5,58099.6,57920,57984,2185.812,126797485.8492
1720583100000,2024-07-10T03:45:00+00:00,57984,58150,57983.6,58149,2362.656,137190688.2453
1720584000000,2024-07-10T04:00:00+00:00,58149,59058.6,58144.2,58709.2,8166.652,478453804.7308
1720584900000,2024-07-10T04:15:00+00:00,58709.2,59414.7,58593.9,59215.5,5639.071,332757243.5527
1720585800000,2024-07-10T04:30:00+00:00,59215.5,59279.6,58942.9,59095,4045.216,239034084.4471
1720586700000,2024-07-10T04:45:00+00:00,59095,59298.1,58953.7,59298,1960.238,115952766.3612
1720587600000,2024-07-10T05:00:00+00:00,59298,59440.2,59092.9,59125.9,3466.444,205308755.0473
1720588500000,2024-07-10T05:15:00+00:00,59125.9,59165,58992.1,59072.9,1491.596,88123937.3644
1720589400000,2024-07-10T05:30:00+00:00,59072.9,59120.2,58800,58894.6,2801.869,165037325.438
1720590300000,2024-07-10T05:45:00+00:00,58894.6,59045.5,58876.6,58936.5,1097.064,64682278.7748
1720591200000,2024-07-10T06:00:00+00:00,58936.5,59035,58810,58968.5,1116.502,65801969.8749
1720592100000,2024-07-10T06:15:00+00:00,58968.5,59112.2,58951.2,59077.7,1085.33,64055171.6863
1720593000000,2024-07-10T06:30:00+00:00,59077.7,59174.6,59021.2,59097.3,991.658,58608519.338
1720593900000,2024-07-10T06:45:00+00:00,59097.3,59270,59081.2,59192.2,1414.559,83718214.3424
1720594800000,2024-07-10T07:00:00+00:00,59192.2,59235.8,59022.1,59063.7,1231.896,72824600.9726
1720595700000,2024-07-10T07:15:00+00:00,59063.7,59134.6,58983.2,58995.2,792.824,46809236.1768
1720596600000,2024-07-10T07:30:00+00:00,58995.2,59052.5,58880,58880,796.499,46967601.5025
1720597500000,2024-07-10T07:45:00+00:00,58880,58944.4,58799.9,58940.8,1730.446,101877352.5652
1720598400000,2024-07-10T08:00:00+00:00,58940.8,58999.9,58645.6,58701.8,3167.588,186061715.6652
1720599300000,2024-07-10T08:15:00+00:00,58701.8,58755.4,58560.5,58707.1,2037.94,119604103.4149
1720600200000,2024-07-10T08:30:00+00:00,58707.1,58792.6,58563.9,58619.8,891.49,52341345.2263
1720601100000,2024-07-10T08:45:00+00:00,58619.8,58721.4,58598.7,58714,891.508,52292867.308
1720602000000,2024-07-10T09:00:00+00:00,58714,58731.3,58615.3,58684.9,453.351,26598533.8428
1720602900000,2024-07-10T09:15:00+00:00,58684.9,58727.9,58446.2,58492.1,2700.425,158034428.4701
1720603800000,2024-07-10T09:30:00+00:00,58492.1,58494.7,58365.1,58477.4,2762.551,161364754.147
1720604700000,2024-07-10T09:45:00+00:00,58477.4,58593.4,58444.2,58450.2,1475.848,86334140.9341
1720605600000,2024-07-10T10:00:00+00:00,58450.2,58524.3,58280,58353.4,1408.937,82300780.9326
1720606500000,2024-07-10T10:15:00+00:00,58353.4,58577,58291.3,58502.1,2885.437,168710750.5406
1720607400000,2024-07-10T10:30:00+00:00,58502.1,58685.1,58502,58580,1571.619,92108709.7323
1720608300000,2024-07-10T10:45:00+00:00,58580,58670,58580,58635.5,738.871,43307824.4419
1720609200000,2024-07-10T11:00:00+00:00,58635.5,58691.2,58580,58580,933.964,54761896.7453
1720610100000,2024-07-10T11:15:00+00:00,58580,58602.4,58445.5,58450.6,1611.401,94291326.632
1720611000000,2024-07-10T11:30:00+00:00,58450.6,58544,58313.4,58449.9,1246.242,72836520.6756
1720611900000,2024-07-10T11:45:00+00:00,58449.9,58558.9,58416.4,58463,1421.475,83161714.5727
1720612800000,2024-07-10T12:00:00+00:00,58463,58538,58395.9,58489.6,2130.836,124522999.6127
1720613700000,2024-07-10T12:15:00+00:00,58489.6,58500,58372.7,58421.1,567.981,33182736.757
1720614600000,2024-07-10T12:30:00+00:00,58421.1,58421.1,57830.2,57945.8,7600.773,441002450.8748
1720615500000,2024-07-10T12:45:00+00:00,57945.8,58123.3,57700.6,58118.2,4656.478,269720819.1452
1720616400000,2024-07-10T13:00:00+00:00,58118.2,58253.3,57950,58172.7,2918.679,169673760.4087
1720617300000,2024-07-10T13:15:00+00:00,58172.7,58172.7,57875,57948.2,1492.384,86541777.7235
1720618200000,2024-07-10T13:30:00+00:00,57948.2,57989.4,57473.2,57651,4510.332,260347816.113
1720619100000,2024-07-10T13:45:00+00:00,57651,57800,57516.8,57725.6,3402.142,196126303.9914
1720620000000,2024-07-10T14:00:00+00:00,57725.6,57839.6,57440.4,57579,2697.879,155592998.3289
1720620900000,2024-07-10T14:15:00+00:00,57579,57820,57462.4,57783.3,1862.071,107370150.7805
1720621800000,2024-07-10T14:30:00+00:00,57783.3,57854.2,57666.3,57720.1,1118.97,64628323.2418
1720622700000,2024-07-10T14:45:00+00:00,57720.1,57740,57550.3,57670.4,1190.491,68634929.8024
1720623600000,2024-07-10T15:00:00+00:00,57670.4,57700,57451.1,57699.1,2896.409,166661748.0206
1720624500000,2024-07-10T15:15:00+00:00,57699.1,57840,57670.3,57790.4,1078.438,62300507.1661
1720625400000,2024-07-10T15:30:00+00:00,57790.4,57944.4,57744.2,57940.3,1125.782,65133453.1981
1720626300000,2024-07-10T15:45:00+00:00,57940.3,57993.1,57652.4,57655.5,2239.058,129481693.6849
1720627200000,2024-07-10T16:00:00+00:00,57655.5,57920.2,57636.3,57864,1174.506,67875137.8939
1720628100000,2024-07-10T16:15:00+00:00,57864,57953.3,57812.9,57914.6,1025.908,59391939.7368
1720629000000,2024-07-10T16:30:00+00:00,57914.6,57961.5,57783.1,57846.5,663.771,38416491.7111
1720629900000,2024-07-10T16:45:00+00:00,57846.5,57848.4,57550,57654.4,1589.134,91597258.0046
1720630800000,2024-07-10T17:00:00+00:00,57654.4,57681,57550,57679.9,528.039,30423453.4797
1720631700000,2024-07-10T17:15:00+00:00,57679.9,57721.7,57407.2,57593.4,1655.798,95274536.733
1720632600000,2024-07-10T17:30:00+00:00,57593.4,57675,57543.9,57570,709.676,40888498.5727
1720633500000,2024-07-10T17:45:00+00:00,57570,57636,57525,57595.9,388.662,22379996.7863
1720634400000,2024-07-10T18:00:00+00:00,57595.9,57677,57531.3,57673.5,502.408,28943399.3782
1720635300000,2024-07-10T18:15:00+00:00,57673.5,57754.1,57530.8,57535.8,581.125,33512956.4915
1720636200000,2024-07-10T18:30:00+00:00,57535.8,57599.1,57454.8,57534.5,563.839,32435866.5481
1720637100000,2024-07-10T18:45:00+00:00,57534.5,57600,57460.5,57589.9,367.311,21136353.8273
1720638000000,2024-07-10T19:00:00+00:00,57589.9,57589.9,57324.1,57360,1758.756,100952728.1413
1720638900000,2024-07-10T19:15:00+00:00,57360,57489.9,57340,57414.8,765.319,43943685.765
1720639800000,2024-07-10T19:30:00+00:00,57414.8,57514.3,57410,57448.6,292.744,16824582.366
1720640700000,2024-07-10T19:45:00+00:00,57448.6,57500.7,57340.9,57360.5,255.272,14657563.1896
1720641600000,2024-07-10T20:00:00+00:00,57360.5,57490.3,57339.2,57460.5,379.515,21787730.6298
1720642500000,2024-07-10T20:15:00+00:00,57460.5,57520.4,57166.3,57250.1,1346.221,77149789.6416
1720643400000,2024-07-10T20:30:00+00:00,57250.1,57318.4,57127.6,57265,1439.394,82334826.588
1720644300000,2024-07-10T20:45:00+00:00,57265,57410,57216,57380.7,1877.12,107638925.4788
1720645200000,2024-07-10T21:00:00+00:00,57380.7,57439.7,57305,57311.5,597.063,34257472.1339
1720646100000,2024-07-10T21:15:00+00:00,57311.5,57417.9,57224.7,57397.4,511.976,29348446.6065
1720647000000,2024-07-10T21:30:00+00:00,57397.4,57412.2,57316,57406.1,212.622,12202366.0131
1720647900000,2024-07-10T21:45:00+00:00,57406.1,57512,57400,57400.2,558.409,32088134.525
1720648800000,2024-07-10T22:00:00+00:00,57400.2,57601.6,57385.3,57498.8,2040.437,117400494.058
1720649700000,2024-07-10T22:15:00+00:00,57498.8,57800,57460.5,57760.6,2362.949,136343566.8221
1720650600000,2024-07-10T22:30:00+00:00,57760.6,57770.3,57650,57650.1,713.455,41175215.4878
1720651500000,2024-07-10T22:45:00+00:00,57650.1,57683,57624.7,57679.3,421.544,24301923.422
1720652400000,2024-07-10T23:00:00+00:00,57679.3,57679.3,57580,57606.2,567.233,32680066.4766
1720653300000,2024-07-10T23:15:00+00:00,57606.2,57678.1,57583.7,57654,171.414,9881273.37
1720654200000,2024-07-10T23:30:00+00:00,57654,57840.9,57585.6,57837.7,1051.493,60705314.2075
1720655100000,2024-07-10T23:45:00+00:00,57837.7,57838.4,57678.8,57694.8,461.743,26670610.1252
1720656000000,2024-07-11T00:00:00+00:00,57694.8,57694.8,57492.9,57528.5,620.427,35720048.9634
1720656900000,2024-07-11T00:15:00+00:00,57528.5,57590.4,57414.8,57466.6,753.332,43320368.2126
1720657800000,2024-07-11T00:30:00+00:00,57466.6,57466.6,57336.9,57367.9,1006.096,57741274.2698
1720658700000,2024-07-11T00:45:00+00:00,57367.9,57607,57367.2,57581.2,723.284,41585750.7824
1720659600000,2024-07-11T01:00:00+00:00,57581.2,57601.2,57460.5,57538.5,639.02,36767327.6544
1720660500000,2024-07-11T01:15:00+00:00,57538.5,57550,57447.8,57518.5,532.53,30610244.081
1720661400000,2024-07-11T01:30:00+00:00,57518.5,58064.3,57454.8,58000.3,2342.732,135492881.8017
1720662300000,2024-07-11T01:45:00+00:00,58000.3,58358,57937.1,58240.4,4672.121,271876703.6607
1720663200000,2024-07-11T02:00:00+00:00,58240.4,58349.1,57955.2,57961.1,2443.448,142050771.2898
1720664100000,2024-07-11T02:15:00+00:00,57961.1,57988,57693.3,57988,1599.025,92458923.6207
1720665000000,2024-07-11T02:30:00+00:00,57988,57988,57775.1,57801.8,790.214,45720878.9451
1720665900000,2024-07-11T02:45:00+00:00,57801.8,57902.4,57751.5,57826.4,482.797,27919513.8627
1720666800000,2024-07-11T03:00:00+00:00,57826.4,57916,57540.3,57597.2,1475.83,85068115.1179
1720667700000,2024-07-11T03:15:00+00:00,57597.2,57681.9,57019,57340,4489.992,257032349.7811
1720668600000,2024-07-11T03:30:00+00:00,57340,57435.4,57280.4,57402.7,1085.689,62281123.1146
1720669500000,2024-07-11T03:45:00+00:00,57402.7,57581,57347.2,57515.3,1191.591,68483933.1019
1720670400000,2024-07-11T04:00:00+00:00,57515.3,57614.4,57445.5,57600,998.833,57461850.6663
1720671300000,2024-07-11T04:15:00+00:00,57600,57634.4,57510.3,57561.7,789.017,45429815.7202
1720672200000,2024-07-11T04:30:00+00:00,57561.7,57725.4,57538.4,57721.5,941.446,54294719.6784
1720673100000,2024-07-11T04:45:00+00:00,57721.5,57747.1,57675,57739.7,621.111,35841487.256
1720674000000,2024-07-11T05:00:00+00:00,57739.7,57880.6,57695,57850,1297.584,75010740.795
1720674900000,2024-07-11T05:15:00+00:00,57850,57922.3,57709.7,57715.4,1348.772,77975736.1676
1720675800000,2024-07-11T05:30:00+00:00,57715.4,57910.6,57663.6,57884.2,1685.015,97407619.4689
1720676700000,2024-07-11T05:45:00+00:00,57884.2,58060.2,57845.5,57965.1,2243.222,129979564.8729
1720677600000,2024-07-11T06:00:00+00:00,57965.1,58050.7,57835.5,57874.4,1016.416,58883499.1244
1720678500000,2024-07-11T06:15:00+00:00,57874.4,57967.2,57861.7,57932.6,463.194,26826034.7523
1720679400000,2024-07-11T06:30:00+00:00,57932.6,57965,57845.2,57956.3,404.039,23400525.7092
1720680300000,2024-07-11T06:45:00+00:00,57956.3,58033.6,57916.2,57957.8,633.233,36713904.1963
1720681200000,2024-07-11T07:00:00+00:00,57957.8,57983.8,57887.7,57962.6,837.107,48504862.7461
1720682100000,2024-07-11T07:15:00+00:00,57962.6,58244.7,57960.3,58155.5,2279.756,132489482.6786
1720683000000,2024-07-11T07:30:00+00:00,58155.5,58202.7,58073.2,58084.8,763.486,44372222.7813
1720683900000,2024-07-11T07:45:00+00:00,58084.8,58273.1,57995.3,58151.8,1239.166,72052868.2429
1720684800000,2024-07-11T08:00:00+00:00,58151.8,58286.4,58113.2,58151.3,1275.586,74250777.8792
1720685700000,2024-07-11T08:15:00+00:00,58151.3,58184,58068,58113.8,2022.241,117542474.9042
1720686600000,2024-07-11T08:30:00+00:00,58113.8,58130,58038.3,58045.2,519.556,30174916.1606
1720687500000,2024-07-11T08:45:00+00:00,58045.2,58163,58013.3,58130.8,453.627,26351537.5758
1720688400000,2024-07-11T09:00:00+00:00,58130.8,58232.7,58110.2,58208.2,1105.209,64311622.8611
1720689300000,2024-07-11T09:15:00+00:00,58208.2,58341.9,58162.1,58272.9,1252.56,72983422.6213
1720690200000,2024-07-11T09:30:00+00:00,58272.9,58283.1,58046,58187.5,1976.792,114962328.8813
1720691100000,2024-07-11T09:45:00+00:00,58187.5,58273.1,58086.2,58253.2,396.893,23093099.0022
1720692000000,2024-07-11T10:00:00+00:00,58253.2,58468,58138.5,58203,2660.771,155061014.7431
1720692900000,2024-07-11T10:15:00+00:00,58203,58295.2,58150,58274.4,2161.161,125835585.0306
1720693800000,2024-07-11T10:30:00+00:00,58274.4,58385.9,58250,58355.3,1091.075,63610363.5511
1720694700000,2024-07-11T10:45:00+00:00,58355.3,58435.1,58330,58428.1,627.155,36612348.0977
1720695600000,2024-07-11T11:00:00+00:00,58428.1,58500,58364.4,58469.1,1255.968,73378338.0929
1720696500000,2024-07-11T11:15:00+00:00,58469.1,58481,58361.2,58400,709.122,41428729.1333
1720697400000,2024-07-11T11:30:00+00:00,58400,58739,58348.1,58671.3,4625.407,271158555.3082
1720698300000,2024-07-11T11:45:00+00:00,58671.3,58866.2,58650,58734,4359.732,256136377.0265
1720699200000,2024-07-11T12:00:00+00:00,58734,58763.6,58489.9,58588.2,2855.026,167276022.9573
1720700100000,2024-07-11T12:15:00+00:00,58588.2,58810.6,58423.4,58672.2,2539.598,148885161.6936
1720701000000,2024-07-11T12:30:00+00:00,58672.2,59590,58668.2,58888.6,11117.127,657326089.9839
1720701900000,2024-07-11T12:45:00+00:00,58888.6,59174.9,58625.2,58783.5,4336.063,255144093.4324
1720702800000,2024-07-11T13:00:00+00:00,58783.5,58940,58386,58602.9,5901.839,346428167.1007
1720703700000,2024-07-11T13:15:00+00:00,58602.9,58760.7,58538.3,58755.5,2248.624,131909982.977
1720704600000,2024-07-11T13:30:00+00:00,58755.5,58905.5,58215.8,58393.8,4904.821,286891617.8935
1720705500000,2024-07-11T13:45:00+00:00,58393.8,58531.1,58332.3,58529.4,2432.082,142158780.3293
1720706400000,2024-07-11T14:00:00+00:00,58529.4,58636.6,58220,58256.8,2258.623,131986147.5989
1720707300000,2024-07-11T14:15:00+00:00,58256.8,58274.2,57530,57738.3,9659.231,558436423.32
1720708200000,2024-07-11T14:30:00+00:00,57738.3,57931.2,57695.7,57695.7,2797.942,161825456.6759
1720709100000,2024-07-11T14:45:00+00:00,57695.7,57906.4,57591.3,57744.2,2091.496,120796172.283
1720710000000,2024-07-11T15:00:00+00:00,57744.2,57854.5,57673.5,57790,1121.749,64783285.9902
1720710900000,2024-07-11T15:15:00+00:00,57790,58074,57734.5,57767.5,3010.056,174437270.4441
1720711800000,2024-07-11T15:30:00+00:00,57767.5,57768.2,57358,57520,3516.843,202374926.6479
1720712700000,2024-07-11T15:45:00+00:00,57520,57540.9,57222.4,57368.2,2845.654,163139680.8464
1720713600000,2024-07-11T16:00:00+00:00,57368.2,57499,57142.5,57489.1,3372.273,193343712.8204
1720714500000,2024-07-11T16:15:00+00:00,57489.1,57610,57433.2,57589.3,1628.535,93668434.4492
1720715400000,2024-07-11T16:30:00+00:00,57589.3,57685.2,57520.9,57567.6,1431.512,82453175.7526
1720716300000,2024-07-11T16:45:00+00:00,57567.6,57629.8,57388.5,57603.7,982.897,56532287.1014
1720717200000,2024-07-11T17:00:00+00:00,57603.7,57751.2,57547,57740.9,1481.525,85471344.8412
1720718100000,2024-07-11T17:15:00+00:00,57740.9,57848.8,57716.5,57834.1,2132.218,123225380.7037
1720719000000,2024-07-11T17:30:00+00:00,57834.1,57871.9,57780.7,57828.6,476.11,27530122.9583
1720719900000,2024-07-11T17:45:00+00:00,57828.6,57897.8,57728.4,57763.4,797.724,46117006.8047
1720720800000,2024-07-11T18:00:00+00:00,57763.4,57783,57630.3,57782.9,571.389,32976076.1806
1720721700000,2024-07-11T18:15:00+00:00,57782.9,57958.7,57726,57727.8,1155.929,66876875.8326
1720722600000,2024-07-11T18:30:00+00:00,57727.8,57881.4,57676.5,57866.8,416.644,24072987.2901
1720723500000,2024-07-11T18:45:00+00:00,57866.8,57866.8,57750,57800.4,279.762,16164537.8205
1720724400000,2024-07-11T19:00:00+00:00,57800.4,57805.8,57600.2,57625.6,295.497,17048104.0672
1720725300000,2024-07-11T19:15:00+00:00,57625.6,57625.6,57363,57372.2,2163.077,124460680.2569
1720726200000,2024-07-11T19:30:00+00:00,57372.2,57574.4,57312.5,57442.6,921.457,52937126.0195
1720727100000,2024-07-11T19:45:00+00:00,57442.6,57506.3,57330.5,57349.9,494.428,28390672.2651
1720728000000,2024-07-11T20:00:00+00:00,57349.9,57500,57182.6,57182.6,717.273,41153324.6793
1720728900000,2024-07-11T20:15:00+00:00,57182.6,57419.6,57182.6,57391,1563.232,89616540.5412
1720729800000,2024-07-11T20:30:00+00:00,57391,57532.5,57326.4,57461.9,750.678,43135450.9466
1720730700000,2024-07-11T20:45:00+00:00,57461.9,57552.4,57402.1,57522,573.833,32982041.1054
1720731600000,2024-07-11T21:00:00+00:00,57522,57593.9,57420.5,57437.6,334.615,19241658.6799
1720732500000,2024-07-11T21:15:00+00:00,57437.6,57443.2,57288.3,57383.5,419.256,24048384.3795
1720733400000,2024-07-11T21:30:00+00:00,57383.5,57383.8,57291.5,57346.7,255.366,14640553.6514
1720734300000,2024-07-11T21:45:00+00:00,57346.7,57512.5,57281.6,57430.7,276.177,15845023.2921
1720735200000,2024-07-11T22:00:00+00:00,57430.7,57505.3,57300,57312.4,1077.266,61847612.5877
1720736100000,2024-07-11T22:15:00+00:00,57312.4,57487.1,57219.7,57477.1,563.403,32291075.6193
1720737000000,2024-07-11T22:30:00+00:00,57477.1,57506.5,57410.4,57419.6,328.409,18868376.9136
1720737900000,2024-07-11T22:45:00+00:00,57419.6,57450,57121.1,57302.6,1850.458,105896464.6205
1720738800000,2024-07-11T23:00:00+00:00,57302.6,57360.1,57248.3,57268.1,504.041,28882662.8008
1720739700000,2024-07-11T23:15:00+00:00,57268.1,57318.4,57106,57212.4,1061.4,60709605.2288
1720740600000,2024-07-11T23:30:00+00:00,57212.4,57318.3,57121,57290.2,882.238,50486599.4261
1720741500000,2024-07-11T23:45:00+00:00,57290.2,57350,57258.6,57297.5,438.64,25141070.9958
1720742400000,2024-07-12T00:00:00+00:00,57297.5,57412.3,57123.5,57246,898.863,51465719.0307
1720743300000,2024-07-12T00:15:00+00:00,57246,57472.4,57191.1,57450,996.599,57133365.0788
1720744200000,2024-07-12T00:30:00+00:00,57450,57541.3,57422.5,57527.6,834.297,47964826.2073
1720745100000,2024-07-12T00:45:00+00:00,57527.6,57527.6,57123.5,57144.5,940.556,53903607.6251
1720746000000,2024-07-12T01:00:00+00:00,57144.5,57319.8,56980.5,56995.5,1655.418,94592933.201
1720746900000,2024-07-12T01:15:00+00:00,56995.5,57009.5,56495.6,56588,6802.687,385843261.7548
1720747800000,2024-07-12T01:30:00+00:00,56588,56795,56525.5,56738.6,1935.746,109790762.5838
1720748700000,2024-07-12T01:45:00+00:00,56738.6,56920.7,56651,56902.5,1320.687,75055344.6522
1720749600000,2024-07-12T02:00:00+00:00,56902.5,57003.5,56840,56973.4,1385.431,78853924.9389
1720750500000,2024-07-12T02:15:00+00:00,56973.4,57378.9,56940,57153.3,3658.476,209126404.9164
1720751400000,2024-07-12T02:30:00+00:00,57153.3,57276.9,57131.4,57259.9,1344.576,76885124.3501
1720752300000,2024-07-12T02:45:00+00:00,57259.9,57340,57200,57287.1,813.339,46596152.4934
1720753200000,2024-07-12T03:00:00+00:00,57287.1,57319.2,56957.1,56978.6,1496.96,85551528.4797
1720754100000,2024-07-12T03:15:00+00:00,56978.6,57067.3,56885.8,56996,1169.789,66655055.2363
1720755000000,2024-07-12T03:30:00+00:00,56996,57085.5,56805.1,56860.8,1957.649,111494381.4233
1720755900000,2024-07-12T03:45:00+00:00,56860.8,56923.1,56830,56871.9,509.261,28965319.1745
1720756800000,2024-07-12T04:00:00+00:00,56871.9,56952.8,56849,56909.5,708.265,40298425.0203
1720757700000,2024-07-12T04:15:00+00:00,56909.5,56994.2,56690,56690,1238.271,70360500.8217
1720758600000,2024-07-12T04:30:00+00:00,56690,56913,56674.6,56878.6,1345.862,76440839.7805
1720759500000,2024-07-12T04:45:00+00:00,56878.6,57042.7,56878.5,56975.1,892.577,50841988.5586
1720760400000,2024-07-12T05:00:00+00:00,56975.1,57020,56916,56996,514.974,29343084.9225
1720761300000,2024-07-12T05:15:00+00:00,56996,57073.5,56945.2,57045.2,572.335,32636651.4778
1720762200000,2024-07-12T05:30:00+00:00,57045.2,57073.9,56974.4,56975.5,348.316,19862980.1839
1720763100000,2024-07-12T05:45:00+00:00,56975.5,57017.9,56901.8,57000,636.596,36257541.7433
1720764000000,2024-07-12T06:00:00+00:00,57000,57134,56978.5,57071.1,852.634,48664386.9943
1720764900000,2024-07-12T06:15:00+00:00,57071.1,57312.9,57065.5,57288.2,2030.851,116239081.0894
1720765800000,2024-07-12T06:30:00+00:00,57288.2,57369,57206.5,57300.1,917.944,52601553.9674
1720766700000,2024-07-12T06:45:00+00:00,57300.1,57303.2,57144.3,57176,945.431,54098985.7465
1720767600000,2024-07-12T07:00:00+00:00,57176,57270.7,57143.2,57187.5,582.852,33344073.8742
1720768500000,2024-07-12T07:15:00+00:00,57187.5,57207.9,57011,57068.4,939.68,53663223.4555
1720769400000,2024-07-12T07:30:00+00:00,57068.4,57115.9,56850.5,56876.4,1992.461,113485512.2263
1720770300000,2024-07-12T07:45:00+00:00,56876.4,57067.6,56795.2,57059.6,1725.217,98212288.4763
1720771200000,2024-07-12T08:00:00+00:00,57059.6,57197.5,56997.7,57186.2,1655.143,94493775.2639
1720772100000,2024-07-12T08:15:00+00:00,57186.2,57237.3,56980.6,57111,1317.003,75215921.5228
1720773000000,2024-07-12T08:30:00+00:00,57111,57269,57023.6,57165.2,862.674,49297295.3751
1720773900000,2024-07-12T08:45:00+00:00,57165.2,57296.7,57162.5,57290.1,521.494,29850049.5262
1720774800000,2024-07-12T09:00:00+00:00,57290.1,57290.1,57107.7,57152.2,570.534,32641779.8434
1720775700000,2024-07-12T09:15:00+00:00,57152.2,57181.8,57107.3,57145.1,1476.105,84341883.4985
1720776600000,2024-07-12T09:30:00+00:00,57145.1,57165.4,57000,57048.5,625.603,35708530.8495
1720777500000,2024-07-12T09:45:00+00:00,57048.5,57048.5,56825.5,56919.1,1825.262,103869960.0335
1720778400000,2024-07-12T10:00:00+00:00,56919.1,57037.1,56801.5,56877.1,1427.018,81174022.4488
1720779300000,2024-07-12T10:15:00+00:00,56877.1,56937.6,56721.4,56924.5,1713.637,97372004.092
1720780200000,2024-07-12T10:30:00+00:00,56924.5,57110.4,56910.7,57110.4,1420.187,80971364.8798
1720781100000,2024-07-12T10:45:00+00:00,57110.4,57150,57054.7,57136.6,629.654,35955906.3622
1720782000000,2024-07-12T11:00:00+00:00,57136.6,57158.9,57028.5,57050.3,590.394,33696565.7103
1720782900000,2024-07-12T11:15:00+00:00,57050.3,57225.8,57050,57200,475.706,27179745.9964
1720783800000,2024-07-12T11:30:00+00:00,57200,57230.9,57144.8,57200.6,749.854,42877991.0035
1720784700000,2024-07-12T11:45:00+00:00,57200.6,57205.6,57024.8,57174.2,1571.372,89707165.0683
1720785600000,2024-07-12T12:00:00+00:00,57174.2,57424.6,57156,57234.7,3094.451,177259792.4986
1720786500000,2024-07-12T12:15:00+00:00,57234.7,57448.1,57160.4,57396.2,1329.882,76237244.1288
1720787400000,2024-07-12T12:30:00+00:00,57396.2,57401.8,57055,57160,2879.228,164659793.029
1720788300000,2024-07-12T12:45:00+00:00,57160,57342,57154.3,57326.6,1996.364,114300460.3581
1720789200000,2024-07-12T13:00:00+00:00,57326.6,57455.6,57311.5,57449.9,1139.912,65423971.6265
1720790100000,2024-07-12T13:15:00+00:00,57449.9,57744,57396.7,57484.1,5218.296,300562946.3895
1720791000000,2024-07-12T13:30:00+00:00,57484.1,57700,57443.6,57456.3,1508.243,86824230.9842
1720791900000,2024-07-12T13:45:00+00:00,57456.3,57955.7,57437.4,57800.3,3453.08,199503976.1533
1720792800000,2024-07-12T14:00:00+00:00,57800.3,57933,57637.1,57831.2,3464.24,200184730.3607
1720793700000,2024-07-12T14:15:00+00:00,57831.2,57914.2,57670,57891.1,1370.611,79216301.9091
1720794600000,2024-07-12T14:30:00+00:00,57891.1,57985.2,57771.6,57911.4,1776.865,102832259.1028
1720795500000,2024-07-12T14:45:00+00:00,57911.4,57921.2,57679.8,57776.8,1081.167,62466544.1714
1720796400000,2024-07-12T15:00:00+00:00,57776.8,57949.4,57724.5,57892.2,1134.172,65630618.5522
1720797300000,2024-07-12T15:15:00+00:00,57892.2,58170.1,57777,58124.9,1748.557,101480700.5448
1720798200000,2024-07-12T15:30:00+00:00,58124.9,58170.8,57868.9,57942.8,2731.679,158457755.7756
1720799100000,2024-07-12T15:45:00+00:00,57942.8,58225.4,57867.2,58169.8,2209.93,128406068.0679
1720800000000,2024-07-12T16:00:00+00:00,58169.8,58205.2,57980.2,57998,1228.774,71346275.47
1720800900000,2024-07-12T16:15:00+00:00,57998,58202.1,57939.9,58186.4,862.76,50113812.743
1720801800000,2024-07-12T16:30:00+00:00,58186.4,58368.1,58050,58050,2944.216,171327630.801
1720802700000,2024-07-12T16:45:00+00:00,58050,58114.8,57898.7,58070,1612.134,93484523.7512
1720803600000,2024-07-12T17:00:00+00:00,58070,58148.3,57903.2,58066.8,1021.076,59241404.0311
1720804500000,2024-07-12T17:15:00+00:00,58066.8,58267.8,58056.6,58126.9,1096.62,63775281.6573
1720805400000,2024-07-12T17:30:00+00:00,58126.9,58229,58045.9,58130,463.608,26952261.3344
1720806300000,2024-07-12T17:45:00+00:00,58130,58187.5,58074.2,58113,286.109,16634229.8834
1720807200000,2024-07-12T18:00:00+00:00,58113,58133.7,58018.3,58133.5,500.066,29040646.2607
1720808100000,2024-07-12T18:15:00+00:00,58133.5,58272,58050.6,58096.7,828.617,48201589.6523
1720809000000,2024-07-12T18:30:00+00:00,58096.7,58438,58096.6,58364.8,2464.818,143763033.8517
1720809900000,2024-07-12T18:45:00+00:00,58364.8,58487.8,58256.8,58269,2434.148,142044585.0866
1720810800000,2024-07-12T19:00:00+00:00,58269,58316.6,58068.2,58129.1,1071.778,62362395.2795
1720811700000,2024-07-12T19:15:00+00:00,58129.1,58145.5,57821.1,57864.2,4025.318,233206731.8617
1720812600000,2024-07-12T19:30:00+00:00,57864.2,57864.2,57677.3,57773.7,2255.662,130267420.2797
1720813500000,2024-07-12T19:45:00+00:00,57773.7,57834.5,57469.5,57543.1,2013.81,116066729.9516
1720814400000,2024-07-12T20:00:00+00:00,57543.1,57602.3,57436.7,57445.8,2428.052,139734590.2921
1720815300000,2024-07-12T20:15:00+00:00,57445.8,57452.2,57106.5,57285.4,4107.484,235295699.7911
1720816200000,2024-07-12T20:30:00+00:00,57285.4,57495.6,57260.7,57495.3,990.689,56870105.7477
1720817100000,2024-07-12T20:45:00+00:00,57495.3,57575.7,57490.6,57510.1,808.316,46504853.5415
1720818000000,2024-07-12T21:00:00+00:00,57510.1,57639.3,57455.1,57620.2,583.091,33573111.3036
1720818900000,2024-07-12T21:15:00+00:00,57620.2,57620.2,57493.3,57543.7,540.92,31122858.1554
1720819800000,2024-07-12T21:30:00+00:00,57543.7,57620.9,57501.6,57552.5,262.309,15096239.5271
1720820700000,2024-07-12T21:45:00+00:00,57552.5,57613.1,57534.2,57549.3,136.573,7862009.0358
1720821600000,2024-07-12T22:00:00+00:00,57549.3,57660,57530.5,57637.4,262.2,15104384.7791
1720822500000,2024-07-12T22:15:00+00:00,57637.4,57835.2,57637.4,57655.6,2038.297,117735781.8955
1720823400000,2024-07-12T22:30:00+00:00,57655.6,57690.4,57621.3,57684,349.027,20121696.0182
1720824300000,2024-07-12T22:45:00+00:00,57684,57772,57658,57745,648.205,37415980.0891
1720825200000,2024-07-12T23:00:00+00:00,57745,57755.2,57672.3,57694.7,321.811,18567803.7977
1720826100000,2024-07-12T23:15:00+00:00,57694.7,57826,57690.8,57762.7,317.265,18330381.8043
1720827000000,2024-07-12T23:30:00+00:00,57762.7,57805,57754.3,57782.8,173.111,10001983.0475
1720827900000,2024-07-12T23:45:00+00:00,57782.8,57872,57782.8,57855.3,416.973,24118739.3227
1720828800000,2024-07-13T00:00:00+00:00,57855.3,57895,57788.9,57835.8,613.083,35459011.2639
1720829700000,2024-07-13T00:15:00+00:00,57835.8,57876.2,57718.6,57765.2,492.146,28435643.9236
1720830600000,2024-07-13T00:30:00+00:00,57765.2,57829.5,57712.1,57789.7,381.768,22056592.2108
1720831500000,2024-07-13T00:45:00+00:00,57789.7,57808,57760.6,57785.6,260.453,15048620.9962
1720832400000,2024-07-13T01:00:00+00:00,57785.6,57905.2,57759.4,57894.3,498.287,28823830.0653
1720833300000,2024-07-13T01:15:00+00:00,57894.3,57932,57835.2,57840.2,495.759,28698993.7301
1720834200000,2024-07-13T01:30:00+00:00,57840.2,57860.9,57801,57840.5,323.06,18681876.9079
1720835100000,2024-07-13T01:45:00+00:00,57840.5,57879.8,57810.3,57838.8,297.586,17212744.4478
1720836000000,2024-07-13T02:00:00+00:00,57838.8,57841,57735,57773.6,405.319,23419711.587
1720836900000,2024-07-13T02:15:00+00:00,57773.6,57836,57730.4,57812.2,256.985,14850870.1177
1720837800000,2024-07-13T02:30:00+00:00,57812.2,57896.3,57763.9,57866.4,281.047,16250869.8063
1720838700000,2024-07-13T02:45:00+00:00,57866.4,57904.3,57856,57889.6,464.654,26897270.3014
1720839600000,2024-07-13T03:00:00+00:00,57889.6,57924,57847,57866.3,383.266,22183296.2588
1720840500000,2024-07-13T03:15:00+00:00,57866.3,57866.3,57802,57829.4,207.856,12021191.0351
1720841400000,2024-07-13T03:30:00+00:00,57829.4,57845.2,57760.3,57800.3,969.719,56038347.9918
1720842300000,2024-07-13T03:45:00+00:00,57800.3,57867.4,57744.5,57777.8,964.955,55808323.2839
1720843200000,2024-07-13T04:00:00+00:00,57777.8,57794,57725.2,57777.4,438.538,25331825.2371
1720844100000,2024-07-13T04:15:00+00:00,57777.4,57777.5,57730.3,57754.1,251.492,14524496.625
1720845000000,2024-07-13T04:30:00+00:00,57754.1,57813.6,57733.5,57739.9,293.139,16934855.8882
1720845900000,2024-07-13T04:45:00+00:00,57739.9,57769.3,57739.9,57753.9,165.433,9554773.1058
1720846800000,2024-07-13T05:00:00+00:00,57753.9,57858,57717.4,57785.1,424.142,24514165.7532
1720847700000,2024-07-13T05:15:00+00:00,57785.1,57907.6,57770.1,57877.6,394.221,22812056.3818
1720848600000,2024-07-13T05:30:00+00:00,57877.6,57918.2,57841.6,57891.2,385.454,22312851.3651
1720849500000,2024-07-13T05:45:00+00:00,57891.2,58122.9,57845.6,58026.9,3010.897,174627723.3653
1720850400000,2024-07-13T06:00:00+00:00,58026.9,58061.1,57955.6,57966,1069.697,62031664.1809
1720851300000,2024-07-13T06:15:00+00:00,57966,58180,57960.4,58108.4,1151.092,66879831.4724
1720852200000,2024-07-13T06:30:00+00:00,58108.4,58142.2,58020.6,58025.2,942.25,54719465.8006
1720853100000,2024-07-13T06:45:00+00:00,58025.2,58049.5,57990.9,58000.1,522.398,30304225.4814
1720854000000,2024-07-13T07:00:00+00:00,58000.1,58052.9,57970.5,58052.9,501.643,29101576.0282
1720854900000,2024-07-13T07:15:00+00:00,58052.9,58096.2,57993.3,58082.2,321.348,18650761.6531
1720855800000,2024-07-13T07:30:00+00:00,58082.2,58113.9,58041.1,58080.5,369.889,21481832.7376
1720856700000,2024-07-13T07:45:00+00:00,58080.5,58132.4,58043.2,58130,275.313,15989688.5204
1720857600000,2024-07-13T08:00:00+00:00,58130,58160,58063,58075.1,683.253,39690779.5326
1720858500000,2024-07-13T08:15:00+00:00,58075.1,58122.9,58069.9,58100.2,193.238,11225407.2378
1720859400000,2024-07-13T08:30:00+00:00,58100.2,58103.4,58030.2,58030.2,300.861,17465291.4007
1720860300000,2024-07-13T08:45:00+00:00,58030.2,58030.2,57912.1,57918.6,747.315,43315726.7821
1720861200000,2024-07-13T09:00:00+00:00,57918.6,57970.1,57871.9,57966.5,885.421,51289389.763
1720862100000,2024-07-13T09:15:00+00:00,57966.5,58193.3,57945.2,58159,1913.465,111153574.486
1720863000000,2024-07-13T09:30:00+00:00,58159,58365.7,58157.8,58308.7,5079.083,296001414.9816
1720863900000,2024-07-13T09:45:00+00:00,58308.7,58829,58258.8,58624.5,4861.956,284558590.1549
1720864800000,2024-07-13T10:00:00+00:00,58624.5,58717.4,58557.1,58674.4,2780.168,163018351.4645
1720865700000,2024-07-13T10:15:00+00:00,58674.4,58705.1,58610.9,58629.9,937.733,55001255.8465
1720866600000,2024-07-13T10:30:00+00:00,58629.9,58629.9,58330.1,58335.1,2030.455,118682882.3518
1720867500000,2024-07-13T10:45:00+00:00,58335.1,58445.1,58306.8,58407.3,965.76,56381582.5887
1720868400000,2024-07-13T11:00:00+00:00,58407.3,58415.1,58343.2,58370.2,444.211,25929056.2947
1720869300000,2024-07-13T11:15:00+00:00,58370.2,58495,58354.8,58442.1,572.13,33421441.1424
1720870200000,2024-07-13T11:30:00+00:00,58442.1,58544.2,58442.1,58512.7,693.02,40543114.323
1720871100000,2024-07-13T11:45:00+00:00,58512.7,58544.4,58475.6,58500,386.902,22634984.8613
1720872000000,2024-07-13T12:00:00+00:00,58500,58521.5,58400,58406.9,494.811,28920926.2545
1720872900000,2024-07-13T12:15:00+00:00,58406.9,58617.2,58395.7,58587.1,2037.245,119265018.475
1720873800000,2024-07-13T12:30:00+00:00,58587.1,58779.2,58587,58729.5,1462.867,85838229.6963
1720874700000,2024-07-13T12:45:00+00:00,58729.5,58873.1,58626.2,58722.6,4173.715,245228721.9599
1720875600000,2024-07-13T13:00:00+00:00,58722.6,58792.3,58578.8,58650,1518.702,89133881.0905
1720876500000,2024-07-13T13:15:00+00:00,58650,58704.1,58608.6,58698,637.708,37411891.9879
1720877400000,2024-07-13T13:30:00+00:00,58698,58750,58539.8,58550,1559.264,91376994.4373
1720878300000,2024-07-13T13:45:00+00:00,58550,58632.2,58542.8,58568.6,530.145,31056310.3659
1720879200000,2024-07-13T14:00:00+00:00,58568.6,58591.8,58448.2,58461.7,943.613,55209182.5864
1720880100000,2024-07-13T14:15:00+00:00,58461.7,58530.2,58430.1,58476.5,526.376,30784801.9983
1720881000000,2024-07-13T14:30:00+00:00,58476.5,58637.9,58468.1,58633.1,635.693,37226419.6178
1720881900000,2024-07-13T14:45:00+00:00,58633.1,58766,58584.5,58760.2,698.07,40964834.6818
1720882800000,2024-07-13T15:00:00+00:00,58760.2,58774.8,58646.5,58755.2,1015.232,59618720.9616
1720883700000,2024-07-13T15:15:00+00:00,58755.2,58767,58651,58744.3,783.066,45972645.882
1720884600000,2024-07-13T15:30:00+00:00,58744.3,58830.6,58674,58750.1,1182.903,69518959.3676
1720885500000,2024-07-13T15:45:00+00:00,58750.1,58795.9,58682.9,58792.4,1330.081,78105936.3859
1720886400000,2024-07-13T16:00:00+00:00,58792.4,58900,58729.5,58799.8,1444.639,84943484.6429
1720887300000,2024-07-13T16:15:00+00:00,58799.8,58933.9,58627.8,58698.3,2887.294,169640246.3499
1720888200000,2024-07-13T16:30:00+00:00,58698.3,58729.2,58600.1,58662.4,1320.655,77450771.1017
1720889100000,2024-07-13T16:45:00+00:00,58662.4,58686.7,58553.3,58579,566.072,33177123.4477
1720890000000,2024-07-13T17:00:00+00:00,58579,58619.4,58560,58597.7,332.585,19490357.1457
1720890900000,2024-07-13T17:15:00+00:00,58597.7,58649.8,58534.9,58555.3,539.734,31629271.8949
1720891800000,2024-07-13T17:30:00+00:00,58555.3,58607.2,58523.4,58599.4,969.162,56770298.5173
1720892700000,2024-07-13T17:45:00+00:00,58599.4,58660.1,58599,58660.1,866.502,50804574.0446
1720893600000,2024-07-13T18:00:00+00:00,58660.1,58764.8,58648.6,58660.1,527.626,30979520.1602
1720894500000,2024-07-13T18:15:00+00:00,58660.1,58665.4,58572.1,58583,1076.045,63075714.5154
1720895400000,2024-07-13T18:30:00+00:00,58583,58610.1,58535,58561.9,311.676,18253416.4873
1720896300000,2024-07-13T18:45:00+00:00,58561.9,58615.3,58525.1,58608.6,159.94,9369345.0523
1720897200000,2024-07-13T19:00:00+00:00,58608.6,58699.7,58592,58639.3,313.042,18359926.2356
1720898100000,2024-07-13T19:15:00+00:00,58639.3,58665,58609.9,58616.5,118.62,6955438.1358
1720899000000,2024-07-13T19:30:00+00:00,58616.5,58638.7,58558.8,58583.4,138.531,8116945.7353
1720899900000,2024-07-13T19:45:00+00:00,58583.4,58633.3,58552,58580,156.962,9197434.2831
1720900800000,2024-07-13T20:00:00+00:00,58580,58589.9,58530,58547.6,477.824,27978066.9748
1720901700000,2024-07-13T20:15:00+00:00,58547.6,58592.9,58529.9,58542.1,411.718,24105760.9672
1720902600000,2024-07-13T20:30:00+00:00,58542.1,58629.1,58529.9,58596.3,208.48,12212987.2511
1720903500000,2024-07-13T20:45:00+00:00,58596.3,58643.4,58543.9,58557.5,205.241,12024292.5589
1720904400000,2024-07-13T21:00:00+00:00,58557.5,58594.6,58537.5,58549.9,79.566,4658953.0826
1720905300000,2024-07-13T21:15:00+00:00,58549.9,58661.4,58549.9,58640,309.744,18164346.2441
1720906200000,2024-07-13T21:30:00+00:00,58640,58640.1,58600,58605.4,138.537,8120647.5246
1720907100000,2024-07-13T21:45:00+00:00,58605.4,58637.4,58605.1,58637.3,177.17,10384376.7119
1720908000000,2024-07-13T22:00:00+00:00,58637.3,58654.6,58610.1,58640.5,164.463,9643242.1992
1720908900000,2024-07-13T22:15:00+00:00,58640.5,58647.9,58223.6,58378.6,2616.961,152695223.7574
1720909800000,2024-07-13T22:30:00+00:00,58378.6,58980,58281.7,58723.9,4081.63,239653091.4043
1720910700000,2024-07-13T22:45:00+00:00,58723.9,59549.8,58723.9,59441.1,6057.06,358384471.3411
1720911600000,2024-07-13T23:00:00+00:00,59441.1,59779,59211.8,59699.2,5401.222,321213487.4339
1720912500000,2024-07-13T23:15:00+00:00,59699.2,59822,59294.6,59358.1,3794.786,225995378.1804
1720913400000,2024-07-13T23:30:00+00:00,59358.1,59387.4,59149.7,59237.8,2680.837,158849156.0474
1720914300000,2024-07-13T23:45:00+00:00,59237.8,59255.9,59090.8,59163,1241.385,73456146.9299
1720915200000,2024-07-14T00:00:00+00:00,59163,59439.9,59163,59399.6,1863.472,110574606.718
1720916100000,2024-07-14T00:15:00+00:00,59399.6,59619.3,59343.8,59362.1,2534.676,150767733.559
1720917000000,2024-07-14T00:30:00+00:00,59362.1,59504.7,59250,59459.6,1117.268,66349215.2037
1720917900000,2024-07-14T00:45:00+00:00,59459.6,59745.1,59425,59717.6,1516.021,90385726.8538
1720918800000,2024-07-14T01:00:00+00:00,59717.6,59800,59555.6,59582.8,2086.026,124517977.4113
1720919700000,2024-07-14T01:15:00+00:00,59582.8,59613.5,59396.3,59521.6,1848.063,109935517.462
1720920600000,2024-07-14T01:30:00+00:00,59521.6,59726.4,59501,59686.7,900.997,53717664.7767
1720921500000,2024-07-14T01:45:00+00:00,59686.7,59717.8,59583,59675.4,621.039,37052871.9865
1720922400000,2024-07-14T02:00:00+00:00,59675.4,59724.7,59516.4,59534.1,688.034,40992835.8858
1720923300000,2024-07-14T02:15:00+00:00,59534.1,59600,59260.1,59290,1452.574,86262359.0743
1720924200000,2024-07-14T02:30:00+00:00,59290,59381.5,59250,59289.7,926.638,54972092.1351
1720925100000,2024-07-14T02:45:00+00:00,59289.7,59325.5,59236.7,59317.7,661.832,39237891.826
1720926000000,2024-07-14T03:00:00+00:00,59317.7,59540,59317.6,59447.8,919.062,54629769.2183
1720926900000,2024-07-14T03:15:00+00:00,59447.8,59455,59364.5,59451.9,442.671,26299221.2275
1720927800000,2024-07-14T03:30:00+00:00,59451.9,59451.9,59353.1,59375,307.765,18280170.3425
1720928700000,2024-07-14T03:45:00+00:00,59375,59481.1,59339.8,59451.7,400.796,23800918.9374
1720929600000,2024-07-14T04:00:00+00:00,59451.7,59660.2,59394.2,59634.9,2223.589,132278376.2664
1720930500000,2024-07-14T04:15:00+00:00,59634.9,60060.6,59612.3,59711.4,4646.401,278101352.2966
1720931400000,2024-07-14T04:30:00+00:00,59711.4,59860.5,59623.6,59805.4,2156.198,128830324.647
1720932300000,2024-07-14T04:45:00+00:00,59805.4,59970,59688,59919.6,991.686,59299563.3973
1720933200000,2024-07-14T05:00:00+00:00,59919.6,60274.6,59919.6,59932.1,6038.124,362708503.3805
1720934100000,2024-07-14T05:15:00+00:00,59932.1,60119,59763.3,60102.1,2856.614,171188766.6014
1720935000000,2024-07-14T05:30:00+00:00,60102.1,60139.7,60008.8,60024.7,1396.095,83866276.9321
1720935900000,2024-07-14T05:45:00+00:00,60024.7,60234.5,59937,60216,1909.266,114825407.5702
1720936800000,2024-07-14T06:00:00+00:00,60216,60274.8,60076.5,60093.3,1389.152,83605483.5268
1720937700000,2024-07-14T06:15:00+00:00,60093.3,60098.3,60016.5,60063.8,772.417,46399549.1069
1720938600000,2024-07-14T06:30:00+00:00,60063.8,60094.4,59958.2,59964.1,930.009,55818895.2914
1720939500000,2024-07-14T06:45:00+00:00,59964.1,59971.4,59753.5,59837.8,2618.518,156695320.1622
1720940400000,2024-07-14T07:00:00+00:00,59837.8,59938,59780,59879.8,763.547,45725880.1043
1720941300000,2024-07-14T07:15:00+00:00,59879.8,60070.3,59861.3,59902.5,1403.395,84163213.5769
1720942200000,2024-07-14T07:30:00+00:00,59902.5,59965.9,59866.7,59964.3,627.592,37609984.2045
1720943100000,2024-07-14T07:45:00+00:00,59964.3,60081,59952.1,60010.8,948.002,56905377.6446
1720944000000,2024-07-14T08:00:00+00:00,60010.8,60181.6,60010.8,60080.3,936.778,56305586.49
1720944900000,2024-07-14T08:15:00+00:00,60080.3,60355.5,60027.1,60267.9,2322.055,139841983.0164
1720945800000,2024-07-14T08:30:00+00:00,60267.9,60269.9,60131,60207.4,1869.212,112508938.9053
1720946700000,2024-07-14T08:45:00+00:00,60207.4,60280.3,60116.5,60157.8,960.168,57784528.0288
1720947600000,2024-07-14T09:00:00+00:00,60157.8,60235.8,60084.5,60093.4,891.43,53616544.3811
1720948500000,2024-07-14T09:15:00+00:00,60093.4,60250,60080,60224.3,781.735,47037824.4058
1720949400000,2024-07-14T09:30:00+00:00,60224.3,60319.3,60147.3,60150,1533.661,92414377.4623
1720950300000,2024-07-14T09:45:00+00:00,60150,60222.6,60134.5,60141.9,672.09,40441707.1078
1720951200000,2024-07-14T10:00:00+00:00,60141.9,60184.5,60052.1,60062.4,1268.718,76238728.275
1720952100000,2024-07-14T10:15:00+00:00,60062.4,60130.6,60055.9,60084.5,652.749,39225951.1763
1720953000000,2024-07-14T10:30:00+00:00,60084.5,60092.5,59941.5,59984.8,1405.318,84325335.6258
1720953900000,2024-07-14T10:45:00+00:00,59984.8,60016.7,59859.4,59885.4,1254.067,75147489.5023
1720954800000,2024-07-14T11:00:00+00:00,59885.4,60003.6,59870.8,59985.1,2082.578,124853309.4108
1720955700000,2024-07-14T11:15:00+00:00,59985.1,60004.6,59933.5,59950.1,726.608,43573026.1442
1720956600000,2024-07-14T11:30:00+00:00,59950.1,60064.5,59940,60046.9,1838.542,110328308.5595
1720957500000,2024-07-14T11:45:00+00:00,60046.9,60078.5,60010.7,60050,694.163,41682506.1184
1720958400000,2024-07-14T12:00:00+00:00,60050,60069.7,59829.5,59835.4,1131.013,67778433.4371
1720959300000,2024-07-14T12:15:00+00:00,59835.4,59895.5,59682,59750,2666.05,159417205.809
1720960200000,2024-07-14T12:30:00+00:00,59750,59825.9,59650,59710.7,2435.181,145392062.1876
1720961100000,2024-07-14T12:45:00+00:00,59710.7,59739.8,59539.9,59551,3700.595,220682438.3532
1720962000000,2024-07-14T13:00:00+00:00,59551,59616.5,59547.2,59590.6,989.879,58978045.0932
1720962900000,2024-07-14T13:15:00+00:00,59590.6,59738.9,59589.6,59589.6,1385.054,82646387.1325
1720963800000,2024-07-14T13:30:00+00:00,59589.6,59650.2,59550.2,59599.9,735.777,43842988.299
1720964700000,2024-07-14T13:45:00+00:00,59599.9,59666.6,59572.6,59651,428.302,25536722.2107
1720965600000,2024-07-14T14:00:00+00:00,59651,59700,59592.1,59676.1,487.187,29063611.5025
1720966500000,2024-07-14T14:15:00+00:00,59676.1,59676.1,59462.5,59467,1276.626,76030566.3007
1720967400000,2024-07-14T14:30:00+00:00,59467,59731.8,59420,59721.6,3361.331,200442666.3372
1720968300000,2024-07-14T14:45:00+00:00,59721.6,60200,59721.6,59967.4,4333.776,259821382.0972
1720969200000,2024-07-14T15:00:00+00:00,59967.4,60120,59834,59949.9,2212.58,132697420.5704
1720970100000,2024-07-14T15:15:00+00:00,59949.9,59960,59839.5,59874.1,598.681,35858780.6841
1720971000000,2024-07-14T15:30:00+00:00,59874.1,60034.2,59870,59897.6,788.439,47268787.7161
1720971900000,2024-07-14T15:45:00+00:00,59897.6,60085.8,59890,60041.4,723.927,43443570.2172
1720972800000,2024-07-14T16:00:00+00:00,60041.4,60059.9,59958.2,60049.4,941.187,56478652.3981
1720973700000,2024-07-14T16:15:00+00:00,60049.4,60062.7,59890.7,59895.3,614.694,36855854.2923
1720974600000,2024-07-14T16:30:00+00:00,59895.3,59984.7,59844.1,59979.6,867.141,51952256.6465
1720975500000,2024-07-14T16:45:00+00:00,59979.6,60055,59964.3,60049.9,345.464,20729842.765
1720976400000,2024-07-14T17:00:00+00:00,60049.9,60145.1,59929,59937.1,1363.553,81869511.2643
1720977300000,2024-07-14T17:15:00+00:00,59937.1,59974.5,59871.6,59969.4,473.312,28363551.6589
1720978200000,2024-07-14T17:30:00+00:00,59969.4,60021.8,59912.3,59915.5,313.785,18819338.1286
1720979100000,2024-07-14T17:45:00+00:00,59915.5,59972.9,59915,59960,268.863,16117482.1276
1720980000000,2024-07-14T18:00:00+00:00,59960,60029.7,59895,59895.1,434.518,26051191.1579
1720980900000,2024-07-14T18:15:00+00:00,59895.1,59944.8,59895,59913.2,180.897,10839230.8868
1720981800000,2024-07-14T18:30:00+00:00,59913.2,59983.5,59908,59968.2,393.001,23563849.8427
1720982700000,2024-07-14T18:45:00+00:00,59968.2,59989.8,59941.5,59983.7,176.304,10573061.5406
1720983600000,2024-07-14T19:00:00+00:00,59983.7,59984.7,59941.3,59949.5,118.342,7095750.8539
1720984500000,2024-07-14T19:15:00+00:00,59949.5,59961.1,59930.9,59931.2,114.774,6879887.3579
1720985400000,2024-07-14T19:30:00+00:00,59931.2,59945.9,59861.4,59862,200.434,12006552.3181
1720986300000,2024-07-14T19:45:00+00:00,59862,59900,59850.4,59865.9,550.921,32986134.3266
1720987200000,2024-07-14T20:00:00+00:00,59865.9,59894.2,59837,59880,218.43,13075211.6802
1720988100000,2024-07-14T20:15:00+00:00,59880,59985.8,59880,59949.5,348.497,20895283.9589
1720989000000,2024-07-14T20:30:00+00:00,59949.5,60350,59949.1,60108.9,2449.242,147379172.2206
1720989900000,2024-07-14T20:45:00+00:00,60108.9,60161.7,60024.9,60043,1271.648,76408656.8167
1720990800000,2024-07-14T21:00:00+00:00,60043,60335,59988,60229.1,1870.567,112626512.1004
1720991700000,2024-07-14T21:15:00+00:00,60229.1,60974.5,60228.4,60713.2,7615.103,462374034.2925
1720992600000,2024-07-14T21:30:00+00:00,60713.2,60848.3,60591,60733.9,2822.025,171439771.8253
1720993500000,2024-07-14T21:45:00+00:00,60733.9,61385.5,60729.5,61226.1,4665.497,284823378.6389
1720994400000,2024-07-14T22:00:00+00:00,61226.1,61340.4,60726,60796.5,5156.208,314710790.6085
1720995300000,2024-07-14T22:15:00+00:00,60796.5,60943.8,60715.1,60857.9,2520.938,153289800.1103
1720996200000,2024-07-14T22:30:00+00:00,60857.9,60941.7,60731.1,60735,912.147,55512244.4494
1720997100000,2024-07-14T22:45:00+00:00,60735,60884.4,60731,60807.5,838.629,50991645.3911
1720998000000,2024-07-14T23:00:00+00:00,60807.5,60942.2,60750,60914.2,888.878,54094940.2915
1720998900000,2024-07-14T23:15:00+00:00,60914.2,61129.5,60900,61051.2,1902.7,116136753.6827
1720999800000,2024-07-14T23:30:00+00:00,61051.2,61123.7,60992.6,61047.1,812.931,49630647.5119
1721000700000,2024-07-14T23:45:00+00:00,61047.1,61047.1,60670,60754,1737.194,105634287.13
1721001600000,2024-07-15T00:00:00+00:00,60754,60834.4,60601.9,60643.7,1632.369,99098329.5754
1721002500000,2024-07-15T00:15:00+00:00,60643.7,60934.1,60632.9,60934.1,1670.461,101559722.9109
1721003400000,2024-07-15T00:30:00+00:00,60934.1,61080,60890.2,60962.4,1329.419,81069985.1463
1721004300000,2024-07-15T00:45:00+00:00,60962.4,61273.5,60959.1,61167.4,1499.776,91694828.5389
1721005200000,2024-07-15T01:00:00+00:00,61167.4,61471.1,61131.2,61430,2601.754,159567214.4462
1721006100000,2024-07-15T01:15:00+00:00,61430,61779,61346.8,61384.3,5731.585,353156053.905
1721007000000,2024-07-15T01:30:00+00:00,61384.3,61433,61210,61234.5,2381.755,145978071.2695
1721007900000,2024-07-15T01:45:00+00:00,61234.5,61363.5,61154.7,61354.7,936.943,57410444.823
1721008800000,2024-07-15T02:00:00+00:00,61354.7,61573.6,61260,61488.8,1259.138,77363471.6315
1721009700000,2024-07-15T02:15:00+00:00,61488.8,62253.8,61398.2,62180.1,3511.33,217235071.5878
1721010600000,2024-07-15T02:30:00+00:00,62180.1,62494,61988.7,62222.7,6569.184,408873589.2591
1721011500000,2024-07-15T02:45:00+00:00,62222.7,62572,62170.2,62437.2,3487.814,217709599.8057
1721012400000,2024-07-15T03:00:00+00:00,62437.2,62628.3,62298.2,62408.5,2895.938,180827829.9621
1721013300000,2024-07-15T03:15:00+00:00,62408.5,62613.1,62340,62372,2150.494,134343285.8331
1721014200000,2024-07-15T03:30:00+00:00,62372,62492.1,62366,62476.7,1058.996,66125580.2071
1721015100000,2024-07-15T03:45:00+00:00,62476.7,62758.1,62467.7,62597.2,3546.544,222136011.1125
1721016000000,2024-07-15T04:00:00+00:00,62597.2,62735.8,62498.6,62520.1,1740.449,108968684.8614
1721016900000,2024-07-15T04:15:00+00:00,62520.1,62782.1,62500.6,62547.1,1757.269,110066788.6189
1721017800000,2024-07-15T04:30:00+00:00,62547.1,62547.2,62382.8,62433.3,1996.53,124674936.4193
1721018700000,2024-07-15T04:45:00+00:00,62433.3,62599.3,62400.4,62558.8,2303.748,143963787.2809
1721019600000,2024-07-15T05:00:00+00:00,62558.8,62715.8,62493.9,62666,1841.88,115358723.9308
1721020500000,2024-07-15T05:15:00+00:00,62666,62773.5,62594.4,62693.7,1525.035,95606865.3929
1721021400000,2024-07-15T05:30:00+00:00,62693.7,62867.3,62648.6,62752.3,2046.351,128409513.9554
1721022300000,2024-07-15T05:45:00+00:00,62752.3,62926,62654.9,62735,3418.197,214558407.6099
1721023200000,2024-07-15T06:00:00+00:00,62735,62851.9,62654.1,62848.5,1465.905,92007777.7518
1721024100000,2024-07-15T06:15:00+00:00,62848.5,62957.9,62704.5,62840.8,1685.165,105891587.8898
1721025000000,2024-07-15T06:30:00+00:00,62840.8,62940,62770.9,62912.6,971.839,61074274.7317
1721025900000,2024-07-15T06:45:00+00:00,62912.6,62945.8,62814.6,62823.9,1356.115,85286708.2678
1721026800000,2024-07-15T07:00:00+00:00,62823.9,62870.3,62733.9,62865.9,1072.507,67347014.1053
1721027700000,2024-07-15T07:15:00+00:00,62865.9,62898.1,62708.7,62758.5,919.841,57765828.4092
1721028600000,2024-07-15T07:30:00+00:00,62758.5,63040,62758.5,62932.4,1500.926,94435547.9086
1721029500000,2024-07-15T07:45:00+00:00,62932.4,62941.8,62774.6,62800.1,1226.713,77077978.3862
1721030400000,2024-07-15T08:00:00+00:00,62800.1,62900,62778.6,62847.1,680.438,42758315.0407
1721031300000,2024-07-15T08:15:00+00:00,62847.1,63031.1,62840.2,62961,1372.198,86396483.7364
1721032200000,2024-07-15T08:30:00+00:00,62961,63027,62897.9,63026.6,937.98,59062080.749
1721033100000,2024-07-15T08:45:00+00:00,63026.6,63239.6,62755.3,62839.3,3823.202,240653805.107
1721034000000,2024-07-15T09:00:00+00:00,62839.3,62839.8,62505.2,62603.9,3857.904,241557232.9561
1721034900000,2024-07-15T09:15:00+00:00,62603.9,62744.5,62580,62658.5,1604.34,100515497.4839
1721035800000,2024-07-15T09:30:00+00:00,62658.5,62872,62626.2,62728.5,1956.967,122835418.803
1721036700000,2024-07-15T09:45:00+00:00,62728.5,62864,62618.9,62618.9,1618.959,101485822.5543
1721037600000,2024-07-15T10:00:00+00:00,62618.9,62700.4,62585.7,62657.7,830.903,52048493.6069
1721038500000,2024-07-15T10:15:00+00:00,62657.7,62784,62628.1,62718.4,576.16,36141758.3322
1721039400000,2024-07-15T10:30:00+00:00,62718.4,62768.5,62662.7,62664.6,377.473,23665159.262
1721040300000,2024-07-15T10:45:00+00:00,62664.6,62665.5,62379,62507.6,2583.925,161523730.7786
1721041200000,2024-07-15T11:00:00+00:00,62507.6,62577.4,62433.6,62433.6,907.91,56760623.3153
1721042100000,2024-07-15T11:15:00+00:00,62433.6,62479.1,62260,62418.8,2798.098,174484932.3585
1721043000000,2024-07-15T11:30:00+00:00,62418.8,62504.1,62280,62476.8,1681.451,104924313.0662
1721043900000,2024-07-15T11:45:00+00:00,62476.8,62526.4,62370.6,62422.1,814.732,50897219.9328
1721044800000,2024-07-15T12:00:00+00:00,62422.1,62630.1,62406.1,62524,1209.762,75684016.5978
1721045700000,2024-07-15T12:15:00+00:00,62524,62685.3,62455.1,62668.9,1142.403,71495551.6337
1721046600000,2024-07-15T12:30:00+00:00,62668.9,62766.3,62600,62651.1,1375.827,86246406.5512
1721047500000,2024-07-15T12:45:00+00:00,62651.1,62671.6,62489.6,62571.5,1074.158,67204958.0505
1721048400000,2024-07-15T13:00:00+00:00,62571.5,62733.7,62551.9,62703.7,849.834,53247613.297
1721049300000,2024-07-15T13:15:00+00:00,62703.7,62941.9,62679,62737.3,3340.804,209880429.2693
1721050200000,2024-07-15T13:30:00+00:00,62737.3,62893.9,62439.2,62856.9,4066.717,254694897.7935
1721051100000,2024-07-15T13:45:00+00:00,62856.9,62923,62747.9,62877.7,1828.271,114888566.4213
1721052000000,2024-07-15T14:00:00+00:00,62877.7,63026.5,62798.6,62887.6,2272.015,142910333.8423
1721052900000,2024-07-15T14:15:00+00:00,62887.6,62944.7,62694.1,62822.7,1112.145,69816721.6624
1721053800000,2024-07-15T14:30:00+00:00,62822.7,62973.9,62794.6,62942.4,1061.659,66776306.8179
1721054700000,2024-07-15T14:45:00+00:00,62942.4,63200,62923.4,63180.4,2391.812,150798702.043
1721055600000,2024-07-15T15:00:00+00:00,63180.4,63279.6,62820,62913.4,4079.716,257377628.3286
1721056500000,2024-07-15T15:15:00+00:00,62913.4,63089,62872.7,63047.6,1751.491,110332281.9814
1721057400000,2024-07-15T15:30:00+00:00,63047.6,63092.6,62844.7,62903.6,1301.991,82004019.1427
1721058300000,2024-07-15T15:45:00+00:00,62903.6,62977.4,62818.7,62963.1,788.597,49593925.2889
1721059200000,2024-07-15T16:00:00+00:00,62963.1,63000,62818.7,62977.5,1246.167,78409773.8076
1721060100000,2024-07-15T16:15:00+00:00,62977.5,63218,62922.2,63168.4,1183.498,74666286.0345
1721061000000,2024-07-15T16:30:00+00:00,63168.4,63496.3,63099.5,63414.4,5062.639,320588610.4915
1721061900000,2024-07-15T16:45:00+00:00,63414.4,63561,63326.4,63363.7,2701.767,171489178.2229
1721062800000,2024-07-15T17:00:00+00:00,63363.7,63666,63203,63582.9,4685.26,297306455.6427
1721063700000,2024-07-15T17:15:00+00:00,63582.9,63696.3,63423.1,63441.6,1647.018,104597073.5782
1721064600000,2024-07-15T17:30:00+00:00,63441.6,63470.2,63194.5,63205.9,1301.996,82441151.4757
1721065500000,2024-07-15T17:45:00+00:00,63205.9,63339.6,63020.1,63029.2,1977.512,124950244.942
1721066400000,2024-07-15T18:00:00+00:00,63029.2,63317.2,62940,63243.5,1688.987,106620529.9064
1721067300000,2024-07-15T18:15:00+00:00,63243.5,63406.2,63171.5,63397.2,912.651,57802862.4026
1721068200000,2024-07-15T18:30:00+00:00,63397.2,63565.8,63303.2,63520.9,1255.929,79678532.1548
1721069100000,2024-07-15T18:45:00+00:00,63520.9,63522.2,63394.3,63442.7,769.501,48827210.9355
1721070000000,2024-07-15T19:00:00+00:00,63442.7,63546,63277.7,63536.9,771.363,48912342.6309
1721070900000,2024-07-15T19:15:00+00:00,63536.9,63750,63200.4,63286.2,3670.584,233118672.3871
1721071800000,2024-07-15T19:30:00+00:00,63286.2,63681.3,63190,63604.9,2586.829,164156004.6624
1721072700000,2024-07-15T19:45:00+00:00,63604.9,63648.6,63144.4,63293.8,2626.511,166332799.6298
1721073600000,2024-07-15T20:00:00+00:00,63293.8,63341,63194.6,63257.4,542.752,34343100.923
1721074500000,2024-07-15T20:15:00+00:00,63257.4,63571.6,63213.5,63550.2,820.857,52079369.455
1721075400000,2024-07-15T20:30:00+00:00,63550.2,63659.9,63481.5,63596.8,1092.756,69475119.8711
1721076300000,2024-07-15T20:45:00+00:00,63596.8,63724.1,63550,63672.8,1981.765,126115183.6954
1721077200000,2024-07-15T21:00:00+00:00,63672.8,63712.6,63592.4,63699.9,682.615,43453473.0689
1721078100000,2024-07-15T21:15:00+00:00,63699.9,63720,63441.3,63530,1039.625,66051795.4808
1721079000000,2024-07-15T21:30:00+00:00,63530,63613.8,63460.5,63513.9,575.599,36570734.2303
1721079900000,2024-07-15T21:45:00+00:00,63513.9,63596.7,63452.6,63483.1,572.673,36379233.5051
1721080800000,2024-07-15T22:00:00+00:00,63483.1,64569,63450,64085.2,4099.193,262569570.928
1721081700000,2024-07-15T22:15:00+00:00,64085.2,64192.8,63862.1,64130,3326.942,212964221.5303
1721082600000,2024-07-15T22:30:00+00:00,64130,64754,64078.1,64375,4955.452,319109496.5149
1721083500000,2024-07-15T22:45:00+00:00,64375,64589.6,64220,64292.7,2109.028,135745449.4966
1721084400000,2024-07-15T23:00:00+00:00,64292.7,64515.6,64167.2,64496.7,1541.528,99159613.8488
1721085300000,2024-07-15T23:15:00+00:00,64496.7,64697.2,64447.6,64473.2,2270.214,146596211.8332
1721086200000,2024-07-15T23:30:00+00:00,64473.2,64809.7,64453.6,64674.4,2285.284,147684614.4271
1721087100000,2024-07-15T23:45:00+00:00,64674.4,64880.9,64605.3,64685.6,1857.957,120283206.5561
1721088000000,2024-07-16T00:00:00+00:00,64685.6,64917,64619.9,64636.9,2865.049,185538963.7182
1721088900000,2024-07-16T00:15:00+00:00,64636.9,64734.3,64493,64543.5,2185.151,141118514.343
1721089800000,2024-07-16T00:30:00+00:00,64543.5,64645.2,64401.4,64627.9,1737.738,112086153.5118
1721090700000,2024-07-16T00:45:00+00:00,64627.9,64716.8,64533.1,64573.9,1021.104,65984715.6663
1721091600000,2024-07-16T01:00:00+00:00,64573.9,64623.6,64424.6,64623.6,762.316,49179248.9505
1721092500000,2024-07-16T01:15:00+00:00,64623.6,64749.5,64588.1,64590.8,1042.149,67405296.0951
1721093400000,2024-07-16T01:30:00+00:00,64590.8,64800,64541,64695.8,1427.329,92355170.7533
1721094300000,2024-07-16T01:45:00+00:00,64695.8,64799,64643.1,64792.5,526.782,34091276.5274
1721095200000,2024-07-16T02:00:00+00:00,64792.5,64792.6,64567.6,64567.6,759.68,49163333.0142
1721096100000,2024-07-16T02:15:00+00:00,64567.6,64625.8,64515,64550.6,941.747,60805271.6606
1721097000000,2024-07-16T02:30:00+00:00,64550.6,64666,64498.5,64666,1065.627,68792154.8498
1721097900000,2024-07-16T02:45:00+00:00,64666,64783.4,64507.4,64774,964.649,62388968.8976
1721098800000,2024-07-16T03:00:00+00:00,64774,64778.1,64677.8,64744.1,661.58,42820320.4054
1721099700000,2024-07-16T03:15:00+00:00,64744.1,64800,64690,64705.6,596.606,38640618.8295
1721100600000,2024-07-16T03:30:00+00:00,64705.6,64705.6,64583,64683.5,620.749,40119562.0032
1721101500000,2024-07-16T03:45:00+00:00,64683.5,64762,64598.6,64708.5,501.311,32431662.8941
1721102400000,2024-07-16T04:00:00+00:00,64708.5,64983.4,64656.5,64741.9,2242.097,145403534.3655
1721103300000,2024-07-16T04:15:00+00:00,64741.9,64742,64507.9,64516.9,1843.414,119018149.023
1721104200000,2024-07-16T04:30:00+00:00,64516.9,64517,64442.7,64458.5,1396.812,90062644.0421
1721105100000,2024-07-16T04:45:00+00:00,64458.5,64547.7,64417.4,64443.6,1275.629,82223382.9292
1721106000000,2024-07-16T05:00:00+00:00,64443.6,64515.3,64244,64318.8,2636.751,169666288.747
1721106900000,2024-07-16T05:15:00+00:00,64318.8,64411.9,63894.3,63916.2,4872.38,312236549.6551
1721107800000,2024-07-16T05:30:00+00:00,63916.2,64131.9,63550,63683,5582.384,356139343.1614
1721108700000,2024-07-16T05:45:00+00:00,63683,63750,63428.3,63617.4,2715.463,172606817.0837
1721109600000,2024-07-16T06:00:00+00:00,63617.4,63718.3,63559.9,63559.9,2071.992,131913258.2824
1721110500000,2024-07-16T06:15:00+00:00,63559.9,63843.9,63547.3,63834.3,1836.312,117077803.2935
1721111400000,2024-07-16T06:30:00+00:00,63834.3,63837.8,63361.9,63387.1,1647.141,104817621.1506
1721112300000,2024-07-16T06:45:00+00:00,63387.1,63394.9,62765.6,62883.4,6763.393,426573677.4127
1721113200000,2024-07-16T07:00:00+00:00,62883.4,63287.8,62759.2,63173.4,4248.192,268180448.0052
1721114100000,2024-07-16T07:15:00+00:00,63173.4,63233.8,62872.4,62961.5,2135.117,134562527.8059
1721115000000,2024-07-16T07:30:00+00:00,62961.5,63130,62765.2,62889.6,2463.117,155017461.8408
1721115900000,2024-07-16T07:45:00+00:00,62889.6,62941.2,62685.3,62880.7,2826.333,177551752.9663
1721116800000,2024-07-16T08:00:00+00:00,62880.7,63063.4,62830,62943.9,2316.581,145865752.6574
1721117700000,2024-07-16T08:15:00+00:00,62943.9,62984.7,62528.6,62532.4,3757.566,235429945.2558
1721118600000,2024-07-16T08:30:00+00:00,62532.4,62690.5,62341.1,62680.1,3245.141,202958960.7531
1721119500000,2024-07-16T08:45:00+00:00,62680.1,62802.6,62590.5,62791.2,2308.66,144788176.3056
1721120400000,2024-07-16T09:00:00+00:00,62791.2,62940,62642.5,62924.1,2924.159,183801919.0413
1721121300000,2024-07-16T09:15:00+00:00,62924.1,63156.4,62887.7,62928.4,3052.221,192356777.7912
1721122200000,2024-07-16T09:30:00+00:00,62928.4,63218.4,62888,63201.9,2135.47,134665915.4485
1721123100000,2024-07-16T09:45:00+00:00,63201.9,63208.5,63028.1,63140.4,1109.701,70042973.9554
1721124000000,2024-07-16T10:00:00+00:00,63140.4,63292.9,63038.6,63274.9,1896.61,119897430.0277
1721124900000,2024-07-16T10:15:00+00:00,63274.9,63324.3,63171.4,63243.7,2082.217,131725290.4529
1721125800000,2024-07-16T10:30:00+00:00,63243.7,63625.6,63221.4,63465.2,3665.262,232672781.9764
1721126700000,2024-07-16T10:45:00+00:00,63465.2,63500,63367.4,63400.2,1629.986,103396296.1027
1721127600000,2024-07-16T11:00:00+00:00,63400.2,63561.8,63091.1,63454,3485.549,220780916.1925
1721128500000,2024-07-16T11:15:00+00:00,63454,63743.5,63450.3,63675,2420.879,153992481.9786
1721129400000,2024-07-16T11:30:00+00:00,63675,63745.5,63522.7,63726.2,1187.418,75581820.6716
1721130300000,2024-07-16T11:45:00+00:00,63726.2,63816,63606.9,63698.1,2404.954,153220273.0712
1721131200000,2024-07-16T12:00:00+00:00,63698.1,63796.9,63576.1,63723.8,1261.841,80373838.4902
1721132100000,2024-07-16T12:15:00+00:00,63723.8,64110.1,63666,64099.7,3269.947,208968922.0517
1721133000000,2024-07-16T12:30:00+00:00,64099.7,64233.3,63823.1,63893.6,3776.866,241549612.017
1721133900000,2024-07-16T12:45:00+00:00,63893.6,64050,63547.6,63699.9,2775.023,176895410.9339
1721134800000,2024-07-16T13:00:00+00:00,63699.9,63875.7,63600,63678,1690.273,107731398.7454
1721135700000,2024-07-16T13:15:00+00:00,63678,63800,63450.4,63787.1,2101.254,133736138.3126
1721136600000,2024-07-16T13:30:00+00:00,63787.1,64050,63710,63850.2,2598.024,166056811.2801
1721137500000,2024-07-16T13:45:00+00:00,63850.2,63871.3,63349.4,63383.8,2267.471,144298031.5131
1721138400000,2024-07-16T14:00:00+00:00,63383.8,63473.8,63017.9,63472.7,6748.769,426780980.3945
1721139300000,2024-07-16T14:15:00+00:00,63472.7,63735.3,63446.3,63552.1,3434.179,218424591.0629
1721140200000,2024-07-16T14:30:00+00:00,63552.1,63728.6,63426.1,63563.2,1291.493,82143440.7793
1721141100000,2024-07-16T14:45:00+00:00,63563.2,63863.7,63519.2,63794.3,1396.421,89005617.5852
1721142000000,2024-07-16T15:00:00+00:00,63794.3,64323.9,63750.8,64169.8,3876.694,248369892.6058
1721142900000,2024-07-16T15:15:00+00:00,64169.8,64600,64099.7,64470.5,4757.701,306245976.911
1721143800000,2024-07-16T15:30:00+00:00,64470.5,64736.1,64313,64522.8,2801.318,180747189.4831
1721144700000,2024-07-16T15:45:00+00:00,64522.8,64908.7,64468.8,64828.4,3405.881,220600890.1022
1721145600000,2024-07-16T16:00:00+00:00,64828.4,65184.7,64449.7,64708.5,9263.142,600117741.031
1721146500000,2024-07-16T16:15:00+00:00,64708.5,64710.2,64367.1,64430.6,3352.581,216194686.7748
1721147400000,2024-07-16T16:30:00+00:00,64430.6,64582,64250.5,64266.7,2259.297,145462765.3466
1721148300000,2024-07-16T16:45:00+00:00,64266.7,64500,64157.1,64459.7,4315.639,277772096.1433
1721149200000,2024-07-16T17:00:00+00:00,64459.7,64463.3,64066.1,64221,1475.22,94788754.2302
1721150100000,2024-07-16T17:15:00+00:00,64221,64371.8,64105.9,64315.2,851.224,54742563.4421
1721151000000,2024-07-16T17:30:00+00:00,64315.2,64513.5,64192.9,64487.8,842.895,54261934.5466
1721151900000,2024-07-16T17:45:00+00:00,64487.8,64608.5,64368.5,64495.6,789.323,50907743.1319
1721152800000,2024-07-16T18:00:00+00:00,64495.6,64641.5,64352.9,64571.8,598.368,38601531.352
1721153700000,2024-07-16T18:15:00+00:00,64571.8,64870.4,64455,64614.2,1936.515,125345650.1977
1721154600000,2024-07-16T18:30:00+00:00,64614.2,64758.2,64521.5,64582,752.94,48666676.2517
1721155500000,2024-07-16T18:45:00+00:00,64582,64746.5,64433.8,64746.5,595.513,38450079.4461
1721156400000,2024-07-16T19:00:00+00:00,64746.5,64920.2,64652,64887,815.26,52799921.6816
1721157300000,2024-07-16T19:15:00+00:00,64887,65065.5,64776,65065.5,1289.936,83749711.3448
1721158200000,2024-07-16T19:30:00+00:00,65065.5,65119.4,64777.8,64783.4,4012.247,260467706.7595
1721159100000,2024-07-16T19:45:00+00:00,64783.4,65131.6,64533.9,65111.9,1720.433,111423270.3789
1721160000000,2024-07-16T20:00:00+00:00,65111.9,65132.4,64913.1,64955,1150.388,74818769.5597
1721160900000,2024-07-16T20:15:00+00:00,64955,65123,64849.3,64873.5,829.641,53897125.3064
1721161800000,2024-07-16T20:30:00+00:00,64873.5,64957.2,64775.7,64782.6,688.804,44662728.9362
1721162700000,2024-07-16T20:45:00+00:00,64782.6,64800,64565.4,64593.4,946.889,61286045.0196
1721163600000,2024-07-16T21:00:00+00:00,64593.4,64730.3,64422.3,64518.8,1323.539,85459343.9683
1721164500000,2024-07-16T21:15:00+00:00,64518.8,64727.3,64490,64716.8,554.663,35856367.8382
1721165400000,2024-07-16T21:30:00+00:00,64716.8,64792.6,64552.9,64576.7,639.322,41343514.2362
1721166300000,2024-07-16T21:45:00+00:00,64576.7,64615.8,64448.1,64448.1,321.993,20782943.2486
1721167200000,2024-07-16T22:00:00+00:00,64448.1,64520.9,64101.7,64328.9,2643.621,169983471.1317
1721168100000,2024-07-16T22:15:00+00:00,64328.9,64431.1,64245,64280.6,704.222,45306372.9206
1721169000000,2024-07-16T22:30:00+00:00,64280.6,64440.8,64257.1,64410.1,533.078,34315265.0587
1721169900000,2024-07-16T22:45:00+00:00,64410.1,64578.4,64410,64574.5,559.1,36077694.7352
1721170800000,2024-07-16T23:00:00+00:00,64574.5,64823.7,64564.1,64820,1002.862,64880193.4258
1721171700000,2024-07-16T23:15:00+00:00,64820,65300,64815.5,65185.7,2559.473,166401277.1142
1721172600000,2024-07-16T23:30:00+00:00,65185.7,65350,64960.1,65140.8,2776.85,180919353.4128
1721173500000,2024-07-16T23:45:00+00:00,65140.8,65144.7,64987.9,64990.6,962.719,62635952.2876
1721174400000,2024-07-17T00:00:00+00:00,64990.6,65257,64897.8,65200,1740.653,113304159.2855
1721175300000,2024-07-17T00:15:00+00:00,65200,65300,65136.1,65172.5,1072.294,69951769.5688
1721176200000,2024-07-17T00:30:00+00:00,65172.5,65481.2,65167,65475.6,2286.225,149300965.4156
1721177100000,2024-07-17T00:45:00+00:00,65475.6,65561.1,65333.6,65449.9,1955.002,127887908.436
1721178000000,2024-07-17T01:00:00+00:00,65449.9,65859.1,65385,65744.9,4009.496,263201005.4999
1721178900000,2024-07-17T01:15:00+00:00,65744.9,66076.2,65727.6,65861.5,4653.361,306623367.9648
1721179800000,2024-07-17T01:30:00+00:00,65861.5,65989.4,65768.6,65898.1,1632.531,107564130.2567
1721180700000,2024-07-17T01:45:00+00:00,65898.1,65970,65575.2,65632.3,2654.511,174423250.9793
1721181600000,2024-07-17T02:00:00+00:00,65632.3,65857.7,65619.9,65756.1,1369.087,90039398.4077
1721182500000,2024-07-17T02:15:00+00:00,65756.1,65803.5,65537.6,65721.1,1635.785,107394060.6107
1721183400000,2024-07-17T02:30:00+00:00,65721.1,65839.1,65600.4,65778.6,883.224,58030495.9745
1721184300000,2024-07-17T02:45:00+00:00,65778.6,65785.2,65500,65575.5,1179.065,77356574.5377
1721185200000,2024-07-17T03:00:00+00:00,65575.5,65650,65361.2,65417.8,1294.742,84762936.5501
1721186100000,2024-07-17T03:15:00+00:00,65417.8,65602.5,65396.3,65500,1330.447,87163524.7544
1721187000000,2024-07-17T03:30:00+00:00,65500,65652.6,65500,65629.9,722.769,47413177.6395
1721187900000,2024-07-17T03:45:00+00:00,65629.9,65736.8,65539,65657.1,979.463,64324688.9568
1721188800000,2024-07-17T04:00:00+00:00,65657.1,65809.4,65617.6,65758.3,957.961,62981215.2459
1721189700000,2024-07-17T04:15:00+00:00,65758.3,65798.9,65620.7,65620.7,937.785,61617143.8694
1721190600000,2024-07-17T04:30:00+00:00,65620.7,65782,65497.6,65725,1517.247,99584933.454
1721191500000,2024-07-17T04:45:00+00:00,65725,65789.4,65670,65789.4,659.022,43325585.7028
1721192400000,2024-07-17T05:00:00+00:00,65789.4,65833.4,65717.6,65833.4,528.406,34754215.5466
1721193300000,2024-07-17T05:15:00+00:00,65833.4,65960.1,65783.5,65880,1204.856,79352946.0227
1721194200000,2024-07-17T05:30:00+00:00,65880,65880.1,65672.7,65745.5,923.575,60733566.5786
1721195100000,2024-07-17T05:45:00+00:00,65745.5,65768.3,65557.1,65584.5,950.47,62372325.5695
1721196000000,2024-07-17T06:00:00+00:00,65584.5,65750.6,65580,65740.5,477.668,31369967.3878
1721196900000,2024-07-17T06:15:00+00:00,65740.5,65740.5,65500,65533.1,970.659,63653996.4835
1721197800000,2024-07-17T06:30:00+00:00,65533.1,65655,65426.3,65641.1,2347.212,153833490.6059
1721198700000,2024-07-17T06:45:00+00:00,65641.1,65653.4,65528.9,65528.9,430.653,28242481.3283
1721199600000,2024-07-17T07:00:00+00:00,65528.9,65544.7,65427.7,65461.8,878.332,57516355.3119
1721200500000,2024-07-17T07:15:00+00:00,65461.8,65496,65257.9,65379.7,2320.422,151633819.4549
1721201400000,2024-07-17T07:30:00+00:00,65379.7,65391.2,65185.1,65290,1605.981,104809125.6604
1721202300000,2024-07-17T07:45:00+00:00,65290,65361,65177.7,65208,930.663,60740673.1216
1721203200000,2024-07-17T08:00:00+00:00,65208,65306.8,65027.8,65027.8,2159.57,140639495.6422
1721204100000,2024-07-17T08:15:00+00:00,65027.8,65245.7,64760.4,65242.4,5140.532,334144897.5724
1721205000000,2024-07-17T08:30:00+00:00,65242.4,65426.4,65103.6,65179,3130.703,204418392.3537
1721205900000,2024-07-17T08:45:00+00:00,65179,65333.6,65132.4,65145.8,1246.364,81275888.2479
1721206800000,2024-07-17T09:00:00+00:00,65145.8,65345.9,65034.1,65314.2,1988.073,129526817.5298
1721207700000,2024-07-17T09:15:00+00:00,65314.2,65475.6,65260.1,65315.8,1182.277,77306717.0116
1721208600000,2024-07-17T09:30:00+00:00,65315.8,65395.9,65222.2,65324.9,1096.851,71622633.7405
1721209500000,2024-07-17T09:45:00+00:00,65324.9,65325.1,65194.7,65277.6,582.077,37978853.3215
1721210400000,2024-07-17T10:00:00+00:00,65277.6,65286.8,65100,65208.8,968.387,63116945.7887
1721211300000,2024-07-17T10:15:00+00:00,65208.8,65277,65050,65276.9,1213.579,79051276.1278
1721212200000,2024-07-17T10:30:00+00:00,65276.9,65290.9,65117.4,65264.4,1021.292,66620862.6309
1721213100000,2024-07-17T10:45:00+00:00,65264.4,65312.3,65046.4,65098.9,898.463,58506834.8422
1721214000000,2024-07-17T11:00:00+00:00,65098.9,65109,64850,64882.5,2063.013,133998817.6042
1721214900000,2024-07-17T11:15:00+00:00,64882.5,65039.2,64692.3,64864.9,2693.874,174660428.8287
1721215800000,2024-07-17T11:30:00+00:00,64864.9,64871.5,64516.3,64678,4540.557,293516278.7848
1721216700000,2024-07-17T11:45:00+00:00,64678,64764.7,64597.8,64683.3,1130.962,73155256.4455
1721217600000,2024-07-17T12:00:00+00:00,64683.3,64835.6,64527.6,64762.6,2422.737,156780052.7501
1721218500000,2024-07-17T12:15:00+00:00,64762.6,64861.3,64750,64750,1443.851,93582138.3084
1721219400000,2024-07-17T12:30:00+00:00,64750,64967.7,64644.6,64722.1,2151.898,139469168.377
1721220300000,2024-07-17T12:45:00+00:00,64722.1,64807.3,64651.9,64690.7,532.373,34455365.7001
1721221200000,2024-07-17T13:00:00+00:00,64690.7,64914.8,64683.9,64757.6,798.096,51729003.6515
1721222100000,2024-07-17T13:15:00+00:00,64757.6,64839.3,64550,64652.5,1342.4,86780241.2255
1721223000000,2024-07-17T13:30:00+00:00,64652.5,64885,64491.9,64660,3656.478,236437505.1756
1721223900000,2024-07-17T13:45:00+00:00,64660,65268,64533.3,65079.8,5476.902,356156035.7198
1721224800000,2024-07-17T14:00:00+00:00,65079.8,65150.2,64629.6,64731.1,2986.573,193576215.6209
1721225700000,2024-07-17T14:15:00+00:00,64731.1,64913.3,64712.7,64800.1,1159.212,75160003.5437
1721226600000,2024-07-17T14:30:00+00:00,64800.1,65178,64766.7,65080,1871.647,121784075.9009
1721227500000,2024-07-17T14:45:00+00:00,65080,65178,64863.5,64999,1399.706,90998198.4144
1721228400000,2024-07-17T15:00:00+00:00,64999,65077,64806,65005.4,895.273,58147799.3915
1721229300000,2024-07-17T15:15:00+00:00,65005.4,65123.5,64945.2,65111.6,963.669,62697345.0426
1721230200000,2024-07-17T15:30:00+00:00,65111.6,65340,64963.5,65005.7,2279.791,148591134.1442
1721231100000,2024-07-17T15:45:00+00:00,65005.7,65005.7,64574.5,64676,4381.151,283596856.4509
1721232000000,2024-07-17T16:00:00+00:00,64676,64721.4,64288,64354.7,4562.446,294169483.6795
1721232900000,2024-07-17T16:15:00+00:00,64354.7,64473.1,64223,64319.1,5186.879,333754359.0639
1721233800000,2024-07-17T16:30:00+00:00,64319.1,64325.9,63804.5,63983.7,4659.579,298399993.887
1721234700000,2024-07-17T16:45:00+00:00,63983.7,64243,63900.2,64220.1,2702.776,173144565.8555
1721235600000,2024-07-17T17:00:00+00:00,64220.1,64308.9,63900.5,63910.8,2327.512,149218449.0342
1721236500000,2024-07-17T17:15:00+00:00,63910.8,64207.2,63910.8,64200.1,1350.205,86452670.5274
1721237400000,2024-07-17T17:30:00+00:00,64200.1,64366,64161.7,64318,1088.18,69962138.5102
1721238300000,2024-07-17T17:45:00+00:00,64318,64345.1,64215.5,64238.7,766.911,49284761.8107
1721239200000,2024-07-17T18:00:00+00:00,64238.7,64382.7,64168.1,64329.5,1185.283,76207682.6098
1721240100000,2024-07-17T18:15:00+00:00,64329.5,64465.6,64328.2,64460,992.179,63922929.7401
1721241000000,2024-07-17T18:30:00+00:00,64460,64524,64360,64498.8,736.433,47470108.3175
1721241900000,2024-07-17T18:45:00+00:00,64498.8,64504.5,64343.8,64464.1,453.909,29240159.2757
1721242800000,2024-07-17T19:00:00+00:00,64464.1,64523,64452.1,64466.1,392.737,25329846.2083
1721243700000,2024-07-17T19:15:00+00:00,64466.1,64690.7,64402.6,64662.4,1195.168,77176290.7839
1721244600000,2024-07-17T19:30:00+00:00,64662.4,64698.7,64571.8,64615.7,700.203,45259119.8737
1721245500000,2024-07-17T19:45:00+00:00,64615.7,64695.5,64459.4,64518,391.76,25315719.3488
1721246400000,2024-07-17T20:00:00+00:00,64518,64584.3,64468,64496.9,607.556,39198772.8343
1721247300000,2024-07-17T20:15:00+00:00,64496.9,64590,64485,64571.8,404.363,26097212.243
1721248200000,2024-07-17T20:30:00+00:00,64571.8,64631.4,64500.5,64552.8,692.443,44725310.273
1721249100000,2024-07-17T20:45:00+00:00,64552.8,64575,64442.3,64458.6,240.287,15499703.5538
1721250000000,2024-07-17T21:00:00+00:00,64458.6,64460,63998.1,64162.1,3256.873,209021922.6416
1721250900000,2024-07-17T21:15:00+00:00,64162.1,64214,64038.1,64207.8,796.906,51099679.08
1721251800000,2024-07-17T21:30:00+00:00,64207.8,64516.2,64186.6,64423.5,1435.675,92403302.9162
1721252700000,2024-07-17T21:45:00+00:00,64423.5,64423.6,64207.9,64264.1,603.193,38807008.6826
1721253600000,2024-07-17T22:00:00+00:00,64264.1,64401.5,64183.2,64183.7,649.821,41774225.7273
1721254500000,2024-07-17T22:15:00+00:00,64183.7,64344.5,64053.8,64319.7,712.453,45724657.3279
1721255400000,2024-07-17T22:30:00+00:00,64319.7,64343,64100,64271.9,530.163,34057163.8626
1721256300000,2024-07-17T22:45:00+00:00,64271.9,64304.3,64156.4,64210,351.156,22545983.3088
1721257200000,2024-07-17T23:00:00+00:00,64210,64233.6,64053.8,64120.2,642.253,41179170.0957
1721258100000,2024-07-17T23:15:00+00:00,64120.2,64274.4,64097.1,64255.7,260.783,16745107.6808
1721259000000,2024-07-17T23:30:00+00:00,64255.7,64328.5,64184.2,64184.2,324.372,20841186.1468
1721259900000,2024-07-17T23:45:00+00:00,64184.2,64184.3,64028.1,64035.7,789.886,50621718.9063
1721260800000,2024-07-18T00:00:00+00:00,64035.7,64141.1,63858.1,63858.2,1260.848,80672773.1726
1721261700000,2024-07-18T00:15:00+00:00,63858.2,64094,63858.2,64094,973.262,62254648.1986
1721262600000,2024-07-18T00:30:00+00:00,64094,64414,64079.1,64363.5,1772.322,113937472.1563
1721263500000,2024-07-18T00:45:00+00:00,64363.5,64496.6,64295.1,64386,908.215,58513987.2544
1721264400000,2024-07-18T01:00:00+00:00,64386,64514.5,64319.3,64368,758.713,48862680.4371
1721265300000,2024-07-18T01:15:00+00:00,64368,64614.3,64362.3,64589.9,864.707,55777334.9659
1721266200000,2024-07-18T01:30:00+00:00,64589.9,64616.6,64451.6,64587.5,1048.196,67647824.0408
1721267100000,2024-07-18T01:45:00+00:00,64587.5,64621.5,64528.6,64621,457.386,29540040.6901
1721268000000,2024-07-18T02:00:00+00:00,64621,65095,64430,64483.9,5020.635,325317572.034
1721268900000,2024-07-18T02:15:00+00:00,64483.9,64652.3,64188,64578,4022.747,259029784.4923
1721269800000,2024-07-18T02:30:00+00:00,64578,64694.9,64521.1,64633.7,861.077,55635832.8581
1721270700000,2024-07-18T02:45:00+00:00,64633.7,64735.3,64559.8,64643.8,535.02,34573303.1197
1721271600000,2024-07-18T03:00:00+00:00,64643.8,64744.8,64563.1,64691,619.161,40050033.0172
1721272500000,2024-07-18T03:15:00+00:00,64691,64833.5,64640,64713.6,992.36,64276202.9362
1721273400000,2024-07-18T03:30:00+00:00,64713.6,64858.9,64684.3,64839.5,431.073,27914852.6025
1721274300000,2024-07-18T03:45:00+00:00,64839.5,64888,64762.4,64827,785.957,50952669.43
1721275200000,2024-07-18T04:00:00+00:00,64827,64834.1,64709.4,64745,686.508,44470359.3284
1721276100000,2024-07-18T04:15:00+00:00,64745,64753.7,64609.2,64624.2,1250.153,80838179.1827
1721277000000,2024-07-18T04:30:00+00:00,64624.2,64688.9,64564.2,64657.6,845.355,54620516.0201
1721277900000,2024-07-18T04:45:00+00:00,64657.6,64686.9,64487.9,64529.2,1009.752,65189837.8024
1721278800000,2024-07-18T05:00:00+00:00,64529.2,64606.7,64415,64415,789.439,50916313.1544
1721279700000,2024-07-18T05:15:00+00:00,64415,64502.3,64359,64497.8,1574.073,101401386.3613
1721280600000,2024-07-18T05:30:00+00:00,64497.8,64650,64497.7,64634,1168.959,75525395.9529
1721281500000,2024-07-18T05:45:00+00:00,64634,64814.5,64633.9,64705,1449.08,93809074.6424
1721282400000,2024-07-18T06:00:00+00:00,64705,64901.3,64659.9,64862.2,1147.924,74367106.6894
1721283300000,2024-07-18T06:15:00+00:00,64862.2,64938.6,64794.1,64834.4,1382.708,89697311.9858
1721284200000,2024-07-18T06:30:00+00:00,64834.4,64921,64795.1,64916.5,884.864,57383394.3958
1721285100000,2024-07-18T06:45:00+00:00,64916.5,65014.3,64897.6,64960,1940.652,126056587.2123
1721286000000,2024-07-18T07:00:00+00:00,64960,64980,64802.1,64838.1,847.036,54946642.8487
1721286900000,2024-07-18T07:15:00+00:00,64838.1,64853.2,64680,64720.9,1372.368,88887886.1256
1721287800000,2024-07-18T07:30:00+00:00,64720.9,64780.5,64673.8,64719.5,747.43,48378156.2084
1721288700000,2024-07-18T07:45:00+00:00,64719.5,64763.3,64620,64627.3,550.603,35609429.9873
1721289600000,2024-07-18T08:00:00+00:00,64627.3,64788.4,64591,64746.2,981.714,63499571.2424
1721290500000,2024-07-18T08:15:00+00:00,64746.2,64776.8,64582.2,64733.5,938.264,60678069.5751
1721291400000,2024-07-18T08:30:00+00:00,64733.5,64751.5,64618,64705.4,664.02,42942009.0209
1721292300000,2024-07-18T08:45:00+00:00,64705.4,64913.1,64667.5,64889.9,877.898,56909259.4236
1721293200000,2024-07-18T09:00:00+00:00,64889.9,64901.6,64760,64760.4,881.598,57158502.1656
1721294100000,2024-07-18T09:15:00+00:00,64760.4,64875,64671.9,64846.2,477.589,30943771.3549
1721295000000,2024-07-18T09:30:00+00:00,64846.2,64855,64774.1,64787.5,186.714,12100400.0275
1721295900000,2024-07-18T09:45:00+00:00,64787.5,64848,64768.7,64809.7,255.732,16572419.6949
1721296800000,2024-07-18T10:00:00+00:00,64809.7,64809.7,64609.5,64621.4,1012.126,65465076.1143
1721297700000,2024-07-18T10:15:00+00:00,64621.4,64701.9,64450,64460.9,1412.19,91168380.3959
1721298600000,2024-07-18T10:30:00+00:00,64460.9,64564.1,64442.9,64510.5,1007.37,64988116.2345
1721299500000,2024-07-18T10:45:00+00:00,64510.5,64575.4,64462,64566.3,537.443,34682960.3396
1721300400000,2024-07-18T11:00:00+00:00,64566.3,64597.3,64398,64482.4,1313.124,84639425.0865
1721301300000,2024-07-18T11:15:00+00:00,64482.4,64577.8,64408.3,64542,781.656,50411153.7593
1721302200000,2024-07-18T11:30:00+00:00,64542,64705.9,64538,64632,1182.906,76472424.6979
1721303100000,2024-07-18T11:45:00+00:00,64632,64717.1,64598.6,64712.4,630.413,40766771.3046
1721304000000,2024-07-18T12:00:00+00:00,64712.4,64832.9,64700.6,64799.8,1113.477,72125571.1646
1721304900000,2024-07-18T12:15:00+00:00,64799.8,64805.5,64708,64724.9,758.649,49132999.1551
1721305800000,2024-07-18T12:30:00+00:00,64724.9,64959,64673,64781.5,1994.281,129311711.1324
1721306700000,2024-07-18T12:45:00+00:00,64781.5,64933.3,64765.1,64794.5,947.421,61431582.7406
1721307600000,2024-07-18T13:00:00+00:00,64794.5,65079.3,64794.5,64932.9,1650.094,107205236.6097
1721308500000,2024-07-18T13:15:00+00:00,64932.9,65044.9,64798.4,64826.7,1747.055,113451472.5578
1721309400000,2024-07-18T13:30:00+00:00,64826.7,64904.8,64532,64554.4,2800.494,181083491.4401
1721310300000,2024-07-18T13:45:00+00:00,64554.4,64622,64463.5,64551.7,1597.151,103073464.9771
1721311200000,2024-07-18T14:00:00+00:00,64551.7,64663.6,64431.2,64443,1069.548,69050561.8934
1721312100000,2024-07-18T14:15:00+00:00,64443,64545.6,64200,64348.5,3918.103,252027486.0063
1721313000000,2024-07-18T14:30:00+00:00,64348.5,64348.5,63890,63976.9,4292.57,275007244.5273
1721313900000,2024-07-18T14:45:00+00:00,63976.9,64024.5,63654.2,63958,6219.36,397027655.2931
1721314800000,2024-07-18T15:00:00+00:00,63958,63958,63550.3,63623.9,3997.558,254748230.333
1721315700000,2024-07-18T15:15:00+00:00,63623.9,63814.2,63460,63706.9,5579.153,354805326.437
1721316600000,2024-07-18T15:30:00+00:00,63706.9,63904,63577.7,63789.4,4562.924,290937643.3413
1721317500000,2024-07-18T15:45:00+00:00,63789.4,63859.9,63363.6,63500.1,3609.549,229252684.0433
1721318400000,2024-07-18T16:00:00+00:00,63500.1,63644.8,63271.4,63642,3220.287,204451723.3961
1721319300000,2024-07-18T16:15:00+00:00,63642,63643.1,63412,63614.6,1423.184,90436110.3053
1721320200000,2024-07-18T16:30:00+00:00,63614.6,63788,63543.2,63763.7,2095.471,133514503.5983
1721321100000,2024-07-18T16:45:00+00:00,63763.7,63861.7,63721.2,63861.6,3645.951,232495545.9782
1721322000000,2024-07-18T17:00:00+00:00,63861.6,63909.4,63656.3,63746.2,1280.86,81683602.4507
1721322900000,2024-07-18T17:15:00+00:00,63746.2,63838.3,63671,63748.8,527.312,33613821.3784
1721323800000,2024-07-18T17:30:00+00:00,63748.8,63815.2,63604.2,63610.6,579.604,36906528.8235
1721324700000,2024-07-18T17:45:00+00:00,63610.6,63661.7,63457.5,63518.5,931.226,59189941.7721
1721325600000,2024-07-18T18:00:00+00:00,63518.5,63584.3,63350,63361.7,1055.755,66992448.0194
1721326500000,2024-07-18T18:15:00+00:00,63361.7,63622.6,63345.1,63531.5,972.81,61766525.0794
1721327400000,2024-07-18T18:30:00+00:00,63531.5,63566,63333,63333,856.053,54328900.0368
1721328300000,2024-07-18T18:45:00+00:00,63333,63564.7,63305.8,63485.4,1039.374,65896759.4252
1721329200000,2024-07-18T19:00:00+00:00,63485.4,63605.1,63356,63402.6,812.426,51596372.926
1721330100000,2024-07-18T19:15:00+00:00,63402.6,63516.2,63196.7,63380,2575.369,162966000.5267
1721331000000,2024-07-18T19:30:00+00:00,63380,63636.2,63328.6,63535.6,1577.434,100158424.9916
1721331900000,2024-07-18T19:45:00+00:00,63535.6,63706.1,63451.2,63515.3,1922.008,122290058.9004
1721332800000,2024-07-18T20:00:00+00:00,63515.3,63585.7,63397.5,63407.4,633.537,40216471.4638
1721333700000,2024-07-18T20:15:00+00:00,63407.4,63633.8,63401.5,63628.6,464.403,29507695.0604
1721334600000,2024-07-18T20:30:00+00:00,63628.6,63690,63592.3,63614.3,392.675,24993879.4708
1721335500000,2024-07-18T20:45:00+00:00,63614.3,63794,63552.9,63782.4,954.472,60796010.8284
1721336400000,2024-07-18T21:00:00+00:00,63782.4,63818.8,63705,63808.9,471.377,30049195.3673
1721337300000,2024-07-18T21:15:00+00:00,63808.9,63866.4,63775.8,63860.1,802.937,51252950.2159
1721338200000,2024-07-18T21:30:00+00:00,63860.1,63887.8,63738.3,63748.3,660.169,42123313.0907
1721339100000,2024-07-18T21:45:00+00:00,63748.3,63830.6,63743.4,63801,276.89,17660187.0748
1721340000000,2024-07-18T22:00:00+00:00,63801,63813,63671.4,63736.1,372.332,23727020.9904
1721340900000,2024-07-18T22:15:00+00:00,63736.1,64071.9,63677.9,63978.3,2363.558,151140280.6545
1721341800000,2024-07-18T22:30:00+00:00,63978.3,64079.4,63916.3,64066.1,1110.996,71094941.6542
1721342700000,2024-07-18T22:45:00+00:00,64066.1,64073.9,63930.8,63987.1,610.039,39032019.2405
1721343600000,2024-07-18T23:00:00+00:00,63987.1,64043.3,63917,63927.8,621.984,39778453.2066
1721344500000,2024-07-18T23:15:00+00:00,63927.8,64003,63897.2,63957.2,281.488,18001370.3939
1721345400000,2024-07-18T23:30:00+00:00,63957.2,63999.4,63925.3,63954.6,282.251,18056493.5722
1721346300000,2024-07-18T23:45:00+00:00,63954.6,63973.5,63909.7,63949.9,249.972,15980032.1246
1721347200000,2024-07-19T00:00:00+00:00,63949.9,63989,63741.5,63741.5,1180.123,75333115.0996
1721348100000,2024-07-19T00:15:00+00:00,63741.5,63750.2,63561.1,63638.3,1505.27,95844815.8975
1721349000000,2024-07-19T00:30:00+00:00,63638.3,63758.8,63611.2,63658.2,508.155,32367153.5014
1721349900000,2024-07-19T00:45:00+00:00,63658.2,63658.2,63511.5,63563.6,921.332,58561203.952
1721350800000,2024-07-19T01:00:00+00:00,63563.6,63567.9,63383.1,63389.8,1562.144,99154390.0204
1721351700000,2024-07-19T01:15:00+00:00,63389.8,63617.7,63258.4,63603,2004.061,127110286.7216
1721352600000,2024-07-19T01:30:00+00:00,63603,63747.7,63550,63706.5,981.319,62461009.6493
1721353500000,2024-07-19T01:45:00+00:00,63706.5,63815.2,63659.8,63779.9,628.424,40062603.4487
1721354400000,2024-07-19T02:00:00+00:00,63779.9,63898.7,63744,63860,949.267,60605649.599
1721355300000,2024-07-19T02:15:00+00:00,63860,63910.2,63729.1,63808.2,863.474,55083399.3851
1721356200000,2024-07-19T02:30:00+00:00,63808.2,63809.6,63687.2,63744.8,585.583,37330647.6491
1721357100000,2024-07-19T02:45:00+00:00,63744.8,63800,63602.3,63800,754.283,48040061.5193
1721358000000,2024-07-19T03:00:00+00:00,63800,64048.9,63778.7,63988.6,1586.391,101458635.5502
1721358900000,2024-07-19T03:15:00+00:00,63988.6,64104,63912.6,63980.8,1360.475,87093392.0277
1721359800000,2024-07-19T03:30:00+00:00,63980.8,64333.8,63978.1,64315.7,1876.565,120481036.4326
1721360700000,2024-07-19T03:45:00+00:00,64315.7,64334.2,64217.1,64275.3,1264.276,81242480.4837
1721361600000,2024-07-19T04:00:00+00:00,64275.3,64339.2,64163.1,64168.1,1224.284,78661433.672
1721362500000,2024-07-19T04:15:00+00:00,64168.1,64192.4,64128.2,64170.9,712.948,45741412.5033
1721363400000,2024-07-19T04:30:00+00:00,64170.9,64257,64122,64191.1,699.303,44903026.6301
1721364300000,2024-07-19T04:45:00+00:00,64191.1,64227.6,64104.2,64104.2,520.41,33389870.3322
1721365200000,2024-07-19T05:00:00+00:00,64104.2,64178.1,64072.4,64143.1,656.992,42130961.4582
1721366100000,2024-07-19T05:15:00+00:00,64143.1,64173.5,64070.8,64080.7,442.01,28332867.9316
1721367000000,2024-07-19T05:30:00+00:00,64080.7,64138.6,64056.9,64115.9,560.301,35914814.7468
1721367900000,2024-07-19T05:45:00+00:00,64115.9,64211.4,64096.5,64131,608.168,39026458.2865
1721368800000,2024-07-19T06:00:00+00:00,64131,64443,64102.9,64366.9,1798.622,115764917.8522
1721369700000,2024-07-19T06:15:00+00:00,64366.9,64404.9,64225,64338,1071.85,68942686.1368
1721370600000,2024-07-19T06:30:00+00:00,64338,64346.5,64243.1,64244.1,363.828,23383743.1606
1721371500000,2024-07-19T06:45:00+00:00,64244.1,64278.5,64124.3,64168.2,886.279,56882681.8721
1721372400000,2024-07-19T07:00:00+00:00,64168.2,64173.2,63752.5,63913.6,2680.068,171310734.798
1721373300000,2024-07-19T07:15:00+00:00,63913.6,64005.4,63873.6,63952,1256.7,80366710.3923
1721374200000,2024-07-19T07:30:00+00:00,63952,63954.2,63637.8,63704.5,3080.801,196372277.3007
1721375100000,2024-07-19T07:45:00+00:00,63704.5,63806.2,63558,63662.5,2216.201,141089494.8936
1721376000000,2024-07-19T08:00:00+00:00,63662.5,63785.7,63376,63377,2049.054,130279902.0548
1721376900000,2024-07-19T08:15:00+00:00,63377,63508.8,63356,63499.9,2132.941,135297531.5537
1721377800000,2024-07-19T08:30:00+00:00,63499.9,63849,63483,63769,2741.125,174675481.6559
1721378700000,2024-07-19T08:45:00+00:00,63769,63820,63708.7,63751.1,553.901,35310517.2619
1721379600000,2024-07-19T09:00:00+00:00,63751.1,64068.3,63733,63973.7,1811.865,115918499.0543
1721380500000,2024-07-19T09:15:00+00:00,63973.7,64041.8,63855.5,63859.9,803.42,51367133.7079
1721381400000,2024-07-19T09:30:00+00:00,63859.9,63909.2,63603,63622.5,1311.606,83607206.3088
1721382300000,2024-07-19T09:45:00+00:00,63622.5,63781,63622.5,63680.4,708.46,45131881.5198
1721383200000,2024-07-19T10:00:00+00:00,63680.4,63882.4,63617.5,63878.1,1170.755,74706658.5978
1721384100000,2024-07-19T10:15:00+00:00,63878.1,64079.6,63870.5,64033.1,1266.574,81076717.302
1721385000000,2024-07-19T10:30:00+00:00,64033.1,64117.6,63970.1,63982.1,1250.434,80086676.1867
1721385900000,2024-07-19T10:45:00+00:00,63982.1,64053.9,63949.5,63954.6,526.262,33681629.966
1721386800000,2024-07-19T11:00:00+00:00,63954.6,64075.5,63939.6,63963.7,817.71,52331172.4288
1721387700000,2024-07-19T11:15:00+00:00,63963.7,64152.7,63955.5,64035.7,824.962,52849910.1281
1721388600000,2024-07-19T11:30:00+00:00,64035.7,64043.6,63912.9,63918.4,504.711,32280463.537
1721389500000,2024-07-19T11:45:00+00:00,63918.4,64123.8,63899.7,64083.8,615.039,39356777.1205
1721390400000,2024-07-19T12:00:00+00:00,64083.8,64227.9,64000,64172.4,1443.093,92549628.8867
1721391300000,2024-07-19T12:15:00+00:00,64172.4,64200,64090.2,64163.6,633.272,40624216.893
1721392200000,2024-07-19T12:30:00+00:00,64163.6,64218.5,64102.5,64209.7,813.022,52157756.1442
1721393100000,2024-07-19T12:45:00+00:00,64209.7,64395,64209.7,64364.3,2234.774,143760393.9368
1721394000000,2024-07-19T13:00:00+00:00,64364.3,64409.7,64167.8,64207.1,1666.622,107125026.6253
1721394900000,2024-07-19T13:15:00+00:00,64207.1,64263.5,64058.3,64065.9,1085.289,69613031.9116
1721395800000,2024-07-19T13:30:00+00:00,64065.9,64862.7,64011.3,64570,6479.581,418353318.8545
1721396700000,2024-07-19T13:45:00+00:00,64570,65281.5,64569.9,65080.5,6930.126,450245454.5998
1721397600000,2024-07-19T14:00:00+00:00,65080.5,65600,64951.4,65503.8,6198.062,404187423.6935
1721398500000,2024-07-19T14:15:00+00:00,65503.8,65864.9,65446.3,65523.2,7760.696,509363932.2897
1721399400000,2024-07-19T14:30:00+00:00,65523.2,65640.7,65410.8,65586.8,4036.745,264536809.1604
1721400300000,2024-07-19T14:45:00+00:00,65586.8,65722.5,65540.7,65709.5,3213.877,210975867.5127
1721401200000,2024-07-19T15:00:00+00:00,65709.5,65800,65499.9,65549.5,2304.214,151286335.6563
1721402100000,2024-07-19T15:15:00+00:00,65549.5,65785.3,65238.7,65286.3,3903.106,255672925.0448
1721403000000,2024-07-19T15:30:00+00:00,65286.3,65689.2,65227.7,65657.6,2609.288,170673730.7159
1721403900000,2024-07-19T15:45:00+00:00,65657.6,65800,65591.1,65788.2,1727.842,113475499.4037
1721404800000,2024-07-19T16:00:00+00:00,65788.2,66350,65784.6,66132.5,8092.057,535089853.3412
1721405700000,2024-07-19T16:15:00+00:00,66132.5,66500,66132.5,66327.3,5112.556,338952481.2449
1721406600000,2024-07-19T16:30:00+00:00,66327.3,66433,66187,66372.1,2585.071,171557004.1289
1721407500000,2024-07-19T16:45:00+00:00,66372.1,66402.8,66170,66369.9,1606.237,106446783.7767
1721408400000,2024-07-19T17:00:00+00:00,66369.9,66433.2,66207.3,66326.3,1281.68,84978667.1669
1721409300000,2024-07-19T17:15:00+00:00,66326.3,66758,66286.7,66482.3,3618.645,240776688.2179
1721410200000,2024-07-19T17:30:00+00:00,66482.3,66552.9,66371.7,66528.3,1130.344,75127057.3075
1721411100000,2024-07-19T17:45:00+00:00,66528.3,66806.2,66475,66719.9,3786.425,252489273.903
1721412000000,2024-07-19T18:00:00+00:00,66719.9,66765.3,66502.3,66643,2508.405,167065546.2903
1721412900000,2024-07-19T18:15:00+00:00,66643,66699.3,66392.5,66487.5,1467.693,97611253.7422
1721413800000,2024-07-19T18:30:00+00:00,66487.5,66600,66449.3,66550.3,2110.422,140408727.3608
1721414700000,2024-07-19T18:45:00+00:00,66550.3,66795.5,66528.7,66779.9,1817.102,121217491.141
1721415600000,2024-07-19T19:00:00+00:00,66779.9,67038.2,66779.9,66933.4,4255.642,284739196.3968
1721416500000,2024-07-19T19:15:00+00:00,66933.4,67199,66851.9,67045.8,4434.081,297446456.251
1721417400000,2024-07-19T19:30:00+00:00,67045.8,67378.1,66919.3,67138.3,5798.454,389370746.1083
1721418300000,2024-07-19T19:45:00+00:00,67138.3,67321.1,67076.2,67156,1863.091,125175675.221
1721419200000,2024-07-19T20:00:00+00:00,67156,67213.1,66877.3,66936,3027.809,202809436.1268
1721420100000,2024-07-19T20:15:00+00:00,66936,67030,66875.4,66914.6,1035.919,69335807.2066
1721421000000,2024-07-19T20:30:00+00:00,66914.6,67055.3,66892.8,67045.3,789.017,52846404.1081
1721421900000,2024-07-19T20:45:00+00:00,67045.3,67045.4,66900.5,66919.9,631.732,42294414.2883
1721422800000,2024-07-19T21:00:00+00:00,66919.9,67186.7,66873.2,67181,1112.605,74603276.4592
1721423700000,2024-07-19T21:15:00+00:00,67181,67349.2,67071.6,67101.5,1801.128,121065008.1968
1721424600000,2024-07-19T21:30:00+00:00,67101.5,67192.2,66957.8,66973.6,836.949,56108253.9609
1721425500000,2024-07-19T21:45:00+00:00,66973.6,66984.2,66889,66889.1,690.631,46226582.4578
1721426400000,2024-07-19T22:00:00+00:00,66889.1,66994.2,66870.5,66939.9,523.012,35015268.2743
1721427300000,2024-07-19T22:15:00+00:00,66939.9,66967.4,66893.1,66917.6,368.118,24639014.0026
1721428200000,2024-07-19T22:30:00+00:00,66917.6,66946.6,66839.3,66866.5,600.394,40159992.2143
1721429100000,2024-07-19T22:45:00+00:00,66866.5,66866.5,66652.3,66719,1759.868,117472265.9263
1721430000000,2024-07-19T23:00:00+00:00,66719,66908.2,66707,66820.1,1018.557,68058346.7244
1721430900000,2024-07-19T23:15:00+00:00,66820.1,66865.6,66717.3,66745.6,414.652,27685629.176
1721431800000,2024-07-19T23:30:00+00:00,66745.6,66745.6,66614.8,66636.2,1015.407,67700945.793
1721432700000,2024-07-19T23:45:00+00:00,66636.2,66731.3,66621.1,66652.3,832.661,55522326.4725
1721433600000,2024-07-20T00:00:00+00:00,66652.3,66816.9,66630,66810,1278.348,85309794.4015
1721434500000,2024-07-20T00:15:00+00:00,66810,66810,66419,66436.6,1363.568,90745008.0537
1721435400000,2024-07-20T00:30:00+00:00,66436.6,66492.8,66275,66395.2,2813.507,186728261.8224
1721436300000,2024-07-20T00:45:00+00:00,66395.2,66538,66379.7,66407.3,599.088,39829634.4803
1721437200000,2024-07-20T01:00:00+00:00,66407.3,66649.5,66389.3,66643.1,869.886,57903796.3222
1721438100000,2024-07-20T01:15:00+00:00,66643.1,66708.4,66494.2,66576.9,880.286,58620012.9221
1721439000000,2024-07-20T01:30:00+00:00,66576.9,66599.9,66463.6,66499.6,325.945,21683878.8605
1721439900000,2024-07-20T01:45:00+00:00,66499.6,66517,66230,66375.5,2280.905,151268579.4155
1721440800000,2024-07-20T02:00:00+00:00,66375.5,66496.5,66319.1,66490.4,677.798,45000796.7245
1721441700000,2024-07-20T02:15:00+00:00,66490.4,66577.9,66465.2,66543.9,414.119,27546966.0979
1721442600000,2024-07-20T02:30:00+00:00,66543.9,66631.8,66494.7,66620,532.839,35474686.7945
1721443500000,2024-07-20T02:45:00+00:00,66620,66630,66535.3,66560.4,358.125,23849921.9293
1721444400000,2024-07-20T03:00:00+00:00,66560.4,66747.8,66555,66661.7,967.928,64547846.6046
1721445300000,2024-07-20T03:15:00+00:00,66661.7,66705.8,66615.3,66632.2,494.438,32960673.0003
1721446200000,2024-07-20T03:30:00+00:00,66632.2,66650.8,66567,66621.9,375.901,25036088.2194
1721447100000,2024-07-20T03:45:00+00:00,66621.9,66666.4,66585.9,66592.3,284.547,18960142.1503
1721448000000,2024-07-20T04:00:00+00:00,66592.3,66612.6,66465.8,66587.3,562.5,37426387.0627
1721448900000,2024-07-20T04:15:00+00:00,66587.3,66695,66585.6,66658.5,502.829,33521516.1063
1721449800000,2024-07-20T04:30:00+00:00,66658.5,66670.2,66606.8,66616.6,555.508,37016712.2726
1721450700000,2024-07-20T04:45:00+00:00,66616.6,66663.6,66559.1,66652.9,282.994,18851266.0323
1721451600000,2024-07-20T05:00:00+00:00,66652.9,66652.9,66539.6,66561.9,339.755,22618832.2117
1721452500000,2024-07-20T05:15:00+00:00,66561.9,66572.3,66471.5,66520.3,493.554,32828296.1697
1721453400000,2024-07-20T05:30:00+00:00,66520.3,66520.3,66432.3,66437.9,430.66,28625522.0231
1721454300000,2024-07-20T05:45:00+00:00,66437.9,66553.7,66431.4,66529.1,309.955,20612021.127
1721455200000,2024-07-20T06:00:00+00:00,66529.1,66593.7,66487.5,66587.6,214.076,14248431.1003
1721456100000,2024-07-20T06:15:00+00:00,66587.6,66600,66530.4,66576.8,219.439,14606804.7131
1721457000000,2024-07-20T06:30:00+00:00,66576.8,66659,66537.3,66657,305.057,20318002.5424
1721457900000,2024-07-20T06:45:00+00:00,66657,66665.6,66600,66622,238.144,15866200.8645
1721458800000,2024-07-20T07:00:00+00:00,66622,66622,66507.8,66586.4,277.901,18494714.3161
1721459700000,2024-07-20T07:15:00+00:00,66586.4,66750.7,66586.3,66660.5,1070.55,71403365.9469
1721460600000,2024-07-20T07:30:00+00:00,66660.5,66662.2,66579.9,66620.1,254.672,16966110.3949
1721461500000,2024-07-20T07:45:00+00:00,66620.1,66632.7,66552.5,66554.8,224.669,14961669.4654
1721462400000,2024-07-20T08:00:00+00:00,66554.8,66616.4,66500,66605.5,405.304,26975735.9166
1721463300000,2024-07-20T08:15:00+00:00,66605.5,66632.3,66558.9,66584.7,232.658,15494581.5574
1721464200000,2024-07-20T08:30:00+00:00,66584.7,66584.8,66445.3,66534.9,625.948,41625828.4268
1721465100000,2024-07-20T08:45:00+00:00,66534.9,66537.9,66446.4,66492,394.789,26246677.1793
1721466000000,2024-07-20T09:00:00+00:00,66492,66569.1,66470,66569.1,431.355,28695370.1228
1721466900000,2024-07-20T09:15:00+00:00,66569.1,66569.1,66507.6,66569,345.596,22995235.0919
1721467800000,2024-07-20T09:30:00+00:00,66569,66738.6,66568.9,66668.5,690.057,46000933.0995
1721468700000,2024-07-20T09:45:00+00:00,66668.5,66668.5,66575.4,66575.5,268.647,17898181.4663
1721469600000,2024-07-20T10:00:00+00:00,66575.5,66650,66541.8,66571.3,280.878,18705467.3264
1721470500000,2024-07-20T10:15:00+00:00,66571.3,66581.6,66504.8,66536.1,339.683,22599523.5889
1721471400000,2024-07-20T10:30:00+00:00,66536.1,66549.2,66477.9,66484.7,289.784,19274912.9784
1721472300000,2024-07-20T10:45:00+00:00,66484.7,66555.7,66479.3,66520.7,317.287,21104133.6435
1721473200000,2024-07-20T11:00:00+00:00,66520.7,66546.8,66475,66479.2,148.728,9890662.1164
1721474100000,2024-07-20T11:15:00+00:00,66479.2,66533.3,66469,66533.1,533.075,35447564.7086
1721475000000,2024-07-20T11:30:00+00:00,66533.1,66545,66506,66531.5,248.488,16531198.9115
1721475900000,2024-07-20T11:45:00+00:00,66531.5,66531.5,66453.2,66453.3,451.678,30024822.5813
1721476800000,2024-07-20T12:00:00+00:00,66453.3,66516.2,66453.3,66510.8,350.786,23326249.4392
1721477700000,2024-07-20T12:15:00+00:00,66510.8,66513.8,66437.2,66489.5,385.154,25606801.8494
1721478600000,2024-07-20T12:30:00+00:00,66489.5,66533.1,66442.7,66448.8,332.497,22104702.9693
1721479500000,2024-07-20T12:45:00+00:00,66448.8,66470.1,66426.3,66429.2,494.684,32868229.2689
1721480400000,2024-07-20T13:00:00+00:00,66429.2,66465,66383.4,66384.6,781.639,51914512.7105
1721481300000,2024-07-20T13:15:00+00:00,66384.6,66514,66257.2,66510.6,2098.527,139338446.8036
1721482200000,2024-07-20T13:30:00+00:00,66510.6,66605.4,66297.2,66407.3,1627.645,108142870.464
1721483100000,2024-07-20T13:45:00+00:00,66407.3,66519,66356.8,66491.4,761.427,50585174.5291
1721484000000,2024-07-20T14:00:00+00:00,66491.4,66551.6,66457.2,66513.3,948.838,63115067.8696
1721484900000,2024-07-20T14:15:00+00:00,66513.3,66581.2,66513.3,66548.3,392.586,26131714.7825
1721485800000,2024-07-20T14:30:00+00:00,66548.3,66658.2,66534.1,66640.6,510.454,33992716.659
1721486700000,2024-07-20T14:45:00+00:00,66640.6,66640.6,66512.3,66537.3,459.498,30589307.274
1721487600000,2024-07-20T15:00:00+00:00,66537.3,66629.9,66535.3,66611.3,243.574,16220071.874
1721488500000,2024-07-20T15:15:00+00:00,66611.3,66678.7,66560.8,66673,327.119,21792381.7706
1721489400000,2024-07-20T15:30:00+00:00,66673,66804.7,66550,66605.7,1665.865,111074239.5169
1721490300000,2024-07-20T15:45:00+00:00,66605.7,66784.6,66605.7,66782.9,553.826,36939383.3756
1721491200000,2024-07-20T16:00:00+00:00,66782.9,66845,66710.8,66740.2,1106.256,73881752.0574
1721492100000,2024-07-20T16:15:00+00:00,66740.2,66884.6,66679,66879.6,2343.518,156503373.4998
1721493000000,2024-07-20T16:30:00+00:00,66879.6,67008.5,66745.9,66749,1669.586,111679075.3205
1721493900000,2024-07-20T16:45:00+00:00,66749,66801.4,66633.5,66762.3,1245.532,83108407.8766
1721494800000,2024-07-20T17:00:00+00:00,66762.3,67180,66710.9,67036.7,2377.98,159149996.0949
1721495700000,2024-07-20T17:15:00+00:00,67036.7,67579.8,67035,67156.4,5142.062,346089428.017
1721496600000,2024-07-20T17:30:00+00:00,67156.4,67355,67156.4,67285.6,2000.301,134550576.0048
1721497500000,2024-07-20T17:45:00+00:00,67285.6,67477.7,67245.5,67359,1314.074,88527375.1849
1721498400000,2024-07-20T18:00:00+00:00,67359,67442.6,67167.2,67430.1,770.011,51797880.0187
1721499300000,2024-07-20T18:15:00+00:00,67430.1,67457.3,67324,67340,636.484,42890185.8375
1721500200000,2024-07-20T18:30:00+00:00,67340,67385.6,67231.4,67385.6,467.921,31496525.6197
1721501100000,2024-07-20T18:45:00+00:00,67385.6,67562.9,67385.5,67440.1,1574.143,106238750.0953
1721502000000,2024-07-20T19:00:00+00:00,67440.1,67477.1,67377.8,67451,446.439,30107676.5143
1721502900000,2024-07-20T19:15:00+00:00,67451,67451,67320,67353.2,414.868,27943933.6254
1721503800000,2024-07-20T19:30:00+00:00,67353.2,67358.9,67127.4,67224.1,1504.496,101095005.9004
1721504700000,2024-07-20T19:45:00+00:00,67224.1,67246.5,67122,67220,505.867,33990963.4694
1721505600000,2024-07-20T20:00:00+00:00,67220,67356.8,67214.6,67356.8,371.949,25027202.7323
1721506500000,2024-07-20T20:15:00+00:00,67356.8,67392.4,67302.5,67308.1,479.074,32254643.8048
1721507400000,2024-07-20T20:30:00+00:00,67308.1,67433.2,67301.4,67349.9,504.267,33978498.9584
1721508300000,2024-07-20T20:45:00+00:00,67349.9,67396.2,67290,67326.5,312.126,21017685.9064
1721509200000,2024-07-20T21:00:00+00:00,67326.5,67335.6,66771.3,67084.2,5838.592,391317610.3879
1721510100000,2024-07-20T21:15:00+00:00,67084.2,67140.4,66927.7,67053,928.67,62244376.8083
1721511000000,2024-07-20T21:30:00+00:00,67053,67113.9,66902.9,67061.8,371.963,24930725.2898
1721511900000,2024-07-20T21:45:00+00:00,67061.8,67130.9,67034.6,67091,242.183,16248216.2028
1721512800000,2024-07-20T22:00:00+00:00,67091,67307.4,67087.4,67187.6,843.723,56690679.4094
1721513700000,2024-07-20T22:15:00+00:00,67187.6,67194,67037.6,67119.3,456.817,30656119.9596
1721514600000,2024-07-20T22:30:00+00:00,67119.3,67140.5,66845.6,66877.5,1174.003,78626146.729
1721515500000,2024-07-20T22:45:00+00:00,66877.5,67133,66865.4,67103.4,1306.109,87491385.9019
1721516400000,2024-07-20T23:00:00+00:00,67103.4,67159.8,67077.9,67139.9,342.105,22959545.8058
1721517300000,2024-07-20T23:15:00+00:00,67139.9,67182.3,67083.8,67161,359.365,24127076.3432
1721518200000,2024-07-20T23:30:00+00:00,67161,67180,67121.6,67154.4,297.039,19948107.4988
1721519100000,2024-07-20T23:45:00+00:00,67154.4,67180,67105.3,67130.5,224.915,15103791.4056
1721520000000,2024-07-21T00:00:00+00:00,67130.5,67213.6,67053.5,67213.2,481.041,32285170.9348
1721520900000,2024-07-21T00:15:00+00:00,67213.2,67327,67172.1,67177.5,1043.597,70189640.1084
1721521800000,2024-07-21T00:30:00+00:00,67177.5,67177.7,66960.4,66975.1,780.613,52339184.8164
1721522700000,2024-07-21T00:45:00+00:00,66975.1,67072.2,66966,67066.8,670.433,44941232.3529
1721523600000,2024-07-21T01:00:00+00:00,67066.8,67118.6,67027.5,67118.6,322.772,21651386.1216
1721524500000,2024-07-21T01:15:00+00:00,67118.6,67261,67117.2,67180,588.53,39535343.2121
1721525400000,2024-07-21T01:30:00+00:00,67180,67295.6,67170.5,67284.5,400.117,26902891.7651
1721526300000,2024-07-21T01:45:00+00:00,67284.5,67421.1,67242.5,67274.2,991.391,66763762.4006
1721527200000,2024-07-21T02:00:00+00:00,67274.2,67333.1,67267.5,67267.5,393.506,26478465.5013
1721528100000,2024-07-21T02:15:00+00:00,67267.5,67363.1,67267.5,67308.6,404.722,27246505.659
1721529000000,2024-07-21T02:30:00+00:00,67308.6,67386.4,67279,67368.1,396.034,26664348.009
1721529900000,2024-07-21T02:45:00+00:00,67368.1,67383.9,67270,67273.2,269.38,18134904.1919
1721530800000,2024-07-21T03:00:00+00:00,67273.2,67361.8,67207,67312.5,353.322,23774342.3813
1721531700000,2024-07-21T03:15:00+00:00,67312.5,67377.5,67228,67238,365.395,24590532.6325
1721532600000,2024-07-21T03:30:00+00:00,67238,67258.6,67186,67231.9,450.818,30306649.3136
1721533500000,2024-07-21T03:45:00+00:00,67231.9,67232,67145.4,67167.4,418.045,28082585.1936
1721534400000,2024-07-21T04:00:00+00:00,67167.4,67227.9,67135,67142.6,413.434,27769023.7701
1721535300000,2024-07-21T04:15:00+00:00,67142.6,67190,67118.2,67133.9,301.609,20253396.4905
1721536200000,2024-07-21T04:30:00+00:00,67133.9,67155.1,67048.5,67077.9,675.755,45341162.7015
1721537100000,2024-07-21T04:45:00+00:00,67077.9,67097.1,66987.2,67033.4,844.317,56601021.1897
1721538000000,2024-07-21T05:00:00+00:00,67033.4,67050,66876.6,66966.3,1278.053,85572118.2976
1721538900000,2024-07-21T05:15:00+00:00,66966.3,67084.4,66965,67033.3,560.912,37606800.4686
1721539800000,2024-07-21T05:30:00+00:00,67033.3,67096.1,67033.3,67051.4,627.369,42082484.4803
1721540700000,2024-07-21T05:45:00+00:00,67051.4,67079.8,67010,67038.3,280.456,18802919.3738
1721541600000,2024-07-21T06:00:00+00:00,67038.3,67083,66918.4,67018.2,459.164,30766063.488
1721542500000,2024-07-21T06:15:00+00:00,67018.2,67018.3,66636.6,66802.7,3295.86,220038774.3126
1721543400000,2024-07-21T06:30:00+00:00,66802.7,66803.5,66616.9,66779.2,1276.428,85149467.6558
1721544300000,2024-07-21T06:45:00+00:00,66779.2,66779.2,66687.3,66714.9,485.95,32423556.1883
1721545200000,2024-07-21T07:00:00+00:00,66714.9,66768.4,66588,66746.5,875.331,58385307.6328
1721546100000,2024-07-21T07:15:00+00:00,66746.5,66822.9,66639.4,66660.6,641.302,42791257.6362
1721547000000,2024-07-21T07:30:00+00:00,66660.6,66725.6,66658.5,66692.6,297.104,19813824.7245
1721547900000,2024-07-21T07:45:00+00:00,66692.6,66746.5,66650.3,66689.6,277.845,18534152.6234
1721548800000,2024-07-21T08:00:00+00:00,66689.6,66870,66679.5,66846.5,679.045,45355291.1898
1721549700000,2024-07-21T08:15:00+00:00,66846.5,66869.2,66784.8,66790.4,443.565,29637100.9412
1721550600000,2024-07-21T08:30:00+00:00,66790.4,66822.3,66712.6,66816.4,504.735,33699784.3724
1721551500000,2024-07-21T08:45:00+00:00,66816.4,66890.2,66785.8,66785.8,330.282,22071901.8845
1721552400000,2024-07-21T09:00:00+00:00,66785.8,66916.7,66745.2,66883,508.698,34002834.8282
1721553300000,2024-07-21T09:15:00+00:00,66883,66950,66845.4,66850.1,481.226,32187018.9514
1721554200000,2024-07-21T09:30:00+00:00,66850.1,66948.9,66818.1,66909.5,540.696,36170890.6313
1721555100000,2024-07-21T09:45:00+00:00,66909.5,66978.5,66886.6,66927.7,836.044,55965529.3346
1721556000000,2024-07-21T10:00:00+00:00,66927.7,67023.3,66900,66943.9,800.828,53625430.0139
1721556900000,2024-07-21T10:15:00+00:00,66943.9,66945.2,66853,66875.4,559.082,37393096.2978
1721557800000,2024-07-21T10:30:00+00:00,66875.4,66883.2,66837.3,66852.5,394.299,26360007.4907
1721558700000,2024-07-21T10:45:00+00:00,66852.5,66871,66754.6,66756.1,638.428,42646389.0576
1721559600000,2024-07-21T11:00:00+00:00,66756.1,66811.1,66753.1,66785.6,426.168,28462465.4615
1721560500000,2024-07-21T11:15:00+00:00,66785.6,66825.9,66704.8,66732.3,419.114,27988297.9157
1721561400000,2024-07-21T11:30:00+00:00,66732.3,66796.3,66709.9,66757.1,258.376,17249618.775
1721562300000,2024-07-21T11:45:00+00:00,66757.1,66833.9,66742.2,66833.9,389.511,26014249.3365
1721563200000,2024-07-21T12:00:00+00:00,66833.9,66929.2,66833,66920.1,574.816,38448328.3664
1721564100000,2024-07-21T12:15:00+00:00,66920.1,66944.2,66851,66894.3,489.335,32737281.7955
1721565000000,2024-07-21T12:30:00+00:00,66894.3,66931.3,66809.8,66815.1,358.325,23957111.0374
1721565900000,2024-07-21T12:45:00+00:00,66815.1,66903,66784,66882.8,443.795,29669739.6821
1721566800000,2024-07-21T13:00:00+00:00,66882.8,66922.8,66882.8,66899.9,505.937,33854025.4559
1721567700000,2024-07-21T13:15:00+00:00,66899.9,66906.4,66795.5,66825.9,388.98,26001528.8992
1721568600000,2024-07-21T13:30:00+00:00,66825.9,66826,66561.5,66688.9,2138.845,142546368.8951
1721569500000,2024-07-21T13:45:00+00:00,66688.9,66736.5,66613.9,66711,925.493,61708484.9551
1721570400000,2024-07-21T14:00:00+00:00,66711,66997,66634.8,66896.9,1884.237,125955860.5899
1721571300000,2024-07-21T14:15:00+00:00,66896.9,67132.6,66896.8,67054.1,2245.96,150599848.3594
1721572200000,2024-07-21T14:30:00+00:00,67054.1,67340.8,66985.3,67335.1,3207.005,215541168.3469
1721573100000,2024-07-21T14:45:00+00:00,67335.1,67360.1,67191.2,67241.8,2029.516,136523503.5052
1721574000000,2024-07-21T15:00:00+00:00,67241.8,67352.6,67065.6,67073.5,1659.204,111453016.4591
1721574900000,2024-07-21T15:15:00+00:00,67073.5,67187.5,66997.8,67181.3,1119.614,75130587.7592
1721575800000,2024-07-21T15:30:00+00:00,67181.3,67470.1,67155,67167.5,2054.387,138373952.5606
1721576700000,2024-07-21T15:45:00+00:00,67167.5,67177.1,66923,67120.1,1922.988,128924790.6082
1721577600000,2024-07-21T16:00:00+00:00,67120.1,67212.6,67047.7,67144.7,1341.262,90024008.0135
1721578500000,2024-07-21T16:15:00+00:00,67144.7,67173.4,66893.6,67006.7,1245.095,83378630.2401
1721579400000,2024-07-21T16:30:00+00:00,67006.7,67042,66932.2,67032,477.357,31976830.4691
1721580300000,2024-07-21T16:45:00+00:00,67032,67563,66977.3,67500.2,4316.618,290996841.4898
1721581200000,2024-07-21T17:00:00+00:00,67500.2,67683.8,67288,67453.4,3022.44,204033792.4538
1721582100000,2024-07-21T17:15:00+00:00,67453.4,67465.2,67254,67299.2,1097.495,73893366.5448
1721583000000,2024-07-21T17:30:00+00:00,67299.2,67403.2,67254.3,67337.4,549.499,36998138.4278
1721583900000,2024-07-21T17:45:00+00:00,67337.4,67337.5,66450,66598.7,4751.506,317156826.7991
1721584800000,2024-07-21T18:00:00+00:00,66598.7,66738.6,65735.3,66240.1,8159.638,539732125.7513
1721585700000,2024-07-21T18:15:00+00:00,66240.1,67047.6,66222,66928.4,5546.508,369020545.4069
1721586600000,2024-07-21T18:30:00+00:00,66928.4,67302,66863,66897.9,4251.024,284966061.922
1721587500000,2024-07-21T18:45:00+00:00,66897.9,66999.4,66745.6,66826.1,1561.302,104363739.4414
1721588400000,2024-07-21T19:00:00+00:00,66826.1,67013.3,66742.4,66934.5,810.317,54218227.1317
1721589300000,2024-07-21T19:15:00+00:00,66934.5,67372.9,66865.3,67267.7,1272.092,85371052.4172
1721590200000,2024-07-21T19:30:00+00:00,67267.7,67717.7,67158,67273.7,3752.77,253135304.5548
1721591100000,2024-07-21T19:45:00+00:00,67273.7,67389.3,67189,67378.5,879.156,59167185.1697
1721592000000,2024-07-21T20:00:00+00:00,67378.5,67531.2,67227.9,67407.2,1053.629,70954110.2713
1721592900000,2024-07-21T20:15:00+00:00,67407.2,68150,67407.2,68074.2,5950.918,403838038.9068
1721593800000,2024-07-21T20:30:00+00:00,68074.2,68173.7,67897,67972.5,3547.036,241226948.124
1721594700000,2024-07-21T20:45:00+00:00,67972.5,67984.9,67637.3,67685.1,2281.75,154758203.1069
1721595600000,2024-07-21T21:00:00+00:00,67685.1,67789.3,67508.4,67590.9,1314.796,88958254.6956
1721596500000,2024-07-21T21:15:00+00:00,67590.9,67838.3,67551.2,67758.9,1561.05,105733995.9412
1721597400000,2024-07-21T21:30:00+00:00,67758.9,68267.5,67758.9,68043.3,2648.886,180331648.5744
1721598300000,2024-07-21T21:45:00+00:00,68043.3,68221.1,67924,68139.5,1422.773,96841532.9509
1721599200000,2024-07-21T22:00:00+00:00,68139.5,68333.3,68015.1,68027.1,2447.443,166834139.538
1721600100000,2024-07-21T22:15:00+00:00,68027.1,68104.5,67978.7,67996.6,1576.719,107234206.3911
1721601000000,2024-07-21T22:30:00+00:00,67996.6,68063.7,67890.3,67940.7,722.85,49137053.2165
1721601900000,2024-07-21T22:45:00+00:00,67940.7,68032.7,67927.3,67971.4,432.755,29413712.834
1721602800000,2024-07-21T23:00:00+00:00,67971.4,68149.4,67965.6,68061.4,990.75,67440143.7315
1721603700000,2024-07-21T23:15:00+00:00,68061.4,68100.1,67970.5,67996.7,424.043,28851576.0566
1721604600000,2024-07-21T23:30:00+00:00,67996.7,68030,67904.1,67911.1,1178.209,80054499.7503
1721605500000,2024-07-21T23:45:00+00:00,67911.1,68120,67846.8,68119.9,982.473,66786509.848
1721606400000,2024-07-22T00:00:00+00:00,68119.9,68233.5,68066.8,68071.8,1363.292,92892894.4288
1721607300000,2024-07-22T00:15:00+00:00,68071.8,68206.7,67987.3,68182,365.835,24904611.8104
1721608200000,2024-07-22T00:30:00+00:00,68182,68321,68160.3,68290.2,1295.913,88466444.7591
1721609100000,2024-07-22T00:45:00+00:00,68290.2,68449.5,68086.8,68141.3,2343.654,160069202.5547
1721610000000,2024-07-22T01:00:00+00:00,68141.3,68186.9,67955,68008.2,1345.152,91531123.1492
1721610900000,2024-07-22T01:15:00+00:00,68008.2,68054.3,67763.8,67907.2,1839.618,124939136.8962
1721611800000,2024-07-22T01:30:00+00:00,67907.2,67941.6,67698.3,67856.9,1600.942,108556097.956
1721612700000,2024-07-22T01:45:00+00:00,67856.9,67931.8,67729.3,67810.1,620.426,42085820.9237
1721613600000,2024-07-22T02:00:00+00:00,67810.1,67850,67706.6,67773.1,762.502,51696202.1216
1721614500000,2024-07-22T02:15:00+00:00,67773.1,68125.9,67773,68053.5,1350.957,91885224.0937
1721615400000,2024-07-22T02:30:00+00:00,68053.5,68150,68037,68072.6,780.794,53174064.6013
1721616300000,2024-07-22T02:45:00+00:00,68072.6,68151.7,68012.8,68014.1,478.378,32577337.4797
1721617200000,2024-07-22T03:00:00+00:00,68014.1,68039.5,67875,67988.8,588.118,39962348.1918
1721618100000,2024-07-22T03:15:00+00:00,67988.8,68060.7,67838.7,67980.6,683.787,46453748.437
1721619000000,2024-07-22T03:30:00+00:00,67980.6,68000,67842.6,67856,272.094,18484473.3616
1721619900000,2024-07-22T03:45:00+00:00,67856,67884.1,67786.9,67831.8,459.479,31167326.7022
1721620800000,2024-07-22T04:00:00+00:00,67831.8,67931.8,67712,67902.4,947.389,64234923.2511
1721621700000,2024-07-22T04:15:00+00:00,67902.4,67937.5,67847.1,67859.8,426.301,28944511.6451
1721622600000,2024-07-22T04:30:00+00:00,67859.8,67884,67770,67812.9,389.348,26399664.0234
1721623500000,2024-07-22T04:45:00+00:00,67812.9,67903.2,67792.9,67874.6,250.498,17000279.6232
1721624400000,2024-07-22T05:00:00+00:00,67874.6,67900.1,67720,67762.7,375.266,25435879.465
1721625300000,2024-07-22T05:15:00+00:00,67762.7,67796.1,67643.7,67711.7,764.224,51743862.5296
1721626200000,2024-07-22T05:30:00+00:00,67711.7,67720.2,67550,67573,1024.097,69255884.294
1721627100000,2024-07-22T05:45:00+00:00,67573,67661,67500,67585.1,1490.024,100700890.1245
1721628000000,2024-07-22T06:00:00+00:00,67585.1,67699,67502.7,67688,1487.245,100534381.6311
1721628900000,2024-07-22T06:15:00+00:00,67688,67696.9,67437.1,67512.9,1784.592,120643857.9314
1721629800000,2024-07-22T06:30:00+00:00,67512.9,67512.9,67088,67215.6,2385.857,160563646.6937
1721630700000,2024-07-22T06:45:00+00:00,67215.6,67392.7,67159.6,67372.7,1904.983,128189541.7169
1721631600000,2024-07-22T07:00:00+00:00,67372.7,67372.7,67154.2,67256.7,1720.391,115729351.1065
1721632500000,2024-07-22T07:15:00+00:00,67256.7,67300,67135.2,67201.1,1742.522,117101580.3958
1721633400000,2024-07-22T07:30:00+00:00,67201.1,67332.7,67180,67218.3,1495.53,100589749.5081
1721634300000,2024-07-22T07:45:00+00:00,67218.3,67289,67180,67195.1,1946.127,130867126.5702
1721635200000,2024-07-22T08:00:00+00:00,67195.1,67355.8,67111.3,67342.4,2227.663,149780428.7099
1721636100000,2024-07-22T08:15:00+00:00,67342.4,67358.6,67125.1,67183.8,1740.005,117006547.6936
1721637000000,2024-07-22T08:30:00+00:00,67183.8,67255.8,67137.3,67174.9,1814.721,121934016.5671
1721637900000,2024-07-22T08:45:00+00:00,67174.9,67174.9,66989.2,67052.9,2514.837,168715041.5607
1721638800000,2024-07-22T09:00:00+00:00,67052.9,67250.9,66902.9,67200,2453.968,164629480.3907
1721639700000,2024-07-22T09:15:00+00:00,67200,67280.7,67190.2,67265.8,704.213,47346783.7519
1721640600000,2024-07-22T09:30:00+00:00,67265.8,67308.7,67213.7,67281,772.407,51950770.6309
1721641500000,2024-07-22T09:45:00+00:00,67281,67382.6,67200,67380.4,819.723,55183853.5166
1721642400000,2024-07-22T10:00:00+00:00,67380.4,67437,67311.6,67312.1,997.582,67213452.0014
1721643300000,2024-07-22T10:15:00+00:00,67312.1,67480,67303.1,67467,1128.64,76107316.2833
1721644200000,2024-07-22T10:30:00+00:00,67467,67470.4,67335.1,67342.7,875.313,58983304.3733
1721645100000,2024-07-22T10:45:00+00:00,67342.7,67407.2,67281,67367.2,703.246,47352754.1347
1721646000000,2024-07-22T11:00:00+00:00,67367.2,67433.7,67245.7,67317.1,1153.609,77649826.0775
1721646900000,2024-07-22T11:15:00+00:00,67317.1,67351,67267.2,67307.6,328.515,22111185.8434
1721647800000,2024-07-22T11:30:00+00:00,67307.6,67440,67305,67404.8,573.861,38677502.4589
1721648700000,2024-07-22T11:45:00+00:00,67404.8,67550,67403,67465.3,1028.923,69432562.0452
1721649600000,2024-07-22T12:00:00+00:00,67465.3,67497.5,67320.3,67367.5,946.319,63774659.6435
1721650500000,2024-07-22T12:15:00+00:00,67367.5,67610,67354.8,67527.2,1231.589,83194039.6433
1721651400000,2024-07-22T12:30:00+00:00,67527.2,67642.4,67524.2,67586.5,973.45,65804919.9416
1721652300000,2024-07-22T12:45:00+00:00,67586.5,67662.7,67557.5,67662.6,789.326,53368614.6999
1721653200000,2024-07-22T13:00:00+00:00,67662.6,67798.6,67609.6,67624.3,1909.615,129337960.664
1721654100000,2024-07-22T13:15:00+00:00,67624.3,67652.7,67532.5,67550.2,1498.778,101281750.5348
1721655000000,2024-07-22T13:30:00+00:00,67550.2,67918.4,67289.3,67394.6,4201.831,284347491.4617
1721655900000,2024-07-22T13:45:00+00:00,67394.6,67394.9,66939.2,67057.6,5715.874,383900132.241
1721656800000,2024-07-22T14:00:00+00:00,67057.6,67284.8,66962.3,67237.7,3787.708,254317673.853
1721657700000,2024-07-22T14:15:00+00:00,67237.7,67268.6,66817,66962.3,3523.472,236069770.2732
1721658600000,2024-07-22T14:30:00+00:00,66962.3,67077,66723,66874,3816.12,255227949.8615
1721659500000,2024-07-22T14:45:00+00:00,66874,66913.3,66588.6,66682.9,3497.264,233263042.2563
1721660400000,2024-07-22T15:00:00+00:00,66682.9,66827.8,66526,66778.9,2518.522,168001989.8174
1721661300000,2024-07-22T15:15:00+00:00,66778.9,66882.7,66677.3,66768.3,1354.037,90417917.7559
1721662200000,2024-07-22T15:30:00+00:00,66768.3,66995.1,66744.7,66939.4,1835.218,122802067.1243
1721663100000,2024-07-22T15:45:00+00:00,66939.4,67133.5,66930,67025.7,1477.983,99136010.0385
1721664000000,2024-07-22T16:00:00+00:00,67025.7,67105.8,66897.2,67076.8,1251.723,83887445.7087
1721664900000,2024-07-22T16:15:00+00:00,67076.8,67100,66827.6,66956.4,1244.917,83393100.921
1721665800000,2024-07-22T16:30:00+00:00,66956.4,67100,66767.4,67099.9,1548.63,103660592.2141
1721666700000,2024-07-22T16:45:00+00:00,67099.9,67278.7,66963.6,67002.8,2528.104,169725735.3469
1721667600000,2024-07-22T17:00:00+00:00,67002.8,67118.3,66956,67071,547.879,36738455.2276
1721668500000,2024-07-22T17:15:00+00:00,67071,67259.6,67071,67241.5,487.433,32747655.51
1721669400000,2024-07-22T17:30:00+00:00,67241.5,67381.1,67204.1,67289.9,1064.702,71661890.8296
1721670300000,2024-07-22T17:45:00+00:00,67289.9,67418.5,67256.2,67417.2,667.076,44926690.1637
1721671200000,2024-07-22T18:00:00+00:00,67417.2,67627.7,67373.1,67496.4,2273.629,153510652.2071
1721672100000,2024-07-22T18:15:00+00:00,67496.4,67502.4,67347.1,67366.7,725.94,48939531.8711
1721673000000,2024-07-22T18:30:00+00:00,67366.7,67438.6,67289.1,67367.6,620.166,41764172.7127
1721673900000,2024-07-22T18:45:00+00:00,67367.6,67523,67335.6,67405.3,712.046,48006489.0606
1721674800000,2024-07-22T19:00:00+00:00,67405.3,67652.9,67330,67646.1,922.101,62305255.7692
1721675700000,2024-07-22T19:15:00+00:00,67646.1,67733,67551.5,67610,863.251,58374655.3704
1721676600000,2024-07-22T19:30:00+00:00,67610,67891.4,67567.4,67870.6,1701.709,115369466.7453
1721677500000,2024-07-22T19:45:00+00:00,67870.6,68182.1,67870,68158.9,3345.558,227718913.499
1721678400000,2024-07-22T20:00:00+00:00,68158.9,68200,67893.4,68120.1,2168.532,147535522.0961
1721679300000,2024-07-22T20:15:00+00:00,68120.1,68120.1,67904.4,67904.5,1226.105,83348762.8174
1721680200000,2024-07-22T20:30:00+00:00,67904.5,68067.1,67893.2,67948.8,548.825,37311469.5359
1721681100000,2024-07-22T20:45:00+00:00,67948.8,68080.5,67765.7,68076.8,1439.183,97790635.7465
1721682000000,2024-07-22T21:00:00+00:00,68076.8,68120,67754.4,67828.8,1229.729,83518463.4566
1721682900000,2024-07-22T21:15:00+00:00,67828.8,67904.1,67596.8,67682.9,1307.44,88530592.8666
1721683800000,2024-07-22T21:30:00+00:00,67682.9,67852.8,67623.6,67809.2,551.213,37351476.481
1721684700000,2024-07-22T21:45:00+00:00,67809.2,67851.9,67734.1,67801.1,295.127,20011310.4932
1721685600000,2024-07-22T22:00:00+00:00,67801.1,67812.7,67469.5,67576.6,1424.636,96291001.8035
1721686500000,2024-07-22T22:15:00+00:00,67576.6,67661.2,67444.7,67563,778.747,52589382.0239
1721687400000,2024-07-22T22:30:00+00:00,67563,67651.7,67497.5,67580,485.957,32837730.2655
1721688300000,2024-07-22T22:45:00+00:00,67580,67673.1,67566.9,67591.9,242.53,16399226.8235
1721689200000,2024-07-22T23:00:00+00:00,67591.9,67591.9,67179.2,67288.1,1701.769,114599915.3761
1721690100000,2024-07-22T23:15:00+00:00,67288.1,67452.7,67259.5,67389.8,703.017,47359183.7194
1721691000000,2024-07-22T23:30:00+00:00,67389.8,67539.4,67295.3,67514.8,668.752,45091501.2856
1721691900000,2024-07-22T23:45:00+00:00,67514.8,67553,67439.1,67490.3,562.974,38008251.6248
1721692800000,2024-07-23T00:00:00+00:00,67490.3,67632.7,67391.7,67604.8,557.954,37683854.8886
1721693700000,2024-07-23T00:15:00+00:00,67604.8,67706.9,67511,67532,870.507,58848162.2995
1721694600000,2024-07-23T00:30:00+00:00,67532,67605.4,67531.2,67540,306.547,20710046.1601
1721695500000,2024-07-23T00:45:00+00:00,67540,67667.6,67440,67440.1,631.709,42669010.4984
1721696400000,2024-07-23T01:00:00+00:00,67440.1,67456.1,67232.7,67332.7,1161.947,78239048.6961
1721697300000,2024-07-23T01:15:00+00:00,67332.7,67431.6,67166.9,67188.7,857.294,57708106.7984
1721698200000,2024-07-23T01:30:00+00:00,67188.7,67349.1,67167.6,67238.2,633.616,42616417.0731
1721699100000,2024-07-23T01:45:00+00:00,67238.2,67409,67231.9,67375.4,467.941,31506672.2524
1721700000000,2024-07-23T02:00:00+00:00,67375.4,67475,67214.6,67248.2,786.02,52950322.4555
1721700900000,2024-07-23T02:15:00+00:00,67248.2,67380,67192.6,67360.6,513.143,34522222.5309
1721701800000,2024-07-23T02:30:00+00:00,67360.6,67623.9,67354,67595.2,1619.681,109423476.9624
1721702700000,2024-07-23T02:45:00+00:00,67595.2,67660.1,67486.9,67589,527.78,35665029.0592
1721703600000,2024-07-23T03:00:00+00:00,67589,67670.7,67532.2,67575.8,483.501,32680696.3418
1721704500000,2024-07-23T03:15:00+00:00,67575.8,67600,67489.4,67543.4,385.698,26048183.6672
1721705400000,2024-07-23T03:30:00+00:00,67543.4,67558.1,67449.2,67460,356.509,24058109.6005
1721706300000,2024-07-23T03:45:00+00:00,67460,67559.5,67378.1,67416.6,773.334,52174874.7949
1721707200000,2024-07-23T04:00:00+00:00,67416.6,67470.8,67383.9,67454.7,515.381,34753511.1739
1721708100000,2024-07-23T04:15:00+00:00,67454.7,67454.7,67242,67300,659.381,44391856.9558
1721709000000,2024-07-23T04:30:00+00:00,67300,67305.9,66961.8,66994.3,2989.928,200623742.7422
1721709900000,2024-07-23T04:45:00+00:00,66994.3,67164.9,66895.2,66899.8,1917.163,128519648.3449
1721710800000,2024-07-23T05:00:00+00:00,66899.8,66913.2,66730,66764.8,2930.353,195795750.8366
1721711700000,2024-07-23T05:15:00+00:00,66764.8,66821.8,66338.4,66516.9,5414.603,360005782.971
1721712600000,2024-07-23T05:30:00+00:00,66516.9,66516.9,66286.2,66376.5,2934.775,194809496.937
1721713500000,2024-07-23T05:45:00+00:00,66376.5,66447.6,66282.9,66391.3,1730.143,114833030.3974
1721714400000,2024-07-23T06:00:00+00:00,66391.3,66723.4,66348.4,66662.9,2844.903,189481055.167
1721715300000,2024-07-23T06:15:00+00:00,66662.9,66733,66534.7,66657.1,1162.899,77471172.6361
1721716200000,2024-07-23T06:30:00+00:00,66657.1,66664.4,66430.5,66531.1,982.748,65384818.1845
1721717100000,2024-07-23T06:45:00+00:00,66531.1,66600,66459.4,66483,922.72,61391078.1247
1721718000000,2024-07-23T07:00:00+00:00,66483,66587.8,66388.3,66483,908.48,60386367.4895
1721718900000,2024-07-23T07:15:00+00:00,66483,66609.3,66250.9,66300.2,1558.859,103490640.275
1721719800000,2024-07-23T07:30:00+00:00,66300.2,66559.7,66210,66513,1934.371,128497492.0428
1721720700000,2024-07-23T07:45:00+00:00,66513,66542.2,66427.2,66542.2,537.811,35758464.4134
1721721600000,2024-07-23T08:00:00+00:00,66542.2,66650,66490.7,66575.6,1041.793,69368644.6186
1721722500000,2024-07-23T08:15:00+00:00,66575.6,66712,66484.6,66707.7,1433.048,95470099.9595
1721723400000,2024-07-23T08:30:00+00:00,66707.7,66953.7,66677.4,66742.5,3429.83,229262210.3093
1721724300000,2024-07-23T08:45:00+00:00,66742.5,66937,66691.5,66827.2,1475.063,98608181.6936
1721725200000,2024-07-23T09:00:00+00:00,66827.2,66900,66730,66782.1,1326.954,88676750.9813
1721726100000,2024-07-23T09:15:00+00:00,66782.1,66946.2,66721.2,66941.2,492.847,32946540.2226
1721727000000,2024-07-23T09:30:00+00:00,66941.2,67116.6,66926.2,67028,1933.761,129624647.0254
1721727900000,2024-07-23T09:45:00+00:00,67028,67033.5,66879.7,66882,782.925,52423956.2868
1721728800000,2024-07-23T10:00:00+00:00,66882,66936.1,66750.4,66859.3,1302.857,87111846.8582
1721729700000,2024-07-23T10:15:00+00:00,66859.3,66959.9,66785.8,66946.1,682.65,45637837.0141
1721730600000,2024-07-23T10:30:00+00:00,66946.1,66967,66880,66947.1,598.529,40056752.4221
1721731500000,2024-07-23T10:45:00+00:00,66947.1,66966,66800.2,66819.1,3211.981,214797490.3158
1721732400000,2024-07-23T11:00:00+00:00,66819.1,66819.1,66545.3,66573.7,2118.448,141191191.4135
1721733300000,2024-07-23T11:15:00+00:00,66573.7,66632.5,66401.9,66524.1,1795.248,119404583.7431
1721734200000,2024-07-23T11:30:00+00:00,66524.1,66710,66447.5,66613.5,1314.869,87605314.9075
1721735100000,2024-07-23T11:45:00+00:00,66613.5,66712.9,66607.8,66623.9,603.388,40224802.8078
1721736000000,2024-07-23T12:00:00+00:00,66623.9,66708,66494,66497.2,748.821,49886690.699
1721736900000,2024-07-23T12:15:00+00:00,66497.2,66629.5,66441.1,66487.2,760.424,50603654.5462
1721737800000,2024-07-23T12:30:00+00:00,66487.2,66491.5,66331.4,66364.1,1932.243,128290695.352
1721738700000,2024-07-23T12:45:00+00:00,66364.1,66476.8,66350,66457.6,784.26,52087411.1074
1721739600000,2024-07-23T13:00:00+00:00,66457.6,66556.1,66270,66377.6,1841.124,122242327.1491
1721740500000,2024-07-23T13:15:00+00:00,66377.6,66581.8,66345.3,66468.3,1532.693,101896810.1526
1721741400000,2024-07-23T13:30:00+00:00,66468.3,66692.2,66085.5,66331.9,6764.784,449010978.6942
1721742300000,2024-07-23T13:45:00+00:00,66331.9,66333.3,65902.5,66057.3,4979.156,328961600.3537
1721743200000,2024-07-23T14:00:00+00:00,66057.3,66428.2,65950,66392.4,2995.448,198451822.0482
1721744100000,2024-07-23T14:15:00+00:00,66392.4,66903.7,66379.4,66777.3,4346.298,289814050.5042
1721745000000,2024-07-23T14:30:00+00:00,66777.3,67297.4,66718.3,67273,6120.36,410736351.8461
1721745900000,2024-07-23T14:45:00+00:00,67273,67296.6,67067.2,67169,1931.552,129729149.5006
1721746800000,2024-07-23T15:00:00+00:00,67169,67200,66705.6,66910.3,4982.092,333419179.8052
1721747700000,2024-07-23T15:15:00+00:00,66910.3,67008.7,66357.2,66397.7,2656.178,177159304.2654
1721748600000,2024-07-23T15:30:00+00:00,66397.7,66659.1,66278.1,66533.2,4246.359,282109326.3624
1721749500000,2024-07-23T15:45:00+00:00,66533.2,66617.7,66334.8,66550,1155.948,76841290.7781
1721750400000,2024-07-23T16:00:00+00:00,66550,66727.8,66426.6,66573.4,1650.156,109844957.3043
1721751300000,2024-07-23T16:15:00+00:00,66573.4,66664.3,66312,66336.7,917.458,61012456.9796
1721752200000,2024-07-23T16:30:00+00:00,66336.7,66343.7,66066,66066.2,2895.862,191689477.386
1721753100000,2024-07-23T16:45:00+00:00,66066.2,66200,65793.2,65818.1,3828.202,252625889.3204
1721754000000,2024-07-23T17:00:00+00:00,65818.1,65999,65691.9,65909.2,4253.94,280042174.8339
1721754900000,2024-07-23T17:15:00+00:00,65909.2,66080.7,65861.1,65959.4,1849.78,122086698.597
1721755800000,2024-07-23T17:30:00+00:00,65959.4,65960.3,65800,65912.9,974.755,64183817.774
1721756700000,2024-07-23T17:45:00+00:00,65912.9,65995.5,65740.9,65899.5,1295.638,85305410.4493
1721757600000,2024-07-23T18:00:00+00:00,65899.5,65968.4,65795.3,65839.5,801.882,52828669.0201
1721758500000,2024-07-23T18:15:00+00:00,65839.5,66033.2,65746.2,65749.7,971.984,64057830.2161
1721759400000,2024-07-23T18:30:00+00:00,65749.7,65975.5,65737.7,65959.5,773.04,50916221.5585
1721760300000,2024-07-23T18:45:00+00:00,65959.5,66080,65801,65823.3,740.497,48795688.2256
1721761200000,2024-07-23T19:00:00+00:00,65823.3,66016,65800,65985.2,672.2,44312468.6457
1721762100000,2024-07-23T19:15:00+00:00,65985.2,66034.8,65859,65930,642.895,42393544.3842
1721763000000,2024-07-23T19:30:00+00:00,65930,65939,65555,65639.2,3835.498,251831961.3419
1721763900000,2024-07-23T19:45:00+00:00,65639.2,65741.4,65400.3,65511.3,3879.445,254199398.6661
1721764800000,2024-07-23T20:00:00+00:00,65511.3,65822.3,65452.6,65686.9,2608.485,171376210.9026
1721765700000,2024-07-23T20:15:00+00:00,65686.9,65721.1,65526.3,65588.8,648.599,42540568.5291
1721766600000,2024-07-23T20:30:00+00:00,65588.8,65797.2,65530.4,65698.3,1398.745,91877092.0337
1721767500000,2024-07-23T20:45:00+00:00,65698.3,65949.9,65672.2,65789.9,2145.755,141367206.206
1721768400000,2024-07-23T21:00:00+00:00,65789.9,65950,65742.4,65876.6,574.989,37857898.4587
1721769300000,2024-07-23T21:15:00+00:00,65876.6,65994,65835,65879.1,798.639,52630619.4688
1721770200000,2024-07-23T21:30:00+00:00,65879.1,66021.5,65805.6,65933.2,388.474,25608592.5166
1721771100000,2024-07-23T21:45:00+00:00,65933.2,65983.1,65840.8,65850.1,728.537,48016408.62
1721772000000,2024-07-23T22:00:00+00:00,65850.1,65981,65777.1,65917.7,427.567,28172184.4411
1721772900000,2024-07-23T22:15:00+00:00,65917.7,65923.4,65757.5,65785.5,471.013,30999553.7655
1721773800000,2024-07-23T22:30:00+00:00,65785.5,65953.1,65784.9,65890,348.541,22964775.6009
1721774700000,2024-07-23T22:45:00+00:00,65890,66005.2,65842,65883,723.577,47671739.9739
1721775600000,2024-07-23T23:00:00+00:00,65883,66012.4,65882.9,65942.7,503.443,33200669.2003
1721776500000,2024-07-23T23:15:00+00:00,65942.7,65953.5,65773.5,65779.5,329.217,21674520.482
1721777400000,2024-07-23T23:30:00+00:00,65779.5,65904.3,65767.3,65903.1,238.831,15729530.9715
1721778300000,2024-07-23T23:45:00+00:00,65903.1,65937.1,65867.4,65899.7,437.783,28849973.1983
1721779200000,2024-07-24T00:00:00+00:00,65899.7,66118.2,65856,66003.9,968.928,63959523.1163
1721780100000,2024-07-24T00:15:00+00:00,66003.9,66020.2,65876.8,65960.9,412.012,27174015.8085
1721781000000,2024-07-24T00:30:00+00:00,65960.9,65960.9,65762.7,65763.3,724.353,47674234.1176
1721781900000,2024-07-24T00:45:00+00:00,65763.3,65817.8,65744.6,65753.5,463.343,30476955.3698
1721782800000,2024-07-24T01:00:00+00:00,65753.5,65961.1,65753.5,65842.4,484.168,31889939.8926
1721783700000,2024-07-24T01:15:00+00:00,65842.4,66020,65795.4,65967.9,555.402,36636474.6196
1721784600000,2024-07-24T01:30:00+00:00,65967.9,66081,65773.5,65800.2,728.002,47987880.2785
1721785500000,2024-07-24T01:45:00+00:00,65800.2,65815.4,65601,65633,2813.306,184671619.5919
1721786400000,2024-07-24T02:00:00+00:00,65633,65663.4,65499.6,65542.5,1076.317,70563954.6634
1721787300000,2024-07-24T02:15:00+00:00,65542.5,65542.5,65442,65514.5,1070.262,70076827.9924
1721788200000,2024-07-24T02:30:00+00:00,65514.5,65705.8,65514.5,65694,825.916,54212999.0736
1721789100000,2024-07-24T02:45:00+00:00,65694,65908.2,65624.5,65844.2,904.955,59521672.8812
1721790000000,2024-07-24T03:00:00+00:00,65844.2,65919.6,65751,65893,888.071,58477890.3838
1721790900000,2024-07-24T03:15:00+00:00,65893,65977.9,65848.3,65963,643.172,42408152.5308
1721791800000,2024-07-24T03:30:00+00:00,65963,66050,65904.4,66050,750.179,49492750.7289
1721792700000,2024-07-24T03:45:00+00:00,66050,66061.4,65979.2,66006.5,853.731,56364560.8351
1721793600000,2024-07-24T04:00:00+00:00,66006.5,66032,65854.5,65912.5,2135.361,140753754.4245
1721794500000,2024-07-24T04:15:00+00:00,65912.5,65930.2,65849.1,65905,768.058,50601772.4719
1721795400000,2024-07-24T04:30:00+00:00,65905,65981.5,65753.5,65797.7,1765.511,116328339.3
1721796300000,2024-07-24T04:45:00+00:00,65797.7,65860,65755.1,65815.5,724.618,47680581.0762
1721797200000,2024-07-24T05:00:00+00:00,65815.5,65885.8,65717.2,65758.5,768.016,50523322.9637
1721798100000,2024-07-24T05:15:00+00:00,65758.5,65758.6,65589,65624.9,1069.694,70241520.942
1721799000000,2024-07-24T05:30:00+00:00,65624.9,65766.7,65620.6,65704,852.626,56022144.0004
1721799900000,2024-07-24T05:45:00+00:00,65704,65790,65703.9,65770,437.154,28743669.7957
1721800800000,2024-07-24T06:00:00+00:00,65770,65854.7,65727.6,65834.9,805.738,53003114.7121
1721801700000,2024-07-24T06:15:00+00:00,65834.9,65962.5,65812.8,65849.6,958.622,63167577.3234
1721802600000,2024-07-24T06:30:00+00:00,65849.6,65935.4,65784,65795.6,508.31,33465728.3757
1721803500000,2024-07-24T06:45:00+00:00,65795.6,65883.1,65789,65860,332.301,21878640.9578
1721804400000,2024-07-24T07:00:00+00:00,65860,65946.7,65835.4,65940.8,258.963,17056563.5559
1721805300000,2024-07-24T07:15:00+00:00,65940.8,66000,65900.7,65988.2,830.57,54784072.4664
1721806200000,2024-07-24T07:30:00+00:00,65988.2,65993,65889.5,65980.1,535.126,35293661.9653
1721807100000,2024-07-24T07:45:00+00:00,65980.1,66046.5,65935.6,66040.9,343.531,22666792.7177
1721808000000,2024-07-24T08:00:00+00:00,66040.9,66292.2,65962.7,66196.8,3927.135,259927824.7596
1721808900000,2024-07-24T08:15:00+00:00,66196.8,66268,66130,66161.5,1780.631,117884795.3379
1721809800000,2024-07-24T08:30:00+00:00,66161.5,66374.3,66135,66320,2057.586,136409353.4714
1721810700000,2024-07-24T08:45:00+00:00,66320,66419.4,66279.1,66400,1897.063,125891674.0367
1721811600000,2024-07-24T09:00:00+00:00,66400,66407,66260.3,66273.5,1339.322,88833156.5022
1721812500000,2024-07-24T09:15:00+00:00,66273.5,66440,66268.6,66350.7,1046.295,69434769.066
1721813400000,2024-07-24T09:30:00+00:00,66350.7,66414.4,66311,66332.7,492.284,32667655.9223
1721814300000,2024-07-24T09:45:00+00:00,66332.7,66417.4,66320.4,66373,547.251,36332434.8747
1721815200000,2024-07-24T10:00:00+00:00,66373,66476.9,66337.1,66433.2,1123.723,74655135.7923
1721816100000,2024-07-24T10:15:00+00:00,66433.2,66580,66375,66378,2020.173,134257286.8481
1721817000000,2024-07-24T10:30:00+00:00,66378,66483,66321.6,66452.9,1667.534,110717356.5353
1721817900000,2024-07-24T10:45:00+00:00,66452.9,66510.5,66418.6,66461.6,507.888,33759470.6805
1721818800000,2024-07-24T11:00:00+00:00,66461.6,66531.8,66379.7,66471.1,703.294,46741649.4302
1721819700000,2024-07-24T11:15:00+00:00,66471.1,66526.5,66428,66439.2,429.002,28519614.6275
1721820600000,2024-07-24T11:30:00+00:00,66439.2,66465.5,66310,66346.1,1184.166,78606065.8648
1721821500000,2024-07-24T11:45:00+00:00,66346.1,66435,66303.8,66337.7,810.727,53795905.1149
1721822400000,2024-07-24T12:00:00+00:00,66337.7,66438.4,66335.7,66396.5,568,37712493.9183
1721823300000,2024-07-24T12:15:00+00:00,66396.5,66423.7,66310.4,66416.8,1034.17,68652294.8785
1721824200000,2024-07-24T12:30:00+00:00,66416.8,66548.3,66312.7,66319.3,1050.445,69772021.9333
1721825100000,2024-07-24T12:45:00+00:00,66319.3,66325.2,66154.1,66188.1,2938.969,194651974.4985
1721826000000,2024-07-24T13:00:00+00:00,66188.1,66427,66168.1,66405.6,1825.823,121104236.9385
1721826900000,2024-07-24T13:15:00+00:00,66405.6,66750,66405.6,66626.2,3981.483,265241483.5561
1721827800000,2024-07-24T13:30:00+00:00,66626.2,66880.6,66520.7,66729.2,4396.697,293332311.405
1721828700000,2024-07-24T13:45:00+00:00,66729.2,66807.7,66284,66313,3769.714,250720869.9662
1721829600000,2024-07-24T14:00:00+00:00,66313,66688,66250,66588.3,2930.691,194791044.8753
1721830500000,2024-07-24T14:15:00+00:00,66588.3,66842.3,66534.4,66780.8,2038.24,135971164.9784
1721831400000,2024-07-24T14:30:00+00:00,66780.8,67067.6,66735.9,66857.7,4693.767,314238721.7183
1721832300000,2024-07-24T14:45:00+00:00,66857.7,66924.6,66700,66732.8,1831.074,122349815.2356
1721833200000,2024-07-24T15:00:00+00:00,66732.8,66782.9,66509.8,66587.5,2124.865,141570683.1514
1721834100000,2024-07-24T15:15:00+00:00,66587.5,66617.2,66116.1,66317.6,4120.145,273205561.8391
1721835000000,2024-07-24T15:30:00+00:00,66317.6,66449.7,66200,66225.4,2053.962,136201237.2417
1721835900000,2024-07-24T15:45:00+00:00,66225.4,66325.6,66050.2,66150.2,2285.295,151218399.0125
1721836800000,2024-07-24T16:00:00+00:00,66150.2,66238.4,65932.2,66208.3,2341.288,154657008.7082
1721837700000,2024-07-24T16:15:00+00:00,66208.3,66318.5,66166.7,66209.5,1434.115,95027520.7353
1721838600000,2024-07-24T16:30:00+00:00,66209.5,66319.9,66171.5,66280,907.567,60144940.2754
1721839500000,2024-07-24T16:45:00+00:00,66280,66443.8,66219.1,66364.8,2728.28,181009390.133
1721840400000,2024-07-24T17:00:00+00:00,66364.8,66498.2,66295.6,66360,1012.347,67250880.4034
1721841300000,2024-07-24T17:15:00+00:00,66360,66551.8,66280,66519.3,827.241,54957675.4204
1721842200000,2024-07-24T17:30:00+00:00,66519.3,66673.2,66476.4,66633.2,1092.399,72763189.4344
1721843100000,2024-07-24T17:45:00+00:00,66633.2,66665,66533.9,66548.9,564.809,37613612.9873
1721844000000,2024-07-24T18:00:00+00:00,66548.9,66603,66481.2,66562.8,541.954,36067081.9179
1721844900000,2024-07-24T18:15:00+00:00,66562.8,66618.1,66222.4,66253.2,1230.541,81631049.9007
1721845800000,2024-07-24T18:30:00+00:00,66253.2,66291.9,65816.5,65861.3,2545.253,167930482.5273
1721846700000,2024-07-24T18:45:00+00:00,65861.3,65933,65664.1,65728.8,3572.736,234954118.867
1721847600000,2024-07-24T19:00:00+00:00,65728.8,65914.2,65650,65911.8,1318.264,86701797.1239
1721848500000,2024-07-24T19:15:00+00:00,65911.8,66003.1,65749,66003.1,1309.958,86262462.7717
1721849400000,2024-07-24T19:30:00+00:00,66003.1,66073.2,65900,65944.2,646.491,42668867.2699
1721850300000,2024-07-24T19:45:00+00:00,65944.2,65944.2,65547.5,65618.1,1971.643,129488012.2752
1721851200000,2024-07-24T20:00:00+00:00,65618.1,65866.7,65618.1,65780.4,694.492,45675179.6033
1721852100000,2024-07-24T20:15:00+00:00,65780.4,65930.2,65780,65820,463.246,30507433.8374
1721853000000,2024-07-24T20:30:00+00:00,65820,65956.1,65820,65935,443.493,29228037.606
1721853900000,2024-07-24T20:45:00+00:00,65935,66040,65935,66015,475.586,31388001.1725
1721854800000,2024-07-24T21:00:00+00:00,66015,66038.2,65527,65622.4,3712.323,243949416.8696
1721855700000,2024-07-24T21:15:00+00:00,65622.4,65796.7,65606.1,65671.7,1492.09,98008063.2082
1721856600000,2024-07-24T21:30:00+00:00,65671.7,65671.7,65092.7,65390.1,4671.04,305390070.1466
1721857500000,2024-07-24T21:45:00+00:00,65390.1,65723.4,65300,65613.3,3132.675,205483748.5692
1721858400000,2024-07-24T22:00:00+00:00,65613.3,65645.3,65326.7,65445.9,2137.118,139954713.6821
1721859300000,2024-07-24T22:15:00+00:00,65445.9,65584.1,65435.7,65511.6,689.682,45189066.6873
1721860200000,2024-07-24T22:30:00+00:00,65511.6,65517.7,65270,65318,1364.241,89157630.22
1721861100000,2024-07-24T22:45:00+00:00,65318,65439.9,65215.8,65274.6,1165.057,76072183.6401
1721862000000,2024-07-24T23:00:00+00:00,65274.6,65391.4,65061,65365.3,2725.329,177783118.6216
1721862900000,2024-07-24T23:15:00+00:00,65365.3,65443.8,65207.8,65308,862.108,56333830.7285
1721863800000,2024-07-24T23:30:00+00:00,65308,65361.7,65275,65350,561.814,36696426.1286
1721864700000,2024-07-24T23:45:00+00:00,65350,65404.9,65327.7,65360.1,511.098,33413219.456
1721865600000,2024-07-25T00:00:00+00:00,65360.1,65438,65237.7,65409.5,712.879,46610408.728
1721866500000,2024-07-25T00:15:00+00:00,65409.5,65593.5,65330,65509.8,1236.745,81015562.9967
1721867400000,2024-07-25T00:30:00+00:00,65509.8,65556,65412.3,65556,497.859,32603956.9423
1721868300000,2024-07-25T00:45:00+00:00,65556,65599.5,65440,65489.5,300.84,19709059.5322
1721869200000,2024-07-25T01:00:00+00:00,65489.5,65489.6,64230.9,64534,8376.573,541737609.5746
1721870100000,2024-07-25T01:15:00+00:00,64534,64693.2,64256.3,64386.4,6542.404,421743749.4999
1721871000000,2024-07-25T01:30:00+00:00,64386.4,64520.6,64227,64315.4,2453.459,157897756.6946
1721871900000,2024-07-25T01:45:00+00:00,64315.4,64466.2,64183.1,64451.5,3823.108,245931200.148
1721872800000,2024-07-25T02:00:00+00:00,64451.5,64451.5,64200,64291.9,1118.755,71925615.6144
1721873700000,2024-07-25T02:15:00+00:00,64291.9,64340.6,64058.4,64189.3,2891.936,185538116.6237
1721874600000,2024-07-25T02:30:00+00:00,64189.3,64349.3,64097.1,64097.1,1743.447,111998747.9817
1721875500000,2024-07-25T02:45:00+00:00,64097.1,64206.3,63911.2,64195,3783.33,242380781.5207
1721876400000,2024-07-25T03:00:00+00:00,64195,64197.9,64020,64042.6,905.123,58039563.8284
1721877300000,2024-07-25T03:15:00+00:00,64042.6,64231.5,63939.1,64224.1,1733.701,111044445.0095
1721878200000,2024-07-25T03:30:00+00:00,64224.1,64244.2,63882.8,63955.4,1611.344,103262265.7821
1721879100000,2024-07-25T03:45:00+00:00,63955.4,64100,63815,64057.6,1989.475,127244789.8927
1721880000000,2024-07-25T04:00:00+00:00,64057.6,64100,63760,64068.3,2859.384,182896345.5723
1721880900000,2024-07-25T04:15:00+00:00,64068.3,64166.2,64011.3,64067.5,1169.105,74932678.2653
1721881800000,2024-07-25T04:30:00+00:00,64067.5,64209.5,64002.9,64132.1,746.851,47892584.5857
1721882700000,2024-07-25T04:45:00+00:00,64132.1,64240,64130,64187.4,1041.138,66838980.6744
1721883600000,2024-07-25T05:00:00+00:00,64187.4,64253.8,64084.2,64219,1053.251,67598396.5299
1721884500000,2024-07-25T05:15:00+00:00,64219,64298.1,64098.1,64154.3,787.86,50548763.4607
1721885400000,2024-07-25T05:30:00+00:00,64154.3,64252.6,64118.4,64249.1,601.019,38590427.6331
1721886300000,2024-07-25T05:45:00+00:00,64249.1,64273.4,64161.7,64228.9,874.896,56186945.7838
1721887200000,2024-07-25T06:00:00+00:00,64228.9,64239.1,64072.2,64128.7,918.213,58919960.5303
1721888100000,2024-07-25T06:15:00+00:00,64128.7,64227.2,64054,64103.7,724.846,46481235.3736
1721889000000,2024-07-25T06:30:00+00:00,64103.7,64270,64047.6,64269.5,819.907,52603101.4271
1721889900000,2024-07-25T06:45:00+00:00,64269.5,64330,64220.5,64281.6,896.774,57641102.6181
1721890800000,2024-07-25T07:00:00+00:00,64281.6,64313.5,64150,64153.9,662.975,42579205.2139
1721891700000,2024-07-25T07:15:00+00:00,64153.9,64275.7,64153.8,64256.9,720.261,46265302.9047
1721892600000,2024-07-25T07:30:00+00:00,64256.9,64361.7,64171,64191.5,1062.349,68280707.7445
1721893500000,2024-07-25T07:45:00+00:00,64191.5,64197.9,64029.4,64096,975.807,62579921.3323
1721894400000,2024-07-25T08:00:00+00:00,64096,64144.2,63885.1,64071.1,2191.352,140239742.2366
1721895300000,2024-07-25T08:15:00+00:00,64071.1,64085.1,63850,63992,2521.32,161349969.3889
1721896200000,2024-07-25T08:30:00+00:00,63992,64262.1,63957.9,64238,2456.904,157462849.0988
1721897100000,2024-07-25T08:45:00+00:00,64238,64383.5,64199.8,64306.7,1477.433,94988505.1945
1721898000000,2024-07-25T09:00:00+00:00,64306.7,64376,64260.7,64327.8,858.865,55257136.8534
1721898900000,2024-07-25T09:15:00+00:00,64327.8,64449.4,64254.5,64423.1,814.581,52408881.7001
1721899800000,2024-07-25T09:30:00+00:00,64423.1,64431.5,64255,64257.5,1407.869,90627117.3939
1721900700000,2024-07-25T09:45:00+00:00,64257.5,64274.9,64200,64273.5,685.909,44057480.0951
1721901600000,2024-07-25T10:00:00+00:00,64273.5,64282.7,64101.6,64102.1,859.377,55144737.9989
1721902500000,2024-07-25T10:15:00+00:00,64102.1,64106.2,63951.1,64000.1,1442.303,92351951.0205
1721903400000,2024-07-25T10:30:00+00:00,64000.1,64094.5,63957.2,63970.9,844.708,54080233.1353
1721904300000,2024-07-25T10:45:00+00:00,63970.9,64155.3,63929.2,64125.7,1214.402,77819081.1656
1721905200000,2024-07-25T11:00:00+00:00,64125.7,64234.6,64085.1,64210,898.04,57631712.7644
1721906100000,2024-07-25T11:15:00+00:00,64210,64228,64166.5,64228,475.137,30505784.8229
1721907000000,2024-07-25T11:30:00+00:00,64228,64258.4,64064.2,64079.7,846.844,54343712.063
1721907900000,2024-07-25T11:45:00+00:00,64079.7,64169.3,64056.4,64066.3,447.958,28716297.8913
1721908800000,2024-07-25T12:00:00+00:00,64066.3,64283.5,64039,64274.3,1019.626,65408871.2148
1721909700000,2024-07-25T12:15:00+00:00,64274.3,64274.3,64139.3,64170.1,524.635,33691339.3462
1721910600000,2024-07-25T12:30:00+00:00,64170.1,64374.3,63885.6,63928.3,2616.124,167682632.0871
1721911500000,2024-07-25T12:45:00+00:00,63928.3,64100.7,63928,64093.8,3023.369,193500148.2666
1721912400000,2024-07-25T13:00:00+00:00,64093.8,64120.2,63888.9,64007.4,918.074,58779271.6801
1721913300000,2024-07-25T13:15:00+00:00,64007.4,64251.9,63999,64249.4,924.032,59302874.6252
1721914200000,2024-07-25T13:30:00+00:00,64249.4,64325.5,63975.2,64187.7,2054.283,131751031.5432
1721915100000,2024-07-25T13:45:00+00:00,64187.7,64191.5,63705.8,64017.7,3484.941,222628823.7621
1721916000000,2024-07-25T14:00:00+00:00,64017.7,64028.3,63437.4,63600,6466.259,411385221.9569
1721916900000,2024-07-25T14:15:00+00:00,63600,64238.5,63585,64215.7,4740.146,303065111.2559
1721917800000,2024-07-25T14:30:00+00:00,64215.7,64708.8,64138.9,64703.2,7840.985,505293985.7281
1721918700000,2024-07-25T14:45:00+00:00,64703.2,64810.9,64557.9,64789.3,4968.612,321421314.4962
1721919600000,2024-07-25T15:00:00+00:00,64789.3,64919.5,64548.8,64851.4,5183.804,335617912.6992
1721920500000,2024-07-25T15:15:00+00:00,64851.4,64950,64600,64630.3,3105.792,201251707.6522
1721921400000,2024-07-25T15:30:00+00:00,64630.3,64839.5,64491.8,64546.3,3038.629,196417680.8228
1721922300000,2024-07-25T15:45:00+00:00,64546.3,64757.4,64515,64751.2,1319.893,85314258.2954
1721923200000,2024-07-25T16:00:00+00:00,64751.2,64888,64600,64827.8,1706.723,110548358.1877
1721924100000,2024-07-25T16:15:00+00:00,64827.8,64962.3,64750,64876.4,2046.136,132737057.4533
1721925000000,2024-07-25T16:30:00+00:00,64876.4,65131.4,64849,64886.9,3039.157,197539685.0996
1721925900000,2024-07-25T16:45:00+00:00,64886.9,64926.8,64758.2,64820.1,870.606,56434446.1438
1721926800000,2024-07-25T17:00:00+00:00,64820.1,65008.1,64785.2,64861.2,1100.062,71433626.0242
1721927700000,2024-07-25T17:15:00+00:00,64861.2,64917,64730,64763.7,771.612,50020645.7528
1721928600000,2024-07-25T17:30:00+00:00,64763.7,64926.7,64725,64921.2,911.686,59105563.8204
1721929500000,2024-07-25T17:45:00+00:00,64921.2,65040.9,64776.3,65008.2,2409.396,156407791.1462
1721930400000,2024-07-25T18:00:00+00:00,65008.2,65088,64948,65018.1,1304.898,84870761.2736
1721931300000,2024-07-25T18:15:00+00:00,65018.1,65134.4,64805.1,64851.3,1078.298,70023118.1065
1721932200000,2024-07-25T18:30:00+00:00,64851.3,64925.9,64681.6,64681.6,1064.763,69015830.2363
1721933100000,2024-07-25T18:45:00+00:00,64681.6,64736.7,64340.6,64532.7,3142.422,202763604.3558
1721934000000,2024-07-25T19:00:00+00:00,64532.7,64670,64369.9,64647.8,1134.013,73200082.2992
1721934900000,2024-07-25T19:15:00+00:00,64647.8,64968,64612.9,64920.3,1264.823,81974535.2936
1721935800000,2024-07-25T19:30:00+00:00,64920.3,64962,64589.3,64787.6,676.568,43841660.3352
1721936700000,2024-07-25T19:45:00+00:00,64787.6,64793.4,64564.5,64661.6,463.174,29952068.1412
1721937600000,2024-07-25T20:00:00+00:00,64661.6,64721.4,64400,64533.6,1648.052,106319532.5871
1721938500000,2024-07-25T20:15:00+00:00,64533.6,64759.9,64483.5,64734,754.267,48755951.9744
1721939400000,2024-07-25T20:30:00+00:00,64734,64916,64694,64872.8,779.957,50571005.4733
1721940300000,2024-07-25T20:45:00+00:00,64872.8,65268.5,64842.3,65258.8,2292.753,149055758.7774
1721941200000,2024-07-25T21:00:00+00:00,65258.8,65400,65169.2,65377.3,3324.956,217056397.109
1721942100000,2024-07-25T21:15:00+00:00,65377.3,65720,65345.7,65523.7,3206.236,210207629.399
1721943000000,2024-07-25T21:30:00+00:00,65523.7,65666.7,65377.7,65646.2,3777.715,247696035.333
1721943900000,2024-07-25T21:45:00+00:00,65646.2,65980,65640.5,65792.6,4440.316,292210771.4838
1721944800000,2024-07-25T22:00:00+00:00,65792.6,66125.8,65787.6,65833.8,3061.059,201927727.2389
1721945700000,2024-07-25T22:15:00+00:00,65833.8,65840,65705.4,65789.5,1509.114,99276565.6544
1721946600000,2024-07-25T22:30:00+00:00,65789.5,65824.9,65673.1,65673.1,784.649,51572015.2919
1721947500000,2024-07-25T22:45:00+00:00,65673.1,65713.3,65589.1,65592.1,954.117,62634491.1663
1721948400000,2024-07-25T23:00:00+00:00,65592.1,65734.7,65585.4,65706.2,727.139,47744665.2731
1721949300000,2024-07-25T23:15:00+00:00,65706.2,65782.7,65631.4,65671.5,465.28,30573498.7643
1721950200000,2024-07-25T23:30:00+00:00,65671.5,65700,65606.3,65645,325.35,21359760.7302
1721951100000,2024-07-25T23:45:00+00:00,65645,65762.1,65645,65750.5,611.213,40166351.7242
1721952000000,2024-07-26T00:00:00+00:00,65750.5,66022.7,65699.9,66013.5,1340.227,88311749.4319
1721952900000,2024-07-26T00:15:00+00:00,66013.5,66260.2,65894.1,65919.2,3040.014,200913214.6317
1721953800000,2024-07-26T00:30:00+00:00,65919.2,66138,65845.3,66129,1419.889,93665355.3644
1721954700000,2024-07-26T00:45:00+00:00,66129,66400,66115.1,66337.1,2350.157,155743048.4804
1721955600000,2024-07-26T01:00:00+00:00,66337.1,66494.1,66252.9,66374.6,3414.085,226653908.4104
1721956500000,2024-07-26T01:15:00+00:00,66374.6,66410.4,66213,66262.4,1673.73,110913844.2859
1721957400000,2024-07-26T01:30:00+00:00,66262.4,66425,66188,66415.4,1129.608,74842795.0735
1721958300000,2024-07-26T01:45:00+00:00,66415.4,66433.9,66310.4,66385.1,1454.976,96563219.2539
1721959200000,2024-07-26T02:00:00+00:00,66385.1,66515.7,66339.6,66454.5,1112.179,73922868.0685
1721960100000,2024-07-26T02:15:00+00:00,66454.5,66877,66439.4,66799,3024.039,201665955.0348
1721961000000,2024-07-26T02:30:00+00:00,66799,66964,66663.9,66872.6,3358.164,224314081.7395
1721961900000,2024-07-26T02:45:00+00:00,66872.6,67163.4,66743,66948.7,2989.26,200138411.4561
1721962800000,2024-07-26T03:00:00+00:00,66948.7,67439,66877.2,67225.4,5536.835,372440552.7834
1721963700000,2024-07-26T03:15:00+00:00,67225.4,67349.8,67046.8,67054.2,2253.507,151377759.8179
1721964600000,2024-07-26T03:30:00+00:00,67054.2,67100,66971.1,67099.9,1371.262,91923054.7761
1721965500000,2024-07-26T03:45:00+00:00,67099.9,67100,66962,67015.1,1031.602,69137534.9558
1721966400000,2024-07-26T04:00:00+00:00,67015.1,67074.2,66901.1,66906.3,1231.951,82511043.6241
1721967300000,2024-07-26T04:15:00+00:00,66906.3,66955.5,66843.3,66926.9,1560.407,104389590.7521
1721968200000,2024-07-26T04:30:00+00:00,66926.9,67003,66880,66920.1,828.189,55435371.0645
1721969100000,2024-07-26T04:45:00+00:00,66920.1,67032.8,66866,67028.1,734.062,49148096.9022
1721970000000,2024-07-26T05:00:00+00:00,67028.1,67065.3,66850,66883.5,690.61,46240081.8397
1721970900000,2024-07-26T05:15:00+00:00,66883.5,66971.3,66850.5,66945.6,435.096,29108015.2437
1721971800000,2024-07-26T05:30:00+00:00,66945.6,67000,66850,66865.8,685.849,45906254.8944
1721972700000,2024-07-26T05:45:00+00:00,66865.8,66907.1,66820,66882.7,546.06,36511832.8352
1721973600000,2024-07-26T06:00:00+00:00,66882.7,66982.9,66850,66982.8,532.397,35628451.9551
1721974500000,2024-07-26T06:15:00+00:00,66982.8,66998,66927.5,66927.5,407.087,27258893.3341
1721975400000,2024-07-26T06:30:00+00:00,66927.5,67118.8,66921.7,67108,935.111,62667768.3068
1721976300000,2024-07-26T06:45:00+00:00,67108,67108,67006.6,67040.1,862.08,57814261.9484
1721977200000,2024-07-26T07:00:00+00:00,67040.1,67040.1,66907.3,66999.3,695.398,46559152.9614
1721978100000,2024-07-26T07:15:00+00:00,66999.3,67151,66979.5,67093.9,949.485,63698628.3465
1721979000000,2024-07-26T07:30:00+00:00,67093.9,67094,66912.2,66927.7,805.116,53914742.2441
1721979900000,2024-07-26T07:45:00+00:00,66927.7,66979.5,66843.7,66845.9,1855.287,124122666.5287
1721980800000,2024-07-26T08:00:00+00:00,66845.9,66999.8,66845.8,66999.8,668.961,44791278.3939
1721981700000,2024-07-26T08:15:00+00:00,66999.8,67099,66951.8,67035,684.344,45877991.795
1721982600000,2024-07-26T08:30:00+00:00,67035,67092,66985,67046.7,522.165,35002997.8321
1721983500000,2024-07-26T08:45:00+00:00,67046.7,67066.8,66981.3,67053.6,254.812,17078733.17
1721984400000,2024-07-26T09:00:00+00:00,67053.6,67077.8,67034.8,67067.5,367.876,24670341.6963
1721985300000,2024-07-26T09:15:00+00:00,67067.5,67245.5,67067.5,67241.5,1757.059,118028559.412
1721986200000,2024-07-26T09:30:00+00:00,67241.5,67335,67227.1,67289.8,1624.787,109300685.4466
1721987100000,2024-07-26T09:45:00+00:00,67289.8,67456.9,67251.7,67251.7,3147.905,212013829.1671
1721988000000,2024-07-26T10:00:00+00:00,67251.7,67341,67216.2,67247.1,1128.389,75898983.7279
1721988900000,2024-07-26T10:15:00+00:00,67247.1,67355.7,67116.9,67350,1307.406,87922575.5383
1721989800000,2024-07-26T10:30:00+00:00,67350,67371.7,67222.6,67226.2,1994.801,134268601.9916
1721990700000,2024-07-26T10:45:00+00:00,67226.2,67280.4,67198.1,67262.9,561.724,37765078.4969
1721991600000,2024-07-26T11:00:00+00:00,67262.9,67294.4,67135.8,67173.7,828.923,55715375.9104
1721992500000,2024-07-26T11:15:00+00:00,67173.7,67210.3,67139.7,67153.8,972.034,65294322.0426
1721993400000,2024-07-26T11:30:00+00:00,67153.8,67250,67121.2,67196.1,778.769,52319594.5011
1721994300000,2024-07-26T11:45:00+00:00,67196.1,67329.1,67194.4,67280.1,506.034,34042998.6971
1721995200000,2024-07-26T12:00:00+00:00,67280.1,67332.7,67231.1,67261.5,576.926,38820334.1915
1721996100000,2024-07-26T12:15:00+00:00,67261.5,67305.1,67191.4,67302.6,456.888,30721434.4957
1721997000000,2024-07-26T12:30:00+00:00,67302.6,67370,67047.1,67073.2,2559.774,171914916.8982
1721997900000,2024-07-26T12:45:00+00:00,67073.2,67273.3,67027.6,67267.3,1411.543,94767186.8918
1721998800000,2024-07-26T13:00:00+00:00,67267.3,67314.3,67116.2,67149.7,1153.75,77590811.5044
1721999700000,2024-07-26T13:15:00+00:00,67149.7,67383.1,67139.4,67372.7,1033.255,69556207.038
1722000600000,2024-07-26T13:30:00+00:00,67372.7,67724.7,67258.2,67545.6,6957.328,469677651.0598
1722001500000,2024-07-26T13:45:00+00:00,67545.6,67944.3,67486.4,67839.5,5263.948,356556008.686
1722002400000,2024-07-26T14:00:00+00:00,67839.5,67950,67623.5,67695.9,3269.994,221636346.6397
1722003300000,2024-07-26T14:15:00+00:00,67695.9,67750,67169.8,67175,5133.36,346090319.3522
1722004200000,2024-07-26T14:30:00+00:00,67175,67220,66853.6,67117.7,5135.708,344277656.6149
1722005100000,2024-07-26T14:45:00+00:00,67117.7,67330,67055.6,67279.2,1683.463,113109349.8616
1722006000000,2024-07-26T15:00:00+00:00,67279.2,67600,67240,67486.8,2914.844,196533656.1232
1722006900000,2024-07-26T15:15:00+00:00,67486.8,67686,67430,67599.9,1664.586,112526774.8235
1722007800000,2024-07-26T15:30:00+00:00,67599.9,67648.7,67427.6,67467.1,1351.126,91214191.0393
1722008700000,2024-07-26T15:45:00+00:00,67467.1,67552.7,67396.9,67511.7,683.508,46121422.2451
1722009600000,2024-07-26T16:00:00+00:00,67511.7,67605.5,67460,67460,1044.046,70505236.6156
1722010500000,2024-07-26T16:15:00+00:00,67460,67638,67460,67600,526.74,35579609.0715
1722011400000,2024-07-26T16:30:00+00:00,67600,67636.2,67484.7,67543.8,418.548,28279935.7931
1722012300000,2024-07-26T16:45:00+00:00,67543.8,67575.9,67312.4,67352.7,1520.954,102495429.9285
1722013200000,2024-07-26T17:00:00+00:00,67352.7,67395.7,67257.1,67312,1843.921,124150945.6333
1722014100000,2024-07-26T17:15:00+00:00,67312,67524.8,67301.1,67524,529.347,35678323.8852
1722015000000,2024-07-26T17:30:00+00:00,67524,67542.4,67273.9,67315.6,946.828,63816987.3272
1722015900000,2024-07-26T17:45:00+00:00,67315.6,67400,67277.1,67338.9,336.443,22651320.7323
1722016800000,2024-07-26T18:00:00+00:00,67338.9,67522.7,67289.1,67503.7,900.27,60719879.0869
1722017700000,2024-07-26T18:15:00+00:00,67503.7,67558,67377.7,67380.2,1038.275,70074411.6304
1722018600000,2024-07-26T18:30:00+00:00,67380.2,67507.7,67327.1,67506.7,796.607,53669054.0933
1722019500000,2024-07-26T18:45:00+00:00,67506.7,67534.8,67415.3,67519.8,514.12,34694160.5257
1722020400000,2024-07-26T19:00:00+00:00,67519.8,67640.2,67495,67627.7,1289.25,87135877.5653
1722021300000,2024-07-26T19:15:00+00:00,67627.7,67832.6,67574.7,67832.5,1660.705,112470834.2842
1722022200000,2024-07-26T19:30:00+00:00,67832.5,67902.4,67643.7,67898.3,1091.014,73951046.113
1722023100000,2024-07-26T19:45:00+00:00,67898.3,68100,67754.3,67937.8,3204.409,217745516.34
1722024000000,2024-07-26T20:00:00+00:00,67937.8,67940.3,67671.6,67682.6,1061.045,71943869.5624
1722024900000,2024-07-26T20:15:00+00:00,67682.6,67840,67671,67793.1,1051.883,71280210.2074
1722025800000,2024-07-26T20:30:00+00:00,67793.1,67830.2,67380,67390.5,3104.146,209718802.2493
1722026700000,2024-07-26T20:45:00+00:00,67390.5,67557.2,67353,67381.9,2534.33,170865585.4784
1722027600000,2024-07-26T21:00:00+00:00,67381.9,67658,67376.6,67638.1,786.476,53103953.3157
1722028500000,2024-07-26T21:15:00+00:00,67638.1,67971.4,67637.8,67881.3,1354.855,91887633.1302
1722029400000,2024-07-26T21:30:00+00:00,67881.3,68033,67804.4,68020.5,1463.55,99424156.856
1722030300000,2024-07-26T21:45:00+00:00,68020.5,68175.7,67878.3,67897.4,2315.537,157614798.9735
1722031200000,2024-07-26T22:00:00+00:00,67897.4,67916.2,67805,67850.7,670.241,45477432.111
1722032100000,2024-07-26T22:15:00+00:00,67850.7,68037.3,67834.8,67949.9,1018.45,69182114.6159
1722033000000,2024-07-26T22:30:00+00:00,67949.9,67950,67841.8,67931.5,647.149,43944132.6108
1722033900000,2024-07-26T22:45:00+00:00,67931.5,67949.9,67862.6,67882.4,293.499,19929055.8091
1722034800000,2024-07-26T23:00:00+00:00,67882.4,67899.1,67810,67863,382.779,25969658.8606
1722035700000,2024-07-26T23:15:00+00:00,67863,67938.4,67813.6,67825,689.056,46764102.46
1722036600000,2024-07-26T23:30:00+00:00,67825,67850.2,67799.9,67835.4,375.234,25451242.0607
1722037500000,2024-07-26T23:45:00+00:00,67835.4,67882.6,67830,67863.7,274.754,18643348.0815
1722038400000,2024-07-27T00:00:00+00:00,67863.7,67905.6,67761.3,67862.8,593.417,40250833.3558
1722039300000,2024-07-27T00:15:00+00:00,67862.8,67899.5,67801.3,67876.9,523.021,35490160.5514
1722040200000,2024-07-27T00:30:00+00:00,67876.9,67876.9,67765.2,67785.9,250.954,17015888.5336
1722041100000,2024-07-27T00:45:00+00:00,67785.9,67870,67785.9,67827,205.216,13919617.9802
1722042000000,2024-07-27T01:00:00+00:00,67827,67834.5,67687.9,67743.8,526.237,35647809.5061
1722042900000,2024-07-27T01:15:00+00:00,67743.8,67784.7,67713.7,67750,226.581,15350931.2856
1722043800000,2024-07-27T01:30:00+00:00,67750,67750,67687.9,67700.2,402.744,27271528.5634
1722044700000,2024-07-27T01:45:00+00:00,67700.2,67740.7,67593.1,67620,1766.445,119487537.8414
1722045600000,2024-07-27T02:00:00+00:00,67620,67677.7,67617.6,67656.1,323.341,21872421.6279
1722046500000,2024-07-27T02:15:00+00:00,67656.1,67773.4,67643,67761.3,610.285,41331986.7807
1722047400000,2024-07-27T02:30:00+00:00,67761.3,67843.5,67727.3,67837.7,503.27,34117926.3197
1722048300000,2024-07-27T02:45:00+00:00,67837.7,68038.5,67800,67977.5,1021.814,69428764.7082
1722049200000,2024-07-27T03:00:00+00:00,67977.5,68040,67756.9,67833.2,1300.759,88318075.5244
1722050100000,2024-07-27T03:15:00+00:00,67833.2,67843.3,67748,67780,441.249,29906785.0676
1722051000000,2024-07-27T03:30:00+00:00,67780,67882.1,67754.8,67789.6,374.644,25408277.7244
1722051900000,2024-07-27T03:45:00+00:00,67789.6,67795.7,67721.9,67749,291.783,19770720.8914
1722052800000,2024-07-27T04:00:00+00:00,67749,67835.2,67734.1,67828.6,309.162,20957901.1866
1722053700000,2024-07-27T04:15:00+00:00,67828.6,67860,67767.4,67777.9,197.647,13403680.2706
1722054600000,2024-07-27T04:30:00+00:00,67777.9,67788.5,67737.8,67776.9,181.356,12289746.9761
1722055500000,2024-07-27T04:45:00+00:00,67776.9,67851.6,67776.9,67821.7,250.194,16966327.9605
1722056400000,2024-07-27T05:00:00+00:00,67821.7,67891.5,67815.7,67880,542.742,36832989.0511
1722057300000,2024-07-27T05:15:00+00:00,67880,67950,67870,67927.4,363.956,24720131.4372
1722058200000,2024-07-27T05:30:00+00:00,67927.4,67935,67881,67881,312.115,21196931.6247
1722059100000,2024-07-27T05:45:00+00:00,67881,67887.9,67843.4,67847.1,752.756,51090765.5983
1722060000000,2024-07-27T06:00:00+00:00,67847.1,67911,67834,67874.8,405.163,27504652.3527
1722060900000,2024-07-27T06:15:00+00:00,67874.8,67917.2,67871.6,67910.8,326.821,22189831.265
1722061800000,2024-07-27T06:30:00+00:00,67910.8,67982.6,67890.8,67955.3,364.804,24784238.6549
1722062700000,2024-07-27T06:45:00+00:00,67955.3,68049.8,67953.7,68049.5,1186.71,80715577.6764
1722063600000,2024-07-27T07:00:00+00:00,68049.5,68230,68049.4,68114.5,2555.857,174172308.8821
1722064500000,2024-07-27T07:15:00+00:00,68114.5,68270.5,68006.9,68225.6,1593.296,108568121.3409
1722065400000,2024-07-27T07:30:00+00:00,68225.6,68251.7,68156.7,68190.2,1022.949,69766043.3742
1722066300000,2024-07-27T07:45:00+00:00,68190.2,68193,67996.8,68006.7,1109.599,75537911.5322
1722067200000,2024-07-27T08:00:00+00:00,68006.7,68145.6,68000,68040.4,980.493,66753325.6406
1722068100000,2024-07-27T08:15:00+00:00,68040.4,68061.3,67944.6,67974.6,714.058,48553446.3166
1722069000000,2024-07-27T08:30:00+00:00,67974.6,67993.9,67855.1,67909.1,1047.266,71114938.8765
1722069900000,2024-07-27T08:45:00+00:00,67909.1,67963.2,67872.9,67962.8,623.743,42365499.1513
1722070800000,2024-07-27T09:00:00+00:00,67962.8,68047.2,67905,68041.4,626.489,42593374.9674
1722071700000,2024-07-27T09:15:00+00:00,68041.4,68160,67997.2,68111.3,882.208,60073924.8997
1722072600000,2024-07-27T09:30:00+00:00,68111.3,68117.1,68054.8,68091.5,369.375,25147844.2202
1722073500000,2024-07-27T09:45:00+00:00,68091.5,68179.7,68079.8,68175.9,487.939,33253253.4566
1722074400000,2024-07-27T10:00:00+00:00,68175.9,68216.4,68125,68209.6,628.466,42847161.5893
1722075300000,2024-07-27T10:15:00+00:00,68209.6,68209.7,68086.8,68129.4,557.609,37998222.595
1722076200000,2024-07-27T10:30:00+00:00,68129.4,68162.7,68055.4,68071.3,675.784,46031385.7013
1722077100000,2024-07-27T10:45:00+00:00,68071.3,68124.1,68055,68116,334.131,22748753.3197
1722078000000,2024-07-27T11:00:00+00:00,68116,68130.3,68011.8,68017.8,386.509,26309990.6815
1722078900000,2024-07-27T11:15:00+00:00,68017.8,68068.1,67990.8,68059.7,1109.937,75508355.4815
1722079800000,2024-07-27T11:30:00+00:00,68059.7,68162,68059.7,68132.5,360.819,24583106.5306
1722080700000,2024-07-27T11:45:00+00:00,68132.5,68168,68120.3,68168,351.72,23967122.28
1722081600000,2024-07-27T12:00:00+00:00,68168,68441.3,68156.7,68326.1,4535.38,310027572.729
1722082500000,2024-07-27T12:15:00+00:00,68326.1,68383.7,68237.5,68244.4,1552.868,106081152.5673
1722083400000,2024-07-27T12:30:00+00:00,68244.4,68373,68240.9,68372.4,845.737,57763766.8113
1722084300000,2024-07-27T12:45:00+00:00,68372.4,68421.5,68298.8,68364.4,1602.728,109584083.1113
1722085200000,2024-07-27T13:00:00+00:00,68364.4,68863.8,68364.4,68833,4326.775,296990894.7982
1722086100000,2024-07-27T13:15:00+00:00,68833,68874.8,68699,68799.9,3913.128,269104592.8058
1722087000000,2024-07-27T13:30:00+00:00,68799.9,69092.9,68750,69084.1,5287.151,364328227.4908
1722087900000,2024-07-27T13:45:00+00:00,69084.1,69350,69054.1,69216.4,6092.705,421803399.8301
1722088800000,2024-07-27T14:00:00+00:00,69216.4,69383.5,69039.2,69131.7,4900.034,339217320.2748
1722089700000,2024-07-27T14:15:00+00:00,69131.7,69146.7,68753.2,68892.7,3988.701,275001225.0402
1722090600000,2024-07-27T14:30:00+00:00,68892.7,69075.9,68812.9,68996.5,2300.408,158657487.0779
1722091500000,2024-07-27T14:45:00+00:00,68996.5,68996.5,68791.6,68950,2309.977,159146171.6776
1722092400000,2024-07-27T15:00:00+00:00,68950,69056.5,68722.6,68792.3,3095.398,213148818.1488
1722093300000,2024-07-27T15:15:00+00:00,68792.3,68955.2,68654.8,68765.7,2609.522,179561610.8706
1722094200000,2024-07-27T15:30:00+00:00,68765.7,68813.4,68599.4,68680.4,2901.695,199352402.6492
1722095100000,2024-07-27T15:45:00+00:00,68680.4,68830.3,68556,68817.1,2095.313,143937188.4167
1722096000000,2024-07-27T16:00:00+00:00,68817.1,68955.1,68676,68681.6,2649.119,182334819.3734
1722096900000,2024-07-27T16:15:00+00:00,68681.6,68902.8,68681.6,68881.1,1143.616,78665877.785
1722097800000,2024-07-27T16:30:00+00:00,68881.1,68932.4,68807.6,68820.1,617.661,42550587.2958
1722098700000,2024-07-27T16:45:00+00:00,68820.1,68825.4,68608.6,68650,1560.6,107185573.3422
1722099600000,2024-07-27T17:00:00+00:00,68650,68720.6,68578.4,68632.3,830.449,57018876.5907
1722100500000,2024-07-27T17:15:00+00:00,68632.3,68632.3,68391.5,68537.9,3732.507,255641421.166
1722101400000,2024-07-27T17:30:00+00:00,68537.9,68589.6,68383.4,68455.2,2463.035,168703334.4016
1722102300000,2024-07-27T17:45:00+00:00,68455.2,68660,68450,68500.7,1315.439,90170191.7893
1722103200000,2024-07-27T18:00:00+00:00,68500.7,68708.4,68469.7,68659.6,1001.517,68703120.5174
1722104100000,2024-07-27T18:15:00+00:00,68659.6,68897.6,68657.9,68882.2,1891.383,130165531.918
1722105000000,2024-07-27T18:30:00+00:00,68882.2,68953.9,68734.1,68925.5,1602.597,110314089.4101
1722105900000,2024-07-27T18:45:00+00:00,68925.5,68951.4,68447.9,68493.8,3368.117,231245122.2677
1722106800000,2024-07-27T19:00:00+00:00,68493.8,68526.7,68040.1,68291,5379.084,367179032.2956
1722107700000,2024-07-27T19:15:00+00:00,68291,68582.4,68286.4,68532.7,2561.033,175392776.1817
1722108600000,2024-07-27T19:30:00+00:00,68532.7,68608.9,67656.2,67915.9,4891.322,333098252.2315
1722109500000,2024-07-27T19:45:00+00:00,67915.9,68304.6,67855.4,68213.7,2300.466,156596877.0998
1722110400000,2024-07-27T20:00:00+00:00,68213.7,68415.3,67525,67678.7,7463.832,507654891.0307
1722111300000,2024-07-27T20:15:00+00:00,67678.7,68007.1,66603.3,67311.3,15014.415,1009219636.9302
1722112200000,2024-07-27T20:30:00+00:00,67311.3,67400,66743.1,67169,5356.425,359251012.5186
1722113100000,2024-07-27T20:45:00+00:00,67169,68408.9,66786.8,67768.9,16335.127,1105218523.1387
1722114000000,2024-07-27T21:00:00+00:00,67768.9,68648.7,67561.4,68513.6,7397.647,504559538.4274
1722114900000,2024-07-27T21:15:00+00:00,68513.6,69180,68322.8,68901,9734.488,668980434.5779
1722115800000,2024-07-27T21:30:00+00:00,68901,69069.9,68659.6,68888,4184.65,288324197.0139
1722116700000,2024-07-27T21:45:00+00:00,68888,68895.1,68646.4,68844.2,1602.994,110240587.8325
1722117600000,2024-07-27T22:00:00+00:00,68844.2,68844.2,68549.2,68623.2,1135.937,78013626.2058
1722118500000,2024-07-27T22:15:00+00:00,68623.2,68824.4,68600.9,68601,849.129,58351740.264
1722119400000,2024-07-27T22:30:00+00:00,68601,68776.9,68540,68664.6,1364.521,93663994.55
1722120300000,2024-07-27T22:45:00+00:00,68664.6,68722.3,68564.4,68619.2,332.669,22831220.6083
1722121200000,2024-07-27T23:00:00+00:00,68619.2,68619.4,68212.7,68221.9,2200.999,150497523.3739
1722122100000,2024-07-27T23:15:00+00:00,68221.9,68222,68052.5,68159.5,1728.726,117793463.8827
1722123000000,2024-07-27T23:30:00+00:00,68159.5,68207.6,68051.9,68066,595.725,40577218.0511
1722123900000,2024-07-27T23:45:00+00:00,68066,68142.2,67767.6,67884.6,2274.546,154430801.4976
1722124800000,2024-07-28T00:00:00+00:00,67884.6,67884.6,67238,67577.5,4805.293,324597676.625
1722125700000,2024-07-28T00:15:00+00:00,67577.5,67962,67557.9,67951.8,2269.601,153865554.6578
1722126600000,2024-07-28T00:30:00+00:00,67951.8,68072.4,67861.9,67927.4,1104.875,75107074.5279
1722127500000,2024-07-28T00:45:00+00:00,67927.4,67976.9,67789.3,67938.4,946.575,64252492.9995
1722128400000,2024-07-28T01:00:00+00:00,67938.4,68105.7,67915.4,68100.1,597.944,40686996.332
1722129300000,2024-07-28T01:15:00+00:00,68100.1,68135.7,67891.5,68116,946.197,64391359.8831
1722130200000,2024-07-28T01:30:00+00:00,68116,68181.6,68071.1,68172,575.205,39194950.5303
1722131100000,2024-07-28T01:45:00+00:00,68172,68282.3,68070.8,68072.1,1257.361,85774308.8914
1722132000000,2024-07-28T02:00:00+00:00,68072.1,68128.6,67972.8,67978.8,1017.667,69239407.6452
1722132900000,2024-07-28T02:15:00+00:00,67978.8,68092.7,67960,68020,509.938,34689351.9982
1722133800000,2024-07-28T02:30:00+00:00,68020,68112.6,68019.5,68100,235.312,16020786.4526
1722134700000,2024-07-28T02:45:00+00:00,68100,68151.8,68032.9,68136.8,346.527,23601823.6465
1722135600000,2024-07-28T03:00:00+00:00,68136.8,68142.6,68050,68073.3,306.412,20867414.9323
1722136500000,2024-07-28T03:15:00+00:00,68073.3,68073.3,67976.8,68065,258.313,17569286.8013
1722137400000,2024-07-28T03:30:00+00:00,68065,68083,67999.7,68006.8,226.797,15434150.042
1722138300000,2024-07-28T03:45:00+00:00,68006.8,68046.6,67920.8,67921.8,420.791,28610391.9556
1722139200000,2024-07-28T04:00:00+00:00,67921.8,68010,67918.5,67989.1,339.223,23053867.4415
1722140100000,2024-07-28T04:15:00+00:00,67989.1,67994.9,67734,67780.1,1320.362,89535192.7398
1722141000000,2024-07-28T04:30:00+00:00,67780.1,67780.1,67665.1,67691.2,1032.949,69951596.3461
1722141900000,2024-07-28T04:45:00+00:00,67691.2,67704.7,67307.3,67309.8,1536.813,103819493.1205
1722142800000,2024-07-28T05:00:00+00:00,67309.8,67414,67016.4,67242.5,4526.374,304173889.2341
1722143700000,2024-07-28T05:15:00+00:00,67242.5,67378.7,67147.5,67373,1426.658,95957934.2107
1722144600000,2024-07-28T05:30:00+00:00,67373,67481.1,67319.2,67377.5,1245.559,83945042.7291
1722145500000,2024-07-28T05:45:00+00:00,67377.5,67445.3,67321.5,67396.3,568.26,38290114.9788
1722146400000,2024-07-28T06:00:00+00:00,67396.3,67495.6,67379.7,67431.6,785.269,52954860.1779
1722147300000,2024-07-28T06:15:00+00:00,67431.6,67537,67416.1,67509,545.498,36812406.7677
1722148200000,2024-07-28T06:30:00+00:00,67509,67536.5,67389.5,67445.9,544.046,36691981.1765
1722149100000,2024-07-28T06:45:00+00:00,67445.9,67480.5,67331,67448.7,738.101,49746255.4487
1722150000000,2024-07-28T07:00:00+00:00,67448.7,67448.8,67268.4,67362.1,718.491,48368355.896
1722150900000,2024-07-28T07:15:00+00:00,67362.1,67402.6,67291.1,67394.4,476.75,32111456.7095
1722151800000,2024-07-28T07:30:00+00:00,67394.4,67394.4,67337.1,67368.5,353.415,23807446.1939
1722152700000,2024-07-28T07:45:00+00:00,67368.5,67516.4,67367.6,67511,598.72,40389417.1833
1722153600000,2024-07-28T08:00:00+00:00,67511,67517,67396.1,67470,647.184,43643643.1717
1722154500000,2024-07-28T08:15:00+00:00,67470,67486.3,67356,67356,543.461,36636015.7296
1722155400000,2024-07-28T08:30:00+00:00,67356,67399.1,67188,67286.6,1241.2,83503382.9239
1722156300000,2024-07-28T08:45:00+00:00,67286.6,67358.8,67241.2,67354.3,394.98,26585538.9917
1722157200000,2024-07-28T09:00:00+00:00,67354.3,67445.6,67294,67306,666.761,44937662.0955
1722158100000,2024-07-28T09:15:00+00:00,67306,67370,67281,67357.2,406.073,27338567.1003
1722159000000,2024-07-28T09:30:00+00:00,67357.2,67532.2,67351,67448.5,1062.019,71650342.7947
1722159900000,2024-07-28T09:45:00+00:00,67448.5,67511.4,67389.1,67392,894.861,60352161.709
1722160800000,2024-07-28T10:00:00+00:00,67392,67532.7,67370.3,67532.7,520.321,35095306.7004
1722161700000,2024-07-28T10:15:00+00:00,67532.7,67650,67532.6,67582.7,1761.62,119082404.4827
1722162600000,2024-07-28T10:30:00+00:00,67582.7,67629,67523.9,67577.2,562.637,38020214.9623
1722163500000,2024-07-28T10:45:00+00:00,67577.2,67597.4,67518.8,67530.6,340.806,23023997.6725
1722164400000,2024-07-28T11:00:00+00:00,67530.6,67628.7,67524.8,67628,550.481,37200819.1961
1722165300000,2024-07-28T11:15:00+00:00,67628,67777,67620.9,67750,1546.932,104746365.6805
1722166200000,2024-07-28T11:30:00+00:00,67750,67900,67642.7,67871.3,1028.438,69716920.4052
1722167100000,2024-07-28T11:45:00+00:00,67871.3,67961.2,67774.5,67801.9,1533.811,104107466.9733
1722168000000,2024-07-28T12:00:00+00:00,67801.9,67838.8,67713.9,67772.9,847.952,57447982.0303
1722168900000,2024-07-28T12:15:00+00:00,67772.9,67930.1,67709.3,67828.7,724.965,49182986.5235
1722169800000,2024-07-28T12:30:00+00:00,67828.7,68095,67796.4,68043.5,1526.585,103786628.3039
1722170700000,2024-07-28T12:45:00+00:00,68043.5,68079.9,67965,67971.4,911.779,62016764.1296
1722171600000,2024-07-28T13:00:00+00:00,67971.4,68024.4,67900,67980,697.062,47375714.4804
1722172500000,2024-07-28T13:15:00+00:00,67980,67992.5,67845.2,67928.2,706.415,47978976.2522
1722173400000,2024-07-28T13:30:00+00:00,67928.2,67953.1,67835,67895,458.842,31148467.5394
1722174300000,2024-07-28T13:45:00+00:00,67895,68016.8,67894.9,67957.1,1206.644,82040168.2042
1722175200000,2024-07-28T14:00:00+00:00,67957.1,68005,67812,67850.6,1122.905,76240687.7133
1722176100000,2024-07-28T14:15:00+00:00,67850.6,67889.7,67722,67726.9,1072.529,72683008.694
1722177000000,2024-07-28T14:30:00+00:00,67726.9,67856.7,67618.9,67847.5,2038.862,138109719.4765
1722177900000,2024-07-28T14:45:00+00:00,67847.5,67971.5,67667,67722.8,1817.466,123195427.5681
1722178800000,2024-07-28T15:00:00+00:00,67722.8,67725.8,67631.2,67655.8,952.7,64478661.2373
1722179700000,2024-07-28T15:15:00+00:00,67655.8,67702.7,67622.6,67700,1142.944,77319704.6504
1722180600000,2024-07-28T15:30:00+00:00,67700,67763.6,67558.7,67757.7,2113.216,142996212.9279
1722181500000,2024-07-28T15:45:00+00:00,67757.7,67760.7,67605.4,67632.7,770.148,52134638.0133
1722182400000,2024-07-28T16:00:00+00:00,67632.7,67677.9,67601.4,67615.3,714.321,48317988.4008
1722183300000,2024-07-28T16:15:00+00:00,67615.3,67730.4,67610.6,67642.7,546.625,36982246.0007
1722184200000,2024-07-28T16:30:00+00:00,67642.7,67711,67604,67684.2,234.077,15840418.5532
1722185100000,2024-07-28T16:45:00+00:00,67684.2,67700.9,67614.7,67654.4,174.508,11810024.6566
1722186000000,2024-07-28T17:00:00+00:00,67654.4,67832.9,67654.4,67812.8,758.315,51400487.3186
1722186900000,2024-07-28T17:15:00+00:00,67812.8,67839.2,67722.1,67773.6,355.616,24108820.4669
1722187800000,2024-07-28T17:30:00+00:00,67773.6,67899.4,67718.4,67870.6,594.118,40296024.1121
1722188700000,2024-07-28T17:45:00+00:00,67870.6,67971.1,67838.4,67964.1,469.049,31860677.1685
1722189600000,2024-07-28T18:00:00+00:00,67964.1,68000,67908.8,67996,395.964,26914448.2657
1722190500000,2024-07-28T18:15:00+00:00,67996,68226,67971.6,68226,1469.245,100099644.3342
1722191400000,2024-07-28T18:30:00+00:00,68226,68309.5,68164.1,68164.1,1263.533,86223362.029
1722192300000,2024-07-28T18:45:00+00:00,68164.1,68222,68052,68216.9,833.119,56758704.1167
1722193200000,2024-07-28T19:00:00+00:00,68216.9,68265.4,68143.9,68256.5,545.863,37243085.3845
1722194100000,2024-07-28T19:15:00+00:00,68256.5,68292.4,68169.7,68259.5,429.265,29286370.7868
1722195000000,2024-07-28T19:30:00+00:00,68259.5,68259.5,68081.8,68081.8,374.582,25526304.3218
1722195900000,2024-07-28T19:45:00+00:00,68081.8,68163.7,68069.7,68110.6,231.546,15774266.4371
1722196800000,2024-07-28T20:00:00+00:00,68110.6,68162.2,68006,68030,717.157,48818592.7356
1722197700000,2024-07-28T20:15:00+00:00,68030,68090.6,67988,67988,720.726,49047246.8204
1722198600000,2024-07-28T20:30:00+00:00,67988,68078.5,67940.9,68060.4,743.824,50589885.5833
1722199500000,2024-07-28T20:45:00+00:00,68060.4,68087,67986.8,67997.1,477.151,32459826.9243
1722200400000,2024-07-28T21:00:00+00:00,67997.1,68021.1,67788.8,67876.4,1184.259,80389816.9735
1722201300000,2024-07-28T21:15:00+00:00,67876.4,67961.2,67801.2,67955.2,576.513,39141563.7501
1722202200000,2024-07-28T21:30:00+00:00,67955.2,68059.6,67914.8,68016,436.694,29700755.9669
1722203100000,2024-07-28T21:45:00+00:00,68016,68061.5,67975.3,68008.9,221.613,15076005.9091
1722204000000,2024-07-28T22:00:00+00:00,68008.9,68152,67975.9,68066.4,475.964,32403763.8547
1722204900000,2024-07-28T22:15:00+00:00,68066.4,68240,67925.2,68224,634.367,43192827.9471
1722205800000,2024-07-28T22:30:00+00:00,68224,68242.7,68015.7,68066.8,702.307,47821988.9732
1722206700000,2024-07-28T22:45:00+00:00,68066.8,68072.5,67927.4,67991.9,651.185,44266491.445
1722207600000,2024-07-28T23:00:00+00:00,67991.9,68032.7,67915.8,67986.8,537.996,36571061.1319
1722208500000,2024-07-28T23:15:00+00:00,67986.8,68105.9,67972.4,68102.5,218.632,14880556.6218
1722209400000,2024-07-28T23:30:00+00:00,68102.5,68178.3,68066,68170.4,304.683,20755445.3716
1722210300000,2024-07-28T23:45:00+00:00,68170.4,68242.6,68136.6,68215.8,437.221,29821758.5216
1722211200000,2024-07-29T00:00:00+00:00,68215.8,68838.3,68128,68566.5,4304.81,295214852.8635
1722212100000,2024-07-29T00:15:00+00:00,68566.5,68973.7,68528.8,68811.6,3498.081,240798620.4134
1722213000000,2024-07-29T00:30:00+00:00,68811.6,68838.5,68666,68668.4,1720.618,118314236.7367
1722213900000,2024-07-29T00:45:00+00:00,68668.4,68832.5,68634.6,68684.4,1043.948,71747608.5545
1722214800000,2024-07-29T01:00:00+00:00,68684.4,68751.5,68552.3,68552.6,879.395,60367268.8642
1722215700000,2024-07-29T01:15:00+00:00,68552.6,68700,68330,68687.8,2185.128,149608816.4816
1722216600000,2024-07-29T01:30:00+00:00,68687.8,68800,68596.6,68596.6,1220.081,83864760.7767
1722217500000,2024-07-29T01:45:00+00:00,68596.6,68656.3,68511.7,68511.7,617.038,42330247.0264
1722218400000,2024-07-29T02:00:00+00:00,68511.7,68817.7,68506.6,68787.7,711.358,48825813.578
1722219300000,2024-07-29T02:15:00+00:00,68787.7,69285.9,68787.6,69199.4,4721.84,326414833.2363
1722220200000,2024-07-29T02:30:00+00:00,69199.4,69629.9,69193,69457.1,6099.172,423447303.0179
1722221100000,2024-07-29T02:45:00+00:00,69457.1,69560,69427.6,69547.9,1448.407,100671066.4044
1722222000000,2024-07-29T03:00:00+00:00,69547.9,69800,69483.9,69483.9,3623.635,252372601.189
1722222900000,2024-07-29T03:15:00+00:00,69483.9,69503.8,69340,69434,2148.796,149192910.5432
1722223800000,2024-07-29T03:30:00+00:00,69434,69500,69331.4,69361.9,969.978,67316577.1947
1722224700000,2024-07-29T03:45:00+00:00,69361.9,69402.5,69288.9,69342.8,1288.906,89364181.3288
1722225600000,2024-07-29T04:00:00+00:00,69342.8,69460.7,69283.4,69296.4,1139.194,79001573.7449
1722226500000,2024-07-29T04:15:00+00:00,69296.4,69392.6,69255.4,69313.8,1189.925,82472264.802
1722227400000,2024-07-29T04:30:00+00:00,69313.8,69439.6,69292.6,69303.5,799.738,55478994.4103
1722228300000,2024-07-29T04:45:00+00:00,69303.5,69359.2,69276.4,69351.5,723.949,50175766.6998
1722229200000,2024-07-29T05:00:00+00:00,69351.5,69442.2,69351.5,69432.7,745.93,51772464.2485
1722230100000,2024-07-29T05:15:00+00:00,69432.7,69549.4,69426.4,69520.3,1065.583,74061753.0177
1722231000000,2024-07-29T05:30:00+00:00,69520.3,69772.7,69520.2,69633.5,2032.545,141555137.2195
1722231900000,2024-07-29T05:45:00+00:00,69633.5,69800.8,69580.9,69635.2,1597.343,111289717.9846
1722232800000,2024-07-29T06:00:00+00:00,69635.2,69774.1,69533.5,69564,1534.052,106856215.8528
1722233700000,2024-07-29T06:15:00+00:00,69564,69874.8,69564,69804.1,2321.682,161959713.9281
1722234600000,2024-07-29T06:30:00+00:00,69804.1,69850,69668.6,69746.5,1255.945,87583078.2985
1722235500000,2024-07-29T06:45:00+00:00,69746.5,69746.6,69567.9,69577.2,1097.722,76426217.0375
1722236400000,2024-07-29T07:00:00+00:00,69577.2,69600,69481.5,69496,1109.943,77183441.9598
1722237300000,2024-07-29T07:15:00+00:00,69496,69573.3,69455,69549.1,865.017,60120352.9456
1722238200000,2024-07-29T07:30:00+00:00,69549.1,69574.3,69485,69493.8,618.611,43013066.465
1722239100000,2024-07-29T07:45:00+00:00,69493.8,69537,69446.5,69516.9,720.619,50069529.9621
1722240000000,2024-07-29T08:00:00+00:00,69516.9,69699,69470.4,69695.6,834.419,58056519.1339
1722240900000,2024-07-29T08:15:00+00:00,69695.6,69695.6,69555,69574.9,661.481,46058315.2079
1722241800000,2024-07-29T08:30:00+00:00,69574.9,69610.3,69368.2,69410.1,1065.135,73974539.1778
1722242700000,2024-07-29T08:45:00+00:00,69410.1,69506.8,69378.3,69440.1,942.763,65469254.5547
1722243600000,2024-07-29T09:00:00+00:00,69440.1,69586.6,69434.2,69497,710.63,49406983.0806
1722244500000,2024-07-29T09:15:00+00:00,69497,69611.1,69468.7,69532.7,794.519,55225558.719
1722245400000,2024-07-29T09:30:00+00:00,69532.7,69549.1,69405.4,69406.3,760.112,52805119.6363
1722246300000,2024-07-29T09:45:00+00:00,69406.3,69507.5,69406.3,69507.5,441.752,30678218.392
1722247200000,2024-07-29T10:00:00+00:00,69507.5,69507.5,69372.4,69414.7,734.88,51008931.6564
1722248100000,2024-07-29T10:15:00+00:00,69414.7,69526.8,69372.8,69511.6,524.542,36440200.5122
1722249000000,2024-07-29T10:30:00+00:00,69511.6,69678.1,69511.5,69651.7,939.156,65374382.2359
1722249900000,2024-07-29T10:45:00+00:00,69651.7,69733.6,69571.3,69597.1,1104.501,76933384.0301
1722250800000,2024-07-29T11:00:00+00:00,69597.1,69772,69566.8,69707.4,2119.513,147714265.8913
1722251700000,2024-07-29T11:15:00+00:00,69707.4,69820,69669,69766.7,1964.366,137046032.0536
1722252600000,2024-07-29T11:30:00+00:00,69766.7,69816.6,69600.2,69685,1241.405,86556038.2551
1722253500000,2024-07-29T11:45:00+00:00,69685,69695.7,69552.4,69558.3,719.997,50120743.6171
1722254400000,2024-07-29T12:00:00+00:00,69558.3,69612.2,69372.4,69393.8,1819.974,126402135.7146
1722255300000,2024-07-29T12:15:00+00:00,69393.8,69695.6,69393.8,69681.7,1362.97,94779970.8626
1722256200000,2024-07-29T12:30:00+00:00,69681.7,69928.2,69596.3,69682.3,4652.553,324573645.3674
1722257100000,2024-07-29T12:45:00+00:00,69682.3,69847.1,69614.6,69769.6,1778.238,123992545.0568
1722258000000,2024-07-29T13:00:00+00:00,69769.6,70063.6,69702.6,69906.6,5006.482,349741443.058
1722258900000,2024-07-29T13:15:00+00:00,69906.6,69960.9,69566.5,69631.8,3331.438,232218882.5038
1722259800000,2024-07-29T13:30:00+00:00,69631.8,69676.5,69300,69317.8,5407.639,375957260.7272
1722260700000,2024-07-29T13:45:00+00:00,69317.8,69470,69053.2,69235.8,7205.115,499050625.0758
1722261600000,2024-07-29T14:00:00+00:00,69235.8,69266.5,68685.4,68685.4,8026.684,552741893.0059
1722262500000,2024-07-29T14:15:00+00:00,68685.4,68964.4,68605,68775.2,4086.944,281080187.8925
1722263400000,2024-07-29T14:30:00+00:00,68775.2,68890,68679.9,68853.9,2992.914,205830132.7275
1722264300000,2024-07-29T14:45:00+00:00,68853.9,68866.8,68014.1,68207.1,9477.749,647527894.9014
1722265200000,2024-07-29T15:00:00+00:00,68207.1,68260.8,67811.8,68058.9,6273.91,426758596.1457
1722266100000,2024-07-29T15:15:00+00:00,68058.9,68058.9,67640.4,67892.7,5920.192,401342154.601
1722267000000,2024-07-29T15:30:00+00:00,67892.7,68125.8,67646,68111.7,5281.083,358931869.1233
1722267900000,2024-07-29T15:45:00+00:00,68111.7,68132.6,68000,68050,1746.95,118909293.0488
1722268800000,2024-07-29T16:00:00+00:00,68050,68081.4,67766,67954.6,2133.6,144923589.7162
1722269700000,2024-07-29T16:15:00+00:00,67954.6,67980.3,67295,67305.1,4863.517,328459439.3955
1722270600000,2024-07-29T16:30:00+00:00,67305.1,67315.7,66756.1,66860.2,10529.573,706145335.6638
1722271500000,2024-07-29T16:45:00+00:00,66860.2,67093.6,66805.5,66895.3,4998.937,334770889.0623
1722272400000,2024-07-29T17:00:00+00:00,66895.3,67130.4,66364.4,67012.6,10364.313,692582209.6859
1722273300000,2024-07-29T17:15:00+00:00,67012.6,67057.2,66581.6,66671.9,4471.758,298863511.3241
1722274200000,2024-07-29T17:30:00+00:00,66671.9,67010.2,66619.9,66920,2624.528,175450368.7346
1722275100000,2024-07-29T17:45:00+00:00,66920,67100,66850.3,66972.8,2901.312,194363937.0316
1722276000000,2024-07-29T18:00:00+00:00,66972.8,67341.5,66897.2,67293.8,4183.446,281063135.9847
1722276900000,2024-07-29T18:15:00+00:00,67293.8,67504.1,67100,67334,3280.027,220931069.7699
1722277800000,2024-07-29T18:30:00+00:00,67334,67434,67177.2,67315.2,3127.088,210504938.0637
1722278700000,2024-07-29T18:45:00+00:00,67315.2,67422.7,67280,67377,1049.197,70673925.4853
1722279600000,2024-07-29T19:00:00+00:00,67377,67497.9,67236.6,67407.8,2199.307,148200289.9999
1722280500000,2024-07-29T19:15:00+00:00,67407.8,67488.6,67302.1,67471.1,1719.411,115887758.657
1722281400000,2024-07-29T19:30:00+00:00,67471.1,67471.2,67303.4,67426.6,748.285,50413680.118
1722282300000,2024-07-29T19:45:00+00:00,67426.6,67426.7,67192.6,67247.3,1271.54,85558782.8168
1722283200000,2024-07-29T20:00:00+00:00,67247.3,67349,67168,67228.4,797.035,53614840.0416
1722284100000,2024-07-29T20:15:00+00:00,67228.4,67228.4,67102.2,67142.9,896.372,60200268.0375
1722285000000,2024-07-29T20:30:00+00:00,67142.9,67334,67140.3,67333.7,520.409,34999352.8452
1722285900000,2024-07-29T20:45:00+00:00,67333.7,67355.4,67227.1,67346.7,540.918,36397626.9218
1722286800000,2024-07-29T21:00:00+00:00,67346.7,67369.1,67102.2,67102.2,794.57,53404497.1394
1722287700000,2024-07-29T21:15:00+00:00,67102.2,67208.4,66979.2,67145.1,1631.639,109439555.2721
1722288600000,2024-07-29T21:30:00+00:00,67145.1,67316,67128,67307.9,637.515,42844637.9213
1722289500000,2024-07-29T21:45:00+00:00,67307.9,67472.8,67232.1,67452.1,1290.179,86894372.8409
1722290400000,2024-07-29T22:00:00+00:00,67452.1,67511,67392.2,67511,628.132,42371169.1624
1722291300000,2024-07-29T22:15:00+00:00,67511,67513.7,67318.5,67318.5,807.836,54472839.0379
1722292200000,2024-07-29T22:30:00+00:00,67318.5,67349.7,67168,67191.3,823.77,55390445.8572
1722293100000,2024-07-29T22:45:00+00:00,67191.3,67209.7,67079.6,67184.8,835.736,56118705.9766
1722294000000,2024-07-29T23:00:00+00:00,67184.8,67225.5,66666,66686,3346.114,223899753.7134
1722294900000,2024-07-29T23:15:00+00:00,66686,66978.6,66569.1,66961.5,3848.904,257034767.934
1722295800000,2024-07-29T23:30:00+00:00,66961.5,67028.4,66753.5,66762.5,944.381,63163176.578
1722296700000,2024-07-29T23:45:00+00:00,66762.5,66892.9,66732.3,66740.6,565.465,37776186.9058
1722297600000,2024-07-30T00:00:00+00:00,66740.6,66823.9,66572.3,66683,1725.832,115143235.3299
1722298500000,2024-07-30T00:15:00+00:00,66683,66690,65822,66246.5,7230.141,478389838.4297
1722299400000,2024-07-30T00:30:00+00:00,66246.5,66388,66211.3,66378.1,1991.667,132081311.2936
1722300300000,2024-07-30T00:45:00+00:00,66378.1,66571.9,66260,66567.9,1280.5,85136797.9399
1722301200000,2024-07-30T01:00:00+00:00,66567.9,66741,66527.3,66702.9,1666.524,111080060.5066
1722302100000,2024-07-30T01:15:00+00:00,66702.9,66824.5,66644.5,66668.6,1319.911,88076979.3622
1722303000000,2024-07-30T01:30:00+00:00,66668.6,66723.7,66237.4,66350.1,2261.884,150287633.1561
1722303900000,2024-07-30T01:45:00+00:00,66350.1,66364.2,66008.5,66149.6,2493.807,164957407.6971
1722304800000,2024-07-30T02:00:00+00:00,66149.6,66400,66149.5,66366.2,1200.362,79619794.7328
1722305700000,2024-07-30T02:15:00+00:00,66366.2,66392,65892.1,65962.8,2412.687,159419816.1522
1722306600000,2024-07-30T02:30:00+00:00,65962.8,66218.7,65936.1,66140,1801.146,119006714.379
1722307500000,2024-07-30T02:45:00+00:00,66140,66400,66139.9,66374.9,1124.011,74547305.4205
1722308400000,2024-07-30T03:00:00+00:00,66374.9,66571.8,66327.4,66566,1167.79,77611117.479
1722309300000,2024-07-30T03:15:00+00:00,66566,66631.4,66448.4,66541.4,1410.373,93834662.1347
1722310200000,2024-07-30T03:30:00+00:00,66541.4,66577.9,66419.7,66506.7,889.62,59161161.0554
1722311100000,2024-07-30T03:45:00+00:00,66506.7,66568.1,66453,66567.6,463.241,30806480.8112
1722312000000,2024-07-30T04:00:00+00:00,66567.6,66608.7,66479.9,66608.7,500.859,33328829.8693
1722312900000,2024-07-30T04:15:00+00:00,66608.7,66708.4,66572,66708.2,1652.708,110156473.7493
1722313800000,2024-07-30T04:30:00+00:00,66708.2,66720,66563.7,66665.9,842.675,56151894.4328
1722314700000,2024-07-30T04:45:00+00:00,66665.9,66770,66555,66762.2,524.706,34966274.3215
1722315600000,2024-07-30T05:00:00+00:00,66762.2,66762.3,66604.9,66624.6,1014.514,67648987.2344
1722316500000,2024-07-30T05:15:00+00:00,66624.6,66624.6,66378.3,66431.8,1602.185,106512133.391
1722317400000,2024-07-30T05:30:00+00:00,66431.8,66526.7,66271.3,66501.3,1195.326,79356838.6801
1722318300000,2024-07-30T05:45:00+00:00,66501.3,66621.9,66438.3,66440.4,1133.875,75429979.757
1722319200000,2024-07-30T06:00:00+00:00,66440.4,66572.9,66418.1,66551.1,867.015,57657354.484
1722320100000,2024-07-30T06:15:00+00:00,66551.1,66648.6,66507.9,66648.3,381.893,25426209.2994
1722321000000,2024-07-30T06:30:00+00:00,66648.3,66690,66593,66603.8,601.91,40113417.3196
1722321900000,2024-07-30T06:45:00+00:00,66603.8,66727,66577.3,66725.9,722.758,48195994.0193
1722322800000,2024-07-30T07:00:00+00:00,66725.9,66847.1,66725.9,66818,1453.83,97106753.6339
1722323700000,2024-07-30T07:15:00+00:00,66818,66922.4,66777.3,66880.2,1455.833,97306877.6867
1722324600000,2024-07-30T07:30:00+00:00,66880.2,66940.9,66824.5,66930,915.236,61222296.2922
1722325500000,2024-07-30T07:45:00+00:00,66930,66943,66839,66890.5,825.973,55254715.1608
1722326400000,2024-07-30T08:00:00+00:00,66890.5,66923.2,66786.8,66899.6,990.3,66192961.0622
1722327300000,2024-07-30T08:15:00+00:00,66899.6,66939.4,66777,66777,1420.45,94979641.7715
1722328200000,2024-07-30T08:30:00+00:00,66777,66867,66737.8,66793.6,671.383,44845858.8951
1722329100000,2024-07-30T08:45:00+00:00,66793.6,66857,66663.3,66732,1041.469,69510307.542
1722330000000,2024-07-30T09:00:00+00:00,66732,66851.8,66717.3,66842,509.207,34013531.1056
1722330900000,2024-07-30T09:15:00+00:00,66842,66857.5,66743.5,66790.6,723.989,48360383.8327
1722331800000,2024-07-30T09:30:00+00:00,66790.6,66819.8,66553.9,66632.5,1318.293,87871304.1123
1722332700000,2024-07-30T09:45:00+00:00,66632.5,66634.7,66391.3,66565.9,2168.278,144224023.5479
1722333600000,2024-07-30T10:00:00+00:00,66565.9,66606.2,66366,66440.5,2369.417,157414814.8987
1722334500000,2024-07-30T10:15:00+00:00,66440.5,66580,66424.1,66580,650.42,43243330.938
1722335400000,2024-07-30T10:30:00+00:00,66580,66645.4,66470.2,66568.1,880.147,58589707.9672
1722336300000,2024-07-30T10:45:00+00:00,66568.1,66624.7,66468.6,66528,748.556,49828591.9646
1722337200000,2024-07-30T11:00:00+00:00,66528,66565.7,66431.9,66432,591.05,39294772.4077
1722338100000,2024-07-30T11:15:00+00:00,66432,66601.9,66431.9,66572.9,632.645,42089644.8007
1722339000000,2024-07-30T11:30:00+00:00,66572.9,66654,66485,66620.9,662.97,44150270.4556
1722339900000,2024-07-30T11:45:00+00:00,66620.9,66648,66556.1,66556.1,306.015,20380757.745
1722340800000,2024-07-30T12:00:00+00:00,66556.1,66612.9,66413.6,66506.3,1348.468,89679292.1754
1722341700000,2024-07-30T12:15:00+00:00,66506.3,66550.8,66194.7,66237.8,1668.848,110719679.7808
1722342600000,2024-07-30T12:30:00+00:00,66237.8,66772.2,66202.6,66749.9,3392.824,225579411.5456
1722343500000,2024-07-30T12:45:00+00:00,66749.9,66766,66584.9,66627.3,1323.593,88272634.8459
1722344400000,2024-07-30T13:00:00+00:00,66627.3,66743.3,66612.6,66692.9,536.702,35786314.7051
1722345300000,2024-07-30T13:15:00+00:00,66692.9,66798.2,66514.2,66585.2,1132.198,75441650.5798
1722346200000,2024-07-30T13:30:00+00:00,66585.2,66900.6,66392.1,66449.2,2939.12,195797456.9667
1722347100000,2024-07-30T13:45:00+00:00,66449.2,66492.9,66280.2,66338.3,1980.194,131444440.5602
1722348000000,2024-07-30T14:00:00+00:00,66338.3,66409.3,66139.1,66327.7,3036.709,201208620.3834
1722348900000,2024-07-30T14:15:00+00:00,66327.7,66396.7,66061,66094,1710.979,113312131.7317
1722349800000,2024-07-30T14:30:00+00:00,66094,66175.2,65977.5,66010.3,2174.592,143698253.0039
1722350700000,2024-07-30T14:45:00+00:00,66010.3,66083.1,65631,65769.5,4254.594,280267792.7138
1722351600000,2024-07-30T15:00:00+00:00,65769.5,66010.7,65531.3,65843,6584.078,432792441.9906
1722352500000,2024-07-30T15:15:00+00:00,65843,66228,65836.4,66183.7,3371.656,222851555.121
1722353400000,2024-07-30T15:30:00+00:00,66183.7,66233.3,65984.9,66099.4,2441.191,161445787.9431
1722354300000,2024-07-30T15:45:00+00:00,66099.4,66308,66027.5,66200.1,1143.367,75708620.1584
1722355200000,2024-07-30T16:00:00+00:00,66200.1,66272.3,66107.5,66272.3,930.308,61553745.184
1722356100000,2024-07-30T16:15:00+00:00,66272.3,66308.1,66203.6,66294.3,857.36,56819705.0239
1722357000000,2024-07-30T16:30:00+00:00,66294.3,66512,66260.2,66480,1585.43,105309966.7516
1722357900000,2024-07-30T16:45:00+00:00,66480,66500,66133,66150,1339.116,88785721.1783
1722358800000,2024-07-30T17:00:00+00:00,66150,66170,65839.5,66022.3,2382.607,157187057.0628
1722359700000,2024-07-30T17:15:00+00:00,66022.3,66055.2,65717.2,65839.7,2592.498,170739304.9212
1722360600000,2024-07-30T17:30:00+00:00,65839.7,65892.2,65650,65886,1390.351,91451161.9413
1722361500000,2024-07-30T17:45:00+00:00,65886,66023.1,65750.5,65835.9,1352.591,89136652.8885
1722362400000,2024-07-30T18:00:00+00:00,65835.9,65998.4,65564,65957.4,2788.346,183191802.1199
1722363300000,2024-07-30T18:15:00+00:00,65957.4,66013,65842.3,65934.1,740.85,48841701.1846
1722364200000,2024-07-30T18:30:00+00:00,65934.1,65963.8,65738,65752.5,638.248,42025207.0496
1722365100000,2024-07-30T18:45:00+00:00,65752.5,65817.3,65574.7,65783.4,2255.13,148144101.6528
1722366000000,2024-07-30T19:00:00+00:00,65783.4,65867.9,65510,65573.5,2216.154,145472516.7953
1722366900000,2024-07-30T19:15:00+00:00,65573.5,65877.5,65552.1,65688.9,1627.236,106943254.3897
1722367800000,2024-07-30T19:30:00+00:00,65688.9,65800,65637.3,65755.1,378.13,24858001.5707
1722368700000,2024-07-30T19:45:00+00:00,65755.1,65977.2,65734.1,65873.1,627.654,41369112.5262
1722369600000,2024-07-30T20:00:00+00:00,65873.1,65936.9,65250,65671.3,4336.682,283997358.2325
1722370500000,2024-07-30T20:15:00+00:00,65671.3,66040,65634.4,65964.8,3292.892,217124336.0957
1722371400000,2024-07-30T20:30:00+00:00,65964.8,66186.5,65957.5,66065.3,1684.019,111310429.4232
1722372300000,2024-07-30T20:45:00+00:00,66065.3,66161.9,66004.1,66144.4,1018.43,67302304.2343
1722373200000,2024-07-30T21:00:00+00:00,66144.4,66146.8,66001,66050.8,614.569,40598360.4886
1722374100000,2024-07-30T21:15:00+00:00,66050.8,66118,65903.5,66116.9,1671.826,110308541.8876
1722375000000,2024-07-30T21:30:00+00:00,66116.9,66193.3,66081.4,66193.2,831.828,55029356.099
1722375900000,2024-07-30T21:45:00+00:00,66193.2,66271.8,66152.7,66265.1,658.332,43604879.6743
1722376800000,2024-07-30T22:00:00+00:00,66265.1,66312.2,66113.3,66190,829.105,54906726.9914
1722377700000,2024-07-30T22:15:00+00:00,66190,66300,66150,66230.5,304.197,20147593.2178
1722378600000,2024-07-30T22:30:00+00:00,66230.5,66276.3,66138.6,66153.7,165.837,10981480.9207
1722379500000,2024-07-30T22:45:00+00:00,66153.7,66189.9,66035.8,66189.1,741.374,49015774.802
1722380400000,2024-07-30T23:00:00+00:00,66189.1,66271.8,66127.5,66127.6,393.194,26030646.2992
1722381300000,2024-07-30T23:15:00+00:00,66127.6,66173.6,66093.8,66137.5,309.285,20451799.5359
1722382200000,2024-07-30T23:30:00+00:00,66137.5,66226.4,66132.8,66189.5,279.739,18509827.4353
1722383100000,2024-07-30T23:45:00+00:00,66189.5,66226,66150,66153,192.617,12748712.9083
1722384000000,2024-07-31T00:00:00+00:00,66153,66203,65838.9,65887.5,2087.134,137645721.5264
1722384900000,2024-07-31T00:15:00+00:00,65887.5,66033,65884.9,65970,2225.441,146723763.6192
1722385800000,2024-07-31T00:30:00+00:00,65970,66200,65967.3,66200,742.619,49106558.7736
1722386700000,2024-07-31T00:45:00+00:00,66200,66388.9,66146.5,66306.3,1948.586,129176266.4432
1722387600000,2024-07-31T01:00:00+00:00,66306.3,66382.9,66267.4,66295.7,1416.414,93948916.9106
1722388500000,2024-07-31T01:15:00+00:00,66295.7,66330,66237.6,66266.1,422.941,28029616.4097
1722389400000,2024-07-31T01:30:00+00:00,66266.1,66274.7,66059.6,66106.9,1142.876,75577683.4016
1722390300000,2024-07-31T01:45:00+00:00,66106.9,66254.6,66057.5,66248.8,502.198,33242808.1476
1722391200000,2024-07-31T02:00:00+00:00,66248.8,66281.1,66091.3,66091.3,276.6,18309090.9578
1722392100000,2024-07-31T02:15:00+00:00,66091.3,66366.9,66091.3,66330.4,918.156,60826604.7723
1722393000000,2024-07-31T02:30:00+00:00,66330.4,66330.5,66061,66115.8,901.408,59613578.4587
1722393900000,2024-07-31T02:45:00+00:00,66115.8,66121.9,66029.6,66079.7,497.06,32835613.7095
1722394800000,2024-07-31T03:00:00+00:00,66079.7,66186.2,66044,66165.1,592.179,39155618.6763
1722395700000,2024-07-31T03:15:00+00:00,66165.1,66165.1,65999.5,66010,483.688,31945983.7598
1722396600000,2024-07-31T03:30:00+00:00,66010,66105.1,66009.8,66051.2,247.115,16325817.4047
1722397500000,2024-07-31T03:45:00+00:00,66051.2,66079.8,65989.2,66020.9,248.081,16378144.8286
1722398400000,2024-07-31T04:00:00+00:00,66020.9,66050.8,65757.6,65799.8,949.955,62604731.5847
1722399300000,2024-07-31T04:15:00+00:00,65799.8,65881.8,65730,65797.5,1479.485,97363302.3329
1722400200000,2024-07-31T04:30:00+00:00,65797.5,65807.2,65563.8,65661.4,2210.54,145167231.1139
1722401100000,2024-07-31T04:45:00+00:00,65661.4,65829.4,65455.5,65769.2,1957.752,128365671.3061
1722402000000,2024-07-31T05:00:00+00:00,65769.2,65814.1,65584,65664.1,1570.847,103217693.4543
1722402900000,2024-07-31T05:15:00+00:00,65664.1,65747.9,65540,65721.7,832.895,54680335.2064
1722403800000,2024-07-31T05:30:00+00:00,65721.7,65859.1,65711.6,65805.6,811.126,53367104.0469
1722404700000,2024-07-31T05:45:00+00:00,65805.6,66182.6,65805.6,66122.2,2282.902,150764253.8639
1722405600000,2024-07-31T06:00:00+00:00,66122.2,66524.2,66066.3,66392.8,6198.497,411062522.9628
1722406500000,2024-07-31T06:15:00+00:00,66392.8,66449.6,66219.2,66316.9,2255.054,149581373.1314
1722407400000,2024-07-31T06:30:00+00:00,66316.9,66442.9,66315.3,66426.7,667.698,44321109.0504
1722408300000,2024-07-31T06:45:00+00:00,66426.7,66453.4,66386.3,66417.7,744.257,49436979.8826
1722409200000,2024-07-31T07:00:00+00:00,66417.7,66417.8,66297,66390.7,1936.885,128518823.2992
1722410100000,2024-07-31T07:15:00+00:00,66390.7,66482.7,66311.1,66311.2,614.874,40832161.3226
1722411000000,2024-07-31T07:30:00+00:00,66311.2,66312.7,66211.9,66269.3,891.163,59046963.9985
1722411900000,2024-07-31T07:45:00+00:00,66269.3,66330,66162.7,66179.5,671.727,44495629.4406
1722412800000,2024-07-31T08:00:00+00:00,66179.5,66228.7,65988.2,66040,2081.468,137548808.7374
1722413700000,2024-07-31T08:15:00+00:00,66040,66312.3,66024.3,66229.7,1176.409,77865966.7356
1722414600000,2024-07-31T08:30:00+00:00,66229.7,66303,66205.3,66303,518.452,34352747.2872
1722415500000,2024-07-31T08:45:00+00:00,66303,66332.8,66250,66270,728.503,48296383.3864
1722416400000,2024-07-31T09:00:00+00:00,66270,66309.3,66119.7,66155.6,1048.288,69414407.704
1722417300000,2024-07-31T09:15:00+00:00,66155.6,66298.1,66109,66264.3,520.972,34502459.5109
1722418200000,2024-07-31T09:30:00+00:00,66264.3,66292.2,66231.5,66236,320.677,21250066.2732
1722419100000,2024-07-31T09:45:00+00:00,66236,66342,66160.8,66213.5,476.398,31552314.8414
1722420000000,2024-07-31T10:00:00+00:00,66213.5,66213.8,66027.5,66090,1031.95,68207526.7411
1722420900000,2024-07-31T10:15:00+00:00,66090,66143,66069.5,66098.1,316.14,20896045.8492
1722421800000,2024-07-31T10:30:00+00:00,66098.1,66107.8,65903.9,65967.3,1184.701,78166175.7519
1722422700000,2024-07-31T10:45:00+00:00,65967.3,66044.2,65946.4,65949.3,757.262,49976089.7201
1722423600000,2024-07-31T11:00:00+00:00,65949.3,66072,65919.1,66059,919.574,60681748.021
1722424500000,2024-07-31T11:15:00+00:00,66059,66118.4,66003,66050,469.898,31044894.7337
1722425400000,2024-07-31T11:30:00+00:00,66050,66103.1,65980,66021.2,395.822,26147763.2961
1722426300000,2024-07-31T11:45:00+00:00,66021.2,66074,66015.6,66056.7,268.266,17719075.7942
1722427200000,2024-07-31T12:00:00+00:00,66056.7,66107.2,66042.6,66057.5,312.217,20629367.1665
1722428100000,2024-07-31T12:15:00+00:00,66057.5,66152.3,65934,66047.3,1078.637,71259455.4329
1722429000000,2024-07-31T12:30:00+00:00,66047.3,66169.1,66008.1,66162,478.632,31647183.0821
1722429900000,2024-07-31T12:45:00+00:00,66162,66249.9,66033.9,66109.8,1145.662,75791915.1356
1722430800000,2024-07-31T13:00:00+00:00,66109.8,66307.6,66081.8,66293,595.637,39425324.2379
1722431700000,2024-07-31T13:15:00+00:00,66293,66434.2,66253.8,66399.9,1757.291,116615866.4756
1722432600000,2024-07-31T13:30:00+00:00,66399.9,66803.2,66371.1,66657.9,5960.722,397124495.9736
1722433500000,2024-07-31T13:45:00+00:00,66657.9,66750.4,66337.9,66471.6,3663.699,243708996.754
1722434400000,2024-07-31T14:00:00+00:00,66471.6,66689,66402.5,66432.1,2019.839,134467906.9055
1722435300000,2024-07-31T14:15:00+00:00,66432.1,66468,65926.2,66084.2,4980.267,329808376.1303
1722436200000,2024-07-31T14:30:00+00:00,66084.2,66420,66004.3,66349.8,2652.031,175727820.7071
1722437100000,2024-07-31T14:45:00+00:00,66349.8,66590.9,66229.9,66394.6,3059.326,203058381.6295
1722438000000,2024-07-31T15:00:00+00:00,66394.6,66507.9,66299.4,66466.7,1134.044,75304385.4176
1722438900000,2024-07-31T15:15:00+00:00,66466.7,66500,66311.2,66355.3,586.29,38934645.1138
1722439800000,2024-07-31T15:30:00+00:00,66355.3,66491.5,66266.8,66445.5,882.002,58544448.7811
1722440700000,2024-07-31T15:45:00+00:00,66445.5,66445.5,66295.6,66325.2,411.785,27329304.2174
1722441600000,2024-07-31T16:00:00+00:00,66325.2,66599,66279.5,66593.7,783.956,52095790.6398
1722442500000,2024-07-31T16:15:00+00:00,66593.7,66714.8,66470.9,66470.9,1479.715,98536074.8807
1722443400000,2024-07-31T16:30:00+00:00,66470.9,66484.1,66310,66397.3,1516.759,100699939.6845
1722444300000,2024-07-31T16:45:00+00:00,66397.3,66412.8,66240,66320.2,806.844,53514089.8043
1722445200000,2024-07-31T17:00:00+00:00,66320.2,66462.2,66270,66403.9,525.021,34852899.1215
1722446100000,2024-07-31T17:15:00+00:00,66403.9,66577.9,66379.5,66490.1,587.044,39023625.0905
1722447000000,2024-07-31T17:30:00+00:00,66490.1,66738.5,66434.1,66730.3,1085.243,72297584.1721
1722447900000,2024-07-31T17:45:00+00:00,66730.3,66801.2,66557.1,66654.6,2078.512,138608974.631
1722448800000,2024-07-31T18:00:00+00:00,66654.6,66712,66274,66381.6,3851.296,256083054.2324
1722449700000,2024-07-31T18:15:00+00:00,66381.6,66406.1,66107.1,66180.1,2097.909,138951319.8156
1722450600000,2024-07-31T18:30:00+00:00,66180.1,66576.6,66103.1,66509.1,2666.18,177010889.7018
1722451500000,2024-07-31T18:45:00+00:00,66509.1,66562.5,66333.4,66484.2,954.673,63459313.9461
1722452400000,2024-07-31T19:00:00+00:00,66484.2,66591.7,66171.4,66213,1089.432,72276042.1908
1722453300000,2024-07-31T19:15:00+00:00,66213,66243.2,65615.3,65711.5,4768.794,314124838.1465
1722454200000,2024-07-31T19:30:00+00:00,65711.5,65940,65570,65658.9,2830.028,185979994.2931
1722455100000,2024-07-31T19:45:00+00:00,65658.9,65673.2,64880,65214.9,8231.337,536723725.0321
1722456000000,2024-07-31T20:00:00+00:00,65214.9,65373.4,64925.9,65085,4269.672,278311073.7796
1722456900000,2024-07-31T20:15:00+00:00,65085,65157.3,64595,64848.2,5293.447,343053662.9831
1722457800000,2024-07-31T20:30:00+00:00,64848.2,64858.1,64514.7,64603.3,2742.511,177323396.8846
1722458700000,2024-07-31T20:45:00+00:00,64603.3,64700,64500,64550,1852.934,119678168.6849
1722459600000,2024-07-31T21:00:00+00:00,64550,64935.3,64500,64919.9,3914.719,253481051.6186
1722460500000,2024-07-31T21:15:00+00:00,64919.9,65098.3,64501.4,64569.8,2938.15,190823969.9454
1722461400000,2024-07-31T21:30:00+00:00,64569.8,64859.5,64569.8,64792.5,2605.397,168654970.6881
1722462300000,2024-07-31T21:45:00+00:00,64792.5,64988.5,64658,64933.7,1182.848,76694540.5723
1722463200000,2024-07-31T22:00:00+00:00,64933.7,65000.1,64792.1,64837.5,814.233,52842879.5322
1722464100000,2024-07-31T22:15:00+00:00,64837.5,64862.9,64585.7,64700.2,816.198,52817374.1266
1722465000000,2024-07-31T22:30:00+00:00,64700.2,64853,64644.4,64833.2,658.914,42679078.9599
1722465900000,2024-07-31T22:45:00+00:00,64833.2,64972.3,64804.7,64933.2,690.647,44819552.6513
1722466800000,2024-07-31T23:00:00+00:00,64933.2,64951.4,64693.9,64727.6,767.095,49685233.6571
1722467700000,2024-07-31T23:15:00+00:00,64727.6,64765.5,64670.4,64693.1,657.301,42536908.6718
1722468600000,2024-07-31T23:30:00+00:00,64693.1,64733.4,64608.2,64713.7,905.732,58564491.6006
1722469500000,2024-07-31T23:45:00+00:00,64713.7,64726.6,64587,64599.4,458.773,29659454.3641
