2026-10-02T22:47:44.6882186Z Current runner version: '2.337.0'
2026-10-02T22:47:44.6912059Z ##[group]Runner Image Provisioner
2026-10-02T22:47:44.6913563Z Hosted Compute Agent
2026-10-02T22:47:44.6914725Z Version: 20260901.588
2026-10-02T22:47:44.6915788Z Commit: f88ec8081b781fac6c440065ac7ff9e710ce3d0b
2026-10-02T22:47:44.6917102Z Build Date: 2026-09-01T19:56:44Z
2026-10-02T22:47:44.6918394Z Worker ID: {73001599-72ce-4dd4-bb37-07634a27ffb3}
2026-10-02T22:47:44.6919743Z Azure Region: eastus
2026-10-02T22:47:44.6920883Z ##[endgroup]
2026-10-02T22:47:44.6923591Z ##[group]Operating System
2026-10-02T22:47:44.6924897Z Ubuntu
2026-10-02T22:47:44.6925910Z 24.04.5
2026-10-02T22:47:44.6926800Z LTS
2026-10-02T22:47:44.6927834Z ##[endgroup]
2026-10-02T22:47:44.6928774Z ##[group]Runner Image
2026-10-02T22:47:44.6929701Z Image: ubuntu-24.04
2026-10-02T22:47:44.6930802Z Version: 20260927.320.1
2026-10-02T22:47:44.6933577Z Included Software: https://github.com/actions/runner-images/blob/ubuntu24/20260927.320/images/ubuntu/Ubuntu2404-Readme.md
2026-10-02T22:47:44.6936566Z Image Release: https://github.com/actions/runner-images/releases/tag/ubuntu24%2F20260927.320
2026-10-02T22:47:44.6938745Z ##[endgroup]
2026-10-02T22:47:44.6941147Z ##[group]GITHUB_TOKEN Permissions
2026-10-02T22:47:44.6944541Z Actions: read
2026-10-02T22:47:44.6945683Z Contents: read
2026-10-02T22:47:44.6946696Z Metadata: read
2026-10-02T22:47:44.6947879Z ##[endgroup]
2026-10-02T22:47:44.6951140Z Secret source: Actions
2026-10-02T22:47:44.6952881Z Cache mode: write
2026-10-02T22:47:44.6954750Z Prepare workflow directory
2026-10-02T22:47:44.7697300Z Prepare all required actions
2026-10-02T22:47:44.7770279Z Getting action download info
2026-10-02T22:47:45.0195509Z Download action repository 'actions/checkout@v4' (SHA:11d5960a326750d5838078e36cf38b85af677262)
2026-10-02T22:47:45.1369746Z Download action repository 'actions/setup-python@v5' (SHA:a26af69be951a213d495a4c3e4e4022e16d87065)
2026-10-02T22:47:45.2158995Z Download action repository 'actions/upload-artifact@v4' (SHA:ea165f8d65b6e75b540449e92b4886f43607fa02)
2026-10-02T22:47:45.4150683Z Complete job name: validate
2026-10-02T22:47:45.4862690Z ##[group]Run actions/checkout@v4
2026-10-02T22:47:45.4863824Z with:
2026-10-02T22:47:45.4864295Z   repository: duuu-hub/bb-scanner
2026-10-02T22:47:45.4867986Z   token: ***
2026-10-02T22:47:45.4868425Z   ssh-strict: true
2026-10-02T22:47:45.4868856Z   ssh-user: git
2026-10-02T22:47:45.4869308Z   persist-credentials: true
2026-10-02T22:47:45.4869795Z   clean: true
2026-10-02T22:47:45.4870251Z   sparse-checkout-cone-mode: true
2026-10-02T22:47:45.4870764Z   fetch-depth: 1
2026-10-02T22:47:45.4871194Z   fetch-tags: false
2026-10-02T22:47:45.4871642Z   show-progress: true
2026-10-02T22:47:45.4872105Z   lfs: false
2026-10-02T22:47:45.4872521Z   submodules: false
2026-10-02T22:47:45.4872976Z   set-safe-directory: true
2026-10-02T22:47:45.4873907Z   allow-unsafe-pr-checkout: false
2026-10-02T22:47:45.4874771Z env:
2026-10-02T22:47:45.4878314Z   GH_TOKEN: ***
2026-10-02T22:47:45.4878751Z ##[endgroup]
2026-10-02T22:47:45.5871392Z Syncing repository: duuu-hub/bb-scanner
2026-10-02T22:47:45.5874307Z ##[group]Getting Git version info
2026-10-02T22:47:45.5875523Z Working directory is '/home/runner/work/bb-scanner/bb-scanner'
2026-10-02T22:47:45.5877363Z [command]/usr/bin/git version
2026-10-02T22:47:45.5969721Z git version 2.55.0
2026-10-02T22:47:45.6007194Z ##[endgroup]
2026-10-02T22:47:45.6029665Z Temporarily overriding HOME='/home/runner/work/_temp/94eedfb1-6fae-48cd-8e8d-4977508955ac' before making global git config changes
2026-10-02T22:47:45.6031932Z Adding repository directory to the temporary git global config as a safe directory
2026-10-02T22:47:45.6034147Z [command]/usr/bin/git config --global --add safe.directory /home/runner/work/bb-scanner/bb-scanner
2026-10-02T22:47:45.6070934Z Deleting the contents of '/home/runner/work/bb-scanner/bb-scanner'
2026-10-02T22:47:45.6077367Z ##[group]Initializing the repository
2026-10-02T22:47:45.6078475Z [command]/usr/bin/git init /home/runner/work/bb-scanner/bb-scanner
2026-10-02T22:47:45.6188342Z hint: Using 'master' as the name for the initial branch. This default branch name
2026-10-02T22:47:45.6190227Z hint: will change to "main" in Git 3.0. To configure the initial branch name
2026-10-02T22:47:45.6193949Z hint: to use in all of your new repositories, which will suppress this warning,
2026-10-02T22:47:45.6195269Z hint: call:
2026-10-02T22:47:45.6195923Z hint:
2026-10-02T22:47:45.6196553Z hint: 	git config --global init.defaultBranch <name>
2026-10-02T22:47:45.6197414Z hint:
2026-10-02T22:47:45.6198062Z hint: Names commonly chosen instead of 'master' are 'main', 'trunk' and
2026-10-02T22:47:45.6199172Z hint: 'development'. The just-created branch can be renamed via this command:
2026-10-02T22:47:45.6200102Z hint:
2026-10-02T22:47:45.6200588Z hint: 	git branch -m <name>
2026-10-02T22:47:45.6201207Z hint:
2026-10-02T22:47:45.6201839Z hint: Disable this message with "git config set advice.defaultBranchName false"
2026-10-02T22:47:45.6203194Z Initialized empty Git repository in /home/runner/work/bb-scanner/bb-scanner/.git/
2026-10-02T22:47:45.6206601Z [command]/usr/bin/git remote add origin https://github.com/duuu-hub/bb-scanner
2026-10-02T22:47:45.6257645Z ##[endgroup]
2026-10-02T22:47:45.6258574Z ##[group]Disabling automatic garbage collection
2026-10-02T22:47:45.6261044Z [command]/usr/bin/git config --local gc.auto 0
2026-10-02T22:47:45.6294834Z ##[endgroup]
2026-10-02T22:47:45.6296067Z ##[group]Setting up auth
2026-10-02T22:47:45.6301718Z [command]/usr/bin/git config --local --name-only --get-regexp core\.sshCommand
2026-10-02T22:47:45.6335222Z [command]/usr/bin/git submodule foreach --recursive sh -c "git config --local --name-only --get-regexp 'core\.sshCommand' && git config --local --unset-all 'core.sshCommand' || :"
2026-10-02T22:47:45.6726320Z [command]/usr/bin/git config --local --name-only --get-regexp http\.https\:\/\/github\.com\/\.extraheader
2026-10-02T22:47:45.6777628Z [command]/usr/bin/git submodule foreach --recursive sh -c "git config --local --name-only --get-regexp 'http\.https\:\/\/github\.com\/\.extraheader' && git config --local --unset-all 'http.https://github.com/.extraheader' || :"
2026-10-02T22:47:45.7018274Z [command]/usr/bin/git config --local --name-only --get-regexp ^includeIf\.gitdir:
2026-10-02T22:47:45.7064568Z [command]/usr/bin/git submodule foreach --recursive git config --local --show-origin --name-only --get-regexp remote.origin.url
2026-10-02T22:47:45.7314570Z [command]/usr/bin/git config --local http.https://github.com/.extraheader AUTHORIZATION: basic ***
2026-10-02T22:47:45.7355600Z ##[endgroup]
2026-10-02T22:47:45.7357192Z ##[group]Fetching the repository
2026-10-02T22:47:45.7366875Z [command]/usr/bin/git -c protocol.version=2 fetch --no-tags --prune --no-recurse-submodules --depth=1 origin +217a46b0e752800b70115eb9a63528d809242ce6:refs/remotes/origin/research-breadth-pullback-reclaim-v16
2026-10-02T22:47:46.4607162Z From https://github.com/duuu-hub/bb-scanner
2026-10-02T22:47:46.4609796Z  * [new ref]         217a46b0e752800b70115eb9a63528d809242ce6 -> origin/research-breadth-pullback-reclaim-v16
2026-10-02T22:47:46.4615481Z ##[endgroup]
2026-10-02T22:47:46.4617403Z ##[group]Determining the checkout info
2026-10-02T22:47:46.4619213Z ##[endgroup]
2026-10-02T22:47:46.4623902Z [command]/usr/bin/git sparse-checkout disable
2026-10-02T22:47:46.4681311Z [command]/usr/bin/git config --local --unset-all extensions.worktreeConfig
2026-10-02T22:47:46.4717343Z ##[group]Checking out the ref
2026-10-02T22:47:46.4721755Z [command]/usr/bin/git checkout --progress --force -B research-breadth-pullback-reclaim-v16 refs/remotes/origin/research-breadth-pullback-reclaim-v16
2026-10-02T22:47:46.6982755Z Switched to a new branch 'research-breadth-pullback-reclaim-v16'
2026-10-02T22:47:46.6986433Z branch 'research-breadth-pullback-reclaim-v16' set up to track 'origin/research-breadth-pullback-reclaim-v16'.
2026-10-02T22:47:46.6997254Z ##[endgroup]
2026-10-02T22:47:46.7043006Z [command]/usr/bin/git log -1 --format=%H
2026-10-02T22:47:46.7073004Z 217a46b0e752800b70115eb9a63528d809242ce6
2026-10-02T22:47:46.7430092Z ##[group]Run actions/setup-python@v5
2026-10-02T22:47:46.7431359Z with:
2026-10-02T22:47:46.7432295Z   python-version: 3.12
2026-10-02T22:47:46.7433589Z   check-latest: false
2026-10-02T22:47:46.7442182Z   token: ***
2026-10-02T22:47:46.7443182Z   update-environment: true
2026-10-02T22:47:46.7444478Z   allow-prereleases: false
2026-10-02T22:47:46.7445581Z   freethreaded: false
2026-10-02T22:47:46.7446595Z env:
2026-10-02T22:47:46.7454937Z   GH_TOKEN: ***
2026-10-02T22:47:46.7455911Z ##[endgroup]
2026-10-02T22:47:46.8841551Z ##[group]Installed versions
2026-10-02T22:47:46.8932964Z (node:2307) [DEP0040] DeprecationWarning: The `punycode` module is deprecated. Please use a userland alternative instead.
2026-10-02T22:47:46.8937488Z (Use `node --trace-deprecation ...` to show where the warning was created)
2026-10-02T22:47:46.8940148Z Successfully set up CPython (3.12.14)
2026-10-02T22:47:46.8943041Z ##[endgroup]
2026-10-02T22:47:46.9136068Z ##[group]Run set -euo pipefail
2026-10-02T22:47:46.9137346Z [36;1mset -euo pipefail[0m
2026-10-02T22:47:46.9138684Z [36;1mpip install pandas==2.3.3 numpy==2.3.3 numba==0.62.1[0m
2026-10-02T22:47:46.9460816Z shell: /usr/bin/bash --noprofile --norc -e -o pipefail {0}
2026-10-02T22:47:46.9462260Z env:
2026-10-02T22:47:46.9470720Z   GH_TOKEN: ***
2026-10-02T22:47:46.9471924Z   pythonLocation: /opt/hostedtoolcache/Python/3.12.14/x64
2026-10-02T22:47:46.9473783Z   PKG_CONFIG_PATH: /opt/hostedtoolcache/Python/3.12.14/x64/lib/pkgconfig
2026-10-02T22:47:46.9475513Z   Python_ROOT_DIR: /opt/hostedtoolcache/Python/3.12.14/x64
2026-10-02T22:47:46.9477072Z   Python2_ROOT_DIR: /opt/hostedtoolcache/Python/3.12.14/x64
2026-10-02T22:47:46.9478620Z   Python3_ROOT_DIR: /opt/hostedtoolcache/Python/3.12.14/x64
2026-10-02T22:47:46.9480209Z   LD_LIBRARY_PATH: /opt/hostedtoolcache/Python/3.12.14/x64/lib
2026-10-02T22:47:46.9481548Z ##[endgroup]
2026-10-02T22:47:47.8652004Z Collecting pandas==2.3.3
2026-10-02T22:47:47.9312384Z   Downloading pandas-2.3.3-cp312-cp312-manylinux_2_24_x86_64.manylinux_2_28_x86_64.whl.metadata (91 kB)
2026-10-02T22:47:48.1717789Z Collecting numpy==2.3.3
2026-10-02T22:47:48.1778692Z   Downloading numpy-2.3.3-cp312-cp312-manylinux_2_27_x86_64.manylinux_2_28_x86_64.whl.metadata (62 kB)
2026-10-02T22:47:48.2803977Z Collecting numba==0.62.1
2026-10-02T22:47:48.2873783Z   Downloading numba-0.62.1-cp312-cp312-manylinux2014_x86_64.manylinux_2_17_x86_64.whl.metadata (2.8 kB)
2026-10-02T22:47:48.3039378Z Collecting python-dateutil>=2.8.2 (from pandas==2.3.3)
2026-10-02T22:47:48.3081352Z   Downloading python_dateutil-2.9.0.post0-py2.py3-none-any.whl.metadata (8.4 kB)
2026-10-02T22:47:48.3408769Z Collecting pytz>=2020.1 (from pandas==2.3.3)
2026-10-02T22:47:48.3451876Z   Downloading pytz-2026.4-py2.py3-none-any.whl.metadata (22 kB)
2026-10-02T22:47:48.3596980Z Collecting tzdata>=2022.7 (from pandas==2.3.3)
2026-10-02T22:47:48.3644185Z   Downloading tzdata-2026.4-py2.py3-none-any.whl.metadata (1.4 kB)
2026-10-02T22:47:48.4146357Z Collecting llvmlite<0.46,>=0.45.0dev0 (from numba==0.62.1)
2026-10-02T22:47:48.4226857Z   Downloading llvmlite-0.45.1-cp312-cp312-manylinux2014_x86_64.manylinux_2_17_x86_64.whl.metadata (4.9 kB)
2026-10-02T22:47:48.4368224Z Collecting six>=1.5 (from python-dateutil>=2.8.2->pandas==2.3.3)
2026-10-02T22:47:48.4436211Z   Downloading six-1.17.0-py2.py3-none-any.whl.metadata (1.7 kB)
2026-10-02T22:47:48.4518395Z Downloading pandas-2.3.3-cp312-cp312-manylinux_2_24_x86_64.manylinux_2_28_x86_64.whl (12.4 MB)
2026-10-02T22:47:48.5151429Z    ━━━━━━━━━━━━━━━━━━━━━━━━━━━━━━━━━━━━━━━━ 12.4/12.4 MB 212.8 MB/s  0:00:00
2026-10-02T22:47:48.5202357Z Downloading numpy-2.3.3-cp312-cp312-manylinux_2_27_x86_64.manylinux_2_28_x86_64.whl (16.6 MB)
2026-10-02T22:47:48.7487533Z    ━━━━━━━━━━━━━━━━━━━━━━━━━━━━━━━━━━━━━━━━ 16.6/16.6 MB 74.3 MB/s  0:00:00
2026-10-02T22:47:48.7546397Z Downloading numba-0.62.1-cp312-cp312-manylinux2014_x86_64.manylinux_2_17_x86_64.whl (3.8 MB)
2026-10-02T22:47:48.7933728Z    ━━━━━━━━━━━━━━━━━━━━━━━━━━━━━━━━━━━━━━━━ 3.8/3.8 MB 106.0 MB/s  0:00:00
2026-10-02T22:47:48.7977956Z Downloading llvmlite-0.45.1-cp312-cp312-manylinux2014_x86_64.manylinux_2_17_x86_64.whl (56.3 MB)
2026-10-02T22:47:49.2154672Z    ━━━━━━━━━━━━━━━━━━━━━━━━━━━━━━━━━━━━━━━━ 56.3/56.3 MB 135.1 MB/s  0:00:00
2026-10-02T22:47:49.2201580Z Downloading python_dateutil-2.9.0.post0-py2.py3-none-any.whl (229 kB)
2026-10-02T22:47:49.2270540Z Downloading pytz-2026.4-py2.py3-none-any.whl (506 kB)
2026-10-02T22:47:49.2359325Z Downloading six-1.17.0-py2.py3-none-any.whl (11 kB)
2026-10-02T22:47:49.2415990Z Downloading tzdata-2026.4-py2.py3-none-any.whl (347 kB)
2026-10-02T22:47:49.4552950Z Installing collected packages: pytz, tzdata, six, numpy, llvmlite, python-dateutil, numba, pandas
2026-10-02T22:47:59.2685845Z 
2026-10-02T22:47:59.2701648Z Successfully installed llvmlite-0.45.1 numba-0.62.1 numpy-2.3.3 pandas-2.3.3 python-dateutil-2.9.0.post0 pytz-2026.4 six-1.17.0 tzdata-2026.4
2026-10-02T22:47:59.3351752Z ##[group]Run set -euo pipefail
2026-10-02T22:47:59.3352116Z [36;1mset -euo pipefail[0m
2026-10-02T22:47:59.3352616Z [36;1mpython scripts/audit_breakout_retest_v13.py --out audit-v13-originals 2>&1 | tee saved-v13-audit.log[0m
2026-10-02T22:47:59.3419121Z shell: /usr/bin/bash --noprofile --norc -e -o pipefail {0}
2026-10-02T22:47:59.3419472Z env:
2026-10-02T22:47:59.3421966Z   GH_TOKEN: ***
2026-10-02T22:47:59.3422268Z   pythonLocation: /opt/hostedtoolcache/Python/3.12.14/x64
2026-10-02T22:47:59.3422722Z   PKG_CONFIG_PATH: /opt/hostedtoolcache/Python/3.12.14/x64/lib/pkgconfig
2026-10-02T22:47:59.3423157Z   Python_ROOT_DIR: /opt/hostedtoolcache/Python/3.12.14/x64
2026-10-02T22:47:59.3423750Z   Python2_ROOT_DIR: /opt/hostedtoolcache/Python/3.12.14/x64
2026-10-02T22:47:59.3424135Z   Python3_ROOT_DIR: /opt/hostedtoolcache/Python/3.12.14/x64
2026-10-02T22:47:59.3424525Z   LD_LIBRARY_PATH: /opt/hostedtoolcache/Python/3.12.14/x64/lib
2026-10-02T22:47:59.3424857Z ##[endgroup]
2026-10-02T22:48:01.7731687Z V13_ORIGINAL_LEDGER_AUDITED 0 22842 cfd25622102ff09814dcd63173a1ed251fca42168a1aa42c9fefac6b7885d67a
2026-10-02T22:48:02.9878423Z V13_ORIGINAL_LEDGER_AUDITED 1 20826 f2bc2d84d1bcc12ed28d174602bdfa7847284fc44b3b25140498905f373ca2dc
2026-10-02T22:48:04.0881533Z V13_ORIGINAL_LEDGER_AUDITED 2 18870 7394dd5cd700ac39814b872b8aa142c5f98f8c10fdc6cbf8bb87337df4401015
2026-10-02T22:48:04.8656023Z V13_ORIGINAL_LEDGER_AUDITED 3 12954 17c2eb6cd413ad49c6792c4258d56803b7663ab2d8442e9d0db9b3108f51052f
2026-10-02T22:48:05.5978643Z V13_ORIGINAL_LEDGER_AUDITED 4 13200 cbc30a9b79754199fa81a37e1e5359b37de3bc5fee205b83443dc128a6e9123e
2026-10-02T22:48:06.7835822Z V13_ORIGINAL_LEDGER_AUDITED 5 24990 adefb0f545b9df711de6719846af9923fab55d49157720236e6ea672814d0f10
2026-10-02T22:48:07.7334705Z V13_ORIGINAL_LEDGER_AUDITED 6 16956 195d1b1fe27b971be9b84fdf146c9b434fc3002f190927bba2a82140e15efef4
2026-10-02T22:48:08.6932266Z V13_ORIGINAL_LEDGER_AUDITED 7 15330 d9fb2cd6f0e0a730005d4750d92ec1288a4a895a47d49c1a0d28c084eb987f3f
2026-10-02T22:48:10.2828861Z V13_SAVED_ORIGINAL_FULL_AUDIT_PASS {"status": "PASS", "kind": "independent-original8-sha-count-cost-R-all96-cell-arithmetic", "run": 36992677948, "code_commit": "869fbc6ca98c23880d9d64ffb71a322509b73d3d", "evidence_commit": "6f3766792984f15d2a1422f6672d7a06be8f3b7e", "rows": 145968, "cells": 96, "selected": 0, "accounts": 0, "chronology_excluded": 24, "source_files": 856, "prior_hashes": 256, "minute_checksum_records": 780, "archive_files": 2693, "archive_bytes": 1209702764, "all_tree_sizes_verified": true, "positive_gross_cells": 29, "positive_net40_cells": 0, "cost_drag_bp_range": [46.785427319597915, 50.44903560991275], "best_price_cell": {"policy": "RETEST_S-1_N288_WAIT24_LOWVOL75__H48__TRAIL", "n": 166, "gross_mean_bp": 40.6630208552282, "net40_mean_bp": -8.61665260333608, "net40_R": -0.14589437035864058, "cost_drag_bp": 49.27967345856427, "fee_bp": 39.936766081611054, "funding_bp": 0.29684571619812583, "slip_bp": 9.046061660755086, "pf": 0.9220098421354472}, "limitations": ["Overlapping diagnostics are not executable account trades.", "All original ledgers/metadata/selected cells rehashed; remaining raw minute source bytes only archive tree size-checked.", "No signal market rerun or clean-holdout claim."]}
2026-10-02T22:48:10.3421719Z ##[group]Run set -euo pipefail
2026-10-02T22:48:10.3422051Z [36;1mset -euo pipefail[0m
2026-10-02T22:48:10.3422771Z [36;1mpython -m py_compile scripts/breadth_pullback_v16.py scripts/breadth_pullback_reclaim_v16.py scripts/validate_breadth_pullback_v16.py scripts/audit_breakout_retest_v13.py[0m
2026-10-02T22:48:10.3423982Z [36;1mpython scripts/validate_breadth_pullback_v16.py 2>&1 | tee v16-tests.log[0m
2026-10-02T22:48:10.3424545Z [36;1mpython scripts/psar_chronology_smoke.py 2>&1 | tee chronology-smoke.log[0m
2026-10-02T22:48:10.3425219Z [36;1mpython scripts/breadth_pullback_reclaim_v16.py smoke --out synthetic-v16 2>&1 | tee breadth-pipeline-smoke.log[0m
2026-10-02T22:48:10.3489089Z shell: /usr/bin/bash --noprofile --norc -e -o pipefail {0}
2026-10-02T22:48:10.3489436Z env:
2026-10-02T22:48:10.3491873Z   GH_TOKEN: ***
2026-10-02T22:48:10.3492183Z   pythonLocation: /opt/hostedtoolcache/Python/3.12.14/x64
2026-10-02T22:48:10.3492669Z   PKG_CONFIG_PATH: /opt/hostedtoolcache/Python/3.12.14/x64/lib/pkgconfig
2026-10-02T22:48:10.3493108Z   Python_ROOT_DIR: /opt/hostedtoolcache/Python/3.12.14/x64
2026-10-02T22:48:10.3493742Z   Python2_ROOT_DIR: /opt/hostedtoolcache/Python/3.12.14/x64
2026-10-02T22:48:10.3494123Z   Python3_ROOT_DIR: /opt/hostedtoolcache/Python/3.12.14/x64
2026-10-02T22:48:10.3494503Z   LD_LIBRARY_PATH: /opt/hostedtoolcache/Python/3.12.14/x64/lib
2026-10-02T22:48:10.3494824Z ##[endgroup]
2026-10-02T22:48:10.4923415Z FROZEN_V16_INPUT_CONTRACT_PASS 256 856
2026-10-02T22:48:11.1956369Z V16_REGISTERED_SUITE_SIZE 458
2026-10-02T22:48:11.2006206Z test_independent_costs_and_R (test_breadth_pullback_reclaim_v16.AuditArithmeticContract.test_independent_costs_and_R) ... ok
2026-10-02T22:48:12.1708804Z test_source_check_inside_scan_output_real_pipeline (test_breadth_pullback_reclaim_v16.AuditArithmeticContract.test_source_check_inside_scan_output_real_pipeline) ... V16_BREADTH_MAP DEV 4 / 4
2026-10-02T22:48:12.5047959Z V16_BREADTH_MAP_DONE DEV shard 0 sources 4 rows 81793
2026-10-02T22:48:12.8797906Z V16_BREADTH_MAP DEV 4 / 4
2026-10-02T22:48:13.2121384Z V16_BREADTH_MAP_DONE DEV shard 1 sources 4 rows 81793
2026-10-02T22:48:13.5845344Z V16_BREADTH_MAP DEV 4 / 4
2026-10-02T22:48:13.9168749Z V16_BREADTH_MAP_DONE DEV shard 2 sources 4 rows 81793
2026-10-02T22:48:14.2901226Z V16_BREADTH_MAP DEV 4 / 4
2026-10-02T22:48:14.6215892Z V16_BREADTH_MAP_DONE DEV shard 3 sources 4 rows 81793
2026-10-02T22:48:14.9965223Z V16_BREADTH_MAP DEV 4 / 4
2026-10-02T22:48:15.3297460Z V16_BREADTH_MAP_DONE DEV shard 4 sources 4 rows 81793
2026-10-02T22:48:15.7084042Z V16_BREADTH_MAP DEV 4 / 4
2026-10-02T22:48:16.0449995Z V16_BREADTH_MAP_DONE DEV shard 5 sources 4 rows 81793
2026-10-02T22:48:16.4180556Z V16_BREADTH_MAP DEV 4 / 4
2026-10-02T22:48:16.7553674Z V16_BREADTH_MAP_DONE DEV shard 6 sources 4 rows 81793
2026-10-02T22:48:17.1293352Z V16_BREADTH_MAP DEV 4 / 4
2026-10-02T22:48:17.4631605Z V16_BREADTH_MAP_DONE DEV shard 7 sources 4 rows 81793
2026-10-02T22:48:18.0448409Z V16_GLOBAL_BREADTH_FROZEN DEV sources 32 rows 81793 sha256 c56f804c8948f76a8dbc514485675ee6cee2809cbdd6c3d8921afa85fcb04c75
2026-10-02T22:48:18.1329979Z V16_BREADTH_RECOVERY_SCAN DEV 4 / 4 parameterized_outcomes 0
2026-10-02T22:48:18.1363933Z V16_BREADTH_RECOVERY_SCAN_DONE DEV 0 chronology_exclusions 0
2026-10-02T22:48:18.2236551Z V16_BREADTH_RECOVERY_SCAN DEV 4 / 4 parameterized_outcomes 0
2026-10-02T22:48:18.2271399Z V16_BREADTH_RECOVERY_SCAN_DONE DEV 0 chronology_exclusions 0
2026-10-02T22:48:18.3146138Z V16_BREADTH_RECOVERY_SCAN DEV 4 / 4 parameterized_outcomes 0
2026-10-02T22:48:18.3180570Z V16_BREADTH_RECOVERY_SCAN_DONE DEV 0 chronology_exclusions 0
2026-10-02T22:48:18.4048614Z V16_BREADTH_RECOVERY_SCAN DEV 4 / 4 parameterized_outcomes 0
2026-10-02T22:48:18.4082616Z V16_BREADTH_RECOVERY_SCAN_DONE DEV 0 chronology_exclusions 0
2026-10-02T22:48:18.4953364Z V16_BREADTH_RECOVERY_SCAN DEV 4 / 4 parameterized_outcomes 0
2026-10-02T22:48:18.4987823Z V16_BREADTH_RECOVERY_SCAN_DONE DEV 0 chronology_exclusions 0
2026-10-02T22:48:18.5863843Z V16_BREADTH_RECOVERY_SCAN DEV 4 / 4 parameterized_outcomes 0
2026-10-02T22:48:18.5897777Z V16_BREADTH_RECOVERY_SCAN_DONE DEV 0 chronology_exclusions 0
2026-10-02T22:48:18.6773337Z V16_BREADTH_RECOVERY_SCAN DEV 4 / 4 parameterized_outcomes 0
2026-10-02T22:48:18.6807918Z V16_BREADTH_RECOVERY_SCAN_DONE DEV 0 chronology_exclusions 0
2026-10-02T22:48:18.7687905Z V16_BREADTH_RECOVERY_SCAN DEV 4 / 4 parameterized_outcomes 0
2026-10-02T22:48:18.7722353Z V16_BREADTH_RECOVERY_SCAN_DONE DEV 0 chronology_exclusions 0
2026-10-02T22:48:19.2674290Z V16_BREADTH_RECOVERY_SELECT {"status": "NO_DEVELOPMENT_POLICY_SURVIVOR", "cells_examined": 96, "selected": [], "policies": [], "union_name": "MARKET_BREADTH_RECOVERY_UNION", "source_context_sha256": "1991f5e71751271b483ad27f63726b8ffe40a5da7d2db86c83f41193dfc564f3", "development_breadth_data_sha256": "c56f804c8948f76a8dbc514485675ee6cee2809cbdd6c3d8921afa85fcb04c75", "development_breadth_manifest_sha256": "37e38171d08af92c4362b2262ff10b069ce59950f612b8679fc31ec0bb185493", "source_symbols": 32, "economic_surviving_cells": 0, "rejection_counts": {"N_LT_300": 96, "SYMBOLS_LT_10": 96, "TOP_SYMBOL_GT_30PCT": 96, "NET40_MEAN_BP_NONPOSITIVE": 96, "NET40_R_MEAN_NONPOSITIVE": 96, "2021_N": 96, "2021_DATES": 96, "2021_net40_R_NONPOSITIVE": 96, "2021_net40_mean_bp_NONPOSITIVE": 96, "2021_day_R_NONPOSITIVE": 96, "2022_N": 96, "2022_DATES": 96, "2022_net40_R_NONPOSITIVE": 96, "2022_net40_mean_bp_NONPOSITIVE": 96, "2022_day_R_NONPOSITIVE": 96, "2023_N": 96, "2023_DATES": 96, "2023_net40_R_NONPOSITIVE": 96, "2023_net40_mean_bp_NONPOSITIVE": 96, "2023_day_R_NONPOSITIVE": 96}, "note": "Frozen global pressure withdrawal and closed recovery experiment. Overlapping diagnostics are not executable account growth."}
2026-10-02T22:48:19.2701526Z V16_SYNTHETIC_GLOBAL_PIPELINE_PASS {"synthetic_only": true, "source_files": 32, "global_map_shards": 8, "scans": 8, "all96_cells_preserved": true, "market_profitability_claim": false}
2026-10-02T22:48:19.2829815Z ok
2026-10-02T22:48:19.2906818Z test_count_sums_not_average_of_shards (test_breadth_pullback_reclaim_v16.CountsContract.test_count_sums_not_average_of_shards) ... ok
2026-10-02T22:48:19.2916153Z test_exact_global_fraction (test_breadth_pullback_reclaim_v16.CountsContract.test_exact_global_fraction) ... ok
2026-10-02T22:48:19.3000141Z test_feature_future_perturbation (test_breadth_pullback_reclaim_v16.CountsContract.test_feature_future_perturbation) ... ok
2026-10-02T22:48:19.3006874Z test_impossible_counts_rejected (test_breadth_pullback_reclaim_v16.CountsContract.test_impossible_counts_rejected) ... ok
2026-10-02T22:48:19.3014300Z test_missing_previous_not_filled (test_breadth_pullback_reclaim_v16.CountsContract.test_missing_previous_not_filled) ... ok
2026-10-02T22:48:19.3018693Z test_nan_coin_not_in_denominator (test_breadth_pullback_reclaim_v16.CountsContract.test_nan_coin_not_in_denominator) ... ok
2026-10-02T22:48:19.3026971Z test_no_nearest_future_match (test_breadth_pullback_reclaim_v16.CountsContract.test_no_nearest_future_match) ... ok
2026-10-02T22:48:19.3032441Z test_noninteger_counts_rejected (test_breadth_pullback_reclaim_v16.CountsContract.test_noninteger_counts_rejected) ... ok
2026-10-02T22:48:19.3038927Z test_time_geometry_rejected (test_breadth_pullback_reclaim_v16.CountsContract.test_time_geometry_rejected) ... ok
2026-10-02T22:48:21.8867184Z test_altered_map_fails_closed (test_breadth_pullback_reclaim_v16.GlobalArtifactContract.test_altered_map_fails_closed) ... ok
2026-10-02T22:48:21.8878701Z test_changed_context_fails_closed (test_breadth_pullback_reclaim_v16.GlobalArtifactContract.test_changed_context_fails_closed) ... ok
2026-10-02T22:48:22.1014211Z test_duplicate_shard_fails_closed (test_breadth_pullback_reclaim_v16.GlobalArtifactContract.test_duplicate_shard_fails_closed) ... ok
2026-10-02T22:48:22.6336902Z test_eight_shard_reduction_and_verified_load (test_breadth_pullback_reclaim_v16.GlobalArtifactContract.test_eight_shard_reduction_and_verified_load) ... V16_GLOBAL_BREADTH_FROZEN DEV sources 32 rows 81793 sha256 061b212dd67ba864ae7370703945d2ce6bdebc7421a464c5182b5936112713b2
2026-10-02T22:48:22.6677487Z ok
2026-10-02T22:48:22.6723219Z test_missing_shard_fails_closed (test_breadth_pullback_reclaim_v16.GlobalArtifactContract.test_missing_shard_fails_closed) ... ok
2026-10-02T22:48:22.6730149Z test_stage_leak_fails_closed (test_breadth_pullback_reclaim_v16.GlobalArtifactContract.test_stage_leak_fails_closed) ... ok
2026-10-02T22:48:22.6800073Z test_96_bar_impulse (test_breadth_pullback_reclaim_v16.SignalContract.test_96_bar_impulse) ... ok
2026-10-02T22:48:22.6805173Z test_adverse_entry_gap_retained (test_breadth_pullback_reclaim_v16.SignalContract.test_adverse_entry_gap_retained) ... ok
2026-10-02T22:48:22.6808501Z test_breadth_crossing_required (test_breadth_pullback_reclaim_v16.SignalContract.test_breadth_crossing_required) ... ok
2026-10-02T22:48:22.6812525Z test_btc_reclaim_guard (test_breadth_pullback_reclaim_v16.SignalContract.test_btc_reclaim_guard) ... ok
2026-10-02T22:48:22.6816786Z test_entry_path_gap_blocks (test_breadth_pullback_reclaim_v16.SignalContract.test_entry_path_gap_blocks) ... ok
2026-10-02T22:48:22.6820040Z test_event_momentum_required (test_breadth_pullback_reclaim_v16.SignalContract.test_event_momentum_required) ... ok
2026-10-02T22:48:22.6823919Z test_favorable_entry_gap_rejected (test_breadth_pullback_reclaim_v16.SignalContract.test_favorable_entry_gap_rejected) ... ok
2026-10-02T22:48:22.6827384Z test_five_point_expansion_required (test_breadth_pullback_reclaim_v16.SignalContract.test_five_point_expansion_required) ... ok
2026-10-02T22:48:22.6830094Z test_fixed_grid (test_breadth_pullback_reclaim_v16.SignalContract.test_fixed_grid) ... ok
2026-10-02T22:48:22.6836575Z test_future_bars_irrelevant_to_intent (test_breadth_pullback_reclaim_v16.SignalContract.test_future_bars_irrelevant_to_intent) ... ok
2026-10-02T22:48:22.6840787Z test_long_two_stage_reclaim (test_breadth_pullback_reclaim_v16.SignalContract.test_long_two_stage_reclaim) ... ok
2026-10-02T22:48:22.6845184Z test_one_atr_pullback_grid (test_breadth_pullback_reclaim_v16.SignalContract.test_one_atr_pullback_grid) ... ok
2026-10-02T22:48:22.6848998Z test_pre_reclaim_invalidation_blocks (test_breadth_pullback_reclaim_v16.SignalContract.test_pre_reclaim_invalidation_blocks) ... ok
2026-10-02T22:48:22.6853175Z test_pullback_touch_required (test_breadth_pullback_reclaim_v16.SignalContract.test_pullback_touch_required) ... ok
2026-10-02T22:48:22.6857516Z test_reclaim_after_twelve_bars_is_ignored (test_breadth_pullback_reclaim_v16.SignalContract.test_reclaim_after_twelve_bars_is_ignored) ... ok
2026-10-02T22:48:22.6861559Z test_reclaim_must_be_after_touch (test_breadth_pullback_reclaim_v16.SignalContract.test_reclaim_must_be_after_touch) ... ok
2026-10-02T22:48:22.6865966Z test_reclaim_prior_bar_break_required (test_breadth_pullback_reclaim_v16.SignalContract.test_reclaim_prior_bar_break_required) ... ok
2026-10-02T22:48:22.6869840Z test_reclaim_volume_required (test_breadth_pullback_reclaim_v16.SignalContract.test_reclaim_volume_required) ... ok
2026-10-02T22:48:22.6874017Z test_same_bar_touch_and_reclaim_forbidden (test_breadth_pullback_reclaim_v16.SignalContract.test_same_bar_touch_and_reclaim_forbidden) ... ok
2026-10-02T22:48:22.6878443Z test_short_two_stage_reclaim (test_breadth_pullback_reclaim_v16.SignalContract.test_short_two_stage_reclaim) ... ok
2026-10-02T22:48:22.6882403Z test_stop_above_six_percent_rejected (test_breadth_pullback_reclaim_v16.SignalContract.test_stop_above_six_percent_rejected) ... ok
2026-10-02T22:48:22.6886556Z test_stop_floor (test_breadth_pullback_reclaim_v16.SignalContract.test_stop_floor) ... ok
2026-10-02T22:48:22.6890917Z test_touch_after_ten_bars_is_ignored (test_breadth_pullback_reclaim_v16.SignalContract.test_touch_after_ten_bars_is_ignored) ... ok
2026-10-02T22:48:22.6898409Z test_trailing_policy_uses_canonical_resolver (test_breadth_pullback_reclaim_v16.SignalContract.test_trailing_policy_uses_canonical_resolver) ... ok
2026-10-02T22:48:22.6902324Z test_watch_path_gap_blocks (test_breadth_pullback_reclaim_v16.SignalContract.test_watch_path_gap_blocks) ... ok
2026-10-02T22:48:22.6942880Z test_independent_costs_and_R (test_breadth_expansion_continuation_v15.AuditArithmeticContract.test_independent_costs_and_R) ... ok
2026-10-02T22:48:23.6565431Z test_source_check_inside_scan_output_real_pipeline (test_breadth_expansion_continuation_v15.AuditArithmeticContract.test_source_check_inside_scan_output_real_pipeline) ... V15_BREADTH_MAP DEV 4 / 4
2026-10-02T22:48:23.9888852Z V15_BREADTH_MAP_DONE DEV shard 0 sources 4 rows 81793
2026-10-02T22:48:24.3619105Z V15_BREADTH_MAP DEV 4 / 4
2026-10-02T22:48:24.6942051Z V15_BREADTH_MAP_DONE DEV shard 1 sources 4 rows 81793
2026-10-02T22:48:25.0671201Z V15_BREADTH_MAP DEV 4 / 4
2026-10-02T22:48:25.3982523Z V15_BREADTH_MAP_DONE DEV shard 2 sources 4 rows 81793
2026-10-02T22:48:25.7721855Z V15_BREADTH_MAP DEV 4 / 4
2026-10-02T22:48:26.1114637Z V15_BREADTH_MAP_DONE DEV shard 3 sources 4 rows 81793
2026-10-02T22:48:26.4856178Z V15_BREADTH_MAP DEV 4 / 4
2026-10-02T22:48:26.8183047Z V15_BREADTH_MAP_DONE DEV shard 4 sources 4 rows 81793
2026-10-02T22:48:27.1924704Z V15_BREADTH_MAP DEV 4 / 4
2026-10-02T22:48:27.5266024Z V15_BREADTH_MAP_DONE DEV shard 5 sources 4 rows 81793
2026-10-02T22:48:27.9026033Z V15_BREADTH_MAP DEV 4 / 4
2026-10-02T22:48:28.2352120Z V15_BREADTH_MAP_DONE DEV shard 6 sources 4 rows 81793
2026-10-02T22:48:28.6086676Z V15_BREADTH_MAP DEV 4 / 4
2026-10-02T22:48:28.9422143Z V15_BREADTH_MAP_DONE DEV shard 7 sources 4 rows 81793
2026-10-02T22:48:29.5220650Z V15_GLOBAL_BREADTH_FROZEN DEV sources 32 rows 81793 sha256 c56f804c8948f76a8dbc514485675ee6cee2809cbdd6c3d8921afa85fcb04c75
2026-10-02T22:48:29.6098711Z V15_BREADTH_RECOVERY_SCAN DEV 4 / 4 parameterized_outcomes 0
2026-10-02T22:48:29.6130837Z V15_BREADTH_RECOVERY_SCAN_DONE DEV 0 chronology_exclusions 0
2026-10-02T22:48:29.7009727Z V15_BREADTH_RECOVERY_SCAN DEV 4 / 4 parameterized_outcomes 0
2026-10-02T22:48:29.7042061Z V15_BREADTH_RECOVERY_SCAN_DONE DEV 0 chronology_exclusions 0
2026-10-02T22:48:29.7886258Z V15_BREADTH_RECOVERY_SCAN DEV 4 / 4 parameterized_outcomes 0
2026-10-02T22:48:29.7918310Z V15_BREADTH_RECOVERY_SCAN_DONE DEV 0 chronology_exclusions 0
2026-10-02T22:48:29.8746303Z V15_BREADTH_RECOVERY_SCAN DEV 4 / 4 parameterized_outcomes 0
2026-10-02T22:48:29.8779069Z V15_BREADTH_RECOVERY_SCAN_DONE DEV 0 chronology_exclusions 0
2026-10-02T22:48:29.9656991Z V15_BREADTH_RECOVERY_SCAN DEV 4 / 4 parameterized_outcomes 0
2026-10-02T22:48:29.9689553Z V15_BREADTH_RECOVERY_SCAN_DONE DEV 0 chronology_exclusions 0
2026-10-02T22:48:30.0573527Z V15_BREADTH_RECOVERY_SCAN DEV 4 / 4 parameterized_outcomes 0
2026-10-02T22:48:30.0606864Z V15_BREADTH_RECOVERY_SCAN_DONE DEV 0 chronology_exclusions 0
2026-10-02T22:48:30.1489808Z V15_BREADTH_RECOVERY_SCAN DEV 4 / 4 parameterized_outcomes 0
2026-10-02T22:48:30.1522458Z V15_BREADTH_RECOVERY_SCAN_DONE DEV 0 chronology_exclusions 0
2026-10-02T22:48:30.2361620Z V15_BREADTH_RECOVERY_SCAN DEV 4 / 4 parameterized_outcomes 0
2026-10-02T22:48:30.2393714Z V15_BREADTH_RECOVERY_SCAN_DONE DEV 0 chronology_exclusions 0
2026-10-02T22:48:30.7027415Z V15_BREADTH_RECOVERY_SELECT {"status": "NO_DEVELOPMENT_POLICY_SURVIVOR", "cells_examined": 96, "selected": [], "policies": [], "union_name": "MARKET_BREADTH_RECOVERY_UNION", "source_context_sha256": "1991f5e71751271b483ad27f63726b8ffe40a5da7d2db86c83f41193dfc564f3", "development_breadth_data_sha256": "c56f804c8948f76a8dbc514485675ee6cee2809cbdd6c3d8921afa85fcb04c75", "development_breadth_manifest_sha256": "37e38171d08af92c4362b2262ff10b069ce59950f612b8679fc31ec0bb185493", "source_symbols": 32, "economic_surviving_cells": 0, "rejection_counts": {"N_LT_300": 96, "SYMBOLS_LT_10": 96, "TOP_SYMBOL_GT_30PCT": 96, "NET40_MEAN_BP_NONPOSITIVE": 96, "NET40_R_MEAN_NONPOSITIVE": 96, "2021_N": 96, "2021_DATES": 96, "2021_net40_R_NONPOSITIVE": 96, "2021_net40_mean_bp_NONPOSITIVE": 96, "2021_day_R_NONPOSITIVE": 96, "2022_N": 96, "2022_DATES": 96, "2022_net40_R_NONPOSITIVE": 96, "2022_net40_mean_bp_NONPOSITIVE": 96, "2022_day_R_NONPOSITIVE": 96, "2023_N": 96, "2023_DATES": 96, "2023_net40_R_NONPOSITIVE": 96, "2023_net40_mean_bp_NONPOSITIVE": 96, "2023_day_R_NONPOSITIVE": 96}, "note": "Frozen global pressure withdrawal and closed recovery experiment. Overlapping diagnostics are not executable account growth."}
2026-10-02T22:48:30.7043979Z V15_SYNTHETIC_GLOBAL_PIPELINE_PASS {"synthetic_only": true, "source_files": 32, "global_map_shards": 8, "scans": 8, "all96_cells_preserved": true, "market_profitability_claim": false}
2026-10-02T22:48:30.7165363Z ok
2026-10-02T22:48:30.7169760Z test_count_sums_not_average_of_shards (test_breadth_expansion_continuation_v15.CountsContract.test_count_sums_not_average_of_shards) ... ok
2026-10-02T22:48:30.7177565Z test_exact_global_fraction (test_breadth_expansion_continuation_v15.CountsContract.test_exact_global_fraction) ... ok
2026-10-02T22:48:30.7260972Z test_feature_future_perturbation (test_breadth_expansion_continuation_v15.CountsContract.test_feature_future_perturbation) ... ok
2026-10-02T22:48:30.7267486Z test_impossible_counts_rejected (test_breadth_expansion_continuation_v15.CountsContract.test_impossible_counts_rejected) ... ok
2026-10-02T22:48:30.7274042Z test_missing_previous_not_filled (test_breadth_expansion_continuation_v15.CountsContract.test_missing_previous_not_filled) ... ok
2026-10-02T22:48:30.7278561Z test_nan_coin_not_in_denominator (test_breadth_expansion_continuation_v15.CountsContract.test_nan_coin_not_in_denominator) ... ok
2026-10-02T22:48:30.7285872Z test_no_nearest_future_match (test_breadth_expansion_continuation_v15.CountsContract.test_no_nearest_future_match) ... ok
2026-10-02T22:48:30.7291297Z test_noninteger_counts_rejected (test_breadth_expansion_continuation_v15.CountsContract.test_noninteger_counts_rejected) ... ok
2026-10-02T22:48:30.7297346Z test_time_geometry_rejected (test_breadth_expansion_continuation_v15.CountsContract.test_time_geometry_rejected) ... ok
2026-10-02T22:48:33.3140800Z test_altered_map_fails_closed (test_breadth_expansion_continuation_v15.GlobalArtifactContract.test_altered_map_fails_closed) ... ok
2026-10-02T22:48:33.3153178Z test_changed_context_fails_closed (test_breadth_expansion_continuation_v15.GlobalArtifactContract.test_changed_context_fails_closed) ... ok
2026-10-02T22:48:33.4951014Z test_duplicate_shard_fails_closed (test_breadth_expansion_continuation_v15.GlobalArtifactContract.test_duplicate_shard_fails_closed) ... ok
2026-10-02T22:48:33.9980993Z test_eight_shard_reduction_and_verified_load (test_breadth_expansion_continuation_v15.GlobalArtifactContract.test_eight_shard_reduction_and_verified_load) ... V15_GLOBAL_BREADTH_FROZEN DEV sources 32 rows 81793 sha256 061b212dd67ba864ae7370703945d2ce6bdebc7421a464c5182b5936112713b2
2026-10-02T22:48:34.0301845Z ok
2026-10-02T22:48:34.0349206Z test_missing_shard_fails_closed (test_breadth_expansion_continuation_v15.GlobalArtifactContract.test_missing_shard_fails_closed) ... ok
2026-10-02T22:48:34.0356792Z test_stage_leak_fails_closed (test_breadth_expansion_continuation_v15.GlobalArtifactContract.test_stage_leak_fails_closed) ... ok
2026-10-02T22:48:34.0421155Z test_24h_shock (test_breadth_expansion_continuation_v15.SignalContract.test_24h_shock) ... ok
2026-10-02T22:48:34.0425169Z test_actual_entry_gap_blocks (test_breadth_expansion_continuation_v15.SignalContract.test_actual_entry_gap_blocks) ... ok
2026-10-02T22:48:34.0429019Z test_adverse_gap_retained (test_breadth_expansion_continuation_v15.SignalContract.test_adverse_gap_retained) ... ok
2026-10-02T22:48:34.0432904Z test_breadth_expansion_required (test_breadth_expansion_continuation_v15.SignalContract.test_breadth_expansion_required) ... ok
2026-10-02T22:48:34.0436213Z test_btc_guard (test_breadth_expansion_continuation_v15.SignalContract.test_btc_guard) ... ok
2026-10-02T22:48:34.0439869Z test_closed_local_break_required (test_breadth_expansion_continuation_v15.SignalContract.test_closed_local_break_required) ... ok
2026-10-02T22:48:34.0443659Z test_current_coin_bar_must_be_contiguous (test_breadth_expansion_continuation_v15.SignalContract.test_current_coin_bar_must_be_contiguous) ... ok
2026-10-02T22:48:34.0446984Z test_current_coin_momentum_required (test_breadth_expansion_continuation_v15.SignalContract.test_current_coin_momentum_required) ... ok
2026-10-02T22:48:34.0450719Z test_exact_five_pp_boundary (test_breadth_expansion_continuation_v15.SignalContract.test_exact_five_pp_boundary) ... ok
2026-10-02T22:48:34.0454452Z test_favorable_gap_rejected (test_breadth_expansion_continuation_v15.SignalContract.test_favorable_gap_rejected) ... ok
2026-10-02T22:48:34.0457179Z test_fixed_grid (test_breadth_expansion_continuation_v15.SignalContract.test_fixed_grid) ... ok
2026-10-02T22:48:34.0460952Z test_flow55_long_blocks_low_buy (test_breadth_expansion_continuation_v15.SignalContract.test_flow55_long_blocks_low_buy) ... ok
2026-10-02T22:48:34.0466632Z test_future_high_low_close_irrelevant_to_entry (test_breadth_expansion_continuation_v15.SignalContract.test_future_high_low_close_irrelevant_to_entry) ... ok
2026-10-02T22:48:34.0470435Z test_long_expansion_continuation (test_breadth_expansion_continuation_v15.SignalContract.test_long_expansion_continuation) ... ok
2026-10-02T22:48:34.0473600Z test_low_universe_missing_fraction_blocks (test_breadth_expansion_continuation_v15.SignalContract.test_low_universe_missing_fraction_blocks) ... ok
2026-10-02T22:48:34.0476228Z test_previous_universe_under_thirty_blocks (test_breadth_expansion_continuation_v15.SignalContract.test_previous_universe_under_thirty_blocks) ... ok
2026-10-02T22:48:34.0478774Z test_price_only_ignores_buy_share (test_breadth_expansion_continuation_v15.SignalContract.test_price_only_ignores_buy_share) ... ok
2026-10-02T22:48:34.0481522Z test_short_expansion_continuation (test_breadth_expansion_continuation_v15.SignalContract.test_short_expansion_continuation) ... ok
2026-10-02T22:48:34.0484215Z test_stop_above_sixpct_rejected (test_breadth_expansion_continuation_v15.SignalContract.test_stop_above_sixpct_rejected) ... ok
2026-10-02T22:48:34.0486837Z test_stop_floor (test_breadth_expansion_continuation_v15.SignalContract.test_stop_floor) ... ok
2026-10-02T22:48:34.0489502Z test_threshold_crossing_required (test_breadth_expansion_continuation_v15.SignalContract.test_threshold_crossing_required) ... ok
2026-10-02T22:48:34.0495483Z test_trailing_policy_uses_canonical_resolver (test_breadth_expansion_continuation_v15.SignalContract.test_trailing_policy_uses_canonical_resolver) ... ok
2026-10-02T22:48:34.0534300Z test_independent_costs_and_R (test_market_breadth_recovery_v14.AuditArithmeticContract.test_independent_costs_and_R) ... ok
2026-10-02T22:48:35.0138529Z test_source_check_inside_scan_output_real_pipeline (test_market_breadth_recovery_v14.AuditArithmeticContract.test_source_check_inside_scan_output_real_pipeline) ... V14_BREADTH_MAP DEV 4 / 4
2026-10-02T22:48:35.3459489Z V14_BREADTH_MAP_DONE DEV shard 0 sources 4 rows 81793
2026-10-02T22:48:35.7153183Z V14_BREADTH_MAP DEV 4 / 4
2026-10-02T22:48:36.0472663Z V14_BREADTH_MAP_DONE DEV shard 1 sources 4 rows 81793
2026-10-02T22:48:36.4160931Z V14_BREADTH_MAP DEV 4 / 4
2026-10-02T22:48:36.7491828Z V14_BREADTH_MAP_DONE DEV shard 2 sources 4 rows 81793
2026-10-02T22:48:37.1219723Z V14_BREADTH_MAP DEV 4 / 4
2026-10-02T22:48:37.4539234Z V14_BREADTH_MAP_DONE DEV shard 3 sources 4 rows 81793
2026-10-02T22:48:37.8220869Z V14_BREADTH_MAP DEV 4 / 4
2026-10-02T22:48:38.1546492Z V14_BREADTH_MAP_DONE DEV shard 4 sources 4 rows 81793
2026-10-02T22:48:38.5223905Z V14_BREADTH_MAP DEV 4 / 4
2026-10-02T22:48:38.8542822Z V14_BREADTH_MAP_DONE DEV shard 5 sources 4 rows 81793
2026-10-02T22:48:39.2221988Z V14_BREADTH_MAP DEV 4 / 4
2026-10-02T22:48:39.5535319Z V14_BREADTH_MAP_DONE DEV shard 6 sources 4 rows 81793
2026-10-02T22:48:39.9211508Z V14_BREADTH_MAP DEV 4 / 4
2026-10-02T22:48:40.2521930Z V14_BREADTH_MAP_DONE DEV shard 7 sources 4 rows 81793
2026-10-02T22:48:40.7905096Z V14_GLOBAL_BREADTH_FROZEN DEV sources 32 rows 81793 sha256 c56f804c8948f76a8dbc514485675ee6cee2809cbdd6c3d8921afa85fcb04c75
2026-10-02T22:48:40.8716167Z V14_BREADTH_RECOVERY_SCAN DEV 4 / 4 parameterized_outcomes 0
2026-10-02T22:48:40.8747459Z V14_BREADTH_RECOVERY_SCAN_DONE DEV 0 chronology_exclusions 0
2026-10-02T22:48:40.9565303Z V14_BREADTH_RECOVERY_SCAN DEV 4 / 4 parameterized_outcomes 0
2026-10-02T22:48:40.9597297Z V14_BREADTH_RECOVERY_SCAN_DONE DEV 0 chronology_exclusions 0
2026-10-02T22:48:41.0417849Z V14_BREADTH_RECOVERY_SCAN DEV 4 / 4 parameterized_outcomes 0
2026-10-02T22:48:41.0452926Z V14_BREADTH_RECOVERY_SCAN_DONE DEV 0 chronology_exclusions 0
2026-10-02T22:48:41.1261843Z V14_BREADTH_RECOVERY_SCAN DEV 4 / 4 parameterized_outcomes 0
2026-10-02T22:48:41.1292599Z V14_BREADTH_RECOVERY_SCAN_DONE DEV 0 chronology_exclusions 0
2026-10-02T22:48:41.2097889Z V14_BREADTH_RECOVERY_SCAN DEV 4 / 4 parameterized_outcomes 0
2026-10-02T22:48:41.2131237Z V14_BREADTH_RECOVERY_SCAN_DONE DEV 0 chronology_exclusions 0
2026-10-02T22:48:41.2953538Z V14_BREADTH_RECOVERY_SCAN DEV 4 / 4 parameterized_outcomes 0
2026-10-02T22:48:41.2985843Z V14_BREADTH_RECOVERY_SCAN_DONE DEV 0 chronology_exclusions 0
2026-10-02T22:48:41.3807692Z V14_BREADTH_RECOVERY_SCAN DEV 4 / 4 parameterized_outcomes 0
2026-10-02T22:48:41.3840095Z V14_BREADTH_RECOVERY_SCAN_DONE DEV 0 chronology_exclusions 0
2026-10-02T22:48:41.4656909Z V14_BREADTH_RECOVERY_SCAN DEV 4 / 4 parameterized_outcomes 0
2026-10-02T22:48:41.4689069Z V14_BREADTH_RECOVERY_SCAN_DONE DEV 0 chronology_exclusions 0
2026-10-02T22:48:41.9041045Z V14_BREADTH_RECOVERY_SELECT {"status": "NO_DEVELOPMENT_POLICY_SURVIVOR", "cells_examined": 96, "selected": [], "policies": [], "union_name": "MARKET_BREADTH_RECOVERY_UNION", "source_context_sha256": "1991f5e71751271b483ad27f63726b8ffe40a5da7d2db86c83f41193dfc564f3", "development_breadth_data_sha256": "c56f804c8948f76a8dbc514485675ee6cee2809cbdd6c3d8921afa85fcb04c75", "development_breadth_manifest_sha256": "a33c6c15e1a711022cec584eaa5942aa90a9ad0a3da18087ddb45f54b30efd5b", "source_symbols": 32, "economic_surviving_cells": 0, "rejection_counts": {"N_LT_300": 96, "SYMBOLS_LT_10": 96, "TOP_SYMBOL_GT_30PCT": 96, "NET40_MEAN_BP_NONPOSITIVE": 96, "NET40_R_MEAN_NONPOSITIVE": 96, "2021_N": 96, "2021_DATES": 96, "2021_net40_R_NONPOSITIVE": 96, "2021_net40_mean_bp_NONPOSITIVE": 96, "2021_day_R_NONPOSITIVE": 96, "2022_N": 96, "2022_DATES": 96, "2022_net40_R_NONPOSITIVE": 96, "2022_net40_mean_bp_NONPOSITIVE": 96, "2022_day_R_NONPOSITIVE": 96, "2023_N": 96, "2023_DATES": 96, "2023_net40_R_NONPOSITIVE": 96, "2023_net40_mean_bp_NONPOSITIVE": 96, "2023_day_R_NONPOSITIVE": 96}, "note": "Frozen global pressure withdrawal and closed recovery experiment. Overlapping diagnostics are not executable account growth."}
2026-10-02T22:48:41.9068338Z V14_SYNTHETIC_GLOBAL_PIPELINE_PASS {"synthetic_only": true, "source_files": 32, "global_map_shards": 8, "scans": 8, "all96_cells_preserved": true, "market_profitability_claim": false}
2026-10-02T22:48:41.9189797Z ok
2026-10-02T22:48:41.9194235Z test_count_sums_not_average_of_shards (test_market_breadth_recovery_v14.CountsContract.test_count_sums_not_average_of_shards) ... ok
2026-10-02T22:48:41.9202391Z test_exact_global_fraction (test_market_breadth_recovery_v14.CountsContract.test_exact_global_fraction) ... ok
2026-10-02T22:48:41.9286757Z test_feature_future_perturbation (test_market_breadth_recovery_v14.CountsContract.test_feature_future_perturbation) ... ok
2026-10-02T22:48:41.9292745Z test_impossible_counts_rejected (test_market_breadth_recovery_v14.CountsContract.test_impossible_counts_rejected) ... ok
2026-10-02T22:48:41.9299885Z test_missing_previous_not_filled (test_market_breadth_recovery_v14.CountsContract.test_missing_previous_not_filled) ... ok
2026-10-02T22:48:41.9303822Z test_nan_coin_not_in_denominator (test_market_breadth_recovery_v14.CountsContract.test_nan_coin_not_in_denominator) ... ok
2026-10-02T22:48:41.9310637Z test_no_nearest_future_match (test_market_breadth_recovery_v14.CountsContract.test_no_nearest_future_match) ... ok
2026-10-02T22:48:41.9315764Z test_noninteger_counts_rejected (test_market_breadth_recovery_v14.CountsContract.test_noninteger_counts_rejected) ... ok
2026-10-02T22:48:41.9321476Z test_time_geometry_rejected (test_market_breadth_recovery_v14.CountsContract.test_time_geometry_rejected) ... ok
2026-10-02T22:48:44.5095086Z test_altered_map_fails_closed (test_market_breadth_recovery_v14.GlobalArtifactContract.test_altered_map_fails_closed) ... ok
2026-10-02T22:48:44.5107353Z test_changed_context_fails_closed (test_market_breadth_recovery_v14.GlobalArtifactContract.test_changed_context_fails_closed) ... ok
2026-10-02T22:48:44.6942552Z test_duplicate_shard_fails_closed (test_market_breadth_recovery_v14.GlobalArtifactContract.test_duplicate_shard_fails_closed) ... ok
2026-10-02T22:48:45.1982651Z test_eight_shard_reduction_and_verified_load (test_market_breadth_recovery_v14.GlobalArtifactContract.test_eight_shard_reduction_and_verified_load) ... V14_GLOBAL_BREADTH_FROZEN DEV sources 32 rows 81793 sha256 061b212dd67ba864ae7370703945d2ce6bdebc7421a464c5182b5936112713b2
2026-10-02T22:48:45.2310142Z ok
2026-10-02T22:48:45.2356591Z test_missing_shard_fails_closed (test_market_breadth_recovery_v14.GlobalArtifactContract.test_missing_shard_fails_closed) ... ok
2026-10-02T22:48:45.2363003Z test_stage_leak_fails_closed (test_market_breadth_recovery_v14.GlobalArtifactContract.test_stage_leak_fails_closed) ... ok
2026-10-02T22:48:45.2423587Z test_24h_shock (test_market_breadth_recovery_v14.SignalContract.test_24h_shock) ... ok
2026-10-02T22:48:45.2445415Z test_actual_entry_gap_blocks (test_market_breadth_recovery_v14.SignalContract.test_actual_entry_gap_blocks) ... ok
2026-10-02T22:48:45.2447096Z test_adverse_gap_retained (test_market_breadth_recovery_v14.SignalContract.test_adverse_gap_retained) ... ok
2026-10-02T22:48:45.2448239Z test_btc_guard (test_market_breadth_recovery_v14.SignalContract.test_btc_guard) ... ok
2026-10-02T22:48:45.2449469Z test_closed_local_break_required (test_market_breadth_recovery_v14.SignalContract.test_closed_local_break_required) ... ok
2026-10-02T22:48:45.2450850Z test_exact_five_pp_boundary (test_market_breadth_recovery_v14.SignalContract.test_exact_five_pp_boundary) ... ok
2026-10-02T22:48:45.2452189Z test_favorable_gap_rejected (test_market_breadth_recovery_v14.SignalContract.test_favorable_gap_rejected) ... ok
2026-10-02T22:48:45.2453541Z test_fixed_grid (test_market_breadth_recovery_v14.SignalContract.test_fixed_grid) ... ok
2026-10-02T22:48:45.2454872Z test_flow55_long_blocks_low_buy (test_market_breadth_recovery_v14.SignalContract.test_flow55_long_blocks_low_buy) ... ok
2026-10-02T22:48:45.2456475Z test_future_high_low_close_irrelevant_to_entry (test_market_breadth_recovery_v14.SignalContract.test_future_high_low_close_irrelevant_to_entry) ... ok
2026-10-02T22:48:45.2457920Z test_long_recovery (test_market_breadth_recovery_v14.SignalContract.test_long_recovery) ... ok
2026-10-02T22:48:45.2459326Z test_low_universe_missing_fraction_blocks (test_market_breadth_recovery_v14.SignalContract.test_low_universe_missing_fraction_blocks) ... ok
2026-10-02T22:48:45.2460832Z test_pressure_drop_required (test_market_breadth_recovery_v14.SignalContract.test_pressure_drop_required) ... ok
2026-10-02T22:48:45.2462190Z test_previous_coin_gap_blocks (test_market_breadth_recovery_v14.SignalContract.test_previous_coin_gap_blocks) ... ok
2026-10-02T22:48:45.2463904Z test_previous_universe_under_thirty_blocks (test_market_breadth_recovery_v14.SignalContract.test_previous_universe_under_thirty_blocks) ... ok
2026-10-02T22:48:45.2466240Z test_price_only_ignores_buy_share (test_market_breadth_recovery_v14.SignalContract.test_price_only_ignores_buy_share) ... ok
2026-10-02T22:48:45.2468743Z test_prior_coin_shock_required (test_market_breadth_recovery_v14.SignalContract.test_prior_coin_shock_required) ... ok
2026-10-02T22:48:45.2471183Z test_prior_pressure_threshold (test_market_breadth_recovery_v14.SignalContract.test_prior_pressure_threshold) ... ok
2026-10-02T22:48:45.2473849Z test_short_recovery (test_market_breadth_recovery_v14.SignalContract.test_short_recovery) ... ok
2026-10-02T22:48:45.2477051Z test_stop_above_sixpct_rejected (test_market_breadth_recovery_v14.SignalContract.test_stop_above_sixpct_rejected) ... ok
2026-10-02T22:48:45.2479845Z test_stop_floor (test_market_breadth_recovery_v14.SignalContract.test_stop_floor) ... ok
2026-10-02T22:48:45.2485796Z test_trailing_policy_uses_canonical_resolver (test_market_breadth_recovery_v14.SignalContract.test_trailing_policy_uses_canonical_resolver) ... ok
2026-10-02T22:48:45.2494564Z test_btc_missing_endpoint_is_unavailable (test_breakout_level_retest_v13.FeatureTests.test_btc_missing_endpoint_is_unavailable) ... ok
2026-10-02T22:48:45.2561465Z test_channel_and_volume_restart_after_gap (test_breakout_level_retest_v13.FeatureTests.test_channel_and_volume_restart_after_gap) ... ok
2026-10-02T22:48:45.2640824Z test_current_breakout_cannot_change_its_prior_level_baseline_or_atr (test_breakout_level_retest_v13.FeatureTests.test_current_breakout_cannot_change_its_prior_level_baseline_or_atr) ... ok
2026-10-02T22:48:45.2645715Z test_fixed_grid_and_holds (test_breakout_level_retest_v13.FeatureTests.test_fixed_grid_and_holds) ... ok
2026-10-02T22:48:45.2750302Z test_future_perturbation_preserves_prefix_features_and_signal (test_breakout_level_retest_v13.FeatureTests.test_future_perturbation_preserves_prefix_features_and_signal) ... ok
2026-10-02T22:48:45.2794485Z test_independent_prior_channel_quote_and_atr_cutoffs (test_breakout_level_retest_v13.FeatureTests.test_independent_prior_channel_quote_and_atr_cutoffs) ... ok
2026-10-02T22:48:45.2829259Z test_actual_entry_minute_tp_loses_and_later_chronology_is_honored (test_breakout_level_retest_v13.FillExitTests.test_actual_entry_minute_tp_loses_and_later_chronology_is_honored) ... ok
2026-10-02T22:48:45.2835047Z test_actual_fill_structural_stop_priority_and_time_cutoffs (test_breakout_level_retest_v13.FillExitTests.test_actual_fill_structural_stop_priority_and_time_cutoffs) ... ok
2026-10-02T22:48:45.2842865Z test_adverse_fill_is_retained_favourable_catchup_and_wrong_side_are_excluded (test_breakout_level_retest_v13.FillExitTests.test_adverse_fill_is_retained_favourable_catchup_and_wrong_side_are_excluded) ... ok
2026-10-02T22:48:45.2846563Z test_cooldown_independent_of_exit (test_breakout_level_retest_v13.FillExitTests.test_cooldown_independent_of_exit) ... ok
2026-10-02T22:48:45.2851110Z test_entry_timestamp_gap_and_split_cutoff (test_breakout_level_retest_v13.FillExitTests.test_entry_timestamp_gap_and_split_cutoff) ... ok
2026-10-02T22:48:45.2857524Z test_floor_and_maximum_stop_risk_use_actual_fill (test_breakout_level_retest_v13.FillExitTests.test_floor_and_maximum_stop_risk_use_actual_fill) ... ok
2026-10-02T22:48:45.2865813Z test_missing_minute_and_mismatched_entry_never_fabricate_pnl (test_breakout_level_retest_v13.FillExitTests.test_missing_minute_and_mismatched_entry_never_fabricate_pnl) ... ok
2026-10-02T22:48:45.2876345Z test_tp_levels_and_independent_fee_funding_math (test_breakout_level_retest_v13.FillExitTests.test_tp_levels_and_independent_fee_funding_math) ... ok
2026-10-02T22:48:45.5773768Z test_all96_including_zero_and_frozen_selection (test_breakout_level_retest_v13.SelectionSourceTests.test_all96_including_zero_and_frozen_selection) ... V13_RETEST_SELECT {"status": "ACCOUNT_REPLAY_REQUIRED", "cells_examined": 96, "selected": [{"key": "RETEST_S+1_N96_WAIT8_ANY", "side": 1, "window": 96, "wait": 8, "participation": "ANY", "hold": 48, "exit_type": "TP2", "policy": "RETEST_S+1_N96_WAIT8_ANY__H48__TP2", "development_net40_R": 0.5, "development_worst_year_day_R": 0.5}], "policies": [{"key": "RETEST_S+1_N96_WAIT8_ANY", "side": 1, "window": 96, "wait": 8, "participation": "ANY", "hold": 48, "exit_type": "TP2", "policy": "RETEST_S+1_N96_WAIT8_ANY__H48__TP2", "development_net40_R": 0.5, "development_worst_year_day_R": 0.5}], "union_name": "BREAKOUT_LEVEL_RETEST_UNION", "source_context_sha256": "91835c8f0b86a06046841c757e76202fc5e0b602e5b17bc471966e49ab762c95", "source_symbols": 16, "economic_surviving_cells": 1, "rejection_counts": {"N_LT_300": 95, "SYMBOLS_LT_10": 95, "TOP_SYMBOL_GT_30PCT": 95, "NET40_MEAN_BP_NONPOSITIVE": 95, "NET40_R_MEAN_NONPOSITIVE": 95, "2021_N": 95, "2021_DATES": 95, "2021_net40_R_NONPOSITIVE": 95, "2021_net40_mean_bp_NONPOSITIVE": 95, "2021_day_R_NONPOSITIVE": 95, "2022_N": 95, "2022_DATES": 95, "2022_net40_R_NONPOSITIVE": 95, "2022_net40_mean_bp_NONPOSITIVE": 95, "2022_day_R_NONPOSITIVE": 95, "2023_N": 95, "2023_DATES": 95, "2023_net40_R_NONPOSITIVE": 95, "2023_net40_mean_bp_NONPOSITIVE": 95, "2023_day_R_NONPOSITIVE": 95}, "note": "Frozen breakout level and closed retest experiment. Overlapping diagnostics are not executable account growth."}
2026-10-02T22:48:45.5807971Z ok
2026-10-02T22:48:45.8358910Z test_empty_preserves_all96_zero_cells (test_breakout_level_retest_v13.SelectionSourceTests.test_empty_preserves_all96_zero_cells) ... V13_RETEST_SELECT {"status": "NO_DEVELOPMENT_POLICY_SURVIVOR", "cells_examined": 96, "selected": [], "policies": [], "union_name": "BREAKOUT_LEVEL_RETEST_UNION", "source_context_sha256": "91835c8f0b86a06046841c757e76202fc5e0b602e5b17bc471966e49ab762c95", "source_symbols": 16, "economic_surviving_cells": 0, "rejection_counts": {"N_LT_300": 96, "SYMBOLS_LT_10": 96, "TOP_SYMBOL_GT_30PCT": 96, "NET40_MEAN_BP_NONPOSITIVE": 96, "NET40_R_MEAN_NONPOSITIVE": 96, "2021_N": 96, "2021_DATES": 96, "2021_net40_R_NONPOSITIVE": 96, "2021_net40_mean_bp_NONPOSITIVE": 96, "2021_day_R_NONPOSITIVE": 96, "2022_N": 96, "2022_DATES": 96, "2022_net40_R_NONPOSITIVE": 96, "2022_net40_mean_bp_NONPOSITIVE": 96, "2022_day_R_NONPOSITIVE": 96, "2023_N": 96, "2023_DATES": 96, "2023_net40_R_NONPOSITIVE": 96, "2023_net40_mean_bp_NONPOSITIVE": 96, "2023_day_R_NONPOSITIVE": 96}, "note": "Frozen breakout level and closed retest experiment. Overlapping diagnostics are not executable account growth."}
2026-10-02T22:48:45.8393766Z ok
2026-10-02T22:48:45.9967874Z test_incomplete_duplicate_or_tampered_shards_fail_closed (test_breakout_level_retest_v13.SelectionSourceTests.test_incomplete_duplicate_or_tampered_shards_fail_closed) ... ok
2026-10-02T22:48:46.2668244Z test_negative_or_clustered_active_dates_fail (test_breakout_level_retest_v13.SelectionSourceTests.test_negative_or_clustered_active_dates_fail) ... V13_RETEST_SELECT {"status": "NO_DEVELOPMENT_POLICY_SURVIVOR", "cells_examined": 96, "selected": [], "policies": [], "union_name": "BREAKOUT_LEVEL_RETEST_UNION", "source_context_sha256": "91835c8f0b86a06046841c757e76202fc5e0b602e5b17bc471966e49ab762c95", "source_symbols": 16, "economic_surviving_cells": 0, "rejection_counts": {"TOP_SYMBOL_GT_30PCT": 96, "NET40_MEAN_BP_NONPOSITIVE": 96, "2021_net40_mean_bp_NONPOSITIVE": 96, "2022_net40_mean_bp_NONPOSITIVE": 96, "2023_net40_mean_bp_NONPOSITIVE": 96, "N_LT_300": 95, "SYMBOLS_LT_10": 95, "NET40_R_MEAN_NONPOSITIVE": 95, "2021_N": 95, "2021_DATES": 95, "2021_net40_R_NONPOSITIVE": 95, "2021_day_R_NONPOSITIVE": 95, "2022_N": 95, "2022_DATES": 95, "2022_net40_R_NONPOSITIVE": 95, "2022_day_R_NONPOSITIVE": 95, "2023_N": 95, "2023_DATES": 95, "2023_net40_R_NONPOSITIVE": 95, "2023_day_R_NONPOSITIVE": 95}, "note": "Frozen breakout level and closed retest experiment. Overlapping diagnostics are not executable account growth."}
2026-10-02T22:48:46.5387204Z V13_RETEST_SELECT {"status": "NO_DEVELOPMENT_POLICY_SURVIVOR", "cells_examined": 96, "selected": [], "policies": [], "union_name": "BREAKOUT_LEVEL_RETEST_UNION", "source_context_sha256": "91835c8f0b86a06046841c757e76202fc5e0b602e5b17bc471966e49ab762c95", "source_symbols": 16, "economic_surviving_cells": 0, "rejection_counts": {"NET40_R_MEAN_NONPOSITIVE": 96, "2021_net40_R_NONPOSITIVE": 96, "2021_day_R_NONPOSITIVE": 96, "2022_net40_R_NONPOSITIVE": 96, "2022_day_R_NONPOSITIVE": 96, "2023_net40_R_NONPOSITIVE": 96, "2023_day_R_NONPOSITIVE": 96, "N_LT_300": 95, "SYMBOLS_LT_10": 95, "TOP_SYMBOL_GT_30PCT": 95, "NET40_MEAN_BP_NONPOSITIVE": 95, "2021_N": 95, "2021_DATES": 95, "2021_net40_mean_bp_NONPOSITIVE": 95, "2022_N": 95, "2022_DATES": 95, "2022_net40_mean_bp_NONPOSITIVE": 95, "2023_N": 95, "2023_DATES": 95, "2023_net40_mean_bp_NONPOSITIVE": 95}, "note": "Frozen breakout level and closed retest experiment. Overlapping diagnostics are not executable account growth."}
2026-10-02T22:48:46.8104972Z V13_RETEST_SELECT {"status": "NO_DEVELOPMENT_POLICY_SURVIVOR", "cells_examined": 96, "selected": [], "policies": [], "union_name": "BREAKOUT_LEVEL_RETEST_UNION", "source_context_sha256": "91835c8f0b86a06046841c757e76202fc5e0b602e5b17bc471966e49ab762c95", "source_symbols": 16, "economic_surviving_cells": 0, "rejection_counts": {"2021_DATES": 96, "2022_DATES": 96, "2023_DATES": 96, "N_LT_300": 95, "SYMBOLS_LT_10": 95, "TOP_SYMBOL_GT_30PCT": 95, "NET40_MEAN_BP_NONPOSITIVE": 95, "NET40_R_MEAN_NONPOSITIVE": 95, "2021_N": 95, "2021_net40_R_NONPOSITIVE": 95, "2021_net40_mean_bp_NONPOSITIVE": 95, "2021_day_R_NONPOSITIVE": 95, "2022_N": 95, "2022_net40_R_NONPOSITIVE": 95, "2022_net40_mean_bp_NONPOSITIVE": 95, "2022_day_R_NONPOSITIVE": 95, "2023_N": 95, "2023_net40_R_NONPOSITIVE": 95, "2023_net40_mean_bp_NONPOSITIVE": 95, "2023_day_R_NONPOSITIVE": 95}, "note": "Frozen breakout level and closed retest experiment. Overlapping diagnostics are not executable account growth."}
2026-10-02T22:48:46.8121512Z ok
2026-10-02T22:48:46.8129312Z test_real_frozen_catalogue_has856_and256_hashes (test_breakout_level_retest_v13.SelectionSourceTests.test_real_frozen_catalogue_has856_and256_hashes) ... ok
2026-10-02T22:48:46.8146692Z test_source_verifier_rejects_market_btc_and_catalogue_changes (test_breakout_level_retest_v13.SelectionSourceTests.test_source_verifier_rejects_market_btc_and_catalogue_changes) ... ok
2026-10-02T22:48:47.5760465Z test_synthetic_eight_file_shard_pipeline (test_breakout_level_retest_v13.SelectionSourceTests.test_synthetic_eight_file_shard_pipeline) ... V13_RETEST_SCAN DEV 1 / 1 parameterized_outcomes 0
2026-10-02T22:48:47.5791423Z V13_RETEST_SCAN_DONE DEV 0 chronology_exclusions 0
2026-10-02T22:48:47.6089912Z V13_RETEST_SCAN DEV 1 / 1 parameterized_outcomes 0
2026-10-02T22:48:47.6122767Z V13_RETEST_SCAN_DONE DEV 0 chronology_exclusions 0
2026-10-02T22:48:47.6423403Z V13_RETEST_SCAN DEV 1 / 1 parameterized_outcomes 0
2026-10-02T22:48:47.6455072Z V13_RETEST_SCAN_DONE DEV 0 chronology_exclusions 0
2026-10-02T22:48:47.6755683Z V13_RETEST_SCAN DEV 1 / 1 parameterized_outcomes 0
2026-10-02T22:48:47.6787159Z V13_RETEST_SCAN_DONE DEV 0 chronology_exclusions 0
2026-10-02T22:48:47.7086820Z V13_RETEST_SCAN DEV 1 / 1 parameterized_outcomes 0
2026-10-02T22:48:47.7119741Z V13_RETEST_SCAN_DONE DEV 0 chronology_exclusions 0
2026-10-02T22:48:47.7418224Z V13_RETEST_SCAN DEV 1 / 1 parameterized_outcomes 0
2026-10-02T22:48:47.7451050Z V13_RETEST_SCAN_DONE DEV 0 chronology_exclusions 0
2026-10-02T22:48:47.7750434Z V13_RETEST_SCAN DEV 1 / 1 parameterized_outcomes 0
2026-10-02T22:48:47.7782144Z V13_RETEST_SCAN_DONE DEV 0 chronology_exclusions 0
2026-10-02T22:48:47.8077139Z V13_RETEST_SCAN DEV 1 / 1 parameterized_outcomes 0
2026-10-02T22:48:47.8108776Z V13_RETEST_SCAN_DONE DEV 0 chronology_exclusions 0
2026-10-02T22:48:48.0521792Z V13_RETEST_SELECT {"status": "NO_DEVELOPMENT_POLICY_SURVIVOR", "cells_examined": 96, "selected": [], "policies": [], "union_name": "BREAKOUT_LEVEL_RETEST_UNION", "source_context_sha256": "16234bda635da32dde811f1dc4d42081037f4fc6ca581fc87f11fb54a7d7d826", "source_symbols": 8, "economic_surviving_cells": 0, "rejection_counts": {"N_LT_300": 96, "SYMBOLS_LT_10": 96, "TOP_SYMBOL_GT_30PCT": 96, "NET40_MEAN_BP_NONPOSITIVE": 96, "NET40_R_MEAN_NONPOSITIVE": 96, "2021_N": 96, "2021_DATES": 96, "2021_net40_R_NONPOSITIVE": 96, "2021_net40_mean_bp_NONPOSITIVE": 96, "2021_day_R_NONPOSITIVE": 96, "2022_N": 96, "2022_DATES": 96, "2022_net40_R_NONPOSITIVE": 96, "2022_net40_mean_bp_NONPOSITIVE": 96, "2022_day_R_NONPOSITIVE": 96, "2023_N": 96, "2023_DATES": 96, "2023_net40_R_NONPOSITIVE": 96, "2023_net40_mean_bp_NONPOSITIVE": 96, "2023_day_R_NONPOSITIVE": 96}, "note": "Frozen breakout level and closed retest experiment. Overlapping diagnostics are not executable account growth."}
2026-10-02T22:48:48.0537732Z V13_SYNTHETIC_PIPELINE_PASS {"synthetic_only": true, "scans": 8, "all96_cells_preserved": true, "market_profitability_claim": false}
2026-10-02T22:48:48.0603439Z ok
2026-10-02T22:48:48.0614095Z test_breakout_guards_are_checked_before_state_creation (test_breakout_level_retest_v13.SnapshotTests.test_breakout_guards_are_checked_before_state_creation) ... ok
2026-10-02T22:48:48.0617074Z test_failed_close_cancels_before_retest (test_breakout_level_retest_v13.SnapshotTests.test_failed_close_cancels_before_retest) ... ok
2026-10-02T22:48:48.0620486Z test_first_retest_consumes_snapshot_and_invalid_fill_cannot_retry (test_breakout_level_retest_v13.SnapshotTests.test_first_retest_consumes_snapshot_and_invalid_fill_cannot_retry) ... ok
2026-10-02T22:48:48.0624581Z test_lowvolume_arithmetic_mean_excludes_breakout_and_uses_frozen_baseline (test_breakout_level_retest_v13.SnapshotTests.test_lowvolume_arithmetic_mean_excludes_breakout_and_uses_frozen_baseline) ... ok
2026-10-02T22:48:48.0628848Z test_maximum_wait_is_inclusive_and_expired_snapshot_cannot_signal (test_breakout_level_retest_v13.SnapshotTests.test_maximum_wait_is_inclusive_and_expired_snapshot_cannot_signal) ... ok
2026-10-02T22:48:48.0633765Z test_mirrored_sides_and_minimum_wait (test_breakout_level_retest_v13.SnapshotTests.test_mirrored_sides_and_minimum_wait) ... ok
2026-10-02T22:48:48.0646287Z test_retest_touch_recovery_body_clv_and_market_guards (test_breakout_level_retest_v13.SnapshotTests.test_retest_touch_recovery_body_clv_and_market_guards) ... ok
2026-10-02T22:48:48.0648898Z test_snapshot_ignores_new_breakout_and_keeps_original_level_atr_baseline (test_breakout_level_retest_v13.SnapshotTests.test_snapshot_ignores_new_breakout_and_keeps_original_level_atr_baseline) ... ok
2026-10-02T22:48:48.0650886Z test_source_gap_clears_snapshot (test_breakout_level_retest_v13.SnapshotTests.test_source_gap_clears_snapshot) ... ok
2026-10-02T22:48:48.0652649Z test_unknown_participation_fails_closed (test_breakout_level_retest_v13.SnapshotTests.test_unknown_participation_fails_closed) ... ok
2026-10-02T22:48:48.0659532Z test_canonical_gap_return_not_changed_by_retention (test_taker_absorption_release_v12.FailedOriginalTests.test_canonical_gap_return_not_changed_by_retention) ... ok
2026-10-02T22:48:48.0672108Z test_malformed_bytes_retained_without_inventing_validity (test_taker_absorption_release_v12.FailedOriginalTests.test_malformed_bytes_retained_without_inventing_validity) ... ok
2026-10-02T22:48:48.0689676Z test_tamper_failed_zip_and_checksum_rejected_with_bytes_saved (test_taker_absorption_release_v12.FailedOriginalTests.test_tamper_failed_zip_and_checksum_rejected_with_bytes_saved) ... ok
2026-10-02T22:48:48.0691624Z test_exact_btc_alignment_missing_prior_never_filled (test_taker_absorption_release_v12.FeatureTests.test_exact_btc_alignment_missing_prior_never_filled) ... ok
2026-10-02T22:48:48.0908336Z test_future_mutation_does_not_change_features_or_existing_intents (test_taker_absorption_release_v12.FeatureTests.test_future_mutation_does_not_change_features_or_existing_intents) ... ok
2026-10-02T22:48:48.1060584Z test_gap_restarts_setup_and_pre_setup_volume (test_taker_absorption_release_v12.FeatureTests.test_gap_restarts_setup_and_pre_setup_volume) ... ok
2026-10-02T22:48:48.1066695Z test_grid_sixteen_entries_ninety_six_policies (test_taker_absorption_release_v12.FeatureTests.test_grid_sixteen_entries_ninety_six_policies) ... ok
2026-10-02T22:48:48.1152679Z test_independent_setup_window_volume_weighting_and_cutoffs (test_taker_absorption_release_v12.FeatureTests.test_independent_setup_window_volume_weighting_and_cutoffs) ... ok
2026-10-02T22:48:48.1319914Z test_release_bar_cannot_change_its_setup_or_prior_atr (test_taker_absorption_release_v12.FeatureTests.test_release_bar_cannot_change_its_setup_or_prior_atr) ... ok
2026-10-02T22:48:48.4072412Z test_all96_including_zero_and_frozen_selection (test_taker_absorption_release_v12.SelectionSourceTests.test_all96_including_zero_and_frozen_selection) ... V12_ABSORPTION_SELECT {"status": "ACCOUNT_REPLAY_REQUIRED", "cells_examined": 96, "selected": [{"key": "ABSORB_S+1_W4_Q60_PRICE_ONLY", "side": 1, "window": 4, "share": 0.6, "flow": "PRICE_ONLY", "hold": 16, "exit_type": "TP2", "policy": "ABSORB_S+1_W4_Q60_PRICE_ONLY__H16__TP2", "development_net40_R": 0.5, "development_worst_year_day_R": 0.5}], "policies": [{"key": "ABSORB_S+1_W4_Q60_PRICE_ONLY", "side": 1, "window": 4, "share": 0.6, "flow": "PRICE_ONLY", "hold": 16, "exit_type": "TP2", "policy": "ABSORB_S+1_W4_Q60_PRICE_ONLY__H16__TP2", "development_net40_R": 0.5, "development_worst_year_day_R": 0.5}], "union_name": "TAKER_ABSORPTION_RELEASE_UNION", "source_context_sha256": "91835c8f0b86a06046841c757e76202fc5e0b602e5b17bc471966e49ab762c95", "source_symbols": 16, "economic_surviving_cells": 1, "rejection_counts": {"N_LT_300": 95, "SYMBOLS_LT_10": 95, "TOP_SYMBOL_GT_30PCT": 95, "NET40_MEAN_BP_NONPOSITIVE": 95, "NET40_R_MEAN_NONPOSITIVE": 95, "2021_N": 95, "2021_DATES": 95, "2021_net40_R_NONPOSITIVE": 95, "2021_net40_mean_bp_NONPOSITIVE": 95, "2021_day_R_NONPOSITIVE": 95, "2022_N": 95, "2022_DATES": 95, "2022_net40_R_NONPOSITIVE": 95, "2022_net40_mean_bp_NONPOSITIVE": 95, "2022_day_R_NONPOSITIVE": 95, "2023_N": 95, "2023_DATES": 95, "2023_net40_R_NONPOSITIVE": 95, "2023_net40_mean_bp_NONPOSITIVE": 95, "2023_day_R_NONPOSITIVE": 95}, "note": "Executed-flow versus price-response absorption-release experiment. Overlapping diagnostics are not executable account growth."}
2026-10-02T22:48:48.4105544Z ok
2026-10-02T22:48:48.6652631Z test_empty_preserves_all96_zero_cells (test_taker_absorption_release_v12.SelectionSourceTests.test_empty_preserves_all96_zero_cells) ... V12_ABSORPTION_SELECT {"status": "NO_DEVELOPMENT_POLICY_SURVIVOR", "cells_examined": 96, "selected": [], "policies": [], "union_name": "TAKER_ABSORPTION_RELEASE_UNION", "source_context_sha256": "91835c8f0b86a06046841c757e76202fc5e0b602e5b17bc471966e49ab762c95", "source_symbols": 16, "economic_surviving_cells": 0, "rejection_counts": {"N_LT_300": 96, "SYMBOLS_LT_10": 96, "TOP_SYMBOL_GT_30PCT": 96, "NET40_MEAN_BP_NONPOSITIVE": 96, "NET40_R_MEAN_NONPOSITIVE": 96, "2021_N": 96, "2021_DATES": 96, "2021_net40_R_NONPOSITIVE": 96, "2021_net40_mean_bp_NONPOSITIVE": 96, "2021_day_R_NONPOSITIVE": 96, "2022_N": 96, "2022_DATES": 96, "2022_net40_R_NONPOSITIVE": 96, "2022_net40_mean_bp_NONPOSITIVE": 96, "2022_day_R_NONPOSITIVE": 96, "2023_N": 96, "2023_DATES": 96, "2023_net40_R_NONPOSITIVE": 96, "2023_net40_mean_bp_NONPOSITIVE": 96, "2023_day_R_NONPOSITIVE": 96}, "note": "Executed-flow versus price-response absorption-release experiment. Overlapping diagnostics are not executable account growth."}
2026-10-02T22:48:48.6683313Z ok
2026-10-02T22:48:48.8291105Z test_incomplete_duplicate_or_tampered_shards_fail_closed (test_taker_absorption_release_v12.SelectionSourceTests.test_incomplete_duplicate_or_tampered_shards_fail_closed) ... ok
2026-10-02T22:48:49.1006638Z test_negative_or_clustered_active_dates_fail (test_taker_absorption_release_v12.SelectionSourceTests.test_negative_or_clustered_active_dates_fail) ... V12_ABSORPTION_SELECT {"status": "NO_DEVELOPMENT_POLICY_SURVIVOR", "cells_examined": 96, "selected": [], "policies": [], "union_name": "TAKER_ABSORPTION_RELEASE_UNION", "source_context_sha256": "91835c8f0b86a06046841c757e76202fc5e0b602e5b17bc471966e49ab762c95", "source_symbols": 16, "economic_surviving_cells": 0, "rejection_counts": {"TOP_SYMBOL_GT_30PCT": 96, "NET40_MEAN_BP_NONPOSITIVE": 96, "2021_net40_mean_bp_NONPOSITIVE": 96, "2022_net40_mean_bp_NONPOSITIVE": 96, "2023_net40_mean_bp_NONPOSITIVE": 96, "N_LT_300": 95, "SYMBOLS_LT_10": 95, "NET40_R_MEAN_NONPOSITIVE": 95, "2021_N": 95, "2021_DATES": 95, "2021_net40_R_NONPOSITIVE": 95, "2021_day_R_NONPOSITIVE": 95, "2022_N": 95, "2022_DATES": 95, "2022_net40_R_NONPOSITIVE": 95, "2022_day_R_NONPOSITIVE": 95, "2023_N": 95, "2023_DATES": 95, "2023_net40_R_NONPOSITIVE": 95, "2023_day_R_NONPOSITIVE": 95}, "note": "Executed-flow versus price-response absorption-release experiment. Overlapping diagnostics are not executable account growth."}
2026-10-02T22:48:49.3894900Z V12_ABSORPTION_SELECT {"status": "NO_DEVELOPMENT_POLICY_SURVIVOR", "cells_examined": 96, "selected": [], "policies": [], "union_name": "TAKER_ABSORPTION_RELEASE_UNION", "source_context_sha256": "91835c8f0b86a06046841c757e76202fc5e0b602e5b17bc471966e49ab762c95", "source_symbols": 16, "economic_surviving_cells": 0, "rejection_counts": {"NET40_R_MEAN_NONPOSITIVE": 96, "2021_net40_R_NONPOSITIVE": 96, "2021_day_R_NONPOSITIVE": 96, "2022_net40_R_NONPOSITIVE": 96, "2022_day_R_NONPOSITIVE": 96, "2023_net40_R_NONPOSITIVE": 96, "2023_day_R_NONPOSITIVE": 96, "N_LT_300": 95, "SYMBOLS_LT_10": 95, "TOP_SYMBOL_GT_30PCT": 95, "NET40_MEAN_BP_NONPOSITIVE": 95, "2021_N": 95, "2021_DATES": 95, "2021_net40_mean_bp_NONPOSITIVE": 95, "2022_N": 95, "2022_DATES": 95, "2022_net40_mean_bp_NONPOSITIVE": 95, "2023_N": 95, "2023_DATES": 95, "2023_net40_mean_bp_NONPOSITIVE": 95}, "note": "Executed-flow versus price-response absorption-release experiment. Overlapping diagnostics are not executable account growth."}
2026-10-02T22:48:49.6641855Z V12_ABSORPTION_SELECT {"status": "NO_DEVELOPMENT_POLICY_SURVIVOR", "cells_examined": 96, "selected": [], "policies": [], "union_name": "TAKER_ABSORPTION_RELEASE_UNION", "source_context_sha256": "91835c8f0b86a06046841c757e76202fc5e0b602e5b17bc471966e49ab762c95", "source_symbols": 16, "economic_surviving_cells": 0, "rejection_counts": {"2021_DATES": 96, "2022_DATES": 96, "2023_DATES": 96, "N_LT_300": 95, "SYMBOLS_LT_10": 95, "TOP_SYMBOL_GT_30PCT": 95, "NET40_MEAN_BP_NONPOSITIVE": 95, "NET40_R_MEAN_NONPOSITIVE": 95, "2021_N": 95, "2021_net40_R_NONPOSITIVE": 95, "2021_net40_mean_bp_NONPOSITIVE": 95, "2021_day_R_NONPOSITIVE": 95, "2022_N": 95, "2022_net40_R_NONPOSITIVE": 95, "2022_net40_mean_bp_NONPOSITIVE": 95, "2022_day_R_NONPOSITIVE": 95, "2023_N": 95, "2023_net40_R_NONPOSITIVE": 95, "2023_net40_mean_bp_NONPOSITIVE": 95, "2023_day_R_NONPOSITIVE": 95}, "note": "Executed-flow versus price-response absorption-release experiment. Overlapping diagnostics are not executable account growth."}
2026-10-02T22:48:49.6659581Z ok
2026-10-02T22:48:49.6667550Z test_real_frozen_catalogue_has856_and256_hashes (test_taker_absorption_release_v12.SelectionSourceTests.test_real_frozen_catalogue_has856_and256_hashes) ... ok
2026-10-02T22:48:49.6684451Z test_source_verifier_rejects_market_btc_and_catalogue_changes (test_taker_absorption_release_v12.SelectionSourceTests.test_source_verifier_rejects_market_btc_and_catalogue_changes) ... ok
2026-10-02T22:48:50.4390171Z test_synthetic_eight_file_shard_pipeline (test_taker_absorption_release_v12.SelectionSourceTests.test_synthetic_eight_file_shard_pipeline) ... V12_ABSORPTION_SCAN DEV 1 / 1 parameterized_outcomes 0
2026-10-02T22:48:50.4422591Z V12_ABSORPTION_SCAN_DONE DEV 0 chronology_exclusions 0
2026-10-02T22:48:50.4820071Z V12_ABSORPTION_SCAN DEV 1 / 1 parameterized_outcomes 0
2026-10-02T22:48:50.4853192Z V12_ABSORPTION_SCAN_DONE DEV 0 chronology_exclusions 0
2026-10-02T22:48:50.5253168Z V12_ABSORPTION_SCAN DEV 1 / 1 parameterized_outcomes 0
2026-10-02T22:48:50.5285819Z V12_ABSORPTION_SCAN_DONE DEV 0 chronology_exclusions 0
2026-10-02T22:48:50.5688332Z V12_ABSORPTION_SCAN DEV 1 / 1 parameterized_outcomes 0
2026-10-02T22:48:50.5721590Z V12_ABSORPTION_SCAN_DONE DEV 0 chronology_exclusions 0
2026-10-02T22:48:50.6118666Z V12_ABSORPTION_SCAN DEV 1 / 1 parameterized_outcomes 0
2026-10-02T22:48:50.6150626Z V12_ABSORPTION_SCAN_DONE DEV 0 chronology_exclusions 0
2026-10-02T22:48:50.6547366Z V12_ABSORPTION_SCAN DEV 1 / 1 parameterized_outcomes 0
2026-10-02T22:48:50.6579522Z V12_ABSORPTION_SCAN_DONE DEV 0 chronology_exclusions 0
2026-10-02T22:48:50.6978008Z V12_ABSORPTION_SCAN DEV 1 / 1 parameterized_outcomes 0
2026-10-02T22:48:50.7012436Z V12_ABSORPTION_SCAN_DONE DEV 0 chronology_exclusions 0
2026-10-02T22:48:50.7414653Z V12_ABSORPTION_SCAN DEV 1 / 1 parameterized_outcomes 0
2026-10-02T22:48:50.7447023Z V12_ABSORPTION_SCAN_DONE DEV 0 chronology_exclusions 0
2026-10-02T22:48:50.9885930Z V12_ABSORPTION_SELECT {"status": "NO_DEVELOPMENT_POLICY_SURVIVOR", "cells_examined": 96, "selected": [], "policies": [], "union_name": "TAKER_ABSORPTION_RELEASE_UNION", "source_context_sha256": "abb8d213b6176e87884538eaa7cb17ce2f22aee907f85c2bd25facc58d825a60", "source_symbols": 8, "economic_surviving_cells": 0, "rejection_counts": {"N_LT_300": 96, "SYMBOLS_LT_10": 96, "TOP_SYMBOL_GT_30PCT": 96, "NET40_MEAN_BP_NONPOSITIVE": 96, "NET40_R_MEAN_NONPOSITIVE": 96, "2021_N": 96, "2021_DATES": 96, "2021_net40_R_NONPOSITIVE": 96, "2021_net40_mean_bp_NONPOSITIVE": 96, "2021_day_R_NONPOSITIVE": 96, "2022_N": 96, "2022_DATES": 96, "2022_net40_R_NONPOSITIVE": 96, "2022_net40_mean_bp_NONPOSITIVE": 96, "2022_day_R_NONPOSITIVE": 96, "2023_N": 96, "2023_DATES": 96, "2023_net40_R_NONPOSITIVE": 96, "2023_net40_mean_bp_NONPOSITIVE": 96, "2023_day_R_NONPOSITIVE": 96}, "note": "Executed-flow versus price-response absorption-release experiment. Overlapping diagnostics are not executable account growth."}
2026-10-02T22:48:50.9902970Z V12_SYNTHETIC_PIPELINE_PASS {"synthetic_only": true, "scans": 8, "all96_cells_preserved": true, "market_profitability_claim": false}
2026-10-02T22:48:50.9968628Z ok
2026-10-02T22:48:50.9980886Z test_actual_minute_entry_mismatch_and_gap_are_excluded (test_taker_absorption_release_v12.SignalExitTests.test_actual_minute_entry_mismatch_and_gap_are_excluded) ... ok
2026-10-02T22:48:51.0008864Z test_actual_one_minute_entry_tp_and_established_collision_order (test_taker_absorption_release_v12.SignalExitTests.test_actual_one_minute_entry_tp_and_established_collision_order) ... ok
2026-10-02T22:48:51.0020202Z test_authoritative_exclusions_remain_excluded (test_taker_absorption_release_v12.SignalExitTests.test_authoritative_exclusions_remain_excluded) ... ok
2026-10-02T22:48:51.0030457Z test_both_sides_and_confirmation_modes_release_against_setup_flow (test_taker_absorption_release_v12.SignalExitTests.test_both_sides_and_confirmation_modes_release_against_setup_flow) ... ok
2026-10-02T22:48:51.0038964Z test_favorable_gap_wrong_side_wide_stop_and_path_exclusions (test_taker_absorption_release_v12.SignalExitTests.test_favorable_gap_wrong_side_wide_stop_and_path_exclusions) ... ok
2026-10-02T22:48:51.0044245Z test_next_open_structural_stop_actual_risk_and_priority (test_taker_absorption_release_v12.SignalExitTests.test_next_open_structural_stop_actual_risk_and_priority) ... ok
2026-10-02T22:48:51.0049607Z test_release_current_flow_is_separate_and_optional (test_taker_absorption_release_v12.SignalExitTests.test_release_current_flow_is_separate_and_optional) ... ok
2026-10-02T22:48:51.0068904Z test_setup_volume_flatness_persistence_and_release_are_required (test_taker_absorption_release_v12.SignalExitTests.test_setup_volume_flatness_persistence_and_release_are_required) ... ok
2026-10-02T22:48:51.0072200Z test_stop_floor_and_cooldown_independent_of_exit (test_taker_absorption_release_v12.SignalExitTests.test_stop_floor_and_cooldown_independent_of_exit) ... ok
2026-10-02T22:48:51.0082954Z test_tp_two_three_trail_shared_resolver_and_independent_net (test_taker_absorption_release_v12.SignalExitTests.test_tp_two_three_trail_shared_resolver_and_independent_net) ... ok
2026-10-02T22:48:51.0175797Z test_breakout_atr_and_prior_flow_exclude_current (test_aggressive_flow_cascade_v11.FeatureTests.test_breakout_atr_and_prior_flow_exclude_current) ... ok
2026-10-02T22:48:51.0252863Z test_coin_gap_restarts_every_prior_window (test_aggressive_flow_cascade_v11.FeatureTests.test_coin_gap_restarts_every_prior_window) ... ok
2026-10-02T22:48:51.0255234Z test_exact_btc_alignment_never_interpolates (test_aggressive_flow_cascade_v11.FeatureTests.test_exact_btc_alignment_never_interpolates) ... ok
2026-10-02T22:48:51.0365701Z test_future_mutation_cannot_change_earlier_features (test_aggressive_flow_cascade_v11.FeatureTests.test_future_mutation_cannot_change_earlier_features) ... ok
2026-10-02T22:48:51.0371954Z test_grid_is_sixteen_by_two_by_three (test_aggressive_flow_cascade_v11.FeatureTests.test_grid_is_sixteen_by_two_by_three) ... ok
2026-10-02T22:48:51.3042287Z test_all96_including_zero_and_frozen_selection (test_aggressive_flow_cascade_v11.SelectionSourceTests.test_all96_including_zero_and_frozen_selection) ... V11_CASCADE_SELECT {"status": "ACCOUNT_REPLAY_REQUIRED", "cells_examined": 96, "selected": [{"key": "CASCADE_S+1_T15_B16_CURRENT65", "side": 1, "threshold": 0.015, "lookback": 16, "flow": "CURRENT65", "hold": 8, "exit_type": "TP15", "policy": "CASCADE_S+1_T15_B16_CURRENT65__H8__TP15", "development_net40_R": 0.5, "development_worst_year_day_R": 0.5}], "policies": [{"key": "CASCADE_S+1_T15_B16_CURRENT65", "side": 1, "threshold": 0.015, "lookback": 16, "flow": "CURRENT65", "hold": 8, "exit_type": "TP15", "policy": "CASCADE_S+1_T15_B16_CURRENT65__H8__TP15", "development_net40_R": 0.5, "development_worst_year_day_R": 0.5}], "union_name": "AGGRESSIVE_FLOW_CASCADE_UNION", "source_context_sha256": "91835c8f0b86a06046841c757e76202fc5e0b602e5b17bc471966e49ab762c95", "source_symbols": 16, "economic_surviving_cells": 1, "rejection_counts": {"N_LT_300": 95, "SYMBOLS_LT_10": 95, "TOP_SYMBOL_GT_30PCT": 95, "NET40_MEAN_BP_NONPOSITIVE": 95, "NET40_R_MEAN_NONPOSITIVE": 95, "2021_N": 95, "2021_DATES": 95, "2021_net40_R_NONPOSITIVE": 95, "2021_net40_mean_bp_NONPOSITIVE": 95, "2021_day_R_NONPOSITIVE": 95, "2022_N": 95, "2022_DATES": 95, "2022_net40_R_NONPOSITIVE": 95, "2022_net40_mean_bp_NONPOSITIVE": 95, "2022_day_R_NONPOSITIVE": 95, "2023_N": 95, "2023_DATES": 95, "2023_net40_R_NONPOSITIVE": 95, "2023_net40_mean_bp_NONPOSITIVE": 95, "2023_day_R_NONPOSITIVE": 95}, "note": "Short-horizon aggressive-flow continuation experiment. Overlapping diagnostics are not executable account growth."}
2026-10-02T22:48:51.3075653Z ok
2026-10-02T22:48:51.5545161Z test_empty_preserves_all96_zero_cells (test_aggressive_flow_cascade_v11.SelectionSourceTests.test_empty_preserves_all96_zero_cells) ... V11_CASCADE_SELECT {"status": "NO_DEVELOPMENT_POLICY_SURVIVOR", "cells_examined": 96, "selected": [], "policies": [], "union_name": "AGGRESSIVE_FLOW_CASCADE_UNION", "source_context_sha256": "91835c8f0b86a06046841c757e76202fc5e0b602e5b17bc471966e49ab762c95", "source_symbols": 16, "economic_surviving_cells": 0, "rejection_counts": {"N_LT_300": 96, "SYMBOLS_LT_10": 96, "TOP_SYMBOL_GT_30PCT": 96, "NET40_MEAN_BP_NONPOSITIVE": 96, "NET40_R_MEAN_NONPOSITIVE": 96, "2021_N": 96, "2021_DATES": 96, "2021_net40_R_NONPOSITIVE": 96, "2021_net40_mean_bp_NONPOSITIVE": 96, "2021_day_R_NONPOSITIVE": 96, "2022_N": 96, "2022_DATES": 96, "2022_net40_R_NONPOSITIVE": 96, "2022_net40_mean_bp_NONPOSITIVE": 96, "2022_day_R_NONPOSITIVE": 96, "2023_N": 96, "2023_DATES": 96, "2023_net40_R_NONPOSITIVE": 96, "2023_net40_mean_bp_NONPOSITIVE": 96, "2023_day_R_NONPOSITIVE": 96}, "note": "Short-horizon aggressive-flow continuation experiment. Overlapping diagnostics are not executable account growth."}
2026-10-02T22:48:51.5575849Z ok
2026-10-02T22:48:51.7057100Z test_incomplete_duplicate_or_tampered_shards_fail_closed (test_aggressive_flow_cascade_v11.SelectionSourceTests.test_incomplete_duplicate_or_tampered_shards_fail_closed) ... ok
2026-10-02T22:48:51.9689110Z test_negative_or_clustered_active_dates_fail (test_aggressive_flow_cascade_v11.SelectionSourceTests.test_negative_or_clustered_active_dates_fail) ... V11_CASCADE_SELECT {"status": "NO_DEVELOPMENT_POLICY_SURVIVOR", "cells_examined": 96, "selected": [], "policies": [], "union_name": "AGGRESSIVE_FLOW_CASCADE_UNION", "source_context_sha256": "91835c8f0b86a06046841c757e76202fc5e0b602e5b17bc471966e49ab762c95", "source_symbols": 16, "economic_surviving_cells": 0, "rejection_counts": {"TOP_SYMBOL_GT_30PCT": 96, "NET40_MEAN_BP_NONPOSITIVE": 96, "2021_net40_mean_bp_NONPOSITIVE": 96, "2022_net40_mean_bp_NONPOSITIVE": 96, "2023_net40_mean_bp_NONPOSITIVE": 96, "N_LT_300": 95, "SYMBOLS_LT_10": 95, "NET40_R_MEAN_NONPOSITIVE": 95, "2021_N": 95, "2021_DATES": 95, "2021_net40_R_NONPOSITIVE": 95, "2021_day_R_NONPOSITIVE": 95, "2022_N": 95, "2022_DATES": 95, "2022_net40_R_NONPOSITIVE": 95, "2022_day_R_NONPOSITIVE": 95, "2023_N": 95, "2023_DATES": 95, "2023_net40_R_NONPOSITIVE": 95, "2023_day_R_NONPOSITIVE": 95}, "note": "Short-horizon aggressive-flow continuation experiment. Overlapping diagnostics are not executable account growth."}
2026-10-02T22:48:52.2477001Z V11_CASCADE_SELECT {"status": "NO_DEVELOPMENT_POLICY_SURVIVOR", "cells_examined": 96, "selected": [], "policies": [], "union_name": "AGGRESSIVE_FLOW_CASCADE_UNION", "source_context_sha256": "91835c8f0b86a06046841c757e76202fc5e0b602e5b17bc471966e49ab762c95", "source_symbols": 16, "economic_surviving_cells": 0, "rejection_counts": {"NET40_R_MEAN_NONPOSITIVE": 96, "2021_net40_R_NONPOSITIVE": 96, "2021_day_R_NONPOSITIVE": 96, "2022_net40_R_NONPOSITIVE": 96, "2022_day_R_NONPOSITIVE": 96, "2023_net40_R_NONPOSITIVE": 96, "2023_day_R_NONPOSITIVE": 96, "N_LT_300": 95, "SYMBOLS_LT_10": 95, "TOP_SYMBOL_GT_30PCT": 95, "NET40_MEAN_BP_NONPOSITIVE": 95, "2021_N": 95, "2021_DATES": 95, "2021_net40_mean_bp_NONPOSITIVE": 95, "2022_N": 95, "2022_DATES": 95, "2022_net40_mean_bp_NONPOSITIVE": 95, "2023_N": 95, "2023_DATES": 95, "2023_net40_mean_bp_NONPOSITIVE": 95}, "note": "Short-horizon aggressive-flow continuation experiment. Overlapping diagnostics are not executable account growth."}
2026-10-02T22:48:52.5120838Z V11_CASCADE_SELECT {"status": "NO_DEVELOPMENT_POLICY_SURVIVOR", "cells_examined": 96, "selected": [], "policies": [], "union_name": "AGGRESSIVE_FLOW_CASCADE_UNION", "source_context_sha256": "91835c8f0b86a06046841c757e76202fc5e0b602e5b17bc471966e49ab762c95", "source_symbols": 16, "economic_surviving_cells": 0, "rejection_counts": {"2021_DATES": 96, "2022_DATES": 96, "2023_DATES": 96, "N_LT_300": 95, "SYMBOLS_LT_10": 95, "TOP_SYMBOL_GT_30PCT": 95, "NET40_MEAN_BP_NONPOSITIVE": 95, "NET40_R_MEAN_NONPOSITIVE": 95, "2021_N": 95, "2021_net40_R_NONPOSITIVE": 95, "2021_net40_mean_bp_NONPOSITIVE": 95, "2021_day_R_NONPOSITIVE": 95, "2022_N": 95, "2022_net40_R_NONPOSITIVE": 95, "2022_net40_mean_bp_NONPOSITIVE": 95, "2022_day_R_NONPOSITIVE": 95, "2023_N": 95, "2023_net40_R_NONPOSITIVE": 95, "2023_net40_mean_bp_NONPOSITIVE": 95, "2023_day_R_NONPOSITIVE": 95}, "note": "Short-horizon aggressive-flow continuation experiment. Overlapping diagnostics are not executable account growth."}
2026-10-02T22:48:52.5137289Z ok
2026-10-02T22:48:52.5144881Z test_real_frozen_catalogue_has856_and256_hashes (test_aggressive_flow_cascade_v11.SelectionSourceTests.test_real_frozen_catalogue_has856_and256_hashes) ... ok
2026-10-02T22:48:52.5162475Z test_source_verifier_rejects_market_btc_and_catalogue_changes (test_aggressive_flow_cascade_v11.SelectionSourceTests.test_source_verifier_rejects_market_btc_and_catalogue_changes) ... ok
2026-10-02T22:48:53.2795658Z test_synthetic_eight_file_shard_pipeline (test_aggressive_flow_cascade_v11.SelectionSourceTests.test_synthetic_eight_file_shard_pipeline) ... V11_CASCADE_SCAN DEV 1 / 1 parameterized_outcomes 0
2026-10-02T22:48:53.2828434Z V11_CASCADE_SCAN_DONE DEV 0 chronology_exclusions 0
2026-10-02T22:48:53.3147683Z V11_CASCADE_SCAN DEV 1 / 1 parameterized_outcomes 0
2026-10-02T22:48:53.3179529Z V11_CASCADE_SCAN_DONE DEV 0 chronology_exclusions 0
2026-10-02T22:48:53.3497226Z V11_CASCADE_SCAN DEV 1 / 1 parameterized_outcomes 0
2026-10-02T22:48:53.3529433Z V11_CASCADE_SCAN_DONE DEV 0 chronology_exclusions 0
2026-10-02T22:48:53.3867006Z V11_CASCADE_SCAN DEV 1 / 1 parameterized_outcomes 0
2026-10-02T22:48:53.3898522Z V11_CASCADE_SCAN_DONE DEV 0 chronology_exclusions 0
2026-10-02T22:48:53.4217161Z V11_CASCADE_SCAN DEV 1 / 1 parameterized_outcomes 0
2026-10-02T22:48:53.4248708Z V11_CASCADE_SCAN_DONE DEV 0 chronology_exclusions 0
2026-10-02T22:48:53.4569460Z V11_CASCADE_SCAN DEV 1 / 1 parameterized_outcomes 0
2026-10-02T22:48:53.4600979Z V11_CASCADE_SCAN_DONE DEV 0 chronology_exclusions 0
2026-10-02T22:48:53.4917463Z V11_CASCADE_SCAN DEV 1 / 1 parameterized_outcomes 0
2026-10-02T22:48:53.4949531Z V11_CASCADE_SCAN_DONE DEV 0 chronology_exclusions 0
2026-10-02T22:48:53.5266761Z V11_CASCADE_SCAN DEV 1 / 1 parameterized_outcomes 0
2026-10-02T22:48:53.5298638Z V11_CASCADE_SCAN_DONE DEV 0 chronology_exclusions 0
2026-10-02T22:48:53.7657772Z V11_CASCADE_SELECT {"status": "NO_DEVELOPMENT_POLICY_SURVIVOR", "cells_examined": 96, "selected": [], "policies": [], "union_name": "AGGRESSIVE_FLOW_CASCADE_UNION", "source_context_sha256": "2cc629feb6606f004d6b570fa58de7fac3791587a4e861adae875442c08f8258", "source_symbols": 8, "economic_surviving_cells": 0, "rejection_counts": {"N_LT_300": 96, "SYMBOLS_LT_10": 96, "TOP_SYMBOL_GT_30PCT": 96, "NET40_MEAN_BP_NONPOSITIVE": 96, "NET40_R_MEAN_NONPOSITIVE": 96, "2021_N": 96, "2021_DATES": 96, "2021_net40_R_NONPOSITIVE": 96, "2021_net40_mean_bp_NONPOSITIVE": 96, "2021_day_R_NONPOSITIVE": 96, "2022_N": 96, "2022_DATES": 96, "2022_net40_R_NONPOSITIVE": 96, "2022_net40_mean_bp_NONPOSITIVE": 96, "2022_day_R_NONPOSITIVE": 96, "2023_N": 96, "2023_DATES": 96, "2023_net40_R_NONPOSITIVE": 96, "2023_net40_mean_bp_NONPOSITIVE": 96, "2023_day_R_NONPOSITIVE": 96}, "note": "Short-horizon aggressive-flow continuation experiment. Overlapping diagnostics are not executable account growth."}
2026-10-02T22:48:53.7674511Z V11_SYNTHETIC_PIPELINE_PASS {"synthetic_only": true, "scans": 8, "all96_cells_preserved": true, "market_profitability_claim": false}
2026-10-02T22:48:53.7741417Z ok
2026-10-02T22:48:53.7748636Z test_authoritative_exclusion_is_not_invented_loss (test_aggressive_flow_cascade_v11.SignalExitTests.test_authoritative_exclusion_is_not_invented_loss) ... ok
2026-10-02T22:48:53.7751618Z test_intent_cooldown_is_not_exit_conditioned (test_aggressive_flow_cascade_v11.SignalExitTests.test_intent_cooldown_is_not_exit_conditioned) ... ok
2026-10-02T22:48:53.7758707Z test_mirrored_current_and_persistent_flow_signals (test_aggressive_flow_cascade_v11.SignalExitTests.test_mirrored_current_and_persistent_flow_signals) ... ok
2026-10-02T22:48:53.7762514Z test_next_open_gap_actual_fill_stop_and_future_ohlc (test_aggressive_flow_cascade_v11.SignalExitTests.test_next_open_gap_actual_fill_stop_and_future_ohlc) ... ok
2026-10-02T22:48:53.7767863Z test_persistent_flow_uses_three_prior_bars_and_current_separately (test_aggressive_flow_cascade_v11.SignalExitTests.test_persistent_flow_uses_three_prior_bars_and_current_separately) ... ok
2026-10-02T22:48:53.7779040Z test_shock_relative_btc_volume_breakout_and_clv_are_hard (test_aggressive_flow_cascade_v11.SignalExitTests.test_shock_relative_btc_volume_breakout_and_clv_are_hard) ... ok
2026-10-02T22:48:53.7786381Z test_stop_floor_wide_invalid_and_path_gap_counted (test_aggressive_flow_cascade_v11.SignalExitTests.test_stop_floor_wide_invalid_and_path_gap_counted) ... ok
2026-10-02T22:48:53.7796999Z test_tp15_tp25_and_trail_use_shared_resolver (test_aggressive_flow_cascade_v11.SignalExitTests.test_tp15_tp25_and_trail_use_shared_resolver) ... ok
2026-10-02T22:48:53.7804305Z test_actual_fill_gap_ignores_future_entry_bar_ohlc (test_residual_reversion_v10.EntryExitTests.test_actual_fill_gap_ignores_future_entry_bar_ohlc) ... ok
2026-10-02T22:48:53.7807991Z test_actual_fill_risk_fit_cutoff_and_equilibrium_are_frozen (test_residual_reversion_v10.EntryExitTests.test_actual_fill_risk_fit_cutoff_and_equilibrium_are_frozen) ... ok
2026-10-02T22:48:53.7812963Z test_authoritative_exclusion_is_not_a_guessed_loss (test_residual_reversion_v10.EntryExitTests.test_authoritative_exclusion_is_not_a_guessed_loss) ... ok
2026-10-02T22:48:53.7819260Z test_common_shock_or_missing_btc_is_rejected (test_residual_reversion_v10.EntryExitTests.test_common_shock_or_missing_btc_is_rejected) ... ok
2026-10-02T22:48:53.7822933Z test_cooldown_depends_on_intents_not_future_exits (test_residual_reversion_v10.EntryExitTests.test_cooldown_depends_on_intents_not_future_exits) ... ok
2026-10-02T22:48:53.7828645Z test_flow_filter_and_price_only (test_residual_reversion_v10.EntryExitTests.test_flow_filter_and_price_only) ... ok
2026-10-02T22:48:53.7833734Z test_full_grid_is_sixteen_by_two_by_three (test_residual_reversion_v10.EntryExitTests.test_full_grid_is_sixteen_by_two_by_three) ... ok
2026-10-02T22:48:53.7846744Z test_mean_and_tp2_use_explicit_shared_fixed_target_path (test_residual_reversion_v10.EntryExitTests.test_mean_and_tp2_use_explicit_shared_fixed_target_path) ... ok
2026-10-02T22:48:53.7854543Z test_mirrored_residual_inward_confirmations (test_residual_reversion_v10.EntryExitTests.test_mirrored_residual_inward_confirmations) ... ok
2026-10-02T22:48:53.7859370Z test_next_open_path_and_split_bounds (test_residual_reversion_v10.EntryExitTests.test_next_open_path_and_split_bounds) ... ok
2026-10-02T22:48:53.7880314Z test_quality_room_deviation_and_relaxation_are_hard_conditions (test_residual_reversion_v10.EntryExitTests.test_quality_room_deviation_and_relaxation_are_hard_conditions) ... ok
2026-10-02T22:48:53.7889602Z test_stop_floor_maximum_invalid_atr_and_target_passed_are_counted (test_residual_reversion_v10.EntryExitTests.test_stop_floor_maximum_invalid_atr_and_target_passed_are_counted) ... ok
2026-10-02T22:48:53.8134777Z test_beta_intercept_sigma_r2_rho_half_life_against_direct_window (test_residual_reversion_v10.PriorModelTests.test_beta_intercept_sigma_r2_rho_half_life_against_direct_window) ... ok
2026-10-02T22:48:53.8469918Z test_coin_gap_restarts_the_full_prior_window (test_residual_reversion_v10.PriorModelTests.test_coin_gap_restarts_the_full_prior_window) ... ok
2026-10-02T22:48:53.8829811Z test_current_coin_and_btc_do_not_enter_training_moments (test_residual_reversion_v10.PriorModelTests.test_current_coin_and_btc_do_not_enter_training_moments) ... ok
2026-10-02T22:48:53.8998612Z test_current_turnover_atr_and_observed_days_are_causal (test_residual_reversion_v10.PriorModelTests.test_current_turnover_atr_and_observed_days_are_causal) ... ok
2026-10-02T22:48:53.9000800Z test_exact_alignment_never_interpolates_missing_or_future_btc (test_residual_reversion_v10.PriorModelTests.test_exact_alignment_never_interpolates_missing_or_future_btc) ... ok
2026-10-02T22:48:53.9393196Z test_future_mutation_cannot_change_earlier_any_model_value (test_residual_reversion_v10.PriorModelTests.test_future_mutation_cannot_change_earlier_any_model_value) ... ok
2026-10-02T22:48:53.9632185Z test_inward_change_uses_same_frozen_model_for_both_closes (test_residual_reversion_v10.PriorModelTests.test_inward_change_uses_same_frozen_model_for_both_closes) ... ok
2026-10-02T22:48:53.9875270Z test_missing_btc_invalidates_every_contaminated_training_window (test_residual_reversion_v10.PriorModelTests.test_missing_btc_invalidates_every_contaminated_training_window) ... ok
2026-10-02T22:48:54.0345172Z test_zero_factor_and_residual_variance_fail_closed (test_residual_reversion_v10.PriorModelTests.test_zero_factor_and_residual_variance_fail_closed) ... ok
2026-10-02T22:48:54.8054354Z test_actual_synthetic_file_scan_and_selection_pipeline (test_residual_reversion_v10.SelectionSourceTests.test_actual_synthetic_file_scan_and_selection_pipeline) ... V10_RESIDUAL_SCAN DEV 1 / 1 parameterized_outcomes 0
2026-10-02T22:48:54.8085584Z V10_RESIDUAL_SCAN_DONE DEV 0 chronology_exclusions 0
2026-10-02T22:48:54.8495738Z V10_RESIDUAL_SCAN DEV 1 / 1 parameterized_outcomes 0
2026-10-02T22:48:54.8528122Z V10_RESIDUAL_SCAN_DONE DEV 0 chronology_exclusions 0
2026-10-02T22:48:54.8930287Z V10_RESIDUAL_SCAN DEV 1 / 1 parameterized_outcomes 0
2026-10-02T22:48:54.8962776Z V10_RESIDUAL_SCAN_DONE DEV 0 chronology_exclusions 0
2026-10-02T22:48:54.9363141Z V10_RESIDUAL_SCAN DEV 1 / 1 parameterized_outcomes 0
2026-10-02T22:48:54.9396283Z V10_RESIDUAL_SCAN_DONE DEV 0 chronology_exclusions 0
2026-10-02T22:48:54.9797849Z V10_RESIDUAL_SCAN DEV 1 / 1 parameterized_outcomes 0
2026-10-02T22:48:54.9828999Z V10_RESIDUAL_SCAN_DONE DEV 0 chronology_exclusions 0
2026-10-02T22:48:55.0233674Z V10_RESIDUAL_SCAN DEV 1 / 1 parameterized_outcomes 0
2026-10-02T22:48:55.0265934Z V10_RESIDUAL_SCAN_DONE DEV 0 chronology_exclusions 0
2026-10-02T22:48:55.0668366Z V10_RESIDUAL_SCAN DEV 1 / 1 parameterized_outcomes 0
2026-10-02T22:48:55.0700417Z V10_RESIDUAL_SCAN_DONE DEV 0 chronology_exclusions 0
2026-10-02T22:48:55.1101609Z V10_RESIDUAL_SCAN DEV 1 / 1 parameterized_outcomes 0
2026-10-02T22:48:55.1133438Z V10_RESIDUAL_SCAN_DONE DEV 0 chronology_exclusions 0
2026-10-02T22:48:55.3517162Z V10_RESIDUAL_SELECT {"status": "NO_DEVELOPMENT_POLICY_SURVIVOR", "cells_examined": 96, "selected": [], "policies": [], "union_name": "RESIDUAL_REVERSION_UNION", "source_context_sha256": "60f4b552e1e0d6a03dc95f4ea130c81aad989cfea73dbd65e23acec1786111a8", "source_symbols": 8, "economic_surviving_cells": 0, "rejection_counts": {"N_LT_300": 96, "SYMBOLS_LT_10": 96, "TOP_SYMBOL_GT_30PCT": 96, "NET40_MEAN_BP_NONPOSITIVE": 96, "NET40_R_MEAN_NONPOSITIVE": 96, "2021_N": 96, "2021_DATES": 96, "2021_net40_R_NONPOSITIVE": 96, "2021_net40_mean_bp_NONPOSITIVE": 96, "2021_day_R_NONPOSITIVE": 96, "2022_N": 96, "2022_DATES": 96, "2022_net40_R_NONPOSITIVE": 96, "2022_net40_mean_bp_NONPOSITIVE": 96, "2022_day_R_NONPOSITIVE": 96, "2023_N": 96, "2023_DATES": 96, "2023_net40_R_NONPOSITIVE": 96, "2023_net40_mean_bp_NONPOSITIVE": 96, "2023_day_R_NONPOSITIVE": 96}, "note": "Prior-fitted single-coin residual experiment, no market neutrality. Overlapping diagnostics are not executable account growth."}
2026-10-02T22:48:55.3535118Z V10_SYNTHETIC_PIPELINE_PASS {"synthetic_only": true, "scans": 8, "all96_cells_preserved": true, "market_profitability_claim": false}
2026-10-02T22:48:55.3602793Z ok
2026-10-02T22:48:55.3604420Z test_annual_price_R_and_2021_partial_year_are_required (test_residual_reversion_v10.SelectionSourceTests.test_annual_price_R_and_2021_partial_year_are_required) ... ok
2026-10-02T22:48:55.6100546Z test_empty_stage_is_recorded_as_all96_zero_cells (test_residual_reversion_v10.SelectionSourceTests.test_empty_stage_is_recorded_as_all96_zero_cells) ... V10_RESIDUAL_SELECT {"status": "NO_DEVELOPMENT_POLICY_SURVIVOR", "cells_examined": 96, "selected": [], "policies": [], "union_name": "RESIDUAL_REVERSION_UNION", "source_context_sha256": "91835c8f0b86a06046841c757e76202fc5e0b602e5b17bc471966e49ab762c95", "source_symbols": 16, "economic_surviving_cells": 0, "rejection_counts": {"N_LT_300": 96, "SYMBOLS_LT_10": 96, "TOP_SYMBOL_GT_30PCT": 96, "NET40_MEAN_BP_NONPOSITIVE": 96, "NET40_R_MEAN_NONPOSITIVE": 96, "2021_N": 96, "2021_DATES": 96, "2021_net40_R_NONPOSITIVE": 96, "2021_net40_mean_bp_NONPOSITIVE": 96, "2021_day_R_NONPOSITIVE": 96, "2022_N": 96, "2022_DATES": 96, "2022_net40_R_NONPOSITIVE": 96, "2022_net40_mean_bp_NONPOSITIVE": 96, "2022_day_R_NONPOSITIVE": 96, "2023_N": 96, "2023_DATES": 96, "2023_net40_R_NONPOSITIVE": 96, "2023_net40_mean_bp_NONPOSITIVE": 96, "2023_day_R_NONPOSITIVE": 96}, "note": "Prior-fitted single-coin residual experiment, no market neutrality. Overlapping diagnostics are not executable account growth."}
2026-10-02T22:48:55.6131351Z ok
2026-10-02T22:48:55.8847342Z test_freeze_complete_selection_and_all96_including_zero_cells (test_residual_reversion_v10.SelectionSourceTests.test_freeze_complete_selection_and_all96_including_zero_cells) ... V10_RESIDUAL_SELECT {"status": "ACCOUNT_REPLAY_REQUIRED", "cells_examined": 96, "selected": [{"key": "RESIDUAL_S+1_W672_Z2_PRICE_ONLY", "side": 1, "fit": 672, "z": 2, "flow": "PRICE_ONLY", "hold": 24, "exit_type": "MEAN", "policy": "RESIDUAL_S+1_W672_Z2_PRICE_ONLY__H24__MEAN", "development_net40_R": 0.5, "development_worst_year_day_R": 0.5}], "policies": [{"key": "RESIDUAL_S+1_W672_Z2_PRICE_ONLY", "side": 1, "fit": 672, "z": 2, "flow": "PRICE_ONLY", "hold": 24, "exit_type": "MEAN", "policy": "RESIDUAL_S+1_W672_Z2_PRICE_ONLY__H24__MEAN", "development_net40_R": 0.5, "development_worst_year_day_R": 0.5}], "union_name": "RESIDUAL_REVERSION_UNION", "source_context_sha256": "91835c8f0b86a06046841c757e76202fc5e0b602e5b17bc471966e49ab762c95", "source_symbols": 16, "economic_surviving_cells": 1, "rejection_counts": {"N_LT_300": 95, "SYMBOLS_LT_10": 95, "TOP_SYMBOL_GT_30PCT": 95, "NET40_MEAN_BP_NONPOSITIVE": 95, "NET40_R_MEAN_NONPOSITIVE": 95, "2021_N": 95, "2021_DATES": 95, "2021_net40_R_NONPOSITIVE": 95, "2021_net40_mean_bp_NONPOSITIVE": 95, "2021_day_R_NONPOSITIVE": 95, "2022_N": 95, "2022_DATES": 95, "2022_net40_R_NONPOSITIVE": 95, "2022_net40_mean_bp_NONPOSITIVE": 95, "2022_day_R_NONPOSITIVE": 95, "2023_N": 95, "2023_DATES": 95, "2023_net40_R_NONPOSITIVE": 95, "2023_net40_mean_bp_NONPOSITIVE": 95, "2023_day_R_NONPOSITIVE": 95}, "note": "Prior-fitted single-coin residual experiment, no market neutrality. Overlapping diagnostics are not executable account growth."}
2026-10-02T22:48:55.8879745Z ok
2026-10-02T22:48:56.0614018Z test_incomplete_duplicate_or_tampered_shard_fails_closed (test_residual_reversion_v10.SelectionSourceTests.test_incomplete_duplicate_or_tampered_shard_fails_closed) ... ok
2026-10-02T22:48:56.3272684Z test_nonpositive_price_r_or_clustered_dates_fail_selection (test_residual_reversion_v10.SelectionSourceTests.test_nonpositive_price_r_or_clustered_dates_fail_selection) ... V10_RESIDUAL_SELECT {"status": "NO_DEVELOPMENT_POLICY_SURVIVOR", "cells_examined": 96, "selected": [], "policies": [], "union_name": "RESIDUAL_REVERSION_UNION", "source_context_sha256": "91835c8f0b86a06046841c757e76202fc5e0b602e5b17bc471966e49ab762c95", "source_symbols": 16, "economic_surviving_cells": 0, "rejection_counts": {"TOP_SYMBOL_GT_30PCT": 96, "NET40_MEAN_BP_NONPOSITIVE": 96, "2021_net40_mean_bp_NONPOSITIVE": 96, "2022_net40_mean_bp_NONPOSITIVE": 96, "2023_net40_mean_bp_NONPOSITIVE": 96, "N_LT_300": 95, "SYMBOLS_LT_10": 95, "NET40_R_MEAN_NONPOSITIVE": 95, "2021_N": 95, "2021_DATES": 95, "2021_net40_R_NONPOSITIVE": 95, "2021_day_R_NONPOSITIVE": 95, "2022_N": 95, "2022_DATES": 95, "2022_net40_R_NONPOSITIVE": 95, "2022_day_R_NONPOSITIVE": 95, "2023_N": 95, "2023_DATES": 95, "2023_net40_R_NONPOSITIVE": 95, "2023_day_R_NONPOSITIVE": 95}, "note": "Prior-fitted single-coin residual experiment, no market neutrality. Overlapping diagnostics are not executable account growth."}
2026-10-02T22:48:56.5944812Z V10_RESIDUAL_SELECT {"status": "NO_DEVELOPMENT_POLICY_SURVIVOR", "cells_examined": 96, "selected": [], "policies": [], "union_name": "RESIDUAL_REVERSION_UNION", "source_context_sha256": "91835c8f0b86a06046841c757e76202fc5e0b602e5b17bc471966e49ab762c95", "source_symbols": 16, "economic_surviving_cells": 0, "rejection_counts": {"NET40_R_MEAN_NONPOSITIVE": 96, "2021_net40_R_NONPOSITIVE": 96, "2021_day_R_NONPOSITIVE": 96, "2022_net40_R_NONPOSITIVE": 96, "2022_day_R_NONPOSITIVE": 96, "2023_net40_R_NONPOSITIVE": 96, "2023_day_R_NONPOSITIVE": 96, "N_LT_300": 95, "SYMBOLS_LT_10": 95, "TOP_SYMBOL_GT_30PCT": 95, "NET40_MEAN_BP_NONPOSITIVE": 95, "2021_N": 95, "2021_DATES": 95, "2021_net40_mean_bp_NONPOSITIVE": 95, "2022_N": 95, "2022_DATES": 95, "2022_net40_mean_bp_NONPOSITIVE": 95, "2023_N": 95, "2023_DATES": 95, "2023_net40_mean_bp_NONPOSITIVE": 95}, "note": "Prior-fitted single-coin residual experiment, no market neutrality. Overlapping diagnostics are not executable account growth."}
2026-10-02T22:48:56.8763623Z V10_RESIDUAL_SELECT {"status": "NO_DEVELOPMENT_POLICY_SURVIVOR", "cells_examined": 96, "selected": [], "policies": [], "union_name": "RESIDUAL_REVERSION_UNION", "source_context_sha256": "91835c8f0b86a06046841c757e76202fc5e0b602e5b17bc471966e49ab762c95", "source_symbols": 16, "economic_surviving_cells": 0, "rejection_counts": {"2021_DATES": 96, "2022_DATES": 96, "2023_DATES": 96, "N_LT_300": 95, "SYMBOLS_LT_10": 95, "TOP_SYMBOL_GT_30PCT": 95, "NET40_MEAN_BP_NONPOSITIVE": 95, "NET40_R_MEAN_NONPOSITIVE": 95, "2021_N": 95, "2021_net40_R_NONPOSITIVE": 95, "2021_net40_mean_bp_NONPOSITIVE": 95, "2021_day_R_NONPOSITIVE": 95, "2022_N": 95, "2022_net40_R_NONPOSITIVE": 95, "2022_net40_mean_bp_NONPOSITIVE": 95, "2022_day_R_NONPOSITIVE": 95, "2023_N": 95, "2023_net40_R_NONPOSITIVE": 95, "2023_net40_mean_bp_NONPOSITIVE": 95, "2023_day_R_NONPOSITIVE": 95}, "note": "Prior-fitted single-coin residual experiment, no market neutrality. Overlapping diagnostics are not executable account growth."}
2026-10-02T22:48:56.8780415Z ok
2026-10-02T22:48:56.8788346Z test_real_catalogue_contract_has856_hashes_and256_baseline_matches (test_residual_reversion_v10.SelectionSourceTests.test_real_catalogue_contract_has856_hashes_and256_baseline_matches) ... ok
2026-10-02T22:48:56.8806238Z test_source_verifier_rejects_hash_btc_and_catalogue_tampering (test_residual_reversion_v10.SelectionSourceTests.test_source_verifier_rejects_hash_btc_and_catalogue_tampering) ... ok
2026-10-02T22:48:56.8848734Z test_both_partial_edge_days_and_all_empty_days_count (test_btc_factor_lag_v6.AllCalendarTests.test_both_partial_edge_days_and_all_empty_days_count) ... ok
2026-10-02T22:48:56.8902655Z test_edge_day_profits_and_costs_are_retained_and_reconcile_final_equity (test_btc_factor_lag_v6.AllCalendarTests.test_edge_day_profits_and_costs_are_retained_and_reconcile_final_equity) ... ok
2026-10-02T22:48:56.8957052Z test_every_day_after_permanent_halt_remains_in_denominator (test_btc_factor_lag_v6.AllCalendarTests.test_every_day_after_permanent_halt_remains_in_denominator) ... ok
2026-10-02T22:48:56.8979515Z test_exact_kst_midnight_end_adds_no_zero_duration_date (test_btc_factor_lag_v6.AllCalendarTests.test_exact_kst_midnight_end_adds_no_zero_duration_date) ... ok
2026-10-02T22:48:56.9093684Z test_reporting_option_does_not_change_trades_cash_dd_risks_or_curve (test_btc_factor_lag_v6.AllCalendarTests.test_reporting_option_does_not_change_trades_cash_dd_risks_or_curve) ... ok
2026-10-02T22:48:56.9212517Z test_coin_gap_restarts_full_fit_history (test_btc_factor_lag_v6.FactorTimingTests.test_coin_gap_restarts_full_fit_history) ... ok
2026-10-02T22:48:56.9310707Z test_current_volatility_and_turnover_are_excluded_from_prior_baselines (test_btc_factor_lag_v6.FactorTimingTests.test_current_volatility_and_turnover_are_excluded_from_prior_baselines) ... ok
2026-10-02T22:48:56.9313103Z test_exact_timestamp_alignment_does_not_forward_fill_btc (test_btc_factor_lag_v6.FactorTimingTests.test_exact_timestamp_alignment_does_not_forward_fill_btc) ... ok
2026-10-02T22:48:56.9433801Z test_future_price_perturbation_does_not_change_features_or_fits (test_btc_factor_lag_v6.FactorTimingTests.test_future_price_perturbation_does_not_change_features_or_fits) ... ok
2026-10-02T22:48:56.9525066Z test_impulse_returns_do_not_enter_prior_fit (test_btc_factor_lag_v6.FactorTimingTests.test_impulse_returns_do_not_enter_prior_fit) ... ok
2026-10-02T22:48:56.9587609Z test_missing_btc_return_invalidates_all_contaminated_windows (test_btc_factor_lag_v6.FactorTimingTests.test_missing_btc_return_invalidates_all_contaminated_windows) ... ok
2026-10-02T22:48:56.9654328Z test_ols_beta_and_r2_match_demeaned_numpy_reference (test_btc_factor_lag_v6.FactorTimingTests.test_ols_beta_and_r2_match_demeaned_numpy_reference) ... ok
2026-10-02T22:48:56.9716820Z test_zero_factor_variance_never_becomes_a_signal (test_btc_factor_lag_v6.FactorTimingTests.test_zero_factor_variance_never_becomes_a_signal) ... ok
2026-10-02T22:48:56.9719625Z test_actual_fill_sets_stop_risk_and_signal_priority (test_btc_factor_lag_v6.LagSignalTests.test_actual_fill_sets_stop_risk_and_signal_priority) ... ok
2026-10-02T22:48:56.9724563Z test_canonical_exclusion_is_retained_not_assigned_a_fake_loss (test_btc_factor_lag_v6.LagSignalTests.test_canonical_exclusion_is_retained_not_assigned_a_fake_loss) ... ok
2026-10-02T22:48:56.9727493Z test_cooldown_is_intent_based_not_future_exit_based (test_btc_factor_lag_v6.LagSignalTests.test_cooldown_is_intent_based_not_future_exit_based) ... ok
2026-10-02T22:48:56.9732800Z test_entry_gap_uses_next_open_without_future_ohlc (test_btc_factor_lag_v6.LagSignalTests.test_entry_gap_uses_next_open_without_future_ohlc) ... ok
2026-10-02T22:48:56.9742425Z test_fit_quality_and_liquidity_are_hard_filters (test_btc_factor_lag_v6.LagSignalTests.test_fit_quality_and_liquidity_are_hard_filters) ... ok
2026-10-02T22:48:56.9747374Z test_flow_confirmation_rejects_opposite_taker_pressure (test_btc_factor_lag_v6.LagSignalTests.test_flow_confirmation_rejects_opposite_taker_pressure) ... ok
2026-10-02T22:48:56.9752963Z test_mirrored_lag_price_and_flow_confirmations (test_btc_factor_lag_v6.LagSignalTests.test_mirrored_lag_price_and_flow_confirmations) ... ok
2026-10-02T22:48:56.9756958Z test_next_open_path_gap_and_split_entry_are_excluded (test_btc_factor_lag_v6.LagSignalTests.test_next_open_path_gap_and_split_entry_are_excluded) ... ok
2026-10-02T22:48:56.9758962Z test_overreacted_coin_cannot_qualify_as_lagger (test_btc_factor_lag_v6.LagSignalTests.test_overreacted_coin_cannot_qualify_as_lagger) ... ok
2026-10-02T22:48:56.9763834Z test_policy_rows_uses_same_canonical_resolver_and_actual_tp_risk (test_btc_factor_lag_v6.LagSignalTests.test_policy_rows_uses_same_canonical_resolver_and_actual_tp_risk) ... ok
2026-10-02T22:48:56.9768353Z test_sixteen_entries_and_ninety_six_unique_policies (test_btc_factor_lag_v6.LagSignalTests.test_sixteen_entries_and_ninety_six_unique_policies) ... ok
2026-10-02T22:48:56.9771791Z test_stop_floor_and_maximum_are_applied_to_actual_fill (test_btc_factor_lag_v6.LagSignalTests.test_stop_floor_and_maximum_are_applied_to_actual_fill) ... ok
2026-10-02T22:48:56.9777727Z test_weak_wrong_or_missing_btc_impulse_is_rejected (test_btc_factor_lag_v6.LagSignalTests.test_weak_wrong_or_missing_btc_impulse_is_rejected) ... ok
2026-10-02T22:48:57.2263190Z test_clustered_entries_do_not_satisfy_yearly_date_frequency (test_btc_factor_lag_v6.SelectionTests.test_clustered_entries_do_not_satisfy_yearly_date_frequency) ... FACTOR_SELECT {"status": "NO_DEVELOPMENT_POLICY_SURVIVOR", "cells_examined": 96, "selected": [], "policies": [], "union_name": "FACTOR_UNION", "note": "Independent overlapping policies and active-entry-date means are diagnostics, not account profits."}
2026-10-02T22:48:57.2279246Z ok
2026-10-02T22:48:57.4664069Z test_empty_original_shards_preserve_all96_rejections (test_btc_factor_lag_v6.SelectionTests.test_empty_original_shards_preserve_all96_rejections) ... FACTOR_SELECT {"status": "NO_DEVELOPMENT_POLICY_SURVIVOR", "cells_examined": 96, "selected": [], "policies": [], "union_name": "FACTOR_UNION", "note": "Independent overlapping policies and active-entry-date means are diagnostics, not account profits."}
2026-10-02T22:48:57.4693881Z ok
2026-10-02T22:48:57.7173801Z test_positive_price_never_hides_negative_annual_r_mean (test_btc_factor_lag_v6.SelectionTests.test_positive_price_never_hides_negative_annual_r_mean) ... FACTOR_SELECT {"status": "NO_DEVELOPMENT_POLICY_SURVIVOR", "cells_examined": 96, "selected": [], "policies": [], "union_name": "FACTOR_UNION", "note": "Independent overlapping policies and active-entry-date means are diagnostics, not account profits."}
2026-10-02T22:48:57.7189537Z ok
2026-10-02T22:48:57.9678273Z test_positive_r_never_hides_negative_annual_price_mean (test_btc_factor_lag_v6.SelectionTests.test_positive_r_never_hides_negative_annual_price_mean) ... FACTOR_SELECT {"status": "NO_DEVELOPMENT_POLICY_SURVIVOR", "cells_examined": 96, "selected": [], "policies": [], "union_name": "FACTOR_UNION", "note": "Independent overlapping policies and active-entry-date means are diagnostics, not account profits."}
2026-10-02T22:48:57.9694082Z ok
2026-10-02T22:48:58.2207020Z test_selected_year_labels_follow_kst_not_utc_and_other_cells_remain (test_btc_factor_lag_v6.SelectionTests.test_selected_year_labels_follow_kst_not_utc_and_other_cells_remain) ... FACTOR_SELECT {"status": "ACCOUNT_REPLAY_REQUIRED", "cells_examined": 96, "selected": [{"key": "FACTOR_S+1_L4_G1_PRICE_ONLY", "side": 1, "horizon": 4, "gap": 0.01, "flow": "PRICE_ONLY", "hold": 24, "exit_type": "TP2", "policy": "FACTOR_S+1_L4_G1_PRICE_ONLY__H24__TP2", "development_net40_R": 0.5, "development_worst_year_day_R": 0.5}], "policies": [{"key": "FACTOR_S+1_L4_G1_PRICE_ONLY", "side": 1, "horizon": 4, "gap": 0.01, "flow": "PRICE_ONLY", "hold": 24, "exit_type": "TP2", "policy": "FACTOR_S+1_L4_G1_PRICE_ONLY__H24__TP2", "development_net40_R": 0.5, "development_worst_year_day_R": 0.5}], "union_name": "FACTOR_UNION", "note": "Independent overlapping policies and active-entry-date means are diagnostics, not account profits."}
2026-10-02T22:48:58.2241085Z ok
2026-10-02T22:48:58.4587225Z test_all_96_cells_including_zero_cells_are_preserved (test_compression_expansion_v4.ExpansionTests.test_all_96_cells_including_zero_cells_are_preserved) ... EXPANSION_SELECT {"status": "ACCOUNT_REPLAY_REQUIRED", "cells_examined": 96, "selected": [{"key": "EXPAND_S+1_W16_C50_ANY", "side": 1, "window": 16, "compression": 0.5, "btc": "ANY", "hold": 24, "exit_type": "TP2", "policy": "EXPAND_S+1_W16_C50_ANY__H24__TP2", "development_net40_R": 0.5, "development_worst_year_day_R": 0.5}], "policies": [{"key": "EXPAND_S+1_W16_C50_ANY", "side": 1, "window": 16, "compression": 0.5, "btc": "ANY", "hold": 24, "exit_type": "TP2", "policy": "EXPAND_S+1_W16_C50_ANY__H24__TP2", "development_net40_R": 0.5, "development_worst_year_day_R": 0.5}], "union_name": "EXPANSION_UNION", "note": "Independent overlapping policies and active-entry-date means are diagnostics, not account profits."}
2026-10-02T22:48:58.4617759Z ok
2026-10-02T22:48:58.4692806Z test_breakout_candle_cannot_change_its_prior_baselines (test_compression_expansion_v4.ExpansionTests.test_breakout_candle_cannot_change_its_prior_baselines) ... ok
2026-10-02T22:48:58.4731413Z test_btc_alignment_does_not_fill_missing_context_with_zero (test_compression_expansion_v4.ExpansionTests.test_btc_alignment_does_not_fill_missing_context_with_zero) ... ok
2026-10-02T22:48:58.4734865Z test_empty_source_fails_before_any_btc_or_minute_fetch (test_compression_expansion_v4.ExpansionTests.test_empty_source_fails_before_any_btc_or_minute_fetch) ... ok
2026-10-02T22:48:58.4774556Z test_fixed_cooldown_is_not_exit_conditioned (test_compression_expansion_v4.ExpansionTests.test_fixed_cooldown_is_not_exit_conditioned) ... ok
2026-10-02T22:48:58.4778270Z test_frozen_grid_has_96_unique_policies (test_compression_expansion_v4.ExpansionTests.test_frozen_grid_has_96_unique_policies) ... ok
2026-10-02T22:48:58.4890475Z test_future_changes_cannot_modify_past_features (test_compression_expansion_v4.ExpansionTests.test_future_changes_cannot_modify_past_features) ... ok
2026-10-02T22:48:58.4957529Z test_gap_restarts_prior_rolling_baselines (test_compression_expansion_v4.ExpansionTests.test_gap_restarts_prior_rolling_baselines) ... ok
2026-10-02T22:48:58.5112240Z test_incomplete_part_cannot_enter_selection (test_compression_expansion_v4.ExpansionTests.test_incomplete_part_cannot_enter_selection) ... ok
2026-10-02T22:48:58.5151706Z test_invalid_fill_side_stop_is_excluded (test_compression_expansion_v4.ExpansionTests.test_invalid_fill_side_stop_is_excluded) ... ok
2026-10-02T22:48:58.5224110Z test_long_and_short_have_mirrored_qualification (test_compression_expansion_v4.ExpansionTests.test_long_and_short_have_mirrored_qualification) ... ok
2026-10-02T22:48:58.7552352Z test_many_clustered_trades_cannot_pass_daily_frequency_gate (test_compression_expansion_v4.ExpansionTests.test_many_clustered_trades_cannot_pass_daily_frequency_gate) ... EXPANSION_SELECT {"status": "NO_DEVELOPMENT_POLICY_SURVIVOR", "cells_examined": 96, "selected": [], "policies": [], "union_name": "EXPANSION_UNION", "note": "Independent overlapping policies and active-entry-date means are diagnostics, not account profits."}
2026-10-02T22:48:58.7568483Z ok
2026-10-02T22:48:58.7609412Z test_structural_stop_uses_prior_atr_and_actual_entry (test_compression_expansion_v4.ExpansionTests.test_structural_stop_uses_prior_atr_and_actual_entry) ... ok
2026-10-02T22:48:58.7646489Z test_violent_shock_does_not_qualify_as_moderate_expansion (test_compression_expansion_v4.ExpansionTests.test_violent_shock_does_not_qualify_as_moderate_expansion) ... ok
2026-10-02T22:48:58.7683169Z test_volume_without_prior_compression_does_not_qualify (test_compression_expansion_v4.ExpansionTests.test_volume_without_prior_compression_does_not_qualify) ... ok
2026-10-02T22:48:58.7755010Z test_wrong_flow_rejects_apparent_breakout (test_compression_expansion_v4.ExpansionTests.test_wrong_flow_rejects_apparent_breakout) ... ok
2026-10-02T22:48:58.7813175Z test_chronology_exclusions_require_review_even_if_growth_passes (test_cross_sectional_leader_v9.AccountGateTests.test_chronology_exclusions_require_review_even_if_growth_passes) ... ok
2026-10-02T22:48:58.7869290Z test_dev2024_partial_boundary_never_substitutes_gate2024 (test_cross_sectional_leader_v9.AccountGateTests.test_dev2024_partial_boundary_never_substitutes_gate2024) ... ok
2026-10-02T22:48:58.8249662Z test_each_account_threshold_halt_and_missing_values_fail (test_cross_sectional_leader_v9.AccountGateTests.test_each_account_threshold_halt_and_missing_values_fail) ... ok
2026-10-02T22:48:58.8350819Z test_partial2021_is_required_and_small_return_is_not_daily_goal (test_cross_sectional_leader_v9.AccountGateTests.test_partial2021_is_required_and_small_return_is_not_daily_goal) ... ok
2026-10-02T22:48:58.8427286Z test_actual_next_open_risk_floor_gap_and_wide_stop (test_cross_sectional_leader_v9.EconomicTests.test_actual_next_open_risk_floor_gap_and_wide_stop) ... ok
2026-10-02T22:48:58.8564733Z test_adverse_gap_retained_and_entry_path_gap_excluded (test_cross_sectional_leader_v9.EconomicTests.test_adverse_gap_retained_and_entry_path_gap_excluded) ... ok
2026-10-02T22:48:58.8699341Z test_any_never_zero_imputes_missing_btc_and_align_requires_sign (test_cross_sectional_leader_v9.EconomicTests.test_any_never_zero_imputes_missing_btc_and_align_requires_sign) ... ok
2026-10-02T22:48:58.8772207Z test_canonical_tp3_and_minute_exclusion_and_costs (test_cross_sectional_leader_v9.EconomicTests.test_canonical_tp3_and_minute_exclusion_and_costs) ... ok
2026-10-02T22:48:58.8842208Z test_ceiling_tail_count_is_predeclared (test_cross_sectional_leader_v9.EconomicTests.test_ceiling_tail_count_is_predeclared) ... ok
2026-10-02T22:48:58.8902073Z test_closed_baseline_does_not_include_current_or_future_bars (test_cross_sectional_leader_v9.EconomicTests.test_closed_baseline_does_not_include_current_or_future_bars) ... ok
2026-10-02T22:48:58.8973115Z test_future_ohlc_does_not_change_intents_or_priority (test_cross_sectional_leader_v9.EconomicTests.test_future_ohlc_does_not_change_intents_or_priority) ... ok
2026-10-02T22:48:58.9243766Z test_mirrored_tail_and_resumption (test_cross_sectional_leader_v9.EconomicTests.test_mirrored_tail_and_resumption) ... ok
2026-10-02T22:48:58.9313753Z test_onset_is_contiguous_and_cooldown_ignores_future_exits (test_cross_sectional_leader_v9.EconomicTests.test_onset_is_contiguous_and_cooldown_ignores_future_exits) ... ok
2026-10-02T22:48:58.9911542Z test_residual_volume_flow_return_eligibility_and_breakout_filters (test_cross_sectional_leader_v9.EconomicTests.test_residual_volume_flow_return_eligibility_and_breakout_filters) ... ok
2026-10-02T22:48:58.9982627Z test_second_day_requires_consecutive_previous_tail (test_cross_sectional_leader_v9.EconomicTests.test_second_day_requires_consecutive_previous_tail) ... ok
2026-10-02T22:48:58.9987653Z test_sixteen_entries_and_ninety_six_policies (test_cross_sectional_leader_v9.EconomicTests.test_sixteen_entries_and_ninety_six_policies) ... ok
2026-10-02T22:48:59.0059898Z test_sl_applies_adverse_slip_and_full_cost_inclusive_r (test_cross_sectional_leader_v9.EconomicTests.test_sl_applies_adverse_slip_and_full_cost_inclusive_r) ... ok
2026-10-02T22:48:59.0132890Z test_absent_symbol_previous_date_or_stale_rank_never_backfilled (test_cross_sectional_leader_v9.RankTests.test_absent_symbol_previous_date_or_stale_rank_never_backfilled) ... ok
2026-10-02T22:49:02.2760482Z test_actual_file_map_reduce_load_and_scan_synthetic_pipeline (test_cross_sectional_leader_v9.RankTests.test_actual_file_map_reduce_load_and_scan_synthetic_pipeline) ... V9_RANK_MAP DEV 4 / 4 rows 20
2026-10-02T22:49:02.2779642Z V9_RANK_MAP_DONE DEV 20 source_files 4
2026-10-02T22:49:02.3383375Z V9_RANK_MAP DEV 4 / 4 rows 20
2026-10-02T22:49:02.3404650Z V9_RANK_MAP_DONE DEV 20 source_files 4
2026-10-02T22:49:02.3999206Z V9_RANK_MAP DEV 4 / 4 rows 20
2026-10-02T22:49:02.4020184Z V9_RANK_MAP_DONE DEV 20 source_files 4
2026-10-02T22:49:02.4614529Z V9_RANK_MAP DEV 4 / 4 rows 20
2026-10-02T22:49:02.4635377Z V9_RANK_MAP_DONE DEV 20 source_files 4
2026-10-02T22:49:02.5230859Z V9_RANK_MAP DEV 4 / 4 rows 20
2026-10-02T22:49:02.5251590Z V9_RANK_MAP_DONE DEV 20 source_files 4
2026-10-02T22:49:02.5852741Z V9_RANK_MAP DEV 4 / 4 rows 20
2026-10-02T22:49:02.5873909Z V9_RANK_MAP_DONE DEV 20 source_files 4
2026-10-02T22:49:02.6481379Z V9_RANK_MAP DEV 4 / 4 rows 20
2026-10-02T22:49:02.6502404Z V9_RANK_MAP_DONE DEV 20 source_files 4
2026-10-02T22:49:02.7107697Z V9_RANK_MAP DEV 4 / 4 rows 20
2026-10-02T22:49:02.7128128Z V9_RANK_MAP_DONE DEV 20 source_files 4
2026-10-02T22:49:02.7500044Z V9_RANK_REDUCE_DONE DEV {"map_rows": 160, "rank_rows": 160, "ranked_dates": 5, "minimum_universe": 30, "rank_data_sha256": "cff23a9b4629ff05a471858c7e5e777c3eee518373e7fcf262efe202e066e246"} excluded_low_universe_dates 0
2026-10-02T22:49:02.8418811Z V9_LEADER_SCAN DEV 4 / 4 parameterized_outcomes 0
2026-10-02T22:49:02.8449401Z V9_LEADER_SCAN_DONE DEV 0 chronology_exclusions 0
2026-10-02T22:49:02.8473772Z V9_RANK_MAP_REDUCE_SMOKE_PASS {"status": "PASS", "synthetic_only": true, "map_rows": 160, "rank_rows": 160, "symbols": 32, "maps": 8, "scan_complete": true, "availability_checks": 3, "reverse_input_order": "PASS", "market_profitability_claim": false}
2026-10-02T22:49:02.8516272Z ok
2026-10-02T22:49:02.8571387Z test_coin_gap_breaks_exact24h_snapshot (test_cross_sectional_leader_v9.RankTests.test_coin_gap_breaks_exact24h_snapshot) ... ok
2026-10-02T22:49:02.9031856Z test_eight_shard_reducer_and_verified_loader_round_trip (test_cross_sectional_leader_v9.RankTests.test_eight_shard_reducer_and_verified_loader_round_trip) ... V9_RANK_REDUCE_DONE DEV {"map_rows": 64, "rank_rows": 64, "ranked_dates": 2, "minimum_universe": 30, "rank_data_sha256": "08e45578ae99612f7d0aeeb228a86ffa3f584ab6d539b333d8a34276e01959c9"} excluded_low_universe_dates 0
2026-10-02T22:49:02.9153647Z ok
2026-10-02T22:49:02.9222171Z test_exact_midnight_and_one_closed_next_day_bar (test_cross_sectional_leader_v9.RankTests.test_exact_midnight_and_one_closed_next_day_bar) ... ok
2026-10-02T22:49:02.9281629Z test_full24h_snapshots_are_causal_and_missing_btc_is_excluded (test_cross_sectional_leader_v9.RankTests.test_full24h_snapshots_are_causal_and_missing_btc_is_excluded) ... ok
2026-10-02T22:49:02.9406080Z test_global_rank_is_independent_of_shard_order_and_ties (test_cross_sectional_leader_v9.RankTests.test_global_rank_is_independent_of_shard_order_and_ties) ... ok
2026-10-02T22:49:02.9575034Z test_invalid_duplicate_nonfinite_path_or_low_turnover_fails (test_cross_sectional_leader_v9.RankTests.test_invalid_duplicate_nonfinite_path_or_low_turnover_fails) ... ok
2026-10-02T22:49:02.9692705Z test_minimum_universe_excluded_and_recorded (test_cross_sectional_leader_v9.RankTests.test_minimum_universe_excluded_and_recorded) ... ok
2026-10-02T22:49:03.0817369Z test_missing_shard_altered_hash_or_context_fails_reducer (test_cross_sectional_leader_v9.RankTests.test_missing_shard_altered_hash_or_context_fails_reducer) ... ok
2026-10-02T22:49:03.0819632Z test_observed_days_counts_source_dates_not_future_or_missing_dates (test_cross_sectional_leader_v9.RankTests.test_observed_days_counts_source_dates_not_future_or_missing_dates) ... ok
2026-10-02T22:49:03.1268760Z test_rank_hash_and_rank_geometry_corruption_fail_closed (test_cross_sectional_leader_v9.RankTests.test_rank_hash_and_rank_geometry_corruption_fail_closed) ... V9_RANK_REDUCE_DONE DEV {"map_rows": 64, "rank_rows": 64, "ranked_dates": 2, "minimum_universe": 30, "rank_data_sha256": "08e45578ae99612f7d0aeeb228a86ffa3f584ab6d539b333d8a34276e01959c9"} excluded_low_universe_dates 0
2026-10-02T22:49:03.1407349Z ok
2026-10-02T22:49:03.4062545Z test_all96_cells_selection_and_union_are_preserved (test_cross_sectional_leader_v9.SelectionTests.test_all96_cells_selection_and_union_are_preserved) ... V9_LEADER_SELECT {"status": "ACCOUNT_REPLAY_REQUIRED", "cells_examined": 96, "selected": [{"key": "LEADER_S+1_T5_D1_ANY", "side": 1, "tail": 5, "persistence": 1, "btc": "ANY", "hold": 24, "exit_type": "TP2", "policy": "LEADER_S+1_T5_D1_ANY__H24__TP2", "development_net40_R": 0.5, "development_worst_year_day_R": 0.5}], "policies": [{"key": "LEADER_S+1_T5_D1_ANY", "side": 1, "tail": 5, "persistence": 1, "btc": "ANY", "hold": 24, "exit_type": "TP2", "policy": "LEADER_S+1_T5_D1_ANY__H24__TP2", "development_net40_R": 0.5, "development_worst_year_day_R": 0.5}], "union_name": "CROSS_SECTIONAL_LEADER_UNION", "rank_manifest_sha256": "300a54f20d8143e3db53309df0f4e794904a32ab152168953851353dcd2ab5ae", "rank_data_sha256": "dddddddddddddddddddddddddddddddddddddddddddddddddddddddddddddddd", "source_symbols": 8, "economic_surviving_cells": 1, "rejection_counts": {"N_LT_300": 95, "SYMBOLS_LT_10": 95, "TOP_SYMBOL_GT_30PCT": 95, "NET40_MEAN_BP_NONPOSITIVE": 95, "NET40_R_MEAN_NONPOSITIVE": 95, "2021_N": 95, "2021_DATES": 95, "2021_net40_R_NONPOSITIVE": 95, "2021_net40_mean_bp_NONPOSITIVE": 95, "2021_day_R_NONPOSITIVE": 95, "2022_N": 95, "2022_DATES": 95, "2022_net40_R_NONPOSITIVE": 95, "2022_net40_mean_bp_NONPOSITIVE": 95, "2022_day_R_NONPOSITIVE": 95, "2023_N": 95, "2023_DATES": 95, "2023_net40_R_NONPOSITIVE": 95, "2023_net40_mean_bp_NONPOSITIVE": 95, "2023_day_R_NONPOSITIVE": 95}, "note": "Overlapping parameterized outcomes and active-date means are diagnostics, not executable account profits."}
2026-10-02T22:49:03.4097716Z ok
2026-10-02T22:49:03.6693985Z test_each_year_price_r_and_active_date_frequency_are_hard_gates (test_cross_sectional_leader_v9.SelectionTests.test_each_year_price_r_and_active_date_frequency_are_hard_gates) ... V9_LEADER_SELECT {"status": "NO_DEVELOPMENT_POLICY_SURVIVOR", "cells_examined": 96, "selected": [], "policies": [], "union_name": "CROSS_SECTIONAL_LEADER_UNION", "rank_manifest_sha256": "300a54f20d8143e3db53309df0f4e794904a32ab152168953851353dcd2ab5ae", "rank_data_sha256": "dddddddddddddddddddddddddddddddddddddddddddddddddddddddddddddddd", "source_symbols": 8, "economic_surviving_cells": 0, "rejection_counts": {"2021_net40_mean_bp_NONPOSITIVE": 96, "N_LT_300": 95, "SYMBOLS_LT_10": 95, "TOP_SYMBOL_GT_30PCT": 95, "NET40_MEAN_BP_NONPOSITIVE": 95, "NET40_R_MEAN_NONPOSITIVE": 95, "2021_N": 95, "2021_DATES": 95, "2021_net40_R_NONPOSITIVE": 95, "2021_day_R_NONPOSITIVE": 95, "2022_N": 95, "2022_DATES": 95, "2022_net40_R_NONPOSITIVE": 95, "2022_net40_mean_bp_NONPOSITIVE": 95, "2022_day_R_NONPOSITIVE": 95, "2023_N": 95, "2023_DATES": 95, "2023_net40_R_NONPOSITIVE": 95, "2023_net40_mean_bp_NONPOSITIVE": 95, "2023_day_R_NONPOSITIVE": 95}, "note": "Overlapping parameterized outcomes and active-date means are diagnostics, not executable account profits."}
2026-10-02T22:49:03.9309378Z V9_LEADER_SELECT {"status": "NO_DEVELOPMENT_POLICY_SURVIVOR", "cells_examined": 96, "selected": [], "policies": [], "union_name": "CROSS_SECTIONAL_LEADER_UNION", "rank_manifest_sha256": "300a54f20d8143e3db53309df0f4e794904a32ab152168953851353dcd2ab5ae", "rank_data_sha256": "dddddddddddddddddddddddddddddddddddddddddddddddddddddddddddddddd", "source_symbols": 8, "economic_surviving_cells": 0, "rejection_counts": {"2021_net40_R_NONPOSITIVE": 96, "2021_day_R_NONPOSITIVE": 96, "N_LT_300": 95, "SYMBOLS_LT_10": 95, "TOP_SYMBOL_GT_30PCT": 95, "NET40_MEAN_BP_NONPOSITIVE": 95, "NET40_R_MEAN_NONPOSITIVE": 95, "2021_N": 95, "2021_DATES": 95, "2021_net40_mean_bp_NONPOSITIVE": 95, "2022_N": 95, "2022_DATES": 95, "2022_net40_R_NONPOSITIVE": 95, "2022_net40_mean_bp_NONPOSITIVE": 95, "2022_day_R_NONPOSITIVE": 95, "2023_N": 95, "2023_DATES": 95, "2023_net40_R_NONPOSITIVE": 95, "2023_net40_mean_bp_NONPOSITIVE": 95, "2023_day_R_NONPOSITIVE": 95}, "note": "Overlapping parameterized outcomes and active-date means are diagnostics, not executable account profits."}
2026-10-02T22:49:04.2071520Z V9_LEADER_SELECT {"status": "NO_DEVELOPMENT_POLICY_SURVIVOR", "cells_examined": 96, "selected": [], "policies": [], "union_name": "CROSS_SECTIONAL_LEADER_UNION", "rank_manifest_sha256": "300a54f20d8143e3db53309df0f4e794904a32ab152168953851353dcd2ab5ae", "rank_data_sha256": "dddddddddddddddddddddddddddddddddddddddddddddddddddddddddddddddd", "source_symbols": 8, "economic_surviving_cells": 0, "rejection_counts": {"2022_net40_mean_bp_NONPOSITIVE": 96, "N_LT_300": 95, "SYMBOLS_LT_10": 95, "TOP_SYMBOL_GT_30PCT": 95, "NET40_MEAN_BP_NONPOSITIVE": 95, "NET40_R_MEAN_NONPOSITIVE": 95, "2021_N": 95, "2021_DATES": 95, "2021_net40_R_NONPOSITIVE": 95, "2021_net40_mean_bp_NONPOSITIVE": 95, "2021_day_R_NONPOSITIVE": 95, "2022_N": 95, "2022_DATES": 95, "2022_net40_R_NONPOSITIVE": 95, "2022_day_R_NONPOSITIVE": 95, "2023_N": 95, "2023_DATES": 95, "2023_net40_R_NONPOSITIVE": 95, "2023_net40_mean_bp_NONPOSITIVE": 95, "2023_day_R_NONPOSITIVE": 95}, "note": "Overlapping parameterized outcomes and active-date means are diagnostics, not executable account profits."}
2026-10-02T22:49:04.4688000Z V9_LEADER_SELECT {"status": "NO_DEVELOPMENT_POLICY_SURVIVOR", "cells_examined": 96, "selected": [], "policies": [], "union_name": "CROSS_SECTIONAL_LEADER_UNION", "rank_manifest_sha256": "300a54f20d8143e3db53309df0f4e794904a32ab152168953851353dcd2ab5ae", "rank_data_sha256": "dddddddddddddddddddddddddddddddddddddddddddddddddddddddddddddddd", "source_symbols": 8, "economic_surviving_cells": 0, "rejection_counts": {"2022_net40_R_NONPOSITIVE": 96, "2022_day_R_NONPOSITIVE": 96, "N_LT_300": 95, "SYMBOLS_LT_10": 95, "TOP_SYMBOL_GT_30PCT": 95, "NET40_MEAN_BP_NONPOSITIVE": 95, "NET40_R_MEAN_NONPOSITIVE": 95, "2021_N": 95, "2021_DATES": 95, "2021_net40_R_NONPOSITIVE": 95, "2021_net40_mean_bp_NONPOSITIVE": 95, "2021_day_R_NONPOSITIVE": 95, "2022_N": 95, "2022_DATES": 95, "2022_net40_mean_bp_NONPOSITIVE": 95, "2023_N": 95, "2023_DATES": 95, "2023_net40_R_NONPOSITIVE": 95, "2023_net40_mean_bp_NONPOSITIVE": 95, "2023_day_R_NONPOSITIVE": 95}, "note": "Overlapping parameterized outcomes and active-date means are diagnostics, not executable account profits."}
2026-10-02T22:49:04.7300660Z V9_LEADER_SELECT {"status": "NO_DEVELOPMENT_POLICY_SURVIVOR", "cells_examined": 96, "selected": [], "policies": [], "union_name": "CROSS_SECTIONAL_LEADER_UNION", "rank_manifest_sha256": "300a54f20d8143e3db53309df0f4e794904a32ab152168953851353dcd2ab5ae", "rank_data_sha256": "dddddddddddddddddddddddddddddddddddddddddddddddddddddddddddddddd", "source_symbols": 8, "economic_surviving_cells": 0, "rejection_counts": {"2023_net40_mean_bp_NONPOSITIVE": 96, "N_LT_300": 95, "SYMBOLS_LT_10": 95, "TOP_SYMBOL_GT_30PCT": 95, "NET40_MEAN_BP_NONPOSITIVE": 95, "NET40_R_MEAN_NONPOSITIVE": 95, "2021_N": 95, "2021_DATES": 95, "2021_net40_R_NONPOSITIVE": 95, "2021_net40_mean_bp_NONPOSITIVE": 95, "2021_day_R_NONPOSITIVE": 95, "2022_N": 95, "2022_DATES": 95, "2022_net40_R_NONPOSITIVE": 95, "2022_net40_mean_bp_NONPOSITIVE": 95, "2022_day_R_NONPOSITIVE": 95, "2023_N": 95, "2023_DATES": 95, "2023_net40_R_NONPOSITIVE": 95, "2023_day_R_NONPOSITIVE": 95}, "note": "Overlapping parameterized outcomes and active-date means are diagnostics, not executable account profits."}
2026-10-02T22:49:04.9918786Z V9_LEADER_SELECT {"status": "NO_DEVELOPMENT_POLICY_SURVIVOR", "cells_examined": 96, "selected": [], "policies": [], "union_name": "CROSS_SECTIONAL_LEADER_UNION", "rank_manifest_sha256": "300a54f20d8143e3db53309df0f4e794904a32ab152168953851353dcd2ab5ae", "rank_data_sha256": "dddddddddddddddddddddddddddddddddddddddddddddddddddddddddddddddd", "source_symbols": 8, "economic_surviving_cells": 0, "rejection_counts": {"2023_net40_R_NONPOSITIVE": 96, "2023_day_R_NONPOSITIVE": 96, "N_LT_300": 95, "SYMBOLS_LT_10": 95, "TOP_SYMBOL_GT_30PCT": 95, "NET40_MEAN_BP_NONPOSITIVE": 95, "NET40_R_MEAN_NONPOSITIVE": 95, "2021_N": 95, "2021_DATES": 95, "2021_net40_R_NONPOSITIVE": 95, "2021_net40_mean_bp_NONPOSITIVE": 95, "2021_day_R_NONPOSITIVE": 95, "2022_N": 95, "2022_DATES": 95, "2022_net40_R_NONPOSITIVE": 95, "2022_net40_mean_bp_NONPOSITIVE": 95, "2022_day_R_NONPOSITIVE": 95, "2023_N": 95, "2023_DATES": 95, "2023_net40_mean_bp_NONPOSITIVE": 95}, "note": "Overlapping parameterized outcomes and active-date means are diagnostics, not executable account profits."}
2026-10-02T22:49:05.2532093Z V9_LEADER_SELECT {"status": "NO_DEVELOPMENT_POLICY_SURVIVOR", "cells_examined": 96, "selected": [], "policies": [], "union_name": "CROSS_SECTIONAL_LEADER_UNION", "rank_manifest_sha256": "300a54f20d8143e3db53309df0f4e794904a32ab152168953851353dcd2ab5ae", "rank_data_sha256": "dddddddddddddddddddddddddddddddddddddddddddddddddddddddddddddddd", "source_symbols": 8, "economic_surviving_cells": 0, "rejection_counts": {"2021_DATES": 96, "2022_DATES": 96, "2023_DATES": 96, "N_LT_300": 95, "SYMBOLS_LT_10": 95, "TOP_SYMBOL_GT_30PCT": 95, "NET40_MEAN_BP_NONPOSITIVE": 95, "NET40_R_MEAN_NONPOSITIVE": 95, "2021_N": 95, "2021_net40_R_NONPOSITIVE": 95, "2021_net40_mean_bp_NONPOSITIVE": 95, "2021_day_R_NONPOSITIVE": 95, "2022_N": 95, "2022_net40_R_NONPOSITIVE": 95, "2022_net40_mean_bp_NONPOSITIVE": 95, "2022_day_R_NONPOSITIVE": 95, "2023_N": 95, "2023_net40_R_NONPOSITIVE": 95, "2023_net40_mean_bp_NONPOSITIVE": 95, "2023_day_R_NONPOSITIVE": 95}, "note": "Overlapping parameterized outcomes and active-date means are diagnostics, not executable account profits."}
2026-10-02T22:49:05.2549109Z ok
2026-10-02T22:49:05.5001576Z test_empty_cells_still_count96_and_do_not_select (test_cross_sectional_leader_v9.SelectionTests.test_empty_cells_still_count96_and_do_not_select) ... V9_LEADER_SELECT {"status": "NO_DEVELOPMENT_POLICY_SURVIVOR", "cells_examined": 96, "selected": [], "policies": [], "union_name": "CROSS_SECTIONAL_LEADER_UNION", "rank_manifest_sha256": "300a54f20d8143e3db53309df0f4e794904a32ab152168953851353dcd2ab5ae", "rank_data_sha256": "dddddddddddddddddddddddddddddddddddddddddddddddddddddddddddddddd", "source_symbols": 8, "economic_surviving_cells": 0, "rejection_counts": {"N_LT_300": 96, "SYMBOLS_LT_10": 96, "TOP_SYMBOL_GT_30PCT": 96, "NET40_MEAN_BP_NONPOSITIVE": 96, "NET40_R_MEAN_NONPOSITIVE": 96, "2021_N": 96, "2021_DATES": 96, "2021_net40_R_NONPOSITIVE": 96, "2021_net40_mean_bp_NONPOSITIVE": 96, "2021_day_R_NONPOSITIVE": 96, "2022_N": 96, "2022_DATES": 96, "2022_net40_R_NONPOSITIVE": 96, "2022_net40_mean_bp_NONPOSITIVE": 96, "2022_day_R_NONPOSITIVE": 96, "2023_N": 96, "2023_DATES": 96, "2023_net40_R_NONPOSITIVE": 96, "2023_net40_mean_bp_NONPOSITIVE": 96, "2023_day_R_NONPOSITIVE": 96}, "note": "Overlapping parameterized outcomes and active-date means are diagnostics, not executable account profits."}
2026-10-02T22:49:05.5034385Z ok
2026-10-02T22:49:05.5633657Z test_incomplete_duplicate_shard_or_modified_ledger_fails (test_cross_sectional_leader_v9.SelectionTests.test_incomplete_duplicate_shard_or_modified_ledger_fails) ... ok
2026-10-02T22:49:05.5634878Z test_actual_max_hold_used_in_stop_risk_budget (test_day_edge_canonical.CanonicalTests.test_actual_max_hold_used_in_stop_risk_budget) ... ok
2026-10-02T22:49:05.5638167Z test_authoritative_mismatch_is_not_a_fake_loss (test_day_edge_canonical.CanonicalTests.test_authoritative_mismatch_is_not_a_fake_loss) ... ok
2026-10-02T22:49:05.5640009Z test_beyond_one_week_is_rejected (test_day_edge_canonical.CanonicalTests.test_beyond_one_week_is_rejected) ... ok
2026-10-02T22:49:05.5673620Z test_curve_preserves_peak_before_new_entry_cost (test_day_edge_canonical.CanonicalTests.test_curve_preserves_peak_before_new_entry_cost) ... ok
2026-10-02T22:49:05.5676916Z test_entry_bar_calls_authority_even_single_tp (test_day_edge_canonical.CanonicalTests.test_entry_bar_calls_authority_even_single_tp) ... ok
2026-10-02T22:49:05.5678607Z test_gap_sl_fills_at_worse_open (test_day_edge_canonical.CanonicalTests.test_gap_sl_fills_at_worse_open) ... ok
2026-10-02T22:49:05.5683890Z test_incomplete_shards_fail_closed (test_day_edge_canonical.CanonicalTests.test_incomplete_shards_fail_closed) ... ok
2026-10-02T22:49:05.5685445Z test_missing_path_is_excluded (test_day_edge_canonical.CanonicalTests.test_missing_path_is_excluded) ... ok
2026-10-02T22:49:05.5687609Z test_parent_collision_uses_minute_authority (test_day_edge_canonical.CanonicalTests.test_parent_collision_uses_minute_authority) ... ok
2026-10-02T22:49:05.5689256Z test_short_has_linear_entry_denominator (test_day_edge_canonical.CanonicalTests.test_short_has_linear_entry_denominator) ... ok
2026-10-02T22:49:05.5690581Z test_timeout_cannot_cross_split (test_day_edge_canonical.CanonicalTests.test_timeout_cannot_cross_split) ... ok
2026-10-02T22:49:05.5692065Z test_timeout_is_exact_seed_deadline (test_day_edge_canonical.CanonicalTests.test_timeout_is_exact_seed_deadline) ... ok
2026-10-02T22:49:05.5693448Z test_trailing_stop_only_activates_after_bar_close (test_day_edge_canonical.CanonicalTests.test_trailing_stop_only_activates_after_bar_close) ... ok
2026-10-02T22:49:05.5726819Z test_union_tie_uses_entry_priority_not_future_outcome (test_day_edge_canonical.CanonicalTests.test_union_tie_uses_entry_priority_not_future_outcome) ... ok
2026-10-02T22:49:05.5746499Z test_btc_missing_timestamp_is_not_forward_filled (test_day_edge_lab.ScoutTests.test_btc_missing_timestamp_is_not_forward_filled) ... ok
2026-10-02T22:49:05.5748162Z test_configurations_are_predeclared_and_distinct (test_day_edge_lab.ScoutTests.test_configurations_are_predeclared_and_distinct) ... ok
2026-10-02T22:49:05.5791306Z test_eligibility_uses_age_and_past_turnover (test_day_edge_lab.ScoutTests.test_eligibility_uses_age_and_past_turnover) ... ok
2026-10-02T22:49:05.5834988Z test_features_are_invariant_to_future_changes (test_day_edge_lab.ScoutTests.test_features_are_invariant_to_future_changes) ... ok
2026-10-02T22:49:05.5867265Z test_features_restart_after_gaps (test_day_edge_lab.ScoutTests.test_features_restart_after_gaps) ... ok
2026-10-02T22:49:05.5875763Z test_missing_bar_excludes_fixed_time_event (test_day_edge_lab.ScoutTests.test_missing_bar_excludes_fixed_time_event) ... ok
2026-10-02T22:49:05.6099438Z test_missing_year_cannot_pass_selection (test_day_edge_lab.ScoutTests.test_missing_year_cannot_pass_selection) ... MERGE_DONE {"status": "NO_CELL_PASSED_FROZEN_GATE", "cells_examined": 144, "shard_count": 1, "eligible_cells": [], "selected": [], "observations": "Overlapping across coins; NO account return inference."}
2026-10-02T22:49:05.6102761Z ok
2026-10-02T22:49:05.6110421Z test_next_open_entry_and_fixed_open_exit (test_day_edge_lab.ScoutTests.test_next_open_entry_and_fixed_open_exit) ... ok
2026-10-02T22:49:05.6126162Z test_outcome_cannot_cross_split (test_day_edge_lab.ScoutTests.test_outcome_cannot_cross_split) ... ok
2026-10-02T22:49:05.6144505Z test_quote_volume_baseline_excludes_latest_hour (test_day_edge_lab.ScoutTests.test_quote_volume_baseline_excludes_latest_hour) ... ok
2026-10-02T22:49:05.6150091Z test_scheduled_nonoverlap_does_not_use_outcome (test_day_edge_lab.ScoutTests.test_scheduled_nonoverlap_does_not_use_outcome) ... ok
2026-10-02T22:49:05.6155507Z test_short_has_linear_entry_denominator (test_day_edge_lab.ScoutTests.test_short_has_linear_entry_denominator) ... ok
2026-10-02T22:49:05.6157225Z test_signal_onset_uses_only_previous_closed_state (test_day_edge_lab.ScoutTests.test_signal_onset_uses_only_previous_closed_state) ... ok
2026-10-02T22:49:05.6369225Z test_all_immutable_cache_components_fail_closed_without_redownload (test_funding_crowding_v7.ArchiveTests.test_all_immutable_cache_components_fail_closed_without_redownload) ... ok
2026-10-02T22:49:05.6495775Z test_invalid_timestamp_interval_and_rate_are_rejected (test_funding_crowding_v7.ArchiveTests.test_invalid_timestamp_interval_and_rate_are_rejected) ... ok
2026-10-02T22:49:05.6505513Z test_missing_archive_is_recorded_explicitly (test_funding_crowding_v7.ArchiveTests.test_missing_archive_is_recorded_explicitly) ... ok
2026-10-02T22:49:05.6546684Z test_missing_checksum_and_mismatch_preserve_raw_failure_not_zero (test_funding_crowding_v7.ArchiveTests.test_missing_checksum_and_mismatch_preserve_raw_failure_not_zero) ... ok
2026-10-02T22:49:05.6579037Z test_official_header_and_headerless_arrays_agree (test_funding_crowding_v7.ArchiveTests.test_official_header_and_headerless_arrays_agree) ... ok
2026-10-02T22:49:05.6635771Z test_original_bytes_checksum_and_verified_cache_are_preserved (test_funding_crowding_v7.ArchiveTests.test_original_bytes_checksum_and_verified_cache_are_preserved) ... ok
2026-10-02T22:49:05.6662210Z test_original_minute_archive_is_retained_and_frozen_hash_cannot_be_replaced (test_funding_crowding_v7.ArchiveTests.test_original_minute_archive_is_retained_and_frozen_hash_cannot_be_replaced) ... ok
2026-10-02T22:49:05.6675087Z test_transient_exhaustion_stops_and_keeps_downloaded_bytes (test_funding_crowding_v7.ArchiveTests.test_transient_exhaustion_stops_and_keeps_downloaded_bytes) ... ok
2026-10-02T22:49:05.6702421Z test_asof_matches_independent_record_by_record_oracle (test_funding_crowding_v7.AvailabilityTests.test_asof_matches_independent_record_by_record_oracle) ... ok
2026-10-02T22:49:05.6723463Z test_future_funding_perturbation_cannot_change_earlier_decisions (test_funding_crowding_v7.AvailabilityTests.test_future_funding_perturbation_cannot_change_earlier_decisions) ... ok
2026-10-02T22:49:05.6728601Z test_lagged_timestamp_and_variable_interval_normalization (test_funding_crowding_v7.AvailabilityTests.test_lagged_timestamp_and_variable_interval_normalization) ... ok
2026-10-02T22:49:05.6737559Z test_missing_month_cannot_carry_previous_rate_and_stale_interval_expires (test_funding_crowding_v7.AvailabilityTests.test_missing_month_cannot_carry_previous_rate_and_stale_interval_expires) ... ok
2026-10-02T22:49:05.6752025Z test_stage_end_is_physically_filtered_and_previous_month_loaded (test_funding_crowding_v7.AvailabilityTests.test_stage_end_is_physically_filtered_and_previous_month_loaded) ... ok
2026-10-02T22:49:05.6757302Z test_twentyfour_hour_interval_still_expires_after_twelve_hours (test_funding_crowding_v7.AvailabilityTests.test_twentyfour_hour_interval_still_expires_after_twelve_hours) ... ok
2026-10-02T22:49:05.6760990Z test_actual_next_open_stop_and_priority_use_available_inputs (test_funding_crowding_v7.EconomicTimingTests.test_actual_next_open_stop_and_priority_use_available_inputs) ... ok
2026-10-02T22:49:05.6767801Z test_actual_risk_tp_and_shared_canonical_exclusion (test_funding_crowding_v7.EconomicTimingTests.test_actual_risk_tp_and_shared_canonical_exclusion) ... ok
2026-10-02T22:49:05.6770382Z test_any_btc_can_be_missing_but_alignment_requires_exact_direction (test_funding_crowding_v7.EconomicTimingTests.test_any_btc_can_be_missing_but_alignment_requires_exact_direction) ... ok
2026-10-02T22:49:05.6776573Z test_entry_gap_stop_floor_and_overwide_stop_are_explicit (test_funding_crowding_v7.EconomicTimingTests.test_entry_gap_stop_floor_and_overwide_stop_are_explicit) ... ok
2026-10-02T22:49:05.6781393Z test_flow_and_reclaim_reject_their_opposite_confirmations (test_funding_crowding_v7.EconomicTimingTests.test_flow_and_reclaim_reject_their_opposite_confirmations) ... ok
2026-10-02T22:49:05.6783693Z test_intent_cooldown_uses_fixed_history_not_future_exit (test_funding_crowding_v7.EconomicTimingTests.test_intent_cooldown_uses_fixed_history_not_future_exit) ... ok
2026-10-02T22:49:05.6796889Z test_mirrored_long_negative_short_positive_with_each_confirmation (test_funding_crowding_v7.EconomicTimingTests.test_mirrored_long_negative_short_positive_with_each_confirmation) ... ok
2026-10-02T22:49:05.6798908Z test_missing_funding_is_rejected_even_if_price_and_flow_pass (test_funding_crowding_v7.EconomicTimingTests.test_missing_funding_is_rejected_even_if_price_and_flow_pass) ... ok
2026-10-02T22:49:05.6856598Z test_prior_atr_range_and_volume_exclude_current_and_future_bars (test_funding_crowding_v7.EconomicTimingTests.test_prior_atr_range_and_volume_exclude_current_and_future_bars) ... ok
2026-10-02T22:49:05.6859816Z test_sixteen_entries_and_ninety_six_unique_frozen_policies (test_funding_crowding_v7.EconomicTimingTests.test_sixteen_entries_and_ninety_six_unique_frozen_policies) ... ok
2026-10-02T22:49:05.6861955Z test_duplicate_universe_coverage_cannot_be_counted_twice (test_funding_crowding_v7.SelectionCoverageTests.test_duplicate_universe_coverage_cannot_be_counted_twice) ... ok
2026-10-02T22:49:05.9396119Z test_full96cells_and_kst_year_selection_after95percent_gate (test_funding_crowding_v7.SelectionCoverageTests.test_full96cells_and_kst_year_selection_after95percent_gate) ... FUNDING_SELECT {"status": "ACCOUNT_REPLAY_REQUIRED", "cells_examined": 96, "selected": [{"key": "FUNDING_S+1_F5_RECLAIM_ANY", "side": 1, "threshold": 0.0005, "confirmation": "RECLAIM", "btc": "ANY", "hold": 24, "exit_type": "TP2", "policy": "FUNDING_S+1_F5_RECLAIM_ANY__H24__TP2", "development_net40_R": 0.5, "development_worst_year_day_R": 0.5}], "policies": [{"key": "FUNDING_S+1_F5_RECLAIM_ANY", "side": 1, "threshold": 0.0005, "confirmation": "RECLAIM", "btc": "ANY", "hold": 24, "exit_type": "TP2", "policy": "FUNDING_S+1_F5_RECLAIM_ANY__H24__TP2", "development_net40_R": 0.5, "development_worst_year_day_R": 0.5}], "union_name": "FUNDING_UNION", "funding_coverage": {"passed": true, "minimum_fraction": 0.95, "years": {"2022": {"eligible": 800, "known": 760, "unavailable": 40, "fraction": 0.95}, "2023": {"eligible": 800, "known": 760, "unavailable": 40, "fraction": 0.95}}, "symbols": 8}, "note": "Independent overlapping policies and active-entry-date means are diagnostics, not account profits."}
2026-10-02T22:49:05.9429001Z ok
2026-10-02T22:49:06.2062847Z test_positive_results_cannot_hide_input_insufficiency (test_funding_crowding_v7.SelectionCoverageTests.test_positive_results_cannot_hide_input_insufficiency) ... FUNDING_SELECT {"status": "SOURCE_COVERAGE_INSUFFICIENT", "cells_examined": 96, "selected": [], "policies": [], "union_name": "FUNDING_UNION", "funding_coverage": {"passed": false, "minimum_fraction": 0.95, "years": {"2022": {"eligible": 800, "known": 752, "unavailable": 48, "fraction": 0.94}, "2023": {"eligible": 800, "known": 760, "unavailable": 40, "fraction": 0.95}}, "symbols": 8}, "note": "Independent overlapping policies and active-entry-date means are diagnostics, not account profits."}
2026-10-02T22:49:06.2078291Z ok
2026-10-02T22:49:06.4571776Z test_price_r_date_frequency_and_empty_cells_reject_independently (test_funding_crowding_v7.SelectionCoverageTests.test_price_r_date_frequency_and_empty_cells_reject_independently) ... FUNDING_SELECT {"status": "NO_DEVELOPMENT_POLICY_SURVIVOR", "cells_examined": 96, "selected": [], "policies": [], "union_name": "FUNDING_UNION", "funding_coverage": {"passed": true, "minimum_fraction": 0.95, "years": {"2022": {"eligible": 800, "known": 760, "unavailable": 40, "fraction": 0.95}, "2023": {"eligible": 800, "known": 760, "unavailable": 40, "fraction": 0.95}}, "symbols": 8}, "note": "Independent overlapping policies and active-entry-date means are diagnostics, not account profits."}
2026-10-02T22:49:06.7098516Z FUNDING_SELECT {"status": "NO_DEVELOPMENT_POLICY_SURVIVOR", "cells_examined": 96, "selected": [], "policies": [], "union_name": "FUNDING_UNION", "funding_coverage": {"passed": true, "minimum_fraction": 0.95, "years": {"2022": {"eligible": 800, "known": 760, "unavailable": 40, "fraction": 0.95}, "2023": {"eligible": 800, "known": 760, "unavailable": 40, "fraction": 0.95}}, "symbols": 8}, "note": "Independent overlapping policies and active-entry-date means are diagnostics, not account profits."}
2026-10-02T22:49:06.9616615Z FUNDING_SELECT {"status": "NO_DEVELOPMENT_POLICY_SURVIVOR", "cells_examined": 96, "selected": [], "policies": [], "union_name": "FUNDING_UNION", "funding_coverage": {"passed": true, "minimum_fraction": 0.95, "years": {"2022": {"eligible": 800, "known": 760, "unavailable": 40, "fraction": 0.95}, "2023": {"eligible": 800, "known": 760, "unavailable": 40, "fraction": 0.95}}, "symbols": 8}, "note": "Independent overlapping policies and active-entry-date means are diagnostics, not account profits."}
2026-10-02T22:49:07.2019703Z FUNDING_SELECT {"status": "NO_DEVELOPMENT_POLICY_SURVIVOR", "cells_examined": 96, "selected": [], "policies": [], "union_name": "FUNDING_UNION", "funding_coverage": {"passed": true, "minimum_fraction": 0.95, "years": {"2022": {"eligible": 800, "known": 760, "unavailable": 40, "fraction": 0.95}, "2023": {"eligible": 800, "known": 760, "unavailable": 40, "fraction": 0.95}}, "symbols": 8}, "note": "Independent overlapping policies and active-entry-date means are diagnostics, not account profits."}
2026-10-02T22:49:07.2048341Z ok
2026-10-02T22:49:07.2057379Z test_checksum_mismatch_is_explicit_gap (test_liquidity_sweep_v5.MinuteTests.test_checksum_mismatch_is_explicit_gap) ... ok
2026-10-02T22:49:07.2069544Z test_definitive_missing_archive_and_checksum_excluded (test_liquidity_sweep_v5.MinuteTests.test_definitive_missing_archive_and_checksum_excluded) ... ok
2026-10-02T22:49:07.2114814Z test_exact_authoritative_slice_and_provenance_are_preserved (test_liquidity_sweep_v5.MinuteTests.test_exact_authoritative_slice_and_provenance_are_preserved) ... ok
2026-10-02T22:49:07.2121350Z test_exhausted_transient_error_is_not_fabricated_data_gap (test_liquidity_sweep_v5.MinuteTests.test_exhausted_transient_error_is_not_fabricated_data_gap) ... ok
2026-10-02T22:49:07.2181635Z test_gapped_or_bad_geometry_official_archive_excluded (test_liquidity_sweep_v5.MinuteTests.test_gapped_or_bad_geometry_official_archive_excluded) ... ok
2026-10-02T22:49:07.2222279Z test_legacy_cache_without_original_checksum_is_not_trusted (test_liquidity_sweep_v5.MinuteTests.test_legacy_cache_without_original_checksum_is_not_trusted) ... ok
2026-10-02T22:49:07.2272141Z test_official_header_and_headerless_values_agree (test_liquidity_sweep_v5.MinuteTests.test_official_header_and_headerless_values_agree) ... ok
2026-10-02T22:49:07.2320507Z test_original_zip_checksum_then_verified_cache (test_liquidity_sweep_v5.MinuteTests.test_original_zip_checksum_then_verified_cache) ... ok
2026-10-02T22:49:07.2328387Z test_shared_canonical_resolver_excludes_checksum_gap (test_liquidity_sweep_v5.MinuteTests.test_shared_canonical_resolver_excludes_checksum_gap) ... ok
2026-10-02T22:49:07.2366611Z test_shared_canonical_resolver_keeps_entry_minute_tp_only_as_loss (test_liquidity_sweep_v5.MinuteTests.test_shared_canonical_resolver_keeps_entry_minute_tp_only_as_loss) ... ok
2026-10-02T22:49:07.2406724Z test_verified_cache_corruption_fails_without_replacement (test_liquidity_sweep_v5.MinuteTests.test_verified_cache_corruption_fails_without_replacement) ... ok
2026-10-02T22:49:07.2473902Z test_actual_entry_and_closed_sweep_anchored_sl (test_liquidity_sweep_v5.SweepTests.test_actual_entry_and_closed_sweep_anchored_sl) ... ok
2026-10-02T22:49:07.4979248Z test_all_cells_preserved_and_year_is_kst (test_liquidity_sweep_v5.SweepTests.test_all_cells_preserved_and_year_is_kst) ... SWEEP_SELECT {"status": "ACCOUNT_REPLAY_REQUIRED", "cells_examined": 96, "selected": [{"key": "SWEEP_S+1_W48_A55_ANY", "side": 1, "window": 48, "flow": 0.55, "btc": "ANY", "hold": 24, "exit_type": "TP2", "policy": "SWEEP_S+1_W48_A55_ANY__H24__TP2", "development_net40_R": 0.5, "development_worst_year_day_R": 0.5}], "policies": [{"key": "SWEEP_S+1_W48_A55_ANY", "side": 1, "window": 48, "flow": 0.55, "btc": "ANY", "hold": 24, "exit_type": "TP2", "policy": "SWEEP_S+1_W48_A55_ANY__H24__TP2", "development_net40_R": 0.5, "development_worst_year_day_R": 0.5}], "union_name": "SWEEP_UNION", "note": "Independent overlapping policies and active-entry-date means are diagnostics, not account profits."}
2026-10-02T22:49:07.5013362Z ok
2026-10-02T22:49:07.5049107Z test_btc_missing_fails_alignment_but_any_ignores_it (test_liquidity_sweep_v5.SweepTests.test_btc_missing_fails_alignment_but_any_ignores_it) ... ok
2026-10-02T22:49:07.7506699Z test_clustered_entry_days_cannot_satisfy_frequency (test_liquidity_sweep_v5.SweepTests.test_clustered_entry_days_cannot_satisfy_frequency) ... SWEEP_SELECT {"status": "NO_DEVELOPMENT_POLICY_SURVIVOR", "cells_examined": 96, "selected": [], "policies": [], "union_name": "SWEEP_UNION", "note": "Independent overlapping policies and active-entry-date means are diagnostics, not account profits."}
2026-10-02T22:49:07.7523789Z ok
2026-10-02T22:49:07.7561480Z test_cooldown_uses_intents_not_future_outcomes (test_liquidity_sweep_v5.SweepTests.test_cooldown_uses_intents_not_future_outcomes) ... ok
2026-10-02T22:49:07.7564548Z test_empty_source_stops_before_minute_retrieval (test_liquidity_sweep_v5.SweepTests.test_empty_source_stops_before_minute_retrieval) ... ok
2026-10-02T22:49:07.7629495Z test_flow_threshold_boundary_is_symmetric (test_liquidity_sweep_v5.SweepTests.test_flow_threshold_boundary_is_symmetric) ... ok
2026-10-02T22:49:07.7729916Z test_future_perturbation_preserves_every_past_feature (test_liquidity_sweep_v5.SweepTests.test_future_perturbation_preserves_every_past_feature) ... ok
2026-10-02T22:49:07.7788508Z test_gaps_reset_range_and_volume_history (test_liquidity_sweep_v5.SweepTests.test_gaps_reset_range_and_volume_history) ... ok
2026-10-02T22:49:07.7792611Z test_grid_is_frozen_and_unique (test_liquidity_sweep_v5.SweepTests.test_grid_is_frozen_and_unique) ... ok
2026-10-02T22:49:07.7953070Z test_incomplete_parts_rejected (test_liquidity_sweep_v5.SweepTests.test_incomplete_parts_rejected) ... ok
2026-10-02T22:49:07.7987597Z test_invalid_gap_fill_is_not_a_valid_stop (test_liquidity_sweep_v5.SweepTests.test_invalid_gap_fill_is_not_a_valid_stop) ... ok
2026-10-02T22:49:07.8050970Z test_minimum_stop_and_above_eight_percent_exclusion (test_liquidity_sweep_v5.SweepTests.test_minimum_stop_and_above_eight_percent_exclusion) ... ok
2026-10-02T22:49:08.0525607Z test_positive_r_cannot_hide_negative_annual_price_return (test_liquidity_sweep_v5.SweepTests.test_positive_r_cannot_hide_negative_annual_price_return) ... SWEEP_SELECT {"status": "NO_DEVELOPMENT_POLICY_SURVIVOR", "cells_examined": 96, "selected": [], "policies": [], "union_name": "SWEEP_UNION", "note": "Independent overlapping policies and active-entry-date means are diagnostics, not account profits."}
2026-10-02T22:49:08.0541005Z ok
2026-10-02T22:49:08.0607625Z test_price_must_reject_inside_known_range (test_liquidity_sweep_v5.SweepTests.test_price_must_reject_inside_known_range) ... ok
2026-10-02T22:49:08.0667892Z test_prior_baselines_cannot_use_current_candle (test_liquidity_sweep_v5.SweepTests.test_prior_baselines_cannot_use_current_candle) ... ok
2026-10-02T22:49:08.0731383Z test_sides_require_opposite_aggressive_flow (test_liquidity_sweep_v5.SweepTests.test_sides_require_opposite_aggressive_flow) ... ok
2026-10-02T22:49:08.0763124Z test_sweep_has_prior_atr_minimum_distance (test_liquidity_sweep_v5.SweepTests.test_sweep_has_prior_atr_minimum_distance) ... ok
2026-10-02T22:49:08.0855467Z test_wick_body_and_volume_must_agree (test_liquidity_sweep_v5.SweepTests.test_wick_body_and_volume_must_agree) ... ok
2026-10-02T22:49:08.0903071Z test_404_checksum_failure_and_transient_are_not_zero_imputed (test_premium_absorption_v8.ArchiveTests.test_404_checksum_failure_and_transient_are_not_zero_imputed) ... ok
2026-10-02T22:49:08.1138515Z test_each_verified_cache_component_corruption_fails_without_redownload (test_premium_absorption_v8.ArchiveTests.test_each_verified_cache_component_corruption_fails_without_redownload) ... ok
2026-10-02T22:49:08.1147855Z test_exact_alignment_missing_month_and_stage_cut (test_premium_absorption_v8.ArchiveTests.test_exact_alignment_missing_month_and_stage_cut) ... ok
2026-10-02T22:49:08.1158980Z test_future_premium_cannot_change_prior_alignment (test_premium_absorption_v8.ArchiveTests.test_future_premium_cannot_change_prior_alignment) ... ok
2026-10-02T22:49:08.1291589Z test_invalid_width_header_timestamp_geometry_and_values_fail (test_premium_absorption_v8.ArchiveTests.test_invalid_width_header_timestamp_geometry_and_values_fail) ... ok
2026-10-02T22:49:08.1301776Z test_load_symbol_includes_previous_month_but_never_future_stage (test_premium_absorption_v8.ArchiveTests.test_load_symbol_includes_previous_month_but_never_future_stage) ... ok
2026-10-02T22:49:08.1369871Z test_original_checksum_npz_and_verified_cache_are_immutable (test_premium_absorption_v8.ArchiveTests.test_original_checksum_npz_and_verified_cache_are_immutable) ... ok
2026-10-02T22:49:08.1417485Z test_signed_header_and_headerless_arrays_agree (test_premium_absorption_v8.ArchiveTests.test_signed_header_and_headerless_arrays_agree) ... ok
2026-10-02T22:49:08.1475063Z test_current_and_future_price_cannot_change_prior_baselines (test_premium_absorption_v8.EconomicTests.test_current_and_future_price_cannot_change_prior_baselines) ... ok
2026-10-02T22:49:08.1481503Z test_entry_gap_floor_overwide_stop_and_path_gap_are_explicit (test_premium_absorption_v8.EconomicTests.test_entry_gap_floor_overwide_stop_and_path_gap_are_explicit) ... ok
2026-10-02T22:49:08.1484719Z test_fixed_intent_cooldown_not_future_exit (test_premium_absorption_v8.EconomicTests.test_fixed_intent_cooldown_not_future_exit) ... ok
2026-10-02T22:49:08.1492390Z test_flow_volume_price_and_btc_filters (test_premium_absorption_v8.EconomicTests.test_flow_volume_price_and_btc_filters) ... ok
2026-10-02T22:49:08.1500636Z test_mirrored_signed_dislocation_and_normalization (test_premium_absorption_v8.EconomicTests.test_mirrored_signed_dislocation_and_normalization) ... ok
2026-10-02T22:49:08.1504426Z test_missing_or_noncontiguous_premium_invalidates_signal (test_premium_absorption_v8.EconomicTests.test_missing_or_noncontiguous_premium_invalidates_signal) ... ok
2026-10-02T22:49:08.1508514Z test_next_open_actual_risk_priority_and_future_ohlc_independence (test_premium_absorption_v8.EconomicTests.test_next_open_actual_risk_priority_and_future_ohlc_independence) ... ok
2026-10-02T22:49:08.1511565Z test_normalization_magnitude_and_direction_are_hard_filters (test_premium_absorption_v8.EconomicTests.test_normalization_magnitude_and_direction_are_hard_filters) ... ok
2026-10-02T22:49:08.1518872Z test_shared_resolver_tp_and_exclusion (test_premium_absorption_v8.EconomicTests.test_shared_resolver_tp_and_exclusion) ... ok
2026-10-02T22:49:08.1524417Z test_sixteen_entries_ninety_six_policies (test_premium_absorption_v8.EconomicTests.test_sixteen_entries_ninety_six_policies) ... ok
2026-10-02T22:49:08.4038921Z test_2022_and_2023_price_and_r_still_hard_gates (test_premium_absorption_v8.SelectionTests.test_2022_and_2023_price_and_r_still_hard_gates) ... PREMIUM_SELECT {"status": "NO_DEVELOPMENT_POLICY_SURVIVOR", "cells_examined": 96, "selected": [], "policies": [], "union_name": "PREMIUM_ABSORPTION_UNION", "premium_coverage": {"passed": true, "minimum_fraction": 0.95, "years": {"2021": {"eligible": 800, "known": 760, "unavailable": 40, "fraction": 0.95}, "2022": {"eligible": 800, "known": 760, "unavailable": 40, "fraction": 0.95}, "2023": {"eligible": 800, "known": 760, "unavailable": 40, "fraction": 0.95}}, "symbols": 8}, "note": "Independent overlapping policies and active-entry-date means are diagnostics, not account profits."}
2026-10-02T22:49:08.6559175Z PREMIUM_SELECT {"status": "NO_DEVELOPMENT_POLICY_SURVIVOR", "cells_examined": 96, "selected": [], "policies": [], "union_name": "PREMIUM_ABSORPTION_UNION", "premium_coverage": {"passed": true, "minimum_fraction": 0.95, "years": {"2021": {"eligible": 800, "known": 760, "unavailable": 40, "fraction": 0.95}, "2022": {"eligible": 800, "known": 760, "unavailable": 40, "fraction": 0.95}, "2023": {"eligible": 800, "known": 760, "unavailable": 40, "fraction": 0.95}}, "symbols": 8}, "note": "Independent overlapping policies and active-entry-date means are diagnostics, not account profits."}
2026-10-02T22:49:08.9079013Z PREMIUM_SELECT {"status": "NO_DEVELOPMENT_POLICY_SURVIVOR", "cells_examined": 96, "selected": [], "policies": [], "union_name": "PREMIUM_ABSORPTION_UNION", "premium_coverage": {"passed": true, "minimum_fraction": 0.95, "years": {"2021": {"eligible": 800, "known": 760, "unavailable": 40, "fraction": 0.95}, "2022": {"eligible": 800, "known": 760, "unavailable": 40, "fraction": 0.95}, "2023": {"eligible": 800, "known": 760, "unavailable": 40, "fraction": 0.95}}, "symbols": 8}, "note": "Independent overlapping policies and active-entry-date means are diagnostics, not account profits."}
2026-10-02T22:49:09.1618195Z PREMIUM_SELECT {"status": "NO_DEVELOPMENT_POLICY_SURVIVOR", "cells_examined": 96, "selected": [], "policies": [], "union_name": "PREMIUM_ABSORPTION_UNION", "premium_coverage": {"passed": true, "minimum_fraction": 0.95, "years": {"2021": {"eligible": 800, "known": 760, "unavailable": 40, "fraction": 0.95}, "2022": {"eligible": 800, "known": 760, "unavailable": 40, "fraction": 0.95}, "2023": {"eligible": 800, "known": 760, "unavailable": 40, "fraction": 0.95}}, "symbols": 8}, "note": "Independent overlapping policies and active-entry-date means are diagnostics, not account profits."}
2026-10-02T22:49:09.1634449Z ok
2026-10-02T22:49:09.4194497Z test_95percent_three_year_coverage_and_all96cells (test_premium_absorption_v8.SelectionTests.test_95percent_three_year_coverage_and_all96cells) ... PREMIUM_SELECT {"status": "ACCOUNT_REPLAY_REQUIRED", "cells_examined": 96, "selected": [{"key": "PREMIUM_S+1_P5_N1_ANY", "side": 1, "threshold": 0.0005, "lookback": 1, "btc": "ANY", "hold": 24, "exit_type": "TP2", "policy": "PREMIUM_S+1_P5_N1_ANY__H24__TP2", "development_net40_R": 0.5, "development_worst_year_day_R": 0.5}], "policies": [{"key": "PREMIUM_S+1_P5_N1_ANY", "side": 1, "threshold": 0.0005, "lookback": 1, "btc": "ANY", "hold": 24, "exit_type": "TP2", "policy": "PREMIUM_S+1_P5_N1_ANY__H24__TP2", "development_net40_R": 0.5, "development_worst_year_day_R": 0.5}], "union_name": "PREMIUM_ABSORPTION_UNION", "premium_coverage": {"passed": true, "minimum_fraction": 0.95, "years": {"2021": {"eligible": 800, "known": 760, "unavailable": 40, "fraction": 0.95}, "2022": {"eligible": 800, "known": 760, "unavailable": 40, "fraction": 0.95}, "2023": {"eligible": 800, "known": 760, "unavailable": 40, "fraction": 0.95}}, "symbols": 8}, "note": "Independent overlapping policies and active-entry-date means are diagnostics, not account profits."}
2026-10-02T22:49:09.4222406Z ok
2026-10-02T22:49:09.6739845Z test_below_coverage_is_input_failure_not_alpha (test_premium_absorption_v8.SelectionTests.test_below_coverage_is_input_failure_not_alpha) ... PREMIUM_SELECT {"status": "SOURCE_COVERAGE_INSUFFICIENT", "cells_examined": 96, "selected": [], "policies": [], "union_name": "PREMIUM_ABSORPTION_UNION", "premium_coverage": {"passed": false, "minimum_fraction": 0.95, "years": {"2021": {"eligible": 800, "known": 752, "unavailable": 48, "fraction": 0.94}, "2022": {"eligible": 800, "known": 752, "unavailable": 48, "fraction": 0.94}, "2023": {"eligible": 800, "known": 752, "unavailable": 48, "fraction": 0.94}}, "symbols": 8}, "note": "Independent overlapping policies and active-entry-date means are diagnostics, not account profits."}
2026-10-02T22:49:09.6757751Z ok
2026-10-02T22:49:09.9116918Z test_duplicate_coverage_symbol_and_empty_cells (test_premium_absorption_v8.SelectionTests.test_duplicate_coverage_symbol_and_empty_cells) ... PREMIUM_SELECT {"status": "NO_DEVELOPMENT_POLICY_SURVIVOR", "cells_examined": 96, "selected": [], "policies": [], "union_name": "PREMIUM_ABSORPTION_UNION", "premium_coverage": {"passed": true, "minimum_fraction": 0.95, "years": {"2021": {"eligible": 800, "known": 760, "unavailable": 40, "fraction": 0.95}, "2022": {"eligible": 800, "known": 760, "unavailable": 40, "fraction": 0.95}, "2023": {"eligible": 800, "known": 760, "unavailable": 40, "fraction": 0.95}}, "symbols": 8}, "note": "Independent overlapping policies and active-entry-date means are diagnostics, not account profits."}
2026-10-02T22:49:09.9145118Z ok
2026-10-02T22:49:10.1801939Z test_partial2021_price_r_date_and_frequency_are_hard_gates (test_premium_absorption_v8.SelectionTests.test_partial2021_price_r_date_and_frequency_are_hard_gates) ... PREMIUM_SELECT {"status": "NO_DEVELOPMENT_POLICY_SURVIVOR", "cells_examined": 96, "selected": [], "policies": [], "union_name": "PREMIUM_ABSORPTION_UNION", "premium_coverage": {"passed": true, "minimum_fraction": 0.95, "years": {"2021": {"eligible": 800, "known": 760, "unavailable": 40, "fraction": 0.95}, "2022": {"eligible": 800, "known": 760, "unavailable": 40, "fraction": 0.95}, "2023": {"eligible": 800, "known": 760, "unavailable": 40, "fraction": 0.95}}, "symbols": 8}, "note": "Independent overlapping policies and active-entry-date means are diagnostics, not account profits."}
2026-10-02T22:49:10.4334085Z PREMIUM_SELECT {"status": "NO_DEVELOPMENT_POLICY_SURVIVOR", "cells_examined": 96, "selected": [], "policies": [], "union_name": "PREMIUM_ABSORPTION_UNION", "premium_coverage": {"passed": true, "minimum_fraction": 0.95, "years": {"2021": {"eligible": 800, "known": 760, "unavailable": 40, "fraction": 0.95}, "2022": {"eligible": 800, "known": 760, "unavailable": 40, "fraction": 0.95}, "2023": {"eligible": 800, "known": 760, "unavailable": 40, "fraction": 0.95}}, "symbols": 8}, "note": "Independent overlapping policies and active-entry-date means are diagnostics, not account profits."}
2026-10-02T22:49:10.6838166Z PREMIUM_SELECT {"status": "NO_DEVELOPMENT_POLICY_SURVIVOR", "cells_examined": 96, "selected": [], "policies": [], "union_name": "PREMIUM_ABSORPTION_UNION", "premium_coverage": {"passed": true, "minimum_fraction": 0.95, "years": {"2021": {"eligible": 800, "known": 760, "unavailable": 40, "fraction": 0.95}, "2022": {"eligible": 800, "known": 760, "unavailable": 40, "fraction": 0.95}, "2023": {"eligible": 800, "known": 760, "unavailable": 40, "fraction": 0.95}}, "symbols": 8}, "note": "Independent overlapping policies and active-entry-date means are diagnostics, not account profits."}
2026-10-02T22:49:10.9541912Z PREMIUM_SELECT {"status": "NO_DEVELOPMENT_POLICY_SURVIVOR", "cells_examined": 96, "selected": [], "policies": [], "union_name": "PREMIUM_ABSORPTION_UNION", "premium_coverage": {"passed": true, "minimum_fraction": 0.95, "years": {"2021": {"eligible": 800, "known": 760, "unavailable": 40, "fraction": 0.95}, "2022": {"eligible": 800, "known": 760, "unavailable": 40, "fraction": 0.95}, "2023": {"eligible": 800, "known": 760, "unavailable": 40, "fraction": 0.95}}, "symbols": 8}, "note": "Independent overlapping policies and active-entry-date means are diagnostics, not account profits."}
2026-10-02T22:49:10.9558675Z ok
2026-10-02T22:49:10.9563631Z test_entry_minute_both_is_loss (test_relative_pullback_v1.ChronologyTests.test_entry_minute_both_is_loss) ... ok
2026-10-02T22:49:10.9567836Z test_entry_minute_sl_is_loss (test_relative_pullback_v1.ChronologyTests.test_entry_minute_sl_is_loss) ... ok
2026-10-02T22:49:10.9571129Z test_entry_minute_tp_is_loss (test_relative_pullback_v1.ChronologyTests.test_entry_minute_tp_is_loss) ... ok
2026-10-02T22:49:10.9574588Z test_entry_price_mismatch_is_excluded (test_relative_pullback_v1.ChronologyTests.test_entry_price_mismatch_is_excluded) ... ok
2026-10-02T22:49:10.9577732Z test_established_first_minute_tp_is_win (test_relative_pullback_v1.ChronologyTests.test_established_first_minute_tp_is_win) ... ok
2026-10-02T22:49:10.9580287Z test_established_same_minute_both_is_loss (test_relative_pullback_v1.ChronologyTests.test_established_same_minute_both_is_loss) ... ok
2026-10-02T22:49:10.9583813Z test_later_sl_proven_before_tp (test_relative_pullback_v1.ChronologyTests.test_later_sl_proven_before_tp) ... ok
2026-10-02T22:49:10.9588916Z test_later_tp_proven_before_sl (test_relative_pullback_v1.ChronologyTests.test_later_tp_proven_before_sl) ... ok
2026-10-02T22:49:10.9591175Z test_official_data_gap_is_excluded (test_relative_pullback_v1.ChronologyTests.test_official_data_gap_is_excluded) ... ok
2026-10-02T22:49:10.9594948Z test_parent_exit_not_reproduced_is_mismatch (test_relative_pullback_v1.ChronologyTests.test_parent_exit_not_reproduced_is_mismatch) ... ok
2026-10-02T22:49:10.9598169Z test_short_entry_touch_is_loss (test_relative_pullback_v1.ChronologyTests.test_short_entry_touch_is_loss) ... ok
2026-10-02T22:49:10.9601501Z test_short_later_tp_is_win (test_relative_pullback_v1.ChronologyTests.test_short_later_tp_is_win) ... ok
2026-10-02T22:49:10.9631585Z test_cash_equals_sum_of_net_trade_pnls (test_relative_pullback_v1.PortfolioTests.test_cash_equals_sum_of_net_trade_pnls) ... ok
2026-10-02T22:49:10.9658270Z test_day_loss_blocks_later_entry (test_relative_pullback_v1.PortfolioTests.test_day_loss_blocks_later_entry) ... ok
2026-10-02T22:49:10.9704164Z test_drawdown_halt_is_permanent_within_split (test_relative_pullback_v1.PortfolioTests.test_drawdown_halt_is_permanent_within_split) ... ok
2026-10-02T22:49:10.9739629Z test_empty_days_are_in_denominator_and_korea_aligned (test_relative_pullback_v1.PortfolioTests.test_empty_days_are_in_denominator_and_korea_aligned) ... ok
2026-10-02T22:49:10.9789199Z test_half_risk_latches_into_next_day (test_relative_pullback_v1.PortfolioTests.test_half_risk_latches_into_next_day) ... ok
2026-10-02T22:49:10.9818972Z test_profit_above_two_percent_does_not_block_entry (test_relative_pullback_v1.PortfolioTests.test_profit_above_two_percent_does_not_block_entry) ... ok
2026-10-02T22:49:10.9844232Z test_same_symbol_opposite_signal_is_rejected (test_relative_pullback_v1.PortfolioTests.test_same_symbol_opposite_signal_is_rejected) ... ok
2026-10-02T22:49:10.9869609Z test_short_position_accounting (test_relative_pullback_v1.PortfolioTests.test_short_position_accounting) ... ok
2026-10-02T22:49:10.9900503Z test_simultaneous_risk_and_six_slot_caps (test_relative_pullback_v1.PortfolioTests.test_simultaneous_risk_and_six_slot_caps) ... ok
2026-10-02T22:49:10.9913802Z test_split_crossing_outcome_is_rejected (test_relative_pullback_v1.PortfolioTests.test_split_crossing_outcome_is_rejected) ... ok
2026-10-02T22:49:10.9915408Z test_gap_stop_fills_at_worse_open (test_relative_pullback_v1.SignalTests.test_gap_stop_fills_at_worse_open) ... ok
2026-10-02T22:49:10.9925619Z test_hour_only_becomes_available_when_closed (test_relative_pullback_v1.SignalTests.test_hour_only_becomes_available_when_closed) ... ok
2026-10-02T22:49:10.9974777Z test_indicators_do_not_use_future_candles (test_relative_pullback_v1.SignalTests.test_indicators_do_not_use_future_candles) ... ok
2026-10-02T22:49:11.0002269Z test_indicators_restart_after_data_gap (test_relative_pullback_v1.SignalTests.test_indicators_restart_after_data_gap) ... ok
2026-10-02T22:49:11.0004156Z test_missing_timeout_path_is_excluded (test_relative_pullback_v1.SignalTests.test_missing_timeout_path_is_excluded) ... ok
2026-10-02T22:49:11.0005884Z test_short_return_uses_linear_entry_denominator (test_relative_pullback_v1.SignalTests.test_short_return_uses_linear_entry_denominator) ... ok
2026-10-02T22:49:11.0007802Z test_signal_confirmed_close_and_next_open_alignment (test_relative_pullback_v1.SignalTests.test_signal_confirmed_close_and_next_open_alignment) ... ok
2026-10-02T22:49:11.0009541Z test_timeout_is_exactly_twelve_hours (test_relative_pullback_v1.SignalTests.test_timeout_is_exactly_twelve_hours) ... ok
2026-10-02T22:49:11.0024388Z test_archive_keeps_failed_evidence_and_validates_exact_copy (test_research_evidence_archive.EvidenceTests.test_archive_keeps_failed_evidence_and_validates_exact_copy) ... EVIDENCE_ARCHIVED failed-study 2 files 48 bytes
2026-10-02T22:49:11.0029405Z ok
2026-10-02T22:49:11.0048336Z test_incomplete_cache_is_rejected_and_failure_saved (test_research_evidence_archive.EvidenceTests.test_incomplete_cache_is_rejected_and_failure_saved) ... ok
2026-10-02T22:49:11.0072012Z test_matches_full_catalogue_stats_and_prior_sha256 (test_research_evidence_archive.EvidenceTests.test_matches_full_catalogue_stats_and_prior_sha256) ... FROZEN_SOURCE_VERIFIED 1 files 1 prior SHA256 matches
2026-10-02T22:49:11.0075546Z ok
2026-10-02T22:49:11.0108928Z test_same_stats_but_changed_source_bytes_are_rejected (test_research_evidence_archive.EvidenceTests.test_same_stats_but_changed_source_bytes_are_rejected) ... ok
2026-10-02T22:49:11.0117468Z test_incomplete_curve_cannot_be_silently_filled (test_saved_calendar_audit.SavedCalendarTests.test_incomplete_curve_cannot_be_silently_filled) ... ok
2026-10-02T22:49:11.0211457Z test_reconstruction_keeps_entries_on_both_partial_days_and_midnight (test_saved_calendar_audit.SavedCalendarTests.test_reconstruction_keeps_entries_on_both_partial_days_and_midnight) ... ok
2026-10-02T22:49:11.0240944Z test_cooldown_is_fixed_not_outcome_conditioned (test_shock_confirmation_v3.ConfirmTests.test_cooldown_is_fixed_not_outcome_conditioned) ... ok
2026-10-02T22:49:11.0320903Z test_features_ignore_future_prices_and_flow (test_shock_confirmation_v3.ConfirmTests.test_features_ignore_future_prices_and_flow) ... ok
2026-10-02T22:49:11.0347654Z test_flow_share_uses_actual_quote_ratio (test_shock_confirmation_v3.ConfirmTests.test_flow_share_uses_actual_quote_ratio) ... ok
2026-10-02T22:49:11.0395810Z test_future_confirming_bar_cannot_move_old_stop (test_shock_confirmation_v3.ConfirmTests.test_future_confirming_bar_cannot_move_old_stop) ... ok
2026-10-02T22:49:11.0440419Z test_gap_restarts_recent_shock_and_stop_window (test_shock_confirmation_v3.ConfirmTests.test_gap_restarts_recent_shock_and_stop_window) ... ok
2026-10-02T22:49:11.0445063Z test_predeclared_grid (test_shock_confirmation_v3.ConfirmTests.test_predeclared_grid) ... ok
2026-10-02T22:49:11.0470484Z test_shock_window_excludes_current_confirming_bar (test_shock_confirmation_v3.ConfirmTests.test_shock_window_excludes_current_confirming_bar) ... ok
2026-10-02T22:49:11.0474243Z test_structural_stop_and_actual_fill_risk (test_shock_confirmation_v3.ConfirmTests.test_structural_stop_and_actual_fill_risk) ... ok
2026-10-02T22:49:11.0475198Z 
2026-10-02T22:49:11.0475474Z ----------------------------------------------------------------------
2026-10-02T22:49:11.0476021Z Ran 458 tests in 59.852s
2026-10-02T22:49:11.0476251Z 
2026-10-02T22:49:11.0476370Z OK
2026-10-02T22:49:11.0476651Z V16_TEST_RESULT 458 0 0 True
2026-10-02T22:49:11.5646363Z PASS long_preentry_tp_ignored win
2026-10-02T22:49:11.5647016Z PASS long_entry_same1m_tp_loss loss
2026-10-02T22:49:11.5647592Z PASS long_gap_through_entry_then_tp win
2026-10-02T22:49:11.5647975Z PASS short_gap_through_entry_then_tp win
2026-10-02T22:49:11.5648352Z PASS long_entry_same1m_sl_loss loss
2026-10-02T22:49:11.5648971Z PASS long_entry_same1m_both_loss loss
2026-10-02T22:49:11.5649310Z PASS long_entry_then_tp win
2026-10-02T22:49:11.5649787Z PASS long_entry_then_sl loss
2026-10-02T22:49:11.5650422Z PASS long_preentry_tp_then_entry_continue continue
2026-10-02T22:49:11.5651033Z PASS long_entry_not_seen_entry_mismatch entry_mismatch
2026-10-02T22:49:11.5651613Z PASS long_established_same1m_both_loss loss
2026-10-02T22:49:11.5652244Z PASS long_established_parent_collision_not_seen_exit_mismatch exit_mismatch
2026-10-02T22:49:11.5652914Z PASS short_entry_same1m_tp_loss loss
2026-10-02T22:49:11.5653946Z PASS short_entry_same1m_sl_loss loss
2026-10-02T22:49:11.5654451Z PASS short_entry_then_tp win
2026-10-02T22:49:11.5654863Z PASS short_entry_then_sl loss
2026-10-02T22:49:11.5655440Z PASS short_preentry_tp_then_entry_continue continue
2026-10-02T22:49:11.5664383Z ALL_CHRONOLOGY_SMOKE_PASS
2026-10-02T22:49:11.5664891Z PASS resample_exact_buckets
2026-10-02T22:49:11.5665184Z PASS psar_open_causality
2026-10-02T22:49:11.5665471Z PASS psar_burnin_initialization_sanity
2026-10-02T22:49:11.5665773Z PASS binance_1m_header_contract
2026-10-02T22:49:11.5666050Z ALL_CANONICAL_INVARIANTS_PASS
2026-10-02T22:49:12.9444064Z V16_BREADTH_MAP DEV 4 / 4
2026-10-02T22:49:13.2778569Z V16_BREADTH_MAP_DONE DEV shard 0 sources 4 rows 81793
2026-10-02T22:49:13.6536946Z V16_BREADTH_MAP DEV 4 / 4
2026-10-02T22:49:13.9858577Z V16_BREADTH_MAP_DONE DEV shard 1 sources 4 rows 81793
2026-10-02T22:49:14.3588768Z V16_BREADTH_MAP DEV 4 / 4
2026-10-02T22:49:14.6898312Z V16_BREADTH_MAP_DONE DEV shard 2 sources 4 rows 81793
2026-10-02T22:49:15.0640680Z V16_BREADTH_MAP DEV 4 / 4
2026-10-02T22:49:15.3965218Z V16_BREADTH_MAP_DONE DEV shard 3 sources 4 rows 81793
2026-10-02T22:49:15.7670855Z V16_BREADTH_MAP DEV 4 / 4
2026-10-02T22:49:16.0994547Z V16_BREADTH_MAP_DONE DEV shard 4 sources 4 rows 81793
2026-10-02T22:49:16.4674704Z V16_BREADTH_MAP DEV 4 / 4
2026-10-02T22:49:16.7994810Z V16_BREADTH_MAP_DONE DEV shard 5 sources 4 rows 81793
2026-10-02T22:49:17.1687199Z V16_BREADTH_MAP DEV 4 / 4
2026-10-02T22:49:17.5003121Z V16_BREADTH_MAP_DONE DEV shard 6 sources 4 rows 81793
2026-10-02T22:49:17.8694039Z V16_BREADTH_MAP DEV 4 / 4
2026-10-02T22:49:18.2027931Z V16_BREADTH_MAP_DONE DEV shard 7 sources 4 rows 81793
2026-10-02T22:49:18.7634826Z V16_GLOBAL_BREADTH_FROZEN DEV sources 32 rows 81793 sha256 c56f804c8948f76a8dbc514485675ee6cee2809cbdd6c3d8921afa85fcb04c75
2026-10-02T22:49:18.8463712Z V16_BREADTH_RECOVERY_SCAN DEV 4 / 4 parameterized_outcomes 0
2026-10-02T22:49:18.8498359Z V16_BREADTH_RECOVERY_SCAN_DONE DEV 0 chronology_exclusions 0
2026-10-02T22:49:18.9313001Z V16_BREADTH_RECOVERY_SCAN DEV 4 / 4 parameterized_outcomes 0
2026-10-02T22:49:18.9346774Z V16_BREADTH_RECOVERY_SCAN_DONE DEV 0 chronology_exclusions 0
2026-10-02T22:49:19.0121868Z V16_BREADTH_RECOVERY_SCAN DEV 4 / 4 parameterized_outcomes 0
2026-10-02T22:49:19.0156211Z V16_BREADTH_RECOVERY_SCAN_DONE DEV 0 chronology_exclusions 0
2026-10-02T22:49:19.1002435Z V16_BREADTH_RECOVERY_SCAN DEV 4 / 4 parameterized_outcomes 0
2026-10-02T22:49:19.1035676Z V16_BREADTH_RECOVERY_SCAN_DONE DEV 0 chronology_exclusions 0
2026-10-02T22:49:19.1879821Z V16_BREADTH_RECOVERY_SCAN DEV 4 / 4 parameterized_outcomes 0
2026-10-02T22:49:19.1912995Z V16_BREADTH_RECOVERY_SCAN_DONE DEV 0 chronology_exclusions 0
2026-10-02T22:49:19.2740694Z V16_BREADTH_RECOVERY_SCAN DEV 4 / 4 parameterized_outcomes 0
2026-10-02T22:49:19.2774188Z V16_BREADTH_RECOVERY_SCAN_DONE DEV 0 chronology_exclusions 0
2026-10-02T22:49:19.3606401Z V16_BREADTH_RECOVERY_SCAN DEV 4 / 4 parameterized_outcomes 0
2026-10-02T22:49:19.3640546Z V16_BREADTH_RECOVERY_SCAN_DONE DEV 0 chronology_exclusions 0
2026-10-02T22:49:19.4502016Z V16_BREADTH_RECOVERY_SCAN DEV 4 / 4 parameterized_outcomes 0
2026-10-02T22:49:19.4534522Z V16_BREADTH_RECOVERY_SCAN_DONE DEV 0 chronology_exclusions 0
2026-10-02T22:49:19.9165405Z V16_BREADTH_RECOVERY_SELECT {"status": "NO_DEVELOPMENT_POLICY_SURVIVOR", "cells_examined": 96, "selected": [], "policies": [], "union_name": "MARKET_BREADTH_RECOVERY_UNION", "source_context_sha256": "1991f5e71751271b483ad27f63726b8ffe40a5da7d2db86c83f41193dfc564f3", "development_breadth_data_sha256": "c56f804c8948f76a8dbc514485675ee6cee2809cbdd6c3d8921afa85fcb04c75", "development_breadth_manifest_sha256": "37e38171d08af92c4362b2262ff10b069ce59950f612b8679fc31ec0bb185493", "source_symbols": 32, "economic_surviving_cells": 0, "rejection_counts": {"N_LT_300": 96, "SYMBOLS_LT_10": 96, "TOP_SYMBOL_GT_30PCT": 96, "NET40_MEAN_BP_NONPOSITIVE": 96, "NET40_R_MEAN_NONPOSITIVE": 96, "2021_N": 96, "2021_DATES": 96, "2021_net40_R_NONPOSITIVE": 96, "2021_net40_mean_bp_NONPOSITIVE": 96, "2021_day_R_NONPOSITIVE": 96, "2022_N": 96, "2022_DATES": 96, "2022_net40_R_NONPOSITIVE": 96, "2022_net40_mean_bp_NONPOSITIVE": 96, "2022_day_R_NONPOSITIVE": 96, "2023_N": 96, "2023_DATES": 96, "2023_net40_R_NONPOSITIVE": 96, "2023_net40_mean_bp_NONPOSITIVE": 96, "2023_day_R_NONPOSITIVE": 96}, "note": "Frozen global pressure withdrawal and closed recovery experiment. Overlapping diagnostics are not executable account growth."}
2026-10-02T22:49:19.9194289Z V16_SYNTHETIC_GLOBAL_PIPELINE_PASS {"synthetic_only": true, "source_files": 32, "global_map_shards": 8, "scans": 8, "all96_cells_preserved": true, "market_profitability_claim": false}
2026-10-02T22:49:19.9766446Z ##[group]Run actions/upload-artifact@v4
2026-10-02T22:49:19.9766764Z with:
2026-10-02T22:49:19.9767013Z   name: breadth-pullback-reclaim-v16-validation
2026-10-02T22:49:19.9767786Z   path: v16-tests.log
chronology-smoke.log
breadth-pipeline-smoke.log
saved-v13-audit.log
audit-v13-originals/
synthetic-v16/
research/breadth-pullback-reclaim-v16/
2026-10-02T22:49:19.9768505Z   retention-days: 30
2026-10-02T22:49:19.9768724Z   compression-level: 0
2026-10-02T22:49:19.9768952Z   if-no-files-found: warn
2026-10-02T22:49:19.9769177Z   overwrite: false
2026-10-02T22:49:19.9769394Z   include-hidden-files: false
2026-10-02T22:49:19.9769632Z env:
2026-10-02T22:49:19.9772092Z   GH_TOKEN: ***
2026-10-02T22:49:19.9772376Z   pythonLocation: /opt/hostedtoolcache/Python/3.12.14/x64
2026-10-02T22:49:19.9772831Z   PKG_CONFIG_PATH: /opt/hostedtoolcache/Python/3.12.14/x64/lib/pkgconfig
2026-10-02T22:49:19.9773504Z   Python_ROOT_DIR: /opt/hostedtoolcache/Python/3.12.14/x64
2026-10-02T22:49:19.9773956Z   Python2_ROOT_DIR: /opt/hostedtoolcache/Python/3.12.14/x64
2026-10-02T22:49:19.9774339Z   Python3_ROOT_DIR: /opt/hostedtoolcache/Python/3.12.14/x64
2026-10-02T22:49:19.9774720Z   LD_LIBRARY_PATH: /opt/hostedtoolcache/Python/3.12.14/x64/lib
2026-10-02T22:49:19.9775044Z ##[endgroup]
2026-10-02T22:49:20.1414541Z (node:2388) [DEP0040] DeprecationWarning: The `punycode` module is deprecated. Please use a userland alternative instead.
2026-10-02T22:49:20.1415732Z (Use `node --trace-deprecation ...` to show where the warning was created)
2026-10-02T22:49:20.2376096Z Multiple search paths detected. Calculating the least common ancestor of all paths
2026-10-02T22:49:20.2381039Z The least common ancestor is /home/runner/work/bb-scanner/bb-scanner. This will be the root directory of the artifact
2026-10-02T22:49:20.2382406Z With the provided path, there will be 204 files uploaded
2026-10-02T22:49:20.2384006Z Artifact name is valid!
2026-10-02T22:49:20.2384648Z Root directory input is valid!
2026-10-02T22:49:20.4453549Z Beginning upload of artifact content to blob storage
2026-10-02T22:49:20.5300343Z (node:2388) [DEP0169] DeprecationWarning: `url.parse()` behavior is not standardized and prone to errors that have security implications. Use the WHATWG URL API instead. CVEs are not issued for `url.parse()` vulnerabilities.
2026-10-02T22:49:20.7073986Z Uploaded bytes 8388608
2026-10-02T22:49:20.8291785Z Uploaded bytes 16777216
2026-10-02T22:49:20.8386075Z Uploaded bytes 16801133
2026-10-02T22:49:20.8520950Z Finished uploading artifact content to blob storage!
2026-10-02T22:49:20.8522144Z SHA256 digest of uploaded artifact zip is fe56dcba9ded2b71425ab88d6645205439965889eef70416e5ed36d64c4edf27
2026-10-02T22:49:20.8524358Z Finalizing artifact upload
2026-10-02T22:49:21.0637511Z Artifact breadth-pullback-reclaim-v16-validation.zip successfully finalized. Artifact ID 11255597868
2026-10-02T22:49:21.0638851Z Artifact breadth-pullback-reclaim-v16-validation has been successfully uploaded! Final size is 16801133 bytes. Artifact ID is 11255597868
2026-10-02T22:49:21.0645702Z Artifact download URL: https://github.com/duuu-hub/bb-scanner/actions/runs/37074366568/artifacts/11255597868
2026-10-02T22:49:21.0834284Z Post job cleanup.
2026-10-02T22:49:21.2090801Z (node:2400) [DEP0040] DeprecationWarning: The `punycode` module is deprecated. Please use a userland alternative instead.
2026-10-02T22:49:21.2091646Z (Use `node --trace-deprecation ...` to show where the warning was created)
2026-10-02T22:49:21.2294903Z Post job cleanup.
2026-10-02T22:49:21.3234987Z [command]/usr/bin/git version
2026-10-02T22:49:21.3277267Z git version 2.55.0
2026-10-02T22:49:21.3321127Z Temporarily overriding HOME='/home/runner/work/_temp/b93a5422-aac7-4f87-9dc2-846b42b8e6b8' before making global git config changes
2026-10-02T22:49:21.3322863Z Adding repository directory to the temporary git global config as a safe directory
2026-10-02T22:49:21.3330534Z [command]/usr/bin/git config --global --add safe.directory /home/runner/work/bb-scanner/bb-scanner
2026-10-02T22:49:21.3374250Z [command]/usr/bin/git config --local --name-only --get-regexp core\.sshCommand
2026-10-02T22:49:21.3415183Z [command]/usr/bin/git submodule foreach --recursive sh -c "git config --local --name-only --get-regexp 'core\.sshCommand' && git config --local --unset-all 'core.sshCommand' || :"
2026-10-02T22:49:21.3745870Z [command]/usr/bin/git config --local --name-only --get-regexp http\.https\:\/\/github\.com\/\.extraheader
2026-10-02T22:49:21.3794110Z http.https://github.com/.extraheader
2026-10-02T22:49:21.3811759Z [command]/usr/bin/git config --local --unset-all http.https://github.com/.extraheader
2026-10-02T22:49:21.3862336Z [command]/usr/bin/git submodule foreach --recursive sh -c "git config --local --name-only --get-regexp 'http\.https\:\/\/github\.com\/\.extraheader' && git config --local --unset-all 'http.https://github.com/.extraheader' || :"
2026-10-02T22:49:21.4180182Z [command]/usr/bin/git config --local --name-only --get-regexp ^includeIf\.gitdir:
2026-10-02T22:49:21.4218487Z [command]/usr/bin/git submodule foreach --recursive git config --local --show-origin --name-only --get-regexp remote.origin.url
2026-10-02T22:49:21.4612539Z Cleaning up orphan processes
2026-10-02T22:49:21.4920196Z ##[warning]Node.js 20 is deprecated. The following actions target Node.js 20 but are being forced to run on Node.js 24: actions/checkout@v4, actions/setup-python@v5, actions/upload-artifact@v4. For more information see: https://github.blog/changelog/2025-09-19-deprecation-of-node-20-on-github-actions-runners/
