2026-10-08T10:04:56.8569178Z Current runner version: '2.337.0'
2026-10-08T10:04:56.8605184Z ##[group]Runner Image Provisioner
2026-10-08T10:04:56.8606767Z Hosted Compute Agent
2026-10-08T10:04:56.8607827Z Version: 20260901.588
2026-10-08T10:04:56.8609517Z Commit: f88ec8081b781fac6c440065ac7ff9e710ce3d0b
2026-10-08T10:04:56.8610883Z Build Date: 2026-09-01T19:56:44Z
2026-10-08T10:04:56.8612099Z Worker ID: {0e4d0de0-5d40-4321-a84c-f3944fbd01f2}
2026-10-08T10:04:56.8613495Z Azure Region: southcentralus
2026-10-08T10:04:56.8614624Z ##[endgroup]
2026-10-08T10:04:56.8617129Z ##[group]Operating System
2026-10-08T10:04:56.8618320Z Ubuntu
2026-10-08T10:04:56.8619633Z 24.04.5
2026-10-08T10:04:56.8620665Z LTS
2026-10-08T10:04:56.8621559Z ##[endgroup]
2026-10-08T10:04:56.8622726Z ##[group]Runner Image
2026-10-08T10:04:56.8623863Z Image: ubuntu-24.04
2026-10-08T10:04:56.8624966Z Version: 20260927.320.1
2026-10-08T10:04:56.8627379Z Included Software: https://github.com/actions/runner-images/blob/ubuntu24/20260927.320/images/ubuntu/Ubuntu2404-Readme.md
2026-10-08T10:04:56.8631062Z Image Release: https://github.com/actions/runner-images/releases/tag/ubuntu24%2F20260927.320
2026-10-08T10:04:56.8632858Z ##[endgroup]
2026-10-08T10:04:56.8635052Z ##[group]GITHUB_TOKEN Permissions
2026-10-08T10:04:56.8637999Z Actions: read
2026-10-08T10:04:56.8639294Z Contents: read
2026-10-08T10:04:56.8640429Z Metadata: read
2026-10-08T10:04:56.8641465Z ##[endgroup]
2026-10-08T10:04:56.8644385Z Secret source: Actions
2026-10-08T10:04:56.8646003Z Cache mode: write
2026-10-08T10:04:56.8647469Z Prepare workflow directory
2026-10-08T10:04:56.9275951Z Prepare all required actions
2026-10-08T10:04:56.9346505Z Getting action download info
2026-10-08T10:04:57.1968652Z Download action repository 'actions/checkout@v4' (SHA:11d5960a326750d5838078e36cf38b85af677262)
2026-10-08T10:04:57.3075686Z Download action repository 'actions/setup-python@v5' (SHA:a26af69be951a213d495a4c3e4e4022e16d87065)
2026-10-08T10:04:57.3928372Z Download action repository 'actions/upload-artifact@v4' (SHA:ea165f8d65b6e75b540449e92b4886f43607fa02)
2026-10-08T10:04:57.6024485Z Complete job name: validate
2026-10-08T10:04:57.6749046Z ##[group]Run actions/checkout@v4
2026-10-08T10:04:57.6749996Z with:
2026-10-08T10:04:57.6750452Z   repository: duuu-hub/bb-scanner
2026-10-08T10:04:57.6754464Z   token: ***
2026-10-08T10:04:57.6754913Z   ssh-strict: true
2026-10-08T10:04:57.6755349Z   ssh-user: git
2026-10-08T10:04:57.6755842Z   persist-credentials: true
2026-10-08T10:04:57.6756323Z   clean: true
2026-10-08T10:04:57.6756765Z   sparse-checkout-cone-mode: true
2026-10-08T10:04:57.6757292Z   fetch-depth: 1
2026-10-08T10:04:57.6757720Z   fetch-tags: false
2026-10-08T10:04:57.6758165Z   show-progress: true
2026-10-08T10:04:57.6758823Z   lfs: false
2026-10-08T10:04:57.6759235Z   submodules: false
2026-10-08T10:04:57.6759678Z   set-safe-directory: true
2026-10-08T10:04:57.6760191Z   allow-unsafe-pr-checkout: false
2026-10-08T10:04:57.6760963Z env:
2026-10-08T10:04:57.6764823Z   GH_TOKEN: ***
2026-10-08T10:04:57.6765265Z ##[endgroup]
2026-10-08T10:04:57.7776503Z Syncing repository: duuu-hub/bb-scanner
2026-10-08T10:04:57.7779495Z ##[group]Getting Git version info
2026-10-08T10:04:57.7780706Z Working directory is '/home/runner/work/bb-scanner/bb-scanner'
2026-10-08T10:04:57.7782375Z [command]/usr/bin/git version
2026-10-08T10:04:57.7890844Z git version 2.55.0
2026-10-08T10:04:57.7907065Z ##[endgroup]
2026-10-08T10:04:57.7926130Z Temporarily overriding HOME='/home/runner/work/_temp/f931bca9-a750-4966-9c5d-38bdd25f233a' before making global git config changes
2026-10-08T10:04:57.7927620Z Adding repository directory to the temporary git global config as a safe directory
2026-10-08T10:04:57.7932546Z [command]/usr/bin/git config --global --add safe.directory /home/runner/work/bb-scanner/bb-scanner
2026-10-08T10:04:57.7992197Z Deleting the contents of '/home/runner/work/bb-scanner/bb-scanner'
2026-10-08T10:04:57.7996359Z ##[group]Initializing the repository
2026-10-08T10:04:57.8001953Z [command]/usr/bin/git init /home/runner/work/bb-scanner/bb-scanner
2026-10-08T10:04:57.8135165Z hint: Using 'master' as the name for the initial branch. This default branch name
2026-10-08T10:04:57.8137163Z hint: will change to "main" in Git 3.0. To configure the initial branch name
2026-10-08T10:04:57.8139411Z hint: to use in all of your new repositories, which will suppress this warning,
2026-10-08T10:04:57.8140604Z hint: call:
2026-10-08T10:04:57.8141358Z hint:
2026-10-08T10:04:57.8142119Z hint: 	git config --global init.defaultBranch <name>
2026-10-08T10:04:57.8143178Z hint:
2026-10-08T10:04:57.8144024Z hint: Names commonly chosen instead of 'master' are 'main', 'trunk' and
2026-10-08T10:04:57.8144963Z hint: 'development'. The just-created branch can be renamed via this command:
2026-10-08T10:04:57.8145683Z hint:
2026-10-08T10:04:57.8146098Z hint: 	git branch -m <name>
2026-10-08T10:04:57.8146574Z hint:
2026-10-08T10:04:57.8147188Z hint: Disable this message with "git config set advice.defaultBranchName false"
2026-10-08T10:04:57.8148279Z Initialized empty Git repository in /home/runner/work/bb-scanner/bb-scanner/.git/
2026-10-08T10:04:57.8161547Z [command]/usr/bin/git remote add origin https://github.com/duuu-hub/bb-scanner
2026-10-08T10:04:57.8206436Z ##[endgroup]
2026-10-08T10:04:57.8207270Z ##[group]Disabling automatic garbage collection
2026-10-08T10:04:57.8212090Z [command]/usr/bin/git config --local gc.auto 0
2026-10-08T10:04:57.8252940Z ##[endgroup]
2026-10-08T10:04:57.8254584Z ##[group]Setting up auth
2026-10-08T10:04:57.8261073Z [command]/usr/bin/git config --local --name-only --get-regexp core\.sshCommand
2026-10-08T10:04:57.8299584Z [command]/usr/bin/git submodule foreach --recursive sh -c "git config --local --name-only --get-regexp 'core\.sshCommand' && git config --local --unset-all 'core.sshCommand' || :"
2026-10-08T10:04:57.8714843Z [command]/usr/bin/git config --local --name-only --get-regexp http\.https\:\/\/github\.com\/\.extraheader
2026-10-08T10:04:57.8756224Z [command]/usr/bin/git submodule foreach --recursive sh -c "git config --local --name-only --get-regexp 'http\.https\:\/\/github\.com\/\.extraheader' && git config --local --unset-all 'http.https://github.com/.extraheader' || :"
2026-10-08T10:04:57.9026267Z [command]/usr/bin/git config --local --name-only --get-regexp ^includeIf\.gitdir:
2026-10-08T10:04:57.9066948Z [command]/usr/bin/git submodule foreach --recursive git config --local --show-origin --name-only --get-regexp remote.origin.url
2026-10-08T10:04:57.9330333Z [command]/usr/bin/git config --local http.https://github.com/.extraheader AUTHORIZATION: basic ***
2026-10-08T10:04:57.9375728Z ##[endgroup]
2026-10-08T10:04:57.9377163Z ##[group]Fetching the repository
2026-10-08T10:04:57.9388895Z [command]/usr/bin/git -c protocol.version=2 fetch --no-tags --prune --no-recurse-submodules --depth=1 origin +fbf329c27f4bff0d7f99febbbd4a14768ce2024a:refs/remotes/origin/research-daily-breakdown-intraday-v27
2026-10-08T10:04:59.1558910Z From https://github.com/duuu-hub/bb-scanner
2026-10-08T10:04:59.1561451Z  * [new ref]         fbf329c27f4bff0d7f99febbbd4a14768ce2024a -> origin/research-daily-breakdown-intraday-v27
2026-10-08T10:04:59.1568943Z ##[endgroup]
2026-10-08T10:04:59.1570569Z ##[group]Determining the checkout info
2026-10-08T10:04:59.1572547Z ##[endgroup]
2026-10-08T10:04:59.1575470Z [command]/usr/bin/git sparse-checkout disable
2026-10-08T10:04:59.1640186Z [command]/usr/bin/git config --local --unset-all extensions.worktreeConfig
2026-10-08T10:04:59.1678099Z ##[group]Checking out the ref
2026-10-08T10:04:59.1685700Z [command]/usr/bin/git checkout --progress --force -B research-daily-breakdown-intraday-v27 refs/remotes/origin/research-daily-breakdown-intraday-v27
2026-10-08T10:04:59.4062756Z Switched to a new branch 'research-daily-breakdown-intraday-v27'
2026-10-08T10:04:59.4067695Z branch 'research-daily-breakdown-intraday-v27' set up to track 'origin/research-daily-breakdown-intraday-v27'.
2026-10-08T10:04:59.4080577Z ##[endgroup]
2026-10-08T10:04:59.4129018Z [command]/usr/bin/git log -1 --format=%H
2026-10-08T10:04:59.4158090Z fbf329c27f4bff0d7f99febbbd4a14768ce2024a
2026-10-08T10:04:59.4545313Z ##[group]Run actions/setup-python@v5
2026-10-08T10:04:59.4546653Z with:
2026-10-08T10:04:59.4547611Z   python-version: 3.12
2026-10-08T10:04:59.4548936Z   check-latest: false
2026-10-08T10:04:59.4558619Z   token: ***
2026-10-08T10:04:59.4559680Z   update-environment: true
2026-10-08T10:04:59.4560810Z   allow-prereleases: false
2026-10-08T10:04:59.4561917Z   freethreaded: false
2026-10-08T10:04:59.4562924Z env:
2026-10-08T10:04:59.4572244Z   GH_TOKEN: ***
2026-10-08T10:04:59.4573194Z ##[endgroup]
2026-10-08T10:04:59.5933136Z ##[group]Installed versions
2026-10-08T10:04:59.6024584Z (node:2304) [DEP0040] DeprecationWarning: The `punycode` module is deprecated. Please use a userland alternative instead.
2026-10-08T10:04:59.6028068Z (Use `node --trace-deprecation ...` to show where the warning was created)
2026-10-08T10:04:59.6030946Z Successfully set up CPython (3.12.14)
2026-10-08T10:04:59.6033860Z ##[endgroup]
2026-10-08T10:04:59.6234717Z ##[group]Run set -euo pipefail
2026-10-08T10:04:59.6236069Z [36;1mset -euo pipefail[0m
2026-10-08T10:04:59.6237607Z [36;1mpip install pandas==2.3.3 numpy==2.3.3 numba==0.62.1 requests==2.32.5[0m
2026-10-08T10:04:59.6588764Z shell: /usr/bin/bash --noprofile --norc -e -o pipefail {0}
2026-10-08T10:04:59.6590245Z env:
2026-10-08T10:04:59.6599725Z   GH_TOKEN: ***
2026-10-08T10:04:59.6600898Z   pythonLocation: /opt/hostedtoolcache/Python/3.12.14/x64
2026-10-08T10:04:59.6602574Z   PKG_CONFIG_PATH: /opt/hostedtoolcache/Python/3.12.14/x64/lib/pkgconfig
2026-10-08T10:04:59.6604282Z   Python_ROOT_DIR: /opt/hostedtoolcache/Python/3.12.14/x64
2026-10-08T10:04:59.6605803Z   Python2_ROOT_DIR: /opt/hostedtoolcache/Python/3.12.14/x64
2026-10-08T10:04:59.6607321Z   Python3_ROOT_DIR: /opt/hostedtoolcache/Python/3.12.14/x64
2026-10-08T10:04:59.6609153Z   LD_LIBRARY_PATH: /opt/hostedtoolcache/Python/3.12.14/x64/lib
2026-10-08T10:04:59.6610469Z ##[endgroup]
2026-10-08T10:05:00.8168205Z Collecting pandas==2.3.3
2026-10-08T10:05:00.8876075Z   Downloading pandas-2.3.3-cp312-cp312-manylinux_2_24_x86_64.manylinux_2_28_x86_64.whl.metadata (91 kB)
2026-10-08T10:05:01.1751706Z Collecting numpy==2.3.3
2026-10-08T10:05:01.1876884Z   Downloading numpy-2.3.3-cp312-cp312-manylinux_2_27_x86_64.manylinux_2_28_x86_64.whl.metadata (62 kB)
2026-10-08T10:05:01.3235688Z Collecting numba==0.62.1
2026-10-08T10:05:01.3357933Z   Downloading numba-0.62.1-cp312-cp312-manylinux2014_x86_64.manylinux_2_17_x86_64.whl.metadata (2.8 kB)
2026-10-08T10:05:01.3671722Z Collecting requests==2.32.5
2026-10-08T10:05:01.3783677Z   Downloading requests-2.32.5-py3-none-any.whl.metadata (4.9 kB)
2026-10-08T10:05:01.4010975Z Collecting python-dateutil>=2.8.2 (from pandas==2.3.3)
2026-10-08T10:05:01.4125768Z   Downloading python_dateutil-2.9.0.post0-py2.py3-none-any.whl.metadata (8.4 kB)
2026-10-08T10:05:01.4583796Z Collecting pytz>=2020.1 (from pandas==2.3.3)
2026-10-08T10:05:01.4701115Z   Downloading pytz-2026.5-py2.py3-none-any.whl.metadata (22 kB)
2026-10-08T10:05:01.4949435Z Collecting tzdata>=2022.7 (from pandas==2.3.3)
2026-10-08T10:05:01.5059360Z   Downloading tzdata-2026.5-py2.py3-none-any.whl.metadata (1.4 kB)
2026-10-08T10:05:01.5744012Z Collecting llvmlite<0.46,>=0.45.0dev0 (from numba==0.62.1)
2026-10-08T10:05:01.5869847Z   Downloading llvmlite-0.45.1-cp312-cp312-manylinux2014_x86_64.manylinux_2_17_x86_64.whl.metadata (4.9 kB)
2026-10-08T10:05:01.7306206Z Collecting charset_normalizer<4,>=2 (from requests==2.32.5)
2026-10-08T10:05:01.7423639Z   Downloading charset_normalizer-3.5.2-cp312-cp312-manylinux2014_x86_64.manylinux_2_17_x86_64.manylinux_2_28_x86_64.whl.metadata (46 kB)
2026-10-08T10:05:01.7709229Z Collecting idna<4,>=2.5 (from requests==2.32.5)
2026-10-08T10:05:01.7822606Z   Downloading idna-3.20-py3-none-any.whl.metadata (7.2 kB)
2026-10-08T10:05:01.8139863Z Collecting urllib3<3,>=1.21.1 (from requests==2.32.5)
2026-10-08T10:05:01.8256807Z   Downloading urllib3-2.8.0-py3-none-any.whl.metadata (7.4 kB)
2026-10-08T10:05:01.8563274Z Collecting certifi>=2017.4.17 (from requests==2.32.5)
2026-10-08T10:05:01.8677211Z   Downloading certifi-2026.7.22-py3-none-any.whl.metadata (2.5 kB)
2026-10-08T10:05:01.8931832Z Collecting six>=1.5 (from python-dateutil>=2.8.2->pandas==2.3.3)
2026-10-08T10:05:01.9046512Z   Downloading six-1.17.0-py2.py3-none-any.whl.metadata (1.7 kB)
2026-10-08T10:05:01.9201317Z Downloading pandas-2.3.3-cp312-cp312-manylinux_2_24_x86_64.manylinux_2_28_x86_64.whl (12.4 MB)
2026-10-08T10:05:02.3565709Z    ━━━━━━━━━━━━━━━━━━━━━━━━━━━━━━━━━━━━━━━━ 12.4/12.4 MB 29.9 MB/s  0:00:00
2026-10-08T10:05:02.3711722Z Downloading numpy-2.3.3-cp312-cp312-manylinux_2_27_x86_64.manylinux_2_28_x86_64.whl (16.6 MB)
2026-10-08T10:05:02.5424976Z    ━━━━━━━━━━━━━━━━━━━━━━━━━━━━━━━━━━━━━━━━ 16.6/16.6 MB 97.7 MB/s  0:00:00
2026-10-08T10:05:02.5559173Z Downloading numba-0.62.1-cp312-cp312-manylinux2014_x86_64.manylinux_2_17_x86_64.whl (3.8 MB)
2026-10-08T10:05:02.5843098Z    ━━━━━━━━━━━━━━━━━━━━━━━━━━━━━━━━━━━━━━━━ 3.8/3.8 MB 138.8 MB/s  0:00:00
2026-10-08T10:05:02.5954783Z Downloading requests-2.32.5-py3-none-any.whl (64 kB)
2026-10-08T10:05:02.6091910Z Downloading charset_normalizer-3.5.2-cp312-cp312-manylinux2014_x86_64.manylinux_2_17_x86_64.manylinux_2_28_x86_64.whl (257 kB)
2026-10-08T10:05:02.6227061Z Downloading idna-3.20-py3-none-any.whl (69 kB)
2026-10-08T10:05:02.6386339Z Downloading llvmlite-0.45.1-cp312-cp312-manylinux2014_x86_64.manylinux_2_17_x86_64.whl (56.3 MB)
2026-10-08T10:05:02.8864574Z    ━━━━━━━━━━━━━━━━━━━━━━━━━━━━━━━━━━━━━━━━ 56.3/56.3 MB 228.6 MB/s  0:00:00
2026-10-08T10:05:02.8977638Z Downloading urllib3-2.8.0-py3-none-any.whl (135 kB)
2026-10-08T10:05:02.9115009Z Downloading certifi-2026.7.22-py3-none-any.whl (136 kB)
2026-10-08T10:05:02.9249353Z Downloading python_dateutil-2.9.0.post0-py2.py3-none-any.whl (229 kB)
2026-10-08T10:05:02.9389586Z Downloading pytz-2026.5-py2.py3-none-any.whl (506 kB)
2026-10-08T10:05:02.9532212Z Downloading six-1.17.0-py2.py3-none-any.whl (11 kB)
2026-10-08T10:05:02.9663831Z Downloading tzdata-2026.5-py2.py3-none-any.whl (347 kB)
2026-10-08T10:05:03.2092861Z Installing collected packages: pytz, urllib3, tzdata, six, numpy, llvmlite, idna, charset_normalizer, certifi, requests, python-dateutil, numba, pandas
2026-10-08T10:05:13.5412326Z 
2026-10-08T10:05:13.5432163Z Successfully installed certifi-2026.7.22 charset_normalizer-3.5.2 idna-3.20 llvmlite-0.45.1 numba-0.62.1 numpy-2.3.3 pandas-2.3.3 python-dateutil-2.9.0.post0 pytz-2026.5 requests-2.32.5 six-1.17.0 tzdata-2026.5 urllib3-2.8.0
2026-10-08T10:05:13.6286782Z ##[group]Run set -euo pipefail
2026-10-08T10:05:13.6287132Z [36;1mset -euo pipefail[0m
2026-10-08T10:05:13.6287640Z [36;1mpython -m py_compile scripts/daily_breakdown_intraday_v27.py scripts/research_intraday_checkpoint_v27.py[0m
2026-10-08T10:05:13.6288334Z [36;1mpython scripts/validate_daily_breakdown_intraday_v27.py 2>&1 | tee v27-tests.log[0m
2026-10-08T10:05:13.6289293Z [36;1mpython scripts/psar_chronology_smoke.py 2>&1 | tee chronology-smoke.log[0m
2026-10-08T10:05:13.6289928Z [36;1mpython scripts/research_intraday_checkpoint_v27.py --self-test 2>&1 | tee checkpoint-selftest.log[0m
2026-10-08T10:05:13.6290698Z [36;1mpython scripts/smoke_daily_breakdown_intraday_v27.py synthetic-v27 2>&1 | tee account-pipeline-smoke.log[0m
2026-10-08T10:05:13.6357271Z shell: /usr/bin/bash --noprofile --norc -e -o pipefail {0}
2026-10-08T10:05:13.6357623Z env:
2026-10-08T10:05:13.6360779Z   GH_TOKEN: ***
2026-10-08T10:05:13.6361118Z   pythonLocation: /opt/hostedtoolcache/Python/3.12.14/x64
2026-10-08T10:05:13.6361570Z   PKG_CONFIG_PATH: /opt/hostedtoolcache/Python/3.12.14/x64/lib/pkgconfig
2026-10-08T10:05:13.6362005Z   Python_ROOT_DIR: /opt/hostedtoolcache/Python/3.12.14/x64
2026-10-08T10:05:13.6362392Z   Python2_ROOT_DIR: /opt/hostedtoolcache/Python/3.12.14/x64
2026-10-08T10:05:13.6362772Z   Python3_ROOT_DIR: /opt/hostedtoolcache/Python/3.12.14/x64
2026-10-08T10:05:13.6363162Z   LD_LIBRARY_PATH: /opt/hostedtoolcache/Python/3.12.14/x64/lib
2026-10-08T10:05:13.6363492Z ##[endgroup]
2026-10-08T10:05:14.7469424Z V27_FROZEN_16_POLICY_384_ACCOUNT_AND_SOURCE_CONTRACT_PASS
2026-10-08T10:05:14.7470437Z V27_REGISTERED_SUITE_SIZE 616
2026-10-08T10:05:14.7570457Z test_24h_audit_rejects_week_holding_or_over_quota (test_daily_breakdown_intraday_v27.IntradayV27Tests.test_24h_audit_rejects_week_holding_or_over_quota) ... ok
2026-10-08T10:05:14.7573303Z test_24h_timeout_from_actual_delayed_fill (test_daily_breakdown_intraday_v27.IntradayV27Tests.test_24h_timeout_from_actual_delayed_fill) ... ok
2026-10-08T10:05:14.7636329Z test_actual_entry_cap_and_known_score_order (test_daily_breakdown_intraday_v27.IntradayV27Tests.test_actual_entry_cap_and_known_score_order) ... ok
2026-10-08T10:05:14.7638751Z test_adverse_delayed_open_is_not_rebased (test_daily_breakdown_intraday_v27.IntradayV27Tests.test_adverse_delayed_open_is_not_rebased) ... ok
2026-10-08T10:05:14.7640467Z test_delayed_entry_at_split_end_is_not_filled (test_daily_breakdown_intraday_v27.IntradayV27Tests.test_delayed_entry_at_split_end_is_not_filled) ... ok
2026-10-08T10:05:14.7641869Z test_delayed_fill_keeps_original_stop (test_daily_breakdown_intraday_v27.IntradayV27Tests.test_delayed_fill_keeps_original_stop) ... ok
2026-10-08T10:05:14.7645882Z test_entry_bar_tp_only_uses_minute_authority (test_daily_breakdown_intraday_v27.IntradayV27Tests.test_entry_bar_tp_only_uses_minute_authority) ... ok
2026-10-08T10:05:14.7648985Z test_future_waiting_bars_do_not_change_immediate_intent (test_daily_breakdown_intraday_v27.IntradayV27Tests.test_future_waiting_bars_do_not_change_immediate_intent) ... ok
2026-10-08T10:05:14.7650826Z test_gap_in_delay_path_is_excluded (test_daily_breakdown_intraday_v27.IntradayV27Tests.test_gap_in_delay_path_is_excluded) ... ok
2026-10-08T10:05:14.7652455Z test_immediate_entry_preserves_stop_and_target (test_daily_breakdown_intraday_v27.IntradayV27Tests.test_immediate_entry_preserves_stop_and_target) ... ok
2026-10-08T10:05:14.7665580Z test_invalid_cap_is_rejected (test_daily_breakdown_intraday_v27.IntradayV27Tests.test_invalid_cap_is_rejected) ... ok
2026-10-08T10:05:14.7703781Z test_kst_midnight_reset_with_open_position (test_daily_breakdown_intraday_v27.IntradayV27Tests.test_kst_midnight_reset_with_open_position) ... ok
2026-10-08T10:05:14.7707209Z test_minute_data_gap_propagates_as_exclusion (test_daily_breakdown_intraday_v27.IntradayV27Tests.test_minute_data_gap_propagates_as_exclusion) ... ok
2026-10-08T10:05:14.7714649Z test_minute_scope_restores_shared_state_even_after_error (test_daily_breakdown_intraday_v27.IntradayV27Tests.test_minute_scope_restores_shared_state_even_after_error) ... ok
2026-10-08T10:05:14.7732214Z test_missing_scan_or_result_matrix_aborts (test_daily_breakdown_intraday_v27.IntradayV27Tests.test_missing_scan_or_result_matrix_aborts) ... ok
2026-10-08T10:05:14.8162103Z test_negative_year_blocks_positive_aggregate (test_daily_breakdown_intraday_v27.IntradayV27Tests.test_negative_year_blocks_positive_aggregate) ... ok
2026-10-08T10:05:14.8165734Z test_parent_collision_calls_official_minute_authority (test_daily_breakdown_intraday_v27.IntradayV27Tests.test_parent_collision_calls_official_minute_authority) ... ok
2026-10-08T10:05:14.8175293Z test_registry_rejects_changed_horizon (test_daily_breakdown_intraday_v27.IntradayV27Tests.test_registry_rejects_changed_horizon) ... ok
2026-10-08T10:05:14.8220166Z test_rejected_same_symbol_does_not_consume_quota (test_daily_breakdown_intraday_v27.IntradayV27Tests.test_rejected_same_symbol_does_not_consume_quota) ... ok
2026-10-08T10:05:14.8640656Z test_screen_handles_missing_halt_without_false_failure (test_daily_breakdown_intraday_v27.IntradayV27Tests.test_screen_handles_missing_halt_without_false_failure) ... ok
2026-10-08T10:05:14.8642973Z test_stop_touched_while_waiting_cancels_even_after_recovery (test_daily_breakdown_intraday_v27.IntradayV27Tests.test_stop_touched_while_waiting_cancels_even_after_recovery) ... ok
2026-10-08T10:05:14.8746110Z test_unlimited_optional_argument_keeps_default_results (test_daily_breakdown_intraday_v27.IntradayV27Tests.test_unlimited_optional_argument_keeps_default_results) ... ok
2026-10-08T10:05:14.8750851Z test_whole_family_and_matrix_frozen (test_daily_breakdown_intraday_v27.IntradayV27Tests.test_whole_family_and_matrix_frozen) ... ok
2026-10-08T10:05:14.8925399Z test_account_audit_rejects_cash_or_calendar_corruption (test_daily_breakdown_account_v26.V26Tests.test_account_audit_rejects_cash_or_calendar_corruption) ... ok
2026-10-08T10:05:14.8947267Z test_actual_eight_shard_market_adapter_accepts_complete_catalogue (test_daily_breakdown_account_v26.V26Tests.test_actual_eight_shard_market_adapter_accepts_complete_catalogue) ... ok
2026-10-08T10:05:14.8965933Z test_duplicate_canonical_intents_rejected (test_daily_breakdown_account_v26.V26Tests.test_duplicate_canonical_intents_rejected) ... ok
2026-10-08T10:05:14.9084053Z test_global_catalogue_detects_shard_omission_bytes_duplicate_and_btc (test_daily_breakdown_account_v26.V26Tests.test_global_catalogue_detects_shard_omission_bytes_duplicate_and_btc) ... ok
2026-10-08T10:05:14.9089759Z test_incomplete_64_scenario_result_set_fails (test_daily_breakdown_account_v26.V26Tests.test_incomplete_64_scenario_result_set_fails) ... ok
2026-10-08T10:05:14.9154378Z test_kst_dates_at_utc_fifteen_hour_boundary (test_daily_breakdown_account_v26.V26Tests.test_kst_dates_at_utc_fifteen_hour_boundary) ... ok
2026-10-08T10:05:14.9168332Z test_missing_original_and_combined_shards_rejected (test_daily_breakdown_account_v26.V26Tests.test_missing_original_and_combined_shards_rejected) ... ok
2026-10-08T10:05:15.0979280Z test_new_gate_listing_is_not_discarded_by_dev_listing_cutoff (test_daily_breakdown_account_v26.V26Tests.test_new_gate_listing_is_not_discarded_by_dev_listing_cutoff) ... V26_GATE_PROGRESS 1 1 0
2026-10-08T10:05:15.1004271Z V26_GATE_DIAGNOSTIC_COMPLETE 0 0
2026-10-08T10:05:15.1016341Z ok
2026-10-08T10:05:15.1078650Z test_no_positive_date_or_zero_trades_has_no_fake_concentration (test_daily_breakdown_account_v26.V26Tests.test_no_positive_date_or_zero_trades_has_no_fake_concentration) ... ok
2026-10-08T10:05:15.1792690Z test_original_eight_shard_filter_preserves_rejection (test_daily_breakdown_account_v26.V26Tests.test_original_eight_shard_filter_preserves_rejection) ... V26_ORIGINAL_DEV_HASH_AND_COHORT_PASS 8
2026-10-08T10:05:15.1815533Z ok
2026-10-08T10:05:15.2372634Z test_original_tampering_fails_before_replay (test_daily_breakdown_account_v26.V26Tests.test_original_tampering_fails_before_replay) ... ok
2026-10-08T10:05:15.2544417Z test_real_account_seven_day_trade_budget_cash_and_calendar (test_daily_breakdown_account_v26.V26Tests.test_real_account_seven_day_trade_budget_cash_and_calendar) ... ok
2026-10-08T10:05:15.2548160Z test_registered_whole_short_slice (test_daily_breakdown_account_v26.V26Tests.test_registered_whole_short_slice) ... ok
2026-10-08T10:05:15.2555790Z test_registry_rejects_posthoc_threshold_change (test_daily_breakdown_account_v26.V26Tests.test_registry_rejects_posthoc_threshold_change) ... ok
2026-10-08T10:05:15.2611820Z test_reused_original_gate_has_exact_byte_identity (test_daily_breakdown_account_v26.V26Tests.test_reused_original_gate_has_exact_byte_identity) ... V26_ORIGINAL_GATE_SHARD_REUSE_HASH_PASS 0 1
2026-10-08T10:05:15.2613184Z ok
2026-10-08T10:05:15.2702912Z test_reused_original_gate_rejects_changed_ledger_meta_and_run (test_daily_breakdown_account_v26.V26Tests.test_reused_original_gate_rejects_changed_ledger_meta_and_run) ... ok
2026-10-08T10:05:15.2875944Z test_split_chronology_and_week_budget (test_daily_breakdown_account_v26.V26Tests.test_split_chronology_and_week_budget) ... ok
2026-10-08T10:05:15.2944475Z test_split_end_flat_price_still_charges_adverse_fill_and_fees (test_daily_breakdown_account_v26.V26Tests.test_split_end_flat_price_still_charges_adverse_fill_and_fees) ... ok
2026-10-08T10:05:15.2997220Z test_trade_count_and_date_count_expose_clustering (test_daily_breakdown_account_v26.V26Tests.test_trade_count_and_date_count_expose_clustering) ... ok
2026-10-08T10:05:15.3040876Z test_valid_actual_risk_row_and_independent_exit (test_daily_breakdown_account_v26.V26Tests.test_valid_actual_risk_row_and_independent_exit) ... ok
2026-10-08T10:05:15.3202679Z test_actual_adverse_open_gap_is_retained_in_stop_and_risk (test_daily_channel_breakout_v25.DailyChannelV25Tests.test_actual_adverse_open_gap_is_retained_in_stop_and_risk) ... ok
2026-10-08T10:05:15.3469145Z test_breakout_onset_blocks_continued_same_direction (test_daily_channel_breakout_v25.DailyChannelV25Tests.test_breakout_onset_blocks_continued_same_direction) ... ok
2026-10-08T10:05:15.3684229Z test_btc_alignment_rejects_opposed_or_unavailable_regime (test_daily_channel_breakout_v25.DailyChannelV25Tests.test_btc_alignment_rejects_opposed_or_unavailable_regime) ... ok
2026-10-08T10:05:15.3913352Z test_btc_regime_matches_exact_daily_time_without_fill (test_daily_channel_breakout_v25.DailyChannelV25Tests.test_btc_regime_matches_exact_daily_time_without_fill) ... ok
2026-10-08T10:05:15.4017634Z test_complete_utc_day_has_exact_96_bars (test_daily_channel_breakout_v25.DailyChannelV25Tests.test_complete_utc_day_has_exact_96_bars) ... ok
2026-10-08T10:05:15.4277500Z test_current_day_high_cannot_raise_breakout_channel_or_atr (test_daily_channel_breakout_v25.DailyChannelV25Tests.test_current_day_high_cannot_raise_breakout_channel_or_atr) ... ok
2026-10-08T10:05:15.4382173Z test_duplicate_timestamp_is_rejected (test_daily_channel_breakout_v25.DailyChannelV25Tests.test_duplicate_timestamp_is_rejected) ... ok
2026-10-08T10:05:15.4384465Z test_engine_globals_restore_even_on_failure (test_daily_channel_breakout_v25.DailyChannelV25Tests.test_engine_globals_restore_even_on_failure) ... ok
2026-10-08T10:05:15.4389354Z test_frozen_grid_holds_and_targets (test_daily_channel_breakout_v25.DailyChannelV25Tests.test_frozen_grid_holds_and_targets) ... ok
2026-10-08T10:05:15.4717686Z test_future_ohlc_perturbation_cannot_change_old_intent (test_daily_channel_breakout_v25.DailyChannelV25Tests.test_future_ohlc_perturbation_cannot_change_old_intent) ... ok
2026-10-08T10:05:15.4893782Z test_incomplete_last_day_cannot_signal (test_daily_channel_breakout_v25.DailyChannelV25Tests.test_incomplete_last_day_cannot_signal) ... ok
2026-10-08T10:05:15.5153575Z test_liquidity_and_observed_age_are_causal (test_daily_channel_breakout_v25.DailyChannelV25Tests.test_liquidity_and_observed_age_are_causal) ... ok
2026-10-08T10:05:15.5470043Z test_missing_bar_invalidates_day_and_channels (test_daily_channel_breakout_v25.DailyChannelV25Tests.test_missing_bar_invalidates_day_and_channels) ... ok
2026-10-08T10:05:15.5713096Z test_missing_day_restarts_rolling_history (test_daily_channel_breakout_v25.DailyChannelV25Tests.test_missing_day_restarts_rolling_history) ... ok
2026-10-08T10:05:15.5892911Z test_partial_first_day_cannot_seed_rolls (test_daily_channel_breakout_v25.DailyChannelV25Tests.test_partial_first_day_cannot_seed_rolls) ... ok
2026-10-08T10:05:15.6056226Z test_policy_target_uses_actual_risk_and_all_registered_holds (test_daily_channel_breakout_v25.DailyChannelV25Tests.test_policy_target_uses_actual_risk_and_all_registered_holds) ... ok
2026-10-08T10:05:15.6220741Z test_real_canonical_timeout_and_gap_contract_for_week_hold (test_daily_channel_breakout_v25.DailyChannelV25Tests.test_real_canonical_timeout_and_gap_contract_for_week_hold) ... ok
2026-10-08T10:05:15.6381993Z test_short_breakout_symmetry (test_daily_channel_breakout_v25.DailyChannelV25Tests.test_short_breakout_symmetry) ... ok
2026-10-08T10:05:15.6540367Z test_signal_next_utc_open_and_prior_only_atr_channel (test_daily_channel_breakout_v25.DailyChannelV25Tests.test_signal_next_utc_open_and_prior_only_atr_channel) ... ok
2026-10-08T10:05:15.6699889Z test_stop_cap_is_an_explicit_exclusion (test_daily_channel_breakout_v25.DailyChannelV25Tests.test_stop_cap_is_an_explicit_exclusion) ... ok
2026-10-08T10:05:15.6705003Z test_attempt_and_failure_must_be_distinct (test_failed_resumption_reversal_v24.FailedResumptionReversalV24Tests.test_attempt_and_failure_must_be_distinct) ... ok
2026-10-08T10:05:15.6708311Z test_frozen_grid (test_failed_resumption_reversal_v24.FailedResumptionReversalV24Tests.test_frozen_grid) ... ok
2026-10-08T10:05:15.6799441Z test_future_prices_do_not_change_seed (test_failed_resumption_reversal_v24.FailedResumptionReversalV24Tests.test_future_prices_do_not_change_seed) ... ok
2026-10-08T10:05:15.6845509Z test_gap_through_structural_stop_is_not_moved_past_entry (test_failed_resumption_reversal_v24.FailedResumptionReversalV24Tests.test_gap_through_structural_stop_is_not_moved_past_entry) ... ok
2026-10-08T10:05:15.6892150Z test_long_path_failure_qualifies_and_reverses_short (test_failed_resumption_reversal_v24.FailedResumptionReversalV24Tests.test_long_path_failure_qualifies_and_reverses_short) ... ok
2026-10-08T10:05:15.6900371Z test_opposite_flow_required_only_for_flow_variant (test_failed_resumption_reversal_v24.FailedResumptionReversalV24Tests.test_opposite_flow_required_only_for_flow_variant) ... ok
2026-10-08T10:05:15.6952876Z test_short_path_failure_qualifies_and_reverses_long (test_failed_resumption_reversal_v24.FailedResumptionReversalV24Tests.test_short_path_failure_qualifies_and_reverses_long) ... ok
2026-10-08T10:05:15.6955498Z test_deep_pause_rejected (test_path_efficiency_resumption_v23.PathEfficiencyResumptionV23Tests.test_deep_pause_rejected) ... ok
2026-10-08T10:05:15.6960167Z test_flow55_and_price_only (test_path_efficiency_resumption_v23.PathEfficiencyResumptionV23Tests.test_flow55_and_price_only) ... ok
2026-10-08T10:05:15.6966423Z test_frozen_grid (test_path_efficiency_resumption_v23.PathEfficiencyResumptionV23Tests.test_frozen_grid) ... ok
2026-10-08T10:05:15.7131298Z test_future_prices_do_not_change_seed (test_path_efficiency_resumption_v23.PathEfficiencyResumptionV23Tests.test_future_prices_do_not_change_seed) ... ok
2026-10-08T10:05:15.7133913Z test_one_bar_dominance_rejected (test_path_efficiency_resumption_v23.PathEfficiencyResumptionV23Tests.test_one_bar_dominance_rejected) ... ok
2026-10-08T10:05:15.7138542Z test_scan_forwards_context_and_restores_engine (test_path_efficiency_resumption_v23.PathEfficiencyResumptionV23Tests.test_scan_forwards_context_and_restores_engine) ... ok
2026-10-08T10:05:15.7142706Z test_smooth_long_qualifies (test_path_efficiency_resumption_v23.PathEfficiencyResumptionV23Tests.test_smooth_long_qualifies) ... ok
2026-10-08T10:05:15.7145241Z test_symmetric_short_qualifies (test_path_efficiency_resumption_v23.PathEfficiencyResumptionV23Tests.test_symmetric_short_qualifies) ... ok
2026-10-08T10:05:15.7149336Z test_adverse_gap_retained (test_fragmented_chase_exhaustion_v22.TestFragmentedChaseExhaustionV22.test_adverse_gap_retained) ... ok
2026-10-08T10:05:15.7151140Z test_btc_context_uses_source_loader_not_trade_count_validator (test_fragmented_chase_exhaustion_v22.TestFragmentedChaseExhaustionV22.test_btc_context_uses_source_loader_not_trade_count_validator) ... ok
2026-10-08T10:05:15.7152724Z test_confirmation_adverse_extension_limit (test_fragmented_chase_exhaustion_v22.TestFragmentedChaseExhaustionV22.test_confirmation_adverse_extension_limit) ... ok
2026-10-08T10:05:15.7155325Z test_confirmation_is_separate_closed_bar (test_fragmented_chase_exhaustion_v22.TestFragmentedChaseExhaustionV22.test_confirmation_is_separate_closed_bar) ... ok
2026-10-08T10:05:15.7157994Z test_favorable_gap_excluded (test_fragmented_chase_exhaustion_v22.TestFragmentedChaseExhaustionV22.test_favorable_gap_excluded) ... ok
2026-10-08T10:05:15.7220663Z test_features_are_shifted_and_reset_on_gap (test_fragmented_chase_exhaustion_v22.TestFragmentedChaseExhaustionV22.test_features_are_shifted_and_reset_on_gap) ... ok
2026-10-08T10:05:15.7223362Z test_fragmentation_is_mandatory (test_fragmented_chase_exhaustion_v22.TestFragmentedChaseExhaustionV22.test_fragmentation_is_mandatory) ... ok
2026-10-08T10:05:15.7227211Z test_future_perturbation_does_not_change_intent (test_fragmented_chase_exhaustion_v22.TestFragmentedChaseExhaustionV22.test_future_perturbation_does_not_change_intent) ... ok
2026-10-08T10:05:15.7229970Z test_gap_breaks_confirmation_path (test_fragmented_chase_exhaustion_v22.TestFragmentedChaseExhaustionV22.test_gap_breaks_confirmation_path) ... ok
2026-10-08T10:05:15.7232694Z test_grid (test_fragmented_chase_exhaustion_v22.TestFragmentedChaseExhaustionV22.test_grid) ... ok
2026-10-08T10:05:15.7236245Z test_long_after_down_chase (test_fragmented_chase_exhaustion_v22.TestFragmentedChaseExhaustionV22.test_long_after_down_chase) ... ok
2026-10-08T10:05:15.7238239Z test_noninteger_trade_count_rejected (test_fragmented_chase_exhaustion_v22.TestFragmentedChaseExhaustionV22.test_noninteger_trade_count_rejected) ... ok
2026-10-08T10:05:15.7240561Z test_outer_quartile_close (test_fragmented_chase_exhaustion_v22.TestFragmentedChaseExhaustionV22.test_outer_quartile_close) ... ok
2026-10-08T10:05:15.7244823Z test_scan_forwards_v22_frozen_context_by_default (test_fragmented_chase_exhaustion_v22.TestFragmentedChaseExhaustionV22.test_scan_forwards_v22_frozen_context_by_default) ... ok
2026-10-08T10:05:15.7247519Z test_short_after_up_chase (test_fragmented_chase_exhaustion_v22.TestFragmentedChaseExhaustionV22.test_short_after_up_chase) ... ok
2026-10-08T10:05:15.7249388Z test_taker_flow_gate (test_fragmented_chase_exhaustion_v22.TestFragmentedChaseExhaustionV22.test_taker_flow_gate) ... ok
2026-10-08T10:05:15.7251658Z test_trade_count_explosion_is_mandatory (test_fragmented_chase_exhaustion_v22.TestFragmentedChaseExhaustionV22.test_trade_count_explosion_is_mandatory) ... ok
2026-10-08T10:05:15.7253293Z test_turnover_gate (test_fragmented_chase_exhaustion_v22.TestFragmentedChaseExhaustionV22.test_turnover_gate) ... ok
2026-10-08T10:05:15.7288220Z test_zero_trade_bar_is_excluded_and_resets_rolling_baselines (test_fragmented_chase_exhaustion_v22.TestFragmentedChaseExhaustionV22.test_zero_trade_bar_is_excluded_and_resets_rolling_baselines) ... ok
2026-10-08T10:05:15.7341178Z test_404_checksum_failure_and_transient_are_not_imputed (test_mark_price_archive_v21.MarkArchiveTests.test_404_checksum_failure_and_transient_are_not_imputed) ... ok
2026-10-08T10:05:15.7585088Z test_each_verified_cache_component_corruption_fails_without_redownload (test_mark_price_archive_v21.MarkArchiveTests.test_each_verified_cache_component_corruption_fails_without_redownload) ... ok
2026-10-08T10:05:15.7672271Z test_exact_alignment_missing_month_and_stage_cut (test_mark_price_archive_v21.MarkArchiveTests.test_exact_alignment_missing_month_and_stage_cut) ... ok
2026-10-08T10:05:15.7683082Z test_future_mark_values_cannot_change_prior_alignment (test_mark_price_archive_v21.MarkArchiveTests.test_future_mark_values_cannot_change_prior_alignment) ... ok
2026-10-08T10:05:15.7731741Z test_header_and_headerless_arrays_agree (test_mark_price_archive_v21.MarkArchiveTests.test_header_and_headerless_arrays_agree) ... ok
2026-10-08T10:05:15.7861283Z test_invalid_width_header_timestamp_geometry_and_nonpositive_values_fail (test_mark_price_archive_v21.MarkArchiveTests.test_invalid_width_header_timestamp_geometry_and_nonpositive_values_fail) ... ok
2026-10-08T10:05:15.7930446Z test_original_checksum_npz_and_verified_cache_are_immutable (test_mark_price_archive_v21.MarkArchiveTests.test_original_checksum_npz_and_verified_cache_are_immutable) ... ok
2026-10-08T10:05:15.7940665Z test_close_tolerance_rejection_and_failed_direction_flow_are_hard (test_contract_mark_dislocation_v21.ContractMarkTests.test_close_tolerance_rejection_and_failed_direction_flow_are_hard) ... ok
2026-10-08T10:05:15.7948254Z test_favorable_gap_excluded_adverse_gap_retained (test_contract_mark_dislocation_v21.ContractMarkTests.test_favorable_gap_excluded_adverse_gap_retained) ... ok
2026-10-08T10:05:15.7951695Z test_fixed_intent_cooldown_is_outcome_independent (test_contract_mark_dislocation_v21.ContractMarkTests.test_fixed_intent_cooldown_is_outcome_independent) ... ok
2026-10-08T10:05:15.7954393Z test_frozen_grid_is_16_entries_and_96_unique_policies (test_contract_mark_dislocation_v21.ContractMarkTests.test_frozen_grid_is_16_entries_and_96_unique_policies) ... ok
2026-10-08T10:05:15.7958034Z test_future_data_does_not_change_existing_intent (test_contract_mark_dislocation_v21.ContractMarkTests.test_future_data_does_not_change_existing_intent) ... ok
2026-10-08T10:05:15.7964688Z test_mark_reference_shock_missing_alignment_and_volume_fail (test_contract_mark_dislocation_v21.ContractMarkTests.test_mark_reference_shock_missing_alignment_and_volume_fail) ... ok
2026-10-08T10:05:15.7967272Z test_mark_target_wrong_side_is_excluded_not_repurposed (test_contract_mark_dislocation_v21.ContractMarkTests.test_mark_target_wrong_side_is_excluded_not_repurposed) ... ok
2026-10-08T10:05:15.7972555Z test_mirrored_contract_only_excursion (test_contract_mark_dislocation_v21.ContractMarkTests.test_mirrored_contract_only_excursion) ... ok
2026-10-08T10:05:15.7978265Z test_next_open_actual_fill_stop_floor_and_cap (test_contract_mark_dislocation_v21.ContractMarkTests.test_next_open_actual_fill_stop_floor_and_cap) ... ok
2026-10-08T10:05:15.7983467Z test_policy_targets_and_shared_resolver (test_contract_mark_dislocation_v21.ContractMarkTests.test_policy_targets_and_shared_resolver) ... ok
2026-10-08T10:05:15.7984843Z test_three_year_95_percent_coverage_gate (test_contract_mark_dislocation_v21.ContractMarkTests.test_three_year_95_percent_coverage_gate) ... ok
2026-10-08T10:05:15.7987246Z test_adverse_gap_is_retained (test_session_opening_range_sweep_v20.TestSessionOpeningRangeSweepV20.test_adverse_gap_is_retained) ... ok
2026-10-08T10:05:15.7990097Z test_balance_close_must_stay_inside (test_session_opening_range_sweep_v20.TestSessionOpeningRangeSweepV20.test_balance_close_must_stay_inside) ... ok
2026-10-08T10:05:15.7992603Z test_balance_must_cross_both_sides_of_vwap (test_session_opening_range_sweep_v20.TestSessionOpeningRangeSweepV20.test_balance_must_cross_both_sides_of_vwap) ... ok
2026-10-08T10:05:15.7995050Z test_close_outside_is_not_a_sweep (test_session_opening_range_sweep_v20.TestSessionOpeningRangeSweepV20.test_close_outside_is_not_a_sweep) ... ok
2026-10-08T10:05:15.7997488Z test_decisive_reentry_gate (test_session_opening_range_sweep_v20.TestSessionOpeningRangeSweepV20.test_decisive_reentry_gate) ... ok
2026-10-08T10:05:15.8000649Z test_entry_is_next_contiguous_open (test_session_opening_range_sweep_v20.TestSessionOpeningRangeSweepV20.test_entry_is_next_contiguous_open) ... ok
2026-10-08T10:05:15.8003361Z test_favorable_gap_over_half_percent_is_excluded (test_session_opening_range_sweep_v20.TestSessionOpeningRangeSweepV20.test_favorable_gap_over_half_percent_is_excluded) ... ok
2026-10-08T10:05:15.8006653Z test_future_perturbation_does_not_change_intent (test_session_opening_range_sweep_v20.TestSessionOpeningRangeSweepV20.test_future_perturbation_does_not_change_intent) ... ok
2026-10-08T10:05:15.8010191Z test_grid_has_16_entries_and_96_policies (test_session_opening_range_sweep_v20.TestSessionOpeningRangeSweepV20.test_grid_has_16_entries_and_96_policies) ... ok
2026-10-08T10:05:15.8012672Z test_lower_sweep_creates_long_reversal (test_session_opening_range_sweep_v20.TestSessionOpeningRangeSweepV20.test_lower_sweep_creates_long_reversal) ... ok
2026-10-08T10:05:15.8014775Z test_minimum_width_is_enforced (test_session_opening_range_sweep_v20.TestSessionOpeningRangeSweepV20.test_minimum_width_is_enforced) ... ok
2026-10-08T10:05:15.8017211Z test_shifted_volume_gate (test_session_opening_range_sweep_v20.TestSessionOpeningRangeSweepV20.test_shifted_volume_gate) ... ok
2026-10-08T10:05:15.8020359Z test_stop_floor_and_frozen_targets (test_session_opening_range_sweep_v20.TestSessionOpeningRangeSweepV20.test_stop_floor_and_frozen_targets) ... ok
2026-10-08T10:05:15.8022838Z test_sweep_expires_after_four_bars (test_session_opening_range_sweep_v20.TestSessionOpeningRangeSweepV20.test_sweep_expires_after_four_bars) ... ok
2026-10-08T10:05:15.8025333Z test_swept_direction_taker_flow_gate (test_session_opening_range_sweep_v20.TestSessionOpeningRangeSweepV20.test_swept_direction_taker_flow_gate) ... ok
2026-10-08T10:05:15.8027828Z test_upper_sweep_creates_short_reversal (test_session_opening_range_sweep_v20.TestSessionOpeningRangeSweepV20.test_upper_sweep_creates_short_reversal) ... ok
2026-10-08T10:05:15.8030418Z test_wick_penetration_gate (test_session_opening_range_sweep_v20.TestSessionOpeningRangeSweepV20.test_wick_penetration_gate) ... ok
2026-10-08T10:05:15.8032639Z test_width_cap_is_enforced (test_session_opening_range_sweep_v20.TestSessionOpeningRangeSweepV20.test_width_cap_is_enforced) ... ok
2026-10-08T10:05:15.8038996Z test_breadth_alignment_rejects_low_universe (test_session_opening_impulse_v18.GridFeatureBreadthTests.test_breadth_alignment_rejects_low_universe) ... ok
2026-10-08T10:05:15.8047581Z test_breadth_counts_only_second_opening_bar (test_session_opening_impulse_v18.GridFeatureBreadthTests.test_breadth_counts_only_second_opening_bar) ... ok
2026-10-08T10:05:15.8055380Z test_exact_frozen_grid (test_session_opening_impulse_v18.GridFeatureBreadthTests.test_exact_frozen_grid) ... ok
2026-10-08T10:05:15.8057199Z test_exact_preregistered_development_gates (test_session_opening_impulse_v18.GridFeatureBreadthTests.test_exact_preregistered_development_gates) ... ok
2026-10-08T10:05:15.8115692Z test_session_vwap_is_causal_and_fixed_anchor (test_session_opening_impulse_v18.GridFeatureBreadthTests.test_session_vwap_is_causal_and_fixed_anchor) ... ok
2026-10-08T10:05:15.8121843Z test_breadth_and_two_vwap_closes_are_required (test_session_opening_impulse_v18.SignalEntryExitTests.test_breadth_and_two_vwap_closes_are_required) ... ok
2026-10-08T10:05:15.8128187Z test_favourable_gap_excluded_adverse_gap_retained (test_session_opening_impulse_v18.SignalEntryExitTests.test_favourable_gap_excluded_adverse_gap_retained) ... ok
2026-10-08T10:05:15.8136061Z test_mirrored_opening_signal_pullback_and_later_confirmation (test_session_opening_impulse_v18.SignalEntryExitTests.test_mirrored_opening_signal_pullback_and_later_confirmation) ... ok
2026-10-08T10:05:15.8148601Z test_projection_and_r_targets (test_session_opening_impulse_v18.SignalEntryExitTests.test_projection_and_r_targets) ... ok
2026-10-08T10:05:15.8154165Z test_pullback_must_hold_vwap_and_remain_shallow_through_confirmation (test_session_opening_impulse_v18.SignalEntryExitTests.test_pullback_must_hold_vwap_and_remain_shallow_through_confirmation) ... ok
2026-10-08T10:05:15.8159852Z test_favourable_gap_excluded_adverse_retained (test_session_vwap_failed_auction_v17.EntryExitTests.test_favourable_gap_excluded_adverse_retained) ... ok
2026-10-08T10:05:15.8174200Z test_frozen_vwap_and_r_targets (test_session_vwap_failed_auction_v17.EntryExitTests.test_frozen_vwap_and_r_targets) ... ok
2026-10-08T10:05:15.8179272Z test_next_open_and_structural_stop (test_session_vwap_failed_auction_v17.EntryExitTests.test_next_open_and_structural_stop) ... ok
2026-10-08T10:05:15.8185548Z test_stop_floor_and_cap (test_session_vwap_failed_auction_v17.EntryExitTests.test_stop_floor_and_cap) ... ok
2026-10-08T10:05:15.8194569Z test_confirmation_body_midpoint_strength_and_path (test_session_vwap_failed_auction_v17.EventTests.test_confirmation_body_midpoint_strength_and_path) ... ok
2026-10-08T10:05:15.8201848Z test_event_filters (test_session_vwap_failed_auction_v17.EventTests.test_event_filters) ... ok
2026-10-08T10:05:15.8206146Z test_four_bar_window_inclusive (test_session_vwap_failed_auction_v17.EventTests.test_four_bar_window_inclusive) ... ok
2026-10-08T10:05:15.8209941Z test_frozen_event_vwap_survives_future_changes (test_session_vwap_failed_auction_v17.EventTests.test_frozen_event_vwap_survives_future_changes) ... ok
2026-10-08T10:05:15.8214475Z test_mirrored_sides_and_later_confirmation (test_session_vwap_failed_auction_v17.EventTests.test_mirrored_sides_and_later_confirmation) ... ok
2026-10-08T10:05:15.8217238Z test_same_bar_confirmation_is_impossible (test_session_vwap_failed_auction_v17.EventTests.test_same_bar_confirmation_is_impossible) ... ok
2026-10-08T10:05:15.8255538Z test_current_volume_not_in_rolling_median (test_session_vwap_failed_auction_v17.GridAndFeatureTests.test_current_volume_not_in_rolling_median) ... ok
2026-10-08T10:05:15.8261599Z test_exact_frozen_grid (test_session_vwap_failed_auction_v17.GridAndFeatureTests.test_exact_frozen_grid) ... ok
2026-10-08T10:05:15.8339229Z test_future_perturbation_does_not_change_prefix (test_session_vwap_failed_auction_v17.GridAndFeatureTests.test_future_perturbation_does_not_change_prefix) ... ok
2026-10-08T10:05:15.8397497Z test_gap_invalidates_new_session_until_real_anchor (test_session_vwap_failed_auction_v17.GridAndFeatureTests.test_gap_invalidates_new_session_until_real_anchor) ... ok
2026-10-08T10:05:15.8436162Z test_session_anchor_and_causal_vwap (test_session_vwap_failed_auction_v17.GridAndFeatureTests.test_session_anchor_and_causal_vwap) ... ok
2026-10-08T10:05:15.8475280Z test_independent_costs_and_R (test_breadth_pullback_reclaim_v16.AuditArithmeticContract.test_independent_costs_and_R) ... ok
2026-10-08T10:05:16.8271372Z test_source_check_inside_scan_output_real_pipeline (test_breadth_pullback_reclaim_v16.AuditArithmeticContract.test_source_check_inside_scan_output_real_pipeline) ... V16_BREADTH_MAP DEV 4 / 4
2026-10-08T10:05:17.1599260Z V16_BREADTH_MAP_DONE DEV shard 0 sources 4 rows 81793
2026-10-08T10:05:17.5273084Z V16_BREADTH_MAP DEV 4 / 4
2026-10-08T10:05:17.8594472Z V16_BREADTH_MAP_DONE DEV shard 1 sources 4 rows 81793
2026-10-08T10:05:18.2301034Z V16_BREADTH_MAP DEV 4 / 4
2026-10-08T10:05:18.5648106Z V16_BREADTH_MAP_DONE DEV shard 2 sources 4 rows 81793
2026-10-08T10:05:18.9328246Z V16_BREADTH_MAP DEV 4 / 4
2026-10-08T10:05:19.2705609Z V16_BREADTH_MAP_DONE DEV shard 3 sources 4 rows 81793
2026-10-08T10:05:19.6388342Z V16_BREADTH_MAP DEV 4 / 4
2026-10-08T10:05:19.9725525Z V16_BREADTH_MAP_DONE DEV shard 4 sources 4 rows 81793
2026-10-08T10:05:20.3412952Z V16_BREADTH_MAP DEV 4 / 4
2026-10-08T10:05:20.6789512Z V16_BREADTH_MAP_DONE DEV shard 5 sources 4 rows 81793
2026-10-08T10:05:21.0480092Z V16_BREADTH_MAP DEV 4 / 4
2026-10-08T10:05:21.3817259Z V16_BREADTH_MAP_DONE DEV shard 6 sources 4 rows 81793
2026-10-08T10:05:21.7498113Z V16_BREADTH_MAP DEV 4 / 4
2026-10-08T10:05:22.0830651Z V16_BREADTH_MAP_DONE DEV shard 7 sources 4 rows 81793
2026-10-08T10:05:22.7139565Z V16_GLOBAL_BREADTH_FROZEN DEV sources 32 rows 81793 sha256 c56f804c8948f76a8dbc514485675ee6cee2809cbdd6c3d8921afa85fcb04c75
2026-10-08T10:05:22.7976857Z V16_BREADTH_RECOVERY_SCAN DEV 4 / 4 parameterized_outcomes 0
2026-10-08T10:05:22.8008516Z V16_BREADTH_RECOVERY_SCAN_DONE DEV 0 chronology_exclusions 0
2026-10-08T10:05:22.8855110Z V16_BREADTH_RECOVERY_SCAN DEV 4 / 4 parameterized_outcomes 0
2026-10-08T10:05:22.8886745Z V16_BREADTH_RECOVERY_SCAN_DONE DEV 0 chronology_exclusions 0
2026-10-08T10:05:22.9706307Z V16_BREADTH_RECOVERY_SCAN DEV 4 / 4 parameterized_outcomes 0
2026-10-08T10:05:22.9738922Z V16_BREADTH_RECOVERY_SCAN_DONE DEV 0 chronology_exclusions 0
2026-10-08T10:05:23.0537806Z V16_BREADTH_RECOVERY_SCAN DEV 4 / 4 parameterized_outcomes 0
2026-10-08T10:05:23.0571667Z V16_BREADTH_RECOVERY_SCAN_DONE DEV 0 chronology_exclusions 0
2026-10-08T10:05:23.1363491Z V16_BREADTH_RECOVERY_SCAN DEV 4 / 4 parameterized_outcomes 0
2026-10-08T10:05:23.1395226Z V16_BREADTH_RECOVERY_SCAN_DONE DEV 0 chronology_exclusions 0
2026-10-08T10:05:23.2189683Z V16_BREADTH_RECOVERY_SCAN DEV 4 / 4 parameterized_outcomes 0
2026-10-08T10:05:23.2222032Z V16_BREADTH_RECOVERY_SCAN_DONE DEV 0 chronology_exclusions 0
2026-10-08T10:05:23.3043734Z V16_BREADTH_RECOVERY_SCAN DEV 4 / 4 parameterized_outcomes 0
2026-10-08T10:05:23.3076677Z V16_BREADTH_RECOVERY_SCAN_DONE DEV 0 chronology_exclusions 0
2026-10-08T10:05:23.3877051Z V16_BREADTH_RECOVERY_SCAN DEV 4 / 4 parameterized_outcomes 0
2026-10-08T10:05:23.3909371Z V16_BREADTH_RECOVERY_SCAN_DONE DEV 0 chronology_exclusions 0
2026-10-08T10:05:23.8707148Z V16_BREADTH_RECOVERY_SELECT {"status": "NO_DEVELOPMENT_POLICY_SURVIVOR", "cells_examined": 96, "selected": [], "policies": [], "union_name": "MARKET_BREADTH_RECOVERY_UNION", "source_context_sha256": "1991f5e71751271b483ad27f63726b8ffe40a5da7d2db86c83f41193dfc564f3", "development_breadth_data_sha256": "c56f804c8948f76a8dbc514485675ee6cee2809cbdd6c3d8921afa85fcb04c75", "development_breadth_manifest_sha256": "37e38171d08af92c4362b2262ff10b069ce59950f612b8679fc31ec0bb185493", "source_symbols": 32, "economic_surviving_cells": 0, "rejection_counts": {"N_LT_300": 96, "SYMBOLS_LT_10": 96, "TOP_SYMBOL_GT_30PCT": 96, "NET40_MEAN_BP_NONPOSITIVE": 96, "NET40_R_MEAN_NONPOSITIVE": 96, "2021_N": 96, "2021_DATES": 96, "2021_net40_R_NONPOSITIVE": 96, "2021_net40_mean_bp_NONPOSITIVE": 96, "2021_day_R_NONPOSITIVE": 96, "2022_N": 96, "2022_DATES": 96, "2022_net40_R_NONPOSITIVE": 96, "2022_net40_mean_bp_NONPOSITIVE": 96, "2022_day_R_NONPOSITIVE": 96, "2023_N": 96, "2023_DATES": 96, "2023_net40_R_NONPOSITIVE": 96, "2023_net40_mean_bp_NONPOSITIVE": 96, "2023_day_R_NONPOSITIVE": 96}, "note": "Frozen global pressure withdrawal and closed recovery experiment. Overlapping diagnostics are not executable account growth."}
2026-10-08T10:05:23.8723878Z V16_SYNTHETIC_GLOBAL_PIPELINE_PASS {"synthetic_only": true, "source_files": 32, "global_map_shards": 8, "scans": 8, "all96_cells_preserved": true, "market_profitability_claim": false}
2026-10-08T10:05:23.8853689Z ok
2026-10-08T10:05:23.8857758Z test_count_sums_not_average_of_shards (test_breadth_pullback_reclaim_v16.CountsContract.test_count_sums_not_average_of_shards) ... ok
2026-10-08T10:05:23.8866753Z test_exact_global_fraction (test_breadth_pullback_reclaim_v16.CountsContract.test_exact_global_fraction) ... ok
2026-10-08T10:05:23.8949785Z test_feature_future_perturbation (test_breadth_pullback_reclaim_v16.CountsContract.test_feature_future_perturbation) ... ok
2026-10-08T10:05:23.8956851Z test_impossible_counts_rejected (test_breadth_pullback_reclaim_v16.CountsContract.test_impossible_counts_rejected) ... ok
2026-10-08T10:05:23.8964264Z test_missing_previous_not_filled (test_breadth_pullback_reclaim_v16.CountsContract.test_missing_previous_not_filled) ... ok
2026-10-08T10:05:23.8968741Z test_nan_coin_not_in_denominator (test_breadth_pullback_reclaim_v16.CountsContract.test_nan_coin_not_in_denominator) ... ok
2026-10-08T10:05:23.8977123Z test_no_nearest_future_match (test_breadth_pullback_reclaim_v16.CountsContract.test_no_nearest_future_match) ... ok
2026-10-08T10:05:23.8983028Z test_noninteger_counts_rejected (test_breadth_pullback_reclaim_v16.CountsContract.test_noninteger_counts_rejected) ... ok
2026-10-08T10:05:23.8988821Z test_time_geometry_rejected (test_breadth_pullback_reclaim_v16.CountsContract.test_time_geometry_rejected) ... ok
2026-10-08T10:05:26.4877475Z test_altered_map_fails_closed (test_breadth_pullback_reclaim_v16.GlobalArtifactContract.test_altered_map_fails_closed) ... ok
2026-10-08T10:05:26.4889069Z test_changed_context_fails_closed (test_breadth_pullback_reclaim_v16.GlobalArtifactContract.test_changed_context_fails_closed) ... ok
2026-10-08T10:05:26.7054656Z test_duplicate_shard_fails_closed (test_breadth_pullback_reclaim_v16.GlobalArtifactContract.test_duplicate_shard_fails_closed) ... ok
2026-10-08T10:05:27.2505317Z test_eight_shard_reduction_and_verified_load (test_breadth_pullback_reclaim_v16.GlobalArtifactContract.test_eight_shard_reduction_and_verified_load) ... V16_GLOBAL_BREADTH_FROZEN DEV sources 32 rows 81793 sha256 061b212dd67ba864ae7370703945d2ce6bdebc7421a464c5182b5936112713b2
2026-10-08T10:05:27.2807177Z ok
2026-10-08T10:05:27.2854073Z test_missing_shard_fails_closed (test_breadth_pullback_reclaim_v16.GlobalArtifactContract.test_missing_shard_fails_closed) ... ok
2026-10-08T10:05:27.2860398Z test_stage_leak_fails_closed (test_breadth_pullback_reclaim_v16.GlobalArtifactContract.test_stage_leak_fails_closed) ... ok
2026-10-08T10:05:27.2924102Z test_96_bar_impulse (test_breadth_pullback_reclaim_v16.SignalContract.test_96_bar_impulse) ... ok
2026-10-08T10:05:27.2928252Z test_adverse_entry_gap_retained (test_breadth_pullback_reclaim_v16.SignalContract.test_adverse_entry_gap_retained) ... ok
2026-10-08T10:05:27.2931434Z test_breadth_crossing_required (test_breadth_pullback_reclaim_v16.SignalContract.test_breadth_crossing_required) ... ok
2026-10-08T10:05:27.2934872Z test_btc_reclaim_guard (test_breadth_pullback_reclaim_v16.SignalContract.test_btc_reclaim_guard) ... ok
2026-10-08T10:05:27.2938270Z test_entry_path_gap_blocks (test_breadth_pullback_reclaim_v16.SignalContract.test_entry_path_gap_blocks) ... ok
2026-10-08T10:05:27.2941244Z test_event_momentum_required (test_breadth_pullback_reclaim_v16.SignalContract.test_event_momentum_required) ... ok
2026-10-08T10:05:27.2944610Z test_favorable_entry_gap_rejected (test_breadth_pullback_reclaim_v16.SignalContract.test_favorable_entry_gap_rejected) ... ok
2026-10-08T10:05:27.2947173Z test_five_point_expansion_required (test_breadth_pullback_reclaim_v16.SignalContract.test_five_point_expansion_required) ... ok
2026-10-08T10:05:27.2950054Z test_fixed_grid (test_breadth_pullback_reclaim_v16.SignalContract.test_fixed_grid) ... ok
2026-10-08T10:05:27.2956117Z test_future_bars_irrelevant_to_intent (test_breadth_pullback_reclaim_v16.SignalContract.test_future_bars_irrelevant_to_intent) ... ok
2026-10-08T10:05:27.2960550Z test_long_two_stage_reclaim (test_breadth_pullback_reclaim_v16.SignalContract.test_long_two_stage_reclaim) ... ok
2026-10-08T10:05:27.2964695Z test_one_atr_pullback_grid (test_breadth_pullback_reclaim_v16.SignalContract.test_one_atr_pullback_grid) ... ok
2026-10-08T10:05:27.2968755Z test_pre_reclaim_invalidation_blocks (test_breadth_pullback_reclaim_v16.SignalContract.test_pre_reclaim_invalidation_blocks) ... ok
2026-10-08T10:05:27.2973714Z test_pullback_touch_required (test_breadth_pullback_reclaim_v16.SignalContract.test_pullback_touch_required) ... ok
2026-10-08T10:05:27.2977835Z test_reclaim_after_twelve_bars_is_ignored (test_breadth_pullback_reclaim_v16.SignalContract.test_reclaim_after_twelve_bars_is_ignored) ... ok
2026-10-08T10:05:27.2982116Z test_reclaim_must_be_after_touch (test_breadth_pullback_reclaim_v16.SignalContract.test_reclaim_must_be_after_touch) ... ok
2026-10-08T10:05:27.2986100Z test_reclaim_prior_bar_break_required (test_breadth_pullback_reclaim_v16.SignalContract.test_reclaim_prior_bar_break_required) ... ok
2026-10-08T10:05:27.2990205Z test_reclaim_volume_required (test_breadth_pullback_reclaim_v16.SignalContract.test_reclaim_volume_required) ... ok
2026-10-08T10:05:27.2994365Z test_same_bar_touch_and_reclaim_forbidden (test_breadth_pullback_reclaim_v16.SignalContract.test_same_bar_touch_and_reclaim_forbidden) ... ok
2026-10-08T10:05:27.2998649Z test_short_two_stage_reclaim (test_breadth_pullback_reclaim_v16.SignalContract.test_short_two_stage_reclaim) ... ok
2026-10-08T10:05:27.3002569Z test_stop_above_six_percent_rejected (test_breadth_pullback_reclaim_v16.SignalContract.test_stop_above_six_percent_rejected) ... ok
2026-10-08T10:05:27.3006377Z test_stop_floor (test_breadth_pullback_reclaim_v16.SignalContract.test_stop_floor) ... ok
2026-10-08T10:05:27.3011323Z test_touch_after_ten_bars_is_ignored (test_breadth_pullback_reclaim_v16.SignalContract.test_touch_after_ten_bars_is_ignored) ... ok
2026-10-08T10:05:27.3018052Z test_trailing_policy_uses_canonical_resolver (test_breadth_pullback_reclaim_v16.SignalContract.test_trailing_policy_uses_canonical_resolver) ... ok
2026-10-08T10:05:27.3022111Z test_watch_path_gap_blocks (test_breadth_pullback_reclaim_v16.SignalContract.test_watch_path_gap_blocks) ... ok
2026-10-08T10:05:27.3061996Z test_independent_costs_and_R (test_breadth_expansion_continuation_v15.AuditArithmeticContract.test_independent_costs_and_R) ... ok
2026-10-08T10:05:28.2831287Z test_source_check_inside_scan_output_real_pipeline (test_breadth_expansion_continuation_v15.AuditArithmeticContract.test_source_check_inside_scan_output_real_pipeline) ... V15_BREADTH_MAP DEV 4 / 4
2026-10-08T10:05:28.6163983Z V15_BREADTH_MAP_DONE DEV shard 0 sources 4 rows 81793
2026-10-08T10:05:28.9868156Z V15_BREADTH_MAP DEV 4 / 4
2026-10-08T10:05:29.3203286Z V15_BREADTH_MAP_DONE DEV shard 1 sources 4 rows 81793
2026-10-08T10:05:29.6875788Z V15_BREADTH_MAP DEV 4 / 4
2026-10-08T10:05:30.0225158Z V15_BREADTH_MAP_DONE DEV shard 2 sources 4 rows 81793
2026-10-08T10:05:30.3909985Z V15_BREADTH_MAP DEV 4 / 4
2026-10-08T10:05:30.7246606Z V15_BREADTH_MAP_DONE DEV shard 3 sources 4 rows 81793
2026-10-08T10:05:31.0936685Z V15_BREADTH_MAP DEV 4 / 4
2026-10-08T10:05:31.4267986Z V15_BREADTH_MAP_DONE DEV shard 4 sources 4 rows 81793
2026-10-08T10:05:31.7951539Z V15_BREADTH_MAP DEV 4 / 4
2026-10-08T10:05:32.1284820Z V15_BREADTH_MAP_DONE DEV shard 5 sources 4 rows 81793
2026-10-08T10:05:32.4956608Z V15_BREADTH_MAP DEV 4 / 4
2026-10-08T10:05:32.8282136Z V15_BREADTH_MAP_DONE DEV shard 6 sources 4 rows 81793
2026-10-08T10:05:33.1956595Z V15_BREADTH_MAP DEV 4 / 4
2026-10-08T10:05:33.5281618Z V15_BREADTH_MAP_DONE DEV shard 7 sources 4 rows 81793
2026-10-08T10:05:34.1056263Z V15_GLOBAL_BREADTH_FROZEN DEV sources 32 rows 81793 sha256 c56f804c8948f76a8dbc514485675ee6cee2809cbdd6c3d8921afa85fcb04c75
2026-10-08T10:05:34.1887013Z V15_BREADTH_RECOVERY_SCAN DEV 4 / 4 parameterized_outcomes 0
2026-10-08T10:05:34.1918525Z V15_BREADTH_RECOVERY_SCAN_DONE DEV 0 chronology_exclusions 0
2026-10-08T10:05:34.2792681Z V15_BREADTH_RECOVERY_SCAN DEV 4 / 4 parameterized_outcomes 0
2026-10-08T10:05:34.2824645Z V15_BREADTH_RECOVERY_SCAN_DONE DEV 0 chronology_exclusions 0
2026-10-08T10:05:34.3698806Z V15_BREADTH_RECOVERY_SCAN DEV 4 / 4 parameterized_outcomes 0
2026-10-08T10:05:34.3729472Z V15_BREADTH_RECOVERY_SCAN_DONE DEV 0 chronology_exclusions 0
2026-10-08T10:05:34.4590787Z V15_BREADTH_RECOVERY_SCAN DEV 4 / 4 parameterized_outcomes 0
2026-10-08T10:05:34.4622169Z V15_BREADTH_RECOVERY_SCAN_DONE DEV 0 chronology_exclusions 0
2026-10-08T10:05:34.5491854Z V15_BREADTH_RECOVERY_SCAN DEV 4 / 4 parameterized_outcomes 0
2026-10-08T10:05:34.5523273Z V15_BREADTH_RECOVERY_SCAN_DONE DEV 0 chronology_exclusions 0
2026-10-08T10:05:34.6385871Z V15_BREADTH_RECOVERY_SCAN DEV 4 / 4 parameterized_outcomes 0
2026-10-08T10:05:34.6417956Z V15_BREADTH_RECOVERY_SCAN_DONE DEV 0 chronology_exclusions 0
2026-10-08T10:05:34.7283444Z V15_BREADTH_RECOVERY_SCAN DEV 4 / 4 parameterized_outcomes 0
2026-10-08T10:05:34.7316110Z V15_BREADTH_RECOVERY_SCAN_DONE DEV 0 chronology_exclusions 0
2026-10-08T10:05:34.8194526Z V15_BREADTH_RECOVERY_SCAN DEV 4 / 4 parameterized_outcomes 0
2026-10-08T10:05:34.8224601Z V15_BREADTH_RECOVERY_SCAN_DONE DEV 0 chronology_exclusions 0
2026-10-08T10:05:35.3041658Z V15_BREADTH_RECOVERY_SELECT {"status": "NO_DEVELOPMENT_POLICY_SURVIVOR", "cells_examined": 96, "selected": [], "policies": [], "union_name": "MARKET_BREADTH_RECOVERY_UNION", "source_context_sha256": "1991f5e71751271b483ad27f63726b8ffe40a5da7d2db86c83f41193dfc564f3", "development_breadth_data_sha256": "c56f804c8948f76a8dbc514485675ee6cee2809cbdd6c3d8921afa85fcb04c75", "development_breadth_manifest_sha256": "37e38171d08af92c4362b2262ff10b069ce59950f612b8679fc31ec0bb185493", "source_symbols": 32, "economic_surviving_cells": 0, "rejection_counts": {"N_LT_300": 96, "SYMBOLS_LT_10": 96, "TOP_SYMBOL_GT_30PCT": 96, "NET40_MEAN_BP_NONPOSITIVE": 96, "NET40_R_MEAN_NONPOSITIVE": 96, "2021_N": 96, "2021_DATES": 96, "2021_net40_R_NONPOSITIVE": 96, "2021_net40_mean_bp_NONPOSITIVE": 96, "2021_day_R_NONPOSITIVE": 96, "2022_N": 96, "2022_DATES": 96, "2022_net40_R_NONPOSITIVE": 96, "2022_net40_mean_bp_NONPOSITIVE": 96, "2022_day_R_NONPOSITIVE": 96, "2023_N": 96, "2023_DATES": 96, "2023_net40_R_NONPOSITIVE": 96, "2023_net40_mean_bp_NONPOSITIVE": 96, "2023_day_R_NONPOSITIVE": 96}, "note": "Frozen global pressure withdrawal and closed recovery experiment. Overlapping diagnostics are not executable account growth."}
2026-10-08T10:05:35.3058796Z V15_SYNTHETIC_GLOBAL_PIPELINE_PASS {"synthetic_only": true, "source_files": 32, "global_map_shards": 8, "scans": 8, "all96_cells_preserved": true, "market_profitability_claim": false}
2026-10-08T10:05:35.3208530Z ok
2026-10-08T10:05:35.3213267Z test_count_sums_not_average_of_shards (test_breadth_expansion_continuation_v15.CountsContract.test_count_sums_not_average_of_shards) ... ok
2026-10-08T10:05:35.3221924Z test_exact_global_fraction (test_breadth_expansion_continuation_v15.CountsContract.test_exact_global_fraction) ... ok
2026-10-08T10:05:35.3306110Z test_feature_future_perturbation (test_breadth_expansion_continuation_v15.CountsContract.test_feature_future_perturbation) ... ok
2026-10-08T10:05:35.3312736Z test_impossible_counts_rejected (test_breadth_expansion_continuation_v15.CountsContract.test_impossible_counts_rejected) ... ok
2026-10-08T10:05:35.3319464Z test_missing_previous_not_filled (test_breadth_expansion_continuation_v15.CountsContract.test_missing_previous_not_filled) ... ok
2026-10-08T10:05:35.3323677Z test_nan_coin_not_in_denominator (test_breadth_expansion_continuation_v15.CountsContract.test_nan_coin_not_in_denominator) ... ok
2026-10-08T10:05:35.3330252Z test_no_nearest_future_match (test_breadth_expansion_continuation_v15.CountsContract.test_no_nearest_future_match) ... ok
2026-10-08T10:05:35.3335261Z test_noninteger_counts_rejected (test_breadth_expansion_continuation_v15.CountsContract.test_noninteger_counts_rejected) ... ok
2026-10-08T10:05:35.3340851Z test_time_geometry_rejected (test_breadth_expansion_continuation_v15.CountsContract.test_time_geometry_rejected) ... ok
2026-10-08T10:05:37.9254088Z test_altered_map_fails_closed (test_breadth_expansion_continuation_v15.GlobalArtifactContract.test_altered_map_fails_closed) ... ok
2026-10-08T10:05:37.9266689Z test_changed_context_fails_closed (test_breadth_expansion_continuation_v15.GlobalArtifactContract.test_changed_context_fails_closed) ... ok
2026-10-08T10:05:38.1446364Z test_duplicate_shard_fails_closed (test_breadth_expansion_continuation_v15.GlobalArtifactContract.test_duplicate_shard_fails_closed) ... ok
2026-10-08T10:05:38.6837037Z test_eight_shard_reduction_and_verified_load (test_breadth_expansion_continuation_v15.GlobalArtifactContract.test_eight_shard_reduction_and_verified_load) ... V15_GLOBAL_BREADTH_FROZEN DEV sources 32 rows 81793 sha256 061b212dd67ba864ae7370703945d2ce6bdebc7421a464c5182b5936112713b2
2026-10-08T10:05:38.7129076Z ok
2026-10-08T10:05:38.7175461Z test_missing_shard_fails_closed (test_breadth_expansion_continuation_v15.GlobalArtifactContract.test_missing_shard_fails_closed) ... ok
2026-10-08T10:05:38.7181317Z test_stage_leak_fails_closed (test_breadth_expansion_continuation_v15.GlobalArtifactContract.test_stage_leak_fails_closed) ... ok
2026-10-08T10:05:38.7241925Z test_24h_shock (test_breadth_expansion_continuation_v15.SignalContract.test_24h_shock) ... ok
2026-10-08T10:05:38.7245520Z test_actual_entry_gap_blocks (test_breadth_expansion_continuation_v15.SignalContract.test_actual_entry_gap_blocks) ... ok
2026-10-08T10:05:38.7248956Z test_adverse_gap_retained (test_breadth_expansion_continuation_v15.SignalContract.test_adverse_gap_retained) ... ok
2026-10-08T10:05:38.7252029Z test_breadth_expansion_required (test_breadth_expansion_continuation_v15.SignalContract.test_breadth_expansion_required) ... ok
2026-10-08T10:05:38.7254803Z test_btc_guard (test_breadth_expansion_continuation_v15.SignalContract.test_btc_guard) ... ok
2026-10-08T10:05:38.7258108Z test_closed_local_break_required (test_breadth_expansion_continuation_v15.SignalContract.test_closed_local_break_required) ... ok
2026-10-08T10:05:38.7261181Z test_current_coin_bar_must_be_contiguous (test_breadth_expansion_continuation_v15.SignalContract.test_current_coin_bar_must_be_contiguous) ... ok
2026-10-08T10:05:38.7264037Z test_current_coin_momentum_required (test_breadth_expansion_continuation_v15.SignalContract.test_current_coin_momentum_required) ... ok
2026-10-08T10:05:38.7267143Z test_exact_five_pp_boundary (test_breadth_expansion_continuation_v15.SignalContract.test_exact_five_pp_boundary) ... ok
2026-10-08T10:05:38.7270430Z test_favorable_gap_rejected (test_breadth_expansion_continuation_v15.SignalContract.test_favorable_gap_rejected) ... ok
2026-10-08T10:05:38.7272984Z test_fixed_grid (test_breadth_expansion_continuation_v15.SignalContract.test_fixed_grid) ... ok
2026-10-08T10:05:38.7276040Z test_flow55_long_blocks_low_buy (test_breadth_expansion_continuation_v15.SignalContract.test_flow55_long_blocks_low_buy) ... ok
2026-10-08T10:05:38.7280550Z test_future_high_low_close_irrelevant_to_entry (test_breadth_expansion_continuation_v15.SignalContract.test_future_high_low_close_irrelevant_to_entry) ... ok
2026-10-08T10:05:38.7283772Z test_long_expansion_continuation (test_breadth_expansion_continuation_v15.SignalContract.test_long_expansion_continuation) ... ok
2026-10-08T10:05:38.7287470Z test_low_universe_missing_fraction_blocks (test_breadth_expansion_continuation_v15.SignalContract.test_low_universe_missing_fraction_blocks) ... ok
2026-10-08T10:05:38.7290796Z test_previous_universe_under_thirty_blocks (test_breadth_expansion_continuation_v15.SignalContract.test_previous_universe_under_thirty_blocks) ... ok
2026-10-08T10:05:38.7294794Z test_price_only_ignores_buy_share (test_breadth_expansion_continuation_v15.SignalContract.test_price_only_ignores_buy_share) ... ok
2026-10-08T10:05:38.7298831Z test_short_expansion_continuation (test_breadth_expansion_continuation_v15.SignalContract.test_short_expansion_continuation) ... ok
2026-10-08T10:05:38.7326667Z test_stop_above_sixpct_rejected (test_breadth_expansion_continuation_v15.SignalContract.test_stop_above_sixpct_rejected) ... ok
2026-10-08T10:05:38.7328168Z test_stop_floor (test_breadth_expansion_continuation_v15.SignalContract.test_stop_floor) ... ok
2026-10-08T10:05:38.7329868Z test_threshold_crossing_required (test_breadth_expansion_continuation_v15.SignalContract.test_threshold_crossing_required) ... ok
2026-10-08T10:05:38.7331699Z test_trailing_policy_uses_canonical_resolver (test_breadth_expansion_continuation_v15.SignalContract.test_trailing_policy_uses_canonical_resolver) ... ok
2026-10-08T10:05:38.7361544Z test_independent_costs_and_R (test_market_breadth_recovery_v14.AuditArithmeticContract.test_independent_costs_and_R) ... ok
2026-10-08T10:05:39.7167806Z test_source_check_inside_scan_output_real_pipeline (test_market_breadth_recovery_v14.AuditArithmeticContract.test_source_check_inside_scan_output_real_pipeline) ... V14_BREADTH_MAP DEV 4 / 4
2026-10-08T10:05:40.0499467Z V14_BREADTH_MAP_DONE DEV shard 0 sources 4 rows 81793
2026-10-08T10:05:40.4202226Z V14_BREADTH_MAP DEV 4 / 4
2026-10-08T10:05:40.7534384Z V14_BREADTH_MAP_DONE DEV shard 1 sources 4 rows 81793
2026-10-08T10:05:41.1252203Z V14_BREADTH_MAP DEV 4 / 4
2026-10-08T10:05:41.4583093Z V14_BREADTH_MAP_DONE DEV shard 2 sources 4 rows 81793
2026-10-08T10:05:41.8266600Z V14_BREADTH_MAP DEV 4 / 4
2026-10-08T10:05:42.1600829Z V14_BREADTH_MAP_DONE DEV shard 3 sources 4 rows 81793
2026-10-08T10:05:42.5309044Z V14_BREADTH_MAP DEV 4 / 4
2026-10-08T10:05:42.8636278Z V14_BREADTH_MAP_DONE DEV shard 4 sources 4 rows 81793
2026-10-08T10:05:43.2340915Z V14_BREADTH_MAP DEV 4 / 4
2026-10-08T10:05:43.5687326Z V14_BREADTH_MAP_DONE DEV shard 5 sources 4 rows 81793
2026-10-08T10:05:43.9397691Z V14_BREADTH_MAP DEV 4 / 4
2026-10-08T10:05:44.2735573Z V14_BREADTH_MAP_DONE DEV shard 6 sources 4 rows 81793
2026-10-08T10:05:44.6447380Z V14_BREADTH_MAP DEV 4 / 4
2026-10-08T10:05:44.9784864Z V14_BREADTH_MAP_DONE DEV shard 7 sources 4 rows 81793
2026-10-08T10:05:45.5601868Z V14_GLOBAL_BREADTH_FROZEN DEV sources 32 rows 81793 sha256 c56f804c8948f76a8dbc514485675ee6cee2809cbdd6c3d8921afa85fcb04c75
2026-10-08T10:05:45.6442432Z V14_BREADTH_RECOVERY_SCAN DEV 4 / 4 parameterized_outcomes 0
2026-10-08T10:05:45.6475997Z V14_BREADTH_RECOVERY_SCAN_DONE DEV 0 chronology_exclusions 0
2026-10-08T10:05:45.7361309Z V14_BREADTH_RECOVERY_SCAN DEV 4 / 4 parameterized_outcomes 0
2026-10-08T10:05:45.7392388Z V14_BREADTH_RECOVERY_SCAN_DONE DEV 0 chronology_exclusions 0
2026-10-08T10:05:45.8270116Z V14_BREADTH_RECOVERY_SCAN DEV 4 / 4 parameterized_outcomes 0
2026-10-08T10:05:45.8301813Z V14_BREADTH_RECOVERY_SCAN_DONE DEV 0 chronology_exclusions 0
2026-10-08T10:05:45.9178104Z V14_BREADTH_RECOVERY_SCAN DEV 4 / 4 parameterized_outcomes 0
2026-10-08T10:05:45.9209071Z V14_BREADTH_RECOVERY_SCAN_DONE DEV 0 chronology_exclusions 0
2026-10-08T10:05:46.0088851Z V14_BREADTH_RECOVERY_SCAN DEV 4 / 4 parameterized_outcomes 0
2026-10-08T10:05:46.0120195Z V14_BREADTH_RECOVERY_SCAN_DONE DEV 0 chronology_exclusions 0
2026-10-08T10:05:46.0997553Z V14_BREADTH_RECOVERY_SCAN DEV 4 / 4 parameterized_outcomes 0
2026-10-08T10:05:46.1028773Z V14_BREADTH_RECOVERY_SCAN_DONE DEV 0 chronology_exclusions 0
2026-10-08T10:05:46.1909830Z V14_BREADTH_RECOVERY_SCAN DEV 4 / 4 parameterized_outcomes 0
2026-10-08T10:05:46.1940864Z V14_BREADTH_RECOVERY_SCAN_DONE DEV 0 chronology_exclusions 0
2026-10-08T10:05:46.2819110Z V14_BREADTH_RECOVERY_SCAN DEV 4 / 4 parameterized_outcomes 0
2026-10-08T10:05:46.2850280Z V14_BREADTH_RECOVERY_SCAN_DONE DEV 0 chronology_exclusions 0
2026-10-08T10:05:46.7858204Z V14_BREADTH_RECOVERY_SELECT {"status": "NO_DEVELOPMENT_POLICY_SURVIVOR", "cells_examined": 96, "selected": [], "policies": [], "union_name": "MARKET_BREADTH_RECOVERY_UNION", "source_context_sha256": "1991f5e71751271b483ad27f63726b8ffe40a5da7d2db86c83f41193dfc564f3", "development_breadth_data_sha256": "c56f804c8948f76a8dbc514485675ee6cee2809cbdd6c3d8921afa85fcb04c75", "development_breadth_manifest_sha256": "a33c6c15e1a711022cec584eaa5942aa90a9ad0a3da18087ddb45f54b30efd5b", "source_symbols": 32, "economic_surviving_cells": 0, "rejection_counts": {"N_LT_300": 96, "SYMBOLS_LT_10": 96, "TOP_SYMBOL_GT_30PCT": 96, "NET40_MEAN_BP_NONPOSITIVE": 96, "NET40_R_MEAN_NONPOSITIVE": 96, "2021_N": 96, "2021_DATES": 96, "2021_net40_R_NONPOSITIVE": 96, "2021_net40_mean_bp_NONPOSITIVE": 96, "2021_day_R_NONPOSITIVE": 96, "2022_N": 96, "2022_DATES": 96, "2022_net40_R_NONPOSITIVE": 96, "2022_net40_mean_bp_NONPOSITIVE": 96, "2022_day_R_NONPOSITIVE": 96, "2023_N": 96, "2023_DATES": 96, "2023_net40_R_NONPOSITIVE": 96, "2023_net40_mean_bp_NONPOSITIVE": 96, "2023_day_R_NONPOSITIVE": 96}, "note": "Frozen global pressure withdrawal and closed recovery experiment. Overlapping diagnostics are not executable account growth."}
2026-10-08T10:05:46.7875897Z V14_SYNTHETIC_GLOBAL_PIPELINE_PASS {"synthetic_only": true, "source_files": 32, "global_map_shards": 8, "scans": 8, "all96_cells_preserved": true, "market_profitability_claim": false}
2026-10-08T10:05:46.7999981Z ok
2026-10-08T10:05:46.8004500Z test_count_sums_not_average_of_shards (test_market_breadth_recovery_v14.CountsContract.test_count_sums_not_average_of_shards) ... ok
2026-10-08T10:05:46.8013544Z test_exact_global_fraction (test_market_breadth_recovery_v14.CountsContract.test_exact_global_fraction) ... ok
2026-10-08T10:05:46.8094983Z test_feature_future_perturbation (test_market_breadth_recovery_v14.CountsContract.test_feature_future_perturbation) ... ok
2026-10-08T10:05:46.8102023Z test_impossible_counts_rejected (test_market_breadth_recovery_v14.CountsContract.test_impossible_counts_rejected) ... ok
2026-10-08T10:05:46.8109456Z test_missing_previous_not_filled (test_market_breadth_recovery_v14.CountsContract.test_missing_previous_not_filled) ... ok
2026-10-08T10:05:46.8113732Z test_nan_coin_not_in_denominator (test_market_breadth_recovery_v14.CountsContract.test_nan_coin_not_in_denominator) ... ok
2026-10-08T10:05:46.8121116Z test_no_nearest_future_match (test_market_breadth_recovery_v14.CountsContract.test_no_nearest_future_match) ... ok
2026-10-08T10:05:46.8126313Z test_noninteger_counts_rejected (test_market_breadth_recovery_v14.CountsContract.test_noninteger_counts_rejected) ... ok
2026-10-08T10:05:46.8132189Z test_time_geometry_rejected (test_market_breadth_recovery_v14.CountsContract.test_time_geometry_rejected) ... ok
2026-10-08T10:05:49.4034674Z test_altered_map_fails_closed (test_market_breadth_recovery_v14.GlobalArtifactContract.test_altered_map_fails_closed) ... ok
2026-10-08T10:05:49.4047337Z test_changed_context_fails_closed (test_market_breadth_recovery_v14.GlobalArtifactContract.test_changed_context_fails_closed) ... ok
2026-10-08T10:05:49.6300316Z test_duplicate_shard_fails_closed (test_market_breadth_recovery_v14.GlobalArtifactContract.test_duplicate_shard_fails_closed) ... ok
2026-10-08T10:05:50.1873498Z test_eight_shard_reduction_and_verified_load (test_market_breadth_recovery_v14.GlobalArtifactContract.test_eight_shard_reduction_and_verified_load) ... V14_GLOBAL_BREADTH_FROZEN DEV sources 32 rows 81793 sha256 061b212dd67ba864ae7370703945d2ce6bdebc7421a464c5182b5936112713b2
2026-10-08T10:05:50.2194127Z ok
2026-10-08T10:05:50.2240010Z test_missing_shard_fails_closed (test_market_breadth_recovery_v14.GlobalArtifactContract.test_missing_shard_fails_closed) ... ok
2026-10-08T10:05:50.2246787Z test_stage_leak_fails_closed (test_market_breadth_recovery_v14.GlobalArtifactContract.test_stage_leak_fails_closed) ... ok
2026-10-08T10:05:50.2306682Z test_24h_shock (test_market_breadth_recovery_v14.SignalContract.test_24h_shock) ... ok
2026-10-08T10:05:50.2310628Z test_actual_entry_gap_blocks (test_market_breadth_recovery_v14.SignalContract.test_actual_entry_gap_blocks) ... ok
2026-10-08T10:05:50.2314296Z test_adverse_gap_retained (test_market_breadth_recovery_v14.SignalContract.test_adverse_gap_retained) ... ok
2026-10-08T10:05:50.2317562Z test_btc_guard (test_market_breadth_recovery_v14.SignalContract.test_btc_guard) ... ok
2026-10-08T10:05:50.2321284Z test_closed_local_break_required (test_market_breadth_recovery_v14.SignalContract.test_closed_local_break_required) ... ok
2026-10-08T10:05:50.2324715Z test_exact_five_pp_boundary (test_market_breadth_recovery_v14.SignalContract.test_exact_five_pp_boundary) ... ok
2026-10-08T10:05:50.2328027Z test_favorable_gap_rejected (test_market_breadth_recovery_v14.SignalContract.test_favorable_gap_rejected) ... ok
2026-10-08T10:05:50.2330958Z test_fixed_grid (test_market_breadth_recovery_v14.SignalContract.test_fixed_grid) ... ok
2026-10-08T10:05:50.2334440Z test_flow55_long_blocks_low_buy (test_market_breadth_recovery_v14.SignalContract.test_flow55_long_blocks_low_buy) ... ok
2026-10-08T10:05:50.2339151Z test_future_high_low_close_irrelevant_to_entry (test_market_breadth_recovery_v14.SignalContract.test_future_high_low_close_irrelevant_to_entry) ... ok
2026-10-08T10:05:50.2342619Z test_long_recovery (test_market_breadth_recovery_v14.SignalContract.test_long_recovery) ... ok
2026-10-08T10:05:50.2346084Z test_low_universe_missing_fraction_blocks (test_market_breadth_recovery_v14.SignalContract.test_low_universe_missing_fraction_blocks) ... ok
2026-10-08T10:05:50.2349190Z test_pressure_drop_required (test_market_breadth_recovery_v14.SignalContract.test_pressure_drop_required) ... ok
2026-10-08T10:05:50.2352597Z test_previous_coin_gap_blocks (test_market_breadth_recovery_v14.SignalContract.test_previous_coin_gap_blocks) ... ok
2026-10-08T10:05:50.2355905Z test_previous_universe_under_thirty_blocks (test_market_breadth_recovery_v14.SignalContract.test_previous_universe_under_thirty_blocks) ... ok
2026-10-08T10:05:50.2359384Z test_price_only_ignores_buy_share (test_market_breadth_recovery_v14.SignalContract.test_price_only_ignores_buy_share) ... ok
2026-10-08T10:05:50.2362514Z test_prior_coin_shock_required (test_market_breadth_recovery_v14.SignalContract.test_prior_coin_shock_required) ... ok
2026-10-08T10:05:50.2365647Z test_prior_pressure_threshold (test_market_breadth_recovery_v14.SignalContract.test_prior_pressure_threshold) ... ok
2026-10-08T10:05:50.2369689Z test_short_recovery (test_market_breadth_recovery_v14.SignalContract.test_short_recovery) ... ok
2026-10-08T10:05:50.2372928Z test_stop_above_sixpct_rejected (test_market_breadth_recovery_v14.SignalContract.test_stop_above_sixpct_rejected) ... ok
2026-10-08T10:05:50.2376208Z test_stop_floor (test_market_breadth_recovery_v14.SignalContract.test_stop_floor) ... ok
2026-10-08T10:05:50.2382993Z test_trailing_policy_uses_canonical_resolver (test_market_breadth_recovery_v14.SignalContract.test_trailing_policy_uses_canonical_resolver) ... ok
2026-10-08T10:05:50.2385174Z test_btc_missing_endpoint_is_unavailable (test_breakout_level_retest_v13.FeatureTests.test_btc_missing_endpoint_is_unavailable) ... ok
2026-10-08T10:05:50.2458179Z test_channel_and_volume_restart_after_gap (test_breakout_level_retest_v13.FeatureTests.test_channel_and_volume_restart_after_gap) ... ok
2026-10-08T10:05:50.2536774Z test_current_breakout_cannot_change_its_prior_level_baseline_or_atr (test_breakout_level_retest_v13.FeatureTests.test_current_breakout_cannot_change_its_prior_level_baseline_or_atr) ... ok
2026-10-08T10:05:50.2540987Z test_fixed_grid_and_holds (test_breakout_level_retest_v13.FeatureTests.test_fixed_grid_and_holds) ... ok
2026-10-08T10:05:50.2644620Z test_future_perturbation_preserves_prefix_features_and_signal (test_breakout_level_retest_v13.FeatureTests.test_future_perturbation_preserves_prefix_features_and_signal) ... ok
2026-10-08T10:05:50.2687132Z test_independent_prior_channel_quote_and_atr_cutoffs (test_breakout_level_retest_v13.FeatureTests.test_independent_prior_channel_quote_and_atr_cutoffs) ... ok
2026-10-08T10:05:50.2721131Z test_actual_entry_minute_tp_loses_and_later_chronology_is_honored (test_breakout_level_retest_v13.FillExitTests.test_actual_entry_minute_tp_loses_and_later_chronology_is_honored) ... ok
2026-10-08T10:05:50.2726048Z test_actual_fill_structural_stop_priority_and_time_cutoffs (test_breakout_level_retest_v13.FillExitTests.test_actual_fill_structural_stop_priority_and_time_cutoffs) ... ok
2026-10-08T10:05:50.2733578Z test_adverse_fill_is_retained_favourable_catchup_and_wrong_side_are_excluded (test_breakout_level_retest_v13.FillExitTests.test_adverse_fill_is_retained_favourable_catchup_and_wrong_side_are_excluded) ... ok
2026-10-08T10:05:50.2736352Z test_cooldown_independent_of_exit (test_breakout_level_retest_v13.FillExitTests.test_cooldown_independent_of_exit) ... ok
2026-10-08T10:05:50.2740495Z test_entry_timestamp_gap_and_split_cutoff (test_breakout_level_retest_v13.FillExitTests.test_entry_timestamp_gap_and_split_cutoff) ... ok
2026-10-08T10:05:50.2746912Z test_floor_and_maximum_stop_risk_use_actual_fill (test_breakout_level_retest_v13.FillExitTests.test_floor_and_maximum_stop_risk_use_actual_fill) ... ok
2026-10-08T10:05:50.2754729Z test_missing_minute_and_mismatched_entry_never_fabricate_pnl (test_breakout_level_retest_v13.FillExitTests.test_missing_minute_and_mismatched_entry_never_fabricate_pnl) ... ok
2026-10-08T10:05:50.2765889Z test_tp_levels_and_independent_fee_funding_math (test_breakout_level_retest_v13.FillExitTests.test_tp_levels_and_independent_fee_funding_math) ... ok
2026-10-08T10:05:50.5528088Z test_all96_including_zero_and_frozen_selection (test_breakout_level_retest_v13.SelectionSourceTests.test_all96_including_zero_and_frozen_selection) ... V13_RETEST_SELECT {"status": "ACCOUNT_REPLAY_REQUIRED", "cells_examined": 96, "selected": [{"key": "RETEST_S+1_N96_WAIT8_ANY", "side": 1, "window": 96, "wait": 8, "participation": "ANY", "hold": 48, "exit_type": "TP2", "policy": "RETEST_S+1_N96_WAIT8_ANY__H48__TP2", "development_net40_R": 0.5, "development_worst_year_day_R": 0.5}], "policies": [{"key": "RETEST_S+1_N96_WAIT8_ANY", "side": 1, "window": 96, "wait": 8, "participation": "ANY", "hold": 48, "exit_type": "TP2", "policy": "RETEST_S+1_N96_WAIT8_ANY__H48__TP2", "development_net40_R": 0.5, "development_worst_year_day_R": 0.5}], "union_name": "BREAKOUT_LEVEL_RETEST_UNION", "source_context_sha256": "91835c8f0b86a06046841c757e76202fc5e0b602e5b17bc471966e49ab762c95", "source_symbols": 16, "economic_surviving_cells": 1, "rejection_counts": {"N_LT_300": 95, "SYMBOLS_LT_10": 95, "TOP_SYMBOL_GT_30PCT": 95, "NET40_MEAN_BP_NONPOSITIVE": 95, "NET40_R_MEAN_NONPOSITIVE": 95, "2021_N": 95, "2021_DATES": 95, "2021_net40_R_NONPOSITIVE": 95, "2021_net40_mean_bp_NONPOSITIVE": 95, "2021_day_R_NONPOSITIVE": 95, "2022_N": 95, "2022_DATES": 95, "2022_net40_R_NONPOSITIVE": 95, "2022_net40_mean_bp_NONPOSITIVE": 95, "2022_day_R_NONPOSITIVE": 95, "2023_N": 95, "2023_DATES": 95, "2023_net40_R_NONPOSITIVE": 95, "2023_net40_mean_bp_NONPOSITIVE": 95, "2023_day_R_NONPOSITIVE": 95}, "note": "Frozen breakout level and closed retest experiment. Overlapping diagnostics are not executable account growth."}
2026-10-08T10:05:50.5564333Z ok
2026-10-08T10:05:50.8069142Z test_empty_preserves_all96_zero_cells (test_breakout_level_retest_v13.SelectionSourceTests.test_empty_preserves_all96_zero_cells) ... V13_RETEST_SELECT {"status": "NO_DEVELOPMENT_POLICY_SURVIVOR", "cells_examined": 96, "selected": [], "policies": [], "union_name": "BREAKOUT_LEVEL_RETEST_UNION", "source_context_sha256": "91835c8f0b86a06046841c757e76202fc5e0b602e5b17bc471966e49ab762c95", "source_symbols": 16, "economic_surviving_cells": 0, "rejection_counts": {"N_LT_300": 96, "SYMBOLS_LT_10": 96, "TOP_SYMBOL_GT_30PCT": 96, "NET40_MEAN_BP_NONPOSITIVE": 96, "NET40_R_MEAN_NONPOSITIVE": 96, "2021_N": 96, "2021_DATES": 96, "2021_net40_R_NONPOSITIVE": 96, "2021_net40_mean_bp_NONPOSITIVE": 96, "2021_day_R_NONPOSITIVE": 96, "2022_N": 96, "2022_DATES": 96, "2022_net40_R_NONPOSITIVE": 96, "2022_net40_mean_bp_NONPOSITIVE": 96, "2022_day_R_NONPOSITIVE": 96, "2023_N": 96, "2023_DATES": 96, "2023_net40_R_NONPOSITIVE": 96, "2023_net40_mean_bp_NONPOSITIVE": 96, "2023_day_R_NONPOSITIVE": 96}, "note": "Frozen breakout level and closed retest experiment. Overlapping diagnostics are not executable account growth."}
2026-10-08T10:05:50.8098377Z ok
2026-10-08T10:05:50.9676830Z test_incomplete_duplicate_or_tampered_shards_fail_closed (test_breakout_level_retest_v13.SelectionSourceTests.test_incomplete_duplicate_or_tampered_shards_fail_closed) ... ok
2026-10-08T10:05:51.2348912Z test_negative_or_clustered_active_dates_fail (test_breakout_level_retest_v13.SelectionSourceTests.test_negative_or_clustered_active_dates_fail) ... V13_RETEST_SELECT {"status": "NO_DEVELOPMENT_POLICY_SURVIVOR", "cells_examined": 96, "selected": [], "policies": [], "union_name": "BREAKOUT_LEVEL_RETEST_UNION", "source_context_sha256": "91835c8f0b86a06046841c757e76202fc5e0b602e5b17bc471966e49ab762c95", "source_symbols": 16, "economic_surviving_cells": 0, "rejection_counts": {"TOP_SYMBOL_GT_30PCT": 96, "NET40_MEAN_BP_NONPOSITIVE": 96, "2021_net40_mean_bp_NONPOSITIVE": 96, "2022_net40_mean_bp_NONPOSITIVE": 96, "2023_net40_mean_bp_NONPOSITIVE": 96, "N_LT_300": 95, "SYMBOLS_LT_10": 95, "NET40_R_MEAN_NONPOSITIVE": 95, "2021_N": 95, "2021_DATES": 95, "2021_net40_R_NONPOSITIVE": 95, "2021_day_R_NONPOSITIVE": 95, "2022_N": 95, "2022_DATES": 95, "2022_net40_R_NONPOSITIVE": 95, "2022_day_R_NONPOSITIVE": 95, "2023_N": 95, "2023_DATES": 95, "2023_net40_R_NONPOSITIVE": 95, "2023_day_R_NONPOSITIVE": 95}, "note": "Frozen breakout level and closed retest experiment. Overlapping diagnostics are not executable account growth."}
2026-10-08T10:05:51.5041484Z V13_RETEST_SELECT {"status": "NO_DEVELOPMENT_POLICY_SURVIVOR", "cells_examined": 96, "selected": [], "policies": [], "union_name": "BREAKOUT_LEVEL_RETEST_UNION", "source_context_sha256": "91835c8f0b86a06046841c757e76202fc5e0b602e5b17bc471966e49ab762c95", "source_symbols": 16, "economic_surviving_cells": 0, "rejection_counts": {"NET40_R_MEAN_NONPOSITIVE": 96, "2021_net40_R_NONPOSITIVE": 96, "2021_day_R_NONPOSITIVE": 96, "2022_net40_R_NONPOSITIVE": 96, "2022_day_R_NONPOSITIVE": 96, "2023_net40_R_NONPOSITIVE": 96, "2023_day_R_NONPOSITIVE": 96, "N_LT_300": 95, "SYMBOLS_LT_10": 95, "TOP_SYMBOL_GT_30PCT": 95, "NET40_MEAN_BP_NONPOSITIVE": 95, "2021_N": 95, "2021_DATES": 95, "2021_net40_mean_bp_NONPOSITIVE": 95, "2022_N": 95, "2022_DATES": 95, "2022_net40_mean_bp_NONPOSITIVE": 95, "2023_N": 95, "2023_DATES": 95, "2023_net40_mean_bp_NONPOSITIVE": 95}, "note": "Frozen breakout level and closed retest experiment. Overlapping diagnostics are not executable account growth."}
2026-10-08T10:05:51.7722255Z V13_RETEST_SELECT {"status": "NO_DEVELOPMENT_POLICY_SURVIVOR", "cells_examined": 96, "selected": [], "policies": [], "union_name": "BREAKOUT_LEVEL_RETEST_UNION", "source_context_sha256": "91835c8f0b86a06046841c757e76202fc5e0b602e5b17bc471966e49ab762c95", "source_symbols": 16, "economic_surviving_cells": 0, "rejection_counts": {"2021_DATES": 96, "2022_DATES": 96, "2023_DATES": 96, "N_LT_300": 95, "SYMBOLS_LT_10": 95, "TOP_SYMBOL_GT_30PCT": 95, "NET40_MEAN_BP_NONPOSITIVE": 95, "NET40_R_MEAN_NONPOSITIVE": 95, "2021_N": 95, "2021_net40_R_NONPOSITIVE": 95, "2021_net40_mean_bp_NONPOSITIVE": 95, "2021_day_R_NONPOSITIVE": 95, "2022_N": 95, "2022_net40_R_NONPOSITIVE": 95, "2022_net40_mean_bp_NONPOSITIVE": 95, "2022_day_R_NONPOSITIVE": 95, "2023_N": 95, "2023_net40_R_NONPOSITIVE": 95, "2023_net40_mean_bp_NONPOSITIVE": 95, "2023_day_R_NONPOSITIVE": 95}, "note": "Frozen breakout level and closed retest experiment. Overlapping diagnostics are not executable account growth."}
2026-10-08T10:05:51.7741812Z ok
2026-10-08T10:05:51.7749906Z test_real_frozen_catalogue_has856_and256_hashes (test_breakout_level_retest_v13.SelectionSourceTests.test_real_frozen_catalogue_has856_and256_hashes) ... ok
2026-10-08T10:05:51.7767996Z test_source_verifier_rejects_market_btc_and_catalogue_changes (test_breakout_level_retest_v13.SelectionSourceTests.test_source_verifier_rejects_market_btc_and_catalogue_changes) ... ok
2026-10-08T10:05:52.5476316Z test_synthetic_eight_file_shard_pipeline (test_breakout_level_retest_v13.SelectionSourceTests.test_synthetic_eight_file_shard_pipeline) ... V13_RETEST_SCAN DEV 1 / 1 parameterized_outcomes 0
2026-10-08T10:05:52.5507722Z V13_RETEST_SCAN_DONE DEV 0 chronology_exclusions 0
2026-10-08T10:05:52.5813336Z V13_RETEST_SCAN DEV 1 / 1 parameterized_outcomes 0
2026-10-08T10:05:52.5845429Z V13_RETEST_SCAN_DONE DEV 0 chronology_exclusions 0
2026-10-08T10:05:52.6153399Z V13_RETEST_SCAN DEV 1 / 1 parameterized_outcomes 0
2026-10-08T10:05:52.6185018Z V13_RETEST_SCAN_DONE DEV 0 chronology_exclusions 0
2026-10-08T10:05:52.6494811Z V13_RETEST_SCAN DEV 1 / 1 parameterized_outcomes 0
2026-10-08T10:05:52.6526409Z V13_RETEST_SCAN_DONE DEV 0 chronology_exclusions 0
2026-10-08T10:05:52.6837115Z V13_RETEST_SCAN DEV 1 / 1 parameterized_outcomes 0
2026-10-08T10:05:52.6868648Z V13_RETEST_SCAN_DONE DEV 0 chronology_exclusions 0
2026-10-08T10:05:52.7179630Z V13_RETEST_SCAN DEV 1 / 1 parameterized_outcomes 0
2026-10-08T10:05:52.7211744Z V13_RETEST_SCAN_DONE DEV 0 chronology_exclusions 0
2026-10-08T10:05:52.7521814Z V13_RETEST_SCAN DEV 1 / 1 parameterized_outcomes 0
2026-10-08T10:05:52.7553203Z V13_RETEST_SCAN_DONE DEV 0 chronology_exclusions 0
2026-10-08T10:05:52.7858921Z V13_RETEST_SCAN DEV 1 / 1 parameterized_outcomes 0
2026-10-08T10:05:52.7889493Z V13_RETEST_SCAN_DONE DEV 0 chronology_exclusions 0
2026-10-08T10:05:53.0263583Z V13_RETEST_SELECT {"status": "NO_DEVELOPMENT_POLICY_SURVIVOR", "cells_examined": 96, "selected": [], "policies": [], "union_name": "BREAKOUT_LEVEL_RETEST_UNION", "source_context_sha256": "17805a29cda4998d3a815ac110248574fbe3f2a558f4077cf27a0c8f9a68834b", "source_symbols": 8, "economic_surviving_cells": 0, "rejection_counts": {"N_LT_300": 96, "SYMBOLS_LT_10": 96, "TOP_SYMBOL_GT_30PCT": 96, "NET40_MEAN_BP_NONPOSITIVE": 96, "NET40_R_MEAN_NONPOSITIVE": 96, "2021_N": 96, "2021_DATES": 96, "2021_net40_R_NONPOSITIVE": 96, "2021_net40_mean_bp_NONPOSITIVE": 96, "2021_day_R_NONPOSITIVE": 96, "2022_N": 96, "2022_DATES": 96, "2022_net40_R_NONPOSITIVE": 96, "2022_net40_mean_bp_NONPOSITIVE": 96, "2022_day_R_NONPOSITIVE": 96, "2023_N": 96, "2023_DATES": 96, "2023_net40_R_NONPOSITIVE": 96, "2023_net40_mean_bp_NONPOSITIVE": 96, "2023_day_R_NONPOSITIVE": 96}, "note": "Frozen breakout level and closed retest experiment. Overlapping diagnostics are not executable account growth."}
2026-10-08T10:05:53.0281899Z V13_SYNTHETIC_PIPELINE_PASS {"synthetic_only": true, "scans": 8, "all96_cells_preserved": true, "market_profitability_claim": false}
2026-10-08T10:05:53.0349703Z ok
2026-10-08T10:05:53.0359593Z test_breakout_guards_are_checked_before_state_creation (test_breakout_level_retest_v13.SnapshotTests.test_breakout_guards_are_checked_before_state_creation) ... ok
2026-10-08T10:05:53.0363090Z test_failed_close_cancels_before_retest (test_breakout_level_retest_v13.SnapshotTests.test_failed_close_cancels_before_retest) ... ok
2026-10-08T10:05:53.0366866Z test_first_retest_consumes_snapshot_and_invalid_fill_cannot_retry (test_breakout_level_retest_v13.SnapshotTests.test_first_retest_consumes_snapshot_and_invalid_fill_cannot_retry) ... ok
2026-10-08T10:05:53.0371210Z test_lowvolume_arithmetic_mean_excludes_breakout_and_uses_frozen_baseline (test_breakout_level_retest_v13.SnapshotTests.test_lowvolume_arithmetic_mean_excludes_breakout_and_uses_frozen_baseline) ... ok
2026-10-08T10:05:53.0375114Z test_maximum_wait_is_inclusive_and_expired_snapshot_cannot_signal (test_breakout_level_retest_v13.SnapshotTests.test_maximum_wait_is_inclusive_and_expired_snapshot_cannot_signal) ... ok
2026-10-08T10:05:53.0380358Z test_mirrored_sides_and_minimum_wait (test_breakout_level_retest_v13.SnapshotTests.test_mirrored_sides_and_minimum_wait) ... ok
2026-10-08T10:05:53.0392803Z test_retest_touch_recovery_body_clv_and_market_guards (test_breakout_level_retest_v13.SnapshotTests.test_retest_touch_recovery_body_clv_and_market_guards) ... ok
2026-10-08T10:05:53.0395783Z test_snapshot_ignores_new_breakout_and_keeps_original_level_atr_baseline (test_breakout_level_retest_v13.SnapshotTests.test_snapshot_ignores_new_breakout_and_keeps_original_level_atr_baseline) ... ok
2026-10-08T10:05:53.0397956Z test_source_gap_clears_snapshot (test_breakout_level_retest_v13.SnapshotTests.test_source_gap_clears_snapshot) ... ok
2026-10-08T10:05:53.0399592Z test_unknown_participation_fails_closed (test_breakout_level_retest_v13.SnapshotTests.test_unknown_participation_fails_closed) ... ok
2026-10-08T10:05:53.0409813Z test_canonical_gap_return_not_changed_by_retention (test_taker_absorption_release_v12.FailedOriginalTests.test_canonical_gap_return_not_changed_by_retention) ... ok
2026-10-08T10:05:53.0418195Z test_malformed_bytes_retained_without_inventing_validity (test_taker_absorption_release_v12.FailedOriginalTests.test_malformed_bytes_retained_without_inventing_validity) ... ok
2026-10-08T10:05:53.0435774Z test_tamper_failed_zip_and_checksum_rejected_with_bytes_saved (test_taker_absorption_release_v12.FailedOriginalTests.test_tamper_failed_zip_and_checksum_rejected_with_bytes_saved) ... ok
2026-10-08T10:05:53.0437695Z test_exact_btc_alignment_missing_prior_never_filled (test_taker_absorption_release_v12.FeatureTests.test_exact_btc_alignment_missing_prior_never_filled) ... ok
2026-10-08T10:05:53.0653801Z test_future_mutation_does_not_change_features_or_existing_intents (test_taker_absorption_release_v12.FeatureTests.test_future_mutation_does_not_change_features_or_existing_intents) ... ok
2026-10-08T10:05:53.0804117Z test_gap_restarts_setup_and_pre_setup_volume (test_taker_absorption_release_v12.FeatureTests.test_gap_restarts_setup_and_pre_setup_volume) ... ok
2026-10-08T10:05:53.0810287Z test_grid_sixteen_entries_ninety_six_policies (test_taker_absorption_release_v12.FeatureTests.test_grid_sixteen_entries_ninety_six_policies) ... ok
2026-10-08T10:05:53.0895754Z test_independent_setup_window_volume_weighting_and_cutoffs (test_taker_absorption_release_v12.FeatureTests.test_independent_setup_window_volume_weighting_and_cutoffs) ... ok
2026-10-08T10:05:53.1062512Z test_release_bar_cannot_change_its_setup_or_prior_atr (test_taker_absorption_release_v12.FeatureTests.test_release_bar_cannot_change_its_setup_or_prior_atr) ... ok
2026-10-08T10:05:53.3792489Z test_all96_including_zero_and_frozen_selection (test_taker_absorption_release_v12.SelectionSourceTests.test_all96_including_zero_and_frozen_selection) ... V12_ABSORPTION_SELECT {"status": "ACCOUNT_REPLAY_REQUIRED", "cells_examined": 96, "selected": [{"key": "ABSORB_S+1_W4_Q60_PRICE_ONLY", "side": 1, "window": 4, "share": 0.6, "flow": "PRICE_ONLY", "hold": 16, "exit_type": "TP2", "policy": "ABSORB_S+1_W4_Q60_PRICE_ONLY__H16__TP2", "development_net40_R": 0.5, "development_worst_year_day_R": 0.5}], "policies": [{"key": "ABSORB_S+1_W4_Q60_PRICE_ONLY", "side": 1, "window": 4, "share": 0.6, "flow": "PRICE_ONLY", "hold": 16, "exit_type": "TP2", "policy": "ABSORB_S+1_W4_Q60_PRICE_ONLY__H16__TP2", "development_net40_R": 0.5, "development_worst_year_day_R": 0.5}], "union_name": "TAKER_ABSORPTION_RELEASE_UNION", "source_context_sha256": "91835c8f0b86a06046841c757e76202fc5e0b602e5b17bc471966e49ab762c95", "source_symbols": 16, "economic_surviving_cells": 1, "rejection_counts": {"N_LT_300": 95, "SYMBOLS_LT_10": 95, "TOP_SYMBOL_GT_30PCT": 95, "NET40_MEAN_BP_NONPOSITIVE": 95, "NET40_R_MEAN_NONPOSITIVE": 95, "2021_N": 95, "2021_DATES": 95, "2021_net40_R_NONPOSITIVE": 95, "2021_net40_mean_bp_NONPOSITIVE": 95, "2021_day_R_NONPOSITIVE": 95, "2022_N": 95, "2022_DATES": 95, "2022_net40_R_NONPOSITIVE": 95, "2022_net40_mean_bp_NONPOSITIVE": 95, "2022_day_R_NONPOSITIVE": 95, "2023_N": 95, "2023_DATES": 95, "2023_net40_R_NONPOSITIVE": 95, "2023_net40_mean_bp_NONPOSITIVE": 95, "2023_day_R_NONPOSITIVE": 95}, "note": "Executed-flow versus price-response absorption-release experiment. Overlapping diagnostics are not executable account growth."}
2026-10-08T10:05:53.3828000Z ok
2026-10-08T10:05:53.6353764Z test_empty_preserves_all96_zero_cells (test_taker_absorption_release_v12.SelectionSourceTests.test_empty_preserves_all96_zero_cells) ... V12_ABSORPTION_SELECT {"status": "NO_DEVELOPMENT_POLICY_SURVIVOR", "cells_examined": 96, "selected": [], "policies": [], "union_name": "TAKER_ABSORPTION_RELEASE_UNION", "source_context_sha256": "91835c8f0b86a06046841c757e76202fc5e0b602e5b17bc471966e49ab762c95", "source_symbols": 16, "economic_surviving_cells": 0, "rejection_counts": {"N_LT_300": 96, "SYMBOLS_LT_10": 96, "TOP_SYMBOL_GT_30PCT": 96, "NET40_MEAN_BP_NONPOSITIVE": 96, "NET40_R_MEAN_NONPOSITIVE": 96, "2021_N": 96, "2021_DATES": 96, "2021_net40_R_NONPOSITIVE": 96, "2021_net40_mean_bp_NONPOSITIVE": 96, "2021_day_R_NONPOSITIVE": 96, "2022_N": 96, "2022_DATES": 96, "2022_net40_R_NONPOSITIVE": 96, "2022_net40_mean_bp_NONPOSITIVE": 96, "2022_day_R_NONPOSITIVE": 96, "2023_N": 96, "2023_DATES": 96, "2023_net40_R_NONPOSITIVE": 96, "2023_net40_mean_bp_NONPOSITIVE": 96, "2023_day_R_NONPOSITIVE": 96}, "note": "Executed-flow versus price-response absorption-release experiment. Overlapping diagnostics are not executable account growth."}
2026-10-08T10:05:53.6385369Z ok
2026-10-08T10:05:53.8013363Z test_incomplete_duplicate_or_tampered_shards_fail_closed (test_taker_absorption_release_v12.SelectionSourceTests.test_incomplete_duplicate_or_tampered_shards_fail_closed) ... ok
2026-10-08T10:05:54.0879284Z test_negative_or_clustered_active_dates_fail (test_taker_absorption_release_v12.SelectionSourceTests.test_negative_or_clustered_active_dates_fail) ... V12_ABSORPTION_SELECT {"status": "NO_DEVELOPMENT_POLICY_SURVIVOR", "cells_examined": 96, "selected": [], "policies": [], "union_name": "TAKER_ABSORPTION_RELEASE_UNION", "source_context_sha256": "91835c8f0b86a06046841c757e76202fc5e0b602e5b17bc471966e49ab762c95", "source_symbols": 16, "economic_surviving_cells": 0, "rejection_counts": {"TOP_SYMBOL_GT_30PCT": 96, "NET40_MEAN_BP_NONPOSITIVE": 96, "2021_net40_mean_bp_NONPOSITIVE": 96, "2022_net40_mean_bp_NONPOSITIVE": 96, "2023_net40_mean_bp_NONPOSITIVE": 96, "N_LT_300": 95, "SYMBOLS_LT_10": 95, "NET40_R_MEAN_NONPOSITIVE": 95, "2021_N": 95, "2021_DATES": 95, "2021_net40_R_NONPOSITIVE": 95, "2021_day_R_NONPOSITIVE": 95, "2022_N": 95, "2022_DATES": 95, "2022_net40_R_NONPOSITIVE": 95, "2022_day_R_NONPOSITIVE": 95, "2023_N": 95, "2023_DATES": 95, "2023_net40_R_NONPOSITIVE": 95, "2023_day_R_NONPOSITIVE": 95}, "note": "Executed-flow versus price-response absorption-release experiment. Overlapping diagnostics are not executable account growth."}
2026-10-08T10:05:54.3593801Z V12_ABSORPTION_SELECT {"status": "NO_DEVELOPMENT_POLICY_SURVIVOR", "cells_examined": 96, "selected": [], "policies": [], "union_name": "TAKER_ABSORPTION_RELEASE_UNION", "source_context_sha256": "91835c8f0b86a06046841c757e76202fc5e0b602e5b17bc471966e49ab762c95", "source_symbols": 16, "economic_surviving_cells": 0, "rejection_counts": {"NET40_R_MEAN_NONPOSITIVE": 96, "2021_net40_R_NONPOSITIVE": 96, "2021_day_R_NONPOSITIVE": 96, "2022_net40_R_NONPOSITIVE": 96, "2022_day_R_NONPOSITIVE": 96, "2023_net40_R_NONPOSITIVE": 96, "2023_day_R_NONPOSITIVE": 96, "N_LT_300": 95, "SYMBOLS_LT_10": 95, "TOP_SYMBOL_GT_30PCT": 95, "NET40_MEAN_BP_NONPOSITIVE": 95, "2021_N": 95, "2021_DATES": 95, "2021_net40_mean_bp_NONPOSITIVE": 95, "2022_N": 95, "2022_DATES": 95, "2022_net40_mean_bp_NONPOSITIVE": 95, "2023_N": 95, "2023_DATES": 95, "2023_net40_mean_bp_NONPOSITIVE": 95}, "note": "Executed-flow versus price-response absorption-release experiment. Overlapping diagnostics are not executable account growth."}
2026-10-08T10:05:54.6317752Z V12_ABSORPTION_SELECT {"status": "NO_DEVELOPMENT_POLICY_SURVIVOR", "cells_examined": 96, "selected": [], "policies": [], "union_name": "TAKER_ABSORPTION_RELEASE_UNION", "source_context_sha256": "91835c8f0b86a06046841c757e76202fc5e0b602e5b17bc471966e49ab762c95", "source_symbols": 16, "economic_surviving_cells": 0, "rejection_counts": {"2021_DATES": 96, "2022_DATES": 96, "2023_DATES": 96, "N_LT_300": 95, "SYMBOLS_LT_10": 95, "TOP_SYMBOL_GT_30PCT": 95, "NET40_MEAN_BP_NONPOSITIVE": 95, "NET40_R_MEAN_NONPOSITIVE": 95, "2021_N": 95, "2021_net40_R_NONPOSITIVE": 95, "2021_net40_mean_bp_NONPOSITIVE": 95, "2021_day_R_NONPOSITIVE": 95, "2022_N": 95, "2022_net40_R_NONPOSITIVE": 95, "2022_net40_mean_bp_NONPOSITIVE": 95, "2022_day_R_NONPOSITIVE": 95, "2023_N": 95, "2023_net40_R_NONPOSITIVE": 95, "2023_net40_mean_bp_NONPOSITIVE": 95, "2023_day_R_NONPOSITIVE": 95}, "note": "Executed-flow versus price-response absorption-release experiment. Overlapping diagnostics are not executable account growth."}
2026-10-08T10:05:54.6338721Z ok
2026-10-08T10:05:54.6347361Z test_real_frozen_catalogue_has856_and256_hashes (test_taker_absorption_release_v12.SelectionSourceTests.test_real_frozen_catalogue_has856_and256_hashes) ... ok
2026-10-08T10:05:54.6365372Z test_source_verifier_rejects_market_btc_and_catalogue_changes (test_taker_absorption_release_v12.SelectionSourceTests.test_source_verifier_rejects_market_btc_and_catalogue_changes) ... ok
2026-10-08T10:05:55.4229453Z test_synthetic_eight_file_shard_pipeline (test_taker_absorption_release_v12.SelectionSourceTests.test_synthetic_eight_file_shard_pipeline) ... V12_ABSORPTION_SCAN DEV 1 / 1 parameterized_outcomes 0
2026-10-08T10:05:55.4261994Z V12_ABSORPTION_SCAN_DONE DEV 0 chronology_exclusions 0
2026-10-08T10:05:55.4674511Z V12_ABSORPTION_SCAN DEV 1 / 1 parameterized_outcomes 0
2026-10-08T10:05:55.4708166Z V12_ABSORPTION_SCAN_DONE DEV 0 chronology_exclusions 0
2026-10-08T10:05:55.5122764Z V12_ABSORPTION_SCAN DEV 1 / 1 parameterized_outcomes 0
2026-10-08T10:05:55.5156552Z V12_ABSORPTION_SCAN_DONE DEV 0 chronology_exclusions 0
2026-10-08T10:05:55.5563626Z V12_ABSORPTION_SCAN DEV 1 / 1 parameterized_outcomes 0
2026-10-08T10:05:55.5595869Z V12_ABSORPTION_SCAN_DONE DEV 0 chronology_exclusions 0
2026-10-08T10:05:55.6003611Z V12_ABSORPTION_SCAN DEV 1 / 1 parameterized_outcomes 0
2026-10-08T10:05:55.6036797Z V12_ABSORPTION_SCAN_DONE DEV 0 chronology_exclusions 0
2026-10-08T10:05:55.6444771Z V12_ABSORPTION_SCAN DEV 1 / 1 parameterized_outcomes 0
2026-10-08T10:05:55.6478190Z V12_ABSORPTION_SCAN_DONE DEV 0 chronology_exclusions 0
2026-10-08T10:05:55.6883539Z V12_ABSORPTION_SCAN DEV 1 / 1 parameterized_outcomes 0
2026-10-08T10:05:55.6917495Z V12_ABSORPTION_SCAN_DONE DEV 0 chronology_exclusions 0
2026-10-08T10:05:55.7322669Z V12_ABSORPTION_SCAN DEV 1 / 1 parameterized_outcomes 0
2026-10-08T10:05:55.7355124Z V12_ABSORPTION_SCAN_DONE DEV 0 chronology_exclusions 0
2026-10-08T10:05:55.9792515Z V12_ABSORPTION_SELECT {"status": "NO_DEVELOPMENT_POLICY_SURVIVOR", "cells_examined": 96, "selected": [], "policies": [], "union_name": "TAKER_ABSORPTION_RELEASE_UNION", "source_context_sha256": "f02334503fca8fb6b68b296bb043dc3a4a71c73a022853dc059d588e714cfc86", "source_symbols": 8, "economic_surviving_cells": 0, "rejection_counts": {"N_LT_300": 96, "SYMBOLS_LT_10": 96, "TOP_SYMBOL_GT_30PCT": 96, "NET40_MEAN_BP_NONPOSITIVE": 96, "NET40_R_MEAN_NONPOSITIVE": 96, "2021_N": 96, "2021_DATES": 96, "2021_net40_R_NONPOSITIVE": 96, "2021_net40_mean_bp_NONPOSITIVE": 96, "2021_day_R_NONPOSITIVE": 96, "2022_N": 96, "2022_DATES": 96, "2022_net40_R_NONPOSITIVE": 96, "2022_net40_mean_bp_NONPOSITIVE": 96, "2022_day_R_NONPOSITIVE": 96, "2023_N": 96, "2023_DATES": 96, "2023_net40_R_NONPOSITIVE": 96, "2023_net40_mean_bp_NONPOSITIVE": 96, "2023_day_R_NONPOSITIVE": 96}, "note": "Executed-flow versus price-response absorption-release experiment. Overlapping diagnostics are not executable account growth."}
2026-10-08T10:05:55.9811568Z V12_SYNTHETIC_PIPELINE_PASS {"synthetic_only": true, "scans": 8, "all96_cells_preserved": true, "market_profitability_claim": false}
2026-10-08T10:05:55.9877421Z ok
2026-10-08T10:05:55.9890328Z test_actual_minute_entry_mismatch_and_gap_are_excluded (test_taker_absorption_release_v12.SignalExitTests.test_actual_minute_entry_mismatch_and_gap_are_excluded) ... ok
2026-10-08T10:05:55.9918270Z test_actual_one_minute_entry_tp_and_established_collision_order (test_taker_absorption_release_v12.SignalExitTests.test_actual_one_minute_entry_tp_and_established_collision_order) ... ok
2026-10-08T10:05:55.9930510Z test_authoritative_exclusions_remain_excluded (test_taker_absorption_release_v12.SignalExitTests.test_authoritative_exclusions_remain_excluded) ... ok
2026-10-08T10:05:55.9941246Z test_both_sides_and_confirmation_modes_release_against_setup_flow (test_taker_absorption_release_v12.SignalExitTests.test_both_sides_and_confirmation_modes_release_against_setup_flow) ... ok
2026-10-08T10:05:55.9949601Z test_favorable_gap_wrong_side_wide_stop_and_path_exclusions (test_taker_absorption_release_v12.SignalExitTests.test_favorable_gap_wrong_side_wide_stop_and_path_exclusions) ... ok
2026-10-08T10:05:55.9955498Z test_next_open_structural_stop_actual_risk_and_priority (test_taker_absorption_release_v12.SignalExitTests.test_next_open_structural_stop_actual_risk_and_priority) ... ok
2026-10-08T10:05:55.9961552Z test_release_current_flow_is_separate_and_optional (test_taker_absorption_release_v12.SignalExitTests.test_release_current_flow_is_separate_and_optional) ... ok
2026-10-08T10:05:55.9980835Z test_setup_volume_flatness_persistence_and_release_are_required (test_taker_absorption_release_v12.SignalExitTests.test_setup_volume_flatness_persistence_and_release_are_required) ... ok
2026-10-08T10:05:55.9984417Z test_stop_floor_and_cooldown_independent_of_exit (test_taker_absorption_release_v12.SignalExitTests.test_stop_floor_and_cooldown_independent_of_exit) ... ok
2026-10-08T10:05:55.9995793Z test_tp_two_three_trail_shared_resolver_and_independent_net (test_taker_absorption_release_v12.SignalExitTests.test_tp_two_three_trail_shared_resolver_and_independent_net) ... ok
2026-10-08T10:05:56.0090108Z test_breakout_atr_and_prior_flow_exclude_current (test_aggressive_flow_cascade_v11.FeatureTests.test_breakout_atr_and_prior_flow_exclude_current) ... ok
2026-10-08T10:05:56.0166902Z test_coin_gap_restarts_every_prior_window (test_aggressive_flow_cascade_v11.FeatureTests.test_coin_gap_restarts_every_prior_window) ... ok
2026-10-08T10:05:56.0169358Z test_exact_btc_alignment_never_interpolates (test_aggressive_flow_cascade_v11.FeatureTests.test_exact_btc_alignment_never_interpolates) ... ok
2026-10-08T10:05:56.0284013Z test_future_mutation_cannot_change_earlier_features (test_aggressive_flow_cascade_v11.FeatureTests.test_future_mutation_cannot_change_earlier_features) ... ok
2026-10-08T10:05:56.0290226Z test_grid_is_sixteen_by_two_by_three (test_aggressive_flow_cascade_v11.FeatureTests.test_grid_is_sixteen_by_two_by_three) ... ok
2026-10-08T10:05:56.2930918Z test_all96_including_zero_and_frozen_selection (test_aggressive_flow_cascade_v11.SelectionSourceTests.test_all96_including_zero_and_frozen_selection) ... V11_CASCADE_SELECT {"status": "ACCOUNT_REPLAY_REQUIRED", "cells_examined": 96, "selected": [{"key": "CASCADE_S+1_T15_B16_CURRENT65", "side": 1, "threshold": 0.015, "lookback": 16, "flow": "CURRENT65", "hold": 8, "exit_type": "TP15", "policy": "CASCADE_S+1_T15_B16_CURRENT65__H8__TP15", "development_net40_R": 0.5, "development_worst_year_day_R": 0.5}], "policies": [{"key": "CASCADE_S+1_T15_B16_CURRENT65", "side": 1, "threshold": 0.015, "lookback": 16, "flow": "CURRENT65", "hold": 8, "exit_type": "TP15", "policy": "CASCADE_S+1_T15_B16_CURRENT65__H8__TP15", "development_net40_R": 0.5, "development_worst_year_day_R": 0.5}], "union_name": "AGGRESSIVE_FLOW_CASCADE_UNION", "source_context_sha256": "91835c8f0b86a06046841c757e76202fc5e0b602e5b17bc471966e49ab762c95", "source_symbols": 16, "economic_surviving_cells": 1, "rejection_counts": {"N_LT_300": 95, "SYMBOLS_LT_10": 95, "TOP_SYMBOL_GT_30PCT": 95, "NET40_MEAN_BP_NONPOSITIVE": 95, "NET40_R_MEAN_NONPOSITIVE": 95, "2021_N": 95, "2021_DATES": 95, "2021_net40_R_NONPOSITIVE": 95, "2021_net40_mean_bp_NONPOSITIVE": 95, "2021_day_R_NONPOSITIVE": 95, "2022_N": 95, "2022_DATES": 95, "2022_net40_R_NONPOSITIVE": 95, "2022_net40_mean_bp_NONPOSITIVE": 95, "2022_day_R_NONPOSITIVE": 95, "2023_N": 95, "2023_DATES": 95, "2023_net40_R_NONPOSITIVE": 95, "2023_net40_mean_bp_NONPOSITIVE": 95, "2023_day_R_NONPOSITIVE": 95}, "note": "Short-horizon aggressive-flow continuation experiment. Overlapping diagnostics are not executable account growth."}
2026-10-08T10:05:56.2965488Z ok
2026-10-08T10:05:56.5413963Z test_empty_preserves_all96_zero_cells (test_aggressive_flow_cascade_v11.SelectionSourceTests.test_empty_preserves_all96_zero_cells) ... V11_CASCADE_SELECT {"status": "NO_DEVELOPMENT_POLICY_SURVIVOR", "cells_examined": 96, "selected": [], "policies": [], "union_name": "AGGRESSIVE_FLOW_CASCADE_UNION", "source_context_sha256": "91835c8f0b86a06046841c757e76202fc5e0b602e5b17bc471966e49ab762c95", "source_symbols": 16, "economic_surviving_cells": 0, "rejection_counts": {"N_LT_300": 96, "SYMBOLS_LT_10": 96, "TOP_SYMBOL_GT_30PCT": 96, "NET40_MEAN_BP_NONPOSITIVE": 96, "NET40_R_MEAN_NONPOSITIVE": 96, "2021_N": 96, "2021_DATES": 96, "2021_net40_R_NONPOSITIVE": 96, "2021_net40_mean_bp_NONPOSITIVE": 96, "2021_day_R_NONPOSITIVE": 96, "2022_N": 96, "2022_DATES": 96, "2022_net40_R_NONPOSITIVE": 96, "2022_net40_mean_bp_NONPOSITIVE": 96, "2022_day_R_NONPOSITIVE": 96, "2023_N": 96, "2023_DATES": 96, "2023_net40_R_NONPOSITIVE": 96, "2023_net40_mean_bp_NONPOSITIVE": 96, "2023_day_R_NONPOSITIVE": 96}, "note": "Short-horizon aggressive-flow continuation experiment. Overlapping diagnostics are not executable account growth."}
2026-10-08T10:05:56.5449565Z ok
2026-10-08T10:05:56.6932093Z test_incomplete_duplicate_or_tampered_shards_fail_closed (test_aggressive_flow_cascade_v11.SelectionSourceTests.test_incomplete_duplicate_or_tampered_shards_fail_closed) ... ok
2026-10-08T10:05:56.9717948Z test_negative_or_clustered_active_dates_fail (test_aggressive_flow_cascade_v11.SelectionSourceTests.test_negative_or_clustered_active_dates_fail) ... V11_CASCADE_SELECT {"status": "NO_DEVELOPMENT_POLICY_SURVIVOR", "cells_examined": 96, "selected": [], "policies": [], "union_name": "AGGRESSIVE_FLOW_CASCADE_UNION", "source_context_sha256": "91835c8f0b86a06046841c757e76202fc5e0b602e5b17bc471966e49ab762c95", "source_symbols": 16, "economic_surviving_cells": 0, "rejection_counts": {"TOP_SYMBOL_GT_30PCT": 96, "NET40_MEAN_BP_NONPOSITIVE": 96, "2021_net40_mean_bp_NONPOSITIVE": 96, "2022_net40_mean_bp_NONPOSITIVE": 96, "2023_net40_mean_bp_NONPOSITIVE": 96, "N_LT_300": 95, "SYMBOLS_LT_10": 95, "NET40_R_MEAN_NONPOSITIVE": 95, "2021_N": 95, "2021_DATES": 95, "2021_net40_R_NONPOSITIVE": 95, "2021_day_R_NONPOSITIVE": 95, "2022_N": 95, "2022_DATES": 95, "2022_net40_R_NONPOSITIVE": 95, "2022_day_R_NONPOSITIVE": 95, "2023_N": 95, "2023_DATES": 95, "2023_net40_R_NONPOSITIVE": 95, "2023_day_R_NONPOSITIVE": 95}, "note": "Short-horizon aggressive-flow continuation experiment. Overlapping diagnostics are not executable account growth."}
2026-10-08T10:05:57.2353404Z V11_CASCADE_SELECT {"status": "NO_DEVELOPMENT_POLICY_SURVIVOR", "cells_examined": 96, "selected": [], "policies": [], "union_name": "AGGRESSIVE_FLOW_CASCADE_UNION", "source_context_sha256": "91835c8f0b86a06046841c757e76202fc5e0b602e5b17bc471966e49ab762c95", "source_symbols": 16, "economic_surviving_cells": 0, "rejection_counts": {"NET40_R_MEAN_NONPOSITIVE": 96, "2021_net40_R_NONPOSITIVE": 96, "2021_day_R_NONPOSITIVE": 96, "2022_net40_R_NONPOSITIVE": 96, "2022_day_R_NONPOSITIVE": 96, "2023_net40_R_NONPOSITIVE": 96, "2023_day_R_NONPOSITIVE": 96, "N_LT_300": 95, "SYMBOLS_LT_10": 95, "TOP_SYMBOL_GT_30PCT": 95, "NET40_MEAN_BP_NONPOSITIVE": 95, "2021_N": 95, "2021_DATES": 95, "2021_net40_mean_bp_NONPOSITIVE": 95, "2022_N": 95, "2022_DATES": 95, "2022_net40_mean_bp_NONPOSITIVE": 95, "2023_N": 95, "2023_DATES": 95, "2023_net40_mean_bp_NONPOSITIVE": 95}, "note": "Short-horizon aggressive-flow continuation experiment. Overlapping diagnostics are not executable account growth."}
2026-10-08T10:05:57.4969689Z V11_CASCADE_SELECT {"status": "NO_DEVELOPMENT_POLICY_SURVIVOR", "cells_examined": 96, "selected": [], "policies": [], "union_name": "AGGRESSIVE_FLOW_CASCADE_UNION", "source_context_sha256": "91835c8f0b86a06046841c757e76202fc5e0b602e5b17bc471966e49ab762c95", "source_symbols": 16, "economic_surviving_cells": 0, "rejection_counts": {"2021_DATES": 96, "2022_DATES": 96, "2023_DATES": 96, "N_LT_300": 95, "SYMBOLS_LT_10": 95, "TOP_SYMBOL_GT_30PCT": 95, "NET40_MEAN_BP_NONPOSITIVE": 95, "NET40_R_MEAN_NONPOSITIVE": 95, "2021_N": 95, "2021_net40_R_NONPOSITIVE": 95, "2021_net40_mean_bp_NONPOSITIVE": 95, "2021_day_R_NONPOSITIVE": 95, "2022_N": 95, "2022_net40_R_NONPOSITIVE": 95, "2022_net40_mean_bp_NONPOSITIVE": 95, "2022_day_R_NONPOSITIVE": 95, "2023_N": 95, "2023_net40_R_NONPOSITIVE": 95, "2023_net40_mean_bp_NONPOSITIVE": 95, "2023_day_R_NONPOSITIVE": 95}, "note": "Short-horizon aggressive-flow continuation experiment. Overlapping diagnostics are not executable account growth."}
2026-10-08T10:05:57.4990179Z ok
2026-10-08T10:05:57.4998261Z test_real_frozen_catalogue_has856_and256_hashes (test_aggressive_flow_cascade_v11.SelectionSourceTests.test_real_frozen_catalogue_has856_and256_hashes) ... ok
2026-10-08T10:05:57.5016494Z test_source_verifier_rejects_market_btc_and_catalogue_changes (test_aggressive_flow_cascade_v11.SelectionSourceTests.test_source_verifier_rejects_market_btc_and_catalogue_changes) ... ok
2026-10-08T10:05:58.2776470Z test_synthetic_eight_file_shard_pipeline (test_aggressive_flow_cascade_v11.SelectionSourceTests.test_synthetic_eight_file_shard_pipeline) ... V11_CASCADE_SCAN DEV 1 / 1 parameterized_outcomes 0
2026-10-08T10:05:58.2808352Z V11_CASCADE_SCAN_DONE DEV 0 chronology_exclusions 0
2026-10-08T10:05:58.3149183Z V11_CASCADE_SCAN DEV 1 / 1 parameterized_outcomes 0
2026-10-08T10:05:58.3180156Z V11_CASCADE_SCAN_DONE DEV 0 chronology_exclusions 0
2026-10-08T10:05:58.3524515Z V11_CASCADE_SCAN DEV 1 / 1 parameterized_outcomes 0
2026-10-08T10:05:58.3555171Z V11_CASCADE_SCAN_DONE DEV 0 chronology_exclusions 0
2026-10-08T10:05:58.3903966Z V11_CASCADE_SCAN DEV 1 / 1 parameterized_outcomes 0
2026-10-08T10:05:58.3934494Z V11_CASCADE_SCAN_DONE DEV 0 chronology_exclusions 0
2026-10-08T10:05:58.4279310Z V11_CASCADE_SCAN DEV 1 / 1 parameterized_outcomes 0
2026-10-08T10:05:58.4309995Z V11_CASCADE_SCAN_DONE DEV 0 chronology_exclusions 0
2026-10-08T10:05:58.4656688Z V11_CASCADE_SCAN DEV 1 / 1 parameterized_outcomes 0
2026-10-08T10:05:58.4687646Z V11_CASCADE_SCAN_DONE DEV 0 chronology_exclusions 0
2026-10-08T10:05:58.5029937Z V11_CASCADE_SCAN DEV 1 / 1 parameterized_outcomes 0
2026-10-08T10:05:58.5060814Z V11_CASCADE_SCAN_DONE DEV 0 chronology_exclusions 0
2026-10-08T10:05:58.5414232Z V11_CASCADE_SCAN DEV 1 / 1 parameterized_outcomes 0
2026-10-08T10:05:58.5444642Z V11_CASCADE_SCAN_DONE DEV 0 chronology_exclusions 0
2026-10-08T10:05:58.7770483Z V11_CASCADE_SELECT {"status": "NO_DEVELOPMENT_POLICY_SURVIVOR", "cells_examined": 96, "selected": [], "policies": [], "union_name": "AGGRESSIVE_FLOW_CASCADE_UNION", "source_context_sha256": "5d39350996967d71cbced91f5b51387681128d7ac8f7fc88ca330126b21a91b0", "source_symbols": 8, "economic_surviving_cells": 0, "rejection_counts": {"N_LT_300": 96, "SYMBOLS_LT_10": 96, "TOP_SYMBOL_GT_30PCT": 96, "NET40_MEAN_BP_NONPOSITIVE": 96, "NET40_R_MEAN_NONPOSITIVE": 96, "2021_N": 96, "2021_DATES": 96, "2021_net40_R_NONPOSITIVE": 96, "2021_net40_mean_bp_NONPOSITIVE": 96, "2021_day_R_NONPOSITIVE": 96, "2022_N": 96, "2022_DATES": 96, "2022_net40_R_NONPOSITIVE": 96, "2022_net40_mean_bp_NONPOSITIVE": 96, "2022_day_R_NONPOSITIVE": 96, "2023_N": 96, "2023_DATES": 96, "2023_net40_R_NONPOSITIVE": 96, "2023_net40_mean_bp_NONPOSITIVE": 96, "2023_day_R_NONPOSITIVE": 96}, "note": "Short-horizon aggressive-flow continuation experiment. Overlapping diagnostics are not executable account growth."}
2026-10-08T10:05:58.7791687Z V11_SYNTHETIC_PIPELINE_PASS {"synthetic_only": true, "scans": 8, "all96_cells_preserved": true, "market_profitability_claim": false}
2026-10-08T10:05:58.7860638Z ok
2026-10-08T10:05:58.7867651Z test_authoritative_exclusion_is_not_invented_loss (test_aggressive_flow_cascade_v11.SignalExitTests.test_authoritative_exclusion_is_not_invented_loss) ... ok
2026-10-08T10:05:58.7870727Z test_intent_cooldown_is_not_exit_conditioned (test_aggressive_flow_cascade_v11.SignalExitTests.test_intent_cooldown_is_not_exit_conditioned) ... ok
2026-10-08T10:05:58.7876607Z test_mirrored_current_and_persistent_flow_signals (test_aggressive_flow_cascade_v11.SignalExitTests.test_mirrored_current_and_persistent_flow_signals) ... ok
2026-10-08T10:05:58.7880924Z test_next_open_gap_actual_fill_stop_and_future_ohlc (test_aggressive_flow_cascade_v11.SignalExitTests.test_next_open_gap_actual_fill_stop_and_future_ohlc) ... ok
2026-10-08T10:05:58.7885232Z test_persistent_flow_uses_three_prior_bars_and_current_separately (test_aggressive_flow_cascade_v11.SignalExitTests.test_persistent_flow_uses_three_prior_bars_and_current_separately) ... ok
2026-10-08T10:05:58.7895134Z test_shock_relative_btc_volume_breakout_and_clv_are_hard (test_aggressive_flow_cascade_v11.SignalExitTests.test_shock_relative_btc_volume_breakout_and_clv_are_hard) ... ok
2026-10-08T10:05:58.7902026Z test_stop_floor_wide_invalid_and_path_gap_counted (test_aggressive_flow_cascade_v11.SignalExitTests.test_stop_floor_wide_invalid_and_path_gap_counted) ... ok
2026-10-08T10:05:58.7911973Z test_tp15_tp25_and_trail_use_shared_resolver (test_aggressive_flow_cascade_v11.SignalExitTests.test_tp15_tp25_and_trail_use_shared_resolver) ... ok
2026-10-08T10:05:58.7920318Z test_actual_fill_gap_ignores_future_entry_bar_ohlc (test_residual_reversion_v10.EntryExitTests.test_actual_fill_gap_ignores_future_entry_bar_ohlc) ... ok
2026-10-08T10:05:58.7922650Z test_actual_fill_risk_fit_cutoff_and_equilibrium_are_frozen (test_residual_reversion_v10.EntryExitTests.test_actual_fill_risk_fit_cutoff_and_equilibrium_are_frozen) ... ok
2026-10-08T10:05:58.7928593Z test_authoritative_exclusion_is_not_a_guessed_loss (test_residual_reversion_v10.EntryExitTests.test_authoritative_exclusion_is_not_a_guessed_loss) ... ok
2026-10-08T10:05:58.7935289Z test_common_shock_or_missing_btc_is_rejected (test_residual_reversion_v10.EntryExitTests.test_common_shock_or_missing_btc_is_rejected) ... ok
2026-10-08T10:05:58.7939547Z test_cooldown_depends_on_intents_not_future_exits (test_residual_reversion_v10.EntryExitTests.test_cooldown_depends_on_intents_not_future_exits) ... ok
2026-10-08T10:05:58.7945566Z test_flow_filter_and_price_only (test_residual_reversion_v10.EntryExitTests.test_flow_filter_and_price_only) ... ok
2026-10-08T10:05:58.7951754Z test_full_grid_is_sixteen_by_two_by_three (test_residual_reversion_v10.EntryExitTests.test_full_grid_is_sixteen_by_two_by_three) ... ok
2026-10-08T10:05:58.7964980Z test_mean_and_tp2_use_explicit_shared_fixed_target_path (test_residual_reversion_v10.EntryExitTests.test_mean_and_tp2_use_explicit_shared_fixed_target_path) ... ok
2026-10-08T10:05:58.7973636Z test_mirrored_residual_inward_confirmations (test_residual_reversion_v10.EntryExitTests.test_mirrored_residual_inward_confirmations) ... ok
2026-10-08T10:05:58.7979276Z test_next_open_path_and_split_bounds (test_residual_reversion_v10.EntryExitTests.test_next_open_path_and_split_bounds) ... ok
2026-10-08T10:05:58.7999889Z test_quality_room_deviation_and_relaxation_are_hard_conditions (test_residual_reversion_v10.EntryExitTests.test_quality_room_deviation_and_relaxation_are_hard_conditions) ... ok
2026-10-08T10:05:58.8008887Z test_stop_floor_maximum_invalid_atr_and_target_passed_are_counted (test_residual_reversion_v10.EntryExitTests.test_stop_floor_maximum_invalid_atr_and_target_passed_are_counted) ... ok
2026-10-08T10:05:58.8256917Z test_beta_intercept_sigma_r2_rho_half_life_against_direct_window (test_residual_reversion_v10.PriorModelTests.test_beta_intercept_sigma_r2_rho_half_life_against_direct_window) ... ok
2026-10-08T10:05:58.8587684Z test_coin_gap_restarts_the_full_prior_window (test_residual_reversion_v10.PriorModelTests.test_coin_gap_restarts_the_full_prior_window) ... ok
2026-10-08T10:05:58.8951792Z test_current_coin_and_btc_do_not_enter_training_moments (test_residual_reversion_v10.PriorModelTests.test_current_coin_and_btc_do_not_enter_training_moments) ... ok
2026-10-08T10:05:58.9117414Z test_current_turnover_atr_and_observed_days_are_causal (test_residual_reversion_v10.PriorModelTests.test_current_turnover_atr_and_observed_days_are_causal) ... ok
2026-10-08T10:05:58.9119960Z test_exact_alignment_never_interpolates_missing_or_future_btc (test_residual_reversion_v10.PriorModelTests.test_exact_alignment_never_interpolates_missing_or_future_btc) ... ok
2026-10-08T10:05:58.9511481Z test_future_mutation_cannot_change_earlier_any_model_value (test_residual_reversion_v10.PriorModelTests.test_future_mutation_cannot_change_earlier_any_model_value) ... ok
2026-10-08T10:05:58.9744001Z test_inward_change_uses_same_frozen_model_for_both_closes (test_residual_reversion_v10.PriorModelTests.test_inward_change_uses_same_frozen_model_for_both_closes) ... ok
2026-10-08T10:05:58.9979283Z test_missing_btc_invalidates_every_contaminated_training_window (test_residual_reversion_v10.PriorModelTests.test_missing_btc_invalidates_every_contaminated_training_window) ... ok
2026-10-08T10:05:59.0447082Z test_zero_factor_and_residual_variance_fail_closed (test_residual_reversion_v10.PriorModelTests.test_zero_factor_and_residual_variance_fail_closed) ... ok
2026-10-08T10:05:59.8233627Z test_actual_synthetic_file_scan_and_selection_pipeline (test_residual_reversion_v10.SelectionSourceTests.test_actual_synthetic_file_scan_and_selection_pipeline) ... V10_RESIDUAL_SCAN DEV 1 / 1 parameterized_outcomes 0
2026-10-08T10:05:59.8264588Z V10_RESIDUAL_SCAN_DONE DEV 0 chronology_exclusions 0
2026-10-08T10:05:59.8691095Z V10_RESIDUAL_SCAN DEV 1 / 1 parameterized_outcomes 0
2026-10-08T10:05:59.8723159Z V10_RESIDUAL_SCAN_DONE DEV 0 chronology_exclusions 0
2026-10-08T10:05:59.9149893Z V10_RESIDUAL_SCAN DEV 1 / 1 parameterized_outcomes 0
2026-10-08T10:05:59.9181680Z V10_RESIDUAL_SCAN_DONE DEV 0 chronology_exclusions 0
2026-10-08T10:05:59.9606384Z V10_RESIDUAL_SCAN DEV 1 / 1 parameterized_outcomes 0
2026-10-08T10:05:59.9638130Z V10_RESIDUAL_SCAN_DONE DEV 0 chronology_exclusions 0
2026-10-08T10:06:00.0064892Z V10_RESIDUAL_SCAN DEV 1 / 1 parameterized_outcomes 0
2026-10-08T10:06:00.0097334Z V10_RESIDUAL_SCAN_DONE DEV 0 chronology_exclusions 0
2026-10-08T10:06:00.0530826Z V10_RESIDUAL_SCAN DEV 1 / 1 parameterized_outcomes 0
2026-10-08T10:06:00.0563028Z V10_RESIDUAL_SCAN_DONE DEV 0 chronology_exclusions 0
2026-10-08T10:06:00.0990927Z V10_RESIDUAL_SCAN DEV 1 / 1 parameterized_outcomes 0
2026-10-08T10:06:00.1022016Z V10_RESIDUAL_SCAN_DONE DEV 0 chronology_exclusions 0
2026-10-08T10:06:00.1445979Z V10_RESIDUAL_SCAN DEV 1 / 1 parameterized_outcomes 0
2026-10-08T10:06:00.1478043Z V10_RESIDUAL_SCAN_DONE DEV 0 chronology_exclusions 0
2026-10-08T10:06:00.3862348Z V10_RESIDUAL_SELECT {"status": "NO_DEVELOPMENT_POLICY_SURVIVOR", "cells_examined": 96, "selected": [], "policies": [], "union_name": "RESIDUAL_REVERSION_UNION", "source_context_sha256": "7c037fc7219cd8f1964ed517106e3211cc8595e5ff100176d0f29d79b71b2143", "source_symbols": 8, "economic_surviving_cells": 0, "rejection_counts": {"N_LT_300": 96, "SYMBOLS_LT_10": 96, "TOP_SYMBOL_GT_30PCT": 96, "NET40_MEAN_BP_NONPOSITIVE": 96, "NET40_R_MEAN_NONPOSITIVE": 96, "2021_N": 96, "2021_DATES": 96, "2021_net40_R_NONPOSITIVE": 96, "2021_net40_mean_bp_NONPOSITIVE": 96, "2021_day_R_NONPOSITIVE": 96, "2022_N": 96, "2022_DATES": 96, "2022_net40_R_NONPOSITIVE": 96, "2022_net40_mean_bp_NONPOSITIVE": 96, "2022_day_R_NONPOSITIVE": 96, "2023_N": 96, "2023_DATES": 96, "2023_net40_R_NONPOSITIVE": 96, "2023_net40_mean_bp_NONPOSITIVE": 96, "2023_day_R_NONPOSITIVE": 96}, "note": "Prior-fitted single-coin residual experiment, no market neutrality. Overlapping diagnostics are not executable account growth."}
2026-10-08T10:06:00.3879631Z V10_SYNTHETIC_PIPELINE_PASS {"synthetic_only": true, "scans": 8, "all96_cells_preserved": true, "market_profitability_claim": false}
2026-10-08T10:06:00.3979160Z ok
2026-10-08T10:06:00.3990491Z test_annual_price_R_and_2021_partial_year_are_required (test_residual_reversion_v10.SelectionSourceTests.test_annual_price_R_and_2021_partial_year_are_required) ... ok
2026-10-08T10:06:00.6452668Z test_empty_stage_is_recorded_as_all96_zero_cells (test_residual_reversion_v10.SelectionSourceTests.test_empty_stage_is_recorded_as_all96_zero_cells) ... V10_RESIDUAL_SELECT {"status": "NO_DEVELOPMENT_POLICY_SURVIVOR", "cells_examined": 96, "selected": [], "policies": [], "union_name": "RESIDUAL_REVERSION_UNION", "source_context_sha256": "91835c8f0b86a06046841c757e76202fc5e0b602e5b17bc471966e49ab762c95", "source_symbols": 16, "economic_surviving_cells": 0, "rejection_counts": {"N_LT_300": 96, "SYMBOLS_LT_10": 96, "TOP_SYMBOL_GT_30PCT": 96, "NET40_MEAN_BP_NONPOSITIVE": 96, "NET40_R_MEAN_NONPOSITIVE": 96, "2021_N": 96, "2021_DATES": 96, "2021_net40_R_NONPOSITIVE": 96, "2021_net40_mean_bp_NONPOSITIVE": 96, "2021_day_R_NONPOSITIVE": 96, "2022_N": 96, "2022_DATES": 96, "2022_net40_R_NONPOSITIVE": 96, "2022_net40_mean_bp_NONPOSITIVE": 96, "2022_day_R_NONPOSITIVE": 96, "2023_N": 96, "2023_DATES": 96, "2023_net40_R_NONPOSITIVE": 96, "2023_net40_mean_bp_NONPOSITIVE": 96, "2023_day_R_NONPOSITIVE": 96}, "note": "Prior-fitted single-coin residual experiment, no market neutrality. Overlapping diagnostics are not executable account growth."}
2026-10-08T10:06:00.6484975Z ok
2026-10-08T10:06:00.9180470Z test_freeze_complete_selection_and_all96_including_zero_cells (test_residual_reversion_v10.SelectionSourceTests.test_freeze_complete_selection_and_all96_including_zero_cells) ... V10_RESIDUAL_SELECT {"status": "ACCOUNT_REPLAY_REQUIRED", "cells_examined": 96, "selected": [{"key": "RESIDUAL_S+1_W672_Z2_PRICE_ONLY", "side": 1, "fit": 672, "z": 2, "flow": "PRICE_ONLY", "hold": 24, "exit_type": "MEAN", "policy": "RESIDUAL_S+1_W672_Z2_PRICE_ONLY__H24__MEAN", "development_net40_R": 0.5, "development_worst_year_day_R": 0.5}], "policies": [{"key": "RESIDUAL_S+1_W672_Z2_PRICE_ONLY", "side": 1, "fit": 672, "z": 2, "flow": "PRICE_ONLY", "hold": 24, "exit_type": "MEAN", "policy": "RESIDUAL_S+1_W672_Z2_PRICE_ONLY__H24__MEAN", "development_net40_R": 0.5, "development_worst_year_day_R": 0.5}], "union_name": "RESIDUAL_REVERSION_UNION", "source_context_sha256": "91835c8f0b86a06046841c757e76202fc5e0b602e5b17bc471966e49ab762c95", "source_symbols": 16, "economic_surviving_cells": 1, "rejection_counts": {"N_LT_300": 95, "SYMBOLS_LT_10": 95, "TOP_SYMBOL_GT_30PCT": 95, "NET40_MEAN_BP_NONPOSITIVE": 95, "NET40_R_MEAN_NONPOSITIVE": 95, "2021_N": 95, "2021_DATES": 95, "2021_net40_R_NONPOSITIVE": 95, "2021_net40_mean_bp_NONPOSITIVE": 95, "2021_day_R_NONPOSITIVE": 95, "2022_N": 95, "2022_DATES": 95, "2022_net40_R_NONPOSITIVE": 95, "2022_net40_mean_bp_NONPOSITIVE": 95, "2022_day_R_NONPOSITIVE": 95, "2023_N": 95, "2023_DATES": 95, "2023_net40_R_NONPOSITIVE": 95, "2023_net40_mean_bp_NONPOSITIVE": 95, "2023_day_R_NONPOSITIVE": 95}, "note": "Prior-fitted single-coin residual experiment, no market neutrality. Overlapping diagnostics are not executable account growth."}
2026-10-08T10:06:00.9214401Z ok
2026-10-08T10:06:01.0977388Z test_incomplete_duplicate_or_tampered_shard_fails_closed (test_residual_reversion_v10.SelectionSourceTests.test_incomplete_duplicate_or_tampered_shard_fails_closed) ... ok
2026-10-08T10:06:01.3770286Z test_nonpositive_price_r_or_clustered_dates_fail_selection (test_residual_reversion_v10.SelectionSourceTests.test_nonpositive_price_r_or_clustered_dates_fail_selection) ... V10_RESIDUAL_SELECT {"status": "NO_DEVELOPMENT_POLICY_SURVIVOR", "cells_examined": 96, "selected": [], "policies": [], "union_name": "RESIDUAL_REVERSION_UNION", "source_context_sha256": "91835c8f0b86a06046841c757e76202fc5e0b602e5b17bc471966e49ab762c95", "source_symbols": 16, "economic_surviving_cells": 0, "rejection_counts": {"TOP_SYMBOL_GT_30PCT": 96, "NET40_MEAN_BP_NONPOSITIVE": 96, "2021_net40_mean_bp_NONPOSITIVE": 96, "2022_net40_mean_bp_NONPOSITIVE": 96, "2023_net40_mean_bp_NONPOSITIVE": 96, "N_LT_300": 95, "SYMBOLS_LT_10": 95, "NET40_R_MEAN_NONPOSITIVE": 95, "2021_N": 95, "2021_DATES": 95, "2021_net40_R_NONPOSITIVE": 95, "2021_day_R_NONPOSITIVE": 95, "2022_N": 95, "2022_DATES": 95, "2022_net40_R_NONPOSITIVE": 95, "2022_day_R_NONPOSITIVE": 95, "2023_N": 95, "2023_DATES": 95, "2023_net40_R_NONPOSITIVE": 95, "2023_day_R_NONPOSITIVE": 95}, "note": "Prior-fitted single-coin residual experiment, no market neutrality. Overlapping diagnostics are not executable account growth."}
2026-10-08T10:06:01.6426235Z V10_RESIDUAL_SELECT {"status": "NO_DEVELOPMENT_POLICY_SURVIVOR", "cells_examined": 96, "selected": [], "policies": [], "union_name": "RESIDUAL_REVERSION_UNION", "source_context_sha256": "91835c8f0b86a06046841c757e76202fc5e0b602e5b17bc471966e49ab762c95", "source_symbols": 16, "economic_surviving_cells": 0, "rejection_counts": {"NET40_R_MEAN_NONPOSITIVE": 96, "2021_net40_R_NONPOSITIVE": 96, "2021_day_R_NONPOSITIVE": 96, "2022_net40_R_NONPOSITIVE": 96, "2022_day_R_NONPOSITIVE": 96, "2023_net40_R_NONPOSITIVE": 96, "2023_day_R_NONPOSITIVE": 96, "N_LT_300": 95, "SYMBOLS_LT_10": 95, "TOP_SYMBOL_GT_30PCT": 95, "NET40_MEAN_BP_NONPOSITIVE": 95, "2021_N": 95, "2021_DATES": 95, "2021_net40_mean_bp_NONPOSITIVE": 95, "2022_N": 95, "2022_DATES": 95, "2022_net40_mean_bp_NONPOSITIVE": 95, "2023_N": 95, "2023_DATES": 95, "2023_net40_mean_bp_NONPOSITIVE": 95}, "note": "Prior-fitted single-coin residual experiment, no market neutrality. Overlapping diagnostics are not executable account growth."}
2026-10-08T10:06:01.9087813Z V10_RESIDUAL_SELECT {"status": "NO_DEVELOPMENT_POLICY_SURVIVOR", "cells_examined": 96, "selected": [], "policies": [], "union_name": "RESIDUAL_REVERSION_UNION", "source_context_sha256": "91835c8f0b86a06046841c757e76202fc5e0b602e5b17bc471966e49ab762c95", "source_symbols": 16, "economic_surviving_cells": 0, "rejection_counts": {"2021_DATES": 96, "2022_DATES": 96, "2023_DATES": 96, "N_LT_300": 95, "SYMBOLS_LT_10": 95, "TOP_SYMBOL_GT_30PCT": 95, "NET40_MEAN_BP_NONPOSITIVE": 95, "NET40_R_MEAN_NONPOSITIVE": 95, "2021_N": 95, "2021_net40_R_NONPOSITIVE": 95, "2021_net40_mean_bp_NONPOSITIVE": 95, "2021_day_R_NONPOSITIVE": 95, "2022_N": 95, "2022_net40_R_NONPOSITIVE": 95, "2022_net40_mean_bp_NONPOSITIVE": 95, "2022_day_R_NONPOSITIVE": 95, "2023_N": 95, "2023_net40_R_NONPOSITIVE": 95, "2023_net40_mean_bp_NONPOSITIVE": 95, "2023_day_R_NONPOSITIVE": 95}, "note": "Prior-fitted single-coin residual experiment, no market neutrality. Overlapping diagnostics are not executable account growth."}
2026-10-08T10:06:01.9105112Z ok
2026-10-08T10:06:01.9113509Z test_real_catalogue_contract_has856_hashes_and256_baseline_matches (test_residual_reversion_v10.SelectionSourceTests.test_real_catalogue_contract_has856_hashes_and256_baseline_matches) ... ok
2026-10-08T10:06:01.9129787Z test_source_verifier_rejects_hash_btc_and_catalogue_tampering (test_residual_reversion_v10.SelectionSourceTests.test_source_verifier_rejects_hash_btc_and_catalogue_tampering) ... ok
2026-10-08T10:06:01.9170080Z test_both_partial_edge_days_and_all_empty_days_count (test_btc_factor_lag_v6.AllCalendarTests.test_both_partial_edge_days_and_all_empty_days_count) ... ok
2026-10-08T10:06:01.9223442Z test_edge_day_profits_and_costs_are_retained_and_reconcile_final_equity (test_btc_factor_lag_v6.AllCalendarTests.test_edge_day_profits_and_costs_are_retained_and_reconcile_final_equity) ... ok
2026-10-08T10:06:01.9276106Z test_every_day_after_permanent_halt_remains_in_denominator (test_btc_factor_lag_v6.AllCalendarTests.test_every_day_after_permanent_halt_remains_in_denominator) ... ok
2026-10-08T10:06:01.9298857Z test_exact_kst_midnight_end_adds_no_zero_duration_date (test_btc_factor_lag_v6.AllCalendarTests.test_exact_kst_midnight_end_adds_no_zero_duration_date) ... ok
2026-10-08T10:06:01.9411690Z test_reporting_option_does_not_change_trades_cash_dd_risks_or_curve (test_btc_factor_lag_v6.AllCalendarTests.test_reporting_option_does_not_change_trades_cash_dd_risks_or_curve) ... ok
2026-10-08T10:06:01.9532512Z test_coin_gap_restarts_full_fit_history (test_btc_factor_lag_v6.FactorTimingTests.test_coin_gap_restarts_full_fit_history) ... ok
2026-10-08T10:06:01.9630974Z test_current_volatility_and_turnover_are_excluded_from_prior_baselines (test_btc_factor_lag_v6.FactorTimingTests.test_current_volatility_and_turnover_are_excluded_from_prior_baselines) ... ok
2026-10-08T10:06:01.9660335Z test_exact_timestamp_alignment_does_not_forward_fill_btc (test_btc_factor_lag_v6.FactorTimingTests.test_exact_timestamp_alignment_does_not_forward_fill_btc) ... ok
2026-10-08T10:06:01.9755450Z test_future_price_perturbation_does_not_change_features_or_fits (test_btc_factor_lag_v6.FactorTimingTests.test_future_price_perturbation_does_not_change_features_or_fits) ... ok
2026-10-08T10:06:01.9845812Z test_impulse_returns_do_not_enter_prior_fit (test_btc_factor_lag_v6.FactorTimingTests.test_impulse_returns_do_not_enter_prior_fit) ... ok
2026-10-08T10:06:01.9907008Z test_missing_btc_return_invalidates_all_contaminated_windows (test_btc_factor_lag_v6.FactorTimingTests.test_missing_btc_return_invalidates_all_contaminated_windows) ... ok
2026-10-08T10:06:01.9970634Z test_ols_beta_and_r2_match_demeaned_numpy_reference (test_btc_factor_lag_v6.FactorTimingTests.test_ols_beta_and_r2_match_demeaned_numpy_reference) ... ok
2026-10-08T10:06:02.0031345Z test_zero_factor_variance_never_becomes_a_signal (test_btc_factor_lag_v6.FactorTimingTests.test_zero_factor_variance_never_becomes_a_signal) ... ok
2026-10-08T10:06:02.0034346Z test_actual_fill_sets_stop_risk_and_signal_priority (test_btc_factor_lag_v6.LagSignalTests.test_actual_fill_sets_stop_risk_and_signal_priority) ... ok
2026-10-08T10:06:02.0039909Z test_canonical_exclusion_is_retained_not_assigned_a_fake_loss (test_btc_factor_lag_v6.LagSignalTests.test_canonical_exclusion_is_retained_not_assigned_a_fake_loss) ... ok
2026-10-08T10:06:02.0042599Z test_cooldown_is_intent_based_not_future_exit_based (test_btc_factor_lag_v6.LagSignalTests.test_cooldown_is_intent_based_not_future_exit_based) ... ok
2026-10-08T10:06:02.0047909Z test_entry_gap_uses_next_open_without_future_ohlc (test_btc_factor_lag_v6.LagSignalTests.test_entry_gap_uses_next_open_without_future_ohlc) ... ok
2026-10-08T10:06:02.0057182Z test_fit_quality_and_liquidity_are_hard_filters (test_btc_factor_lag_v6.LagSignalTests.test_fit_quality_and_liquidity_are_hard_filters) ... ok
2026-10-08T10:06:02.0061897Z test_flow_confirmation_rejects_opposite_taker_pressure (test_btc_factor_lag_v6.LagSignalTests.test_flow_confirmation_rejects_opposite_taker_pressure) ... ok
2026-10-08T10:06:02.0067404Z test_mirrored_lag_price_and_flow_confirmations (test_btc_factor_lag_v6.LagSignalTests.test_mirrored_lag_price_and_flow_confirmations) ... ok
2026-10-08T10:06:02.0071340Z test_next_open_path_gap_and_split_entry_are_excluded (test_btc_factor_lag_v6.LagSignalTests.test_next_open_path_gap_and_split_entry_are_excluded) ... ok
2026-10-08T10:06:02.0073338Z test_overreacted_coin_cannot_qualify_as_lagger (test_btc_factor_lag_v6.LagSignalTests.test_overreacted_coin_cannot_qualify_as_lagger) ... ok
2026-10-08T10:06:02.0079110Z test_policy_rows_uses_same_canonical_resolver_and_actual_tp_risk (test_btc_factor_lag_v6.LagSignalTests.test_policy_rows_uses_same_canonical_resolver_and_actual_tp_risk) ... ok
2026-10-08T10:06:02.0084248Z test_sixteen_entries_and_ninety_six_unique_policies (test_btc_factor_lag_v6.LagSignalTests.test_sixteen_entries_and_ninety_six_unique_policies) ... ok
2026-10-08T10:06:02.0087250Z test_stop_floor_and_maximum_are_applied_to_actual_fill (test_btc_factor_lag_v6.LagSignalTests.test_stop_floor_and_maximum_are_applied_to_actual_fill) ... ok
2026-10-08T10:06:02.0093415Z test_weak_wrong_or_missing_btc_impulse_is_rejected (test_btc_factor_lag_v6.LagSignalTests.test_weak_wrong_or_missing_btc_impulse_is_rejected) ... ok
2026-10-08T10:06:02.2570578Z test_clustered_entries_do_not_satisfy_yearly_date_frequency (test_btc_factor_lag_v6.SelectionTests.test_clustered_entries_do_not_satisfy_yearly_date_frequency) ... FACTOR_SELECT {"status": "NO_DEVELOPMENT_POLICY_SURVIVOR", "cells_examined": 96, "selected": [], "policies": [], "union_name": "FACTOR_UNION", "note": "Independent overlapping policies and active-entry-date means are diagnostics, not account profits."}
2026-10-08T10:06:02.2587261Z ok
2026-10-08T10:06:02.4931582Z test_empty_original_shards_preserve_all96_rejections (test_btc_factor_lag_v6.SelectionTests.test_empty_original_shards_preserve_all96_rejections) ... FACTOR_SELECT {"status": "NO_DEVELOPMENT_POLICY_SURVIVOR", "cells_examined": 96, "selected": [], "policies": [], "union_name": "FACTOR_UNION", "note": "Independent overlapping policies and active-entry-date means are diagnostics, not account profits."}
2026-10-08T10:06:02.4962119Z ok
2026-10-08T10:06:02.7417251Z test_positive_price_never_hides_negative_annual_r_mean (test_btc_factor_lag_v6.SelectionTests.test_positive_price_never_hides_negative_annual_r_mean) ... FACTOR_SELECT {"status": "NO_DEVELOPMENT_POLICY_SURVIVOR", "cells_examined": 96, "selected": [], "policies": [], "union_name": "FACTOR_UNION", "note": "Independent overlapping policies and active-entry-date means are diagnostics, not account profits."}
2026-10-08T10:06:02.7438227Z ok
2026-10-08T10:06:02.9895165Z test_positive_r_never_hides_negative_annual_price_mean (test_btc_factor_lag_v6.SelectionTests.test_positive_r_never_hides_negative_annual_price_mean) ... FACTOR_SELECT {"status": "NO_DEVELOPMENT_POLICY_SURVIVOR", "cells_examined": 96, "selected": [], "policies": [], "union_name": "FACTOR_UNION", "note": "Independent overlapping policies and active-entry-date means are diagnostics, not account profits."}
2026-10-08T10:06:02.9912226Z ok
2026-10-08T10:06:03.2394745Z test_selected_year_labels_follow_kst_not_utc_and_other_cells_remain (test_btc_factor_lag_v6.SelectionTests.test_selected_year_labels_follow_kst_not_utc_and_other_cells_remain) ... FACTOR_SELECT {"status": "ACCOUNT_REPLAY_REQUIRED", "cells_examined": 96, "selected": [{"key": "FACTOR_S+1_L4_G1_PRICE_ONLY", "side": 1, "horizon": 4, "gap": 0.01, "flow": "PRICE_ONLY", "hold": 24, "exit_type": "TP2", "policy": "FACTOR_S+1_L4_G1_PRICE_ONLY__H24__TP2", "development_net40_R": 0.5, "development_worst_year_day_R": 0.5}], "policies": [{"key": "FACTOR_S+1_L4_G1_PRICE_ONLY", "side": 1, "horizon": 4, "gap": 0.01, "flow": "PRICE_ONLY", "hold": 24, "exit_type": "TP2", "policy": "FACTOR_S+1_L4_G1_PRICE_ONLY__H24__TP2", "development_net40_R": 0.5, "development_worst_year_day_R": 0.5}], "union_name": "FACTOR_UNION", "note": "Independent overlapping policies and active-entry-date means are diagnostics, not account profits."}
2026-10-08T10:06:03.2429989Z ok
2026-10-08T10:06:03.4766288Z test_all_96_cells_including_zero_cells_are_preserved (test_compression_expansion_v4.ExpansionTests.test_all_96_cells_including_zero_cells_are_preserved) ... EXPANSION_SELECT {"status": "ACCOUNT_REPLAY_REQUIRED", "cells_examined": 96, "selected": [{"key": "EXPAND_S+1_W16_C50_ANY", "side": 1, "window": 16, "compression": 0.5, "btc": "ANY", "hold": 24, "exit_type": "TP2", "policy": "EXPAND_S+1_W16_C50_ANY__H24__TP2", "development_net40_R": 0.5, "development_worst_year_day_R": 0.5}], "policies": [{"key": "EXPAND_S+1_W16_C50_ANY", "side": 1, "window": 16, "compression": 0.5, "btc": "ANY", "hold": 24, "exit_type": "TP2", "policy": "EXPAND_S+1_W16_C50_ANY__H24__TP2", "development_net40_R": 0.5, "development_worst_year_day_R": 0.5}], "union_name": "EXPANSION_UNION", "note": "Independent overlapping policies and active-entry-date means are diagnostics, not account profits."}
2026-10-08T10:06:03.4797042Z ok
2026-10-08T10:06:03.4871087Z test_breakout_candle_cannot_change_its_prior_baselines (test_compression_expansion_v4.ExpansionTests.test_breakout_candle_cannot_change_its_prior_baselines) ... ok
2026-10-08T10:06:03.4908251Z test_btc_alignment_does_not_fill_missing_context_with_zero (test_compression_expansion_v4.ExpansionTests.test_btc_alignment_does_not_fill_missing_context_with_zero) ... ok
2026-10-08T10:06:03.4912731Z test_empty_source_fails_before_any_btc_or_minute_fetch (test_compression_expansion_v4.ExpansionTests.test_empty_source_fails_before_any_btc_or_minute_fetch) ... ok
2026-10-08T10:06:03.4952071Z test_fixed_cooldown_is_not_exit_conditioned (test_compression_expansion_v4.ExpansionTests.test_fixed_cooldown_is_not_exit_conditioned) ... ok
2026-10-08T10:06:03.4955791Z test_frozen_grid_has_96_unique_policies (test_compression_expansion_v4.ExpansionTests.test_frozen_grid_has_96_unique_policies) ... ok
2026-10-08T10:06:03.5078852Z test_future_changes_cannot_modify_past_features (test_compression_expansion_v4.ExpansionTests.test_future_changes_cannot_modify_past_features) ... ok
2026-10-08T10:06:03.5144758Z test_gap_restarts_prior_rolling_baselines (test_compression_expansion_v4.ExpansionTests.test_gap_restarts_prior_rolling_baselines) ... ok
2026-10-08T10:06:03.5306667Z test_incomplete_part_cannot_enter_selection (test_compression_expansion_v4.ExpansionTests.test_incomplete_part_cannot_enter_selection) ... ok
2026-10-08T10:06:03.5346714Z test_invalid_fill_side_stop_is_excluded (test_compression_expansion_v4.ExpansionTests.test_invalid_fill_side_stop_is_excluded) ... ok
2026-10-08T10:06:03.5419637Z test_long_and_short_have_mirrored_qualification (test_compression_expansion_v4.ExpansionTests.test_long_and_short_have_mirrored_qualification) ... ok
2026-10-08T10:06:03.7720367Z test_many_clustered_trades_cannot_pass_daily_frequency_gate (test_compression_expansion_v4.ExpansionTests.test_many_clustered_trades_cannot_pass_daily_frequency_gate) ... EXPANSION_SELECT {"status": "NO_DEVELOPMENT_POLICY_SURVIVOR", "cells_examined": 96, "selected": [], "policies": [], "union_name": "EXPANSION_UNION", "note": "Independent overlapping policies and active-entry-date means are diagnostics, not account profits."}
2026-10-08T10:06:03.7736088Z ok
2026-10-08T10:06:03.7779215Z test_structural_stop_uses_prior_atr_and_actual_entry (test_compression_expansion_v4.ExpansionTests.test_structural_stop_uses_prior_atr_and_actual_entry) ... ok
2026-10-08T10:06:03.7817783Z test_violent_shock_does_not_qualify_as_moderate_expansion (test_compression_expansion_v4.ExpansionTests.test_violent_shock_does_not_qualify_as_moderate_expansion) ... ok
2026-10-08T10:06:03.7855500Z test_volume_without_prior_compression_does_not_qualify (test_compression_expansion_v4.ExpansionTests.test_volume_without_prior_compression_does_not_qualify) ... ok
2026-10-08T10:06:03.7927142Z test_wrong_flow_rejects_apparent_breakout (test_compression_expansion_v4.ExpansionTests.test_wrong_flow_rejects_apparent_breakout) ... ok
2026-10-08T10:06:03.7984482Z test_chronology_exclusions_require_review_even_if_growth_passes (test_cross_sectional_leader_v9.AccountGateTests.test_chronology_exclusions_require_review_even_if_growth_passes) ... ok
2026-10-08T10:06:03.8038782Z test_dev2024_partial_boundary_never_substitutes_gate2024 (test_cross_sectional_leader_v9.AccountGateTests.test_dev2024_partial_boundary_never_substitutes_gate2024) ... ok
2026-10-08T10:06:03.8412670Z test_each_account_threshold_halt_and_missing_values_fail (test_cross_sectional_leader_v9.AccountGateTests.test_each_account_threshold_halt_and_missing_values_fail) ... ok
2026-10-08T10:06:03.8514268Z test_partial2021_is_required_and_small_return_is_not_daily_goal (test_cross_sectional_leader_v9.AccountGateTests.test_partial2021_is_required_and_small_return_is_not_daily_goal) ... ok
2026-10-08T10:06:03.8590850Z test_actual_next_open_risk_floor_gap_and_wide_stop (test_cross_sectional_leader_v9.EconomicTests.test_actual_next_open_risk_floor_gap_and_wide_stop) ... ok
2026-10-08T10:06:03.8729253Z test_adverse_gap_retained_and_entry_path_gap_excluded (test_cross_sectional_leader_v9.EconomicTests.test_adverse_gap_retained_and_entry_path_gap_excluded) ... ok
2026-10-08T10:06:03.8864755Z test_any_never_zero_imputes_missing_btc_and_align_requires_sign (test_cross_sectional_leader_v9.EconomicTests.test_any_never_zero_imputes_missing_btc_and_align_requires_sign) ... ok
2026-10-08T10:06:03.8938672Z test_canonical_tp3_and_minute_exclusion_and_costs (test_cross_sectional_leader_v9.EconomicTests.test_canonical_tp3_and_minute_exclusion_and_costs) ... ok
2026-10-08T10:06:03.9009665Z test_ceiling_tail_count_is_predeclared (test_cross_sectional_leader_v9.EconomicTests.test_ceiling_tail_count_is_predeclared) ... ok
2026-10-08T10:06:03.9067191Z test_closed_baseline_does_not_include_current_or_future_bars (test_cross_sectional_leader_v9.EconomicTests.test_closed_baseline_does_not_include_current_or_future_bars) ... ok
2026-10-08T10:06:03.9137132Z test_future_ohlc_does_not_change_intents_or_priority (test_cross_sectional_leader_v9.EconomicTests.test_future_ohlc_does_not_change_intents_or_priority) ... ok
2026-10-08T10:06:03.9402056Z test_mirrored_tail_and_resumption (test_cross_sectional_leader_v9.EconomicTests.test_mirrored_tail_and_resumption) ... ok
2026-10-08T10:06:03.9470147Z test_onset_is_contiguous_and_cooldown_ignores_future_exits (test_cross_sectional_leader_v9.EconomicTests.test_onset_is_contiguous_and_cooldown_ignores_future_exits) ... ok
2026-10-08T10:06:04.0065571Z test_residual_volume_flow_return_eligibility_and_breakout_filters (test_cross_sectional_leader_v9.EconomicTests.test_residual_volume_flow_return_eligibility_and_breakout_filters) ... ok
2026-10-08T10:06:04.0133972Z test_second_day_requires_consecutive_previous_tail (test_cross_sectional_leader_v9.EconomicTests.test_second_day_requires_consecutive_previous_tail) ... ok
2026-10-08T10:06:04.0137128Z test_sixteen_entries_and_ninety_six_policies (test_cross_sectional_leader_v9.EconomicTests.test_sixteen_entries_and_ninety_six_policies) ... ok
2026-10-08T10:06:04.0208702Z test_sl_applies_adverse_slip_and_full_cost_inclusive_r (test_cross_sectional_leader_v9.EconomicTests.test_sl_applies_adverse_slip_and_full_cost_inclusive_r) ... ok
2026-10-08T10:06:04.0286163Z test_absent_symbol_previous_date_or_stale_rank_never_backfilled (test_cross_sectional_leader_v9.RankTests.test_absent_symbol_previous_date_or_stale_rank_never_backfilled) ... ok
2026-10-08T10:06:07.4277072Z test_actual_file_map_reduce_load_and_scan_synthetic_pipeline (test_cross_sectional_leader_v9.RankTests.test_actual_file_map_reduce_load_and_scan_synthetic_pipeline) ... V9_RANK_MAP DEV 4 / 4 rows 20
2026-10-08T10:06:07.4296849Z V9_RANK_MAP_DONE DEV 20 source_files 4
2026-10-08T10:06:07.4898901Z V9_RANK_MAP DEV 4 / 4 rows 20
2026-10-08T10:06:07.4919719Z V9_RANK_MAP_DONE DEV 20 source_files 4
2026-10-08T10:06:07.5543039Z V9_RANK_MAP DEV 4 / 4 rows 20
2026-10-08T10:06:07.5563041Z V9_RANK_MAP_DONE DEV 20 source_files 4
2026-10-08T10:06:07.6164141Z V9_RANK_MAP DEV 4 / 4 rows 20
2026-10-08T10:06:07.6184046Z V9_RANK_MAP_DONE DEV 20 source_files 4
2026-10-08T10:06:07.6792911Z V9_RANK_MAP DEV 4 / 4 rows 20
2026-10-08T10:06:07.6812959Z V9_RANK_MAP_DONE DEV 20 source_files 4
2026-10-08T10:06:07.7420583Z V9_RANK_MAP DEV 4 / 4 rows 20
2026-10-08T10:06:07.7441003Z V9_RANK_MAP_DONE DEV 20 source_files 4
2026-10-08T10:06:07.8044606Z V9_RANK_MAP DEV 4 / 4 rows 20
2026-10-08T10:06:07.8064987Z V9_RANK_MAP_DONE DEV 20 source_files 4
2026-10-08T10:06:07.8680057Z V9_RANK_MAP DEV 4 / 4 rows 20
2026-10-08T10:06:07.8700446Z V9_RANK_MAP_DONE DEV 20 source_files 4
2026-10-08T10:06:07.9069408Z V9_RANK_REDUCE_DONE DEV {"map_rows": 160, "rank_rows": 160, "ranked_dates": 5, "minimum_universe": 30, "rank_data_sha256": "cff23a9b4629ff05a471858c7e5e777c3eee518373e7fcf262efe202e066e246"} excluded_low_universe_dates 0
2026-10-08T10:06:07.9979406Z V9_LEADER_SCAN DEV 4 / 4 parameterized_outcomes 0
2026-10-08T10:06:08.0009645Z V9_LEADER_SCAN_DONE DEV 0 chronology_exclusions 0
2026-10-08T10:06:08.0031779Z V9_RANK_MAP_REDUCE_SMOKE_PASS {"status": "PASS", "synthetic_only": true, "map_rows": 160, "rank_rows": 160, "symbols": 32, "maps": 8, "scan_complete": true, "availability_checks": 3, "reverse_input_order": "PASS", "market_profitability_claim": false}
2026-10-08T10:06:08.0080421Z ok
2026-10-08T10:06:08.0133366Z test_coin_gap_breaks_exact24h_snapshot (test_cross_sectional_leader_v9.RankTests.test_coin_gap_breaks_exact24h_snapshot) ... ok
2026-10-08T10:06:08.0593825Z test_eight_shard_reducer_and_verified_loader_round_trip (test_cross_sectional_leader_v9.RankTests.test_eight_shard_reducer_and_verified_loader_round_trip) ... V9_RANK_REDUCE_DONE DEV {"map_rows": 64, "rank_rows": 64, "ranked_dates": 2, "minimum_universe": 30, "rank_data_sha256": "08e45578ae99612f7d0aeeb228a86ffa3f584ab6d539b333d8a34276e01959c9"} excluded_low_universe_dates 0
2026-10-08T10:06:08.0716381Z ok
2026-10-08T10:06:08.0784805Z test_exact_midnight_and_one_closed_next_day_bar (test_cross_sectional_leader_v9.RankTests.test_exact_midnight_and_one_closed_next_day_bar) ... ok
2026-10-08T10:06:08.0846665Z test_full24h_snapshots_are_causal_and_missing_btc_is_excluded (test_cross_sectional_leader_v9.RankTests.test_full24h_snapshots_are_causal_and_missing_btc_is_excluded) ... ok
2026-10-08T10:06:08.0973232Z test_global_rank_is_independent_of_shard_order_and_ties (test_cross_sectional_leader_v9.RankTests.test_global_rank_is_independent_of_shard_order_and_ties) ... ok
2026-10-08T10:06:08.1152626Z test_invalid_duplicate_nonfinite_path_or_low_turnover_fails (test_cross_sectional_leader_v9.RankTests.test_invalid_duplicate_nonfinite_path_or_low_turnover_fails) ... ok
2026-10-08T10:06:08.1274152Z test_minimum_universe_excluded_and_recorded (test_cross_sectional_leader_v9.RankTests.test_minimum_universe_excluded_and_recorded) ... ok
2026-10-08T10:06:08.2403168Z test_missing_shard_altered_hash_or_context_fails_reducer (test_cross_sectional_leader_v9.RankTests.test_missing_shard_altered_hash_or_context_fails_reducer) ... ok
2026-10-08T10:06:08.2406096Z test_observed_days_counts_source_dates_not_future_or_missing_dates (test_cross_sectional_leader_v9.RankTests.test_observed_days_counts_source_dates_not_future_or_missing_dates) ... ok
2026-10-08T10:06:08.2854293Z test_rank_hash_and_rank_geometry_corruption_fail_closed (test_cross_sectional_leader_v9.RankTests.test_rank_hash_and_rank_geometry_corruption_fail_closed) ... V9_RANK_REDUCE_DONE DEV {"map_rows": 64, "rank_rows": 64, "ranked_dates": 2, "minimum_universe": 30, "rank_data_sha256": "08e45578ae99612f7d0aeeb228a86ffa3f584ab6d539b333d8a34276e01959c9"} excluded_low_universe_dates 0
2026-10-08T10:06:08.2993173Z ok
2026-10-08T10:06:08.5618676Z test_all96_cells_selection_and_union_are_preserved (test_cross_sectional_leader_v9.SelectionTests.test_all96_cells_selection_and_union_are_preserved) ... V9_LEADER_SELECT {"status": "ACCOUNT_REPLAY_REQUIRED", "cells_examined": 96, "selected": [{"key": "LEADER_S+1_T5_D1_ANY", "side": 1, "tail": 5, "persistence": 1, "btc": "ANY", "hold": 24, "exit_type": "TP2", "policy": "LEADER_S+1_T5_D1_ANY__H24__TP2", "development_net40_R": 0.5, "development_worst_year_day_R": 0.5}], "policies": [{"key": "LEADER_S+1_T5_D1_ANY", "side": 1, "tail": 5, "persistence": 1, "btc": "ANY", "hold": 24, "exit_type": "TP2", "policy": "LEADER_S+1_T5_D1_ANY__H24__TP2", "development_net40_R": 0.5, "development_worst_year_day_R": 0.5}], "union_name": "CROSS_SECTIONAL_LEADER_UNION", "rank_manifest_sha256": "300a54f20d8143e3db53309df0f4e794904a32ab152168953851353dcd2ab5ae", "rank_data_sha256": "dddddddddddddddddddddddddddddddddddddddddddddddddddddddddddddddd", "source_symbols": 8, "economic_surviving_cells": 1, "rejection_counts": {"N_LT_300": 95, "SYMBOLS_LT_10": 95, "TOP_SYMBOL_GT_30PCT": 95, "NET40_MEAN_BP_NONPOSITIVE": 95, "NET40_R_MEAN_NONPOSITIVE": 95, "2021_N": 95, "2021_DATES": 95, "2021_net40_R_NONPOSITIVE": 95, "2021_net40_mean_bp_NONPOSITIVE": 95, "2021_day_R_NONPOSITIVE": 95, "2022_N": 95, "2022_DATES": 95, "2022_net40_R_NONPOSITIVE": 95, "2022_net40_mean_bp_NONPOSITIVE": 95, "2022_day_R_NONPOSITIVE": 95, "2023_N": 95, "2023_DATES": 95, "2023_net40_R_NONPOSITIVE": 95, "2023_net40_mean_bp_NONPOSITIVE": 95, "2023_day_R_NONPOSITIVE": 95}, "note": "Overlapping parameterized outcomes and active-date means are diagnostics, not executable account profits."}
2026-10-08T10:06:08.5663503Z ok
2026-10-08T10:06:08.8397106Z test_each_year_price_r_and_active_date_frequency_are_hard_gates (test_cross_sectional_leader_v9.SelectionTests.test_each_year_price_r_and_active_date_frequency_are_hard_gates) ... V9_LEADER_SELECT {"status": "NO_DEVELOPMENT_POLICY_SURVIVOR", "cells_examined": 96, "selected": [], "policies": [], "union_name": "CROSS_SECTIONAL_LEADER_UNION", "rank_manifest_sha256": "300a54f20d8143e3db53309df0f4e794904a32ab152168953851353dcd2ab5ae", "rank_data_sha256": "dddddddddddddddddddddddddddddddddddddddddddddddddddddddddddddddd", "source_symbols": 8, "economic_surviving_cells": 0, "rejection_counts": {"2021_net40_mean_bp_NONPOSITIVE": 96, "N_LT_300": 95, "SYMBOLS_LT_10": 95, "TOP_SYMBOL_GT_30PCT": 95, "NET40_MEAN_BP_NONPOSITIVE": 95, "NET40_R_MEAN_NONPOSITIVE": 95, "2021_N": 95, "2021_DATES": 95, "2021_net40_R_NONPOSITIVE": 95, "2021_day_R_NONPOSITIVE": 95, "2022_N": 95, "2022_DATES": 95, "2022_net40_R_NONPOSITIVE": 95, "2022_net40_mean_bp_NONPOSITIVE": 95, "2022_day_R_NONPOSITIVE": 95, "2023_N": 95, "2023_DATES": 95, "2023_net40_R_NONPOSITIVE": 95, "2023_net40_mean_bp_NONPOSITIVE": 95, "2023_day_R_NONPOSITIVE": 95}, "note": "Overlapping parameterized outcomes and active-date means are diagnostics, not executable account profits."}
2026-10-08T10:06:09.0994479Z V9_LEADER_SELECT {"status": "NO_DEVELOPMENT_POLICY_SURVIVOR", "cells_examined": 96, "selected": [], "policies": [], "union_name": "CROSS_SECTIONAL_LEADER_UNION", "rank_manifest_sha256": "300a54f20d8143e3db53309df0f4e794904a32ab152168953851353dcd2ab5ae", "rank_data_sha256": "dddddddddddddddddddddddddddddddddddddddddddddddddddddddddddddddd", "source_symbols": 8, "economic_surviving_cells": 0, "rejection_counts": {"2021_net40_R_NONPOSITIVE": 96, "2021_day_R_NONPOSITIVE": 96, "N_LT_300": 95, "SYMBOLS_LT_10": 95, "TOP_SYMBOL_GT_30PCT": 95, "NET40_MEAN_BP_NONPOSITIVE": 95, "NET40_R_MEAN_NONPOSITIVE": 95, "2021_N": 95, "2021_DATES": 95, "2021_net40_mean_bp_NONPOSITIVE": 95, "2022_N": 95, "2022_DATES": 95, "2022_net40_R_NONPOSITIVE": 95, "2022_net40_mean_bp_NONPOSITIVE": 95, "2022_day_R_NONPOSITIVE": 95, "2023_N": 95, "2023_DATES": 95, "2023_net40_R_NONPOSITIVE": 95, "2023_net40_mean_bp_NONPOSITIVE": 95, "2023_day_R_NONPOSITIVE": 95}, "note": "Overlapping parameterized outcomes and active-date means are diagnostics, not executable account profits."}
2026-10-08T10:06:09.3591571Z V9_LEADER_SELECT {"status": "NO_DEVELOPMENT_POLICY_SURVIVOR", "cells_examined": 96, "selected": [], "policies": [], "union_name": "CROSS_SECTIONAL_LEADER_UNION", "rank_manifest_sha256": "300a54f20d8143e3db53309df0f4e794904a32ab152168953851353dcd2ab5ae", "rank_data_sha256": "dddddddddddddddddddddddddddddddddddddddddddddddddddddddddddddddd", "source_symbols": 8, "economic_surviving_cells": 0, "rejection_counts": {"2022_net40_mean_bp_NONPOSITIVE": 96, "N_LT_300": 95, "SYMBOLS_LT_10": 95, "TOP_SYMBOL_GT_30PCT": 95, "NET40_MEAN_BP_NONPOSITIVE": 95, "NET40_R_MEAN_NONPOSITIVE": 95, "2021_N": 95, "2021_DATES": 95, "2021_net40_R_NONPOSITIVE": 95, "2021_net40_mean_bp_NONPOSITIVE": 95, "2021_day_R_NONPOSITIVE": 95, "2022_N": 95, "2022_DATES": 95, "2022_net40_R_NONPOSITIVE": 95, "2022_day_R_NONPOSITIVE": 95, "2023_N": 95, "2023_DATES": 95, "2023_net40_R_NONPOSITIVE": 95, "2023_net40_mean_bp_NONPOSITIVE": 95, "2023_day_R_NONPOSITIVE": 95}, "note": "Overlapping parameterized outcomes and active-date means are diagnostics, not executable account profits."}
2026-10-08T10:06:09.6176047Z V9_LEADER_SELECT {"status": "NO_DEVELOPMENT_POLICY_SURVIVOR", "cells_examined": 96, "selected": [], "policies": [], "union_name": "CROSS_SECTIONAL_LEADER_UNION", "rank_manifest_sha256": "300a54f20d8143e3db53309df0f4e794904a32ab152168953851353dcd2ab5ae", "rank_data_sha256": "dddddddddddddddddddddddddddddddddddddddddddddddddddddddddddddddd", "source_symbols": 8, "economic_surviving_cells": 0, "rejection_counts": {"2022_net40_R_NONPOSITIVE": 96, "2022_day_R_NONPOSITIVE": 96, "N_LT_300": 95, "SYMBOLS_LT_10": 95, "TOP_SYMBOL_GT_30PCT": 95, "NET40_MEAN_BP_NONPOSITIVE": 95, "NET40_R_MEAN_NONPOSITIVE": 95, "2021_N": 95, "2021_DATES": 95, "2021_net40_R_NONPOSITIVE": 95, "2021_net40_mean_bp_NONPOSITIVE": 95, "2021_day_R_NONPOSITIVE": 95, "2022_N": 95, "2022_DATES": 95, "2022_net40_mean_bp_NONPOSITIVE": 95, "2023_N": 95, "2023_DATES": 95, "2023_net40_R_NONPOSITIVE": 95, "2023_net40_mean_bp_NONPOSITIVE": 95, "2023_day_R_NONPOSITIVE": 95}, "note": "Overlapping parameterized outcomes and active-date means are diagnostics, not executable account profits."}
2026-10-08T10:06:09.8772349Z V9_LEADER_SELECT {"status": "NO_DEVELOPMENT_POLICY_SURVIVOR", "cells_examined": 96, "selected": [], "policies": [], "union_name": "CROSS_SECTIONAL_LEADER_UNION", "rank_manifest_sha256": "300a54f20d8143e3db53309df0f4e794904a32ab152168953851353dcd2ab5ae", "rank_data_sha256": "dddddddddddddddddddddddddddddddddddddddddddddddddddddddddddddddd", "source_symbols": 8, "economic_surviving_cells": 0, "rejection_counts": {"2023_net40_mean_bp_NONPOSITIVE": 96, "N_LT_300": 95, "SYMBOLS_LT_10": 95, "TOP_SYMBOL_GT_30PCT": 95, "NET40_MEAN_BP_NONPOSITIVE": 95, "NET40_R_MEAN_NONPOSITIVE": 95, "2021_N": 95, "2021_DATES": 95, "2021_net40_R_NONPOSITIVE": 95, "2021_net40_mean_bp_NONPOSITIVE": 95, "2021_day_R_NONPOSITIVE": 95, "2022_N": 95, "2022_DATES": 95, "2022_net40_R_NONPOSITIVE": 95, "2022_net40_mean_bp_NONPOSITIVE": 95, "2022_day_R_NONPOSITIVE": 95, "2023_N": 95, "2023_DATES": 95, "2023_net40_R_NONPOSITIVE": 95, "2023_day_R_NONPOSITIVE": 95}, "note": "Overlapping parameterized outcomes and active-date means are diagnostics, not executable account profits."}
2026-10-08T10:06:10.1387974Z V9_LEADER_SELECT {"status": "NO_DEVELOPMENT_POLICY_SURVIVOR", "cells_examined": 96, "selected": [], "policies": [], "union_name": "CROSS_SECTIONAL_LEADER_UNION", "rank_manifest_sha256": "300a54f20d8143e3db53309df0f4e794904a32ab152168953851353dcd2ab5ae", "rank_data_sha256": "dddddddddddddddddddddddddddddddddddddddddddddddddddddddddddddddd", "source_symbols": 8, "economic_surviving_cells": 0, "rejection_counts": {"2023_net40_R_NONPOSITIVE": 96, "2023_day_R_NONPOSITIVE": 96, "N_LT_300": 95, "SYMBOLS_LT_10": 95, "TOP_SYMBOL_GT_30PCT": 95, "NET40_MEAN_BP_NONPOSITIVE": 95, "NET40_R_MEAN_NONPOSITIVE": 95, "2021_N": 95, "2021_DATES": 95, "2021_net40_R_NONPOSITIVE": 95, "2021_net40_mean_bp_NONPOSITIVE": 95, "2021_day_R_NONPOSITIVE": 95, "2022_N": 95, "2022_DATES": 95, "2022_net40_R_NONPOSITIVE": 95, "2022_net40_mean_bp_NONPOSITIVE": 95, "2022_day_R_NONPOSITIVE": 95, "2023_N": 95, "2023_DATES": 95, "2023_net40_mean_bp_NONPOSITIVE": 95}, "note": "Overlapping parameterized outcomes and active-date means are diagnostics, not executable account profits."}
2026-10-08T10:06:10.3986324Z V9_LEADER_SELECT {"status": "NO_DEVELOPMENT_POLICY_SURVIVOR", "cells_examined": 96, "selected": [], "policies": [], "union_name": "CROSS_SECTIONAL_LEADER_UNION", "rank_manifest_sha256": "300a54f20d8143e3db53309df0f4e794904a32ab152168953851353dcd2ab5ae", "rank_data_sha256": "dddddddddddddddddddddddddddddddddddddddddddddddddddddddddddddddd", "source_symbols": 8, "economic_surviving_cells": 0, "rejection_counts": {"2021_DATES": 96, "2022_DATES": 96, "2023_DATES": 96, "N_LT_300": 95, "SYMBOLS_LT_10": 95, "TOP_SYMBOL_GT_30PCT": 95, "NET40_MEAN_BP_NONPOSITIVE": 95, "NET40_R_MEAN_NONPOSITIVE": 95, "2021_N": 95, "2021_net40_R_NONPOSITIVE": 95, "2021_net40_mean_bp_NONPOSITIVE": 95, "2021_day_R_NONPOSITIVE": 95, "2022_N": 95, "2022_net40_R_NONPOSITIVE": 95, "2022_net40_mean_bp_NONPOSITIVE": 95, "2022_day_R_NONPOSITIVE": 95, "2023_N": 95, "2023_net40_R_NONPOSITIVE": 95, "2023_net40_mean_bp_NONPOSITIVE": 95, "2023_day_R_NONPOSITIVE": 95}, "note": "Overlapping parameterized outcomes and active-date means are diagnostics, not executable account profits."}
2026-10-08T10:06:10.4001640Z ok
2026-10-08T10:06:10.6421956Z test_empty_cells_still_count96_and_do_not_select (test_cross_sectional_leader_v9.SelectionTests.test_empty_cells_still_count96_and_do_not_select) ... V9_LEADER_SELECT {"status": "NO_DEVELOPMENT_POLICY_SURVIVOR", "cells_examined": 96, "selected": [], "policies": [], "union_name": "CROSS_SECTIONAL_LEADER_UNION", "rank_manifest_sha256": "300a54f20d8143e3db53309df0f4e794904a32ab152168953851353dcd2ab5ae", "rank_data_sha256": "dddddddddddddddddddddddddddddddddddddddddddddddddddddddddddddddd", "source_symbols": 8, "economic_surviving_cells": 0, "rejection_counts": {"N_LT_300": 96, "SYMBOLS_LT_10": 96, "TOP_SYMBOL_GT_30PCT": 96, "NET40_MEAN_BP_NONPOSITIVE": 96, "NET40_R_MEAN_NONPOSITIVE": 96, "2021_N": 96, "2021_DATES": 96, "2021_net40_R_NONPOSITIVE": 96, "2021_net40_mean_bp_NONPOSITIVE": 96, "2021_day_R_NONPOSITIVE": 96, "2022_N": 96, "2022_DATES": 96, "2022_net40_R_NONPOSITIVE": 96, "2022_net40_mean_bp_NONPOSITIVE": 96, "2022_day_R_NONPOSITIVE": 96, "2023_N": 96, "2023_DATES": 96, "2023_net40_R_NONPOSITIVE": 96, "2023_net40_mean_bp_NONPOSITIVE": 96, "2023_day_R_NONPOSITIVE": 96}, "note": "Overlapping parameterized outcomes and active-date means are diagnostics, not executable account profits."}
2026-10-08T10:06:10.6453686Z ok
2026-10-08T10:06:10.7060668Z test_incomplete_duplicate_shard_or_modified_ledger_fails (test_cross_sectional_leader_v9.SelectionTests.test_incomplete_duplicate_shard_or_modified_ledger_fails) ... ok
2026-10-08T10:06:10.7062783Z test_actual_max_hold_used_in_stop_risk_budget (test_day_edge_canonical.CanonicalTests.test_actual_max_hold_used_in_stop_risk_budget) ... ok
2026-10-08T10:06:10.7064915Z test_authoritative_mismatch_is_not_a_fake_loss (test_day_edge_canonical.CanonicalTests.test_authoritative_mismatch_is_not_a_fake_loss) ... ok
2026-10-08T10:06:10.7066565Z test_beyond_one_week_is_rejected (test_day_edge_canonical.CanonicalTests.test_beyond_one_week_is_rejected) ... ok
2026-10-08T10:06:10.7097070Z test_curve_preserves_peak_before_new_entry_cost (test_day_edge_canonical.CanonicalTests.test_curve_preserves_peak_before_new_entry_cost) ... ok
2026-10-08T10:06:10.7100363Z test_entry_bar_calls_authority_even_single_tp (test_day_edge_canonical.CanonicalTests.test_entry_bar_calls_authority_even_single_tp) ... ok
2026-10-08T10:06:10.7101611Z test_gap_sl_fills_at_worse_open (test_day_edge_canonical.CanonicalTests.test_gap_sl_fills_at_worse_open) ... ok
2026-10-08T10:06:10.7106904Z test_incomplete_shards_fail_closed (test_day_edge_canonical.CanonicalTests.test_incomplete_shards_fail_closed) ... ok
2026-10-08T10:06:10.7108010Z test_missing_path_is_excluded (test_day_edge_canonical.CanonicalTests.test_missing_path_is_excluded) ... ok
2026-10-08T10:06:10.7111671Z test_parent_collision_uses_minute_authority (test_day_edge_canonical.CanonicalTests.test_parent_collision_uses_minute_authority) ... ok
2026-10-08T10:06:10.7113490Z test_short_has_linear_entry_denominator (test_day_edge_canonical.CanonicalTests.test_short_has_linear_entry_denominator) ... ok
2026-10-08T10:06:10.7115230Z test_timeout_cannot_cross_split (test_day_edge_canonical.CanonicalTests.test_timeout_cannot_cross_split) ... ok
2026-10-08T10:06:10.7116848Z test_timeout_is_exact_seed_deadline (test_day_edge_canonical.CanonicalTests.test_timeout_is_exact_seed_deadline) ... ok
2026-10-08T10:06:10.7119013Z test_trailing_stop_only_activates_after_bar_close (test_day_edge_canonical.CanonicalTests.test_trailing_stop_only_activates_after_bar_close) ... ok
2026-10-08T10:06:10.7153866Z test_union_tie_uses_entry_priority_not_future_outcome (test_day_edge_canonical.CanonicalTests.test_union_tie_uses_entry_priority_not_future_outcome) ... ok
2026-10-08T10:06:10.7174377Z test_btc_missing_timestamp_is_not_forward_filled (test_day_edge_lab.ScoutTests.test_btc_missing_timestamp_is_not_forward_filled) ... ok
2026-10-08T10:06:10.7176104Z test_configurations_are_predeclared_and_distinct (test_day_edge_lab.ScoutTests.test_configurations_are_predeclared_and_distinct) ... ok
2026-10-08T10:06:10.7219182Z test_eligibility_uses_age_and_past_turnover (test_day_edge_lab.ScoutTests.test_eligibility_uses_age_and_past_turnover) ... ok
2026-10-08T10:06:10.7263462Z test_features_are_invariant_to_future_changes (test_day_edge_lab.ScoutTests.test_features_are_invariant_to_future_changes) ... ok
2026-10-08T10:06:10.7295610Z test_features_restart_after_gaps (test_day_edge_lab.ScoutTests.test_features_restart_after_gaps) ... ok
2026-10-08T10:06:10.7305696Z test_missing_bar_excludes_fixed_time_event (test_day_edge_lab.ScoutTests.test_missing_bar_excludes_fixed_time_event) ... ok
2026-10-08T10:06:10.7531438Z test_missing_year_cannot_pass_selection (test_day_edge_lab.ScoutTests.test_missing_year_cannot_pass_selection) ... MERGE_DONE {"status": "NO_CELL_PASSED_FROZEN_GATE", "cells_examined": 144, "shard_count": 1, "eligible_cells": [], "selected": [], "observations": "Overlapping across coins; NO account return inference."}
2026-10-08T10:06:10.7535725Z ok
2026-10-08T10:06:10.7543470Z test_next_open_entry_and_fixed_open_exit (test_day_edge_lab.ScoutTests.test_next_open_entry_and_fixed_open_exit) ... ok
2026-10-08T10:06:10.7559435Z test_outcome_cannot_cross_split (test_day_edge_lab.ScoutTests.test_outcome_cannot_cross_split) ... ok
2026-10-08T10:06:10.7578279Z test_quote_volume_baseline_excludes_latest_hour (test_day_edge_lab.ScoutTests.test_quote_volume_baseline_excludes_latest_hour) ... ok
2026-10-08T10:06:10.7584635Z test_scheduled_nonoverlap_does_not_use_outcome (test_day_edge_lab.ScoutTests.test_scheduled_nonoverlap_does_not_use_outcome) ... ok
2026-10-08T10:06:10.7591040Z test_short_has_linear_entry_denominator (test_day_edge_lab.ScoutTests.test_short_has_linear_entry_denominator) ... ok
2026-10-08T10:06:10.7592702Z test_signal_onset_uses_only_previous_closed_state (test_day_edge_lab.ScoutTests.test_signal_onset_uses_only_previous_closed_state) ... ok
2026-10-08T10:06:10.7795050Z test_all_immutable_cache_components_fail_closed_without_redownload (test_funding_crowding_v7.ArchiveTests.test_all_immutable_cache_components_fail_closed_without_redownload) ... ok
2026-10-08T10:06:10.7919830Z test_invalid_timestamp_interval_and_rate_are_rejected (test_funding_crowding_v7.ArchiveTests.test_invalid_timestamp_interval_and_rate_are_rejected) ... ok
2026-10-08T10:06:10.7931061Z test_missing_archive_is_recorded_explicitly (test_funding_crowding_v7.ArchiveTests.test_missing_archive_is_recorded_explicitly) ... ok
2026-10-08T10:06:10.7973694Z test_missing_checksum_and_mismatch_preserve_raw_failure_not_zero (test_funding_crowding_v7.ArchiveTests.test_missing_checksum_and_mismatch_preserve_raw_failure_not_zero) ... ok
2026-10-08T10:06:10.8006835Z test_official_header_and_headerless_arrays_agree (test_funding_crowding_v7.ArchiveTests.test_official_header_and_headerless_arrays_agree) ... ok
2026-10-08T10:06:10.8063912Z test_original_bytes_checksum_and_verified_cache_are_preserved (test_funding_crowding_v7.ArchiveTests.test_original_bytes_checksum_and_verified_cache_are_preserved) ... ok
2026-10-08T10:06:10.8090184Z test_original_minute_archive_is_retained_and_frozen_hash_cannot_be_replaced (test_funding_crowding_v7.ArchiveTests.test_original_minute_archive_is_retained_and_frozen_hash_cannot_be_replaced) ... ok
2026-10-08T10:06:10.8105164Z test_transient_exhaustion_stops_and_keeps_downloaded_bytes (test_funding_crowding_v7.ArchiveTests.test_transient_exhaustion_stops_and_keeps_downloaded_bytes) ... ok
2026-10-08T10:06:10.8132286Z test_asof_matches_independent_record_by_record_oracle (test_funding_crowding_v7.AvailabilityTests.test_asof_matches_independent_record_by_record_oracle) ... ok
2026-10-08T10:06:10.8153154Z test_future_funding_perturbation_cannot_change_earlier_decisions (test_funding_crowding_v7.AvailabilityTests.test_future_funding_perturbation_cannot_change_earlier_decisions) ... ok
2026-10-08T10:06:10.8159115Z test_lagged_timestamp_and_variable_interval_normalization (test_funding_crowding_v7.AvailabilityTests.test_lagged_timestamp_and_variable_interval_normalization) ... ok
2026-10-08T10:06:10.8169217Z test_missing_month_cannot_carry_previous_rate_and_stale_interval_expires (test_funding_crowding_v7.AvailabilityTests.test_missing_month_cannot_carry_previous_rate_and_stale_interval_expires) ... ok
2026-10-08T10:06:10.8184761Z test_stage_end_is_physically_filtered_and_previous_month_loaded (test_funding_crowding_v7.AvailabilityTests.test_stage_end_is_physically_filtered_and_previous_month_loaded) ... ok
2026-10-08T10:06:10.8190548Z test_twentyfour_hour_interval_still_expires_after_twelve_hours (test_funding_crowding_v7.AvailabilityTests.test_twentyfour_hour_interval_still_expires_after_twelve_hours) ... ok
2026-10-08T10:06:10.8195354Z test_actual_next_open_stop_and_priority_use_available_inputs (test_funding_crowding_v7.EconomicTimingTests.test_actual_next_open_stop_and_priority_use_available_inputs) ... ok
2026-10-08T10:06:10.8203229Z test_actual_risk_tp_and_shared_canonical_exclusion (test_funding_crowding_v7.EconomicTimingTests.test_actual_risk_tp_and_shared_canonical_exclusion) ... ok
2026-10-08T10:06:10.8206208Z test_any_btc_can_be_missing_but_alignment_requires_exact_direction (test_funding_crowding_v7.EconomicTimingTests.test_any_btc_can_be_missing_but_alignment_requires_exact_direction) ... ok
2026-10-08T10:06:10.8213620Z test_entry_gap_stop_floor_and_overwide_stop_are_explicit (test_funding_crowding_v7.EconomicTimingTests.test_entry_gap_stop_floor_and_overwide_stop_are_explicit) ... ok
2026-10-08T10:06:10.8219751Z test_flow_and_reclaim_reject_their_opposite_confirmations (test_funding_crowding_v7.EconomicTimingTests.test_flow_and_reclaim_reject_their_opposite_confirmations) ... ok
2026-10-08T10:06:10.8222520Z test_intent_cooldown_uses_fixed_history_not_future_exit (test_funding_crowding_v7.EconomicTimingTests.test_intent_cooldown_uses_fixed_history_not_future_exit) ... ok
2026-10-08T10:06:10.8236595Z test_mirrored_long_negative_short_positive_with_each_confirmation (test_funding_crowding_v7.EconomicTimingTests.test_mirrored_long_negative_short_positive_with_each_confirmation) ... ok
2026-10-08T10:06:10.8239325Z test_missing_funding_is_rejected_even_if_price_and_flow_pass (test_funding_crowding_v7.EconomicTimingTests.test_missing_funding_is_rejected_even_if_price_and_flow_pass) ... ok
2026-10-08T10:06:10.8297148Z test_prior_atr_range_and_volume_exclude_current_and_future_bars (test_funding_crowding_v7.EconomicTimingTests.test_prior_atr_range_and_volume_exclude_current_and_future_bars) ... ok
2026-10-08T10:06:10.8302366Z test_sixteen_entries_and_ninety_six_unique_frozen_policies (test_funding_crowding_v7.EconomicTimingTests.test_sixteen_entries_and_ninety_six_unique_frozen_policies) ... ok
2026-10-08T10:06:10.8304640Z test_duplicate_universe_coverage_cannot_be_counted_twice (test_funding_crowding_v7.SelectionCoverageTests.test_duplicate_universe_coverage_cannot_be_counted_twice) ... ok
2026-10-08T10:06:11.0951709Z test_full96cells_and_kst_year_selection_after95percent_gate (test_funding_crowding_v7.SelectionCoverageTests.test_full96cells_and_kst_year_selection_after95percent_gate) ... FUNDING_SELECT {"status": "ACCOUNT_REPLAY_REQUIRED", "cells_examined": 96, "selected": [{"key": "FUNDING_S+1_F5_RECLAIM_ANY", "side": 1, "threshold": 0.0005, "confirmation": "RECLAIM", "btc": "ANY", "hold": 24, "exit_type": "TP2", "policy": "FUNDING_S+1_F5_RECLAIM_ANY__H24__TP2", "development_net40_R": 0.5, "development_worst_year_day_R": 0.5}], "policies": [{"key": "FUNDING_S+1_F5_RECLAIM_ANY", "side": 1, "threshold": 0.0005, "confirmation": "RECLAIM", "btc": "ANY", "hold": 24, "exit_type": "TP2", "policy": "FUNDING_S+1_F5_RECLAIM_ANY__H24__TP2", "development_net40_R": 0.5, "development_worst_year_day_R": 0.5}], "union_name": "FUNDING_UNION", "funding_coverage": {"passed": true, "minimum_fraction": 0.95, "years": {"2022": {"eligible": 800, "known": 760, "unavailable": 40, "fraction": 0.95}, "2023": {"eligible": 800, "known": 760, "unavailable": 40, "fraction": 0.95}}, "symbols": 8}, "note": "Independent overlapping policies and active-entry-date means are diagnostics, not account profits."}
2026-10-08T10:06:11.0985323Z ok
2026-10-08T10:06:11.3479416Z test_positive_results_cannot_hide_input_insufficiency (test_funding_crowding_v7.SelectionCoverageTests.test_positive_results_cannot_hide_input_insufficiency) ... FUNDING_SELECT {"status": "SOURCE_COVERAGE_INSUFFICIENT", "cells_examined": 96, "selected": [], "policies": [], "union_name": "FUNDING_UNION", "funding_coverage": {"passed": false, "minimum_fraction": 0.95, "years": {"2022": {"eligible": 800, "known": 752, "unavailable": 48, "fraction": 0.94}, "2023": {"eligible": 800, "known": 760, "unavailable": 40, "fraction": 0.95}}, "symbols": 8}, "note": "Independent overlapping policies and active-entry-date means are diagnostics, not account profits."}
2026-10-08T10:06:11.3495547Z ok
2026-10-08T10:06:11.5966690Z test_price_r_date_frequency_and_empty_cells_reject_independently (test_funding_crowding_v7.SelectionCoverageTests.test_price_r_date_frequency_and_empty_cells_reject_independently) ... FUNDING_SELECT {"status": "NO_DEVELOPMENT_POLICY_SURVIVOR", "cells_examined": 96, "selected": [], "policies": [], "union_name": "FUNDING_UNION", "funding_coverage": {"passed": true, "minimum_fraction": 0.95, "years": {"2022": {"eligible": 800, "known": 760, "unavailable": 40, "fraction": 0.95}, "2023": {"eligible": 800, "known": 760, "unavailable": 40, "fraction": 0.95}}, "symbols": 8}, "note": "Independent overlapping policies and active-entry-date means are diagnostics, not account profits."}
2026-10-08T10:06:11.8473678Z FUNDING_SELECT {"status": "NO_DEVELOPMENT_POLICY_SURVIVOR", "cells_examined": 96, "selected": [], "policies": [], "union_name": "FUNDING_UNION", "funding_coverage": {"passed": true, "minimum_fraction": 0.95, "years": {"2022": {"eligible": 800, "known": 760, "unavailable": 40, "fraction": 0.95}, "2023": {"eligible": 800, "known": 760, "unavailable": 40, "fraction": 0.95}}, "symbols": 8}, "note": "Independent overlapping policies and active-entry-date means are diagnostics, not account profits."}
2026-10-08T10:06:12.0976541Z FUNDING_SELECT {"status": "NO_DEVELOPMENT_POLICY_SURVIVOR", "cells_examined": 96, "selected": [], "policies": [], "union_name": "FUNDING_UNION", "funding_coverage": {"passed": true, "minimum_fraction": 0.95, "years": {"2022": {"eligible": 800, "known": 760, "unavailable": 40, "fraction": 0.95}, "2023": {"eligible": 800, "known": 760, "unavailable": 40, "fraction": 0.95}}, "symbols": 8}, "note": "Independent overlapping policies and active-entry-date means are diagnostics, not account profits."}
2026-10-08T10:06:12.3344764Z FUNDING_SELECT {"status": "NO_DEVELOPMENT_POLICY_SURVIVOR", "cells_examined": 96, "selected": [], "policies": [], "union_name": "FUNDING_UNION", "funding_coverage": {"passed": true, "minimum_fraction": 0.95, "years": {"2022": {"eligible": 800, "known": 760, "unavailable": 40, "fraction": 0.95}, "2023": {"eligible": 800, "known": 760, "unavailable": 40, "fraction": 0.95}}, "symbols": 8}, "note": "Independent overlapping policies and active-entry-date means are diagnostics, not account profits."}
2026-10-08T10:06:12.3373246Z ok
2026-10-08T10:06:12.3382746Z test_checksum_mismatch_is_explicit_gap (test_liquidity_sweep_v5.MinuteTests.test_checksum_mismatch_is_explicit_gap) ... ok
2026-10-08T10:06:12.3394794Z test_definitive_missing_archive_and_checksum_excluded (test_liquidity_sweep_v5.MinuteTests.test_definitive_missing_archive_and_checksum_excluded) ... ok
2026-10-08T10:06:12.3439857Z test_exact_authoritative_slice_and_provenance_are_preserved (test_liquidity_sweep_v5.MinuteTests.test_exact_authoritative_slice_and_provenance_are_preserved) ... ok
2026-10-08T10:06:12.3446471Z test_exhausted_transient_error_is_not_fabricated_data_gap (test_liquidity_sweep_v5.MinuteTests.test_exhausted_transient_error_is_not_fabricated_data_gap) ... ok
2026-10-08T10:06:12.3504862Z test_gapped_or_bad_geometry_official_archive_excluded (test_liquidity_sweep_v5.MinuteTests.test_gapped_or_bad_geometry_official_archive_excluded) ... ok
2026-10-08T10:06:12.3546303Z test_legacy_cache_without_original_checksum_is_not_trusted (test_liquidity_sweep_v5.MinuteTests.test_legacy_cache_without_original_checksum_is_not_trusted) ... ok
2026-10-08T10:06:12.3594856Z test_official_header_and_headerless_values_agree (test_liquidity_sweep_v5.MinuteTests.test_official_header_and_headerless_values_agree) ... ok
2026-10-08T10:06:12.3641435Z test_original_zip_checksum_then_verified_cache (test_liquidity_sweep_v5.MinuteTests.test_original_zip_checksum_then_verified_cache) ... ok
2026-10-08T10:06:12.3648789Z test_shared_canonical_resolver_excludes_checksum_gap (test_liquidity_sweep_v5.MinuteTests.test_shared_canonical_resolver_excludes_checksum_gap) ... ok
2026-10-08T10:06:12.3686491Z test_shared_canonical_resolver_keeps_entry_minute_tp_only_as_loss (test_liquidity_sweep_v5.MinuteTests.test_shared_canonical_resolver_keeps_entry_minute_tp_only_as_loss) ... ok
2026-10-08T10:06:12.3726298Z test_verified_cache_corruption_fails_without_replacement (test_liquidity_sweep_v5.MinuteTests.test_verified_cache_corruption_fails_without_replacement) ... ok
2026-10-08T10:06:12.3792433Z test_actual_entry_and_closed_sweep_anchored_sl (test_liquidity_sweep_v5.SweepTests.test_actual_entry_and_closed_sweep_anchored_sl) ... ok
2026-10-08T10:06:12.6265914Z test_all_cells_preserved_and_year_is_kst (test_liquidity_sweep_v5.SweepTests.test_all_cells_preserved_and_year_is_kst) ... SWEEP_SELECT {"status": "ACCOUNT_REPLAY_REQUIRED", "cells_examined": 96, "selected": [{"key": "SWEEP_S+1_W48_A55_ANY", "side": 1, "window": 48, "flow": 0.55, "btc": "ANY", "hold": 24, "exit_type": "TP2", "policy": "SWEEP_S+1_W48_A55_ANY__H24__TP2", "development_net40_R": 0.5, "development_worst_year_day_R": 0.5}], "policies": [{"key": "SWEEP_S+1_W48_A55_ANY", "side": 1, "window": 48, "flow": 0.55, "btc": "ANY", "hold": 24, "exit_type": "TP2", "policy": "SWEEP_S+1_W48_A55_ANY__H24__TP2", "development_net40_R": 0.5, "development_worst_year_day_R": 0.5}], "union_name": "SWEEP_UNION", "note": "Independent overlapping policies and active-entry-date means are diagnostics, not account profits."}
2026-10-08T10:06:12.6301511Z ok
2026-10-08T10:06:12.6337409Z test_btc_missing_fails_alignment_but_any_ignores_it (test_liquidity_sweep_v5.SweepTests.test_btc_missing_fails_alignment_but_any_ignores_it) ... ok
2026-10-08T10:06:12.8785442Z test_clustered_entry_days_cannot_satisfy_frequency (test_liquidity_sweep_v5.SweepTests.test_clustered_entry_days_cannot_satisfy_frequency) ... SWEEP_SELECT {"status": "NO_DEVELOPMENT_POLICY_SURVIVOR", "cells_examined": 96, "selected": [], "policies": [], "union_name": "SWEEP_UNION", "note": "Independent overlapping policies and active-entry-date means are diagnostics, not account profits."}
2026-10-08T10:06:12.8802116Z ok
2026-10-08T10:06:12.8839980Z test_cooldown_uses_intents_not_future_outcomes (test_liquidity_sweep_v5.SweepTests.test_cooldown_uses_intents_not_future_outcomes) ... ok
2026-10-08T10:06:12.8842580Z test_empty_source_stops_before_minute_retrieval (test_liquidity_sweep_v5.SweepTests.test_empty_source_stops_before_minute_retrieval) ... ok
2026-10-08T10:06:12.8905205Z test_flow_threshold_boundary_is_symmetric (test_liquidity_sweep_v5.SweepTests.test_flow_threshold_boundary_is_symmetric) ... ok
2026-10-08T10:06:12.9003467Z test_future_perturbation_preserves_every_past_feature (test_liquidity_sweep_v5.SweepTests.test_future_perturbation_preserves_every_past_feature) ... ok
2026-10-08T10:06:12.9059421Z test_gaps_reset_range_and_volume_history (test_liquidity_sweep_v5.SweepTests.test_gaps_reset_range_and_volume_history) ... ok
2026-10-08T10:06:12.9062726Z test_grid_is_frozen_and_unique (test_liquidity_sweep_v5.SweepTests.test_grid_is_frozen_and_unique) ... ok
2026-10-08T10:06:12.9222348Z test_incomplete_parts_rejected (test_liquidity_sweep_v5.SweepTests.test_incomplete_parts_rejected) ... ok
2026-10-08T10:06:12.9254858Z test_invalid_gap_fill_is_not_a_valid_stop (test_liquidity_sweep_v5.SweepTests.test_invalid_gap_fill_is_not_a_valid_stop) ... ok
2026-10-08T10:06:12.9318293Z test_minimum_stop_and_above_eight_percent_exclusion (test_liquidity_sweep_v5.SweepTests.test_minimum_stop_and_above_eight_percent_exclusion) ... ok
2026-10-08T10:06:13.1767422Z test_positive_r_cannot_hide_negative_annual_price_return (test_liquidity_sweep_v5.SweepTests.test_positive_r_cannot_hide_negative_annual_price_return) ... SWEEP_SELECT {"status": "NO_DEVELOPMENT_POLICY_SURVIVOR", "cells_examined": 96, "selected": [], "policies": [], "union_name": "SWEEP_UNION", "note": "Independent overlapping policies and active-entry-date means are diagnostics, not account profits."}
2026-10-08T10:06:13.1783929Z ok
2026-10-08T10:06:13.1849067Z test_price_must_reject_inside_known_range (test_liquidity_sweep_v5.SweepTests.test_price_must_reject_inside_known_range) ... ok
2026-10-08T10:06:13.1908790Z test_prior_baselines_cannot_use_current_candle (test_liquidity_sweep_v5.SweepTests.test_prior_baselines_cannot_use_current_candle) ... ok
2026-10-08T10:06:13.1971318Z test_sides_require_opposite_aggressive_flow (test_liquidity_sweep_v5.SweepTests.test_sides_require_opposite_aggressive_flow) ... ok
2026-10-08T10:06:13.2003061Z test_sweep_has_prior_atr_minimum_distance (test_liquidity_sweep_v5.SweepTests.test_sweep_has_prior_atr_minimum_distance) ... ok
2026-10-08T10:06:13.2092489Z test_wick_body_and_volume_must_agree (test_liquidity_sweep_v5.SweepTests.test_wick_body_and_volume_must_agree) ... ok
2026-10-08T10:06:13.2142264Z test_404_checksum_failure_and_transient_are_not_zero_imputed (test_premium_absorption_v8.ArchiveTests.test_404_checksum_failure_and_transient_are_not_zero_imputed) ... ok
2026-10-08T10:06:13.2380007Z test_each_verified_cache_component_corruption_fails_without_redownload (test_premium_absorption_v8.ArchiveTests.test_each_verified_cache_component_corruption_fails_without_redownload) ... ok
2026-10-08T10:06:13.2389484Z test_exact_alignment_missing_month_and_stage_cut (test_premium_absorption_v8.ArchiveTests.test_exact_alignment_missing_month_and_stage_cut) ... ok
2026-10-08T10:06:13.2399897Z test_future_premium_cannot_change_prior_alignment (test_premium_absorption_v8.ArchiveTests.test_future_premium_cannot_change_prior_alignment) ... ok
2026-10-08T10:06:13.2532244Z test_invalid_width_header_timestamp_geometry_and_values_fail (test_premium_absorption_v8.ArchiveTests.test_invalid_width_header_timestamp_geometry_and_values_fail) ... ok
2026-10-08T10:06:13.2542871Z test_load_symbol_includes_previous_month_but_never_future_stage (test_premium_absorption_v8.ArchiveTests.test_load_symbol_includes_previous_month_but_never_future_stage) ... ok
2026-10-08T10:06:13.2612582Z test_original_checksum_npz_and_verified_cache_are_immutable (test_premium_absorption_v8.ArchiveTests.test_original_checksum_npz_and_verified_cache_are_immutable) ... ok
2026-10-08T10:06:13.2659441Z test_signed_header_and_headerless_arrays_agree (test_premium_absorption_v8.ArchiveTests.test_signed_header_and_headerless_arrays_agree) ... ok
2026-10-08T10:06:13.2717419Z test_current_and_future_price_cannot_change_prior_baselines (test_premium_absorption_v8.EconomicTests.test_current_and_future_price_cannot_change_prior_baselines) ... ok
2026-10-08T10:06:13.2723835Z test_entry_gap_floor_overwide_stop_and_path_gap_are_explicit (test_premium_absorption_v8.EconomicTests.test_entry_gap_floor_overwide_stop_and_path_gap_are_explicit) ... ok
2026-10-08T10:06:13.2726070Z test_fixed_intent_cooldown_not_future_exit (test_premium_absorption_v8.EconomicTests.test_fixed_intent_cooldown_not_future_exit) ... ok
2026-10-08T10:06:13.2733231Z test_flow_volume_price_and_btc_filters (test_premium_absorption_v8.EconomicTests.test_flow_volume_price_and_btc_filters) ... ok
2026-10-08T10:06:13.2741080Z test_mirrored_signed_dislocation_and_normalization (test_premium_absorption_v8.EconomicTests.test_mirrored_signed_dislocation_and_normalization) ... ok
2026-10-08T10:06:13.2744247Z test_missing_or_noncontiguous_premium_invalidates_signal (test_premium_absorption_v8.EconomicTests.test_missing_or_noncontiguous_premium_invalidates_signal) ... ok
2026-10-08T10:06:13.2747727Z test_next_open_actual_risk_priority_and_future_ohlc_independence (test_premium_absorption_v8.EconomicTests.test_next_open_actual_risk_priority_and_future_ohlc_independence) ... ok
2026-10-08T10:06:13.2750658Z test_normalization_magnitude_and_direction_are_hard_filters (test_premium_absorption_v8.EconomicTests.test_normalization_magnitude_and_direction_are_hard_filters) ... ok
2026-10-08T10:06:13.2757120Z test_shared_resolver_tp_and_exclusion (test_premium_absorption_v8.EconomicTests.test_shared_resolver_tp_and_exclusion) ... ok
2026-10-08T10:06:13.2762258Z test_sixteen_entries_ninety_six_policies (test_premium_absorption_v8.EconomicTests.test_sixteen_entries_ninety_six_policies) ... ok
2026-10-08T10:06:13.5257785Z test_2022_and_2023_price_and_r_still_hard_gates (test_premium_absorption_v8.SelectionTests.test_2022_and_2023_price_and_r_still_hard_gates) ... PREMIUM_SELECT {"status": "NO_DEVELOPMENT_POLICY_SURVIVOR", "cells_examined": 96, "selected": [], "policies": [], "union_name": "PREMIUM_ABSORPTION_UNION", "premium_coverage": {"passed": true, "minimum_fraction": 0.95, "years": {"2021": {"eligible": 800, "known": 760, "unavailable": 40, "fraction": 0.95}, "2022": {"eligible": 800, "known": 760, "unavailable": 40, "fraction": 0.95}, "2023": {"eligible": 800, "known": 760, "unavailable": 40, "fraction": 0.95}}, "symbols": 8}, "note": "Independent overlapping policies and active-entry-date means are diagnostics, not account profits."}
2026-10-08T10:06:13.7749424Z PREMIUM_SELECT {"status": "NO_DEVELOPMENT_POLICY_SURVIVOR", "cells_examined": 96, "selected": [], "policies": [], "union_name": "PREMIUM_ABSORPTION_UNION", "premium_coverage": {"passed": true, "minimum_fraction": 0.95, "years": {"2021": {"eligible": 800, "known": 760, "unavailable": 40, "fraction": 0.95}, "2022": {"eligible": 800, "known": 760, "unavailable": 40, "fraction": 0.95}, "2023": {"eligible": 800, "known": 760, "unavailable": 40, "fraction": 0.95}}, "symbols": 8}, "note": "Independent overlapping policies and active-entry-date means are diagnostics, not account profits."}
2026-10-08T10:06:14.0241065Z PREMIUM_SELECT {"status": "NO_DEVELOPMENT_POLICY_SURVIVOR", "cells_examined": 96, "selected": [], "policies": [], "union_name": "PREMIUM_ABSORPTION_UNION", "premium_coverage": {"passed": true, "minimum_fraction": 0.95, "years": {"2021": {"eligible": 800, "known": 760, "unavailable": 40, "fraction": 0.95}, "2022": {"eligible": 800, "known": 760, "unavailable": 40, "fraction": 0.95}, "2023": {"eligible": 800, "known": 760, "unavailable": 40, "fraction": 0.95}}, "symbols": 8}, "note": "Independent overlapping policies and active-entry-date means are diagnostics, not account profits."}
2026-10-08T10:06:14.2721131Z PREMIUM_SELECT {"status": "NO_DEVELOPMENT_POLICY_SURVIVOR", "cells_examined": 96, "selected": [], "policies": [], "union_name": "PREMIUM_ABSORPTION_UNION", "premium_coverage": {"passed": true, "minimum_fraction": 0.95, "years": {"2021": {"eligible": 800, "known": 760, "unavailable": 40, "fraction": 0.95}, "2022": {"eligible": 800, "known": 760, "unavailable": 40, "fraction": 0.95}, "2023": {"eligible": 800, "known": 760, "unavailable": 40, "fraction": 0.95}}, "symbols": 8}, "note": "Independent overlapping policies and active-entry-date means are diagnostics, not account profits."}
2026-10-08T10:06:14.2736687Z ok
2026-10-08T10:06:14.5253598Z test_95percent_three_year_coverage_and_all96cells (test_premium_absorption_v8.SelectionTests.test_95percent_three_year_coverage_and_all96cells) ... PREMIUM_SELECT {"status": "ACCOUNT_REPLAY_REQUIRED", "cells_examined": 96, "selected": [{"key": "PREMIUM_S+1_P5_N1_ANY", "side": 1, "threshold": 0.0005, "lookback": 1, "btc": "ANY", "hold": 24, "exit_type": "TP2", "policy": "PREMIUM_S+1_P5_N1_ANY__H24__TP2", "development_net40_R": 0.5, "development_worst_year_day_R": 0.5}], "policies": [{"key": "PREMIUM_S+1_P5_N1_ANY", "side": 1, "threshold": 0.0005, "lookback": 1, "btc": "ANY", "hold": 24, "exit_type": "TP2", "policy": "PREMIUM_S+1_P5_N1_ANY__H24__TP2", "development_net40_R": 0.5, "development_worst_year_day_R": 0.5}], "union_name": "PREMIUM_ABSORPTION_UNION", "premium_coverage": {"passed": true, "minimum_fraction": 0.95, "years": {"2021": {"eligible": 800, "known": 760, "unavailable": 40, "fraction": 0.95}, "2022": {"eligible": 800, "known": 760, "unavailable": 40, "fraction": 0.95}, "2023": {"eligible": 800, "known": 760, "unavailable": 40, "fraction": 0.95}}, "symbols": 8}, "note": "Independent overlapping policies and active-entry-date means are diagnostics, not account profits."}
2026-10-08T10:06:14.5281091Z ok
2026-10-08T10:06:14.7749961Z test_below_coverage_is_input_failure_not_alpha (test_premium_absorption_v8.SelectionTests.test_below_coverage_is_input_failure_not_alpha) ... PREMIUM_SELECT {"status": "SOURCE_COVERAGE_INSUFFICIENT", "cells_examined": 96, "selected": [], "policies": [], "union_name": "PREMIUM_ABSORPTION_UNION", "premium_coverage": {"passed": false, "minimum_fraction": 0.95, "years": {"2021": {"eligible": 800, "known": 752, "unavailable": 48, "fraction": 0.94}, "2022": {"eligible": 800, "known": 752, "unavailable": 48, "fraction": 0.94}, "2023": {"eligible": 800, "known": 752, "unavailable": 48, "fraction": 0.94}}, "symbols": 8}, "note": "Independent overlapping policies and active-entry-date means are diagnostics, not account profits."}
2026-10-08T10:06:14.7764947Z ok
2026-10-08T10:06:15.0083953Z test_duplicate_coverage_symbol_and_empty_cells (test_premium_absorption_v8.SelectionTests.test_duplicate_coverage_symbol_and_empty_cells) ... PREMIUM_SELECT {"status": "NO_DEVELOPMENT_POLICY_SURVIVOR", "cells_examined": 96, "selected": [], "policies": [], "union_name": "PREMIUM_ABSORPTION_UNION", "premium_coverage": {"passed": true, "minimum_fraction": 0.95, "years": {"2021": {"eligible": 800, "known": 760, "unavailable": 40, "fraction": 0.95}, "2022": {"eligible": 800, "known": 760, "unavailable": 40, "fraction": 0.95}, "2023": {"eligible": 800, "known": 760, "unavailable": 40, "fraction": 0.95}}, "symbols": 8}, "note": "Independent overlapping policies and active-entry-date means are diagnostics, not account profits."}
2026-10-08T10:06:15.0112385Z ok
2026-10-08T10:06:15.2747146Z test_partial2021_price_r_date_and_frequency_are_hard_gates (test_premium_absorption_v8.SelectionTests.test_partial2021_price_r_date_and_frequency_are_hard_gates) ... PREMIUM_SELECT {"status": "NO_DEVELOPMENT_POLICY_SURVIVOR", "cells_examined": 96, "selected": [], "policies": [], "union_name": "PREMIUM_ABSORPTION_UNION", "premium_coverage": {"passed": true, "minimum_fraction": 0.95, "years": {"2021": {"eligible": 800, "known": 760, "unavailable": 40, "fraction": 0.95}, "2022": {"eligible": 800, "known": 760, "unavailable": 40, "fraction": 0.95}, "2023": {"eligible": 800, "known": 760, "unavailable": 40, "fraction": 0.95}}, "symbols": 8}, "note": "Independent overlapping policies and active-entry-date means are diagnostics, not account profits."}
2026-10-08T10:06:15.5238079Z PREMIUM_SELECT {"status": "NO_DEVELOPMENT_POLICY_SURVIVOR", "cells_examined": 96, "selected": [], "policies": [], "union_name": "PREMIUM_ABSORPTION_UNION", "premium_coverage": {"passed": true, "minimum_fraction": 0.95, "years": {"2021": {"eligible": 800, "known": 760, "unavailable": 40, "fraction": 0.95}, "2022": {"eligible": 800, "known": 760, "unavailable": 40, "fraction": 0.95}, "2023": {"eligible": 800, "known": 760, "unavailable": 40, "fraction": 0.95}}, "symbols": 8}, "note": "Independent overlapping policies and active-entry-date means are diagnostics, not account profits."}
2026-10-08T10:06:15.7735938Z PREMIUM_SELECT {"status": "NO_DEVELOPMENT_POLICY_SURVIVOR", "cells_examined": 96, "selected": [], "policies": [], "union_name": "PREMIUM_ABSORPTION_UNION", "premium_coverage": {"passed": true, "minimum_fraction": 0.95, "years": {"2021": {"eligible": 800, "known": 760, "unavailable": 40, "fraction": 0.95}, "2022": {"eligible": 800, "known": 760, "unavailable": 40, "fraction": 0.95}, "2023": {"eligible": 800, "known": 760, "unavailable": 40, "fraction": 0.95}}, "symbols": 8}, "note": "Independent overlapping policies and active-entry-date means are diagnostics, not account profits."}
2026-10-08T10:06:16.0237565Z PREMIUM_SELECT {"status": "NO_DEVELOPMENT_POLICY_SURVIVOR", "cells_examined": 96, "selected": [], "policies": [], "union_name": "PREMIUM_ABSORPTION_UNION", "premium_coverage": {"passed": true, "minimum_fraction": 0.95, "years": {"2021": {"eligible": 800, "known": 760, "unavailable": 40, "fraction": 0.95}, "2022": {"eligible": 800, "known": 760, "unavailable": 40, "fraction": 0.95}, "2023": {"eligible": 800, "known": 760, "unavailable": 40, "fraction": 0.95}}, "symbols": 8}, "note": "Independent overlapping policies and active-entry-date means are diagnostics, not account profits."}
2026-10-08T10:06:16.0253228Z ok
2026-10-08T10:06:16.0258029Z test_entry_minute_both_is_loss (test_relative_pullback_v1.ChronologyTests.test_entry_minute_both_is_loss) ... ok
2026-10-08T10:06:16.0260818Z test_entry_minute_sl_is_loss (test_relative_pullback_v1.ChronologyTests.test_entry_minute_sl_is_loss) ... ok
2026-10-08T10:06:16.0263492Z test_entry_minute_tp_is_loss (test_relative_pullback_v1.ChronologyTests.test_entry_minute_tp_is_loss) ... ok
2026-10-08T10:06:16.0266174Z test_entry_price_mismatch_is_excluded (test_relative_pullback_v1.ChronologyTests.test_entry_price_mismatch_is_excluded) ... ok
2026-10-08T10:06:16.0268175Z test_established_first_minute_tp_is_win (test_relative_pullback_v1.ChronologyTests.test_established_first_minute_tp_is_win) ... ok
2026-10-08T10:06:16.0270591Z test_established_same_minute_both_is_loss (test_relative_pullback_v1.ChronologyTests.test_established_same_minute_both_is_loss) ... ok
2026-10-08T10:06:16.0273074Z test_later_sl_proven_before_tp (test_relative_pullback_v1.ChronologyTests.test_later_sl_proven_before_tp) ... ok
2026-10-08T10:06:16.0276832Z test_later_tp_proven_before_sl (test_relative_pullback_v1.ChronologyTests.test_later_tp_proven_before_sl) ... ok
2026-10-08T10:06:16.0278904Z test_official_data_gap_is_excluded (test_relative_pullback_v1.ChronologyTests.test_official_data_gap_is_excluded) ... ok
2026-10-08T10:06:16.0282114Z test_parent_exit_not_reproduced_is_mismatch (test_relative_pullback_v1.ChronologyTests.test_parent_exit_not_reproduced_is_mismatch) ... ok
2026-10-08T10:06:16.0284509Z test_short_entry_touch_is_loss (test_relative_pullback_v1.ChronologyTests.test_short_entry_touch_is_loss) ... ok
2026-10-08T10:06:16.0286979Z test_short_later_tp_is_win (test_relative_pullback_v1.ChronologyTests.test_short_later_tp_is_win) ... ok
2026-10-08T10:06:16.0317595Z test_cash_equals_sum_of_net_trade_pnls (test_relative_pullback_v1.PortfolioTests.test_cash_equals_sum_of_net_trade_pnls) ... ok
2026-10-08T10:06:16.0343359Z test_day_loss_blocks_later_entry (test_relative_pullback_v1.PortfolioTests.test_day_loss_blocks_later_entry) ... ok
2026-10-08T10:06:16.0388317Z test_drawdown_halt_is_permanent_within_split (test_relative_pullback_v1.PortfolioTests.test_drawdown_halt_is_permanent_within_split) ... ok
2026-10-08T10:06:16.0426327Z test_empty_days_are_in_denominator_and_korea_aligned (test_relative_pullback_v1.PortfolioTests.test_empty_days_are_in_denominator_and_korea_aligned) ... ok
2026-10-08T10:06:16.0472965Z test_half_risk_latches_into_next_day (test_relative_pullback_v1.PortfolioTests.test_half_risk_latches_into_next_day) ... ok
2026-10-08T10:06:16.0501307Z test_profit_above_two_percent_does_not_block_entry (test_relative_pullback_v1.PortfolioTests.test_profit_above_two_percent_does_not_block_entry) ... ok
2026-10-08T10:06:16.0525296Z test_same_symbol_opposite_signal_is_rejected (test_relative_pullback_v1.PortfolioTests.test_same_symbol_opposite_signal_is_rejected) ... ok
2026-10-08T10:06:16.0549150Z test_short_position_accounting (test_relative_pullback_v1.PortfolioTests.test_short_position_accounting) ... ok
2026-10-08T10:06:16.0578641Z test_simultaneous_risk_and_six_slot_caps (test_relative_pullback_v1.PortfolioTests.test_simultaneous_risk_and_six_slot_caps) ... ok
2026-10-08T10:06:16.0591354Z test_split_crossing_outcome_is_rejected (test_relative_pullback_v1.PortfolioTests.test_split_crossing_outcome_is_rejected) ... ok
2026-10-08T10:06:16.0592816Z test_gap_stop_fills_at_worse_open (test_relative_pullback_v1.SignalTests.test_gap_stop_fills_at_worse_open) ... ok
2026-10-08T10:06:16.0602645Z test_hour_only_becomes_available_when_closed (test_relative_pullback_v1.SignalTests.test_hour_only_becomes_available_when_closed) ... ok
2026-10-08T10:06:16.0653943Z test_indicators_do_not_use_future_candles (test_relative_pullback_v1.SignalTests.test_indicators_do_not_use_future_candles) ... ok
2026-10-08T10:06:16.0679515Z test_indicators_restart_after_data_gap (test_relative_pullback_v1.SignalTests.test_indicators_restart_after_data_gap) ... ok
2026-10-08T10:06:16.0681504Z test_missing_timeout_path_is_excluded (test_relative_pullback_v1.SignalTests.test_missing_timeout_path_is_excluded) ... ok
2026-10-08T10:06:16.0683265Z test_short_return_uses_linear_entry_denominator (test_relative_pullback_v1.SignalTests.test_short_return_uses_linear_entry_denominator) ... ok
2026-10-08T10:06:16.0685550Z test_signal_confirmed_close_and_next_open_alignment (test_relative_pullback_v1.SignalTests.test_signal_confirmed_close_and_next_open_alignment) ... ok
2026-10-08T10:06:16.0687490Z test_timeout_is_exactly_twelve_hours (test_relative_pullback_v1.SignalTests.test_timeout_is_exactly_twelve_hours) ... ok
2026-10-08T10:06:16.0704693Z test_archive_keeps_failed_evidence_and_validates_exact_copy (test_research_evidence_archive.EvidenceTests.test_archive_keeps_failed_evidence_and_validates_exact_copy) ... EVIDENCE_ARCHIVED failed-study 2 files 48 bytes
2026-10-08T10:06:16.0708910Z ok
2026-10-08T10:06:16.0729302Z test_incomplete_cache_is_rejected_and_failure_saved (test_research_evidence_archive.EvidenceTests.test_incomplete_cache_is_rejected_and_failure_saved) ... ok
2026-10-08T10:06:16.0753249Z test_matches_full_catalogue_stats_and_prior_sha256 (test_research_evidence_archive.EvidenceTests.test_matches_full_catalogue_stats_and_prior_sha256) ... FROZEN_SOURCE_VERIFIED 1 files 1 prior SHA256 matches
2026-10-08T10:06:16.0756018Z ok
2026-10-08T10:06:16.0789579Z test_same_stats_but_changed_source_bytes_are_rejected (test_research_evidence_archive.EvidenceTests.test_same_stats_but_changed_source_bytes_are_rejected) ... ok
2026-10-08T10:06:16.0797321Z test_incomplete_curve_cannot_be_silently_filled (test_saved_calendar_audit.SavedCalendarTests.test_incomplete_curve_cannot_be_silently_filled) ... ok
2026-10-08T10:06:16.0892923Z test_reconstruction_keeps_entries_on_both_partial_days_and_midnight (test_saved_calendar_audit.SavedCalendarTests.test_reconstruction_keeps_entries_on_both_partial_days_and_midnight) ... ok
2026-10-08T10:06:16.0921263Z test_cooldown_is_fixed_not_outcome_conditioned (test_shock_confirmation_v3.ConfirmTests.test_cooldown_is_fixed_not_outcome_conditioned) ... ok
2026-10-08T10:06:16.0999810Z test_features_ignore_future_prices_and_flow (test_shock_confirmation_v3.ConfirmTests.test_features_ignore_future_prices_and_flow) ... ok
2026-10-08T10:06:16.1025280Z test_flow_share_uses_actual_quote_ratio (test_shock_confirmation_v3.ConfirmTests.test_flow_share_uses_actual_quote_ratio) ... ok
2026-10-08T10:06:16.1071616Z test_future_confirming_bar_cannot_move_old_stop (test_shock_confirmation_v3.ConfirmTests.test_future_confirming_bar_cannot_move_old_stop) ... ok
2026-10-08T10:06:16.1114308Z test_gap_restarts_recent_shock_and_stop_window (test_shock_confirmation_v3.ConfirmTests.test_gap_restarts_recent_shock_and_stop_window) ... ok
2026-10-08T10:06:16.1117533Z test_predeclared_grid (test_shock_confirmation_v3.ConfirmTests.test_predeclared_grid) ... ok
2026-10-08T10:06:16.1141918Z test_shock_window_excludes_current_confirming_bar (test_shock_confirmation_v3.ConfirmTests.test_shock_window_excludes_current_confirming_bar) ... ok
2026-10-08T10:06:16.1145462Z test_structural_stop_and_actual_fill_risk (test_shock_confirmation_v3.ConfirmTests.test_structural_stop_and_actual_fill_risk) ... ok
2026-10-08T10:06:16.1146381Z 
2026-10-08T10:06:16.1146653Z ----------------------------------------------------------------------
2026-10-08T10:06:16.1147252Z Ran 616 tests in 61.368s
2026-10-08T10:06:16.1147499Z 
2026-10-08T10:06:16.1147623Z OK
2026-10-08T10:06:16.1147927Z V27_TEST_RESULT 616 0 0 True
2026-10-08T10:06:16.6637399Z PASS long_preentry_tp_ignored win
2026-10-08T10:06:16.6638719Z PASS long_entry_same1m_tp_loss loss
2026-10-08T10:06:16.6639363Z PASS long_gap_through_entry_then_tp win
2026-10-08T10:06:16.6639999Z PASS short_gap_through_entry_then_tp win
2026-10-08T10:06:16.6640617Z PASS long_entry_same1m_sl_loss loss
2026-10-08T10:06:16.6641194Z PASS long_entry_same1m_both_loss loss
2026-10-08T10:06:16.6641763Z PASS long_entry_then_tp win
2026-10-08T10:06:16.6642280Z PASS long_entry_then_sl loss
2026-10-08T10:06:16.6642805Z PASS long_preentry_tp_then_entry_continue continue
2026-10-08T10:06:16.6643283Z PASS long_entry_not_seen_entry_mismatch entry_mismatch
2026-10-08T10:06:16.6643737Z PASS long_established_same1m_both_loss loss
2026-10-08T10:06:16.6644567Z PASS long_established_parent_collision_not_seen_exit_mismatch exit_mismatch
2026-10-08T10:06:16.6645332Z PASS short_entry_same1m_tp_loss loss
2026-10-08T10:06:16.6645695Z PASS short_entry_same1m_sl_loss loss
2026-10-08T10:06:16.6646013Z PASS short_entry_then_tp win
2026-10-08T10:06:16.6646310Z PASS short_entry_then_sl loss
2026-10-08T10:06:16.6646664Z PASS short_preentry_tp_then_entry_continue continue
2026-10-08T10:06:16.6647120Z ALL_CHRONOLOGY_SMOKE_PASS
2026-10-08T10:06:16.6647404Z PASS resample_exact_buckets
2026-10-08T10:06:16.6647691Z PASS psar_open_causality
2026-10-08T10:06:16.6647987Z PASS psar_burnin_initialization_sanity
2026-10-08T10:06:16.6648318Z PASS binance_1m_header_contract
2026-10-08T10:06:16.6648984Z ALL_CANONICAL_INVARIANTS_PASS
2026-10-08T10:06:16.7843629Z V27_CHECKPOINT_IDENTITY_AND_NO_PROMOTION_PASS
2026-10-08T10:06:17.5069774Z V27_SCAN DEV 1 1 16
2026-10-08T10:06:17.5108645Z V27_SCAN_COMPLETE DEV 16 0
2026-10-08T10:06:17.6060844Z V27_SCAN GATE 1 1 16
2026-10-08T10:06:17.6101412Z V27_SCAN_COMPLETE GATE 16 0
2026-10-08T10:06:17.6969850Z V27_SCAN DEV 1 1 16
2026-10-08T10:06:17.7008590Z V27_SCAN_COMPLETE DEV 16 0
2026-10-08T10:06:17.7955097Z V27_SCAN GATE 1 1 16
2026-10-08T10:06:17.7995481Z V27_SCAN_COMPLETE GATE 16 0
2026-10-08T10:06:17.8859831Z V27_SCAN DEV 1 1 16
2026-10-08T10:06:17.8898777Z V27_SCAN_COMPLETE DEV 16 0
2026-10-08T10:06:17.9849291Z V27_SCAN GATE 1 1 16
2026-10-08T10:06:17.9888948Z V27_SCAN_COMPLETE GATE 16 0
2026-10-08T10:06:18.0746518Z V27_SCAN DEV 1 1 16
2026-10-08T10:06:18.0786219Z V27_SCAN_COMPLETE DEV 16 0
2026-10-08T10:06:18.1737097Z V27_SCAN GATE 1 1 16
2026-10-08T10:06:18.1776404Z V27_SCAN_COMPLETE GATE 16 0
2026-10-08T10:06:18.2634464Z V27_SCAN DEV 1 1 16
2026-10-08T10:06:18.2674263Z V27_SCAN_COMPLETE DEV 16 0
2026-10-08T10:06:18.3626831Z V27_SCAN GATE 1 1 16
2026-10-08T10:06:18.3667495Z V27_SCAN_COMPLETE GATE 16 0
2026-10-08T10:06:18.4535396Z V27_SCAN DEV 1 1 16
2026-10-08T10:06:18.4574947Z V27_SCAN_COMPLETE DEV 16 0
2026-10-08T10:06:18.5517529Z V27_SCAN GATE 1 1 16
2026-10-08T10:06:18.5556679Z V27_SCAN_COMPLETE GATE 16 0
2026-10-08T10:06:18.6418417Z V27_SCAN DEV 1 1 16
2026-10-08T10:06:18.6457419Z V27_SCAN_COMPLETE DEV 16 0
2026-10-08T10:06:18.7399293Z V27_SCAN GATE 1 1 16
2026-10-08T10:06:18.7439498Z V27_SCAN_COMPLETE GATE 16 0
2026-10-08T10:06:18.8296729Z V27_SCAN DEV 1 1 16
2026-10-08T10:06:18.8336876Z V27_SCAN_COMPLETE DEV 16 0
2026-10-08T10:06:18.9283774Z V27_SCAN GATE 1 1 16
2026-10-08T10:06:18.9323903Z V27_SCAN_COMPLETE GATE 16 0
2026-10-08T10:06:19.3237478Z V27_MARKET_VERIFIED 8 8
2026-10-08T10:06:19.6110136Z V27_ACCOUNT DEV__DAILY_S-1_D05_ANY_A15__H96__R20__D0__CAPUNLIMITED__20bp__guarded 6 -0.3951097721907493
2026-10-08T10:06:19.6362396Z V27_ACCOUNT DEV__DAILY_S-1_D05_ANY_A15__H96__R20__D0__CAPUNLIMITED__20bp__unguarded_diagnostic 6 -0.3951097721907493
2026-10-08T10:06:19.6658873Z V27_ACCOUNT DEV__DAILY_S-1_D05_ANY_A15__H96__R20__D0__CAPUNLIMITED__40bp__guarded 6 -0.7531695341543299
2026-10-08T10:06:19.6909311Z V27_ACCOUNT DEV__DAILY_S-1_D05_ANY_A15__H96__R20__D0__CAPUNLIMITED__40bp__unguarded_diagnostic 6 -0.7531695341543299
2026-10-08T10:06:19.7108830Z V27_ACCOUNT DEV__DAILY_S-1_D05_ANY_A15__H96__R20__D0__CAP1__20bp__guarded 1 -0.06599999999999939
2026-10-08T10:06:19.7302336Z V27_ACCOUNT DEV__DAILY_S-1_D05_ANY_A15__H96__R20__D0__CAP1__20bp__unguarded_diagnostic 1 -0.06599999999999939
2026-10-08T10:06:19.7536737Z V27_ACCOUNT DEV__DAILY_S-1_D05_ANY_A15__H96__R20__D0__CAP1__40bp__guarded 1 -0.1260000000000039
2026-10-08T10:06:19.7725086Z V27_ACCOUNT DEV__DAILY_S-1_D05_ANY_A15__H96__R20__D0__CAP1__40bp__unguarded_diagnostic 1 -0.1260000000000039
2026-10-08T10:06:19.7937040Z V27_ACCOUNT DEV__DAILY_S-1_D05_ANY_A15__H96__R20__D0__CAP2__20bp__guarded 2 -0.13194058020000732
2026-10-08T10:06:19.8154133Z V27_ACCOUNT DEV__DAILY_S-1_D05_ANY_A15__H96__R20__D0__CAP2__20bp__unguarded_diagnostic 2 -0.13194058020000732
2026-10-08T10:06:19.8411808Z V27_ACCOUNT DEV__DAILY_S-1_D05_ANY_A15__H96__R20__D0__CAP2__40bp__guarded 2 -0.25181092440000885
2026-10-08T10:06:19.8627927Z V27_ACCOUNT DEV__DAILY_S-1_D05_ANY_A15__H96__R20__D0__CAP2__40bp__unguarded_diagnostic 2 -0.25181092440000885
2026-10-08T10:06:19.8915052Z V27_ACCOUNT GATE__DAILY_S-1_D05_ANY_A15__H96__R20__D0__CAPUNLIMITED__20bp__guarded 4 -0.24305149187061614
2026-10-08T10:06:19.9145500Z V27_ACCOUNT GATE__DAILY_S-1_D05_ANY_A15__H96__R20__D0__CAPUNLIMITED__20bp__unguarded_diagnostic 4 -0.24305149187061614
2026-10-08T10:06:19.9417065Z V27_ACCOUNT GATE__DAILY_S-1_D05_ANY_A15__H96__R20__D0__CAPUNLIMITED__40bp__guarded 4 -0.41668718840736085
2026-10-08T10:06:19.9644699Z V27_ACCOUNT GATE__DAILY_S-1_D05_ANY_A15__H96__R20__D0__CAPUNLIMITED__40bp__unguarded_diagnostic 4 -0.41668718840736085
2026-10-08T10:06:19.9843745Z V27_ACCOUNT GATE__DAILY_S-1_D05_ANY_A15__H96__R20__D0__CAP1__20bp__guarded 1 -0.06096499896530716
2026-10-08T10:06:20.0041945Z V27_ACCOUNT GATE__DAILY_S-1_D05_ANY_A15__H96__R20__D0__CAP1__20bp__unguarded_diagnostic 1 -0.06096499896530716
2026-10-08T10:06:20.0287443Z V27_ACCOUNT GATE__DAILY_S-1_D05_ANY_A15__H96__R20__D0__CAP1__40bp__guarded 1 -0.10469133265504915
2026-10-08T10:06:20.0488706Z V27_ACCOUNT GATE__DAILY_S-1_D05_ANY_A15__H96__R20__D0__CAP1__40bp__unguarded_diagnostic 1 -0.10469133265504915
2026-10-08T10:06:20.0697496Z V27_ACCOUNT GATE__DAILY_S-1_D05_ANY_A15__H96__R20__D0__CAP2__20bp__guarded 2 -0.12187929833958888
2026-10-08T10:06:20.0905228Z V27_ACCOUNT GATE__DAILY_S-1_D05_ANY_A15__H96__R20__D0__CAP2__20bp__unguarded_diagnostic 2 -0.12187929833958888
2026-10-08T10:06:20.1159493Z V27_ACCOUNT GATE__DAILY_S-1_D05_ANY_A15__H96__R20__D0__CAP2__40bp__guarded 2 -0.20925213365243778
2026-10-08T10:06:20.1369580Z V27_ACCOUNT GATE__DAILY_S-1_D05_ANY_A15__H96__R20__D0__CAP2__40bp__unguarded_diagnostic 2 -0.20925213365243778
2026-10-08T10:06:20.4382438Z V27_ACCOUNT DEV__DAILY_S-1_D05_ANY_A15__H96__R20__D15__CAPUNLIMITED__20bp__guarded 6 -0.3951097721907493
2026-10-08T10:06:20.4632033Z V27_ACCOUNT DEV__DAILY_S-1_D05_ANY_A15__H96__R20__D15__CAPUNLIMITED__20bp__unguarded_diagnostic 6 -0.3951097721907493
2026-10-08T10:06:20.4937177Z V27_ACCOUNT DEV__DAILY_S-1_D05_ANY_A15__H96__R20__D15__CAPUNLIMITED__40bp__guarded 6 -0.7531695341543299
2026-10-08T10:06:20.5194185Z V27_ACCOUNT DEV__DAILY_S-1_D05_ANY_A15__H96__R20__D15__CAPUNLIMITED__40bp__unguarded_diagnostic 6 -0.7531695341543299
2026-10-08T10:06:20.5388208Z V27_ACCOUNT DEV__DAILY_S-1_D05_ANY_A15__H96__R20__D15__CAP1__20bp__guarded 1 -0.06599999999999939
2026-10-08T10:06:20.5585358Z V27_ACCOUNT DEV__DAILY_S-1_D05_ANY_A15__H96__R20__D15__CAP1__20bp__unguarded_diagnostic 1 -0.06599999999999939
2026-10-08T10:06:20.5822943Z V27_ACCOUNT DEV__DAILY_S-1_D05_ANY_A15__H96__R20__D15__CAP1__40bp__guarded 1 -0.1260000000000039
2026-10-08T10:06:20.6016575Z V27_ACCOUNT DEV__DAILY_S-1_D05_ANY_A15__H96__R20__D15__CAP1__40bp__unguarded_diagnostic 1 -0.1260000000000039
2026-10-08T10:06:20.6228265Z V27_ACCOUNT DEV__DAILY_S-1_D05_ANY_A15__H96__R20__D15__CAP2__20bp__guarded 2 -0.13194058020000732
2026-10-08T10:06:20.6438959Z V27_ACCOUNT DEV__DAILY_S-1_D05_ANY_A15__H96__R20__D15__CAP2__20bp__unguarded_diagnostic 2 -0.13194058020000732
2026-10-08T10:06:20.6696091Z V27_ACCOUNT DEV__DAILY_S-1_D05_ANY_A15__H96__R20__D15__CAP2__40bp__guarded 2 -0.25181092440000885
2026-10-08T10:06:20.6911875Z V27_ACCOUNT DEV__DAILY_S-1_D05_ANY_A15__H96__R20__D15__CAP2__40bp__unguarded_diagnostic 2 -0.25181092440000885
2026-10-08T10:06:20.7200120Z V27_ACCOUNT GATE__DAILY_S-1_D05_ANY_A15__H96__R20__D15__CAPUNLIMITED__20bp__guarded 4 -0.24305149187061614
2026-10-08T10:06:20.7433534Z V27_ACCOUNT GATE__DAILY_S-1_D05_ANY_A15__H96__R20__D15__CAPUNLIMITED__20bp__unguarded_diagnostic 4 -0.24305149187061614
2026-10-08T10:06:20.7714987Z V27_ACCOUNT GATE__DAILY_S-1_D05_ANY_A15__H96__R20__D15__CAPUNLIMITED__40bp__guarded 4 -0.41668718840736085
2026-10-08T10:06:20.7958185Z V27_ACCOUNT GATE__DAILY_S-1_D05_ANY_A15__H96__R20__D15__CAPUNLIMITED__40bp__unguarded_diagnostic 4 -0.41668718840736085
2026-10-08T10:06:20.8166406Z V27_ACCOUNT GATE__DAILY_S-1_D05_ANY_A15__H96__R20__D15__CAP1__20bp__guarded 1 -0.06096499896530716
2026-10-08T10:06:20.8369659Z V27_ACCOUNT GATE__DAILY_S-1_D05_ANY_A15__H96__R20__D15__CAP1__20bp__unguarded_diagnostic 1 -0.06096499896530716
2026-10-08T10:06:20.8620248Z V27_ACCOUNT GATE__DAILY_S-1_D05_ANY_A15__H96__R20__D15__CAP1__40bp__guarded 1 -0.10469133265504915
2026-10-08T10:06:20.8821676Z V27_ACCOUNT GATE__DAILY_S-1_D05_ANY_A15__H96__R20__D15__CAP1__40bp__unguarded_diagnostic 1 -0.10469133265504915
2026-10-08T10:06:20.9033489Z V27_ACCOUNT GATE__DAILY_S-1_D05_ANY_A15__H96__R20__D15__CAP2__20bp__guarded 2 -0.12187929833958888
2026-10-08T10:06:20.9243100Z V27_ACCOUNT GATE__DAILY_S-1_D05_ANY_A15__H96__R20__D15__CAP2__20bp__unguarded_diagnostic 2 -0.12187929833958888
2026-10-08T10:06:20.9499025Z V27_ACCOUNT GATE__DAILY_S-1_D05_ANY_A15__H96__R20__D15__CAP2__40bp__guarded 2 -0.20925213365243778
2026-10-08T10:06:20.9710046Z V27_ACCOUNT GATE__DAILY_S-1_D05_ANY_A15__H96__R20__D15__CAP2__40bp__unguarded_diagnostic 2 -0.20925213365243778
2026-10-08T10:06:21.2620825Z V27_ACCOUNT DEV__DAILY_S-1_D05_ANY_A25__H96__R20__D0__CAPUNLIMITED__20bp__guarded 6 -0.3951097721907493
2026-10-08T10:06:21.2879399Z V27_ACCOUNT DEV__DAILY_S-1_D05_ANY_A25__H96__R20__D0__CAPUNLIMITED__20bp__unguarded_diagnostic 6 -0.3951097721907493
2026-10-08T10:06:21.3180069Z V27_ACCOUNT DEV__DAILY_S-1_D05_ANY_A25__H96__R20__D0__CAPUNLIMITED__40bp__guarded 6 -0.7531695341543299
2026-10-08T10:06:21.3438864Z V27_ACCOUNT DEV__DAILY_S-1_D05_ANY_A25__H96__R20__D0__CAPUNLIMITED__40bp__unguarded_diagnostic 6 -0.7531695341543299
2026-10-08T10:06:21.3636649Z V27_ACCOUNT DEV__DAILY_S-1_D05_ANY_A25__H96__R20__D0__CAP1__20bp__guarded 1 -0.06599999999999939
2026-10-08T10:06:21.3833059Z V27_ACCOUNT DEV__DAILY_S-1_D05_ANY_A25__H96__R20__D0__CAP1__20bp__unguarded_diagnostic 1 -0.06599999999999939
2026-10-08T10:06:21.4074667Z V27_ACCOUNT DEV__DAILY_S-1_D05_ANY_A25__H96__R20__D0__CAP1__40bp__guarded 1 -0.1260000000000039
2026-10-08T10:06:21.4267103Z V27_ACCOUNT DEV__DAILY_S-1_D05_ANY_A25__H96__R20__D0__CAP1__40bp__unguarded_diagnostic 1 -0.1260000000000039
2026-10-08T10:06:21.4480682Z V27_ACCOUNT DEV__DAILY_S-1_D05_ANY_A25__H96__R20__D0__CAP2__20bp__guarded 2 -0.13194058020000732
2026-10-08T10:06:21.4692300Z V27_ACCOUNT DEV__DAILY_S-1_D05_ANY_A25__H96__R20__D0__CAP2__20bp__unguarded_diagnostic 2 -0.13194058020000732
2026-10-08T10:06:21.4953807Z V27_ACCOUNT DEV__DAILY_S-1_D05_ANY_A25__H96__R20__D0__CAP2__40bp__guarded 2 -0.25181092440000885
2026-10-08T10:06:21.5169818Z V27_ACCOUNT DEV__DAILY_S-1_D05_ANY_A25__H96__R20__D0__CAP2__40bp__unguarded_diagnostic 2 -0.25181092440000885
2026-10-08T10:06:21.5465121Z V27_ACCOUNT GATE__DAILY_S-1_D05_ANY_A25__H96__R20__D0__CAPUNLIMITED__20bp__guarded 4 -0.1571545332335944
2026-10-08T10:06:21.5699822Z V27_ACCOUNT GATE__DAILY_S-1_D05_ANY_A25__H96__R20__D0__CAPUNLIMITED__20bp__unguarded_diagnostic 4 -0.1571545332335944
2026-10-08T10:06:21.5976195Z V27_ACCOUNT GATE__DAILY_S-1_D05_ANY_A25__H96__R20__D0__CAPUNLIMITED__40bp__guarded 4 -0.27940717365029233
2026-10-08T10:06:21.6207788Z V27_ACCOUNT GATE__DAILY_S-1_D05_ANY_A25__H96__R20__D0__CAPUNLIMITED__40bp__unguarded_diagnostic 4 -0.27940717365029233
2026-10-08T10:06:21.6409636Z V27_ACCOUNT GATE__DAILY_S-1_D05_ANY_A25__H96__R20__D0__CAP1__20bp__guarded 1 -0.039373038499823654
2026-10-08T10:06:21.6609274Z V27_ACCOUNT GATE__DAILY_S-1_D05_ANY_A25__H96__R20__D0__CAP1__20bp__unguarded_diagnostic 1 -0.039373038499823654
2026-10-08T10:06:21.6854901Z V27_ACCOUNT GATE__DAILY_S-1_D05_ANY_A25__H96__R20__D0__CAP1__40bp__guarded 1 -0.07008500873528778
2026-10-08T10:06:21.7060025Z V27_ACCOUNT GATE__DAILY_S-1_D05_ANY_A25__H96__R20__D0__CAP1__40bp__unguarded_diagnostic 1 -0.07008500873528778
2026-10-08T10:06:21.7273530Z V27_ACCOUNT GATE__DAILY_S-1_D05_ANY_A25__H96__R20__D0__CAP2__20bp__guarded 2 -0.07872493036911177
2026-10-08T10:06:21.7483518Z V27_ACCOUNT GATE__DAILY_S-1_D05_ANY_A25__H96__R20__D0__CAP2__20bp__unguarded_diagnostic 2 -0.07872493036911177
2026-10-08T10:06:21.7735247Z V27_ACCOUNT GATE__DAILY_S-1_D05_ANY_A25__H96__R20__D0__CAP2__40bp__guarded 2 -0.14011151897993512
2026-10-08T10:06:21.7948929Z V27_ACCOUNT GATE__DAILY_S-1_D05_ANY_A25__H96__R20__D0__CAP2__40bp__unguarded_diagnostic 2 -0.14011151897993512
2026-10-08T10:06:22.0990238Z V27_ACCOUNT DEV__DAILY_S-1_D05_ANY_A25__H96__R20__D15__CAPUNLIMITED__20bp__guarded 6 -0.3951097721907493
2026-10-08T10:06:22.1242775Z V27_ACCOUNT DEV__DAILY_S-1_D05_ANY_A25__H96__R20__D15__CAPUNLIMITED__20bp__unguarded_diagnostic 6 -0.3951097721907493
2026-10-08T10:06:22.1542245Z V27_ACCOUNT DEV__DAILY_S-1_D05_ANY_A25__H96__R20__D15__CAPUNLIMITED__40bp__guarded 6 -0.7531695341543299
2026-10-08T10:06:22.1795669Z V27_ACCOUNT DEV__DAILY_S-1_D05_ANY_A25__H96__R20__D15__CAPUNLIMITED__40bp__unguarded_diagnostic 6 -0.7531695341543299
2026-10-08T10:06:22.1992916Z V27_ACCOUNT DEV__DAILY_S-1_D05_ANY_A25__H96__R20__D15__CAP1__20bp__guarded 1 -0.06599999999999939
2026-10-08T10:06:22.2185894Z V27_ACCOUNT DEV__DAILY_S-1_D05_ANY_A25__H96__R20__D15__CAP1__20bp__unguarded_diagnostic 1 -0.06599999999999939
2026-10-08T10:06:22.2419286Z V27_ACCOUNT DEV__DAILY_S-1_D05_ANY_A25__H96__R20__D15__CAP1__40bp__guarded 1 -0.1260000000000039
2026-10-08T10:06:22.2612537Z V27_ACCOUNT DEV__DAILY_S-1_D05_ANY_A25__H96__R20__D15__CAP1__40bp__unguarded_diagnostic 1 -0.1260000000000039
2026-10-08T10:06:22.2826899Z V27_ACCOUNT DEV__DAILY_S-1_D05_ANY_A25__H96__R20__D15__CAP2__20bp__guarded 2 -0.13194058020000732
2026-10-08T10:06:22.3040552Z V27_ACCOUNT DEV__DAILY_S-1_D05_ANY_A25__H96__R20__D15__CAP2__20bp__unguarded_diagnostic 2 -0.13194058020000732
2026-10-08T10:06:22.3301153Z V27_ACCOUNT DEV__DAILY_S-1_D05_ANY_A25__H96__R20__D15__CAP2__40bp__guarded 2 -0.25181092440000885
2026-10-08T10:06:22.3512070Z V27_ACCOUNT DEV__DAILY_S-1_D05_ANY_A25__H96__R20__D15__CAP2__40bp__unguarded_diagnostic 2 -0.25181092440000885
2026-10-08T10:06:22.3794817Z V27_ACCOUNT GATE__DAILY_S-1_D05_ANY_A25__H96__R20__D15__CAPUNLIMITED__20bp__guarded 4 -0.1571545332335944
2026-10-08T10:06:22.4027006Z V27_ACCOUNT GATE__DAILY_S-1_D05_ANY_A25__H96__R20__D15__CAPUNLIMITED__20bp__unguarded_diagnostic 4 -0.1571545332335944
2026-10-08T10:06:22.4300347Z V27_ACCOUNT GATE__DAILY_S-1_D05_ANY_A25__H96__R20__D15__CAPUNLIMITED__40bp__guarded 4 -0.27940717365029233
2026-10-08T10:06:22.4529343Z V27_ACCOUNT GATE__DAILY_S-1_D05_ANY_A25__H96__R20__D15__CAPUNLIMITED__40bp__unguarded_diagnostic 4 -0.27940717365029233
2026-10-08T10:06:22.4729841Z V27_ACCOUNT GATE__DAILY_S-1_D05_ANY_A25__H96__R20__D15__CAP1__20bp__guarded 1 -0.039373038499823654
2026-10-08T10:06:22.4932322Z V27_ACCOUNT GATE__DAILY_S-1_D05_ANY_A25__H96__R20__D15__CAP1__20bp__unguarded_diagnostic 1 -0.039373038499823654
2026-10-08T10:06:22.5179689Z V27_ACCOUNT GATE__DAILY_S-1_D05_ANY_A25__H96__R20__D15__CAP1__40bp__guarded 1 -0.07008500873528778
2026-10-08T10:06:22.5382559Z V27_ACCOUNT GATE__DAILY_S-1_D05_ANY_A25__H96__R20__D15__CAP1__40bp__unguarded_diagnostic 1 -0.07008500873528778
2026-10-08T10:06:22.5599003Z V27_ACCOUNT GATE__DAILY_S-1_D05_ANY_A25__H96__R20__D15__CAP2__20bp__guarded 2 -0.07872493036911177
2026-10-08T10:06:22.5808775Z V27_ACCOUNT GATE__DAILY_S-1_D05_ANY_A25__H96__R20__D15__CAP2__20bp__unguarded_diagnostic 2 -0.07872493036911177
2026-10-08T10:06:22.6061780Z V27_ACCOUNT GATE__DAILY_S-1_D05_ANY_A25__H96__R20__D15__CAP2__40bp__guarded 2 -0.14011151897993512
2026-10-08T10:06:22.6275838Z V27_ACCOUNT GATE__DAILY_S-1_D05_ANY_A25__H96__R20__D15__CAP2__40bp__unguarded_diagnostic 2 -0.14011151897993512
2026-10-08T10:06:22.9181061Z V27_ACCOUNT DEV__DAILY_S-1_D05_ALIGN20_A15__H96__R20__D0__CAPUNLIMITED__20bp__guarded 6 -0.3951097721907493
2026-10-08T10:06:22.9438187Z V27_ACCOUNT DEV__DAILY_S-1_D05_ALIGN20_A15__H96__R20__D0__CAPUNLIMITED__20bp__unguarded_diagnostic 6 -0.3951097721907493
2026-10-08T10:06:22.9738999Z V27_ACCOUNT DEV__DAILY_S-1_D05_ALIGN20_A15__H96__R20__D0__CAPUNLIMITED__40bp__guarded 6 -0.7531695341543299
2026-10-08T10:06:22.9987862Z V27_ACCOUNT DEV__DAILY_S-1_D05_ALIGN20_A15__H96__R20__D0__CAPUNLIMITED__40bp__unguarded_diagnostic 6 -0.7531695341543299
2026-10-08T10:06:23.0183439Z V27_ACCOUNT DEV__DAILY_S-1_D05_ALIGN20_A15__H96__R20__D0__CAP1__20bp__guarded 1 -0.06599999999999939
2026-10-08T10:06:23.0378985Z V27_ACCOUNT DEV__DAILY_S-1_D05_ALIGN20_A15__H96__R20__D0__CAP1__20bp__unguarded_diagnostic 1 -0.06599999999999939
2026-10-08T10:06:23.0620872Z V27_ACCOUNT DEV__DAILY_S-1_D05_ALIGN20_A15__H96__R20__D0__CAP1__40bp__guarded 1 -0.1260000000000039
2026-10-08T10:06:23.0817143Z V27_ACCOUNT DEV__DAILY_S-1_D05_ALIGN20_A15__H96__R20__D0__CAP1__40bp__unguarded_diagnostic 1 -0.1260000000000039
2026-10-08T10:06:23.1034823Z V27_ACCOUNT DEV__DAILY_S-1_D05_ALIGN20_A15__H96__R20__D0__CAP2__20bp__guarded 2 -0.13194058020000732
2026-10-08T10:06:23.1248109Z V27_ACCOUNT DEV__DAILY_S-1_D05_ALIGN20_A15__H96__R20__D0__CAP2__20bp__unguarded_diagnostic 2 -0.13194058020000732
2026-10-08T10:06:23.1509381Z V27_ACCOUNT DEV__DAILY_S-1_D05_ALIGN20_A15__H96__R20__D0__CAP2__40bp__guarded 2 -0.25181092440000885
2026-10-08T10:06:23.1722779Z V27_ACCOUNT DEV__DAILY_S-1_D05_ALIGN20_A15__H96__R20__D0__CAP2__40bp__unguarded_diagnostic 2 -0.25181092440000885
2026-10-08T10:06:23.2010616Z V27_ACCOUNT GATE__DAILY_S-1_D05_ALIGN20_A15__H96__R20__D0__CAPUNLIMITED__20bp__guarded 4 -0.24305149187061614
2026-10-08T10:06:23.2249984Z V27_ACCOUNT GATE__DAILY_S-1_D05_ALIGN20_A15__H96__R20__D0__CAPUNLIMITED__20bp__unguarded_diagnostic 4 -0.24305149187061614
2026-10-08T10:06:23.2526948Z V27_ACCOUNT GATE__DAILY_S-1_D05_ALIGN20_A15__H96__R20__D0__CAPUNLIMITED__40bp__guarded 4 -0.41668718840736085
2026-10-08T10:06:23.2767078Z V27_ACCOUNT GATE__DAILY_S-1_D05_ALIGN20_A15__H96__R20__D0__CAPUNLIMITED__40bp__unguarded_diagnostic 4 -0.41668718840736085
2026-10-08T10:06:23.2979200Z V27_ACCOUNT GATE__DAILY_S-1_D05_ALIGN20_A15__H96__R20__D0__CAP1__20bp__guarded 1 -0.06096499896530716
2026-10-08T10:06:23.3188288Z V27_ACCOUNT GATE__DAILY_S-1_D05_ALIGN20_A15__H96__R20__D0__CAP1__20bp__unguarded_diagnostic 1 -0.06096499896530716
2026-10-08T10:06:23.3441323Z V27_ACCOUNT GATE__DAILY_S-1_D05_ALIGN20_A15__H96__R20__D0__CAP1__40bp__guarded 1 -0.10469133265504915
2026-10-08T10:06:23.3643313Z V27_ACCOUNT GATE__DAILY_S-1_D05_ALIGN20_A15__H96__R20__D0__CAP1__40bp__unguarded_diagnostic 1 -0.10469133265504915
2026-10-08T10:06:23.3852137Z V27_ACCOUNT GATE__DAILY_S-1_D05_ALIGN20_A15__H96__R20__D0__CAP2__20bp__guarded 2 -0.12187929833958888
2026-10-08T10:06:23.4062714Z V27_ACCOUNT GATE__DAILY_S-1_D05_ALIGN20_A15__H96__R20__D0__CAP2__20bp__unguarded_diagnostic 2 -0.12187929833958888
2026-10-08T10:06:23.4321200Z V27_ACCOUNT GATE__DAILY_S-1_D05_ALIGN20_A15__H96__R20__D0__CAP2__40bp__guarded 2 -0.20925213365243778
2026-10-08T10:06:23.4531651Z V27_ACCOUNT GATE__DAILY_S-1_D05_ALIGN20_A15__H96__R20__D0__CAP2__40bp__unguarded_diagnostic 2 -0.20925213365243778
2026-10-08T10:06:23.7461586Z V27_ACCOUNT DEV__DAILY_S-1_D05_ALIGN20_A15__H96__R20__D15__CAPUNLIMITED__20bp__guarded 6 -0.3951097721907493
2026-10-08T10:06:23.7716658Z V27_ACCOUNT DEV__DAILY_S-1_D05_ALIGN20_A15__H96__R20__D15__CAPUNLIMITED__20bp__unguarded_diagnostic 6 -0.3951097721907493
2026-10-08T10:06:23.8015764Z V27_ACCOUNT DEV__DAILY_S-1_D05_ALIGN20_A15__H96__R20__D15__CAPUNLIMITED__40bp__guarded 6 -0.7531695341543299
2026-10-08T10:06:23.8274595Z V27_ACCOUNT DEV__DAILY_S-1_D05_ALIGN20_A15__H96__R20__D15__CAPUNLIMITED__40bp__unguarded_diagnostic 6 -0.7531695341543299
2026-10-08T10:06:23.8475483Z V27_ACCOUNT DEV__DAILY_S-1_D05_ALIGN20_A15__H96__R20__D15__CAP1__20bp__guarded 1 -0.06599999999999939
2026-10-08T10:06:23.8668928Z V27_ACCOUNT DEV__DAILY_S-1_D05_ALIGN20_A15__H96__R20__D15__CAP1__20bp__unguarded_diagnostic 1 -0.06599999999999939
2026-10-08T10:06:23.8908242Z V27_ACCOUNT DEV__DAILY_S-1_D05_ALIGN20_A15__H96__R20__D15__CAP1__40bp__guarded 1 -0.1260000000000039
2026-10-08T10:06:23.9233584Z V27_ACCOUNT DEV__DAILY_S-1_D05_ALIGN20_A15__H96__R20__D15__CAP1__40bp__unguarded_diagnostic 1 -0.1260000000000039
2026-10-08T10:06:23.9444803Z V27_ACCOUNT DEV__DAILY_S-1_D05_ALIGN20_A15__H96__R20__D15__CAP2__20bp__guarded 2 -0.13194058020000732
2026-10-08T10:06:23.9654779Z V27_ACCOUNT DEV__DAILY_S-1_D05_ALIGN20_A15__H96__R20__D15__CAP2__20bp__unguarded_diagnostic 2 -0.13194058020000732
2026-10-08T10:06:23.9913569Z V27_ACCOUNT DEV__DAILY_S-1_D05_ALIGN20_A15__H96__R20__D15__CAP2__40bp__guarded 2 -0.25181092440000885
2026-10-08T10:06:24.0127476Z V27_ACCOUNT DEV__DAILY_S-1_D05_ALIGN20_A15__H96__R20__D15__CAP2__40bp__unguarded_diagnostic 2 -0.25181092440000885
2026-10-08T10:06:24.0421578Z V27_ACCOUNT GATE__DAILY_S-1_D05_ALIGN20_A15__H96__R20__D15__CAPUNLIMITED__20bp__guarded 4 -0.24305149187061614
2026-10-08T10:06:24.0659507Z V27_ACCOUNT GATE__DAILY_S-1_D05_ALIGN20_A15__H96__R20__D15__CAPUNLIMITED__20bp__unguarded_diagnostic 4 -0.24305149187061614
2026-10-08T10:06:24.0938176Z V27_ACCOUNT GATE__DAILY_S-1_D05_ALIGN20_A15__H96__R20__D15__CAPUNLIMITED__40bp__guarded 4 -0.41668718840736085
2026-10-08T10:06:24.1168838Z V27_ACCOUNT GATE__DAILY_S-1_D05_ALIGN20_A15__H96__R20__D15__CAPUNLIMITED__40bp__unguarded_diagnostic 4 -0.41668718840736085
2026-10-08T10:06:24.1370703Z V27_ACCOUNT GATE__DAILY_S-1_D05_ALIGN20_A15__H96__R20__D15__CAP1__20bp__guarded 1 -0.06096499896530716
2026-10-08T10:06:24.1571123Z V27_ACCOUNT GATE__DAILY_S-1_D05_ALIGN20_A15__H96__R20__D15__CAP1__20bp__unguarded_diagnostic 1 -0.06096499896530716
2026-10-08T10:06:24.1815886Z V27_ACCOUNT GATE__DAILY_S-1_D05_ALIGN20_A15__H96__R20__D15__CAP1__40bp__guarded 1 -0.10469133265504915
2026-10-08T10:06:24.2016339Z V27_ACCOUNT GATE__DAILY_S-1_D05_ALIGN20_A15__H96__R20__D15__CAP1__40bp__unguarded_diagnostic 1 -0.10469133265504915
2026-10-08T10:06:24.2226650Z V27_ACCOUNT GATE__DAILY_S-1_D05_ALIGN20_A15__H96__R20__D15__CAP2__20bp__guarded 2 -0.12187929833958888
2026-10-08T10:06:24.2437618Z V27_ACCOUNT GATE__DAILY_S-1_D05_ALIGN20_A15__H96__R20__D15__CAP2__20bp__unguarded_diagnostic 2 -0.12187929833958888
2026-10-08T10:06:24.2694488Z V27_ACCOUNT GATE__DAILY_S-1_D05_ALIGN20_A15__H96__R20__D15__CAP2__40bp__guarded 2 -0.20925213365243778
2026-10-08T10:06:24.2909246Z V27_ACCOUNT GATE__DAILY_S-1_D05_ALIGN20_A15__H96__R20__D15__CAP2__40bp__unguarded_diagnostic 2 -0.20925213365243778
2026-10-08T10:06:24.5836444Z V27_ACCOUNT DEV__DAILY_S-1_D05_ALIGN20_A25__H96__R20__D0__CAPUNLIMITED__20bp__guarded 6 -0.3951097721907493
2026-10-08T10:06:24.6092303Z V27_ACCOUNT DEV__DAILY_S-1_D05_ALIGN20_A25__H96__R20__D0__CAPUNLIMITED__20bp__unguarded_diagnostic 6 -0.3951097721907493
2026-10-08T10:06:24.6396108Z V27_ACCOUNT DEV__DAILY_S-1_D05_ALIGN20_A25__H96__R20__D0__CAPUNLIMITED__40bp__guarded 6 -0.7531695341543299
2026-10-08T10:06:24.6652874Z V27_ACCOUNT DEV__DAILY_S-1_D05_ALIGN20_A25__H96__R20__D0__CAPUNLIMITED__40bp__unguarded_diagnostic 6 -0.7531695341543299
2026-10-08T10:06:24.6849908Z V27_ACCOUNT DEV__DAILY_S-1_D05_ALIGN20_A25__H96__R20__D0__CAP1__20bp__guarded 1 -0.06599999999999939
2026-10-08T10:06:24.7046171Z V27_ACCOUNT DEV__DAILY_S-1_D05_ALIGN20_A25__H96__R20__D0__CAP1__20bp__unguarded_diagnostic 1 -0.06599999999999939
2026-10-08T10:06:24.7282969Z V27_ACCOUNT DEV__DAILY_S-1_D05_ALIGN20_A25__H96__R20__D0__CAP1__40bp__guarded 1 -0.1260000000000039
2026-10-08T10:06:24.7475199Z V27_ACCOUNT DEV__DAILY_S-1_D05_ALIGN20_A25__H96__R20__D0__CAP1__40bp__unguarded_diagnostic 1 -0.1260000000000039
2026-10-08T10:06:24.7692968Z V27_ACCOUNT DEV__DAILY_S-1_D05_ALIGN20_A25__H96__R20__D0__CAP2__20bp__guarded 2 -0.13194058020000732
2026-10-08T10:06:24.7908214Z V27_ACCOUNT DEV__DAILY_S-1_D05_ALIGN20_A25__H96__R20__D0__CAP2__20bp__unguarded_diagnostic 2 -0.13194058020000732
2026-10-08T10:06:24.8169415Z V27_ACCOUNT DEV__DAILY_S-1_D05_ALIGN20_A25__H96__R20__D0__CAP2__40bp__guarded 2 -0.25181092440000885
2026-10-08T10:06:24.8385639Z V27_ACCOUNT DEV__DAILY_S-1_D05_ALIGN20_A25__H96__R20__D0__CAP2__40bp__unguarded_diagnostic 2 -0.25181092440000885
2026-10-08T10:06:24.8672877Z V27_ACCOUNT GATE__DAILY_S-1_D05_ALIGN20_A25__H96__R20__D0__CAPUNLIMITED__20bp__guarded 4 -0.1571545332335944
2026-10-08T10:06:24.8903642Z V27_ACCOUNT GATE__DAILY_S-1_D05_ALIGN20_A25__H96__R20__D0__CAPUNLIMITED__20bp__unguarded_diagnostic 4 -0.1571545332335944
2026-10-08T10:06:24.9175729Z V27_ACCOUNT GATE__DAILY_S-1_D05_ALIGN20_A25__H96__R20__D0__CAPUNLIMITED__40bp__guarded 4 -0.27940717365029233
2026-10-08T10:06:24.9418305Z V27_ACCOUNT GATE__DAILY_S-1_D05_ALIGN20_A25__H96__R20__D0__CAPUNLIMITED__40bp__unguarded_diagnostic 4 -0.27940717365029233
2026-10-08T10:06:24.9618686Z V27_ACCOUNT GATE__DAILY_S-1_D05_ALIGN20_A25__H96__R20__D0__CAP1__20bp__guarded 1 -0.039373038499823654
2026-10-08T10:06:24.9830708Z V27_ACCOUNT GATE__DAILY_S-1_D05_ALIGN20_A25__H96__R20__D0__CAP1__20bp__unguarded_diagnostic 1 -0.039373038499823654
2026-10-08T10:06:25.0088061Z V27_ACCOUNT GATE__DAILY_S-1_D05_ALIGN20_A25__H96__R20__D0__CAP1__40bp__guarded 1 -0.07008500873528778
2026-10-08T10:06:25.0294432Z V27_ACCOUNT GATE__DAILY_S-1_D05_ALIGN20_A25__H96__R20__D0__CAP1__40bp__unguarded_diagnostic 1 -0.07008500873528778
2026-10-08T10:06:25.0510717Z V27_ACCOUNT GATE__DAILY_S-1_D05_ALIGN20_A25__H96__R20__D0__CAP2__20bp__guarded 2 -0.07872493036911177
2026-10-08T10:06:25.0724321Z V27_ACCOUNT GATE__DAILY_S-1_D05_ALIGN20_A25__H96__R20__D0__CAP2__20bp__unguarded_diagnostic 2 -0.07872493036911177
2026-10-08T10:06:25.0983952Z V27_ACCOUNT GATE__DAILY_S-1_D05_ALIGN20_A25__H96__R20__D0__CAP2__40bp__guarded 2 -0.14011151897993512
2026-10-08T10:06:25.1194342Z V27_ACCOUNT GATE__DAILY_S-1_D05_ALIGN20_A25__H96__R20__D0__CAP2__40bp__unguarded_diagnostic 2 -0.14011151897993512
2026-10-08T10:06:25.4122606Z V27_ACCOUNT DEV__DAILY_S-1_D05_ALIGN20_A25__H96__R20__D15__CAPUNLIMITED__20bp__guarded 6 -0.3951097721907493
2026-10-08T10:06:25.4377304Z V27_ACCOUNT DEV__DAILY_S-1_D05_ALIGN20_A25__H96__R20__D15__CAPUNLIMITED__20bp__unguarded_diagnostic 6 -0.3951097721907493
2026-10-08T10:06:25.4674978Z V27_ACCOUNT DEV__DAILY_S-1_D05_ALIGN20_A25__H96__R20__D15__CAPUNLIMITED__40bp__guarded 6 -0.7531695341543299
2026-10-08T10:06:25.4929178Z V27_ACCOUNT DEV__DAILY_S-1_D05_ALIGN20_A25__H96__R20__D15__CAPUNLIMITED__40bp__unguarded_diagnostic 6 -0.7531695341543299
2026-10-08T10:06:25.5125298Z V27_ACCOUNT DEV__DAILY_S-1_D05_ALIGN20_A25__H96__R20__D15__CAP1__20bp__guarded 1 -0.06599999999999939
2026-10-08T10:06:25.5323116Z V27_ACCOUNT DEV__DAILY_S-1_D05_ALIGN20_A25__H96__R20__D15__CAP1__20bp__unguarded_diagnostic 1 -0.06599999999999939
2026-10-08T10:06:25.5560330Z V27_ACCOUNT DEV__DAILY_S-1_D05_ALIGN20_A25__H96__R20__D15__CAP1__40bp__guarded 1 -0.1260000000000039
2026-10-08T10:06:25.5752682Z V27_ACCOUNT DEV__DAILY_S-1_D05_ALIGN20_A25__H96__R20__D15__CAP1__40bp__unguarded_diagnostic 1 -0.1260000000000039
2026-10-08T10:06:25.5964620Z V27_ACCOUNT DEV__DAILY_S-1_D05_ALIGN20_A25__H96__R20__D15__CAP2__20bp__guarded 2 -0.13194058020000732
2026-10-08T10:06:25.6180087Z V27_ACCOUNT DEV__DAILY_S-1_D05_ALIGN20_A25__H96__R20__D15__CAP2__20bp__unguarded_diagnostic 2 -0.13194058020000732
2026-10-08T10:06:25.6441241Z V27_ACCOUNT DEV__DAILY_S-1_D05_ALIGN20_A25__H96__R20__D15__CAP2__40bp__guarded 2 -0.25181092440000885
2026-10-08T10:06:25.6659127Z V27_ACCOUNT DEV__DAILY_S-1_D05_ALIGN20_A25__H96__R20__D15__CAP2__40bp__unguarded_diagnostic 2 -0.25181092440000885
2026-10-08T10:06:25.6950254Z V27_ACCOUNT GATE__DAILY_S-1_D05_ALIGN20_A25__H96__R20__D15__CAPUNLIMITED__20bp__guarded 4 -0.1571545332335944
2026-10-08T10:06:25.7181952Z V27_ACCOUNT GATE__DAILY_S-1_D05_ALIGN20_A25__H96__R20__D15__CAPUNLIMITED__20bp__unguarded_diagnostic 4 -0.1571545332335944
2026-10-08T10:06:25.7457482Z V27_ACCOUNT GATE__DAILY_S-1_D05_ALIGN20_A25__H96__R20__D15__CAPUNLIMITED__40bp__guarded 4 -0.27940717365029233
2026-10-08T10:06:25.7821161Z V27_ACCOUNT GATE__DAILY_S-1_D05_ALIGN20_A25__H96__R20__D15__CAPUNLIMITED__40bp__unguarded_diagnostic 4 -0.27940717365029233
2026-10-08T10:06:25.8022624Z V27_ACCOUNT GATE__DAILY_S-1_D05_ALIGN20_A25__H96__R20__D15__CAP1__20bp__guarded 1 -0.039373038499823654
2026-10-08T10:06:25.8226222Z V27_ACCOUNT GATE__DAILY_S-1_D05_ALIGN20_A25__H96__R20__D15__CAP1__20bp__unguarded_diagnostic 1 -0.039373038499823654
2026-10-08T10:06:25.8476219Z V27_ACCOUNT GATE__DAILY_S-1_D05_ALIGN20_A25__H96__R20__D15__CAP1__40bp__guarded 1 -0.07008500873528778
2026-10-08T10:06:25.8675618Z V27_ACCOUNT GATE__DAILY_S-1_D05_ALIGN20_A25__H96__R20__D15__CAP1__40bp__unguarded_diagnostic 1 -0.07008500873528778
2026-10-08T10:06:25.8889832Z V27_ACCOUNT GATE__DAILY_S-1_D05_ALIGN20_A25__H96__R20__D15__CAP2__20bp__guarded 2 -0.07872493036911177
2026-10-08T10:06:25.9099813Z V27_ACCOUNT GATE__DAILY_S-1_D05_ALIGN20_A25__H96__R20__D15__CAP2__20bp__unguarded_diagnostic 2 -0.07872493036911177
2026-10-08T10:06:25.9353293Z V27_ACCOUNT GATE__DAILY_S-1_D05_ALIGN20_A25__H96__R20__D15__CAP2__40bp__guarded 2 -0.14011151897993512
2026-10-08T10:06:25.9564736Z V27_ACCOUNT GATE__DAILY_S-1_D05_ALIGN20_A25__H96__R20__D15__CAP2__40bp__unguarded_diagnostic 2 -0.14011151897993512
2026-10-08T10:06:26.2489329Z V27_ACCOUNT DEV__DAILY_S-1_D20_ANY_A15__H96__R20__D0__CAPUNLIMITED__20bp__guarded 6 -0.3951097721907493
2026-10-08T10:06:26.2741960Z V27_ACCOUNT DEV__DAILY_S-1_D20_ANY_A15__H96__R20__D0__CAPUNLIMITED__20bp__unguarded_diagnostic 6 -0.3951097721907493
2026-10-08T10:06:26.3049073Z V27_ACCOUNT DEV__DAILY_S-1_D20_ANY_A15__H96__R20__D0__CAPUNLIMITED__40bp__guarded 6 -0.7531695341543299
2026-10-08T10:06:26.3301416Z V27_ACCOUNT DEV__DAILY_S-1_D20_ANY_A15__H96__R20__D0__CAPUNLIMITED__40bp__unguarded_diagnostic 6 -0.7531695341543299
2026-10-08T10:06:26.3495393Z V27_ACCOUNT DEV__DAILY_S-1_D20_ANY_A15__H96__R20__D0__CAP1__20bp__guarded 1 -0.06599999999999939
2026-10-08T10:06:26.3687382Z V27_ACCOUNT DEV__DAILY_S-1_D20_ANY_A15__H96__R20__D0__CAP1__20bp__unguarded_diagnostic 1 -0.06599999999999939
2026-10-08T10:06:26.3920923Z V27_ACCOUNT DEV__DAILY_S-1_D20_ANY_A15__H96__R20__D0__CAP1__40bp__guarded 1 -0.1260000000000039
2026-10-08T10:06:26.4112766Z V27_ACCOUNT DEV__DAILY_S-1_D20_ANY_A15__H96__R20__D0__CAP1__40bp__unguarded_diagnostic 1 -0.1260000000000039
2026-10-08T10:06:26.4321928Z V27_ACCOUNT DEV__DAILY_S-1_D20_ANY_A15__H96__R20__D0__CAP2__20bp__guarded 2 -0.13194058020000732
2026-10-08T10:06:26.4530348Z V27_ACCOUNT DEV__DAILY_S-1_D20_ANY_A15__H96__R20__D0__CAP2__20bp__unguarded_diagnostic 2 -0.13194058020000732
2026-10-08T10:06:26.4784482Z V27_ACCOUNT DEV__DAILY_S-1_D20_ANY_A15__H96__R20__D0__CAP2__40bp__guarded 2 -0.25181092440000885
2026-10-08T10:06:26.4992829Z V27_ACCOUNT DEV__DAILY_S-1_D20_ANY_A15__H96__R20__D0__CAP2__40bp__unguarded_diagnostic 2 -0.25181092440000885
2026-10-08T10:06:26.5278821Z V27_ACCOUNT GATE__DAILY_S-1_D20_ANY_A15__H96__R20__D0__CAPUNLIMITED__20bp__guarded 4 -0.24305149187061614
2026-10-08T10:06:26.5508019Z V27_ACCOUNT GATE__DAILY_S-1_D20_ANY_A15__H96__R20__D0__CAPUNLIMITED__20bp__unguarded_diagnostic 4 -0.24305149187061614
2026-10-08T10:06:26.5779727Z V27_ACCOUNT GATE__DAILY_S-1_D20_ANY_A15__H96__R20__D0__CAPUNLIMITED__40bp__guarded 4 -0.41668718840736085
2026-10-08T10:06:26.6009872Z V27_ACCOUNT GATE__DAILY_S-1_D20_ANY_A15__H96__R20__D0__CAPUNLIMITED__40bp__unguarded_diagnostic 4 -0.41668718840736085
2026-10-08T10:06:26.6215621Z V27_ACCOUNT GATE__DAILY_S-1_D20_ANY_A15__H96__R20__D0__CAP1__20bp__guarded 1 -0.06096499896530716
2026-10-08T10:06:26.6417206Z V27_ACCOUNT GATE__DAILY_S-1_D20_ANY_A15__H96__R20__D0__CAP1__20bp__unguarded_diagnostic 1 -0.06096499896530716
2026-10-08T10:06:26.6659668Z V27_ACCOUNT GATE__DAILY_S-1_D20_ANY_A15__H96__R20__D0__CAP1__40bp__guarded 1 -0.10469133265504915
2026-10-08T10:06:26.6860470Z V27_ACCOUNT GATE__DAILY_S-1_D20_ANY_A15__H96__R20__D0__CAP1__40bp__unguarded_diagnostic 1 -0.10469133265504915
2026-10-08T10:06:26.7076840Z V27_ACCOUNT GATE__DAILY_S-1_D20_ANY_A15__H96__R20__D0__CAP2__20bp__guarded 2 -0.12187929833958888
2026-10-08T10:06:26.7294756Z V27_ACCOUNT GATE__DAILY_S-1_D20_ANY_A15__H96__R20__D0__CAP2__20bp__unguarded_diagnostic 2 -0.12187929833958888
2026-10-08T10:06:26.7550364Z V27_ACCOUNT GATE__DAILY_S-1_D20_ANY_A15__H96__R20__D0__CAP2__40bp__guarded 2 -0.20925213365243778
2026-10-08T10:06:26.7763651Z V27_ACCOUNT GATE__DAILY_S-1_D20_ANY_A15__H96__R20__D0__CAP2__40bp__unguarded_diagnostic 2 -0.20925213365243778
2026-10-08T10:06:27.0675166Z V27_ACCOUNT DEV__DAILY_S-1_D20_ANY_A15__H96__R20__D15__CAPUNLIMITED__20bp__guarded 6 -0.3951097721907493
2026-10-08T10:06:27.0936659Z V27_ACCOUNT DEV__DAILY_S-1_D20_ANY_A15__H96__R20__D15__CAPUNLIMITED__20bp__unguarded_diagnostic 6 -0.3951097721907493
2026-10-08T10:06:27.1229553Z V27_ACCOUNT DEV__DAILY_S-1_D20_ANY_A15__H96__R20__D15__CAPUNLIMITED__40bp__guarded 6 -0.7531695341543299
2026-10-08T10:06:27.1477645Z V27_ACCOUNT DEV__DAILY_S-1_D20_ANY_A15__H96__R20__D15__CAPUNLIMITED__40bp__unguarded_diagnostic 6 -0.7531695341543299
2026-10-08T10:06:27.1672221Z V27_ACCOUNT DEV__DAILY_S-1_D20_ANY_A15__H96__R20__D15__CAP1__20bp__guarded 1 -0.06599999999999939
2026-10-08T10:06:27.1865483Z V27_ACCOUNT DEV__DAILY_S-1_D20_ANY_A15__H96__R20__D15__CAP1__20bp__unguarded_diagnostic 1 -0.06599999999999939
2026-10-08T10:06:27.2101704Z V27_ACCOUNT DEV__DAILY_S-1_D20_ANY_A15__H96__R20__D15__CAP1__40bp__guarded 1 -0.1260000000000039
2026-10-08T10:06:27.2292085Z V27_ACCOUNT DEV__DAILY_S-1_D20_ANY_A15__H96__R20__D15__CAP1__40bp__unguarded_diagnostic 1 -0.1260000000000039
2026-10-08T10:06:27.2501214Z V27_ACCOUNT DEV__DAILY_S-1_D20_ANY_A15__H96__R20__D15__CAP2__20bp__guarded 2 -0.13194058020000732
2026-10-08T10:06:27.2710056Z V27_ACCOUNT DEV__DAILY_S-1_D20_ANY_A15__H96__R20__D15__CAP2__20bp__unguarded_diagnostic 2 -0.13194058020000732
2026-10-08T10:06:27.2970306Z V27_ACCOUNT DEV__DAILY_S-1_D20_ANY_A15__H96__R20__D15__CAP2__40bp__guarded 2 -0.25181092440000885
2026-10-08T10:06:27.3182025Z V27_ACCOUNT DEV__DAILY_S-1_D20_ANY_A15__H96__R20__D15__CAP2__40bp__unguarded_diagnostic 2 -0.25181092440000885
2026-10-08T10:06:27.3470055Z V27_ACCOUNT GATE__DAILY_S-1_D20_ANY_A15__H96__R20__D15__CAPUNLIMITED__20bp__guarded 4 -0.24305149187061614
2026-10-08T10:06:27.3704082Z V27_ACCOUNT GATE__DAILY_S-1_D20_ANY_A15__H96__R20__D15__CAPUNLIMITED__20bp__unguarded_diagnostic 4 -0.24305149187061614
2026-10-08T10:06:27.3979974Z V27_ACCOUNT GATE__DAILY_S-1_D20_ANY_A15__H96__R20__D15__CAPUNLIMITED__40bp__guarded 4 -0.41668718840736085
2026-10-08T10:06:27.4207981Z V27_ACCOUNT GATE__DAILY_S-1_D20_ANY_A15__H96__R20__D15__CAPUNLIMITED__40bp__unguarded_diagnostic 4 -0.41668718840736085
2026-10-08T10:06:27.4406628Z V27_ACCOUNT GATE__DAILY_S-1_D20_ANY_A15__H96__R20__D15__CAP1__20bp__guarded 1 -0.06096499896530716
2026-10-08T10:06:27.4605807Z V27_ACCOUNT GATE__DAILY_S-1_D20_ANY_A15__H96__R20__D15__CAP1__20bp__unguarded_diagnostic 1 -0.06096499896530716
2026-10-08T10:06:27.4846980Z V27_ACCOUNT GATE__DAILY_S-1_D20_ANY_A15__H96__R20__D15__CAP1__40bp__guarded 1 -0.10469133265504915
2026-10-08T10:06:27.5047119Z V27_ACCOUNT GATE__DAILY_S-1_D20_ANY_A15__H96__R20__D15__CAP1__40bp__unguarded_diagnostic 1 -0.10469133265504915
2026-10-08T10:06:27.5256271Z V27_ACCOUNT GATE__DAILY_S-1_D20_ANY_A15__H96__R20__D15__CAP2__20bp__guarded 2 -0.12187929833958888
2026-10-08T10:06:27.5466476Z V27_ACCOUNT GATE__DAILY_S-1_D20_ANY_A15__H96__R20__D15__CAP2__20bp__unguarded_diagnostic 2 -0.12187929833958888
2026-10-08T10:06:27.5855521Z V27_ACCOUNT GATE__DAILY_S-1_D20_ANY_A15__H96__R20__D15__CAP2__40bp__guarded 2 -0.20925213365243778
2026-10-08T10:06:27.6061036Z V27_ACCOUNT GATE__DAILY_S-1_D20_ANY_A15__H96__R20__D15__CAP2__40bp__unguarded_diagnostic 2 -0.20925213365243778
2026-10-08T10:06:27.8974553Z V27_ACCOUNT DEV__DAILY_S-1_D20_ANY_A25__H96__R20__D0__CAPUNLIMITED__20bp__guarded 6 -0.3951097721907493
2026-10-08T10:06:27.9223269Z V27_ACCOUNT DEV__DAILY_S-1_D20_ANY_A25__H96__R20__D0__CAPUNLIMITED__20bp__unguarded_diagnostic 6 -0.3951097721907493
2026-10-08T10:06:27.9519042Z V27_ACCOUNT DEV__DAILY_S-1_D20_ANY_A25__H96__R20__D0__CAPUNLIMITED__40bp__guarded 6 -0.7531695341543299
2026-10-08T10:06:27.9769235Z V27_ACCOUNT DEV__DAILY_S-1_D20_ANY_A25__H96__R20__D0__CAPUNLIMITED__40bp__unguarded_diagnostic 6 -0.7531695341543299
2026-10-08T10:06:27.9963827Z V27_ACCOUNT DEV__DAILY_S-1_D20_ANY_A25__H96__R20__D0__CAP1__20bp__guarded 1 -0.06599999999999939
2026-10-08T10:06:28.0155051Z V27_ACCOUNT DEV__DAILY_S-1_D20_ANY_A25__H96__R20__D0__CAP1__20bp__unguarded_diagnostic 1 -0.06599999999999939
2026-10-08T10:06:28.0389007Z V27_ACCOUNT DEV__DAILY_S-1_D20_ANY_A25__H96__R20__D0__CAP1__40bp__guarded 1 -0.1260000000000039
2026-10-08T10:06:28.0585838Z V27_ACCOUNT DEV__DAILY_S-1_D20_ANY_A25__H96__R20__D0__CAP1__40bp__unguarded_diagnostic 1 -0.1260000000000039
2026-10-08T10:06:28.0802814Z V27_ACCOUNT DEV__DAILY_S-1_D20_ANY_A25__H96__R20__D0__CAP2__20bp__guarded 2 -0.13194058020000732
2026-10-08T10:06:28.1015260Z V27_ACCOUNT DEV__DAILY_S-1_D20_ANY_A25__H96__R20__D0__CAP2__20bp__unguarded_diagnostic 2 -0.13194058020000732
2026-10-08T10:06:28.1269210Z V27_ACCOUNT DEV__DAILY_S-1_D20_ANY_A25__H96__R20__D0__CAP2__40bp__guarded 2 -0.25181092440000885
2026-10-08T10:06:28.1478173Z V27_ACCOUNT DEV__DAILY_S-1_D20_ANY_A25__H96__R20__D0__CAP2__40bp__unguarded_diagnostic 2 -0.25181092440000885
2026-10-08T10:06:28.1763293Z V27_ACCOUNT GATE__DAILY_S-1_D20_ANY_A25__H96__R20__D0__CAPUNLIMITED__20bp__guarded 4 -0.1571545332335944
2026-10-08T10:06:28.1990766Z V27_ACCOUNT GATE__DAILY_S-1_D20_ANY_A25__H96__R20__D0__CAPUNLIMITED__20bp__unguarded_diagnostic 4 -0.1571545332335944
2026-10-08T10:06:28.2265095Z V27_ACCOUNT GATE__DAILY_S-1_D20_ANY_A25__H96__R20__D0__CAPUNLIMITED__40bp__guarded 4 -0.27940717365029233
2026-10-08T10:06:28.2492000Z V27_ACCOUNT GATE__DAILY_S-1_D20_ANY_A25__H96__R20__D0__CAPUNLIMITED__40bp__unguarded_diagnostic 4 -0.27940717365029233
2026-10-08T10:06:28.2689052Z V27_ACCOUNT GATE__DAILY_S-1_D20_ANY_A25__H96__R20__D0__CAP1__20bp__guarded 1 -0.039373038499823654
2026-10-08T10:06:28.2886662Z V27_ACCOUNT GATE__DAILY_S-1_D20_ANY_A25__H96__R20__D0__CAP1__20bp__unguarded_diagnostic 1 -0.039373038499823654
2026-10-08T10:06:28.3127231Z V27_ACCOUNT GATE__DAILY_S-1_D20_ANY_A25__H96__R20__D0__CAP1__40bp__guarded 1 -0.07008500873528778
2026-10-08T10:06:28.3323486Z V27_ACCOUNT GATE__DAILY_S-1_D20_ANY_A25__H96__R20__D0__CAP1__40bp__unguarded_diagnostic 1 -0.07008500873528778
2026-10-08T10:06:28.3531624Z V27_ACCOUNT GATE__DAILY_S-1_D20_ANY_A25__H96__R20__D0__CAP2__20bp__guarded 2 -0.07872493036911177
2026-10-08T10:06:28.3739826Z V27_ACCOUNT GATE__DAILY_S-1_D20_ANY_A25__H96__R20__D0__CAP2__20bp__unguarded_diagnostic 2 -0.07872493036911177
2026-10-08T10:06:28.3995120Z V27_ACCOUNT GATE__DAILY_S-1_D20_ANY_A25__H96__R20__D0__CAP2__40bp__guarded 2 -0.14011151897993512
2026-10-08T10:06:28.4204847Z V27_ACCOUNT GATE__DAILY_S-1_D20_ANY_A25__H96__R20__D0__CAP2__40bp__unguarded_diagnostic 2 -0.14011151897993512
2026-10-08T10:06:28.7110016Z V27_ACCOUNT DEV__DAILY_S-1_D20_ANY_A25__H96__R20__D15__CAPUNLIMITED__20bp__guarded 6 -0.3951097721907493
2026-10-08T10:06:28.7363946Z V27_ACCOUNT DEV__DAILY_S-1_D20_ANY_A25__H96__R20__D15__CAPUNLIMITED__20bp__unguarded_diagnostic 6 -0.3951097721907493
2026-10-08T10:06:28.7662901Z V27_ACCOUNT DEV__DAILY_S-1_D20_ANY_A25__H96__R20__D15__CAPUNLIMITED__40bp__guarded 6 -0.7531695341543299
2026-10-08T10:06:28.7919914Z V27_ACCOUNT DEV__DAILY_S-1_D20_ANY_A25__H96__R20__D15__CAPUNLIMITED__40bp__unguarded_diagnostic 6 -0.7531695341543299
2026-10-08T10:06:28.8114367Z V27_ACCOUNT DEV__DAILY_S-1_D20_ANY_A25__H96__R20__D15__CAP1__20bp__guarded 1 -0.06599999999999939
2026-10-08T10:06:28.8308863Z V27_ACCOUNT DEV__DAILY_S-1_D20_ANY_A25__H96__R20__D15__CAP1__20bp__unguarded_diagnostic 1 -0.06599999999999939
2026-10-08T10:06:28.8547692Z V27_ACCOUNT DEV__DAILY_S-1_D20_ANY_A25__H96__R20__D15__CAP1__40bp__guarded 1 -0.1260000000000039
2026-10-08T10:06:28.8741600Z V27_ACCOUNT DEV__DAILY_S-1_D20_ANY_A25__H96__R20__D15__CAP1__40bp__unguarded_diagnostic 1 -0.1260000000000039
2026-10-08T10:06:28.8955584Z V27_ACCOUNT DEV__DAILY_S-1_D20_ANY_A25__H96__R20__D15__CAP2__20bp__guarded 2 -0.13194058020000732
2026-10-08T10:06:28.9168989Z V27_ACCOUNT DEV__DAILY_S-1_D20_ANY_A25__H96__R20__D15__CAP2__20bp__unguarded_diagnostic 2 -0.13194058020000732
2026-10-08T10:06:28.9423203Z V27_ACCOUNT DEV__DAILY_S-1_D20_ANY_A25__H96__R20__D15__CAP2__40bp__guarded 2 -0.25181092440000885
2026-10-08T10:06:28.9634689Z V27_ACCOUNT DEV__DAILY_S-1_D20_ANY_A25__H96__R20__D15__CAP2__40bp__unguarded_diagnostic 2 -0.25181092440000885
2026-10-08T10:06:28.9924362Z V27_ACCOUNT GATE__DAILY_S-1_D20_ANY_A25__H96__R20__D15__CAPUNLIMITED__20bp__guarded 4 -0.1571545332335944
2026-10-08T10:06:29.0153266Z V27_ACCOUNT GATE__DAILY_S-1_D20_ANY_A25__H96__R20__D15__CAPUNLIMITED__20bp__unguarded_diagnostic 4 -0.1571545332335944
2026-10-08T10:06:29.0428656Z V27_ACCOUNT GATE__DAILY_S-1_D20_ANY_A25__H96__R20__D15__CAPUNLIMITED__40bp__guarded 4 -0.27940717365029233
2026-10-08T10:06:29.0663711Z V27_ACCOUNT GATE__DAILY_S-1_D20_ANY_A25__H96__R20__D15__CAPUNLIMITED__40bp__unguarded_diagnostic 4 -0.27940717365029233
2026-10-08T10:06:29.0867475Z V27_ACCOUNT GATE__DAILY_S-1_D20_ANY_A25__H96__R20__D15__CAP1__20bp__guarded 1 -0.039373038499823654
2026-10-08T10:06:29.1069995Z V27_ACCOUNT GATE__DAILY_S-1_D20_ANY_A25__H96__R20__D15__CAP1__20bp__unguarded_diagnostic 1 -0.039373038499823654
2026-10-08T10:06:29.1311991Z V27_ACCOUNT GATE__DAILY_S-1_D20_ANY_A25__H96__R20__D15__CAP1__40bp__guarded 1 -0.07008500873528778
2026-10-08T10:06:29.1509674Z V27_ACCOUNT GATE__DAILY_S-1_D20_ANY_A25__H96__R20__D15__CAP1__40bp__unguarded_diagnostic 1 -0.07008500873528778
2026-10-08T10:06:29.1720721Z V27_ACCOUNT GATE__DAILY_S-1_D20_ANY_A25__H96__R20__D15__CAP2__20bp__guarded 2 -0.07872493036911177
2026-10-08T10:06:29.1932865Z V27_ACCOUNT GATE__DAILY_S-1_D20_ANY_A25__H96__R20__D15__CAP2__20bp__unguarded_diagnostic 2 -0.07872493036911177
2026-10-08T10:06:29.2186295Z V27_ACCOUNT GATE__DAILY_S-1_D20_ANY_A25__H96__R20__D15__CAP2__40bp__guarded 2 -0.14011151897993512
2026-10-08T10:06:29.2399407Z V27_ACCOUNT GATE__DAILY_S-1_D20_ANY_A25__H96__R20__D15__CAP2__40bp__unguarded_diagnostic 2 -0.14011151897993512
2026-10-08T10:06:29.5442837Z V27_ACCOUNT DEV__DAILY_S-1_D20_ALIGN20_A15__H96__R20__D0__CAPUNLIMITED__20bp__guarded 6 -0.3951097721907493
2026-10-08T10:06:29.5695189Z V27_ACCOUNT DEV__DAILY_S-1_D20_ALIGN20_A15__H96__R20__D0__CAPUNLIMITED__20bp__unguarded_diagnostic 6 -0.3951097721907493
2026-10-08T10:06:29.5992836Z V27_ACCOUNT DEV__DAILY_S-1_D20_ALIGN20_A15__H96__R20__D0__CAPUNLIMITED__40bp__guarded 6 -0.7531695341543299
2026-10-08T10:06:29.6243022Z V27_ACCOUNT DEV__DAILY_S-1_D20_ALIGN20_A15__H96__R20__D0__CAPUNLIMITED__40bp__unguarded_diagnostic 6 -0.7531695341543299
2026-10-08T10:06:29.6435901Z V27_ACCOUNT DEV__DAILY_S-1_D20_ALIGN20_A15__H96__R20__D0__CAP1__20bp__guarded 1 -0.06599999999999939
2026-10-08T10:06:29.6626168Z V27_ACCOUNT DEV__DAILY_S-1_D20_ALIGN20_A15__H96__R20__D0__CAP1__20bp__unguarded_diagnostic 1 -0.06599999999999939
2026-10-08T10:06:29.6860096Z V27_ACCOUNT DEV__DAILY_S-1_D20_ALIGN20_A15__H96__R20__D0__CAP1__40bp__guarded 1 -0.1260000000000039
2026-10-08T10:06:29.7048719Z V27_ACCOUNT DEV__DAILY_S-1_D20_ALIGN20_A15__H96__R20__D0__CAP1__40bp__unguarded_diagnostic 1 -0.1260000000000039
2026-10-08T10:06:29.7257812Z V27_ACCOUNT DEV__DAILY_S-1_D20_ALIGN20_A15__H96__R20__D0__CAP2__20bp__guarded 2 -0.13194058020000732
2026-10-08T10:06:29.7474904Z V27_ACCOUNT DEV__DAILY_S-1_D20_ALIGN20_A15__H96__R20__D0__CAP2__20bp__unguarded_diagnostic 2 -0.13194058020000732
2026-10-08T10:06:29.7732575Z V27_ACCOUNT DEV__DAILY_S-1_D20_ALIGN20_A15__H96__R20__D0__CAP2__40bp__guarded 2 -0.25181092440000885
2026-10-08T10:06:29.7946172Z V27_ACCOUNT DEV__DAILY_S-1_D20_ALIGN20_A15__H96__R20__D0__CAP2__40bp__unguarded_diagnostic 2 -0.25181092440000885
2026-10-08T10:06:29.8237353Z V27_ACCOUNT GATE__DAILY_S-1_D20_ALIGN20_A15__H96__R20__D0__CAPUNLIMITED__20bp__guarded 4 -0.24305149187061614
2026-10-08T10:06:29.8470192Z V27_ACCOUNT GATE__DAILY_S-1_D20_ALIGN20_A15__H96__R20__D0__CAPUNLIMITED__20bp__unguarded_diagnostic 4 -0.24305149187061614
2026-10-08T10:06:29.8744587Z V27_ACCOUNT GATE__DAILY_S-1_D20_ALIGN20_A15__H96__R20__D0__CAPUNLIMITED__40bp__guarded 4 -0.41668718840736085
2026-10-08T10:06:29.8974599Z V27_ACCOUNT GATE__DAILY_S-1_D20_ALIGN20_A15__H96__R20__D0__CAPUNLIMITED__40bp__unguarded_diagnostic 4 -0.41668718840736085
2026-10-08T10:06:29.9176972Z V27_ACCOUNT GATE__DAILY_S-1_D20_ALIGN20_A15__H96__R20__D0__CAP1__20bp__guarded 1 -0.06096499896530716
2026-10-08T10:06:29.9380101Z V27_ACCOUNT GATE__DAILY_S-1_D20_ALIGN20_A15__H96__R20__D0__CAP1__20bp__unguarded_diagnostic 1 -0.06096499896530716
2026-10-08T10:06:29.9621209Z V27_ACCOUNT GATE__DAILY_S-1_D20_ALIGN20_A15__H96__R20__D0__CAP1__40bp__guarded 1 -0.10469133265504915
2026-10-08T10:06:29.9817386Z V27_ACCOUNT GATE__DAILY_S-1_D20_ALIGN20_A15__H96__R20__D0__CAP1__40bp__unguarded_diagnostic 1 -0.10469133265504915
2026-10-08T10:06:30.0029414Z V27_ACCOUNT GATE__DAILY_S-1_D20_ALIGN20_A15__H96__R20__D0__CAP2__20bp__guarded 2 -0.12187929833958888
2026-10-08T10:06:30.0235670Z V27_ACCOUNT GATE__DAILY_S-1_D20_ALIGN20_A15__H96__R20__D0__CAP2__20bp__unguarded_diagnostic 2 -0.12187929833958888
2026-10-08T10:06:30.0489139Z V27_ACCOUNT GATE__DAILY_S-1_D20_ALIGN20_A15__H96__R20__D0__CAP2__40bp__guarded 2 -0.20925213365243778
2026-10-08T10:06:30.0699128Z V27_ACCOUNT GATE__DAILY_S-1_D20_ALIGN20_A15__H96__R20__D0__CAP2__40bp__unguarded_diagnostic 2 -0.20925213365243778
2026-10-08T10:06:30.3612935Z V27_ACCOUNT DEV__DAILY_S-1_D20_ALIGN20_A15__H96__R20__D15__CAPUNLIMITED__20bp__guarded 6 -0.3951097721907493
2026-10-08T10:06:30.3868738Z V27_ACCOUNT DEV__DAILY_S-1_D20_ALIGN20_A15__H96__R20__D15__CAPUNLIMITED__20bp__unguarded_diagnostic 6 -0.3951097721907493
2026-10-08T10:06:30.4167327Z V27_ACCOUNT DEV__DAILY_S-1_D20_ALIGN20_A15__H96__R20__D15__CAPUNLIMITED__40bp__guarded 6 -0.7531695341543299
2026-10-08T10:06:30.4420309Z V27_ACCOUNT DEV__DAILY_S-1_D20_ALIGN20_A15__H96__R20__D15__CAPUNLIMITED__40bp__unguarded_diagnostic 6 -0.7531695341543299
2026-10-08T10:06:30.4614124Z V27_ACCOUNT DEV__DAILY_S-1_D20_ALIGN20_A15__H96__R20__D15__CAP1__20bp__guarded 1 -0.06599999999999939
2026-10-08T10:06:30.4806809Z V27_ACCOUNT DEV__DAILY_S-1_D20_ALIGN20_A15__H96__R20__D15__CAP1__20bp__unguarded_diagnostic 1 -0.06599999999999939
2026-10-08T10:06:30.5041216Z V27_ACCOUNT DEV__DAILY_S-1_D20_ALIGN20_A15__H96__R20__D15__CAP1__40bp__guarded 1 -0.1260000000000039
2026-10-08T10:06:30.5230692Z V27_ACCOUNT DEV__DAILY_S-1_D20_ALIGN20_A15__H96__R20__D15__CAP1__40bp__unguarded_diagnostic 1 -0.1260000000000039
2026-10-08T10:06:30.5442191Z V27_ACCOUNT DEV__DAILY_S-1_D20_ALIGN20_A15__H96__R20__D15__CAP2__20bp__guarded 2 -0.13194058020000732
2026-10-08T10:06:30.5652483Z V27_ACCOUNT DEV__DAILY_S-1_D20_ALIGN20_A15__H96__R20__D15__CAP2__20bp__unguarded_diagnostic 2 -0.13194058020000732
2026-10-08T10:06:30.5905569Z V27_ACCOUNT DEV__DAILY_S-1_D20_ALIGN20_A15__H96__R20__D15__CAP2__40bp__guarded 2 -0.25181092440000885
2026-10-08T10:06:30.6114361Z V27_ACCOUNT DEV__DAILY_S-1_D20_ALIGN20_A15__H96__R20__D15__CAP2__40bp__unguarded_diagnostic 2 -0.25181092440000885
2026-10-08T10:06:30.6396953Z V27_ACCOUNT GATE__DAILY_S-1_D20_ALIGN20_A15__H96__R20__D15__CAPUNLIMITED__20bp__guarded 4 -0.24305149187061614
2026-10-08T10:06:30.6626081Z V27_ACCOUNT GATE__DAILY_S-1_D20_ALIGN20_A15__H96__R20__D15__CAPUNLIMITED__20bp__unguarded_diagnostic 4 -0.24305149187061614
2026-10-08T10:06:30.6897070Z V27_ACCOUNT GATE__DAILY_S-1_D20_ALIGN20_A15__H96__R20__D15__CAPUNLIMITED__40bp__guarded 4 -0.41668718840736085
2026-10-08T10:06:30.7123546Z V27_ACCOUNT GATE__DAILY_S-1_D20_ALIGN20_A15__H96__R20__D15__CAPUNLIMITED__40bp__unguarded_diagnostic 4 -0.41668718840736085
2026-10-08T10:06:30.7323809Z V27_ACCOUNT GATE__DAILY_S-1_D20_ALIGN20_A15__H96__R20__D15__CAP1__20bp__guarded 1 -0.06096499896530716
2026-10-08T10:06:30.7523916Z V27_ACCOUNT GATE__DAILY_S-1_D20_ALIGN20_A15__H96__R20__D15__CAP1__20bp__unguarded_diagnostic 1 -0.06096499896530716
2026-10-08T10:06:30.7766488Z V27_ACCOUNT GATE__DAILY_S-1_D20_ALIGN20_A15__H96__R20__D15__CAP1__40bp__guarded 1 -0.10469133265504915
2026-10-08T10:06:30.7967509Z V27_ACCOUNT GATE__DAILY_S-1_D20_ALIGN20_A15__H96__R20__D15__CAP1__40bp__unguarded_diagnostic 1 -0.10469133265504915
2026-10-08T10:06:30.8179563Z V27_ACCOUNT GATE__DAILY_S-1_D20_ALIGN20_A15__H96__R20__D15__CAP2__20bp__guarded 2 -0.12187929833958888
2026-10-08T10:06:30.8390231Z V27_ACCOUNT GATE__DAILY_S-1_D20_ALIGN20_A15__H96__R20__D15__CAP2__20bp__unguarded_diagnostic 2 -0.12187929833958888
2026-10-08T10:06:30.8647068Z V27_ACCOUNT GATE__DAILY_S-1_D20_ALIGN20_A15__H96__R20__D15__CAP2__40bp__guarded 2 -0.20925213365243778
2026-10-08T10:06:30.8865470Z V27_ACCOUNT GATE__DAILY_S-1_D20_ALIGN20_A15__H96__R20__D15__CAP2__40bp__unguarded_diagnostic 2 -0.20925213365243778
2026-10-08T10:06:31.1807902Z V27_ACCOUNT DEV__DAILY_S-1_D20_ALIGN20_A25__H96__R20__D0__CAPUNLIMITED__20bp__guarded 6 -0.3951097721907493
2026-10-08T10:06:31.2059368Z V27_ACCOUNT DEV__DAILY_S-1_D20_ALIGN20_A25__H96__R20__D0__CAPUNLIMITED__20bp__unguarded_diagnostic 6 -0.3951097721907493
2026-10-08T10:06:31.2473177Z V27_ACCOUNT DEV__DAILY_S-1_D20_ALIGN20_A25__H96__R20__D0__CAPUNLIMITED__40bp__guarded 6 -0.7531695341543299
2026-10-08T10:06:31.2722914Z V27_ACCOUNT DEV__DAILY_S-1_D20_ALIGN20_A25__H96__R20__D0__CAPUNLIMITED__40bp__unguarded_diagnostic 6 -0.7531695341543299
2026-10-08T10:06:31.2917788Z V27_ACCOUNT DEV__DAILY_S-1_D20_ALIGN20_A25__H96__R20__D0__CAP1__20bp__guarded 1 -0.06599999999999939
2026-10-08T10:06:31.3111190Z V27_ACCOUNT DEV__DAILY_S-1_D20_ALIGN20_A25__H96__R20__D0__CAP1__20bp__unguarded_diagnostic 1 -0.06599999999999939
2026-10-08T10:06:31.3345172Z V27_ACCOUNT DEV__DAILY_S-1_D20_ALIGN20_A25__H96__R20__D0__CAP1__40bp__guarded 1 -0.1260000000000039
2026-10-08T10:06:31.3539533Z V27_ACCOUNT DEV__DAILY_S-1_D20_ALIGN20_A25__H96__R20__D0__CAP1__40bp__unguarded_diagnostic 1 -0.1260000000000039
2026-10-08T10:06:31.3753388Z V27_ACCOUNT DEV__DAILY_S-1_D20_ALIGN20_A25__H96__R20__D0__CAP2__20bp__guarded 2 -0.13194058020000732
2026-10-08T10:06:31.3971615Z V27_ACCOUNT DEV__DAILY_S-1_D20_ALIGN20_A25__H96__R20__D0__CAP2__20bp__unguarded_diagnostic 2 -0.13194058020000732
2026-10-08T10:06:31.4228021Z V27_ACCOUNT DEV__DAILY_S-1_D20_ALIGN20_A25__H96__R20__D0__CAP2__40bp__guarded 2 -0.25181092440000885
2026-10-08T10:06:31.4441789Z V27_ACCOUNT DEV__DAILY_S-1_D20_ALIGN20_A25__H96__R20__D0__CAP2__40bp__unguarded_diagnostic 2 -0.25181092440000885
2026-10-08T10:06:31.4733491Z V27_ACCOUNT GATE__DAILY_S-1_D20_ALIGN20_A25__H96__R20__D0__CAPUNLIMITED__20bp__guarded 4 -0.1571545332335944
2026-10-08T10:06:31.4966301Z V27_ACCOUNT GATE__DAILY_S-1_D20_ALIGN20_A25__H96__R20__D0__CAPUNLIMITED__20bp__unguarded_diagnostic 4 -0.1571545332335944
2026-10-08T10:06:31.5239065Z V27_ACCOUNT GATE__DAILY_S-1_D20_ALIGN20_A25__H96__R20__D0__CAPUNLIMITED__40bp__guarded 4 -0.27940717365029233
2026-10-08T10:06:31.5473025Z V27_ACCOUNT GATE__DAILY_S-1_D20_ALIGN20_A25__H96__R20__D0__CAPUNLIMITED__40bp__unguarded_diagnostic 4 -0.27940717365029233
2026-10-08T10:06:31.5674807Z V27_ACCOUNT GATE__DAILY_S-1_D20_ALIGN20_A25__H96__R20__D0__CAP1__20bp__guarded 1 -0.039373038499823654
2026-10-08T10:06:31.5874307Z V27_ACCOUNT GATE__DAILY_S-1_D20_ALIGN20_A25__H96__R20__D0__CAP1__20bp__unguarded_diagnostic 1 -0.039373038499823654
2026-10-08T10:06:31.6121843Z V27_ACCOUNT GATE__DAILY_S-1_D20_ALIGN20_A25__H96__R20__D0__CAP1__40bp__guarded 1 -0.07008500873528778
2026-10-08T10:06:31.6319911Z V27_ACCOUNT GATE__DAILY_S-1_D20_ALIGN20_A25__H96__R20__D0__CAP1__40bp__unguarded_diagnostic 1 -0.07008500873528778
2026-10-08T10:06:31.6533545Z V27_ACCOUNT GATE__DAILY_S-1_D20_ALIGN20_A25__H96__R20__D0__CAP2__20bp__guarded 2 -0.07872493036911177
2026-10-08T10:06:31.6744120Z V27_ACCOUNT GATE__DAILY_S-1_D20_ALIGN20_A25__H96__R20__D0__CAP2__20bp__unguarded_diagnostic 2 -0.07872493036911177
2026-10-08T10:06:31.7003785Z V27_ACCOUNT GATE__DAILY_S-1_D20_ALIGN20_A25__H96__R20__D0__CAP2__40bp__guarded 2 -0.14011151897993512
2026-10-08T10:06:31.7214016Z V27_ACCOUNT GATE__DAILY_S-1_D20_ALIGN20_A25__H96__R20__D0__CAP2__40bp__unguarded_diagnostic 2 -0.14011151897993512
2026-10-08T10:06:32.0149660Z V27_ACCOUNT DEV__DAILY_S-1_D20_ALIGN20_A25__H96__R20__D15__CAPUNLIMITED__20bp__guarded 6 -0.3951097721907493
2026-10-08T10:06:32.0409464Z V27_ACCOUNT DEV__DAILY_S-1_D20_ALIGN20_A25__H96__R20__D15__CAPUNLIMITED__20bp__unguarded_diagnostic 6 -0.3951097721907493
2026-10-08T10:06:32.0719461Z V27_ACCOUNT DEV__DAILY_S-1_D20_ALIGN20_A25__H96__R20__D15__CAPUNLIMITED__40bp__guarded 6 -0.7531695341543299
2026-10-08T10:06:32.0974869Z V27_ACCOUNT DEV__DAILY_S-1_D20_ALIGN20_A25__H96__R20__D15__CAPUNLIMITED__40bp__unguarded_diagnostic 6 -0.7531695341543299
2026-10-08T10:06:32.1171240Z V27_ACCOUNT DEV__DAILY_S-1_D20_ALIGN20_A25__H96__R20__D15__CAP1__20bp__guarded 1 -0.06599999999999939
2026-10-08T10:06:32.1369751Z V27_ACCOUNT DEV__DAILY_S-1_D20_ALIGN20_A25__H96__R20__D15__CAP1__20bp__unguarded_diagnostic 1 -0.06599999999999939
2026-10-08T10:06:32.1610648Z V27_ACCOUNT DEV__DAILY_S-1_D20_ALIGN20_A25__H96__R20__D15__CAP1__40bp__guarded 1 -0.1260000000000039
2026-10-08T10:06:32.1805380Z V27_ACCOUNT DEV__DAILY_S-1_D20_ALIGN20_A25__H96__R20__D15__CAP1__40bp__unguarded_diagnostic 1 -0.1260000000000039
2026-10-08T10:06:32.2023553Z V27_ACCOUNT DEV__DAILY_S-1_D20_ALIGN20_A25__H96__R20__D15__CAP2__20bp__guarded 2 -0.13194058020000732
2026-10-08T10:06:32.2236185Z V27_ACCOUNT DEV__DAILY_S-1_D20_ALIGN20_A25__H96__R20__D15__CAP2__20bp__unguarded_diagnostic 2 -0.13194058020000732
2026-10-08T10:06:32.2494231Z V27_ACCOUNT DEV__DAILY_S-1_D20_ALIGN20_A25__H96__R20__D15__CAP2__40bp__guarded 2 -0.25181092440000885
2026-10-08T10:06:32.2706248Z V27_ACCOUNT DEV__DAILY_S-1_D20_ALIGN20_A25__H96__R20__D15__CAP2__40bp__unguarded_diagnostic 2 -0.25181092440000885
2026-10-08T10:06:32.2997702Z V27_ACCOUNT GATE__DAILY_S-1_D20_ALIGN20_A25__H96__R20__D15__CAPUNLIMITED__20bp__guarded 4 -0.1571545332335944
2026-10-08T10:06:32.3229275Z V27_ACCOUNT GATE__DAILY_S-1_D20_ALIGN20_A25__H96__R20__D15__CAPUNLIMITED__20bp__unguarded_diagnostic 4 -0.1571545332335944
2026-10-08T10:06:32.3505857Z V27_ACCOUNT GATE__DAILY_S-1_D20_ALIGN20_A25__H96__R20__D15__CAPUNLIMITED__40bp__guarded 4 -0.27940717365029233
2026-10-08T10:06:32.3735917Z V27_ACCOUNT GATE__DAILY_S-1_D20_ALIGN20_A25__H96__R20__D15__CAPUNLIMITED__40bp__unguarded_diagnostic 4 -0.27940717365029233
2026-10-08T10:06:32.3938068Z V27_ACCOUNT GATE__DAILY_S-1_D20_ALIGN20_A25__H96__R20__D15__CAP1__20bp__guarded 1 -0.039373038499823654
2026-10-08T10:06:32.4139634Z V27_ACCOUNT GATE__DAILY_S-1_D20_ALIGN20_A25__H96__R20__D15__CAP1__20bp__unguarded_diagnostic 1 -0.039373038499823654
2026-10-08T10:06:32.4383015Z V27_ACCOUNT GATE__DAILY_S-1_D20_ALIGN20_A25__H96__R20__D15__CAP1__40bp__guarded 1 -0.07008500873528778
2026-10-08T10:06:32.4587240Z V27_ACCOUNT GATE__DAILY_S-1_D20_ALIGN20_A25__H96__R20__D15__CAP1__40bp__unguarded_diagnostic 1 -0.07008500873528778
2026-10-08T10:06:32.4799568Z V27_ACCOUNT GATE__DAILY_S-1_D20_ALIGN20_A25__H96__R20__D15__CAP2__20bp__guarded 2 -0.07872493036911177
2026-10-08T10:06:32.5007495Z V27_ACCOUNT GATE__DAILY_S-1_D20_ALIGN20_A25__H96__R20__D15__CAP2__20bp__unguarded_diagnostic 2 -0.07872493036911177
2026-10-08T10:06:32.5260063Z V27_ACCOUNT GATE__DAILY_S-1_D20_ALIGN20_A25__H96__R20__D15__CAP2__40bp__guarded 2 -0.14011151897993512
2026-10-08T10:06:32.5470793Z V27_ACCOUNT GATE__DAILY_S-1_D20_ALIGN20_A25__H96__R20__D15__CAP2__40bp__unguarded_diagnostic 2 -0.14011151897993512
2026-10-08T10:06:32.9964214Z V27_384_SCENARIOS_HASH_AND_ARITHMETIC_PASS
2026-10-08T10:06:33.0022572Z V27_SYNTHETIC_8_SOURCE_16_SCAN_16_POLICY_384_ACCOUNT_PIPELINE_PASS
2026-10-08T10:06:33.0643310Z ##[group]Run actions/upload-artifact@v4
2026-10-08T10:06:33.0643618Z with:
2026-10-08T10:06:33.0643857Z   name: daily-breakdown-intraday-v27-validation
2026-10-08T10:06:33.0644606Z   path: v27-tests.log
chronology-smoke.log
checkpoint-selftest.log
account-pipeline-smoke.log
synthetic-v27/smoke.json
research/daily-breakdown-intraday-v27/
2026-10-08T10:06:33.0645299Z   retention-days: 30
2026-10-08T10:06:33.0645520Z   compression-level: 0
2026-10-08T10:06:33.0645750Z   if-no-files-found: warn
2026-10-08T10:06:33.0645999Z   overwrite: false
2026-10-08T10:06:33.0646214Z   include-hidden-files: false
2026-10-08T10:06:33.0646443Z env:
2026-10-08T10:06:33.0649348Z   GH_TOKEN: ***
2026-10-08T10:06:33.0649646Z   pythonLocation: /opt/hostedtoolcache/Python/3.12.14/x64
2026-10-08T10:06:33.0650118Z   PKG_CONFIG_PATH: /opt/hostedtoolcache/Python/3.12.14/x64/lib/pkgconfig
2026-10-08T10:06:33.0650551Z   Python_ROOT_DIR: /opt/hostedtoolcache/Python/3.12.14/x64
2026-10-08T10:06:33.0650958Z   Python2_ROOT_DIR: /opt/hostedtoolcache/Python/3.12.14/x64
2026-10-08T10:06:33.0651345Z   Python3_ROOT_DIR: /opt/hostedtoolcache/Python/3.12.14/x64
2026-10-08T10:06:33.0651723Z   LD_LIBRARY_PATH: /opt/hostedtoolcache/Python/3.12.14/x64/lib
2026-10-08T10:06:33.0652046Z ##[endgroup]
2026-10-08T10:06:33.2327995Z (node:2385) [DEP0040] DeprecationWarning: The `punycode` module is deprecated. Please use a userland alternative instead.
2026-10-08T10:06:33.2329153Z (Use `node --trace-deprecation ...` to show where the warning was created)
2026-10-08T10:06:33.2446563Z Multiple search paths detected. Calculating the least common ancestor of all paths
2026-10-08T10:06:33.2450524Z The least common ancestor is /home/runner/work/bb-scanner/bb-scanner. This will be the root directory of the artifact
2026-10-08T10:06:33.2451457Z With the provided path, there will be 17 files uploaded
2026-10-08T10:06:33.2459146Z Artifact name is valid!
2026-10-08T10:06:33.2459637Z Root directory input is valid!
2026-10-08T10:06:33.5425587Z Beginning upload of artifact content to blob storage
2026-10-08T10:06:33.5890643Z (node:2385) [DEP0169] DeprecationWarning: `url.parse()` behavior is not standardized and prone to errors that have security implications. Use the WHATWG URL API instead. CVEs are not issued for `url.parse()` vulnerabilities.
2026-10-08T10:06:33.9204224Z Uploaded bytes 502216
2026-10-08T10:06:33.9671482Z Finished uploading artifact content to blob storage!
2026-10-08T10:06:33.9672341Z SHA256 digest of uploaded artifact zip is 516fb696eda24df5b3299aa1164456720808b336920df6bb99f79c056077d5c6
2026-10-08T10:06:33.9674340Z Finalizing artifact upload
2026-10-08T10:06:34.2317625Z Artifact daily-breakdown-intraday-v27-validation.zip successfully finalized. Artifact ID 11541883902
2026-10-08T10:06:34.2319467Z Artifact daily-breakdown-intraday-v27-validation has been successfully uploaded! Final size is 502216 bytes. Artifact ID is 11541883902
2026-10-08T10:06:34.2324838Z Artifact download URL: https://github.com/duuu-hub/bb-scanner/actions/runs/37761086287/artifacts/11541883902
2026-10-08T10:06:34.2515760Z Post job cleanup.
2026-10-08T10:06:34.3770053Z (node:2397) [DEP0040] DeprecationWarning: The `punycode` module is deprecated. Please use a userland alternative instead.
2026-10-08T10:06:34.3770854Z (Use `node --trace-deprecation ...` to show where the warning was created)
2026-10-08T10:06:34.3954748Z Post job cleanup.
2026-10-08T10:06:34.4971148Z [command]/usr/bin/git version
2026-10-08T10:06:34.5029085Z git version 2.55.0
2026-10-08T10:06:34.5083731Z Temporarily overriding HOME='/home/runner/work/_temp/838d99cc-33ef-4346-80c7-240822a4005e' before making global git config changes
2026-10-08T10:06:34.5085235Z Adding repository directory to the temporary git global config as a safe directory
2026-10-08T10:06:34.5093565Z [command]/usr/bin/git config --global --add safe.directory /home/runner/work/bb-scanner/bb-scanner
2026-10-08T10:06:34.5148048Z [command]/usr/bin/git config --local --name-only --get-regexp core\.sshCommand
2026-10-08T10:06:34.5196477Z [command]/usr/bin/git submodule foreach --recursive sh -c "git config --local --name-only --get-regexp 'core\.sshCommand' && git config --local --unset-all 'core.sshCommand' || :"
2026-10-08T10:06:34.5529555Z [command]/usr/bin/git config --local --name-only --get-regexp http\.https\:\/\/github\.com\/\.extraheader
2026-10-08T10:06:34.5567248Z http.https://github.com/.extraheader
2026-10-08T10:06:34.5591526Z [command]/usr/bin/git config --local --unset-all http.https://github.com/.extraheader
2026-10-08T10:06:34.5650459Z [command]/usr/bin/git submodule foreach --recursive sh -c "git config --local --name-only --get-regexp 'http\.https\:\/\/github\.com\/\.extraheader' && git config --local --unset-all 'http.https://github.com/.extraheader' || :"
2026-10-08T10:06:34.5898281Z [command]/usr/bin/git config --local --name-only --get-regexp ^includeIf\.gitdir:
2026-10-08T10:06:34.5936825Z [command]/usr/bin/git submodule foreach --recursive git config --local --show-origin --name-only --get-regexp remote.origin.url
2026-10-08T10:06:34.6354709Z Cleaning up orphan processes
2026-10-08T10:06:34.6663735Z ##[warning]Node.js 20 is deprecated. The following actions target Node.js 20 but are being forced to run on Node.js 24: actions/checkout@v4, actions/setup-python@v5, actions/upload-artifact@v4. For more information see: https://github.blog/changelog/2025-09-19-deprecation-of-node-20-on-github-actions-runners/
