timestamp_ms,datetime_utc,open,high,low,close,base_volume,quote_volume
1601510400000,2020-10-01T00:00:00+00:00,359.67,361.14,359.54,360.03,1807.6,651270.6
1601511300000,2020-10-01T00:15:00+00:00,360.03,360.53,358.66,358.96,1959.7,704850.06
1601512200000,2020-10-01T00:30:00+00:00,358.96,359.77,358.89,359.34,862.5,309959.838
1601513100000,2020-10-01T00:45:00+00:00,359.34,359.64,358.89,359.16,950.5,341479.903
1601514000000,2020-10-01T01:00:00+00:00,359.16,359.53,358.6,359.34,1288.7,462882.603
1601514900000,2020-10-01T01:15:00+00:00,359.34,359.76,359.11,359.45,484.9,174273.951
1601515800000,2020-10-01T01:30:00+00:00,359.45,360.28,359.44,360.22,1028.4,370167.1
1601516700000,2020-10-01T01:45:00+00:00,360.22,361.39,359.87,361.23,3063.6,1105389.607
1601517600000,2020-10-01T02:00:00+00:00,361.23,363.92,361.23,363.07,7333.2,2661655.361
1601518500000,2020-10-01T02:15:00+00:00,363.07,363.42,362.59,362.6,1966,713569.652
1601519400000,2020-10-01T02:30:00+00:00,362.6,363.03,362.35,362.79,1730.5,627543.656
1601520300000,2020-10-01T02:45:00+00:00,362.79,362.84,362.15,362.48,2005.2,726692.089
1601521200000,2020-10-01T03:00:00+00:00,362.48,362.99,361.89,362.3,1423.5,515678.874
1601522100000,2020-10-01T03:15:00+00:00,362.3,362.58,362,362.37,848.5,307486.47
1601523000000,2020-10-01T03:30:00+00:00,362.37,362.8,362.12,362.39,576.8,209048.673
1601523900000,2020-10-01T03:45:00+00:00,362.39,362.41,361.94,362.34,941,340845.365
1601524800000,2020-10-01T04:00:00+00:00,362.34,363.33,362.2,363.26,2800.1,1016189.596
1601525700000,2020-10-01T04:15:00+00:00,363.26,363.99,362.77,362.81,2582.9,938531.699
1601526600000,2020-10-01T04:30:00+00:00,362.81,363.08,362.26,362.39,1076.9,390394.418
1601527500000,2020-10-01T04:45:00+00:00,362.39,362.51,361.95,362.17,1556.5,563722.798
1601528400000,2020-10-01T05:00:00+00:00,362.17,362.21,361.76,361.92,2208.9,799504.661
1601529300000,2020-10-01T05:15:00+00:00,361.92,362.16,361.8,362.05,736.4,266575.39
1601530200000,2020-10-01T05:30:00+00:00,362.05,362.33,360.08,361.31,3921.6,1415894.608
1601531100000,2020-10-01T05:45:00+00:00,361.31,361.98,361.14,361.71,1514.9,547693.009
1601532000000,2020-10-01T06:00:00+00:00,361.71,363,361.69,362.85,1208.1,438048.225
1601532900000,2020-10-01T06:15:00+00:00,362.85,363.54,362.04,362.04,2296.1,833105.193
1601533800000,2020-10-01T06:30:00+00:00,362.04,363.13,361.98,362.71,748.2,271280.735
1601534700000,2020-10-01T06:45:00+00:00,362.71,362.92,362.14,362.75,1004,363872.341
1601535600000,2020-10-01T07:00:00+00:00,362.75,363.68,362.51,362.9,2203.6,800407.493
1601536500000,2020-10-01T07:15:00+00:00,362.9,363.72,362.83,363.31,1236.5,449331.109
1601537400000,2020-10-01T07:30:00+00:00,363.31,363.31,362.17,362.51,1960,710679.776
1601538300000,2020-10-01T07:45:00+00:00,362.51,363.92,362.43,363.84,2072.6,753310.49
1601539200000,2020-10-01T08:00:00+00:00,363.84,366.52,362.77,364.86,13513,4928661.97
1601540100000,2020-10-01T08:15:00+00:00,364.86,370.26,364.86,368.61,10759.1,3952723.664
1601541000000,2020-10-01T08:30:00+00:00,368.61,369.56,367,367.75,6900.3,2538441.765
1601541900000,2020-10-01T08:45:00+00:00,367.75,368.02,367,367.22,2072.7,761767.864
1601542800000,2020-10-01T09:00:00+00:00,367.22,367.86,367.1,367.62,3291.4,1209625.374
1601543700000,2020-10-01T09:15:00+00:00,367.62,367.8,367.18,367.77,2217.1,814851.629
1601544600000,2020-10-01T09:30:00+00:00,367.77,367.86,367.27,367.65,1845.8,678376.108
1601545500000,2020-10-01T09:45:00+00:00,367.65,368.08,367,367.68,1801.2,662190.035
1601546400000,2020-10-01T10:00:00+00:00,367.68,368.11,366.61,367,2627.6,965051.622
1601547300000,2020-10-01T10:15:00+00:00,367,367.2,366.27,366.62,2009,736845.928
1601548200000,2020-10-01T10:30:00+00:00,366.62,367.16,366.48,366.77,1117.6,409867.211
1601549100000,2020-10-01T10:45:00+00:00,366.77,366.95,366.19,366.62,1945.2,712988.097
1601550000000,2020-10-01T11:00:00+00:00,366.62,367.32,366.39,367.09,979.2,359380.794
1601550900000,2020-10-01T11:15:00+00:00,367.09,367.38,366.34,366.6,803.2,294546.666
1601551800000,2020-10-01T11:30:00+00:00,366.6,367.56,366.48,367.2,1022.9,375519.996
1601552700000,2020-10-01T11:45:00+00:00,367.2,368.59,366.85,368.51,3415.1,1256033.563
1601553600000,2020-10-01T12:00:00+00:00,368.51,368.99,367.15,367.19,4950.8,1820686.366
1601554500000,2020-10-01T12:15:00+00:00,367.19,367.27,366.59,367.25,1957.9,718242.248
1601555400000,2020-10-01T12:30:00+00:00,367.25,368.28,367.19,367.73,1505.8,553880.676
1601556300000,2020-10-01T12:45:00+00:00,367.73,368.09,367.48,367.65,1220.8,449069.738
1601557200000,2020-10-01T13:00:00+00:00,367.65,367.7,366.63,367.21,2309.9,847863.629
1601558100000,2020-10-01T13:15:00+00:00,367.21,367.21,366.37,366.52,1943.1,712548.968
1601559000000,2020-10-01T13:30:00+00:00,366.52,367.87,366.51,367.22,1234.5,453498.613
1601559900000,2020-10-01T13:45:00+00:00,367.22,367.22,365.59,365.85,3905.9,1429595.464
1601560800000,2020-10-01T14:00:00+00:00,365.85,366.45,364.67,365.17,2621.4,958418.106
1601561700000,2020-10-01T14:15:00+00:00,365.17,365.45,364.24,364.5,4265.2,1555490.944
1601562600000,2020-10-01T14:30:00+00:00,364.5,365.62,364.5,365.45,2038.3,744057.391
1601563500000,2020-10-01T14:45:00+00:00,365.45,365.95,365,365.75,1405.6,513852.55
1601564400000,2020-10-01T15:00:00+00:00,365.75,366.17,364.5,365.25,1489.9,544377.356
1601565300000,2020-10-01T15:15:00+00:00,365.25,366.16,365.15,366.06,547.4,200233.902
1601566200000,2020-10-01T15:30:00+00:00,366.06,366.57,365.71,365.74,1211.7,443735.466
1601567100000,2020-10-01T15:45:00+00:00,365.74,365.77,360.89,361,10325.4,3743320.878
1601568000000,2020-10-01T16:00:00+00:00,361,361.07,355.35,355.35,24479.8,8756756.548
1601568900000,2020-10-01T16:15:00+00:00,355.35,355.39,351.58,354.17,19998.6,7068241.532
1601569800000,2020-10-01T16:30:00+00:00,354.17,354.83,345.77,347.44,14119.4,4949254.452
1601570700000,2020-10-01T16:45:00+00:00,347.44,351.35,345.81,349.94,7656.8,2670117.146
1601571600000,2020-10-01T17:00:00+00:00,349.94,350.86,347.71,348.75,5010.8,1748379.149
1601572500000,2020-10-01T17:15:00+00:00,348.75,349.5,346.72,348.58,3200.2,1113783.125
1601573400000,2020-10-01T17:30:00+00:00,348.58,348.85,347.24,347.76,3938.2,1371223.158
1601574300000,2020-10-01T17:45:00+00:00,347.76,348.66,346.02,346.02,2991.7,1038216.372
1601575200000,2020-10-01T18:00:00+00:00,346.02,348.41,345.18,348.19,3770.9,1306251.574
1601576100000,2020-10-01T18:15:00+00:00,348.19,349.43,347.4,349.19,1445.8,504053.499
1601577000000,2020-10-01T18:30:00+00:00,349.19,351.85,348.93,351.39,3416.7,1198280.508
1601577900000,2020-10-01T18:45:00+00:00,351.39,352.67,350.69,351.85,2308.2,811832.33
1601578800000,2020-10-01T19:00:00+00:00,351.85,354.1,351.65,353.98,4426.6,1563245.22
1601579700000,2020-10-01T19:15:00+00:00,353.98,354.05,351.61,351.67,2460.9,867998.038
1601580600000,2020-10-01T19:30:00+00:00,351.67,351.8,350.65,350.66,1461.6,513597.246
1601581500000,2020-10-01T19:45:00+00:00,350.66,353.11,350.61,352.98,1556.7,547717.393
1601582400000,2020-10-01T20:00:00+00:00,352.98,352.98,350.85,351.1,879.6,309172.751
1601583300000,2020-10-01T20:15:00+00:00,351.1,351.92,349.75,349.99,1445.4,506754.365
1601584200000,2020-10-01T20:30:00+00:00,349.99,350.66,349.31,350.59,586.6,205314.051
1601585100000,2020-10-01T20:45:00+00:00,350.59,351.82,350.36,351.43,904.1,317511.96
1601586000000,2020-10-01T21:00:00+00:00,351.43,352.07,350.84,350.93,495,174027.157
1601586900000,2020-10-01T21:15:00+00:00,350.93,352,350.09,352,616.3,216209.272
1601587800000,2020-10-01T21:30:00+00:00,352,352.58,351.63,351.64,1467.2,516529.912
1601588700000,2020-10-01T21:45:00+00:00,351.64,353.11,350.74,350.74,872.1,306872.5
1601589600000,2020-10-01T22:00:00+00:00,350.74,352.44,350.05,352.29,359.6,126295.027
1601590500000,2020-10-01T22:15:00+00:00,352.29,352.89,351.61,351.9,427.8,150765.679
1601591400000,2020-10-01T22:30:00+00:00,351.9,352.9,351.41,351.77,593.3,209041.057
1601592300000,2020-10-01T22:45:00+00:00,351.77,352.33,351.4,351.59,569.9,200539.175
1601593200000,2020-10-01T23:00:00+00:00,351.59,351.96,351.09,351.62,890.5,312907.822
1601594100000,2020-10-01T23:15:00+00:00,351.62,352.6,351.3,351.55,434.1,152829.591
1601595000000,2020-10-01T23:30:00+00:00,351.55,352.85,351.49,351.84,964.5,339850.851
1601595900000,2020-10-01T23:45:00+00:00,351.84,352.98,351.84,352.76,484.3,170695.473
1601596800000,2020-10-02T00:00:00+00:00,352.76,352.76,349.7,350.23,1942.4,680958.557
1601597700000,2020-10-02T00:15:00+00:00,350.23,351.71,350.13,351.04,583.8,205025.777
1601598600000,2020-10-02T00:30:00+00:00,351.04,352.11,350.84,350.86,1192,418788.423
1601599500000,2020-10-02T00:45:00+00:00,350.86,351.56,350.7,350.74,829.8,291319.363
1601600400000,2020-10-02T01:00:00+00:00,350.74,352.82,350.74,352.65,1275.2,449094.974
1601601300000,2020-10-02T01:15:00+00:00,352.65,353.67,352.63,352.92,3036.1,1072020.392
1601602200000,2020-10-02T01:30:00+00:00,352.92,353.27,352.18,352.3,1281.8,451790.662
1601603100000,2020-10-02T01:45:00+00:00,352.3,352.48,351.25,351.7,1765.6,621256.239
1601604000000,2020-10-02T02:00:00+00:00,351.7,352.51,351.19,351.84,1439.4,506007.036
1601604900000,2020-10-02T02:15:00+00:00,351.84,352.66,351.59,352.55,1363.7,480447.488
1601605800000,2020-10-02T02:30:00+00:00,352.55,352.88,351.91,351.91,998.5,351975.518
1601606700000,2020-10-02T02:45:00+00:00,351.91,352.05,351.21,351.31,2169,762547.293
1601607600000,2020-10-02T03:00:00+00:00,351.31,352.11,351.26,351.83,882.7,310423.131
1601608500000,2020-10-02T03:15:00+00:00,351.83,352.46,351.43,352.17,834.1,293597.179
1601609400000,2020-10-02T03:30:00+00:00,352.17,352.38,351.3,351.5,1327.5,467181.71
1601610300000,2020-10-02T03:45:00+00:00,351.5,353.09,351.38,353.04,3192.1,1125158.904
1601611200000,2020-10-02T04:00:00+00:00,353.04,354.35,352.43,353.02,1610.9,569478.596
1601612100000,2020-10-02T04:15:00+00:00,353.02,353.62,352.55,352.76,1175.7,415118.772
1601613000000,2020-10-02T04:30:00+00:00,352.76,352.93,352.43,352.51,1026.2,361899.268
1601613900000,2020-10-02T04:45:00+00:00,352.51,352.91,351.18,351.19,2963.6,1042259.141
1601614800000,2020-10-02T05:00:00+00:00,351.19,351.19,345.73,346.66,11997.1,4172269.465
1601615700000,2020-10-02T05:15:00+00:00,346.66,347.49,341.84,343.44,9880.6,3403976.042
1601616600000,2020-10-02T05:30:00+00:00,343.44,343.9,342,343.81,4184.2,1435931.935
1601617500000,2020-10-02T05:45:00+00:00,343.81,343.81,342.16,342.57,1773.3,608037.245
1601618400000,2020-10-02T06:00:00+00:00,342.57,343.23,339.97,342.86,7585.1,2593228.657
1601619300000,2020-10-02T06:15:00+00:00,342.86,343.76,342.49,343.32,3021,1036443.378
1601620200000,2020-10-02T06:30:00+00:00,343.32,344.59,343.23,344.07,1929.4,663274.397
1601621100000,2020-10-02T06:45:00+00:00,344.07,344.54,343.4,343.98,2192.6,753933.263
1601622000000,2020-10-02T07:00:00+00:00,343.98,344.39,342.81,343,763.9,262265.997
1601622900000,2020-10-02T07:15:00+00:00,343,343.66,342.66,342.93,966.4,331537.997
1601623800000,2020-10-02T07:30:00+00:00,342.93,343.13,342.1,342.37,3109.2,1064755.067
1601624700000,2020-10-02T07:45:00+00:00,342.37,342.41,341.76,342.29,1570.7,537245.036
1601625600000,2020-10-02T08:00:00+00:00,342.29,342.29,340.52,340.62,3274.7,1117427.972
1601626500000,2020-10-02T08:15:00+00:00,340.62,343.35,340.58,342.82,2463.4,843235.578
1601627400000,2020-10-02T08:30:00+00:00,342.82,342.85,341.24,341.35,1420.6,485945.923
1601628300000,2020-10-02T08:45:00+00:00,341.35,341.79,335.99,338.31,16471.2,5573694.472
1601629200000,2020-10-02T09:00:00+00:00,338.31,341.37,337.15,339.09,4712.3,1601018.504
1601630100000,2020-10-02T09:15:00+00:00,339.09,339.17,336.48,336.65,6264.4,2114760.264
1601631000000,2020-10-02T09:30:00+00:00,336.65,337.69,336.26,337.01,6020.3,2028547.199
1601631900000,2020-10-02T09:45:00+00:00,337.01,338.62,336.95,338.2,4530,1531148.019
1601632800000,2020-10-02T10:00:00+00:00,338.2,339.61,337.49,338.23,2618.4,886903.479
1601633700000,2020-10-02T10:15:00+00:00,338.23,338.58,334.02,336.28,9972.6,3347417.593
1601634600000,2020-10-02T10:30:00+00:00,336.28,337.35,335.93,336.65,2999.2,1010007.055
1601635500000,2020-10-02T10:45:00+00:00,336.65,338.35,335.74,337.97,1875.9,632260.804
1601636400000,2020-10-02T11:00:00+00:00,337.97,339.68,337.9,338.08,4393.7,1488369.444
1601637300000,2020-10-02T11:15:00+00:00,338.08,338.41,337.05,337.49,1050.3,354617.767
1601638200000,2020-10-02T11:30:00+00:00,337.49,339.24,337.39,337.62,1720.3,581670.464
1601639100000,2020-10-02T11:45:00+00:00,337.62,337.97,336.82,336.93,2415.2,815231.286
1601640000000,2020-10-02T12:00:00+00:00,336.93,338.86,336.5,338.15,2264.6,765158.57
1601640900000,2020-10-02T12:15:00+00:00,338.15,339.19,338.11,338.76,1787.6,605667.257
1601641800000,2020-10-02T12:30:00+00:00,338.76,339,337.33,337.84,1131.6,382632.298
1601642700000,2020-10-02T12:45:00+00:00,337.84,339.46,337.52,339.45,2089.8,707695.78
1601643600000,2020-10-02T13:00:00+00:00,339.45,339.76,337.73,337.85,2061.8,698436.4
1601644500000,2020-10-02T13:15:00+00:00,337.85,338.13,336.68,337.45,3351.1,1130797.997
1601645400000,2020-10-02T13:30:00+00:00,337.45,342.06,336.92,342.06,10564.3,3591324.59
1601646300000,2020-10-02T13:45:00+00:00,342.06,343.96,341.18,341.9,11288.4,3868448.685
1601647200000,2020-10-02T14:00:00+00:00,341.9,343.49,341.9,343.03,4005.3,1373502.613
1601648100000,2020-10-02T14:15:00+00:00,343.03,343.76,342.03,343.23,2758.9,946030.995
1601649000000,2020-10-02T14:30:00+00:00,343.23,343.36,342.46,342.5,3630.6,1244519.126
1601649900000,2020-10-02T14:45:00+00:00,342.5,346.31,342.48,344.15,8141.2,2808612.627
1601650800000,2020-10-02T15:00:00+00:00,344.15,345.2,343.45,343.62,2961.4,1019432.029
1601651700000,2020-10-02T15:15:00+00:00,343.62,345.23,343.59,344.58,1170.1,402803.656
1601652600000,2020-10-02T15:30:00+00:00,344.58,344.99,343.7,344.22,2311.9,795888.612
1601653500000,2020-10-02T15:45:00+00:00,344.22,344.63,342.23,342.97,2317.1,795506.547
1601654400000,2020-10-02T16:00:00+00:00,342.97,344.39,341.16,343.45,4410.5,1510003.099
1601655300000,2020-10-02T16:15:00+00:00,343.45,345.28,343.45,344.45,2392.9,824802.587
1601656200000,2020-10-02T16:30:00+00:00,344.45,344.99,344.15,344.75,1162.4,400526.92
1601657100000,2020-10-02T16:45:00+00:00,344.75,345.15,344.49,344.51,1959.5,675497.397
1601658000000,2020-10-02T17:00:00+00:00,344.51,345.03,343.71,343.86,1631.9,562048.207
1601658900000,2020-10-02T17:15:00+00:00,343.86,344.79,343.84,344.46,704.5,242619.755
1601659800000,2020-10-02T17:30:00+00:00,344.46,344.67,343.11,343.26,3468.6,1191977.427
1601660700000,2020-10-02T17:45:00+00:00,343.26,344.19,343.25,344.03,565.5,194337.717
1601661600000,2020-10-02T18:00:00+00:00,344.03,344.59,343.68,344.35,439.3,151247.36
1601662500000,2020-10-02T18:15:00+00:00,344.35,344.63,343.43,343.63,521,179245.357
1601663400000,2020-10-02T18:30:00+00:00,343.63,343.96,343.39,343.76,1590.8,546427.551
1601664300000,2020-10-02T18:45:00+00:00,343.76,344.35,342.5,344.33,3255.1,1116758.578
1601665200000,2020-10-02T19:00:00+00:00,344.33,344.57,343.24,343.29,952,327287.101
1601666100000,2020-10-02T19:15:00+00:00,343.29,344.33,343.26,344.2,495.7,170498.253
1601667000000,2020-10-02T19:30:00+00:00,344.2,344.45,343.5,344.15,1073,369214.967
1601667900000,2020-10-02T19:45:00+00:00,344.15,344.18,342.9,343.17,495.7,170277.728
1601668800000,2020-10-02T20:00:00+00:00,343.17,344.14,342.97,344.08,357.6,122911.262
1601669700000,2020-10-02T20:15:00+00:00,344.08,346.16,344.07,345.9,1148.4,396496.546
1601670600000,2020-10-02T20:30:00+00:00,345.9,347.66,345.9,346.94,2160.8,749810.971
1601671500000,2020-10-02T20:45:00+00:00,346.94,346.94,345.79,346.4,208.6,72212.31
1601672400000,2020-10-02T21:00:00+00:00,346.4,346.83,345.8,346.07,248.7,86114.899
1601673300000,2020-10-02T21:15:00+00:00,346.07,346.2,345.49,345.51,204.7,70787.008
1601674200000,2020-10-02T21:30:00+00:00,345.51,345.51,342.97,343.72,698.9,240540.7
1601675100000,2020-10-02T21:45:00+00:00,343.72,344.44,341.2,341.86,3546.4,1214059.254
1601676000000,2020-10-02T22:00:00+00:00,341.86,342.78,341.82,342.57,1573.9,538726.976
1601676900000,2020-10-02T22:15:00+00:00,342.57,343.42,342,343.22,2373.9,814127.898
1601677800000,2020-10-02T22:30:00+00:00,343.22,345.21,343.21,344.77,2606.7,897878.643
1601678700000,2020-10-02T22:45:00+00:00,344.77,345.38,344.38,344.77,883.4,304571.834
1601679600000,2020-10-02T23:00:00+00:00,344.77,346.16,344.59,345.56,1068.8,369133.079
1601680500000,2020-10-02T23:15:00+00:00,345.56,346.19,345.18,345.51,800.4,276691.491
1601681400000,2020-10-02T23:30:00+00:00,345.51,345.92,344.91,345.23,470.5,162572.628
1601682300000,2020-10-02T23:45:00+00:00,345.23,345.9,344.87,345.55,945.2,326394.953
1601683200000,2020-10-03T00:00:00+00:00,345.55,345.87,343.42,344.14,1241.6,427957.078
1601684100000,2020-10-03T00:15:00+00:00,344.14,345.17,343.77,344.58,737.5,254033.908
1601685000000,2020-10-03T00:30:00+00:00,344.58,344.7,343.75,344.27,483.6,166470.063
1601685900000,2020-10-03T00:45:00+00:00,344.27,344.59,343.65,343.79,974.9,335371.857
1601686800000,2020-10-03T01:00:00+00:00,343.79,344.84,343.67,343.72,616.2,212234.776
1601687700000,2020-10-03T01:15:00+00:00,343.72,344.99,343.71,344.6,809.8,279068.013
1601688600000,2020-10-03T01:30:00+00:00,344.6,345.18,344.02,344.46,575.1,198191.099
1601689500000,2020-10-03T01:45:00+00:00,344.46,345.48,344.13,345.48,857.8,295666.018
1601690400000,2020-10-03T02:00:00+00:00,345.48,346.37,345.39,345.84,2480.1,858319.77
1601691300000,2020-10-03T02:15:00+00:00,345.84,346.27,344.87,344.98,922.8,318826.101
1601692200000,2020-10-03T02:30:00+00:00,344.98,345.75,344.88,345.15,1833.8,633203.782
1601693100000,2020-10-03T02:45:00+00:00,345.15,345.84,345.08,345.56,344.9,119182.548
1601694000000,2020-10-03T03:00:00+00:00,345.56,347.17,345.14,346.9,2273.9,787728.639
1601694900000,2020-10-03T03:15:00+00:00,346.9,349,346.76,347.79,5242.3,1824422.332
1601695800000,2020-10-03T03:30:00+00:00,347.79,348.51,347.29,348.32,2249.2,782769.66
1601696700000,2020-10-03T03:45:00+00:00,348.32,348.32,347.39,347.69,1101.5,382992.889
1601697600000,2020-10-03T04:00:00+00:00,347.69,348.26,346.65,347.52,4535.2,1574866.368
1601698500000,2020-10-03T04:15:00+00:00,347.52,347.98,347.4,347.89,1222.4,425099.449
1601699400000,2020-10-03T04:30:00+00:00,347.89,347.91,347.2,347.32,696.9,242205.514
1601700300000,2020-10-03T04:45:00+00:00,347.32,347.98,347.28,347.68,958.4,333258.631
1601701200000,2020-10-03T05:00:00+00:00,347.68,347.91,346.8,346.92,2121.6,736271.42
1601702100000,2020-10-03T05:15:00+00:00,346.92,346.94,346.29,346.79,1928.5,668526.744
1601703000000,2020-10-03T05:30:00+00:00,346.79,346.87,345.95,345.96,2503.5,867189.939
1601703900000,2020-10-03T05:45:00+00:00,345.96,346.27,345.7,346.09,1686.3,583516.656
1601704800000,2020-10-03T06:00:00+00:00,346.09,346.73,344.5,344.75,5988.1,2066423.129
1601705700000,2020-10-03T06:15:00+00:00,344.75,345.59,344.63,345.56,2139.4,738121.712
1601706600000,2020-10-03T06:30:00+00:00,345.56,345.56,344.37,345.35,2224.7,767586.771
1601707500000,2020-10-03T06:45:00+00:00,345.35,345.82,345.06,345.56,1053.3,363779.136
1601708400000,2020-10-03T07:00:00+00:00,345.56,345.69,345.11,345.27,1256,433710.279
1601709300000,2020-10-03T07:15:00+00:00,345.27,345.66,345.15,345.27,476.5,164574.86
1601710200000,2020-10-03T07:30:00+00:00,345.27,346.17,344.94,346.14,844.9,292007.382
1601711100000,2020-10-03T07:45:00+00:00,346.14,346.86,345.52,345.8,1801.6,623981.094
1601712000000,2020-10-03T08:00:00+00:00,345.8,345.94,344.51,344.62,1941.9,670092.616
1601712900000,2020-10-03T08:15:00+00:00,344.62,347.38,344.1,346.93,4545.4,1571742.365
1601713800000,2020-10-03T08:30:00+00:00,346.93,347.44,346.23,346.39,991.6,343973.484
1601714700000,2020-10-03T08:45:00+00:00,346.39,346.42,345.41,345.42,1654.6,572389.759
1601715600000,2020-10-03T09:00:00+00:00,345.42,345.95,344.84,345.19,1170.9,404410.526
1601716500000,2020-10-03T09:15:00+00:00,345.19,346.44,345.1,346.3,1547.4,535450.465
1601717400000,2020-10-03T09:30:00+00:00,346.3,347.06,346.09,346.09,982.8,340684.372
1601718300000,2020-10-03T09:45:00+00:00,346.09,346.35,345.6,345.89,345.5,119502.154
1601719200000,2020-10-03T10:00:00+00:00,345.89,347.39,345.68,347.09,976,338415.919
1601720100000,2020-10-03T10:15:00+00:00,347.09,347.15,346.24,346.79,1336.4,463289.712
1601721000000,2020-10-03T10:30:00+00:00,346.79,347.26,346.39,347.24,3317,1150372.432
1601721900000,2020-10-03T10:45:00+00:00,347.24,347.97,347.1,347.76,4423.1,1537318.115
1601722800000,2020-10-03T11:00:00+00:00,347.76,347.94,347.24,347.53,613.2,213091.304
1601723700000,2020-10-03T11:15:00+00:00,347.53,349.55,347.29,347.89,6455.6,2250551.94
1601724600000,2020-10-03T11:30:00+00:00,347.89,348.19,347.16,347.2,1804.6,627098.509
1601725500000,2020-10-03T11:45:00+00:00,347.2,347.57,347.08,347.27,2022.3,702286.126
1601726400000,2020-10-03T12:00:00+00:00,347.27,347.47,345.63,345.71,3403.6,1179258.932
1601727300000,2020-10-03T12:15:00+00:00,345.71,346.42,345.33,345.95,3081.5,1065538.941
1601728200000,2020-10-03T12:30:00+00:00,345.95,346.66,345.58,346.23,2124,735742.025
1601729100000,2020-10-03T12:45:00+00:00,346.23,346.69,345.83,346.13,1210.8,419109.428
1601730000000,2020-10-03T13:00:00+00:00,346.13,346.75,345.84,346.11,2638.9,913645.132
1601730900000,2020-10-03T13:15:00+00:00,346.11,346.69,345.99,346.23,546.9,189347.237
1601731800000,2020-10-03T13:30:00+00:00,346.23,346.23,345.63,346.05,847.6,293189.748
1601732700000,2020-10-03T13:45:00+00:00,346.05,346.53,345.71,345.82,1068.4,369662.709
1601733600000,2020-10-03T14:00:00+00:00,345.82,346.57,345.68,346.25,1184.4,409878.43
1601734500000,2020-10-03T14:15:00+00:00,346.25,347.01,346.04,346.92,945.5,327638.198
1601735400000,2020-10-03T14:30:00+00:00,346.92,347.1,346.38,346.41,729,252878.244
1601736300000,2020-10-03T14:45:00+00:00,346.41,346.79,346.14,346.26,622.7,215673.418
1601737200000,2020-10-03T15:00:00+00:00,346.26,346.37,346.08,346.35,1714.7,593679.913
1601738100000,2020-10-03T15:15:00+00:00,346.35,346.99,346.34,346.87,1793.7,621849.906
1601739000000,2020-10-03T15:30:00+00:00,346.87,347,346.25,346.32,1091.1,378233.46
1601739900000,2020-10-03T15:45:00+00:00,346.32,347.64,346.25,347.14,3198.9,1109775.766
1601740800000,2020-10-03T16:00:00+00:00,347.14,347.67,346.4,346.98,3169.7,1099853.982
1601741700000,2020-10-03T16:15:00+00:00,346.98,347.2,346.57,347.11,1104.2,383144.049
1601742600000,2020-10-03T16:30:00+00:00,347.11,347.49,346.64,346.88,638.9,221812.011
1601743500000,2020-10-03T16:45:00+00:00,346.88,348.79,346.66,347.59,1953.2,679252.87
1601744400000,2020-10-03T17:00:00+00:00,347.59,348.1,347.11,347.23,965.7,335370.824
1601745300000,2020-10-03T17:15:00+00:00,347.23,347.46,346.87,347.06,472.1,163881.217
1601746200000,2020-10-03T17:30:00+00:00,347.06,347.55,347.01,347.45,217,75358.467
1601747100000,2020-10-03T17:45:00+00:00,347.45,348.33,347.4,347.81,445.8,155051.872
1601748000000,2020-10-03T18:00:00+00:00,347.81,349.41,347.73,349.29,1704.4,594513.707
1601748900000,2020-10-03T18:15:00+00:00,349.29,350.86,349.26,350.35,2831.6,991812.418
1601749800000,2020-10-03T18:30:00+00:00,350.35,350.79,349.57,349.78,581.8,203645.255
1601750700000,2020-10-03T18:45:00+00:00,349.78,350.17,349.41,350.08,796.3,278536.759
1601751600000,2020-10-03T19:00:00+00:00,350.08,350.7,349.84,350.7,1564.3,548045.742
1601752500000,2020-10-03T19:15:00+00:00,350.7,350.81,349.96,350.33,607.4,212927.34
1601753400000,2020-10-03T19:30:00+00:00,350.33,350.35,349.7,349.89,1162,406642.352
1601754300000,2020-10-03T19:45:00+00:00,349.89,350.29,349.7,349.82,552.2,193280.206
1601755200000,2020-10-03T20:00:00+00:00,349.82,350.36,349.65,349.65,402.2,140743.915
1601756100000,2020-10-03T20:15:00+00:00,349.65,349.84,348.89,348.9,896.6,313338.346
1601757000000,2020-10-03T20:30:00+00:00,348.9,349.21,348.31,348.75,431.8,150598.368
1601757900000,2020-10-03T20:45:00+00:00,348.75,349.28,348.42,348.9,949.2,331133.376
1601758800000,2020-10-03T21:00:00+00:00,348.9,349.23,348.35,348.46,248.7,86729.901
1601759700000,2020-10-03T21:15:00+00:00,348.46,348.67,348.24,348.37,305.5,106442.254
1601760600000,2020-10-03T21:30:00+00:00,348.37,348.7,348.28,348.49,276.2,96241.749
1601761500000,2020-10-03T21:45:00+00:00,348.49,348.84,348.4,348.51,229.5,80003.038
1601762400000,2020-10-03T22:00:00+00:00,348.51,348.72,346.9,347.57,997.4,346792.724
1601763300000,2020-10-03T22:15:00+00:00,347.57,348,347.37,347.84,789.7,274583.862
1601764200000,2020-10-03T22:30:00+00:00,347.84,347.9,345.87,346.71,1162.4,402785.1
1601765100000,2020-10-03T22:45:00+00:00,346.71,347.61,346.27,347.3,671.6,232980.285
1601766000000,2020-10-03T23:00:00+00:00,347.3,347.59,346.6,346.96,1052.5,365320.897
1601766900000,2020-10-03T23:15:00+00:00,346.96,347.22,346.49,347.08,646.7,224232.617
1601767800000,2020-10-03T23:30:00+00:00,347.08,347.36,345.66,345.66,842.8,291926.516
1601768700000,2020-10-03T23:45:00+00:00,345.66,346.09,345.35,345.72,2160.7,746928.241
1601769600000,2020-10-04T00:00:00+00:00,345.72,346.66,344.63,346.51,1469.3,507715.826
1601770500000,2020-10-04T00:15:00+00:00,346.51,347,346.29,346.72,1582.5,548768.926
1601771400000,2020-10-04T00:30:00+00:00,346.72,346.8,346.2,346.38,560,194100.35
1601772300000,2020-10-04T00:45:00+00:00,346.38,347.04,346.33,346.6,1168,405027.101
1601773200000,2020-10-04T01:00:00+00:00,346.6,346.74,346.34,346.52,395.2,136940.041
1601774100000,2020-10-04T01:15:00+00:00,346.52,346.52,345.06,345.15,1923.1,664792.117
1601775000000,2020-10-04T01:30:00+00:00,345.15,345.35,343.8,344.71,6667,2297040.066
1601775900000,2020-10-04T01:45:00+00:00,344.71,345.25,344.33,344.99,1971.6,680190.746
1601776800000,2020-10-04T02:00:00+00:00,344.99,345.07,344.25,344.47,2195.8,756747.318
1601777700000,2020-10-04T02:15:00+00:00,344.47,344.99,343.8,344.74,3285.5,1131296.995
1601778600000,2020-10-04T02:30:00+00:00,344.74,345.38,344.73,345.05,2964.6,1023333.711
1601779500000,2020-10-04T02:45:00+00:00,345.05,345.87,344.94,345.86,2707.7,935838.868
1601780400000,2020-10-04T03:00:00+00:00,345.86,346.43,345.51,346.14,2984.9,1032987.684
1601781300000,2020-10-04T03:15:00+00:00,346.14,346.45,345.83,346.19,1184.5,409967.661
1601782200000,2020-10-04T03:30:00+00:00,346.19,346.27,345.48,345.58,1381.2,477540.995
1601783100000,2020-10-04T03:45:00+00:00,345.58,345.92,345.52,345.73,1850.1,639693.374
1601784000000,2020-10-04T04:00:00+00:00,345.73,346.17,345.62,345.9,556.6,192555.77
1601784900000,2020-10-04T04:15:00+00:00,345.9,346.94,345.89,346.82,1200.2,415969.357
1601785800000,2020-10-04T04:30:00+00:00,346.82,346.95,346.5,346.51,843.5,292509.02
1601786700000,2020-10-04T04:45:00+00:00,346.51,346.92,346.44,346.7,378.1,131085.256
1601787600000,2020-10-04T05:00:00+00:00,346.7,347.09,346.56,346.87,1315.2,456316.633
1601788500000,2020-10-04T05:15:00+00:00,346.87,346.92,346.32,346.73,786.8,272800.459
1601789400000,2020-10-04T05:30:00+00:00,346.73,346.98,346.58,346.68,1193.3,413708.66
1601790300000,2020-10-04T05:45:00+00:00,346.68,346.98,346.22,346.45,1908.2,661708.161
1601791200000,2020-10-04T06:00:00+00:00,346.45,347.92,346.43,347.62,2681.3,931667.183
1601792100000,2020-10-04T06:15:00+00:00,347.62,348.52,347.53,348.13,3305.9,1150855.269
1601793000000,2020-10-04T06:30:00+00:00,348.13,349.35,347.74,348.91,8377.7,2922207.839
1601793900000,2020-10-04T06:45:00+00:00,348.91,349.29,348.63,348.89,5972.4,2084602.982
1601794800000,2020-10-04T07:00:00+00:00,348.89,349.65,348.1,348.26,3583.4,1249691.589
1601795700000,2020-10-04T07:15:00+00:00,348.26,348.7,348.09,348.34,875.2,304973.08
1601796600000,2020-10-04T07:30:00+00:00,348.34,348.64,347.91,348.1,1170.9,407666.218
1601797500000,2020-10-04T07:45:00+00:00,348.1,348.49,347.93,348.17,1255.3,436989.6
1601798400000,2020-10-04T08:00:00+00:00,348.17,348.6,347.99,348.4,2513.1,875507.589
1601799300000,2020-10-04T08:15:00+00:00,348.4,348.99,348.38,348.97,1367.4,476845.853
1601800200000,2020-10-04T08:30:00+00:00,348.97,349.18,347.18,347.26,3191.7,1110961.866
1601801100000,2020-10-04T08:45:00+00:00,347.26,347.91,347.19,347.61,1100.2,382309.855
1601802000000,2020-10-04T09:00:00+00:00,347.61,347.92,347.51,347.66,963,334866.782
1601802900000,2020-10-04T09:15:00+00:00,347.66,347.85,346.82,346.94,3081.4,1070009.743
1601803800000,2020-10-04T09:30:00+00:00,346.94,347.07,346.49,346.81,2863,992781.064
1601804700000,2020-10-04T09:45:00+00:00,346.81,347.48,346.69,347.06,896.1,311061.823
1601805600000,2020-10-04T10:00:00+00:00,347.06,347.32,345.25,345.54,5590.9,1932793.761
1601806500000,2020-10-04T10:15:00+00:00,345.54,346.35,345.44,346.13,1406.1,486316.367
1601807400000,2020-10-04T10:30:00+00:00,346.13,346.39,345.49,345.57,1150.4,398002.219
1601808300000,2020-10-04T10:45:00+00:00,345.57,346.34,345.5,346.25,1338.2,463013.448
1601809200000,2020-10-04T11:00:00+00:00,346.25,347.08,345.92,346.56,1661.4,575762.571
1601810100000,2020-10-04T11:15:00+00:00,346.56,346.72,346.04,346.06,1135.2,393031.652
1601811000000,2020-10-04T11:30:00+00:00,346.06,347.03,345.95,346.99,2975.4,1031885.157
1601811900000,2020-10-04T11:45:00+00:00,346.99,347.56,346.75,347.47,3346.2,1161680.668
1601812800000,2020-10-04T12:00:00+00:00,347.47,347.47,346.25,346.28,1570.3,544547.613
1601813700000,2020-10-04T12:15:00+00:00,346.28,346.42,345.33,345.62,3562.1,1232006.203
1601814600000,2020-10-04T12:30:00+00:00,345.62,346.15,344.65,346.05,3672.7,1268683.26
1601815500000,2020-10-04T12:45:00+00:00,346.05,347.88,346.02,347.81,3299.4,1144909.239
1601816400000,2020-10-04T13:00:00+00:00,347.81,349.5,347.73,348.65,6431.5,2243298.135
1601817300000,2020-10-04T13:15:00+00:00,348.65,348.92,347.88,347.98,1720.2,599570.578
1601818200000,2020-10-04T13:30:00+00:00,347.98,348.38,347.67,347.84,1274.8,443548.905
1601819100000,2020-10-04T13:45:00+00:00,347.84,347.84,347.26,347.64,1681.3,584214.284
1601820000000,2020-10-04T14:00:00+00:00,347.64,348.32,347.28,347.37,1066.5,371022.365
1601820900000,2020-10-04T14:15:00+00:00,347.37,347.66,346.79,347.56,2557.2,887669.636
1601821800000,2020-10-04T14:30:00+00:00,347.56,348.39,347.13,347.83,2106.5,732632.979
1601822700000,2020-10-04T14:45:00+00:00,347.83,347.88,346.97,347.41,936.5,325299.125
1601823600000,2020-10-04T15:00:00+00:00,347.41,348.01,347.2,347.99,892,309972.967
1601824500000,2020-10-04T15:15:00+00:00,347.99,347.99,347.19,347.57,1328.7,461680.484
1601825400000,2020-10-04T15:30:00+00:00,347.57,347.57,346.92,346.98,1258.8,437043.395
1601826300000,2020-10-04T15:45:00+00:00,346.98,347.08,346.07,346.51,1465.4,507654.686
1601827200000,2020-10-04T16:00:00+00:00,346.51,347.58,346.26,347.38,1662.8,576973.933
1601828100000,2020-10-04T16:15:00+00:00,347.38,347.71,347.33,347.61,492.7,171252.667
1601829000000,2020-10-04T16:30:00+00:00,347.61,348,347.27,347.28,870.7,302799.727
1601829900000,2020-10-04T16:45:00+00:00,347.28,347.93,347.08,347.93,616.9,214325.187
1601830800000,2020-10-04T17:00:00+00:00,347.93,348.4,347.74,347.9,966.6,336592.291
1601831700000,2020-10-04T17:15:00+00:00,347.9,348.18,347.48,347.64,504.2,175425.404
1601832600000,2020-10-04T17:30:00+00:00,347.64,348.62,347.38,348.12,653.9,227630.007
1601833500000,2020-10-04T17:45:00+00:00,348.12,348.22,347.37,348.19,620.4,215835.026
1601834400000,2020-10-04T18:00:00+00:00,348.19,351.68,348.18,351.16,7736.9,2712116.489
1601835300000,2020-10-04T18:15:00+00:00,351.16,352.29,350.56,351.34,2312,813066.177
1601836200000,2020-10-04T18:30:00+00:00,351.34,351.72,350.34,350.75,545.7,191502.494
1601837100000,2020-10-04T18:45:00+00:00,350.75,350.91,350.26,350.75,509,178481.96
1601838000000,2020-10-04T19:00:00+00:00,350.75,352.16,350.66,350.77,892.6,313619.71
1601838900000,2020-10-04T19:15:00+00:00,350.77,351.65,350.77,351.59,1733.8,609280.47
1601839800000,2020-10-04T19:30:00+00:00,351.59,352.24,351.02,351.71,768.8,270233.741
1601840700000,2020-10-04T19:45:00+00:00,351.71,354.01,351.71,352.73,5027.5,1774780.509
1601841600000,2020-10-04T20:00:00+00:00,352.73,354.2,351.92,352.25,1609.6,568671.792
1601842500000,2020-10-04T20:15:00+00:00,352.25,353.15,352.12,352.73,633.2,223240.462
1601843400000,2020-10-04T20:30:00+00:00,352.73,352.99,351.99,352.27,1541,542942.123
1601844300000,2020-10-04T20:45:00+00:00,352.27,352.4,350.85,351.59,2617.6,920292.492
1601845200000,2020-10-04T21:00:00+00:00,351.59,352.25,351.59,352.25,791.4,278545.873
1601846100000,2020-10-04T21:15:00+00:00,352.25,352.49,351.87,351.87,725.4,255503.589
1601847000000,2020-10-04T21:30:00+00:00,351.87,351.91,351.14,351.4,586.2,206044.61
1601847900000,2020-10-04T21:45:00+00:00,351.4,351.6,351.4,351.45,475.8,167254.076
1601848800000,2020-10-04T22:00:00+00:00,351.45,352.7,350.99,352.31,806.3,283760.942
1601849700000,2020-10-04T22:15:00+00:00,352.31,352.33,351.28,351.41,468.9,164986.966
1601850600000,2020-10-04T22:30:00+00:00,351.41,351.73,351.06,351.42,1010.4,355073.873
1601851500000,2020-10-04T22:45:00+00:00,351.42,351.99,351.39,351.91,392.9,138194.379
1601852400000,2020-10-04T23:00:00+00:00,351.91,352.41,351.69,352.37,416.1,146502.971
1601853300000,2020-10-04T23:15:00+00:00,352.37,352.43,351.76,351.89,406.4,143116.721
1601854200000,2020-10-04T23:30:00+00:00,351.89,352.24,351.65,352,531.8,187162.602
1601855100000,2020-10-04T23:45:00+00:00,352,352.37,351.71,352.13,1130,398007.664
1601856000000,2020-10-05T00:00:00+00:00,352.13,356.31,351.84,354.23,9109.3,3229073.688
1601856900000,2020-10-05T00:15:00+00:00,354.23,354.79,353.85,354.24,1636.8,579929.86
1601857800000,2020-10-05T00:30:00+00:00,354.24,354.45,353.59,354,2684.3,950432.275
1601858700000,2020-10-05T00:45:00+00:00,354,354.2,353.79,354,2268.2,802883.109
1601859600000,2020-10-05T01:00:00+00:00,354,354.13,353.4,353.96,1902.7,673094.965
1601860500000,2020-10-05T01:15:00+00:00,353.96,354.65,353.92,354.27,3121.4,1105993.768
1601861400000,2020-10-05T01:30:00+00:00,354.27,354.28,353.51,353.6,1140.4,403644.477
1601862300000,2020-10-05T01:45:00+00:00,353.6,353.86,353.16,353.32,2428,857985.285
1601863200000,2020-10-05T02:00:00+00:00,353.32,353.89,353.18,353.76,2802.4,991124.506
1601864100000,2020-10-05T02:15:00+00:00,353.76,353.87,353.53,353.64,774.3,273917.961
1601865000000,2020-10-05T02:30:00+00:00,353.64,353.71,353.01,353.33,1624.1,573735.36
1601865900000,2020-10-05T02:45:00+00:00,353.33,353.89,353.22,353.74,1131.5,400136.929
1601866800000,2020-10-05T03:00:00+00:00,353.74,353.91,353.05,353.08,1690,597383.245
1601867700000,2020-10-05T03:15:00+00:00,353.08,353.28,351.92,352.15,3968,1399301.318
1601868600000,2020-10-05T03:30:00+00:00,352.15,352.54,352.09,352.31,1885.8,664504.247
1601869500000,2020-10-05T03:45:00+00:00,352.31,352.41,351.1,351.88,4710.2,1656746.691
1601870400000,2020-10-05T04:00:00+00:00,351.88,352.17,350.89,351.25,6185,2174411.336
1601871300000,2020-10-05T04:15:00+00:00,351.25,351.99,351.17,351.69,4749.6,1669988.127
1601872200000,2020-10-05T04:30:00+00:00,351.69,351.99,351.05,351.83,1960.2,689057.434
1601873100000,2020-10-05T04:45:00+00:00,351.83,351.85,350.81,351,5531.9,1942364.756
1601874000000,2020-10-05T05:00:00+00:00,351,351.77,350.97,351.64,3568.8,1254637.403
1601874900000,2020-10-05T05:15:00+00:00,351.64,351.82,351.4,351.76,1568.3,551527.255
1601875800000,2020-10-05T05:30:00+00:00,351.76,351.96,351.49,351.82,1599.6,562710.617
1601876700000,2020-10-05T05:45:00+00:00,351.82,352.3,351.73,351.88,2852.7,1004212.052
1601877600000,2020-10-05T06:00:00+00:00,351.88,351.89,349.21,349.42,12533.7,4386883.652
1601878500000,2020-10-05T06:15:00+00:00,349.42,349.42,348.33,349.23,4437.7,1548976.799
1601879400000,2020-10-05T06:30:00+00:00,349.23,350.32,349.06,350.1,4584.6,1603886.691
1601880300000,2020-10-05T06:45:00+00:00,350.1,350.52,349.75,350.5,2014.5,705491.082
1601881200000,2020-10-05T07:00:00+00:00,350.5,351.14,350.02,350.94,2451,860114.081
1601882100000,2020-10-05T07:15:00+00:00,350.94,351.1,349.55,349.79,2988,1046643.093
1601883000000,2020-10-05T07:30:00+00:00,349.79,351.08,349.69,350.96,2663.5,933531.426
1601883900000,2020-10-05T07:45:00+00:00,350.96,351.23,350.56,350.73,2511.1,881057.819
1601884800000,2020-10-05T08:00:00+00:00,350.73,351.12,350.18,350.3,2413.9,846198.526
1601885700000,2020-10-05T08:15:00+00:00,350.3,351.22,350.07,351.06,4358.5,1529542.172
1601886600000,2020-10-05T08:30:00+00:00,351.06,351.31,350.6,350.87,1292.7,453873.612
1601887500000,2020-10-05T08:45:00+00:00,350.87,350.88,349.88,350.04,1951.8,683476.916
1601888400000,2020-10-05T09:00:00+00:00,350.04,351.45,349.49,351.18,2808.8,984965.712
1601889300000,2020-10-05T09:15:00+00:00,351.18,351.21,350.7,350.78,1932.6,678307.371
1601890200000,2020-10-05T09:30:00+00:00,350.78,352.1,350.51,351.43,3436.1,1208300.248
1601891100000,2020-10-05T09:45:00+00:00,351.43,351.66,350.8,351.31,2479.4,870564.315
1601892000000,2020-10-05T10:00:00+00:00,351.31,351.31,350.35,350.77,997.6,349772.227
1601892900000,2020-10-05T10:15:00+00:00,350.77,350.88,350.33,350.61,776.4,272206.002
1601893800000,2020-10-05T10:30:00+00:00,350.61,351.78,350.47,351.78,1368,480778.46
1601894700000,2020-10-05T10:45:00+00:00,351.78,351.87,351.04,351.23,709,249212.524
1601895600000,2020-10-05T11:00:00+00:00,351.23,352.42,350.88,351.74,2006.2,705826.935
1601896500000,2020-10-05T11:15:00+00:00,351.74,351.74,350.72,350.81,870.1,305497.318
1601897400000,2020-10-05T11:30:00+00:00,350.81,351.11,350.51,351.11,1262.7,443011.855
1601898300000,2020-10-05T11:45:00+00:00,351.11,351.33,350.34,350.38,599.9,210555.318
1601899200000,2020-10-05T12:00:00+00:00,350.38,351.08,349.81,350.94,1298.4,455000.45
1601900100000,2020-10-05T12:15:00+00:00,350.94,351.9,350.79,351.69,2279.6,801461.959
1601901000000,2020-10-05T12:30:00+00:00,351.69,351.71,351.1,351.28,412.2,144864.123
1601901900000,2020-10-05T12:45:00+00:00,351.28,352.68,350.83,352.39,2376,835962.085
1601902800000,2020-10-05T13:00:00+00:00,352.39,353.91,351.65,351.76,5266.1,1858203.809
1601903700000,2020-10-05T13:15:00+00:00,351.76,352.41,351.57,351.98,1773.7,624370.716
1601904600000,2020-10-05T13:30:00+00:00,351.98,353.27,351.93,352.38,3465.1,1222154.989
1601905500000,2020-10-05T13:45:00+00:00,352.38,352.93,352,352.44,1497.9,527776.191
1601906400000,2020-10-05T14:00:00+00:00,352.44,354.47,351.63,352.51,4076.1,1438280.764
1601907300000,2020-10-05T14:15:00+00:00,352.51,352.84,351.56,352.32,1563.2,550527.127
1601908200000,2020-10-05T14:30:00+00:00,352.32,353.23,352.27,352.72,1618.5,571079.392
1601909100000,2020-10-05T14:45:00+00:00,352.72,352.95,352.39,352.56,721.6,254485.333
1601910000000,2020-10-05T15:00:00+00:00,352.56,352.98,352.2,352.78,1051.2,370676.754
1601910900000,2020-10-05T15:15:00+00:00,352.78,353.32,352.25,352.49,1107.9,390964.742
1601911800000,2020-10-05T15:30:00+00:00,352.49,352.66,352.11,352.52,705.8,248680.868
1601912700000,2020-10-05T15:45:00+00:00,352.52,352.7,352.04,352.63,1255.6,442538.513
1601913600000,2020-10-05T16:00:00+00:00,352.63,353.08,352.3,352.83,1974.5,696249.503
1601914500000,2020-10-05T16:15:00+00:00,352.83,352.89,352.15,352.25,727.9,256636.109
1601915400000,2020-10-05T16:30:00+00:00,352.25,352.77,351.7,352.76,1803.9,635059.902
1601916300000,2020-10-05T16:45:00+00:00,352.76,353.75,352.74,353.75,3638.2,1284969.402
1601917200000,2020-10-05T17:00:00+00:00,353.75,353.82,352.59,352.6,809.4,285663.198
1601918100000,2020-10-05T17:15:00+00:00,352.6,352.62,352.06,352.18,1010.3,355894.713
1601919000000,2020-10-05T17:30:00+00:00,352.18,352.21,351.19,351.3,1090.8,383702.371
1601919900000,2020-10-05T17:45:00+00:00,351.3,351.79,350.22,350.73,3615.4,1269016.776
1601920800000,2020-10-05T18:00:00+00:00,350.73,351.22,350.14,350.57,2857.5,1002129.721
1601921700000,2020-10-05T18:15:00+00:00,350.57,350.93,349.2,350.19,1709.3,597908.534
1601922600000,2020-10-05T18:30:00+00:00,350.19,350.81,350,350.74,1588.1,556424.799
1601923500000,2020-10-05T18:45:00+00:00,350.74,351.5,350.59,351.23,1441.7,506188.923
1601924400000,2020-10-05T19:00:00+00:00,351.23,351.85,351.02,351.43,541.8,190392.884
1601925300000,2020-10-05T19:15:00+00:00,351.43,351.97,351.17,351.65,1124.1,395366.312
1601926200000,2020-10-05T19:30:00+00:00,351.65,351.85,351.19,351.44,385.3,135433.239
1601927100000,2020-10-05T19:45:00+00:00,351.44,351.51,351.02,351.34,1383.2,485959.409
1601928000000,2020-10-05T20:00:00+00:00,351.34,351.96,350.84,351.24,823,289219.163
1601928900000,2020-10-05T20:15:00+00:00,351.24,352.2,351.02,351.74,429.5,151126.729
1601929800000,2020-10-05T20:30:00+00:00,351.74,351.93,351.24,351.32,416.4,146384.976
1601930700000,2020-10-05T20:45:00+00:00,351.32,351.74,351.25,351.52,389,136718.038
1601931600000,2020-10-05T21:00:00+00:00,351.52,352.69,351.52,352.5,469,165270.963
1601932500000,2020-10-05T21:15:00+00:00,352.5,352.95,352.41,352.6,1221.8,430819.086
1601933400000,2020-10-05T21:30:00+00:00,352.6,352.71,352.09,352.21,892.4,314559.797
1601934300000,2020-10-05T21:45:00+00:00,352.21,352.45,352.02,352.3,395.6,139343.555
1601935200000,2020-10-05T22:00:00+00:00,352.3,353.33,352.3,352.91,1240.2,437776.353
1601936100000,2020-10-05T22:15:00+00:00,352.91,353.49,352.71,352.73,882.2,311609.231
1601937000000,2020-10-05T22:30:00+00:00,352.73,352.75,352.02,352.37,961.1,338472.604
1601937900000,2020-10-05T22:45:00+00:00,352.37,352.56,351.86,352.31,583.9,205754.857
1601938800000,2020-10-05T23:00:00+00:00,352.31,353,351.89,352.02,729.3,257035.709
1601939700000,2020-10-05T23:15:00+00:00,352.02,352.47,351.8,352.4,306.8,108023.111
1601940600000,2020-10-05T23:30:00+00:00,352.4,353.85,352.39,353.01,2164.8,764453.169
1601941500000,2020-10-05T23:45:00+00:00,353.01,353.66,352.53,353.45,1054.2,372074.619
1601942400000,2020-10-06T00:00:00+00:00,353.45,354.91,353.43,354.02,4453.6,1577625.358
1601943300000,2020-10-06T00:15:00+00:00,354.02,354.04,353.13,353.15,4683.4,1655885.772
1601944200000,2020-10-06T00:30:00+00:00,353.15,353.15,352.25,352.61,2206.4,778150.363
1601945100000,2020-10-06T00:45:00+00:00,352.61,352.87,351.76,352.26,2644.4,931354.845
1601946000000,2020-10-06T01:00:00+00:00,352.26,352.94,351.96,352.82,3897.5,1373748.991
1601946900000,2020-10-06T01:15:00+00:00,352.82,352.83,352.28,352.37,480.9,169536.665
1601947800000,2020-10-06T01:30:00+00:00,352.37,352.78,351.63,351.98,1873,659288.199
1601948700000,2020-10-06T01:45:00+00:00,351.98,352.67,351.92,352.53,2219.6,781799.044
1601949600000,2020-10-06T02:00:00+00:00,352.53,353.09,352.52,353.08,1670.3,589246.889
1601950500000,2020-10-06T02:15:00+00:00,353.08,353.14,352.75,353.09,1058.6,373612.254
1601951400000,2020-10-06T02:30:00+00:00,353.09,353.87,353.09,353.87,4713.2,1666097.767
1601952300000,2020-10-06T02:45:00+00:00,353.87,354.37,353.01,353.01,4243.7,1500424.789
1601953200000,2020-10-06T03:00:00+00:00,353.01,353.24,352.59,352.79,1461.3,515606.539
1601954100000,2020-10-06T03:15:00+00:00,352.79,353.1,352.59,352.97,655.5,231253.92
1601955000000,2020-10-06T03:30:00+00:00,352.97,353.93,352.96,353.78,1480,523383.093
1601955900000,2020-10-06T03:45:00+00:00,353.78,353.99,353.24,353.34,2115.8,748398.778
1601956800000,2020-10-06T04:00:00+00:00,353.34,354.37,353.33,354,3078.8,1089847.463
1601957700000,2020-10-06T04:15:00+00:00,354,354.5,353.63,354.01,2013.2,712605.667
1601958600000,2020-10-06T04:30:00+00:00,354.01,354.52,353.76,354.03,1138.6,403352.599
1601959500000,2020-10-06T04:45:00+00:00,354.03,354.36,353.75,353.92,1159.6,410612.474
1601960400000,2020-10-06T05:00:00+00:00,353.92,353.94,353.02,353.25,3072.6,1085767.811
1601961300000,2020-10-06T05:15:00+00:00,353.25,353.63,353.03,353.2,1654,584292.457
1601962200000,2020-10-06T05:30:00+00:00,353.2,353.57,352.84,352.94,2545.3,898634.237
1601963100000,2020-10-06T05:45:00+00:00,352.94,353.53,352.78,353.35,2031.1,717413.81
1601964000000,2020-10-06T06:00:00+00:00,353.35,353.68,352.74,352.74,2120.8,749297.27
1601964900000,2020-10-06T06:15:00+00:00,352.74,353.18,352.44,353.03,2602.3,918319.457
1601965800000,2020-10-06T06:30:00+00:00,353.03,353.04,352.32,352.46,2056,725022.047
1601966700000,2020-10-06T06:45:00+00:00,352.46,352.99,352.4,352.98,2457.3,866810.825
1601967600000,2020-10-06T07:00:00+00:00,352.98,353.39,352.88,353.08,983.9,347474.12
1601968500000,2020-10-06T07:15:00+00:00,353.08,353.12,352.23,352.61,1768,623274.755
1601969400000,2020-10-06T07:30:00+00:00,352.61,352.61,351.47,351.64,3886.8,1367765.65
1601970300000,2020-10-06T07:45:00+00:00,351.64,351.64,350.45,350.51,8310.1,2917324.042
1601971200000,2020-10-06T08:00:00+00:00,350.51,351.11,349.47,350.94,9668.9,3386561.596
1601972100000,2020-10-06T08:15:00+00:00,350.94,351.4,350.62,351.04,3461.1,1214896.321
1601973000000,2020-10-06T08:30:00+00:00,351.04,351.68,350.89,351.27,2452.9,861816.972
1601973900000,2020-10-06T08:45:00+00:00,351.27,351.95,350.9,351.7,2108.4,740975.84
1601974800000,2020-10-06T09:00:00+00:00,351.7,352.13,351.47,352.1,3866.9,1359856.719
1601975700000,2020-10-06T09:15:00+00:00,352.1,352.19,351.6,351.77,2043.4,719239.885
1601976600000,2020-10-06T09:30:00+00:00,351.77,352,351.69,351.8,1140.1,401159.331
1601977500000,2020-10-06T09:45:00+00:00,351.8,352.44,351.79,352.04,3032.1,1067692.398
1601978400000,2020-10-06T10:00:00+00:00,352.04,352.17,351.63,351.68,1777.1,625332.059
1601979300000,2020-10-06T10:15:00+00:00,351.68,351.79,350.63,350.66,3002.8,1054493.139
1601980200000,2020-10-06T10:30:00+00:00,350.66,350.81,350.03,350.51,3820.9,1339225.266
1601981100000,2020-10-06T10:45:00+00:00,350.51,350.53,349.41,349.41,4462.3,1561602.709
1601982000000,2020-10-06T11:00:00+00:00,349.41,349.41,345.58,346.14,16688.7,5791768.609
1601982900000,2020-10-06T11:15:00+00:00,346.14,346.5,343.44,344.89,19350.8,6677186.55
1601983800000,2020-10-06T11:30:00+00:00,344.89,346.5,344.5,346.31,11275,3897328.411
1601984700000,2020-10-06T11:45:00+00:00,346.31,346.37,345.39,345.99,1900,657025.435
1601985600000,2020-10-06T12:00:00+00:00,345.99,346.59,344.51,346.34,3034.7,1048376.682
1601986500000,2020-10-06T12:15:00+00:00,346.34,346.45,345.48,346.42,2807.7,971214.899
1601987400000,2020-10-06T12:30:00+00:00,346.42,346.94,345.93,346.39,2291,793712.766
1601988300000,2020-10-06T12:45:00+00:00,346.39,346.66,345.44,345.44,3704.5,1282567.703
1601989200000,2020-10-06T13:00:00+00:00,345.44,346.66,344.82,346.08,2553.8,882851.88
1601990100000,2020-10-06T13:15:00+00:00,346.08,346.93,346.02,346.53,1146,397118.407
1601991000000,2020-10-06T13:30:00+00:00,346.53,347.31,346.25,346.56,1879.3,651719.5
1601991900000,2020-10-06T13:45:00+00:00,346.56,346.71,344.69,344.8,2671.9,922946.571
1601992800000,2020-10-06T14:00:00+00:00,344.8,346.25,343.65,346.16,4348.9,1501181.787
1601993700000,2020-10-06T14:15:00+00:00,346.16,346.56,345.74,346.14,1661.7,575094.135
1601994600000,2020-10-06T14:30:00+00:00,346.14,346.2,344.03,344.15,3497.1,1205798.18
1601995500000,2020-10-06T14:45:00+00:00,344.15,345.14,344,344.41,2772.8,955397.692
1601996400000,2020-10-06T15:00:00+00:00,344.41,344.41,340.82,343.54,12960.6,4435345.776
1601997300000,2020-10-06T15:15:00+00:00,343.54,348.16,343.38,346.93,13933.6,4828248.152
1601998200000,2020-10-06T15:30:00+00:00,346.93,348.61,346.8,348,6534.1,2272916.332
1601999100000,2020-10-06T15:45:00+00:00,348,353.16,348,351.1,14121.7,4957433.545
1602000000000,2020-10-06T16:00:00+00:00,351.1,351.95,350.27,350.39,10203.4,3582562.495
1602000900000,2020-10-06T16:15:00+00:00,350.39,350.99,349.77,350.63,7056.7,2472589.779
1602001800000,2020-10-06T16:30:00+00:00,350.63,350.74,349.39,349.62,4173.4,1459887.265
1602002700000,2020-10-06T16:45:00+00:00,349.62,350.65,349.47,349.71,1976.9,691984.57
1602003600000,2020-10-06T17:00:00+00:00,349.71,350.3,348.82,348.84,2817.5,984915.942
1602004500000,2020-10-06T17:15:00+00:00,348.84,349.85,348.33,348.62,3877.7,1353319.747
1602005400000,2020-10-06T17:30:00+00:00,348.62,349.38,348.3,348.81,1386.8,483772.762
1602006300000,2020-10-06T17:45:00+00:00,348.81,349.36,347.9,348.38,1453.3,506742.247
1602007200000,2020-10-06T18:00:00+00:00,348.38,348.96,347.89,348.86,746.1,259889.573
1602008100000,2020-10-06T18:15:00+00:00,348.86,349.01,348.62,348.9,560.1,195353.392
1602009000000,2020-10-06T18:30:00+00:00,348.9,349.65,348.64,348.75,669.2,233684.246
1602009900000,2020-10-06T18:45:00+00:00,348.75,348.88,342.01,343.1,5287.1,1822919.415
1602010800000,2020-10-06T19:00:00+00:00,343.1,343.1,339.18,341.5,14139.9,4821680.137
1602011700000,2020-10-06T19:15:00+00:00,341.5,341.95,339.57,341.66,2312.5,788299.983
1602012600000,2020-10-06T19:30:00+00:00,341.66,342.12,340.43,341.21,1572.7,536791.065
1602013500000,2020-10-06T19:45:00+00:00,341.21,341.21,339.67,340.21,1487.6,506475.582
1602014400000,2020-10-06T20:00:00+00:00,340.21,340.98,339.29,340.78,1526.2,519192.605
1602015300000,2020-10-06T20:15:00+00:00,340.78,341.13,339.69,340.65,847.8,288591.888
1602016200000,2020-10-06T20:30:00+00:00,340.65,340.74,337.91,337.91,1927,653967.196
1602017100000,2020-10-06T20:45:00+00:00,337.91,338.54,336.49,337.3,3836.5,1294974.2
1602018000000,2020-10-06T21:00:00+00:00,337.3,338.14,336.51,338.06,989.2,334025.726
1602018900000,2020-10-06T21:15:00+00:00,338.06,339.1,338.06,338.41,843,285533.752
1602019800000,2020-10-06T21:30:00+00:00,338.41,339.35,337.88,339.09,956.6,323899.798
1602020700000,2020-10-06T21:45:00+00:00,339.09,339.29,338.5,338.92,543.5,184179.869
1602021600000,2020-10-06T22:00:00+00:00,338.92,341.23,338.44,340.29,2461.4,837567.571
1602022500000,2020-10-06T22:15:00+00:00,340.29,340.75,340.09,340.5,2959.8,1007501.951
1602023400000,2020-10-06T22:30:00+00:00,340.5,340.52,339.7,340.05,942,320377.553
1602024300000,2020-10-06T22:45:00+00:00,340.05,340.32,338.6,339.31,2449.6,831758.69
1602025200000,2020-10-06T23:00:00+00:00,339.31,340.01,338.68,338.69,1371.3,465016.224
1602026100000,2020-10-06T23:15:00+00:00,338.69,340.06,338.69,339.28,743.5,252607.181
1602027000000,2020-10-06T23:30:00+00:00,339.28,340.8,339.12,339.99,1502,510742.37
1602027900000,2020-10-06T23:45:00+00:00,339.99,340.89,339.3,340.64,2402.5,816193.231
1602028800000,2020-10-07T00:00:00+00:00,340.64,340.71,338.75,338.8,2319.5,787956.827
1602029700000,2020-10-07T00:15:00+00:00,338.8,340.2,338.8,339.13,1874.2,636608.679
1602030600000,2020-10-07T00:30:00+00:00,339.13,339.83,338.61,338.69,1505.6,510613.051
1602031500000,2020-10-07T00:45:00+00:00,338.69,339.3,338.51,338.97,2700.7,915000.322
1602032400000,2020-10-07T01:00:00+00:00,338.97,339.67,336.69,337.92,5497.1,1856899.969
1602033300000,2020-10-07T01:15:00+00:00,337.92,338.34,336.92,336.94,4663,1575839.085
1602034200000,2020-10-07T01:30:00+00:00,336.94,337.09,332.7,334.74,16272.2,5447072.289
1602035100000,2020-10-07T01:45:00+00:00,334.74,337.05,334.35,336.75,3610.8,1211997.964
1602036000000,2020-10-07T02:00:00+00:00,336.75,338.05,336.49,338.03,3819.7,1287726.265
1602036900000,2020-10-07T02:15:00+00:00,338.03,338.85,337.51,337.66,3935.7,1330209.656
1602037800000,2020-10-07T02:30:00+00:00,337.66,338.57,337.56,337.93,1357.8,459160.987
1602038700000,2020-10-07T02:45:00+00:00,337.93,338.73,337.81,338.09,1273.9,430703.48
1602039600000,2020-10-07T03:00:00+00:00,338.09,338.29,337.52,337.84,2037,688094.844
1602040500000,2020-10-07T03:15:00+00:00,337.84,338.23,335.11,336.2,7124.2,2397354.869
1602041400000,2020-10-07T03:30:00+00:00,336.2,338.07,336.2,336.81,1538.3,518902.508
1602042300000,2020-10-07T03:45:00+00:00,336.81,337.74,336.28,336.64,1027.3,346074.308
1602043200000,2020-10-07T04:00:00+00:00,336.64,337.28,336,336.49,1723.3,579837.935
1602044100000,2020-10-07T04:15:00+00:00,336.49,338.66,335.74,338.54,3194.8,1079182.398
1602045000000,2020-10-07T04:30:00+00:00,338.54,338.55,337.23,337.52,2558.9,864520.725
1602045900000,2020-10-07T04:45:00+00:00,337.52,338.49,337.5,338.14,2145.1,724676.406
1602046800000,2020-10-07T05:00:00+00:00,338.14,338.86,336.81,338.01,2157.6,728909.725
1602047700000,2020-10-07T05:15:00+00:00,338.01,339.62,337.7,338.67,1987.6,673114.654
1602048600000,2020-10-07T05:30:00+00:00,338.67,340.04,338.19,340,2133.5,723595.404
1602049500000,2020-10-07T05:45:00+00:00,340,340.1,339.04,339.17,2294.2,778952.213
1602050400000,2020-10-07T06:00:00+00:00,339.17,339.96,338.8,338.83,1791.7,607650.797
1602051300000,2020-10-07T06:15:00+00:00,338.83,341.16,338.81,339.91,4042,1375959.45
1602052200000,2020-10-07T06:30:00+00:00,339.91,340.35,339.49,339.78,2874.9,976893.651
1602053100000,2020-10-07T06:45:00+00:00,339.78,341.33,339.69,340.75,2426,826236.407
1602054000000,2020-10-07T07:00:00+00:00,340.75,342.17,339.94,341.3,9164.6,3123579.419
1602054900000,2020-10-07T07:15:00+00:00,341.3,341.77,340.19,340.3,2716.3,925546.427
1602055800000,2020-10-07T07:30:00+00:00,340.3,340.72,339.52,340.15,1421.1,483418.207
1602056700000,2020-10-07T07:45:00+00:00,340.15,341.19,339.87,341.04,928.3,316265.729
1602057600000,2020-10-07T08:00:00+00:00,341.04,341.78,339.79,339.88,1809.6,616220.881
1602058500000,2020-10-07T08:15:00+00:00,339.88,340.61,339.78,339.81,625.2,212651.293
1602059400000,2020-10-07T08:30:00+00:00,339.81,340.91,339.42,339.67,1488.9,506165.069
1602060300000,2020-10-07T08:45:00+00:00,339.67,340.09,339.32,340.04,800.1,271888.911
1602061200000,2020-10-07T09:00:00+00:00,340.04,340.19,338.46,338.76,3645.2,1235919.415
1602062100000,2020-10-07T09:15:00+00:00,338.76,338.8,336.67,337.96,9032,3049311.745
1602063000000,2020-10-07T09:30:00+00:00,337.96,339.64,337.63,339.3,2331.8,789958.666
1602063900000,2020-10-07T09:45:00+00:00,339.3,339.63,338.55,338.55,3996.5,1355905.28
1602064800000,2020-10-07T10:00:00+00:00,338.55,339.27,338.26,338.71,1184.2,400987.036
1602065700000,2020-10-07T10:15:00+00:00,338.71,338.96,338.25,338.83,768.9,260289.849
1602066600000,2020-10-07T10:30:00+00:00,338.83,338.85,337.5,337.67,2393.2,809101.144
1602067500000,2020-10-07T10:45:00+00:00,337.67,339.85,337.21,339.34,11145.4,3772510.799
1602068400000,2020-10-07T11:00:00+00:00,339.34,339.79,338.57,338.57,2098.8,712090.617
1602069300000,2020-10-07T11:15:00+00:00,338.57,338.64,337.88,338.13,2826.4,955950.932
1602070200000,2020-10-07T11:30:00+00:00,338.13,339.3,338.11,339.1,710.1,240557.832
1602071100000,2020-10-07T11:45:00+00:00,339.1,339.69,338.95,339.13,1606.5,545128.22
1602072000000,2020-10-07T12:00:00+00:00,339.13,341.33,339.12,340.89,9473.9,3225688.626
1602072900000,2020-10-07T12:15:00+00:00,340.89,341.93,340.72,340.92,3044.8,1039112.799
1602073800000,2020-10-07T12:30:00+00:00,340.92,341.21,340.4,341.21,1708.6,582413.697
1602074700000,2020-10-07T12:45:00+00:00,341.21,341.47,340.56,340.99,1476.8,503499.034
1602075600000,2020-10-07T13:00:00+00:00,340.99,342.29,340.53,340.81,3269.3,1116210.049
1602076500000,2020-10-07T13:15:00+00:00,340.81,341.28,340.39,340.83,1286.3,438376.663
1602077400000,2020-10-07T13:30:00+00:00,340.83,341.72,340.83,341.16,2087.3,712561.524
1602078300000,2020-10-07T13:45:00+00:00,341.16,341.25,340.57,340.86,1234.4,420717.09
1602079200000,2020-10-07T14:00:00+00:00,340.86,341.22,339.55,339.68,3758.5,1278622.124
1602080100000,2020-10-07T14:15:00+00:00,339.68,340.84,339.67,340.5,1310.4,445757.926
1602081000000,2020-10-07T14:30:00+00:00,340.5,340.78,340.17,340.72,819,278850.535
1602081900000,2020-10-07T14:45:00+00:00,340.72,341.15,340.59,341.06,973.8,331962.973
1602082800000,2020-10-07T15:00:00+00:00,341.06,341.41,340.2,340.68,1415.7,482335.603
1602083700000,2020-10-07T15:15:00+00:00,340.68,342.75,340.27,341.69,6506.5,2225530.241
1602084600000,2020-10-07T15:30:00+00:00,341.69,342.38,340.96,341.22,2088.5,713641.319
1602085500000,2020-10-07T15:45:00+00:00,341.22,341.78,340.19,340.5,2232.6,760675.704
1602086400000,2020-10-07T16:00:00+00:00,340.5,340.56,338.54,339.64,8402.7,2851650.119
1602087300000,2020-10-07T16:15:00+00:00,339.64,339.68,337.6,338.19,4676.7,1583030.066
1602088200000,2020-10-07T16:30:00+00:00,338.19,339.15,337.43,338.26,2893,978471.598
1602089100000,2020-10-07T16:45:00+00:00,338.26,338.69,337.86,338.64,1188,401782.149
1602090000000,2020-10-07T17:00:00+00:00,338.64,339.17,338.01,338.15,555,187966.55
1602090900000,2020-10-07T17:15:00+00:00,338.15,338.34,337.07,337.64,1939.3,654766.66
1602091800000,2020-10-07T17:30:00+00:00,337.64,339.28,337.52,339.28,1932.2,653711.084
1602092700000,2020-10-07T17:45:00+00:00,339.28,339.28,338.18,338.2,719.7,243696.087
1602093600000,2020-10-07T18:00:00+00:00,338.2,340.15,338.2,339.41,1503,510203.793
1602094500000,2020-10-07T18:15:00+00:00,339.41,341.71,339.41,341.71,1425.9,486561.291
1602095400000,2020-10-07T18:30:00+00:00,341.71,341.71,340.8,340.96,720.4,245755.509
1602096300000,2020-10-07T18:45:00+00:00,340.96,341.6,340.88,341.23,431.3,147154.274
1602097200000,2020-10-07T19:00:00+00:00,341.23,342.85,341.22,341.72,8211.9,2808952.136
1602098100000,2020-10-07T19:15:00+00:00,341.72,342.03,340.82,341.21,3323.6,1135885.32
1602099000000,2020-10-07T19:30:00+00:00,341.21,341.42,340.7,341.09,247.1,84268.043
1602099900000,2020-10-07T19:45:00+00:00,341.09,341.5,340.8,340.89,2492.5,850184.029
1602100800000,2020-10-07T20:00:00+00:00,340.89,341.28,340.58,341.11,213.6,72823.958
1602101700000,2020-10-07T20:15:00+00:00,341.11,341.29,340.22,340.6,697.6,237538.299
1602102600000,2020-10-07T20:30:00+00:00,340.6,341.74,340.6,341.02,260.2,88800.766
1602103500000,2020-10-07T20:45:00+00:00,341.02,341.21,340.34,340.84,371.8,126729.421
1602104400000,2020-10-07T21:00:00+00:00,340.84,341.03,340.32,340.69,451.3,153668.631
1602105300000,2020-10-07T21:15:00+00:00,340.69,340.72,340.41,340.47,157.7,53710.806
1602106200000,2020-10-07T21:30:00+00:00,340.47,340.48,339.79,339.86,382.6,130068.951
1602107100000,2020-10-07T21:45:00+00:00,339.86,340.23,339.76,340.1,196.7,66875.778
1602108000000,2020-10-07T22:00:00+00:00,340.1,340.46,339.73,339.81,486.4,165556.486
1602108900000,2020-10-07T22:15:00+00:00,339.81,340,339.37,339.41,364.1,123692.165
1602109800000,2020-10-07T22:30:00+00:00,339.41,340.11,339.14,339.26,1298.6,441129.684
1602110700000,2020-10-07T22:45:00+00:00,339.26,340.31,339.19,340.3,1790.8,608634.443
1602111600000,2020-10-07T23:00:00+00:00,340.3,340.3,339.89,340.01,307.8,104667.103
1602112500000,2020-10-07T23:15:00+00:00,340.01,340.92,339.91,340.9,351,119422.152
1602113400000,2020-10-07T23:30:00+00:00,340.9,341.56,340.26,341.53,523,178430.063
1602114300000,2020-10-07T23:45:00+00:00,341.53,341.92,340.95,341.52,2736.6,934229.453
1602115200000,2020-10-08T00:00:00+00:00,341.52,342.22,340.29,340.71,2757,940896.041
1602116100000,2020-10-08T00:15:00+00:00,340.71,340.79,340.4,340.58,478.2,162837.107
1602117000000,2020-10-08T00:30:00+00:00,340.58,340.65,339.45,339.81,3386.2,1150740.557
1602117900000,2020-10-08T00:45:00+00:00,339.81,340.11,339.55,339.88,1139.4,387302.566
1602118800000,2020-10-08T01:00:00+00:00,339.88,340.22,339.32,339.96,1142.2,387858.005
1602119700000,2020-10-08T01:15:00+00:00,339.96,340.09,338.59,338.63,1406.6,476885.728
1602120600000,2020-10-08T01:30:00+00:00,338.63,339.16,338.2,339.08,3778.7,1279370.498
1602121500000,2020-10-08T01:45:00+00:00,339.08,339.9,338.86,339.72,4149.4,1407152.386
1602122400000,2020-10-08T02:00:00+00:00,339.72,339.75,338.92,338.99,2004.9,680019.856
1602123300000,2020-10-08T02:15:00+00:00,338.99,339.08,338.32,338.54,2097.3,710072.143
1602124200000,2020-10-08T02:30:00+00:00,338.54,339.1,338.16,338.97,1023.7,346768.943
1602125100000,2020-10-08T02:45:00+00:00,338.97,339.42,338.89,339.07,1362.4,462037.015
1602126000000,2020-10-08T03:00:00+00:00,339.07,339.98,338.52,339.98,2707.3,919117.125
1602126900000,2020-10-08T03:15:00+00:00,339.98,340.37,339.41,339.41,1106.6,376224.619
1602127800000,2020-10-08T03:30:00+00:00,339.41,339.6,338.97,339.17,965.7,327541.494
1602128700000,2020-10-08T03:45:00+00:00,339.17,339.52,338.94,339.09,542.4,183968.768
1602129600000,2020-10-08T04:00:00+00:00,339.09,339.09,338.39,339.01,979.4,331751.748
1602130500000,2020-10-08T04:15:00+00:00,339.01,339.65,338.7,339.64,647.7,219583.455
1602131400000,2020-10-08T04:30:00+00:00,339.64,340.29,339.51,340.26,1138.7,387234.456
1602132300000,2020-10-08T04:45:00+00:00,340.26,340.26,339.51,339.51,736.8,250502.916
1602133200000,2020-10-08T05:00:00+00:00,339.51,339.53,337.85,338.36,4334.1,1466919.779
1602134100000,2020-10-08T05:15:00+00:00,338.36,339.14,338.08,338.5,1163,393756.5
1602135000000,2020-10-08T05:30:00+00:00,338.5,339.03,338.38,338.38,701.3,237570.023
1602135900000,2020-10-08T05:45:00+00:00,338.38,338.96,338.29,338.71,1252.1,423749.358
1602136800000,2020-10-08T06:00:00+00:00,338.71,339.8,338.13,339.54,1877.9,637048.53
1602137700000,2020-10-08T06:15:00+00:00,339.54,339.9,339.17,339.44,1096.7,372415.57
1602138600000,2020-10-08T06:30:00+00:00,339.44,340.16,338.63,338.63,2205.1,749171.474
1602139500000,2020-10-08T06:45:00+00:00,338.63,339.07,338.5,338.84,1065.1,360889.067
1602140400000,2020-10-08T07:00:00+00:00,338.84,338.91,334.32,336.19,17407.4,5854967.878
1602141300000,2020-10-08T07:15:00+00:00,336.19,337.36,335.44,335.8,6617.9,2225579.918
1602142200000,2020-10-08T07:30:00+00:00,335.8,336.83,335.41,336.11,5743.8,1930474.609
1602143100000,2020-10-08T07:45:00+00:00,336.11,336.67,335.66,336.08,2651,891196.417
1602144000000,2020-10-08T08:00:00+00:00,336.08,336.68,335.44,336.16,2237.9,752299.361
1602144900000,2020-10-08T08:15:00+00:00,336.16,336.53,335.63,335.65,1286.8,432456.423
1602145800000,2020-10-08T08:30:00+00:00,335.65,336.53,335.31,335.94,1132.5,380422.087
1602146700000,2020-10-08T08:45:00+00:00,335.94,336.4,334.95,335.23,2379.6,798686.933
1602147600000,2020-10-08T09:00:00+00:00,335.23,336.59,333.88,336,7058.2,2368701.832
1602148500000,2020-10-08T09:15:00+00:00,336,337.21,335.88,336.21,3391.4,1142029.492
1602149400000,2020-10-08T09:30:00+00:00,336.21,336.87,335.81,336.11,802.8,270032.324
1602150300000,2020-10-08T09:45:00+00:00,336.11,336.51,335.83,336.06,879.5,295535.915
1602151200000,2020-10-08T10:00:00+00:00,336.06,337.4,335.57,336.94,4210.3,1418224.884
1602152100000,2020-10-08T10:15:00+00:00,336.94,339.38,336.89,338.34,5177.9,1750775.304
1602153000000,2020-10-08T10:30:00+00:00,338.34,338.86,338.01,338.5,3317.1,1122338.916
1602153900000,2020-10-08T10:45:00+00:00,338.5,338.99,337.8,337.94,3474.4,1174814.313
1602154800000,2020-10-08T11:00:00+00:00,337.94,338.11,337.5,337.76,1404,474228.036
1602155700000,2020-10-08T11:15:00+00:00,337.76,337.77,337.18,337.49,1528.8,515803.882
1602156600000,2020-10-08T11:30:00+00:00,337.49,337.77,337.06,337.63,680.4,229575.208
1602157500000,2020-10-08T11:45:00+00:00,337.63,337.67,337.17,337.51,1588.7,536008.68
1602158400000,2020-10-08T12:00:00+00:00,337.51,339.2,336.96,338.53,3314.9,1121339.59
1602159300000,2020-10-08T12:15:00+00:00,338.53,339.99,338.29,339.79,7184.4,2437386.669
1602160200000,2020-10-08T12:30:00+00:00,339.79,340.77,339.42,340.05,5766.4,1961417.101
1602161100000,2020-10-08T12:45:00+00:00,340.05,340.72,339.64,340.72,3035.5,1032237.415
1602162000000,2020-10-08T13:00:00+00:00,340.72,343.93,339.61,342.83,26122.4,8941883.987
1602162900000,2020-10-08T13:15:00+00:00,342.83,344.5,342.8,343.92,11888.7,4088369.601
1602163800000,2020-10-08T13:30:00+00:00,343.92,344.23,343.07,343.37,7236,2486030.931
1602164700000,2020-10-08T13:45:00+00:00,343.37,343.94,342.73,343.86,3944.1,1353503.34
1602165600000,2020-10-08T14:00:00+00:00,343.86,344.23,342.88,343.2,6234.7,2140065.67
1602166500000,2020-10-08T14:15:00+00:00,343.2,343.85,342.95,343.58,1625.7,558404.478
1602167400000,2020-10-08T14:30:00+00:00,343.58,349.01,343.43,348.2,37290.6,12926814.138
1602168300000,2020-10-08T14:45:00+00:00,348.2,350.01,348.12,349.38,12439.2,4345165.539
1602169200000,2020-10-08T15:00:00+00:00,349.38,351.09,348.77,349.34,8646.9,3024642.889
1602170100000,2020-10-08T15:15:00+00:00,349.34,349.67,348.17,348.42,6235.9,2175001.993
1602171000000,2020-10-08T15:30:00+00:00,348.42,349.22,348.02,349.21,5242,1826832.38
1602171900000,2020-10-08T15:45:00+00:00,349.21,349.88,348.44,349.3,2872.9,1002902.39
1602172800000,2020-10-08T16:00:00+00:00,349.3,352.81,349.23,349.8,13230.2,4641995.244
1602173700000,2020-10-08T16:15:00+00:00,349.8,350.25,348.98,349.8,3619.8,1265096.389
1602174600000,2020-10-08T16:30:00+00:00,349.8,350.9,349.75,350.32,7937.4,2781523.97
1602175500000,2020-10-08T16:45:00+00:00,350.32,351.01,350.09,350.64,1304.3,457480.013
1602176400000,2020-10-08T17:00:00+00:00,350.64,351.54,350.03,351.44,2836.5,994635.863
1602177300000,2020-10-08T17:15:00+00:00,351.44,352.06,349.64,349.77,6042,2119385.153
1602178200000,2020-10-08T17:30:00+00:00,349.77,350.61,349.57,350.36,1988.3,695637.849
1602179100000,2020-10-08T17:45:00+00:00,350.36,350.67,349.94,350.57,4693.3,1643514.115
1602180000000,2020-10-08T18:00:00+00:00,350.57,350.97,350.39,350.39,2084.2,730951.868
1602180900000,2020-10-08T18:15:00+00:00,350.39,350.95,349.54,349.55,3287.1,1151038.23
1602181800000,2020-10-08T18:30:00+00:00,349.55,350.87,349.09,350.83,3526.9,1234303.704
1602182700000,2020-10-08T18:45:00+00:00,350.83,351.42,350.62,351,1183.7,415433.528
1602183600000,2020-10-08T19:00:00+00:00,351,351.25,350.51,351.02,675.4,236929.064
1602184500000,2020-10-08T19:15:00+00:00,351.02,352.14,350.83,350.97,1474.7,518278.243
1602185400000,2020-10-08T19:30:00+00:00,350.97,351.41,350.75,351.19,1314.6,461435.567
1602186300000,2020-10-08T19:45:00+00:00,351.19,351.79,351.09,351.36,815.4,286475.606
1602187200000,2020-10-08T20:00:00+00:00,351.36,353.3,350.59,350.86,5823.8,2049260.541
1602188100000,2020-10-08T20:15:00+00:00,350.86,351.05,350.43,351.03,821.8,288204.607
1602189000000,2020-10-08T20:30:00+00:00,351.03,351.89,350.66,351.45,1467,515493.796
1602189900000,2020-10-08T20:45:00+00:00,351.45,352.1,351.42,351.76,579.6,203855.041
1602190800000,2020-10-08T21:00:00+00:00,351.76,351.89,350.54,350.68,586.2,205979.771
1602191700000,2020-10-08T21:15:00+00:00,350.68,351.03,350.44,350.65,446.6,156578.956
1602192600000,2020-10-08T21:30:00+00:00,350.65,351.45,350.55,351.11,608.6,213627.76
1602193500000,2020-10-08T21:45:00+00:00,351.11,351.11,349.73,349.95,456.7,160103.21
1602194400000,2020-10-08T22:00:00+00:00,349.95,351.64,349.94,351.63,649.4,228020.72
1602195300000,2020-10-08T22:15:00+00:00,351.63,351.79,351.01,351.04,590.1,207344.308
1602196200000,2020-10-08T22:30:00+00:00,351.04,351.44,350.69,350.69,764.2,268328.905
1602197100000,2020-10-08T22:45:00+00:00,350.69,351.47,350.63,351.08,482.6,169419.086
1602198000000,2020-10-08T23:00:00+00:00,351.08,351.4,350.27,350.79,976.5,342787.325
1602198900000,2020-10-08T23:15:00+00:00,350.79,350.88,349.81,350.03,836.5,292992.556
1602199800000,2020-10-08T23:30:00+00:00,350.03,350.59,349.89,350.37,1052.4,368539.325
1602200700000,2020-10-08T23:45:00+00:00,350.37,351.09,349.82,351.08,1045.4,366416.763
1602201600000,2020-10-09T00:00:00+00:00,351.08,351.32,350.31,350.71,847.6,297349.043
1602202500000,2020-10-09T00:15:00+00:00,350.71,350.8,348.66,349.04,1607.8,561747.332
1602203400000,2020-10-09T00:30:00+00:00,349.04,349.08,348.26,349.03,2631.4,917113.5
1602204300000,2020-10-09T00:45:00+00:00,349.03,349.56,348.81,349.34,710.9,248199.124
1602205200000,2020-10-09T01:00:00+00:00,349.34,350.42,348.97,350.23,993.3,347285.392
1602206100000,2020-10-09T01:15:00+00:00,350.23,350.37,349.9,350.35,909.7,318515.434
1602207000000,2020-10-09T01:30:00+00:00,350.35,350.48,349.53,349.62,1548.3,542279.749
1602207900000,2020-10-09T01:45:00+00:00,349.62,351.22,349.62,350.98,1287.3,451480.223
1602208800000,2020-10-09T02:00:00+00:00,350.98,351.17,350.38,350.64,1239.3,434597.203
1602209700000,2020-10-09T02:15:00+00:00,350.64,351.66,350.58,351.09,1421.9,499470.011
1602210600000,2020-10-09T02:30:00+00:00,351.09,351.35,350.99,351.05,942.3,330805.05
1602211500000,2020-10-09T02:45:00+00:00,351.05,351.44,350.99,351.28,918.7,322576.968
1602212400000,2020-10-09T03:00:00+00:00,351.28,351.85,350.8,350.93,1158.4,407123.476
1602213300000,2020-10-09T03:15:00+00:00,350.93,351.12,350.55,350.82,681.4,238998.984
1602214200000,2020-10-09T03:30:00+00:00,350.82,350.99,350.66,350.88,534.9,187680.174
1602215100000,2020-10-09T03:45:00+00:00,350.88,350.97,350.04,350.12,1016.2,356304.774
1602216000000,2020-10-09T04:00:00+00:00,350.12,350.96,350.01,350.31,685,240064.428
1602216900000,2020-10-09T04:15:00+00:00,350.31,350.31,349.59,349.87,1348.2,471712.061
1602217800000,2020-10-09T04:30:00+00:00,349.87,350.33,349.53,349.95,964.7,337541.881
1602218700000,2020-10-09T04:45:00+00:00,349.95,350.01,349.29,349.38,1090.1,381094.768
1602219600000,2020-10-09T05:00:00+00:00,349.38,350.28,349.1,349.13,1055.9,368998.154
1602220500000,2020-10-09T05:15:00+00:00,349.13,349.99,349.09,349.77,788.8,275588.949
1602221400000,2020-10-09T05:30:00+00:00,349.77,350.01,349.33,349.34,1845.8,645704.332
1602222300000,2020-10-09T05:45:00+00:00,349.34,349.47,348.76,348.93,2020.6,705425.416
1602223200000,2020-10-09T06:00:00+00:00,348.93,348.94,347.3,347.84,8377.4,2915634.197
1602224100000,2020-10-09T06:15:00+00:00,347.84,348.86,347.76,348.69,1466.9,510935.122
1602225000000,2020-10-09T06:30:00+00:00,348.69,349.34,348.65,349.15,4915.3,1714656.653
1602225900000,2020-10-09T06:45:00+00:00,349.15,349.31,348.7,348.86,1566.2,546685.166
1602226800000,2020-10-09T07:00:00+00:00,348.86,350.12,348.63,349.89,2200.5,769753.541
1602227700000,2020-10-09T07:15:00+00:00,349.89,350.36,349.74,350.34,1167.1,408365.045
1602228600000,2020-10-09T07:30:00+00:00,350.34,350.8,349.74,350.76,1476.3,517166.862
1602229500000,2020-10-09T07:45:00+00:00,350.76,350.85,350.19,350.64,1147,402204.677
1602230400000,2020-10-09T08:00:00+00:00,350.64,351.39,350.31,351.06,1295.1,454585.213
1602231300000,2020-10-09T08:15:00+00:00,351.06,351.35,350.44,350.91,861.4,302172.045
1602232200000,2020-10-09T08:30:00+00:00,350.91,350.99,350.34,350.45,457.6,160453.751
1602233100000,2020-10-09T08:45:00+00:00,350.45,351.22,350.29,351.06,437.9,153591.112
1602234000000,2020-10-09T09:00:00+00:00,351.06,351.15,350.37,350.71,810.5,284130.72
1602234900000,2020-10-09T09:15:00+00:00,350.71,350.81,349.82,350.13,944.2,330587.784
1602235800000,2020-10-09T09:30:00+00:00,350.13,350.14,349.35,349.9,2252.5,787543.997
1602236700000,2020-10-09T09:45:00+00:00,349.9,350.27,349.81,350.27,822.1,287695.45
1602237600000,2020-10-09T10:00:00+00:00,350.27,350.92,349.44,350.89,999.4,349776.705
1602238500000,2020-10-09T10:15:00+00:00,350.89,352.8,350.62,351.99,5046.9,1775952.072
1602239400000,2020-10-09T10:30:00+00:00,351.99,357,351.91,356.25,17430.7,6180247.956
1602240300000,2020-10-09T10:45:00+00:00,356.25,357.06,355.41,356.25,8536.7,3042613.947
1602241200000,2020-10-09T11:00:00+00:00,356.25,360.25,356.25,358.77,12285.5,4404755.426
1602242100000,2020-10-09T11:15:00+00:00,358.77,361.95,358.29,359.68,10189.3,3670540.746
1602243000000,2020-10-09T11:30:00+00:00,359.68,360.15,359.19,359.77,5088.4,1829843.237
1602243900000,2020-10-09T11:45:00+00:00,359.77,360.01,358.25,359.29,6785.8,2436693.617
1602244800000,2020-10-09T12:00:00+00:00,359.29,359.98,358.67,359.69,1821.3,654405.859
1602245700000,2020-10-09T12:15:00+00:00,359.69,359.97,359.08,359.41,2275.8,818557.076
1602246600000,2020-10-09T12:30:00+00:00,359.41,359.93,359.37,359.89,1093.5,393265.335
1602247500000,2020-10-09T12:45:00+00:00,359.89,360.74,358.24,359.23,5468,1966005.711
1602248400000,2020-10-09T13:00:00+00:00,359.23,360.31,359.07,359.84,1439.4,517662.753
1602249300000,2020-10-09T13:15:00+00:00,359.84,360.06,358.8,359.33,2726.5,979509.603
1602250200000,2020-10-09T13:30:00+00:00,359.33,360.26,359,359.37,3640.1,1309382.224
1602251100000,2020-10-09T13:45:00+00:00,359.37,360.43,359.37,360.01,1100.5,396158.216
1602252000000,2020-10-09T14:00:00+00:00,360.01,360.78,359.74,360.13,1010.3,363997.27
1602252900000,2020-10-09T14:15:00+00:00,360.13,360.64,359.4,359.54,3349.6,1206392.264
1602253800000,2020-10-09T14:30:00+00:00,359.54,360.19,358.89,359.99,2439.1,876716.123
1602254700000,2020-10-09T14:45:00+00:00,359.99,361.51,359.87,360.68,5304,1914453.769
1602255600000,2020-10-09T15:00:00+00:00,360.68,361.12,359.69,360.76,2721.8,980772.649
1602256500000,2020-10-09T15:15:00+00:00,360.76,361.01,360.11,360.6,1005.4,362502.725
1602257400000,2020-10-09T15:30:00+00:00,360.6,363.38,360.59,363,5422.7,1964345.452
1602258300000,2020-10-09T15:45:00+00:00,363,365.97,362.99,365.28,8847.5,3226343.714
1602259200000,2020-10-09T16:00:00+00:00,365.28,366.47,363.1,364.1,7651.8,2791174.278
1602260100000,2020-10-09T16:15:00+00:00,364.1,364.54,363.45,364.15,1463.6,532765.661
1602261000000,2020-10-09T16:30:00+00:00,364.15,364.81,363.37,363.55,4719.2,1717488.28
1602261900000,2020-10-09T16:45:00+00:00,363.55,364.2,363.42,364.09,912.3,331786.467
1602262800000,2020-10-09T17:00:00+00:00,364.09,364.38,363.63,363.94,1168.2,425284.311
1602263700000,2020-10-09T17:15:00+00:00,363.94,364.65,363.78,364.21,898.9,327555.487
1602264600000,2020-10-09T17:30:00+00:00,364.21,364.42,363.85,364.35,868.1,316109.885
1602265500000,2020-10-09T17:45:00+00:00,364.35,365,364.35,364.82,993.5,362267.335
1602266400000,2020-10-09T18:00:00+00:00,364.82,364.99,362.24,362.92,3406.2,1237601.644
1602267300000,2020-10-09T18:15:00+00:00,362.92,363.44,362.62,363.11,872.8,316847.343
1602268200000,2020-10-09T18:30:00+00:00,363.11,363.74,362.55,363.37,338.5,122973.95
1602269100000,2020-10-09T18:45:00+00:00,363.37,363.51,362.77,363.48,177.4,64429.56
1602270000000,2020-10-09T19:00:00+00:00,363.48,363.69,362.15,363.41,175.8,63803.067
1602270900000,2020-10-09T19:15:00+00:00,363.41,364.4,363.11,364.11,175.3,63789.95
1602271800000,2020-10-09T19:30:00+00:00,364.11,364.4,362.76,362.9,226.5,82295.88
1602272700000,2020-10-09T19:45:00+00:00,362.9,363.6,362.59,363.22,661.6,240272.777
1602273600000,2020-10-09T20:00:00+00:00,363.22,364.47,363.22,364.13,196.9,71670.962
1602274500000,2020-10-09T20:15:00+00:00,364.13,364.22,363.53,363.8,230.7,83939.502
1602275400000,2020-10-09T20:30:00+00:00,363.8,364.34,363.45,363.51,223.4,81280.535
1602276300000,2020-10-09T20:45:00+00:00,363.51,363.81,362.95,363.63,469.3,170498.819
1602277200000,2020-10-09T21:00:00+00:00,363.63,363.89,362.85,362.86,176,63908.812
1602278100000,2020-10-09T21:15:00+00:00,362.86,363,362.46,362.81,442.3,160421.749
1602279000000,2020-10-09T21:30:00+00:00,362.81,363.88,362.81,363.64,333.2,121072.535
1602279900000,2020-10-09T21:45:00+00:00,363.64,364.39,363.63,364.38,457.8,166660.022
1602280800000,2020-10-09T22:00:00+00:00,364.38,364.67,364.12,364.46,835.2,304432.451
1602281700000,2020-10-09T22:15:00+00:00,364.46,365,364.12,364.12,616.9,224931.193
1602282600000,2020-10-09T22:30:00+00:00,364.12,364.29,363.73,363.85,688.8,250725.225
1602283500000,2020-10-09T22:45:00+00:00,363.85,365.28,363.83,365.19,773.7,282093.468
1602284400000,2020-10-09T23:00:00+00:00,365.19,367.81,365.16,367.45,6938.4,2546987.329
1602285300000,2020-10-09T23:15:00+00:00,367.45,368.28,366.89,367.15,5052.9,1859209.543
1602286200000,2020-10-09T23:30:00+00:00,367.15,367.23,364.77,365.56,3415.1,1248566.757
1602287100000,2020-10-09T23:45:00+00:00,365.56,365.92,364.89,365.03,2629.6,960547.756
1602288000000,2020-10-10T00:00:00+00:00,365.03,365.97,364.76,365.74,2359.9,862301.824
1602288900000,2020-10-10T00:15:00+00:00,365.74,367.39,365.6,367.39,2077.1,761085.668
1602289800000,2020-10-10T00:30:00+00:00,367.39,367.87,366.63,366.65,1553.9,570767.706
1602290700000,2020-10-10T00:45:00+00:00,366.65,367.13,366.23,367.06,1020.9,374328.839
1602291600000,2020-10-10T01:00:00+00:00,367.06,367.08,365.8,366.06,1659.2,607440.52
1602292500000,2020-10-10T01:15:00+00:00,366.06,367.53,365.89,367.21,1441.7,528829.676
1602293400000,2020-10-10T01:30:00+00:00,367.21,368.47,367.08,368.3,2671.7,982215.573
1602294300000,2020-10-10T01:45:00+00:00,368.3,368.51,367.91,368.41,2104.8,775169.19
1602295200000,2020-10-10T02:00:00+00:00,368.41,375.5,367.96,374.5,20849.3,7764053.612
1602296100000,2020-10-10T02:15:00+00:00,374.5,375.52,373.75,374.76,5695.6,2133877.462
1602297000000,2020-10-10T02:30:00+00:00,374.76,377.22,374.52,376.32,6953.6,2615555.934
1602297900000,2020-10-10T02:45:00+00:00,376.32,376.55,375.13,376.15,2386.9,896739.285
1602298800000,2020-10-10T03:00:00+00:00,376.15,378.69,375.58,377.66,6408.4,2416675.607
1602299700000,2020-10-10T03:15:00+00:00,377.66,378.59,377.17,377.24,7027.1,2654939.554
1602300600000,2020-10-10T03:30:00+00:00,377.24,377.43,376.01,376.65,5136.5,1934992.062
1602301500000,2020-10-10T03:45:00+00:00,376.65,377.32,376.08,376.53,2665.8,1004177.233
1602302400000,2020-10-10T04:00:00+00:00,376.53,377.24,376.3,376.32,2732.8,1029813.406
1602303300000,2020-10-10T04:15:00+00:00,376.32,376.55,375.3,375.65,2003.6,753252.601
1602304200000,2020-10-10T04:30:00+00:00,375.65,376.68,375.35,376.13,6746.2,2535861.267
1602305100000,2020-10-10T04:45:00+00:00,376.13,376.6,375.8,375.94,1749.8,658233.787
1602306000000,2020-10-10T05:00:00+00:00,375.94,375.96,375.49,375.53,2846.6,1069250.853
1602306900000,2020-10-10T05:15:00+00:00,375.53,376.38,375.5,376.18,1088.6,409272.977
1602307800000,2020-10-10T05:30:00+00:00,376.18,376.19,375.42,375.45,800.2,300710.437
1602308700000,2020-10-10T05:45:00+00:00,375.45,375.53,374.07,374.24,6486.8,2430386.345
1602309600000,2020-10-10T06:00:00+00:00,374.24,375.05,373.9,374.75,4087.8,1529829.465
1602310500000,2020-10-10T06:15:00+00:00,374.75,375.08,373.96,374.94,3208.4,1201632.221
1602311400000,2020-10-10T06:30:00+00:00,374.94,375.42,374.83,375.19,1753.7,657746.245
1602312300000,2020-10-10T06:45:00+00:00,375.19,375.43,374.79,374.8,1133.9,425250.531
1602313200000,2020-10-10T07:00:00+00:00,374.8,375.51,374.6,375.51,4587.4,1720136.748
1602314100000,2020-10-10T07:15:00+00:00,375.51,375.97,375.25,375.89,3341.9,1255022.671
1602315000000,2020-10-10T07:30:00+00:00,375.89,375.9,374.81,374.94,2365.7,887789.441
1602315900000,2020-10-10T07:45:00+00:00,374.94,375.4,374.69,375.06,1648.5,618264.077
1602316800000,2020-10-10T08:00:00+00:00,375.06,375.8,374.99,375.1,533.8,200420.327
1602317700000,2020-10-10T08:15:00+00:00,375.1,375.97,375.01,375.85,932.2,350213.993
1602318600000,2020-10-10T08:30:00+00:00,375.85,376.17,375.75,376.16,831.1,312496.784
1602319500000,2020-10-10T08:45:00+00:00,376.16,376.38,375.59,375.74,1910.7,718570.095
1602320400000,2020-10-10T09:00:00+00:00,375.74,376.17,375.11,375.11,729.6,274078.715
1602321300000,2020-10-10T09:15:00+00:00,375.11,375.19,371.79,372.92,6134.6,2288666.851
1602322200000,2020-10-10T09:30:00+00:00,372.92,374.08,372.64,372.89,4119.4,1537819.888
1602323100000,2020-10-10T09:45:00+00:00,372.89,372.97,370.65,372.32,7187.8,2672057.92
1602324000000,2020-10-10T10:00:00+00:00,372.32,372.38,368.63,369.12,6046.5,2237507.718
1602324900000,2020-10-10T10:15:00+00:00,369.12,371.29,369.09,370.68,3992.1,1478943.944
1602325800000,2020-10-10T10:30:00+00:00,370.68,372.02,370.11,371.98,4392,1629312.227
1602326700000,2020-10-10T10:45:00+00:00,371.98,372.69,371.32,372.38,1834,682067.72
1602327600000,2020-10-10T11:00:00+00:00,372.38,373.71,371.85,372.46,2816,1049466.579
1602328500000,2020-10-10T11:15:00+00:00,372.46,372.71,371.63,372.01,1884.5,701417.535
1602329400000,2020-10-10T11:30:00+00:00,372.01,372.6,371.73,372.11,536.5,199702.381
1602330300000,2020-10-10T11:45:00+00:00,372.11,372.75,372.11,372.39,950.7,354037.765
1602331200000,2020-10-10T12:00:00+00:00,372.39,373.47,372.11,372.72,1632.1,608419.888
1602332100000,2020-10-10T12:15:00+00:00,372.72,372.91,371.5,371.84,769.1,286155.476
1602333000000,2020-10-10T12:30:00+00:00,371.84,373.34,371.13,373.27,1923.9,715418.642
1602333900000,2020-10-10T12:45:00+00:00,373.27,373.99,373.21,373.99,2074.4,774892.781
1602334800000,2020-10-10T13:00:00+00:00,373.99,375.99,373.87,374.51,4552.9,1707087.774
1602335700000,2020-10-10T13:15:00+00:00,374.51,374.84,373.45,374.18,1202.7,449956.497
1602336600000,2020-10-10T13:30:00+00:00,374.18,375.35,372.69,374.86,2319.1,866786.916
1602337500000,2020-10-10T13:45:00+00:00,374.86,375.52,374.37,374.57,2387.1,894921.166
1602338400000,2020-10-10T14:00:00+00:00,374.57,374.73,373.23,373.89,1466.8,548543.48
1602339300000,2020-10-10T14:15:00+00:00,373.89,374.25,372.74,373.27,1033.9,386252.216
1602340200000,2020-10-10T14:30:00+00:00,373.27,374.71,373.24,374.11,716.5,268041.918
1602341100000,2020-10-10T14:45:00+00:00,374.11,374.13,372.8,373.84,588.2,219792.094
1602342000000,2020-10-10T15:00:00+00:00,373.84,375.13,373.84,375.04,1701.1,637200.87
1602342900000,2020-10-10T15:15:00+00:00,375.04,375.38,374.32,374.8,1041.5,390504.836
1602343800000,2020-10-10T15:30:00+00:00,374.8,375.38,374.11,375.37,614.2,230075.614
1602344700000,2020-10-10T15:45:00+00:00,375.37,375.99,372.2,372.88,3989.7,1489946.997
1602345600000,2020-10-10T16:00:00+00:00,372.88,374.12,372.65,372.83,1787.6,667295.427
1602346500000,2020-10-10T16:15:00+00:00,372.83,373.94,372.05,373.38,6024.7,2247922.495
1602347400000,2020-10-10T16:30:00+00:00,373.38,373.8,372.44,373.41,1667.2,622355.638
1602348300000,2020-10-10T16:45:00+00:00,373.41,373.87,372.9,373.28,617.8,230739.47
1602349200000,2020-10-10T17:00:00+00:00,373.28,374.01,372.83,374,538.7,201280.731
1602350100000,2020-10-10T17:15:00+00:00,374,374.98,373.73,374.28,960.1,359511.732
1602351000000,2020-10-10T17:30:00+00:00,374.28,374.89,372.5,373.04,511.3,190846.963
1602351900000,2020-10-10T17:45:00+00:00,373.04,373.44,372.72,373.32,634,236492.709
1602352800000,2020-10-10T18:00:00+00:00,373.32,373.76,372.99,373.13,584.2,218202.298
1602353700000,2020-10-10T18:15:00+00:00,373.13,374.22,372.78,374.08,1147.3,428466.366
1602354600000,2020-10-10T18:30:00+00:00,374.08,375.48,373.67,375.24,848,317963.433
1602355500000,2020-10-10T18:45:00+00:00,375.24,375.3,374.18,374.4,362.7,135859.802
1602356400000,2020-10-10T19:00:00+00:00,374.4,374.47,373.73,373.92,358.4,134036.577
1602357300000,2020-10-10T19:15:00+00:00,373.92,374.61,373.59,374.2,168.8,63161.735
1602358200000,2020-10-10T19:30:00+00:00,374.2,375.98,374,374.82,508.1,190555.899
1602359100000,2020-10-10T19:45:00+00:00,374.82,375.36,373.91,373.97,571.9,214130.254
1602360000000,2020-10-10T20:00:00+00:00,373.97,374.24,373.5,374.09,991.8,370628.661
1602360900000,2020-10-10T20:15:00+00:00,374.09,374.38,373.6,374.31,199,74409.922
1602361800000,2020-10-10T20:30:00+00:00,374.31,374.74,373.77,374.73,522.9,195767.4
1602362700000,2020-10-10T20:45:00+00:00,374.73,375.18,374.56,374.7,325.2,121880.063
1602363600000,2020-10-10T21:00:00+00:00,374.7,374.7,370.77,372.45,2116.4,786145.161
1602364500000,2020-10-10T21:15:00+00:00,372.45,374.94,372.37,374.92,1507.2,563229.888
1602365400000,2020-10-10T21:30:00+00:00,374.92,375.34,374,375.14,2144.1,803667.219
1602366300000,2020-10-10T21:45:00+00:00,375.14,375.79,375.13,375.37,858.9,322458.137
1602367200000,2020-10-10T22:00:00+00:00,375.37,375.38,374.34,375.18,348.1,130490.166
1602368100000,2020-10-10T22:15:00+00:00,375.18,375.69,373.92,374.21,1060.6,397189.443
1602369000000,2020-10-10T22:30:00+00:00,374.21,375.28,374.2,374.75,392.9,147202.805
1602369900000,2020-10-10T22:45:00+00:00,374.75,375.27,374.33,374.39,416.6,156142.195
1602370800000,2020-10-10T23:00:00+00:00,374.39,374.4,372.34,372.75,1218,454498.085
1602371700000,2020-10-10T23:15:00+00:00,372.75,373.13,371.37,371.94,2165,806292.814
1602372600000,2020-10-10T23:30:00+00:00,371.94,372.06,369.66,371.19,3282.2,1216413.132
1602373500000,2020-10-10T23:45:00+00:00,371.19,371.47,369.59,370.68,958.7,355223.885
1602374400000,2020-10-11T00:00:00+00:00,370.68,372.15,370.43,371.56,1005.2,373520.692
1602375300000,2020-10-11T00:15:00+00:00,371.56,372.25,370.99,371.78,642.6,238804.056
1602376200000,2020-10-11T00:30:00+00:00,371.78,371.78,370.11,370.19,1168.7,433197.047
1602377100000,2020-10-11T00:45:00+00:00,370.19,370.7,369.08,370.47,1753.8,648554.284
1602378000000,2020-10-11T01:00:00+00:00,370.47,372.01,370.3,371.63,1516.5,563178.357
1602378900000,2020-10-11T01:15:00+00:00,371.63,372.21,371.27,372.11,5127.1,1907702.29
1602379800000,2020-10-11T01:30:00+00:00,372.11,372.29,371.25,372,536,199299.448
1602380700000,2020-10-11T01:45:00+00:00,372,373.49,371.5,372.84,3440.1,1283063.274
1602381600000,2020-10-11T02:00:00+00:00,372.84,373.19,372.4,372.58,1041.4,388195.304
1602382500000,2020-10-11T02:15:00+00:00,372.58,372.95,372.12,372.71,624.6,232695.999
1602383400000,2020-10-11T02:30:00+00:00,372.71,373,372.01,372.01,408.1,152140.37
1602384300000,2020-10-11T02:45:00+00:00,372.01,373.15,372.01,373.15,670.5,250003.572
1602385200000,2020-10-11T03:00:00+00:00,373.15,373.16,371.36,371.71,1172.7,436648.1
1602386100000,2020-10-11T03:15:00+00:00,371.71,372.28,371.31,371.41,724.8,269505.922
1602387000000,2020-10-11T03:30:00+00:00,371.41,371.73,369.68,370.68,1514.4,561554.118
1602387900000,2020-10-11T03:45:00+00:00,370.68,371.13,370.44,370.84,606.9,225043.27
1602388800000,2020-10-11T04:00:00+00:00,370.84,371.68,370.84,371.67,456.8,169638.462
1602389700000,2020-10-11T04:15:00+00:00,371.67,371.85,370.84,371.15,529.1,196602.088
1602390600000,2020-10-11T04:30:00+00:00,371.15,371.17,369.7,370.34,901.5,333827.746
1602391500000,2020-10-11T04:45:00+00:00,370.34,371.48,370.3,371.37,946.5,351028.403
1602392400000,2020-10-11T05:00:00+00:00,371.37,371.91,371.03,371.26,663.6,246564.456
1602393300000,2020-10-11T05:15:00+00:00,371.26,372.48,370.89,372.39,2516.8,934983.483
1602394200000,2020-10-11T05:30:00+00:00,372.39,372.88,371.96,372.24,1689.8,629141.913
1602395100000,2020-10-11T05:45:00+00:00,372.24,372.48,371.64,372.01,313.3,116597.52
1602396000000,2020-10-11T06:00:00+00:00,372.01,372.88,372.01,372.39,834.8,311041.676
1602396900000,2020-10-11T06:15:00+00:00,372.39,372.89,371.89,372.29,519.7,193458.662
1602397800000,2020-10-11T06:30:00+00:00,372.29,372.59,372.08,372.25,684.9,254956.929
1602398700000,2020-10-11T06:45:00+00:00,372.25,372.95,371.54,372.82,410.1,152748.702
1602399600000,2020-10-11T07:00:00+00:00,372.82,373.96,372.82,373.46,7278.1,2719254.151
1602400500000,2020-10-11T07:15:00+00:00,373.46,373.78,372.62,372.62,1066.6,398130.425
1602401400000,2020-10-11T07:30:00+00:00,372.62,373.04,372.58,372.7,6179.9,2303787.33
1602402300000,2020-10-11T07:45:00+00:00,372.7,372.73,372.14,372.27,741,275981.429
1602403200000,2020-10-11T08:00:00+00:00,372.27,372.7,371.81,372.02,737.1,274409.343
1602404100000,2020-10-11T08:15:00+00:00,372.02,373.11,371.9,372.36,556.9,207423.992
1602405000000,2020-10-11T08:30:00+00:00,372.36,373.62,372.36,373.08,535.5,199763.749
1602405900000,2020-10-11T08:45:00+00:00,373.08,373.63,372.27,372.34,1031.3,384419.311
1602406800000,2020-10-11T09:00:00+00:00,372.34,372.59,371.66,371.88,1404.4,522243.002
1602407700000,2020-10-11T09:15:00+00:00,371.88,372.69,371.87,372.5,602.2,224137.23
1602408600000,2020-10-11T09:30:00+00:00,372.5,373.02,372.27,372.37,743.7,277237.216
1602409500000,2020-10-11T09:45:00+00:00,372.37,373.2,372.3,373.01,1062.5,396084.243
1602410400000,2020-10-11T10:00:00+00:00,373.01,373.42,372.24,372.39,1468.1,547031.913
1602411300000,2020-10-11T10:15:00+00:00,372.39,373.36,372.39,372.82,1638.4,611122.452
1602412200000,2020-10-11T10:30:00+00:00,372.82,374.74,372.8,374.51,2897,1083739.82
1602413100000,2020-10-11T10:45:00+00:00,374.51,378.1,374.23,377.02,12551,4711341.851
1602414000000,2020-10-11T11:00:00+00:00,377.02,377.78,375.9,376.88,3307.1,1245841.425
1602414900000,2020-10-11T11:15:00+00:00,376.88,376.88,374.66,374.88,3635,1365260.166
1602415800000,2020-10-11T11:30:00+00:00,374.88,375.12,373.3,374.25,3286.8,1230384.59
1602416700000,2020-10-11T11:45:00+00:00,374.25,374.91,374.06,374.62,1134.3,424866.767
1602417600000,2020-10-11T12:00:00+00:00,374.62,375.17,373.47,373.57,1836.1,687266.833
1602418500000,2020-10-11T12:15:00+00:00,373.57,374.03,371.24,372,8583.1,3195705.362
1602419400000,2020-10-11T12:30:00+00:00,372,373.49,371.89,373.15,2001.8,746585.183
1602420300000,2020-10-11T12:45:00+00:00,373.15,373.43,372.47,372.47,648.3,241884.757
1602421200000,2020-10-11T13:00:00+00:00,372.47,373.26,371.64,372.88,1922.1,716053.791
1602422100000,2020-10-11T13:15:00+00:00,372.88,373.43,372.51,373.32,367.3,136953.361
1602423000000,2020-10-11T13:30:00+00:00,373.32,373.33,372.24,372.54,289.1,107743.342
1602423900000,2020-10-11T13:45:00+00:00,372.54,373,372.51,372.82,367.8,137089.457
1602424800000,2020-10-11T14:00:00+00:00,372.82,374.48,372.59,373.99,1798.6,672540.846
1602425700000,2020-10-11T14:15:00+00:00,373.99,374.23,373.54,373.84,1432.6,535591.424
1602426600000,2020-10-11T14:30:00+00:00,373.84,376.48,372.79,373.06,4680.3,1753629.863
1602427500000,2020-10-11T14:45:00+00:00,373.06,373.59,372,373.27,3683.4,1372991.546
1602428400000,2020-10-11T15:00:00+00:00,373.27,375.86,373.26,375.11,3763.5,1411000.368
1602429300000,2020-10-11T15:15:00+00:00,375.11,375.47,374.46,375.15,1388.8,520692.112
1602430200000,2020-10-11T15:30:00+00:00,375.15,375.49,374.62,375.1,1119.9,420016.557
1602431100000,2020-10-11T15:45:00+00:00,375.1,375.69,374.39,375.24,2216.2,830692.973
1602432000000,2020-10-11T16:00:00+00:00,375.24,375.79,373.87,375.45,1517.4,568499
1602432900000,2020-10-11T16:15:00+00:00,375.45,376.45,374.94,375.77,1923.3,723003.543
1602433800000,2020-10-11T16:30:00+00:00,375.77,375.99,375.25,375.6,657.4,246945.26
1602434700000,2020-10-11T16:45:00+00:00,375.6,375.83,374.58,374.85,1161,435841.228
1602435600000,2020-10-11T17:00:00+00:00,374.85,375.66,374.85,375.17,277.2,104044.971
1602436500000,2020-10-11T17:15:00+00:00,375.17,375.8,375.17,375.34,280,105159.779
1602437400000,2020-10-11T17:30:00+00:00,375.34,375.99,375.08,375.08,342.5,128662.091
1602438300000,2020-10-11T17:45:00+00:00,375.08,375.49,374.77,375.49,493.6,185117.961
1602439200000,2020-10-11T18:00:00+00:00,375.49,375.78,374.95,375.11,492.1,184708.255
1602440100000,2020-10-11T18:15:00+00:00,375.11,375.73,374.88,375.7,366.3,137460.333
1602441000000,2020-10-11T18:30:00+00:00,375.7,375.99,375.13,375.14,322.6,121202.533
1602441900000,2020-10-11T18:45:00+00:00,375.14,375.33,373.97,375.22,649,243155.776
1602442800000,2020-10-11T19:00:00+00:00,375.22,376.01,375.22,375.59,457.2,171831.873
1602443700000,2020-10-11T19:15:00+00:00,375.59,375.91,374.05,374.13,337.1,126487.365
1602444600000,2020-10-11T19:30:00+00:00,374.13,374.85,372.77,373.41,1680.1,627388.062
1602445500000,2020-10-11T19:45:00+00:00,373.41,373.98,372.66,373.25,774.6,289178.38
1602446400000,2020-10-11T20:00:00+00:00,373.25,374.04,373.19,373.5,490.1,183155.378
1602447300000,2020-10-11T20:15:00+00:00,373.5,374.47,373.5,373.9,394.9,147659.663
1602448200000,2020-10-11T20:30:00+00:00,373.9,374.18,373.61,373.98,369.8,138274.881
1602449100000,2020-10-11T20:45:00+00:00,373.98,374.5,373.22,373.22,368.5,137862.446
1602450000000,2020-10-11T21:00:00+00:00,373.22,373.62,372.02,372.96,1785.1,664479.367
1602450900000,2020-10-11T21:15:00+00:00,372.96,373.72,372.89,373.42,164.7,61483.1
1602451800000,2020-10-11T21:30:00+00:00,373.42,374,373.41,373.79,298.1,111420.545
1602452700000,2020-10-11T21:45:00+00:00,373.79,373.93,372.89,373.19,770.7,287543.853
1602453600000,2020-10-11T22:00:00+00:00,373.19,373.73,371.45,372.33,1716.5,638442.249
1602454500000,2020-10-11T22:15:00+00:00,372.33,373.59,372.04,373.44,407.7,152089.808
1602455400000,2020-10-11T22:30:00+00:00,373.44,373.57,372.52,373.06,462.9,172709.022
1602456300000,2020-10-11T22:45:00+00:00,373.06,373.63,373.06,373.53,489.5,182806.834
1602457200000,2020-10-11T23:00:00+00:00,373.53,373.79,373.19,373.63,294.2,109901.615
1602458100000,2020-10-11T23:15:00+00:00,373.63,373.82,373.08,373.68,240.5,89810.386
1602459000000,2020-10-11T23:30:00+00:00,373.68,374.66,373.41,374.52,939.2,351309.158
1602459900000,2020-10-11T23:45:00+00:00,374.52,375.11,374.32,374.39,826.4,309749.101
1602460800000,2020-10-12T00:00:00+00:00,374.39,374.56,373.62,373.67,572.1,213909.443
1602461700000,2020-10-12T00:15:00+00:00,373.67,373.71,372.79,372.99,824.6,307630.009
1602462600000,2020-10-12T00:30:00+00:00,372.99,373.8,372.75,373.56,1050.7,392218.718
1602463500000,2020-10-12T00:45:00+00:00,373.56,374,373.32,374,761,284416.357
1602464400000,2020-10-12T01:00:00+00:00,374,374.1,373.69,373.72,284.9,106504.588
1602465300000,2020-10-12T01:15:00+00:00,373.72,374.08,373.25,374.08,862.8,322365.242
1602466200000,2020-10-12T01:30:00+00:00,374.08,374.99,374.08,374.68,950.6,356112.291
1602467100000,2020-10-12T01:45:00+00:00,374.68,374.91,374.38,374.7,588.4,220453.47
1602468000000,2020-10-12T02:00:00+00:00,374.7,374.7,373.5,373.75,1055.5,394795.051
1602468900000,2020-10-12T02:15:00+00:00,373.75,373.89,373.26,373.78,852.2,318389.799
1602469800000,2020-10-12T02:30:00+00:00,373.78,374.4,373.57,374.26,738.1,276147.624
1602470700000,2020-10-12T02:45:00+00:00,374.26,374.96,374.22,374.7,1090.3,408443.305
1602471600000,2020-10-12T03:00:00+00:00,374.7,374.98,374.12,374.3,1556.8,583327.15
1602472500000,2020-10-12T03:15:00+00:00,374.3,374.56,374.03,374.13,530.5,198618.735
1602473400000,2020-10-12T03:30:00+00:00,374.13,375.72,374.13,374.33,1173.4,440148.955
1602474300000,2020-10-12T03:45:00+00:00,374.33,374.89,374.14,374.2,1073.3,401831.695
1602475200000,2020-10-12T04:00:00+00:00,374.2,374.2,373.5,373.9,1501.8,561380.958
1602476100000,2020-10-12T04:15:00+00:00,373.9,374.16,373.38,373.93,717.6,268189.71
1602477000000,2020-10-12T04:30:00+00:00,373.93,374.17,373.79,374.06,1336.1,499753.543
1602477900000,2020-10-12T04:45:00+00:00,374.06,374.28,373.79,374.14,429.2,160560.322
1602478800000,2020-10-12T05:00:00+00:00,374.14,374.91,373.46,374.81,809.1,302826.289
1602479700000,2020-10-12T05:15:00+00:00,374.81,375.46,374.81,375,1654.6,620796.339
1602480600000,2020-10-12T05:30:00+00:00,375,375.28,374.24,374.57,996.8,373642.871
1602481500000,2020-10-12T05:45:00+00:00,374.57,374.87,374.17,374.83,544.5,203855.08
1602482400000,2020-10-12T06:00:00+00:00,374.83,374.98,373.83,374,547.8,205066.587
1602483300000,2020-10-12T06:15:00+00:00,374,374,373.15,373.26,1317.6,492215.712
1602484200000,2020-10-12T06:30:00+00:00,373.26,373.32,372.56,373.22,2258.3,842536.522
1602485100000,2020-10-12T06:45:00+00:00,373.22,373.46,371.78,372.2,2969.9,1106945.561
1602486000000,2020-10-12T07:00:00+00:00,372.2,372.49,370.51,372.43,5203.3,1932535.773
1602486900000,2020-10-12T07:15:00+00:00,372.43,373.72,372.17,373.64,1381.9,515851.189
1602487800000,2020-10-12T07:30:00+00:00,373.64,374.81,373.54,374.38,2850.1,1066866.247
1602488700000,2020-10-12T07:45:00+00:00,374.38,374.79,374.1,374.28,1719.5,643723.401
1602489600000,2020-10-12T08:00:00+00:00,374.28,374.59,373.72,373.89,1451.9,542932.399
1602490500000,2020-10-12T08:15:00+00:00,373.89,375.17,373.8,375.09,1080.2,404704.358
1602491400000,2020-10-12T08:30:00+00:00,375.09,375.49,374.37,374.61,1021,382786.24
1602492300000,2020-10-12T08:45:00+00:00,374.61,374.7,373.67,373.8,868.4,325001.468
1602493200000,2020-10-12T09:00:00+00:00,373.8,374.36,373.4,373.95,596.6,223104.273
1602494100000,2020-10-12T09:15:00+00:00,373.95,374.12,373.48,373.84,764.2,285626.176
1602495000000,2020-10-12T09:30:00+00:00,373.84,373.84,372.53,372.75,2013.3,751274.719
1602495900000,2020-10-12T09:45:00+00:00,372.75,373.23,371.5,373.2,3027.8,1127129.413
1602496800000,2020-10-12T10:00:00+00:00,373.2,373.39,372.87,373.21,1091.1,407106.329
1602497700000,2020-10-12T10:15:00+00:00,373.21,373.34,371.34,371.35,2268.3,843994.835
1602498600000,2020-10-12T10:30:00+00:00,371.35,371.68,365.53,367.24,15688.3,5777452.824
1602499500000,2020-10-12T10:45:00+00:00,367.24,367.84,365.71,367.57,10112.2,3710701.499
1602500400000,2020-10-12T11:00:00+00:00,367.57,367.93,366.26,366.78,6507.8,2389700.759
1602501300000,2020-10-12T11:15:00+00:00,366.78,367.62,365.63,367.28,10103.1,3709505.437
1602502200000,2020-10-12T11:30:00+00:00,367.28,367.89,366.76,367.35,2577.6,946559.754
1602503100000,2020-10-12T11:45:00+00:00,367.35,367.37,366.42,366.42,1690.2,620153.29
1602504000000,2020-10-12T12:00:00+00:00,366.42,367.76,366.12,367.32,2425.3,890289.237
1602504900000,2020-10-12T12:15:00+00:00,367.32,367.7,366.9,367.14,1271.3,466959.002
1602505800000,2020-10-12T12:30:00+00:00,367.14,368.61,367.09,368.07,3247.7,1194711.29
1602506700000,2020-10-12T12:45:00+00:00,368.07,369.3,367.95,368.95,9583.1,3534379.263
1602507600000,2020-10-12T13:00:00+00:00,368.95,369.13,368.2,368.78,2893.6,1066358.423
1602508500000,2020-10-12T13:15:00+00:00,368.78,369.21,368.26,368.71,1232.7,454621.103
1602509400000,2020-10-12T13:30:00+00:00,368.71,381.5,368.27,380.26,35734.8,13444039.293
1602510300000,2020-10-12T13:45:00+00:00,380.26,385.83,380.26,383.99,26946.3,10334235.603
1602511200000,2020-10-12T14:00:00+00:00,383.99,384.9,382.3,383.69,9653.7,3702559.303
1602512100000,2020-10-12T14:15:00+00:00,383.69,384.5,383.35,383.69,7177.5,2754504.795
1602513000000,2020-10-12T14:30:00+00:00,383.69,384.26,382.43,383.04,3942.8,1509849.519
1602513900000,2020-10-12T14:45:00+00:00,383.04,383.56,382.75,383.19,7758.9,2971825.603
1602514800000,2020-10-12T15:00:00+00:00,383.19,384.82,383.19,383.66,8712.8,3347247.348
1602515700000,2020-10-12T15:15:00+00:00,383.66,387.37,383.59,386.2,7349.5,2828822.25
1602516600000,2020-10-12T15:30:00+00:00,386.2,387.63,384.64,386.35,11912.8,4597058.603
1602517500000,2020-10-12T15:45:00+00:00,386.35,386.41,384.43,385.74,5376,2071993.591
1602518400000,2020-10-12T16:00:00+00:00,385.74,388.2,385.11,388.2,10189,3937778.663
1602519300000,2020-10-12T16:15:00+00:00,388.2,388.43,386.68,387.71,2451.9,949976.694
1602520200000,2020-10-12T16:30:00+00:00,387.71,387.96,386.87,387.89,5305.4,2055028.479
1602521100000,2020-10-12T16:45:00+00:00,387.89,387.98,387,387.13,3969.1,1537032.314
1602522000000,2020-10-12T17:00:00+00:00,387.13,388.4,387.12,387.7,4464.9,1731773.206
1602522900000,2020-10-12T17:15:00+00:00,387.7,387.7,385.66,386.1,10165.8,3931717.216
1602523800000,2020-10-12T17:30:00+00:00,386.1,387.42,386.1,387.28,2684.8,1038501.894
1602524700000,2020-10-12T17:45:00+00:00,387.28,388.08,387.2,388.08,4062.5,1574224.914
1602525600000,2020-10-12T18:00:00+00:00,388.08,389.29,387.97,388.32,2677.3,1040576.007
1602526500000,2020-10-12T18:15:00+00:00,388.32,388.63,387.56,388.63,6434.7,2497171.482
1602527400000,2020-10-12T18:30:00+00:00,388.63,389.28,388.38,388.74,3002.6,1167248.307
1602528300000,2020-10-12T18:45:00+00:00,388.74,389.01,388.3,388.44,4950.6,1923829.118
1602529200000,2020-10-12T19:00:00+00:00,388.44,389.65,387.94,389.57,6349.3,2468190.021
1602530100000,2020-10-12T19:15:00+00:00,389.57,389.79,388.67,389.11,5480.1,2132215.593
1602531000000,2020-10-12T19:30:00+00:00,389.11,389.26,387.95,388.43,1646.6,640033.764
1602531900000,2020-10-12T19:45:00+00:00,388.43,388.72,387.13,388.24,7842.7,3041463.908
1602532800000,2020-10-12T20:00:00+00:00,388.24,388.65,387.42,388.08,1821.4,706581.213
1602533700000,2020-10-12T20:15:00+00:00,388.08,388.68,387.76,388.03,2231.5,866205.794
1602534600000,2020-10-12T20:30:00+00:00,388.03,388.64,387.7,388.57,2270.4,881128.306
1602535500000,2020-10-12T20:45:00+00:00,388.57,388.71,387.44,387.66,1013.3,393048.3
1602536400000,2020-10-12T21:00:00+00:00,387.66,388.71,387.54,388.64,273.7,106293.366
1602537300000,2020-10-12T21:15:00+00:00,388.64,389.65,388.23,389.15,436,169619.746
1602538200000,2020-10-12T21:30:00+00:00,389.15,393.52,389.12,391.38,4926.9,1930212.341
1602539100000,2020-10-12T21:45:00+00:00,391.38,392.95,391.37,392.82,2233.6,875840.48
1602540000000,2020-10-12T22:00:00+00:00,392.82,394.77,392.63,394.27,4950.4,1947650.324
1602540900000,2020-10-12T22:15:00+00:00,394.27,395.22,393.51,393.94,4192.4,1654480.328
1602541800000,2020-10-12T22:30:00+00:00,393.94,394.58,392.8,393.09,3728.7,1466955.406
1602542700000,2020-10-12T22:45:00+00:00,393.09,393.33,391.36,392.96,3140.8,1233378.653
1602543600000,2020-10-12T23:00:00+00:00,392.96,393.31,386.41,389.05,8683.3,3382797.245
1602544500000,2020-10-12T23:15:00+00:00,389.05,389.96,388.03,388.2,1326.2,515895.947
1602545400000,2020-10-12T23:30:00+00:00,388.2,388.21,384.85,387.6,2224.2,860206.829
1602546300000,2020-10-12T23:45:00+00:00,387.6,388.22,386.49,386.7,1110.7,430433.758
1602547200000,2020-10-13T00:00:00+00:00,386.7,388,385.23,386.61,2391.4,924342.904
1602548100000,2020-10-13T00:15:00+00:00,386.61,387.74,386.19,386.86,794.1,307341.763
1602549000000,2020-10-13T00:30:00+00:00,386.86,387.25,383.61,384.75,2971,1144616.728
1602549900000,2020-10-13T00:45:00+00:00,384.75,386.64,384.59,386.47,2466.8,952025.885
1602550800000,2020-10-13T01:00:00+00:00,386.47,386.47,384.03,384.4,3771,1453833.829
1602551700000,2020-10-13T01:15:00+00:00,384.4,385.42,383.16,385.41,2376.1,913266.818
1602552600000,2020-10-13T01:30:00+00:00,385.41,385.41,384.39,385.28,1279.7,492589.021
1602553500000,2020-10-13T01:45:00+00:00,385.28,386.05,384.93,386.05,1500.9,578640.96
1602554400000,2020-10-13T02:00:00+00:00,386.05,386.05,383.64,384.3,3298.3,1269546.711
1602555300000,2020-10-13T02:15:00+00:00,384.3,384.42,382.59,383.27,3684.6,1413482.618
1602556200000,2020-10-13T02:30:00+00:00,383.27,385.39,383,385.22,1877.1,721487.155
1602557100000,2020-10-13T02:45:00+00:00,385.22,385.26,384.07,384.54,645.2,248152.545
1602558000000,2020-10-13T03:00:00+00:00,384.54,384.93,381.6,384.69,8015.5,3070385.377
1602558900000,2020-10-13T03:15:00+00:00,384.69,385.14,384.31,384.58,1705.6,656274.854
1602559800000,2020-10-13T03:30:00+00:00,384.58,385.3,383.94,384.2,2202.3,847039.424
1602560700000,2020-10-13T03:45:00+00:00,384.2,384.21,382.8,383.24,2185.3,838393.519
1602561600000,2020-10-13T04:00:00+00:00,383.24,385.38,382.75,384.83,2406.7,925780.437
1602562500000,2020-10-13T04:15:00+00:00,384.83,384.84,383.68,383.78,1364.5,524089.579
1602563400000,2020-10-13T04:30:00+00:00,383.78,384.28,383.32,383.79,1575.5,604788.882
1602564300000,2020-10-13T04:45:00+00:00,383.79,384.88,383.65,384.38,1154.6,443790.226
1602565200000,2020-10-13T05:00:00+00:00,384.38,384.99,384.15,384.48,572.1,220046.468
1602566100000,2020-10-13T05:15:00+00:00,384.48,386.2,384.46,386.13,2309.6,890612.141
1602567000000,2020-10-13T05:30:00+00:00,386.13,386.13,385.29,385.6,3084.2,1189600.026
1602567900000,2020-10-13T05:45:00+00:00,385.6,386,384.89,385.06,1232.4,475166.447
1602568800000,2020-10-13T06:00:00+00:00,385.06,385.1,383.76,383.97,2018.4,775717.282
1602569700000,2020-10-13T06:15:00+00:00,383.97,384.05,382.85,384.01,3516,1348113.315
1602570600000,2020-10-13T06:30:00+00:00,384.01,384.35,383,383.47,1825,700381.805
1602571500000,2020-10-13T06:45:00+00:00,383.47,383.91,383.29,383.69,632.8,242730.658
1602572400000,2020-10-13T07:00:00+00:00,383.69,383.69,381.73,383.61,3800.5,1453470.627
1602573300000,2020-10-13T07:15:00+00:00,383.61,383.61,380.62,382.26,7015.2,2679553.138
1602574200000,2020-10-13T07:30:00+00:00,382.26,383.14,381.85,383.01,2946.1,1127308.559
1602575100000,2020-10-13T07:45:00+00:00,383.01,383.3,382.58,383.09,1019.9,390624.962
1602576000000,2020-10-13T08:00:00+00:00,383.09,383.95,382.75,383.64,3414.8,1309398.064
1602576900000,2020-10-13T08:15:00+00:00,383.64,383.78,382.79,383.61,2240.5,858884.87
1602577800000,2020-10-13T08:30:00+00:00,383.61,384.59,383.51,384.12,1360.4,522552.813
1602578700000,2020-10-13T08:45:00+00:00,384.12,384.61,383.65,384.58,956,367274.106
1602579600000,2020-10-13T09:00:00+00:00,384.58,384.7,383.8,384.1,761.2,292469.25
1602580500000,2020-10-13T09:15:00+00:00,384.1,384.35,383.42,384.33,2220.7,852065.773
1602581400000,2020-10-13T09:30:00+00:00,384.33,384.59,383.24,383.53,794.2,304876.173
1602582300000,2020-10-13T09:45:00+00:00,383.53,383.71,382.67,383.51,1842.9,706206.31
1602583200000,2020-10-13T10:00:00+00:00,383.51,383.53,378.68,380.55,10872.2,4136346.229
1602584100000,2020-10-13T10:15:00+00:00,380.55,385.3,380.12,385.23,8581.5,3288034.786
1602585000000,2020-10-13T10:30:00+00:00,385.23,387.41,385.2,386.28,9319.4,3600494.606
1602585900000,2020-10-13T10:45:00+00:00,386.28,386.29,384.62,384.73,4658.1,1793697.521
1602586800000,2020-10-13T11:00:00+00:00,384.73,385.95,384.13,384.75,4145.2,1596080.69
1602587700000,2020-10-13T11:15:00+00:00,384.75,385.37,384.35,384.79,9710.8,3739519.347
1602588600000,2020-10-13T11:30:00+00:00,384.79,385.68,384.59,384.84,1633,628975.786
1602589500000,2020-10-13T11:45:00+00:00,384.84,385.13,383.87,384.54,1420.8,546395.964
1602590400000,2020-10-13T12:00:00+00:00,384.54,384.73,383.81,384.73,1063.3,408506.422
1602591300000,2020-10-13T12:15:00+00:00,384.73,385.43,384.41,384.6,576.5,222043.07
1602592200000,2020-10-13T12:30:00+00:00,384.6,384.96,384.1,384.75,597.4,229758.455
1602593100000,2020-10-13T12:45:00+00:00,384.75,384.75,382.53,383.01,3134.1,1201235.994
1602594000000,2020-10-13T13:00:00+00:00,383.01,383.01,380.96,380.97,7778.1,2969140.561
1602594900000,2020-10-13T13:15:00+00:00,380.97,382.76,380.59,381.77,3247.5,1240081.929
1602595800000,2020-10-13T13:30:00+00:00,381.77,381.78,378.14,378.94,14167,5375092.009
1602596700000,2020-10-13T13:45:00+00:00,378.94,379.75,375.65,377.78,13631.8,5147317.773
1602597600000,2020-10-13T14:00:00+00:00,377.78,378.95,374.35,375.43,8889.8,3350096.416
1602598500000,2020-10-13T14:15:00+00:00,375.43,378.43,374.55,378.1,6112.6,2304210.334
1602599400000,2020-10-13T14:30:00+00:00,378.1,379.57,377.36,378.54,4536.6,1717799.959
1602600300000,2020-10-13T14:45:00+00:00,378.54,379.69,377.8,379.62,2456.7,929940.936
1602601200000,2020-10-13T15:00:00+00:00,379.62,380.31,378.8,380.15,1915.8,726766.288
1602602100000,2020-10-13T15:15:00+00:00,380.15,380.93,379.14,379.49,2983.8,1134615.166
1602603000000,2020-10-13T15:30:00+00:00,379.49,380.14,379.29,379.57,1772.4,673072.838
1602603900000,2020-10-13T15:45:00+00:00,379.57,379.83,378.65,379.22,1416,536720.052
1602604800000,2020-10-13T16:00:00+00:00,379.22,379.3,377.45,378.39,2718.3,1029487.542
1602605700000,2020-10-13T16:15:00+00:00,378.39,380.29,378.31,380.12,2310.7,876382.116
1602606600000,2020-10-13T16:30:00+00:00,380.12,380.59,379.09,379.24,1466.5,557055.476
1602607500000,2020-10-13T16:45:00+00:00,379.24,380.26,378.71,380.17,926.6,351627.626
1602608400000,2020-10-13T17:00:00+00:00,380.17,380.29,378.45,378.74,657.9,249478.567
1602609300000,2020-10-13T17:15:00+00:00,378.74,379.72,378.44,378.74,153.9,58340.677
1602610200000,2020-10-13T17:30:00+00:00,378.74,378.78,376.96,377.15,540.6,204239.989
1602611100000,2020-10-13T17:45:00+00:00,377.15,377.97,376.14,376.42,2262.9,852420.465
1602612000000,2020-10-13T18:00:00+00:00,376.42,378.53,375.97,378.19,1280.7,482870.023
1602612900000,2020-10-13T18:15:00+00:00,378.19,379.39,377.48,378.7,1826.3,691755.608
1602613800000,2020-10-13T18:30:00+00:00,378.7,378.96,377.69,378.13,292.8,110751.253
1602614700000,2020-10-13T18:45:00+00:00,378.13,378.58,377.02,377.75,260.2,98239.361
1602615600000,2020-10-13T19:00:00+00:00,377.75,379.35,377.09,379.25,846.5,319791.41
1602616500000,2020-10-13T19:15:00+00:00,379.25,379.9,379.02,379.68,411.1,156001.966
1602617400000,2020-10-13T19:30:00+00:00,379.68,379.99,378.71,378.9,613.9,232707.109
1602618300000,2020-10-13T19:45:00+00:00,378.9,379.18,378.14,378.14,201.6,76349.813
1602619200000,2020-10-13T20:00:00+00:00,378.14,379.04,378.01,379.03,497.4,188399.24
1602620100000,2020-10-13T20:15:00+00:00,379.03,379.54,378.89,379.14,369.6,140194.977
1602621000000,2020-10-13T20:30:00+00:00,379.14,379.2,378.24,378.97,176.9,66988.641
1602621900000,2020-10-13T20:45:00+00:00,378.97,380.19,378.96,380.06,628.1,238562.262
1602622800000,2020-10-13T21:00:00+00:00,380.06,380.81,379.69,379.74,261.5,99453.191
1602623700000,2020-10-13T21:15:00+00:00,379.74,380.74,379.55,380.56,149.4,56806.198
1602624600000,2020-10-13T21:30:00+00:00,380.56,380.85,379.75,380.85,230.1,87469.809
1602625500000,2020-10-13T21:45:00+00:00,380.85,383.09,380.85,382.77,2756.9,1054365.48
1602626400000,2020-10-13T22:00:00+00:00,382.77,382.97,381.02,382.25,496.4,189798.433
1602627300000,2020-10-13T22:15:00+00:00,382.25,382.45,381.19,381.33,286.9,109478.92
1602628200000,2020-10-13T22:30:00+00:00,381.33,381.5,380.83,381.3,965.5,367931.553
1602629100000,2020-10-13T22:45:00+00:00,381.3,381.91,380.88,381.07,305.9,116610.793
1602630000000,2020-10-13T23:00:00+00:00,381.07,382.21,380.83,381.81,495.8,189231.981
1602630900000,2020-10-13T23:15:00+00:00,381.81,382.39,381.1,381.17,437.4,167071.427
1602631800000,2020-10-13T23:30:00+00:00,381.17,381.43,380.52,381.25,756.1,288080.48
1602632700000,2020-10-13T23:45:00+00:00,381.25,381.4,380.61,381.09,528.4,201273.667
1602633600000,2020-10-14T00:00:00+00:00,381.09,381.96,379.87,381.76,1064.8,405530.54
1602634500000,2020-10-14T00:15:00+00:00,381.76,383.54,381.54,383.23,2434.6,932178.932
1602635400000,2020-10-14T00:30:00+00:00,383.23,384.72,383.15,384.42,3065,1176526.76
1602636300000,2020-10-14T00:45:00+00:00,384.42,385.1,383.99,384.54,6750.3,2596514.081
1602637200000,2020-10-14T01:00:00+00:00,384.54,384.89,383.77,383.96,2379.9,913893.324
1602638100000,2020-10-14T01:15:00+00:00,383.96,384.16,382.75,382.92,5453.2,2089774.546
1602639000000,2020-10-14T01:30:00+00:00,382.92,383.48,382.72,383.42,1677.1,642537.388
1602639900000,2020-10-14T01:45:00+00:00,383.42,383.76,383,383.69,1420.8,544836.454
1602640800000,2020-10-14T02:00:00+00:00,383.69,384.1,382.13,382.37,4642.1,1776171.3
1602641700000,2020-10-14T02:15:00+00:00,382.37,382.91,382.28,382.46,749.9,286839.425
1602642600000,2020-10-14T02:30:00+00:00,382.46,382.94,382.02,382.34,1148.9,439273.043
1602643500000,2020-10-14T02:45:00+00:00,382.34,382.59,381.8,382.18,681.6,260425.108
1602644400000,2020-10-14T03:00:00+00:00,382.18,382.9,382.17,382.67,433.3,165792.397
1602645300000,2020-10-14T03:15:00+00:00,382.67,382.97,382.11,382.11,534,204306.614
1602646200000,2020-10-14T03:30:00+00:00,382.11,383.25,382.11,382.83,976.5,373947.794
1602647100000,2020-10-14T03:45:00+00:00,382.83,383.58,381.29,381.42,1485.8,567712.184
1602648000000,2020-10-14T04:00:00+00:00,381.42,381.58,380.1,381,5250.4,1999745.765
1602648900000,2020-10-14T04:15:00+00:00,381,382.41,380.72,382.29,3614.3,1378533.788
1602649800000,2020-10-14T04:30:00+00:00,382.29,383.04,382.03,382.04,2822.2,1080042.24
1602650700000,2020-10-14T04:45:00+00:00,382.04,382.48,381.68,382.1,1422.8,543697.589
1602651600000,2020-10-14T05:00:00+00:00,382.1,382.28,381.02,381.69,2316.7,884007.486
1602652500000,2020-10-14T05:15:00+00:00,381.69,382.45,381.67,382.14,1389.3,530888.133
1602653400000,2020-10-14T05:30:00+00:00,382.14,382.32,381.29,381.76,816,311481.599
1602654300000,2020-10-14T05:45:00+00:00,381.76,382.87,381.7,382.5,1973.1,755028.077
1602655200000,2020-10-14T06:00:00+00:00,382.5,382.78,381.51,381.68,777.6,297095.083
1602656100000,2020-10-14T06:15:00+00:00,381.68,382,381.09,381.8,1741.2,664341.811
1602657000000,2020-10-14T06:30:00+00:00,381.8,382.25,381.15,382.07,568.6,217031.662
1602657900000,2020-10-14T06:45:00+00:00,382.07,383.3,382.04,382.95,2483.3,950735.56
1602658800000,2020-10-14T07:00:00+00:00,382.95,383.4,381.84,381.93,1266.9,484563.808
1602659700000,2020-10-14T07:15:00+00:00,381.93,381.93,381.14,381.32,1215.6,463588.464
1602660600000,2020-10-14T07:30:00+00:00,381.32,382.14,381.12,381.7,530,202242.665
1602661500000,2020-10-14T07:45:00+00:00,381.7,382.45,381.7,382.42,552.2,211071.329
1602662400000,2020-10-14T08:00:00+00:00,382.42,383.11,382.08,382.1,3256.3,1246220.186
1602663300000,2020-10-14T08:15:00+00:00,382.1,382.38,381.62,382.33,1331.9,508701.725
1602664200000,2020-10-14T08:30:00+00:00,382.33,383.09,382.32,382.73,1061.3,406242.005
1602665100000,2020-10-14T08:45:00+00:00,382.73,383.25,382.54,382.72,1218,466429.292
1602666000000,2020-10-14T09:00:00+00:00,382.72,383.25,382.03,382.28,908.1,347483.632
1602666900000,2020-10-14T09:15:00+00:00,382.28,382.99,382.26,382.43,492.9,188623.18
1602667800000,2020-10-14T09:30:00+00:00,382.43,382.61,381.35,381.52,2332.6,890996.714
1602668700000,2020-10-14T09:45:00+00:00,381.52,381.75,381.11,381.55,2788.8,1063761.139
1602669600000,2020-10-14T10:00:00+00:00,381.55,381.92,378.94,379.01,3925.9,1494437.818
1602670500000,2020-10-14T10:15:00+00:00,379.01,380.81,379.01,380.73,3787.4,1439661.575
1602671400000,2020-10-14T10:30:00+00:00,380.73,380.8,377.73,378.57,5994.2,2272227.901
1602672300000,2020-10-14T10:45:00+00:00,378.57,379.74,378.54,379.36,3253.7,1233310.568
1602673200000,2020-10-14T11:00:00+00:00,379.36,380.36,378.91,380.11,1634.4,620865.716
1602674100000,2020-10-14T11:15:00+00:00,380.11,381.03,379.8,380.91,2623.1,998247.344
1602675000000,2020-10-14T11:30:00+00:00,380.91,381.13,380.09,380.49,1969.4,749773.029
1602675900000,2020-10-14T11:45:00+00:00,380.49,380.62,378.96,378.96,2719,1032509.963
1602676800000,2020-10-14T12:00:00+00:00,378.96,380.58,378.37,379.76,5005,1899939.401
1602677700000,2020-10-14T12:15:00+00:00,379.76,380.93,379.74,380.47,1714.4,652626.991
1602678600000,2020-10-14T12:30:00+00:00,380.47,381.15,380.47,381.04,1677.9,639183.599
1602679500000,2020-10-14T12:45:00+00:00,381.04,381.94,380.61,381.63,2157.1,822580.853
1602680400000,2020-10-14T13:00:00+00:00,381.63,382.29,381.03,382.29,1174,448146.824
1602681300000,2020-10-14T13:15:00+00:00,382.29,382.38,381.35,381.39,1209.8,461819.783
1602682200000,2020-10-14T13:30:00+00:00,381.39,385.7,381.12,385.03,6543.1,2512211.21
1602683100000,2020-10-14T13:45:00+00:00,385.03,387.46,385.03,386.55,14966.5,5782720.378
1602684000000,2020-10-14T14:00:00+00:00,386.55,387.59,385.74,386.29,7961.5,3078188.974
1602684900000,2020-10-14T14:15:00+00:00,386.29,386.32,379.7,380.38,9161,3508872.97
1602685800000,2020-10-14T14:30:00+00:00,380.38,381.42,378.58,380.35,11026.3,4193019.943
1602686700000,2020-10-14T14:45:00+00:00,380.35,381.58,380.12,380.88,3786.1,1441195.241
1602687600000,2020-10-14T15:00:00+00:00,380.88,381.32,380.21,381.11,776.5,295783.183
1602688500000,2020-10-14T15:15:00+00:00,381.11,381.16,379.99,380.34,1874.3,713029.487
1602689400000,2020-10-14T15:30:00+00:00,380.34,380.66,379.61,379.8,826.1,314150.398
1602690300000,2020-10-14T15:45:00+00:00,379.8,379.81,375.05,375.79,9330.6,3517281.157
1602691200000,2020-10-14T16:00:00+00:00,375.79,377.61,373.23,376.61,10095.4,3790156.409
1602692100000,2020-10-14T16:15:00+00:00,376.61,377.22,375.61,376.55,1484,558460.239
1602693000000,2020-10-14T16:30:00+00:00,376.55,376.86,375.26,376.5,2240.1,842433.202
1602693900000,2020-10-14T16:45:00+00:00,376.5,376.5,375.29,375.79,1634.1,614006.771
1602694800000,2020-10-14T17:00:00+00:00,375.79,375.79,373.6,373.85,2842.4,1064013.487
1602695700000,2020-10-14T17:15:00+00:00,373.85,375.53,373.61,375.26,1679.1,629618.039
1602696600000,2020-10-14T17:30:00+00:00,375.26,375.49,374.17,374.52,419.1,157036.347
1602697500000,2020-10-14T17:45:00+00:00,374.52,375.36,374.41,374.6,707,265194.223
1602698400000,2020-10-14T18:00:00+00:00,374.6,376.08,373.81,375.94,1654.4,619362.633
1602699300000,2020-10-14T18:15:00+00:00,375.94,376.12,374.82,374.88,489.1,183682.978
1602700200000,2020-10-14T18:30:00+00:00,374.88,374.89,373.34,374.34,1681.8,628815.905
1602701100000,2020-10-14T18:45:00+00:00,374.34,376.35,373.88,375.88,2207.6,828926.691
1602702000000,2020-10-14T19:00:00+00:00,375.88,376.84,375.69,376.34,1499.6,564298.215
1602702900000,2020-10-14T19:15:00+00:00,376.34,376.7,375.88,376.17,494.1,185892.425
1602703800000,2020-10-14T19:30:00+00:00,376.17,376.62,375.54,375.9,241.8,90921.075
1602704700000,2020-10-14T19:45:00+00:00,375.9,375.9,374.88,375.04,244.2,91684.595
1602705600000,2020-10-14T20:00:00+00:00,375.04,375.7,374.72,375.49,335.6,125962.876
1602706500000,2020-10-14T20:15:00+00:00,375.49,375.82,375.21,375.63,243.6,91492.167
1602707400000,2020-10-14T20:30:00+00:00,375.63,375.9,374.8,375.79,792.7,297683.931
1602708300000,2020-10-14T20:45:00+00:00,375.79,376.78,375.79,376.59,378.4,142465.884
1602709200000,2020-10-14T21:00:00+00:00,376.59,377.36,376.2,377.36,776,292603.655
1602710100000,2020-10-14T21:15:00+00:00,377.36,377.98,376.87,376.95,1299.8,490912.179
1602711000000,2020-10-14T21:30:00+00:00,376.95,377.02,376.64,376.64,421.2,158698.055
1602711900000,2020-10-14T21:45:00+00:00,376.64,376.66,375.36,375.52,991.1,372917.707
1602712800000,2020-10-14T22:00:00+00:00,375.52,377.12,375.52,376.91,368.4,138663.416
1602713700000,2020-10-14T22:15:00+00:00,376.91,377.48,376.52,376.73,553.3,208482.239
1602714600000,2020-10-14T22:30:00+00:00,376.73,376.88,375.88,376.17,290.1,109196.222
1602715500000,2020-10-14T22:45:00+00:00,376.17,377.65,376,377.31,704.9,265674.019
1602716400000,2020-10-14T23:00:00+00:00,377.31,378.43,377.14,377.85,1073.6,405821.811
1602717300000,2020-10-14T23:15:00+00:00,377.85,378.2,377.15,377.91,573.2,216500.528
1602718200000,2020-10-14T23:30:00+00:00,377.91,379.63,377.63,379.15,1682.7,637296.277
1602719100000,2020-10-14T23:45:00+00:00,379.15,379.71,378.5,378.75,3290.3,1247523.463
1602720000000,2020-10-15T00:00:00+00:00,378.75,379.06,378.21,379.02,882.3,333984.564
1602720900000,2020-10-15T00:15:00+00:00,379.02,379.18,378.18,378.18,508.7,192644.579
1602721800000,2020-10-15T00:30:00+00:00,378.18,378.5,377.6,377.83,2431.2,918520.566
1602722700000,2020-10-15T00:45:00+00:00,377.83,378.02,377.11,377.78,891.2,336550.308
1602723600000,2020-10-15T01:00:00+00:00,377.78,378.82,376.51,378.77,1783.7,674056.118
1602724500000,2020-10-15T01:15:00+00:00,378.77,379.23,377.27,377.47,1567.4,593116.505
1602725400000,2020-10-15T01:30:00+00:00,377.47,377.62,376.6,377.26,1383.3,521711.602
1602726300000,2020-10-15T01:45:00+00:00,377.26,377.71,376.81,377.57,922.5,347900.887
1602727200000,2020-10-15T02:00:00+00:00,377.57,377.91,377.02,377.44,1032.2,389552.118
1602728100000,2020-10-15T02:15:00+00:00,377.44,377.56,376.84,377.01,492.4,185665.277
1602729000000,2020-10-15T02:30:00+00:00,377.01,377.6,376.25,377.43,1417.9,534372.434
1602729900000,2020-10-15T02:45:00+00:00,377.43,377.9,375.54,375.8,1595.4,600400.596
1602730800000,2020-10-15T03:00:00+00:00,375.8,376.44,375.57,376.44,1456.4,547511.905
1602731700000,2020-10-15T03:15:00+00:00,376.44,376.84,376.32,376.56,1010.9,380716.32
1602732600000,2020-10-15T03:30:00+00:00,376.56,377.05,376.2,376.64,960,361717.731
1602733500000,2020-10-15T03:45:00+00:00,376.64,376.8,376.35,376.75,248,93401.489
1602734400000,2020-10-15T04:00:00+00:00,376.75,377.1,375.57,375.81,1868.1,703485.317
1602735300000,2020-10-15T04:15:00+00:00,375.81,376.96,375.39,376.9,1194.4,449221.487
1602736200000,2020-10-15T04:30:00+00:00,376.9,377.82,376.89,377.5,2161.9,816023.46
1602737100000,2020-10-15T04:45:00+00:00,377.5,377.81,377.05,377.05,885,334092.491
1602738000000,2020-10-15T05:00:00+00:00,377.05,378.1,376.96,377.5,6378.1,2408244.716
1602738900000,2020-10-15T05:15:00+00:00,377.5,377.66,376.74,376.96,1156.3,435970.946
1602739800000,2020-10-15T05:30:00+00:00,376.96,377.94,376.69,377.94,865.5,326487.204
1602740700000,2020-10-15T05:45:00+00:00,377.94,379.9,377.76,378.86,3869.2,1465682.254
1602741600000,2020-10-15T06:00:00+00:00,378.86,378.86,377.3,377.69,2507.2,947440.524
1602742500000,2020-10-15T06:15:00+00:00,377.69,378.85,377.69,378.44,1486.1,562402.976
1602743400000,2020-10-15T06:30:00+00:00,378.44,381.26,378.44,380.04,10948.8,4165192.34
1602744300000,2020-10-15T06:45:00+00:00,380.04,380.18,378.79,379.03,3025.4,1147983.736
1602745200000,2020-10-15T07:00:00+00:00,379.03,379.86,378.37,378.62,1874.6,710637.845
1602746100000,2020-10-15T07:15:00+00:00,378.62,378.86,378.11,378.41,935.6,354027.084
1602747000000,2020-10-15T07:30:00+00:00,378.41,378.8,378.28,378.53,1149.2,435070.273
1602747900000,2020-10-15T07:45:00+00:00,378.53,379.19,378.53,378.9,994.8,377007.678
1602748800000,2020-10-15T08:00:00+00:00,378.9,379.63,377.61,378.01,2427.9,918356.943
1602749700000,2020-10-15T08:15:00+00:00,378.01,378.27,376.56,376.59,2382.1,898850.308
1602750600000,2020-10-15T08:30:00+00:00,376.59,376.85,375.69,376.18,6686.8,2516671.829
1602751500000,2020-10-15T08:45:00+00:00,376.18,376.74,374.62,375.09,4312.6,1620517.292
1602752400000,2020-10-15T09:00:00+00:00,375.09,375.3,373.6,373.93,8731.7,3268410.499
1602753300000,2020-10-15T09:15:00+00:00,373.93,374,371.29,372.93,13833.7,5157426.236
1602754200000,2020-10-15T09:30:00+00:00,372.93,373.6,370.95,371,6427.2,2389892.199
1602755100000,2020-10-15T09:45:00+00:00,371,373.29,370.23,372.32,5655.2,2104482.012
1602756000000,2020-10-15T10:00:00+00:00,372.32,373.65,372.02,372.91,1900.1,708890.061
1602756900000,2020-10-15T10:15:00+00:00,372.91,373.28,371.65,372.63,2734.6,1017994.688
1602757800000,2020-10-15T10:30:00+00:00,372.63,372.73,371.58,372.61,2214.1,824638.709
1602758700000,2020-10-15T10:45:00+00:00,372.61,373.59,372.44,373.43,2650.7,989057.336
1602759600000,2020-10-15T11:00:00+00:00,373.43,373.59,371.94,371.96,1109.6,413267.556
1602760500000,2020-10-15T11:15:00+00:00,371.96,373.54,371.89,373.25,1003.3,374118.866
1602761400000,2020-10-15T11:30:00+00:00,373.25,373.88,372.8,372.83,839.8,313562.277
1602762300000,2020-10-15T11:45:00+00:00,372.83,373.17,371.56,371.99,1309.2,487383.866
1602763200000,2020-10-15T12:00:00+00:00,371.99,372.28,370.55,370.95,3141,1165629.374
1602764100000,2020-10-15T12:15:00+00:00,370.95,375.41,369.5,374.89,8824.3,3291533.636
1602765000000,2020-10-15T12:30:00+00:00,374.89,377.6,374.22,375.86,14777.7,5555859.138
1602765900000,2020-10-15T12:45:00+00:00,375.86,376.53,374.65,375.34,5678.7,2132680.13
1602766800000,2020-10-15T13:00:00+00:00,375.34,376.28,374.41,374.59,3886.4,1459078.432
1602767700000,2020-10-15T13:15:00+00:00,374.59,374.78,374.05,374.05,2561.9,959468.071
1602768600000,2020-10-15T13:30:00+00:00,374.05,375.6,373.65,375.58,2215.5,830487.046
1602769500000,2020-10-15T13:45:00+00:00,375.58,377.6,375.1,377.02,5600.1,2108624.085
1602770400000,2020-10-15T14:00:00+00:00,377.02,377.03,375.46,375.61,4106.4,1545044.982
1602771300000,2020-10-15T14:15:00+00:00,375.61,376.57,375.08,375.11,2651.6,995567.195
1602772200000,2020-10-15T14:30:00+00:00,375.11,375.42,374.39,374.71,2973.8,1115035.176
1602773100000,2020-10-15T14:45:00+00:00,374.71,375.94,374.57,375.86,1725,647373.96
1602774000000,2020-10-15T15:00:00+00:00,375.86,376.59,374.73,376.45,2554.6,960100.598
1602774900000,2020-10-15T15:15:00+00:00,376.45,376.64,375.65,375.82,3147.9,1184463.118
1602775800000,2020-10-15T15:30:00+00:00,375.82,376.26,375.32,376.09,1038,390064.541
1602776700000,2020-10-15T15:45:00+00:00,376.09,377.19,375.89,376.57,2656.5,1000726.463
1602777600000,2020-10-15T16:00:00+00:00,376.57,376.8,375.48,375.71,1405.4,528344.538
1602778500000,2020-10-15T16:15:00+00:00,375.71,378.53,375.55,377.75,4300.2,1622413.121
1602779400000,2020-10-15T16:30:00+00:00,377.75,378.18,374.09,374.14,6467.9,2427761.152
1602780300000,2020-10-15T16:45:00+00:00,374.14,375.19,374,374.9,2316.8,867550.589
1602781200000,2020-10-15T17:00:00+00:00,374.9,376.65,374.86,376.58,2765.7,1039599.999
1602782100000,2020-10-15T17:15:00+00:00,376.58,377.47,375.99,377.09,797.9,300660.033
1602783000000,2020-10-15T17:30:00+00:00,377.09,378.09,376.87,377.93,1875.8,708045.295
1602783900000,2020-10-15T17:45:00+00:00,377.93,378.93,377.14,378.09,4647.6,1756810.612
1602784800000,2020-10-15T18:00:00+00:00,378.09,378.54,377.35,378.23,921,348121.972
1602785700000,2020-10-15T18:15:00+00:00,378.23,378.76,376.97,377.26,795.4,300247.026
1602786600000,2020-10-15T18:30:00+00:00,377.26,377.7,377,377.37,548.3,206929.912
1602787500000,2020-10-15T18:45:00+00:00,377.37,377.58,376.53,376.61,3260,1228037.008
1602788400000,2020-10-15T19:00:00+00:00,376.61,378.75,376.61,377.47,592.5,223602.804
1602789300000,2020-10-15T19:15:00+00:00,377.47,378.04,376.36,377.88,460.7,173656.795
1602790200000,2020-10-15T19:30:00+00:00,377.88,378.64,377.63,378.16,394.7,149295.133
1602791100000,2020-10-15T19:45:00+00:00,378.16,378.72,377.75,378.39,576.7,218247.314
1602792000000,2020-10-15T20:00:00+00:00,378.39,381.92,378.19,380.08,4907.1,1865916.99
1602792900000,2020-10-15T20:15:00+00:00,380.08,380.34,379.38,379.5,833.6,316725.229
1602793800000,2020-10-15T20:30:00+00:00,379.5,380.42,379.5,379.92,364.5,138517.605
1602794700000,2020-10-15T20:45:00+00:00,379.92,380.39,379.42,380.25,402.4,152890.623
1602795600000,2020-10-15T21:00:00+00:00,380.25,380.63,377.33,377.98,2312.8,875272.206
1602796500000,2020-10-15T21:15:00+00:00,377.98,378.01,377.58,377.77,699.9,264406.592
1602797400000,2020-10-15T21:30:00+00:00,377.77,378.41,377.35,377.35,704,266108.338
1602798300000,2020-10-15T21:45:00+00:00,377.35,378.56,377.31,378.01,389.7,147252.916
1602799200000,2020-10-15T22:00:00+00:00,378.01,378.77,377.7,377.72,238.8,90347.199
1602800100000,2020-10-15T22:15:00+00:00,377.72,378.35,377.48,377.86,524.4,198190.434
1602801000000,2020-10-15T22:30:00+00:00,377.86,378.14,377.14,378.05,551.6,208291.081
1602801900000,2020-10-15T22:45:00+00:00,378.05,378.05,376.56,377.26,701.7,264694.944
1602802800000,2020-10-15T23:00:00+00:00,377.26,377.95,376.31,377.67,1114.4,420335.669
1602803700000,2020-10-15T23:15:00+00:00,377.67,377.97,376.84,377.44,394.9,149052.828
1602804600000,2020-10-15T23:30:00+00:00,377.44,377.72,376.68,376.88,465.2,175444.186
1602805500000,2020-10-15T23:45:00+00:00,376.88,377.68,376.38,377.63,3204.8,1208500.88
1602806400000,2020-10-16T00:00:00+00:00,377.63,377.82,376.03,376.19,1694.3,637811.137
1602807300000,2020-10-16T00:15:00+00:00,376.19,377.47,375.7,377.22,2020.3,761126.724
1602808200000,2020-10-16T00:30:00+00:00,377.22,377.64,377,377.58,943.5,356034.336
1602809100000,2020-10-16T00:45:00+00:00,377.58,378.18,377.49,377.97,2739.5,1035202.937
1602810000000,2020-10-16T01:00:00+00:00,377.97,379.5,377.91,379.06,2457.7,931303.442
1602810900000,2020-10-16T01:15:00+00:00,379.06,379.84,378.52,379.28,2065.6,783366.503
1602811800000,2020-10-16T01:30:00+00:00,379.28,379.59,378.88,379.54,2276.2,863520.392
1602812700000,2020-10-16T01:45:00+00:00,379.54,379.76,378.93,379.6,2251.7,854333.623
1602813600000,2020-10-16T02:00:00+00:00,379.6,379.89,378.31,378.78,4040.4,1531214.272
1602814500000,2020-10-16T02:15:00+00:00,378.78,379.19,378.55,378.78,1701.9,644822.587
1602815400000,2020-10-16T02:30:00+00:00,378.78,379.1,378.3,378.65,1534.4,581034.155
1602816300000,2020-10-16T02:45:00+00:00,378.65,379.19,378.27,378.47,1793.1,679173.442
1602817200000,2020-10-16T03:00:00+00:00,378.47,379.13,378.2,378.2,1176.3,445392.211
1602818100000,2020-10-16T03:15:00+00:00,378.2,378.38,377,377.07,5383,2033359.103
1602819000000,2020-10-16T03:30:00+00:00,377.07,377.62,376.89,377.42,5454.5,2058237.722
1602819900000,2020-10-16T03:45:00+00:00,377.42,378.14,377.21,378.03,3451.3,1303145.759
1602820800000,2020-10-16T04:00:00+00:00,378.03,378.04,368.76,371.15,20183.6,7525496.11
1602821700000,2020-10-16T04:15:00+00:00,371.15,371.31,364.5,367.53,23166.9,8523002.066
1602822600000,2020-10-16T04:30:00+00:00,367.53,369.03,366.8,368.07,8035.6,2958422.97
1602823500000,2020-10-16T04:45:00+00:00,368.07,369.28,366.54,368.95,11149.2,4103348.881
1602824400000,2020-10-16T05:00:00+00:00,368.95,372.11,367.94,370.37,10072.4,3727947.238
1602825300000,2020-10-16T05:15:00+00:00,370.37,371.51,369.96,369.96,2707.5,1003700.107
1602826200000,2020-10-16T05:30:00+00:00,369.96,370.87,369.09,370.8,3109.8,1150712.385
1602827100000,2020-10-16T05:45:00+00:00,370.8,370.91,369.24,370,1520.8,562500.164
1602828000000,2020-10-16T06:00:00+00:00,370,370.19,368.93,369.83,4068.9,1503100.172
1602828900000,2020-10-16T06:15:00+00:00,369.83,370.99,369.63,370.12,10328.9,3826264.285
1602829800000,2020-10-16T06:30:00+00:00,370.12,370.2,368.76,369.03,3661.7,1353025.689
1602830700000,2020-10-16T06:45:00+00:00,369.03,370.03,368.73,370.03,8123.1,3000442.835
1602831600000,2020-10-16T07:00:00+00:00,370.03,370.27,369.7,370.05,6003.6,2220772.312
1602832500000,2020-10-16T07:15:00+00:00,370.05,370.09,369.22,369.67,1901.5,702938.575
1602833400000,2020-10-16T07:30:00+00:00,369.67,370.33,369.43,369.44,972.8,359849.572
1602834300000,2020-10-16T07:45:00+00:00,369.44,369.48,368.67,368.67,4012,1480959.484
1602835200000,2020-10-16T08:00:00+00:00,368.67,371.11,367.33,370.75,9373.9,3463039.497
1602836100000,2020-10-16T08:15:00+00:00,370.75,370.76,368.15,369.06,3334.2,1231436.291
1602837000000,2020-10-16T08:30:00+00:00,369.06,369.32,368.29,369.26,4205.6,1551273.795
1602837900000,2020-10-16T08:45:00+00:00,369.26,369.27,368.21,368.32,2797.8,1031615.066
1602838800000,2020-10-16T09:00:00+00:00,368.32,368.78,365.85,365.88,7789.1,2864949.511
1602839700000,2020-10-16T09:15:00+00:00,365.88,366.71,360.61,363.52,29057.4,10573614.001
1602840600000,2020-10-16T09:30:00+00:00,363.52,365.56,363,364.48,7578.9,2761554.949
1602841500000,2020-10-16T09:45:00+00:00,364.48,364.49,361.89,363.19,3079.5,1118676.656
1602842400000,2020-10-16T10:00:00+00:00,363.19,365.28,362.99,364.31,5567.5,2029553.381
1602843300000,2020-10-16T10:15:00+00:00,364.31,365.34,363.76,365.22,1725,629157.816
1602844200000,2020-10-16T10:30:00+00:00,365.22,366.84,364.8,366.27,2010.2,735581.939
1602845100000,2020-10-16T10:45:00+00:00,366.27,366.28,364.57,364.63,2487.8,909263.492
1602846000000,2020-10-16T11:00:00+00:00,364.63,365.49,364.33,365.49,1665.2,607654.247
1602846900000,2020-10-16T11:15:00+00:00,365.49,366.25,365.08,365.1,1356.6,495980.573
1602847800000,2020-10-16T11:30:00+00:00,365.1,365.6,364.59,365.2,1919,700727.494
1602848700000,2020-10-16T11:45:00+00:00,365.2,371.5,364.93,369.95,17047,6299171.842
1602849600000,2020-10-16T12:00:00+00:00,369.95,370.22,368.26,368.51,6240.9,2303651.58
1602850500000,2020-10-16T12:15:00+00:00,368.51,369.95,368.11,369.02,4136.5,1525384.329
1602851400000,2020-10-16T12:30:00+00:00,369.02,369.19,367.81,369,2670.1,984076.801
1602852300000,2020-10-16T12:45:00+00:00,369,369.69,367.94,368.81,7819.1,2884653.61
1602853200000,2020-10-16T13:00:00+00:00,368.81,369.7,367.89,368.24,2542.1,937142.09
1602854100000,2020-10-16T13:15:00+00:00,368.24,369.15,368.23,368.86,1460.8,538595.601
1602855000000,2020-10-16T13:30:00+00:00,368.86,369.06,367.99,368.01,2463,907583.706
1602855900000,2020-10-16T13:45:00+00:00,368.01,368.98,367.68,368.68,1976.8,728260.199
1602856800000,2020-10-16T14:00:00+00:00,368.68,369.35,368.54,369.01,1614.1,595562.305
1602857700000,2020-10-16T14:15:00+00:00,369.01,369.75,368.34,369.7,1975.1,729504.992
1602858600000,2020-10-16T14:30:00+00:00,369.7,369.79,366.67,367.33,3151,1159555.675
1602859500000,2020-10-16T14:45:00+00:00,367.33,367.71,366.26,367.18,3517.4,1290619.361
1602860400000,2020-10-16T15:00:00+00:00,367.18,367.73,365.5,367.71,3672.8,1347058.803
1602861300000,2020-10-16T15:15:00+00:00,367.71,367.71,365.5,366.02,2417.6,886192.929
1602862200000,2020-10-16T15:30:00+00:00,366.02,366.86,365.4,366.71,1752.4,642131.335
1602863100000,2020-10-16T15:45:00+00:00,366.71,367.16,366.07,367.06,1201.8,440941.203
1602864000000,2020-10-16T16:00:00+00:00,367.06,367.08,365.45,366.79,3299.4,1208283.877
1602864900000,2020-10-16T16:15:00+00:00,366.79,368.29,366.78,367.69,1750.7,643218.516
1602865800000,2020-10-16T16:30:00+00:00,367.69,367.99,366.69,366.71,1983.7,728556.818
1602866700000,2020-10-16T16:45:00+00:00,366.71,367.69,366.7,367.59,1950.1,715935.168
1602867600000,2020-10-16T17:00:00+00:00,367.59,368.34,367.57,367.68,684.1,251720.053
1602868500000,2020-10-16T17:15:00+00:00,367.68,368.33,367.38,367.94,2002.9,736589.729
1602869400000,2020-10-16T17:30:00+00:00,367.94,368.19,366.71,367.02,981.2,360558.872
1602870300000,2020-10-16T17:45:00+00:00,367.02,367.28,366.04,366.96,328.8,120510.844
1602871200000,2020-10-16T18:00:00+00:00,366.96,369.28,366.88,369.03,899.7,331381.855
1602872100000,2020-10-16T18:15:00+00:00,369.03,369.28,368.13,368.9,756.9,279213.745
1602873000000,2020-10-16T18:30:00+00:00,368.9,369.15,368.59,368.72,241.1,88951.27
1602873900000,2020-10-16T18:45:00+00:00,368.72,368.98,368.28,368.6,276,101735.504
1602874800000,2020-10-16T19:00:00+00:00,368.6,369,367.3,367.65,357,131356.578
1602875700000,2020-10-16T19:15:00+00:00,367.65,367.88,367.28,367.59,359.2,132041.41
1602876600000,2020-10-16T19:30:00+00:00,367.59,367.9,367.18,367.24,234.8,86319.046
1602877500000,2020-10-16T19:45:00+00:00,367.24,367.32,365.39,365.39,397,145512.854
1602878400000,2020-10-16T20:00:00+00:00,365.39,365.91,363.77,365.74,4817.1,1757192.568
1602879300000,2020-10-16T20:15:00+00:00,365.74,366.03,365.05,365.84,327.4,119693.516
1602880200000,2020-10-16T20:30:00+00:00,365.84,366.6,365.44,365.73,2735.4,1002353.533
1602881100000,2020-10-16T20:45:00+00:00,365.73,366.53,365.49,366.41,619.4,226829.668
1602882000000,2020-10-16T21:00:00+00:00,366.41,366.42,365.41,365.41,342.3,125219.053
1602882900000,2020-10-16T21:15:00+00:00,365.41,365.59,364.02,364.95,2919.2,1064141.513
1602883800000,2020-10-16T21:30:00+00:00,364.95,366.6,364.95,366.44,940.2,344168.997
1602884700000,2020-10-16T21:45:00+00:00,366.44,366.65,365.43,366.06,2840.4,1040906.244
1602885600000,2020-10-16T22:00:00+00:00,366.06,366.4,364.99,365.32,2130.7,779759.831
1602886500000,2020-10-16T22:15:00+00:00,365.32,366.95,365.31,366.78,998.8,366217.338
1602887400000,2020-10-16T22:30:00+00:00,366.78,367.28,366.12,366.47,344,126126.276
1602888300000,2020-10-16T22:45:00+00:00,366.47,366.81,365.85,366.2,947.7,347237.251
1602889200000,2020-10-16T23:00:00+00:00,366.2,366.93,365.69,366.7,355.6,130251.443
1602890100000,2020-10-16T23:15:00+00:00,366.7,366.88,365.53,365.95,970.4,355088.67
1602891000000,2020-10-16T23:30:00+00:00,365.95,366.86,365.78,366.5,534.7,195934.801
1602891900000,2020-10-16T23:45:00+00:00,366.5,366.53,364.93,365.4,1387.3,507166.8
1602892800000,2020-10-17T00:00:00+00:00,365.4,365.85,364.22,364.22,1674.2,610930.608
1602893700000,2020-10-17T00:15:00+00:00,364.22,365.87,364.22,364.58,795,290239.229
1602894600000,2020-10-17T00:30:00+00:00,364.58,364.96,363.38,363.86,2504.4,911350.239
1602895500000,2020-10-17T00:45:00+00:00,363.86,364.6,363.22,364.35,1460.3,531536.817
1602896400000,2020-10-17T01:00:00+00:00,364.35,364.73,363.86,364.47,932.1,339605.19
1602897300000,2020-10-17T01:15:00+00:00,364.47,365.52,364.39,365.34,1289.7,470926.609
1602898200000,2020-10-17T01:30:00+00:00,365.34,366.47,365.11,366.24,1637.1,598827.891
1602899100000,2020-10-17T01:45:00+00:00,366.24,368.17,366.24,367.08,3879,1425314.25
1602900000000,2020-10-17T02:00:00+00:00,367.08,368.59,366.93,367.61,1629.7,599404.825
1602900900000,2020-10-17T02:15:00+00:00,367.61,367.94,367.15,367.68,867,318744.246
1602901800000,2020-10-17T02:30:00+00:00,367.68,368.7,367.47,367.78,2863.4,1054205.342
1602902700000,2020-10-17T02:45:00+00:00,367.78,368.3,367.52,367.93,814.1,299558.515
1602903600000,2020-10-17T03:00:00+00:00,367.93,368.23,367.15,367.62,631.1,232004.273
1602904500000,2020-10-17T03:15:00+00:00,367.62,368.15,367.22,367.34,721,265082.433
1602905400000,2020-10-17T03:30:00+00:00,367.34,368.15,367.23,367.42,2881.4,1059104.731
1602906300000,2020-10-17T03:45:00+00:00,367.42,368.45,367.42,368.3,1327.6,488673.108
1602907200000,2020-10-17T04:00:00+00:00,368.3,368.8,367.88,367.88,1301.1,479281.995
1602908100000,2020-10-17T04:15:00+00:00,367.88,367.99,367.44,367.45,977.2,359361.046
1602909000000,2020-10-17T04:30:00+00:00,367.45,368.18,367.31,367.48,652.8,240203.09
1602909900000,2020-10-17T04:45:00+00:00,367.48,367.84,367.41,367.74,400.2,147116.092
1602910800000,2020-10-17T05:00:00+00:00,367.74,368.32,367.71,368.28,632.8,232921.734
1602911700000,2020-10-17T05:15:00+00:00,368.28,368.29,367.13,367.21,1461.2,536724.716
1602912600000,2020-10-17T05:30:00+00:00,367.21,368.17,367.2,367.65,550.2,202394.685
1602913500000,2020-10-17T05:45:00+00:00,367.65,368.09,367.56,368.08,362.9,133479.227
1602914400000,2020-10-17T06:00:00+00:00,368.08,368.1,367.24,367.25,291.3,107082.485
1602915300000,2020-10-17T06:15:00+00:00,367.25,369.29,367,369.29,1449.6,533934.123
1602916200000,2020-10-17T06:30:00+00:00,369.29,369.29,367,367.41,2380.7,876233.205
1602917100000,2020-10-17T06:45:00+00:00,367.41,367.9,367.14,367.38,1578.7,580286.168
1602918000000,2020-10-17T07:00:00+00:00,367.38,368.03,367.37,367.96,479.5,176333.156
1602918900000,2020-10-17T07:15:00+00:00,367.96,368,367.28,367.58,408.6,150234.211
1602919800000,2020-10-17T07:30:00+00:00,367.58,368.54,367.29,368.52,1158.4,426395.344
1602920700000,2020-10-17T07:45:00+00:00,368.52,368.52,367.68,367.82,945.5,348010.751
1602921600000,2020-10-17T08:00:00+00:00,367.82,368.53,367.71,367.96,484.3,178364.567
1602922500000,2020-10-17T08:15:00+00:00,367.96,367.99,367.44,367.78,669.8,246280.157
1602923400000,2020-10-17T08:30:00+00:00,367.78,368.19,367.59,367.6,518.4,190672.948
1602924300000,2020-10-17T08:45:00+00:00,367.6,367.62,366.39,366.39,2935.7,1077309.805
1602925200000,2020-10-17T09:00:00+00:00,366.39,367.59,366.27,367.44,3725.5,1367224.414
1602926100000,2020-10-17T09:15:00+00:00,367.44,367.67,367,367.01,684,251313.3
1602927000000,2020-10-17T09:30:00+00:00,367.01,367.01,366.43,366.81,1486.4,545147.839
1602927900000,2020-10-17T09:45:00+00:00,366.81,367.81,366.8,367.64,1361,500151.347
1602928800000,2020-10-17T10:00:00+00:00,367.64,367.99,367.42,367.43,636.3,233946.154
1602929700000,2020-10-17T10:15:00+00:00,367.43,368.06,367.42,367.84,1001.6,368426.71
1602930600000,2020-10-17T10:30:00+00:00,367.84,367.86,367.19,367.64,424,155837.008
1602931500000,2020-10-17T10:45:00+00:00,367.64,368.38,367.63,368.36,537.6,197887.397
1602932400000,2020-10-17T11:00:00+00:00,368.36,368.36,367.8,367.93,914.2,336432.025
1602933300000,2020-10-17T11:15:00+00:00,367.93,368.05,367.64,367.86,166.6,61285.061
1602934200000,2020-10-17T11:30:00+00:00,367.86,368.27,367.69,367.83,756.2,278310.368
1602935100000,2020-10-17T11:45:00+00:00,367.83,368.11,367.45,368.06,344,126511.495
1602936000000,2020-10-17T12:00:00+00:00,368.06,368.39,367.67,367.8,722.6,265960.686
1602936900000,2020-10-17T12:15:00+00:00,367.8,367.85,367.45,367.65,391.7,144010.131
1602937800000,2020-10-17T12:30:00+00:00,367.65,367.7,366.94,367.31,1986.6,729379.984
1602938700000,2020-10-17T12:45:00+00:00,367.31,368.04,366.55,367.84,886.3,325515.712
1602939600000,2020-10-17T13:00:00+00:00,367.84,368.14,367.14,367.23,369,135681.675
1602940500000,2020-10-17T13:15:00+00:00,367.23,367.35,366.67,366.97,1128.3,413940.206
1602941400000,2020-10-17T13:30:00+00:00,366.97,367.73,366.69,367.38,685.8,251794.032
1602942300000,2020-10-17T13:45:00+00:00,367.38,367.45,365.57,365.94,3387.7,1240641.107
1602943200000,2020-10-17T14:00:00+00:00,365.94,366.97,365.94,366.91,2094.9,767901.619
1602944100000,2020-10-17T14:15:00+00:00,366.91,367.61,366.67,367.22,550.1,202008.485
1602945000000,2020-10-17T14:30:00+00:00,367.22,367.3,365.23,365.7,3149.8,1153387.581
1602945900000,2020-10-17T14:45:00+00:00,365.7,368.96,364.42,368.39,10006.9,3674731.567
1602946800000,2020-10-17T15:00:00+00:00,368.39,370.6,368.33,368.46,13679.4,5054301.826
1602947700000,2020-10-17T15:15:00+00:00,368.46,368.89,367.4,368.04,5610.4,2064410.508
1602948600000,2020-10-17T15:30:00+00:00,368.04,368.51,367.64,367.99,927.6,341395.101
1602949500000,2020-10-17T15:45:00+00:00,367.99,368.4,367.53,367.71,1363.4,501528.147
1602950400000,2020-10-17T16:00:00+00:00,367.71,368.1,366.49,366.93,2441.8,896747.327
1602951300000,2020-10-17T16:15:00+00:00,366.93,367.56,366.41,367.33,2284.3,838486.997
1602952200000,2020-10-17T16:30:00+00:00,367.33,367.34,365.9,366.73,3767.8,1380740.239
1602953100000,2020-10-17T16:45:00+00:00,366.73,366.99,366.22,366.64,732.6,268600.332
1602954000000,2020-10-17T17:00:00+00:00,366.64,366.9,366.01,366.85,544.2,199397.777
1602954900000,2020-10-17T17:15:00+00:00,366.85,367.02,366.39,366.68,435.2,159573.179
1602955800000,2020-10-17T17:30:00+00:00,366.68,366.88,366.13,366.39,930.8,341340.821
1602956700000,2020-10-17T17:45:00+00:00,366.39,367.16,366.37,366.96,509.7,186938
1602957600000,2020-10-17T18:00:00+00:00,366.96,367.27,366.5,366.64,323.4,118664.322
1602958500000,2020-10-17T18:15:00+00:00,366.64,367.01,366.38,366.87,282.8,103678.561
1602959400000,2020-10-17T18:30:00+00:00,366.87,367,366.39,366.83,156.7,57483.967
1602960300000,2020-10-17T18:45:00+00:00,366.83,367.23,366.77,367.14,318.3,116814.771
1602961200000,2020-10-17T19:00:00+00:00,367.14,367.28,366.61,367,263,96498.331
1602962100000,2020-10-17T19:15:00+00:00,367,367.57,366.72,367.44,246.6,90543.026
1602963000000,2020-10-17T19:30:00+00:00,367.44,367.44,366.48,366.75,256,93937.668
1602963900000,2020-10-17T19:45:00+00:00,366.75,366.98,366.51,366.96,229.6,84211.876
1602964800000,2020-10-17T20:00:00+00:00,366.96,367.09,366.51,366.92,154.1,56536.365
1602965700000,2020-10-17T20:15:00+00:00,366.92,367,366.01,366.07,530.4,194461.309
1602966600000,2020-10-17T20:30:00+00:00,366.07,366.49,366.05,366.35,198.6,72729.1
1602967500000,2020-10-17T20:45:00+00:00,366.35,367.71,366.28,367.17,461.3,169321.066
1602968400000,2020-10-17T21:00:00+00:00,367.17,367.82,367.17,367.82,615.5,226208.946
1602969300000,2020-10-17T21:15:00+00:00,367.82,368.36,367.76,368.12,342,125870.336
1602970200000,2020-10-17T21:30:00+00:00,368.12,368.16,367.84,367.86,593.3,218326.981
1602971100000,2020-10-17T21:45:00+00:00,367.86,367.89,367.5,367.71,251.8,92591.313
1602972000000,2020-10-17T22:00:00+00:00,367.71,367.91,367.35,367.78,306.4,112710.362
1602972900000,2020-10-17T22:15:00+00:00,367.78,367.9,367.45,367.59,286.6,105381.497
1602973800000,2020-10-17T22:30:00+00:00,367.59,368.23,367.21,368.23,505.3,185891.72
1602974700000,2020-10-17T22:45:00+00:00,368.23,368.23,367.73,367.78,900.9,331507.85
1602975600000,2020-10-17T23:00:00+00:00,367.78,368.49,367.75,368.47,655.8,241487.005
1602976500000,2020-10-17T23:15:00+00:00,368.47,368.49,367.57,367.96,570.4,209979.728
1602977400000,2020-10-17T23:30:00+00:00,367.96,368.49,367.94,368.38,798.6,294120.258
1602978300000,2020-10-17T23:45:00+00:00,368.38,368.99,368.19,368.25,1118,412077.373
1602979200000,2020-10-18T00:00:00+00:00,368.25,368.37,367.17,367.94,1780,654693.264
1602980100000,2020-10-18T00:15:00+00:00,367.94,368.55,367.83,368.5,590.1,217370.263
1602981000000,2020-10-18T00:30:00+00:00,368.5,369.73,368.14,369.31,3150.4,1163101.766
1602981900000,2020-10-18T00:45:00+00:00,369.31,369.65,368.83,368.86,1092.3,403522.986
1602982800000,2020-10-18T01:00:00+00:00,368.86,369.53,368.86,369.12,678.9,250705.003
1602983700000,2020-10-18T01:15:00+00:00,369.12,369.5,368.82,369.5,812.5,299902.702
1602984600000,2020-10-18T01:30:00+00:00,369.5,369.98,369.46,369.71,1447.5,535198.132
1602985500000,2020-10-18T01:45:00+00:00,369.71,369.8,369.44,369.72,1044.1,385853.388
1602986400000,2020-10-18T02:00:00+00:00,369.72,369.84,369.03,369.05,895.4,330622.255
1602987300000,2020-10-18T02:15:00+00:00,369.05,369.21,368.64,368.66,771.1,284468.323
1602988200000,2020-10-18T02:30:00+00:00,368.66,369.01,368.5,368.87,2158.8,795814.672
1602989100000,2020-10-18T02:45:00+00:00,368.87,369.27,368.81,369.03,925.7,341680.74
1602990000000,2020-10-18T03:00:00+00:00,369.03,369.16,368.7,369.12,396.7,146368.594
1602990900000,2020-10-18T03:15:00+00:00,369.12,369.19,368.8,368.86,470,173454.973
1602991800000,2020-10-18T03:30:00+00:00,368.86,368.98,368.46,368.65,845.1,311564.288
1602992700000,2020-10-18T03:45:00+00:00,368.65,368.71,368.4,368.49,830.6,306114.808
1602993600000,2020-10-18T04:00:00+00:00,368.49,369.32,368.48,369.07,1872.7,690856.565
1602994500000,2020-10-18T04:15:00+00:00,369.07,369.09,368.56,368.75,712.3,262783.564
1602995400000,2020-10-18T04:30:00+00:00,368.75,368.77,368.25,368.45,1996.4,735630.633
1602996300000,2020-10-18T04:45:00+00:00,368.45,368.67,368.13,368.49,1751.7,645304.728
1602997200000,2020-10-18T05:00:00+00:00,368.49,368.89,368.44,368.65,520.6,191953.922
1602998100000,2020-10-18T05:15:00+00:00,368.65,368.98,368.59,368.63,765.5,282352.976
1602999000000,2020-10-18T05:30:00+00:00,368.63,369.24,368.63,369.15,974.1,359517.052
1602999900000,2020-10-18T05:45:00+00:00,369.15,369.22,368.82,369.09,720.4,265812.504
1603000800000,2020-10-18T06:00:00+00:00,369.09,369.22,368.65,368.8,514.1,189674.138
1603001700000,2020-10-18T06:15:00+00:00,368.8,369.11,368.7,368.76,602.2,222152.732
1603002600000,2020-10-18T06:30:00+00:00,368.76,375.11,368.75,372.87,12464.2,4643068.847
1603003500000,2020-10-18T06:45:00+00:00,372.87,374.21,372.49,373.86,13734.3,5127709.827
1603004400000,2020-10-18T07:00:00+00:00,373.86,374.5,373.02,373.17,2771.4,1035795.879
1603005300000,2020-10-18T07:15:00+00:00,373.17,373.66,372.84,373.44,1782,664981.531
1603006200000,2020-10-18T07:30:00+00:00,373.44,373.69,373.08,373.41,750.3,280210.493
1603007100000,2020-10-18T07:45:00+00:00,373.41,374.17,373.22,374.12,1486.9,555668.718
1603008000000,2020-10-18T08:00:00+00:00,374.12,376.49,372.3,373.1,7370,2762615.554
1603008900000,2020-10-18T08:15:00+00:00,373.1,373.58,373.02,373.46,4982.2,1860364.997
1603009800000,2020-10-18T08:30:00+00:00,373.46,373.62,373.18,373.54,1062.1,396642.219
1603010700000,2020-10-18T08:45:00+00:00,373.54,373.9,373.36,373.43,991.2,370431.223
1603011600000,2020-10-18T09:00:00+00:00,373.43,374.04,373.18,373.23,823,307652.512
1603012500000,2020-10-18T09:15:00+00:00,373.23,373.92,373.23,373.82,484,180894.898
1603013400000,2020-10-18T09:30:00+00:00,373.82,373.82,373.07,373.15,796.1,297358.433
1603014300000,2020-10-18T09:45:00+00:00,373.15,373.16,371.62,372.07,4971.9,1851269.249
1603015200000,2020-10-18T10:00:00+00:00,372.07,372.78,372.07,372.58,3637.8,1354840.872
1603016100000,2020-10-18T10:15:00+00:00,372.58,373.16,372.31,372.81,2852.8,1063000.956
1603017000000,2020-10-18T10:30:00+00:00,372.81,372.91,372.38,372.55,1075.4,400862.77
1603017900000,2020-10-18T10:45:00+00:00,372.55,372.86,372.22,372.72,3981,1483373.138
1603018800000,2020-10-18T11:00:00+00:00,372.72,372.91,372.44,372.81,1351.8,503830.135
1603019700000,2020-10-18T11:15:00+00:00,372.81,373.01,372.76,372.94,1872,697981.41
1603020600000,2020-10-18T11:30:00+00:00,372.94,373,372.56,372.72,2510.2,935767.644
1603021500000,2020-10-18T11:45:00+00:00,372.72,372.92,372.59,372.85,2717.2,1012906.489
1603022400000,2020-10-18T12:00:00+00:00,372.85,373.01,372.75,372.8,2313,862572.125
1603023300000,2020-10-18T12:15:00+00:00,372.8,373.49,372.74,373.36,2290.4,854624.672
1603024200000,2020-10-18T12:30:00+00:00,373.36,373.41,372.76,372.99,1382.2,515762.953
1603025100000,2020-10-18T12:45:00+00:00,372.99,373.46,372.89,373.12,699.8,261110.514
1603026000000,2020-10-18T13:00:00+00:00,373.12,374.08,373.12,373.83,2468.2,922432.577
1603026900000,2020-10-18T13:15:00+00:00,373.83,373.91,373.49,373.58,646.5,241589.627
1603027800000,2020-10-18T13:30:00+00:00,373.58,373.58,373.15,373.44,1202.4,448961.499
1603028700000,2020-10-18T13:45:00+00:00,373.44,374.1,373.25,374.03,945.5,353430.331
1603029600000,2020-10-18T14:00:00+00:00,374.03,376,373.89,375.75,7499.8,2814115.838
1603030500000,2020-10-18T14:15:00+00:00,375.75,377.55,374.63,376.24,11472.7,4313081.792
1603031400000,2020-10-18T14:30:00+00:00,376.24,376.92,374.93,375.1,5041.8,1893557.274
1603032300000,2020-10-18T14:45:00+00:00,375.1,375.38,374.56,375.32,3235,1213066.066
1603033200000,2020-10-18T15:00:00+00:00,375.32,375.6,374.98,375.2,802.9,301413.907
1603034100000,2020-10-18T15:15:00+00:00,375.2,375.56,374.84,374.98,999.2,374922.577
1603035000000,2020-10-18T15:30:00+00:00,374.98,375.64,374.95,375.57,957,359227.154
1603035900000,2020-10-18T15:45:00+00:00,375.57,375.94,375.33,375.72,728.8,273784.746
1603036800000,2020-10-18T16:00:00+00:00,375.72,376.15,375.19,375.37,1023.2,384341.547
1603037700000,2020-10-18T16:15:00+00:00,375.37,375.6,374.96,375.58,590.4,221493.026
1603038600000,2020-10-18T16:30:00+00:00,375.58,376.19,375.41,375.67,1689.8,635049.665
1603039500000,2020-10-18T16:45:00+00:00,375.67,376.24,375.64,375.7,672.3,252703.733
1603040400000,2020-10-18T17:00:00+00:00,375.7,375.79,375.1,375.33,855.7,321239.042
1603041300000,2020-10-18T17:15:00+00:00,375.33,375.6,375.1,375.52,272.3,102205.216
1603042200000,2020-10-18T17:30:00+00:00,375.52,375.95,375.15,375.58,538.2,202088.972
1603043100000,2020-10-18T17:45:00+00:00,375.58,376.53,375.48,376.42,630.6,237142.121
1603044000000,2020-10-18T18:00:00+00:00,376.42,376.99,376.13,376.47,958.6,361020.39
1603044900000,2020-10-18T18:15:00+00:00,376.47,376.85,376.24,376.51,278.2,104741.102
1603045800000,2020-10-18T18:30:00+00:00,376.51,376.99,376.07,376.21,427.4,160852.412
1603046700000,2020-10-18T18:45:00+00:00,376.21,376.42,375.65,375.74,386.8,145426.621
1603047600000,2020-10-18T19:00:00+00:00,375.74,376.08,375.56,375.62,134.6,50573.164
1603048500000,2020-10-18T19:15:00+00:00,375.62,375.99,375.58,375.97,174.5,65581.005
1603049400000,2020-10-18T19:30:00+00:00,375.97,376.03,375.13,375.76,356.7,133935.741
1603050300000,2020-10-18T19:45:00+00:00,375.76,375.99,375.43,375.72,254.6,95667.863
1603051200000,2020-10-18T20:00:00+00:00,375.72,375.76,375.13,375.46,462.4,173586.246
1603052100000,2020-10-18T20:15:00+00:00,375.46,375.59,374.97,375.45,207.8,77994.867
1603053000000,2020-10-18T20:30:00+00:00,375.45,375.85,375.44,375.62,217.7,81784.667
1603053900000,2020-10-18T20:45:00+00:00,375.62,375.85,375.53,375.78,280.2,105284.722
1603054800000,2020-10-18T21:00:00+00:00,375.78,375.85,375.45,375.83,136.8,51400.842
1603055700000,2020-10-18T21:15:00+00:00,375.83,376.16,375.62,376.14,294.2,110622.446
1603056600000,2020-10-18T21:30:00+00:00,376.14,376.57,375.93,376.32,927.1,348934.106
1603057500000,2020-10-18T21:45:00+00:00,376.32,376.37,375.8,375.93,329.1,123740.763
1603058400000,2020-10-18T22:00:00+00:00,375.93,376.4,375.6,376.39,677.6,254881.496
1603059300000,2020-10-18T22:15:00+00:00,376.39,376.4,375.61,375.87,468.1,175889.418
1603060200000,2020-10-18T22:30:00+00:00,375.87,376.39,375.55,376.32,245.6,92333.638
1603061100000,2020-10-18T22:45:00+00:00,376.32,377.43,376.12,376.91,1603.7,604666.574
1603062000000,2020-10-18T23:00:00+00:00,376.91,378.64,376.74,378.26,2917.4,1103063.274
1603062900000,2020-10-18T23:15:00+00:00,378.26,378.79,377.25,377.58,1907.7,721071.304
1603063800000,2020-10-18T23:30:00+00:00,377.58,378.08,377.01,377.9,712.9,269109.089
1603064700000,2020-10-18T23:45:00+00:00,377.9,378.35,377.49,378.3,1083.7,409558.555
1603065600000,2020-10-19T00:00:00+00:00,378.3,379.88,377.29,377.69,8104.7,3068731.622
1603066500000,2020-10-19T00:15:00+00:00,377.69,377.7,376.57,376.92,2742.1,1033724.964
1603067400000,2020-10-19T00:30:00+00:00,376.92,377.03,376.04,376.45,1681.5,632997.844
1603068300000,2020-10-19T00:45:00+00:00,376.45,376.59,373.43,375.45,7191.6,2696465.661
1603069200000,2020-10-19T01:00:00+00:00,375.45,376.02,375.04,375.99,1949.8,732430.005
1603070100000,2020-10-19T01:15:00+00:00,375.99,376.07,375.14,375.62,1480.9,556471.129
1603071000000,2020-10-19T01:30:00+00:00,375.62,375.95,375.15,375.47,921.8,346196.144
1603071900000,2020-10-19T01:45:00+00:00,375.47,375.84,374.51,375.11,836.5,313929.329
1603072800000,2020-10-19T02:00:00+00:00,375.11,375.92,374.83,375.91,956.5,359248.61
1603073700000,2020-10-19T02:15:00+00:00,375.91,375.92,374.61,375.07,739.5,277315.318
1603074600000,2020-10-19T02:30:00+00:00,375.07,375.6,374.74,375.42,6774.7,2543606.579
1603075500000,2020-10-19T02:45:00+00:00,375.42,375.76,375.14,375.43,1173.2,440480.848
1603076400000,2020-10-19T03:00:00+00:00,375.43,375.8,374.78,374.86,2105.1,790355.576
1603077300000,2020-10-19T03:15:00+00:00,374.86,374.86,373.18,373.27,6133.6,2293798.327
1603078200000,2020-10-19T03:30:00+00:00,373.27,374.15,373.16,373.81,1720.7,642897.763
1603079100000,2020-10-19T03:45:00+00:00,373.81,374.26,372.74,373.09,4094.1,1530080.474
1603080000000,2020-10-19T04:00:00+00:00,373.09,374.27,372.82,374.15,1554.4,580709.459
1603080900000,2020-10-19T04:15:00+00:00,374.15,374.26,373.59,374,898.4,336007.618
1603081800000,2020-10-19T04:30:00+00:00,374,374.18,373.51,374.04,667.5,249481.485
1603082700000,2020-10-19T04:45:00+00:00,374.04,374.04,373.58,373.88,804.1,300621.324
1603083600000,2020-10-19T05:00:00+00:00,373.88,374.59,373.74,373.82,2546.4,953288.838
1603084500000,2020-10-19T05:15:00+00:00,373.82,373.97,373.5,373.58,1643.1,614049.247
1603085400000,2020-10-19T05:30:00+00:00,373.58,373.84,373.32,373.64,1305.2,487487.53
1603086300000,2020-10-19T05:45:00+00:00,373.64,374.24,373.49,374.23,771.5,288478.993
1603087200000,2020-10-19T06:00:00+00:00,374.23,374.54,373.82,373.92,1069.5,400205.731
1603088100000,2020-10-19T06:15:00+00:00,373.92,375.07,373.57,375,2181.2,816511.138
1603089000000,2020-10-19T06:30:00+00:00,375,375.79,374.65,375.71,2984.6,1120183.426
1603089900000,2020-10-19T06:45:00+00:00,375.71,375.74,375,375.11,2445.5,917881.61
1603090800000,2020-10-19T07:00:00+00:00,375.11,375.75,375.09,375.16,1331,499576.856
1603091700000,2020-10-19T07:15:00+00:00,375.16,375.17,374.62,375,1367,512429.369
1603092600000,2020-10-19T07:30:00+00:00,375,375.75,374.69,375.69,2106.7,790755.189
1603093500000,2020-10-19T07:45:00+00:00,375.69,375.74,374.87,375.06,636.7,238909.244
1603094400000,2020-10-19T08:00:00+00:00,375.06,375.21,374.37,375.04,1829.7,685779.343
1603095300000,2020-10-19T08:15:00+00:00,375.04,375.53,374.97,375.17,779.7,292639.773
1603096200000,2020-10-19T08:30:00+00:00,375.17,375.59,375,375.47,327.8,123034.987
1603097100000,2020-10-19T08:45:00+00:00,375.47,375.89,375.24,375.65,776.2,291501.2
1603098000000,2020-10-19T09:00:00+00:00,375.65,376.28,375.09,376.19,2156.2,810595.319
1603098900000,2020-10-19T09:15:00+00:00,376.19,376.51,375.05,375.3,4677.8,1758811.691
1603099800000,2020-10-19T09:30:00+00:00,375.3,375.81,375.18,375.73,913.9,343072.901
1603100700000,2020-10-19T09:45:00+00:00,375.73,376.28,375.64,376.28,848.7,319076.159
1603101600000,2020-10-19T10:00:00+00:00,376.28,376.45,375.92,375.95,3839,1444094.264
1603102500000,2020-10-19T10:15:00+00:00,375.95,376.36,375.5,375.56,2924.5,1099163.063
1603103400000,2020-10-19T10:30:00+00:00,375.56,376.05,375.23,376.04,841.6,316026.774
1603104300000,2020-10-19T10:45:00+00:00,376.04,376.14,375.32,375.9,662.1,248750.391
1603105200000,2020-10-19T11:00:00+00:00,375.9,376,375.64,375.98,435.1,163551.389
1603106100000,2020-10-19T11:15:00+00:00,375.98,376.3,375.56,376.21,664.2,249683.097
1603107000000,2020-10-19T11:30:00+00:00,376.21,377.57,376.19,376.88,4606.1,1735451.279
1603107900000,2020-10-19T11:45:00+00:00,376.88,377.43,375.84,375.88,3132.6,1180103.104
1603108800000,2020-10-19T12:00:00+00:00,375.88,376.55,375.64,376.52,1432.7,538631.687
1603109700000,2020-10-19T12:15:00+00:00,376.52,377.43,376.38,377.13,4090.7,1542422.35
1603110600000,2020-10-19T12:30:00+00:00,377.13,377.56,376.84,376.84,7886.1,2976219.382
1603111500000,2020-10-19T12:45:00+00:00,376.84,377.1,376.5,376.73,3421.2,1288944.318
1603112400000,2020-10-19T13:00:00+00:00,376.73,379.51,376.72,378.32,11070.1,4190586.911
1603113300000,2020-10-19T13:15:00+00:00,378.32,381.92,378.3,380.4,14735.6,5602288.101
1603114200000,2020-10-19T13:30:00+00:00,380.4,381.14,379.73,380.4,5411.8,2059024.595
1603115100000,2020-10-19T13:45:00+00:00,380.4,381.19,380.29,380.6,3432.1,1307008.129
1603116000000,2020-10-19T14:00:00+00:00,380.6,381.66,378.94,379.4,9559.6,3633366.482
1603116900000,2020-10-19T14:15:00+00:00,379.4,380.32,379.3,380.24,1485.7,564383.197
1603117800000,2020-10-19T14:30:00+00:00,380.24,380.4,379.06,379.2,2946.4,1119321.887
1603118700000,2020-10-19T14:45:00+00:00,379.2,379.95,378.68,379.43,2042.7,774100.763
1603119600000,2020-10-19T15:00:00+00:00,379.43,380.04,379.11,379.9,613.1,232713.646
1603120500000,2020-10-19T15:15:00+00:00,379.9,381.3,379.65,379.95,2867.6,1091145.173
1603121400000,2020-10-19T15:30:00+00:00,379.95,382.18,379.77,381.72,2859.7,1090741.927
1603122300000,2020-10-19T15:45:00+00:00,381.72,384.28,381.72,383.75,8368.3,3206530.794
1603123200000,2020-10-19T16:00:00+00:00,383.75,384.45,382.91,383.34,5315,2039133.09
1603124100000,2020-10-19T16:15:00+00:00,383.34,383.68,382.76,382.96,1243.5,476366.575
1603125000000,2020-10-19T16:30:00+00:00,382.96,383.08,382.16,382.57,1292.7,494466.846
1603125900000,2020-10-19T16:45:00+00:00,382.57,383.05,382.4,382.54,456.5,174713.198
1603126800000,2020-10-19T17:00:00+00:00,382.54,383.04,381.84,382.24,794,303473.529
1603127700000,2020-10-19T17:15:00+00:00,382.24,382.69,382.05,382.21,486.4,185943.868
1603128600000,2020-10-19T17:30:00+00:00,382.21,382.55,381.54,381.77,2409.1,920215.073
1603129500000,2020-10-19T17:45:00+00:00,381.77,381.99,380.37,380.52,1218.7,464322.625
1603130400000,2020-10-19T18:00:00+00:00,380.52,381.21,380.52,381.08,1301.2,495599.885
1603131300000,2020-10-19T18:15:00+00:00,381.08,381.24,380.7,380.76,381.7,145407.886
1603132200000,2020-10-19T18:30:00+00:00,380.76,381.1,379.09,379.56,2451.9,931904.237
1603133100000,2020-10-19T18:45:00+00:00,379.56,379.74,378.68,379.02,7588.6,2878299.839
1603134000000,2020-10-19T19:00:00+00:00,379.02,379.63,378.71,379.27,830.6,314853.645
1603134900000,2020-10-19T19:15:00+00:00,379.27,379.82,378.9,379.82,439.9,166809.249
1603135800000,2020-10-19T19:30:00+00:00,379.82,380,379.45,379.54,594.6,225818.224
1603136700000,2020-10-19T19:45:00+00:00,379.54,379.73,379.23,379.59,845.6,320903.417
1603137600000,2020-10-19T20:00:00+00:00,379.59,379.87,378.63,378.7,781,296129.995
1603138500000,2020-10-19T20:15:00+00:00,378.7,379.31,378.29,379.13,2052.2,776816.612
1603139400000,2020-10-19T20:30:00+00:00,379.13,380.06,379.05,379.69,551.9,209505.43
1603140300000,2020-10-19T20:45:00+00:00,379.69,379.9,379.39,379.56,291,110476.539
1603141200000,2020-10-19T21:00:00+00:00,379.56,379.81,378.76,379.7,379,143730.023
1603142100000,2020-10-19T21:15:00+00:00,379.7,380.26,379.36,379.36,377.2,143338.397
1603143000000,2020-10-19T21:30:00+00:00,379.36,379.97,379.34,379.64,246,93442.851
1603143900000,2020-10-19T21:45:00+00:00,379.64,380.12,379.25,379.37,459.4,174423.773
1603144800000,2020-10-19T22:00:00+00:00,379.37,379.37,376.64,377.87,2723.1,1029132.747
1603145700000,2020-10-19T22:15:00+00:00,377.87,379.02,377.87,378.68,490.5,185579.613
1603146600000,2020-10-19T22:30:00+00:00,378.68,379.8,378.68,379.69,315.6,119687.037
1603147500000,2020-10-19T22:45:00+00:00,379.69,379.74,379,379.11,536,203311.098
1603148400000,2020-10-19T23:00:00+00:00,379.11,379.68,378.6,378.76,597.7,226631.461
1603149300000,2020-10-19T23:15:00+00:00,378.76,379.43,378.37,379.42,401.5,152089.745
1603150200000,2020-10-19T23:30:00+00:00,379.42,380.02,379.21,379.46,474.7,180199.431
1603151100000,2020-10-19T23:45:00+00:00,379.46,379.85,379.14,379.47,484.9,184061.96
1603152000000,2020-10-20T00:00:00+00:00,379.47,379.6,378.27,378.6,1012.6,383475.367
1603152900000,2020-10-20T00:15:00+00:00,378.6,379.16,378.24,379,673.3,255052.053
1603153800000,2020-10-20T00:30:00+00:00,379,379.3,378.39,378.55,418.3,158502.435
1603154700000,2020-10-20T00:45:00+00:00,378.55,379.14,378.05,379.07,2215.1,838647.445
1603155600000,2020-10-20T01:00:00+00:00,379.07,379.92,378.87,379.6,1125.7,427244.843
1603156500000,2020-10-20T01:15:00+00:00,379.6,379.6,378.41,378.59,507.2,192287.223
1603157400000,2020-10-20T01:30:00+00:00,378.59,378.87,378.02,378.59,1047.3,396311.3
1603158300000,2020-10-20T01:45:00+00:00,378.59,378.84,378.1,378.69,631.2,238835.471
1603159200000,2020-10-20T02:00:00+00:00,378.69,379.33,378.49,379.11,1327.7,503266.432
1603160100000,2020-10-20T02:15:00+00:00,379.11,379.63,379.06,379.28,2227.1,845066.032
1603161000000,2020-10-20T02:30:00+00:00,379.28,379.37,378.95,379.12,487.6,184842.304
1603161900000,2020-10-20T02:45:00+00:00,379.12,379.4,378.75,378.83,634.8,240688.377
1603162800000,2020-10-20T03:00:00+00:00,378.83,379.71,378.46,379.43,948.5,359609.488
1603163700000,2020-10-20T03:15:00+00:00,379.43,379.6,378.99,379.04,296.3,112350.336
1603164600000,2020-10-20T03:30:00+00:00,379.04,380.34,379.04,380.28,1043.6,396486.632
1603165500000,2020-10-20T03:45:00+00:00,380.28,381.07,380.27,380.36,1539,585861.586
1603166400000,2020-10-20T04:00:00+00:00,380.36,380.46,379.48,379.69,1005.6,382003.475
1603167300000,2020-10-20T04:15:00+00:00,379.69,380.29,379.58,380.07,697.9,265141.032
1603168200000,2020-10-20T04:30:00+00:00,380.07,380.09,379.61,379.8,325,123447.753
1603169100000,2020-10-20T04:45:00+00:00,379.8,379.86,378.62,378.76,1166.6,442338.482
1603170000000,2020-10-20T05:00:00+00:00,378.76,379.22,377.77,379.1,1702,644038.589
1603170900000,2020-10-20T05:15:00+00:00,379.1,379.11,378.34,378.94,2166.7,820212.857
1603171800000,2020-10-20T05:30:00+00:00,378.94,378.94,378,378.26,444.7,168272.544
1603172700000,2020-10-20T05:45:00+00:00,378.26,378.62,377.42,378.35,7060.1,2669635.567
1603173600000,2020-10-20T06:00:00+00:00,378.35,378.43,377.62,378.25,3770.8,1425035.029
1603174500000,2020-10-20T06:15:00+00:00,378.25,378.72,378.06,378.72,2187,827488.291
1603175400000,2020-10-20T06:30:00+00:00,378.72,379.32,378.63,379.01,3394.6,1286381.223
1603176300000,2020-10-20T06:45:00+00:00,379.01,379.33,378.29,378.74,2958.1,1120749.765
1603177200000,2020-10-20T07:00:00+00:00,378.74,378.99,378.46,378.86,1294.8,490379.061
1603178100000,2020-10-20T07:15:00+00:00,378.86,380.03,378.37,379.55,2130,807775.35
1603179000000,2020-10-20T07:30:00+00:00,379.55,379.73,377.02,377.1,16179.6,6118089.074
1603179900000,2020-10-20T07:45:00+00:00,377.1,377.25,374.56,375.59,18125.5,6807783.883
1603180800000,2020-10-20T08:00:00+00:00,375.59,375.72,374,375.25,9411,3526762.013
1603181700000,2020-10-20T08:15:00+00:00,375.25,375.31,374.62,375,1672.4,627263.959
1603182600000,2020-10-20T08:30:00+00:00,375,375.42,374.5,375.12,1577.1,591584.55
1603183500000,2020-10-20T08:45:00+00:00,375.12,375.41,374.71,374.75,1274.3,477948.091
1603184400000,2020-10-20T09:00:00+00:00,374.75,375.2,374.44,375.04,1004.5,376406.28
1603185300000,2020-10-20T09:15:00+00:00,375.04,375.52,374.82,375.47,1895.3,711199.965
1603186200000,2020-10-20T09:30:00+00:00,375.47,376.42,375.3,376.4,2303.3,865841.338
1603187100000,2020-10-20T09:45:00+00:00,376.4,377.09,376.19,376.32,6977,2628336.632
1603188000000,2020-10-20T10:00:00+00:00,376.32,376.73,375.78,376.03,3410.1,1283094.976
1603188900000,2020-10-20T10:15:00+00:00,376.03,376.17,375.11,375.33,1923.9,722857.844
1603189800000,2020-10-20T10:30:00+00:00,375.33,376.28,375.22,376.02,1206.9,453412.683
1603190700000,2020-10-20T10:45:00+00:00,376.02,376.96,375.63,376.59,1593.7,599676.63
1603191600000,2020-10-20T11:00:00+00:00,376.59,377.73,376.13,377.03,3958.7,1492323.773
1603192500000,2020-10-20T11:15:00+00:00,377.03,377.24,364.86,369.99,38531.3,14262317.597
1603193400000,2020-10-20T11:30:00+00:00,369.99,369.99,367.44,369.2,6860.7,2530517.4
1603194300000,2020-10-20T11:45:00+00:00,369.2,369.36,367.45,368,5637.9,2077282.283
1603195200000,2020-10-20T12:00:00+00:00,368,369.53,366.98,369.35,7734,2848407.406
1603196100000,2020-10-20T12:15:00+00:00,369.35,370.39,369.21,370.08,3249.8,1201324.605
1603197000000,2020-10-20T12:30:00+00:00,370.08,370.47,369.31,370.43,2702.9,999680.259
1603197900000,2020-10-20T12:45:00+00:00,370.43,370.49,369.26,369.5,2095.4,774940.35
1603198800000,2020-10-20T13:00:00+00:00,369.5,369.94,368.01,368.5,4349.8,1604075.426
1603199700000,2020-10-20T13:15:00+00:00,368.5,368.97,367.61,368.74,1711.7,630667.017
1603200600000,2020-10-20T13:30:00+00:00,368.74,369.63,367.93,369.48,2338.4,863373.96
1603201500000,2020-10-20T13:45:00+00:00,369.48,370.58,369.24,370.3,3477.9,1286989.663
1603202400000,2020-10-20T14:00:00+00:00,370.3,370.37,368.78,369.46,1109.3,409947.341
1603203300000,2020-10-20T14:15:00+00:00,369.46,370.17,368.8,369.11,947.1,349889.474
1603204200000,2020-10-20T14:30:00+00:00,369.11,370.02,368.88,369.48,762.8,281852.581
1603205100000,2020-10-20T14:45:00+00:00,369.48,369.86,369.05,369.13,616.9,227875.462
1603206000000,2020-10-20T15:00:00+00:00,369.13,371.13,368.5,370.97,2648.2,979169.194
1603206900000,2020-10-20T15:15:00+00:00,370.97,372.88,370.47,372.68,4649.7,1728880.065
1603207800000,2020-10-20T15:30:00+00:00,372.68,373.32,371.86,372.54,4501,1677671.962
1603208700000,2020-10-20T15:45:00+00:00,372.54,373,370.8,371.41,4506.9,1676346.349
1603209600000,2020-10-20T16:00:00+00:00,371.41,372.92,370.41,372.56,2113,785631.03
1603210500000,2020-10-20T16:15:00+00:00,372.56,372.93,370.86,370.96,1051.6,391016.003
1603211400000,2020-10-20T16:30:00+00:00,370.96,371.99,370.35,371.77,1289,478570.009
1603212300000,2020-10-20T16:45:00+00:00,371.77,372.07,370.64,371.2,712.6,264629.232
1603213200000,2020-10-20T17:00:00+00:00,371.2,371.38,370.63,370.63,746.6,276947.815
1603214100000,2020-10-20T17:15:00+00:00,370.63,371.55,370.63,370.74,263.2,97665.487
1603215000000,2020-10-20T17:30:00+00:00,370.74,371.3,369.88,371.25,922.7,341880.212
1603215900000,2020-10-20T17:45:00+00:00,371.25,372.86,370.2,370.27,1344.1,499067.989
1603216800000,2020-10-20T18:00:00+00:00,370.27,370.76,368.22,368.91,2259.1,833592.621
1603217700000,2020-10-20T18:15:00+00:00,368.91,369.16,368.27,369.05,1101.6,406222.207
1603218600000,2020-10-20T18:30:00+00:00,369.05,369.95,369.04,369.77,473.2,174832.535
1603219500000,2020-10-20T18:45:00+00:00,369.77,370.36,369.75,369.99,497,183888.596
1603220400000,2020-10-20T19:00:00+00:00,369.99,370.29,367.99,368.39,608.9,224809.963
1603221300000,2020-10-20T19:15:00+00:00,368.39,369.45,368.19,369.4,415,153082.916
1603222200000,2020-10-20T19:30:00+00:00,369.4,369.78,368.86,369.39,512,189055.159
1603223100000,2020-10-20T19:45:00+00:00,369.39,369.42,368.56,368.66,715.6,264089.8
1603224000000,2020-10-20T20:00:00+00:00,368.66,368.66,366.67,366.87,1481.5,544368.344
1603224900000,2020-10-20T20:15:00+00:00,366.87,368.68,366.71,368.1,264.6,97342.14
1603225800000,2020-10-20T20:30:00+00:00,368.1,368.73,367.5,368.47,282.7,104148.714
1603226700000,2020-10-20T20:45:00+00:00,368.47,368.94,367.82,368.28,1224.4,451407.981
1603227600000,2020-10-20T21:00:00+00:00,368.28,368.36,367.65,368.35,296.9,109266.813
1603228500000,2020-10-20T21:15:00+00:00,368.35,370.1,368.34,368.83,250.8,92592.676
1603229400000,2020-10-20T21:30:00+00:00,368.83,368.85,367.74,367.77,316.5,116477.484
1603230300000,2020-10-20T21:45:00+00:00,367.77,370.07,367.76,370.01,498.5,183600.098
1603231200000,2020-10-20T22:00:00+00:00,370.01,370.47,369.69,370.1,1432,529941.412
1603232100000,2020-10-20T22:15:00+00:00,370.1,370.23,368.69,368.74,226.1,83558.651
1603233000000,2020-10-20T22:30:00+00:00,368.74,368.91,368.4,368.58,1446.8,533175.377
1603233900000,2020-10-20T22:45:00+00:00,368.58,369.5,368.34,369.38,458.2,169011.716
1603234800000,2020-10-20T23:00:00+00:00,369.38,369.96,368.86,369.66,577.7,213421.038
1603235700000,2020-10-20T23:15:00+00:00,369.66,369.77,368.7,368.8,490.7,181126.24
1603236600000,2020-10-20T23:30:00+00:00,368.8,369.29,367.48,367.71,648.1,238746.338
1603237500000,2020-10-20T23:45:00+00:00,367.71,368.86,367.71,368.71,592.9,218403.292
1603238400000,2020-10-21T00:00:00+00:00,368.71,369.15,367.94,368.84,1182.4,435629.577
1603239300000,2020-10-21T00:15:00+00:00,368.84,370.37,368.84,369.98,1156.4,427635.151
1603240200000,2020-10-21T00:30:00+00:00,369.98,372.46,369.94,372.07,2767.8,1028232.747
1603241100000,2020-10-21T00:45:00+00:00,372.07,372.85,371.75,372.24,1678.2,624828.901
1603242000000,2020-10-21T01:00:00+00:00,372.24,372.61,371.57,371.64,2090.5,777960.632
1603242900000,2020-10-21T01:15:00+00:00,371.64,372.27,371.54,371.91,3304.8,1228527.527
1603243800000,2020-10-21T01:30:00+00:00,371.91,371.91,370.32,370.76,2451.6,910044.817
1603244700000,2020-10-21T01:45:00+00:00,370.76,371.41,370.76,371.36,1228.7,455878.429
1603245600000,2020-10-21T02:00:00+00:00,371.36,371.62,370.72,370.96,900.3,334115.906
1603246500000,2020-10-21T02:15:00+00:00,370.96,372.24,370.89,372.09,3219.3,1195280.974
1603247400000,2020-10-21T02:30:00+00:00,372.09,372.27,370.88,371.49,1091.8,405430.173
1603248300000,2020-10-21T02:45:00+00:00,371.49,372.46,371.17,371.67,4654.4,1730219.506
1603249200000,2020-10-21T03:00:00+00:00,371.67,375.12,371.67,374.08,13869.4,5188401.216
1603250100000,2020-10-21T03:15:00+00:00,374.08,378.64,373.76,378.47,19292.1,7261889.129
1603251000000,2020-10-21T03:30:00+00:00,378.47,379.39,377.21,379.23,12326.8,4666172.086
1603251900000,2020-10-21T03:45:00+00:00,379.23,379.88,377.93,378.31,6594.3,2497168.117
1603252800000,2020-10-21T04:00:00+00:00,378.31,379.3,377.84,378.52,4668.1,1766624.06
1603253700000,2020-10-21T04:15:00+00:00,378.52,379.5,378,379.46,2815.4,1066357.74
1603254600000,2020-10-21T04:30:00+00:00,379.46,379.46,378.69,379.09,4751.8,1801111.22
1603255500000,2020-10-21T04:45:00+00:00,379.09,381.83,378.5,381.31,8494.2,3230740.881
1603256400000,2020-10-21T05:00:00+00:00,381.31,382.3,379,379,10599.3,4033864.117
1603257300000,2020-10-21T05:15:00+00:00,379,379.71,378.88,379.38,2916,1106003.467
1603258200000,2020-10-21T05:30:00+00:00,379.38,380.27,379.16,380.25,2359.2,895437.571
1603259100000,2020-10-21T05:45:00+00:00,380.25,380.39,379.74,380.21,1428.2,542905.087
1603260000000,2020-10-21T06:00:00+00:00,380.21,380.77,380.09,380.52,3242.2,1233271.525
1603260900000,2020-10-21T06:15:00+00:00,380.52,382.66,380.49,382.06,4302.1,1641135.443
1603261800000,2020-10-21T06:30:00+00:00,382.06,382.14,380.51,381.1,5607.6,2137608.987
1603262700000,2020-10-21T06:45:00+00:00,381.1,381.65,379.96,380.01,5671.6,2160071.647
1603263600000,2020-10-21T07:00:00+00:00,380.01,380.63,378.43,378.92,6687.1,2537396.67
1603264500000,2020-10-21T07:15:00+00:00,378.92,379.76,378.79,378.95,5379.3,2040429.043
1603265400000,2020-10-21T07:30:00+00:00,378.95,379.56,378.16,378.67,5895.8,2232640.049
1603266300000,2020-10-21T07:45:00+00:00,378.67,379.42,378.5,379.42,3290,1246845.571
1603267200000,2020-10-21T08:00:00+00:00,379.42,379.65,377.71,377.81,10613.4,4020784.874
1603268100000,2020-10-21T08:15:00+00:00,377.81,378.66,377.54,378.23,3214.5,1215439.473
1603269000000,2020-10-21T08:30:00+00:00,378.23,378.72,378.08,378.64,2205,834435.855
1603269900000,2020-10-21T08:45:00+00:00,378.64,378.84,377.29,377.39,2749.5,1039778.81
1603270800000,2020-10-21T09:00:00+00:00,377.39,378.63,376.34,378.5,6071.5,2292121.999
1603271700000,2020-10-21T09:15:00+00:00,378.5,379.21,378.42,378.87,3465.9,1313380.034
1603272600000,2020-10-21T09:30:00+00:00,378.87,379.13,378.57,379.03,2187.6,828643.143
1603273500000,2020-10-21T09:45:00+00:00,379.03,379.09,378.37,378.7,1464.3,554602.542
1603274400000,2020-10-21T10:00:00+00:00,378.7,379.28,378.32,379.12,2273.5,860932.902
1603275300000,2020-10-21T10:15:00+00:00,379.12,380.53,379.12,380.26,3062.7,1163137.653
1603276200000,2020-10-21T10:30:00+00:00,380.26,381.2,380.17,380.96,3642.3,1385949.518
1603277100000,2020-10-21T10:45:00+00:00,380.96,380.98,379,379.21,4324,1642875.814
1603278000000,2020-10-21T11:00:00+00:00,379.21,379.23,377.79,378.6,6586.7,2492755.886
1603278900000,2020-10-21T11:15:00+00:00,378.6,379.88,378.05,378.41,1489.8,564682.225
1603279800000,2020-10-21T11:30:00+00:00,378.41,379.49,377.01,379.44,2272.2,859580.244
1603280700000,2020-10-21T11:45:00+00:00,379.44,380.64,379,379.57,5778.8,2196311.241
1603281600000,2020-10-21T12:00:00+00:00,379.57,379.81,377.93,378.18,4236.7,1603300.54
1603282500000,2020-10-21T12:15:00+00:00,378.18,379.66,377.75,379.5,2437.9,923623.029
1603283400000,2020-10-21T12:30:00+00:00,379.5,381.68,379.19,381.16,5154.8,1959937.399
1603284300000,2020-10-21T12:45:00+00:00,381.16,382.96,380.51,381.43,5023.2,1916721.913
1603285200000,2020-10-21T13:00:00+00:00,381.43,382.78,380.26,382.28,6255.8,2383707.939
1603286100000,2020-10-21T13:15:00+00:00,382.28,382.3,380.46,381.38,1598.9,609326.921
1603287000000,2020-10-21T13:30:00+00:00,381.38,385.8,381.02,385.33,10728.9,4123143.696
1603287900000,2020-10-21T13:45:00+00:00,385.33,386.19,384.4,385.25,9241.8,3560582.885
1603288800000,2020-10-21T14:00:00+00:00,385.25,385.69,383.6,385.65,4246.2,1632790.796
1603289700000,2020-10-21T14:15:00+00:00,385.65,391.19,385.51,386.61,19697.5,7649288.138
1603290600000,2020-10-21T14:30:00+00:00,386.61,388.19,386.61,387.52,2810,1088219.533
1603291500000,2020-10-21T14:45:00+00:00,387.52,389.09,386.63,388.98,4080.4,1583233.504
1603292400000,2020-10-21T15:00:00+00:00,388.98,389.54,387.77,388.76,2018.7,784219.182
1603293300000,2020-10-21T15:15:00+00:00,388.76,389.86,386.43,386.76,5038.4,1955946.9
1603294200000,2020-10-21T15:30:00+00:00,386.76,388.74,386.36,388.63,2278.3,882964.377
1603295100000,2020-10-21T15:45:00+00:00,388.63,392.59,388.27,392.5,10532.6,4115892.001
1603296000000,2020-10-21T16:00:00+00:00,392.5,398.49,392.48,396.91,18551.8,7338122.813
1603296900000,2020-10-21T16:15:00+00:00,396.91,400.33,396.37,398.06,16010.5,6377290.214
1603297800000,2020-10-21T16:30:00+00:00,398.06,399.95,396.35,396.99,10214.2,4069354.143
1603298700000,2020-10-21T16:45:00+00:00,396.99,397.14,394.32,396.84,10070.5,3985816.928
1603299600000,2020-10-21T17:00:00+00:00,396.84,398.4,395.2,397.57,8008.5,3181163.305
1603300500000,2020-10-21T17:15:00+00:00,397.57,398.46,396.83,396.86,4587,1823772.118
1603301400000,2020-10-21T17:30:00+00:00,396.86,398.37,394.65,395,3598.8,1426923.174
1603302300000,2020-10-21T17:45:00+00:00,395,396.74,394.83,395.46,921.5,364916.3
1603303200000,2020-10-21T18:00:00+00:00,395.46,396.57,395,395.09,768.7,304400.45
1603304100000,2020-10-21T18:15:00+00:00,395.09,395.35,393.42,394.56,7688.4,3029522.027
1603305000000,2020-10-21T18:30:00+00:00,394.56,395,393.8,394.79,733,288934.335
1603305900000,2020-10-21T18:45:00+00:00,394.79,395,394.07,394.88,555.5,219195.625
1603306800000,2020-10-21T19:00:00+00:00,394.88,395.39,391.8,392.48,4057,1594640.121
1603307700000,2020-10-21T19:15:00+00:00,392.48,393.84,391.63,392.9,9332.1,3664949.502
1603308600000,2020-10-21T19:30:00+00:00,392.9,394.35,392.77,393.81,418.4,164794.553
1603309500000,2020-10-21T19:45:00+00:00,393.81,393.81,391.27,391.6,7732.7,3028913.222
1603310400000,2020-10-21T20:00:00+00:00,391.6,392.47,391.43,392.26,762.9,299002.687
1603311300000,2020-10-21T20:15:00+00:00,392.26,392.93,392.25,392.63,969.8,380720.638
1603312200000,2020-10-21T20:30:00+00:00,392.63,394.04,392.59,393.64,3052.6,1200832.301
1603313100000,2020-10-21T20:45:00+00:00,393.64,394.88,393.27,394.74,770,303567.823
1603314000000,2020-10-21T21:00:00+00:00,394.74,394.85,393.8,393.82,12741.3,5027124.104
1603314900000,2020-10-21T21:15:00+00:00,393.82,397.25,393.37,393.44,1474.1,583102.136
1603315800000,2020-10-21T21:30:00+00:00,393.44,396.58,391.98,395.58,3507.6,1377969.181
1603316700000,2020-10-21T21:45:00+00:00,395.58,396.32,395.13,395.69,1506.4,596107.115
1603317600000,2020-10-21T22:00:00+00:00,395.69,397.9,395.36,397.27,983.4,389945.119
1603318500000,2020-10-21T22:15:00+00:00,397.27,398.04,395.83,397.38,986.9,391882.279
1603319400000,2020-10-21T22:30:00+00:00,397.38,398.33,397.1,397.69,1451.2,577252.439
1603320300000,2020-10-21T22:45:00+00:00,397.69,402.68,397.47,400.66,5876.2,2353154.725
1603321200000,2020-10-21T23:00:00+00:00,400.66,401.04,389.11,392.24,12478,4903792.454
1603322100000,2020-10-21T23:15:00+00:00,392.24,393.39,390.15,392.8,1497.4,587182.138
1603323000000,2020-10-21T23:30:00+00:00,392.8,393.63,390.71,391.13,1560.7,612810.373
1603323900000,2020-10-21T23:45:00+00:00,391.13,392.18,390.31,390.94,1405.9,550403.295
1603324800000,2020-10-22T00:00:00+00:00,390.94,394.32,390.75,393.9,1909.7,750302.923
1603325700000,2020-10-22T00:15:00+00:00,393.9,394.89,393.2,393.28,3515.9,1385690.86
1603326600000,2020-10-22T00:30:00+00:00,393.28,395.81,393.12,395.77,1587.3,626148.034
1603327500000,2020-10-22T00:45:00+00:00,395.77,397.18,395.19,396.5,1920.3,761111.623
1603328400000,2020-10-22T01:00:00+00:00,396.5,396.5,394.97,395.47,1069.1,422952.812
1603329300000,2020-10-22T01:15:00+00:00,395.47,398.48,395.27,397.6,1757.3,698332.712
1603330200000,2020-10-22T01:30:00+00:00,397.6,398.2,395.87,395.99,1911.4,758654.058
1603331100000,2020-10-22T01:45:00+00:00,395.99,397.5,395.68,395.68,815.6,323374.673
1603332000000,2020-10-22T02:00:00+00:00,395.68,396.12,393.8,394.77,2103.7,830776.185
1603332900000,2020-10-22T02:15:00+00:00,394.77,395.23,392.29,392.49,3140.4,1234866.944
1603333800000,2020-10-22T02:30:00+00:00,392.49,394.21,392.38,394.09,7697.9,3027497.726
1603334700000,2020-10-22T02:45:00+00:00,394.09,394.17,393.23,393.76,1525.8,600651.509
1603335600000,2020-10-22T03:00:00+00:00,393.76,394.38,392.89,394.06,1615,635723.084
1603336500000,2020-10-22T03:15:00+00:00,394.06,395,393.83,394.06,2345.7,925501.632
1603337400000,2020-10-22T03:30:00+00:00,394.06,394.72,392.69,392.81,1172.9,461423.763
1603338300000,2020-10-22T03:45:00+00:00,392.81,394.44,392.58,392.91,1541.7,606585.382
1603339200000,2020-10-22T04:00:00+00:00,392.91,394.9,392.07,394.2,2283.8,898760.476
1603340100000,2020-10-22T04:15:00+00:00,394.2,394.71,393.46,393.46,932.1,367508.954
1603341000000,2020-10-22T04:30:00+00:00,393.46,393.66,392.48,393.66,1777.5,698691.384
1603341900000,2020-10-22T04:45:00+00:00,393.66,394.59,393.58,394.43,1939.6,764861.646
1603342800000,2020-10-22T05:00:00+00:00,394.43,394.81,393.04,394.8,1505,592981.092
1603343700000,2020-10-22T05:15:00+00:00,394.8,396.42,394.79,396.19,2830.8,1120169.723
1603344600000,2020-10-22T05:30:00+00:00,396.19,396.68,395.19,396.01,1721.1,681360.745
1603345500000,2020-10-22T05:45:00+00:00,396.01,396.32,394.9,395.15,3107,1228230.851
1603346400000,2020-10-22T06:00:00+00:00,395.15,396.11,394.63,395.99,777.7,307565.199
1603347300000,2020-10-22T06:15:00+00:00,395.99,396.89,395.61,396.53,3151.4,1249906.581
1603348200000,2020-10-22T06:30:00+00:00,396.53,396.61,394.65,395.54,1646.5,651296.873
1603349100000,2020-10-22T06:45:00+00:00,395.54,396.45,395.31,396.25,806.4,319400.184
1603350000000,2020-10-22T07:00:00+00:00,396.25,396.25,394.4,395.35,2050.4,810392.381
1603350900000,2020-10-22T07:15:00+00:00,395.35,395.35,394.31,395.32,1064.7,420432.384
1603351800000,2020-10-22T07:30:00+00:00,395.32,395.66,394.27,395.47,627.2,247843.636
1603352700000,2020-10-22T07:45:00+00:00,395.47,395.5,394.44,395.33,1266,499801.943
1603353600000,2020-10-22T08:00:00+00:00,395.33,397.91,395.15,397.09,4587,1820704.618
1603354500000,2020-10-22T08:15:00+00:00,397.09,397.78,395.84,397.77,1872.8,742887.681
1603355400000,2020-10-22T08:30:00+00:00,397.77,398.79,397.08,398.75,6020.3,2394852.638
1603356300000,2020-10-22T08:45:00+00:00,398.75,399.66,398,398.17,5838.4,2328973.347
1603357200000,2020-10-22T09:00:00+00:00,398.17,398.7,392.49,395.22,10656.8,4207403.967
1603358100000,2020-10-22T09:15:00+00:00,395.22,399.14,395.22,398,3554.7,1413618.077
1603359000000,2020-10-22T09:30:00+00:00,398,398.71,397.71,397.87,2445.4,973286.093
1603359900000,2020-10-22T09:45:00+00:00,397.87,398.55,396.39,397.5,1550.2,615351.232
1603360800000,2020-10-22T10:00:00+00:00,397.5,398.35,396.44,397.91,993.2,394645.983
1603361700000,2020-10-22T10:15:00+00:00,397.91,405.44,397.9,404.51,13840.1,5564244.44
1603362600000,2020-10-22T10:30:00+00:00,404.51,409.12,404.51,408.11,11777.3,4793028.923
1603363500000,2020-10-22T10:45:00+00:00,408.11,409.59,407.24,409.03,3995.3,1632678.719
1603364400000,2020-10-22T11:00:00+00:00,409.03,415.55,408.9,412.69,26922.9,11113521.816
1603365300000,2020-10-22T11:15:00+00:00,412.69,413.46,411.52,413.08,3668.2,1512636.938
1603366200000,2020-10-22T11:30:00+00:00,413.08,413.08,411.58,412.48,3531.1,1454726.314
1603367100000,2020-10-22T11:45:00+00:00,412.48,416.52,412.48,415.72,6233.6,2585514.397
1603368000000,2020-10-22T12:00:00+00:00,415.72,416.4,411.15,413.14,7948.5,3282789.687
1603368900000,2020-10-22T12:15:00+00:00,413.14,413.8,410.84,411,5643.1,2324950.901
1603369800000,2020-10-22T12:30:00+00:00,411,412.07,408.46,410.85,8134.2,3337612.008
1603370700000,2020-10-22T12:45:00+00:00,410.85,412.32,410.4,412.08,4107.4,1689520.353
1603371600000,2020-10-22T13:00:00+00:00,412.08,414.57,411.6,413.92,4381.7,1808490.457
1603372500000,2020-10-22T13:15:00+00:00,413.92,414.78,413.16,414.23,1813.4,750636.41
1603373400000,2020-10-22T13:30:00+00:00,414.23,416.42,413.78,416.15,4771.2,1980655.408
1603374300000,2020-10-22T13:45:00+00:00,416.15,416.15,412.69,413.4,3202.2,1325928.995
1603375200000,2020-10-22T14:00:00+00:00,413.4,413.51,411.9,413.13,2595.2,1071116.507
1603376100000,2020-10-22T14:15:00+00:00,413.13,413.77,411.02,411.5,5202.9,2145847.33
1603377000000,2020-10-22T14:30:00+00:00,411.5,412.8,410.9,412,2003.9,825501.36
1603377900000,2020-10-22T14:45:00+00:00,412,414.77,411.94,414.7,1686.7,697938.28
1603378800000,2020-10-22T15:00:00+00:00,414.7,417.71,413.33,417.24,7124.6,2962471.313
1603379700000,2020-10-22T15:15:00+00:00,417.24,417.24,413.9,414.67,3402.6,1414655.093
1603380600000,2020-10-22T15:30:00+00:00,414.67,415.3,412.77,413.61,1601.9,663196.631
1603381500000,2020-10-22T15:45:00+00:00,413.61,414.96,412.87,414.96,1227.4,508131.886
1603382400000,2020-10-22T16:00:00+00:00,414.96,417.75,414.69,415.53,8194.3,3412855.843
1603383300000,2020-10-22T16:15:00+00:00,415.53,416.82,413.67,414.32,1884.2,781699.584
1603384200000,2020-10-22T16:30:00+00:00,414.32,416.07,414.02,415.47,1558.4,646613.839
1603385100000,2020-10-22T16:45:00+00:00,415.47,417.35,415.47,417.03,1894.5,789110.674
1603386000000,2020-10-22T17:00:00+00:00,417.03,419.14,416.28,417.99,5963.2,2492131.132
1603386900000,2020-10-22T17:15:00+00:00,417.99,419.48,416.21,416.93,2311.4,965729.691
1603387800000,2020-10-22T17:30:00+00:00,416.93,417.13,414.11,416.75,1880.6,781634.721
1603388700000,2020-10-22T17:45:00+00:00,416.75,418.45,416.12,417.83,960.1,400906.75
1603389600000,2020-10-22T18:00:00+00:00,417.83,418.71,416.95,417.49,1330.8,556403.777
1603390500000,2020-10-22T18:15:00+00:00,417.49,418.21,415.56,416.06,820.8,341916.706
1603391400000,2020-10-22T18:30:00+00:00,416.06,417.5,415.75,417,527.8,219885.702
1603392300000,2020-10-22T18:45:00+00:00,417,418.63,416.77,418.36,1145.7,478484.705
1603393200000,2020-10-22T19:00:00+00:00,418.36,418.5,416.5,417.13,730.4,304861.339
1603394100000,2020-10-22T19:15:00+00:00,417.13,419.32,417.13,419.32,877.7,367421.415
1603395000000,2020-10-22T19:30:00+00:00,419.32,419.75,417.17,417.93,1892.4,791521.029
1603395900000,2020-10-22T19:45:00+00:00,417.93,418.02,415.64,416.12,696.9,290535.024
1603396800000,2020-10-22T20:00:00+00:00,416.12,417.88,416.12,417.51,679.9,283635.96
1603397700000,2020-10-22T20:15:00+00:00,417.51,419.91,417.4,419.88,1604.9,672629.396
1603398600000,2020-10-22T20:30:00+00:00,419.88,420,418.44,418.48,1974.3,828189.576
1603399500000,2020-10-22T20:45:00+00:00,418.48,418.51,417.09,417.84,1152.3,481391.821
1603400400000,2020-10-22T21:00:00+00:00,417.84,418.81,416.65,417.38,1554.2,648765.814
1603401300000,2020-10-22T21:15:00+00:00,417.38,418.98,417.38,418.83,397.8,166294.497
1603402200000,2020-10-22T21:30:00+00:00,418.83,419.04,416.2,416.2,604.2,252458.583
1603403100000,2020-10-22T21:45:00+00:00,416.2,419.29,412.11,418.32,2466.1,1025526.924
1603404000000,2020-10-22T22:00:00+00:00,418.32,419.84,417.69,419.6,2721.8,1140013.546
1603404900000,2020-10-22T22:15:00+00:00,419.6,421.76,418.61,418.95,3012.5,1266355.764
1603405800000,2020-10-22T22:30:00+00:00,418.95,419.33,416.48,417.1,1996.1,834010.179
1603406700000,2020-10-22T22:45:00+00:00,417.1,418.08,415.17,415.29,2402.5,1000899.961
1603407600000,2020-10-22T23:00:00+00:00,415.29,416.73,413.75,413.78,2309.6,959011.59
1603408500000,2020-10-22T23:15:00+00:00,413.78,415.18,412.4,414.37,2631.4,1089180.069
1603409400000,2020-10-22T23:30:00+00:00,414.37,414.92,413.72,414.92,1902.7,788695.814
1603410300000,2020-10-22T23:45:00+00:00,414.92,415.08,412.8,414.42,582.9,241409.146
1603411200000,2020-10-23T00:00:00+00:00,414.42,414.51,411.27,411.27,2540.6,1048492.889
1603412100000,2020-10-23T00:15:00+00:00,411.27,413.36,410.94,412.5,1820.5,750478.234
1603413000000,2020-10-23T00:30:00+00:00,412.5,413.34,409.86,410.22,3051.6,1254773.965
1603413900000,2020-10-23T00:45:00+00:00,410.22,413.09,409.69,412.66,3918.1,1612344.891
1603414800000,2020-10-23T01:00:00+00:00,412.66,412.89,411.8,412.47,1221.6,503876.224
1603415700000,2020-10-23T01:15:00+00:00,412.47,414.52,412.45,414,3180.1,1316305.981
1603416600000,2020-10-23T01:30:00+00:00,414,414.33,413,413.21,3346.3,1384623.24
1603417500000,2020-10-23T01:45:00+00:00,413.21,413.94,412.58,413.01,1167,482082.518
1603418400000,2020-10-23T02:00:00+00:00,413.01,413.92,412.5,412.61,782.8,323365.875
1603419300000,2020-10-23T02:15:00+00:00,412.61,414.34,412.53,414.2,1367.3,565594.204
1603420200000,2020-10-23T02:30:00+00:00,414.2,415.42,414.17,415.39,3051.1,1266554.408
1603421100000,2020-10-23T02:45:00+00:00,415.39,415.88,414.6,414.76,2843.8,1180902.681
1603422000000,2020-10-23T03:00:00+00:00,414.76,416.14,414.25,415.11,1828.5,759728.753
1603422900000,2020-10-23T03:15:00+00:00,415.11,415.12,414.23,414.33,616.2,255451.593
1603423800000,2020-10-23T03:30:00+00:00,414.33,414.53,413.63,414.15,969.1,401235.438
1603424700000,2020-10-23T03:45:00+00:00,414.15,414.21,413.23,413.98,2200.9,910668.121
1603425600000,2020-10-23T04:00:00+00:00,413.98,414.84,413.8,413.91,1137.8,471415.142
1603426500000,2020-10-23T04:15:00+00:00,413.91,414.05,413.4,413.81,1030.1,426108.016
1603427400000,2020-10-23T04:30:00+00:00,413.81,414.99,413.72,413.74,1814.7,752518.168
1603428300000,2020-10-23T04:45:00+00:00,413.74,414.05,412.67,412.67,3172.2,1309954.558
1603429200000,2020-10-23T05:00:00+00:00,412.67,415.78,412.28,415.78,1700.5,704379.076
1603430100000,2020-10-23T05:15:00+00:00,415.78,415.78,414.9,415.4,1218.3,506142.176
1603431000000,2020-10-23T05:30:00+00:00,415.4,416.78,414.92,416.23,2928.3,1219352.275
1603431900000,2020-10-23T05:45:00+00:00,416.23,417.26,416.1,417.13,1587.3,661425.603
1603432800000,2020-10-23T06:00:00+00:00,417.13,417.13,414.2,414.49,3530.3,1467932.078
1603433700000,2020-10-23T06:15:00+00:00,414.49,415.53,413.43,414.9,1600.4,663223.656
1603434600000,2020-10-23T06:30:00+00:00,414.9,415.65,413.67,413.98,794.2,329006.674
1603435500000,2020-10-23T06:45:00+00:00,413.98,413.98,412.93,413.33,1971.1,814932.216
1603436400000,2020-10-23T07:00:00+00:00,413.33,414.45,413.2,413.56,2040.4,844747.655
1603437300000,2020-10-23T07:15:00+00:00,413.56,414.65,412.5,413.26,1672.7,692049.037
1603438200000,2020-10-23T07:30:00+00:00,413.26,414.09,413.26,413.75,634.1,262377.065
1603439100000,2020-10-23T07:45:00+00:00,413.75,413.96,412.36,413.16,1081.6,446520.459
1603440000000,2020-10-23T08:00:00+00:00,413.16,415.29,411.99,414.87,2929.1,1211553.813
1603440900000,2020-10-23T08:15:00+00:00,414.87,415.88,414.65,415.06,1859,772127.426
1603441800000,2020-10-23T08:30:00+00:00,415.06,415.34,414.42,414.88,1086.1,450425.135
1603442700000,2020-10-23T08:45:00+00:00,414.88,414.88,413.5,413.77,1223.9,506997.271
1603443600000,2020-10-23T09:00:00+00:00,413.77,415.37,413.5,414.48,1473.5,611093.293
1603444500000,2020-10-23T09:15:00+00:00,414.48,415.56,414.13,415.21,598.1,248220.093
1603445400000,2020-10-23T09:30:00+00:00,415.21,415.52,414.69,414.73,512.8,212862.034
1603446300000,2020-10-23T09:45:00+00:00,414.73,415.45,414.57,415.15,3310.5,1373924.139
1603447200000,2020-10-23T10:00:00+00:00,415.15,419.47,415.14,419.02,7707.9,3219334.124
1603448100000,2020-10-23T10:15:00+00:00,419.02,419.14,415.73,416.29,6226.6,2597403.62
1603449000000,2020-10-23T10:30:00+00:00,416.29,417.37,415.94,417.09,3494.8,1455965.129
1603449900000,2020-10-23T10:45:00+00:00,417.09,418.71,416.75,417.94,3358.9,1403207.876
1603450800000,2020-10-23T11:00:00+00:00,417.94,418.79,417.1,418.45,2006.8,839170.867
1603451700000,2020-10-23T11:15:00+00:00,418.45,419.63,417.7,417.8,4672.1,1956120.701
1603452600000,2020-10-23T11:30:00+00:00,417.8,418.93,417.2,418.75,2948.1,1232790.409
1603453500000,2020-10-23T11:45:00+00:00,418.75,419.13,416.3,417.13,3977.3,1662374.821
1603454400000,2020-10-23T12:00:00+00:00,417.13,417.59,415.68,416.02,5542.5,2307752.994
1603455300000,2020-10-23T12:15:00+00:00,416.02,416.86,415.69,416.62,2290.9,953789.119
1603456200000,2020-10-23T12:30:00+00:00,416.62,417.06,416.09,416.83,1231.3,513130.568
1603457100000,2020-10-23T12:45:00+00:00,416.83,418.37,416.83,417.97,2829.4,1181674.074
1603458000000,2020-10-23T13:00:00+00:00,417.97,419.06,417.5,418.67,1879.5,786395.698
1603458900000,2020-10-23T13:15:00+00:00,418.67,418.76,417.1,418.25,1366.4,571080.681
1603459800000,2020-10-23T13:30:00+00:00,418.25,418.46,416.8,416.99,652.1,272113.912
1603460700000,2020-10-23T13:45:00+00:00,416.99,417.03,415.91,416.36,4037.5,1680794.597
1603461600000,2020-10-23T14:00:00+00:00,416.36,417.35,413.44,414.88,5754.3,2390173.789
1603462500000,2020-10-23T14:15:00+00:00,414.88,416.77,414.84,415.67,977.7,406749.447
1603463400000,2020-10-23T14:30:00+00:00,415.67,416.61,414.64,414.79,1163.9,483938.291
1603464300000,2020-10-23T14:45:00+00:00,414.79,415.49,413.71,413.73,4143.2,1716927.019
1603465200000,2020-10-23T15:00:00+00:00,413.73,414.23,411.36,413.91,13794,5692227.886
1603466100000,2020-10-23T15:15:00+00:00,413.91,415.48,413.54,414.45,6167.6,2557743.68
1603467000000,2020-10-23T15:30:00+00:00,414.45,415.01,413.15,414.27,1395.3,578159.824
1603467900000,2020-10-23T15:45:00+00:00,414.27,414.27,411.82,412.29,4720.5,1947440.772
1603468800000,2020-10-23T16:00:00+00:00,412.29,413.81,409.54,409.63,10714.9,4413203.709
1603469700000,2020-10-23T16:15:00+00:00,409.63,409.63,404.28,406.55,32632.2,13275558.907
1603470600000,2020-10-23T16:30:00+00:00,406.55,407.49,401.89,403.85,14448.2,5842354.482
1603471500000,2020-10-23T16:45:00+00:00,403.85,406.48,403.28,405.82,6908.6,2801215.284
1603472400000,2020-10-23T17:00:00+00:00,405.82,406.77,404.69,406.31,2576.7,1045299.853
1603473300000,2020-10-23T17:15:00+00:00,406.31,408,405.85,406.75,2467.3,1004574.258
1603474200000,2020-10-23T17:30:00+00:00,406.75,406.99,405.12,405.5,847.3,343978.03
1603475100000,2020-10-23T17:45:00+00:00,405.5,406.7,405.25,405.57,803,325877.051
1603476000000,2020-10-23T18:00:00+00:00,405.57,407.2,405.45,406.69,940.6,382364.796
1603476900000,2020-10-23T18:15:00+00:00,406.69,407.46,406.27,407.37,822.8,334965.357
1603477800000,2020-10-23T18:30:00+00:00,407.37,407.88,406.72,407.7,1242,506031.846
1603478700000,2020-10-23T18:45:00+00:00,407.7,408.41,407.07,407.52,1414.3,576818.333
1603479600000,2020-10-23T19:00:00+00:00,407.52,408.47,407.05,407.9,619.9,252694.085
1603480500000,2020-10-23T19:15:00+00:00,407.9,408.32,407.1,407.6,198.8,81057.387
1603481400000,2020-10-23T19:30:00+00:00,407.6,408.19,407.35,408.06,1391.2,566975.21
1603482300000,2020-10-23T19:45:00+00:00,408.06,409.73,407.95,409.71,1790.5,732251.581
1603483200000,2020-10-23T20:00:00+00:00,409.71,410.43,408.58,409.34,2300.8,941982.92
1603484100000,2020-10-23T20:15:00+00:00,409.34,409.56,408.27,408.59,547.4,223662.938
1603485000000,2020-10-23T20:30:00+00:00,408.59,409.74,408.59,409,459.3,188000.213
1603485900000,2020-10-23T20:45:00+00:00,409,409.78,408.89,409.37,146.6,60008.555
1603486800000,2020-10-23T21:00:00+00:00,409.37,409.37,407.75,408.82,450.3,183858.646
1603487700000,2020-10-23T21:15:00+00:00,408.82,408.96,407.87,408.68,104.2,42567.106
1603488600000,2020-10-23T21:30:00+00:00,408.68,409.2,408.26,409.2,206.8,84550.072
1603489500000,2020-10-23T21:45:00+00:00,409.2,410.37,408.69,408.89,237.1,97097.483
1603490400000,2020-10-23T22:00:00+00:00,408.89,410.11,408.41,409.52,695.5,284834.666
1603491300000,2020-10-23T22:15:00+00:00,409.52,409.53,408.65,408.96,805.6,329418.073
1603492200000,2020-10-23T22:30:00+00:00,408.96,409.05,407.6,408.54,311.8,127281.411
1603493100000,2020-10-23T22:45:00+00:00,408.54,409.65,408.51,409.44,542.4,221877.247
1603494000000,2020-10-23T23:00:00+00:00,409.44,410.34,409.11,409.99,530,217134.954
1603494900000,2020-10-23T23:15:00+00:00,409.99,410.21,409.07,409.6,1250.2,512202.721
1603495800000,2020-10-23T23:30:00+00:00,409.6,409.7,408.11,409.09,2603.8,1065417.025
1603496700000,2020-10-23T23:45:00+00:00,409.09,409.99,408.75,409.45,509.4,208468.82
1603497600000,2020-10-24T00:00:00+00:00,409.45,410.15,408,408.62,1315.2,538399.403
1603498500000,2020-10-24T00:15:00+00:00,408.62,408.63,407.33,407.86,1311.6,535116.746
1603499400000,2020-10-24T00:30:00+00:00,407.86,408.81,407.76,408.54,462.7,188975.276
1603500300000,2020-10-24T00:45:00+00:00,408.54,408.9,408.13,408.5,443.7,181250.678
1603501200000,2020-10-24T01:00:00+00:00,408.5,409.86,408.45,409.76,953.8,390098.527
1603502100000,2020-10-24T01:15:00+00:00,409.76,411.16,409.34,409.91,4788,1964337.737
1603503000000,2020-10-24T01:30:00+00:00,409.91,411.98,409.91,411.81,2568.3,1056313.996
1603503900000,2020-10-24T01:45:00+00:00,411.81,411.98,411.09,411.39,2393,984575.16
1603504800000,2020-10-24T02:00:00+00:00,411.39,413,410.79,412.86,4159,1712664.525
1603505700000,2020-10-24T02:15:00+00:00,412.86,413.98,412.57,412.72,2693,1112920.045
1603506600000,2020-10-24T02:30:00+00:00,412.72,412.84,411.76,412.32,1289.3,531515.834
1603507500000,2020-10-24T02:45:00+00:00,412.32,412.91,412.25,412.67,935.2,385830.288
1603508400000,2020-10-24T03:00:00+00:00,412.67,414.32,412.67,413.26,2978.2,1232335.498
1603509300000,2020-10-24T03:15:00+00:00,413.26,413.31,412.05,412.86,4815.1,1988430.755
1603510200000,2020-10-24T03:30:00+00:00,412.86,413.18,412.1,412.46,1642.7,677554.374
1603511100000,2020-10-24T03:45:00+00:00,412.46,412.61,411.36,412.03,822.2,338673.702
1603512000000,2020-10-24T04:00:00+00:00,412.03,413.3,411.94,413.1,861.4,355451.809
1603512900000,2020-10-24T04:15:00+00:00,413.1,413.6,412.39,412.77,4198.3,1734270.951
1603513800000,2020-10-24T04:30:00+00:00,412.77,412.83,411.81,412.02,974.5,401901.048
1603514700000,2020-10-24T04:45:00+00:00,412.02,412.64,411.68,412.2,719.6,296528.349
1603515600000,2020-10-24T05:00:00+00:00,412.2,412.5,411.57,411.88,883.9,364030.481
1603516500000,2020-10-24T05:15:00+00:00,411.88,412.42,411.62,412.4,2900.8,1194866.933
1603517400000,2020-10-24T05:30:00+00:00,412.4,412.69,411.86,412.44,1148.8,473507.775
1603518300000,2020-10-24T05:45:00+00:00,412.44,413.25,412.27,412.88,852,351708.442
1603519200000,2020-10-24T06:00:00+00:00,412.88,413.1,412.45,412.51,759.6,313625.044
1603520100000,2020-10-24T06:15:00+00:00,412.51,412.53,411.69,411.76,857.9,353399.02
1603521000000,2020-10-24T06:30:00+00:00,411.76,413.05,411.75,412.61,1446.3,596590.057
1603521900000,2020-10-24T06:45:00+00:00,412.61,413,411.99,411.99,368.4,151938.33
1603522800000,2020-10-24T07:00:00+00:00,411.99,412.45,411.46,412.44,1112.1,458167.476
1603523700000,2020-10-24T07:15:00+00:00,412.44,412.84,412.04,412.24,317,130767.023
1603524600000,2020-10-24T07:30:00+00:00,412.24,412.24,410.59,410.61,2558.3,1052564.634
1603525500000,2020-10-24T07:45:00+00:00,410.61,411.41,410.04,410.53,4025.1,1652660.607
1603526400000,2020-10-24T08:00:00+00:00,410.53,411.53,410.36,411.38,1267.5,520787.819
1603527300000,2020-10-24T08:15:00+00:00,411.38,411.61,408.35,408.95,5520.4,2262098.297
1603528200000,2020-10-24T08:30:00+00:00,408.95,409.76,408.63,409.61,4029.3,1648513.326
1603529100000,2020-10-24T08:45:00+00:00,409.61,410.11,409.46,409.67,1892.5,775704.303
1603530000000,2020-10-24T09:00:00+00:00,409.67,410.19,408.15,408.93,2458,1004748.47
1603530900000,2020-10-24T09:15:00+00:00,408.93,410.85,408.93,410.71,1892.2,776313.326
1603531800000,2020-10-24T09:30:00+00:00,410.71,411.78,410.69,411.41,4010.2,1649243.284
1603532700000,2020-10-24T09:45:00+00:00,411.41,412.07,410.83,411.13,1888.5,777195.953
1603533600000,2020-10-24T10:00:00+00:00,411.13,411.52,410.12,410.89,1699.4,698188.607
1603534500000,2020-10-24T10:15:00+00:00,410.89,413.05,410.47,412.75,3473,1431864.764
1603535400000,2020-10-24T10:30:00+00:00,412.75,413.63,412.29,413.02,2687.9,1110220.044
1603536300000,2020-10-24T10:45:00+00:00,413.02,413.53,412.49,413.38,1747.4,721976.505
1603537200000,2020-10-24T11:00:00+00:00,413.38,413.49,412.17,412.49,939.7,387924.296
1603538100000,2020-10-24T11:15:00+00:00,412.49,413.49,412.31,413.49,1279.5,528750.204
1603539000000,2020-10-24T11:30:00+00:00,413.49,413.98,412.82,413.14,3809.1,1575456.965
1603539900000,2020-10-24T11:45:00+00:00,413.14,414.86,412.76,414.7,2259.6,935657.447
1603540800000,2020-10-24T12:00:00+00:00,414.7,415.44,412.7,412.84,4820,1996347.653
1603541700000,2020-10-24T12:15:00+00:00,412.84,413.64,412.82,413.47,1444.9,597394.554
1603542600000,2020-10-24T12:30:00+00:00,413.47,414.34,413.44,413.59,962.7,398476.765
1603543500000,2020-10-24T12:45:00+00:00,413.59,413.59,412.66,412.96,2496.5,1031090.713
1603544400000,2020-10-24T13:00:00+00:00,412.96,413.96,412.65,413.81,550.1,227392.566
1603545300000,2020-10-24T13:15:00+00:00,413.81,413.85,413.07,413.28,1350.1,558205.557
1603546200000,2020-10-24T13:30:00+00:00,413.28,414.94,412.88,414.53,2677,1108640.769
1603547100000,2020-10-24T13:45:00+00:00,414.53,414.79,413.56,413.94,1722.3,713711.257
1603548000000,2020-10-24T14:00:00+00:00,413.94,414.82,412.71,414.82,1143.3,472878.309
1603548900000,2020-10-24T14:15:00+00:00,414.82,416.67,411.13,412.88,15752.6,6517910.608
1603549800000,2020-10-24T14:30:00+00:00,412.88,414.43,411.18,414,8427.9,3478345.81
1603550700000,2020-10-24T14:45:00+00:00,414,415.61,413.79,415.2,3778.6,1567552.603
1603551600000,2020-10-24T15:00:00+00:00,415.2,417.09,415.12,415.12,7559.1,3147104.872
1603552500000,2020-10-24T15:15:00+00:00,415.12,416.07,415.1,415.77,2582,1073094.575
1603553400000,2020-10-24T15:30:00+00:00,415.77,415.97,414.76,415.82,2475.1,1028413.489
1603554300000,2020-10-24T15:45:00+00:00,415.82,416.52,414.08,414.45,2400.9,997528.374
1603555200000,2020-10-24T16:00:00+00:00,414.45,415.25,411.73,413.12,6153.5,2543038.881
1603556100000,2020-10-24T16:15:00+00:00,413.12,413.85,412.49,412.98,1370.3,566212.023
1603557000000,2020-10-24T16:30:00+00:00,412.98,413.53,412.45,412.85,778.2,321471.389
1603557900000,2020-10-24T16:45:00+00:00,412.85,413.54,412.5,413.39,761.1,314544.326
1603558800000,2020-10-24T17:00:00+00:00,413.39,414.69,413.26,414.18,2278.7,943343.888
1603559700000,2020-10-24T17:15:00+00:00,414.18,414.43,413.73,413.8,437.3,181064.456
1603560600000,2020-10-24T17:30:00+00:00,413.8,414.7,413.8,414.7,1606,664933.482
1603561500000,2020-10-24T17:45:00+00:00,414.7,414.81,413.78,414.27,797.9,330466.842
1603562400000,2020-10-24T18:00:00+00:00,414.27,414.46,413.47,413.86,886.6,367008.312
1603563300000,2020-10-24T18:15:00+00:00,413.86,414.2,412.84,413.46,1283.1,530336.763
1603564200000,2020-10-24T18:30:00+00:00,413.46,413.84,413.04,413.8,384.4,158979.965
1603565100000,2020-10-24T18:45:00+00:00,413.8,413.99,413.03,413.43,382.8,158295.136
1603566000000,2020-10-24T19:00:00+00:00,413.43,414.4,413.09,413.96,1326.6,549113.169
1603566900000,2020-10-24T19:15:00+00:00,413.96,414.27,412.92,413.11,221.6,91604.313
1603567800000,2020-10-24T19:30:00+00:00,413.11,413.12,411.85,412.86,1330,548334
1603568700000,2020-10-24T19:45:00+00:00,412.86,413.58,412.69,413.58,361.3,149289.848
1603569600000,2020-10-24T20:00:00+00:00,413.58,413.85,412.61,413.06,169.7,70140.002
1603570500000,2020-10-24T20:15:00+00:00,413.06,413.28,412.33,412.78,128.6,53095.065
1603571400000,2020-10-24T20:30:00+00:00,412.78,412.89,412.31,412.52,162.7,67136.035
1603572300000,2020-10-24T20:45:00+00:00,412.52,412.52,410.35,411.65,4036.7,1661082.731
1603573200000,2020-10-24T21:00:00+00:00,411.65,412.28,410.45,411.99,1330.2,547526.165
1603574100000,2020-10-24T21:15:00+00:00,411.99,412.64,411.85,412.54,344.9,142211.389
1603575000000,2020-10-24T21:30:00+00:00,412.54,412.54,410.75,411.28,736.3,303355.158
1603575900000,2020-10-24T21:45:00+00:00,411.28,411.77,409.04,410.29,3233.1,1324766.88
1603576800000,2020-10-24T22:00:00+00:00,410.29,410.32,408.37,409.5,1680.6,687789.101
1603577700000,2020-10-24T22:15:00+00:00,409.5,411.13,408.9,411,1062.1,435953.605
1603578600000,2020-10-24T22:30:00+00:00,411,411.76,410.63,411.38,921.2,379084.35
1603579500000,2020-10-24T22:45:00+00:00,411.38,411.91,411.2,411.5,477.2,196406.918
1603580400000,2020-10-24T23:00:00+00:00,411.5,412.43,411.19,412.15,617.7,254480.125
1603581300000,2020-10-24T23:15:00+00:00,412.15,412.2,411.47,411.76,402.5,165740.61
1603582200000,2020-10-24T23:30:00+00:00,411.76,412.65,411.75,412.07,873.6,360218.807
1603583100000,2020-10-24T23:45:00+00:00,412.07,412.68,412,412.34,789.7,325641.742
1603584000000,2020-10-25T00:00:00+00:00,412.34,412.49,410.61,411.27,1101.6,453431.391
1603584900000,2020-10-25T00:15:00+00:00,411.27,412.41,411.27,411.82,3996.9,1645679.797
1603585800000,2020-10-25T00:30:00+00:00,411.82,413.11,411.52,412.93,1472.8,607394.293
1603586700000,2020-10-25T00:45:00+00:00,412.93,413.88,412.91,413.41,4407,1821712.318
1603587600000,2020-10-25T01:00:00+00:00,413.41,413.46,412.8,413.09,1992.5,823137.309
1603588500000,2020-10-25T01:15:00+00:00,413.09,413.09,412.46,412.65,1072.5,442650.535
1603589400000,2020-10-25T01:30:00+00:00,412.65,413.8,412.65,413.65,1729,714751.508
1603590300000,2020-10-25T01:45:00+00:00,413.65,414.11,413.23,413.53,960.1,397274.87
1603591200000,2020-10-25T02:00:00+00:00,413.53,413.74,412.69,412.94,492.5,203494.951
1603592100000,2020-10-25T02:15:00+00:00,412.94,413.75,412.76,413.6,959,396382.062
1603593000000,2020-10-25T02:30:00+00:00,413.6,413.8,412.78,413.28,406.6,167962.08
1603593900000,2020-10-25T02:45:00+00:00,413.28,413.35,412.41,412.59,2224,917929.313
1603594800000,2020-10-25T03:00:00+00:00,412.59,412.96,411.58,412.04,2062.3,849577.951
1603595700000,2020-10-25T03:15:00+00:00,412.04,412.37,411.87,412.05,502.3,206983.979
1603596600000,2020-10-25T03:30:00+00:00,412.05,416.19,412.05,416.05,10368.2,4302993.852
1603597500000,2020-10-25T03:45:00+00:00,416.05,416.49,415.15,415.32,6602.1,2745288.057
1603598400000,2020-10-25T04:00:00+00:00,415.32,415.95,414.56,415.49,2427.8,1008268.599
1603599300000,2020-10-25T04:15:00+00:00,415.49,416.13,415.13,416.09,1574.5,654522.497
1603600200000,2020-10-25T04:30:00+00:00,416.09,417.86,415.92,416.35,5797.8,2418652.28
1603601100000,2020-10-25T04:45:00+00:00,416.35,417.06,415.51,416.98,2308.6,960795.296
1603602000000,2020-10-25T05:00:00+00:00,416.98,417,415.69,415.69,2073.5,863690.914
1603602900000,2020-10-25T05:15:00+00:00,415.69,416.23,415.43,415.57,2319.9,964414.73
1603603800000,2020-10-25T05:30:00+00:00,415.57,415.65,413.05,413.27,3402.1,1409773.062
1603604700000,2020-10-25T05:45:00+00:00,413.27,413.27,404.15,406.68,33602.4,13700810.759
1603605600000,2020-10-25T06:00:00+00:00,406.68,408.75,405.74,407.79,9094.9,3705004.106
1603606500000,2020-10-25T06:15:00+00:00,407.79,408.54,407.68,408.39,3322.2,1355948.528
1603607400000,2020-10-25T06:30:00+00:00,408.39,409.28,407.94,409.03,1443.1,589809.189
1603608300000,2020-10-25T06:45:00+00:00,409.03,409.15,408.5,408.56,1447.5,591914.748
1603609200000,2020-10-25T07:00:00+00:00,408.56,409.21,407.94,408.58,1768.8,723060.24
1603610100000,2020-10-25T07:15:00+00:00,408.58,409.42,408.44,409.34,953,389744.444
1603611000000,2020-10-25T07:30:00+00:00,409.34,409.55,408.2,408.46,711.5,291010.462
1603611900000,2020-10-25T07:45:00+00:00,408.46,409.7,408.3,409.66,1764.9,722454.272
1603612800000,2020-10-25T08:00:00+00:00,409.66,409.76,408.85,408.91,1387,567683.695
1603613700000,2020-10-25T08:15:00+00:00,408.91,409.17,407.5,408.29,2248.8,918769.501
1603614600000,2020-10-25T08:30:00+00:00,408.29,408.88,408.11,408.71,1641.6,670556.567
1603615500000,2020-10-25T08:45:00+00:00,408.71,409.6,408.69,409.26,2280.8,933880.08
1603616400000,2020-10-25T09:00:00+00:00,409.26,409.33,408.43,408.55,1062.4,434234.961
1603617300000,2020-10-25T09:15:00+00:00,408.55,408.77,407.4,407.69,2440.2,995409.863
1603618200000,2020-10-25T09:30:00+00:00,407.69,408.18,407.36,407.78,3383.2,1379235.462
1603619100000,2020-10-25T09:45:00+00:00,407.78,408.74,407.78,408.13,958.4,391356.394
1603620000000,2020-10-25T10:00:00+00:00,408.13,408.52,407.13,407.43,1436.5,586068.283
1603620900000,2020-10-25T10:15:00+00:00,407.43,407.87,405.95,406.77,5626.3,2289282.296
1603621800000,2020-10-25T10:30:00+00:00,406.77,408.01,406.05,407.57,3940,1604503.408
1603622700000,2020-10-25T10:45:00+00:00,407.57,408.2,407.46,408,1092.1,445407.228
1603623600000,2020-10-25T11:00:00+00:00,408,408,405.79,405.88,2431.5,988840.654
1603624500000,2020-10-25T11:15:00+00:00,405.88,407.37,404.86,406.71,5874.9,2384955.585
1603625400000,2020-10-25T11:30:00+00:00,406.71,407.25,405.65,407.06,3179.9,1292032.48
1603626300000,2020-10-25T11:45:00+00:00,407.06,407.53,406.64,407.33,1647.5,670838.298
1603627200000,2020-10-25T12:00:00+00:00,407.33,407.55,406.18,407.53,1789,728717.853
1603628100000,2020-10-25T12:15:00+00:00,407.53,408.4,407.1,408.05,2922.1,1191948.206
1603629000000,2020-10-25T12:30:00+00:00,408.05,408.51,407.65,408.27,1393.7,568939.817
1603629900000,2020-10-25T12:45:00+00:00,408.27,408.77,407.54,407.74,1051.4,429126.496
1603630800000,2020-10-25T13:00:00+00:00,407.74,407.94,407.06,407.68,903.6,368271.181
1603631700000,2020-10-25T13:15:00+00:00,407.68,409.38,407.53,409,1326.5,542250.676
1603632600000,2020-10-25T13:30:00+00:00,409,409.06,408.38,408.47,815.3,333329.015
1603633500000,2020-10-25T13:45:00+00:00,408.47,409,408.13,408.14,490.6,200485.56
1603634400000,2020-10-25T14:00:00+00:00,408.14,408.22,407.47,407.72,1070.1,436495.055
1603635300000,2020-10-25T14:15:00+00:00,407.72,408.68,407.57,408.37,828,338015.19
1603636200000,2020-10-25T14:30:00+00:00,408.37,408.92,408.19,408.34,3063.2,1251966.482
1603637100000,2020-10-25T14:45:00+00:00,408.34,408.5,407.62,408.36,603.7,246367.032
1603638000000,2020-10-25T15:00:00+00:00,408.36,409.05,408.14,408.6,842.8,344486.774
1603638900000,2020-10-25T15:15:00+00:00,408.6,408.8,407.93,408,392.4,160289.376
1603639800000,2020-10-25T15:30:00+00:00,408,408.1,406.67,407.7,2146.9,874911.952
1603640700000,2020-10-25T15:45:00+00:00,407.7,408.04,405.53,406.11,2252.5,915055.654
1603641600000,2020-10-25T16:00:00+00:00,406.11,408.34,402.92,408.16,11821.2,4787992.316
1603642500000,2020-10-25T16:15:00+00:00,408.16,408.86,407.7,407.71,2587.8,1056372.968
1603643400000,2020-10-25T16:30:00+00:00,407.71,408.46,407.24,408.03,996.5,406540.874
1603644300000,2020-10-25T16:45:00+00:00,408.03,408.4,407.7,408,417.1,170199.549
1603645200000,2020-10-25T17:00:00+00:00,408,408.81,407.61,407.64,312.2,127435.725
1603646100000,2020-10-25T17:15:00+00:00,407.64,408.15,407.19,408.01,133,54241.96
1603647000000,2020-10-25T17:30:00+00:00,408.01,408.08,407.31,407.96,351.4,143244.548
1603647900000,2020-10-25T17:45:00+00:00,407.96,408.3,407.12,407.88,215.8,88030.91
1603648800000,2020-10-25T18:00:00+00:00,407.88,408.11,405.99,407.33,945.9,385172.179
1603649700000,2020-10-25T18:15:00+00:00,407.33,407.63,406.67,406.88,117,47631.035
1603650600000,2020-10-25T18:30:00+00:00,406.88,407.58,406.38,407.52,225.6,91880.603
1603651500000,2020-10-25T18:45:00+00:00,407.52,407.71,406.73,406.97,573.6,233525.36
1603652400000,2020-10-25T19:00:00+00:00,406.97,407.76,406.94,407.76,272,110758.86
1603653300000,2020-10-25T19:15:00+00:00,407.76,407.96,407.03,407.5,261.9,106742.433
1603654200000,2020-10-25T19:30:00+00:00,407.5,407.75,407.09,407.29,312.4,127266.202
1603655100000,2020-10-25T19:45:00+00:00,407.29,408.35,407.28,408.34,810.3,330474.826
1603656000000,2020-10-25T20:00:00+00:00,408.34,408.58,407.87,408.5,403.2,164623.448
1603656900000,2020-10-25T20:15:00+00:00,408.5,408.84,408.11,408.74,198.1,80920.475
1603657800000,2020-10-25T20:30:00+00:00,408.74,408.75,407.89,407.9,198.7,81149.124
1603658700000,2020-10-25T20:45:00+00:00,407.9,408.15,407.48,407.48,237.2,96725.197
1603659600000,2020-10-25T21:00:00+00:00,407.48,408.02,407.2,407.64,399.1,162648.258
1603660500000,2020-10-25T21:15:00+00:00,407.64,407.66,406.85,407.26,158.4,64488.049
1603661400000,2020-10-25T21:30:00+00:00,407.26,407.83,407.16,407.73,101.9,41525.175
1603662300000,2020-10-25T21:45:00+00:00,407.73,408.26,407.63,408.01,152.2,62085.864
1603663200000,2020-10-25T22:00:00+00:00,408.01,408.1,405.65,406.25,236.8,96317.027
1603664100000,2020-10-25T22:15:00+00:00,406.25,406.59,405.43,405.9,2460.4,999384.704
1603665000000,2020-10-25T22:30:00+00:00,405.9,406.33,404.69,404.8,1718.6,696297.057
1603665900000,2020-10-25T22:45:00+00:00,404.8,406.36,404.8,406.3,1802.5,731387.408
1603666800000,2020-10-25T23:00:00+00:00,406.3,406.62,406.06,406.59,1251.4,508559.414
1603667700000,2020-10-25T23:15:00+00:00,406.59,407.14,406.39,407.04,2887.9,1175000.545
1603668600000,2020-10-25T23:30:00+00:00,407.04,407.47,406.8,407.18,558.5,227343.47
1603669500000,2020-10-25T23:45:00+00:00,407.18,407.23,405.78,406.15,2985.8,1212860.593
1603670400000,2020-10-26T00:00:00+00:00,406.15,406.35,403.59,403.83,5909.5,2391463.227
1603671300000,2020-10-26T00:15:00+00:00,403.83,405.24,403,404.61,2621.9,1059511.151
1603672200000,2020-10-26T00:30:00+00:00,404.61,406.43,404.61,406.11,1552.3,629584.444
1603673100000,2020-10-26T00:45:00+00:00,406.11,408.76,405.68,408.2,7737.7,3154839.389
1603674000000,2020-10-26T01:00:00+00:00,408.2,409.27,408.19,408.67,4504.9,1841890.518
1603674900000,2020-10-26T01:15:00+00:00,408.67,409.09,407.95,408.29,1106.1,451770.042
1603675800000,2020-10-26T01:30:00+00:00,408.29,408.43,407.11,407.26,1590,648016.456
1603676700000,2020-10-26T01:45:00+00:00,407.26,408.63,407.2,408.5,1835.9,748976.335
1603677600000,2020-10-26T02:00:00+00:00,408.5,408.91,407.79,408.86,1594.9,651272.037
1603678500000,2020-10-26T02:15:00+00:00,408.86,410.09,408.64,410,3806.7,1558445.184
1603679400000,2020-10-26T02:30:00+00:00,410,410.09,409.09,409.2,1109.9,454491.444
1603680300000,2020-10-26T02:45:00+00:00,409.2,409.54,408.45,409.03,1210.4,494973.456
1603681200000,2020-10-26T03:00:00+00:00,409.03,411.14,409.03,411.14,4160.5,1707298.877
1603682100000,2020-10-26T03:15:00+00:00,411.14,411.19,409.5,409.99,1526.1,626310.231
1603683000000,2020-10-26T03:30:00+00:00,409.99,410.36,408.81,408.89,2044.4,837011.464
1603683900000,2020-10-26T03:45:00+00:00,408.89,409.22,408.45,408.96,2814.5,1150188.153
1603684800000,2020-10-26T04:00:00+00:00,408.96,409.01,407.53,408.57,1632.9,666426.428
1603685700000,2020-10-26T04:15:00+00:00,408.57,408.74,406.99,408.16,3243.8,1323049.693
1603686600000,2020-10-26T04:30:00+00:00,408.16,409.08,408.13,408.87,2286.7,934564.346
1603687500000,2020-10-26T04:45:00+00:00,408.87,409.28,408.15,408.23,1274.4,520850.838
1603688400000,2020-10-26T05:00:00+00:00,408.23,409.18,407.9,408.87,660.1,269752.747
1603689300000,2020-10-26T05:15:00+00:00,408.87,408.95,408,408.76,659.9,269477.812
1603690200000,2020-10-26T05:30:00+00:00,408.76,408.93,407.32,407.49,1204,490981.668
1603691100000,2020-10-26T05:45:00+00:00,407.49,407.61,406.26,407.12,1999,813222.631
1603692000000,2020-10-26T06:00:00+00:00,407.12,407.72,406.13,406.43,2526.7,1027719.363
1603692900000,2020-10-26T06:15:00+00:00,406.43,407.01,405.52,405.94,3272.7,1329816.618
1603693800000,2020-10-26T06:30:00+00:00,405.94,406.77,405.51,406,2454.2,996519.274
1603694700000,2020-10-26T06:45:00+00:00,406,407.13,405.69,406.58,3893.6,1583226.676
1603695600000,2020-10-26T07:00:00+00:00,406.58,406.85,405.7,405.77,2172,882449.659
1603696500000,2020-10-26T07:15:00+00:00,405.77,405.97,404.59,405.5,5077.6,2058510.043
1603697400000,2020-10-26T07:30:00+00:00,405.5,406.63,405.48,406.27,1756.8,713615.252
1603698300000,2020-10-26T07:45:00+00:00,406.27,406.45,404.75,405.2,2997,1215843.873
1603699200000,2020-10-26T08:00:00+00:00,405.2,406.11,404.25,405.58,4566.5,1850484.611
1603700100000,2020-10-26T08:15:00+00:00,405.58,405.58,401.23,403.49,15783.9,6360395.827
1603701000000,2020-10-26T08:30:00+00:00,403.49,406.3,403.01,406.25,5391.1,2184202.895
1603701900000,2020-10-26T08:45:00+00:00,406.25,406.98,405.74,406.21,2976.8,1209531.021
1603702800000,2020-10-26T09:00:00+00:00,406.21,406.88,405.94,406.56,1364.6,554399.507
1603703700000,2020-10-26T09:15:00+00:00,406.56,406.92,405.91,405.94,1152.3,468157.824
1603704600000,2020-10-26T09:30:00+00:00,405.94,406.49,405.72,406.43,1131.2,459425.96
1603705500000,2020-10-26T09:45:00+00:00,406.43,406.78,406.25,406.5,795.8,323586.821
1603706400000,2020-10-26T10:00:00+00:00,406.5,406.64,405.41,405.75,1296.3,526202.776
1603707300000,2020-10-26T10:15:00+00:00,405.75,405.99,404.95,405.13,1890.6,766125.164
1603708200000,2020-10-26T10:30:00+00:00,405.13,406.66,404.8,406.31,1754.6,712099.893
1603709100000,2020-10-26T10:45:00+00:00,406.31,407.75,406.31,407.08,2532.5,1031107.234
1603710000000,2020-10-26T11:00:00+00:00,407.08,407.98,406.83,407.42,1484.6,604866.013
1603710900000,2020-10-26T11:15:00+00:00,407.42,407.69,406.4,406.45,2363.6,961868.367
1603711800000,2020-10-26T11:30:00+00:00,406.45,406.51,405.69,405.76,2153,874282.411
1603712700000,2020-10-26T11:45:00+00:00,405.76,406.08,404.4,405.34,2521.2,1022025.965
1603713600000,2020-10-26T12:00:00+00:00,405.34,405.79,403.75,404.38,6073.3,2457127.629
1603714500000,2020-10-26T12:15:00+00:00,404.38,404.66,403.86,404.61,5338.4,2158215.25
1603715400000,2020-10-26T12:30:00+00:00,404.61,405.56,404.49,404.87,3338,1352200.091
1603716300000,2020-10-26T12:45:00+00:00,404.87,405.53,403.35,404.32,1875.4,758297.366
1603717200000,2020-10-26T13:00:00+00:00,404.32,406.12,403.46,406,3616.7,1465197.34
1603718100000,2020-10-26T13:15:00+00:00,406,406.53,405.64,406.41,2959.9,1202136.741
1603719000000,2020-10-26T13:30:00+00:00,406.41,407.36,404.4,404.9,4201.7,1703866.922
1603719900000,2020-10-26T13:45:00+00:00,404.9,405.91,403.94,405.75,3116.6,1261200.594
1603720800000,2020-10-26T14:00:00+00:00,405.75,406.46,404.67,404.78,1847.5,749947.672
1603721700000,2020-10-26T14:15:00+00:00,404.78,404.93,404,404.16,1884.9,762231.742
1603722600000,2020-10-26T14:30:00+00:00,404.16,405.3,403.05,405.06,3149.7,1273428.074
1603723500000,2020-10-26T14:45:00+00:00,405.06,405.59,403.63,403.67,2475.1,1001388.282
1603724400000,2020-10-26T15:00:00+00:00,403.67,403.68,402.44,402.53,6246.9,2517706.73
1603725300000,2020-10-26T15:15:00+00:00,402.53,402.54,396.75,399.03,33856.9,13530347.325
1603726200000,2020-10-26T15:30:00+00:00,399.03,399.32,394.18,396.4,29689.7,11780776.34
1603727100000,2020-10-26T15:45:00+00:00,396.4,396.98,391.31,393.82,29878.9,11765194.403
1603728000000,2020-10-26T16:00:00+00:00,393.82,395.87,391.64,394.58,8578.8,3376112.56
1603728900000,2020-10-26T16:15:00+00:00,394.58,395.33,392.74,393.77,3171.4,1249520.506
1603729800000,2020-10-26T16:30:00+00:00,393.77,393.77,384.24,388.59,23237.4,9039354.63
1603730700000,2020-10-26T16:45:00+00:00,388.59,389.57,386.76,387.03,4418,1715987.474
1603731600000,2020-10-26T17:00:00+00:00,387.03,390.09,385.19,389.24,7165.8,2780914.343
1603732500000,2020-10-26T17:15:00+00:00,389.24,389.27,386.39,387.37,3318.8,1285818.696
1603733400000,2020-10-26T17:30:00+00:00,387.37,387.37,382.3,383.78,9455.1,3634705.605
1603734300000,2020-10-26T17:45:00+00:00,383.78,386.68,382.45,386.17,5930.3,2282124.455
1603735200000,2020-10-26T18:00:00+00:00,386.17,387.01,384.91,386.35,2125.1,820422.531
1603736100000,2020-10-26T18:15:00+00:00,386.35,388.74,386.12,388.38,2905.2,1125894.443
1603737000000,2020-10-26T18:30:00+00:00,388.38,389.5,387.46,389.04,1341.8,521412.167
1603737900000,2020-10-26T18:45:00+00:00,389.04,389.51,388.06,388.82,892.3,346999.287
1603738800000,2020-10-26T19:00:00+00:00,388.82,389.36,388.1,389.22,915.2,355926.68
1603739700000,2020-10-26T19:15:00+00:00,389.22,391.19,388.34,391.19,1861.2,726413.872
1603740600000,2020-10-26T19:30:00+00:00,391.19,391.41,389.59,390.06,2332.6,911933.243
1603741500000,2020-10-26T19:45:00+00:00,390.06,391.57,389.31,391.36,999.1,390118.676
1603742400000,2020-10-26T20:00:00+00:00,391.36,392.68,390.72,392.67,1175,460460.712
1603743300000,2020-10-26T20:15:00+00:00,392.67,392.67,390.72,392.11,660.5,258648.007
1603744200000,2020-10-26T20:30:00+00:00,392.11,392.88,390.89,392.69,2974.4,1167092.856
1603745100000,2020-10-26T20:45:00+00:00,392.69,393.45,391.96,392.12,2024.7,795569.326
1603746000000,2020-10-26T21:00:00+00:00,392.12,393.49,391.84,392.93,649.6,255160.881
1603746900000,2020-10-26T21:15:00+00:00,392.93,393.9,392.58,393.7,944.4,371768.688
1603747800000,2020-10-26T21:30:00+00:00,393.7,393.7,391.2,391.63,675.7,265377.557
1603748700000,2020-10-26T21:45:00+00:00,391.63,393.1,391.08,391.95,869.3,340600.46
1603749600000,2020-10-26T22:00:00+00:00,391.95,392.36,390.64,391.93,854.2,334439.1
1603750500000,2020-10-26T22:15:00+00:00,391.93,392.37,390.77,392.09,695,272470.049
1603751400000,2020-10-26T22:30:00+00:00,392.09,392.2,391.14,391.63,529,207124.989
1603752300000,2020-10-26T22:45:00+00:00,391.63,392.24,390.27,392.23,390.5,152843.625
1603753200000,2020-10-26T23:00:00+00:00,392.23,393.91,391.88,393.33,1769.4,694742.738
1603754100000,2020-10-26T23:15:00+00:00,393.33,394.45,393.33,393.86,2502.6,985941.25
1603755000000,2020-10-26T23:30:00+00:00,393.86,394.27,393.32,393.73,893.7,352007.093
1603755900000,2020-10-26T23:45:00+00:00,393.73,393.74,392.36,392.55,1745,685939.149
1603756800000,2020-10-27T00:00:00+00:00,392.55,394.23,392.2,394.02,1513.5,594844.23
1603757700000,2020-10-27T00:15:00+00:00,394.02,395.68,393.94,395.25,4141.5,1634512.396
1603758600000,2020-10-27T00:30:00+00:00,395.25,395.82,394.33,394.43,1999.9,790046.313
1603759500000,2020-10-27T00:45:00+00:00,394.43,394.76,393.69,394.5,2478.5,976900.204
1603760400000,2020-10-27T01:00:00+00:00,394.5,394.81,393.78,393.92,1034.7,407739.693
1603761300000,2020-10-27T01:15:00+00:00,393.92,393.98,393.08,393.74,1746,687085.938
1603762200000,2020-10-27T01:30:00+00:00,393.74,394.62,393.15,394.39,1502.3,592045.612
1603763100000,2020-10-27T01:45:00+00:00,394.39,394.65,393.58,393.91,3425.7,1349683.173
1603764000000,2020-10-27T02:00:00+00:00,393.91,394.82,393.45,393.87,2066.9,814802.392
1603764900000,2020-10-27T02:15:00+00:00,393.87,393.88,392.68,393.09,2867.6,1127583.129
1603765800000,2020-10-27T02:30:00+00:00,393.09,394.27,392.79,393.61,4049.6,1593858.466
1603766700000,2020-10-27T02:45:00+00:00,393.61,393.63,392.18,392.39,1535.9,602879.514
1603767600000,2020-10-27T03:00:00+00:00,392.39,393.05,392.34,392.54,758,297622.643
1603768500000,2020-10-27T03:15:00+00:00,392.54,393.4,392.2,392.4,1351.3,530693.174
1603769400000,2020-10-27T03:30:00+00:00,392.4,392.9,391.69,392.61,1188,465981.485
1603770300000,2020-10-27T03:45:00+00:00,392.61,393.49,392.17,393.08,1542.6,606231.901
1603771200000,2020-10-27T04:00:00+00:00,393.08,394.07,393.08,393.89,2200.1,866255.147
1603772100000,2020-10-27T04:15:00+00:00,393.89,393.95,393.19,393.57,788.9,310508.405
1603773000000,2020-10-27T04:30:00+00:00,393.57,394,393.43,393.81,1106.6,435757.027
1603773900000,2020-10-27T04:45:00+00:00,393.81,394.8,393.81,394.39,2322.2,915681.377
1603774800000,2020-10-27T05:00:00+00:00,394.39,394.79,393.45,393.5,2953.2,1164335.021
1603775700000,2020-10-27T05:15:00+00:00,393.5,393.73,392.82,392.85,737.1,289959.012
1603776600000,2020-10-27T05:30:00+00:00,392.85,393.5,392.84,393,1656.8,651252.996
1603777500000,2020-10-27T05:45:00+00:00,393,393.79,392.54,393.01,1826.2,717982.81
1603778400000,2020-10-27T06:00:00+00:00,393.01,393.31,392.55,393.29,699.8,274990.889
1603779300000,2020-10-27T06:15:00+00:00,393.29,393.59,392.85,392.91,582,228911.572
1603780200000,2020-10-27T06:30:00+00:00,392.91,393.17,392.29,393.17,1053.1,413484.139
1603781100000,2020-10-27T06:45:00+00:00,393.17,394.5,393.17,394.49,1720.4,677799.544
1603782000000,2020-10-27T07:00:00+00:00,394.49,395.15,393.88,394.25,2521.7,995115.85
1603782900000,2020-10-27T07:15:00+00:00,394.25,394.25,393.4,393.51,801.6,315796.883
1603783800000,2020-10-27T07:30:00+00:00,393.51,394.81,393.2,394.81,2978.2,1173338.791
1603784700000,2020-10-27T07:45:00+00:00,394.81,395.18,393.88,394.3,4807.6,1897007.406
1603785600000,2020-10-27T08:00:00+00:00,394.3,394.84,393.3,393.53,3272.6,1289514.431
1603786500000,2020-10-27T08:15:00+00:00,393.53,393.78,393,393.71,2500.6,983549.566
1603787400000,2020-10-27T08:30:00+00:00,393.71,394.32,393.31,393.89,750.2,295420.656
1603788300000,2020-10-27T08:45:00+00:00,393.89,394.29,393.5,393.67,1057.4,416507.291
1603789200000,2020-10-27T09:00:00+00:00,393.67,393.96,392.66,392.97,3678.1,1445554.359
1603790100000,2020-10-27T09:15:00+00:00,392.97,393.28,390.32,390.66,6041.5,2365912.549
1603791000000,2020-10-27T09:30:00+00:00,390.66,391.41,390.03,391.14,4202.6,1642478.865
1603791900000,2020-10-27T09:45:00+00:00,391.14,392.4,391.14,392.11,3640,1426484.99
1603792800000,2020-10-27T10:00:00+00:00,392.11,392.54,391.51,392.48,1952.7,765547.703
1603793700000,2020-10-27T10:15:00+00:00,392.48,394.62,392.08,394.27,6600.7,2596566.038
1603794600000,2020-10-27T10:30:00+00:00,394.27,397,393.75,396.97,13134,5196101.118
1603795500000,2020-10-27T10:45:00+00:00,396.97,397,395.89,396.38,6267.8,2484391.056
1603796400000,2020-10-27T11:00:00+00:00,396.38,397.78,395.75,396.3,6683.1,2651453.511
1603797300000,2020-10-27T11:15:00+00:00,396.3,402.68,395.87,402.12,21993.7,8796632.582
1603798200000,2020-10-27T11:30:00+00:00,402.12,403.6,400.02,401.61,14855.4,5963793.886
1603799100000,2020-10-27T11:45:00+00:00,401.61,402.47,401,402.35,4125.7,1657947.653
1603800000000,2020-10-27T12:00:00+00:00,402.35,402.76,400.77,401.91,4603.9,1849879.808
1603800900000,2020-10-27T12:15:00+00:00,401.91,403.8,401.31,402.76,4386.6,1766322.194
1603801800000,2020-10-27T12:30:00+00:00,402.76,404.8,402.37,403.12,7175,2895891.07
1603802700000,2020-10-27T12:45:00+00:00,403.12,405.27,402.25,404,5059,2043005.543
1603803600000,2020-10-27T13:00:00+00:00,404,406.59,403.64,406.56,9904,4017078.202
1603804500000,2020-10-27T13:15:00+00:00,406.56,407,404.95,405.54,7639.8,3100814.557
1603805400000,2020-10-27T13:30:00+00:00,405.54,405.88,402.65,403.51,5911,2388002.708
1603806300000,2020-10-27T13:45:00+00:00,403.51,403.76,402.07,403.5,2096.3,844573.517
1603807200000,2020-10-27T14:00:00+00:00,403.5,404.35,402.82,404.34,852.3,344214.428
1603808100000,2020-10-27T14:15:00+00:00,404.34,404.45,401.37,401.58,4727.8,1903557.73
1603809000000,2020-10-27T14:30:00+00:00,401.58,403.95,401.58,403.06,5019.9,2021979.325
1603809900000,2020-10-27T14:45:00+00:00,403.06,403.92,402.89,403.39,1824.2,736453.608
1603810800000,2020-10-27T15:00:00+00:00,403.39,405.23,403.39,404.72,2942.5,1189861.11
1603811700000,2020-10-27T15:15:00+00:00,404.72,405.22,403.55,403.88,2952.3,1194044.902
1603812600000,2020-10-27T15:30:00+00:00,403.88,404.63,403.27,404.63,3032.6,1224521.414
1603813500000,2020-10-27T15:45:00+00:00,404.63,406.89,404.26,406.39,4757.6,1929643.336
1603814400000,2020-10-27T16:00:00+00:00,406.39,409.49,405.95,408.24,8784.5,3581164.17
1603815300000,2020-10-27T16:15:00+00:00,408.24,409.06,407.37,408.57,5427,2215488.352
1603816200000,2020-10-27T16:30:00+00:00,408.57,409.37,407.38,409.27,5843.4,2385794.009
1603817100000,2020-10-27T16:45:00+00:00,409.27,409.99,408.53,409.89,3517.5,1439799.985
1603818000000,2020-10-27T17:00:00+00:00,409.89,410.41,407.66,407.96,7749.1,3167791.143
1603818900000,2020-10-27T17:15:00+00:00,407.96,409.01,407.91,408.55,1638.5,669386.672
1603819800000,2020-10-27T17:30:00+00:00,408.55,410.01,408.23,410,1834.7,751294.027
1603820700000,2020-10-27T17:45:00+00:00,410,410.56,408.2,408.24,1769.1,723493.974
1603821600000,2020-10-27T18:00:00+00:00,408.24,409.71,408.19,408.94,866.9,354491.66
1603822500000,2020-10-27T18:15:00+00:00,408.94,408.99,402.12,404.77,10052.6,4068472.214
1603823400000,2020-10-27T18:30:00+00:00,404.77,406.41,404.31,405.71,1042.9,422888.963
1603824300000,2020-10-27T18:45:00+00:00,405.71,406.62,405.18,406.23,369.5,150007.641
1603825200000,2020-10-27T19:00:00+00:00,406.23,406.42,405.32,406.11,556.7,225954.726
1603826100000,2020-10-27T19:15:00+00:00,406.11,406.74,405.64,406.34,338.4,137469.327
1603827000000,2020-10-27T19:30:00+00:00,406.34,407.61,406.13,407.48,579,235508.914
1603827900000,2020-10-27T19:45:00+00:00,407.48,407.48,406.33,406.52,599.6,244019.173
1603828800000,2020-10-27T20:00:00+00:00,406.52,406.73,405.3,406.03,357.3,145011.098
1603829700000,2020-10-27T20:15:00+00:00,406.03,407,405.38,405.39,649.5,263909.552
1603830600000,2020-10-27T20:30:00+00:00,405.39,405.52,403.69,404.45,789.9,319719.618
1603831500000,2020-10-27T20:45:00+00:00,404.45,404.46,401.59,403.33,2901.7,1169449.842
1603832400000,2020-10-27T21:00:00+00:00,403.33,404.63,403.18,403.96,465.9,188387.976
1603833300000,2020-10-27T21:15:00+00:00,403.96,404.89,403.96,404.89,393.9,159390.589
1603834200000,2020-10-27T21:30:00+00:00,404.89,405.33,404.11,404.94,270.4,109481.601
1603835100000,2020-10-27T21:45:00+00:00,404.94,405.43,402.5,403.04,479.1,193421.91
1603836000000,2020-10-27T22:00:00+00:00,403.04,403.51,402.3,402.38,638,257028.565
1603836900000,2020-10-27T22:15:00+00:00,402.38,403.46,401.69,403.28,896.3,360719.222
1603837800000,2020-10-27T22:30:00+00:00,403.28,404.67,403.26,404.22,368.1,148735.43
1603838700000,2020-10-27T22:45:00+00:00,404.22,405.6,404.15,405.18,1266.9,513375.388
1603839600000,2020-10-27T23:00:00+00:00,405.18,405.86,404.53,405.25,838.7,339919.296
1603840500000,2020-10-27T23:15:00+00:00,405.25,405.49,403.9,404.32,879.4,355951.926
1603841400000,2020-10-27T23:30:00+00:00,404.32,404.32,402.41,403.97,1334.7,538750.415
1603842300000,2020-10-27T23:45:00+00:00,403.97,404.23,403.5,403.69,881.2,355796.332
1603843200000,2020-10-28T00:00:00+00:00,403.69,405.26,402.89,405.16,1689.8,682794.453
1603844100000,2020-10-28T00:15:00+00:00,405.16,405.45,404.84,405.28,1372.1,555817.377
1603845000000,2020-10-28T00:30:00+00:00,405.28,406,404.99,405.97,1118.6,453722.198
1603845900000,2020-10-28T00:45:00+00:00,405.97,406.35,405.33,405.59,951.4,386205.659
1603846800000,2020-10-28T01:00:00+00:00,405.59,406.43,405.24,406.11,893.8,362910.157
1603847700000,2020-10-28T01:15:00+00:00,406.11,406.11,404.81,405.93,1244.7,504777.342
1603848600000,2020-10-28T01:30:00+00:00,405.93,409.44,405.84,409.42,5176.5,2109053.471
1603849500000,2020-10-28T01:45:00+00:00,409.42,409.63,408.01,408.14,1593,651184.986
1603850400000,2020-10-28T02:00:00+00:00,408.14,408.19,406.9,407.61,3070.9,1250882.207
1603851300000,2020-10-28T02:15:00+00:00,407.61,408.02,406.77,407.5,1155.4,470695.767
1603852200000,2020-10-28T02:30:00+00:00,407.5,408.09,407.25,407.32,1031.5,420575.379
1603853100000,2020-10-28T02:45:00+00:00,407.32,408.3,407.1,408.3,2566.7,1045818.52
1603854000000,2020-10-28T03:00:00+00:00,408.3,408.33,404.55,405.88,6146.7,2494144.917
1603854900000,2020-10-28T03:15:00+00:00,405.88,407.22,405.6,407.14,1457.5,592449.145
1603855800000,2020-10-28T03:30:00+00:00,407.14,407.66,406.09,406.33,1226.8,499583.98
1603856700000,2020-10-28T03:45:00+00:00,406.33,406.42,405.57,405.95,1475.5,599053.253
1603857600000,2020-10-28T04:00:00+00:00,405.95,407.35,405.81,406.21,1196.5,486668.615
1603858500000,2020-10-28T04:15:00+00:00,406.21,406.27,404.66,405.46,2070.8,838969.416
1603859400000,2020-10-28T04:30:00+00:00,405.46,406.44,405.15,406.09,1138.6,462459.669
1603860300000,2020-10-28T04:45:00+00:00,406.09,406.14,405.37,405.84,1316.5,534129.299
1603861200000,2020-10-28T05:00:00+00:00,405.84,406.65,404.41,404.76,2027.7,822339.9
1603862100000,2020-10-28T05:15:00+00:00,404.76,405.07,403.62,404.92,3422.7,1383698.108
1603863000000,2020-10-28T05:30:00+00:00,404.92,405.42,404.45,404.97,1380.2,559169.783
1603863900000,2020-10-28T05:45:00+00:00,404.97,405.73,404.23,405.08,2078.4,842516.752
1603864800000,2020-10-28T06:00:00+00:00,405.08,405.72,404.39,405.64,2087.6,845464.088
1603865700000,2020-10-28T06:15:00+00:00,405.64,405.85,405.08,405.24,953.1,386535.283
1603866600000,2020-10-28T06:30:00+00:00,405.24,405.31,403.87,404.01,2984.1,1206361.741
1603867500000,2020-10-28T06:45:00+00:00,404.01,404.66,402.61,402.76,3540.5,1428309.086
1603868400000,2020-10-28T07:00:00+00:00,402.76,403.41,395.5,398.43,18480.7,7394245.212
1603869300000,2020-10-28T07:15:00+00:00,398.43,398.83,394.37,396.79,24144.4,9564152.938
1603870200000,2020-10-28T07:30:00+00:00,396.79,397.91,396.07,396.52,3767.9,1496515.62
1603871100000,2020-10-28T07:45:00+00:00,396.52,397.6,396.06,396.83,2127.9,844435.263
1603872000000,2020-10-28T08:00:00+00:00,396.83,396.91,391.14,393.57,16323.8,6425983.498
1603872900000,2020-10-28T08:15:00+00:00,393.57,397.6,391.9,397.27,7428.6,2932068.818
1603873800000,2020-10-28T08:30:00+00:00,397.27,397.38,395.46,395.46,4274.5,1694345.073
1603874700000,2020-10-28T08:45:00+00:00,395.46,397.03,394.39,397.01,8155.2,3227542.967
1603875600000,2020-10-28T09:00:00+00:00,397.01,398.72,396.64,396.82,3939,1565995.567
1603876500000,2020-10-28T09:15:00+00:00,396.82,397.31,395.47,395.67,2024.5,802583.467
1603877400000,2020-10-28T09:30:00+00:00,395.67,396.27,394.11,394.86,7153.6,2825581.349
1603878300000,2020-10-28T09:45:00+00:00,394.86,395.68,393,393.73,5608.9,2211450.965
1603879200000,2020-10-28T10:00:00+00:00,393.73,393.93,391.5,393.79,7084.1,2780466.703
1603880100000,2020-10-28T10:15:00+00:00,393.79,395.46,393.31,394.68,6670.7,2631719.115
1603881000000,2020-10-28T10:30:00+00:00,394.68,396.99,394.68,396.54,4594.3,1820004.04
1603881900000,2020-10-28T10:45:00+00:00,396.54,396.8,394.56,394.56,4656.5,1842616.058
1603882800000,2020-10-28T11:00:00+00:00,394.56,394.58,391.62,392.09,6363.9,2499988.204
1603883700000,2020-10-28T11:15:00+00:00,392.09,393.56,387.65,390.63,15382,6001714.478
1603884600000,2020-10-28T11:30:00+00:00,390.63,390.94,386.6,390.28,11396.6,4432544.83
1603885500000,2020-10-28T11:45:00+00:00,390.28,390.88,386.37,386.8,5537.5,2152843.236
1603886400000,2020-10-28T12:00:00+00:00,386.8,389.8,385.68,388.84,6629.3,2569580.752
1603887300000,2020-10-28T12:15:00+00:00,388.84,389.59,386.4,389.07,6138.7,2383205.117
1603888200000,2020-10-28T12:30:00+00:00,389.07,389.97,386.64,388.39,4628.1,1793892.169
1603889100000,2020-10-28T12:45:00+00:00,388.39,390.63,387.8,390.07,3464.2,1349353.151
1603890000000,2020-10-28T13:00:00+00:00,390.07,392.2,389.49,390.1,5668.8,2214817.609
1603890900000,2020-10-28T13:15:00+00:00,390.1,390.2,388.12,388.24,2810.1,1093481.673
1603891800000,2020-10-28T13:30:00+00:00,388.24,389.97,387.63,389.43,3045,1183292.914
1603892700000,2020-10-28T13:45:00+00:00,389.43,390.03,386.5,386.8,2846.1,1103535.323
1603893600000,2020-10-28T14:00:00+00:00,386.8,388.59,383.59,383.59,9388.7,3620990.171
1603894500000,2020-10-28T14:15:00+00:00,383.59,385.22,379.28,385.05,25852.7,9883060.685
1603895400000,2020-10-28T14:30:00+00:00,385.05,387.03,384.32,386.9,4732.5,1826124.898
1603896300000,2020-10-28T14:45:00+00:00,386.9,387.1,385.26,385.95,2556.3,987133.029
1603897200000,2020-10-28T15:00:00+00:00,385.95,387.55,384.79,387.11,1679.7,649021.401
1603898100000,2020-10-28T15:15:00+00:00,387.11,387.19,386.08,386.75,1455.5,562782.413
1603899000000,2020-10-28T15:30:00+00:00,386.75,387.77,385.81,387.25,3850.2,1489659.058
1603899900000,2020-10-28T15:45:00+00:00,387.25,387.98,386.08,387.48,1884.2,730042.85
1603900800000,2020-10-28T16:00:00+00:00,387.48,387.8,386,387.27,3948.2,1525978.336
1603901700000,2020-10-28T16:15:00+00:00,387.27,387.4,385.38,385.56,2897.1,1118281.489
1603902600000,2020-10-28T16:30:00+00:00,385.56,385.67,382.65,383.13,4312.9,1654729.646
1603903500000,2020-10-28T16:45:00+00:00,383.13,385.64,382.47,385.09,3148.3,1210174.095
1603904400000,2020-10-28T17:00:00+00:00,385.09,385.11,381.8,381.97,2214.5,848895.763
1603905300000,2020-10-28T17:15:00+00:00,381.97,384.05,380.73,383.83,5838.6,2229649.339
1603906200000,2020-10-28T17:30:00+00:00,383.83,385.44,383.76,385.12,1227.6,472337.209
1603907100000,2020-10-28T17:45:00+00:00,385.12,385.58,384.08,384.88,685,263631.988
1603908000000,2020-10-28T18:00:00+00:00,384.88,385.79,384.54,384.63,491.7,189411.365
1603908900000,2020-10-28T18:15:00+00:00,384.63,386.24,384.62,386.19,340.7,131337.86
1603909800000,2020-10-28T18:30:00+00:00,386.19,386.8,385.88,385.91,315.4,121837.238
1603910700000,2020-10-28T18:45:00+00:00,385.91,386.57,384.63,386.27,456.4,176055.508
1603911600000,2020-10-28T19:00:00+00:00,386.27,386.89,385.04,385.77,661.8,255519.126
1603912500000,2020-10-28T19:15:00+00:00,385.77,386.55,384.78,386.11,1064.8,410802.207
1603913400000,2020-10-28T19:30:00+00:00,386.11,386.68,384.32,384.53,1161.5,447141.97
1603914300000,2020-10-28T19:45:00+00:00,384.53,385.18,383.9,384.41,654.8,251756.696
1603915200000,2020-10-28T20:00:00+00:00,384.41,386.17,384.01,385.89,549.8,211578.154
1603916100000,2020-10-28T20:15:00+00:00,385.89,386.25,384.72,385.13,356.3,137384.962
1603917000000,2020-10-28T20:30:00+00:00,385.13,386.22,384.19,384.19,727.8,280261.529
1603917900000,2020-10-28T20:45:00+00:00,384.19,385.82,384.19,385.31,535.2,206197.625
1603918800000,2020-10-28T21:00:00+00:00,385.31,385.45,383,383.18,724.3,278270.638
1603919700000,2020-10-28T21:15:00+00:00,383.18,383.78,382.38,382.7,1285.2,492664.234
1603920600000,2020-10-28T21:30:00+00:00,382.7,384.94,382.53,384.93,680.8,261346.523
1603921500000,2020-10-28T21:45:00+00:00,384.93,386.47,384.91,386.35,927.6,357662.355
1603922400000,2020-10-28T22:00:00+00:00,386.35,387.9,385.96,387.61,1450.7,561234.483
1603923300000,2020-10-28T22:15:00+00:00,387.61,387.88,387.02,387.78,772.6,299277.868
1603924200000,2020-10-28T22:30:00+00:00,387.78,388.12,386.78,388.03,1104.2,427852.809
1603925100000,2020-10-28T22:45:00+00:00,388.03,388.42,387.32,387.59,1255.1,486733.788
1603926000000,2020-10-28T23:00:00+00:00,387.59,387.84,387.05,387.37,560.1,217049.579
1603926900000,2020-10-28T23:15:00+00:00,387.37,388.5,387.37,388.09,1203.2,466872.339
1603927800000,2020-10-28T23:30:00+00:00,388.09,390.22,387.99,388.15,1780.4,692998.651
1603928700000,2020-10-28T23:45:00+00:00,388.15,389.01,388.11,388.11,572.2,222272.516
1603929600000,2020-10-29T00:00:00+00:00,388.11,390.13,387.64,389.87,1828,710742.774
1603930500000,2020-10-29T00:15:00+00:00,389.87,390.08,388.97,389.16,1006.7,392179.313
1603931400000,2020-10-29T00:30:00+00:00,389.16,389.3,388.13,388.4,1435.6,558054.021
1603932300000,2020-10-29T00:45:00+00:00,388.4,388.77,388.13,388.19,616.1,239274.287
1603933200000,2020-10-29T01:00:00+00:00,388.19,389.24,387.79,387.94,996.1,386868.429
1603934100000,2020-10-29T01:15:00+00:00,387.94,388.5,386.29,386.91,2437.3,944003.495
1603935000000,2020-10-29T01:30:00+00:00,386.91,389.11,386.91,388.94,2274.6,882288.071
1603935900000,2020-10-29T01:45:00+00:00,388.94,391.92,388.92,391.46,3747.5,1463286.548
1603936800000,2020-10-29T02:00:00+00:00,391.46,391.91,390.21,390.4,1863,728356.72
1603937700000,2020-10-29T02:15:00+00:00,390.4,390.99,389.55,389.95,1784.1,696016.79
1603938600000,2020-10-29T02:30:00+00:00,389.95,391.18,389.74,390.63,1717.4,670985.158
1603939500000,2020-10-29T02:45:00+00:00,390.63,390.87,389.92,390.53,916.5,357822.653
1603940400000,2020-10-29T03:00:00+00:00,390.53,390.83,389.13,389.74,2300.6,896595.443
1603941300000,2020-10-29T03:15:00+00:00,389.74,389.88,388.77,389.65,2921.5,1137041.441
1603942200000,2020-10-29T03:30:00+00:00,389.65,390.76,389.64,390.32,1797.2,701114.26
1603943100000,2020-10-29T03:45:00+00:00,390.32,391.93,390.31,391.89,1815.9,710345.267
1603944000000,2020-10-29T04:00:00+00:00,391.89,392.23,390.92,391.58,3523.9,1380029.693
1603944900000,2020-10-29T04:15:00+00:00,391.58,391.73,390.86,391.08,1258.7,492545.65
1603945800000,2020-10-29T04:30:00+00:00,391.08,391.82,390.56,390.59,2223.9,869886.752
1603946700000,2020-10-29T04:45:00+00:00,390.59,391.45,390.28,390.32,793.2,310035.629
1603947600000,2020-10-29T05:00:00+00:00,390.32,391.25,390.26,391.25,1498,585465.356
1603948500000,2020-10-29T05:15:00+00:00,391.25,391.75,390.62,390.65,727.9,284633.323
1603949400000,2020-10-29T05:30:00+00:00,390.65,391.43,390.13,391.4,1099.3,429526.427
1603950300000,2020-10-29T05:45:00+00:00,391.4,391.81,390.1,391.72,1793.7,701545.372
1603951200000,2020-10-29T06:00:00+00:00,391.72,392.13,390.61,390.78,1059.3,414776.281
1603952100000,2020-10-29T06:15:00+00:00,390.78,391.82,390.72,391.48,813.7,318376.864
1603953000000,2020-10-29T06:30:00+00:00,391.48,391.57,390.5,390.91,1446.7,565378.137
1603953900000,2020-10-29T06:45:00+00:00,390.91,391.96,390.37,390.79,2274.2,889361.275
1603954800000,2020-10-29T07:00:00+00:00,390.79,392.03,390.5,391.15,2198.7,860389.499
1603955700000,2020-10-29T07:15:00+00:00,391.15,391.16,389.44,389.97,1443.3,563433.648
1603956600000,2020-10-29T07:30:00+00:00,389.97,390.34,389.2,389.31,3537,1379464.587
1603957500000,2020-10-29T07:45:00+00:00,389.31,389.35,386.71,387.07,6893.9,2674584.878
1603958400000,2020-10-29T08:00:00+00:00,387.07,388.71,384.81,386.23,8922.8,3450004.827
1603959300000,2020-10-29T08:15:00+00:00,386.23,387.52,386.19,387.12,1786,691272.258
1603960200000,2020-10-29T08:30:00+00:00,387.12,387.74,386.84,387.17,1799.9,697134.23
1603961100000,2020-10-29T08:45:00+00:00,387.17,387.7,386.05,386.3,1602.7,620451.401
1603962000000,2020-10-29T09:00:00+00:00,386.3,388.14,386.07,387.72,1803.4,698850.312
1603962900000,2020-10-29T09:15:00+00:00,387.72,388.11,385.99,386.72,3396.5,1316823.686
1603963800000,2020-10-29T09:30:00+00:00,386.72,387.25,385.79,387.16,2807.5,1084526.652
1603964700000,2020-10-29T09:45:00+00:00,387.16,388.04,387.14,387.9,2771.1,1074386.215
1603965600000,2020-10-29T10:00:00+00:00,387.9,387.99,386.5,387.1,699,270737.868
1603966500000,2020-10-29T10:15:00+00:00,387.1,387.4,385.69,385.69,2769.1,1070039.705
1603967400000,2020-10-29T10:30:00+00:00,385.69,386.55,384.22,385.61,8824.9,3401678.417
1603968300000,2020-10-29T10:45:00+00:00,385.61,386.48,385.44,386.07,2597,1003124.392
1603969200000,2020-10-29T11:00:00+00:00,386.07,387.21,385.45,386.87,1305.4,504662.701
1603970100000,2020-10-29T11:15:00+00:00,386.87,386.87,385.07,385.49,2894.5,1117650.289
1603971000000,2020-10-29T11:30:00+00:00,385.49,386.96,385.31,385.48,2148.3,829449.559
1603971900000,2020-10-29T11:45:00+00:00,385.48,386.01,382.91,382.94,4499,1727983.432
1603972800000,2020-10-29T12:00:00+00:00,382.94,384.1,382.43,382.79,6367.8,2440710.138
1603973700000,2020-10-29T12:15:00+00:00,382.79,383.71,380.59,381.01,8121.6,3101099.964
1603974600000,2020-10-29T12:30:00+00:00,381.01,384.68,380.8,383.27,6855.8,2628203.453
1603975500000,2020-10-29T12:45:00+00:00,383.27,384.63,382.28,384.22,3850.1,1476568.409
1603976400000,2020-10-29T13:00:00+00:00,384.22,385.58,383.79,384.39,2631.1,1012204.341
1603977300000,2020-10-29T13:15:00+00:00,384.39,384.79,383.71,384.77,1435.1,551476.322
1603978200000,2020-10-29T13:30:00+00:00,384.77,387.19,384.58,385.59,5167.6,1996233.629
1603979100000,2020-10-29T13:45:00+00:00,385.59,387.47,385.16,387.18,2258.6,872774.794
1603980000000,2020-10-29T14:00:00+00:00,387.18,388.58,386.4,387.74,4751,1842234.184
1603980900000,2020-10-29T14:15:00+00:00,387.74,391.45,387.74,391.34,5291.1,2063107.199
1603981800000,2020-10-29T14:30:00+00:00,391.34,392.83,389.71,391.22,5228.2,2045450.278
1603982700000,2020-10-29T14:45:00+00:00,391.22,391.33,389.47,390.37,2912.7,1137040.156
1603983600000,2020-10-29T15:00:00+00:00,390.37,390.95,389.5,390.14,2348.8,915937.15
1603984500000,2020-10-29T15:15:00+00:00,390.14,391.92,390.11,391.15,1690.6,660919.653
1603985400000,2020-10-29T15:30:00+00:00,391.15,391.42,389.7,390.03,878.1,342863.863
1603986300000,2020-10-29T15:45:00+00:00,390.03,391.54,389.97,390.73,995.1,388704.426
1603987200000,2020-10-29T16:00:00+00:00,390.73,391.24,389.75,391.22,2216.4,865134.642
1603988100000,2020-10-29T16:15:00+00:00,391.22,392.68,390.91,392.67,2021.9,792049.67
1603989000000,2020-10-29T16:30:00+00:00,392.67,393.93,392.02,392.85,5018.7,1972147.719
1603989900000,2020-10-29T16:45:00+00:00,392.85,392.87,391.39,391.55,675.3,264700.117
1603990800000,2020-10-29T17:00:00+00:00,391.55,391.67,390.14,391.26,1463.4,572015.989
1603991700000,2020-10-29T17:15:00+00:00,391.26,391.41,389.88,390.78,1107.7,432305.347
1603992600000,2020-10-29T17:30:00+00:00,390.78,392.85,390.67,392.56,378.4,148325.489
1603993500000,2020-10-29T17:45:00+00:00,392.56,392.63,390.91,391.54,1041.4,407939.155
1603994400000,2020-10-29T18:00:00+00:00,391.54,392.3,390.42,390.78,765.1,299403.556
1603995300000,2020-10-29T18:15:00+00:00,390.78,391.59,390.07,391.31,568.5,222363.154
1603996200000,2020-10-29T18:30:00+00:00,391.31,391.76,389.67,391.12,2800.6,1094064.764
1603997100000,2020-10-29T18:45:00+00:00,391.12,391.9,390.59,391.28,2359.6,922935.592
1603998000000,2020-10-29T19:00:00+00:00,391.28,391.61,390.2,390.3,625.9,244615.655
1603998900000,2020-10-29T19:15:00+00:00,390.3,391.04,388.6,389.66,1172.9,457008.597
1603999800000,2020-10-29T19:30:00+00:00,389.66,390.52,389.55,389.87,250.1,97523.376
1604000700000,2020-10-29T19:45:00+00:00,389.87,390.79,388.6,388.6,355.1,138395.247
1604001600000,2020-10-29T20:00:00+00:00,388.6,389.7,388.21,388.34,1833.7,712832.628
1604002500000,2020-10-29T20:15:00+00:00,388.34,389.51,388.34,389.15,1242,483134
1604003400000,2020-10-29T20:30:00+00:00,389.15,389.28,387.72,388.95,2153.8,836770.543
1604004300000,2020-10-29T20:45:00+00:00,388.95,389.03,388.27,388.94,719.3,279592.301
1604005200000,2020-10-29T21:00:00+00:00,388.94,389.23,387.29,389.01,2519.5,979293.353
1604006100000,2020-10-29T21:15:00+00:00,389.01,389.09,387.77,388.21,692.2,268817.954
1604007000000,2020-10-29T21:30:00+00:00,388.21,388.22,386.93,387.33,1438.4,557033.976
1604007900000,2020-10-29T21:45:00+00:00,387.33,388.53,387.3,387.9,627.6,243486.598
1604008800000,2020-10-29T22:00:00+00:00,387.9,387.9,386.03,386.84,1436.6,555411.057
1604009700000,2020-10-29T22:15:00+00:00,386.84,386.87,385.34,385.5,2537.9,979854.429
1604010600000,2020-10-29T22:30:00+00:00,385.5,386.58,385.02,385.75,1693,653102.431
1604011500000,2020-10-29T22:45:00+00:00,385.75,386.35,383.36,383.67,3972.9,1527291.505
1604012400000,2020-10-29T23:00:00+00:00,383.67,385.17,383.55,385.03,2010,772508.879
1604013300000,2020-10-29T23:15:00+00:00,385.03,386.09,384.79,385.97,1873.5,722749.549
1604014200000,2020-10-29T23:30:00+00:00,385.97,387.22,385.67,386.71,1079.8,417321.896
1604015100000,2020-10-29T23:45:00+00:00,386.71,387.26,386,386.97,686.2,265233.946
1604016000000,2020-10-30T00:00:00+00:00,386.97,387.19,383.15,383.83,3472.9,1334036.979
1604016900000,2020-10-30T00:15:00+00:00,383.83,384.94,383.63,384.65,473.7,181966.284
1604017800000,2020-10-30T00:30:00+00:00,384.65,387,384.59,386.83,1785.9,689551.436
1604018700000,2020-10-30T00:45:00+00:00,386.83,391.8,386.83,390.92,4097.6,1597024.138
1604019600000,2020-10-30T01:00:00+00:00,390.92,392.09,390.01,390.28,4249.5,1660859.397
1604020500000,2020-10-30T01:15:00+00:00,390.28,390.28,389.11,389.25,2243.2,873823.763
1604021400000,2020-10-30T01:30:00+00:00,389.25,389.39,387.26,387.81,2425,940735.553
1604022300000,2020-10-30T01:45:00+00:00,387.81,388.62,386.3,387.64,1460.4,566203.772
1604023200000,2020-10-30T02:00:00+00:00,387.64,388.38,386.96,388.02,1267.2,491610.671
1604024100000,2020-10-30T02:15:00+00:00,388.02,388.02,386.36,386.7,1091.3,422773.841
1604025000000,2020-10-30T02:30:00+00:00,386.7,387.69,385.5,386.04,1635.5,631878.969
1604025900000,2020-10-30T02:45:00+00:00,386.04,386.66,384.64,384.94,1995.4,769617.861
1604026800000,2020-10-30T03:00:00+00:00,384.94,386.99,384.45,386.43,3994,1539461.548
1604027700000,2020-10-30T03:15:00+00:00,386.43,386.86,385.83,386.53,3154.9,1219179.575
1604028600000,2020-10-30T03:30:00+00:00,386.53,386.78,385.02,385.17,1272.4,491357.553
1604029500000,2020-10-30T03:45:00+00:00,385.17,386.11,384.56,384.96,2122.4,817250.058
1604030400000,2020-10-30T04:00:00+00:00,384.96,386.43,384.85,385.32,2714.7,1047183.473
1604031300000,2020-10-30T04:15:00+00:00,385.32,386.37,384.95,386,1266.9,488766.006
1604032200000,2020-10-30T04:30:00+00:00,386,386.5,385.83,385.83,989.5,382150.278
1604033100000,2020-10-30T04:45:00+00:00,385.83,385.87,383.6,384.09,3194.2,1227778.305
1604034000000,2020-10-30T05:00:00+00:00,384.09,386.7,383.8,385.43,2395.5,923889.385
1604034900000,2020-10-30T05:15:00+00:00,385.43,385.51,383,383.14,2906.2,1115685.685
1604035800000,2020-10-30T05:30:00+00:00,383.14,384.46,381.76,382.41,3163.2,1210862.03
1604036700000,2020-10-30T05:45:00+00:00,382.41,383.21,380.85,381.36,9510.8,3633201.158
1604037600000,2020-10-30T06:00:00+00:00,381.36,382.91,380.88,382.04,4735.3,1809798.892
1604038500000,2020-10-30T06:15:00+00:00,382.04,382.32,381.28,381.78,2439.4,931282.883
1604039400000,2020-10-30T06:30:00+00:00,381.78,382.88,381.41,382.59,2612.3,998103.216
1604040300000,2020-10-30T06:45:00+00:00,382.59,382.66,381.88,381.92,1184.1,452675.839
1604041200000,2020-10-30T07:00:00+00:00,381.92,382.4,376.91,377.54,12191.2,4618036.395
1604042100000,2020-10-30T07:15:00+00:00,377.54,378.61,374.9,377.12,19536.8,7362543.507
1604043000000,2020-10-30T07:30:00+00:00,377.12,379.35,376.97,379.04,6942.2,2628476.486
1604043900000,2020-10-30T07:45:00+00:00,379.04,379.61,377.74,378.52,4992.4,1891214.405
1604044800000,2020-10-30T08:00:00+00:00,378.52,383.97,377.22,382.89,10269,3923173.172
1604045700000,2020-10-30T08:15:00+00:00,382.89,383.26,381.53,382.07,2837,1085028.149
1604046600000,2020-10-30T08:30:00+00:00,382.07,382.08,379.7,379.91,6168.6,2350272.203
1604047500000,2020-10-30T08:45:00+00:00,379.91,380,377.71,378.02,3668.4,1388905.789
1604048400000,2020-10-30T09:00:00+00:00,378.02,378.02,373.13,374.52,15558.1,5837223.489
1604049300000,2020-10-30T09:15:00+00:00,374.52,377.53,373.78,376.65,5703.4,2145329.248
1604050200000,2020-10-30T09:30:00+00:00,376.65,378.1,375.84,377.56,3185,1200893.22
1604051100000,2020-10-30T09:45:00+00:00,377.56,377.7,376.78,377.24,1901.1,717060.245
1604052000000,2020-10-30T10:00:00+00:00,377.24,380.23,376.38,378.38,6602.9,2502725.595
1604052900000,2020-10-30T10:15:00+00:00,378.38,378.69,375.57,376.1,4786.3,1801640.713
1604053800000,2020-10-30T10:30:00+00:00,376.1,376.72,375.29,376.47,6269.9,2356821.314
1604054700000,2020-10-30T10:45:00+00:00,376.47,378.81,376.47,378.49,3206.8,1212254.921
1604055600000,2020-10-30T11:00:00+00:00,378.49,379.49,377.59,378.63,3912.1,1481862.426
1604056500000,2020-10-30T11:15:00+00:00,378.63,378.73,377.26,377.75,1958.4,740050.747
1604057400000,2020-10-30T11:30:00+00:00,377.75,379.37,376.5,379.37,1933.7,730541.681
1604058300000,2020-10-30T11:45:00+00:00,379.37,380.46,378.88,379.3,2856.9,1084244.414
1604059200000,2020-10-30T12:00:00+00:00,379.3,379.3,377.64,377.91,1931.4,730880.352
1604060100000,2020-10-30T12:15:00+00:00,377.91,380,377.65,379.95,4730.8,1792850.046
1604061000000,2020-10-30T12:30:00+00:00,379.95,381.38,378.39,379.24,5475.3,2077225.375
1604061900000,2020-10-30T12:45:00+00:00,379.24,381.28,378.79,380.36,3184,1211437.349
1604062800000,2020-10-30T13:00:00+00:00,380.36,380.83,378.57,380.08,2650.1,1005524.659
1604063700000,2020-10-30T13:15:00+00:00,380.08,380.37,378.26,378.94,3329.9,1262905.425
1604064600000,2020-10-30T13:30:00+00:00,378.94,380.2,377.36,377.36,4887.3,1853702.631
1604065500000,2020-10-30T13:45:00+00:00,377.36,378.45,376.66,377.63,2861.9,1080516.746
1604066400000,2020-10-30T14:00:00+00:00,377.63,379.61,377.24,378.35,4147.5,1571355.101
1604067300000,2020-10-30T14:15:00+00:00,378.35,379.68,377.77,378.26,4724.6,1790739.794
1604068200000,2020-10-30T14:30:00+00:00,378.26,378.92,377.36,377.47,1456.3,550692.645
1604069100000,2020-10-30T14:45:00+00:00,377.47,378.47,376.83,377.24,1692.5,638814.979
1604070000000,2020-10-30T15:00:00+00:00,377.24,381.76,377.2,380.88,7794.9,2958640.422
1604070900000,2020-10-30T15:15:00+00:00,380.88,380.95,379.68,379.85,2748.1,1045045.469
1604071800000,2020-10-30T15:30:00+00:00,379.85,380.67,379.03,380.57,2353.9,894185.542
1604072700000,2020-10-30T15:45:00+00:00,380.57,382.36,380.29,382.1,4962.8,1894535.039
1604073600000,2020-10-30T16:00:00+00:00,382.1,382.3,379.63,379.9,4595.2,1750392.786
1604074500000,2020-10-30T16:15:00+00:00,379.9,380.97,379.77,380.14,2211.2,840945.192
1604075400000,2020-10-30T16:30:00+00:00,380.14,380.77,379.86,380.14,577.8,219771.335
1604076300000,2020-10-30T16:45:00+00:00,380.14,381.02,380.01,380.16,807.8,307378.239
1604077200000,2020-10-30T17:00:00+00:00,380.16,383.58,380.16,383.07,2145.9,820854.175
1604078100000,2020-10-30T17:15:00+00:00,383.07,383.68,381.42,381.78,2143.2,819709.466
1604079000000,2020-10-30T17:30:00+00:00,381.78,381.8,380.57,381.01,1002,381936.469
1604079900000,2020-10-30T17:45:00+00:00,381.01,382.14,380.87,381.71,3415,1304293.658
1604080800000,2020-10-30T18:00:00+00:00,381.71,383.06,381.59,382.57,913.3,349490.818
1604081700000,2020-10-30T18:15:00+00:00,382.57,384.09,382.16,382.91,1299.4,498069.625
1604082600000,2020-10-30T18:30:00+00:00,382.91,382.92,381.42,381.73,2920,1115327.618
1604083500000,2020-10-30T18:45:00+00:00,381.73,383.11,381.51,382.7,222.9,85252.326
1604084400000,2020-10-30T19:00:00+00:00,382.7,384.09,382.7,383.28,364.2,139683.357
1604085300000,2020-10-30T19:15:00+00:00,383.28,383.47,382,382.77,508.5,194494.469
1604086200000,2020-10-30T19:30:00+00:00,382.77,383.25,382.52,382.82,288.1,110306.96
1604087100000,2020-10-30T19:45:00+00:00,382.82,383.34,382.52,383.27,272.5,104330.766
1604088000000,2020-10-30T20:00:00+00:00,383.27,383.99,382.5,382.63,563,215779.997
1604088900000,2020-10-30T20:15:00+00:00,382.63,384.19,382.35,383.87,1012.9,388704.87
1604089800000,2020-10-30T20:30:00+00:00,383.87,384.61,383.49,384.02,638.3,245238.363
1604090700000,2020-10-30T20:45:00+00:00,384.02,384.43,383.77,384.02,427.7,164296.475
1604091600000,2020-10-30T21:00:00+00:00,384.02,384.46,381.25,382.19,901.2,344576.52
1604092500000,2020-10-30T21:15:00+00:00,382.19,383.08,381.99,383,828.2,316938.278
1604093400000,2020-10-30T21:30:00+00:00,383,383.3,382.31,383.24,1400.3,535882.071
1604094300000,2020-10-30T21:45:00+00:00,383.24,384,383.12,383.99,764,292983.304
1604095200000,2020-10-30T22:00:00+00:00,383.99,384.9,383.02,383.99,1756.9,674972.958
1604096100000,2020-10-30T22:15:00+00:00,383.99,384.42,383.52,384.26,674.8,259171.781
1604097000000,2020-10-30T22:30:00+00:00,384.26,384.39,383.1,383.23,666.1,255530.721
1604097900000,2020-10-30T22:45:00+00:00,383.23,383.78,382.82,382.9,708.4,271591.96
1604098800000,2020-10-30T23:00:00+00:00,382.9,383.91,382.9,383.3,941.3,361086.855
1604099700000,2020-10-30T23:15:00+00:00,383.3,383.95,382.92,383.61,487,186672.491
1604100600000,2020-10-30T23:30:00+00:00,383.61,383.83,383.12,383.25,265,101647.726
1604101500000,2020-10-30T23:45:00+00:00,383.25,383.56,382.04,382.33,1015.8,388723.216
1604102400000,2020-10-31T00:00:00+00:00,382.33,382.65,380.63,381.04,2386.5,910322.739
1604103300000,2020-10-31T00:15:00+00:00,381.04,382.59,380.2,382.16,3334.9,1271506.511
1604104200000,2020-10-31T00:30:00+00:00,382.16,384.65,382.14,384.19,1196.3,458666.316
1604105100000,2020-10-31T00:45:00+00:00,384.19,384.49,382.95,383.8,731,280507.43
1604106000000,2020-10-31T01:00:00+00:00,383.8,386.72,383.8,385.81,6741.2,2599659.893
1604106900000,2020-10-31T01:15:00+00:00,385.81,386.08,384.75,384.88,2092,806215.676
1604107800000,2020-10-31T01:30:00+00:00,384.88,385.98,384.7,385.63,1239.4,477593.769
1604108700000,2020-10-31T01:45:00+00:00,385.63,386.36,385.63,386.18,1691.7,653231.805
1604109600000,2020-10-31T02:00:00+00:00,386.18,387.93,386.18,386.34,4440.1,1719851.129
1604110500000,2020-10-31T02:15:00+00:00,386.34,386.4,385.05,385.15,2495.5,962658.739
1604111400000,2020-10-31T02:30:00+00:00,385.15,385.94,384.32,384.94,1395,537205.654
1604112300000,2020-10-31T02:45:00+00:00,384.94,385.14,384,384.57,1387.9,533743.861
1604113200000,2020-10-31T03:00:00+00:00,384.57,384.94,382.8,382.8,5170.8,1985502.72
1604114100000,2020-10-31T03:15:00+00:00,382.8,383.49,381.58,382.77,4688,1793350.982
1604115000000,2020-10-31T03:30:00+00:00,382.77,383.32,382.09,382.51,1381.4,528972.087
1604115900000,2020-10-31T03:45:00+00:00,382.51,383,381.94,382.84,616.2,235731.053
1604116800000,2020-10-31T04:00:00+00:00,382.84,383.34,382.12,383.16,2772.7,1061645.164
1604117700000,2020-10-31T04:15:00+00:00,383.16,383.26,382.33,383.2,1261.6,482985.766
1604118600000,2020-10-31T04:30:00+00:00,383.2,383.26,382.19,382.57,351.7,134612.947
1604119500000,2020-10-31T04:45:00+00:00,382.57,383.36,382.06,383.26,4159.4,1590386.954
1604120400000,2020-10-31T05:00:00+00:00,383.26,383.66,382.2,382.28,1716.9,657674.205
1604121300000,2020-10-31T05:15:00+00:00,382.28,383.05,382.22,383.01,1177.9,450558.063
1604122200000,2020-10-31T05:30:00+00:00,383.01,383.2,382.07,382.5,836.5,320178.504
1604123100000,2020-10-31T05:45:00+00:00,382.5,382.78,382.05,382.16,932.8,356602.395
1604124000000,2020-10-31T06:00:00+00:00,382.16,382.98,380.86,382.98,3384,1291666.375
1604124900000,2020-10-31T06:15:00+00:00,382.98,383.9,382.81,383.88,2570.6,985190.237
1604125800000,2020-10-31T06:30:00+00:00,383.88,385.38,383.88,384.52,3591.3,1381580.458
1604126700000,2020-10-31T06:45:00+00:00,384.52,385,383.89,384.72,733.6,282002.533
1604127600000,2020-10-31T07:00:00+00:00,384.72,384.72,384.07,384.49,1597.9,614265.832
1604128500000,2020-10-31T07:15:00+00:00,384.49,384.5,383.52,383.86,1435,551055.773
1604129400000,2020-10-31T07:30:00+00:00,383.86,383.99,383.17,383.71,1133.4,434692.819
1604130300000,2020-10-31T07:45:00+00:00,383.71,384.37,383.25,383.79,456.7,175257.387
1604131200000,2020-10-31T08:00:00+00:00,383.79,386,383.77,385.59,4052.6,1561278.426
1604132100000,2020-10-31T08:15:00+00:00,385.59,387.4,384.85,387.25,6175.1,2384720.032
1604133000000,2020-10-31T08:30:00+00:00,387.25,388.66,386.64,387.75,6028.2,2337933.431
1604133900000,2020-10-31T08:45:00+00:00,387.75,387.79,386.83,386.98,1540.2,596379.322
1604134800000,2020-10-31T09:00:00+00:00,386.98,388.35,386.96,388.2,2780.8,1078571.946
1604135700000,2020-10-31T09:15:00+00:00,388.2,388.78,387.73,387.8,3584,1391323.566
1604136600000,2020-10-31T09:30:00+00:00,387.8,389.94,387.79,389.14,5008.9,1949490.298
1604137500000,2020-10-31T09:45:00+00:00,389.14,390.94,388.12,389.82,6103.9,2380216.903
1604138400000,2020-10-31T10:00:00+00:00,389.82,394.09,388.51,390.2,16172.6,6330025.608
1604139300000,2020-10-31T10:15:00+00:00,390.2,390.88,385.3,387.68,9476,3670085.717
1604140200000,2020-10-31T10:30:00+00:00,387.68,389.03,387.01,388.99,2200.2,853927.062
1604141100000,2020-10-31T10:45:00+00:00,388.99,389.76,387.51,389.12,1091.1,424346.961
1604142000000,2020-10-31T11:00:00+00:00,389.12,390.13,388.34,389.3,1720.9,669736.042
1604142900000,2020-10-31T11:15:00+00:00,389.3,389.86,388.27,388.83,1264.1,492191.381
1604143800000,2020-10-31T11:30:00+00:00,388.83,389.41,387.78,388.99,1026.4,398737.611
1604144700000,2020-10-31T11:45:00+00:00,388.99,390.75,388.99,390.52,999.7,390032.41
1604145600000,2020-10-31T12:00:00+00:00,390.52,393.05,389.77,392.6,4821.4,1890633.29
1604146500000,2020-10-31T12:15:00+00:00,392.6,393.05,389.95,391.14,3879.7,1517130.292
1604147400000,2020-10-31T12:30:00+00:00,391.14,392.03,389.62,390.13,774.6,302478.084
1604148300000,2020-10-31T12:45:00+00:00,390.13,391.31,390.07,391.16,583.9,228078.373
1604149200000,2020-10-31T13:00:00+00:00,391.16,393.25,390.5,391,1531.7,600433.137
1604150100000,2020-10-31T13:15:00+00:00,391,392.87,389.99,392.51,1486.6,581294.592
1604151000000,2020-10-31T13:30:00+00:00,392.51,393.1,390.9,392.13,1906.3,748088.495
1604151900000,2020-10-31T13:45:00+00:00,392.13,392.26,391.3,391.87,1198.9,469734.713
1604152800000,2020-10-31T14:00:00+00:00,391.87,392.01,390.38,391.39,1256.4,491416.322
1604153700000,2020-10-31T14:15:00+00:00,391.39,391.99,389.26,389.26,2785.1,1086498.699
1604154600000,2020-10-31T14:30:00+00:00,389.26,389.83,388.41,389.34,2059.1,801554.219
1604155500000,2020-10-31T14:45:00+00:00,389.34,390.36,389.25,389.4,1167.6,455093.681
1604156400000,2020-10-31T15:00:00+00:00,389.4,389.41,387.6,387.89,2775.5,1078266.039
1604157300000,2020-10-31T15:15:00+00:00,387.89,388.98,387.34,388.89,3042.5,1180267.185
1604158200000,2020-10-31T15:30:00+00:00,388.89,389.46,388.44,389.18,615.1,239246.118
1604159100000,2020-10-31T15:45:00+00:00,389.18,390.45,389,390.09,1745.6,680666.889
1604160000000,2020-10-31T16:00:00+00:00,390.09,391.23,389.37,389.52,2701.2,1054615.499
1604160900000,2020-10-31T16:15:00+00:00,389.52,389.59,388.34,388.56,3462.8,1346539.462
1604161800000,2020-10-31T16:30:00+00:00,388.56,388.56,387.59,388.07,1471.4,570830.487
1604162700000,2020-10-31T16:45:00+00:00,388.07,388.65,387.8,388.6,901.5,349969.374
1604163600000,2020-10-31T17:00:00+00:00,388.6,388.76,387.37,387.99,1193,462803.436
1604164500000,2020-10-31T17:15:00+00:00,387.99,387.99,386.27,386.74,2077.4,804500.091
1604165400000,2020-10-31T17:30:00+00:00,386.74,388.01,386.37,387.71,1494.4,578927.626
1604166300000,2020-10-31T17:45:00+00:00,387.71,387.74,386.95,387.18,481.3,186445.014
1604167200000,2020-10-31T18:00:00+00:00,387.18,387.18,384.05,385.17,2959.7,1140621.832
1604168100000,2020-10-31T18:15:00+00:00,385.17,386.28,384.92,385.81,1419.5,547696.371
1604169000000,2020-10-31T18:30:00+00:00,385.81,386.54,384.88,385.11,782,301759.858
1604169900000,2020-10-31T18:45:00+00:00,385.11,385.86,384.83,384.98,4282.6,1650222.849
1604170800000,2020-10-31T19:00:00+00:00,384.98,385.91,384.7,385.81,1153.3,444182.704
1604171700000,2020-10-31T19:15:00+00:00,385.81,386.84,385.64,386.39,1659.2,640742.855
1604172600000,2020-10-31T19:30:00+00:00,386.39,386.46,385.55,385.88,536.2,207054.088
1604173500000,2020-10-31T19:45:00+00:00,385.88,386.86,385.34,385.63,248.1,95797.63
1604174400000,2020-10-31T20:00:00+00:00,385.63,386.62,384.83,386.62,365.4,140912.232
1604175300000,2020-10-31T20:15:00+00:00,386.62,386.62,385.25,386.27,196.9,76014.636
1604176200000,2020-10-31T20:30:00+00:00,386.27,386.53,385.57,385.72,154.4,59631.09
1604177100000,2020-10-31T20:45:00+00:00,385.72,387.87,385.54,387.65,1017.8,393705.54
1604178000000,2020-10-31T21:00:00+00:00,387.65,387.87,386.96,387.6,544.4,210814.428
1604178900000,2020-10-31T21:15:00+00:00,387.6,387.61,386.79,386.94,230.6,89250.296
1604179800000,2020-10-31T21:30:00+00:00,386.94,387.29,386.82,387.29,204.3,79057.123
1604180700000,2020-10-31T21:45:00+00:00,387.29,387.67,386.95,387.03,268.1,103836.753
1604181600000,2020-10-31T22:00:00+00:00,387.03,387.5,386.91,387.5,239.6,92758.554
1604182500000,2020-10-31T22:15:00+00:00,387.5,388.44,387.48,388.03,744.5,288755.157
1604183400000,2020-10-31T22:30:00+00:00,388.03,388.5,387.79,387.99,350.7,136152.464
1604184300000,2020-10-31T22:45:00+00:00,387.99,388.62,387.63,388.27,867.2,336718.582
1604185200000,2020-10-31T23:00:00+00:00,388.27,388.37,385.03,385.91,1732.7,669167.832
1604186100000,2020-10-31T23:15:00+00:00,385.91,386.44,385.61,385.77,941.5,363392.139
1604187000000,2020-10-31T23:30:00+00:00,385.77,386.27,385.4,386.22,1026.5,396079.044
1604187900000,2020-10-31T23:45:00+00:00,386.22,386.59,386.02,386.22,563.2,217650.889
