timestamp_ms,datetime_utc,open,high,low,close,base_volume,quote_volume
1643673600000,2022-02-01T00:00:00+00:00,2685.84,2705.41,2674.21,2695.43,1979.78,5325288.0074
1643674500000,2022-02-01T00:15:00+00:00,2695.43,2698.65,2681.04,2692.4,984.64,2647444.4755
1643675400000,2022-02-01T00:30:00+00:00,2692.4,2696.38,2681.3,2683.23,918.35,2466903.351
1643676300000,2022-02-01T00:45:00+00:00,2683.23,2690.42,2680.56,2688.64,825.03,2216613.4005
1643677200000,2022-02-01T01:00:00+00:00,2688.64,2701.38,2686.4,2698.87,1169.64,3153899.2461
1643678100000,2022-02-01T01:15:00+00:00,2698.87,2701,2693.83,2698.8,844.36,2276832.5802
1643679000000,2022-02-01T01:30:00+00:00,2698.8,2699.87,2692.88,2692.88,1061.78,2863524.523
1643679900000,2022-02-01T01:45:00+00:00,2692.88,2693.87,2678.48,2684.65,1545.85,4149052.3652
1643680800000,2022-02-01T02:00:00+00:00,2684.65,2691.98,2680.51,2689.31,1251.83,3363484.2373
1643681700000,2022-02-01T02:15:00+00:00,2689.31,2699,2689.31,2695.96,1332.75,3591079.8386
1643682600000,2022-02-01T02:30:00+00:00,2695.96,2705.43,2695.24,2702.16,1379.41,3723426.7926
1643683500000,2022-02-01T02:45:00+00:00,2702.16,2720.2,2701.42,2715.35,3754.29,10179680.0343
1643684400000,2022-02-01T03:00:00+00:00,2715.35,2745,2709.5,2740.77,5300.48,14476090.3734
1643685300000,2022-02-01T03:15:00+00:00,2740.77,2743.02,2731.85,2734.82,2652.99,7261966.1643
1643686200000,2022-02-01T03:30:00+00:00,2734.82,2745.45,2732.96,2744.99,2169.9,5941094.8797
1643687100000,2022-02-01T03:45:00+00:00,2744.99,2757.07,2740.52,2750.92,3339.5,9185675.0981
1643688000000,2022-02-01T04:00:00+00:00,2750.92,2767.23,2750.92,2753.64,3080.03,8492328.0025
1643688900000,2022-02-01T04:15:00+00:00,2753.64,2753.66,2739.34,2742.47,2356.55,6463987.2561
1643689800000,2022-02-01T04:30:00+00:00,2742.47,2743.69,2733.9,2738.6,2418.31,6623212.314
1643690700000,2022-02-01T04:45:00+00:00,2738.6,2744.65,2733.63,2742.69,1304.05,3571745.9953
1643691600000,2022-02-01T05:00:00+00:00,2742.69,2750.7,2739.36,2749.03,1005.39,2759640.8378
1643692500000,2022-02-01T05:15:00+00:00,2749.03,2749.03,2732.67,2733.57,1242.75,3407159.4875
1643693400000,2022-02-01T05:30:00+00:00,2733.57,2744.31,2733.57,2742.87,1096.44,3004037.6199
1643694300000,2022-02-01T05:45:00+00:00,2742.87,2742.87,2730.63,2732.33,775.9,2123868.5021
1643695200000,2022-02-01T06:00:00+00:00,2732.33,2735.9,2718.26,2721.54,2159.46,5887548.7564
1643696100000,2022-02-01T06:15:00+00:00,2721.54,2732.97,2718.43,2729.3,1610.41,4389871.1108
1643697000000,2022-02-01T06:30:00+00:00,2729.3,2738.11,2728,2732.88,1508.16,4120747.7286
1643697900000,2022-02-01T06:45:00+00:00,2732.88,2735.6,2729.52,2732.53,1560.44,4264989.8839
1643698800000,2022-02-01T07:00:00+00:00,2732.53,2744.92,2731.79,2742.38,1351.09,3702996.0334
1643699700000,2022-02-01T07:15:00+00:00,2742.38,2745.44,2738.77,2739.73,1902.61,5216820.158
1643700600000,2022-02-01T07:30:00+00:00,2739.73,2743.68,2734.28,2734.4,1308.19,3582864.227
1643701500000,2022-02-01T07:45:00+00:00,2734.4,2738.91,2732.65,2735.85,1206.61,3300571.5844
1643702400000,2022-02-01T08:00:00+00:00,2735.85,2746.85,2733.28,2746.14,1592.28,4367898.5766
1643703300000,2022-02-01T08:15:00+00:00,2746.14,2747.65,2739.72,2743.57,1179.41,3236773.9868
1643704200000,2022-02-01T08:30:00+00:00,2743.57,2746.12,2740.2,2744.99,1155.5,3169141.0496
1643705100000,2022-02-01T08:45:00+00:00,2744.99,2764.6,2744.25,2764.22,2684.68,7397584.1547
1643706000000,2022-02-01T09:00:00+00:00,2764.22,2795.78,2758.81,2785.1,4810.94,13382501.6495
1643706900000,2022-02-01T09:15:00+00:00,2785.1,2789.4,2751.23,2758.86,2730.75,7573337.9875
1643707800000,2022-02-01T09:30:00+00:00,2758.86,2759.34,2733.49,2739.62,2279.17,6261424.6634
1643708700000,2022-02-01T09:45:00+00:00,2739.62,2746.88,2728.44,2735.43,2350.91,6436248.9001
1643709600000,2022-02-01T10:00:00+00:00,2735.43,2744.6,2729.49,2737.37,2070.55,5667436.7623
1643710500000,2022-02-01T10:15:00+00:00,2737.37,2738.2,2719.12,2732.1,2345.79,6395637.1574
1643711400000,2022-02-01T10:30:00+00:00,2732.1,2740.41,2729.61,2737.42,1536.33,4205083.5943
1643712300000,2022-02-01T10:45:00+00:00,2737.42,2742.16,2727.9,2735.61,1085.63,2970414.7842
1643713200000,2022-02-01T11:00:00+00:00,2735.61,2742.18,2730.12,2739.87,1750.86,4790923.5478
1643714100000,2022-02-01T11:15:00+00:00,2739.87,2759.79,2737.52,2752.46,4304.85,11848899.9706
1643715000000,2022-02-01T11:30:00+00:00,2752.46,2755.55,2743.77,2746.99,3634.89,9995632.6881
1643715900000,2022-02-01T11:45:00+00:00,2746.99,2768.94,2746.29,2760.1,2695.33,7420635.4363
1643716800000,2022-02-01T12:00:00+00:00,2760.1,2769.39,2753.18,2766.8,4192.38,11579037.5572
1643717700000,2022-02-01T12:15:00+00:00,2766.8,2782.17,2764.2,2780.32,3951.47,10960107.3508
1643718600000,2022-02-01T12:30:00+00:00,2780.32,2787.62,2773.46,2776.29,2969.24,8254180.6168
1643719500000,2022-02-01T12:45:00+00:00,2776.26,2781.39,2768.09,2780.14,2148.39,5957521.6526
1643720400000,2022-02-01T13:00:00+00:00,2780.14,2784.8,2777.18,2780.68,1686.41,4689578.3471
1643721300000,2022-02-01T13:15:00+00:00,2780.68,2797.7,2779,2781.44,4153.51,11574383.9959
1643722200000,2022-02-01T13:30:00+00:00,2781.44,2798.23,2765.6,2791.49,4518.29,12566341.8104
1643723100000,2022-02-01T13:45:00+00:00,2791.49,2804.16,2777.37,2790.16,3459.75,9663111.4856
1643724000000,2022-02-01T14:00:00+00:00,2790.16,2810.3,2781.77,2800.83,3959.59,11072974.1616
1643724900000,2022-02-01T14:15:00+00:00,2800.83,2807.89,2792.14,2799.1,1962.65,5494192.2675
1643725800000,2022-02-01T14:30:00+00:00,2799.1,2807.56,2762.44,2765.72,6075.7,16905677.4151
1643726700000,2022-02-01T14:45:00+00:00,2765.72,2781.96,2755.34,2769.98,6540.09,18091428.53
1643727600000,2022-02-01T15:00:00+00:00,2769.98,2772.02,2731.58,2751.27,6999.73,19231378.2397
1643728500000,2022-02-01T15:15:00+00:00,2751.27,2764.35,2743.42,2752.02,3379.42,9307962.5412
1643729400000,2022-02-01T15:30:00+00:00,2752.02,2760.71,2740.87,2745.41,3210.8,8829907.8323
1643730300000,2022-02-01T15:45:00+00:00,2745.41,2769.79,2743.06,2766.61,3891.5,10736268.5078
1643731200000,2022-02-01T16:00:00+00:00,2766.61,2787.85,2766.05,2785.54,4871.5,13527380.7634
1643732100000,2022-02-01T16:15:00+00:00,2785.54,2786.78,2765.59,2779.76,2416.05,6711765.8258
1643733000000,2022-02-01T16:30:00+00:00,2779.76,2793.96,2771.92,2781.24,2221.16,6188323.7259
1643733900000,2022-02-01T16:45:00+00:00,2781.24,2813.67,2781.13,2802.27,3248.04,9095262.1838
1643734800000,2022-02-01T17:00:00+00:00,2802.27,2808.43,2784.97,2789.73,4946.96,13841683.8073
1643735700000,2022-02-01T17:15:00+00:00,2789.73,2796.33,2774.34,2778.26,1922.18,5352743.4985
1643736600000,2022-02-01T17:30:00+00:00,2778.26,2781.34,2765.54,2773.86,2115.39,5866954.7924
1643737500000,2022-02-01T17:45:00+00:00,2773.86,2785.14,2768.42,2781.74,1280.4,3554935.1956
1643738400000,2022-02-01T18:00:00+00:00,2781.74,2783.53,2771.27,2780.11,1607.34,4465499.1009
1643739300000,2022-02-01T18:15:00+00:00,2780.11,2794.04,2775.51,2789.74,1399.45,3891954.4141
1643740200000,2022-02-01T18:30:00+00:00,2789.74,2800.81,2783.32,2784.99,1646.69,4594452.0081
1643741100000,2022-02-01T18:45:00+00:00,2784.99,2788.48,2760.39,2767.99,1350.03,3746923.6593
1643742000000,2022-02-01T19:00:00+00:00,2767.99,2776.69,2761.74,2766.22,1693.31,4689177.9651
1643742900000,2022-02-01T19:15:00+00:00,2766.22,2769,2751.49,2762.28,1671.84,4611487.3257
1643743800000,2022-02-01T19:30:00+00:00,2762.28,2766.23,2755.93,2764.22,939.94,2596041.8468
1643744700000,2022-02-01T19:45:00+00:00,2764.22,2770,2751.24,2751.24,1136.97,3138351.3934
1643745600000,2022-02-01T20:00:00+00:00,2751.24,2773.63,2750.58,2773.22,1048.04,2898160.6206
1643746500000,2022-02-01T20:15:00+00:00,2773.22,2775.13,2761.96,2764.59,1015.42,2810215.0907
1643747400000,2022-02-01T20:30:00+00:00,2764.59,2779.81,2763.24,2779.03,991.9,2749651
1643748300000,2022-02-01T20:45:00+00:00,2779.03,2785.54,2768.31,2768.31,992.43,2758856.5955
1643749200000,2022-02-01T21:00:00+00:00,2768.31,2785.32,2768.31,2776.56,790.46,2196179.3078
1643750100000,2022-02-01T21:15:00+00:00,2776.56,2793.55,2776.25,2790.44,848.84,2365720.0897
1643751000000,2022-02-01T21:30:00+00:00,2790.44,2794.88,2784.12,2785.84,879.04,2451690.0622
1643751900000,2022-02-01T21:45:00+00:00,2785.84,2797.83,2774.69,2796.9,890.17,2477368.4414
1643752800000,2022-02-01T22:00:00+00:00,2796.9,2805.6,2793.49,2796.14,2327.81,6512927.0482
1643753700000,2022-02-01T22:15:00+00:00,2796.14,2796.14,2787,2787.89,1278.4,3566465.8313
1643754600000,2022-02-01T22:30:00+00:00,2787.89,2787.91,2774.98,2784.72,1336.48,3718044.3806
1643755500000,2022-02-01T22:45:00+00:00,2784.72,2787.88,2774.84,2787.88,1238.18,3444178.6865
1643756400000,2022-02-01T23:00:00+00:00,2787.88,2787.88,2776.35,2777.81,1020.23,2838179.9514
1643757300000,2022-02-01T23:15:00+00:00,2777.81,2801.41,2775.88,2797.45,1418.98,3961982.6675
1643758200000,2022-02-01T23:30:00+00:00,2797.45,2803.47,2785.86,2793.09,1004.05,2806372.4135
1643759100000,2022-02-01T23:45:00+00:00,2793.09,2802,2787.33,2788.28,1254.82,3508498.8938
1643760000000,2022-02-02T00:00:00+00:00,2788.33,2799.8,2780.8,2794.29,1283.75,3581949.019
1643760900000,2022-02-02T00:15:00+00:00,2794.29,2803.26,2789.66,2791.42,1011.14,2827756.0481
1643761800000,2022-02-02T00:30:00+00:00,2791.42,2791.42,2760.5,2768.03,2089.82,5792451.6859
1643762700000,2022-02-02T00:45:00+00:00,2768.03,2784.03,2764.25,2772.39,1535.99,4262663.0872
1643763600000,2022-02-02T01:00:00+00:00,2772.39,2779.69,2762,2777.77,1035.54,2869750.9671
1643764500000,2022-02-02T01:15:00+00:00,2777.77,2777.77,2750.51,2755.14,1240.46,3424679.7561
1643765400000,2022-02-02T01:30:00+00:00,2755.14,2757.3,2744.68,2755.36,1656.46,4558351.8862
1643766300000,2022-02-02T01:45:00+00:00,2755.36,2760.6,2751.56,2756.59,1042.06,2871492.6038
1643767200000,2022-02-02T02:00:00+00:00,2756.59,2760.5,2740.9,2760.5,1104.76,3039572.7738
1643768100000,2022-02-02T02:15:00+00:00,2760.5,2774.97,2760,2771.93,1012.38,2801949.6573
1643769000000,2022-02-02T02:30:00+00:00,2771.93,2775.81,2767.61,2773.84,928.74,2574731.1227
1643769900000,2022-02-02T02:45:00+00:00,2773.84,2778.56,2770.34,2774.29,899.23,2494712.3098
1643770800000,2022-02-02T03:00:00+00:00,2774.29,2795.45,2773.81,2792.73,1546.18,4297146.1996
1643771700000,2022-02-02T03:15:00+00:00,2792.73,2795.69,2786.67,2789.96,1528.54,4266155.0084
1643772600000,2022-02-02T03:30:00+00:00,2789.96,2790.1,2777.71,2781.15,2257.46,6280938.5248
1643773500000,2022-02-02T03:45:00+00:00,2781.15,2785.6,2779.29,2780.71,1582.01,4400171.9946
1643774400000,2022-02-02T04:00:00+00:00,2780.71,2780.71,2767.45,2768.34,2232.61,6192141.5754
1643775300000,2022-02-02T04:15:00+00:00,2768.34,2774.56,2765.61,2766.62,1568.28,4345668.3066
1643776200000,2022-02-02T04:30:00+00:00,2766.62,2772.26,2757.42,2760.22,1927.6,5333519.0977
1643777100000,2022-02-02T04:45:00+00:00,2760.22,2767.07,2757.38,2759.39,2457.74,6786410.4212
1643778000000,2022-02-02T05:00:00+00:00,2759.39,2768.8,2758.43,2759.99,2196.24,6068864.1246
1643778900000,2022-02-02T05:15:00+00:00,2759.99,2761.09,2750.72,2755.37,2209.21,6088792.1953
1643779800000,2022-02-02T05:30:00+00:00,2755.37,2761.08,2751.2,2754.73,2842.17,7832368.0267
1643780700000,2022-02-02T05:45:00+00:00,2754.73,2764.43,2754.73,2764.43,1905.7,5257119.3338
1643781600000,2022-02-02T06:00:00+00:00,2764.43,2777,2760.14,2775.97,1297.68,3591283.5236
1643782500000,2022-02-02T06:15:00+00:00,2775.97,2780.87,2768.16,2772.35,1498.48,4157639.4447
1643783400000,2022-02-02T06:30:00+00:00,2772.35,2774.86,2743.15,2745.54,3214.85,8859501.9428
1643784300000,2022-02-02T06:45:00+00:00,2745.54,2754.61,2743.6,2753.87,2122.95,5834488.835
1643785200000,2022-02-02T07:00:00+00:00,2753.87,2755.83,2742.3,2754.9,2492.02,6852314.1896
1643786100000,2022-02-02T07:15:00+00:00,2754.9,2759.57,2751.49,2759.4,1239.78,3416296.5722
1643787000000,2022-02-02T07:30:00+00:00,2759.4,2761.4,2751.81,2757.01,1746.96,4815578.1717
1643787900000,2022-02-02T07:45:00+00:00,2757.01,2757.14,2745.31,2749,1464.55,4027937.5723
1643788800000,2022-02-02T08:00:00+00:00,2749,2757.56,2741.24,2756.56,2665.32,7335222.5289
1643789700000,2022-02-02T08:15:00+00:00,2756.56,2763.57,2754.49,2755.7,2096.89,5785110.5629
1643790600000,2022-02-02T08:30:00+00:00,2755.7,2760.59,2753.41,2756.62,1014.12,2795798.6026
1643791500000,2022-02-02T08:45:00+00:00,2756.53,2763.7,2747.62,2762.9,2633.97,7257098.7007
1643792400000,2022-02-02T09:00:00+00:00,2762.9,2767.14,2756.45,2761.03,1287.62,3556278.4869
1643793300000,2022-02-02T09:15:00+00:00,2761.03,2767.33,2757.37,2762.11,775.35,2142191.6651
1643794200000,2022-02-02T09:30:00+00:00,2762.11,2770.46,2761.65,2769.11,915.47,2533393.0698
1643795100000,2022-02-02T09:45:00+00:00,2769.11,2775.91,2767.13,2775.1,1082.62,3000596.7228
1643796000000,2022-02-02T10:00:00+00:00,2775.1,2775.13,2761.12,2764.76,920.94,2548098.0094
1643796900000,2022-02-02T10:15:00+00:00,2764.76,2771.83,2762.58,2769.13,425.13,1176063.8022
1643797800000,2022-02-02T10:30:00+00:00,2769.13,2771.55,2761.29,2764.27,563.53,1558987.9311
1643798700000,2022-02-02T10:45:00+00:00,2764.27,2768.39,2763.59,2764.16,520.22,1438718.9365
1643799600000,2022-02-02T11:00:00+00:00,2764.16,2764.41,2754.49,2756.79,1501.98,4142654.8984
1643800500000,2022-02-02T11:15:00+00:00,2756.79,2763.21,2752.62,2762.2,1728.25,4764247.5551
1643801400000,2022-02-02T11:30:00+00:00,2762.2,2767.41,2755.34,2761.79,1195.14,3299485.8695
1643802300000,2022-02-02T11:45:00+00:00,2761.79,2769.3,2761.79,2766.84,1193.46,3300997.7679
1643803200000,2022-02-02T12:00:00+00:00,2766.84,2799.59,2765.2,2789.75,3381.23,9415722.6205
1643804100000,2022-02-02T12:15:00+00:00,2789.75,2792.09,2780.97,2786.02,1356.61,3781495.6952
1643805000000,2022-02-02T12:30:00+00:00,2786.02,2800.61,2776.69,2798.74,2392.11,6670954.1165
1643805900000,2022-02-02T12:45:00+00:00,2798.74,2811.67,2794.1,2800.78,3670.65,10296711.8695
1643806800000,2022-02-02T13:00:00+00:00,2800.78,2803.68,2786.53,2787.19,2208.39,6176784.3762
1643807700000,2022-02-02T13:15:00+00:00,2787.19,2790.52,2773.92,2784.01,1788.36,4976473.186
1643808600000,2022-02-02T13:30:00+00:00,2784.01,2790.98,2780.95,2784.92,1188.69,3311750.0006
1643809500000,2022-02-02T13:45:00+00:00,2784.92,2785.85,2771.62,2774.47,2148.9,5970710.8982
1643810400000,2022-02-02T14:00:00+00:00,2774.47,2777.95,2767.93,2773.8,1709.65,4739578.5508
1643811300000,2022-02-02T14:15:00+00:00,2773.8,2776.62,2758.03,2770.24,2580.72,7139488.8944
1643812200000,2022-02-02T14:30:00+00:00,2770.24,2774.56,2709.86,2718.99,7822.15,21405406.304
1643813100000,2022-02-02T14:45:00+00:00,2718.99,2722.42,2683.59,2686.27,8080.6,21821829.4282
1643814000000,2022-02-02T15:00:00+00:00,2686.27,2701.19,2671.61,2673.01,6455.8,17340947.7519
1643814900000,2022-02-02T15:15:00+00:00,2673.01,2684.03,2668.2,2676.02,3845.08,10286114.4905
1643815800000,2022-02-02T15:30:00+00:00,2676.02,2680.25,2653.33,2679.55,4772.85,12717997.2354
1643816700000,2022-02-02T15:45:00+00:00,2679.48,2682.35,2659.02,2663.67,1749.12,4670208.5872
1643817600000,2022-02-02T16:00:00+00:00,2663.67,2666.42,2642.83,2646.13,5220.63,13847343.0651
1643818500000,2022-02-02T16:15:00+00:00,2646.13,2665.12,2637.82,2657.32,2660.59,7062328.1371
1643819400000,2022-02-02T16:30:00+00:00,2657.32,2657.87,2644.57,2653.01,1522.82,4038792.7418
1643820300000,2022-02-02T16:45:00+00:00,2653.01,2672.99,2649.36,2668.17,2129.42,5678667.312
1643821200000,2022-02-02T17:00:00+00:00,2668.17,2691.47,2661.99,2679.48,4247.7,11375069.7834
1643822100000,2022-02-02T17:15:00+00:00,2679.48,2682.88,2673.39,2677.47,1084.7,2904484.2565
1643823000000,2022-02-02T17:30:00+00:00,2677.47,2677.47,2663.18,2664.03,944.64,2522577.3409
1643823900000,2022-02-02T17:45:00+00:00,2664.03,2683,2664.01,2683,1396.06,3732531.724
1643824800000,2022-02-02T18:00:00+00:00,2683,2686.68,2674,2678.3,1013.49,2715947.1817
1643825700000,2022-02-02T18:15:00+00:00,2678.3,2682.55,2671.07,2675.87,519.78,1391922.0622
1643826600000,2022-02-02T18:30:00+00:00,2675.87,2686.55,2674.51,2686.06,1007.17,2701752.0175
1643827500000,2022-02-02T18:45:00+00:00,2686.06,2686.69,2674.45,2685.53,730.87,1959159.2412
1643828400000,2022-02-02T19:00:00+00:00,2685.53,2695.88,2682.95,2690.04,1219.81,3282335.8445
1643829300000,2022-02-02T19:15:00+00:00,2690.04,2702.06,2684.72,2700.08,1216.76,3279272.6228
1643830200000,2022-02-02T19:30:00+00:00,2700.08,2715.66,2699,2710.5,2101.03,5690811.9417
1643831100000,2022-02-02T19:45:00+00:00,2710.5,2716.93,2702.1,2705.19,956.92,2593713.2668
1643832000000,2022-02-02T20:00:00+00:00,2705.19,2710.74,2690.92,2708.63,807.19,2181319.4722
1643832900000,2022-02-02T20:15:00+00:00,2708.63,2714.52,2699.62,2703.44,765.36,2073878.527
1643833800000,2022-02-02T20:30:00+00:00,2703.44,2711.52,2691.24,2703.05,1456.81,3938018.4709
1643834700000,2022-02-02T20:45:00+00:00,2703.05,2732.7,2698.61,2725.61,1681.44,4573777.0731
1643835600000,2022-02-02T21:00:00+00:00,2725.61,2730.07,2681.6,2688.69,1704.98,4606531.2474
1643836500000,2022-02-02T21:15:00+00:00,2688.69,2702.59,2651.21,2674.82,4044.52,10802835.5273
1643837400000,2022-02-02T21:30:00+00:00,2674.82,2681.36,2614.49,2629.68,7507.73,19793296.6818
1643838300000,2022-02-02T21:45:00+00:00,2629.68,2652.91,2610.38,2652.48,5095.59,13401231.2582
1643839200000,2022-02-02T22:00:00+00:00,2652.48,2668.67,2641.14,2643.34,7522.19,19961450.576
1643840100000,2022-02-02T22:15:00+00:00,2643.34,2684.84,2642.38,2678.42,3611.37,9600811.2056
1643841000000,2022-02-02T22:30:00+00:00,2678.42,2695.15,2678.42,2690.23,2285.78,6148673.5717
1643841900000,2022-02-02T22:45:00+00:00,2690.23,2694.49,2674.01,2676.28,1225.22,3288402.1619
1643842800000,2022-02-02T23:00:00+00:00,2676.28,2693.73,2669.33,2693.49,985.88,2642730.6413
1643843700000,2022-02-02T23:15:00+00:00,2693.49,2702.44,2683.01,2685.38,1058.72,2849394.9197
1643844600000,2022-02-02T23:30:00+00:00,2685.38,2704.73,2678.55,2681.86,2648.14,7135356.3388
1643845500000,2022-02-02T23:45:00+00:00,2681.86,2685.53,2667.67,2676.94,2511.14,6727370.8661
1643846400000,2022-02-03T00:00:00+00:00,2676.94,2696.73,2663.76,2696.68,2699.8,7237459.0325
1643847300000,2022-02-03T00:15:00+00:00,2696.68,2713.6,2681.37,2713.28,3248.31,8768353.6688
1643848200000,2022-02-03T00:30:00+00:00,2713.28,2722.17,2697.47,2697.73,3514.12,9517507.1918
1643849100000,2022-02-03T00:45:00+00:00,2697.73,2705.66,2692.17,2692.63,970.27,2617340.8232
1643850000000,2022-02-03T01:00:00+00:00,2692.63,2705.09,2689.74,2702.01,1193.19,3218244.0561
1643850900000,2022-02-03T01:15:00+00:00,2702.01,2704.9,2689.3,2691.96,1026.64,2766397.2283
1643851800000,2022-02-03T01:30:00+00:00,2691.96,2699.16,2690.95,2692.63,1545.11,4163755.2371
1643852700000,2022-02-03T01:45:00+00:00,2692.63,2693.64,2669.15,2680.97,2293.62,6150360.6875
1643853600000,2022-02-03T02:00:00+00:00,2680.97,2686.37,2669,2683.6,2089.16,5594609.4876
1643854500000,2022-02-03T02:15:00+00:00,2683.6,2687.95,2670.66,2677.95,3819.69,10242455.4222
1643855400000,2022-02-03T02:30:00+00:00,2677.95,2683.22,2675.69,2680.24,1190.58,3190363.7501
1643856300000,2022-02-03T02:45:00+00:00,2680.24,2690.07,2680.24,2686.53,2007.3,5391499.5709
1643857200000,2022-02-03T03:00:00+00:00,2686.53,2687.18,2676.01,2682.97,1193.58,3200808.4315
1643858100000,2022-02-03T03:15:00+00:00,2682.97,2684.44,2670.66,2672.43,1659.16,4440488.4216
1643859000000,2022-02-03T03:30:00+00:00,2672.43,2679.97,2659.92,2663.23,2270.13,6062332.1526
1643859900000,2022-02-03T03:45:00+00:00,2663.23,2672.94,2651.21,2656.82,2191.99,5832373.724
1643860800000,2022-02-03T04:00:00+00:00,2656.82,2671.17,2648.91,2668.19,1571.55,4187749.5429
1643861700000,2022-02-03T04:15:00+00:00,2668.19,2670.59,2651.64,2656.8,1429.03,3799110.7096
1643862600000,2022-02-03T04:30:00+00:00,2656.8,2663.3,2650.55,2661.11,860.3,2287017.9275
1643863500000,2022-02-03T04:45:00+00:00,2661.11,2667.14,2660.73,2661.38,813.19,2165930.9037
1643864400000,2022-02-03T05:00:00+00:00,2661.38,2663.35,2645.98,2649.03,2077.95,5511014.9976
1643865300000,2022-02-03T05:15:00+00:00,2649.03,2665.56,2648.4,2661.55,2099.71,5582528.1074
1643866200000,2022-02-03T05:30:00+00:00,2661.55,2666.1,2652.19,2653.69,1459.87,3881444.1431
1643867100000,2022-02-03T05:45:00+00:00,2653.69,2659.63,2649.66,2654.64,1154.99,3065697.1602
1643868000000,2022-02-03T06:00:00+00:00,2654.64,2657.65,2650.43,2652.2,1103.49,2926856.6523
1643868900000,2022-02-03T06:15:00+00:00,2652.2,2653.09,2636.63,2637.45,2038.1,5385962.4918
1643869800000,2022-02-03T06:30:00+00:00,2637.45,2649.56,2636.55,2648.65,861.22,2277574.1784
1643870700000,2022-02-03T06:45:00+00:00,2648.65,2653.69,2647.73,2650.51,1296.08,3434777.5981
1643871600000,2022-02-03T07:00:00+00:00,2650.51,2666.59,2649.83,2664.07,1867.73,4971462.3234
1643872500000,2022-02-03T07:15:00+00:00,2664.07,2671.05,2661.17,2670.97,1861.01,4961102.1791
1643873400000,2022-02-03T07:30:00+00:00,2670.97,2671.07,2660.53,2667.2,1050.55,2799230.711
1643874300000,2022-02-03T07:45:00+00:00,2667.2,2676.08,2666.88,2669.25,1115.89,2981656.2716
1643875200000,2022-02-03T08:00:00+00:00,2669.25,2683.29,2668.19,2680.11,2223.64,5954687.1587
1643876100000,2022-02-03T08:15:00+00:00,2680.11,2682.03,2672.58,2673.1,1190.02,3186258.2034
1643877000000,2022-02-03T08:30:00+00:00,2673.1,2678.25,2662.3,2662.33,1099.07,2933601.3927
1643877900000,2022-02-03T08:45:00+00:00,2662.33,2673.34,2660.75,2671.3,1342.75,3580849.0433
1643878800000,2022-02-03T09:00:00+00:00,2671.3,2672.87,2662.13,2662.65,1000.58,2667236.6686
1643879700000,2022-02-03T09:15:00+00:00,2662.65,2662.65,2638.73,2646.19,3399.29,9006860.3198
1643880600000,2022-02-03T09:30:00+00:00,2646.19,2652.99,2643.21,2649.56,918.48,2432767.0201
1643881500000,2022-02-03T09:45:00+00:00,2649.56,2651.37,2616.38,2617.47,2132.55,5611045.2452
1643882400000,2022-02-03T10:00:00+00:00,2617.47,2620.62,2593,2600.75,5701.23,14840834.9416
1643883300000,2022-02-03T10:15:00+00:00,2600.75,2601.85,2580.97,2586.68,4306.93,11146760.3685
1643884200000,2022-02-03T10:30:00+00:00,2586.68,2599.98,2582.92,2593.45,3800.61,9854607.0892
1643885100000,2022-02-03T10:45:00+00:00,2593.45,2601.65,2592.67,2594.05,1019.51,2648773.8673
1643886000000,2022-02-03T11:00:00+00:00,2594.05,2600.97,2589.26,2598.69,1838.96,4773404.8457
1643886900000,2022-02-03T11:15:00+00:00,2598.69,2609.66,2590.14,2609.45,1660.26,4312251.3083
1643887800000,2022-02-03T11:30:00+00:00,2609.45,2620.73,2606.57,2619.68,2526.34,6605381.1613
1643888700000,2022-02-03T11:45:00+00:00,2619.68,2623.65,2609.56,2620,2482.37,6495077.1238
1643889600000,2022-02-03T12:00:00+00:00,2619.89,2620.85,2592.96,2597.64,2662.38,6932413.023
1643890500000,2022-02-03T12:15:00+00:00,2597.64,2609.79,2575.42,2582.03,3410.28,8839576.3156
1643891400000,2022-02-03T12:30:00+00:00,2582.03,2603.56,2578.13,2597.08,3148.94,8164811.3267
1643892300000,2022-02-03T12:45:00+00:00,2597.08,2615.63,2591.42,2611.93,2281.16,5939689.5091
1643893200000,2022-02-03T13:00:00+00:00,2611.93,2617.37,2604.57,2610.56,2259.13,5902243.0471
1643894100000,2022-02-03T13:15:00+00:00,2610.56,2616.91,2606.12,2612.85,1637.8,4279106.4609
1643895000000,2022-02-03T13:30:00+00:00,2612.85,2626.02,2609.18,2609.98,2329.1,6101276.0278
1643895900000,2022-02-03T13:45:00+00:00,2609.98,2613.66,2594.79,2605.94,2986.34,7768839.1077
1643896800000,2022-02-03T14:00:00+00:00,2605.94,2614.73,2595.09,2607.46,1612.02,4199319.683
1643897700000,2022-02-03T14:15:00+00:00,2607.46,2616.78,2601.14,2602.77,1072.26,2797067.6465
1643898600000,2022-02-03T14:30:00+00:00,2602.77,2626.13,2595.63,2620.26,3916.54,10231691.1441
1643899500000,2022-02-03T14:45:00+00:00,2620.26,2621.82,2605.46,2608.62,1452.86,3795324.5484
1643900400000,2022-02-03T15:00:00+00:00,2608.62,2618.93,2604.2,2615.95,1238.19,3233343.9003
1643901300000,2022-02-03T15:15:00+00:00,2615.95,2646.37,2614.58,2636.76,2994.24,7884943.8125
1643902200000,2022-02-03T15:30:00+00:00,2636.76,2643.2,2627.17,2634.65,1357.96,3579749.8817
1643903100000,2022-02-03T15:45:00+00:00,2634.65,2642.12,2623.25,2638.9,1092.99,2878343.6347
1643904000000,2022-02-03T16:00:00+00:00,2638.9,2658.59,2630.88,2653.42,2482.72,6569113.6762
1643904900000,2022-02-03T16:15:00+00:00,2653.42,2655.01,2635.47,2639.8,875.95,2314537.2107
1643905800000,2022-02-03T16:30:00+00:00,2639.8,2640.01,2627.87,2633.43,974.07,2565283.2383
1643906700000,2022-02-03T16:45:00+00:00,2633.43,2634.66,2613.56,2613.56,1066.22,2796947.7074
1643907600000,2022-02-03T17:00:00+00:00,2613.56,2619.72,2600.81,2616.24,1725.98,4500830.7947
1643908500000,2022-02-03T17:15:00+00:00,2616.24,2619.65,2602.1,2619.46,1855.8,4849312.2007
1643909400000,2022-02-03T17:30:00+00:00,2619.46,2626.73,2612.53,2619.21,1202.49,3150880.7002
1643910300000,2022-02-03T17:45:00+00:00,2619.21,2627.14,2612.2,2626.24,728.87,1908886.2467
1643911200000,2022-02-03T18:00:00+00:00,2626.24,2626.24,2608.16,2614.46,779.99,2040561.2005
1643912100000,2022-02-03T18:15:00+00:00,2614.46,2618.7,2608.95,2610.94,843.8,2205392.9147
1643913000000,2022-02-03T18:30:00+00:00,2610.94,2633.44,2610.17,2628.39,936.57,2456066.9453
1643913900000,2022-02-03T18:45:00+00:00,2628.39,2634.19,2619.11,2621.69,637.97,1674637.7634
1643914800000,2022-02-03T19:00:00+00:00,2621.69,2627.83,2606.7,2607.79,613.95,1608853.539
1643915700000,2022-02-03T19:15:00+00:00,2607.79,2622.23,2607.79,2614.09,564.9,1477247.1707
1643916600000,2022-02-03T19:30:00+00:00,2614.09,2618.77,2593.43,2594.4,975,2539918.7867
1643917500000,2022-02-03T19:45:00+00:00,2594.4,2603.88,2589.89,2597.72,681.65,1769466.0079
1643918400000,2022-02-03T20:00:00+00:00,2597.72,2605.43,2586.77,2603.6,556.23,1442369.5759
1643919300000,2022-02-03T20:15:00+00:00,2603.6,2609.18,2597.56,2599.81,840.48,2188060.1852
1643920200000,2022-02-03T20:30:00+00:00,2599.81,2599.81,2585.7,2596.12,584.87,1515334.0439
1643921100000,2022-02-03T20:45:00+00:00,2596.12,2596.12,2575.38,2582.65,1797.83,4649075.4676
1643922000000,2022-02-03T21:00:00+00:00,2582.65,2628.1,2582.07,2618.32,1904.61,4981214.1711
1643922900000,2022-02-03T21:15:00+00:00,2618.32,2639.9,2616.34,2633.84,1311.83,3452279.5531
1643923800000,2022-02-03T21:30:00+00:00,2633.84,2653.21,2633.84,2650.12,1120.83,2965047.7532
1643924700000,2022-02-03T21:45:00+00:00,2650.12,2672.95,2647.58,2659.13,1998.07,5316599.1289
1643925600000,2022-02-03T22:00:00+00:00,2659.13,2672.21,2652.03,2668.9,1141.37,3039765.6017
1643926500000,2022-02-03T22:15:00+00:00,2668.9,2668.9,2650.01,2652.11,2226.79,5915386.5632
1643927400000,2022-02-03T22:30:00+00:00,2652.11,2656.47,2644.96,2647.86,1257.86,3332502.7924
1643928300000,2022-02-03T22:45:00+00:00,2647.86,2663.09,2642.76,2659.86,920.48,2441183.8046
1643929200000,2022-02-03T23:00:00+00:00,2659.86,2668.44,2652.65,2668.21,1603.28,4267893.545
1643930100000,2022-02-03T23:15:00+00:00,2668.21,2668.83,2655.54,2660.65,1268.11,3374441.7977
1643931000000,2022-02-03T23:30:00+00:00,2660.65,2664.73,2655.15,2662.74,796.37,2118135.4246
1643931900000,2022-02-03T23:45:00+00:00,2662.74,2699.1,2661.63,2694.99,5012.7,13418798.0357
1643932800000,2022-02-04T00:00:00+00:00,2694.99,2694.99,2683.59,2688.21,2594.78,6977961.3017
1643933700000,2022-02-04T00:15:00+00:00,2688.21,2693.02,2682.21,2685.98,975.95,2622633.2431
1643934600000,2022-02-04T00:30:00+00:00,2685.93,2686.51,2677.24,2678.64,1472,3947957.8937
1643935500000,2022-02-04T00:45:00+00:00,2678.64,2687.34,2677.32,2687.06,944.5,2532322.4087
1643936400000,2022-02-04T01:00:00+00:00,2687.06,2687.06,2678.45,2683.21,904.56,2427061.1389
1643937300000,2022-02-04T01:15:00+00:00,2683.21,2685.77,2679.94,2682.47,777.42,2085445.4285
1643938200000,2022-02-04T01:30:00+00:00,2682.47,2682.81,2671.77,2674.97,1436.24,3842872.4226
1643939100000,2022-02-04T01:45:00+00:00,2674.97,2681.75,2670.54,2677.78,1543.39,4132335.7721
1643940000000,2022-02-04T02:00:00+00:00,2677.78,2679.53,2673.72,2679.22,456.71,1222775.6321
1643940900000,2022-02-04T02:15:00+00:00,2679.22,2691.21,2679.21,2689.45,1363.94,3661015.2492
1643941800000,2022-02-04T02:30:00+00:00,2689.45,2695.99,2681.95,2694.32,1739.69,4683059.0821
1643942700000,2022-02-04T02:45:00+00:00,2694.32,2695.87,2684,2685.98,1090.45,2933847.6196
1643943600000,2022-02-04T03:00:00+00:00,2685.98,2689.82,2683.27,2685.75,1123.68,3018762.6804
1643944500000,2022-02-04T03:15:00+00:00,2685.75,2692.25,2683.69,2686.94,891.23,2395365.1657
1643945400000,2022-02-04T03:30:00+00:00,2686.94,2694.22,2683.68,2687.86,1000.47,2690019.9055
1643946300000,2022-02-04T03:45:00+00:00,2687.86,2689.57,2680.39,2682.07,928.88,2494649.1517
1643947200000,2022-02-04T04:00:00+00:00,2682.07,2686.86,2676.7,2682.09,903.5,2422118.8286
1643948100000,2022-02-04T04:15:00+00:00,2682.09,2682.68,2674.68,2679.59,736.63,1972900.102
1643949000000,2022-02-04T04:30:00+00:00,2679.59,2683.39,2674.96,2680.74,421.14,1128270.3784
1643949900000,2022-02-04T04:45:00+00:00,2680.74,2688.66,2679.38,2682.99,1168.94,3136156.4258
1643950800000,2022-02-04T05:00:00+00:00,2682.99,2713.64,2681.09,2709.69,3021.22,8163641.1246
1643951700000,2022-02-04T05:15:00+00:00,2709.69,2780.2,2706.1,2764.82,8196.76,22542269.0805
1643952600000,2022-02-04T05:30:00+00:00,2764.82,2770.31,2755.19,2766.7,2325.69,6427716.6352
1643953500000,2022-02-04T05:45:00+00:00,2766.7,2773.14,2765.66,2769.17,1852.61,5130768.232
1643954400000,2022-02-04T06:00:00+00:00,2769.17,2801.21,2769.17,2787.56,4629.84,12904255.7444
1643955300000,2022-02-04T06:15:00+00:00,2787.56,2808.33,2786.93,2795.77,3128.67,8749717.5904
1643956200000,2022-02-04T06:30:00+00:00,2795.77,2800.56,2789.78,2792.59,1600.86,4473027.1506
1643957100000,2022-02-04T06:45:00+00:00,2792.59,2798.84,2792.44,2796.1,1728.76,4832397.5014
1643958000000,2022-02-04T07:00:00+00:00,2796.1,2807,2785.15,2786.48,3047.12,8505072.3469
1643958900000,2022-02-04T07:15:00+00:00,2786.48,2793.61,2786.47,2790.75,1432.71,3996242.9288
1643959800000,2022-02-04T07:30:00+00:00,2790.75,2804.71,2790.28,2804.62,1651.11,4620826.8072
1643960700000,2022-02-04T07:45:00+00:00,2804.62,2805.35,2799.39,2803.91,1582.08,4433402.8619
1643961600000,2022-02-04T08:00:00+00:00,2803.91,2849.06,2803.91,2842.48,7675.79,21741346.1319
1643962500000,2022-02-04T08:15:00+00:00,2842.48,2849.41,2832.3,2832.3,3203.23,9098122.4156
1643963400000,2022-02-04T08:30:00+00:00,2832.3,2843.39,2829.6,2839.37,2644.68,7499962.7155
1643964300000,2022-02-04T08:45:00+00:00,2839.37,2841.12,2827.55,2834.89,2950.49,8360478.0526
1643965200000,2022-02-04T09:00:00+00:00,2834.89,2840.22,2823.35,2827.37,2535.84,7181393.6257
1643966100000,2022-02-04T09:15:00+00:00,2827.37,2834.11,2825.81,2830.16,2040.49,5774019.514
1643967000000,2022-02-04T09:30:00+00:00,2830.16,2839.65,2828.16,2832.81,2002.59,5675990.0666
1643967900000,2022-02-04T09:45:00+00:00,2832.81,2855.85,2829.55,2847.54,3389.47,9650295.552
1643968800000,2022-02-04T10:00:00+00:00,2847.54,2870.52,2842.09,2845.47,4543.25,12975646.9451
1643969700000,2022-02-04T10:15:00+00:00,2845.47,2846.63,2829.87,2832.14,2604.36,7384960.3911
1643970600000,2022-02-04T10:30:00+00:00,2832.14,2844.12,2824.51,2837.98,2428.08,6885396.9519
1643971500000,2022-02-04T10:45:00+00:00,2837.98,2839.24,2828.28,2833.67,1538.67,4360602.0756
1643972400000,2022-02-04T11:00:00+00:00,2833.67,2836.67,2825.34,2829.13,1388.68,3930056.4147
1643973300000,2022-02-04T11:15:00+00:00,2829.13,2843.09,2827.81,2834.27,1472.7,4178290.1723
1643974200000,2022-02-04T11:30:00+00:00,2834.27,2844.51,2832.56,2840.51,1198.7,3404322.6127
1643975100000,2022-02-04T11:45:00+00:00,2840.51,2840.51,2826.79,2829.96,2630.79,7447991.2961
1643976000000,2022-02-04T12:00:00+00:00,2829.96,2839.53,2829.35,2836.38,1678.8,4760051.54
1643976900000,2022-02-04T12:15:00+00:00,2836.38,2845.15,2831.08,2844.7,1867.99,5302754.4408
1643977800000,2022-02-04T12:30:00+00:00,2844.7,2846.24,2839.19,2840.66,1334.14,3791146.6943
1643978700000,2022-02-04T12:45:00+00:00,2840.66,2848.43,2835.23,2840.05,1304.26,3703235.1572
1643979600000,2022-02-04T13:00:00+00:00,2840.05,2846.47,2833.96,2843.37,1790.66,5082418.3699
1643980500000,2022-02-04T13:15:00+00:00,2843.37,2857.29,2825.81,2830.25,3501.47,9940652.0004
1643981400000,2022-02-04T13:30:00+00:00,2830.25,2830.75,2788.8,2790.26,8063.65,22613204.651
1643982300000,2022-02-04T13:45:00+00:00,2790.26,2794.62,2769.53,2774.47,6825.72,18983938.0173
1643983200000,2022-02-04T14:00:00+00:00,2774.47,2786.58,2763.91,2781.37,5866.08,16263848.9525
1643984100000,2022-02-04T14:15:00+00:00,2781.37,2811.95,2781.37,2809.19,7040.87,19722097.3984
1643985000000,2022-02-04T14:30:00+00:00,2809.19,2832.41,2791.67,2821.4,6959.86,19580436.7844
1643985900000,2022-02-04T14:45:00+00:00,2821.4,2834.56,2816,2826.41,3877.5,10949964.5499
1643986800000,2022-02-04T15:00:00+00:00,2826.41,2872.87,2823.51,2863.27,9413.79,26844726.6997
1643987700000,2022-02-04T15:15:00+00:00,2863.27,2902.15,2862.97,2887.46,10623.89,30689215.6657
1643988600000,2022-02-04T15:30:00+00:00,2887.46,2929,2864.35,2878.17,9164.19,26566575.2803
1643989500000,2022-02-04T15:45:00+00:00,2878.17,2887.69,2864.75,2872.72,3433.89,9869453.3379
1643990400000,2022-02-04T16:00:00+00:00,2872.72,2895.61,2869.69,2889.45,5317.29,15334442.5084
1643991300000,2022-02-04T16:15:00+00:00,2889.45,2947.87,2884.18,2941.92,8750.7,25492449.3335
1643992200000,2022-02-04T16:30:00+00:00,2941.92,2957.38,2935.27,2944.27,6888.2,20280808.887
1643993100000,2022-02-04T16:45:00+00:00,2944.27,2962.06,2925.78,2929.81,4257.07,12535846.3349
1643994000000,2022-02-04T17:00:00+00:00,2929.81,2951.67,2925.37,2946.98,2208.38,6489877.3689
1643994900000,2022-02-04T17:15:00+00:00,2946.98,2949.49,2933.33,2941.82,1572.93,4623186.378
1643995800000,2022-02-04T17:30:00+00:00,2941.82,2953.3,2935.24,2948.63,1759.99,5182273.7443
1643996700000,2022-02-04T17:45:00+00:00,2948.63,2961.03,2943.26,2954.71,1738.53,5136304.9229
1643997600000,2022-02-04T18:00:00+00:00,2954.71,2968.8,2943.88,2949.56,1853.74,5475011.7224
1643998500000,2022-02-04T18:15:00+00:00,2949.56,2959.75,2941.66,2957.42,1513.83,4464675.7792
1643999400000,2022-02-04T18:30:00+00:00,2957.42,2958.64,2943.39,2948.46,1180.4,3482177.1445
1644000300000,2022-02-04T18:45:00+00:00,2948.46,2953.41,2941.38,2946.71,1030.02,3034795.5535
1644001200000,2022-02-04T19:00:00+00:00,2946.71,2949.42,2932.42,2937.96,1708.82,5024362.3011
1644002100000,2022-02-04T19:15:00+00:00,2937.96,2947.44,2930.22,2943.61,1557.63,4580496.5679
1644003000000,2022-02-04T19:30:00+00:00,2943.61,2953.14,2937.97,2942,1730.34,5101319.6187
1644003900000,2022-02-04T19:45:00+00:00,2942,2964.45,2939.31,2958.86,2019.46,5955842.693
1644004800000,2022-02-04T20:00:00+00:00,2958.86,2979.41,2958.58,2967.14,2597.29,7711811.9445
1644005700000,2022-02-04T20:15:00+00:00,2967.14,2967.74,2951.26,2955.22,1692.11,5007403.0204
1644006600000,2022-02-04T20:30:00+00:00,2955.22,2962.66,2952.31,2952.82,1856.12,5490767.8422
1644007500000,2022-02-04T20:45:00+00:00,2952.82,2956.65,2946.71,2953.77,1312.06,3871067.2096
1644008400000,2022-02-04T21:00:00+00:00,2953.77,2955.67,2942.32,2945.87,861.61,2540192.8809
1644009300000,2022-02-04T21:15:00+00:00,2945.87,2952.31,2943.79,2944.66,920.68,2714167.3411
1644010200000,2022-02-04T21:30:00+00:00,2944.66,2951.34,2943.66,2949.08,669.85,1974448.4555
1644011100000,2022-02-04T21:45:00+00:00,2949.08,2962,2945.1,2955.01,921.64,2718468.2443
1644012000000,2022-02-04T22:00:00+00:00,2955.01,2960.31,2936.36,2955.12,1185.26,3493347.2499
1644012900000,2022-02-04T22:15:00+00:00,2955.12,2962.1,2931.32,2939.13,1994.47,5874009.3146
1644013800000,2022-02-04T22:30:00+00:00,2939.13,2943.76,2936.72,2941.81,1095.68,3221565.9402
1644014700000,2022-02-04T22:45:00+00:00,2941.81,2962.02,2938.81,2955.97,1517.03,4478772.1859
1644015600000,2022-02-04T23:00:00+00:00,2955.97,2960.25,2951.83,2953.41,714.61,2112385.4296
1644016500000,2022-02-04T23:15:00+00:00,2953.41,2953.41,2946.3,2950.97,1151.49,3396191.456
1644017400000,2022-02-04T23:30:00+00:00,2950.97,2963.06,2948.65,2953.32,622.59,1839139.986
1644018300000,2022-02-04T23:45:00+00:00,2953.32,2995.85,2953.32,2994.04,3438.05,10257795.7301
1644019200000,2022-02-05T00:00:00+00:00,2994.04,2995,2971.56,2991.24,4703.91,14032003.1117
1644020100000,2022-02-05T00:15:00+00:00,2991.24,2994.12,2978.09,2982.61,2039.99,6089684.3246
1644021000000,2022-02-05T00:30:00+00:00,2982.61,3017.93,2980.47,2997.98,3281.39,9834991.0739
1644021900000,2022-02-05T00:45:00+00:00,2997.98,2998.54,2971.49,2980.72,2973.01,8858160.3907
1644022800000,2022-02-05T01:00:00+00:00,2980.72,2986.46,2964.65,2964.83,2297.09,6846064.6493
1644023700000,2022-02-05T01:15:00+00:00,2964.83,2982.93,2964.83,2977.26,2168.68,6458805.923
1644024600000,2022-02-05T01:30:00+00:00,2977.26,2982.19,2962.64,2968.97,1610.96,4789714.2536
1644025500000,2022-02-05T01:45:00+00:00,2968.97,2973.84,2961.18,2972.45,1590.81,4721904.8325
1644026400000,2022-02-05T02:00:00+00:00,2972.45,2985.63,2968.63,2983.44,2545.19,7581150.3298
1644027300000,2022-02-05T02:15:00+00:00,2983.44,2996.66,2983.44,2990.53,2168.02,6485783.0606
1644028200000,2022-02-05T02:30:00+00:00,2990.53,3009.26,2985.61,3000.29,2952,8855054.0999
1644029100000,2022-02-05T02:45:00+00:00,3000.29,3001.75,2991.06,2992.97,1804.58,5407852.9605
1644030000000,2022-02-05T03:00:00+00:00,2992.97,3004.95,2992.97,2994.02,2263.29,6784415.1451
1644030900000,2022-02-05T03:15:00+00:00,2994.02,3000.31,2983.74,2991.98,1905.19,5701987.582
1644031800000,2022-02-05T03:30:00+00:00,2991.98,2993.73,2980.48,2992.79,4631.23,13843930.2161
1644032700000,2022-02-05T03:45:00+00:00,2992.79,2998.8,2987.31,2997.12,3028.95,9074979.3679
1644033600000,2022-02-05T04:00:00+00:00,2997.12,3014.56,2989.13,3010,2059.37,6188210.1214
1644034500000,2022-02-05T04:15:00+00:00,3010,3036.75,3007.72,3030.77,7121.63,21556357.7408
1644035400000,2022-02-05T04:30:00+00:00,3030.77,3032.67,3011.7,3016.62,4199.19,12681710.0189
1644036300000,2022-02-05T04:45:00+00:00,3016.66,3016.88,3003.99,3012.78,2310.08,6956251.5491
1644037200000,2022-02-05T05:00:00+00:00,3012.78,3019.46,3009.73,3017.08,4892.31,14751359.9025
1644038100000,2022-02-05T05:15:00+00:00,3017.08,3029.28,3012.51,3022.64,5551.35,16763351.6369
1644039000000,2022-02-05T05:30:00+00:00,3022.64,3027.05,3015.49,3024.88,4370.94,13205293.4729
1644039900000,2022-02-05T05:45:00+00:00,3024.88,3033.43,3017.69,3023.35,4512.92,13666157.4615
1644040800000,2022-02-05T06:00:00+00:00,3023.35,3035.68,3022.02,3027.58,1383.6,4192511.3737
1644041700000,2022-02-05T06:15:00+00:00,3027.58,3034.51,3024.85,3027.74,2605.85,7891515.925
1644042600000,2022-02-05T06:30:00+00:00,3027.74,3032.48,3007.57,3013.34,1788.86,5401858.4362
1644043500000,2022-02-05T06:45:00+00:00,3013.34,3019.69,3005.79,3008.15,1292.71,3895224.4738
1644044400000,2022-02-05T07:00:00+00:00,3008.15,3010.54,2996.97,3004.11,3699.9,11112568.4252
1644045300000,2022-02-05T07:15:00+00:00,3004.11,3009.06,2997.6,3005.84,4269.1,12827708.2942
1644046200000,2022-02-05T07:30:00+00:00,3005.84,3008.24,2997.64,2999.73,3655.46,10977505.603
1644047100000,2022-02-05T07:45:00+00:00,2999.73,3003.59,2997.95,3001.8,3851.75,11557575.879
1644048000000,2022-02-05T08:00:00+00:00,3001.8,3008.99,3001.42,3004.67,7760.9,23316115.4081
1644048900000,2022-02-05T08:15:00+00:00,3004.67,3007.74,3002.49,3006.76,2861.85,8599515.9115
1644049800000,2022-02-05T08:30:00+00:00,3006.76,3018.16,2987.83,3003.91,3574.43,10723189.6163
1644050700000,2022-02-05T08:45:00+00:00,3003.91,3009.26,2998.66,3007.55,1697.04,5099941.4642
1644051600000,2022-02-05T09:00:00+00:00,3007.55,3023.79,3002.9,3015.81,3377,10189527.2798
1644052500000,2022-02-05T09:15:00+00:00,3015.81,3022.33,3013.38,3017.49,6781.49,20469658.0156
1644053400000,2022-02-05T09:30:00+00:00,3017.49,3029.57,3015.65,3023.04,5229.84,15807152.5325
1644054300000,2022-02-05T09:45:00+00:00,3023.04,3033.05,3001.97,3028.16,5103.41,15412553.4307
1644055200000,2022-02-05T10:00:00+00:00,3028.16,3034.5,3014.38,3016.86,6891.41,20851074.2431
1644056100000,2022-02-05T10:15:00+00:00,3016.86,3018.51,3008.33,3013.52,4656.35,14031699.2114
1644057000000,2022-02-05T10:30:00+00:00,3013.52,3022.1,3012.38,3017.31,2459.59,7423187.629
1644057900000,2022-02-05T10:45:00+00:00,3017.31,3026.47,3014.94,3024.89,1316.95,3979090.6659
1644058800000,2022-02-05T11:00:00+00:00,3024.89,3025.28,3018.14,3024.98,1649.88,4984389.1062
1644059700000,2022-02-05T11:15:00+00:00,3024.98,3029.91,3002.85,3010.77,3396.17,10222077.6283
1644060600000,2022-02-05T11:30:00+00:00,3010.77,3015.42,3006.46,3009.93,3885.26,11695701.5861
1644061500000,2022-02-05T11:45:00+00:00,3009.93,3015.11,3007.47,3011.66,1402.74,4223126.0632
1644062400000,2022-02-05T12:00:00+00:00,3011.66,3017.95,2997.95,3017.32,2492.52,7499964.537
1644063300000,2022-02-05T12:15:00+00:00,3017.32,3023.03,3011.26,3013.49,1723.85,5201242.5333
1644064200000,2022-02-05T12:30:00+00:00,3013.49,3013.49,3000.53,3011.48,3905.69,11739964.0378
1644065100000,2022-02-05T12:45:00+00:00,3011.48,3015.05,3003.68,3005.52,3002.29,9030584.5394
1644066000000,2022-02-05T13:00:00+00:00,3005.52,3017.12,3002.88,3015.32,1133.56,3411368.5733
1644066900000,2022-02-05T13:15:00+00:00,3015.32,3018.17,3008.33,3017.12,1449.66,4369124.2502
1644067800000,2022-02-05T13:30:00+00:00,3017.12,3026.22,3013.01,3020.41,1887.69,5704353.0187
1644068700000,2022-02-05T13:45:00+00:00,3020.41,3028.5,3018.38,3022.14,3679.65,11128569.9927
1644069600000,2022-02-05T14:00:00+00:00,3022.14,3022.14,3007.76,3013.13,2242.04,6754645.4408
1644070500000,2022-02-05T14:15:00+00:00,3013.13,3017.05,3007.79,3013.62,1469.79,4429625.6604
1644071400000,2022-02-05T14:30:00+00:00,3013.62,3020.79,3009.01,3017.51,1372.56,4139588.2216
1644072300000,2022-02-05T14:45:00+00:00,3017.51,3047.3,3015.06,3020.63,5042.58,15287759.2292
1644073200000,2022-02-05T15:00:00+00:00,3020.63,3037.68,3005.09,3032.78,5461.21,16519201.4061
1644074100000,2022-02-05T15:15:00+00:00,3032.78,3055.72,3030.29,3044.44,11175.67,34013286.7675
1644075000000,2022-02-05T15:30:00+00:00,3044.44,3059.38,3044.32,3052.8,8591.82,26228899.0355
1644075900000,2022-02-05T15:45:00+00:00,3052.8,3053.98,3039.78,3050.87,6605.01,20119454.5938
1644076800000,2022-02-05T16:00:00+00:00,3050.87,3054.19,3029.9,3033.05,7035.69,21382314.583
1644077700000,2022-02-05T16:15:00+00:00,3033.05,3041.92,3028.91,3033.96,5327.18,16177237.3502
1644078600000,2022-02-05T16:30:00+00:00,3033.96,3042.64,3023.1,3024.26,4064.81,12323734.2927
1644079500000,2022-02-05T16:45:00+00:00,3024.26,3025.03,2996.9,3001.95,8912.81,26809943.8694
1644080400000,2022-02-05T17:00:00+00:00,3001.95,3007.27,2967.76,2971.27,8196.84,24467348.6578
1644081300000,2022-02-05T17:15:00+00:00,2971.27,2999.19,2963,2993.02,9146.36,27297597.2006
1644082200000,2022-02-05T17:30:00+00:00,2993.02,3007.71,2989.92,3006.41,7735.1,23224595.1288
1644083100000,2022-02-05T17:45:00+00:00,3006.41,3022.9,3003.88,3016.45,5933.83,17889930.5749
1644084000000,2022-02-05T18:00:00+00:00,3016.45,3024.47,3006.91,3019.52,5593.55,16867181.371
1644084900000,2022-02-05T18:15:00+00:00,3019.52,3026,3012.37,3017.94,4004.71,12079454.4629
1644085800000,2022-02-05T18:30:00+00:00,3017.94,3021.18,3008.12,3016.27,4380.95,13215430.4942
1644086700000,2022-02-05T18:45:00+00:00,3016.27,3017.96,3008.92,3017.69,6690.53,20159451.6959
1644087600000,2022-02-05T19:00:00+00:00,3017.69,3017.69,3010.69,3015.73,4547.46,13706573.4684
1644088500000,2022-02-05T19:15:00+00:00,3015.73,3020.45,3008.46,3009.34,2541.7,7664322.3064
1644089400000,2022-02-05T19:30:00+00:00,3009.34,3019.67,3004.8,3018.87,2072.68,6245896.4851
1644090300000,2022-02-05T19:45:00+00:00,3018.87,3021.45,3009.39,3011.13,1812.52,5465379.5169
1644091200000,2022-02-05T20:00:00+00:00,3011.13,3017.93,2994.31,3004.98,4280.67,12853996.1675
1644092100000,2022-02-05T20:15:00+00:00,3004.98,3013.98,2995.95,3003.22,2828.3,8490713.3471
1644093000000,2022-02-05T20:30:00+00:00,3003.22,3013.78,3002.04,3012.43,968.76,2914122.1162
1644093900000,2022-02-05T20:45:00+00:00,3012.43,3019.54,3012.42,3017.58,978.54,2950656.434
1644094800000,2022-02-05T21:00:00+00:00,3017.58,3027.96,3011.66,3026.79,1712.28,5174693.4007
1644095700000,2022-02-05T21:15:00+00:00,3026.79,3028.08,3018.65,3024.4,828.36,2503528.4889
1644096600000,2022-02-05T21:30:00+00:00,3024.4,3024.59,3013.26,3024.59,1500.93,4535109.0895
1644097500000,2022-02-05T21:45:00+00:00,3024.59,3031.03,3019.19,3020.44,3678.33,11121526.6405
1644098400000,2022-02-05T22:00:00+00:00,3020.44,3036.29,3020.06,3030.29,3007.47,9109797.3456
1644099300000,2022-02-05T22:15:00+00:00,3030.29,3035.54,3024.45,3027.7,2021.86,6126389.4524
1644100200000,2022-02-05T22:30:00+00:00,3027.7,3027.7,3023.21,3023.21,997.81,3018738.0713
1644101100000,2022-02-05T22:45:00+00:00,3023.21,3028.23,3015.03,3019.04,1054.62,3187550.1161
1644102000000,2022-02-05T23:00:00+00:00,3019.04,3022.09,3013.43,3020.1,2026.11,6116738.461
1644102900000,2022-02-05T23:15:00+00:00,3020.1,3022.18,3013.47,3016.17,1397.74,4219790.1846
1644103800000,2022-02-05T23:30:00+00:00,3016.17,3021.05,3008.43,3018.98,2083.82,6278204.8074
1644104700000,2022-02-05T23:45:00+00:00,3018.98,3023.09,3008.47,3013.08,4576.75,13792019.0257
1644105600000,2022-02-06T00:00:00+00:00,3013.08,3023.43,3013.02,3023.07,1860.23,5619651.7945
1644106500000,2022-02-06T00:15:00+00:00,3023.07,3028.81,3015.27,3017.35,1262.97,3817559.2503
1644107400000,2022-02-06T00:30:00+00:00,3017.35,3022.49,3010.66,3017.5,1447.31,4365163.1798
1644108300000,2022-02-06T00:45:00+00:00,3017.5,3029.19,3013.75,3025.91,1052.93,3184037.8401
1644109200000,2022-02-06T01:00:00+00:00,3025.91,3033.73,3025.91,3032.23,1687.64,5113516.3864
1644110100000,2022-02-06T01:15:00+00:00,3032.23,3032.37,3021.58,3027.08,1262.04,3820138.4123
1644111000000,2022-02-06T01:30:00+00:00,3027.08,3029.87,3020.08,3025.16,1064.33,3220026.8462
1644111900000,2022-02-06T01:45:00+00:00,3025.16,3033.43,3024.52,3030.08,1192.56,3614282.6602
1644112800000,2022-02-06T02:00:00+00:00,3030.08,3031.4,3025.9,3028.03,2205.72,6680366.2319
1644113700000,2022-02-06T02:15:00+00:00,3028.03,3028.7,3020.38,3021.21,1497.49,4527936.0336
1644114600000,2022-02-06T02:30:00+00:00,3021.21,3024.92,3015.45,3020.52,1397.37,4220322.5037
1644115500000,2022-02-06T02:45:00+00:00,3020.52,3024.92,3017.7,3024.82,1318.35,3981038.0816
1644116400000,2022-02-06T03:00:00+00:00,3024.82,3025.35,3018.28,3018.7,646.53,1953587.72
1644117300000,2022-02-06T03:15:00+00:00,3018.7,3021.41,3015.56,3018.47,803.32,2424579.6112
1644118200000,2022-02-06T03:30:00+00:00,3018.47,3022.33,3018.16,3020.06,834.7,2521262.5862
1644119100000,2022-02-06T03:45:00+00:00,3020.06,3020.44,3008.16,3008.16,1251.8,3773437.4202
1644120000000,2022-02-06T04:00:00+00:00,3008.16,3016.3,2993.04,2999.46,3607.94,10830205.7336
1644120900000,2022-02-06T04:15:00+00:00,2999.46,3010.36,2988.85,3008.87,4247.97,12741933.5932
1644121800000,2022-02-06T04:30:00+00:00,3008.87,3015.81,3006.68,3012.06,1103.97,3323107.9012
1644122700000,2022-02-06T04:45:00+00:00,3012.06,3017.62,3012.06,3016.8,945.76,2851782.4974
1644123600000,2022-02-06T05:00:00+00:00,3016.8,3019.13,3010.78,3011.22,1263.27,3809321.4344
1644124500000,2022-02-06T05:15:00+00:00,3011.22,3021.41,3011.22,3017.39,1114.59,3362106.9747
1644125400000,2022-02-06T05:30:00+00:00,3017.39,3021.46,3015.14,3020.95,1541.28,4653182.4884
1644126300000,2022-02-06T05:45:00+00:00,3020.95,3021.7,3014.8,3019.83,4174.8,12603753.403
1644127200000,2022-02-06T06:00:00+00:00,3019.83,3019.89,3008.3,3008.31,1631.48,4918415.9643
1644128100000,2022-02-06T06:15:00+00:00,3008.31,3014.37,3002.6,3008.96,1986.09,5970946.359
1644129000000,2022-02-06T06:30:00+00:00,3008.96,3013.36,3004.32,3005.32,1502.03,4517976.11
1644129900000,2022-02-06T06:45:00+00:00,3005.32,3006.39,2997.77,3003.56,2484.61,7459404.5912
1644130800000,2022-02-06T07:00:00+00:00,3003.34,3007.75,2998.15,3004.92,3196.92,9597569.3555
1644131700000,2022-02-06T07:15:00+00:00,3004.92,3006.21,2994.35,2995.42,3472.69,10418136.8338
1644132600000,2022-02-06T07:30:00+00:00,2995.42,3007.7,2995.11,3007.58,3738.33,11216394.3252
1644133500000,2022-02-06T07:45:00+00:00,3007.58,3018.08,3007.54,3011.23,1661.31,5007084.1205
1644134400000,2022-02-06T08:00:00+00:00,3011.23,3012.27,3003.91,3004.97,1477.7,4444271.1994
1644135300000,2022-02-06T08:15:00+00:00,3004.97,3005.07,2998.39,3003.15,1545.2,4638017.6778
1644136200000,2022-02-06T08:30:00+00:00,3003.15,3013.13,2999.58,3010.46,1277.84,3840679.0845
1644137100000,2022-02-06T08:45:00+00:00,3010.46,3013.54,3002.31,3011.87,1686.33,5072353.8204
1644138000000,2022-02-06T09:00:00+00:00,3011.87,3015.86,3009.67,3013.98,1936.51,5835023.5622
1644138900000,2022-02-06T09:15:00+00:00,3013.98,3018.43,3012.53,3012.97,1570.97,4738475.5221
1644139800000,2022-02-06T09:30:00+00:00,3012.97,3017.47,3010,3010,1308.99,3945176.3823
1644140700000,2022-02-06T09:45:00+00:00,3010,3018.72,3009.86,3018.45,1341.44,4045131.8256
1644141600000,2022-02-06T10:00:00+00:00,3018.45,3022.33,3013.4,3017.23,4473.87,13504192.8052
1644142500000,2022-02-06T10:15:00+00:00,3017.23,3017.38,3010.05,3010.48,1156.18,3484579.4753
1644143400000,2022-02-06T10:30:00+00:00,3010.48,3011.35,3003.22,3006.54,1297.39,3901219.6857
1644144300000,2022-02-06T10:45:00+00:00,3006.54,3008.56,3001.86,3007.09,1138.41,3421333.3136
1644145200000,2022-02-06T11:00:00+00:00,3007.09,3012.65,3002.91,3004.86,1358.3,4082613.6955
1644146100000,2022-02-06T11:15:00+00:00,3004.86,3007.88,3003.62,3007,1111.31,3340698.3852
1644147000000,2022-02-06T11:30:00+00:00,3007,3010.3,3002.4,3002.51,1786.86,5371071.1443
1644147900000,2022-02-06T11:45:00+00:00,3002.51,3007.76,2998.54,3006.85,3431.8,10303603.4604
1644148800000,2022-02-06T12:00:00+00:00,3006.85,3015.33,3004.83,3013.19,1816.45,5469200.6985
1644149700000,2022-02-06T12:15:00+00:00,3013.19,3015.95,3009.56,3012.92,1264.91,3810822.2203
1644150600000,2022-02-06T12:30:00+00:00,3012.92,3016.86,3009.04,3009.2,1145.46,3450459.517
1644151500000,2022-02-06T12:45:00+00:00,3009.2,3009.87,3000.54,3009.36,1461.85,4391370.3988
1644152400000,2022-02-06T13:00:00+00:00,3009.36,3019.83,3004.66,3006.22,2019.64,6088276.0218
1644153300000,2022-02-06T13:15:00+00:00,3006.27,3018.54,3001.67,3017.29,2182.32,6574330.7965
1644154200000,2022-02-06T13:30:00+00:00,3017.29,3018.91,3011.76,3015.21,1333.85,4023047.6649
1644155100000,2022-02-06T13:45:00+00:00,3015.21,3016.52,3012.19,3014.42,1003.56,3025512.9463
1644156000000,2022-02-06T14:00:00+00:00,3014.42,3017.98,3011.61,3013.6,1676.17,5052509.5622
1644156900000,2022-02-06T14:15:00+00:00,3013.6,3019.68,3013.35,3019.07,2799.19,8448008.6451
1644157800000,2022-02-06T14:30:00+00:00,3019.07,3046.42,2982,2991.15,9379.24,28267627.9805
1644158700000,2022-02-06T14:45:00+00:00,2991.15,2999.48,2971.43,2977.29,8527,25422553.4354
1644159600000,2022-02-06T15:00:00+00:00,2977.29,2980.84,2951.4,2970.99,12774.72,37883215.1984
1644160500000,2022-02-06T15:15:00+00:00,2970.99,2986.97,2969.4,2986.97,7280.69,21667464.7233
1644161400000,2022-02-06T15:30:00+00:00,2986.97,2995.27,2972.14,2973.04,7849.69,23436819.6226
1644162300000,2022-02-06T15:45:00+00:00,2973.04,2995.11,2973.04,2990.27,6434.63,19232149.131
1644163200000,2022-02-06T16:00:00+00:00,2990.27,2992.46,2977.94,2980.65,7114.02,21220326.2818
1644164100000,2022-02-06T16:15:00+00:00,2980.65,2996.31,2980.63,2991.81,5321.4,15905641.3207
1644165000000,2022-02-06T16:30:00+00:00,2991.81,3005.31,2989.83,2992.47,6517.94,19546833.255
1644165900000,2022-02-06T16:45:00+00:00,2992.47,3003.81,2992.03,3000.94,6791.56,20369952.7622
1644166800000,2022-02-06T17:00:00+00:00,3000.94,3009.59,2997.11,3002.02,5960.7,17905349.4711
1644167700000,2022-02-06T17:15:00+00:00,3002.02,3008.7,3001.78,3005.61,4837.08,14538996.3355
1644168600000,2022-02-06T17:30:00+00:00,3005.61,3008.31,2993.5,2997.78,3960.27,11896220.1745
1644169500000,2022-02-06T17:45:00+00:00,2997.78,3004.01,2997.39,3001.71,4782.14,14350898.1037
1644170400000,2022-02-06T18:00:00+00:00,3001.71,3004.36,2997.04,2997.07,1084.99,3256771.8519
1644171300000,2022-02-06T18:15:00+00:00,2997.07,3001.21,2985.87,2989.65,1440.68,4311365.4512
1644172200000,2022-02-06T18:30:00+00:00,2989.65,2996.06,2987.08,2992.3,2000.42,5981342.5863
1644173100000,2022-02-06T18:45:00+00:00,2992.3,2993.95,2979.06,2985.21,6037.05,18032020.4798
1644174000000,2022-02-06T19:00:00+00:00,2985.21,2989.34,2983.17,2985.55,3303.5,9867629.665
1644174900000,2022-02-06T19:15:00+00:00,2985.55,2998.35,2985.52,2998.34,1530.44,4576983.8847
1644175800000,2022-02-06T19:30:00+00:00,2998.34,3000.45,2994.66,2998.23,1004.76,3012802.1758
1644176700000,2022-02-06T19:45:00+00:00,2998.23,3001.97,2997,3000.7,428.48,1285279.2388
1644177600000,2022-02-06T20:00:00+00:00,3000.7,3001.73,2995.92,2997.18,569.51,1708644.0201
1644178500000,2022-02-06T20:15:00+00:00,2997.18,2998.43,2989.95,2997.56,682.08,2042589.8345
1644179400000,2022-02-06T20:30:00+00:00,2997.56,3000.36,2990.46,2991.39,1300.13,3897799.2636
1644180300000,2022-02-06T20:45:00+00:00,2991.39,2993.07,2974.64,2984.25,819.89,2445335.4722
1644181200000,2022-02-06T21:00:00+00:00,2984.25,2988.45,2979.88,2983.28,1396.4,4167688.598
1644182100000,2022-02-06T21:15:00+00:00,2983.28,2999.07,2983.28,2997.65,617.52,1847662.1456
1644183000000,2022-02-06T21:30:00+00:00,2997.65,3001.62,2995.23,2998.58,1057.93,3172042.7935
1644183900000,2022-02-06T21:45:00+00:00,2998.58,2998.9,2993.68,2994.36,623.81,1869392.4351
1644184800000,2022-02-06T22:00:00+00:00,2994.36,2997.65,2992.26,2996.29,827.22,2478214.7609
1644185700000,2022-02-06T22:15:00+00:00,2996.29,3000.54,2993.85,2994.13,1193.19,3574899.2302
1644186600000,2022-02-06T22:30:00+00:00,2994.13,3001.04,2993.7,3000.64,3192.52,9565484.6473
1644187500000,2022-02-06T22:45:00+00:00,3000.64,3000.92,2982.7,2987.91,1935.54,5796363.9654
1644188400000,2022-02-06T23:00:00+00:00,2987.91,3021.98,2982.55,3001.42,2288.32,6871958.9968
1644189300000,2022-02-06T23:15:00+00:00,3001.42,3041.55,3001.42,3029.68,8923.8,27036577.3232
1644190200000,2022-02-06T23:30:00+00:00,3029.68,3068.17,3029.68,3068.17,10108.25,30798377.0135
1644191100000,2022-02-06T23:45:00+00:00,3067.68,3074.58,3053.8,3054.49,7032.53,21522788.5397
1644192000000,2022-02-07T00:00:00+00:00,3054.49,3061.75,3027.36,3030.55,8154.61,24847704.9961
1644192900000,2022-02-07T00:15:00+00:00,3030.55,3035.8,3003.05,3012.26,5671.63,17135541.4539
1644193800000,2022-02-07T00:30:00+00:00,3012.26,3016.03,2999.34,3003.36,5620.41,16906906.1337
1644194700000,2022-02-07T00:45:00+00:00,3003.36,3010.25,2991.94,3008.67,4627.21,13895793.4214
1644195600000,2022-02-07T01:00:00+00:00,3008.67,3010.87,2994.79,3003.74,3505.31,10519483.6448
1644196500000,2022-02-07T01:15:00+00:00,3003.74,3015.6,2999.52,3009.86,2799.94,8419320.8853
1644197400000,2022-02-07T01:30:00+00:00,3009.86,3029.83,3009.86,3020.77,3269.62,9872499.105
1644198300000,2022-02-07T01:45:00+00:00,3020.77,3030.27,3014.42,3018.28,3722.27,11243127.0898
1644199200000,2022-02-07T02:00:00+00:00,3018.28,3027.16,3016.7,3020.8,2109.71,6376523.1098
1644200100000,2022-02-07T02:15:00+00:00,3020.8,3032.43,3020.43,3032.28,4048.3,12248817.7674
1644201000000,2022-02-07T02:30:00+00:00,3032.28,3048.84,3031.27,3046.86,5191.52,15766594.5136
1644201900000,2022-02-07T02:45:00+00:00,3046.86,3058,3032.87,3033.98,4454.39,13561976.4407
1644202800000,2022-02-07T03:00:00+00:00,3033.98,3052.46,3033.8,3042.55,5460.51,16616169.304
1644203700000,2022-02-07T03:15:00+00:00,3042.55,3065.93,3042.54,3057.48,4777.21,14567816.237
1644204600000,2022-02-07T03:30:00+00:00,3057.48,3072.61,3047.18,3061.94,5533.37,16941163.5165
1644205500000,2022-02-07T03:45:00+00:00,3061.94,3073.15,3055.99,3068.2,5586.91,17124288.2044
1644206400000,2022-02-07T04:00:00+00:00,3068.2,3072.08,3054.83,3059.09,5639.31,17261163.1639
1644207300000,2022-02-07T04:15:00+00:00,3059.09,3086.25,3059.09,3078.93,6064.5,18647341.3115
1644208200000,2022-02-07T04:30:00+00:00,3078.93,3083.32,3072.73,3078.06,5331.55,16419021.0284
1644209100000,2022-02-07T04:45:00+00:00,3078.06,3087.17,3071.38,3085.09,5357.67,16497884.8085
1644210000000,2022-02-07T05:00:00+00:00,3085.09,3096.32,3080.14,3091.1,6284.41,19393199.832
1644210900000,2022-02-07T05:15:00+00:00,3091.1,3110.96,3087.68,3094.06,6840.31,21168713.2152
1644211800000,2022-02-07T05:30:00+00:00,3094.06,3098.87,3088,3088.84,7219.85,22331000.175
1644212700000,2022-02-07T05:45:00+00:00,3088.84,3094.83,3083.6,3092.3,4748.19,14677050.2537
1644213600000,2022-02-07T06:00:00+00:00,3092.3,3105.34,3092.12,3098.48,4471.34,13851370.0189
1644214500000,2022-02-07T06:15:00+00:00,3098.48,3101.16,3088.6,3089.96,5220.47,16157598.275
1644215400000,2022-02-07T06:30:00+00:00,3089.96,3091.42,3079.58,3086.93,2104.12,6493472.6041
1644216300000,2022-02-07T06:45:00+00:00,3086.93,3092.31,3083.38,3089.11,1277.7,3945258.7056
1644217200000,2022-02-07T07:00:00+00:00,3089.11,3093.24,3084.48,3088.6,1875.92,5793600.0623
1644218100000,2022-02-07T07:15:00+00:00,3088.6,3089.51,3083.64,3088.72,1848.89,5705237.8259
1644219000000,2022-02-07T07:30:00+00:00,3088.72,3088.95,3080.57,3080.57,1253.37,3865350.7301
1644219900000,2022-02-07T07:45:00+00:00,3080.57,3084.4,3067.82,3078.83,4389.94,13507615.7627
1644220800000,2022-02-07T08:00:00+00:00,3078.83,3084.9,3068.13,3075.71,3373.8,10380145.3051
1644221700000,2022-02-07T08:15:00+00:00,3075.71,3076.85,3063.91,3069.96,3535.98,10858508.0089
1644222600000,2022-02-07T08:30:00+00:00,3069.96,3074.25,3065.88,3070.01,3697.45,11346524.4236
1644223500000,2022-02-07T08:45:00+00:00,3070.01,3078.35,3069.56,3071.67,2779.94,8543568.8153
1644224400000,2022-02-07T09:00:00+00:00,3071.67,3077.81,3066.44,3068.26,1692.7,5197576.2625
1644225300000,2022-02-07T09:15:00+00:00,3068.26,3072.51,3059.73,3063.81,2949.4,9041978.075
1644226200000,2022-02-07T09:30:00+00:00,3063.81,3063.9,3048.62,3058.33,4225.19,12913900.3038
1644227100000,2022-02-07T09:45:00+00:00,3058.33,3070.7,3055.5,3067.08,2011.86,6165669.5671
1644228000000,2022-02-07T10:00:00+00:00,3067.08,3072.96,3060.22,3065.01,1764.31,5408766.7936
1644228900000,2022-02-07T10:15:00+00:00,3065.01,3070.71,3063.98,3067.09,1095.88,3361018.3636
1644229800000,2022-02-07T10:30:00+00:00,3067.09,3076.01,3066.8,3074.66,1072.65,3294615.6981
1644230700000,2022-02-07T10:45:00+00:00,3074.66,3076.7,3066.67,3069.42,989.39,3038602.5411
1644231600000,2022-02-07T11:00:00+00:00,3069.42,3076.54,3069.26,3074.04,2247.97,6910407.017
1644232500000,2022-02-07T11:15:00+00:00,3074.04,3076.75,3068.7,3069.74,3666.56,11270225.2663
1644233400000,2022-02-07T11:30:00+00:00,3069.74,3071.92,3059.35,3066.38,1825.13,5595500.0632
1644234300000,2022-02-07T11:45:00+00:00,3066.38,3067.39,3056.46,3066.36,1623.68,4970831.9217
1644235200000,2022-02-07T12:00:00+00:00,3066.36,3069.63,3058.29,3059.15,1341.36,4109850.7393
1644236100000,2022-02-07T12:15:00+00:00,3059.15,3063.61,3053.02,3057.88,3206.66,9804871.8226
1644237000000,2022-02-07T12:30:00+00:00,3057.88,3075.59,3055.01,3075.06,1943.93,5966003.7718
1644237900000,2022-02-07T12:45:00+00:00,3075.06,3086.35,3070.5,3070.65,2163.77,6661848.0511
1644238800000,2022-02-07T13:00:00+00:00,3070.65,3086.04,3068.27,3082.3,2037.26,6278827.5118
1644239700000,2022-02-07T13:15:00+00:00,3082.3,3093.09,3076.52,3080.92,4169.91,12863802.782
1644240600000,2022-02-07T13:30:00+00:00,3080.92,3083.01,3074.76,3082.31,2678.29,8249471.5881
1644241500000,2022-02-07T13:45:00+00:00,3082.31,3088.13,3077.39,3087.16,3780.01,11656734.9356
1644242400000,2022-02-07T14:00:00+00:00,3087.16,3097.04,3083.2,3087.08,3598.99,11123722.0829
1644243300000,2022-02-07T14:15:00+00:00,3087.08,3095.86,3082.65,3093.94,2566.53,7927932.2635
1644244200000,2022-02-07T14:30:00+00:00,3093.94,3123.15,3082.2,3117.8,6005.49,18641498.0241
1644245100000,2022-02-07T14:45:00+00:00,3117.8,3127.39,3106.68,3121.62,5544.27,17288200.2371
1644246000000,2022-02-07T15:00:00+00:00,3121.62,3125.32,3108.02,3109.25,7465.08,23274477.7297
1644246900000,2022-02-07T15:15:00+00:00,3109.25,3115.04,3093.35,3106.3,8301.24,25768335.4947
1644247800000,2022-02-07T15:30:00+00:00,3106.3,3122.07,3102,3112.1,5386.94,16767569.1063
1644248700000,2022-02-07T15:45:00+00:00,3112.1,3124.35,3111.84,3121.22,6442.4,20077962.7455
1644249600000,2022-02-07T16:00:00+00:00,3121.22,3138.68,3109.36,3129.06,6689.98,20920404.9863
1644250500000,2022-02-07T16:15:00+00:00,3129.06,3133.85,3119.32,3130.14,3723.68,11641033.4835
1644251400000,2022-02-07T16:30:00+00:00,3130.14,3150.17,3105.99,3107.48,4321.11,13536489.028
1644252300000,2022-02-07T16:45:00+00:00,3107.48,3131.54,3107.48,3129.54,3194.03,9970595.719
1644253200000,2022-02-07T17:00:00+00:00,3129.54,3129.83,3114.94,3115.8,5265.44,16448636.9307
1644254100000,2022-02-07T17:15:00+00:00,3115.8,3132.88,3114.76,3125.13,3744.58,11711819.1835
1644255000000,2022-02-07T17:30:00+00:00,3125.13,3133.09,3119.73,3130.82,4638.14,14512701.895
1644255900000,2022-02-07T17:45:00+00:00,3130.82,3147.32,3126.67,3144.05,4206.09,13207899.3948
1644256800000,2022-02-07T18:00:00+00:00,3144.05,3178.81,3139.35,3161.32,9661.38,30478133.4022
1644257700000,2022-02-07T18:15:00+00:00,3161.32,3162,3145.23,3149.74,7221.39,22786975.0435
1644258600000,2022-02-07T18:30:00+00:00,3149.74,3161.08,3146.18,3147.24,7397.09,23324845.5532
1644259500000,2022-02-07T18:45:00+00:00,3147.24,3164.49,3138.78,3162.07,7491.92,23590535.4141
1644260400000,2022-02-07T19:00:00+00:00,3162.07,3175.25,3157.61,3171.72,3551.17,11244421.1291
1644261300000,2022-02-07T19:15:00+00:00,3171.72,3185.68,3168,3184.73,4839.58,15382009.9531
1644262200000,2022-02-07T19:30:00+00:00,3184.73,3185.2,3169.35,3178.46,3925.61,12465913.5551
1644263100000,2022-02-07T19:45:00+00:00,3178.46,3178.67,3164.62,3166.26,1724.17,5472632.5896
1644264000000,2022-02-07T20:00:00+00:00,3166.26,3183.67,3164.62,3182.83,6790.5,21575056.8575
1644264900000,2022-02-07T20:15:00+00:00,3182.83,3182.88,3170.66,3172.71,7028.95,22319851.6996
1644265800000,2022-02-07T20:30:00+00:00,3172.71,3175.89,3155.84,3162.49,3917.88,12414170.8879
1644266700000,2022-02-07T20:45:00+00:00,3162.49,3162.49,3133.36,3153.98,5701.06,17945042.7431
1644267600000,2022-02-07T21:00:00+00:00,3153.98,3159.76,3139.5,3152.79,5902.57,18607510.41
1644268500000,2022-02-07T21:15:00+00:00,3152.79,3153.8,3128.86,3130.84,5887.84,18503174.0377
1644269400000,2022-02-07T21:30:00+00:00,3130.84,3141.97,3129.62,3139.2,5296.58,16610418.8073
1644270300000,2022-02-07T21:45:00+00:00,3139.2,3151.5,3130.33,3149.72,5291.84,16639759.1777
1644271200000,2022-02-07T22:00:00+00:00,3149.72,3151.36,3143.32,3150.33,6114.41,19242868.4086
1644272100000,2022-02-07T22:15:00+00:00,3150.33,3155.73,3145.54,3155.27,2096.32,6603936.7561
1644273000000,2022-02-07T22:30:00+00:00,3155.27,3155.37,3145.89,3148.72,1535.19,4835922.5177
1644273900000,2022-02-07T22:45:00+00:00,3148.72,3155.87,3148.72,3150.2,979.23,3086345.9051
1644274800000,2022-02-07T23:00:00+00:00,3150.2,3158.68,3136.03,3138.65,2287.82,7208983.3755
1644275700000,2022-02-07T23:15:00+00:00,3138.65,3145.96,3136.2,3141.69,868.86,2728958.7657
1644276600000,2022-02-07T23:30:00+00:00,3141.69,3144.95,3135.22,3141.68,871.33,2736681.342
1644277500000,2022-02-07T23:45:00+00:00,3141.68,3148.92,3135.51,3138.35,1203.35,3782960.8603
1644278400000,2022-02-08T00:00:00+00:00,3138.35,3152.7,3120.56,3122.07,3943.28,12346393.9229
1644279300000,2022-02-08T00:15:00+00:00,3122.07,3135.05,3111.92,3132.39,5447.91,17033476.1856
1644280200000,2022-02-08T00:30:00+00:00,3132.39,3137.94,3122.93,3133.07,3922.29,12282449.7657
1644281100000,2022-02-08T00:45:00+00:00,3133.07,3137,3122.89,3129.01,2934.72,9190478.8679
1644282000000,2022-02-08T01:00:00+00:00,3129.01,3141.8,3124.67,3138.61,2134.53,6680783.8108
1644282900000,2022-02-08T01:15:00+00:00,3138.61,3146.44,3136.71,3145.57,1223.06,3840997.6597
1644283800000,2022-02-08T01:30:00+00:00,3145.57,3149,3139.89,3146.24,1211.76,3810247.5324
1644284700000,2022-02-08T01:45:00+00:00,3146.24,3153.84,3144.7,3149.72,4265.16,13436447.2418
1644285600000,2022-02-08T02:00:00+00:00,3149.72,3155.67,3139.53,3139.53,2140.8,6742288.9532
1644286500000,2022-02-08T02:15:00+00:00,3139.53,3149.71,3137.71,3145.75,1637.25,5146542.34
1644287400000,2022-02-08T02:30:00+00:00,3145.75,3149.97,3142.72,3145.83,2327.07,7322368.0887
1644288300000,2022-02-08T02:45:00+00:00,3145.83,3147.22,3134.87,3137.74,1248.69,3920380.0238
1644289200000,2022-02-08T03:00:00+00:00,3137.74,3143.18,3127.91,3128.97,1449.14,4543804.9495
1644290100000,2022-02-08T03:15:00+00:00,3128.97,3140.67,3127.4,3137.79,2689.79,8425395.6734
1644291000000,2022-02-08T03:30:00+00:00,3137.79,3147.05,3135.25,3142.67,2160.53,6786340.9981
1644291900000,2022-02-08T03:45:00+00:00,3142.67,3147.21,3137.32,3145.1,1582.65,4977541.0536
1644292800000,2022-02-08T04:00:00+00:00,3145.1,3149.41,3141.98,3145.37,1012.78,3185582.7128
1644293700000,2022-02-08T04:15:00+00:00,3145.37,3149,3140.95,3142.56,609.49,1916154.9129
1644294600000,2022-02-08T04:30:00+00:00,3142.56,3155.07,3142.56,3150.47,1979.8,6236245.052
1644295500000,2022-02-08T04:45:00+00:00,3150.47,3163.96,3148.4,3161.73,3219.71,10162381.4207
1644296400000,2022-02-08T05:00:00+00:00,3161.73,3170.27,3156.36,3165.97,2951.17,9332984.4207
1644297300000,2022-02-08T05:15:00+00:00,3165.97,3173.79,3158.52,3169.17,3097.19,9802138.0964
1644298200000,2022-02-08T05:30:00+00:00,3169.17,3175.63,3161.8,3175.37,3010.03,9534498.8745
1644299100000,2022-02-08T05:45:00+00:00,3175.37,3193.26,3174,3183.46,5265.2,16769337.6354
1644300000000,2022-02-08T06:00:00+00:00,3183.46,3231.92,3179.97,3214.98,7479.95,23950472.0393
1644300900000,2022-02-08T06:15:00+00:00,3214.98,3231.66,3211.53,3216.34,7443.13,23951402.1216
1644301800000,2022-02-08T06:30:00+00:00,3216.34,3217.31,3172.71,3180.25,8433.99,26907397.6322
1644302700000,2022-02-08T06:45:00+00:00,3180.25,3186.7,3169.04,3182.24,4428.64,14083020.9
1644303600000,2022-02-08T07:00:00+00:00,3182.24,3183.32,3165.23,3172.15,1898.63,6023630.0589
1644304500000,2022-02-08T07:15:00+00:00,3172.15,3180.82,3167.46,3171.47,1651.2,5238098.4477
1644305400000,2022-02-08T07:30:00+00:00,3171.47,3174,3166.09,3168.73,4150.54,13157840.81
1644306300000,2022-02-08T07:45:00+00:00,3168.73,3175.51,3163.8,3173.07,3931.94,12465654.6056
1644307200000,2022-02-08T08:00:00+00:00,3173.07,3177.51,3129.83,3136.96,6133.05,19321775.677
1644308100000,2022-02-08T08:15:00+00:00,3136.96,3136.96,3116.86,3121.17,5644.43,17647053.7779
1644309000000,2022-02-08T08:30:00+00:00,3121.17,3124.32,3103.46,3112.13,5201.53,16197527.7066
1644309900000,2022-02-08T08:45:00+00:00,3112.13,3119.27,3101.34,3105.89,4356.44,13556988.4885
1644310800000,2022-02-08T09:00:00+00:00,3105.89,3115.39,3079.13,3079.43,4832.83,14967932.2191
1644311700000,2022-02-08T09:15:00+00:00,3079.43,3098.14,3074.17,3097.11,4183.66,12931105.666
1644312600000,2022-02-08T09:30:00+00:00,3097.11,3108.48,3090.94,3104.14,3940.71,12217941.4834
1644313500000,2022-02-08T09:45:00+00:00,3104.14,3107.03,3088.12,3094.18,2980.61,9231775.1798
1644314400000,2022-02-08T10:00:00+00:00,3094.18,3101.21,3078.27,3085.51,6547.68,20236425.9381
1644315300000,2022-02-08T10:15:00+00:00,3085.51,3105.99,3081.41,3105.61,5798.51,17943037.1135
1644316200000,2022-02-08T10:30:00+00:00,3105.61,3108.43,3096.39,3102.37,1468.99,4558904.1133
1644317100000,2022-02-08T10:45:00+00:00,3102.37,3117.96,3102.2,3111.62,3928.75,12225576.6185
1644318000000,2022-02-08T11:00:00+00:00,3111.62,3122.62,3106.03,3107.45,2532.32,7883797.0966
1644318900000,2022-02-08T11:15:00+00:00,3107.45,3113.96,3094.55,3101.86,1346.56,4179669.6496
1644319800000,2022-02-08T11:30:00+00:00,3101.86,3108.91,3095.21,3100.12,1219.05,3783734.4245
1644320700000,2022-02-08T11:45:00+00:00,3100.12,3106.26,3091.75,3104.88,2073.63,6429922.8028
1644321600000,2022-02-08T12:00:00+00:00,3104.88,3104.88,3089.08,3094.86,1427.78,4418945.1732
1644322500000,2022-02-08T12:15:00+00:00,3094.86,3094.96,3056.09,3058.45,6832.65,20981849.7862
1644323400000,2022-02-08T12:30:00+00:00,3058.45,3070.1,3052.41,3064.42,7105.62,21755235.364
1644324300000,2022-02-08T12:45:00+00:00,3064.42,3066.7,3049.48,3065.81,6275.27,19198953.4657
1644325200000,2022-02-08T13:00:00+00:00,3065.81,3082.16,3062.71,3068.42,3806.3,11691782.8171
1644326100000,2022-02-08T13:15:00+00:00,3068.42,3076.01,3058.46,3075.65,3586.56,11008689.4714
1644327000000,2022-02-08T13:30:00+00:00,3075.65,3084.67,3070.55,3078.94,2482.59,7643659.3114
1644327900000,2022-02-08T13:45:00+00:00,3078.94,3091.68,3075.99,3090.99,1494.65,4609995.7141
1644328800000,2022-02-08T14:00:00+00:00,3090.99,3092.19,3084.5,3089.33,5918.67,18275218.9397
1644329700000,2022-02-08T14:15:00+00:00,3089.33,3096.86,3085.73,3085.73,7157.89,22132679.2895
1644330600000,2022-02-08T14:30:00+00:00,3085.73,3100,3077.75,3092.49,9326.19,28828546.023
1644331500000,2022-02-08T14:45:00+00:00,3092.49,3098.31,3069.34,3070.09,5680.95,17530565.0434
1644332400000,2022-02-08T15:00:00+00:00,3070.09,3070.19,3038.01,3041.58,9338.62,28494655.0272
1644333300000,2022-02-08T15:15:00+00:00,3041.58,3066.43,3030,3057.63,9339.39,28526395.6966
1644334200000,2022-02-08T15:30:00+00:00,3057.63,3066.11,3042.94,3066.01,7571.72,23146127.1091
1644335100000,2022-02-08T15:45:00+00:00,3066.01,3080.44,3065.93,3075.72,4690.09,14423676.1943
1644336000000,2022-02-08T16:00:00+00:00,3075.72,3083.37,3067.01,3079.08,4216.83,12962679.9611
1644336900000,2022-02-08T16:15:00+00:00,3079.08,3080.54,3067.77,3076.06,4131.15,12705235.1227
1644337800000,2022-02-08T16:30:00+00:00,3076.06,3081.44,3065.39,3068.69,1857.43,5704129.0567
1644338700000,2022-02-08T16:45:00+00:00,3068.69,3073.41,3039.7,3043.8,4102.97,12511469.9997
1644339600000,2022-02-08T17:00:00+00:00,3043.8,3055.74,3034.82,3046.88,3729.89,11357101.6531
1644340500000,2022-02-08T17:15:00+00:00,3046.88,3061.72,3043.39,3043.79,2939.37,8971744.9896
1644341400000,2022-02-08T17:30:00+00:00,3043.79,3054.97,3024.65,3032.04,6310.14,19183092.6385
1644342300000,2022-02-08T17:45:00+00:00,3032.04,3054.28,3031.94,3052.59,4656.2,14185993.7089
1644343200000,2022-02-08T18:00:00+00:00,3052.59,3062.28,3049.37,3060.72,5673.15,17322793.0968
1644344100000,2022-02-08T18:15:00+00:00,3060.72,3065.09,3055.91,3062.37,2065.42,6318490.5085
1644345000000,2022-02-08T18:30:00+00:00,3062.37,3072.29,3060.55,3062.38,5742.02,17602893.4427
1644345900000,2022-02-08T18:45:00+00:00,3062.38,3067.59,3051.05,3058.23,3388.48,10374504.8787
1644346800000,2022-02-08T19:00:00+00:00,3058.23,3062.75,3050.55,3056.63,955.36,2920913.9797
1644347700000,2022-02-08T19:15:00+00:00,3056.63,3061.63,3032.13,3034.48,2288.96,6983684.8048
1644348600000,2022-02-08T19:30:00+00:00,3034.48,3051.33,3031.82,3038.42,1381.08,4194896.5162
1644349500000,2022-02-08T19:45:00+00:00,3038.42,3053.8,3032.13,3051.07,2111.8,6423604.2662
1644350400000,2022-02-08T20:00:00+00:00,3051.07,3067.1,3046.13,3067.09,1449.97,4430487.057
1644351300000,2022-02-08T20:15:00+00:00,3067.09,3081,3064.34,3080.67,1692.58,5197686.8774
1644352200000,2022-02-08T20:30:00+00:00,3080.67,3112.07,3080.07,3105.4,7468.55,23153972.1389
1644353100000,2022-02-08T20:45:00+00:00,3105.4,3118.07,3100.91,3115.34,6155.76,19151602.3266
1644354000000,2022-02-08T21:00:00+00:00,3115.34,3128.08,3102.29,3104.72,4937.77,15378749.7618
1644354900000,2022-02-08T21:15:00+00:00,3104.72,3118.57,3102.53,3112.98,4241.91,13193207.9255
1644355800000,2022-02-08T21:30:00+00:00,3112.98,3124.44,3109.18,3121.85,3373.57,10523548.4361
1644356700000,2022-02-08T21:45:00+00:00,3121.85,3122.17,3111.08,3113.1,2966.63,9244536.632
1644357600000,2022-02-08T22:00:00+00:00,3113.17,3121.94,3108.63,3110.62,3677.18,11448896.5669
1644358500000,2022-02-08T22:15:00+00:00,3110.62,3113.34,3106.3,3108.58,806.86,2509162.1286
1644359400000,2022-02-08T22:30:00+00:00,3108.58,3109.39,3095.95,3101.84,2699.81,8374638.0915
1644360300000,2022-02-08T22:45:00+00:00,3101.84,3115.29,3099.66,3113.16,1660.38,5157512.2225
1644361200000,2022-02-08T23:00:00+00:00,3113.16,3120.98,3111.33,3117.73,787.56,2453626.5167
1644362100000,2022-02-08T23:15:00+00:00,3117.73,3133.42,3117.45,3133.13,1751.14,5478536.0122
1644363000000,2022-02-08T23:30:00+00:00,3133.13,3136.11,3120.93,3127.05,1966.73,6153401.7468
1644363900000,2022-02-08T23:45:00+00:00,3127.05,3127.84,3113.06,3114.51,1132.55,3533139.7869
1644364800000,2022-02-09T00:00:00+00:00,3114.51,3123.08,3111.88,3116.88,1910.84,5956883.7833
1644365700000,2022-02-09T00:15:00+00:00,3116.88,3124.89,3104.04,3106.14,3447.96,10756923.5605
1644366600000,2022-02-09T00:30:00+00:00,3106.14,3124.11,3103.92,3123.62,1051.52,3269949.7463
1644367500000,2022-02-09T00:45:00+00:00,3123.62,3130.09,3118.51,3128.22,1161.04,3628325.6724
1644368400000,2022-02-09T01:00:00+00:00,3128.22,3129.37,3123.03,3124.91,1197.11,3742126.6371
1644369300000,2022-02-09T01:15:00+00:00,3124.91,3125.79,3113.83,3116.93,1185.27,3695584.9297
1644370200000,2022-02-09T01:30:00+00:00,3116.93,3123.25,3107.12,3109.91,1392.64,4339863.4625
1644371100000,2022-02-09T01:45:00+00:00,3109.91,3111.1,3098.77,3101.82,4688.89,14553858.7221
1644372000000,2022-02-09T02:00:00+00:00,3101.82,3105.92,3067.81,3068.11,7161.5,22113591.2284
1644372900000,2022-02-09T02:15:00+00:00,3068,3075.34,3064.64,3067.3,5151.8,15816302.7457
1644373800000,2022-02-09T02:30:00+00:00,3067.3,3071.05,3060.44,3065.53,5821.44,17852171.9326
1644374700000,2022-02-09T02:45:00+00:00,3065.53,3076.74,3065.43,3074.16,5030.87,15458157.8869
1644375600000,2022-02-09T03:00:00+00:00,3074.16,3081.45,3065.42,3072.2,3612.17,11106391.5807
1644376500000,2022-02-09T03:15:00+00:00,3072.2,3078.93,3071.93,3078.11,3579.56,11012065.2764
1644377400000,2022-02-09T03:30:00+00:00,3078.11,3082.6,3072.27,3073.33,3259.35,10027410.5393
1644378300000,2022-02-09T03:45:00+00:00,3073.33,3077.03,3071.56,3074.81,906.98,2788120.3684
1644379200000,2022-02-09T04:00:00+00:00,3074.81,3087.86,3073.54,3086.84,3706.38,11430457.7399
1644380100000,2022-02-09T04:15:00+00:00,3086.84,3089.78,3080.77,3082.04,4085.88,12605922.4896
1644381000000,2022-02-09T04:30:00+00:00,3082.04,3087.2,3077,3083.75,1121.05,3455348.1159
1644381900000,2022-02-09T04:45:00+00:00,3083.75,3092.39,3078.83,3079.2,4004.24,12367952.2214
1644382800000,2022-02-09T05:00:00+00:00,3079.2,3081.78,3056.64,3065.06,2692.49,8253536.8305
1644383700000,2022-02-09T05:15:00+00:00,3065.06,3073.25,3053.44,3071.24,2686.04,8221966.8623
1644384600000,2022-02-09T05:30:00+00:00,3071.24,3100.64,3070.35,3099.75,1707.9,5266316.5899
1644385500000,2022-02-09T05:45:00+00:00,3099.75,3105.48,3087.12,3088.85,1659.14,5136989.0177
1644386400000,2022-02-09T06:00:00+00:00,3088.85,3095.07,3084.19,3086.57,1005.61,3106796.4555
1644387300000,2022-02-09T06:15:00+00:00,3086.57,3098.16,3084.15,3089.79,1207.22,3731683.2263
1644388200000,2022-02-09T06:30:00+00:00,3089.79,3103.1,3088.1,3099.84,1329.76,4117310.5318
1644389100000,2022-02-09T06:45:00+00:00,3099.84,3105.52,3096.64,3098.69,4132.22,12809670.9747
1644390000000,2022-02-09T07:00:00+00:00,3098.69,3104.42,3093.06,3099.57,5819.78,18027145.5869
1644390900000,2022-02-09T07:15:00+00:00,3099.57,3099.58,3084.98,3085.86,2446.5,7564663.7115
1644391800000,2022-02-09T07:30:00+00:00,3085.86,3090.37,3078.69,3086.26,1569.65,4844103.8136
1644392700000,2022-02-09T07:45:00+00:00,3086.26,3112,3086.26,3104.98,1847.17,5723442.1046
1644393600000,2022-02-09T08:00:00+00:00,3104.98,3111.98,3093.8,3095.98,2239.14,6948841.565
1644394500000,2022-02-09T08:15:00+00:00,3095.98,3102.94,3067.62,3077.55,4301.1,13235899.393
1644395400000,2022-02-09T08:30:00+00:00,3077.55,3083.2,3067.82,3080.19,5148.61,15842738.0942
1644396300000,2022-02-09T08:45:00+00:00,3080.19,3098.24,3080.16,3092.85,1350.36,4174770.7868
1644397200000,2022-02-09T09:00:00+00:00,3092.85,3113.67,3092.85,3108.67,4747.16,14747729.6161
1644398100000,2022-02-09T09:15:00+00:00,3108.67,3114.38,3104.61,3108.39,4629.45,14392739.5548
1644399000000,2022-02-09T09:30:00+00:00,3108.39,3114.39,3090.29,3104.47,3092.07,9595767.8842
1644399900000,2022-02-09T09:45:00+00:00,3104.47,3110.16,3095.34,3098.28,2155.54,6684881.3666
1644400800000,2022-02-09T10:00:00+00:00,3098.28,3127.16,3098.08,3122.47,3979.17,12376271.2321
1644401700000,2022-02-09T10:15:00+00:00,3122.47,3142.44,3117.53,3134.41,4276.64,13378345.5287
1644402600000,2022-02-09T10:30:00+00:00,3134.41,3141.46,3126.65,3130.35,4264.69,13356701.0337
1644403500000,2022-02-09T10:45:00+00:00,3130.35,3136.54,3122.56,3135.78,2497.2,7812349.4718
1644404400000,2022-02-09T11:00:00+00:00,3135.78,3141.19,3119.13,3125.3,6347.66,19875577.6798
1644405300000,2022-02-09T11:15:00+00:00,3125.3,3137.89,3123.01,3137.48,6865.05,21477219.1746
1644406200000,2022-02-09T11:30:00+00:00,3137.48,3143.61,3133.65,3138.58,6053.51,19002027.9786
1644407100000,2022-02-09T11:45:00+00:00,3138.58,3156.92,3138.54,3151.6,6324.74,19915272.2387
1644408000000,2022-02-09T12:00:00+00:00,3151.6,3157.08,3138.18,3153.24,3477.01,10947345.6184
1644408900000,2022-02-09T12:15:00+00:00,3153.24,3157.9,3148.89,3153.4,3959.17,12485858.9034
1644409800000,2022-02-09T12:30:00+00:00,3153.4,3192.73,3150.12,3191.52,5472.8,17349364.6266
1644410700000,2022-02-09T12:45:00+00:00,3191.52,3192.72,3174.32,3180.61,5165.67,16437058.8402
1644411600000,2022-02-09T13:00:00+00:00,3180.61,3207.71,3174.21,3200,8287.16,26456463.188
1644412500000,2022-02-09T13:15:00+00:00,3200,3205.6,3191.17,3199.6,6645.37,21247377.7982
1644413400000,2022-02-09T13:30:00+00:00,3199.6,3204.43,3187.51,3198.9,8043.03,25695277.573
1644414300000,2022-02-09T13:45:00+00:00,3198.9,3201.74,3179.55,3181.47,6603.41,21081202.7621
1644415200000,2022-02-09T14:00:00+00:00,3181.47,3186.54,3162.35,3179.26,6787.17,21546111.0874
1644416100000,2022-02-09T14:15:00+00:00,3179.26,3190.63,3171.59,3186.73,3367.8,10707274.6993
1644417000000,2022-02-09T14:30:00+00:00,3186.73,3217.36,3182.86,3202.51,6585.83,21077003.769
1644417900000,2022-02-09T14:45:00+00:00,3202.51,3208.81,3187.46,3190.02,4252.73,13615666.593
1644418800000,2022-02-09T15:00:00+00:00,3190.02,3200.52,3179,3179.25,2272.8,7252750.7171
1644419700000,2022-02-09T15:15:00+00:00,3179.25,3180.35,3165.47,3176.69,5546.09,17604936.2938
1644420600000,2022-02-09T15:30:00+00:00,3176.69,3183.58,3165.87,3165.95,1615.13,5129338.4318
1644421500000,2022-02-09T15:45:00+00:00,3165.95,3178.59,3165.27,3178.46,1713.09,5430412.8787
1644422400000,2022-02-09T16:00:00+00:00,3178.46,3192.14,3162.56,3171.34,4696.24,14926643.8648
1644423300000,2022-02-09T16:15:00+00:00,3171.34,3188.16,3168.57,3182.54,7765.1,24688092.9976
1644424200000,2022-02-09T16:30:00+00:00,3182.54,3193.89,3178.29,3192,2221.33,7082103.5413
1644425100000,2022-02-09T16:45:00+00:00,3192,3212.12,3191.93,3201.74,6376.23,20419839.208
1644426000000,2022-02-09T17:00:00+00:00,3201.74,3208.07,3197.83,3204.58,6957.52,22282276.9063
1644426900000,2022-02-09T17:15:00+00:00,3204.58,3216.85,3204.46,3205.89,8275.35,26559138.4651
1644427800000,2022-02-09T17:30:00+00:00,3205.89,3209.78,3196.1,3202.37,6308.28,20200296.8464
1644428700000,2022-02-09T17:45:00+00:00,3202.37,3206.29,3192.16,3198.62,5755.27,18412384.5119
1644429600000,2022-02-09T18:00:00+00:00,3198.62,3202.36,3190.86,3192.23,2417.6,7730011.538
1644430500000,2022-02-09T18:15:00+00:00,3192.23,3199.35,3182.17,3191.74,2209.1,7046178.4553
1644431400000,2022-02-09T18:30:00+00:00,3191.74,3203.89,3186.14,3203.27,1983.63,6331109.419
1644432300000,2022-02-09T18:45:00+00:00,3203.27,3209.43,3197.51,3209,2353.84,7539446.1738
1644433200000,2022-02-09T19:00:00+00:00,3209,3238.56,3205.87,3225.88,5840.82,18835668.8126
1644434100000,2022-02-09T19:15:00+00:00,3225.88,3254.32,3220.18,3248.09,7110.15,22992490.8128
1644435000000,2022-02-09T19:30:00+00:00,3248.09,3257.75,3237.58,3249.84,6280.15,20393816.2912
1644435900000,2022-02-09T19:45:00+00:00,3249.84,3255.22,3243.88,3246.16,5537.87,17991830.0726
1644436800000,2022-02-09T20:00:00+00:00,3246.16,3263.02,3244.81,3244.81,6821.05,22173749.0807
1644437700000,2022-02-09T20:15:00+00:00,3244.81,3263.7,3239.86,3260.64,5893.21,19161095.6124
1644438600000,2022-02-09T20:30:00+00:00,3260.64,3269.17,3252.56,3258.15,5157.72,16817541.4333
1644439500000,2022-02-09T20:45:00+00:00,3258.15,3261.06,3249.26,3256.55,5981.35,19474251.3466
1644440400000,2022-02-09T21:00:00+00:00,3256.55,3258.59,3247.16,3252.73,1864.88,6065712.9441
1644441300000,2022-02-09T21:15:00+00:00,3252.73,3255.46,3245.41,3252.69,745.43,2423833.2155
1644442200000,2022-02-09T21:30:00+00:00,3252.69,3254.93,3246.38,3248.13,594.92,1932733.0388
1644443100000,2022-02-09T21:45:00+00:00,3248.13,3248.9,3233.43,3235.23,1238.13,4012534.5989
1644444000000,2022-02-09T22:00:00+00:00,3235.23,3245.66,3233.68,3234.11,3489.99,11307340.2185
1644444900000,2022-02-09T22:15:00+00:00,3234.11,3244.03,3229.88,3233.71,3797.24,12293729.4322
1644445800000,2022-02-09T22:30:00+00:00,3233.71,3244.5,3232.52,3241.24,3578.71,11586130.3052
1644446700000,2022-02-09T22:45:00+00:00,3241.24,3253.44,3240.01,3249.85,1154.43,3749073.9643
1644447600000,2022-02-09T23:00:00+00:00,3249.85,3249.88,3238.62,3240.94,1033.46,3350293.1665
1644448500000,2022-02-09T23:15:00+00:00,3240.94,3244.74,3230.8,3234.93,953.81,3087747.5794
1644449400000,2022-02-09T23:30:00+00:00,3234.93,3238.82,3230.85,3233.79,1038.17,3358911.5533
1644450300000,2022-02-09T23:45:00+00:00,3233.79,3243.85,3232.29,3243.1,962.44,3115944.505
1644451200000,2022-02-10T00:00:00+00:00,3243.1,3247.43,3232.67,3234.45,1757.12,5695408.5846
1644452100000,2022-02-10T00:15:00+00:00,3234.45,3234.68,3211.78,3223.41,4045.03,13027558.2068
1644453000000,2022-02-10T00:30:00+00:00,3223.41,3227.73,3219.25,3220.67,4421.1,14249834.5292
1644453900000,2022-02-10T00:45:00+00:00,3220.67,3223.15,3214.76,3219,3111.8,10015391.0468
1644454800000,2022-02-10T01:00:00+00:00,3219,3224.37,3216.97,3224.34,2164.55,6970442.3554
1644455700000,2022-02-10T01:15:00+00:00,3224.34,3226.57,3211.75,3213.03,1588.49,5116675.4784
1644456600000,2022-02-10T01:30:00+00:00,3213.03,3226.27,3206.85,3224.63,4956.79,15959227.4554
1644457500000,2022-02-10T01:45:00+00:00,3224.63,3228,3217.92,3223.11,2929.86,9441017.5266
1644458400000,2022-02-10T02:00:00+00:00,3223.11,3227.88,3214.92,3224.48,1342.49,4325324.6094
1644459300000,2022-02-10T02:15:00+00:00,3224.48,3227.34,3219.74,3227.33,1256.11,4048861.9716
1644460200000,2022-02-10T02:30:00+00:00,3227.33,3228.25,3218.59,3220.52,1006.17,3242864.6101
1644461100000,2022-02-10T02:45:00+00:00,3220.52,3223.58,3184.89,3185.21,6657.51,21293764.4391
1644462000000,2022-02-10T03:00:00+00:00,3185.21,3188.14,3169.96,3175.96,6020.48,19137029.7226
1644462900000,2022-02-10T03:15:00+00:00,3175.96,3184.27,3173.86,3184.12,4657.91,14813212.1271
1644463800000,2022-02-10T03:30:00+00:00,3184.12,3186.56,3177.93,3179.06,4804.59,15292342.7899
1644464700000,2022-02-10T03:45:00+00:00,3179.06,3182.23,3174.98,3177.91,4567.72,14518925.1863
1644465600000,2022-02-10T04:00:00+00:00,3177.91,3185.09,3172.76,3183.81,6810.06,21645481.8229
1644466500000,2022-02-10T04:15:00+00:00,3183.81,3185.37,3178.38,3181.5,4651.43,14799490.8819
1644467400000,2022-02-10T04:30:00+00:00,3181.5,3191.74,3172.68,3172.68,3292.23,10475900.2031
1644468300000,2022-02-10T04:45:00+00:00,3172.68,3174.64,3157.86,3167.7,3782.65,11970523.6643
1644469200000,2022-02-10T05:00:00+00:00,3167.7,3167.9,3156.27,3164.11,8012.47,25331082.4537
1644470100000,2022-02-10T05:15:00+00:00,3164.11,3169.62,3159.79,3166.04,6209.12,19640150.8542
1644471000000,2022-02-10T05:30:00+00:00,3166.04,3168.99,3160.69,3168.99,2417.69,7650694.9844
1644471900000,2022-02-10T05:45:00+00:00,3168.99,3174.95,3166.28,3173.31,2235.8,7087783.03
1644472800000,2022-02-10T06:00:00+00:00,3173.31,3178.8,3171.17,3173.65,1939.35,6157044.1269
1644473700000,2022-02-10T06:15:00+00:00,3173.65,3174.51,3166.61,3168.73,1100.51,3489473.0661
1644474600000,2022-02-10T06:30:00+00:00,3168.73,3186.88,3167.04,3186.7,2326.44,7404714.5968
1644475500000,2022-02-10T06:45:00+00:00,3186.7,3186.87,3177.21,3178.02,3258.94,10371619.7038
1644476400000,2022-02-10T07:00:00+00:00,3178.02,3189.31,3176.82,3188.1,5330.09,16972563.3112
1644477300000,2022-02-10T07:15:00+00:00,3188.1,3188.28,3179.85,3181.35,4728.54,15053635.8301
1644478200000,2022-02-10T07:30:00+00:00,3181.35,3184.01,3178.22,3180.62,1287.19,4094568.1628
1644479100000,2022-02-10T07:45:00+00:00,3180.62,3194.52,3178.64,3188.53,3169.97,10106327.2042
1644480000000,2022-02-10T08:00:00+00:00,3188.53,3206.78,3186.2,3199.54,4524.78,14452288.9355
1644480900000,2022-02-10T08:15:00+00:00,3199.54,3201.1,3190.46,3192.98,1856.5,5933671.3738
1644481800000,2022-02-10T08:30:00+00:00,3192.98,3197.9,3189.51,3195.11,1792.93,5728157.1495
1644482700000,2022-02-10T08:45:00+00:00,3195.11,3197.3,3192.29,3196.27,1465.11,4681448.0786
1644483600000,2022-02-10T09:00:00+00:00,3196.27,3198.48,3182.96,3183.78,1664.39,5308136.2447
1644484500000,2022-02-10T09:15:00+00:00,3183.78,3210,3183.66,3202.66,6407.6,20523666.248
1644485400000,2022-02-10T09:30:00+00:00,3202.71,3202.99,3197.78,3201.57,2318.71,7421708.0674
1644486300000,2022-02-10T09:45:00+00:00,3201.57,3215.75,3199.99,3213.75,2739.83,8786070.9235
1644487200000,2022-02-10T10:00:00+00:00,3213.75,3252.16,3210.89,3246.75,7370.99,23838722.032
1644488100000,2022-02-10T10:15:00+00:00,3246.75,3263.63,3243.2,3254.26,5995.7,19501423.7617
1644489000000,2022-02-10T10:30:00+00:00,3254.26,3258.87,3249.51,3252.33,3829.19,12456828.1784
1644489900000,2022-02-10T10:45:00+00:00,3252.33,3252.38,3240.29,3245.9,4016.78,13033312.4294
1644490800000,2022-02-10T11:00:00+00:00,3245.9,3252.7,3236.1,3251.64,5518.93,17895850.2241
1644491700000,2022-02-10T11:15:00+00:00,3251.64,3257.53,3243.04,3252.39,7196.22,23383921.951
1644492600000,2022-02-10T11:30:00+00:00,3252.39,3284.45,3250.8,3266.66,9361.52,30613971.7889
1644493500000,2022-02-10T11:45:00+00:00,3266.81,3268.83,3238.05,3247.19,4821.33,15678918.5879
1644494400000,2022-02-10T12:00:00+00:00,3247.19,3260.28,3242.81,3254.08,1694.27,5507830.0723
1644495300000,2022-02-10T12:15:00+00:00,3254.08,3254.63,3233,3244.56,2914.84,9449518.8575
1644496200000,2022-02-10T12:30:00+00:00,3244.56,3247.38,3229.86,3233.75,3801.13,12305014.8223
1644497100000,2022-02-10T12:45:00+00:00,3233.75,3251.32,3233.75,3244.81,3678.74,11924501.8763
1644498000000,2022-02-10T13:00:00+00:00,3244.81,3263.27,3240.4,3258.71,2993.14,9738910.4318
1644498900000,2022-02-10T13:15:00+00:00,3258.59,3265.39,3248,3255.7,2726.54,8877187.3349
1644499800000,2022-02-10T13:30:00+00:00,3255.7,3255.7,3130,3139.78,17657.54,55955465.4322
1644500700000,2022-02-10T13:45:00+00:00,3139.78,3152.45,3125,3126.25,8716.76,27370220.3249
1644501600000,2022-02-10T14:00:00+00:00,3126.25,3131.68,3085.73,3105.85,15498.88,48147174.0165
1644502500000,2022-02-10T14:15:00+00:00,3105.85,3116.56,3092.65,3115.47,6582.94,20432407.1907
1644503400000,2022-02-10T14:30:00+00:00,3115.47,3143.25,3115.47,3128.18,8370.01,26224721.6855
1644504300000,2022-02-10T14:45:00+00:00,3128.18,3169.95,3118.26,3168.95,5415.67,17002752.7875
1644505200000,2022-02-10T15:00:00+00:00,3168.95,3243.71,3158.12,3221.5,14029.39,45064537.7544
1644506100000,2022-02-10T15:15:00+00:00,3221.5,3233.28,3206.91,3226,5239.66,16871302.9166
1644507000000,2022-02-10T15:30:00+00:00,3226,3265.38,3220.92,3248.16,7809.26,25317583.5861
1644507900000,2022-02-10T15:45:00+00:00,3248.16,3250.72,3193.33,3209.37,7251.6,23385322.5049
1644508800000,2022-02-10T16:00:00+00:00,3209.37,3219.22,3193.54,3194.18,8049.15,25826615.7604
1644509700000,2022-02-10T16:15:00+00:00,3194.18,3216.97,3182.4,3212.95,9017.86,28882202.3807
1644510600000,2022-02-10T16:30:00+00:00,3212.95,3212.95,3189.01,3202.14,5461.5,17463966.5089
1644511500000,2022-02-10T16:45:00+00:00,3202.14,3226.98,3198.86,3224.79,5018.23,16117536.4036
1644512400000,2022-02-10T17:00:00+00:00,3224.79,3245.82,3217.99,3236.22,1874.78,6049427.1
1644513300000,2022-02-10T17:15:00+00:00,3236.22,3245.22,3222.68,3232.79,2675.66,8639887.5616
1644514200000,2022-02-10T17:30:00+00:00,3232.79,3238.73,3219.33,3225.65,3169.15,10229025.5969
1644515100000,2022-02-10T17:45:00+00:00,3225.65,3226.8,3195.97,3209.83,2369.87,7603212.8157
1644516000000,2022-02-10T18:00:00+00:00,3209.83,3216.33,3190.19,3195.98,2056.29,6595607.2045
1644516900000,2022-02-10T18:15:00+00:00,3195.98,3197.44,3170.69,3176.63,2999.15,9549955.9359
1644517800000,2022-02-10T18:30:00+00:00,3176.63,3180.65,3161.55,3176.5,4994.68,15842484.5132
1644518700000,2022-02-10T18:45:00+00:00,3176.5,3182.98,3171.91,3182.98,5354.37,17011340.6106
1644519600000,2022-02-10T19:00:00+00:00,3182.98,3187.57,3139.49,3139.99,6705.7,21180053.52
1644520500000,2022-02-10T19:15:00+00:00,3139.99,3148.92,3126.84,3134.35,6130.53,19235016.3883
1644521400000,2022-02-10T19:30:00+00:00,3134.35,3149.06,3132.61,3137.24,5635.62,17697018.1396
1644522300000,2022-02-10T19:45:00+00:00,3137.24,3146.43,3114.55,3118.28,6135.97,19185684.2577
1644523200000,2022-02-10T20:00:00+00:00,3118.28,3134.2,3103.77,3132.95,5081.7,15855923.0375
1644524100000,2022-02-10T20:15:00+00:00,3132.95,3139.03,3113.13,3122.59,4977.8,15539356.4779
1644525000000,2022-02-10T20:30:00+00:00,3122.59,3122.59,3084.47,3093.03,5732.32,17764322.0216
1644525900000,2022-02-10T20:45:00+00:00,3093.03,3116,3084.98,3109.03,4704.12,14587525.0923
1644526800000,2022-02-10T21:00:00+00:00,3109.03,3110.65,3096.75,3105.32,3347.63,10391281.3401
1644527700000,2022-02-10T21:15:00+00:00,3105.32,3126.39,3091.34,3122.85,3628.63,11278721.5388
1644528600000,2022-02-10T21:30:00+00:00,3122.85,3129.05,3115.09,3120.85,1565.53,4887002.5633
1644529500000,2022-02-10T21:45:00+00:00,3120.85,3127.7,3104,3112.35,5390.97,16778938.7611
1644530400000,2022-02-10T22:00:00+00:00,3112.35,3121.55,3101.26,3114.54,4746.06,14762739.5883
1644531300000,2022-02-10T22:15:00+00:00,3114.54,3126.31,3100.92,3126.07,4460.37,13895715.9522
1644532200000,2022-02-10T22:30:00+00:00,3126.07,3127.56,3105.25,3121.12,3183.57,9936950.43
1644533100000,2022-02-10T22:45:00+00:00,3121.12,3124.93,3106.78,3115.74,3497.35,10891676.2328
1644534000000,2022-02-10T23:00:00+00:00,3115.74,3119.04,3093.78,3096.8,3649.45,11323772.025
1644534900000,2022-02-10T23:15:00+00:00,3096.8,3104.71,3075.12,3076.6,5306.09,16427536.0372
1644535800000,2022-02-10T23:30:00+00:00,3076.6,3084.23,3066.14,3071.2,6766.52,20806878.8813
1644536700000,2022-02-10T23:45:00+00:00,3071.2,3076.92,3055.88,3071.07,6502.1,19937859.4801
1644537600000,2022-02-11T00:00:00+00:00,3071.07,3073.58,3039.64,3059.17,8134.69,24867513.765
1644538500000,2022-02-11T00:15:00+00:00,3059.17,3059.65,2999.97,3012.59,9494.92,28719532.3917
1644539400000,2022-02-11T00:30:00+00:00,3012.59,3025.37,3007.38,3011.14,5497.94,16591813.1669
1644540300000,2022-02-11T00:45:00+00:00,3011.14,3040.33,3004.12,3038.23,5015.72,15196092.5548
1644541200000,2022-02-11T01:00:00+00:00,3038.23,3095.21,3029.71,3080.93,4472.37,13721593.906
1644542100000,2022-02-11T01:15:00+00:00,3080.93,3087.58,3068.36,3075.62,1277.73,3932365.6647
1644543000000,2022-02-11T01:30:00+00:00,3075.62,3082.73,3054.05,3058.57,1903.67,5841225.9832
1644543900000,2022-02-11T01:45:00+00:00,3058.57,3067.62,3056.16,3064.84,1397.06,4278538.1664
1644544800000,2022-02-11T02:00:00+00:00,3064.84,3064.97,3035.7,3041.68,3729.55,11365678.8757
1644545700000,2022-02-11T02:15:00+00:00,3041.68,3054.06,3040.72,3053.87,3306.98,10077417.0432
1644546600000,2022-02-11T02:30:00+00:00,3053.87,3062.54,3050.61,3055.28,3204.71,9794390.1706
1644547500000,2022-02-11T02:45:00+00:00,3055.28,3060.44,3044.83,3058.06,3803.21,11610374.4671
1644548400000,2022-02-11T03:00:00+00:00,3058.06,3065.37,3056.73,3059.05,2125.52,6503661.4811
1644549300000,2022-02-11T03:15:00+00:00,3059.05,3067.01,3054.69,3064.19,2124.95,6504129.3602
1644550200000,2022-02-11T03:30:00+00:00,3064.19,3074.75,3053.63,3073.77,1960.65,6011171.1516
1644551100000,2022-02-11T03:45:00+00:00,3073.77,3085.07,3065.92,3080.85,6888.54,21191939.8817
1644552000000,2022-02-11T04:00:00+00:00,3080.85,3085.26,3072.66,3075.55,4683.8,14419160.824
1644552900000,2022-02-11T04:15:00+00:00,3075.55,3079.91,3062.76,3064.38,4176.01,12832407.4803
1644553800000,2022-02-11T04:30:00+00:00,3064.38,3073.06,3059.92,3060.87,2509.06,7697033.4679
1644554700000,2022-02-11T04:45:00+00:00,3060.87,3070.06,3057.6,3068.56,1218.57,3733526.2646
1644555600000,2022-02-11T05:00:00+00:00,3068.56,3068.56,3040.73,3047.1,2326.24,7106374.8426
1644556500000,2022-02-11T05:15:00+00:00,3047.1,3057.24,3044.77,3053.89,3536.63,10796112.2363
1644557400000,2022-02-11T05:30:00+00:00,3053.89,3063.26,3052.17,3058.79,5358.74,16391459.0034
1644558300000,2022-02-11T05:45:00+00:00,3058.79,3063.42,3048.48,3049.12,5311.55,16231428.5521
1644559200000,2022-02-11T06:00:00+00:00,3049.12,3071.6,3043.21,3069.51,3585.48,10949260.0087
1644560100000,2022-02-11T06:15:00+00:00,3069.51,3072,3063.25,3069.84,1506.41,4621244.4037
1644561000000,2022-02-11T06:30:00+00:00,3069.84,3073.78,3063.38,3073.65,1244.37,3818066.2627
1644561900000,2022-02-11T06:45:00+00:00,3073.65,3079.56,3069.82,3074.5,4142.07,12736365.0984
1644562800000,2022-02-11T07:00:00+00:00,3074.5,3086.57,3071.45,3083.8,6457.09,19883102.7833
1644563700000,2022-02-11T07:15:00+00:00,3083.8,3088.55,3078.44,3084.99,6484.52,19986953.9686
1644564600000,2022-02-11T07:30:00+00:00,3084.99,3092.6,3084.71,3088.39,6006.64,18550162.3818
1644565500000,2022-02-11T07:45:00+00:00,3088.39,3104.63,3088.39,3097.07,6568.02,20331291.2642
1644566400000,2022-02-11T08:00:00+00:00,3097.07,3111,3092.61,3110.26,8156.7,25317468.4035
1644567300000,2022-02-11T08:15:00+00:00,3110.26,3110.26,3097.14,3103.84,6228.76,19324706.0323
1644568200000,2022-02-11T08:30:00+00:00,3103.84,3103.84,3088.12,3089.33,7228.24,22364846.5008
1644569100000,2022-02-11T08:45:00+00:00,3089.33,3092.37,3068.41,3068.81,3175.2,9792286.561
1644570000000,2022-02-11T09:00:00+00:00,3068.81,3092.95,3061.51,3092.84,2095.53,6443866.3892
1644570900000,2022-02-11T09:15:00+00:00,3092.84,3106.91,3088.72,3097.75,2365.29,7329949.4681
1644571800000,2022-02-11T09:30:00+00:00,3097.8,3110.36,3083.28,3102.43,1940.78,6008485.2442
1644572700000,2022-02-11T09:45:00+00:00,3102.43,3108.67,3093.5,3101.09,1443.87,4478852.5547
1644573600000,2022-02-11T10:00:00+00:00,3101.09,3101.75,3085.97,3087.43,2225.33,6879337.5634
1644574500000,2022-02-11T10:15:00+00:00,3087.43,3093.37,3082.87,3089.4,1055,3258789.0326
1644575400000,2022-02-11T10:30:00+00:00,3089.4,3108.18,3075.62,3103.33,2203.92,6819250.1478
1644576300000,2022-02-11T10:45:00+00:00,3103.33,3115.04,3097.47,3104.92,1879.54,5835965.9514
1644577200000,2022-02-11T11:00:00+00:00,3104.92,3106.47,3091.81,3103.6,1504.41,4661870.6802
1644578100000,2022-02-11T11:15:00+00:00,3103.6,3108.66,3090.54,3094.54,1171.1,3631963.2187
1644579000000,2022-02-11T11:30:00+00:00,3094.54,3103.39,3091.36,3094.66,742.19,2299128.8942
1644579900000,2022-02-11T11:45:00+00:00,3094.66,3101.5,3082.89,3087.28,1468.62,4538592.824
1644580800000,2022-02-11T12:00:00+00:00,3087.28,3108.31,3078.4,3106.32,1344.72,4158292.9912
1644581700000,2022-02-11T12:15:00+00:00,3106.32,3121.14,3100.86,3114.46,1999.14,6220704.799
1644582600000,2022-02-11T12:30:00+00:00,3114.46,3116.02,3096.5,3098.4,979.04,3042702.177
1644583500000,2022-02-11T12:45:00+00:00,3098.4,3110.01,3092.15,3101.84,1216.64,3772551.4377
1644584400000,2022-02-11T13:00:00+00:00,3101.84,3109.49,3095.41,3107.6,855.47,2654444.6105
1644585300000,2022-02-11T13:15:00+00:00,3107.6,3114.78,3103.83,3111.99,658.89,2050108.9056
1644586200000,2022-02-11T13:30:00+00:00,3111.99,3120.56,3106.65,3113.28,1383.83,4306837.7937
1644587100000,2022-02-11T13:45:00+00:00,3113.28,3124.98,3105.36,3120.17,2494.73,7778449.7962
1644588000000,2022-02-11T14:00:00+00:00,3120.17,3126.87,3106.8,3107.58,1712.93,5339123.7602
1644588900000,2022-02-11T14:15:00+00:00,3107.58,3122.2,3103.01,3113.81,1710.7,5327798.4913
1644589800000,2022-02-11T14:30:00+00:00,3113.81,3137.56,3092.96,3101.11,3288.75,10239515.405
1644590700000,2022-02-11T14:45:00+00:00,3101.11,3135,3085,3092.71,3669.03,11426748.9926
1644591600000,2022-02-11T15:00:00+00:00,3092.71,3114.4,3090.37,3099.08,2402.47,7445118.1669
1644592500000,2022-02-11T15:15:00+00:00,3099.08,3104.17,3085.73,3094.14,2173.12,6726644.5483
1644593400000,2022-02-11T15:30:00+00:00,3094.14,3113.46,3094.14,3112.68,1387.49,4308424.2229
1644594300000,2022-02-11T15:45:00+00:00,3112.68,3116.58,3096.89,3102.02,959.7,2983115.9904
1644595200000,2022-02-11T16:00:00+00:00,3102.02,3111.6,3095.89,3103.89,1468.11,4554626.4774
1644596100000,2022-02-11T16:15:00+00:00,3103.89,3107,3086.19,3090.4,2747.47,8501487.863
1644597000000,2022-02-11T16:30:00+00:00,3090.4,3093.39,3074.5,3083.38,3045.23,9386832.0235
1644597900000,2022-02-11T16:45:00+00:00,3083.38,3096.98,3079.06,3092.24,1851.1,5716411.0463
1644598800000,2022-02-11T17:00:00+00:00,3092.24,3105.76,3086.87,3099.24,1232.77,3815723.1549
1644599700000,2022-02-11T17:15:00+00:00,3099.24,3101.06,3079.79,3088.97,2055.64,6344301.8213
1644600600000,2022-02-11T17:30:00+00:00,3088.97,3095.56,3082.5,3084.32,2236.93,6912357.5799
1644601500000,2022-02-11T17:45:00+00:00,3084.32,3088.82,3068.66,3074.67,2633.61,8105754.0994
1644602400000,2022-02-11T18:00:00+00:00,3074.67,3084.08,3073.7,3074.31,598.96,1843273.9686
1644603300000,2022-02-11T18:15:00+00:00,3074.31,3084.11,3063.79,3063.8,947.37,2911904.2128
1644604200000,2022-02-11T18:30:00+00:00,3063.8,3065,3021.25,3023.32,3246.85,9880183.4778
1644605100000,2022-02-11T18:45:00+00:00,3023.32,3027.2,3004.81,3005.22,3281.27,9894098.7641
1644606000000,2022-02-11T19:00:00+00:00,3005.22,3017.22,2966.79,2992.94,6702.59,20013713.033
1644606900000,2022-02-11T19:15:00+00:00,2992.94,3006.22,2976.05,2979.54,3405.5,10191791.4448
1644607800000,2022-02-11T19:30:00+00:00,2979.54,3026.48,2979.54,3004.76,2363.23,7106672.229
1644608700000,2022-02-11T19:45:00+00:00,3004.76,3008.56,2982.93,2992.93,3702.69,11091063.6778
1644609600000,2022-02-11T20:00:00+00:00,2992.8,3001.41,2939.81,2940.01,3588.6,10647338.4819
1644610500000,2022-02-11T20:15:00+00:00,2940.01,2955.27,2916.34,2927.59,2634.59,7722291.9409
1644611400000,2022-02-11T20:30:00+00:00,2927.59,2937.25,2907.92,2927.45,1679.58,4912418.7224
1644612300000,2022-02-11T20:45:00+00:00,2927.45,2944.97,2914.16,2917.4,1515.64,4440539.4949
1644613200000,2022-02-11T21:00:00+00:00,2917.4,2940.53,2913.09,2932.67,1639.9,4799028.1993
1644614100000,2022-02-11T21:15:00+00:00,2932.67,2942.06,2926.43,2940.94,1584.86,4653526.4492
1644615000000,2022-02-11T21:30:00+00:00,2940.94,2940.94,2922.07,2932.21,1525.89,4470272.3448
1644615900000,2022-02-11T21:45:00+00:00,2932.21,2933.72,2919.22,2926.63,1022.81,2992555.9009
1644616800000,2022-02-11T22:00:00+00:00,2926.63,2935.04,2912,2915.18,859.42,2508323.1438
1644617700000,2022-02-11T22:15:00+00:00,2915.18,2928.42,2880.61,2905.35,1918.67,5571484.4394
1644618600000,2022-02-11T22:30:00+00:00,2905.35,2919.57,2898.08,2906.44,1284.71,3737058.5193
1644619500000,2022-02-11T22:45:00+00:00,2906.44,2906.5,2880.92,2895.31,2962.18,8561167.3644
1644620400000,2022-02-11T23:00:00+00:00,2895.31,2906.9,2879.92,2900.6,2719.78,7873898.8568
1644621300000,2022-02-11T23:15:00+00:00,2900.6,2927.3,2899.68,2922.68,1789.08,5216323.5312
1644622200000,2022-02-11T23:30:00+00:00,2922.68,2933.21,2922.31,2927.32,1378.18,4034037.7227
1644623100000,2022-02-11T23:45:00+00:00,2927.32,2931.71,2916.21,2927.59,1405.38,4110728.0147
1644624000000,2022-02-12T00:00:00+00:00,2927.59,2928.18,2912.77,2914.93,1537.15,4486462.0948
1644624900000,2022-02-12T00:15:00+00:00,2914.93,2925.71,2913.03,2916.34,1727.33,5043158.3729
1644625800000,2022-02-12T00:30:00+00:00,2916.34,2929.6,2910.38,2923.73,2418.38,7067326.6418
1644626700000,2022-02-12T00:45:00+00:00,2923.73,2934.73,2921.58,2929.5,2538.94,7435892.0307
1644627600000,2022-02-12T01:00:00+00:00,2929.5,2946.4,2921.96,2943.45,1097.54,3223987.7784
1644628500000,2022-02-12T01:15:00+00:00,2943.45,2946.71,2931.69,2935.85,1364.15,4007702.462
1644629400000,2022-02-12T01:30:00+00:00,2935.85,2939.15,2932.63,2938.64,550.09,1614921.7298
1644630300000,2022-02-12T01:45:00+00:00,2938.64,2954.14,2935.13,2951.79,1879.45,5535522.4681
1644631200000,2022-02-12T02:00:00+00:00,2951.79,2958.36,2946.42,2957.09,1270.56,3751873.048
1644632100000,2022-02-12T02:15:00+00:00,2957.09,2957.09,2947.14,2951.67,2199.71,6491277.396
1644633000000,2022-02-12T02:30:00+00:00,2951.67,2955.83,2944.55,2954.17,1339.64,3953216.867
1644633900000,2022-02-12T02:45:00+00:00,2954.17,2955.42,2945.99,2955.06,1114.09,3287851.289
1644634800000,2022-02-12T03:00:00+00:00,2955.06,2955.34,2931,2932.25,2744.05,8081176.6744
1644635700000,2022-02-12T03:15:00+00:00,2932.25,2940.66,2921.78,2929.43,2366.56,6938062.2147
1644636600000,2022-02-12T03:30:00+00:00,2929.43,2941.75,2926.17,2938.3,1526.56,4480528.1955
1644637500000,2022-02-12T03:45:00+00:00,2938.3,2941.11,2930.37,2932.91,2342.26,6878659.1322
1644638400000,2022-02-12T04:00:00+00:00,2932.91,2947.07,2927.41,2940.25,1324.88,3892636.2517
1644639300000,2022-02-12T04:15:00+00:00,2940.25,2947.02,2938.72,2941.99,622.25,1830949.3462
1644640200000,2022-02-12T04:30:00+00:00,2941.99,2946.55,2933.78,2937.75,1054.93,3101565.1804
1644641100000,2022-02-12T04:45:00+00:00,2937.75,2939.31,2929.25,2934.2,1568.06,4601721.1629
1644642000000,2022-02-12T05:00:00+00:00,2934.2,2942.11,2927.72,2928.47,1646.56,4832973.2525
1644642900000,2022-02-12T05:15:00+00:00,2928.47,2931.16,2923.78,2928.77,883.23,2586031.1144
1644643800000,2022-02-12T05:30:00+00:00,2928.77,2933.38,2917.48,2933.02,1871.9,5477215.0222
1644644700000,2022-02-12T05:45:00+00:00,2933.02,2934.59,2922.42,2925.98,1576.49,4614891.4335
1644645600000,2022-02-12T06:00:00+00:00,2925.98,2926.53,2900.94,2907.46,3092.12,9014186.8677
1644646500000,2022-02-12T06:15:00+00:00,2907.46,2917.12,2904.34,2911.96,1861.87,5423108.1191
1644647400000,2022-02-12T06:30:00+00:00,2911.96,2915.21,2883.51,2889.04,2853.52,8276740.5911
1644648300000,2022-02-12T06:45:00+00:00,2889.04,2915.8,2882.23,2907.17,3669.34,10643224.8025
1644649200000,2022-02-12T07:00:00+00:00,2907.17,2919.83,2906.83,2917.85,2308.73,6728885.8307
1644650100000,2022-02-12T07:15:00+00:00,2917.85,2926.32,2910.46,2916.24,2187.98,6379205.9424
1644651000000,2022-02-12T07:30:00+00:00,2916.24,2919.63,2897.71,2898.55,4171.63,12128591.1849
1644651900000,2022-02-12T07:45:00+00:00,2898.55,2923.85,2898.54,2918.81,1979.75,5766752.9096
1644652800000,2022-02-12T08:00:00+00:00,2918.81,2939.54,2918.81,2938.7,2424.76,7107861.415
1644653700000,2022-02-12T08:15:00+00:00,2938.7,2939.25,2926.91,2929.75,1887.2,5533632.4762
1644654600000,2022-02-12T08:30:00+00:00,2929.75,2935.69,2927.28,2935.05,1459.85,4281732.0981
1644655500000,2022-02-12T08:45:00+00:00,2935.05,2942.62,2933.16,2934.13,1197.25,3516421.2246
1644656400000,2022-02-12T09:00:00+00:00,2934.13,2937.23,2930.26,2931.8,1215.91,3566963.9873
1644657300000,2022-02-12T09:15:00+00:00,2931.8,2936.83,2924.06,2934.39,1482.74,4345561.363
1644658200000,2022-02-12T09:30:00+00:00,2934.39,2935.88,2927.08,2930.7,716.67,2102009.5903
1644659100000,2022-02-12T09:45:00+00:00,2930.7,2938.29,2929.44,2936.54,765.56,2247270.3211
1644660000000,2022-02-12T10:00:00+00:00,2936.54,2937.79,2925.91,2927.26,562.3,1647957.9603
1644660900000,2022-02-12T10:15:00+00:00,2927.26,2929.25,2920.99,2921.96,1308.5,3825946.5806
1644661800000,2022-02-12T10:30:00+00:00,2921.96,2922.42,2901.51,2903.8,2563.33,7458067.6675
1644662700000,2022-02-12T10:45:00+00:00,2903.8,2910,2891.9,2907.27,2263.42,6566678.5579
1644663600000,2022-02-12T11:00:00+00:00,2907.27,2912.53,2894.87,2896.88,2258.47,6556245.6053
1644664500000,2022-02-12T11:15:00+00:00,2896.88,2918.36,2874.32,2916.46,4813.79,13916825.956
1644665400000,2022-02-12T11:30:00+00:00,2916.46,2927.94,2911.59,2923.08,2668.9,7791981.5427
1644666300000,2022-02-12T11:45:00+00:00,2923.08,2933.15,2919.26,2931.17,1352.36,3958519.5019
1644667200000,2022-02-12T12:00:00+00:00,2931.17,2937.62,2921.51,2924.38,1858.31,5443677.6407
1644668100000,2022-02-12T12:15:00+00:00,2924.38,2924.4,2912.38,2921.51,1792.71,5232563.2434
1644669000000,2022-02-12T12:30:00+00:00,2921.51,2923.82,2904.33,2914.13,2095.12,6108296.5928
1644669900000,2022-02-12T12:45:00+00:00,2914.13,2915.6,2905.17,2910.16,910.25,2649150.9613
1644670800000,2022-02-12T13:00:00+00:00,2910.16,2914.05,2898.69,2914.03,1097.04,3188415.6103
1644671700000,2022-02-12T13:15:00+00:00,2914.03,2919.13,2912.27,2915.1,646.15,1884112.4966
1644672600000,2022-02-12T13:30:00+00:00,2915.1,2915.17,2896.53,2903.11,1494.26,4339264.1536
1644673500000,2022-02-12T13:45:00+00:00,2903.11,2910.72,2892.55,2894.59,1761.88,5112998.5539
1644674400000,2022-02-12T14:00:00+00:00,2894.59,2911.52,2892.5,2902.93,1545.35,4483492.7931
1644675300000,2022-02-12T14:15:00+00:00,2902.93,2908.71,2887.55,2888.42,1464.99,4247156.2861
1644676200000,2022-02-12T14:30:00+00:00,2888.42,2892.57,2857.47,2877.98,5303.82,15237113.7057
1644677100000,2022-02-12T14:45:00+00:00,2877.98,2898.79,2868.05,2895.71,3226.2,9293186.5916
1644678000000,2022-02-12T15:00:00+00:00,2895.71,2899.56,2870.81,2876.42,2608.02,7523991.1151
1644678900000,2022-02-12T15:15:00+00:00,2876.42,2883.35,2858.97,2877.96,3340.24,9581323.8039
1644679800000,2022-02-12T15:30:00+00:00,2877.96,2891.2,2862.24,2886.38,2420.88,6966447.4943
1644680700000,2022-02-12T15:45:00+00:00,2886.38,2889.28,2877.44,2880.92,1846.58,5322920.5093
1644681600000,2022-02-12T16:00:00+00:00,2880.92,2913.57,2864.27,2906.68,3255.5,9414488.696
1644682500000,2022-02-12T16:15:00+00:00,2906.68,2912.76,2903.07,2909.52,1979.24,5756090.8558
1644683400000,2022-02-12T16:30:00+00:00,2909.52,2943.75,2903.74,2928.69,4539.01,13270595.9645
1644684300000,2022-02-12T16:45:00+00:00,2928.69,2938.16,2918.72,2930.54,2499.29,7315913.7062
1644685200000,2022-02-12T17:00:00+00:00,2930.54,2943.21,2925.57,2925.74,1631.28,4784562.2638
1644686100000,2022-02-12T17:15:00+00:00,2925.74,2933.14,2924.92,2929.16,1300.93,3810844.6174
1644687000000,2022-02-12T17:30:00+00:00,2929.16,2933.87,2921.73,2925.41,1927.68,5641859.4263
1644687900000,2022-02-12T17:45:00+00:00,2925.41,2941.31,2924.25,2939.25,1755.95,5149263.1983
1644688800000,2022-02-12T18:00:00+00:00,2939.25,2968.11,2937.99,2967.83,3990.69,11800904.1951
1644689700000,2022-02-12T18:15:00+00:00,2967.83,2973.33,2959.89,2964.1,2330.39,6917944.6849
1644690600000,2022-02-12T18:30:00+00:00,2964.1,2972.42,2961.14,2969.6,960.12,2849901.3435
1644691500000,2022-02-12T18:45:00+00:00,2969.6,2977.22,2965.73,2969.89,843.05,2504298.6973
1644692400000,2022-02-12T19:00:00+00:00,2969.89,2974.07,2966.94,2970.26,1171.17,3478325.1644
1644693300000,2022-02-12T19:15:00+00:00,2970.26,2971.1,2955.13,2961.22,1350.28,4002610.427
1644694200000,2022-02-12T19:30:00+00:00,2961.22,2962.75,2948.5,2952.7,1174.18,3470593.9066
1644695100000,2022-02-12T19:45:00+00:00,2952.7,2957.79,2946.86,2952.16,874.37,2580514.8406
1644696000000,2022-02-12T20:00:00+00:00,2952.16,2962.11,2946.31,2958.39,935.24,2762050.0023
1644696900000,2022-02-12T20:15:00+00:00,2958.39,2976.36,2957.38,2973.23,711.19,2110666.9662
1644697800000,2022-02-12T20:30:00+00:00,2973.23,2983.82,2972.63,2973.31,1026.27,3056014.4436
1644698700000,2022-02-12T20:45:00+00:00,2973.31,2978.01,2962.2,2967.43,376.06,1117242.3402
1644699600000,2022-02-12T21:00:00+00:00,2967.43,2967.43,2956.33,2961.07,362.53,1073656.034
1644700500000,2022-02-12T21:15:00+00:00,2961.07,2961.08,2933.54,2938.83,1142.61,3364153.9914
1644701400000,2022-02-12T21:30:00+00:00,2938.83,2938.85,2870.89,2886.83,3429.81,9935048.3841
1644702300000,2022-02-12T21:45:00+00:00,2886.83,2886.93,2864.74,2874.76,1552.52,4459519.4279
1644703200000,2022-02-12T22:00:00+00:00,2874.76,2893.7,2872,2885.42,1474.5,4252639.3037
1644704100000,2022-02-12T22:15:00+00:00,2885.42,2898.52,2882.56,2894,1526.39,4415059.4947
1644705000000,2022-02-12T22:30:00+00:00,2894,2918.46,2894,2904.9,2268.95,6592206.0787
1644705900000,2022-02-12T22:45:00+00:00,2904.9,2916.98,2898.26,2914.72,1483.38,4312253.9368
1644706800000,2022-02-12T23:00:00+00:00,2914.72,2917.17,2906.8,2916.76,860.67,2506331.9745
1644707700000,2022-02-12T23:15:00+00:00,2916.76,2918.92,2905.39,2909.99,2276.74,6626362.2228
1644708600000,2022-02-12T23:30:00+00:00,2909.99,2910.8,2896.2,2902.23,1309.12,3799918.637
1644709500000,2022-02-12T23:45:00+00:00,2902.23,2922.36,2898.56,2918.05,1134.9,3304999.7475
1644710400000,2022-02-13T00:00:00+00:00,2918.05,2918.19,2896.31,2904.17,1081.86,3147095.2954
1644711300000,2022-02-13T00:15:00+00:00,2904.17,2915.92,2900.06,2914.94,350.97,1020593.495
1644712200000,2022-02-13T00:30:00+00:00,2914.94,2945.31,2913.9,2941.47,3433.58,10067948.7964
1644713100000,2022-02-13T00:45:00+00:00,2941.47,2944.28,2930.3,2934,2001.26,5877896.1744
1644714000000,2022-02-13T01:00:00+00:00,2934,2940.89,2929.12,2931.73,1385.41,4063433.7464
1644714900000,2022-02-13T01:15:00+00:00,2931.73,2936.27,2924.23,2930.11,1350.64,3959143.1908
1644715800000,2022-02-13T01:30:00+00:00,2930.11,2931.13,2921.13,2921.13,1056.63,3093926.4392
1644716700000,2022-02-13T01:45:00+00:00,2921.69,2925.31,2915.52,2917.71,1433.3,4186846.5862
1644717600000,2022-02-13T02:00:00+00:00,2917.71,2923.87,2912.46,2917.46,956.34,2791938.0815
1644718500000,2022-02-13T02:15:00+00:00,2917.46,2921.92,2910.34,2911.73,2193.23,6394692.0727
1644719400000,2022-02-13T02:30:00+00:00,2911.73,2920.35,2907.8,2919.72,1554.59,4529657.3498
1644720300000,2022-02-13T02:45:00+00:00,2919.72,2927.84,2919.3,2925.07,715.32,2091605.0807
1644721200000,2022-02-13T03:00:00+00:00,2925.07,2926.81,2918.8,2918.84,648.51,1894901.546
1644722100000,2022-02-13T03:15:00+00:00,2918.84,2924.21,2912.98,2923.54,588.83,1717273.4676
1644723000000,2022-02-13T03:30:00+00:00,2923.54,2929.12,2919.3,2922.02,421.46,1232590.6485
1644723900000,2022-02-13T03:45:00+00:00,2922.02,2927.1,2913.12,2917.31,346.46,1011611.5756
1644724800000,2022-02-13T04:00:00+00:00,2917.31,2927.83,2917.31,2924.62,939.62,2747492.904
1644725700000,2022-02-13T04:15:00+00:00,2924.62,2925.76,2921.42,2922.04,428.11,1251699.1458
1644726600000,2022-02-13T04:30:00+00:00,2922.04,2926.97,2911.23,2913.09,1161.13,3387033.3134
1644727500000,2022-02-13T04:45:00+00:00,2913.09,2918.64,2904,2916.12,1198.7,3489011.0786
1644728400000,2022-02-13T05:00:00+00:00,2916.12,2918.62,2905.74,2905.77,818.36,2383405.55
1644729300000,2022-02-13T05:15:00+00:00,2905.77,2912.89,2898.29,2911.43,2021.77,5874220.4809
1644730200000,2022-02-13T05:30:00+00:00,2911.41,2918.22,2911,2916.45,1326.87,3867475.9978
1644731100000,2022-02-13T05:45:00+00:00,2916.45,2918.31,2902.82,2913.89,1171.64,3409780.9995
1644732000000,2022-02-13T06:00:00+00:00,2913.89,2916.05,2908.87,2910.83,1139.85,3317822.2091
1644732900000,2022-02-13T06:15:00+00:00,2910.83,2910.83,2902.98,2910.17,974.86,2833665.0304
1644733800000,2022-02-13T06:30:00+00:00,2910.17,2925.3,2903.89,2921.11,990.71,2892605.8185
1644734700000,2022-02-13T06:45:00+00:00,2921.11,2927.17,2919.08,2923.87,1227.25,3587919.5445
1644735600000,2022-02-13T07:00:00+00:00,2923.87,2923.87,2918.22,2922.63,545.13,1592484.9059
1644736500000,2022-02-13T07:15:00+00:00,2922.63,2922.93,2914.81,2915.54,436.25,1273826.73
1644737400000,2022-02-13T07:30:00+00:00,2915.54,2919.93,2911.81,2917.91,514.01,1498589.3215
1644738300000,2022-02-13T07:45:00+00:00,2917.91,2925.46,2916.7,2922.18,859.46,2510973.9915
1644739200000,2022-02-13T08:00:00+00:00,2922.18,2928,2910.71,2926.13,1694.59,4944115.091
1644740100000,2022-02-13T08:15:00+00:00,2926.04,2928.7,2917.01,2917.86,870.96,2546640.0919
1644741000000,2022-02-13T08:30:00+00:00,2917.86,2928.89,2917.86,2928.34,547.72,1602501.1918
1644741900000,2022-02-13T08:45:00+00:00,2928.34,2928.35,2921.33,2927.4,537.45,1572319.901
1644742800000,2022-02-13T09:00:00+00:00,2927.4,2928.22,2918.81,2923.25,501.88,1467122.2887
1644743700000,2022-02-13T09:15:00+00:00,2923.25,2924.93,2920.07,2922.15,512.06,1496716.0677
1644744600000,2022-02-13T09:30:00+00:00,2922.15,2923.94,2914.74,2921.33,693.85,2025441.8756
1644745500000,2022-02-13T09:45:00+00:00,2921.33,2921.86,2914.43,2915.59,509.4,1485888.9891
1644746400000,2022-02-13T10:00:00+00:00,2915.59,2916.12,2906.94,2911.58,1339.7,3898723.2825
1644747300000,2022-02-13T10:15:00+00:00,2911.58,2917.26,2911.25,2916.04,678.74,1978634.4571
1644748200000,2022-02-13T10:30:00+00:00,2916.04,2935,2915.63,2934.06,2157.98,6322473.7505
1644749100000,2022-02-13T10:45:00+00:00,2934.06,2934.41,2924.76,2930.47,1834.27,5374950.2515
1644750000000,2022-02-13T11:00:00+00:00,2930.47,2932.41,2925.58,2927.22,458.45,1342658.578
1644750900000,2022-02-13T11:15:00+00:00,2927.22,2942.52,2926.97,2939.86,2126.14,6238457.1567
1644751800000,2022-02-13T11:30:00+00:00,2939.86,2943.07,2937.35,2937.39,1890.49,5558090.3818
1644752700000,2022-02-13T11:45:00+00:00,2937.39,2937.52,2928.08,2930.25,1575.52,4619927.3629
1644753600000,2022-02-13T12:00:00+00:00,2930.25,2936.16,2924.42,2934.77,2210.19,6480370.055
1644754500000,2022-02-13T12:15:00+00:00,2934.77,2940.86,2927.67,2938.89,1309.69,3844668.4126
1644755400000,2022-02-13T12:30:00+00:00,2938.89,2939.07,2930.98,2936.35,563.17,1653078.1948
1644756300000,2022-02-13T12:45:00+00:00,2936.35,2947.89,2932.21,2933.9,2180.6,6406018.7937
1644757200000,2022-02-13T13:00:00+00:00,2933.9,2941.67,2927.55,2938.86,1517.19,4450489.7142
1644758100000,2022-02-13T13:15:00+00:00,2938.86,2946.89,2937.59,2946.41,2071.34,6096099.4102
1644759000000,2022-02-13T13:30:00+00:00,2946.41,2947.57,2934.1,2937.17,2388.36,7017999.1241
1644759900000,2022-02-13T13:45:00+00:00,2937.17,2941.09,2933.58,2939.77,943.12,2771796.6777
1644760800000,2022-02-13T14:00:00+00:00,2939.77,2945.12,2937.3,2940.44,961.82,2828886.1949
1644761700000,2022-02-13T14:15:00+00:00,2940.44,2953.11,2933.03,2934.75,3715.21,10930207.7925
1644762600000,2022-02-13T14:30:00+00:00,2934.75,2936.38,2908.14,2922.08,4342.58,12685551.2243
1644763500000,2022-02-13T14:45:00+00:00,2922.08,2935.85,2912.74,2932.62,2343.22,6844109.3947
1644764400000,2022-02-13T15:00:00+00:00,2932.62,2940.68,2929.32,2937.95,4648.79,13651657.68
1644765300000,2022-02-13T15:15:00+00:00,2937.95,2937.97,2924.63,2936.02,1964.38,5756540.3182
1644766200000,2022-02-13T15:30:00+00:00,2936.02,2941.29,2929.87,2933.77,715,2098444.3012
1644767100000,2022-02-13T15:45:00+00:00,2933.77,2933.82,2917.93,2918.23,1173.47,3431523.6247
1644768000000,2022-02-13T16:00:00+00:00,2918.23,2920.98,2891.58,2894.83,6339.59,18394772.1559
1644768900000,2022-02-13T16:15:00+00:00,2894.83,2905.59,2883.44,2887.91,4822.54,13941375.4924
1644769800000,2022-02-13T16:30:00+00:00,2887.91,2891.38,2875.24,2879.94,6390.51,18430129.8052
1644770700000,2022-02-13T16:45:00+00:00,2879.94,2889.06,2879.26,2887.69,5157.95,14884701.1618
1644771600000,2022-02-13T17:00:00+00:00,2887.69,2887.69,2869.47,2872.09,1988.5,5716888.3971
1644772500000,2022-02-13T17:15:00+00:00,2872.09,2883.48,2865.07,2880.14,3668.39,10549539.4806
1644773400000,2022-02-13T17:30:00+00:00,2880.14,2888.21,2877.87,2886.66,2497.6,7203823.3697
1644774300000,2022-02-13T17:45:00+00:00,2886.66,2893.45,2880.88,2886.6,1548.76,4473481.3358
1644775200000,2022-02-13T18:00:00+00:00,2886.6,2901.44,2885.88,2898.82,1647.53,4771022.7313
1644776100000,2022-02-13T18:15:00+00:00,2898.82,2901.05,2889.32,2895.68,1240.33,3588414.6038
1644777000000,2022-02-13T18:30:00+00:00,2895.68,2895.99,2834.69,2850.52,3752.31,10709487.0718
1644777900000,2022-02-13T18:45:00+00:00,2850.52,2855.22,2836,2849.08,1879.8,5351043.3127
1644778800000,2022-02-13T19:00:00+00:00,2849.08,2865.82,2845.55,2854.71,2852.89,8150459.6146
1644779700000,2022-02-13T19:15:00+00:00,2854.71,2866.04,2852.9,2856.78,2489.7,7122831.3532
1644780600000,2022-02-13T19:30:00+00:00,2856.78,2861.02,2836.54,2838.76,2725.35,7761340.232
1644781500000,2022-02-13T19:45:00+00:00,2838.76,2859.18,2838.24,2856.01,2339.02,6667686.1556
1644782400000,2022-02-13T20:00:00+00:00,2856.01,2871.71,2848.09,2867.44,1834.26,5249691.4912
1644783300000,2022-02-13T20:15:00+00:00,2867.44,2897.46,2865.4,2893.06,2129.93,6144378.1223
1644784200000,2022-02-13T20:30:00+00:00,2893.06,2895.43,2888.03,2889.65,1269.51,3671083.2731
1644785100000,2022-02-13T20:45:00+00:00,2889.65,2901.77,2886.45,2901.77,1133.4,3277556.7731
1644786000000,2022-02-13T21:00:00+00:00,2901.77,2907.54,2889.94,2891.02,2950.4,8551674.6051
1644786900000,2022-02-13T21:15:00+00:00,2891.02,2892.97,2877.26,2878.02,1953.38,5635043.3232
1644787800000,2022-02-13T21:30:00+00:00,2878.02,2883.22,2876.41,2882.89,1804.63,5196994.2374
1644788700000,2022-02-13T21:45:00+00:00,2882.89,2884.43,2872.35,2873.47,1078.3,3106759.3508
1644789600000,2022-02-13T22:00:00+00:00,2873.47,2882.62,2872.84,2881.35,793.52,2284070.854
1644790500000,2022-02-13T22:15:00+00:00,2881.35,2890.91,2880.39,2890.02,781.3,2255609.7582
1644791400000,2022-02-13T22:30:00+00:00,2890.02,2892.15,2884.2,2887.68,844.86,2440520.2831
1644792300000,2022-02-13T22:45:00+00:00,2887.68,2908.69,2886.01,2902.78,872.36,2529090.4179
1644793200000,2022-02-13T23:00:00+00:00,2902.78,2905.08,2864.82,2871.61,1543.22,4443036.7309
1644794100000,2022-02-13T23:15:00+00:00,2871.61,2891.89,2870.5,2875.81,1027.95,2961850.0841
1644795000000,2022-02-13T23:30:00+00:00,2875.81,2881.07,2869.24,2880.03,829.51,2384536.8148
1644795900000,2022-02-13T23:45:00+00:00,2880.03,2891,2867.63,2870.6,1054.69,3041939.074
1644796800000,2022-02-14T00:00:00+00:00,2870.6,2886.14,2861.58,2881.05,2082.13,5980755.1248
1644797700000,2022-02-14T00:15:00+00:00,2881.05,2892.96,2865.19,2868.91,2086.17,6005015.153
1644798600000,2022-02-14T00:30:00+00:00,2868.91,2876.84,2855.27,2863.88,2546.61,7302101.3807
1644799500000,2022-02-14T00:45:00+00:00,2863.88,2870.6,2856.35,2869.63,1026.4,2940219.9952
1644800400000,2022-02-14T01:00:00+00:00,2869.63,2876.3,2860.44,2872.94,1049.69,3009821.1745
1644801300000,2022-02-14T01:15:00+00:00,2872.94,2875.34,2841.86,2848.56,3146.49,8984962.0921
1644802200000,2022-02-14T01:30:00+00:00,2848.56,2854.38,2830,2840.59,4880.18,13871568.7143
1644803100000,2022-02-14T01:45:00+00:00,2840.59,2846.56,2835.28,2839.16,3528.14,10024777.4196
1644804000000,2022-02-14T02:00:00+00:00,2839.16,2854.67,2835.55,2850.31,3174.21,9040257.4398
1644804900000,2022-02-14T02:15:00+00:00,2850.31,2859.58,2849.53,2858.31,1960.13,5594235.2673
1644805800000,2022-02-14T02:30:00+00:00,2858.31,2861.55,2847.04,2853.74,1532.92,4372044.7226
1644806700000,2022-02-14T02:45:00+00:00,2853.74,2857.13,2840.81,2843.78,1975.31,5621811.1383
1644807600000,2022-02-14T03:00:00+00:00,2843.78,2856.98,2834.82,2852.7,2492.47,7095607.1404
1644808500000,2022-02-14T03:15:00+00:00,2852.7,2860.43,2850.97,2855.04,1967.04,5619986.1778
1644809400000,2022-02-14T03:30:00+00:00,2855.04,2867.86,2855.04,2864.06,2445.69,6997997.8287
1644810300000,2022-02-14T03:45:00+00:00,2864.06,2868.47,2861.55,2864.11,1312.97,3761818.3053
1644811200000,2022-02-14T04:00:00+00:00,2864.11,2865.13,2857.79,2863.69,807.75,2311540.1042
1644812100000,2022-02-14T04:15:00+00:00,2863.69,2866.74,2857.7,2862.71,717.76,2055178.4784
1644813000000,2022-02-14T04:30:00+00:00,2862.71,2863.87,2858.59,2860.26,1135.54,3248903.4797
1644813900000,2022-02-14T04:45:00+00:00,2860.26,2866.51,2856.85,2865.47,449.77,1287196.3703
1644814800000,2022-02-14T05:00:00+00:00,2865.47,2870.74,2862.22,2865.09,741.96,2127128.8431
1644815700000,2022-02-14T05:15:00+00:00,2865.09,2868.36,2858.02,2859.05,665.3,1903274.8107
1644816600000,2022-02-14T05:30:00+00:00,2859.05,2863.21,2852.32,2852.54,772.85,2207301.9583
1644817500000,2022-02-14T05:45:00+00:00,2852.54,2855.49,2844.68,2847.08,2262.28,6445673.7482
1644818400000,2022-02-14T06:00:00+00:00,2847.08,2855.45,2843.49,2849.29,964.01,2745415.3042
1644819300000,2022-02-14T06:15:00+00:00,2849.29,2861,2848.16,2849.84,784.09,2239999.9956
1644820200000,2022-02-14T06:30:00+00:00,2849.84,2857.41,2846.68,2851.19,1280.17,3652518.8568
1644821100000,2022-02-14T06:45:00+00:00,2851.19,2874.47,2850.91,2870.16,2032.1,5826428.6415
1644822000000,2022-02-14T07:00:00+00:00,2870.16,2874.02,2863.92,2873.35,1149.32,3296862.9491
1644822900000,2022-02-14T07:15:00+00:00,2873.35,2876.76,2865.51,2867.3,1218.17,3495354.2665
1644823800000,2022-02-14T07:30:00+00:00,2867.3,2870.42,2865.37,2870.42,1613.64,4627756.9506
1644824700000,2022-02-14T07:45:00+00:00,2870.42,2883,2866.66,2881.22,2550.63,7336974.4088
1644825600000,2022-02-14T08:00:00+00:00,2881.22,2887.14,2880.11,2884.02,2752.81,7937036.8646
1644826500000,2022-02-14T08:15:00+00:00,2884.02,2887.4,2871.88,2872.04,2398.98,6907740.7721
1644827400000,2022-02-14T08:30:00+00:00,2872.04,2873.77,2862.09,2865.28,1686.9,4836807.8236
1644828300000,2022-02-14T08:45:00+00:00,2865.28,2867.08,2855.5,2857.98,1371.88,3924642.8726
1644829200000,2022-02-14T09:00:00+00:00,2857.98,2860.93,2851.68,2855.02,1630.15,4656527.4902
1644830100000,2022-02-14T09:15:00+00:00,2855.02,2864.76,2854.52,2860.09,1482.69,4241501.8616
1644831000000,2022-02-14T09:30:00+00:00,2860.09,2865.8,2854.52,2854.55,1584.45,4530201.0962
1644831900000,2022-02-14T09:45:00+00:00,2854.55,2858.85,2851.88,2857.46,1847.21,5274110.3877
1644832800000,2022-02-14T10:00:00+00:00,2857.46,2866.86,2845.39,2864.33,1952.06,5573135.1457
1644833700000,2022-02-14T10:15:00+00:00,2864.33,2867.26,2857.59,2863.34,946.92,2709802.2938
1644834600000,2022-02-14T10:30:00+00:00,2863.34,2865.19,2856.85,2861.25,946.37,2707661.2617
1644835500000,2022-02-14T10:45:00+00:00,2861.25,2875.34,2860.02,2871.64,1036.04,2973650.819
1644836400000,2022-02-14T11:00:00+00:00,2871.64,2875.64,2867.3,2867.32,692.3,1988100.1939
1644837300000,2022-02-14T11:15:00+00:00,2867.32,2876.11,2864.54,2874.74,1864.82,5356691.8607
1644838200000,2022-02-14T11:30:00+00:00,2874.74,2877.33,2869.34,2875.44,2355.79,6769848.7617
1644839100000,2022-02-14T11:45:00+00:00,2875.44,2875.44,2866.5,2873.38,1544.68,4435188.6456
1644840000000,2022-02-14T12:00:00+00:00,2873.38,2876.1,2863.3,2864.07,980.59,2812855.6064
1644840900000,2022-02-14T12:15:00+00:00,2864.07,2867.31,2854.84,2866.87,1938.61,5546707.827
1644841800000,2022-02-14T12:30:00+00:00,2866.87,2906.66,2864.51,2902.75,3968.18,11467949.8905
1644842700000,2022-02-14T12:45:00+00:00,2902.75,2929.1,2902.66,2927.11,4503.18,13130039.1448
1644843600000,2022-02-14T13:00:00+00:00,2927.11,2937.1,2922.38,2926.79,3848.01,11270722.6643
1644844500000,2022-02-14T13:15:00+00:00,2926.79,2944.24,2925.68,2943.36,3484.71,10234459.8752
1644845400000,2022-02-14T13:30:00+00:00,2943.36,2944.52,2924.91,2924.91,3446.54,10112133.0435
1644846300000,2022-02-14T13:45:00+00:00,2924.94,2940.68,2924.91,2936.95,2999.79,8803153.5818
1644847200000,2022-02-14T14:00:00+00:00,2936.95,2958.88,2934.54,2953.11,3705.53,10923514.7718
1644848100000,2022-02-14T14:15:00+00:00,2953.11,2964.49,2948.14,2952.37,2589.72,7652137.976
1644849000000,2022-02-14T14:30:00+00:00,2952.37,2964.17,2939.86,2944.41,3947.15,11636440.0353
1644849900000,2022-02-14T14:45:00+00:00,2944.41,2950.52,2934.68,2938.6,2392.29,7039225.1633
1644850800000,2022-02-14T15:00:00+00:00,2938.6,2947.28,2929.12,2941.83,2374.42,6973070.879
1644851700000,2022-02-14T15:15:00+00:00,2941.83,2943.74,2928.83,2933.89,970.93,2850361.1139
1644852600000,2022-02-14T15:30:00+00:00,2933.89,2935.21,2918.12,2931.83,3145.66,9204223.5199
1644853500000,2022-02-14T15:45:00+00:00,2931.83,2941.04,2930.2,2936.15,2741.27,8042052.3675
1644854400000,2022-02-14T16:00:00+00:00,2936.15,2944.62,2932.29,2934.34,2775.49,8160076.0438
1644855300000,2022-02-14T16:15:00+00:00,2934.34,2955,2934.34,2953.04,1611.19,4751126.5682
1644856200000,2022-02-14T16:30:00+00:00,2953.04,2963.49,2946.88,2952.48,2950.33,8718679.1465
1644857100000,2022-02-14T16:45:00+00:00,2952.48,2958.84,2945.46,2948.76,2890.67,8530179.7896
1644858000000,2022-02-14T17:00:00+00:00,2948.76,2953.13,2944.84,2948.79,1560.61,4603370.2454
1644858900000,2022-02-14T17:15:00+00:00,2948.79,2956.26,2945.84,2956.23,1108.6,3271377.3429
1644859800000,2022-02-14T17:30:00+00:00,2956.23,2962.22,2936.9,2943.97,1226.35,3613712.1338
1644860700000,2022-02-14T17:45:00+00:00,2943.97,2954.89,2938.26,2943.74,739.95,2180538.949
1644861600000,2022-02-14T18:00:00+00:00,2943.74,2952.15,2939.93,2943.61,519.85,1531585.3824
1644862500000,2022-02-14T18:15:00+00:00,2943.61,2950.98,2924.79,2933.13,1555.93,4568113.9381
1644863400000,2022-02-14T18:30:00+00:00,2933.13,2934.69,2926.01,2931.78,1418.64,4159103.0935
1644864300000,2022-02-14T18:45:00+00:00,2931.78,2932.87,2903.53,2907.72,2459.21,7171303.2869
1644865200000,2022-02-14T19:00:00+00:00,2907.72,2911.73,2872.79,2878.43,4378.63,12663849.3628
1644866100000,2022-02-14T19:15:00+00:00,2878.43,2884.14,2860.57,2872.15,2500.37,7178902.8506
1644867000000,2022-02-14T19:30:00+00:00,2872.15,2886.58,2856.83,2882.53,2435.88,7000345.3367
1644867900000,2022-02-14T19:45:00+00:00,2882.53,2890.13,2874.84,2878.88,1919.2,5530798.1906
1644868800000,2022-02-14T20:00:00+00:00,2878.88,2884.09,2868.14,2875.26,1623.53,4666597.0123
1644869700000,2022-02-14T20:15:00+00:00,2875.26,2882.1,2866.15,2879.31,1639.88,4713623.4579
1644870600000,2022-02-14T20:30:00+00:00,2879.31,2902,2877.65,2899.16,1097.34,3173493.5453
1644871500000,2022-02-14T20:45:00+00:00,2899.16,2903.66,2892.3,2893.83,1200.36,3476281.8385
1644872400000,2022-02-14T21:00:00+00:00,2893.83,2898.68,2891.23,2898.67,1053.05,3048869.1537
1644873300000,2022-02-14T21:15:00+00:00,2898.67,2898.67,2891.45,2892.67,842.55,2438964.9185
1644874200000,2022-02-14T21:30:00+00:00,2892.67,2897.16,2892.32,2895.89,688.65,1993884.3271
1644875100000,2022-02-14T21:45:00+00:00,2895.89,2920.63,2887.9,2911.89,1386.88,4034639.0345
1644876000000,2022-02-14T22:00:00+00:00,2911.89,2943.8,2911.89,2937.45,2048.45,5992157.9374
1644876900000,2022-02-14T22:15:00+00:00,2937.45,2943.83,2936.18,2943.63,1532.54,4505875.5066
1644877800000,2022-02-14T22:30:00+00:00,2943.63,2943.63,2936.29,2938.16,1389.68,4086524.8132
1644878700000,2022-02-14T22:45:00+00:00,2938.16,2940.5,2927.35,2940.5,1729.21,5074978.0799
1644879600000,2022-02-14T23:00:00+00:00,2940.5,2948.2,2932.56,2939.71,1726.2,5080409.2201
1644880500000,2022-02-14T23:15:00+00:00,2939.71,2943.42,2936.77,2937.94,1443.19,4242840.4376
1644881400000,2022-02-14T23:30:00+00:00,2937.94,2938.09,2931.71,2932.66,1783.56,5234031.8437
1644882300000,2022-02-14T23:45:00+00:00,2932.66,2935.22,2928.86,2929.36,2014.71,5907585.9098
1644883200000,2022-02-15T00:00:00+00:00,2929.36,2940.09,2928.46,2930.62,1228.39,3603726.7537
1644884100000,2022-02-15T00:15:00+00:00,2930.62,2933.69,2926.7,2926.87,579.95,1698537.9743
1644885000000,2022-02-15T00:30:00+00:00,2926.87,2927.04,2914.9,2916.07,1488.35,4345228.4061
1644885900000,2022-02-15T00:45:00+00:00,2916.07,2920.37,2912.31,2920.28,2194.1,6400077.9266
1644886800000,2022-02-15T01:00:00+00:00,2920.28,2922.15,2913.89,2915.28,1968.64,5744099.5204
1644887700000,2022-02-15T01:15:00+00:00,2915.28,2943,2915.28,2940.41,2608.92,7648913.62
1644888600000,2022-02-15T01:30:00+00:00,2940.41,3023.63,2940.41,3013.17,7691.29,22999792.9817
1644889500000,2022-02-15T01:45:00+00:00,3013.17,3021.5,3007.16,3020.9,2989.73,9006553.7034
1644890400000,2022-02-15T02:00:00+00:00,3020.9,3036.27,3015.69,3015.8,3391.89,10264659.9896
1644891300000,2022-02-15T02:15:00+00:00,3015.8,3023.06,3015.55,3021.63,1372.77,4146060.5199
1644892200000,2022-02-15T02:30:00+00:00,3021.63,3032.31,3018.48,3030.56,1961.43,5933502.8723
1644893100000,2022-02-15T02:45:00+00:00,3030.56,3037.09,3025.54,3028.42,2519.53,7634376.1254
1644894000000,2022-02-15T03:00:00+00:00,3028.42,3030.14,3021.9,3028.65,1670.96,5058559.8964
1644894900000,2022-02-15T03:15:00+00:00,3028.65,3031.4,3022.52,3026.43,1259.82,3812906.9418
1644895800000,2022-02-15T03:30:00+00:00,3026.43,3029.42,3023.47,3028.22,1323.11,4003937.1938
1644896700000,2022-02-15T03:45:00+00:00,3028.22,3028.47,3023.73,3024.75,558.46,1689499.8982
1644897600000,2022-02-15T04:00:00+00:00,3024.75,3034.16,3021.06,3021.07,1697.65,5140348.0692
1644898500000,2022-02-15T04:15:00+00:00,3021.07,3022.41,3016.53,3019.47,719.75,2174042.2027
1644899400000,2022-02-15T04:30:00+00:00,3019.47,3020.43,3011.28,3014.81,1369.81,4130547.5743
1644900300000,2022-02-15T04:45:00+00:00,3014.81,3017.96,3013,3014.66,638.3,1924623.0854
1644901200000,2022-02-15T05:00:00+00:00,3014.66,3017.39,3007.69,3016.85,818.54,2465667.8149
1644902100000,2022-02-15T05:15:00+00:00,3016.85,3018.63,3016.16,3017.39,652.75,1969534.3967
1644903000000,2022-02-15T05:30:00+00:00,3017.39,3017.4,3012.63,3013.88,348.97,1052027.1796
1644903900000,2022-02-15T05:45:00+00:00,3013.88,3017.84,3013.51,3014.15,396.11,1194461.1698
1644904800000,2022-02-15T06:00:00+00:00,3014.15,3026.31,3012.92,3022.86,786.22,2375898.5054
1644905700000,2022-02-15T06:15:00+00:00,3022.86,3024.58,3018.57,3022.47,382.23,1154708.5379
1644906600000,2022-02-15T06:30:00+00:00,3022.47,3032.17,3020.06,3025.06,976.1,2955632.8807
1644907500000,2022-02-15T06:45:00+00:00,3025.06,3035.5,3025.02,3030.47,1285.07,3895501.7645
1644908400000,2022-02-15T07:00:00+00:00,3030.47,3035.82,3027.23,3029.12,906,2745605.2918
1644909300000,2022-02-15T07:15:00+00:00,3029.12,3036.35,3025.44,3036.14,831.48,2519772.2076
1644910200000,2022-02-15T07:30:00+00:00,3036.14,3049.17,3033.71,3048.24,2398.01,7296637.2442
1644911100000,2022-02-15T07:45:00+00:00,3048.24,3060.44,3045.23,3048.62,3267.26,9970536.5126
1644912000000,2022-02-15T08:00:00+00:00,3048.62,3069.99,3039.93,3056.47,4765.31,14553974.3107
1644912900000,2022-02-15T08:15:00+00:00,3056.47,3068,3052.37,3065.54,1995.64,6111362.246
1644913800000,2022-02-15T08:30:00+00:00,3065.54,3086.84,3065.09,3069.63,4360.72,13415819.8569
1644914700000,2022-02-15T08:45:00+00:00,3069.63,3078.21,3069.08,3076.7,3015.97,9270012.5387
1644915600000,2022-02-15T09:00:00+00:00,3076.7,3085.5,3069.63,3073.64,1822.96,5608571.8789
1644916500000,2022-02-15T09:15:00+00:00,3073.64,3083.73,3073.37,3078.45,2658.19,8186889.4475
1644917400000,2022-02-15T09:30:00+00:00,3078.45,3095,3077.26,3090.86,2296.87,7089010.4184
1644918300000,2022-02-15T09:45:00+00:00,3090.86,3097.89,3087.13,3096.75,2100.55,6497314.7906
1644919200000,2022-02-15T10:00:00+00:00,3096.75,3100.3,3085.45,3086.71,2600.31,8040074.0412
1644920100000,2022-02-15T10:15:00+00:00,3086.71,3099.68,3086.71,3098.12,1653.47,5119067.1821
1644921000000,2022-02-15T10:30:00+00:00,3098.12,3116.03,3095.5,3104.77,3216.92,9988392.9596
1644921900000,2022-02-15T10:45:00+00:00,3104.77,3109.21,3097.21,3105.14,1879.84,5832256.1105
1644922800000,2022-02-15T11:00:00+00:00,3105.14,3109.88,3089.36,3095.93,4290.92,13304972.3609
1644923700000,2022-02-15T11:15:00+00:00,3095.93,3099.25,3088.79,3090.51,1075.94,3329936.1483
1644924600000,2022-02-15T11:30:00+00:00,3090.51,3103.5,3090.51,3101.8,1210.06,3746661.0798
1644925500000,2022-02-15T11:45:00+00:00,3101.8,3113.18,3094.19,3094.23,1595.67,4952881.178
1644926400000,2022-02-15T12:00:00+00:00,3094.23,3101.16,3087.34,3096.6,2182.44,6750249.98
1644927300000,2022-02-15T12:15:00+00:00,3096.6,3099.65,3091.2,3097.82,694.17,2149108.6192
1644928200000,2022-02-15T12:30:00+00:00,3097.82,3106.44,3097.24,3100.72,1084.27,3362223.7272
1644929100000,2022-02-15T12:45:00+00:00,3100.72,3112.14,3099.87,3108.58,2387.63,7420447.485
1644930000000,2022-02-15T13:00:00+00:00,3108.58,3119.14,3108.58,3117.66,3346.27,10422252.9154
1644930900000,2022-02-15T13:15:00+00:00,3117.66,3119.82,3098.61,3104.09,2700.38,8393949.797
1644931800000,2022-02-15T13:30:00+00:00,3104.09,3112.94,3093.43,3106.67,3695.13,11464835.4508
1644932700000,2022-02-15T13:45:00+00:00,3106.67,3115.1,3106.18,3109.03,1716.83,5341141.127
1644933600000,2022-02-15T14:00:00+00:00,3109.03,3132.51,3108.22,3125.86,3069.86,9591050.8445
1644934500000,2022-02-15T14:15:00+00:00,3125.86,3140.67,3114.04,3114.96,4151.63,12991186.1625
1644935400000,2022-02-15T14:30:00+00:00,3114.96,3148.26,3110,3130.09,4989.95,15596411.8602
1644936300000,2022-02-15T14:45:00+00:00,3130.09,3139.31,3115.44,3118.6,3044.53,9505211.9503
1644937200000,2022-02-15T15:00:00+00:00,3118.6,3123.86,3111.79,3112.92,2100.02,6547380.1805
1644938100000,2022-02-15T15:15:00+00:00,3112.92,3116.45,3104.08,3114.55,2119.98,6592151.1733
1644939000000,2022-02-15T15:30:00+00:00,3114.55,3121.94,3107.95,3119.8,931.19,2902017.6834
1644939900000,2022-02-15T15:45:00+00:00,3119.8,3130,3119.21,3122.25,1609.93,5031920.9087
1644940800000,2022-02-15T16:00:00+00:00,3122.25,3142.41,3119.81,3134.44,1543.77,4831092.4187
1644941700000,2022-02-15T16:15:00+00:00,3134.44,3135.45,3108.97,3111.71,1278.27,3985970.8864
1644942600000,2022-02-15T16:30:00+00:00,3111.71,3120,3109.72,3109.85,812.18,2529080.7518
1644943500000,2022-02-15T16:45:00+00:00,3109.85,3115.07,3105.96,3114.18,662.56,2060731.3942
1644944400000,2022-02-15T17:00:00+00:00,3114.18,3123.3,3109.66,3117.99,869.11,2708687.5156
1644945300000,2022-02-15T17:15:00+00:00,3117.99,3117.99,3088.95,3092.44,4147.7,12835679.4339
1644946200000,2022-02-15T17:30:00+00:00,3092.44,3103.05,3090.05,3099.34,1476.56,4572269.4116
1644947100000,2022-02-15T17:45:00+00:00,3099.34,3100.28,3090.3,3097.98,979.32,3031334.4857
1644948000000,2022-02-15T18:00:00+00:00,3097.98,3103.18,3093.2,3099.37,973.58,3017321.6824
1644948900000,2022-02-15T18:15:00+00:00,3099.37,3120.11,3097.41,3118.98,2421.84,7537979.0797
1644949800000,2022-02-15T18:30:00+00:00,3118.98,3122.49,3110.6,3116.14,626.44,1952202.3008
1644950700000,2022-02-15T18:45:00+00:00,3116.14,3122.25,3113.78,3118.13,368.18,1148404.0306
1644951600000,2022-02-15T19:00:00+00:00,3118.13,3119.29,3110.41,3116.14,492.26,1533212.5222
1644952500000,2022-02-15T19:15:00+00:00,3116.14,3123.02,3108.56,3113.4,600.95,1872231.0759
1644953400000,2022-02-15T19:30:00+00:00,3113.4,3116.38,3103.7,3111.52,948.8,2949975.8845
1644954300000,2022-02-15T19:45:00+00:00,3111.52,3120.31,3106.91,3109.87,326.53,1016965.35
1644955200000,2022-02-15T20:00:00+00:00,3109.87,3118.88,3106.21,3116.41,244.66,761433.0141
1644956100000,2022-02-15T20:15:00+00:00,3116.41,3118.23,3109.05,3114.67,220.38,685878.9296
1644957000000,2022-02-15T20:30:00+00:00,3114.67,3115.52,3106.87,3111.99,262.56,816515.1432
1644957900000,2022-02-15T20:45:00+00:00,3111.99,3115.73,3104.69,3113.22,191.01,594233.357
1644958800000,2022-02-15T21:00:00+00:00,3113.22,3115.91,3108.2,3111.83,275.21,856281.587
1644959700000,2022-02-15T21:15:00+00:00,3111.83,3113.9,3098.47,3099.28,484.79,1504092.1362
1644960600000,2022-02-15T21:30:00+00:00,3099.28,3100.71,3092.5,3096.8,849.48,2630222.7612
1644961500000,2022-02-15T21:45:00+00:00,3096.8,3100.67,3096.36,3097.45,1177,3647469.478
1644962400000,2022-02-15T22:00:00+00:00,3097.45,3114.76,3097.44,3114.52,724,2248842.3939
1644963300000,2022-02-15T22:15:00+00:00,3114.52,3129.75,3113.78,3129.38,1369.53,4276190.8022
1644964200000,2022-02-15T22:30:00+00:00,3129.38,3148.27,3127.21,3136.54,2533.53,7956867.9698
1644965100000,2022-02-15T22:45:00+00:00,3136.54,3141.85,3122.52,3125.95,1436.02,4497270.3332
1644966000000,2022-02-15T23:00:00+00:00,3125.95,3138.47,3123.25,3133.14,1103.12,3452055.6582
1644966900000,2022-02-15T23:15:00+00:00,3133.14,3170.22,3129.66,3162.66,2549.62,8047065.3394
1644967800000,2022-02-15T23:30:00+00:00,3162.66,3198.27,3162.29,3188.96,3277.48,10428490.6468
1644968700000,2022-02-15T23:45:00+00:00,3188.96,3193.88,3179.91,3185.08,1969.23,6273744.5402
1644969600000,2022-02-16T00:00:00+00:00,3185.08,3185.91,3173.48,3175.82,2170.18,6899871.1567
1644970500000,2022-02-16T00:15:00+00:00,3175.82,3177.47,3156.19,3160.56,2972.29,9411731.5231
1644971400000,2022-02-16T00:30:00+00:00,3160.56,3167.13,3153.17,3158.31,2009.22,6352593.6348
1644972300000,2022-02-16T00:45:00+00:00,3158.31,3161.24,3153.78,3161.24,1486.26,4693919.1111
1644973200000,2022-02-16T01:00:00+00:00,3161.24,3161.24,3143.98,3147.76,1068.48,3368695.3965
1644974100000,2022-02-16T01:15:00+00:00,3147.76,3158.76,3143.12,3156.33,1885.08,5938395.4442
1644975000000,2022-02-16T01:30:00+00:00,3156.33,3156.64,3140.92,3140.92,1246.13,3922164.0386
1644975900000,2022-02-16T01:45:00+00:00,3140.92,3144.53,3133.45,3139.04,1449.81,4550745.7179
1644976800000,2022-02-16T02:00:00+00:00,3139.04,3145.55,3138.51,3140.76,1925.37,6051445.6385
1644977700000,2022-02-16T02:15:00+00:00,3140.76,3144.32,3136.98,3136.99,1394.48,4378227.1467
1644978600000,2022-02-16T02:30:00+00:00,3136.99,3144.29,3135.97,3143.11,1518.13,4766308.3627
1644979500000,2022-02-16T02:45:00+00:00,3143.11,3157.22,3142.43,3154.78,1821.3,5738281.81
1644980400000,2022-02-16T03:00:00+00:00,3154.78,3175.1,3153.54,3169.14,2604.65,8248427.7654
1644981300000,2022-02-16T03:15:00+00:00,3169.14,3169.31,3155.95,3156.9,2525.08,7986602.8347
1644982200000,2022-02-16T03:30:00+00:00,3156.9,3156.98,3138.17,3145.76,2106.52,6626396.5653
1644983100000,2022-02-16T03:45:00+00:00,3145.76,3147.68,3140.52,3141.11,682.37,2145166.3128
1644984000000,2022-02-16T04:00:00+00:00,3141.11,3141.23,3130.07,3134.57,2119.89,6645423.7389
1644984900000,2022-02-16T04:15:00+00:00,3134.57,3134.65,3105.79,3107.75,5233.48,16315077.6888
1644985800000,2022-02-16T04:30:00+00:00,3107.75,3124.13,3107.72,3120.18,2034.91,6343012.0281
1644986700000,2022-02-16T04:45:00+00:00,3120.18,3124.56,3118.81,3123.49,1157.49,3612584.0032
1644987600000,2022-02-16T05:00:00+00:00,3123.49,3135.84,3120.52,3134.49,2374.8,7433144.1909
1644988500000,2022-02-16T05:15:00+00:00,3134.49,3134.61,3120.59,3129.5,952.9,2979948.537
1644989400000,2022-02-16T05:30:00+00:00,3129.5,3133.9,3124.86,3124.9,678.61,2123318.992
1644990300000,2022-02-16T05:45:00+00:00,3124.9,3134.74,3121.75,3128.99,836.7,2618983.6763
1644991200000,2022-02-16T06:00:00+00:00,3128.99,3132.87,3125.71,3132.87,869.63,2721000.235
1644992100000,2022-02-16T06:15:00+00:00,3132.87,3148.47,3130.89,3133.03,2487.72,7808894.7514
1644993000000,2022-02-16T06:30:00+00:00,3133.03,3143.77,3133.03,3138.94,2062.74,6475440.9569
1644993900000,2022-02-16T06:45:00+00:00,3138.94,3141.25,3133.06,3133.8,1030.13,3231407.7625
1644994800000,2022-02-16T07:00:00+00:00,3133.8,3143.77,3133.55,3135.61,859.29,2697783.2882
1644995700000,2022-02-16T07:15:00+00:00,3135.61,3135.89,3126.11,3129.51,1694.37,5302952.3178
1644996600000,2022-02-16T07:30:00+00:00,3129.51,3141.58,3127.15,3139.85,1012.8,3176337.5191
1644997500000,2022-02-16T07:45:00+00:00,3139.85,3152,3138.19,3148.24,930.83,2926683.7557
1644998400000,2022-02-16T08:00:00+00:00,3148.24,3156.4,3145.8,3149.76,1950.14,6145276.6171
1644999300000,2022-02-16T08:15:00+00:00,3149.76,3162.24,3147.94,3157.47,1621.88,5120219.0723
1645000200000,2022-02-16T08:30:00+00:00,3157.47,3157.47,3141.89,3141.92,1383.8,4360727.5029
1645001100000,2022-02-16T08:45:00+00:00,3141.92,3147.55,3137.72,3137.91,1172.27,3682201.9424
1645002000000,2022-02-16T09:00:00+00:00,3137.91,3149.62,3134.06,3140.64,1867.5,5867153.4505
1645002900000,2022-02-16T09:15:00+00:00,3140.64,3147.74,3138.78,3146.54,557.05,1751455.7427
1645003800000,2022-02-16T09:30:00+00:00,3146.54,3152.35,3136.05,3136.23,1171.35,3683491.2062
1645004700000,2022-02-16T09:45:00+00:00,3136.23,3140.32,3126.9,3127.46,1378.89,4320204.0573
1645005600000,2022-02-16T10:00:00+00:00,3127.46,3135.57,3124.69,3131.26,1564.44,4895440.9535
1645006500000,2022-02-16T10:15:00+00:00,3131.26,3134.94,3112.83,3118.85,2373.06,7404085.4664
1645007400000,2022-02-16T10:30:00+00:00,3118.85,3128.55,3116.89,3128.52,1228.37,3835852.7589
1645008300000,2022-02-16T10:45:00+00:00,3128.52,3132.33,3125.62,3130.25,1115.15,3490206.562
1645009200000,2022-02-16T11:00:00+00:00,3130.25,3140.79,3129.88,3131.52,1496.21,4691673.2941
1645010100000,2022-02-16T11:15:00+00:00,3131.52,3136.01,3127.46,3129.85,765.12,2397040.2237
1645011000000,2022-02-16T11:30:00+00:00,3129.85,3140.12,3128.55,3134.55,612.22,1919375.9489
1645011900000,2022-02-16T11:45:00+00:00,3134.55,3139.64,3134.55,3135.46,621.24,1948439.173
1645012800000,2022-02-16T12:00:00+00:00,3135.46,3143.79,3121.53,3121.59,1018.75,3192272.0121
1645013700000,2022-02-16T12:15:00+00:00,3121.59,3134.14,3118.4,3130.41,978.76,3059721.0067
1645014600000,2022-02-16T12:30:00+00:00,3130.41,3136.87,3113.56,3114.35,1440.03,4495172.5435
1645015500000,2022-02-16T12:45:00+00:00,3114.35,3121.67,3111.07,3117.88,2339.42,7289784.6703
1645016400000,2022-02-16T13:00:00+00:00,3117.88,3122.83,3105.11,3120.18,1983.57,6175254.5437
1645017300000,2022-02-16T13:15:00+00:00,3120.18,3121.55,3113.22,3113.48,1595.55,4973686.3883
1645018200000,2022-02-16T13:30:00+00:00,3113.48,3123.38,3089.17,3092.06,4503.13,13966742.1279
1645019100000,2022-02-16T13:45:00+00:00,3092.06,3097.32,3062.31,3073.12,7266.89,22335697.368
1645020000000,2022-02-16T14:00:00+00:00,3073.12,3080,3065.93,3070.79,3688.9,11341235.2291
1645020900000,2022-02-16T14:15:00+00:00,3070.79,3077.9,3051.85,3064,3623.59,11103612.5155
1645021800000,2022-02-16T14:30:00+00:00,3064,3074.54,3058.37,3059.7,2382.4,7308136.9373
1645022700000,2022-02-16T14:45:00+00:00,3059.7,3067.21,3052,3061.72,2821.65,8631677.0027
1645023600000,2022-02-16T15:00:00+00:00,3061.72,3075.19,3057.15,3068.46,4135.24,12686768.6316
1645024500000,2022-02-16T15:15:00+00:00,3068.46,3069.56,3058.92,3066.85,1917.85,5876227.0138
1645025400000,2022-02-16T15:30:00+00:00,3066.85,3072.61,3056.95,3071.24,733,2247561.2093
1645026300000,2022-02-16T15:45:00+00:00,3071.24,3074.27,3062.09,3064.61,504.29,1547194.0958
1645027200000,2022-02-16T16:00:00+00:00,3064.61,3069.92,3053.41,3055.36,1591.61,4875298.8768
1645028100000,2022-02-16T16:15:00+00:00,3055.36,3066.31,3042.38,3066.13,2937.59,8966483.0068
1645029000000,2022-02-16T16:30:00+00:00,3066.13,3071.56,3062.91,3065.8,930.65,2854037.8843
1645029900000,2022-02-16T16:45:00+00:00,3065.8,3086.77,3065.66,3078.29,1631.69,5025540.7224
1645030800000,2022-02-16T17:00:00+00:00,3078.29,3084.02,3072.18,3072.34,1366.39,4204897.5805
1645031700000,2022-02-16T17:15:00+00:00,3072.34,3081.58,3072.31,3080.18,458.36,1410632.1344
1645032600000,2022-02-16T17:30:00+00:00,3080.18,3080.43,3067.11,3070.91,761.57,2338551.7698
1645033500000,2022-02-16T17:45:00+00:00,3070.91,3071.62,3066.47,3070.02,1066.02,3272114.9396
1645034400000,2022-02-16T18:00:00+00:00,3070.02,3076.51,3063.67,3076.09,600.51,1844264.7538
1645035300000,2022-02-16T18:15:00+00:00,3076.09,3086.73,3074.47,3086.27,1267.5,3906696.3808
1645036200000,2022-02-16T18:30:00+00:00,3086.27,3092.58,3081.27,3082.38,913.36,2819310.8682
1645037100000,2022-02-16T18:45:00+00:00,3082.38,3096.58,3081.53,3090.78,995.34,3076491.7623
1645038000000,2022-02-16T19:00:00+00:00,3090.78,3136.46,3081.48,3126.68,4135.27,12901121.8195
1645038900000,2022-02-16T19:15:00+00:00,3126.68,3183,3126.68,3179.35,4951.62,15636930.7786
1645039800000,2022-02-16T19:30:00+00:00,3179.35,3186.37,3161.3,3161.96,2830,8985093.2643
1645040700000,2022-02-16T19:45:00+00:00,3161.96,3169.63,3153.25,3168.37,2087.24,6602468.7342
1645041600000,2022-02-16T20:00:00+00:00,3168.37,3178.22,3161.71,3164.73,1889.39,5986487.6274
1645042500000,2022-02-16T20:15:00+00:00,3164.73,3175.04,3162.05,3169.91,2002.55,6346718.548
1645043400000,2022-02-16T20:30:00+00:00,3169.91,3171.25,3158.46,3159.27,1945.3,6151689.9678
1645044300000,2022-02-16T20:45:00+00:00,3159.27,3160.96,3146.39,3148.53,1190.09,3754885.4617
1645045200000,2022-02-16T21:00:00+00:00,3148.53,3158.25,3146.82,3153.19,1422.5,4486721.2489
1645046100000,2022-02-16T21:15:00+00:00,3153.19,3155.76,3148.15,3148.97,813.15,2562849.1385
1645047000000,2022-02-16T21:30:00+00:00,3148.97,3149.79,3137.49,3140.02,1503.23,4723534.1463
1645047900000,2022-02-16T21:45:00+00:00,3140.02,3140.53,3125,3140.53,1477.56,4629504.5565
1645048800000,2022-02-16T22:00:00+00:00,3140.53,3140.53,3124.02,3134.62,1042.53,3266427.9034
1645049700000,2022-02-16T22:15:00+00:00,3134.62,3145.45,3133.42,3145.44,1018.24,3195864.5009
1645050600000,2022-02-16T22:30:00+00:00,3145.44,3149.25,3140,3147.01,1672.8,5259396.8738
1645051500000,2022-02-16T22:45:00+00:00,3147.01,3150.66,3130.35,3135.72,1974.6,6202024.118
1645052400000,2022-02-16T23:00:00+00:00,3135.72,3148.35,3132.86,3142.74,1180.92,3706779.5077
1645053300000,2022-02-16T23:15:00+00:00,3142.74,3156.3,3142.12,3151.48,1514.79,4769505.1259
1645054200000,2022-02-16T23:30:00+00:00,3151.48,3151.53,3138.73,3138.94,1107.26,3484003.4393
1645055100000,2022-02-16T23:45:00+00:00,3138.94,3139.97,3117.35,3121.73,3034.52,9489032.4941
1645056000000,2022-02-17T00:00:00+00:00,3121.73,3133.97,3120.61,3126.65,1848.7,5779423.7174
1645056900000,2022-02-17T00:15:00+00:00,3126.65,3138.7,3122.38,3134.65,1300.55,4070189.4906
1645057800000,2022-02-17T00:30:00+00:00,3134.65,3143.53,3134.46,3141.89,885.48,2779859.3665
1645058700000,2022-02-17T00:45:00+00:00,3141.88,3152.81,3138.32,3149.44,806.5,2537026.5217
1645059600000,2022-02-17T01:00:00+00:00,3149.44,3158.93,3143.78,3144.41,1042.15,3283816.1923
1645060500000,2022-02-17T01:15:00+00:00,3144.41,3151.46,3140.04,3147.1,852.34,2682356.9108
1645061400000,2022-02-17T01:30:00+00:00,3147.1,3147.34,3134.82,3136.11,1973.32,6196683.529
1645062300000,2022-02-17T01:45:00+00:00,3136.11,3143.03,3135.79,3141.92,913.3,2867258.2034
1645063200000,2022-02-17T02:00:00+00:00,3141.92,3150.28,3140.22,3146.57,714.42,2247412.6627
1645064100000,2022-02-17T02:15:00+00:00,3146.57,3148.51,3118,3123.68,4114.44,12865357.6535
1645065000000,2022-02-17T02:30:00+00:00,3123.68,3133.7,3123.17,3131.54,2540.27,7952258.5221
1645065900000,2022-02-17T02:45:00+00:00,3131.54,3138.38,3124.14,3131.58,1686.9,5281000.9066
1645066800000,2022-02-17T03:00:00+00:00,3131.58,3132.39,3120.59,3120.59,1052.56,3291834.0329
1645067700000,2022-02-17T03:15:00+00:00,3120.59,3125.87,3112.59,3115.02,2734.38,8524810.6751
1645068600000,2022-02-17T03:30:00+00:00,3115.02,3115.35,3091.23,3096.17,4654.35,14445402.7063
1645069500000,2022-02-17T03:45:00+00:00,3096.17,3103.53,3082.18,3082.73,4570.07,14147784.0947
1645070400000,2022-02-17T04:00:00+00:00,3082.73,3082.9,3049.58,3070.96,9168.62,28105273.4902
1645071300000,2022-02-17T04:15:00+00:00,3070.96,3074.79,3059.02,3065.34,2809.57,8618515.8779
1645072200000,2022-02-17T04:30:00+00:00,3065.34,3074.81,3063.03,3067.85,4352.27,13367479.4852
1645073100000,2022-02-17T04:45:00+00:00,3067.85,3073.49,3060.95,3063.8,1742.96,5345566.8579
1645074000000,2022-02-17T05:00:00+00:00,3063.83,3069.96,3051.89,3065.79,3610.27,11044099.6715
1645074900000,2022-02-17T05:15:00+00:00,3065.79,3073.39,3064.55,3069.45,1244.85,3819851.6031
1645075800000,2022-02-17T05:30:00+00:00,3069.45,3073.62,3063.3,3065.85,881.8,2705047.3389
1645076700000,2022-02-17T05:45:00+00:00,3065.85,3070.62,3058.16,3067.11,869.22,2662819.7489
1645077600000,2022-02-17T06:00:00+00:00,3067.11,3076.48,3062.48,3068.04,660.14,2026702.0079
1645078500000,2022-02-17T06:15:00+00:00,3068.04,3087.75,3067.97,3086.54,2137.96,6581594.0204
1645079400000,2022-02-17T06:30:00+00:00,3086.54,3102.3,3081.04,3096.89,2554.79,7897021.7738
1645080300000,2022-02-17T06:45:00+00:00,3096.89,3103.1,3094.57,3097.38,1645.38,5097573.6445
1645081200000,2022-02-17T07:00:00+00:00,3097.38,3099.22,3084.64,3086.29,1782.86,5512222.6252
1645082100000,2022-02-17T07:15:00+00:00,3086.29,3091.27,3080.17,3080.17,2089.39,6449568.7773
1645083000000,2022-02-17T07:30:00+00:00,3080.17,3100.74,3078.3,3098.14,1881.82,5808237.2209
1645083900000,2022-02-17T07:45:00+00:00,3098.14,3110.01,3098.14,3107.47,1996.78,6201466.0467
1645084800000,2022-02-17T08:00:00+00:00,3107.47,3136.03,3105.34,3125.56,3606.07,11255086.7643
1645085700000,2022-02-17T08:15:00+00:00,3125.56,3130.64,3080.93,3081.99,3237.67,10086320.2675
1645086600000,2022-02-17T08:30:00+00:00,3081.99,3082.42,3032.17,3063.36,10178.28,31091854.7889
1645087500000,2022-02-17T08:45:00+00:00,3063.36,3067.9,3045.1,3063.44,3909.07,11956700.9109
1645088400000,2022-02-17T09:00:00+00:00,3063.44,3070.61,3052.34,3057.98,2049.04,6271728.5508
1645089300000,2022-02-17T09:15:00+00:00,3057.98,3059.48,3034.04,3058.63,5085.77,15493421.998
1645090200000,2022-02-17T09:30:00+00:00,3058.63,3063.3,3049.27,3053.09,1896.81,5798360.2772
1645091100000,2022-02-17T09:45:00+00:00,3053.09,3063.18,3048.89,3059.06,1396.06,4269215.7122
1645092000000,2022-02-17T10:00:00+00:00,3059.06,3075.29,3054.96,3074.96,2274.82,6974604.1781
1645092900000,2022-02-17T10:15:00+00:00,3074.94,3075.01,3061.71,3062.82,1231.86,3779595.8229
1645093800000,2022-02-17T10:30:00+00:00,3062.82,3067.64,3053.2,3057.15,1242.95,3802559.1871
1645094700000,2022-02-17T10:45:00+00:00,3057.15,3060.28,3037.19,3048.6,1510.02,4604880.8837
1645095600000,2022-02-17T11:00:00+00:00,3048.6,3058.66,3041.79,3058.29,1770.74,5399029.8324
1645096500000,2022-02-17T11:15:00+00:00,3058.29,3061.6,3052.43,3053.5,936.26,2860664.5253
1645097400000,2022-02-17T11:30:00+00:00,3053.5,3061.16,3047.99,3057.74,891.54,2722168.0336
1645098300000,2022-02-17T11:45:00+00:00,3057.74,3066.13,3055.48,3063.9,1148.59,3516683.8514
1645099200000,2022-02-17T12:00:00+00:00,3063.9,3086.05,3061.74,3085.77,2727.76,8399090.5075
1645100100000,2022-02-17T12:15:00+00:00,3085.66,3085.91,3072.43,3079.42,1683.21,5180413.2968
1645101000000,2022-02-17T12:30:00+00:00,3079.42,3079.42,3066.31,3071.9,2371.19,7280669.9581
1645101900000,2022-02-17T12:45:00+00:00,3071.9,3077.92,3056.07,3063.5,1988.42,6097449.9931
1645102800000,2022-02-17T13:00:00+00:00,3063.5,3071.44,3047.95,3052.36,1770.44,5410466.8592
1645103700000,2022-02-17T13:15:00+00:00,3052.36,3053.83,3011.2,3016.81,6210.5,18794986.795
1645104600000,2022-02-17T13:30:00+00:00,3016.76,3033.53,3008.62,3013.35,3706.29,11201985.434
1645105500000,2022-02-17T13:45:00+00:00,3013.35,3020.52,2984.31,2992.75,7383.9,22154541.0857
1645106400000,2022-02-17T14:00:00+00:00,2992.75,3016,2985.82,3004.05,4681.99,14060266.2513
1645107300000,2022-02-17T14:15:00+00:00,3003.71,3011.34,2990.57,2999,2043.16,6129984.4415
1645108200000,2022-02-17T14:30:00+00:00,2999,3010.6,2993.91,3003.61,1814.17,5447966.3979
1645109100000,2022-02-17T14:45:00+00:00,3003.61,3004.23,2959.79,2972.75,6276.14,18675479.2884
1645110000000,2022-02-17T15:00:00+00:00,2972.75,2992.91,2968,2990.59,3895.37,11627472.7674
1645110900000,2022-02-17T15:15:00+00:00,2990.59,2990.59,2968.42,2979.81,2764.81,8235290.9068
1645111800000,2022-02-17T15:30:00+00:00,2979.81,2991.22,2964.96,2980.96,2772.04,8258981.2808
1645112700000,2022-02-17T15:45:00+00:00,2980.96,2989.37,2969.7,2986.9,2338.42,6966634.0152
1645113600000,2022-02-17T16:00:00+00:00,2986.9,2998.2,2964.39,2996.34,3388.39,10102885.6918
1645114500000,2022-02-17T16:15:00+00:00,2996.34,2998,2980.71,2989.62,1686.33,5045751.6083
1645115400000,2022-02-17T16:30:00+00:00,2989.62,3003.03,2980.85,2994.63,2123.65,6357339.8125
1645116300000,2022-02-17T16:45:00+00:00,2994.63,3003.68,2967.7,2980.68,1465.14,4377280.4605
1645117200000,2022-02-17T17:00:00+00:00,2980.68,2982.9,2950.01,2959.36,2820.72,8362487.4795
1645118100000,2022-02-17T17:15:00+00:00,2959.36,2974.57,2957.81,2964.53,2020.47,5994518.7406
1645119000000,2022-02-17T17:30:00+00:00,2964.53,2973.88,2956.94,2960.94,1008.25,2989415.8855
1645119900000,2022-02-17T17:45:00+00:00,2960.94,2961.41,2933.23,2948.81,3265.28,9619911.6796
1645120800000,2022-02-17T18:00:00+00:00,2948.81,2954.47,2912.4,2921.01,2755.33,8079769.0888
1645121700000,2022-02-17T18:15:00+00:00,2921.01,2930.29,2880.49,2893.87,6286.38,18250750.7331
1645122600000,2022-02-17T18:30:00+00:00,2893.87,2906.53,2881.64,2903.74,3821.88,11067709.33
1645123500000,2022-02-17T18:45:00+00:00,2903.74,2920.17,2896.63,2920.07,3012.36,8768578.5554
1645124400000,2022-02-17T19:00:00+00:00,2920.07,2920.44,2900.58,2906.45,1715.52,4993592.4354
1645125300000,2022-02-17T19:15:00+00:00,2906.45,2913.66,2889.92,2904.18,3395.63,9849674.6525
1645126200000,2022-02-17T19:30:00+00:00,2904.18,2909.43,2894.68,2906.17,3152.26,9147330.3267
1645127100000,2022-02-17T19:45:00+00:00,2906.17,2914.73,2899.1,2908.33,1496.5,4348701.5341
1645128000000,2022-02-17T20:00:00+00:00,2908.33,2909.44,2882.38,2897.88,4291.64,12405919.3354
1645128900000,2022-02-17T20:15:00+00:00,2897.88,2904.88,2890.09,2891.51,779.54,2256342.4487
1645129800000,2022-02-17T20:30:00+00:00,2891.51,2911.97,2880.41,2909.08,1495.9,4326260.5846
1645130700000,2022-02-17T20:45:00+00:00,2909.08,2912.94,2890.69,2897.2,786.97,2285387.6759
1645131600000,2022-02-17T21:00:00+00:00,2897.2,2905.15,2865.85,2883.61,2320.21,6693479.5266
1645132500000,2022-02-17T21:15:00+00:00,2883.61,2887.12,2850.55,2860.52,3650.96,10466761.8429
1645133400000,2022-02-17T21:30:00+00:00,2860.52,2895.32,2857.95,2883.91,1661.41,4788058.3386
1645134300000,2022-02-17T21:45:00+00:00,2883.91,2897.64,2875.4,2892.78,846.78,2446549.2959
1645135200000,2022-02-17T22:00:00+00:00,2892.78,2903.03,2880.17,2880.66,3157.97,9125166.335
1645136100000,2022-02-17T22:15:00+00:00,2880.66,2886.32,2870.87,2878.71,2152.91,6197778.0633
1645137000000,2022-02-17T22:30:00+00:00,2878.71,2895.06,2878.31,2884.13,1893.02,5460780.8529
1645137900000,2022-02-17T22:45:00+00:00,2884.13,2897.95,2875.82,2897.81,1491.33,4308014.4774
1645138800000,2022-02-17T23:00:00+00:00,2897.81,2897.81,2886.24,2889.3,1008.67,2916515.1834
1645139700000,2022-02-17T23:15:00+00:00,2889.3,2898.07,2887.13,2892.02,852.96,2468813.5586
1645140600000,2022-02-17T23:30:00+00:00,2892.02,2893.03,2878.92,2882.65,1157.48,3337392.5071
1645141500000,2022-02-17T23:45:00+00:00,2882.65,2895.67,2871.87,2890.41,1277.38,3682158.3799
1645142400000,2022-02-18T00:00:00+00:00,2890.41,2895.58,2869.43,2871.68,3178.89,9167674.8038
1645143300000,2022-02-18T00:15:00+00:00,2871.68,2883.18,2860.51,2881.98,2787.81,8005125.6301
1645144200000,2022-02-18T00:30:00+00:00,2881.98,2891.43,2877.16,2881.15,1725.76,4977298.1058
1645145100000,2022-02-18T00:45:00+00:00,2881.3,2892.25,2870.08,2889.51,1946.77,5608583.2344
1645146000000,2022-02-18T01:00:00+00:00,2889.51,2892.19,2874.36,2875.53,1857.3,5352514.6724
1645146900000,2022-02-18T01:15:00+00:00,2875.53,2885.26,2869.23,2870.32,1857.11,5339363.3315
1645147800000,2022-02-18T01:30:00+00:00,2870.32,2915.8,2868.57,2912.7,4165.75,12067968.0704
1645148700000,2022-02-18T01:45:00+00:00,2912.7,2917.71,2903.6,2906.81,2270.97,6608384.9112
1645149600000,2022-02-18T02:00:00+00:00,2906.81,2917.63,2900.96,2905.16,2002.31,5825343.7275
1645150500000,2022-02-18T02:15:00+00:00,2905.16,2912.85,2901.65,2902.47,1112.52,3234695.0737
1645151400000,2022-02-18T02:30:00+00:00,2902.47,2906.05,2895,2901.11,1127.75,3270738.7957
1645152300000,2022-02-18T02:45:00+00:00,2901.11,2905.69,2899.41,2904.28,976.81,2835429.177
1645153200000,2022-02-18T03:00:00+00:00,2904.28,2912.21,2896.01,2909.57,1514.16,4398500.7524
1645154100000,2022-02-18T03:15:00+00:00,2909.57,2911.23,2900.07,2908.17,1099.41,3193701.4088
1645155000000,2022-02-18T03:30:00+00:00,2908.17,2911.12,2898.92,2903.13,1074.94,3120241.0118
1645155900000,2022-02-18T03:45:00+00:00,2903.13,2908.35,2901.07,2906.24,1512.33,4394283.9757
1645156800000,2022-02-18T04:00:00+00:00,2906.24,2910.35,2898.93,2899.81,757.67,2199853.3426
1645157700000,2022-02-18T04:15:00+00:00,2899.81,2902.59,2891.05,2898.64,2437.41,7063765.0685
1645158600000,2022-02-18T04:30:00+00:00,2898.64,2902.14,2894.01,2898.77,916.66,2656110.8862
1645159500000,2022-02-18T04:45:00+00:00,2898.77,2898.94,2875.81,2876.19,2488.74,7183436.4435
1645160400000,2022-02-18T05:00:00+00:00,2876.19,2887.72,2875.72,2885.3,1927.6,5558021.979
1645161300000,2022-02-18T05:15:00+00:00,2885.3,2891.78,2880.89,2889.61,2082.04,6011265.7772
1645162200000,2022-02-18T05:30:00+00:00,2889.61,2898.32,2889.61,2891.66,2437.09,7052237.9757
1645163100000,2022-02-18T05:45:00+00:00,2891.66,2899.61,2891.66,2897.35,629.53,1823685.8116
1645164000000,2022-02-18T06:00:00+00:00,2897.35,2904.85,2893.52,2901.84,1178.72,3416155.0105
1645164900000,2022-02-18T06:15:00+00:00,2901.84,2903.43,2898.36,2899.28,496.3,1439331.3392
1645165800000,2022-02-18T06:30:00+00:00,2899.28,2912.09,2893.66,2910.96,2165.24,6287907.7365
1645166700000,2022-02-18T06:45:00+00:00,2910.96,2910.96,2902.07,2905.14,1453.96,4224607.5854
1645167600000,2022-02-18T07:00:00+00:00,2905.14,2908.72,2901.2,2908.27,1273.61,3700330.5497
1645168500000,2022-02-18T07:15:00+00:00,2908.27,2915.15,2894.63,2897.47,2753.4,8000959.1725
1645169400000,2022-02-18T07:30:00+00:00,2897.47,2902.16,2894.9,2902.03,1909.01,5533120.9943
1645170300000,2022-02-18T07:45:00+00:00,2902.03,2903.45,2897.58,2902.91,513.97,1490865.8216
1645171200000,2022-02-18T08:00:00+00:00,2902.91,2914.42,2902.48,2913.74,1969.33,5733044.5782
1645172100000,2022-02-18T08:15:00+00:00,2913.74,2920.33,2908.18,2911.64,2186.46,6371758.9889
1645173000000,2022-02-18T08:30:00+00:00,2911.64,2924.46,2908.66,2921.34,772.79,2254013.307
1645173900000,2022-02-18T08:45:00+00:00,2921.34,2943.14,2921.34,2937.8,3366.32,9874510.1111
1645174800000,2022-02-18T09:00:00+00:00,2937.8,2939.94,2925.36,2927.74,3642.85,10684100.7754
1645175700000,2022-02-18T09:15:00+00:00,2927.74,2933.31,2923.47,2931.36,2071.31,6068482.2731
1645176600000,2022-02-18T09:30:00+00:00,2931.36,2934.33,2928.15,2929.22,1396.25,4092824.4475
1645177500000,2022-02-18T09:45:00+00:00,2929.22,2931.15,2924.29,2928.9,1495.08,4377406.6811
1645178400000,2022-02-18T10:00:00+00:00,2928.9,2929.06,2912.98,2918.33,2588.44,7559326.6129
1645179300000,2022-02-18T10:15:00+00:00,2918.33,2920.14,2906.07,2915.41,1853.26,5401693.3294
1645180200000,2022-02-18T10:30:00+00:00,2915.41,2917.8,2910.94,2912.38,1381.3,4025033.4443
1645181100000,2022-02-18T10:45:00+00:00,2912.38,2922.62,2910.42,2916.46,1660.91,4847728.1749
1645182000000,2022-02-18T11:00:00+00:00,2916.46,2918.01,2886,2891.39,4568.35,13243891.431
1645182900000,2022-02-18T11:15:00+00:00,2891.39,2896.73,2882.23,2890.93,3300.49,9548865.0276
1645183800000,2022-02-18T11:30:00+00:00,2890.93,2894.88,2877.6,2886.89,2106.79,6081716.4775
1645184700000,2022-02-18T11:45:00+00:00,2886.89,2892.56,2871.26,2877.3,2777.57,8000589.9716
1645185600000,2022-02-18T12:00:00+00:00,2877.3,2906.34,2867.39,2906.34,3044.23,8786116.8374
1645186500000,2022-02-18T12:15:00+00:00,2906.34,2906.34,2896.7,2898.58,1858.61,5390584.5662
1645187400000,2022-02-18T12:30:00+00:00,2898.58,2903.03,2888.72,2891.8,1613.23,4671805.6467
1645188300000,2022-02-18T12:45:00+00:00,2891.8,2900.97,2889.02,2900.61,771.41,2233176.51
1645189200000,2022-02-18T13:00:00+00:00,2900.61,2903.41,2883.85,2890.98,1696.48,4907795.7362
1645190100000,2022-02-18T13:15:00+00:00,2890.98,2895.8,2881.53,2886.73,1167.43,3372039.5896
1645191000000,2022-02-18T13:30:00+00:00,2886.73,2899.46,2874.66,2898.8,2553.77,7367635.3052
1645191900000,2022-02-18T13:45:00+00:00,2898.8,2901.59,2891.36,2896.34,1175.26,3405487.2587
1645192800000,2022-02-18T14:00:00+00:00,2896.34,2906.61,2890.16,2890.39,1542.05,4472429.641
1645193700000,2022-02-18T14:15:00+00:00,2890.39,2892.57,2870.93,2876.56,1793.39,5162759.7317
1645194600000,2022-02-18T14:30:00+00:00,2876.56,2888.9,2804.5,2805.26,10088.68,28620243.9619
1645195500000,2022-02-18T14:45:00+00:00,2805.26,2855.12,2797.25,2850.47,11881.16,33538147.89
1645196400000,2022-02-18T15:00:00+00:00,2850.47,2866.45,2835.38,2844.58,6325.81,18031708.7074
1645197300000,2022-02-18T15:15:00+00:00,2844.58,2857.63,2825.84,2832.74,3832.47,10880803.6972
1645198200000,2022-02-18T15:30:00+00:00,2832.74,2832.83,2800,2811.41,8116.84,22832519.575
1645199100000,2022-02-18T15:45:00+00:00,2811.41,2813.89,2786.44,2799.23,5502.27,15406538.7888
1645200000000,2022-02-18T16:00:00+00:00,2799.23,2800.37,2763.21,2795.02,12308.57,34260181.0703
1645200900000,2022-02-18T16:15:00+00:00,2795.02,2824.36,2794.77,2808.27,5831.35,16388099.5201
1645201800000,2022-02-18T16:30:00+00:00,2808.27,2818.4,2800.55,2811.67,3847.99,10807150.2149
1645202700000,2022-02-18T16:45:00+00:00,2811.67,2815.99,2783.66,2785.17,2488.64,6971870.3794
1645203600000,2022-02-18T17:00:00+00:00,2785.17,2811.37,2783.59,2797.17,2490.85,6975048.3249
1645204500000,2022-02-18T17:15:00+00:00,2797.17,2809.46,2785.27,2785.35,2102.81,5880000.6706
1645205400000,2022-02-18T17:30:00+00:00,2785.35,2797.27,2771.61,2779.26,2370.09,6589415.075
1645206300000,2022-02-18T17:45:00+00:00,2779.26,2792.74,2777.31,2782.79,1828.03,5089928.1349
1645207200000,2022-02-18T18:00:00+00:00,2782.79,2785.66,2751.55,2754.7,3552.86,9822767.7547
1645208100000,2022-02-18T18:15:00+00:00,2754.7,2777.41,2751.66,2769.07,1884.73,5208186.461
1645209000000,2022-02-18T18:30:00+00:00,2769.07,2786.94,2766.43,2783.71,2482.52,6898313.6809
1645209900000,2022-02-18T18:45:00+00:00,2783.71,2797.16,2783.3,2792.78,2049.76,5719050.731
1645210800000,2022-02-18T19:00:00+00:00,2792.78,2798.21,2783.37,2784.28,1063.18,2968139.3062
1645211700000,2022-02-18T19:15:00+00:00,2784.28,2803.2,2780.85,2801.64,1863.77,5210507.1445
1645212600000,2022-02-18T19:30:00+00:00,2801.64,2810.75,2789.23,2789.28,1982.16,5551360.0419
1645213500000,2022-02-18T19:45:00+00:00,2789.28,2797.89,2784.82,2795.4,1168.96,3262406.7586
1645214400000,2022-02-18T20:00:00+00:00,2795.4,2806.24,2786.09,2787.97,1131.94,3164701.0887
1645215300000,2022-02-18T20:15:00+00:00,2787.97,2789.83,2776.37,2776.57,943.98,2625484.5736
1645216200000,2022-02-18T20:30:00+00:00,2776.57,2792.25,2771.1,2786.93,1090.37,3028248.2629
1645217100000,2022-02-18T20:45:00+00:00,2786.93,2793.65,2777.08,2786.04,502.32,1398729.3173
1645218000000,2022-02-18T21:00:00+00:00,2786.04,2804.95,2780.51,2789.12,1325.94,3699215.5661
1645218900000,2022-02-18T21:15:00+00:00,2789.12,2803.68,2788.89,2802.17,719.5,2012753.1643
1645219800000,2022-02-18T21:30:00+00:00,2802.17,2802.47,2783.5,2796.07,848.12,2368294.2367
1645220700000,2022-02-18T21:45:00+00:00,2796.07,2796.07,2779.92,2780.71,931.07,2593053.9072
1645221600000,2022-02-18T22:00:00+00:00,2780.71,2789.74,2761.33,2763.12,1241.95,3438293.7533
1645222500000,2022-02-18T22:15:00+00:00,2763.12,2776.5,2752.46,2767.82,1751.84,4842949.9842
1645223400000,2022-02-18T22:30:00+00:00,2767.82,2777.39,2765.67,2773.15,803.38,2227153.5005
1645224300000,2022-02-18T22:45:00+00:00,2773.15,2778.65,2766.63,2773.48,742.23,2058884.4913
1645225200000,2022-02-18T23:00:00+00:00,2773.48,2782.39,2766.95,2779.87,803.56,2230426.879
1645226100000,2022-02-18T23:15:00+00:00,2780,2787.84,2774.59,2781.81,814.13,2264316.159
1645227000000,2022-02-18T23:30:00+00:00,2781.81,2788.74,2777.5,2787.17,560.61,1560350.3879
1645227900000,2022-02-18T23:45:00+00:00,2787.17,2789.69,2778.06,2778.06,795.82,2215821.4432
1645228800000,2022-02-19T00:00:00+00:00,2778.06,2783.11,2765.6,2782.68,1418.62,3936707.4871
1645229700000,2022-02-19T00:15:00+00:00,2782.68,2794.35,2779.69,2788.92,1167.24,3253273.0827
1645230600000,2022-02-19T00:30:00+00:00,2788.92,2803.76,2786.34,2800.18,2130.69,5959940.5396
1645231500000,2022-02-19T00:45:00+00:00,2800.18,2810.8,2797.21,2809.03,1769.41,4957599.8847
1645232400000,2022-02-19T01:00:00+00:00,2809.03,2829.85,2804.97,2824.75,3311.34,9326335.5386
1645233300000,2022-02-19T01:15:00+00:00,2824.75,2828.79,2819.25,2826.86,2731.1,7711513.7262
1645234200000,2022-02-19T01:30:00+00:00,2826.86,2827.88,2812.94,2825.46,2195.97,6197548.0138
1645235100000,2022-02-19T01:45:00+00:00,2825.46,2825.46,2816.92,2818.95,1362.88,3843094.5952
1645236000000,2022-02-19T02:00:00+00:00,2818.95,2822.11,2808.98,2810.65,1608.61,4528744.8794
1645236900000,2022-02-19T02:15:00+00:00,2810.65,2818.14,2810.17,2816.15,1099.63,3095543.7011
1645237800000,2022-02-19T02:30:00+00:00,2816.15,2822.41,2813.24,2821.93,793.28,2234638.6718
1645238700000,2022-02-19T02:45:00+00:00,2821.93,2822.28,2815.28,2815.99,428.02,1206121.5793
1645239600000,2022-02-19T03:00:00+00:00,2815.99,2826,2814.59,2818.1,1234.85,3481820.6302
1645240500000,2022-02-19T03:15:00+00:00,2818.1,2819.88,2806.71,2810.5,1405.66,3951595.7824
1645241400000,2022-02-19T03:30:00+00:00,2810.5,2810.92,2802.36,2805.93,1765.01,4951879.6429
1645242300000,2022-02-19T03:45:00+00:00,2805.93,2811.16,2804.19,2804.84,1316.15,3695732.8407
1645243200000,2022-02-19T04:00:00+00:00,2804.84,2813.61,2795.66,2797.95,2180.45,6117243.3243
1645244100000,2022-02-19T04:15:00+00:00,2797.95,2815.09,2797.84,2812.93,1618.07,4545387.6578
1645245000000,2022-02-19T04:30:00+00:00,2812.93,2818.73,2810.06,2812.15,2111.54,5941177.0452
1645245900000,2022-02-19T04:45:00+00:00,2812.15,2814.36,2806.73,2814.14,760.21,2135809.7732
1645246800000,2022-02-19T05:00:00+00:00,2814.14,2816.11,2808.57,2811.4,837.37,2355369.0234
1645247700000,2022-02-19T05:15:00+00:00,2811.4,2819.17,2809.68,2816.06,1217.91,3430076.0074
1645248600000,2022-02-19T05:30:00+00:00,2816.06,2817.79,2802.26,2804,1145.26,3217995.2486
1645249500000,2022-02-19T05:45:00+00:00,2804,2808.79,2799.89,2807.93,1644.13,4609670.356
1645250400000,2022-02-19T06:00:00+00:00,2807.93,2809.01,2802.65,2803.94,958.26,2688729.4778
1645251300000,2022-02-19T06:15:00+00:00,2803.94,2813.94,2803.94,2813.04,804.03,2259905.5035
1645252200000,2022-02-19T06:30:00+00:00,2813.04,2820.72,2808.91,2815.66,1805.23,5082480.9394
1645253100000,2022-02-19T06:45:00+00:00,2815.66,2824.26,2815.5,2818.29,1015.82,2864031.2209
1645254000000,2022-02-19T07:00:00+00:00,2818.29,2823.26,2812.85,2813.1,1247.08,3513680.2597
1645254900000,2022-02-19T07:15:00+00:00,2813.1,2815.74,2805.81,2811.32,853.61,2399692.0382
1645255800000,2022-02-19T07:30:00+00:00,2811.32,2815.76,2810.22,2812.51,596.47,1677941.346
1645256700000,2022-02-19T07:45:00+00:00,2812.51,2816.3,2807.23,2810.68,824.34,2317391.4061
1645257600000,2022-02-19T08:00:00+00:00,2810.68,2817.79,2809.72,2814.04,618.61,1741079.6187
1645258500000,2022-02-19T08:15:00+00:00,2814.04,2818,2808.05,2808.05,718.34,2021252.5885
1645259400000,2022-02-19T08:30:00+00:00,2808.05,2812.54,2802.4,2808.03,1256.26,3525904.2237
1645260300000,2022-02-19T08:45:00+00:00,2808.03,2808.04,2778.69,2780.64,4641.7,12944038.8474
1645261200000,2022-02-19T09:00:00+00:00,2780.64,2791.07,2772.24,2776.67,3334.54,9276777.5767
1645262100000,2022-02-19T09:15:00+00:00,2776.67,2786.54,2776.67,2780.72,1455.17,4049604.4088
1645263000000,2022-02-19T09:30:00+00:00,2780.72,2790.19,2780.44,2783.73,1201.48,3347419.669
1645263900000,2022-02-19T09:45:00+00:00,2783.73,2788.27,2779.48,2780.9,1233.03,3431950.3808
1645264800000,2022-02-19T10:00:00+00:00,2780.9,2787.92,2780.68,2783.93,1382.16,3849339.8739
1645265700000,2022-02-19T10:15:00+00:00,2783.93,2783.94,2760.92,2766.08,3002.02,8322372.6807
1645266600000,2022-02-19T10:30:00+00:00,2766.08,2773.32,2760,2767.58,2153.59,5960959.3773
1645267500000,2022-02-19T10:45:00+00:00,2767.58,2778.6,2767.29,2778.1,1000.66,2774904.9827
1645268400000,2022-02-19T11:00:00+00:00,2778.1,2782.34,2768.26,2771,1213.47,3366850.0476
1645269300000,2022-02-19T11:15:00+00:00,2771,2774.08,2756.5,2761.02,1893.16,5236843.3963
1645270200000,2022-02-19T11:30:00+00:00,2761.02,2761.35,2704.63,2716.71,10369.12,28267210.5297
1645271100000,2022-02-19T11:45:00+00:00,2716.71,2724.28,2711.31,2721,4953.02,13461153.2503
1645272000000,2022-02-19T12:00:00+00:00,2721,2730.39,2699.64,2727.31,6635.29,18014201.466
1645272900000,2022-02-19T12:15:00+00:00,2727.31,2731.54,2712.9,2715.39,2775.31,7557164.449
1645273800000,2022-02-19T12:30:00+00:00,2715.39,2719.51,2707.81,2714.89,1986,5388535.3513
1645274700000,2022-02-19T12:45:00+00:00,2714.89,2723.58,2705.52,2711.11,1509.38,4098296.9507
1645275600000,2022-02-19T13:00:00+00:00,2711.11,2726.01,2693.51,2725.83,3658.96,9903256.9666
1645276500000,2022-02-19T13:15:00+00:00,2725.83,2731.24,2714.84,2722.02,3304.16,9001163.3845
1645277400000,2022-02-19T13:30:00+00:00,2722.02,2738.27,2719.78,2733.7,2173.71,5934732.621
1645278300000,2022-02-19T13:45:00+00:00,2733.7,2746.79,2733.7,2740.76,2751.36,7539861.7123
1645279200000,2022-02-19T14:00:00+00:00,2740.76,2742.67,2730.93,2733.45,2006.68,5490695.7258
1645280100000,2022-02-19T14:15:00+00:00,2733.45,2736.68,2727.41,2729.38,1414.17,3861920.3813
1645281000000,2022-02-19T14:30:00+00:00,2729.38,2732.17,2720.68,2731.82,1764.71,4809425.4114
1645281900000,2022-02-19T14:45:00+00:00,2731.82,2736.48,2726.22,2726.3,1200.76,3282117.7834
1645282800000,2022-02-19T15:00:00+00:00,2726.3,2730.13,2718.63,2728.43,1239.39,3377410.4042
1645283700000,2022-02-19T15:15:00+00:00,2728.43,2742.39,2728.43,2740.94,1602.98,4387779.3383
1645284600000,2022-02-19T15:30:00+00:00,2740.94,2750.9,2736.07,2745.21,2001.9,5490717.0408
1645285500000,2022-02-19T15:45:00+00:00,2745.21,2748.81,2741.47,2744.25,686.99,1886154.3459
1645286400000,2022-02-19T16:00:00+00:00,2744.25,2774.06,2738.5,2773.31,4854.39,13388106.2847
1645287300000,2022-02-19T16:15:00+00:00,2773.31,2793.93,2772.12,2781.67,4731.71,13176805.201
1645288200000,2022-02-19T16:30:00+00:00,2781.67,2784.71,2769.56,2770.58,2503.56,6953008.2581
1645289100000,2022-02-19T16:45:00+00:00,2770.58,2772.51,2742.02,2748.18,3010.18,8294435.9723
1645290000000,2022-02-19T17:00:00+00:00,2748.18,2757.15,2738.97,2757.12,3093.78,8505125.8893
1645290900000,2022-02-19T17:15:00+00:00,2757.12,2759.13,2743.48,2749.8,762.7,2097382.0156
1645291800000,2022-02-19T17:30:00+00:00,2749.8,2761.02,2748.4,2759.19,1537.94,4238662.1782
1645292700000,2022-02-19T17:45:00+00:00,2759.19,2763.31,2751.21,2761.24,1885.33,5202670.7053
1645293600000,2022-02-19T18:00:00+00:00,2761.24,2761.74,2754.44,2755.33,1882.1,5192027.9017
1645294500000,2022-02-19T18:15:00+00:00,2755.33,2759.72,2746.09,2747.64,1508.2,4153763.6492
1645295400000,2022-02-19T18:30:00+00:00,2747.64,2757.57,2745.76,2752.09,791.17,2175872.9795
1645296300000,2022-02-19T18:45:00+00:00,2752.09,2756.3,2743.81,2748.71,700.57,1926457.272
1645297200000,2022-02-19T19:00:00+00:00,2748.71,2750.51,2736.77,2742.3,1078.46,2957378.9277
1645298100000,2022-02-19T19:15:00+00:00,2742.3,2745.82,2739.65,2744.87,1063.28,2916700.1339
1645299000000,2022-02-19T19:30:00+00:00,2744.87,2751.25,2740.35,2748.56,1086.58,2983153.3353
1645299900000,2022-02-19T19:45:00+00:00,2748.56,2750.84,2738.48,2742.79,1028.25,2818474.1602
1645300800000,2022-02-19T20:00:00+00:00,2742.79,2752.92,2738.25,2752.23,530.79,1457652.3715
1645301700000,2022-02-19T20:15:00+00:00,2752.23,2756.14,2752.18,2753.69,662.07,1823746.832
1645302600000,2022-02-19T20:30:00+00:00,2753.69,2759.47,2750.69,2755.4,454.34,1251903.5335
1645303500000,2022-02-19T20:45:00+00:00,2755.4,2758.53,2752.22,2756.18,1033.1,2846621.3601
1645304400000,2022-02-19T21:00:00+00:00,2756.18,2757.81,2746.76,2748.25,354.64,976221.5661
1645305300000,2022-02-19T21:15:00+00:00,2748.25,2748.25,2733.46,2743.64,1167.79,3198627.018
1645306200000,2022-02-19T21:30:00+00:00,2743.64,2743.64,2735.53,2741.27,558,1528769.7933
1645307100000,2022-02-19T21:45:00+00:00,2741.27,2742.24,2737.27,2739.02,729.9,1999854.3139
1645308000000,2022-02-19T22:00:00+00:00,2739.02,2746.4,2732.91,2736.87,686.73,1879758.865
1645308900000,2022-02-19T22:15:00+00:00,2736.87,2737.16,2725.43,2734.08,1584.02,4325687.7183
1645309800000,2022-02-19T22:30:00+00:00,2734.08,2747.57,2733.76,2747.49,1422.31,3893567.959
1645310700000,2022-02-19T22:45:00+00:00,2747.49,2747.49,2741.39,2741.5,1219.4,3345632.219
1645311600000,2022-02-19T23:00:00+00:00,2741.5,2746.99,2736.35,2746.99,540.02,1480912.2087
1645312500000,2022-02-19T23:15:00+00:00,2746.99,2749.71,2745.06,2746.45,743.48,2043118.8946
1645313400000,2022-02-19T23:30:00+00:00,2746.45,2758.06,2745.49,2756.41,850.63,2342635.1659
1645314300000,2022-02-19T23:45:00+00:00,2756.41,2766.87,2751.58,2761.99,1896.89,5238190.8324
1645315200000,2022-02-20T00:00:00+00:00,2761.99,2763.16,2752.85,2753.53,2241.65,6183645.5982
1645316100000,2022-02-20T00:15:00+00:00,2753.53,2755.42,2738.37,2738.37,2079.42,5715609.6798
1645317000000,2022-02-20T00:30:00+00:00,2738.37,2742.93,2727.69,2732.68,1964.97,5372027.7905
1645317900000,2022-02-20T00:45:00+00:00,2732.68,2737.56,2724.42,2729.9,2147.31,5868195.2288
1645318800000,2022-02-20T01:00:00+00:00,2729.9,2732.34,2704.51,2713.85,4052.71,11011794.5816
1645319700000,2022-02-20T01:15:00+00:00,2713.85,2725.65,2711.14,2723.29,2258.36,6136464.4492
1645320600000,2022-02-20T01:30:00+00:00,2723.29,2741.46,2718.77,2739.17,1853.62,5059942.3747
1645321500000,2022-02-20T01:45:00+00:00,2739.17,2744.12,2735.93,2737.77,1516.23,4154104.6605
1645322400000,2022-02-20T02:00:00+00:00,2737.77,2739.49,2729.2,2734.47,899.62,2461326.2186
1645323300000,2022-02-20T02:15:00+00:00,2734.47,2740.78,2732.07,2735.5,1103.02,3018382.2345
1645324200000,2022-02-20T02:30:00+00:00,2735.5,2735.73,2720.9,2725.15,1943.07,5295002.0698
1645325100000,2022-02-20T02:45:00+00:00,2725.15,2730.54,2708.59,2710.76,1324.1,3603893.6958
1645326000000,2022-02-20T03:00:00+00:00,2710.76,2720.6,2707.89,2712.24,1471.98,3992738.8047
1645326900000,2022-02-20T03:15:00+00:00,2712.24,2715.18,2700.11,2704.73,2323.01,6288485.0982
1645327800000,2022-02-20T03:30:00+00:00,2704.73,2715.94,2696.44,2708.94,3262.75,8833377.2381
1645328700000,2022-02-20T03:45:00+00:00,2708.94,2716.08,2705.71,2711.78,1271.26,3448771.3019
1645329600000,2022-02-20T04:00:00+00:00,2711.78,2716.94,2702.12,2708.44,1650.1,4470012.9097
1645330500000,2022-02-20T04:15:00+00:00,2708.44,2716.19,2700.26,2702.8,1870.4,5060522.114
1645331400000,2022-02-20T04:30:00+00:00,2702.8,2705.48,2677.61,2687.08,4835.04,12991489.532
1645332300000,2022-02-20T04:45:00+00:00,2687.08,2694.61,2678.73,2684.53,1708.69,4592495.6909
1645333200000,2022-02-20T05:00:00+00:00,2684.53,2694.57,2680.04,2692.49,1650.25,4435993.22
1645334100000,2022-02-20T05:15:00+00:00,2692.49,2694.86,2678.54,2681.15,1734.94,4661789.6682
1645335000000,2022-02-20T05:30:00+00:00,2681.15,2682.68,2672.72,2676.45,1562.96,4185158.2204
1645335900000,2022-02-20T05:45:00+00:00,2676.45,2680.13,2654.23,2655.85,3722.88,9919296.6654
1645336800000,2022-02-20T06:00:00+00:00,2655.85,2665.17,2618.95,2634.28,6333.47,16733762.8777
1645337700000,2022-02-20T06:15:00+00:00,2634.28,2638.84,2625.97,2632.84,3370.85,8878201.5115
1645338600000,2022-02-20T06:30:00+00:00,2632.84,2638.05,2619.9,2635.85,3788.3,9964314.2376
1645339500000,2022-02-20T06:45:00+00:00,2635.85,2639.36,2630.78,2635.56,2840.82,7488296.3401
1645340400000,2022-02-20T07:00:00+00:00,2635.56,2650.58,2629.74,2636.07,3373.73,8901994.1166
1645341300000,2022-02-20T07:15:00+00:00,2636.07,2652.37,2634.43,2644.93,2131.2,5632289.1744
1645342200000,2022-02-20T07:30:00+00:00,2644.93,2653.25,2641.23,2641.26,1491.2,3947783.5768
1645343100000,2022-02-20T07:45:00+00:00,2641.26,2656.08,2634.69,2652.49,2970.08,7856367.5315
1645344000000,2022-02-20T08:00:00+00:00,2652.49,2652.62,2640.39,2642.66,3121.49,8262714.7147
1645344900000,2022-02-20T08:15:00+00:00,2642.66,2642.66,2622.1,2628.63,3050.45,8027477.8567
1645345800000,2022-02-20T08:30:00+00:00,2628.63,2633.6,2608.41,2610.18,4846.47,12699647.1492
1645346700000,2022-02-20T08:45:00+00:00,2610.29,2616.59,2602,2605.59,4711.18,12289673.8731
1645347600000,2022-02-20T09:00:00+00:00,2605.59,2631.79,2597.77,2626.4,4430.09,11596468.2546
1645348500000,2022-02-20T09:15:00+00:00,2626.4,2632.06,2609.63,2611.79,3131.85,8201817.7379
1645349400000,2022-02-20T09:30:00+00:00,2611.79,2630.55,2607.81,2628.11,3276.33,8591171.2174
1645350300000,2022-02-20T09:45:00+00:00,2628.11,2631.23,2618.49,2621.71,1701.24,4464687.1418
1645351200000,2022-02-20T10:00:00+00:00,2621.71,2630.95,2621.71,2627.72,652.46,1714704.1739
1645352100000,2022-02-20T10:15:00+00:00,2627.72,2640.89,2625.98,2637.5,1770.73,4669141.1821
1645353000000,2022-02-20T10:30:00+00:00,2637.5,2640.38,2627.81,2629,1425.34,3754496.2172
1645353900000,2022-02-20T10:45:00+00:00,2629,2629,2610.79,2612.7,2098.75,5492968.4523
1645354800000,2022-02-20T11:00:00+00:00,2612.7,2621.66,2608.83,2619.76,1301.19,3401168.7881
1645355700000,2022-02-20T11:15:00+00:00,2619.76,2626.77,2616.4,2618.24,884.41,2318276.9171
1645356600000,2022-02-20T11:30:00+00:00,2618.24,2625.42,2616.53,2624.03,503.31,1319576.2104
1645357500000,2022-02-20T11:45:00+00:00,2624.03,2645.79,2624.03,2641.3,2396.68,6318017.8441
1645358400000,2022-02-20T12:00:00+00:00,2641.3,2652.16,2634.8,2646.32,1310.13,3462544.4447
1645359300000,2022-02-20T12:15:00+00:00,2646.32,2663.06,2637.27,2638.9,3995.98,10598893.7943
1645360200000,2022-02-20T12:30:00+00:00,2638.9,2642.62,2630.67,2638.06,1539.43,4058734.3602
1645361100000,2022-02-20T12:45:00+00:00,2638.06,2638.63,2619.81,2623.08,2053.84,5394532.8639
1645362000000,2022-02-20T13:00:00+00:00,2623.08,2629.4,2617.93,2623.83,3112.36,8170280.6186
1645362900000,2022-02-20T13:15:00+00:00,2623.83,2637.51,2622.49,2628.87,1401.07,3683987.7208
1645363800000,2022-02-20T13:30:00+00:00,2628.83,2638.35,2626.75,2636.85,914.61,2408130.1898
1645364700000,2022-02-20T13:45:00+00:00,2636.85,2640.24,2627.13,2628.01,663.32,1747386.5472
1645365600000,2022-02-20T14:00:00+00:00,2628.01,2635.42,2622.1,2622.17,1320.74,3471354.0695
1645366500000,2022-02-20T14:15:00+00:00,2622.17,2634.7,2599.51,2626.48,3746.09,9802166.3326
1645367400000,2022-02-20T14:30:00+00:00,2626.48,2629.68,2613.05,2622.6,1383.13,3625875.4138
1645368300000,2022-02-20T14:45:00+00:00,2622.6,2627.79,2609.82,2625.17,1651.1,4322071.7237
1645369200000,2022-02-20T15:00:00+00:00,2625.17,2638.73,2623,2630.65,1359.87,3578154.966
1645370100000,2022-02-20T15:15:00+00:00,2630.65,2638.11,2624.96,2630.11,612.79,1612859.4859
1645371000000,2022-02-20T15:30:00+00:00,2630.11,2648.14,2625.86,2643.44,1206.28,3187075.131
1645371900000,2022-02-20T15:45:00+00:00,2643.44,2661.35,2637.69,2651.54,1855.6,4920982.5716
1645372800000,2022-02-20T16:00:00+00:00,2651.54,2670.47,2648.9,2670.47,2775.04,7382613.3611
1645373700000,2022-02-20T16:15:00+00:00,2670.03,2673.87,2653.85,2655.66,2013.87,5366768.2211
1645374600000,2022-02-20T16:30:00+00:00,2655.66,2655.73,2630.39,2633.61,2227.72,5894415.7318
1645375500000,2022-02-20T16:45:00+00:00,2633.61,2651.24,2632.75,2643.54,871.43,2304425.9028
1645376400000,2022-02-20T17:00:00+00:00,2643.54,2656.99,2640.61,2655.23,1315.25,3486560.0704
1645377300000,2022-02-20T17:15:00+00:00,2655.23,2658.5,2642.52,2643.26,828.93,2197610.4497
1645378200000,2022-02-20T17:30:00+00:00,2643.26,2651.45,2637.1,2647.72,680.01,1796389.533
1645379100000,2022-02-20T17:45:00+00:00,2647.72,2652.17,2643.15,2645.4,519.55,1375916.479
1645380000000,2022-02-20T18:00:00+00:00,2645.4,2660.53,2638.84,2659.29,877.15,2322458.2573
1645380900000,2022-02-20T18:15:00+00:00,2659.29,2659.29,2647.33,2651.32,567.1,1504150.6914
1645381800000,2022-02-20T18:30:00+00:00,2651.32,2668.11,2649.92,2661.74,1259.24,3353073.9045
1645382700000,2022-02-20T18:45:00+00:00,2661.74,2667.87,2659.56,2661.93,451.24,1202173.5183
1645383600000,2022-02-20T19:00:00+00:00,2661.93,2661.93,2651.96,2655.19,505.14,1341714.8989
1645384500000,2022-02-20T19:15:00+00:00,2655.19,2655.55,2644.88,2650.3,424.05,1124300.768
1645385400000,2022-02-20T19:30:00+00:00,2650.3,2653.51,2643.75,2646.18,732.49,1937974.9912
1645386300000,2022-02-20T19:45:00+00:00,2646.18,2650.42,2644.35,2648.31,224.04,593140.2094
1645387200000,2022-02-20T20:00:00+00:00,2648.31,2649.11,2626.38,2630.75,1150.83,3030220.0107
1645388100000,2022-02-20T20:15:00+00:00,2630.75,2634.59,2621.87,2624.98,796.3,2094713.3396
1645389000000,2022-02-20T20:30:00+00:00,2624.98,2633.17,2622.12,2631.59,704.53,1851108.867
1645389900000,2022-02-20T20:45:00+00:00,2631.59,2631.82,2623.32,2624.48,1210,3179720.0143
1645390800000,2022-02-20T21:00:00+00:00,2624.48,2632.88,2603.72,2605.08,1516.54,3965749.0978
1645391700000,2022-02-20T21:15:00+00:00,2605.08,2605.71,2583.5,2584.6,2311.1,5998948.399
1645392600000,2022-02-20T21:30:00+00:00,2584.6,2591.13,2574.39,2581.11,2072.84,5355237.8304
1645393500000,2022-02-20T21:45:00+00:00,2581.11,2597.96,2579.9,2597.36,1137.41,2947132.8366
1645394400000,2022-02-20T22:00:00+00:00,2597.36,2619.65,2597.27,2608.1,1860.84,4855407.2846
1645395300000,2022-02-20T22:15:00+00:00,2608.1,2619.54,2608.06,2616.95,856.08,2237532.914
1645396200000,2022-02-20T22:30:00+00:00,2616.95,2616.98,2610.99,2614.08,662.54,1731858.9886
1645397100000,2022-02-20T22:45:00+00:00,2614.08,2655.19,2613.64,2651.47,1729.86,4562011.61
1645398000000,2022-02-20T23:00:00+00:00,2651.47,2664.01,2640.39,2648.46,2362.97,6268455.5047
1645398900000,2022-02-20T23:15:00+00:00,2648.46,2648.51,2630.59,2636.12,1821.74,4803679.7984
1645399800000,2022-02-20T23:30:00+00:00,2636.12,2649.67,2633.01,2643.86,1339.12,3539986.628
1645400700000,2022-02-20T23:45:00+00:00,2643.86,2643.86,2617.67,2621.13,1691.43,4446696.8691
1645401600000,2022-02-21T00:00:00+00:00,2621.13,2632.73,2604.55,2630.28,2096.6,5488706.5814
1645402500000,2022-02-21T00:15:00+00:00,2630.28,2633.98,2620.91,2622.38,1481.95,3893731.8818
1645403400000,2022-02-21T00:30:00+00:00,2622.38,2635.99,2621.32,2635.78,896.34,2357253.4263
1645404300000,2022-02-21T00:45:00+00:00,2635.78,2669.29,2628.28,2667.23,2022.33,5356697.1379
1645405200000,2022-02-21T01:00:00+00:00,2667.23,2712.6,2655.93,2710.05,4806.69,12927335.4591
1645406100000,2022-02-21T01:15:00+00:00,2710.05,2718.46,2701.54,2709.29,1950.04,5283262.5148
1645407000000,2022-02-21T01:30:00+00:00,2709.29,2732.23,2707.54,2722.18,3016.3,8213615.847
1645407900000,2022-02-21T01:45:00+00:00,2722.18,2730.4,2711.15,2712.24,2039.21,5549008.9883
1645408800000,2022-02-21T02:00:00+00:00,2712.24,2720.26,2710.59,2713.81,1376.06,3734082.5623
1645409700000,2022-02-21T02:15:00+00:00,2713.81,2721.88,2713.53,2720.6,1032.58,2806145.7642
1645410600000,2022-02-21T02:30:00+00:00,2720.6,2726.12,2717.79,2720,1218.76,3317944.3029
1645411500000,2022-02-21T02:45:00+00:00,2720,2729.8,2718.52,2720.58,1318.33,3593302.1185
1645412400000,2022-02-21T03:00:00+00:00,2720.58,2729.25,2719.79,2728.99,1077.98,2935294.6459
1645413300000,2022-02-21T03:15:00+00:00,2728.99,2738.57,2721.24,2721.29,2224.66,6072269.204
1645414200000,2022-02-21T03:30:00+00:00,2721.29,2724.05,2706.26,2712.02,2441.37,6622958.4668
1645415100000,2022-02-21T03:45:00+00:00,2712.02,2714.27,2703.78,2709.96,939.34,2544519.8699
1645416000000,2022-02-21T04:00:00+00:00,2709.82,2724.49,2709.58,2721.24,1181.77,3214381.8142
1645416900000,2022-02-21T04:15:00+00:00,2721.24,2723.54,2716.06,2716.39,798.85,2171893.283
1645417800000,2022-02-21T04:30:00+00:00,2716.39,2728.14,2716.39,2720.41,830.8,2262273.7733
1645418700000,2022-02-21T04:45:00+00:00,2720.41,2748.67,2720.41,2742.53,3160.33,8655818.4067
1645419600000,2022-02-21T05:00:00+00:00,2742.53,2744.14,2737.23,2738.17,1889.51,5177311.038
1645420500000,2022-02-21T05:15:00+00:00,2738.17,2754.59,2735.57,2744.34,3016.27,8279826.5064
1645421400000,2022-02-21T05:30:00+00:00,2744.34,2745.81,2736.52,2737.89,2292.19,6280873.7348
1645422300000,2022-02-21T05:45:00+00:00,2737.89,2741,2732.67,2735.8,2147.38,5874470.1826
1645423200000,2022-02-21T06:00:00+00:00,2735.8,2739.05,2725.92,2734.29,1872.96,5120328.5858
1645424100000,2022-02-21T06:15:00+00:00,2734.29,2739.24,2732.34,2739.06,1886.11,5162027.4062
1645425000000,2022-02-21T06:30:00+00:00,2739.06,2741.49,2732.42,2734.53,620.73,1699265.4124
1645425900000,2022-02-21T06:45:00+00:00,2734.53,2741.27,2734.53,2740.04,758.93,2078235.177
1645426800000,2022-02-21T07:00:00+00:00,2740.04,2743.32,2730.72,2736.25,1463.06,4002432.6581
1645427700000,2022-02-21T07:15:00+00:00,2736.25,2751.73,2732.96,2751.27,1455.61,3995461.6717
1645428600000,2022-02-21T07:30:00+00:00,2751.27,2753.49,2734.25,2740.15,1492.7,4093643.4766
1645429500000,2022-02-21T07:45:00+00:00,2740.15,2749.31,2737.54,2746.28,1580.91,4337810.5744
1645430400000,2022-02-21T08:00:00+00:00,2746.28,2758,2742.87,2749.19,1526.51,4199178.2153
1645431300000,2022-02-21T08:15:00+00:00,2749.19,2750.63,2732.72,2737,1327.32,3635206.0655
1645432200000,2022-02-21T08:30:00+00:00,2737,2741.16,2723.08,2724.95,1623.68,4434009.8027
1645433100000,2022-02-21T08:45:00+00:00,2724.95,2727.64,2716.8,2721.3,1681.33,4579187.9255
1645434000000,2022-02-21T09:00:00+00:00,2721.33,2724.69,2712.12,2718.86,4207.43,11435183.715
1645434900000,2022-02-21T09:15:00+00:00,2718.86,2732.39,2715.47,2725.25,2301.34,6266857.5733
1645435800000,2022-02-21T09:30:00+00:00,2725.25,2727.99,2718.33,2725.16,2087.26,5686190.9933
1645436700000,2022-02-21T09:45:00+00:00,2725.16,2726.83,2707.09,2712.68,2457.87,6674223.2563
1645437600000,2022-02-21T10:00:00+00:00,2712.68,2719.97,2705.24,2709.62,2544.85,6907192.6915
1645438500000,2022-02-21T10:15:00+00:00,2709.62,2709.8,2681.57,2689.58,6784,18300006.792
1645439400000,2022-02-21T10:30:00+00:00,2689.58,2690.72,2666.34,2678.72,4620.57,12379125.2042
1645440300000,2022-02-21T10:45:00+00:00,2678.72,2685.09,2673.85,2678.93,2675.97,7171834.1338
1645441200000,2022-02-21T11:00:00+00:00,2678.93,2690.24,2672.66,2680.45,2238.99,6005641.5625
1645442100000,2022-02-21T11:15:00+00:00,2680.45,2687.03,2670.46,2671.8,2293.55,6146652.8284
1645443000000,2022-02-21T11:30:00+00:00,2671.8,2677.42,2619.02,2622.68,6972.93,18422568.0787
1645443900000,2022-02-21T11:45:00+00:00,2622.68,2629.62,2604.19,2626.3,7962.65,20826546.661
1645444800000,2022-02-21T12:00:00+00:00,2626.3,2634.45,2613.28,2618.62,5066.21,13287119.4895
1645445700000,2022-02-21T12:15:00+00:00,2618.62,2628.79,2599.92,2620.3,4414.46,11541828.8713
1645446600000,2022-02-21T12:30:00+00:00,2620.3,2629.68,2605.34,2610.2,2296.28,6009752.5979
1645447500000,2022-02-21T12:45:00+00:00,2610.2,2614.15,2590.75,2608.67,4150.92,10800393.9635
1645448400000,2022-02-21T13:00:00+00:00,2608.67,2617.17,2580.42,2616.15,4801.89,12471291.3408
1645449300000,2022-02-21T13:15:00+00:00,2617.17,2622.64,2591.33,2595.22,4162.95,10840215.0825
1645450200000,2022-02-21T13:30:00+00:00,2595.22,2608.43,2588.14,2599.52,2872.68,7467825.7035
1645451100000,2022-02-21T13:45:00+00:00,2599.52,2612.99,2592.26,2606.51,2677.84,6966980.5337
1645452000000,2022-02-21T14:00:00+00:00,2606.51,2644.35,2595.27,2635.82,5005.7,13132588.7719
1645452900000,2022-02-21T14:15:00+00:00,2635.82,2725.78,2633.12,2710.19,14941.38,40282669.9877
1645453800000,2022-02-21T14:30:00+00:00,2710.19,2715.94,2685.31,2691.45,7276.15,19620984.602
1645454700000,2022-02-21T14:45:00+00:00,2691.45,2708.42,2689.61,2701.59,2964.09,8004896.3936
1645455600000,2022-02-21T15:00:00+00:00,2701.59,2745.43,2700.31,2733,6502.65,17715442.1563
1645456500000,2022-02-21T15:15:00+00:00,2733.36,2749.55,2713.99,2719.84,5653.92,15430773.8003
1645457400000,2022-02-21T15:30:00+00:00,2719.84,2739.11,2715.96,2731.28,2954.32,8061020.2599
1645458300000,2022-02-21T15:45:00+00:00,2731.28,2735.68,2714.92,2722.97,2591.29,7050964.8524
1645459200000,2022-02-21T16:00:00+00:00,2722.97,2735.42,2719.72,2726.05,2503.55,6829378.696
1645460100000,2022-02-21T16:15:00+00:00,2726.05,2743.75,2705.69,2710.32,2977.71,8111901.0055
1645461000000,2022-02-21T16:30:00+00:00,2710.32,2722.9,2706.04,2722.61,2188.22,5941519.9398
1645461900000,2022-02-21T16:45:00+00:00,2722.61,2726.77,2703.15,2709.92,1409.64,3824856.4754
1645462800000,2022-02-21T17:00:00+00:00,2709.92,2723.91,2706.69,2720.62,1642.07,4457576.6901
1645463700000,2022-02-21T17:15:00+00:00,2720.62,2731.22,2713.6,2727.54,1452.2,3955038.8756
1645464600000,2022-02-21T17:30:00+00:00,2727.53,2730,2704.3,2704.31,1154.79,3135669.7555
1645465500000,2022-02-21T17:45:00+00:00,2704.31,2704.73,2691.54,2694.57,3047.84,8223274.6351
1645466400000,2022-02-21T18:00:00+00:00,2694.57,2703.73,2643.61,2644.4,3286,8748342.6113
1645467300000,2022-02-21T18:15:00+00:00,2644.4,2648.95,2606.66,2613.31,3173.31,8327961.279
1645468200000,2022-02-21T18:30:00+00:00,2613.86,2626.61,2607.81,2624.09,2228.53,5835418.9594
1645469100000,2022-02-21T18:45:00+00:00,2624.09,2703.6,2620.47,2639.31,5672.5,15083412.8209
1645470000000,2022-02-21T19:00:00+00:00,2639.31,2660.35,2615.95,2631.49,3235,8521262.9973
1645470900000,2022-02-21T19:15:00+00:00,2631.49,2638.58,2617.4,2634.16,1920.31,5048757.9424
1645471800000,2022-02-21T19:30:00+00:00,2634.16,2659.14,2618.14,2637.42,2150.62,5683087.0881
1645472700000,2022-02-21T19:45:00+00:00,2637.42,2656.14,2629.38,2652.23,1350.85,3571379.4526
1645473600000,2022-02-21T20:00:00+00:00,2652.23,2657.43,2642.88,2646.72,690.61,1830860.9512
1645474500000,2022-02-21T20:15:00+00:00,2646.72,2647.46,2627.91,2639.72,1043.53,2754705.8832
1645475400000,2022-02-21T20:30:00+00:00,2639.72,2665.51,2636.33,2659.86,716.87,1900828.4907
1645476300000,2022-02-21T20:45:00+00:00,2659.86,2661.72,2645.57,2650.93,620.03,1644809.9257
1645477200000,2022-02-21T21:00:00+00:00,2650.93,2655.46,2637.61,2652.72,439.32,1162656.5176
1645478100000,2022-02-21T21:15:00+00:00,2652.72,2675.45,2649.16,2653.31,888.58,2362192.9309
1645479000000,2022-02-21T21:30:00+00:00,2653.31,2655.26,2611.76,2619.63,1422.44,3753811.1429
1645479900000,2022-02-21T21:45:00+00:00,2619.63,2628.2,2573.83,2580,4401.36,11430306.1733
1645480800000,2022-02-21T22:00:00+00:00,2580,2627.54,2566.7,2608.32,4448.22,11526425.2454
1645481700000,2022-02-21T22:15:00+00:00,2608.32,2633.4,2583.91,2587.87,2583.74,6742717.981
1645482600000,2022-02-21T22:30:00+00:00,2587.87,2614.49,2587.76,2595.67,1707.9,4447613.7452
1645483500000,2022-02-21T22:45:00+00:00,2595.67,2639.67,2595.05,2617.58,2418.67,6330974.9129
1645484400000,2022-02-21T23:00:00+00:00,2617.58,2629.34,2598.59,2607.91,2285.11,5975959.4014
1645485300000,2022-02-21T23:15:00+00:00,2607.91,2611.8,2566.19,2582.79,2856.84,7391714.9079
1645486200000,2022-02-21T23:30:00+00:00,2582.79,2596.27,2564.74,2570.31,3730.82,9615446.9121
1645487100000,2022-02-21T23:45:00+00:00,2570.31,2585.07,2557.58,2567.85,4266.52,10962551.6642
1645488000000,2022-02-22T00:00:00+00:00,2567.85,2583.37,2551.73,2578,4882.48,12539798.4676
1645488900000,2022-02-22T00:15:00+00:00,2578,2585.62,2561.27,2580.72,3065.99,7898502.5321
1645489800000,2022-02-22T00:30:00+00:00,2580.72,2606.57,2578.01,2601.18,3211.75,8325176.6102
1645490700000,2022-02-22T00:45:00+00:00,2601.18,2606.87,2590.78,2596.44,1550.24,4025816.1602
1645491600000,2022-02-22T01:00:00+00:00,2596.44,2599.79,2578.2,2580.32,1507.51,3903326.6788
1645492500000,2022-02-22T01:15:00+00:00,2580.32,2587.24,2566.92,2570.24,1893.27,4876660.6778
1645493400000,2022-02-22T01:30:00+00:00,2570.24,2621.84,2567.03,2609.88,4364.27,11354311.9319
1645494300000,2022-02-22T01:45:00+00:00,2609.88,2610.52,2591.18,2601.29,2245.28,5835963.3853
1645495200000,2022-02-22T02:00:00+00:00,2601.29,2601.48,2575.39,2582.23,2063.7,5338182.9714
1645496100000,2022-02-22T02:15:00+00:00,2582.23,2589.97,2565.56,2566.57,1820.58,4695309.362
1645497000000,2022-02-22T02:30:00+00:00,2566.59,2578.83,2564.99,2578.08,1597.01,4110641.5308
1645497900000,2022-02-22T02:45:00+00:00,2578.08,2580.31,2567.18,2576.54,1415.36,3643148.0033
1645498800000,2022-02-22T03:00:00+00:00,2576.54,2577.87,2521.56,2524,6308,16041194.6276
1645499700000,2022-02-22T03:15:00+00:00,2523.16,2536.58,2519.31,2534.35,3890.41,9833211.1781
1645500600000,2022-02-22T03:30:00+00:00,2534.35,2534.57,2512.88,2520.93,3998.29,10092993.1857
1645501500000,2022-02-22T03:45:00+00:00,2520.93,2523.99,2507,2518.71,1937.22,4873628.4164
1645502400000,2022-02-22T04:00:00+00:00,2518.71,2533.13,2511.57,2531.9,3418.81,8631078.8103
1645503300000,2022-02-22T04:15:00+00:00,2531.9,2532.05,2515.03,2521.93,4557.1,11493327.3933
1645504200000,2022-02-22T04:30:00+00:00,2521.93,2528.93,2518,2526.86,1757.37,4434697.0253
1645505100000,2022-02-22T04:45:00+00:00,2526.86,2539.87,2508.56,2509.81,3426.88,8643425.9153
1645506000000,2022-02-22T05:00:00+00:00,2509.81,2520.97,2509.28,2510.47,2888.7,7264447.904
1645506900000,2022-02-22T05:15:00+00:00,2510.47,2527.59,2506.67,2527.06,1389.42,3497908.2279
1645507800000,2022-02-22T05:30:00+00:00,2527.06,2529.72,2514.31,2525.18,923.85,2330076.1492
1645508700000,2022-02-22T05:45:00+00:00,2525.18,2546.8,2497.34,2501.46,6068.01,15258869.5063
1645509600000,2022-02-22T06:00:00+00:00,2501.46,2513.17,2499.1,2512.11,5132.32,12867334.7809
1645510500000,2022-02-22T06:15:00+00:00,2512.11,2516.24,2501.9,2507.86,1832.01,4598529.4312
1645511400000,2022-02-22T06:30:00+00:00,2507.86,2527.69,2502.57,2513.16,1833.9,4613879.8798
1645512300000,2022-02-22T06:45:00+00:00,2513.16,2532.79,2513.15,2528.04,1612.03,4068426.7737
1645513200000,2022-02-22T07:00:00+00:00,2528.04,2535.11,2517.9,2517.9,1195.09,3021343.399
1645514100000,2022-02-22T07:15:00+00:00,2518.13,2520.6,2505.4,2517.86,1886.15,4741365.0036
1645515000000,2022-02-22T07:30:00+00:00,2517.86,2523.99,2509.09,2519.29,872.44,2196140.091
1645515900000,2022-02-22T07:45:00+00:00,2519.29,2528.99,2513.61,2514.18,1085.96,2740214.9496
1645516800000,2022-02-22T08:00:00+00:00,2514.18,2538.39,2513.73,2530.02,3390.32,8580768.2193
1645517700000,2022-02-22T08:15:00+00:00,2530.02,2542.53,2526.29,2538.67,2124.68,5384092.8274
1645518600000,2022-02-22T08:30:00+00:00,2538.38,2543.22,2529.08,2537.1,1439.75,3651575.2977
1645519500000,2022-02-22T08:45:00+00:00,2537.1,2553.56,2529.01,2548.06,2689.19,6839424.5871
1645520400000,2022-02-22T09:00:00+00:00,2548.06,2550.76,2538.29,2548.6,1939.1,4935603.5509
1645521300000,2022-02-22T09:15:00+00:00,2548.6,2548.6,2534.59,2536.53,2141.79,5440145.4678
1645522200000,2022-02-22T09:30:00+00:00,2536.53,2556.55,2536.53,2548.46,2488.9,6342781.4962
1645523100000,2022-02-22T09:45:00+00:00,2548.46,2553.85,2541.9,2543.62,1370,3490008.1161
1645524000000,2022-02-22T10:00:00+00:00,2543.62,2557.83,2538.18,2554.72,1398.7,3562143.8525
1645524900000,2022-02-22T10:15:00+00:00,2554.72,2588.71,2553.74,2582.02,5452.95,14017847.7636
1645525800000,2022-02-22T10:30:00+00:00,2582.02,2602.83,2572.86,2591.02,4855.55,12572620.9162
1645526700000,2022-02-22T10:45:00+00:00,2591.02,2603.13,2583.5,2593.87,3291.7,8536241.4156
1645527600000,2022-02-22T11:00:00+00:00,2593.87,2602.79,2584.23,2586.02,2791.97,7233916.6523
1645528500000,2022-02-22T11:15:00+00:00,2586.02,2592.4,2579.44,2581.77,2087.17,5396202.7614
1645529400000,2022-02-22T11:30:00+00:00,2581.77,2592.1,2576.17,2590.91,2558.54,6606528.8102
1645530300000,2022-02-22T11:45:00+00:00,2590.91,2597.42,2585.85,2587.59,1988.64,5151996.1853
1645531200000,2022-02-22T12:00:00+00:00,2587.59,2600,2566.25,2599.93,4065.94,10485435.4982
1645532100000,2022-02-22T12:15:00+00:00,2599.93,2622.44,2594.81,2610.69,5314.96,13871730.266
1645533000000,2022-02-22T12:30:00+00:00,2610.69,2613.34,2592,2600.2,2558.22,6655275.3875
1645533900000,2022-02-22T12:45:00+00:00,2600.2,2604.34,2594.48,2603.03,1206.17,3134912.3698
1645534800000,2022-02-22T13:00:00+00:00,2603.03,2605,2583.76,2584.22,2530.71,6559281.9149
1645535700000,2022-02-22T13:15:00+00:00,2584.22,2593.01,2575.93,2582.67,2348.94,6068004.9077
1645536600000,2022-02-22T13:30:00+00:00,2582.67,2594.21,2582.67,2592.8,797.68,2065210.5713
1645537500000,2022-02-22T13:45:00+00:00,2592.8,2622.38,2587.91,2611.9,3115.74,8116107.2618
1645538400000,2022-02-22T14:00:00+00:00,2611.9,2615.46,2592.01,2592.94,2373.49,6181774.2277
1645539300000,2022-02-22T14:15:00+00:00,2592.94,2594.96,2581.75,2585.88,3286.3,8504905.8726
1645540200000,2022-02-22T14:30:00+00:00,2585.88,2613.68,2568.7,2607.02,6161.93,15991799.2514
1645541100000,2022-02-22T14:45:00+00:00,2607.02,2659.12,2605.4,2644.24,7864.67,20740204.9295
1645542000000,2022-02-22T15:00:00+00:00,2644.24,2644.57,2627.58,2640.61,3647.8,9613681.1465
1645542900000,2022-02-22T15:15:00+00:00,2640.61,2665.41,2635.6,2651.08,3365.28,8915774.0883
1645543800000,2022-02-22T15:30:00+00:00,2651.08,2651.24,2623.69,2631.01,3156.39,8324598.788
1645544700000,2022-02-22T15:45:00+00:00,2631.01,2634,2617.73,2624.38,2029.25,5324940.8708
1645545600000,2022-02-22T16:00:00+00:00,2624.38,2633.65,2593.76,2594.97,5048.2,13194379.4219
1645546500000,2022-02-22T16:15:00+00:00,2594.97,2606.31,2586.14,2596.49,7843.61,20339177.8175
1645547400000,2022-02-22T16:30:00+00:00,2596.49,2603.51,2587.79,2595.43,1452.56,3769157.3169
1645548300000,2022-02-22T16:45:00+00:00,2595.43,2610.74,2590.06,2601.47,2231.68,5802753.0522
1645549200000,2022-02-22T17:00:00+00:00,2601.47,2612.07,2590.93,2593.38,1670.52,4349858.5098
1645550100000,2022-02-22T17:15:00+00:00,2593.38,2596.73,2581.76,2588.57,1580.89,4092314.9994
1645551000000,2022-02-22T17:30:00+00:00,2588.57,2603.47,2585.43,2597.77,1182.28,3070802.2929
1645551900000,2022-02-22T17:45:00+00:00,2597.77,2604.18,2590.41,2593.64,1077.28,2796957.9421
1645552800000,2022-02-22T18:00:00+00:00,2593.64,2599.48,2583.66,2597.39,816.82,2118013.4259
1645553700000,2022-02-22T18:15:00+00:00,2597.39,2597.39,2584.78,2589.19,438.16,1135224.4717
1645554600000,2022-02-22T18:30:00+00:00,2589.19,2614.2,2584.74,2603.77,4629.26,12015588.4532
1645555500000,2022-02-22T18:45:00+00:00,2603.77,2605.14,2588.88,2592.36,673.57,1748582.9098
1645556400000,2022-02-22T19:00:00+00:00,2592.36,2599.54,2578.93,2598.38,735.89,1904374.8747
1645557300000,2022-02-22T19:15:00+00:00,2598.38,2616.51,2586.08,2599.39,1178.69,3067229.2158
1645558200000,2022-02-22T19:30:00+00:00,2599.39,2629.46,2594.96,2605.91,1252.7,3279498.1922
1645559100000,2022-02-22T19:45:00+00:00,2605.91,2639.77,2601.21,2631.82,1563.43,4102172.3978
1645560000000,2022-02-22T20:00:00+00:00,2631.82,2644.2,2625.54,2630.18,1777.84,4688281.8029
1645560900000,2022-02-22T20:15:00+00:00,2630.18,2636.5,2610.96,2616.12,1153.16,3022345.1122
1645561800000,2022-02-22T20:30:00+00:00,2616.12,2616.12,2593.87,2599.26,1105.19,2879639.841
1645562700000,2022-02-22T20:45:00+00:00,2599.26,2603.76,2590.49,2600.68,912.85,2371106.9183
1645563600000,2022-02-22T21:00:00+00:00,2600.68,2619.34,2600.68,2617.68,888.34,2320787.905
1645564500000,2022-02-22T21:15:00+00:00,2617.68,2620.2,2608.8,2618.41,349.21,912575.2774
1645565400000,2022-02-22T21:30:00+00:00,2618.41,2621.05,2606.81,2617.55,615.36,1609222.4962
1645566300000,2022-02-22T21:45:00+00:00,2617.55,2617.87,2601.37,2605.79,488.27,1274188.9849
1645567200000,2022-02-22T22:00:00+00:00,2605.79,2613.5,2602.25,2604.57,690.19,1800339.6303
1645568100000,2022-02-22T22:15:00+00:00,2604.57,2605.07,2592.07,2594.77,1210.6,3145410.5943
1645569000000,2022-02-22T22:30:00+00:00,2594.77,2604.12,2591.56,2601.92,1228.35,3189571.2978
1645569900000,2022-02-22T22:45:00+00:00,2601.92,2609.44,2596.99,2603.84,676.1,1760819.2916
1645570800000,2022-02-22T23:00:00+00:00,2603.84,2619.6,2602.28,2619.21,643.09,1679097.8213
1645571700000,2022-02-22T23:15:00+00:00,2619.21,2634,2615.64,2629.38,1050.19,2754967.7384
1645572600000,2022-02-22T23:30:00+00:00,2629.38,2654.93,2622.56,2651.48,1619.93,4271528.2849
1645573500000,2022-02-22T23:45:00+00:00,2651.48,2655.24,2632.99,2636.48,1265.69,3342978.7515
1645574400000,2022-02-23T00:00:00+00:00,2636.48,2653.5,2629.3,2647.75,1792.35,4738584.7795
1645575300000,2022-02-23T00:15:00+00:00,2647.75,2653.51,2636.2,2636.28,1360.73,3592771.1393
1645576200000,2022-02-23T00:30:00+00:00,2636.28,2636.28,2619.49,2628.3,1435.44,3771093.8593
1645577100000,2022-02-23T00:45:00+00:00,2628.3,2636.99,2624.34,2624.93,944.65,2483969.644
1645578000000,2022-02-23T01:00:00+00:00,2624.93,2626.15,2612.54,2621.18,1161.76,3042778.914
1645578900000,2022-02-23T01:15:00+00:00,2621.18,2625.79,2618.03,2624.95,460.53,1207769.2646
1645579800000,2022-02-23T01:30:00+00:00,2624.95,2624.96,2610.74,2614.84,848.38,2220064.5622
1645580700000,2022-02-23T01:45:00+00:00,2614.84,2623.61,2608.65,2621.48,886.81,2320781.6797
1645581600000,2022-02-23T02:00:00+00:00,2621.48,2651.57,2617.27,2651,1721.38,4536690.3566
1645582500000,2022-02-23T02:15:00+00:00,2651,2652.32,2613.9,2619.26,2331.52,6138971.5477
1645583400000,2022-02-23T02:30:00+00:00,2619.26,2621.37,2601.34,2607.66,1593.85,4164339.4125
1645584300000,2022-02-23T02:45:00+00:00,2607.66,2614.07,2597.04,2614.05,1689.58,4407240.2886
1645585200000,2022-02-23T03:00:00+00:00,2614.05,2617.64,2606.58,2612.35,1191.64,3114348.0946
1645586100000,2022-02-23T03:15:00+00:00,2612.35,2617.12,2607.75,2616.56,1205.36,3147004.8529
1645587000000,2022-02-23T03:30:00+00:00,2616.56,2619.91,2612.13,2618.45,885.93,2318226.423
1645587900000,2022-02-23T03:45:00+00:00,2618.45,2623.75,2611.34,2623.48,735.36,1924501.3432
1645588800000,2022-02-23T04:00:00+00:00,2623.48,2639.98,2618.78,2634.62,1492.46,3922193.7459
1645589700000,2022-02-23T04:15:00+00:00,2634.62,2640.64,2626.1,2626.11,1555.96,4100257.7598
1645590600000,2022-02-23T04:30:00+00:00,2626.11,2657.28,2626.09,2656.96,2566.71,6784825.4754
1645591500000,2022-02-23T04:45:00+00:00,2656.96,2659.4,2642,2649.15,1413.23,3745120.4095
1645592400000,2022-02-23T05:00:00+00:00,2649.15,2663.97,2644.71,2651.57,2271.22,6031863.042
1645593300000,2022-02-23T05:15:00+00:00,2651.57,2654.37,2641.11,2650.56,1134.6,3002727.3298
1645594200000,2022-02-23T05:30:00+00:00,2650.56,2658.99,2642.7,2645.26,1080.36,2862534.5219
1645595100000,2022-02-23T05:45:00+00:00,2645.26,2663.15,2642.35,2654.95,1747.9,4635602.366
1645596000000,2022-02-23T06:00:00+00:00,2654.95,2673.62,2654.51,2667.75,2709.79,7224171.0421
1645596900000,2022-02-23T06:15:00+00:00,2667.75,2669.79,2658.22,2662.25,932.35,2484028.517
1645597800000,2022-02-23T06:30:00+00:00,2662.25,2670.47,2658.25,2660.05,1204.57,3207695.7308
1645598700000,2022-02-23T06:45:00+00:00,2660.05,2662.15,2653.8,2657.64,960.64,2552954.8225
1645599600000,2022-02-23T07:00:00+00:00,2657.64,2673.43,2654.96,2672.82,1553.02,4139378.7545
1645600500000,2022-02-23T07:15:00+00:00,2672.82,2676.37,2664.43,2667.16,1331.36,3556338.394
1645601400000,2022-02-23T07:30:00+00:00,2667.16,2687.45,2665,2685.52,2031.23,5447137.8387
1645602300000,2022-02-23T07:45:00+00:00,2685.52,2696.68,2680.7,2693.93,1742.53,4684547.8958
1645603200000,2022-02-23T08:00:00+00:00,2693.93,2698.57,2684.36,2688.48,1991.09,5356405.2706
1645604100000,2022-02-23T08:15:00+00:00,2688.48,2720.81,2680.81,2715.32,5556.54,15021748.5318
1645605000000,2022-02-23T08:30:00+00:00,2715.32,2716.96,2703.25,2710.35,2445.97,6626149.9997
1645605900000,2022-02-23T08:45:00+00:00,2710.35,2711.66,2695.53,2701.47,1706.49,4610720.5887
1645606800000,2022-02-23T09:00:00+00:00,2701.47,2721.14,2697.8,2716.53,1937.07,5253705.7138
1645607700000,2022-02-23T09:15:00+00:00,2716.53,2719.99,2710.42,2713.92,2327.06,6317302.7515
1645608600000,2022-02-23T09:30:00+00:00,2713.92,2722.34,2710.71,2710.77,1220.79,3317086.678
1645609500000,2022-02-23T09:45:00+00:00,2710.77,2715.49,2707.5,2712.71,1520.58,4123102.127
1645610400000,2022-02-23T10:00:00+00:00,2712.71,2716.42,2699.9,2702.9,1322.55,3577160.225
1645611300000,2022-02-23T10:15:00+00:00,2702.9,2717.47,2702.67,2710.38,999,2708997.5997
1645612200000,2022-02-23T10:30:00+00:00,2710.38,2723,2710.38,2711.46,1251.04,3398767.5662
1645613100000,2022-02-23T10:45:00+00:00,2711.46,2716.82,2706.98,2716.69,523.55,1419435.6256
1645614000000,2022-02-23T11:00:00+00:00,2716.69,2722.06,2703.5,2710.32,1614.31,4377949.9017
1645614900000,2022-02-23T11:15:00+00:00,2710.32,2730.19,2708.79,2725.96,1520.44,4138861.0788
1645615800000,2022-02-23T11:30:00+00:00,2725.96,2733.63,2720.76,2731.16,1161.15,3167100.7188
1645616700000,2022-02-23T11:45:00+00:00,2731.16,2738.08,2715.34,2718.95,2112.99,5753946.8449
1645617600000,2022-02-23T12:00:00+00:00,2718.95,2725.37,2716.13,2720.47,1280.46,3482918.4686
1645618500000,2022-02-23T12:15:00+00:00,2720.47,2731.12,2720.12,2727.21,896.3,2444478.5476
1645619400000,2022-02-23T12:30:00+00:00,2727.21,2744.7,2724.1,2743.22,2096.27,5738589.2647
1645620300000,2022-02-23T12:45:00+00:00,2743.22,2748.95,2734.09,2740.18,2092.36,5737613.2925
1645621200000,2022-02-23T13:00:00+00:00,2740.18,2752.51,2734.54,2747.59,1649.01,4525439.8054
1645622100000,2022-02-23T13:15:00+00:00,2747.59,2751.58,2730.86,2735.92,2293.68,6280017.137
1645623000000,2022-02-23T13:30:00+00:00,2735.84,2736.25,2727.76,2732.88,963.05,2630951.6227
1645623900000,2022-02-23T13:45:00+00:00,2732.88,2735,2725.81,2730.55,1083.41,2956643.5905
1645624800000,2022-02-23T14:00:00+00:00,2730.55,2733.59,2714.86,2717.22,1941.54,5286294.5855
1645625700000,2022-02-23T14:15:00+00:00,2717.22,2730.32,2716.74,2726.26,855.76,2331442.1508
1645626600000,2022-02-23T14:30:00+00:00,2726.26,2737.09,2718.52,2728.16,1473.1,4019975.314
1645627500000,2022-02-23T14:45:00+00:00,2728.16,2735.19,2702.82,2706.42,5263.1,14271851.5738
1645628400000,2022-02-23T15:00:00+00:00,2706.42,2708.02,2693.25,2703.8,3505.62,9465366.6716
1645629300000,2022-02-23T15:15:00+00:00,2703.8,2705.36,2686.5,2687.71,4473.66,12068616.8545
1645630200000,2022-02-23T15:30:00+00:00,2687.71,2697.78,2685.56,2689.52,1336.07,3597636.1172
1645631100000,2022-02-23T15:45:00+00:00,2689.52,2696.72,2684.15,2688.79,1011.27,2720853.4658
1645632000000,2022-02-23T16:00:00+00:00,2688.79,2697.63,2676.88,2682.14,2138.88,5744829.5735
1645632900000,2022-02-23T16:15:00+00:00,2682.14,2697.07,2677.99,2690.67,1180.16,3171067.3963
1645633800000,2022-02-23T16:30:00+00:00,2690.67,2712.54,2688.43,2708.61,2963.88,8021051.1498
1645634700000,2022-02-23T16:45:00+00:00,2708.61,2715.33,2704.89,2710.25,1592.06,4315741.8859
1645635600000,2022-02-23T17:00:00+00:00,2710.25,2711.97,2703.8,2711.97,558.19,1510962.9001
1645636500000,2022-02-23T17:15:00+00:00,2711.97,2730.17,2711.97,2718.16,1331.26,3625784.0615
1645637400000,2022-02-23T17:30:00+00:00,2718.16,2719.25,2691.03,2693.24,1850.68,4997168.8596
1645638300000,2022-02-23T17:45:00+00:00,2693.24,2697.47,2662.06,2666.24,3419.29,9143693.3337
1645639200000,2022-02-23T18:00:00+00:00,2666.24,2668.27,2640.44,2642.51,3155.79,8378685.2569
1645640100000,2022-02-23T18:15:00+00:00,2642.51,2657.21,2638.13,2640.94,1270.24,3364596.017
1645641000000,2022-02-23T18:30:00+00:00,2640.94,2650.42,2637.24,2646.63,1056.66,2794576.61
1645641900000,2022-02-23T18:45:00+00:00,2646.63,2659.96,2644.13,2648.91,899.36,2385068.3706
1645642800000,2022-02-23T19:00:00+00:00,2648.91,2659.64,2639.01,2653.65,810.6,2145961.522
1645643700000,2022-02-23T19:15:00+00:00,2653.65,2662.39,2642.65,2644.03,413.44,1095676.7066
1645644600000,2022-02-23T19:30:00+00:00,2644.03,2648.18,2618.88,2621.15,2139.69,5630838.3886
1645645500000,2022-02-23T19:45:00+00:00,2621.15,2637.36,2619.27,2632.98,1061.94,2791094.3014
1645646400000,2022-02-23T20:00:00+00:00,2632.98,2632.98,2609.23,2618.11,1600.01,4185536.5121
1645647300000,2022-02-23T20:15:00+00:00,2618.11,2635.58,2614.91,2633.31,1445.79,3793448.0677
1645648200000,2022-02-23T20:30:00+00:00,2633.31,2640,2620.69,2625.23,938.46,2472519.8147
1645649100000,2022-02-23T20:45:00+00:00,2625.23,2629.2,2618.99,2622.03,611.57,1604242.5762
1645650000000,2022-02-23T21:00:00+00:00,2622.03,2626.87,2615.14,2625.76,323.08,847009.7107
1645650900000,2022-02-23T21:15:00+00:00,2625.76,2633.91,2625.31,2629.39,586.41,1542461.2906
1645651800000,2022-02-23T21:30:00+00:00,2629.39,2629.39,2607.59,2613.25,718.51,1879187.689
1645652700000,2022-02-23T21:45:00+00:00,2613.25,2625.64,2612.49,2617.1,377.12,987498.8738
1645653600000,2022-02-23T22:00:00+00:00,2617.1,2625.13,2601.93,2606.29,1181.45,3087769.7717
1645654500000,2022-02-23T22:15:00+00:00,2606.29,2621.49,2596.13,2619.24,2229.85,5817302.6223
1645655400000,2022-02-23T22:30:00+00:00,2619.24,2635.87,2618.78,2626.45,1483.37,3898615.503
1645656300000,2022-02-23T22:45:00+00:00,2626.45,2637.39,2622,2635.44,950.05,2500144.3803
1645657200000,2022-02-23T23:00:00+00:00,2635.44,2635.46,2583.08,2583.18,2971.17,7752869.1609
1645658100000,2022-02-23T23:15:00+00:00,2583.18,2596.18,2575.58,2589.26,2964.47,7660067.7867
1645659000000,2022-02-23T23:30:00+00:00,2589.26,2598.66,2582.2,2595.61,951.81,2465254.5875
1645659900000,2022-02-23T23:45:00+00:00,2595.61,2596.52,2575,2578.47,1054.55,2723597.1185
1645660800000,2022-02-24T00:00:00+00:00,2578.47,2590.58,2562.74,2584.38,2951.55,7599657.4432
1645661700000,2022-02-24T00:15:00+00:00,2584.38,2592.51,2574.96,2577.98,1190.75,3075019.0993
1645662600000,2022-02-24T00:30:00+00:00,2577.98,2579.37,2562.55,2568.39,2024.06,5199465.3947
1645663500000,2022-02-24T00:45:00+00:00,2568.39,2573.32,2558.59,2559.67,1767.62,4530413.5935
1645664400000,2022-02-24T01:00:00+00:00,2559.67,2570.28,2559.67,2564.46,1113.45,2856595.1701
1645665300000,2022-02-24T01:15:00+00:00,2564.46,2565.38,2544.39,2548.53,2432.95,6218343.2887
1645666200000,2022-02-24T01:30:00+00:00,2548.53,2566.53,2546.85,2564.81,1792.84,4586920.5248
1645667100000,2022-02-24T01:45:00+00:00,2564.81,2575.84,2562.68,2570.12,1187.33,3050027.4491
1645668000000,2022-02-24T02:00:00+00:00,2570.12,2574.96,2561.86,2564.43,901.81,2314978.3092
1645668900000,2022-02-24T02:15:00+00:00,2564.43,2574.8,2564.38,2564.55,582.63,1497531.0312
1645669800000,2022-02-24T02:30:00+00:00,2564.55,2572.44,2563.44,2572.43,533.93,1371143.0974
1645670700000,2022-02-24T02:45:00+00:00,2572.43,2575.21,2488.15,2494.24,5937.6,14977509.9224
1645671600000,2022-02-24T03:00:00+00:00,2494.24,2495.86,2447.55,2464.09,17947.74,44419922.145
1645672500000,2022-02-24T03:15:00+00:00,2464.09,2470.86,2431.44,2438.93,5344.29,13110226.6348
1645673400000,2022-02-24T03:30:00+00:00,2438.93,2441.92,2387.27,2398.01,13045.44,31519507.5702
1645674300000,2022-02-24T03:45:00+00:00,2398.01,2430.66,2392.56,2396.23,7875.33,18990766.0865
1645675200000,2022-02-24T04:00:00+00:00,2396.23,2405.75,2355.48,2364.47,9718.26,23180536.5304
1645676100000,2022-02-24T04:15:00+00:00,2364.42,2391.88,2354.39,2374.27,5776.64,13711627.3557
1645677000000,2022-02-24T04:30:00+00:00,2374.27,2408.6,2374.27,2391.84,4297.47,10288879.7788
1645677900000,2022-02-24T04:45:00+00:00,2391.84,2402.54,2387,2401.34,1524.85,3650213.7919
1645678800000,2022-02-24T05:00:00+00:00,2401.34,2406.27,2367.75,2375.2,2838.41,6764157.1594
1645679700000,2022-02-24T05:15:00+00:00,2375.2,2380.94,2346.39,2346.95,4060.72,9596119.3856
1645680600000,2022-02-24T05:30:00+00:00,2346.95,2351.86,2305.97,2308.21,11077.78,25780121.6299
1645681500000,2022-02-24T05:45:00+00:00,2308.21,2341.46,2300.65,2331.48,7782.03,18048761.0951
1645682400000,2022-02-24T06:00:00+00:00,2331.48,2353.88,2327.32,2346.3,7229.91,16939794.4511
1645683300000,2022-02-24T06:15:00+00:00,2346.3,2355.27,2336.7,2338.65,2869.27,6722510.8826
1645684200000,2022-02-24T06:30:00+00:00,2338.65,2349.12,2330.47,2344.27,1916.12,4482738.6376
1645685100000,2022-02-24T06:45:00+00:00,2344.27,2354.44,2336.2,2340.99,1994.6,4678295.8762
1645686000000,2022-02-24T07:00:00+00:00,2340.99,2347.22,2319.5,2322.22,2345.89,5464295.6597
1645686900000,2022-02-24T07:15:00+00:00,2322.22,2330.15,2314.59,2321.47,2113.98,4910906.9745
1645687800000,2022-02-24T07:30:00+00:00,2321.47,2356.78,2300.52,2352.05,6395.61,14868164.9903
1645688700000,2022-02-24T07:45:00+00:00,2352.05,2398.67,2348.07,2370.15,7584.28,18017454.0123
1645689600000,2022-02-24T08:00:00+00:00,2370.15,2420.96,2360.86,2402.91,10271.04,24675259.0637
1645690500000,2022-02-24T08:15:00+00:00,2402.91,2402.91,2373.58,2382.85,3267.38,7786564.5941
1645691400000,2022-02-24T08:30:00+00:00,2382.85,2390.96,2364.28,2368.02,4236.71,10054655.8507
1645692300000,2022-02-24T08:45:00+00:00,2368.02,2389.14,2364.3,2381.37,3392.67,8059899.1172
1645693200000,2022-02-24T09:00:00+00:00,2381.37,2398,2371.63,2388.28,1775.8,4239263.1362
1645694100000,2022-02-24T09:15:00+00:00,2388.28,2409.39,2388.24,2406.56,1999.66,4797678.4674
1645695000000,2022-02-24T09:30:00+00:00,2406.56,2407.63,2369.01,2375.82,2785.49,6654884.8214
1645695900000,2022-02-24T09:45:00+00:00,2375.82,2380.81,2363.77,2369.24,5276.17,12531699.7398
1645696800000,2022-02-24T10:00:00+00:00,2369.24,2380.1,2346.05,2349.87,5700.22,13451479.1257
1645697700000,2022-02-24T10:15:00+00:00,2349.87,2353.57,2331.64,2340.71,4416.58,10347969.4513
1645698600000,2022-02-24T10:30:00+00:00,2340.71,2366.25,2338.19,2360.69,4784.62,11256927.3285
1645699500000,2022-02-24T10:45:00+00:00,2360.69,2365.39,2347.65,2361.1,1250.39,2948948.567
1645700400000,2022-02-24T11:00:00+00:00,2361.1,2365.44,2345.7,2353.31,2028.15,4778705.7827
1645701300000,2022-02-24T11:15:00+00:00,2353.31,2362.16,2339.1,2339.32,1432.24,3370555.2261
1645702200000,2022-02-24T11:30:00+00:00,2339.32,2389.35,2334.28,2389.35,3919.69,9224481.043
1645703100000,2022-02-24T11:45:00+00:00,2389.35,2397.32,2372.91,2394.91,4622.69,11010419.4772
1645704000000,2022-02-24T12:00:00+00:00,2394.91,2395.24,2368.81,2370.19,2738.27,6508415.1399
1645704900000,2022-02-24T12:15:00+00:00,2370.19,2380.07,2363.87,2365.12,1636.43,3879072.7511
1645705800000,2022-02-24T12:30:00+00:00,2365.12,2377.72,2357.44,2374.25,1167.7,2764140.2663
1645706700000,2022-02-24T12:45:00+00:00,2374.25,2383.12,2363,2368.48,4347.02,10293923.4475
1645707600000,2022-02-24T13:00:00+00:00,2368.48,2372.77,2348.99,2362.4,2573.56,6064810.4306
1645708500000,2022-02-24T13:15:00+00:00,2362.4,2383.78,2356.37,2375.16,1428.98,3389388.0809
1645709400000,2022-02-24T13:30:00+00:00,2375.16,2400.12,2372.4,2395.82,1896.24,4528997.7546
1645710300000,2022-02-24T13:45:00+00:00,2395.82,2411.66,2390.78,2390.78,2124.58,5094727.905
1645711200000,2022-02-24T14:00:00+00:00,2390.78,2407,2385.48,2391.68,1705.11,4082699.3846
1645712100000,2022-02-24T14:15:00+00:00,2391.68,2393.44,2375.82,2377.64,2178.14,5192133.0112
1645713000000,2022-02-24T14:30:00+00:00,2377.64,2433.93,2374.55,2391.88,7835.28,18936939.0113
1645713900000,2022-02-24T14:45:00+00:00,2391.88,2443.71,2388.22,2436.57,4733.87,11491400.9734
1645714800000,2022-02-24T15:00:00+00:00,2436.57,2460.46,2414.85,2454.94,5264.47,12839121.1468
1645715700000,2022-02-24T15:15:00+00:00,2454.94,2475,2434.79,2436.57,4267.31,10472007.6228
1645716600000,2022-02-24T15:30:00+00:00,2436.57,2455.32,2423.22,2434.29,2371.26,5779473.6533
1645717500000,2022-02-24T15:45:00+00:00,2434.29,2465.36,2432.31,2455.08,1780.73,4370248.3781
1645718400000,2022-02-24T16:00:00+00:00,2455.08,2478.97,2449,2470.25,5449.85,13412312.8855
1645719300000,2022-02-24T16:15:00+00:00,2470.25,2488.86,2464.55,2469.51,2879.24,7135297.6953
1645720200000,2022-02-24T16:30:00+00:00,2469.51,2480.11,2454.98,2461.04,1315.93,3244394.2019
1645721100000,2022-02-24T16:45:00+00:00,2461.04,2477.74,2449.37,2474.29,1381.05,3402853.0588
1645722000000,2022-02-24T17:00:00+00:00,2474.29,2475.95,2440,2442.36,2569.3,6294080.1654
1645722900000,2022-02-24T17:15:00+00:00,2442.36,2448.35,2433.27,2440.17,1911.08,4663288.2491
1645723800000,2022-02-24T17:30:00+00:00,2440.17,2452.13,2430.75,2431.97,2356.87,5757884.2836
1645724700000,2022-02-24T17:45:00+00:00,2431.97,2445.43,2429.15,2433.88,610.8,1487378.9694
1645725600000,2022-02-24T18:00:00+00:00,2433.88,2455.17,2432.6,2453.16,507.59,1242013.5973
1645726500000,2022-02-24T18:15:00+00:00,2453.16,2456.27,2435.36,2437.2,452.95,1107199.472
1645727400000,2022-02-24T18:30:00+00:00,2437.2,2478.59,2432.08,2471.04,1163.64,2860579.124
1645728300000,2022-02-24T18:45:00+00:00,2471.04,2555,2464.33,2525.26,6028.58,15179813.8587
1645729200000,2022-02-24T19:00:00+00:00,2525.26,2538.49,2512.63,2526.98,2174.08,5491961.2388
1645730100000,2022-02-24T19:15:00+00:00,2526.98,2546.22,2523.29,2534.91,1500.22,3799918.9114
1645731000000,2022-02-24T19:30:00+00:00,2534.91,2575.11,2534.35,2569.73,3344.7,8555344.0443
1645731900000,2022-02-24T19:45:00+00:00,2569.85,2599,2558.54,2595.58,2021.9,5211132.9102
1645732800000,2022-02-24T20:00:00+00:00,2595.58,2740.71,2595.31,2677.73,14303.06,38104107.2392
1645733700000,2022-02-24T20:15:00+00:00,2677.73,2701.98,2633.11,2636.62,2460.98,6565646.7576
1645734600000,2022-02-24T20:30:00+00:00,2636.62,2659.95,2627.27,2631.56,1712.16,4522121.6326
1645735500000,2022-02-24T20:45:00+00:00,2631.56,2655.12,2630,2647.11,1224.56,3238198.7984
1645736400000,2022-02-24T21:00:00+00:00,2647.11,2653.76,2628.59,2645.59,1656.41,4369086.3054
1645737300000,2022-02-24T21:15:00+00:00,2645.59,2645.59,2630.62,2636.09,750.94,1979185.5201
1645738200000,2022-02-24T21:30:00+00:00,2636.09,2637.31,2617.96,2631.84,1467.1,3851085.6697
1645739100000,2022-02-24T21:45:00+00:00,2631.84,2647,2622.29,2635.13,813.12,2141499.4476
1645740000000,2022-02-24T22:00:00+00:00,2635.13,2643.33,2618.9,2630.86,698.2,1834552.9323
1645740900000,2022-02-24T22:15:00+00:00,2630.86,2632.22,2603.19,2603.21,1047.37,2741516.7048
1645741800000,2022-02-24T22:30:00+00:00,2603.21,2603.21,2565.97,2576.82,2607.63,6740280.969
1645742700000,2022-02-24T22:45:00+00:00,2576.82,2584.41,2544.35,2565.91,2588.32,6629923.2714
1645743600000,2022-02-24T23:00:00+00:00,2565.91,2591.61,2565.73,2588.11,1154.23,2976488.7776
1645744500000,2022-02-24T23:15:00+00:00,2588.11,2594.7,2579.93,2587.84,768.71,1986925.8271
1645745400000,2022-02-24T23:30:00+00:00,2587.84,2598.11,2582.15,2597.78,1003.15,2600149.0543
1645746300000,2022-02-24T23:45:00+00:00,2597.78,2602.75,2592.77,2595.88,980.76,2546486.9829
1645747200000,2022-02-25T00:00:00+00:00,2595.88,2616.46,2588.98,2611.64,2337.22,6083869.9234
1645748100000,2022-02-25T00:15:00+00:00,2611.64,2629.27,2604.36,2624.38,1686,4417817.7594
1645749000000,2022-02-25T00:30:00+00:00,2624.38,2624.38,2600.58,2605.52,1133.28,2959281.6259
1645749900000,2022-02-25T00:45:00+00:00,2605.52,2606.52,2582.43,2583.73,1091.04,2828051.5472
1645750800000,2022-02-25T01:00:00+00:00,2583.73,2610.99,2581.76,2609.88,1314.84,3415429.8877
1645751700000,2022-02-25T01:15:00+00:00,2609.88,2647,2608.7,2631.21,2531.37,6661583.4543
1645752600000,2022-02-25T01:30:00+00:00,2631.21,2636.78,2617.16,2622.09,1136.11,2981954.1835
1645753500000,2022-02-25T01:45:00+00:00,2622.09,2631.25,2616.91,2629.44,1087.65,2853130.4123
1645754400000,2022-02-25T02:00:00+00:00,2629.44,2639.73,2623.52,2629.72,1156.93,3045302.0287
1645755300000,2022-02-25T02:15:00+00:00,2629.72,2646.52,2624.35,2644.71,1359.79,3588633.4592
1645756200000,2022-02-25T02:30:00+00:00,2644.71,2648.14,2631.38,2636.45,976.67,2575735.1615
1645757100000,2022-02-25T02:45:00+00:00,2636.45,2646.44,2631.08,2639.45,1221.6,3225336.4791
1645758000000,2022-02-25T03:00:00+00:00,2639.45,2639.45,2626.6,2627.98,842.48,2216661.2271
1645758900000,2022-02-25T03:15:00+00:00,2627.98,2628.17,2612.54,2615.04,1358.98,3558246.1472
1645759800000,2022-02-25T03:30:00+00:00,2615.04,2632.58,2605.84,2628.13,1948.61,5098010.8679
1645760700000,2022-02-25T03:45:00+00:00,2628.13,2640,2625.86,2635.7,1407.29,3706767.4161
1645761600000,2022-02-25T04:00:00+00:00,2635.7,2637.73,2625.62,2627.44,3580.75,9427215.5744
1645762500000,2022-02-25T04:15:00+00:00,2627.44,2631.13,2617.49,2625.46,1095.3,2872781.0932
1645763400000,2022-02-25T04:30:00+00:00,2625.46,2627.12,2611.53,2615.63,849.04,2221998.0322
1645764300000,2022-02-25T04:45:00+00:00,2615.63,2625.41,2612.42,2616.09,544.04,1424733.5735
1645765200000,2022-02-25T05:00:00+00:00,2616.09,2622.98,2584.8,2585.76,2508.17,6515235.7082
1645766100000,2022-02-25T05:15:00+00:00,2585.76,2611.7,2585.28,2605.15,1725.81,4490564.7076
1645767000000,2022-02-25T05:30:00+00:00,2605.15,2619.16,2602.73,2617.03,1001.95,2617311.3698
1645767900000,2022-02-25T05:45:00+00:00,2617.03,2622,2603.86,2604.91,1090.53,2848773.7779
1645768800000,2022-02-25T06:00:00+00:00,2604.91,2620.27,2596.23,2620.27,1625.2,4235021.6759
1645769700000,2022-02-25T06:15:00+00:00,2620.27,2633.9,2613.02,2621.17,1782.62,4680646.5334
1645770600000,2022-02-25T06:30:00+00:00,2621.17,2633.48,2613.41,2624.76,1695.44,4445558.4935
1645771500000,2022-02-25T06:45:00+00:00,2624.76,2637.01,2622.95,2631.95,1105.3,2907100.3182
1645772400000,2022-02-25T07:00:00+00:00,2631.95,2645.2,2621.92,2623.6,1937.83,5101813.7492
1645773300000,2022-02-25T07:15:00+00:00,2623.6,2630.43,2618.49,2623.6,1340.09,3514763.9396
1645774200000,2022-02-25T07:30:00+00:00,2623.6,2625.84,2613.42,2620.66,1112.89,2912924.3919
1645775100000,2022-02-25T07:45:00+00:00,2620.66,2627.53,2607.8,2613.13,1039.79,2720076.5079
1645776000000,2022-02-25T08:00:00+00:00,2613.13,2618.7,2594.42,2600.23,2168.87,5655578.6549
1645776900000,2022-02-25T08:15:00+00:00,2600.23,2607.81,2591.3,2604.04,2485.64,6459554.0468
1645777800000,2022-02-25T08:30:00+00:00,2604.04,2611.28,2599.4,2607.45,1114.99,2905900.4332
1645778700000,2022-02-25T08:45:00+00:00,2607.45,2616.19,2604.67,2607.95,1727.21,4510423.902
1645779600000,2022-02-25T09:00:00+00:00,2607.95,2614,2587.6,2590.69,1877.86,4877557.5921
1645780500000,2022-02-25T09:15:00+00:00,2590.69,2597.16,2572.24,2574.36,3046.83,7871458.3892
1645781400000,2022-02-25T09:30:00+00:00,2574.36,2594.18,2572.03,2591.2,1165.33,3011743.3711
1645782300000,2022-02-25T09:45:00+00:00,2591.2,2625.43,2587.49,2616.88,4358.07,11387696.7625
1645783200000,2022-02-25T10:00:00+00:00,2616.88,2625.88,2606.88,2616.15,1682.12,4400942.6336
1645784100000,2022-02-25T10:15:00+00:00,2616.15,2620.05,2606.58,2619.09,1035.35,2705245.0576
1645785000000,2022-02-25T10:30:00+00:00,2619.08,2624.17,2609.7,2612.9,1090.88,2852829.2486
1645785900000,2022-02-25T10:45:00+00:00,2612.9,2617.36,2605.91,2617.31,516.9,1350641.8166
1645786800000,2022-02-25T11:00:00+00:00,2617.31,2617.38,2598,2605.13,1131.1,2944987.7754
1645787700000,2022-02-25T11:15:00+00:00,2605.13,2626.2,2601.8,2621.32,1109.35,2900717.0305
1645788600000,2022-02-25T11:30:00+00:00,2621.32,2639.82,2615.55,2630.69,2323.77,6105620.386
1645789500000,2022-02-25T11:45:00+00:00,2630.69,2639.42,2622.82,2631.95,1369.43,3605785.9729
1645790400000,2022-02-25T12:00:00+00:00,2631.95,2692.06,2631.95,2676.32,5802.72,15469947.9896
1645791300000,2022-02-25T12:15:00+00:00,2676.32,2684.39,2662.4,2668.7,2194.97,5863224.8076
1645792200000,2022-02-25T12:30:00+00:00,2668.7,2684.78,2666,2684.78,1741.62,4660821.5483
1645793100000,2022-02-25T12:45:00+00:00,2684.78,2713.63,2675.94,2706.18,5935.46,16032925.8372
1645794000000,2022-02-25T13:00:00+00:00,2706.18,2717.96,2700.97,2711,2383.72,6460830.4115
1645794900000,2022-02-25T13:15:00+00:00,2711,2722.2,2705.27,2712.51,1716.57,4657237.4824
1645795800000,2022-02-25T13:30:00+00:00,2712.51,2732.74,2707.83,2721.27,2284.12,6220583.6817
1645796700000,2022-02-25T13:45:00+00:00,2721.27,2723.91,2700.85,2710.58,2149.32,5825522.5327
1645797600000,2022-02-25T14:00:00+00:00,2710.58,2711.57,2692,2699.67,2602.73,7025023.4686
1645798500000,2022-02-25T14:15:00+00:00,2699.67,2700.87,2687.03,2694.66,2206.46,5939843.7468
1645799400000,2022-02-25T14:30:00+00:00,2694.66,2714.98,2679.19,2688.92,6381.2,17222363.7811
1645800300000,2022-02-25T14:45:00+00:00,2688.92,2703.63,2676.81,2680.72,2464.1,6634055.0782
1645801200000,2022-02-25T15:00:00+00:00,2680.72,2686.38,2655.38,2681.01,5593.44,14941182.3919
1645802100000,2022-02-25T15:15:00+00:00,2681.58,2712.05,2677.62,2709.17,3169.85,8542861.2693
1645803000000,2022-02-25T15:30:00+00:00,2709.17,2712.13,2694.94,2710,3115.04,8426906.813
1645803900000,2022-02-25T15:45:00+00:00,2709.56,2743.04,2706.64,2732.72,3556.86,9697969.8385
1645804800000,2022-02-25T16:00:00+00:00,2732.72,2745,2720.27,2726.78,5603.23,15300258.0592
1645805700000,2022-02-25T16:15:00+00:00,2726.78,2728.46,2707.4,2709.99,3247.12,8824892.957
1645806600000,2022-02-25T16:30:00+00:00,2709.99,2716.86,2701.89,2704.82,1885.34,5107902.0381
1645807500000,2022-02-25T16:45:00+00:00,2704.82,2727,2704.82,2725.46,1470.32,3992232.1748
1645808400000,2022-02-25T17:00:00+00:00,2725.46,2731.09,2688.38,2690.63,2160.72,5846861.0534
1645809300000,2022-02-25T17:15:00+00:00,2690.63,2715.85,2683.04,2714.54,2111.3,5697832.5245
1645810200000,2022-02-25T17:30:00+00:00,2714.54,2723.15,2702.58,2709.69,1248.67,3388306.0625
1645811100000,2022-02-25T17:45:00+00:00,2709.69,2711.38,2688.96,2692.54,704.23,1899662.6709
1645812000000,2022-02-25T18:00:00+00:00,2692.54,2699.47,2666.63,2673.73,2876.32,7709391.1278
1645812900000,2022-02-25T18:15:00+00:00,2673.73,2687.65,2671.52,2684.48,2523.47,6768620.8446
1645813800000,2022-02-25T18:30:00+00:00,2684.48,2690.18,2677.09,2688.05,1334.25,3584606.4303
1645814700000,2022-02-25T18:45:00+00:00,2688.05,2689.75,2668.33,2674.37,1387.34,3710748.5966
1645815600000,2022-02-25T19:00:00+00:00,2674.37,2684.04,2665.85,2678.47,1064.38,2847973.0083
1645816500000,2022-02-25T19:15:00+00:00,2678.47,2704.32,2678.36,2695.39,630.82,1698896.0951
1645817400000,2022-02-25T19:30:00+00:00,2695.39,2701.37,2680.28,2686.58,1059.21,2848423.6439
1645818300000,2022-02-25T19:45:00+00:00,2686.58,2690.44,2672.19,2677.74,4977.41,13333074.9645
1645819200000,2022-02-25T20:00:00+00:00,2677.74,2686.65,2667.6,2685.38,1202.79,3220636.0434
1645820100000,2022-02-25T20:15:00+00:00,2685.38,2698.51,2678.83,2679.41,1005.02,2706556.1127
1645821000000,2022-02-25T20:30:00+00:00,2679.41,2701.25,2678.81,2695.34,721.86,1940890.7191
1645821900000,2022-02-25T20:45:00+00:00,2695.34,2718.62,2694.01,2713.32,671.73,1821755.5505
1645822800000,2022-02-25T21:00:00+00:00,2713.32,2728.72,2705.2,2723.62,405.51,1103610.029
1645823700000,2022-02-25T21:15:00+00:00,2723.62,2723.95,2712.24,2717.32,485.85,1321096.7557
1645824600000,2022-02-25T21:30:00+00:00,2717.32,2718.96,2708.15,2709.67,253.68,687824.6659
1645825500000,2022-02-25T21:45:00+00:00,2709.67,2713.34,2700.96,2706.17,716.15,1938383.0476
1645826400000,2022-02-25T22:00:00+00:00,2706.17,2708.28,2691.77,2706.71,826.06,2229625.9165
1645827300000,2022-02-25T22:15:00+00:00,2706.71,2708.74,2699.44,2704.34,320.58,867119.2261
1645828200000,2022-02-25T22:30:00+00:00,2704.34,2728.65,2704.03,2723.47,653.7,1776759.3782
1645829100000,2022-02-25T22:45:00+00:00,2723.47,2798.79,2723.47,2792.48,3922,10850952.0957
1645830000000,2022-02-25T23:00:00+00:00,2792.48,2806.24,2761.16,2777.23,3179.59,8860164.336
1645830900000,2022-02-25T23:15:00+00:00,2777.23,2818.9,2769.58,2811.89,2607.32,7302465.3381
1645831800000,2022-02-25T23:30:00+00:00,2811.89,2834.18,2770.46,2782.41,7201.04,20263341.1768
1645832700000,2022-02-25T23:45:00+00:00,2782.41,2784.44,2749.02,2766.32,2854.07,7888859.4471
1645833600000,2022-02-26T00:00:00+00:00,2766.32,2790.33,2759.78,2776.03,2088.55,5801573.486
1645834500000,2022-02-26T00:15:00+00:00,2776.03,2787.3,2768.22,2774.74,848.34,2356272.3228
1645835400000,2022-02-26T00:30:00+00:00,2774.74,2878.24,2768.45,2835.2,4187.63,11859338.7406
1645836300000,2022-02-26T00:45:00+00:00,2835.2,2839.24,2814.92,2830.95,2638.53,7457736.0797
1645837200000,2022-02-26T01:00:00+00:00,2830.95,2843.05,2823,2826.4,1402.69,3970755.7632
1645838100000,2022-02-26T01:15:00+00:00,2826.4,2832.05,2817.8,2818.39,1885.75,5326022.5662
1645839000000,2022-02-26T01:30:00+00:00,2818.39,2827.26,2806.03,2811.01,1273.69,3584566.3878
1645839900000,2022-02-26T01:45:00+00:00,2811.01,2819.87,2810.7,2817.22,482.74,1359429.9676
1645840800000,2022-02-26T02:00:00+00:00,2817.22,2822.25,2803.87,2819.87,676.98,1902411.7171
1645841700000,2022-02-26T02:15:00+00:00,2819.87,2822.96,2814.12,2818.17,460.88,1298378.7543
1645842600000,2022-02-26T02:30:00+00:00,2818.17,2818.24,2799.05,2805.26,879.79,2468162.2348
1645843500000,2022-02-26T02:45:00+00:00,2805.26,2812.1,2799.97,2802.3,807.21,2263938.9298
1645844400000,2022-02-26T03:00:00+00:00,2802.3,2806.19,2787.57,2787.57,833.63,2331981.4074
1645845300000,2022-02-26T03:15:00+00:00,2787.57,2792.91,2781.69,2787.42,1194.28,3331415.9907
1645846200000,2022-02-26T03:30:00+00:00,2787.42,2795.89,2782.6,2793.12,1593.89,4446854.3885
1645847100000,2022-02-26T03:45:00+00:00,2793.12,2797.6,2792.73,2793.31,649.07,1814198.2885
1645848000000,2022-02-26T04:00:00+00:00,2793.39,2807.92,2792.79,2804.81,1070.15,2999084.3595
1645848900000,2022-02-26T04:15:00+00:00,2804.81,2814.55,2797.25,2808.81,1268.82,3563270.1243
1645849800000,2022-02-26T04:30:00+00:00,2808.81,2814.64,2807.2,2812.78,814.95,2291471.1895
1645850700000,2022-02-26T04:45:00+00:00,2812.78,2820.81,2804.41,2806.01,2274.62,6396574.8857
1645851600000,2022-02-26T05:00:00+00:00,2806.01,2808.63,2800.76,2803.47,795.38,2229787.2506
1645852500000,2022-02-26T05:15:00+00:00,2803.47,2807.61,2785.85,2792.82,1311.69,3666542.8823
1645853400000,2022-02-26T05:30:00+00:00,2792.82,2793.43,2772.48,2776.13,1972.36,5488541.7423
1645854300000,2022-02-26T05:45:00+00:00,2776.13,2782.55,2769.68,2775.64,1206.99,3349281.0789
1645855200000,2022-02-26T06:00:00+00:00,2775.64,2782.77,2774.43,2778.37,689.28,1915990.5719
1645856100000,2022-02-26T06:15:00+00:00,2778.37,2788.79,2772.9,2784.32,1083.43,3013763.4371
1645857000000,2022-02-26T06:30:00+00:00,2784.32,2789.18,2780.27,2786.78,589.5,1642043.241
1645857900000,2022-02-26T06:45:00+00:00,2786.78,2787.71,2774.26,2778.14,790.39,2197916.6908
1645858800000,2022-02-26T07:00:00+00:00,2778.14,2782.18,2758,2759.87,1396.51,3865694.1489
1645859700000,2022-02-26T07:15:00+00:00,2759.87,2780.12,2756.84,2775.64,2038.93,5646588.1832
1645860600000,2022-02-26T07:30:00+00:00,2775.64,2785.96,2772.4,2782.35,1064.56,2959430.4501
1645861500000,2022-02-26T07:45:00+00:00,2782.35,2792,2778.07,2792,1011.3,2816396.8498
1645862400000,2022-02-26T08:00:00+00:00,2790.14,2793.45,2783.67,2792.38,852.75,2377887.5513
1645863300000,2022-02-26T08:15:00+00:00,2792.38,2816.28,2789.21,2797.83,3080.7,8630768.5543
1645864200000,2022-02-26T08:30:00+00:00,2797.83,2798.63,2770.91,2775.58,2355.83,6559301.2187
1645865100000,2022-02-26T08:45:00+00:00,2775.58,2775.58,2740.24,2754.39,4406.9,12138762.1837
1645866000000,2022-02-26T09:00:00+00:00,2754.39,2762.36,2733,2739.17,2592.93,7129914.0108
1645866900000,2022-02-26T09:15:00+00:00,2739.17,2759.3,2726.6,2752.75,3598.31,9877119.4892
1645867800000,2022-02-26T09:30:00+00:00,2752.75,2759.09,2750.24,2757.24,952.33,2624675.7763
1645868700000,2022-02-26T09:45:00+00:00,2757.24,2759.65,2742.31,2748.34,4138.31,11392461.1547
1645869600000,2022-02-26T10:00:00+00:00,2748.34,2757.5,2743.97,2753.03,2195.24,6045526.0518
1645870500000,2022-02-26T10:15:00+00:00,2753.03,2759.66,2749.27,2756.96,997.98,2750674.5728
1645871400000,2022-02-26T10:30:00+00:00,2756.96,2759.28,2749.81,2754.32,1033.83,2847524.2526
1645872300000,2022-02-26T10:45:00+00:00,2754.32,2775.76,2753.24,2767.75,1113.89,3082473.7591
1645873200000,2022-02-26T11:00:00+00:00,2767.75,2779.2,2746.79,2747.97,1379.02,3805110.1941
1645874100000,2022-02-26T11:15:00+00:00,2747.97,2760.9,2737.7,2755.97,1288.6,3543716.9805
1645875000000,2022-02-26T11:30:00+00:00,2755.97,2762.17,2749.39,2757.97,945.41,2605973.1928
1645875900000,2022-02-26T11:45:00+00:00,2757.97,2772.74,2750.13,2750.95,1912.7,5280653.9174
1645876800000,2022-02-26T12:00:00+00:00,2750.95,2761.76,2742.13,2758.3,1340.85,3686838.1002
1645877700000,2022-02-26T12:15:00+00:00,2758.3,2764.86,2743.15,2744.05,1201.85,3303989.2958
1645878600000,2022-02-26T12:30:00+00:00,2744.05,2755,2741.52,2750.68,958.21,2634093.0458
1645879500000,2022-02-26T12:45:00+00:00,2750.68,2762.68,2747.89,2761.84,797.29,2196622.6268
1645880400000,2022-02-26T13:00:00+00:00,2761.84,2785.19,2758.57,2783.15,1911.19,5294870.1642
1645881300000,2022-02-26T13:15:00+00:00,2783.15,2785.31,2769.75,2774.77,1519.76,4218033.934
1645882200000,2022-02-26T13:30:00+00:00,2774.77,2780.39,2766.41,2775.78,1003.16,2781654.3542
1645883100000,2022-02-26T13:45:00+00:00,2775.78,2784.97,2763.45,2771.41,1317.94,3653289.4048
1645884000000,2022-02-26T14:00:00+00:00,2771.41,2781.1,2766.74,2767.14,707.15,1960971.4716
1645884900000,2022-02-26T14:15:00+00:00,2767.14,2777.27,2757.66,2774,1791.95,4961011.7398
1645885800000,2022-02-26T14:30:00+00:00,2774,2796.49,2771.65,2772.21,2206.14,6136036.0644
1645886700000,2022-02-26T14:45:00+00:00,2772.21,2787,2768.33,2782.44,877.55,2437003.0031
1645887600000,2022-02-26T15:00:00+00:00,2782.44,2794.66,2779.94,2780.96,1270.67,3537361.1413
1645888500000,2022-02-26T15:15:00+00:00,2780.96,2797.8,2780.07,2788.05,758.25,2113697.9258
1645889400000,2022-02-26T15:30:00+00:00,2788.05,2808.34,2786.86,2793.17,1268.51,3548959.6616
1645890300000,2022-02-26T15:45:00+00:00,2793.17,2794.47,2782.38,2784.04,1048.75,2924063.2791
1645891200000,2022-02-26T16:00:00+00:00,2784.04,2793.57,2780.17,2787.65,2032.15,5664938.336
1645892100000,2022-02-26T16:15:00+00:00,2787.65,2791.61,2784.18,2787.92,650.94,1813851.2468
1645893000000,2022-02-26T16:30:00+00:00,2787.92,2788.83,2782.37,2785.9,1455.64,4053950.2755
1645893900000,2022-02-26T16:45:00+00:00,2785.9,2797.33,2782.63,2789.1,1028.4,2869232.1379
1645894800000,2022-02-26T17:00:00+00:00,2789.1,2792.72,2785.27,2790.96,357.72,997710.9563
1645895700000,2022-02-26T17:15:00+00:00,2790.96,2794.69,2784.11,2784.63,488.82,1363779.3022
1645896600000,2022-02-26T17:30:00+00:00,2784.63,2791.47,2781.63,2790.49,602.25,1677845.8785
1645897500000,2022-02-26T17:45:00+00:00,2790.49,2793.99,2788.66,2790,414.07,1155865.4829
1645898400000,2022-02-26T18:00:00+00:00,2790,2791.09,2779.02,2779.26,773.95,2153390.2063
1645899300000,2022-02-26T18:15:00+00:00,2779.26,2781.12,2763.44,2772.35,1828.56,5067992.7088
1645900200000,2022-02-26T18:30:00+00:00,2772.35,2777.95,2768.97,2776.31,391.69,1087159.6709
1645901100000,2022-02-26T18:45:00+00:00,2776.31,2792.85,2775.91,2792.45,935.4,2607787.3916
1645902000000,2022-02-26T19:00:00+00:00,2792.45,2829.4,2791.51,2821.89,7543.95,21249824.4837
1645902900000,2022-02-26T19:15:00+00:00,2821.89,2833.46,2814.25,2821.94,793.92,2242426.2056
1645903800000,2022-02-26T19:30:00+00:00,2821.94,2825.41,2817.44,2821.59,1562.48,4406454.1878
1645904700000,2022-02-26T19:45:00+00:00,2821.59,2821.59,2808.77,2808.97,600.71,1690857.5968
1645905600000,2022-02-26T20:00:00+00:00,2808.97,2817,2808.55,2814.04,500.45,1408008.1266
1645906500000,2022-02-26T20:15:00+00:00,2814.04,2824.18,2811.61,2820.55,426.48,1201509.7013
1645907400000,2022-02-26T20:30:00+00:00,2820.55,2823.71,2818.28,2821.45,402.32,1134671.5839
1645908300000,2022-02-26T20:45:00+00:00,2821.45,2832.74,2820.84,2822.02,738.07,2087204.0092
1645909200000,2022-02-26T21:00:00+00:00,2822.02,2846.95,2820.23,2843.45,638.41,1811083.2926
1645910100000,2022-02-26T21:15:00+00:00,2843.45,2853.58,2832.52,2851.54,1384.96,3941195.5539
1645911000000,2022-02-26T21:30:00+00:00,2851.54,2853,2827.21,2831.1,1699.15,4814828.695
1645911900000,2022-02-26T21:45:00+00:00,2831.1,2831.1,2816.68,2823.24,767.92,2168158.0988
1645912800000,2022-02-26T22:00:00+00:00,2823.24,2825.66,2809.18,2813.43,620.98,1748170.3569
1645913700000,2022-02-26T22:15:00+00:00,2813.43,2815.1,2793.5,2802.63,1318.68,3695558.8367
1645914600000,2022-02-26T22:30:00+00:00,2802.63,2811.56,2796.36,2801.94,1045.9,2934545.446
1645915500000,2022-02-26T22:45:00+00:00,2801.94,2806.28,2787.54,2794.03,1072.28,2996396.9991
1645916400000,2022-02-26T23:00:00+00:00,2794.03,2794.1,2772.97,2777.04,1725.2,4801998.6803
1645917300000,2022-02-26T23:15:00+00:00,2777.04,2784.94,2774.7,2778.46,937.27,2607034.9659
1645918200000,2022-02-26T23:30:00+00:00,2778.46,2778.46,2763.52,2768.78,1500.14,4154086.9476
1645919100000,2022-02-26T23:45:00+00:00,2768.78,2781.64,2766.78,2777.91,797.85,2213261.9252
1645920000000,2022-02-27T00:00:00+00:00,2777.91,2786.41,2772.95,2786.31,991.53,2757193.7734
1645920900000,2022-02-27T00:15:00+00:00,2786.31,2788.87,2756.78,2758.37,2530.79,7000263.5662
1645921800000,2022-02-27T00:30:00+00:00,2758.37,2758.37,2739.63,2749.53,2366.08,6503371.823
1645922700000,2022-02-27T00:45:00+00:00,2749.53,2757.8,2743.84,2746.69,952.72,2619416.5455
1645923600000,2022-02-27T01:00:00+00:00,2746.69,2752.65,2705.45,2713.75,3154.35,8585255.2753
1645924500000,2022-02-27T01:15:00+00:00,2713.75,2720.6,2697.95,2699.13,1980.78,5371985.3447
1645925400000,2022-02-27T01:30:00+00:00,2699.13,2709.85,2693.07,2708.83,2361.58,6385346.9928
1645926300000,2022-02-27T01:45:00+00:00,2708.83,2711.3,2680.53,2680.78,2178.83,5872640.8453
1645927200000,2022-02-27T02:00:00+00:00,2680.78,2705.45,2677.11,2705,1870.51,5033723.5918
1645928100000,2022-02-27T02:15:00+00:00,2705,2712.47,2688.86,2700.9,1866.51,5039249.8977
1645929000000,2022-02-27T02:30:00+00:00,2700.9,2708.06,2699.62,2705.02,592.96,1603377.9522
1645929900000,2022-02-27T02:45:00+00:00,2705.02,2710.2,2700.29,2707.62,640.95,1733738.1771
1645930800000,2022-02-27T03:00:00+00:00,2707.62,2719.46,2706.41,2713.06,1683.71,4569495.6292
1645931700000,2022-02-27T03:15:00+00:00,2713.06,2725.22,2710.76,2720.62,3524.6,9564481.2725
1645932600000,2022-02-27T03:30:00+00:00,2720.62,2722.82,2714.19,2715.61,803.18,2182481.593
1645933500000,2022-02-27T03:45:00+00:00,2715.61,2718.78,2711.95,2714.44,600.66,1630698.926
1645934400000,2022-02-27T04:00:00+00:00,2714.44,2714.44,2704.73,2708.95,1084.59,2937891.8004
1645935300000,2022-02-27T04:15:00+00:00,2708.95,2720.1,2704.47,2717.19,1139.24,3089591.5462
1645936200000,2022-02-27T04:30:00+00:00,2717.17,2718.31,2707.08,2709.58,602.17,1632708.8881
1645937100000,2022-02-27T04:45:00+00:00,2709.58,2712.84,2698.97,2705.13,1251.13,3382611.0423
1645938000000,2022-02-27T05:00:00+00:00,2705.13,2715.97,2696.33,2711.8,928.71,2511978.5038
1645938900000,2022-02-27T05:15:00+00:00,2711.8,2717.64,2710.42,2712.12,1028.46,2791826.2501
1645939800000,2022-02-27T05:30:00+00:00,2712.12,2720.56,2710.1,2719.98,932.89,2533849.0761
1645940700000,2022-02-27T05:45:00+00:00,2719.98,2722.63,2707.43,2707.55,1064.11,2890943.8311
1645941600000,2022-02-27T06:00:00+00:00,2707.55,2721.31,2707.02,2719.86,1174.98,3191770.3844
1645942500000,2022-02-27T06:15:00+00:00,2719.86,2733.58,2716.67,2728.96,2802.92,7640297.6721
1645943400000,2022-02-27T06:30:00+00:00,2728.96,2735,2727.92,2728.62,1112.45,3038749.7174
1645944300000,2022-02-27T06:45:00+00:00,2728.62,2736.42,2725.75,2730.87,814.75,2223688.9247
1645945200000,2022-02-27T07:00:00+00:00,2730.87,2738.73,2730.58,2737.17,896.5,2452378.9856
1645946100000,2022-02-27T07:15:00+00:00,2737.17,2742.79,2736.08,2739.41,1044.58,2861922.94
1645947000000,2022-02-27T07:30:00+00:00,2739.41,2742.69,2735.61,2740.37,491.87,1347657.4722
1645947900000,2022-02-27T07:45:00+00:00,2740.37,2740.37,2733.82,2734.69,847.06,2317779.2134
1645948800000,2022-02-27T08:00:00+00:00,2734.69,2737.88,2724.67,2729.95,1147.63,3133126.7466
1645949700000,2022-02-27T08:15:00+00:00,2729.95,2738.17,2721.09,2734.88,1052.77,2872243.3854
1645950600000,2022-02-27T08:30:00+00:00,2734.88,2745.38,2723.13,2726.5,1953.89,5346639.1521
1645951500000,2022-02-27T08:45:00+00:00,2726.5,2745.63,2724.23,2741.18,1264.6,3464240.9992
1645952400000,2022-02-27T09:00:00+00:00,2741.18,2756.95,2733.62,2755.24,4034.73,11083990.1784
1645953300000,2022-02-27T09:15:00+00:00,2755.24,2763.84,2750.34,2752.87,2050.15,5653729.228
1645954200000,2022-02-27T09:30:00+00:00,2752.87,2757.63,2746.48,2753.02,5750.56,15831730.8943
1645955100000,2022-02-27T09:45:00+00:00,2753.07,2770.52,2751.18,2767.64,1810.74,5000187.5893
1645956000000,2022-02-27T10:00:00+00:00,2767.64,2769.08,2759.59,2761.34,1347.17,3722748.2425
1645956900000,2022-02-27T10:15:00+00:00,2761.34,2777.06,2757.15,2774.77,1886.53,5213948.573
1645957800000,2022-02-27T10:30:00+00:00,2774.77,2802.08,2769.55,2797.96,3113.94,8669196.642
1645958700000,2022-02-27T10:45:00+00:00,2797.96,2817.77,2791.81,2810.4,3434.58,9634577.5696
1645959600000,2022-02-27T11:00:00+00:00,2810.4,2817.83,2802.38,2803.31,1318.51,3701771.1422
1645960500000,2022-02-27T11:15:00+00:00,2803.31,2831.11,2785.99,2824.1,8241.86,23070283.1233
1645961400000,2022-02-27T11:30:00+00:00,2824.1,2827.5,2813.26,2814.91,1568.86,4420678.9761
1645962300000,2022-02-27T11:45:00+00:00,2814.91,2824.78,2814.35,2820.48,1182.71,3336175.6728
1645963200000,2022-02-27T12:00:00+00:00,2820.48,2829.17,2808.03,2811.1,2771.25,7810339.4833
1645964100000,2022-02-27T12:15:00+00:00,2811.1,2814.69,2801.49,2809.32,3958.54,11119906.8732
1645965000000,2022-02-27T12:30:00+00:00,2809.32,2821.38,2807.31,2818.95,2170.43,6113857.637
1645965900000,2022-02-27T12:45:00+00:00,2818.95,2835.84,2818.82,2828.86,7367.86,20809172.1654
1645966800000,2022-02-27T13:00:00+00:00,2828.86,2831.27,2815.83,2827.1,3196.76,9019477.9486
1645967700000,2022-02-27T13:15:00+00:00,2827.1,2827.1,2802.07,2802.73,2174.8,6116193.6454
1645968600000,2022-02-27T13:30:00+00:00,2802.73,2807.88,2747.75,2747.75,12277.66,34156339.623
1645969500000,2022-02-27T13:45:00+00:00,2748,2785.91,2710.39,2778.46,16325.16,44740988.3487
1645970400000,2022-02-27T14:00:00+00:00,2778.46,2787.62,2751.89,2765,4789.65,13259224.5743
1645971300000,2022-02-27T14:15:00+00:00,2765,2778.51,2763.1,2763.1,2378.29,6590250.4062
1645972200000,2022-02-27T14:30:00+00:00,2763.1,2772.38,2752.85,2769.35,3005.1,8299484.5328
1645973100000,2022-02-27T14:45:00+00:00,2769.35,2771.65,2746.13,2760.03,2477.59,6827164.7505
1645974000000,2022-02-27T15:00:00+00:00,2760.03,2767.14,2755.69,2761.4,1555.4,4293846.4982
1645974900000,2022-02-27T15:15:00+00:00,2761.4,2821.1,2760.99,2810.49,5296.21,14826182.9384
1645975800000,2022-02-27T15:30:00+00:00,2810,2813.98,2784.73,2790.31,3710.89,10392014.4281
1645976700000,2022-02-27T15:45:00+00:00,2790.31,2810.27,2786.7,2808.13,1960.98,5489530.269
1645977600000,2022-02-27T16:00:00+00:00,2808.13,2808.49,2779.83,2781.99,4708.5,13153271.2797
1645978500000,2022-02-27T16:15:00+00:00,2781.99,2786.76,2766.38,2767.65,6566.77,18198506.8874
1645979400000,2022-02-27T16:30:00+00:00,2767.65,2775.49,2765,2765.78,2317.78,6422522.0107
1645980300000,2022-02-27T16:45:00+00:00,2765.78,2776.72,2762.74,2776.25,1355.29,3752667.68
1645981200000,2022-02-27T17:00:00+00:00,2776.25,2778.2,2763.53,2766.43,704.24,1952639.7538
1645982100000,2022-02-27T17:15:00+00:00,2766.43,2771.54,2762.21,2768.12,905.36,2504171.1887
1645983000000,2022-02-27T17:30:00+00:00,2768.12,2773.41,2763.22,2764.58,1115.49,3087695.533
1645983900000,2022-02-27T17:45:00+00:00,2764.58,2769.85,2762.4,2764.15,415.28,1148343.1729
1645984800000,2022-02-27T18:00:00+00:00,2764.15,2764.15,2732.34,2749.9,2575.48,7071302.3104
1645985700000,2022-02-27T18:15:00+00:00,2749.9,2767.06,2747.78,2760.42,1047.02,2887283.1019
1645986600000,2022-02-27T18:30:00+00:00,2760.42,2760.42,2752.73,2755.3,962.13,2652476.8996
1645987500000,2022-02-27T18:45:00+00:00,2755.3,2755.69,2728.32,2736.74,3277.29,8974457.106
1645988400000,2022-02-27T19:00:00+00:00,2736.74,2746.33,2733.24,2736.97,3630.99,9939752.6138
1645989300000,2022-02-27T19:15:00+00:00,2736.97,2736.97,2684.61,2687.27,12698.51,34341467.0881
1645990200000,2022-02-27T19:30:00+00:00,2687.27,2690.22,2642,2649.8,6819.44,18117081.2904
1645991100000,2022-02-27T19:45:00+00:00,2649.8,2650.7,2594.36,2605.64,22001.28,57702974.4019
1645992000000,2022-02-27T20:00:00+00:00,2605.64,2627.41,2584.43,2592.75,11117.01,29022120.0696
1645992900000,2022-02-27T20:15:00+00:00,2592.75,2611.96,2589.89,2605.73,12529.69,32557433.6983
1645993800000,2022-02-27T20:30:00+00:00,2605.73,2624.43,2600.68,2622.86,1462.02,3825164.7267
1645994700000,2022-02-27T20:45:00+00:00,2622.86,2655.82,2622.57,2631.79,10235.31,26994649.431
1645995600000,2022-02-27T21:00:00+00:00,2631.79,2635.55,2580.51,2583.51,9973.75,25942139.1049
1645996500000,2022-02-27T21:15:00+00:00,2583.51,2601.71,2555.99,2596.5,4148.23,10699490.1927
1645997400000,2022-02-27T21:30:00+00:00,2596.5,2613.67,2591.05,2601.29,1886.36,4905604.8203
1645998300000,2022-02-27T21:45:00+00:00,2601.29,2620.46,2597.68,2601.12,1489.66,3884007.6934
1645999200000,2022-02-27T22:00:00+00:00,2601.12,2613.49,2592.89,2610.33,1417.29,3691627.6952
1646000100000,2022-02-27T22:15:00+00:00,2610.33,2620.34,2609.82,2616.33,1073.97,2808128.9913
1646001000000,2022-02-27T22:30:00+00:00,2616.33,2636.71,2614.99,2624.72,2101.39,5515130.2554
1646001900000,2022-02-27T22:45:00+00:00,2624.72,2630.41,2600.36,2627.93,1864.95,4868595.0223
1646002800000,2022-02-27T23:00:00+00:00,2627.93,2627.93,2577.7,2599.88,2984.26,7742315.5573
1646003700000,2022-02-27T23:15:00+00:00,2599.88,2614.53,2583.55,2596.15,1361.63,3538092.8659
1646004600000,2022-02-27T23:30:00+00:00,2596.15,2627.83,2593.65,2626.16,1260.77,3290827.5043
1646005500000,2022-02-27T23:45:00+00:00,2626.07,2631.77,2612.34,2615.55,1041.23,2730733.4841
1646006400000,2022-02-28T00:00:00+00:00,2615.55,2624.56,2599.3,2614.86,2815.26,7354440.4476
1646007300000,2022-02-28T00:15:00+00:00,2614.95,2619.15,2593.26,2597.9,2274.26,5924604.6615
1646008200000,2022-02-28T00:30:00+00:00,2597.9,2612.75,2587.88,2611.13,1507.68,3919508.6259
1646009100000,2022-02-28T00:45:00+00:00,2611.13,2615.85,2595.62,2603.5,823.86,2146223.6444
1646010000000,2022-02-28T01:00:00+00:00,2603.5,2633.39,2603.12,2632.85,2018.05,5288460.8571
1646010900000,2022-02-28T01:15:00+00:00,2632.85,2665.07,2628.91,2662.75,8372.27,22186625.0396
1646011800000,2022-02-28T01:30:00+00:00,2662.75,2674.91,2653.91,2668.82,2894.28,7717110.6134
1646012700000,2022-02-28T01:45:00+00:00,2668.82,2678.07,2641.9,2642.55,3128.51,8324658.4895
1646013600000,2022-02-28T02:00:00+00:00,2642.55,2652.07,2634.42,2635.47,1845.8,4878676.056
1646014500000,2022-02-28T02:15:00+00:00,2635.47,2641.71,2632.78,2639.88,1221.27,3220977.5316
1646015400000,2022-02-28T02:30:00+00:00,2639.88,2639.88,2624.61,2625.63,1109.65,2921651.8862
1646016300000,2022-02-28T02:45:00+00:00,2625.63,2629,2591.68,2609.37,3874.09,10087891.5551
1646017200000,2022-02-28T03:00:00+00:00,2609.37,2614.93,2598.41,2607.54,2889,7533423.2891
1646018100000,2022-02-28T03:15:00+00:00,2607.54,2616.42,2597.44,2613.64,1274.96,3324291.1171
1646019000000,2022-02-28T03:30:00+00:00,2613.64,2618.16,2606.35,2615.87,1059.04,2766263.6063
1646019900000,2022-02-28T03:45:00+00:00,2615.87,2615.87,2603.58,2605.17,854.7,2230512.0483
1646020800000,2022-02-28T04:00:00+00:00,2605.17,2630.7,2604.86,2626.32,1942.63,5093813.7481
1646021700000,2022-02-28T04:15:00+00:00,2626.32,2627.52,2611.91,2612.86,1122.68,2939817.4163
1646022600000,2022-02-28T04:30:00+00:00,2612.86,2614.88,2599.91,2606.22,1420.26,3700592.9617
1646023500000,2022-02-28T04:45:00+00:00,2606.22,2611.86,2604.97,2608.93,560.31,1461372.9668
1646024400000,2022-02-28T05:00:00+00:00,2608.93,2621.8,2600.57,2619.64,1099.81,2873707.1146
1646025300000,2022-02-28T05:15:00+00:00,2619.64,2621.82,2607.85,2616.93,988.91,2585520.7361
1646026200000,2022-02-28T05:30:00+00:00,2616.93,2619.5,2604.29,2610.4,1108.01,2890979.0018
1646027100000,2022-02-28T05:45:00+00:00,2610.4,2611.49,2602.26,2608.28,888.18,2315230.5874
1646028000000,2022-02-28T06:00:00+00:00,2608.28,2614.04,2566.7,2601.41,7174.98,18542503.8474
1646028900000,2022-02-28T06:15:00+00:00,2601.01,2628.95,2580.3,2597.26,10102.11,26254112.372
1646029800000,2022-02-28T06:30:00+00:00,2597.26,2610.07,2588.94,2599.73,1914.01,4978472.2531
1646030700000,2022-02-28T06:45:00+00:00,2599.73,2612.32,2594.45,2603.82,2063.79,5378723.1804
1646031600000,2022-02-28T07:00:00+00:00,2603.82,2618,2597.43,2610.08,3027.91,7897909.4248
1646032500000,2022-02-28T07:15:00+00:00,2610.08,2636.75,2607.22,2635.61,4309.22,11312510.781
1646033400000,2022-02-28T07:30:00+00:00,2635.36,2650.99,2631.56,2643.62,4461.52,11784354.3243
1646034300000,2022-02-28T07:45:00+00:00,2643.62,2645,2627.47,2634.48,4277.18,11260265.0179
1646035200000,2022-02-28T08:00:00+00:00,2634.48,2656.63,2630.43,2639.22,2021.22,5345238.8056
1646036100000,2022-02-28T08:15:00+00:00,2639.22,2641.38,2630.96,2640.81,1441.67,3799418.4368
1646037000000,2022-02-28T08:30:00+00:00,2640.81,2640.81,2615.69,2621.42,2733.57,7187976.9022
1646037900000,2022-02-28T08:45:00+00:00,2621.42,2629.14,2619.13,2623.78,1599.19,4197344.4095
1646038800000,2022-02-28T09:00:00+00:00,2623.78,2641,2623.16,2635.6,2113.99,5569007.7254
1646039700000,2022-02-28T09:15:00+00:00,2635.6,2636.16,2623.66,2624.05,1319.77,3469650.4653
1646040600000,2022-02-28T09:30:00+00:00,2624.05,2634.86,2619.15,2632.17,1166.57,3063299.5748
1646041500000,2022-02-28T09:45:00+00:00,2632.17,2637.65,2611,2611.06,1495.99,3929448.1695
1646042400000,2022-02-28T10:00:00+00:00,2611.06,2626.27,2610.23,2619.92,1500.09,3928491.9597
1646043300000,2022-02-28T10:15:00+00:00,2619.92,2636.22,2619.92,2627.09,1289.62,3392085.9618
1646044200000,2022-02-28T10:30:00+00:00,2627.09,2642.88,2625.71,2636.58,1526.09,4024542.086
1646045100000,2022-02-28T10:45:00+00:00,2636.58,2646.11,2632.9,2639.08,1479.64,3903019.0445
1646046000000,2022-02-28T11:00:00+00:00,2639.08,2645.63,2628.07,2630.77,1473.92,3884530.6338
1646046900000,2022-02-28T11:15:00+00:00,2630.77,2636.7,2620.25,2636.04,1292.06,3395065.2883
1646047800000,2022-02-28T11:30:00+00:00,2636.04,2642.43,2624.26,2636.46,1782.92,4696727.7579
1646048700000,2022-02-28T11:45:00+00:00,2636.46,2645.05,2634.1,2639,2380.44,6285873.0606
1646049600000,2022-02-28T12:00:00+00:00,2639,2653.69,2624.88,2635.42,3407.57,8993225.4683
1646050500000,2022-02-28T12:15:00+00:00,2635.42,2660,2632.57,2653.75,5122.07,13588854.4258
1646051400000,2022-02-28T12:30:00+00:00,2653.75,2664.32,2643.64,2647.97,3131.74,8313011.7045
1646052300000,2022-02-28T12:45:00+00:00,2647.97,2651.21,2629.49,2633.55,1534.15,4052646.2018
1646053200000,2022-02-28T13:00:00+00:00,2633.55,2639.19,2622.26,2635.17,1726.63,4541439.9127
1646054100000,2022-02-28T13:15:00+00:00,2635.17,2638.02,2609.08,2621.21,3302.14,8652178.1168
1646055000000,2022-02-28T13:30:00+00:00,2621.21,2624.67,2606.64,2617.53,2652.17,6934243.0552
1646055900000,2022-02-28T13:45:00+00:00,2617.53,2625,2613.61,2617.12,1615.69,4228861.3376
1646056800000,2022-02-28T14:00:00+00:00,2617.12,2641.59,2614.77,2635.45,1510.11,3966960.8148
1646057700000,2022-02-28T14:15:00+00:00,2635.45,2692.59,2635.45,2689.4,10409.26,27821164.5744
1646058600000,2022-02-28T14:30:00+00:00,2689.4,2721.01,2689.4,2707.69,11970.1,32409673.0586
1646059500000,2022-02-28T14:45:00+00:00,2707.69,2762.69,2706.8,2756.88,6721.48,18372250.7302
1646060400000,2022-02-28T15:00:00+00:00,2756.88,2763.62,2738.24,2753.66,6244.17,17181411.5423
1646061300000,2022-02-28T15:15:00+00:00,2753.66,2813.75,2753.43,2790.26,12711.09,35548654.0791
1646062200000,2022-02-28T15:30:00+00:00,2790.19,2818.49,2789.86,2802.57,6559.03,18401565.0971
1646063100000,2022-02-28T15:45:00+00:00,2802.57,2826.55,2798.29,2815.11,3783.43,10637964.5258
1646064000000,2022-02-28T16:00:00+00:00,2815.11,2830.44,2796.56,2802.31,10701,30111573.7824
1646064900000,2022-02-28T16:15:00+00:00,2802.31,2828.85,2800.4,2820.35,4460.83,12558871.3746
1646065800000,2022-02-28T16:30:00+00:00,2820.35,2827.88,2808.06,2819.68,2477.78,6981217.1496
1646066700000,2022-02-28T16:45:00+00:00,2819.68,2822.61,2802,2810.87,3430.87,9638328.1543
1646067600000,2022-02-28T17:00:00+00:00,2810.87,2813.49,2794.01,2798.53,1915.18,5363800.0476
1646068500000,2022-02-28T17:15:00+00:00,2798.53,2807.74,2788.56,2805.77,2535.37,7090392.5165
1646069400000,2022-02-28T17:30:00+00:00,2805.77,2812.24,2792.23,2794.55,1547.05,4333077.8905
1646070300000,2022-02-28T17:45:00+00:00,2794.55,2821.47,2789.4,2821.47,2376.95,6672379.1009
1646071200000,2022-02-28T18:00:00+00:00,2820.77,2823.83,2809.06,2811.92,2046.4,5764737.4438
1646072100000,2022-02-28T18:15:00+00:00,2811.92,2814.95,2798.98,2801.75,1513.18,4247398.7405
1646073000000,2022-02-28T18:30:00+00:00,2801.75,2812.51,2796,2798.43,1545.52,4334110.94
1646073900000,2022-02-28T18:45:00+00:00,2798.43,2811.37,2796.6,2808.05,795.92,2233925.1785
1646074800000,2022-02-28T19:00:00+00:00,2808.05,2808.05,2790.47,2799.03,1194.19,3342264.2309
1646075700000,2022-02-28T19:15:00+00:00,2799.03,2802.82,2792.57,2795.21,455.82,1275475.6041
1646076600000,2022-02-28T19:30:00+00:00,2795.21,2806.27,2793.7,2800.7,505.26,1415181.335
1646077500000,2022-02-28T19:45:00+00:00,2800.7,2810.09,2795.22,2808.33,511.53,1434397.9301
1646078400000,2022-02-28T20:00:00+00:00,2808.33,2814.24,2795.26,2810.99,1177.79,3304718.1826
1646079300000,2022-02-28T20:15:00+00:00,2810.99,2834.88,2804.7,2823.71,1953.61,5517923.9
1646080200000,2022-02-28T20:30:00+00:00,2823.71,2831.95,2815.37,2830.56,598.87,1689604.5307
1646081100000,2022-02-28T20:45:00+00:00,2830.56,2838,2821.72,2833.39,1158.85,3281572.8661
1646082000000,2022-02-28T21:00:00+00:00,2833.39,2833.79,2817.51,2823,1482.58,4182945.9864
1646082900000,2022-02-28T21:15:00+00:00,2823,2826.24,2817.75,2820.72,362.69,1023276.6074
1646083800000,2022-02-28T21:30:00+00:00,2820.72,2822.95,2813.29,2813.93,549.17,1547269.277
1646084700000,2022-02-28T21:45:00+00:00,2813.93,2821.62,2809.43,2819.76,395.35,1113731.8018
1646085600000,2022-02-28T22:00:00+00:00,2819.76,2848.03,2819.09,2835.15,2149.21,6099026.2895
1646086500000,2022-02-28T22:15:00+00:00,2835.15,2850.73,2833.83,2848.27,1805.35,5134156.1026
1646087400000,2022-02-28T22:30:00+00:00,2848.27,2953.33,2848.25,2918.91,8568.4,25003838.1962
1646088300000,2022-02-28T22:45:00+00:00,2918.91,2927.33,2886.1,2895.93,4202.25,12197136.2932
1646089200000,2022-02-28T23:00:00+00:00,2895.93,2916.46,2894.23,2910.46,3102.21,9013596.2668
1646090100000,2022-02-28T23:15:00+00:00,2910.46,2914.08,2893.86,2909.09,2347.35,6816455.8964
1646091000000,2022-02-28T23:30:00+00:00,2909.09,2917.26,2902.21,2913.83,2458.7,7155938.77
1646091900000,2022-02-28T23:45:00+00:00,2913.83,2924.22,2912.31,2921.33,1862.6,5436819.31
