timestamp_ms,datetime_utc,open,high,low,close,base_volume,quote_volume
1651363200000,2022-05-01T00:00:00+00:00,2724.79,2737.13,2724.76,2728.61,1066.79,2911372.2169
1651364100000,2022-05-01T00:15:00+00:00,2728.61,2731.38,2723.46,2725.9,1071.7,2922829.889
1651365000000,2022-05-01T00:30:00+00:00,2725.9,2744.92,2714.15,2734.93,1494.14,4080334.7985
1651365900000,2022-05-01T00:45:00+00:00,2734.93,2737.07,2730,2734.51,459.6,1256896.6189
1651366800000,2022-05-01T01:00:00+00:00,2734.51,2741.58,2731.54,2735.87,544.23,1489353.9087
1651367700000,2022-05-01T01:15:00+00:00,2735.87,2740.84,2731.27,2735.77,293.02,801531.3087
1651368600000,2022-05-01T01:30:00+00:00,2735.77,2769.87,2722.64,2766.91,1632.42,4488591.6571
1651369500000,2022-05-01T01:45:00+00:00,2766.91,2774.96,2760.42,2767.99,1118.9,3097173.9623
1651370400000,2022-05-01T02:00:00+00:00,2767.99,2774.01,2763.62,2771.26,1478.16,4089803.1109
1651371300000,2022-05-01T02:15:00+00:00,2771.26,2778.25,2767.56,2769.12,1062.67,2946872.8674
1651372200000,2022-05-01T02:30:00+00:00,2769.12,2769.87,2758.76,2760.48,2121.37,5861557.1095
1651373100000,2022-05-01T02:45:00+00:00,2760.48,2762.35,2752.79,2756.28,661.49,1824142.5252
1651374000000,2022-05-01T03:00:00+00:00,2756.28,2766.65,2756.12,2765.8,723.41,1995430.0676
1651374900000,2022-05-01T03:15:00+00:00,2765.8,2772.47,2760.13,2772.18,2829.08,7821683.2587
1651375800000,2022-05-01T03:30:00+00:00,2772.18,2772.86,2764.76,2767.6,686.29,1899741.8578
1651376700000,2022-05-01T03:45:00+00:00,2767.6,2774.92,2766.64,2774.19,1401.97,3885106.3411
1651377600000,2022-05-01T04:00:00+00:00,2774.19,2777.51,2766.98,2768.54,1508.31,4182894.6809
1651378500000,2022-05-01T04:15:00+00:00,2768.54,2771.89,2764.47,2770.21,293.19,811686.0658
1651379400000,2022-05-01T04:30:00+00:00,2770.21,2770.76,2765.63,2768.34,238.13,659182.1864
1651380300000,2022-05-01T04:45:00+00:00,2768.34,2770.86,2763.41,2770.43,211.7,585655.5198
1651381200000,2022-05-01T05:00:00+00:00,2770.43,2788.11,2767.29,2788.1,1369.78,3807431.1052
1651382100000,2022-05-01T05:15:00+00:00,2788.1,2792.87,2781.68,2784.75,964.54,2688626.0332
1651383000000,2022-05-01T05:30:00+00:00,2784.75,2789.1,2783.87,2786.47,427.86,1192511.3538
1651383900000,2022-05-01T05:45:00+00:00,2786.47,2786.74,2779,2779.66,526.61,1464709.9599
1651384800000,2022-05-01T06:00:00+00:00,2779.66,2788,2778.68,2780.64,258.33,719014.2585
1651385700000,2022-05-01T06:15:00+00:00,2780.64,2785.18,2779.48,2782.49,481.01,1338166.5976
1651386600000,2022-05-01T06:30:00+00:00,2782.66,2784.02,2777.15,2779.96,494.84,1374917.1642
1651387500000,2022-05-01T06:45:00+00:00,2779.96,2780.48,2769.13,2773.53,1035.77,2873109.4342
1651388400000,2022-05-01T07:00:00+00:00,2773.53,2776.91,2771.44,2772.78,392.93,1089906.3014
1651389300000,2022-05-01T07:15:00+00:00,2772.78,2774.49,2766.94,2769.82,325.99,903570.0667
1651390200000,2022-05-01T07:30:00+00:00,2769.82,2773.02,2767.53,2767.56,461.51,1278538.2506
1651391100000,2022-05-01T07:45:00+00:00,2767.56,2769.41,2763.05,2764.66,398.96,1103437.8337
1651392000000,2022-05-01T08:00:00+00:00,2764.66,2776.31,2763.46,2775.44,662.68,1835613.6689
1651392900000,2022-05-01T08:15:00+00:00,2775.44,2778.09,2770.88,2772.67,749.88,2081124.5522
1651393800000,2022-05-01T08:30:00+00:00,2772.67,2775.77,2770.78,2774.89,321.94,893123.6761
1651394700000,2022-05-01T08:45:00+00:00,2774.89,2780.38,2771.89,2776.67,264.91,735859.3676
1651395600000,2022-05-01T09:00:00+00:00,2776.67,2778.97,2768.57,2769.67,1903.11,5273673.5313
1651396500000,2022-05-01T09:15:00+00:00,2769.67,2770.91,2765.66,2768.57,604.91,1674522.3175
1651397400000,2022-05-01T09:30:00+00:00,2768.57,2768.61,2755.65,2760.27,1678.67,4634902.2471
1651398300000,2022-05-01T09:45:00+00:00,2760.27,2766.87,2760.23,2766.48,2060.57,5696141.7682
1651399200000,2022-05-01T10:00:00+00:00,2766.48,2768.36,2762.57,2767.98,265.33,734191.6625
1651400100000,2022-05-01T10:15:00+00:00,2767.98,2773.81,2763.43,2769.84,483.32,1339046.5689
1651401000000,2022-05-01T10:30:00+00:00,2769.84,2773.99,2763.5,2764.1,268.46,742678.286
1651401900000,2022-05-01T10:45:00+00:00,2764.1,2769.68,2758.48,2764.48,788.16,2177584.5451
1651402800000,2022-05-01T11:00:00+00:00,2764.48,2765.57,2759.27,2759.84,353.44,976470.0192
1651403700000,2022-05-01T11:15:00+00:00,2759.84,2767.12,2751.3,2760.79,792.05,2185889.9903
1651404600000,2022-05-01T11:30:00+00:00,2760.79,2762.09,2753.26,2756.2,418.45,1153464.5809
1651405500000,2022-05-01T11:45:00+00:00,2756.2,2759.31,2752.68,2754.8,626.82,1727313.9736
1651406400000,2022-05-01T12:00:00+00:00,2754.8,2760.44,2751.04,2758.72,474.89,1308684.8681
1651407300000,2022-05-01T12:15:00+00:00,2758.72,2768.38,2753.26,2762.56,525.25,1451090.2771
1651408200000,2022-05-01T12:30:00+00:00,2762.56,2765.12,2757.25,2761.57,416.09,1148164.3097
1651409100000,2022-05-01T12:45:00+00:00,2761.57,2762.87,2754.78,2761.89,336.29,927566.7784
1651410000000,2022-05-01T13:00:00+00:00,2761.89,2764.71,2758.08,2762.98,364.17,1005271.866
1651410900000,2022-05-01T13:15:00+00:00,2762.98,2767.55,2760.34,2764.03,461.95,1276626.1192
1651411800000,2022-05-01T13:30:00+00:00,2764.03,2769.27,2762.13,2763.16,266.4,736601.8337
1651412700000,2022-05-01T13:45:00+00:00,2763.16,2763.35,2754.66,2755.7,957,2640074.2259
1651413600000,2022-05-01T14:00:00+00:00,2755.7,2759.01,2752.26,2758.64,932.98,2570065.4379
1651414500000,2022-05-01T14:15:00+00:00,2758.64,2765.4,2758.49,2759.47,559.57,1545555.1481
1651415400000,2022-05-01T14:30:00+00:00,2759.47,2764.62,2756.43,2764.17,413.61,1141765.7953
1651416300000,2022-05-01T14:45:00+00:00,2764.17,2764.64,2757.29,2758.31,388.8,1073959.316
1651417200000,2022-05-01T15:00:00+00:00,2758.31,2768.58,2758.31,2765.77,349.52,966482.7305
1651418100000,2022-05-01T15:15:00+00:00,2765.77,2796.4,2762.66,2795.37,1933.18,5379486.0999
1651419000000,2022-05-01T15:30:00+00:00,2795.37,2801.36,2786.35,2789.91,2562.18,7156233.1641
1651419900000,2022-05-01T15:45:00+00:00,2789.91,2817.6,2784.34,2803.82,3108.92,8721573.2751
1651420800000,2022-05-01T16:00:00+00:00,2803.82,2827.45,2799.37,2816.99,2364.52,6658150.8012
1651421700000,2022-05-01T16:15:00+00:00,2816.99,2825.3,2813.9,2815.47,703.88,1983855.7841
1651422600000,2022-05-01T16:30:00+00:00,2815.47,2820.38,2810.34,2819.3,616.66,1736071.1005
1651423500000,2022-05-01T16:45:00+00:00,2819.3,2823.7,2809.84,2810.35,809.65,2282247.0414
1651424400000,2022-05-01T17:00:00+00:00,2810.35,2818.53,2809.2,2816.53,1180.34,3320376.7706
1651425300000,2022-05-01T17:15:00+00:00,2816.53,2816.53,2802.46,2810.52,830.8,2330735.5407
1651426200000,2022-05-01T17:30:00+00:00,2810.52,2811.65,2804.38,2809.68,325.12,913106.7115
1651427100000,2022-05-01T17:45:00+00:00,2809.68,2812.8,2803.3,2805.64,275.72,773963.8055
1651428000000,2022-05-01T18:00:00+00:00,2805.64,2806.85,2797.33,2801.35,851.9,2385900.2939
1651428900000,2022-05-01T18:15:00+00:00,2801.35,2802.94,2786.51,2789.94,726,2026658.1744
1651429800000,2022-05-01T18:30:00+00:00,2789.94,2793.65,2786.22,2789.06,588.51,1641074.3362
1651430700000,2022-05-01T18:45:00+00:00,2789.06,2789.06,2769.26,2771.33,1767.53,4911873.6351
1651431600000,2022-05-01T19:00:00+00:00,2771.33,2775,2758.58,2763.71,1064.36,2941729.5714
1651432500000,2022-05-01T19:15:00+00:00,2763.71,2763.71,2756.11,2756.69,277.01,764380.7479
1651433400000,2022-05-01T19:30:00+00:00,2756.69,2772.54,2753.54,2770.48,964.84,2665905.3631
1651434300000,2022-05-01T19:45:00+00:00,2770.48,2772.53,2762.08,2763.45,412.16,1141513.3
1651435200000,2022-05-01T20:00:00+00:00,2763.45,2768.8,2756.71,2767.79,393.76,1088517.9432
1651436100000,2022-05-01T20:15:00+00:00,2767.79,2774.28,2763,2771.47,348.52,965080.689
1651437000000,2022-05-01T20:30:00+00:00,2771.47,2775.21,2769.06,2770.09,369.59,1024611.2208
1651437900000,2022-05-01T20:45:00+00:00,2770.09,2815.26,2769.93,2812.16,1214.14,3396124.9711
1651438800000,2022-05-01T21:00:00+00:00,2812.16,2817.94,2792.1,2802.35,1683.56,4726226.6996
1651439700000,2022-05-01T21:15:00+00:00,2802.35,2809.7,2801.04,2802.6,590.63,1656836.906
1651440600000,2022-05-01T21:30:00+00:00,2802.6,2802.64,2791.31,2799.53,605.37,1693904.6421
1651441500000,2022-05-01T21:45:00+00:00,2799.53,2807.9,2799.1,2806.93,715.45,2006038.3095
1651442400000,2022-05-01T22:00:00+00:00,2806.93,2822.58,2805.34,2821.23,1121.48,3159625.7887
1651443300000,2022-05-01T22:15:00+00:00,2821.23,2822.16,2795.72,2800.93,1549.4,4346920.094
1651444200000,2022-05-01T22:30:00+00:00,2800.93,2801.97,2791.69,2801.93,892.61,2495229.0456
1651445100000,2022-05-01T22:45:00+00:00,2801.93,2813.44,2797.99,2803.34,866.13,2430533.4809
1651446000000,2022-05-01T23:00:00+00:00,2803.34,2820.42,2800.54,2816.96,1520.8,4279770.8088
1651446900000,2022-05-01T23:15:00+00:00,2816.96,2847.71,2811.69,2838.11,8197.27,23202932.052
1651447800000,2022-05-01T23:30:00+00:00,2838.11,2841.9,2825.55,2826.29,2469.5,6993922.8241
1651448700000,2022-05-01T23:45:00+00:00,2826.29,2831.2,2821.19,2823.39,2478.36,7006435.3865
1651449600000,2022-05-02T00:00:00+00:00,2823.39,2838.33,2821.43,2836.74,1432.81,4061312.1951
1651450500000,2022-05-02T00:15:00+00:00,2836.74,2848.33,2833.42,2839.75,2076.69,5900704.2029
1651451400000,2022-05-02T00:30:00+00:00,2839.75,2848.59,2835.53,2839.9,2544.32,7223882.7331
1651452300000,2022-05-02T00:45:00+00:00,2839.9,2840.94,2833.59,2839.84,3367.43,9553312.8893
1651453200000,2022-05-02T01:00:00+00:00,2839.84,2846.3,2839.54,2845.11,4823.17,13710812.4777
1651454100000,2022-05-02T01:15:00+00:00,2845.11,2847.21,2841.36,2842.56,1924.99,5473266.4595
1651455000000,2022-05-02T01:30:00+00:00,2842.56,2844.2,2835.65,2839.79,6355.48,18039218.848
1651455900000,2022-05-02T01:45:00+00:00,2839.79,2842.33,2831.76,2833.22,4652.54,13189057.5567
1651456800000,2022-05-02T02:00:00+00:00,2833.22,2839.39,2827.5,2833.91,7503.91,21263022.7885
1651457700000,2022-05-02T02:15:00+00:00,2833.91,2838.45,2830,2835.89,4376.66,12402088.5556
1651458600000,2022-05-02T02:30:00+00:00,2835.9,2839.25,2833.46,2834.78,929.81,2637487.5847
1651459500000,2022-05-02T02:45:00+00:00,2834.78,2840,2832.39,2837.84,2387.46,6769868.1374
1651460400000,2022-05-02T03:00:00+00:00,2837.84,2845.38,2836.22,2839.34,2426.61,6894031.8254
1651461300000,2022-05-02T03:15:00+00:00,2839.34,2840.99,2834,2834.56,1414.85,4014222.7345
1651462200000,2022-05-02T03:30:00+00:00,2834.56,2843.25,2833.84,2842.75,4113.06,11670563.252
1651463100000,2022-05-02T03:45:00+00:00,2842.75,2844.47,2838.48,2839.2,5672.58,16117174.5158
1651464000000,2022-05-02T04:00:00+00:00,2839.2,2843.59,2835.85,2836.33,4110.95,11673181.9271
1651464900000,2022-05-02T04:15:00+00:00,2836.33,2836.68,2830.48,2834.77,4959.2,14049506.7524
1651465800000,2022-05-02T04:30:00+00:00,2834.77,2839.91,2834.28,2837.13,2026.4,5747139.1015
1651466700000,2022-05-02T04:45:00+00:00,2837.13,2864.69,2835.97,2855.87,6875.24,19616451.5938
1651467600000,2022-05-02T05:00:00+00:00,2855.87,2859.73,2851.14,2855.93,3762.52,10747593.3103
1651468500000,2022-05-02T05:15:00+00:00,2855.93,2855.94,2848,2850.66,5403.23,15407543.9836
1651469400000,2022-05-02T05:30:00+00:00,2850.66,2858.67,2850.66,2853.98,4585.3,13091141.4463
1651470300000,2022-05-02T05:45:00+00:00,2853.98,2865.85,2853.95,2859.52,6835.14,19558027.1602
1651471200000,2022-05-02T06:00:00+00:00,2859.52,2873,2859.09,2862.36,4310.57,12353027.3394
1651472100000,2022-05-02T06:15:00+00:00,2862.36,2866.24,2859.5,2863.93,3110.34,8904276.3202
1651473000000,2022-05-02T06:30:00+00:00,2863.93,2864.83,2859.55,2860.33,799.75,2288532.9511
1651473900000,2022-05-02T06:45:00+00:00,2860.33,2863.3,2854.69,2856.07,3309.1,9458323.936
1651474800000,2022-05-02T07:00:00+00:00,2856.07,2863.86,2854.13,2862.33,3697.51,10567111.1638
1651475700000,2022-05-02T07:15:00+00:00,2862.33,2864.2,2856,2857.02,3082.06,8813217.6721
1651476600000,2022-05-02T07:30:00+00:00,2857.02,2857.04,2852.15,2855.32,2383.68,6802061.0117
1651477500000,2022-05-02T07:45:00+00:00,2855.32,2855.42,2840.66,2844.89,4635.49,13191925.1941
1651478400000,2022-05-02T08:00:00+00:00,2844.89,2854.29,2843.95,2848.4,6304.59,17965277.7202
1651479300000,2022-05-02T08:15:00+00:00,2848.4,2850.98,2837.52,2840.54,4609.8,13111111.0203
1651480200000,2022-05-02T08:30:00+00:00,2840.54,2842,2831.34,2840.87,7425.45,21053350.1119
1651481100000,2022-05-02T08:45:00+00:00,2840.87,2842.42,2833.81,2837.51,1800.32,5109583.4899
1651482000000,2022-05-02T09:00:00+00:00,2837.51,2841.62,2835.51,2836.31,1441.3,4091833.8688
1651482900000,2022-05-02T09:15:00+00:00,2836.31,2841.32,2835.22,2839.83,1880.3,5338881.9344
1651483800000,2022-05-02T09:30:00+00:00,2839.83,2846.99,2837.98,2838.44,4611.03,13107510.1349
1651484700000,2022-05-02T09:45:00+00:00,2838.44,2839.15,2805.73,2808.77,10071.19,28406946.5026
1651485600000,2022-05-02T10:00:00+00:00,2808.77,2811.49,2804.63,2809.16,1775.47,4987441.1215
1651486500000,2022-05-02T10:15:00+00:00,2809.16,2816.07,2801.69,2814.81,1422.91,3998985.0022
1651487400000,2022-05-02T10:30:00+00:00,2814.81,2817.95,2811,2811.1,756.71,2129170.8141
1651488300000,2022-05-02T10:45:00+00:00,2811.1,2812.36,2800.75,2804.75,1402.23,3933430.4156
1651489200000,2022-05-02T11:00:00+00:00,2804.75,2807.85,2794.65,2796.75,2635.04,7376571.5691
1651490100000,2022-05-02T11:15:00+00:00,2796.75,2807.15,2793.55,2803.88,2107.84,5900994.7096
1651491000000,2022-05-02T11:30:00+00:00,2803.88,2803.9,2791.78,2794.48,1495.9,4183583.034
1651491900000,2022-05-02T11:45:00+00:00,2794.48,2797.79,2788.45,2793.55,2719.99,7591590.6793
1651492800000,2022-05-02T12:00:00+00:00,2793.55,2796.21,2787.85,2794.33,1467.53,4096390.7282
1651493700000,2022-05-02T12:15:00+00:00,2794.33,2809.48,2794.25,2805.51,2110.43,5918067.3035
1651494600000,2022-05-02T12:30:00+00:00,2805.51,2809.95,2797.69,2801.51,1140.26,3196694.2802
1651495500000,2022-05-02T12:45:00+00:00,2801.51,2801.71,2792.35,2793.83,1390.2,3887745.2802
1651496400000,2022-05-02T13:00:00+00:00,2793.83,2819.47,2793.01,2815.15,2729.63,7668899.2846
1651497300000,2022-05-02T13:15:00+00:00,2815.22,2821.45,2808.15,2816.12,2627.79,7395862.3632
1651498200000,2022-05-02T13:30:00+00:00,2816.12,2842.27,2775.86,2825.82,13010.63,36541629.8059
1651499100000,2022-05-02T13:45:00+00:00,2825.82,2837.76,2815.74,2828.38,5505.73,15560570.1015
1651500000000,2022-05-02T14:00:00+00:00,2828.38,2832.94,2810.27,2811.62,2558.04,7214716.082
1651500900000,2022-05-02T14:15:00+00:00,2811.62,2833.67,2803,2830.89,3692.68,10403732.0449
1651501800000,2022-05-02T14:30:00+00:00,2830.89,2850,2830.46,2835.02,5688.33,16157878.7505
1651502700000,2022-05-02T14:45:00+00:00,2835.02,2836.03,2819,2825.18,4527.24,12807020.0484
1651503600000,2022-05-02T15:00:00+00:00,2825.18,2832.85,2816.53,2830.62,1283.4,3623651.1895
1651504500000,2022-05-02T15:15:00+00:00,2830.62,2833.64,2816.52,2820.56,2270.11,6403487.6584
1651505400000,2022-05-02T15:30:00+00:00,2820.56,2827.7,2812.03,2817.14,1931.7,5443948.7703
1651506300000,2022-05-02T15:45:00+00:00,2817.14,2826.27,2815.63,2825.47,1816.71,5122040.0437
1651507200000,2022-05-02T16:00:00+00:00,2825.47,2827.93,2816.37,2819.46,1417.03,4000101.9386
1651508100000,2022-05-02T16:15:00+00:00,2819.46,2835.08,2814.24,2828.78,2982.34,8440144.2079
1651509000000,2022-05-02T16:30:00+00:00,2828.78,2832.13,2822.32,2823.21,2155.9,6094089.3941
1651509900000,2022-05-02T16:45:00+00:00,2823.21,2824.29,2804.01,2807.76,5211.16,14653264.6075
1651510800000,2022-05-02T17:00:00+00:00,2807.76,2809.74,2791.79,2806.02,3587.03,10047729.8174
1651511700000,2022-05-02T17:15:00+00:00,2806.02,2806.02,2794.94,2801.05,400.49,1121736.4898
1651512600000,2022-05-02T17:30:00+00:00,2801.05,2805.51,2789.8,2792.56,780.72,2183836.6562
1651513500000,2022-05-02T17:45:00+00:00,2792.56,2795.49,2782.76,2795.38,1171.71,3267735.7875
1651514400000,2022-05-02T18:00:00+00:00,2795.38,2801.58,2776.95,2780.86,1263.24,3519526.4684
1651515300000,2022-05-02T18:15:00+00:00,2780.86,2796.85,2779.31,2790.17,938.62,2615898.9582
1651516200000,2022-05-02T18:30:00+00:00,2790.09,2797.71,2786.19,2791.71,274.25,765779.0003
1651517100000,2022-05-02T18:45:00+00:00,2791.71,2808.28,2789.58,2799.09,603.3,1690938.1301
1651518000000,2022-05-02T19:00:00+00:00,2799.09,2817.2,2793.94,2813.35,1634.54,4586416.7618
1651518900000,2022-05-02T19:15:00+00:00,2813.35,2835.55,2811.11,2827.21,1932.45,5463604.2666
1651519800000,2022-05-02T19:30:00+00:00,2827.21,2844.99,2827.21,2827.75,1274.5,3619143.9931
1651520700000,2022-05-02T19:45:00+00:00,2827.75,2849.15,2826.8,2838.9,2268.02,6448949.414
1651521600000,2022-05-02T20:00:00+00:00,2838.9,2845.53,2834.05,2834.37,506.83,1438810.0182
1651522500000,2022-05-02T20:15:00+00:00,2834.37,2842,2834.31,2839.61,302.76,859553.2326
1651523400000,2022-05-02T20:30:00+00:00,2839.61,2843.56,2833.11,2835.06,481.73,1367749.7665
1651524300000,2022-05-02T20:45:00+00:00,2835.06,2835.09,2825.04,2825.76,618.98,1750988.4233
1651525200000,2022-05-02T21:00:00+00:00,2825.76,2832.99,2822.92,2831.6,620.45,1754107.2109
1651526100000,2022-05-02T21:15:00+00:00,2831.6,2853.64,2831.6,2852.32,1025.31,2919375.2753
1651527000000,2022-05-02T21:30:00+00:00,2852.32,2868.72,2852.32,2861.61,2548.55,7293882.3567
1651527900000,2022-05-02T21:45:00+00:00,2861.61,2868.46,2857.95,2864.96,829.44,2375299.8592
1651528800000,2022-05-02T22:00:00+00:00,2864.96,2878.43,2864.74,2875.4,1153.34,3311060.2652
1651529700000,2022-05-02T22:15:00+00:00,2875.47,2881.84,2865.84,2867.82,900.74,2588189.1332
1651530600000,2022-05-02T22:30:00+00:00,2867.82,2868.18,2861.01,2862.55,1026.37,2939233.5853
1651531500000,2022-05-02T22:45:00+00:00,2862.55,2864.57,2860.03,2860.54,1420.8,4066600.3044
1651532400000,2022-05-02T23:00:00+00:00,2860.54,2873.32,2860,2868.36,3095.79,8875113.7487
1651533300000,2022-05-02T23:15:00+00:00,2868.36,2872.97,2867.6,2867.61,1657.05,4757725.1072
1651534200000,2022-05-02T23:30:00+00:00,2867.61,2870.19,2856.18,2857.29,4485.28,12833296.9706
1651535100000,2022-05-02T23:45:00+00:00,2857.29,2858.65,2849.45,2854.87,1848.28,5278206.7835
1651536000000,2022-05-03T00:00:00+00:00,2854.87,2859.89,2851.71,2858.29,2385.14,6811936.0182
1651536900000,2022-05-03T00:15:00+00:00,2858.29,2859.04,2846.24,2846.42,2863.63,8166891.3645
1651537800000,2022-05-03T00:30:00+00:00,2846.42,2849.46,2840.08,2842.65,4267.49,12133632.1581
1651538700000,2022-05-03T00:45:00+00:00,2842.65,2843.44,2834.13,2835.65,4651.51,13200723.547
1651539600000,2022-05-03T01:00:00+00:00,2835.65,2840.23,2831.01,2834.06,2004.58,5681240.8039
1651540500000,2022-05-03T01:15:00+00:00,2834.06,2835.11,2829.04,2830.55,2918.58,8262925.7281
1651541400000,2022-05-03T01:30:00+00:00,2830.55,2840.75,2830.54,2837.34,2169.64,6154986.281
1651542300000,2022-05-03T01:45:00+00:00,2837.34,2843.8,2835.74,2843.37,943.63,2681827.1714
1651543200000,2022-05-03T02:00:00+00:00,2843.37,2852.06,2841.94,2844,5154.51,14675850.1985
1651544100000,2022-05-03T02:15:00+00:00,2844,2846.07,2840.63,2841.66,420.05,1194657.0884
1651545000000,2022-05-03T02:30:00+00:00,2841.66,2842.61,2826.5,2834.11,7102.74,20132190.9664
1651545900000,2022-05-03T02:45:00+00:00,2834.11,2847.47,2832.04,2837.4,5675.91,16126915.3692
1651546800000,2022-05-03T03:00:00+00:00,2837.4,2853.66,2836.67,2846.69,4055.51,11549180.3002
1651547700000,2022-05-03T03:15:00+00:00,2846.69,2855.04,2846.69,2852.2,1634.13,4660931.4
1651548600000,2022-05-03T03:30:00+00:00,2852.2,2852.79,2845.76,2846.37,1728.14,4922819.7644
1651549500000,2022-05-03T03:45:00+00:00,2846.37,2849.24,2842.85,2849.2,1212.09,3447309.6261
1651550400000,2022-05-03T04:00:00+00:00,2849.2,2853.37,2846.55,2847.5,2896.22,8255920.4883
1651551300000,2022-05-03T04:15:00+00:00,2847.5,2847.86,2842.97,2844.18,4751.19,13517819.5574
1651552200000,2022-05-03T04:30:00+00:00,2844.18,2849.49,2843.68,2848.15,1298.61,3697880.4242
1651553100000,2022-05-03T04:45:00+00:00,2848.15,2853.48,2846.45,2848.37,4411.06,12573494.7243
1651554000000,2022-05-03T05:00:00+00:00,2848.37,2848.52,2829.35,2832.15,8539.68,24226224.0592
1651554900000,2022-05-03T05:15:00+00:00,2832.15,2838,2831,2837.34,1112.09,3152196.3295
1651555800000,2022-05-03T05:30:00+00:00,2837.34,2842.61,2837.04,2839.22,5395.17,15323608.5775
1651556700000,2022-05-03T05:45:00+00:00,2839.22,2844.39,2836.25,2842.81,2450.02,6962118.1675
1651557600000,2022-05-03T06:00:00+00:00,2842.81,2844.23,2837.12,2837.61,1563.53,4440906.6608
1651558500000,2022-05-03T06:15:00+00:00,2837.61,2845.51,2835.49,2843.87,2121.42,6028547.1346
1651559400000,2022-05-03T06:30:00+00:00,2843.87,2847.49,2841.47,2843.65,1108.98,3154742.0307
1651560300000,2022-05-03T06:45:00+00:00,2843.65,2843.67,2837.05,2838.57,1397.04,3968538.673
1651561200000,2022-05-03T07:00:00+00:00,2838.57,2840.15,2833.4,2839.78,5146.37,14596890.1158
1651562100000,2022-05-03T07:15:00+00:00,2839.78,2841.67,2838.24,2841.65,1905.24,5411811.9466
1651563000000,2022-05-03T07:30:00+00:00,2841.65,2846.45,2836.63,2837.34,5969.15,16969959.7393
1651563900000,2022-05-03T07:45:00+00:00,2837.34,2843.82,2833.94,2843.73,9492.88,26943552.0656
1651564800000,2022-05-03T08:00:00+00:00,2843.73,2848.35,2842.84,2844.72,2116.66,6022054.311
1651565700000,2022-05-03T08:15:00+00:00,2844.72,2849.04,2844.5,2845.62,1636.43,4659140.8931
1651566600000,2022-05-03T08:30:00+00:00,2845.62,2852.96,2845.58,2846.15,3588.68,10229658.7003
1651567500000,2022-05-03T08:45:00+00:00,2846.15,2847.06,2843.32,2844,2077.05,5909879.4254
1651568400000,2022-05-03T09:00:00+00:00,2844,2845.25,2840.29,2843.72,3069.36,8724409.8549
1651569300000,2022-05-03T09:15:00+00:00,2843.72,2844.41,2839.88,2839.92,552.25,1569630.0511
1651570200000,2022-05-03T09:30:00+00:00,2839.92,2845.43,2833.06,2837.25,3648.23,10351951.1901
1651571100000,2022-05-03T09:45:00+00:00,2837.25,2838.39,2831.14,2832.28,3916.83,11102723.4124
1651572000000,2022-05-03T10:00:00+00:00,2832.28,2833.57,2826.78,2829.68,2000.66,5662903.6496
1651572900000,2022-05-03T10:15:00+00:00,2829.68,2832.76,2821.84,2827.64,1926.23,5444308.7307
1651573800000,2022-05-03T10:30:00+00:00,2827.64,2830.44,2824.84,2826.88,1279.2,3617027.8103
1651574700000,2022-05-03T10:45:00+00:00,2826.88,2831.8,2822.45,2828.79,498.08,1408410.7609
1651575600000,2022-05-03T11:00:00+00:00,2828.79,2831.99,2824.72,2831.06,275.38,778807.8893
1651576500000,2022-05-03T11:15:00+00:00,2831.06,2840.53,2823.63,2837.99,2105.26,5967914.6605
1651577400000,2022-05-03T11:30:00+00:00,2837.99,2842.83,2834.31,2834.32,1590.56,4516713.2363
1651578300000,2022-05-03T11:45:00+00:00,2834.32,2848.38,2834.31,2847.63,5142.79,14637238.0756
1651579200000,2022-05-03T12:00:00+00:00,2847.63,2849.35,2841.88,2842.54,2447.98,6964105.9753
1651580100000,2022-05-03T12:15:00+00:00,2842.54,2844,2835.17,2838.31,851.9,2418457.0804
1651581000000,2022-05-03T12:30:00+00:00,2838.31,2843.64,2837.29,2842.47,408.79,1161301.1998
1651581900000,2022-05-03T12:45:00+00:00,2842.47,2843.21,2836.39,2836.39,417.56,1185603.2647
1651582800000,2022-05-03T13:00:00+00:00,2836.39,2841.13,2833.52,2834.64,852.84,2418970.3208
1651583700000,2022-05-03T13:15:00+00:00,2834.64,2835.94,2828.96,2832.12,2329.81,6602537.3371
1651584600000,2022-05-03T13:30:00+00:00,2832.12,2840.5,2820.52,2825.48,4358.12,12332153.1288
1651585500000,2022-05-03T13:45:00+00:00,2825.75,2833.89,2814.15,2832.7,5244.87,14816012.7052
1651586400000,2022-05-03T14:00:00+00:00,2832.7,2845.89,2824.52,2829.33,4883.38,13858135.609
1651587300000,2022-05-03T14:15:00+00:00,2829.34,2833.67,2822.34,2833.67,2694.04,7615657.5941
1651588200000,2022-05-03T14:30:00+00:00,2833.67,2835.06,2820.46,2820.78,1064.33,3008050.2825
1651589100000,2022-05-03T14:45:00+00:00,2820.78,2823.27,2816.8,2820.49,1639.61,4622805.7768
1651590000000,2022-05-03T15:00:00+00:00,2820.49,2834.2,2813.88,2831.78,3132.69,8860675.5886
1651590900000,2022-05-03T15:15:00+00:00,2831.78,2832.75,2823.72,2827.5,1788.24,5057547.9069
1651591800000,2022-05-03T15:30:00+00:00,2827.5,2831.19,2819.46,2819.78,836.51,2362380.9258
1651592700000,2022-05-03T15:45:00+00:00,2819.74,2823.07,2816.24,2820.72,1141.12,3217907.4816
1651593600000,2022-05-03T16:00:00+00:00,2820.72,2826.12,2799.35,2805.29,5827.01,16366800.0938
1651594500000,2022-05-03T16:15:00+00:00,2805.29,2808.98,2800.47,2804.04,2183.86,6122720.1299
1651595400000,2022-05-03T16:30:00+00:00,2804.04,2808.59,2798.75,2805.33,3035.52,8508398.8508
1651596300000,2022-05-03T16:45:00+00:00,2805.33,2811.5,2802.18,2804.85,4343.11,12194576.7781
1651597200000,2022-05-03T17:00:00+00:00,2804.85,2811.68,2801.32,2809.55,3521.35,9879014.5008
1651598100000,2022-05-03T17:15:00+00:00,2809.55,2824.97,2809.55,2817.42,2030.25,5722095.8576
1651599000000,2022-05-03T17:30:00+00:00,2817.42,2819.36,2811.2,2814.95,165.56,466106.8755
1651599900000,2022-05-03T17:45:00+00:00,2814.95,2815.4,2800.87,2800.87,986.17,2767286.1555
1651600800000,2022-05-03T18:00:00+00:00,2800.87,2800.87,2782.36,2783.82,6840.13,19094781.0192
1651601700000,2022-05-03T18:15:00+00:00,2783.82,2789.24,2780,2780.36,1375.81,3830756.2053
1651602600000,2022-05-03T18:30:00+00:00,2780.36,2797.85,2767.86,2777.52,3559.81,9904580.2121
1651603500000,2022-05-03T18:45:00+00:00,2777.52,2782.23,2771.79,2782.18,870.48,2418402.4265
1651604400000,2022-05-03T19:00:00+00:00,2782.18,2783.46,2773.88,2777.83,1060.9,2945308.5572
1651605300000,2022-05-03T19:15:00+00:00,2777.83,2780,2769.26,2772.05,373.43,1035327.4231
1651606200000,2022-05-03T19:30:00+00:00,2772.05,2777.3,2759.17,2764.37,1291.74,3569770.2768
1651607100000,2022-05-03T19:45:00+00:00,2764.37,2778.2,2760.36,2771.14,1190.63,3298374.7689
1651608000000,2022-05-03T20:00:00+00:00,2771.14,2772.11,2759.18,2762.09,1086.41,3001912.5878
1651608900000,2022-05-03T20:15:00+00:00,2762.09,2767.89,2753.19,2765.61,573.67,1582703.4969
1651609800000,2022-05-03T20:30:00+00:00,2765.61,2767.9,2759.16,2760.18,206.78,571469.2255
1651610700000,2022-05-03T20:45:00+00:00,2760.18,2790.62,2759.56,2784.69,367.29,1020019.8626
1651611600000,2022-05-03T21:00:00+00:00,2784.69,2784.69,2768.29,2779.36,764.35,2122466.863
1651612500000,2022-05-03T21:15:00+00:00,2779.36,2795.12,2779.06,2794.1,831.73,2318020.0886
1651613400000,2022-05-03T21:30:00+00:00,2794.1,2794.21,2779.56,2785.21,652.39,1815939.9512
1651614300000,2022-05-03T21:45:00+00:00,2785.21,2791.66,2780.82,2785.51,615.11,1713681.6375
1651615200000,2022-05-03T22:00:00+00:00,2785.51,2786.46,2778.06,2781.06,740.95,2060768.43
1651616100000,2022-05-03T22:15:00+00:00,2781.06,2798.96,2778.74,2794.81,895.36,2501446.0813
1651617000000,2022-05-03T22:30:00+00:00,2794.81,2796.28,2788.25,2788.37,228.02,636711.5087
1651617900000,2022-05-03T22:45:00+00:00,2788.37,2788.77,2782.85,2783.16,973.37,2712152.2791
1651618800000,2022-05-03T23:00:00+00:00,2783.16,2784.1,2774.37,2778.12,826.47,2297819.2191
1651619700000,2022-05-03T23:15:00+00:00,2778.12,2780.97,2774.68,2777.67,268.67,746382.7671
1651620600000,2022-05-03T23:30:00+00:00,2777.67,2787.06,2773.58,2784.78,1325.64,3688897.2734
1651621500000,2022-05-03T23:45:00+00:00,2784.78,2787.33,2778.43,2779.89,545.15,1516012.0649
1651622400000,2022-05-04T00:00:00+00:00,2779.89,2784.25,2769.68,2781.48,6889.5,19132846.1103
1651623300000,2022-05-04T00:15:00+00:00,2781.48,2782.93,2776.8,2778.26,527.82,1467228.3965
1651624200000,2022-05-04T00:30:00+00:00,2778.26,2795.51,2778.06,2789.76,4768.55,13289157.7433
1651625100000,2022-05-04T00:45:00+00:00,2789.76,2793.74,2788.77,2792.3,1223.94,3415516.8005
1651626000000,2022-05-04T01:00:00+00:00,2792.3,2795.88,2790.37,2791.15,1594.02,4452328.967
1651626900000,2022-05-04T01:15:00+00:00,2791.15,2791.19,2787.42,2789.03,2308.99,6440757.7333
1651627800000,2022-05-04T01:30:00+00:00,2789.03,2790.42,2784.69,2787.71,892.04,2487255.5707
1651628700000,2022-05-04T01:45:00+00:00,2787.71,2788.07,2785.42,2786.96,539.44,1503216.9931
1651629600000,2022-05-04T02:00:00+00:00,2786.96,2791.64,2785.97,2788.23,715.43,1995216.5146
1651630500000,2022-05-04T02:15:00+00:00,2788.23,2809.6,2788.17,2801.55,4107.72,11508192.7884
1651631400000,2022-05-04T02:30:00+00:00,2801.55,2803.68,2796.27,2796.54,1169.57,3275194.0916
1651632300000,2022-05-04T02:45:00+00:00,2796.54,2797.35,2789.67,2792.42,909.7,2540325.8621
1651633200000,2022-05-04T03:00:00+00:00,2792.42,2797.25,2792.42,2795.07,1388.35,3882185.7069
1651634100000,2022-05-04T03:15:00+00:00,2795.07,2798.99,2794.2,2797.09,1194.48,3341172.3661
1651635000000,2022-05-04T03:30:00+00:00,2797.09,2802.68,2796.4,2802.51,1729.92,4843982.9386
1651635900000,2022-05-04T03:45:00+00:00,2802.51,2802.58,2796.7,2797.37,455.08,1274253.6206
1651636800000,2022-05-04T04:00:00+00:00,2797.37,2812.93,2797.34,2801.49,4727.89,13252802.7131
1651637700000,2022-05-04T04:15:00+00:00,2801.49,2801.65,2795.26,2795.83,1058.03,2960994.9536
1651638600000,2022-05-04T04:30:00+00:00,2795.83,2797.59,2792.86,2795.36,946.21,2644563.2023
1651639500000,2022-05-04T04:45:00+00:00,2795.36,2795.88,2792.45,2793,3293.4,9203587.9083
1651640400000,2022-05-04T05:00:00+00:00,2793,2795.73,2791.66,2794.61,2104.53,5877812.9814
1651641300000,2022-05-04T05:15:00+00:00,2794.61,2794.9,2787.46,2791.9,2658.56,7418364.5691
1651642200000,2022-05-04T05:30:00+00:00,2791.9,2795.8,2787.45,2788.04,2182.8,6094837.974
1651643100000,2022-05-04T05:45:00+00:00,2788.04,2795.48,2787.75,2791.65,2548.86,7114068.8875
1651644000000,2022-05-04T06:00:00+00:00,2791.65,2810.49,2791.27,2808.18,7747.44,21709085.6443
1651644900000,2022-05-04T06:15:00+00:00,2808.18,2809.55,2806.37,2806.68,1794.26,5038994.9022
1651645800000,2022-05-04T06:30:00+00:00,2806.68,2813.69,2806.57,2813.69,1424.03,4003180.426
1651646700000,2022-05-04T06:45:00+00:00,2813.69,2818.15,2811.12,2817.01,2663.47,7495988.7276
1651647600000,2022-05-04T07:00:00+00:00,2817.01,2819.35,2810.58,2812.41,2544.61,7163497.5294
1651648500000,2022-05-04T07:15:00+00:00,2812.41,2817.27,2812.34,2815.51,2944.08,8291706.4604
1651649400000,2022-05-04T07:30:00+00:00,2815.51,2819.52,2812.97,2816.56,397.51,1119391.4232
1651650300000,2022-05-04T07:45:00+00:00,2816.56,2833.36,2816.56,2828.77,6352.64,17949928.9718
1651651200000,2022-05-04T08:00:00+00:00,2828.77,2838.74,2826.63,2834.71,7381.53,20921417.6107
1651652100000,2022-05-04T08:15:00+00:00,2834.71,2843.8,2831.31,2842.53,5025.51,14260959.2397
1651653000000,2022-05-04T08:30:00+00:00,2842.53,2848.55,2836.2,2838.16,3842.87,10921038.1
1651653900000,2022-05-04T08:45:00+00:00,2838.16,2845.39,2835.44,2843.58,4189.49,11903162.6198
1651654800000,2022-05-04T09:00:00+00:00,2843.58,2846.26,2833.97,2837.03,5265.08,14945464.7047
1651655700000,2022-05-04T09:15:00+00:00,2837.03,2840.49,2830.93,2832.95,3988.13,11299290.7687
1651656600000,2022-05-04T09:30:00+00:00,2832.95,2842.45,2832.06,2839.07,5974.54,16957946.1756
1651657500000,2022-05-04T09:45:00+00:00,2839.07,2839.54,2829.06,2832.8,3582.2,10149765.5427
1651658400000,2022-05-04T10:00:00+00:00,2832.8,2846.8,2830.19,2845.83,5518.46,15667674.7342
1651659300000,2022-05-04T10:15:00+00:00,2845.83,2859.25,2844.04,2854.96,8860.19,25267717.2499
1651660200000,2022-05-04T10:30:00+00:00,2854.96,2869.49,2852.21,2868.33,5775.72,16523791.0088
1651661100000,2022-05-04T10:45:00+00:00,2868.33,2869.91,2861.33,2863.65,1802.88,5165264.823
1651662000000,2022-05-04T11:00:00+00:00,2863.65,2868.49,2856.9,2862.7,710.01,2032013.5921
1651662900000,2022-05-04T11:15:00+00:00,2862.7,2888,2859.82,2877.32,2652.45,7631799.7259
1651663800000,2022-05-04T11:30:00+00:00,2877.32,2880.32,2868.38,2879.59,537.35,1544873.6562
1651664700000,2022-05-04T11:45:00+00:00,2879.59,2879.63,2870,2871.23,659.51,1895607.2485
1651665600000,2022-05-04T12:00:00+00:00,2871.23,2882.91,2862.61,2863.39,2554.65,7327083.8148
1651666500000,2022-05-04T12:15:00+00:00,2863.39,2867.13,2854.33,2855.77,1039.82,2973508.9804
1651667400000,2022-05-04T12:30:00+00:00,2855.77,2860.82,2848.95,2859.5,1079.87,3081962.343
1651668300000,2022-05-04T12:45:00+00:00,2859.5,2864.39,2857.77,2860.22,542.64,1551835.0948
1651669200000,2022-05-04T13:00:00+00:00,2860.22,2868.5,2859.29,2864,721.1,2066012.8518
1651670100000,2022-05-04T13:15:00+00:00,2864,2868.79,2862.69,2865.76,406.38,1164696.7549
1651671000000,2022-05-04T13:30:00+00:00,2865.76,2866.87,2854.2,2857.98,949.47,2713013.6272
1651671900000,2022-05-04T13:45:00+00:00,2857.98,2859.43,2835.61,2837.49,2238.05,6364782.3393
1651672800000,2022-05-04T14:00:00+00:00,2837.47,2845.42,2834.54,2841.43,2590.92,7359768.6801
1651673700000,2022-05-04T14:15:00+00:00,2841.43,2846.31,2836.3,2844.54,1052.26,2990663.3924
1651674600000,2022-05-04T14:30:00+00:00,2844.54,2846.84,2838.63,2843.89,796.17,2263208.5946
1651675500000,2022-05-04T14:45:00+00:00,2843.89,2846.32,2836.94,2838.24,723.48,2054353.3568
1651676400000,2022-05-04T15:00:00+00:00,2838.24,2839.48,2826.42,2831.94,1779.2,5040415.4032
1651677300000,2022-05-04T15:15:00+00:00,2831.94,2838.64,2831.73,2833.68,813.47,2306734.2772
1651678200000,2022-05-04T15:30:00+00:00,2833.68,2851.89,2828.71,2842.71,1513.46,4298384.5946
1651679100000,2022-05-04T15:45:00+00:00,2842.71,2850.48,2841.67,2843.57,938.32,2670743.0547
1651680000000,2022-05-04T16:00:00+00:00,2843.57,2847.73,2836,2847.73,3051.7,8671069.3105
1651680900000,2022-05-04T16:15:00+00:00,2847.73,2875,2844.86,2865.08,4990.76,14274657.5336
1651681800000,2022-05-04T16:30:00+00:00,2865.08,2866.88,2855,2858.4,1553.35,4440041.459
1651682700000,2022-05-04T16:45:00+00:00,2858.4,2859.56,2845.53,2856.99,1850.61,5274505.1381
1651683600000,2022-05-04T17:00:00+00:00,2856.99,2862.09,2836.61,2840.96,2939.14,8368530.2308
1651684500000,2022-05-04T17:15:00+00:00,2840.9,2848.54,2839.2,2843.29,823.29,2340718.4974
1651685400000,2022-05-04T17:30:00+00:00,2843.29,2845.69,2836.12,2843.72,944.92,2682825.306
1651686300000,2022-05-04T17:45:00+00:00,2843.72,2861,2837.9,2851.76,1508.75,4301461.596
1651687200000,2022-05-04T18:00:00+00:00,2851.76,2871.32,2838.22,2847.08,8732.91,24938499.1501
1651688100000,2022-05-04T18:15:00+00:00,2847.08,2860.48,2825.1,2856.08,4720.95,13412233.0442
1651689000000,2022-05-04T18:30:00+00:00,2856.08,2868.77,2826.47,2865.85,3534.24,10071905.7539
1651689900000,2022-05-04T18:45:00+00:00,2865.85,2946.89,2865.45,2934.51,10907.01,31744989.8212
1651690800000,2022-05-04T19:00:00+00:00,2934.51,2966.58,2929.81,2958.55,5277.29,15578912.4522
1651691700000,2022-05-04T19:15:00+00:00,2958.55,2963.54,2942.33,2949.22,3793.8,11200160.3357
1651692600000,2022-05-04T19:30:00+00:00,2949.22,2961.32,2948.73,2953.81,2230.06,6593539.3568
1651693500000,2022-05-04T19:45:00+00:00,2953.81,2957.42,2943.72,2954.18,2105.73,6208383.6667
1651694400000,2022-05-04T20:00:00+00:00,2954.18,2958,2949.21,2949.21,545.33,1610705.4068
1651695300000,2022-05-04T20:15:00+00:00,2949.21,2950.56,2944.51,2948.69,587.11,1730083.8001
1651696200000,2022-05-04T20:30:00+00:00,2948.69,2954.08,2947.94,2949.73,399.83,1180043.3772
1651697100000,2022-05-04T20:45:00+00:00,2949.73,2949.82,2943.97,2945.47,835.16,2461144.3034
1651698000000,2022-05-04T21:00:00+00:00,2945.47,2952.69,2945.47,2948.03,766.22,2259954.1438
1651698900000,2022-05-04T21:15:00+00:00,2948.03,2948.21,2944.9,2946.9,332.88,980644.0212
1651699800000,2022-05-04T21:30:00+00:00,2946.9,2946.9,2937,2937.27,408.27,1201173.9113
1651700700000,2022-05-04T21:45:00+00:00,2937.27,2940.87,2934.75,2936.43,911.79,2679051.4386
1651701600000,2022-05-04T22:00:00+00:00,2936.43,2939.1,2934.13,2934.17,267.22,784768.1526
1651702500000,2022-05-04T22:15:00+00:00,2934.17,2938.45,2926.64,2929.41,666.7,1954755.8544
1651703400000,2022-05-04T22:30:00+00:00,2929.41,2933.91,2926.88,2927.3,1529.97,4480254.6654
1651704300000,2022-05-04T22:45:00+00:00,2927.3,2929.96,2925.01,2926.17,254.81,745948.5385
1651705200000,2022-05-04T23:00:00+00:00,2926.17,2932.82,2922.41,2930,639.89,1873163.3028
1651706100000,2022-05-04T23:15:00+00:00,2930,2938.54,2928.25,2935.67,462.28,1356117.7463
1651707000000,2022-05-04T23:30:00+00:00,2935.67,2940.66,2935.48,2940.31,781.65,2297066.4235
1651707900000,2022-05-04T23:45:00+00:00,2940.31,2945.39,2939.53,2940.99,565.63,1663950.4336
1651708800000,2022-05-05T00:00:00+00:00,2940.99,2954.87,2940.61,2946.54,2202.81,6495398.7865
1651709700000,2022-05-05T00:15:00+00:00,2946.54,2950.02,2937.79,2949.05,870.58,2563318.3239
1651710600000,2022-05-05T00:30:00+00:00,2949.05,2950.61,2946.13,2947.42,1138.62,3357121.0027
1651711500000,2022-05-05T00:45:00+00:00,2947.42,2947.67,2941.51,2943.42,1082,3185324.3779
1651712400000,2022-05-05T01:00:00+00:00,2943.42,2946.05,2940.44,2941.32,723.17,2128734.5295
1651713300000,2022-05-05T01:15:00+00:00,2941.32,2950.09,2940.21,2948.62,246.75,726710.0049
1651714200000,2022-05-05T01:30:00+00:00,2948.62,2950.04,2945.26,2946.89,430.65,1269530.2977
1651715100000,2022-05-05T01:45:00+00:00,2946.89,2947.02,2940.21,2940.79,512.91,1509134.7506
1651716000000,2022-05-05T02:00:00+00:00,2940.79,2952.55,2939.39,2950.39,627.81,1850668.4643
1651716900000,2022-05-05T02:15:00+00:00,2950.39,2951.15,2945.24,2947.19,443.63,1308369.2201
1651717800000,2022-05-05T02:30:00+00:00,2947.19,2949.07,2945.26,2947.96,330.46,973969.403
1651718700000,2022-05-05T02:45:00+00:00,2947.96,2949.83,2944.26,2947.57,308.07,907722.2766
1651719600000,2022-05-05T03:00:00+00:00,2947.57,2947.57,2943.21,2944.81,373.74,1100605.1058
1651720500000,2022-05-05T03:15:00+00:00,2944.81,2944.96,2944,2944.36,271.23,798629.6885
1651721400000,2022-05-05T03:30:00+00:00,2944.36,2944.42,2938.47,2939.09,1060.98,3120990.292
1651722300000,2022-05-05T03:45:00+00:00,2939.09,2944.65,2938.67,2942.22,576.66,1696578.6663
1651723200000,2022-05-05T04:00:00+00:00,2942.22,2942.58,2938.62,2938.95,135.93,399758.3351
1651724100000,2022-05-05T04:15:00+00:00,2938.95,2944.77,2938.87,2942.71,1044.72,3073326.603
1651725000000,2022-05-05T04:30:00+00:00,2942.71,2946.83,2940.67,2946.45,723.28,2130462.2129
1651725900000,2022-05-05T04:45:00+00:00,2946.45,2948.35,2945.59,2945.77,392.64,1156946.2141
1651726800000,2022-05-05T05:00:00+00:00,2945.77,2946.35,2943.36,2946.25,506.74,1492281.7614
1651727700000,2022-05-05T05:15:00+00:00,2946.25,2951.98,2940.27,2940.35,1099.63,3239592.1445
1651728600000,2022-05-05T05:30:00+00:00,2940.35,2940.37,2929.85,2934.7,1324.13,3887331.6091
1651729500000,2022-05-05T05:45:00+00:00,2934.7,2937.3,2927.86,2931.97,721.59,2115566.6036
1651730400000,2022-05-05T06:00:00+00:00,2931.97,2939.01,2931.66,2937.39,587.23,1723772.1079
1651731300000,2022-05-05T06:15:00+00:00,2937.39,2939.75,2932.29,2932.68,833.94,2449294.1565
1651732200000,2022-05-05T06:30:00+00:00,2932.68,2933.63,2927.56,2930.33,900.88,2640411.2211
1651733100000,2022-05-05T06:45:00+00:00,2930.33,2933,2928,2929,355.81,1042665.7549
1651734000000,2022-05-05T07:00:00+00:00,2929,2931.06,2926.85,2928.31,744.18,2179985.5713
1651734900000,2022-05-05T07:15:00+00:00,2928.31,2934.64,2925.55,2932.57,1433.66,4199817.5559
1651735800000,2022-05-05T07:30:00+00:00,2932.57,2938.96,2932.57,2938.14,1270.71,3731664.9996
1651736700000,2022-05-05T07:45:00+00:00,2938.14,2938.91,2934.36,2934.75,278.95,819216.2117
1651737600000,2022-05-05T08:00:00+00:00,2934.75,2937.32,2919.1,2934.1,2431.33,7115978.9477
1651738500000,2022-05-05T08:15:00+00:00,2934.1,2935.7,2930.66,2931.44,521.6,1529984.0664
1651739400000,2022-05-05T08:30:00+00:00,2931.44,2931.44,2921.58,2923.68,891.83,2608756.4268
1651740300000,2022-05-05T08:45:00+00:00,2923.67,2930.32,2922.59,2925.96,843.92,2470371.8425
1651741200000,2022-05-05T09:00:00+00:00,2925.96,2933.56,2925.7,2932.28,451.46,1322568.1768
1651742100000,2022-05-05T09:15:00+00:00,2932.28,2932.49,2917.35,2919.64,1140.39,3333566.9471
1651743000000,2022-05-05T09:30:00+00:00,2919.64,2924,2916.82,2923.64,1103.33,3221949.2903
1651743900000,2022-05-05T09:45:00+00:00,2923.64,2925.45,2919.16,2924.51,1357.24,3967275.9113
1651744800000,2022-05-05T10:00:00+00:00,2924.51,2930.8,2924.1,2930.78,677.79,1984235.5982
1651745700000,2022-05-05T10:15:00+00:00,2930.78,2932.63,2925.05,2932.63,272.88,798820.2399
1651746600000,2022-05-05T10:30:00+00:00,2932.63,2939.27,2930.5,2935.51,850.28,2495994.1297
1651747500000,2022-05-05T10:45:00+00:00,2935.51,2935.53,2926.3,2929.35,435.76,1277441.1406
1651748400000,2022-05-05T11:00:00+00:00,2929.35,2934.3,2928.24,2930.29,236.25,692555.1626
1651749300000,2022-05-05T11:15:00+00:00,2930.29,2932.81,2927.99,2931.44,239.12,700594.7665
1651750200000,2022-05-05T11:30:00+00:00,2931.44,2932.25,2928.39,2932.25,171.56,502626.8521
1651751100000,2022-05-05T11:45:00+00:00,2932.25,2932.3,2922.64,2926.68,614.7,1798092.9177
1651752000000,2022-05-05T12:00:00+00:00,2926.68,2936.26,2923.34,2932.21,652.26,1910042.0648
1651752900000,2022-05-05T12:15:00+00:00,2932.21,2933.34,2926.45,2932.47,329.54,965788.3815
1651753800000,2022-05-05T12:30:00+00:00,2932.47,2935.63,2930.45,2932.71,268.67,787991.843
1651754700000,2022-05-05T12:45:00+00:00,2932.71,2934.19,2928.77,2930,285.74,837845.9249
1651755600000,2022-05-05T13:00:00+00:00,2930,2930.35,2922,2927.77,677.5,1982433.0252
1651756500000,2022-05-05T13:15:00+00:00,2927.77,2930.16,2920.24,2924.66,711.9,2082216.5587
1651757400000,2022-05-05T13:30:00+00:00,2924.66,2924.96,2911.44,2912.14,3945.54,11514724.373
1651758300000,2022-05-05T13:45:00+00:00,2912.14,2914.91,2892.65,2894.51,3714.68,10782660.0799
1651759200000,2022-05-05T14:00:00+00:00,2894.51,2904.62,2873,2884.63,6474.25,18683962.7692
1651760100000,2022-05-05T14:15:00+00:00,2884.63,2885.03,2859.04,2869.97,6304.19,18091378.598
1651761000000,2022-05-05T14:30:00+00:00,2869.97,2870.93,2839.48,2850.92,6087.31,17371594.1693
1651761900000,2022-05-05T14:45:00+00:00,2850.92,2852.33,2813.83,2829.42,7536.43,21333897.591
1651762800000,2022-05-05T15:00:00+00:00,2829.42,2829.42,2728,2780.57,20019.34,55622489.0677
1651763700000,2022-05-05T15:15:00+00:00,2780.57,2784.05,2751.12,2761.13,6813.51,18857666.7728
1651764600000,2022-05-05T15:30:00+00:00,2761.13,2776.51,2755.13,2756.66,5173.37,14307922.0678
1651765500000,2022-05-05T15:45:00+00:00,2756.66,2764.13,2725.8,2741.08,9711.73,26623192.4144
1651766400000,2022-05-05T16:00:00+00:00,2741.08,2757.62,2727.59,2742.74,11597.67,31767419.1093
1651767300000,2022-05-05T16:15:00+00:00,2742.74,2768.44,2739.45,2756.09,4618.97,12725909.6964
1651768200000,2022-05-05T16:30:00+00:00,2756.11,2758.3,2736.94,2744.08,3310,9087278.6591
1651769100000,2022-05-05T16:45:00+00:00,2744.08,2762,2742.99,2758.46,3683.21,10140344.2592
1651770000000,2022-05-05T17:00:00+00:00,2758.46,2768.95,2756.93,2756.95,3825.08,10571369.5461
1651770900000,2022-05-05T17:15:00+00:00,2756.95,2758.85,2743.67,2751.37,1514.86,4166088.7918
1651771800000,2022-05-05T17:30:00+00:00,2751.37,2758.77,2744.32,2751.76,673.28,1851836.6167
1651772700000,2022-05-05T17:45:00+00:00,2751.76,2752.87,2740,2741.37,465.58,1278596.746
1651773600000,2022-05-05T18:00:00+00:00,2741.37,2748.78,2732.27,2742.23,1067.93,2923510.7234
1651774500000,2022-05-05T18:15:00+00:00,2742.23,2751.11,2700.02,2717.11,6016.14,16340222.6706
1651775400000,2022-05-05T18:30:00+00:00,2717.11,2726.86,2713.12,2718.64,1735.14,4720642.1916
1651776300000,2022-05-05T18:45:00+00:00,2718.64,2740.55,2718.64,2727.44,1436.67,3919611.257
1651777200000,2022-05-05T19:00:00+00:00,2727.44,2727.44,2702.33,2708.11,3440.48,9338136.5688
1651778100000,2022-05-05T19:15:00+00:00,2708.11,2717.56,2686.37,2700.81,3354.65,9062165.8236
1651779000000,2022-05-05T19:30:00+00:00,2700.81,2719.9,2697.16,2710.13,1448.11,3920587.202
1651779900000,2022-05-05T19:45:00+00:00,2710.13,2731.12,2705,2728.27,1621.83,4417571.3291
1651780800000,2022-05-05T20:00:00+00:00,2728.27,2732.43,2712.12,2731.23,1051.31,2863758.1917
1651781700000,2022-05-05T20:15:00+00:00,2731.24,2735.92,2723.8,2733.98,720.62,1966519.3412
1651782600000,2022-05-05T20:30:00+00:00,2733.98,2747.43,2731.02,2742.58,2842.88,7785515.1179
1651783500000,2022-05-05T20:45:00+00:00,2742.58,2753.54,2737.97,2753.29,586.53,1611821.7438
1651784400000,2022-05-05T21:00:00+00:00,2753.29,2753.61,2739.55,2743.91,1043.93,2866589.457
1651785300000,2022-05-05T21:15:00+00:00,2743.91,2752.79,2743.24,2747.23,450.32,1238067.4083
1651786200000,2022-05-05T21:30:00+00:00,2747.23,2750.12,2742.71,2746.49,1977.86,5433923.669
1651787100000,2022-05-05T21:45:00+00:00,2746.49,2747.15,2733.88,2736.21,1529.95,4194867.3903
1651788000000,2022-05-05T22:00:00+00:00,2736.21,2744.33,2732.73,2743.25,336.16,920904.9705
1651788900000,2022-05-05T22:15:00+00:00,2743.25,2743.25,2732.53,2739.95,560.93,1536198.1311
1651789800000,2022-05-05T22:30:00+00:00,2739.95,2745.42,2737,2737.01,245.25,672063.357
1651790700000,2022-05-05T22:45:00+00:00,2737.01,2740,2731.43,2734.67,1434.25,3925537.3142
1651791600000,2022-05-05T23:00:00+00:00,2734.67,2749.54,2733.44,2746.67,4849.08,13287799.618
1651792500000,2022-05-05T23:15:00+00:00,2746.67,2750.96,2738.52,2744.22,1232.74,3383864.829
1651793400000,2022-05-05T23:30:00+00:00,2744.22,2747.61,2741.22,2746.39,604.79,1660253.9283
1651794300000,2022-05-05T23:45:00+00:00,2746.39,2750.25,2743.09,2746.11,492.17,1351980.3045
1651795200000,2022-05-06T00:00:00+00:00,2746.11,2749.44,2735.69,2736.09,6366.55,17456936.0605
1651796100000,2022-05-06T00:15:00+00:00,2736.09,2740.82,2734.43,2738.58,8046.43,22031442.9467
1651797000000,2022-05-06T00:30:00+00:00,2738.58,2738.58,2730,2733.04,3771.31,10306162.1847
1651797900000,2022-05-06T00:45:00+00:00,2733.04,2737.92,2722.57,2735.97,3494.28,9550409.9178
1651798800000,2022-05-06T01:00:00+00:00,2735.97,2738.97,2728,2728.07,7259.05,19837811.0174
1651799700000,2022-05-06T01:15:00+00:00,2728.07,2735.3,2723.37,2730.4,963.47,2629227.4035
1651800600000,2022-05-06T01:30:00+00:00,2730.4,2737.13,2728.88,2735.09,3746.37,10247419.0604
1651801500000,2022-05-06T01:45:00+00:00,2735.09,2737.21,2731.77,2737.17,396.21,1083277.6293
1651802400000,2022-05-06T02:00:00+00:00,2737.17,2743.56,2736.38,2741.92,3533.22,9684887.2761
1651803300000,2022-05-06T02:15:00+00:00,2741.92,2756.39,2741.4,2754.87,5164.96,14203923.7624
1651804200000,2022-05-06T02:30:00+00:00,2754.87,2754.98,2747.79,2749.52,1723.84,4743901.1328
1651805100000,2022-05-06T02:45:00+00:00,2749.52,2750.46,2742.13,2743.97,436.21,1197507.2823
1651806000000,2022-05-06T03:00:00+00:00,2743.97,2748.81,2740.04,2742.98,1251.71,3436474.0087
1651806900000,2022-05-06T03:15:00+00:00,2742.98,2743.63,2738.93,2740.23,1143.1,3134123.8796
1651807800000,2022-05-06T03:30:00+00:00,2740.23,2743.6,2737,2737.67,1647.6,4514922.9539
1651808700000,2022-05-06T03:45:00+00:00,2737.67,2744.83,2737.47,2744.24,1412.81,3873978.1038
1651809600000,2022-05-06T04:00:00+00:00,2744.24,2744.57,2733.58,2733.58,1903.54,5209089.5355
1651810500000,2022-05-06T04:15:00+00:00,2733.58,2740.48,2732.01,2735.56,3472.89,9503196.4232
1651811400000,2022-05-06T04:30:00+00:00,2735.56,2737.26,2733.13,2737.12,282.65,773355.9603
1651812300000,2022-05-06T04:45:00+00:00,2737.12,2744.87,2736.47,2744.84,2966.59,8130086.9554
1651813200000,2022-05-06T05:00:00+00:00,2744.69,2748.28,2742.06,2745.19,2360.17,6477574.5377
1651814100000,2022-05-06T05:15:00+00:00,2745.19,2747.61,2743.72,2746.16,443.29,1217154.8795
1651815000000,2022-05-06T05:30:00+00:00,2746.16,2750.55,2743.75,2748.46,3016.54,8290518.3345
1651815900000,2022-05-06T05:45:00+00:00,2748.46,2750,2746.51,2749.49,1300,3572390.3428
1651816800000,2022-05-06T06:00:00+00:00,2749.49,2753.97,2747.11,2747.96,2793.06,7685228.8771
1651817700000,2022-05-06T06:15:00+00:00,2747.96,2749.71,2742.46,2743.3,1549.72,4255059.2294
1651818600000,2022-05-06T06:30:00+00:00,2743.3,2748.22,2742.06,2745.07,757,2078416.9328
1651819500000,2022-05-06T06:45:00+00:00,2745.07,2746,2740.77,2741.47,865.93,2376025.1575
1651820400000,2022-05-06T07:00:00+00:00,2741.47,2742.04,2736.77,2741.89,1523.58,4174205.3759
1651821300000,2022-05-06T07:15:00+00:00,2741.89,2744.94,2737.03,2738.43,2051.15,5626826.0178
1651822200000,2022-05-06T07:30:00+00:00,2738.43,2738.43,2696.81,2700.3,6909.88,18780692.7176
1651823100000,2022-05-06T07:45:00+00:00,2700.3,2736.23,2693.28,2728.69,9682.89,26313292.1806
1651824000000,2022-05-06T08:00:00+00:00,2728.69,2743.43,2717.01,2723.41,5360.75,14637153.2103
1651824900000,2022-05-06T08:15:00+00:00,2723.41,2729.91,2718.47,2725.96,2770.79,7547778.9197
1651825800000,2022-05-06T08:30:00+00:00,2725.96,2735.71,2718.46,2719.34,871.98,2379507.5369
1651826700000,2022-05-06T08:45:00+00:00,2719.34,2723.97,2715.13,2717.81,568.49,1545927.3119
1651827600000,2022-05-06T09:00:00+00:00,2717.81,2723.34,2716.2,2718.8,310.78,845332.4343
1651828500000,2022-05-06T09:15:00+00:00,2718.8,2728,2715.98,2725.72,732.75,1995595.6717
1651829400000,2022-05-06T09:30:00+00:00,2725.72,2736.73,2724.5,2730.87,837.04,2286453.9627
1651830300000,2022-05-06T09:45:00+00:00,2730.87,2733.21,2728.44,2731.4,264.49,722307.5086
1651831200000,2022-05-06T10:00:00+00:00,2731.4,2733.64,2720.11,2720.62,392.11,1068628.4386
1651832100000,2022-05-06T10:15:00+00:00,2720.62,2721.01,2716,2718.23,827.27,2248465.5717
1651833000000,2022-05-06T10:30:00+00:00,2718.23,2718.92,2702.19,2705.45,1536.04,4165591.975
1651833900000,2022-05-06T10:45:00+00:00,2705.45,2709.34,2672.69,2686.78,4372.78,11762122.4411
1651834800000,2022-05-06T11:00:00+00:00,2686.78,2704.24,2668.27,2671.75,6638.31,17807198.2981
1651835700000,2022-05-06T11:15:00+00:00,2671.75,2680.8,2658.23,2670.89,5340.59,14253576.3511
1651836600000,2022-05-06T11:30:00+00:00,2670.89,2681.09,2660.02,2667.52,2820.85,7533559.3649
1651837500000,2022-05-06T11:45:00+00:00,2667.52,2678.74,2666.59,2673.86,1010.29,2699989.9031
1651838400000,2022-05-06T12:00:00+00:00,2673.86,2689.14,2670.63,2671.43,1434.14,3843197.0851
1651839300000,2022-05-06T12:15:00+00:00,2671.43,2695.74,2666.78,2689.58,2214.79,5941590.0195
1651840200000,2022-05-06T12:30:00+00:00,2689.58,2722.78,2689.58,2704.93,4497.59,12175955.8689
1651841100000,2022-05-06T12:45:00+00:00,2704.93,2706.24,2675.23,2681.51,2571.41,6911329.2303
1651842000000,2022-05-06T13:00:00+00:00,2681.51,2693.35,2671.52,2687.42,1155.91,3098937.7124
1651842900000,2022-05-06T13:15:00+00:00,2687.42,2694.98,2683.48,2694.87,586,1575877.6745
1651843800000,2022-05-06T13:30:00+00:00,2694.87,2698.9,2631.31,2642.16,12623.82,33476267.8876
1651844700000,2022-05-06T13:45:00+00:00,2642.16,2665.47,2633.27,2663.52,5245.56,13895055.9606
1651845600000,2022-05-06T14:00:00+00:00,2663.52,2685,2656.72,2678.62,5805.87,15502667.3255
1651846500000,2022-05-06T14:15:00+00:00,2678.62,2704.38,2663.03,2663.03,4203.6,11296318.1322
1651847400000,2022-05-06T14:30:00+00:00,2663.45,2673.8,2650.69,2668.54,4683.53,12468228.8455
1651848300000,2022-05-06T14:45:00+00:00,2668.54,2703.97,2666.33,2695.7,3474.65,9344839.9059
1651849200000,2022-05-06T15:00:00+00:00,2695.7,2709.8,2687.85,2706.68,4062.97,10962306.8675
1651850100000,2022-05-06T15:15:00+00:00,2706.68,2726.38,2704.74,2711.6,3255.62,8837887.4147
1651851000000,2022-05-06T15:30:00+00:00,2711.6,2721.29,2690.41,2697.69,2253.23,6087421.7663
1651851900000,2022-05-06T15:45:00+00:00,2697.69,2704.61,2681.56,2686.43,1301.68,3502221.0003
1651852800000,2022-05-06T16:00:00+00:00,2686.43,2711.87,2683.22,2687.7,3764.9,10138756.1991
1651853700000,2022-05-06T16:15:00+00:00,2687.7,2706.53,2683.88,2700.37,686.8,1850853.2042
1651854600000,2022-05-06T16:30:00+00:00,2700.37,2711.69,2694.47,2705.48,350.91,948579.0147
1651855500000,2022-05-06T16:45:00+00:00,2705.48,2711.13,2690.42,2708.47,2435.42,6580639.733
1651856400000,2022-05-06T17:00:00+00:00,2708.47,2710.98,2697.55,2698.63,416.12,1125198.7814
1651857300000,2022-05-06T17:15:00+00:00,2698.63,2704.31,2688.47,2692.49,553.1,1491438.2771
1651858200000,2022-05-06T17:30:00+00:00,2692.49,2697.04,2684.18,2688.11,1750.01,4703844.2991
1651859100000,2022-05-06T17:45:00+00:00,2688.11,2692.02,2678.17,2683.03,2198.5,5897782.4044
1651860000000,2022-05-06T18:00:00+00:00,2683.03,2686.23,2674.01,2679.2,1126.56,3016495.2081
1651860900000,2022-05-06T18:15:00+00:00,2679.2,2685.28,2675.61,2678.93,460.44,1234402.8954
1651861800000,2022-05-06T18:30:00+00:00,2678.93,2686.4,2672.45,2680.49,1270.69,3410005.1546
1651862700000,2022-05-06T18:45:00+00:00,2680.49,2692.98,2678.5,2682.39,2635.22,7077900.4352
1651863600000,2022-05-06T19:00:00+00:00,2682.39,2691.24,2676.9,2678.3,3259.31,8745777.6101
1651864500000,2022-05-06T19:15:00+00:00,2678.3,2681.96,2668.81,2681.25,1558.59,4167149.3215
1651865400000,2022-05-06T19:30:00+00:00,2681.25,2700.53,2680.55,2693.11,2829.62,7610107.1036
1651866300000,2022-05-06T19:45:00+00:00,2693.11,2701.88,2683.54,2687.98,381.68,1028763.4181
1651867200000,2022-05-06T20:00:00+00:00,2687.98,2688.62,2680.3,2682.81,325.89,874872.7865
1651868100000,2022-05-06T20:15:00+00:00,2682.81,2683.62,2673.4,2675.55,444.14,1189455.8685
1651869000000,2022-05-06T20:30:00+00:00,2675.55,2684.45,2674.3,2683.94,1452.56,3893064.7586
1651869900000,2022-05-06T20:45:00+00:00,2683.94,2705.14,2683.94,2704.32,1102.32,2975628.1471
1651870800000,2022-05-06T21:00:00+00:00,2704.32,2705.39,2697.38,2697.38,2085.43,5633792.0365
1651871700000,2022-05-06T21:15:00+00:00,2697.38,2697.94,2693.55,2697.9,1966.63,5304131.694
1651872600000,2022-05-06T21:30:00+00:00,2697.9,2697.96,2687.97,2689.49,2474.27,6653323.381
1651873500000,2022-05-06T21:45:00+00:00,2689.49,2690.62,2680.49,2687.48,352.05,945140.6089
1651874400000,2022-05-06T22:00:00+00:00,2687.48,2695.63,2683.68,2684.03,570.12,1534244.5331
1651875300000,2022-05-06T22:15:00+00:00,2684.03,2693.05,2683.44,2688.41,1290.34,3469136.9334
1651876200000,2022-05-06T22:30:00+00:00,2688.41,2695.32,2683.48,2694.91,710.6,1911655.4688
1651877100000,2022-05-06T22:45:00+00:00,2694.91,2700.76,2692.59,2693.59,269.95,727938.2541
1651878000000,2022-05-06T23:00:00+00:00,2693.59,2700.98,2693.25,2699.04,723.87,1953630.4666
1651878900000,2022-05-06T23:15:00+00:00,2699.04,2705.45,2695.99,2704.22,331.54,896283.6062
1651879800000,2022-05-06T23:30:00+00:00,2704.22,2704.33,2693,2697.41,941.7,2540491.884
1651880700000,2022-05-06T23:45:00+00:00,2697.41,2699.84,2691,2691.19,930.83,2506796.6211
1651881600000,2022-05-07T00:00:00+00:00,2691.19,2695.83,2686.58,2694.3,1863.31,5016590.4075
1651882500000,2022-05-07T00:15:00+00:00,2694.3,2696.24,2684.84,2685.52,526.27,1414998.3091
1651883400000,2022-05-07T00:30:00+00:00,2685.52,2689.99,2681.91,2689.97,1434.06,3849238.7363
1651884300000,2022-05-07T00:45:00+00:00,2689.97,2690.62,2683.63,2685.71,308.73,829603.9156
1651885200000,2022-05-07T01:00:00+00:00,2685.71,2693.55,2684.23,2687.88,666.37,1793648.9699
1651886100000,2022-05-07T01:15:00+00:00,2687.88,2689.31,2681.74,2683.19,1223.01,3282069.1201
1651887000000,2022-05-07T01:30:00+00:00,2683.19,2684.13,2677.49,2679.05,2680.38,7187311.5269
1651887900000,2022-05-07T01:45:00+00:00,2679.05,2687.86,2676,2687.1,653.35,1752488.9144
1651888800000,2022-05-07T02:00:00+00:00,2687.1,2687.58,2680.99,2685.99,643.12,1725728.1548
1651889700000,2022-05-07T02:15:00+00:00,2685.99,2686,2678.53,2683.51,283.42,760175.6064
1651890600000,2022-05-07T02:30:00+00:00,2683.51,2684.28,2678.6,2683.86,237.5,636786.841
1651891500000,2022-05-07T02:45:00+00:00,2683.86,2683.86,2678.99,2681,525.14,1408146.8813
1651892400000,2022-05-07T03:00:00+00:00,2681,2682.12,2675,2676.7,377.09,1009963.8951
1651893300000,2022-05-07T03:15:00+00:00,2676.7,2681.84,2664.29,2667.8,1491.55,3984546.0635
1651894200000,2022-05-07T03:30:00+00:00,2667.8,2673.06,2663.19,2671.05,1452.22,3874220.2915
1651895100000,2022-05-07T03:45:00+00:00,2671.05,2674.8,2665.29,2667.6,581.08,1552126.4251
1651896000000,2022-05-07T04:00:00+00:00,2667.6,2671.7,2658.69,2662.61,1165.8,3104841.5952
1651896900000,2022-05-07T04:15:00+00:00,2662.61,2666.76,2657.59,2666.33,588.46,1566830.4109
1651897800000,2022-05-07T04:30:00+00:00,2666.33,2668.53,2660.28,2660.38,403.68,1075437.2989
1651898700000,2022-05-07T04:45:00+00:00,2660.38,2663.73,2653.49,2654.94,689.27,1832978.6009
1651899600000,2022-05-07T05:00:00+00:00,2654.94,2662.74,2651.63,2660.5,814.19,2164629.8926
1651900500000,2022-05-07T05:15:00+00:00,2660.5,2672.44,2658.21,2670.33,752.6,2007043.6494
1651901400000,2022-05-07T05:30:00+00:00,2670.33,2676.2,2666.65,2674.81,670.07,1788868.7718
1651902300000,2022-05-07T05:45:00+00:00,2674.81,2677.14,2669.59,2677.09,880.39,2354864.8495
1651903200000,2022-05-07T06:00:00+00:00,2677.09,2677.36,2667.41,2667.62,996.22,2662480.844
1651904100000,2022-05-07T06:15:00+00:00,2667.62,2669.65,2657.39,2658.97,1281.57,3411411.2866
1651905000000,2022-05-07T06:30:00+00:00,2658.97,2666.9,2658.41,2665.04,470.62,1253429.7765
1651905900000,2022-05-07T06:45:00+00:00,2665.04,2668.23,2660.38,2661.22,504.42,1344472.2932
1651906800000,2022-05-07T07:00:00+00:00,2661.22,2663.62,2655,2659.09,588.73,1565906.2933
1651907700000,2022-05-07T07:15:00+00:00,2659.09,2666,2659.01,2661.62,527.99,1406774.9958
1651908600000,2022-05-07T07:30:00+00:00,2661.62,2670.26,2660.66,2669.42,653.12,1742453.9531
1651909500000,2022-05-07T07:45:00+00:00,2669.42,2673.73,2668.47,2671.12,914.79,2443606.6895
1651910400000,2022-05-07T08:00:00+00:00,2671.12,2678.12,2665.84,2677.26,905.4,2421028.6295
1651911300000,2022-05-07T08:15:00+00:00,2677.26,2683.92,2671.09,2672.82,2030.55,5439927.7257
1651912200000,2022-05-07T08:30:00+00:00,2672.82,2678.91,2671.6,2678.91,302.04,807873.6645
1651913100000,2022-05-07T08:45:00+00:00,2678.91,2691.29,2678.89,2684.45,1934.07,5196845.7107
1651914000000,2022-05-07T09:00:00+00:00,2684.45,2686.64,2679.89,2686.59,458.98,1231622.4174
1651914900000,2022-05-07T09:15:00+00:00,2686.59,2693.89,2684.49,2687.01,1677.23,4512013.5234
1651915800000,2022-05-07T09:30:00+00:00,2687.01,2689.57,2682.98,2685.75,546.32,1467395.1707
1651916700000,2022-05-07T09:45:00+00:00,2685.75,2685.77,2680.13,2682.6,386.64,1037412.0368
1651917600000,2022-05-07T10:00:00+00:00,2682.6,2684.38,2677.79,2683.97,322.97,866146.0176
1651918500000,2022-05-07T10:15:00+00:00,2683.97,2686.6,2679.17,2686.09,226.54,607925.5224
1651919400000,2022-05-07T10:30:00+00:00,2686.09,2694.38,2684.48,2688.93,1062.29,2858351.708
1651920300000,2022-05-07T10:45:00+00:00,2688.93,2691.12,2686,2689.74,322.53,866968.2817
1651921200000,2022-05-07T11:00:00+00:00,2689.74,2694.33,2687.87,2693.25,903.25,2430714.275
1651922100000,2022-05-07T11:15:00+00:00,2693.25,2696.42,2691.02,2691.52,1205.38,3246771.8317
1651923000000,2022-05-07T11:30:00+00:00,2691.52,2692.26,2683.08,2686.43,768.24,2064722.2835
1651923900000,2022-05-07T11:45:00+00:00,2686.43,2688.63,2683.98,2687.23,733.65,1970628.7771
1651924800000,2022-05-07T12:00:00+00:00,2687.23,2687.33,2681.31,2686.02,749.48,2011686.7172
1651925700000,2022-05-07T12:15:00+00:00,2686.02,2686.02,2683.63,2685.18,313.25,840986.3845
1651926600000,2022-05-07T12:30:00+00:00,2685.18,2689.22,2678.07,2679.01,925.24,2483360.5181
1651927500000,2022-05-07T12:45:00+00:00,2679.01,2687.75,2678.37,2686.39,821.64,2204237.4795
1651928400000,2022-05-07T13:00:00+00:00,2686.39,2687.49,2675.37,2676.1,716.85,1922965.4676
1651929300000,2022-05-07T13:15:00+00:00,2676.1,2680.73,2671.84,2671.84,1277.86,3419039.6704
1651930200000,2022-05-07T13:30:00+00:00,2671.84,2678.43,2669.85,2672.64,723.43,1934542.4826
1651931100000,2022-05-07T13:45:00+00:00,2672.64,2680.02,2670.74,2673.49,2370.18,6348464.8745
1651932000000,2022-05-07T14:00:00+00:00,2673.49,2677,2671.81,2672.91,309,826135.3529
1651932900000,2022-05-07T14:15:00+00:00,2672.91,2677.04,2672.01,2675.22,126.79,339138.3018
1651933800000,2022-05-07T14:30:00+00:00,2675.22,2679.15,2674.56,2678.52,317.47,849794.8898
1651934700000,2022-05-07T14:45:00+00:00,2678.52,2689.66,2677.18,2687.25,2324.31,6243350.5516
1651935600000,2022-05-07T15:00:00+00:00,2687.25,2690.05,2683.46,2689.62,567.65,1525278.6433
1651936500000,2022-05-07T15:15:00+00:00,2689.62,2703.28,2686.85,2693.71,2545.84,6864868.2064
1651937400000,2022-05-07T15:30:00+00:00,2693.71,2695.14,2683.94,2685.49,1025.18,2756513.1564
1651938300000,2022-05-07T15:45:00+00:00,2685.49,2695.02,2685.29,2691.21,702.44,1889980.4421
1651939200000,2022-05-07T16:00:00+00:00,2691.21,2694.18,2688.15,2691.48,1504.14,4047622.9639
1651940100000,2022-05-07T16:15:00+00:00,2691.47,2692.61,2688.77,2691.7,360.41,969932.6498
1651941000000,2022-05-07T16:30:00+00:00,2691.7,2691.83,2687.93,2688.95,297.19,799185.1748
1651941900000,2022-05-07T16:45:00+00:00,2688.95,2689.69,2679.11,2689.18,2246.86,6032447.9358
1651942800000,2022-05-07T17:00:00+00:00,2689.18,2689.78,2682,2685.79,1832.59,4918605.6999
1651943700000,2022-05-07T17:15:00+00:00,2685.79,2687.91,2683.66,2685.72,626.36,1682204.8211
1651944600000,2022-05-07T17:30:00+00:00,2685.72,2687.66,2679.53,2683.22,1496.37,4017175.6082
1651945500000,2022-05-07T17:45:00+00:00,2683.22,2683.22,2679.2,2680.67,576.98,1546841.0582
1651946400000,2022-05-07T18:00:00+00:00,2680.67,2684.34,2679.79,2683.59,184.64,495242.892
1651947300000,2022-05-07T18:15:00+00:00,2683.59,2699.48,2683.59,2692.95,1853.85,4995042.0157
1651948200000,2022-05-07T18:30:00+00:00,2692.95,2694.94,2691.14,2692.36,166.62,448737.6402
1651949100000,2022-05-07T18:45:00+00:00,2692.36,2693.14,2683.48,2686.24,159.96,430060.6737
1651950000000,2022-05-07T19:00:00+00:00,2686.24,2688.53,2684.48,2687.08,93.25,250578.1186
1651950900000,2022-05-07T19:15:00+00:00,2687.08,2688.5,2683.57,2684.35,172.63,463857.0427
1651951800000,2022-05-07T19:30:00+00:00,2684.35,2686.56,2683.53,2686.51,269.39,723315.7204
1651952700000,2022-05-07T19:45:00+00:00,2686.51,2686.54,2679.09,2681.05,411.44,1103403.1881
1651953600000,2022-05-07T20:00:00+00:00,2681.05,2681.08,2674.31,2677.47,809.91,2168495.6471
1651954500000,2022-05-07T20:15:00+00:00,2677.47,2679.5,2675.79,2677.2,257.66,689947.8966
1651955400000,2022-05-07T20:30:00+00:00,2677.2,2677.53,2669.54,2671.19,979.37,2616183.2227
1651956300000,2022-05-07T20:45:00+00:00,2671.19,2674.24,2666.29,2672.89,927.51,2476701.4273
1651957200000,2022-05-07T21:00:00+00:00,2672.89,2675.57,2655.74,2658.09,1999.5,5324211.3536
1651958100000,2022-05-07T21:15:00+00:00,2658.09,2664.55,2647.66,2651.03,2839.73,7543030.1886
1651959000000,2022-05-07T21:30:00+00:00,2651.03,2658.99,2643.24,2651.49,1028.16,2725496.2206
1651959900000,2022-05-07T21:45:00+00:00,2651.49,2656.32,2614.22,2619.08,2778.99,7309724.8064
1651960800000,2022-05-07T22:00:00+00:00,2618.61,2634.66,2618.61,2629.14,1506.17,3957972.7721
1651961700000,2022-05-07T22:15:00+00:00,2629.14,2632.93,2615.24,2621.72,1422.03,3731812.9028
1651962600000,2022-05-07T22:30:00+00:00,2621.72,2632.01,2620.06,2621.92,839.06,2202268.804
1651963500000,2022-05-07T22:45:00+00:00,2621.92,2623.51,2585.3,2602.1,5736.66,14913413.515
1651964400000,2022-05-07T23:00:00+00:00,2602.1,2632.64,2598.75,2629.36,2564.48,6705855.6807
1651965300000,2022-05-07T23:15:00+00:00,2629.36,2649.35,2624.1,2645.8,2034,5355968.2347
1651966200000,2022-05-07T23:30:00+00:00,2645.8,2653.4,2634.5,2635.21,1061.54,2805637.1346
1651967100000,2022-05-07T23:45:00+00:00,2635.21,2641.76,2631.3,2634.81,603.82,1591748.2567
1651968000000,2022-05-08T00:00:00+00:00,2634.81,2641.19,2631.31,2634.86,862.52,2274079.2638
1651968900000,2022-05-08T00:15:00+00:00,2634.86,2634.87,2625.54,2626.35,565.04,1485747.682
1651969800000,2022-05-08T00:30:00+00:00,2626.35,2630.71,2622.64,2625.61,995.66,2614037.4913
1651970700000,2022-05-08T00:45:00+00:00,2625.61,2631.23,2615.01,2617.66,936.44,2455180.9037
1651971600000,2022-05-08T01:00:00+00:00,2617.66,2625.4,2617.5,2621.73,822.42,2156001.7995
1651972500000,2022-05-08T01:15:00+00:00,2621.73,2621.73,2605.74,2614.43,1364.01,3563485.8269
1651973400000,2022-05-08T01:30:00+00:00,2614.43,2619.85,2609.01,2615.82,825.23,2158749.7018
1651974300000,2022-05-08T01:45:00+00:00,2615.82,2618.35,2594.51,2594.51,2303.34,5995078.3612
1651975200000,2022-05-08T02:00:00+00:00,2594.51,2601.12,2555.1,2568.31,6891.59,17720415.3314
1651976100000,2022-05-08T02:15:00+00:00,2568.31,2576.44,2558.14,2561.94,3476.39,8927271.3911
1651977000000,2022-05-08T02:30:00+00:00,2561.94,2562.99,2536.76,2547.3,4976.73,12685892.4713
1651977900000,2022-05-08T02:45:00+00:00,2547.3,2556.05,2524.96,2548.63,4003.73,10173767.451
1651978800000,2022-05-08T03:00:00+00:00,2548.63,2552.44,2516.12,2535.63,4735.13,12003928.2514
1651979700000,2022-05-08T03:15:00+00:00,2535.63,2542.99,2531.9,2537.56,1484.5,3768022.0997
1651980600000,2022-05-08T03:30:00+00:00,2537.56,2538.97,2525,2533.06,777.78,1968699.0383
1651981500000,2022-05-08T03:45:00+00:00,2533.06,2546.67,2533.06,2544.92,1192.17,3031847.9886
1651982400000,2022-05-08T04:00:00+00:00,2544.92,2558.03,2544.68,2552.85,1798.44,4590841.0708
1651983300000,2022-05-08T04:15:00+00:00,2552.85,2555.18,2550.31,2553.64,849.89,2169948.4292
1651984200000,2022-05-08T04:30:00+00:00,2553.64,2557.13,2544.07,2544.07,1195.99,3047944.5761
1651985100000,2022-05-08T04:45:00+00:00,2544.07,2544.28,2534.38,2535.06,1324.47,3364329.3172
1651986000000,2022-05-08T05:00:00+00:00,2535.06,2548.98,2533.8,2542.04,779.25,1979615.3716
1651986900000,2022-05-08T05:15:00+00:00,2542.04,2546.58,2529.21,2532.54,1361.08,3452352.7012
1651987800000,2022-05-08T05:30:00+00:00,2532.54,2540.19,2530.2,2531.5,799.49,2025883.0572
1651988700000,2022-05-08T05:45:00+00:00,2531.5,2542.33,2531.5,2537.3,312.95,794609.8521
1651989600000,2022-05-08T06:00:00+00:00,2537.3,2549.36,2537.19,2549.19,1296.77,3299696.0438
1651990500000,2022-05-08T06:15:00+00:00,2549.19,2551.51,2543.89,2548.82,569.7,1451111.1428
1651991400000,2022-05-08T06:30:00+00:00,2548.82,2555.95,2547.37,2553.26,686.84,1753754.7052
1651992300000,2022-05-08T06:45:00+00:00,2553.26,2568.13,2552.18,2560.79,2746.75,7034175.6795
1651993200000,2022-05-08T07:00:00+00:00,2560.79,2568.37,2556.13,2558.28,2108.6,5405382.6662
1651994100000,2022-05-08T07:15:00+00:00,2558.28,2566.17,2556.65,2556.65,985.5,2524089.0241
1651995000000,2022-05-08T07:30:00+00:00,2556.65,2558.75,2553.02,2555.04,681.57,1741445.0707
1651995900000,2022-05-08T07:45:00+00:00,2555.04,2562.83,2553.83,2555.47,400.9,1024612.6299
1651996800000,2022-05-08T08:00:00+00:00,2555.47,2564.23,2553.62,2560.87,1704.02,4360002.856
1651997700000,2022-05-08T08:15:00+00:00,2560.87,2563.12,2549.59,2551.92,1338.15,3417477.1826
1651998600000,2022-05-08T08:30:00+00:00,2551.92,2560.18,2549.01,2559.84,1179.82,3015067.3869
1651999500000,2022-05-08T08:45:00+00:00,2559.84,2566.26,2559.83,2562.21,1022.56,2620551.2394
1652000400000,2022-05-08T09:00:00+00:00,2562.21,2565.93,2555.74,2558.87,644.82,1651989.7123
1652001300000,2022-05-08T09:15:00+00:00,2558.87,2558.87,2551.14,2551.77,1274.41,3254323.3454
1652002200000,2022-05-08T09:30:00+00:00,2551.77,2554.94,2547.27,2554.94,681.1,1737827.6255
1652003100000,2022-05-08T09:45:00+00:00,2554.94,2556.3,2548.66,2550.12,201.02,512889.2026
1652004000000,2022-05-08T10:00:00+00:00,2550.12,2556.34,2545.43,2554.92,788.21,2010603.5911
1652004900000,2022-05-08T10:15:00+00:00,2554.92,2563.33,2554.48,2557.09,1362.43,3488308.8853
1652005800000,2022-05-08T10:30:00+00:00,2557.09,2562.02,2556.34,2561.46,547.94,1403031.0771
1652006700000,2022-05-08T10:45:00+00:00,2561.46,2576.18,2561.1,2566.71,1284.8,3302194.0037
1652007600000,2022-05-08T11:00:00+00:00,2566.71,2575.53,2565.54,2571.23,1465.38,3770233.6937
1652008500000,2022-05-08T11:15:00+00:00,2571.23,2576.58,2566.58,2573.34,817,2100842.9689
1652009400000,2022-05-08T11:30:00+00:00,2573.34,2574.59,2566.02,2566.08,751.02,1929725.4665
1652010300000,2022-05-08T11:45:00+00:00,2566.08,2569.69,2562.33,2568.01,494.84,1269337.0073
1652011200000,2022-05-08T12:00:00+00:00,2568.01,2576.36,2564.62,2576.02,633.88,1630573.1895
1652012100000,2022-05-08T12:15:00+00:00,2576.02,2577.81,2560.26,2562.35,749.05,1925134.0449
1652013000000,2022-05-08T12:30:00+00:00,2562.35,2562.7,2555.28,2561.52,938.42,2402123.0824
1652013900000,2022-05-08T12:45:00+00:00,2561.52,2563.74,2551.6,2554.98,1599.35,4085370.4309
1652014800000,2022-05-08T13:00:00+00:00,2554.98,2559.9,2546.27,2553.34,754.26,1925602.7856
1652015700000,2022-05-08T13:15:00+00:00,2553.34,2555.13,2540.59,2547.13,2148.07,5466012.2416
1652016600000,2022-05-08T13:30:00+00:00,2547.13,2549.83,2544.19,2548.85,2045.27,5209281.015
1652017500000,2022-05-08T13:45:00+00:00,2548.85,2553.57,2521.33,2523.02,4723.74,11998103.0228
1652018400000,2022-05-08T14:00:00+00:00,2523.02,2542.31,2517.44,2522.42,8580.34,21702178.0401
1652019300000,2022-05-08T14:15:00+00:00,2522.42,2529.21,2511.98,2526.74,5893.02,14840198.2467
1652020200000,2022-05-08T14:30:00+00:00,2526.74,2537.38,2516.11,2516.11,2961.97,7490733.485
1652021100000,2022-05-08T14:45:00+00:00,2516.11,2527.38,2512.41,2524.76,1372.68,3457906.3259
1652022000000,2022-05-08T15:00:00+00:00,2524.76,2534.51,2524.57,2529.23,1113.43,2815797.5129
1652022900000,2022-05-08T15:15:00+00:00,2529.23,2544.61,2529.23,2537.05,606.61,1538906.9135
1652023800000,2022-05-08T15:30:00+00:00,2537.05,2543.72,2532.01,2532.01,318.47,808334.2428
1652024700000,2022-05-08T15:45:00+00:00,2532.01,2532.74,2514.2,2515.39,1488.96,3756499.3033
1652025600000,2022-05-08T16:00:00+00:00,2515.39,2526.82,2515.39,2524.34,2394.63,6036435.7335
1652026500000,2022-05-08T16:15:00+00:00,2524.34,2528.86,2515.83,2527.88,1120.54,2824715.7723
1652027400000,2022-05-08T16:30:00+00:00,2527.88,2534.93,2527.53,2533.89,1009.96,2557042.7521
1652028300000,2022-05-08T16:45:00+00:00,2533.89,2534.9,2517.99,2519.33,958.31,2419288.2044
1652029200000,2022-05-08T17:00:00+00:00,2519.33,2532.08,2481.09,2520.42,17093.11,42840295.7834
1652030100000,2022-05-08T17:15:00+00:00,2520.46,2527.64,2509.04,2521.11,4322.8,10891355.2204
1652031000000,2022-05-08T17:30:00+00:00,2521.11,2521.86,2503.89,2509.53,2662.9,6693868.3784
1652031900000,2022-05-08T17:45:00+00:00,2509.53,2530,2504.94,2529.13,1442.4,3629537.3159
1652032800000,2022-05-08T18:00:00+00:00,2529.13,2534.7,2512.39,2517.93,1809.43,4568702.1101
1652033700000,2022-05-08T18:15:00+00:00,2517.93,2546.9,2514.88,2538.14,2380.38,6038457.1846
1652034600000,2022-05-08T18:30:00+00:00,2538.14,2570.38,2536.03,2564.78,4311.62,11042016.5871
1652035500000,2022-05-08T18:45:00+00:00,2564.78,2568.48,2559.18,2561.62,624.96,1601769.2085
1652036400000,2022-05-08T19:00:00+00:00,2561.62,2570.13,2558.96,2563.83,1648.08,4225186.8032
1652037300000,2022-05-08T19:15:00+00:00,2563.83,2570.86,2560.62,2563.71,908.89,2329697.8782
1652038200000,2022-05-08T19:30:00+00:00,2563.71,2565.93,2559.22,2559.65,983.55,2519674.9619
1652039100000,2022-05-08T19:45:00+00:00,2559.65,2563.76,2558.33,2561.65,1141.47,2922952.5036
1652040000000,2022-05-08T20:00:00+00:00,2561.65,2563.74,2555.95,2559.93,368.69,943605.0876
1652040900000,2022-05-08T20:15:00+00:00,2559.93,2560.17,2547.71,2549.69,776.76,1985460.2158
1652041800000,2022-05-08T20:30:00+00:00,2549.69,2550.83,2539.19,2543.76,768.53,1957593.2933
1652042700000,2022-05-08T20:45:00+00:00,2543.76,2545.52,2538.66,2539.7,552.86,1405029.94
1652043600000,2022-05-08T21:00:00+00:00,2539.7,2545.56,2539.63,2543.67,118.26,300619.2773
1652044500000,2022-05-08T21:15:00+00:00,2543.67,2547.27,2543.63,2547.08,954.55,2430222.5022
1652045400000,2022-05-08T21:30:00+00:00,2547.08,2556.21,2547,2555.65,329.36,840942.1951
1652046300000,2022-05-08T21:45:00+00:00,2555.65,2556.32,2551.6,2554.02,1110.92,2838225.4432
1652047200000,2022-05-08T22:00:00+00:00,2554.02,2556.31,2522.24,2536.13,4026.69,10209096.2911
1652048100000,2022-05-08T22:15:00+00:00,2536.13,2541.83,2531.38,2531.91,590.69,1497517.2965
1652049000000,2022-05-08T22:30:00+00:00,2531.91,2532.56,2526.2,2528.8,935.28,2365332.7345
1652049900000,2022-05-08T22:45:00+00:00,2528.8,2542.94,2528.14,2538.41,825.99,2095839.3691
1652050800000,2022-05-08T23:00:00+00:00,2538.41,2539.47,2532.35,2535.21,1916.77,4858627.9019
1652051700000,2022-05-08T23:15:00+00:00,2535.21,2535.61,2520.69,2520.69,2914.34,7368787.1086
1652052600000,2022-05-08T23:30:00+00:00,2520.72,2521.97,2513.67,2519,3981.81,10023185.4202
1652053500000,2022-05-08T23:45:00+00:00,2519,2524.69,2507.24,2518.21,3688.6,9278032.4109
1652054400000,2022-05-09T00:00:00+00:00,2518.21,2526.28,2514.14,2516.96,4045.36,10190647.0789
1652055300000,2022-05-09T00:15:00+00:00,2516.96,2522.54,2513.01,2518.73,6328.98,15937690.5291
1652056200000,2022-05-09T00:30:00+00:00,2518.73,2527.32,2517.72,2527.32,2379.04,6002963.3924
1652057100000,2022-05-09T00:45:00+00:00,2527.32,2529.51,2521.9,2523.48,2028.84,5122928.2705
1652058000000,2022-05-09T01:00:00+00:00,2523.48,2526.77,2518.53,2519.35,850.24,2144951.3946
1652058900000,2022-05-09T01:15:00+00:00,2519.35,2530,2519.35,2521.49,2310.57,5838456.6398
1652059800000,2022-05-09T01:30:00+00:00,2521.49,2525.74,2509.27,2512.75,3510.77,8830855.6692
1652060700000,2022-05-09T01:45:00+00:00,2512.75,2512.87,2502.42,2504.32,1124.78,2819327.3887
1652061600000,2022-05-09T02:00:00+00:00,2504.32,2506.92,2485.02,2492.71,4185.45,10435894.8466
1652062500000,2022-05-09T02:15:00+00:00,2492.71,2493.14,2450.6,2456.09,10241.18,25265138.0489
1652063400000,2022-05-09T02:30:00+00:00,2456.09,2465.45,2424.4,2439.46,13374.65,32710423.4923
1652064300000,2022-05-09T02:45:00+00:00,2439.46,2446.27,2421.86,2441.77,3927.41,9548987.3935
1652065200000,2022-05-09T03:00:00+00:00,2441.77,2466.21,2433.37,2461.69,6118.64,14987189.2312
1652066100000,2022-05-09T03:15:00+00:00,2461.69,2470.15,2457.69,2460.57,3155.5,7774321.5067
1652067000000,2022-05-09T03:30:00+00:00,2460.57,2471.61,2459.74,2464.32,1281.8,3161985.8866
1652067900000,2022-05-09T03:45:00+00:00,2464.32,2465.65,2455.96,2456.43,754.66,1856079.3927
1652068800000,2022-05-09T04:00:00+00:00,2456.43,2473.7,2451.53,2473.25,3089.69,7608325.7181
1652069700000,2022-05-09T04:15:00+00:00,2473.25,2479.49,2471,2472.69,1916.99,4742141.0187
1652070600000,2022-05-09T04:30:00+00:00,2472.69,2474.07,2466.15,2469.5,1272.54,3143886.6897
1652071500000,2022-05-09T04:45:00+00:00,2469.5,2470.07,2459.5,2459.98,963.88,2373793.3658
1652072400000,2022-05-09T05:00:00+00:00,2459.98,2467.53,2456.14,2458.59,1291.94,3181455.8405
1652073300000,2022-05-09T05:15:00+00:00,2458.59,2464.01,2448.28,2452.54,3084.74,7567537.4827
1652074200000,2022-05-09T05:30:00+00:00,2452.54,2452.54,2439.42,2444.28,1290.3,3154816.7412
1652075100000,2022-05-09T05:45:00+00:00,2444.28,2446.75,2437.13,2443.22,658.98,1609063.9756
1652076000000,2022-05-09T06:00:00+00:00,2443.22,2455.69,2423.23,2427.87,4796.18,11674518.8268
1652076900000,2022-05-09T06:15:00+00:00,2427.87,2442.87,2423.93,2439.96,1802.58,4393336.1202
1652077800000,2022-05-09T06:30:00+00:00,2439.96,2449.47,2436.26,2442.37,2619.85,6407818.3527
1652078700000,2022-05-09T06:45:00+00:00,2442.33,2456.16,2441.34,2452.83,960.21,2354947.0849
1652079600000,2022-05-09T07:00:00+00:00,2452.83,2466.16,2451.45,2460.22,1818.54,4474950.0594
1652080500000,2022-05-09T07:15:00+00:00,2460.22,2460.85,2446.98,2448.71,1704.74,4180399.0326
1652081400000,2022-05-09T07:30:00+00:00,2448.71,2456.47,2445.46,2451.19,971.9,2383945.3653
1652082300000,2022-05-09T07:45:00+00:00,2451.19,2459.78,2446.38,2446.81,1232.05,3022514.7096
1652083200000,2022-05-09T08:00:00+00:00,2446.81,2447.47,2440.66,2444.11,1040.97,2543814.9374
1652084100000,2022-05-09T08:15:00+00:00,2444.11,2445.62,2429.36,2439.52,2507.72,6110700.1063
1652085000000,2022-05-09T08:30:00+00:00,2439.52,2445.37,2430.04,2441.62,1838.48,4480988.85
1652085900000,2022-05-09T08:45:00+00:00,2441.62,2466.7,2438.36,2463.34,3676.58,9028616.019
1652086800000,2022-05-09T09:00:00+00:00,2463.34,2468.8,2456.85,2464.99,1566.58,3857143.8109
1652087700000,2022-05-09T09:15:00+00:00,2464.99,2465.55,2448.03,2450.06,1157.43,2841485.4577
1652088600000,2022-05-09T09:30:00+00:00,2450.06,2451.47,2439.79,2444.67,1007.8,2464319.2031
1652089500000,2022-05-09T09:45:00+00:00,2444.67,2451.24,2440.91,2444.96,295.05,721375.8834
1652090400000,2022-05-09T10:00:00+00:00,2444.96,2449.27,2434,2434,1205.04,2938754.7072
1652091300000,2022-05-09T10:15:00+00:00,2434,2439.37,2410.51,2420.31,4189.51,10143913.885
1652092200000,2022-05-09T10:30:00+00:00,2420.31,2424.82,2388.38,2395.58,10046.02,24146177.2636
1652093100000,2022-05-09T10:45:00+00:00,2395.37,2401.21,2357.58,2375.45,11083.55,26376604.7246
1652094000000,2022-05-09T11:00:00+00:00,2375.45,2390.52,2371.16,2381.89,3177.27,7556677.6707
1652094900000,2022-05-09T11:15:00+00:00,2381.89,2390.45,2360.07,2378.7,3195.56,7591734.1104
1652095800000,2022-05-09T11:30:00+00:00,2378.7,2389.72,2375.89,2386.24,1282.01,3053943.2722
1652096700000,2022-05-09T11:45:00+00:00,2386.24,2410.28,2384.48,2404.73,2001.68,4802131.661
1652097600000,2022-05-09T12:00:00+00:00,2404.73,2407.26,2391.47,2394.2,1597.62,3834293.4052
1652098500000,2022-05-09T12:15:00+00:00,2394.2,2408.12,2392,2406.64,1135.17,2726942.5115
1652099400000,2022-05-09T12:30:00+00:00,2406.64,2420.66,2398.58,2410.55,2353.86,5677021.3106
1652100300000,2022-05-09T12:45:00+00:00,2410.55,2414.66,2389.37,2392.26,1181.46,2838348.4192
1652101200000,2022-05-09T13:00:00+00:00,2392.26,2398.66,2387.67,2398.35,1704.59,4078733.2635
1652102100000,2022-05-09T13:15:00+00:00,2398.35,2398.56,2384.17,2384.39,946.58,2260977.9578
1652103000000,2022-05-09T13:30:00+00:00,2384.39,2444.73,2383.91,2427.36,11529.45,27879360.2584
1652103900000,2022-05-09T13:45:00+00:00,2427.36,2427.53,2401.09,2411.99,2886.38,6965433.953
1652104800000,2022-05-09T14:00:00+00:00,2411.99,2416.4,2393.12,2404.85,1718.97,4132996.4501
1652105700000,2022-05-09T14:15:00+00:00,2404.85,2406.49,2384.22,2386.48,1496.67,3580622.1921
1652106600000,2022-05-09T14:30:00+00:00,2386.48,2402.27,2371.43,2396.52,3962.72,9450386.3188
1652107500000,2022-05-09T14:45:00+00:00,2396.52,2407.2,2380.5,2383.82,2737.6,6550799.9573
1652108400000,2022-05-09T15:00:00+00:00,2383.82,2402.27,2381.18,2395.52,2356.62,5640575.1025
1652109300000,2022-05-09T15:15:00+00:00,2395.52,2401.07,2374.38,2375.66,2408.69,5746087.2135
1652110200000,2022-05-09T15:30:00+00:00,2375.66,2386.71,2344.69,2374.65,9811.35,23175877.2106
1652111100000,2022-05-09T15:45:00+00:00,2374.65,2386.97,2365.91,2381.31,1943.26,4621662.1974
1652112000000,2022-05-09T16:00:00+00:00,2381.31,2395.74,2368.61,2389.3,5834.07,13907187.5902
1652112900000,2022-05-09T16:15:00+00:00,2389.3,2404.07,2376.13,2378.07,2997.55,7176480.3842
1652113800000,2022-05-09T16:30:00+00:00,2378.07,2387.23,2344.68,2347.79,3242.86,7660302.4186
1652114700000,2022-05-09T16:45:00+00:00,2347.79,2358.22,2321,2328.42,7103.4,16610019.4808
1652115600000,2022-05-09T17:00:00+00:00,2328.42,2330.07,2245.81,2290.73,23914.1,54567632.3802
1652116500000,2022-05-09T17:15:00+00:00,2290.73,2333.4,2288.9,2328.38,3441.91,7956269.2242
1652117400000,2022-05-09T17:30:00+00:00,2328.38,2347.68,2323.43,2346.62,3339.35,7794416.0472
1652118300000,2022-05-09T17:45:00+00:00,2346.62,2347.31,2297.79,2298.56,3332.72,7721366.9313
1652119200000,2022-05-09T18:00:00+00:00,2298.56,2312.8,2276.44,2283.07,6425.04,14737070.4975
1652120100000,2022-05-09T18:15:00+00:00,2283.07,2307.98,2268.97,2289.85,4493.78,10264193.7782
1652121000000,2022-05-09T18:30:00+00:00,2289.85,2295.26,2244.44,2249.47,9383.2,21277985.4468
1652121900000,2022-05-09T18:45:00+00:00,2249.47,2306.81,2247.75,2283.7,6419.14,14596136.1641
1652122800000,2022-05-09T19:00:00+00:00,2283.7,2298.32,2267.74,2284.12,4310.16,9819553.9011
1652123700000,2022-05-09T19:15:00+00:00,2284.12,2294.29,2256.45,2262.56,3389.8,7721233.8686
1652124600000,2022-05-09T19:30:00+00:00,2261.23,2272.38,2242,2252.32,5936.5,13411152.5621
1652125500000,2022-05-09T19:45:00+00:00,2252.32,2279.55,2224.11,2271.98,10148.81,22843005.4321
1652126400000,2022-05-09T20:00:00+00:00,2271.98,2333.91,2268.21,2331.31,7784.02,17858737.7464
1652127300000,2022-05-09T20:15:00+00:00,2331.31,2332.46,2308.93,2314.98,4646.87,10793089.7823
1652128200000,2022-05-09T20:30:00+00:00,2314.98,2322.14,2267.89,2271.06,2254.75,5173192.4383
1652129100000,2022-05-09T20:45:00+00:00,2271.06,2311.97,2262.84,2289.52,3251.99,7411337.8106
1652130000000,2022-05-09T21:00:00+00:00,2289.52,2323.03,2282.92,2309.81,2263.35,5206353.2449
1652130900000,2022-05-09T21:15:00+00:00,2309.81,2317.34,2298.52,2311.03,716.49,1653851.4617
1652131800000,2022-05-09T21:30:00+00:00,2311.03,2318.57,2300.83,2315.59,860.99,1988001.6113
1652132700000,2022-05-09T21:45:00+00:00,2315.59,2318.94,2272.33,2274.72,1646.46,3784587.1252
1652133600000,2022-05-09T22:00:00+00:00,2274.72,2301.41,2263.47,2289.38,2414.45,5514691.5934
1652134500000,2022-05-09T22:15:00+00:00,2289.38,2303.07,2286.03,2289.39,833.55,1913194.9587
1652135400000,2022-05-09T22:30:00+00:00,2289.39,2309.73,2289.39,2301.07,2349.53,5414730.4817
1652136300000,2022-05-09T22:45:00+00:00,2301.07,2311.16,2290.34,2293.29,1456.46,3353916.9471
1652137200000,2022-05-09T23:00:00+00:00,2293.29,2311.94,2283.08,2284.68,1239.38,2849888.7972
1652138100000,2022-05-09T23:15:00+00:00,2284.68,2286.26,2265,2268.25,1532.24,3487897.1825
1652139000000,2022-05-09T23:30:00+00:00,2268.25,2279.05,2244,2246.82,1528.65,3460572.244
1652139900000,2022-05-09T23:45:00+00:00,2246.82,2262.94,2225.89,2229.68,2487.54,5578896.6949
1652140800000,2022-05-10T00:00:00+00:00,2229.68,2267.06,2205.81,2238.91,11982.44,26684774.8668
1652141700000,2022-05-10T00:15:00+00:00,2238.91,2240.47,2200.46,2205.79,6045.1,13388382.5941
1652142600000,2022-05-10T00:30:00+00:00,2205.79,2284.87,2199.65,2284.32,11262.98,25155690.3837
1652143500000,2022-05-10T00:45:00+00:00,2284.32,2298.85,2262.5,2286.58,8771.82,19975019.201
1652144400000,2022-05-10T01:00:00+00:00,2286.58,2332.36,2274.58,2314.66,7121.1,16460063.5403
1652145300000,2022-05-10T01:15:00+00:00,2314.66,2341.38,2297.85,2333.05,4071.58,9436192.4016
1652146200000,2022-05-10T01:30:00+00:00,2333.05,2333.05,2301.93,2312.53,2959.26,6848541.4431
1652147100000,2022-05-10T01:45:00+00:00,2312.53,2328.84,2303.58,2310.08,3733.05,8640882.4201
1652148000000,2022-05-10T02:00:00+00:00,2310.08,2318.16,2300.47,2312.57,2905.97,6709810.3203
1652148900000,2022-05-10T02:15:00+00:00,2312.57,2345.19,2308.46,2342.83,2255.25,5248719.1032
1652149800000,2022-05-10T02:30:00+00:00,2342.83,2346.05,2325.41,2338.75,1736.68,4057780.8103
1652150700000,2022-05-10T02:45:00+00:00,2338.75,2344.43,2318.16,2321.8,1534.62,3570628.9705
1652151600000,2022-05-10T03:00:00+00:00,2321.8,2342.03,2315.6,2319.37,2499.75,5818514.2324
1652152500000,2022-05-10T03:15:00+00:00,2319.37,2325.45,2310.28,2312.42,2139.48,4954313.5569
1652153400000,2022-05-10T03:30:00+00:00,2312.42,2315.33,2304.71,2307.37,1011.81,2337572.747
1652154300000,2022-05-10T03:45:00+00:00,2307.37,2315.13,2299.14,2300.12,1211.84,2796643.3113
1652155200000,2022-05-10T04:00:00+00:00,2300.12,2321.14,2297.37,2308.31,1309.72,3027294.8246
1652156100000,2022-05-10T04:15:00+00:00,2308.31,2327.22,2308.31,2322.54,2707.72,6283625.7446
1652157000000,2022-05-10T04:30:00+00:00,2322.54,2338.22,2318.38,2332.88,4448.34,10363343.7054
1652157900000,2022-05-10T04:45:00+00:00,2332.88,2357.25,2327.6,2344.93,4267.75,9980168.4078
1652158800000,2022-05-10T05:00:00+00:00,2344.93,2377.16,2342.93,2370.35,5668.06,13405871.6906
1652159700000,2022-05-10T05:15:00+00:00,2370.35,2371.06,2354.36,2365.21,3518.85,8311670.7505
1652160600000,2022-05-10T05:30:00+00:00,2364.98,2393.25,2362.56,2391.57,6187.84,14715969.3858
1652161500000,2022-05-10T05:45:00+00:00,2391.57,2416.96,2390.25,2404.65,10002.77,24039149.6843
1652162400000,2022-05-10T06:00:00+00:00,2404.65,2419.37,2393.07,2414.89,6163.68,14814129.3893
1652163300000,2022-05-10T06:15:00+00:00,2414.89,2432.05,2407.74,2425.84,5359.84,12961457.7905
1652164200000,2022-05-10T06:30:00+00:00,2425.84,2438.24,2416.02,2436.3,4030.44,9792185.2738
1652165100000,2022-05-10T06:45:00+00:00,2436.3,2437.18,2396.37,2397.29,2892.91,6992243.3962
1652166000000,2022-05-10T07:00:00+00:00,2397.29,2412.18,2386.92,2399.05,3591.52,8617897.4796
1652166900000,2022-05-10T07:15:00+00:00,2398.76,2404.79,2389.34,2392.51,1255.53,3007484.799
1652167800000,2022-05-10T07:30:00+00:00,2392.51,2397.54,2383.86,2385.7,1013.32,2421538.1042
1652168700000,2022-05-10T07:45:00+00:00,2385.7,2392.74,2372.28,2372.47,1318.7,3146467.9018
1652169600000,2022-05-10T08:00:00+00:00,2372.47,2394.62,2372.47,2380.86,2807.67,6683167.2335
1652170500000,2022-05-10T08:15:00+00:00,2380.86,2399.37,2380.86,2398.81,2591.68,6202321.6132
1652171400000,2022-05-10T08:30:00+00:00,2398.77,2403.99,2383.7,2389.88,2521.17,6034564.6367
1652172300000,2022-05-10T08:45:00+00:00,2389.88,2395.09,2378.7,2384.78,4011.52,9573923.7615
1652173200000,2022-05-10T09:00:00+00:00,2384.78,2393.9,2380.06,2392.12,1527.46,3647771.0504
1652174100000,2022-05-10T09:15:00+00:00,2392.12,2396.15,2364.99,2368.47,1940.85,4622279.5969
1652175000000,2022-05-10T09:30:00+00:00,2368.47,2396.95,2365.65,2384.33,3272.54,7786680.611
1652175900000,2022-05-10T09:45:00+00:00,2384.33,2389.13,2370.94,2373.71,1774.1,4216781.2982
1652176800000,2022-05-10T10:00:00+00:00,2373.71,2381.74,2367.62,2370.78,2285.2,5423819.0042
1652177700000,2022-05-10T10:15:00+00:00,2370.78,2385.75,2366,2384.9,2318.96,5516097.6024
1652178600000,2022-05-10T10:30:00+00:00,2384.9,2388.76,2373.34,2379.55,2737.16,6514207.1444
1652179500000,2022-05-10T10:45:00+00:00,2379.55,2385.68,2367.48,2370.09,2625.11,6241848.7488
1652180400000,2022-05-10T11:00:00+00:00,2370.09,2379.55,2366.62,2377.34,2047.07,4857703.009
1652181300000,2022-05-10T11:15:00+00:00,2377.34,2396.7,2376.93,2392.19,1960.24,4680235.2224
1652182200000,2022-05-10T11:30:00+00:00,2392.19,2410.64,2389.49,2405.98,2352.1,5641779.7034
1652183100000,2022-05-10T11:45:00+00:00,2405.98,2407.05,2393.24,2401.9,2071.27,4971935.5719
1652184000000,2022-05-10T12:00:00+00:00,2401.9,2404.18,2391.84,2395.09,809.34,1939670.4262
1652184900000,2022-05-10T12:15:00+00:00,2395.09,2418.18,2393.62,2412.5,3780.63,9099487.6962
1652185800000,2022-05-10T12:30:00+00:00,2412.5,2434.93,2408.13,2433.7,5244.95,12733333.6686
1652186700000,2022-05-10T12:45:00+00:00,2433.7,2453.17,2421.37,2443.55,5690.37,13867051.299
1652187600000,2022-05-10T13:00:00+00:00,2443.55,2456.3,2440.47,2449.44,2135.34,5229725.4339
1652188500000,2022-05-10T13:15:00+00:00,2449.44,2451.35,2422.28,2434.83,1943.06,4725312.729
1652189400000,2022-05-10T13:30:00+00:00,2434.83,2452.05,2406.63,2409.51,4011.02,9721128.2624
1652190300000,2022-05-10T13:45:00+00:00,2409.51,2425.48,2399.78,2425,2222.23,5358745.2375
1652191200000,2022-05-10T14:00:00+00:00,2425,2443.14,2408.84,2418.74,2372.17,5751740.9199
1652192100000,2022-05-10T14:15:00+00:00,2418.74,2424,2398.69,2401.79,2226.94,5357016.9779
1652193000000,2022-05-10T14:30:00+00:00,2401.79,2408.28,2371.89,2374.04,1821.08,4348781.0264
1652193900000,2022-05-10T14:45:00+00:00,2374.04,2374.99,2345.25,2357.35,4639.54,10939358.4728
1652194800000,2022-05-10T15:00:00+00:00,2357.35,2366.18,2324.35,2324.35,4964.6,11640567.9431
1652195700000,2022-05-10T15:15:00+00:00,2324.35,2352.23,2320.75,2341.06,2869.59,6708034.7081
1652196600000,2022-05-10T15:30:00+00:00,2341.06,2378.17,2339.89,2368.07,3839.38,9073274.8968
1652197500000,2022-05-10T15:45:00+00:00,2368.07,2368.71,2349.5,2361.26,1279.83,3015847.2888
1652198400000,2022-05-10T16:00:00+00:00,2361.26,2373.23,2342.99,2360.19,6041.96,14271547.2304
1652199300000,2022-05-10T16:15:00+00:00,2360.19,2372.85,2345.61,2350.42,1395.76,3287953.4611
1652200200000,2022-05-10T16:30:00+00:00,2350.42,2355.15,2328.63,2344.39,3499.82,8190646.4478
1652201100000,2022-05-10T16:45:00+00:00,2344.39,2360.96,2339.09,2353.06,1597.84,3750549.2752
1652202000000,2022-05-10T17:00:00+00:00,2353.06,2368.32,2351.41,2360.28,2473.59,5844156.9076
1652202900000,2022-05-10T17:15:00+00:00,2360.28,2372,2352.36,2371.71,535.03,1263147.474
1652203800000,2022-05-10T17:30:00+00:00,2371.71,2409.97,2371.5,2404.81,1876.47,4496029.1162
1652204700000,2022-05-10T17:45:00+00:00,2404.81,2408.25,2394.46,2399.48,1123.01,2695037.8788
1652205600000,2022-05-10T18:00:00+00:00,2399.48,2400.93,2375.74,2391.5,1326.11,3163910.5323
1652206500000,2022-05-10T18:15:00+00:00,2391.5,2391.5,2365.32,2379.15,487.12,1158100.2127
1652207400000,2022-05-10T18:30:00+00:00,2379.15,2393.05,2373.73,2391.54,1033.8,2465319.2655
1652208300000,2022-05-10T18:45:00+00:00,2391.54,2391.54,2374.03,2376.64,544.8,1299060.5465
1652209200000,2022-05-10T19:00:00+00:00,2376.64,2387.7,2362.56,2369.34,442.52,1050139.413
1652210100000,2022-05-10T19:15:00+00:00,2369.34,2378.34,2349.58,2355.97,755.61,1782094.0642
1652211000000,2022-05-10T19:30:00+00:00,2355.97,2356.02,2337.7,2339.23,2213.19,5188530.4951
1652211900000,2022-05-10T19:45:00+00:00,2339.23,2359.86,2339.03,2353.59,917.17,2159804.7028
1652212800000,2022-05-10T20:00:00+00:00,2353.59,2356.47,2343.44,2347.37,288.87,678144.8031
1652213700000,2022-05-10T20:15:00+00:00,2347.37,2353.12,2343.7,2351.69,541.87,1272391.9259
1652214600000,2022-05-10T20:30:00+00:00,2351.69,2351.69,2328.29,2335.22,1720.09,4014338.0602
1652215500000,2022-05-10T20:45:00+00:00,2335.22,2343.96,2321.65,2327.2,922.81,2149194.534
1652216400000,2022-05-10T21:00:00+00:00,2327.2,2339.95,2309.38,2318.78,2194.26,5106295.1651
1652217300000,2022-05-10T21:15:00+00:00,2318.82,2326.91,2295.87,2301.91,2592.65,5971951.1921
1652218200000,2022-05-10T21:30:00+00:00,2301.91,2301.91,2266.04,2278.82,4694.15,10710118.5205
1652219100000,2022-05-10T21:45:00+00:00,2278.82,2284.65,2260.99,2263.36,814.65,1849339.86
1652220000000,2022-05-10T22:00:00+00:00,2263.36,2318.94,2259.23,2306.32,3686.61,8473269.9141
1652220900000,2022-05-10T22:15:00+00:00,2306.32,2323.71,2292.76,2296.58,1120.36,2584334.6551
1652221800000,2022-05-10T22:30:00+00:00,2296.58,2297.33,2281.54,2295.24,1025.42,2346336.8496
1652222700000,2022-05-10T22:45:00+00:00,2295.24,2328.86,2284.08,2318.52,1687.29,3896482.0614
1652223600000,2022-05-10T23:00:00+00:00,2318.52,2358.89,2313.17,2354.63,2464.58,5776728.6567
1652224500000,2022-05-10T23:15:00+00:00,2354.63,2367.4,2340.54,2350.6,3044.57,7168217.5333
1652225400000,2022-05-10T23:30:00+00:00,2350.6,2357.13,2329.09,2337.39,1813.2,4254079.2548
1652226300000,2022-05-10T23:45:00+00:00,2337.39,2347.65,2330.08,2341.01,1180.13,2757028.3928
1652227200000,2022-05-11T00:00:00+00:00,2341.01,2348.46,2329.01,2345.17,4060.18,9493773.5846
1652228100000,2022-05-11T00:15:00+00:00,2345.17,2384.76,2343.08,2377.14,4947.62,11707874.6185
1652229000000,2022-05-11T00:30:00+00:00,2377.14,2377.71,2361.28,2372.04,3817.82,9041154.6998
1652229900000,2022-05-11T00:45:00+00:00,2372.04,2374.41,2348.61,2354.7,2855.04,6735540.0147
1652230800000,2022-05-11T01:00:00+00:00,2354.7,2359.61,2342.94,2343.34,2965.33,6971238.3452
1652231700000,2022-05-11T01:15:00+00:00,2343.34,2350.45,2340.34,2345.15,1844.36,4324696.1
1652232600000,2022-05-11T01:30:00+00:00,2345.15,2354.52,2337.12,2343.37,3503.36,8220489.3148
1652233500000,2022-05-11T01:45:00+00:00,2343.37,2346.08,2332.31,2335.86,2732.52,6391341.3769
1652234400000,2022-05-11T02:00:00+00:00,2335.86,2342.04,2318.61,2341.74,4399.17,10248675.4114
1652235300000,2022-05-11T02:15:00+00:00,2341.74,2385.69,2336.37,2380,6604.43,15648755.8559
1652236200000,2022-05-11T02:30:00+00:00,2380,2381.68,2367.47,2367.87,2819,6692772.2027
1652237100000,2022-05-11T02:45:00+00:00,2367.87,2380.51,2357.35,2375.61,1694.62,4017625.8053
1652238000000,2022-05-11T03:00:00+00:00,2375.61,2392.02,2362.98,2363.01,1792.01,4264485.8368
1652238900000,2022-05-11T03:15:00+00:00,2363.01,2370.52,2362.31,2367.58,1420.27,3361467.9555
1652239800000,2022-05-11T03:30:00+00:00,2367.58,2373.8,2359.81,2360.08,1040.47,2463263.3398
1652240700000,2022-05-11T03:45:00+00:00,2360.08,2366.67,2355.46,2360.03,1097.62,2593364.9941
1652241600000,2022-05-11T04:00:00+00:00,2360.03,2370.79,2357.78,2360.1,2677.97,6328782.115
1652242500000,2022-05-11T04:15:00+00:00,2360.1,2370.7,2351.35,2369.4,3428.56,8092056.1694
1652243400000,2022-05-11T04:30:00+00:00,2369.4,2371.19,2351.62,2352.24,1911.28,4509160.4251
1652244300000,2022-05-11T04:45:00+00:00,2352.13,2360.43,2341.58,2351.91,4489.83,10552485.0066
1652245200000,2022-05-11T05:00:00+00:00,2351.91,2404.7,2344.08,2386.89,6815.55,16191232.8105
1652246100000,2022-05-11T05:15:00+00:00,2386.89,2400.64,2385.14,2392.22,4570.45,10942445.5854
1652247000000,2022-05-11T05:30:00+00:00,2392.22,2403.32,2379.69,2381.45,3589.44,8573530.7166
1652247900000,2022-05-11T05:45:00+00:00,2381.45,2384.79,2364.12,2380.9,4984.58,11853070.655
1652248800000,2022-05-11T06:00:00+00:00,2380.9,2386.67,2374.26,2377.8,2579.67,6140976.489
1652249700000,2022-05-11T06:15:00+00:00,2377.8,2379.4,2360.91,2363.05,2379.19,5637016.2738
1652250600000,2022-05-11T06:30:00+00:00,2363.05,2367.2,2342.24,2342.24,5532.91,13035326.2068
1652251500000,2022-05-11T06:45:00+00:00,2342.24,2343.03,2280.21,2292.97,12119.26,27993647.6707
1652252400000,2022-05-11T07:00:00+00:00,2292.97,2309.72,2268.14,2296.49,8309.25,19018873.8947
1652253300000,2022-05-11T07:15:00+00:00,2296.49,2332.6,2293.29,2313.17,5036.63,11664677.7631
1652254200000,2022-05-11T07:30:00+00:00,2313.17,2313.17,2266.52,2283.43,5767.95,13197314.7755
1652255100000,2022-05-11T07:45:00+00:00,2283.43,2314.37,2274.03,2313.71,4662.78,10661339.2642
1652256000000,2022-05-11T08:00:00+00:00,2313.71,2345.84,2290.56,2345.24,7023.81,16280677.1922
1652256900000,2022-05-11T08:15:00+00:00,2345.24,2359.57,2326.41,2331.53,7435.71,17430957.4764
1652257800000,2022-05-11T08:30:00+00:00,2331.53,2356.8,2319.23,2353.75,6220.69,14537994.5348
1652258700000,2022-05-11T08:45:00+00:00,2353.75,2378.93,2351.07,2376.56,4812.54,11381776.715
1652259600000,2022-05-11T09:00:00+00:00,2376.56,2381.16,2359.57,2360.23,3609.85,8560788.5994
1652260500000,2022-05-11T09:15:00+00:00,2360.23,2398.46,2359.49,2394.14,3294.31,7845258.5405
1652261400000,2022-05-11T09:30:00+00:00,2394.14,2435.77,2390.04,2418.9,7391.59,17842246.0955
1652262300000,2022-05-11T09:45:00+00:00,2418.9,2437.46,2416.45,2434.05,2437.27,5914736.7771
1652263200000,2022-05-11T10:00:00+00:00,2434.05,2446,2414.81,2438.77,5098.6,12409556.9073
1652264100000,2022-05-11T10:15:00+00:00,2438.77,2442.87,2422.66,2425,2575.65,6264247.187
1652265000000,2022-05-11T10:30:00+00:00,2425,2439.23,2424.39,2437.17,1632.63,3972496.9337
1652265900000,2022-05-11T10:45:00+00:00,2437.17,2451.1,2431.86,2432.64,3061.87,7483527.5453
1652266800000,2022-05-11T11:00:00+00:00,2432.7,2443.6,2409.75,2440.6,3087.98,7496378.8046
1652267700000,2022-05-11T11:15:00+00:00,2440.6,2440.6,2416.39,2421.52,1726.65,4187056.3297
1652268600000,2022-05-11T11:30:00+00:00,2421.52,2431.28,2413.85,2414.22,1854.66,4498390.6518
1652269500000,2022-05-11T11:45:00+00:00,2414.22,2419.31,2395.84,2410.55,3305.74,7950835.3554
1652270400000,2022-05-11T12:00:00+00:00,2410.55,2428.63,2400.68,2417.7,3019.63,7293786.8328
1652271300000,2022-05-11T12:15:00+00:00,2417.7,2428.78,2390.55,2411.03,3643.91,8769722.9269
1652272200000,2022-05-11T12:30:00+00:00,2411.03,2411.03,2254,2271.74,34852.52,81113693.0021
1652273100000,2022-05-11T12:45:00+00:00,2271.51,2273.34,2120.56,2169.65,41817.51,91553323.6223
1652274000000,2022-05-11T13:00:00+00:00,2169.65,2213.01,2156.45,2177.87,7180.41,15696642.3215
1652274900000,2022-05-11T13:15:00+00:00,2177.87,2291.61,2171.43,2238.66,10581.18,23650863.9684
1652275800000,2022-05-11T13:30:00+00:00,2238.66,2309.86,2204.3,2302.51,8926.6,20013291.929
1652276700000,2022-05-11T13:45:00+00:00,2302.51,2397.33,2276.41,2339.28,23463.06,54820245.7025
1652277600000,2022-05-11T14:00:00+00:00,2339.28,2360.35,2293.85,2307.99,6476.06,15086400.3086
1652278500000,2022-05-11T14:15:00+00:00,2307.99,2358.12,2307.96,2335.7,3618.59,8447719.0916
1652279400000,2022-05-11T14:30:00+00:00,2335.7,2375.44,2334.6,2367.21,3446.1,8114758.6565
1652280300000,2022-05-11T14:45:00+00:00,2367.21,2385.07,2334.41,2347.14,3988.28,9435861.827
1652281200000,2022-05-11T15:00:00+00:00,2347.14,2349.54,2302.91,2306.65,1772.63,4119737.9795
1652282100000,2022-05-11T15:15:00+00:00,2306.65,2318.5,2284.69,2307.62,6533.2,15035332.4978
1652283000000,2022-05-11T15:30:00+00:00,2307.62,2328.44,2284.14,2298.6,3109.48,7181117.0935
1652283900000,2022-05-11T15:45:00+00:00,2298.6,2305.02,2249.17,2264.61,4011.35,9095032.7178
1652284800000,2022-05-11T16:00:00+00:00,2264.61,2282.05,2225,2243.86,7964.46,17958951.5782
1652285700000,2022-05-11T16:15:00+00:00,2243.86,2261.64,2230.35,2235.6,3250.05,7300615.6726
1652286600000,2022-05-11T16:30:00+00:00,2235.6,2248.58,2223.96,2238.08,1559.45,3487218.0553
1652287500000,2022-05-11T16:45:00+00:00,2238.08,2239.51,2201,2208.63,2134.1,4725132.1866
1652288400000,2022-05-11T17:00:00+00:00,2208.63,2221.09,2191.85,2207.45,5325.3,11762161.5746
1652289300000,2022-05-11T17:15:00+00:00,2207.45,2216.39,2164.53,2179.22,2426.95,5300115.8803
1652290200000,2022-05-11T17:30:00+00:00,2179.22,2193.74,2151.37,2154.16,3012.74,6541385.3285
1652291100000,2022-05-11T17:45:00+00:00,2154.16,2218.04,2145.37,2184.25,4317.28,9443662.7689
1652292000000,2022-05-11T18:00:00+00:00,2184.25,2198.08,2177.34,2188.4,2331.75,5100088.939
1652292900000,2022-05-11T18:15:00+00:00,2188.4,2213.29,2174.66,2202.37,1872.24,4110436.3
1652293800000,2022-05-11T18:30:00+00:00,2202.37,2209.13,2180.24,2209.13,2366.01,5190079.8422
1652294700000,2022-05-11T18:45:00+00:00,2209.13,2209.13,2164.76,2176.56,1946.11,4240862.5046
1652295600000,2022-05-11T19:00:00+00:00,2176.56,2191.34,2163.76,2169.5,906.08,1972238.8755
1652296500000,2022-05-11T19:15:00+00:00,2169.5,2187.32,2147.62,2161.9,1742.47,3771606.0208
1652297400000,2022-05-11T19:30:00+00:00,2161.9,2167.34,2105.2,2108.48,4085.5,8713000.9955
1652298300000,2022-05-11T19:45:00+00:00,2108.48,2128.12,2095.11,2115.37,1839.58,3878522.4429
1652299200000,2022-05-11T20:00:00+00:00,2115.37,2149.78,2096.47,2097.95,4483.96,9544166.3691
1652300100000,2022-05-11T20:15:00+00:00,2097.95,2127.51,2083.22,2109.12,1850.64,3889863.7109
1652301000000,2022-05-11T20:30:00+00:00,2109.12,2124.74,2093.46,2123.4,1126.69,2377111.3402
1652301900000,2022-05-11T20:45:00+00:00,2123.4,2127.01,2022.3,2040.67,6317.72,13017127.9305
1652302800000,2022-05-11T21:00:00+00:00,2040.67,2088,2031.32,2069.24,3803.1,7830948.1251
1652303700000,2022-05-11T21:15:00+00:00,2069.24,2089.43,2003.36,2028.09,4732.31,9666741.9966
1652304600000,2022-05-11T21:30:00+00:00,2028.09,2072.87,2025.19,2061.3,1213.47,2489252.0071
1652305500000,2022-05-11T21:45:00+00:00,2061.3,2107.23,2057.68,2095.04,2886.88,6025942.7269
1652306400000,2022-05-11T22:00:00+00:00,2095.04,2117.17,2075.88,2096.21,2199.93,4610072.4178
1652307300000,2022-05-11T22:15:00+00:00,2096.21,2109.46,2078.63,2087.89,726.35,1521178.8501
1652308200000,2022-05-11T22:30:00+00:00,2087.89,2089.72,2045.55,2056.08,1613.28,3324555.9918
1652309100000,2022-05-11T22:45:00+00:00,2056.08,2095.41,2043.39,2081.35,1842.66,3811646.8173
1652310000000,2022-05-11T23:00:00+00:00,2081.35,2103.57,2074.85,2082.81,1804.16,3768478.0166
1652310900000,2022-05-11T23:15:00+00:00,2082.81,2087.74,2049.24,2060.89,2507.05,5178802.8005
1652311800000,2022-05-11T23:30:00+00:00,2060.89,2091.12,2053.66,2090.45,2177.32,4510852.4104
1652312700000,2022-05-11T23:45:00+00:00,2090.45,2090.95,2070.22,2084.91,2427.06,5047107.1537
1652313600000,2022-05-12T00:00:00+00:00,2084.91,2120.25,2075.05,2112.45,3822.48,8013173.2859
1652314500000,2022-05-12T00:15:00+00:00,2112.45,2143.55,2092.81,2132.37,6132.91,13025263.2493
1652315400000,2022-05-12T00:30:00+00:00,2132.37,2192.61,2127.41,2177.52,6582.98,14176194.8624
1652316300000,2022-05-12T00:45:00+00:00,2177.23,2179.92,2147.38,2150.01,4378.16,9471710.1529
1652317200000,2022-05-12T01:00:00+00:00,2150.01,2164.54,2136.03,2138.76,3883.95,8356613.1355
1652318100000,2022-05-12T01:15:00+00:00,2138.76,2150.31,2118.09,2124.76,2933.83,6263293.6277
1652319000000,2022-05-12T01:30:00+00:00,2124.76,2133.75,2117.68,2128.36,2649.91,5634009.8894
1652319900000,2022-05-12T01:45:00+00:00,2128.36,2142.87,2091.92,2103.38,3622.15,7651334.5212
1652320800000,2022-05-12T02:00:00+00:00,2103.38,2112.38,2074.78,2109.35,7272.15,15228155.4176
1652321700000,2022-05-12T02:15:00+00:00,2109.35,2123.26,2085.73,2085.73,1422.76,2992066.3333
1652322600000,2022-05-12T02:30:00+00:00,2085.73,2095.49,2042.4,2049.88,6455.79,13376394.4445
1652323500000,2022-05-12T02:45:00+00:00,2049.88,2065.14,2043,2047.6,3213.76,6595322.911
1652324400000,2022-05-12T03:00:00+00:00,2047.6,2063.4,2011.22,2019.71,7244.24,14703099.7273
1652325300000,2022-05-12T03:15:00+00:00,2019.71,2035.76,2004.52,2006.63,4009.79,8099063.7752
1652326200000,2022-05-12T03:30:00+00:00,2006.63,2026.29,1993.35,2020.8,4814.41,9681397.4302
1652327100000,2022-05-12T03:45:00+00:00,2020.8,2029.98,1967.98,1968.83,6744.99,13433942.8441
1652328000000,2022-05-12T04:00:00+00:00,1968.83,1982.84,1922.34,1926.08,10269.25,20088239.4026
1652328900000,2022-05-12T04:15:00+00:00,1926.08,1955.75,1834.52,1931.43,33314.34,62834372.9792
1652329800000,2022-05-12T04:30:00+00:00,1931.43,1968.04,1914.01,1929.77,16310.37,31749005.6856
1652330700000,2022-05-12T04:45:00+00:00,1929.77,1936.32,1871.68,1898.31,11075.67,21046029.4581
1652331600000,2022-05-12T05:00:00+00:00,1898.31,1906.34,1806.34,1808.6,17486.02,32378249.0509
1652332500000,2022-05-12T05:15:00+00:00,1808.6,1882.44,1790.57,1848.4,15903.12,29148685.1949
1652333400000,2022-05-12T05:30:00+00:00,1848.4,1891.75,1828.81,1846.57,4797.51,8956312.3558
1652334300000,2022-05-12T05:45:00+00:00,1846.57,1864.7,1802.62,1831.93,7247.95,13252221.8474
1652335200000,2022-05-12T06:00:00+00:00,1831.93,1864.24,1812.91,1840,5353.94,9825359.8412
1652336100000,2022-05-12T06:15:00+00:00,1840,1891.64,1822.25,1875.67,2954.23,5487283.1024
1652337000000,2022-05-12T06:30:00+00:00,1875.67,1920.27,1841.99,1864.97,8840.38,16651897.7273
1652337900000,2022-05-12T06:45:00+00:00,1864.97,1876.66,1839,1840.35,2804.66,5206528.7799
1652338800000,2022-05-12T07:00:00+00:00,1840.06,1860.97,1791.8,1793.45,6482.88,11851636.1654
1652339700000,2022-05-12T07:15:00+00:00,1793.45,1928.15,1775.67,1912.27,19338.04,35898363.105
1652340600000,2022-05-12T07:30:00+00:00,1912.27,1921.5,1859.18,1907.2,6770.57,12822337.5582
1652341500000,2022-05-12T07:45:00+00:00,1907.2,1954.73,1883.19,1908.89,7044.25,13499258.2675
1652342400000,2022-05-12T08:00:00+00:00,1908.89,1936.38,1891.61,1929.07,5695.28,10888627.8245
1652343300000,2022-05-12T08:15:00+00:00,1929.07,1937.04,1891.13,1897.32,3079.79,5898345.9483
1652344200000,2022-05-12T08:30:00+00:00,1897.32,1906.63,1867.48,1874.12,3295.55,6212718.5898
1652345100000,2022-05-12T08:45:00+00:00,1874.12,1921.43,1867.56,1911.39,2769.63,5250233.1654
1652346000000,2022-05-12T09:00:00+00:00,1911.39,1924.02,1896.22,1899.51,1400.06,2676356.1207
1652346900000,2022-05-12T09:15:00+00:00,1899.51,1947.67,1893.59,1929.65,2015.85,3881037.0413
1652347800000,2022-05-12T09:30:00+00:00,1929.65,1946.12,1916.63,1929.92,1995.83,3855464.6339
1652348700000,2022-05-12T09:45:00+00:00,1929.92,1936.22,1906.34,1913.32,1996.76,3828838.8223
1652349600000,2022-05-12T10:00:00+00:00,1913.32,1930.54,1894.17,1902.25,2024.92,3874037.7246
1652350500000,2022-05-12T10:15:00+00:00,1902.25,1949.3,1900.52,1941.93,4070.3,7832554.9738
1652351400000,2022-05-12T10:30:00+00:00,1941.93,1969.5,1935.96,1963.29,2877,5619437.1831
1652352300000,2022-05-12T10:45:00+00:00,1962.28,1989.8,1959.55,1976.73,3140.79,6209488.4989
1652353200000,2022-05-12T11:00:00+00:00,1976.92,1991.78,1966.2,1982.46,1858.18,3680086.9916
1652354100000,2022-05-12T11:15:00+00:00,1982.46,2016.27,1974,2004.84,3956.22,7909618.3225
1652355000000,2022-05-12T11:30:00+00:00,2004.84,2008.58,1951,1953.61,3173.16,6260378.7383
1652355900000,2022-05-12T11:45:00+00:00,1953.61,1967.85,1930.97,1950.66,3860.38,7519462.4298
1652356800000,2022-05-12T12:00:00+00:00,1950.66,1965.59,1925.06,1939.31,3337.46,6484810.6303
1652357700000,2022-05-12T12:15:00+00:00,1939.51,1951.34,1916.16,1922.09,1621.52,3137910.4307
1652358600000,2022-05-12T12:30:00+00:00,1922.09,1984.42,1920.03,1962.38,4175.31,8158953.7851
1652359500000,2022-05-12T12:45:00+00:00,1962.38,1972.46,1947.38,1958.42,1990.87,3906194.064
1652360400000,2022-05-12T13:00:00+00:00,1958.42,1969.31,1933.66,1950.17,2281.05,4450787.9537
1652361300000,2022-05-12T13:15:00+00:00,1950.17,1963.15,1933.99,1953.65,1921.18,3751265.1652
1652362200000,2022-05-12T13:30:00+00:00,1953.65,1975,1882.24,1921.4,13130.19,25236478.2796
1652363100000,2022-05-12T13:45:00+00:00,1921.4,1953.63,1905.34,1908.11,7292.06,14032926.6789
1652364000000,2022-05-12T14:00:00+00:00,1908.11,1951.23,1890.35,1939.04,7262.7,13928108.1634
1652364900000,2022-05-12T14:15:00+00:00,1939.04,1975.15,1932.41,1953.37,4600.72,8978625.4445
1652365800000,2022-05-12T14:30:00+00:00,1953.37,1974.83,1945.88,1960.78,2444.55,4800367.5101
1652366700000,2022-05-12T14:45:00+00:00,1960.78,2024.58,1951.38,2023.6,6037.96,12045775.4728
1652367600000,2022-05-12T15:00:00+00:00,2023.6,2050.82,2008.28,2019.81,8254.89,16723784.288
1652368500000,2022-05-12T15:15:00+00:00,2019.81,2034.92,1993.3,1996.04,3340.49,6699030.6467
1652369400000,2022-05-12T15:30:00+00:00,1995.55,2014.26,1984.7,2001.54,2323.86,4646076.8726
1652370300000,2022-05-12T15:45:00+00:00,2001.54,2004.65,1966.82,1966.88,3222.48,6396332.2641
1652371200000,2022-05-12T16:00:00+00:00,1966.88,2000.72,1961.95,1987.71,7558.22,14935421.5241
1652372100000,2022-05-12T16:15:00+00:00,1987.71,2027.56,1969.42,2009.52,4092.82,8193019.1859
1652373000000,2022-05-12T16:30:00+00:00,2009.52,2033.82,1990.75,2012.28,5573.09,11221317.2881
1652373900000,2022-05-12T16:45:00+00:00,2012.28,2034.04,2012.1,2023.85,4696.98,9493140.551
1652374800000,2022-05-12T17:00:00+00:00,2023.85,2030.15,1992.76,1998.09,4441.32,8921491.0562
1652375700000,2022-05-12T17:15:00+00:00,1998.09,2004.88,1978.27,1992.12,2383.78,4746932.4408
1652376600000,2022-05-12T17:30:00+00:00,1992.12,1999.8,1954.93,1960.64,3062.1,6029215.4481
1652377500000,2022-05-12T17:45:00+00:00,1960.64,1967.86,1926.93,1931.47,2797.72,5430679.4172
1652378400000,2022-05-12T18:00:00+00:00,1931.47,1947.48,1928.86,1937.13,2677.96,5188311.6287
1652379300000,2022-05-12T18:15:00+00:00,1937.13,1948.82,1923.34,1939.14,1040.24,2013360.6902
1652380200000,2022-05-12T18:30:00+00:00,1939.14,1940.64,1906.98,1918.34,2811.46,5401819.9178
1652381100000,2022-05-12T18:45:00+00:00,1918.34,1923.89,1898.22,1908.34,2018.44,3856337.9992
1652382000000,2022-05-12T19:00:00+00:00,1908.34,1922.52,1904.82,1910.95,1185.76,2271706.6857
1652382900000,2022-05-12T19:15:00+00:00,1910.95,1966.88,1909.18,1937.14,988.64,1924643.4067
1652383800000,2022-05-12T19:30:00+00:00,1937.14,1950,1924.9,1939.76,1798.21,3477058.3209
1652384700000,2022-05-12T19:45:00+00:00,1939.76,1954.26,1925.44,1944.66,1923.46,3734511.12
1652385600000,2022-05-12T20:00:00+00:00,1944.66,1950.01,1925.38,1927.93,305.05,591103.538
1652386500000,2022-05-12T20:15:00+00:00,1927.93,1950.36,1927.04,1950.36,1069.18,2069232.3236
1652387400000,2022-05-12T20:30:00+00:00,1950.36,1956.54,1934.28,1945.95,2039.95,3965380.8793
1652388300000,2022-05-12T20:45:00+00:00,1945.95,1952.93,1928.17,1928.59,324.94,630185.1478
1652389200000,2022-05-12T21:00:00+00:00,1928.59,1929.46,1914.53,1919.44,605.24,1163335.2512
1652390100000,2022-05-12T21:15:00+00:00,1919.44,1919.64,1897.34,1897.74,885.56,1689539.0451
1652391000000,2022-05-12T21:30:00+00:00,1897.74,1906.45,1867.91,1904.48,1595.35,3003868.8404
1652391900000,2022-05-12T21:45:00+00:00,1904.48,1928.31,1892.38,1912.71,1032.64,1969710.177
1652392800000,2022-05-12T22:00:00+00:00,1912.71,1930.46,1903.34,1923.72,739.65,1419856.0781
1652393700000,2022-05-12T22:15:00+00:00,1923.72,1930.07,1903.37,1906.65,841.19,1609010.672
1652394600000,2022-05-12T22:30:00+00:00,1906.65,1921.37,1896.65,1916.12,1034.18,1975401.2655
1652395500000,2022-05-12T22:45:00+00:00,1916.12,1928.56,1906.82,1923.32,582.31,1115810.9083
1652396400000,2022-05-12T23:00:00+00:00,1923.32,1958.58,1923.07,1948,2483.12,4825757.1055
1652397300000,2022-05-12T23:15:00+00:00,1948,1964.54,1943.32,1951.34,1868,3654120.5441
1652398200000,2022-05-12T23:30:00+00:00,1951.34,1979.74,1944.21,1970.65,2074.21,4079470.4792
1652399100000,2022-05-12T23:45:00+00:00,1970.65,1982.62,1951.55,1958.89,1557.78,3063757.8744
1652400000000,2022-05-13T00:00:00+00:00,1958.89,1970.59,1946.27,1954.48,2669.96,5225101.7506
1652400900000,2022-05-13T00:15:00+00:00,1954.48,1955.48,1939.36,1954.65,3521.65,6848779.8588
1652401800000,2022-05-13T00:30:00+00:00,1954.65,1997.98,1953.32,1993.76,4293.71,8500998.8964
1652402700000,2022-05-13T00:45:00+00:00,1993.76,2025.7,1991.76,2012.61,3648.69,7326157.6743
1652403600000,2022-05-13T01:00:00+00:00,2012.61,2045,2007.48,2025.99,5058.76,10257155.577
1652404500000,2022-05-13T01:15:00+00:00,2025.99,2037.94,2010.56,2013.12,2448.59,4947152.935
1652405400000,2022-05-13T01:30:00+00:00,2013.12,2018.21,1998.57,2006.64,2425.9,4867913.8814
1652406300000,2022-05-13T01:45:00+00:00,2006.64,2027.78,1999.37,2017.5,2825.34,5687945.4217
1652407200000,2022-05-13T02:00:00+00:00,2017.5,2037.39,2009.44,2031.08,3496.37,7072276.9445
1652408100000,2022-05-13T02:15:00+00:00,2031.08,2068.8,2021.98,2064.92,3876.07,7928995.9685
1652409000000,2022-05-13T02:30:00+00:00,2064.92,2076.06,2044.13,2053.59,3244.32,6684474.0349
1652409900000,2022-05-13T02:45:00+00:00,2053.59,2068.46,2046.7,2063.94,1867.36,3844399.3715
1652410800000,2022-05-13T03:00:00+00:00,2063.94,2094.8,2056.05,2091.13,4371.51,9097637.7118
1652411700000,2022-05-13T03:15:00+00:00,2091.13,2106.88,2084.5,2090.75,3036.98,6362472.1911
1652412600000,2022-05-13T03:30:00+00:00,2090.75,2097.56,2082.29,2090.5,1228.28,2566840.2866
1652413500000,2022-05-13T03:45:00+00:00,2090.5,2110,2085.84,2093.45,1878.48,3946459.2655
1652414400000,2022-05-13T04:00:00+00:00,2093.45,2096.71,2078.59,2090.56,1943.63,4054734.1687
1652415300000,2022-05-13T04:15:00+00:00,2090.56,2091.62,2077.37,2083.57,671.73,1398886.911
1652416200000,2022-05-13T04:30:00+00:00,2083.57,2089.02,2068.76,2078.98,1646.91,3418344.2866
1652417100000,2022-05-13T04:45:00+00:00,2078.98,2092.61,2074.92,2087.1,1955.48,4072424.4972
1652418000000,2022-05-13T05:00:00+00:00,2087.1,2117.32,2080.06,2104.92,2500.85,5253589.9598
1652418900000,2022-05-13T05:15:00+00:00,2104.92,2140.37,2104.92,2124.09,3564.25,7570048.1352
1652419800000,2022-05-13T05:30:00+00:00,2123.96,2128.67,2111.63,2126.62,2126.36,4504630.3831
1652420700000,2022-05-13T05:45:00+00:00,2126.62,2143.45,2101.85,2104.51,2907.39,6160843.1609
1652421600000,2022-05-13T06:00:00+00:00,2104.51,2122.28,2102.14,2110.86,3147.55,6651264.8581
1652422500000,2022-05-13T06:15:00+00:00,2110.86,2114.57,2091.96,2100.71,1939.01,4075463.5504
1652423400000,2022-05-13T06:30:00+00:00,2100.71,2111.92,2099.34,2105.56,1738.87,3663030.0875
1652424300000,2022-05-13T06:45:00+00:00,2105.56,2108.46,2088,2093.56,2298.84,4819072.1139
1652425200000,2022-05-13T07:00:00+00:00,2093.56,2093.56,2077.01,2089.43,2203.29,4593916.6252
1652426100000,2022-05-13T07:15:00+00:00,2089.43,2095.49,2077,2081.41,981.23,2045183.3826
1652427000000,2022-05-13T07:30:00+00:00,2081.41,2086.51,2067.75,2069.31,1584.97,3291522.215
1652427900000,2022-05-13T07:45:00+00:00,2069.31,2070,2047.1,2047.5,2661.84,5482103.5884
1652428800000,2022-05-13T08:00:00+00:00,2047.5,2068.31,2047.49,2062.25,2423.07,4985959.6549
1652429700000,2022-05-13T08:15:00+00:00,2062.25,2069.46,2055,2066.31,1329.63,2742248.8506
1652430600000,2022-05-13T08:30:00+00:00,2066.31,2075.61,2053.5,2067.39,2044.77,4217821.4494
1652431500000,2022-05-13T08:45:00+00:00,2067.39,2077.89,2059.04,2067.31,1545.66,3192666.2696
1652432400000,2022-05-13T09:00:00+00:00,2067.31,2086.62,2067.31,2081.79,2012.49,4181763.9891
1652433300000,2022-05-13T09:15:00+00:00,2081.79,2097.19,2079.58,2080.5,5851.91,12211694.7001
1652434200000,2022-05-13T09:30:00+00:00,2080.5,2085.39,2073.73,2081.36,2423.11,5041562.0492
1652435100000,2022-05-13T09:45:00+00:00,2081.36,2086.98,2065.28,2075.66,3548.75,7373624.8439
1652436000000,2022-05-13T10:00:00+00:00,2075.66,2078.34,2055.78,2063.59,899.43,1859690.1393
1652436900000,2022-05-13T10:15:00+00:00,2063.59,2072.22,2058.9,2059.25,547.27,1129215.3757
1652437800000,2022-05-13T10:30:00+00:00,2059.25,2081.51,2058.2,2078.96,3184.14,6605123.4893
1652438700000,2022-05-13T10:45:00+00:00,2078.96,2103.4,2077.78,2095,2973.59,6220395.4968
1652439600000,2022-05-13T11:00:00+00:00,2095,2107.69,2091.83,2092.63,2624.23,5514435.0892
1652440500000,2022-05-13T11:15:00+00:00,2092.63,2094.35,2075.71,2088.15,1961.79,4084817.3685
1652441400000,2022-05-13T11:30:00+00:00,2088.15,2096.11,2079.16,2092.79,1282.17,2678259.6987
1652442300000,2022-05-13T11:45:00+00:00,2092.79,2123.02,2089.8,2111.47,3492.41,7364653.2063
1652443200000,2022-05-13T12:00:00+00:00,2111.47,2116.3,2096.5,2104.34,2813.46,5931575.529
1652444100000,2022-05-13T12:15:00+00:00,2104.34,2123,2103.93,2116.49,1986.62,4202466.8068
1652445000000,2022-05-13T12:30:00+00:00,2116.49,2133,2102.94,2109.89,3885.68,8236007.6347
1652445900000,2022-05-13T12:45:00+00:00,2109.89,2122.84,2104.42,2118.55,1859.74,3930177.5911
1652446800000,2022-05-13T13:00:00+00:00,2118.55,2125.29,2089.41,2093.1,2311.95,4870321.9566
1652447700000,2022-05-13T13:15:00+00:00,2093.1,2102.6,2086.27,2097.45,1297.25,2717970.8566
1652448600000,2022-05-13T13:30:00+00:00,2097.45,2118.67,2078.5,2115.48,9012.83,18944941.6602
1652449500000,2022-05-13T13:45:00+00:00,2115.48,2131.96,2108.55,2123.99,2864.62,6077282.7056
1652450400000,2022-05-13T14:00:00+00:00,2123.99,2141.8,2115,2119.18,4209.08,8963600.5992
1652451300000,2022-05-13T14:15:00+00:00,2119.18,2145.79,2110.69,2133.3,3011.6,6407462.6579
1652452200000,2022-05-13T14:30:00+00:00,2133.3,2145.42,2128.88,2138.14,2338.54,4998484.7865
1652453100000,2022-05-13T14:45:00+00:00,2138.14,2139.38,2121.23,2126.76,1287.9,2743008.1439
1652454000000,2022-05-13T15:00:00+00:00,2126.76,2128.48,2115.43,2118.58,1726.73,3663326.8695
1652454900000,2022-05-13T15:15:00+00:00,2118.58,2118.83,2099.71,2105.6,2039.48,4297420.4881
1652455800000,2022-05-13T15:30:00+00:00,2105.6,2110.5,2083.5,2087.69,2075.81,4345072.2525
1652456700000,2022-05-13T15:45:00+00:00,2087.69,2097.1,2078,2091,1622.07,3386399.3136
1652457600000,2022-05-13T16:00:00+00:00,2091,2111.11,2084.74,2103.99,3714.47,7801272.0522
1652458500000,2022-05-13T16:15:00+00:00,2103.99,2104.48,2068.15,2073.09,4372.7,9093730.2417
1652459400000,2022-05-13T16:30:00+00:00,2073.09,2076.31,2053.1,2058.88,4900.9,10124390.2374
1652460300000,2022-05-13T16:45:00+00:00,2058.88,2071.64,2058.12,2066.23,1723.65,3561241.2108
1652461200000,2022-05-13T17:00:00+00:00,2066.23,2093.87,2062.61,2089.94,2484.99,5155905.8766
1652462100000,2022-05-13T17:15:00+00:00,2089.94,2090.68,2069,2073.29,3320.39,6910249.4629
1652463000000,2022-05-13T17:30:00+00:00,2073.29,2084.03,2069.02,2071.36,327.98,681241.8997
1652463900000,2022-05-13T17:45:00+00:00,2071.36,2071.36,2050.51,2050.79,1782.06,3669006.0368
1652464800000,2022-05-13T18:00:00+00:00,2050.79,2063.24,2028.44,2054.2,3239.98,6620318.7736
1652465700000,2022-05-13T18:15:00+00:00,2054.2,2061.46,2035.39,2041.4,841.78,1723282.8521
1652466600000,2022-05-13T18:30:00+00:00,2041.4,2066.59,2037.91,2063.29,840.62,1724125.0593
1652467500000,2022-05-13T18:45:00+00:00,2063.29,2081.02,2053.42,2075.81,701.82,1450717.8895
1652468400000,2022-05-13T19:00:00+00:00,2075.81,2075.81,2065.96,2068.38,433.54,897894.942
1652469300000,2022-05-13T19:15:00+00:00,2068.38,2077.64,2058.86,2072.28,746.15,1545563.7467
1652470200000,2022-05-13T19:30:00+00:00,2072.28,2074.95,2056.13,2064.69,878.83,1818594.771
1652471100000,2022-05-13T19:45:00+00:00,2064.69,2068.69,2053.71,2063.28,318.73,656865.4493
1652472000000,2022-05-13T20:00:00+00:00,2063.28,2069.35,2046.61,2052.4,564.44,1161228.6774
1652472900000,2022-05-13T20:15:00+00:00,2052.4,2071,2052.34,2067.04,287.18,591210.4149
1652473800000,2022-05-13T20:30:00+00:00,2067.04,2072.65,2063.86,2066.91,305.81,632660.3161
1652474700000,2022-05-13T20:45:00+00:00,2066.91,2067.14,2043.2,2044.77,462.71,949259.5205
1652475600000,2022-05-13T21:00:00+00:00,2044.77,2052,2039.18,2046.58,977.24,1995834.0847
1652476500000,2022-05-13T21:15:00+00:00,2046.58,2053.16,2045.57,2053.11,989.59,2030480.6647
1652477400000,2022-05-13T21:30:00+00:00,2053.11,2068.17,2052.93,2067.22,264.92,545987.1774
1652478300000,2022-05-13T21:45:00+00:00,2067.22,2078.73,2065.85,2076.07,218.64,453169.0133
1652479200000,2022-05-13T22:00:00+00:00,2076.07,2083.98,2070.35,2082.48,612.03,1272969.7643
1652480100000,2022-05-13T22:15:00+00:00,2082.48,2083.32,2066.71,2070.05,366.86,760466.6249
1652481000000,2022-05-13T22:30:00+00:00,2070.05,2074.08,2058.35,2060.44,409.4,845925.9848
1652481900000,2022-05-13T22:45:00+00:00,2060.44,2061.83,2054.4,2057.98,1159.88,2384926.1557
1652482800000,2022-05-13T23:00:00+00:00,2057.98,2061.24,2033.18,2034.04,783.14,1599865.4511
1652483700000,2022-05-13T23:15:00+00:00,2034.04,2044.81,2029.68,2037.71,895.93,1825376.289
1652484600000,2022-05-13T23:30:00+00:00,2037.71,2040.44,2007.93,2009.27,1840.01,3715873.794
1652485500000,2022-05-13T23:45:00+00:00,2009.27,2018.32,1999.02,2008.1,970.89,1948102.3779
1652486400000,2022-05-14T00:00:00+00:00,2008.1,2035.34,1999.56,2031.62,1289.97,2604095.6996
1652487300000,2022-05-14T00:15:00+00:00,2031.62,2042.11,2025.49,2032.74,2278.93,4637370.3732
1652488200000,2022-05-14T00:30:00+00:00,2032.74,2043.68,2026.02,2038.92,1488.81,3036076.4279
1652489100000,2022-05-14T00:45:00+00:00,2038.92,2042.47,2031.13,2037.58,648.95,1321999.7801
1652490000000,2022-05-14T01:00:00+00:00,2037.58,2039.98,2024.31,2039.28,1113.82,2263441.2536
1652490900000,2022-05-14T01:15:00+00:00,2039.28,2061,2039.28,2056.05,2002.5,4110004.3035
1652491800000,2022-05-14T01:30:00+00:00,2056.05,2064.25,2055.65,2060.11,1452.26,2990665.6079
1652492700000,2022-05-14T01:45:00+00:00,2060.11,2068.46,2053.33,2058.23,1246.83,2570025.3776
1652493600000,2022-05-14T02:00:00+00:00,2058.23,2063.52,2055.79,2056.1,313.83,646501.4653
1652494500000,2022-05-14T02:15:00+00:00,2056.1,2061.87,2049.43,2055.59,958.76,1970541.8546
1652495400000,2022-05-14T02:30:00+00:00,2055.59,2060.66,2049.41,2051.19,589.09,1210907.5895
1652496300000,2022-05-14T02:45:00+00:00,2051.19,2051.27,2042.17,2045.47,890.21,1821598.1388
1652497200000,2022-05-14T03:00:00+00:00,2045.47,2060,2042.02,2052.57,1219.74,2502942.1054
1652498100000,2022-05-14T03:15:00+00:00,2052.57,2054.07,2040.88,2044.06,790.6,1618819.6349
1652499000000,2022-05-14T03:30:00+00:00,2044.06,2047.62,2039.05,2046.78,1172.99,2394999.8249
1652499900000,2022-05-14T03:45:00+00:00,2046.78,2056.18,2044.64,2053.67,1160.46,2380088.7741
1652500800000,2022-05-14T04:00:00+00:00,2053.67,2054,2043.79,2048.48,728.2,1491307.6198
1652501700000,2022-05-14T04:15:00+00:00,2048.48,2053,2042.02,2043,567.34,1161297.7798
1652502600000,2022-05-14T04:30:00+00:00,2043,2043.12,2025.81,2028.81,1251.63,2541821.8154
1652503500000,2022-05-14T04:45:00+00:00,2028.81,2028.81,2015.03,2022.49,1715.12,3466996.4877
1652504400000,2022-05-14T05:00:00+00:00,2022.49,2031.01,2013.86,2028.64,1851.27,3743169.0546
1652505300000,2022-05-14T05:15:00+00:00,2028.64,2035.1,2026.38,2030.54,937.11,1903795.9622
1652506200000,2022-05-14T05:30:00+00:00,2030.54,2044.63,2028.02,2038.44,1168.09,2377565.1833
1652507100000,2022-05-14T05:45:00+00:00,2038.44,2040.47,2032.68,2034.86,433.03,881938.2289
1652508000000,2022-05-14T06:00:00+00:00,2034.86,2036.44,2029.27,2029.29,264.62,537725.1825
1652508900000,2022-05-14T06:15:00+00:00,2029.29,2042.64,2025.82,2039.38,847.41,1726574.3503
1652509800000,2022-05-14T06:30:00+00:00,2039.38,2047.51,2036.18,2042.61,1585.54,3241911.8634
1652510700000,2022-05-14T06:45:00+00:00,2042.61,2045.89,2039.41,2041.42,686.53,1402066.126
1652511600000,2022-05-14T07:00:00+00:00,2041.42,2047.02,2037,2042.12,456.13,932119.0005
1652512500000,2022-05-14T07:15:00+00:00,2042.12,2046.57,2037.76,2044.71,399.43,816217.4469
1652513400000,2022-05-14T07:30:00+00:00,2044.71,2044.85,2032.33,2032.41,802.63,1635848.775
1652514300000,2022-05-14T07:45:00+00:00,2032.41,2033.57,2027.93,2031.3,1140.98,2316460.3947
1652515200000,2022-05-14T08:00:00+00:00,2031.3,2037.32,2026.53,2030.23,503.89,1023581.6177
1652516100000,2022-05-14T08:15:00+00:00,2030.23,2037.98,2027.64,2036.27,992.24,2018619.3902
1652517000000,2022-05-14T08:30:00+00:00,2036.27,2049.78,2032.57,2034,1429.98,2918943.8753
1652517900000,2022-05-14T08:45:00+00:00,2034,2045.3,2033.07,2041.48,560.77,1144418.4549
1652518800000,2022-05-14T09:00:00+00:00,2041.48,2053.68,2038.21,2044.99,1587.68,3250727.9335
1652519700000,2022-05-14T09:15:00+00:00,2044.99,2047.69,2034.73,2037.29,697.74,1424269.9052
1652520600000,2022-05-14T09:30:00+00:00,2037.29,2037.29,2021.01,2023.48,2119.82,4295686.9302
1652521500000,2022-05-14T09:45:00+00:00,2023.48,2028.16,2019.4,2027.81,1065.18,2154885.5944
1652522400000,2022-05-14T10:00:00+00:00,2027.81,2028.44,2015.77,2025.29,938.22,1899566.7609
1652523300000,2022-05-14T10:15:00+00:00,2025.29,2027.4,2015.62,2025.24,1125.99,2275807.8475
1652524200000,2022-05-14T10:30:00+00:00,2025.24,2032.21,2021.31,2022.82,1358.68,2753760.2008
1652525100000,2022-05-14T10:45:00+00:00,2022.82,2026.67,2010,2012.28,2008.36,4048613.8617
1652526000000,2022-05-14T11:00:00+00:00,2012.28,2016.94,1985,1985,3253.59,6506646.1889
1652526900000,2022-05-14T11:15:00+00:00,1985,1991.44,1974.72,1975.54,4180.23,8288693.1466
1652527800000,2022-05-14T11:30:00+00:00,1975.54,1983.82,1970.22,1971.79,6057.7,11989560.8448
1652528700000,2022-05-14T11:45:00+00:00,1971.79,1990,1971.79,1983.94,2594.29,5138854.4871
1652529600000,2022-05-14T12:00:00+00:00,1983.94,1985.85,1975.07,1976.64,1693.01,3353545.9317
1652530500000,2022-05-14T12:15:00+00:00,1976.64,1996.45,1972.73,1992.81,1972.78,3926339.0114
1652531400000,2022-05-14T12:30:00+00:00,1992.81,1999.44,1986.25,1987.74,1619.25,3224871.6432
1652532300000,2022-05-14T12:45:00+00:00,1987.77,1990.97,1979.5,1983.62,893.47,1773963.4972
1652533200000,2022-05-14T13:00:00+00:00,1983.62,1990,1961,1971.72,2453.59,4839424.1501
1652534100000,2022-05-14T13:15:00+00:00,1971.72,1978.4,1962.12,1973.16,1984.93,3909887.0485
1652535000000,2022-05-14T13:30:00+00:00,1973.16,1978.58,1962.24,1970.96,1614.56,3178641.1042
1652535900000,2022-05-14T13:45:00+00:00,1970.96,1973.45,1955.6,1961.33,1900.9,3727603.5361
1652536800000,2022-05-14T14:00:00+00:00,1961.33,1963.57,1949.73,1956.99,3165.36,6188267.5601
1652537700000,2022-05-14T14:15:00+00:00,1956.99,1966.87,1956.21,1966.72,2535.31,4973419.6214
1652538600000,2022-05-14T14:30:00+00:00,1966.72,1971.82,1958.47,1967.99,1588.38,3122743.9033
1652539500000,2022-05-14T14:45:00+00:00,1967.99,1972.43,1961.08,1972.1,949.29,1866637.5555
1652540400000,2022-05-14T15:00:00+00:00,1972.1,1986.28,1968.08,1980.8,2861.73,5654410.3932
1652541300000,2022-05-14T15:15:00+00:00,1980.8,1983.35,1973.35,1975.12,655.72,1296551.5966
1652542200000,2022-05-14T15:30:00+00:00,1975.12,1976.22,1961.87,1961.98,552.06,1086760.3063
1652543100000,2022-05-14T15:45:00+00:00,1961.98,1967.33,1959.58,1962.48,809.89,1589726.0496
1652544000000,2022-05-14T16:00:00+00:00,1962.48,1974.47,1953.79,1974.03,5036.91,9888100.8799
1652544900000,2022-05-14T16:15:00+00:00,1974.03,1992.13,1970.61,1985.24,4758.9,9428859.7548
1652545800000,2022-05-14T16:30:00+00:00,1985.24,1997.44,1984.23,1995.82,2373.79,4727493.4734
1652546700000,2022-05-14T16:45:00+00:00,1995.82,2027.36,1991.67,2006.76,4408.84,8877707.5116
1652547600000,2022-05-14T17:00:00+00:00,2006.76,2016.88,2000.39,2005,1622.93,3258756.7643
1652548500000,2022-05-14T17:15:00+00:00,2005,2016.9,2003.69,2013.61,889.87,1789608.9888
1652549400000,2022-05-14T17:30:00+00:00,2013.61,2013.86,1998.77,2000.47,965.49,1934695.8211
1652550300000,2022-05-14T17:45:00+00:00,2000.47,2017.58,2000.47,2016.55,924.78,1859266.4209
1652551200000,2022-05-14T18:00:00+00:00,2016.55,2029.5,2014.71,2026.57,2410.61,4877862.4022
1652552100000,2022-05-14T18:15:00+00:00,2026.57,2032.44,2021.84,2028.01,2258.31,4576425.1324
1652553000000,2022-05-14T18:30:00+00:00,2028.01,2034.2,2015.7,2019.65,995.35,2012770.1264
1652553900000,2022-05-14T18:45:00+00:00,2019.65,2019.65,2010.8,2012.83,950.2,1915246.256
1652554800000,2022-05-14T19:00:00+00:00,2012.83,2017.73,2007.41,2011.93,516.63,1039528.0367
1652555700000,2022-05-14T19:15:00+00:00,2011.93,2012.1,2001.4,2003.1,1741.03,3493009.6654
1652556600000,2022-05-14T19:30:00+00:00,2003.1,2006.49,1988.33,1994.29,579.71,1156320.6266
1652557500000,2022-05-14T19:45:00+00:00,1994.29,1997.2,1985.45,1994.77,461.22,919101.2862
1652558400000,2022-05-14T20:00:00+00:00,1994.77,2010.34,1991.7,2007.89,604.83,1212272.3966
1652559300000,2022-05-14T20:15:00+00:00,2007.89,2018.56,2007.32,2014.56,723.73,1456880.7755
1652560200000,2022-05-14T20:30:00+00:00,2014.56,2014.56,1998.87,1999.22,660.75,1325705.9458
1652561100000,2022-05-14T20:45:00+00:00,1999.22,2001.76,1993.9,1997.39,1830.15,3652691.0025
1652562000000,2022-05-14T21:00:00+00:00,1997.39,2001.39,1992.47,1996.02,634.61,1266842.7731
1652562900000,2022-05-14T21:15:00+00:00,1996.02,2007.32,1996.02,2007.32,2077.55,4160948.8284
1652563800000,2022-05-14T21:30:00+00:00,2007.32,2030.26,2007.32,2030.18,1727.28,3493762.3526
1652564700000,2022-05-14T21:45:00+00:00,2030.18,2045.38,2025.16,2026.95,4008.8,8168650.4656
1652565600000,2022-05-14T22:00:00+00:00,2026.95,2035.5,2021.2,2034.9,571.93,1160030.4663
1652566500000,2022-05-14T22:15:00+00:00,2034.9,2036.55,2025.47,2026.83,1393.89,2830707.2269
1652567400000,2022-05-14T22:30:00+00:00,2026.83,2031.88,2022.38,2031.85,365.49,740650.3234
1652568300000,2022-05-14T22:45:00+00:00,2031.85,2063.25,2030.66,2055.33,3336.11,6828053.5824
1652569200000,2022-05-14T23:00:00+00:00,2055.33,2062.34,2046.65,2047.21,1804.56,3706879.1228
1652570100000,2022-05-14T23:15:00+00:00,2047.21,2056.44,2041.69,2051.98,888.69,1822061.071
1652571000000,2022-05-14T23:30:00+00:00,2051.98,2059.93,2046.55,2059.52,652.27,1340453.681
1652571900000,2022-05-14T23:45:00+00:00,2059.52,2066.03,2051.3,2054.9,1039.74,2140630.3896
1652572800000,2022-05-15T00:00:00+00:00,2054.9,2061.43,2046.25,2049.28,718.48,1473622.3607
1652573700000,2022-05-15T00:15:00+00:00,2049.28,2078.77,2049.28,2068.25,1782.94,3689687.9873
1652574600000,2022-05-15T00:30:00+00:00,2068.25,2070.29,2054.78,2056.46,662.06,1364127.1618
1652575500000,2022-05-15T00:45:00+00:00,2056.46,2056.46,2049.05,2052.14,394.65,809825.3104
1652576400000,2022-05-15T01:00:00+00:00,2052.14,2055.5,2036.32,2039.51,1263.76,2582280.8328
1652577300000,2022-05-15T01:15:00+00:00,2039.51,2042.93,2035.97,2035.97,407.18,830464.4732
1652578200000,2022-05-15T01:30:00+00:00,2035.97,2041.78,2031.74,2039.26,959.08,1952860.2194
1652579100000,2022-05-15T01:45:00+00:00,2039.26,2045.86,2038.47,2039.58,414.15,846102.3695
1652580000000,2022-05-15T02:00:00+00:00,2039.58,2048.85,2027.31,2028.8,1427.99,2908451.6063
1652580900000,2022-05-15T02:15:00+00:00,2028.8,2035.41,2024.34,2028.51,919.7,1867125.6554
1652581800000,2022-05-15T02:30:00+00:00,2028.51,2031.31,2024.19,2025.78,425.5,862546.4223
1652582700000,2022-05-15T02:45:00+00:00,2025.78,2031.84,2020.94,2030.74,368.74,747598.5905
1652583600000,2022-05-15T03:00:00+00:00,2030.74,2034.04,2024.37,2025.24,564.26,1144948.7202
1652584500000,2022-05-15T03:15:00+00:00,2025.24,2025.87,2000.69,2005.29,1900.35,3822907.2418
1652585400000,2022-05-15T03:30:00+00:00,2005.29,2012.38,2000,2010.16,1153.89,2316612.0877
1652586300000,2022-05-15T03:45:00+00:00,2010.16,2014.94,2009.81,2013.35,525.62,1057965.1031
1652587200000,2022-05-15T04:00:00+00:00,2013.35,2020.9,2009.83,2019.28,1439.55,2901452.6909
1652588100000,2022-05-15T04:15:00+00:00,2019.28,2020.8,2015.4,2016.74,468.73,946077.0417
1652589000000,2022-05-15T04:30:00+00:00,2016.74,2018.16,2001.43,2011.45,1052.65,2114887.9233
1652589900000,2022-05-15T04:45:00+00:00,2011.45,2016.83,2008.64,2014.45,596.22,1200615.5641
1652590800000,2022-05-15T05:00:00+00:00,2014.45,2018.45,2005.05,2013.63,640.96,1289787.0484
1652591700000,2022-05-15T05:15:00+00:00,2013.63,2020.52,2011.71,2018.75,1368.55,2760080.569
1652592600000,2022-05-15T05:30:00+00:00,2018.75,2029.92,2015.59,2029.6,5692.54,11510215.1892
1652593500000,2022-05-15T05:45:00+00:00,2029.6,2035.96,2026.54,2032.39,1768.59,3592951.7088
1652594400000,2022-05-15T06:00:00+00:00,2032.39,2038.73,2026.74,2027.6,1087.36,2209869.3721
1652595300000,2022-05-15T06:15:00+00:00,2027.6,2036.59,2023.83,2034.73,935.92,1901086.7781
1652596200000,2022-05-15T06:30:00+00:00,2034.73,2035,2024.02,2025.01,473.48,960763.0581
1652597100000,2022-05-15T06:45:00+00:00,2025.01,2036.98,2022.17,2035.59,588.28,1193685.002
1652598000000,2022-05-15T07:00:00+00:00,2035.59,2048.88,2035.59,2043.96,3402.49,6949201.3534
1652598900000,2022-05-15T07:15:00+00:00,2043.96,2047.45,2038.54,2039.19,636.13,1300322.621
1652599800000,2022-05-15T07:30:00+00:00,2039.19,2043,2035.26,2040.51,606.78,1237334.264
1652600700000,2022-05-15T07:45:00+00:00,2040.51,2041.29,2032.37,2036.35,812.47,1654760.9068
1652601600000,2022-05-15T08:00:00+00:00,2036.34,2039.26,2028.82,2029.62,555.78,1129637.5543
1652602500000,2022-05-15T08:15:00+00:00,2029.62,2035.27,2023.72,2029.29,950.8,1928632.9513
1652603400000,2022-05-15T08:30:00+00:00,2029.29,2033.85,2026.1,2030.22,489.2,993286.802
1652604300000,2022-05-15T08:45:00+00:00,2030.22,2030.59,2017.27,2021.41,1127.48,2280949.9134
1652605200000,2022-05-15T09:00:00+00:00,2021.41,2025.85,2019.48,2019.98,1354.87,2738861.4938
1652606100000,2022-05-15T09:15:00+00:00,2019.98,2033.69,2019,2029.81,1323.76,2683537.4245
1652607000000,2022-05-15T09:30:00+00:00,2029.81,2035.67,2028.09,2034.62,484.22,983635.3394
1652607900000,2022-05-15T09:45:00+00:00,2034.62,2038.22,2030.78,2035.15,741.35,1508387.9063
1652608800000,2022-05-15T10:00:00+00:00,2035.15,2038.37,2025.27,2029.01,925.95,1880908.869
1652609700000,2022-05-15T10:15:00+00:00,2029.01,2032.87,2026.86,2032.63,362.29,735449.72
1652610600000,2022-05-15T10:30:00+00:00,2032.63,2035.46,2025.55,2033.78,448.21,910933.6602
1652611500000,2022-05-15T10:45:00+00:00,2033.78,2054.45,2032.53,2054.05,3744.26,7666261.981
1652612400000,2022-05-15T11:00:00+00:00,2054.05,2057.99,2049.82,2053.56,2205.55,4530364.0224
1652613300000,2022-05-15T11:15:00+00:00,2053.56,2067.48,2046.67,2060.97,2249.42,4628448.174
1652614200000,2022-05-15T11:30:00+00:00,2060.97,2086.43,2059.06,2073.48,4641.82,9630903.0513
1652615100000,2022-05-15T11:45:00+00:00,2073.48,2084.18,2073.21,2079.63,1200.55,2496372.2701
1652616000000,2022-05-15T12:00:00+00:00,2079.63,2095,2079.63,2083.98,3791.5,7921023.1134
1652616900000,2022-05-15T12:15:00+00:00,2084.09,2099.27,2079.84,2081.85,2331.23,4870631.4839
1652617800000,2022-05-15T12:30:00+00:00,2081.85,2089.26,2075.6,2087.36,1578.56,3286103.4898
1652618700000,2022-05-15T12:45:00+00:00,2087.36,2091.99,2079.08,2083.88,1064.93,2220917.0752
1652619600000,2022-05-15T13:00:00+00:00,2083.88,2083.88,2072.7,2083.88,1394.3,2897275.2865
1652620500000,2022-05-15T13:15:00+00:00,2083.88,2085.1,2067.76,2071.8,1363.68,2827328.2828
1652621400000,2022-05-15T13:30:00+00:00,2071.8,2073.66,2065.86,2068.4,861.42,1783047.2358
1652622300000,2022-05-15T13:45:00+00:00,2068.4,2073.72,2066.49,2070.22,529.1,1095124.0232
1652623200000,2022-05-15T14:00:00+00:00,2070.22,2073.32,2060.26,2064.38,975.83,2014894.6228
1652624100000,2022-05-15T14:15:00+00:00,2064.38,2068.12,2056.99,2061.57,767.93,1583799.2441
1652625000000,2022-05-15T14:30:00+00:00,2061.57,2068.5,2055,2064.82,3130.44,6448408.4602
1652625900000,2022-05-15T14:45:00+00:00,2064.82,2070.78,2063.47,2067.98,910.64,1882503.1011
1652626800000,2022-05-15T15:00:00+00:00,2067.98,2083.03,2066.22,2077.12,3203.15,6651343.2776
1652627700000,2022-05-15T15:15:00+00:00,2077.12,2077.19,2061.98,2062.34,2174.02,4494182.8334
1652628600000,2022-05-15T15:30:00+00:00,2062.34,2063.53,2050.93,2054.55,3816.53,7846985.0948
1652629500000,2022-05-15T15:45:00+00:00,2054.55,2063.45,2047.3,2061.83,1988.83,4083447.8778
1652630400000,2022-05-15T16:00:00+00:00,2061.83,2068.43,2056.78,2058.87,3615.84,7462605.0652
1652631300000,2022-05-15T16:15:00+00:00,2058.87,2073.32,2058.64,2070.24,2899.35,5995292.9058
1652632200000,2022-05-15T16:30:00+00:00,2070.24,2089.74,2065.62,2087.32,2569.81,5348265.7289
1652633100000,2022-05-15T16:45:00+00:00,2087.32,2088.91,2079.11,2082.95,1236.17,2575572.6182
1652634000000,2022-05-15T17:00:00+00:00,2082.95,2092.23,2079.09,2089.81,1079.49,2253337.8201
1652634900000,2022-05-15T17:15:00+00:00,2089.81,2091.33,2082.56,2085.04,396.51,827482.8736
1652635800000,2022-05-15T17:30:00+00:00,2085.04,2085.08,2072.35,2073.81,1055.33,2191503.3169
1652636700000,2022-05-15T17:45:00+00:00,2073.81,2077.32,2065.93,2067.18,1604.73,3321725.4303
1652637600000,2022-05-15T18:00:00+00:00,2067.18,2074.25,2065.53,2074.08,638.58,1321807.3739
1652638500000,2022-05-15T18:15:00+00:00,2074.08,2084.5,2073.61,2078.93,686.88,1428668.0788
1652639400000,2022-05-15T18:30:00+00:00,2078.93,2094.99,2077.13,2094.99,794.04,1656948.152
1652640300000,2022-05-15T18:45:00+00:00,2094.99,2096.86,2082.59,2088.6,1035.14,2165029.7148
1652641200000,2022-05-15T19:00:00+00:00,2088.6,2092.85,2080.09,2082.45,608.34,1269488.1233
1652642100000,2022-05-15T19:15:00+00:00,2082.45,2085.65,2079.73,2080.37,289.32,602350.6986
1652643000000,2022-05-15T19:30:00+00:00,2080.37,2093.09,2080.01,2090.42,684.45,1428827.4908
1652643900000,2022-05-15T19:45:00+00:00,2090.42,2105.83,2089.74,2104.32,1544.82,3241007.9906
1652644800000,2022-05-15T20:00:00+00:00,2104.32,2134.99,2096.21,2126.36,3858.76,8169414.6211
1652645700000,2022-05-15T20:15:00+00:00,2126.36,2133.89,2119.63,2122.52,1598.5,3394952.4666
1652646600000,2022-05-15T20:30:00+00:00,2122.52,2126.9,2117.42,2122.49,468.72,994896.7597
1652647500000,2022-05-15T20:45:00+00:00,2122.49,2132.69,2120.06,2131.8,580.24,1234491.5742
1652648400000,2022-05-15T21:00:00+00:00,2131.8,2138.36,2123.83,2126.65,1544.18,3288561.1554
1652649300000,2022-05-15T21:15:00+00:00,2126.65,2126.65,2119.04,2119.3,477.1,1012678.8793
1652650200000,2022-05-15T21:30:00+00:00,2119.3,2132.49,2118.51,2126.82,1377.03,2927299.0042
1652651100000,2022-05-15T21:45:00+00:00,2126.82,2135.73,2126.51,2134.83,1087.32,2317433.0523
1652652000000,2022-05-15T22:00:00+00:00,2134.83,2167.19,2133.82,2144.4,4430.13,9524688.5251
1652652900000,2022-05-15T22:15:00+00:00,2144.4,2152.05,2139.76,2142.39,652,1399780.6969
1652653800000,2022-05-15T22:30:00+00:00,2142.39,2146.41,2135.88,2143.52,826.28,1768405.4796
1652654700000,2022-05-15T22:45:00+00:00,2143.52,2147.09,2129.16,2129.35,579.6,1238747.3112
1652655600000,2022-05-15T23:00:00+00:00,2129.35,2134.13,2127.09,2130.49,603.87,1286288.0483
1652656500000,2022-05-15T23:15:00+00:00,2130.49,2138.5,2129.76,2135.35,392.13,836911.6046
1652657400000,2022-05-15T23:30:00+00:00,2135.35,2145.3,2132.84,2143.88,479.73,1027308.9127
1652658300000,2022-05-15T23:45:00+00:00,2143.88,2154.22,2140.74,2144.57,1640.21,3520452.3485
1652659200000,2022-05-16T00:00:00+00:00,2144.57,2144.59,2130.91,2130.95,874.6,1868330.4008
1652660100000,2022-05-16T00:15:00+00:00,2130.95,2132.03,2121.09,2126.63,1217.63,2587155.9455
1652661000000,2022-05-16T00:30:00+00:00,2126.63,2127.95,2116.68,2118.54,905.59,1920221.0212
1652661900000,2022-05-16T00:45:00+00:00,2118.54,2122.56,2116.1,2121.4,1808.15,3832688.6483
1652662800000,2022-05-16T01:00:00+00:00,2121.4,2127.26,2106.48,2113.18,1939.86,4101884.0633
1652663700000,2022-05-16T01:15:00+00:00,2113.18,2115.77,2103.15,2106.47,1362.13,2873302.2023
1652664600000,2022-05-16T01:30:00+00:00,2106.47,2106.51,2090.35,2092.06,2215.83,4644124.9558
1652665500000,2022-05-16T01:45:00+00:00,2092.06,2096.3,2086.84,2092.26,1129.85,2364082.3355
1652666400000,2022-05-16T02:00:00+00:00,2092.26,2093.2,2076.14,2082.14,3016.8,6284288.3651
1652667300000,2022-05-16T02:15:00+00:00,2082.14,2086.77,2076.31,2085.41,1889.69,3933360.5782
1652668200000,2022-05-16T02:30:00+00:00,2085.41,2091.12,2078.45,2080.2,1600.67,3338546.3629
1652669100000,2022-05-16T02:45:00+00:00,2080.2,2087.18,2074.76,2085.81,2252.96,4685934.213
1652670000000,2022-05-16T03:00:00+00:00,2085.81,2087.96,2069.89,2074.46,1613.31,3350088.8558
1652670900000,2022-05-16T03:15:00+00:00,2074.46,2076.97,2066.79,2070.17,1429.48,2958743.2453
1652671800000,2022-05-16T03:30:00+00:00,2070.17,2076.26,2066.02,2072.93,1303.86,2703161.7861
1652672700000,2022-05-16T03:45:00+00:00,2072.93,2077.87,2070.1,2075.49,1080.35,2239744.4076
1652673600000,2022-05-16T04:00:00+00:00,2075.49,2075.8,2062.68,2069.35,3097.75,6406995.8528
1652674500000,2022-05-16T04:15:00+00:00,2069.35,2080.52,2066.98,2077.21,2261.89,4694848.0162
1652675400000,2022-05-16T04:30:00+00:00,2077.21,2080.67,2066.74,2079.69,1753.54,3635531.2386
1652676300000,2022-05-16T04:45:00+00:00,2079.69,2080.54,2071.61,2071.71,1320.1,2740304.3693
1652677200000,2022-05-16T05:00:00+00:00,2071.71,2079.6,2068.48,2078.84,1167.83,2423577.0236
1652678100000,2022-05-16T05:15:00+00:00,2078.84,2082,2076.22,2077.61,886.13,1842509.7693
1652679000000,2022-05-16T05:30:00+00:00,2077.61,2077.61,2072.29,2075.56,1456.06,3020299.9816
1652679900000,2022-05-16T05:45:00+00:00,2075.56,2076.11,2063.5,2066.9,1682.83,3479317.5285
1652680800000,2022-05-16T06:00:00+00:00,2066.9,2066.9,2036.38,2041.58,5760.9,11801160.8434
1652681700000,2022-05-16T06:15:00+00:00,2041.58,2043.61,2011.4,2017.5,7318.08,14812055.6937
1652682600000,2022-05-16T06:30:00+00:00,2017.5,2023.33,2007.85,2023.22,3945.13,7953802.9133
1652683500000,2022-05-16T06:45:00+00:00,2023.22,2023.33,2002.29,2008.48,3597.54,7227493.9878
1652684400000,2022-05-16T07:00:00+00:00,2008.48,2010.78,1991,1996.02,5717.97,11451250.0093
1652685300000,2022-05-16T07:15:00+00:00,1996.02,2013.56,1991.62,2011.05,3980.74,7962891.4643
1652686200000,2022-05-16T07:30:00+00:00,2011.05,2018.23,2006.15,2013.01,2440,4913315.9332
1652687100000,2022-05-16T07:45:00+00:00,2013.01,2024.16,2006.83,2010.17,2198.58,4429175.3071
1652688000000,2022-05-16T08:00:00+00:00,2010.17,2019.51,2007.99,2016.75,1979.38,3989340.7828
1652688900000,2022-05-16T08:15:00+00:00,2016.75,2026.74,2015.97,2018.3,2710.67,5483916.312
1652689800000,2022-05-16T08:30:00+00:00,2018.3,2027.77,2015.38,2027.72,2241.95,4532525.615
1652690700000,2022-05-16T08:45:00+00:00,2027.72,2027.72,2022.7,2026.37,1084.77,2197376.4741
1652691600000,2022-05-16T09:00:00+00:00,2026.37,2026.37,2009.46,2013.06,1685.34,3399407.4801
1652692500000,2022-05-16T09:15:00+00:00,2013.06,2015.81,1997.36,2002.51,1957.86,3925495.0321
1652693400000,2022-05-16T09:30:00+00:00,2002.51,2013.08,2002.25,2009.66,770.27,1547312.206
1652694300000,2022-05-16T09:45:00+00:00,2009.66,2018.09,2005.5,2005.81,884.24,1780440.7962
1652695200000,2022-05-16T10:00:00+00:00,2005.81,2018.62,1978.49,2018.19,4765.37,9540787.1537
1652696100000,2022-05-16T10:15:00+00:00,2018.19,2039.91,2016.51,2026.85,3265.59,6621018.7719
1652697000000,2022-05-16T10:30:00+00:00,2026.85,2042.51,2025.47,2037.67,1838.54,3742802.6329
1652697900000,2022-05-16T10:45:00+00:00,2037.67,2050.32,2035.5,2048.65,2722.25,5565965.1333
1652698800000,2022-05-16T11:00:00+00:00,2048.65,2049.88,2035.82,2038.47,1831.7,3739986.1017
1652699700000,2022-05-16T11:15:00+00:00,2038.47,2043.29,2030.93,2041.75,1011.48,2059213.5478
1652700600000,2022-05-16T11:30:00+00:00,2041.75,2046.92,2034.58,2039.49,1148.94,2345581.4738
1652701500000,2022-05-16T11:45:00+00:00,2039.49,2041.61,2030.17,2030.26,1373.11,2795497.4312
1652702400000,2022-05-16T12:00:00+00:00,2030.26,2035.46,2014.77,2023.17,4565.92,9240855.2762
1652703300000,2022-05-16T12:15:00+00:00,2023.17,2046.71,2003.86,2044.2,5200.06,10526688.2934
1652704200000,2022-05-16T12:30:00+00:00,2044.2,2059.55,2024,2028.4,5745.84,11765658.1262
1652705100000,2022-05-16T12:45:00+00:00,2028.4,2033.46,2018.59,2028.94,2248.48,4554891.6378
1652706000000,2022-05-16T13:00:00+00:00,2028.94,2045.28,2024.19,2027.68,1654.01,3370094.6778
1652706900000,2022-05-16T13:15:00+00:00,2027.68,2028.96,2010.84,2016.72,1966.31,3974237.9087
1652707800000,2022-05-16T13:30:00+00:00,2016.72,2031.62,2004,2013.94,9632.72,19435053.3068
1652708700000,2022-05-16T13:45:00+00:00,2013.94,2015.52,1990.94,1992.6,6144.62,12299978.5989
1652709600000,2022-05-16T14:00:00+00:00,1992.6,2018.78,1983.26,2009.04,4398.33,8792689.0934
1652710500000,2022-05-16T14:15:00+00:00,2009.04,2024.57,2009.04,2024.56,3018.59,6099677.0319
1652711400000,2022-05-16T14:30:00+00:00,2024.56,2027.18,2005.26,2011.06,3869.51,7803461.869
1652712300000,2022-05-16T14:45:00+00:00,2011.06,2011.06,1997.56,1997.56,2543.85,5094867.0174
1652713200000,2022-05-16T15:00:00+00:00,1997.56,2015.42,1995.89,2009.19,2319.64,4652034.9495
1652714100000,2022-05-16T15:15:00+00:00,2009.19,2020.56,2008.77,2013.38,1031.53,2078718.0096
1652715000000,2022-05-16T15:30:00+00:00,2013.38,2015.44,1991.68,1995.92,3203.93,6416067.5184
1652715900000,2022-05-16T15:45:00+00:00,1995.92,2019.79,1994.73,2013.32,4192.06,8419945.1241
1652716800000,2022-05-16T16:00:00+00:00,2013.32,2020.25,1991.94,1998.94,5455.69,10966543.5638
1652717700000,2022-05-16T16:15:00+00:00,1998.94,2002.84,1989.18,1999,3414.73,6818762.356
1652718600000,2022-05-16T16:30:00+00:00,1999,2007.66,1982.46,1984.6,2642.11,5270444.903
1652719500000,2022-05-16T16:45:00+00:00,1984.6,1994.68,1978.01,1991.59,4176.96,8284775.4297
1652720400000,2022-05-16T17:00:00+00:00,1991.59,2004.81,1988.5,2001.61,2022.33,4036670.9355
1652721300000,2022-05-16T17:15:00+00:00,2001.61,2016.96,2000.41,2012.26,1933,3880491.1552
1652722200000,2022-05-16T17:30:00+00:00,2012.26,2022.69,2012.26,2020.49,1185.29,2392201.1578
1652723100000,2022-05-16T17:45:00+00:00,2020.49,2021.82,2015.7,2021.06,889.23,1796160.4483
1652724000000,2022-05-16T18:00:00+00:00,2021.06,2037.34,2018.05,2033.7,1921.83,3902989.1408
1652724900000,2022-05-16T18:15:00+00:00,2033.7,2036.46,2026.15,2034.99,820.4,1666323.8659
1652725800000,2022-05-16T18:30:00+00:00,2034.99,2041.07,2030.24,2033.77,1092.88,2226586.2819
1652726700000,2022-05-16T18:45:00+00:00,2033.77,2037.69,2029.31,2034.65,436.8,888064.3727
1652727600000,2022-05-16T19:00:00+00:00,2034.65,2044.98,2028.15,2029.24,568.57,1157811.0505
1652728500000,2022-05-16T19:15:00+00:00,2029.24,2029.24,2023.3,2024.4,328.26,665367.1172
1652729400000,2022-05-16T19:30:00+00:00,2024.4,2025.47,2017.66,2018.88,396.1,800389.213
1652730300000,2022-05-16T19:45:00+00:00,2018.88,2024.86,2004.01,2006.31,1051.51,2114741.2289
1652731200000,2022-05-16T20:00:00+00:00,2006.31,2017.14,2004.27,2014.24,466.72,937825.0187
1652732100000,2022-05-16T20:15:00+00:00,2014.24,2021.86,2012.91,2017.84,946.67,1909094.0291
1652733000000,2022-05-16T20:30:00+00:00,2017.84,2025.64,2015.65,2022.81,583.62,1180244.2734
1652733900000,2022-05-16T20:45:00+00:00,2022.81,2034.24,2022.38,2034.18,599.52,1217025.8849
1652734800000,2022-05-16T21:00:00+00:00,2034.18,2052.32,2030.6,2039.26,1599.04,3267079.6865
1652735700000,2022-05-16T21:15:00+00:00,2039.26,2043.71,2035.01,2036.86,888.98,1813613.1389
1652736600000,2022-05-16T21:30:00+00:00,2036.86,2048.52,2036.74,2047.95,424.38,866957.2185
1652737500000,2022-05-16T21:45:00+00:00,2047.95,2049.86,2034.15,2047.62,382.77,781455.0572
1652738400000,2022-05-16T22:00:00+00:00,2047.62,2054.92,2039.53,2050.32,481.41,985702.1271
1652739300000,2022-05-16T22:15:00+00:00,2050.32,2053.2,2037.4,2040.77,676.2,1383060.4015
1652740200000,2022-05-16T22:30:00+00:00,2040.77,2042.35,2035.48,2036.98,376.56,767599.9847
1652741100000,2022-05-16T22:45:00+00:00,2036.98,2041.01,2028.04,2032.4,814.43,1658209.5246
1652742000000,2022-05-16T23:00:00+00:00,2032.4,2034.07,2026.26,2032.46,855.41,1736215.4417
1652742900000,2022-05-16T23:15:00+00:00,2032.46,2035.28,2026,2030.38,1557.04,3161873.3201
1652743800000,2022-05-16T23:30:00+00:00,2030.38,2033.5,2019.97,2023.52,2292.41,4639693.0657
1652744700000,2022-05-16T23:45:00+00:00,2023.52,2025.78,2017.09,2022.53,1421.53,2871335.0637
1652745600000,2022-05-17T00:00:00+00:00,2022.53,2031.58,2018.13,2027.53,2666,5396553.2898
1652746500000,2022-05-17T00:15:00+00:00,2027.53,2041.66,2026.25,2036.36,2646.94,5392394.0262
1652747400000,2022-05-17T00:30:00+00:00,2036.36,2045.89,2032.77,2045.84,1369.73,2796395.8846
1652748300000,2022-05-17T00:45:00+00:00,2045.84,2051.84,2040.05,2046.62,2198.72,4499895.5027
1652749200000,2022-05-17T01:00:00+00:00,2046.62,2049.52,2032.76,2032.88,1237.77,2525514.2743
1652750100000,2022-05-17T01:15:00+00:00,2032.88,2033.78,2025.28,2025.62,2151.98,4369322.0671
1652751000000,2022-05-17T01:30:00+00:00,2025.62,2033.61,2023.5,2030.39,1738.03,3526084.3385
1652751900000,2022-05-17T01:45:00+00:00,2030.39,2039.99,2030.14,2036.64,1180.69,2403984.766
1652752800000,2022-05-17T02:00:00+00:00,2036.64,2047.48,2033.38,2043.62,1218.43,2488077.9722
1652753700000,2022-05-17T02:15:00+00:00,2043.62,2045.88,2030.62,2031.45,1194.44,2431586.9026
1652754600000,2022-05-17T02:30:00+00:00,2031.45,2039.21,2030.62,2038.25,714.54,1454211.3295
1652755500000,2022-05-17T02:45:00+00:00,2038.25,2047.03,2038.25,2044.93,1516.37,3098813.1153
1652756400000,2022-05-17T03:00:00+00:00,2044.93,2065.68,2041.34,2054.52,2533.85,5203685.126
1652757300000,2022-05-17T03:15:00+00:00,2054.52,2061.42,2052.34,2059.14,1180.64,2427956.4061
1652758200000,2022-05-17T03:30:00+00:00,2059.14,2078.96,2057.65,2071.19,3734.23,7730006.5871
1652759100000,2022-05-17T03:45:00+00:00,2071.19,2078.58,2068.97,2072,1329.68,2756509.099
1652760000000,2022-05-17T04:00:00+00:00,2072,2074,2065.71,2068.31,927.04,1917780.5935
1652760900000,2022-05-17T04:15:00+00:00,2068.31,2068.31,2064.03,2064.76,1025.39,2118332.3581
1652761800000,2022-05-17T04:30:00+00:00,2064.76,2082.52,2064.11,2075.01,2230.87,4631593.1024
1652762700000,2022-05-17T04:45:00+00:00,2075.01,2081.43,2072.12,2075.3,1418.27,2947490.5337
1652763600000,2022-05-17T05:00:00+00:00,2075.3,2078.8,2068.63,2068.75,1342.67,2782454.6598
1652764500000,2022-05-17T05:15:00+00:00,2068.75,2071.99,2066.01,2067.65,1222.26,2529303.3962
1652765400000,2022-05-17T05:30:00+00:00,2067.65,2074.73,2066.8,2073.32,1074.51,2226337.3009
1652766300000,2022-05-17T05:45:00+00:00,2073.32,2081.58,2073.32,2079.95,2256.56,4691668.1261
1652767200000,2022-05-17T06:00:00+00:00,2079.95,2081.7,2071,2072.52,1481.72,3073807.4835
1652768100000,2022-05-17T06:15:00+00:00,2072.52,2078.22,2071.53,2072.71,1544.32,3202339.6681
1652769000000,2022-05-17T06:30:00+00:00,2072.71,2081.37,2071.95,2080.26,2126.01,4417603.6132
1652769900000,2022-05-17T06:45:00+00:00,2080.26,2093.76,2076.71,2087.6,2793.31,5832734.6645
1652770800000,2022-05-17T07:00:00+00:00,2087.6,2090.98,2076.72,2076.86,2028.1,4221931.5309
1652771700000,2022-05-17T07:15:00+00:00,2076.86,2077.32,2068,2068.35,4288.56,8887226.337
1652772600000,2022-05-17T07:30:00+00:00,2068.35,2076.75,2068.33,2073.73,1638.93,3398430.1523
1652773500000,2022-05-17T07:45:00+00:00,2073.73,2078.79,2068.52,2069.68,2088.42,4327450.7066
1652774400000,2022-05-17T08:00:00+00:00,2069.68,2084.7,2068.5,2084.69,3405.27,7073083.989
1652775300000,2022-05-17T08:15:00+00:00,2084.69,2088.21,2081.68,2082.62,1631.73,3401010.8873
1652776200000,2022-05-17T08:30:00+00:00,2082.62,2098,2081.13,2093.07,3720.41,7783611.2773
1652777100000,2022-05-17T08:45:00+00:00,2093.07,2094.5,2083.68,2083.73,1843.11,3848786.1769
1652778000000,2022-05-17T09:00:00+00:00,2083.73,2095.81,2083.59,2089.31,1529.34,3196421.8422
1652778900000,2022-05-17T09:15:00+00:00,2089.31,2097.77,2088.21,2093.9,998.84,2091474.3227
1652779800000,2022-05-17T09:30:00+00:00,2093.9,2096.62,2088.49,2090.71,1112.31,2328115.3068
1652780700000,2022-05-17T09:45:00+00:00,2090.71,2090.98,2084.38,2089.54,861.79,1798794.4273
1652781600000,2022-05-17T10:00:00+00:00,2089.54,2091.47,2083.59,2085.07,1107.25,2310047.0031
1652782500000,2022-05-17T10:15:00+00:00,2085.07,2086.96,2081.27,2086.44,981.81,2047052.3758
1652783400000,2022-05-17T10:30:00+00:00,2086.44,2087.32,2079.61,2080.66,1112.5,2316863.975
1652784300000,2022-05-17T10:45:00+00:00,2080.66,2087.72,2080.65,2082.63,660.64,1377661.7172
1652785200000,2022-05-17T11:00:00+00:00,2082.63,2086.41,2081.68,2086.1,435.14,907141.5869
1652786100000,2022-05-17T11:15:00+00:00,2086.1,2090.16,2081.4,2087.2,1623.58,3388538.4099
1652787000000,2022-05-17T11:30:00+00:00,2087.2,2089.12,2076.72,2081.59,1906.49,3969994.243
1652787900000,2022-05-17T11:45:00+00:00,2081.59,2084.75,2079.35,2080.56,820.19,1707484.934
1652788800000,2022-05-17T12:00:00+00:00,2080.56,2088.87,2076.98,2085.41,1590.23,3314702.5736
1652789700000,2022-05-17T12:15:00+00:00,2085.41,2104.57,2085.41,2096.66,5406.64,11341285.2666
1652790600000,2022-05-17T12:30:00+00:00,2096.67,2104.81,2089.52,2097.56,3028.32,6354147.1953
1652791500000,2022-05-17T12:45:00+00:00,2097.56,2100.95,2093.23,2098.68,1783.23,3738498.4394
1652792400000,2022-05-17T13:00:00+00:00,2098.68,2100.5,2091.52,2092.54,1020.28,2138746.7941
1652793300000,2022-05-17T13:15:00+00:00,2092.54,2096.23,2089.6,2093.46,1316.97,2755325.3048
1652794200000,2022-05-17T13:30:00+00:00,2093.46,2122.52,2080.32,2118.97,8556.73,18016658.8913
1652795100000,2022-05-17T13:45:00+00:00,2118.97,2122,2097.51,2099.47,3438.64,7259308.4047
1652796000000,2022-05-17T14:00:00+00:00,2099.47,2100.42,2081.53,2084.37,3687.66,7712443.4822
1652796900000,2022-05-17T14:15:00+00:00,2084.37,2091.82,2080.23,2080.62,1321.13,2757835.5404
1652797800000,2022-05-17T14:30:00+00:00,2080.62,2080.76,2050.18,2050.19,4379.46,9054048.1459
1652798700000,2022-05-17T14:45:00+00:00,2050.19,2059.22,2050.19,2055.11,3622.42,7446153.806
1652799600000,2022-05-17T15:00:00+00:00,2055.11,2060.9,2052.81,2059.85,1223.11,2516695.266
1652800500000,2022-05-17T15:15:00+00:00,2059.85,2059.97,2042.62,2045.6,2293.99,4702283.2734
1652801400000,2022-05-17T15:30:00+00:00,2045.6,2068.02,2044.97,2057,2929.09,6026995.5883
1652802300000,2022-05-17T15:45:00+00:00,2057,2062.69,2056.16,2060.04,521.2,1073467.8487
1652803200000,2022-05-17T16:00:00+00:00,2060.04,2062.38,2046.56,2048.81,3308.89,6799915.2838
1652804100000,2022-05-17T16:15:00+00:00,2048.81,2051.62,2035.54,2043.87,3305.59,6747157.0195
1652805000000,2022-05-17T16:30:00+00:00,2043.87,2057,2040.95,2055.63,2477.64,5089341.9234
1652805900000,2022-05-17T16:45:00+00:00,2055.63,2062.39,2054.01,2058.86,1066.32,2195454.5824
1652806800000,2022-05-17T17:00:00+00:00,2058.86,2068.74,2053.44,2063.4,652.17,1344759.3384
1652807700000,2022-05-17T17:15:00+00:00,2063.4,2065.48,2059.6,2060.56,382.38,788974.6432
1652808600000,2022-05-17T17:30:00+00:00,2060.56,2066.78,2058.57,2062.85,412.61,850632.3967
1652809500000,2022-05-17T17:45:00+00:00,2062.85,2065.29,2056.61,2056.83,756.24,1559437.3344
1652810400000,2022-05-17T18:00:00+00:00,2056.83,2068.29,2037.26,2040.66,3838.59,7888802.3524
1652811300000,2022-05-17T18:15:00+00:00,2040.66,2042.16,2011.47,2015.04,7210.3,14592671.8713
1652812200000,2022-05-17T18:30:00+00:00,2015.04,2029.66,2006.7,2023.21,2643.63,5327425.0058
1652813100000,2022-05-17T18:45:00+00:00,2023.21,2029.89,2017.31,2028.21,878.63,1779392.3784
1652814000000,2022-05-17T19:00:00+00:00,2028.21,2052.25,2024.4,2045.29,1346.34,2747023.9651
1652814900000,2022-05-17T19:15:00+00:00,2045.29,2057,2041.89,2055.35,1886.39,3869542.0875
1652815800000,2022-05-17T19:30:00+00:00,2055.35,2063.84,2053.77,2054.81,1257.02,2588331.9608
1652816700000,2022-05-17T19:45:00+00:00,2054.81,2054.81,2040.73,2045.52,1106.16,2262257.8563
1652817600000,2022-05-17T20:00:00+00:00,2045.52,2046.39,2040.41,2043.99,316.39,646576.0715
1652818500000,2022-05-17T20:15:00+00:00,2043.99,2059.75,2043.91,2055.36,469.55,963902.4232
1652819400000,2022-05-17T20:30:00+00:00,2055.36,2062.88,2052.87,2061.76,568.87,1171220.5651
1652820300000,2022-05-17T20:45:00+00:00,2061.76,2063.42,2051.4,2052.89,404.06,831552.6241
1652821200000,2022-05-17T21:00:00+00:00,2052.89,2057.99,2048.67,2057.99,380.77,782114.0762
1652822100000,2022-05-17T21:15:00+00:00,2057.99,2063.05,2055.52,2062.61,351.85,724861.0092
1652823000000,2022-05-17T21:30:00+00:00,2062.61,2077.72,2062.57,2077.72,963.8,1996154.5483
1652823900000,2022-05-17T21:45:00+00:00,2077.72,2090.83,2073.2,2086.01,1675.56,3492982.8371
1652824800000,2022-05-17T22:00:00+00:00,2086.01,2095.97,2085.69,2088.71,1074.89,2247556.0009
1652825700000,2022-05-17T22:15:00+00:00,2088.71,2089.91,2080.59,2082.43,1454.78,3031416.7176
1652826600000,2022-05-17T22:30:00+00:00,2082.43,2082.43,2070.85,2072.1,753.79,1564658.4878
1652827500000,2022-05-17T22:45:00+00:00,2072.1,2082.21,2072.1,2080.53,671.96,1396273.6177
1652828400000,2022-05-17T23:00:00+00:00,2080.53,2099.99,2080.53,2090.11,2073.7,4337760.0406
1652829300000,2022-05-17T23:15:00+00:00,2090.11,2102,2089.07,2100.88,2370.57,4974981.8249
1652830200000,2022-05-17T23:30:00+00:00,2100.88,2101.31,2092.23,2094.69,1310.76,2745482.2149
1652831100000,2022-05-17T23:45:00+00:00,2094.69,2099.26,2088.43,2090.26,2490.94,5214702.4057
1652832000000,2022-05-18T00:00:00+00:00,2090.26,2110.42,2088.65,2101.74,6002.2,12621629.4912
1652832900000,2022-05-18T00:15:00+00:00,2101.74,2106.98,2096.23,2101.3,2459.9,5165085.0727
1652833800000,2022-05-18T00:30:00+00:00,2101.3,2107.75,2093.57,2095.45,5208.1,10931729.5431
1652834700000,2022-05-18T00:45:00+00:00,2095.45,2096,2090.31,2091.3,2130.67,4459428.1268
1652835600000,2022-05-18T01:00:00+00:00,2091.3,2092.95,2078.76,2082.24,4584.66,9557656.4663
1652836500000,2022-05-18T01:15:00+00:00,2082.24,2086.35,2074.15,2074.82,4333.27,9009982.7462
1652837400000,2022-05-18T01:30:00+00:00,2074.82,2079.08,2073.13,2074.48,1453.14,3017072.253
1652838300000,2022-05-18T01:45:00+00:00,2074.48,2074.84,2063.85,2066.36,4332.13,8960244.469
1652839200000,2022-05-18T02:00:00+00:00,2066.36,2070.8,2063.01,2066.08,908.99,1879233.7805
1652840100000,2022-05-18T02:15:00+00:00,2066.08,2069.34,2063.52,2066.42,1774.64,3666758.8695
1652841000000,2022-05-18T02:30:00+00:00,2066.42,2068.67,2058.72,2067.94,1940.09,4000302.758
1652841900000,2022-05-18T02:45:00+00:00,2067.94,2071.83,2064.82,2071.12,1670.6,3455312.3313
1652842800000,2022-05-18T03:00:00+00:00,2071.12,2071.75,2049.21,2050.11,4513.03,9282282.9754
1652843700000,2022-05-18T03:15:00+00:00,2050.11,2052.63,2041.32,2046.39,5729.15,11727510.356
1652844600000,2022-05-18T03:30:00+00:00,2046.39,2049.86,2036.56,2039.69,5800.1,11845787.9566
1652845500000,2022-05-18T03:45:00+00:00,2039.69,2040.64,2031.71,2039,3192.54,6500229.0159
1652846400000,2022-05-18T04:00:00+00:00,2039,2043.6,2033.06,2039.91,2142.82,4369893.9401
1652847300000,2022-05-18T04:15:00+00:00,2039.91,2043.86,2035.39,2040.72,3940.25,8034299.5269
1652848200000,2022-05-18T04:30:00+00:00,2040.72,2041.81,2036.27,2038.7,1769.21,3607221.2447
1652849100000,2022-05-18T04:45:00+00:00,2038.7,2039.77,2028.41,2032.16,3694.21,7513111.6536
1652850000000,2022-05-18T05:00:00+00:00,2032.16,2042.75,2029.05,2039.26,3527.01,7180341.289
1652850900000,2022-05-18T05:15:00+00:00,2039.26,2046.87,2038.94,2042.42,2945.92,6019720.1389
1652851800000,2022-05-18T05:30:00+00:00,2042.42,2046.93,2036.73,2037.36,2636.82,5381482.0856
1652852700000,2022-05-18T05:45:00+00:00,2037.36,2046.72,2036.47,2046.7,683.03,1394194.7123
1652853600000,2022-05-18T06:00:00+00:00,2046.7,2051.15,2043,2047.29,1514.18,3100337.6895
1652854500000,2022-05-18T06:15:00+00:00,2047.29,2047.29,2036.99,2040.63,957.9,1955232.0148
1652855400000,2022-05-18T06:30:00+00:00,2040.63,2043.57,2037.04,2041.08,584.97,1193637.5281
1652856300000,2022-05-18T06:45:00+00:00,2041.08,2041.08,2018.41,2018.8,4338.12,8795277.802
1652857200000,2022-05-18T07:00:00+00:00,2018.8,2030.48,2016.94,2024.99,3267.51,6613743.2039
1652858100000,2022-05-18T07:15:00+00:00,2024.99,2030.79,2024.7,2025.09,940.01,1906081.0905
1652859000000,2022-05-18T07:30:00+00:00,2025.09,2029.86,2023.38,2028.88,983.04,1992125.2825
1652859900000,2022-05-18T07:45:00+00:00,2028.88,2038.48,2025.6,2036.73,930.24,1890028.3618
1652860800000,2022-05-18T08:00:00+00:00,2036.73,2039.85,2031.11,2033.51,1633.47,3325473.7745
1652861700000,2022-05-18T08:15:00+00:00,2033.51,2037.19,2023.04,2028.22,1692.76,3431046.024
1652862600000,2022-05-18T08:30:00+00:00,2028.22,2031.32,2022.58,2026.92,606.65,1229300.7011
1652863500000,2022-05-18T08:45:00+00:00,2026.92,2034.31,2025.34,2034.01,462.87,939650.6564
1652864400000,2022-05-18T09:00:00+00:00,2034.01,2037.37,2030.89,2033.05,818.2,1664874.6119
1652865300000,2022-05-18T09:15:00+00:00,2033.05,2033.05,2020.2,2027.27,2167.76,4387415.9096
1652866200000,2022-05-18T09:30:00+00:00,2027.27,2030.59,2022.98,2030.59,893.53,1812458.0305
1652867100000,2022-05-18T09:45:00+00:00,2030.57,2035.99,2029.76,2035.62,1315.39,2674521.8193
1652868000000,2022-05-18T10:00:00+00:00,2035.62,2043.22,2034.61,2042.13,2758.09,5626141.1083
1652868900000,2022-05-18T10:15:00+00:00,2042.13,2047.8,2038.61,2046.96,1342.91,2743279.5924
1652869800000,2022-05-18T10:30:00+00:00,2046.96,2046.96,2037.15,2037.44,1393.95,2845265.8153
1652870700000,2022-05-18T10:45:00+00:00,2037.44,2039.13,2034,2039.04,521.94,1063157.6844
1652871600000,2022-05-18T11:00:00+00:00,2039.04,2040.88,2026.8,2027.29,2827.78,5746989.035
1652872500000,2022-05-18T11:15:00+00:00,2027.29,2030.04,2024,2024.44,963.56,1952331.8118
1652873400000,2022-05-18T11:30:00+00:00,2024.44,2031.23,2023.34,2025.76,1479.97,3001435.4969
1652874300000,2022-05-18T11:45:00+00:00,2025.76,2032.28,2023.22,2029.91,903.73,1833385.8799
1652875200000,2022-05-18T12:00:00+00:00,2029.91,2033.48,2019.88,2019.92,1784.44,3613165.0594
1652876100000,2022-05-18T12:15:00+00:00,2019.92,2034.27,2019,2032.34,1939.26,3933855.4282
1652877000000,2022-05-18T12:30:00+00:00,2032.34,2033.06,2022.76,2024.41,1242.07,2517624.0488
1652877900000,2022-05-18T12:45:00+00:00,2024.41,2028.26,1991.19,1996.52,7619.77,15275261.7736
1652878800000,2022-05-18T13:00:00+00:00,1996.52,2000.16,1989.53,1999.7,7011.79,13995734.3849
1652879700000,2022-05-18T13:15:00+00:00,1999.7,2003.88,1984.7,1993.66,4415.1,8805879.4118
1652880600000,2022-05-18T13:30:00+00:00,1993.66,2000.34,1979.63,1985.33,8106.35,16131110.5315
1652881500000,2022-05-18T13:45:00+00:00,1985.33,1995.8,1982.79,1985.1,3334.9,6634222.9944
1652882400000,2022-05-18T14:00:00+00:00,1985.1,1994.05,1983.96,1991.8,2164.83,4305246.7942
1652883300000,2022-05-18T14:15:00+00:00,1991.8,1998.63,1988.6,1989.32,1618.4,3227748.2986
1652884200000,2022-05-18T14:30:00+00:00,1989.32,1993.23,1963.56,1969.71,5319.85,10527925.3356
1652885100000,2022-05-18T14:45:00+00:00,1969.71,1978.25,1964.12,1974.95,3776.55,7447898.053
1652886000000,2022-05-18T15:00:00+00:00,1974.95,1975.87,1961.01,1968.36,3296.2,6485681.4808
1652886900000,2022-05-18T15:15:00+00:00,1968.36,1968.74,1943.23,1951.26,6688.36,13063920.6884
1652887800000,2022-05-18T15:30:00+00:00,1951.26,1961.36,1942.56,1957.64,5416.98,10579364.0011
1652888700000,2022-05-18T15:45:00+00:00,1957.64,1958.71,1947.7,1954.04,2496.34,4877460.0683
1652889600000,2022-05-18T16:00:00+00:00,1954.04,1955.65,1934.91,1953.29,8189.83,15934283.6809
1652890500000,2022-05-18T16:15:00+00:00,1952.75,1963.58,1945.68,1956.64,6414.44,12545178.8243
1652891400000,2022-05-18T16:30:00+00:00,1956.64,1977.4,1953.29,1959.17,5206.25,10239490.9385
1652892300000,2022-05-18T16:45:00+00:00,1959.17,1976.12,1958.51,1976.1,1773.98,3494789.5117
1652893200000,2022-05-18T17:00:00+00:00,1976.1,1976.91,1959.06,1959.5,1613.22,3175178.588
1652894100000,2022-05-18T17:15:00+00:00,1959.5,1971.18,1958.39,1966.25,721.62,1417176.3924
1652895000000,2022-05-18T17:30:00+00:00,1966.25,1974.22,1960.24,1962.2,705.89,1390225.7898
1652895900000,2022-05-18T17:45:00+00:00,1962.2,1963.23,1953.75,1958.5,628.62,1231191.9102
1652896800000,2022-05-18T18:00:00+00:00,1958.5,1961.85,1949.6,1953.56,881.03,1722084.7087
1652897700000,2022-05-18T18:15:00+00:00,1953.56,1969,1951.76,1969,1002.27,1967356.6505
1652898600000,2022-05-18T18:30:00+00:00,1968.78,1969.57,1959.79,1965.67,963.25,1890839.5754
1652899500000,2022-05-18T18:45:00+00:00,1965.67,1972.82,1961.3,1969.38,777.67,1530361.1901
1652900400000,2022-05-18T19:00:00+00:00,1969.38,1992.07,1969.38,1976.15,2431.9,4820942.1032
1652901300000,2022-05-18T19:15:00+00:00,1976.15,1978.95,1967.84,1971.07,754.31,1488523.2055
1652902200000,2022-05-18T19:30:00+00:00,1971.07,1984.51,1968,1978.65,626.3,1238917.9647
1652903100000,2022-05-18T19:45:00+00:00,1978.65,1984.46,1977.92,1979.95,548.76,1087264.296
1652904000000,2022-05-18T20:00:00+00:00,1979.95,1980.07,1960.12,1963.58,1015.18,1998348.0213
1652904900000,2022-05-18T20:15:00+00:00,1963.58,1963.77,1953.4,1954.84,565.85,1108693.9267
1652905800000,2022-05-18T20:30:00+00:00,1954.84,1959.56,1945.26,1957.78,916.65,1789700.4805
1652906700000,2022-05-18T20:45:00+00:00,1957.78,1966.24,1957.24,1965.53,905.91,1778368.5883
1652907600000,2022-05-18T21:00:00+00:00,1965.53,1970.87,1960.07,1969.62,315.9,620556.3508
1652908500000,2022-05-18T21:15:00+00:00,1969.62,1972.82,1965.1,1968.74,275.05,541649.8281
1652909400000,2022-05-18T21:30:00+00:00,1968.74,1968.74,1958.83,1961.2,951.87,1869509.7188
1652910300000,2022-05-18T21:45:00+00:00,1961.2,1963.94,1953.09,1962.6,302.46,591947.8935
1652911200000,2022-05-18T22:00:00+00:00,1962.6,1962.67,1951.4,1959.97,591.6,1157685.2413
1652912100000,2022-05-18T22:15:00+00:00,1959.97,1972.73,1952,1952.97,1545.2,3036145.9109
1652913000000,2022-05-18T22:30:00+00:00,1952.97,1958.91,1947.71,1949.91,1201.76,2345382.7809
1652913900000,2022-05-18T22:45:00+00:00,1949.91,1952.56,1942,1946.75,2078.73,4048998.5857
1652914800000,2022-05-18T23:00:00+00:00,1946.75,1958.12,1946.16,1953.62,1013.42,1979559.1244
1652915700000,2022-05-18T23:15:00+00:00,1953.62,1955.64,1914.64,1922.79,7334.32,14139556.9033
1652916600000,2022-05-18T23:30:00+00:00,1922.79,1928.99,1910.79,1916.39,4690.44,8999880.0378
1652917500000,2022-05-18T23:45:00+00:00,1916.39,1922.56,1906.45,1913.09,4551.96,8713567.7461
1652918400000,2022-05-19T00:00:00+00:00,1913.09,1926.2,1907.14,1924.48,5921.01,11363605.9722
1652919300000,2022-05-19T00:15:00+00:00,1924.48,1935.87,1923.77,1933.25,6202.69,11983161.4798
1652920200000,2022-05-19T00:30:00+00:00,1933.25,1944.76,1931.34,1931.63,4414.09,8566511.7694
1652921100000,2022-05-19T00:45:00+00:00,1931.63,1935.28,1928.33,1930.65,2114.08,4083923.5185
1652922000000,2022-05-19T01:00:00+00:00,1930.65,1943.77,1928.59,1942.53,2968.79,5749156.6979
1652922900000,2022-05-19T01:15:00+00:00,1942.53,1944.36,1937.13,1938.59,4300.32,8342720.8006
1652923800000,2022-05-19T01:30:00+00:00,1938.59,1938.59,1922.53,1926.5,5303.01,10236016.6823
1652924700000,2022-05-19T01:45:00+00:00,1926.5,1926.78,1902.53,1907.77,5733.99,10991926.1647
1652925600000,2022-05-19T02:00:00+00:00,1907.77,1912.47,1901.66,1902.84,2527.98,4822421.6401
1652926500000,2022-05-19T02:15:00+00:00,1902.84,1918.44,1902.1,1914.41,3762.49,7188032.139
1652927400000,2022-05-19T02:30:00+00:00,1914.22,1921.58,1912.56,1918.93,2252.33,4317769.659
1652928300000,2022-05-19T02:45:00+00:00,1918.93,1953.03,1918.78,1945,11118.95,21595687.3225
1652929200000,2022-05-19T03:00:00+00:00,1945,1967.96,1941.66,1948.94,8347.5,16319973.8456
1652930100000,2022-05-19T03:15:00+00:00,1948.79,1956.05,1944.21,1953.19,4931.11,9617285.3968
1652931000000,2022-05-19T03:30:00+00:00,1953.19,1959.4,1950.19,1955.83,2664.93,5206912.6038
1652931900000,2022-05-19T03:45:00+00:00,1955.83,1960.68,1950.87,1951.99,1848.64,3615471.5872
1652932800000,2022-05-19T04:00:00+00:00,1951.99,1965.88,1951.33,1960.07,6807.77,13352725.573
1652933700000,2022-05-19T04:15:00+00:00,1960.07,1965.26,1952.9,1952.98,3148.22,6165323.1321
1652934600000,2022-05-19T04:30:00+00:00,1952.98,1954.08,1948.93,1951.12,3543.26,6915509.4157
1652935500000,2022-05-19T04:45:00+00:00,1951.12,1951.12,1945.74,1946.7,6039.55,11766070.6045
1652936400000,2022-05-19T05:00:00+00:00,1946.72,1952.43,1944.57,1952.28,5196.78,10131971.5254
1652937300000,2022-05-19T05:15:00+00:00,1952.28,1955.73,1945.39,1949.04,6711.47,13097257.4714
1652938200000,2022-05-19T05:30:00+00:00,1949.04,1951.23,1942.41,1945.57,4522.2,8801710.8725
1652939100000,2022-05-19T05:45:00+00:00,1945.57,1948.27,1943.09,1945.5,2940.45,5722672.8403
1652940000000,2022-05-19T06:00:00+00:00,1945.5,1958,1945.41,1956.99,5326.03,10407028.4188
1652940900000,2022-05-19T06:15:00+00:00,1956.99,1962.45,1956.23,1959.28,5258.8,10303584.3453
1652941800000,2022-05-19T06:30:00+00:00,1959.28,1964.41,1954.31,1954.61,4771.18,9352005.9092
1652942700000,2022-05-19T06:45:00+00:00,1954.61,1971.93,1953.6,1964.93,6437.41,12641850.8317
1652943600000,2022-05-19T07:00:00+00:00,1964.93,1967,1958.89,1961.75,3508.02,6890322.8497
1652944500000,2022-05-19T07:15:00+00:00,1961.75,1964.29,1950.12,1951.85,6027.89,11782564.3258
1652945400000,2022-05-19T07:30:00+00:00,1951.85,1952.6,1940.06,1944.59,4677.02,9105802.2081
1652946300000,2022-05-19T07:45:00+00:00,1944.59,1952.09,1944.59,1951.49,1387.89,2703765.6374
1652947200000,2022-05-19T08:00:00+00:00,1951.49,1955.65,1940.98,1955.65,3792.56,7391628.9363
1652948100000,2022-05-19T08:15:00+00:00,1955.63,1957.03,1947.13,1950.68,1528.79,2984600.4458
1652949000000,2022-05-19T08:30:00+00:00,1950.68,1951.58,1940.94,1944.49,2035.16,3958224.1572
1652949900000,2022-05-19T08:45:00+00:00,1944.49,1947.99,1931.71,1931.82,3743.48,7251756.0801
1652950800000,2022-05-19T09:00:00+00:00,1931.82,1938.01,1929.29,1930.28,4203.86,8121698.2204
1652951700000,2022-05-19T09:15:00+00:00,1930.28,1931.19,1920.88,1922.36,2183.37,4206590.7986
1652952600000,2022-05-19T09:30:00+00:00,1922.36,1923.26,1912.84,1916.23,3205.13,6146753.0937
1652953500000,2022-05-19T09:45:00+00:00,1916.23,1931,1912.73,1928.43,2725.05,5245622.9924
1652954400000,2022-05-19T10:00:00+00:00,1928.43,1935.51,1926.46,1928.9,1976.56,3818474.4708
1652955300000,2022-05-19T10:15:00+00:00,1928.9,1935.04,1925.86,1927.88,1293.32,2497340.8744
1652956200000,2022-05-19T10:30:00+00:00,1927.88,1941.03,1919.06,1935.53,2235.05,4316788.1335
1652957100000,2022-05-19T10:45:00+00:00,1935.53,1944.58,1934.8,1939.44,2186.58,4241587.4592
1652958000000,2022-05-19T11:00:00+00:00,1939.44,1940.87,1930.26,1934.8,1289.2,2494829.8267
1652958900000,2022-05-19T11:15:00+00:00,1934.8,1953.36,1931.91,1949.38,3292.51,6402693.1129
1652959800000,2022-05-19T11:30:00+00:00,1949.38,1958,1944,1954.49,2586.87,5049203.3572
1652960700000,2022-05-19T11:45:00+00:00,1954.49,1967.73,1951.62,1963.98,2584.62,5067284.6242
1652961600000,2022-05-19T12:00:00+00:00,1963.98,1966.51,1953.6,1959.9,6867.61,13466477.7723
1652962500000,2022-05-19T12:15:00+00:00,1959.9,1964.2,1952.38,1959.31,3572.19,6990568.9707
1652963400000,2022-05-19T12:30:00+00:00,1959.31,1961.59,1949.38,1953.68,3299.95,6444931.5742
1652964300000,2022-05-19T12:45:00+00:00,1953.68,1958.8,1951.03,1951.87,1934.88,3782059.8422
1652965200000,2022-05-19T13:00:00+00:00,1951.87,1983.03,1951.87,1978.15,5888.16,11618068.4801
1652966100000,2022-05-19T13:15:00+00:00,1978.22,1981.96,1965.56,1969.99,4493.47,8866089.9387
1652967000000,2022-05-19T13:30:00+00:00,1969.99,1990.28,1967.71,1969.27,6118.42,12113819.09
1652967900000,2022-05-19T13:45:00+00:00,1969.27,1969.27,1942.76,1960.41,10994.78,21483900.3814
1652968800000,2022-05-19T14:00:00+00:00,1960.41,1981.06,1959.44,1974.27,7030.91,13860742.9845
1652969700000,2022-05-19T14:15:00+00:00,1974.27,1987.95,1971.11,1974.21,6560.22,12979476.8319
1652970600000,2022-05-19T14:30:00+00:00,1974.21,1982.61,1968.59,1973.02,2732.91,5395388.8085
1652971500000,2022-05-19T14:45:00+00:00,1973.02,1980.11,1966.86,1978.01,5413.63,10692961.2139
1652972400000,2022-05-19T15:00:00+00:00,1978.01,1987.7,1973.36,1986.25,2863.97,5676958.9107
1652973300000,2022-05-19T15:15:00+00:00,1986.25,2013.4,1981.62,2011.03,7697.18,15416711.2471
1652974200000,2022-05-19T15:30:00+00:00,2011.03,2032.31,2008.95,2024.13,10103.34,20429534.9552
1652975100000,2022-05-19T15:45:00+00:00,2024.13,2039.42,2014.57,2022.6,9479.63,19189517.4602
1652976000000,2022-05-19T16:00:00+00:00,2022.6,2028.18,2016,2020.31,6621.55,13384940.8991
1652976900000,2022-05-19T16:15:00+00:00,2020.31,2026.54,2018.18,2021.91,2599.07,5257337.5014
1652977800000,2022-05-19T16:30:00+00:00,2021.91,2023.44,2010.54,2011.35,4441.16,8951107.3693
1652978700000,2022-05-19T16:45:00+00:00,2011.35,2015.92,2006.56,2011.38,2437.31,4900258.0809
1652979600000,2022-05-19T17:00:00+00:00,2011.38,2019.24,2001.27,2003.99,2859.15,5742369.649
1652980500000,2022-05-19T17:15:00+00:00,2003.99,2006.82,1997.74,2003.01,3047.35,6102873.5096
1652981400000,2022-05-19T17:30:00+00:00,2003.01,2011.58,2002.27,2007.58,2555.49,5129631.9393
1652982300000,2022-05-19T17:45:00+00:00,2007.58,2017.28,1994.16,2014.31,3625.03,7278116.3327
1652983200000,2022-05-19T18:00:00+00:00,2014.31,2019.49,2009.64,2017.76,1576.26,3177993.6486
1652984100000,2022-05-19T18:15:00+00:00,2017.76,2019.91,2008.27,2010.52,2957.69,5957459.1623
1652985000000,2022-05-19T18:30:00+00:00,2010.52,2015.26,2005.01,2010.86,936.27,1882686.7911
1652985900000,2022-05-19T18:45:00+00:00,2010.86,2014.92,2008.27,2012.9,512.92,1031462.2799
1652986800000,2022-05-19T19:00:00+00:00,2012.9,2018.33,2000.89,2003.54,1151.4,2312993.8668
1652987700000,2022-05-19T19:15:00+00:00,2003.54,2004.77,1991.05,1991.19,888.25,1774817.6023
1652988600000,2022-05-19T19:30:00+00:00,1991.19,1997.12,1989.75,1995.37,1057.84,2107228.0874
1652989500000,2022-05-19T19:45:00+00:00,1995.37,1998.14,1992.13,1992.13,252.3,503396.8913
1652990400000,2022-05-19T20:00:00+00:00,1992.13,2003.34,1990.61,1999.31,1254.09,2506735.5536
1652991300000,2022-05-19T20:15:00+00:00,1999.31,2006.88,1997.47,2001.31,1271.88,2545493.8245
1652992200000,2022-05-19T20:30:00+00:00,2001.31,2006.17,2000.12,2004.9,1146.68,2298783.6238
1652993100000,2022-05-19T20:45:00+00:00,2004.9,2014.5,2004.85,2014.5,1476.68,2966520.9834
1652994000000,2022-05-19T21:00:00+00:00,2014.5,2023.25,2011.44,2022.82,992.73,2001516.3987
1652994900000,2022-05-19T21:15:00+00:00,2022.82,2026.74,2014.49,2015.13,7116.54,14365801.8873
1652995800000,2022-05-19T21:30:00+00:00,2015.13,2017.02,2010.94,2015.4,7147.31,14395860.1711
1652996700000,2022-05-19T21:45:00+00:00,2015.4,2015.69,2011,2012.45,3314.62,6673744.2002
1652997600000,2022-05-19T22:00:00+00:00,2012.45,2012.5,2005.58,2007.02,750.03,1506018.7345
1652998500000,2022-05-19T22:15:00+00:00,2007.02,2007.07,2001.4,2003.45,719.82,1442038.4309
1652999400000,2022-05-19T22:30:00+00:00,2003.45,2004.18,1998.9,2000.97,633.01,1266610.3182
1653000300000,2022-05-19T22:45:00+00:00,2000.97,2009.32,1998.85,2005.29,936.56,1876523.3288
1653001200000,2022-05-19T23:00:00+00:00,2005.29,2015.54,2005.27,2009.57,2533.11,5094427.0141
1653002100000,2022-05-19T23:15:00+00:00,2009.57,2016.84,2006.85,2015.86,1666.59,3356285.0457
1653003000000,2022-05-19T23:30:00+00:00,2015.86,2020.02,2013.76,2017.66,3720.63,7505467.7132
1653003900000,2022-05-19T23:45:00+00:00,2017.66,2026.33,2017.12,2018.73,4425.73,8947713.044
1653004800000,2022-05-20T00:00:00+00:00,2018.73,2020.29,2010.87,2012.21,6497.24,13092661.0459
1653005700000,2022-05-20T00:15:00+00:00,2012.21,2014.42,2006.06,2007.54,2687.79,5399798.3174
1653006600000,2022-05-20T00:30:00+00:00,2007.54,2017.47,2006.5,2017.2,3137.1,6315565.8163
1653007500000,2022-05-20T00:45:00+00:00,2017.2,2018.72,2012.31,2014.9,2980.02,6009603.654
1653008400000,2022-05-20T01:00:00+00:00,2014.9,2014.9,2003.33,2007.9,5990.24,12037158.6845
1653009300000,2022-05-20T01:15:00+00:00,2007.9,2024.82,2007.4,2023.08,6702.74,13526036.2695
1653010200000,2022-05-20T01:30:00+00:00,2023.08,2052.52,2021.39,2045.72,12354.45,25191835.5532
1653011100000,2022-05-20T01:45:00+00:00,2045.72,2047.88,2031.12,2034.98,3012.42,6141138.1879
1653012000000,2022-05-20T02:00:00+00:00,2034.98,2037.44,2015.39,2017.89,3296.51,6676147.8519
1653012900000,2022-05-20T02:15:00+00:00,2017.89,2022.78,2016.2,2021.98,2670.65,5390547.806
1653013800000,2022-05-20T02:30:00+00:00,2021.98,2031.81,2019.04,2031.8,1284.74,2601909.0607
1653014700000,2022-05-20T02:45:00+00:00,2031.8,2034.25,2026,2029.1,821.25,1666650.8543
1653015600000,2022-05-20T03:00:00+00:00,2029.1,2031.7,2022,2024.22,747.66,1514338.4791
1653016500000,2022-05-20T03:15:00+00:00,2024.22,2027.56,2021.19,2025.89,2066.1,4185037.2552
1653017400000,2022-05-20T03:30:00+00:00,2025.89,2026.18,2020.44,2020.97,1764.11,3571021.8263
1653018300000,2022-05-20T03:45:00+00:00,2020.97,2023.68,2019.71,2022.4,1793.81,3627111.1713
1653019200000,2022-05-20T04:00:00+00:00,2022.4,2033.58,2021.38,2028.43,3351.59,6800236.8256
1653020100000,2022-05-20T04:15:00+00:00,2028.43,2032.31,2020.24,2024.19,2908.9,5888559.937
1653021000000,2022-05-20T04:30:00+00:00,2024.19,2026.53,2016.44,2016.88,3954.54,7988669.4088
1653021900000,2022-05-20T04:45:00+00:00,2016.88,2020.77,2012.35,2019.64,2429.16,4899424.3127
1653022800000,2022-05-20T05:00:00+00:00,2019.64,2019.64,2014.39,2015.77,1336.9,2696593.1854
1653023700000,2022-05-20T05:15:00+00:00,2015.77,2020.79,2014.01,2019.31,3051.77,6158233.6749
1653024600000,2022-05-20T05:30:00+00:00,2019.31,2025.72,2017.08,2025.33,2867.93,5801016.4609
1653025500000,2022-05-20T05:45:00+00:00,2025.33,2027.2,2022.02,2026.74,3446.2,6980827.2482
1653026400000,2022-05-20T06:00:00+00:00,2026.74,2027.07,2023.48,2026.22,1415.03,2866783.8943
1653027300000,2022-05-20T06:15:00+00:00,2026.22,2026.25,2008.19,2011.09,9262.64,18661764.4906
1653028200000,2022-05-20T06:30:00+00:00,2011.09,2011.09,2001.34,2007.86,6504.11,13048909.4965
1653029100000,2022-05-20T06:45:00+00:00,2007.86,2014.83,2001.75,2013.98,3329.31,6682950.9143
1653030000000,2022-05-20T07:00:00+00:00,2013.98,2022,2009.58,2020.29,5117.44,10322214.4692
1653030900000,2022-05-20T07:15:00+00:00,2020.29,2024.44,2017.32,2018.9,4482.33,9060499.7554
1653031800000,2022-05-20T07:30:00+00:00,2018.9,2028.88,2018.2,2027.73,2939.78,5954313.601
1653032700000,2022-05-20T07:45:00+00:00,2027.73,2031.44,2023.86,2024.72,2488.62,5046689.7212
1653033600000,2022-05-20T08:00:00+00:00,2024.72,2029.82,2021.06,2029.26,2309.02,4678889.978
1653034500000,2022-05-20T08:15:00+00:00,2029.26,2033.83,2026.76,2033.25,1852.12,3759357.6622
1653035400000,2022-05-20T08:30:00+00:00,2033.25,2035.88,2028.65,2031.47,2528.69,5142470.3279
1653036300000,2022-05-20T08:45:00+00:00,2031.47,2031.52,2025.06,2026.96,2083.12,4223127.9112
1653037200000,2022-05-20T09:00:00+00:00,2026.96,2029.62,2021.73,2026.46,3329.95,6744284.402
1653038100000,2022-05-20T09:15:00+00:00,2026.46,2035.19,2026.4,2029.93,1496.89,3041379.436
1653039000000,2022-05-20T09:30:00+00:00,2029.93,2037.89,2028.44,2036.62,3323.79,6762338.3697
1653039900000,2022-05-20T09:45:00+00:00,2036.62,2043.55,2032.59,2037.94,3307.9,6737408.1455
1653040800000,2022-05-20T10:00:00+00:00,2037.94,2042.38,2034.29,2041.06,674.35,1374455.61
1653041700000,2022-05-20T10:15:00+00:00,2041.06,2047,2036.86,2036.86,3916.45,8006147.8662
1653042600000,2022-05-20T10:30:00+00:00,2036.86,2041.49,2034.43,2038.41,3751.07,7641053.9167
1653043500000,2022-05-20T10:45:00+00:00,2038.41,2047.7,2037.2,2047.12,3276.46,6695368.6792
1653044400000,2022-05-20T11:00:00+00:00,2047.12,2057.89,2040.7,2043.51,9028.08,18530962.4734
1653045300000,2022-05-20T11:15:00+00:00,2043.51,2044.76,2036.71,2042.36,2146.39,4378849.4249
1653046200000,2022-05-20T11:30:00+00:00,2042.36,2051.9,2042.01,2048.4,2874.19,5885638.1623
1653047100000,2022-05-20T11:45:00+00:00,2048.4,2063.37,2048.36,2053.26,4570.27,9395975.3554
1653048000000,2022-05-20T12:00:00+00:00,2053.26,2057.56,2044,2045.04,2797.52,5736466.0749
1653048900000,2022-05-20T12:15:00+00:00,2044.99,2047.54,2041.62,2043.49,1845.33,3773008.4002
1653049800000,2022-05-20T12:30:00+00:00,2043.5,2045.47,2038.65,2041.31,1717.98,3508344.2523
1653050700000,2022-05-20T12:45:00+00:00,2041.31,2042.71,2024.06,2035.89,4384.28,8908921.1264
1653051600000,2022-05-20T13:00:00+00:00,2035.89,2040.3,2028.94,2038.61,1922.79,3912135.2353
1653052500000,2022-05-20T13:15:00+00:00,2038.61,2052.49,2035.34,2043.21,3634.96,7435668.6175
1653053400000,2022-05-20T13:30:00+00:00,2043.21,2049.76,2027.11,2044.8,4137.08,8432076.9485
1653054300000,2022-05-20T13:45:00+00:00,2044.8,2046.56,2037.13,2043.86,1276.56,2605691.6769
1653055200000,2022-05-20T14:00:00+00:00,2043.86,2044.09,2024,2025.42,3472.48,7056807.1778
1653056100000,2022-05-20T14:15:00+00:00,2025.42,2031.61,2005.62,2010.72,8081.73,16296268.7274
1653057000000,2022-05-20T14:30:00+00:00,2010.72,2017.62,2001,2009.12,6553.88,13170629.5338
1653057900000,2022-05-20T14:45:00+00:00,2009.12,2011.88,1979.77,1985.88,12129.51,24150428.6953
1653058800000,2022-05-20T15:00:00+00:00,1985.88,1985.88,1953.19,1968.54,14478.78,28494242.4541
1653059700000,2022-05-20T15:15:00+00:00,1968.54,1970.83,1955.66,1965.73,7390.57,14504142.8385
1653060600000,2022-05-20T15:30:00+00:00,1965.73,1972.4,1956,1956.33,5768.04,11326951.7542
1653061500000,2022-05-20T15:45:00+00:00,1956.33,1961.18,1950.51,1959.21,5122.59,10022686.5517
1653062400000,2022-05-20T16:00:00+00:00,1959.21,1960.31,1929.52,1942.55,16974.24,33002201.6866
1653063300000,2022-05-20T16:15:00+00:00,1942.55,1942.69,1929.58,1932.83,5564.53,10775340.5491
1653064200000,2022-05-20T16:30:00+00:00,1932.83,1937.93,1922.06,1923.71,6137.53,11839667.094
1653065100000,2022-05-20T16:45:00+00:00,1923.71,1939.28,1921.53,1932.97,7517.46,14507089.5267
1653066000000,2022-05-20T17:00:00+00:00,1932.97,1937.34,1924.12,1937.29,2816.68,5436821.1338
1653066900000,2022-05-20T17:15:00+00:00,1937.29,1941.45,1925.37,1930.56,3269.93,6321839.0349
1653067800000,2022-05-20T17:30:00+00:00,1930.56,1938.35,1928.5,1937.11,4547.85,8798193.2242
1653068700000,2022-05-20T17:45:00+00:00,1937.11,1942.54,1933.91,1937.04,2316.06,4489243.1849
1653069600000,2022-05-20T18:00:00+00:00,1937.04,1937.42,1924.49,1930.07,4782.31,9225054.7214
1653070500000,2022-05-20T18:15:00+00:00,1930.07,1931.24,1921.22,1926.79,2142.8,4127360.3702
1653071400000,2022-05-20T18:30:00+00:00,1926.79,1935.22,1921.91,1935.22,928.75,1788737.2387
1653072300000,2022-05-20T18:45:00+00:00,1935.22,1945,1933.42,1938.64,2068.31,4014492.9951
1653073200000,2022-05-20T19:00:00+00:00,1938.64,1944.82,1934.61,1943.75,1594.87,3094904.1839
1653074100000,2022-05-20T19:15:00+00:00,1943.75,1947.32,1938.04,1946.3,1178.74,2288430.2574
1653075000000,2022-05-20T19:30:00+00:00,1946.3,1965.85,1942.74,1959.6,4847.76,9492090.6716
1653075900000,2022-05-20T19:45:00+00:00,1959.6,1971.22,1952,1967.07,2704.76,5311235.374
1653076800000,2022-05-20T20:00:00+00:00,1967.07,1969.24,1962.55,1965.54,635.52,1248623.2725
1653077700000,2022-05-20T20:15:00+00:00,1965.54,1974.39,1965.42,1971.88,1993.51,3925011.6576
1653078600000,2022-05-20T20:30:00+00:00,1971.88,1971.88,1960.43,1962.18,964.5,1895237.0198
1653079500000,2022-05-20T20:45:00+00:00,1962.18,1962.81,1956.21,1958.9,1418.71,2779455.0855
1653080400000,2022-05-20T21:00:00+00:00,1958.9,1966.74,1958.73,1964.79,1293.32,2541138.1909
1653081300000,2022-05-20T21:15:00+00:00,1964.79,1971.38,1961.25,1968,5391.62,10599676.9016
1653082200000,2022-05-20T21:30:00+00:00,1968,1968,1960.21,1960.61,4387.54,8616631.8178
1653083100000,2022-05-20T21:45:00+00:00,1960.61,1966.52,1957.9,1958.18,1830.12,3589615.8539
1653084000000,2022-05-20T22:00:00+00:00,1958.18,1965.46,1955.26,1962.95,393.33,771389.2465
1653084900000,2022-05-20T22:15:00+00:00,1962.95,1969.3,1959.81,1965.08,644.97,1266712.9772
1653085800000,2022-05-20T22:30:00+00:00,1965.08,1968.83,1964.08,1967.35,543.94,1069278.231
1653086700000,2022-05-20T22:45:00+00:00,1967.35,1969.9,1951.75,1952.37,931.25,1822216.9635
1653087600000,2022-05-20T23:00:00+00:00,1952.37,1973,1952.36,1969.51,1418.97,2785984.3079
1653088500000,2022-05-20T23:15:00+00:00,1969.51,1977.78,1966.54,1967.03,1779.25,3507781.9266
1653089400000,2022-05-20T23:30:00+00:00,1967.03,1968.58,1961.41,1962.2,995.22,1955605.7727
1653090300000,2022-05-20T23:45:00+00:00,1962.2,1963.97,1957.38,1958.16,1905.87,3735534.4873
1653091200000,2022-05-21T00:00:00+00:00,1958.16,1966.8,1955.32,1964.21,703.54,1379187.6494
1653092100000,2022-05-21T00:15:00+00:00,1964.21,1972.49,1962.41,1969.8,947.7,1864308.2603
1653093000000,2022-05-21T00:30:00+00:00,1969.8,1970.96,1956.52,1964.16,1086.07,2132173.1029
1653093900000,2022-05-21T00:45:00+00:00,1964.16,1965.26,1958.45,1962.25,804.64,1578476.0433
1653094800000,2022-05-21T01:00:00+00:00,1962.25,1964.38,1951.9,1956.16,1609.9,3149693.666
1653095700000,2022-05-21T01:15:00+00:00,1956.16,1957.88,1936.31,1937.44,2691.09,5238358.1789
1653096600000,2022-05-21T01:30:00+00:00,1937.44,1947.86,1937.44,1945.77,2173.85,4224776.2484
1653097500000,2022-05-21T01:45:00+00:00,1945.77,1952.64,1943.18,1950.32,1813.84,3537441.8206
1653098400000,2022-05-21T02:00:00+00:00,1950.32,1952.94,1942.97,1946.37,1722.8,3354692.2088
1653099300000,2022-05-21T02:15:00+00:00,1946.37,1958.95,1942.57,1958.94,2097.79,4100128.6505
1653100200000,2022-05-21T02:30:00+00:00,1958.94,1961.28,1957.21,1958.82,2853.26,5590180.4942
1653101100000,2022-05-21T02:45:00+00:00,1958.82,1961,1954.53,1957.8,1392.48,2725591.5516
1653102000000,2022-05-21T03:00:00+00:00,1957.8,1959.99,1951,1951.01,476.34,931189.5756
1653102900000,2022-05-21T03:15:00+00:00,1951.01,1953.73,1948.37,1949.61,882.36,1721347.8131
1653103800000,2022-05-21T03:30:00+00:00,1949.61,1957.5,1948.29,1957.5,1652.55,3224872.9954
1653104700000,2022-05-21T03:45:00+00:00,1957.5,1968.84,1956.2,1966.7,1833.13,3601463.5795
1653105600000,2022-05-21T04:00:00+00:00,1966.7,1968.33,1961.65,1966.34,3219.01,6323370.4789
1653106500000,2022-05-21T04:15:00+00:00,1966.34,1966.54,1961.42,1962.23,1041.5,2045904.1394
1653107400000,2022-05-21T04:30:00+00:00,1962.23,1965.92,1961,1965.45,433.41,851198.6372
1653108300000,2022-05-21T04:45:00+00:00,1965.45,1965.71,1960.41,1963.89,2249.86,4416310.1901
1653109200000,2022-05-21T05:00:00+00:00,1963.89,1968.34,1960.42,1965.7,601.31,1181537.7916
1653110100000,2022-05-21T05:15:00+00:00,1965.7,1967.44,1960.09,1960.7,818.86,1606274.4429
1653111000000,2022-05-21T05:30:00+00:00,1960.7,1967.32,1960.24,1964.24,729.97,1434099.4172
1653111900000,2022-05-21T05:45:00+00:00,1964.24,1967.04,1961.32,1965.67,458.11,899739.4861
1653112800000,2022-05-21T06:00:00+00:00,1965.67,1970.19,1961.66,1961.75,869.24,1709364.1298
1653113700000,2022-05-21T06:15:00+00:00,1961.75,1972.33,1961.21,1971.17,1581.84,3115387.5047
1653114600000,2022-05-21T06:30:00+00:00,1971.17,1972.85,1968.99,1969.36,939.54,1852169.4757
1653115500000,2022-05-21T06:45:00+00:00,1969.36,1971.2,1966.08,1970.71,1032.53,2032596.1817
1653116400000,2022-05-21T07:00:00+00:00,1970.71,1971.74,1965.26,1965.32,511.96,1007953.2021
1653117300000,2022-05-21T07:15:00+00:00,1965.32,1977.68,1964.4,1975.71,1412.2,2786991.9182
1653118200000,2022-05-21T07:30:00+00:00,1975.71,1985.66,1972.38,1980.59,5126.21,10148651.8308
1653119100000,2022-05-21T07:45:00+00:00,1980.59,1982.58,1976.75,1977.72,1553.53,3074559.7979
1653120000000,2022-05-21T08:00:00+00:00,1977.72,1983.24,1976.05,1980.79,728.03,1441253.9247
1653120900000,2022-05-21T08:15:00+00:00,1980.79,1982.18,1977.25,1980.1,376.94,746080.7943
1653121800000,2022-05-21T08:30:00+00:00,1980.1,1987.94,1979.26,1980.89,1188.72,2359450.4943
1653122700000,2022-05-21T08:45:00+00:00,1980.89,1980.89,1975.89,1977.92,1752.46,3464597.0791
1653123600000,2022-05-21T09:00:00+00:00,1977.92,1978.52,1969,1972.37,1851.01,3651159.1047
1653124500000,2022-05-21T09:15:00+00:00,1972.37,1974.23,1967.48,1967.6,1215.55,2395693.9981
1653125400000,2022-05-21T09:30:00+00:00,1967.6,1970.36,1965.72,1968,1085.97,2137587.4189
1653126300000,2022-05-21T09:45:00+00:00,1968,1972.38,1968,1972.27,887.17,1748434.8972
1653127200000,2022-05-21T10:00:00+00:00,1972.27,1977.91,1972.2,1975.3,1250.87,2470981.432
1653128100000,2022-05-21T10:15:00+00:00,1975.3,1975.96,1964.49,1964.54,983.21,1935933.0962
1653129000000,2022-05-21T10:30:00+00:00,1964.54,1969.93,1964.54,1968.39,775.52,1526473.2086
1653129900000,2022-05-21T10:45:00+00:00,1968.39,1971.6,1968.39,1969.85,304.89,600721.9662
1653130800000,2022-05-21T11:00:00+00:00,1969.85,1969.93,1963.4,1966.46,773.34,1520922.6378
1653131700000,2022-05-21T11:15:00+00:00,1966.46,1967.78,1961.46,1961.48,464.67,912477.409
1653132600000,2022-05-21T11:30:00+00:00,1961.48,1963.56,1955.06,1963.25,2240.53,4388295.2492
1653133500000,2022-05-21T11:45:00+00:00,1963.25,1971.88,1962.91,1969.49,2237.74,4406771.4687
1653134400000,2022-05-21T12:00:00+00:00,1969.49,1974.75,1968.5,1972.63,1192.13,2351386.8275
1653135300000,2022-05-21T12:15:00+00:00,1972.63,1974.14,1964.64,1965.74,1411.45,2777217.4494
1653136200000,2022-05-21T12:30:00+00:00,1965.74,1968.57,1960.62,1967.24,1474.55,2896418.2347
1653137100000,2022-05-21T12:45:00+00:00,1967.24,1971.99,1964.05,1969.06,1158.38,2279591.5222
1653138000000,2022-05-21T13:00:00+00:00,1969.06,1970.16,1963.37,1966.92,874.58,1718957.2784
1653138900000,2022-05-21T13:15:00+00:00,1966.92,1970.14,1964.55,1969.71,782.97,1541008.4849
1653139800000,2022-05-21T13:30:00+00:00,1969.71,1975.97,1969.68,1974.29,998.78,1970829.3373
1653140700000,2022-05-21T13:45:00+00:00,1974.29,1974.73,1967.83,1968.25,1379.29,2718604.7646
1653141600000,2022-05-21T14:00:00+00:00,1968.25,1969.11,1965.67,1965.98,1466.94,2887203.3376
1653142500000,2022-05-21T14:15:00+00:00,1965.98,1966.11,1957.77,1960.37,2436.97,4780936.4518
1653143400000,2022-05-21T14:30:00+00:00,1960.37,1979.46,1959.5,1977.39,4447.82,8766475.461
1653144300000,2022-05-21T14:45:00+00:00,1977.39,1982.39,1972.06,1976.94,3942.26,7792859.4733
1653145200000,2022-05-21T15:00:00+00:00,1976.94,1982.55,1963.48,1964.66,3563.92,7039987.0687
1653146100000,2022-05-21T15:15:00+00:00,1964.66,1973.5,1964.66,1968.58,2295.04,4517112.436
1653147000000,2022-05-21T15:30:00+00:00,1968.58,1977.62,1967.35,1975.55,1100.76,2173242.9708
1653147900000,2022-05-21T15:45:00+00:00,1975.55,1984.43,1973.89,1979.61,1494.6,2959257.3662
1653148800000,2022-05-21T16:00:00+00:00,1979.61,1990.19,1976.01,1985.05,3582.04,7108927.7017
1653149700000,2022-05-21T16:15:00+00:00,1985.05,1986.61,1977.97,1980.75,2132.63,4225558.6152
1653150600000,2022-05-21T16:30:00+00:00,1980.75,1983.21,1976.34,1976.73,917.93,1816688.7237
1653151500000,2022-05-21T16:45:00+00:00,1976.73,1982.59,1976.56,1980.32,664.05,1314331.9879
1653152400000,2022-05-21T17:00:00+00:00,1980.32,1985.38,1977.88,1984.13,698.66,1385438.4326
1653153300000,2022-05-21T17:15:00+00:00,1984.13,1984.45,1975.36,1977.05,1488.69,2943391.7127
1653154200000,2022-05-21T17:30:00+00:00,1977.05,1978.96,1972.24,1975.16,1222.98,2414823.9843
1653155100000,2022-05-21T17:45:00+00:00,1975.16,1977.78,1974.83,1975.05,214.99,424885.9186
1653156000000,2022-05-21T18:00:00+00:00,1975.05,1983,1975.05,1979.7,321.98,637769.3286
1653156900000,2022-05-21T18:15:00+00:00,1979.7,1983,1977.63,1977.64,221.75,439245.5971
1653157800000,2022-05-21T18:30:00+00:00,1977.64,1982.5,1977.64,1979.18,221.33,438386.8275
1653158700000,2022-05-21T18:45:00+00:00,1979.18,1984.24,1977.72,1983.74,530.14,1050182.9546
1653159600000,2022-05-21T19:00:00+00:00,1983.74,1988.28,1983.61,1985.06,692.5,1375251.8855
1653160500000,2022-05-21T19:15:00+00:00,1985.06,1985.07,1977.59,1978.6,592.64,1173900.2083
1653161400000,2022-05-21T19:30:00+00:00,1978.6,1982.2,1976.69,1981.8,425.81,842950.1927
1653162300000,2022-05-21T19:45:00+00:00,1981.8,1982.64,1978,1980.3,317.59,628792.5599
1653163200000,2022-05-21T20:00:00+00:00,1980.3,1984.2,1978,1983.2,95.73,189746.4669
1653164100000,2022-05-21T20:15:00+00:00,1983.2,1984.34,1978.66,1979.27,285.91,566407.2089
1653165000000,2022-05-21T20:30:00+00:00,1979.27,1981.14,1972,1973.5,951.64,1879631.9545
1653165900000,2022-05-21T20:45:00+00:00,1973.5,1976.52,1972.97,1975.39,396.09,782029.6154
1653166800000,2022-05-21T21:00:00+00:00,1975.39,1976.12,1972.85,1974.8,1108.26,2188624.8216
1653167700000,2022-05-21T21:15:00+00:00,1974.8,1976.2,1970.19,1974.19,3522.52,6949058.7687
1653168600000,2022-05-21T21:30:00+00:00,1974.19,1977.62,1973.48,1977.42,2409.75,4759507.4521
1653169500000,2022-05-21T21:45:00+00:00,1977.42,1977.63,1966.43,1967.06,1589.02,3133471.387
1653170400000,2022-05-21T22:00:00+00:00,1967.06,1971.3,1964.56,1969.64,612.59,1204708.9438
1653171300000,2022-05-21T22:15:00+00:00,1969.64,1971.49,1968.16,1969.44,465.13,916347.0043
1653172200000,2022-05-21T22:30:00+00:00,1969.44,1972.35,1969.44,1972.1,369.47,728440.4234
1653173100000,2022-05-21T22:45:00+00:00,1972.1,1973.95,1968.74,1973.79,270.91,534132.6779
1653174000000,2022-05-21T23:00:00+00:00,1973.79,1975.37,1971.89,1973.77,660.99,1305118.6225
1653174900000,2022-05-21T23:15:00+00:00,1973.77,1979.51,1971.81,1977.91,1028.17,2031365.7018
1653175800000,2022-05-21T23:30:00+00:00,1977.91,1980.28,1974.97,1975.22,607.17,1200707.6129
1653176700000,2022-05-21T23:45:00+00:00,1975.22,1977.27,1973.23,1974.09,436.59,862065.8091
1653177600000,2022-05-22T00:00:00+00:00,1974.09,1976.15,1971.63,1972.15,432.87,854022.9851
1653178500000,2022-05-22T00:15:00+00:00,1972.15,1977.7,1971.09,1976.56,584.21,1153148.477
1653179400000,2022-05-22T00:30:00+00:00,1976.56,1979.4,1974.92,1975.26,517.97,1024576.2399
1653180300000,2022-05-22T00:45:00+00:00,1975.26,1979.31,1974.84,1977.09,168.7,333644.1164
1653181200000,2022-05-22T01:00:00+00:00,1977.09,1982.24,1977.09,1980.36,505.07,1000301.044
1653182100000,2022-05-22T01:15:00+00:00,1980.36,1982.91,1977.98,1978.63,486.48,963433.2455
1653183000000,2022-05-22T01:30:00+00:00,1978.63,1982.78,1978.4,1980.41,722.64,1430727.542
1653183900000,2022-05-22T01:45:00+00:00,1980.41,1980.7,1978.72,1979.41,310.44,614530.371
1653184800000,2022-05-22T02:00:00+00:00,1979.41,1979.54,1975.65,1978.36,558.7,1105137.5761
1653185700000,2022-05-22T02:15:00+00:00,1978.36,1978.36,1971.8,1974.21,1084.45,2141199.5645
1653186600000,2022-05-22T02:30:00+00:00,1974.21,1974.9,1970.82,1972.99,1403.61,2768204.259
1653187500000,2022-05-22T02:45:00+00:00,1972.99,1975.4,1972.39,1974.64,646.19,1275782.8239
1653188400000,2022-05-22T03:00:00+00:00,1974.64,1980.38,1972.21,1978.95,2385.98,4711587.43
1653189300000,2022-05-22T03:15:00+00:00,1978.95,1979.93,1974.87,1977.92,396.94,784616.9101
1653190200000,2022-05-22T03:30:00+00:00,1977.92,1979.31,1973.71,1974.51,624.04,1232996.1869
1653191100000,2022-05-22T03:45:00+00:00,1974.51,1974.57,1970.89,1972.77,3434.3,6776380.9315
1653192000000,2022-05-22T04:00:00+00:00,1972.77,1973.66,1969.76,1973.51,342.62,675651.0936
1653192900000,2022-05-22T04:15:00+00:00,1973.51,1973.76,1966.93,1967.6,1186.86,2336411.1057
1653193800000,2022-05-22T04:30:00+00:00,1967.6,1969.91,1966.39,1968.31,1284.79,2527917.1928
1653194700000,2022-05-22T04:45:00+00:00,1968.31,1970.36,1965.1,1965.1,1094.15,2152575.9352
1653195600000,2022-05-22T05:00:00+00:00,1965.1,1969.79,1964.69,1968.87,794.9,1563531.7485
1653196500000,2022-05-22T05:15:00+00:00,1968.87,1972.91,1967.01,1972.19,1722.78,3396484.7594
1653197400000,2022-05-22T05:30:00+00:00,1972.19,1973.89,1970.68,1970.81,931.45,1837374.3469
1653198300000,2022-05-22T05:45:00+00:00,1970.81,1972.81,1969.79,1970.95,408.93,805961.2836
1653199200000,2022-05-22T06:00:00+00:00,1970.95,1972.59,1970.03,1972.51,715.94,1411285.045
1653200100000,2022-05-22T06:15:00+00:00,1972.51,1974.13,1971.57,1973.77,701.48,1383930.6446
1653201000000,2022-05-22T06:30:00+00:00,1973.77,1974.3,1972.8,1974.23,1087.9,2147315.279
1653201900000,2022-05-22T06:45:00+00:00,1974.23,1974.3,1971.44,1973.38,540.79,1066735.0258
1653202800000,2022-05-22T07:00:00+00:00,1973.38,1973.54,1968.89,1970.13,823.14,1622478.1731
1653203700000,2022-05-22T07:15:00+00:00,1970.13,1972.9,1970,1970.4,1030.83,2032687.1881
1653204600000,2022-05-22T07:30:00+00:00,1970.4,1972.89,1969.3,1971.33,376.36,741866.6494
1653205500000,2022-05-22T07:45:00+00:00,1971.33,1975.79,1971.13,1974.37,1385.24,2735223.4135
1653206400000,2022-05-22T08:00:00+00:00,1974.37,1974.89,1972,1972.05,915.97,1807154.5409
1653207300000,2022-05-22T08:15:00+00:00,1972.05,1975.69,1971.94,1975.54,973.54,1922080.2079
1653208200000,2022-05-22T08:30:00+00:00,1975.54,1979.69,1975.02,1977.94,3431.45,6787594.2517
1653209100000,2022-05-22T08:45:00+00:00,1977.94,1984.63,1977.94,1982.82,3599.25,7132815.7839
1653210000000,2022-05-22T09:00:00+00:00,1982.82,1988.82,1982.82,1988.5,2390.88,4748173.8479
1653210900000,2022-05-22T09:15:00+00:00,1988.5,1994.71,1986.3,1989.19,4869.1,9689196.0782
1653211800000,2022-05-22T09:30:00+00:00,1989.19,2020.92,1988.66,2020.26,12035.5,24181729.7666
1653212700000,2022-05-22T09:45:00+00:00,2020.26,2033.96,2013.71,2026.94,5476.44,11072485.083
1653213600000,2022-05-22T10:00:00+00:00,2026.94,2036.02,2024.51,2028.68,6713.52,13625597.5493
1653214500000,2022-05-22T10:15:00+00:00,2028.68,2034.96,2026.26,2031.61,1919.88,3899231.0198
1653215400000,2022-05-22T10:30:00+00:00,2031.61,2035.85,2028.25,2031.73,1272.56,2585889.5366
1653216300000,2022-05-22T10:45:00+00:00,2031.73,2037.09,2027.78,2027.99,2501.74,5087709.3413
1653217200000,2022-05-22T11:00:00+00:00,2027.99,2033.18,2027.22,2033.13,1047.35,2127042.2409
1653218100000,2022-05-22T11:15:00+00:00,2033.13,2035.23,2021.96,2023.55,1505.29,3052372.0537
1653219000000,2022-05-22T11:30:00+00:00,2023.55,2023.55,2011.85,2021.42,3542.15,7146313.9276
1653219900000,2022-05-22T11:45:00+00:00,2021.42,2021.5,2014.56,2017.43,1575.54,3179194.9308
1653220800000,2022-05-22T12:00:00+00:00,2017.43,2027.8,2017.25,2024.52,1886.54,3819445.3837
1653221700000,2022-05-22T12:15:00+00:00,2024.52,2032.27,2023.27,2028.19,2357.04,4782205.078
1653222600000,2022-05-22T12:30:00+00:00,2028.19,2032.42,2023.15,2026.61,3324.38,6742354.7555
1653223500000,2022-05-22T12:45:00+00:00,2026.61,2031.41,2025.08,2027.56,875.2,1775787.9305
1653224400000,2022-05-22T13:00:00+00:00,2027.56,2027.91,2022.77,2024.08,921,1865471.3882
1653225300000,2022-05-22T13:15:00+00:00,2024.08,2026.01,2020,2023.48,781.21,1580483.6018
1653226200000,2022-05-22T13:30:00+00:00,2023.48,2025.53,2020.1,2022.54,1601.99,3239376.9975
1653227100000,2022-05-22T13:45:00+00:00,2022.54,2023.22,2017.51,2022.24,919.66,1857629.8523
1653228000000,2022-05-22T14:00:00+00:00,2022.24,2027.75,2017.45,2020.3,2987.44,6046637.2544
1653228900000,2022-05-22T14:15:00+00:00,2020.3,2023.99,2018.1,2022.97,684.82,1384066.9979
1653229800000,2022-05-22T14:30:00+00:00,2022.97,2025.71,2017.55,2020.73,652.94,1319923.0411
1653230700000,2022-05-22T14:45:00+00:00,2020.73,2021.96,2015.46,2017.61,3157.89,6373236.6165
1653231600000,2022-05-22T15:00:00+00:00,2017.61,2018.82,2008.22,2009.94,1628.74,3278785.1945
1653232500000,2022-05-22T15:15:00+00:00,2009.89,2011.42,1990.29,1993.07,6253.06,12510430.4657
1653233400000,2022-05-22T15:30:00+00:00,1993.07,1998.08,1991.32,1996.33,3045.15,6075883.6858
1653234300000,2022-05-22T15:45:00+00:00,1996.33,2010.13,1996.22,2003.71,2835.98,5681424.1146
1653235200000,2022-05-22T16:00:00+00:00,2003.71,2007.22,1991.6,1994.29,4219.28,8428829.0053
1653236100000,2022-05-22T16:15:00+00:00,1994.29,2003.65,1994.29,2003.1,2380.63,4763095.5245
1653237000000,2022-05-22T16:30:00+00:00,2003.1,2007.85,2002.82,2006.74,3158.12,6335921.1614
1653237900000,2022-05-22T16:45:00+00:00,2006.74,2011.26,2005.27,2008.44,1623.89,3261489.6508
1653238800000,2022-05-22T17:00:00+00:00,2008.44,2017.53,2006.21,2012.78,2732.04,5497828.9936
1653239700000,2022-05-22T17:15:00+00:00,2012.78,2022.1,2010.01,2018.37,2545.03,5132114.0045
1653240600000,2022-05-22T17:30:00+00:00,2018.37,2018.97,2011.34,2012.51,1470.82,2962689.4992
1653241500000,2022-05-22T17:45:00+00:00,2012.51,2012.66,2004.43,2006.15,1694.88,3403434.1387
1653242400000,2022-05-22T18:00:00+00:00,2006.15,2007.57,2002.15,2005.13,1297.19,2601262.8218
1653243300000,2022-05-22T18:15:00+00:00,2005.13,2012.32,2001.68,2011.76,473.38,949838.1604
1653244200000,2022-05-22T18:30:00+00:00,2011.76,2015.67,2009.34,2013.05,938.42,1888507.9086
1653245100000,2022-05-22T18:45:00+00:00,2013.05,2014.39,2010.53,2012.76,633.96,1276067.5586
1653246000000,2022-05-22T19:00:00+00:00,2012.76,2017,2011.7,2013.61,599.73,1207521.9383
1653246900000,2022-05-22T19:15:00+00:00,2013.61,2015,2008.04,2008.84,762.56,1532585.3999
1653247800000,2022-05-22T19:30:00+00:00,2008.84,2011.68,2008.16,2010.89,140.63,282646.2178
1653248700000,2022-05-22T19:45:00+00:00,2010.89,2012.74,2005.39,2006.7,561.55,1127640.0342
1653249600000,2022-05-22T20:00:00+00:00,2006.7,2010.66,2005.78,2009.63,287.95,578237.2515
1653250500000,2022-05-22T20:15:00+00:00,2009.63,2016.18,2009.63,2016.17,218.56,439989.327
1653251400000,2022-05-22T20:30:00+00:00,2016.17,2017.86,2014.01,2014.34,443.23,893209.5331
1653252300000,2022-05-22T20:45:00+00:00,2014.34,2015.4,2006.84,2007.59,388.18,780054.0137
1653253200000,2022-05-22T21:00:00+00:00,2007.59,2011.05,2005.4,2010.95,1567.76,3150460.4603
1653254100000,2022-05-22T21:15:00+00:00,2010.95,2015.24,2010.15,2010.21,3179.98,6398782.2703
1653255000000,2022-05-22T21:30:00+00:00,2010.21,2017.12,2010.19,2016.48,5906.95,11893564.6454
1653255900000,2022-05-22T21:45:00+00:00,2016.48,2019.62,2012.4,2016.48,2343.31,4728229.2797
1653256800000,2022-05-22T22:00:00+00:00,2016.48,2034.37,2016.47,2034.33,3722.96,7554065.3281
1653257700000,2022-05-22T22:15:00+00:00,2034.33,2049.53,2027.3,2037.93,4282.6,8741225.8247
1653258600000,2022-05-22T22:30:00+00:00,2037.93,2046.76,2037.93,2039.91,3407.78,6955286.4942
1653259500000,2022-05-22T22:45:00+00:00,2039.91,2044.56,2033.03,2035.3,1319.85,2691077.7905
1653260400000,2022-05-22T23:00:00+00:00,2035.3,2047.8,2035.3,2046.43,1309.8,2678096.7268
1653261300000,2022-05-22T23:15:00+00:00,2046.43,2056.9,2042.75,2050.01,4506,9239329.4673
1653262200000,2022-05-22T23:30:00+00:00,2050.01,2051.61,2046.14,2047.54,1585.91,3249688.1824
1653263100000,2022-05-22T23:45:00+00:00,2047.54,2049.3,2041.67,2042.86,1895.26,3874945.345
1653264000000,2022-05-23T00:00:00+00:00,2042.86,2051.34,2037.06,2050.45,6315.72,12923829.7251
1653264900000,2022-05-23T00:15:00+00:00,2050.45,2057.73,2038.4,2038.58,4577.95,9373623.9721
1653265800000,2022-05-23T00:30:00+00:00,2038.58,2043.99,2037.78,2042.36,1014.24,2068868.3799
1653266700000,2022-05-23T00:45:00+00:00,2042.36,2044.88,2040.32,2042.69,1798.33,3674528.8284
1653267600000,2022-05-23T01:00:00+00:00,2042.69,2042.71,2031.35,2033.75,2848.1,5797596.0826
1653268500000,2022-05-23T01:15:00+00:00,2033.75,2037.21,2030.36,2037.05,1961.75,3989181.9797
1653269400000,2022-05-23T01:30:00+00:00,2037.05,2037.39,2030.67,2033.53,924.51,1881237.7271
1653270300000,2022-05-23T01:45:00+00:00,2033.53,2036.41,2032.62,2034,973.52,1980666.1558
1653271200000,2022-05-23T02:00:00+00:00,2034,2034.35,2022.16,2023.9,2486.67,5042557.1781
1653272100000,2022-05-23T02:15:00+00:00,2023.9,2028.45,2022.78,2024.35,1173.19,2376653.1325
1653273000000,2022-05-23T02:30:00+00:00,2024.35,2027.15,2019,2025.63,1580.92,3199066.0182
1653273900000,2022-05-23T02:45:00+00:00,2025.63,2029.19,2025.36,2028.11,782.18,1585763.2823
1653274800000,2022-05-23T03:00:00+00:00,2028.11,2034.81,2028.11,2031.07,1622.66,3297347.2915
1653275700000,2022-05-23T03:15:00+00:00,2031.07,2033.76,2027.75,2028.6,1104.8,2242610.5944
1653276600000,2022-05-23T03:30:00+00:00,2028.6,2031.39,2026.66,2029.49,1043.12,2116202.0803
1653277500000,2022-05-23T03:45:00+00:00,2029.49,2031.83,2027.62,2030.86,469.99,954158.9838
1653278400000,2022-05-23T04:00:00+00:00,2030.86,2037.91,2029.67,2034.62,1995.53,4060053.3351
1653279300000,2022-05-23T04:15:00+00:00,2034.62,2037.47,2034.04,2034.56,930.88,1894763.2531
1653280200000,2022-05-23T04:30:00+00:00,2034.56,2036.54,2028.95,2030.75,1776.09,3608629.3573
1653281100000,2022-05-23T04:45:00+00:00,2030.75,2031.01,2026.53,2027.89,812.86,1649099.9798
1653282000000,2022-05-23T05:00:00+00:00,2027.89,2030.45,2026.5,2030.08,543.43,1102711.3349
1653282900000,2022-05-23T05:15:00+00:00,2030.08,2033.09,2028.82,2030.99,572.01,1162028.488
1653283800000,2022-05-23T05:30:00+00:00,2030.99,2033.19,2028.76,2031.31,785.83,1595545.3232
1653284700000,2022-05-23T05:45:00+00:00,2031.31,2044.06,2031.21,2043.05,5063.1,10328725.371
1653285600000,2022-05-23T06:00:00+00:00,2043.05,2050.47,2039.3,2046.69,7284.05,14902703.6219
1653286500000,2022-05-23T06:15:00+00:00,2046.69,2051.62,2045.11,2046.69,2441.34,5000643.0186
1653287400000,2022-05-23T06:30:00+00:00,2046.69,2060.92,2045.29,2058.78,7317.94,15041721.097
1653288300000,2022-05-23T06:45:00+00:00,2058.95,2059.2,2055.08,2057.18,2155.76,4434221.3235
1653289200000,2022-05-23T07:00:00+00:00,2057.18,2058.75,2049.48,2053.42,1936.3,3974228.6243
1653290100000,2022-05-23T07:15:00+00:00,2053.42,2077.59,2052.51,2072.85,12264.62,25384901.8817
1653291000000,2022-05-23T07:30:00+00:00,2072.85,2081.18,2069.19,2069.75,4536.34,9407977.5609
1653291900000,2022-05-23T07:45:00+00:00,2069.75,2069.75,2064.52,2066.1,3146.24,6502467.3139
1653292800000,2022-05-23T08:00:00+00:00,2066.1,2074.12,2064.01,2064.74,2651.13,5486267.9133
1653293700000,2022-05-23T08:15:00+00:00,2064.74,2064.87,2058.17,2064.11,3725.74,7679257.1764
1653294600000,2022-05-23T08:30:00+00:00,2064.11,2064.99,2054.11,2055.06,2898.9,5965764.6292
1653295500000,2022-05-23T08:45:00+00:00,2055.06,2057.82,2051.39,2054.86,1532.3,3149288.7561
1653296400000,2022-05-23T09:00:00+00:00,2054.86,2056.69,2052.17,2055.96,731.34,1502360.7708
1653297300000,2022-05-23T09:15:00+00:00,2055.96,2059.21,2052.37,2059.12,1177.82,2420008.8598
1653298200000,2022-05-23T09:30:00+00:00,2059.12,2068.83,2059.12,2063.91,2262.96,4671468.1715
1653299100000,2022-05-23T09:45:00+00:00,2063.91,2071.92,2061.97,2066.82,1431.85,2961651.1025
1653300000000,2022-05-23T10:00:00+00:00,2066.82,2075.99,2064.77,2075.74,2438.22,5045217.3036
1653300900000,2022-05-23T10:15:00+00:00,2075.74,2076.59,2067.09,2070.52,1834.57,3801436.7372
1653301800000,2022-05-23T10:30:00+00:00,2070.52,2072.41,2066.46,2072,490.57,1014786.5526
1653302700000,2022-05-23T10:45:00+00:00,2072,2073.81,2066.01,2073.14,1500.19,3105872.2709
1653303600000,2022-05-23T11:00:00+00:00,2073.14,2084.63,2071.74,2082.74,3647.63,7586659.4014
1653304500000,2022-05-23T11:15:00+00:00,2082.72,2084.23,2076.41,2077.99,1209.97,2516884.2644
1653305400000,2022-05-23T11:30:00+00:00,2077.99,2079.62,2068.8,2075.46,1446.43,2998566.4291
1653306300000,2022-05-23T11:45:00+00:00,2075.46,2075.46,2064.91,2068.37,2312.49,4783578.5746
1653307200000,2022-05-23T12:00:00+00:00,2068.37,2079.17,2066.62,2077.96,2333.57,4841117.1457
1653308100000,2022-05-23T12:15:00+00:00,2077.96,2088.57,2070.86,2073.51,4216.27,8775603.1403
1653309000000,2022-05-23T12:30:00+00:00,2073.51,2074.72,2065.18,2068.08,1904.34,3940459.9693
1653309900000,2022-05-23T12:45:00+00:00,2068.08,2072.12,2062.84,2065.35,1855.87,3838497.9523
1653310800000,2022-05-23T13:00:00+00:00,2065.35,2072.13,2056.38,2071.71,2947.54,6080002.6758
1653311700000,2022-05-23T13:15:00+00:00,2071.71,2075,2065.96,2067.09,2776.33,5750321.6296
1653312600000,2022-05-23T13:30:00+00:00,2067.09,2078.32,2043.8,2065.44,9936.24,20492034.3275
1653313500000,2022-05-23T13:45:00+00:00,2065.44,2077.02,2057.01,2057.01,6050.01,12523411.1709
1653314400000,2022-05-23T14:00:00+00:00,2057.01,2057.01,2035.13,2045.63,7755.89,15854234.359
1653315300000,2022-05-23T14:15:00+00:00,2045.63,2057.02,2045.12,2055.24,2393.82,4912293.2626
1653316200000,2022-05-23T14:30:00+00:00,2055.24,2066,2053.03,2060.03,3329.77,6861837.0051
1653317100000,2022-05-23T14:45:00+00:00,2060.03,2065.95,2052.73,2057.67,1480.02,3046212.0222
1653318000000,2022-05-23T15:00:00+00:00,2057.67,2071.16,2055.59,2070.91,2615.67,5400477.529
1653318900000,2022-05-23T15:15:00+00:00,2070.91,2073.94,2067.33,2072.06,1776.68,3680252.1712
1653319800000,2022-05-23T15:30:00+00:00,2072.06,2075.56,2069.79,2070.71,1927.23,3994387.627
1653320700000,2022-05-23T15:45:00+00:00,2070.71,2074.38,2063.47,2065.34,2014,4162386.6986
1653321600000,2022-05-23T16:00:00+00:00,2065.34,2077.02,2064.6,2072.6,2995.45,6211135.2019
1653322500000,2022-05-23T16:15:00+00:00,2072.6,2079.03,2069.52,2071.27,1275.99,2647821.1157
1653323400000,2022-05-23T16:30:00+00:00,2071.27,2071.62,2062.53,2066.29,1966.61,4063456.3466
1653324300000,2022-05-23T16:45:00+00:00,2066.29,2067.32,2051.77,2058.04,2601.03,5351531.26
1653325200000,2022-05-23T17:00:00+00:00,2058.04,2059.28,2047.22,2049.88,3998.32,8199311.5849
1653326100000,2022-05-23T17:15:00+00:00,2049.88,2050.41,2044.68,2050.01,961.2,1968682.3484
1653327000000,2022-05-23T17:30:00+00:00,2050.01,2054.8,2045.62,2051.87,1647.98,3380047.2973
1653327900000,2022-05-23T17:45:00+00:00,2051.87,2059,2047.76,2049.91,1379.99,2833887.8267
1653328800000,2022-05-23T18:00:00+00:00,2049.91,2058.7,2045.73,2055.39,969.83,1991657.5562
1653329700000,2022-05-23T18:15:00+00:00,2055.39,2055.59,2047.43,2049.73,704.16,1443549.0558
1653330600000,2022-05-23T18:30:00+00:00,2049.73,2055.25,2048.29,2055.21,1270.78,2608992.7183
1653331500000,2022-05-23T18:45:00+00:00,2055.21,2057.32,2026.6,2030.51,6795.38,13864803.6126
1653332400000,2022-05-23T19:00:00+00:00,2030.51,2031.18,2014.13,2015.21,9085.95,18376552.8091
1653333300000,2022-05-23T19:15:00+00:00,2015.21,2015.21,1988.73,1993.26,7891.72,15787071.0176
1653334200000,2022-05-23T19:30:00+00:00,1993.26,1999.27,1983.06,1989.31,3694.26,7358865.3385
1653335100000,2022-05-23T19:45:00+00:00,1989.31,1993.03,1976.75,1978.58,3615.2,7172692.5111
1653336000000,2022-05-23T20:00:00+00:00,1978.58,1993,1975.51,1987.49,4037.47,8015528.2989
1653336900000,2022-05-23T20:15:00+00:00,1987.49,1998.32,1986.21,1992.63,2595.33,5178453.4167
1653337800000,2022-05-23T20:30:00+00:00,1992.63,1999.99,1991.73,1998.44,2225.37,4442772.331
1653338700000,2022-05-23T20:45:00+00:00,1998.44,2001.98,1994.36,1998.31,2299.4,4595055.9602
1653339600000,2022-05-23T21:00:00+00:00,1998.31,2000.99,1994.21,1997.4,3675.27,7345030.0404
1653340500000,2022-05-23T21:15:00+00:00,1997.4,1999.33,1995,1999.15,5415.17,10814300.2893
1653341400000,2022-05-23T21:30:00+00:00,1999.15,2003.2,1996.99,2001.65,6324.08,12648858.1944
1653342300000,2022-05-23T21:45:00+00:00,2001.65,2002.41,1991.35,1992.5,1872.22,3740298.2318
1653343200000,2022-05-23T22:00:00+00:00,1992.5,1992.5,1976.38,1983.14,3101.12,6144397.2382
1653344100000,2022-05-23T22:15:00+00:00,1983.14,1985.39,1965.32,1968.2,5840.89,11521618.4484
1653345000000,2022-05-23T22:30:00+00:00,1968.2,1975,1956.48,1971.75,4849.21,9531637.7671
1653345900000,2022-05-23T22:45:00+00:00,1971.75,1978.86,1971.11,1976.37,1379.13,2722795.3399
1653346800000,2022-05-23T23:00:00+00:00,1976.37,1976.37,1966.01,1966.33,2401.45,4731721.6513
1653347700000,2022-05-23T23:15:00+00:00,1966.33,1972.5,1955.03,1967.42,7601.88,14933790.1376
1653348600000,2022-05-23T23:30:00+00:00,1967.42,1974.66,1966.53,1972.55,1573.34,3103048.5009
1653349500000,2022-05-23T23:45:00+00:00,1972.55,1976.33,1970.26,1971.5,2819.35,5564242.0091
1653350400000,2022-05-24T00:00:00+00:00,1971.5,1980.68,1967.36,1979.93,4792.42,9461766.8577
1653351300000,2022-05-24T00:15:00+00:00,1979.93,1985.41,1977.8,1984.3,1832.58,3629721.7868
1653352200000,2022-05-24T00:30:00+00:00,1984.3,1986.14,1980.17,1981.94,1582.88,3140606.7899
1653353100000,2022-05-24T00:45:00+00:00,1981.94,1985.05,1978.53,1979.21,2420.84,4796175.4678
1653354000000,2022-05-24T01:00:00+00:00,1979.21,1984,1977.76,1981.16,4257.28,8430118.4062
1653354900000,2022-05-24T01:15:00+00:00,1981.16,1981.4,1975.82,1976.19,2470.96,4886667.333
1653355800000,2022-05-24T01:30:00+00:00,1976.19,1979.66,1973.47,1976.74,3585.72,7087012.9602
1653356700000,2022-05-24T01:45:00+00:00,1976.74,1986.82,1976.71,1984.7,5243.94,10395633.9062
1653357600000,2022-05-24T02:00:00+00:00,1984.7,1986.09,1981.66,1982.87,1864.72,3698116.1599
1653358500000,2022-05-24T02:15:00+00:00,1982.87,1988.76,1981.06,1981.6,2625.07,5212657.1334
1653359400000,2022-05-24T02:30:00+00:00,1981.6,1983.03,1980.16,1981.33,1794.05,3554260.2329
1653360300000,2022-05-24T02:45:00+00:00,1981.33,1986.14,1980.22,1983.51,3339.97,6628585.8731
1653361200000,2022-05-24T03:00:00+00:00,1983.51,1987.25,1981.43,1986.65,2503.7,4971301.8157
1653362100000,2022-05-24T03:15:00+00:00,1986.65,1988.77,1984.21,1984.31,2423.72,4815258.7267
1653363000000,2022-05-24T03:30:00+00:00,1984.31,1987.18,1984,1987.17,1659.56,3296121.4589
1653363900000,2022-05-24T03:45:00+00:00,1987.17,1988.48,1984.71,1986.13,5127.28,10185238.0143
1653364800000,2022-05-24T04:00:00+00:00,1986.13,1986.35,1980.85,1982.42,4349.68,8625844.1774
1653365700000,2022-05-24T04:15:00+00:00,1982.42,1988.92,1981.81,1986.98,6059.38,12037140.3203
1653366600000,2022-05-24T04:30:00+00:00,1986.98,1992.45,1984.9,1990.13,4456.85,8863664.0053
1653367500000,2022-05-24T04:45:00+00:00,1990.13,1991.45,1984.97,1985.8,5020.24,9977873.1311
1653368400000,2022-05-24T05:00:00+00:00,1985.8,1987.36,1983,1985,1537.59,3052260.9721
1653369300000,2022-05-24T05:15:00+00:00,1985.18,1987.56,1984.09,1985.52,921.73,1830856.291
1653370200000,2022-05-24T05:30:00+00:00,1985.52,1987.63,1978.45,1979,4930.25,9770976.3847
1653371100000,2022-05-24T05:45:00+00:00,1979,1982.09,1978.45,1980.76,2385.12,4722818.9194
1653372000000,2022-05-24T06:00:00+00:00,1980.76,1985.9,1980.31,1982.61,3515.02,6975181.7267
1653372900000,2022-05-24T06:15:00+00:00,1982.61,1985.76,1982.53,1982.69,1999.75,3968207.4271
1653373800000,2022-05-24T06:30:00+00:00,1982.69,1983.78,1976.1,1976.15,5588.75,11053892.5668
1653374700000,2022-05-24T06:45:00+00:00,1976.15,1979.41,1972.37,1978.87,3230.28,6381028.727
1653375600000,2022-05-24T07:00:00+00:00,1978.87,1984.44,1973.49,1982.5,3227.3,6390531.8465
1653376500000,2022-05-24T07:15:00+00:00,1982.5,1985,1980.86,1983.31,1982.87,3931804.5852
1653377400000,2022-05-24T07:30:00+00:00,1983.31,1985.59,1979.42,1981.15,2433.06,4824180.6127
1653378300000,2022-05-24T07:45:00+00:00,1981.15,1984.35,1979.79,1983.64,1886.82,3740613.0661
1653379200000,2022-05-24T08:00:00+00:00,1983.64,1983.86,1978.98,1982.4,4367.3,8647995.5562
1653380100000,2022-05-24T08:15:00+00:00,1982.4,1982.4,1977,1978.25,2573.86,5093016.542
1653381000000,2022-05-24T08:30:00+00:00,1978.25,1978.27,1971.2,1972.35,4867.86,9610195.0079
1653381900000,2022-05-24T08:45:00+00:00,1972.35,1973.89,1959.64,1961.6,3956.02,7777687.4969
1653382800000,2022-05-24T09:00:00+00:00,1961.6,1965.91,1950,1964.2,6241.92,12225084.7589
1653383700000,2022-05-24T09:15:00+00:00,1964.19,1974.11,1964.19,1967.17,5085.79,10021547.2928
1653384600000,2022-05-24T09:30:00+00:00,1967.17,1969.84,1964.7,1965.05,1795.81,3534634.9724
1653385500000,2022-05-24T09:45:00+00:00,1965.05,1971.19,1958.75,1971.12,2734.63,5369645.5054
1653386400000,2022-05-24T10:00:00+00:00,1971.12,1972.91,1967.75,1968.06,1813.17,3571968.9006
1653387300000,2022-05-24T10:15:00+00:00,1968.06,1973.31,1967.1,1970.56,681.78,1343939.2023
1653388200000,2022-05-24T10:30:00+00:00,1970.56,1973.01,1966.58,1971.8,2131.66,4202268.7168
1653389100000,2022-05-24T10:45:00+00:00,1971.8,1975.61,1968.81,1974.91,1348.05,2659461.1018
1653390000000,2022-05-24T11:00:00+00:00,1974.91,1977.77,1973.51,1976.62,976.22,1928720.4247
1653390900000,2022-05-24T11:15:00+00:00,1976.62,1982.87,1970,1970.02,4416.72,8733417.449
1653391800000,2022-05-24T11:30:00+00:00,1970.02,1972.17,1966.62,1966.7,1412.9,2781556.4274
1653392700000,2022-05-24T11:45:00+00:00,1966.7,1966.91,1960.07,1964.39,1979.14,3885675.1567
1653393600000,2022-05-24T12:00:00+00:00,1964.39,1968.48,1959.05,1959.05,3888.75,7638842.9586
1653394500000,2022-05-24T12:15:00+00:00,1959.05,1961.99,1952.7,1957.51,3858.29,7550724.1504
1653395400000,2022-05-24T12:30:00+00:00,1957.51,1966.71,1956.61,1965,3091.66,6069943.0552
1653396300000,2022-05-24T12:45:00+00:00,1965,1967.58,1963.33,1964.87,1092.34,2147227.957
1653397200000,2022-05-24T13:00:00+00:00,1964.87,1965.91,1959.64,1963.92,1133.42,2224678.2106
1653398100000,2022-05-24T13:15:00+00:00,1963.92,1967.31,1955.3,1955.3,2018.91,3960146.7773
1653399000000,2022-05-24T13:30:00+00:00,1955.3,1965.86,1951.09,1953.25,7535.91,14750545.2906
1653399900000,2022-05-24T13:45:00+00:00,1953.25,1959.31,1925.02,1929.84,18895.5,36627907.1825
1653400800000,2022-05-24T14:00:00+00:00,1929.84,1933.42,1910.68,1918.41,11896.63,22854556.6839
1653401700000,2022-05-24T14:15:00+00:00,1918.41,1927.37,1915.44,1926.97,6900.98,13266307.6459
1653402600000,2022-05-24T14:30:00+00:00,1926.97,1940.38,1924.29,1930.87,7934.87,15331804.3358
1653403500000,2022-05-24T14:45:00+00:00,1930.87,1935.42,1923.71,1935.42,4017.23,7750379.5025
1653404400000,2022-05-24T15:00:00+00:00,1935.42,1938.44,1931.8,1932.96,3808.98,7369312.0638
1653405300000,2022-05-24T15:15:00+00:00,1932.96,1939.98,1928.43,1938.79,2819.56,5451886.1384
1653406200000,2022-05-24T15:30:00+00:00,1938.79,1949,1936.74,1948.23,4178.39,8112791.8286
1653407100000,2022-05-24T15:45:00+00:00,1948.23,1973.5,1948.13,1961.18,9931.1,19479108.8433
1653408000000,2022-05-24T16:00:00+00:00,1961.18,1971.16,1957.14,1969.83,5944.56,11681499.0368
1653408900000,2022-05-24T16:15:00+00:00,1969.83,1975.8,1960.25,1961.11,3085.74,6074226.0769
1653409800000,2022-05-24T16:30:00+00:00,1961.11,1963.2,1952.07,1956.81,4709.68,9215961.2756
1653410700000,2022-05-24T16:45:00+00:00,1956.81,1960.39,1949.38,1957.26,2160.5,4223938.5993
1653411600000,2022-05-24T17:00:00+00:00,1957.26,1957.47,1945.41,1947.76,1183.87,2307778.8875
1653412500000,2022-05-24T17:15:00+00:00,1947.76,1949.95,1933.65,1940.51,2650.11,5143119.5063
1653413400000,2022-05-24T17:30:00+00:00,1940.51,1951.57,1937.43,1948.43,2562.31,4977467.1671
1653414300000,2022-05-24T17:45:00+00:00,1948.43,1960.48,1947.5,1957.05,2392.69,4670339.1684
1653415200000,2022-05-24T18:00:00+00:00,1957.05,1972.28,1955.42,1964.03,1598.57,3138350.2505
1653416100000,2022-05-24T18:15:00+00:00,1964.03,1966.26,1956.27,1960.15,1858.5,3646567.3972
1653417000000,2022-05-24T18:30:00+00:00,1960.15,1968.43,1950.67,1951.67,1754.36,3437427.1222
1653417900000,2022-05-24T18:45:00+00:00,1951.67,1953.63,1938.98,1943.66,1949.92,3793446.2978
1653418800000,2022-05-24T19:00:00+00:00,1943.66,1951.53,1942.02,1947.66,978.58,1905190.3378
1653419700000,2022-05-24T19:15:00+00:00,1947.66,1962.02,1944.01,1958.09,918.88,1795323.8177
1653420600000,2022-05-24T19:30:00+00:00,1958.09,1968.89,1956.41,1963.5,2354.99,4620993.3654
1653421500000,2022-05-24T19:45:00+00:00,1963.5,1967.63,1959.03,1961.08,1602.23,3144755.9511
1653422400000,2022-05-24T20:00:00+00:00,1961.08,1964.25,1957.25,1959.87,1390.27,2725139.743
1653423300000,2022-05-24T20:15:00+00:00,1959.87,1961.04,1950.78,1957.84,2122.5,4152860.1401
1653424200000,2022-05-24T20:30:00+00:00,1957.84,1961.81,1955.57,1961.48,510.11,999629.1068
1653425100000,2022-05-24T20:45:00+00:00,1961.48,1971.78,1961.48,1969.25,1469.05,2889304.7129
1653426000000,2022-05-24T21:00:00+00:00,1969.25,1978.52,1968.08,1976.38,3087.8,6092060.7099
1653426900000,2022-05-24T21:15:00+00:00,1976.38,1976.42,1970.93,1973.04,5303.07,10460975.655
1653427800000,2022-05-24T21:30:00+00:00,1973.04,1974.18,1969.01,1972.37,5150.04,10152708.0531
1653428700000,2022-05-24T21:45:00+00:00,1972.37,1985.92,1970.93,1982.55,5861.07,11592006.3801
1653429600000,2022-05-24T22:00:00+00:00,1982.55,1986.68,1980.69,1985.2,3874.85,7687196.6994
1653430500000,2022-05-24T22:15:00+00:00,1985.2,1986.94,1980.29,1981.35,2052.74,4073321.7118
1653431400000,2022-05-24T22:30:00+00:00,1981.35,1981.37,1977.81,1979.91,1354.91,2682147.9215
1653432300000,2022-05-24T22:45:00+00:00,1979.91,1982.45,1978.03,1981.54,2100.96,4161990.7626
1653433200000,2022-05-24T23:00:00+00:00,1981.54,1990.58,1978.31,1986.4,6111.68,12131935.2635
1653434100000,2022-05-24T23:15:00+00:00,1986.4,1990.11,1977.23,1978.3,5675.82,11257315.2275
1653435000000,2022-05-24T23:30:00+00:00,1978.3,1980.45,1974.71,1975.52,2322.11,4588772.6256
1653435900000,2022-05-24T23:45:00+00:00,1975.52,1980.6,1975.27,1978.21,2063.24,4081021.5417
1653436800000,2022-05-25T00:00:00+00:00,1978.21,1985.46,1972.5,1973.06,3377.51,6680317.1721
1653437700000,2022-05-25T00:15:00+00:00,1973.06,1977.26,1971.59,1975.4,1849.54,3651480.3356
1653438600000,2022-05-25T00:30:00+00:00,1975.4,1977.44,1972.79,1977.39,1474.18,2913335.4336
1653439500000,2022-05-25T00:45:00+00:00,1977.39,1978.32,1973.01,1973.93,2628.11,5190726.3616
1653440400000,2022-05-25T01:00:00+00:00,1973.93,1977.7,1969.81,1977.43,2219.16,4382521.2296
1653441300000,2022-05-25T01:15:00+00:00,1977.43,1979.69,1968.89,1969.81,4808.37,9488443.7388
1653442200000,2022-05-25T01:30:00+00:00,1969.81,1975.78,1969.81,1973.94,1514.91,2991444.651
1653443100000,2022-05-25T01:45:00+00:00,1973.94,1987.14,1972.91,1985.92,4631.56,9179745.5513
1653444000000,2022-05-25T02:00:00+00:00,1985.92,1992.49,1979.59,1982.78,7412.53,14721859.1247
1653444900000,2022-05-25T02:15:00+00:00,1982.78,2004.94,1982.44,1999.54,7933.73,15823708.3224
1653445800000,2022-05-25T02:30:00+00:00,1999.54,2016,1998.55,2012.44,6416.86,12891237.9448
1653446700000,2022-05-25T02:45:00+00:00,2012.44,2019.97,2010.02,2014.79,4314.49,8691991.3427
1653447600000,2022-05-25T03:00:00+00:00,2014.79,2019.44,2014.79,2016.69,4352.67,8780167.5079
1653448500000,2022-05-25T03:15:00+00:00,2016.69,2016.69,2010.66,2012.71,5791.68,11656633.8496
1653449400000,2022-05-25T03:30:00+00:00,2012.71,2022.36,2008.51,2018.96,5943,11964056.628
1653450300000,2022-05-25T03:45:00+00:00,2018.96,2019.57,2012.19,2013.93,2352.64,4740962.4102
1653451200000,2022-05-25T04:00:00+00:00,2013.93,2014.93,2007.08,2010.15,3754.96,7547685.1041
1653452100000,2022-05-25T04:15:00+00:00,2010.15,2012.2,2006.83,2008.19,1710.09,3434204.5281
1653453000000,2022-05-25T04:30:00+00:00,2008.19,2008.8,2004.04,2006.69,3599.31,7222603.0963
1653453900000,2022-05-25T04:45:00+00:00,2006.69,2006.69,2002.55,2005.76,2211.55,4431559.1378
1653454800000,2022-05-25T05:00:00+00:00,2005.76,2008.76,2003.41,2008.66,1093.66,2194404.4628
1653455700000,2022-05-25T05:15:00+00:00,2008.66,2011.7,2005.67,2006.59,4506.16,9052860.1094
1653456600000,2022-05-25T05:30:00+00:00,2006.59,2006.64,1991.33,1994.18,12131.23,24224243.3625
1653457500000,2022-05-25T05:45:00+00:00,1994.18,1996.08,1985.2,1987.05,7980.22,15874827.3928
1653458400000,2022-05-25T06:00:00+00:00,1987.05,1989.44,1978.19,1981.44,8784.88,17422039.9079
1653459300000,2022-05-25T06:15:00+00:00,1981.44,1981.65,1972.42,1977.02,11290.78,22313535.4503
1653460200000,2022-05-25T06:30:00+00:00,1977.02,1984.58,1974.69,1984.05,4242.53,8407212.9208
1653461100000,2022-05-25T06:45:00+00:00,1984.05,1987.35,1981.04,1984.39,2516.29,4997082.6522
1653462000000,2022-05-25T07:00:00+00:00,1984.39,1985.99,1978.25,1985.23,2473.13,4899925.4128
1653462900000,2022-05-25T07:15:00+00:00,1985.23,1986.6,1978.79,1978.85,5083.21,10077211.7851
1653463800000,2022-05-25T07:30:00+00:00,1978.85,1978.85,1973.54,1977.25,2497.7,4933571.7289
1653464700000,2022-05-25T07:45:00+00:00,1977.25,1981,1974.83,1976.15,3494.73,6915402.1431
1653465600000,2022-05-25T08:00:00+00:00,1976.15,1976.96,1960,1975.81,8090.49,15929126.0763
1653466500000,2022-05-25T08:15:00+00:00,1975.81,1976.86,1973.08,1974.47,2028.57,4006011.4783
1653467400000,2022-05-25T08:30:00+00:00,1974.47,1975.54,1967.35,1971.92,2298.07,4529263.9465
1653468300000,2022-05-25T08:45:00+00:00,1971.92,1981.32,1971.26,1975.68,2165.89,4284090.8229
1653469200000,2022-05-25T09:00:00+00:00,1975.68,1979.88,1966.64,1966.78,3096.75,6108245.8768
1653470100000,2022-05-25T09:15:00+00:00,1966.78,1970.35,1963.5,1965.79,1832.31,3604136.6354
1653471000000,2022-05-25T09:30:00+00:00,1965.79,1973.89,1964.92,1972.09,1213.09,2391108.7234
1653471900000,2022-05-25T09:45:00+00:00,1972.09,1977.96,1972.09,1974.21,1663.27,3284449.4737
1653472800000,2022-05-25T10:00:00+00:00,1974.13,1977.61,1969.37,1970.68,1194.23,2355706.6127
1653473700000,2022-05-25T10:15:00+00:00,1970.68,1971.1,1964.66,1970.25,2245.72,4417447.9239
1653474600000,2022-05-25T10:30:00+00:00,1970.25,1970.42,1963.76,1967.38,1016.1,1998085.1717
1653475500000,2022-05-25T10:45:00+00:00,1967.38,1967.93,1960.92,1962,1018.31,1999102.7033
1653476400000,2022-05-25T11:00:00+00:00,1962,1965.42,1951.16,1951.7,2524.92,4943028.0676
1653477300000,2022-05-25T11:15:00+00:00,1951.7,1958.63,1945.65,1947.68,2698.58,5265203.8998
1653478200000,2022-05-25T11:30:00+00:00,1947.68,1949.5,1940.78,1946.16,4154.51,8081131.8671
1653479100000,2022-05-25T11:45:00+00:00,1946.16,1947.12,1941.45,1942.76,2739.09,5324348.2733
1653480000000,2022-05-25T12:00:00+00:00,1942.76,1948.19,1932.38,1947.77,5270.96,10233730.5519
1653480900000,2022-05-25T12:15:00+00:00,1947.77,1949.12,1939.45,1939.47,2273.74,4423585.0632
1653481800000,2022-05-25T12:30:00+00:00,1939.47,1952.46,1936.8,1948.13,2426.67,4721187.0853
1653482700000,2022-05-25T12:45:00+00:00,1948.13,1957.71,1947.3,1956,2852.79,5573588.7378
1653483600000,2022-05-25T13:00:00+00:00,1956,1959.37,1954.82,1955.8,1297.26,2539310.0518
1653484500000,2022-05-25T13:15:00+00:00,1955.8,1958.3,1948.77,1949.07,1197.82,2341271.4626
1653485400000,2022-05-25T13:30:00+00:00,1949.07,1983.74,1949.07,1975.38,13285.32,26142235.232
1653486300000,2022-05-25T13:45:00+00:00,1975.38,1982.35,1960.2,1971.61,4386.65,8654591.8585
1653487200000,2022-05-25T14:00:00+00:00,1971.61,1980.49,1965.85,1980.48,2567.74,5063669.3842
1653488100000,2022-05-25T14:15:00+00:00,1980.48,1983,1976.01,1978.12,4150.46,8216622.1785
1653489000000,2022-05-25T14:30:00+00:00,1978.12,1979.88,1966.03,1967.27,3260.61,6431274.7926
1653489900000,2022-05-25T14:45:00+00:00,1967.27,1970.39,1960.83,1968.98,2055.96,4041372.4384
1653490800000,2022-05-25T15:00:00+00:00,1968.98,1972.88,1960.7,1972.42,2199.66,4327218.0129
1653491700000,2022-05-25T15:15:00+00:00,1972.42,1973.48,1965.72,1966.63,1638.22,3226253.3779
1653492600000,2022-05-25T15:30:00+00:00,1966.63,1968.85,1953.63,1960.66,2258.04,4422234.5851
1653493500000,2022-05-25T15:45:00+00:00,1960.66,1965.99,1958.71,1962.95,706.73,1386625.7373
1653494400000,2022-05-25T16:00:00+00:00,1962.95,1965.21,1951,1963.19,4036.16,7913149.8148
1653495300000,2022-05-25T16:15:00+00:00,1963.19,1965.34,1944.01,1949.36,7760.52,15130483.5158
1653496200000,2022-05-25T16:30:00+00:00,1949.36,1950.68,1942.56,1949.82,1636.79,3186906.5788
1653497100000,2022-05-25T16:45:00+00:00,1949.82,1953.68,1948.05,1952.97,5159.23,10066451.5552
1653498000000,2022-05-25T17:00:00+00:00,1952.97,1956.04,1951.74,1955.25,2865.5,5599578.0213
1653498900000,2022-05-25T17:15:00+00:00,1955.25,1958.36,1954.19,1957.6,2458.61,4813293.7841
1653499800000,2022-05-25T17:30:00+00:00,1957.6,1963.87,1956.24,1963.1,3416.11,6702761.9395
1653500700000,2022-05-25T17:45:00+00:00,1963.1,1964.68,1958.59,1960.89,1649.27,3234655.4806
1653501600000,2022-05-25T18:00:00+00:00,1960.89,1978.1,1945.46,1968.26,12997.38,25494992.0996
1653502500000,2022-05-25T18:15:00+00:00,1968.26,1977,1965.02,1974.64,2415.78,4763210.1563
1653503400000,2022-05-25T18:30:00+00:00,1974.64,1981.35,1968.02,1968.11,4511.54,8918278.5757
1653504300000,2022-05-25T18:45:00+00:00,1968.11,1975.21,1964.43,1973.99,721.16,1421535.713
1653505200000,2022-05-25T19:00:00+00:00,1973.99,1978.76,1971.19,1971.21,852.74,1683829.0162
1653506100000,2022-05-25T19:15:00+00:00,1971.21,1971.8,1963.37,1964.38,3076.85,6050010.8471
1653507000000,2022-05-25T19:30:00+00:00,1964.38,1966.11,1961.41,1964.76,237.35,466250.3698
1653507900000,2022-05-25T19:45:00+00:00,1964.76,1965.64,1947.53,1948.91,994.26,1945008.5849
1653508800000,2022-05-25T20:00:00+00:00,1948.91,1954.11,1947.34,1952.72,1444.08,2816333.646
1653509700000,2022-05-25T20:15:00+00:00,1952.72,1955.89,1949.6,1951.07,1704,3330479.2484
1653510600000,2022-05-25T20:30:00+00:00,1951.07,1956.25,1950.37,1954.37,1385.72,2708034.5979
1653511500000,2022-05-25T20:45:00+00:00,1954.37,1962.08,1954.19,1960,1934.67,3791811.0597
1653512400000,2022-05-25T21:00:00+00:00,1960,1960.69,1952.09,1953.3,3560.34,6961927.1589
1653513300000,2022-05-25T21:15:00+00:00,1953.3,1964.31,1952.36,1964.31,5506.41,10765272.7606
1653514200000,2022-05-25T21:30:00+00:00,1964.31,1968,1958.74,1962.83,8462.99,16603447.9957
1653515100000,2022-05-25T21:45:00+00:00,1962.83,1968.72,1960.92,1966.9,2922.97,5741234.2872
1653516000000,2022-05-25T22:00:00+00:00,1966.9,1971.1,1963.46,1964.2,1873.93,3685827.6586
1653516900000,2022-05-25T22:15:00+00:00,1964.2,1965.76,1959.32,1962,447.79,878961.2888
1653517800000,2022-05-25T22:30:00+00:00,1962,1966.94,1959.51,1963.88,892.91,1753870.7172
1653518700000,2022-05-25T22:45:00+00:00,1963.88,1964.59,1960.23,1964.23,2865.72,5622920.2284
1653519600000,2022-05-25T23:00:00+00:00,1964.23,1964.39,1955.29,1957.5,1962.47,3841517.0679
1653520500000,2022-05-25T23:15:00+00:00,1957.5,1958.49,1946.44,1951.71,6223.5,12142582.9495
1653521400000,2022-05-25T23:30:00+00:00,1951.71,1951.73,1940.74,1941.07,9028.61,17565963.9935
1653522300000,2022-05-25T23:45:00+00:00,1941.07,1943.32,1939.58,1941.27,4880.43,9472217.4934
1653523200000,2022-05-26T00:00:00+00:00,1941.27,1954.53,1939.54,1952.3,5702.72,11106466.7984
1653524100000,2022-05-26T00:15:00+00:00,1952.3,1960.61,1950.03,1960.55,7262.23,14212756.1789
1653525000000,2022-05-26T00:30:00+00:00,1960.55,1964.66,1958.51,1960.86,3047.69,5976498.529
1653525900000,2022-05-26T00:45:00+00:00,1960.86,1962.33,1955.63,1957.63,1374.3,2691225.5827
1653526800000,2022-05-26T01:00:00+00:00,1957.63,1958.93,1952.73,1953.23,2161.85,4225562.1122
1653527700000,2022-05-26T01:15:00+00:00,1953.23,1957.35,1950.08,1954.83,3151.7,6157195.6441
1653528600000,2022-05-26T01:30:00+00:00,1954.83,1955.43,1944.69,1946.86,2573.51,5012413.8131
1653529500000,2022-05-26T01:45:00+00:00,1946.86,1946.86,1942.01,1942.94,3144.12,6109702.7246
1653530400000,2022-05-26T02:00:00+00:00,1942.94,1950.46,1942.87,1946.68,1101.9,2146108.9969
1653531300000,2022-05-26T02:15:00+00:00,1946.68,1950.56,1946.17,1948.25,1399.86,2729119.0734
1653532200000,2022-05-26T02:30:00+00:00,1948.25,1954.14,1947.61,1950.91,4349.02,8483913.3683
1653533100000,2022-05-26T02:45:00+00:00,1950.91,1955.98,1950.8,1950.8,1958.15,3825185.2477
1653534000000,2022-05-26T03:00:00+00:00,1950.8,1952.03,1937.64,1938.35,3662.57,7118560.809
1653534900000,2022-05-26T03:15:00+00:00,1938.35,1941.32,1932,1936.68,6226.23,12057389.4819
1653535800000,2022-05-26T03:30:00+00:00,1936.68,1944.71,1935.51,1942.67,3935.49,7641048.94
1653536700000,2022-05-26T03:45:00+00:00,1942.67,1948.81,1941.01,1947.1,1662.78,3235168.6251
1653537600000,2022-05-26T04:00:00+00:00,1947.08,1949.24,1944.49,1947.39,2362.03,4597918.2995
1653538500000,2022-05-26T04:15:00+00:00,1947.39,1947.83,1940.43,1941.86,4356.21,8463506.3106
1653539400000,2022-05-26T04:30:00+00:00,1941.86,1944.97,1940.4,1941.66,1609.89,3126674.4853
1653540300000,2022-05-26T04:45:00+00:00,1941.66,1942.87,1934.46,1936.81,5222.51,10123972.7228
1653541200000,2022-05-26T05:00:00+00:00,1936.81,1944.52,1934.4,1941.17,8334.45,16169106.2521
1653542100000,2022-05-26T05:15:00+00:00,1941.17,1941.24,1927.08,1933.02,11386.66,22022657.3872
1653543000000,2022-05-26T05:30:00+00:00,1933.02,1934.42,1925,1928.52,7331.23,14134857.9141
1653543900000,2022-05-26T05:45:00+00:00,1928.52,1930.12,1920.26,1923.95,6111.4,11765211.0902
1653544800000,2022-05-26T06:00:00+00:00,1923.95,1927.91,1914.49,1915.17,8932.01,17154719.7913
1653545700000,2022-05-26T06:15:00+00:00,1915.17,1922.79,1907.35,1916.96,4918.32,9422346.8685
1653546600000,2022-05-26T06:30:00+00:00,1916.96,1921.61,1912.45,1920,3247.17,6225710.054
1653547500000,2022-05-26T06:45:00+00:00,1920,1922.13,1914.4,1921.69,1877.56,3601482.5804
1653548400000,2022-05-26T07:00:00+00:00,1921.69,1922.07,1912.66,1912.78,3691.37,7074627.1829
1653549300000,2022-05-26T07:15:00+00:00,1912.78,1920.67,1909.52,1920.66,5685.66,10889393.8678
1653550200000,2022-05-26T07:30:00+00:00,1920.66,1926.92,1919.77,1923.48,4577.81,8805332.1565
1653551100000,2022-05-26T07:45:00+00:00,1923.48,1927.12,1921.01,1925,3089.53,5945131.974
1653552000000,2022-05-26T08:00:00+00:00,1925,1925.99,1913.01,1913.2,4467.31,8569902.2892
1653552900000,2022-05-26T08:15:00+00:00,1913.21,1914.38,1837.81,1850.94,28025.69,52273964.0753
1653553800000,2022-05-26T08:30:00+00:00,1850.94,1856.32,1817.15,1831.83,25784.11,47338168.4679
1653554700000,2022-05-26T08:45:00+00:00,1831.8,1837.56,1814.04,1832.37,14231.05,25988531.2524
1653555600000,2022-05-26T09:00:00+00:00,1832.37,1832.37,1820,1828.38,6558.84,11975381.7585
1653556500000,2022-05-26T09:15:00+00:00,1828.38,1835.45,1827.43,1834.23,3493.71,6395623.6064
1653557400000,2022-05-26T09:30:00+00:00,1834.23,1848.47,1831,1848.47,5698.09,10485731.9836
1653558300000,2022-05-26T09:45:00+00:00,1848.47,1848.55,1829.69,1837,4108.86,7558397.3548
1653559200000,2022-05-26T10:00:00+00:00,1837,1842.85,1833.27,1841.91,2585.92,4755071.0375
1653560100000,2022-05-26T10:15:00+00:00,1841.91,1842.23,1835.6,1836.68,1524.53,2801341.7288
1653561000000,2022-05-26T10:30:00+00:00,1836.68,1840.93,1832.84,1832.95,2847.49,5228530.812
1653561900000,2022-05-26T10:45:00+00:00,1832.95,1837.25,1829.85,1829.85,1495.65,2741328.003
1653562800000,2022-05-26T11:00:00+00:00,1829.85,1832.75,1798.63,1820.96,15775.89,28607556.1923
1653563700000,2022-05-26T11:15:00+00:00,1820.96,1820.96,1796.76,1817.65,16219.31,29307539.7197
1653564600000,2022-05-26T11:30:00+00:00,1817.65,1819.94,1805.69,1813.56,8479.99,15395418.1995
1653565500000,2022-05-26T11:45:00+00:00,1813.56,1821.52,1810,1815.05,3844.51,6980339.3468
1653566400000,2022-05-26T12:00:00+00:00,1815.05,1830.67,1810,1828.84,6931.8,12606266.3116
1653567300000,2022-05-26T12:15:00+00:00,1828.84,1828.84,1814.5,1815.11,3439.03,6264955.3074
1653568200000,2022-05-26T12:30:00+00:00,1815.18,1816.5,1794.22,1805.86,11660.38,21054177.3895
1653569100000,2022-05-26T12:45:00+00:00,1805.86,1813.51,1799.46,1810.22,3512,6346170.683
1653570000000,2022-05-26T13:00:00+00:00,1810.3,1812.83,1761,1774.77,23651.28,42127841.0142
1653570900000,2022-05-26T13:15:00+00:00,1774.83,1775.47,1731.87,1765.05,31023.4,54364460.757
1653571800000,2022-05-26T13:30:00+00:00,1765.05,1791.79,1763.51,1790,12057.53,21493278.7375
1653572700000,2022-05-26T13:45:00+00:00,1790,1818.59,1785.25,1808.97,16095.52,29094527.2132
1653573600000,2022-05-26T14:00:00+00:00,1808.97,1845.55,1808.39,1835.18,16874.34,30801095.582
1653574500000,2022-05-26T14:15:00+00:00,1835.18,1857.19,1828,1842.73,11606.9,21400690.1332
1653575400000,2022-05-26T14:30:00+00:00,1842.73,1854.62,1837.5,1846.55,6155.21,11347038.2223
1653576300000,2022-05-26T14:45:00+00:00,1846.55,1854.72,1842.48,1851.75,5075.78,9385191.5688
1653577200000,2022-05-26T15:00:00+00:00,1851.75,1873.36,1849.07,1860.41,7465.31,13888256.6259
1653578100000,2022-05-26T15:15:00+00:00,1860.41,1865.2,1849.11,1849.72,3449.64,6404727.3929
1653579000000,2022-05-26T15:30:00+00:00,1849.72,1862.72,1846.88,1858.32,3269.78,6059590.4209
1653579900000,2022-05-26T15:45:00+00:00,1858.32,1865.84,1855,1860.67,2429.68,4520268.2854
1653580800000,2022-05-26T16:00:00+00:00,1860.67,1888.31,1858.95,1884.82,9445.47,17702221.119
1653581700000,2022-05-26T16:15:00+00:00,1884.82,1907.15,1879.27,1889.86,13733.74,26009922.4841
1653582600000,2022-05-26T16:30:00+00:00,1889.86,1893.82,1877.93,1881.21,3878.85,7312408.5501
1653583500000,2022-05-26T16:45:00+00:00,1881.21,1885.79,1877.81,1882.4,1378.1,2593108.5374
1653584400000,2022-05-26T17:00:00+00:00,1882.4,1886.99,1869.62,1874.25,2781.05,5218034.5613
1653585300000,2022-05-26T17:15:00+00:00,1874.25,1876.18,1867.88,1873.88,1455.27,2725111.9102
1653586200000,2022-05-26T17:30:00+00:00,1873.88,1879.99,1871.74,1876.43,821.15,1540454.8347
1653587100000,2022-05-26T17:45:00+00:00,1876.43,1878.62,1869.95,1875.43,1375.22,2579240.155
1653588000000,2022-05-26T18:00:00+00:00,1875.43,1876.31,1863.13,1868.15,2574.12,4804122.0764
1653588900000,2022-05-26T18:15:00+00:00,1868.15,1871,1860.65,1861.51,1624.5,3032110.2789
1653589800000,2022-05-26T18:30:00+00:00,1861.51,1864.14,1856.66,1863.91,1936.68,3604645.7176
1653590700000,2022-05-26T18:45:00+00:00,1863.92,1868.2,1861.26,1861.35,973.44,1815705.6014
1653591600000,2022-05-26T19:00:00+00:00,1861.35,1862.63,1847.4,1850.75,4933.95,9147022.4069
1653592500000,2022-05-26T19:15:00+00:00,1850.75,1851.99,1833.46,1837.04,2559.48,4708741.3109
1653593400000,2022-05-26T19:30:00+00:00,1837.04,1838.58,1826.83,1831.98,2885.64,5282883.6897
1653594300000,2022-05-26T19:45:00+00:00,1831.93,1838.67,1825.2,1825.9,3575.4,6539454.8669
1653595200000,2022-05-26T20:00:00+00:00,1825.9,1831.36,1812.6,1813.49,2395.27,4359891.2858
1653596100000,2022-05-26T20:15:00+00:00,1813.49,1832.77,1811.27,1832.76,3009,5475042.6962
1653597000000,2022-05-26T20:30:00+00:00,1832.76,1835.75,1822.37,1828.9,3290,6011998.8818
1653597900000,2022-05-26T20:45:00+00:00,1828.9,1833.4,1823,1826.34,1196.63,2187269.2769
1653598800000,2022-05-26T21:00:00+00:00,1826.34,1846.21,1826.33,1839.55,9731.79,17917190.9469
1653599700000,2022-05-26T21:15:00+00:00,1839.55,1841.31,1826.53,1827.66,10713.4,19671222.8145
1653600600000,2022-05-26T21:30:00+00:00,1827.66,1839.25,1827.65,1829.67,10492.59,19242428.3321
1653601500000,2022-05-26T21:45:00+00:00,1829.67,1833.45,1826,1832.76,3625.04,6631983.167
1653602400000,2022-05-26T22:00:00+00:00,1832.76,1842.66,1825.54,1842.66,2693.87,4936512.5739
1653603300000,2022-05-26T22:15:00+00:00,1842.66,1844.27,1836.84,1836.89,1464.12,2694546.2289
1653604200000,2022-05-26T22:30:00+00:00,1836.89,1840.32,1824.56,1825.25,2353.78,4307815.1868
1653605100000,2022-05-26T22:45:00+00:00,1825.25,1827.15,1817.36,1819.54,3839.4,6988889.4061
1653606000000,2022-05-26T23:00:00+00:00,1819.54,1828,1808.96,1811.45,3044.25,5533196.1948
1653606900000,2022-05-26T23:15:00+00:00,1811.45,1818.74,1806.72,1812.53,3550.23,6440112.5072
1653607800000,2022-05-26T23:30:00+00:00,1812.53,1820.38,1811.62,1817.1,1362.83,2476139.9598
1653608700000,2022-05-26T23:45:00+00:00,1817.1,1817.35,1788,1791.68,9235.28,16628289.3918
1653609600000,2022-05-27T00:00:00+00:00,1791.68,1804.86,1784.32,1793.45,7163.67,12853987.8633
1653610500000,2022-05-27T00:15:00+00:00,1793.45,1807.42,1790.79,1803.07,6219.88,11195127.8242
1653611400000,2022-05-27T00:30:00+00:00,1803.07,1806.15,1780,1781.32,7825.49,14024474.8551
1653612300000,2022-05-27T00:45:00+00:00,1781.32,1784.52,1769.31,1772.55,8482.51,15065810.5173
1653613200000,2022-05-27T01:00:00+00:00,1772.55,1778.97,1751.35,1756.18,10084.81,17764578.7822
1653614100000,2022-05-27T01:15:00+00:00,1756.18,1762.51,1747.58,1748.19,7660.96,13436604.5228
1653615000000,2022-05-27T01:30:00+00:00,1748.19,1761.82,1748.12,1756.15,6430.7,11286569.0928
1653615900000,2022-05-27T01:45:00+00:00,1756.15,1761.65,1734.51,1741.61,11980.55,20947930.4499
1653616800000,2022-05-27T02:00:00+00:00,1741.61,1746.37,1726.65,1736.98,11822.04,20533246.4997
1653617700000,2022-05-27T02:15:00+00:00,1736.98,1766.54,1733.06,1756.1,10829.73,18988553.1324
1653618600000,2022-05-27T02:30:00+00:00,1756.09,1760.37,1747.63,1751.73,4637.19,8126047.3016
1653619500000,2022-05-27T02:45:00+00:00,1751.73,1753.45,1736.63,1752.02,10472.38,18280138.9123
1653620400000,2022-05-27T03:00:00+00:00,1752.02,1763.58,1750.32,1758.43,7548.05,13261378.8653
1653621300000,2022-05-27T03:15:00+00:00,1758.43,1769.17,1758.43,1769.1,5453,9618221.3908
1653622200000,2022-05-27T03:30:00+00:00,1769.1,1778.37,1763.93,1764.97,5829.55,10328886.8577
1653623100000,2022-05-27T03:45:00+00:00,1764.97,1773.25,1763.96,1766.33,2036.48,3603079.1464
1653624000000,2022-05-27T04:00:00+00:00,1766.33,1768.34,1758.19,1764.22,3420.79,6026299.5167
1653624900000,2022-05-27T04:15:00+00:00,1764.22,1776.17,1764.22,1764.82,3696.46,6547011.9939
1653625800000,2022-05-27T04:30:00+00:00,1764.82,1766.86,1746.24,1749.26,7265.67,12749128.1649
1653626700000,2022-05-27T04:45:00+00:00,1749.26,1751.27,1740.14,1743.61,6551.6,11434125.4288
1653627600000,2022-05-27T05:00:00+00:00,1743.61,1757.55,1736.45,1752.51,8935.84,15615150.5581
1653628500000,2022-05-27T05:15:00+00:00,1752.51,1755.67,1743.54,1751.52,3939.38,6890548.9093
1653629400000,2022-05-27T05:30:00+00:00,1751.52,1752.3,1710.47,1722.92,12253.34,21156757.1919
1653630300000,2022-05-27T05:45:00+00:00,1722.92,1738.12,1716.47,1734.7,8820.4,15253309.9654
1653631200000,2022-05-27T06:00:00+00:00,1734.7,1751.67,1721.19,1743.84,9529.19,16563050.8204
1653632100000,2022-05-27T06:15:00+00:00,1743.84,1747.6,1725.39,1742.28,8819.02,15329632.9788
1653633000000,2022-05-27T06:30:00+00:00,1742.28,1765.99,1736.58,1760.67,7794.03,13680360.6109
1653633900000,2022-05-27T06:45:00+00:00,1760.67,1775.67,1755.59,1769.18,5365.95,9475681.9358
1653634800000,2022-05-27T07:00:00+00:00,1769.18,1776.38,1763.23,1769.94,4634.56,8203553.7438
1653635700000,2022-05-27T07:15:00+00:00,1769.94,1797.54,1766.29,1790.43,8930.5,15937129.4147
1653636600000,2022-05-27T07:30:00+00:00,1790.43,1790.48,1773.91,1777.91,6002.57,10684349.3871
1653637500000,2022-05-27T07:45:00+00:00,1777.91,1777.91,1762.46,1763.32,3739.02,6617033.5094
1653638400000,2022-05-27T08:00:00+00:00,1763.32,1786.36,1749.03,1780.89,8339.76,14706777.0197
1653639300000,2022-05-27T08:15:00+00:00,1780.88,1787.99,1772.74,1778.44,6333.09,11292256.6615
1653640200000,2022-05-27T08:30:00+00:00,1778.44,1782.27,1772.93,1777.16,2541.95,4520664.3129
1653641100000,2022-05-27T08:45:00+00:00,1777.16,1779.91,1763,1765.22,5119.12,9070638.9737
1653642000000,2022-05-27T09:00:00+00:00,1765.22,1769.52,1761.43,1766.73,2319.21,4094018.2305
1653642900000,2022-05-27T09:15:00+00:00,1766.73,1774.46,1764.58,1770.64,2327.62,4120934.4457
1653643800000,2022-05-27T09:30:00+00:00,1770.64,1779.16,1768.01,1774.17,2769.48,4915992.7379
1653644700000,2022-05-27T09:45:00+00:00,1774.17,1785.72,1770,1783.77,4148.48,7376695.8788
1653645600000,2022-05-27T10:00:00+00:00,1783.77,1785.07,1774.56,1781.34,2944.87,5244341.6642
1653646500000,2022-05-27T10:15:00+00:00,1781.34,1786.87,1772.73,1773.94,3161.74,5627549.9496
1653647400000,2022-05-27T10:30:00+00:00,1773.94,1774.61,1764.12,1766.45,6681.05,11814849.701
1653648300000,2022-05-27T10:45:00+00:00,1766.45,1768.04,1756.31,1758.18,5621.42,9909960.6379
1653649200000,2022-05-27T11:00:00+00:00,1758.18,1771.87,1754.86,1771.23,2801.73,4943840.152
1653650100000,2022-05-27T11:15:00+00:00,1771.23,1786,1765.54,1785.64,5032.38,8928187.9154
1653651000000,2022-05-27T11:30:00+00:00,1785.64,1787.64,1775.37,1776.25,2610.8,4651256.2027
1653651900000,2022-05-27T11:45:00+00:00,1776.25,1777.77,1768.1,1769.94,1834.66,3251075.9176
1653652800000,2022-05-27T12:00:00+00:00,1769.94,1774.82,1762.27,1774.81,4843.26,8562034.7677
1653653700000,2022-05-27T12:15:00+00:00,1774.81,1795.28,1770,1787.45,9213.79,16474597.0491
1653654600000,2022-05-27T12:30:00+00:00,1787.45,1820.31,1783.82,1817.57,17423.47,31443916.755
1653655500000,2022-05-27T12:45:00+00:00,1817.57,1821.08,1806.08,1811.91,6552.74,11894234.6869
1653656400000,2022-05-27T13:00:00+00:00,1811.91,1813.26,1802.7,1806.75,3583.3,6472477.6485
1653657300000,2022-05-27T13:15:00+00:00,1806.75,1811.6,1793.81,1796.57,5499.29,9896397.2356
1653658200000,2022-05-27T13:30:00+00:00,1796.57,1813.77,1795.8,1801.72,8837.18,15950980.7838
1653659100000,2022-05-27T13:45:00+00:00,1801.72,1819.53,1796.61,1814.14,5411.94,9801680.1543
1653660000000,2022-05-27T14:00:00+00:00,1814.14,1816.12,1798.31,1799.43,5735.98,10344202.3867
1653660900000,2022-05-27T14:15:00+00:00,1799.43,1805.46,1792.54,1796.36,3364.13,6049345.1406
1653661800000,2022-05-27T14:30:00+00:00,1796.36,1796.58,1774.74,1775.13,7243.46,12930384.1877
1653662700000,2022-05-27T14:45:00+00:00,1775.13,1779.74,1761.6,1767.29,9497.94,16804122.4874
1653663600000,2022-05-27T15:00:00+00:00,1767.29,1770.02,1754.47,1761.25,7978.84,14057121.9683
1653664500000,2022-05-27T15:15:00+00:00,1761.25,1777.38,1758.74,1770.61,8298.5,14676939.9609
1653665400000,2022-05-27T15:30:00+00:00,1770.61,1777.56,1766.47,1772.5,4645.34,8237228.6053
1653666300000,2022-05-27T15:45:00+00:00,1772.5,1776.51,1758.87,1763.09,4666.53,8255167.0775
1653667200000,2022-05-27T16:00:00+00:00,1763.09,1773.8,1749.3,1767,14895.63,26244039.7287
1653668100000,2022-05-27T16:15:00+00:00,1767,1767.15,1747.04,1748.08,5781.18,10149575.4276
1653669000000,2022-05-27T16:30:00+00:00,1748.08,1757.64,1743.55,1753.58,7919.09,13860053.527
1653669900000,2022-05-27T16:45:00+00:00,1753.58,1758.84,1737.61,1745.32,5539.21,9677538.3362
1653670800000,2022-05-27T17:00:00+00:00,1745.32,1757.55,1741.67,1752.71,4119.69,7206420.6264
1653671700000,2022-05-27T17:15:00+00:00,1752.71,1753,1725.05,1742.13,10669.86,18540759.297
1653672600000,2022-05-27T17:30:00+00:00,1742.13,1746.25,1728.95,1732.48,8220.77,14274448.7931
1653673500000,2022-05-27T17:45:00+00:00,1732.48,1740.96,1725,1730.09,5329.29,9228494.9037
1653674400000,2022-05-27T18:00:00+00:00,1730.09,1735.77,1723.08,1725.8,3482.91,6024273.7092
1653675300000,2022-05-27T18:15:00+00:00,1725.8,1729.96,1720.18,1722.98,5040.33,8693475.4502
1653676200000,2022-05-27T18:30:00+00:00,1722.98,1733.23,1713.37,1717.58,5437.04,9356017.6058
1653677100000,2022-05-27T18:45:00+00:00,1717.58,1729.91,1715.2,1727.18,2507.38,4316073.586
1653678000000,2022-05-27T19:00:00+00:00,1727.18,1732.55,1721.61,1723.38,922.95,1594142.7667
1653678900000,2022-05-27T19:15:00+00:00,1723.38,1730.19,1719.6,1728.17,1245.96,2148528.8299
1653679800000,2022-05-27T19:30:00+00:00,1728.17,1737.86,1726.72,1737.86,1643.96,2850950.8998
1653680700000,2022-05-27T19:45:00+00:00,1737.86,1768.66,1730.62,1752.37,10208.47,17890179.6298
1653681600000,2022-05-27T20:00:00+00:00,1752.37,1771.11,1743.08,1754.12,4391.7,7725465.1702
1653682500000,2022-05-27T20:15:00+00:00,1754.12,1764.71,1753.72,1762.31,1071,1884176.7331
1653683400000,2022-05-27T20:30:00+00:00,1762.31,1762.31,1752.83,1756.32,820.46,1441082.0184
1653684300000,2022-05-27T20:45:00+00:00,1756.32,1757.68,1742.87,1744.04,996.63,1743307.7417
1653685200000,2022-05-27T21:00:00+00:00,1744.04,1751.14,1743.18,1746.29,2521.3,4407213.9198
1653686100000,2022-05-27T21:15:00+00:00,1746.29,1750.69,1745.38,1745.82,2494.91,4359608.3044
1653687000000,2022-05-27T21:30:00+00:00,1745.82,1751.3,1742.81,1751.18,2923.42,5104427.6783
1653687900000,2022-05-27T21:45:00+00:00,1751.18,1751.27,1730.09,1733.84,2549.25,4431673.0653
1653688800000,2022-05-27T22:00:00+00:00,1733.84,1746.71,1725.58,1745.32,3487.58,6063931.2972
1653689700000,2022-05-27T22:15:00+00:00,1745.32,1753.53,1741.69,1752.14,2371.13,4143968.3384
1653690600000,2022-05-27T22:30:00+00:00,1752.14,1753.77,1748.48,1751.39,1606.85,2813853.3227
1653691500000,2022-05-27T22:45:00+00:00,1751.39,1752.57,1740.83,1741.28,1774.72,3098351.7978
1653692400000,2022-05-27T23:00:00+00:00,1741.28,1744.08,1730.1,1730.51,2043.12,3545302.4611
1653693300000,2022-05-27T23:15:00+00:00,1730.51,1731.68,1716.34,1721.07,2602.54,4484317.8347
1653694200000,2022-05-27T23:30:00+00:00,1721.07,1725.96,1703.11,1721.31,4456.16,7649933.8493
1653695100000,2022-05-27T23:45:00+00:00,1721.31,1726.15,1717.8,1725.98,2584.2,4452098.8938
1653696000000,2022-05-28T00:00:00+00:00,1725.98,1737.58,1720.87,1737.56,2806.13,4855109.2736
1653696900000,2022-05-28T00:15:00+00:00,1737.56,1742.68,1729.38,1732.85,7789.62,13516637.762
1653697800000,2022-05-28T00:30:00+00:00,1732.85,1744.32,1732.83,1743.49,7364.56,12804725.7647
1653698700000,2022-05-28T00:45:00+00:00,1743.49,1747.58,1740.27,1746.79,4305.46,7511085.3703
1653699600000,2022-05-28T01:00:00+00:00,1746.79,1750.77,1743.94,1745.41,4215.3,7366523.5647
1653700500000,2022-05-28T01:15:00+00:00,1745.41,1748.24,1731.65,1733.34,3147.04,5470067.6422
1653701400000,2022-05-28T01:30:00+00:00,1733.34,1739.8,1725,1726.77,2503.24,4336417.2415
1653702300000,2022-05-28T01:45:00+00:00,1726.77,1732.6,1725.48,1728.95,1394.56,2410831.9984
1653703200000,2022-05-28T02:00:00+00:00,1728.95,1734.26,1725.17,1731.24,2240.41,3878813.5789
1653704100000,2022-05-28T02:15:00+00:00,1731.24,1740.58,1730.73,1738.01,2587.74,4496596.501
1653705000000,2022-05-28T02:30:00+00:00,1738.01,1740.35,1721.68,1724.35,6123.58,10576852.8044
1653705900000,2022-05-28T02:45:00+00:00,1724.35,1731.81,1724.07,1728.05,3626.9,6270655.8425
1653706800000,2022-05-28T03:00:00+00:00,1728.05,1734.24,1721.17,1733.68,4895.99,8450759.8218
1653707700000,2022-05-28T03:15:00+00:00,1733.68,1743.41,1733.01,1737.38,3148.58,5472992.7132
1653708600000,2022-05-28T03:30:00+00:00,1737.38,1753.94,1737.04,1753.94,4441.62,7750283.1001
1653709500000,2022-05-28T03:45:00+00:00,1753.42,1764.98,1753.42,1763.63,9540,16775781.4807
1653710400000,2022-05-28T04:00:00+00:00,1763.63,1765.25,1756.76,1757.8,3285.09,5781649.2873
1653711300000,2022-05-28T04:15:00+00:00,1757.8,1765.07,1753.31,1762.44,3922.02,6901341.5724
1653712200000,2022-05-28T04:30:00+00:00,1762.44,1764.87,1757.64,1759.71,2984.8,5256655.9468
1653713100000,2022-05-28T04:45:00+00:00,1759.71,1765.52,1758.25,1760.84,6857.45,12082571.3403
1653714000000,2022-05-28T05:00:00+00:00,1760.84,1760.89,1753.79,1759.34,4122.96,7245938.8201
1653714900000,2022-05-28T05:15:00+00:00,1759.34,1765.82,1756.37,1763.93,2226.06,3923530.9266
1653715800000,2022-05-28T05:30:00+00:00,1764.07,1781.9,1760.79,1775.08,16777.5,29729981.9153
1653716700000,2022-05-28T05:45:00+00:00,1775.08,1779,1768.59,1769.95,3451.86,6117288.0634
1653717600000,2022-05-28T06:00:00+00:00,1769.95,1772.89,1764.82,1767.88,1489.4,2633025.8075
1653718500000,2022-05-28T06:15:00+00:00,1767.88,1767.88,1764.02,1765.84,1654.36,2920815.8361
1653719400000,2022-05-28T06:30:00+00:00,1765.84,1772.64,1765.07,1770.93,968.41,1714180.5619
1653720300000,2022-05-28T06:45:00+00:00,1770.93,1771.58,1764.45,1764.61,1884.57,3331369.7219
1653721200000,2022-05-28T07:00:00+00:00,1764.61,1767.55,1761.29,1764.15,1169.98,2063937.5874
1653722100000,2022-05-28T07:15:00+00:00,1764.15,1764.15,1760.95,1761.61,1783.09,3143653.1989
1653723000000,2022-05-28T07:30:00+00:00,1761.61,1762.97,1757.46,1759.02,1516.7,2668448.2248
1653723900000,2022-05-28T07:45:00+00:00,1759.02,1767.49,1758.04,1764.43,3103.44,5472506.5478
1653724800000,2022-05-28T08:00:00+00:00,1764.43,1769.74,1764.43,1765.89,4254.6,7521167.3351
1653725700000,2022-05-28T08:15:00+00:00,1765.89,1766.74,1758.18,1760.04,13710.31,24151087.8094
1653726600000,2022-05-28T08:30:00+00:00,1760.04,1764.03,1747.54,1763.97,10993.66,19308545.8681
1653727500000,2022-05-28T08:45:00+00:00,1763.97,1765.26,1758.67,1759.01,2792.92,4917599.5404
1653728400000,2022-05-28T09:00:00+00:00,1759.01,1761.77,1754.71,1761.09,3606.03,6337189.9465
1653729300000,2022-05-28T09:15:00+00:00,1761.09,1764.76,1759.96,1759.96,2329.41,4105661.1881
1653730200000,2022-05-28T09:30:00+00:00,1759.96,1760.48,1752.7,1752.7,5911.08,10371992.4333
1653731100000,2022-05-28T09:45:00+00:00,1752.7,1759.31,1750.68,1756.1,2187.14,3837919.7713
1653732000000,2022-05-28T10:00:00+00:00,1756.1,1757.97,1750.51,1750.51,1149.07,2015415.9013
1653732900000,2022-05-28T10:15:00+00:00,1750.51,1762.86,1750.49,1762.37,1833.11,3223339.226
1653733800000,2022-05-28T10:30:00+00:00,1762.37,1763.22,1753.89,1754.13,2206.12,3879999.0983
1653734700000,2022-05-28T10:45:00+00:00,1754.13,1761.87,1753.66,1759.64,1675.56,2947888.0935
1653735600000,2022-05-28T11:00:00+00:00,1759.64,1774.29,1757.97,1774.1,4106.27,7255568.5492
1653736500000,2022-05-28T11:15:00+00:00,1774.1,1787.77,1768.74,1782.51,16962.53,30234953.5273
1653737400000,2022-05-28T11:30:00+00:00,1782.51,1782.57,1774.42,1776.02,2591.62,4606701.7138
1653738300000,2022-05-28T11:45:00+00:00,1776.02,1777.22,1771.41,1772.25,1695.21,3006402.4492
1653739200000,2022-05-28T12:00:00+00:00,1772.25,1778.22,1768.79,1768.84,2552.29,4530812.6584
1653740100000,2022-05-28T12:15:00+00:00,1768.84,1785.41,1768.84,1783.17,3222.41,5737144.6963
1653741000000,2022-05-28T12:30:00+00:00,1783.17,1784.86,1780.26,1781.34,2544.25,4534729.3867
1653741900000,2022-05-28T12:45:00+00:00,1781.34,1793.04,1780.83,1786.32,4949.69,8852464.6028
1653742800000,2022-05-28T13:00:00+00:00,1786.32,1790.76,1781.62,1788.73,11476.19,20478937.6107
1653743700000,2022-05-28T13:15:00+00:00,1788.73,1799.57,1786.1,1789.02,17437.18,31259937.6679
1653744600000,2022-05-28T13:30:00+00:00,1789.02,1792.48,1782.45,1783.6,4389.77,7846431.0207
1653745500000,2022-05-28T13:45:00+00:00,1783.6,1788.37,1783.47,1787.57,1035.63,1848938.9751
1653746400000,2022-05-28T14:00:00+00:00,1787.57,1790.87,1778.16,1779.29,2321.84,4142504.6788
1653747300000,2022-05-28T14:15:00+00:00,1779.29,1782.48,1777.07,1780.65,1683.36,2996381.2513
1653748200000,2022-05-28T14:30:00+00:00,1780.65,1784.03,1779.54,1782.87,846.38,1508366.6681
1653749100000,2022-05-28T14:45:00+00:00,1782.87,1782.87,1776.5,1780,1466.22,2609276.6214
1653750000000,2022-05-28T15:00:00+00:00,1780,1786.53,1777.43,1784.33,1189.33,2120098.842
1653750900000,2022-05-28T15:15:00+00:00,1784.33,1792.62,1784.19,1790.83,2526.57,4516786.0813
1653751800000,2022-05-28T15:30:00+00:00,1790.83,1807.99,1790.72,1796.36,6147.82,11072031.4314
1653752700000,2022-05-28T15:45:00+00:00,1796.36,1799.59,1791.7,1793.97,12227.17,21949993.8576
1653753600000,2022-05-28T16:00:00+00:00,1793.97,1793.97,1788.63,1789.21,3348.28,5997369.5889
1653754500000,2022-05-28T16:15:00+00:00,1789.21,1797.14,1783.51,1794.54,3349.46,5998762.1703
1653755400000,2022-05-28T16:30:00+00:00,1794.54,1797.75,1791.18,1791.18,828.56,1486941.4122
1653756300000,2022-05-28T16:45:00+00:00,1791.18,1793.6,1772.72,1773.09,4411.17,7864226.3112
1653757200000,2022-05-28T17:00:00+00:00,1773.09,1775.96,1761.18,1765.66,7965.89,14082125.9159
1653758100000,2022-05-28T17:15:00+00:00,1765.66,1791.1,1758.95,1772.71,10777.6,19138966.7604
1653759000000,2022-05-28T17:30:00+00:00,1772.71,1776.05,1769.62,1774.65,3226.02,5720259.6746
1653759900000,2022-05-28T17:45:00+00:00,1774.65,1777.35,1771.12,1775.43,1445.39,2564692.4627
1653760800000,2022-05-28T18:00:00+00:00,1775.43,1781.6,1775.43,1781.59,1568.16,2790441.4017
1653761700000,2022-05-28T18:15:00+00:00,1781.59,1784.82,1779.54,1781.73,1881.96,3354684.0961
1653762600000,2022-05-28T18:30:00+00:00,1781.73,1787.37,1781.58,1783.8,1638.17,2923241.9827
1653763500000,2022-05-28T18:45:00+00:00,1783.8,1789.37,1783.8,1787.47,983.77,1756545.7023
1653764400000,2022-05-28T19:00:00+00:00,1787.47,1788.92,1783.31,1783.33,818.84,1462186.6539
1653765300000,2022-05-28T19:15:00+00:00,1783.33,1784.31,1780.05,1780.47,579.81,1033472.3632
1653766200000,2022-05-28T19:30:00+00:00,1780.47,1786.59,1779.93,1784.57,625.18,1115255.881
1653767100000,2022-05-28T19:45:00+00:00,1784.57,1798.97,1784.5,1791.99,1955.93,3507068.3715
1653768000000,2022-05-28T20:00:00+00:00,1791.99,1792.65,1786.33,1786.88,1068.36,1911850.3523
1653768900000,2022-05-28T20:15:00+00:00,1786.88,1790.43,1785.2,1787.41,481.99,861460.5121
1653769800000,2022-05-28T20:30:00+00:00,1787.41,1791.36,1783.96,1789.03,601.65,1075451.2748
1653770700000,2022-05-28T20:45:00+00:00,1789.03,1792.53,1787.91,1792.48,286.71,513242.5309
1653771600000,2022-05-28T21:00:00+00:00,1792.48,1797,1789.7,1790.09,2680.23,4804916.5842
1653772500000,2022-05-28T21:15:00+00:00,1790.09,1794.13,1785.65,1786.08,4068.87,7285602.6144
1653773400000,2022-05-28T21:30:00+00:00,1786.08,1789.24,1785.59,1787.05,2601.27,4649373.1561
1653774300000,2022-05-28T21:45:00+00:00,1787.05,1788.33,1782.87,1783.19,1079.97,1928195.5946
1653775200000,2022-05-28T22:00:00+00:00,1783.19,1783.77,1777.61,1781.41,839.58,1494986.6388
1653776100000,2022-05-28T22:15:00+00:00,1781.41,1781.45,1778.03,1780.3,1200.68,2136448.8662
1653777000000,2022-05-28T22:30:00+00:00,1780.3,1785.33,1778.68,1785.04,1658.09,2953959.1157
1653777900000,2022-05-28T22:45:00+00:00,1785.04,1787.56,1783.23,1783.29,3234.58,5773945.5687
1653778800000,2022-05-28T23:00:00+00:00,1783.29,1796.05,1782.78,1796.05,4009.68,7183875.7852
1653779700000,2022-05-28T23:15:00+00:00,1796.05,1797.05,1790.54,1794.7,3509.22,6292201.2452
1653780600000,2022-05-28T23:30:00+00:00,1794.7,1802.35,1792.19,1799.91,1560.51,2806202.7393
1653781500000,2022-05-28T23:45:00+00:00,1799.91,1804.73,1791.02,1791.42,3569.55,6409538.2923
1653782400000,2022-05-29T00:00:00+00:00,1791.42,1795.07,1789.09,1791.8,2069.84,3709168.5168
1653783300000,2022-05-29T00:15:00+00:00,1791.8,1794.65,1787.09,1791.48,973.34,1742343.6256
1653784200000,2022-05-29T00:30:00+00:00,1791.48,1792.54,1785.63,1788.25,1504.95,2689382.9328
1653785100000,2022-05-29T00:45:00+00:00,1788.25,1793.02,1787.06,1788.65,1152.2,2061627.6749
1653786000000,2022-05-29T01:00:00+00:00,1788.65,1788.65,1783.58,1783.6,3829.48,6837402.5504
1653786900000,2022-05-29T01:15:00+00:00,1783.6,1788.16,1780.85,1780.85,1564.14,2792516.0655
1653787800000,2022-05-29T01:30:00+00:00,1780.85,1782.03,1771.74,1773.43,4003.38,7114216.7904
1653788700000,2022-05-29T01:45:00+00:00,1773.43,1777.68,1771.65,1775.37,1390.98,2468462.6152
1653789600000,2022-05-29T02:00:00+00:00,1775.37,1775.82,1762.6,1766.92,2611.19,4622812.4107
1653790500000,2022-05-29T02:15:00+00:00,1766.92,1769.75,1763,1766.62,3190.03,5634244.1536
1653791400000,2022-05-29T02:30:00+00:00,1766.62,1769.16,1765.07,1767.45,981.72,1735324.5354
1653792300000,2022-05-29T02:45:00+00:00,1767.45,1769.31,1764.57,1767.6,1012.64,1788945.5325
1653793200000,2022-05-29T03:00:00+00:00,1767.6,1772.95,1763.99,1771.01,1926.32,3405647.6068
1653794100000,2022-05-29T03:15:00+00:00,1771.01,1771.58,1767.42,1771.58,1170.59,2071519.6039
1653795000000,2022-05-29T03:30:00+00:00,1771.58,1774.91,1770.18,1774.42,959.7,1701522.8239
1653795900000,2022-05-29T03:45:00+00:00,1774.42,1777.48,1772.1,1775.58,1961.82,3481825.4608
1653796800000,2022-05-29T04:00:00+00:00,1775.58,1776.69,1772.14,1775.51,1001.73,1777254.2093
1653797700000,2022-05-29T04:15:00+00:00,1775.51,1775.55,1768.3,1771.79,1857.39,3289176.9214
1653798600000,2022-05-29T04:30:00+00:00,1771.79,1776.95,1770.43,1776.87,1603.74,2843978.006
1653799500000,2022-05-29T04:45:00+00:00,1776.86,1778.34,1773.49,1774.01,1426.18,2532889.4632
1653800400000,2022-05-29T05:00:00+00:00,1774.01,1777.97,1772.02,1776.41,677.32,1201838.9931
1653801300000,2022-05-29T05:15:00+00:00,1776.41,1782.47,1775.93,1781.36,3574.24,6359752.6712
1653802200000,2022-05-29T05:30:00+00:00,1781.36,1781.69,1777.85,1780,833.37,1483357.4562
1653803100000,2022-05-29T05:45:00+00:00,1780,1784.19,1778.43,1783.69,3059.87,5449310.8215
1653804000000,2022-05-29T06:00:00+00:00,1783.69,1789.07,1780.57,1781.95,4869.59,8698442.2653
1653804900000,2022-05-29T06:15:00+00:00,1781.95,1781.98,1778.09,1779.12,2195.4,3906773.5606
1653805800000,2022-05-29T06:30:00+00:00,1779.12,1781.91,1777.69,1781.14,821.8,1462548.1025
1653806700000,2022-05-29T06:45:00+00:00,1781.14,1782.66,1779.11,1782.57,1088.02,1937902.3507
1653807600000,2022-05-29T07:00:00+00:00,1782.57,1783.49,1778.8,1780.09,1037.24,1846621.7219
1653808500000,2022-05-29T07:15:00+00:00,1780.09,1785.31,1778.11,1783.81,1126.37,2007201.4316
1653809400000,2022-05-29T07:30:00+00:00,1783.81,1786.65,1781.25,1783.08,1062.7,1895601.2322
1653810300000,2022-05-29T07:45:00+00:00,1783.08,1784.26,1780.78,1783.11,836.62,1491036.9804
1653811200000,2022-05-29T08:00:00+00:00,1783.11,1784.67,1779.68,1784.16,1518.17,2705567.7887
1653812100000,2022-05-29T08:15:00+00:00,1784.16,1794.24,1784.12,1791.67,9891.5,17704344.8404
1653813000000,2022-05-29T08:30:00+00:00,1791.67,1796.38,1785.73,1788.1,5098.55,9121748.4354
1653813900000,2022-05-29T08:45:00+00:00,1788.1,1788.16,1783.46,1785.32,1482.19,2646358.0213
1653814800000,2022-05-29T09:00:00+00:00,1785.32,1787.57,1780.27,1782.54,2276.21,4057557.5885
1653815700000,2022-05-29T09:15:00+00:00,1782.54,1783.47,1776.05,1778.47,2997.25,5330264.9215
1653816600000,2022-05-29T09:30:00+00:00,1778.47,1779.93,1773.81,1776.59,995.67,1769702.6182
1653817500000,2022-05-29T09:45:00+00:00,1776.59,1780.16,1776.47,1779.32,864.6,1537854.6628
1653818400000,2022-05-29T10:00:00+00:00,1779.32,1793.34,1778.59,1791.52,4718.22,8440751.7661
1653819300000,2022-05-29T10:15:00+00:00,1791.52,1799.53,1789.93,1790.03,6044.82,10852483.4595
1653820200000,2022-05-29T10:30:00+00:00,1790.03,1795.56,1789.94,1792.14,1928.98,3457023.6682
1653821100000,2022-05-29T10:45:00+00:00,1792.14,1795.64,1788.85,1795.21,842.29,1508759.1185
1653822000000,2022-05-29T11:00:00+00:00,1795.21,1798.51,1791.82,1792.32,5551.71,9971981.725
1653822900000,2022-05-29T11:15:00+00:00,1792.32,1799.03,1792.26,1794.3,2033.59,3654676.6258
1653823800000,2022-05-29T11:30:00+00:00,1794.3,1796.1,1792.76,1793.76,1279.98,2296220.6439
1653824700000,2022-05-29T11:45:00+00:00,1793.76,1803.42,1793.01,1801.54,5007.8,9010494.9697
1653825600000,2022-05-29T12:00:00+00:00,1801.54,1820,1798.51,1817.35,11896.11,21555356.4287
1653826500000,2022-05-29T12:15:00+00:00,1817.35,1819.7,1808.69,1810.4,4794.52,8693819.0843
1653827400000,2022-05-29T12:30:00+00:00,1810.4,1813.73,1808.52,1810.02,2044.22,3700284.6912
1653828300000,2022-05-29T12:45:00+00:00,1810.02,1819.75,1807.7,1813.49,6290.9,11415839.4503
1653829200000,2022-05-29T13:00:00+00:00,1813.49,1827,1809.14,1809.72,14376.58,26134890.5748
1653830100000,2022-05-29T13:15:00+00:00,1809.7,1815.27,1809.27,1813.68,3469.25,6288134.8241
1653831000000,2022-05-29T13:30:00+00:00,1813.68,1817.88,1811.74,1817.62,2920.48,5299183.9426
1653831900000,2022-05-29T13:45:00+00:00,1817.62,1817.66,1807.71,1808.93,4339.78,7865856.8556
1653832800000,2022-05-29T14:00:00+00:00,1808.93,1810.63,1803.9,1807.59,2863.99,5175139.7937
1653833700000,2022-05-29T14:15:00+00:00,1807.59,1812.58,1806.72,1808.32,1792.2,3244704.5497
1653834600000,2022-05-29T14:30:00+00:00,1808.32,1809.83,1806.4,1808.3,1428.69,2582724.3535
1653835500000,2022-05-29T14:45:00+00:00,1808.3,1811.2,1802.95,1804.4,2413.02,4358662.9492
1653836400000,2022-05-29T15:00:00+00:00,1804.4,1804.4,1793,1800.2,8134.96,14619208.4895
1653837300000,2022-05-29T15:15:00+00:00,1800.2,1800.24,1795.43,1797.41,2382.87,4282250.1697
1653838200000,2022-05-29T15:30:00+00:00,1797.41,1798.69,1792.44,1796.03,2940.08,5278793.241
1653839100000,2022-05-29T15:45:00+00:00,1796.03,1798.2,1793.69,1796.61,1623.8,2917412.115
1653840000000,2022-05-29T16:00:00+00:00,1796.61,1803.1,1796.58,1800.59,3003.74,5408908.1949
1653840900000,2022-05-29T16:15:00+00:00,1800.59,1809.7,1799.25,1806.36,5104.45,9219000.0439
1653841800000,2022-05-29T16:30:00+00:00,1806.36,1809.44,1805.2,1806.21,1806.09,3264638.6195
1653842700000,2022-05-29T16:45:00+00:00,1806.21,1806.49,1801.57,1803.47,7745.23,13962390.5713
1653843600000,2022-05-29T17:00:00+00:00,1803.47,1804,1801.37,1802.77,1233.67,2224191.6959
1653844500000,2022-05-29T17:15:00+00:00,1802.77,1807.85,1797.75,1807.14,1902.12,3428745.3205
1653845400000,2022-05-29T17:30:00+00:00,1807.14,1809.43,1805.02,1806.19,1517.44,2742263.2125
1653846300000,2022-05-29T17:45:00+00:00,1806.19,1806.19,1794.48,1798.15,2523.44,4538501.9615
1653847200000,2022-05-29T18:00:00+00:00,1798.15,1802.3,1797.7,1799.98,1369.62,2466393.7975
1653848100000,2022-05-29T18:15:00+00:00,1799.98,1803.37,1799.43,1802.96,1312.37,2365016.9114
1653849000000,2022-05-29T18:30:00+00:00,1802.96,1803.57,1796.01,1796.01,927.35,1667269.0012
1653849900000,2022-05-29T18:45:00+00:00,1796.01,1799.22,1793.15,1794.47,1220.02,2190101.2408
1653850800000,2022-05-29T19:00:00+00:00,1794.47,1797.05,1786.39,1789.36,5147.63,9215523.0991
1653851700000,2022-05-29T19:15:00+00:00,1789.36,1789.58,1784.15,1787.21,2100.3,3752961.722
1653852600000,2022-05-29T19:30:00+00:00,1787.21,1788.83,1785.63,1786.72,1189.53,2125417.4898
1653853500000,2022-05-29T19:45:00+00:00,1786.72,1788.59,1784.76,1787.68,1180.37,2109166.5175
1653854400000,2022-05-29T20:00:00+00:00,1787.68,1797.67,1786.18,1792.61,3199.02,5735643.4222
1653855300000,2022-05-29T20:15:00+00:00,1792.61,1794.93,1790.54,1793.8,598.48,1072849.5548
1653856200000,2022-05-29T20:30:00+00:00,1793.8,1796,1789.21,1795.06,743.9,1332758.5191
1653857100000,2022-05-29T20:45:00+00:00,1795.06,1796.36,1792.9,1796.33,285.9,513039.4945
1653858000000,2022-05-29T21:00:00+00:00,1796.33,1796.84,1793.34,1796.53,750.12,1346732.4018
1653858900000,2022-05-29T21:15:00+00:00,1796.53,1799.23,1793.33,1799.09,4645.3,8341044.9394
1653859800000,2022-05-29T21:30:00+00:00,1799.09,1805.47,1798.5,1800.83,6287.35,11322714.6449
1653860700000,2022-05-29T21:45:00+00:00,1800.83,1803.79,1798.24,1802.63,2450.45,4414673.4388
1653861600000,2022-05-29T22:00:00+00:00,1802.63,1806.7,1793.98,1803.54,2256.36,4060578.7848
1653862500000,2022-05-29T22:15:00+00:00,1803.54,1816.29,1803.15,1814.78,4508.43,8168791.4177
1653863400000,2022-05-29T22:30:00+00:00,1814.78,1825.95,1813.22,1814.92,6090.54,11077531.3583
1653864300000,2022-05-29T22:45:00+00:00,1814.92,1815.37,1808.75,1809.89,1878.2,3403595.4006
1653865200000,2022-05-29T23:00:00+00:00,1809.89,1816.3,1807.45,1815.55,2787.87,5050936
1653866100000,2022-05-29T23:15:00+00:00,1815.55,1815.9,1812.25,1815.01,4186.51,7593217.3167
1653867000000,2022-05-29T23:30:00+00:00,1815.01,1815.83,1809.58,1811.99,2655.8,4810491.1283
1653867900000,2022-05-29T23:45:00+00:00,1811.99,1813.24,1809.79,1812.12,1663.58,3013122.5285
1653868800000,2022-05-30T00:00:00+00:00,1812.12,1812.92,1801.82,1803.26,3314.99,5983226.496
1653869700000,2022-05-30T00:15:00+00:00,1803.26,1809,1803.07,1806.91,1162.42,2100680.5283
1653870600000,2022-05-30T00:30:00+00:00,1806.91,1808.33,1804.2,1806.1,3452.3,6233748.8301
1653871500000,2022-05-30T00:45:00+00:00,1806.1,1808.27,1802.79,1804.41,2344.99,4232841.5189
1653872400000,2022-05-30T01:00:00+00:00,1804.41,1809.5,1804.11,1809.3,2380.05,4301968.659
1653873300000,2022-05-30T01:15:00+00:00,1809.26,1818.41,1809.18,1817.33,8098.8,14692496.8478
1653874200000,2022-05-30T01:30:00+00:00,1817.33,1841.71,1817.33,1839.68,15269.96,27979772.2203
1653875100000,2022-05-30T01:45:00+00:00,1839.68,1845.7,1833.38,1844.3,9749.08,17928209.2082
1653876000000,2022-05-30T02:00:00+00:00,1844.3,1874.59,1842.7,1867.16,19768.28,36771205.0054
1653876900000,2022-05-30T02:15:00+00:00,1867.16,1879.38,1867.16,1875.99,9277.63,17386281.0763
1653877800000,2022-05-30T02:30:00+00:00,1875.99,1882.36,1870.67,1879.48,6832.55,12825413.3686
1653878700000,2022-05-30T02:45:00+00:00,1879.48,1880.73,1871.6,1873.92,5166.4,9690314.9188
1653879600000,2022-05-30T03:00:00+00:00,1873.92,1882.71,1870.21,1871.62,7190.82,13478361.1957
1653880500000,2022-05-30T03:15:00+00:00,1871.62,1878.31,1871.07,1876.9,6766.01,12682377.9649
1653881400000,2022-05-30T03:30:00+00:00,1876.9,1882.55,1874.83,1881.44,7128.85,13396800.0768
1653882300000,2022-05-30T03:45:00+00:00,1881.44,1889.51,1875.85,1878.79,7498.75,14105743.127
1653883200000,2022-05-30T04:00:00+00:00,1878.79,1883.79,1874.01,1874.41,9487.14,17820355.1867
1653884100000,2022-05-30T04:15:00+00:00,1874.41,1877.99,1872.99,1876.38,3353.44,6291769.1638
1653885000000,2022-05-30T04:30:00+00:00,1876.38,1876.74,1868.36,1873.97,4434.26,8299723.9325
1653885900000,2022-05-30T04:45:00+00:00,1873.97,1874.85,1871.32,1873.53,3930.7,7363114.7974
1653886800000,2022-05-30T05:00:00+00:00,1873.53,1878.32,1872.39,1877.92,6148.9,11531505.7365
1653887700000,2022-05-30T05:15:00+00:00,1877.92,1880.59,1874.59,1877.77,5967.43,11205057.4829
1653888600000,2022-05-30T05:30:00+00:00,1877.77,1895.04,1877.77,1884.43,15970.25,30115470.6003
1653889500000,2022-05-30T05:45:00+00:00,1884.43,1898.75,1882.03,1897.53,13785.73,26068389.656
1653890400000,2022-05-30T06:00:00+00:00,1897.53,1902.72,1892,1899.51,17283.88,32789741.5588
1653891300000,2022-05-30T06:15:00+00:00,1899.51,1916.63,1896.34,1898.36,22741.47,43341573.2301
1653892200000,2022-05-30T06:30:00+00:00,1898.36,1915.39,1898.36,1907.84,11388.01,21717233.867
1653893100000,2022-05-30T06:45:00+00:00,1907.84,1914.5,1901.06,1904.82,10962.71,20925186.5806
1653894000000,2022-05-30T07:00:00+00:00,1904.82,1906.65,1898.31,1904.28,6431.4,12237892.3543
1653894900000,2022-05-30T07:15:00+00:00,1904.28,1905.62,1901.14,1901.49,3893.75,7413946.118
1653895800000,2022-05-30T07:30:00+00:00,1901.49,1906.65,1900.33,1905.4,2794.4,5318632.9403
1653896700000,2022-05-30T07:45:00+00:00,1905.4,1912.95,1904.52,1906.84,5185.9,9901088.9545
1653897600000,2022-05-30T08:00:00+00:00,1906.84,1909.88,1900.3,1902.23,5623.15,10706049.0216
1653898500000,2022-05-30T08:15:00+00:00,1902.23,1909.6,1902.17,1907.86,5981.4,11403383.8932
1653899400000,2022-05-30T08:30:00+00:00,1907.86,1907.86,1903.57,1904.24,3792.09,7226207.151
1653900300000,2022-05-30T08:45:00+00:00,1904.24,1907.61,1903.25,1907.18,803,1530104.4273
1653901200000,2022-05-30T09:00:00+00:00,1907.18,1909.41,1898.7,1900.79,4523.24,8607450.3807
1653902100000,2022-05-30T09:15:00+00:00,1900.79,1906.19,1898.31,1905.47,3692.85,7026634.5517
1653903000000,2022-05-30T09:30:00+00:00,1905.47,1908.25,1901.01,1903.16,3233.4,6159277.1271
1653903900000,2022-05-30T09:45:00+00:00,1903.16,1906.38,1902.38,1903.7,3643.55,6939463.7746
1653904800000,2022-05-30T10:00:00+00:00,1903.7,1908.06,1893.24,1897.76,7183.67,13643543.0317
1653905700000,2022-05-30T10:15:00+00:00,1897.76,1901.08,1894.7,1897.73,4717.48,8951181.8561
1653906600000,2022-05-30T10:30:00+00:00,1897.73,1899.51,1890.88,1897.09,4475.22,8480890.1092
1653907500000,2022-05-30T10:45:00+00:00,1897.09,1897.88,1892.33,1892.6,1493.11,2829727.9116
1653908400000,2022-05-30T11:00:00+00:00,1892.6,1897.88,1891.66,1896.93,1953.65,3700898.303
1653909300000,2022-05-30T11:15:00+00:00,1896.93,1907.4,1895.53,1905.37,2203.59,4190153.0438
1653910200000,2022-05-30T11:30:00+00:00,1905.37,1906.67,1902.6,1904.55,3157.76,6013732.6239
1653911100000,2022-05-30T11:45:00+00:00,1904.55,1904.55,1899.27,1902.28,1088.32,2068766.8428
1653912000000,2022-05-30T12:00:00+00:00,1902.28,1904.63,1899.86,1903.1,1082.55,2058951.5059
1653912900000,2022-05-30T12:15:00+00:00,1903.1,1914.44,1878.17,1879.27,12520.37,23710854.5229
1653913800000,2022-05-30T12:30:00+00:00,1879.02,1885.99,1872.53,1880.97,10234.21,19229004.6204
1653914700000,2022-05-30T12:45:00+00:00,1880.97,1893.99,1879.28,1887.58,4858.43,9169377.4566
1653915600000,2022-05-30T13:00:00+00:00,1887.58,1893.24,1877.72,1878.28,3931.67,7410162.9223
1653916500000,2022-05-30T13:15:00+00:00,1878.28,1882.54,1874.46,1878.41,3707.95,6965634.8232
1653917400000,2022-05-30T13:30:00+00:00,1878.41,1886.46,1877.55,1882.35,2332.78,4391923.8748
1653918300000,2022-05-30T13:45:00+00:00,1882.35,1892.59,1882.1,1892.04,2050.93,3874366.6503
1653919200000,2022-05-30T14:00:00+00:00,1892.04,1923.42,1889.81,1908.72,11318.96,21601900.8125
1653920100000,2022-05-30T14:15:00+00:00,1908.72,1920.66,1906.27,1915.98,4795.28,9182218.0417
1653921000000,2022-05-30T14:30:00+00:00,1915.98,1918.74,1892.84,1894.98,12365.97,23509256.7027
1653921900000,2022-05-30T14:45:00+00:00,1895.21,1900.44,1894.04,1895.97,4452.03,8444729.6313
1653922800000,2022-05-30T15:00:00+00:00,1895.97,1906.83,1894.34,1904.5,2018.95,3840088.2708
1653923700000,2022-05-30T15:15:00+00:00,1904.5,1910.08,1897.2,1908.2,5513.23,10510050.8772
1653924600000,2022-05-30T15:30:00+00:00,1908.2,1912.38,1900.22,1909.79,1715.68,3273157.1799
1653925500000,2022-05-30T15:45:00+00:00,1909.79,1915.09,1907.65,1911.69,1935.6,3700297.4887
1653926400000,2022-05-30T16:00:00+00:00,1911.69,1914.25,1905.55,1910.73,2713.39,5182274.3272
1653927300000,2022-05-30T16:15:00+00:00,1910.73,1919.96,1909.27,1917.02,2675.2,5124384.9856
1653928200000,2022-05-30T16:30:00+00:00,1917.02,1922.58,1910.38,1918.52,3525.58,6755674.8776
1653929100000,2022-05-30T16:45:00+00:00,1918.52,1933.9,1912.42,1916.62,13410.79,25834073.7088
1653930000000,2022-05-30T17:00:00+00:00,1916.62,1923.31,1911.92,1922.82,2343.76,4493357.7931
1653930900000,2022-05-30T17:15:00+00:00,1922.82,1933.38,1922.79,1931.17,4914.05,9483847.2663
1653931800000,2022-05-30T17:30:00+00:00,1931.17,1932.52,1926.72,1931.12,1155.01,2228501.9291
1653932700000,2022-05-30T17:45:00+00:00,1931.12,1933.78,1924.45,1927.11,2309.12,4453233.9926
1653933600000,2022-05-30T18:00:00+00:00,1927.11,1927.14,1923.97,1924.54,1674.03,3223670.9193
1653934500000,2022-05-30T18:15:00+00:00,1924.54,1925.04,1920.32,1923.19,1335.28,2567536.94
1653935400000,2022-05-30T18:30:00+00:00,1923.19,1923.53,1917.3,1923.53,906.06,1739696.3797
1653936300000,2022-05-30T18:45:00+00:00,1923.53,1924.31,1919.31,1920.09,287.16,551855.3165
1653937200000,2022-05-30T19:00:00+00:00,1920.09,1931.15,1918.86,1928.74,910.17,1753082.4564
1653938100000,2022-05-30T19:15:00+00:00,1928.74,1929.59,1926.44,1928.33,720.28,1388317.0617
1653939000000,2022-05-30T19:30:00+00:00,1928.33,1932.16,1921.21,1922.42,1026.83,1976789.4816
1653939900000,2022-05-30T19:45:00+00:00,1922.42,1922.53,1910.55,1916.33,3023.01,5790385.4067
1653940800000,2022-05-30T20:00:00+00:00,1916.33,1930.99,1912.19,1926.92,2079.86,3997275.8453
1653941700000,2022-05-30T20:15:00+00:00,1926.92,1959.52,1926.92,1947.62,8200.65,15931188.124
1653942600000,2022-05-30T20:30:00+00:00,1947.62,1948.14,1934.07,1944.61,1793.55,3479455.4067
1653943500000,2022-05-30T20:45:00+00:00,1944.61,1954.33,1937.61,1953.63,1808.79,3521009.3494
1653944400000,2022-05-30T21:00:00+00:00,1953.63,1968.88,1947.72,1961.83,4203.35,8237229.3198
1653945300000,2022-05-30T21:15:00+00:00,1961.83,2001.22,1960.75,1979.97,17650.21,35045007.7239
1653946200000,2022-05-30T21:30:00+00:00,1979.97,1986.82,1972.42,1976.74,4816.39,9525711.0876
1653947100000,2022-05-30T21:45:00+00:00,1976.74,1993,1972.87,1989.81,2488.53,4938311.5588
1653948000000,2022-05-30T22:00:00+00:00,1989.81,1996.24,1984.26,1988.02,2636.24,5244595.631
1653948900000,2022-05-30T22:15:00+00:00,1988.02,1995.19,1978.53,1990.77,2159.86,4289187.3332
1653949800000,2022-05-30T22:30:00+00:00,1990.77,1998.34,1985.01,1995.81,2639.99,5259258.4436
1653950700000,2022-05-30T22:45:00+00:00,1995.81,1999.76,1992,1999.29,2609.24,5208158.9204
1653951600000,2022-05-30T23:00:00+00:00,1999.29,2013.07,1984.12,2008.96,7892.06,15798587.7325
1653952500000,2022-05-30T23:15:00+00:00,2008.96,2011.28,1997.45,1999.65,6577.59,13178457.9221
1653953400000,2022-05-30T23:30:00+00:00,1999.65,1999.7,1991,1994.44,5057.25,10084434.3017
1653954300000,2022-05-30T23:45:00+00:00,1994.44,2000.67,1990.27,1997.99,3124.84,6233969.1578
1653955200000,2022-05-31T00:00:00+00:00,1997.99,2015.6,1993.83,1994.75,7090.48,14204333.8804
1653956100000,2022-05-31T00:15:00+00:00,1994.75,1995.94,1987.58,1994.71,3660.68,7296376.1934
1653957000000,2022-05-31T00:30:00+00:00,1994.71,1994.95,1987.07,1988.81,1443.01,2872466.7365
1653957900000,2022-05-31T00:45:00+00:00,1988.81,1994.01,1979.65,1992.22,3096.51,6153751.254
1653958800000,2022-05-31T01:00:00+00:00,1992.22,1992.37,1987.01,1990.55,2500.24,4974304.5241
1653959700000,2022-05-31T01:15:00+00:00,1990.55,1990.76,1982.76,1987.75,2203.33,4377076.7922
1653960600000,2022-05-31T01:30:00+00:00,1987.75,1991.3,1975.89,1983.57,4689.7,9289214.8264
1653961500000,2022-05-31T01:45:00+00:00,1983.57,1986.77,1982.47,1985.83,1117.9,2219111.462
1653962400000,2022-05-31T02:00:00+00:00,1985.83,1992.71,1980.83,1992.6,2093.15,4160816.4091
1653963300000,2022-05-31T02:15:00+00:00,1992.6,1996.66,1987.85,1996.57,2523.58,5028480.6165
1653964200000,2022-05-31T02:30:00+00:00,1996.59,1996.59,1989.17,1991.67,1295.63,2580833.9849
1653965100000,2022-05-31T02:45:00+00:00,1991.67,1999.13,1991.67,1995.5,1324.21,2642337.2367
1653966000000,2022-05-31T03:00:00+00:00,1995.5,2002.7,1993.39,2002.66,1898.13,3791115.9841
1653966900000,2022-05-31T03:15:00+00:00,2002.66,2002.66,1991.03,1992.3,1973.74,3938903.3744
1653967800000,2022-05-31T03:30:00+00:00,1992.3,1992.33,1985.29,1990.33,1975.8,3929607.7165
1653968700000,2022-05-31T03:45:00+00:00,1990.33,1997.64,1988.76,1993.74,888.76,1771285.5699
1653969600000,2022-05-31T04:00:00+00:00,1993.74,1995.54,1986.78,1995.27,2785.25,5544568.209
1653970500000,2022-05-31T04:15:00+00:00,1995.27,1995.44,1992.31,1992.85,713.91,1423434.6237
1653971400000,2022-05-31T04:30:00+00:00,1992.85,1995.54,1983.53,1984.25,3950.8,7854892.5702
1653972300000,2022-05-31T04:45:00+00:00,1984.25,1987.62,1982.54,1983.59,2279.17,4524672.0214
1653973200000,2022-05-31T05:00:00+00:00,1983.59,1986.14,1978.37,1982.6,3386.77,6710563.4947
1653974100000,2022-05-31T05:15:00+00:00,1982.6,1987.8,1982.05,1986.47,1524.2,3026801.6643
1653975000000,2022-05-31T05:30:00+00:00,1986.47,1987.88,1977.7,1979.27,3678.93,7286927.5446
1653975900000,2022-05-31T05:45:00+00:00,1979.27,1982.52,1977.62,1978.33,2833.75,5611478.535
1653976800000,2022-05-31T06:00:00+00:00,1978.33,1979.32,1972.99,1973.24,3881.39,7671301.7394
1653977700000,2022-05-31T06:15:00+00:00,1973.24,1975.11,1964.85,1970.13,5559.73,10947149.9926
1653978600000,2022-05-31T06:30:00+00:00,1970.13,1973.56,1960,1969.8,5738.76,11276946.6682
1653979500000,2022-05-31T06:45:00+00:00,1969.8,1973.78,1962.55,1966.42,4126.28,8112884.2774
1653980400000,2022-05-31T07:00:00+00:00,1966.42,1973.35,1965.28,1972.31,2153.57,4245564.986
1653981300000,2022-05-31T07:15:00+00:00,1972.31,1975.88,1967.75,1972.42,4314.17,8506787.2153
1653982200000,2022-05-31T07:30:00+00:00,1972.42,1973.41,1967.3,1969.69,1721.81,3389706.0711
1653983100000,2022-05-31T07:45:00+00:00,1969.69,1971.98,1964.57,1970.15,2673.1,5260606.7541
1653984000000,2022-05-31T08:00:00+00:00,1970.15,1977.43,1969.53,1970.52,1459.32,2878370.5134
1653984900000,2022-05-31T08:15:00+00:00,1970.52,1974.41,1970.48,1973.85,553.11,1091278.4946
1653985800000,2022-05-31T08:30:00+00:00,1973.85,1974,1971.28,1973.82,423.47,835425.4677
1653986700000,2022-05-31T08:45:00+00:00,1973.82,1984.37,1969.65,1970.39,1770.72,3498507.1464
1653987600000,2022-05-31T09:00:00+00:00,1970.39,1972.22,1961.52,1967.26,1632.69,3211863.7414
1653988500000,2022-05-31T09:15:00+00:00,1967.26,1967.42,1957.12,1967.03,2645.7,5191051.2127
1653989400000,2022-05-31T09:30:00+00:00,1967.03,1970.85,1960.08,1962.88,1830.33,3598347.1212
1653990300000,2022-05-31T09:45:00+00:00,1962.88,1967.25,1960.92,1964.82,1235,2426092.9419
1653991200000,2022-05-31T10:00:00+00:00,1964.82,1973.28,1961.46,1971.96,2454.66,4833446.5689
1653992100000,2022-05-31T10:15:00+00:00,1971.96,1975.25,1968.09,1968.88,1323.35,2609147.8472
1653993000000,2022-05-31T10:30:00+00:00,1968.88,1973.13,1967.66,1972.64,600.49,1183409.3324
1653993900000,2022-05-31T10:45:00+00:00,1972.64,1975.23,1969.27,1972.18,622.29,1226965.5783
1653994800000,2022-05-31T11:00:00+00:00,1972.18,1983,1971.33,1975.96,3478.15,6883999.5121
1653995700000,2022-05-31T11:15:00+00:00,1975.96,1984.26,1973.32,1983.89,2133.76,4219179.5955
1653996600000,2022-05-31T11:30:00+00:00,1983.89,1984,1979.76,1980.37,1081.9,2143665.999
1653997500000,2022-05-31T11:45:00+00:00,1980.37,1981.64,1973.97,1977.8,2004.69,3963828.2056
1653998400000,2022-05-31T12:00:00+00:00,1977.8,1977.8,1972.31,1975.72,1717.81,3390979.8294
1653999300000,2022-05-31T12:15:00+00:00,1975.72,1979.11,1965,1968.53,2955.81,5823657.8764
1654000200000,2022-05-31T12:30:00+00:00,1968.53,1970.28,1961.17,1961.49,2325.22,4568076.4778
1654001100000,2022-05-31T12:45:00+00:00,1961.49,1965.09,1958.24,1963.36,1727.81,3388722.2908
1654002000000,2022-05-31T13:00:00+00:00,1963.36,1973.41,1963.23,1971.87,2994.98,5897751.1823
1654002900000,2022-05-31T13:15:00+00:00,1971.87,1986.15,1968.79,1981.51,4044.12,7993710.7377
1654003800000,2022-05-31T13:30:00+00:00,1981.51,1982.11,1934.45,1941.47,16608.02,32401802.0635
1654004700000,2022-05-31T13:45:00+00:00,1941.47,1949.88,1934.97,1943.82,8062.44,15665185.4885
1654005600000,2022-05-31T14:00:00+00:00,1943.82,1944.27,1928.86,1942.58,6758.55,13084060.7676
1654006500000,2022-05-31T14:15:00+00:00,1942.58,1957.53,1942.22,1949.73,5257.75,10254431.6481
1654007400000,2022-05-31T14:30:00+00:00,1949.73,1960.33,1949.05,1958.82,3095.79,6058836.0515
1654008300000,2022-05-31T14:45:00+00:00,1958.82,1965.43,1956.68,1960.83,3639.13,7128839.7291
1654009200000,2022-05-31T15:00:00+00:00,1960.83,1962.86,1949.14,1950.45,2041.16,3988547.2883
1654010100000,2022-05-31T15:15:00+00:00,1950.45,1955.92,1944.78,1953,2035.29,3970724.6437
1654011000000,2022-05-31T15:30:00+00:00,1953,1964.16,1947.39,1962.23,2371.71,4633459.8175
1654011900000,2022-05-31T15:45:00+00:00,1962.23,1994.57,1962.22,1987.34,9899.23,19638457.1413
1654012800000,2022-05-31T16:00:00+00:00,1987.34,1999,1967.39,1967.4,13967.53,27737766.3937
1654013700000,2022-05-31T16:15:00+00:00,1967.58,1976.03,1960.2,1974.07,7592.28,14940332.1089
1654014600000,2022-05-31T16:30:00+00:00,1974.07,1987.16,1962.29,1982.79,3903.98,7714049.7533
1654015500000,2022-05-31T16:45:00+00:00,1982.79,1986.06,1971.76,1972.64,2067.53,4090195.393
1654016400000,2022-05-31T17:00:00+00:00,1972.64,1977.93,1966.48,1973.65,1650.44,3255265.1266
1654017300000,2022-05-31T17:15:00+00:00,1973.65,1973.94,1950.98,1955.57,3361.79,6585051.5047
1654018200000,2022-05-31T17:30:00+00:00,1955.57,1960.13,1952.03,1956.95,1185.11,2318427.153
1654019100000,2022-05-31T17:45:00+00:00,1956.95,1968.44,1956.47,1967.13,1575.25,3091901.9586
1654020000000,2022-05-31T18:00:00+00:00,1967.13,1969.58,1962.32,1965.54,1570.09,3087830.7857
1654020900000,2022-05-31T18:15:00+00:00,1965.54,1967.66,1957.9,1960.7,672.23,1318991.903
1654021800000,2022-05-31T18:30:00+00:00,1960.7,1961.12,1941.62,1944.78,1519.87,2961406.4232
1654022700000,2022-05-31T18:45:00+00:00,1944.78,1945.44,1924.25,1933.73,4074.36,7879693.7737
1654023600000,2022-05-31T19:00:00+00:00,1933.73,1939.68,1929.57,1937.18,1414.8,2736894.4693
1654024500000,2022-05-31T19:15:00+00:00,1937.18,1944.21,1935.73,1935.89,1430.35,2775893.2511
1654025400000,2022-05-31T19:30:00+00:00,1935.89,1942.63,1931.04,1931.33,815.69,1580127.1635
1654026300000,2022-05-31T19:45:00+00:00,1931.33,1937.66,1927.09,1934.26,1141.03,2204958.9201
1654027200000,2022-05-31T20:00:00+00:00,1934.26,1945.74,1933.96,1944.12,750.27,1455199.7733
1654028100000,2022-05-31T20:15:00+00:00,1944.12,1944.78,1940.07,1942.03,577.86,1122279.307
1654029000000,2022-05-31T20:30:00+00:00,1942.03,1948.69,1939.62,1942.63,1366.93,2658729.7969
1654029900000,2022-05-31T20:45:00+00:00,1942.63,1953.57,1941.11,1953.57,992.71,1933598.3951
1654030800000,2022-05-31T21:00:00+00:00,1953.5,1953.57,1947.75,1950.09,777.43,1516583.0979
1654031700000,2022-05-31T21:15:00+00:00,1950.09,1952.73,1948.56,1950.32,3025.35,5899493.3007
1654032600000,2022-05-31T21:30:00+00:00,1950.32,1951.43,1944.52,1946.59,3709.45,7229434.1169
1654033500000,2022-05-31T21:45:00+00:00,1946.59,1951.67,1941.32,1947.05,2617.26,5093553.7659
1654034400000,2022-05-31T22:00:00+00:00,1947.05,1949.99,1942.02,1942.26,1266.92,2464831.6059
1654035300000,2022-05-31T22:15:00+00:00,1942.26,1955.72,1941.78,1949.14,1257.36,2451703.5487
1654036200000,2022-05-31T22:30:00+00:00,1949.14,1954.21,1949.14,1952.36,1105.91,2159075.4802
1654037100000,2022-05-31T22:45:00+00:00,1952.36,1959.54,1949.8,1956.56,1028.1,2010577.821
1654038000000,2022-05-31T23:00:00+00:00,1956.56,1957.61,1950.37,1951.74,450.33,879815.6352
1654038900000,2022-05-31T23:15:00+00:00,1951.74,1954.72,1950.12,1951.73,920.8,1798240.8945
1654039800000,2022-05-31T23:30:00+00:00,1951.73,1954.91,1947,1947.07,766.56,1494222.1798
1654040700000,2022-05-31T23:45:00+00:00,1947.07,1952.6,1937.58,1941.38,991.58,1926989.9775
