timestamp_ms,datetime_utc,open,high,low,close,base_volume,quote_volume
1677628800000,2023-03-01T00:00:00+00:00,1604.5,1605.37,1599.45,1605.17,10401.45,16676923.7489
1677629700000,2023-03-01T00:15:00+00:00,1605.17,1609.18,1604.59,1605.9,8020.01,12885968.2724
1677630600000,2023-03-01T00:30:00+00:00,1605.9,1610.86,1605.9,1606.67,6511.08,10471758.2099
1677631500000,2023-03-01T00:45:00+00:00,1606.67,1607.07,1594.18,1600.9,26911.71,43021216.0417
1677632400000,2023-03-01T01:00:00+00:00,1600.9,1606.42,1598.3,1606.36,8895.66,14260413.1493
1677633300000,2023-03-01T01:15:00+00:00,1606.36,1608.25,1604.13,1608.25,11118.58,17861671.2553
1677634200000,2023-03-01T01:30:00+00:00,1608.25,1614.77,1608.25,1611.7,13067.25,21062304.3238
1677635100000,2023-03-01T01:45:00+00:00,1611.7,1615,1610.77,1613.07,12229.87,19725035.61
1677636000000,2023-03-01T02:00:00+00:00,1613.07,1614.6,1612.59,1614.07,9019.78,14552322.6458
1677636900000,2023-03-01T02:15:00+00:00,1614.07,1614.9,1612.79,1612.92,8027.74,12959013.7094
1677637800000,2023-03-01T02:30:00+00:00,1612.92,1617,1612.46,1615.86,8092.25,13072063.9062
1677638700000,2023-03-01T02:45:00+00:00,1615.86,1620.6,1615.86,1620.6,7481.6,12105621.9049
1677639600000,2023-03-01T03:00:00+00:00,1620.6,1629.5,1618.94,1628.07,15138.4,24560212.0923
1677640500000,2023-03-01T03:15:00+00:00,1628.07,1637.07,1628.05,1632.72,29283.03,47834523.9687
1677641400000,2023-03-01T03:30:00+00:00,1632.72,1639.27,1632.72,1638.72,17523.26,28673568.4183
1677642300000,2023-03-01T03:45:00+00:00,1638.72,1639.54,1633.62,1637.44,13111.82,21446350.0284
1677643200000,2023-03-01T04:00:00+00:00,1637.44,1638.54,1634.85,1634.94,11297.18,18482540.0773
1677644100000,2023-03-01T04:15:00+00:00,1634.94,1639.55,1634.94,1638.94,11095.95,18176142.2759
1677645000000,2023-03-01T04:30:00+00:00,1638.94,1643.81,1638.94,1639.93,19967.51,32786837.3872
1677645900000,2023-03-01T04:45:00+00:00,1639.93,1660.37,1639.93,1658.98,47819.82,79076353.8715
1677646800000,2023-03-01T05:00:00+00:00,1658.98,1661.9,1653.6,1653.61,15486.07,25666323.5023
1677647700000,2023-03-01T05:15:00+00:00,1653.61,1655.84,1648.59,1650.03,14815.01,24469899.1589
1677648600000,2023-03-01T05:30:00+00:00,1650.03,1652.13,1648.38,1649.79,12384.46,20438230.6077
1677649500000,2023-03-01T05:45:00+00:00,1649.79,1651.58,1648.86,1650.83,11531.35,19029659.7651
1677650400000,2023-03-01T06:00:00+00:00,1650.83,1654.69,1649.22,1652.18,9618.04,15879785.1658
1677651300000,2023-03-01T06:15:00+00:00,1652.18,1653.29,1650.82,1653.28,9450.9,15614179.8174
1677652200000,2023-03-01T06:30:00+00:00,1653.28,1656,1653.02,1655.78,9142.2,15130331.5481
1677653100000,2023-03-01T06:45:00+00:00,1655.78,1659.63,1654.6,1654.65,12504.3,20716620.7926
1677654000000,2023-03-01T07:00:00+00:00,1654.65,1655,1652.53,1654.54,11014.96,18218605.4639
1677654900000,2023-03-01T07:15:00+00:00,1654.54,1656,1652.54,1653.39,9399.1,15542718.6524
1677655800000,2023-03-01T07:30:00+00:00,1653.39,1654.72,1651.26,1652.61,8254.9,13643786.1343
1677656700000,2023-03-01T07:45:00+00:00,1652.61,1653.03,1650.42,1651.01,9408.62,15537773.7234
1677657600000,2023-03-01T08:00:00+00:00,1651.01,1655.35,1649.36,1654.34,9566.31,15812706.7505
1677658500000,2023-03-01T08:15:00+00:00,1654.34,1656,1652.47,1653.05,9131.07,15105784.9663
1677659400000,2023-03-01T08:30:00+00:00,1653.05,1655.5,1652.49,1653.81,8029.73,13280957.091
1677660300000,2023-03-01T08:45:00+00:00,1653.81,1669.4,1653.09,1659,30809.95,51195993.2632
1677661200000,2023-03-01T09:00:00+00:00,1659,1661.08,1655.68,1658.87,12876.15,21348258.2347
1677662100000,2023-03-01T09:15:00+00:00,1658.87,1659,1653.5,1654.22,9968.7,16512569.377
1677663000000,2023-03-01T09:30:00+00:00,1654.22,1655.32,1652.03,1652.43,6252.7,10341989.456
1677663900000,2023-03-01T09:45:00+00:00,1652.43,1655.04,1651.63,1653.25,5311.96,8783141.3416
1677664800000,2023-03-01T10:00:00+00:00,1653.25,1653.83,1651.67,1653.38,5580.95,9224561.7991
1677665700000,2023-03-01T10:15:00+00:00,1653.38,1654.18,1651.5,1654.02,6790.78,11226959.4858
1677666600000,2023-03-01T10:30:00+00:00,1654.02,1655.96,1652.04,1655.34,8149.62,13483248.0173
1677667500000,2023-03-01T10:45:00+00:00,1655.34,1657.34,1654.03,1656.75,7086.7,11729537.6711
1677668400000,2023-03-01T11:00:00+00:00,1656.75,1657.14,1655.38,1655.7,9177.15,15201972.0695
1677669300000,2023-03-01T11:15:00+00:00,1655.7,1655.97,1653.7,1654.06,8918.42,14760845.4829
1677670200000,2023-03-01T11:30:00+00:00,1654.06,1655.76,1653.74,1655.71,9804.3,16224432.5395
1677671100000,2023-03-01T11:45:00+00:00,1655.71,1656.45,1654.27,1656.44,9086.74,15042076.173
1677672000000,2023-03-01T12:00:00+00:00,1656.44,1657.21,1655.66,1655.79,10203.64,16901297.856
1677672900000,2023-03-01T12:15:00+00:00,1655.79,1658.31,1655.66,1658.14,10043.31,16639434.2045
1677673800000,2023-03-01T12:30:00+00:00,1658.14,1659.44,1654.12,1654.19,14793.51,24499067.2479
1677674700000,2023-03-01T12:45:00+00:00,1654.19,1654.23,1651.97,1653.09,8925.17,14756590.7926
1677675600000,2023-03-01T13:00:00+00:00,1653.09,1653.53,1649.53,1651.03,12815.56,21162776.2574
1677676500000,2023-03-01T13:15:00+00:00,1651.03,1653.67,1649.53,1649.94,10250.04,16934649.2426
1677677400000,2023-03-01T13:30:00+00:00,1649.94,1653.1,1646.49,1650.03,10308.59,17006902.8256
1677678300000,2023-03-01T13:45:00+00:00,1650.03,1652.67,1649.27,1651.71,4406.76,7277959.5968
1677679200000,2023-03-01T14:00:00+00:00,1651.71,1653.02,1649.39,1651.97,6256.58,10331964.7308
1677680100000,2023-03-01T14:15:00+00:00,1651.97,1655.42,1651,1654.77,6828.9,11290927.7737
1677681000000,2023-03-01T14:30:00+00:00,1654.77,1660.4,1647.91,1656.38,20802.63,34406830.4689
1677681900000,2023-03-01T14:45:00+00:00,1656.38,1670.03,1652.66,1654.37,28975.25,48201384.2637
1677682800000,2023-03-01T15:00:00+00:00,1654.37,1659.6,1648.5,1654.01,28536.82,47194246.0292
1677683700000,2023-03-01T15:15:00+00:00,1654.01,1659.44,1650.24,1655.02,9850.76,16309416.0849
1677684600000,2023-03-01T15:30:00+00:00,1655.02,1661.44,1652.68,1659.29,8105.23,13437546.9032
1677685500000,2023-03-01T15:45:00+00:00,1659.29,1661,1655.5,1657.67,6352.42,10531630.4886
1677686400000,2023-03-01T16:00:00+00:00,1657.67,1657.81,1643.79,1647.25,21791.13,35969830.681
1677687300000,2023-03-01T16:15:00+00:00,1647.25,1651.06,1642.52,1648.63,12589.93,20740384.2056
1677688200000,2023-03-01T16:30:00+00:00,1648.63,1657.83,1648.62,1655.4,13167.12,21763477.2058
1677689100000,2023-03-01T16:45:00+00:00,1655.4,1659.77,1655.37,1655.5,12336.97,20445589.4172
1677690000000,2023-03-01T17:00:00+00:00,1655.5,1659.53,1654.24,1657.37,9288.26,15388955.2966
1677690900000,2023-03-01T17:15:00+00:00,1657.37,1659.41,1655.5,1655.64,11250.18,18643866.2155
1677691800000,2023-03-01T17:30:00+00:00,1655.64,1659.2,1655.64,1659,10363.88,17178674.9703
1677692700000,2023-03-01T17:45:00+00:00,1659,1660.41,1656.16,1656.75,10289.06,17062759.0929
1677693600000,2023-03-01T18:00:00+00:00,1656.75,1657.76,1655.96,1656.64,10493.7,17386267.4632
1677694500000,2023-03-01T18:15:00+00:00,1656.64,1658,1652.11,1653.2,11318.05,18733417.0302
1677695400000,2023-03-01T18:30:00+00:00,1653.2,1656.7,1651.23,1653.07,10614.84,17553022.3587
1677696300000,2023-03-01T18:45:00+00:00,1653.07,1655.36,1652.75,1655.18,9808.59,16222417.8259
1677697200000,2023-03-01T19:00:00+00:00,1655.18,1655.18,1652.38,1654.61,9900.78,16375348.3326
1677698100000,2023-03-01T19:15:00+00:00,1654.61,1655.42,1653.18,1653.23,8635.56,14283946.3311
1677699000000,2023-03-01T19:30:00+00:00,1653.23,1653.23,1650.34,1652.38,6828.93,11278774.9727
1677699900000,2023-03-01T19:45:00+00:00,1652.38,1652.38,1631.38,1635.23,32879.24,53840193.6224
1677700800000,2023-03-01T20:00:00+00:00,1635.23,1641.86,1631.81,1640.2,13694.45,22434079.0671
1677701700000,2023-03-01T20:15:00+00:00,1640.2,1644.5,1638.2,1639.69,9775.11,16038550.6763
1677702600000,2023-03-01T20:30:00+00:00,1639.69,1643.09,1638.4,1642.53,4443.26,7289679.047
1677703500000,2023-03-01T20:45:00+00:00,1642.53,1643.47,1641.06,1642.49,5538.92,9096882.2743
1677704400000,2023-03-01T21:00:00+00:00,1642.49,1642.95,1639.39,1642.02,6022.41,9881970.2115
1677705300000,2023-03-01T21:15:00+00:00,1642.02,1649.44,1641.87,1648.78,7482.78,12308632.1525
1677706200000,2023-03-01T21:30:00+00:00,1648.78,1659.13,1647.82,1656,16245.03,26891182.5052
1677707100000,2023-03-01T21:45:00+00:00,1656,1658.41,1653.67,1657.25,7141.94,11827437.013
1677708000000,2023-03-01T22:00:00+00:00,1657.25,1658.79,1656.3,1656.31,9625.04,15954832.5266
1677708900000,2023-03-01T22:15:00+00:00,1656.31,1656.34,1648.1,1650.81,12090.36,19965026.9366
1677709800000,2023-03-01T22:30:00+00:00,1650.81,1655.73,1649.04,1655.23,12416.06,20510793.6798
1677710700000,2023-03-01T22:45:00+00:00,1655.23,1657.2,1653.45,1656.09,13358.08,22106995.1331
1677711600000,2023-03-01T23:00:00+00:00,1656.09,1657,1653.22,1655,10880.01,18009919.5441
1677712500000,2023-03-01T23:15:00+00:00,1655,1657,1653.28,1657,8740.86,14468669.1209
1677713400000,2023-03-01T23:30:00+00:00,1657,1663.84,1656.17,1662.62,14346.79,23825706.9567
1677714300000,2023-03-01T23:45:00+00:00,1662.62,1666.26,1662.62,1665.03,13749.34,22896780.7225
1677715200000,2023-03-02T00:00:00+00:00,1665.03,1668,1662.55,1663.28,13929.04,23192508.9884
1677716100000,2023-03-02T00:15:00+00:00,1663.28,1677.93,1661.64,1669.54,35504.47,59373222.3166
1677717000000,2023-03-02T00:30:00+00:00,1669.54,1670.71,1663.84,1664.76,14199.29,23665162.2025
1677717900000,2023-03-02T00:45:00+00:00,1664.76,1664.76,1658.37,1658.74,14139.17,23490614.9767
1677718800000,2023-03-02T01:00:00+00:00,1658.74,1660.98,1655.92,1658.9,12472.88,20685772.6956
1677719700000,2023-03-02T01:15:00+00:00,1658.9,1660.48,1651.77,1653.64,13778.57,22833995.7654
1677720600000,2023-03-02T01:30:00+00:00,1653.64,1656.07,1645.59,1646.92,13056.03,21551163.314
1677721500000,2023-03-02T01:45:00+00:00,1646.92,1651.44,1645.13,1650.79,8223.18,13567553.6313
1677722400000,2023-03-02T02:00:00+00:00,1650.79,1652.28,1648.6,1650.27,6770.41,11174434.5547
1677723300000,2023-03-02T02:15:00+00:00,1650.27,1652.01,1647.5,1652,9962.56,16437707.0287
1677724200000,2023-03-02T02:30:00+00:00,1652,1652.64,1645.31,1646.26,12115.65,19987511.9201
1677725100000,2023-03-02T02:45:00+00:00,1646.26,1650.1,1645.47,1648.44,11262.25,18555143.088
1677726000000,2023-03-02T03:00:00+00:00,1648.44,1649.3,1644.38,1649.29,13876.76,22855236.424
1677726900000,2023-03-02T03:15:00+00:00,1649.29,1651.5,1648.05,1649.69,11185.44,18456424.5776
1677727800000,2023-03-02T03:30:00+00:00,1649.69,1650.3,1646.61,1649.18,8259.14,13616965.7339
1677728700000,2023-03-02T03:45:00+00:00,1649.18,1649.52,1646.49,1648.55,9401.96,15495160.5493
1677729600000,2023-03-02T04:00:00+00:00,1648.55,1648.9,1647.14,1648.63,7917.07,13047863.5546
1677730500000,2023-03-02T04:15:00+00:00,1648.63,1648.96,1646.68,1648,9667.79,15931465.7796
1677731400000,2023-03-02T04:30:00+00:00,1648,1650.28,1647.87,1650.24,4627.32,7632676.8947
1677732300000,2023-03-02T04:45:00+00:00,1650.24,1651.52,1649.91,1651.51,4463.61,7366954.527
1677733200000,2023-03-02T05:00:00+00:00,1651.51,1651.66,1646.59,1646.96,4591.61,7578530.7361
1677734100000,2023-03-02T05:15:00+00:00,1646.96,1648.86,1646.95,1647.3,6358.42,10477920.0832
1677735000000,2023-03-02T05:30:00+00:00,1647.3,1648.12,1645,1646.61,8874.87,14612363.268
1677735900000,2023-03-02T05:45:00+00:00,1646.61,1646.97,1642.49,1644.51,16238.61,26705052.412
1677736800000,2023-03-02T06:00:00+00:00,1644.51,1645.67,1638.57,1642.7,17977.7,29525274.7482
1677737700000,2023-03-02T06:15:00+00:00,1642.7,1646.72,1640.89,1646,9166.11,15069254.0279
1677738600000,2023-03-02T06:30:00+00:00,1646,1646.6,1644.95,1646.16,5699.7,9380242.5516
1677739500000,2023-03-02T06:45:00+00:00,1646.16,1647.2,1644.2,1644.71,4639.64,7636232.8127
1677740400000,2023-03-02T07:00:00+00:00,1644.71,1645.48,1643.6,1645.26,4400,7236447.1774
1677741300000,2023-03-02T07:15:00+00:00,1645.26,1645.27,1639.69,1642.74,7006.32,11504036.4216
1677742200000,2023-03-02T07:30:00+00:00,1642.74,1644.48,1640.99,1644.04,10267.98,16860589.81
1677743100000,2023-03-02T07:45:00+00:00,1644.04,1644.82,1643,1643.76,8770.15,14416487.2223
1677744000000,2023-03-02T08:00:00+00:00,1643.76,1644.35,1641.49,1643.89,11236.45,18462265.0328
1677744900000,2023-03-02T08:15:00+00:00,1643.89,1644.4,1641.84,1643.98,8609.3,14146737.8155
1677745800000,2023-03-02T08:30:00+00:00,1643.98,1646.99,1637.59,1646.99,22054.45,36215788.265
1677746700000,2023-03-02T08:45:00+00:00,1646.99,1647.97,1644.55,1645.8,9212.77,15165158.0005
1677747600000,2023-03-02T09:00:00+00:00,1645.8,1646.46,1643.81,1645.29,10317.28,16973293.4998
1677748500000,2023-03-02T09:15:00+00:00,1645.29,1645.63,1642.43,1645.36,9267.92,15234772.6807
1677749400000,2023-03-02T09:30:00+00:00,1645.36,1646.96,1643.73,1645.1,4085.53,6721307.35
1677750300000,2023-03-02T09:45:00+00:00,1645.1,1645.57,1640.21,1641.4,6618.62,10877325.0554
1677751200000,2023-03-02T10:00:00+00:00,1641.4,1642.32,1637.1,1639.86,7701.66,12632817.63
1677752100000,2023-03-02T10:15:00+00:00,1639.86,1642.38,1639.29,1640.49,4900.47,8039012.2498
1677753000000,2023-03-02T10:30:00+00:00,1640.49,1642.48,1638.55,1641.19,6362.08,10439098.0579
1677753900000,2023-03-02T10:45:00+00:00,1641.19,1641.44,1637.78,1640.22,9230.98,15136096.6558
1677754800000,2023-03-02T11:00:00+00:00,1640.22,1642.29,1639.64,1640.04,7071.74,11605755.1181
1677755700000,2023-03-02T11:15:00+00:00,1640.04,1642.62,1640.04,1642.06,6115.62,10037445.8997
1677756600000,2023-03-02T11:30:00+00:00,1642.06,1644,1640.08,1642.7,7582.51,12453302.9064
1677757500000,2023-03-02T11:45:00+00:00,1642.7,1644.67,1641.56,1643.69,7134.24,11723112.976
1677758400000,2023-03-02T12:00:00+00:00,1643.69,1644.54,1641.29,1641.8,6459.61,10613910.54
1677759300000,2023-03-02T12:15:00+00:00,1641.8,1642.33,1636.35,1636.36,7832.85,12841175.5474
1677760200000,2023-03-02T12:30:00+00:00,1636.36,1640,1631.44,1634.64,21374.92,34963705.3034
1677761100000,2023-03-02T12:45:00+00:00,1634.64,1635.61,1632,1634.57,11134.35,18191554.8738
1677762000000,2023-03-02T13:00:00+00:00,1634.57,1636,1626,1628.34,20346.5,33187187.5355
1677762900000,2023-03-02T13:15:00+00:00,1628.34,1637.68,1626.46,1634.63,20094.43,32824126.2747
1677763800000,2023-03-02T13:30:00+00:00,1634.63,1637.54,1630.11,1634.5,10910.75,17823168.9307
1677764700000,2023-03-02T13:45:00+00:00,1634.5,1634.88,1625.82,1627.49,11772.71,19179892.25
1677765600000,2023-03-02T14:00:00+00:00,1627.49,1630.65,1620.32,1623.44,23320.69,37870654.6441
1677766500000,2023-03-02T14:15:00+00:00,1623.44,1625.2,1618.41,1624.58,14232.85,23085007.6792
1677767400000,2023-03-02T14:30:00+00:00,1624.58,1629.05,1623.35,1624.4,13475.66,21909171.6597
1677768300000,2023-03-02T14:45:00+00:00,1624.4,1628.15,1621,1626.41,13017.01,21157042.162
1677769200000,2023-03-02T15:00:00+00:00,1626.41,1631.33,1625.55,1628.28,14691.01,23928409.9815
1677770100000,2023-03-02T15:15:00+00:00,1628.28,1630.23,1622.03,1626.97,10887.89,17708716.555
1677771000000,2023-03-02T15:30:00+00:00,1626.97,1629.77,1625.3,1625.66,9516.53,15488239.8649
1677771900000,2023-03-02T15:45:00+00:00,1625.66,1628.42,1624.62,1627.42,7906.36,12863579.9539
1677772800000,2023-03-02T16:00:00+00:00,1627.42,1628.62,1626.01,1626.7,13482.94,21941673.4932
1677773700000,2023-03-02T16:15:00+00:00,1626.7,1630,1625.86,1625.91,11040.27,17977898.895
1677774600000,2023-03-02T16:30:00+00:00,1625.91,1627.51,1620.84,1623.7,15059.04,24452914.2017
1677775500000,2023-03-02T16:45:00+00:00,1623.7,1626.02,1622.42,1624.42,9327.43,15148701.6628
1677776400000,2023-03-02T17:00:00+00:00,1624.42,1625.25,1622.92,1622.99,9612.52,15615294.3652
1677777300000,2023-03-02T17:15:00+00:00,1622.99,1626.06,1621.07,1625.86,10133.45,16449179.606
1677778200000,2023-03-02T17:30:00+00:00,1625.86,1628.17,1623.21,1623.68,7382.73,12004766.9821
1677779100000,2023-03-02T17:45:00+00:00,1623.68,1625.13,1621.55,1624.14,7459.16,12111174.9641
1677780000000,2023-03-02T18:00:00+00:00,1624.14,1625,1622.32,1625,7005.23,11372885.5904
1677780900000,2023-03-02T18:15:00+00:00,1625,1625.85,1623.65,1624.48,7831.89,12727165.0561
1677781800000,2023-03-02T18:30:00+00:00,1624.48,1634.93,1623.53,1631.17,9218.72,15033883.8219
1677782700000,2023-03-02T18:45:00+00:00,1631.17,1637.86,1629.3,1637.22,10994.43,17960813.5549
1677783600000,2023-03-02T19:00:00+00:00,1637.22,1646,1637.22,1638.2,28367.65,46579203.8436
1677784500000,2023-03-02T19:15:00+00:00,1638.2,1649.98,1637.07,1647.49,18453.07,30362946.236
1677785400000,2023-03-02T19:30:00+00:00,1647.49,1650.99,1644,1647.14,13095.52,21572619.3676
1677786300000,2023-03-02T19:45:00+00:00,1647.14,1647.58,1645.3,1647.03,5381.12,8860390.2789
1677787200000,2023-03-02T20:00:00+00:00,1647.03,1650,1644.88,1647.59,6530.7,10755937.4838
1677788100000,2023-03-02T20:15:00+00:00,1647.59,1648.88,1645.77,1646.94,7517.44,12385498.8423
1677789000000,2023-03-02T20:30:00+00:00,1646.94,1649.33,1645.27,1647.31,10865.58,17897431.0333
1677789900000,2023-03-02T20:45:00+00:00,1647.31,1649.84,1641.01,1642.99,13245.51,21797050.5187
1677790800000,2023-03-02T21:00:00+00:00,1642.99,1644.86,1641.28,1644.17,14111.17,23179572.3182
1677791700000,2023-03-02T21:15:00+00:00,1644.17,1646,1641.68,1644.75,9521.48,15649851.8773
1677792600000,2023-03-02T21:30:00+00:00,1644.75,1644.75,1639.83,1640.99,8173.73,13413807.5603
1677793500000,2023-03-02T21:45:00+00:00,1640.99,1642.73,1639.61,1639.62,6582.73,10805690.6921
1677794400000,2023-03-02T22:00:00+00:00,1639.62,1643.17,1639.4,1643.17,7696.92,12631570.7894
1677795300000,2023-03-02T22:15:00+00:00,1643.17,1652.87,1643.09,1652.33,15855.95,26135706.0291
1677796200000,2023-03-02T22:30:00+00:00,1652.33,1657,1648.31,1649.89,17719.62,29273303.9698
1677797100000,2023-03-02T22:45:00+00:00,1649.89,1650.34,1646.99,1647.37,10505.11,17320174.2984
1677798000000,2023-03-02T23:00:00+00:00,1647.37,1649.68,1646.85,1647.96,8023,13222985.3038
1677798900000,2023-03-02T23:15:00+00:00,1647.96,1649.86,1643.81,1644.77,6989.46,11514688.5727
1677799800000,2023-03-02T23:30:00+00:00,1644.77,1649.24,1643.13,1647.37,7638.22,12572814.0798
1677800700000,2023-03-02T23:45:00+00:00,1647.37,1647.96,1645.42,1647.25,6956.95,11455217.7438
1677801600000,2023-03-03T00:00:00+00:00,1647.25,1648.2,1644.23,1644.24,6713.95,11054849.3485
1677802500000,2023-03-03T00:15:00+00:00,1644.24,1645.87,1642.42,1642.77,7005.5,11520459.6968
1677803400000,2023-03-03T00:30:00+00:00,1642.77,1646.89,1641.07,1641.77,5813.97,9555261.4467
1677804300000,2023-03-03T00:45:00+00:00,1641.77,1643.86,1641.77,1642,5446.38,8948230.5847
1677805200000,2023-03-03T01:00:00+00:00,1642,1642.38,1640.44,1641.05,5475.34,8986655.3499
1677806100000,2023-03-03T01:15:00+00:00,1641.05,1641.57,1596.11,1598.2,121704.17,196172445.9766
1677807000000,2023-03-03T01:30:00+00:00,1598.2,1598.46,1534,1556.29,241578.57,378245939.5753
1677807900000,2023-03-03T01:45:00+00:00,1556.29,1561.77,1542.65,1551.52,81895.08,127179687.301
1677808800000,2023-03-03T02:00:00+00:00,1551.52,1564.09,1548.32,1562.69,32821.32,51133719.1801
1677809700000,2023-03-03T02:15:00+00:00,1562.69,1569.28,1561.63,1568.39,16930.91,26521426.8464
1677810600000,2023-03-03T02:30:00+00:00,1568.39,1568.77,1561.57,1563.41,10126.05,15850782.4538
1677811500000,2023-03-03T02:45:00+00:00,1563.41,1564.59,1562.44,1563.59,5591.48,8742346.4762
1677812400000,2023-03-03T03:00:00+00:00,1563.59,1563.59,1559.7,1561,12233.81,19100714.2139
1677813300000,2023-03-03T03:15:00+00:00,1561,1567.82,1560.2,1566.64,6972.51,10901720.8199
1677814200000,2023-03-03T03:30:00+00:00,1566.64,1566.64,1563.96,1565.32,6894.07,10792784.7055
1677815100000,2023-03-03T03:45:00+00:00,1565.32,1566.26,1562.15,1564.57,4721.86,7386172.0212
1677816000000,2023-03-03T04:00:00+00:00,1564.57,1566,1561.8,1566,11639.77,18209861.4307
1677816900000,2023-03-03T04:15:00+00:00,1566,1567.91,1565.75,1566.59,4123.2,6460158.2995
1677817800000,2023-03-03T04:30:00+00:00,1566.59,1568.89,1566.28,1567.98,7721.68,12106870.2071
1677818700000,2023-03-03T04:45:00+00:00,1567.98,1572.28,1567.74,1570.33,11209.37,17598161.6975
1677819600000,2023-03-03T05:00:00+00:00,1570.33,1575.36,1569.87,1570.71,12953.48,20375721.2361
1677820500000,2023-03-03T05:15:00+00:00,1570.71,1571.42,1567.79,1567.92,9106.36,14294243.5294
1677821400000,2023-03-03T05:30:00+00:00,1567.92,1569.52,1566.35,1567.5,12008.95,18830754.1087
1677822300000,2023-03-03T05:45:00+00:00,1567.5,1568.26,1565.68,1565.79,9478.69,14853803.9622
1677823200000,2023-03-03T06:00:00+00:00,1565.79,1568.29,1564.63,1566.29,10503.65,16455678.1345
1677824100000,2023-03-03T06:15:00+00:00,1566.29,1569,1563.27,1568.88,13566.96,21254017.3725
1677825000000,2023-03-03T06:30:00+00:00,1568.88,1569.2,1563.42,1566.23,12763.35,19996409.8333
1677825900000,2023-03-03T06:45:00+00:00,1566.23,1566.46,1563.69,1564.76,7862.57,12306217.8569
1677826800000,2023-03-03T07:00:00+00:00,1564.76,1565.03,1562.53,1564.94,8652.09,13530380.9603
1677827700000,2023-03-03T07:15:00+00:00,1564.94,1566.6,1563.41,1565.86,9165.38,14346001.1222
1677828600000,2023-03-03T07:30:00+00:00,1565.86,1570.47,1565.86,1569.83,8425.85,13214261.6731
1677829500000,2023-03-03T07:45:00+00:00,1569.83,1570.32,1567,1567.08,7596.52,11915340.7025
1677830400000,2023-03-03T08:00:00+00:00,1567.08,1568.59,1565.37,1566.59,7105.99,11134524.5663
1677831300000,2023-03-03T08:15:00+00:00,1566.59,1569.26,1565.99,1567.74,7550.14,11835287.7712
1677832200000,2023-03-03T08:30:00+00:00,1567.74,1569.99,1567.17,1569.57,5883.23,9229692.25
1677833100000,2023-03-03T08:45:00+00:00,1569.57,1572.43,1569.07,1571.19,8263.72,12978116.2069
1677834000000,2023-03-03T09:00:00+00:00,1571.19,1573.68,1569.32,1570.01,8731.95,13717622.594
1677834900000,2023-03-03T09:15:00+00:00,1570.01,1570.13,1566.14,1568.26,10453.51,16390925.3066
1677835800000,2023-03-03T09:30:00+00:00,1568.26,1568.56,1565.8,1567.31,7739.04,12128258.1893
1677836700000,2023-03-03T09:45:00+00:00,1567.31,1567.78,1565.5,1566.32,5653.02,8855006.3981
1677837600000,2023-03-03T10:00:00+00:00,1566.32,1566.96,1565.7,1565.97,6158.49,9646101.0806
1677838500000,2023-03-03T10:15:00+00:00,1565.97,1568.99,1565.84,1566.9,6751.95,10584362.2228
1677839400000,2023-03-03T10:30:00+00:00,1566.9,1568.2,1566.83,1567.88,6990.62,10958479.5985
1677840300000,2023-03-03T10:45:00+00:00,1567.88,1567.89,1564.67,1564.69,7596.23,11898168.0448
1677841200000,2023-03-03T11:00:00+00:00,1564.69,1566.02,1563.32,1564.73,4931.47,7717325.9824
1677842100000,2023-03-03T11:15:00+00:00,1564.73,1566.01,1563.55,1564.37,7242.32,11329959.3607
1677843000000,2023-03-03T11:30:00+00:00,1564.37,1566.83,1563.35,1564.15,9541.69,14930304.9985
1677843900000,2023-03-03T11:45:00+00:00,1564.15,1566.4,1563.53,1564.09,6933.43,10848039.7037
1677844800000,2023-03-03T12:00:00+00:00,1564.09,1565.46,1563.75,1565.43,7259.72,11358070.7019
1677845700000,2023-03-03T12:15:00+00:00,1565.43,1565.9,1561.08,1564.96,11049.34,17278194.2243
1677846600000,2023-03-03T12:30:00+00:00,1564.96,1565.52,1563.13,1563.17,4494.55,7030556.1101
1677847500000,2023-03-03T12:45:00+00:00,1563.17,1564.85,1562.81,1564.61,5568.85,8710795.5771
1677848400000,2023-03-03T13:00:00+00:00,1564.61,1564.83,1563.38,1564.4,3722.76,5822564.5368
1677849300000,2023-03-03T13:15:00+00:00,1564.4,1570.15,1564.04,1568.84,7738.16,12124752.3754
1677850200000,2023-03-03T13:30:00+00:00,1568.84,1568.84,1564.98,1565.39,7810.07,12237080.3866
1677851100000,2023-03-03T13:45:00+00:00,1565.39,1573.1,1559.34,1572.06,19501.56,30536039.5962
1677852000000,2023-03-03T14:00:00+00:00,1572.06,1579.53,1571.16,1573.92,22836.55,35967039.4649
1677852900000,2023-03-03T14:15:00+00:00,1573.92,1574.7,1571.05,1572.95,6474.56,10182157.6459
1677853800000,2023-03-03T14:30:00+00:00,1572.95,1574.28,1569.63,1573.25,8967.85,14097659.5692
1677854700000,2023-03-03T14:45:00+00:00,1573.25,1574.88,1569.4,1570.5,8961.7,14085159.2012
1677855600000,2023-03-03T15:00:00+00:00,1570.5,1574.89,1563.22,1573.91,17957.88,28160310.6146
1677856500000,2023-03-03T15:15:00+00:00,1573.91,1574.19,1569.54,1570.92,9389.81,14755929.1542
1677857400000,2023-03-03T15:30:00+00:00,1570.92,1571.47,1565.01,1566.73,10609.03,16631581.4507
1677858300000,2023-03-03T15:45:00+00:00,1566.73,1566.97,1564.34,1566.5,9912.68,15521496.6762
1677859200000,2023-03-03T16:00:00+00:00,1566.5,1569,1565,1565.14,11789.99,18474107.4551
1677860100000,2023-03-03T16:15:00+00:00,1565.14,1568.7,1565.07,1567.2,10866.04,17021738.1453
1677861000000,2023-03-03T16:30:00+00:00,1567.2,1568.41,1565.21,1567.17,12480.37,19551515.9236
1677861900000,2023-03-03T16:45:00+00:00,1567.17,1568.91,1566.01,1568.63,9707.26,15214503.4553
1677862800000,2023-03-03T17:00:00+00:00,1568.63,1572.95,1568.54,1570.13,12590.05,19780812.7852
1677863700000,2023-03-03T17:15:00+00:00,1570.13,1571.98,1568.87,1571.45,8495.54,13340026.7222
1677864600000,2023-03-03T17:30:00+00:00,1571.45,1572.19,1569.29,1570.44,6924.46,10875449.8184
1677865500000,2023-03-03T17:45:00+00:00,1570.44,1573.89,1570.09,1571.52,7637.14,12005840.6078
1677866400000,2023-03-03T18:00:00+00:00,1571.52,1572.73,1570.72,1571.48,7005.53,11009449.6788
1677867300000,2023-03-03T18:15:00+00:00,1571.48,1571.48,1566.67,1567.04,7340.83,11517223.249
1677868200000,2023-03-03T18:30:00+00:00,1567.04,1567.23,1549.71,1560.48,48563.15,75627032.8552
1677869100000,2023-03-03T18:45:00+00:00,1560.48,1562.98,1556.24,1559.16,10942.87,17064328.7184
1677870000000,2023-03-03T19:00:00+00:00,1559.16,1559.31,1556.4,1558.81,8839.83,13774960.437
1677870900000,2023-03-03T19:15:00+00:00,1558.81,1562.07,1558.02,1559.44,7154.43,11163336.518
1677871800000,2023-03-03T19:30:00+00:00,1559.44,1561.97,1558.38,1561.89,5451.72,8502310.3542
1677872700000,2023-03-03T19:45:00+00:00,1561.89,1568.53,1560.89,1564.99,7928.87,12405587.2792
1677873600000,2023-03-03T20:00:00+00:00,1564.99,1566.37,1563.92,1563.95,4525.43,7083889.7453
1677874500000,2023-03-03T20:15:00+00:00,1563.95,1565.5,1561.29,1562.89,5552.86,8680215.2478
1677875400000,2023-03-03T20:30:00+00:00,1562.89,1562.89,1557.32,1558.98,7704.64,12015895.1926
1677876300000,2023-03-03T20:45:00+00:00,1558.98,1560.29,1558,1558.43,6377.81,9944124.5116
1677877200000,2023-03-03T21:00:00+00:00,1558.43,1560.43,1552.52,1553.48,9281.38,14437394.9182
1677878100000,2023-03-03T21:15:00+00:00,1553.48,1560,1546.25,1557.8,22862.94,35497577.7087
1677879000000,2023-03-03T21:30:00+00:00,1557.8,1562.07,1557.38,1559.72,9287.53,14484325.0706
1677879900000,2023-03-03T21:45:00+00:00,1559.72,1562,1550.02,1558.88,24507.23,38154471.1461
1677880800000,2023-03-03T22:00:00+00:00,1558.88,1561.79,1558.01,1560.08,8500.09,13259807.946
1677881700000,2023-03-03T22:15:00+00:00,1560.08,1562.35,1559.62,1560.43,11080.5,17297591.2207
1677882600000,2023-03-03T22:30:00+00:00,1560.43,1563.98,1560.43,1562.61,7440.81,11630369.8764
1677883500000,2023-03-03T22:45:00+00:00,1562.61,1568,1562.61,1566.44,9461.11,14808733.4137
1677884400000,2023-03-03T23:00:00+00:00,1566.44,1569.67,1565.95,1569.5,11310.5,17733887.4873
1677885300000,2023-03-03T23:15:00+00:00,1569.5,1569.51,1566.81,1568.89,5712.93,8959298.4147
1677886200000,2023-03-03T23:30:00+00:00,1568.89,1570.26,1567.43,1568.59,6850,10744113.6153
1677887100000,2023-03-03T23:45:00+00:00,1568.59,1569,1566.56,1568.55,7995.28,12535176.2504
1677888000000,2023-03-04T00:00:00+00:00,1568.55,1569.11,1567.41,1568.88,8564.31,13430872.9535
1677888900000,2023-03-04T00:15:00+00:00,1568.88,1573.06,1568.29,1572.1,9090.49,14279508.3275
1677889800000,2023-03-04T00:30:00+00:00,1572.1,1574.23,1569.38,1572.53,6609.64,10389157.3125
1677890700000,2023-03-04T00:45:00+00:00,1572.53,1574.32,1571.43,1573.5,5728.06,9010598.9535
1677891600000,2023-03-04T01:00:00+00:00,1573.5,1576.18,1572.47,1572.51,6584.56,10363280.0826
1677892500000,2023-03-04T01:15:00+00:00,1572.51,1573.09,1570.3,1570.44,6079.8,9555135.1729
1677893400000,2023-03-04T01:30:00+00:00,1570.44,1571.84,1570.2,1571.3,7292.12,11454369.5538
1677894300000,2023-03-04T01:45:00+00:00,1571.3,1571.59,1570,1570.22,7982.12,12537466.9937
1677895200000,2023-03-04T02:00:00+00:00,1570.22,1571.99,1570,1571.49,7830.48,12301525.8709
1677896100000,2023-03-04T02:15:00+00:00,1571.49,1571.87,1570.49,1571.37,7305.82,11478162.1867
1677897000000,2023-03-04T02:30:00+00:00,1571.37,1571.52,1570.23,1571.1,7711.57,12116033.3401
1677897900000,2023-03-04T02:45:00+00:00,1571.1,1571.32,1570.36,1570.73,5823.25,9147367.5286
1677898800000,2023-03-04T03:00:00+00:00,1570.73,1570.94,1569.1,1569.11,8869.82,13926054.3398
1677899700000,2023-03-04T03:15:00+00:00,1569.11,1569.96,1569.1,1569.17,8250.55,12951196.3738
1677900600000,2023-03-04T03:30:00+00:00,1569.17,1570.12,1568.5,1569.83,7335.38,11513280.2408
1677901500000,2023-03-04T03:45:00+00:00,1569.83,1570,1568.22,1569.8,6876.32,10792659.8066
1677902400000,2023-03-04T04:00:00+00:00,1569.8,1571.11,1569.28,1571.1,6775.58,10636570.9158
1677903300000,2023-03-04T04:15:00+00:00,1571.1,1571.79,1568.27,1568.6,7135.81,11207682.8591
1677904200000,2023-03-04T04:30:00+00:00,1568.6,1569.41,1567.77,1568.95,5094.73,7993057.9392
1677905100000,2023-03-04T04:45:00+00:00,1568.95,1569.23,1567.61,1569.22,5221.02,8187809.7516
1677906000000,2023-03-04T05:00:00+00:00,1569.22,1569.43,1568.57,1569.13,6235.46,9783943.5324
1677906900000,2023-03-04T05:15:00+00:00,1569.13,1569.14,1567.33,1567.38,5695.73,8931708.3194
1677907800000,2023-03-04T05:30:00+00:00,1567.38,1567.9,1561.85,1566.2,18190.4,28468978.4927
1677908700000,2023-03-04T05:45:00+00:00,1566.2,1567,1564.54,1566.1,9009.67,14108855.0843
1677909600000,2023-03-04T06:00:00+00:00,1566.1,1567.15,1564.31,1567.1,8358.75,13085556.337
1677910500000,2023-03-04T06:15:00+00:00,1567.1,1571.31,1567.1,1569.5,13088.46,20542045.8
1677911400000,2023-03-04T06:30:00+00:00,1569.5,1570.77,1569.35,1570.74,8572.78,13459704.6914
1677912300000,2023-03-04T06:45:00+00:00,1570.74,1570.95,1568.5,1569.13,8757.75,13748003.8122
1677913200000,2023-03-04T07:00:00+00:00,1569.13,1569.44,1568.59,1568.64,6352.08,9966520.5362
1677914100000,2023-03-04T07:15:00+00:00,1568.64,1569.75,1567.97,1568.87,7015.1,11007142.2416
1677915000000,2023-03-04T07:30:00+00:00,1568.87,1568.87,1567.75,1567.75,4121.63,6464147.1332
1677915900000,2023-03-04T07:45:00+00:00,1567.75,1568.59,1567.18,1567.64,3946.3,6187340.6377
1677916800000,2023-03-04T08:00:00+00:00,1567.64,1568,1566.14,1566.5,5206.72,8159645.044
1677917700000,2023-03-04T08:15:00+00:00,1566.5,1568.5,1566.47,1568.07,4095.11,6417949.7761
1677918600000,2023-03-04T08:30:00+00:00,1568.07,1568.48,1566.46,1567.11,6171.51,9671911.4167
1677919500000,2023-03-04T08:45:00+00:00,1567.11,1568.29,1566.76,1567.27,7555.57,11841283.7285
1677920400000,2023-03-04T09:00:00+00:00,1567.27,1569.56,1567.26,1568.92,7013.86,10997966.3188
1677921300000,2023-03-04T09:15:00+00:00,1568.92,1569.4,1568.16,1569,6425.46,10080218.995
1677922200000,2023-03-04T09:30:00+00:00,1569,1569.02,1567.84,1567.87,9534.89,14954412.5921
1677923100000,2023-03-04T09:45:00+00:00,1567.87,1568.5,1567.23,1568.38,8632.66,13535541.4244
1677924000000,2023-03-04T10:00:00+00:00,1568.38,1570,1568.38,1568.5,9091.62,14266005.7291
1677924900000,2023-03-04T10:15:00+00:00,1568.5,1568.98,1567.96,1567.96,9363.78,14686932.8661
1677925800000,2023-03-04T10:30:00+00:00,1567.96,1568.04,1566.09,1566.09,5871.26,9201285.6852
1677926700000,2023-03-04T10:45:00+00:00,1566.09,1568.33,1565.6,1566.8,6848.56,10734937.8176
1677927600000,2023-03-04T11:00:00+00:00,1566.8,1567.73,1566.79,1567.13,6608.01,10355846.2192
1677928500000,2023-03-04T11:15:00+00:00,1567.13,1568.1,1566.79,1568.07,5949.3,9324913.3816
1677929400000,2023-03-04T11:30:00+00:00,1568.07,1569.15,1567.03,1568.47,6628.47,10394444.0712
1677930300000,2023-03-04T11:45:00+00:00,1568.47,1568.54,1567.32,1568.19,5587.11,8759929.4147
1677931200000,2023-03-04T12:00:00+00:00,1568.19,1569.67,1568.1,1568.36,6139.02,9629661.6885
1677932100000,2023-03-04T12:15:00+00:00,1568.36,1568.48,1567.5,1567.73,5007.99,7852818.183
1677933000000,2023-03-04T12:30:00+00:00,1567.73,1567.73,1566.77,1567.27,10985.26,17218036.6516
1677933900000,2023-03-04T12:45:00+00:00,1567.27,1571,1567,1570.34,10237.85,16063354.3688
1677934800000,2023-03-04T13:00:00+00:00,1570.34,1570.34,1568,1568,11580.8,18172803.9529
1677935700000,2023-03-04T13:15:00+00:00,1568,1568.37,1567.9,1568.33,9633.29,15106007.7567
1677936600000,2023-03-04T13:30:00+00:00,1568.33,1569.38,1568.31,1568.83,8907.12,13973191.3818
1677937500000,2023-03-04T13:45:00+00:00,1568.83,1568.83,1566.98,1567.32,10137.93,15894846.6515
1677938400000,2023-03-04T14:00:00+00:00,1567.32,1567.36,1565.55,1566.84,7924.25,12415630.6533
1677939300000,2023-03-04T14:15:00+00:00,1566.84,1569.29,1566.74,1566.83,10594.17,16609112.423
1677940200000,2023-03-04T14:30:00+00:00,1566.83,1568.04,1565.3,1566.28,11000.6,17232106.3033
1677941100000,2023-03-04T14:45:00+00:00,1566.28,1566.77,1565.87,1566.39,8872.82,13897539.0156
1677942000000,2023-03-04T15:00:00+00:00,1566.39,1567.45,1565.07,1567.45,9870.13,15460266.5306
1677942900000,2023-03-04T15:15:00+00:00,1567.45,1567.79,1566.46,1567.25,7866.35,12328543.9301
1677943800000,2023-03-04T15:30:00+00:00,1567.25,1567.38,1564.68,1564.97,7582.31,11873882.7447
1677944700000,2023-03-04T15:45:00+00:00,1564.97,1565.88,1560.76,1561.14,10247.81,16016406.8211
1677945600000,2023-03-04T16:00:00+00:00,1561.14,1563.86,1559.22,1562.98,15601.68,24368403.3253
1677946500000,2023-03-04T16:15:00+00:00,1562.98,1564.55,1562.98,1563.53,6211.31,9711759.016
1677947400000,2023-03-04T16:30:00+00:00,1563.53,1565.54,1562.6,1562.6,6083.05,9514743.703
1677948300000,2023-03-04T16:45:00+00:00,1562.6,1564.09,1561.8,1563.92,6147.38,9605503.1035
1677949200000,2023-03-04T17:00:00+00:00,1563.92,1564.12,1562.23,1563.1,6088.56,9515875.7855
1677950100000,2023-03-04T17:15:00+00:00,1563.1,1565.1,1563.05,1563.91,5478.33,8568001.5281
1677951000000,2023-03-04T17:30:00+00:00,1563.91,1564.08,1562.39,1563,7828.43,12237067.6543
1677951900000,2023-03-04T17:45:00+00:00,1563,1563.2,1561,1561.5,7680.83,11995774.7102
1677952800000,2023-03-04T18:00:00+00:00,1561.5,1561.95,1556.06,1561.68,17697.34,27600924.5603
1677953700000,2023-03-04T18:15:00+00:00,1561.68,1563.84,1560.33,1563.44,9933.35,15523065.5548
1677954600000,2023-03-04T18:30:00+00:00,1563.44,1563.71,1562.08,1562.48,6235.66,9743684.692
1677955500000,2023-03-04T18:45:00+00:00,1562.48,1562.81,1562,1562.72,5659.11,8842139.6675
1677956400000,2023-03-04T19:00:00+00:00,1562.72,1563.74,1561.78,1561.78,5812.63,9086543.0674
1677957300000,2023-03-04T19:15:00+00:00,1561.78,1562.16,1561.2,1561.39,6032.45,9419491.6566
1677958200000,2023-03-04T19:30:00+00:00,1561.39,1561.63,1558.11,1560.18,7612.43,11873212.8956
1677959100000,2023-03-04T19:45:00+00:00,1560.18,1560.19,1557.18,1558.62,6343.84,9886603.4442
1677960000000,2023-03-04T20:00:00+00:00,1558.62,1559.86,1554.01,1554.54,7337.24,11426549.214
1677960900000,2023-03-04T20:15:00+00:00,1554.54,1559.16,1554.21,1555.79,5510.75,8578169.0547
1677961800000,2023-03-04T20:30:00+00:00,1555.79,1557.96,1550.18,1550.97,12477.45,19383398.4591
1677962700000,2023-03-04T20:45:00+00:00,1550.97,1556.33,1548.22,1556.32,10535.35,16352458.0267
1677963600000,2023-03-04T21:00:00+00:00,1556.32,1556.79,1551.43,1553.42,6286.97,9770765.3563
1677964500000,2023-03-04T21:15:00+00:00,1553.42,1557.21,1552.21,1556.49,5939.97,9235885.9631
1677965400000,2023-03-04T21:30:00+00:00,1556.49,1557.34,1551.73,1551.73,4475.5,6957956.3576
1677966300000,2023-03-04T21:45:00+00:00,1551.73,1559.67,1548.64,1556.18,7461.28,11607908.0576
1677967200000,2023-03-04T22:00:00+00:00,1556.18,1557.85,1553.14,1555.85,4006.08,6230293.0176
1677968100000,2023-03-04T22:15:00+00:00,1555.85,1567.88,1555.44,1563.99,15906.86,24864796.098
1677969000000,2023-03-04T22:30:00+00:00,1563.99,1567.27,1563.36,1565.94,16085.96,25175337.5294
1677969900000,2023-03-04T22:45:00+00:00,1565.94,1566.77,1559.33,1560.34,11399.64,17812943.7044
1677970800000,2023-03-04T23:00:00+00:00,1560.34,1564.72,1559.53,1563.17,8752.99,13677114.3468
1677971700000,2023-03-04T23:15:00+00:00,1563.17,1564.53,1561.95,1562.86,8698.97,13600025.7623
1677972600000,2023-03-04T23:30:00+00:00,1562.86,1566.25,1562.58,1565.97,7346.72,11497433.4246
1677973500000,2023-03-04T23:45:00+00:00,1565.97,1565.97,1564.5,1565.65,8399.36,13147043.3363
1677974400000,2023-03-05T00:00:00+00:00,1565.65,1567.46,1565.34,1565.77,12087.23,18934675.444
1677975300000,2023-03-05T00:15:00+00:00,1565.77,1566.25,1563.53,1564.99,6799.35,10639135.8654
1677976200000,2023-03-05T00:30:00+00:00,1564.99,1569.3,1564.06,1565.2,7496.95,11743714.2144
1677977100000,2023-03-05T00:45:00+00:00,1565.2,1569.26,1564.5,1569.13,6481.59,10155737.1429
1677978000000,2023-03-05T01:00:00+00:00,1569.13,1574.24,1566.51,1573.19,21869.5,34347289.2411
1677978900000,2023-03-05T01:15:00+00:00,1573.19,1588,1572.75,1581.64,48734.43,77124037.4497
1677979800000,2023-03-05T01:30:00+00:00,1581.64,1585.09,1579.6,1581.87,14632.31,23147324.5787
1677980700000,2023-03-05T01:45:00+00:00,1581.87,1583.84,1579.66,1580.76,12283.58,19426022.9481
1677981600000,2023-03-05T02:00:00+00:00,1580.76,1581.98,1579.79,1580.9,10919.06,17257897.301
1677982500000,2023-03-05T02:15:00+00:00,1580.9,1581.09,1573.73,1574.31,13596.13,21440575.3007
1677983400000,2023-03-05T02:30:00+00:00,1574.31,1574.92,1551.95,1562.92,45772.48,71390275.6281
1677984300000,2023-03-05T02:45:00+00:00,1562.92,1566.33,1561.45,1565.36,8272.84,12942313.8734
1677985200000,2023-03-05T03:00:00+00:00,1565.36,1568.4,1565.24,1567.61,6933.89,10867517.7311
1677986100000,2023-03-05T03:15:00+00:00,1567.61,1568.59,1565.79,1567.84,4851.06,7602245.0631
1677987000000,2023-03-05T03:30:00+00:00,1567.84,1568.5,1566.97,1567.13,9528.68,14939234.5684
1677987900000,2023-03-05T03:45:00+00:00,1567.13,1568.21,1566,1566.58,10155.38,15915126.5058
1677988800000,2023-03-05T04:00:00+00:00,1566.58,1569.74,1566.5,1568.75,11618.25,18218325.5331
1677989700000,2023-03-05T04:15:00+00:00,1568.75,1569.73,1568.06,1568.58,8087.27,12687444.8994
1677990600000,2023-03-05T04:30:00+00:00,1568.58,1569.7,1567.56,1568.84,5608.58,8797359.9267
1677991500000,2023-03-05T04:45:00+00:00,1568.84,1572.25,1568.02,1570.69,7000.15,10991321.9916
1677992400000,2023-03-05T05:00:00+00:00,1570.69,1570.78,1569.48,1570.25,4646.1,7294316.2717
1677993300000,2023-03-05T05:15:00+00:00,1570.25,1570.34,1569.43,1569.44,4977.86,7814669.5841
1677994200000,2023-03-05T05:30:00+00:00,1569.44,1569.44,1567.9,1567.95,5322.85,8350192.3045
1677995100000,2023-03-05T05:45:00+00:00,1567.95,1569.91,1567.88,1569.22,4371.21,6858925.9483
1677996000000,2023-03-05T06:00:00+00:00,1569.22,1569.4,1568.08,1568.41,4673.59,7331983.8671
1677996900000,2023-03-05T06:15:00+00:00,1568.41,1570.6,1568.04,1568.34,4501.68,7063438.1556
1677997800000,2023-03-05T06:30:00+00:00,1568.34,1569.91,1567.78,1569.66,11011.17,17276388.4621
1677998700000,2023-03-05T06:45:00+00:00,1569.66,1570.85,1568.84,1570.22,11131.03,17472842.2974
1677999600000,2023-03-05T07:00:00+00:00,1570.22,1570.4,1566.85,1567.98,7297.75,11447638.6551
1678000500000,2023-03-05T07:15:00+00:00,1567.98,1568.84,1567.5,1568.69,9124.94,14311644.1983
1678001400000,2023-03-05T07:30:00+00:00,1568.69,1569.16,1567.88,1568.38,4446.22,6974402.265
1678002300000,2023-03-05T07:45:00+00:00,1568.38,1568.38,1567.12,1567.45,4393.24,6885864.7469
1678003200000,2023-03-05T08:00:00+00:00,1567.45,1569.78,1566.67,1569.69,5080.49,7965724.0579
1678004100000,2023-03-05T08:15:00+00:00,1569.69,1569.72,1567.03,1567.93,4476.55,7018502.5187
1678005000000,2023-03-05T08:30:00+00:00,1567.93,1568,1565.53,1566.66,6934.61,10865136.8549
1678005900000,2023-03-05T08:45:00+00:00,1566.66,1566.66,1564,1565.04,6982.2,10927308.9765
1678006800000,2023-03-05T09:00:00+00:00,1565.04,1567.65,1563.67,1567.4,6347.52,9939093.6008
1678007700000,2023-03-05T09:15:00+00:00,1567.4,1568.76,1566.52,1567.21,6366.97,9979493.8236
1678008600000,2023-03-05T09:30:00+00:00,1567.21,1568.6,1566.67,1567.66,5954.54,9334129.2558
1678009500000,2023-03-05T09:45:00+00:00,1567.66,1568.81,1567.2,1567.48,6622.29,10383241.8435
1678010400000,2023-03-05T10:00:00+00:00,1567.48,1568,1567.2,1567.2,4376.6,6861243.0757
1678011300000,2023-03-05T10:15:00+00:00,1567.2,1571.85,1567.03,1569.37,6899.78,10826974.7101
1678012200000,2023-03-05T10:30:00+00:00,1569.37,1571.42,1569.07,1569.83,5857.24,9196711.2495
1678013100000,2023-03-05T10:45:00+00:00,1569.83,1570.35,1568.23,1569.9,5594.67,8779146.2796
1678014000000,2023-03-05T11:00:00+00:00,1569.9,1570.76,1569.57,1569.73,5259.68,8257877.6467
1678014900000,2023-03-05T11:15:00+00:00,1569.73,1569.87,1568.62,1569.47,4426.7,6947400.0496
1678015800000,2023-03-05T11:30:00+00:00,1569.47,1570.27,1567.94,1568.41,10284.73,16136578.3085
1678016700000,2023-03-05T11:45:00+00:00,1568.41,1570.12,1567.8,1567.81,9309.52,14603945.0224
1678017600000,2023-03-05T12:00:00+00:00,1567.81,1568.32,1567.64,1567.88,9223.46,14462154.868
1678018500000,2023-03-05T12:15:00+00:00,1567.88,1569.83,1567.55,1567.55,10168.27,15945536.4355
1678019400000,2023-03-05T12:30:00+00:00,1567.55,1568.93,1567.28,1568.83,7922.09,12423070.5569
1678020300000,2023-03-05T12:45:00+00:00,1568.83,1570.15,1567.99,1568.64,11937.02,18727190.3394
1678021200000,2023-03-05T13:00:00+00:00,1568.64,1570.48,1568.64,1569.61,11135.5,17477446.2424
1678022100000,2023-03-05T13:15:00+00:00,1569.61,1570.04,1568.39,1569.63,10290.62,16145231.0497
1678023000000,2023-03-05T13:30:00+00:00,1569.63,1572.99,1568.54,1570.34,9894.9,15539581.2729
1678023900000,2023-03-05T13:45:00+00:00,1570.34,1572.5,1568.35,1571.39,7861.17,12351122.7031
1678024800000,2023-03-05T14:00:00+00:00,1571.39,1572.42,1569.49,1570.33,6044.98,9495928.565
1678025700000,2023-03-05T14:15:00+00:00,1570.33,1571.36,1569.78,1570,7117.28,11177206.4079
1678026600000,2023-03-05T14:30:00+00:00,1570,1570.01,1567.56,1568.6,5431.33,8521006.1861
1678027500000,2023-03-05T14:45:00+00:00,1568.6,1570.18,1567.5,1567.51,5631.32,8833103.2291
1678028400000,2023-03-05T15:00:00+00:00,1567.51,1568.8,1567.17,1568.79,4867.6,7632606.8443
1678029300000,2023-03-05T15:15:00+00:00,1568.79,1571.43,1567.51,1570.56,5200.96,8161346.4539
1678030200000,2023-03-05T15:30:00+00:00,1570.56,1570.9,1569,1569.01,6739.54,10580442.8357
1678031100000,2023-03-05T15:45:00+00:00,1569.01,1569.01,1568,1568.3,6855.23,10752176.522
1678032000000,2023-03-05T16:00:00+00:00,1568.3,1568.62,1567.35,1568.26,7832.76,12282523.2649
1678032900000,2023-03-05T16:15:00+00:00,1568.26,1569.89,1567.58,1569.3,7859.23,12326763.9814
1678033800000,2023-03-05T16:30:00+00:00,1569.3,1569.86,1568.1,1569.5,8811.24,13823009.4272
1678034700000,2023-03-05T16:45:00+00:00,1569.5,1570.42,1568.42,1569.29,12569.74,19727951.3608
1678035600000,2023-03-05T17:00:00+00:00,1569.29,1569.79,1568.7,1569.19,9664.87,15165654.2188
1678036500000,2023-03-05T17:15:00+00:00,1569.19,1569.34,1568.52,1569.34,9180.84,14403877.0107
1678037400000,2023-03-05T17:30:00+00:00,1569.34,1570.93,1569.3,1570.15,4564.45,7166303.4201
1678038300000,2023-03-05T17:45:00+00:00,1570.15,1570.34,1567.12,1567.45,5871.79,9209589.4554
1678039200000,2023-03-05T18:00:00+00:00,1567.45,1568.25,1566.2,1567.04,5325.54,8346198.2981
1678040100000,2023-03-05T18:15:00+00:00,1567.04,1568.47,1567.04,1567.67,5392.44,8454076.7114
1678041000000,2023-03-05T18:30:00+00:00,1567.67,1567.93,1566.6,1567.63,5301.99,8309076.8924
1678041900000,2023-03-05T18:45:00+00:00,1567.63,1568.4,1567.23,1567.38,4096.51,6422645.8021
1678042800000,2023-03-05T19:00:00+00:00,1567.38,1568.1,1566.49,1567.44,3339.02,5234013.3827
1678043700000,2023-03-05T19:15:00+00:00,1567.44,1568,1562.5,1562.96,5095.78,7977275.5385
1678044600000,2023-03-05T19:30:00+00:00,1562.96,1564.45,1561.82,1563.79,11001.82,17202023.0426
1678045500000,2023-03-05T19:45:00+00:00,1563.79,1566.2,1563.79,1565.09,10550.19,16511730.681
1678046400000,2023-03-05T20:00:00+00:00,1565.09,1566.61,1564.62,1566.32,8770.43,13729261.1564
1678047300000,2023-03-05T20:15:00+00:00,1566.32,1568,1566,1567.04,9842.56,15425972.5444
1678048200000,2023-03-05T20:30:00+00:00,1567.04,1568.58,1566.01,1568.57,8022.53,12571058.2809
1678049100000,2023-03-05T20:45:00+00:00,1568.57,1569.5,1567.84,1568.59,10255.8,16088809.3598
1678050000000,2023-03-05T21:00:00+00:00,1568.59,1575.33,1568.19,1574.32,10601.94,16647634.8681
1678050900000,2023-03-05T21:15:00+00:00,1574.32,1577.91,1569.95,1569.96,15820.89,24901358.6758
1678051800000,2023-03-05T21:30:00+00:00,1569.96,1572.03,1557.64,1561,21039.54,32871186.0072
1678052700000,2023-03-05T21:45:00+00:00,1561,1573.35,1560.06,1570.82,15341.55,24062488.6053
1678053600000,2023-03-05T22:00:00+00:00,1570.82,1570.83,1566.01,1567.74,7890.38,12376150.081
1678054500000,2023-03-05T22:15:00+00:00,1567.74,1568.77,1560.61,1561.44,15348.92,24008465.7307
1678055400000,2023-03-05T22:30:00+00:00,1561.44,1564.77,1559.46,1562.77,19582.69,30580839.1512
1678056300000,2023-03-05T22:45:00+00:00,1562.77,1565.7,1561.31,1564.32,10798.53,16881827.9522
1678057200000,2023-03-05T23:00:00+00:00,1564.32,1564.32,1555.43,1560.58,13890.27,21678680.2495
1678058100000,2023-03-05T23:15:00+00:00,1560.58,1561.7,1558.33,1561.13,9030,14084674.9256
1678059000000,2023-03-05T23:30:00+00:00,1561.13,1565.9,1560.55,1562.46,9815.87,15350331.125
1678059900000,2023-03-05T23:45:00+00:00,1562.46,1564.73,1561.24,1563.64,8871.86,13865009.2701
1678060800000,2023-03-06T00:00:00+00:00,1563.64,1564.38,1562.19,1562.19,8747.84,13676800.9915
1678061700000,2023-03-06T00:15:00+00:00,1562.19,1566.01,1558.43,1565.99,12213.02,19091200.4126
1678062600000,2023-03-06T00:30:00+00:00,1565.99,1568.35,1565.34,1567.01,7894.9,12371380.9935
1678063500000,2023-03-06T00:45:00+00:00,1567.01,1568.23,1565.59,1566.61,8175.21,12809161.0074
1678064400000,2023-03-06T01:00:00+00:00,1566.61,1568.9,1562.06,1562.39,8048.22,12602975.7126
1678065300000,2023-03-06T01:15:00+00:00,1562.39,1572.14,1557.09,1565.85,23393.82,36602934.7192
1678066200000,2023-03-06T01:30:00+00:00,1565.85,1566.82,1560.59,1561.06,9757.71,15249750.3035
1678067100000,2023-03-06T01:45:00+00:00,1561.06,1562.87,1557.19,1561.1,11787.04,18394613.2282
1678068000000,2023-03-06T02:00:00+00:00,1561.1,1564.33,1555.84,1559.4,16074.5,25076098.1048
1678068900000,2023-03-06T02:15:00+00:00,1559.4,1560.79,1556.24,1557.06,11387.97,17748602.8566
1678069800000,2023-03-06T02:30:00+00:00,1557.06,1563.27,1556,1560.64,10801.86,16845217.6124
1678070700000,2023-03-06T02:45:00+00:00,1560.64,1561.99,1559.35,1561.82,8836.09,13789929.3484
1678071600000,2023-03-06T03:00:00+00:00,1561.82,1563.71,1560.42,1560.65,8933.71,13952831.3484
1678072500000,2023-03-06T03:15:00+00:00,1560.65,1561.42,1559.71,1561.1,9169.45,14309551.1158
1678073400000,2023-03-06T03:30:00+00:00,1561.1,1561.73,1559.75,1561.15,3679.83,5744654.7533
1678074300000,2023-03-06T03:45:00+00:00,1561.15,1561.64,1559.97,1561.37,4181.55,6526860.1486
1678075200000,2023-03-06T04:00:00+00:00,1561.37,1562.18,1560.39,1562.18,3929.13,6133445.1011
1678076100000,2023-03-06T04:15:00+00:00,1562.18,1563.28,1560.53,1561.21,5253.12,8205774.393
1678077000000,2023-03-06T04:30:00+00:00,1561.21,1561.21,1558,1560.08,6490.38,10119574.2131
1678077900000,2023-03-06T04:45:00+00:00,1560.08,1560.29,1558.07,1558.71,7178.06,11189777.0657
1678078800000,2023-03-06T05:00:00+00:00,1558.71,1558.71,1553.87,1556.41,9796.7,15245075.3978
1678079700000,2023-03-06T05:15:00+00:00,1556.41,1558,1556.34,1556.54,6542.62,10187142.6153
1678080600000,2023-03-06T05:30:00+00:00,1556.54,1558.88,1556.42,1558.01,5054.76,7874824.0604
1678081500000,2023-03-06T05:45:00+00:00,1558.01,1559.3,1557.18,1559.2,4112.08,6407424.3622
1678082400000,2023-03-06T06:00:00+00:00,1559.2,1560.9,1558.86,1559.16,4928.2,7685644.4546
1678083300000,2023-03-06T06:15:00+00:00,1559.16,1562.77,1558.96,1562.48,4478.56,6990188.0852
1678084200000,2023-03-06T06:30:00+00:00,1562.48,1562.48,1561.32,1561.59,6925.32,10815197.7813
1678085100000,2023-03-06T06:45:00+00:00,1561.59,1561.77,1560.94,1561.65,9553.86,14915671.7477
1678086000000,2023-03-06T07:00:00+00:00,1561.65,1563.51,1561.03,1562.94,10331.69,16137946.9987
1678086900000,2023-03-06T07:15:00+00:00,1562.94,1564.09,1561.71,1562.7,8333.56,13023520.7554
1678087800000,2023-03-06T07:30:00+00:00,1562.7,1562.88,1561.47,1562.14,6466.09,10099478.6185
1678088700000,2023-03-06T07:45:00+00:00,1562.14,1562.15,1559.96,1560.02,6874.66,10731936.8855
1678089600000,2023-03-06T08:00:00+00:00,1560.02,1560.6,1558.94,1559.12,7982.44,12451747.0439
1678090500000,2023-03-06T08:15:00+00:00,1559.12,1561.26,1556.7,1560.99,7821.54,12195159.8179
1678091400000,2023-03-06T08:30:00+00:00,1560.99,1565.37,1560.76,1562.77,6482.02,10131359.6281
1678092300000,2023-03-06T08:45:00+00:00,1562.77,1564,1561.55,1563.23,4838.62,7561303.8671
1678093200000,2023-03-06T09:00:00+00:00,1563.23,1563.35,1561.08,1562.16,5423.45,8474134.5119
1678094100000,2023-03-06T09:15:00+00:00,1562.16,1562.5,1560.1,1560.78,4847.03,7568414.7388
1678095000000,2023-03-06T09:30:00+00:00,1560.78,1563.19,1560.54,1563.19,3750.75,5860461.5007
1678095900000,2023-03-06T09:45:00+00:00,1563.19,1564.95,1561.68,1564.2,4083.19,6379972.2415
1678096800000,2023-03-06T10:00:00+00:00,1564.2,1566.99,1562.78,1565.34,6471.29,10124981.9282
1678097700000,2023-03-06T10:15:00+00:00,1565.34,1566.49,1563.66,1564.88,5916.87,9259909.1055
1678098600000,2023-03-06T10:30:00+00:00,1564.88,1564.88,1563.07,1563.96,4558.56,7128760.9925
1678099500000,2023-03-06T10:45:00+00:00,1563.96,1567.23,1563.18,1566,3884.54,6078117.5598
1678100400000,2023-03-06T11:00:00+00:00,1566,1566.92,1565.1,1565.11,4739.7,7422543.7769
1678101300000,2023-03-06T11:15:00+00:00,1565.11,1566.32,1564.95,1565.11,3433.55,5375542.0629
1678102200000,2023-03-06T11:30:00+00:00,1565.11,1565.17,1562.48,1562.48,5412.68,8466042.4639
1678103100000,2023-03-06T11:45:00+00:00,1562.48,1563.64,1562,1562.69,5911.69,9237173.2362
1678104000000,2023-03-06T12:00:00+00:00,1562.69,1562.86,1560.86,1562.41,5153.84,8051254.6836
1678104900000,2023-03-06T12:15:00+00:00,1562.41,1564.26,1562.3,1563.73,4750.23,7424424.718
1678105800000,2023-03-06T12:30:00+00:00,1563.73,1565.56,1563.44,1564.34,10109.84,15813474.9911
1678106700000,2023-03-06T12:45:00+00:00,1564.34,1564.35,1562,1563.62,8576.62,13404886.7348
1678107600000,2023-03-06T13:00:00+00:00,1563.62,1564.94,1562.9,1564.41,8560.11,13388648.0548
1678108500000,2023-03-06T13:15:00+00:00,1564.41,1566.05,1563.48,1565.95,6320.86,9890877.6861
1678109400000,2023-03-06T13:30:00+00:00,1565.95,1569.32,1564.39,1568.11,13307.6,20849792.3629
1678110300000,2023-03-06T13:45:00+00:00,1568.11,1570.49,1567.22,1569.1,12192.5,19124976.6025
1678111200000,2023-03-06T14:00:00+00:00,1569.1,1569.67,1567,1567.63,14233.86,22327778.4278
1678112100000,2023-03-06T14:15:00+00:00,1567.63,1569.6,1567.5,1569.5,8647.08,13563115.1635
1678113000000,2023-03-06T14:30:00+00:00,1569.5,1573.14,1567.44,1569.63,16567.09,26009647.865
1678113900000,2023-03-06T14:45:00+00:00,1569.63,1570.41,1566.96,1570,9341.55,14651880.9626
1678114800000,2023-03-06T15:00:00+00:00,1570,1572.54,1568.46,1570.26,13792.63,21661476.6255
1678115700000,2023-03-06T15:15:00+00:00,1570.26,1571.97,1568.24,1568.26,9937.54,15604012.0538
1678116600000,2023-03-06T15:30:00+00:00,1568.26,1571.48,1568.18,1571.38,5972.61,9371527.9533
1678117500000,2023-03-06T15:45:00+00:00,1571.38,1582.19,1571.05,1576.59,26708.99,42115766.8109
1678118400000,2023-03-06T16:00:00+00:00,1576.59,1579.42,1574,1576.29,16839.41,26562469.5298
1678119300000,2023-03-06T16:15:00+00:00,1576.29,1576.73,1571.94,1572.12,11645.26,18334237.088
1678120200000,2023-03-06T16:30:00+00:00,1572.12,1573.03,1570.64,1572.1,16076.51,25272624.8831
1678121100000,2023-03-06T16:45:00+00:00,1572.1,1576.96,1571.18,1575.18,16762.72,26378099.1232
1678122000000,2023-03-06T17:00:00+00:00,1575.18,1575.34,1572.87,1574.87,8451.03,13301605.7196
1678122900000,2023-03-06T17:15:00+00:00,1574.87,1575.22,1572.51,1572.98,9318.27,14661311.6327
1678123800000,2023-03-06T17:30:00+00:00,1572.98,1574.87,1572.08,1574.28,7393.55,11634395.6513
1678124700000,2023-03-06T17:45:00+00:00,1574.28,1574.53,1571.88,1572.83,7121,11198068.32
1678125600000,2023-03-06T18:00:00+00:00,1572.83,1573.79,1571.33,1572.29,5938.51,9339758.4041
1678126500000,2023-03-06T18:15:00+00:00,1572.29,1576,1572.13,1575.15,6689.37,10527623.2829
1678127400000,2023-03-06T18:30:00+00:00,1575.15,1575.16,1571.84,1573.32,4466.2,7026961.1285
1678128300000,2023-03-06T18:45:00+00:00,1573.32,1574.86,1572.63,1572.66,4922.43,7746478.9629
1678129200000,2023-03-06T19:00:00+00:00,1572.66,1573.43,1571.9,1573.2,5019.31,7894952.701
1678130100000,2023-03-06T19:15:00+00:00,1573.2,1573.52,1561.71,1565.88,24685.79,38646687.139
1678131000000,2023-03-06T19:30:00+00:00,1565.88,1566.09,1563.88,1564.67,6217.99,9730354.1903
1678131900000,2023-03-06T19:45:00+00:00,1564.67,1569.19,1563.46,1565.26,10688.08,16737623.0548
1678132800000,2023-03-06T20:00:00+00:00,1565.26,1566.82,1563.26,1564.15,5778.39,9046717.3097
1678133700000,2023-03-06T20:15:00+00:00,1564.15,1564.55,1561.82,1562.4,7040.04,11005720.0814
1678134600000,2023-03-06T20:30:00+00:00,1562.4,1563.99,1561.87,1563.91,9764.07,15260153.8163
1678135500000,2023-03-06T20:45:00+00:00,1563.91,1564.09,1560.28,1560.42,9631.72,15050386.3673
1678136400000,2023-03-06T21:00:00+00:00,1560.42,1561.66,1558.5,1561.2,14554.76,22710914.1148
1678137300000,2023-03-06T21:15:00+00:00,1561.2,1562.73,1560.81,1562.31,12429.66,19412992.9592
1678138200000,2023-03-06T21:30:00+00:00,1562.31,1567.85,1562.3,1564.31,11127.78,17410615.0758
1678139100000,2023-03-06T21:45:00+00:00,1564.31,1565.8,1563.7,1565.72,10658.5,16673039.0631
1678140000000,2023-03-06T22:00:00+00:00,1565.72,1569.4,1565.56,1568.82,9700.06,15209192.5385
1678140900000,2023-03-06T22:15:00+00:00,1568.82,1568.84,1567.19,1567.7,10225.08,16032800.9149
1678141800000,2023-03-06T22:30:00+00:00,1567.7,1570.68,1567.69,1569.05,9054.88,14206045.891
1678142700000,2023-03-06T22:45:00+00:00,1569.05,1569.05,1567.24,1568.63,8410.9,13191808.7535
1678143600000,2023-03-06T23:00:00+00:00,1568.63,1570.08,1567.53,1569.27,9269.31,14543808.0426
1678144500000,2023-03-06T23:15:00+00:00,1569.27,1569.5,1567.95,1568.27,8594.36,13483570.4716
1678145400000,2023-03-06T23:30:00+00:00,1568.27,1569.5,1565.17,1566.46,5043.18,7903299.286
1678146300000,2023-03-06T23:45:00+00:00,1566.46,1566.46,1563.96,1565.05,5006.45,7836101.1164
1678147200000,2023-03-07T00:00:00+00:00,1565.05,1565.37,1562.51,1563.81,5204.97,8141554.2278
1678148100000,2023-03-07T00:15:00+00:00,1563.81,1563.9,1560.66,1562.27,5380.88,8408379.8589
1678149000000,2023-03-07T00:30:00+00:00,1562.27,1565.31,1562.1,1564.23,11305.49,17681206.3418
1678149900000,2023-03-07T00:45:00+00:00,1564.23,1565.18,1562.44,1565.01,7986.16,12488079.0035
1678150800000,2023-03-07T01:00:00+00:00,1565.01,1569.98,1564.83,1569.97,8103.63,12694561.2192
1678151700000,2023-03-07T01:15:00+00:00,1569.97,1573.85,1568.61,1570.32,13492.37,21192515.7384
1678152600000,2023-03-07T01:30:00+00:00,1570.32,1571.34,1569,1569,12271.22,19268836.1
1678153500000,2023-03-07T01:45:00+00:00,1569,1573.68,1569,1572.9,17194.75,27024192.6664
1678154400000,2023-03-07T02:00:00+00:00,1572.9,1573.75,1571.38,1571.39,10620.19,16703587.3399
1678155300000,2023-03-07T02:15:00+00:00,1571.39,1572.61,1570.56,1572.45,9361.77,14717682.5658
1678156200000,2023-03-07T02:30:00+00:00,1572.45,1575,1572.39,1572.93,8997.73,14158380.9577
1678157100000,2023-03-07T02:45:00+00:00,1572.93,1576.62,1572.45,1575.96,8839.84,13915622.402
1678158000000,2023-03-07T03:00:00+00:00,1575.96,1583.28,1574.9,1575.64,39003.23,61600854.9225
1678158900000,2023-03-07T03:15:00+00:00,1575.64,1576.12,1573.1,1573.58,8268.31,13018904.4875
1678159800000,2023-03-07T03:30:00+00:00,1573.58,1574.67,1573.09,1573.94,9508.83,14966513.6121
1678160700000,2023-03-07T03:45:00+00:00,1573.94,1574.32,1573.47,1573.69,8146.81,12822495.2956
1678161600000,2023-03-07T04:00:00+00:00,1573.69,1575.28,1573.22,1575.14,7879.77,12402884.8063
1678162500000,2023-03-07T04:15:00+00:00,1575.14,1575.2,1574,1574.18,8572.36,13497709.9329
1678163400000,2023-03-07T04:30:00+00:00,1574.18,1574.28,1572.85,1573.37,7687.78,12095877.9232
1678164300000,2023-03-07T04:45:00+00:00,1573.37,1574.73,1573.16,1574.5,5907.08,9295645.6332
1678165200000,2023-03-07T05:00:00+00:00,1574.5,1574.63,1573.59,1573.61,6469.28,10183856.1293
1678166100000,2023-03-07T05:15:00+00:00,1573.61,1574.2,1572.81,1573.56,5993.4,9430900.1342
1678167000000,2023-03-07T05:30:00+00:00,1573.56,1574.11,1573.33,1573.99,6523.83,10266025.7915
1678167900000,2023-03-07T05:45:00+00:00,1573.99,1574,1572.15,1572.82,7350.75,11563150.4935
1678168800000,2023-03-07T06:00:00+00:00,1572.82,1573.28,1571.01,1571.22,7834.93,12318600.0968
1678169700000,2023-03-07T06:15:00+00:00,1571.22,1572.11,1570.27,1570.97,8789.21,13809189.1232
1678170600000,2023-03-07T06:30:00+00:00,1570.97,1571.94,1570.56,1571.86,9332.42,14663534.2005
1678171500000,2023-03-07T06:45:00+00:00,1571.86,1572.33,1571.65,1571.68,9728.69,15293646.8349
1678172400000,2023-03-07T07:00:00+00:00,1571.68,1572.34,1569.55,1572.23,9248.51,14526672.624
1678173300000,2023-03-07T07:15:00+00:00,1572.23,1572.57,1569.77,1570.22,7307.67,11482301.1042
1678174200000,2023-03-07T07:30:00+00:00,1570.22,1571.39,1569.79,1571.36,8901.41,13981742.5111
1678175100000,2023-03-07T07:45:00+00:00,1571.36,1571.41,1569.52,1569.55,14852.87,23331711.6361
1678176000000,2023-03-07T08:00:00+00:00,1569.55,1570.3,1567,1567.96,12345.93,19364339.3
1678176900000,2023-03-07T08:15:00+00:00,1567.96,1569.97,1567.92,1568.7,9124.85,14316093.1034
1678177800000,2023-03-07T08:30:00+00:00,1568.7,1568.86,1567.14,1568.85,10024.51,15720304.8344
1678178700000,2023-03-07T08:45:00+00:00,1568.85,1570.32,1567.89,1569.75,8257.98,12956668.0299
1678179600000,2023-03-07T09:00:00+00:00,1569.75,1570.1,1568.5,1568.5,6472.31,10158219.6271
1678180500000,2023-03-07T09:15:00+00:00,1568.5,1568.52,1564.36,1565.82,12419.94,19452712.6335
1678181400000,2023-03-07T09:30:00+00:00,1565.82,1566.36,1563.65,1563.72,11478.67,17961734.9316
1678182300000,2023-03-07T09:45:00+00:00,1563.72,1566.5,1563.28,1565.08,9514.07,14894173.9322
1678183200000,2023-03-07T10:00:00+00:00,1565.08,1567.41,1564.85,1566.17,9730.58,15234176.8767
1678184100000,2023-03-07T10:15:00+00:00,1566.17,1568,1566.15,1568,7879.67,12347792.9126
1678185000000,2023-03-07T10:30:00+00:00,1568,1568.62,1565.41,1565.57,5928.63,9287882.5568
1678185900000,2023-03-07T10:45:00+00:00,1565.57,1565.64,1562.13,1563.01,6492.56,10154199.9342
1678186800000,2023-03-07T11:00:00+00:00,1563.01,1565.59,1562.2,1565,6538.97,10227380.5811
1678187700000,2023-03-07T11:15:00+00:00,1565,1565,1562.34,1564,4999.86,7819214.6369
1678188600000,2023-03-07T11:30:00+00:00,1564,1565.03,1563,1564.24,7193.84,11250981.801
1678189500000,2023-03-07T11:45:00+00:00,1564.24,1564.87,1561.54,1562.43,8157.08,12752884.316
1678190400000,2023-03-07T12:00:00+00:00,1562.43,1565.14,1561.86,1565.14,10033.56,15688826.9471
1678191300000,2023-03-07T12:15:00+00:00,1565.14,1565.14,1564.07,1564.35,6116.15,9569021.4031
1678192200000,2023-03-07T12:30:00+00:00,1564.35,1564.93,1563.11,1564.75,3686.22,5764334.8412
1678193100000,2023-03-07T12:45:00+00:00,1564.75,1567,1564.19,1566.49,4900.27,7673904.6709
1678194000000,2023-03-07T13:00:00+00:00,1566.49,1566.74,1565.15,1565.34,3770.42,5904179.3604
1678194900000,2023-03-07T13:15:00+00:00,1565.34,1567.35,1565.33,1566.64,3779.58,5921915.4474
1678195800000,2023-03-07T13:30:00+00:00,1566.64,1566.65,1564.75,1565.69,4697.29,7354008.1419
1678196700000,2023-03-07T13:45:00+00:00,1565.69,1566.55,1562.28,1563.4,6065.82,9491159.0127
1678197600000,2023-03-07T14:00:00+00:00,1563.4,1563.94,1559,1560.93,9278.86,14489255.3694
1678198500000,2023-03-07T14:15:00+00:00,1560.93,1564.93,1559.55,1562.87,5906,9230102.8734
1678199400000,2023-03-07T14:30:00+00:00,1562.87,1566.16,1556.05,1562.51,21353.61,33341704.018
1678200300000,2023-03-07T14:45:00+00:00,1562.51,1564.31,1561.94,1562,10264.54,16042677.1614
1678201200000,2023-03-07T15:00:00+00:00,1562,1562.01,1535.43,1542.2,146238.92,225911017.2842
1678202100000,2023-03-07T15:15:00+00:00,1542.2,1572.6,1539.8,1557.3,74961.14,116906745.766
1678203000000,2023-03-07T15:30:00+00:00,1557.3,1570.98,1556.65,1559.53,31236.03,48853831.136
1678203900000,2023-03-07T15:45:00+00:00,1559.53,1565.43,1559.19,1559.74,15206.73,23744234.1162
1678204800000,2023-03-07T16:00:00+00:00,1559.74,1563.08,1557.5,1557.5,13620.81,21260628.0742
1678205700000,2023-03-07T16:15:00+00:00,1557.5,1559.27,1550.26,1551.44,17997.38,28000891.8398
1678206600000,2023-03-07T16:30:00+00:00,1551.44,1555.96,1547.33,1555.14,32977.88,51142498.4796
1678207500000,2023-03-07T16:45:00+00:00,1555.14,1557.29,1553.22,1553.36,11157.09,17350939.5097
1678208400000,2023-03-07T17:00:00+00:00,1553.36,1555.77,1552.19,1553.22,9538.61,14819539.8155
1678209300000,2023-03-07T17:15:00+00:00,1553.22,1563,1553.2,1560.46,19148.42,29856867.616
1678210200000,2023-03-07T17:30:00+00:00,1560.46,1563.35,1559.93,1561.56,11069.65,17289440.0757
1678211100000,2023-03-07T17:45:00+00:00,1561.56,1564.51,1560.66,1560.72,11175.12,17456043.0694
1678212000000,2023-03-07T18:00:00+00:00,1560.72,1562.38,1558.92,1559.57,10285.47,16047184.1695
1678212900000,2023-03-07T18:15:00+00:00,1559.57,1560.05,1555.11,1556.91,10876.13,16941592.854
1678213800000,2023-03-07T18:30:00+00:00,1556.91,1558.63,1553,1553.18,11934.18,18564633.393
1678214700000,2023-03-07T18:45:00+00:00,1553.18,1555.21,1551.59,1554.63,11543.95,17930618.334
1678215600000,2023-03-07T19:00:00+00:00,1554.63,1557.5,1552.7,1556.26,11012.19,17123356.4938
1678216500000,2023-03-07T19:15:00+00:00,1556.26,1557.47,1554.24,1555.88,7807.24,12148919.9545
1678217400000,2023-03-07T19:30:00+00:00,1555.88,1557.2,1554.8,1555.17,8838.76,13753736.1279
1678218300000,2023-03-07T19:45:00+00:00,1555.17,1557.15,1548.36,1550.78,11845.63,18407640.3694
1678219200000,2023-03-07T20:00:00+00:00,1550.78,1552.41,1542.7,1547.17,30183.85,46717200.6612
1678220100000,2023-03-07T20:15:00+00:00,1547.17,1549.33,1545.45,1547.12,10665.27,16505269.5129
1678221000000,2023-03-07T20:30:00+00:00,1547.12,1551.5,1546.89,1550.37,5880.26,9113928.8587
1678221900000,2023-03-07T20:45:00+00:00,1550.37,1550.64,1547.15,1547.68,6940.91,10751260.6684
1678222800000,2023-03-07T21:00:00+00:00,1547.68,1550.15,1543.66,1545.58,7867.97,12174124.7517
1678223700000,2023-03-07T21:15:00+00:00,1545.58,1549.14,1543.58,1547.66,6296.77,9739401.0501
1678224600000,2023-03-07T21:30:00+00:00,1547.66,1554.5,1547.24,1553.12,9780.65,15169258.75
1678225500000,2023-03-07T21:45:00+00:00,1553.12,1553.5,1549.85,1550.07,8225.68,12758764.4559
1678226400000,2023-03-07T22:00:00+00:00,1550.07,1550.39,1542.64,1545.42,10050.96,15537215.4387
1678227300000,2023-03-07T22:15:00+00:00,1545.42,1549.53,1544.6,1549.51,9053.62,14001665.627
1678228200000,2023-03-07T22:30:00+00:00,1549.51,1551.52,1548.35,1551.19,8552.68,13253450.5544
1678229100000,2023-03-07T22:45:00+00:00,1551.19,1554.82,1549.04,1552.79,8770.18,13601760.3586
1678230000000,2023-03-07T23:00:00+00:00,1552.79,1554.66,1551.02,1553.62,7201.87,11183701.7428
1678230900000,2023-03-07T23:15:00+00:00,1553.62,1557.84,1552.25,1557.55,8583.28,13350538.4764
1678231800000,2023-03-07T23:30:00+00:00,1557.55,1562.88,1555.65,1561.76,12991.74,20275549.5173
1678232700000,2023-03-07T23:45:00+00:00,1561.76,1562.47,1560.1,1561,10378.63,16203979.4819
1678233600000,2023-03-08T00:00:00+00:00,1561,1569.38,1560.99,1566.86,20752.29,32500736.5262
1678234500000,2023-03-08T00:15:00+00:00,1566.86,1568.13,1565.85,1566.82,7342.31,11505779.8608
1678235400000,2023-03-08T00:30:00+00:00,1566.82,1569.95,1564.7,1565.56,13126.77,20566057.1686
1678236300000,2023-03-08T00:45:00+00:00,1565.56,1567.03,1564.8,1566.68,9423.97,14755298.0715
1678237200000,2023-03-08T01:00:00+00:00,1566.68,1567.51,1565.16,1565.37,9416.13,14745686.666
1678238100000,2023-03-08T01:15:00+00:00,1565.37,1568.06,1565.12,1565.17,9907.59,15517792.5452
1678239000000,2023-03-08T01:30:00+00:00,1565.17,1567.78,1563.61,1563.61,7569.61,11850205.0448
1678239900000,2023-03-08T01:45:00+00:00,1563.61,1564.51,1561.79,1562.47,8033.29,12553610.2077
1678240800000,2023-03-08T02:00:00+00:00,1562.47,1564.83,1562.12,1564.26,6749.92,10553185.1561
1678241700000,2023-03-08T02:15:00+00:00,1564.26,1564.27,1562.46,1562.52,4821.73,7536929.7421
1678242600000,2023-03-08T02:30:00+00:00,1562.52,1563.16,1562.07,1562.78,4087.89,6387526.106
1678243500000,2023-03-08T02:45:00+00:00,1562.78,1563.38,1559.21,1561.15,5384.98,8406111.1358
1678244400000,2023-03-08T03:00:00+00:00,1561.15,1561.51,1559.31,1560.62,4012.94,6263349.2934
1678245300000,2023-03-08T03:15:00+00:00,1560.62,1561.15,1557.25,1558.25,6204.19,9670126.9086
1678246200000,2023-03-08T03:30:00+00:00,1558.25,1559.95,1557.38,1559.47,7788.72,12142001.8484
1678247100000,2023-03-08T03:45:00+00:00,1559.47,1562.39,1558.72,1561.54,7909.66,12347121.1881
1678248000000,2023-03-08T04:00:00+00:00,1561.54,1562.7,1561.54,1562.29,8723.61,13627007.2699
1678248900000,2023-03-08T04:15:00+00:00,1562.29,1562.67,1560.12,1560.23,8093.29,12636183.7089
1678249800000,2023-03-08T04:30:00+00:00,1560.23,1560.89,1558.97,1560.85,6013.77,9382872.7206
1678250700000,2023-03-08T04:45:00+00:00,1560.85,1562,1560.81,1562,5194.37,8109686.1067
1678251600000,2023-03-08T05:00:00+00:00,1562,1562.39,1558.36,1558.36,5858.6,9141577.4384
1678252500000,2023-03-08T05:15:00+00:00,1558.36,1559.12,1555.42,1555.44,10227.62,15928972.8165
1678253400000,2023-03-08T05:30:00+00:00,1555.44,1557.39,1548.44,1551.56,19162.23,29753571.189
1678254300000,2023-03-08T05:45:00+00:00,1551.56,1556,1550,1550.6,14541.09,22574871.5692
1678255200000,2023-03-08T06:00:00+00:00,1550.6,1554.19,1547.41,1553.68,9508.2,14746569.886
1678256100000,2023-03-08T06:15:00+00:00,1553.68,1554.15,1551,1553.17,8409.01,13053855.8476
1678257000000,2023-03-08T06:30:00+00:00,1553.17,1555.52,1551.11,1552.26,11110.75,17258078.7864
1678257900000,2023-03-08T06:45:00+00:00,1552.26,1554.57,1551.45,1553.55,9601.64,14916115.3295
1678258800000,2023-03-08T07:00:00+00:00,1553.55,1554.44,1552.02,1552.35,8694.93,13506505.1115
1678259700000,2023-03-08T07:15:00+00:00,1552.35,1554,1551.12,1551.94,8475.06,13157548.6128
1678260600000,2023-03-08T07:30:00+00:00,1551.94,1554.29,1551.22,1552.35,8593.37,13341126.4528
1678261500000,2023-03-08T07:45:00+00:00,1552.35,1553.09,1549.62,1550.55,7339.55,11389684.7833
1678262400000,2023-03-08T08:00:00+00:00,1550.55,1552.8,1549.13,1550.22,7075.94,10969846.5219
1678263300000,2023-03-08T08:15:00+00:00,1550.22,1554.91,1550,1554.67,7877.27,12226225.7438
1678264200000,2023-03-08T08:30:00+00:00,1554.67,1555,1553.41,1553.76,6230.58,9683081.4953
1678265100000,2023-03-08T08:45:00+00:00,1553.76,1554.26,1551.82,1551.89,7433.81,11547237.0496
1678266000000,2023-03-08T09:00:00+00:00,1551.89,1554,1551.83,1553.65,8048.92,12500005.1559
1678266900000,2023-03-08T09:15:00+00:00,1553.65,1554,1552.04,1552.12,6613.19,10270658.2978
1678267800000,2023-03-08T09:30:00+00:00,1552.12,1554.2,1551.49,1553.51,4852.59,7537078.628
1678268700000,2023-03-08T09:45:00+00:00,1553.51,1556.01,1553.51,1554.97,4350.27,6763608.5365
1678269600000,2023-03-08T10:00:00+00:00,1554.97,1555.46,1554.66,1554.73,4505.87,7005880.7441
1678270500000,2023-03-08T10:15:00+00:00,1554.73,1557.5,1554.73,1555.46,5778.42,8990360.6754
1678271400000,2023-03-08T10:30:00+00:00,1555.46,1559.78,1555.35,1558.18,6885.67,10725922.2596
1678272300000,2023-03-08T10:45:00+00:00,1558.18,1559.86,1557.34,1558.07,9747,15191523.9278
1678273200000,2023-03-08T11:00:00+00:00,1558.07,1560.91,1557.4,1557.41,13294.97,20732639.5186
1678274100000,2023-03-08T11:15:00+00:00,1557.41,1557.98,1556.32,1557.55,5889.77,9172262.1119
1678275000000,2023-03-08T11:30:00+00:00,1557.55,1558.22,1556.7,1557.59,6765.89,10538195.2687
1678275900000,2023-03-08T11:45:00+00:00,1557.59,1557.71,1556.1,1556.36,6807.71,10598664.7261
1678276800000,2023-03-08T12:00:00+00:00,1556.36,1557.4,1556.1,1557.37,7139.8,11116213.4798
1678277700000,2023-03-08T12:15:00+00:00,1557.37,1559.15,1555.33,1555.34,8753.05,13625808.2503
1678278600000,2023-03-08T12:30:00+00:00,1555.34,1558.11,1554.84,1555.49,10958.22,17057047.0286
1678279500000,2023-03-08T12:45:00+00:00,1555.49,1555.86,1551.09,1553.28,13584.85,21100125.058
1678280400000,2023-03-08T13:00:00+00:00,1553.28,1553.7,1549.94,1550.51,11278.14,17507774.2911
1678281300000,2023-03-08T13:15:00+00:00,1550.51,1555.57,1549.56,1552.03,15699.38,24376987.4536
1678282200000,2023-03-08T13:30:00+00:00,1552.03,1554.86,1551.5,1553.79,9408.82,14611392.0339
1678283100000,2023-03-08T13:45:00+00:00,1553.79,1553.79,1549.13,1551.36,12300.29,19079732.1768
1678284000000,2023-03-08T14:00:00+00:00,1551.36,1552.07,1544.81,1550.96,24796.85,38407810.8191
1678284900000,2023-03-08T14:15:00+00:00,1550.96,1552.73,1547,1548.44,9425.19,14610901.7414
1678285800000,2023-03-08T14:30:00+00:00,1548.44,1551.39,1544.92,1547.37,18274.52,28297045.9575
1678286700000,2023-03-08T14:45:00+00:00,1547.37,1550.8,1547.18,1547.48,12401.4,19207432.4123
1678287600000,2023-03-08T15:00:00+00:00,1547.48,1564.43,1540.65,1560.6,93230.56,144551900.9108
1678288500000,2023-03-08T15:15:00+00:00,1560.6,1561.96,1549.94,1557.18,22811.3,35510937.6856
1678289400000,2023-03-08T15:30:00+00:00,1557.18,1564.66,1556.03,1558.68,16993.71,26532400.9717
1678290300000,2023-03-08T15:45:00+00:00,1558.68,1560.33,1555.69,1559.06,12301.95,19168645.9476
1678291200000,2023-03-08T16:00:00+00:00,1559.06,1564,1558,1558.01,14079.01,21973006.0527
1678292100000,2023-03-08T16:15:00+00:00,1558.01,1558.57,1554.91,1555.14,9800.36,15258110.7107
1678293000000,2023-03-08T16:30:00+00:00,1555.14,1556.42,1551.92,1554.71,10970.19,17049288.7534
1678293900000,2023-03-08T16:45:00+00:00,1554.71,1562.85,1554.12,1559.36,10160.86,15840657.5622
1678294800000,2023-03-08T17:00:00+00:00,1559.36,1559.92,1555.77,1556.26,4974.92,7751645.125
1678295700000,2023-03-08T17:15:00+00:00,1556.26,1558.25,1555.5,1555.61,4584.2,7136304.0278
1678296600000,2023-03-08T17:30:00+00:00,1555.61,1556.58,1554.32,1556.33,8043.15,12509896.985
1678297500000,2023-03-08T17:45:00+00:00,1556.33,1556.86,1552.97,1553.18,6116.54,9509050.3496
1678298400000,2023-03-08T18:00:00+00:00,1553.18,1555.23,1550.2,1553.67,8606.12,13365940.5689
1678299300000,2023-03-08T18:15:00+00:00,1553.67,1554.56,1549.12,1549.2,10333.41,16027432.4859
1678300200000,2023-03-08T18:30:00+00:00,1549.2,1551,1547.81,1548.3,14154.72,21927133.8982
1678301100000,2023-03-08T18:45:00+00:00,1548.3,1554,1548.12,1552.53,8055.69,12492473.8426
1678302000000,2023-03-08T19:00:00+00:00,1552.53,1553.03,1550.34,1550.44,8071.6,12525897.5217
1678302900000,2023-03-08T19:15:00+00:00,1550.44,1552.55,1550.27,1551.47,7309.5,11340122.0997
1678303800000,2023-03-08T19:30:00+00:00,1551.47,1555.75,1550.52,1553.68,9612.66,14926719.6033
1678304700000,2023-03-08T19:45:00+00:00,1553.68,1554.57,1551.31,1551.72,7487.62,11625922.5389
1678305600000,2023-03-08T20:00:00+00:00,1551.72,1552.54,1549.02,1549.66,10344.62,16035703.9361
1678306500000,2023-03-08T20:15:00+00:00,1549.66,1553.1,1549.09,1551.8,8829.28,13695223.0256
1678307400000,2023-03-08T20:30:00+00:00,1551.8,1560.61,1551.5,1559.11,7843.19,12219128.1554
1678308300000,2023-03-08T20:45:00+00:00,1559.11,1559.99,1557.8,1558.84,7716.1,12028585.2918
1678309200000,2023-03-08T21:00:00+00:00,1558.84,1559.58,1557.21,1559.3,7018.38,10938175.3718
1678310100000,2023-03-08T21:15:00+00:00,1559.3,1560.07,1556.78,1558.74,7100.65,11069888.9284
1678311000000,2023-03-08T21:30:00+00:00,1558.74,1559.53,1551.84,1553.85,8371.68,13017016.0819
1678311900000,2023-03-08T21:45:00+00:00,1553.85,1553.86,1548.3,1552.27,10974.7,17017634.6751
1678312800000,2023-03-08T22:00:00+00:00,1552.27,1553.57,1549.14,1550.51,7800.85,12101657.4505
1678313700000,2023-03-08T22:15:00+00:00,1550.51,1551.02,1549.32,1550.19,6977.93,10818050.1912
1678314600000,2023-03-08T22:30:00+00:00,1550.19,1551.96,1547.68,1550.85,9380.37,14535528.9281
1678315500000,2023-03-08T22:45:00+00:00,1550.85,1551.33,1540.81,1545.42,22089.35,34130159.6105
1678316400000,2023-03-08T23:00:00+00:00,1545.42,1547.95,1520.78,1536.82,80161.82,122960905.1103
1678317300000,2023-03-08T23:15:00+00:00,1536.82,1537.76,1531.36,1533.09,16610.75,25498410.6291
1678318200000,2023-03-08T23:30:00+00:00,1533.09,1537.19,1532.36,1534.18,9013.04,13828860.473
1678319100000,2023-03-08T23:45:00+00:00,1534.18,1536.43,1531.5,1532.65,8478.21,13004516.1637
1678320000000,2023-03-09T00:00:00+00:00,1532.65,1534.93,1530.78,1533.1,14741.99,22596258.8505
1678320900000,2023-03-09T00:15:00+00:00,1533.1,1539.54,1532.02,1537.9,8729.01,13403958.7731
1678321800000,2023-03-09T00:30:00+00:00,1537.9,1538,1531.51,1533.59,5836.13,8956602.4547
1678322700000,2023-03-09T00:45:00+00:00,1533.59,1536,1533.59,1535.36,5232.17,8031669.0843
1678323600000,2023-03-09T01:00:00+00:00,1535.36,1537.05,1531.58,1536.55,7374.7,11316197.9468
1678324500000,2023-03-09T01:15:00+00:00,1536.55,1538.66,1536.13,1537.28,6264.65,9632048.8445
1678325400000,2023-03-09T01:30:00+00:00,1537.28,1538.08,1535.1,1536.71,10317.61,15852537.1107
1678326300000,2023-03-09T01:45:00+00:00,1536.71,1538.28,1536.44,1536.98,11762.31,18083423.4591
1678327200000,2023-03-09T02:00:00+00:00,1536.98,1538.69,1536.97,1538.08,8612.89,13246131.5237
1678328100000,2023-03-09T02:15:00+00:00,1538.08,1544.03,1537.71,1543.43,15397.1,23736193.5843
1678329000000,2023-03-09T02:30:00+00:00,1543.43,1544.1,1540.47,1541.41,5811.02,8958921.8373
1678329900000,2023-03-09T02:45:00+00:00,1541.41,1542.12,1541.04,1541.76,5431.3,8374015.8518
1678330800000,2023-03-09T03:00:00+00:00,1541.76,1542.1,1539.76,1539.77,5491.39,8463467.3332
1678331700000,2023-03-09T03:15:00+00:00,1539.77,1540.72,1538.9,1540.25,4705.49,7245923.9259
1678332600000,2023-03-09T03:30:00+00:00,1540.25,1542.83,1540.09,1541.29,6184.14,9533582.9283
1678333500000,2023-03-09T03:45:00+00:00,1541.29,1541.56,1539.51,1540.75,7419.27,11428385.6285
1678334400000,2023-03-09T04:00:00+00:00,1540.75,1540.78,1538.22,1539.34,11683.43,17982562.358
1678335300000,2023-03-09T04:15:00+00:00,1539.34,1539.34,1538.02,1538.02,8447.95,12997582.7377
1678336200000,2023-03-09T04:30:00+00:00,1538.02,1538.95,1536.84,1536.89,9702.33,14924123.8328
1678337100000,2023-03-09T04:45:00+00:00,1536.89,1538.45,1536.89,1537.69,8979.64,13806855.1995
1678338000000,2023-03-09T05:00:00+00:00,1537.69,1539.54,1537.25,1539.33,9338.84,14368700.525
1678338900000,2023-03-09T05:15:00+00:00,1539.33,1539.65,1537.68,1539.12,8551.77,13154738.0394
1678339800000,2023-03-09T05:30:00+00:00,1539.12,1539.73,1537.22,1537.45,6372.55,9801095.1019
1678340700000,2023-03-09T05:45:00+00:00,1537.45,1538.26,1536.66,1537.14,5143.76,7909385.5534
1678341600000,2023-03-09T06:00:00+00:00,1537.14,1538.01,1536.78,1537.97,5830.33,8962248.8582
1678342500000,2023-03-09T06:15:00+00:00,1537.97,1538.37,1537.22,1538.16,6347.21,9762815.4658
1678343400000,2023-03-09T06:30:00+00:00,1538.16,1538.2,1535.44,1538.18,7251.43,11144649.8755
1678344300000,2023-03-09T06:45:00+00:00,1538.18,1540.47,1536.99,1540.05,7544.38,11606422.0229
1678345200000,2023-03-09T07:00:00+00:00,1540.05,1540.05,1538.23,1538.59,6052.78,9315047.2726
1678346100000,2023-03-09T07:15:00+00:00,1538.59,1539.25,1537.45,1538.16,6721.36,10340061.0773
1678347000000,2023-03-09T07:30:00+00:00,1538.16,1539.46,1536.36,1536.9,8159.7,12548197.1699
1678347900000,2023-03-09T07:45:00+00:00,1536.9,1538.15,1535.5,1536.35,9376.22,14407769.6959
1678348800000,2023-03-09T08:00:00+00:00,1536.35,1538.47,1534.36,1536.61,15373.03,23616311.8568
1678349700000,2023-03-09T08:15:00+00:00,1536.61,1537.37,1533.34,1533.53,12102.99,18576515.121
1678350600000,2023-03-09T08:30:00+00:00,1533.53,1535.01,1530.58,1531.98,9101.98,13955899.8116
1678351500000,2023-03-09T08:45:00+00:00,1531.98,1535.49,1524.92,1532.31,26532.87,40590073.1575
1678352400000,2023-03-09T09:00:00+00:00,1532.31,1533.98,1527.95,1533.36,10043.53,15371026.1092
1678353300000,2023-03-09T09:15:00+00:00,1533.36,1535.35,1530.92,1531.7,8083.7,12397121.1811
1678354200000,2023-03-09T09:30:00+00:00,1531.7,1532.06,1529.31,1529.87,9392.56,14378948.2182
1678355100000,2023-03-09T09:45:00+00:00,1529.87,1532.69,1529.44,1531.87,10783.8,16510865.2976
1678356000000,2023-03-09T10:00:00+00:00,1531.87,1533.29,1530.46,1533.03,8371.53,12822127.501
1678356900000,2023-03-09T10:15:00+00:00,1533.03,1533.03,1531.18,1532.02,7807.81,11962103.4372
1678357800000,2023-03-09T10:30:00+00:00,1532.02,1532.73,1529.83,1530.21,9986.48,15288827.6189
1678358700000,2023-03-09T10:45:00+00:00,1530.21,1534.65,1527,1533.34,12389.5,18981256.8477
1678359600000,2023-03-09T11:00:00+00:00,1533.34,1535.06,1532.52,1534.92,11383.33,17457628.8982
1678360500000,2023-03-09T11:15:00+00:00,1534.92,1534.92,1532.57,1533.3,9205.17,14115935.0128
1678361400000,2023-03-09T11:30:00+00:00,1533.3,1534.88,1533.05,1534.88,8203.22,12585185.6815
1678362300000,2023-03-09T11:45:00+00:00,1534.88,1534.88,1533.72,1534.78,6903.06,10591407.9631
1678363200000,2023-03-09T12:00:00+00:00,1534.78,1534.85,1532,1532.26,7064.76,10833231.8006
1678364100000,2023-03-09T12:15:00+00:00,1532.26,1532.27,1529.34,1531.44,9642.74,14760179.7536
1678365000000,2023-03-09T12:30:00+00:00,1531.44,1532,1529.78,1530.49,5253.66,8043551.5523
1678365900000,2023-03-09T12:45:00+00:00,1530.49,1533.23,1530.36,1531.36,5851.48,8962919.9918
1678366800000,2023-03-09T13:00:00+00:00,1531.36,1531.46,1528.66,1529.5,6529.54,9990910.914
1678367700000,2023-03-09T13:15:00+00:00,1529.5,1530.57,1526.58,1528.24,9457.24,14457933.8458
1678368600000,2023-03-09T13:30:00+00:00,1528.24,1536.48,1528.23,1534.38,25761.52,39489529.6474
1678369500000,2023-03-09T13:45:00+00:00,1534.38,1539.2,1534.38,1538.35,14519.36,22318535.8046
1678370400000,2023-03-09T14:00:00+00:00,1538.35,1540.38,1537.31,1539.94,19378.3,29820007.2985
1678371300000,2023-03-09T14:15:00+00:00,1539.94,1545.54,1539.89,1540,21692.77,33460316.137
1678372200000,2023-03-09T14:30:00+00:00,1540,1542.74,1537.09,1539.62,12514.6,19271772.4046
1678373100000,2023-03-09T14:45:00+00:00,1539.62,1541.84,1537.8,1538.74,6543.54,10073670.0333
1678374000000,2023-03-09T15:00:00+00:00,1538.74,1542.52,1537.54,1537.56,13344.03,20551148.9575
1678374900000,2023-03-09T15:15:00+00:00,1537.56,1537.81,1532.7,1537.38,9010.73,13832945.1344
1678375800000,2023-03-09T15:30:00+00:00,1537.38,1538.23,1535.68,1537.11,8331.59,12806784.6556
1678376700000,2023-03-09T15:45:00+00:00,1537.11,1538.43,1531.53,1533.14,12496.87,19194883.0596
1678377600000,2023-03-09T16:00:00+00:00,1533.14,1535.85,1531.17,1535.69,12490.67,19156963.106
1678378500000,2023-03-09T16:15:00+00:00,1535.69,1537.05,1531.5,1532.84,9046.22,13883885.1987
1678379400000,2023-03-09T16:30:00+00:00,1532.84,1533.85,1528.27,1530.1,15875.72,24304680.42
1678380300000,2023-03-09T16:45:00+00:00,1530.1,1533.69,1521.16,1526.01,29377.55,44857209.3921
1678381200000,2023-03-09T17:00:00+00:00,1526.01,1528.89,1522.07,1526.01,14393.68,21957870.9354
1678382100000,2023-03-09T17:15:00+00:00,1526.01,1529.44,1525.99,1528.41,9765.11,14919732.7649
1678383000000,2023-03-09T17:30:00+00:00,1528.41,1528.42,1525.24,1525.84,10752.02,16415986.95
1678383900000,2023-03-09T17:45:00+00:00,1525.84,1529.34,1525.02,1528.7,9487.43,14487001.0952
1678384800000,2023-03-09T18:00:00+00:00,1528.7,1529.5,1525.48,1526.36,8085.23,12350820.1917
1678385700000,2023-03-09T18:15:00+00:00,1526.36,1529.96,1522.61,1523.74,13986.97,21348955.4316
1678386600000,2023-03-09T18:30:00+00:00,1523.74,1523.74,1502.3,1508.31,94756.76,143177451.608
1678387500000,2023-03-09T18:45:00+00:00,1508.31,1509.2,1504,1505.21,15323.39,23081998.9716
1678388400000,2023-03-09T19:00:00+00:00,1505.21,1505.28,1490.37,1499.12,85976.87,128737961.4581
1678389300000,2023-03-09T19:15:00+00:00,1499.12,1501,1493.67,1493.68,12525.64,18765174.7593
1678390200000,2023-03-09T19:30:00+00:00,1493.68,1494.52,1487.36,1492.01,24678.6,36795754.4572
1678391100000,2023-03-09T19:45:00+00:00,1492.01,1492.53,1480,1487.61,33547.21,49811814.302
1678392000000,2023-03-09T20:00:00+00:00,1487.61,1489.14,1475.34,1476.34,28052.33,41571367.5728
1678392900000,2023-03-09T20:15:00+00:00,1476.34,1481.5,1462.76,1473.19,77448.45,113883501.0449
1678393800000,2023-03-09T20:30:00+00:00,1473.19,1479.77,1440,1447.38,107201.03,156228733.8943
1678394700000,2023-03-09T20:45:00+00:00,1447.38,1454,1406.06,1412.57,201506.16,288039508.0956
1678395600000,2023-03-09T21:00:00+00:00,1412.57,1436.65,1412.57,1432.87,58109.61,82914495.1432
1678396500000,2023-03-09T21:15:00+00:00,1432.87,1443.82,1432.87,1440.16,32678.23,47038303.702
1678397400000,2023-03-09T21:30:00+00:00,1440.16,1443,1431.47,1437.55,18915.35,27193176.3253
1678398300000,2023-03-09T21:45:00+00:00,1437.55,1440.95,1428.4,1431.15,22506.19,32270600.712
1678399200000,2023-03-09T22:00:00+00:00,1431.15,1447.37,1430.97,1445.24,18625.22,26805566.8383
1678400100000,2023-03-09T22:15:00+00:00,1445.24,1445.33,1435.33,1438.41,21377.75,30745212.1764
1678401000000,2023-03-09T22:30:00+00:00,1438.41,1440.31,1435.73,1436.6,12913.1,18566114.1045
1678401900000,2023-03-09T22:45:00+00:00,1436.6,1436.6,1431.53,1431.59,11160.97,16005951.3302
1678402800000,2023-03-09T23:00:00+00:00,1431.59,1436.73,1427.9,1436.09,15896.49,22758678.0529
1678403700000,2023-03-09T23:15:00+00:00,1436.09,1436.57,1433,1435.4,5801.55,8322258.2051
1678404600000,2023-03-09T23:30:00+00:00,1435.4,1438.11,1433.06,1435.34,11183.38,16053968.3426
1678405500000,2023-03-09T23:45:00+00:00,1435.34,1438.8,1435.02,1436.63,10061.52,14456032.0671
1678406400000,2023-03-10T00:00:00+00:00,1436.63,1436.83,1428.76,1428.84,12735.3,18259676.9122
1678407300000,2023-03-10T00:15:00+00:00,1428.84,1434.21,1421,1426.11,31285.31,44638403.3829
1678408200000,2023-03-10T00:30:00+00:00,1426.11,1429.67,1424.41,1427.13,11013.58,15709236.0181
1678409100000,2023-03-10T00:45:00+00:00,1427.13,1427.44,1421.06,1425.58,11738.29,16721536.6122
1678410000000,2023-03-10T01:00:00+00:00,1425.58,1429.07,1416.74,1422.27,29251.08,41596442.8137
1678410900000,2023-03-10T01:15:00+00:00,1422.27,1425.65,1409.24,1424.03,44175.84,62585476.3769
1678411800000,2023-03-10T01:30:00+00:00,1424.03,1430.72,1422.5,1427.47,16756.14,23921264.1769
1678412700000,2023-03-10T01:45:00+00:00,1427.47,1432.45,1427.15,1429.25,12322.1,17617898.5037
1678413600000,2023-03-10T02:00:00+00:00,1429.25,1433,1427.93,1431.76,11412.32,16319150.4578
1678414500000,2023-03-10T02:15:00+00:00,1431.76,1431.77,1424.69,1424.72,9040.29,12907623.6963
1678415400000,2023-03-10T02:30:00+00:00,1424.72,1429,1424.38,1426.63,8321,11876520.9805
1678416300000,2023-03-10T02:45:00+00:00,1426.63,1427.61,1424.88,1425.49,7891.98,11254189.1546
1678417200000,2023-03-10T03:00:00+00:00,1425.49,1426.2,1421.64,1425.92,9177.71,13074290.238
1678418100000,2023-03-10T03:15:00+00:00,1425.92,1430.24,1425.18,1427.71,7403.7,10569309.0545
1678419000000,2023-03-10T03:30:00+00:00,1427.71,1429.85,1426.94,1429.07,11219.74,16023742.5455
1678419900000,2023-03-10T03:45:00+00:00,1429.07,1429.7,1426,1426.21,9254.81,13209755.0605
1678420800000,2023-03-10T04:00:00+00:00,1426.21,1426.85,1418.52,1423.93,15332.61,21829090.0957
1678421700000,2023-03-10T04:15:00+00:00,1423.93,1424.9,1417.52,1420.01,17255.32,24516492.5277
1678422600000,2023-03-10T04:30:00+00:00,1420.01,1420.64,1413.73,1417.5,15960.39,22613233.5102
1678423500000,2023-03-10T04:45:00+00:00,1417.5,1418.86,1412.04,1415.93,15397.47,21797294.4169
1678424400000,2023-03-10T05:00:00+00:00,1415.93,1417.88,1410.61,1413.84,12491.78,17674891.6519
1678425300000,2023-03-10T05:15:00+00:00,1413.84,1418.97,1412.39,1417,12001.79,16993546.8821
1678426200000,2023-03-10T05:30:00+00:00,1417,1422.8,1416.55,1420.14,12177.57,17295897.7772
1678427100000,2023-03-10T05:45:00+00:00,1420.14,1421.96,1419.29,1419.69,7880.37,11189195.9736
1678428000000,2023-03-10T06:00:00+00:00,1419.69,1421.32,1414.98,1414.98,7434.63,10549880.4278
1678428900000,2023-03-10T06:15:00+00:00,1414.98,1416.98,1413.92,1415.78,8316.01,11768686.6075
1678429800000,2023-03-10T06:30:00+00:00,1415.78,1417.96,1409.17,1412,17964.74,25387135.897
1678430700000,2023-03-10T06:45:00+00:00,1412,1412.58,1403.5,1406.4,25972.98,36560542.1044
1678431600000,2023-03-10T07:00:00+00:00,1406.4,1409.08,1391.67,1396.67,51278.84,71836464.9493
1678432500000,2023-03-10T07:15:00+00:00,1396.67,1407,1390.54,1404.97,28244.51,39487998.4974
1678433400000,2023-03-10T07:30:00+00:00,1404.97,1412.99,1404.34,1407.12,21514.08,30320591.2963
1678434300000,2023-03-10T07:45:00+00:00,1407.12,1411.57,1407.07,1411.12,10573.54,14901602.278
1678435200000,2023-03-10T08:00:00+00:00,1411.12,1412.2,1407.71,1408.07,10714.17,15104967.6249
1678436100000,2023-03-10T08:15:00+00:00,1408.07,1409.23,1405.95,1409.23,11985.38,16873353.568
1678437000000,2023-03-10T08:30:00+00:00,1409.23,1409.23,1403.03,1403.15,7156.92,10067708.0936
1678437900000,2023-03-10T08:45:00+00:00,1403.15,1408.36,1402.48,1406.57,8535.05,12004365.2847
1678438800000,2023-03-10T09:00:00+00:00,1406.57,1407.01,1402.9,1403.66,7547.26,10603981.7922
1678439700000,2023-03-10T09:15:00+00:00,1403.66,1406.26,1401.49,1404.5,9855.65,13835088.297
1678440600000,2023-03-10T09:30:00+00:00,1404.5,1405.26,1395.89,1396.44,13520.93,18930423.3796
1678441500000,2023-03-10T09:45:00+00:00,1396.44,1402.18,1395.59,1396.03,9253.06,12945070.2098
1678442400000,2023-03-10T10:00:00+00:00,1396.03,1402.22,1392.37,1395.65,13801.14,19275893.2087
1678443300000,2023-03-10T10:15:00+00:00,1395.65,1396.01,1382.61,1384.85,41252.6,57264724.74
1678444200000,2023-03-10T10:30:00+00:00,1384.85,1390.24,1367.76,1375.12,81366.22,112116851.3177
1678445100000,2023-03-10T10:45:00+00:00,1375.12,1381.69,1369.62,1379,28295.57,38939959.6339
1678446000000,2023-03-10T11:00:00+00:00,1379,1386.79,1378.83,1385.21,13853.69,19159730.6066
1678446900000,2023-03-10T11:15:00+00:00,1385.21,1385.21,1375.35,1380.41,13855.1,19108025.017
1678447800000,2023-03-10T11:30:00+00:00,1380.41,1382.66,1373.08,1376.26,10806.31,14898362.6237
1678448700000,2023-03-10T11:45:00+00:00,1376.26,1387.89,1376.21,1384,9741.48,13474262.0277
1678449600000,2023-03-10T12:00:00+00:00,1384,1385.62,1383,1383.56,5553.13,7687427.2932
1678450500000,2023-03-10T12:15:00+00:00,1383.56,1399.79,1383.48,1394.5,26611.34,37067297.9352
1678451400000,2023-03-10T12:30:00+00:00,1394.5,1394.89,1387.72,1391.65,10166.35,14132772.0858
1678452300000,2023-03-10T12:45:00+00:00,1391.65,1399.27,1391.49,1395.24,11213.52,15645225.8051
1678453200000,2023-03-10T13:00:00+00:00,1395.24,1396.98,1392.3,1393.07,8890.83,12396573.9965
1678454100000,2023-03-10T13:15:00+00:00,1393.07,1397.08,1391.34,1394,16584.08,23126227.406
1678455000000,2023-03-10T13:30:00+00:00,1394,1425.61,1393.27,1418.32,183813.54,258905039.3129
1678455900000,2023-03-10T13:45:00+00:00,1418.32,1433.74,1417.74,1424.13,60493.92,86309904.5991
1678456800000,2023-03-10T14:00:00+00:00,1424.13,1424.54,1400,1401.22,43311.02,61157402.8141
1678457700000,2023-03-10T14:15:00+00:00,1401.22,1411.27,1393.31,1409.31,53442.72,74806016.1561
1678458600000,2023-03-10T14:30:00+00:00,1409.31,1414.09,1388.59,1389.11,35222.15,49382496.6382
1678459500000,2023-03-10T14:45:00+00:00,1389.11,1402.94,1381.79,1400.78,64537.74,89868813.6657
1678460400000,2023-03-10T15:00:00+00:00,1400.78,1409.36,1399.08,1399.41,26425.31,37138839.8695
1678461300000,2023-03-10T15:15:00+00:00,1399.41,1403.86,1396.88,1403.34,17857.99,25015026.9706
1678462200000,2023-03-10T15:30:00+00:00,1403.34,1411.18,1402.76,1405.26,16980.97,23889796.0774
1678463100000,2023-03-10T15:45:00+00:00,1405.26,1419.98,1403.9,1416.63,22025.86,31146087.5211
1678464000000,2023-03-10T16:00:00+00:00,1416.63,1417.87,1412.3,1412.3,19236.44,27209081.0666
1678464900000,2023-03-10T16:15:00+00:00,1412.3,1426.76,1410.1,1425.93,26761.67,37978124.3108
1678465800000,2023-03-10T16:30:00+00:00,1425.93,1438.51,1420.26,1421.34,37718.34,53946610.3826
1678466700000,2023-03-10T16:45:00+00:00,1421.34,1422.29,1413.41,1415.37,13240.75,18766350.0835
1678467600000,2023-03-10T17:00:00+00:00,1415.37,1415.81,1400.69,1407.24,23468.48,33021550.8545
1678468500000,2023-03-10T17:15:00+00:00,1407.24,1410.19,1400.73,1406.34,20686.55,29078731.994
1678469400000,2023-03-10T17:30:00+00:00,1406.34,1413.99,1405.13,1410.9,17103.96,24119186.485
1678470300000,2023-03-10T17:45:00+00:00,1410.9,1419.84,1405.77,1407.45,18328.42,25879390.7094
1678471200000,2023-03-10T18:00:00+00:00,1407.45,1415.31,1406.71,1410.98,16161.57,22795204.4076
1678472100000,2023-03-10T18:15:00+00:00,1410.98,1411.09,1403.67,1406.79,13599.28,19133760.8049
1678473000000,2023-03-10T18:30:00+00:00,1406.79,1409.86,1402.6,1409.05,11838.4,16651153.714
1678473900000,2023-03-10T18:45:00+00:00,1409.05,1411.42,1402.26,1404.34,11955.42,16807892.4018
1678474800000,2023-03-10T19:00:00+00:00,1404.34,1418.37,1404.22,1413.62,19141.99,27051707.8602
1678475700000,2023-03-10T19:15:00+00:00,1413.62,1414.81,1410.22,1411.34,11794.44,16661190.9969
1678476600000,2023-03-10T19:30:00+00:00,1411.34,1418.09,1411.24,1415.96,13409.06,18977035.5595
1678477500000,2023-03-10T19:45:00+00:00,1415.96,1426.4,1415.95,1423.43,14116.71,20063813.5863
1678478400000,2023-03-10T20:00:00+00:00,1423.43,1427.58,1419.34,1424.26,12401.86,17651692.2334
1678479300000,2023-03-10T20:15:00+00:00,1424.26,1425.47,1417.46,1421.9,14508.36,20618958.8714
1678480200000,2023-03-10T20:30:00+00:00,1421.9,1423.04,1415.13,1416.4,6386.32,9062359.9779
1678481100000,2023-03-10T20:45:00+00:00,1416.4,1420.1,1416.25,1418.03,5135.36,7283130.1041
1678482000000,2023-03-10T21:00:00+00:00,1418.03,1418.43,1413.52,1414.06,5170.61,7317685.6175
1678482900000,2023-03-10T21:15:00+00:00,1414.06,1414.16,1406.55,1412.8,8774.25,12376604.7514
1678483800000,2023-03-10T21:30:00+00:00,1412.8,1416.83,1407.22,1411.61,16646.6,23493521.1447
1678484700000,2023-03-10T21:45:00+00:00,1411.61,1428.49,1408.61,1424.7,21972.72,31173385.1183
1678485600000,2023-03-10T22:00:00+00:00,1424.7,1429.7,1420.26,1426.29,18762.02,26756673.084
1678486500000,2023-03-10T22:15:00+00:00,1426.29,1426.85,1420,1422.85,10834.85,15421688.5556
1678487400000,2023-03-10T22:30:00+00:00,1422.85,1425.18,1419.14,1419.59,13941.16,19830549.7394
1678488300000,2023-03-10T22:45:00+00:00,1419.59,1428.75,1417.19,1424.36,14655.4,20863674.2963
1678489200000,2023-03-10T23:00:00+00:00,1424.36,1433.7,1423.14,1430.61,18119.9,25895811.5125
1678490100000,2023-03-10T23:15:00+00:00,1430.61,1433.17,1426.79,1428.78,10177.01,14558196.8256
1678491000000,2023-03-10T23:30:00+00:00,1428.78,1431.61,1428.5,1430.75,10384.87,14852436.3791
1678491900000,2023-03-10T23:45:00+00:00,1430.75,1432.93,1423.43,1426.52,16274.68,23233811.0504
1678492800000,2023-03-11T00:00:00+00:00,1426.52,1430.39,1425.27,1427.21,11803.11,16850422.4238
1678493700000,2023-03-11T00:15:00+00:00,1427.21,1436.63,1425,1433.43,15308.8,21897634.1882
1678494600000,2023-03-11T00:30:00+00:00,1433.43,1434.54,1428.21,1429.89,15936.31,22811958.3434
1678495500000,2023-03-11T00:45:00+00:00,1429.89,1442.07,1428.55,1435.59,24984.95,35858663.4344
1678496400000,2023-03-11T01:00:00+00:00,1435.59,1448.93,1435.59,1445.68,19755.46,28497858.2021
1678497300000,2023-03-11T01:15:00+00:00,1445.68,1449.42,1440.74,1445,18577.5,26847986.0347
1678498200000,2023-03-11T01:30:00+00:00,1445,1467.25,1444.99,1464.65,68785.86,100269378.0237
1678499100000,2023-03-11T01:45:00+00:00,1464.65,1475.97,1455.07,1465.79,53049.01,77749470.5839
1678500000000,2023-03-11T02:00:00+00:00,1465.79,1472.71,1459.5,1459.54,23583.37,34567276.4221
1678500900000,2023-03-11T02:15:00+00:00,1459.54,1464.05,1457.16,1460.61,19774.22,28881194.272
1678501800000,2023-03-11T02:30:00+00:00,1460.61,1469.1,1458.08,1464.06,18023.26,26380393.2103
1678502700000,2023-03-11T02:45:00+00:00,1464.06,1466.85,1460.44,1464.5,16859.78,24688051.0236
1678503600000,2023-03-11T03:00:00+00:00,1464.5,1464.6,1455.17,1458.64,30554.31,44596348.5109
1678504500000,2023-03-11T03:15:00+00:00,1458.64,1461.1,1454.53,1455.43,14072.52,20512003.3091
1678505400000,2023-03-11T03:30:00+00:00,1455.43,1459.89,1454.87,1457.42,7587.92,11053201.2105
1678506300000,2023-03-11T03:45:00+00:00,1457.42,1461.45,1456.04,1459.31,8275.42,12077859.0906
1678507200000,2023-03-11T04:00:00+00:00,1459.31,1460.18,1448.01,1451.68,14953.75,21730629.6271
1678508100000,2023-03-11T04:15:00+00:00,1451.68,1458.08,1451.67,1457.47,11511.91,16754594.2833
1678509000000,2023-03-11T04:30:00+00:00,1457.47,1459.78,1457.07,1457.23,12542.03,18292130.4295
1678509900000,2023-03-11T04:45:00+00:00,1457.23,1461.94,1456.85,1459.99,10576.15,15442827.0912
1678510800000,2023-03-11T05:00:00+00:00,1459.99,1466.2,1457.05,1463,13264.07,19391432.7027
1678511700000,2023-03-11T05:15:00+00:00,1463,1464.98,1461.18,1464.35,11800.51,17261403.4002
1678512600000,2023-03-11T05:30:00+00:00,1464.35,1465.54,1462.8,1462.83,6931.54,10148005.6094
1678513500000,2023-03-11T05:45:00+00:00,1462.83,1463.91,1462.4,1462.43,6957.99,10178718.3231
1678514400000,2023-03-11T06:00:00+00:00,1462.43,1462.81,1458.32,1458.64,7283.8,10635732.6573
1678515300000,2023-03-11T06:15:00+00:00,1458.64,1459.64,1454.47,1454.54,5827,8489443.9142
1678516200000,2023-03-11T06:30:00+00:00,1454.54,1456.31,1447.55,1454.79,19286.18,28022948.7043
1678517100000,2023-03-11T06:45:00+00:00,1454.79,1459,1453,1457.46,12444.97,18129987.448
1678518000000,2023-03-11T07:00:00+00:00,1457.46,1462,1455.4,1455.68,13299.16,19400335.6103
1678518900000,2023-03-11T07:15:00+00:00,1455.68,1458.81,1450.39,1456.79,19884.46,28910180.8247
1678519800000,2023-03-11T07:30:00+00:00,1456.79,1457.66,1428.05,1431,45866.52,66101763.9156
1678520700000,2023-03-11T07:45:00+00:00,1431,1440.83,1414.31,1416.87,50103.11,71517700.8595
1678521600000,2023-03-11T08:00:00+00:00,1416.87,1422.46,1408.51,1417.35,37392.15,52932964.6148
1678522500000,2023-03-11T08:15:00+00:00,1417.35,1428.74,1416.7,1422.39,16788.89,23910691.7343
1678523400000,2023-03-11T08:30:00+00:00,1422.39,1451.1,1421.57,1450.77,24191.65,34732303.1204
1678524300000,2023-03-11T08:45:00+00:00,1450.77,1450.85,1433.9,1434.05,29722.05,42846042.1461
1678525200000,2023-03-11T09:00:00+00:00,1434.05,1441.48,1432.08,1439.1,11610.13,16683653.431
1678526100000,2023-03-11T09:15:00+00:00,1439.1,1439.45,1431.46,1434.3,7728.94,11092276.02
1678527000000,2023-03-11T09:30:00+00:00,1434.3,1436.14,1425.5,1431.75,22345.25,31969326.8592
1678527900000,2023-03-11T09:45:00+00:00,1431.75,1439.95,1430.91,1435.06,13041.24,18723102.1905
1678528800000,2023-03-11T10:00:00+00:00,1435.06,1436.22,1433.94,1434.12,8520.35,12223668.6694
1678529700000,2023-03-11T10:15:00+00:00,1434.12,1438.83,1433.5,1437.01,10427.03,14972378.0321
1678530600000,2023-03-11T10:30:00+00:00,1437.01,1437.15,1430.01,1435.82,11465.49,16438134.7674
1678531500000,2023-03-11T10:45:00+00:00,1435.82,1436.3,1426,1426.95,14280.6,20405159.0658
1678532400000,2023-03-11T11:00:00+00:00,1426.95,1430.53,1424.38,1428.74,13039.88,18624901.6648
1678533300000,2023-03-11T11:15:00+00:00,1428.74,1430,1425.85,1427.56,14157.62,20220101.5991
1678534200000,2023-03-11T11:30:00+00:00,1427.56,1427.56,1416.69,1422.25,19275.56,27415276.78
1678535100000,2023-03-11T11:45:00+00:00,1422.25,1428.14,1420.28,1427.56,11059,15760134.6331
1678536000000,2023-03-11T12:00:00+00:00,1427.56,1430.1,1426.51,1426.51,8126.4,11604270.6426
1678536900000,2023-03-11T12:15:00+00:00,1426.51,1434.53,1426.24,1432.58,9656.15,13812436.6333
1678537800000,2023-03-11T12:30:00+00:00,1432.58,1433.43,1429.67,1430.84,8995.96,12875679.3585
1678538700000,2023-03-11T12:45:00+00:00,1430.84,1430.84,1426.89,1427.42,8615.88,12307622.6401
1678539600000,2023-03-11T13:00:00+00:00,1427.42,1434.58,1427.2,1431.74,9370.12,13410860.916
1678540500000,2023-03-11T13:15:00+00:00,1431.74,1436.61,1429.1,1433.76,10513.12,15067061.0002
1678541400000,2023-03-11T13:30:00+00:00,1433.76,1434.71,1430.67,1432.45,7133.39,10221000.8059
1678542300000,2023-03-11T13:45:00+00:00,1432.45,1435,1428.34,1430.73,9721.13,13924365.5454
1678543200000,2023-03-11T14:00:00+00:00,1430.73,1432.93,1428.51,1430.03,8395.86,12014850.7039
1678544100000,2023-03-11T14:15:00+00:00,1430.03,1433.33,1429.09,1432.77,8387.22,12001664.3872
1678545000000,2023-03-11T14:30:00+00:00,1432.77,1436.67,1432.4,1435.89,10432.61,14967689.8821
1678545900000,2023-03-11T14:45:00+00:00,1435.89,1436,1431.07,1433,9487.5,13605602.276
1678546800000,2023-03-11T15:00:00+00:00,1433,1436.74,1431,1431.65,10313.08,14780325.9478
1678547700000,2023-03-11T15:15:00+00:00,1431.65,1434.98,1431.65,1433.45,7663.62,10984066.6053
1678548600000,2023-03-11T15:30:00+00:00,1433.45,1433.63,1430.01,1432.5,9661.22,13833787.728
1678549500000,2023-03-11T15:45:00+00:00,1432.5,1432.91,1427.07,1429.22,13243.04,18939681.6769
1678550400000,2023-03-11T16:00:00+00:00,1429.22,1431.3,1422.45,1427.39,22914.04,32707818.1475
1678551300000,2023-03-11T16:15:00+00:00,1427.39,1429.5,1424.58,1425.94,14864.57,21209074.8988
1678552200000,2023-03-11T16:30:00+00:00,1425.94,1430.43,1424.87,1429.52,17130.46,24461575.7955
1678553100000,2023-03-11T16:45:00+00:00,1429.52,1434.21,1429.43,1432.39,11310.38,16201458.913
1678554000000,2023-03-11T17:00:00+00:00,1432.39,1439.43,1430.95,1436.41,13189.05,18934573.8717
1678554900000,2023-03-11T17:15:00+00:00,1436.41,1442.52,1436.13,1441.61,16527.89,23785916.1969
1678555800000,2023-03-11T17:30:00+00:00,1441.61,1447.31,1439.27,1445.8,11406,16459458.4025
1678556700000,2023-03-11T17:45:00+00:00,1445.8,1456.13,1443.2,1449.69,56928.44,82541593.8621
1678557600000,2023-03-11T18:00:00+00:00,1449.69,1453.41,1446.09,1446.27,21716.66,31474612.539
1678558500000,2023-03-11T18:15:00+00:00,1446.27,1457.1,1445.96,1452.1,20647.49,29984326.6717
1678559400000,2023-03-11T18:30:00+00:00,1452.1,1456.37,1450.09,1451.7,16108.24,23400499.5183
1678560300000,2023-03-11T18:45:00+00:00,1451.7,1453.01,1448.14,1448.45,8985.11,13029932.9097
1678561200000,2023-03-11T19:00:00+00:00,1448.45,1451.94,1444.01,1445.68,22114.86,32015683.4407
1678562100000,2023-03-11T19:15:00+00:00,1445.68,1449.93,1444,1448.93,7883.01,11405709.9487
1678563000000,2023-03-11T19:30:00+00:00,1448.93,1448.96,1445.04,1447.36,7436.36,10764248.5719
1678563900000,2023-03-11T19:45:00+00:00,1447.36,1451.01,1447.35,1449.49,5487.09,7951802.9056
1678564800000,2023-03-11T20:00:00+00:00,1449.49,1454.27,1449.49,1450.71,10695.27,15527574.1198
1678565700000,2023-03-11T20:15:00+00:00,1450.71,1456.33,1450.15,1454.38,8868.36,12888747.2216
1678566600000,2023-03-11T20:30:00+00:00,1454.38,1470.31,1454.38,1467.29,38623.96,56532186.6803
1678567500000,2023-03-11T20:45:00+00:00,1467.29,1467.95,1460.46,1465.65,16761.32,24540613.5794
1678568400000,2023-03-11T21:00:00+00:00,1465.65,1468.49,1461.88,1462.02,14699.71,21528139.4724
1678569300000,2023-03-11T21:15:00+00:00,1462.02,1462.02,1457.73,1460.22,8731.38,12747131.0417
1678570200000,2023-03-11T21:30:00+00:00,1460.22,1465.47,1458.19,1465.19,12309.45,17988744.5033
1678571100000,2023-03-11T21:45:00+00:00,1465.19,1465.98,1462.1,1465.46,10934.46,16010170.3827
1678572000000,2023-03-11T22:00:00+00:00,1465.46,1468.02,1462.1,1465.91,9909.81,14512390.8735
1678572900000,2023-03-11T22:15:00+00:00,1465.91,1469.96,1465.88,1465.89,10254.54,15048899.1729
1678573800000,2023-03-11T22:30:00+00:00,1465.89,1466.25,1458.82,1459.51,10884.57,15908279.6255
1678574700000,2023-03-11T22:45:00+00:00,1459.51,1461.55,1457.73,1459.41,9042.16,13198115.2758
1678575600000,2023-03-11T23:00:00+00:00,1459.41,1463.24,1458.5,1459.11,9100.54,13296761.3308
1678576500000,2023-03-11T23:15:00+00:00,1459.11,1461.48,1458.19,1461,7988.22,11660770.339
1678577400000,2023-03-11T23:30:00+00:00,1461,1467.16,1459.34,1464.71,7720.86,11299178.2793
1678578300000,2023-03-11T23:45:00+00:00,1464.71,1478.48,1463.67,1471.67,27141.92,39965580.9253
1678579200000,2023-03-12T00:00:00+00:00,1471.67,1472.67,1462.93,1464.35,10064.05,14781857.6365
1678580100000,2023-03-12T00:15:00+00:00,1464.35,1467.84,1461.75,1463.95,8072.07,11822847.2142
1678581000000,2023-03-12T00:30:00+00:00,1463.95,1465,1459.72,1460.5,8566.84,12527092.6948
1678581900000,2023-03-12T00:45:00+00:00,1460.5,1465.26,1460.2,1464,6895.91,10085486.696
1678582800000,2023-03-12T01:00:00+00:00,1464,1467.35,1462.45,1464.42,7435.07,10889554.3907
1678583700000,2023-03-12T01:15:00+00:00,1464.42,1468.08,1464.04,1464.78,7519.57,11024299.8004
1678584600000,2023-03-12T01:30:00+00:00,1464.78,1466.29,1460.6,1461.01,11778.41,17220931.9725
1678585500000,2023-03-12T01:45:00+00:00,1461.01,1464.31,1460.88,1462.9,7509.47,10987829.6873
1678586400000,2023-03-12T02:00:00+00:00,1462.9,1464.05,1455.57,1456.82,11968.54,17466371.7526
1678587300000,2023-03-12T02:15:00+00:00,1456.82,1459,1454,1455.89,11644.65,16970163.6627
1678588200000,2023-03-12T02:30:00+00:00,1455.89,1459.41,1453.43,1458.85,13482.87,19638050.7584
1678589100000,2023-03-12T02:45:00+00:00,1458.85,1466.38,1458.82,1464.9,20713.72,30303887.2122
1678590000000,2023-03-12T03:00:00+00:00,1464.9,1473.32,1463.93,1468.99,20463.48,30055152.2794
1678590900000,2023-03-12T03:15:00+00:00,1468.99,1471.99,1465.03,1465.03,10555.18,15492149.3971
1678591800000,2023-03-12T03:30:00+00:00,1465.03,1467.33,1462.5,1467.33,7706.38,11293305.8167
1678592700000,2023-03-12T03:45:00+00:00,1467.33,1467.35,1464.5,1466.34,4648.93,6815551.2683
1678593600000,2023-03-12T04:00:00+00:00,1466.34,1467,1464.1,1464.25,5462.81,8005816.1932
1678594500000,2023-03-12T04:15:00+00:00,1464.25,1466.26,1461.37,1461.49,5086.71,7445691.7956
1678595400000,2023-03-12T04:30:00+00:00,1461.49,1466,1460.47,1465.99,13701.22,20052733.5572
1678596300000,2023-03-12T04:45:00+00:00,1465.99,1466.81,1464.09,1465.23,9422.03,13805854.3137
1678597200000,2023-03-12T05:00:00+00:00,1465.23,1469.8,1465.09,1467.75,10100.94,14824804.3586
1678598100000,2023-03-12T05:15:00+00:00,1467.75,1471.16,1466.63,1466.93,9547.05,14018999.8203
1678599000000,2023-03-12T05:30:00+00:00,1466.93,1468.63,1465.03,1465.1,5625.97,8252791.661
1678599900000,2023-03-12T05:45:00+00:00,1465.1,1465.4,1462.53,1462.69,7933.53,11614474.7097
1678600800000,2023-03-12T06:00:00+00:00,1462.69,1464.68,1461.13,1461.8,6635.47,9708102.182
1678601700000,2023-03-12T06:15:00+00:00,1461.8,1463.3,1461.66,1462.77,6887.78,10073779.2686
1678602600000,2023-03-12T06:30:00+00:00,1462.77,1462.89,1459.05,1459.58,7852.88,11471235.9563
1678603500000,2023-03-12T06:45:00+00:00,1459.58,1461.25,1457.66,1458.56,6993.37,10208085.679
1678604400000,2023-03-12T07:00:00+00:00,1458.56,1460.71,1458.44,1459.28,8845.14,12908741.5134
1678605300000,2023-03-12T07:15:00+00:00,1459.28,1462.53,1459.28,1460.69,6932.61,10127003.6756
1678606200000,2023-03-12T07:30:00+00:00,1460.69,1461.44,1458.2,1458.2,10095.23,14738284.9969
1678607100000,2023-03-12T07:45:00+00:00,1458.2,1459.9,1454.16,1459.78,13365.27,19477545.7542
1678608000000,2023-03-12T08:00:00+00:00,1459.78,1462.88,1458.42,1462.24,10847.91,15847062.4247
1678608900000,2023-03-12T08:15:00+00:00,1462.24,1464.07,1461.36,1462.05,9832.65,14380137.6655
1678609800000,2023-03-12T08:30:00+00:00,1462.05,1463.29,1461.57,1462.27,10258.29,14999811.5948
1678610700000,2023-03-12T08:45:00+00:00,1462.27,1463.33,1460.59,1463.33,10323.51,15089899.9295
1678611600000,2023-03-12T09:00:00+00:00,1463.33,1466.6,1461.54,1461.54,13721.52,20082915.9827
1678612500000,2023-03-12T09:15:00+00:00,1461.54,1464.5,1461.1,1463.35,9594.83,14036984.1735
1678613400000,2023-03-12T09:30:00+00:00,1463.35,1464.57,1463,1463,9125.12,13357363.9458
1678614300000,2023-03-12T09:45:00+00:00,1463,1463.24,1459.17,1460.49,10591.96,15476309.816
1678615200000,2023-03-12T10:00:00+00:00,1460.49,1462,1459.82,1461.76,10292.84,15032772.322
1678616100000,2023-03-12T10:15:00+00:00,1461.76,1464.18,1460.7,1463.54,10155.18,14855913.4013
1678617000000,2023-03-12T10:30:00+00:00,1463.54,1463.78,1461.96,1463.75,5003.47,7319279.8026
1678617900000,2023-03-12T10:45:00+00:00,1463.75,1464,1463.01,1463.6,4687.11,6860104.4831
1678618800000,2023-03-12T11:00:00+00:00,1463.6,1464.94,1463.13,1463.9,5128.01,7506369.1181
1678619700000,2023-03-12T11:15:00+00:00,1463.9,1467.49,1463.32,1466.35,7563.05,11084503.9935
1678620600000,2023-03-12T11:30:00+00:00,1466.35,1467.1,1464.53,1466.09,13161.19,19289844.8712
1678621500000,2023-03-12T11:45:00+00:00,1466.09,1466.28,1464,1465.43,12278.71,17989847.091
1678622400000,2023-03-12T12:00:00+00:00,1465.43,1465.63,1449.43,1455,39468.29,57501720.2705
1678623300000,2023-03-12T12:15:00+00:00,1455,1458.17,1453.18,1457.39,27954,40714533.7488
1678624200000,2023-03-12T12:30:00+00:00,1457.39,1458.68,1454.63,1457.97,7456.27,10858329.4537
1678625100000,2023-03-12T12:45:00+00:00,1457.97,1459.11,1455.48,1458.82,7564.46,11024328.0268
1678626000000,2023-03-12T13:00:00+00:00,1458.82,1463.17,1457.14,1462.19,10143.22,14809725.7773
1678626900000,2023-03-12T13:15:00+00:00,1462.19,1466.1,1461.56,1462.78,15493.78,22684239.1102
1678627800000,2023-03-12T13:30:00+00:00,1462.78,1464.61,1461.88,1463.74,5602.65,8200195.2305
1678628700000,2023-03-12T13:45:00+00:00,1463.74,1465.16,1457.26,1458.62,12870.97,18796193.205
1678629600000,2023-03-12T14:00:00+00:00,1458.62,1461.93,1454.67,1457.73,9595.39,13988523.7048
1678630500000,2023-03-12T14:15:00+00:00,1457.73,1458.94,1454.67,1457.45,8735.23,12726484.3062
1678631400000,2023-03-12T14:30:00+00:00,1457.45,1460.41,1457.34,1460.36,7477.04,10911012.1931
1678632300000,2023-03-12T14:45:00+00:00,1460.36,1460.55,1452.06,1454.9,10203.79,14860682.5879
1678633200000,2023-03-12T15:00:00+00:00,1454.9,1458.84,1450.65,1457.9,13313.85,19374872.718
1678634100000,2023-03-12T15:15:00+00:00,1457.9,1458.29,1454.01,1454.89,6249.27,9101247.3549
1678635000000,2023-03-12T15:30:00+00:00,1454.89,1456.98,1451.91,1453.62,10561.12,15361778.6632
1678635900000,2023-03-12T15:45:00+00:00,1453.62,1457.7,1453.37,1456.39,7967.24,11600330.1351
1678636800000,2023-03-12T16:00:00+00:00,1456.39,1460.37,1454.27,1458.33,9790.59,14264988.123
1678637700000,2023-03-12T16:15:00+00:00,1458.33,1461.58,1455.96,1460.3,7119.09,10389300.0862
1678638600000,2023-03-12T16:30:00+00:00,1460.3,1461.08,1457.93,1459.13,11363.7,16587144.3848
1678639500000,2023-03-12T16:45:00+00:00,1459.13,1465.55,1459.08,1462.37,13109.79,19178964.4627
1678640400000,2023-03-12T17:00:00+00:00,1462.37,1464,1461.58,1463.98,11194.26,16376697.6018
1678641300000,2023-03-12T17:15:00+00:00,1463.98,1530.33,1462.58,1508.17,160847.13,241419481.8082
1678642200000,2023-03-12T17:30:00+00:00,1508.17,1513.31,1501.44,1507.27,48444.58,72973180.6566
1678643100000,2023-03-12T17:45:00+00:00,1507.27,1521.25,1507.27,1515.04,43327.37,65610726.3061
1678644000000,2023-03-12T18:00:00+00:00,1515.04,1519.45,1511.93,1514.91,29093.95,44088749.5362
1678644900000,2023-03-12T18:15:00+00:00,1514.91,1539.87,1512.79,1528,81689.35,124842739.2063
1678645800000,2023-03-12T18:30:00+00:00,1528,1548.5,1523.52,1536.86,77671.76,119444937.4733
1678646700000,2023-03-12T18:45:00+00:00,1536.86,1540.12,1529.71,1532.14,29395.05,45125640.5837
1678647600000,2023-03-12T19:00:00+00:00,1532.14,1539.11,1532.06,1536.03,19195.32,29474079.2189
1678648500000,2023-03-12T19:15:00+00:00,1536.03,1536.62,1517.82,1518.74,43829.68,66853177.5588
1678649400000,2023-03-12T19:30:00+00:00,1518.74,1521.18,1512.6,1518.21,22607.3,34283396.2359
1678650300000,2023-03-12T19:45:00+00:00,1518.21,1521.43,1510.94,1512.7,16456.37,24947407.5027
1678651200000,2023-03-12T20:00:00+00:00,1512.7,1522.23,1511.45,1520.9,12043.47,18276084.3694
1678652100000,2023-03-12T20:15:00+00:00,1520.9,1530,1519.81,1528.25,16789.34,25585747.8972
1678653000000,2023-03-12T20:30:00+00:00,1528.25,1543.76,1528.19,1535.97,27730.53,42587897.0268
1678653900000,2023-03-12T20:45:00+00:00,1535.97,1547,1531,1540.69,17541,26962201.4579
1678654800000,2023-03-12T21:00:00+00:00,1540.69,1542.14,1534.16,1537.31,17262.74,26528975.8092
1678655700000,2023-03-12T21:15:00+00:00,1537.31,1538.95,1532.58,1535.29,12505.67,19207378.5801
1678656600000,2023-03-12T21:30:00+00:00,1535.29,1542.26,1532.87,1533.71,10060.11,15457858.1682
1678657500000,2023-03-12T21:45:00+00:00,1533.71,1541,1533.71,1540.96,7464.39,11470855.8596
1678658400000,2023-03-12T22:00:00+00:00,1540.96,1541.37,1527.41,1533.93,16497.62,25274388.265
1678659300000,2023-03-12T22:15:00+00:00,1533.93,1597.6,1533.46,1580.12,138263.29,217453285.712
1678660200000,2023-03-12T22:30:00+00:00,1580.12,1584.44,1569.67,1573.12,19592.62,30849573.2453
1678661100000,2023-03-12T22:45:00+00:00,1573.12,1574.61,1562.21,1564.99,17474.67,27370897.59
1678662000000,2023-03-12T23:00:00+00:00,1564.99,1571.82,1562.17,1570.22,12438.3,19489278.8523
1678662900000,2023-03-12T23:15:00+00:00,1570.22,1576.71,1566.78,1572.34,12407.63,19517134.5041
1678663800000,2023-03-12T23:30:00+00:00,1572.34,1575.89,1568.71,1572.67,10780.38,16948946.3412
1678664700000,2023-03-12T23:45:00+00:00,1572.67,1583,1570.24,1579.57,18777.86,29605463.955
1678665600000,2023-03-13T00:00:00+00:00,1579.57,1583.97,1572.91,1574.38,16249.51,25631292.1925
1678666500000,2023-03-13T00:15:00+00:00,1574.38,1595.3,1573.43,1585.4,27387.67,43437757.9804
1678667400000,2023-03-13T00:30:00+00:00,1585.4,1622.37,1582.14,1613.84,72855.53,116865464.8026
1678668300000,2023-03-13T00:45:00+00:00,1613.84,1619.31,1604.1,1610.89,36430.3,58696444.3245
1678669200000,2023-03-13T01:00:00+00:00,1610.89,1613.2,1600.23,1600.77,17491.16,28102346.3066
1678670100000,2023-03-13T01:15:00+00:00,1600.77,1607.04,1600.63,1604.29,19447.87,31192980.4116
1678671000000,2023-03-13T01:30:00+00:00,1604.29,1609.05,1598.38,1602.97,15199.88,24367190.7882
1678671900000,2023-03-13T01:45:00+00:00,1602.97,1605.46,1597.77,1598.98,16122.87,25816353.6912
1678672800000,2023-03-13T02:00:00+00:00,1598.98,1601.59,1598.94,1600.24,12120.88,19398320.9394
1678673700000,2023-03-13T02:15:00+00:00,1600.24,1600.39,1588.76,1590.1,38596.13,61541596.3424
1678674600000,2023-03-13T02:30:00+00:00,1590.1,1596.88,1587.95,1588.11,15431.88,24566641.1885
1678675500000,2023-03-13T02:45:00+00:00,1588.11,1591.6,1583.78,1589.23,17618.49,27968055.3188
1678676400000,2023-03-13T03:00:00+00:00,1589.23,1591,1586.68,1587.46,11681.93,18569211.3667
1678677300000,2023-03-13T03:15:00+00:00,1587.46,1589.99,1585.01,1589.68,12127.5,19246573.9094
1678678200000,2023-03-13T03:30:00+00:00,1589.68,1595.5,1586.77,1588.05,18990.17,30200558.6753
1678679100000,2023-03-13T03:45:00+00:00,1588.05,1589.82,1586.97,1588.36,14454.4,22958615.6053
1678680000000,2023-03-13T04:00:00+00:00,1588.36,1598.75,1588.16,1597.8,19031.76,30278458.6204
1678680900000,2023-03-13T04:15:00+00:00,1597.8,1601.48,1594.93,1595.14,27984.11,44698428.1231
1678681800000,2023-03-13T04:30:00+00:00,1595.14,1597.35,1593.21,1596.03,12310.99,19641492.9208
1678682700000,2023-03-13T04:45:00+00:00,1596.03,1597.45,1591.84,1594.6,10919.77,17417620.9802
1678683600000,2023-03-13T05:00:00+00:00,1594.6,1597.29,1593.41,1595.54,11120.69,17744533.3619
1678684500000,2023-03-13T05:15:00+00:00,1595.54,1597.98,1594.34,1595.24,8972.01,14319451.7304
1678685400000,2023-03-13T05:30:00+00:00,1595.24,1598.38,1593.42,1597.7,7695.33,12280875.7922
1678686300000,2023-03-13T05:45:00+00:00,1597.7,1600,1596.69,1599.07,9320.49,14895166.4174
1678687200000,2023-03-13T06:00:00+00:00,1599.07,1605.48,1594.15,1595.35,17410.23,27849927.8947
1678688100000,2023-03-13T06:15:00+00:00,1595.35,1598.69,1593.8,1596.83,9852.29,15724538.0716
1678689000000,2023-03-13T06:30:00+00:00,1596.83,1599.02,1594.54,1598.69,15332.66,24477397.7029
1678689900000,2023-03-13T06:45:00+00:00,1598.69,1602.6,1597.92,1601.1,12864.27,20583190.5615
1678690800000,2023-03-13T07:00:00+00:00,1601.1,1602.31,1598.7,1600.57,14562.33,23305237.1206
1678691700000,2023-03-13T07:15:00+00:00,1600.57,1615.67,1600.57,1607.7,46328.56,74529012.8222
1678692600000,2023-03-13T07:30:00+00:00,1607.7,1611.56,1605.23,1610.8,14283.25,22969430.7438
1678693500000,2023-03-13T07:45:00+00:00,1610.8,1611.36,1603.85,1606.67,22309.21,35857344.9867
1678694400000,2023-03-13T08:00:00+00:00,1606.67,1608.14,1598.82,1600.99,16293.28,26130176.5519
1678695300000,2023-03-13T08:15:00+00:00,1600.99,1602.4,1598.08,1599.29,13025.36,20842810.7597
1678696200000,2023-03-13T08:30:00+00:00,1599.29,1600.76,1593.47,1593.72,12805.67,20451366.3655
1678697100000,2023-03-13T08:45:00+00:00,1593.72,1595.6,1586.39,1587.54,18026.86,28672074.6718
1678698000000,2023-03-13T09:00:00+00:00,1587.54,1594.19,1584.5,1591.08,14228.01,22612785.291
1678698900000,2023-03-13T09:15:00+00:00,1591.08,1592.85,1579.57,1580.64,19173.68,30392085.4827
1678699800000,2023-03-13T09:30:00+00:00,1580.64,1584.66,1565.52,1569.82,54146.34,85231329.2425
1678700700000,2023-03-13T09:45:00+00:00,1569.82,1575.99,1569.76,1571.26,17422.67,27404969.1595
1678701600000,2023-03-13T10:00:00+00:00,1571.26,1578.13,1570.3,1573.83,13093.42,20619404.6403
1678702500000,2023-03-13T10:15:00+00:00,1573.83,1580.86,1569.95,1578.93,18291.13,28804547.4169
1678703400000,2023-03-13T10:30:00+00:00,1578.93,1584.2,1577.37,1580.03,13311.71,21048515.9512
1678704300000,2023-03-13T10:45:00+00:00,1580.03,1586.45,1575.89,1583.48,16551.51,26169579.1748
1678705200000,2023-03-13T11:00:00+00:00,1583.48,1586.22,1580.18,1580.47,12785.24,20240834.6314
1678706100000,2023-03-13T11:15:00+00:00,1580.47,1582.09,1577.44,1579.2,13802.96,21803227.6238
1678707000000,2023-03-13T11:30:00+00:00,1579.2,1580.35,1575.18,1576.19,8539.07,13475039.6607
1678707900000,2023-03-13T11:45:00+00:00,1576.19,1584.48,1575.91,1581.51,9601.82,15171702.9278
1678708800000,2023-03-13T12:00:00+00:00,1581.51,1583.63,1573.93,1579.72,12459.36,19669396.8152
1678709700000,2023-03-13T12:15:00+00:00,1579.72,1582.97,1574.81,1580.68,8983.07,14186727.9261
1678710600000,2023-03-13T12:30:00+00:00,1580.68,1583.43,1576.32,1577.09,14155.1,22356330.4393
1678711500000,2023-03-13T12:45:00+00:00,1577.09,1583.47,1572.58,1582.03,17276.9,27259594.5993
1678712400000,2023-03-13T13:00:00+00:00,1582.03,1600,1582.03,1590.69,43887.38,69844211.773
1678713300000,2023-03-13T13:15:00+00:00,1590.69,1606.72,1590.69,1593.47,45562.37,72856206.0699
1678714200000,2023-03-13T13:30:00+00:00,1593.47,1597.97,1580.11,1585.56,45833.21,72706899.7486
1678715100000,2023-03-13T13:45:00+00:00,1585.56,1605.72,1584.82,1598.32,36654.83,58565652.1003
1678716000000,2023-03-13T14:00:00+00:00,1598.32,1630.55,1593.34,1616.27,83481.71,134858263.2749
1678716900000,2023-03-13T14:15:00+00:00,1616.27,1644,1614.02,1635.76,106519.19,173558482.8831
1678717800000,2023-03-13T14:30:00+00:00,1635.76,1638.48,1626.53,1638.11,35892.1,58606132.3376
1678718700000,2023-03-13T14:45:00+00:00,1638.11,1648.92,1633.62,1643.42,50747.94,83345212.8786
1678719600000,2023-03-13T15:00:00+00:00,1643.42,1698.69,1643.42,1674.99,152564.72,254994404.6597
1678720500000,2023-03-13T15:15:00+00:00,1674.99,1695.03,1674.67,1691.73,37079.53,62531319.2434
1678721400000,2023-03-13T15:30:00+00:00,1691.73,1694.49,1661.3,1672.42,46947.81,78764394.5862
1678722300000,2023-03-13T15:45:00+00:00,1672.42,1672.48,1663.46,1666.61,24082.49,40151364.6506
1678723200000,2023-03-13T16:00:00+00:00,1666.61,1677.22,1665.31,1671.51,26344.56,44017484.5493
1678724100000,2023-03-13T16:15:00+00:00,1671.51,1682.09,1663.26,1665.49,21253.13,35547234.9777
1678725000000,2023-03-13T16:30:00+00:00,1665.49,1668.8,1649.04,1667.37,23957.26,39714275.9916
1678725900000,2023-03-13T16:45:00+00:00,1667.37,1668.42,1659.91,1665.23,10829.88,18029100.1292
1678726800000,2023-03-13T17:00:00+00:00,1665.23,1665.57,1652.41,1658.78,11066.18,18357335.4645
1678727700000,2023-03-13T17:15:00+00:00,1658.78,1664.07,1656.13,1664.07,9492.31,15767855.0479
1678728600000,2023-03-13T17:30:00+00:00,1664.07,1673,1664.07,1673,10862.96,18123625.4287
1678729500000,2023-03-13T17:45:00+00:00,1673,1674.14,1666,1669.85,10948.29,18288552.4205
1678730400000,2023-03-13T18:00:00+00:00,1669.85,1675.35,1661.51,1671.07,10273.55,17145516.9234
1678731300000,2023-03-13T18:15:00+00:00,1671.07,1675.3,1669.33,1671.47,7662.6,12815354.463
1678732200000,2023-03-13T18:30:00+00:00,1671.47,1674.47,1666.08,1672.07,11622.11,19413345.5803
1678733100000,2023-03-13T18:45:00+00:00,1672.07,1678,1669.59,1677.37,10765.3,18020765.51
1678734000000,2023-03-13T19:00:00+00:00,1677.37,1686.23,1673.87,1680.2,15991.32,26880580.6162
1678734900000,2023-03-13T19:15:00+00:00,1680.2,1680.8,1670.77,1673.74,10588.82,17741367.3752
1678735800000,2023-03-13T19:30:00+00:00,1673.74,1686.08,1673.72,1683.13,10021.8,16822044.5956
1678736700000,2023-03-13T19:45:00+00:00,1683.13,1684.23,1673.68,1678.87,9377.46,15745170.5372
1678737600000,2023-03-13T20:00:00+00:00,1678.87,1680.48,1667.35,1669.24,9852.76,16500588.3796
1678738500000,2023-03-13T20:15:00+00:00,1669.24,1673.04,1664.18,1665.01,8618.44,14383239.5994
1678739400000,2023-03-13T20:30:00+00:00,1665.01,1669.44,1662.26,1667.29,9557.86,15915417.3954
1678740300000,2023-03-13T20:45:00+00:00,1667.29,1668.68,1661.73,1666.18,9112.84,15175162.991
1678741200000,2023-03-13T21:00:00+00:00,1666.18,1674.32,1665.91,1673.38,9864.17,16472580.3722
1678742100000,2023-03-13T21:15:00+00:00,1673.38,1673.8,1662.56,1665.07,13219.94,22063885.402
1678743000000,2023-03-13T21:30:00+00:00,1665.07,1670.66,1665.03,1669.11,11342.02,18916132.2829
1678743900000,2023-03-13T21:45:00+00:00,1669.11,1673.19,1666.94,1668.14,13915.72,23243509.1751
1678744800000,2023-03-13T22:00:00+00:00,1668.14,1681,1668.14,1679.22,11978.38,20043640.3049
1678745700000,2023-03-13T22:15:00+00:00,1679.22,1680.5,1674.9,1680.47,12967.31,21763281.9025
1678746600000,2023-03-13T22:30:00+00:00,1680.47,1682.45,1677.32,1679.32,18368.01,30849968.8939
1678747500000,2023-03-13T22:45:00+00:00,1679.32,1681.49,1675.03,1681.21,13269.05,22265698.2355
1678748400000,2023-03-13T23:00:00+00:00,1681.21,1681.84,1676.29,1676.89,12947.14,21731013.4834
1678749300000,2023-03-13T23:15:00+00:00,1676.89,1677.27,1661.5,1666.89,16323.98,27226851.1367
1678750200000,2023-03-13T23:30:00+00:00,1666.89,1673.46,1662.16,1672.81,11573.49,19317481.4767
1678751100000,2023-03-13T23:45:00+00:00,1672.81,1675.04,1670.71,1674.27,9678.21,16189830.574
1678752000000,2023-03-14T00:00:00+00:00,1674.27,1675.44,1666.39,1667.45,11049.88,18480023.16
1678752900000,2023-03-14T00:15:00+00:00,1667.45,1677.26,1666.77,1675.53,14573.08,24411630.8374
1678753800000,2023-03-14T00:30:00+00:00,1675.53,1677,1670.34,1671.85,6113.89,10233200.699
1678754700000,2023-03-14T00:45:00+00:00,1671.85,1678.89,1666.42,1667.9,8320.59,13913076.9645
1678755600000,2023-03-14T01:00:00+00:00,1667.9,1670.13,1663.74,1665.3,8352.43,13923907.7105
1678756500000,2023-03-14T01:15:00+00:00,1665.3,1674.7,1664.76,1674.3,9430.97,15740013.8247
1678757400000,2023-03-14T01:30:00+00:00,1674.3,1674.42,1665.54,1669.99,11662.3,19475987.6893
1678758300000,2023-03-14T01:45:00+00:00,1669.99,1676.97,1669.88,1675.2,17022.74,28501448.5244
1678759200000,2023-03-14T02:00:00+00:00,1675.2,1684.07,1673.57,1674.65,15979.37,26804977.255
1678760100000,2023-03-14T02:15:00+00:00,1674.65,1679.97,1671.42,1673.01,9705.4,16268810.4345
1678761000000,2023-03-14T02:30:00+00:00,1673.01,1674.06,1671.32,1672.44,6532.11,10926990.7605
1678761900000,2023-03-14T02:45:00+00:00,1672.44,1673.67,1669.69,1669.8,5882.12,9833476.5931
1678762800000,2023-03-14T03:00:00+00:00,1669.8,1671.31,1668.12,1670.12,6172.01,10307243.1214
1678763700000,2023-03-14T03:15:00+00:00,1670.12,1674.35,1670.11,1673.91,9024.53,15092280.6217
1678764600000,2023-03-14T03:30:00+00:00,1673.91,1677.7,1673.16,1676.53,6850.8,11479434.1421
1678765500000,2023-03-14T03:45:00+00:00,1676.53,1677.76,1675.33,1676.9,5576.34,9349442.9369
1678766400000,2023-03-14T04:00:00+00:00,1676.9,1677.37,1672.91,1676.01,5477.88,9177386.652
1678767300000,2023-03-14T04:15:00+00:00,1676.01,1676.31,1673.49,1674.79,5169.67,8657792.4804
1678768200000,2023-03-14T04:30:00+00:00,1674.79,1675.3,1670.67,1671.31,7903.37,13214691.3182
1678769100000,2023-03-14T04:45:00+00:00,1671.31,1675.53,1671.09,1675.21,6948.67,11628974.0959
1678770000000,2023-03-14T05:00:00+00:00,1675.21,1695.31,1674.3,1689.67,26914.03,45337074.5987
1678770900000,2023-03-14T05:15:00+00:00,1689.67,1691.78,1666.21,1672.54,30790.59,51607466.1034
1678771800000,2023-03-14T05:30:00+00:00,1672.54,1677.73,1667.08,1668.86,10066.71,16824896.3084
1678772700000,2023-03-14T05:45:00+00:00,1668.86,1674.33,1667.98,1672.08,9037.49,15104953.8425
1678773600000,2023-03-14T06:00:00+00:00,1672.08,1679,1669.18,1671.92,9784.63,16379984.0587
1678774500000,2023-03-14T06:15:00+00:00,1671.92,1676.08,1671.31,1674.78,8408.61,14077374.6577
1678775400000,2023-03-14T06:30:00+00:00,1674.78,1676.17,1671.54,1671.54,4405.86,7375989.7755
1678776300000,2023-03-14T06:45:00+00:00,1671.54,1674.1,1670.79,1672.49,4665.66,7803167.7161
1678777200000,2023-03-14T07:00:00+00:00,1672.49,1676.5,1672.49,1675.27,4605.53,7714622.5596
1678778100000,2023-03-14T07:15:00+00:00,1675.27,1675.34,1668,1668,5025.93,8408604.7239
1678779000000,2023-03-14T07:30:00+00:00,1668,1670.52,1665.72,1667.11,9223.42,15388143.3622
1678779900000,2023-03-14T07:45:00+00:00,1667.11,1669.97,1659.49,1667.13,14328.57,23861618.5224
1678780800000,2023-03-14T08:00:00+00:00,1667.13,1668.64,1655.69,1659.5,13946.76,23172310.1322
1678781700000,2023-03-14T08:15:00+00:00,1659.5,1668.31,1658.67,1667.26,9730.35,16202495.7124
1678782600000,2023-03-14T08:30:00+00:00,1667.26,1669.98,1665.06,1665.75,9342.73,15580985.0577
1678783500000,2023-03-14T08:45:00+00:00,1665.75,1668.32,1664.7,1665.76,7412.05,12352353.9411
1678784400000,2023-03-14T09:00:00+00:00,1665.76,1667,1661.61,1665.58,9358.02,15572595.0483
1678785300000,2023-03-14T09:15:00+00:00,1665.58,1666.44,1662.41,1663.15,7830.87,13034150.2541
1678786200000,2023-03-14T09:30:00+00:00,1663.15,1667.74,1661.49,1667.03,7659.22,12757727.6907
1678787100000,2023-03-14T09:45:00+00:00,1667.03,1668.81,1666.18,1668.23,6697.09,11170245.4865
1678788000000,2023-03-14T10:00:00+00:00,1668.23,1670.12,1666.86,1666.86,7963.67,13288239.1679
1678788900000,2023-03-14T10:15:00+00:00,1666.86,1675.23,1665.47,1672.54,9517.45,15900661.7568
1678789800000,2023-03-14T10:30:00+00:00,1672.54,1676,1671.5,1673.87,8663.51,14497034.897
1678790700000,2023-03-14T10:45:00+00:00,1673.87,1684.22,1673.08,1682.26,11399.9,19128588.9159
1678791600000,2023-03-14T11:00:00+00:00,1682.26,1684.36,1673.69,1682.67,14342.47,24087752.832
1678792500000,2023-03-14T11:15:00+00:00,1682.67,1689.98,1676.22,1677.87,19062.07,32074274.7646
1678793400000,2023-03-14T11:30:00+00:00,1677.87,1684.74,1676.02,1682.39,11003.18,18495236.6991
1678794300000,2023-03-14T11:45:00+00:00,1682.39,1686.39,1680.58,1683.68,9856.44,16594606.9215
1678795200000,2023-03-14T12:00:00+00:00,1683.68,1687.63,1678.17,1681,13287.46,22363885.6919
1678796100000,2023-03-14T12:15:00+00:00,1681,1685.32,1677.73,1677.88,15686.66,26372150.0186
1678797000000,2023-03-14T12:30:00+00:00,1677.88,1723.34,1672.11,1714.43,235130.87,399957443.2136
1678797900000,2023-03-14T12:45:00+00:00,1714.43,1741.79,1707.61,1734.76,93369.04,161172366.3281
1678798800000,2023-03-14T13:00:00+00:00,1734.76,1769.36,1734.76,1764,83358.38,146460414.6045
1678799700000,2023-03-14T13:15:00+00:00,1764,1765.36,1732.17,1738.01,35960.39,62763224.7449
1678800600000,2023-03-14T13:30:00+00:00,1738.01,1751.18,1736.36,1739.86,22937.14,39955019.5208
1678801500000,2023-03-14T13:45:00+00:00,1739.86,1747.82,1725.51,1733.83,25634.9,44483272.1115
1678802400000,2023-03-14T14:00:00+00:00,1733.83,1739.13,1723.74,1738.29,20614,35698537.2129
1678803300000,2023-03-14T14:15:00+00:00,1738.29,1744.79,1733,1744.18,13122.38,22810403.7007
1678804200000,2023-03-14T14:30:00+00:00,1744.18,1745.15,1737.59,1742.77,9143.84,15924881.1497
1678805100000,2023-03-14T14:45:00+00:00,1742.77,1779.43,1742.71,1760.31,56500.84,99709860.2077
1678806000000,2023-03-14T15:00:00+00:00,1760.31,1775.6,1755.63,1770.82,27964.02,49401957.2981
1678806900000,2023-03-14T15:15:00+00:00,1770.82,1777.98,1759.42,1761.74,23281.26,41235807.7912
1678807800000,2023-03-14T15:30:00+00:00,1761.74,1769.59,1760.84,1764.58,9240.06,16303387.3861
1678808700000,2023-03-14T15:45:00+00:00,1764.58,1773.08,1764.57,1770.83,11340.24,20068946.4238
1678809600000,2023-03-14T16:00:00+00:00,1770.83,1776.31,1764.11,1774.1,16556.65,29313593.454
1678810500000,2023-03-14T16:15:00+00:00,1774.1,1774.1,1751.19,1752.29,20066.73,35314328.4454
1678811400000,2023-03-14T16:30:00+00:00,1752.29,1759.99,1752.1,1758.12,10587.34,18591966.8806
1678812300000,2023-03-14T16:45:00+00:00,1758.12,1767.98,1757.76,1765.21,10567.72,18634836.061
1678813200000,2023-03-14T17:00:00+00:00,1765.21,1768.27,1758.51,1765.48,7961.32,14041332.1095
1678814100000,2023-03-14T17:15:00+00:00,1765.48,1766.13,1751.49,1756.58,13017.69,22851945.0144
1678815000000,2023-03-14T17:30:00+00:00,1756.58,1761.22,1752.46,1754.8,10640.45,18684828.0838
1678815900000,2023-03-14T17:45:00+00:00,1754.8,1759.97,1750.04,1757.13,12435.47,21826884.0621
1678816800000,2023-03-14T18:00:00+00:00,1757.13,1759.11,1735.29,1739.8,36687.5,63974360.6954
1678817700000,2023-03-14T18:15:00+00:00,1739.8,1752.67,1739.79,1752.25,12579.88,21988796.7557
1678818600000,2023-03-14T18:30:00+00:00,1752.25,1756.66,1746.44,1748.74,7782.5,13638637.903
1678819500000,2023-03-14T18:45:00+00:00,1748.74,1750.31,1727.7,1729.53,19784.57,34316145.8074
1678820400000,2023-03-14T19:00:00+00:00,1729.53,1739.22,1708,1708.51,36086.13,62149852.5627
1678821300000,2023-03-14T19:15:00+00:00,1708.51,1719.95,1690.38,1698.76,65312.43,111273016.7638
1678822200000,2023-03-14T19:30:00+00:00,1698.76,1710.03,1692.61,1703.76,20376.72,34676558.5795
1678823100000,2023-03-14T19:45:00+00:00,1703.76,1727.56,1696.46,1721.95,20861.38,35773816.1147
1678824000000,2023-03-14T20:00:00+00:00,1721.95,1728.89,1712.83,1715.02,16414.76,28249931.4316
1678824900000,2023-03-14T20:15:00+00:00,1715.02,1719.96,1710.08,1716.45,9423.31,16166643.0518
1678825800000,2023-03-14T20:30:00+00:00,1716.45,1718.94,1695.74,1705.92,20673.47,35246418.9244
1678826700000,2023-03-14T20:45:00+00:00,1705.92,1709.42,1701.52,1702.12,10710.71,18285708.6406
1678827600000,2023-03-14T21:00:00+00:00,1702.12,1705.02,1668.82,1685.35,62286,104900963.047
1678828500000,2023-03-14T21:15:00+00:00,1685.35,1691.73,1662.3,1688.41,48214.81,80821187.3755
1678829400000,2023-03-14T21:30:00+00:00,1688.41,1703.55,1686.15,1697.34,27339.3,46369060.8895
1678830300000,2023-03-14T21:45:00+00:00,1697.34,1702.52,1687.32,1697.67,21453.41,36362147.3064
1678831200000,2023-03-14T22:00:00+00:00,1697.67,1711.7,1692.27,1710.71,21372.39,36348920.7868
1678832100000,2023-03-14T22:15:00+00:00,1710.71,1710.94,1698.71,1701.1,16960.66,28897677.5826
1678833000000,2023-03-14T22:30:00+00:00,1701.1,1703.96,1695.1,1701.68,9546.48,16230122.8447
1678833900000,2023-03-14T22:45:00+00:00,1701.68,1704.92,1697.73,1704.36,9718.22,16527342.2135
1678834800000,2023-03-14T23:00:00+00:00,1704.36,1708.37,1699.01,1703.6,11575.27,19713194.9628
1678835700000,2023-03-14T23:15:00+00:00,1703.6,1705.5,1698.5,1702.07,9326.09,15878639.8608
1678836600000,2023-03-14T23:30:00+00:00,1702.07,1707.42,1699.96,1706.71,6042.67,10291115.4902
1678837500000,2023-03-14T23:45:00+00:00,1706.71,1706.71,1698.27,1700.35,8271.18,14076933.5859
1678838400000,2023-03-15T00:00:00+00:00,1700.35,1703.66,1696.44,1697.66,7247.2,12317110.0177
1678839300000,2023-03-15T00:15:00+00:00,1697.66,1702.64,1685,1687.81,11442.32,19393525.7671
1678840200000,2023-03-15T00:30:00+00:00,1687.81,1696.79,1682.42,1693.31,22951.13,38799237.328
1678841100000,2023-03-15T00:45:00+00:00,1693.31,1705,1692.71,1701.61,17677.72,30019991.0603
1678842000000,2023-03-15T01:00:00+00:00,1701.61,1714.35,1700.82,1707.69,17051.94,29124983.459
1678842900000,2023-03-15T01:15:00+00:00,1707.69,1717.82,1705.77,1713.49,14454.85,24763577.1185
1678843800000,2023-03-15T01:30:00+00:00,1713.49,1716.89,1706.3,1711.86,14148.47,24217718.8993
1678844700000,2023-03-15T01:45:00+00:00,1711.86,1712.35,1706.73,1710.55,8179.15,13987975.3474
1678845600000,2023-03-15T02:00:00+00:00,1710.55,1715.99,1707.83,1707.89,9187.71,15719830.2318
1678846500000,2023-03-15T02:15:00+00:00,1707.89,1710,1705.57,1708.82,9425.78,16095796.3377
1678847400000,2023-03-15T02:30:00+00:00,1708.82,1710.37,1706.19,1708.74,7737.45,13214808.554
1678848300000,2023-03-15T02:45:00+00:00,1708.74,1712.32,1707.44,1708.93,6556.02,11210513.1977
1678849200000,2023-03-15T03:00:00+00:00,1708.93,1709.7,1708,1709.38,6634.3,11338680.7997
1678850100000,2023-03-15T03:15:00+00:00,1709.38,1709.38,1700.85,1700.95,8818.69,15033338.3122
1678851000000,2023-03-15T03:30:00+00:00,1700.95,1704.39,1698.88,1702.88,6901.01,11748901.0925
1678851900000,2023-03-15T03:45:00+00:00,1702.88,1704.04,1701.64,1703.19,4986.03,8489364.5205
1678852800000,2023-03-15T04:00:00+00:00,1703.19,1706.28,1700.15,1700.47,5989.61,10206637.8363
1678853700000,2023-03-15T04:15:00+00:00,1700.47,1704.56,1700.06,1704.1,5256.73,8950148.503
1678854600000,2023-03-15T04:30:00+00:00,1704.1,1705.85,1701.98,1703.39,6427.64,10951823.945
1678855500000,2023-03-15T04:45:00+00:00,1703.39,1704.95,1702.7,1703.92,5361.36,9134748.5161
1678856400000,2023-03-15T05:00:00+00:00,1703.92,1708.01,1703.92,1707.93,6024.31,10280458.4563
1678857300000,2023-03-15T05:15:00+00:00,1707.93,1709.2,1706.03,1706.87,8051.94,13748082.5931
1678858200000,2023-03-15T05:30:00+00:00,1706.87,1706.88,1701,1701.33,8616.6,14674255.7805
1678859100000,2023-03-15T05:45:00+00:00,1701.33,1703.32,1697.6,1700.08,8238.26,14003484.5824
1678860000000,2023-03-15T06:00:00+00:00,1700.08,1700.78,1694.07,1699.36,7004.08,11892309.7857
1678860900000,2023-03-15T06:15:00+00:00,1699.36,1701.94,1695.65,1701.75,7124.05,12099089.288
1678861800000,2023-03-15T06:30:00+00:00,1701.75,1706.3,1696.5,1704.86,9150.58,15576229.1201
1678862700000,2023-03-15T06:45:00+00:00,1704.86,1705.75,1701.2,1702.46,6776.31,11545968.5583
1678863600000,2023-03-15T07:00:00+00:00,1702.46,1703.42,1699.62,1699.8,5773.53,9826363.6738
1678864500000,2023-03-15T07:15:00+00:00,1699.8,1702.66,1697.39,1701.88,4933.33,8389585.9983
1678865400000,2023-03-15T07:30:00+00:00,1701.88,1703.35,1700.45,1702.83,4822.79,8208741.517
1678866300000,2023-03-15T07:45:00+00:00,1702.83,1706.95,1700.58,1705.85,6099.7,10386651.2082
1678867200000,2023-03-15T08:00:00+00:00,1705.85,1705.85,1701.28,1703.28,6621.36,11278434.8169
1678868100000,2023-03-15T08:15:00+00:00,1703.28,1705.92,1699,1699.03,5863,9980335.7801
1678869000000,2023-03-15T08:30:00+00:00,1699.03,1700,1695.71,1698.94,5968.75,10135359.9124
1678869900000,2023-03-15T08:45:00+00:00,1698.94,1699.99,1697.4,1698.43,6321.25,10737785.4589
1678870800000,2023-03-15T09:00:00+00:00,1698.43,1699.5,1695.42,1697.84,4737.2,8041391.8855
1678871700000,2023-03-15T09:15:00+00:00,1697.84,1698.54,1693.01,1693.29,7575.28,12846048.129
1678872600000,2023-03-15T09:30:00+00:00,1693.29,1696,1683.76,1687.26,14974.37,25307517.2066
1678873500000,2023-03-15T09:45:00+00:00,1687.26,1692.12,1682.55,1687.84,12680.26,21410632.0308
1678874400000,2023-03-15T10:00:00+00:00,1687.84,1692.63,1686.9,1686.96,10541.82,17817989.9996
1678875300000,2023-03-15T10:15:00+00:00,1686.96,1690.77,1679.6,1682.09,13976.96,23562142.6746
1678876200000,2023-03-15T10:30:00+00:00,1682.09,1687.63,1676.68,1687.49,16221.13,27281767.1929
1678877100000,2023-03-15T10:45:00+00:00,1687.49,1689.42,1678.22,1678.9,12207.08,20555012.8052
1678878000000,2023-03-15T11:00:00+00:00,1678.9,1681.62,1671,1675.95,18167.75,30445316.645
1678878900000,2023-03-15T11:15:00+00:00,1675.95,1675.95,1656.2,1658.94,26525.54,44193956.6704
1678879800000,2023-03-15T11:30:00+00:00,1658.94,1671.43,1650.63,1671.43,26766.36,44402354.0803
1678880700000,2023-03-15T11:45:00+00:00,1671.43,1682.72,1665.25,1679.49,12707.23,21274337.5721
1678881600000,2023-03-15T12:00:00+00:00,1679.49,1682.48,1670.06,1671.39,9586.97,16069487.0869
1678882500000,2023-03-15T12:15:00+00:00,1671.39,1671.39,1661.17,1670.08,10659.43,17762618.0448
1678883400000,2023-03-15T12:30:00+00:00,1670.08,1698.11,1665.39,1667.19,93116.19,156852576.9284
1678884300000,2023-03-15T12:45:00+00:00,1667.19,1677.78,1654.49,1676.4,41887.97,69758642.4016
1678885200000,2023-03-15T13:00:00+00:00,1676.4,1691.52,1672.36,1689.88,14939.15,25097752.6769
1678886100000,2023-03-15T13:15:00+00:00,1689.88,1694.32,1684.13,1684.96,16838.39,28428477.8527
1678887000000,2023-03-15T13:30:00+00:00,1684.96,1687.93,1672.46,1679.27,16576.69,27836238.4589
1678887900000,2023-03-15T13:45:00+00:00,1679.27,1679.77,1664.65,1667.18,13870.39,23190928.8647
1678888800000,2023-03-15T14:00:00+00:00,1667.18,1677.5,1662.98,1666.88,15221.5,25405950.3748
1678889700000,2023-03-15T14:15:00+00:00,1666.88,1676.16,1658.24,1658.5,18305.45,30497576.6659
1678890600000,2023-03-15T14:30:00+00:00,1658.5,1663.3,1631.57,1638.77,74618.49,122910243.2055
1678891500000,2023-03-15T14:45:00+00:00,1638.77,1656.79,1636.76,1654.59,29430.5,48445644.8498
1678892400000,2023-03-15T15:00:00+00:00,1654.59,1655.91,1645.32,1650.83,17245.12,28464926.0294
1678893300000,2023-03-15T15:15:00+00:00,1650.83,1656.31,1639.78,1643.25,18586.96,30618740.2891
1678894200000,2023-03-15T15:30:00+00:00,1643.25,1649.06,1627,1631.47,36176.11,59148831.4555
1678895100000,2023-03-15T15:45:00+00:00,1631.47,1643.38,1626,1633.85,24273.43,39683878.8987
1678896000000,2023-03-15T16:00:00+00:00,1633.85,1638.56,1624.82,1634.14,32345.91,52773373.3296
1678896900000,2023-03-15T16:15:00+00:00,1634.14,1644.67,1631.55,1635.69,20719.53,33955632.8535
1678897800000,2023-03-15T16:30:00+00:00,1635.69,1642.37,1611.51,1619.75,29326.86,47690957.1494
1678898700000,2023-03-15T16:45:00+00:00,1619.75,1626.32,1614,1616.28,20510.78,33218662.4383
1678899600000,2023-03-15T17:00:00+00:00,1616.28,1632,1611.63,1630.84,32768.31,53157027.6321
1678900500000,2023-03-15T17:15:00+00:00,1630.84,1631,1623.07,1630.69,11125.71,18105540.3446
1678901400000,2023-03-15T17:30:00+00:00,1630.69,1631,1620.51,1621.87,14572.67,23705940.7155
1678902300000,2023-03-15T17:45:00+00:00,1621.87,1632.49,1617.78,1629.72,14443.42,23468714.5815
1678903200000,2023-03-15T18:00:00+00:00,1629.72,1629.72,1620.96,1621.91,12982.83,21094832.6563
1678904100000,2023-03-15T18:15:00+00:00,1621.91,1641.99,1620.73,1638.72,19630.1,32001745.0619
1678905000000,2023-03-15T18:30:00+00:00,1638.72,1644.99,1635.58,1642.44,16846.72,27632518.1517
1678905900000,2023-03-15T18:45:00+00:00,1642.44,1647.08,1632.2,1646.63,19175.44,31433774.076
1678906800000,2023-03-15T19:00:00+00:00,1646.63,1647.82,1636.2,1643.9,12044.36,19777057.674
1678907700000,2023-03-15T19:15:00+00:00,1643.9,1654.4,1642.4,1652.17,10832.43,17842557.0834
1678908600000,2023-03-15T19:30:00+00:00,1652.17,1654.43,1637.14,1639.39,14491.38,23866796.3054
1678909500000,2023-03-15T19:45:00+00:00,1639.39,1647.46,1634.69,1647.41,11469.02,18800726.9644
1678910400000,2023-03-15T20:00:00+00:00,1647.41,1647.89,1637.69,1638.41,11681.32,19165027.083
1678911300000,2023-03-15T20:15:00+00:00,1638.41,1644.3,1638,1644.14,7224.91,11861662.7197
1678912200000,2023-03-15T20:30:00+00:00,1644.14,1653.02,1640.26,1651.97,9232.56,15213417.0845
1678913100000,2023-03-15T20:45:00+00:00,1651.97,1652.07,1645.73,1646.3,8793.4,14496325.9
1678914000000,2023-03-15T21:00:00+00:00,1646.3,1652.62,1645.45,1649.96,8513.15,14037105.1658
1678914900000,2023-03-15T21:15:00+00:00,1649.96,1653.43,1646,1646.17,10094.57,16665335.8527
1678915800000,2023-03-15T21:30:00+00:00,1646.17,1654.11,1646.17,1652.01,11175.42,18449734.8528
1678916700000,2023-03-15T21:45:00+00:00,1652.01,1653.67,1649.1,1653.3,12705.82,20982553.5329
1678917600000,2023-03-15T22:00:00+00:00,1653.3,1664.29,1653.29,1661.76,18458.6,30641351.5095
1678918500000,2023-03-15T22:15:00+00:00,1661.76,1662.16,1653.77,1654.22,12003.07,19907762.598
1678919400000,2023-03-15T22:30:00+00:00,1654.22,1654.67,1640.38,1650.3,12269.97,20217453.3623
1678920300000,2023-03-15T22:45:00+00:00,1650.3,1650.47,1646.67,1647.45,6707.3,11057509.533
1678921200000,2023-03-15T23:00:00+00:00,1647.45,1651.55,1643.89,1646.23,7588.42,12503381.1657
1678922100000,2023-03-15T23:15:00+00:00,1646.23,1651.37,1644.66,1648.57,5950.06,9805720.5058
1678923000000,2023-03-15T23:30:00+00:00,1648.57,1654.13,1644.4,1646.34,8898.63,14669122.8145
1678923900000,2023-03-15T23:45:00+00:00,1646.34,1649.76,1644.06,1649,9643.57,15886233.6521
1678924800000,2023-03-16T00:00:00+00:00,1649,1651.31,1645.03,1649.81,9930.97,16371113.0854
1678925700000,2023-03-16T00:15:00+00:00,1649.81,1658.87,1649.81,1654.95,11038.84,18266752.2838
1678926600000,2023-03-16T00:30:00+00:00,1654.95,1655.39,1640.39,1642.84,13735.58,22622254.5359
1678927500000,2023-03-16T00:45:00+00:00,1642.84,1649.13,1638.82,1640.11,12399.45,20394182.4279
1678928400000,2023-03-16T01:00:00+00:00,1640.11,1646.47,1639.63,1640.28,9779.76,16066291.503
1678929300000,2023-03-16T01:15:00+00:00,1640.28,1645.86,1632,1643.27,17041.25,27942251.1875
1678930200000,2023-03-16T01:30:00+00:00,1643.27,1646.88,1640.9,1642.29,7162.87,11771334.923
1678931100000,2023-03-16T01:45:00+00:00,1642.29,1647.5,1639.71,1644.78,7814.99,12852326.5173
1678932000000,2023-03-16T02:00:00+00:00,1644.78,1649.34,1643.93,1648.34,8238.77,13565333.4047
1678932900000,2023-03-16T02:15:00+00:00,1648.34,1653.93,1646.77,1651.88,8026.62,13243201.0265
1678933800000,2023-03-16T02:30:00+00:00,1651.88,1651.89,1648.66,1650.38,8410.2,13880925.5738
1678934700000,2023-03-16T02:45:00+00:00,1650.38,1651.75,1649.23,1649.23,7856.76,12969165.8917
1678935600000,2023-03-16T03:00:00+00:00,1649.23,1650.29,1641.66,1641.99,11784.31,19401385.5661
1678936500000,2023-03-16T03:15:00+00:00,1641.99,1646.32,1641.32,1645.9,7701.18,12661587.8404
1678937400000,2023-03-16T03:30:00+00:00,1645.9,1646.21,1641.32,1642.33,9336.12,15346129.8744
1678938300000,2023-03-16T03:45:00+00:00,1642.33,1646.16,1641.03,1645.5,11623.6,19095509.4484
1678939200000,2023-03-16T04:00:00+00:00,1645.5,1647.42,1641.04,1643.17,11304.77,18586991.7679
1678940100000,2023-03-16T04:15:00+00:00,1643.17,1645,1640.88,1644.05,10648.2,17492329.427
1678941000000,2023-03-16T04:30:00+00:00,1644.05,1644.07,1637.36,1638.35,10769.1,17665047.4297
1678941900000,2023-03-16T04:45:00+00:00,1638.35,1640.43,1636.38,1640,9329.34,15284311.3341
1678942800000,2023-03-16T05:00:00+00:00,1640,1641.22,1636.43,1639.25,9473.85,15526123.1418
1678943700000,2023-03-16T05:15:00+00:00,1639.25,1646.84,1636.89,1644.97,11520.78,18915271.552
1678944600000,2023-03-16T05:30:00+00:00,1644.97,1648.39,1643.8,1644.12,7817.65,12867778.0763
1678945500000,2023-03-16T05:45:00+00:00,1644.12,1647,1642.9,1643.77,6683.7,10992088.1941
1678946400000,2023-03-16T06:00:00+00:00,1643.77,1651.06,1643.32,1648.56,9095.69,14995234.0019
1678947300000,2023-03-16T06:15:00+00:00,1648.56,1650.67,1644.72,1646.37,7297.21,12019972.0291
1678948200000,2023-03-16T06:30:00+00:00,1646.37,1649.25,1644.9,1645.86,9010.13,14838901.8894
1678949100000,2023-03-16T06:45:00+00:00,1645.86,1653.77,1644.5,1651.85,11292.76,18617480.1273
1678950000000,2023-03-16T07:00:00+00:00,1651.85,1657.07,1648.36,1652.77,11772.28,19458587.0023
1678950900000,2023-03-16T07:15:00+00:00,1652.77,1658.33,1651.01,1657.22,9921.37,16417644.1164
1678951800000,2023-03-16T07:30:00+00:00,1657.22,1658.88,1653.54,1655.3,6721.84,11127570.4874
1678952700000,2023-03-16T07:45:00+00:00,1655.3,1656.2,1653.11,1655,4845.52,8017222.4075
1678953600000,2023-03-16T08:00:00+00:00,1655,1656.32,1651.88,1654.56,5540.35,9165244.7587
1678954500000,2023-03-16T08:15:00+00:00,1654.56,1654.62,1650.19,1650.99,7041.7,11631218.9637
1678955400000,2023-03-16T08:30:00+00:00,1650.99,1654.84,1650.6,1653.24,7704.91,12733602.2086
1678956300000,2023-03-16T08:45:00+00:00,1653.24,1653.71,1651.16,1652.77,8012.09,13240896.5312
1678957200000,2023-03-16T09:00:00+00:00,1652.77,1654.1,1644.62,1645.1,10907.56,17983535.8276
1678958100000,2023-03-16T09:15:00+00:00,1645.1,1646.97,1638.94,1644.14,11478.69,18851526.3243
1678959000000,2023-03-16T09:30:00+00:00,1644.14,1663.68,1641.35,1659.77,19301.7,31919347.5515
1678959900000,2023-03-16T09:45:00+00:00,1659.77,1660.66,1650.61,1652.19,16144.35,26720192.5393
1678960800000,2023-03-16T10:00:00+00:00,1652.19,1657.41,1645.29,1655.49,13666.99,22588818.7541
1678961700000,2023-03-16T10:15:00+00:00,1655.49,1659.18,1653.43,1656.17,12969.91,21477926.0735
1678962600000,2023-03-16T10:30:00+00:00,1656.17,1662.37,1656.17,1660.42,9064.94,15039767.6943
1678963500000,2023-03-16T10:45:00+00:00,1660.42,1669,1659.25,1663.51,11867.44,19734241.4279
1678964400000,2023-03-16T11:00:00+00:00,1663.51,1664.43,1656.43,1656.51,5353.02,8886203.8097
1678965300000,2023-03-16T11:15:00+00:00,1656.51,1661.39,1656.18,1659.19,4767.33,7907685.0249
1678966200000,2023-03-16T11:30:00+00:00,1659.19,1662.22,1656.58,1658.26,8940.23,14836150.2091
1678967100000,2023-03-16T11:45:00+00:00,1658.26,1662,1657.91,1659.45,9547.55,15853403.6415
1678968000000,2023-03-16T12:00:00+00:00,1659.45,1659.64,1652.53,1653.36,10554.71,17470572.0728
1678968900000,2023-03-16T12:15:00+00:00,1653.36,1662.15,1651.79,1661.49,11417.81,18912712.0797
1678969800000,2023-03-16T12:30:00+00:00,1661.49,1661.5,1649,1649.29,23705.27,39241165.0773
1678970700000,2023-03-16T12:45:00+00:00,1649.29,1651.72,1645.21,1650.03,15390.93,25373792.1501
1678971600000,2023-03-16T13:00:00+00:00,1650.03,1655.87,1647.36,1653.13,12224.57,20183616.5677
1678972500000,2023-03-16T13:15:00+00:00,1653.13,1653.13,1635.34,1643.01,25782.15,42337797.2825
1678973400000,2023-03-16T13:30:00+00:00,1643.01,1651.23,1639.88,1649.79,15343.6,25258116.8529
1678974300000,2023-03-16T13:45:00+00:00,1649.79,1657.82,1645.54,1655.48,17327.97,28614664.8455
1678975200000,2023-03-16T14:00:00+00:00,1655.48,1656.35,1646.6,1649.92,12299.93,20309606.4361
1678976100000,2023-03-16T14:15:00+00:00,1649.92,1655.5,1644.73,1654.76,11408.21,18829609.3244
1678977000000,2023-03-16T14:30:00+00:00,1654.76,1657.47,1651.7,1656.97,10939.43,18102699.0489
1678977900000,2023-03-16T14:45:00+00:00,1656.97,1664.44,1655.86,1657.8,14952.19,24828002.126
1678978800000,2023-03-16T15:00:00+00:00,1657.8,1659.49,1651.1,1655.1,12886.08,21320795.9738
1678979700000,2023-03-16T15:15:00+00:00,1655.1,1660.79,1652.39,1658.2,9297.82,15399538.3989
1678980600000,2023-03-16T15:30:00+00:00,1658.2,1662.74,1654.71,1661.3,7120.51,11810856.9968
1678981500000,2023-03-16T15:45:00+00:00,1661.3,1665.28,1657.73,1661.56,9087.99,15096681.8932
1678982400000,2023-03-16T16:00:00+00:00,1661.56,1662.72,1654.81,1657.91,14901.08,24708630.4743
1678983300000,2023-03-16T16:15:00+00:00,1657.91,1658.31,1653.53,1656.32,9525.59,15783768.6954
1678984200000,2023-03-16T16:30:00+00:00,1656.32,1657.13,1652.72,1657.02,12199.85,20191658.6763
1678985100000,2023-03-16T16:45:00+00:00,1657.02,1662.67,1655.24,1659.86,11394.35,18906036.2741
1678986000000,2023-03-16T17:00:00+00:00,1659.86,1660.92,1655,1655.43,12672.68,21010032.3847
1678986900000,2023-03-16T17:15:00+00:00,1655.43,1660.28,1651.6,1657.43,11884.81,19692152.653
1678987800000,2023-03-16T17:30:00+00:00,1657.43,1659.22,1655.6,1658.81,11932.26,19775013.2946
1678988700000,2023-03-16T17:45:00+00:00,1658.81,1658.81,1653.64,1655.46,9300.9,15412078.6139
1678989600000,2023-03-16T18:00:00+00:00,1655.46,1657.43,1653.5,1656.89,11157.46,18475746.0645
1678990500000,2023-03-16T18:15:00+00:00,1656.89,1659.5,1654.71,1659.13,12045.82,19966174.2885
1678991400000,2023-03-16T18:30:00+00:00,1659.13,1659.56,1656.18,1657.89,7556.81,12530184.5935
1678992300000,2023-03-16T18:45:00+00:00,1657.89,1661.43,1654,1660.54,9108.32,15090185.6613
1678993200000,2023-03-16T19:00:00+00:00,1660.54,1664.91,1660.01,1662.84,10902.55,18125166.7022
1678994100000,2023-03-16T19:15:00+00:00,1662.84,1691.93,1661.79,1680.51,39570.13,66445715.6742
1678995000000,2023-03-16T19:30:00+00:00,1680.51,1684.61,1672.28,1679.03,14170.67,23756649.7739
1678995900000,2023-03-16T19:45:00+00:00,1679.03,1679.32,1672.33,1678.76,9467.3,15865326.6313
1678996800000,2023-03-16T20:00:00+00:00,1678.76,1679.18,1673.83,1675.69,8601.65,14412936.3404
1678997700000,2023-03-16T20:15:00+00:00,1675.69,1677,1672.47,1675.79,9973.42,16701641.2248
1678998600000,2023-03-16T20:30:00+00:00,1675.79,1676.73,1670.57,1670.77,10845.53,18154009.3533
1678999500000,2023-03-16T20:45:00+00:00,1670.77,1671.65,1652,1655.34,22057.64,36614109.3831
1679000400000,2023-03-16T21:00:00+00:00,1655.34,1662.4,1654.11,1661.26,12435.19,20628980.3904
1679001300000,2023-03-16T21:15:00+00:00,1661.26,1668.07,1660.49,1666.5,14508.16,24149394.8872
1679002200000,2023-03-16T21:30:00+00:00,1666.5,1681.35,1661.91,1680.86,27387.41,45726929.1797
1679003100000,2023-03-16T21:45:00+00:00,1680.86,1681.19,1669.84,1670.9,24670.66,41292818.6847
1679004000000,2023-03-16T22:00:00+00:00,1670.9,1672.42,1667.73,1671.86,9685.29,16180619.4219
1679004900000,2023-03-16T22:15:00+00:00,1671.86,1675.42,1669.37,1670.11,10318.51,17259857.987
1679005800000,2023-03-16T22:30:00+00:00,1670.11,1671.55,1668.33,1669,5335.48,8908298.1751
1679006700000,2023-03-16T22:45:00+00:00,1669,1672.32,1668.75,1671.79,6451.95,10778609.997
1679007600000,2023-03-16T23:00:00+00:00,1671.79,1673.85,1669.46,1672.54,6008.45,10044270.9088
1679008500000,2023-03-16T23:15:00+00:00,1672.54,1672.75,1669.84,1670.49,5703.2,9529184.8207
1679009400000,2023-03-16T23:30:00+00:00,1670.49,1676.9,1670.49,1674.82,6018.95,10073076.4036
1679010300000,2023-03-16T23:45:00+00:00,1674.82,1675.17,1671.66,1672.39,5057.12,8459057.6584
1679011200000,2023-03-17T00:00:00+00:00,1672.39,1673.12,1669.6,1669.69,5957.43,9956711.2092
1679012100000,2023-03-17T00:15:00+00:00,1669.69,1671.84,1667.1,1667.36,5811.89,9704397.6617
1679013000000,2023-03-17T00:30:00+00:00,1667.36,1667.4,1661.64,1662.47,14048.35,23380823.3667
1679013900000,2023-03-17T00:45:00+00:00,1662.47,1665.58,1662.29,1664.42,10068.81,16756555.3473
1679014800000,2023-03-17T01:00:00+00:00,1664.42,1666.42,1663,1666.4,9188.93,15295774.8253
1679015700000,2023-03-17T01:15:00+00:00,1666.4,1683.95,1666.4,1680.75,17380.25,29079110.0559
1679016600000,2023-03-17T01:30:00+00:00,1680.75,1687.65,1675.25,1685.34,19120.39,32161869.9389
1679017500000,2023-03-17T01:45:00+00:00,1685.34,1696.18,1681.32,1694.35,23555.48,39788294.6297
1679018400000,2023-03-17T02:00:00+00:00,1694.35,1713.02,1690.19,1708.68,40865.22,69674068.3585
1679019300000,2023-03-17T02:15:00+00:00,1708.68,1724.21,1706.7,1718.68,28049.51,48136303.7193
1679020200000,2023-03-17T02:30:00+00:00,1718.68,1720.23,1699.72,1700.67,23490.6,40192022.9519
1679021100000,2023-03-17T02:45:00+00:00,1700.67,1706.4,1697.99,1703.32,13511.17,23008968.8349
1679022000000,2023-03-17T03:00:00+00:00,1703.32,1712.47,1702.24,1707.74,11136.4,19009855.3206
1679022900000,2023-03-17T03:15:00+00:00,1707.74,1711.55,1706.04,1708.05,12044.19,20564381.8705
1679023800000,2023-03-17T03:30:00+00:00,1708.05,1708.26,1701.62,1702.17,7580.99,12926526.4108
1679024700000,2023-03-17T03:45:00+00:00,1702.17,1708.06,1699.67,1707.75,9465.93,16122176.4483
1679025600000,2023-03-17T04:00:00+00:00,1707.75,1710,1705.57,1705.87,7146.72,12201246.6547
1679026500000,2023-03-17T04:15:00+00:00,1705.87,1708.32,1702.89,1704.91,8399.7,14328107.3325
1679027400000,2023-03-17T04:30:00+00:00,1704.91,1705.8,1702.37,1704.58,11902.39,20281625.1062
1679028300000,2023-03-17T04:45:00+00:00,1704.58,1704.89,1703.02,1703.02,10018.72,17072993.9899
1679029200000,2023-03-17T05:00:00+00:00,1703.02,1704.9,1698.22,1703.57,12716.97,21637973.3168
1679030100000,2023-03-17T05:15:00+00:00,1703.57,1703.98,1699.05,1699.95,12249.64,20843252.0019
1679031000000,2023-03-17T05:30:00+00:00,1699.95,1700.56,1695.95,1698.3,6857.01,11646267.2626
1679031900000,2023-03-17T05:45:00+00:00,1698.3,1702.68,1698.05,1702.66,5323.23,9049818.6247
1679032800000,2023-03-17T06:00:00+00:00,1702.66,1706.57,1702.05,1704.93,6845.42,11663413.4597
1679033700000,2023-03-17T06:15:00+00:00,1704.93,1712.7,1703.54,1704.87,8361.17,14266892.4307
1679034600000,2023-03-17T06:30:00+00:00,1704.87,1720.83,1704.87,1720.64,17888.66,30646959.6811
1679035500000,2023-03-17T06:45:00+00:00,1720.64,1730.44,1713.15,1723.98,24852.58,42824511.945
1679036400000,2023-03-17T07:00:00+00:00,1723.98,1725.01,1715.68,1717.81,12771.93,21962022.2813
1679037300000,2023-03-17T07:15:00+00:00,1717.81,1718.53,1708.45,1711.87,12875.41,22050162.8238
1679038200000,2023-03-17T07:30:00+00:00,1711.87,1716.99,1711.84,1716.04,11286.27,19349009.1799
1679039100000,2023-03-17T07:45:00+00:00,1716.04,1716.39,1713.37,1715.36,7460.37,12793401.4126
1679040000000,2023-03-17T08:00:00+00:00,1715.36,1722.21,1712.91,1717.16,11131.02,19115798.9333
1679040900000,2023-03-17T08:15:00+00:00,1717.16,1720.83,1712.01,1715.81,14696.39,25211764.1895
1679041800000,2023-03-17T08:30:00+00:00,1715.81,1716.75,1710.41,1712.41,9042.28,15489099.0785
1679042700000,2023-03-17T08:45:00+00:00,1712.41,1712.49,1710.67,1711.49,6801.65,11639411.1085
1679043600000,2023-03-17T09:00:00+00:00,1711.49,1713.42,1711.49,1711.8,9540.21,16336484.6758
1679044500000,2023-03-17T09:15:00+00:00,1711.8,1716.41,1711.07,1716.38,8548.57,14636010.2898
1679045400000,2023-03-17T09:30:00+00:00,1716.38,1718.9,1712.85,1713.44,11094.67,19026400.6349
1679046300000,2023-03-17T09:45:00+00:00,1713.44,1725.65,1712.7,1719.69,14804.37,25443368.1462
1679047200000,2023-03-17T10:00:00+00:00,1719.69,1734.3,1719.26,1723.12,22270.4,38469858.4938
1679048100000,2023-03-17T10:15:00+00:00,1723.12,1739.19,1722.5,1732.03,19504.64,33777761.203
1679049000000,2023-03-17T10:30:00+00:00,1732.03,1741.59,1727.81,1738.82,18192.37,31565623.9447
1679049900000,2023-03-17T10:45:00+00:00,1738.82,1747.73,1736.09,1744.28,21288.23,37091798.5623
1679050800000,2023-03-17T11:00:00+00:00,1744.28,1749.21,1737.88,1741.16,16202.19,28247055.6293
1679051700000,2023-03-17T11:15:00+00:00,1741.16,1743.84,1737.48,1741.99,11966.2,20829903.4024
1679052600000,2023-03-17T11:30:00+00:00,1741.99,1758.43,1738.59,1755.07,25478.85,44563588.9506
1679053500000,2023-03-17T11:45:00+00:00,1755.07,1763.05,1751.67,1760.42,22189.64,38969240.7342
1679054400000,2023-03-17T12:00:00+00:00,1760.42,1761.38,1744.5,1745.35,22211.28,38928134.276
1679055300000,2023-03-17T12:15:00+00:00,1745.35,1747.51,1740.08,1741.75,23400.04,40787538.1623
1679056200000,2023-03-17T12:30:00+00:00,1741.75,1745.45,1727.3,1735.79,25081.41,43539445.9763
1679057100000,2023-03-17T12:45:00+00:00,1735.79,1741.44,1735.43,1737.25,10486.11,18229644.4709
1679058000000,2023-03-17T13:00:00+00:00,1737.25,1742.8,1737.08,1739.1,9499.15,16532027.5264
1679058900000,2023-03-17T13:15:00+00:00,1739.1,1742.22,1736.37,1740.01,8845,15382325.0225
1679059800000,2023-03-17T13:30:00+00:00,1740.01,1743.85,1732.62,1739.3,15771.44,27419694.196
1679060700000,2023-03-17T13:45:00+00:00,1739.3,1739.31,1730.55,1735.86,14547.47,25228859.9087
1679061600000,2023-03-17T14:00:00+00:00,1735.86,1743.33,1733.92,1739.01,15445.99,26857409.945
1679062500000,2023-03-17T14:15:00+00:00,1739.01,1739.98,1721.35,1722.13,17303.21,29951058.4611
1679063400000,2023-03-17T14:30:00+00:00,1722.13,1729.37,1703,1703.41,33584.25,57638203.35
1679064300000,2023-03-17T14:45:00+00:00,1703.41,1713.33,1703,1711.14,17527.87,29958514.4509
1679065200000,2023-03-17T15:00:00+00:00,1711.14,1716.72,1706.14,1716.22,11240.23,19240126.5763
1679066100000,2023-03-17T15:15:00+00:00,1716.22,1722.99,1709.17,1710.63,13928.53,23915280.4258
1679067000000,2023-03-17T15:30:00+00:00,1710.63,1718.02,1708.64,1710.45,8613.35,14761487.2392
1679067900000,2023-03-17T15:45:00+00:00,1710.45,1717.48,1709.82,1716.61,9586.02,16432983.6063
1679068800000,2023-03-17T16:00:00+00:00,1716.61,1722.77,1713.96,1720.55,8122.47,13951001.3255
1679069700000,2023-03-17T16:15:00+00:00,1720.55,1721.15,1712.99,1717.03,7703.14,13225948.7054
1679070600000,2023-03-17T16:30:00+00:00,1717.03,1720.96,1709.17,1713.66,10405.35,17833687.5325
1679071500000,2023-03-17T16:45:00+00:00,1713.66,1716.42,1709.53,1711.65,7605.93,13027969.511
1679072400000,2023-03-17T17:00:00+00:00,1711.65,1730.12,1711.65,1727.32,14103.29,24269281.3938
1679073300000,2023-03-17T17:15:00+00:00,1727.32,1731.49,1720.37,1722.63,11472.29,19794059.5128
1679074200000,2023-03-17T17:30:00+00:00,1722.63,1723.64,1716.36,1721.92,7047.89,12121681.5073
1679075100000,2023-03-17T17:45:00+00:00,1721.92,1726,1721.81,1724.79,7685.59,13249590.5544
1679076000000,2023-03-17T18:00:00+00:00,1724.79,1725.73,1713.6,1715.71,8694.35,14951767.5507
1679076900000,2023-03-17T18:15:00+00:00,1715.71,1718.61,1713.13,1717.54,10500.61,18013910.179
1679077800000,2023-03-17T18:30:00+00:00,1717.54,1724.58,1717.51,1721.31,6615.09,11387008.3344
1679078700000,2023-03-17T18:45:00+00:00,1721.31,1732.33,1721.2,1732.13,10295.96,17782617.6425
1679079600000,2023-03-17T19:00:00+00:00,1732.13,1740.5,1728.5,1739.87,13897.15,24098079.4211
1679080500000,2023-03-17T19:15:00+00:00,1739.87,1743.63,1734.64,1740.82,10556.38,18358521.0329
1679081400000,2023-03-17T19:30:00+00:00,1740.82,1742.9,1735.35,1740.67,4505.14,7834988.2897
1679082300000,2023-03-17T19:45:00+00:00,1740.67,1742.86,1734.69,1742.86,5297.46,9210065.1792
1679083200000,2023-03-17T20:00:00+00:00,1742.86,1743.72,1736.19,1738.34,3454.34,6007969.7935
1679084100000,2023-03-17T20:15:00+00:00,1738.34,1754.39,1738,1741.28,10781.72,18832348.4126
1679085000000,2023-03-17T20:30:00+00:00,1741.28,1743.12,1731.38,1735.26,12001.34,20871115.4251
1679085900000,2023-03-17T20:45:00+00:00,1735.26,1740.87,1733.35,1740.11,10076.41,17505064.4238
1679086800000,2023-03-17T21:00:00+00:00,1740.11,1743.71,1738.91,1741.7,10022.02,17452765.3695
1679087700000,2023-03-17T21:15:00+00:00,1741.7,1747.02,1741.53,1745,12138.07,21170812.2739
1679088600000,2023-03-17T21:30:00+00:00,1745,1771.51,1743.37,1765.35,25654.04,45114237.8357
1679089500000,2023-03-17T21:45:00+00:00,1765.35,1766.78,1739.41,1757.4,34379.65,60205391.4229
1679090400000,2023-03-17T22:00:00+00:00,1757.4,1765.49,1749.66,1757.99,13005.3,22867862.4329
1679091300000,2023-03-17T22:15:00+00:00,1757.99,1767.66,1755,1765.6,11166.33,19671510.3103
1679092200000,2023-03-17T22:30:00+00:00,1765.6,1779.99,1760.14,1776.54,25640.91,45380405.6969
1679093100000,2023-03-17T22:45:00+00:00,1776.54,1783.91,1768.43,1772,21582.13,38363497.2952
1679094000000,2023-03-17T23:00:00+00:00,1772,1800.61,1771.54,1788.44,32813.76,58710668.1716
1679094900000,2023-03-17T23:15:00+00:00,1788.44,1795.51,1780.35,1782.74,14269.95,25516143.7895
1679095800000,2023-03-17T23:30:00+00:00,1782.74,1790.57,1781.21,1781.78,15436.89,27578017.2963
1679096700000,2023-03-17T23:45:00+00:00,1781.78,1790.32,1781,1789.29,11182.99,19967672.403
1679097600000,2023-03-18T00:00:00+00:00,1789.29,1791.02,1782.44,1784.22,11970,21391378.7787
1679098500000,2023-03-18T00:15:00+00:00,1784.22,1786.29,1767.01,1773.56,24016.92,42659537.2596
1679099400000,2023-03-18T00:30:00+00:00,1773.56,1786.8,1770.56,1785.66,12488.43,22231288.3091
1679100300000,2023-03-18T00:45:00+00:00,1785.66,1822.99,1783.19,1819.75,45154.29,81628030.61
1679101200000,2023-03-18T01:00:00+00:00,1819.75,1832.14,1816.83,1825.01,42525.49,77573082.9054
1679102100000,2023-03-18T01:15:00+00:00,1825.01,1830.23,1821.13,1827.36,15427.6,28175560.9638
1679103000000,2023-03-18T01:30:00+00:00,1827.36,1827.36,1813.19,1818.39,17166.86,31225535.127
1679103900000,2023-03-18T01:45:00+00:00,1818.39,1820.81,1813.23,1814.55,12756.35,23176872.6254
1679104800000,2023-03-18T02:00:00+00:00,1814.55,1818.49,1808.53,1818.47,12101.21,21943241.0646
1679105700000,2023-03-18T02:15:00+00:00,1818.47,1824.96,1809.27,1815.92,16321.33,29659023.5219
1679106600000,2023-03-18T02:30:00+00:00,1815.92,1817.63,1812.51,1814.65,7090.9,12872772.2227
1679107500000,2023-03-18T02:45:00+00:00,1814.65,1814.83,1799.78,1806.04,12823.23,23160551.896
1679108400000,2023-03-18T03:00:00+00:00,1806.04,1809.27,1803.22,1805.33,8176.6,14775092.9091
1679109300000,2023-03-18T03:15:00+00:00,1805.33,1809.69,1804.4,1808.43,7384.54,13350696.4657
1679110200000,2023-03-18T03:30:00+00:00,1808.43,1814,1808.42,1810.96,8240.51,14924717.7788
1679111100000,2023-03-18T03:45:00+00:00,1810.96,1813,1810.01,1810.45,8252.89,14949080.9929
1679112000000,2023-03-18T04:00:00+00:00,1810.45,1813.57,1803.12,1804.39,9200.54,16651359.3224
1679112900000,2023-03-18T04:15:00+00:00,1804.39,1813.76,1804.38,1812.53,9606.1,17391370.0679
1679113800000,2023-03-18T04:30:00+00:00,1812.53,1813.61,1810.5,1810.52,7093.89,12852635.9507
1679114700000,2023-03-18T04:45:00+00:00,1810.52,1811.76,1803.45,1805.24,8651.04,15631428.6169
1679115600000,2023-03-18T05:00:00+00:00,1805.24,1806.73,1801.84,1804.12,8887.68,16039888.2435
1679116500000,2023-03-18T05:15:00+00:00,1804.12,1809.07,1804.04,1806.53,8187.93,14797648.1339
1679117400000,2023-03-18T05:30:00+00:00,1806.53,1813.19,1806.44,1810.99,9157.59,16583843.4459
1679118300000,2023-03-18T05:45:00+00:00,1810.99,1814.51,1810,1812.63,6860.97,12433126.9583
1679119200000,2023-03-18T06:00:00+00:00,1812.63,1812.84,1807.81,1809.28,7076.17,12807743.4176
1679120100000,2023-03-18T06:15:00+00:00,1809.28,1811.65,1807.53,1808.8,6364.95,11517426.848
1679121000000,2023-03-18T06:30:00+00:00,1808.8,1811.55,1807.23,1807.65,3742.94,6771426.457
1679121900000,2023-03-18T06:45:00+00:00,1807.65,1812,1807.64,1811.96,4275.1,7735670.5263
1679122800000,2023-03-18T07:00:00+00:00,1811.96,1813.33,1809.3,1813.31,5649.1,10232478.447
1679123700000,2023-03-18T07:15:00+00:00,1813.31,1816.22,1811.89,1811.89,5727.32,10388487.1226
1679124600000,2023-03-18T07:30:00+00:00,1811.89,1821.66,1810.62,1818.51,10712.77,19441780.7861
1679125500000,2023-03-18T07:45:00+00:00,1818.51,1821.04,1811.1,1814.07,9889.14,17952611.8757
1679126400000,2023-03-18T08:00:00+00:00,1814.07,1816.38,1797.14,1797.77,14177.9,25635608.5048
1679127300000,2023-03-18T08:15:00+00:00,1797.77,1804.65,1790.59,1804.17,21355.3,38402063.349
1679128200000,2023-03-18T08:30:00+00:00,1804.17,1807.87,1802.92,1804.69,6875.92,12410941.015
1679129100000,2023-03-18T08:45:00+00:00,1804.69,1813.1,1803.12,1808.69,12532.55,22659852.0908
1679130000000,2023-03-18T09:00:00+00:00,1808.69,1809.38,1801.15,1804.54,8024.11,14487739.9532
1679130900000,2023-03-18T09:15:00+00:00,1804.54,1808.68,1803.26,1803.62,7317.02,13215113.1446
1679131800000,2023-03-18T09:30:00+00:00,1803.62,1812.77,1803.32,1812.39,8251.68,14915689.0984
1679132700000,2023-03-18T09:45:00+00:00,1812.39,1813.24,1809.51,1811.54,7372.57,13354042.5802
1679133600000,2023-03-18T10:00:00+00:00,1811.54,1812.91,1811.3,1812.44,7458.68,13516362.0027
1679134500000,2023-03-18T10:15:00+00:00,1812.44,1815.93,1811,1811,10065.6,18243949.839
1679135400000,2023-03-18T10:30:00+00:00,1811,1815.4,1811,1814.93,5574.9,10109297.0667
1679136300000,2023-03-18T10:45:00+00:00,1814.93,1817.15,1812.17,1814.74,5888.06,10684896.2959
1679137200000,2023-03-18T11:00:00+00:00,1814.74,1815.39,1810.72,1811.03,5614.72,10180508.6535
1679138100000,2023-03-18T11:15:00+00:00,1811.03,1812.59,1809.06,1811.02,4070.57,7372207.7426
1679139000000,2023-03-18T11:30:00+00:00,1811.02,1812.82,1809.39,1809.49,9165.95,16596998.7737
1679139900000,2023-03-18T11:45:00+00:00,1809.49,1812.79,1809.48,1812.63,9198.35,16661626.803
1679140800000,2023-03-18T12:00:00+00:00,1812.63,1813.25,1805.22,1805.9,8717.69,15781564.2636
1679141700000,2023-03-18T12:15:00+00:00,1805.9,1809.73,1802.67,1809.73,11684.51,21104911.0096
1679142600000,2023-03-18T12:30:00+00:00,1809.73,1818.8,1809.58,1816.38,9545.86,17308193.3506
1679143500000,2023-03-18T12:45:00+00:00,1816.38,1842.89,1814.78,1826.58,35377.18,64773419.9025
1679144400000,2023-03-18T13:00:00+00:00,1826.58,1828.48,1816.36,1827.01,13751.48,25065647.6588
1679145300000,2023-03-18T13:15:00+00:00,1827.01,1827.66,1815.58,1819.86,7717.69,14066581.2541
1679146200000,2023-03-18T13:30:00+00:00,1819.86,1821.57,1811,1815.96,12012.65,21814649.0465
1679147100000,2023-03-18T13:45:00+00:00,1815.96,1818,1814.21,1814.41,8125.82,14757373.7544
1679148000000,2023-03-18T14:00:00+00:00,1814.41,1818.09,1814.3,1814.6,7608.67,13814488.6868
1679148900000,2023-03-18T14:15:00+00:00,1814.6,1823.03,1814.6,1820.65,10137.51,18445070.7011
1679149800000,2023-03-18T14:30:00+00:00,1820.65,1823.37,1813.71,1814.07,8567.91,15584560.3791
1679150700000,2023-03-18T14:45:00+00:00,1814.07,1818.12,1812.02,1813.92,9499.16,17244141.2038
1679151600000,2023-03-18T15:00:00+00:00,1813.92,1815.43,1800.51,1805.21,16950.83,30628716.8758
1679152500000,2023-03-18T15:15:00+00:00,1805.21,1809.72,1793.68,1799.1,14536.63,26216324.638
1679153400000,2023-03-18T15:30:00+00:00,1799.1,1803.17,1774.72,1779.21,38843.29,69436000.3906
1679154300000,2023-03-18T15:45:00+00:00,1779.21,1790.62,1776.14,1785.68,21481.3,38342588.0874
1679155200000,2023-03-18T16:00:00+00:00,1785.68,1794,1779.97,1786.47,18575.28,33211032.9607
1679156100000,2023-03-18T16:15:00+00:00,1786.47,1788.62,1768.37,1772.29,24583.32,43742630.4507
1679157000000,2023-03-18T16:30:00+00:00,1772.29,1788.62,1745.93,1786.45,96888.23,170748113.6621
1679157900000,2023-03-18T16:45:00+00:00,1786.45,1802.35,1780.39,1793.45,43899.98,78689218.1858
1679158800000,2023-03-18T17:00:00+00:00,1793.45,1798.99,1784.88,1786.67,19243.21,34471592.6179
1679159700000,2023-03-18T17:15:00+00:00,1786.67,1787.03,1771.35,1772.42,16714.18,29756797.286
1679160600000,2023-03-18T17:30:00+00:00,1772.42,1777.92,1761.63,1777.83,19875.74,35170969.9858
1679161500000,2023-03-18T17:45:00+00:00,1777.83,1787.53,1774.9,1785.75,6456.02,11496142.9692
1679162400000,2023-03-18T18:00:00+00:00,1785.75,1789.19,1780,1787.99,8780.07,15665384.1681
1679163300000,2023-03-18T18:15:00+00:00,1787.99,1791.2,1784.67,1789,5567.87,9957858.5662
1679164200000,2023-03-18T18:30:00+00:00,1789,1791.12,1784.46,1789.26,9732.15,17398182.9795
1679165100000,2023-03-18T18:45:00+00:00,1789.26,1793.94,1786.23,1791.75,9274.53,16591350.8484
1679166000000,2023-03-18T19:00:00+00:00,1791.75,1797.88,1787.25,1792.65,10694.28,19164927.3657
1679166900000,2023-03-18T19:15:00+00:00,1792.65,1796.55,1786.67,1796.19,11065.9,19814670.0055
1679167800000,2023-03-18T19:30:00+00:00,1796.19,1797.17,1792.69,1793.27,11586.88,20796044.0446
1679168700000,2023-03-18T19:45:00+00:00,1793.27,1794.11,1786.91,1789.18,10514.1,18827618.638
1679169600000,2023-03-18T20:00:00+00:00,1789.18,1789.57,1783.63,1785.21,10190.62,18208042.6892
1679170500000,2023-03-18T20:15:00+00:00,1785.21,1793.21,1785.05,1789.27,12092.75,21634942.9445
1679171400000,2023-03-18T20:30:00+00:00,1789.27,1798.34,1788.56,1794.95,9101.23,16322248.7884
1679172300000,2023-03-18T20:45:00+00:00,1794.95,1800.52,1790,1790,9986.13,17921840.9865
1679173200000,2023-03-18T21:00:00+00:00,1790,1791,1787.85,1789.97,10860.88,19437728.2209
1679174100000,2023-03-18T21:15:00+00:00,1789.97,1791.26,1785.69,1787.45,9433.75,16866605.058
1679175000000,2023-03-18T21:30:00+00:00,1787.45,1788.28,1775.86,1780.33,11861.81,21165017.0405
1679175900000,2023-03-18T21:45:00+00:00,1780.33,1783.12,1774.94,1776.81,16812.04,29913474.5471
1679176800000,2023-03-18T22:00:00+00:00,1776.81,1779.95,1774.93,1777.35,9723.37,17287266.0329
1679177700000,2023-03-18T22:15:00+00:00,1777.35,1779.19,1774.97,1778.81,9402.47,16706069.0928
1679178600000,2023-03-18T22:30:00+00:00,1778.81,1779.31,1762.6,1763.59,14506.92,25730405.287
1679179500000,2023-03-18T22:45:00+00:00,1763.59,1771.74,1762.54,1767.96,12631.06,22332171.3885
1679180400000,2023-03-18T23:00:00+00:00,1767.96,1770.75,1759.85,1769.78,12897.87,22768866.6778
1679181300000,2023-03-18T23:15:00+00:00,1769.78,1773.15,1753,1753.74,19740.17,34832583.8524
1679182200000,2023-03-18T23:30:00+00:00,1753.74,1765.68,1751.63,1753.24,16817.94,29589402.9516
1679183100000,2023-03-18T23:45:00+00:00,1753.24,1758.47,1750.01,1757.88,14086.72,24717920.752
1679184000000,2023-03-19T00:00:00+00:00,1757.88,1768.89,1757.18,1768.88,13750.64,24235967.9832
1679184900000,2023-03-19T00:15:00+00:00,1768.88,1771.6,1764.39,1767.89,11586.27,20479800.5938
1679185800000,2023-03-19T00:30:00+00:00,1767.89,1779.53,1767.79,1776.78,17251.56,30607067.5601
1679186700000,2023-03-19T00:45:00+00:00,1776.78,1778.12,1772.6,1773.96,13384.02,23751720.3609
1679187600000,2023-03-19T01:00:00+00:00,1773.96,1780.96,1772.94,1773.99,15663.12,27821654.7722
1679188500000,2023-03-19T01:15:00+00:00,1773.99,1778.49,1773.63,1778.49,11798.95,20960215.2622
1679189400000,2023-03-19T01:30:00+00:00,1778.49,1785.54,1777.68,1778.26,14812.93,26388187.03
1679190300000,2023-03-19T01:45:00+00:00,1778.26,1779.02,1776.04,1777.74,11622.03,20660376.1493
1679191200000,2023-03-19T02:00:00+00:00,1777.74,1780.43,1774.92,1776.17,11048.86,19644678.4865
1679192100000,2023-03-19T02:15:00+00:00,1776.17,1781.07,1774.99,1780,10543.36,18746141.7671
1679193000000,2023-03-19T02:30:00+00:00,1780,1782.99,1778.52,1778.54,4453.01,7932348.3427
1679193900000,2023-03-19T02:45:00+00:00,1778.54,1779.56,1775.76,1777.22,4293.48,7629237.5553
1679194800000,2023-03-19T03:00:00+00:00,1777.22,1779.38,1776.57,1779.03,3825.72,6800655.1892
1679195700000,2023-03-19T03:15:00+00:00,1779.03,1781.14,1775.28,1775.32,3796.96,6751444.1309
1679196600000,2023-03-19T03:30:00+00:00,1775.32,1777.81,1774.26,1777.81,9169.56,16283386.1752
1679197500000,2023-03-19T03:45:00+00:00,1777.81,1783.97,1777.51,1781.75,11175.65,19902127.5183
1679198400000,2023-03-19T04:00:00+00:00,1781.75,1785.99,1779.61,1780.39,12564.8,22403429.3448
1679199300000,2023-03-19T04:15:00+00:00,1780.39,1781.56,1775.3,1776.7,12769.64,22704164.0767
1679200200000,2023-03-19T04:30:00+00:00,1776.7,1779.97,1776.16,1779.08,7273.9,12938290.2441
1679201100000,2023-03-19T04:45:00+00:00,1779.08,1780.3,1777.34,1778.87,7853.81,13970539.0502
1679202000000,2023-03-19T05:00:00+00:00,1778.87,1779.99,1775.86,1778.46,6993.67,12438395.0698
1679202900000,2023-03-19T05:15:00+00:00,1778.46,1779.69,1776.45,1779.06,6237.18,11090295.742
1679203800000,2023-03-19T05:30:00+00:00,1779.06,1783.13,1778.17,1778.24,6786.09,12081588.3384
1679204700000,2023-03-19T05:45:00+00:00,1778.24,1778.86,1776.18,1777.28,6829.66,12139244.9321
1679205600000,2023-03-19T06:00:00+00:00,1777.28,1778.34,1775.78,1777.18,6117.35,10871602.3906
1679206500000,2023-03-19T06:15:00+00:00,1777.18,1778.18,1770.52,1771.98,6714.28,11915139.495
1679207400000,2023-03-19T06:30:00+00:00,1771.98,1774.38,1768.87,1769.94,9402.53,16658954.1509
1679208300000,2023-03-19T06:45:00+00:00,1769.94,1772.41,1767.03,1769.3,10180.46,18015397.7669
1679209200000,2023-03-19T07:00:00+00:00,1769.3,1770.08,1762,1768.52,12252.34,21634516.9133
1679210100000,2023-03-19T07:15:00+00:00,1768.52,1771.78,1766.28,1770.01,9972.1,17649819.8818
1679211000000,2023-03-19T07:30:00+00:00,1770.01,1774.03,1770.01,1771.9,7138.63,12649872.0196
1679211900000,2023-03-19T07:45:00+00:00,1771.9,1774.33,1771.32,1774.17,6614.68,11724667.4267
1679212800000,2023-03-19T08:00:00+00:00,1774.17,1775.5,1768.01,1769.44,8807.83,15605923.3237
1679213700000,2023-03-19T08:15:00+00:00,1769.44,1779.47,1767.78,1777.06,11203.55,19899924.2616
1679214600000,2023-03-19T08:30:00+00:00,1777.06,1779.11,1775.17,1776.54,9505.84,16892364.1558
1679215500000,2023-03-19T08:45:00+00:00,1776.54,1778.51,1771.35,1773.43,12394.07,22003209.5246
1679216400000,2023-03-19T09:00:00+00:00,1773.43,1774.9,1771.54,1772.75,14391.85,25520117.5774
1679217300000,2023-03-19T09:15:00+00:00,1772.75,1773.66,1768.81,1770.47,13007.91,23032849.3756
1679218200000,2023-03-19T09:30:00+00:00,1770.47,1777.1,1769.75,1776.75,12079.77,21437302.7951
1679219100000,2023-03-19T09:45:00+00:00,1776.75,1778.2,1775.32,1776.77,7411.29,13166223.585
1679220000000,2023-03-19T10:00:00+00:00,1776.77,1777.07,1773.57,1773.57,9326.13,16559725.4804
1679220900000,2023-03-19T10:15:00+00:00,1773.57,1778.83,1772.07,1777.59,9523.26,16901998.1715
1679221800000,2023-03-19T10:30:00+00:00,1777.59,1778.38,1774.54,1774.6,7389.23,13127076.64
1679222700000,2023-03-19T10:45:00+00:00,1774.6,1776.45,1771.64,1773.49,5539.38,9828968.7661
1679223600000,2023-03-19T11:00:00+00:00,1773.49,1774.45,1765.55,1773.32,9162,16222446.1862
1679224500000,2023-03-19T11:15:00+00:00,1773.32,1777.17,1768.78,1773.71,6492.38,11513783.0971
1679225400000,2023-03-19T11:30:00+00:00,1773.71,1776.98,1773.4,1775.69,5890.68,10457879.1488
1679226300000,2023-03-19T11:45:00+00:00,1775.69,1787.57,1775.6,1784.03,13973.74,24905791.6472
1679227200000,2023-03-19T12:00:00+00:00,1784.03,1794.42,1783.45,1792.3,17743.05,31735051.4216
1679228100000,2023-03-19T12:15:00+00:00,1792.3,1794.76,1780.39,1781.84,12666.77,22624107.9362
1679229000000,2023-03-19T12:30:00+00:00,1781.84,1785.4,1779.72,1785,10696.5,19075999.9157
1679229900000,2023-03-19T12:45:00+00:00,1785,1785.31,1781.33,1782.72,7169.69,12786321.7849
1679230800000,2023-03-19T13:00:00+00:00,1782.72,1784.52,1775.25,1779.13,12164.33,21635894.579
1679231700000,2023-03-19T13:15:00+00:00,1779.13,1781.94,1777.46,1780.54,6708.23,11938855.218
1679232600000,2023-03-19T13:30:00+00:00,1780.54,1781.66,1772.88,1775.47,7536.9,13389735.2142
1679233500000,2023-03-19T13:45:00+00:00,1775.47,1777,1774.8,1775.5,4901.43,8704427.2684
1679234400000,2023-03-19T14:00:00+00:00,1775.5,1779.9,1775.5,1776.72,5863.38,10424325.7561
1679235300000,2023-03-19T14:15:00+00:00,1776.72,1786.82,1774.67,1786.3,8217.68,14632733.6423
1679236200000,2023-03-19T14:30:00+00:00,1786.3,1790.04,1782.6,1785.23,15853.94,28313771.1254
1679237100000,2023-03-19T14:45:00+00:00,1785.23,1787.49,1783.11,1785.65,11224.93,20036895.7441
1679238000000,2023-03-19T15:00:00+00:00,1785.65,1813.15,1785.65,1792.63,47162.28,84888101.8797
1679238900000,2023-03-19T15:15:00+00:00,1792.63,1797.26,1784.49,1791.34,23418.09,41968524.9819
1679239800000,2023-03-19T15:30:00+00:00,1791.34,1796.28,1788.18,1789.36,12580.25,22547657.9367
1679240700000,2023-03-19T15:45:00+00:00,1789.36,1803.76,1788.75,1793.57,18988.2,34074408.8168
1679241600000,2023-03-19T16:00:00+00:00,1793.57,1800.28,1791.09,1795.62,21082.17,37888851.4116
1679242500000,2023-03-19T16:15:00+00:00,1795.62,1804.84,1795.09,1799.44,14333.42,25796590.6152
1679243400000,2023-03-19T16:30:00+00:00,1799.44,1825.35,1797.76,1821.3,49158.14,89224392.831
1679244300000,2023-03-19T16:45:00+00:00,1821.3,1833.5,1814.55,1816.49,35208.72,64206851.2103
1679245200000,2023-03-19T17:00:00+00:00,1816.49,1820.47,1805.8,1816.86,25776.26,46742150.3784
1679246100000,2023-03-19T17:15:00+00:00,1816.86,1819.68,1808.08,1810.52,15254.69,27668932.3892
1679247000000,2023-03-19T17:30:00+00:00,1810.52,1815.37,1806.49,1814.18,8351.02,15134065.9602
1679247900000,2023-03-19T17:45:00+00:00,1814.18,1815.9,1808.7,1808.89,9696.16,17562726.0931
1679248800000,2023-03-19T18:00:00+00:00,1808.89,1813.3,1805.34,1810.08,13092.87,23685500.0228
1679249700000,2023-03-19T18:15:00+00:00,1810.08,1816.3,1808.23,1814.3,8905.5,16144314.1353
1679250600000,2023-03-19T18:30:00+00:00,1814.3,1822.65,1814.3,1818.2,6660.78,12106597.7878
1679251500000,2023-03-19T18:45:00+00:00,1818.2,1822.81,1812.49,1822.72,9090.34,16513316.8019
1679252400000,2023-03-19T19:00:00+00:00,1822.72,1836.64,1816.9,1833.62,16367.03,29901123.9342
1679253300000,2023-03-19T19:15:00+00:00,1833.62,1838.5,1825.47,1829.75,13068.44,23929885.5357
1679254200000,2023-03-19T19:30:00+00:00,1829.75,1841.72,1822,1823.04,14937.81,27348014.4816
1679255100000,2023-03-19T19:45:00+00:00,1823.04,1825.19,1819.68,1821.44,9700.21,17673086.472
1679256000000,2023-03-19T20:00:00+00:00,1821.44,1827.89,1813.35,1815.74,13158.85,23975823.527
1679256900000,2023-03-19T20:15:00+00:00,1815.74,1819.22,1808.79,1810.73,15279.68,27717368.1529
1679257800000,2023-03-19T20:30:00+00:00,1810.73,1815.08,1787.68,1795.53,36588.17,65786129.0389
1679258700000,2023-03-19T20:45:00+00:00,1795.53,1798.22,1791.62,1793.73,17203.37,30874469.603
1679259600000,2023-03-19T21:00:00+00:00,1793.73,1812.5,1792.65,1804.79,17123.96,30881674.2486
1679260500000,2023-03-19T21:15:00+00:00,1804.79,1809.45,1802.72,1805.16,12593.98,22746735.354
1679261400000,2023-03-19T21:30:00+00:00,1805.16,1806.91,1795.37,1799.99,14726.66,26527585.6526
1679262300000,2023-03-19T21:45:00+00:00,1799.99,1802.02,1789.52,1793.51,17502.73,31421939.5029
1679263200000,2023-03-19T22:00:00+00:00,1793.51,1801.93,1786.62,1799.16,12081.45,21689039.3687
1679264100000,2023-03-19T22:15:00+00:00,1799.16,1802.36,1794.07,1797.51,8662.32,15576422.8212
1679265000000,2023-03-19T22:30:00+00:00,1797.51,1808.25,1796.25,1806.3,7135.89,12854093.8331
1679265900000,2023-03-19T22:45:00+00:00,1806.3,1807.03,1803.19,1804.77,5621.99,10149357.9249
1679266800000,2023-03-19T23:00:00+00:00,1804.77,1807.93,1802.85,1803.99,4770.79,8613080.0198
1679267700000,2023-03-19T23:15:00+00:00,1803.99,1810.43,1800.49,1807.27,6750.94,12188638.2218
1679268600000,2023-03-19T23:30:00+00:00,1807.27,1808.06,1798.82,1799.29,12763.14,23018667.8966
1679269500000,2023-03-19T23:45:00+00:00,1799.29,1800.52,1773.62,1780.08,28532.16,50892327.7072
1679270400000,2023-03-20T00:00:00+00:00,1780.08,1785.14,1764.54,1779.53,29764.07,52790736.0609
1679271300000,2023-03-20T00:15:00+00:00,1779.53,1781.06,1775.28,1777.67,12108.79,21531549.2888
1679272200000,2023-03-20T00:30:00+00:00,1777.67,1784.05,1773.7,1773.7,11803.95,21001807.8707
1679273100000,2023-03-20T00:45:00+00:00,1773.7,1776.21,1769,1771.55,11246.41,19933760.2036
1679274000000,2023-03-20T01:00:00+00:00,1771.55,1777.53,1761.42,1776.56,13876.51,24579507.8722
1679274900000,2023-03-20T01:15:00+00:00,1776.56,1778.05,1773.59,1775.8,8752.99,15544182.4844
1679275800000,2023-03-20T01:30:00+00:00,1775.8,1778.51,1773.49,1777.42,8656.73,15374766.2612
1679276700000,2023-03-20T01:45:00+00:00,1777.42,1778.42,1770.39,1774.02,10239.25,18172099.1644
1679277600000,2023-03-20T02:00:00+00:00,1774.02,1778.99,1771.16,1778.45,9337.59,16583785.7982
1679278500000,2023-03-20T02:15:00+00:00,1778.45,1778.99,1772.76,1772.76,8408.29,14931918.6559
1679279400000,2023-03-20T02:30:00+00:00,1772.76,1774.05,1750,1754.81,23908.06,42109941.1155
1679280300000,2023-03-20T02:45:00+00:00,1754.81,1765.98,1752.48,1765.47,20626.78,36341877.629
1679281200000,2023-03-20T03:00:00+00:00,1765.47,1767.16,1761.73,1764.4,9437.89,16656232.265
1679282100000,2023-03-20T03:15:00+00:00,1764.4,1764.42,1745.22,1750.38,19456.2,34123576.6353
1679283000000,2023-03-20T03:30:00+00:00,1750.38,1753.56,1740.46,1750.68,13616.3,23796585.4014
1679283900000,2023-03-20T03:45:00+00:00,1750.68,1752.97,1743.33,1750.43,7234.25,12646501.7086
1679284800000,2023-03-20T04:00:00+00:00,1750.43,1751.09,1735.79,1750.47,15272.22,26657196.8309
1679285700000,2023-03-20T04:15:00+00:00,1750.47,1753.88,1749.35,1752.86,10158.86,17799395.1945
1679286600000,2023-03-20T04:30:00+00:00,1752.86,1753.75,1749,1749.23,9624.19,16854150.9
1679287500000,2023-03-20T04:45:00+00:00,1749.23,1753.27,1749.16,1750.9,8629.86,15111426.118
1679288400000,2023-03-20T05:00:00+00:00,1750.9,1756.65,1750.33,1755.78,8765.85,15366279.2091
1679289300000,2023-03-20T05:15:00+00:00,1755.78,1755.9,1751.87,1754.98,9214.95,16159991.3825
1679290200000,2023-03-20T05:30:00+00:00,1754.98,1755.22,1752.01,1752.99,5900.06,10347837.6222
1679291100000,2023-03-20T05:45:00+00:00,1752.99,1758.66,1751.55,1758.11,7215.18,12658538.5198
1679292000000,2023-03-20T06:00:00+00:00,1758.11,1762.36,1757.14,1761.56,7610.19,13396606.41
1679292900000,2023-03-20T06:15:00+00:00,1761.56,1761.88,1758.76,1759.42,7181.76,12643389.478
1679293800000,2023-03-20T06:30:00+00:00,1759.42,1759.99,1752.59,1752.69,10221.87,17953190.5737
1679294700000,2023-03-20T06:45:00+00:00,1752.69,1762.42,1752.33,1757.22,13531.57,23782141.7004
1679295600000,2023-03-20T07:00:00+00:00,1757.22,1771.44,1756.97,1769.62,16741.86,29550371.1691
1679296500000,2023-03-20T07:15:00+00:00,1769.62,1772.45,1765.12,1768.09,14416.73,25481776.8885
1679297400000,2023-03-20T07:30:00+00:00,1768.09,1785.59,1765.87,1784.31,18992.58,33732990.24
1679298300000,2023-03-20T07:45:00+00:00,1784.31,1793,1782.31,1791.11,23816.41,42572088.9887
1679299200000,2023-03-20T08:00:00+00:00,1791.11,1803.12,1784.45,1784.92,28138.76,50544162.9996
1679300100000,2023-03-20T08:15:00+00:00,1784.92,1789.51,1780.08,1787.32,18738.52,33440734.9765
1679301000000,2023-03-20T08:30:00+00:00,1787.32,1798.51,1782,1782.54,12655.22,22633408.5932
1679301900000,2023-03-20T08:45:00+00:00,1782.54,1790.37,1781.38,1788.21,8404.12,15003901.6257
1679302800000,2023-03-20T09:00:00+00:00,1788.21,1793.39,1777.39,1781.37,11921.22,21275667.6182
1679303700000,2023-03-20T09:15:00+00:00,1781.37,1784.09,1777.33,1782.26,8779.43,15639930.2909
1679304600000,2023-03-20T09:30:00+00:00,1782.26,1785.85,1770.24,1776.91,18374.19,32680417.2753
1679305500000,2023-03-20T09:45:00+00:00,1776.91,1780.99,1775.42,1779.41,14288.51,25414110.941
1679306400000,2023-03-20T10:00:00+00:00,1779.41,1782.7,1766.58,1775.82,20703.5,36792187.1963
1679307300000,2023-03-20T10:15:00+00:00,1775.82,1775.82,1769.76,1775.38,16369.08,29016018.4309
1679308200000,2023-03-20T10:30:00+00:00,1775.38,1780.43,1774.71,1777.12,14456.14,25705539.7507
1679309100000,2023-03-20T10:45:00+00:00,1777.12,1779,1771.58,1773.86,17152.69,30448718.6941
1679310000000,2023-03-20T11:00:00+00:00,1773.86,1779.32,1773.86,1776.61,14543.93,25836092.7757
1679310900000,2023-03-20T11:15:00+00:00,1776.61,1786.46,1776.41,1786.46,15593.96,27789194.9504
1679311800000,2023-03-20T11:30:00+00:00,1786.46,1786.75,1779.07,1780.4,7541.58,13444335.2115
1679312700000,2023-03-20T11:45:00+00:00,1780.4,1780.72,1770.03,1778.64,10069.88,17884525.3573
1679313600000,2023-03-20T12:00:00+00:00,1778.64,1779.01,1772.59,1774.28,6813.01,12096059.7475
1679314500000,2023-03-20T12:15:00+00:00,1774.28,1780.84,1772.13,1779.35,7819.99,13896806.0371
1679315400000,2023-03-20T12:30:00+00:00,1779.35,1781.63,1776.91,1777.71,10926.54,19443650.2455
1679316300000,2023-03-20T12:45:00+00:00,1777.71,1781.81,1776.73,1781.33,12600.07,22420065.5117
1679317200000,2023-03-20T13:00:00+00:00,1781.33,1781.33,1774.28,1774.88,13751.83,24433544.2002
1679318100000,2023-03-20T13:15:00+00:00,1774.88,1776.13,1772.12,1773.23,12689.31,22512619.648
1679319000000,2023-03-20T13:30:00+00:00,1773.23,1775.86,1751.85,1759.77,43765.65,77103693.0277
1679319900000,2023-03-20T13:45:00+00:00,1759.77,1762.01,1753.11,1758.95,29719.19,52251547.8074
1679320800000,2023-03-20T14:00:00+00:00,1758.95,1777,1758.59,1762.9,27714.95,48978807.5841
1679321700000,2023-03-20T14:15:00+00:00,1762.9,1769.12,1759.02,1767.83,19490.77,34388599.3404
1679322600000,2023-03-20T14:30:00+00:00,1767.83,1771.89,1763.33,1764.26,9112.11,16106189.1381
1679323500000,2023-03-20T14:45:00+00:00,1764.26,1773.93,1761.11,1772.8,9233.87,16321547.2993
1679324400000,2023-03-20T15:00:00+00:00,1772.8,1776,1763.01,1766.23,11873.87,21007453.2383
1679325300000,2023-03-20T15:15:00+00:00,1766.23,1771.34,1763.92,1770.9,8320.51,14707184.1413
1679326200000,2023-03-20T15:30:00+00:00,1770.9,1771.79,1763.37,1769.68,7232.98,12786829.2508
1679327100000,2023-03-20T15:45:00+00:00,1769.68,1771.49,1760.13,1762.22,9943.78,17569484.893
1679328000000,2023-03-20T16:00:00+00:00,1762.22,1768,1755.5,1758.19,15193,26776283.0828
1679328900000,2023-03-20T16:15:00+00:00,1758.19,1760.72,1748.77,1759.58,14926.89,26180843.65
1679329800000,2023-03-20T16:30:00+00:00,1759.58,1764.28,1754.63,1758.31,12290.92,21630305.1776
1679330700000,2023-03-20T16:45:00+00:00,1758.31,1760.76,1747.34,1752.15,15448.77,27115967.0931
1679331600000,2023-03-20T17:00:00+00:00,1752.15,1761.08,1745.77,1758.53,14424.57,25314690.6255
1679332500000,2023-03-20T17:15:00+00:00,1758.53,1762.94,1755.53,1757.14,8681.32,15267602.3505
1679333400000,2023-03-20T17:30:00+00:00,1757.14,1762,1752.51,1759.69,8298.26,14570197.421
1679334300000,2023-03-20T17:45:00+00:00,1759.69,1762.95,1746.25,1747.33,13900.12,24392849.1029
1679335200000,2023-03-20T18:00:00+00:00,1747.33,1754.64,1741.62,1752.93,15641.58,27345704.2053
1679336100000,2023-03-20T18:15:00+00:00,1752.93,1758,1749.75,1757.66,10141.49,17790115.7581
1679337000000,2023-03-20T18:30:00+00:00,1757.66,1762.52,1755.78,1761,11674.93,20537886.5727
1679337900000,2023-03-20T18:45:00+00:00,1761,1766.76,1760.45,1762.68,10871.49,19170519.0019
1679338800000,2023-03-20T19:00:00+00:00,1762.68,1763.25,1756.25,1756.68,11274.79,19837135.4063
1679339700000,2023-03-20T19:15:00+00:00,1756.68,1756.75,1741.03,1745.23,9951.03,17402010.2678
1679340600000,2023-03-20T19:30:00+00:00,1745.23,1752.79,1743.73,1752.55,12895.35,22543582.4936
1679341500000,2023-03-20T19:45:00+00:00,1752.55,1755.12,1750.39,1753.04,11042.06,19351347.6778
1679342400000,2023-03-20T20:00:00+00:00,1753.04,1757.11,1748.74,1756.28,10412.93,18249151.3133
1679343300000,2023-03-20T20:15:00+00:00,1756.28,1757.93,1754.37,1756.76,11776.94,20683165.423
1679344200000,2023-03-20T20:30:00+00:00,1756.76,1759.57,1752.68,1753.72,5525.87,9700538.1945
1679345100000,2023-03-20T20:45:00+00:00,1753.72,1758.63,1753.52,1756.99,6058.64,10643298.8747
1679346000000,2023-03-20T21:00:00+00:00,1756.99,1761.03,1756.7,1757.72,7811.7,13741418.7562
1679346900000,2023-03-20T21:15:00+00:00,1757.72,1758.26,1755.64,1756.12,6520.43,11455324.2727
1679347800000,2023-03-20T21:30:00+00:00,1756.12,1756.91,1749.2,1751.03,9169.41,16095415.3197
1679348700000,2023-03-20T21:45:00+00:00,1751.03,1755.37,1749.55,1752.81,13607.32,23840877.6757
1679349600000,2023-03-20T22:00:00+00:00,1752.81,1753.73,1746.44,1747.37,9846.02,17237522.302
1679350500000,2023-03-20T22:15:00+00:00,1747.37,1750,1746.11,1747.06,8511.5,14884923.802
1679351400000,2023-03-20T22:30:00+00:00,1747.06,1753.79,1745.71,1752.46,10325.27,18056717.5098
1679352300000,2023-03-20T22:45:00+00:00,1752.46,1752.68,1747.25,1748.06,9029.77,15788188.4585
1679353200000,2023-03-20T23:00:00+00:00,1748.06,1750.82,1734.77,1739.11,17432.17,30360925.7492
1679354100000,2023-03-20T23:15:00+00:00,1739.11,1739.35,1725.12,1732.11,26905.73,46542323.248
1679355000000,2023-03-20T23:30:00+00:00,1732.11,1735.82,1722.57,1723.35,16032.1,27741203.1686
1679355900000,2023-03-20T23:45:00+00:00,1723.35,1732,1722.24,1731.42,24203.44,41806506.3251
1679356800000,2023-03-21T00:00:00+00:00,1731.42,1733.33,1727.8,1733.28,15744.79,27259810.9504
1679357700000,2023-03-21T00:15:00+00:00,1733.28,1742.1,1731.17,1740.04,15113.74,26268751.984
1679358600000,2023-03-21T00:30:00+00:00,1740.04,1747.94,1739.36,1746.39,8280,14440615.6404
1679359500000,2023-03-21T00:45:00+00:00,1746.39,1756.27,1745.96,1747.38,13756.24,24087955.083
1679360400000,2023-03-21T01:00:00+00:00,1747.38,1749.6,1738.74,1741.39,8517.07,14862261.7568
1679361300000,2023-03-21T01:15:00+00:00,1741.39,1747.07,1740.31,1743.35,6373.25,11118958.3711
1679362200000,2023-03-21T01:30:00+00:00,1743.35,1754.18,1740.78,1752.2,13801.2,24117014.7443
1679363100000,2023-03-21T01:45:00+00:00,1752.2,1754.38,1750.68,1751.43,11254.65,19727010.8065
1679364000000,2023-03-21T02:00:00+00:00,1751.43,1752.85,1745.56,1747.16,13758.87,24076259.6905
1679364900000,2023-03-21T02:15:00+00:00,1747.16,1752.05,1746.63,1750.7,10098.41,17666043.5834
1679365800000,2023-03-21T02:30:00+00:00,1750.7,1753.07,1750.57,1751.99,6388.04,11192524.242
1679366700000,2023-03-21T02:45:00+00:00,1751.99,1751.99,1747.4,1748.78,5467.94,9567035.6253
1679367600000,2023-03-21T03:00:00+00:00,1748.78,1751.5,1748.48,1749.09,6610.51,11566843.6253
1679368500000,2023-03-21T03:15:00+00:00,1749.09,1749.3,1743.1,1743.92,6657.92,11621640.9096
1679369400000,2023-03-21T03:30:00+00:00,1743.92,1746.52,1743.47,1745.72,12363.39,21572541.4714
1679370300000,2023-03-21T03:45:00+00:00,1745.72,1745.98,1742.89,1745.98,8480.23,14794302.8205
1679371200000,2023-03-21T04:00:00+00:00,1745.98,1749.43,1745.23,1749.43,10621.91,18563634.0533
1679372100000,2023-03-21T04:15:00+00:00,1749.43,1753.57,1748.18,1749.43,10973.17,19201024.7139
1679373000000,2023-03-21T04:30:00+00:00,1749.43,1750.94,1746.8,1748.06,11569.38,20232037.5553
1679373900000,2023-03-21T04:45:00+00:00,1748.06,1750.77,1745.65,1749.28,9674.86,16917434.5015
1679374800000,2023-03-21T05:00:00+00:00,1749.28,1749.28,1740.49,1745.85,17786.26,31034794.8089
1679375700000,2023-03-21T05:15:00+00:00,1745.85,1746.11,1743,1744.02,11080.19,19330298.3894
1679376600000,2023-03-21T05:30:00+00:00,1744.02,1744.02,1736.11,1738.24,10928.85,19010887.477
1679377500000,2023-03-21T05:45:00+00:00,1738.24,1740.75,1735.62,1740.08,8543.47,14856145.2961
1679378400000,2023-03-21T06:00:00+00:00,1740.08,1740.48,1734.59,1738.16,8841.49,15363078.6233
1679379300000,2023-03-21T06:15:00+00:00,1738.16,1740.35,1736.74,1740,7268.77,12642001.0937
1679380200000,2023-03-21T06:30:00+00:00,1740,1745.29,1737.41,1743.13,13713.99,23891310.7608
1679381100000,2023-03-21T06:45:00+00:00,1743.13,1743.48,1737.79,1737.89,12275.95,21381143.2225
1679382000000,2023-03-21T07:00:00+00:00,1737.89,1739.57,1717.14,1720.66,26820.35,46347364.4267
1679382900000,2023-03-21T07:15:00+00:00,1720.66,1729.82,1718.56,1728.11,15498.13,26726041.8559
1679383800000,2023-03-21T07:30:00+00:00,1728.11,1730.17,1724.69,1729.02,8824.33,15248363.4147
1679384700000,2023-03-21T07:45:00+00:00,1729.02,1731.53,1728.34,1729.03,10742.36,18584729.4429
1679385600000,2023-03-21T08:00:00+00:00,1729.03,1732.75,1726.72,1729.59,10471.54,18118762.9373
1679386500000,2023-03-21T08:15:00+00:00,1729.59,1731.71,1723.77,1731.29,14938.88,25819080.8515
1679387400000,2023-03-21T08:30:00+00:00,1731.29,1738.97,1731.29,1733.96,12604.76,21867528.2941
1679388300000,2023-03-21T08:45:00+00:00,1733.96,1738.64,1732.63,1736.59,6160.44,10692644.0226
1679389200000,2023-03-21T09:00:00+00:00,1736.59,1738.63,1734.3,1735.96,7461.51,12955905.9903
1679390100000,2023-03-21T09:15:00+00:00,1735.96,1738.71,1734.09,1734.88,6113.01,10610330.6339
1679391000000,2023-03-21T09:30:00+00:00,1734.88,1751.88,1733.56,1749.16,17755.52,30938922.3469
1679391900000,2023-03-21T09:45:00+00:00,1749.16,1755.1,1741.47,1747.28,17494.91,30592244.1461
1679392800000,2023-03-21T10:00:00+00:00,1747.28,1751.07,1746.12,1750.88,10565.39,18469198.43
1679393700000,2023-03-21T10:15:00+00:00,1750.88,1766.66,1748.26,1757.55,23038.96,40497970.7187
1679394600000,2023-03-21T10:30:00+00:00,1757.55,1759.8,1755.42,1758.88,9892.79,17386615.6813
1679395500000,2023-03-21T10:45:00+00:00,1758.88,1759.5,1755.44,1756.68,8175.87,14364140.5402
1679396400000,2023-03-21T11:00:00+00:00,1756.68,1758.77,1752.5,1753.64,8640.23,15170582.6109
1679397300000,2023-03-21T11:15:00+00:00,1753.64,1757.2,1753.64,1757.06,7870.73,13818067.4746
1679398200000,2023-03-21T11:30:00+00:00,1757.06,1761.12,1753.76,1760.31,11184.51,19641415.1214
1679399100000,2023-03-21T11:45:00+00:00,1760.31,1762.82,1757.68,1760.31,10999.28,19363134.6463
1679400000000,2023-03-21T12:00:00+00:00,1760.31,1761.95,1758.25,1761.89,10411.82,18325439.8437
1679400900000,2023-03-21T12:15:00+00:00,1761.89,1767.96,1757.24,1762.19,16022.79,28238178.1643
1679401800000,2023-03-21T12:30:00+00:00,1762.19,1788.49,1762.19,1785.99,30529.89,54217271.8463
1679402700000,2023-03-21T12:45:00+00:00,1785.99,1808.49,1785.98,1804.79,50843.95,91475397.7037
1679403600000,2023-03-21T13:00:00+00:00,1804.79,1816.62,1803.58,1808.03,40772.14,73815900.8038
1679404500000,2023-03-21T13:15:00+00:00,1808.03,1820.09,1806,1814.47,24727.17,44804065.5439
1679405400000,2023-03-21T13:30:00+00:00,1814.47,1819.57,1804.62,1806.26,29425.01,53359299.8611
1679406300000,2023-03-21T13:45:00+00:00,1806.26,1819.66,1803.12,1819.38,20603.28,37344258.703
1679407200000,2023-03-21T14:00:00+00:00,1819.38,1836.12,1809.34,1810.63,53698.43,97936172.2734
1679408100000,2023-03-21T14:15:00+00:00,1810.63,1814.93,1798.06,1807.2,24947.25,45073975.7251
1679409000000,2023-03-21T14:30:00+00:00,1807.2,1815,1803.92,1813.47,22849.31,41338616.2984
1679409900000,2023-03-21T14:45:00+00:00,1813.47,1816.21,1803.54,1805.04,14235.13,25757920.5435
1679410800000,2023-03-21T15:00:00+00:00,1805.04,1810.41,1803.35,1809.83,14207.06,25682767.1746
1679411700000,2023-03-21T15:15:00+00:00,1809.83,1814.1,1807.26,1809.15,16308.1,29508633.363
1679412600000,2023-03-21T15:30:00+00:00,1809.15,1816.82,1809.15,1812.99,16138.49,29258779.3398
1679413500000,2023-03-21T15:45:00+00:00,1812.99,1818.72,1811.25,1812.48,16031.92,29093513.557
1679414400000,2023-03-21T16:00:00+00:00,1812.48,1819.27,1810.67,1814.13,16749.13,30385348.157
1679415300000,2023-03-21T16:15:00+00:00,1814.13,1819.79,1813.1,1816.38,12194.98,22158348.1314
1679416200000,2023-03-21T16:30:00+00:00,1816.38,1826.44,1808.16,1815.72,38203.33,69355304.1541
1679417100000,2023-03-21T16:45:00+00:00,1815.72,1817.8,1807.29,1811.87,20118.04,36474689.2141
1679418000000,2023-03-21T17:00:00+00:00,1811.87,1815.4,1795.34,1806.5,33847.57,61089201.9671
1679418900000,2023-03-21T17:15:00+00:00,1806.5,1809.17,1801.97,1803.83,12689.59,22913729.5344
1679419800000,2023-03-21T17:30:00+00:00,1803.83,1806,1789.69,1792.5,22193.44,39895518.5998
1679420700000,2023-03-21T17:45:00+00:00,1792.5,1794.88,1787.78,1790.1,16075.42,28807009.002
1679421600000,2023-03-21T18:00:00+00:00,1790.1,1791.78,1782.47,1785.66,18533.33,33141127.4078
1679422500000,2023-03-21T18:15:00+00:00,1785.66,1793.14,1774.21,1783.7,23190.26,41344705.3467
1679423400000,2023-03-21T18:30:00+00:00,1783.7,1789.78,1780.09,1785.23,17501.97,31236482.2936
1679424300000,2023-03-21T18:45:00+00:00,1785.23,1789.06,1776.12,1787.63,12696.89,22654805.0518
1679425200000,2023-03-21T19:00:00+00:00,1787.63,1794.43,1785.66,1790,18184.78,32537012.0093
1679426100000,2023-03-21T19:15:00+00:00,1790,1799.02,1787.52,1797.24,12979.45,23267146.9408
1679427000000,2023-03-21T19:30:00+00:00,1797.24,1798.85,1792.65,1798.65,9273.02,16649749.8249
1679427900000,2023-03-21T19:45:00+00:00,1798.65,1798.65,1789.43,1791.08,6478.38,11622534.0688
1679428800000,2023-03-21T20:00:00+00:00,1791.08,1792.97,1787.7,1790.53,8991.97,16103858.3707
1679429700000,2023-03-21T20:15:00+00:00,1790.53,1792.04,1789.2,1792.04,8518.5,15254953.7944
1679430600000,2023-03-21T20:30:00+00:00,1792.04,1803.78,1792.04,1798.68,12434.24,22374658.1274
1679431500000,2023-03-21T20:45:00+00:00,1798.68,1801.27,1793.15,1796.9,7048.76,12668077.2919
1679432400000,2023-03-21T21:00:00+00:00,1796.9,1799,1790.33,1790.67,7369.31,13225985.9069
1679433300000,2023-03-21T21:15:00+00:00,1790.67,1793.47,1787.76,1792.99,9959.73,17839535.7485
1679434200000,2023-03-21T21:30:00+00:00,1792.99,1793.89,1781.62,1789.26,14557.07,26024659.4319
1679435100000,2023-03-21T21:45:00+00:00,1789.26,1795.89,1789.26,1793.28,16072.11,28815504.0389
1679436000000,2023-03-21T22:00:00+00:00,1793.28,1796.26,1789.68,1793.52,10806.53,19379422.9768
1679436900000,2023-03-21T22:15:00+00:00,1793.52,1794.88,1789.79,1790.7,9721.81,17420172.3575
1679437800000,2023-03-21T22:30:00+00:00,1790.7,1791.77,1785.79,1785.79,10113.14,18089567.9074
1679438700000,2023-03-21T22:45:00+00:00,1785.79,1794.39,1785.11,1793.47,15367.68,27514661.8518
1679439600000,2023-03-21T23:00:00+00:00,1793.47,1795.13,1789.89,1793.4,11594.11,20785303.572
1679440500000,2023-03-21T23:15:00+00:00,1793.4,1799.54,1793.18,1798.37,11207.29,20133421.7451
1679441400000,2023-03-21T23:30:00+00:00,1798.37,1799,1795.7,1797.93,6450.34,11595568.0953
1679442300000,2023-03-21T23:45:00+00:00,1797.93,1805.47,1796.82,1800.97,9132.24,16452378.7087
1679443200000,2023-03-22T00:00:00+00:00,1800.97,1801.73,1798.99,1799.27,6824.61,12284452.1425
1679444100000,2023-03-22T00:15:00+00:00,1799.27,1800.08,1796.55,1796.55,6854,12323964.927
1679445000000,2023-03-22T00:30:00+00:00,1796.55,1796.55,1778.1,1782.82,18439.18,32925712.6655
1679445900000,2023-03-22T00:45:00+00:00,1782.82,1789.09,1781.23,1788.03,10612.53,18963039.3407
1679446800000,2023-03-22T01:00:00+00:00,1788.03,1790.98,1783.66,1787.04,14254.68,25487527.6067
1679447700000,2023-03-22T01:15:00+00:00,1787.04,1792.91,1784.26,1792.26,15218.4,27211072.8397
1679448600000,2023-03-22T01:30:00+00:00,1792.26,1793.34,1788.47,1792,8329.79,14914935.5531
1679449500000,2023-03-22T01:45:00+00:00,1792,1794.8,1789.96,1794.03,8793.48,15768096.8124
1679450400000,2023-03-22T02:00:00+00:00,1794.03,1799.33,1793.14,1797.76,9382.19,16845384.4065
1679451300000,2023-03-22T02:15:00+00:00,1797.76,1799.03,1794.67,1797.03,8279.81,14878179.7622
1679452200000,2023-03-22T02:30:00+00:00,1797.03,1797.54,1793.6,1794.68,8882.67,15945310.7316
1679453100000,2023-03-22T02:45:00+00:00,1794.68,1797.31,1793.81,1793.82,7589.12,13629813.8044
1679454000000,2023-03-22T03:00:00+00:00,1793.82,1803,1789.56,1803,9677.19,17377030.2103
1679454900000,2023-03-22T03:15:00+00:00,1803,1807.25,1801.52,1803.17,11552.21,20836811.6419
1679455800000,2023-03-22T03:30:00+00:00,1803.17,1803.18,1799.53,1800.6,9522.32,17152764.5696
1679456700000,2023-03-22T03:45:00+00:00,1800.6,1802.19,1799.28,1799.56,9665.25,17402551.975
1679457600000,2023-03-22T04:00:00+00:00,1799.56,1799.69,1796.74,1797.57,9517.78,17115193.9891
1679458500000,2023-03-22T04:15:00+00:00,1797.57,1800.7,1796.79,1797.17,10129.12,18214166.8824
1679459400000,2023-03-22T04:30:00+00:00,1797.17,1799.67,1795.94,1797.91,15917.29,28620672.4505
1679460300000,2023-03-22T04:45:00+00:00,1797.91,1801.08,1797.18,1800.89,13763.15,24761262.0981
1679461200000,2023-03-22T05:00:00+00:00,1800.89,1803.79,1800.47,1803.08,15009.4,27050275.4649
1679462100000,2023-03-22T05:15:00+00:00,1803.08,1807.56,1802.52,1805.5,13599.79,24546964.8374
1679463000000,2023-03-22T05:30:00+00:00,1805.5,1806.92,1801.4,1802.14,10601.92,19121374.606
1679463900000,2023-03-22T05:45:00+00:00,1802.14,1803.81,1801.8,1803.79,6935.86,12505326.4104
1679464800000,2023-03-22T06:00:00+00:00,1803.79,1803.8,1798.29,1800.32,8719.63,15699695.3796
1679465700000,2023-03-22T06:15:00+00:00,1800.32,1801.11,1797.59,1797.59,6725.67,12103619.1522
1679466600000,2023-03-22T06:30:00+00:00,1797.59,1800.43,1796.16,1796.75,7284.06,13097728.0353
1679467500000,2023-03-22T06:45:00+00:00,1796.75,1798.13,1796.1,1798.11,5807.3,10437359.9103
1679468400000,2023-03-22T07:00:00+00:00,1798.11,1798.39,1793.86,1795.18,8493.6,15257589.076
1679469300000,2023-03-22T07:15:00+00:00,1795.18,1796.15,1793.12,1794.79,7487.4,13439119.0202
1679470200000,2023-03-22T07:30:00+00:00,1794.79,1794.79,1787.01,1790,15231.88,27272639.9684
1679471100000,2023-03-22T07:45:00+00:00,1790,1793.99,1787.62,1792.24,10523.04,18853445.5771
1679472000000,2023-03-22T08:00:00+00:00,1792.24,1793.56,1788.6,1791.07,11970.21,21441787.3216
1679472900000,2023-03-22T08:15:00+00:00,1791.07,1791.95,1788.67,1791.28,9098.26,16288235.6027
1679473800000,2023-03-22T08:30:00+00:00,1791.28,1792.66,1787.16,1788.85,11302.81,20228014.4136
1679474700000,2023-03-22T08:45:00+00:00,1788.85,1789.99,1783,1785.64,12565.6,22453449.6524
1679475600000,2023-03-22T09:00:00+00:00,1785.64,1786.93,1783.24,1784.39,11053.81,19733613.3891
1679476500000,2023-03-22T09:15:00+00:00,1784.39,1789.04,1781.28,1788.7,12611.92,22522777.7552
1679477400000,2023-03-22T09:30:00+00:00,1788.7,1790.31,1787.1,1787.3,6182.19,11059770.245
1679478300000,2023-03-22T09:45:00+00:00,1787.3,1787.47,1780.64,1786.01,7705.54,13754018.6713
1679479200000,2023-03-22T10:00:00+00:00,1786.01,1790.28,1785.37,1788.74,7174.41,12831808.3273
1679480100000,2023-03-22T10:15:00+00:00,1788.74,1792.01,1787.22,1789.8,5833.83,10444760.5017
1679481000000,2023-03-22T10:30:00+00:00,1789.8,1793,1784.84,1787.53,10981.33,19644637.5805
1679481900000,2023-03-22T10:45:00+00:00,1787.53,1792.07,1786.57,1790.02,8804.26,15749716.1431
1679482800000,2023-03-22T11:00:00+00:00,1790.02,1793.05,1789.32,1789.52,9816.84,17578720.3689
1679483700000,2023-03-22T11:15:00+00:00,1789.52,1790.26,1788.77,1789.23,8161.39,14604413.8564
1679484600000,2023-03-22T11:30:00+00:00,1789.23,1789.23,1784.26,1784.41,6644.7,11876396.9402
1679485500000,2023-03-22T11:45:00+00:00,1784.41,1787.16,1782.79,1785.61,6255.16,11164473.2354
1679486400000,2023-03-22T12:00:00+00:00,1785.61,1793.35,1782.92,1791.54,8359.79,14949494.9954
1679487300000,2023-03-22T12:15:00+00:00,1791.54,1800.63,1789.52,1795.81,12747.32,22886393.0506
1679488200000,2023-03-22T12:30:00+00:00,1795.81,1800,1794.01,1794.96,12818.19,23039844.8381
1679489100000,2023-03-22T12:45:00+00:00,1794.96,1797.62,1793.39,1795.17,9093.24,16329147.8841
1679490000000,2023-03-22T13:00:00+00:00,1795.17,1796.93,1791.79,1795.63,10942.99,19632464.9583
1679490900000,2023-03-22T13:15:00+00:00,1795.63,1802.73,1795.45,1800.87,10741.6,19321177.6327
1679491800000,2023-03-22T13:30:00+00:00,1800.87,1805,1798,1798.81,10041.58,18089101.701
1679492700000,2023-03-22T13:45:00+00:00,1798.81,1801.59,1794.83,1797.4,5255.58,9451179.9532
1679493600000,2023-03-22T14:00:00+00:00,1797.4,1801.38,1796.6,1799.69,5407.44,9726740.528
1679494500000,2023-03-22T14:15:00+00:00,1799.69,1802.5,1798.46,1802.19,6050.3,10890879.4592
1679495400000,2023-03-22T14:30:00+00:00,1802.19,1806.38,1798.08,1804.03,11285.31,20335079.1421
1679496300000,2023-03-22T14:45:00+00:00,1804.03,1817.77,1795.33,1800.99,28349.11,51218520.3389
1679497200000,2023-03-22T15:00:00+00:00,1800.99,1815.88,1800.83,1811.52,12472.58,22570107.971
1679498100000,2023-03-22T15:15:00+00:00,1811.52,1819.01,1811.52,1812.82,12264.14,22267123.8832
1679499000000,2023-03-22T15:30:00+00:00,1812.82,1815.62,1805.79,1809.59,13108.54,23738388.323
1679499900000,2023-03-22T15:45:00+00:00,1809.59,1809.65,1798.23,1805.7,14581.96,26308189.2246
1679500800000,2023-03-22T16:00:00+00:00,1805.7,1809.14,1796.7,1798.19,13702.07,24713296.8689
1679501700000,2023-03-22T16:15:00+00:00,1798.19,1803.91,1795,1803.74,14015.04,25233015.6088
1679502600000,2023-03-22T16:30:00+00:00,1803.74,1805.21,1800.56,1804.31,5918.3,10671420.884
1679503500000,2023-03-22T16:45:00+00:00,1804.31,1805.13,1800.45,1802.59,4826.05,8701252.5023
1679504400000,2023-03-22T17:00:00+00:00,1802.59,1802.65,1792.04,1793.73,6759.48,12150239.8319
1679505300000,2023-03-22T17:15:00+00:00,1793.73,1794.95,1777.65,1783.86,20828.99,37172965.3932
1679506200000,2023-03-22T17:30:00+00:00,1783.86,1787.26,1776.67,1779.13,13693.04,24398019.8197
1679507100000,2023-03-22T17:45:00+00:00,1779.13,1788.64,1775.6,1786.69,12929.35,23050086.7693
1679508000000,2023-03-22T18:00:00+00:00,1786.69,1809.73,1763.2,1780.51,196759.13,352030982.6978
1679508900000,2023-03-22T18:15:00+00:00,1780.51,1791.37,1779,1785.73,17644.79,31484561.6198
1679509800000,2023-03-22T18:30:00+00:00,1785.73,1791.43,1749.12,1779.35,99940.88,176372163.7229
1679510700000,2023-03-22T18:45:00+00:00,1779.35,1796.72,1766.69,1770.85,40793.32,72752348.5084
1679511600000,2023-03-22T19:00:00+00:00,1770.85,1770.85,1728.6,1744.84,81050.01,141403699.0851
1679512500000,2023-03-22T19:15:00+00:00,1744.84,1755.96,1740.85,1751.92,22283.7,38966916.6903
1679513400000,2023-03-22T19:30:00+00:00,1751.92,1751.92,1728.36,1729.44,30089.46,52303494.8069
1679514300000,2023-03-22T19:45:00+00:00,1729.44,1732,1709.04,1715.94,60468.24,103992598.042
1679515200000,2023-03-22T20:00:00+00:00,1715.94,1725.5,1709,1717.57,20396.02,35049026.3886
1679516100000,2023-03-22T20:15:00+00:00,1717.57,1728.47,1715.54,1720.48,16089.23,27702548.8013
1679517000000,2023-03-22T20:30:00+00:00,1720.48,1724.94,1716.57,1722.5,7130.45,12273376.3513
1679517900000,2023-03-22T20:45:00+00:00,1722.5,1734.18,1722.5,1730.8,10420.5,18019652.8928
1679518800000,2023-03-22T21:00:00+00:00,1730.8,1736.97,1725.33,1736.89,9227.49,15979224.3727
1679519700000,2023-03-22T21:15:00+00:00,1736.89,1736.89,1727.22,1729.76,7366.35,12757826.5543
1679520600000,2023-03-22T21:30:00+00:00,1729.76,1730.73,1717.05,1718.65,13784,23746177.2544
1679521500000,2023-03-22T21:45:00+00:00,1718.65,1724.47,1716.9,1718.28,18678.17,32134744.0103
1679522400000,2023-03-22T22:00:00+00:00,1718.28,1724.21,1716.76,1720.09,9982.48,17173689.769
1679523300000,2023-03-22T22:15:00+00:00,1720.09,1722.76,1717.18,1721.14,10260.35,17653784.9402
1679524200000,2023-03-22T22:30:00+00:00,1721.14,1722,1712.54,1719.59,7877.48,13539366.3961
1679525100000,2023-03-22T22:45:00+00:00,1719.59,1727,1717.01,1725.95,7901.84,13613507.9541
1679526000000,2023-03-22T23:00:00+00:00,1725.95,1732,1724.47,1729.63,9321.27,16110149.2882
1679526900000,2023-03-22T23:15:00+00:00,1729.63,1735.36,1729.12,1733.37,7247.07,12546664.4518
1679527800000,2023-03-22T23:30:00+00:00,1733.37,1734.94,1730.06,1732.72,8461.82,14662376.1753
1679528700000,2023-03-22T23:45:00+00:00,1732.72,1734.55,1731.41,1733.34,7339.23,12721628.0524
1679529600000,2023-03-23T00:00:00+00:00,1733.34,1734.8,1729.08,1734.8,10423.61,18053106.3448
1679530500000,2023-03-23T00:15:00+00:00,1734.8,1742.86,1734.75,1739.8,13822.88,24040844.6098
1679531400000,2023-03-23T00:30:00+00:00,1739.8,1743.77,1738.68,1740.04,8630.45,15027692.6226
1679532300000,2023-03-23T00:45:00+00:00,1740.04,1740.04,1734.51,1735.98,7808.07,13560821.1596
1679533200000,2023-03-23T01:00:00+00:00,1735.98,1736.33,1731.65,1733.17,7090.65,12296008.4308
1679534100000,2023-03-23T01:15:00+00:00,1733.17,1734.9,1730.48,1732.75,6378.65,11053889.858
1679535000000,2023-03-23T01:30:00+00:00,1732.75,1734.73,1731.98,1732.59,11849.16,20537665.66
1679535900000,2023-03-23T01:45:00+00:00,1732.59,1733.26,1728.66,1730.01,13529.9,23419731.6041
1679536800000,2023-03-23T02:00:00+00:00,1730.01,1733.82,1728.55,1733.78,12903.75,22342264.4373
1679537700000,2023-03-23T02:15:00+00:00,1733.78,1734.56,1732.9,1734.39,10277.12,17819050.7207
1679538600000,2023-03-23T02:30:00+00:00,1734.39,1737.25,1734,1735.16,9594.57,16656753.6963
1679539500000,2023-03-23T02:45:00+00:00,1735.16,1738.43,1735.01,1737.19,10823.54,18801265.8078
1679540400000,2023-03-23T03:00:00+00:00,1737.19,1741.21,1737.05,1738.15,9622.35,16729177.1126
1679541300000,2023-03-23T03:15:00+00:00,1738.15,1738.15,1735.8,1735.8,9299.47,16152769.3847
1679542200000,2023-03-23T03:30:00+00:00,1735.8,1738.64,1735.38,1736.92,6653.44,11558288.2879
1679543100000,2023-03-23T03:45:00+00:00,1736.92,1738.91,1735.31,1735.7,6868.69,11933590.2991
1679544000000,2023-03-23T04:00:00+00:00,1735.7,1737.29,1735.26,1737.29,6626.67,11505079.4906
1679544900000,2023-03-23T04:15:00+00:00,1737.29,1737.54,1735.24,1736.91,6825.2,11848601.3229
1679545800000,2023-03-23T04:30:00+00:00,1736.91,1738.19,1734.5,1735.08,10802.81,18763173.5996
1679546700000,2023-03-23T04:45:00+00:00,1735.08,1737.1,1729.2,1730.84,10383.8,18006803.5834
1679547600000,2023-03-23T05:00:00+00:00,1730.84,1733.68,1729.53,1732.72,10598.62,18359096.529
1679548500000,2023-03-23T05:15:00+00:00,1732.72,1737.05,1732.72,1736.79,11393.95,19768052.0542
1679549400000,2023-03-23T05:30:00+00:00,1736.79,1747.96,1736.36,1744.12,9665.12,16845936.5096
1679550300000,2023-03-23T05:45:00+00:00,1744.12,1750.47,1742.37,1747.91,8259.45,14426024.5073
1679551200000,2023-03-23T06:00:00+00:00,1747.91,1751.35,1744.64,1748.99,7282.68,12733062.6263
1679552100000,2023-03-23T06:15:00+00:00,1748.99,1752.33,1747.58,1749.15,5475.5,9582348.2458
1679553000000,2023-03-23T06:30:00+00:00,1749.15,1751.13,1748.22,1749.88,10090.3,17656067.9049
1679553900000,2023-03-23T06:45:00+00:00,1749.88,1750.3,1748,1749.4,8809.35,15410152.1314
1679554800000,2023-03-23T07:00:00+00:00,1749.4,1750,1745.44,1746.59,13375.78,23384834.7891
1679555700000,2023-03-23T07:15:00+00:00,1746.59,1747.46,1743.75,1745.91,9968.24,17403750.3854
1679556600000,2023-03-23T07:30:00+00:00,1745.91,1748.65,1745.52,1748.34,12998.27,22711167.9485
1679557500000,2023-03-23T07:45:00+00:00,1748.34,1750,1746.56,1749.66,11024.51,19270359.0074
1679558400000,2023-03-23T08:00:00+00:00,1749.66,1755.7,1749.66,1750.58,13523.52,23692577.1286
1679559300000,2023-03-23T08:15:00+00:00,1750.58,1752,1748.48,1749.38,12032.18,21051544.1574
1679560200000,2023-03-23T08:30:00+00:00,1749.38,1750.78,1747.12,1750.78,6704.86,11725487.2313
1679561100000,2023-03-23T08:45:00+00:00,1750.78,1751.98,1749.25,1749.98,6924.13,12121666.5785
1679562000000,2023-03-23T09:00:00+00:00,1749.98,1750.65,1748.46,1749.52,7703.87,13478756.144
1679562900000,2023-03-23T09:15:00+00:00,1749.52,1751.14,1747.8,1750.45,7897.89,13822182.5039
1679563800000,2023-03-23T09:30:00+00:00,1750.45,1751.49,1749.24,1751.17,8592.25,15038056.4135
1679564700000,2023-03-23T09:45:00+00:00,1751.17,1754.93,1749.32,1753.96,11218.6,19657925.8087
1679565600000,2023-03-23T10:00:00+00:00,1753.96,1757.98,1753.04,1753.12,9381.84,16461056.0086
1679566500000,2023-03-23T10:15:00+00:00,1753.12,1753.51,1749.85,1750.88,9937.32,17404022.075
1679567400000,2023-03-23T10:30:00+00:00,1750.88,1753.47,1750.26,1751.38,7029.49,12312825.4751
1679568300000,2023-03-23T10:45:00+00:00,1751.38,1752.02,1749.2,1749.9,6601.76,11557836.7444
1679569200000,2023-03-23T11:00:00+00:00,1749.9,1750.09,1745.59,1746.22,10385.96,18152713.6957
1679570100000,2023-03-23T11:15:00+00:00,1746.22,1748,1744.17,1746.54,8319.74,14530989.4521
1679571000000,2023-03-23T11:30:00+00:00,1746.54,1749,1745.86,1748.99,8002.2,13984318.9433
1679571900000,2023-03-23T11:45:00+00:00,1748.99,1756.3,1748.99,1753.85,9555.99,16740900.1968
1679572800000,2023-03-23T12:00:00+00:00,1753.85,1756.73,1751.52,1755.62,8305.5,14570625.4167
1679573700000,2023-03-23T12:15:00+00:00,1755.62,1756.35,1751.71,1752.16,8136.68,14272720.708
1679574600000,2023-03-23T12:30:00+00:00,1752.16,1755,1749.31,1749.94,7502.7,13147158.7902
1679575500000,2023-03-23T12:45:00+00:00,1749.94,1753.56,1749.78,1750.38,7080.67,12400502.3072
1679576400000,2023-03-23T13:00:00+00:00,1750.38,1751.29,1747.51,1749.08,8516.44,14898097.3896
1679577300000,2023-03-23T13:15:00+00:00,1749.08,1749.21,1743.53,1745.44,8436.43,14731051.9287
1679578200000,2023-03-23T13:30:00+00:00,1745.44,1752.36,1740.99,1745.6,22769.47,39782660.6639
1679579100000,2023-03-23T13:45:00+00:00,1745.6,1749.34,1742.17,1746.94,12467.4,21760015.9417
1679580000000,2023-03-23T14:00:00+00:00,1746.94,1750.44,1743.79,1750.21,12991.63,22695934.4588
1679580900000,2023-03-23T14:15:00+00:00,1750.21,1751.74,1746.09,1748.27,12517.13,21881295.3575
1679581800000,2023-03-23T14:30:00+00:00,1748.27,1751.4,1746.33,1751.24,4957.76,8669611.7399
1679582700000,2023-03-23T14:45:00+00:00,1751.24,1805.73,1750.75,1804.49,63705.82,113196553.9975
1679583600000,2023-03-23T15:00:00+00:00,1804.49,1834.71,1802.29,1830.59,98275.21,178859223.5993
1679584500000,2023-03-23T15:15:00+00:00,1830.59,1857.93,1830.53,1832.57,79339.76,146337458.8475
1679585400000,2023-03-23T15:30:00+00:00,1832.57,1847.93,1832.57,1836.07,27235.13,50116730.3257
1679586300000,2023-03-23T15:45:00+00:00,1836.07,1843.91,1836.07,1837.76,28251.49,51986061.4052
1679587200000,2023-03-23T16:00:00+00:00,1837.76,1841.53,1825.16,1828.84,18526.86,33994143.3965
1679588100000,2023-03-23T16:15:00+00:00,1828.84,1835.33,1823.16,1826.87,17096.22,31250766.3789
1679589000000,2023-03-23T16:30:00+00:00,1826.87,1829.55,1822.34,1825.38,12802.02,23375823.3667
1679589900000,2023-03-23T16:45:00+00:00,1825.38,1830.7,1823.97,1828.58,11062.39,20211649.7012
1679590800000,2023-03-23T17:00:00+00:00,1828.58,1832.21,1817.7,1823.88,14880.41,27181005.3403
1679591700000,2023-03-23T17:15:00+00:00,1823.88,1826.79,1815.41,1818.5,14157.51,25784607.7161
1679592600000,2023-03-23T17:30:00+00:00,1818.5,1829.76,1818.28,1828.58,13976.07,25489662.2168
1679593500000,2023-03-23T17:45:00+00:00,1828.58,1830.65,1822.73,1825.7,12820.12,23418173.4139
1679594400000,2023-03-23T18:00:00+00:00,1825.7,1829.51,1823.45,1828.14,11104.45,20275947.122
1679595300000,2023-03-23T18:15:00+00:00,1828.14,1828.85,1817.68,1819.85,16488.46,30077784.7004
1679596200000,2023-03-23T18:30:00+00:00,1819.85,1821.59,1812.27,1813.4,10168.26,18478266.5189
1679597100000,2023-03-23T18:45:00+00:00,1813.4,1817.37,1793.06,1801.9,27477.28,49572536.6961
1679598000000,2023-03-23T19:00:00+00:00,1801.9,1808.75,1793.19,1802.07,17449.8,31410938.9761
1679598900000,2023-03-23T19:15:00+00:00,1802.07,1804.32,1793.59,1800.63,10195.13,18346052.1161
1679599800000,2023-03-23T19:30:00+00:00,1800.63,1809.71,1798.62,1809.53,13959.61,25182392.7204
1679600700000,2023-03-23T19:45:00+00:00,1809.53,1823.07,1808.05,1820.32,16250,29514509.4507
1679601600000,2023-03-23T20:00:00+00:00,1820.32,1820.32,1808.32,1810.93,13615.39,24699801.4567
1679602500000,2023-03-23T20:15:00+00:00,1810.93,1812.55,1805.55,1810.08,10831.32,19599327.5667
1679603400000,2023-03-23T20:30:00+00:00,1810.08,1816.08,1807.88,1814.37,9141.75,16570869.1174
1679604300000,2023-03-23T20:45:00+00:00,1814.37,1815.96,1809.56,1815.59,9086.69,16467521.9402
1679605200000,2023-03-23T21:00:00+00:00,1815.59,1815.59,1810.64,1813.78,8239.22,14937023.572
1679606100000,2023-03-23T21:15:00+00:00,1813.78,1813.79,1803.96,1810.86,16498.27,29839267.7326
1679607000000,2023-03-23T21:30:00+00:00,1810.86,1812.49,1807.73,1811.83,9468.4,17141007.8045
1679607900000,2023-03-23T21:45:00+00:00,1811.83,1815.26,1809.94,1814.02,12268.99,22243774.7381
1679608800000,2023-03-23T22:00:00+00:00,1814.02,1814.6,1810.32,1811.86,6932.45,12563987.6064
1679609700000,2023-03-23T22:15:00+00:00,1811.86,1814.94,1803.31,1806.66,9767.37,17674683.8406
1679610600000,2023-03-23T22:30:00+00:00,1806.66,1810.12,1805.48,1809.96,9852.87,17809594.4238
1679611500000,2023-03-23T22:45:00+00:00,1809.96,1810.16,1804.72,1808.61,13291.48,24025285.434
1679612400000,2023-03-23T23:00:00+00:00,1808.61,1814.5,1807.22,1813.6,12963.57,23475438.4432
1679613300000,2023-03-23T23:15:00+00:00,1813.6,1820.76,1812.17,1816.11,11495.85,20881089.0807
1679614200000,2023-03-23T23:30:00+00:00,1816.11,1818.84,1814.24,1815.38,5940.32,10793747.8088
1679615100000,2023-03-23T23:45:00+00:00,1815.38,1815.78,1812.7,1813.38,6306.78,11441523.7809
1679616000000,2023-03-24T00:00:00+00:00,1813.38,1815.52,1812.45,1813.95,5085.13,9226247.5586
1679616900000,2023-03-24T00:15:00+00:00,1813.95,1818.09,1813.67,1814.83,5835.03,10599004.2882
1679617800000,2023-03-24T00:30:00+00:00,1814.83,1817.8,1814.06,1815.76,12444.39,22592965.3348
1679618700000,2023-03-24T00:45:00+00:00,1815.76,1816.05,1808.93,1809.86,12498.64,22655139.9993
1679619600000,2023-03-24T01:00:00+00:00,1809.86,1811.26,1806.3,1810.08,11888.89,21508280.0225
1679620500000,2023-03-24T01:15:00+00:00,1810.08,1814.03,1810.07,1813.79,11320.83,20512829.4809
1679621400000,2023-03-24T01:30:00+00:00,1813.79,1817.64,1812.25,1816.77,7319.84,13280559.404
1679622300000,2023-03-24T01:45:00+00:00,1816.77,1817.49,1814.31,1814.46,7695.82,13971943.6873
1679623200000,2023-03-24T02:00:00+00:00,1814.46,1817.7,1814.37,1816.94,7880.29,14314102.7597
1679624100000,2023-03-24T02:15:00+00:00,1816.94,1816.98,1815.3,1816.31,5802.2,10539606.0213
1679625000000,2023-03-24T02:30:00+00:00,1816.31,1817.4,1812.3,1813.69,4644.77,8428245.8702
1679625900000,2023-03-24T02:45:00+00:00,1813.69,1814.41,1808.59,1809.33,5896.41,10682308.9131
1679626800000,2023-03-24T03:00:00+00:00,1809.33,1810.71,1808.84,1809.78,4284.64,7754185.7474
1679627700000,2023-03-24T03:15:00+00:00,1809.78,1811.82,1808.72,1811.15,4012.83,7264376.594
1679628600000,2023-03-24T03:30:00+00:00,1811.15,1812.73,1809.5,1811.56,8616.8,15604913.7517
1679629500000,2023-03-24T03:45:00+00:00,1811.56,1812.37,1810.96,1811.77,8978.21,16265670.8763
1679630400000,2023-03-24T04:00:00+00:00,1811.77,1814.3,1811.41,1812.64,9779.94,17730556.4896
1679631300000,2023-03-24T04:15:00+00:00,1812.64,1813.43,1811.46,1811.46,7866.37,14257201.2141
1679632200000,2023-03-24T04:30:00+00:00,1811.46,1811.46,1805.96,1807.18,7674.18,13878783.7608
1679633100000,2023-03-24T04:45:00+00:00,1807.18,1809.2,1802.64,1803.67,16748.56,30230675.5448
1679634000000,2023-03-24T05:00:00+00:00,1803.67,1807.8,1803.31,1807.43,7718.89,13939532.9833
1679634900000,2023-03-24T05:15:00+00:00,1807.43,1809.18,1807.42,1808.85,6067.8,10972323.7868
1679635800000,2023-03-24T05:30:00+00:00,1808.85,1812.03,1808.68,1808.95,10945,19805229.4166
1679636700000,2023-03-24T05:45:00+00:00,1808.95,1811.01,1808.56,1810.39,9848.1,17823766.222
1679637600000,2023-03-24T06:00:00+00:00,1810.39,1811.82,1809.89,1811.81,11031.5,19976386.2977
1679638500000,2023-03-24T06:15:00+00:00,1811.81,1813.84,1809.65,1813.37,9602.42,17391957.6484
1679639400000,2023-03-24T06:30:00+00:00,1813.37,1813.37,1810.93,1811.53,12710.13,23028436.2798
1679640300000,2023-03-24T06:45:00+00:00,1811.53,1812.84,1811.04,1812.28,9524.69,17259653.7169
1679641200000,2023-03-24T07:00:00+00:00,1812.28,1815.81,1811.41,1812.19,13458.18,24393619.7457
1679642100000,2023-03-24T07:15:00+00:00,1812.19,1814,1808.44,1811.11,13634.56,24706930.0167
1679643000000,2023-03-24T07:30:00+00:00,1811.11,1812.57,1811.06,1812.36,11096.32,20106587.7791
1679643900000,2023-03-24T07:45:00+00:00,1812.36,1817.36,1812.35,1814.86,11700.32,21237160.851
1679644800000,2023-03-24T08:00:00+00:00,1814.86,1816.11,1802.5,1806.25,16013.47,28969924.7846
1679645700000,2023-03-24T08:15:00+00:00,1806.25,1809.17,1804.33,1805.8,12353.33,22316355.5452
1679646600000,2023-03-24T08:30:00+00:00,1805.8,1807.21,1796.07,1801.56,11454.43,20647041.3157
1679647500000,2023-03-24T08:45:00+00:00,1801.56,1801.56,1786.49,1793.61,20295.69,36403307.2465
1679648400000,2023-03-24T09:00:00+00:00,1793.61,1796.78,1790.31,1790.54,8837.7,15850728.4023
1679649300000,2023-03-24T09:15:00+00:00,1790.54,1798.79,1790.5,1797.8,7206.48,12934458.0225
1679650200000,2023-03-24T09:30:00+00:00,1797.8,1798.69,1787.88,1791.71,18271.78,32777283.9372
1679651100000,2023-03-24T09:45:00+00:00,1791.71,1792,1781.28,1785.88,14204.02,25366172.9689
1679652000000,2023-03-24T10:00:00+00:00,1785.88,1787.45,1776,1781.48,17114.4,30487518.5146
1679652900000,2023-03-24T10:15:00+00:00,1781.48,1786.56,1779.67,1782.31,11911.76,21245767.8262
1679653800000,2023-03-24T10:30:00+00:00,1782.31,1786.32,1781.2,1785.87,7855.36,14012799.0618
1679654700000,2023-03-24T10:45:00+00:00,1785.87,1787.5,1783.89,1786.44,10524.8,18794904.2064
1679655600000,2023-03-24T11:00:00+00:00,1786.44,1786.57,1781.91,1786.57,10130.09,18079559.9911
1679656500000,2023-03-24T11:15:00+00:00,1786.57,1788.5,1783.92,1788.11,10148.23,18130901.0435
1679657400000,2023-03-24T11:30:00+00:00,1788.11,1788.2,1785.33,1785.67,5403.09,9658296.5765
1679658300000,2023-03-24T11:45:00+00:00,1785.67,1785.67,1723.91,1745.15,67597.43,118108006.1603
1679659200000,2023-03-24T12:00:00+00:00,1745.15,1764.37,1741.34,1759.89,18173.81,31865466.6652
1679660100000,2023-03-24T12:15:00+00:00,1759.89,1783.63,1758.95,1771.56,26990.14,47850628.84
1679661000000,2023-03-24T12:30:00+00:00,1771.56,1776.67,1761.07,1773.66,16617.45,29386175.6652
1679661900000,2023-03-24T12:45:00+00:00,1773.66,1775.45,1768.75,1770.66,12689.7,22489901.9011
1679662800000,2023-03-24T13:00:00+00:00,1770.66,1772.14,1765.48,1766.43,11630.92,20577175.6971
1679663700000,2023-03-24T13:15:00+00:00,1766.43,1771.3,1759.83,1770.07,14987.83,26460550.979
1679664600000,2023-03-24T13:30:00+00:00,1770.07,1770.6,1753.55,1760,13431.8,23696532.5922
1679665500000,2023-03-24T13:45:00+00:00,1760,1767.58,1746.22,1765.76,20449.01,35941373.6522
1679666400000,2023-03-24T14:00:00+00:00,1765.76,1779.56,1754.55,1776.51,17014.77,30004958.884
1679667300000,2023-03-24T14:15:00+00:00,1776.51,1776.69,1765.64,1772.62,13346.02,23644265.4845
1679668200000,2023-03-24T14:30:00+00:00,1772.62,1781.56,1763.06,1765.57,16115.71,28555643.6395
1679669100000,2023-03-24T14:45:00+00:00,1765.57,1768.34,1761.95,1762.08,11450.58,20213017.4399
1679670000000,2023-03-24T15:00:00+00:00,1762.08,1763.93,1752.11,1755.34,16000.28,28114312.1434
1679670900000,2023-03-24T15:15:00+00:00,1755.34,1763.68,1754.63,1763.02,13809.62,24304985.8676
1679671800000,2023-03-24T15:30:00+00:00,1763.02,1764.4,1757.4,1760.49,9124.79,16075266.0165
1679672700000,2023-03-24T15:45:00+00:00,1760.49,1770,1760.21,1765.48,11454.33,20228312.3975
1679673600000,2023-03-24T16:00:00+00:00,1765.48,1768.67,1761.15,1765.56,10753.67,18970939.9473
1679674500000,2023-03-24T16:15:00+00:00,1765.56,1767.2,1762.74,1765.01,8369.98,14778316.2381
1679675400000,2023-03-24T16:30:00+00:00,1765.01,1766.05,1759.06,1763.84,7982.26,14067323.702
1679676300000,2023-03-24T16:45:00+00:00,1763.84,1766.19,1761.7,1761.7,5598.33,9879282.382
1679677200000,2023-03-24T17:00:00+00:00,1761.7,1763.52,1754.96,1757.2,7772.9,13671459.8123
1679678100000,2023-03-24T17:15:00+00:00,1757.2,1759.68,1733.34,1741.72,34374.29,59923898.3882
1679679000000,2023-03-24T17:30:00+00:00,1741.72,1746.47,1730.53,1735,16777.17,29163433.6803
1679679900000,2023-03-24T17:45:00+00:00,1735,1739.42,1724.74,1735.88,16670.93,28866622.5173
1679680800000,2023-03-24T18:00:00+00:00,1735.88,1741.86,1735.08,1739,12837.2,22317444.1801
1679681700000,2023-03-24T18:15:00+00:00,1739,1742.62,1737.38,1742.61,9588.46,16678153.0027
1679682600000,2023-03-24T18:30:00+00:00,1742.61,1747.62,1737.83,1745.9,16750.8,29188243.5108
1679683500000,2023-03-24T18:45:00+00:00,1745.9,1765.55,1743.98,1754.64,19764.57,34650377.9171
1679684400000,2023-03-24T19:00:00+00:00,1754.64,1757.81,1751,1756.39,10586.69,18577381.9149
1679685300000,2023-03-24T19:15:00+00:00,1756.39,1764.81,1756.09,1761.88,10167.08,17904016.9569
1679686200000,2023-03-24T19:30:00+00:00,1761.88,1765.82,1760.29,1761.67,9537.11,16813163.1283
1679687100000,2023-03-24T19:45:00+00:00,1761.67,1762.62,1758.44,1762.37,7895.67,13904293.5209
1679688000000,2023-03-24T20:00:00+00:00,1762.37,1762.82,1754.94,1757.91,11043.21,19418483.8703
1679688900000,2023-03-24T20:15:00+00:00,1757.91,1760.55,1750.49,1752.15,9410.04,16539629.9256
1679689800000,2023-03-24T20:30:00+00:00,1752.15,1754.55,1738.81,1742,15692.69,27417005.5194
1679690700000,2023-03-24T20:45:00+00:00,1742,1751.17,1739.66,1747.11,12212.57,21327366.7703
1679691600000,2023-03-24T21:00:00+00:00,1747.11,1749.14,1733.33,1741.06,12962.13,22575739.6339
1679692500000,2023-03-24T21:15:00+00:00,1741.06,1742.5,1727.59,1731.73,16938.81,29376967.6819
1679693400000,2023-03-24T21:30:00+00:00,1731.73,1743.5,1728.36,1740.73,18278.55,31713460.7203
1679694300000,2023-03-24T21:45:00+00:00,1740.73,1745.88,1740.64,1743.79,14863.32,25908430.4499
1679695200000,2023-03-24T22:00:00+00:00,1743.79,1747.61,1740.24,1745.82,10769.62,18782049.6773
1679696100000,2023-03-24T22:15:00+00:00,1745.82,1747.65,1742.76,1747.65,10604.14,18507756.8703
1679697000000,2023-03-24T22:30:00+00:00,1747.65,1747.67,1743.42,1743.42,7136.82,12456776.8621
1679697900000,2023-03-24T22:45:00+00:00,1743.42,1745.54,1741.22,1741.91,7949.68,13856708.426
1679698800000,2023-03-24T23:00:00+00:00,1741.91,1745.91,1740.68,1745.91,8686.55,15147392.8437
1679699700000,2023-03-24T23:15:00+00:00,1745.91,1752.69,1743.92,1749.37,8222.49,14377536.3323
1679700600000,2023-03-24T23:30:00+00:00,1749.37,1750.27,1744.85,1747.27,5760.47,10067302.2457
1679701500000,2023-03-24T23:45:00+00:00,1747.27,1749.09,1745.08,1748.19,5044.89,8813233.3715
1679702400000,2023-03-25T00:00:00+00:00,1748.19,1750.09,1745.2,1750.07,5640.31,9859825.1499
1679703300000,2023-03-25T00:15:00+00:00,1750.07,1752.79,1748.26,1752.79,4617.21,8082621.1369
1679704200000,2023-03-25T00:30:00+00:00,1752.79,1757.15,1751.87,1755.47,9257.54,16245492.2828
1679705100000,2023-03-25T00:45:00+00:00,1755.47,1755.86,1753.57,1754.82,9494.67,16659939.2445
1679706000000,2023-03-25T01:00:00+00:00,1754.82,1755.64,1753.24,1753.43,9814.92,17217108.0285
1679706900000,2023-03-25T01:15:00+00:00,1753.43,1753.84,1749,1752.96,8779.69,15378857.2057
1679707800000,2023-03-25T01:30:00+00:00,1752.96,1753.35,1747.58,1749.71,6458.55,11309873.8093
1679708700000,2023-03-25T01:45:00+00:00,1749.71,1752.36,1749.24,1752.23,5855.81,10256066.8145
1679709600000,2023-03-25T02:00:00+00:00,1752.23,1755.35,1751.57,1755.35,6679.82,11709278.0671
1679710500000,2023-03-25T02:15:00+00:00,1755.35,1761.39,1754.58,1759.68,9161.17,16094188.5415
1679711400000,2023-03-25T02:30:00+00:00,1759.68,1760.63,1756.37,1756.62,10148.4,17843617.2121
1679712300000,2023-03-25T02:45:00+00:00,1756.62,1758.12,1756.38,1757.35,10687.15,18778944.3664
1679713200000,2023-03-25T03:00:00+00:00,1757.35,1757.75,1755.49,1756.12,8564.54,15045615.6411
1679714100000,2023-03-25T03:15:00+00:00,1756.12,1757.75,1755.1,1755.52,10053.04,17653390.6517
1679715000000,2023-03-25T03:30:00+00:00,1755.52,1756.47,1753.29,1754.73,10245.65,17981188.6538
1679715900000,2023-03-25T03:45:00+00:00,1754.73,1755.34,1752.73,1754.75,9485.03,16638499.0713
1679716800000,2023-03-25T04:00:00+00:00,1754.75,1755.49,1752.6,1753.3,9275.72,16272202.7252
1679717700000,2023-03-25T04:15:00+00:00,1753.3,1757.25,1753.3,1756.92,10303.6,18077305.1001
1679718600000,2023-03-25T04:30:00+00:00,1756.92,1756.92,1753.15,1754.77,11970.57,21007327.9084
1679719500000,2023-03-25T04:45:00+00:00,1754.77,1754.77,1748.34,1752.02,11443.44,20039340.2645
1679720400000,2023-03-25T05:00:00+00:00,1752.02,1752.61,1750.68,1752.55,12609.85,22088501.9956
1679721300000,2023-03-25T05:15:00+00:00,1752.55,1753,1751.12,1751.57,10053.31,17615289.235
1679722200000,2023-03-25T05:30:00+00:00,1751.57,1751.61,1745.08,1745.56,18598.53,32526730.7084
1679723100000,2023-03-25T05:45:00+00:00,1745.56,1747.14,1740.57,1743.17,14973.16,26103987.1008
1679724000000,2023-03-25T06:00:00+00:00,1743.17,1746.37,1740.69,1745.78,11087.6,19342521.7756
1679724900000,2023-03-25T06:15:00+00:00,1745.78,1746.73,1743.19,1746.47,10269.08,17916962.8072
1679725800000,2023-03-25T06:30:00+00:00,1746.47,1749.98,1746.39,1749.75,5820.07,10174679.1772
1679726700000,2023-03-25T06:45:00+00:00,1749.75,1750.57,1747.14,1747.57,5285.08,9239732.7606
1679727600000,2023-03-25T07:00:00+00:00,1747.57,1748.69,1746.22,1748.69,5667.75,9905290.6022
1679728500000,2023-03-25T07:15:00+00:00,1748.69,1751.41,1748.19,1750.05,5651.75,9887914.0234
1679729400000,2023-03-25T07:30:00+00:00,1750.05,1751,1748.14,1750.06,9920.7,17358453.6016
1679730300000,2023-03-25T07:45:00+00:00,1750.06,1750.65,1745.85,1745.86,10504.01,18358729.6736
1679731200000,2023-03-25T08:00:00+00:00,1745.86,1748.98,1744.04,1747.06,11793.14,20599345.4226
1679732100000,2023-03-25T08:15:00+00:00,1747.06,1748.03,1741.62,1742.44,10047.32,17529854.2997
1679733000000,2023-03-25T08:30:00+00:00,1742.44,1744,1735,1740.57,10204.94,17762886.2844
1679733900000,2023-03-25T08:45:00+00:00,1740.57,1744.66,1738.95,1742.22,10056.41,17517041.2028
1679734800000,2023-03-25T09:00:00+00:00,1742.22,1743.35,1739.31,1739.4,9588.25,16700515.903
1679735700000,2023-03-25T09:15:00+00:00,1739.4,1742.75,1739.4,1742.54,7320.62,12748375.5882
1679736600000,2023-03-25T09:30:00+00:00,1742.54,1744.5,1740.86,1744.04,8584.88,14958772.9575
1679737500000,2023-03-25T09:45:00+00:00,1744.04,1749.29,1743.64,1746.93,9993.9,17450091.8204
1679738400000,2023-03-25T10:00:00+00:00,1746.93,1748.27,1745.69,1745.69,9763.55,17053685.5676
1679739300000,2023-03-25T10:15:00+00:00,1745.69,1745.69,1741,1741,7745.49,13504868.9935
1679740200000,2023-03-25T10:30:00+00:00,1741,1748.44,1740.68,1747.91,10107.31,17628463.2738
1679741100000,2023-03-25T10:45:00+00:00,1747.91,1749,1745.62,1745.62,7763.48,13565451.3652
1679742000000,2023-03-25T11:00:00+00:00,1745.62,1747.13,1743.86,1744.67,8950.3,15625517.6978
1679742900000,2023-03-25T11:15:00+00:00,1744.67,1746.78,1744.26,1746.02,8731.76,15240589.0313
1679743800000,2023-03-25T11:30:00+00:00,1746.02,1748.94,1742.8,1743.37,9112.11,15917072.0359
1679744700000,2023-03-25T11:45:00+00:00,1743.37,1744.66,1742.14,1744,7707.49,13436729.872
1679745600000,2023-03-25T12:00:00+00:00,1744,1744.98,1740.81,1744.63,9485.82,16536077.8155
1679746500000,2023-03-25T12:15:00+00:00,1744.63,1745.32,1740.37,1740.5,8964.16,15624355.3276
1679747400000,2023-03-25T12:30:00+00:00,1740.5,1743.2,1737.62,1743.2,9850.76,17151081.4523
1679748300000,2023-03-25T12:45:00+00:00,1743.2,1743.97,1740.92,1743.97,9105.32,15866456.8567
1679749200000,2023-03-25T13:00:00+00:00,1743.97,1744,1739.34,1742.15,9455.37,16468731.9342
1679750100000,2023-03-25T13:15:00+00:00,1742.15,1744.61,1739.72,1744.13,9447.16,16458646.2168
1679751000000,2023-03-25T13:30:00+00:00,1744.13,1755.69,1744.13,1751.04,13037.17,22819840.4054
1679751900000,2023-03-25T13:45:00+00:00,1751.04,1757.46,1747.7,1752.71,9128.66,15997206.6942
1679752800000,2023-03-25T14:00:00+00:00,1752.71,1756.12,1748.72,1750.6,7262.08,12730753.0933
1679753700000,2023-03-25T14:15:00+00:00,1750.6,1752.8,1748.66,1752.8,4778.5,8366918.959
1679754600000,2023-03-25T14:30:00+00:00,1752.8,1753.43,1749.43,1749.98,8005.67,14017947.2838
1679755500000,2023-03-25T14:45:00+00:00,1749.98,1751.74,1746.65,1747.07,8399,14695210.5625
1679756400000,2023-03-25T15:00:00+00:00,1747.07,1749.59,1743.42,1746.11,9499.46,16596746.8278
1679757300000,2023-03-25T15:15:00+00:00,1746.11,1748.9,1744.42,1747.71,7889.52,13776531.3183
1679758200000,2023-03-25T15:30:00+00:00,1747.71,1752.49,1746.19,1751.84,12422.69,21742474.5067
1679759100000,2023-03-25T15:45:00+00:00,1751.84,1762,1750.39,1753.55,18812.39,33043248.0291
1679760000000,2023-03-25T16:00:00+00:00,1753.55,1755.15,1752.63,1753.43,11540.57,20241528.1203
1679760900000,2023-03-25T16:15:00+00:00,1753.43,1755.05,1751.39,1755.04,9837.3,17243477.0592
1679761800000,2023-03-25T16:30:00+00:00,1755.04,1756.45,1752.73,1753.99,10871.4,19071708.4008
1679762700000,2023-03-25T16:45:00+00:00,1753.99,1754.37,1751.29,1751.94,8835.27,15483352.9174
1679763600000,2023-03-25T17:00:00+00:00,1751.94,1753.12,1751.27,1753.02,8360.64,14650156.371
1679764500000,2023-03-25T17:15:00+00:00,1753.02,1753.02,1741.33,1743.42,15081.31,26345164.6303
1679765400000,2023-03-25T17:30:00+00:00,1743.42,1745.74,1739.61,1744.82,10818.46,18853756.6758
1679766300000,2023-03-25T17:45:00+00:00,1744.82,1746.29,1742.85,1743.05,9277.11,16180165.7922
1679767200000,2023-03-25T18:00:00+00:00,1743.05,1744.55,1741.86,1743.89,9065.66,15804741.8176
1679768100000,2023-03-25T18:15:00+00:00,1743.89,1744.98,1742.69,1743.34,8739.83,15239469.3689
1679769000000,2023-03-25T18:30:00+00:00,1743.34,1743.59,1736.12,1743.28,11258.19,19600100.299
1679769900000,2023-03-25T18:45:00+00:00,1743.28,1743.44,1736.9,1737.45,7149.64,12451376.5795
1679770800000,2023-03-25T19:00:00+00:00,1737.45,1737.54,1720.05,1723.26,24785.66,42784663.2641
1679771700000,2023-03-25T19:15:00+00:00,1723.26,1730.26,1723.01,1724.25,11978.43,20686185.4666
1679772600000,2023-03-25T19:30:00+00:00,1724.25,1728.89,1718.47,1726.47,9041.96,15596100.4028
1679773500000,2023-03-25T19:45:00+00:00,1726.47,1726.64,1714.23,1716.01,17276.31,29684210.7327
1679774400000,2023-03-25T20:00:00+00:00,1716.01,1721.35,1712.49,1720.52,11194.79,19237305.1321
1679775300000,2023-03-25T20:15:00+00:00,1720.52,1724.66,1720.52,1724.43,8817,15192459.014
1679776200000,2023-03-25T20:30:00+00:00,1724.43,1731.97,1723.06,1730.69,9271.42,16006174.7058
1679777100000,2023-03-25T20:45:00+00:00,1730.69,1734.02,1728.39,1729.12,12292.54,21272122.5929
1679778000000,2023-03-25T21:00:00+00:00,1729.12,1735.63,1728.56,1733.52,8976.28,15551470.5518
1679778900000,2023-03-25T21:15:00+00:00,1733.52,1734.94,1732.01,1733.75,8578.28,14873483.4536
1679779800000,2023-03-25T21:30:00+00:00,1733.75,1735.68,1729.12,1729.12,9346.58,16189888.0496
1679780700000,2023-03-25T21:45:00+00:00,1729.12,1732.3,1726.99,1731.42,10465.59,18107642.2106
1679781600000,2023-03-25T22:00:00+00:00,1731.42,1742.34,1729.91,1741.03,6735.15,11690790.8105
1679782500000,2023-03-25T22:15:00+00:00,1741.03,1742.15,1737.29,1737.73,6902.97,12002781.2875
1679783400000,2023-03-25T22:30:00+00:00,1737.73,1738,1735.7,1738,4985.07,8657515.8876
1679784300000,2023-03-25T22:45:00+00:00,1738,1739.73,1735.79,1736.74,8997.59,15627351.1531
1679785200000,2023-03-25T23:00:00+00:00,1736.74,1737.09,1734.52,1737.05,7382.2,12815846.4399
1679786100000,2023-03-25T23:15:00+00:00,1737.05,1738.82,1735.66,1737.13,7107.69,12348298.7051
1679787000000,2023-03-25T23:30:00+00:00,1737.13,1741.18,1736.92,1741.14,8449.8,14696180.3511
1679787900000,2023-03-25T23:45:00+00:00,1741.14,1741.21,1740.12,1740.9,9930.44,17284202.0902
1679788800000,2023-03-26T00:00:00+00:00,1740.9,1744.33,1740.08,1740.54,11661.83,20312390.4255
1679789700000,2023-03-26T00:15:00+00:00,1740.54,1741.22,1737.91,1739.59,10036.12,17459157.3397
1679790600000,2023-03-26T00:30:00+00:00,1739.59,1750.56,1739.33,1748.44,12560.74,21924555.5941
1679791500000,2023-03-26T00:45:00+00:00,1748.44,1755.57,1748.44,1749.56,13810.74,24201107.4537
1679792400000,2023-03-26T01:00:00+00:00,1749.56,1750.92,1747.09,1747.29,11804.08,20642412.19
1679793300000,2023-03-26T01:15:00+00:00,1747.29,1750.37,1746.7,1748.54,9198.74,16084170.5835
1679794200000,2023-03-26T01:30:00+00:00,1748.54,1754,1748.54,1751.41,4178.48,7316126.5526
1679795100000,2023-03-26T01:45:00+00:00,1751.41,1752.14,1748.39,1750,4384.55,7673337.3992
1679796000000,2023-03-26T02:00:00+00:00,1750,1751.62,1749.05,1749.06,4890,8558370.3628
1679796900000,2023-03-26T02:15:00+00:00,1749.06,1751.24,1749.06,1750.23,3289.01,5756019.4344
1679797800000,2023-03-26T02:30:00+00:00,1750.23,1751.69,1749.24,1749.31,3529.42,6179251.5746
1679798700000,2023-03-26T02:45:00+00:00,1749.31,1752.87,1749.31,1751.21,4637.32,8121500.8278
1679799600000,2023-03-26T03:00:00+00:00,1751.21,1752.37,1749.88,1751.95,4707.33,8243030.098
1679800500000,2023-03-26T03:15:00+00:00,1751.95,1753.46,1749.24,1749.32,4909.56,8596372.6459
1679801400000,2023-03-26T03:30:00+00:00,1749.32,1750,1746.49,1749.92,5526.65,9664295.7689
1679802300000,2023-03-26T03:45:00+00:00,1749.92,1750.6,1747.24,1748.07,3750.77,6558594.4078
1679803200000,2023-03-26T04:00:00+00:00,1748.07,1748.7,1745.93,1747.07,4501.53,7864849.0826
1679804100000,2023-03-26T04:15:00+00:00,1747.07,1748.04,1746.43,1746.99,5120.87,8946818.5042
1679805000000,2023-03-26T04:30:00+00:00,1746.99,1747,1745.17,1745.68,6136.96,10716057.8014
1679805900000,2023-03-26T04:45:00+00:00,1745.68,1747.63,1744.77,1747.61,5918.86,10335434.279
1679806800000,2023-03-26T05:00:00+00:00,1747.61,1748.58,1745.87,1748.46,4239.98,7408423.0023
1679807700000,2023-03-26T05:15:00+00:00,1748.46,1748.46,1745,1745.61,6198.03,10823712.1286
1679808600000,2023-03-26T05:30:00+00:00,1745.61,1749.59,1745.6,1749.59,8326.48,14547792.2359
1679809500000,2023-03-26T05:45:00+00:00,1749.59,1752.83,1749.39,1751.63,10861.75,19025046.611
1679810400000,2023-03-26T06:00:00+00:00,1751.63,1754.05,1749.86,1752,9732.33,17048183.5565
1679811300000,2023-03-26T06:15:00+00:00,1752,1752.49,1749.11,1749.98,8465.37,14819655.0146
1679812200000,2023-03-26T06:30:00+00:00,1749.98,1751.16,1748.9,1749.21,5836.96,10214770.281
1679813100000,2023-03-26T06:45:00+00:00,1749.21,1751.06,1748.92,1750.09,6439.37,11269901.5388
1679814000000,2023-03-26T07:00:00+00:00,1750.09,1752.74,1749.41,1751.62,6933.93,12141467.6303
1679814900000,2023-03-26T07:15:00+00:00,1751.62,1753.83,1750.89,1752.36,6972.19,12215523.0724
1679815800000,2023-03-26T07:30:00+00:00,1752.36,1752.8,1750.35,1750.97,7562.6,13243208.8175
1679816700000,2023-03-26T07:45:00+00:00,1750.97,1751.29,1750.06,1751.06,7296.15,12773344.3099
1679817600000,2023-03-26T08:00:00+00:00,1751.06,1751.63,1750.07,1750.99,6951.51,12172080.6081
1679818500000,2023-03-26T08:15:00+00:00,1750.99,1751.76,1749.71,1750.93,5700.91,9981251.9116
1679819400000,2023-03-26T08:30:00+00:00,1750.93,1785.06,1748.27,1776.44,60416.59,107023925.5184
1679820300000,2023-03-26T08:45:00+00:00,1776.44,1787.87,1772.75,1774.45,30665.96,54556242.9491
1679821200000,2023-03-26T09:00:00+00:00,1774.45,1779.61,1772.9,1778.7,16021.05,28452152.1479
1679822100000,2023-03-26T09:15:00+00:00,1778.7,1782.1,1775.55,1776.97,15467.26,27498807.517
1679823000000,2023-03-26T09:30:00+00:00,1776.97,1776.97,1770.9,1772.22,9227.31,16366240.2577
1679823900000,2023-03-26T09:45:00+00:00,1772.22,1774.8,1772,1774.78,5754.58,10203774.0407
1679824800000,2023-03-26T10:00:00+00:00,1774.78,1775,1771.33,1772.45,6568.41,11645950.1911
1679825700000,2023-03-26T10:15:00+00:00,1772.45,1772.85,1768.53,1769.01,8572.36,15172850.7725
1679826600000,2023-03-26T10:30:00+00:00,1769.01,1769.91,1766.18,1769.52,15000.65,26528746.8443
1679827500000,2023-03-26T10:45:00+00:00,1769.52,1772.68,1769.52,1771.41,12755.39,22597089.835
1679828400000,2023-03-26T11:00:00+00:00,1771.41,1772.75,1769.71,1772.74,9434.3,16708620.3719
1679829300000,2023-03-26T11:15:00+00:00,1772.74,1773.48,1768.43,1769.07,13415.1,23769111.0764
1679830200000,2023-03-26T11:30:00+00:00,1769.07,1772.22,1767.25,1772.22,10713.58,18950582.434
1679831100000,2023-03-26T11:45:00+00:00,1772.22,1782.47,1770.76,1777.62,13918.56,24694718.7826
1679832000000,2023-03-26T12:00:00+00:00,1777.62,1781.93,1773.73,1773.78,14759.31,26236774.6777
1679832900000,2023-03-26T12:15:00+00:00,1773.78,1775.68,1770.75,1772.39,11320.8,20076320.7198
1679833800000,2023-03-26T12:30:00+00:00,1772.39,1775.85,1772.17,1773.81,11184.85,19841803.5724
1679834700000,2023-03-26T12:45:00+00:00,1773.81,1777.43,1773.01,1775.41,8409.64,14925263.4706
1679835600000,2023-03-26T13:00:00+00:00,1775.41,1776.97,1773.07,1773.93,12152.28,21562531.1043
1679836500000,2023-03-26T13:15:00+00:00,1773.93,1776.66,1773.14,1774.53,7823.89,13886961.475
1679837400000,2023-03-26T13:30:00+00:00,1774.53,1800.54,1774.46,1788.69,32017.15,57265811.1902
1679838300000,2023-03-26T13:45:00+00:00,1788.69,1798,1786.66,1795.93,15769.87,28259185.0699
1679839200000,2023-03-26T14:00:00+00:00,1795.93,1796.61,1786.93,1788.67,16591.97,29718945.2921
1679840100000,2023-03-26T14:15:00+00:00,1788.67,1789.15,1780.7,1781.21,13892.52,24787078.8123
1679841000000,2023-03-26T14:30:00+00:00,1781.21,1782.35,1764.23,1769.82,32195.39,57067542.9446
1679841900000,2023-03-26T14:45:00+00:00,1769.82,1773,1752.29,1762.99,40669,71642505.1658
1679842800000,2023-03-26T15:00:00+00:00,1762.99,1768.62,1759.55,1766.45,12171.16,21479754.9574
1679843700000,2023-03-26T15:15:00+00:00,1766.45,1768.25,1762.74,1767.09,9342.36,16499123.6289
1679844600000,2023-03-26T15:30:00+00:00,1767.09,1768.7,1761.91,1762.11,6904.14,12185813.7288
1679845500000,2023-03-26T15:45:00+00:00,1762.11,1766.57,1760,1762.77,6319.55,11138250.7562
1679846400000,2023-03-26T16:00:00+00:00,1762.77,1767,1761.34,1763.29,5716.16,10082704.9479
1679847300000,2023-03-26T16:15:00+00:00,1763.29,1763.29,1759.91,1761.85,6798.34,11979047.2653
1679848200000,2023-03-26T16:30:00+00:00,1761.85,1764,1761.62,1761.97,7512.75,13241783.3555
1679849100000,2023-03-26T16:45:00+00:00,1761.97,1763.07,1754.03,1755.84,12392.64,21809004.886
1679850000000,2023-03-26T17:00:00+00:00,1755.84,1761.92,1754.68,1761.35,11356.86,19974536.8031
1679850900000,2023-03-26T17:15:00+00:00,1761.35,1763.83,1760.47,1762.91,9622.13,16956557.9558
1679851800000,2023-03-26T17:30:00+00:00,1762.91,1767.31,1762.91,1766,7059.27,12463066.8964
1679852700000,2023-03-26T17:45:00+00:00,1766,1766.69,1764.38,1765.74,6611.38,11672910.8066
1679853600000,2023-03-26T18:00:00+00:00,1765.74,1770.81,1764.31,1767.77,8272.91,14624107.4125
1679854500000,2023-03-26T18:15:00+00:00,1767.77,1768.29,1764.52,1765.43,6510.8,11498706.1436
1679855400000,2023-03-26T18:30:00+00:00,1765.43,1765.53,1763.05,1765.45,6210.2,10956677.413
1679856300000,2023-03-26T18:45:00+00:00,1765.45,1766.51,1763.31,1765.01,4980.55,8787994.3989
1679857200000,2023-03-26T19:00:00+00:00,1765.01,1766.32,1763.18,1765.96,3531.48,6233134.0931
1679858100000,2023-03-26T19:15:00+00:00,1765.96,1768.58,1763.72,1763.86,4415,7795690.5002
1679859000000,2023-03-26T19:30:00+00:00,1763.86,1765.06,1763.63,1764.59,10946.82,19314022.9266
1679859900000,2023-03-26T19:45:00+00:00,1764.59,1766.9,1764.24,1765.05,12613.3,22271490.7699
1679860800000,2023-03-26T20:00:00+00:00,1765.05,1768.27,1763.58,1767.32,9809.62,17324853.6417
1679861700000,2023-03-26T20:15:00+00:00,1767.32,1768.7,1764.88,1764.98,8512.6,15038190.9823
1679862600000,2023-03-26T20:30:00+00:00,1764.98,1765,1755.52,1758.95,11507.84,20247161.5511
1679863500000,2023-03-26T20:45:00+00:00,1758.95,1759.42,1753.85,1759.26,9308.16,16350863.8292
1679864400000,2023-03-26T21:00:00+00:00,1759.26,1759.29,1757.59,1758.38,9731.68,17109884.922
1679865300000,2023-03-26T21:15:00+00:00,1758.38,1761.07,1756.57,1759.33,10753.39,18909333.875
1679866200000,2023-03-26T21:30:00+00:00,1759.33,1760.33,1757.55,1758.15,9197.33,16174275.2688
1679867100000,2023-03-26T21:45:00+00:00,1758.15,1763.53,1757.86,1763.14,9831.67,17301486.8197
1679868000000,2023-03-26T22:00:00+00:00,1763.14,1772.28,1760.14,1771.89,7510.35,13256356.4785
1679868900000,2023-03-26T22:15:00+00:00,1771.89,1778.66,1768.01,1773.36,10503.59,18623058.2984
1679869800000,2023-03-26T22:30:00+00:00,1773.36,1773.56,1768.58,1773.16,10519.78,18635282.0408
1679870700000,2023-03-26T22:45:00+00:00,1773.16,1776.11,1771.81,1774.92,9622.87,17066152.8028
1679871600000,2023-03-26T23:00:00+00:00,1774.92,1779.65,1773.52,1776.1,9248.39,16430975.421
1679872500000,2023-03-26T23:15:00+00:00,1776.1,1781.38,1775,1776.77,9363.36,16642308.1285
1679873400000,2023-03-26T23:30:00+00:00,1776.77,1780.39,1776.14,1776.6,8298.68,14752793.8856
1679874300000,2023-03-26T23:45:00+00:00,1776.6,1777.1,1771.67,1772.81,7959.15,14115171.5673
1679875200000,2023-03-27T00:00:00+00:00,1772.81,1773.9,1770.9,1772.28,7624.48,13514543.7206
1679876100000,2023-03-27T00:15:00+00:00,1772.28,1778.62,1771.96,1777.31,6935.21,12305351.0562
1679877000000,2023-03-27T00:30:00+00:00,1777.31,1778.42,1772.71,1775.93,6273.87,11141015.462
1679877900000,2023-03-27T00:45:00+00:00,1775.93,1779.57,1774.46,1777.61,6487.39,11530759.0457
1679878800000,2023-03-27T01:00:00+00:00,1777.61,1778.99,1771.71,1772.95,6613.55,11741722.8282
1679879700000,2023-03-27T01:15:00+00:00,1772.95,1772.95,1764.16,1769.21,8504.52,15030573.1217
1679880600000,2023-03-27T01:30:00+00:00,1769.21,1769.21,1763.19,1766.98,7329.62,12942090.7358
1679881500000,2023-03-27T01:45:00+00:00,1766.98,1766.98,1762.1,1762.28,6323.92,11154542.533
1679882400000,2023-03-27T02:00:00+00:00,1762.28,1763.35,1758,1763,9790.84,17241885.7376
1679883300000,2023-03-27T02:15:00+00:00,1763,1764.56,1761.87,1762.81,7542.28,13300787.6428
1679884200000,2023-03-27T02:30:00+00:00,1762.81,1764,1760.39,1763.22,7543.03,13293886.8735
1679885100000,2023-03-27T02:45:00+00:00,1763.22,1764.56,1762.02,1764.22,7308.23,12886858.8369
1679886000000,2023-03-27T03:00:00+00:00,1764.22,1765.58,1763.6,1764.8,6210.58,10958552.0238
1679886900000,2023-03-27T03:15:00+00:00,1764.8,1764.98,1762,1762.01,8389.83,14794396.3972
1679887800000,2023-03-27T03:30:00+00:00,1762.01,1765.81,1761.36,1764.48,7328.93,12927908.95
1679888700000,2023-03-27T03:45:00+00:00,1764.48,1766.32,1764.13,1764.13,7473.73,13191088.1607
1679889600000,2023-03-27T04:00:00+00:00,1764.13,1766.26,1762.64,1766.26,6728.74,11873937.0766
1679890500000,2023-03-27T04:15:00+00:00,1766.26,1766.56,1764.24,1766.41,6842.94,12082139.8954
1679891400000,2023-03-27T04:30:00+00:00,1766.41,1766.41,1763.53,1763.53,5060.76,8932224.9397
1679892300000,2023-03-27T04:45:00+00:00,1763.53,1764.95,1763.05,1763.05,4159.21,7338120.1831
1679893200000,2023-03-27T05:00:00+00:00,1763.05,1764.12,1758.7,1759.21,4310.01,7596076.0004
1679894100000,2023-03-27T05:15:00+00:00,1759.21,1760.63,1756.68,1760,6828.83,12013474.6256
1679895000000,2023-03-27T05:30:00+00:00,1760,1760.61,1759,1759.66,5432.72,9560297.2229
1679895900000,2023-03-27T05:45:00+00:00,1759.66,1761.54,1745.67,1749.28,18286.11,32039620.9322
1679896800000,2023-03-27T06:00:00+00:00,1749.28,1751.87,1745.29,1751.63,11731.13,20518023.158
1679897700000,2023-03-27T06:15:00+00:00,1751.63,1753.15,1750.06,1753.11,8221.21,14400768.8049
1679898600000,2023-03-27T06:30:00+00:00,1753.11,1753.72,1751.5,1751.5,5482.2,9607829.8471
1679899500000,2023-03-27T06:45:00+00:00,1751.5,1753.11,1749.34,1752.32,7238.22,12678066.4618
1679900400000,2023-03-27T07:00:00+00:00,1752.32,1753.58,1751.56,1753.26,4554.05,7981031.5016
1679901300000,2023-03-27T07:15:00+00:00,1753.26,1754.55,1750,1751.18,6033.25,10573070.8768
1679902200000,2023-03-27T07:30:00+00:00,1751.18,1753.33,1749.07,1752.57,7628.02,13359422.2876
1679903100000,2023-03-27T07:45:00+00:00,1752.57,1752.73,1747.97,1751.01,7988.76,13985168.8895
1679904000000,2023-03-27T08:00:00+00:00,1751.01,1752.54,1748.47,1750.52,7000.54,12256041.0226
1679904900000,2023-03-27T08:15:00+00:00,1750.52,1751.82,1748.7,1751.67,7973.33,13957865.6308
1679905800000,2023-03-27T08:30:00+00:00,1751.67,1753.41,1750.23,1752.83,6032.21,10571981.1831
1679906700000,2023-03-27T08:45:00+00:00,1752.83,1757.9,1752.73,1755.42,9095.81,15965638.8082
1679907600000,2023-03-27T09:00:00+00:00,1755.42,1755.73,1753.6,1753.76,7473.76,13113894.4661
1679908500000,2023-03-27T09:15:00+00:00,1753.76,1764.15,1753.44,1759.85,13991.71,24625974.4374
1679909400000,2023-03-27T09:30:00+00:00,1759.85,1762.11,1758.79,1761.18,10332.11,18188377.5064
1679910300000,2023-03-27T09:45:00+00:00,1761.18,1763.99,1761,1762.49,12116.42,21352490.6292
1679911200000,2023-03-27T10:00:00+00:00,1762.49,1763.85,1761.02,1761.32,9840.09,17340264.8259
1679912100000,2023-03-27T10:15:00+00:00,1761.32,1762.32,1759.93,1759.93,8798.4,15495860.4798
1679913000000,2023-03-27T10:30:00+00:00,1759.93,1765.64,1759.15,1762.15,13550.41,23881003.257
1679913900000,2023-03-27T10:45:00+00:00,1762.15,1765.86,1761.59,1764.17,10586.1,18671436.516
1679914800000,2023-03-27T11:00:00+00:00,1764.17,1769.67,1763.39,1766.35,12100.75,21371631.6133
1679915700000,2023-03-27T11:15:00+00:00,1766.35,1768.71,1765.34,1766.43,12680.48,22406474.4367
1679916600000,2023-03-27T11:30:00+00:00,1766.43,1767.74,1763.51,1764.36,11046.88,19507000.1803
1679917500000,2023-03-27T11:45:00+00:00,1764.36,1766,1762.2,1764.89,9664.92,17050345.1531
1679918400000,2023-03-27T12:00:00+00:00,1764.89,1766.7,1763.25,1766.7,9913.17,17495909.383
1679919300000,2023-03-27T12:15:00+00:00,1766.7,1768.69,1761.94,1762.83,12198.41,21526040.2809
1679920200000,2023-03-27T12:30:00+00:00,1762.83,1764.56,1758.32,1758.4,11345.95,19977983.9535
1679921100000,2023-03-27T12:45:00+00:00,1758.4,1758.4,1751.65,1754.93,17341.86,30424693.6498
1679922000000,2023-03-27T13:00:00+00:00,1754.93,1757.81,1749.52,1753.11,12795.05,22444117.7224
1679922900000,2023-03-27T13:15:00+00:00,1753.11,1756.28,1751,1755.38,9137.44,16028383.1704
1679923800000,2023-03-27T13:30:00+00:00,1755.38,1757.72,1748.31,1757.71,11759.68,20619293.0242
1679924700000,2023-03-27T13:45:00+00:00,1757.71,1763.39,1751.7,1753.9,13341.24,23450043.1204
1679925600000,2023-03-27T14:00:00+00:00,1753.9,1756.52,1749.4,1751.38,7727.78,13551366.2186
1679926500000,2023-03-27T14:15:00+00:00,1751.38,1753.32,1730.18,1737.95,30469.61,53020605.3597
1679927400000,2023-03-27T14:30:00+00:00,1737.95,1741.13,1731.2,1738.97,17345.64,30112807.4988
1679928300000,2023-03-27T14:45:00+00:00,1738.97,1740.98,1717.95,1717.95,30152.74,52190146.2737
1679929200000,2023-03-27T15:00:00+00:00,1717.95,1719.3,1684.66,1697.02,120704.68,205363088.9226
1679930100000,2023-03-27T15:15:00+00:00,1697.02,1711.71,1694.56,1710.13,30248.11,51525667.5321
1679931000000,2023-03-27T15:30:00+00:00,1710.13,1712.4,1704.84,1711.51,15167.77,25902508.8749
1679931900000,2023-03-27T15:45:00+00:00,1711.51,1713.26,1708,1710.09,14798.26,25312267.9584
1679932800000,2023-03-27T16:00:00+00:00,1710.09,1723.81,1706.98,1722.58,36730.91,63076890.5364
1679933700000,2023-03-27T16:15:00+00:00,1722.58,1731.15,1720.83,1722.17,29673.07,51207990.9005
1679934600000,2023-03-27T16:30:00+00:00,1722.17,1723.78,1715.81,1717.7,11167.27,19205923.8106
1679935500000,2023-03-27T16:45:00+00:00,1717.7,1719.65,1713.01,1716.61,9984.58,17136723.3664
1679936400000,2023-03-27T17:00:00+00:00,1716.61,1720.28,1711.78,1714.15,9973.11,17112660.5038
1679937300000,2023-03-27T17:15:00+00:00,1714.15,1718.32,1709.5,1710.39,9196.7,15762672.5339
1679938200000,2023-03-27T17:30:00+00:00,1710.39,1714.22,1709.68,1712.45,11990.89,20523413.5467
1679939100000,2023-03-27T17:45:00+00:00,1712.45,1714.44,1703.5,1706.75,16862.14,28814049.4152
1679940000000,2023-03-27T18:00:00+00:00,1706.75,1712.95,1705.19,1712.07,8198.29,14008133.556
1679940900000,2023-03-27T18:15:00+00:00,1712.07,1717.61,1711.16,1712.25,8580.58,14703569.7053
1679941800000,2023-03-27T18:30:00+00:00,1712.25,1716.11,1711.75,1715,8091.75,13865053.4435
1679942700000,2023-03-27T18:45:00+00:00,1715,1717.37,1713.09,1713.22,8408.97,14421060.5469
1679943600000,2023-03-27T19:00:00+00:00,1713.22,1715.15,1712.3,1713.28,7105.73,12176973.3214
1679944500000,2023-03-27T19:15:00+00:00,1713.28,1718.37,1711.66,1716.28,7032.61,12059178.154
1679945400000,2023-03-27T19:30:00+00:00,1716.28,1716.46,1705.41,1706.3,10862.84,18583788.721
1679946300000,2023-03-27T19:45:00+00:00,1706.3,1709.32,1700.12,1703.11,9340.12,15928817.8174
1679947200000,2023-03-27T20:00:00+00:00,1703.11,1707.78,1695.03,1701.42,12741.9,21685504.7238
1679948100000,2023-03-27T20:15:00+00:00,1701.42,1706.78,1699.36,1706.63,5831.34,9934722.075
1679949000000,2023-03-27T20:30:00+00:00,1706.63,1707.98,1702.24,1703.05,5198.7,8867583.9923
1679949900000,2023-03-27T20:45:00+00:00,1703.05,1706.6,1702.23,1706.57,5590.08,9527766.3142
1679950800000,2023-03-27T21:00:00+00:00,1706.57,1716.1,1705,1710.68,7389.21,12638852.961
1679951700000,2023-03-27T21:15:00+00:00,1710.68,1711.3,1706.47,1708.18,7428.98,12695965.6956
1679952600000,2023-03-27T21:30:00+00:00,1708.18,1710.04,1707.09,1707.38,8668.87,14812556.2111
1679953500000,2023-03-27T21:45:00+00:00,1707.38,1711.72,1707.36,1711.69,8278.64,14151898.1442
1679954400000,2023-03-27T22:00:00+00:00,1711.69,1713.62,1708.31,1711.59,5890.03,10075562.692
1679955300000,2023-03-27T22:15:00+00:00,1711.59,1711.59,1708.02,1709.99,4982.37,8517599.3471
1679956200000,2023-03-27T22:30:00+00:00,1709.99,1711.38,1705.9,1707.69,6383.71,10907031.2552
1679957100000,2023-03-27T22:45:00+00:00,1707.69,1709.16,1707.13,1708.17,4859.95,8302044.721
1679958000000,2023-03-27T23:00:00+00:00,1708.17,1712.29,1706,1711.17,5843.63,9987648.8506
1679958900000,2023-03-27T23:15:00+00:00,1711.17,1712.3,1710.18,1712.3,5579.36,9547064.6584
1679959800000,2023-03-27T23:30:00+00:00,1712.3,1713.57,1709.88,1710,5350.32,9160684.6089
1679960700000,2023-03-27T23:45:00+00:00,1710,1715.55,1710,1713.63,6127.67,10500509.0665
1679961600000,2023-03-28T00:00:00+00:00,1713.63,1717.75,1712.37,1713.72,8097.51,13885957.1782
1679962500000,2023-03-28T00:15:00+00:00,1713.72,1714.73,1712,1713.87,6293.78,10782468.7074
1679963400000,2023-03-28T00:30:00+00:00,1713.87,1714.01,1709.06,1711.1,8689.98,14872334.433
1679964300000,2023-03-28T00:45:00+00:00,1711.1,1712.14,1705.1,1706.51,8056.07,13765696.461
1679965200000,2023-03-28T01:00:00+00:00,1706.51,1706.95,1700.3,1703.23,9087.5,15483313.9063
1679966100000,2023-03-28T01:15:00+00:00,1703.23,1710.94,1703.23,1710.84,7922.79,13530231.5036
1679967000000,2023-03-28T01:30:00+00:00,1710.84,1725.73,1710.84,1719,14745.45,25339076.7833
1679967900000,2023-03-28T01:45:00+00:00,1719,1720.52,1715.27,1715.81,8916,15309687.1005
1679968800000,2023-03-28T02:00:00+00:00,1715.81,1717.78,1715.31,1715.31,7292.3,12515320.7599
1679969700000,2023-03-28T02:15:00+00:00,1715.31,1715.82,1708.65,1709.54,9606.9,16459748.2897
1679970600000,2023-03-28T02:30:00+00:00,1709.54,1712.48,1709.54,1711.32,7565.48,12944555.7267
1679971500000,2023-03-28T02:45:00+00:00,1711.32,1712.92,1710.81,1712.68,6744.28,11547694.3245
1679972400000,2023-03-28T03:00:00+00:00,1712.68,1712.9,1710.67,1711.13,7013.94,12007164.2743
1679973300000,2023-03-28T03:15:00+00:00,1711.13,1711.88,1709.65,1709.79,6922.65,11841788.5165
1679974200000,2023-03-28T03:30:00+00:00,1709.79,1710.7,1707.72,1710.04,6897.34,11790990.7664
1679975100000,2023-03-28T03:45:00+00:00,1710.04,1712,1709.34,1710.67,6974.94,11934805.4981
1679976000000,2023-03-28T04:00:00+00:00,1710.67,1711.76,1708.73,1711.75,7028.21,12021548.2237
1679976900000,2023-03-28T04:15:00+00:00,1711.75,1715.3,1710.07,1712.42,6590.24,11285804.0249
1679977800000,2023-03-28T04:30:00+00:00,1712.42,1713.16,1711.82,1712.3,7055.77,12083139.2512
1679978700000,2023-03-28T04:45:00+00:00,1712.3,1717.13,1710.49,1717.06,8246.78,14125228.5144
1679979600000,2023-03-28T05:00:00+00:00,1717.06,1718.6,1714.23,1718.2,8786.65,15081844.8101
1679980500000,2023-03-28T05:15:00+00:00,1718.2,1718.52,1714.87,1715.04,7812.76,13410676.0063
1679981400000,2023-03-28T05:30:00+00:00,1715.04,1716.89,1712.99,1715.8,8006.35,13734501.3957
1679982300000,2023-03-28T05:45:00+00:00,1715.8,1723.17,1715.8,1723.03,10602.79,18227341.0367
1679983200000,2023-03-28T06:00:00+00:00,1723.03,1734.38,1722.61,1729.02,20412.57,35289120.0003
1679984100000,2023-03-28T06:15:00+00:00,1729.02,1733.09,1729.02,1730.78,11077.06,19179962.0331
1679985000000,2023-03-28T06:30:00+00:00,1730.78,1732.87,1727.63,1728.36,8948.16,15481733.2301
1679985900000,2023-03-28T06:45:00+00:00,1728.36,1731.76,1728.31,1730.33,10048.78,17389543.3899
1679986800000,2023-03-28T07:00:00+00:00,1730.33,1732.65,1726.14,1726.56,10276.58,17775039.7423
1679987700000,2023-03-28T07:15:00+00:00,1726.56,1727.68,1725.83,1727.47,9036.78,15606725.1994
1679988600000,2023-03-28T07:30:00+00:00,1727.47,1730.06,1726.73,1728.15,4271.08,7380392.2431
1679989500000,2023-03-28T07:45:00+00:00,1728.15,1728.84,1721.93,1723.02,6499.52,11215785.6263
1679990400000,2023-03-28T08:00:00+00:00,1723.02,1725.18,1722.83,1723.55,5842.51,10073879.7094
1679991300000,2023-03-28T08:15:00+00:00,1723.55,1724.8,1720.24,1722.45,8004.42,13785234.5581
1679992200000,2023-03-28T08:30:00+00:00,1722.45,1725.17,1720.78,1724.74,8098.96,13950092.5398
1679993100000,2023-03-28T08:45:00+00:00,1724.74,1728.05,1724.42,1726.69,8899.89,15366369.489
1679994000000,2023-03-28T09:00:00+00:00,1726.69,1727.12,1724.82,1725.14,9129.96,15756524.6036
1679994900000,2023-03-28T09:15:00+00:00,1725.14,1727.55,1721.44,1723.47,10147.39,17494541.2698
1679995800000,2023-03-28T09:30:00+00:00,1723.47,1723.63,1721.39,1722.39,9017.2,15533051.5356
1679996700000,2023-03-28T09:45:00+00:00,1722.39,1722.39,1715.51,1718.31,12943.93,22242902.4508
1679997600000,2023-03-28T10:00:00+00:00,1718.31,1721.32,1717.48,1720.49,9211.39,15840445.7025
1679998500000,2023-03-28T10:15:00+00:00,1720.49,1721.39,1716.02,1719.01,11586.38,19921107.0049
1679999400000,2023-03-28T10:30:00+00:00,1719.01,1720.26,1712.3,1714.26,10695.37,18355846.9957
1680000300000,2023-03-28T10:45:00+00:00,1714.26,1716.8,1708.95,1716.36,12484.67,21389986.3708
1680001200000,2023-03-28T11:00:00+00:00,1716.36,1723.95,1716.29,1722.55,11846.52,20364458.9542
1680002100000,2023-03-28T11:15:00+00:00,1722.55,1735,1721.11,1729.62,17969.71,31058807.0188
1680003000000,2023-03-28T11:30:00+00:00,1729.62,1734.99,1728.75,1731.21,8564.04,14827902.2956
1680003900000,2023-03-28T11:45:00+00:00,1731.21,1753.55,1731.17,1744.31,32067.1,55935430.0413
1680004800000,2023-03-28T12:00:00+00:00,1744.31,1749.88,1742.5,1742.87,14384.34,25116125.9924
1680005700000,2023-03-28T12:15:00+00:00,1742.87,1745.3,1729.38,1730,15226.94,26452783.2784
1680006600000,2023-03-28T12:30:00+00:00,1730,1735.94,1729.5,1733.03,11184.34,19381628.6082
1680007500000,2023-03-28T12:45:00+00:00,1733.03,1740.64,1733.03,1735.78,7410.87,12868456.7365
1680008400000,2023-03-28T13:00:00+00:00,1735.78,1737.25,1730.65,1732.17,6849.8,11883686.3631
1680009300000,2023-03-28T13:15:00+00:00,1732.17,1735.11,1729.67,1735.02,7958.22,13782602.2816
1680010200000,2023-03-28T13:30:00+00:00,1735.02,1741.3,1730.77,1736.87,16259.56,28217402.5855
1680011100000,2023-03-28T13:45:00+00:00,1736.87,1743.33,1735,1736.26,18178.07,31623129.8122
1680012000000,2023-03-28T14:00:00+00:00,1736.26,1750.44,1734.51,1744.21,21868.92,38147472.3048
1680012900000,2023-03-28T14:15:00+00:00,1744.21,1746.62,1740.4,1743.05,13012.06,22683295.1624
1680013800000,2023-03-28T14:30:00+00:00,1743.05,1743.05,1735.62,1741.37,9930.71,17270169.6087
1680014700000,2023-03-28T14:45:00+00:00,1741.37,1743.43,1736.66,1738.77,8002.71,13928035.7792
1680015600000,2023-03-28T15:00:00+00:00,1738.77,1741.83,1735.81,1738.31,9088.94,15804317.4649
1680016500000,2023-03-28T15:15:00+00:00,1738.31,1740.93,1737.45,1740.46,7445.32,12952181.081
1680017400000,2023-03-28T15:30:00+00:00,1740.46,1744.78,1739.85,1741.62,11731.22,20445080.861
1680018300000,2023-03-28T15:45:00+00:00,1741.62,1742.97,1737.37,1742.78,10005.66,17411348.0859
1680019200000,2023-03-28T16:00:00+00:00,1742.78,1745.59,1737.6,1738.53,15607.41,27164631.9637
1680020100000,2023-03-28T16:15:00+00:00,1738.53,1738.59,1732.57,1736.17,15111.66,26226889.9943
1680021000000,2023-03-28T16:30:00+00:00,1736.17,1737,1732.85,1736.03,9215.97,15996024.9549
1680021900000,2023-03-28T16:45:00+00:00,1736.03,1736.97,1731.65,1734.23,13420.5,23276318.6979
1680022800000,2023-03-28T17:00:00+00:00,1734.23,1738.56,1732.87,1734.4,10917.93,18942436.7122
1680023700000,2023-03-28T17:15:00+00:00,1734.4,1735.76,1726.51,1734.2,17875.78,30939146.9534
1680024600000,2023-03-28T17:30:00+00:00,1734.2,1735.16,1727.77,1731.68,9135.41,15820185.6271
1680025500000,2023-03-28T17:45:00+00:00,1731.68,1735.79,1731.02,1735.29,4805.25,8332338.0727
1680026400000,2023-03-28T18:00:00+00:00,1735.29,1737.82,1734.39,1736,4290.72,7446847.0743
1680027300000,2023-03-28T18:15:00+00:00,1736,1741.36,1735.99,1741.16,6138.76,10674105.8178
1680028200000,2023-03-28T18:30:00+00:00,1741.16,1748.55,1738.58,1747.44,9523.68,16597796.9822
1680029100000,2023-03-28T18:45:00+00:00,1747.44,1780.51,1747.44,1776.47,41596.94,73552866.9146
1680030000000,2023-03-28T19:00:00+00:00,1776.47,1780.11,1770.12,1774.13,14993.43,26608616.9007
1680030900000,2023-03-28T19:15:00+00:00,1774.13,1774.96,1766.67,1772.9,14656.86,25942315.6947
1680031800000,2023-03-28T19:30:00+00:00,1772.9,1774.06,1769.45,1773.61,9769.11,17311694.4612
1680032700000,2023-03-28T19:45:00+00:00,1773.61,1795.65,1771.25,1785.24,29581.87,52852500.0461
1680033600000,2023-03-28T20:00:00+00:00,1785.24,1789.86,1779.71,1780.28,13553.41,24172432.094
1680034500000,2023-03-28T20:15:00+00:00,1780.28,1781.82,1778.1,1781.78,12766.14,22724359.9553
1680035400000,2023-03-28T20:30:00+00:00,1781.78,1782.09,1775.57,1777.3,11899.58,21164264.9585
1680036300000,2023-03-28T20:45:00+00:00,1777.3,1777.77,1770.92,1773.98,15476.87,27468440.6222
1680037200000,2023-03-28T21:00:00+00:00,1773.98,1775.18,1768.26,1768.52,12995.37,23033914.3867
1680038100000,2023-03-28T21:15:00+00:00,1768.52,1773.25,1768.14,1772.84,11069.28,19605829.0208
1680039000000,2023-03-28T21:30:00+00:00,1772.84,1773.48,1769.78,1771.57,7370.42,13054266.8212
1680039900000,2023-03-28T21:45:00+00:00,1771.57,1771.63,1761.43,1768.63,13173.38,23273846.9786
1680040800000,2023-03-28T22:00:00+00:00,1768.63,1772.88,1766.28,1771.08,7337.51,12989718.6941
1680041700000,2023-03-28T22:15:00+00:00,1771.08,1772.64,1769.3,1771.34,7099.74,12573139.7903
1680042600000,2023-03-28T22:30:00+00:00,1771.34,1771.56,1767.43,1767.49,6429.28,11377892.4333
1680043500000,2023-03-28T22:45:00+00:00,1767.49,1770.19,1767.44,1770.19,5528.95,9779762.3233
1680044400000,2023-03-28T23:00:00+00:00,1770.19,1777.33,1770.19,1772.42,8308.5,14738491.1337
1680045300000,2023-03-28T23:15:00+00:00,1772.42,1776.69,1771.4,1774.95,6447.48,11438410.497
1680046200000,2023-03-28T23:30:00+00:00,1774.95,1776.7,1771.14,1772.96,8779.57,15572602.0645
1680047100000,2023-03-28T23:45:00+00:00,1772.96,1774.82,1771.23,1772.25,10601.64,18799614.9634
1680048000000,2023-03-29T00:00:00+00:00,1772.25,1774.55,1772.11,1772.92,11395.66,20209785.7977
1680048900000,2023-03-29T00:15:00+00:00,1772.92,1777.8,1772.73,1775.33,12101.12,21479078.0341
1680049800000,2023-03-29T00:30:00+00:00,1775.33,1776,1773.42,1774.26,5301.55,9407714.0762
1680050700000,2023-03-29T00:45:00+00:00,1774.26,1775.83,1772.48,1774.59,5729.34,10167722.1767
1680051600000,2023-03-29T01:00:00+00:00,1774.59,1781.03,1774.59,1780.3,6631.32,11789155.2595
1680052500000,2023-03-29T01:15:00+00:00,1780.3,1788.8,1780.29,1782.07,10751.56,19181856.1125
1680053400000,2023-03-29T01:30:00+00:00,1782.07,1782.86,1777.78,1779.17,10094.91,17970700.0536
1680054300000,2023-03-29T01:45:00+00:00,1779.17,1779.28,1775.9,1778.07,10968.31,19493096.7074
1680055200000,2023-03-29T02:00:00+00:00,1778.07,1779.2,1777.61,1778.7,8916.94,15859507.2892
1680056100000,2023-03-29T02:15:00+00:00,1778.7,1782.37,1776.9,1781.21,10029.61,17843912.2018
1680057000000,2023-03-29T02:30:00+00:00,1781.21,1781.61,1778.76,1779.36,8945.39,15927238.6602
1680057900000,2023-03-29T02:45:00+00:00,1779.36,1780.6,1777.47,1779.03,9902.19,17613786.5634
1680058800000,2023-03-29T03:00:00+00:00,1779.03,1780.13,1777.73,1777.73,9854.48,17530777.2725
1680059700000,2023-03-29T03:15:00+00:00,1777.73,1779.24,1776.14,1778.25,11140.55,19808553.2547
1680060600000,2023-03-29T03:30:00+00:00,1778.25,1778.26,1776.76,1776.94,4601.03,8178388.8995
1680061500000,2023-03-29T03:45:00+00:00,1776.94,1777.74,1774.45,1777.66,5514.4,9795157.1897
1680062400000,2023-03-29T04:00:00+00:00,1777.66,1780,1777.63,1780,5626.91,10007478.6319
1680063300000,2023-03-29T04:15:00+00:00,1780,1787.73,1778.99,1785.31,8573.94,15295030.7459
1680064200000,2023-03-29T04:30:00+00:00,1785.31,1798.57,1784.97,1790.5,27258.26,48881852.7129
1680065100000,2023-03-29T04:45:00+00:00,1790.5,1793,1786.94,1791.47,10100.01,18077915.4689
1680066000000,2023-03-29T05:00:00+00:00,1791.47,1793.93,1788.77,1789.7,10329.51,18501858.3446
1680066900000,2023-03-29T05:15:00+00:00,1789.7,1795.28,1788.39,1791.8,9966.34,17860228.4285
1680067800000,2023-03-29T05:30:00+00:00,1791.8,1792.1,1788,1788.59,8025.16,14365722.7848
1680068700000,2023-03-29T05:45:00+00:00,1788.59,1789.85,1787.76,1789.21,5251.05,9392620.7942
1680069600000,2023-03-29T06:00:00+00:00,1789.21,1791.26,1786.37,1790.53,6878.05,12301410.2183
1680070500000,2023-03-29T06:15:00+00:00,1790.53,1815.5,1790.24,1810.46,35403.49,63820872.1723
1680071400000,2023-03-29T06:30:00+00:00,1810.46,1818.85,1803.29,1809.29,24137.3,43718459.1929
1680072300000,2023-03-29T06:45:00+00:00,1809.29,1810.95,1803.19,1804.99,13865.06,25032987.4913
1680073200000,2023-03-29T07:00:00+00:00,1804.99,1806,1802.83,1803.11,7994.02,14424062.1217
1680074100000,2023-03-29T07:15:00+00:00,1803.11,1808,1803.11,1806.68,7531.99,13603236.581
1680075000000,2023-03-29T07:30:00+00:00,1806.68,1810.05,1805.89,1810.05,8618.48,15580458.1251
1680075900000,2023-03-29T07:45:00+00:00,1810.05,1811.5,1804.46,1804.83,9307.54,16826620.6928
1680076800000,2023-03-29T08:00:00+00:00,1804.83,1815.88,1799.47,1815.39,17735.63,32037922.6571
1680077700000,2023-03-29T08:15:00+00:00,1815.39,1825.19,1811.62,1819.28,28191.93,51287167.9938
1680078600000,2023-03-29T08:30:00+00:00,1819.28,1828.6,1816.94,1817.11,20750.5,37801153.9307
1680079500000,2023-03-29T08:45:00+00:00,1817.11,1823.19,1817.11,1820.79,10588.21,19273364.1796
1680080400000,2023-03-29T09:00:00+00:00,1820.79,1823.49,1819.32,1821.42,12334.17,22463392.7244
1680081300000,2023-03-29T09:15:00+00:00,1821.42,1824.99,1819.33,1819.43,13530.26,24650785.4582
1680082200000,2023-03-29T09:30:00+00:00,1819.43,1820.6,1816.36,1816.73,11772.81,21411095.0932
1680083100000,2023-03-29T09:45:00+00:00,1816.73,1817.66,1814.2,1814.48,6186.49,11232995.2853
1680084000000,2023-03-29T10:00:00+00:00,1814.48,1815.49,1812.89,1813.35,4853.21,8805841.6859
1680084900000,2023-03-29T10:15:00+00:00,1813.35,1817.9,1810.12,1816.1,7810.3,14167917.3416
1680085800000,2023-03-29T10:30:00+00:00,1816.1,1817.87,1812.14,1813.59,10456.22,18986521.4938
1680086700000,2023-03-29T10:45:00+00:00,1813.59,1813.61,1807.84,1811.08,12617.43,22858071.0911
1680087600000,2023-03-29T11:00:00+00:00,1811.08,1811.53,1805,1807.27,13157.06,23783193.7532
1680088500000,2023-03-29T11:15:00+00:00,1807.27,1812.07,1806.9,1809.91,12027.53,21761567.2747
1680089400000,2023-03-29T11:30:00+00:00,1809.91,1810.94,1808.18,1808.78,10657.8,19282498.7712
1680090300000,2023-03-29T11:45:00+00:00,1808.78,1812.06,1807.08,1811.37,9219.1,16684427.7112
1680091200000,2023-03-29T12:00:00+00:00,1811.37,1812.35,1802.5,1805.3,10483.86,18965468.0504
1680092100000,2023-03-29T12:15:00+00:00,1805.3,1808.83,1801.47,1808.65,13902.61,25099329.2078
1680093000000,2023-03-29T12:30:00+00:00,1808.65,1809.87,1805,1806.93,9974.18,18022505.4715
1680093900000,2023-03-29T12:45:00+00:00,1806.93,1812.96,1805.53,1810.78,11618.21,21015633.8574
1680094800000,2023-03-29T13:00:00+00:00,1810.78,1811.59,1807.63,1807.78,8616.59,15590019.4352
1680095700000,2023-03-29T13:15:00+00:00,1807.78,1808.57,1803.98,1805.84,9045.38,16340109.0254
1680096600000,2023-03-29T13:30:00+00:00,1805.84,1811.5,1804.41,1811.08,7686.48,13903683.9069
1680097500000,2023-03-29T13:45:00+00:00,1811.08,1815.36,1804.9,1809.98,13552.57,24532517.3096
1680098400000,2023-03-29T14:00:00+00:00,1809.98,1811.75,1806.53,1811.7,7753.63,14028608.7778
1680099300000,2023-03-29T14:15:00+00:00,1811.7,1816.34,1800,1804.31,13423.69,24280330.7256
1680100200000,2023-03-29T14:30:00+00:00,1804.31,1805.99,1794.23,1799.37,19787.14,35608123.2195
1680101100000,2023-03-29T14:45:00+00:00,1799.37,1800.98,1792.27,1796.32,12575.7,22575375.3558
1680102000000,2023-03-29T15:00:00+00:00,1796.32,1801.17,1794.06,1799.03,12386.23,22272099.5656
1680102900000,2023-03-29T15:15:00+00:00,1799.03,1804.63,1797.55,1804.59,13211,23800265.7066
1680103800000,2023-03-29T15:30:00+00:00,1804.59,1808.55,1803.69,1807.6,6608.08,11937436.0117
1680104700000,2023-03-29T15:45:00+00:00,1807.6,1809.37,1805.08,1807.52,6440.2,11639285.4522
1680105600000,2023-03-29T16:00:00+00:00,1807.52,1808.4,1800.94,1803.02,9368.78,16900305.4749
1680106500000,2023-03-29T16:15:00+00:00,1803.02,1803.44,1799.75,1801.75,5724.82,10312351.5299
1680107400000,2023-03-29T16:30:00+00:00,1801.75,1802.71,1796.79,1798.7,10593.89,19075213.5535
1680108300000,2023-03-29T16:45:00+00:00,1798.7,1801.2,1791.75,1793.29,13248.25,23804303.359
1680109200000,2023-03-29T17:00:00+00:00,1793.29,1801.79,1792.03,1801.18,12878.11,23156240.3456
1680110100000,2023-03-29T17:15:00+00:00,1801.18,1803.44,1799.1,1802.35,11695.19,21067962.7059
1680111000000,2023-03-29T17:30:00+00:00,1802.35,1802.91,1795.48,1795.68,9798.02,17623881.229
1680111900000,2023-03-29T17:45:00+00:00,1795.68,1798.49,1795.09,1798.49,6304.81,11331459.4287
1680112800000,2023-03-29T18:00:00+00:00,1798.49,1799.31,1795.92,1799.11,4381.35,7878065.5205
1680113700000,2023-03-29T18:15:00+00:00,1799.11,1801.71,1795.69,1799.69,5620.69,10109415.6512
1680114600000,2023-03-29T18:30:00+00:00,1799.69,1804.29,1799.47,1803.32,9677.15,17441970.537
1680115500000,2023-03-29T18:45:00+00:00,1803.32,1806.44,1801.67,1803.9,9850.67,17768497.2642
1680116400000,2023-03-29T19:00:00+00:00,1803.9,1805.2,1801.94,1804.65,9207.79,16607243.2997
1680117300000,2023-03-29T19:15:00+00:00,1804.65,1806.91,1803.45,1805.49,10958.04,19779991.5093
1680118200000,2023-03-29T19:30:00+00:00,1805.49,1806.5,1802.72,1805.75,8744.43,15777445.4441
1680119100000,2023-03-29T19:45:00+00:00,1805.75,1812.07,1805.3,1808.25,11895.08,21514491.8122
1680120000000,2023-03-29T20:00:00+00:00,1808.25,1809.25,1805.58,1806.21,7308.24,13205485.4292
1680120900000,2023-03-29T20:15:00+00:00,1806.21,1808.97,1805.24,1807.98,9424.39,17037104.8545
1680121800000,2023-03-29T20:30:00+00:00,1807.98,1809.08,1802.78,1803.08,8149.01,14722073.7964
1680122700000,2023-03-29T20:45:00+00:00,1803.08,1805.04,1801.83,1803.19,6249.39,11270337.4762
1680123600000,2023-03-29T21:00:00+00:00,1803.19,1803.2,1798.48,1801.28,7846.85,14132704.1339
1680124500000,2023-03-29T21:15:00+00:00,1801.28,1805.8,1800.59,1805.71,8341.55,15047283.8027
1680125400000,2023-03-29T21:30:00+00:00,1805.71,1805.84,1799.55,1799.87,13031.51,23502158.9752
1680126300000,2023-03-29T21:45:00+00:00,1799.87,1800.8,1793.53,1793.98,13871.19,24949391.0274
1680127200000,2023-03-29T22:00:00+00:00,1793.98,1795.88,1782.35,1789.39,20879.26,37315208.3904
1680128100000,2023-03-29T22:15:00+00:00,1789.39,1793.57,1786.94,1792.43,9251.46,16563027.2809
1680129000000,2023-03-29T22:30:00+00:00,1792.43,1794.3,1788.01,1789.57,9311.71,16675719.1823
1680129900000,2023-03-29T22:45:00+00:00,1789.57,1791.42,1787.24,1790.12,13934.98,24943178.8532
1680130800000,2023-03-29T23:00:00+00:00,1790.12,1797.5,1789.36,1797.13,9599.97,17213420.8166
1680131700000,2023-03-29T23:15:00+00:00,1797.13,1797.14,1794.11,1796.89,12540.79,22520645.2447
1680132600000,2023-03-29T23:30:00+00:00,1796.89,1796.89,1791.5,1793.5,9514.01,17074779.0582
1680133500000,2023-03-29T23:45:00+00:00,1793.5,1794.3,1791.18,1793.07,9359.8,16784137.336
1680134400000,2023-03-30T00:00:00+00:00,1793.07,1795.01,1789.79,1794,8085.87,14498350.6729
1680135300000,2023-03-30T00:15:00+00:00,1794,1799.13,1793.83,1796.02,9995.67,17961331.6472
1680136200000,2023-03-30T00:30:00+00:00,1796.02,1797.25,1793.5,1793.93,11044.27,19830798.3061
1680137100000,2023-03-30T00:45:00+00:00,1793.93,1793.94,1776,1784.7,22945.74,40939103.4504
1680138000000,2023-03-30T01:00:00+00:00,1784.7,1788.85,1781.1,1785.5,13270.91,23696270.1383
1680138900000,2023-03-30T01:15:00+00:00,1785.5,1791.64,1783.22,1791.61,10547.58,18859067.4004
1680139800000,2023-03-30T01:30:00+00:00,1791.61,1793.4,1788.27,1788.79,6490.82,11621132.9368
1680140700000,2023-03-30T01:45:00+00:00,1788.79,1793.13,1788.53,1790.71,6442.39,11540576.4122
1680141600000,2023-03-30T02:00:00+00:00,1790.71,1794.73,1790.17,1794.46,8096.69,14515126.5813
1680142500000,2023-03-30T02:15:00+00:00,1794.46,1816.54,1794.04,1811.79,24640.66,44575732.7559
1680143400000,2023-03-30T02:30:00+00:00,1811.79,1830,1811.79,1823.64,23141.04,42183474.3636
1680144300000,2023-03-30T02:45:00+00:00,1823.64,1825.84,1816,1816.52,9498.31,17279793.8811
1680145200000,2023-03-30T03:00:00+00:00,1816.52,1817.57,1766,1779.87,55837.98,99652641.3066
1680146100000,2023-03-30T03:15:00+00:00,1779.87,1788.1,1776.46,1782,10807.55,19272871.5033
1680147000000,2023-03-30T03:30:00+00:00,1782,1789.5,1780.2,1786.08,12733.98,22736055.6223
1680147900000,2023-03-30T03:45:00+00:00,1786.08,1791,1785.25,1787.46,7538.71,13481687.3691
1680148800000,2023-03-30T04:00:00+00:00,1787.46,1790,1785.27,1790,7384.39,13202490.6564
1680149700000,2023-03-30T04:15:00+00:00,1790,1797.33,1789.73,1795.43,15264.25,27367553.015
1680150600000,2023-03-30T04:30:00+00:00,1795.43,1798.34,1794.01,1796.11,11944.49,21458402.2579
1680151500000,2023-03-30T04:45:00+00:00,1796.11,1798.71,1794.3,1796.35,11408.24,20497045.234
1680152400000,2023-03-30T05:00:00+00:00,1796.35,1797.17,1791.05,1792.91,12567.04,22534507.9123
1680153300000,2023-03-30T05:15:00+00:00,1792.91,1794.72,1790.53,1790.96,10404.06,18651419.0563
1680154200000,2023-03-30T05:30:00+00:00,1790.96,1796,1790.96,1795.17,10773.76,19320484.655
1680155100000,2023-03-30T05:45:00+00:00,1795.17,1797.78,1793.99,1796.66,9912.31,17801557.7251
1680156000000,2023-03-30T06:00:00+00:00,1796.66,1801.42,1795.6,1799.91,10645.44,19146298.0339
1680156900000,2023-03-30T06:15:00+00:00,1799.91,1800.3,1794.1,1795.88,12107.02,21746505.4095
1680157800000,2023-03-30T06:30:00+00:00,1795.88,1796.61,1792.58,1794.52,13112.57,23535952.1917
1680158700000,2023-03-30T06:45:00+00:00,1794.52,1796.94,1793.21,1795.64,10067.85,18073960.9804
1680159600000,2023-03-30T07:00:00+00:00,1795.64,1796.66,1794.14,1795.47,11649.87,20919600.2797
1680160500000,2023-03-30T07:15:00+00:00,1795.47,1799.84,1795.45,1799.06,10282.7,18482621.8066
1680161400000,2023-03-30T07:30:00+00:00,1799.06,1812.67,1798.01,1805.18,24167.84,43656636.5472
1680162300000,2023-03-30T07:45:00+00:00,1805.18,1809.4,1803.74,1806.08,12309.66,22236739.9252
1680163200000,2023-03-30T08:00:00+00:00,1806.08,1807.88,1804.16,1807.01,10574.91,19094595.7006
1680164100000,2023-03-30T08:15:00+00:00,1807.01,1808.34,1804.44,1806.04,8005.79,14457325.6409
1680165000000,2023-03-30T08:30:00+00:00,1806.04,1806.05,1798.1,1798.91,9795.23,17648203.5702
1680165900000,2023-03-30T08:45:00+00:00,1798.91,1802.48,1798.78,1799.11,7343.92,13224274.8379
1680166800000,2023-03-30T09:00:00+00:00,1799.11,1799.86,1796.92,1797.18,10361.65,18638137.5685
1680167700000,2023-03-30T09:15:00+00:00,1797.18,1798.02,1793.16,1797.26,9727.09,17474887.5258
1680168600000,2023-03-30T09:30:00+00:00,1797.26,1798.2,1794.84,1798.18,10754.53,19323555.8548
1680169500000,2023-03-30T09:45:00+00:00,1798.18,1801.47,1797.99,1800.63,12380.53,22276900.526
1680170400000,2023-03-30T10:00:00+00:00,1800.63,1805.26,1799.86,1805.06,9573.89,17246579.7393
1680171300000,2023-03-30T10:15:00+00:00,1805.06,1805.09,1798.54,1799.47,11805.39,21266228.8796
1680172200000,2023-03-30T10:30:00+00:00,1799.47,1800.99,1797.98,1800.69,6689.64,12040758.295
1680173100000,2023-03-30T10:45:00+00:00,1800.69,1803.7,1799.4,1803.09,6845.76,12328617.0069
1680174000000,2023-03-30T11:00:00+00:00,1803.09,1803.77,1802.01,1802.01,6411.55,11561305.6511
1680174900000,2023-03-30T11:15:00+00:00,1802.01,1805.99,1801.48,1804.11,6173.07,11132727.7532
1680175800000,2023-03-30T11:30:00+00:00,1804.11,1806.9,1802.83,1806.52,10443.86,18847461.3383
1680176700000,2023-03-30T11:45:00+00:00,1806.52,1807.05,1803.75,1804.48,9931.55,17927463.3718
1680177600000,2023-03-30T12:00:00+00:00,1804.48,1804.81,1798.19,1800.51,15299.17,27560664.925
1680178500000,2023-03-30T12:15:00+00:00,1800.51,1802.61,1796.64,1798.59,11804.79,21250457.7434
1680179400000,2023-03-30T12:30:00+00:00,1798.59,1804.94,1798.07,1804.3,14513.81,26155295.4698
1680180300000,2023-03-30T12:45:00+00:00,1804.3,1805.27,1802.28,1803.84,8803.44,15880009.8175
1680181200000,2023-03-30T13:00:00+00:00,1803.84,1803.89,1800.81,1803.44,8765.32,15799984.4085
1680182100000,2023-03-30T13:15:00+00:00,1803.44,1804.57,1800.08,1801.83,9673.66,17431702.6966
1680183000000,2023-03-30T13:30:00+00:00,1801.83,1803.53,1798.71,1799.61,11590.16,20871260.6888
1680183900000,2023-03-30T13:45:00+00:00,1799.61,1801.5,1793.57,1796.7,11582.67,20827018.1313
1680184800000,2023-03-30T14:00:00+00:00,1796.7,1798.17,1786.09,1787.89,17476.74,31320225.044
1680185700000,2023-03-30T14:15:00+00:00,1787.89,1797.43,1787.89,1794.85,11428.4,20497638.1127
1680186600000,2023-03-30T14:30:00+00:00,1794.85,1798.07,1789.5,1794.53,10144.5,18196326.8785
1680187500000,2023-03-30T14:45:00+00:00,1794.53,1795.62,1792.19,1794.92,5952.09,10677681.5087
1680188400000,2023-03-30T15:00:00+00:00,1794.92,1796.49,1792.08,1793.33,8681.09,15570095.5861
1680189300000,2023-03-30T15:15:00+00:00,1793.33,1794.88,1786.53,1787.57,18556.43,33219169.4006
1680190200000,2023-03-30T15:30:00+00:00,1787.57,1791.52,1784.37,1790.54,17961.89,32131307.5676
1680191100000,2023-03-30T15:45:00+00:00,1790.54,1790.84,1783.98,1789.18,20120.52,35965232.0627
1680192000000,2023-03-30T16:00:00+00:00,1789.18,1789.25,1780.41,1783.8,19461.23,34727689.7716
1680192900000,2023-03-30T16:15:00+00:00,1783.8,1791.54,1778.75,1787.6,24146.87,43106229.0828
1680193800000,2023-03-30T16:30:00+00:00,1787.6,1789.29,1786.05,1787.15,5669.74,10137090.7331
1680194700000,2023-03-30T16:45:00+00:00,1787.15,1787.34,1784.41,1785.41,5848.14,10441720.0159
1680195600000,2023-03-30T17:00:00+00:00,1785.41,1787.28,1784.52,1785.17,5770.57,10305833.6389
1680196500000,2023-03-30T17:15:00+00:00,1785.17,1785.52,1776.25,1777.53,10366.16,18467809.2457
1680197400000,2023-03-30T17:30:00+00:00,1777.53,1777.53,1762.78,1769.08,29897.82,52907001.62
1680198300000,2023-03-30T17:45:00+00:00,1769.08,1770.87,1766.68,1770.12,11740.34,20768862.2537
1680199200000,2023-03-30T18:00:00+00:00,1770.12,1772,1767.75,1770.4,10196.5,18050193.1911
1680200100000,2023-03-30T18:15:00+00:00,1770.4,1772.88,1769.27,1772.87,8899.44,15768762.298
1680201000000,2023-03-30T18:30:00+00:00,1772.87,1775.79,1772.54,1774.72,8267.14,14665034.003
1680201900000,2023-03-30T18:45:00+00:00,1774.72,1776.88,1773.88,1776.6,6010.37,10672222.9618
1680202800000,2023-03-30T19:00:00+00:00,1776.6,1779.1,1775.81,1779.01,6659.32,11835582.63
1680203700000,2023-03-30T19:15:00+00:00,1779.01,1783.29,1778.02,1783.08,7681.05,13672565.554
1680204600000,2023-03-30T19:30:00+00:00,1783.08,1784.44,1779.58,1780.43,10204.64,18173377.8088
1680205500000,2023-03-30T19:45:00+00:00,1780.43,1782.43,1780,1781,9915.22,17663517.272
1680206400000,2023-03-30T20:00:00+00:00,1781,1782,1778.92,1781.34,11158.99,19870851.1126
1680207300000,2023-03-30T20:15:00+00:00,1781.34,1785.82,1779.49,1785.28,9943.76,17727695.0125
1680208200000,2023-03-30T20:30:00+00:00,1785.28,1797.01,1785.28,1793.38,8583.14,15379113.0928
1680209100000,2023-03-30T20:45:00+00:00,1793.38,1798.43,1793.38,1795.41,6496.69,11669133.1709
1680210000000,2023-03-30T21:00:00+00:00,1795.41,1797.55,1793.32,1793.75,5604.17,10058234.5104
1680210900000,2023-03-30T21:15:00+00:00,1793.75,1794.44,1790.83,1792.27,5997.96,10753776.6266
1680211800000,2023-03-30T21:30:00+00:00,1792.27,1793.32,1790.53,1790.71,12531.82,22464062.5953
1680212700000,2023-03-30T21:45:00+00:00,1790.71,1793.42,1790.68,1793.04,10490.24,18795990.5794
1680213600000,2023-03-30T22:00:00+00:00,1793.04,1794.93,1792.8,1793.8,11775.92,21125763.6179
1680214500000,2023-03-30T22:15:00+00:00,1793.8,1794.5,1792.93,1793.5,9795.27,17568505.9575
1680215400000,2023-03-30T22:30:00+00:00,1793.5,1795,1790.89,1792.09,6015.47,10787724.4342
1680216300000,2023-03-30T22:45:00+00:00,1792.09,1793.54,1781.94,1785.29,11783.34,21057986.0447
1680217200000,2023-03-30T23:00:00+00:00,1785.29,1787.96,1782.1,1786.23,8431.08,15054530.2728
1680218100000,2023-03-30T23:15:00+00:00,1786.23,1790.43,1786.18,1789.85,8775.01,15701521.7986
1680219000000,2023-03-30T23:30:00+00:00,1789.85,1792.56,1789.43,1791.89,12651.03,22665157.4665
1680219900000,2023-03-30T23:45:00+00:00,1791.89,1795.14,1789.61,1793.2,10339.71,18525536.6346
1680220800000,2023-03-31T00:00:00+00:00,1793.2,1797.47,1792.17,1792.48,11794.58,21163389.612
1680221700000,2023-03-31T00:15:00+00:00,1792.48,1804.24,1789.39,1802.91,16244.24,29150880.4798
1680222600000,2023-03-31T00:30:00+00:00,1802.91,1805.86,1799.2,1800.59,14746.52,26561023.6254
1680223500000,2023-03-31T00:45:00+00:00,1800.59,1809.04,1799.75,1805.26,13552.61,24453995.6919
1680224400000,2023-03-31T01:00:00+00:00,1805.26,1817.59,1805.26,1812.35,16881.68,30602599.369
1680225300000,2023-03-31T01:15:00+00:00,1812.35,1814.17,1809.99,1810.32,12227.67,22157365.2536
1680226200000,2023-03-31T01:30:00+00:00,1810.32,1811.47,1802.01,1804.02,11858.89,21414015.7369
1680227100000,2023-03-31T01:45:00+00:00,1804.02,1804.14,1800.03,1802.33,11943.95,21527010.6971
1680228000000,2023-03-31T02:00:00+00:00,1802.33,1804.21,1800.13,1800.13,11950.15,21538115.1366
1680228900000,2023-03-31T02:15:00+00:00,1800.13,1804.17,1799.04,1804.17,9777.94,17621900.0664
1680229800000,2023-03-31T02:30:00+00:00,1804.17,1804.36,1801.96,1802.51,4111.75,7415286.9672
1680230700000,2023-03-31T02:45:00+00:00,1802.51,1805.68,1801.36,1802.94,5076.26,9153461.1351
1680231600000,2023-03-31T03:00:00+00:00,1802.94,1804.7,1802.38,1803.81,4593.59,8285139.3172
1680232500000,2023-03-31T03:15:00+00:00,1803.81,1806.62,1803.44,1806.44,4278.54,7721108.7815
1680233400000,2023-03-31T03:30:00+00:00,1806.44,1808.55,1804.8,1805.81,13444.02,24282252.0267
1680234300000,2023-03-31T03:45:00+00:00,1805.81,1805.81,1803.05,1803.05,12648.64,22818641.185
1680235200000,2023-03-31T04:00:00+00:00,1803.05,1803.3,1800.04,1800.18,10527.61,18966033.8912
1680236100000,2023-03-31T04:15:00+00:00,1800.18,1802.76,1799.88,1802.76,12118.49,21822375.5556
1680237000000,2023-03-31T04:30:00+00:00,1802.76,1805.01,1801.88,1804.1,8578.33,15469175.976
1680237900000,2023-03-31T04:45:00+00:00,1804.1,1805.35,1804.02,1804.37,7099.25,12813229.8901
1680238800000,2023-03-31T05:00:00+00:00,1804.37,1808.12,1801.98,1801.98,6870.68,12397474.7545
1680239700000,2023-03-31T05:15:00+00:00,1801.98,1803.81,1801.98,1802.83,7402.07,13345124.6671
1680240600000,2023-03-31T05:30:00+00:00,1802.83,1803.84,1802.2,1802.21,10418.04,18782103.8024
1680241500000,2023-03-31T05:45:00+00:00,1802.21,1802.43,1792.23,1796.33,18891.71,33962894.9232
1680242400000,2023-03-31T06:00:00+00:00,1796.33,1797.66,1795.04,1796.33,11493.34,20646665.3967
1680243300000,2023-03-31T06:15:00+00:00,1796.33,1798.33,1796.28,1797.68,9967.61,17919079.0377
1680244200000,2023-03-31T06:30:00+00:00,1797.68,1799.81,1795.96,1799.1,6395.69,11499662.9775
1680245100000,2023-03-31T06:45:00+00:00,1799.1,1799.87,1796.89,1797.97,7025.9,12636435.5355
1680246000000,2023-03-31T07:00:00+00:00,1797.97,1798.73,1791.18,1791.98,10732.62,19262288.5095
1680246900000,2023-03-31T07:15:00+00:00,1791.98,1793.51,1781.03,1786.85,20170.59,36047330.3624
1680247800000,2023-03-31T07:30:00+00:00,1786.85,1788.5,1779,1787.03,12453.69,22223910.7532
1680248700000,2023-03-31T07:45:00+00:00,1787.03,1795.7,1784.65,1794.89,10416.1,18654939.4043
1680249600000,2023-03-31T08:00:00+00:00,1794.89,1797.99,1793.52,1793.52,8352.92,15003996.0693
1680250500000,2023-03-31T08:15:00+00:00,1793.52,1795.97,1790.18,1791.86,8171.05,14651740.2851
1680251400000,2023-03-31T08:30:00+00:00,1791.86,1791.86,1786.71,1790.22,11919.17,21324443.8146
1680252300000,2023-03-31T08:45:00+00:00,1790.22,1794.65,1789.08,1789.85,9312.82,16683072.1332
1680253200000,2023-03-31T09:00:00+00:00,1789.85,1792.32,1788.23,1792.31,9481.24,16973867.6818
1680254100000,2023-03-31T09:15:00+00:00,1792.31,1794.34,1789.16,1790.74,13172.26,23601405.9113
1680255000000,2023-03-31T09:30:00+00:00,1790.74,1792.29,1787.2,1788.87,6129.78,10972210.3574
1680255900000,2023-03-31T09:45:00+00:00,1788.87,1790.3,1787.88,1790.29,5189.19,9285371.2693
1680256800000,2023-03-31T10:00:00+00:00,1790.29,1791.47,1789.4,1791.2,5338.97,9558363.9636
1680257700000,2023-03-31T10:15:00+00:00,1791.2,1797.33,1791.2,1796.09,6742.34,12099449.5845
1680258600000,2023-03-31T10:30:00+00:00,1796.09,1799.33,1793.99,1794.23,10736.74,19292094.107
1680259500000,2023-03-31T10:45:00+00:00,1794.23,1795.34,1792.05,1792.81,10587.15,18991474.5577
1680260400000,2023-03-31T11:00:00+00:00,1792.81,1794.33,1791.83,1794.15,9161.15,16429082.9824
1680261300000,2023-03-31T11:15:00+00:00,1794.15,1795.94,1789.17,1791.13,9315.75,16702422.7314
1680262200000,2023-03-31T11:30:00+00:00,1791.13,1794.86,1789.31,1794.01,6343.19,11369257.4607
1680263100000,2023-03-31T11:45:00+00:00,1794.01,1794.69,1792.39,1793.06,6440.45,11550776.6928
1680264000000,2023-03-31T12:00:00+00:00,1793.06,1794.16,1792.77,1792.78,6040.71,10833126.3665
1680264900000,2023-03-31T12:15:00+00:00,1792.78,1795.55,1791.32,1794.4,5721.53,10260284.6202
1680265800000,2023-03-31T12:30:00+00:00,1794.4,1812.42,1790.51,1807.56,51327.36,92622028.2023
1680266700000,2023-03-31T12:45:00+00:00,1807.56,1809.66,1803.29,1806.64,9593.67,17325952.7004
1680267600000,2023-03-31T13:00:00+00:00,1806.64,1809.9,1804.33,1808.22,9500.6,17164759.276
1680268500000,2023-03-31T13:15:00+00:00,1808.22,1822.78,1807.47,1818.59,20324.44,36909020.2391
1680269400000,2023-03-31T13:30:00+00:00,1818.59,1839.15,1818.36,1831.57,45130.71,82664239.2408
1680270300000,2023-03-31T13:45:00+00:00,1831.57,1833.49,1824.04,1826.26,21104.33,38585326.499
1680271200000,2023-03-31T14:00:00+00:00,1826.26,1831.38,1824.85,1829.87,16573.86,30308583.2822
1680272100000,2023-03-31T14:15:00+00:00,1829.87,1847,1829.06,1834.05,28396.2,52175887.55
1680273000000,2023-03-31T14:30:00+00:00,1834.05,1846.44,1833.9,1841.6,18585.02,34219382.1534
1680273900000,2023-03-31T14:45:00+00:00,1841.6,1847.15,1835.86,1836.12,16791.8,30901904.2039
1680274800000,2023-03-31T15:00:00+00:00,1836.12,1841.78,1835.15,1836.61,12410.14,22823378.2541
1680275700000,2023-03-31T15:15:00+00:00,1836.61,1837.39,1827.7,1828.17,18053.07,33049897.1039
1680276600000,2023-03-31T15:30:00+00:00,1828.17,1831.91,1826.45,1827.69,8107.1,14824517.3527
1680277500000,2023-03-31T15:45:00+00:00,1827.69,1830.47,1825.9,1830.47,6072.13,11105836.3984
1680278400000,2023-03-31T16:00:00+00:00,1830.47,1834.39,1828.5,1829.91,9245.17,16925518.1484
1680279300000,2023-03-31T16:15:00+00:00,1829.91,1830.83,1824.2,1824.49,6509.14,11895892.2083
1680280200000,2023-03-31T16:30:00+00:00,1824.49,1827.82,1818.67,1825.67,15603.46,28458327.4359
1680281100000,2023-03-31T16:45:00+00:00,1825.67,1830.43,1825.67,1830.01,12527.82,22911850.8735
1680282000000,2023-03-31T17:00:00+00:00,1830.01,1831.87,1827.04,1829.89,10640.27,19467685.8403
1680282900000,2023-03-31T17:15:00+00:00,1829.89,1830,1826.67,1829.24,11947.28,21843396.6966
1680283800000,2023-03-31T17:30:00+00:00,1829.24,1829.66,1823.23,1823.24,9517.99,17388031.0605
1680284700000,2023-03-31T17:45:00+00:00,1823.24,1825.55,1821.52,1825.34,7332.82,13375124.042
1680285600000,2023-03-31T18:00:00+00:00,1825.34,1826.02,1823.84,1823.84,7881.23,14381522.0731
1680286500000,2023-03-31T18:15:00+00:00,1823.84,1824.4,1820.76,1824.38,9290.7,16931120.0426
1680287400000,2023-03-31T18:30:00+00:00,1824.38,1825.3,1822.39,1825.29,8040.27,14659120.8942
1680288300000,2023-03-31T18:45:00+00:00,1825.29,1825.62,1822.21,1822.5,7528.02,13726377.4727
1680289200000,2023-03-31T19:00:00+00:00,1822.5,1824.76,1818.72,1822.71,9649.94,17583842.8058
1680290100000,2023-03-31T19:15:00+00:00,1822.71,1824.26,1820.45,1824.08,10436.83,19021234.8209
1680291000000,2023-03-31T19:30:00+00:00,1824.08,1831.6,1824.01,1827.36,10435.87,19072704.2959
1680291900000,2023-03-31T19:45:00+00:00,1827.36,1830.63,1826.3,1828.97,7195.47,13156079.5014
1680292800000,2023-03-31T20:00:00+00:00,1828.97,1829.26,1824.42,1825.47,8575.98,15660318.1509
1680293700000,2023-03-31T20:15:00+00:00,1825.47,1825.47,1819.52,1821.38,9238.75,16836728.5854
1680294600000,2023-03-31T20:30:00+00:00,1821.38,1825.3,1819.56,1825.04,7710.25,14054716.8133
1680295500000,2023-03-31T20:45:00+00:00,1825.04,1826.57,1814.62,1817.55,9420.85,17158246.0305
1680296400000,2023-03-31T21:00:00+00:00,1817.55,1819.34,1815.34,1818.19,6453.86,11731294.3014
1680297300000,2023-03-31T21:15:00+00:00,1818.19,1822.85,1818.19,1822.08,6740.44,12270459.87
1680298200000,2023-03-31T21:30:00+00:00,1822.08,1827.17,1822.08,1827.12,7893.8,14399345.5018
1680299100000,2023-03-31T21:45:00+00:00,1827.12,1827.61,1822.03,1824.12,7891.78,14406160.6156
1680300000000,2023-03-31T22:00:00+00:00,1824.12,1826.38,1821.77,1823.8,5803.73,10590256.1734
1680300900000,2023-03-31T22:15:00+00:00,1823.8,1828.63,1823.8,1826.62,7944.97,14514350.1119
1680301800000,2023-03-31T22:30:00+00:00,1826.62,1830,1825.2,1827.58,6205.76,11341900.0156
1680302700000,2023-03-31T22:45:00+00:00,1827.58,1828.7,1826.14,1826.26,5982.14,10930935.3868
1680303600000,2023-03-31T23:00:00+00:00,1826.26,1826.51,1824.74,1825.01,6301.06,11504516.0573
1680304500000,2023-03-31T23:15:00+00:00,1825.01,1825.97,1824.73,1825.83,5437.4,9925738.7268
1680305400000,2023-03-31T23:30:00+00:00,1825.83,1826.01,1821.8,1821.8,9911.43,18079416.1555
1680306300000,2023-03-31T23:45:00+00:00,1821.8,1823.41,1821.44,1821.72,11908.57,21700468.9943
