timestamp_ms,datetime_utc,open,high,low,close,base_volume,quote_volume
1696118400000,2023-10-01T00:00:00+00:00,1670.7,1673.07,1670.11,1672.79,1614.26,2698522.8324
1696119300000,2023-10-01T00:15:00+00:00,1672.79,1673.32,1672.24,1672.98,2518.58,4212762.5889
1696120200000,2023-10-01T00:30:00+00:00,1672.98,1674.54,1671.57,1673.85,2400.16,4015932.6928
1696121100000,2023-10-01T00:45:00+00:00,1673.85,1674.01,1673.18,1673.73,1955.26,3272387.5379
1696122000000,2023-10-01T01:00:00+00:00,1673.73,1674.15,1672.76,1672.78,2577.98,4313595.6862
1696122900000,2023-10-01T01:15:00+00:00,1672.78,1677.59,1672.76,1676.16,2863.73,4794335.8018
1696123800000,2023-10-01T01:30:00+00:00,1676.16,1676.25,1675.25,1675.83,3004.9,5035588.18
1696124700000,2023-10-01T01:45:00+00:00,1675.83,1675.83,1673.74,1673.74,2730.3,4572908.5231
1696125600000,2023-10-01T02:00:00+00:00,1673.74,1674.72,1673.54,1673.63,2171.09,3634760.0336
1696126500000,2023-10-01T02:15:00+00:00,1673.63,1674.32,1673.62,1673.88,2913.95,4878349.2512
1696127400000,2023-10-01T02:30:00+00:00,1673.88,1673.98,1671.73,1672.32,1840.37,3078110.407
1696128300000,2023-10-01T02:45:00+00:00,1672.32,1674.07,1672.2,1673.37,4027.34,6738641.3307
1696129200000,2023-10-01T03:00:00+00:00,1673.37,1673.71,1672,1672.32,1670.95,2795530.8018
1696130100000,2023-10-01T03:15:00+00:00,1672.32,1674.05,1671.76,1673.83,1862.82,3116160.675
1696131000000,2023-10-01T03:30:00+00:00,1673.83,1674.39,1673.37,1673.51,1385.03,2318272.8529
1696131900000,2023-10-01T03:45:00+00:00,1673.51,1674.2,1672.48,1674.2,1991.49,3332759.6118
1696132800000,2023-10-01T04:00:00+00:00,1674.2,1674.41,1673.35,1673.35,1859.28,3112154.2109
1696133700000,2023-10-01T04:15:00+00:00,1673.35,1673.68,1673.2,1673.5,2240.63,3749548.2762
1696134600000,2023-10-01T04:30:00+00:00,1673.5,1673.87,1673.31,1673.76,2827.6,4732142.2404
1696135500000,2023-10-01T04:45:00+00:00,1673.76,1675.33,1673.69,1675.14,1158.48,1940086.6145
1696136400000,2023-10-01T05:00:00+00:00,1675.14,1676.37,1675.14,1676.25,1386.79,2324083.4815
1696137300000,2023-10-01T05:15:00+00:00,1676.25,1679.9,1676.16,1679.27,2995.63,5026651.9708
1696138200000,2023-10-01T05:30:00+00:00,1679.27,1679.72,1677.7,1679.7,3432.54,5762490.7081
1696139100000,2023-10-01T05:45:00+00:00,1679.7,1679.74,1678.53,1678.97,3242.4,5444698.3585
1696140000000,2023-10-01T06:00:00+00:00,1678.97,1680.37,1678.21,1679.21,3005.29,5046851.5806
1696140900000,2023-10-01T06:15:00+00:00,1679.21,1679.5,1677.73,1677.75,2586.31,4340758.7461
1696141800000,2023-10-01T06:30:00+00:00,1677.75,1679.76,1677.62,1677.62,1606.04,2695381.0435
1696142700000,2023-10-01T06:45:00+00:00,1677.62,1679.3,1677.62,1678.5,2455.4,4121148.0474
1696143600000,2023-10-01T07:00:00+00:00,1678.5,1679.28,1678.09,1679.21,2537.9,4260273.5185
1696144500000,2023-10-01T07:15:00+00:00,1679.21,1679.3,1676.83,1677.25,3169.59,5320213.3462
1696145400000,2023-10-01T07:30:00+00:00,1677.25,1678.72,1677.12,1678.03,3720.93,6244007.3212
1696146300000,2023-10-01T07:45:00+00:00,1678.03,1678.94,1677.99,1678.01,3447.32,5786124.4236
1696147200000,2023-10-01T08:00:00+00:00,1678.01,1678.65,1676.67,1676.91,2788.08,4679187.2838
1696148100000,2023-10-01T08:15:00+00:00,1676.91,1678,1676.1,1677.77,1853.05,3107100.8245
1696149000000,2023-10-01T08:30:00+00:00,1677.77,1679.66,1677.32,1679.58,1734.75,2911796.2074
1696149900000,2023-10-01T08:45:00+00:00,1679.58,1681.03,1678.4,1678.88,2998.43,5036910.1676
1696150800000,2023-10-01T09:00:00+00:00,1678.88,1680.68,1678.72,1680.65,3591.89,6033028.297
1696151700000,2023-10-01T09:15:00+00:00,1680.65,1684.4,1679.3,1682.32,10972.12,18450126.9274
1696152600000,2023-10-01T09:30:00+00:00,1682.32,1684.45,1681.08,1683.38,6498.92,10937888.8573
1696153500000,2023-10-01T09:45:00+00:00,1683.38,1687.57,1683.31,1685.95,7063.33,11904374.5587
1696154400000,2023-10-01T10:00:00+00:00,1685.95,1692.11,1685.68,1690.13,16174.99,27316110.5024
1696155300000,2023-10-01T10:15:00+00:00,1690.13,1690.34,1685.19,1686.86,6391.56,10785816.9018
1696156200000,2023-10-01T10:30:00+00:00,1686.86,1686.86,1683.88,1683.89,5738.37,9667351.1914
1696157100000,2023-10-01T10:45:00+00:00,1683.89,1686.51,1683.89,1686.45,3495.21,5892006.9705
1696158000000,2023-10-01T11:00:00+00:00,1686.45,1686.45,1684.53,1685.74,3833.3,6460315.3984
1696158900000,2023-10-01T11:15:00+00:00,1685.74,1687.03,1684.68,1687.03,1585.63,2673631.0868
1696159800000,2023-10-01T11:30:00+00:00,1687.03,1691.76,1687.03,1690.31,5463.77,9233905.264
1696160700000,2023-10-01T11:45:00+00:00,1690.31,1690.32,1687.01,1688.68,2297.83,3880052.6258
1696161600000,2023-10-01T12:00:00+00:00,1688.68,1689,1685.25,1685.66,5588.57,9423403.2998
1696162500000,2023-10-01T12:15:00+00:00,1685.66,1686.53,1683.8,1686.51,6728.34,11339433.5818
1696163400000,2023-10-01T12:30:00+00:00,1686.51,1687.62,1684.86,1687.45,5561.98,9381510.1767
1696164300000,2023-10-01T12:45:00+00:00,1687.45,1688.55,1686.43,1687.18,7139.7,12047099.2793
1696165200000,2023-10-01T13:00:00+00:00,1687.18,1687.51,1682.12,1684.21,7080.94,11930817.3649
1696166100000,2023-10-01T13:15:00+00:00,1684.21,1684.89,1683.8,1684.61,6129.96,10324863.3136
1696167000000,2023-10-01T13:30:00+00:00,1684.61,1685.48,1683.38,1685.19,7200.95,12127676.3388
1696167900000,2023-10-01T13:45:00+00:00,1685.19,1686.67,1684.17,1686.57,5772.2,9732035.7986
1696168800000,2023-10-01T14:00:00+00:00,1686.57,1689,1686.49,1688.99,8256.39,13931143.1692
1696169700000,2023-10-01T14:15:00+00:00,1688.99,1690.95,1688.21,1689.72,5242.55,8857232.9124
1696170600000,2023-10-01T14:30:00+00:00,1689.72,1689.72,1677.69,1681.17,19445.94,32730679.2887
1696171500000,2023-10-01T14:45:00+00:00,1681.17,1683.33,1679.42,1681.26,10272.52,17264602.2638
1696172400000,2023-10-01T15:00:00+00:00,1681.26,1683.44,1680.84,1682.35,6983.92,11744797.1859
1696173300000,2023-10-01T15:15:00+00:00,1682.35,1683.2,1680.49,1682.37,2511.73,4224886.3462
1696174200000,2023-10-01T15:30:00+00:00,1682.37,1683.65,1682.05,1682.6,1740.57,2928831.3888
1696175100000,2023-10-01T15:45:00+00:00,1682.6,1684.31,1681.99,1683.62,1354.42,2279451.1816
1696176000000,2023-10-01T16:00:00+00:00,1683.62,1684.21,1682.33,1684.21,2199.71,3703310.7797
1696176900000,2023-10-01T16:15:00+00:00,1684.21,1684.45,1681.99,1682.11,2655.51,4468329.2989
1696177800000,2023-10-01T16:30:00+00:00,1682.11,1682.68,1677.71,1680.09,3051.65,5128565.1933
1696178700000,2023-10-01T16:45:00+00:00,1680.09,1682.02,1678.77,1679.2,3387.93,5693501.0884
1696179600000,2023-10-01T17:00:00+00:00,1679.2,1681.3,1678.96,1681.06,2600.18,4368645.1174
1696180500000,2023-10-01T17:15:00+00:00,1681.06,1681.39,1677.69,1678.56,2654.21,4457177.044
1696181400000,2023-10-01T17:30:00+00:00,1678.56,1678.84,1674.07,1675.11,4909.36,8230055.6286
1696182300000,2023-10-01T17:45:00+00:00,1675.11,1675.68,1670.59,1672.65,6832.93,11430603.8854
1696183200000,2023-10-01T18:00:00+00:00,1672.65,1675.36,1671.83,1674.43,3398.98,5688233.0392
1696184100000,2023-10-01T18:15:00+00:00,1674.43,1676.47,1674.01,1675.9,4320.64,7236858.09
1696185000000,2023-10-01T18:30:00+00:00,1675.9,1676.32,1674.48,1675.08,3127.24,5240384.6794
1696185900000,2023-10-01T18:45:00+00:00,1675.08,1675.64,1674.49,1675.19,1886.98,3160949.3439
1696186800000,2023-10-01T19:00:00+00:00,1675.19,1675.26,1674.01,1674.04,3072.33,5144631.0119
1696187700000,2023-10-01T19:15:00+00:00,1674.04,1676.25,1674.01,1676.02,5446.5,9124569.9543
1696188600000,2023-10-01T19:30:00+00:00,1676.02,1676.9,1675.81,1676.38,8713.66,14608274.7777
1696189500000,2023-10-01T19:45:00+00:00,1676.38,1676.49,1675.01,1676.02,4387.41,7353420.1847
1696190400000,2023-10-01T20:00:00+00:00,1676.02,1676.35,1667.5,1675.85,6998.85,11700670.9413
1696191300000,2023-10-01T20:15:00+00:00,1675.85,1676.47,1672.08,1672.08,4241.39,7100167.2629
1696192200000,2023-10-01T20:30:00+00:00,1672.08,1673.11,1669.38,1672.95,2437.49,4073830.759
1696193100000,2023-10-01T20:45:00+00:00,1672.95,1674.48,1672.95,1673.65,2359.72,3950029.576
1696194000000,2023-10-01T21:00:00+00:00,1673.65,1675.93,1673.17,1673.53,2779.94,4654572.584
1696194900000,2023-10-01T21:15:00+00:00,1673.53,1676.25,1673.36,1676.18,4822.04,8075027.6727
1696195800000,2023-10-01T21:30:00+00:00,1676.18,1677.07,1675.34,1677.07,3337.31,5593016.7469
1696196700000,2023-10-01T21:45:00+00:00,1677.07,1678.5,1675.88,1677.99,1683.63,2822883.0993
1696197600000,2023-10-01T22:00:00+00:00,1677.99,1680.5,1676.04,1679.98,5222.88,8762533.3336
1696198500000,2023-10-01T22:15:00+00:00,1679.98,1776.85,1679.91,1725.62,93829.54,162384775.6213
1696199400000,2023-10-01T22:30:00+00:00,1725.62,1736.53,1723.72,1731.54,17365.36,30036488.2402
1696200300000,2023-10-01T22:45:00+00:00,1731.54,1736,1728.55,1734.62,10442.86,18091875.5658
1696201200000,2023-10-01T23:00:00+00:00,1734.62,1736.93,1726.52,1728.7,11338.3,19641435.4439
1696202100000,2023-10-01T23:15:00+00:00,1728.7,1732.97,1725.09,1727.07,6472.68,11194414.261
1696203000000,2023-10-01T23:30:00+00:00,1727.07,1734.19,1725,1734.11,7769.01,13448094.2499
1696203900000,2023-10-01T23:45:00+00:00,1734.11,1736.19,1732.23,1733.8,4967.89,8616584.6263
1696204800000,2023-10-02T00:00:00+00:00,1733.8,1735.23,1729.45,1729.67,7977.81,13823373.2198
1696205700000,2023-10-02T00:15:00+00:00,1729.67,1730.32,1725.51,1728.64,7178.37,12406802.2275
1696206600000,2023-10-02T00:30:00+00:00,1728.64,1729.54,1723.42,1728.41,6159.67,10633201.5615
1696207500000,2023-10-02T00:45:00+00:00,1728.41,1728.5,1721,1723.81,5022.76,8667470.0525
1696208400000,2023-10-02T01:00:00+00:00,1723.81,1726.69,1718.62,1719.78,7201.34,12417185.9669
1696209300000,2023-10-02T01:15:00+00:00,1719.78,1723.47,1718.88,1721.91,6824.09,11749811.6621
1696210200000,2023-10-02T01:30:00+00:00,1721.91,1724.99,1721.84,1724.59,3989.18,6875476.076
1696211100000,2023-10-02T01:45:00+00:00,1724.59,1726.4,1723.67,1725.79,4088.34,7051787.8084
1696212000000,2023-10-02T02:00:00+00:00,1725.79,1727.43,1724.08,1726.17,4467.47,7710920.4497
1696212900000,2023-10-02T02:15:00+00:00,1726.17,1726.84,1725.22,1725.98,2724.23,4702362.554
1696213800000,2023-10-02T02:30:00+00:00,1725.98,1726.76,1725,1726.18,2446.42,4222284.0817
1696214700000,2023-10-02T02:45:00+00:00,1726.18,1728.82,1725.89,1726.77,2379.45,4109796.9811
1696215600000,2023-10-02T03:00:00+00:00,1726.77,1728.39,1725.92,1726.79,2190.83,3783275.3483
1696216500000,2023-10-02T03:15:00+00:00,1726.79,1728.04,1725.11,1727.73,3543.23,6119320.7211
1696217400000,2023-10-02T03:30:00+00:00,1727.73,1733.27,1725.81,1729.37,7406.71,12797793.4785
1696218300000,2023-10-02T03:45:00+00:00,1729.37,1729.53,1725.55,1728.93,10990.01,18982986.4741
1696219200000,2023-10-02T04:00:00+00:00,1728.93,1729.72,1726.67,1727.15,4927.38,8515694.4447
1696220100000,2023-10-02T04:15:00+00:00,1727.15,1727.51,1725.52,1725.52,1588.69,2742839.2994
1696221000000,2023-10-02T04:30:00+00:00,1725.52,1726.2,1724.81,1724.94,3475.14,5996398.7779
1696221900000,2023-10-02T04:45:00+00:00,1724.94,1727.27,1724.89,1726.26,3503.12,6044995.2534
1696222800000,2023-10-02T05:00:00+00:00,1726.26,1726.92,1724.76,1725.59,7475.42,12900678.9544
1696223700000,2023-10-02T05:15:00+00:00,1725.59,1728.5,1725.59,1727.66,4818.19,8324565.7856
1696224600000,2023-10-02T05:30:00+00:00,1727.66,1727.66,1713.13,1717.38,9540.85,16412724.001
1696225500000,2023-10-02T05:45:00+00:00,1717.38,1719.41,1715.45,1717.84,6227.81,10694827.9116
1696226400000,2023-10-02T06:00:00+00:00,1717.84,1720.33,1716.2,1719.77,4935.93,8485733.2804
1696227300000,2023-10-02T06:15:00+00:00,1719.77,1723.49,1719.04,1723.12,5063.58,8715199.4586
1696228200000,2023-10-02T06:30:00+00:00,1723.12,1724.32,1721.8,1723.34,6090.69,10493262.3967
1696229100000,2023-10-02T06:45:00+00:00,1723.34,1724.79,1722.38,1724.63,4232.03,7292296.8481
1696230000000,2023-10-02T07:00:00+00:00,1724.63,1725.13,1722.88,1722.88,4644.3,8006699.1016
1696230900000,2023-10-02T07:15:00+00:00,1722.88,1727.19,1722.38,1725.5,10742.57,18531888.5708
1696231800000,2023-10-02T07:30:00+00:00,1725.5,1732.15,1725.15,1728.45,8154.7,14096318.1742
1696232700000,2023-10-02T07:45:00+00:00,1728.45,1733.46,1727.37,1729.89,7369.7,12751191.9378
1696233600000,2023-10-02T08:00:00+00:00,1729.89,1733.42,1726.02,1731.06,8651.5,14959799.8297
1696234500000,2023-10-02T08:15:00+00:00,1731.06,1734.99,1730.16,1734.39,7096.23,12298704.005
1696235400000,2023-10-02T08:30:00+00:00,1734.39,1743.76,1732.82,1735.56,12997.88,22595929.7174
1696236300000,2023-10-02T08:45:00+00:00,1735.56,1737.55,1733.49,1733.49,5294.69,9185493.4097
1696237200000,2023-10-02T09:00:00+00:00,1733.49,1735.41,1731.81,1732.68,4550.02,7889558.7834
1696238100000,2023-10-02T09:15:00+00:00,1732.68,1733.73,1729.02,1733.57,5718.68,9901259.767
1696239000000,2023-10-02T09:30:00+00:00,1733.57,1735.5,1730.44,1730.5,3606.88,6251192.4837
1696239900000,2023-10-02T09:45:00+00:00,1730.5,1732.62,1730.49,1731.09,3721.27,6443992.637
1696240800000,2023-10-02T10:00:00+00:00,1731.09,1731.57,1730.47,1730.87,4930.3,8534180.212
1696241700000,2023-10-02T10:15:00+00:00,1730.87,1732.5,1730.12,1731.96,3873.06,6705008.7711
1696242600000,2023-10-02T10:30:00+00:00,1731.96,1732.28,1729.51,1731.25,7236.62,12526012.5613
1696243500000,2023-10-02T10:45:00+00:00,1731.25,1731.93,1730.12,1730.65,5466.62,9462750.8418
1696244400000,2023-10-02T11:00:00+00:00,1730.65,1731.63,1727.1,1728.93,6623.59,11452655.2905
1696245300000,2023-10-02T11:15:00+00:00,1728.93,1733.33,1728.81,1732.11,5982.43,10360257.225
1696246200000,2023-10-02T11:30:00+00:00,1732.11,1732.82,1725.7,1725.94,9956.14,17224341.9138
1696247100000,2023-10-02T11:45:00+00:00,1725.94,1728.4,1724.51,1724.73,8151.42,14072089.5443
1696248000000,2023-10-02T12:00:00+00:00,1724.73,1727.89,1723.71,1727.43,5952.74,10276690.7566
1696248900000,2023-10-02T12:15:00+00:00,1727.43,1728.23,1725.51,1728.03,4859.43,8392010.8913
1696249800000,2023-10-02T12:30:00+00:00,1728.03,1734.27,1727.76,1730.96,9459.16,16379686.2203
1696250700000,2023-10-02T12:45:00+00:00,1730.96,1732,1729.56,1729.57,3970.57,6871421.5053
1696251600000,2023-10-02T13:00:00+00:00,1729.57,1729.92,1726.33,1727.37,4915.91,8494659.6038
1696252500000,2023-10-02T13:15:00+00:00,1727.37,1729.29,1722.66,1723.62,5025.82,8677165.8251
1696253400000,2023-10-02T13:30:00+00:00,1723.62,1729.7,1722.66,1725.84,8523.22,14713209.4184
1696254300000,2023-10-02T13:45:00+00:00,1725.84,1727.78,1718.4,1727.71,9335.69,16076717.6047
1696255200000,2023-10-02T14:00:00+00:00,1727.71,1728.81,1705.79,1707.12,18682.42,32048460.1812
1696256100000,2023-10-02T14:15:00+00:00,1707.12,1712.86,1703.35,1710.89,15435.1,26363875.5888
1696257000000,2023-10-02T14:30:00+00:00,1710.89,1717.71,1709.8,1715.77,9210.93,15790950.141
1696257900000,2023-10-02T14:45:00+00:00,1715.77,1716.8,1711.84,1715.35,6659.16,11418969.4877
1696258800000,2023-10-02T15:00:00+00:00,1715.35,1716.5,1711.46,1713.49,4559.1,7814458.0051
1696259700000,2023-10-02T15:15:00+00:00,1713.49,1715.41,1709.47,1711.73,7334.38,12554862.7306
1696260600000,2023-10-02T15:30:00+00:00,1711.73,1713.5,1703.51,1703.99,6286.33,10735008.6983
1696261500000,2023-10-02T15:45:00+00:00,1703.99,1704,1686.37,1690.58,35945.77,60893475.4118
1696262400000,2023-10-02T16:00:00+00:00,1690.58,1691.37,1678.31,1690.61,25243.19,42556058.6021
1696263300000,2023-10-02T16:15:00+00:00,1690.61,1692.57,1687.16,1689.31,13230.8,22362476.2541
1696264200000,2023-10-02T16:30:00+00:00,1689.31,1689.32,1685.23,1687.59,6216.81,10491789.937
1696265100000,2023-10-02T16:45:00+00:00,1687.59,1690.96,1681.58,1685.46,10002.47,16855511.8115
1696266000000,2023-10-02T17:00:00+00:00,1685.46,1687,1680.07,1682.94,12090.54,20345164.1474
1696266900000,2023-10-02T17:15:00+00:00,1682.94,1689.14,1682.32,1688.24,6877.97,11592039.8895
1696267800000,2023-10-02T17:30:00+00:00,1688.24,1688.95,1687.2,1688.86,2837.55,4790063.6667
1696268700000,2023-10-02T17:45:00+00:00,1688.86,1690.41,1687.97,1688.09,7838.57,13240125.4476
1696269600000,2023-10-02T18:00:00+00:00,1688.09,1691.5,1686.82,1691.37,3603.05,6084816.7693
1696270500000,2023-10-02T18:15:00+00:00,1691.37,1691.37,1683.64,1684.03,3814.06,6435999.6143
1696271400000,2023-10-02T18:30:00+00:00,1684.03,1686.32,1634.82,1651.47,45221.81,74874192.9781
1696272300000,2023-10-02T18:45:00+00:00,1651.47,1661.36,1649.23,1656.87,22279.63,36925233.9455
1696273200000,2023-10-02T19:00:00+00:00,1656.87,1660.6,1648.5,1658.76,17613.97,29142073.5577
1696274100000,2023-10-02T19:15:00+00:00,1658.76,1665.26,1657.69,1663.24,9505.34,15797675.2511
1696275000000,2023-10-02T19:30:00+00:00,1663.24,1667.37,1662.8,1664.5,9330.53,15530839.5076
1696275900000,2023-10-02T19:45:00+00:00,1664.5,1673.5,1663.68,1673.14,9610.7,16034993.1857
1696276800000,2023-10-02T20:00:00+00:00,1673.14,1673.14,1665.65,1667.15,6523.74,10883034.166
1696277700000,2023-10-02T20:15:00+00:00,1667.15,1668.91,1663.52,1666.12,4423.7,7370651.349
1696278600000,2023-10-02T20:30:00+00:00,1666.12,1668.01,1664.24,1666.49,4787.33,7977180.5673
1696279500000,2023-10-02T20:45:00+00:00,1666.49,1667.13,1663.25,1663.93,5646.05,9401918.8765
1696280400000,2023-10-02T21:00:00+00:00,1663.93,1665.03,1656.36,1658.48,9472.34,15730564.7169
1696281300000,2023-10-02T21:15:00+00:00,1658.48,1663.72,1658.31,1662.26,6332.12,10525406.2737
1696282200000,2023-10-02T21:30:00+00:00,1662.26,1662.26,1648.5,1651.45,11442.19,18935932.0524
1696283100000,2023-10-02T21:45:00+00:00,1651.45,1655.76,1635.29,1653.7,28535.83,46971528.5781
1696284000000,2023-10-02T22:00:00+00:00,1653.7,1654.29,1648.53,1651.75,8371.81,13831795.0372
1696284900000,2023-10-02T22:15:00+00:00,1651.75,1656.94,1651.06,1656.94,5376.53,8891082.9294
1696285800000,2023-10-02T22:30:00+00:00,1656.94,1658.55,1655.49,1657.7,3942.18,6532691.7529
1696286700000,2023-10-02T22:45:00+00:00,1657.7,1660.58,1656.93,1659.98,2616.42,4339011.0653
1696287600000,2023-10-02T23:00:00+00:00,1659.98,1662.28,1657.89,1657.97,5126.56,8506270.8814
1696288500000,2023-10-02T23:15:00+00:00,1657.97,1660.63,1657.64,1659.94,4825.82,8007869.9288
1696289400000,2023-10-02T23:30:00+00:00,1659.94,1664.76,1659.94,1663.23,6159.45,10236850.1875
1696290300000,2023-10-02T23:45:00+00:00,1663.23,1664.34,1661,1661.32,7048.85,11722296.486
1696291200000,2023-10-03T00:00:00+00:00,1661.32,1662.82,1660.57,1661.72,8705.34,14464846.8453
1696292100000,2023-10-03T00:15:00+00:00,1661.72,1663.62,1660.9,1663.32,5345.89,8889646.6143
1696293000000,2023-10-03T00:30:00+00:00,1663.32,1665.86,1660.89,1662.58,5761.32,9585296.2428
1696293900000,2023-10-03T00:45:00+00:00,1662.58,1663.35,1659.8,1660.98,9258.49,15382765.7591
1696294800000,2023-10-03T01:00:00+00:00,1660.98,1661.99,1658.88,1661.18,5555.89,9222799.6667
1696295700000,2023-10-03T01:15:00+00:00,1661.18,1664.03,1660.82,1663.94,5610.04,9326018.8625
1696296600000,2023-10-03T01:30:00+00:00,1663.94,1667.38,1663.47,1666.26,9877.11,16458255.5664
1696297500000,2023-10-03T01:45:00+00:00,1666.26,1667,1664.82,1666.58,4796.42,7990442.3397
1696298400000,2023-10-03T02:00:00+00:00,1666.58,1666.58,1664.66,1665.21,5636.9,9387167.508
1696299300000,2023-10-03T02:15:00+00:00,1665.21,1666.06,1664.5,1666.03,4795.27,7985076.5453
1696300200000,2023-10-03T02:30:00+00:00,1666.03,1666.37,1665.21,1665.63,6379.23,10625903.6359
1696301100000,2023-10-03T02:45:00+00:00,1665.63,1666.5,1665.4,1666.21,4302.38,7168042.8813
1696302000000,2023-10-03T03:00:00+00:00,1666.21,1666.22,1662.54,1665.22,3887.08,6469719.3897
1696302900000,2023-10-03T03:15:00+00:00,1665.22,1665.42,1662.31,1662.91,3194.74,5316186.2337
1696303800000,2023-10-03T03:30:00+00:00,1662.91,1666.5,1662.34,1666.46,3320,5526888.1852
1696304700000,2023-10-03T03:45:00+00:00,1666.46,1666.46,1663.54,1664.38,2438.2,4057860.2753
1696305600000,2023-10-03T04:00:00+00:00,1664.38,1665.44,1664.38,1664.96,2313.41,3851864.8925
1696306500000,2023-10-03T04:15:00+00:00,1664.96,1665.62,1662.63,1662.63,4642.13,7723383.3182
1696307400000,2023-10-03T04:30:00+00:00,1662.63,1665.22,1662.39,1664.16,5442.18,9056411.0053
1696308300000,2023-10-03T04:45:00+00:00,1664.16,1666.39,1663.27,1666.22,6442.91,10724880.663
1696309200000,2023-10-03T05:00:00+00:00,1666.22,1666.23,1663.03,1663.26,5701.55,9492951.1643
1696310100000,2023-10-03T05:15:00+00:00,1663.26,1666.4,1663.26,1664.77,2569.57,4277613.5959
1696311000000,2023-10-03T05:30:00+00:00,1664.77,1669.26,1664.45,1668.3,4598.11,7662900.23
1696311900000,2023-10-03T05:45:00+00:00,1668.3,1668.3,1664.62,1664.62,2386,3976781.3524
1696312800000,2023-10-03T06:00:00+00:00,1664.62,1665.38,1663.49,1665.37,3265.51,5434497.1766
1696313700000,2023-10-03T06:15:00+00:00,1665.37,1665.5,1663.6,1665.22,2065.25,3438030.8015
1696314600000,2023-10-03T06:30:00+00:00,1665.22,1668.38,1664.95,1667.1,4832.16,8053501.6159
1696315500000,2023-10-03T06:45:00+00:00,1667.1,1669.39,1667.1,1667.81,5537.95,9239218.3234
1696316400000,2023-10-03T07:00:00+00:00,1667.81,1668.37,1666,1666.01,2810.31,4684594.9753
1696317300000,2023-10-03T07:15:00+00:00,1666.01,1666.02,1663.09,1664.09,3168.33,5272686.2693
1696318200000,2023-10-03T07:30:00+00:00,1664.09,1664.09,1660.79,1661.62,9357.81,15553413.0586
1696319100000,2023-10-03T07:45:00+00:00,1661.62,1662.53,1660.9,1661.16,3569.33,5931925.7295
1696320000000,2023-10-03T08:00:00+00:00,1661.16,1664.78,1661.16,1664.18,4588.97,7634270.6554
1696320900000,2023-10-03T08:15:00+00:00,1664.18,1666.23,1664.18,1665.7,6953.63,11581841.4118
1696321800000,2023-10-03T08:30:00+00:00,1665.7,1666.38,1663.11,1665.25,4566.73,7604982.3445
1696322700000,2023-10-03T08:45:00+00:00,1665.25,1666,1663.03,1663.08,5007.28,8333059.4941
1696323600000,2023-10-03T09:00:00+00:00,1663.08,1664.5,1663.08,1663.47,4495.99,7480651.9569
1696324500000,2023-10-03T09:15:00+00:00,1663.47,1664.4,1661.49,1661.52,5866.83,9756452.2549
1696325400000,2023-10-03T09:30:00+00:00,1661.52,1663.22,1661,1661.01,5379.38,8941015.9436
1696326300000,2023-10-03T09:45:00+00:00,1661.01,1661.51,1658.06,1658.2,5456.81,9059297.6826
1696327200000,2023-10-03T10:00:00+00:00,1658.2,1659.83,1656.28,1656.82,6599.82,10946844.8613
1696328100000,2023-10-03T10:15:00+00:00,1656.82,1658,1653.63,1656.76,5551.29,9191741.3944
1696329000000,2023-10-03T10:30:00+00:00,1656.76,1658.37,1654.16,1657.26,4563.81,7560462.2222
1696329900000,2023-10-03T10:45:00+00:00,1657.26,1659.38,1654.99,1658.51,4330.96,7179911.3355
1696330800000,2023-10-03T11:00:00+00:00,1658.51,1658.84,1652.1,1652.1,7435.99,12305149.1365
1696331700000,2023-10-03T11:15:00+00:00,1652.1,1654.22,1649.52,1650.01,8924.23,14743360.4037
1696332600000,2023-10-03T11:30:00+00:00,1650.01,1655.48,1648.75,1655,9867.23,16300531.9451
1696333500000,2023-10-03T11:45:00+00:00,1655,1656.42,1652.95,1655.26,5651.59,9352972.6382
1696334400000,2023-10-03T12:00:00+00:00,1655.26,1655.55,1651.22,1651.82,7222.15,11935925.4834
1696335300000,2023-10-03T12:15:00+00:00,1651.82,1655.98,1647.7,1654.89,12501.63,20647514.9086
1696336200000,2023-10-03T12:30:00+00:00,1654.89,1657.44,1654.49,1654.82,8621.79,14275793.1637
1696337100000,2023-10-03T12:45:00+00:00,1654.82,1656.85,1652.59,1654.92,8368.1,13848952.8077
1696338000000,2023-10-03T13:00:00+00:00,1654.92,1657.51,1652.01,1656.82,8094.55,13403155.4761
1696338900000,2023-10-03T13:15:00+00:00,1656.82,1662.09,1656.67,1659.66,7109.86,11798469.0808
1696339800000,2023-10-03T13:30:00+00:00,1659.66,1661.48,1657.61,1661.1,5155.4,8553402.7499
1696340700000,2023-10-03T13:45:00+00:00,1661.1,1661.64,1659.24,1659.83,3426.74,5689127.416
1696341600000,2023-10-03T14:00:00+00:00,1659.83,1659.83,1650.28,1653.91,9935.18,16430787.1082
1696342500000,2023-10-03T14:15:00+00:00,1653.91,1654.4,1647.9,1649.3,8561.39,14140859.2837
1696343400000,2023-10-03T14:30:00+00:00,1649.3,1652.86,1644.32,1650.62,16645.27,27448421.962
1696344300000,2023-10-03T14:45:00+00:00,1650.62,1650.62,1641.87,1647.31,16500.13,27157040.1436
1696345200000,2023-10-03T15:00:00+00:00,1647.31,1649.11,1643.05,1648.17,10317.82,16983722.0634
1696346100000,2023-10-03T15:15:00+00:00,1648.17,1651.37,1647.9,1649.77,5919.22,9765690.9871
1696347000000,2023-10-03T15:30:00+00:00,1649.77,1650.67,1643.62,1645.32,6711.89,11053761.4706
1696347900000,2023-10-03T15:45:00+00:00,1645.32,1647.97,1642.56,1647.1,10592.12,17418249.559
1696348800000,2023-10-03T16:00:00+00:00,1647.1,1650.79,1645.76,1648.23,6799.53,11203034.7568
1696349700000,2023-10-03T16:15:00+00:00,1648.23,1651.69,1648.16,1650.66,7040.69,11618154.0793
1696350600000,2023-10-03T16:30:00+00:00,1650.66,1652.17,1649.46,1650.78,8719.95,14394921.1779
1696351500000,2023-10-03T16:45:00+00:00,1650.78,1651.22,1649.01,1649.76,5793.64,9560215.3845
1696352400000,2023-10-03T17:00:00+00:00,1649.76,1654.22,1649.21,1652.95,7045.23,11640884.904
1696353300000,2023-10-03T17:15:00+00:00,1652.95,1655.58,1652.36,1655,8850.11,14636861.9346
1696354200000,2023-10-03T17:30:00+00:00,1655,1657.34,1653.3,1653.3,5547.82,9179162.2637
1696355100000,2023-10-03T17:45:00+00:00,1653.3,1655.34,1652.55,1654.19,5746.95,9505776.2533
1696356000000,2023-10-03T18:00:00+00:00,1654.19,1655.13,1652.38,1652.85,9063.48,14988309.4478
1696356900000,2023-10-03T18:15:00+00:00,1652.85,1654.49,1652,1653.17,3919.54,6478874.6449
1696357800000,2023-10-03T18:30:00+00:00,1653.17,1653.17,1650.14,1651.59,4568.56,7544144.6704
1696358700000,2023-10-03T18:45:00+00:00,1651.59,1651.59,1647.73,1647.83,7434.89,12262500.8304
1696359600000,2023-10-03T19:00:00+00:00,1647.83,1653.74,1645.14,1652.37,7449.82,12286558.8097
1696360500000,2023-10-03T19:15:00+00:00,1652.37,1654.95,1652.07,1654.58,7693.83,12722997.9032
1696361400000,2023-10-03T19:30:00+00:00,1654.58,1654.8,1649.92,1650.21,4158.86,6870503.9338
1696362300000,2023-10-03T19:45:00+00:00,1650.21,1651.59,1647.39,1648.75,7805.4,12873592.959
1696363200000,2023-10-03T20:00:00+00:00,1648.75,1655.2,1644.7,1654.57,13760.45,22710612.2052
1696364100000,2023-10-03T20:15:00+00:00,1654.57,1657.32,1653.24,1656.18,3699.78,6126067.1403
1696365000000,2023-10-03T20:30:00+00:00,1656.18,1658.7,1654.06,1654.89,4035.23,6681857.0399
1696365900000,2023-10-03T20:45:00+00:00,1654.89,1655.85,1654.49,1655.78,2471.47,4090525.0572
1696366800000,2023-10-03T21:00:00+00:00,1655.78,1656.75,1655.12,1655.59,6283.53,10404705.0521
1696367700000,2023-10-03T21:15:00+00:00,1655.59,1656.93,1655.41,1655.91,6486.05,10741699.6908
1696368600000,2023-10-03T21:30:00+00:00,1655.91,1655.91,1653.04,1654.02,6731.39,11133509.812
1696369500000,2023-10-03T21:45:00+00:00,1654.02,1654.47,1653.26,1653.9,6162.47,10190779.0929
1696370400000,2023-10-03T22:00:00+00:00,1653.9,1653.9,1650.33,1651.58,3477.78,5743627.9047
1696371300000,2023-10-03T22:15:00+00:00,1651.58,1651.6,1647.24,1649.92,7762.16,12801395.5255
1696372200000,2023-10-03T22:30:00+00:00,1649.92,1651.47,1648.86,1650.55,3957.05,6529250.8068
1696373100000,2023-10-03T22:45:00+00:00,1650.55,1657.61,1647.96,1656.1,10492.81,17339133.0057
1696374000000,2023-10-03T23:00:00+00:00,1656.1,1658.85,1654.6,1656.3,9582,15876591.1185
1696374900000,2023-10-03T23:15:00+00:00,1656.3,1656.3,1653.33,1655.09,3886.37,6430300.133
1696375800000,2023-10-03T23:30:00+00:00,1655.09,1657.04,1654.13,1656.53,4375.57,7245468.4056
1696376700000,2023-10-03T23:45:00+00:00,1656.53,1657.09,1654.95,1655.69,2850.29,4720018.9383
1696377600000,2023-10-04T00:00:00+00:00,1655.69,1656.55,1652.21,1652.22,4077.78,6746472.8722
1696378500000,2023-10-04T00:15:00+00:00,1652.22,1652.83,1648.3,1648.54,12879.22,21260835.5796
1696379400000,2023-10-04T00:30:00+00:00,1648.54,1649.35,1618.52,1635.21,46975.53,76849825.7841
1696380300000,2023-10-04T00:45:00+00:00,1635.21,1639.11,1634.12,1637.22,11112.68,18193865.0776
1696381200000,2023-10-04T01:00:00+00:00,1637.22,1639.18,1632.5,1639,12828.34,20996773.4199
1696382100000,2023-10-04T01:15:00+00:00,1639,1639.19,1633.52,1638.76,11428.2,18698524.8448
1696383000000,2023-10-04T01:30:00+00:00,1638.76,1638.78,1634.1,1637.08,9249.72,15135641.104
1696383900000,2023-10-04T01:45:00+00:00,1637.08,1639.45,1636.75,1637.82,8134.92,13325221.3203
1696384800000,2023-10-04T02:00:00+00:00,1637.82,1643.45,1636.26,1643.45,9673.09,15858619.8614
1696385700000,2023-10-04T02:15:00+00:00,1643.45,1646.08,1641.18,1642.3,6946.83,11416991.944
1696386600000,2023-10-04T02:30:00+00:00,1642.3,1644.07,1639.76,1639.77,4667.2,7661911.1658
1696387500000,2023-10-04T02:45:00+00:00,1639.77,1641.5,1639.17,1640.45,3566.06,5850059.7316
1696388400000,2023-10-04T03:00:00+00:00,1640.45,1642.81,1640.42,1642.6,4343.38,7131652.188
1696389300000,2023-10-04T03:15:00+00:00,1642.6,1645.06,1642.6,1642.79,8635.96,14195440.7863
1696390200000,2023-10-04T03:30:00+00:00,1642.79,1643.85,1640.95,1641.21,10432.36,17131191.2482
1696391100000,2023-10-04T03:45:00+00:00,1641.21,1642.38,1640,1640.65,7341.09,12047072.5345
1696392000000,2023-10-04T04:00:00+00:00,1640.65,1640.65,1638.21,1639.83,8458.39,13865998.512
1696392900000,2023-10-04T04:15:00+00:00,1639.83,1640.7,1638.57,1640.65,6292.9,10317288.7264
1696393800000,2023-10-04T04:30:00+00:00,1640.65,1640.65,1636.76,1637.66,5959.01,9763687.3168
1696394700000,2023-10-04T04:45:00+00:00,1637.66,1639.61,1636.34,1638.06,8286.66,13572874.7165
1696395600000,2023-10-04T05:00:00+00:00,1638.06,1638.43,1635.72,1636.31,7003.71,11463978.8024
1696396500000,2023-10-04T05:15:00+00:00,1636.31,1637.25,1634.75,1637.25,6577.1,10759272.6771
1696397400000,2023-10-04T05:30:00+00:00,1637.25,1638.69,1636.78,1638.53,4925.15,8066245.3605
1696398300000,2023-10-04T05:45:00+00:00,1638.53,1639.49,1638.39,1639.49,5839.12,9569195.8068
1696399200000,2023-10-04T06:00:00+00:00,1639.49,1640.09,1636.72,1638.8,5494.74,9003484.9432
1696400100000,2023-10-04T06:15:00+00:00,1638.8,1639.1,1634.85,1635.82,9321.68,15257670.2202
1696401000000,2023-10-04T06:30:00+00:00,1635.82,1637.96,1635.82,1637.91,10189.39,16679136.2869
1696401900000,2023-10-04T06:45:00+00:00,1637.91,1641,1637.89,1640.99,7323.81,12007107.019
1696402800000,2023-10-04T07:00:00+00:00,1640.99,1642.88,1640.84,1641.97,11144.84,18298102.9961
1696403700000,2023-10-04T07:15:00+00:00,1641.97,1643.16,1641.36,1641.38,9801.31,16091592.2404
1696404600000,2023-10-04T07:30:00+00:00,1641.38,1641.69,1639.76,1641.69,10934.49,17940301.5819
1696405500000,2023-10-04T07:45:00+00:00,1641.69,1643.87,1641.67,1643.83,9595.06,15765485.8417
1696406400000,2023-10-04T08:00:00+00:00,1643.83,1644.58,1642.57,1643.86,11375.45,18696663.9106
1696407300000,2023-10-04T08:15:00+00:00,1643.86,1645.21,1642.79,1644.78,7571.1,12446426.6493
1696408200000,2023-10-04T08:30:00+00:00,1644.78,1647.41,1643.5,1646.77,6678.74,10987894.6316
1696409100000,2023-10-04T08:45:00+00:00,1646.77,1647.33,1644.16,1645.11,8275.35,13622663.7613
1696410000000,2023-10-04T09:00:00+00:00,1645.11,1646.25,1644.27,1646.17,6095.09,10026644.2062
1696410900000,2023-10-04T09:15:00+00:00,1646.17,1647.88,1645.02,1645.27,5476.72,9015280.9723
1696411800000,2023-10-04T09:30:00+00:00,1645.27,1648.04,1645.1,1646.83,6830.52,11249142.2128
1696412700000,2023-10-04T09:45:00+00:00,1646.83,1651.68,1646.81,1650.63,6799.83,11211776.0107
1696413600000,2023-10-04T10:00:00+00:00,1650.63,1651.33,1648,1649.99,3817.78,6297631.6904
1696414500000,2023-10-04T10:15:00+00:00,1649.99,1649.99,1646.32,1646.72,7661.17,12622075.0116
1696415400000,2023-10-04T10:30:00+00:00,1646.72,1647.43,1645.43,1646.43,5566.62,9165638.1862
1696416300000,2023-10-04T10:45:00+00:00,1646.43,1646.43,1645.07,1645.16,4526.46,7447535.7504
1696417200000,2023-10-04T11:00:00+00:00,1645.16,1645.48,1644.27,1644.91,5320.33,8752105.238
1696418100000,2023-10-04T11:15:00+00:00,1644.91,1646.25,1644.91,1645.99,4982.36,8199350.2237
1696419000000,2023-10-04T11:30:00+00:00,1645.99,1646.57,1645.24,1646.37,3113.77,5125449.8693
1696419900000,2023-10-04T11:45:00+00:00,1646.37,1646.54,1643.81,1645.22,4269.59,7024449.2281
1696420800000,2023-10-04T12:00:00+00:00,1645.22,1646.71,1643.65,1644.52,4985.85,8202767.0761
1696421700000,2023-10-04T12:15:00+00:00,1644.52,1648.18,1644.38,1647.35,9192.31,15135771.4617
1696422600000,2023-10-04T12:30:00+00:00,1647.35,1649,1646.75,1648.86,3946.99,6503473.0097
1696423500000,2023-10-04T12:45:00+00:00,1648.86,1648.87,1644.57,1644.95,4939.89,8135833.8513
1696424400000,2023-10-04T13:00:00+00:00,1644.95,1645.24,1642.74,1643.62,4775.14,7848658.4318
1696425300000,2023-10-04T13:15:00+00:00,1643.62,1643.8,1640.11,1640.26,9252.82,15185526.3455
1696426200000,2023-10-04T13:30:00+00:00,1640.26,1642.08,1635.69,1637.16,10881.85,17841428.846
1696427100000,2023-10-04T13:45:00+00:00,1637.16,1639.33,1632.21,1633.85,12421.39,20320723.3068
1696428000000,2023-10-04T14:00:00+00:00,1633.85,1636.86,1629.19,1636.23,17373.17,28382119.6371
1696428900000,2023-10-04T14:15:00+00:00,1636.23,1636.49,1628.68,1629.69,10549.09,17224953.2123
1696429800000,2023-10-04T14:30:00+00:00,1629.69,1635.96,1629.69,1633.35,10278.38,16786721.8672
1696430700000,2023-10-04T14:45:00+00:00,1633.35,1633.99,1625.84,1632.73,10168.01,16577101.9884
1696431600000,2023-10-04T15:00:00+00:00,1632.73,1636.3,1630.94,1635.5,8033.98,13124682.9584
1696432500000,2023-10-04T15:15:00+00:00,1635.5,1636.18,1633.3,1635.9,3628.53,5932396.5289
1696433400000,2023-10-04T15:30:00+00:00,1635.9,1636.72,1633.4,1634.1,3454.75,5649101.9514
1696434300000,2023-10-04T15:45:00+00:00,1634.1,1635.92,1630.5,1631.41,3934.47,6426833.5318
1696435200000,2023-10-04T16:00:00+00:00,1631.41,1631.97,1630.5,1630.5,5104.51,8325799.0305
1696436100000,2023-10-04T16:15:00+00:00,1630.5,1634.3,1630.5,1634,4647.91,7587251.3924
1696437000000,2023-10-04T16:30:00+00:00,1634,1642.4,1633.11,1638.45,10282.25,16854860.0547
1696437900000,2023-10-04T16:45:00+00:00,1638.45,1640.52,1635.8,1637.01,5693.58,9326145.011
1696438800000,2023-10-04T17:00:00+00:00,1637.01,1639.16,1636.05,1639.06,6570.32,10758917.4321
1696439700000,2023-10-04T17:15:00+00:00,1639.06,1641.25,1637.84,1637.85,8741.97,14328974.5875
1696440600000,2023-10-04T17:30:00+00:00,1637.85,1638.4,1636.05,1637.32,7130.39,11673869.8939
1696441500000,2023-10-04T17:45:00+00:00,1637.32,1638.87,1636.33,1637.72,9479.24,15523221.8089
1696442400000,2023-10-04T18:00:00+00:00,1637.72,1640.94,1637.05,1640.58,6472.69,10607407.9469
1696443300000,2023-10-04T18:15:00+00:00,1640.58,1641.74,1638.33,1640.29,4274.47,7011213.3823
1696444200000,2023-10-04T18:30:00+00:00,1640.29,1641.4,1637.06,1638.27,9003.48,14758273.3179
1696445100000,2023-10-04T18:45:00+00:00,1638.27,1643.35,1637.5,1642.6,7802.24,12801454.9739
1696446000000,2023-10-04T19:00:00+00:00,1642.6,1653.27,1642.59,1651.01,24277.3,40038749.7849
1696446900000,2023-10-04T19:15:00+00:00,1651.01,1653.67,1645.85,1648.43,8535.4,14080018.4962
1696447800000,2023-10-04T19:30:00+00:00,1648.43,1648.75,1635.9,1641,11796.3,19370155.8377
1696448700000,2023-10-04T19:45:00+00:00,1641,1644.95,1640.09,1641.74,14733.01,24197966.8838
1696449600000,2023-10-04T20:00:00+00:00,1641.74,1645.08,1639.19,1644.33,6269.97,10295585.094
1696450500000,2023-10-04T20:15:00+00:00,1644.33,1646.47,1642.96,1645.6,3816.46,6277228.9038
1696451400000,2023-10-04T20:30:00+00:00,1645.6,1646.48,1643.96,1643.96,5972.1,9826113.3105
1696452300000,2023-10-04T20:45:00+00:00,1643.96,1644.31,1640.01,1641,2417.79,3971229.529
1696453200000,2023-10-04T21:00:00+00:00,1641,1646.12,1640.27,1644.98,2989.32,4911859.0275
1696454100000,2023-10-04T21:15:00+00:00,1644.98,1645.7,1643.85,1644.44,2959.41,4866856.0914
1696455000000,2023-10-04T21:30:00+00:00,1644.44,1646.87,1643.56,1644.78,2648.36,4355114.6303
1696455900000,2023-10-04T21:45:00+00:00,1644.78,1644.98,1642.39,1642.52,2605.62,4280334.089
1696456800000,2023-10-04T22:00:00+00:00,1642.52,1643.62,1642.08,1643.33,3321.28,5457066.0483
1696457700000,2023-10-04T22:15:00+00:00,1643.33,1643.33,1641.5,1642.62,8753.14,14374900.8196
1696458600000,2023-10-04T22:30:00+00:00,1642.62,1647.71,1642.62,1646.45,6248.83,10277973.2052
1696459500000,2023-10-04T22:45:00+00:00,1646.45,1648.12,1646.27,1647.15,5909.95,9734271.5494
1696460400000,2023-10-04T23:00:00+00:00,1647.15,1648.37,1646.19,1647.91,6846.23,11280401.3426
1696461300000,2023-10-04T23:15:00+00:00,1647.91,1651.51,1647.91,1648.99,7419.28,12237618.8679
1696462200000,2023-10-04T23:30:00+00:00,1648.99,1650.1,1647.22,1647.22,5865.9,9672156.3597
1696463100000,2023-10-04T23:45:00+00:00,1647.22,1647.8,1645.34,1645.34,9800.36,16139910.7911
1696464000000,2023-10-05T00:00:00+00:00,1645.34,1647.37,1644.75,1644.81,10096.99,16617325.7129
1696464900000,2023-10-05T00:15:00+00:00,1644.81,1646.75,1643.94,1644.85,6027.51,9915382.5049
1696465800000,2023-10-05T00:30:00+00:00,1644.85,1650.24,1643.69,1649.11,11193.46,18418232.856
1696466700000,2023-10-05T00:45:00+00:00,1649.11,1654.5,1648.26,1649.19,23312.15,38494168.1873
1696467600000,2023-10-05T01:00:00+00:00,1649.19,1649.95,1645.99,1648.27,10737.48,17693352.3236
1696468500000,2023-10-05T01:15:00+00:00,1648.27,1648.27,1644.5,1644.61,6551.56,10785105.1074
1696469400000,2023-10-05T01:30:00+00:00,1644.61,1646.05,1642.72,1644.17,5568.2,9156883.6301
1696470300000,2023-10-05T01:45:00+00:00,1644.17,1646.53,1643.05,1645.92,5054.93,8313989.1054
1696471200000,2023-10-05T02:00:00+00:00,1645.92,1646.34,1643.86,1644.81,3553.02,5844617.5618
1696472100000,2023-10-05T02:15:00+00:00,1644.81,1645.25,1641.78,1642.37,3626.52,5960896.3493
1696473000000,2023-10-05T02:30:00+00:00,1642.37,1643.69,1641.86,1643.45,3967.99,6518071.5492
1696473900000,2023-10-05T02:45:00+00:00,1643.45,1644.51,1642.53,1642.88,3344.68,5496417.5824
1696474800000,2023-10-05T03:00:00+00:00,1642.88,1644.07,1642.22,1643.89,4446.86,7306224.6855
1696475700000,2023-10-05T03:15:00+00:00,1643.89,1645.33,1643.25,1645.12,4509.11,7413693.7594
1696476600000,2023-10-05T03:30:00+00:00,1645.12,1645.25,1643.69,1643.69,3325.57,5468917.6304
1696477500000,2023-10-05T03:45:00+00:00,1643.69,1644.17,1640.8,1641.01,5005.44,8220498.4284
1696478400000,2023-10-05T04:00:00+00:00,1641.01,1641.78,1640.53,1641.36,5097.7,8366993.761
1696479300000,2023-10-05T04:15:00+00:00,1641.36,1642.17,1641.11,1641.82,4528.39,7433951.9991
1696480200000,2023-10-05T04:30:00+00:00,1641.82,1642.44,1641.68,1642.44,2779.74,4564199.4955
1696481100000,2023-10-05T04:45:00+00:00,1642.44,1643.64,1640.64,1643.62,3776.38,6202995.0598
1696482000000,2023-10-05T05:00:00+00:00,1643.62,1644.96,1643.01,1644.48,6068.46,9973737.2826
1696482900000,2023-10-05T05:15:00+00:00,1644.48,1644.48,1642.61,1642.64,6139.8,10087967.409
1696483800000,2023-10-05T05:30:00+00:00,1642.64,1643.51,1642.32,1642.32,4323.38,7102384.7259
1696484700000,2023-10-05T05:45:00+00:00,1642.32,1642.32,1638.76,1639,6515.89,10691041.4643
1696485600000,2023-10-05T06:00:00+00:00,1639,1640.2,1637.56,1638.79,6462.27,10591399.8268
1696486500000,2023-10-05T06:15:00+00:00,1638.79,1639,1635.76,1636.74,6110.43,10003007.3337
1696487400000,2023-10-05T06:30:00+00:00,1636.74,1637.6,1635.3,1637.42,5784.58,9466866.5974
1696488300000,2023-10-05T06:45:00+00:00,1637.42,1638.36,1636.63,1636.8,3345.36,5477623.7163
1696489200000,2023-10-05T07:00:00+00:00,1636.8,1636.8,1633.2,1633.6,5035.89,8235408.2835
1696490100000,2023-10-05T07:15:00+00:00,1633.6,1634.93,1631.13,1632.88,9424.52,15389457.2768
1696491000000,2023-10-05T07:30:00+00:00,1632.88,1633.72,1630.62,1633.5,7870.63,12846255.1403
1696491900000,2023-10-05T07:45:00+00:00,1633.5,1634.9,1632.23,1634.79,7010.35,11452352.1637
1696492800000,2023-10-05T08:00:00+00:00,1634.79,1636.08,1634.09,1634.49,5572.48,9110556.7266
1696493700000,2023-10-05T08:15:00+00:00,1634.49,1634.93,1633.58,1634.92,6852.57,11199471.4922
1696494600000,2023-10-05T08:30:00+00:00,1634.92,1636.11,1634.5,1635.56,10758.13,17594007.7483
1696495500000,2023-10-05T08:45:00+00:00,1635.56,1637.98,1635.56,1637.02,9227.02,15104383.6591
1696496400000,2023-10-05T09:00:00+00:00,1637.02,1637.62,1635.73,1637.19,6328.22,10355146.3726
1696497300000,2023-10-05T09:15:00+00:00,1637.19,1640.97,1637.18,1638.28,7788.35,12764699.2897
1696498200000,2023-10-05T09:30:00+00:00,1638.28,1639.19,1637.27,1637.53,7169.22,11743667.9488
1696499100000,2023-10-05T09:45:00+00:00,1637.53,1638.42,1637.1,1637.65,5903.45,9667551.8026
1696500000000,2023-10-05T10:00:00+00:00,1637.65,1637.79,1636.42,1637,5252.47,8598754.1225
1696500900000,2023-10-05T10:15:00+00:00,1637,1637,1635.69,1636.31,5629.56,9211462.4901
1696501800000,2023-10-05T10:30:00+00:00,1636.31,1638.71,1635.9,1637.64,3829.25,6269353.0728
1696502700000,2023-10-05T10:45:00+00:00,1637.64,1640.52,1637.64,1640.03,4671.06,7655891.2781
1696503600000,2023-10-05T11:00:00+00:00,1640.03,1640.36,1637.79,1638.28,5905.35,9676111.9445
1696504500000,2023-10-05T11:15:00+00:00,1638.28,1638.3,1636.78,1637.05,5478.71,8970382.5434
1696505400000,2023-10-05T11:30:00+00:00,1637.05,1638.99,1636.38,1638.42,6412.45,10501379.8974
1696506300000,2023-10-05T11:45:00+00:00,1638.42,1638.42,1634.99,1635.21,6255.23,10237752.6566
1696507200000,2023-10-05T12:00:00+00:00,1635.21,1636.54,1632.9,1633.31,5784.23,9456776.4735
1696508100000,2023-10-05T12:15:00+00:00,1633.31,1634.6,1632.89,1633.61,7251.39,11845730.9321
1696509000000,2023-10-05T12:30:00+00:00,1633.61,1633.94,1630.12,1631.85,8888.84,14507761.4285
1696509900000,2023-10-05T12:45:00+00:00,1631.85,1633.18,1631.27,1632.37,6272.28,10238054.1685
1696510800000,2023-10-05T13:00:00+00:00,1632.37,1639.36,1632.36,1638.65,10301.84,16847259.9538
1696511700000,2023-10-05T13:15:00+00:00,1638.65,1646.07,1638.5,1643.39,17703.77,29066119.6479
1696512600000,2023-10-05T13:30:00+00:00,1643.39,1648.28,1638.87,1638.87,15407.5,25330757.6842
1696513500000,2023-10-05T13:45:00+00:00,1638.87,1642.2,1637,1641.36,7198.39,11804424.5348
1696514400000,2023-10-05T14:00:00+00:00,1641.36,1642.81,1638.5,1642.51,9121.76,14962044.5889
1696515300000,2023-10-05T14:15:00+00:00,1642.51,1646.97,1641.3,1645.55,13798.52,22685466.4089
1696516200000,2023-10-05T14:30:00+00:00,1645.55,1646.52,1639.11,1640.51,8507.5,13968287.9196
1696517100000,2023-10-05T14:45:00+00:00,1640.51,1642.11,1639.66,1640.52,5753.73,9442121.6328
1696518000000,2023-10-05T15:00:00+00:00,1640.52,1641.2,1623,1626.91,30205.92,49211311.6122
1696518900000,2023-10-05T15:15:00+00:00,1626.91,1630.11,1622.66,1625.35,14768.7,24020126.8045
1696519800000,2023-10-05T15:30:00+00:00,1625.35,1625.6,1604.67,1619.76,49299.95,79723245.4117
1696520700000,2023-10-05T15:45:00+00:00,1619.76,1622,1616.1,1616.9,8437.17,13666444.0985
1696521600000,2023-10-05T16:00:00+00:00,1616.9,1619.22,1612.59,1617.15,18144.57,29315147.4193
1696522500000,2023-10-05T16:15:00+00:00,1617.15,1620.32,1615.46,1616.82,9757.51,15784162.1862
1696523400000,2023-10-05T16:30:00+00:00,1616.82,1619.2,1606.05,1610.52,15935.12,25724057.3594
1696524300000,2023-10-05T16:45:00+00:00,1610.52,1615.31,1609.12,1612.81,15750.81,25398184.9949
1696525200000,2023-10-05T17:00:00+00:00,1612.81,1613.75,1609.22,1612.62,26693.7,43035692.4991
1696526100000,2023-10-05T17:15:00+00:00,1612.62,1615.19,1607.63,1615.17,15121.84,24352801.4051
1696527000000,2023-10-05T17:30:00+00:00,1615.17,1618.09,1614.42,1617.8,11062.2,17875196.1343
1696527900000,2023-10-05T17:45:00+00:00,1617.8,1618.13,1614.83,1615.51,8391.16,13564660.7453
1696528800000,2023-10-05T18:00:00+00:00,1615.51,1616.67,1612.53,1614.82,6974.18,11260888.9099
1696529700000,2023-10-05T18:15:00+00:00,1614.82,1616.33,1611.23,1612.17,3564.3,5752105.6827
1696530600000,2023-10-05T18:30:00+00:00,1612.17,1618,1611.39,1617.5,7039.86,11365265.0679
1696531500000,2023-10-05T18:45:00+00:00,1617.5,1618,1614.64,1616.2,4415.04,7136083.1272
1696532400000,2023-10-05T19:00:00+00:00,1616.2,1617.25,1615.18,1617.24,3575.53,5779358.984
1696533300000,2023-10-05T19:15:00+00:00,1617.24,1618.99,1616.17,1616.73,3484.86,5636525.991
1696534200000,2023-10-05T19:30:00+00:00,1616.73,1616.96,1613.57,1613.57,2476.29,3998477.4932
1696535100000,2023-10-05T19:45:00+00:00,1613.57,1616.23,1613.57,1615.53,2998.04,4841817.1859
1696536000000,2023-10-05T20:00:00+00:00,1615.53,1618,1615.39,1616,3680.66,5950466.8006
1696536900000,2023-10-05T20:15:00+00:00,1616,1618.46,1615.56,1615.77,5508.59,8905719.0892
1696537800000,2023-10-05T20:30:00+00:00,1615.77,1615.95,1613.96,1614.47,6435.02,10389973.3978
1696538700000,2023-10-05T20:45:00+00:00,1614.47,1615.52,1612.82,1615.5,5895.05,9514155.3366
1696539600000,2023-10-05T21:00:00+00:00,1615.5,1617.63,1615.05,1617.59,8910.05,14401840.8013
1696540500000,2023-10-05T21:15:00+00:00,1617.59,1617.99,1614.34,1615.22,5342.98,8639303.0623
1696541400000,2023-10-05T21:30:00+00:00,1615.22,1616.41,1614.08,1614.45,3927.92,6345054.9042
1696542300000,2023-10-05T21:45:00+00:00,1614.45,1614.52,1613.11,1613.19,6057.52,9774313.8184
1696543200000,2023-10-05T22:00:00+00:00,1613.19,1613.26,1608.74,1611.69,13404.83,21599409.3891
1696544100000,2023-10-05T22:15:00+00:00,1611.69,1614.88,1611.51,1614.76,3496.38,5639791.3871
1696545000000,2023-10-05T22:30:00+00:00,1614.76,1616.56,1614.31,1616.49,4058.82,6558754.4207
1696545900000,2023-10-05T22:45:00+00:00,1616.49,1616.66,1614.19,1614.76,3358.14,5424276.5841
1696546800000,2023-10-05T23:00:00+00:00,1614.76,1616.48,1614.76,1615.7,4241.83,6853636.8988
1696547700000,2023-10-05T23:15:00+00:00,1615.7,1616.26,1611.91,1611.93,6329.24,10217904.1281
1696548600000,2023-10-05T23:30:00+00:00,1611.93,1613.47,1611.13,1613.13,5199.65,8381508.6697
1696549500000,2023-10-05T23:45:00+00:00,1613.13,1613.63,1609.78,1610.49,5219.59,8409554.0199
1696550400000,2023-10-06T00:00:00+00:00,1610.49,1613.29,1610.49,1612.18,4438.35,7155320.4498
1696551300000,2023-10-06T00:15:00+00:00,1612.18,1616.19,1611.07,1616.02,4242.15,6845115.8377
1696552200000,2023-10-06T00:30:00+00:00,1616.02,1616.29,1615.06,1615.64,7596.66,12275395.0197
1696553100000,2023-10-06T00:45:00+00:00,1615.64,1616.66,1614.33,1616.12,4579.95,7399354.3312
1696554000000,2023-10-06T01:00:00+00:00,1616.12,1618.57,1615.81,1617.51,8142.14,13169102.6967
1696554900000,2023-10-06T01:15:00+00:00,1617.51,1618.19,1616.76,1617.33,2757.17,4458863.1832
1696555800000,2023-10-06T01:30:00+00:00,1617.33,1621.88,1617.29,1620.11,8767.02,14198853.0966
1696556700000,2023-10-06T01:45:00+00:00,1620.11,1621.45,1620.11,1620.94,3623.97,5873196.5695
1696557600000,2023-10-06T02:00:00+00:00,1620.94,1623.13,1620.94,1621.92,7571.63,12282210.7696
1696558500000,2023-10-06T02:15:00+00:00,1621.92,1623.96,1620.69,1623.49,5952.56,9655684.2797
1696559400000,2023-10-06T02:30:00+00:00,1623.49,1623.51,1621.84,1622.9,3536.67,5738164.9969
1696560300000,2023-10-06T02:45:00+00:00,1622.9,1624.28,1622.21,1622.26,6190.64,10050031.2608
1696561200000,2023-10-06T03:00:00+00:00,1622.26,1622.94,1621.33,1621.89,6140.26,9961059.3712
1696562100000,2023-10-06T03:15:00+00:00,1621.89,1622.4,1621.42,1621.42,7062.15,11454405.7073
1696563000000,2023-10-06T03:30:00+00:00,1621.42,1623.86,1621.42,1623.32,5428.68,8810609.7405
1696563900000,2023-10-06T03:45:00+00:00,1623.32,1623.67,1622.35,1623.18,7230.15,11735089.6994
1696564800000,2023-10-06T04:00:00+00:00,1623.18,1623.28,1622.55,1622.56,3461.62,5617726.7384
1696565700000,2023-10-06T04:15:00+00:00,1622.56,1622.56,1620.56,1621.49,4230.4,6860012.1981
1696566600000,2023-10-06T04:30:00+00:00,1621.49,1621.61,1620.7,1621.18,4498.28,7292985.5844
1696567500000,2023-10-06T04:45:00+00:00,1621.18,1621.58,1620.1,1621.57,6634.39,10753496.3861
1696568400000,2023-10-06T05:00:00+00:00,1621.57,1622.02,1618.44,1618.67,4379.86,7096878.0136
1696569300000,2023-10-06T05:15:00+00:00,1618.67,1619.84,1618.07,1618.09,2905.81,4704156.8955
1696570200000,2023-10-06T05:30:00+00:00,1618.09,1619.9,1617.53,1619.63,3217,5207289.1704
1696571100000,2023-10-06T05:45:00+00:00,1619.63,1619.68,1618.58,1619.61,1906.75,3087266.3093
1696572000000,2023-10-06T06:00:00+00:00,1619.61,1620.26,1618.18,1619.31,5175.69,8380232.7323
1696572900000,2023-10-06T06:15:00+00:00,1619.31,1620.82,1618.86,1620.2,7147.85,11577226.5157
1696573800000,2023-10-06T06:30:00+00:00,1620.2,1621.09,1618.97,1619.33,7905.4,12802477.965
1696574700000,2023-10-06T06:45:00+00:00,1619.33,1621.16,1618.78,1620.97,5700.24,9235768.8593
1696575600000,2023-10-06T07:00:00+00:00,1620.97,1623.22,1620.52,1622.78,7576.61,12291261.9295
1696576500000,2023-10-06T07:15:00+00:00,1622.78,1627.68,1622.43,1625.31,11082.19,18010745.5755
1696577400000,2023-10-06T07:30:00+00:00,1625.31,1630.49,1625.22,1629.8,22391.28,36460390.3461
1696578300000,2023-10-06T07:45:00+00:00,1629.8,1631.46,1628.57,1629.83,12677.96,20662185.4578
1696579200000,2023-10-06T08:00:00+00:00,1629.83,1633.88,1629.44,1632.56,8557.01,13959700.5381
1696580100000,2023-10-06T08:15:00+00:00,1632.56,1636.46,1631.33,1636.46,8618.39,14085614.9094
1696581000000,2023-10-06T08:30:00+00:00,1636.46,1636.66,1631.8,1632.93,6743.23,11013650.1659
1696581900000,2023-10-06T08:45:00+00:00,1632.93,1634.52,1631.59,1632.51,4437.2,7242739.0206
1696582800000,2023-10-06T09:00:00+00:00,1632.51,1633.53,1631.25,1632.04,4037.39,6590193.8606
1696583700000,2023-10-06T09:15:00+00:00,1632.04,1633.49,1631.96,1633.29,7242,11826272.1175
1696584600000,2023-10-06T09:30:00+00:00,1633.29,1633.4,1631.54,1632.8,7482.63,12215876.891
1696585500000,2023-10-06T09:45:00+00:00,1632.8,1634.53,1632.44,1633.23,8755.68,14303852.5872
1696586400000,2023-10-06T10:00:00+00:00,1633.23,1634.16,1632.92,1632.92,5514.52,9007275.2615
1696587300000,2023-10-06T10:15:00+00:00,1632.92,1637.17,1632.79,1636.65,8902.91,14553972.5699
1696588200000,2023-10-06T10:30:00+00:00,1636.65,1638.46,1633.35,1633.47,6889.83,11270763.6821
1696589100000,2023-10-06T10:45:00+00:00,1633.47,1633.85,1630.12,1630.3,7231.81,11802097.9382
1696590000000,2023-10-06T11:00:00+00:00,1630.3,1631.92,1627.47,1631.92,8844.05,14413131.3926
1696590900000,2023-10-06T11:15:00+00:00,1631.92,1633.38,1630.69,1631.6,7219.79,11779171.3818
1696591800000,2023-10-06T11:30:00+00:00,1631.6,1632.8,1630.38,1632.03,6927.91,11301253.8833
1696592700000,2023-10-06T11:45:00+00:00,1632.03,1633.73,1630.31,1633.24,9565.45,15608342.1546
1696593600000,2023-10-06T12:00:00+00:00,1633.24,1633.91,1632.35,1633.03,9591.54,15662724.1695
1696594500000,2023-10-06T12:15:00+00:00,1633.03,1634.61,1631.41,1631.41,7127.08,11636276.1171
1696595400000,2023-10-06T12:30:00+00:00,1631.41,1631.41,1622.65,1624.22,26911.84,43764911.5002
1696596300000,2023-10-06T12:45:00+00:00,1624.22,1624.97,1612.19,1614.33,22653.1,36670811.3107
1696597200000,2023-10-06T13:00:00+00:00,1614.33,1621.74,1610.22,1620.69,21615.75,34951643.3656
1696598100000,2023-10-06T13:15:00+00:00,1620.69,1624.4,1620.69,1623.15,8019.47,13014185.9503
1696599000000,2023-10-06T13:30:00+00:00,1623.15,1637.5,1623.01,1628.48,26362.9,42985214.5761
1696599900000,2023-10-06T13:45:00+00:00,1628.48,1631.41,1624.74,1628.31,10772.13,17531460.6309
1696600800000,2023-10-06T14:00:00+00:00,1628.31,1629,1624.87,1628.13,9381.39,15264929.724
1696601700000,2023-10-06T14:15:00+00:00,1628.13,1632.96,1625.06,1632.89,17081.26,27815240.3903
1696602600000,2023-10-06T14:30:00+00:00,1632.89,1635.47,1631.27,1632.87,12134.23,19819490.7206
1696603500000,2023-10-06T14:45:00+00:00,1632.87,1634.51,1631.05,1633.02,9136.88,14915860.7013
1696604400000,2023-10-06T15:00:00+00:00,1633.02,1636.6,1632.31,1636.29,9522.08,15567076.7203
1696605300000,2023-10-06T15:15:00+00:00,1636.29,1641.41,1631.76,1639.69,15902.81,26007327.2732
1696606200000,2023-10-06T15:30:00+00:00,1639.69,1648.72,1639.64,1644.76,25006.01,41127997.7071
1696607100000,2023-10-06T15:45:00+00:00,1644.76,1647.12,1640.59,1641.61,18329.16,30133393.5539
1696608000000,2023-10-06T16:00:00+00:00,1641.61,1644.16,1638.03,1638.04,17784.04,29197061.8936
1696608900000,2023-10-06T16:15:00+00:00,1638.04,1639.49,1633.39,1638.03,20100.72,32890977.2261
1696609800000,2023-10-06T16:30:00+00:00,1638.03,1641.38,1636.4,1641.3,9861.42,16159989.3722
1696610700000,2023-10-06T16:45:00+00:00,1641.3,1641.38,1638.5,1638.61,6168.21,10115184.0178
1696611600000,2023-10-06T17:00:00+00:00,1638.61,1640.43,1635.79,1637.82,8158.71,13366128.0148
1696612500000,2023-10-06T17:15:00+00:00,1637.82,1643.14,1637.43,1642.5,6378.94,10461619.9436
1696613400000,2023-10-06T17:30:00+00:00,1642.5,1647.88,1642.5,1646.65,8096.62,13327045.0697
1696614300000,2023-10-06T17:45:00+00:00,1646.65,1648.4,1643.48,1646.31,6118.8,10071645.8041
1696615200000,2023-10-06T18:00:00+00:00,1646.31,1648,1643.91,1645.76,6175.69,10161574.9859
1696616100000,2023-10-06T18:15:00+00:00,1645.76,1648.24,1644.01,1648.13,5111.77,8410352.5979
1696617000000,2023-10-06T18:30:00+00:00,1648.13,1648.14,1644.23,1645.86,6097.59,10034267.392
1696617900000,2023-10-06T18:45:00+00:00,1645.86,1645.86,1643.13,1645.47,8013.3,13176681.6639
1696618800000,2023-10-06T19:00:00+00:00,1645.47,1647.48,1644,1647.44,4233.05,6965291.2711
1696619700000,2023-10-06T19:15:00+00:00,1647.44,1653.76,1645.82,1652.91,11719.92,19341023.4119
1696620600000,2023-10-06T19:30:00+00:00,1652.91,1653.91,1646.13,1646.14,11616.17,19180533.8613
1696621500000,2023-10-06T19:45:00+00:00,1646.14,1646.99,1644.5,1645.08,4474.19,7361513.5227
1696622400000,2023-10-06T20:00:00+00:00,1645.08,1645.99,1642.71,1645.33,5155.72,8476392.7509
1696623300000,2023-10-06T20:15:00+00:00,1645.33,1647.38,1644.51,1645.63,5969.35,9824379.8643
1696624200000,2023-10-06T20:30:00+00:00,1645.63,1646.21,1645.05,1645.16,8441.05,13889628.4543
1696625100000,2023-10-06T20:45:00+00:00,1645.16,1645.76,1644.64,1645.24,5372.67,8840081.1321
1696626000000,2023-10-06T21:00:00+00:00,1645.24,1645.73,1643.93,1643.95,5563.24,9149804.8498
1696626900000,2023-10-06T21:15:00+00:00,1643.95,1647.61,1643.73,1647.59,5012.43,8247904.138
1696627800000,2023-10-06T21:30:00+00:00,1647.59,1662.24,1647.24,1653.1,20388.63,33756613.7796
1696628700000,2023-10-06T21:45:00+00:00,1653.1,1658.11,1651.26,1651.26,10658.35,17629470.6215
1696629600000,2023-10-06T22:00:00+00:00,1651.26,1653.93,1650.03,1653.86,8834.71,14596064.3016
1696630500000,2023-10-06T22:15:00+00:00,1653.86,1653.93,1648.31,1648.53,6855.77,11319547.2172
1696631400000,2023-10-06T22:30:00+00:00,1648.53,1648.56,1646.22,1646.45,9078.95,14952335.8761
1696632300000,2023-10-06T22:45:00+00:00,1646.45,1648.37,1643.37,1644.19,7408.39,12193001.5851
1696633200000,2023-10-06T23:00:00+00:00,1644.19,1645.52,1643.09,1643.64,7636.13,12554082.3623
1696634100000,2023-10-06T23:15:00+00:00,1643.64,1644.27,1641.6,1642.35,7925.99,13020190.1428
1696635000000,2023-10-06T23:30:00+00:00,1642.35,1644.61,1641.87,1643.92,6478.37,10648312.1372
1696635900000,2023-10-06T23:45:00+00:00,1643.92,1644.5,1643.7,1643.82,4013.32,6597546.2605
1696636800000,2023-10-07T00:00:00+00:00,1643.82,1645.55,1642.73,1645.09,4742.81,7799484.2156
1696637700000,2023-10-07T00:15:00+00:00,1645.09,1646.5,1642.87,1646.31,3955.33,6505515.7206
1696638600000,2023-10-07T00:30:00+00:00,1646.31,1646.31,1644.42,1646.05,3359.61,5527329.1245
1696639500000,2023-10-07T00:45:00+00:00,1646.05,1646.2,1643,1643.14,3282.97,5397842.4075
1696640400000,2023-10-07T01:00:00+00:00,1643.14,1645.34,1643.13,1644.96,4375.79,7195429.3447
1696641300000,2023-10-07T01:15:00+00:00,1644.96,1644.96,1641,1641.86,4491.71,7379069.0596
1696642200000,2023-10-07T01:30:00+00:00,1641.86,1642.27,1640.72,1640.97,5552.65,9114434.4684
1696643100000,2023-10-07T01:45:00+00:00,1640.97,1642.01,1639.85,1641.82,3724.41,6112354.8516
1696644000000,2023-10-07T02:00:00+00:00,1641.82,1642.65,1640.14,1640.22,5004.53,8216072.0218
1696644900000,2023-10-07T02:15:00+00:00,1640.22,1642.51,1640.2,1642.38,5396.26,8857654.6419
1696645800000,2023-10-07T02:30:00+00:00,1642.38,1642.67,1641.38,1642.07,5381.57,8836308.1199
1696646700000,2023-10-07T02:45:00+00:00,1642.07,1642.78,1639.52,1639.52,5478.26,8994682.3185
1696647600000,2023-10-07T03:00:00+00:00,1639.52,1641.17,1638.51,1640.46,5357.34,8786137.6502
1696648500000,2023-10-07T03:15:00+00:00,1640.46,1641.81,1640.46,1640.83,5588.11,9171045.765
1696649400000,2023-10-07T03:30:00+00:00,1640.83,1642.37,1640.83,1641.51,5292.14,8687404.6063
1696650300000,2023-10-07T03:45:00+00:00,1641.51,1641.89,1639.92,1640.13,5913.04,9702882.3195
1696651200000,2023-10-07T04:00:00+00:00,1640.13,1641.02,1639.93,1641.01,7177.84,11775386.5117
1696652100000,2023-10-07T04:15:00+00:00,1641.01,1642.1,1640.39,1640.5,6622.54,10870740.633
1696653000000,2023-10-07T04:30:00+00:00,1640.5,1641.21,1640.26,1640.57,6866.68,11267050.0424
1696653900000,2023-10-07T04:45:00+00:00,1640.57,1640.89,1639.82,1639.83,5531.53,9073422.3522
1696654800000,2023-10-07T05:00:00+00:00,1639.83,1639.96,1639.1,1639.1,5554.44,9106279.9767
1696655700000,2023-10-07T05:15:00+00:00,1639.1,1639.84,1638.41,1639.84,3240.6,5311855.8117
1696656600000,2023-10-07T05:30:00+00:00,1639.84,1640.61,1639.1,1639.1,3726.92,6111078.307
1696657500000,2023-10-07T05:45:00+00:00,1639.1,1639.12,1638.29,1638.93,4105.91,6728460.3049
1696658400000,2023-10-07T06:00:00+00:00,1638.93,1638.93,1635.99,1636.17,5470.77,8958207.3854
1696659300000,2023-10-07T06:15:00+00:00,1636.17,1637.99,1635.9,1637.37,4709.81,7710477.671
1696660200000,2023-10-07T06:30:00+00:00,1637.37,1638.3,1636.97,1638.21,3831.87,6275765.8222
1696661100000,2023-10-07T06:45:00+00:00,1638.21,1638.35,1636.68,1636.81,4391.35,7191723.6326
1696662000000,2023-10-07T07:00:00+00:00,1636.81,1637.09,1636.14,1637.08,3882.54,6354485.7456
1696662900000,2023-10-07T07:15:00+00:00,1637.08,1637.45,1636.18,1637.28,2439.17,3992933.8561
1696663800000,2023-10-07T07:30:00+00:00,1637.28,1638.07,1636.33,1636.35,3330.1,5450437.9774
1696664700000,2023-10-07T07:45:00+00:00,1636.35,1636.47,1635,1635.55,7012.93,11470862.8809
1696665600000,2023-10-07T08:00:00+00:00,1635.55,1637.7,1634.71,1637.59,3302.2,5401428.1219
1696666500000,2023-10-07T08:15:00+00:00,1637.59,1639.68,1636.86,1639.07,4483.36,7343890.7125
1696667400000,2023-10-07T08:30:00+00:00,1639.07,1642,1638.59,1641.53,3980.7,6528093.2971
1696668300000,2023-10-07T08:45:00+00:00,1641.53,1641.95,1639.9,1641.23,7359.02,12078201.5134
1696669200000,2023-10-07T09:00:00+00:00,1641.23,1641.91,1639.5,1640.02,4460.69,7318813.3122
1696670100000,2023-10-07T09:15:00+00:00,1640.02,1640.35,1638,1639.12,4318.73,7079441.6059
1696671000000,2023-10-07T09:30:00+00:00,1639.12,1639.5,1638.03,1638.13,5454.53,8937355.3626
1696671900000,2023-10-07T09:45:00+00:00,1638.13,1639.06,1636.8,1637.73,4590.76,7518823.6328
1696672800000,2023-10-07T10:00:00+00:00,1637.73,1637.92,1637.36,1637.5,5539.11,9070841.5887
1696673700000,2023-10-07T10:15:00+00:00,1637.5,1637.99,1636.99,1637.37,3644.19,5967401.4193
1696674600000,2023-10-07T10:30:00+00:00,1637.37,1638.48,1637.37,1637.81,5845.04,9574777.7955
1696675500000,2023-10-07T10:45:00+00:00,1637.81,1639.28,1637.81,1638.51,4273.39,7001169.9094
1696676400000,2023-10-07T11:00:00+00:00,1638.51,1639.7,1638.29,1639.68,3995.47,6547625.0671
1696677300000,2023-10-07T11:15:00+00:00,1639.68,1640.63,1639.38,1640.26,4889.53,8018158.5882
1696678200000,2023-10-07T11:30:00+00:00,1640.26,1641.29,1637.91,1637.91,4381.49,7183673.6885
1696679100000,2023-10-07T11:45:00+00:00,1637.91,1638.43,1636.3,1637.22,5015.25,8210781.3978
1696680000000,2023-10-07T12:00:00+00:00,1637.22,1637.99,1636.93,1637.62,3909.17,6401506.899
1696680900000,2023-10-07T12:15:00+00:00,1637.62,1639.34,1637.62,1638.09,4222.84,6919326.028
1696681800000,2023-10-07T12:30:00+00:00,1638.09,1639.15,1637.65,1638.34,6800.77,11143866.1597
1696682700000,2023-10-07T12:45:00+00:00,1638.34,1639.31,1638.1,1638.8,7386.93,12105009.9598
1696683600000,2023-10-07T13:00:00+00:00,1638.8,1639.77,1638.53,1639.76,4038.09,6617550.7811
1696684500000,2023-10-07T13:15:00+00:00,1639.76,1639.76,1638.12,1638.41,2546.67,4173469.9165
1696685400000,2023-10-07T13:30:00+00:00,1638.41,1638.96,1637.24,1637.52,3991.31,6538548.0147
1696686300000,2023-10-07T13:45:00+00:00,1637.52,1642.1,1637.11,1640.61,6218.73,10196283.8802
1696687200000,2023-10-07T14:00:00+00:00,1640.61,1640.61,1639.3,1639.4,3369.92,5526188.7111
1696688100000,2023-10-07T14:15:00+00:00,1639.4,1640.01,1638.59,1639.24,3804.61,6236162.2639
1696689000000,2023-10-07T14:30:00+00:00,1639.24,1640.56,1638.01,1640.56,2601.67,4264815.1904
1696689900000,2023-10-07T14:45:00+00:00,1640.56,1641.4,1639.95,1640.77,2560.6,4200809.0741
1696690800000,2023-10-07T15:00:00+00:00,1640.77,1641.1,1639.34,1639.34,2426.11,3979226.8698
1696691700000,2023-10-07T15:15:00+00:00,1639.34,1641.38,1639.34,1640.33,2971.02,4873720.3739
1696692600000,2023-10-07T15:30:00+00:00,1640.33,1640.56,1633.74,1636.12,7852.72,12848261.5415
1696693500000,2023-10-07T15:45:00+00:00,1636.12,1638.6,1636.09,1637.35,6700.62,10973507.4949
1696694400000,2023-10-07T16:00:00+00:00,1637.35,1637.74,1636.57,1637.14,3424.81,5606582.7844
1696695300000,2023-10-07T16:15:00+00:00,1637.14,1638.2,1636.88,1637.98,2648.83,4338327.2419
1696696200000,2023-10-07T16:30:00+00:00,1637.98,1638.29,1636.48,1636.52,3049.24,4994158.2311
1696697100000,2023-10-07T16:45:00+00:00,1636.52,1636.97,1636.35,1636.41,2812.37,4602593.1231
1696698000000,2023-10-07T17:00:00+00:00,1636.41,1636.48,1635,1635.31,3589.87,5871919.4625
1696698900000,2023-10-07T17:15:00+00:00,1635.31,1636.45,1632.93,1636.16,7310.55,11947638.8816
1696699800000,2023-10-07T17:30:00+00:00,1636.16,1637.77,1635.77,1636.41,4208.16,6887095.7756
1696700700000,2023-10-07T17:45:00+00:00,1636.41,1636.9,1635.18,1635.2,1769.39,2894702.1893
1696701600000,2023-10-07T18:00:00+00:00,1635.2,1635.44,1634.61,1635.08,3944.39,6448838.4483
1696702500000,2023-10-07T18:15:00+00:00,1635.08,1635.46,1633.72,1634.57,5964.29,9748467.268
1696703400000,2023-10-07T18:30:00+00:00,1634.57,1634.99,1632.96,1632.97,3987.42,6516408.3753
1696704300000,2023-10-07T18:45:00+00:00,1632.97,1634.5,1632.13,1633.84,5164.14,8434440.4778
1696705200000,2023-10-07T19:00:00+00:00,1633.84,1633.84,1631,1632.59,4847.41,7910316.9497
1696706100000,2023-10-07T19:15:00+00:00,1632.59,1632.59,1631.31,1631.8,3190.36,5206433.1469
1696707000000,2023-10-07T19:30:00+00:00,1631.8,1633.71,1631.68,1633.02,2221,3626976.241
1696707900000,2023-10-07T19:45:00+00:00,1633.02,1633.57,1628.75,1629.57,5574.47,9088965.9119
1696708800000,2023-10-07T20:00:00+00:00,1629.57,1631.19,1629.13,1630.91,4573.16,7454497.8814
1696709700000,2023-10-07T20:15:00+00:00,1630.91,1631.2,1629.5,1629.52,3979,6487851.7314
1696710600000,2023-10-07T20:30:00+00:00,1629.52,1630.78,1629.5,1630.61,6709.12,10938522.5802
1696711500000,2023-10-07T20:45:00+00:00,1630.61,1632.43,1630.37,1632.24,7474.84,12193748.5502
1696712400000,2023-10-07T21:00:00+00:00,1632.24,1632.41,1630.24,1631.26,3140.43,5123373.7426
1696713300000,2023-10-07T21:15:00+00:00,1631.26,1632.49,1631.26,1632.26,3022.49,4932694.6156
1696714200000,2023-10-07T21:30:00+00:00,1632.26,1633.17,1631.67,1632.97,2304.18,3761950.1795
1696715100000,2023-10-07T21:45:00+00:00,1632.97,1633,1632.62,1632.63,2317.18,3783415.5887
1696716000000,2023-10-07T22:00:00+00:00,1632.63,1633.36,1632.63,1633.14,3208.93,5240859.2954
1696716900000,2023-10-07T22:15:00+00:00,1633.14,1634.34,1632.88,1633.69,4579.85,7481465.5364
1696717800000,2023-10-07T22:30:00+00:00,1633.69,1634.4,1633.16,1634.01,3750.65,6127462.9787
1696718700000,2023-10-07T22:45:00+00:00,1634.01,1634.36,1633.52,1634.07,3232.76,5282315.5746
1696719600000,2023-10-07T23:00:00+00:00,1634.07,1634.07,1633.01,1633.67,1705.54,2786245.5234
1696720500000,2023-10-07T23:15:00+00:00,1633.67,1634.41,1632.91,1634.38,2379.16,3886563.1684
1696721400000,2023-10-07T23:30:00+00:00,1634.38,1634.93,1632.68,1633.1,3319.35,5422334.4491
1696722300000,2023-10-07T23:45:00+00:00,1633.1,1633.17,1632.29,1632.67,3015.1,4922615.6844
1696723200000,2023-10-08T00:00:00+00:00,1632.67,1633.55,1632.42,1633.43,3711.43,6061458.4326
1696724100000,2023-10-08T00:15:00+00:00,1633.43,1634.58,1633.2,1634.23,2349.45,3838493.8833
1696725000000,2023-10-08T00:30:00+00:00,1634.23,1636.42,1634.23,1635.65,4386.94,7173167.7584
1696725900000,2023-10-08T00:45:00+00:00,1635.65,1637.15,1635.51,1635.61,2589.6,4237538.8091
1696726800000,2023-10-08T01:00:00+00:00,1635.61,1636.41,1634.93,1634.93,3715.39,6076639.5977
1696727700000,2023-10-08T01:15:00+00:00,1634.93,1635.15,1634.17,1634.39,3399.53,5556805.6284
1696728600000,2023-10-08T01:30:00+00:00,1634.39,1638.53,1634.23,1638.24,3225.54,5276579.639
1696729500000,2023-10-08T01:45:00+00:00,1638.24,1638.6,1636.58,1638.59,3445.24,5642318.108
1696730400000,2023-10-08T02:00:00+00:00,1638.59,1639.12,1637.73,1639,2609.99,4275561.0367
1696731300000,2023-10-08T02:15:00+00:00,1639,1640.41,1637.77,1638.46,4169.87,6834000.9915
1696732200000,2023-10-08T02:30:00+00:00,1638.46,1638.77,1636.16,1636.16,3585.45,5873267.0394
1696733100000,2023-10-08T02:45:00+00:00,1636.16,1637.09,1635.01,1636.29,4098.96,6707191.9984
1696734000000,2023-10-08T03:00:00+00:00,1636.29,1636.56,1634.5,1635.51,2843.38,4651131.115
1696734900000,2023-10-08T03:15:00+00:00,1635.51,1636.55,1634.71,1635.08,2637.65,4313504.4888
1696735800000,2023-10-08T03:30:00+00:00,1635.08,1636.41,1634.75,1636.41,2685.14,4391604.745
1696736700000,2023-10-08T03:45:00+00:00,1636.41,1638.2,1635.9,1637.97,1540.85,2522811.1221
1696737600000,2023-10-08T04:00:00+00:00,1637.97,1638.7,1633.48,1633.76,3801.48,6220256.5565
1696738500000,2023-10-08T04:15:00+00:00,1633.76,1634.22,1633.02,1633.63,3681.09,6013966.1683
1696739400000,2023-10-08T04:30:00+00:00,1633.63,1634.08,1632.27,1632.89,4220.85,6895018.5182
1696740300000,2023-10-08T04:45:00+00:00,1632.89,1632.89,1630.85,1632.31,6046.96,9867214.2506
1696741200000,2023-10-08T05:00:00+00:00,1632.31,1632.61,1631.45,1632.61,3508.97,5726068.7215
1696742100000,2023-10-08T05:15:00+00:00,1632.61,1632.61,1631,1631.01,2994.86,4888153.4769
1696743000000,2023-10-08T05:30:00+00:00,1631.01,1631.01,1623.59,1627.39,12909.04,20996936.8495
1696743900000,2023-10-08T05:45:00+00:00,1627.39,1628.18,1625.14,1628.05,4212.54,6852051.2017
1696744800000,2023-10-08T06:00:00+00:00,1628.05,1629.17,1627.22,1629.13,3536.74,5760020.6033
1696745700000,2023-10-08T06:15:00+00:00,1629.13,1629.78,1628.8,1629.27,4250.41,6925217.2334
1696746600000,2023-10-08T06:30:00+00:00,1629.27,1629.46,1627.74,1628.49,4864.18,7922530.2515
1696747500000,2023-10-08T06:45:00+00:00,1628.49,1628.49,1626.02,1626.83,5966.73,9706796.3988
1696748400000,2023-10-08T07:00:00+00:00,1626.83,1628.57,1626,1628.06,4358.67,7094069.3004
1696749300000,2023-10-08T07:15:00+00:00,1628.06,1628.5,1626.29,1626.75,4475.76,7283633.3791
1696750200000,2023-10-08T07:30:00+00:00,1626.75,1627.97,1626,1627.83,4132.56,6722896.6046
1696751100000,2023-10-08T07:45:00+00:00,1627.83,1627.84,1626.87,1627.64,5374.23,8745474.4427
1696752000000,2023-10-08T08:00:00+00:00,1627.64,1627.65,1623.34,1625.14,5371.23,8733117.7699
1696752900000,2023-10-08T08:15:00+00:00,1625.14,1627.99,1624.32,1627.99,5446.58,8860140.1437
1696753800000,2023-10-08T08:30:00+00:00,1627.99,1628.17,1627.24,1627.4,2863.92,4661429.1113
1696754700000,2023-10-08T08:45:00+00:00,1627.4,1627.52,1626.63,1627.34,5026.55,8177687.7543
1696755600000,2023-10-08T09:00:00+00:00,1627.34,1628.31,1626.5,1628.31,6615.25,10766782.7174
1696756500000,2023-10-08T09:15:00+00:00,1628.31,1628.46,1624,1625.69,5601.97,9109870.9012
1696757400000,2023-10-08T09:30:00+00:00,1625.69,1625.69,1621.36,1623.44,10807.28,17543349.3657
1696758300000,2023-10-08T09:45:00+00:00,1623.44,1625.16,1621.01,1623.44,6120.47,9933485.596
1696759200000,2023-10-08T10:00:00+00:00,1623.44,1624.4,1622.96,1622.98,6025.8,9785715.6888
1696760100000,2023-10-08T10:15:00+00:00,1622.98,1624.07,1621.91,1623.48,6729.44,10922829.3565
1696761000000,2023-10-08T10:30:00+00:00,1623.48,1623.48,1620.11,1621.13,7127.56,11558213.8085
1696761900000,2023-10-08T10:45:00+00:00,1621.13,1621.13,1614.77,1617.88,14830.55,23991729.585
1696762800000,2023-10-08T11:00:00+00:00,1617.88,1620.29,1616.62,1618.39,7154.22,11577769.9742
1696763700000,2023-10-08T11:15:00+00:00,1618.39,1618.71,1616.24,1618.24,6962.92,11261837.9516
1696764600000,2023-10-08T11:30:00+00:00,1618.24,1618.89,1616.01,1616.26,4544.66,7351468.015
1696765500000,2023-10-08T11:45:00+00:00,1616.26,1617.86,1616.03,1616.75,4316.97,6979521.8252
1696766400000,2023-10-08T12:00:00+00:00,1616.75,1619.01,1616.03,1619,6260.3,10129283.67
1696767300000,2023-10-08T12:15:00+00:00,1619,1622.9,1619,1620.41,5785.16,9377696.1921
1696768200000,2023-10-08T12:30:00+00:00,1620.41,1623.33,1620.39,1620.99,5244.25,8505299.1506
1696769100000,2023-10-08T12:45:00+00:00,1620.99,1621.9,1619.49,1619.65,4099.88,6643134.9032
1696770000000,2023-10-08T13:00:00+00:00,1619.65,1620.77,1617.26,1618.83,6011.28,9734272.3758
1696770900000,2023-10-08T13:15:00+00:00,1618.83,1630.08,1617.17,1626.69,17273.58,28091108.303
1696771800000,2023-10-08T13:30:00+00:00,1626.69,1631.41,1626.02,1628.57,7393.44,12038259.7696
1696772700000,2023-10-08T13:45:00+00:00,1628.57,1633.8,1626.39,1628.29,13368.79,21793127.8618
1696773600000,2023-10-08T14:00:00+00:00,1628.29,1629.78,1626.41,1627.24,5095.76,8295745.206
1696774500000,2023-10-08T14:15:00+00:00,1627.24,1627.54,1624.4,1625.47,5110.21,8307645.4873
1696775400000,2023-10-08T14:30:00+00:00,1625.47,1635.1,1625.26,1634.69,9212.84,15023045.0235
1696776300000,2023-10-08T14:45:00+00:00,1634.69,1636.91,1630.88,1632.37,7465.07,12189453.2185
1696777200000,2023-10-08T15:00:00+00:00,1632.37,1632.88,1630.69,1631.56,3478.6,5676136.4496
1696778100000,2023-10-08T15:15:00+00:00,1631.56,1632.34,1630.4,1632.2,3267.31,5329590.5662
1696779000000,2023-10-08T15:30:00+00:00,1632.2,1632.22,1629.64,1629.64,2713.73,4425212.7298
1696779900000,2023-10-08T15:45:00+00:00,1629.64,1630.51,1629.5,1630.23,2560.29,4173062.5975
1696780800000,2023-10-08T16:00:00+00:00,1630.23,1633.63,1629.8,1630.8,6811.12,11112444.0462
1696781700000,2023-10-08T16:15:00+00:00,1630.8,1632,1628,1628.95,6235.95,10163517.1729
1696782600000,2023-10-08T16:30:00+00:00,1628.95,1632.66,1628.22,1632.11,5575.83,9090397.9703
1696783500000,2023-10-08T16:45:00+00:00,1632.11,1632.83,1631.13,1631.82,6257.34,10210859.1573
1696784400000,2023-10-08T17:00:00+00:00,1631.82,1636.28,1631.62,1631.62,9250.04,15109577.0968
1696785300000,2023-10-08T17:15:00+00:00,1631.62,1632.47,1630.01,1631.58,3271.92,5337467.1039
1696786200000,2023-10-08T17:30:00+00:00,1631.58,1632.66,1630.61,1632.51,3091.75,5044564.3124
1696787100000,2023-10-08T17:45:00+00:00,1632.51,1633,1630.87,1631.12,2999.21,4893422.8614
1696788000000,2023-10-08T18:00:00+00:00,1631.12,1631.27,1629.76,1631.06,3844.79,6269183.3818
1696788900000,2023-10-08T18:15:00+00:00,1631.06,1631.18,1628.92,1629.96,3620.27,5900665.9651
1696789800000,2023-10-08T18:30:00+00:00,1629.96,1632.21,1629.81,1631.94,4465.71,7281671.7446
1696790700000,2023-10-08T18:45:00+00:00,1631.94,1634.79,1631.94,1634.66,3638.91,5943512.1447
1696791600000,2023-10-08T19:00:00+00:00,1634.66,1638,1634.59,1634.59,7414.91,12131176.1431
1696792500000,2023-10-08T19:15:00+00:00,1634.59,1635.36,1633.37,1634.99,4130.58,6750939.9075
1696793400000,2023-10-08T19:30:00+00:00,1634.99,1635.65,1633.78,1634.32,3140.62,5132817.7112
1696794300000,2023-10-08T19:45:00+00:00,1634.32,1634.9,1633.73,1634.38,3157.76,5161220.9488
1696795200000,2023-10-08T20:00:00+00:00,1634.38,1634.81,1633.1,1633.91,4832.86,7897036.324
1696796100000,2023-10-08T20:15:00+00:00,1633.91,1633.91,1632.81,1633.82,3987.24,6511792.8543
1696797000000,2023-10-08T20:30:00+00:00,1633.82,1635.79,1633.23,1634.5,3474.48,5678204.2064
1696797900000,2023-10-08T20:45:00+00:00,1634.5,1636.49,1634.37,1635,2912.45,4763838.8957
1696798800000,2023-10-08T21:00:00+00:00,1635,1637.23,1634.68,1635.94,3544.59,5799652.1718
1696799700000,2023-10-08T21:15:00+00:00,1635.94,1635.94,1633.88,1634.35,4945.43,8084666.5666
1696800600000,2023-10-08T21:30:00+00:00,1634.35,1636.41,1633.15,1635.3,4024.44,6581099.2797
1696801500000,2023-10-08T21:45:00+00:00,1635.3,1635.3,1631.39,1631.68,5342.76,8729509.2894
1696802400000,2023-10-08T22:00:00+00:00,1631.68,1632.7,1626.21,1627.05,6345.26,10340176.8519
1696803300000,2023-10-08T22:15:00+00:00,1627.05,1631.85,1626.49,1628.82,2883.69,4699038.7448
1696804200000,2023-10-08T22:30:00+00:00,1628.82,1630.04,1627.29,1629.61,2911.35,4742402.1889
1696805100000,2023-10-08T22:45:00+00:00,1629.61,1630.57,1628.39,1629.85,3896.9,6350589.1551
1696806000000,2023-10-08T23:00:00+00:00,1629.85,1631.94,1629.33,1630.97,2074.41,3383740.8952
1696806900000,2023-10-08T23:15:00+00:00,1630.97,1631.37,1629.01,1629.98,1856.52,3026301.2087
1696807800000,2023-10-08T23:30:00+00:00,1629.98,1631.2,1629.32,1630.76,2820.46,4597777.0707
1696808700000,2023-10-08T23:45:00+00:00,1630.76,1632.21,1630.59,1631.52,3438.08,5608588.8045
1696809600000,2023-10-09T00:00:00+00:00,1631.52,1631.98,1630.23,1630.44,3360.89,5481401.3098
1696810500000,2023-10-09T00:15:00+00:00,1630.44,1630.44,1625.58,1625.84,7989.16,12999331.5548
1696811400000,2023-10-09T00:30:00+00:00,1625.84,1628.71,1624.99,1626.26,6161.6,10024384.9201
1696812300000,2023-10-09T00:45:00+00:00,1626.26,1627.55,1624,1625.32,8318.92,13526355.9437
1696813200000,2023-10-09T01:00:00+00:00,1625.32,1625.45,1622.22,1623.48,6644.87,10787748.5188
1696814100000,2023-10-09T01:15:00+00:00,1623.48,1624.73,1623.4,1624.38,3330.89,5409220.9591
1696815000000,2023-10-09T01:30:00+00:00,1624.38,1626.15,1623.76,1626.15,2771.6,4503010.229
1696815900000,2023-10-09T01:45:00+00:00,1626.15,1632.55,1626.15,1630.16,4807.33,7838041.2093
1696816800000,2023-10-09T02:00:00+00:00,1630.16,1631.38,1628.75,1631,5171.3,8429645.8202
1696817700000,2023-10-09T02:15:00+00:00,1631,1631.83,1630.16,1631.25,4813.06,7850105.7286
1696818600000,2023-10-09T02:30:00+00:00,1631.25,1631.72,1630.35,1631.49,3919.2,6392346.4697
1696819500000,2023-10-09T02:45:00+00:00,1631.49,1631.94,1630.25,1630.42,3893.92,6352101.2109
1696820400000,2023-10-09T03:00:00+00:00,1630.42,1632.74,1630.42,1632.24,4775.84,7792961.9967
1696821300000,2023-10-09T03:15:00+00:00,1632.24,1632.69,1630.63,1631.86,2568.81,4191384.2975
1696822200000,2023-10-09T03:30:00+00:00,1631.86,1634.97,1631.02,1633.44,2048.18,3345095.7318
1696823100000,2023-10-09T03:45:00+00:00,1633.44,1633.88,1632,1632.61,2915.12,4760367.0845
1696824000000,2023-10-09T04:00:00+00:00,1632.61,1633.34,1632.52,1632.92,2275.11,3715239.6408
1696824900000,2023-10-09T04:15:00+00:00,1632.92,1633.7,1632.7,1633.41,4123.57,6734897.197
1696825800000,2023-10-09T04:30:00+00:00,1633.41,1633.69,1632.38,1632.38,2853.69,4659959.8578
1696826700000,2023-10-09T04:45:00+00:00,1632.38,1632.62,1631.1,1631.51,3000.35,4895972.0084
1696827600000,2023-10-09T05:00:00+00:00,1631.51,1632.27,1631.29,1631.87,3460.66,5646678.8853
1696828500000,2023-10-09T05:15:00+00:00,1631.87,1632.11,1630.5,1630.96,3413.96,5568849.286
1696829400000,2023-10-09T05:30:00+00:00,1630.96,1631.11,1628,1628.27,5139.62,8375612.992
1696830300000,2023-10-09T05:45:00+00:00,1628.27,1628.83,1627.05,1627.27,5235.37,8523628.5314
1696831200000,2023-10-09T06:00:00+00:00,1627.27,1628.43,1626.9,1628.02,4221.27,6870891.4141
1696832100000,2023-10-09T06:15:00+00:00,1628.02,1628.67,1626.62,1627.93,3193.48,5197830.544
1696833000000,2023-10-09T06:30:00+00:00,1627.93,1628.74,1627.46,1628.35,3404.02,5542632.424
1696833900000,2023-10-09T06:45:00+00:00,1628.35,1628.57,1627.2,1627.5,3895.25,6341261.3222
1696834800000,2023-10-09T07:00:00+00:00,1627.5,1627.5,1624.15,1624.15,4181.34,6797777.8017
1696835700000,2023-10-09T07:15:00+00:00,1624.15,1624.68,1618.06,1619.28,15572.79,25233864.0112
1696836600000,2023-10-09T07:30:00+00:00,1619.28,1620.31,1615.67,1618.45,7915.17,12808343.6773
1696837500000,2023-10-09T07:45:00+00:00,1618.45,1619.81,1617.91,1619.46,5311.93,8600942.7958
1696838400000,2023-10-09T08:00:00+00:00,1619.46,1620.54,1618.66,1620.54,4820.76,7809274.1147
1696839300000,2023-10-09T08:15:00+00:00,1620.54,1620.74,1619.01,1619.2,3569.62,5782294.964
1696840200000,2023-10-09T08:30:00+00:00,1619.2,1620.11,1611.67,1616.11,15206.12,24574238.659
1696841100000,2023-10-09T08:45:00+00:00,1616.11,1617.64,1612.36,1613.23,10592.09,17098178.1694
1696842000000,2023-10-09T09:00:00+00:00,1613.23,1617.14,1611.77,1616.47,7218.88,11657524.4588
1696842900000,2023-10-09T09:15:00+00:00,1616.47,1616.83,1614.59,1614.71,6536.35,10559437.4963
1696843800000,2023-10-09T09:30:00+00:00,1614.71,1614.86,1607.55,1610.51,17242.78,27780545.2468
1696844700000,2023-10-09T09:45:00+00:00,1610.51,1610.53,1581.18,1591.19,60876.22,97078213.734
1696845600000,2023-10-09T10:00:00+00:00,1591.19,1597.43,1590,1592.76,17751.42,28284783.686
1696846500000,2023-10-09T10:15:00+00:00,1592.76,1596.6,1591.24,1594.25,10547.98,16810660.9816
1696847400000,2023-10-09T10:30:00+00:00,1594.25,1596,1592.23,1593.39,9599.71,15298742.0206
1696848300000,2023-10-09T10:45:00+00:00,1593.39,1597.36,1591.94,1594.52,9549.24,15231347.0713
1696849200000,2023-10-09T11:00:00+00:00,1594.52,1594.52,1591.53,1592.79,7065.04,11255784.9017
1696850100000,2023-10-09T11:15:00+00:00,1592.79,1593.24,1588.42,1592.49,11014.57,17521485.384
1696851000000,2023-10-09T11:30:00+00:00,1592.49,1593.48,1590.4,1590.66,6687.47,10646999.6602
1696851900000,2023-10-09T11:45:00+00:00,1590.66,1591.09,1584.7,1589.29,11761.82,18679706.2416
1696852800000,2023-10-09T12:00:00+00:00,1589.29,1589.29,1584.81,1586.24,12643.94,20056449.5448
1696853700000,2023-10-09T12:15:00+00:00,1586.24,1591.46,1582.24,1591.26,12701.48,20164849.5114
1696854600000,2023-10-09T12:30:00+00:00,1591.26,1592.63,1587.45,1587.89,8993.26,14295289.3061
1696855500000,2023-10-09T12:45:00+00:00,1587.89,1589.17,1585.55,1585.55,7606.88,12078142.7206
1696856400000,2023-10-09T13:00:00+00:00,1585.55,1587.97,1584.27,1587.63,9358.99,14847491.08
1696857300000,2023-10-09T13:15:00+00:00,1587.63,1591.17,1587.51,1588.89,7949.32,12631689.9085
1696858200000,2023-10-09T13:30:00+00:00,1588.89,1594.2,1588.84,1593.63,7856.6,12504108.2074
1696859100000,2023-10-09T13:45:00+00:00,1593.63,1593.96,1591.53,1592.88,8268.01,13167561.3786
1696860000000,2023-10-09T14:00:00+00:00,1592.88,1594.11,1589.7,1590.57,9076.43,14442856.651
1696860900000,2023-10-09T14:15:00+00:00,1590.57,1596.46,1590.5,1592.35,9489.62,15120983.6579
1696861800000,2023-10-09T14:30:00+00:00,1592.35,1593.15,1590.01,1590.02,6636.54,10561763.6109
1696862700000,2023-10-09T14:45:00+00:00,1590.02,1591.07,1588.33,1590.11,7520.18,11954167.1802
1696863600000,2023-10-09T15:00:00+00:00,1590.11,1590.38,1587.56,1590.25,6969.99,11074436.7814
1696864500000,2023-10-09T15:15:00+00:00,1590.25,1591.72,1588.8,1591.11,6315.65,10043895.822
1696865400000,2023-10-09T15:30:00+00:00,1591.11,1591.31,1589.06,1589.09,5243.78,8337875.6748
1696866300000,2023-10-09T15:45:00+00:00,1589.09,1589.31,1584,1585.15,7312.03,11601455.3645
1696867200000,2023-10-09T16:00:00+00:00,1585.15,1585.75,1562.5,1577.44,40417.51,63740120.3581
1696868100000,2023-10-09T16:15:00+00:00,1577.44,1585.67,1561.75,1567.49,31435.53,49433261.7382
1696869000000,2023-10-09T16:30:00+00:00,1567.49,1574.42,1543.17,1554.53,57688.14,90011663.1551
1696869900000,2023-10-09T16:45:00+00:00,1554.53,1568.33,1550.54,1568.05,23778.74,37095620.5205
1696870800000,2023-10-09T17:00:00+00:00,1568.05,1568.4,1563.88,1566.63,11148.83,17462455.6927
1696871700000,2023-10-09T17:15:00+00:00,1566.63,1572.88,1566.61,1572.29,7159.04,11246007.5615
1696872600000,2023-10-09T17:30:00+00:00,1572.29,1578.27,1571.52,1574.32,13787.09,21722158.306
1696873500000,2023-10-09T17:45:00+00:00,1574.32,1579.59,1574.02,1579.3,15237.06,24036368.432
1696874400000,2023-10-09T18:00:00+00:00,1579.3,1583.91,1576.78,1579.7,19359.14,30586004.8158
1696875300000,2023-10-09T18:15:00+00:00,1579.7,1581.21,1578.05,1581.14,7848.84,12396861.4836
1696876200000,2023-10-09T18:30:00+00:00,1581.14,1586,1576.59,1578.75,12591.78,19898658.6988
1696877100000,2023-10-09T18:45:00+00:00,1578.75,1578.75,1575.94,1576.14,9429.96,14872755.7741
1696878000000,2023-10-09T19:00:00+00:00,1576.14,1578.97,1575.35,1578.76,6018.65,9491246.7811
1696878900000,2023-10-09T19:15:00+00:00,1578.76,1582,1577.87,1580.1,5340.12,8435903.5427
1696879800000,2023-10-09T19:30:00+00:00,1580.1,1580.84,1577.55,1577.96,3319.54,5242273.2645
1696880700000,2023-10-09T19:45:00+00:00,1577.96,1580.74,1577.88,1580.1,2358.17,3723877.4881
1696881600000,2023-10-09T20:00:00+00:00,1580.1,1582.87,1578,1579,3624.24,5727641.1502
1696882500000,2023-10-09T20:15:00+00:00,1579,1580.2,1577.71,1578.36,3417.24,5396263.0368
1696883400000,2023-10-09T20:30:00+00:00,1578.36,1579.09,1577.32,1578.26,4795.88,7568909.1229
1696884300000,2023-10-09T20:45:00+00:00,1578.26,1578.72,1574.92,1574.92,3768.6,5942198.0364
1696885200000,2023-10-09T21:00:00+00:00,1574.92,1577.61,1572.34,1574.37,6461.55,10175455.9373
1696886100000,2023-10-09T21:15:00+00:00,1574.37,1578.15,1572.72,1576.82,4246.96,6695534.7995
1696887000000,2023-10-09T21:30:00+00:00,1576.82,1580.29,1576.36,1580.05,5124.4,8087452.9998
1696887900000,2023-10-09T21:45:00+00:00,1580.05,1580.07,1576.75,1578.19,4415.58,6967603.8287
1696888800000,2023-10-09T22:00:00+00:00,1578.19,1578.27,1576.09,1577.82,4620.45,7288327.7276
1696889700000,2023-10-09T22:15:00+00:00,1577.82,1580.21,1576.68,1578.56,3141.96,4960090.1641
1696890600000,2023-10-09T22:30:00+00:00,1578.56,1580.27,1576.52,1576.54,2341.45,3696210.2538
1696891500000,2023-10-09T22:45:00+00:00,1576.54,1577.01,1575.54,1575.58,2283.47,3598973.3241
1696892400000,2023-10-09T23:00:00+00:00,1575.58,1578.93,1575.58,1578.25,3323.33,5242947.8911
1696893300000,2023-10-09T23:15:00+00:00,1578.25,1578.71,1576.72,1577.05,3919.67,6184266.6091
1696894200000,2023-10-09T23:30:00+00:00,1577.05,1578.51,1576.96,1577.56,3097.23,4886614.2425
1696895100000,2023-10-09T23:45:00+00:00,1577.56,1579.81,1577.56,1578.89,2513.99,3969240.7473
1696896000000,2023-10-10T00:00:00+00:00,1578.89,1582,1577.76,1578.26,5755.08,9092793.2576
1696896900000,2023-10-10T00:15:00+00:00,1578.26,1582.29,1578.26,1580.71,3774.33,5964496.5345
1696897800000,2023-10-10T00:30:00+00:00,1580.71,1581.74,1578.1,1578.11,2942.88,4650580.949
1696898700000,2023-10-10T00:45:00+00:00,1578.11,1578.62,1575.74,1576.47,3987.7,6289536.3395
1696899600000,2023-10-10T01:00:00+00:00,1576.47,1577.72,1574.78,1576.37,6559.25,10337847.3799
1696900500000,2023-10-10T01:15:00+00:00,1576.37,1577.68,1576,1577.34,5875.46,9265180.1842
1696901400000,2023-10-10T01:30:00+00:00,1577.34,1578.03,1575.89,1576.61,5702.24,8989690.7366
1696902300000,2023-10-10T01:45:00+00:00,1576.61,1579.63,1576.15,1578.2,5645.83,8911542.5113
1696903200000,2023-10-10T02:00:00+00:00,1578.2,1579.24,1577.04,1577.25,4758.53,7508166.8588
1696904100000,2023-10-10T02:15:00+00:00,1577.25,1578.25,1576.86,1577.68,3201.3,5050842.7312
1696905000000,2023-10-10T02:30:00+00:00,1577.68,1581.1,1576.87,1580.66,4073.97,6432347.1687
1696905900000,2023-10-10T02:45:00+00:00,1580.66,1591.92,1579.63,1588.88,11792.12,18695723.7907
1696906800000,2023-10-10T03:00:00+00:00,1588.88,1589.31,1584.3,1585.25,6801.09,10785108.0317
1696907700000,2023-10-10T03:15:00+00:00,1585.25,1586.4,1583.56,1583.56,6438.39,10203313.8826
1696908600000,2023-10-10T03:30:00+00:00,1583.56,1585.34,1583.51,1584.43,7166.57,11355009.586
1696909500000,2023-10-10T03:45:00+00:00,1584.43,1584.68,1583.62,1583.63,6087.48,9643386.4064
1696910400000,2023-10-10T04:00:00+00:00,1583.63,1584.25,1582.92,1583.19,5802.14,9187534.9595
1696911300000,2023-10-10T04:15:00+00:00,1583.19,1583.28,1581.97,1583.04,6976.86,11043831.2213
1696912200000,2023-10-10T04:30:00+00:00,1583.04,1583.3,1582.7,1582.73,5542.36,8773951.2002
1696913100000,2023-10-10T04:45:00+00:00,1582.73,1583.18,1582.07,1582.56,3455.91,5469794.6114
1696914000000,2023-10-10T05:00:00+00:00,1582.56,1583.07,1581.52,1581.55,5130.73,8116999.5688
1696914900000,2023-10-10T05:15:00+00:00,1581.55,1582.88,1581.55,1582.48,5982.51,9467152.7561
1696915800000,2023-10-10T05:30:00+00:00,1582.48,1584.37,1582.47,1584.21,7849.07,12425640.9253
1696916700000,2023-10-10T05:45:00+00:00,1584.21,1585.62,1584.19,1584.93,6939.13,10998376.5453
1696917600000,2023-10-10T06:00:00+00:00,1584.93,1586.49,1584.88,1585.39,8166.8,12949165.282
1696918500000,2023-10-10T06:15:00+00:00,1585.39,1587.47,1585.39,1586.88,7431.48,11789408.8367
1696919400000,2023-10-10T06:30:00+00:00,1586.88,1588.26,1586.51,1587.53,6795.28,10786049.9326
1696920300000,2023-10-10T06:45:00+00:00,1587.53,1588.95,1586.21,1588.92,6183.6,9817196.7252
1696921200000,2023-10-10T07:00:00+00:00,1588.92,1591.51,1588.38,1591.07,8602.08,13676607.3088
1696922100000,2023-10-10T07:15:00+00:00,1591.07,1593.07,1589.17,1591.16,12596.25,20043943.2897
1696923000000,2023-10-10T07:30:00+00:00,1591.16,1593,1589.24,1589.64,4152.27,6606944.5955
1696923900000,2023-10-10T07:45:00+00:00,1589.64,1590.66,1588.64,1589.04,3367.17,5352484.921
1696924800000,2023-10-10T08:00:00+00:00,1589.04,1592.96,1589.04,1592.02,2428.21,3862295.9552
1696925700000,2023-10-10T08:15:00+00:00,1592.02,1593.83,1590.3,1590.75,6130.42,9757363.4675
1696926600000,2023-10-10T08:30:00+00:00,1590.75,1592.27,1589.01,1589.18,5011.87,7970864.6502
1696927500000,2023-10-10T08:45:00+00:00,1589.18,1589.91,1588.52,1588.59,4883.54,7760783.7606
1696928400000,2023-10-10T09:00:00+00:00,1588.59,1589.09,1587.14,1588,6945.34,11028945.7928
1696929300000,2023-10-10T09:15:00+00:00,1588,1588.68,1587.19,1587.37,7977.13,12667206.9246
1696930200000,2023-10-10T09:30:00+00:00,1587.37,1588.65,1586.77,1587.34,6738.05,10696597.0317
1696931100000,2023-10-10T09:45:00+00:00,1587.34,1588.89,1586.82,1588.19,6073.18,9644331.6543
1696932000000,2023-10-10T10:00:00+00:00,1588.19,1588.73,1587.51,1588.17,4960.19,7877068.1009
1696932900000,2023-10-10T10:15:00+00:00,1588.17,1588.75,1587.5,1588.74,3026.78,4807095.0368
1696933800000,2023-10-10T10:30:00+00:00,1588.74,1589.68,1581.51,1585.25,13539.13,21458635.5906
1696934700000,2023-10-10T10:45:00+00:00,1585.25,1586.91,1584.21,1584.67,4938.67,7830894.1996
1696935600000,2023-10-10T11:00:00+00:00,1584.67,1585.9,1583.36,1585.9,5520.91,8750697.4921
1696936500000,2023-10-10T11:15:00+00:00,1585.9,1586.42,1581.58,1582.11,8618.3,13647766.303
1696937400000,2023-10-10T11:30:00+00:00,1582.11,1584.19,1581.13,1582.97,7050.48,11157713.2863
1696938300000,2023-10-10T11:45:00+00:00,1582.97,1583.34,1576.79,1578.46,11068.06,17486386.8177
1696939200000,2023-10-10T12:00:00+00:00,1578.46,1580.18,1576.33,1579.32,9288.71,14658558.1361
1696940100000,2023-10-10T12:15:00+00:00,1579.32,1581.2,1578.61,1581.2,6965.99,11008420.5239
1696941000000,2023-10-10T12:30:00+00:00,1581.2,1582.8,1578.05,1579.95,6994.91,11055930.1354
1696941900000,2023-10-10T12:45:00+00:00,1579.95,1579.98,1570.71,1573.1,14112,22219709.9738
1696942800000,2023-10-10T13:00:00+00:00,1573.1,1575.16,1572.2,1573.64,7843.34,12342135.8309
1696943700000,2023-10-10T13:15:00+00:00,1573.64,1577.76,1572.81,1576.51,7418.78,11686329.2164
1696944600000,2023-10-10T13:30:00+00:00,1576.51,1576.69,1570.69,1571.55,9827.3,15467609.6644
1696945500000,2023-10-10T13:45:00+00:00,1571.55,1575.13,1571.55,1573.96,5682.94,8940799.2489
1696946400000,2023-10-10T14:00:00+00:00,1573.96,1585.74,1573.84,1585.22,14146.91,22349378.1977
1696947300000,2023-10-10T14:15:00+00:00,1585.22,1587.45,1581.14,1581.9,16151.86,25577970.3542
1696948200000,2023-10-10T14:30:00+00:00,1581.9,1583.52,1578.13,1581.12,12623.89,19962122.9039
1696949100000,2023-10-10T14:45:00+00:00,1581.12,1581.12,1563.32,1570.65,22164.11,34825875.7136
1696950000000,2023-10-10T15:00:00+00:00,1570.65,1573.54,1565.81,1568.18,14466.09,22707073.3428
1696950900000,2023-10-10T15:15:00+00:00,1568.18,1571.04,1564.52,1567.68,14571.39,22848438.8773
1696951800000,2023-10-10T15:30:00+00:00,1567.68,1569.79,1562.29,1566.58,7448.43,11666378.2506
1696952700000,2023-10-10T15:45:00+00:00,1566.58,1569.48,1564.85,1566.86,8382.37,13142392.411
1696953600000,2023-10-10T16:00:00+00:00,1566.86,1568.85,1564.62,1568.7,8489.53,13303492.5243
1696954500000,2023-10-10T16:15:00+00:00,1568.7,1571.74,1558.2,1567.79,21011.28,32857966.5559
1696955400000,2023-10-10T16:30:00+00:00,1567.79,1570.45,1563.05,1564.75,17402.06,27276884.4019
1696956300000,2023-10-10T16:45:00+00:00,1564.75,1567.81,1561.25,1564.93,13772.66,21553419.6899
1696957200000,2023-10-10T17:00:00+00:00,1564.93,1566,1557.3,1559.4,14686.05,22933964.1152
1696958100000,2023-10-10T17:15:00+00:00,1559.4,1560.43,1556.08,1559.47,9554.42,14892813.9326
1696959000000,2023-10-10T17:30:00+00:00,1559.47,1562.7,1557.56,1562.22,9320.31,14533892.8893
1696959900000,2023-10-10T17:45:00+00:00,1562.22,1562.51,1558.61,1561.37,6111.02,9539065.6329
1696960800000,2023-10-10T18:00:00+00:00,1561.37,1562.37,1559.07,1560.7,7737.28,12074627.2495
1696961700000,2023-10-10T18:15:00+00:00,1560.7,1564.93,1560.01,1563.98,7419.96,11589089.1526
1696962600000,2023-10-10T18:30:00+00:00,1563.98,1564,1562.21,1562.62,4324.2,6758861.3337
1696963500000,2023-10-10T18:45:00+00:00,1562.62,1564.72,1560,1564.72,5009.14,7821452.2436
1696964400000,2023-10-10T19:00:00+00:00,1564.72,1567.86,1562.29,1564.68,7396.14,11576094.4864
1696965300000,2023-10-10T19:15:00+00:00,1564.68,1565.46,1561.16,1561.16,3332.29,5212181.4226
1696966200000,2023-10-10T19:30:00+00:00,1561.16,1563.03,1560.39,1562.67,3555.13,5553631.7775
1696967100000,2023-10-10T19:45:00+00:00,1562.67,1564.89,1562.23,1564.68,3020.34,4723446.2152
1696968000000,2023-10-10T20:00:00+00:00,1564.68,1566.48,1563.5,1564.25,4345.77,6800073.1319
1696968900000,2023-10-10T20:15:00+00:00,1564.25,1564.25,1560.5,1560.8,3709.86,5794969.4344
1696969800000,2023-10-10T20:30:00+00:00,1560.8,1560.91,1556.62,1557.28,4151.42,6470812.2103
1696970700000,2023-10-10T20:45:00+00:00,1557.28,1558.89,1548.88,1558.89,11532.54,17920866.5065
1696971600000,2023-10-10T21:00:00+00:00,1558.89,1562.82,1557.72,1562.16,5338.2,8328547.5763
1696972500000,2023-10-10T21:15:00+00:00,1562.16,1566.34,1562.16,1565.49,4977.84,7787896.0239
1696973400000,2023-10-10T21:30:00+00:00,1565.49,1566.76,1564.37,1566.68,4660.85,7295756.1438
1696974300000,2023-10-10T21:45:00+00:00,1566.68,1566.68,1563.66,1564.12,6217.54,9729564.8351
1696975200000,2023-10-10T22:00:00+00:00,1564.12,1567.83,1564.02,1566.34,5977.49,9361740.289
1696976100000,2023-10-10T22:15:00+00:00,1566.34,1566.36,1565.19,1565.22,6009.29,9408049.7516
1696977000000,2023-10-10T22:30:00+00:00,1565.22,1568.53,1565.22,1567.77,8280.03,12970751.2334
1696977900000,2023-10-10T22:45:00+00:00,1567.77,1568.28,1566.64,1566.91,6647.21,10416027.7468
1696978800000,2023-10-10T23:00:00+00:00,1566.91,1568.21,1565.99,1566.23,4877.31,7644294.8695
1696979700000,2023-10-10T23:15:00+00:00,1566.23,1568.15,1565.91,1567.43,2432.69,3812043.7197
1696980600000,2023-10-10T23:30:00+00:00,1567.43,1569.21,1566.75,1568,3897.05,6111226.9829
1696981500000,2023-10-10T23:45:00+00:00,1568,1568,1565.6,1566.41,3081.89,4827928.5847
1696982400000,2023-10-11T00:00:00+00:00,1566.41,1568.02,1565.94,1568.02,3156.84,4947331.4666
1696983300000,2023-10-11T00:15:00+00:00,1568.02,1568.83,1567.13,1567.2,4363.46,6841254.7876
1696984200000,2023-10-11T00:30:00+00:00,1567.2,1571.62,1567.2,1570.42,8247.5,12945480.1445
1696985100000,2023-10-11T00:45:00+00:00,1570.42,1574.49,1569.97,1573.16,6679.69,10499761.0751
1696986000000,2023-10-11T01:00:00+00:00,1573.16,1574.82,1571.86,1572.87,6307.13,9921103.5065
1696986900000,2023-10-11T01:15:00+00:00,1572.87,1572.87,1571.03,1571.18,6640.59,10437691.3977
1696987800000,2023-10-11T01:30:00+00:00,1571.18,1571.23,1570.26,1570.26,4616.91,7251377.6504
1696988700000,2023-10-11T01:45:00+00:00,1570.26,1572.43,1569.53,1572.43,6902.33,10841789.197
1696989600000,2023-10-11T02:00:00+00:00,1572.43,1573.91,1570.52,1570.52,5915.68,9296901.463
1696990500000,2023-10-11T02:15:00+00:00,1570.52,1570.57,1566,1567.38,8316.02,13040159.3934
1696991400000,2023-10-11T02:30:00+00:00,1567.38,1567.38,1542,1556.14,39242.45,60972337.9416
1696992300000,2023-10-11T02:45:00+00:00,1556.14,1561.65,1554.53,1558.07,15226.9,23729853.1948
1696993200000,2023-10-11T03:00:00+00:00,1558.07,1560.35,1554.48,1557.42,11953.92,18622056.7698
1696994100000,2023-10-11T03:15:00+00:00,1557.42,1560.97,1555.75,1560.9,4543.22,7077123.5556
1696995000000,2023-10-11T03:30:00+00:00,1560.9,1560.9,1555.61,1556.83,5913.37,9211068.9483
1696995900000,2023-10-11T03:45:00+00:00,1556.83,1559.29,1555.1,1555.1,5419.65,8438232.5928
1696996800000,2023-10-11T04:00:00+00:00,1555.1,1559.32,1554.23,1557.63,6862.95,10689793.5685
1696997700000,2023-10-11T04:15:00+00:00,1557.63,1560,1557.6,1560,6237.72,9724172.5808
1696998600000,2023-10-11T04:30:00+00:00,1560,1560.39,1558.47,1559.5,7020.57,10948287.1403
1696999500000,2023-10-11T04:45:00+00:00,1559.5,1560.38,1559.21,1559.21,4758.18,7422244.1801
1697000400000,2023-10-11T05:00:00+00:00,1559.21,1559.21,1555.12,1556.24,7442.93,11589160.9553
1697001300000,2023-10-11T05:15:00+00:00,1556.24,1556.51,1550.52,1555.38,7503.1,11660701.8387
1697002200000,2023-10-11T05:30:00+00:00,1555.38,1557.11,1553.38,1556.88,4854.72,7550769.7919
1697003100000,2023-10-11T05:45:00+00:00,1556.88,1557.73,1555.03,1556.17,4865.29,7571995.5294
1697004000000,2023-10-11T06:00:00+00:00,1556.17,1556.81,1549.84,1550.61,7394.75,11489450.0774
1697004900000,2023-10-11T06:15:00+00:00,1550.61,1553.94,1547.21,1550.87,8472.6,13144716.3375
1697005800000,2023-10-11T06:30:00+00:00,1550.87,1554.38,1550.62,1553.53,5790.65,8993255.1701
1697006700000,2023-10-11T06:45:00+00:00,1553.53,1554.93,1552.8,1554.93,5558.18,8636902.0655
1697007600000,2023-10-11T07:00:00+00:00,1554.93,1556.21,1554.66,1555.38,5072.34,7889896.7982
1697008500000,2023-10-11T07:15:00+00:00,1555.38,1555.87,1552.63,1555.21,4915.22,7641670.1608
1697009400000,2023-10-11T07:30:00+00:00,1555.21,1557.3,1554.85,1557.22,5754.04,8954009.0926
1697010300000,2023-10-11T07:45:00+00:00,1557.22,1558.81,1555.76,1555.76,5994.04,9334277.3487
1697011200000,2023-10-11T08:00:00+00:00,1555.76,1557.55,1555.25,1557.26,4811.55,7489818.1074
1697012100000,2023-10-11T08:15:00+00:00,1557.26,1557.71,1555.52,1556.12,3831.34,5964753.1426
1697013000000,2023-10-11T08:30:00+00:00,1556.12,1563.59,1555.21,1562.07,11002.29,17170416.9694
1697013900000,2023-10-11T08:45:00+00:00,1562.07,1563.35,1560.62,1563.33,5028.42,7854688.8838
1697014800000,2023-10-11T09:00:00+00:00,1563.33,1566.94,1562,1566.33,9163.26,14333787.4417
1697015700000,2023-10-11T09:15:00+00:00,1566.33,1570.71,1565.4,1568.96,15759.07,24704416.7219
1697016600000,2023-10-11T09:30:00+00:00,1568.96,1574.36,1568.52,1572.91,14460.81,22726924.3736
1697017500000,2023-10-11T09:45:00+00:00,1572.91,1577.12,1571.86,1574.71,16215.15,25536819.8101
1697018400000,2023-10-11T10:00:00+00:00,1574.71,1576.43,1572.04,1572.06,13050.77,20543606.6054
1697019300000,2023-10-11T10:15:00+00:00,1572.06,1577.39,1571.59,1575.06,10172.27,16018664.6447
1697020200000,2023-10-11T10:30:00+00:00,1575.06,1576.19,1572.98,1574.56,8159.98,12846904.5196
1697021100000,2023-10-11T10:45:00+00:00,1574.56,1575.23,1573.21,1574.94,9118.57,14358642.8072
1697022000000,2023-10-11T11:00:00+00:00,1574.94,1577.34,1574.46,1574.79,6755.42,10646861.087
1697022900000,2023-10-11T11:15:00+00:00,1574.79,1576.89,1572.26,1572.9,3796.35,5979712.3797
1697023800000,2023-10-11T11:30:00+00:00,1572.9,1573.49,1570.86,1571.59,5438.98,8549299.8689
1697024700000,2023-10-11T11:45:00+00:00,1571.59,1572.23,1570.21,1571.58,3814.3,5993828.4345
1697025600000,2023-10-11T12:00:00+00:00,1571.58,1575.49,1571.14,1574.55,5346.59,8415777.5476
1697026500000,2023-10-11T12:15:00+00:00,1574.55,1575.01,1571.71,1573.74,5528.93,8696031.2029
1697027400000,2023-10-11T12:30:00+00:00,1573.74,1573.91,1564.04,1569.7,18989.57,29774972.0599
1697028300000,2023-10-11T12:45:00+00:00,1569.7,1571.33,1567.92,1571.32,6757.46,10611240.4133
1697029200000,2023-10-11T13:00:00+00:00,1571.32,1572.37,1567.8,1568.13,6817.5,10706151.1556
1697030100000,2023-10-11T13:15:00+00:00,1568.13,1570.02,1566.77,1569,6492.11,10182277.1418
1697031000000,2023-10-11T13:30:00+00:00,1569,1570.32,1564.95,1568.68,7569.68,11868140.3339
1697031900000,2023-10-11T13:45:00+00:00,1568.68,1572.77,1567.8,1572.6,4332.17,6801280.3363
1697032800000,2023-10-11T14:00:00+00:00,1572.6,1575.25,1569.67,1569.78,9944.81,15642661.0036
1697033700000,2023-10-11T14:15:00+00:00,1569.78,1571.28,1567.02,1567.32,5828.73,9147344.439
1697034600000,2023-10-11T14:30:00+00:00,1567.32,1569.05,1566.7,1567.81,7343.16,11513330.6272
1697035500000,2023-10-11T14:45:00+00:00,1567.81,1570.63,1567.12,1569.5,5415.1,8498342.8895
1697036400000,2023-10-11T15:00:00+00:00,1569.5,1571.58,1567.92,1568.3,5253.42,8248297.0378
1697037300000,2023-10-11T15:15:00+00:00,1568.3,1568.3,1553,1557.35,24782.76,38669646.7371
1697038200000,2023-10-11T15:30:00+00:00,1557.35,1560.13,1553.84,1555.68,13684.59,21316130.8852
1697039100000,2023-10-11T15:45:00+00:00,1555.68,1561.53,1554.16,1558.76,11181.52,17425368.6545
1697040000000,2023-10-11T16:00:00+00:00,1558.76,1560.54,1551.4,1559.25,13648.08,21235999.9437
1697040900000,2023-10-11T16:15:00+00:00,1559.25,1559.25,1554.8,1558.46,10675.03,16621343.3521
1697041800000,2023-10-11T16:30:00+00:00,1558.46,1559.73,1552.57,1554.05,10923.48,17003638.1095
1697042700000,2023-10-11T16:45:00+00:00,1554.05,1556.55,1549.56,1552.75,13193.19,20485097.3364
1697043600000,2023-10-11T17:00:00+00:00,1552.75,1555.8,1550.18,1554.44,10457.49,16236638.94
1697044500000,2023-10-11T17:15:00+00:00,1554.44,1558.83,1552.84,1555,8239.09,12822660.5848
1697045400000,2023-10-11T17:30:00+00:00,1555,1555.35,1553.2,1553.65,6070.33,9435469.77
1697046300000,2023-10-11T17:45:00+00:00,1553.65,1554.73,1548.01,1552.36,11219.73,17409386.6673
1697047200000,2023-10-11T18:00:00+00:00,1552.36,1553.96,1547.53,1552.33,9945.39,15416549.5083
1697048100000,2023-10-11T18:15:00+00:00,1552.33,1553.9,1550.52,1552.27,7491.22,11628228.2192
1697049000000,2023-10-11T18:30:00+00:00,1552.27,1555.16,1552.05,1553.49,6316.46,9809359.4928
1697049900000,2023-10-11T18:45:00+00:00,1553.49,1558.03,1552.3,1557.14,7944.43,12348179.5449
1697050800000,2023-10-11T19:00:00+00:00,1557.14,1558.54,1556.18,1558.44,6828.6,10636555.0709
1697051700000,2023-10-11T19:15:00+00:00,1558.44,1560.37,1557.34,1559.14,3971.48,6190392.304
1697052600000,2023-10-11T19:30:00+00:00,1559.14,1562.95,1558.09,1562.45,5474.43,8544691.0978
1697053500000,2023-10-11T19:45:00+00:00,1562.45,1565.71,1561,1562.07,8250.98,12901681.1486
1697054400000,2023-10-11T20:00:00+00:00,1562.07,1562.69,1559.87,1560.99,6331.24,9882449.3374
1697055300000,2023-10-11T20:15:00+00:00,1560.99,1563.4,1560.6,1562.49,4701.76,7343613.8233
1697056200000,2023-10-11T20:30:00+00:00,1562.49,1563.48,1559.88,1560.87,3547.78,5541622.4927
1697057100000,2023-10-11T20:45:00+00:00,1560.87,1563.26,1560.87,1563.03,3778.14,5899973.1968
1697058000000,2023-10-11T21:00:00+00:00,1563.03,1565.39,1560.9,1563.77,4447.76,6951995.7761
1697058900000,2023-10-11T21:15:00+00:00,1563.77,1566,1562.02,1562.48,7056.31,11033969.4663
1697059800000,2023-10-11T21:30:00+00:00,1562.48,1563.19,1561.34,1562.82,5495.74,8584806.9975
1697060700000,2023-10-11T21:45:00+00:00,1562.82,1564.96,1561.58,1564.88,3982.4,6222816.77
1697061600000,2023-10-11T22:00:00+00:00,1564.88,1566.19,1563.46,1564.95,7997.52,12514544.3599
1697062500000,2023-10-11T22:15:00+00:00,1564.95,1568.49,1564.63,1566.74,7084.29,11096832.694
1697063400000,2023-10-11T22:30:00+00:00,1566.74,1567.81,1564.35,1566.01,6642.35,10404923.8318
1697064300000,2023-10-11T22:45:00+00:00,1566.01,1566.02,1563.82,1564.27,5451.63,8529060.9558
1697065200000,2023-10-11T23:00:00+00:00,1564.27,1565.2,1563.05,1564.35,8193.36,12811874.48
1697066100000,2023-10-11T23:15:00+00:00,1564.35,1566.05,1563.42,1564.94,7906.33,12369757.1418
1697067000000,2023-10-11T23:30:00+00:00,1564.94,1565.23,1563.95,1565.21,6510.8,10187877.3499
1697067900000,2023-10-11T23:45:00+00:00,1565.21,1565.83,1563.12,1565.81,7373.26,11533024.9689
1697068800000,2023-10-12T00:00:00+00:00,1565.81,1565.82,1561.81,1562.02,7649.91,11960569.168
1697069700000,2023-10-12T00:15:00+00:00,1562.02,1563.85,1561.95,1563.02,5354.58,8367725.341
1697070600000,2023-10-12T00:30:00+00:00,1563.02,1563.85,1558.69,1560.22,6628.99,10350950.372
1697071500000,2023-10-12T00:45:00+00:00,1560.22,1561.51,1558.99,1560.23,3905.59,6093663.6518
1697072400000,2023-10-12T01:00:00+00:00,1560.23,1560.86,1557.18,1557.5,4448.73,6935861.3024
1697073300000,2023-10-12T01:15:00+00:00,1557.5,1558.77,1556.14,1558.58,4901.62,7634531.1161
1697074200000,2023-10-12T01:30:00+00:00,1558.58,1558.93,1556.84,1558.62,4708.3,7336889.8128
1697075100000,2023-10-12T01:45:00+00:00,1558.62,1559.3,1557.02,1557.9,2937.42,4576912.0347
1697076000000,2023-10-12T02:00:00+00:00,1557.9,1558.43,1555.09,1557.04,3898.28,6069379.0203
1697076900000,2023-10-12T02:15:00+00:00,1557.04,1559.28,1557.04,1558.86,3913.8,6099467.7618
1697077800000,2023-10-12T02:30:00+00:00,1558.86,1563.03,1558.86,1561.85,3193.87,4985962.1092
1697078700000,2023-10-12T02:45:00+00:00,1561.85,1567.49,1561.81,1564.17,6568.63,10276880.0195
1697079600000,2023-10-12T03:00:00+00:00,1564.17,1564.64,1560.89,1560.89,6001.69,9375777.0165
1697080500000,2023-10-12T03:15:00+00:00,1560.89,1561.33,1559.69,1559.71,6022.79,9400481.6417
1697081400000,2023-10-12T03:30:00+00:00,1559.71,1560.79,1559.1,1560.43,5412.2,8442733.8456
1697082300000,2023-10-12T03:45:00+00:00,1560.43,1560.72,1559.5,1560.55,5602.86,8740799.8611
1697083200000,2023-10-12T04:00:00+00:00,1560.55,1560.96,1559.76,1560.7,6472.04,10098913.0926
1697084100000,2023-10-12T04:15:00+00:00,1560.7,1562,1560.14,1562,2777.78,4337354.0576
1697085000000,2023-10-12T04:30:00+00:00,1562,1562,1560.94,1561.63,2109.14,3293687.9545
1697085900000,2023-10-12T04:45:00+00:00,1561.63,1562.49,1559.96,1559.99,3436.46,5365342.2452
1697086800000,2023-10-12T05:00:00+00:00,1559.99,1560,1556.7,1557.75,5283.09,8232114.4387
1697087700000,2023-10-12T05:15:00+00:00,1557.75,1560.59,1556.88,1560.58,7311.7,11399916.9459
1697088600000,2023-10-12T05:30:00+00:00,1560.58,1562.19,1559.43,1561.58,5942.23,9276468.8132
1697089500000,2023-10-12T05:45:00+00:00,1561.58,1563.73,1561.45,1563.7,3717.5,5808881.8366
1697090400000,2023-10-12T06:00:00+00:00,1563.7,1563.71,1561.65,1562.21,3939.26,6155087.2241
1697091300000,2023-10-12T06:15:00+00:00,1562.21,1564.86,1562.21,1564.73,2678.89,4189289.3474
1697092200000,2023-10-12T06:30:00+00:00,1564.73,1565.8,1563.82,1564.33,4954.18,7752398.2294
1697093100000,2023-10-12T06:45:00+00:00,1564.33,1564.88,1561.62,1561.62,4940.59,7723967.8305
1697094000000,2023-10-12T07:00:00+00:00,1561.62,1563.03,1560.53,1562.98,5502.57,8595957.3816
1697094900000,2023-10-12T07:15:00+00:00,1562.98,1563.1,1559.1,1559.94,6346.45,9903853.1604
1697095800000,2023-10-12T07:30:00+00:00,1559.94,1560.74,1559.33,1560.27,4372.73,6821579.1453
1697096700000,2023-10-12T07:45:00+00:00,1560.27,1560.51,1557.77,1558.17,7783.78,12130674.2007
1697097600000,2023-10-12T08:00:00+00:00,1558.17,1559.51,1556.06,1556.22,5545.52,8637717.4283
1697098500000,2023-10-12T08:15:00+00:00,1556.22,1557.47,1555.55,1556.69,8960.89,13951113.0026
1697099400000,2023-10-12T08:30:00+00:00,1556.69,1559.87,1556.68,1559.79,5321.47,8293036.5836
1697100300000,2023-10-12T08:45:00+00:00,1559.79,1559.79,1556.12,1556.48,5234.33,8151235.5236
1697101200000,2023-10-12T09:00:00+00:00,1556.48,1558,1555.32,1557.05,3211.86,5001192.1332
1697102100000,2023-10-12T09:15:00+00:00,1557.05,1557.76,1551.59,1552.9,7263.86,11289611.3351
1697103000000,2023-10-12T09:30:00+00:00,1552.9,1553,1543.93,1548.57,15880.22,24583448.9678
1697103900000,2023-10-12T09:45:00+00:00,1548.57,1550.24,1533.61,1540.66,29495.78,45456911.7764
1697104800000,2023-10-12T10:00:00+00:00,1540.66,1545.01,1538.09,1544.14,14429.99,22256675.7966
1697105700000,2023-10-12T10:15:00+00:00,1544.14,1544.7,1541.57,1542.71,8381.19,12931530.1917
1697106600000,2023-10-12T10:30:00+00:00,1542.71,1548.69,1542.35,1547.61,9041.9,13974976.3839
1697107500000,2023-10-12T10:45:00+00:00,1547.61,1548.82,1545.12,1545.77,8439.39,13055466.7668
1697108400000,2023-10-12T11:00:00+00:00,1545.77,1547.23,1544.73,1545.19,5948.61,9195737.5826
1697109300000,2023-10-12T11:15:00+00:00,1545.19,1546.94,1544.59,1546.27,4884.15,7549583.0194
1697110200000,2023-10-12T11:30:00+00:00,1546.27,1548.76,1546.26,1547.45,8230.38,12736351.5543
1697111100000,2023-10-12T11:45:00+00:00,1547.45,1554.5,1547.01,1551.01,15093.56,23410188.4275
1697112000000,2023-10-12T12:00:00+00:00,1551.01,1552.78,1547.51,1548.94,6951.89,10771027.0232
1697112900000,2023-10-12T12:15:00+00:00,1548.94,1549.65,1545.77,1547.53,11041.34,17088666.5219
1697113800000,2023-10-12T12:30:00+00:00,1547.53,1552.95,1544.03,1552.24,20258.7,31377528.5344
1697114700000,2023-10-12T12:45:00+00:00,1552.24,1552.54,1544.59,1548.54,9259.27,14339593.2831
1697115600000,2023-10-12T13:00:00+00:00,1548.54,1550.89,1547.56,1549.43,6750.31,10460873.7587
1697116500000,2023-10-12T13:15:00+00:00,1549.43,1552,1545.53,1547,6176.79,9564091.9924
1697117400000,2023-10-12T13:30:00+00:00,1547,1547.91,1541.2,1542.8,11037.26,17043078.0978
1697118300000,2023-10-12T13:45:00+00:00,1542.8,1546.5,1540.27,1545.9,7089.03,10942638.823
1697119200000,2023-10-12T14:00:00+00:00,1545.9,1548.6,1543.68,1546.67,10129.93,15666657.0331
1697120100000,2023-10-12T14:15:00+00:00,1546.67,1547.07,1542.32,1543.57,8497.36,13124248.9606
1697121000000,2023-10-12T14:30:00+00:00,1543.57,1545.72,1537.32,1540.46,15187.26,23408239.2551
1697121900000,2023-10-12T14:45:00+00:00,1540.46,1544.02,1539.65,1543.13,9298.84,14339809.9418
1697122800000,2023-10-12T15:00:00+00:00,1543.13,1545.4,1541.72,1544.94,10396.33,16050205.1271
1697123700000,2023-10-12T15:15:00+00:00,1544.94,1545.98,1539.23,1539.6,12204.63,18829422.1609
1697124600000,2023-10-12T15:30:00+00:00,1539.6,1542.14,1538.34,1541.38,10441.03,16082692.1499
1697125500000,2023-10-12T15:45:00+00:00,1541.38,1544.68,1539.14,1540.5,7656.22,11805892.939
1697126400000,2023-10-12T16:00:00+00:00,1540.5,1543.42,1539.22,1542.02,9792.05,15096575.7729
1697127300000,2023-10-12T16:15:00+00:00,1542.02,1544,1517.53,1535.72,54438.62,83291847.2936
1697128200000,2023-10-12T16:30:00+00:00,1535.72,1541.84,1532.54,1534.5,23990.85,36861588.0019
1697129100000,2023-10-12T16:45:00+00:00,1534.5,1535.8,1525.97,1527.7,16042.27,24541766.7882
1697130000000,2023-10-12T17:00:00+00:00,1527.7,1529.54,1520.31,1526.21,27181.33,41451146.2003
1697130900000,2023-10-12T17:15:00+00:00,1526.21,1529.82,1522.81,1524.73,14766.66,22539057.0001
1697131800000,2023-10-12T17:30:00+00:00,1524.73,1528.05,1521.75,1526.54,15999.89,24403166.7651
1697132700000,2023-10-12T17:45:00+00:00,1526.54,1530.32,1525.98,1529.26,11049.07,16887019.3288
1697133600000,2023-10-12T18:00:00+00:00,1529.26,1529.88,1525.32,1528.14,7572.32,11567018.4093
1697134500000,2023-10-12T18:15:00+00:00,1528.14,1532.4,1525.82,1532.34,7088.11,10839928.8957
1697135400000,2023-10-12T18:30:00+00:00,1532.34,1534.34,1531.54,1533.08,6652.86,10197945.018
1697136300000,2023-10-12T18:45:00+00:00,1533.08,1533.66,1528.93,1529.49,5867.81,8982170.0415
1697137200000,2023-10-12T19:00:00+00:00,1529.49,1530.24,1525.89,1529.45,9022,13788067.738
1697138100000,2023-10-12T19:15:00+00:00,1529.45,1530.81,1527.39,1529.41,5663.37,8660069.6928
1697139000000,2023-10-12T19:30:00+00:00,1529.41,1533.72,1529.16,1532.44,9875.36,15132160.6914
1697139900000,2023-10-12T19:45:00+00:00,1532.44,1533.29,1530.24,1530.26,5809.1,8897478.0647
1697140800000,2023-10-12T20:00:00+00:00,1530.26,1532.27,1529.4,1532.1,8426.01,12896866.8451
1697141700000,2023-10-12T20:15:00+00:00,1532.1,1532.58,1530.13,1530.86,8782.52,13444671.7354
1697142600000,2023-10-12T20:30:00+00:00,1530.86,1533.98,1530.66,1532.72,5828.01,8931429.5477
1697143500000,2023-10-12T20:45:00+00:00,1532.72,1535.38,1532.51,1535.25,9255.23,14198710.2298
1697144400000,2023-10-12T21:00:00+00:00,1535.25,1535.89,1532.54,1533.69,6736.2,10334192.5182
1697145300000,2023-10-12T21:15:00+00:00,1533.69,1534.79,1533.01,1534.75,4855.67,7448828.9334
1697146200000,2023-10-12T21:30:00+00:00,1534.75,1537.39,1533.21,1535.45,10725.65,16468889.4563
1697147100000,2023-10-12T21:45:00+00:00,1535.45,1536.72,1534.07,1536.36,4228.43,6491029.5013
1697148000000,2023-10-12T22:00:00+00:00,1536.36,1539.14,1535.53,1538.92,9530.06,14651231.6868
1697148900000,2023-10-12T22:15:00+00:00,1538.92,1539.05,1535.37,1537.35,9801.11,15067725.4842
1697149800000,2023-10-12T22:30:00+00:00,1537.35,1537.35,1535.78,1536.58,3466.21,5326073.6896
1697150700000,2023-10-12T22:45:00+00:00,1536.58,1538.8,1536.33,1538.78,6455.39,9925765.5724
1697151600000,2023-10-12T23:00:00+00:00,1538.78,1538.79,1536.61,1536.66,7946.63,12220192.5438
1697152500000,2023-10-12T23:15:00+00:00,1536.66,1537.7,1534.39,1536.67,6821.96,10479150.3206
1697153400000,2023-10-12T23:30:00+00:00,1536.67,1538.67,1536.67,1537.41,5770.84,8874591.5046
1697154300000,2023-10-12T23:45:00+00:00,1537.41,1539,1536.1,1538.6,6489.96,9979974.3432
1697155200000,2023-10-13T00:00:00+00:00,1538.6,1540.84,1537.2,1540.46,7652.7,11779717.6595
1697156100000,2023-10-13T00:15:00+00:00,1540.46,1543.61,1540.46,1543.04,11877.85,18318943.2727
1697157000000,2023-10-13T00:30:00+00:00,1543.04,1545.4,1541.61,1542.56,10910.77,16840267.9769
1697157900000,2023-10-13T00:45:00+00:00,1542.56,1543.83,1541.88,1543.25,6876.34,10608621.2072
1697158800000,2023-10-13T01:00:00+00:00,1543.25,1546.6,1542.42,1543.15,7447.12,11498150.2582
1697159700000,2023-10-13T01:15:00+00:00,1543.15,1543.21,1540.76,1541.23,7169.65,11053825.7043
1697160600000,2023-10-13T01:30:00+00:00,1541.23,1542.7,1540.79,1542.3,4904.61,7561120.3681
1697161500000,2023-10-13T01:45:00+00:00,1542.3,1543.53,1541.43,1541.63,4645.65,7165327.6088
1697162400000,2023-10-13T02:00:00+00:00,1541.63,1543.47,1541.63,1541.9,5533.69,8536206.8168
1697163300000,2023-10-13T02:15:00+00:00,1541.9,1542.8,1541.41,1541.52,5999.35,9251466.6235
1697164200000,2023-10-13T02:30:00+00:00,1541.52,1541.68,1539.75,1540.43,5144.25,7925768.6553
1697165100000,2023-10-13T02:45:00+00:00,1540.43,1542,1540.09,1541.71,2694.66,4153233.4955
1697166000000,2023-10-13T03:00:00+00:00,1541.71,1542.11,1540.61,1541.9,4641.09,7153298.5848
1697166900000,2023-10-13T03:15:00+00:00,1541.9,1541.9,1539.79,1539.82,5032.69,7753449.2037
1697167800000,2023-10-13T03:30:00+00:00,1539.82,1540.36,1537.07,1538,8792.26,13524421.5895
1697168700000,2023-10-13T03:45:00+00:00,1538,1538.24,1536.94,1538.07,6682.75,10274880.9887
1697169600000,2023-10-13T04:00:00+00:00,1538.07,1539.09,1537.81,1538.44,5151.08,7925213.1074
1697170500000,2023-10-13T04:15:00+00:00,1538.44,1540.68,1538.44,1539.3,7644.54,11770571.4951
1697171400000,2023-10-13T04:30:00+00:00,1539.3,1539.99,1538.34,1538.9,5403.76,8317298.2859
1697172300000,2023-10-13T04:45:00+00:00,1538.9,1540.83,1538.41,1540.63,5356.13,8247116.2876
1697173200000,2023-10-13T05:00:00+00:00,1540.63,1542.73,1540.63,1542.29,7003.29,10795423.9466
1697174100000,2023-10-13T05:15:00+00:00,1542.29,1543.4,1540.95,1541.03,5311.86,8189150.302
1697175000000,2023-10-13T05:30:00+00:00,1541.03,1541.16,1539.11,1539.73,4212.02,6488176.3373
1697175900000,2023-10-13T05:45:00+00:00,1539.73,1540.54,1539.41,1540.2,5080.5,7824487.9472
1697176800000,2023-10-13T06:00:00+00:00,1540.2,1540.56,1538.62,1539.18,3638.65,5600569.8061
1697177700000,2023-10-13T06:15:00+00:00,1539.18,1539.74,1538.53,1538.53,3584.23,5515687.0592
1697178600000,2023-10-13T06:30:00+00:00,1538.53,1541.21,1538.53,1540.27,4063.78,6257103.85
1697179500000,2023-10-13T06:45:00+00:00,1540.27,1541.17,1538.42,1538.75,3254.21,5009894.0605
1697180400000,2023-10-13T07:00:00+00:00,1538.75,1544.4,1538.75,1544.19,6154.38,9494412.3819
1697181300000,2023-10-13T07:15:00+00:00,1544.19,1549.36,1543.53,1546.61,14859.13,22975343.6057
1697182200000,2023-10-13T07:30:00+00:00,1546.61,1553.69,1546.61,1548.27,13841.85,21454095.9941
1697183100000,2023-10-13T07:45:00+00:00,1548.27,1549.04,1545.79,1548.28,6465.74,10003661.5504
1697184000000,2023-10-13T08:00:00+00:00,1548.28,1551.15,1548.26,1549.36,7620.64,11812161.7041
1697184900000,2023-10-13T08:15:00+00:00,1549.36,1551.32,1548.18,1548.9,5997.06,9291140.987
1697185800000,2023-10-13T08:30:00+00:00,1548.9,1549.57,1547.02,1547.32,4658.57,7211996.7287
1697186700000,2023-10-13T08:45:00+00:00,1547.32,1548,1545.91,1546.53,4288.94,6634098.9013
1697187600000,2023-10-13T09:00:00+00:00,1546.53,1548.89,1546.43,1548.38,5428.81,8401110.7648
1697188500000,2023-10-13T09:15:00+00:00,1548.38,1549.3,1548.13,1548.19,5066.45,7846676.0347
1697189400000,2023-10-13T09:30:00+00:00,1548.19,1548.67,1545.43,1545.87,7168.41,11087481.0759
1697190300000,2023-10-13T09:45:00+00:00,1545.87,1546,1541.6,1542.59,8858.26,13675065.8912
1697191200000,2023-10-13T10:00:00+00:00,1542.59,1544,1542.16,1543.57,3807.82,5875579.6021
1697192100000,2023-10-13T10:15:00+00:00,1543.57,1544.73,1543.56,1543.87,2445.84,3776934.0096
1697193000000,2023-10-13T10:30:00+00:00,1543.87,1544.79,1543.27,1543.53,2006.18,3098029.381
1697193900000,2023-10-13T10:45:00+00:00,1543.53,1544.83,1543.44,1544.27,2512.31,3879245.9844
1697194800000,2023-10-13T11:00:00+00:00,1544.27,1546.22,1543.97,1546.19,3309.65,5112652.6389
1697195700000,2023-10-13T11:15:00+00:00,1546.19,1546.89,1543.84,1546.32,3601.43,5565581.9938
1697196600000,2023-10-13T11:30:00+00:00,1546.32,1547.72,1546.32,1546.56,6456.18,9988832.8615
1697197500000,2023-10-13T11:45:00+00:00,1546.56,1546.56,1544.88,1545.47,3132.58,4841028.3903
1697198400000,2023-10-13T12:00:00+00:00,1545.47,1547.45,1542.18,1547.12,5982.87,9238907.279
1697199300000,2023-10-13T12:15:00+00:00,1547.12,1548.94,1546.28,1547.34,5366.83,8304688.7377
1697200200000,2023-10-13T12:30:00+00:00,1547.34,1552,1547.34,1549.3,7365.89,11416096.1061
1697201100000,2023-10-13T12:45:00+00:00,1549.3,1552.52,1547.77,1552.32,3950.76,6125275.6831
1697202000000,2023-10-13T13:00:00+00:00,1552.32,1552.51,1548.42,1549.97,5776.94,8952827.0019
1697202900000,2023-10-13T13:15:00+00:00,1549.97,1550.9,1548.19,1550.1,3651.89,5658450.324
1697203800000,2023-10-13T13:30:00+00:00,1550.1,1551.31,1547.15,1547.73,6805.47,10540034.898
1697204700000,2023-10-13T13:45:00+00:00,1547.73,1548.96,1546.38,1548.11,3748.53,5802196.6349
1697205600000,2023-10-13T14:00:00+00:00,1548.11,1548.29,1545.44,1546.12,5858.6,9061048.9228
1697206500000,2023-10-13T14:15:00+00:00,1546.12,1546.5,1543.74,1544.3,3764.41,5815690.5269
1697207400000,2023-10-13T14:30:00+00:00,1544.3,1545.22,1543.61,1544.62,3305.77,5105783.7834
1697208300000,2023-10-13T14:45:00+00:00,1544.62,1545.18,1539.73,1540.62,7740.99,11934021.5081
1697209200000,2023-10-13T15:00:00+00:00,1540.62,1542.8,1539.32,1541.55,4729.23,7288690.5538
1697210100000,2023-10-13T15:15:00+00:00,1541.55,1542.77,1536.6,1539.89,7862.25,12101765.7849
1697211000000,2023-10-13T15:30:00+00:00,1539.89,1540.38,1538.01,1539.45,3833.53,5900262.1789
1697211900000,2023-10-13T15:45:00+00:00,1539.45,1539.93,1536.62,1538.55,5403.07,8311337.4742
1697212800000,2023-10-13T16:00:00+00:00,1538.55,1541.22,1538.09,1541.13,6368.29,9806571.9241
1697213700000,2023-10-13T16:15:00+00:00,1541.13,1543.03,1540.88,1542.37,5519.03,8509355.1322
1697214600000,2023-10-13T16:30:00+00:00,1542.37,1547.5,1541.33,1547.49,9884.18,15276636.1101
1697215500000,2023-10-13T16:45:00+00:00,1547.49,1548.02,1544.13,1547.19,6084.31,9409721.738
1697216400000,2023-10-13T17:00:00+00:00,1547.19,1547.64,1543.15,1543.47,3907.57,6037808.2937
1697217300000,2023-10-13T17:15:00+00:00,1543.47,1546.47,1542.02,1542.16,4040.08,6239118.8881
1697218200000,2023-10-13T17:30:00+00:00,1542.16,1544.99,1539.98,1544.24,5956.63,9186315.1563
1697219100000,2023-10-13T17:45:00+00:00,1544.24,1544.54,1542.74,1543.48,4151.17,6408170.3997
1697220000000,2023-10-13T18:00:00+00:00,1543.48,1544.48,1543.13,1544.24,3852.86,5947547.3239
1697220900000,2023-10-13T18:15:00+00:00,1544.24,1544.85,1543,1543.57,5672.56,8757576.7068
1697221800000,2023-10-13T18:30:00+00:00,1543.57,1544.61,1541.14,1541.84,4978.24,7680709.1064
1697222700000,2023-10-13T18:45:00+00:00,1541.84,1543.33,1541.51,1542.51,3275.28,5052299.4126
1697223600000,2023-10-13T19:00:00+00:00,1542.51,1543.71,1540.44,1542.87,4421.71,6818896.8133
1697224500000,2023-10-13T19:15:00+00:00,1542.87,1544.32,1542.48,1544.22,2977.27,4594906.8684
1697225400000,2023-10-13T19:30:00+00:00,1544.22,1544.81,1541.91,1541.91,3151.69,4864054.3084
1697226300000,2023-10-13T19:45:00+00:00,1541.91,1544.94,1541.91,1544.94,2441.78,3768665.034
1697227200000,2023-10-13T20:00:00+00:00,1544.94,1545.95,1543.85,1544.03,4048.62,6252882.0086
1697228100000,2023-10-13T20:15:00+00:00,1544.03,1544.1,1542.34,1543.67,4211.24,6500401.6102
1697229000000,2023-10-13T20:30:00+00:00,1543.67,1544.7,1542.41,1544.04,5854.08,9036807.8357
1697229900000,2023-10-13T20:45:00+00:00,1544.04,1562.87,1542.63,1558.76,30769.15,47816809.3169
1697230800000,2023-10-13T21:00:00+00:00,1558.76,1575.72,1555.77,1555.8,40674,63740696.4851
1697231700000,2023-10-13T21:15:00+00:00,1555.8,1564.49,1553.46,1561.12,13412.87,20902197.1699
1697232600000,2023-10-13T21:30:00+00:00,1561.12,1564.39,1560.01,1560.52,4309.82,6732079.3685
1697233500000,2023-10-13T21:45:00+00:00,1560.52,1561.06,1557.28,1558.03,4770.89,7440474.6813
1697234400000,2023-10-13T22:00:00+00:00,1558.03,1561.96,1557.87,1559.98,4223.94,6589096.0895
1697235300000,2023-10-13T22:15:00+00:00,1559.98,1560.52,1555.62,1555.92,4536.36,7069108.6245
1697236200000,2023-10-13T22:30:00+00:00,1555.92,1555.92,1547.88,1549.91,12983.14,20150517.0685
1697237100000,2023-10-13T22:45:00+00:00,1549.91,1551.62,1544.06,1548.03,10137.75,15682732.9172
1697238000000,2023-10-13T23:00:00+00:00,1548.03,1550.53,1545.38,1545.45,4562.96,7062513.2071
1697238900000,2023-10-13T23:15:00+00:00,1545.45,1549.27,1545.37,1547.7,3361.99,5203368.0187
1697239800000,2023-10-13T23:30:00+00:00,1547.7,1550.31,1547.69,1549.99,3992.82,6183905.9754
1697240700000,2023-10-13T23:45:00+00:00,1549.99,1551.18,1549.35,1551.09,3024.67,4688688.7715
1697241600000,2023-10-14T00:00:00+00:00,1551.09,1552.16,1550.15,1551.93,6384,9905700.7911
1697242500000,2023-10-14T00:15:00+00:00,1551.93,1553.33,1551.12,1553.33,4073.35,6322395.2393
1697243400000,2023-10-14T00:30:00+00:00,1553.33,1553.33,1551.72,1552.61,2977.83,4622871.0631
1697244300000,2023-10-14T00:45:00+00:00,1552.61,1552.61,1550.96,1551.85,3468.47,5381190.1095
1697245200000,2023-10-14T01:00:00+00:00,1551.85,1552.28,1549.53,1549.62,4524.62,7016830.3791
1697246100000,2023-10-14T01:15:00+00:00,1549.62,1550.69,1548.41,1548.44,4185.78,6488379.7475
1697247000000,2023-10-14T01:30:00+00:00,1548.44,1551.53,1548.25,1551.51,4510.82,6990793.5646
1697247900000,2023-10-14T01:45:00+00:00,1551.51,1555.12,1551.32,1554.11,4317.58,6703983.0449
1697248800000,2023-10-14T02:00:00+00:00,1554.11,1555.59,1552.01,1552.27,4991.11,7753799.2298
1697249700000,2023-10-14T02:15:00+00:00,1552.27,1553.73,1551.72,1553.73,7072.74,10981463.5985
1697250600000,2023-10-14T02:30:00+00:00,1553.73,1554.82,1551.2,1552.19,5712.3,8874929.0067
1697251500000,2023-10-14T02:45:00+00:00,1552.19,1553.82,1552.19,1553.02,4735.28,7354266.3087
1697252400000,2023-10-14T03:00:00+00:00,1553.02,1554.37,1553.02,1553.1,6164.74,9577846.6605
1697253300000,2023-10-14T03:15:00+00:00,1553.1,1553.43,1551.52,1552.14,4479.77,6953964.5243
1697254200000,2023-10-14T03:30:00+00:00,1552.14,1553.36,1551.77,1553.21,9527.65,14794667.1081
1697255100000,2023-10-14T03:45:00+00:00,1553.21,1553.21,1551.5,1552.48,4394.13,6821419.9472
1697256000000,2023-10-14T04:00:00+00:00,1552.48,1553.37,1552.45,1553.35,5468.63,8492809.9072
1697256900000,2023-10-14T04:15:00+00:00,1553.35,1553.52,1553,1553.11,2840.55,4412243.7055
1697257800000,2023-10-14T04:30:00+00:00,1553.11,1553.28,1553,1553.26,2432.48,3777834.0589
1697258700000,2023-10-14T04:45:00+00:00,1553.26,1553.26,1551.02,1551.44,4276.09,6637030.1045
1697259600000,2023-10-14T05:00:00+00:00,1551.44,1552.73,1550.61,1552.72,3643.35,5652995.8835
1697260500000,2023-10-14T05:15:00+00:00,1552.72,1552.73,1551.95,1552.22,3611.53,5606056.2714
1697261400000,2023-10-14T05:30:00+00:00,1552.22,1552.22,1549.72,1550.03,3123.43,4844158.1981
1697262300000,2023-10-14T05:45:00+00:00,1550.03,1550.03,1548.27,1549.24,2523.85,3909768.7775
1697263200000,2023-10-14T06:00:00+00:00,1549.24,1549.76,1548.13,1548.15,2396.4,3711602.7539
1697264100000,2023-10-14T06:15:00+00:00,1548.15,1548.15,1544.91,1545.64,5251.3,8121880.2739
1697265000000,2023-10-14T06:30:00+00:00,1545.64,1547.23,1544.95,1545.84,8925.86,13802384.9285
1697265900000,2023-10-14T06:45:00+00:00,1545.84,1546.63,1545,1545.45,4686.09,7243527.0257
1697266800000,2023-10-14T07:00:00+00:00,1545.45,1545.45,1544,1544.64,5144.8,7947550.5388
1697267700000,2023-10-14T07:15:00+00:00,1544.64,1546.39,1544.53,1546.22,3533.56,5462044.2205
1697268600000,2023-10-14T07:30:00+00:00,1546.22,1546.82,1546.03,1546.57,4498.44,6956386.5301
1697269500000,2023-10-14T07:45:00+00:00,1546.57,1547.17,1546.19,1546.75,6207.1,9599644.1143
1697270400000,2023-10-14T08:00:00+00:00,1546.75,1547.62,1545.05,1545.85,7437.95,11505458.9913
1697271300000,2023-10-14T08:15:00+00:00,1545.85,1546.63,1545.61,1545.87,4119.65,6369627.5953
1697272200000,2023-10-14T08:30:00+00:00,1545.87,1547.33,1545.31,1545.4,3971.01,6140846.27
1697273100000,2023-10-14T08:45:00+00:00,1545.4,1546.66,1544.66,1546.65,3513.04,5430158.6492
1697274000000,2023-10-14T09:00:00+00:00,1546.65,1548.36,1546.26,1548.03,5648.3,8740192.5064
1697274900000,2023-10-14T09:15:00+00:00,1548.03,1548.54,1546.29,1546.74,4461.63,6904192.5024
1697275800000,2023-10-14T09:30:00+00:00,1546.74,1547.17,1546.28,1546.3,4205,6504045.8165
1697276700000,2023-10-14T09:45:00+00:00,1546.3,1546.78,1546.25,1546.78,4324.85,6688387.7574
1697277600000,2023-10-14T10:00:00+00:00,1546.78,1548.22,1546.62,1547.96,5679.04,8788847.3037
1697278500000,2023-10-14T10:15:00+00:00,1547.96,1548.13,1546.78,1546.95,3657.23,5659336.4611
1697279400000,2023-10-14T10:30:00+00:00,1546.95,1548.16,1546.95,1547.71,4353.96,6738263.6813
1697280300000,2023-10-14T10:45:00+00:00,1547.71,1547.75,1546.6,1547.28,4630.84,7165058.9848
1697281200000,2023-10-14T11:00:00+00:00,1547.28,1547.37,1546.53,1546.53,3932.31,6082915.8879
1697282100000,2023-10-14T11:15:00+00:00,1546.53,1546.68,1545.7,1546.02,3076.57,4757747.9831
1697283000000,2023-10-14T11:30:00+00:00,1546.02,1546.59,1545.51,1545.51,3351.34,5181748.8373
1697283900000,2023-10-14T11:45:00+00:00,1545.51,1546.27,1543.54,1546.13,7299.51,11278850.8757
1697284800000,2023-10-14T12:00:00+00:00,1546.13,1546.7,1545.51,1545.51,3276.39,5064938.1555
1697285700000,2023-10-14T12:15:00+00:00,1545.51,1545.69,1544.99,1545.39,8357.33,12915518.7903
1697286600000,2023-10-14T12:30:00+00:00,1545.39,1546.79,1545.39,1546.56,3926.28,6071839.2691
1697287500000,2023-10-14T12:45:00+00:00,1546.56,1549.35,1546.56,1549.35,6348.67,9827707.5086
1697288400000,2023-10-14T13:00:00+00:00,1549.35,1550.11,1548.47,1548.78,9768.63,15133898.2273
1697289300000,2023-10-14T13:15:00+00:00,1548.78,1550.9,1548.57,1549.11,3614.9,5600780.3181
1697290200000,2023-10-14T13:30:00+00:00,1549.11,1551.27,1549.11,1551.24,4214.96,6532298.6646
1697291100000,2023-10-14T13:45:00+00:00,1551.24,1551.5,1549.52,1550.47,4776.76,7406194.4405
1697292000000,2023-10-14T14:00:00+00:00,1550.47,1550.82,1550.21,1550.6,5924.65,9186191.4091
1697292900000,2023-10-14T14:15:00+00:00,1550.6,1551.53,1549.06,1549.48,6122.86,9489309.5501
1697293800000,2023-10-14T14:30:00+00:00,1549.48,1549.48,1547.84,1548.58,4053.28,6277935.2835
1697294700000,2023-10-14T14:45:00+00:00,1548.58,1549.04,1547.78,1548.2,4675.84,7239544.6457
1697295600000,2023-10-14T15:00:00+00:00,1548.2,1549.92,1548.2,1549.82,4889.34,7574482.8524
1697296500000,2023-10-14T15:15:00+00:00,1549.82,1551.35,1549.82,1550.9,6410.43,9940890.2458
1697297400000,2023-10-14T15:30:00+00:00,1550.9,1552.52,1550.2,1552.51,8961.52,13901254.6809
1697298300000,2023-10-14T15:45:00+00:00,1552.51,1557.22,1551.52,1555.53,12552.39,19505419.1965
1697299200000,2023-10-14T16:00:00+00:00,1555.53,1557.85,1554.23,1555.86,11880.71,18483541.4508
1697300100000,2023-10-14T16:15:00+00:00,1555.86,1557,1552.54,1552.77,5920.08,9201912.883
1697301000000,2023-10-14T16:30:00+00:00,1552.77,1553.33,1551.57,1552.84,6314.85,9803684.7701
1697301900000,2023-10-14T16:45:00+00:00,1552.84,1555.3,1552.83,1554.92,5428.62,8435678.1471
1697302800000,2023-10-14T17:00:00+00:00,1554.92,1555.33,1552.81,1553.19,5150.66,8005307.1551
1697303700000,2023-10-14T17:15:00+00:00,1553.19,1555.92,1552.99,1554.04,6033.64,9380000.2638
1697304600000,2023-10-14T17:30:00+00:00,1554.04,1554.63,1553.08,1554.43,4276.81,6646185.3114
1697305500000,2023-10-14T17:45:00+00:00,1554.43,1554.43,1553.06,1553.14,5030.24,7816145.9501
1697306400000,2023-10-14T18:00:00+00:00,1553.14,1553.51,1552.59,1552.67,3960.66,6151162.1696
1697307300000,2023-10-14T18:15:00+00:00,1552.67,1552.9,1552.67,1552.68,2926.25,4543739.9779
1697308200000,2023-10-14T18:30:00+00:00,1552.68,1554.08,1552.67,1552.91,2378.27,3693699.3992
1697309100000,2023-10-14T18:45:00+00:00,1552.91,1553.96,1552.76,1553.56,3082.29,4787612.9128
1697310000000,2023-10-14T19:00:00+00:00,1553.56,1553.56,1552.67,1552.69,3918.87,6086165.8277
1697310900000,2023-10-14T19:15:00+00:00,1552.69,1555.14,1552.67,1554.28,4290.29,6667050.8956
1697311800000,2023-10-14T19:30:00+00:00,1554.28,1554.4,1553.7,1553.9,3951.84,6141131.9434
1697312700000,2023-10-14T19:45:00+00:00,1553.9,1554.36,1553.52,1554.36,5089.14,7908413.9141
1697313600000,2023-10-14T20:00:00+00:00,1554.36,1554.38,1553.61,1553.91,4598.63,7146391.4086
1697314500000,2023-10-14T20:15:00+00:00,1553.91,1553.91,1552.16,1552.35,5352.45,8311471.7767
1697315400000,2023-10-14T20:30:00+00:00,1552.35,1553.8,1552.35,1553.73,3906.7,6068716.2936
1697316300000,2023-10-14T20:45:00+00:00,1553.73,1554.52,1553.73,1554.4,5040.43,7833970.7984
1697317200000,2023-10-14T21:00:00+00:00,1554.4,1561.51,1554.4,1557.05,10054,15663098.702
1697318100000,2023-10-14T21:15:00+00:00,1557.05,1557.34,1552.64,1553.14,3631.82,5648120.2755
1697319000000,2023-10-14T21:30:00+00:00,1553.14,1555.31,1552.6,1555.29,6515.49,10121881.2094
1697319900000,2023-10-14T21:45:00+00:00,1555.29,1555.3,1553.93,1553.93,3216.02,4999670.5989
1697320800000,2023-10-14T22:00:00+00:00,1553.93,1555.17,1553.93,1554.69,2809.51,4368143.9714
1697321700000,2023-10-14T22:15:00+00:00,1554.69,1554.88,1553.22,1553.34,4801.22,7462184.0449
1697322600000,2023-10-14T22:30:00+00:00,1553.34,1554.69,1553.21,1553.84,3827.68,5947840.4527
1697323500000,2023-10-14T22:45:00+00:00,1553.84,1555.87,1553.83,1555.6,3934.2,6118336.9482
1697324400000,2023-10-14T23:00:00+00:00,1555.6,1556.73,1555.4,1555.4,5700.91,8871185.1653
1697325300000,2023-10-14T23:15:00+00:00,1555.4,1556.13,1554.66,1555.38,3406.73,5299048.9456
1697326200000,2023-10-14T23:30:00+00:00,1555.38,1555.7,1554.11,1554.22,2119.15,3294504.7562
1697327100000,2023-10-14T23:45:00+00:00,1554.22,1554.27,1554.01,1554.03,1780.39,2767008.4366
1697328000000,2023-10-15T00:00:00+00:00,1554.03,1554.84,1553.72,1554.33,2913.34,4527706.359
1697328900000,2023-10-15T00:15:00+00:00,1554.33,1554.58,1551.94,1552.22,5390.5,8373423.9599
1697329800000,2023-10-15T00:30:00+00:00,1552.22,1552.22,1548.68,1550.18,9012.99,13970040.9737
1697330700000,2023-10-15T00:45:00+00:00,1550.18,1551.42,1549.71,1551.4,4420.42,6852581.5175
1697331600000,2023-10-15T01:00:00+00:00,1551.4,1551.65,1550.42,1551.43,4330.3,6716332.8975
1697332500000,2023-10-15T01:15:00+00:00,1551.43,1552.16,1551.32,1552.15,4326.44,6714218.3997
1697333400000,2023-10-15T01:30:00+00:00,1552.15,1556.98,1552.01,1555.31,9775.34,15194969.4726
1697334300000,2023-10-15T01:45:00+00:00,1555.31,1555.92,1554.29,1554.72,4928.2,7662999.332
1697335200000,2023-10-15T02:00:00+00:00,1554.72,1556.25,1553.5,1553.95,4342.23,6749567.6932
1697336100000,2023-10-15T02:15:00+00:00,1553.95,1553.95,1552.66,1553.16,3981.2,6183310.4531
1697337000000,2023-10-15T02:30:00+00:00,1553.16,1554.92,1553.07,1554.62,4096.08,6365671.0757
1697337900000,2023-10-15T02:45:00+00:00,1554.62,1554.81,1553.88,1554.42,5128.41,7970716.9957
1697338800000,2023-10-15T03:00:00+00:00,1554.42,1554.63,1553.59,1554.06,3667.75,5699252.0891
1697339700000,2023-10-15T03:15:00+00:00,1554.06,1554.78,1554.06,1554.4,7737.42,12027189.331
1697340600000,2023-10-15T03:30:00+00:00,1554.4,1554.99,1553.88,1554.23,4213.9,6550340.1801
1697341500000,2023-10-15T03:45:00+00:00,1554.23,1554.5,1553.22,1553.31,4602.74,7152388.5497
1697342400000,2023-10-15T04:00:00+00:00,1553.31,1553.85,1552.02,1552.06,4357.87,6768961.3643
1697343300000,2023-10-15T04:15:00+00:00,1552.06,1553.18,1551.46,1552.83,5267.96,8177959.9722
1697344200000,2023-10-15T04:30:00+00:00,1552.83,1553.81,1552.53,1552.57,2149.41,3338245.7219
1697345100000,2023-10-15T04:45:00+00:00,1552.57,1553.6,1552.56,1553.59,2641.03,4101969.3558
1697346000000,2023-10-15T05:00:00+00:00,1553.59,1553.99,1552.07,1552.41,3561.43,5529132.6877
1697346900000,2023-10-15T05:15:00+00:00,1552.41,1553.28,1552.41,1553,4496.61,6982630.108
1697347800000,2023-10-15T05:30:00+00:00,1553,1553.21,1552.53,1552.88,4592.3,7130891.356
1697348700000,2023-10-15T05:45:00+00:00,1552.88,1552.99,1552.53,1552.55,3969.95,6164451.4741
1697349600000,2023-10-15T06:00:00+00:00,1552.55,1552.55,1551.68,1551.8,2487.41,3860872.2407
1697350500000,2023-10-15T06:15:00+00:00,1551.8,1552.07,1551.75,1551.75,2799.65,4344876.6645
1697351400000,2023-10-15T06:30:00+00:00,1551.75,1552.23,1551.25,1551.98,4148.67,6437343.9529
1697352300000,2023-10-15T06:45:00+00:00,1551.98,1552.74,1551.98,1552.49,3980.2,6178503.8324
1697353200000,2023-10-15T07:00:00+00:00,1552.49,1552.66,1552.29,1552.31,5128.98,7962105.6863
1697354100000,2023-10-15T07:15:00+00:00,1552.31,1552.67,1551.67,1552.52,4152.79,6445813.3894
1697355000000,2023-10-15T07:30:00+00:00,1552.52,1553,1552.44,1552.44,4091.21,6352345.988
1697355900000,2023-10-15T07:45:00+00:00,1552.44,1553.8,1552.44,1553.8,3248.57,5044635.3973
1697356800000,2023-10-15T08:00:00+00:00,1553.8,1555.65,1553.43,1553.44,3797.21,5902545.7416
1697357700000,2023-10-15T08:15:00+00:00,1553.44,1554.61,1553.43,1554.47,2366.63,3677444.3761
1697358600000,2023-10-15T08:30:00+00:00,1554.47,1556.31,1554.47,1555.95,4098.91,6375589.7823
1697359500000,2023-10-15T08:45:00+00:00,1555.95,1557.23,1555.11,1556.43,6202.71,9652562.6682
1697360400000,2023-10-15T09:00:00+00:00,1556.43,1559.21,1556.35,1557.85,5202.52,8102577.809
1697361300000,2023-10-15T09:15:00+00:00,1557.85,1558.65,1556.19,1556.33,2451.92,3817852.2219
1697362200000,2023-10-15T09:30:00+00:00,1556.33,1556.53,1555.54,1555.81,3349.91,5213203.904
1697363100000,2023-10-15T09:45:00+00:00,1555.81,1556.63,1555.55,1556.4,2172.96,3381739.7707
1697364000000,2023-10-15T10:00:00+00:00,1556.4,1556.4,1555.81,1556.13,2056.27,3199538.1267
1697364900000,2023-10-15T10:15:00+00:00,1556.13,1556.62,1555.79,1556.62,2506.01,3899977.8737
1697365800000,2023-10-15T10:30:00+00:00,1556.62,1557.16,1556.23,1557.16,3125.93,4866350.62
1697366700000,2023-10-15T10:45:00+00:00,1557.16,1557.9,1556.43,1556.43,3032.58,4722316.6763
1697367600000,2023-10-15T11:00:00+00:00,1556.43,1556.44,1554.02,1554.42,6613,10281040.0049
1697368500000,2023-10-15T11:15:00+00:00,1554.42,1555.3,1552.83,1555,3220.37,5004874.9011
1697369400000,2023-10-15T11:30:00+00:00,1555,1555.43,1554.94,1555.02,1826.97,2841207.4819
1697370300000,2023-10-15T11:45:00+00:00,1555.02,1555.18,1554.11,1554.41,2513.16,3906987.3507
1697371200000,2023-10-15T12:00:00+00:00,1554.41,1554.41,1553.22,1553.32,3575.36,5554944.0305
1697372100000,2023-10-15T12:15:00+00:00,1553.32,1554.37,1552.17,1554,4201.75,6527683.6264
1697373000000,2023-10-15T12:30:00+00:00,1554,1554.02,1552.53,1552.73,4992.26,7754304.4715
1697373900000,2023-10-15T12:45:00+00:00,1552.73,1553.49,1551.41,1552.17,5196.18,8066741.2158
1697374800000,2023-10-15T13:00:00+00:00,1552.17,1552.71,1547.99,1552.69,11630.97,18029413.1892
1697375700000,2023-10-15T13:15:00+00:00,1552.69,1559.39,1552.33,1557.35,6911.69,10757393.3759
1697376600000,2023-10-15T13:30:00+00:00,1557.35,1559.1,1553.98,1553.98,4839.05,7532181.5365
1697377500000,2023-10-15T13:45:00+00:00,1553.98,1554,1549.21,1551.09,8568.44,13286936.2409
1697378400000,2023-10-15T14:00:00+00:00,1551.09,1553.77,1550.24,1553.09,4915.99,7633494.5861
1697379300000,2023-10-15T14:15:00+00:00,1553.09,1555.5,1552.17,1554.37,5008.94,7782412.2951
1697380200000,2023-10-15T14:30:00+00:00,1554.37,1555.04,1552.7,1552.91,3549.3,5513640.9917
1697381100000,2023-10-15T14:45:00+00:00,1552.91,1552.97,1551.52,1551.67,5091.6,7904376.2952
1697382000000,2023-10-15T15:00:00+00:00,1551.67,1552.31,1550.09,1551.79,6313.69,9791559.6495
1697382900000,2023-10-15T15:15:00+00:00,1551.79,1552.74,1551.78,1551.88,2878.24,4467163.5737
1697383800000,2023-10-15T15:30:00+00:00,1551.88,1553.82,1551.88,1553.79,3878.07,6021691.8576
1697384700000,2023-10-15T15:45:00+00:00,1553.79,1553.8,1552.28,1552.67,2896.86,4498431.9697
1697385600000,2023-10-15T16:00:00+00:00,1552.67,1553.55,1551.32,1551.72,3240.85,5031065.0235
1697386500000,2023-10-15T16:15:00+00:00,1551.72,1552.61,1549.05,1552.54,2318.69,3595638.4633
1697387400000,2023-10-15T16:30:00+00:00,1552.54,1554.99,1552.36,1554.87,6515,10126132.0578
1697388300000,2023-10-15T16:45:00+00:00,1554.87,1555,1554.26,1554.61,2240.7,3483372.4257
1697389200000,2023-10-15T17:00:00+00:00,1554.61,1555.4,1553.82,1554.2,2027.72,3152172.1681
1697390100000,2023-10-15T17:15:00+00:00,1554.2,1556.58,1554.1,1555.52,3772.04,5867069.0902
1697391000000,2023-10-15T17:30:00+00:00,1555.52,1556.78,1554.52,1555.45,3153.4,4905738.9731
1697391900000,2023-10-15T17:45:00+00:00,1555.45,1556.8,1555.08,1556.69,2688.27,4181959.7092
1697392800000,2023-10-15T18:00:00+00:00,1556.69,1558.22,1556.19,1556.46,4383.23,6824481.6887
1697393700000,2023-10-15T18:15:00+00:00,1556.46,1558.9,1555.76,1558.49,5252.78,8177070.7845
1697394600000,2023-10-15T18:30:00+00:00,1558.49,1563.69,1558.14,1562.37,9941.95,15515443.2078
1697395500000,2023-10-15T18:45:00+00:00,1562.37,1564.52,1561.83,1564.06,6660.54,10413075.0149
1697396400000,2023-10-15T19:00:00+00:00,1564.06,1564.33,1560.78,1561.15,9230.11,14419864.0035
1697397300000,2023-10-15T19:15:00+00:00,1561.15,1561.77,1558.29,1559.05,4081.41,6366928.3003
1697398200000,2023-10-15T19:30:00+00:00,1559.05,1559.51,1557.52,1557.53,6860.76,10689869.3318
1697399100000,2023-10-15T19:45:00+00:00,1557.53,1559.84,1557.22,1559.68,4033.33,6285710.6617
1697400000000,2023-10-15T20:00:00+00:00,1559.68,1559.68,1558.3,1558.68,3464.67,5401213.6714
1697400900000,2023-10-15T20:15:00+00:00,1558.68,1560.53,1558.03,1560.51,3887.12,6059524.7304
1697401800000,2023-10-15T20:30:00+00:00,1560.51,1566.37,1560.34,1563.02,8257.19,12899107.3424
1697402700000,2023-10-15T20:45:00+00:00,1563.02,1563.97,1560.81,1563.05,6232.13,9739588.5418
1697403600000,2023-10-15T21:00:00+00:00,1563.05,1564,1555.77,1556.21,8536.67,13315153.4484
1697404500000,2023-10-15T21:15:00+00:00,1556.21,1561.53,1555.7,1558.72,6069.62,9464088.6747
1697405400000,2023-10-15T21:30:00+00:00,1558.72,1560.89,1555.74,1557.82,3765.33,5868955.9244
1697406300000,2023-10-15T21:45:00+00:00,1557.82,1559.36,1557.8,1559.05,2734.1,4261061.6139
1697407200000,2023-10-15T22:00:00+00:00,1559.05,1565.42,1559.05,1563.51,9871.94,15426612.2876
1697408100000,2023-10-15T22:15:00+00:00,1563.51,1564.27,1561.57,1562.52,6290.81,9832710.587
1697409000000,2023-10-15T22:30:00+00:00,1562.52,1562.67,1558.8,1558.81,5112.88,7978286.2871
1697409900000,2023-10-15T22:45:00+00:00,1558.81,1558.99,1551.52,1553.82,12995.68,20192849.6964
1697410800000,2023-10-15T23:00:00+00:00,1553.82,1553.98,1551.84,1553.73,7023.43,10907642.2768
1697411700000,2023-10-15T23:15:00+00:00,1553.73,1554.68,1552.04,1554.03,4867.99,7562163.4514
1697412600000,2023-10-15T23:30:00+00:00,1554.03,1555.45,1553.22,1554.79,6220.87,9669431.8396
1697413500000,2023-10-15T23:45:00+00:00,1554.79,1556.78,1554.79,1556.78,4201.37,6537568.2713
1697414400000,2023-10-16T00:00:00+00:00,1556.78,1558.62,1555.9,1557.06,4221.87,6576784.2362
1697415300000,2023-10-16T00:15:00+00:00,1557.06,1557.64,1555.04,1556.17,2044.86,3181566.5563
1697416200000,2023-10-16T00:30:00+00:00,1556.17,1557.09,1553.75,1553.82,2025.63,3150988.9779
1697417100000,2023-10-16T00:45:00+00:00,1553.82,1556.51,1553.82,1555.27,1789.47,2782989.7221
1697418000000,2023-10-16T01:00:00+00:00,1555.27,1557.18,1555.18,1557,3040.6,4733097.1979
1697418900000,2023-10-16T01:15:00+00:00,1557,1562.78,1556.91,1562.21,10089.28,15737472.4027
1697419800000,2023-10-16T01:30:00+00:00,1562.21,1564.18,1560.97,1561.7,10121.5,15817729.5704
1697420700000,2023-10-16T01:45:00+00:00,1561.7,1564.22,1561.5,1561.91,5975.64,9338157.3153
1697421600000,2023-10-16T02:00:00+00:00,1561.91,1563.15,1560.27,1562.94,4310.26,6731286.0475
1697422500000,2023-10-16T02:15:00+00:00,1562.94,1566.27,1562.94,1564.67,5328.05,8336476.4883
1697423400000,2023-10-16T02:30:00+00:00,1564.67,1565.47,1561.18,1561.2,6312.99,9868746.5659
1697424300000,2023-10-16T02:45:00+00:00,1561.2,1562.24,1560.77,1561.14,2861.47,4467041.2799
1697425200000,2023-10-16T03:00:00+00:00,1561.14,1561.43,1559.87,1559.97,3859.26,6021980.0405
1697426100000,2023-10-16T03:15:00+00:00,1559.97,1561.91,1559.71,1561.64,3670.14,5727931.6439
1697427000000,2023-10-16T03:30:00+00:00,1561.64,1561.96,1561.1,1561.76,3141.21,4904845.2601
1697427900000,2023-10-16T03:45:00+00:00,1561.76,1561.83,1561,1561.79,2683.48,4190095.4522
1697428800000,2023-10-16T04:00:00+00:00,1561.79,1562.31,1560.82,1560.99,2350.01,3669756.2755
1697429700000,2023-10-16T04:15:00+00:00,1560.99,1561.02,1559.64,1560.45,2024,3157817.4657
1697430600000,2023-10-16T04:30:00+00:00,1560.45,1560.99,1559.38,1560.09,3172.24,4949134.1268
1697431500000,2023-10-16T04:45:00+00:00,1560.09,1562.41,1560.08,1561.02,3148.78,4916250.4044
1697432400000,2023-10-16T05:00:00+00:00,1561.02,1563.27,1561.02,1563,3362.06,5253556.9781
1697433300000,2023-10-16T05:15:00+00:00,1563,1585,1563,1583.25,46719.44,73701225.6475
1697434200000,2023-10-16T05:30:00+00:00,1583.25,1587.88,1578.77,1583.38,23164.86,36704254.4614
1697435100000,2023-10-16T05:45:00+00:00,1583.38,1586,1581.19,1584.06,10852.74,17185790.0697
1697436000000,2023-10-16T06:00:00+00:00,1584.06,1586.52,1581.94,1584.22,8980.12,14233522.8019
1697436900000,2023-10-16T06:15:00+00:00,1584.22,1584.44,1577.32,1577.58,13789.25,21788515.2003
1697437800000,2023-10-16T06:30:00+00:00,1577.58,1581.21,1577.52,1578.39,4485.61,7085929.2742
1697438700000,2023-10-16T06:45:00+00:00,1578.39,1578.55,1575.97,1576.94,6657.7,10499453.9562
1697439600000,2023-10-16T07:00:00+00:00,1576.94,1578.46,1576.16,1576.68,5539.81,8738867.3077
1697440500000,2023-10-16T07:15:00+00:00,1576.68,1579.19,1576.43,1578.99,3993.24,6300166.1
1697441400000,2023-10-16T07:30:00+00:00,1578.99,1580.5,1578.14,1578.78,4650.87,7344878.5722
1697442300000,2023-10-16T07:45:00+00:00,1578.78,1579.23,1577.37,1577.53,3618.74,5712211.7569
1697443200000,2023-10-16T08:00:00+00:00,1577.53,1582.15,1577.53,1580.19,5827.51,9211925.8214
1697444100000,2023-10-16T08:15:00+00:00,1580.19,1582.53,1580.03,1581.62,7805.86,12342989.7248
1697445000000,2023-10-16T08:30:00+00:00,1581.62,1584.19,1581.26,1582.32,5294.79,8378766.738
1697445900000,2023-10-16T08:45:00+00:00,1582.32,1582.32,1579.53,1579.81,6043.14,9551230.8654
1697446800000,2023-10-16T09:00:00+00:00,1579.81,1580.53,1574,1575.4,11402.01,17979660.6815
1697447700000,2023-10-16T09:15:00+00:00,1575.4,1578.48,1574.71,1575.54,5161.18,8134958.0679
1697448600000,2023-10-16T09:30:00+00:00,1575.54,1579.24,1575.01,1578.77,3884.19,6129030.3432
1697449500000,2023-10-16T09:45:00+00:00,1578.77,1583.29,1578.76,1582.83,5703.42,9015494.6613
1697450400000,2023-10-16T10:00:00+00:00,1582.83,1582.97,1581.32,1581.52,4094.47,6476699.3257
1697451300000,2023-10-16T10:15:00+00:00,1581.52,1581.52,1579.88,1580.73,4172.18,6594961.746
1697452200000,2023-10-16T10:30:00+00:00,1580.73,1585.98,1580.66,1585.74,6228.15,9860586.6741
1697453100000,2023-10-16T10:45:00+00:00,1585.74,1586.08,1583.92,1584.12,5615.9,8900638.7314
1697454000000,2023-10-16T11:00:00+00:00,1584.12,1584.64,1583.11,1583.69,5642.24,8936076.3935
1697454900000,2023-10-16T11:15:00+00:00,1583.69,1584.18,1583.02,1583.02,5051.33,7999863.1773
1697455800000,2023-10-16T11:30:00+00:00,1583.02,1583.06,1579,1580.63,5407.8,8549820.3633
1697456700000,2023-10-16T11:45:00+00:00,1580.63,1581.93,1579.8,1581.53,5148.01,8138572.1956
1697457600000,2023-10-16T12:00:00+00:00,1581.53,1582.97,1579.8,1581.37,5832.39,9222227.741
1697458500000,2023-10-16T12:15:00+00:00,1581.37,1583.74,1581.02,1582.73,6924.17,10955771.9973
1697459400000,2023-10-16T12:30:00+00:00,1582.73,1584.99,1582.53,1583.56,7926.06,12553243.0554
1697460300000,2023-10-16T12:45:00+00:00,1583.56,1586.61,1583.45,1586.1,9458.4,14991310.9498
1697461200000,2023-10-16T13:00:00+00:00,1586.1,1587.29,1582.48,1584.26,11518.98,18252848.2885
1697462100000,2023-10-16T13:15:00+00:00,1584.26,1626.36,1582.2,1625.26,77893.03,124907686.0604
1697463000000,2023-10-16T13:30:00+00:00,1625.26,1641.23,1582,1588.65,108018.88,174334248.8613
1697463900000,2023-10-16T13:45:00+00:00,1588.65,1600.17,1564.75,1578.25,50365.07,79552493.0208
1697464800000,2023-10-16T14:00:00+00:00,1578.25,1582.5,1572.53,1578.45,15392.46,24298270.7718
1697465700000,2023-10-16T14:15:00+00:00,1578.45,1585,1578.34,1583.44,8434.46,13342117.0411
1697466600000,2023-10-16T14:30:00+00:00,1583.44,1588.45,1581.3,1585.8,10679.33,16926036.3844
1697467500000,2023-10-16T14:45:00+00:00,1585.8,1586.61,1582.84,1585.29,5270.78,8352979.7994
1697468400000,2023-10-16T15:00:00+00:00,1585.29,1587.01,1581.69,1583.16,6106.92,9673868.6529
1697469300000,2023-10-16T15:15:00+00:00,1583.16,1583.69,1578.73,1581.4,9126.32,14424210.2167
1697470200000,2023-10-16T15:30:00+00:00,1581.4,1582.19,1575.12,1576.84,7855.11,12397736.5659
1697471100000,2023-10-16T15:45:00+00:00,1576.84,1579.58,1576.12,1576.54,7017.04,11072946.9768
1697472000000,2023-10-16T16:00:00+00:00,1576.54,1579.01,1576.02,1577.66,8662.65,13664583.6521
1697472900000,2023-10-16T16:15:00+00:00,1577.66,1579.19,1573.92,1575.72,8871.97,13985851.0073
1697473800000,2023-10-16T16:30:00+00:00,1575.72,1577.03,1574.04,1575.79,8879.26,13987843.6744
1697474700000,2023-10-16T16:45:00+00:00,1575.79,1577.79,1575.79,1577.02,5664.29,8930255.2574
1697475600000,2023-10-16T17:00:00+00:00,1577.02,1580.5,1576.7,1579.18,9237.99,14579918.4022
1697476500000,2023-10-16T17:15:00+00:00,1579.18,1579.89,1575.19,1575.54,12171.21,19195681.3216
1697477400000,2023-10-16T17:30:00+00:00,1575.54,1576.65,1571.88,1576.17,11487.66,18093596.7452
1697478300000,2023-10-16T17:45:00+00:00,1576.17,1577.65,1575.3,1577.65,7380.93,11636199.6168
1697479200000,2023-10-16T18:00:00+00:00,1577.65,1582.61,1577.53,1581.44,9224.18,14567606.1778
1697480100000,2023-10-16T18:15:00+00:00,1581.44,1584.55,1580.32,1581.18,8280.81,13097423.6862
1697481000000,2023-10-16T18:30:00+00:00,1581.18,1582.99,1579.58,1582.62,5953.14,9413396.5675
1697481900000,2023-10-16T18:45:00+00:00,1582.62,1589,1582.33,1588.75,9996.18,15852021.7042
1697482800000,2023-10-16T19:00:00+00:00,1588.75,1601.23,1587.28,1598.58,26506.87,42291020.3198
1697483700000,2023-10-16T19:15:00+00:00,1598.58,1600.48,1593.39,1594.66,13189.05,21046015.4367
1697484600000,2023-10-16T19:30:00+00:00,1594.66,1594.66,1585.08,1587.44,12194.56,19380903.3343
1697485500000,2023-10-16T19:45:00+00:00,1587.44,1589.91,1585.51,1587.82,10181.08,16169700.4356
1697486400000,2023-10-16T20:00:00+00:00,1587.82,1591.19,1587.11,1591,9813.77,15589940.6031
1697487300000,2023-10-16T20:15:00+00:00,1591,1593.76,1590.14,1591.86,7070.97,11256266.8357
1697488200000,2023-10-16T20:30:00+00:00,1591.86,1591.86,1589.07,1589.41,8377.61,13322563.3812
1697489100000,2023-10-16T20:45:00+00:00,1589.41,1590.52,1584,1585.89,8265.54,13125819.8162
1697490000000,2023-10-16T21:00:00+00:00,1585.89,1586.95,1576.45,1581.03,12840.89,20312648.4475
1697490900000,2023-10-16T21:15:00+00:00,1581.03,1584.23,1580.47,1584.02,7948.45,12581096.2338
1697491800000,2023-10-16T21:30:00+00:00,1584.02,1587.94,1584.02,1586.1,6363.56,10095523.6092
1697492700000,2023-10-16T21:45:00+00:00,1586.1,1589.83,1585.95,1588.4,10080.29,16010600.5982
1697493600000,2023-10-16T22:00:00+00:00,1588.4,1591.4,1588.4,1590.52,9689.44,15407914.9919
1697494500000,2023-10-16T22:15:00+00:00,1590.52,1596.53,1590.25,1594.37,9169.71,14613915.0027
1697495400000,2023-10-16T22:30:00+00:00,1594.37,1598.6,1593.39,1598.6,11940.9,19053713.8523
1697496300000,2023-10-16T22:45:00+00:00,1598.6,1603.76,1598.4,1600.75,9296.03,14877436.2608
1697497200000,2023-10-16T23:00:00+00:00,1600.75,1603.71,1599.79,1602.88,6506.33,10417364.5098
1697498100000,2023-10-16T23:15:00+00:00,1602.88,1602.88,1598.21,1598.99,4512.26,7216264.5389
1697499000000,2023-10-16T23:30:00+00:00,1598.99,1599.75,1597.64,1599.73,6794.16,10858801.9472
1697499900000,2023-10-16T23:45:00+00:00,1599.73,1600.38,1598.11,1598.2,2989.95,4781361.9348
1697500800000,2023-10-17T00:00:00+00:00,1598.2,1599.29,1596.08,1596.13,4887.64,7807908.7969
1697501700000,2023-10-17T00:15:00+00:00,1596.13,1597.19,1592.71,1594.17,8226.88,13129265.0666
1697502600000,2023-10-17T00:30:00+00:00,1594.17,1597.71,1593.97,1593.98,5861.37,9352791.6475
1697503500000,2023-10-17T00:45:00+00:00,1593.98,1595.49,1589.98,1590.77,7166.3,11414357.8956
1697504400000,2023-10-17T01:00:00+00:00,1590.77,1593.32,1590.25,1593.32,8000.85,12742009.8908
1697505300000,2023-10-17T01:15:00+00:00,1593.32,1593.91,1591.79,1593.9,7756.18,12353960.7216
1697506200000,2023-10-17T01:30:00+00:00,1593.9,1596.63,1592.38,1594.8,6331.72,10091767.0041
1697507100000,2023-10-17T01:45:00+00:00,1594.8,1595.3,1592.25,1592.74,7734.85,12327615.0564
1697508000000,2023-10-17T02:00:00+00:00,1592.74,1592.74,1591.56,1592.27,5065.61,8064859.36
1697508900000,2023-10-17T02:15:00+00:00,1592.27,1592.27,1588.22,1591.57,8606.61,13686511.4783
1697509800000,2023-10-17T02:30:00+00:00,1591.57,1594.46,1591.16,1593.72,7210.47,11486918.8402
1697510700000,2023-10-17T02:45:00+00:00,1593.72,1595,1593.42,1594.73,11650.81,18577985.2434
1697511600000,2023-10-17T03:00:00+00:00,1594.73,1594.73,1592.73,1593.44,8417.52,13414679.3639
1697512500000,2023-10-17T03:15:00+00:00,1593.44,1593.44,1590.26,1590.26,7376.49,11744994.988
1697513400000,2023-10-17T03:30:00+00:00,1590.26,1590.72,1589.21,1590.7,5844.26,9291168.5937
1697514300000,2023-10-17T03:45:00+00:00,1590.7,1590.7,1587.19,1588.03,7950.83,12629025.0811
1697515200000,2023-10-17T04:00:00+00:00,1588.03,1588.09,1582,1585.58,13408.13,21249894.4623
1697516100000,2023-10-17T04:15:00+00:00,1585.58,1587.18,1584.36,1587.04,7308.26,11594784.721
1697517000000,2023-10-17T04:30:00+00:00,1587.04,1588.32,1586.11,1586.8,7436.04,11801988.4041
1697517900000,2023-10-17T04:45:00+00:00,1586.8,1588.69,1585.79,1587.31,5203.53,8259121.037
1697518800000,2023-10-17T05:00:00+00:00,1587.31,1588.92,1586.37,1586.37,6943.2,11024048.898
1697519700000,2023-10-17T05:15:00+00:00,1586.37,1587.06,1585.74,1586.88,3462.72,5493094.9598
1697520600000,2023-10-17T05:30:00+00:00,1586.88,1586.96,1584.08,1585.61,3981.5,6311340.7991
1697521500000,2023-10-17T05:45:00+00:00,1585.61,1587.07,1585.19,1586.49,2809.42,4456152.3285
1697522400000,2023-10-17T06:00:00+00:00,1586.49,1586.61,1583.31,1583.31,5026.75,7964136.2779
1697523300000,2023-10-17T06:15:00+00:00,1583.31,1585.4,1583.22,1583.48,4399.36,6969982.7685
1697524200000,2023-10-17T06:30:00+00:00,1583.48,1584.56,1583.29,1584.07,8124.24,12869358.7832
1697525100000,2023-10-17T06:45:00+00:00,1584.07,1585.01,1582.19,1584.65,5270.8,8345952.9815
1697526000000,2023-10-17T07:00:00+00:00,1584.65,1585.52,1583.54,1584.34,6227.04,9867840.8037
1697526900000,2023-10-17T07:15:00+00:00,1584.34,1585.84,1583.02,1583.24,3952.56,6262177.5836
1697527800000,2023-10-17T07:30:00+00:00,1583.24,1587.37,1581.29,1587.08,6445.55,10213134.5691
1697528700000,2023-10-17T07:45:00+00:00,1587.08,1591,1586.63,1589.19,11362.02,18053679.8713
1697529600000,2023-10-17T08:00:00+00:00,1589.19,1592.12,1588.52,1588.97,5224.18,8307436.2322
1697530500000,2023-10-17T08:15:00+00:00,1588.97,1589.27,1585.61,1585.85,7359.41,11676960.4186
1697531400000,2023-10-17T08:30:00+00:00,1585.85,1586.44,1583.5,1585.22,5617.07,8902454.7273
1697532300000,2023-10-17T08:45:00+00:00,1585.22,1587.97,1585.17,1587.67,4854.94,7702984.4447
1697533200000,2023-10-17T09:00:00+00:00,1587.67,1588.18,1586.18,1586.51,4274.4,6783340.1763
1697534100000,2023-10-17T09:15:00+00:00,1586.51,1587.04,1585.33,1586.83,5309.29,8420351.878
1697535000000,2023-10-17T09:30:00+00:00,1586.83,1589.24,1586.61,1587.64,6414.13,10186644.2124
1697535900000,2023-10-17T09:45:00+00:00,1587.64,1589.57,1587.56,1589.08,5236.46,8319747.8696
1697536800000,2023-10-17T10:00:00+00:00,1589.08,1589.64,1588.19,1589.07,6333.72,10064891.6972
1697537700000,2023-10-17T10:15:00+00:00,1589.07,1592.92,1587.29,1587.34,10060.78,16000343.7888
1697538600000,2023-10-17T10:30:00+00:00,1587.34,1587.44,1581.8,1583.78,10708.29,16961521.0701
1697539500000,2023-10-17T10:45:00+00:00,1583.78,1586,1583.56,1585,7964.97,12626542.8555
1697540400000,2023-10-17T11:00:00+00:00,1585,1585.37,1582.55,1583.51,6247.61,9895962.3662
1697541300000,2023-10-17T11:15:00+00:00,1583.51,1584,1582.72,1583.98,4091.4,6477941.5873
1697542200000,2023-10-17T11:30:00+00:00,1583.98,1584.53,1582.52,1582.52,3269.91,5178085.9995
1697543100000,2023-10-17T11:45:00+00:00,1582.52,1584,1582.06,1583.11,4814.08,7620779.7861
1697544000000,2023-10-17T12:00:00+00:00,1583.11,1584.7,1580.11,1580.53,5270.13,8338381.6989
1697544900000,2023-10-17T12:15:00+00:00,1580.53,1582.02,1579.9,1580.43,4374.61,6916084.8682
1697545800000,2023-10-17T12:30:00+00:00,1580.43,1580.85,1576.31,1577.9,6347.7,10019364.9035
1697546700000,2023-10-17T12:45:00+00:00,1577.9,1580.15,1572.87,1573.05,8911.85,14048734.5204
1697547600000,2023-10-17T13:00:00+00:00,1573.05,1576.8,1566.84,1575.84,18974.83,29821847.7476
1697548500000,2023-10-17T13:15:00+00:00,1575.84,1577.84,1572.14,1572.69,8789.85,13852745.6124
1697549400000,2023-10-17T13:30:00+00:00,1572.69,1574.29,1570.93,1571.21,7471.56,11750511.6818
1697550300000,2023-10-17T13:45:00+00:00,1571.21,1572.38,1563.51,1570.42,18459.72,28957729.2216
1697551200000,2023-10-17T14:00:00+00:00,1570.42,1575,1569.26,1574.67,7461.35,11730167.2617
1697552100000,2023-10-17T14:15:00+00:00,1574.67,1576.74,1571.15,1571.54,8770.95,13798100.6714
1697553000000,2023-10-17T14:30:00+00:00,1571.54,1576.32,1570.13,1573,7950.63,12506948.7068
1697553900000,2023-10-17T14:45:00+00:00,1573,1575.13,1571.22,1571.65,5796.61,9120479.1157
1697554800000,2023-10-17T15:00:00+00:00,1571.65,1576.77,1571.11,1574.89,7716.48,12146803.0211
1697555700000,2023-10-17T15:15:00+00:00,1574.89,1576.68,1572.4,1574.16,6862.5,10805597.9721
1697556600000,2023-10-17T15:30:00+00:00,1574.16,1577.69,1573.57,1575.75,7918.9,12479244.0839
1697557500000,2023-10-17T15:45:00+00:00,1575.75,1577.55,1573.9,1574.2,4196.77,6611927.5057
1697558400000,2023-10-17T16:00:00+00:00,1574.2,1575.12,1573.16,1574.24,6433.17,10126043.2788
1697559300000,2023-10-17T16:15:00+00:00,1574.24,1579.18,1574.05,1577.21,5549.69,8751884.3278
1697560200000,2023-10-17T16:30:00+00:00,1577.21,1578.3,1575.79,1577.7,2707.58,4270240.6228
1697561100000,2023-10-17T16:45:00+00:00,1577.7,1578.5,1574.87,1575.2,3126.64,4929274.9763
1697562000000,2023-10-17T17:00:00+00:00,1575.2,1575.2,1570.41,1570.63,6201.22,9750716.7344
1697562900000,2023-10-17T17:15:00+00:00,1570.63,1570.63,1565.55,1568.05,7846.05,12299939.458
1697563800000,2023-10-17T17:30:00+00:00,1568.05,1568.74,1564.52,1566.07,4200.94,6579825.4508
1697564700000,2023-10-17T17:45:00+00:00,1566.07,1568.59,1563.27,1566.82,4726.67,7402749.4458
1697565600000,2023-10-17T18:00:00+00:00,1566.82,1568.29,1565.53,1566.89,2935.86,4600296.5163
1697566500000,2023-10-17T18:15:00+00:00,1566.89,1568.56,1566.05,1566.62,1966.82,3082543.9467
1697567400000,2023-10-17T18:30:00+00:00,1566.62,1568.59,1565.23,1568.42,2767.35,4335527.1635
1697568300000,2023-10-17T18:45:00+00:00,1568.42,1568.53,1550,1552.35,25319.4,39408393.5495
1697569200000,2023-10-17T19:00:00+00:00,1552.35,1558.25,1551.55,1555.39,9641.95,14989302.3924
1697570100000,2023-10-17T19:15:00+00:00,1555.39,1558.62,1555.39,1557.31,4655.88,7251573.6587
1697571000000,2023-10-17T19:30:00+00:00,1557.31,1561.5,1556.82,1561.3,5134.74,8008465.9073
1697571900000,2023-10-17T19:45:00+00:00,1561.3,1563.13,1560.62,1563.02,5394.08,8423315.1869
1697572800000,2023-10-17T20:00:00+00:00,1563.02,1564.58,1561.49,1562.78,4911.06,7677184.8774
1697573700000,2023-10-17T20:15:00+00:00,1562.78,1563.17,1559.75,1562.94,4612.57,7204179.3977
1697574600000,2023-10-17T20:30:00+00:00,1562.94,1562.94,1561.52,1562.12,4255.28,6646713.2489
1697575500000,2023-10-17T20:45:00+00:00,1562.12,1562.13,1558.61,1558.95,4405.62,6874408.5212
1697576400000,2023-10-17T21:00:00+00:00,1558.95,1561.29,1556.23,1561.29,4223.02,6583591.27
1697577300000,2023-10-17T21:15:00+00:00,1561.29,1564.48,1561.27,1563.93,6301.73,9854544.3875
1697578200000,2023-10-17T21:30:00+00:00,1563.93,1563.93,1562,1563.44,4687.81,7325354.9163
1697579100000,2023-10-17T21:45:00+00:00,1563.44,1563.44,1560.63,1560.84,4745.15,7409523.0998
1697580000000,2023-10-17T22:00:00+00:00,1560.84,1560.84,1558.08,1559.55,4409.6,6875402.0341
1697580900000,2023-10-17T22:15:00+00:00,1559.55,1560.83,1558.43,1560.81,4155.46,6482198.5933
1697581800000,2023-10-17T22:30:00+00:00,1560.81,1562.68,1559.56,1559.83,3596.01,5614311.8484
1697582700000,2023-10-17T22:45:00+00:00,1559.83,1561.08,1559.33,1561.08,3596.01,5609608.1003
1697583600000,2023-10-17T23:00:00+00:00,1561.08,1563.28,1560.05,1563.28,3109.16,4856181.9612
1697584500000,2023-10-17T23:15:00+00:00,1563.28,1564,1562.37,1563.44,4150.45,6487954.4849
1697585400000,2023-10-17T23:30:00+00:00,1563.44,1564.62,1563.19,1563.37,2540.02,3971968.0927
1697586300000,2023-10-17T23:45:00+00:00,1563.37,1564.12,1560.98,1563.51,4369.95,6830960.7993
1697587200000,2023-10-18T00:00:00+00:00,1563.51,1566.18,1562.7,1563.14,7737.42,12106620.8733
1697588100000,2023-10-18T00:15:00+00:00,1563.14,1566.19,1562.75,1565.79,4550.3,7121361.9312
1697589000000,2023-10-18T00:30:00+00:00,1565.79,1565.84,1562.21,1562.34,3252.86,5087526.2032
1697589900000,2023-10-18T00:45:00+00:00,1562.34,1563.49,1561,1563.31,3177.29,4963942.7161
1697590800000,2023-10-18T01:00:00+00:00,1563.31,1567.41,1562.54,1566.62,4417.15,6914025.8231
1697591700000,2023-10-18T01:15:00+00:00,1566.62,1568.02,1563.53,1564.79,4416.68,6913954.5288
1697592600000,2023-10-18T01:30:00+00:00,1564.79,1567.18,1564.29,1565.03,2787.32,4364512.0239
1697593500000,2023-10-18T01:45:00+00:00,1565.03,1567.72,1565.02,1566.64,2223.07,3483837.4057
1697594400000,2023-10-18T02:00:00+00:00,1566.64,1568.2,1565.51,1565.57,3359.37,5262496.8553
1697595300000,2023-10-18T02:15:00+00:00,1565.57,1568.17,1564.28,1568.17,3715.68,5818506.4728
1697596200000,2023-10-18T02:30:00+00:00,1568.17,1570.91,1566.66,1567.51,4923.56,7725833.9909
1697597100000,2023-10-18T02:45:00+00:00,1567.51,1567.53,1564.88,1566.23,3943.13,6174400.2085
1697598000000,2023-10-18T03:00:00+00:00,1566.23,1567.17,1563.06,1563.07,7078.02,11081079.6158
1697598900000,2023-10-18T03:15:00+00:00,1563.07,1564.31,1562.37,1564,6577.64,10283525.6845
1697599800000,2023-10-18T03:30:00+00:00,1564,1565.37,1563.23,1565.04,6268.72,9806467.6685
1697600700000,2023-10-18T03:45:00+00:00,1565.04,1567.13,1564.58,1566.94,4161.76,6516624.8373
1697601600000,2023-10-18T04:00:00+00:00,1566.94,1567.34,1565.71,1566.25,4413.07,6912385.3729
1697602500000,2023-10-18T04:15:00+00:00,1566.25,1567.21,1565.47,1567.12,2522.08,3950322.0207
1697603400000,2023-10-18T04:30:00+00:00,1567.12,1569.63,1566.09,1569.53,5069.85,7951375.3466
1697604300000,2023-10-18T04:45:00+00:00,1569.53,1581.18,1568.4,1571.69,19945.58,31384920.5638
1697605200000,2023-10-18T05:00:00+00:00,1571.69,1574.26,1568.8,1569.39,10558.03,16591148.989
1697606100000,2023-10-18T05:15:00+00:00,1569.39,1574.17,1568.8,1573.6,8073.44,12687937.6952
1697607000000,2023-10-18T05:30:00+00:00,1573.6,1575.53,1572.37,1573,7146.42,11246515.0123
1697607900000,2023-10-18T05:45:00+00:00,1573,1573.35,1569.59,1571.5,6976.52,10958429.4747
1697608800000,2023-10-18T06:00:00+00:00,1571.5,1573.26,1570.6,1572.72,5465.57,8591906.5649
1697609700000,2023-10-18T06:15:00+00:00,1572.72,1573.4,1569.79,1570.02,5301.87,8335430.3619
1697610600000,2023-10-18T06:30:00+00:00,1570.02,1570.72,1569.02,1569.72,3642.69,5717820.7041
1697611500000,2023-10-18T06:45:00+00:00,1569.72,1571.59,1568.82,1571.54,5326.9,8366734.4168
1697612400000,2023-10-18T07:00:00+00:00,1571.54,1571.54,1565.23,1568.87,9777.78,15321656.4429
1697613300000,2023-10-18T07:15:00+00:00,1568.87,1572.93,1568.49,1572.64,6584.07,10349099.1903
1697614200000,2023-10-18T07:30:00+00:00,1572.64,1575.44,1571.73,1572.21,6734.37,10594951.3205
1697615100000,2023-10-18T07:45:00+00:00,1572.21,1572.22,1569.8,1571.11,5072.92,7969781.9204
1697616000000,2023-10-18T08:00:00+00:00,1571.11,1573.03,1570.36,1570.81,6138.79,9647829.968
1697616900000,2023-10-18T08:15:00+00:00,1570.81,1574.42,1570.21,1573.7,7707.12,12112160.7906
1697617800000,2023-10-18T08:30:00+00:00,1573.7,1574.44,1572.8,1574.22,5763.75,9069919.135
1697618700000,2023-10-18T08:45:00+00:00,1574.22,1576.43,1573.42,1576.37,8553.11,13469472.0564
1697619600000,2023-10-18T09:00:00+00:00,1576.37,1576.99,1575.23,1576.23,9178,14464757.2426
1697620500000,2023-10-18T09:15:00+00:00,1576.23,1581,1576.21,1579.56,10608.19,16748776.0965
1697621400000,2023-10-18T09:30:00+00:00,1579.56,1582.73,1579.45,1580.29,8088.18,12789629.9446
1697622300000,2023-10-18T09:45:00+00:00,1580.29,1581.29,1567.81,1568.28,13482.38,21256819.3216
1697623200000,2023-10-18T10:00:00+00:00,1568.28,1576.52,1568.11,1576.25,10869.25,17094288.325
1697624100000,2023-10-18T10:15:00+00:00,1576.25,1578.99,1574.14,1575.26,8723.56,13750038.9708
1697625000000,2023-10-18T10:30:00+00:00,1575.26,1581.3,1573.76,1580.28,10352.71,16342863.3448
1697625900000,2023-10-18T10:45:00+00:00,1580.28,1581.53,1578.57,1579.19,7154.8,11303625.6625
1697626800000,2023-10-18T11:00:00+00:00,1579.19,1579.9,1577.76,1577.82,8550.81,13498014.7111
1697627700000,2023-10-18T11:15:00+00:00,1577.82,1584.35,1577.65,1578.79,12774.17,20188727.4615
1697628600000,2023-10-18T11:30:00+00:00,1578.79,1582.16,1578.79,1579.48,7008.18,11075562.9476
1697629500000,2023-10-18T11:45:00+00:00,1579.48,1580.75,1577.4,1577.56,7101.88,11214106.2971
1697630400000,2023-10-18T12:00:00+00:00,1577.56,1580.34,1576.28,1577.64,7362.46,11618223.1468
1697631300000,2023-10-18T12:15:00+00:00,1577.64,1579.32,1577.13,1578.85,5806.27,9163159.8171
1697632200000,2023-10-18T12:30:00+00:00,1578.85,1580.91,1576.85,1577.96,5376.72,8487144.8743
1697633100000,2023-10-18T12:45:00+00:00,1577.96,1578.79,1574.7,1578.03,9237.73,14559434.8487
1697634000000,2023-10-18T13:00:00+00:00,1578.03,1578.85,1576.25,1576.25,7298.57,11514855.5172
1697634900000,2023-10-18T13:15:00+00:00,1576.25,1576.72,1574.1,1574.88,9316.96,14677229.4291
1697635800000,2023-10-18T13:30:00+00:00,1574.88,1576.25,1571.55,1572.14,11650.12,18331550.7239
1697636700000,2023-10-18T13:45:00+00:00,1572.14,1575.08,1570.04,1572.64,9874.86,15527012.1539
1697637600000,2023-10-18T14:00:00+00:00,1572.64,1574.45,1570.03,1572.5,4455.82,7002887.1113
1697638500000,2023-10-18T14:15:00+00:00,1572.5,1576.74,1571.66,1572.57,4274.36,6728319.7188
1697639400000,2023-10-18T14:30:00+00:00,1572.57,1573.4,1567.44,1570.16,8173.23,12835044.1863
1697640300000,2023-10-18T14:45:00+00:00,1570.16,1571.53,1568.9,1569.52,5032.15,7900101.7934
1697641200000,2023-10-18T15:00:00+00:00,1569.52,1571.89,1568.52,1571.56,5128.95,8054058.3692
1697642100000,2023-10-18T15:15:00+00:00,1571.56,1572.08,1569.69,1570.85,7408.69,11638211.0131
1697643000000,2023-10-18T15:30:00+00:00,1570.85,1571.32,1568.15,1568.19,6531.56,10255472.1303
1697643900000,2023-10-18T15:45:00+00:00,1568.19,1570.7,1567.52,1568.99,8705.1,13658065.4996
1697644800000,2023-10-18T16:00:00+00:00,1568.99,1573.44,1568.11,1572.64,13245.71,20809950.8682
1697645700000,2023-10-18T16:15:00+00:00,1572.64,1573.84,1569.48,1569.53,9835.69,15460712.7195
1697646600000,2023-10-18T16:30:00+00:00,1569.53,1570.71,1564.74,1569.97,14440.06,22639618.157
1697647500000,2023-10-18T16:45:00+00:00,1569.97,1572.62,1569.56,1569.91,9846.58,15471764.0881
1697648400000,2023-10-18T17:00:00+00:00,1569.91,1572.13,1568.99,1572.13,7860.58,12348491.8345
1697649300000,2023-10-18T17:15:00+00:00,1572.13,1572.48,1571.03,1571.72,5435.16,8541902.1798
1697650200000,2023-10-18T17:30:00+00:00,1571.72,1571.94,1567.2,1567.53,3978.99,6245111.4016
1697651100000,2023-10-18T17:45:00+00:00,1567.53,1569.35,1565.59,1568.01,9290.62,14559891.0377
1697652000000,2023-10-18T18:00:00+00:00,1568.01,1570.99,1568,1569.86,5050.81,7926879.9271
1697652900000,2023-10-18T18:15:00+00:00,1569.86,1571.26,1569.43,1569.8,3698.25,5807129.8934
1697653800000,2023-10-18T18:30:00+00:00,1569.8,1571.53,1568.6,1569.25,4219.98,6625815.1913
1697654700000,2023-10-18T18:45:00+00:00,1569.25,1569.26,1566.81,1567.81,3793.53,5948933.0372
1697655600000,2023-10-18T19:00:00+00:00,1567.81,1567.81,1562.17,1564.13,10083.52,15775536.2062
1697656500000,2023-10-18T19:15:00+00:00,1564.13,1565.73,1563.56,1564.6,4929.52,7713173.0772
1697657400000,2023-10-18T19:30:00+00:00,1564.6,1564.8,1561.68,1564.76,5957.39,9311536.8662
1697658300000,2023-10-18T19:45:00+00:00,1564.76,1565.81,1561.5,1561.83,5326.43,8331890.312
1697659200000,2023-10-18T20:00:00+00:00,1561.83,1564.35,1557.67,1562.78,8684.12,13559726.8387
1697660100000,2023-10-18T20:15:00+00:00,1562.78,1564.66,1562.04,1564,7964.85,12454488.8162
1697661000000,2023-10-18T20:30:00+00:00,1564,1564,1560.05,1561.71,8974.2,14017934.936
1697661900000,2023-10-18T20:45:00+00:00,1561.71,1561.84,1559.65,1561.06,3563.74,5561692.6904
1697662800000,2023-10-18T21:00:00+00:00,1561.06,1561.06,1556.48,1557.87,8316.02,12961479.862
1697663700000,2023-10-18T21:15:00+00:00,1557.87,1559.5,1556.12,1558.63,4014.87,6254638.8929
1697664600000,2023-10-18T21:30:00+00:00,1558.63,1559.07,1554.21,1557.7,10065.82,15662039.8489
1697665500000,2023-10-18T21:45:00+00:00,1557.7,1558.54,1556.88,1557.41,5148.98,8019917.6365
1697666400000,2023-10-18T22:00:00+00:00,1557.41,1559.71,1555.77,1559.42,5811.91,9055811.1461
1697667300000,2023-10-18T22:15:00+00:00,1559.42,1563.87,1558.76,1561.86,9906.59,15471039.9515
1697668200000,2023-10-18T22:30:00+00:00,1561.86,1563.94,1561.72,1563.66,3706.95,5793625.0507
1697669100000,2023-10-18T22:45:00+00:00,1563.66,1564.53,1562.28,1563.29,5264.27,8229291.6599
1697670000000,2023-10-18T23:00:00+00:00,1563.29,1563.68,1561.75,1562.53,5255.43,8211976.3298
1697670900000,2023-10-18T23:15:00+00:00,1562.53,1562.53,1558.31,1560.41,5837.41,9108678.8349
1697671800000,2023-10-18T23:30:00+00:00,1560.41,1563.22,1560.41,1562.58,4625.34,7225574.7955
1697672700000,2023-10-18T23:45:00+00:00,1562.58,1563.4,1561.76,1562.2,3434.27,5365771.8575
1697673600000,2023-10-19T00:00:00+00:00,1562.2,1562.2,1559.62,1561.97,4706.9,7346696.3309
1697674500000,2023-10-19T00:15:00+00:00,1561.97,1564.48,1560.61,1563.38,4310.21,6736757.2469
1697675400000,2023-10-19T00:30:00+00:00,1563.38,1564.53,1562.08,1562.25,4241.33,6630238.4192
1697676300000,2023-10-19T00:45:00+00:00,1562.25,1566.15,1562.25,1565.08,4772.85,7469154.3985
1697677200000,2023-10-19T01:00:00+00:00,1565.08,1565.63,1564.14,1564.36,3991.89,6246403.0629
1697678100000,2023-10-19T01:15:00+00:00,1564.36,1564.53,1563.11,1563.74,4774.42,7465657.0578
1697679000000,2023-10-19T01:30:00+00:00,1563.74,1564.23,1543.11,1544.07,19384.27,30098967.5496
1697679900000,2023-10-19T01:45:00+00:00,1544.07,1549.95,1540,1548.13,22111.87,34168664.0506
1697680800000,2023-10-19T02:00:00+00:00,1548.13,1549.94,1545.44,1548.63,6410.14,9922839.8872
1697681700000,2023-10-19T02:15:00+00:00,1548.63,1548.63,1545.51,1545.55,3771.16,5832010.6887
1697682600000,2023-10-19T02:30:00+00:00,1545.55,1547.35,1543.29,1545.65,4625.98,7150268.5957
1697683500000,2023-10-19T02:45:00+00:00,1545.65,1548.89,1544.66,1546.41,4935.83,7633611.3984
1697684400000,2023-10-19T03:00:00+00:00,1546.41,1548.91,1545.52,1548.81,4053.66,6271207.4042
1697685300000,2023-10-19T03:15:00+00:00,1548.81,1550,1547.73,1547.73,3234.85,5010475.9391
1697686200000,2023-10-19T03:30:00+00:00,1547.73,1550.06,1547.53,1547.7,3422.09,5300561.0685
1697687100000,2023-10-19T03:45:00+00:00,1547.7,1549.31,1547.11,1548.08,3383.42,5238518.6803
1697688000000,2023-10-19T04:00:00+00:00,1548.08,1548.08,1545,1545.32,4232.34,6546929.9519
1697688900000,2023-10-19T04:15:00+00:00,1545.32,1548.76,1544.53,1547.73,4375.77,6770386.322
1697689800000,2023-10-19T04:30:00+00:00,1547.73,1548.74,1546.63,1548.31,5145.59,7964473.9577
1697690700000,2023-10-19T04:45:00+00:00,1548.31,1549.3,1547.72,1549.3,4237.47,6562846.1646
1697691600000,2023-10-19T05:00:00+00:00,1549.3,1551.13,1548.53,1551.13,4554.38,7058873.8429
1697692500000,2023-10-19T05:15:00+00:00,1551.13,1552.27,1548.36,1551.9,7507.88,11643836.7805
1697693400000,2023-10-19T05:30:00+00:00,1551.9,1552.3,1550.23,1550.66,5399.84,8375756.4587
1697694300000,2023-10-19T05:45:00+00:00,1550.66,1551.5,1549.62,1551.27,5736.36,8895705.2257
1697695200000,2023-10-19T06:00:00+00:00,1551.27,1551.5,1549.76,1549.88,6295.91,9763863.2088
1697696100000,2023-10-19T06:15:00+00:00,1549.88,1550.75,1549.4,1549.96,8136.11,12610737.6821
1697697000000,2023-10-19T06:30:00+00:00,1549.96,1551.44,1549.13,1551.42,6580.1,10202776.7872
1697697900000,2023-10-19T06:45:00+00:00,1551.42,1552.01,1549.77,1550.18,6255.48,9702564.341
1697698800000,2023-10-19T07:00:00+00:00,1550.18,1550.88,1547.73,1547.96,5901.67,9143768.8577
1697699700000,2023-10-19T07:15:00+00:00,1547.96,1548.56,1546.58,1548.15,3606.47,5582205.6377
1697700600000,2023-10-19T07:30:00+00:00,1548.15,1551.36,1548.15,1551.09,4432.58,6872884.1967
1697701500000,2023-10-19T07:45:00+00:00,1551.09,1551.46,1550.23,1550.8,3580.92,5554187.5897
1697702400000,2023-10-19T08:00:00+00:00,1550.8,1552.31,1550.46,1550.84,3942.48,6114853.2081
1697703300000,2023-10-19T08:15:00+00:00,1550.84,1551.03,1548.96,1550.15,3382.54,5243522.061
1697704200000,2023-10-19T08:30:00+00:00,1550.15,1550.15,1547.35,1549.26,4179.57,6473740.9354
1697705100000,2023-10-19T08:45:00+00:00,1549.26,1549.52,1545.4,1546.77,3915.72,6061605.1636
1697706000000,2023-10-19T09:00:00+00:00,1546.77,1547.44,1540.18,1543.95,8853.64,13675170.7364
1697706900000,2023-10-19T09:15:00+00:00,1543.95,1549.61,1543.95,1548.67,5712.3,8845084.8074
1697707800000,2023-10-19T09:30:00+00:00,1548.67,1549.78,1547.12,1547.78,4399.34,6810495.8714
1697708700000,2023-10-19T09:45:00+00:00,1547.78,1548.26,1544.8,1546.61,5483.57,8479650.1461
1697709600000,2023-10-19T10:00:00+00:00,1546.61,1553.47,1546.32,1550.76,11015.21,17077637.1839
1697710500000,2023-10-19T10:15:00+00:00,1550.76,1551.39,1545.22,1545.92,8486.19,13134117.0667
1697711400000,2023-10-19T10:30:00+00:00,1545.92,1550,1545.92,1549.39,6619.55,10249268.6237
1697712300000,2023-10-19T10:45:00+00:00,1549.39,1551.47,1549.19,1551.44,3810.67,5908860.0618
1697713200000,2023-10-19T11:00:00+00:00,1551.44,1554.4,1550.44,1551.52,6597.56,10243090.4863
1697714100000,2023-10-19T11:15:00+00:00,1551.52,1553.42,1551.52,1552.47,4900.1,7605905.8728
1697715000000,2023-10-19T11:30:00+00:00,1552.47,1553.41,1551.33,1552.43,3997.02,6205872.4357
1697715900000,2023-10-19T11:45:00+00:00,1552.43,1553.31,1551.5,1552.64,5731.44,8898860.966
1697716800000,2023-10-19T12:00:00+00:00,1552.64,1555.6,1552.64,1553.38,4725.45,7343596.7091
1697717700000,2023-10-19T12:15:00+00:00,1553.38,1555.87,1549.79,1550.4,9974.61,15491144.0165
1697718600000,2023-10-19T12:30:00+00:00,1550.4,1551.94,1549.57,1550.5,5525.66,8568564.9336
1697719500000,2023-10-19T12:45:00+00:00,1550.5,1554.5,1550,1552.03,4799.66,7453071.8435
1697720400000,2023-10-19T13:00:00+00:00,1552.03,1554.2,1551.01,1554.2,6022.22,9349583.7604
1697721300000,2023-10-19T13:15:00+00:00,1554.2,1557.99,1553.82,1556.55,6129.17,9537196.0662
1697722200000,2023-10-19T13:30:00+00:00,1556.55,1559.14,1554.52,1554.77,5299.23,8248257.6436
1697723100000,2023-10-19T13:45:00+00:00,1554.77,1555.49,1552.8,1553.1,4111.99,6390619.6585
1697724000000,2023-10-19T14:00:00+00:00,1553.1,1556.86,1551.85,1556.85,6417.73,9971557.7905
1697724900000,2023-10-19T14:15:00+00:00,1556.85,1557.21,1552.31,1552.31,5572.79,8663252.4883
1697725800000,2023-10-19T14:30:00+00:00,1552.31,1556.72,1551.8,1555.13,6059.28,9418563.6626
1697726700000,2023-10-19T14:45:00+00:00,1555.13,1561.48,1553.91,1560.07,14691.21,22892179.8521
1697727600000,2023-10-19T15:00:00+00:00,1560.07,1564.45,1559.15,1559.16,13310.63,20782609.9373
1697728500000,2023-10-19T15:15:00+00:00,1559.16,1559.46,1555.25,1556.62,7304.52,11373416.3783
1697729400000,2023-10-19T15:30:00+00:00,1556.62,1562.16,1555.69,1560.77,7408.29,11546851.6175
1697730300000,2023-10-19T15:45:00+00:00,1560.77,1563.56,1559.22,1559.85,6349.64,9910587.485
1697731200000,2023-10-19T16:00:00+00:00,1559.85,1565.86,1558.95,1563.82,11760.78,18393039.8154
1697732100000,2023-10-19T16:15:00+00:00,1563.82,1573.24,1563.43,1566.21,25414.21,39878257.2701
1697733000000,2023-10-19T16:30:00+00:00,1566.21,1567.58,1561.63,1563.53,11561.3,18079064.8932
1697733900000,2023-10-19T16:45:00+00:00,1563.53,1566.71,1561.76,1563.08,7218.2,11288857.4257
1697734800000,2023-10-19T17:00:00+00:00,1563.08,1566.28,1563,1565.96,5613.98,8783396.8505
1697735700000,2023-10-19T17:15:00+00:00,1565.96,1566.27,1563.56,1564.44,4091.57,6403356.4833
1697736600000,2023-10-19T17:30:00+00:00,1564.44,1565.56,1558.62,1559.33,10045.55,15686197.5534
1697737500000,2023-10-19T17:45:00+00:00,1559.33,1561.13,1559.05,1560.76,5642.84,8802669.4875
1697738400000,2023-10-19T18:00:00+00:00,1560.76,1562.92,1560.21,1562.6,4285.2,6692976.4791
1697739300000,2023-10-19T18:15:00+00:00,1562.6,1564.76,1562.48,1562.96,5202.89,8135151.9407
1697740200000,2023-10-19T18:30:00+00:00,1562.96,1563.55,1560.85,1561.76,6857.99,10712864.4829
1697741100000,2023-10-19T18:45:00+00:00,1561.76,1563.05,1560.54,1560.56,4721.56,7374909.2627
1697742000000,2023-10-19T19:00:00+00:00,1560.56,1562.91,1560.02,1562.8,4576.98,7147481.0351
1697742900000,2023-10-19T19:15:00+00:00,1562.8,1565.16,1562.17,1565.14,2920.95,4566591.1419
1697743800000,2023-10-19T19:30:00+00:00,1565.14,1568.17,1564.91,1567.9,4362.37,6833429.1675
1697744700000,2023-10-19T19:45:00+00:00,1567.9,1568.97,1566.07,1567.11,3293.14,5162725.8926
1697745600000,2023-10-19T20:00:00+00:00,1567.11,1570.71,1566.83,1567.8,5561.38,8723279.9372
1697746500000,2023-10-19T20:15:00+00:00,1567.8,1569.53,1565.85,1566.71,5923.05,9285258.2397
1697747400000,2023-10-19T20:30:00+00:00,1566.71,1572.44,1565.8,1570.06,8723.83,13687013.0287
1697748300000,2023-10-19T20:45:00+00:00,1570.06,1570.33,1562.6,1565.22,7566.1,11855376.5671
1697749200000,2023-10-19T21:00:00+00:00,1565.22,1566.67,1563.27,1563.34,4699.17,7353575.8849
1697750100000,2023-10-19T21:15:00+00:00,1563.34,1564.24,1562.03,1562.85,5705.85,8921051.0935
1697751000000,2023-10-19T21:30:00+00:00,1562.85,1563.7,1562.08,1563.08,6433.46,10054159.1688
1697751900000,2023-10-19T21:45:00+00:00,1563.08,1563.69,1562.02,1562.02,5134.86,8025129.5072
1697752800000,2023-10-19T22:00:00+00:00,1562.02,1564.34,1561.81,1563.75,5823.44,9103262.0285
1697753700000,2023-10-19T22:15:00+00:00,1563.75,1566.45,1563.41,1566.05,4595.71,7193071.7921
1697754600000,2023-10-19T22:30:00+00:00,1566.05,1566.92,1564.13,1565.29,6380.35,9989110.3618
1697755500000,2023-10-19T22:45:00+00:00,1565.29,1565.3,1562.68,1563,3912.81,6118947.5043
1697756400000,2023-10-19T23:00:00+00:00,1563,1563.82,1562.46,1563.47,6563.66,10259126.1149
1697757300000,2023-10-19T23:15:00+00:00,1563.47,1564.27,1562.68,1563.71,4996.68,7813195.6249
1697758200000,2023-10-19T23:30:00+00:00,1563.71,1564.91,1562.66,1564.91,3496.63,5467435.7753
1697759100000,2023-10-19T23:45:00+00:00,1564.91,1566.24,1564.91,1565.3,6569.64,10284301.6398
1697760000000,2023-10-20T00:00:00+00:00,1565.3,1567.25,1564.53,1564.53,7518.68,11776798.1983
1697760900000,2023-10-20T00:15:00+00:00,1564.53,1564.88,1561.49,1563.77,4585.6,7169200.417
1697761800000,2023-10-20T00:30:00+00:00,1563.77,1564.79,1562.74,1562.94,3009.53,4705497.6406
1697762700000,2023-10-20T00:45:00+00:00,1562.94,1563.62,1561.55,1562.57,1794.16,2803682.8224
1697763600000,2023-10-20T01:00:00+00:00,1562.57,1562.76,1559.91,1561,4670.85,7290967.5542
1697764500000,2023-10-20T01:15:00+00:00,1561,1562.27,1560.85,1562.03,4074.62,6362495.995
1697765400000,2023-10-20T01:30:00+00:00,1562.03,1563.61,1562.02,1562.04,4888.76,7640550.326
1697766300000,2023-10-20T01:45:00+00:00,1562.04,1563.97,1561.93,1563.97,5000.66,7815621.0437
1697767200000,2023-10-20T02:00:00+00:00,1563.97,1570,1563.36,1569.36,6222.33,9744650.5196
1697768100000,2023-10-20T02:15:00+00:00,1569.36,1578.8,1569.36,1574.34,20071.36,31607613.6257
1697769000000,2023-10-20T02:30:00+00:00,1574.34,1580.94,1573.69,1578.68,16295.02,25716256.0794
1697769900000,2023-10-20T02:45:00+00:00,1578.68,1588.03,1578.68,1584.36,25951.89,41116911.5236
1697770800000,2023-10-20T03:00:00+00:00,1584.36,1586.89,1580.2,1583.3,11332.59,17945121.3338
1697771700000,2023-10-20T03:15:00+00:00,1583.3,1594.06,1583.17,1590.17,20032.72,31850135.8777
1697772600000,2023-10-20T03:30:00+00:00,1590.17,1591.73,1585.8,1588.02,7250.75,11512013.1965
1697773500000,2023-10-20T03:45:00+00:00,1588.02,1588.02,1584.14,1585.65,6001.66,9516742.5803
1697774400000,2023-10-20T04:00:00+00:00,1585.65,1586.82,1581.52,1581.84,6232.34,9873313.4852
1697775300000,2023-10-20T04:15:00+00:00,1581.84,1584.88,1580.67,1583.24,5837.87,9238594.6538
1697776200000,2023-10-20T04:30:00+00:00,1583.24,1584.13,1580.33,1582.54,4595.24,7269497.2918
1697777100000,2023-10-20T04:45:00+00:00,1582.54,1583.27,1581,1581.63,3047.09,4819584.116
1697778000000,2023-10-20T05:00:00+00:00,1581.63,1583.28,1581.06,1582.08,4496.23,7113705.7107
1697778900000,2023-10-20T05:15:00+00:00,1582.08,1582.69,1577.72,1578.16,6656.9,10515641.5537
1697779800000,2023-10-20T05:30:00+00:00,1578.16,1582.49,1577.77,1582.08,4589.32,7252539.8556
1697780700000,2023-10-20T05:45:00+00:00,1582.08,1582.87,1581.52,1582.42,6160.39,9747010.6238
1697781600000,2023-10-20T06:00:00+00:00,1582.42,1583.42,1580.52,1580.52,4286.9,6782332.3232
1697782500000,2023-10-20T06:15:00+00:00,1580.52,1581.07,1578.52,1579.54,5115.94,8081170.6341
1697783400000,2023-10-20T06:30:00+00:00,1579.54,1582.76,1578.88,1582.08,6768.12,10705792.8019
1697784300000,2023-10-20T06:45:00+00:00,1582.08,1582.44,1580.14,1582.35,4550.48,7197580.7549
1697785200000,2023-10-20T07:00:00+00:00,1582.35,1584.35,1582.21,1582.76,4775.31,7560706.2763
1697786100000,2023-10-20T07:15:00+00:00,1582.76,1583.79,1581.77,1583.46,4773.68,7556035.7945
1697787000000,2023-10-20T07:30:00+00:00,1583.46,1588.36,1582.59,1585.73,7189.85,11402180.2376
1697787900000,2023-10-20T07:45:00+00:00,1585.73,1587.1,1581.21,1582.3,7059.19,11174602.7737
1697788800000,2023-10-20T08:00:00+00:00,1582.3,1588.82,1582.06,1588.72,6980.2,11069757.3145
1697789700000,2023-10-20T08:15:00+00:00,1588.72,1601,1587,1598.41,24768.9,39498368.2179
1697790600000,2023-10-20T08:30:00+00:00,1598.41,1612.62,1597.63,1609.37,22040.51,35378304.1215
1697791500000,2023-10-20T08:45:00+00:00,1609.37,1620.34,1604.58,1610.29,26889.88,43344308.8877
1697792400000,2023-10-20T09:00:00+00:00,1610.29,1612.18,1607.26,1607.26,13745.83,22125213.7683
1697793300000,2023-10-20T09:15:00+00:00,1607.26,1612,1605.77,1610.44,5566.02,8955103.0811
1697794200000,2023-10-20T09:30:00+00:00,1610.44,1611.3,1607.39,1610.64,6312.57,10159431.8085
1697795100000,2023-10-20T09:45:00+00:00,1610.64,1617.46,1607.03,1617.07,11274.16,18193902.8129
1697796000000,2023-10-20T10:00:00+00:00,1617.07,1621.88,1616.32,1620,14609.85,23653151.5201
1697796900000,2023-10-20T10:15:00+00:00,1620,1628.78,1617.5,1617.65,28324.82,45991222.9282
1697797800000,2023-10-20T10:30:00+00:00,1617.65,1629.61,1615.63,1620.57,22349.52,36222339.3908
1697798700000,2023-10-20T10:45:00+00:00,1620.57,1620.94,1614.21,1614.49,9766.2,15792087.6732
1697799600000,2023-10-20T11:00:00+00:00,1614.49,1618.34,1612.05,1617.31,7742.76,12503566.5803
1697800500000,2023-10-20T11:15:00+00:00,1617.31,1618.61,1616.17,1616.23,3645.52,5896160.6103
1697801400000,2023-10-20T11:30:00+00:00,1616.23,1617.86,1611.97,1613.35,4500.4,7266772.9265
1697802300000,2023-10-20T11:45:00+00:00,1613.35,1615.35,1610.74,1611.99,5026.96,8110102.0377
1697803200000,2023-10-20T12:00:00+00:00,1611.99,1615.3,1611.99,1612.95,5635.1,9094945.4322
1697804100000,2023-10-20T12:15:00+00:00,1612.95,1613.44,1603.42,1604.88,14796.9,23802722.2984
1697805000000,2023-10-20T12:30:00+00:00,1604.88,1609.97,1603.59,1608.77,9945.87,15989858.9373
1697805900000,2023-10-20T12:45:00+00:00,1608.77,1609.23,1601.86,1605.72,8899.34,14284769.027
1697806800000,2023-10-20T13:00:00+00:00,1605.72,1608.06,1603.56,1603.79,10223.23,16416589.1532
1697807700000,2023-10-20T13:15:00+00:00,1603.79,1606.51,1601.03,1601.34,9599.49,15390510.4951
1697808600000,2023-10-20T13:30:00+00:00,1601.34,1606.84,1596.44,1602.91,12627.22,20231169.7128
1697809500000,2023-10-20T13:45:00+00:00,1602.91,1606.98,1601.06,1605.9,5975.56,9589784.1496
1697810400000,2023-10-20T14:00:00+00:00,1605.9,1608.98,1598.22,1598.81,11051.85,17736573.0873
1697811300000,2023-10-20T14:15:00+00:00,1598.81,1605.68,1598.81,1603.72,6344.47,10168135.0972
1697812200000,2023-10-20T14:30:00+00:00,1603.72,1608.45,1602.15,1608.45,7071.89,11355999.4745
1697813100000,2023-10-20T14:45:00+00:00,1608.45,1609.49,1603,1604.1,6368.06,10230349.0903
1697814000000,2023-10-20T15:00:00+00:00,1604.1,1607.31,1602.63,1606.3,5379.5,8637860.1206
1697814900000,2023-10-20T15:15:00+00:00,1606.3,1607.8,1603.85,1606.47,5068.13,8139880.491
1697815800000,2023-10-20T15:30:00+00:00,1606.47,1607.23,1600.71,1600.73,4874.51,7814689.205
1697816700000,2023-10-20T15:45:00+00:00,1600.73,1604.4,1600.7,1604.34,7493.98,12013567.3303
1697817600000,2023-10-20T16:00:00+00:00,1604.34,1605.41,1602.42,1602.5,7997.85,12830235.3706
1697818500000,2023-10-20T16:15:00+00:00,1602.5,1608.69,1601.64,1607.78,5370.83,8624878.3618
1697819400000,2023-10-20T16:30:00+00:00,1607.78,1608.27,1604.82,1605.84,7166.16,11512909.5919
1697820300000,2023-10-20T16:45:00+00:00,1605.84,1606.06,1602.01,1602.93,6005.61,9631378.4797
1697821200000,2023-10-20T17:00:00+00:00,1602.93,1603.48,1596.21,1600.53,11388.32,18220497.9959
1697822100000,2023-10-20T17:15:00+00:00,1600.53,1607.04,1600.12,1606.86,6079.55,9750831.8634
1697823000000,2023-10-20T17:30:00+00:00,1606.86,1608.4,1605.72,1607.79,9091.19,14609479.0543
1697823900000,2023-10-20T17:45:00+00:00,1607.79,1608.32,1606.13,1607.82,5508.05,8853577.6893
1697824800000,2023-10-20T18:00:00+00:00,1607.82,1608.38,1604.63,1606.34,6934.21,11145107.3382
1697825700000,2023-10-20T18:15:00+00:00,1606.34,1608.1,1604.34,1608.09,6403.79,10284949.0156
1697826600000,2023-10-20T18:30:00+00:00,1608.09,1608.37,1606.35,1606.94,3627.52,5830565.5202
1697827500000,2023-10-20T18:45:00+00:00,1606.94,1607.81,1605,1605.01,4607.31,7401578.2827
1697828400000,2023-10-20T19:00:00+00:00,1605.01,1607.54,1605,1606.37,3041.07,4885203.9183
1697829300000,2023-10-20T19:15:00+00:00,1606.37,1607.3,1602.82,1604.44,3776.12,6059156.1543
1697830200000,2023-10-20T19:30:00+00:00,1604.44,1605.7,1601.6,1602.08,5628.93,9030843.587
1697831100000,2023-10-20T19:45:00+00:00,1602.08,1606.35,1602.08,1605.53,6349.56,10190968.4735
1697832000000,2023-10-20T20:00:00+00:00,1605.53,1605.71,1604.07,1604.97,3967.64,6367809.7224
1697832900000,2023-10-20T20:15:00+00:00,1604.97,1606.51,1604.07,1605.47,3006.78,4825896.6803
1697833800000,2023-10-20T20:30:00+00:00,1605.47,1607.98,1604.6,1607.9,1874.71,3011787.6301
1697834700000,2023-10-20T20:45:00+00:00,1607.9,1607.99,1601.27,1601.36,3084.1,4952145.641
1697835600000,2023-10-20T21:00:00+00:00,1601.36,1605.53,1601,1604.63,4147.01,6650240.3192
1697836500000,2023-10-20T21:15:00+00:00,1604.63,1606.84,1604.54,1605.6,5580.36,8961047.4315
1697837400000,2023-10-20T21:30:00+00:00,1605.6,1607.46,1605.6,1607.14,3633.85,5838084.7059
1697838300000,2023-10-20T21:45:00+00:00,1607.14,1607.52,1604.14,1606.14,3772.8,6059071.0622
1697839200000,2023-10-20T22:00:00+00:00,1606.14,1608.4,1606.02,1608,3881.09,6237239.1382
1697840100000,2023-10-20T22:15:00+00:00,1608,1608.7,1606.49,1608.67,3002.66,4826865.8443
1697841000000,2023-10-20T22:30:00+00:00,1608.67,1609.15,1606.53,1608,4305.27,6921418.3185
1697841900000,2023-10-20T22:45:00+00:00,1608,1608.4,1605.37,1606.85,4292.17,6896426.7726
1697842800000,2023-10-20T23:00:00+00:00,1606.85,1609,1605.68,1606.56,4024.72,6468974.732
1697843700000,2023-10-20T23:15:00+00:00,1606.56,1606.84,1604.3,1605.42,2506.02,4022922.5754
1697844600000,2023-10-20T23:30:00+00:00,1605.42,1605.42,1601.81,1602.86,2118.48,3396169.9016
1697845500000,2023-10-20T23:45:00+00:00,1602.86,1604.13,1601.7,1602.63,2055.94,3294876.8936
1697846400000,2023-10-21T00:00:00+00:00,1602.63,1605.07,1601.8,1602.26,3139.43,5034912.4645
1697847300000,2023-10-21T00:15:00+00:00,1602.26,1604.59,1602.26,1604.4,2214.39,3550769.3631
1697848200000,2023-10-21T00:30:00+00:00,1604.4,1604.4,1601.54,1601.56,4186.5,6709410.7713
1697849100000,2023-10-21T00:45:00+00:00,1601.56,1602.59,1600.51,1602.25,4545.82,7282251.2413
1697850000000,2023-10-21T01:00:00+00:00,1602.25,1602.8,1601.91,1602.73,2070.25,3317622.3314
1697850900000,2023-10-21T01:15:00+00:00,1602.73,1603.49,1602.39,1602.73,4011.13,6429425.1922
1697851800000,2023-10-21T01:30:00+00:00,1602.73,1603,1598.68,1599.79,4201.26,6723366.1839
1697852700000,2023-10-21T01:45:00+00:00,1599.79,1600.53,1596.81,1598.3,5129.01,8199781.6643
1697853600000,2023-10-21T02:00:00+00:00,1598.3,1598.3,1592.24,1595.29,11912.77,18995735.2495
1697854500000,2023-10-21T02:15:00+00:00,1595.29,1597,1594.06,1596.71,4973.46,7934199.3078
1697855400000,2023-10-21T02:30:00+00:00,1596.71,1597.15,1591.23,1592.12,5789.12,9225285.2881
1697856300000,2023-10-21T02:45:00+00:00,1592.12,1594.33,1591.3,1594.24,4337.95,6910912.4301
1697857200000,2023-10-21T03:00:00+00:00,1594.24,1594.37,1591,1591.56,6051.67,9638790.2948
1697858100000,2023-10-21T03:15:00+00:00,1591.56,1594.13,1591.54,1594.13,3929.24,6260714.6641
1697859000000,2023-10-21T03:30:00+00:00,1594.13,1596.72,1594.13,1596.48,5256.44,8387636.1991
1697859900000,2023-10-21T03:45:00+00:00,1596.48,1597.88,1596.31,1596.39,5161.24,8243704.8894
1697860800000,2023-10-21T04:00:00+00:00,1596.39,1597.85,1596.39,1597.83,3962.01,6328169.0735
1697861700000,2023-10-21T04:15:00+00:00,1597.83,1597.84,1596.76,1597.72,2549.16,4071399.0788
1697862600000,2023-10-21T04:30:00+00:00,1597.72,1598,1596.03,1596.86,1399.5,2235458.1597
1697863500000,2023-10-21T04:45:00+00:00,1596.86,1599.21,1596.86,1597.3,2065.43,3301075.9978
1697864400000,2023-10-21T05:00:00+00:00,1597.3,1598.94,1597.07,1597.92,2519.38,4025802.6396
1697865300000,2023-10-21T05:15:00+00:00,1597.92,1598.19,1597.44,1597.72,3726.68,5954589.3104
1697866200000,2023-10-21T05:30:00+00:00,1597.72,1598.05,1596.85,1596.96,3815.83,6095617.072
1697867100000,2023-10-21T05:45:00+00:00,1596.96,1598.46,1596.58,1598.46,3720.76,5943612.2412
1697868000000,2023-10-21T06:00:00+00:00,1598.46,1598.78,1597.52,1598.26,2670.11,4267626.6837
1697868900000,2023-10-21T06:15:00+00:00,1598.26,1602.45,1597.97,1601.9,4754.8,7608692.583
1697869800000,2023-10-21T06:30:00+00:00,1601.9,1604.25,1600.9,1600.92,7592.18,12169431.7572
1697870700000,2023-10-21T06:45:00+00:00,1600.92,1603.82,1600.79,1602.61,4516.25,7238240.7125
1697871600000,2023-10-21T07:00:00+00:00,1602.61,1602.91,1601.29,1601.63,3781.45,6056824.9499
1697872500000,2023-10-21T07:15:00+00:00,1601.63,1603,1601.2,1602.9,3796.84,6082925.0028
1697873400000,2023-10-21T07:30:00+00:00,1602.9,1604.92,1602.53,1604.32,3351.41,5373397.5908
1697874300000,2023-10-21T07:45:00+00:00,1604.32,1605.97,1604.11,1605.29,6549.41,10512597.0139
1697875200000,2023-10-21T08:00:00+00:00,1605.29,1605.71,1603.39,1603.42,5798.86,9303509.4016
1697876100000,2023-10-21T08:15:00+00:00,1603.42,1607.04,1603.42,1606.68,6734.12,10814477.9309
1697877000000,2023-10-21T08:30:00+00:00,1606.68,1606.87,1605.05,1605.13,4209.83,6761198.3866
1697877900000,2023-10-21T08:45:00+00:00,1605.13,1605.23,1603.54,1604.63,5342.34,8570636.6307
1697878800000,2023-10-21T09:00:00+00:00,1604.63,1604.78,1602.05,1602.68,5411.71,8677297.0462
1697879700000,2023-10-21T09:15:00+00:00,1602.68,1603.29,1601.81,1603.27,4064.03,6513183.1468
1697880600000,2023-10-21T09:30:00+00:00,1603.27,1605.22,1602.5,1605.11,2923.64,4687575.1194
1697881500000,2023-10-21T09:45:00+00:00,1605.11,1607.84,1605.11,1605.82,6364.28,10223418.6531
1697882400000,2023-10-21T10:00:00+00:00,1605.82,1606.75,1603.51,1604.23,3539.32,5680364.6877
1697883300000,2023-10-21T10:15:00+00:00,1604.23,1605.5,1603.11,1603.51,3464.74,5558406.6382
1697884200000,2023-10-21T10:30:00+00:00,1603.51,1604.08,1602.48,1603.61,3232.74,5183379.2663
1697885100000,2023-10-21T10:45:00+00:00,1603.61,1605,1603.49,1603.64,2121.66,3403586.6908
1697886000000,2023-10-21T11:00:00+00:00,1603.64,1604.96,1603.64,1604.59,2343,3759313.767
1697886900000,2023-10-21T11:15:00+00:00,1604.59,1606.89,1604.59,1605.94,2071.64,3325921.6637
1697887800000,2023-10-21T11:30:00+00:00,1605.94,1607.47,1605.15,1605.81,4243.54,6815934.1727
1697888700000,2023-10-21T11:45:00+00:00,1605.81,1608.85,1605.81,1607.6,5981.24,9615763.0559
1697889600000,2023-10-21T12:00:00+00:00,1607.6,1608.87,1604.26,1605.17,5115.36,8213946.6495
1697890500000,2023-10-21T12:15:00+00:00,1605.17,1605.89,1604.31,1605.5,6507.15,10443944.9
1697891400000,2023-10-21T12:30:00+00:00,1605.5,1607.81,1605.3,1607.55,5527.04,8877872.0703
1697892300000,2023-10-21T12:45:00+00:00,1607.55,1607.78,1603.68,1603.98,6427.09,10321138.9406
1697893200000,2023-10-21T13:00:00+00:00,1603.98,1604.54,1601.38,1602.71,8865.29,14215681.4663
1697894100000,2023-10-21T13:15:00+00:00,1602.71,1605.47,1602.35,1605.47,5501.71,8823268.0086
1697895000000,2023-10-21T13:30:00+00:00,1605.47,1608.38,1605.23,1608.37,4874.2,7831048.4401
1697895900000,2023-10-21T13:45:00+00:00,1608.37,1612.74,1606.62,1612.02,14793.49,23821712.8278
1697896800000,2023-10-21T14:00:00+00:00,1612.02,1613.65,1610.54,1612.65,9282.95,14962508.2749
1697897700000,2023-10-21T14:15:00+00:00,1612.65,1614.4,1611.69,1612.22,7406.13,11946043.0488
1697898600000,2023-10-21T14:30:00+00:00,1612.22,1616.76,1609.11,1615.96,8750.44,14112212.5687
1697899500000,2023-10-21T14:45:00+00:00,1615.96,1623.92,1614.91,1620.95,14506.51,23501927.8666
1697900400000,2023-10-21T15:00:00+00:00,1620.95,1624.49,1614.09,1614.83,14890.2,24110556.3047
1697901300000,2023-10-21T15:15:00+00:00,1614.83,1619.81,1612.65,1618,15139.71,24486691.0371
1697902200000,2023-10-21T15:30:00+00:00,1618,1620.66,1616.17,1620.49,10176.48,16471489.6871
1697903100000,2023-10-21T15:45:00+00:00,1620.49,1628.31,1620,1627.52,13239.44,21510753.9545
1697904000000,2023-10-21T16:00:00+00:00,1627.52,1628.8,1623.75,1628.69,12581.94,20460889.8985
1697904900000,2023-10-21T16:15:00+00:00,1628.69,1628.69,1623.57,1624.74,11094.27,18041596.9578
1697905800000,2023-10-21T16:30:00+00:00,1624.74,1626.2,1623.05,1624.77,4543.41,7382054.3329
1697906700000,2023-10-21T16:45:00+00:00,1624.77,1625.23,1618.95,1619.97,7111.57,11534426.9924
1697907600000,2023-10-21T17:00:00+00:00,1619.97,1622.43,1619.51,1621.87,6305.19,10223316.1678
1697908500000,2023-10-21T17:15:00+00:00,1621.87,1624.92,1620.72,1624.92,5971.17,9691915.8664
1697909400000,2023-10-21T17:30:00+00:00,1624.92,1635.78,1624.63,1635.46,18867.55,30763187.8259
1697910300000,2023-10-21T17:45:00+00:00,1635.46,1638.42,1633.23,1637.6,11427.34,18700442.9022
1697911200000,2023-10-21T18:00:00+00:00,1637.6,1643.27,1627.62,1628.88,30731.24,50229631.7458
1697912100000,2023-10-21T18:15:00+00:00,1628.88,1633.39,1627.15,1632.54,9663.75,15763660.0657
1697913000000,2023-10-21T18:30:00+00:00,1632.54,1632.54,1627.79,1630.44,8841.76,14414924.2277
1697913900000,2023-10-21T18:45:00+00:00,1630.44,1633.77,1629.31,1633.6,9098.71,14842844.2095
1697914800000,2023-10-21T19:00:00+00:00,1633.6,1635.11,1627.12,1627.14,7778.97,12690030.2638
1697915700000,2023-10-21T19:15:00+00:00,1627.14,1628.65,1625.98,1627.77,9575.06,15581964.5663
1697916600000,2023-10-21T19:30:00+00:00,1627.77,1632.28,1627.42,1631.51,5301.64,8641771.1813
1697917500000,2023-10-21T19:45:00+00:00,1631.51,1635,1631.51,1633.92,6438.68,10519510.438
1697918400000,2023-10-21T20:00:00+00:00,1633.92,1634.79,1630.99,1631.78,7179.16,11719355.0641
1697919300000,2023-10-21T20:15:00+00:00,1631.78,1631.91,1624.71,1628.96,7627.74,12420675.9925
1697920200000,2023-10-21T20:30:00+00:00,1628.96,1631.69,1627.01,1628.12,7458.74,12153237.9613
1697921100000,2023-10-21T20:45:00+00:00,1628.12,1630,1627.98,1628.68,5824.73,9489107.73
1697922000000,2023-10-21T21:00:00+00:00,1628.68,1629.87,1626.57,1629.51,6424.78,10464146.4234
1697922900000,2023-10-21T21:15:00+00:00,1629.51,1631.62,1629.51,1631.47,7566.24,12337880.1047
1697923800000,2023-10-21T21:30:00+00:00,1631.47,1632.39,1627.13,1627.51,10865.44,17696957.8147
1697924700000,2023-10-21T21:45:00+00:00,1627.51,1628.97,1627.49,1627.52,6317.21,10284275.6547
1697925600000,2023-10-21T22:00:00+00:00,1627.52,1630.64,1627.52,1630.62,7449.64,12140719.3796
1697926500000,2023-10-21T22:15:00+00:00,1630.62,1630.71,1627.77,1628.34,6420.83,10461331.6624
1697927400000,2023-10-21T22:30:00+00:00,1628.34,1629.41,1626.04,1629.41,7948.38,12939688.4453
1697928300000,2023-10-21T22:45:00+00:00,1629.41,1630,1628.36,1629.5,6944.44,11314736.2469
1697929200000,2023-10-21T23:00:00+00:00,1629.5,1629.5,1625.03,1626.35,9133.52,14858724.1346
1697930100000,2023-10-21T23:15:00+00:00,1626.35,1628.72,1625.02,1628.15,4206.69,6843269.6562
1697931000000,2023-10-21T23:30:00+00:00,1628.15,1628.89,1624.76,1625.9,6771.27,11015614.0191
1697931900000,2023-10-21T23:45:00+00:00,1625.9,1627.98,1625.9,1627.85,3335.35,5427820.014
1697932800000,2023-10-22T00:00:00+00:00,1627.85,1630.04,1625.25,1630.03,4381.12,7127748.4133
1697933700000,2023-10-22T00:15:00+00:00,1630.03,1634.96,1629.34,1634.02,5272.59,8600506.1716
1697934600000,2023-10-22T00:30:00+00:00,1634.02,1634.47,1631.5,1632.02,5585.66,9119251.6895
1697935500000,2023-10-22T00:45:00+00:00,1632.02,1640.47,1630.9,1632.89,8236.36,13462075.3686
1697936400000,2023-10-22T01:00:00+00:00,1632.89,1638.01,1632.42,1637.51,5944.47,9712845.6988
1697937300000,2023-10-22T01:15:00+00:00,1637.51,1637.73,1627.8,1628.29,5610.86,9157452.4102
1697938200000,2023-10-22T01:30:00+00:00,1628.29,1629.97,1625.27,1628.9,6781.35,11039267.2013
1697939100000,2023-10-22T01:45:00+00:00,1628.9,1630.2,1628.29,1630,5498.58,8959342.0619
1697940000000,2023-10-22T02:00:00+00:00,1630,1630.35,1627.2,1627.57,6239.63,10162761.2954
1697940900000,2023-10-22T02:15:00+00:00,1627.57,1627.57,1623.64,1625.88,7851.48,12767975.3429
1697941800000,2023-10-22T02:30:00+00:00,1625.88,1626.35,1622.01,1625.06,6392.2,10383235.6079
1697942700000,2023-10-22T02:45:00+00:00,1625.06,1625.34,1623.01,1624.5,6825.26,11085033.3341
1697943600000,2023-10-22T03:00:00+00:00,1624.5,1624.5,1622.85,1624.39,4051.66,6577379.4163
1697944500000,2023-10-22T03:15:00+00:00,1624.39,1626.46,1623.37,1625.61,5914.56,9610528.9795
1697945400000,2023-10-22T03:30:00+00:00,1625.61,1628.1,1625.08,1627.51,4345.26,7067964.898
1697946300000,2023-10-22T03:45:00+00:00,1627.51,1628.37,1625.78,1628.01,3487.82,5674482.6671
1697947200000,2023-10-22T04:00:00+00:00,1628.01,1629.2,1628.01,1628.84,3282.09,5345051.9845
1697948100000,2023-10-22T04:15:00+00:00,1628.84,1632.35,1628.38,1632.06,6086.77,9924843.2322
1697949000000,2023-10-22T04:30:00+00:00,1632.06,1634.11,1631.68,1632.62,7182.12,11726004.5017
1697949900000,2023-10-22T04:45:00+00:00,1632.62,1635,1632.06,1632.99,6386.22,10428455.7045
1697950800000,2023-10-22T05:00:00+00:00,1632.99,1636.71,1632.13,1633.81,8119.93,13269983.1014
1697951700000,2023-10-22T05:15:00+00:00,1633.81,1637.78,1633.29,1634.7,8488.37,13887023.6012
1697952600000,2023-10-22T05:30:00+00:00,1634.7,1637.83,1633.71,1633.75,6985.98,11429164.7983
1697953500000,2023-10-22T05:45:00+00:00,1633.75,1647.84,1633.11,1640.94,18069.44,29642729.1557
1697954400000,2023-10-22T06:00:00+00:00,1640.94,1645.5,1639.85,1642.59,16274.32,26741584.0271
1697955300000,2023-10-22T06:15:00+00:00,1642.59,1643.51,1636.2,1639.93,12144.33,19919199.6138
1697956200000,2023-10-22T06:30:00+00:00,1639.93,1645.99,1638.82,1643.75,7621.04,12517963.136
1697957100000,2023-10-22T06:45:00+00:00,1643.75,1644.76,1641.13,1643.81,5750.53,9446784.7911
1697958000000,2023-10-22T07:00:00+00:00,1643.81,1644.28,1636.98,1638.31,9619.38,15775464.893
1697958900000,2023-10-22T07:15:00+00:00,1638.31,1640.83,1637.73,1638.17,8170.56,13391894.8225
1697959800000,2023-10-22T07:30:00+00:00,1638.17,1638.19,1623.01,1626.46,20613.28,33612435.3594
1697960700000,2023-10-22T07:45:00+00:00,1626.46,1630.64,1625.06,1629.56,14683.99,23919976.9681
1697961600000,2023-10-22T08:00:00+00:00,1629.56,1632.91,1628.19,1632,7652.07,12484986.6026
1697962500000,2023-10-22T08:15:00+00:00,1632,1633.81,1624.73,1625.68,9148.24,14900621.511
1697963400000,2023-10-22T08:30:00+00:00,1625.68,1630.36,1623.36,1630.05,6795.97,11056401.4572
1697964300000,2023-10-22T08:45:00+00:00,1630.05,1630.65,1626.34,1627.09,4932.29,8032491.1018
1697965200000,2023-10-22T09:00:00+00:00,1627.09,1632.68,1626.52,1632.68,7352.72,11988470.3646
1697966100000,2023-10-22T09:15:00+00:00,1632.68,1634.74,1631.36,1633.17,5856.73,9565944.2329
1697967000000,2023-10-22T09:30:00+00:00,1633.17,1633.85,1630.71,1632.23,5073.11,8279452.6371
1697967900000,2023-10-22T09:45:00+00:00,1632.23,1632.48,1628.63,1628.84,5652.17,9213279.4555
1697968800000,2023-10-22T10:00:00+00:00,1628.84,1630.84,1628.6,1630.48,3331.07,5428336.3032
1697969700000,2023-10-22T10:15:00+00:00,1630.48,1632.72,1629.37,1630.4,2745.9,4477488.8395
1697970600000,2023-10-22T10:30:00+00:00,1630.4,1633.51,1630.09,1633.33,2880.32,4700947.0034
1697971500000,2023-10-22T10:45:00+00:00,1633.33,1633.71,1630.37,1631.21,2100.24,3427422.4625
1697972400000,2023-10-22T11:00:00+00:00,1631.21,1631.34,1629.82,1630.7,3513.64,5728933.6737
1697973300000,2023-10-22T11:15:00+00:00,1630.7,1631.68,1629.24,1629.24,4726.05,7705101.1575
1697974200000,2023-10-22T11:30:00+00:00,1629.24,1629.26,1623.3,1627.05,9304.31,15126612.1163
1697975100000,2023-10-22T11:45:00+00:00,1627.05,1627.81,1623.7,1627.38,7280.91,11835884.9355
1697976000000,2023-10-22T12:00:00+00:00,1627.38,1631.01,1626.53,1630.35,6416.74,10455266.5937
1697976900000,2023-10-22T12:15:00+00:00,1630.35,1632.49,1629.99,1631.76,5239.82,8548866.3041
1697977800000,2023-10-22T12:30:00+00:00,1631.76,1631.76,1629.13,1629.15,5030.74,8202637.8418
1697978700000,2023-10-22T12:45:00+00:00,1629.15,1631.71,1628.62,1630.43,3797.49,6192182.7974
1697979600000,2023-10-22T13:00:00+00:00,1630.43,1632.77,1629.88,1630.96,2946.05,4805926.3632
1697980500000,2023-10-22T13:15:00+00:00,1630.96,1635.47,1630.33,1633.24,3970.85,6482286.8399
1697981400000,2023-10-22T13:30:00+00:00,1633.24,1633.5,1631.52,1632.35,3174.46,5182205.0486
1697982300000,2023-10-22T13:45:00+00:00,1632.35,1636.34,1631.5,1634.66,3921.76,6408323.5785
1697983200000,2023-10-22T14:00:00+00:00,1634.66,1636.2,1632.9,1633.96,4170.09,6816161.2413
1697984100000,2023-10-22T14:15:00+00:00,1633.96,1634.04,1627.58,1628.02,5915.65,9645849.8711
1697985000000,2023-10-22T14:30:00+00:00,1628.02,1629.41,1626.16,1627.67,5443.09,8861482.842
1697985900000,2023-10-22T14:45:00+00:00,1627.67,1629.17,1624.1,1627.46,8420.24,13698783.2228
1697986800000,2023-10-22T15:00:00+00:00,1627.46,1627.93,1620,1622.63,12047.72,19548984.8584
1697987700000,2023-10-22T15:15:00+00:00,1622.63,1627.54,1622.2,1625.47,6948.79,11293329.5893
1697988600000,2023-10-22T15:30:00+00:00,1625.47,1625.65,1622.8,1624.02,3707.13,6022020.968
1697989500000,2023-10-22T15:45:00+00:00,1624.02,1624.59,1621.5,1624.56,4372.66,7097951.153
1697990400000,2023-10-22T16:00:00+00:00,1624.56,1626,1623.1,1625.84,4745.3,7711255.05
1697991300000,2023-10-22T16:15:00+00:00,1625.84,1630.26,1625.8,1628.59,10824.95,17622661.7991
1697992200000,2023-10-22T16:30:00+00:00,1628.59,1631.49,1628.52,1628.76,7651.89,12470801.1845
1697993100000,2023-10-22T16:45:00+00:00,1628.76,1630.17,1627.21,1629.94,4874.2,7938894.2237
1697994000000,2023-10-22T17:00:00+00:00,1629.94,1631.87,1628.95,1630.9,7440.99,12125906.9706
1697994900000,2023-10-22T17:15:00+00:00,1630.9,1632.44,1630,1632.43,4241.6,6919097.0337
1697995800000,2023-10-22T17:30:00+00:00,1632.43,1635.81,1632.17,1634.79,7303.28,11930701.6332
1697996700000,2023-10-22T17:45:00+00:00,1634.79,1637.5,1633.12,1634.52,5935.76,9703367.3981
1697997600000,2023-10-22T18:00:00+00:00,1634.52,1635.84,1633.07,1634.66,2426.08,3964906.0892
1697998500000,2023-10-22T18:15:00+00:00,1634.66,1635.4,1632.13,1633.45,3593.36,5869717.1405
1697999400000,2023-10-22T18:30:00+00:00,1633.45,1634.59,1632.54,1633.41,2100.12,3430318.8657
1698000300000,2023-10-22T18:45:00+00:00,1633.41,1634.71,1632.9,1633.13,2922.58,4774281.5423
1698001200000,2023-10-22T19:00:00+00:00,1633.13,1635.29,1633.13,1634.14,5431.29,8877191.7593
1698002100000,2023-10-22T19:15:00+00:00,1634.14,1639.83,1633.98,1637.54,5505.96,9013914.0967
1698003000000,2023-10-22T19:30:00+00:00,1637.54,1638.05,1633.84,1634.84,4838.38,7911457.0569
1698003900000,2023-10-22T19:45:00+00:00,1634.84,1634.94,1632.04,1634.01,5109.63,8345181.6182
1698004800000,2023-10-22T20:00:00+00:00,1634.01,1640,1634,1639.21,4736.69,7752704.2495
1698005700000,2023-10-22T20:15:00+00:00,1639.21,1641.22,1635.8,1635.97,7533.07,12337998.685
1698006600000,2023-10-22T20:30:00+00:00,1635.97,1639.18,1635.97,1639.18,5407.85,8854478.0214
1698007500000,2023-10-22T20:45:00+00:00,1639.18,1639.77,1637.28,1639.39,4136.25,6777724.5161
1698008400000,2023-10-22T21:00:00+00:00,1639.39,1641.29,1637.1,1637.1,3813.64,6255566.1101
1698009300000,2023-10-22T21:15:00+00:00,1637.1,1637.41,1633.81,1635.99,4315.1,7056914.1956
1698010200000,2023-10-22T21:30:00+00:00,1635.99,1639.28,1635.27,1636.61,6258.18,10244654.2608
1698011100000,2023-10-22T21:45:00+00:00,1636.61,1636.61,1634.06,1635.08,7272.08,11897613.4082
1698012000000,2023-10-22T22:00:00+00:00,1635.08,1637.33,1633.13,1637.31,4082.93,6677158.6692
1698012900000,2023-10-22T22:15:00+00:00,1637.31,1640.87,1637.31,1639.07,2262.14,3707586.1869
1698013800000,2023-10-22T22:30:00+00:00,1639.07,1660,1638.22,1655.2,18335.6,30280154.134
1698014700000,2023-10-22T22:45:00+00:00,1655.2,1667.44,1652.19,1665.97,15418.28,25587156.2079
1698015600000,2023-10-22T23:00:00+00:00,1665.97,1667.33,1658.62,1665.03,12228.97,20344665.1529
1698016500000,2023-10-22T23:15:00+00:00,1665.03,1665.03,1657.6,1660.67,7881.54,13081528.395
1698017400000,2023-10-22T23:30:00+00:00,1660.67,1663.31,1658.59,1663.3,7764.84,12897349.7667
1698018300000,2023-10-22T23:45:00+00:00,1663.3,1664.29,1659.82,1662.99,6732.22,11190620.3695
1698019200000,2023-10-23T00:00:00+00:00,1662.99,1668.62,1661.51,1665.31,9699.25,16150151.7291
1698020100000,2023-10-23T00:15:00+00:00,1665.31,1665.79,1656.24,1659.8,9780.72,16243019.02
1698021000000,2023-10-23T00:30:00+00:00,1659.8,1665.5,1659.51,1665.37,8967.92,14910161.3282
1698021900000,2023-10-23T00:45:00+00:00,1665.37,1676.45,1664.1,1672.33,21828.01,36476549.7369
1698022800000,2023-10-23T01:00:00+00:00,1672.33,1677.33,1669.75,1675.22,10957.42,18331370.2181
1698023700000,2023-10-23T01:15:00+00:00,1675.22,1685.71,1674.05,1682.33,23169.15,38925837.0584
1698024600000,2023-10-23T01:30:00+00:00,1682.33,1688.93,1673.51,1675.01,21106.27,35461433.1878
1698025500000,2023-10-23T01:45:00+00:00,1675.01,1676.56,1670.54,1675.55,9582.98,16040206.0711
1698026400000,2023-10-23T02:00:00+00:00,1675.55,1677.32,1670.36,1672.82,5665.17,9478062.652
1698027300000,2023-10-23T02:15:00+00:00,1672.82,1676.13,1672.82,1674.53,4209.88,7048915.2807
1698028200000,2023-10-23T02:30:00+00:00,1674.53,1679.45,1673.42,1676.96,5903.94,9902720.8396
1698029100000,2023-10-23T02:45:00+00:00,1676.96,1680.14,1675.9,1678.78,4806.49,8069560.2958
1698030000000,2023-10-23T03:00:00+00:00,1678.78,1681.5,1676.66,1676.78,5300.33,8899634.4337
1698030900000,2023-10-23T03:15:00+00:00,1676.78,1692.47,1676.77,1691.04,19767.77,33328945.5893
1698031800000,2023-10-23T03:30:00+00:00,1691.04,1693.84,1684.78,1693.19,15264.19,25765456.347
1698032700000,2023-10-23T03:45:00+00:00,1693.19,1702,1690.96,1693.89,24849.58,42137848.3968
1698033600000,2023-10-23T04:00:00+00:00,1693.89,1697.82,1689.27,1690.76,11767.88,19923243.732
1698034500000,2023-10-23T04:15:00+00:00,1690.76,1693.72,1689.67,1691.27,5602.56,9475675.5328
1698035400000,2023-10-23T04:30:00+00:00,1691.27,1694,1690.13,1691.07,5162.44,8737390.2918
1698036300000,2023-10-23T04:45:00+00:00,1691.07,1696.21,1690.25,1694.01,5109.43,8652873.9431
1698037200000,2023-10-23T05:00:00+00:00,1694.01,1695.87,1689.33,1695.31,5987.88,10135812.063
1698038100000,2023-10-23T05:15:00+00:00,1695.31,1698.92,1693.02,1697.21,11356.85,19259479.7391
1698039000000,2023-10-23T05:30:00+00:00,1697.21,1705.46,1693.29,1693.31,20264.69,34455941.15
1698039900000,2023-10-23T05:45:00+00:00,1693.31,1696.21,1691.11,1692.38,8406.56,14238642.2485
1698040800000,2023-10-23T06:00:00+00:00,1692.38,1699.46,1692.26,1694.11,7131.66,12091089.194
1698041700000,2023-10-23T06:15:00+00:00,1694.11,1695.15,1686.34,1689.48,10717.65,18111880.4361
1698042600000,2023-10-23T06:30:00+00:00,1689.48,1690,1686.5,1688.4,4920.57,8307268.0897
1698043500000,2023-10-23T06:45:00+00:00,1688.4,1689.2,1682.2,1682.21,8779.14,14798243.6919
1698044400000,2023-10-23T07:00:00+00:00,1682.21,1684.36,1680.56,1682.91,8437.67,14193594.041
1698045300000,2023-10-23T07:15:00+00:00,1682.91,1686.54,1682.91,1685.51,5704.39,9613302.2268
1698046200000,2023-10-23T07:30:00+00:00,1685.51,1686.86,1684.62,1684.99,5129.72,8648738.7764
1698047100000,2023-10-23T07:45:00+00:00,1684.99,1685.75,1670.56,1675.68,12311.75,20641355.6749
1698048000000,2023-10-23T08:00:00+00:00,1675.68,1678.59,1673.81,1678,6981.42,11706592.1048
1698048900000,2023-10-23T08:15:00+00:00,1678,1678.95,1674.16,1678.54,4159.19,6974160.026
1698049800000,2023-10-23T08:30:00+00:00,1678.54,1679.97,1676.49,1677.47,4031.32,6765509.123
1698050700000,2023-10-23T08:45:00+00:00,1677.47,1683.8,1677.05,1682.44,6313.29,10613732.9478
1698051600000,2023-10-23T09:00:00+00:00,1682.44,1682.44,1676.44,1677.04,4564.85,7664233.6224
1698052500000,2023-10-23T09:15:00+00:00,1677.04,1678.01,1670.78,1671.88,7637.41,12788387.879
1698053400000,2023-10-23T09:30:00+00:00,1671.88,1673.28,1666,1668.04,12074.1,20149527.3479
1698054300000,2023-10-23T09:45:00+00:00,1668.04,1670.78,1661.11,1670.07,11620.15,19357088.7348
1698055200000,2023-10-23T10:00:00+00:00,1670.07,1673.33,1669.39,1672.09,5300.35,8857986.8456
1698056100000,2023-10-23T10:15:00+00:00,1672.09,1674.09,1672.07,1673.32,3982.53,6664241.5671
1698057000000,2023-10-23T10:30:00+00:00,1673.32,1674.8,1671.5,1673.45,4549.82,7611769.5935
1698057900000,2023-10-23T10:45:00+00:00,1673.45,1674.24,1671.81,1671.83,3481.77,5825170.1497
1698058800000,2023-10-23T11:00:00+00:00,1671.83,1674.63,1671.82,1672.69,3985.98,6669136.3447
1698059700000,2023-10-23T11:15:00+00:00,1672.69,1675.16,1672.4,1674.13,6839.32,11451027.6015
1698060600000,2023-10-23T11:30:00+00:00,1674.13,1679.59,1673,1679.53,4933.92,8270237.9237
1698061500000,2023-10-23T11:45:00+00:00,1679.53,1680.23,1675.5,1675.9,5025.23,8427939.055
1698062400000,2023-10-23T12:00:00+00:00,1675.9,1676.95,1673.77,1674.75,3088.13,5173236.3734
1698063300000,2023-10-23T12:15:00+00:00,1674.75,1679.34,1674.13,1677.9,5729.98,9611600.3057
1698064200000,2023-10-23T12:30:00+00:00,1677.9,1678.18,1674.08,1674.15,5443.49,9119651.1519
1698065100000,2023-10-23T12:45:00+00:00,1674.15,1677.33,1673.91,1676.11,4294.8,7196352.8709
1698066000000,2023-10-23T13:00:00+00:00,1676.11,1678.81,1674.54,1677.3,4151.27,6960945.1972
1698066900000,2023-10-23T13:15:00+00:00,1677.3,1677.31,1668.38,1670,9980.86,16681697.2125
1698067800000,2023-10-23T13:30:00+00:00,1670,1670.11,1662.25,1666.75,14182.43,23626289.6709
1698068700000,2023-10-23T13:45:00+00:00,1666.75,1670.95,1664.94,1668.94,7338.47,12245413.478
1698069600000,2023-10-23T14:00:00+00:00,1668.94,1675.9,1668.29,1675.78,7435.55,12439917.6354
1698070500000,2023-10-23T14:15:00+00:00,1675.78,1678.47,1674.71,1676.7,8610.12,14434799.5085
1698071400000,2023-10-23T14:30:00+00:00,1676.7,1681.54,1673.26,1678.6,10061.11,16873748.8703
1698072300000,2023-10-23T14:45:00+00:00,1678.6,1682.7,1674.74,1677.14,12690.26,21307715.3003
1698073200000,2023-10-23T15:00:00+00:00,1677.14,1682.8,1676.55,1681.42,6881.93,11558407.7258
1698074100000,2023-10-23T15:15:00+00:00,1681.42,1682.27,1675.87,1679.82,5082.15,8530480.6283
1698075000000,2023-10-23T15:30:00+00:00,1679.82,1680.91,1676.96,1677.48,4245.97,7126321.1623
1698075900000,2023-10-23T15:45:00+00:00,1677.48,1683.3,1675.11,1675.38,6846.1,11489862.863
1698076800000,2023-10-23T16:00:00+00:00,1675.38,1679.4,1673.11,1675.56,8019.38,13445912.7852
1698077700000,2023-10-23T16:15:00+00:00,1675.56,1679.35,1669.81,1670.04,7376.69,12354861.482
1698078600000,2023-10-23T16:30:00+00:00,1670.04,1682.41,1669.79,1680.16,11163.18,18721308.3359
1698079500000,2023-10-23T16:45:00+00:00,1680.16,1692.34,1676.72,1689.11,17215.59,29022436.3631
1698080400000,2023-10-23T17:00:00+00:00,1689.11,1693.45,1681.5,1690.32,10568.95,17839430.329
1698081300000,2023-10-23T17:15:00+00:00,1690.32,1690.32,1675.69,1678.38,11307.37,19022676.7559
1698082200000,2023-10-23T17:30:00+00:00,1678.38,1685.71,1676.29,1685.12,6426.32,10808846.9236
1698083100000,2023-10-23T17:45:00+00:00,1685.12,1688.31,1684.2,1684.73,5503.13,9281269.7999
1698084000000,2023-10-23T18:00:00+00:00,1684.73,1695.34,1684.73,1695.3,8001.26,13531555.6839
1698084900000,2023-10-23T18:15:00+00:00,1695.3,1695.86,1688.6,1689.04,7492.24,12669906.8177
1698085800000,2023-10-23T18:30:00+00:00,1689.04,1692.83,1680,1686.85,6644.15,11219831.6988
1698086700000,2023-10-23T18:45:00+00:00,1686.85,1701.12,1683.26,1700.31,11865.34,20106022.9732
1698087600000,2023-10-23T19:00:00+00:00,1700.31,1712.22,1700.17,1712.22,18937.68,32329346.08
1698088500000,2023-10-23T19:15:00+00:00,1712.22,1712.22,1695.88,1696.8,10703.02,18221486.1571
1698089400000,2023-10-23T19:30:00+00:00,1696.8,1703.12,1692.92,1701.75,9412.62,15978116.3096
1698090300000,2023-10-23T19:45:00+00:00,1701.75,1710.15,1700.93,1707.52,9445.22,16109037.0382
1698091200000,2023-10-23T20:00:00+00:00,1707.52,1711.43,1705.33,1708.17,11888.06,20298933.9007
1698092100000,2023-10-23T20:15:00+00:00,1708.17,1716.16,1707.01,1710.14,14308.53,24485778.212
1698093000000,2023-10-23T20:30:00+00:00,1710.14,1722.51,1710.06,1715.04,10792.12,18531854.5197
1698093900000,2023-10-23T20:45:00+00:00,1715.04,1716.72,1704.94,1707.15,6186.44,10573179.9769
1698094800000,2023-10-23T21:00:00+00:00,1707.15,1712.12,1703.46,1705.84,4207.28,7189612.9491
1698095700000,2023-10-23T21:15:00+00:00,1705.84,1709.63,1702.42,1707.61,4252.07,7256072.8086
1698096600000,2023-10-23T21:30:00+00:00,1707.61,1723.46,1707.34,1723.25,7655.64,13138602.1112
1698097500000,2023-10-23T21:45:00+00:00,1723.25,1724.04,1714.29,1715.83,4963.6,8532589.6867
1698098400000,2023-10-23T22:00:00+00:00,1715.83,1723.53,1713.97,1721.63,5450.96,9367263.1337
1698099300000,2023-10-23T22:15:00+00:00,1721.63,1734.24,1719.4,1732.72,21387.17,36921372.9343
1698100200000,2023-10-23T22:30:00+00:00,1732.72,1783.5,1726.64,1750.19,50281.14,88120380.2757
1698101100000,2023-10-23T22:45:00+00:00,1750.19,1791.65,1744.92,1785.51,36770.35,65038749.5144
1698102000000,2023-10-23T23:00:00+00:00,1785.51,1802.6,1747.84,1759.48,30911.83,54891449.8305
1698102900000,2023-10-23T23:15:00+00:00,1759.48,1771.32,1757.46,1763.85,15879.46,28016266.5375
1698103800000,2023-10-23T23:30:00+00:00,1763.85,1768.22,1752.69,1760.52,11793.26,20747334.5303
1698104700000,2023-10-23T23:45:00+00:00,1760.52,1767.18,1759.06,1765.92,5697.71,10045574.3174
1698105600000,2023-10-24T00:00:00+00:00,1765.92,1768.18,1757.64,1763.44,6154.28,10850661.3179
1698106500000,2023-10-24T00:15:00+00:00,1763.44,1775,1759.63,1774.11,6765.65,11973875.5215
1698107400000,2023-10-24T00:30:00+00:00,1774.11,1778.32,1770.67,1773.91,9426.74,16729249.9192
1698108300000,2023-10-24T00:45:00+00:00,1773.91,1785.45,1773,1775.77,9352.05,16657746.4007
1698109200000,2023-10-24T01:00:00+00:00,1775.77,1785.88,1771.21,1772.04,10072.69,17903941.7443
1698110100000,2023-10-24T01:15:00+00:00,1772.04,1778.32,1769.39,1771,9780.88,17345805.7733
1698111000000,2023-10-24T01:30:00+00:00,1771,1773.49,1765.21,1773.06,9383.84,16606549.299
1698111900000,2023-10-24T01:45:00+00:00,1773.06,1782.99,1772,1782.72,7491.35,13305681.1197
1698112800000,2023-10-24T02:00:00+00:00,1782.72,1801,1779.25,1792.09,16450.78,29447697.1253
1698113700000,2023-10-24T02:15:00+00:00,1792.09,1824.09,1791.46,1807.46,24055.01,43575513.0888
1698114600000,2023-10-24T02:30:00+00:00,1807.46,1834,1801.45,1832.71,20015.27,36350790.4039
1698115500000,2023-10-24T02:45:00+00:00,1832.71,1849.45,1828.81,1833.63,28970.94,53275168.1045
1698116400000,2023-10-24T03:00:00+00:00,1833.63,1838.48,1824.72,1832.43,11453.22,20980753.8271
1698117300000,2023-10-24T03:15:00+00:00,1832.43,1833.14,1822.55,1824.53,7171.48,13101556.8706
1698118200000,2023-10-24T03:30:00+00:00,1824.53,1826.97,1816.25,1820.46,8681.65,15810555.0027
1698119100000,2023-10-24T03:45:00+00:00,1820.46,1823.63,1807.39,1808.32,7801.53,14177720.3505
1698120000000,2023-10-24T04:00:00+00:00,1808.32,1817.78,1807.88,1815.79,7588.81,13768085.2829
1698120900000,2023-10-24T04:15:00+00:00,1815.79,1823.19,1815.79,1820.47,7790.53,14175626.6204
1698121800000,2023-10-24T04:30:00+00:00,1820.47,1821.54,1814.01,1814.11,6053.48,10997723.6036
1698122700000,2023-10-24T04:45:00+00:00,1814.11,1822.35,1812.95,1820.29,12914.83,23463707.6649
1698123600000,2023-10-24T05:00:00+00:00,1820.29,1828.98,1820.26,1827.95,10229.38,18667943.8809
1698124500000,2023-10-24T05:15:00+00:00,1827.95,1837.1,1825,1835.87,13494.97,24702632.8921
1698125400000,2023-10-24T05:30:00+00:00,1835.87,1836.13,1822.74,1824.44,7566.68,13837261.7726
1698126300000,2023-10-24T05:45:00+00:00,1824.44,1825.16,1805,1813.36,19555.9,35465235.9148
1698127200000,2023-10-24T06:00:00+00:00,1813.36,1818.35,1812.43,1814.66,8986.4,16320450.3148
1698128100000,2023-10-24T06:15:00+00:00,1814.66,1816.88,1804.52,1806.64,9983.26,18074422.9983
1698129000000,2023-10-24T06:30:00+00:00,1806.64,1813.69,1805.26,1809.4,5941.4,10753617.9615
1698129900000,2023-10-24T06:45:00+00:00,1809.4,1815.44,1807.24,1812.2,5372.26,9735517.9607
1698130800000,2023-10-24T07:00:00+00:00,1812.2,1814.92,1804.96,1808.83,6408.49,11598038.375
1698131700000,2023-10-24T07:15:00+00:00,1808.83,1814.27,1800.7,1801.87,14590.54,26361279.883
1698132600000,2023-10-24T07:30:00+00:00,1801.87,1806.8,1800.36,1806.7,7362.84,13279102.7225
1698133500000,2023-10-24T07:45:00+00:00,1806.7,1810.28,1805.64,1809.28,4921.92,8899670.4973
1698134400000,2023-10-24T08:00:00+00:00,1809.28,1814,1806.22,1813.99,5586.35,10116355.2071
1698135300000,2023-10-24T08:15:00+00:00,1813.99,1816.27,1809.51,1814.85,5621.31,10194703.9227
1698136200000,2023-10-24T08:30:00+00:00,1814.85,1818.25,1812.67,1817.14,5002.15,9083767.5246
1698137100000,2023-10-24T08:45:00+00:00,1817.14,1819.32,1815.71,1818.22,4472.85,8126667.5164
1698138000000,2023-10-24T09:00:00+00:00,1818.22,1823.05,1813.18,1822.46,6588.82,11978849.0353
1698138900000,2023-10-24T09:15:00+00:00,1822.46,1823.44,1816.88,1821.16,5574.68,10149175.6231
1698139800000,2023-10-24T09:30:00+00:00,1821.16,1837.45,1819.2,1831.1,10898.07,19918660.9079
1698140700000,2023-10-24T09:45:00+00:00,1831.1,1836.84,1823.13,1825.39,12791.6,23411053.0347
1698141600000,2023-10-24T10:00:00+00:00,1825.39,1830.03,1823.58,1825.61,6899.35,12601252.671
1698142500000,2023-10-24T10:15:00+00:00,1825.61,1829.05,1823.01,1826.91,3263.04,5953754.9083
1698143400000,2023-10-24T10:30:00+00:00,1826.91,1828.78,1824.05,1827.1,6994.04,12775652.8072
1698144300000,2023-10-24T10:45:00+00:00,1827.1,1830.34,1825.52,1828.67,4882.11,8926769.5283
1698145200000,2023-10-24T11:00:00+00:00,1828.67,1834.23,1825.85,1832.98,5723.01,10469661.8812
1698146100000,2023-10-24T11:15:00+00:00,1832.98,1843,1826.19,1832.64,11483.95,21068499.8324
1698147000000,2023-10-24T11:30:00+00:00,1832.64,1842.21,1828.44,1828.61,6464.31,11851477.6151
1698147900000,2023-10-24T11:45:00+00:00,1828.61,1845.35,1826.35,1845.35,9546.53,17555327.7288
1698148800000,2023-10-24T12:00:00+00:00,1845.35,1854,1837.41,1840.23,16638.08,30719141.3771
1698149700000,2023-10-24T12:15:00+00:00,1840.23,1842.87,1836.64,1838.65,9704.51,17847758.129
1698150600000,2023-10-24T12:30:00+00:00,1838.65,1854.27,1838.6,1851.26,11050.06,20422724.0221
1698151500000,2023-10-24T12:45:00+00:00,1851.26,1852,1838.41,1840.36,8434.92,15564430.8237
1698152400000,2023-10-24T13:00:00+00:00,1840.36,1841.39,1820.55,1826.46,25565.52,46771183.8985
1698153300000,2023-10-24T13:15:00+00:00,1826.46,1828.36,1820.8,1827.1,5095.65,9304154.9869
1698154200000,2023-10-24T13:30:00+00:00,1827.1,1831.23,1821.26,1828.86,7422.44,13562233.3038
1698155100000,2023-10-24T13:45:00+00:00,1828.86,1829.82,1815.11,1829.44,10529.78,19197890.5305
1698156000000,2023-10-24T14:00:00+00:00,1829.44,1829.48,1820.8,1821.7,9040.87,16506432.3867
1698156900000,2023-10-24T14:15:00+00:00,1821.7,1823.99,1806.82,1815.99,14808.03,26846410.2601
1698157800000,2023-10-24T14:30:00+00:00,1815.99,1818.26,1812.66,1817.34,6141.84,11150818.9597
1698158700000,2023-10-24T14:45:00+00:00,1817.34,1822.4,1817.34,1821.72,5014.06,9130239.3251
1698159600000,2023-10-24T15:00:00+00:00,1821.72,1828.49,1818.69,1819.26,7338.51,13382152.3684
1698160500000,2023-10-24T15:15:00+00:00,1819.26,1821.4,1787.42,1787.78,40621.97,73180351.7195
1698161400000,2023-10-24T15:30:00+00:00,1787.78,1789.27,1761.64,1766.19,72095.8,127899326.2024
1698162300000,2023-10-24T15:45:00+00:00,1766.19,1783.85,1765.66,1777.03,22092.74,39267088.6769
1698163200000,2023-10-24T16:00:00+00:00,1777.03,1788.7,1767.14,1784.53,19546.75,34750751.5765
1698164100000,2023-10-24T16:15:00+00:00,1784.53,1788.35,1777.66,1779.98,8346.24,14877869.7158
1698165000000,2023-10-24T16:30:00+00:00,1779.98,1799.49,1779.22,1789.07,17540.27,31417526.4801
1698165900000,2023-10-24T16:45:00+00:00,1789.07,1789.82,1780.12,1781.63,13427.11,23967988.9857
1698166800000,2023-10-24T17:00:00+00:00,1781.63,1787.63,1777.78,1780.59,8739.01,15582083.3535
1698167700000,2023-10-24T17:15:00+00:00,1780.59,1788.56,1777.75,1788.2,8470.09,15094002.3277
1698168600000,2023-10-24T17:30:00+00:00,1788.2,1788.2,1779.73,1779.85,4092.18,7293704.054
1698169500000,2023-10-24T17:45:00+00:00,1779.85,1781.2,1774.82,1775.58,6786.48,12068719.8512
1698170400000,2023-10-24T18:00:00+00:00,1775.58,1776.41,1766.6,1769.45,13160.97,23292511.379
1698171300000,2023-10-24T18:15:00+00:00,1769.45,1769.81,1754.88,1761.8,20949.82,36892634.7761
1698172200000,2023-10-24T18:30:00+00:00,1761.8,1773.27,1759.79,1773.27,12526.34,22130497.4456
1698173100000,2023-10-24T18:45:00+00:00,1773.27,1777.97,1772.55,1776.41,14833.86,26337287.563
1698174000000,2023-10-24T19:00:00+00:00,1776.41,1780.24,1772.21,1775.98,10711.96,19016444.7585
1698174900000,2023-10-24T19:15:00+00:00,1775.98,1778.22,1770.89,1778.22,4198.89,7452522.9844
1698175800000,2023-10-24T19:30:00+00:00,1778.22,1780.78,1774.81,1777.25,8144.8,14481782.2478
1698176700000,2023-10-24T19:45:00+00:00,1777.25,1780.63,1774.18,1776.32,4352.57,7734826.5722
1698177600000,2023-10-24T20:00:00+00:00,1776.32,1781.41,1772.66,1779.31,4941.81,8783699.9399
1698178500000,2023-10-24T20:15:00+00:00,1779.31,1783.77,1776.21,1781.96,7055.55,12560972.7682
1698179400000,2023-10-24T20:30:00+00:00,1781.96,1781.97,1773.14,1773.14,6716.06,11935965.3254
1698180300000,2023-10-24T20:45:00+00:00,1773.14,1776.3,1768.14,1770.67,11208.11,19868019.6285
1698181200000,2023-10-24T21:00:00+00:00,1770.67,1775.28,1763.24,1770.12,8931.81,15790305.7613
1698182100000,2023-10-24T21:15:00+00:00,1770.12,1775.89,1769.42,1775.66,5431.21,9631470.6723
1698183000000,2023-10-24T21:30:00+00:00,1775.66,1776.38,1768.59,1771.5,7058.93,12511922.8083
1698183900000,2023-10-24T21:45:00+00:00,1771.5,1790.94,1767.01,1786.4,14742.5,26223269.9411
1698184800000,2023-10-24T22:00:00+00:00,1786.4,1790.34,1777.64,1786.09,10481.44,18699279.0155
1698185700000,2023-10-24T22:15:00+00:00,1786.09,1789.91,1781.3,1785.1,5200.07,9286403.0476
1698186600000,2023-10-24T22:30:00+00:00,1785.1,1788.95,1782.28,1787.21,3324.32,5939317.9052
1698187500000,2023-10-24T22:45:00+00:00,1787.21,1793.17,1785,1792.75,4963.48,8881345.346
1698188400000,2023-10-24T23:00:00+00:00,1792.75,1795.5,1790.3,1790.98,5682.8,10189266.6699
1698189300000,2023-10-24T23:15:00+00:00,1790.98,1791.33,1782.45,1783.45,11489.36,20523231.4429
1698190200000,2023-10-24T23:30:00+00:00,1783.45,1783.86,1778.7,1781.71,11340.86,20205950.2522
1698191100000,2023-10-24T23:45:00+00:00,1781.71,1783.97,1780.09,1783.82,6649.37,11851218.6166
1698192000000,2023-10-25T00:00:00+00:00,1783.82,1784.92,1779.99,1780.26,4334.55,7728619.0498
1698192900000,2023-10-25T00:15:00+00:00,1780.26,1788.52,1779.03,1779.33,8225.82,14674083.8918
1698193800000,2023-10-25T00:30:00+00:00,1779.33,1783.38,1776.04,1782.42,4395.25,7822034.2553
1698194700000,2023-10-25T00:45:00+00:00,1782.42,1793.92,1781.64,1792,7648.84,13684288.5691
1698195600000,2023-10-25T01:00:00+00:00,1792,1797.38,1790.79,1796.69,5804.48,10418579.9037
1698196500000,2023-10-25T01:15:00+00:00,1796.69,1803.23,1791.65,1802.93,8861.11,15917907.1519
1698197400000,2023-10-25T01:30:00+00:00,1802.93,1805.99,1799.5,1805.77,8726.62,15732995.1887
1698198300000,2023-10-25T01:45:00+00:00,1805.77,1805.77,1798.07,1799.69,9153.2,16481783.0403
1698199200000,2023-10-25T02:00:00+00:00,1799.69,1801.81,1793.75,1793.8,7028.11,12629188.7735
1698200100000,2023-10-25T02:15:00+00:00,1793.8,1794.45,1787.1,1789.24,4721.15,8454960.7202
1698201000000,2023-10-25T02:30:00+00:00,1789.24,1793.31,1788.57,1788.75,3462.61,6201119.0953
1698201900000,2023-10-25T02:45:00+00:00,1788.75,1794.41,1788.57,1792.2,3191.38,5720205.8568
1698202800000,2023-10-25T03:00:00+00:00,1792.2,1793.63,1787.15,1792.04,4664.09,8353469.0798
1698203700000,2023-10-25T03:15:00+00:00,1792.04,1793.63,1785.32,1786.77,5559.27,9943500.185
1698204600000,2023-10-25T03:30:00+00:00,1786.77,1790.49,1786,1787.51,8554.94,15295653.0882
1698205500000,2023-10-25T03:45:00+00:00,1787.51,1789.46,1783.59,1787.66,7617.56,13612047.8857
1698206400000,2023-10-25T04:00:00+00:00,1787.66,1789.66,1785.45,1787.13,6547.4,11705858.6156
1698207300000,2023-10-25T04:15:00+00:00,1787.13,1790.49,1784.03,1790.44,6362.78,11369491.0074
1698208200000,2023-10-25T04:30:00+00:00,1790.44,1791.23,1786.45,1786.47,6357.49,11374650.6112
1698209100000,2023-10-25T04:45:00+00:00,1786.47,1794.34,1786.47,1794.11,6544.8,11729138.361
1698210000000,2023-10-25T05:00:00+00:00,1794.11,1794.69,1790.54,1791.22,5544.17,9934298.3919
1698210900000,2023-10-25T05:15:00+00:00,1791.22,1791.99,1781.53,1784.86,10579.77,18893732.5524
1698211800000,2023-10-25T05:30:00+00:00,1784.86,1786.6,1779.17,1779.78,10940.39,19505541.8388
1698212700000,2023-10-25T05:45:00+00:00,1779.78,1782.71,1777.69,1782,5366.3,9556085.1106
1698213600000,2023-10-25T06:00:00+00:00,1782,1785.6,1781.9,1785.53,6208.67,11075148.1486
1698214500000,2023-10-25T06:15:00+00:00,1785.53,1788.88,1785.52,1787.79,4624.63,8265819.1043
1698215400000,2023-10-25T06:30:00+00:00,1787.79,1789.43,1787,1788.07,4401.91,7871088.8693
1698216300000,2023-10-25T06:45:00+00:00,1788.07,1789.3,1786.7,1787.24,2992.19,5349760.0358
1698217200000,2023-10-25T07:00:00+00:00,1787.24,1789.92,1784.76,1785.88,6716.52,12001659.2347
1698218100000,2023-10-25T07:15:00+00:00,1785.88,1786.48,1771.43,1771.43,13231.09,23525084.2129
1698219000000,2023-10-25T07:30:00+00:00,1771.43,1774.99,1765.43,1767.79,12773.82,22620834.6747
1698219900000,2023-10-25T07:45:00+00:00,1767.79,1769.16,1760,1768.31,19580.82,34559918.4944
1698220800000,2023-10-25T08:00:00+00:00,1768.31,1771.5,1759.19,1761.36,12368.95,21832041.3322
1698221700000,2023-10-25T08:15:00+00:00,1761.36,1769.47,1759.68,1768.3,6627.91,11708182.9722
1698222600000,2023-10-25T08:30:00+00:00,1768.3,1774.5,1768.3,1772.46,5017.39,8891076.7038
1698223500000,2023-10-25T08:45:00+00:00,1772.46,1773.69,1768.54,1771.94,5797.17,10266454.6315
1698224400000,2023-10-25T09:00:00+00:00,1771.94,1777.9,1769,1777.77,7754.87,13757555.6387
1698225300000,2023-10-25T09:15:00+00:00,1777.77,1783.2,1773.86,1781.55,10236.36,18195799.9395
1698226200000,2023-10-25T09:30:00+00:00,1781.55,1786.45,1777.74,1781.15,9977.47,17770883.3525
1698227100000,2023-10-25T09:45:00+00:00,1781.15,1781.15,1775.98,1777.38,10128.4,18008441.6925
1698228000000,2023-10-25T10:00:00+00:00,1777.38,1777.74,1774.98,1775.61,6461.57,11476834.6194
1698228900000,2023-10-25T10:15:00+00:00,1775.61,1779.34,1774.49,1778.8,8326.61,14798125.2002
1698229800000,2023-10-25T10:30:00+00:00,1778.8,1782.17,1777.26,1781.05,8208.38,14603546.9723
1698230700000,2023-10-25T10:45:00+00:00,1781.05,1783.14,1779.69,1781.6,8332.88,14844325.101
1698231600000,2023-10-25T11:00:00+00:00,1781.6,1787.92,1779.16,1786.48,7248.95,12928494.8366
1698232500000,2023-10-25T11:15:00+00:00,1786.48,1792.46,1780.88,1784.06,8907.68,15912382.4869
1698233400000,2023-10-25T11:30:00+00:00,1784.06,1786.18,1781.72,1782,5643.31,10064569.278
1698234300000,2023-10-25T11:45:00+00:00,1782,1785.22,1781.76,1785.21,3729.77,6650995.7054
1698235200000,2023-10-25T12:00:00+00:00,1785.21,1790.78,1785.21,1790.76,6652.29,11895451.6919
1698236100000,2023-10-25T12:15:00+00:00,1790.76,1792.27,1785.76,1787.15,6017.16,10761984.9201
1698237000000,2023-10-25T12:30:00+00:00,1787.15,1789.45,1783.35,1785.71,5087.24,9082824.1023
1698237900000,2023-10-25T12:45:00+00:00,1785.71,1786.82,1783.81,1785.4,4736.03,8454877.7651
1698238800000,2023-10-25T13:00:00+00:00,1785.4,1791.39,1785.02,1790.37,3771.09,6742799.8349
1698239700000,2023-10-25T13:15:00+00:00,1790.37,1797.91,1786.05,1787.36,12514.58,22435792.9688
1698240600000,2023-10-25T13:30:00+00:00,1787.36,1790.68,1778.18,1781.8,8840.15,15781779.6768
1698241500000,2023-10-25T13:45:00+00:00,1781.8,1794.14,1781.23,1792.46,8505.37,15224567.8741
1698242400000,2023-10-25T14:00:00+00:00,1792.46,1792.95,1784.66,1790.87,7771.26,13906144.3879
1698243300000,2023-10-25T14:15:00+00:00,1790.87,1801.21,1786.91,1795.58,12533.47,22500688.4195
1698244200000,2023-10-25T14:30:00+00:00,1795.58,1803.94,1793.4,1801.32,15511.64,27904808.3132
1698245100000,2023-10-25T14:45:00+00:00,1801.32,1809.31,1799.13,1805.86,15186.43,27422834.5227
1698246000000,2023-10-25T15:00:00+00:00,1805.86,1808.95,1795.01,1798.2,16088.65,28989598.2478
1698246900000,2023-10-25T15:15:00+00:00,1798.2,1802.18,1793.99,1799.88,8332.13,14979998.2114
1698247800000,2023-10-25T15:30:00+00:00,1799.88,1818.57,1799.88,1806.47,17199.29,31090599.2107
1698248700000,2023-10-25T15:45:00+00:00,1806.47,1814.86,1805.31,1805.65,7784.19,14087789.1947
1698249600000,2023-10-25T16:00:00+00:00,1805.65,1814.4,1803.24,1812.99,9162.86,16559722.6283
1698250500000,2023-10-25T16:15:00+00:00,1812.99,1814.67,1790.25,1790.25,17599.53,31705591.9669
1698251400000,2023-10-25T16:30:00+00:00,1790.25,1799.25,1782,1790.91,15800.53,28290718.8166
1698252300000,2023-10-25T16:45:00+00:00,1790.91,1793.83,1781.75,1782.41,13934.18,24932850.2091
1698253200000,2023-10-25T17:00:00+00:00,1782.41,1789.81,1778.54,1788.77,11669.87,20837369.7805
1698254100000,2023-10-25T17:15:00+00:00,1788.77,1790.41,1784.16,1787.73,6209.91,11099179.374
1698255000000,2023-10-25T17:30:00+00:00,1787.73,1792.49,1784.45,1785.45,6380.55,11411711.4162
1698255900000,2023-10-25T17:45:00+00:00,1785.45,1790.76,1785,1790.46,4061.44,7261742.4659
1698256800000,2023-10-25T18:00:00+00:00,1790.46,1792.67,1785.73,1789.04,6106.23,10930296.339
1698257700000,2023-10-25T18:15:00+00:00,1789.04,1790.53,1782.07,1784.5,6915.29,12355459.2807
1698258600000,2023-10-25T18:30:00+00:00,1784.5,1788.31,1781.47,1786.3,4901.64,8749047.8199
1698259500000,2023-10-25T18:45:00+00:00,1786.3,1791.85,1784.04,1790.03,4711.88,8431002.9276
1698260400000,2023-10-25T19:00:00+00:00,1790.03,1790.55,1785.97,1788.74,3888.96,6956102.5912
1698261300000,2023-10-25T19:15:00+00:00,1788.74,1788.74,1783.55,1787.7,7362.21,13141742.9949
1698262200000,2023-10-25T19:30:00+00:00,1787.7,1789.98,1785.06,1785.08,5203.7,9304812.2445
1698263100000,2023-10-25T19:45:00+00:00,1785.08,1791.55,1784.13,1789.29,7169.93,12822230.6835
1698264000000,2023-10-25T20:00:00+00:00,1789.29,1793.02,1785.82,1791.52,6414.53,11482029.216
1698264900000,2023-10-25T20:15:00+00:00,1791.52,1792.49,1786.65,1787.64,4112.09,7358406.6737
1698265800000,2023-10-25T20:30:00+00:00,1787.64,1792.51,1786.86,1792.51,3474.97,6221591.1856
1698266700000,2023-10-25T20:45:00+00:00,1792.51,1792.51,1784.45,1786.33,4971.11,8887620.5656
1698267600000,2023-10-25T21:00:00+00:00,1786.33,1789.9,1784.7,1786.47,6125.57,10949782.142
1698268500000,2023-10-25T21:15:00+00:00,1786.47,1791.72,1785.9,1791.13,4417.48,7903987.3552
1698269400000,2023-10-25T21:30:00+00:00,1791.13,1791.13,1781.13,1784.31,5637.94,10062194.1947
1698270300000,2023-10-25T21:45:00+00:00,1784.31,1789.31,1784.03,1788.14,6372.62,11383228.3137
1698271200000,2023-10-25T22:00:00+00:00,1788.14,1792.42,1785.67,1792.42,6174.7,11041172.185
1698272100000,2023-10-25T22:15:00+00:00,1792.42,1795.71,1790.57,1793,4057.07,7275408.7263
1698273000000,2023-10-25T22:30:00+00:00,1793,1794.69,1790.77,1793.99,3092.36,5545009.6109
1698273900000,2023-10-25T22:45:00+00:00,1793.99,1794.73,1789.24,1792.16,2541.83,4554369.1828
1698274800000,2023-10-25T23:00:00+00:00,1792.16,1792.29,1775,1781.81,9455.86,16848098.4383
1698275700000,2023-10-25T23:15:00+00:00,1781.81,1786.91,1781.07,1785.08,4995.55,8917713.0484
1698276600000,2023-10-25T23:30:00+00:00,1785.08,1787.08,1780.81,1786.67,4430.54,7906117.9622
1698277500000,2023-10-25T23:45:00+00:00,1786.67,1786.67,1783.52,1786.48,5759.6,10281910.6192
1698278400000,2023-10-26T00:00:00+00:00,1786.48,1788.28,1783.54,1786.85,3935.54,7029728.2291
1698279300000,2023-10-26T00:15:00+00:00,1786.85,1793.58,1786.01,1792.8,4228.37,7567041.8151
1698280200000,2023-10-26T00:30:00+00:00,1792.8,1795.49,1788.84,1789.71,3945.4,7065447.7338
1698281100000,2023-10-26T00:45:00+00:00,1789.71,1793.7,1778.88,1791.99,6327.62,11307651.6086
1698282000000,2023-10-26T01:00:00+00:00,1791.99,1793.67,1789.39,1789.9,4704.23,8425660.4447
1698282900000,2023-10-26T01:15:00+00:00,1789.9,1793.38,1789.47,1792.37,4460.32,7990114.6136
1698283800000,2023-10-26T01:30:00+00:00,1792.37,1797.21,1788,1788.01,6671.32,11964544.9201
1698284700000,2023-10-26T01:45:00+00:00,1788.01,1791.78,1785.72,1791.55,4687.69,8385006.6943
1698285600000,2023-10-26T02:00:00+00:00,1791.55,1792.45,1788.23,1790.13,3809.48,6823363.7412
1698286500000,2023-10-26T02:15:00+00:00,1790.13,1793.56,1789.5,1791.37,2286.7,4096208.005
1698287400000,2023-10-26T02:30:00+00:00,1791.37,1796.46,1791.13,1794.34,2477.22,4445001.5422
1698288300000,2023-10-26T02:45:00+00:00,1794.34,1795.74,1793.2,1793.48,7677.29,13778664.2128
1698289200000,2023-10-26T03:00:00+00:00,1793.48,1796.34,1793.48,1794.9,2418.07,4340057.4311
1698290100000,2023-10-26T03:15:00+00:00,1794.9,1804.73,1794.73,1804.27,9877.6,17783515.3334
1698291000000,2023-10-26T03:30:00+00:00,1804.27,1809.42,1802.22,1808.59,11903.07,21512337.7083
1698291900000,2023-10-26T03:45:00+00:00,1808.59,1816.87,1806.21,1815.9,11527.92,20878977.0539
1698292800000,2023-10-26T04:00:00+00:00,1815.9,1817.21,1808.78,1809.4,10945.36,19844207.282
1698293700000,2023-10-26T04:15:00+00:00,1809.4,1811.28,1807.22,1809.34,5283.79,9560874.6894
1698294600000,2023-10-26T04:30:00+00:00,1809.34,1809.94,1806.43,1808.12,4825.37,8725882.7677
1698295500000,2023-10-26T04:45:00+00:00,1808.12,1809.74,1806.14,1808.54,5209.78,9418656.1951
1698296400000,2023-10-26T05:00:00+00:00,1808.54,1808.54,1803.83,1806.78,7877.16,14225424.7548
1698297300000,2023-10-26T05:15:00+00:00,1806.78,1807.26,1802.05,1803.64,4682.13,8447713.5583
1698298200000,2023-10-26T05:30:00+00:00,1803.64,1805.32,1800.29,1803.34,7505.02,13533718.6197
1698299100000,2023-10-26T05:45:00+00:00,1803.34,1803.49,1797.18,1798.52,8798.53,15831256.4539
1698300000000,2023-10-26T06:00:00+00:00,1798.52,1799.4,1790.01,1795.37,11614.38,20834707.3541
1698300900000,2023-10-26T06:15:00+00:00,1795.37,1796.69,1792.45,1795.08,5686.4,10208415.9769
1698301800000,2023-10-26T06:30:00+00:00,1795.08,1801.72,1794.56,1801.14,6409.34,11531648.4009
1698302700000,2023-10-26T06:45:00+00:00,1801.14,1814.46,1799.65,1813.53,11705.84,21160471.7644
1698303600000,2023-10-26T07:00:00+00:00,1813.53,1827.16,1806.85,1826.43,26107.14,47435387.2072
1698304500000,2023-10-26T07:15:00+00:00,1826.43,1848.2,1823.04,1848.2,45415.52,83389410.7279
1698305400000,2023-10-26T07:30:00+00:00,1848.2,1859,1841,1851.64,34705.82,64168803.3485
1698306300000,2023-10-26T07:45:00+00:00,1851.64,1852.37,1844.12,1849.95,16693.68,30835970.1769
1698307200000,2023-10-26T08:00:00+00:00,1849.95,1868.21,1842.33,1845.58,34327.09,63738693.8407
1698308100000,2023-10-26T08:15:00+00:00,1845.58,1849.2,1832.43,1833.04,22702.7,41853429.2894
1698309000000,2023-10-26T08:30:00+00:00,1833.04,1844.33,1833.04,1843.06,14316.74,26335820.3183
1698309900000,2023-10-26T08:45:00+00:00,1843.06,1849.25,1842.46,1844.83,11947.79,22057833.5946
1698310800000,2023-10-26T09:00:00+00:00,1844.83,1857.41,1842.4,1846.94,16227.05,30020977.8306
1698311700000,2023-10-26T09:15:00+00:00,1846.94,1846.94,1835.14,1835.63,10033.45,18467984.3604
1698312600000,2023-10-26T09:30:00+00:00,1835.63,1843.11,1835.3,1841.96,7418.81,13652041.2651
1698313500000,2023-10-26T09:45:00+00:00,1841.96,1844.12,1839.07,1839.86,6602.38,12160376.9512
1698314400000,2023-10-26T10:00:00+00:00,1839.86,1841.32,1833.73,1841.08,9218.16,16939771.5845
1698315300000,2023-10-26T10:15:00+00:00,1841.08,1844.2,1836.33,1840.52,7952.51,14641908.3848
1698316200000,2023-10-26T10:30:00+00:00,1840.52,1842.37,1826.75,1827.42,15204.48,27871675.988
1698317100000,2023-10-26T10:45:00+00:00,1827.42,1832,1820.54,1830.99,17752.31,32446628.8187
1698318000000,2023-10-26T11:00:00+00:00,1830.99,1833.92,1830.2,1831.56,10538.69,19310996.14
1698318900000,2023-10-26T11:15:00+00:00,1831.56,1832.96,1823.82,1826.33,6214.29,11358748.771
1698319800000,2023-10-26T11:30:00+00:00,1826.33,1828.4,1810.39,1811.17,17889.9,32541822.5153
1698320700000,2023-10-26T11:45:00+00:00,1811.17,1813.96,1803.63,1812.98,25628.03,46353995.4126
1698321600000,2023-10-26T12:00:00+00:00,1812.98,1818.91,1812.06,1818.86,12994.85,23597130.7872
1698322500000,2023-10-26T12:15:00+00:00,1818.86,1819.67,1815.22,1815.86,11330.18,20585622.6691
1698323400000,2023-10-26T12:30:00+00:00,1815.86,1822.97,1814.04,1821.49,13176.23,23970562.4668
1698324300000,2023-10-26T12:45:00+00:00,1821.49,1824.34,1818.9,1821.63,7578.21,13802167.2756
1698325200000,2023-10-26T13:00:00+00:00,1821.63,1825.19,1821.06,1822.52,7535.64,13735167.3205
1698326100000,2023-10-26T13:15:00+00:00,1822.52,1824.78,1816.45,1817.01,5938.42,10805939.9816
1698327000000,2023-10-26T13:30:00+00:00,1817.01,1820.51,1810.6,1818.48,10240.5,18594428.6248
1698327900000,2023-10-26T13:45:00+00:00,1818.48,1819.29,1806.45,1806.92,10904.37,19753745.9612
1698328800000,2023-10-26T14:00:00+00:00,1806.92,1814.16,1805.71,1813.09,7256.37,13138437.9401
1698329700000,2023-10-26T14:15:00+00:00,1813.09,1814.12,1800.57,1808.6,11841.73,21378011.2705
1698330600000,2023-10-26T14:30:00+00:00,1808.6,1810,1766.03,1780.67,81512.21,145251795.5292
1698331500000,2023-10-26T14:45:00+00:00,1780.67,1788.84,1778.18,1788.68,13305.4,23739283.7524
1698332400000,2023-10-26T15:00:00+00:00,1788.68,1791.96,1781.29,1783.4,11556.9,20639523.3328
1698333300000,2023-10-26T15:15:00+00:00,1783.4,1784,1767.5,1771.4,20128.68,35740196.2595
1698334200000,2023-10-26T15:30:00+00:00,1771.4,1778.76,1766.22,1769.34,18415.38,32649794.6328
1698335100000,2023-10-26T15:45:00+00:00,1769.34,1781.11,1768.46,1777.51,11330.37,20117638.6815
1698336000000,2023-10-26T16:00:00+00:00,1777.51,1780.09,1771.45,1773.87,9583.4,17021647.0769
1698336900000,2023-10-26T16:15:00+00:00,1773.87,1778.01,1767,1773.78,13210.62,23425250.4913
1698337800000,2023-10-26T16:30:00+00:00,1773.78,1777.71,1761.33,1766.55,22354.24,39534290.1845
1698338700000,2023-10-26T16:45:00+00:00,1766.55,1771.67,1762.85,1764,14266.16,25205280.5728
1698339600000,2023-10-26T17:00:00+00:00,1764,1775.29,1762.8,1773.76,13104.21,23205556.2463
1698340500000,2023-10-26T17:15:00+00:00,1773.76,1778.47,1772.04,1777.98,8363.89,14851327.2683
1698341400000,2023-10-26T17:30:00+00:00,1777.98,1778.47,1774.05,1778.08,7172.49,12749885.0112
1698342300000,2023-10-26T17:45:00+00:00,1778.08,1784.34,1778.08,1782.95,10740.16,19131834.7606
1698343200000,2023-10-26T18:00:00+00:00,1782.95,1787.26,1782.47,1786.39,10897.31,19454423.6329
1698344100000,2023-10-26T18:15:00+00:00,1786.39,1786.78,1783.25,1784.79,3752.89,6697621.7715
1698345000000,2023-10-26T18:30:00+00:00,1784.79,1788.8,1782.7,1783.95,4449.69,7948374.9069
1698345900000,2023-10-26T18:45:00+00:00,1783.95,1785.64,1782.71,1783.12,2596.1,4630999.2891
1698346800000,2023-10-26T19:00:00+00:00,1783.12,1788,1781.04,1785.1,3783.87,6753067.7087
1698347700000,2023-10-26T19:15:00+00:00,1785.1,1791.33,1784.93,1785.16,5274.74,9429997.5917
1698348600000,2023-10-26T19:30:00+00:00,1785.16,1791.96,1784.46,1790.64,9187.63,16438769.9824
1698349500000,2023-10-26T19:45:00+00:00,1790.64,1793.98,1790.52,1792.26,7113.88,12748168.3413
1698350400000,2023-10-26T20:00:00+00:00,1792.26,1797.92,1790,1797.9,8435.06,15143838.7185
1698351300000,2023-10-26T20:15:00+00:00,1797.9,1798.07,1792.94,1797.3,7023.85,12613832.3354
1698352200000,2023-10-26T20:30:00+00:00,1797.3,1798.96,1796,1798.47,6123.01,11006449.1392
1698353100000,2023-10-26T20:45:00+00:00,1798.47,1800.22,1797.11,1797.54,6312.43,11354210.4877
1698354000000,2023-10-26T21:00:00+00:00,1797.54,1799.33,1795.58,1798.45,8233.51,14800020.2017
1698354900000,2023-10-26T21:15:00+00:00,1798.45,1798.91,1794.42,1798.57,5741.05,10313777.6784
1698355800000,2023-10-26T21:30:00+00:00,1798.57,1801.9,1796.31,1798.74,6915.47,12439618.3007
1698356700000,2023-10-26T21:45:00+00:00,1798.74,1799.69,1797.27,1799.63,5105.3,9181116.3449
1698357600000,2023-10-26T22:00:00+00:00,1799.63,1806.46,1799.25,1804.33,10756.8,19394111.7648
1698358500000,2023-10-26T22:15:00+00:00,1804.33,1805.43,1801.17,1804.43,4377.61,7894585.8104
1698359400000,2023-10-26T22:30:00+00:00,1804.43,1806.22,1802.21,1805.05,5140.46,9275754.006
1698360300000,2023-10-26T22:45:00+00:00,1805.05,1808.46,1803.44,1806.62,5419.7,9786540.0577
1698361200000,2023-10-26T23:00:00+00:00,1806.62,1809.22,1803.34,1809.22,6902.44,12465339.706
1698362100000,2023-10-26T23:15:00+00:00,1809.22,1811.25,1804.96,1805.95,10545.09,19073044.0537
1698363000000,2023-10-26T23:30:00+00:00,1805.95,1805.95,1800.16,1802.17,7948.85,14332487.6627
1698363900000,2023-10-26T23:45:00+00:00,1802.17,1803.62,1801.03,1802.79,6909.47,12454357.3221
1698364800000,2023-10-27T00:00:00+00:00,1802.79,1803.42,1799.98,1802.1,5511.47,9928513.5506
1698365700000,2023-10-27T00:15:00+00:00,1802.1,1802.39,1796.69,1801.07,6854.27,12336366.1996
1698366600000,2023-10-27T00:30:00+00:00,1801.07,1801.07,1794.4,1795.03,8860.53,15922681.7125
1698367500000,2023-10-27T00:45:00+00:00,1795.03,1797.37,1791.66,1795.18,8599.59,15426496.3384
1698368400000,2023-10-27T01:00:00+00:00,1795.18,1796.53,1787.02,1794.46,8762.06,15687910.6518
1698369300000,2023-10-27T01:15:00+00:00,1794.46,1794.46,1788.6,1789.01,5080.89,9098175.3987
1698370200000,2023-10-27T01:30:00+00:00,1789.01,1792.84,1788.24,1791.7,4885.35,8750813.9037
1698371100000,2023-10-27T01:45:00+00:00,1791.7,1791.71,1775.79,1777.51,19373.86,34517048.7382
1698372000000,2023-10-27T02:00:00+00:00,1777.51,1784.46,1772.06,1783.77,9770.8,17373094.0672
1698372900000,2023-10-27T02:15:00+00:00,1783.77,1792.44,1783.45,1791.46,18582.84,33251887.9051
1698373800000,2023-10-27T02:30:00+00:00,1791.46,1794.91,1789.76,1790.45,16953.84,30379287.5831
1698374700000,2023-10-27T02:45:00+00:00,1790.45,1793.75,1789.23,1789.41,8497.88,15223410.4846
1698375600000,2023-10-27T03:00:00+00:00,1789.41,1790.29,1784.32,1787.6,9594.71,17152234.3996
1698376500000,2023-10-27T03:15:00+00:00,1787.6,1792.6,1787.53,1788.59,4109.24,7357265.8683
1698377400000,2023-10-27T03:30:00+00:00,1788.59,1792.13,1788.33,1790.26,5879.76,10524255.8405
1698378300000,2023-10-27T03:45:00+00:00,1790.26,1791.08,1787.97,1790.37,4723.11,8454499.0188
1698379200000,2023-10-27T04:00:00+00:00,1790.37,1791.11,1788.59,1790.46,4726.66,8460725.1147
1698380100000,2023-10-27T04:15:00+00:00,1790.46,1791.1,1784.32,1785.14,9375.18,16747068.2964
1698381000000,2023-10-27T04:30:00+00:00,1785.14,1786.53,1783.74,1785.76,11267.26,20116824.6232
1698381900000,2023-10-27T04:45:00+00:00,1785.76,1796.92,1785.76,1795.28,20154.55,36130464.2169
1698382800000,2023-10-27T05:00:00+00:00,1795.28,1796.07,1791.48,1793.69,9551.54,17126370.0104
1698383700000,2023-10-27T05:15:00+00:00,1793.69,1793.77,1785.95,1788.68,4967.12,8883161.1903
1698384600000,2023-10-27T05:30:00+00:00,1788.68,1794.6,1788.68,1794.58,6056.13,10855100.7333
1698385500000,2023-10-27T05:45:00+00:00,1794.58,1794.59,1791.7,1793.52,3757.33,6737480.9249
1698386400000,2023-10-27T06:00:00+00:00,1793.52,1795.75,1792.3,1795.27,5397.17,9681687.4403
1698387300000,2023-10-27T06:15:00+00:00,1795.27,1795.3,1791.02,1792.67,6131.8,10999066.5563
1698388200000,2023-10-27T06:30:00+00:00,1792.67,1794.2,1789.8,1790.11,6450.47,11560856.4752
1698389100000,2023-10-27T06:45:00+00:00,1790.11,1795.65,1790.11,1795.34,7667.18,13752823.4743
1698390000000,2023-10-27T07:00:00+00:00,1795.34,1795.55,1791.46,1791.61,5776.56,10356767.9116
1698390900000,2023-10-27T07:15:00+00:00,1791.61,1793.98,1786.99,1787.2,5657.41,10133618.9836
1698391800000,2023-10-27T07:30:00+00:00,1787.2,1788.7,1782.44,1782.76,5983.56,10679975.7755
1698392700000,2023-10-27T07:45:00+00:00,1782.76,1783,1775.56,1776.48,9932.46,17667952.6885
1698393600000,2023-10-27T08:00:00+00:00,1776.48,1781.28,1775.81,1779.71,11579.31,20589292.1034
1698394500000,2023-10-27T08:15:00+00:00,1779.71,1783.62,1779.53,1781.48,3978.23,7088251.9987
1698395400000,2023-10-27T08:30:00+00:00,1781.48,1786,1780.13,1785.45,5035.46,8980519.8773
1698396300000,2023-10-27T08:45:00+00:00,1785.45,1787.85,1783.64,1785.45,2614.29,4668775.2538
1698397200000,2023-10-27T09:00:00+00:00,1785.45,1789.46,1785.45,1787.23,4681.39,8367881.9695
1698398100000,2023-10-27T09:15:00+00:00,1787.23,1790.84,1787.23,1790.58,5009.65,8964252.4832
1698399000000,2023-10-27T09:30:00+00:00,1790.58,1791.09,1786.19,1787.64,4158.12,7436653.7071
1698399900000,2023-10-27T09:45:00+00:00,1787.64,1789.63,1786.51,1789.26,3211.23,5742602.3913
1698400800000,2023-10-27T10:00:00+00:00,1789.26,1789.88,1784.47,1785.24,4396.12,7855962.1987
1698401700000,2023-10-27T10:15:00+00:00,1785.24,1787.1,1784.23,1785.67,3776.48,6744996.7965
1698402600000,2023-10-27T10:30:00+00:00,1785.67,1785.99,1781.97,1784.57,2906.26,5183535.3899
1698403500000,2023-10-27T10:45:00+00:00,1784.57,1786.76,1783.63,1783.75,4272.09,7625232.6055
1698404400000,2023-10-27T11:00:00+00:00,1783.75,1785,1779.4,1782.48,5337.17,9509579.5906
1698405300000,2023-10-27T11:15:00+00:00,1782.48,1783.15,1777.23,1777.93,4601.03,8188525.1042
1698406200000,2023-10-27T11:30:00+00:00,1777.93,1780.36,1774.76,1776.22,4236.62,7530841.2158
1698407100000,2023-10-27T11:45:00+00:00,1776.22,1783.53,1776.1,1781.01,3880.4,6905735.3389
1698408000000,2023-10-27T12:00:00+00:00,1781.01,1783.77,1778.14,1781.87,3513.67,6259817.6011
1698408900000,2023-10-27T12:15:00+00:00,1781.87,1787.25,1779.19,1779.49,9151.46,16333882.3245
1698409800000,2023-10-27T12:30:00+00:00,1779.49,1789.81,1778.29,1789.81,8202.79,14643268.3535
1698410700000,2023-10-27T12:45:00+00:00,1789.81,1797.12,1789.12,1792.21,10323.57,18506222.5678
1698411600000,2023-10-27T13:00:00+00:00,1792.21,1796.72,1790.51,1793.19,3852.72,6914394.4156
1698412500000,2023-10-27T13:15:00+00:00,1793.19,1794.91,1790.18,1794.24,3137.15,5624465.0235
1698413400000,2023-10-27T13:30:00+00:00,1794.24,1796.4,1790.76,1793.23,2793.74,5011282.1487
1698414300000,2023-10-27T13:45:00+00:00,1793.23,1794.32,1790.16,1791.97,3679.31,6591031.3041
1698415200000,2023-10-27T14:00:00+00:00,1791.97,1792.02,1781.4,1781.49,7320.12,13069352.8884
1698416100000,2023-10-27T14:15:00+00:00,1781.49,1782.32,1776.04,1776.39,9380.69,16687453.7882
1698417000000,2023-10-27T14:30:00+00:00,1776.39,1779.88,1769.96,1778.18,27293.3,48451041.9517
1698417900000,2023-10-27T14:45:00+00:00,1778.18,1779.68,1771.31,1773.8,6774.88,12029424.1821
1698418800000,2023-10-27T15:00:00+00:00,1773.8,1776,1770.76,1774.84,6341.11,11246818.4551
1698419700000,2023-10-27T15:15:00+00:00,1774.84,1778.93,1774.8,1778,4991.77,8869061.8319
1698420600000,2023-10-27T15:30:00+00:00,1778,1788.4,1778,1787.53,11468.43,20457136.4858
1698421500000,2023-10-27T15:45:00+00:00,1787.53,1787.53,1780.11,1782.54,7370.66,13137087.0963
1698422400000,2023-10-27T16:00:00+00:00,1782.54,1784.73,1779.07,1780.47,7482.81,13332954.1259
1698423300000,2023-10-27T16:15:00+00:00,1780.47,1781.37,1776.97,1779.95,6538.24,11632636.4561
1698424200000,2023-10-27T16:30:00+00:00,1779.95,1779.95,1774.88,1775.03,4955.68,8802724.7563
1698425100000,2023-10-27T16:45:00+00:00,1775.03,1775.8,1769.5,1770.83,8501.8,15066363.1575
1698426000000,2023-10-27T17:00:00+00:00,1770.83,1772.86,1742,1760.69,46676,82061232.7698
1698426900000,2023-10-27T17:15:00+00:00,1760.69,1765.3,1758.59,1762.64,9286.34,16365576.2161
1698427800000,2023-10-27T17:30:00+00:00,1762.64,1764.76,1759,1762.01,5244.79,9239760.0184
1698428700000,2023-10-27T17:45:00+00:00,1762.01,1764.61,1759.52,1761.01,5513.95,9714662.5868
1698429600000,2023-10-27T18:00:00+00:00,1761.01,1763.88,1757.44,1759.49,5656.98,9960301.3546
1698430500000,2023-10-27T18:15:00+00:00,1759.49,1760.96,1750.74,1751.65,9126.01,16025801.1884
1698431400000,2023-10-27T18:30:00+00:00,1751.65,1771.32,1749.62,1768.46,10123.85,17830556.7298
1698432300000,2023-10-27T18:45:00+00:00,1768.46,1769.47,1763.75,1764.99,4823.31,8518453.7977
1698433200000,2023-10-27T19:00:00+00:00,1764.99,1770.99,1764.21,1769.6,4163.73,7362108.724
1698434100000,2023-10-27T19:15:00+00:00,1769.6,1770.85,1768.18,1769.72,5018.21,8878389.8296
1698435000000,2023-10-27T19:30:00+00:00,1769.72,1774.45,1768.24,1773.12,5350.3,9478462.8986
1698435900000,2023-10-27T19:45:00+00:00,1773.12,1774.94,1772.41,1773.7,4546.78,8064322.4636
1698436800000,2023-10-27T20:00:00+00:00,1773.7,1777.03,1773.45,1776.26,5995.19,10641417.1426
1698437700000,2023-10-27T20:15:00+00:00,1776.26,1779.41,1775.46,1778.96,5028.77,8939208.2655
1698438600000,2023-10-27T20:30:00+00:00,1778.96,1782.86,1776.62,1776.71,5677.65,10108078.8346
1698439500000,2023-10-27T20:45:00+00:00,1776.71,1781.31,1776.71,1781,2612.91,4649018.4711
1698440400000,2023-10-27T21:00:00+00:00,1781,1783.35,1779.03,1780.81,3919.26,6981883.4243
1698441300000,2023-10-27T21:15:00+00:00,1780.81,1781.61,1778.49,1779.53,2963.74,5274996.0773
1698442200000,2023-10-27T21:30:00+00:00,1779.53,1782.86,1778.57,1778.64,4614.65,8213414.432
1698443100000,2023-10-27T21:45:00+00:00,1778.64,1780.39,1778.46,1780.39,3268.86,5816881.4392
1698444000000,2023-10-27T22:00:00+00:00,1780.39,1781.35,1778.22,1780.2,3426.98,6100825.3046
1698444900000,2023-10-27T22:15:00+00:00,1780.2,1780.38,1776.46,1780.38,4402.79,7831472.9909
1698445800000,2023-10-27T22:30:00+00:00,1780.38,1780.38,1775.51,1775.51,2821.73,5019307.2872
1698446700000,2023-10-27T22:45:00+00:00,1775.51,1780.1,1774.78,1776.9,4657.36,8278135.603
1698447600000,2023-10-27T23:00:00+00:00,1776.9,1780.89,1775.67,1780.57,3063.01,5446629.1792
1698448500000,2023-10-27T23:15:00+00:00,1780.57,1781.2,1779.51,1779.66,2905.5,5173420.7105
1698449400000,2023-10-27T23:30:00+00:00,1779.66,1784.52,1779,1781.91,3158.07,5625624.5185
1698450300000,2023-10-27T23:45:00+00:00,1781.91,1782.21,1779.41,1779.46,2924.21,5206408.3487
1698451200000,2023-10-28T00:00:00+00:00,1779.46,1781.17,1778.87,1780.21,2386.9,4248459.6853
1698452100000,2023-10-28T00:15:00+00:00,1780.21,1782.66,1779.92,1781.74,1788.78,3186149.6606
1698453000000,2023-10-28T00:30:00+00:00,1781.74,1784.35,1780.6,1780.92,4088.46,7287372.235
1698453900000,2023-10-28T00:45:00+00:00,1780.92,1780.97,1778.69,1779.4,3395.7,6043115.2737
1698454800000,2023-10-28T01:00:00+00:00,1779.4,1781,1778.39,1779.52,2526.28,4495659.0657
1698455700000,2023-10-28T01:15:00+00:00,1779.52,1782,1778.78,1780.43,3014.53,5366388.9079
1698456600000,2023-10-28T01:30:00+00:00,1780.43,1782.79,1779.55,1781.23,2562.07,4563373.2758
1698457500000,2023-10-28T01:45:00+00:00,1781.23,1784,1780.77,1783.37,1914.25,3413231.9515
1698458400000,2023-10-28T02:00:00+00:00,1783.37,1783.37,1781.02,1781.26,2377.82,4237320.5914
1698459300000,2023-10-28T02:15:00+00:00,1781.26,1783.48,1780.48,1782.97,1787.19,3184365.1051
1698460200000,2023-10-28T02:30:00+00:00,1782.97,1783.37,1781.86,1783.37,2609.05,4651295.3882
1698461100000,2023-10-28T02:45:00+00:00,1783.37,1794.21,1783.37,1792.21,14347.56,25684836.7414
1698462000000,2023-10-28T03:00:00+00:00,1792.21,1792.46,1787.74,1790.63,5238.19,9374853.2768
1698462900000,2023-10-28T03:15:00+00:00,1790.63,1790.63,1786.11,1786.21,3757.65,6716951.3191
1698463800000,2023-10-28T03:30:00+00:00,1786.21,1789.86,1785.46,1788.22,3285.47,5876152.2669
1698464700000,2023-10-28T03:45:00+00:00,1788.22,1790.19,1787.98,1790.14,3557.04,6363014.9675
1698465600000,2023-10-28T04:00:00+00:00,1790.14,1790.32,1787.72,1787.95,4246.86,7596077.6894
1698466500000,2023-10-28T04:15:00+00:00,1787.95,1789.25,1787.06,1788.89,2366.46,4230587.7782
1698467400000,2023-10-28T04:30:00+00:00,1788.89,1790.69,1788.72,1790.34,1732.63,3100476.9953
1698468300000,2023-10-28T04:45:00+00:00,1790.34,1791.07,1789.27,1790.21,2534.93,4537815.9544
1698469200000,2023-10-28T05:00:00+00:00,1790.21,1792.9,1789.54,1791.76,2534.46,4539553.2143
1698470100000,2023-10-28T05:15:00+00:00,1791.76,1795.95,1790.69,1791.11,5571.68,9987813.5502
1698471000000,2023-10-28T05:30:00+00:00,1791.11,1791.27,1788.51,1790.87,2426.03,4344022.0983
1698471900000,2023-10-28T05:45:00+00:00,1790.87,1791.21,1786.66,1787.33,2580.91,4615811.203
1698472800000,2023-10-28T06:00:00+00:00,1787.33,1789.19,1786.64,1789.19,2768.53,4951260.9184
1698473700000,2023-10-28T06:15:00+00:00,1789.19,1789.46,1788.01,1789.13,2309.01,4130156.9426
1698474600000,2023-10-28T06:30:00+00:00,1789.13,1789.21,1786.49,1786.86,3087.17,5518831.209
1698475500000,2023-10-28T06:45:00+00:00,1786.86,1788.27,1785.25,1786.04,4331.56,7738131.0459
1698476400000,2023-10-28T07:00:00+00:00,1786.04,1787.75,1786,1787.52,3578.74,6395457.5099
1698477300000,2023-10-28T07:15:00+00:00,1787.52,1788.71,1787.52,1788,1899.78,3397285.2345
1698478200000,2023-10-28T07:30:00+00:00,1788,1789.34,1787.83,1788.6,2760.06,4936234.889
1698479100000,2023-10-28T07:45:00+00:00,1788.6,1789.2,1786.83,1787.56,3287.34,5877506.5966
1698480000000,2023-10-28T08:00:00+00:00,1787.56,1789,1785.37,1788.27,4282.16,7654341.0673
1698480900000,2023-10-28T08:15:00+00:00,1788.27,1789.89,1787.04,1788.55,6683.16,11953619.8564
1698481800000,2023-10-28T08:30:00+00:00,1788.55,1791.19,1788.55,1790.94,5736.14,10269406.0774
1698482700000,2023-10-28T08:45:00+00:00,1790.94,1790.95,1787.17,1788.66,5272.09,9434695.7839
1698483600000,2023-10-28T09:00:00+00:00,1788.66,1789.46,1786.53,1789.32,6206.8,11101837.7073
1698484500000,2023-10-28T09:15:00+00:00,1789.32,1789.5,1786.95,1787.66,4462.62,7981375.5375
1698485400000,2023-10-28T09:30:00+00:00,1787.66,1791.46,1787.4,1791.25,3628.7,6494067.4668
1698486300000,2023-10-28T09:45:00+00:00,1791.25,1791.39,1788.7,1788.85,4269.68,7644983.399
1698487200000,2023-10-28T10:00:00+00:00,1788.85,1790.34,1788.85,1789.12,2270.99,4064498.3503
1698488100000,2023-10-28T10:15:00+00:00,1789.12,1790.33,1788.75,1790.33,4080.67,7301778.5726
1698489000000,2023-10-28T10:30:00+00:00,1790.33,1791,1788.94,1789.08,3201.15,5729444.2286
1698489900000,2023-10-28T10:45:00+00:00,1789.08,1790.99,1789.08,1790.81,4732.12,8472317.5061
1698490800000,2023-10-28T11:00:00+00:00,1790.81,1794.77,1790.65,1794.14,14906.52,26722706.6425
1698491700000,2023-10-28T11:15:00+00:00,1794.14,1803.7,1793.75,1795.69,15152.55,27244432.4025
1698492600000,2023-10-28T11:30:00+00:00,1795.69,1798.4,1786.87,1788.47,12531.41,22468264.9329
1698493500000,2023-10-28T11:45:00+00:00,1788.47,1790,1786.12,1788.19,7645.59,13673131.8465
1698494400000,2023-10-28T12:00:00+00:00,1788.19,1789.51,1785.71,1785.72,5839.22,10437207.0018
1698495300000,2023-10-28T12:15:00+00:00,1785.72,1787.72,1783,1785.89,6172.85,11021253.0751
1698496200000,2023-10-28T12:30:00+00:00,1785.89,1785.95,1783.61,1785.69,3591.63,6410035.3281
1698497100000,2023-10-28T12:45:00+00:00,1785.69,1785.69,1775.12,1780.57,10783.43,19191027.6654
1698498000000,2023-10-28T13:00:00+00:00,1780.57,1784.43,1777.96,1783.87,4122.77,7344811.6955
1698498900000,2023-10-28T13:15:00+00:00,1783.87,1785.75,1783.25,1784.31,4896.53,8738713.2172
1698499800000,2023-10-28T13:30:00+00:00,1784.31,1786.34,1784.29,1784.3,4921.99,8786242.9389
1698500700000,2023-10-28T13:45:00+00:00,1784.3,1788.71,1783.89,1788.13,5087.18,9085436.0534
1698501600000,2023-10-28T14:00:00+00:00,1788.13,1791.46,1786.16,1789.55,6559.7,11729878.0937
1698502500000,2023-10-28T14:15:00+00:00,1789.55,1789.95,1784.83,1787.17,3245.79,5802264.2981
1698503400000,2023-10-28T14:30:00+00:00,1787.17,1787.62,1785.56,1785.88,2392.3,4274343.4214
1698504300000,2023-10-28T14:45:00+00:00,1785.88,1787.23,1784.7,1786.67,2208.38,3944692.0244
1698505200000,2023-10-28T15:00:00+00:00,1786.67,1789.2,1786.53,1788.01,2234.25,3994016.9567
1698506100000,2023-10-28T15:15:00+00:00,1788.01,1790.77,1787.98,1790.67,4033.78,7216264.373
1698507000000,2023-10-28T15:30:00+00:00,1790.67,1791.69,1788.67,1790.97,4698.02,8411926.0107
1698507900000,2023-10-28T15:45:00+00:00,1790.97,1791.89,1789.44,1790.8,6382.58,11428610.799
1698508800000,2023-10-28T16:00:00+00:00,1790.8,1791.08,1786.6,1786.6,4690.95,8388042.6126
1698509700000,2023-10-28T16:15:00+00:00,1786.6,1787.01,1784.21,1786.66,3678.11,6569021.1557
1698510600000,2023-10-28T16:30:00+00:00,1786.66,1786.78,1785.22,1786.35,2585.96,4618742.3048
1698511500000,2023-10-28T16:45:00+00:00,1786.35,1788.08,1785.58,1787.7,2925.25,5226678.9061
1698512400000,2023-10-28T17:00:00+00:00,1787.7,1787.89,1785.53,1786.37,2610.05,4663210.1516
1698513300000,2023-10-28T17:15:00+00:00,1786.37,1786.45,1784.12,1786.44,2923.12,5219390.5269
1698514200000,2023-10-28T17:30:00+00:00,1786.44,1786.63,1785.01,1785.09,2104.04,3757184.6127
1698515100000,2023-10-28T17:45:00+00:00,1785.09,1785.49,1784.1,1785.09,2632.44,4698191.3602
1698516000000,2023-10-28T18:00:00+00:00,1785.09,1785.09,1781.25,1782.76,4840.4,8630883.6416
1698516900000,2023-10-28T18:15:00+00:00,1782.76,1783.47,1780.35,1781.54,6187.79,11026941.4423
1698517800000,2023-10-28T18:30:00+00:00,1781.54,1784.84,1780.73,1782.97,3803.02,6780087.6665
1698518700000,2023-10-28T18:45:00+00:00,1782.97,1785.13,1782.57,1783.88,6239.54,11130328.6204
1698519600000,2023-10-28T19:00:00+00:00,1783.88,1784.28,1782.16,1783.37,4104.16,7318224.4758
1698520500000,2023-10-28T19:15:00+00:00,1783.37,1783.79,1781.76,1782.48,4611.49,8220847.7975
1698521400000,2023-10-28T19:30:00+00:00,1782.48,1782.94,1778.73,1779.69,5792.08,10309924.5862
1698522300000,2023-10-28T19:45:00+00:00,1779.69,1779.85,1776.53,1776.77,7157.6,12727087.7329
1698523200000,2023-10-28T20:00:00+00:00,1776.77,1780.78,1776.09,1778.71,4711.09,8378559.6964
1698524100000,2023-10-28T20:15:00+00:00,1778.71,1780.51,1778.3,1778.8,3514.51,6252265.5861
1698525000000,2023-10-28T20:30:00+00:00,1778.8,1780.06,1777.31,1778.44,2071.34,3683692.1689
1698525900000,2023-10-28T20:45:00+00:00,1778.44,1779.76,1777.78,1778.98,3817.65,6792148.9862
1698526800000,2023-10-28T21:00:00+00:00,1778.98,1779.77,1777.55,1779.77,5982.85,10642281.7163
1698527700000,2023-10-28T21:15:00+00:00,1779.77,1782.22,1779.67,1781.8,2745.52,4890465.359
1698528600000,2023-10-28T21:30:00+00:00,1781.8,1783.61,1781.59,1782.58,7213.33,12855656.081
1698529500000,2023-10-28T21:45:00+00:00,1782.58,1783.26,1782.18,1783.24,4599.18,8199453.7691
1698530400000,2023-10-28T22:00:00+00:00,1783.24,1783.26,1781.72,1782.23,3796.45,6766579.522
1698531300000,2023-10-28T22:15:00+00:00,1782.23,1782.25,1778.14,1778.44,2224.56,3961128.6175
1698532200000,2023-10-28T22:30:00+00:00,1778.44,1779.13,1769.07,1778.83,6977.5,12385920.5839
1698533100000,2023-10-28T22:45:00+00:00,1778.83,1778.83,1776.29,1776.84,3325.83,5911439.9526
1698534000000,2023-10-28T23:00:00+00:00,1776.84,1776.84,1771.24,1773.65,3538.52,6277616.6548
1698534900000,2023-10-28T23:15:00+00:00,1773.65,1776.13,1773.12,1776.13,6224.28,11047249.1802
1698535800000,2023-10-28T23:30:00+00:00,1776.13,1777.35,1774.98,1776.08,6296.02,11183790.6308
1698536700000,2023-10-28T23:45:00+00:00,1776.08,1776.94,1775.59,1776.14,3579.26,6357598.1271
1698537600000,2023-10-29T00:00:00+00:00,1776.14,1777.13,1773.65,1776.33,6045.3,10736892.9967
1698538500000,2023-10-29T00:15:00+00:00,1776.33,1780.58,1775.85,1780.5,5450.22,9689330.5916
1698539400000,2023-10-29T00:30:00+00:00,1780.5,1781.84,1776.76,1781.6,4331.94,7709241.1355
1698540300000,2023-10-29T00:45:00+00:00,1781.6,1781.93,1777.29,1777.3,4825.38,8590539.4735
1698541200000,2023-10-29T01:00:00+00:00,1777.3,1778.81,1773.59,1773.7,2892.32,5140201.8777
1698542100000,2023-10-29T01:15:00+00:00,1773.7,1774.83,1761.94,1768.21,9377.03,16581513.5317
1698543000000,2023-10-29T01:30:00+00:00,1768.21,1773.72,1766.37,1773.33,6216.57,11009345.3036
1698543900000,2023-10-29T01:45:00+00:00,1773.33,1774.43,1771.86,1773.2,4307.77,7640061.3625
1698544800000,2023-10-29T02:00:00+00:00,1773.2,1774.74,1770.53,1773.57,2521.67,4471115.6462
1698545700000,2023-10-29T02:15:00+00:00,1773.57,1776.66,1773.48,1775.77,2223.75,3947055.3562
1698546600000,2023-10-29T02:30:00+00:00,1775.77,1775.83,1772.79,1775.07,2263.32,4015836.5526
1698547500000,2023-10-29T02:45:00+00:00,1775.07,1778,1774.86,1777.67,3271.45,5810573.1616
1698548400000,2023-10-29T03:00:00+00:00,1777.67,1777.68,1774.34,1775.39,4831.63,8581700.6621
1698549300000,2023-10-29T03:15:00+00:00,1775.39,1776.11,1774.5,1775.76,2932.26,5206012.7174
1698550200000,2023-10-29T03:30:00+00:00,1775.76,1776.29,1775.43,1775.85,3291.77,5845936.478
1698551100000,2023-10-29T03:45:00+00:00,1775.85,1776.31,1772.18,1774.88,6231.99,11059172.4303
1698552000000,2023-10-29T04:00:00+00:00,1774.88,1775.62,1772.61,1775.62,4185,7424177.3489
1698552900000,2023-10-29T04:15:00+00:00,1775.62,1778,1775.62,1777.86,3474.63,6173920.7036
1698553800000,2023-10-29T04:30:00+00:00,1777.86,1778.69,1776.88,1777.32,3302.53,5870876.5608
1698554700000,2023-10-29T04:45:00+00:00,1777.32,1778.74,1776.73,1776.73,3165.24,5626101.1728
1698555600000,2023-10-29T05:00:00+00:00,1776.73,1778.05,1776.34,1778.01,2327.83,4136208.7145
1698556500000,2023-10-29T05:15:00+00:00,1778.01,1778.2,1773.84,1775.74,3967.81,7044546.0168
1698557400000,2023-10-29T05:30:00+00:00,1775.74,1777.2,1775.46,1777.2,6130.6,10889565.0136
1698558300000,2023-10-29T05:45:00+00:00,1777.2,1777.47,1776.45,1776.61,2685.01,4771109.6636
1698559200000,2023-10-29T06:00:00+00:00,1776.61,1778.81,1775.4,1778.04,3726.72,6618944.0845
1698560100000,2023-10-29T06:15:00+00:00,1778.04,1779.86,1778.04,1779.55,3954.64,7034526.5177
1698561000000,2023-10-29T06:30:00+00:00,1779.55,1781.2,1779.47,1781.18,3384.65,6025880.3341
1698561900000,2023-10-29T06:45:00+00:00,1781.18,1782.63,1779.78,1779.97,3320.21,5913096.4615
1698562800000,2023-10-29T07:00:00+00:00,1779.97,1781,1779.71,1780.25,2494.09,4439845.4302
1698563700000,2023-10-29T07:15:00+00:00,1780.25,1781.91,1779.46,1781.52,4524.01,8054217.7818
1698564600000,2023-10-29T07:30:00+00:00,1781.52,1781.59,1779.56,1780.92,4335.41,7721429.0746
1698565500000,2023-10-29T07:45:00+00:00,1780.92,1783.97,1780.92,1782.85,4475.71,7979402.7685
1698566400000,2023-10-29T08:00:00+00:00,1782.85,1786.46,1782.78,1786.09,5194.31,9270714.2146
1698567300000,2023-10-29T08:15:00+00:00,1786.09,1786.47,1784.2,1784.21,5488.49,9802420.3657
1698568200000,2023-10-29T08:30:00+00:00,1784.21,1786.55,1784.18,1786.28,5147.61,9191111.225
1698569100000,2023-10-29T08:45:00+00:00,1786.28,1788.76,1785.39,1788.75,8856.5,15830612.9893
1698570000000,2023-10-29T09:00:00+00:00,1788.75,1791.02,1785.7,1786.89,8918.74,15956526.6235
1698570900000,2023-10-29T09:15:00+00:00,1786.89,1792.95,1786.34,1790.13,6098.13,10912355.1642
1698571800000,2023-10-29T09:30:00+00:00,1790.13,1791.84,1788.5,1788.92,3393.31,6073327.6023
1698572700000,2023-10-29T09:45:00+00:00,1788.92,1789.72,1787.66,1788.35,4101.53,7336504.4173
1698573600000,2023-10-29T10:00:00+00:00,1788.35,1788.95,1785.65,1786.29,5178.46,9254002.2436
1698574500000,2023-10-29T10:15:00+00:00,1786.29,1786.29,1785.1,1785.77,5318.86,9497187.4105
1698575400000,2023-10-29T10:30:00+00:00,1785.77,1786.19,1783.78,1783.85,7710.44,13760779.9314
1698576300000,2023-10-29T10:45:00+00:00,1783.85,1784.45,1783.45,1784,5668.6,10111885.5473
1698577200000,2023-10-29T11:00:00+00:00,1784,1786.55,1783.06,1786.52,5291.08,9441864.1392
1698578100000,2023-10-29T11:15:00+00:00,1786.52,1792.71,1786.51,1791.64,6457.82,11557518.4099
1698579000000,2023-10-29T11:30:00+00:00,1791.64,1792.19,1789.38,1790.6,6527.89,11689278.0633
1698579900000,2023-10-29T11:45:00+00:00,1790.6,1790.99,1788.24,1788.74,4955.33,8865566.732
1698580800000,2023-10-29T12:00:00+00:00,1788.74,1791.59,1788.1,1788.1,4585.88,8208137.7668
1698581700000,2023-10-29T12:15:00+00:00,1788.1,1789.77,1787.4,1789.11,3067.19,5487134.0316
1698582600000,2023-10-29T12:30:00+00:00,1789.11,1791.46,1789.11,1791.17,2816.02,5041447.4866
1698583500000,2023-10-29T12:45:00+00:00,1791.17,1799.12,1791.16,1798.7,7999.13,14355118.9616
1698584400000,2023-10-29T13:00:00+00:00,1798.7,1800.77,1791.72,1793.33,14371.3,25823513.0429
1698585300000,2023-10-29T13:15:00+00:00,1793.33,1795.46,1791.12,1794.2,7557.11,13553727.0322
1698586200000,2023-10-29T13:30:00+00:00,1794.2,1796.46,1792.21,1793.27,3097.78,5558658.3573
1698587100000,2023-10-29T13:45:00+00:00,1793.27,1793.56,1792.13,1792.62,2924.97,5243458.7407
1698588000000,2023-10-29T14:00:00+00:00,1792.62,1793.67,1788.58,1789.55,5071.93,9083186.6955
1698588900000,2023-10-29T14:15:00+00:00,1789.55,1794.95,1789.55,1794.94,6050.82,10848179.6866
1698589800000,2023-10-29T14:30:00+00:00,1794.94,1799.44,1794.59,1797,7524.06,13526500.3008
1698590700000,2023-10-29T14:45:00+00:00,1797,1797.06,1793.4,1795.24,6019.5,10808080.2938
1698591600000,2023-10-29T15:00:00+00:00,1795.24,1797.49,1791.66,1795.36,5327.46,9560219.8955
1698592500000,2023-10-29T15:15:00+00:00,1795.36,1797.92,1793.52,1796.16,4191.89,7528573.8456
1698593400000,2023-10-29T15:30:00+00:00,1796.16,1796.37,1791.6,1792.35,3477.01,6234448.8046
1698594300000,2023-10-29T15:45:00+00:00,1792.35,1793.88,1790.14,1792.27,4540.77,8138813.5835
1698595200000,2023-10-29T16:00:00+00:00,1792.27,1793.41,1790.93,1792.76,5051.45,9054171.9834
1698596100000,2023-10-29T16:15:00+00:00,1792.76,1792.96,1789.1,1789.77,7781.05,13938229.6524
1698597000000,2023-10-29T16:30:00+00:00,1789.77,1791.65,1786.59,1788.77,7225.37,12929484.0945
1698597900000,2023-10-29T16:45:00+00:00,1788.77,1789.75,1788.23,1788.88,8184,14641831.5747
1698598800000,2023-10-29T17:00:00+00:00,1788.88,1790.9,1787.83,1790.86,9049.45,16192051.8453
1698599700000,2023-10-29T17:15:00+00:00,1790.86,1794.03,1790.52,1793.38,6004.82,10760870.7329
1698600600000,2023-10-29T17:30:00+00:00,1793.38,1807.43,1793,1803.46,19949,35943836.7358
1698601500000,2023-10-29T17:45:00+00:00,1803.46,1807.31,1793.58,1793.58,13786.67,24842859.5451
1698602400000,2023-10-29T18:00:00+00:00,1793.58,1802.34,1793.57,1799.89,9267.24,16664394.2165
1698603300000,2023-10-29T18:15:00+00:00,1799.89,1802.02,1798.05,1799.2,5831.36,10498579.5736
1698604200000,2023-10-29T18:30:00+00:00,1799.2,1800,1792.75,1794.59,7654.22,13747746.351
1698605100000,2023-10-29T18:45:00+00:00,1794.59,1797.86,1793.83,1795.88,5354.39,9615155.8068
1698606000000,2023-10-29T19:00:00+00:00,1795.88,1796.82,1790.66,1791.86,5287.94,9477974.1679
1698606900000,2023-10-29T19:15:00+00:00,1791.86,1792.08,1788.74,1789.03,6437.17,11525518.7812
1698607800000,2023-10-29T19:30:00+00:00,1789.03,1793.63,1789.03,1793.23,4386.93,7861056.0881
1698608700000,2023-10-29T19:45:00+00:00,1793.23,1793.46,1792.02,1793.27,6364.15,11410230.2973
1698609600000,2023-10-29T20:00:00+00:00,1793.27,1796.39,1793.27,1794.87,6741.45,12099238.914
1698610500000,2023-10-29T20:15:00+00:00,1794.87,1796.77,1793.79,1793.88,4633.62,8320041.2935
1698611400000,2023-10-29T20:30:00+00:00,1793.88,1795.8,1793.12,1795.17,5549.27,9959746.7527
1698612300000,2023-10-29T20:45:00+00:00,1795.17,1797.66,1795.17,1797.46,5255.68,9443790.9469
1698613200000,2023-10-29T21:00:00+00:00,1797.46,1804.37,1796.71,1804,7790.34,14025594.6486
1698614100000,2023-10-29T21:15:00+00:00,1804,1804.05,1799.57,1801.37,7725.9,13920157.7912
1698615000000,2023-10-29T21:30:00+00:00,1801.37,1802.28,1797.07,1798.87,7616.8,13712676.0847
1698615900000,2023-10-29T21:45:00+00:00,1798.87,1798.95,1791.04,1791.99,6966.7,12515886.6984
1698616800000,2023-10-29T22:00:00+00:00,1791.99,1798.91,1791.99,1797.7,6400.89,11498297.2494
1698617700000,2023-10-29T22:15:00+00:00,1797.7,1802.61,1797.7,1802.61,5187.68,9343569.5788
1698618600000,2023-10-29T22:30:00+00:00,1802.61,1806.62,1801.77,1806.09,4564.79,8238676.8198
1698619500000,2023-10-29T22:45:00+00:00,1806.09,1811.97,1805.07,1805.42,8069.29,14598515.6145
1698620400000,2023-10-29T23:00:00+00:00,1805.42,1805.56,1800.46,1800.53,6974.02,12576173.3233
1698621300000,2023-10-29T23:15:00+00:00,1800.53,1802.88,1798.32,1799.04,7543,13579378.3968
1698622200000,2023-10-29T23:30:00+00:00,1799.04,1800.04,1795.8,1796.81,5913.21,10632446.0908
1698623100000,2023-10-29T23:45:00+00:00,1796.81,1797.18,1792.47,1795.15,8863.36,15910809.4234
1698624000000,2023-10-30T00:00:00+00:00,1795.15,1797.24,1794.32,1795.22,6082.55,10924146.5649
1698624900000,2023-10-30T00:15:00+00:00,1795.22,1795.22,1792.24,1793.25,3515.2,6305416.7497
1698625800000,2023-10-30T00:30:00+00:00,1793.25,1793.86,1789,1792.37,3800.78,6807976.7428
1698626700000,2023-10-30T00:45:00+00:00,1792.37,1793.68,1790.72,1793.62,3101.82,5559350.4152
1698627600000,2023-10-30T01:00:00+00:00,1793.62,1798.34,1793.52,1797.1,5668.25,10183961.3934
1698628500000,2023-10-30T01:15:00+00:00,1797.1,1797.64,1795.68,1796.15,5630.52,10115993.6073
1698629400000,2023-10-30T01:30:00+00:00,1796.15,1796.19,1792.87,1793.49,5647.62,10131580.0704
1698630300000,2023-10-30T01:45:00+00:00,1793.49,1796.26,1791.5,1792.35,5013.39,8992205.4622
1698631200000,2023-10-30T02:00:00+00:00,1792.35,1793.73,1783.95,1792.01,10238.12,18315787.5119
1698632100000,2023-10-30T02:15:00+00:00,1792.01,1792.11,1782.36,1783.02,10309.02,18407456.116
1698633000000,2023-10-30T02:30:00+00:00,1783.02,1785.63,1778.4,1781.71,9452.9,16850470.0222
1698633900000,2023-10-30T02:45:00+00:00,1781.71,1784.81,1779.99,1784.35,5445.9,9712764.1863
1698634800000,2023-10-30T03:00:00+00:00,1784.35,1784.89,1781.99,1783.82,4975.23,8871472.3034
1698635700000,2023-10-30T03:15:00+00:00,1783.82,1783.82,1780.06,1780.49,5519.65,9836899.9479
1698636600000,2023-10-30T03:30:00+00:00,1780.49,1783.96,1779.01,1783.62,4964.26,8849513.6029
1698637500000,2023-10-30T03:45:00+00:00,1783.62,1785.04,1782.43,1782.66,3975.36,7091476.8423
1698638400000,2023-10-30T04:00:00+00:00,1782.66,1785.3,1781.6,1785.3,6063.57,10812969.7556
1698639300000,2023-10-30T04:15:00+00:00,1785.3,1786.16,1783.77,1784.48,5258.17,9385630.5689
1698640200000,2023-10-30T04:30:00+00:00,1784.48,1786.88,1783.55,1786.87,4606.93,8225134.1741
1698641100000,2023-10-30T04:45:00+00:00,1786.87,1786.87,1785.41,1785.49,3932.53,7023418.004
1698642000000,2023-10-30T05:00:00+00:00,1785.49,1787.44,1785.49,1785.58,4753.6,8491189.2341
1698642900000,2023-10-30T05:15:00+00:00,1785.58,1785.58,1779.96,1781.37,6354.75,11330671.485
1698643800000,2023-10-30T05:30:00+00:00,1781.37,1784.73,1780.67,1784.34,8318.28,14833815.5119
1698644700000,2023-10-30T05:45:00+00:00,1784.34,1784.52,1781.09,1781.56,5466.63,9741618.0907
1698645600000,2023-10-30T06:00:00+00:00,1781.56,1782.9,1777.2,1780.48,11801.45,21003902.2945
1698646500000,2023-10-30T06:15:00+00:00,1780.48,1785.75,1779.56,1785.19,8310.09,14822035.708
1698647400000,2023-10-30T06:30:00+00:00,1785.19,1785.99,1783.31,1785.36,6432.05,11479645.4837
1698648300000,2023-10-30T06:45:00+00:00,1785.36,1787.46,1784.67,1786.42,10017.49,17896221.0196
1698649200000,2023-10-30T07:00:00+00:00,1786.42,1791.87,1785.84,1791.02,7717.76,13811538.6053
1698650100000,2023-10-30T07:15:00+00:00,1791.02,1791.02,1782.44,1784.76,8749.17,15629345.2903
1698651000000,2023-10-30T07:30:00+00:00,1784.76,1788.67,1782.77,1785.86,5883.49,10507626.5951
1698651900000,2023-10-30T07:45:00+00:00,1785.86,1789.71,1785.72,1786.88,5255.4,9394017.8521
1698652800000,2023-10-30T08:00:00+00:00,1786.88,1791.46,1784,1790.47,7940.69,14202047.3536
1698653700000,2023-10-30T08:15:00+00:00,1790.47,1797.93,1790.14,1794.02,10569.36,18960279.4891
1698654600000,2023-10-30T08:30:00+00:00,1794.02,1823.72,1793.45,1816.8,52734.3,95575061.8108
1698655500000,2023-10-30T08:45:00+00:00,1816.8,1822.75,1811.71,1819.09,19971.87,36298466.7377
1698656400000,2023-10-30T09:00:00+00:00,1819.09,1825.69,1818.79,1819,16511.1,30089252.1444
1698657300000,2023-10-30T09:15:00+00:00,1819,1828.29,1818.5,1824.29,16500.72,30093883.6386
1698658200000,2023-10-30T09:30:00+00:00,1824.29,1827.93,1820.52,1822.93,13388.68,24411220.4306
1698659100000,2023-10-30T09:45:00+00:00,1822.93,1823.86,1816.78,1816.84,12196.21,22198193.0938
1698660000000,2023-10-30T10:00:00+00:00,1816.84,1819.28,1812.18,1812.42,10174.64,18474365.7891
1698660900000,2023-10-30T10:15:00+00:00,1812.42,1816.02,1807.63,1810.48,23388.06,42378098.2892
1698661800000,2023-10-30T10:30:00+00:00,1810.48,1816.87,1810.25,1816.27,7840.15,14224675.1293
1698662700000,2023-10-30T10:45:00+00:00,1816.27,1817.99,1813.07,1814.24,6870.11,12476297.4172
1698663600000,2023-10-30T11:00:00+00:00,1814.24,1814.92,1813.1,1813.99,6683.44,12124761.9179
1698664500000,2023-10-30T11:15:00+00:00,1813.99,1814.94,1808.23,1811.46,7580.59,13734911.5454
1698665400000,2023-10-30T11:30:00+00:00,1811.46,1816.09,1809.73,1815.81,5384.49,9765567.8355
1698666300000,2023-10-30T11:45:00+00:00,1815.81,1818.45,1815.35,1815.51,6991.09,12703470.1371
1698667200000,2023-10-30T12:00:00+00:00,1815.51,1817.17,1812.23,1817.15,6996.4,12700157.3162
1698668100000,2023-10-30T12:15:00+00:00,1817.15,1821.44,1816.39,1821.18,8137.67,14801467.2431
1698669000000,2023-10-30T12:30:00+00:00,1821.18,1822.17,1813.63,1815.45,8321.77,15121029.397
1698669900000,2023-10-30T12:45:00+00:00,1815.45,1816.05,1806.1,1809.75,10114.12,18306446.9442
1698670800000,2023-10-30T13:00:00+00:00,1809.75,1812.4,1805.45,1811.65,9403.38,17010669.4156
1698671700000,2023-10-30T13:15:00+00:00,1811.65,1816.76,1811.64,1814.56,5416.95,9826590.1795
1698672600000,2023-10-30T13:30:00+00:00,1814.56,1821.38,1813.12,1820.2,5999.67,10907666.0507
1698673500000,2023-10-30T13:45:00+00:00,1820.2,1821.75,1817.04,1819.83,7389.95,13444540.3585
1698674400000,2023-10-30T14:00:00+00:00,1819.83,1831.16,1819.68,1824.97,18185.58,33215002.1373
1698675300000,2023-10-30T14:15:00+00:00,1824.97,1827.36,1813.17,1816.15,12634.29,22997096.7876
1698676200000,2023-10-30T14:30:00+00:00,1816.15,1817.7,1811.19,1813.15,7424.6,13478459.7307
1698677100000,2023-10-30T14:45:00+00:00,1813.15,1819.6,1812.76,1819.26,6089.14,11063405.9928
1698678000000,2023-10-30T15:00:00+00:00,1819.26,1823.33,1817.9,1819.73,7676.22,13976809.591
1698678900000,2023-10-30T15:15:00+00:00,1819.73,1822.22,1813.49,1815.69,7657.69,13923579.8725
1698679800000,2023-10-30T15:30:00+00:00,1815.69,1821.68,1815.69,1819.13,6355.81,11560030.0696
1698680700000,2023-10-30T15:45:00+00:00,1819.13,1820.19,1817.44,1820,8320.59,15136390.5062
1698681600000,2023-10-30T16:00:00+00:00,1820,1820.27,1816.33,1817.51,5319.27,9669600.2608
1698682500000,2023-10-30T16:15:00+00:00,1817.51,1818.28,1811.57,1812.92,7643.78,13874421.8153
1698683400000,2023-10-30T16:30:00+00:00,1812.92,1816.16,1807.45,1809.8,10614.38,19237542.8819
1698684300000,2023-10-30T16:45:00+00:00,1809.8,1813.2,1809.77,1813.19,11098.56,20106794.4838
1698685200000,2023-10-30T17:00:00+00:00,1813.19,1813.66,1780.5,1791.18,41409.11,74281905.9058
1698686100000,2023-10-30T17:15:00+00:00,1791.18,1795.62,1777,1794.41,21824.61,38991817.4316
1698687000000,2023-10-30T17:30:00+00:00,1794.41,1795.95,1791.95,1795.22,9530.04,17098306.9879
1698687900000,2023-10-30T17:45:00+00:00,1795.22,1798.99,1794.66,1797.33,5392.05,9692634.6047
1698688800000,2023-10-30T18:00:00+00:00,1797.33,1800.84,1796.98,1800.63,6199.94,11153799.7146
1698689700000,2023-10-30T18:15:00+00:00,1800.63,1802.17,1796.45,1796.45,6563.58,11807265.9655
1698690600000,2023-10-30T18:30:00+00:00,1796.45,1799.96,1796.44,1799.02,6191.61,11138049.62
1698691500000,2023-10-30T18:45:00+00:00,1799.02,1802.66,1797.79,1799.06,9197.79,16552689.0461
1698692400000,2023-10-30T19:00:00+00:00,1799.06,1799.93,1797.1,1798.22,4401.34,7916799.2829
1698693300000,2023-10-30T19:15:00+00:00,1798.22,1802.52,1797.81,1801.77,7549.43,13586864
1698694200000,2023-10-30T19:30:00+00:00,1801.77,1804.71,1801.15,1802.58,6932.24,12500476.8762
1698695100000,2023-10-30T19:45:00+00:00,1802.58,1804.57,1800.05,1801.39,5631.93,10153136.9852
1698696000000,2023-10-30T20:00:00+00:00,1801.39,1802.31,1797.8,1799.46,8307.96,14948562.9164
1698696900000,2023-10-30T20:15:00+00:00,1799.46,1800.97,1796.82,1798.21,5230.95,9406552.5949
1698697800000,2023-10-30T20:30:00+00:00,1798.21,1801.46,1797.46,1799.36,4928.6,8868233.1671
1698698700000,2023-10-30T20:45:00+00:00,1799.36,1801.3,1799.33,1800.59,3283.67,5913365.3707
1698699600000,2023-10-30T21:00:00+00:00,1800.59,1803.25,1799.3,1799.86,3820.77,6882767.1422
1698700500000,2023-10-30T21:15:00+00:00,1799.86,1805.92,1799.84,1804.45,9974.21,17988573.6124
1698701400000,2023-10-30T21:30:00+00:00,1804.45,1817.03,1804.45,1814.34,13939.2,25249454.9958
1698702300000,2023-10-30T21:45:00+00:00,1814.34,1814.36,1809.79,1811.96,5859.99,10621811.4886
1698703200000,2023-10-30T22:00:00+00:00,1811.96,1812.87,1808.48,1809.49,7430.44,13447723.3201
1698704100000,2023-10-30T22:15:00+00:00,1809.49,1809.93,1807.48,1809.01,3510.5,6350054.9636
1698705000000,2023-10-30T22:30:00+00:00,1809.01,1812.83,1808.12,1811.63,3113.12,5634717.3938
1698705900000,2023-10-30T22:45:00+00:00,1811.63,1811.63,1809.04,1809.85,2939.05,5319907.8172
1698706800000,2023-10-30T23:00:00+00:00,1809.85,1811.72,1809.56,1810.96,4053.38,7338149.4651
1698707700000,2023-10-30T23:15:00+00:00,1810.96,1811.34,1808.22,1808.43,4361.14,7893584.2683
1698708600000,2023-10-30T23:30:00+00:00,1808.43,1809.37,1807.19,1807.55,5860.38,10595362.3804
1698709500000,2023-10-30T23:45:00+00:00,1807.55,1809.79,1807.3,1809.26,2598.33,4699917.1471
1698710400000,2023-10-31T00:00:00+00:00,1809.26,1811.21,1807.88,1810.91,4737.05,8572562.1883
1698711300000,2023-10-31T00:15:00+00:00,1810.91,1812.3,1807.96,1811.37,4363.19,7899120.7616
1698712200000,2023-10-31T00:30:00+00:00,1811.37,1820.26,1811.37,1819.04,9487.61,17236856.3464
1698713100000,2023-10-31T00:45:00+00:00,1819.04,1819.21,1810.29,1813.49,7504.97,13620542.119
1698714000000,2023-10-31T01:00:00+00:00,1813.49,1814.14,1807.47,1808.64,6514.02,11795407.3581
1698714900000,2023-10-31T01:15:00+00:00,1808.64,1809.22,1802.33,1808.85,7358.31,13292707.1839
1698715800000,2023-10-31T01:30:00+00:00,1808.85,1810.88,1807.27,1810.69,2748.05,4973552.5882
1698716700000,2023-10-31T01:45:00+00:00,1810.69,1811.97,1809,1811.23,3921.82,7102452.7439
1698717600000,2023-10-31T02:00:00+00:00,1811.23,1812.14,1807.36,1808.4,3815.7,6907868.2232
1698718500000,2023-10-31T02:15:00+00:00,1808.4,1808.71,1805.83,1807.25,5169.13,9341305.0248
1698719400000,2023-10-31T02:30:00+00:00,1807.25,1807.54,1801.95,1802.91,5262.56,9495796.7829
1698720300000,2023-10-31T02:45:00+00:00,1802.91,1804.29,1798.31,1803.88,7885.24,14200307.3212
1698721200000,2023-10-31T03:00:00+00:00,1803.88,1804.58,1796.65,1796.77,4092.69,7375950.9672
1698722100000,2023-10-31T03:15:00+00:00,1796.77,1801.21,1796.23,1800.87,2638.92,4749127.1313
1698723000000,2023-10-31T03:30:00+00:00,1800.87,1801.53,1794.95,1795.92,4432.2,7968663.0713
1698723900000,2023-10-31T03:45:00+00:00,1795.92,1797.58,1793.68,1794.82,4478.88,8043367.7834
1698724800000,2023-10-31T04:00:00+00:00,1794.82,1797.08,1792.64,1797.08,5778.5,10372005.6821
1698725700000,2023-10-31T04:15:00+00:00,1797.08,1799.06,1796.83,1798.65,5881.61,10576510.9987
1698726600000,2023-10-31T04:30:00+00:00,1798.65,1799.85,1798,1798.22,4584.74,8247510.2563
1698727500000,2023-10-31T04:45:00+00:00,1798.22,1800.21,1797.45,1799.51,4637.77,8343455.0653
1698728400000,2023-10-31T05:00:00+00:00,1799.51,1800.45,1795.73,1798.08,3528.84,6347064.7041
1698729300000,2023-10-31T05:15:00+00:00,1798.08,1802.73,1795.15,1801.61,4187.56,7536724.2964
1698730200000,2023-10-31T05:30:00+00:00,1801.61,1803.78,1800.84,1802,4692.05,8455955.196
1698731100000,2023-10-31T05:45:00+00:00,1802,1803.45,1800.7,1801.25,3645.67,6568617.8767
1698732000000,2023-10-31T06:00:00+00:00,1801.25,1804.31,1799.79,1804.19,4581.09,8254842.2804
1698732900000,2023-10-31T06:15:00+00:00,1804.19,1804.83,1799.77,1799.78,4146.42,7475504.9921
1698733800000,2023-10-31T06:30:00+00:00,1799.78,1800.44,1786.02,1799.04,14357.29,25765642.3922
1698734700000,2023-10-31T06:45:00+00:00,1799.04,1799.04,1793.62,1794.99,5651.2,10148790.8421
1698735600000,2023-10-31T07:00:00+00:00,1794.99,1797.84,1793.5,1797.11,4239.52,7616732.4541
1698736500000,2023-10-31T07:15:00+00:00,1797.11,1798,1792.25,1792.37,4453.93,7994250.8273
1698737400000,2023-10-31T07:30:00+00:00,1792.37,1794.24,1787.63,1792.88,7370.44,13198940.9995
1698738300000,2023-10-31T07:45:00+00:00,1792.88,1793.23,1789.62,1790.71,3676.38,6586856.2348
1698739200000,2023-10-31T08:00:00+00:00,1790.71,1793.26,1782.56,1792.95,10868.66,19430537.8574
1698740100000,2023-10-31T08:15:00+00:00,1792.95,1797.27,1791.65,1796.97,6931.73,12438454.2282
1698741000000,2023-10-31T08:30:00+00:00,1796.97,1799,1795.52,1796.87,5502.38,9889770.725
1698741900000,2023-10-31T08:45:00+00:00,1796.87,1803,1796.73,1801.01,7345.95,13226494.3019
1698742800000,2023-10-31T09:00:00+00:00,1801.01,1802.86,1799.45,1800.96,5076.44,9143945.7282
1698743700000,2023-10-31T09:15:00+00:00,1800.96,1801.23,1796.6,1798.39,4468.33,8037888.0155
1698744600000,2023-10-31T09:30:00+00:00,1798.39,1802.46,1798.28,1801.04,4868.27,8764762.375
1698745500000,2023-10-31T09:45:00+00:00,1801.04,1803.61,1799.76,1802.2,4249.61,7657285.3523
1698746400000,2023-10-31T10:00:00+00:00,1802.2,1803.29,1799.79,1799.79,4631.11,8342928.8843
1698747300000,2023-10-31T10:15:00+00:00,1799.79,1803.24,1798.75,1800.72,3728.35,6712583.8847
1698748200000,2023-10-31T10:30:00+00:00,1800.72,1804.09,1800.39,1802.6,3595.72,6481731.4943
1698749100000,2023-10-31T10:45:00+00:00,1802.6,1803.84,1801.23,1801.58,3155.2,5688241.2623
1698750000000,2023-10-31T11:00:00+00:00,1801.58,1803.82,1800.48,1801.59,3836.91,6914049.568
1698750900000,2023-10-31T11:15:00+00:00,1801.59,1803.29,1800.29,1803,3181.74,5733451.4709
1698751800000,2023-10-31T11:30:00+00:00,1803,1813.3,1803,1807.79,9820.34,17759272.0258
1698752700000,2023-10-31T11:45:00+00:00,1807.79,1814.34,1807.79,1809.56,9035.66,16364457.7418
1698753600000,2023-10-31T12:00:00+00:00,1809.56,1811.94,1809.56,1811.74,6227.22,11276777.5909
1698754500000,2023-10-31T12:15:00+00:00,1811.74,1813,1804.03,1805.22,10069.03,18209967.2789
1698755400000,2023-10-31T12:30:00+00:00,1805.22,1807.62,1802,1803.27,6623.57,11957087.4883
1698756300000,2023-10-31T12:45:00+00:00,1803.27,1803.61,1795.34,1798.78,9635.54,17329473.1664
1698757200000,2023-10-31T13:00:00+00:00,1798.78,1800.8,1795.42,1798.32,7504.99,13498953.0594
1698758100000,2023-10-31T13:15:00+00:00,1798.32,1802.95,1797.64,1802.24,4282.56,7711704.6207
1698759000000,2023-10-31T13:30:00+00:00,1802.24,1805.08,1792.74,1796.47,8284.56,14905623.6056
1698759900000,2023-10-31T13:45:00+00:00,1796.47,1799.4,1788.68,1793.3,8596.83,15417854.0162
1698760800000,2023-10-31T14:00:00+00:00,1793.3,1797.43,1787,1796.93,10590.41,18973437.5138
1698761700000,2023-10-31T14:15:00+00:00,1796.93,1800.46,1793.47,1794.3,10828.12,19464825.9266
1698762600000,2023-10-31T14:30:00+00:00,1794.3,1796.75,1789,1796.1,9521.56,17071131.1954
1698763500000,2023-10-31T14:45:00+00:00,1796.1,1800.18,1796.08,1798.58,7415.56,13335432.7788
1698764400000,2023-10-31T15:00:00+00:00,1798.58,1800.71,1783.25,1790.42,16170.33,28956654.1083
1698765300000,2023-10-31T15:15:00+00:00,1790.42,1794.08,1780.53,1790.78,16813.69,30069441.1958
1698766200000,2023-10-31T15:30:00+00:00,1790.78,1795.36,1784.81,1786.86,6899.13,12350974.6926
1698767100000,2023-10-31T15:45:00+00:00,1786.86,1792.97,1786.62,1791.37,5886.56,10541390.6857
1698768000000,2023-10-31T16:00:00+00:00,1791.37,1793.58,1787.67,1791.91,7847.29,14061025.9951
1698768900000,2023-10-31T16:15:00+00:00,1791.91,1797.8,1791.91,1797.44,9891.54,17761899.7857
1698769800000,2023-10-31T16:30:00+00:00,1797.44,1805.97,1793.58,1802.18,15527.79,27959658.7908
1698770700000,2023-10-31T16:45:00+00:00,1802.18,1804.59,1800.1,1803.33,8067.06,14540293.0793
1698771600000,2023-10-31T17:00:00+00:00,1803.33,1803.33,1798.95,1799.84,4148.5,7472379.8553
1698772500000,2023-10-31T17:15:00+00:00,1799.84,1801.97,1798.68,1800.58,3593.47,6470237.4191
1698773400000,2023-10-31T17:30:00+00:00,1800.58,1800.94,1797.12,1800.04,3230.41,5812120.7552
1698774300000,2023-10-31T17:45:00+00:00,1800.04,1803.87,1798.74,1801.39,3814.44,6871052.5963
1698775200000,2023-10-31T18:00:00+00:00,1801.39,1802.49,1799.8,1800.56,4788.45,8626107.0882
1698776100000,2023-10-31T18:15:00+00:00,1800.56,1801.65,1799.27,1800.05,4751.81,8554902.6266
1698777000000,2023-10-31T18:30:00+00:00,1800.05,1807.39,1798.46,1804.71,6451.57,11632746.8298
1698777900000,2023-10-31T18:45:00+00:00,1804.71,1809.08,1802.69,1808.55,5289.02,9553943.5427
1698778800000,2023-10-31T19:00:00+00:00,1808.55,1815.26,1807.82,1808.98,11501.09,20834953.0444
1698779700000,2023-10-31T19:15:00+00:00,1808.98,1811.36,1806.11,1810.18,6042.23,10929017.2984
1698780600000,2023-10-31T19:30:00+00:00,1810.18,1810.46,1806.6,1807.85,5660.92,10244405.3164
1698781500000,2023-10-31T19:45:00+00:00,1807.85,1812.73,1806.67,1811.88,4907.66,8874361.3567
1698782400000,2023-10-31T20:00:00+00:00,1811.88,1813.35,1809.32,1811.83,4987.88,9034415.6012
1698783300000,2023-10-31T20:15:00+00:00,1811.83,1815.28,1810.37,1811.7,5615.19,10179212.2734
1698784200000,2023-10-31T20:30:00+00:00,1811.7,1813.43,1811.25,1812.27,4011.86,7271144.8841
1698785100000,2023-10-31T20:45:00+00:00,1812.27,1818.21,1810.79,1813.94,9291.36,16851303.1787
1698786000000,2023-10-31T21:00:00+00:00,1813.94,1814.46,1810.01,1811.25,5558.87,10071535.7434
1698786900000,2023-10-31T21:15:00+00:00,1811.25,1814.07,1804,1808.15,9878.37,17882489.6028
1698787800000,2023-10-31T21:30:00+00:00,1808.15,1809.05,1806.99,1807.59,4299.67,7773955.2285
1698788700000,2023-10-31T21:45:00+00:00,1807.59,1807.79,1802.35,1806.71,4727.47,8532362.4512
1698789600000,2023-10-31T22:00:00+00:00,1806.71,1808.38,1805,1808.25,4126.34,7455484.831
1698790500000,2023-10-31T22:15:00+00:00,1808.25,1810.01,1807.8,1809.36,3109.59,5625656.4353
1698791400000,2023-10-31T22:30:00+00:00,1809.36,1814,1807.81,1812.5,3173.98,5747671.8783
1698792300000,2023-10-31T22:45:00+00:00,1812.5,1813.86,1808.76,1808.97,3024.74,5479181.3899
1698793200000,2023-10-31T23:00:00+00:00,1808.97,1811.49,1807.3,1809.55,5056.19,9151611.6586
1698794100000,2023-10-31T23:15:00+00:00,1809.55,1811.1,1809.16,1811.09,7011.78,12692475.8114
1698795000000,2023-10-31T23:30:00+00:00,1811.09,1814.28,1810.41,1813.2,8035.96,14567965.5916
1698795900000,2023-10-31T23:45:00+00:00,1813.2,1817.26,1812.12,1815.24,10119.26,18372404.5309
