timestamp_ms,datetime_utc,open,high,low,close,base_volume,quote_volume
1719792000000,2024-07-01T00:00:00+00:00,3435.51,3437.69,3429.72,3433.26,3440.86,11813865.9636
1719792900000,2024-07-01T00:15:00+00:00,3433.26,3440,3432.93,3438.12,2241.7,7702924.0721
1719793800000,2024-07-01T00:30:00+00:00,3438.12,3442.44,3435.12,3439.14,1882.57,6473917.7994
1719794700000,2024-07-01T00:45:00+00:00,3439.14,3443.76,3437.41,3440.86,1995.62,6863682.5995
1719795600000,2024-07-01T01:00:00+00:00,3440.86,3488.56,3438.75,3486.7,30230.25,104884822.6733
1719796500000,2024-07-01T01:15:00+00:00,3486.7,3501.36,3482.58,3494.6,23864.65,83345659.4632
1719797400000,2024-07-01T01:30:00+00:00,3494.6,3512.34,3493.7,3506.18,15520.8,54375144.7508
1719798300000,2024-07-01T01:45:00+00:00,3506.18,3517.53,3502.63,3516.26,7484.51,26289462.4264
1719799200000,2024-07-01T02:00:00+00:00,3516.26,3522,3500.42,3503.76,22600.32,79336109.203
1719800100000,2024-07-01T02:15:00+00:00,3503.76,3507.42,3496.75,3502.86,6350,22232473.807
1719801000000,2024-07-01T02:30:00+00:00,3502.86,3504.97,3493.19,3501.27,7427.56,25982581.3987
1719801900000,2024-07-01T02:45:00+00:00,3501.27,3501.59,3494.4,3500.31,2181.75,7631991.773
1719802800000,2024-07-01T03:00:00+00:00,3500.31,3505.2,3499.17,3504.35,1894.17,6632904.2911
1719803700000,2024-07-01T03:15:00+00:00,3504.35,3506.23,3502,3503.75,1421.77,4982565.2442
1719804600000,2024-07-01T03:30:00+00:00,3503.75,3504.48,3493.24,3493.42,3722.85,13013498.8589
1719805500000,2024-07-01T03:45:00+00:00,3493.42,3499.98,3493.12,3496.41,1923.9,6727880.0965
1719806400000,2024-07-01T04:00:00+00:00,3496.41,3497.6,3491.02,3493.86,3022.87,10559972.3666
1719807300000,2024-07-01T04:15:00+00:00,3493.86,3494.5,3490,3490.01,2498.32,8722690.8649
1719808200000,2024-07-01T04:30:00+00:00,3490.01,3490.42,3483,3483.12,5980.69,20850387.5924
1719809100000,2024-07-01T04:45:00+00:00,3483.12,3487.92,3482.89,3484.42,2639.27,9197105.1628
1719810000000,2024-07-01T05:00:00+00:00,3484.42,3491.66,3483.09,3490.16,5213.78,18189427.5145
1719810900000,2024-07-01T05:15:00+00:00,3490.16,3490.55,3483.04,3484.51,1146.62,3998688.7491
1719811800000,2024-07-01T05:30:00+00:00,3484.51,3489.11,3483.33,3485.8,1560.45,5438759.1337
1719812700000,2024-07-01T05:45:00+00:00,3485.8,3489.04,3485.15,3488.97,3169.49,11053752.5248
1719813600000,2024-07-01T06:00:00+00:00,3488.97,3491,3487,3487,1585.35,5530747.5502
1719814500000,2024-07-01T06:15:00+00:00,3487,3487.01,3482.37,3484.02,3557.7,12396599.9949
1719815400000,2024-07-01T06:30:00+00:00,3484.02,3485.17,3482.41,3483.16,3531.59,12303457.3905
1719816300000,2024-07-01T06:45:00+00:00,3483.16,3488.71,3482.96,3486.41,1164.26,4058026.1497
1719817200000,2024-07-01T07:00:00+00:00,3486.41,3489.75,3483.76,3489.75,1798,6270362.464
1719818100000,2024-07-01T07:15:00+00:00,3489.75,3489.75,3484.38,3485.02,2256.21,7868118.2064
1719819000000,2024-07-01T07:30:00+00:00,3485.02,3490,3484.82,3489.99,1464.65,5109513.913
1719819900000,2024-07-01T07:45:00+00:00,3489.99,3491.75,3486.46,3486.48,1517,5292926.7756
1719820800000,2024-07-01T08:00:00+00:00,3486.48,3491.02,3486.46,3489.73,1399.66,4882898.648
1719821700000,2024-07-01T08:15:00+00:00,3489.73,3492.9,3482.96,3485.5,6585.92,22969649.5598
1719822600000,2024-07-01T08:30:00+00:00,3485.5,3485.5,3471.58,3475.26,12667.67,44061319.5292
1719823500000,2024-07-01T08:45:00+00:00,3475.26,3485,3475.26,3482.16,7751.94,26981247.0455
1719824400000,2024-07-01T09:00:00+00:00,3482.16,3487.5,3479.76,3480.07,2971.68,10351013.7222
1719825300000,2024-07-01T09:15:00+00:00,3480.07,3480.81,3474.1,3477.41,4065.36,14137102.1628
1719826200000,2024-07-01T09:30:00+00:00,3477.41,3481.05,3476.72,3477.14,2360.31,8211557.3298
1719827100000,2024-07-01T09:45:00+00:00,3477.14,3480.45,3476.37,3480.04,1831.45,6371316.1871
1719828000000,2024-07-01T10:00:00+00:00,3480.04,3481.84,3476.02,3476.4,1756.32,6109846.0892
1719828900000,2024-07-01T10:15:00+00:00,3476.4,3477.59,3471.07,3474.1,7920.77,27511793.5026
1719829800000,2024-07-01T10:30:00+00:00,3474.1,3477.73,3466,3467.69,10073.5,34945769.0245
1719830700000,2024-07-01T10:45:00+00:00,3467.69,3470.38,3464.43,3467.77,4562.58,15819014.9206
1719831600000,2024-07-01T11:00:00+00:00,3467.77,3469.14,3461.98,3466.79,4097.86,14199056.1279
1719832500000,2024-07-01T11:15:00+00:00,3466.79,3468.33,3460.5,3461.79,3660.03,12678442.2021
1719833400000,2024-07-01T11:30:00+00:00,3461.79,3462.81,3457.75,3461.89,4722.86,16342888.7853
1719834300000,2024-07-01T11:45:00+00:00,3461.89,3461.89,3456.5,3458,3140.46,10862161.8902
1719835200000,2024-07-01T12:00:00+00:00,3458,3468.89,3456.87,3466.48,5930.98,20552785.253
1719836100000,2024-07-01T12:15:00+00:00,3466.48,3469.97,3462.44,3468.98,6152.5,21325498.8804
1719837000000,2024-07-01T12:30:00+00:00,3468.98,3472,3467.03,3471.18,1971.46,6841038.8753
1719837900000,2024-07-01T12:45:00+00:00,3471.18,3475.99,3469.38,3470.13,3764.73,13073753.6705
1719838800000,2024-07-01T13:00:00+00:00,3470.13,3478.14,3470,3470,3256.75,11312698.247
1719839700000,2024-07-01T13:15:00+00:00,3470,3475.14,3462.45,3474.9,4041.74,14013751.8242
1719840600000,2024-07-01T13:30:00+00:00,3474.9,3479.75,3466.11,3467.4,4957.26,17217656.977
1719841500000,2024-07-01T13:45:00+00:00,3467.4,3470.47,3450.92,3458.73,13713.3,47428707.1632
1719842400000,2024-07-01T14:00:00+00:00,3458.73,3467.12,3451.17,3452.32,5522.55,19106856.5116
1719843300000,2024-07-01T14:15:00+00:00,3452.32,3461.97,3452.32,3460.05,11020.9,38086772.3911
1719844200000,2024-07-01T14:30:00+00:00,3460.05,3463.01,3454.46,3461.04,2235.94,7736015.3157
1719845100000,2024-07-01T14:45:00+00:00,3461.04,3470.12,3458.72,3467.07,4606.89,15961701.2309
1719846000000,2024-07-01T15:00:00+00:00,3467.07,3476.94,3466.52,3475.89,5453.46,18937669.5345
1719846900000,2024-07-01T15:15:00+00:00,3475.89,3476.1,3463.31,3467.59,4252.25,14747565.3905
1719847800000,2024-07-01T15:30:00+00:00,3467.59,3472.76,3465,3466.45,4242.54,14718339.3841
1719848700000,2024-07-01T15:45:00+00:00,3466.45,3473.03,3466.45,3472.64,1672.3,5801049.9523
1719849600000,2024-07-01T16:00:00+00:00,3472.64,3473.99,3462.08,3473.61,4560.38,15823762.2122
1719850500000,2024-07-01T16:15:00+00:00,3473.61,3474,3464.23,3467.9,5102.33,17704312.6522
1719851400000,2024-07-01T16:30:00+00:00,3467.9,3471.81,3465,3465.8,3492.27,12112402.8022
1719852300000,2024-07-01T16:45:00+00:00,3465.8,3468.48,3463.76,3465.62,1866.67,6469851.6255
1719853200000,2024-07-01T17:00:00+00:00,3465.62,3467.98,3459.88,3462.19,1253.19,4339959.7353
1719854100000,2024-07-01T17:15:00+00:00,3462.19,3472.84,3461,3472.01,1745.36,6053735.0249
1719855000000,2024-07-01T17:30:00+00:00,3472.01,3484.87,3471,3484.65,11756.06,40900157.1262
1719855900000,2024-07-01T17:45:00+00:00,3484.65,3490.98,3479.9,3488.88,7196.19,25087676.7915
1719856800000,2024-07-01T18:00:00+00:00,3488.88,3496.79,3485.67,3488.09,6544.88,22847234.2192
1719857700000,2024-07-01T18:15:00+00:00,3488.09,3497,3471.85,3473.53,7431.08,25871000.0201
1719858600000,2024-07-01T18:30:00+00:00,3473.53,3477.9,3469.66,3474.57,5322.8,18491705.6804
1719859500000,2024-07-01T18:45:00+00:00,3474.57,3481.83,3474.03,3480.59,2674.22,9299850.6958
1719860400000,2024-07-01T19:00:00+00:00,3480.59,3482.93,3474.5,3482.93,1349.62,4695567.3086
1719861300000,2024-07-01T19:15:00+00:00,3482.93,3484.81,3472.77,3475.27,6193.63,21526751.9402
1719862200000,2024-07-01T19:30:00+00:00,3475.27,3475.86,3467.54,3469.26,4563.34,15835181.9251
1719863100000,2024-07-01T19:45:00+00:00,3469.26,3473.79,3465.42,3470.51,1809.79,6278957.6199
1719864000000,2024-07-01T20:00:00+00:00,3470.51,3473.18,3468.43,3471.71,1346.53,4674098.9827
1719864900000,2024-07-01T20:15:00+00:00,3471.71,3473.96,3470.09,3470.14,600.42,2085071.3199
1719865800000,2024-07-01T20:30:00+00:00,3470.14,3470.66,3462.77,3466.26,5631.59,19512097.4071
1719866700000,2024-07-01T20:45:00+00:00,3466.26,3468.53,3464,3464.32,788.27,2732406.0485
1719867600000,2024-07-01T21:00:00+00:00,3464.32,3466.48,3462.44,3463.44,1000.18,3464549.731
1719868500000,2024-07-01T21:15:00+00:00,3463.44,3465.17,3454,3460.31,5069.56,17535160.8291
1719869400000,2024-07-01T21:30:00+00:00,3460.31,3460.31,3456.33,3458.73,1538.54,5319394.5744
1719870300000,2024-07-01T21:45:00+00:00,3458.73,3458.87,3451.07,3457.38,1497.77,5174463.2155
1719871200000,2024-07-01T22:00:00+00:00,3457.38,3459.58,3453.94,3455.01,2502.47,8648904.927
1719872100000,2024-07-01T22:15:00+00:00,3455.01,3458.81,3422,3430.29,28213.21,97039065.293
1719873000000,2024-07-01T22:30:00+00:00,3430.29,3436.64,3426,3434.59,8175.55,28037693.9597
1719873900000,2024-07-01T22:45:00+00:00,3434.59,3440.59,3434.06,3440.48,1841.49,6329917.8152
1719874800000,2024-07-01T23:00:00+00:00,3440.48,3444.95,3438.02,3440.22,5471.76,18832534.1444
1719875700000,2024-07-01T23:15:00+00:00,3440.22,3440.91,3435.25,3436.2,785.99,2701993.6123
1719876600000,2024-07-01T23:30:00+00:00,3436.2,3441.55,3435,3440.48,7524.98,25868608.0098
1719877500000,2024-07-01T23:45:00+00:00,3440.48,3443.31,3437,3439.96,1951.29,6713171.57
1719878400000,2024-07-02T00:00:00+00:00,3439.96,3443.47,3436,3438.84,1429.43,4914481.0295
1719879300000,2024-07-02T00:15:00+00:00,3438.84,3443.75,3433.75,3443.75,1808.4,6219148.2545
1719880200000,2024-07-02T00:30:00+00:00,3443.75,3443.75,3439.22,3439.23,870.01,2994089.2575
1719881100000,2024-07-02T00:45:00+00:00,3439.23,3443.81,3439.22,3441.34,917.9,3159568.1473
1719882000000,2024-07-02T01:00:00+00:00,3441.34,3443.74,3439.33,3443.74,1202.76,4139817.451
1719882900000,2024-07-02T01:15:00+00:00,3443.74,3446.77,3442.25,3443.82,819.73,2823580.2007
1719883800000,2024-07-02T01:30:00+00:00,3443.82,3447.67,3441.55,3444,1348.08,4644376.9396
1719884700000,2024-07-02T01:45:00+00:00,3444,3448,3444,3446.19,1316.8,4538528.6309
1719885600000,2024-07-02T02:00:00+00:00,3446.19,3452.68,3446.19,3452.68,2940.61,10146413.6219
1719886500000,2024-07-02T02:15:00+00:00,3452.68,3453,3447.22,3447.24,1732.75,5978423.4896
1719887400000,2024-07-02T02:30:00+00:00,3447.24,3449.14,3444.1,3445.37,1788.58,6162755.1844
1719888300000,2024-07-02T02:45:00+00:00,3445.37,3449.2,3445.17,3448.33,984.03,3392036.8231
1719889200000,2024-07-02T03:00:00+00:00,3448.33,3452,3448.03,3450.28,638.38,2202775.0014
1719890100000,2024-07-02T03:15:00+00:00,3450.28,3455.63,3449.01,3455.44,5850.26,20200908.3631
1719891000000,2024-07-02T03:30:00+00:00,3455.44,3461.72,3454.22,3459.59,4350.45,15043594.8259
1719891900000,2024-07-02T03:45:00+00:00,3459.59,3460.44,3455,3455,2773.25,9589421.1133
1719892800000,2024-07-02T04:00:00+00:00,3455,3460,3452.44,3458.94,8236.83,28480893.3499
1719893700000,2024-07-02T04:15:00+00:00,3458.94,3460.96,3457.13,3459.81,2497.44,8640669.2786
1719894600000,2024-07-02T04:30:00+00:00,3459.81,3462.47,3457.49,3457.95,1941.92,6718919.9513
1719895500000,2024-07-02T04:45:00+00:00,3457.95,3458.81,3452,3452.15,2187.35,7556339.2741
1719896400000,2024-07-02T05:00:00+00:00,3452.15,3457.04,3452.07,3457.04,2488.18,8592620.8868
1719897300000,2024-07-02T05:15:00+00:00,3457.04,3459.21,3456.87,3457.84,1019.68,3526222.5988
1719898200000,2024-07-02T05:30:00+00:00,3457.84,3459.43,3454.64,3455.93,628.76,2173534.8766
1719899100000,2024-07-02T05:45:00+00:00,3455.93,3457.29,3454.11,3457.28,1057.56,3654215.5941
1719900000000,2024-07-02T06:00:00+00:00,3457.28,3457.29,3446.9,3451.95,4674.5,16132679.8903
1719900900000,2024-07-02T06:15:00+00:00,3451.95,3456.74,3449.77,3450.8,1650.31,5697687.2424
1719901800000,2024-07-02T06:30:00+00:00,3450.8,3451.1,3446,3448.06,1846.3,6365825.1305
1719902700000,2024-07-02T06:45:00+00:00,3448.06,3450.22,3446.06,3446.51,1588.63,5477700.5224
1719903600000,2024-07-02T07:00:00+00:00,3446.51,3446.51,3436.85,3437.88,7217.49,24833628.7098
1719904500000,2024-07-02T07:15:00+00:00,3437.88,3444.88,3437.88,3444,2312.37,7959040.7654
1719905400000,2024-07-02T07:30:00+00:00,3444,3444.01,3433.46,3435.81,3875.95,13319455.9481
1719906300000,2024-07-02T07:45:00+00:00,3435.81,3439,3435.37,3438.04,936.58,3219018.5444
1719907200000,2024-07-02T08:00:00+00:00,3438.04,3441.04,3430.69,3434.39,4557.92,15654173.7392
1719908100000,2024-07-02T08:15:00+00:00,3434.39,3444.76,3433.74,3441,4814.23,16560814.4163
1719909000000,2024-07-02T08:30:00+00:00,3441,3444,3436.66,3443.61,3316.28,11407908.2237
1719909900000,2024-07-02T08:45:00+00:00,3443.61,3445.2,3440.01,3440.17,1792.12,6170398.4327
1719910800000,2024-07-02T09:00:00+00:00,3440.17,3450.46,3440.16,3448.11,3955.56,13629124.9018
1719911700000,2024-07-02T09:15:00+00:00,3448.11,3448.15,3444,3444.95,2464.47,8491850.5754
1719912600000,2024-07-02T09:30:00+00:00,3444.95,3448,3444.82,3445.65,751.37,2589484.7531
1719913500000,2024-07-02T09:45:00+00:00,3445.65,3447.6,3445,3445,694.6,2393761.6808
1719914400000,2024-07-02T10:00:00+00:00,3445,3446.32,3440,3444.51,1507.54,5190245.6938
1719915300000,2024-07-02T10:15:00+00:00,3444.51,3446.74,3442.59,3446.74,1013.31,3491946.4248
1719916200000,2024-07-02T10:30:00+00:00,3446.74,3452.49,3445,3449.42,2008.13,6926424.4496
1719917100000,2024-07-02T10:45:00+00:00,3449.42,3451.62,3447.79,3450,1941.19,6697027.1112
1719918000000,2024-07-02T11:00:00+00:00,3450,3450.42,3447.8,3448.18,546.41,1884620.1807
1719918900000,2024-07-02T11:15:00+00:00,3448.18,3451.62,3445.47,3451.25,1391.3,4798257.7383
1719919800000,2024-07-02T11:30:00+00:00,3451.25,3453.07,3449.67,3452.99,1515.98,5232552.3769
1719920700000,2024-07-02T11:45:00+00:00,3452.99,3452.99,3449,3451.2,1074.98,3709345.4113
1719921600000,2024-07-02T12:00:00+00:00,3451.2,3451.2,3444.9,3446.48,1505.75,5190281.5267
1719922500000,2024-07-02T12:15:00+00:00,3446.48,3451.21,3446.47,3447.2,1907.24,6576816.8213
1719923400000,2024-07-02T12:30:00+00:00,3447.2,3455.11,3447.2,3454.74,1686.85,5821612.9222
1719924300000,2024-07-02T12:45:00+00:00,3454.74,3457.61,3448.42,3450,5294.53,18287656.6846
1719925200000,2024-07-02T13:00:00+00:00,3450,3452.65,3447.99,3451.8,1906.67,6577904.2412
1719926100000,2024-07-02T13:15:00+00:00,3451.8,3457.79,3449.28,3455.04,1925.19,6649143.2719
1719927000000,2024-07-02T13:30:00+00:00,3455.04,3460.52,3442.68,3450.86,10728.28,37005899.5804
1719927900000,2024-07-02T13:45:00+00:00,3450.86,3452.89,3429.38,3436.84,13546.04,46580916.4729
1719928800000,2024-07-02T14:00:00+00:00,3436.84,3440.81,3415.92,3420.45,20103.18,68876430.5577
1719929700000,2024-07-02T14:15:00+00:00,3420.45,3427.03,3410.91,3425.98,25247.87,86327200.8049
1719930600000,2024-07-02T14:30:00+00:00,3425.98,3429.66,3399.23,3401.5,36216.61,123453011.0653
1719931500000,2024-07-02T14:45:00+00:00,3401.5,3414,3401.43,3410,13303.11,45337318.4448
1719932400000,2024-07-02T15:00:00+00:00,3410,3415,3409.57,3409.74,4043.21,13795627.0875
1719933300000,2024-07-02T15:15:00+00:00,3409.74,3413.83,3407.93,3408.99,2646.15,9023733.8281
1719934200000,2024-07-02T15:30:00+00:00,3408.99,3417.88,3407,3415.25,6564.05,22407810.5043
1719935100000,2024-07-02T15:45:00+00:00,3415.25,3418.28,3414.46,3415.29,3049.98,10416220.4497
1719936000000,2024-07-02T16:00:00+00:00,3415.29,3415.29,3409.92,3413,2799.81,9557020.0842
1719936900000,2024-07-02T16:15:00+00:00,3413,3415.52,3406.79,3410.63,5509.57,18786771.4741
1719937800000,2024-07-02T16:30:00+00:00,3410.63,3413.43,3408,3413.43,3442.66,11741263.3625
1719938700000,2024-07-02T16:45:00+00:00,3413.43,3416.12,3413.16,3414.6,1787.23,6103985.7094
1719939600000,2024-07-02T17:00:00+00:00,3414.6,3415.16,3411.52,3412.48,1547.8,5283931.8345
1719940500000,2024-07-02T17:15:00+00:00,3412.48,3416.17,3412.21,3415.02,1473.81,5032864.7102
1719941400000,2024-07-02T17:30:00+00:00,3415.02,3417.68,3414.65,3416.73,1366.16,4666861.5946
1719942300000,2024-07-02T17:45:00+00:00,3416.73,3422.81,3416.73,3422.81,4345.86,14864031.5908
1719943200000,2024-07-02T18:00:00+00:00,3422.81,3431.3,3422.68,3428.76,8593.44,29460456.686
1719944100000,2024-07-02T18:15:00+00:00,3428.76,3431.34,3427.17,3429.1,1939.5,6652188.843
1719945000000,2024-07-02T18:30:00+00:00,3429.1,3431,3427,3430.17,2121.63,7275006.5158
1719945900000,2024-07-02T18:45:00+00:00,3430.17,3431.42,3428.89,3428.89,714.67,2451602.1363
1719946800000,2024-07-02T19:00:00+00:00,3428.89,3430,3423.12,3423.65,2200.06,7534859.8003
1719947700000,2024-07-02T19:15:00+00:00,3423.65,3424.01,3420.08,3420.15,1685.41,5765761.1674
1719948600000,2024-07-02T19:30:00+00:00,3420.15,3424.67,3418.28,3420.75,3325.99,11377995.029
1719949500000,2024-07-02T19:45:00+00:00,3420.75,3420.97,3411.47,3414.11,6824.46,23307492.1534
1719950400000,2024-07-02T20:00:00+00:00,3414.11,3420.48,3411.35,3420.36,4537.4,15492036.7529
1719951300000,2024-07-02T20:15:00+00:00,3420.36,3421.48,3416.26,3419.59,1097.74,3754087.0042
1719952200000,2024-07-02T20:30:00+00:00,3419.59,3419.66,3415.98,3416.23,954.61,3262182.3249
1719953100000,2024-07-02T20:45:00+00:00,3416.23,3418.98,3415.59,3418.78,736.79,2517891.7569
1719954000000,2024-07-02T21:00:00+00:00,3418.78,3421.73,3415.6,3416.71,2329.92,7965799.2822
1719954900000,2024-07-02T21:15:00+00:00,3416.71,3423.84,3416.71,3423.52,1366.01,4673561.0493
1719955800000,2024-07-02T21:30:00+00:00,3423.52,3423.9,3422.85,3423.41,1475.32,5050995.2091
1719956700000,2024-07-02T21:45:00+00:00,3423.41,3427.21,3418.99,3419.13,2269.4,7773329.5956
1719957600000,2024-07-02T22:00:00+00:00,3419.13,3424,3419.13,3423.95,443.13,1516433.9873
1719958500000,2024-07-02T22:15:00+00:00,3423.95,3424.53,3420,3422.23,666.46,2280924.9498
1719959400000,2024-07-02T22:30:00+00:00,3422.23,3422.47,3416.09,3418.59,375.57,1284168.1797
1719960300000,2024-07-02T22:45:00+00:00,3418.59,3422.79,3416.51,3422.52,277.79,949926.34
1719961200000,2024-07-02T23:00:00+00:00,3422.52,3425.72,3421.02,3425.71,706.21,2417716.9559
1719962100000,2024-07-02T23:15:00+00:00,3425.71,3426.37,3422.15,3424.08,925.87,3171455.4451
1719963000000,2024-07-02T23:30:00+00:00,3424.08,3424.34,3420.92,3422.16,440.04,1505835.011
1719963900000,2024-07-02T23:45:00+00:00,3422.16,3422.7,3419.83,3420.83,223.34,764072.1798
1719964800000,2024-07-03T00:00:00+00:00,3420.83,3423.85,3419,3422.78,1313.67,4494279.624
1719965700000,2024-07-03T00:15:00+00:00,3422.78,3427.29,3421.97,3425.01,878.15,3008162.5087
1719966600000,2024-07-03T00:30:00+00:00,3425.01,3429.28,3425,3428.79,1251,4288108.8842
1719967500000,2024-07-03T00:45:00+00:00,3428.79,3430.46,3422.21,3422.46,1930.95,6616163.5869
1719968400000,2024-07-03T01:00:00+00:00,3422.46,3423.76,3407.51,3417.09,7534.54,25714087.7153
1719969300000,2024-07-03T01:15:00+00:00,3417.09,3424,3412.01,3414.31,5161.48,17636937.171
1719970200000,2024-07-03T01:30:00+00:00,3414.31,3419.18,3412,3412.66,1148.2,3919922.1525
1719971100000,2024-07-03T01:45:00+00:00,3412.66,3412.66,3381,3391.75,30181.85,102431711.0631
1719972000000,2024-07-03T02:00:00+00:00,3391.75,3393.99,3381.23,3388.97,8599.67,29128827.006
1719972900000,2024-07-03T02:15:00+00:00,3388.97,3389.75,3383.79,3389.7,3985.98,13502189.6127
1719973800000,2024-07-03T02:30:00+00:00,3389.7,3393.15,3371.29,3371.95,14339.41,48463545.4824
1719974700000,2024-07-03T02:45:00+00:00,3371.95,3385,3370.5,3382,9041.56,30544513.1106
1719975600000,2024-07-03T03:00:00+00:00,3382,3383.51,3340.17,3346.64,25601.37,86014341.0016
1719976500000,2024-07-03T03:15:00+00:00,3346.64,3358.12,3330,3354.88,26931.74,90160801.7584
1719977400000,2024-07-03T03:30:00+00:00,3354.88,3361.93,3350.76,3360.01,9025.73,30301443.5924
1719978300000,2024-07-03T03:45:00+00:00,3360.01,3361.68,3353.3,3358.56,3025.69,10161295.8483
1719979200000,2024-07-03T04:00:00+00:00,3358.56,3360.41,3350.36,3357.11,12388.02,41553222.1242
1719980100000,2024-07-03T04:15:00+00:00,3357.11,3360.87,3353.02,3360.63,4280.88,14375070.7831
1719981000000,2024-07-03T04:30:00+00:00,3360.63,3360.75,3353.81,3354.62,2417.12,8116669.6582
1719981900000,2024-07-03T04:45:00+00:00,3354.62,3359.91,3352,3358.82,3725.02,12500548.6717
1719982800000,2024-07-03T05:00:00+00:00,3358.82,3364.5,3356.95,3363.43,5259.91,17678966.7338
1719983700000,2024-07-03T05:15:00+00:00,3363.43,3364.07,3356.41,3358.55,2278.08,7651532.9427
1719984600000,2024-07-03T05:30:00+00:00,3358.55,3360.19,3356.93,3357.86,2225.84,7475715.3059
1719985500000,2024-07-03T05:45:00+00:00,3357.86,3366.72,3357.86,3366.72,2735.14,9197409.2341
1719986400000,2024-07-03T06:00:00+00:00,3366.72,3369.8,3363.91,3367.9,3949.3,13298797.1435
1719987300000,2024-07-03T06:15:00+00:00,3367.9,3369.11,3364.4,3365.37,2242.04,7549564.028
1719988200000,2024-07-03T06:30:00+00:00,3365.37,3369,3365.37,3367.76,1003.8,3380130.3765
1719989100000,2024-07-03T06:45:00+00:00,3367.76,3369.2,3366.34,3369.18,1517.98,5112678.4412
1719990000000,2024-07-03T07:00:00+00:00,3369.18,3369.18,3363.25,3363.27,1397.44,4703364.2039
1719990900000,2024-07-03T07:15:00+00:00,3363.27,3363.27,3352.7,3352.7,4671.09,15686233.8972
1719991800000,2024-07-03T07:30:00+00:00,3352.7,3358.24,3352,3353,4870.21,16340654.4035
1719992700000,2024-07-03T07:45:00+00:00,3353,3354.61,3350.72,3351.01,4372.65,14657991.1023
1719993600000,2024-07-03T08:00:00+00:00,3351.01,3353.16,3341.62,3345.71,9720.8,32538756.6211
1719994500000,2024-07-03T08:15:00+00:00,3345.71,3355.04,3345.13,3354.42,4976.57,16677056.8586
1719995400000,2024-07-03T08:30:00+00:00,3354.42,3354.94,3344.04,3344.74,3652.48,12230423.2936
1719996300000,2024-07-03T08:45:00+00:00,3344.74,3347.29,3332,3337.01,10389.08,34690828.8983
1719997200000,2024-07-03T09:00:00+00:00,3337.01,3350.33,3333.5,3347.98,7657.71,25599851.1942
1719998100000,2024-07-03T09:15:00+00:00,3347.98,3349.69,3339.14,3347.45,4221.4,14118514.2583
1719999000000,2024-07-03T09:30:00+00:00,3347.45,3348.25,3342.2,3344.77,1601.07,5357464.8456
1719999900000,2024-07-03T09:45:00+00:00,3344.77,3345.81,3338.21,3339.94,2333.44,7795787.9646
1720000800000,2024-07-03T10:00:00+00:00,3339.94,3340.67,3305.75,3316.31,23527.78,78144907.1242
1720001700000,2024-07-03T10:15:00+00:00,3316.31,3318.12,3300,3303.53,18612.34,61569573.9343
1720002600000,2024-07-03T10:30:00+00:00,3303.53,3311.42,3280.86,3310.65,27675.95,91300534.0471
1720003500000,2024-07-03T10:45:00+00:00,3310.65,3313.91,3308,3311.88,7244.09,23985540.5075
1720004400000,2024-07-03T11:00:00+00:00,3311.88,3311.88,3301.5,3302.99,3885.74,12844031.7345
1720005300000,2024-07-03T11:15:00+00:00,3302.99,3310.6,3293.93,3293.94,15680.9,51795527.3156
1720006200000,2024-07-03T11:30:00+00:00,3293.94,3300.02,3288.99,3298.29,13462.4,44349387.694
1720007100000,2024-07-03T11:45:00+00:00,3298.29,3310.06,3297.91,3305,8875.17,29330194.3989
1720008000000,2024-07-03T12:00:00+00:00,3305,3305.34,3293,3297.82,4921.71,16230196.0204
1720008900000,2024-07-03T12:15:00+00:00,3297.82,3305.78,3291.63,3295.26,4342.77,14323420.3756
1720009800000,2024-07-03T12:30:00+00:00,3295.26,3299.17,3279.41,3287.19,15906.57,52270900.2799
1720010700000,2024-07-03T12:45:00+00:00,3287.19,3291.66,3274,3289.16,13446.34,44141980.4941
1720011600000,2024-07-03T13:00:00+00:00,3289.16,3303.09,3279.72,3300.01,14479.58,47697339.5419
1720012500000,2024-07-03T13:15:00+00:00,3300.01,3306.13,3299.48,3305.93,8347.28,27568736.1438
1720013400000,2024-07-03T13:30:00+00:00,3305.93,3313.52,3301.3,3311,7949.14,26285001.5087
1720014300000,2024-07-03T13:45:00+00:00,3311,3317.64,3306.83,3315.5,15555.17,51561942.9322
1720015200000,2024-07-03T14:00:00+00:00,3315.5,3321.84,3308.95,3316.86,8561.84,28387376.1956
1720016100000,2024-07-03T14:15:00+00:00,3316.86,3322.9,3314.18,3314.69,9505.49,31545215.4842
1720017000000,2024-07-03T14:30:00+00:00,3314.69,3316.41,3306.53,3307.72,6934.69,22964149.97
1720017900000,2024-07-03T14:45:00+00:00,3307.72,3314.2,3304.39,3305.86,5006,16560332.2421
1720018800000,2024-07-03T15:00:00+00:00,3305.86,3309.96,3292,3308.86,21341.76,70477220.4643
1720019700000,2024-07-03T15:15:00+00:00,3308.86,3317.23,3305.62,3312,12724.29,42143887.0313
1720020600000,2024-07-03T15:30:00+00:00,3312,3312.2,3300,3303.51,6902.07,22811537.0504
1720021500000,2024-07-03T15:45:00+00:00,3303.51,3304.25,3295.51,3302.44,6852.28,22618144.6884
1720022400000,2024-07-03T16:00:00+00:00,3302.44,3307.17,3295.93,3301.17,4180.81,13809319.4729
1720023300000,2024-07-03T16:15:00+00:00,3301.17,3320,3301.17,3318.47,8462.73,28041583.2467
1720024200000,2024-07-03T16:30:00+00:00,3318.47,3319.44,3307.56,3309.19,6427.47,21281061.4674
1720025100000,2024-07-03T16:45:00+00:00,3309.19,3315.95,3306.67,3312.6,2048.18,6783422.6537
1720026000000,2024-07-03T17:00:00+00:00,3312.6,3315,3308.04,3311.15,1601.11,5302159.9848
1720026900000,2024-07-03T17:15:00+00:00,3311.15,3311.4,3307.62,3308.27,730.73,2418225.0893
1720027800000,2024-07-03T17:30:00+00:00,3308.27,3308.27,3299.99,3300.84,4160.08,13738609.9806
1720028700000,2024-07-03T17:45:00+00:00,3300.84,3302.09,3290.4,3300.06,4207.46,13863655.5056
1720029600000,2024-07-03T18:00:00+00:00,3300.06,3304.18,3292.6,3299.89,3638.54,12003069.4232
1720030500000,2024-07-03T18:15:00+00:00,3299.89,3305.27,3295.31,3304.51,1434.25,4734885.7126
1720031400000,2024-07-03T18:30:00+00:00,3304.51,3307.57,3301.44,3305.33,1381.39,4566552.502
1720032300000,2024-07-03T18:45:00+00:00,3305.33,3306,3294.33,3305.64,2376.13,7842759.129
1720033200000,2024-07-03T19:00:00+00:00,3305.64,3308.59,3285.16,3293.09,13727.56,45244730.7132
1720034100000,2024-07-03T19:15:00+00:00,3293.09,3295.66,3253.67,3278.99,31623.52,103559825.3641
1720035000000,2024-07-03T19:30:00+00:00,3278.99,3289.26,3277.07,3287.38,3429.37,11258100.7698
1720035900000,2024-07-03T19:45:00+00:00,3287.38,3289.43,3258.75,3265.2,10248.82,33503000.1476
1720036800000,2024-07-03T20:00:00+00:00,3265.2,3280,3265.17,3274.46,6551.38,21423088.2988
1720037700000,2024-07-03T20:15:00+00:00,3274.46,3282,3269.24,3272.53,2573,8431667.553
1720038600000,2024-07-03T20:30:00+00:00,3272.53,3276,3270,3272.05,1175.62,3848015.2277
1720039500000,2024-07-03T20:45:00+00:00,3272.05,3276.64,3250,3256.47,7874.05,25672804.8196
1720040400000,2024-07-03T21:00:00+00:00,3256.47,3278.52,3252,3276.45,9713.2,31723295.8272
1720041300000,2024-07-03T21:15:00+00:00,3276.45,3278.31,3269.21,3276.8,2850.7,9333996.8812
1720042200000,2024-07-03T21:30:00+00:00,3276.8,3289.08,3275.88,3288.64,5391.43,17710551.1099
1720043100000,2024-07-03T21:45:00+00:00,3288.64,3304,3288.64,3296.2,6582.37,21691322.7372
1720044000000,2024-07-03T22:00:00+00:00,3296.2,3301.81,3294.58,3298.93,2959.08,9758400.9394
1720044900000,2024-07-03T22:15:00+00:00,3298.93,3299.76,3291.68,3294.6,1451.5,4781978.1856
1720045800000,2024-07-03T22:30:00+00:00,3294.6,3300.94,3294.27,3300.94,1541.38,5084053.4542
1720046700000,2024-07-03T22:45:00+00:00,3300.94,3302.51,3297.51,3300.57,1154.94,3812456.5998
1720047600000,2024-07-03T23:00:00+00:00,3300.57,3302.45,3296,3299.1,1571.29,5182042.3807
1720048500000,2024-07-03T23:15:00+00:00,3299.1,3299.73,3297.63,3298.97,705.43,2326981.5871
1720049400000,2024-07-03T23:30:00+00:00,3298.97,3298.97,3294,3294.87,752.95,2481374.018
1720050300000,2024-07-03T23:45:00+00:00,3294.87,3297.87,3292.76,3293.59,662.86,2184929.7007
1720051200000,2024-07-04T00:00:00+00:00,3293.59,3303.41,3293.59,3303.07,3882.16,12808528.7452
1720052100000,2024-07-04T00:15:00+00:00,3303.07,3310.68,3302.02,3303,3560.88,11776564.4836
1720053000000,2024-07-04T00:30:00+00:00,3303,3311.75,3301.35,3309.75,2076.68,6871226.2976
1720053900000,2024-07-04T00:45:00+00:00,3309.75,3311.29,3303.34,3305.33,9300.19,30752611.8297
1720054800000,2024-07-04T01:00:00+00:00,3305.33,3306.17,3278.53,3279.64,11042.99,36330471.7419
1720055700000,2024-07-04T01:15:00+00:00,3279.64,3292,3265.72,3289.76,12420.11,40750967.7118
1720056600000,2024-07-04T01:30:00+00:00,3289.76,3289.76,3229.28,3252.98,38261.91,124376070.2328
1720057500000,2024-07-04T01:45:00+00:00,3252.98,3252.98,3201.64,3208.67,50185.64,161759166.9326
1720058400000,2024-07-04T02:00:00+00:00,3208.67,3209.33,3152.24,3203.95,46279.26,147565825.8978
1720059300000,2024-07-04T02:15:00+00:00,3203.95,3222.9,3203.45,3222.5,16633.34,53442571.0931
1720060200000,2024-07-04T02:30:00+00:00,3222.5,3226.15,3217.15,3225.46,11808.15,38054343.0783
1720061100000,2024-07-04T02:45:00+00:00,3225.46,3229.43,3219.83,3226.28,6231.91,20103824.9221
1720062000000,2024-07-04T03:00:00+00:00,3226.28,3230.52,3225.01,3227,3983.82,12863830.7696
1720062900000,2024-07-04T03:15:00+00:00,3227,3231.05,3221.68,3228.11,5201.65,16777236.5422
1720063800000,2024-07-04T03:30:00+00:00,3228.11,3235.62,3228.11,3235.51,5386.66,17422374.1776
1720064700000,2024-07-04T03:45:00+00:00,3235.51,3241.75,3232.64,3240.64,8773.4,28389818.0613
1720065600000,2024-07-04T04:00:00+00:00,3240.64,3244.45,3237.74,3243.37,3849.7,12473230.0178
1720066500000,2024-07-04T04:15:00+00:00,3243.37,3244.14,3226.62,3229.62,7604.25,24607510.5143
1720067400000,2024-07-04T04:30:00+00:00,3229.62,3234,3224.46,3231.56,3078.73,9945305.8823
1720068300000,2024-07-04T04:45:00+00:00,3231.56,3238.13,3230.29,3235.05,1556.28,5033239.4382
1720069200000,2024-07-04T05:00:00+00:00,3235.05,3235.47,3226.25,3227.89,2511.55,8110702.3629
1720070100000,2024-07-04T05:15:00+00:00,3227.89,3230.71,3226.14,3227.6,1277.66,4124620.7526
1720071000000,2024-07-04T05:30:00+00:00,3227.6,3231.03,3223.26,3225.55,4618.12,14904842.6905
1720071900000,2024-07-04T05:45:00+00:00,3225.55,3225.99,3221,3222.6,2066.64,6661057.2775
1720072800000,2024-07-04T06:00:00+00:00,3222.6,3224,3213.83,3217.28,7492.94,24121933.0848
1720073700000,2024-07-04T06:15:00+00:00,3217.28,3218.51,3193.31,3198.84,8303.31,26650021.2971
1720074600000,2024-07-04T06:30:00+00:00,3198.84,3224.33,3190.87,3212.07,13479.39,43224242.7992
1720075500000,2024-07-04T06:45:00+00:00,3212.07,3214.76,3201.64,3202.33,5878.07,18851444.3821
1720076400000,2024-07-04T07:00:00+00:00,3202.33,3206.89,3193.61,3196.27,4538.91,14522395.5542
1720077300000,2024-07-04T07:15:00+00:00,3196.27,3197.65,3185.45,3189.23,9517.86,30366805.6706
1720078200000,2024-07-04T07:30:00+00:00,3189.23,3194.5,3180.01,3186.9,12193.77,38874921.4928
1720079100000,2024-07-04T07:45:00+00:00,3186.9,3190.19,3168.8,3180.43,19342.05,61487245.2308
1720080000000,2024-07-04T08:00:00+00:00,3180.43,3194.06,3178.44,3189.44,13176.1,41994600.478
1720080900000,2024-07-04T08:15:00+00:00,3189.44,3190,3179.77,3179.77,4007.71,12766909.8714
1720081800000,2024-07-04T08:30:00+00:00,3179.77,3182.96,3140.18,3163.02,25245.6,79936312.397
1720082700000,2024-07-04T08:45:00+00:00,3163.02,3171.37,3151.07,3167.22,19165.44,60575593.8354
1720083600000,2024-07-04T09:00:00+00:00,3167.22,3170,3122.68,3155.69,36442.17,114678183.5264
1720084500000,2024-07-04T09:15:00+00:00,3155.69,3161.82,3129,3159.56,20118.96,63317581.7156
1720085400000,2024-07-04T09:30:00+00:00,3159.56,3171.67,3157.58,3167.38,12541.26,39692551.1967
1720086300000,2024-07-04T09:45:00+00:00,3167.38,3169.99,3160.41,3162.65,5159.04,16317970.0395
1720087200000,2024-07-04T10:00:00+00:00,3162.65,3163.91,3139.6,3144.91,12600.06,39706639.5619
1720088100000,2024-07-04T10:15:00+00:00,3144.91,3150.5,3130.53,3146.23,9914.05,31128502.1425
1720089000000,2024-07-04T10:30:00+00:00,3146.23,3157.83,3138.05,3156.63,6139.6,19315795.1286
1720089900000,2024-07-04T10:45:00+00:00,3156.63,3168.61,3155.17,3168.6,7827.12,24734293.417
1720090800000,2024-07-04T11:00:00+00:00,3168.6,3176.81,3164.48,3168.76,6479.24,20547534.8453
1720091700000,2024-07-04T11:15:00+00:00,3168.76,3170,3155.74,3157.14,14805.69,46813513.0697
1720092600000,2024-07-04T11:30:00+00:00,3157.14,3158.73,3154.4,3155.28,2211.22,6980579.1571
1720093500000,2024-07-04T11:45:00+00:00,3155.28,3160.59,3152.06,3158.11,3704.96,11697451.634
1720094400000,2024-07-04T12:00:00+00:00,3158.11,3158.11,3145.04,3145.47,3619.64,11406354.2684
1720095300000,2024-07-04T12:15:00+00:00,3145.47,3150.21,3135.68,3150.21,6284.57,19739538.3045
1720096200000,2024-07-04T12:30:00+00:00,3150.21,3157.71,3139.22,3145.01,5789.09,18231376.8485
1720097100000,2024-07-04T12:45:00+00:00,3145.01,3145.01,3126,3131.03,11571.75,36267044.5179
1720098000000,2024-07-04T13:00:00+00:00,3131.03,3147.33,3124,3137.5,13865.63,43487874.4088
1720098900000,2024-07-04T13:15:00+00:00,3137.5,3141.94,3088.95,3103.02,37518.54,116879971.3946
1720099800000,2024-07-04T13:30:00+00:00,3103.02,3104.86,3088.4,3094.23,23927.07,74109409.4815
1720100700000,2024-07-04T13:45:00+00:00,3094.23,3126.7,3093.53,3124.54,16390.05,51096151.3564
1720101600000,2024-07-04T14:00:00+00:00,3124.54,3128.99,3106.05,3111.66,9273.99,28897413.6514
1720102500000,2024-07-04T14:15:00+00:00,3111.66,3119.22,3089.71,3098.25,16677.33,51797729.1422
1720103400000,2024-07-04T14:30:00+00:00,3098.25,3122.07,3091.11,3114.2,12775.86,39716180.3055
1720104300000,2024-07-04T14:45:00+00:00,3114.2,3125.68,3111.74,3121.47,8423.59,26300731.3144
1720105200000,2024-07-04T15:00:00+00:00,3121.47,3126.83,3114,3126.81,5817.89,18150105.2291
1720106100000,2024-07-04T15:15:00+00:00,3126.81,3127.15,3106.12,3114.32,7423.28,23095748.3276
1720107000000,2024-07-04T15:30:00+00:00,3114.32,3129.73,3110.56,3127.82,5637.41,17580681.6291
1720107900000,2024-07-04T15:45:00+00:00,3127.82,3146.58,3125.46,3136.5,11395,35725566.2958
1720108800000,2024-07-04T16:00:00+00:00,3136.5,3137,3118.3,3120.24,8293.54,25917300.4326
1720109700000,2024-07-04T16:15:00+00:00,3120.24,3129.07,3119.72,3121.55,6408.11,20025514.4822
1720110600000,2024-07-04T16:30:00+00:00,3121.55,3131.89,3111,3129.99,13939.62,43493562.2221
1720111500000,2024-07-04T16:45:00+00:00,3129.99,3142.84,3123.28,3138.94,4730.46,14828835.4084
1720112400000,2024-07-04T17:00:00+00:00,3138.94,3143.08,3134.98,3135.55,2784.76,8738742.6352
1720113300000,2024-07-04T17:15:00+00:00,3135.55,3142.65,3132.85,3140.26,1217.93,3820533.4281
1720114200000,2024-07-04T17:30:00+00:00,3140.26,3140.26,3132.23,3135.02,1193.57,3743140.8403
1720115100000,2024-07-04T17:45:00+00:00,3135.02,3143.21,3133.17,3141.33,969.84,3045428.9673
1720116000000,2024-07-04T18:00:00+00:00,3141.33,3144,3124.09,3129.79,3187.25,9992009.1465
1720116900000,2024-07-04T18:15:00+00:00,3129.79,3132.65,3125,3132.65,1189.04,3719208.6325
1720117800000,2024-07-04T18:30:00+00:00,3132.65,3141.92,3130.83,3131.66,3159.78,9917661.1105
1720118700000,2024-07-04T18:45:00+00:00,3131.66,3131.66,3125.09,3129.18,2334.84,7303365.171
1720119600000,2024-07-04T19:00:00+00:00,3129.18,3141.45,3126.51,3139.39,2155.75,6760150.9719
1720120500000,2024-07-04T19:15:00+00:00,3139.39,3147.83,3134,3142.94,5019.57,15779048.5285
1720121400000,2024-07-04T19:30:00+00:00,3142.94,3150,3139,3139,4012.81,12625321.2129
1720122300000,2024-07-04T19:45:00+00:00,3139,3139.01,3130.78,3131.72,1495.3,4687421.3118
1720123200000,2024-07-04T20:00:00+00:00,3131.72,3132.76,3125.8,3130.27,3364.76,10524840.9216
1720124100000,2024-07-04T20:15:00+00:00,3130.27,3134.65,3127.91,3132.86,2284.54,7156065.3861
1720125000000,2024-07-04T20:30:00+00:00,3132.86,3135.85,3129.9,3134.47,1060.51,3322305.4144
1720125900000,2024-07-04T20:45:00+00:00,3134.47,3141.54,3130.72,3141.54,1136.08,3564065.2825
1720126800000,2024-07-04T21:00:00+00:00,3141.54,3147.28,3137.86,3147.28,1483.71,4664658.8268
1720127700000,2024-07-04T21:15:00+00:00,3147.28,3166.75,3147.01,3156.96,11964.26,37770483.9058
1720128600000,2024-07-04T21:30:00+00:00,3156.96,3157.49,3151.18,3153.94,1757.68,5545070.7842
1720129500000,2024-07-04T21:45:00+00:00,3153.94,3162.15,3153,3160.98,1847.14,5828327.0527
1720130400000,2024-07-04T22:00:00+00:00,3160.98,3167.41,3157.29,3157.99,3814.78,12064252.7093
1720131300000,2024-07-04T22:15:00+00:00,3157.99,3158.02,3140.5,3141.6,5921.85,18634392.8566
1720132200000,2024-07-04T22:30:00+00:00,3141.6,3142.46,3131.09,3135.76,5208.25,16333448.1205
1720133100000,2024-07-04T22:45:00+00:00,3135.76,3136.09,3124.51,3126.34,4135.5,12942457.475
1720134000000,2024-07-04T23:00:00+00:00,3126.34,3127.67,3109,3117.97,6648.62,20725227.4872
1720134900000,2024-07-04T23:15:00+00:00,3117.97,3117.97,3097.53,3097.63,10896.92,33808801.4324
1720135800000,2024-07-04T23:30:00+00:00,3097.63,3098.48,3055,3070.2,32552.19,100267521.0146
1720136700000,2024-07-04T23:45:00+00:00,3070.2,3078.94,3050,3058.55,16031.05,49116916.7555
1720137600000,2024-07-05T00:00:00+00:00,3058.55,3071.03,3038.89,3053.45,28253.14,86303790.1686
1720138500000,2024-07-05T00:15:00+00:00,3053.45,3083.19,3053.45,3069.99,17607.24,54120191.9503
1720139400000,2024-07-05T00:30:00+00:00,3069.99,3087,3052.33,3075.66,22670.66,69722687.2149
1720140300000,2024-07-05T00:45:00+00:00,3075.66,3105.62,3075,3103.27,14656.56,45378359.3655
1720141200000,2024-07-05T01:00:00+00:00,3103.27,3105.83,3085,3087.01,6368.78,19718136.5048
1720142100000,2024-07-05T01:15:00+00:00,3087.01,3094.23,3070.33,3077.32,9830.07,30278458.7001
1720143000000,2024-07-05T01:30:00+00:00,3077.32,3090.12,3059.75,3077.23,10568.8,32495844.7769
1720143900000,2024-07-05T01:45:00+00:00,3077.23,3098.72,3077.23,3093.96,6686.85,20690967.0299
1720144800000,2024-07-05T02:00:00+00:00,3093.96,3093.96,3067.49,3070,5284.34,16260487.4863
1720145700000,2024-07-05T02:15:00+00:00,3070,3076.58,3046.67,3059.28,14631.41,44790113.359
1720146600000,2024-07-05T02:30:00+00:00,3059.28,3084.99,3043.86,3051.99,28084.33,85957066.0626
1720147500000,2024-07-05T02:45:00+00:00,3051.99,3056.69,2878.96,2925.42,71559.2,212804414.066
1720148400000,2024-07-05T03:00:00+00:00,2925.42,2953.28,2868,2918.02,86980.28,253977844.8412
1720149300000,2024-07-05T03:15:00+00:00,2918.02,2938.42,2915,2928.28,16821.14,49206890.956
1720150200000,2024-07-05T03:30:00+00:00,2928.28,2937.18,2906.42,2917.59,27847.15,81273607.0193
1720151100000,2024-07-05T03:45:00+00:00,2917.59,2920.43,2900.95,2919.39,22165.77,64537744.7003
1720152000000,2024-07-05T04:00:00+00:00,2919.39,2926.74,2905,2908.64,13803.87,40214897.061
1720152900000,2024-07-05T04:15:00+00:00,2908.64,2909.4,2805,2896.14,95176.24,272197628.6506
1720153800000,2024-07-05T04:30:00+00:00,2896.14,2908.25,2889.36,2895.67,28545.8,82765587.9472
1720154700000,2024-07-05T04:45:00+00:00,2895.67,2897.82,2852.23,2864.07,27574.06,79334601.826
1720155600000,2024-07-05T05:00:00+00:00,2864.07,2901.34,2852,2900.01,26947.18,77582618.1785
1720156500000,2024-07-05T05:15:00+00:00,2900.01,2903.7,2877.77,2877.78,21515.88,62207296.2221
1720157400000,2024-07-05T05:30:00+00:00,2877.78,2879.4,2862.33,2878,13946.8,40036244.8377
1720158300000,2024-07-05T05:45:00+00:00,2878,2901.8,2877.39,2900.34,18046.06,52220443.4576
1720159200000,2024-07-05T06:00:00+00:00,2900.34,2902.79,2870.88,2875.24,18964.72,54665224.3721
1720160100000,2024-07-05T06:15:00+00:00,2875.24,2875.24,2858.01,2860.43,15702.06,45005741.3438
1720161000000,2024-07-05T06:30:00+00:00,2860.43,2875.78,2842.05,2872.09,34515.85,98520689.3615
1720161900000,2024-07-05T06:45:00+00:00,2872.09,2881.98,2853.67,2860.09,17667.34,50655107.183
1720162800000,2024-07-05T07:00:00+00:00,2860.09,2863.46,2849.56,2859.47,5844.48,16693860.1676
1720163700000,2024-07-05T07:15:00+00:00,2859.47,2873.3,2859.46,2866.97,7752.4,22240406.4619
1720164600000,2024-07-05T07:30:00+00:00,2866.97,2866.97,2846,2861.54,12870.93,36758308.0924
1720165500000,2024-07-05T07:45:00+00:00,2861.54,2880,2857.73,2879.99,19419.61,55761813.0867
1720166400000,2024-07-05T08:00:00+00:00,2879.99,2880,2866.01,2880,12054.86,34629611.2815
1720167300000,2024-07-05T08:15:00+00:00,2880,2883,2865.13,2877.48,7015.62,20157950.0693
1720168200000,2024-07-05T08:30:00+00:00,2877.48,2882.81,2860.09,2862.13,9286.74,26642714.05
1720169100000,2024-07-05T08:45:00+00:00,2862.13,2862.94,2848.41,2850.3,14754.32,42119826.0229
1720170000000,2024-07-05T09:00:00+00:00,2850.3,2851.49,2821.43,2833.74,40191.82,113991909.8182
1720170900000,2024-07-05T09:15:00+00:00,2833.74,2870,2832.73,2869.99,19415.46,55367960.0686
1720171800000,2024-07-05T09:30:00+00:00,2869.99,2879.12,2865.62,2879.12,23092.45,66278021.4161
1720172700000,2024-07-05T09:45:00+00:00,2879.12,2887.51,2870.94,2881.74,12749.16,36693148.5448
1720173600000,2024-07-05T10:00:00+00:00,2881.74,2923.8,2872.07,2920.64,36901.95,107073772.5702
1720174500000,2024-07-05T10:15:00+00:00,2920.64,2929.13,2903.98,2919.89,30866.21,90060543.0271
1720175400000,2024-07-05T10:30:00+00:00,2919.89,2927,2913.47,2924.19,15787.88,46109780.6196
1720176300000,2024-07-05T10:45:00+00:00,2924.19,2927.87,2909.38,2912.42,12662.06,36923945.3619
1720177200000,2024-07-05T11:00:00+00:00,2912.42,2939.87,2911.57,2937.98,13012.86,38123927.3963
1720178100000,2024-07-05T11:15:00+00:00,2937.98,2947.75,2926.46,2945.43,11633.41,34174655.2404
1720179000000,2024-07-05T11:30:00+00:00,2945.43,2947.9,2934.21,2947.89,21217.92,62423117.4109
1720179900000,2024-07-05T11:45:00+00:00,2947.89,2955,2938.55,2945.62,17383.94,51233117.3549
1720180800000,2024-07-05T12:00:00+00:00,2945.62,2945.88,2934.37,2942,18177.51,53419002.8999
1720181700000,2024-07-05T12:15:00+00:00,2942,2954.59,2936,2953.53,14690.46,43319280.8186
1720182600000,2024-07-05T12:30:00+00:00,2953.53,2990.5,2921.57,2951.74,48365.48,142439960.5924
1720183500000,2024-07-05T12:45:00+00:00,2951.74,2953,2933.68,2933.68,6033.64,17755694.8087
1720184400000,2024-07-05T13:00:00+00:00,2933.68,2960.46,2918.95,2953.24,24457.28,71862338.4811
1720185300000,2024-07-05T13:15:00+00:00,2953.24,2968,2945.01,2967.35,20324.9,60054704.8727
1720186200000,2024-07-05T13:30:00+00:00,2967.35,2976.49,2961.11,2966.23,14886.84,44209023.811
1720187100000,2024-07-05T13:45:00+00:00,2966.23,2973.6,2954.48,2970.01,19070.31,56487124.8398
1720188000000,2024-07-05T14:00:00+00:00,2970.01,2972.9,2943.93,2948.35,15329.55,45296132.0705
1720188900000,2024-07-05T14:15:00+00:00,2948.35,2949.08,2934.26,2935.64,7687.72,22616696.0661
1720189800000,2024-07-05T14:30:00+00:00,2935.64,2954.51,2934.88,2953.56,7272.44,21416828.3633
1720190700000,2024-07-05T14:45:00+00:00,2953.56,2964.72,2949.95,2953.86,5351.39,15819851.6254
1720191600000,2024-07-05T15:00:00+00:00,2953.86,2997.97,2948.12,2989.19,35178.4,104920893.3743
1720192500000,2024-07-05T15:15:00+00:00,2989.19,2992.98,2979.42,2990.94,7758.06,23163865.4316
1720193400000,2024-07-05T15:30:00+00:00,2990.94,3003.49,2985.39,2994.19,17441.63,52226870.4256
1720194300000,2024-07-05T15:45:00+00:00,2994.19,2994.42,2975.97,2988.71,10248.7,30616862.1777
1720195200000,2024-07-05T16:00:00+00:00,2988.71,2993.78,2976.12,2982.16,7893.47,23557777.0839
1720196100000,2024-07-05T16:15:00+00:00,2982.16,2999.24,2977.76,2982.16,7994.24,23894980.6175
1720197000000,2024-07-05T16:30:00+00:00,2982.16,2982.16,2970,2970.51,6319.18,18795080.4176
1720197900000,2024-07-05T16:45:00+00:00,2970.51,2976.36,2959.71,2965.06,7835.28,23240582.7059
1720198800000,2024-07-05T17:00:00+00:00,2965.06,2975.24,2960,2975.03,11613.25,34462887.6344
1720199700000,2024-07-05T17:15:00+00:00,2975.03,2989.53,2975,2984.63,9614.89,28657671.0886
1720200600000,2024-07-05T17:30:00+00:00,2984.63,2991.89,2977.62,2982.73,5042.51,15034266.3659
1720201500000,2024-07-05T17:45:00+00:00,2982.73,2995,2981.3,2988.51,5738.36,17146816.9081
1720202400000,2024-07-05T18:00:00+00:00,2988.51,2990.55,2968.33,2969.71,3205.91,9548004.2334
1720203300000,2024-07-05T18:15:00+00:00,2969.71,2983.68,2956.55,2978.05,9750.32,28975822.0733
1720204200000,2024-07-05T18:30:00+00:00,2978.05,2989.93,2976.32,2982.97,3693.58,11021345.3977
1720205100000,2024-07-05T18:45:00+00:00,2982.97,2993.32,2982.05,2991.12,5130.22,15324282.2044
1720206000000,2024-07-05T19:00:00+00:00,2991.12,2993.3,2979.03,2981.34,3008.22,8981735.6213
1720206900000,2024-07-05T19:15:00+00:00,2981.34,2993.32,2977.66,2992.07,2065.56,6171655.2468
1720207800000,2024-07-05T19:30:00+00:00,2992.07,2992.93,2983.07,2988.3,2308.25,6894451.3752
1720208700000,2024-07-05T19:45:00+00:00,2988.3,2990.7,2980,2985.92,1317.98,3932297.7143
1720209600000,2024-07-05T20:00:00+00:00,2985.92,2986.05,2972.94,2972.94,1408.33,4194542.7821
1720210500000,2024-07-05T20:15:00+00:00,2972.94,2973.93,2966.51,2968.5,2617.39,7769559.1561
1720211400000,2024-07-05T20:30:00+00:00,2968.5,2970.1,2961.6,2964.96,1569.2,4652896.7206
1720212300000,2024-07-05T20:45:00+00:00,2964.96,2973.92,2964.96,2972.16,1010.11,3001379.5086
1720213200000,2024-07-05T21:00:00+00:00,2972.16,2978.26,2971.04,2978.26,1285.99,3824502.9106
1720214100000,2024-07-05T21:15:00+00:00,2978.26,2980.7,2967.65,2969.75,1205.7,3584104.6582
1720215000000,2024-07-05T21:30:00+00:00,2969.75,2986.62,2969.75,2976.24,8467.19,25241717.9773
1720215900000,2024-07-05T21:45:00+00:00,2976.24,2985.8,2975.06,2975.94,2262.45,6743574.1271
1720216800000,2024-07-05T22:00:00+00:00,2975.94,2976.15,2965.67,2972.56,2176.8,6463448.6663
1720217700000,2024-07-05T22:15:00+00:00,2972.56,2987.18,2972.56,2984.95,2303.62,6871338.0632
1720218600000,2024-07-05T22:30:00+00:00,2984.95,2986.95,2978.8,2979.75,1300.29,3879892.7222
1720219500000,2024-07-05T22:45:00+00:00,2979.75,2983.5,2972.62,2975.38,1719.96,5115888.9432
1720220400000,2024-07-05T23:00:00+00:00,2975.38,2985,2974.2,2985,2120.85,6317136.3005
1720221300000,2024-07-05T23:15:00+00:00,2985,2990,2980.35,2988.63,3199.44,9552810.2183
1720222200000,2024-07-05T23:30:00+00:00,2988.63,2990,2982.28,2988.64,1515.07,4525142.245
1720223100000,2024-07-05T23:45:00+00:00,2988.64,2990,2977.83,2979.97,2498.38,7451904.0914
1720224000000,2024-07-06T00:00:00+00:00,2979.97,2984.8,2969.52,2973.66,3038.41,9035431.2327
1720224900000,2024-07-06T00:15:00+00:00,2973.66,2982,2970,2980.63,1794.99,5346204.672
1720225800000,2024-07-06T00:30:00+00:00,2980.63,3024.45,2979.02,3013.94,19101.65,57471663.4959
1720226700000,2024-07-06T00:45:00+00:00,3013.94,3015.34,2983.56,2985.45,10034.79,30046144.0973
1720227600000,2024-07-06T01:00:00+00:00,2985.45,2986.89,2970,2979.51,8389.01,24965031.7909
1720228500000,2024-07-06T01:15:00+00:00,2979.51,2982.03,2970.26,2973.03,4158.23,12367973.1752
1720229400000,2024-07-06T01:30:00+00:00,2973.03,2973.58,2959.67,2965.01,5029.06,14920945.9305
1720230300000,2024-07-06T01:45:00+00:00,2965.01,2967.86,2959.3,2960.48,2187.74,6487460.3159
1720231200000,2024-07-06T02:00:00+00:00,2960.48,2967,2953.19,2955.4,6733.16,19921906.3856
1720232100000,2024-07-06T02:15:00+00:00,2955.4,2970.26,2955.4,2968.89,9359.98,27754576.9583
1720233000000,2024-07-06T02:30:00+00:00,2968.89,2985,2968.16,2978.78,5560.33,16565276.9789
1720233900000,2024-07-06T02:45:00+00:00,2978.78,2983.1,2976.97,2978.29,990.13,2949413.6653
1720234800000,2024-07-06T03:00:00+00:00,2978.29,2980.61,2973.17,2973.58,2756.65,8207241.8732
1720235700000,2024-07-06T03:15:00+00:00,2973.58,2982.06,2970.34,2972.09,2936.75,8742819.3123
1720236600000,2024-07-06T03:30:00+00:00,2972.09,2980,2968.3,2979.94,3595.08,10684290.5334
1720237500000,2024-07-06T03:45:00+00:00,2979.94,2981,2975.58,2978,710.16,2114708.0819
1720238400000,2024-07-06T04:00:00+00:00,2978,2980,2969.28,2974.3,1512.03,4494859.3185
1720239300000,2024-07-06T04:15:00+00:00,2974.3,2974.82,2966.8,2969.21,2386.96,7093316.553
1720240200000,2024-07-06T04:30:00+00:00,2969.21,2970,2962.23,2965.33,2873.89,8520494.92
1720241100000,2024-07-06T04:45:00+00:00,2965.33,2967.24,2959.63,2960.47,1916.74,5679393.8741
1720242000000,2024-07-06T05:00:00+00:00,2960.47,2968.45,2960.1,2964.65,1648.87,4888387.4479
1720242900000,2024-07-06T05:15:00+00:00,2964.65,2972.34,2962.81,2970.52,1590.39,4721089.3311
1720243800000,2024-07-06T05:30:00+00:00,2970.52,2976.48,2969.46,2973.38,1385.22,4119112.8414
1720244700000,2024-07-06T05:45:00+00:00,2973.38,2973.38,2968.37,2969.64,1521.44,4519904.1441
1720245600000,2024-07-06T06:00:00+00:00,2969.64,2978.26,2969.64,2977.99,2711.64,8069949.3347
1720246500000,2024-07-06T06:15:00+00:00,2977.99,2988.01,2976.57,2983.99,8468.2,25265740.7154
1720247400000,2024-07-06T06:30:00+00:00,2983.99,2996.9,2983.99,2993.94,8463.18,25318119.6383
1720248300000,2024-07-06T06:45:00+00:00,2993.94,2994.11,2985.16,2989.85,13942.49,41663763.1762
1720249200000,2024-07-06T07:00:00+00:00,2989.85,3008.68,2987.46,3008.02,14261.04,42843354.4594
1720250100000,2024-07-06T07:15:00+00:00,3008.02,3013.53,3006.63,3006.98,12149.47,36565021.8456
1720251000000,2024-07-06T07:30:00+00:00,3006.98,3012.99,3005.04,3006.46,6660.5,20049482.7306
1720251900000,2024-07-06T07:45:00+00:00,3006.46,3006.76,3001.1,3002.8,2416.25,7255956.0458
1720252800000,2024-07-06T08:00:00+00:00,3002.8,3004,2995.52,2997.7,6682.98,20047331.0418
1720253700000,2024-07-06T08:15:00+00:00,2997.7,3012.78,2996.84,3011.09,7310.42,21984455.8314
1720254600000,2024-07-06T08:30:00+00:00,3011.09,3011.09,3001.64,3001.64,3933.51,11827515.8495
1720255500000,2024-07-06T08:45:00+00:00,3001.64,3001.99,2997.01,3000.68,1958.68,5873185.2639
1720256400000,2024-07-06T09:00:00+00:00,3000.68,3000.68,2990.01,2992.51,4024.67,12044423.2967
1720257300000,2024-07-06T09:15:00+00:00,2992.51,2992.51,2986.8,2987.45,2635.09,7875198.975
1720258200000,2024-07-06T09:30:00+00:00,2987.45,2995.43,2983.04,2994.75,3308.08,9888175.102
1720259100000,2024-07-06T09:45:00+00:00,2994.75,3004.44,2989.26,3002.5,5087.92,15241929.5009
1720260000000,2024-07-06T10:00:00+00:00,3002.5,3006.53,2996.12,3003.16,5671.09,17019961.9759
1720260900000,2024-07-06T10:15:00+00:00,3003.16,3003.16,2999.71,3000.18,1509.69,4530114.1617
1720261800000,2024-07-06T10:30:00+00:00,3000.18,3005.27,2997.57,3002.11,1984.28,5957948.5407
1720262700000,2024-07-06T10:45:00+00:00,3002.11,3012.55,3002.11,3008.62,4140.79,12455605.2533
1720263600000,2024-07-06T11:00:00+00:00,3008.62,3008.62,3002.95,3005.03,3775.11,11350301.6414
1720264500000,2024-07-06T11:15:00+00:00,3005.03,3011.07,3003.02,3004.79,1675.9,5038579.5083
1720265400000,2024-07-06T11:30:00+00:00,3004.79,3009.26,3001.14,3001.23,1486.05,4465760.4029
1720266300000,2024-07-06T11:45:00+00:00,3001.23,3006.13,3001.04,3003.71,1700.8,5108504.4864
1720267200000,2024-07-06T12:00:00+00:00,3003.71,3007.14,3001.47,3002,1783.4,5356799.0759
1720268100000,2024-07-06T12:15:00+00:00,3002,3006.47,2999.45,3000.32,4812.04,14452995.0877
1720269000000,2024-07-06T12:30:00+00:00,3000.32,3001.93,2991.7,2993.84,5449.54,16327384.3111
1720269900000,2024-07-06T12:45:00+00:00,2993.84,3000,2990,2999.79,12043.51,36060590.1715
1720270800000,2024-07-06T13:00:00+00:00,2999.79,3003,2992.98,2996.37,6325.51,18959351.3982
1720271700000,2024-07-06T13:15:00+00:00,2996.37,3002.95,2994,3002.19,6351.5,19058066.6281
1720272600000,2024-07-06T13:30:00+00:00,3002.19,3004.57,2999.48,3002.01,2170.3,6515182.714
1720273500000,2024-07-06T13:45:00+00:00,3002.01,3018.35,3002,3005.41,15356.38,46244389.7191
1720274400000,2024-07-06T14:00:00+00:00,3005.41,3014.18,2993.9,2997,8989.3,26981809.6175
1720275300000,2024-07-06T14:15:00+00:00,2997,3000.44,2993.61,2999.54,2220.02,6652968.605
1720276200000,2024-07-06T14:30:00+00:00,2999.54,3012.74,2998.01,3007.06,3309.54,9953047.238
1720277100000,2024-07-06T14:45:00+00:00,3007.06,3013.97,3004.2,3010.28,6225.02,18738724.6802
1720278000000,2024-07-06T15:00:00+00:00,3010.28,3011.95,3005.4,3008.17,2958.6,8901032.8313
1720278900000,2024-07-06T15:15:00+00:00,3008.17,3020.54,3006.96,3018.09,4287.48,12925674.4094
1720279800000,2024-07-06T15:30:00+00:00,3018.09,3027.29,3018.09,3026.85,19217.2,58075078.8107
1720280700000,2024-07-06T15:45:00+00:00,3026.85,3028.64,3016,3018.24,6646.47,20081609.1634
1720281600000,2024-07-06T16:00:00+00:00,3018.24,3019.49,3014.06,3017.4,5608.29,16916717.5984
1720282500000,2024-07-06T16:15:00+00:00,3017.4,3041.04,3016.74,3039.84,21484.41,65185189.411
1720283400000,2024-07-06T16:30:00+00:00,3039.84,3057.84,3034.04,3055.05,26306.16,80076623.9316
1720284300000,2024-07-06T16:45:00+00:00,3055.05,3064.24,3046,3049.45,22414.93,68441342.9094
1720285200000,2024-07-06T17:00:00+00:00,3049.45,3049.67,3037.8,3038.4,5973.56,18177562.9796
1720286100000,2024-07-06T17:15:00+00:00,3038.4,3049.44,3038.4,3043.18,6439.24,19614112.1138
1720287000000,2024-07-06T17:30:00+00:00,3043.18,3053.64,3043.18,3051.8,6470.33,19724681.6007
1720287900000,2024-07-06T17:45:00+00:00,3051.8,3053,3044.58,3048.3,2784.29,8488204.8035
1720288800000,2024-07-06T18:00:00+00:00,3048.3,3051.72,3045.89,3046.67,1540.83,4696752.4089
1720289700000,2024-07-06T18:15:00+00:00,3046.67,3050,3043.8,3049.38,1490.32,4541469.248
1720290600000,2024-07-06T18:30:00+00:00,3049.38,3057.24,3048,3056.67,1944.07,5933672.9612
1720291500000,2024-07-06T18:45:00+00:00,3056.67,3056.67,3051.9,3052.72,4869.82,14873447.9437
1720292400000,2024-07-06T19:00:00+00:00,3052.72,3052.9,3048,3050,3960.25,12077286.6673
1720293300000,2024-07-06T19:15:00+00:00,3050,3054.08,3049.3,3052,2301.59,7022874.6529
1720294200000,2024-07-06T19:30:00+00:00,3052,3055.05,3051,3052.4,2544.62,7769692.0412
1720295100000,2024-07-06T19:45:00+00:00,3052.4,3060.99,3051.6,3055.78,3983.64,12181716.8744
1720296000000,2024-07-06T20:00:00+00:00,3055.78,3060.72,3053.85,3056.01,3843.29,11753198.2344
1720296900000,2024-07-06T20:15:00+00:00,3056.01,3068.66,3056.01,3062.57,5255.96,16086432.4561
1720297800000,2024-07-06T20:30:00+00:00,3062.57,3072.93,3056.8,3057.6,9914.09,30373543.2353
1720298700000,2024-07-06T20:45:00+00:00,3057.6,3066.47,3057.35,3060.52,6234.8,19084898.5618
1720299600000,2024-07-06T21:00:00+00:00,3060.52,3079.54,3060.52,3066.56,12935.59,39745234.1977
1720300500000,2024-07-06T21:15:00+00:00,3066.56,3066.56,3061.19,3063.05,6166.23,18889943.907
1720301400000,2024-07-06T21:30:00+00:00,3063.05,3068.26,3061.8,3062.21,2990.71,9159791.1782
1720302300000,2024-07-06T21:45:00+00:00,3062.21,3063.14,3055,3055.85,3300.49,10094233.8559
1720303200000,2024-07-06T22:00:00+00:00,3055.85,3062.28,3055.26,3058.99,1721.19,5264252.4796
1720304100000,2024-07-06T22:15:00+00:00,3058.99,3064.21,3058.6,3059.49,1259.18,3855830.5741
1720305000000,2024-07-06T22:30:00+00:00,3059.49,3065,3058.35,3058.35,774.59,2371479.1986
1720305900000,2024-07-06T22:45:00+00:00,3058.35,3065,3058.35,3061.91,915.58,2803608.3149
1720306800000,2024-07-06T23:00:00+00:00,3061.91,3068.18,3060.48,3068.16,1089.3,3336181.414
1720307700000,2024-07-06T23:15:00+00:00,3068.16,3077.31,3066.05,3071.08,3464.98,10643829.7988
1720308600000,2024-07-06T23:30:00+00:00,3071.08,3074.92,3060.68,3062.35,3960.06,12141039.0395
1720309500000,2024-07-06T23:45:00+00:00,3062.35,3068.23,3059.97,3064.45,2529.28,7744844.5159
1720310400000,2024-07-07T00:00:00+00:00,3064.45,3066.82,3053.33,3055.91,6232.93,19060342.1645
1720311300000,2024-07-07T00:15:00+00:00,3055.91,3060,3053.21,3054.48,2280.32,6969332.3856
1720312200000,2024-07-07T00:30:00+00:00,3054.48,3058.72,3053.82,3055.58,976.36,2983995.7072
1720313100000,2024-07-07T00:45:00+00:00,3055.58,3055.59,3044.53,3045.9,15618.36,47611430.5949
1720314000000,2024-07-07T01:00:00+00:00,3045.9,3048.35,3040.16,3047.25,9302.05,28303320.4016
1720314900000,2024-07-07T01:15:00+00:00,3047.25,3049.64,3037.12,3042.95,4246.82,12925416.2315
1720315800000,2024-07-07T01:30:00+00:00,3042.95,3045,3039.12,3043.25,2862.21,8706220.7834
1720316700000,2024-07-07T01:45:00+00:00,3043.25,3057.2,3042.98,3051.42,4306.9,13145819.5934
1720317600000,2024-07-07T02:00:00+00:00,3051.42,3067.79,3050.37,3067.28,8961.58,27428667.2543
1720318500000,2024-07-07T02:15:00+00:00,3067.28,3070.99,3058.16,3060.16,6159.85,18882938.7235
1720319400000,2024-07-07T02:30:00+00:00,3060.16,3062.2,3058.03,3059.57,3118.23,9541548.6212
1720320300000,2024-07-07T02:45:00+00:00,3059.57,3067.05,3057.3,3064.63,2517.53,7708048.6209
1720321200000,2024-07-07T03:00:00+00:00,3064.63,3065.28,3040.22,3043,14204.38,43332127.8322
1720322100000,2024-07-07T03:15:00+00:00,3043,3046.21,3041.07,3044.43,3726.7,11342227.5019
1720323000000,2024-07-07T03:30:00+00:00,3044.43,3049.91,3043.5,3049.12,3857.7,11759042.7945
1720323900000,2024-07-07T03:45:00+00:00,3049.12,3050.98,3045.86,3048.46,973.43,2967935.824
1720324800000,2024-07-07T04:00:00+00:00,3048.46,3048.63,3039.57,3041.05,6033.39,18372381.2158
1720325700000,2024-07-07T04:15:00+00:00,3041.05,3047.52,3041.05,3044.16,2045.58,6226978.6642
1720326600000,2024-07-07T04:30:00+00:00,3044.16,3046.63,3032,3035,8282.59,25152765.3866
1720327500000,2024-07-07T04:45:00+00:00,3035,3035.15,3026.5,3027.97,6379.26,19323892.3474
1720328400000,2024-07-07T05:00:00+00:00,3027.97,3030.24,3014.13,3026.58,9282.19,28033923.711
1720329300000,2024-07-07T05:15:00+00:00,3026.58,3032.08,3025.92,3030.1,6631.26,20088499.0084
1720330200000,2024-07-07T05:30:00+00:00,3030.1,3033.74,3028.16,3029.19,2053.05,6224286.1084
1720331100000,2024-07-07T05:45:00+00:00,3029.19,3033.26,3027.02,3028.39,2305.89,6985939.4176
1720332000000,2024-07-07T06:00:00+00:00,3028.39,3032.94,3027.73,3030.1,1710.71,5185399.7903
1720332900000,2024-07-07T06:15:00+00:00,3030.1,3033.17,3027.39,3032.22,938.9,2845965.6958
1720333800000,2024-07-07T06:30:00+00:00,3032.22,3036.56,3031.5,3036.22,1495.86,4538736.491
1720334700000,2024-07-07T06:45:00+00:00,3036.22,3036.23,3026.15,3026.33,1821.25,5516264.2642
1720335600000,2024-07-07T07:00:00+00:00,3026.33,3030.19,3018.43,3018.54,3113.72,9416455.2142
1720336500000,2024-07-07T07:15:00+00:00,3018.54,3023.94,3002.17,3005.47,16912.1,50857573.887
1720337400000,2024-07-07T07:30:00+00:00,3005.47,3005.47,2990.74,2999,15664.75,46930169.1438
1720338300000,2024-07-07T07:45:00+00:00,2999,3003.15,2996.26,3001.9,7374.04,22122135.382
1720339200000,2024-07-07T08:00:00+00:00,3001.9,3008.7,3001.46,3008.6,7965.16,23941817.2729
1720340100000,2024-07-07T08:15:00+00:00,3008.6,3011.83,3001.64,3005.34,2937.73,8831915.0692
1720341000000,2024-07-07T08:30:00+00:00,3005.34,3008.93,3002.95,3006.51,6493.32,19513924.7689
1720341900000,2024-07-07T08:45:00+00:00,3006.51,3011.3,3006.12,3010.75,4668.95,14050149.8809
1720342800000,2024-07-07T09:00:00+00:00,3010.75,3017.27,3004.67,3004.67,5616.14,16919585.0794
1720343700000,2024-07-07T09:15:00+00:00,3004.67,3015.5,3004.61,3015.5,1969.92,5927551.7423
1720344600000,2024-07-07T09:30:00+00:00,3015.5,3016,3007.72,3010.51,2454.73,7392476.0216
1720345500000,2024-07-07T09:45:00+00:00,3010.51,3013.05,3006.04,3013.04,2713.17,8167985.6033
1720346400000,2024-07-07T10:00:00+00:00,3013.04,3018.2,3010.69,3014.61,4736.27,14274777.6788
1720347300000,2024-07-07T10:15:00+00:00,3014.61,3021.71,3010.03,3021,3294.95,9945801.5364
1720348200000,2024-07-07T10:30:00+00:00,3021,3030.43,3010.43,3011.78,11490.85,34693323.662
1720349100000,2024-07-07T10:45:00+00:00,3011.78,3012.75,3006.96,3012.14,5120.66,15414926.1211
1720350000000,2024-07-07T11:00:00+00:00,3012.14,3018.16,3009.4,3012.57,3709.89,11180706.5231
1720350900000,2024-07-07T11:15:00+00:00,3012.57,3012.77,3006.93,3007.17,1666.85,5015914.6119
1720351800000,2024-07-07T11:30:00+00:00,3007.17,3014.01,3007,3007.6,2048.24,6168661.7043
1720352700000,2024-07-07T11:45:00+00:00,3007.6,3015.46,3007.6,3013.22,1715.32,5165682.0315
1720353600000,2024-07-07T12:00:00+00:00,3013.22,3020.84,3010.39,3019.8,2712.54,8185414.2943
1720354500000,2024-07-07T12:15:00+00:00,3019.8,3021.91,3012.36,3012.73,5884.75,17752911.7421
1720355400000,2024-07-07T12:30:00+00:00,3012.73,3014.72,2995.76,2996.99,5331.23,16034306.512
1720356300000,2024-07-07T12:45:00+00:00,2996.99,3008.97,2995.15,3007.55,7125.12,21391297.5876
1720357200000,2024-07-07T13:00:00+00:00,3007.55,3007.65,2992,2992.01,7388.58,22145535.1693
1720358100000,2024-07-07T13:15:00+00:00,2992.01,2995.01,2970.68,2977.26,33531.24,99919553.4547
1720359000000,2024-07-07T13:30:00+00:00,2977.26,2983.58,2966,2968.68,15381.8,45757081.6083
1720359900000,2024-07-07T13:45:00+00:00,2968.68,2978.2,2968.68,2971.88,8166.76,24277268.358
1720360800000,2024-07-07T14:00:00+00:00,2971.88,2974.65,2956.35,2962.73,16767.34,49698968.2391
1720361700000,2024-07-07T14:15:00+00:00,2962.73,2972,2953.06,2967.99,13917.49,41220041.3385
1720362600000,2024-07-07T14:30:00+00:00,2967.99,2971.5,2959.95,2963.91,12537.49,37208752.1737
1720363500000,2024-07-07T14:45:00+00:00,2963.91,2964.57,2954.08,2960.29,16220.21,47977087.4799
1720364400000,2024-07-07T15:00:00+00:00,2960.29,2969.99,2958.36,2962.98,9160.75,27156625.1452
1720365300000,2024-07-07T15:15:00+00:00,2962.98,2971.3,2960.08,2968.84,3286.81,9751883.3967
1720366200000,2024-07-07T15:30:00+00:00,2968.84,2976.26,2962.91,2970,6424.14,19087774.2592
1720367100000,2024-07-07T15:45:00+00:00,2970,2970.94,2960.11,2968.95,4224.54,12520687.7254
1720368000000,2024-07-07T16:00:00+00:00,2968.95,2975.89,2962.38,2971.85,4092.12,12158942.2364
1720368900000,2024-07-07T16:15:00+00:00,2971.85,2981.88,2969.66,2975.14,7572.18,22537612.288
1720369800000,2024-07-07T16:30:00+00:00,2975.14,2990.02,2972.26,2987,10087.67,30088017.5833
1720370700000,2024-07-07T16:45:00+00:00,2987,2988.78,2982.72,2988.78,3507.27,10473070.1679
1720371600000,2024-07-07T17:00:00+00:00,2988.78,2997.48,2987.56,2987.93,5297.5,15856983.4204
1720372500000,2024-07-07T17:15:00+00:00,2987.93,2988.81,2977.28,2979.75,4028.48,12021042.3022
1720373400000,2024-07-07T17:30:00+00:00,2979.75,2986.96,2975,2984.78,5353.9,15950367.8635
1720374300000,2024-07-07T17:45:00+00:00,2984.78,2997.46,2981.85,2993.66,3379.8,10115873.8251
1720375200000,2024-07-07T18:00:00+00:00,2993.66,3007.6,2990.67,2997.64,9379.57,28133887.2518
1720376100000,2024-07-07T18:15:00+00:00,2997.64,3001,2990.53,2992.88,1522.04,4557208.4569
1720377000000,2024-07-07T18:30:00+00:00,2992.88,2993.76,2984.32,2989.06,2184.42,6528320.9951
1720377900000,2024-07-07T18:45:00+00:00,2989.06,2991.76,2983.58,2986.46,1097.66,3278784.1004
1720378800000,2024-07-07T19:00:00+00:00,2986.46,2986.72,2980.64,2986.72,1333.99,3980718.939
1720379700000,2024-07-07T19:15:00+00:00,2986.72,2988.41,2979.96,2983.69,1293.24,3856485.157
1720380600000,2024-07-07T19:30:00+00:00,2983.69,2984,2980.47,2982.47,1207.31,3600420.5466
1720381500000,2024-07-07T19:45:00+00:00,2982.47,2984.49,2979.81,2983.58,1079.73,3219784.7914
1720382400000,2024-07-07T20:00:00+00:00,2983.58,2986.85,2976.96,2986.84,1717.85,5119683.5385
1720383300000,2024-07-07T20:15:00+00:00,2986.84,2995,2986.63,2989.6,2885.6,8630566.1454
1720384200000,2024-07-07T20:30:00+00:00,2989.6,2995,2988.74,2993.89,689.7,2064072.4378
1720385100000,2024-07-07T20:45:00+00:00,2993.89,2998,2992.59,2996.48,1061.76,3181121.084
1720386000000,2024-07-07T21:00:00+00:00,2996.48,2997.36,2966.76,2966.76,6046.62,18023662.8793
1720386900000,2024-07-07T21:15:00+00:00,2966.76,2972.21,2927.68,2938.11,24841.07,73324910.6178
1720387800000,2024-07-07T21:30:00+00:00,2938.11,2950.96,2938.01,2945.4,5276.52,15538338.6634
1720388700000,2024-07-07T21:45:00+00:00,2945.4,2961.27,2943.55,2957.91,7137.77,21089277.6718
1720389600000,2024-07-07T22:00:00+00:00,2957.91,2966.94,2954.51,2958.84,6525.67,19315386.7878
1720390500000,2024-07-07T22:15:00+00:00,2958.84,2964.26,2954.51,2954.87,3565.3,10548986.6081
1720391400000,2024-07-07T22:30:00+00:00,2954.87,2957.22,2948.89,2951.3,3419.56,10093347.4996
1720392300000,2024-07-07T22:45:00+00:00,2951.3,2954.35,2935.19,2935.7,5974.04,17558496.3919
1720393200000,2024-07-07T23:00:00+00:00,2935.7,2946.69,2921,2941.43,19700.15,57820976.1989
1720394100000,2024-07-07T23:15:00+00:00,2941.43,2944.23,2935.18,2940.53,3545.92,10425367.4758
1720395000000,2024-07-07T23:30:00+00:00,2940.53,2941.27,2925.68,2926.57,3598.19,10547525.9623
1720395900000,2024-07-07T23:45:00+00:00,2926.57,2932.15,2920.96,2929.5,6892.75,20159404.9462
1720396800000,2024-07-08T00:00:00+00:00,2929.5,2935.16,2918.96,2931.1,11791.12,34525437.2287
1720397700000,2024-07-08T00:15:00+00:00,2931.1,2949,2929.01,2946.14,11538.41,33959423.4885
1720398600000,2024-07-08T00:30:00+00:00,2946.14,2946.42,2890.41,2895,27489.65,80048119.5781
1720399500000,2024-07-08T00:45:00+00:00,2895,2900.37,2883.27,2885.13,9722.94,28107660.8651
1720400400000,2024-07-08T01:00:00+00:00,2885.13,2887.43,2821.94,2842.91,69803.63,198960535.178
1720401300000,2024-07-08T01:15:00+00:00,2842.91,2846.86,2821.34,2844.4,26904.26,76220169.1463
1720402200000,2024-07-08T01:30:00+00:00,2844.4,2844.41,2826.7,2839.44,14294.21,40541473.104
1720403100000,2024-07-08T01:45:00+00:00,2839.44,2851,2837.59,2851,19056.55,54243236.226
1720404000000,2024-07-08T02:00:00+00:00,2851,2873.21,2848.3,2856.01,23793.94,68043696.7804
1720404900000,2024-07-08T02:15:00+00:00,2856.01,2886,2838.56,2884.1,17624.3,50527642.2182
1720405800000,2024-07-08T02:30:00+00:00,2884.1,2893.34,2878,2889.84,13874.54,40066157.108
1720406700000,2024-07-08T02:45:00+00:00,2889.84,2892.88,2881.61,2887.29,4356.5,12586315.2943
1720407600000,2024-07-08T03:00:00+00:00,2887.29,2892.99,2872.06,2877.48,5550.82,16001311.2459
1720408500000,2024-07-08T03:15:00+00:00,2877.48,2879.84,2864,2871.6,5943.44,17061464.7063
1720409400000,2024-07-08T03:30:00+00:00,2871.6,2895,2869.45,2878.86,12329.73,35533461.2978
1720410300000,2024-07-08T03:45:00+00:00,2878.86,2881.74,2868.65,2877.48,4226.28,12156807.3465
1720411200000,2024-07-08T04:00:00+00:00,2877.48,2894.6,2873,2887.63,4653.53,13430143.711
1720412100000,2024-07-08T04:15:00+00:00,2887.63,2893.54,2880,2891.35,10013.9,28888124.5913
1720413000000,2024-07-08T04:30:00+00:00,2891.35,2907.03,2887.1,2905.98,19328.75,56075131.479
1720413900000,2024-07-08T04:45:00+00:00,2905.98,2914.49,2903.08,2912.03,7180.58,20891720.2795
1720414800000,2024-07-08T05:00:00+00:00,2912.03,2917.87,2907.68,2907.81,6288.57,18334070.7493
1720415700000,2024-07-08T05:15:00+00:00,2907.81,2915,2902.45,2903.34,8056.47,23409517.3003
1720416600000,2024-07-08T05:30:00+00:00,2903.34,2919.05,2900.11,2908.19,4753.88,13830297.3815
1720417500000,2024-07-08T05:45:00+00:00,2908.19,2918,2907.86,2914.69,2048.64,5968012.059
1720418400000,2024-07-08T06:00:00+00:00,2914.69,2917,2902.1,2909.31,4616.78,13415856.0824
1720419300000,2024-07-08T06:15:00+00:00,2909.31,2930,2905,2925.02,18868.79,55202385.8364
1720420200000,2024-07-08T06:30:00+00:00,2925.02,2930,2918.26,2921.55,16742.45,48944999.1663
1720421100000,2024-07-08T06:45:00+00:00,2921.55,2927.8,2910.21,2910.21,10787.99,31478997.8062
1720422000000,2024-07-08T07:00:00+00:00,2910.21,2912.27,2901.93,2901.93,13965.96,40601132.1797
1720422900000,2024-07-08T07:15:00+00:00,2901.93,2915.86,2899.97,2915.86,14397.28,41821791.7317
1720423800000,2024-07-08T07:30:00+00:00,2915.86,2925.93,2911.41,2916.77,5669.53,16544346.8761
1720424700000,2024-07-08T07:45:00+00:00,2916.77,2926,2915.65,2924.87,1558.64,4553949.3099
1720425600000,2024-07-08T08:00:00+00:00,2924.87,2957.59,2920.7,2955,35723.01,105208713.6279
1720426500000,2024-07-08T08:15:00+00:00,2955,3012.32,2954.48,3007.59,53758.71,160639448.1
1720427400000,2024-07-08T08:30:00+00:00,3007.59,3022.4,2997.93,3020.41,28670.63,86261334.1465
1720428300000,2024-07-08T08:45:00+00:00,3020.41,3064,3017.01,3056.43,49772.8,151479937.8945
1720429200000,2024-07-08T09:00:00+00:00,3056.43,3095.37,3052.34,3063.44,52287.71,160550866.2434
1720430100000,2024-07-08T09:15:00+00:00,3063.44,3069.65,3050.32,3068.65,23075.47,70635484.0396
1720431000000,2024-07-08T09:30:00+00:00,3068.65,3071.09,3041.92,3048.52,19569.48,59807738.2345
1720431900000,2024-07-08T09:45:00+00:00,3048.52,3056.63,3042.31,3049.8,8608.05,26247008.6635
1720432800000,2024-07-08T10:00:00+00:00,3049.8,3065.38,3040.77,3064.1,6926.55,21179731.9308
1720433700000,2024-07-08T10:15:00+00:00,3064.1,3068.72,3052.58,3055.32,13305.51,40694346.4151
1720434600000,2024-07-08T10:30:00+00:00,3055.32,3056.12,3045.93,3049.19,8260.09,25193265.162
1720435500000,2024-07-08T10:45:00+00:00,3049.19,3052.7,3005.86,3012.48,22637.13,68510954.0326
1720436400000,2024-07-08T11:00:00+00:00,3012.48,3037.82,3007.98,3037.5,23362.5,70691540.5619
1720437300000,2024-07-08T11:15:00+00:00,3037.5,3042.99,3028.35,3036.04,8503.65,25806471.4404
1720438200000,2024-07-08T11:30:00+00:00,3036.04,3054.5,3034.52,3048.34,14911.81,45442825.877
1720439100000,2024-07-08T11:45:00+00:00,3048.34,3063.02,3044.33,3052.46,17908.08,54631657.8116
1720440000000,2024-07-08T12:00:00+00:00,3052.46,3056.56,3036.36,3038.43,7516.43,22880041.4851
1720440900000,2024-07-08T12:15:00+00:00,3038.43,3062.24,3038,3049.24,17952.44,54845727.6752
1720441800000,2024-07-08T12:30:00+00:00,3049.24,3057.02,3045.57,3053.83,5876.15,17927155.1152
1720442700000,2024-07-08T12:45:00+00:00,3053.83,3061.41,3040.94,3047.87,6824.4,20811921.8427
1720443600000,2024-07-08T13:00:00+00:00,3047.87,3057.67,3034.14,3052.11,20974.13,63935809.2223
1720444500000,2024-07-08T13:15:00+00:00,3052.11,3057.48,3045.39,3045.7,2781.8,8493502.1559
1720445400000,2024-07-08T13:30:00+00:00,3045.7,3051.36,3023.12,3024.45,28710.06,87060997.3378
1720446300000,2024-07-08T13:45:00+00:00,3024.45,3036.47,3017.95,3036.36,13941.6,42184440.3363
1720447200000,2024-07-08T14:00:00+00:00,3036.36,3044.3,3030,3037.24,9264.9,28129020.7717
1720448100000,2024-07-08T14:15:00+00:00,3037.24,3037.82,2954,2956.59,37309.52,111727195.5433
1720449000000,2024-07-08T14:30:00+00:00,2956.59,2986,2887.91,2968.44,111316.04,327212570.5848
1720449900000,2024-07-08T14:45:00+00:00,2968.44,2995.69,2955.48,2980.12,59950.54,178246524.109
1720450800000,2024-07-08T15:00:00+00:00,2980.12,3033.4,2972.14,3008.12,26771.19,80324350.6483
1720451700000,2024-07-08T15:15:00+00:00,3008.12,3017,2995.36,3002.02,23657.84,71142138.7573
1720452600000,2024-07-08T15:30:00+00:00,3002.02,3009.59,2968.38,2976.32,26615.17,79443495.3375
1720453500000,2024-07-08T15:45:00+00:00,2976.32,2989.44,2963.47,2967.48,19190.17,57048243.0058
1720454400000,2024-07-08T16:00:00+00:00,2967.48,2990.69,2965.24,2986.93,9191.4,27382886.2971
1720455300000,2024-07-08T16:15:00+00:00,2986.93,2987,2948.96,2953.49,13832.27,41007722.6593
1720456200000,2024-07-08T16:30:00+00:00,2953.49,2971,2942.73,2970.86,11491.21,33969864.9355
1720457100000,2024-07-08T16:45:00+00:00,2970.86,2977.87,2963.03,2968.19,11597.55,34461538.3599
1720458000000,2024-07-08T17:00:00+00:00,2968.19,2975.16,2950.93,2970.26,9636.31,28583603.4512
1720458900000,2024-07-08T17:15:00+00:00,2970.26,2984.77,2957.15,2970.07,9947.52,29567443.033
1720459800000,2024-07-08T17:30:00+00:00,2970.07,2982.9,2970,2974.43,5066.07,15076512.7111
1720460700000,2024-07-08T17:45:00+00:00,2974.43,2987.26,2970,2982.95,5966.15,17776386.3605
1720461600000,2024-07-08T18:00:00+00:00,2982.95,2985.99,2976.36,2978.58,2669.89,7957097.1423
1720462500000,2024-07-08T18:15:00+00:00,2978.58,2983.56,2972.14,2980.4,2505.5,7463093.4452
1720463400000,2024-07-08T18:30:00+00:00,2980.4,2999.33,2974.23,2982.66,5896.47,17647190.8401
1720464300000,2024-07-08T18:45:00+00:00,2982.66,2996.37,2979.48,2989,1899.47,5676959.4594
1720465200000,2024-07-08T19:00:00+00:00,2989,2995,2985,2985.92,1772.99,5301052.4727
1720466100000,2024-07-08T19:15:00+00:00,2985.92,3004.33,2980.57,2997.86,5635.34,16863583.1221
1720467000000,2024-07-08T19:30:00+00:00,2997.86,3001.97,2991.57,2993.59,1214.17,3636187.9572
1720467900000,2024-07-08T19:45:00+00:00,2993.59,3006.97,2988.76,3002.42,1950.12,5854182.8346
1720468800000,2024-07-08T20:00:00+00:00,3002.42,3009.76,2994.34,2995.51,1906.39,5717524.2719
1720469700000,2024-07-08T20:15:00+00:00,2995.51,3009.99,2989.84,3009.68,3545.18,10627357.123
1720470600000,2024-07-08T20:30:00+00:00,3009.68,3013.26,3002.14,3004.42,4432.05,13331879.2181
1720471500000,2024-07-08T20:45:00+00:00,3004.42,3005.62,2991.11,2995.67,1511.03,4530527.0054
1720472400000,2024-07-08T21:00:00+00:00,2995.67,3002.12,2982,3002.12,3240.29,9683986.7736
1720473300000,2024-07-08T21:15:00+00:00,3002.12,3021.35,2996.65,3019.51,4352.98,13077633.8658
1720474200000,2024-07-08T21:30:00+00:00,3019.51,3026.95,3005.05,3008.2,11514.07,34746234.0791
1720475100000,2024-07-08T21:45:00+00:00,3008.2,3025.99,3008.2,3024.78,2868.06,8667766.0574
1720476000000,2024-07-08T22:00:00+00:00,3024.78,3030.02,3018.63,3026.92,3262.86,9872424.4095
1720476900000,2024-07-08T22:15:00+00:00,3026.92,3044,3025.99,3036,10172.39,30879523.9424
1720477800000,2024-07-08T22:30:00+00:00,3036,3036.05,3023.8,3026.99,3259.9,9873867.7535
1720478700000,2024-07-08T22:45:00+00:00,3026.99,3027.35,3018.96,3022.61,7901.64,23896287.8449
1720479600000,2024-07-08T23:00:00+00:00,3022.61,3028.85,3018.56,3028.73,1518.43,4591189.4061
1720480500000,2024-07-08T23:15:00+00:00,3028.73,3032,3020.67,3022.35,1493.31,4520047.0435
1720481400000,2024-07-08T23:30:00+00:00,3022.35,3024.91,3014.6,3016.13,3275.58,9883116.1334
1720482300000,2024-07-08T23:45:00+00:00,3016.13,3018.52,3013.01,3017.23,1110.61,3349148.0803
1720483200000,2024-07-09T00:00:00+00:00,3017.23,3018.76,3012.95,3017.78,2803.26,8456187.8355
1720484100000,2024-07-09T00:15:00+00:00,3017.78,3021.74,3010.29,3010.98,3618.88,10916136.8998
1720485000000,2024-07-09T00:30:00+00:00,3010.98,3021.99,3002.12,3020,7851.67,23646674.8234
1720485900000,2024-07-09T00:45:00+00:00,3020,3033.85,3013.18,3023.08,4462.48,13488452.084
1720486800000,2024-07-09T01:00:00+00:00,3023.08,3064.92,3017.95,3054.46,28598.69,87165635.7115
1720487700000,2024-07-09T01:15:00+00:00,3054.46,3075,3033.09,3039.13,14985.56,45807654.0685
1720488600000,2024-07-09T01:30:00+00:00,3039.13,3046.48,3015,3020.76,8375.99,25343324.6495
1720489500000,2024-07-09T01:45:00+00:00,3020.76,3033.91,3020,3027.17,5058.34,15317407.9724
1720490400000,2024-07-09T02:00:00+00:00,3027.17,3027.17,3011.2,3024.2,2706.13,8168342.9858
1720491300000,2024-07-09T02:15:00+00:00,3024.2,3037.09,3021.11,3028.15,2727.28,8265931.6456
1720492200000,2024-07-09T02:30:00+00:00,3028.15,3041.03,3023.95,3034.33,5980.59,18130310.657
1720493100000,2024-07-09T02:45:00+00:00,3034.33,3073.04,3034.02,3072.4,26038.17,79573971.0344
1720494000000,2024-07-09T03:00:00+00:00,3072.4,3072.84,3055,3055,12566.72,38511564.6157
1720494900000,2024-07-09T03:15:00+00:00,3055,3055.3,3041.44,3044.41,7482.81,22814419.3375
1720495800000,2024-07-09T03:30:00+00:00,3044.41,3053.84,3044.34,3052.72,2378.25,7251278.0713
1720496700000,2024-07-09T03:45:00+00:00,3052.72,3071.64,3050.86,3062.39,13643.46,41825152.9297
1720497600000,2024-07-09T04:00:00+00:00,3062.39,3070,3056.4,3064.95,6166.85,18891486.2281
1720498500000,2024-07-09T04:15:00+00:00,3064.95,3073.08,3060.38,3072.52,6269.92,19230205.9775
1720499400000,2024-07-09T04:30:00+00:00,3072.52,3083.33,3066.21,3068.22,16924.07,52043029.8556
1720500300000,2024-07-09T04:45:00+00:00,3068.22,3073.69,3060.47,3069.22,8809.08,27007393.1538
1720501200000,2024-07-09T05:00:00+00:00,3069.22,3072,3057.06,3064.81,6636.67,20333638.6921
1720502100000,2024-07-09T05:15:00+00:00,3064.81,3071.02,3060.15,3064.95,2375.94,7285003.9097
1720503000000,2024-07-09T05:30:00+00:00,3064.95,3068.91,3052.32,3062.67,5314.79,16262378.3499
1720503900000,2024-07-09T05:45:00+00:00,3062.67,3069.02,3059.51,3067.11,4834.29,14807481.3992
1720504800000,2024-07-09T06:00:00+00:00,3067.11,3080,3060.5,3073.55,6137.53,18862214.5877
1720505700000,2024-07-09T06:15:00+00:00,3073.55,3083.49,3071.98,3079.23,6163.53,18975001.7199
1720506600000,2024-07-09T06:30:00+00:00,3079.23,3086,3075.57,3079,11630.35,35843157.2938
1720507500000,2024-07-09T06:45:00+00:00,3079,3082.92,3072.41,3073.89,6217.13,19116807.2132
1720508400000,2024-07-09T07:00:00+00:00,3073.89,3078.19,3066.33,3072.1,4679.98,14370430.1378
1720509300000,2024-07-09T07:15:00+00:00,3072.1,3074.74,3060.01,3071.16,4848.25,14862043.2101
1720510200000,2024-07-09T07:30:00+00:00,3071.16,3073.55,3057.38,3062,4730.59,14489164.1904
1720511100000,2024-07-09T07:45:00+00:00,3062,3064.65,3056.77,3060,3815.59,11677096.0757
1720512000000,2024-07-09T08:00:00+00:00,3060,3066.04,3053.38,3065.01,4235.34,12963497.8022
1720512900000,2024-07-09T08:15:00+00:00,3065.01,3085,3063.85,3073.13,10623.17,32684080.8264
1720513800000,2024-07-09T08:30:00+00:00,3073.13,3114.21,3072.82,3104.07,19225.11,59532085.382
1720514700000,2024-07-09T08:45:00+00:00,3104.07,3104.36,3080.97,3082.21,22884.19,70775558.5575
1720515600000,2024-07-09T09:00:00+00:00,3082.21,3089.94,3077.38,3078.11,5184.07,15983141.9225
1720516500000,2024-07-09T09:15:00+00:00,3078.11,3088,3078.1,3087.05,2886.24,8899595.8066
1720517400000,2024-07-09T09:30:00+00:00,3087.05,3097.62,3087.04,3094,5142.75,15906108.6225
1720518300000,2024-07-09T09:45:00+00:00,3094,3099.2,3087,3087.01,2061.45,6378070.5212
1720519200000,2024-07-09T10:00:00+00:00,3087.01,3096.97,3086.65,3092.68,2062.95,6375664.5719
1720520100000,2024-07-09T10:15:00+00:00,3092.68,3092.68,3080,3080.68,5556.95,17136822.2084
1720521000000,2024-07-09T10:30:00+00:00,3080.68,3085.81,3071.61,3074.13,3640.07,11206687.5652
1720521900000,2024-07-09T10:45:00+00:00,3074.13,3081.81,3073.71,3079.85,2740.17,8432929.0283
1720522800000,2024-07-09T11:00:00+00:00,3079.85,3081.71,3062.35,3072.24,6932.95,21276460.5763
1720523700000,2024-07-09T11:15:00+00:00,3072.24,3088.2,3067.3,3086.08,3165.07,9738465.0805
1720524600000,2024-07-09T11:30:00+00:00,3086.08,3091.45,3083.1,3089.23,4519.72,13955985.4072
1720525500000,2024-07-09T11:45:00+00:00,3089.23,3089.89,3082.5,3082.5,2512.44,7752995.7021
1720526400000,2024-07-09T12:00:00+00:00,3082.5,3084.65,3075.33,3082.14,4416.7,13599737.2463
1720527300000,2024-07-09T12:15:00+00:00,3082.14,3085.65,3068.41,3070.35,3738.97,11499848.5574
1720528200000,2024-07-09T12:30:00+00:00,3070.35,3075.85,3066.41,3069.56,3596.63,11042701.664
1720529100000,2024-07-09T12:45:00+00:00,3069.56,3080.17,3068.22,3068.51,4804.11,14770797.8461
1720530000000,2024-07-09T13:00:00+00:00,3068.51,3073.15,3059.81,3067.58,5996.89,18378754.7379
1720530900000,2024-07-09T13:15:00+00:00,3067.58,3068.04,3062.28,3064.23,2523.52,7733670.3082
1720531800000,2024-07-09T13:30:00+00:00,3064.23,3076.66,3053.27,3057.04,12644.63,38699047.996
1720532700000,2024-07-09T13:45:00+00:00,3057.04,3065.65,3047,3065.6,14412.64,44060372.0978
1720533600000,2024-07-09T14:00:00+00:00,3065.6,3094.66,3051.41,3092.44,17941.91,55068651.1977
1720534500000,2024-07-09T14:15:00+00:00,3092.44,3107.45,3061,3075.25,42073.84,129757663.0972
1720535400000,2024-07-09T14:30:00+00:00,3075.25,3078.91,3064.8,3073,6626.32,20358669.3492
1720536300000,2024-07-09T14:45:00+00:00,3073,3074.97,3039.18,3042.86,20748.05,63380704.0119
1720537200000,2024-07-09T15:00:00+00:00,3042.86,3053.14,3033.89,3049.29,18535.06,56431088.1206
1720538100000,2024-07-09T15:15:00+00:00,3049.29,3053.94,3043.06,3048.79,3893.32,11869415.9203
1720539000000,2024-07-09T15:30:00+00:00,3048.79,3052.05,3039.92,3049.73,3422.52,10425577.0524
1720539900000,2024-07-09T15:45:00+00:00,3049.73,3068.28,3049.7,3065.48,7531.36,23046100.0148
1720540800000,2024-07-09T16:00:00+00:00,3065.48,3072.74,3060.26,3069,6252.06,19173125.0738
1720541700000,2024-07-09T16:15:00+00:00,3069,3086.71,3068.99,3073.56,10330.21,31783472.5929
1720542600000,2024-07-09T16:30:00+00:00,3073.56,3075.39,3059.14,3069,9605.84,29442744.3543
1720543500000,2024-07-09T16:45:00+00:00,3069,3075.98,3060,3074.24,5429.07,16663603.5556
1720544400000,2024-07-09T17:00:00+00:00,3074.24,3078.17,3066.9,3067.26,2016.41,6196055.0803
1720545300000,2024-07-09T17:15:00+00:00,3067.26,3069.99,3061.04,3066.14,2261.23,6928015.0117
1720546200000,2024-07-09T17:30:00+00:00,3066.14,3067.55,3047.19,3047.81,3979.91,12164434.1345
1720547100000,2024-07-09T17:45:00+00:00,3047.81,3052.1,3044.37,3049.87,5126.72,15625486.7146
1720548000000,2024-07-09T18:00:00+00:00,3049.87,3061.56,3045.21,3059.49,4282.93,13073003.7423
1720548900000,2024-07-09T18:15:00+00:00,3059.49,3070.46,3056.61,3057.13,5044.78,15460564.7327
1720549800000,2024-07-09T18:30:00+00:00,3057.13,3076.94,3056.2,3073.72,11846,36338207.3791
1720550700000,2024-07-09T18:45:00+00:00,3073.72,3079.51,3055.6,3057.67,5802.23,17790814.5277
1720551600000,2024-07-09T19:00:00+00:00,3057.67,3060,3052.64,3060,3635.41,11106075.0109
1720552500000,2024-07-09T19:15:00+00:00,3060,3063.69,3053.81,3063.56,2384.97,7297024.1502
1720553400000,2024-07-09T19:30:00+00:00,3063.56,3063.56,3057.48,3057.48,1043.6,3194099.6874
1720554300000,2024-07-09T19:45:00+00:00,3057.48,3067.77,3057.39,3066.43,468.63,1435370.3959
1720555200000,2024-07-09T20:00:00+00:00,3066.43,3069.73,3061.48,3064.4,952.49,2919969.5672
1720556100000,2024-07-09T20:15:00+00:00,3064.4,3075.78,3064.4,3066.98,3343.92,10266279.1894
1720557000000,2024-07-09T20:30:00+00:00,3066.98,3077.28,3066.8,3073.44,1887.14,5797121.9166
1720557900000,2024-07-09T20:45:00+00:00,3073.44,3077,3066.05,3070.45,2815.6,8651114.8379
1720558800000,2024-07-09T21:00:00+00:00,3070.45,3071.47,3059.43,3065.78,3746.72,11481123.0985
1720559700000,2024-07-09T21:15:00+00:00,3065.78,3066.96,3058.98,3065.17,2544.08,7787900.2981
1720560600000,2024-07-09T21:30:00+00:00,3065.17,3066.91,3060,3060,10798.83,33085307.6336
1720561500000,2024-07-09T21:45:00+00:00,3060,3061.37,3055.17,3058.94,3590.87,10987776.2915
1720562400000,2024-07-09T22:00:00+00:00,3058.94,3060.27,3045,3049.31,7942.81,24218700.1605
1720563300000,2024-07-09T22:15:00+00:00,3049.31,3052.95,3045,3051.72,4736.57,14437932.1081
1720564200000,2024-07-09T22:30:00+00:00,3051.72,3061.28,3051.72,3060.72,2597.56,7934996.3869
1720565100000,2024-07-09T22:45:00+00:00,3060.72,3074.52,3054.46,3057.84,6998.08,21443210.9162
1720566000000,2024-07-09T23:00:00+00:00,3057.84,3060.44,3054.15,3054.2,1778.8,5437371.2005
1720566900000,2024-07-09T23:15:00+00:00,3054.2,3063.19,3054.18,3059.25,2010.87,6152792.8669
1720567800000,2024-07-09T23:30:00+00:00,3059.25,3066,3056.31,3064.71,1085.79,3326410.6172
1720568700000,2024-07-09T23:45:00+00:00,3064.71,3066,3060.17,3064.42,1112.26,3407511.6024
1720569600000,2024-07-10T00:00:00+00:00,3064.42,3065,3054.75,3059.31,1948.28,5960864.3336
1720570500000,2024-07-10T00:15:00+00:00,3059.31,3059.95,3034.42,3036.76,8131.09,24745212.1721
1720571400000,2024-07-10T00:30:00+00:00,3036.76,3050,3034.82,3047.58,4142.37,12604704.9772
1720572300000,2024-07-10T00:45:00+00:00,3047.58,3052.49,3025.13,3031.01,7242.04,21972999.7763
1720573200000,2024-07-10T01:00:00+00:00,3031.01,3042.86,3021.49,3042.04,16386.71,49716824.6714
1720574100000,2024-07-10T01:15:00+00:00,3042.04,3051.24,3038.12,3050.7,6672.7,20308400.1241
1720575000000,2024-07-10T01:30:00+00:00,3050.7,3066,3048,3052.81,16424.92,50247428.7483
1720575900000,2024-07-10T01:45:00+00:00,3052.81,3059.96,3049.39,3057.07,3774.89,11531607.8663
1720576800000,2024-07-10T02:00:00+00:00,3057.07,3064.18,3050.41,3052.51,3120.72,9540832.337
1720577700000,2024-07-10T02:15:00+00:00,3052.51,3059,3047.84,3058.63,2416.89,7378752.9667
1720578600000,2024-07-10T02:30:00+00:00,3058.63,3069.8,3056.54,3064.48,10916.36,33476883.7318
1720579500000,2024-07-10T02:45:00+00:00,3064.48,3070,3061,3069.27,2020.31,6196075.9506
1720580400000,2024-07-10T03:00:00+00:00,3069.27,3075.5,3067.12,3067.12,4859.8,14930431.0342
1720581300000,2024-07-10T03:15:00+00:00,3067.12,3073.83,3065.83,3072.62,2392.4,7343916.4891
1720582200000,2024-07-10T03:30:00+00:00,3072.62,3075.85,3070.3,3072,5479.99,16839209.6695
1720583100000,2024-07-10T03:45:00+00:00,3072,3080.6,3072,3078.27,13184.12,40570670.5367
1720584000000,2024-07-10T04:00:00+00:00,3078.27,3106.54,3077.93,3096.9,35792.55,110701993.7898
1720584900000,2024-07-10T04:15:00+00:00,3096.9,3124.83,3086.2,3124.49,20706.79,64363698.0344
1720585800000,2024-07-10T04:30:00+00:00,3124.49,3128.99,3108.34,3110.89,14327.31,44646696.8939
1720586700000,2024-07-10T04:45:00+00:00,3110.89,3117.29,3101.9,3116.95,9870.27,30697995.2502
1720587600000,2024-07-10T05:00:00+00:00,3116.95,3119.8,3104.95,3108.48,6890.93,21457363.7318
1720588500000,2024-07-10T05:15:00+00:00,3108.48,3119.74,3105.4,3114.67,17380.93,54108134.4635
1720589400000,2024-07-10T05:30:00+00:00,3114.67,3115.11,3096,3103.71,26215.75,81453188.144
1720590300000,2024-07-10T05:45:00+00:00,3103.71,3111.17,3099,3100.83,7779.64,24148483.5702
1720591200000,2024-07-10T06:00:00+00:00,3100.83,3105.66,3092.3,3102.33,6811.15,21107891.7973
1720592100000,2024-07-10T06:15:00+00:00,3102.33,3109,3099.43,3104.78,3116.26,9675785.4688
1720593000000,2024-07-10T06:30:00+00:00,3104.78,3107.65,3103,3105.55,3063.63,9514331.9091
1720593900000,2024-07-10T06:45:00+00:00,3105.55,3112.93,3103.95,3108.66,3721.15,11571662.3296
1720594800000,2024-07-10T07:00:00+00:00,3108.66,3110.42,3103.03,3105.97,3109.26,9657368.3609
1720595700000,2024-07-10T07:15:00+00:00,3105.97,3106.59,3096.95,3100.05,15360.49,47623650.9209
1720596600000,2024-07-10T07:30:00+00:00,3100.05,3100.05,3092.5,3092.51,7322.48,22678062.9929
1720597500000,2024-07-10T07:45:00+00:00,3092.51,3095.33,3087.89,3094.95,11059.55,34175892.3082
1720598400000,2024-07-10T08:00:00+00:00,3094.95,3098.59,3081.99,3085.55,18913.05,58371389.4006
1720599300000,2024-07-10T08:15:00+00:00,3085.55,3088.08,3076.79,3084.52,10537.23,32495753.2685
1720600200000,2024-07-10T08:30:00+00:00,3084.52,3090.92,3082.51,3083.7,3580.03,11051141.1305
1720601100000,2024-07-10T08:45:00+00:00,3083.7,3087.39,3082.41,3085.15,4757.72,14677611.4962
1720602000000,2024-07-10T09:00:00+00:00,3085.15,3087.03,3080.13,3084.87,2669.01,8230671.2919
1720602900000,2024-07-10T09:15:00+00:00,3084.87,3088.09,3077.59,3083.31,4996.67,15399694.4933
1720603800000,2024-07-10T09:30:00+00:00,3083.31,3084.29,3076.23,3083.83,5025.07,15471370.6806
1720604700000,2024-07-10T09:45:00+00:00,3083.83,3089.23,3083.67,3087.93,3460.86,10682552.1959
1720605600000,2024-07-10T10:00:00+00:00,3087.93,3088.73,3080,3081.69,2752.36,8493354.7687
1720606500000,2024-07-10T10:15:00+00:00,3081.69,3095.26,3080.93,3093.51,4862.66,15027377.5805
1720607400000,2024-07-10T10:30:00+00:00,3093.51,3106.84,3093.51,3101.49,12599.61,39093551.7354
1720608300000,2024-07-10T10:45:00+00:00,3101.49,3106.84,3098.05,3101.77,2198.95,6821392.7224
1720609200000,2024-07-10T11:00:00+00:00,3101.77,3105,3098.38,3101.6,2662.33,8258498.0732
1720610100000,2024-07-10T11:15:00+00:00,3101.6,3102.18,3091.56,3092.68,4147.26,12842832.4827
1720611000000,2024-07-10T11:30:00+00:00,3092.68,3101.82,3086.98,3097.78,5159.79,15967386.524
1720611900000,2024-07-10T11:45:00+00:00,3097.78,3102.8,3096.46,3099.97,2182.19,6764551.2785
1720612800000,2024-07-10T12:00:00+00:00,3099.97,3111.76,3097.69,3107.3,9066.41,28169375.8694
1720613700000,2024-07-10T12:15:00+00:00,3107.3,3107.34,3098.45,3101.07,2507.51,7778118.2134
1720614600000,2024-07-10T12:30:00+00:00,3101.07,3101.07,3076.72,3089.77,23856.78,73581797.1227
1720615500000,2024-07-10T12:45:00+00:00,3089.77,3107.77,3081.24,3107.77,8221.83,25444420.3638
1720616400000,2024-07-10T13:00:00+00:00,3107.77,3119.88,3100.19,3119.8,18455.02,57407973.2648
1720617300000,2024-07-10T13:15:00+00:00,3119.8,3119.8,3103,3105.63,7931.34,24674988.6145
1720618200000,2024-07-10T13:30:00+00:00,3105.63,3109.17,3088.9,3100.03,15430.99,47805670.7294
1720619100000,2024-07-10T13:45:00+00:00,3100.03,3104.84,3089.41,3103.98,9377.53,29046051.036
1720620000000,2024-07-10T14:00:00+00:00,3103.98,3118,3093,3102.05,14749.63,45820449.7701
1720620900000,2024-07-10T14:15:00+00:00,3102.05,3118,3097,3114.22,7016.23,21803105.1357
1720621800000,2024-07-10T14:30:00+00:00,3114.22,3117.56,3104.54,3107.06,3287.02,10220612.0026
1720622700000,2024-07-10T14:45:00+00:00,3107.06,3107.33,3097.71,3099.01,4044.84,12543729.7815
1720623600000,2024-07-10T15:00:00+00:00,3099.01,3102.39,3088,3102,8593.06,26596656.0628
1720624500000,2024-07-10T15:15:00+00:00,3102,3112.85,3100.85,3107.46,5697.81,17707721.882
1720625400000,2024-07-10T15:30:00+00:00,3107.46,3121.89,3103.66,3121.38,4957.93,15432356.4266
1720626300000,2024-07-10T15:45:00+00:00,3121.38,3126.88,3113.61,3119.87,13745.16,42876443.5214
1720627200000,2024-07-10T16:00:00+00:00,3119.87,3147.8,3113.91,3147.01,32416.14,101731029.5018
1720628100000,2024-07-10T16:15:00+00:00,3147.01,3148.44,3130.44,3135.84,24809.38,77874683.53
1720629000000,2024-07-10T16:30:00+00:00,3135.84,3139.26,3130.83,3131.99,6580.37,20611854.239
1720629900000,2024-07-10T16:45:00+00:00,3131.99,3131.99,3112.4,3118.06,20741.57,64714171.566
1720630800000,2024-07-10T17:00:00+00:00,3118.06,3121.15,3112.58,3117.41,9366.24,29177897.1027
1720631700000,2024-07-10T17:15:00+00:00,3117.41,3118.99,3095.11,3101.46,15047,46728789.2825
1720632600000,2024-07-10T17:30:00+00:00,3101.46,3110.34,3097.91,3102.22,6258.19,19431499.3422
1720633500000,2024-07-10T17:45:00+00:00,3102.22,3107.78,3100.95,3101.21,2722.71,8450261.419
1720634400000,2024-07-10T18:00:00+00:00,3101.21,3104.13,3096.65,3102.6,1712.5,5310039.0062
1720635300000,2024-07-10T18:15:00+00:00,3102.6,3109.53,3094.94,3094.94,3096.39,9602838.0135
1720636200000,2024-07-10T18:30:00+00:00,3094.94,3101.91,3092,3098.21,3749.72,11606786.2529
1720637100000,2024-07-10T18:45:00+00:00,3098.21,3102.45,3095.26,3099.87,1175.53,3643454.5458
1720638000000,2024-07-10T19:00:00+00:00,3099.87,3099.87,3088.5,3092.26,5360.48,16575323.7941
1720638900000,2024-07-10T19:15:00+00:00,3092.26,3101.21,3090.68,3097.62,1678.09,5198885.1289
1720639800000,2024-07-10T19:30:00+00:00,3097.62,3106,3096.94,3103,2941.11,9129614.3088
1720640700000,2024-07-10T19:45:00+00:00,3103,3108.23,3099.38,3104.68,8654.23,26851436.7407
1720641600000,2024-07-10T20:00:00+00:00,3104.68,3109,3101.12,3106.31,2735.67,8493831.1909
1720642500000,2024-07-10T20:15:00+00:00,3106.31,3108.47,3093.35,3095.34,4186.08,12971993.1855
1720643400000,2024-07-10T20:30:00+00:00,3095.34,3098.68,3088.91,3098.19,2638.02,8157775.6846
1720644300000,2024-07-10T20:45:00+00:00,3098.19,3103.12,3092.79,3094.21,1389.7,4305156.7256
1720645200000,2024-07-10T21:00:00+00:00,3094.21,3094.39,3081.73,3083.28,4143.36,12790463.2577
1720646100000,2024-07-10T21:15:00+00:00,3083.28,3092.89,3078,3090.59,5591.33,17247322.3184
1720647000000,2024-07-10T21:30:00+00:00,3090.59,3090.59,3084.29,3088.72,2881.34,8894158.7683
1720647900000,2024-07-10T21:45:00+00:00,3088.72,3099.96,3088.72,3093.44,6560.69,20321232.1357
1720648800000,2024-07-10T22:00:00+00:00,3093.44,3104.02,3093.44,3096.98,2705.19,8382934.9845
1720649700000,2024-07-10T22:15:00+00:00,3096.98,3105.89,3094.78,3102.54,2966.65,9198977.4798
1720650600000,2024-07-10T22:30:00+00:00,3102.54,3103.23,3099,3099,1941.54,6021220.2056
1720651500000,2024-07-10T22:45:00+00:00,3099,3099.64,3095.75,3098.37,1113.26,3449240.3448
1720652400000,2024-07-10T23:00:00+00:00,3098.37,3099.26,3097,3097.27,621.72,1925913.6702
1720653300000,2024-07-10T23:15:00+00:00,3097.27,3102.39,3097,3097.75,1467.26,4549671.9933
1720654200000,2024-07-10T23:30:00+00:00,3097.75,3105,3096.18,3105,1651.81,5121773.7464
1720655100000,2024-07-10T23:45:00+00:00,3105,3105,3098,3098.44,1250.4,3878449.2011
1720656000000,2024-07-11T00:00:00+00:00,3098.44,3098.75,3091.82,3092.43,1905.62,5898534.2569
1720656900000,2024-07-11T00:15:00+00:00,3092.43,3097.23,3084,3089.46,3249.07,10040625.6616
1720657800000,2024-07-11T00:30:00+00:00,3089.46,3089.75,3084.12,3086.18,2020.54,6238203.0045
1720658700000,2024-07-11T00:45:00+00:00,3086.18,3101.43,3085.63,3098.7,1320.23,4085140.0992
1720659600000,2024-07-11T01:00:00+00:00,3098.7,3099.02,3089.57,3092.64,1488.02,4605360.0053
1720660500000,2024-07-11T01:15:00+00:00,3092.64,3093.32,3086.9,3093.22,969.32,2994371.4827
1720661400000,2024-07-11T01:30:00+00:00,3093.22,3115.35,3090.01,3113.84,4994.69,15519772.4864
1720662300000,2024-07-11T01:45:00+00:00,3113.84,3126.18,3108.33,3119.48,10405.24,32462030.959
1720663200000,2024-07-11T02:00:00+00:00,3119.48,3122.6,3105.9,3109,4098.21,12756803.9638
1720664100000,2024-07-11T02:15:00+00:00,3109,3109.59,3094.25,3109.58,5902.34,18296556.0811
1720665000000,2024-07-11T02:30:00+00:00,3109.58,3109.58,3100,3102.38,2682.44,8324394.8643
1720665900000,2024-07-11T02:45:00+00:00,3102.38,3107.14,3100,3101.88,1170.51,3631435.2894
1720666800000,2024-07-11T03:00:00+00:00,3101.88,3105,3088,3088.53,4411.87,13640393.584
1720667700000,2024-07-11T03:15:00+00:00,3088.53,3090.07,3052.09,3068.96,30779.47,94371324.8811
1720668600000,2024-07-11T03:30:00+00:00,3068.96,3073.81,3064.77,3069.71,8517.85,26144849.4067
1720669500000,2024-07-11T03:45:00+00:00,3069.71,3078.9,3068.82,3075.12,5227.6,16069404.7137
1720670400000,2024-07-11T04:00:00+00:00,3075.12,3081,3072.83,3080.05,3534.54,10874620.5223
1720671300000,2024-07-11T04:15:00+00:00,3080.05,3080.65,3074.84,3077.12,2652.72,8165973.9543
1720672200000,2024-07-11T04:30:00+00:00,3077.12,3084.74,3075.8,3084.74,2807.43,8650793.4479
1720673100000,2024-07-11T04:45:00+00:00,3084.74,3086.5,3080.52,3082.28,2451.24,7558352.2068
1720674000000,2024-07-11T05:00:00+00:00,3082.28,3092.93,3080,3090.72,4975.06,15358006.4773
1720674900000,2024-07-11T05:15:00+00:00,3090.72,3093,3085.3,3086.03,3349.41,10350063.0084
1720675800000,2024-07-11T05:30:00+00:00,3086.03,3091.83,3084.16,3091.76,1425.91,4401554.9687
1720676700000,2024-07-11T05:45:00+00:00,3091.76,3098,3089.54,3096.2,8793.95,27216426.5615
1720677600000,2024-07-11T06:00:00+00:00,3096.2,3099.68,3091.58,3094.22,3619.68,11208296.679
1720678500000,2024-07-11T06:15:00+00:00,3094.22,3099.28,3092.09,3095.99,2888.6,8941156.5031
1720679400000,2024-07-11T06:30:00+00:00,3095.99,3098,3094.71,3097.49,1553.66,4810132.2236
1720680300000,2024-07-11T06:45:00+00:00,3097.49,3107.88,3097.14,3103.02,4890.89,15180836.7052
1720681200000,2024-07-11T07:00:00+00:00,3103.02,3106.5,3100.7,3102,2674.67,8301445.0813
1720682100000,2024-07-11T07:15:00+00:00,3102,3117.19,3101.99,3113.73,11670.47,36314919.8175
1720683000000,2024-07-11T07:30:00+00:00,3113.73,3117.21,3110.33,3112.81,4131.26,12863889.2096
1720683900000,2024-07-11T07:45:00+00:00,3112.81,3119.92,3110.35,3111.63,6794.28,21164394.4362
1720684800000,2024-07-11T08:00:00+00:00,3111.63,3123.46,3111.38,3114.77,8367.8,26099407.2667
1720685700000,2024-07-11T08:15:00+00:00,3114.77,3127.52,3112.53,3123.17,13391.6,41820656.9725
1720686600000,2024-07-11T08:30:00+00:00,3123.17,3125.97,3115,3116.18,8179.54,25531556.3159
1720687500000,2024-07-11T08:45:00+00:00,3116.18,3123.66,3112.42,3120.33,5713.64,17800062.8539
1720688400000,2024-07-11T09:00:00+00:00,3120.33,3124.69,3117.58,3121.47,7425.64,23182832.6502
1720689300000,2024-07-11T09:15:00+00:00,3121.47,3126.81,3117.26,3125.8,4123.96,12883248.8805
1720690200000,2024-07-11T09:30:00+00:00,3125.8,3143.95,3121.03,3138.24,10257.57,32171458.7807
1720691100000,2024-07-11T09:45:00+00:00,3138.24,3144.41,3125.23,3141.2,11291.22,35394883.6333
1720692000000,2024-07-11T10:00:00+00:00,3141.2,3153.11,3134.04,3138.96,23073.42,72556212.9559
1720692900000,2024-07-11T10:15:00+00:00,3138.96,3144.22,3135,3138.07,5454.34,17120227.3927
1720693800000,2024-07-11T10:30:00+00:00,3138.07,3142.49,3136.32,3139.68,2444.49,7674107.4405
1720694700000,2024-07-11T10:45:00+00:00,3139.68,3142.84,3136.48,3142.83,2542.92,7982539.4783
1720695600000,2024-07-11T11:00:00+00:00,3142.83,3145.7,3138.94,3141.88,2382.92,7485765.7636
1720696500000,2024-07-11T11:15:00+00:00,3141.88,3142.32,3131.7,3133.81,10070.4,31588334.9759
1720697400000,2024-07-11T11:30:00+00:00,3133.81,3145.16,3131.04,3142.51,12178.06,38229939.7106
1720698300000,2024-07-11T11:45:00+00:00,3142.51,3154.56,3142.25,3144.76,11527.18,36296049.2519
1720699200000,2024-07-11T12:00:00+00:00,3144.76,3157.21,3136.64,3145.12,13543.35,42641472.769
1720700100000,2024-07-11T12:15:00+00:00,3145.12,3155,3124.27,3145.6,8639.98,27165142.5405
1720701000000,2024-07-11T12:30:00+00:00,3145.6,3208,3145.6,3184.28,70102,223373426.4107
1720701900000,2024-07-11T12:45:00+00:00,3184.28,3215.03,3180.83,3190.51,34908.55,111466093.5815
1720702800000,2024-07-11T13:00:00+00:00,3190.51,3190.77,3160,3169.73,22017.9,69901087.308
1720703700000,2024-07-11T13:15:00+00:00,3169.73,3183.78,3168.72,3175.99,8677.31,27546966.2049
1720704600000,2024-07-11T13:30:00+00:00,3175.99,3182.47,3155.84,3166,18885.82,59857209.7971
1720705500000,2024-07-11T13:45:00+00:00,3166,3176.8,3164.77,3176.8,5806.36,18413392.7937
1720706400000,2024-07-11T14:00:00+00:00,3176.8,3181,3158.8,3160.87,6529.49,20688261.7631
1720707300000,2024-07-11T14:15:00+00:00,3160.87,3165,3125.5,3139.42,34240.64,107563753.5956
1720708200000,2024-07-11T14:30:00+00:00,3139.42,3153.68,3138.25,3145.51,11134.11,35048428.4102
1720709100000,2024-07-11T14:45:00+00:00,3145.51,3155,3137.9,3146.93,9759.05,30703927.0324
1720710000000,2024-07-11T15:00:00+00:00,3146.93,3150,3142,3146.44,7143.49,22488636.5318
1720710900000,2024-07-11T15:15:00+00:00,3146.44,3155,3139.18,3145.56,15352.12,48342673.7628
1720711800000,2024-07-11T15:30:00+00:00,3145.56,3145.57,3115.23,3127.43,32992.78,103251387.0211
1720712700000,2024-07-11T15:45:00+00:00,3127.43,3127.43,3101.9,3115.5,17186.34,53470734.6404
1720713600000,2024-07-11T16:00:00+00:00,3115.5,3121.72,3097,3121.26,16973.91,52799722.8509
1720714500000,2024-07-11T16:15:00+00:00,3121.26,3128.72,3117.11,3127.35,7292.86,22777092.5782
1720715400000,2024-07-11T16:30:00+00:00,3127.35,3135.54,3116.96,3121.17,7965.08,24890842.4063
1720716300000,2024-07-11T16:45:00+00:00,3121.17,3123.43,3111.65,3123.43,3659.99,11410482.3734
1720717200000,2024-07-11T17:00:00+00:00,3123.43,3128,3117.91,3125.84,3312.81,10351748.9568
1720718100000,2024-07-11T17:15:00+00:00,3125.84,3139.05,3125.11,3136.65,4145.89,12988602.1841
1720719000000,2024-07-11T17:30:00+00:00,3136.65,3136.7,3130.39,3133.61,2159.06,6766550.4357
1720719900000,2024-07-11T17:45:00+00:00,3133.61,3134.8,3126.5,3128.4,2590.04,8109423.7087
1720720800000,2024-07-11T18:00:00+00:00,3128.4,3134.99,3126.89,3134.65,1080.95,3383105.3274
1720721700000,2024-07-11T18:15:00+00:00,3134.65,3141.1,3132.08,3134.11,7815.69,24514910.5205
1720722600000,2024-07-11T18:30:00+00:00,3134.11,3145.65,3131.96,3139.56,4564.38,14343308.1271
1720723500000,2024-07-11T18:45:00+00:00,3139.56,3139.56,3132.02,3135.97,5591.26,17529471.0829
1720724400000,2024-07-11T19:00:00+00:00,3135.97,3137.3,3129.38,3129.76,2898.61,9078509.7745
1720725300000,2024-07-11T19:15:00+00:00,3129.76,3131.37,3109.99,3111.77,9836.26,30724924.8337
1720726200000,2024-07-11T19:30:00+00:00,3111.77,3120,3108.08,3113.02,6748.93,21013556.6989
1720727100000,2024-07-11T19:45:00+00:00,3113.02,3115.76,3104.2,3104.5,4212.58,13101826.9412
1720728000000,2024-07-11T20:00:00+00:00,3104.5,3113.83,3087.81,3088.47,9123.46,28316531.7221
1720728900000,2024-07-11T20:15:00+00:00,3088.47,3104.64,3088.47,3101.62,10923.88,33830045.522
1720729800000,2024-07-11T20:30:00+00:00,3101.62,3112.07,3098.38,3107.66,4047.98,12577735.0244
1720730700000,2024-07-11T20:45:00+00:00,3107.66,3115.51,3105.59,3114.17,3776.74,11751008.6706
1720731600000,2024-07-11T21:00:00+00:00,3114.17,3119.97,3108.18,3109.01,3519.51,10958328.8363
1720732500000,2024-07-11T21:15:00+00:00,3109.01,3110,3100.91,3105.9,3122.53,9694516.3956
1720733400000,2024-07-11T21:30:00+00:00,3105.9,3106.23,3099.9,3104.52,2226.32,6906251.3732
1720734300000,2024-07-11T21:45:00+00:00,3104.52,3113.35,3100.9,3107.85,2137.18,6638454.9991
1720735200000,2024-07-11T22:00:00+00:00,3107.85,3108.68,3096.44,3097.96,6927.01,21505782.7219
1720736100000,2024-07-11T22:15:00+00:00,3097.96,3107.14,3092.03,3107.14,3724.56,11535709.1368
1720737000000,2024-07-11T22:30:00+00:00,3107.14,3107.97,3102.94,3104.87,2243.56,6968516.7854
1720737900000,2024-07-11T22:45:00+00:00,3104.87,3105.86,3092.34,3100.89,1978.72,6127547.155
1720738800000,2024-07-11T23:00:00+00:00,3100.89,3103.45,3095.26,3095.45,1561.27,4836402.9818
1720739700000,2024-07-11T23:15:00+00:00,3095.45,3098.99,3083.52,3092.98,17267.35,53377703.9265
1720740600000,2024-07-11T23:30:00+00:00,3092.98,3097.39,3085,3095.54,4828.18,14917895.5404
1720741500000,2024-07-11T23:45:00+00:00,3095.54,3102.5,3094.73,3097.47,3477.29,10776529.7121
1720742400000,2024-07-12T00:00:00+00:00,3097.47,3103.52,3089.12,3100.95,15802.65,48952164.599
1720743300000,2024-07-12T00:15:00+00:00,3100.95,3110.48,3096.21,3109,6493.85,20151788.2264
1720744200000,2024-07-12T00:30:00+00:00,3109,3115.58,3104.49,3115.58,2495.9,7766031.2716
1720745100000,2024-07-12T00:45:00+00:00,3115.58,3115.58,3088,3091.42,8468.47,26224156.5585
1720746000000,2024-07-12T01:00:00+00:00,3091.42,3102.73,3091.24,3093.16,3401.51,10534579.6876
1720746900000,2024-07-12T01:15:00+00:00,3093.16,3093.16,3053.06,3063.04,27871.96,85506329.8525
1720747800000,2024-07-12T01:30:00+00:00,3063.04,3081.92,3059.1,3079.6,9345.53,28720793.0579
1720748700000,2024-07-12T01:45:00+00:00,3079.6,3089.22,3073.76,3088,3662.89,11298666.7755
1720749600000,2024-07-12T02:00:00+00:00,3088,3094.65,3083.41,3093.13,3559.99,10999592.7132
1720750500000,2024-07-12T02:15:00+00:00,3093.13,3107.22,3089.16,3096.01,7421.25,22998812.1875
1720751400000,2024-07-12T02:30:00+00:00,3096.01,3103.96,3096,3103.42,3263.47,10116452.0957
1720752300000,2024-07-12T02:45:00+00:00,3103.42,3107.22,3101.38,3105.75,4116.12,12782208.7146
1720753200000,2024-07-12T03:00:00+00:00,3105.75,3106.65,3091.9,3092.63,7594.09,23549884.926
1720754100000,2024-07-12T03:15:00+00:00,3092.63,3095,3085,3086,11396.36,35211186.9506
1720755000000,2024-07-12T03:30:00+00:00,3086,3091.8,3079.35,3084.01,7161.89,22098575.4624
1720755900000,2024-07-12T03:45:00+00:00,3084.01,3087.69,3081.25,3083.48,1161.01,3580894.6048
1720756800000,2024-07-12T04:00:00+00:00,3083.48,3088.21,3075.62,3081,2962.39,9126984.5482
1720757700000,2024-07-12T04:15:00+00:00,3081,3085.53,3067,3068.06,8013.95,24619288.9919
1720758600000,2024-07-12T04:30:00+00:00,3068.06,3076.97,3062.8,3076.95,5832.24,17902207.3624
1720759500000,2024-07-12T04:45:00+00:00,3076.95,3085,3076.66,3081.46,2818.53,8683029.1813
1720760400000,2024-07-12T05:00:00+00:00,3081.46,3083.07,3078.96,3081.92,3873.66,11937257.4162
1720761300000,2024-07-12T05:15:00+00:00,3081.92,3085.85,3078.92,3084.51,9853.27,30378788.296
1720762200000,2024-07-12T05:30:00+00:00,3084.51,3086.97,3079.21,3079.53,1638.45,5051337.4309
1720763100000,2024-07-12T05:45:00+00:00,3079.53,3081.66,3073.34,3080.43,4320.39,13295497.4767
1720764000000,2024-07-12T06:00:00+00:00,3080.43,3088.92,3079.36,3083.22,12602.32,38878016.9918
1720764900000,2024-07-12T06:15:00+00:00,3083.22,3094.69,3082.83,3093.57,4936.39,15252530.089
1720765800000,2024-07-12T06:30:00+00:00,3093.57,3096.47,3088.7,3094,7221.93,22329813.8398
1720766700000,2024-07-12T06:45:00+00:00,3094,3094.77,3087.62,3089.92,6940.21,21450232.0604
1720767600000,2024-07-12T07:00:00+00:00,3089.92,3096.23,3088.72,3091.56,3719.29,11505679.2771
1720768500000,2024-07-12T07:15:00+00:00,3091.56,3092.5,3075.51,3077.24,11759.1,36248929.3876
1720769400000,2024-07-12T07:30:00+00:00,3077.24,3080.58,3060.28,3060.84,17484.3,53661614.3689
1720770300000,2024-07-12T07:45:00+00:00,3060.84,3070.92,3055.51,3070.43,8496.87,26011547.6632
1720771200000,2024-07-12T08:00:00+00:00,3070.43,3078,3066.01,3077.73,9136.53,28053693.4165
1720772100000,2024-07-12T08:15:00+00:00,3077.73,3083.6,3065.28,3071.31,12478.8,38384809.6468
1720773000000,2024-07-12T08:30:00+00:00,3071.31,3074.97,3065.83,3070.67,3119.68,9580050.8674
1720773900000,2024-07-12T08:45:00+00:00,3070.67,3079.34,3070.15,3079,1022.27,3143611.9669
1720774800000,2024-07-12T09:00:00+00:00,3079,3079.29,3070.15,3073.39,4316.77,13281252.3691
1720775700000,2024-07-12T09:15:00+00:00,3073.39,3074.22,3069.7,3069.81,1019.05,3130919.6861
1720776600000,2024-07-12T09:30:00+00:00,3069.81,3071.55,3058.97,3066.3,9565.75,29308037.0506
1720777500000,2024-07-12T09:45:00+00:00,3066.3,3067,3046.96,3056.62,19165.76,58512741.0635
1720778400000,2024-07-12T10:00:00+00:00,3056.62,3066,3049.05,3053.04,8550.46,26149698.3758
1720779300000,2024-07-12T10:15:00+00:00,3053.04,3058.46,3043.43,3055.9,8379.47,25561251.7247
1720780200000,2024-07-12T10:30:00+00:00,3055.9,3065.77,3053.95,3065.77,4553.37,13927494.431
1720781100000,2024-07-12T10:45:00+00:00,3065.77,3070.21,3062.88,3069.1,7556.26,23173128.0938
1720782000000,2024-07-12T11:00:00+00:00,3069.1,3069.1,3061.93,3063.03,2469.12,7568486.6003
1720782900000,2024-07-12T11:15:00+00:00,3063.03,3072.62,3062.79,3070.77,2051.29,6293168.2471
1720783800000,2024-07-12T11:30:00+00:00,3070.77,3071.25,3064.62,3067.87,1749.53,5367507.0737
1720784700000,2024-07-12T11:45:00+00:00,3067.87,3068.82,3062.66,3068.14,1595.24,4889952.4575
1720785600000,2024-07-12T12:00:00+00:00,3068.14,3080,3067.6,3071.99,7909.53,24317741.1809
1720786500000,2024-07-12T12:15:00+00:00,3071.99,3079.24,3066.45,3077.49,3838.86,11799748.4265
1720787400000,2024-07-12T12:30:00+00:00,3077.49,3077.49,3056,3063.09,13048.02,39995079.6879
1720788300000,2024-07-12T12:45:00+00:00,3063.09,3074.74,3063.01,3071.99,5094.11,15644927.7783
1720789200000,2024-07-12T13:00:00+00:00,3071.99,3079.39,3071.99,3079.22,2596.2,7986646.5225
1720790100000,2024-07-12T13:15:00+00:00,3079.22,3105.5,3079.21,3090.82,29807.44,92203109.9484
1720791000000,2024-07-12T13:30:00+00:00,3090.82,3106.54,3090.82,3095.1,9968.98,30883898.3896
1720791900000,2024-07-12T13:45:00+00:00,3095.1,3123.79,3094.34,3117.42,23052.48,71791541.3411
1720792800000,2024-07-12T14:00:00+00:00,3117.42,3125.5,3109.9,3121.04,13413.39,41814862.8411
1720793700000,2024-07-12T14:15:00+00:00,3121.04,3124.22,3108.92,3119.58,6194.22,19307291.396
1720794600000,2024-07-12T14:30:00+00:00,3119.58,3123.5,3113,3119.78,3759.69,11725861.9605
1720795500000,2024-07-12T14:45:00+00:00,3119.78,3120.18,3108.5,3116.68,6796.85,21159668.0593
1720796400000,2024-07-12T15:00:00+00:00,3116.68,3128.99,3114.34,3120.4,6402.16,19990989.046
1720797300000,2024-07-12T15:15:00+00:00,3120.4,3137.84,3116.29,3132.52,8443.68,26422122.0316
1720798200000,2024-07-12T15:30:00+00:00,3132.52,3136.08,3118,3124.3,5975.16,18678947.7178
1720799100000,2024-07-12T15:45:00+00:00,3124.3,3134.76,3120.19,3129.7,5652.45,17689414.8641
1720800000000,2024-07-12T16:00:00+00:00,3129.7,3130.93,3117.32,3119.71,4010.89,12524654.4449
1720800900000,2024-07-12T16:15:00+00:00,3119.71,3134.8,3113.72,3134,12589.67,39385083.8718
1720801800000,2024-07-12T16:30:00+00:00,3134,3145.42,3128.16,3128.17,13954.03,43740989.3655
1720802700000,2024-07-12T16:45:00+00:00,3128.17,3140.47,3120.62,3137.04,16597.78,51908105.9653
1720803600000,2024-07-12T17:00:00+00:00,3137.04,3144.22,3130,3138.22,11678.26,36636801.7551
1720804500000,2024-07-12T17:15:00+00:00,3138.22,3154.56,3138.21,3147.23,15562.85,48980734.3953
1720805400000,2024-07-12T17:30:00+00:00,3147.23,3150.17,3135.38,3138.48,5760.52,18099578.2867
1720806300000,2024-07-12T17:45:00+00:00,3138.48,3144.97,3136.23,3140.6,2253.86,7078501.9234
1720807200000,2024-07-12T18:00:00+00:00,3140.6,3141.37,3132.89,3135.49,1980.74,6212945.3421
1720808100000,2024-07-12T18:15:00+00:00,3135.49,3142.89,3130.45,3131.8,4983.53,15638273.221
1720809000000,2024-07-12T18:30:00+00:00,3131.8,3148.83,3130.9,3145.82,6798.24,21362544.9403
1720809900000,2024-07-12T18:45:00+00:00,3145.82,3151.83,3140,3140.51,12652.27,39792910.4413
1720810800000,2024-07-12T19:00:00+00:00,3140.51,3141.7,3132.32,3132.78,2252.93,7067860.591
1720811700000,2024-07-12T19:15:00+00:00,3132.78,3135.8,3130,3133.9,5684.28,17805804.8963
1720812600000,2024-07-12T19:30:00+00:00,3133.9,3133.9,3120,3124.11,10384.72,32448306.3138
1720813500000,2024-07-12T19:45:00+00:00,3124.11,3126.77,3111.33,3114.03,3570.26,11129644.6899
1720814400000,2024-07-12T20:00:00+00:00,3114.03,3118.36,3109.05,3110.84,9272.65,28884492.2726
1720815300000,2024-07-12T20:15:00+00:00,3110.84,3110.99,3088,3095.15,16525.81,51212100.4364
1720816200000,2024-07-12T20:30:00+00:00,3095.15,3104.48,3093.08,3103.02,5535.1,17161780.6994
1720817100000,2024-07-12T20:45:00+00:00,3103.02,3111.49,3101.91,3108.01,3866.75,12010545.3274
1720818000000,2024-07-12T21:00:00+00:00,3108.01,3120.61,3108,3119.44,3737.15,11634946.8605
1720818900000,2024-07-12T21:15:00+00:00,3119.44,3119.63,3111.41,3112.83,5535.71,17246450.9294
1720819800000,2024-07-12T21:30:00+00:00,3112.83,3119.36,3111.49,3114.1,970.12,3022161.6459
1720820700000,2024-07-12T21:45:00+00:00,3114.1,3118.67,3113.7,3117.18,1055.94,3291047.7726
1720821600000,2024-07-12T22:00:00+00:00,3117.18,3125.1,3114.98,3122.88,2111.53,6587697.3588
1720822500000,2024-07-12T22:15:00+00:00,3122.88,3129.43,3118.34,3119.46,4572.54,14287038.8166
1720823400000,2024-07-12T22:30:00+00:00,3119.46,3124.46,3118.28,3123.86,972.93,3037328.6217
1720824300000,2024-07-12T22:45:00+00:00,3123.86,3126.17,3122.75,3124.97,905.39,2828979.2484
1720825200000,2024-07-12T23:00:00+00:00,3124.97,3125.54,3122.71,3125.41,580.67,1813883.2687
1720826100000,2024-07-12T23:15:00+00:00,3125.41,3127.76,3123.33,3125.83,1861.65,5819148.2237
1720827000000,2024-07-12T23:30:00+00:00,3125.83,3126.83,3123.51,3123.91,808.42,2526275.5961
1720827900000,2024-07-12T23:45:00+00:00,3123.91,3132.94,3123.91,3132.04,2511.45,7862424.8044
1720828800000,2024-07-13T00:00:00+00:00,3132.04,3136.02,3128.23,3134,2307.13,7226477.6924
1720829700000,2024-07-13T00:15:00+00:00,3134,3135.63,3125.99,3128.03,1813.08,5673538.6346
1720830600000,2024-07-13T00:30:00+00:00,3128.03,3129.9,3124.02,3127.21,1552.16,4852752.9754
1720831500000,2024-07-13T00:45:00+00:00,3127.21,3131.11,3125.45,3130.78,1307.62,4091886.7296
1720832400000,2024-07-13T01:00:00+00:00,3130.78,3133.99,3128.02,3133.22,971.58,3042981.7978
1720833300000,2024-07-13T01:15:00+00:00,3133.22,3137.19,3130,3132.79,2953.08,9252286.7112
1720834200000,2024-07-13T01:30:00+00:00,3132.79,3134.89,3128.77,3129.94,2199.08,6885583.2975
1720835100000,2024-07-13T01:45:00+00:00,3129.94,3132.54,3127,3127.34,1404.04,4391743.2792
1720836000000,2024-07-13T02:00:00+00:00,3127.34,3127.44,3116.95,3123.34,4394.97,13723067.3519
1720836900000,2024-07-13T02:15:00+00:00,3123.34,3125.69,3120.45,3123.7,1785.4,5575990.971
1720837800000,2024-07-13T02:30:00+00:00,3123.7,3124,3120.65,3123.9,1463.38,4569095.4345
1720838700000,2024-07-13T02:45:00+00:00,3123.9,3127.76,3123.84,3125.81,2992.14,9352663.7238
1720839600000,2024-07-13T03:00:00+00:00,3125.81,3127.69,3124.16,3125.76,332,1037739.692
1720840500000,2024-07-13T03:15:00+00:00,3125.76,3125.76,3122.21,3122.49,1803.11,5632672.7273
1720841400000,2024-07-13T03:30:00+00:00,3122.49,3124.93,3120.26,3121.29,1213.33,3787971.6181
1720842300000,2024-07-13T03:45:00+00:00,3121.29,3123.57,3118.25,3118.81,1280.42,3995898.1578
1720843200000,2024-07-13T04:00:00+00:00,3118.81,3118.86,3113.75,3116.98,4447.36,13858217.6502
1720844100000,2024-07-13T04:15:00+00:00,3116.98,3118.15,3112.91,3113.37,1547.19,4820438.2471
1720845000000,2024-07-13T04:30:00+00:00,3113.37,3116.43,3112.01,3112.23,1091.25,3398594.9019
1720845900000,2024-07-13T04:45:00+00:00,3112.23,3115.43,3112.21,3113.62,884.7,2754272.2009
1720846800000,2024-07-13T05:00:00+00:00,3113.62,3123.49,3112.21,3120,2851.8,8895125.4972
1720847700000,2024-07-13T05:15:00+00:00,3120,3124.56,3117.94,3121.34,3166.14,9887896.5994
1720848600000,2024-07-13T05:30:00+00:00,3121.34,3137.16,3120.92,3132.18,12073.18,37796269.436
1720849500000,2024-07-13T05:45:00+00:00,3132.18,3135.54,3127.73,3130,7055.4,22085813.2537
1720850400000,2024-07-13T06:00:00+00:00,3130,3133.22,3128.16,3128.82,2734.9,8559870.9703
1720851300000,2024-07-13T06:15:00+00:00,3128.82,3137.85,3128.3,3133.91,3477.19,10897575.2562
1720852200000,2024-07-13T06:30:00+00:00,3133.91,3138.88,3132.4,3133.34,10454.5,32785511.7288
1720853100000,2024-07-13T06:45:00+00:00,3133.34,3136,3131.36,3133.02,1664.75,5217128.5287
1720854000000,2024-07-13T07:00:00+00:00,3133.02,3136.51,3131.75,3136,944.33,2960144.8456
1720854900000,2024-07-13T07:15:00+00:00,3136,3139.38,3132.56,3138.25,2376.6,7453104.5029
1720855800000,2024-07-13T07:30:00+00:00,3138.25,3138.35,3134.04,3135.26,978.5,3068947.9274
1720856700000,2024-07-13T07:45:00+00:00,3135.26,3138.3,3133.49,3138.3,1834.48,5751009.5518
1720857600000,2024-07-13T08:00:00+00:00,3138.3,3138.5,3135,3136.63,1526.03,4785886.1744
1720858500000,2024-07-13T08:15:00+00:00,3136.63,3137.81,3135,3137.81,768.35,2409701.6453
1720859400000,2024-07-13T08:30:00+00:00,3137.81,3137.81,3133.73,3134.72,2001.33,6274312.1986
1720860300000,2024-07-13T08:45:00+00:00,3134.72,3134.72,3126.89,3127.69,11273.36,35285390.3639
1720861200000,2024-07-13T09:00:00+00:00,3127.69,3134.8,3127.33,3133.62,3214.6,10062584.9591
1720862100000,2024-07-13T09:15:00+00:00,3133.62,3150,3132.41,3149.52,18435.66,57938377.3115
1720863000000,2024-07-13T09:30:00+00:00,3149.52,3160.99,3144.5,3148.06,22816.16,71929552.0645
1720863900000,2024-07-13T09:45:00+00:00,3148.06,3169.8,3146.01,3163,13248.41,41898200.8197
1720864800000,2024-07-13T10:00:00+00:00,3163,3167.99,3158.78,3161.62,9844.59,31123052.7476
1720865700000,2024-07-13T10:15:00+00:00,3161.62,3163.17,3159.2,3161.64,2717.84,8591394.4039
1720866600000,2024-07-13T10:30:00+00:00,3161.64,3161.97,3150.39,3150.75,4931.6,15555205.066
1720867500000,2024-07-13T10:45:00+00:00,3150.75,3158.56,3147.51,3156.72,5066.3,15976154.3887
1720868400000,2024-07-13T11:00:00+00:00,3156.72,3156.72,3150.19,3153.81,2691.63,8485134.953
1720869300000,2024-07-13T11:15:00+00:00,3153.81,3156.94,3149.61,3154.39,3022.12,9528610.5827
1720870200000,2024-07-13T11:30:00+00:00,3154.39,3158.94,3154,3157.07,5084.37,16051127.3272
1720871100000,2024-07-13T11:45:00+00:00,3157.07,3157.07,3152.86,3154.12,1593.63,5027268.6729
1720872000000,2024-07-13T12:00:00+00:00,3154.12,3154.12,3150,3151.51,4368.1,13765029.5069
1720872900000,2024-07-13T12:15:00+00:00,3151.51,3156,3151.51,3155.3,2063.3,6508537.4383
1720873800000,2024-07-13T12:30:00+00:00,3155.3,3162.57,3155.02,3159.75,3217.47,10164932.164
1720874700000,2024-07-13T12:45:00+00:00,3159.75,3163.08,3152.57,3155.21,6133.34,19361720.742
1720875600000,2024-07-13T13:00:00+00:00,3155.21,3156.93,3147.62,3152.75,4646.67,14643821.2387
1720876500000,2024-07-13T13:15:00+00:00,3152.75,3153.45,3150.7,3150.71,2631.94,8294940.5985
1720877400000,2024-07-13T13:30:00+00:00,3150.71,3153.93,3145.07,3147.56,6394.67,20130511.3453
1720878300000,2024-07-13T13:45:00+00:00,3147.56,3153.86,3147.5,3152.42,1532.26,4828267.5703
1720879200000,2024-07-13T14:00:00+00:00,3152.42,3152.42,3140,3143.66,7012.9,22055060.1359
1720880100000,2024-07-13T14:15:00+00:00,3143.66,3147.2,3140.76,3146.12,5172.81,16264349.0953
1720881000000,2024-07-13T14:30:00+00:00,3146.12,3152.69,3145.65,3150.95,3537.13,11137965.3992
1720881900000,2024-07-13T14:45:00+00:00,3150.95,3152.58,3148.12,3152.14,3385.3,10667645.9968
1720882800000,2024-07-13T15:00:00+00:00,3152.14,3152.69,3147.47,3152.43,2737.09,8621469.5915
1720883700000,2024-07-13T15:15:00+00:00,3152.43,3156.33,3150.54,3155.33,3385.72,10680992.6885
1720884600000,2024-07-13T15:30:00+00:00,3155.33,3157.28,3152.53,3152.86,2210.27,6974847.8293
1720885500000,2024-07-13T15:45:00+00:00,3152.86,3154.11,3151.31,3152.79,1397.89,4407533.7028
1720886400000,2024-07-13T16:00:00+00:00,3152.79,3158,3149.66,3156,2531.46,7983832.2089
1720887300000,2024-07-13T16:15:00+00:00,3156,3158,3149.66,3150.97,4369.08,13784690.4419
1720888200000,2024-07-13T16:30:00+00:00,3150.97,3153.06,3148,3150.77,2667.83,8403418.1195
1720889100000,2024-07-13T16:45:00+00:00,3150.77,3153.29,3148.13,3149.77,1188.07,3743333.952
1720890000000,2024-07-13T17:00:00+00:00,3149.77,3150.87,3146.4,3146.74,3053.26,9614868.0452
1720890900000,2024-07-13T17:15:00+00:00,3146.74,3150,3145,3147.19,1162.45,3659008.83
1720891800000,2024-07-13T17:30:00+00:00,3147.19,3152.2,3145.58,3152.2,1112.54,3504442.3144
1720892700000,2024-07-13T17:45:00+00:00,3152.2,3154.22,3150.4,3154.2,753.8,2376521.7566
1720893600000,2024-07-13T18:00:00+00:00,3154.2,3158,3153.03,3153.28,1593.92,5029899.5781
1720894500000,2024-07-13T18:15:00+00:00,3153.28,3153.97,3151.7,3151.8,389.26,1227100.7343
1720895400000,2024-07-13T18:30:00+00:00,3151.8,3154.21,3146.33,3148.35,2351.85,7403673.9328
1720896300000,2024-07-13T18:45:00+00:00,3148.35,3151.46,3147.72,3150.94,1118.22,3522207.3643
1720897200000,2024-07-13T19:00:00+00:00,3150.94,3159.99,3150.94,3157.6,1559.99,4925367.8006
1720898100000,2024-07-13T19:15:00+00:00,3157.6,3159.94,3155.93,3157.71,644.02,2033673.9974
1720899000000,2024-07-13T19:30:00+00:00,3157.71,3158.71,3155.43,3157.12,1008.41,3183493.981
1720899900000,2024-07-13T19:45:00+00:00,3157.12,3163.16,3156.77,3161.51,3910.67,12360998.2597
1720900800000,2024-07-13T20:00:00+00:00,3161.51,3166.89,3159.87,3163.33,2611.74,8260857.3816
1720901700000,2024-07-13T20:15:00+00:00,3163.33,3165.37,3159.35,3159.87,1278.75,4043064.1614
1720902600000,2024-07-13T20:30:00+00:00,3159.87,3161.36,3157.09,3161.36,630.05,1989869.7151
1720903500000,2024-07-13T20:45:00+00:00,3161.36,3163.5,3160.82,3160.86,444.8,1406663.5066
1720904400000,2024-07-13T21:00:00+00:00,3160.86,3160.86,3157.04,3158.96,439.31,1387958.331
1720905300000,2024-07-13T21:15:00+00:00,3158.96,3163.28,3158.96,3161.52,1009.39,3191545.134
1720906200000,2024-07-13T21:30:00+00:00,3161.52,3163.27,3160.77,3160.77,275.02,869725.4543
1720907100000,2024-07-13T21:45:00+00:00,3160.77,3163.53,3158.38,3163.52,692.59,2188512.8603
1720908000000,2024-07-13T22:00:00+00:00,3163.52,3163.52,3160.52,3161.19,325.56,1029302.0932
1720908900000,2024-07-13T22:15:00+00:00,3161.19,3163.1,3142.52,3146.71,8114,25540662.9229
1720909800000,2024-07-13T22:30:00+00:00,3146.71,3185,3142.9,3169.93,17211.85,54531656.9154
1720910700000,2024-07-13T22:45:00+00:00,3169.93,3195.68,3169.93,3190,11161.69,35563504.1869
1720911600000,2024-07-13T23:00:00+00:00,3190,3198,3180.01,3195.84,10093.44,32186888.4473
1720912500000,2024-07-13T23:15:00+00:00,3195.84,3198.9,3176.37,3179.92,12556.45,40016395.6455
1720913400000,2024-07-13T23:30:00+00:00,3179.92,3183.8,3174.87,3177.21,6981.49,22186990.8677
1720914300000,2024-07-13T23:45:00+00:00,3177.21,3177.91,3169.92,3173.26,3252.42,10321418.9559
1720915200000,2024-07-14T00:00:00+00:00,3173.26,3184.63,3173.26,3184.2,2384.61,7581130.7831
1720916100000,2024-07-14T00:15:00+00:00,3184.2,3191.69,3174.51,3174.66,5237.78,16667658.1569
1720917000000,2024-07-14T00:30:00+00:00,3174.66,3179.41,3170.87,3175.51,3076.16,9767161.0049
1720917900000,2024-07-14T00:45:00+00:00,3175.51,3185,3173.93,3185,2837.13,9029780.649
1720918800000,2024-07-14T01:00:00+00:00,3185,3186.39,3175.35,3176.27,2937.34,9346039.6917
1720919700000,2024-07-14T01:15:00+00:00,3176.27,3181.21,3171.19,3180.47,5007.96,15900316.183
1720920600000,2024-07-14T01:30:00+00:00,3180.47,3186.02,3177.04,3184.43,1532.85,4878177.5496
1720921500000,2024-07-14T01:45:00+00:00,3184.43,3185.77,3180.88,3184.12,1411.25,4492329.5872
1720922400000,2024-07-14T02:00:00+00:00,3184.12,3186.61,3177.55,3179.51,1821.45,5795690.994
1720923300000,2024-07-14T02:15:00+00:00,3179.51,3181.67,3166.04,3166.92,5178.01,16424292.1761
1720924200000,2024-07-14T02:30:00+00:00,3166.92,3170.56,3162.38,3165.41,4196.6,13284097.987
1720925100000,2024-07-14T02:45:00+00:00,3165.41,3170.25,3165,3170.25,1317.29,4171342.8021
1720926000000,2024-07-14T03:00:00+00:00,3170.25,3176.1,3169.2,3173.94,1935.83,6144314.6295
1720926900000,2024-07-14T03:15:00+00:00,3173.94,3175.7,3171.29,3173.02,1016.21,3224659.0624
1720927800000,2024-07-14T03:30:00+00:00,3173.02,3173.33,3168.23,3169.7,866.76,2747568.0753
1720928700000,2024-07-14T03:45:00+00:00,3169.7,3171.84,3167.69,3170.95,1633.98,5179319.0381
1720929600000,2024-07-14T04:00:00+00:00,3170.95,3176.8,3168.7,3176.58,1756.97,5576226.7683
1720930500000,2024-07-14T04:15:00+00:00,3176.58,3198.62,3175.34,3185.44,10326.72,32932857.0809
1720931400000,2024-07-14T04:30:00+00:00,3185.44,3190.99,3182.88,3186.27,2962.17,9439271.8814
1720932300000,2024-07-14T04:45:00+00:00,3186.27,3192.93,3182.83,3190.83,2022.44,6444392.3399
1720933200000,2024-07-14T05:00:00+00:00,3190.83,3204.91,3187.5,3187.5,11941.98,38183254.2992
1720934100000,2024-07-14T05:15:00+00:00,3187.5,3198.75,3183,3198.6,4311.63,13748301.5082
1720935000000,2024-07-14T05:30:00+00:00,3198.6,3203.81,3191.92,3192.33,5747.57,18374622.6382
1720935900000,2024-07-14T05:45:00+00:00,3192.33,3199.93,3188.46,3199,13981.26,44689458.5949
1720936800000,2024-07-14T06:00:00+00:00,3199,3202.49,3192.73,3194.9,3188.2,10188633.7903
1720937700000,2024-07-14T06:15:00+00:00,3194.9,3198.21,3192.73,3196.94,6611.19,21123029.995
1720938600000,2024-07-14T06:30:00+00:00,3196.94,3196.96,3190.24,3191.3,1770.6,5652222.7853
1720939500000,2024-07-14T06:45:00+00:00,3191.3,3192.68,3184.81,3188.34,11831.08,37718273.2759
1720940400000,2024-07-14T07:00:00+00:00,3188.34,3191.81,3185,3187,1427,4550908.0347
1720941300000,2024-07-14T07:15:00+00:00,3187,3194.37,3187,3190.47,3015.78,9620190.8174
1720942200000,2024-07-14T07:30:00+00:00,3190.47,3192.41,3188,3192.16,606.64,1935787.8621
1720943100000,2024-07-14T07:45:00+00:00,3192.16,3199.15,3191.26,3192.76,7084.61,22644325.7868
1720944000000,2024-07-14T08:00:00+00:00,3192.76,3199.25,3192.76,3196.44,4454.46,14244614.4257
1720944900000,2024-07-14T08:15:00+00:00,3196.44,3212.24,3194.89,3211.17,10035.66,32181214.77
1720945800000,2024-07-14T08:30:00+00:00,3211.17,3211.18,3203.22,3207.79,6301.84,20211247.2876
1720946700000,2024-07-14T08:45:00+00:00,3207.79,3218.21,3206,3208.42,10541.76,33869838.1516
1720947600000,2024-07-14T09:00:00+00:00,3208.42,3213.2,3205,3206.63,8229.59,26402910.8244
1720948500000,2024-07-14T09:15:00+00:00,3206.63,3212.46,3205,3210.18,2857.04,9165293.7531
1720949400000,2024-07-14T09:30:00+00:00,3210.18,3224.51,3208.36,3208.74,10362.67,33334083.2291
1720950300000,2024-07-14T09:45:00+00:00,3208.74,3213.06,3207.96,3210.37,3914.05,12568790.0561
1720951200000,2024-07-14T10:00:00+00:00,3210.37,3214.99,3202.64,3202.86,3752.26,12035703.157
1720952100000,2024-07-14T10:15:00+00:00,3202.86,3209.21,3202,3205.61,13046.35,41816919.2538
1720953000000,2024-07-14T10:30:00+00:00,3205.61,3207.18,3197.4,3198.8,4357.11,13944814.754
1720953900000,2024-07-14T10:45:00+00:00,3198.8,3202.14,3195.18,3195.69,3765.26,12041506.1565
1720954800000,2024-07-14T11:00:00+00:00,3195.69,3202.7,3195.12,3200.21,3031.25,9697255.3312
1720955700000,2024-07-14T11:15:00+00:00,3200.21,3202,3197.58,3201.33,1977.44,6326526.7605
1720956600000,2024-07-14T11:30:00+00:00,3201.33,3204,3200.15,3201.84,4340.22,13896209.6902
1720957500000,2024-07-14T11:45:00+00:00,3201.84,3203.21,3199,3199.97,2102.49,6729339.4625
1720958400000,2024-07-14T12:00:00+00:00,3199.97,3201.01,3190,3191.61,4550.96,14536892.3037
1720959300000,2024-07-14T12:15:00+00:00,3191.61,3194.8,3186.87,3190.67,5535.24,17663623.5532
1720960200000,2024-07-14T12:30:00+00:00,3190.67,3194.36,3188.01,3191.47,6273.93,20017006.4371
1720961100000,2024-07-14T12:45:00+00:00,3191.47,3194.35,3186.83,3187.02,3505.97,11183343.1903
1720962000000,2024-07-14T13:00:00+00:00,3187.02,3190,3186.8,3187.99,1830.6,5837703.1187
1720962900000,2024-07-14T13:15:00+00:00,3187.99,3193.12,3186.32,3186.75,2356.43,7519526.0979
1720963800000,2024-07-14T13:30:00+00:00,3186.75,3187.68,3182,3183.25,7014.34,22329899.3515
1720964700000,2024-07-14T13:45:00+00:00,3183.25,3184.5,3180.82,3181.8,2191.29,6974476.5486
1720965600000,2024-07-14T14:00:00+00:00,3181.8,3185.9,3176.82,3184.23,4750.69,15109468.9006
1720966500000,2024-07-14T14:15:00+00:00,3184.23,3184.56,3176,3176,4204.85,13364671.3098
1720967400000,2024-07-14T14:30:00+00:00,3176,3183.64,3172.39,3182.35,7019.68,22321564.4719
1720968300000,2024-07-14T14:45:00+00:00,3182.35,3201.78,3182.34,3189.58,12038.92,38417634.1289
1720969200000,2024-07-14T15:00:00+00:00,3189.58,3194.79,3181.41,3186.48,6143.35,19578955.0422
1720970100000,2024-07-14T15:15:00+00:00,3186.48,3186.57,3180.16,3182.19,2185.77,6957785.7363
1720971000000,2024-07-14T15:30:00+00:00,3182.19,3187.58,3180.15,3181.93,2582.14,8221265.0954
1720971900000,2024-07-14T15:45:00+00:00,3181.93,3189.72,3181.35,3187.99,1404.99,4476784.8759
1720972800000,2024-07-14T16:00:00+00:00,3187.99,3191.5,3183.88,3191.48,6722.39,21424913.0533
1720973700000,2024-07-14T16:15:00+00:00,3191.48,3192,3186.44,3186.84,1348.04,4299764.7101
1720974600000,2024-07-14T16:30:00+00:00,3186.84,3192.7,3185.45,3192.35,942.6,3005209.4231
1720975500000,2024-07-14T16:45:00+00:00,3192.35,3195.97,3190.46,3194.04,19977.34,63810201.3005
1720976400000,2024-07-14T17:00:00+00:00,3194.04,3195.11,3186.47,3187.03,10803.8,34471075.2945
1720977300000,2024-07-14T17:15:00+00:00,3187.03,3188,3181,3187.99,2222.24,7077560.6202
1720978200000,2024-07-14T17:30:00+00:00,3187.99,3192.77,3186.76,3187.13,967.88,3087249.9467
1720979100000,2024-07-14T17:45:00+00:00,3187.13,3189.37,3186.31,3187.9,499.51,1592176.1352
1720980000000,2024-07-14T18:00:00+00:00,3187.9,3189.69,3182,3182.01,837.7,2669492.9641
1720980900000,2024-07-14T18:15:00+00:00,3182.01,3185.65,3180.65,3182.79,823.22,2620098.3754
1720981800000,2024-07-14T18:30:00+00:00,3182.79,3186.37,3182.3,3184.6,706.72,2250885.0872
1720982700000,2024-07-14T18:45:00+00:00,3184.6,3185,3182.62,3184.24,201.55,641776.4445
1720983600000,2024-07-14T19:00:00+00:00,3184.24,3185.48,3183.03,3184.55,117.91,375511.5237
1720984500000,2024-07-14T19:15:00+00:00,3184.55,3188,3184.55,3187.78,227.62,725403.8683
1720985400000,2024-07-14T19:30:00+00:00,3187.78,3188,3183.89,3184.03,854.79,2723860.0318
1720986300000,2024-07-14T19:45:00+00:00,3184.03,3189.46,3183.45,3188.97,390.47,1244453.749
1720987200000,2024-07-14T20:00:00+00:00,3188.97,3192.53,3187.94,3191.99,620.59,1979947.1796
1720988100000,2024-07-14T20:15:00+00:00,3191.99,3195.01,3191.05,3193.83,1700.62,5430328.2199
1720989000000,2024-07-14T20:30:00+00:00,3193.83,3204.18,3193.38,3198.95,9580.02,30644781.6036
1720989900000,2024-07-14T20:45:00+00:00,3198.95,3203.58,3197.29,3197.3,2762.58,8841775.6977
1720990800000,2024-07-14T21:00:00+00:00,3197.3,3208.83,3194,3205.72,7484.63,23980287.4889
1720991700000,2024-07-14T21:15:00+00:00,3205.72,3236.97,3205.66,3226.41,25896.56,83580087.4043
1720992600000,2024-07-14T21:30:00+00:00,3226.41,3235.2,3222.91,3233.7,13223.23,42704167.6891
1720993500000,2024-07-14T21:45:00+00:00,3233.7,3256.38,3233.38,3253.29,18452.03,59905486.5052
1720994400000,2024-07-14T22:00:00+00:00,3253.29,3263,3246.17,3248.39,19275.85,62755210.2978
1720995300000,2024-07-14T22:15:00+00:00,3248.39,3253.47,3240.05,3249.84,8396.67,27246918.9321
1720996200000,2024-07-14T22:30:00+00:00,3249.84,3250,3238.13,3239.71,5154.33,16717269.3638
1720997100000,2024-07-14T22:45:00+00:00,3239.71,3247.69,3239.4,3243.28,5316.72,17243740.7623
1720998000000,2024-07-14T23:00:00+00:00,3243.28,3252.79,3241.11,3252.49,5083.4,16511264.2884
1720998900000,2024-07-14T23:15:00+00:00,3252.49,3265.9,3251,3258.72,9464.16,30845097.1402
1720999800000,2024-07-14T23:30:00+00:00,3258.72,3262.57,3255.62,3256.45,3399.81,11080502.9526
1721000700000,2024-07-14T23:45:00+00:00,3256.45,3256.45,3237.74,3243.02,10877.7,35289975.3823
1721001600000,2024-07-15T00:00:00+00:00,3243.02,3246.15,3231,3233.2,8110.75,26254529.4212
1721002500000,2024-07-15T00:15:00+00:00,3233.2,3256.75,3231.87,3255.19,13409.07,43544229.0462
1721003400000,2024-07-15T00:30:00+00:00,3255.19,3269,3253.87,3261.82,12685.98,41387756.1363
1721004300000,2024-07-15T00:45:00+00:00,3261.82,3285.78,3261.05,3275.21,14518.98,47580665.9198
1721005200000,2024-07-15T01:00:00+00:00,3275.21,3285.07,3272.68,3280.59,5481.27,17980579.1643
1721006100000,2024-07-15T01:15:00+00:00,3280.59,3297.85,3275.96,3280.05,22752.57,74830125.6825
1721007000000,2024-07-15T01:30:00+00:00,3280.05,3282.46,3271.86,3273.93,7016.52,22985996.9986
1721007900000,2024-07-15T01:45:00+00:00,3273.93,3274.43,3268.03,3271.21,7186.27,23515322.8166
1721008800000,2024-07-15T02:00:00+00:00,3271.21,3280.58,3265.93,3278,4069.73,13319372.1293
1721009700000,2024-07-15T02:15:00+00:00,3278,3303,3272.63,3301.15,5998.41,19716900.301
1721010600000,2024-07-15T02:30:00+00:00,3301.15,3335.73,3297.46,3318.07,42009.69,139331840.8497
1721011500000,2024-07-15T02:45:00+00:00,3318.07,3336.36,3318.01,3328.93,19892.13,66230616.2358
1721012400000,2024-07-15T03:00:00+00:00,3328.93,3340,3318.48,3318.97,12856.39,42773899.5024
1721013300000,2024-07-15T03:15:00+00:00,3318.97,3330.47,3315.19,3320.12,6015.45,19984521.904
1721014200000,2024-07-15T03:30:00+00:00,3320.12,3326.58,3317.2,3320.18,2463.03,8178664.8234
1721015100000,2024-07-15T03:45:00+00:00,3320.18,3331,3320.06,3326.98,4116.56,13693576.4767
1721016000000,2024-07-15T04:00:00+00:00,3326.98,3330,3318.29,3320.44,3717.92,12356834.6127
1721016900000,2024-07-15T04:15:00+00:00,3320.44,3333.99,3318.63,3331.15,6338.75,21092675.3702
1721017800000,2024-07-15T04:30:00+00:00,3331.15,3332.65,3327.06,3329.8,3003.94,10002203.6104
1721018700000,2024-07-15T04:45:00+00:00,3329.8,3335.99,3325.18,3334.03,3533.07,11769178.4338
1721019600000,2024-07-15T05:00:00+00:00,3334.03,3343.87,3328.83,3330.49,8306.99,27706005.6326
1721020500000,2024-07-15T05:15:00+00:00,3330.49,3335.27,3326,3328.74,3555.42,11839009.9675
1721021400000,2024-07-15T05:30:00+00:00,3328.74,3338.4,3328.74,3336.33,4639.32,15470210.0347
1721022300000,2024-07-15T05:45:00+00:00,3336.33,3339.57,3329.75,3332.61,4578.58,15270477.3413
1721023200000,2024-07-15T06:00:00+00:00,3332.61,3340,3328.75,3340,3057.52,10197222.8906
1721024100000,2024-07-15T06:15:00+00:00,3340,3349.15,3336.69,3344.99,11582.75,38714672.4872
1721025000000,2024-07-15T06:30:00+00:00,3344.99,3357.96,3341.23,3349.06,11378.54,38090817.3526
1721025900000,2024-07-15T06:45:00+00:00,3349.06,3362.89,3342.23,3346.38,10919.79,36615034.6609
1721026800000,2024-07-15T07:00:00+00:00,3346.38,3353.96,3339.92,3351.13,8354.76,27961392.0811
1721027700000,2024-07-15T07:15:00+00:00,3351.13,3356.48,3345.26,3347.48,5361.44,17960866.7031
1721028600000,2024-07-15T07:30:00+00:00,3347.48,3366.82,3347.08,3357.85,10486.61,35224015.3489
1721029500000,2024-07-15T07:45:00+00:00,3357.85,3363.94,3352.2,3353.3,7358.59,24699630.0169
1721030400000,2024-07-15T08:00:00+00:00,3353.3,3362,3352.81,3356.83,4373.44,14684020.3218
1721031300000,2024-07-15T08:15:00+00:00,3356.83,3366.8,3356.44,3362.15,4558.41,15325206.9948
1721032200000,2024-07-15T08:30:00+00:00,3362.15,3370.55,3358.81,3368.01,3084.89,10376248.0084
1721033100000,2024-07-15T08:45:00+00:00,3368.01,3369.7,3343,3350.58,22707.03,76167610.0204
1721034000000,2024-07-15T09:00:00+00:00,3350.58,3350.58,3337.5,3342.14,9133.34,30524944.0771
1721034900000,2024-07-15T09:15:00+00:00,3342.14,3352.75,3338,3347.99,7144.47,23910452.6778
1721035800000,2024-07-15T09:30:00+00:00,3347.99,3361.49,3347.4,3349.96,6734.02,22591926.7193
1721036700000,2024-07-15T09:45:00+00:00,3349.96,3356.93,3345.2,3346.68,2186.43,7325393.9391
1721037600000,2024-07-15T10:00:00+00:00,3346.68,3347,3342.01,3343.15,2126.85,7113534.4002
1721038500000,2024-07-15T10:15:00+00:00,3343.15,3348.85,3340.8,3345.02,2235.08,7476434.1498
1721039400000,2024-07-15T10:30:00+00:00,3345.02,3347.77,3339.92,3341.69,1699.11,5678558.927
1721040300000,2024-07-15T10:45:00+00:00,3341.69,3341.69,3329.44,3333.37,5590.49,18642317.6862
1721041200000,2024-07-15T11:00:00+00:00,3333.37,3336.75,3329.23,3333.37,2610.89,8704612.2043
1721042100000,2024-07-15T11:15:00+00:00,3333.37,3336.98,3327.11,3333.26,5374.57,17904147.0914
1721043000000,2024-07-15T11:30:00+00:00,3333.26,3339.92,3328.62,3339.89,3993.26,13314995.2752
1721043900000,2024-07-15T11:45:00+00:00,3339.89,3343.04,3335.63,3338.02,4853.93,16217953.5125
1721044800000,2024-07-15T12:00:00+00:00,3338.02,3345,3336.72,3336.73,1871.75,6252110.3729
1721045700000,2024-07-15T12:15:00+00:00,3336.73,3345.59,3331.38,3343.52,4005.44,13376677.6418
1721046600000,2024-07-15T12:30:00+00:00,3343.52,3352.12,3341,3345.86,5055.68,16926113.0332
1721047500000,2024-07-15T12:45:00+00:00,3345.86,3345.86,3339.18,3342.33,1956.2,6537882.6009
1721048400000,2024-07-15T13:00:00+00:00,3342.33,3349.99,3341.14,3347.64,2006.62,6716552.8115
1721049300000,2024-07-15T13:15:00+00:00,3347.64,3355.4,3345.19,3349.63,7885.91,26420763.7
1721050200000,2024-07-15T13:30:00+00:00,3349.63,3359.58,3335,3357.1,10713.19,35847650.7309
1721051100000,2024-07-15T13:45:00+00:00,3357.1,3359.99,3353.33,3355.97,5526,18545543.6292
1721052000000,2024-07-15T14:00:00+00:00,3355.97,3359,3347.19,3349.33,4103.61,13753559.447
1721052900000,2024-07-15T14:15:00+00:00,3349.33,3353.44,3343.19,3349.17,1946.68,6516249.7786
1721053800000,2024-07-15T14:30:00+00:00,3349.17,3366.92,3348.03,3363.69,7757.35,26080277.0958
1721054700000,2024-07-15T14:45:00+00:00,3363.69,3374.04,3362.29,3370.1,10539.62,35508306.075
1721055600000,2024-07-15T15:00:00+00:00,3370.1,3392.28,3362,3364.21,24315.55,82140205.6827
1721056500000,2024-07-15T15:15:00+00:00,3364.21,3375,3360,3371.83,4493.69,15132101.3259
1721057400000,2024-07-15T15:30:00+00:00,3371.83,3373.56,3361.01,3363.14,5370.2,18080505.8323
1721058300000,2024-07-15T15:45:00+00:00,3363.14,3369.43,3360,3365.29,5142.85,17294836.3317
1721059200000,2024-07-15T16:00:00+00:00,3365.29,3370.49,3355.11,3369.08,9060.89,30477546.8143
1721060100000,2024-07-15T16:15:00+00:00,3369.08,3381.08,3366.63,3377.02,13037.1,43971481.1197
1721061000000,2024-07-15T16:30:00+00:00,3377.02,3398.76,3372.36,3389.61,13612.34,46110889.1592
1721061900000,2024-07-15T16:45:00+00:00,3389.61,3403,3380.77,3386.29,16547.71,56163418.6532
1721062800000,2024-07-15T17:00:00+00:00,3386.29,3396.96,3372.43,3391.58,19895.75,67250131.5515
1721063700000,2024-07-15T17:15:00+00:00,3391.58,3398.97,3383.59,3385.45,3276.98,11107960.6504
1721064600000,2024-07-15T17:30:00+00:00,3385.45,3393,3379.17,3381.76,4954.07,16763105.3739
1721065500000,2024-07-15T17:45:00+00:00,3381.76,3388.85,3378.86,3380.47,5897.42,19961889.2793
1721066400000,2024-07-15T18:00:00+00:00,3380.47,3388.6,3372.81,3383.28,4267.61,14429801.314
1721067300000,2024-07-15T18:15:00+00:00,3383.28,3397.69,3379.26,3396.56,3170.09,10740988.413
1721068200000,2024-07-15T18:30:00+00:00,3396.56,3410.3,3387.73,3394.48,10862.11,36917167.7793
1721069100000,2024-07-15T18:45:00+00:00,3394.48,3397.94,3389.01,3393.83,1779.13,6038355.1046
1721070000000,2024-07-15T19:00:00+00:00,3393.83,3396.99,3386.76,3392.98,2197.8,7453113.4933
1721070900000,2024-07-15T19:15:00+00:00,3392.98,3428,3381.98,3386.17,19893.55,67785735.9746
1721071800000,2024-07-15T19:30:00+00:00,3386.17,3409.57,3377.47,3400.11,16446.67,55851765.5243
1721072700000,2024-07-15T19:45:00+00:00,3400.11,3403.85,3388.93,3402,5504.29,18701328.6734
1721073600000,2024-07-15T20:00:00+00:00,3402,3418.28,3401.56,3415.56,3069.16,10465437.8041
1721074500000,2024-07-15T20:15:00+00:00,3415.56,3440,3414.01,3435,12390.13,42471939.6506
1721075400000,2024-07-15T20:30:00+00:00,3435,3443,3426.6,3427.14,6673.38,22910343.9817
1721076300000,2024-07-15T20:45:00+00:00,3427.14,3436.15,3426.55,3430.3,2640.14,9053357.5167
1721077200000,2024-07-15T21:00:00+00:00,3430.3,3434.04,3427.15,3429.24,2581.81,8856210.679
1721078100000,2024-07-15T21:15:00+00:00,3429.24,3430.44,3415.98,3418.17,5449.31,18637420.5386
1721079000000,2024-07-15T21:30:00+00:00,3418.17,3429.48,3416,3422,2729.75,9341178.0929
1721079900000,2024-07-15T21:45:00+00:00,3422,3428.72,3419,3419,1379.47,4724343.1721
1721080800000,2024-07-15T22:00:00+00:00,3419,3455.14,3419,3450.57,10001.9,34439227.4199
1721081700000,2024-07-15T22:15:00+00:00,3450.57,3461.91,3440.7,3448.93,13237.01,45707305.9614
1721082600000,2024-07-15T22:30:00+00:00,3448.93,3492.19,3445.85,3481.29,24380.84,84611244.2889
1721083500000,2024-07-15T22:45:00+00:00,3481.29,3491.73,3466.98,3470.61,7595.81,26409025.4152
1721084400000,2024-07-15T23:00:00+00:00,3470.61,3478.14,3462.05,3475.75,7292.74,25290433.845
1721085300000,2024-07-15T23:15:00+00:00,3475.75,3489.99,3475.18,3482.56,7158.09,24936047.2166
1721086200000,2024-07-15T23:30:00+00:00,3482.56,3490,3479.66,3482.75,7051.12,24576517.101
1721087100000,2024-07-15T23:45:00+00:00,3482.75,3487.4,3480.31,3481.18,5313.63,18505733.4743
1721088000000,2024-07-16T00:00:00+00:00,3481.18,3495.39,3480,3481.01,14668.65,51169274.9625
1721088900000,2024-07-16T00:15:00+00:00,3481.01,3482.47,3467.96,3471,7925.53,27526228.4154
1721089800000,2024-07-16T00:30:00+00:00,3471,3473.27,3459.59,3470.54,7355.91,25481813.7925
1721090700000,2024-07-16T00:45:00+00:00,3470.54,3479.06,3465.55,3467.28,2476.39,8596020.5289
1721091600000,2024-07-16T01:00:00+00:00,3467.28,3471.62,3459.4,3470.39,1853.07,6420868.3546
1721092500000,2024-07-16T01:15:00+00:00,3470.39,3479.52,3466.25,3467.24,4262.11,14808322.448
1721093400000,2024-07-16T01:30:00+00:00,3467.24,3483.13,3464.04,3474.52,4459.06,15486539.9442
1721094300000,2024-07-16T01:45:00+00:00,3474.52,3476.73,3469.25,3476.21,4177.57,14513167.7123
1721095200000,2024-07-16T02:00:00+00:00,3476.21,3478.05,3464.53,3464.91,6318.24,21956749.8687
1721096100000,2024-07-16T02:15:00+00:00,3464.91,3467.78,3456.51,3457.94,7594.93,26298820.9214
1721097000000,2024-07-16T02:30:00+00:00,3457.94,3462.95,3453.48,3462.84,6426.67,22228090.6992
1721097900000,2024-07-16T02:45:00+00:00,3462.84,3463.85,3454,3463.81,2880.95,9964809.3705
1721098800000,2024-07-16T03:00:00+00:00,3463.81,3465.92,3457.19,3463.55,1765.44,6110278.6603
1721099700000,2024-07-16T03:15:00+00:00,3463.55,3464.05,3460.56,3461.51,1370.27,4744709.8577
1721100600000,2024-07-16T03:30:00+00:00,3461.51,3461.51,3457.19,3460,2012.85,6961169.0497
1721101500000,2024-07-16T03:45:00+00:00,3460,3469.56,3457.27,3467.29,2452.72,8501159.0666
1721102400000,2024-07-16T04:00:00+00:00,3467.29,3475.68,3463.32,3472.46,5489.63,19049336.6362
1721103300000,2024-07-16T04:15:00+00:00,3472.46,3472.46,3460,3460,6793.12,23525415.3276
1721104200000,2024-07-16T04:30:00+00:00,3460,3460.38,3451.15,3458,4396.18,15189727.2749
1721105100000,2024-07-16T04:45:00+00:00,3458,3463,3453.34,3457.44,4946.71,17095640.517
1721106000000,2024-07-16T05:00:00+00:00,3457.44,3462,3454.58,3458,4533.1,15672882.3106
1721106900000,2024-07-16T05:15:00+00:00,3458,3464.27,3432.05,3433,15206.58,52370181.06
1721107800000,2024-07-16T05:30:00+00:00,3433,3445,3409.72,3416.93,22857.94,78268517.7456
1721108700000,2024-07-16T05:45:00+00:00,3416.93,3422.97,3401.51,3413.31,15055.37,51344742.3962
1721109600000,2024-07-16T06:00:00+00:00,3413.31,3426.27,3411.6,3419.99,11233.9,38436651.1399
1721110500000,2024-07-16T06:15:00+00:00,3419.99,3432.15,3419.78,3432.15,7505.25,25729361.624
1721111400000,2024-07-16T06:30:00+00:00,3432.15,3432.21,3411.71,3411.71,7750.97,26539690.5188
1721112300000,2024-07-16T06:45:00+00:00,3411.71,3418.98,3382.68,3394.99,26472.24,89938626.7936
1721113200000,2024-07-16T07:00:00+00:00,3394.99,3413.23,3389.66,3408.79,15600.49,53095084.7601
1721114100000,2024-07-16T07:15:00+00:00,3408.79,3412.05,3388.38,3392.95,7702.15,26170351.1136
1721115000000,2024-07-16T07:30:00+00:00,3392.95,3401.81,3373.26,3380.52,16991.58,57496392.673
1721115900000,2024-07-16T07:45:00+00:00,3380.52,3383.98,3371.43,3376.71,12386.84,41830532.6642
1721116800000,2024-07-16T08:00:00+00:00,3376.71,3388.77,3373.33,3381.97,11489.2,38841772.3057
1721117700000,2024-07-16T08:15:00+00:00,3381.97,3384.14,3352.81,3353.17,21579.17,72556105.1974
1721118600000,2024-07-16T08:30:00+00:00,3353.17,3363.09,3344.82,3362.91,15875.73,53243730.6518
1721119500000,2024-07-16T08:45:00+00:00,3362.91,3374.2,3357.39,3373.1,11862.15,39956263.0744
1721120400000,2024-07-16T09:00:00+00:00,3373.1,3382.63,3364.16,3378.83,21375.96,72138618.6567
1721121300000,2024-07-16T09:15:00+00:00,3378.83,3393.99,3376.34,3382.71,13603.98,46073297.7247
1721122200000,2024-07-16T09:30:00+00:00,3382.71,3398.3,3382.71,3396.89,7570.74,25679843.3935
1721123100000,2024-07-16T09:45:00+00:00,3396.89,3397.78,3387.25,3392.23,4955.56,16809846.0109
1721124000000,2024-07-16T10:00:00+00:00,3392.23,3395.94,3386,3394.66,3649.63,12376871.0416
1721124900000,2024-07-16T10:15:00+00:00,3394.66,3398.56,3391.25,3396.63,4534.69,15397159.2567
1721125800000,2024-07-16T10:30:00+00:00,3396.63,3423.16,3396.62,3413.58,18513.9,63192448.8781
1721126700000,2024-07-16T10:45:00+00:00,3413.58,3416,3405.2,3406.59,10817.95,36875862.8707
1721127600000,2024-07-16T11:00:00+00:00,3406.59,3419,3395.42,3407.51,12048.39,41052706.329
1721128500000,2024-07-16T11:15:00+00:00,3407.51,3414.76,3405.02,3411.15,2173.52,7413317.513
1721129400000,2024-07-16T11:30:00+00:00,3411.15,3418.36,3402.29,3417.99,3644.99,12430619.8225
1721130300000,2024-07-16T11:45:00+00:00,3417.99,3422.47,3412.51,3417.05,5440.34,18594220.8469
1721131200000,2024-07-16T12:00:00+00:00,3417.05,3420,3403.9,3409.08,3658.05,12476678.7406
1721132100000,2024-07-16T12:15:00+00:00,3409.08,3427.58,3408.42,3426.96,12751.58,43592579.3772
1721133000000,2024-07-16T12:30:00+00:00,3426.96,3430.07,3410.17,3414.42,9800.38,33506377.1313
1721133900000,2024-07-16T12:45:00+00:00,3414.42,3419.34,3393.54,3400.82,12738.34,43357107.5508
1721134800000,2024-07-16T13:00:00+00:00,3400.82,3409,3395,3401.7,5739.93,19540761.8972
1721135700000,2024-07-16T13:15:00+00:00,3401.7,3408.45,3390.7,3407,11619.51,39520832.5745
1721136600000,2024-07-16T13:30:00+00:00,3407,3417.71,3401.5,3410,11571.24,39461922.0155
1721137500000,2024-07-16T13:45:00+00:00,3410,3411.4,3392.64,3394.28,7979.4,27167198.2424
1721138400000,2024-07-16T14:00:00+00:00,3394.28,3398.33,3374.32,3397.16,29728.85,100656931.4184
1721139300000,2024-07-16T14:15:00+00:00,3397.16,3404.42,3392.56,3398.74,8824.15,30004801.1219
1721140200000,2024-07-16T14:30:00+00:00,3398.74,3404.1,3394.01,3395.34,4513.76,15351871.0114
1721141100000,2024-07-16T14:45:00+00:00,3395.34,3414,3392.6,3411.19,6352.71,21622743.4959
1721142000000,2024-07-16T15:00:00+00:00,3411.19,3436,3410.77,3435.41,17931.6,61451410.7334
1721142900000,2024-07-16T15:15:00+00:00,3435.41,3453.96,3428,3446.5,17665.48,60793287.3479
1721143800000,2024-07-16T15:30:00+00:00,3446.5,3468.06,3441.19,3457.33,13320.45,46032275.3431
1721144700000,2024-07-16T15:45:00+00:00,3457.33,3484.02,3453.77,3474.66,16973.02,58945224.6642
1721145600000,2024-07-16T16:00:00+00:00,3474.66,3493,3458.59,3473.07,28890.37,100452570.343
1721146500000,2024-07-16T16:15:00+00:00,3473.07,3473.53,3451.11,3454.99,14829.43,51292365.0377
1721147400000,2024-07-16T16:30:00+00:00,3454.99,3460.88,3439.74,3446.82,18138.42,62558329.8485
1721148300000,2024-07-16T16:45:00+00:00,3446.82,3467.83,3442.74,3463.84,10849.86,37553982.2352
1721149200000,2024-07-16T17:00:00+00:00,3463.84,3464.96,3446.68,3454.85,8962.36,30998599.0955
1721150100000,2024-07-16T17:15:00+00:00,3454.85,3459.39,3447.75,3454.65,2360.44,8156633.0429
1721151000000,2024-07-16T17:30:00+00:00,3454.65,3466.19,3448,3464.77,3464.76,11972894.6102
1721151900000,2024-07-16T17:45:00+00:00,3464.77,3467.27,3455.4,3456.76,2688.93,9309746.6783
1721152800000,2024-07-16T18:00:00+00:00,3456.76,3459.06,3450.2,3454.89,1660.79,5737433.5068
1721153700000,2024-07-16T18:15:00+00:00,3454.89,3468.16,3449.48,3455.79,3656.9,12658862.5945
1721154600000,2024-07-16T18:30:00+00:00,3455.79,3465.42,3454.8,3456.7,1370.94,4741977.281
1721155500000,2024-07-16T18:45:00+00:00,3456.7,3459.1,3446.98,3459.1,5730.49,19790005.0866
1721156400000,2024-07-16T19:00:00+00:00,3459.1,3462.72,3455.44,3461.09,1689.39,5844005.9201
1721157300000,2024-07-16T19:15:00+00:00,3461.09,3473.64,3455.54,3473.64,1973.3,6833486.1376
1721158200000,2024-07-16T19:30:00+00:00,3473.64,3482.44,3459.39,3459.39,6592.33,22895780.0748
1721159100000,2024-07-16T19:45:00+00:00,3459.39,3473.32,3452.19,3471.87,5439.96,18830659.4425
1721160000000,2024-07-16T20:00:00+00:00,3471.87,3472.52,3460.88,3463.65,3752.61,13017497.9613
1721160900000,2024-07-16T20:15:00+00:00,3463.65,3469.14,3456.86,3458.12,1733.56,6002273.124
1721161800000,2024-07-16T20:30:00+00:00,3458.12,3463.36,3455.55,3456.34,1138.03,3935509.4888
1721162700000,2024-07-16T20:45:00+00:00,3456.34,3457.55,3432.78,3435.65,8091.87,27860120.3212
1721163600000,2024-07-16T21:00:00+00:00,3435.65,3443.64,3423.34,3428.73,9593.95,32937648.9156
1721164500000,2024-07-16T21:15:00+00:00,3428.73,3439.75,3427.05,3437.93,1389.58,4772560.8762
1721165400000,2024-07-16T21:30:00+00:00,3437.93,3440.47,3433.09,3434.7,1851.93,6364963.0951
1721166300000,2024-07-16T21:45:00+00:00,3434.7,3440.49,3433.82,3433.82,760.67,2614773.3037
1721167200000,2024-07-16T22:00:00+00:00,3433.82,3437.3,3414,3422.64,8520.17,29156802.6695
1721168100000,2024-07-16T22:15:00+00:00,3422.64,3428.88,3414,3415.22,2394.63,8197364.0043
1721169000000,2024-07-16T22:30:00+00:00,3415.22,3421.86,3414.79,3418.8,1261.97,4314485.4303
1721169900000,2024-07-16T22:45:00+00:00,3418.8,3428,3418.8,3425.98,2280.39,7809500.4556
1721170800000,2024-07-16T23:00:00+00:00,3425.98,3433.69,3425,3433.69,2295.67,7875213.3795
1721171700000,2024-07-16T23:15:00+00:00,3433.69,3453.56,3433.68,3450,6364.63,21898716.3083
1721172600000,2024-07-16T23:30:00+00:00,3450,3457.66,3441.18,3444.79,9638.29,33243178.2088
1721173500000,2024-07-16T23:45:00+00:00,3444.79,3447.3,3436.34,3441.83,4261.3,14663175.0393
1721174400000,2024-07-17T00:00:00+00:00,3441.83,3456.14,3439.76,3452.84,3089.56,10661003.992
1721175300000,2024-07-17T00:15:00+00:00,3452.84,3458.13,3449.17,3451.69,4983.32,17212622.629
1721176200000,2024-07-17T00:30:00+00:00,3451.69,3466.78,3451.69,3465.61,2609.76,9027005.8914
1721177100000,2024-07-17T00:45:00+00:00,3465.61,3468.53,3455.84,3462.82,3600.67,12462722.2937
1721178000000,2024-07-17T01:00:00+00:00,3462.82,3492.42,3462.8,3489.72,19182.94,66829329.8185
1721178900000,2024-07-17T01:15:00+00:00,3489.72,3515,3486.61,3492.82,24199.49,84799885.6201
1721179800000,2024-07-17T01:30:00+00:00,3492.82,3500.84,3491,3494.58,8550.91,29897090.5498
1721180700000,2024-07-17T01:45:00+00:00,3494.58,3497.53,3480,3480.93,7677.49,26751902.4542
1721181600000,2024-07-17T02:00:00+00:00,3480.93,3490.59,3480.92,3487.93,4386.19,15285303.385
1721182500000,2024-07-17T02:15:00+00:00,3487.93,3489.12,3470.46,3485,6698.64,23294027.0578
1721183400000,2024-07-17T02:30:00+00:00,3485,3488.79,3477.57,3488,3381.96,11779168.9123
1721184300000,2024-07-17T02:45:00+00:00,3488,3488.01,3472.2,3476.08,2532.54,8813606.909
1721185200000,2024-07-17T03:00:00+00:00,3476.08,3484.62,3463.52,3467,5405.91,18769687.2095
1721186100000,2024-07-17T03:15:00+00:00,3467,3477.97,3466.16,3476.71,4636.36,16105052.7937
1721187000000,2024-07-17T03:30:00+00:00,3476.71,3483.96,3476.02,3482.65,2889.13,10056385.4501
1721187900000,2024-07-17T03:45:00+00:00,3482.65,3486.62,3478.11,3478.38,2298.03,8005241.4402
1721188800000,2024-07-17T04:00:00+00:00,3478.38,3485.38,3477.9,3482.67,1643.92,5724641.3218
1721189700000,2024-07-17T04:15:00+00:00,3482.67,3483.91,3475.77,3475.77,1941.08,6752589.7665
1721190600000,2024-07-17T04:30:00+00:00,3475.77,3485,3469.33,3483.34,2812.72,9776362.0587
1721191500000,2024-07-17T04:45:00+00:00,3483.34,3494.14,3479.99,3494.14,3447.84,12027840.4115
1721192400000,2024-07-17T05:00:00+00:00,3494.14,3503.4,3487.12,3503.38,11095.27,38781196.4934
1721193300000,2024-07-17T05:15:00+00:00,3503.38,3512.25,3496.39,3511.38,13705.54,48060652.6566
1721194200000,2024-07-17T05:30:00+00:00,3511.38,3511.76,3499.56,3501.52,6407.99,22442921.2165
1721195100000,2024-07-17T05:45:00+00:00,3501.52,3504.48,3493.9,3496.55,9113.33,31872190.2743
1721196000000,2024-07-17T06:00:00+00:00,3496.55,3506.32,3495.47,3504.98,3489.2,12216756.1294
1721196900000,2024-07-17T06:15:00+00:00,3504.98,3506.16,3482.52,3484.82,11657.96,40694315.5664
1721197800000,2024-07-17T06:30:00+00:00,3484.82,3489.87,3480.19,3487.54,17823.38,62112918.8109
1721198700000,2024-07-17T06:45:00+00:00,3487.54,3493.92,3483,3489.08,7011.45,24466887.5824
1721199600000,2024-07-17T07:00:00+00:00,3489.08,3490.46,3482.2,3489.67,5944.54,20718208.1871
1721200500000,2024-07-17T07:15:00+00:00,3489.67,3490.05,3480.52,3484.15,2982.89,10394265.0455
1721201400000,2024-07-17T07:30:00+00:00,3484.15,3489.45,3476.59,3488.01,5668.03,19740270.5894
1721202300000,2024-07-17T07:45:00+00:00,3488.01,3493.67,3480.78,3483.84,4518.16,15762046.176
1721203200000,2024-07-17T08:00:00+00:00,3483.84,3487.91,3470.65,3470.85,5053.74,17575688.6123
1721204100000,2024-07-17T08:15:00+00:00,3470.85,3488.33,3461.56,3487.26,14785.98,51347949.5698
1721205000000,2024-07-17T08:30:00+00:00,3487.26,3499.24,3475.96,3481.64,11313.08,39472834.3844
1721205900000,2024-07-17T08:45:00+00:00,3481.64,3488.04,3477.67,3478.7,2690.53,9365644.691
1721206800000,2024-07-17T09:00:00+00:00,3478.7,3485.35,3476.24,3483.63,9011.36,31377928.1279
1721207700000,2024-07-17T09:15:00+00:00,3483.63,3496.04,3483.63,3487.59,8249.83,28807142.4965
1721208600000,2024-07-17T09:30:00+00:00,3487.59,3494.43,3483.76,3492.35,3983.38,13905115.3155
1721209500000,2024-07-17T09:45:00+00:00,3492.35,3492.35,3488,3490.22,2141.31,7472598.8294
1721210400000,2024-07-17T10:00:00+00:00,3490.22,3490.23,3480.59,3484.44,3049.12,10624537.1162
1721211300000,2024-07-17T10:15:00+00:00,3484.44,3488.32,3476.41,3488.31,2841.95,9890941.9226
1721212200000,2024-07-17T10:30:00+00:00,3488.31,3488.32,3480.8,3487.18,878.34,3060456.2715
1721213100000,2024-07-17T10:45:00+00:00,3487.18,3487.55,3476.27,3477.43,2458.23,8552315.563
1721214000000,2024-07-17T11:00:00+00:00,3477.43,3477.8,3465,3467.23,6421.73,22297044.4719
1721214900000,2024-07-17T11:15:00+00:00,3467.23,3470.4,3451.27,3457.31,17394.84,60186594.6925
1721215800000,2024-07-17T11:30:00+00:00,3457.31,3457.38,3440.01,3452.01,19128.83,65947463.2865
1721216700000,2024-07-17T11:45:00+00:00,3452.01,3454,3445.3,3447.11,2621.07,9041680.2505
1721217600000,2024-07-17T12:00:00+00:00,3447.11,3456.23,3442.38,3455.21,7938.25,27399574.2434
1721218500000,2024-07-17T12:15:00+00:00,3455.21,3460.23,3451.3,3452.07,3251.6,11237803.9979
1721219400000,2024-07-17T12:30:00+00:00,3452.07,3460.74,3446.38,3450.74,4466.38,15415383.0072
1721220300000,2024-07-17T12:45:00+00:00,3450.74,3455.72,3448.78,3452.43,819.34,2828970.6914
1721221200000,2024-07-17T13:00:00+00:00,3452.43,3461,3451.66,3457.63,3063.83,10596836.4471
1721222100000,2024-07-17T13:15:00+00:00,3457.63,3461.4,3435.77,3444.36,8662.05,29835351.5157
1721223000000,2024-07-17T13:30:00+00:00,3444.36,3460,3439.33,3449.15,10371.68,35788384.7705
1721223900000,2024-07-17T13:45:00+00:00,3449.15,3473.51,3444.62,3466,24883.4,86171320.735
1721224800000,2024-07-17T14:00:00+00:00,3466,3470,3445.23,3450.15,13070.17,45147990.7678
1721225700000,2024-07-17T14:15:00+00:00,3450.15,3457.14,3447.7,3450.01,3111.01,10740328.4731
1721226600000,2024-07-17T14:30:00+00:00,3450.01,3463.67,3447.46,3458.42,5991.06,20710440.2206
1721227500000,2024-07-17T14:45:00+00:00,3458.42,3463.28,3449.37,3454.67,2161.87,7472929.0237
1721228400000,2024-07-17T15:00:00+00:00,3454.67,3461.71,3447.35,3457.62,2112.33,7294668.4136
1721229300000,2024-07-17T15:15:00+00:00,3457.62,3462.74,3454.01,3461.1,1945.72,6732074.9646
1721230200000,2024-07-17T15:30:00+00:00,3461.1,3465.49,3452.54,3453.23,3346.07,11578746.182
1721231100000,2024-07-17T15:45:00+00:00,3453.23,3453.46,3431.02,3436.01,21605.42,74264410.3827
1721232000000,2024-07-17T16:00:00+00:00,3436.01,3438.64,3404.11,3411.63,24156.87,82643587.6952
1721232900000,2024-07-17T16:15:00+00:00,3411.63,3412.58,3393,3401.65,22005.7,74888001.554
1721233800000,2024-07-17T16:30:00+00:00,3401.65,3401.65,3375.8,3382.85,17511.3,59274877.6672
1721234700000,2024-07-17T16:45:00+00:00,3382.85,3402.36,3380.01,3400.8,14810.9,50187021.2507
1721235600000,2024-07-17T17:00:00+00:00,3400.8,3403.38,3387.4,3388.99,7359.15,24995572.8292
1721236500000,2024-07-17T17:15:00+00:00,3388.99,3405,3388.99,3405,4001.46,13592661.0083
1721237400000,2024-07-17T17:30:00+00:00,3405,3416.63,3404.56,3414.5,9839.79,33565470.756
1721238300000,2024-07-17T17:45:00+00:00,3414.5,3414.5,3405.58,3408,2695.58,9188754.1194
1721239200000,2024-07-17T18:00:00+00:00,3408,3412.36,3405,3411.08,2254.71,7688259.6711
1721240100000,2024-07-17T18:15:00+00:00,3411.08,3417.62,3410.85,3416.58,3726.97,12726686.5693
1721241000000,2024-07-17T18:30:00+00:00,3416.58,3419.28,3411.79,3418.01,5520.72,18858372.861
1721241900000,2024-07-17T18:45:00+00:00,3418.01,3419.26,3409.06,3415.98,3872.52,13218455.0528
1721242800000,2024-07-17T19:00:00+00:00,3415.98,3417.38,3411.18,3412.38,3407.34,11637403.2371
1721243700000,2024-07-17T19:15:00+00:00,3412.38,3423.38,3410.21,3421.4,2458.92,8407206.5232
1721244600000,2024-07-17T19:30:00+00:00,3421.4,3425.25,3416.83,3417.56,3229.68,11047115.5844
1721245500000,2024-07-17T19:45:00+00:00,3417.56,3425.49,3413.75,3414.35,2350,8039359.4608
1721246400000,2024-07-17T20:00:00+00:00,3414.35,3417.6,3411.43,3415.99,2102.01,7177857.4104
1721247300000,2024-07-17T20:15:00+00:00,3415.99,3426.44,3415.12,3424.14,3462.62,11845584.3255
1721248200000,2024-07-17T20:30:00+00:00,3424.14,3424.55,3417.63,3420.85,776.21,2655933.6404
1721249100000,2024-07-17T20:45:00+00:00,3420.85,3421.38,3410.7,3413.54,862.01,2943247.8605
1721250000000,2024-07-17T21:00:00+00:00,3413.54,3413.75,3387.19,3399.04,12133.15,41230377.3751
1721250900000,2024-07-17T21:15:00+00:00,3399.04,3404.9,3392.23,3404.52,1779.4,6048544.119
1721251800000,2024-07-17T21:30:00+00:00,3404.52,3416.89,3404.12,3413.29,2995.64,10222575.0405
1721252700000,2024-07-17T21:45:00+00:00,3413.29,3414.02,3406.32,3409.88,879.49,3000057.893
1721253600000,2024-07-17T22:00:00+00:00,3409.88,3413.2,3399.31,3399.31,2842.41,9686410.0876
1721254500000,2024-07-17T22:15:00+00:00,3399.31,3408,3390.51,3407.55,4859.04,16513617.685
1721255400000,2024-07-17T22:30:00+00:00,3407.55,3407.55,3388.47,3396.44,5353.88,18172221.6363
1721256300000,2024-07-17T22:45:00+00:00,3396.44,3398.58,3389.13,3392.87,1909.42,6476443.4238
1721257200000,2024-07-17T23:00:00+00:00,3392.87,3394.74,3383.26,3386.77,3368.87,11409584.135
1721258100000,2024-07-17T23:15:00+00:00,3386.77,3400.01,3386.48,3398.95,1132.47,3845784.5979
1721259000000,2024-07-17T23:30:00+00:00,3398.95,3403,3393.62,3395.28,1968.05,6688521.5563
1721259900000,2024-07-17T23:45:00+00:00,3395.28,3395.28,3384.11,3384.87,3640.84,12335404.2744
1721260800000,2024-07-18T00:00:00+00:00,3384.87,3393.25,3381.33,3381.33,3900.66,13208105.9391
1721261700000,2024-07-18T00:15:00+00:00,3381.33,3396.42,3381.01,3395.19,3611.68,12246880.6701
1721262600000,2024-07-18T00:30:00+00:00,3395.19,3412.2,3395.18,3406.31,6723.4,22892193.9709
1721263500000,2024-07-18T00:45:00+00:00,3406.31,3413.7,3401.9,3409,2734.28,9322258.8048
1721264400000,2024-07-18T01:00:00+00:00,3409,3413.48,3406.04,3409.04,2783.61,9490781.967
1721265300000,2024-07-18T01:15:00+00:00,3409.04,3423.85,3409.04,3422.99,3039.54,10384293.8184
1721266200000,2024-07-18T01:30:00+00:00,3422.99,3423.37,3412.32,3420.78,1972.94,6744822.5111
1721267100000,2024-07-18T01:45:00+00:00,3420.78,3421,3416.98,3419.25,3057.76,10454754.7103
1721268000000,2024-07-18T02:00:00+00:00,3419.25,3439.04,3411.19,3412.57,17988.44,61676111.9224
1721268900000,2024-07-18T02:15:00+00:00,3412.57,3420.13,3392.98,3416.52,15534.43,52890895.3423
1721269800000,2024-07-18T02:30:00+00:00,3416.52,3421.84,3412.1,3416.55,3389.92,11582573.6772
1721270700000,2024-07-18T02:45:00+00:00,3416.55,3423.92,3413.07,3422.57,2063.69,7056629.8584
1721271600000,2024-07-18T03:00:00+00:00,3422.57,3423.93,3417,3422.44,1596.16,5461110.9809
1721272500000,2024-07-18T03:15:00+00:00,3422.44,3429.26,3420,3424.43,4763.31,16312721.589
1721273400000,2024-07-18T03:30:00+00:00,3424.43,3426.31,3421,3426.16,1648.86,5643924.5863
1721274300000,2024-07-18T03:45:00+00:00,3426.16,3431.61,3421.56,3429.87,3654.05,12524975.531
1721275200000,2024-07-18T04:00:00+00:00,3429.87,3430,3422.53,3427.22,1689.48,5789585.8682
1721276100000,2024-07-18T04:15:00+00:00,3427.22,3428.96,3419.44,3419.44,1536.81,5261561.3462
1721277000000,2024-07-18T04:30:00+00:00,3419.44,3423.14,3415.55,3421.39,2418.75,8268738.0708
1721277900000,2024-07-18T04:45:00+00:00,3421.39,3422.56,3413.07,3415.87,2102.12,7182537.1071
1721278800000,2024-07-18T05:00:00+00:00,3415.87,3419.99,3410.23,3410.35,3211.64,10965078.7863
1721279700000,2024-07-18T05:15:00+00:00,3410.35,3415.2,3406.4,3414.49,7864.08,26815192.8303
1721280600000,2024-07-18T05:30:00+00:00,3414.49,3420.62,3413.01,3417.16,2489.28,8507502.1179
1721281500000,2024-07-18T05:45:00+00:00,3417.16,3430,3416.93,3423.07,5616.88,19236290.7658
1721282400000,2024-07-18T06:00:00+00:00,3423.07,3432.97,3417.61,3429.78,3844.41,13171715.2126
1721283300000,2024-07-18T06:15:00+00:00,3429.78,3432.42,3427.51,3429.3,4101.48,14065943.4106
1721284200000,2024-07-18T06:30:00+00:00,3429.3,3438.29,3428,3437.46,2714.82,9318553.2834
1721285100000,2024-07-18T06:45:00+00:00,3437.46,3452.47,3435,3446.01,18624.86,64161169.0664
1721286000000,2024-07-18T07:00:00+00:00,3446.01,3447.6,3435.63,3439.49,5710.73,19651695.743
1721286900000,2024-07-18T07:15:00+00:00,3439.49,3443.91,3431.83,3434.37,7234.83,24871971.1879
1721287800000,2024-07-18T07:30:00+00:00,3434.37,3442.31,3431.11,3437.8,3104.46,10665645.5225
1721288700000,2024-07-18T07:45:00+00:00,3437.8,3438.82,3430.5,3430.57,1893.94,6502781.2177
1721289600000,2024-07-18T08:00:00+00:00,3430.57,3441.92,3430.57,3440.99,3069.87,10548868.9636
1721290500000,2024-07-18T08:15:00+00:00,3440.99,3442.66,3429.26,3438.18,3069.55,10543500.1568
1721291400000,2024-07-18T08:30:00+00:00,3438.18,3441.15,3432.44,3436.69,2262.69,7776027.9646
1721292300000,2024-07-18T08:45:00+00:00,3436.69,3457.78,3436.69,3456.53,13017.44,44922389.624
1721293200000,2024-07-18T09:00:00+00:00,3456.53,3457.14,3447.79,3447.79,4511.47,15569487.8647
1721294100000,2024-07-18T09:15:00+00:00,3447.79,3458.01,3444.42,3454.22,7189.6,24822060.6378
1721295000000,2024-07-18T09:30:00+00:00,3454.22,3455.39,3448.05,3449.19,3236.17,11166681.9787
1721295900000,2024-07-18T09:45:00+00:00,3449.19,3453.44,3448.63,3449.36,3091.56,10666289.8596
1721296800000,2024-07-18T10:00:00+00:00,3449.36,3449.36,3439.84,3440.48,4250.96,14639485.4421
1721297700000,2024-07-18T10:15:00+00:00,3440.48,3445.38,3433.12,3433.12,5331.96,18332220.0312
1721298600000,2024-07-18T10:30:00+00:00,3433.12,3440,3433,3437.93,5395.93,18549160.3264
1721299500000,2024-07-18T10:45:00+00:00,3437.93,3442.39,3436.04,3442.05,1072.4,3688901.9928
1721300400000,2024-07-18T11:00:00+00:00,3442.05,3443.01,3435.15,3440.07,1485.45,5107450.0988
1721301300000,2024-07-18T11:15:00+00:00,3440.07,3443.13,3435,3441.22,1476.23,5077428.6895
1721302200000,2024-07-18T11:30:00+00:00,3441.22,3449.16,3441,3447.42,1476.49,5088237.7059
1721303100000,2024-07-18T11:45:00+00:00,3447.42,3456.5,3447.3,3456.49,2351.4,8115618.4166
1721304000000,2024-07-18T12:00:00+00:00,3456.49,3462.86,3456,3462,5919.63,20477743.9423
1721304900000,2024-07-18T12:15:00+00:00,3462,3462.88,3452.29,3452.48,4629.14,16002799.6684
1721305800000,2024-07-18T12:30:00+00:00,3452.48,3467.82,3452.47,3463.07,9955.98,34477743.0065
1721306700000,2024-07-18T12:45:00+00:00,3463.07,3472.58,3462.09,3469.59,8237.29,28570621.8838
1721307600000,2024-07-18T13:00:00+00:00,3469.59,3485,3467.77,3478.18,13542.34,47091008.8437
1721308500000,2024-07-18T13:15:00+00:00,3478.18,3487.11,3474.78,3476.16,11405.92,39707123.2253
1721309400000,2024-07-18T13:30:00+00:00,3476.16,3483.19,3460.91,3462.35,14192.29,49241451.0103
1721310300000,2024-07-18T13:45:00+00:00,3462.35,3467.06,3455.59,3464.72,10908.54,37759316.3179
1721311200000,2024-07-18T14:00:00+00:00,3464.72,3475.74,3456.91,3457.46,7796.34,27040287.4038
1721312100000,2024-07-18T14:15:00+00:00,3457.46,3467.67,3448.15,3458.41,12633.98,43656352.8633
1721313000000,2024-07-18T14:30:00+00:00,3458.41,3458.54,3435.07,3440.83,22751,78297791.7855
1721313900000,2024-07-18T14:45:00+00:00,3440.83,3440.83,3418,3429.08,23476.06,80477814.5332
1721314800000,2024-07-18T15:00:00+00:00,3429.08,3429.54,3401.16,3407,21676.22,74051800.852
1721315700000,2024-07-18T15:15:00+00:00,3407,3412.66,3391.53,3407,23051.68,78437147.4076
1721316600000,2024-07-18T15:30:00+00:00,3407,3410,3392.98,3405,11938.39,40625978.2699
1721317500000,2024-07-18T15:45:00+00:00,3405,3406.81,3382.11,3386.76,17206.18,58297554.3116
1721318400000,2024-07-18T16:00:00+00:00,3386.76,3400.34,3364.39,3399.51,33701.29,113990964.4707
1721319300000,2024-07-18T16:15:00+00:00,3399.51,3399.76,3388.67,3397.71,11808.09,40090828.4557
1721320200000,2024-07-18T16:30:00+00:00,3397.71,3410.62,3392.5,3409.08,6886.78,23445132.9298
1721321100000,2024-07-18T16:45:00+00:00,3409.08,3418.57,3406.09,3417.63,9083.43,30994273.71
1721322000000,2024-07-18T17:00:00+00:00,3417.63,3420,3405.8,3410.98,7183.04,24523709.9539
1721322900000,2024-07-18T17:15:00+00:00,3410.98,3417.06,3409.36,3416.46,5219,17816077.5372
1721323800000,2024-07-18T17:30:00+00:00,3416.46,3420,3407.55,3408.1,7869.4,26848279.2332
1721324700000,2024-07-18T17:45:00+00:00,3408.1,3409.99,3396.29,3397.29,7765,26429089.617
1721325600000,2024-07-18T18:00:00+00:00,3397.29,3401,3386.52,3390,5980.64,20301611.504
1721326500000,2024-07-18T18:15:00+00:00,3390,3406.51,3389.98,3399.54,6016.25,20454686.3805
1721327400000,2024-07-18T18:30:00+00:00,3399.54,3400.81,3388.86,3389.67,3857.18,13093308.8353
1721328300000,2024-07-18T18:45:00+00:00,3389.67,3406.22,3386,3403.19,7225.06,24544648.2737
1721329200000,2024-07-18T19:00:00+00:00,3403.19,3406.95,3390,3394.6,5132.61,17446439.0795
1721330100000,2024-07-18T19:15:00+00:00,3394.6,3400.43,3382.6,3394.81,5669.52,19211406.6371
1721331000000,2024-07-18T19:30:00+00:00,3394.81,3409.7,3392.53,3406.2,5189.52,17665605.0661
1721331900000,2024-07-18T19:45:00+00:00,3406.2,3410.51,3401.1,3402.46,4125.23,14049279.7548
1721332800000,2024-07-18T20:00:00+00:00,3402.46,3406.03,3394.21,3395.43,6869.95,23341887.4934
1721333700000,2024-07-18T20:15:00+00:00,3395.43,3408,3395.43,3406.2,3661.09,12459981.3659
1721334600000,2024-07-18T20:30:00+00:00,3406.2,3409.16,3405.33,3407,1020.2,3476175.2827
1721335500000,2024-07-18T20:45:00+00:00,3407,3413,3402.1,3412.8,1977.54,6739948.2354
1721336400000,2024-07-18T21:00:00+00:00,3412.8,3414,3410.25,3413.71,1935.7,6604865.5161
1721337300000,2024-07-18T21:15:00+00:00,3413.71,3419,3412,3419,2617.36,8940243.6806
1721338200000,2024-07-18T21:30:00+00:00,3419,3419.8,3412.47,3412.71,3255.56,11124717.0349
1721339100000,2024-07-18T21:45:00+00:00,3412.71,3420.28,3412.39,3419.91,2550.67,8720363.5425
1721340000000,2024-07-18T22:00:00+00:00,3419.91,3423.57,3417.9,3422.83,2723.75,9318520.6634
1721340900000,2024-07-18T22:15:00+00:00,3422.83,3434,3420.39,3430.15,10594.05,36328793.8514
1721341800000,2024-07-18T22:30:00+00:00,3430.15,3435,3428.33,3435,2023.94,6945761.3746
1721342700000,2024-07-18T22:45:00+00:00,3435,3435,3427.21,3431.09,1692.8,5806705.2576
1721343600000,2024-07-18T23:00:00+00:00,3431.09,3434.16,3428.57,3430.08,5359.43,18386230.8467
1721344500000,2024-07-18T23:15:00+00:00,3430.08,3434.03,3428,3433.34,1733.86,5950271.1014
1721345400000,2024-07-18T23:30:00+00:00,3433.34,3435.44,3430.79,3430.84,3054.5,10489200.2878
1721346300000,2024-07-18T23:45:00+00:00,3430.84,3431.17,3423.19,3424.45,4186.94,14342192.9779
1721347200000,2024-07-19T00:00:00+00:00,3424.45,3425.88,3414.71,3417,7284.13,24896311.6
1721348100000,2024-07-19T00:15:00+00:00,3417,3417.63,3402.43,3412.94,8405.99,28673854.4491
1721349000000,2024-07-19T00:30:00+00:00,3412.94,3417.87,3410.22,3411.36,1915.89,6540461.2927
1721349900000,2024-07-19T00:45:00+00:00,3411.36,3411.36,3399.99,3401.71,3569.49,12150664.5277
1721350800000,2024-07-19T01:00:00+00:00,3401.71,3402.08,3390.3,3390.52,6139.54,20849127.0323
1721351700000,2024-07-19T01:15:00+00:00,3390.52,3406.78,3381.8,3405.22,6366.18,21594293.2577
1721352600000,2024-07-19T01:30:00+00:00,3405.22,3414.01,3398.47,3408.04,4211.57,14350524.0352
1721353500000,2024-07-19T01:45:00+00:00,3408.04,3412.72,3404.81,3412.39,2231.9,7608156.0006
1721354400000,2024-07-19T02:00:00+00:00,3412.39,3416.91,3410.5,3415.49,2436.66,8319781.6161
1721355300000,2024-07-19T02:15:00+00:00,3415.49,3417,3409.1,3415.73,1942.71,6629029.7755
1721356200000,2024-07-19T02:30:00+00:00,3415.73,3415.73,3403.65,3408.94,2507.05,8545692.2476
1721357100000,2024-07-19T02:45:00+00:00,3408.94,3411.77,3398.47,3404.89,4115.86,14007323.5399
1721358000000,2024-07-19T03:00:00+00:00,3404.89,3416.63,3402.27,3412.94,4460.55,15213710.62
1721358900000,2024-07-19T03:15:00+00:00,3412.94,3417.28,3408,3411.9,2031.13,6932321.8371
1721359800000,2024-07-19T03:30:00+00:00,3411.9,3428.78,3411.73,3427.86,6027.61,20614385.9288
1721360700000,2024-07-19T03:45:00+00:00,3427.86,3430.76,3422.54,3427.88,6394.58,21906722.8862
1721361600000,2024-07-19T04:00:00+00:00,3427.88,3432,3422.52,3423.51,3587.92,12294002.4687
1721362500000,2024-07-19T04:15:00+00:00,3423.51,3425.95,3420.28,3425.51,1865.3,6384367.8911
1721363400000,2024-07-19T04:30:00+00:00,3425.51,3430.17,3424.2,3427.8,3140.96,10766766.4227
1721364300000,2024-07-19T04:45:00+00:00,3427.8,3428.9,3418.79,3419.16,1901.43,6511483.3298
1721365200000,2024-07-19T05:00:00+00:00,3419.16,3426.23,3416.91,3424.66,3935.39,13461622.1222
1721366100000,2024-07-19T05:15:00+00:00,3424.66,3426.76,3414.45,3417.56,2311.37,7901567.6599
1721367000000,2024-07-19T05:30:00+00:00,3417.56,3423.14,3416.85,3421.41,943.13,3225217.8946
1721367900000,2024-07-19T05:45:00+00:00,3421.41,3425.74,3420,3422.13,923.2,3160419.3015
1721368800000,2024-07-19T06:00:00+00:00,3422.13,3442.48,3420.81,3442.45,11963.2,41121258.6942
1721369700000,2024-07-19T06:15:00+00:00,3442.45,3448,3437.52,3442.76,10774.7,37105016.8906
1721370600000,2024-07-19T06:30:00+00:00,3442.76,3443.52,3435.42,3436.29,2957.6,10168480.8891
1721371500000,2024-07-19T06:45:00+00:00,3436.29,3439.21,3433.6,3437.94,1879.92,6458765.0023
1721372400000,2024-07-19T07:00:00+00:00,3437.94,3439.3,3405.84,3417.69,11795,40315510.6339
1721373300000,2024-07-19T07:15:00+00:00,3417.69,3424,3413.31,3422.36,4222.74,14442537.4198
1721374200000,2024-07-19T07:30:00+00:00,3422.36,3422.69,3393.81,3397.51,10079.06,34297592.0719
1721375100000,2024-07-19T07:45:00+00:00,3397.51,3403.48,3386,3392.15,11682.77,39635964.6809
1721376000000,2024-07-19T08:00:00+00:00,3392.15,3397.2,3376.54,3383.4,22109.65,74875896.8009
1721376900000,2024-07-19T08:15:00+00:00,3383.4,3389.81,3376.73,3382.6,10729.44,36268684.7645
1721377800000,2024-07-19T08:30:00+00:00,3382.6,3399,3380.37,3395,12262.32,41589439.7242
1721378700000,2024-07-19T08:45:00+00:00,3395,3397.12,3387.75,3392.93,4390.59,14889102.966
1721379600000,2024-07-19T09:00:00+00:00,3392.93,3406.51,3390.76,3398.6,8543.83,29068260.0654
1721380500000,2024-07-19T09:15:00+00:00,3398.6,3403.57,3392,3393.33,6088.65,20673671.2951
1721381400000,2024-07-19T09:30:00+00:00,3393.33,3396.42,3382.82,3386.51,5403.19,18298487.5928
1721382300000,2024-07-19T09:45:00+00:00,3386.51,3391,3384.18,3386.43,4338.2,14699851.8086
1721383200000,2024-07-19T10:00:00+00:00,3386.43,3393.94,3379.23,3393.94,10793.95,36556680.6728
1721384100000,2024-07-19T10:15:00+00:00,3393.94,3405,3393.59,3404.89,5623.75,19123911.2382
1721385000000,2024-07-19T10:30:00+00:00,3404.89,3408,3398.69,3400.97,5519.43,18791050.0338
1721385900000,2024-07-19T10:45:00+00:00,3400.97,3402.89,3396.15,3397.97,4912.06,16699029.8932
1721386800000,2024-07-19T11:00:00+00:00,3397.97,3403.88,3396.3,3398.06,1587.89,5398233.5019
1721387700000,2024-07-19T11:15:00+00:00,3398.06,3404.46,3397.94,3402.99,2391.22,8137676.6533
1721388600000,2024-07-19T11:30:00+00:00,3402.99,3402.99,3392.18,3393.62,2657.69,9027481.6871
1721389500000,2024-07-19T11:45:00+00:00,3393.62,3402,3392.76,3401.47,2526.97,8581909.1421
1721390400000,2024-07-19T12:00:00+00:00,3401.47,3407.5,3395.83,3403.51,11497.92,39126866.9629
1721391300000,2024-07-19T12:15:00+00:00,3403.51,3406.41,3400.32,3404.89,2176.76,7409368.9858
1721392200000,2024-07-19T12:30:00+00:00,3404.89,3408,3403,3407.49,2684.11,9140606.3568
1721393100000,2024-07-19T12:45:00+00:00,3407.49,3415.48,3407.49,3412.87,8877.15,30292653.0726
1721394000000,2024-07-19T13:00:00+00:00,3412.87,3416,3397.71,3399.44,5648,19238532.5526
1721394900000,2024-07-19T13:15:00+00:00,3399.44,3401.88,3393.95,3400.09,6122.68,20808118.8684
1721395800000,2024-07-19T13:30:00+00:00,3400.09,3431.28,3398.05,3415.26,24154.92,82671253.6777
1721396700000,2024-07-19T13:45:00+00:00,3415.26,3443.48,3414.44,3434.78,23918.35,82067258.1357
1721397600000,2024-07-19T14:00:00+00:00,3434.78,3455,3427.88,3453.77,25653.18,88305589.365
1721398500000,2024-07-19T14:15:00+00:00,3453.77,3469.14,3452.54,3456.88,22323.24,77273159.4172
1721399400000,2024-07-19T14:30:00+00:00,3456.88,3466.63,3450.87,3461.37,14780.34,51135298.6477
1721400300000,2024-07-19T14:45:00+00:00,3461.37,3466,3456.61,3465,6119.67,21176667.076
1721401200000,2024-07-19T15:00:00+00:00,3465,3472.99,3453.71,3455.93,12635.24,43778664.6296
1721402100000,2024-07-19T15:15:00+00:00,3455.93,3469.15,3440.2,3440.79,11869.01,40975309.9826
1721403000000,2024-07-19T15:30:00+00:00,3440.79,3461.14,3438,3460.98,8766.23,30214070.9689
1721403900000,2024-07-19T15:45:00+00:00,3460.98,3467.45,3458.09,3461.73,6291.24,21779119.2824
1721404800000,2024-07-19T16:00:00+00:00,3461.73,3493.93,3461.73,3480.4,31131.25,108431037.9868
1721405700000,2024-07-19T16:15:00+00:00,3480.4,3496.52,3480.4,3487.9,20102.35,70126831.056
1721406600000,2024-07-19T16:30:00+00:00,3487.9,3491.34,3483,3489.15,5592.55,19501823.8935
1721407500000,2024-07-19T16:45:00+00:00,3489.15,3499.13,3482.86,3489.07,9857.81,34397764.5802
1721408400000,2024-07-19T17:00:00+00:00,3489.07,3494.72,3482,3489.05,5843.07,20382761.317
1721409300000,2024-07-19T17:15:00+00:00,3489.05,3512.96,3486.26,3500.01,19107.39,66934262.3634
1721410200000,2024-07-19T17:30:00+00:00,3500.01,3501.83,3487.94,3489.44,13238.13,46252758.5703
1721411100000,2024-07-19T17:45:00+00:00,3489.44,3500.85,3488.91,3498.93,13340.06,46599399.2943
1721412000000,2024-07-19T18:00:00+00:00,3498.93,3505.19,3489.05,3503.48,5405.37,18908214.8395
1721412900000,2024-07-19T18:15:00+00:00,3503.48,3505.72,3489.79,3496.23,8515.17,29773857.0421
1721413800000,2024-07-19T18:30:00+00:00,3496.23,3498.68,3494.58,3496.05,2038.75,7128809.0321
1721414700000,2024-07-19T18:45:00+00:00,3496.05,3501.44,3495.88,3500.58,6735.24,23557212.883
1721415600000,2024-07-19T19:00:00+00:00,3500.58,3528.46,3500.58,3520.4,15770.05,55489090.6024
1721416500000,2024-07-19T19:15:00+00:00,3520.4,3538.92,3514.14,3526.52,14265.38,50347127.5857
1721417400000,2024-07-19T19:30:00+00:00,3526.52,3535.93,3506.58,3515.37,12680.13,44618142.9232
1721418300000,2024-07-19T19:45:00+00:00,3515.37,3523.09,3513.04,3520.38,11562.85,40670163.0206
1721419200000,2024-07-19T20:00:00+00:00,3520.38,3520.69,3494.17,3499.42,22643.19,79329266.4764
1721420100000,2024-07-19T20:15:00+00:00,3499.42,3502.13,3490.07,3498.82,8152.32,28514228.4918
1721421000000,2024-07-19T20:30:00+00:00,3498.82,3507.6,3498.08,3505.12,2333.07,8175118.1946
1721421900000,2024-07-19T20:45:00+00:00,3505.12,3508.89,3501.1,3502.57,2455.04,8602008.5
1721422800000,2024-07-19T21:00:00+00:00,3502.57,3509.97,3501.81,3507.78,1287.62,4514821.158
1721423700000,2024-07-19T21:15:00+00:00,3507.78,3519.25,3507.78,3515.38,2749.85,9665457.0383
1721424600000,2024-07-19T21:30:00+00:00,3515.38,3524.88,3515.02,3515.04,3199.25,11254154.9241
1721425500000,2024-07-19T21:45:00+00:00,3515.04,3515.04,3508.67,3510.22,2303.45,8088301.5268
1721426400000,2024-07-19T22:00:00+00:00,3510.22,3517.47,3505.69,3517.12,1949.47,6847546.8678
1721427300000,2024-07-19T22:15:00+00:00,3517.12,3517.82,3513.14,3516.17,1357.63,4773690.2402
1721428200000,2024-07-19T22:30:00+00:00,3516.17,3517.16,3512.23,3513.23,1359.27,4778170.7063
1721429100000,2024-07-19T22:45:00+00:00,3513.23,3513.71,3504,3505.76,2044.03,7170992.148
1721430000000,2024-07-19T23:00:00+00:00,3505.76,3514.15,3505.76,3512.42,1588.72,5576745.3247
1721430900000,2024-07-19T23:15:00+00:00,3512.42,3513.89,3504.1,3505.99,1270.83,4459595.6376
1721431800000,2024-07-19T23:30:00+00:00,3505.99,3506,3496.89,3499.37,3729.81,13058460.911
1721432700000,2024-07-19T23:45:00+00:00,3499.37,3504.27,3498.59,3502.31,1631.67,5714473.292
1721433600000,2024-07-20T00:00:00+00:00,3502.31,3506,3501.35,3505.27,1657.58,5808542.5385
1721434500000,2024-07-20T00:15:00+00:00,3505.27,3505.27,3489.17,3490.78,4007.56,14003010.6271
1721435400000,2024-07-20T00:30:00+00:00,3490.78,3492,3477.93,3482.73,7993.67,27841233.6349
1721436300000,2024-07-20T00:45:00+00:00,3482.73,3491.09,3480.78,3482.93,3027.95,10560941.326
1721437200000,2024-07-20T01:00:00+00:00,3482.93,3493.93,3481.12,3491.12,1799.32,6280563.0169
1721438100000,2024-07-20T01:15:00+00:00,3491.12,3494.28,3486.3,3488.65,1137.56,3970309.5947
1721439000000,2024-07-20T01:30:00+00:00,3488.65,3489.43,3483.83,3484.52,1145.09,3991430.9351
1721439900000,2024-07-20T01:45:00+00:00,3484.52,3484.55,3477.19,3482.52,2003.1,6973021.8776
1721440800000,2024-07-20T02:00:00+00:00,3482.52,3486.96,3479.26,3486.73,1350.06,4701686.8012
1721441700000,2024-07-20T02:15:00+00:00,3486.73,3490.48,3486.53,3489.85,1534.8,5354303.6507
1721442600000,2024-07-20T02:30:00+00:00,3489.85,3493.13,3485.23,3493.13,2590.81,9044148.8537
1721443500000,2024-07-20T02:45:00+00:00,3493.13,3493.42,3491.09,3491.49,1092.38,3815413.7629
1721444400000,2024-07-20T03:00:00+00:00,3491.49,3498.63,3491.24,3496.44,3760.21,13149430.7487
1721445300000,2024-07-20T03:15:00+00:00,3496.44,3502.98,3495.36,3497.53,2516.2,8802400.7806
1721446200000,2024-07-20T03:30:00+00:00,3497.53,3499.58,3495.57,3495.66,2191.25,7664584.6777
1721447100000,2024-07-20T03:45:00+00:00,3495.66,3495.93,3493,3493,1078.07,3766890.9145
1721448000000,2024-07-20T04:00:00+00:00,3493,3499.12,3490.3,3498.64,1557.36,5441139.8237
1721448900000,2024-07-20T04:15:00+00:00,3498.64,3504.33,3498.17,3502.82,5228.69,18311585.2329
1721449800000,2024-07-20T04:30:00+00:00,3502.82,3503.54,3499.78,3502.02,4922.47,17239228.857
1721450700000,2024-07-20T04:45:00+00:00,3502.02,3505.97,3499.74,3505.62,2304.18,8071895.6975
1721451600000,2024-07-20T05:00:00+00:00,3505.62,3505.69,3500.38,3501.96,745.03,2609396.5486
1721452500000,2024-07-20T05:15:00+00:00,3501.96,3502.22,3496.36,3497.77,1319.79,4616769.1979
1721453400000,2024-07-20T05:30:00+00:00,3497.77,3498.3,3494.43,3498.3,3592.47,12558320.0941
1721454300000,2024-07-20T05:45:00+00:00,3498.3,3501.73,3496.94,3500.12,1055.35,3694086.7194
1721455200000,2024-07-20T06:00:00+00:00,3500.12,3502.8,3498.39,3502.14,801.82,2806867.6968
1721456100000,2024-07-20T06:15:00+00:00,3502.14,3502.56,3499.19,3500.8,615.46,2154522.5021
1721457000000,2024-07-20T06:30:00+00:00,3500.8,3501.67,3498.57,3501.5,1231.87,4311330.9777
1721457900000,2024-07-20T06:45:00+00:00,3501.5,3501.67,3498.3,3499.23,1861.81,6514809.7043
1721458800000,2024-07-20T07:00:00+00:00,3499.23,3499.23,3490.25,3496.24,5466.71,19096247.7866
1721459700000,2024-07-20T07:15:00+00:00,3496.24,3501.02,3494.39,3496.03,2413.59,8442008.1228
1721460600000,2024-07-20T07:30:00+00:00,3496.03,3496.11,3490,3492.01,2691.35,9399617.4869
1721461500000,2024-07-20T07:45:00+00:00,3492.01,3493.03,3485.07,3485.07,2681.82,9357396.4992
1721462400000,2024-07-20T08:00:00+00:00,3485.07,3489.84,3482,3489.82,9355.73,32613837.2589
1721463300000,2024-07-20T08:15:00+00:00,3489.82,3492.12,3486.48,3486.95,1147.37,4004577.6728
1721464200000,2024-07-20T08:30:00+00:00,3486.95,3487.13,3478,3483.51,6461.99,22501114.7644
1721465100000,2024-07-20T08:45:00+00:00,3483.51,3484.23,3480,3483.81,1455.65,5067365.0063
1721466000000,2024-07-20T09:00:00+00:00,3483.81,3485.71,3478.94,3485.71,2544.6,8861304.6645
1721466900000,2024-07-20T09:15:00+00:00,3485.71,3485.98,3482,3482.3,1290.5,4495632.0341
1721467800000,2024-07-20T09:30:00+00:00,3482.3,3491.81,3482.3,3486.96,3834.53,13379305.4233
1721468700000,2024-07-20T09:45:00+00:00,3486.96,3486.96,3481.03,3481.73,1683.24,5863408.5528
1721469600000,2024-07-20T10:00:00+00:00,3481.73,3487.65,3480.35,3484.55,1337.5,4659225.5404
1721470500000,2024-07-20T10:15:00+00:00,3484.55,3484.56,3480,3481.44,2102.85,7322498.0315
1721471400000,2024-07-20T10:30:00+00:00,3481.44,3485.47,3480,3480.01,769.82,2680772.7002
1721472300000,2024-07-20T10:45:00+00:00,3480.01,3487.03,3480.01,3486.41,3268.53,11392711.9494
1721473200000,2024-07-20T11:00:00+00:00,3486.41,3486.54,3481.78,3482.96,932.62,3249620.0954
1721474100000,2024-07-20T11:15:00+00:00,3482.96,3484.49,3478.09,3484.26,5441.61,18946123.4349
1721475000000,2024-07-20T11:30:00+00:00,3484.26,3489.71,3483.67,3488.43,2378.25,8294240.4794
1721475900000,2024-07-20T11:45:00+00:00,3488.43,3488.44,3481.63,3482.53,1095.77,3817505.0388
1721476800000,2024-07-20T12:00:00+00:00,3482.53,3489.05,3481.88,3488.6,1798.77,6272076.6991
1721477700000,2024-07-20T12:15:00+00:00,3488.6,3488.73,3484.37,3486.14,1912.18,6666885.0075
1721478600000,2024-07-20T12:30:00+00:00,3486.14,3494,3484.4,3490.04,1664.65,5811997.9571
1721479500000,2024-07-20T12:45:00+00:00,3490.04,3494.33,3488.67,3489.57,1868.96,6525023.0025
1721480400000,2024-07-20T13:00:00+00:00,3489.57,3492.92,3483.37,3483.73,2075.75,7238524.8194
1721481300000,2024-07-20T13:15:00+00:00,3483.73,3492,3479.09,3491.96,4692.74,16358520.2217
1721482200000,2024-07-20T13:30:00+00:00,3491.96,3494.42,3481.21,3483.65,5880.4,20489126.0688
1721483100000,2024-07-20T13:45:00+00:00,3483.65,3489.13,3481.67,3487.81,1246.39,4343468.0941
1721484000000,2024-07-20T14:00:00+00:00,3487.81,3491.59,3486.36,3487.79,1357.2,4735685.7154
1721484900000,2024-07-20T14:15:00+00:00,3487.79,3493.44,3487.73,3493.34,1849.07,6457194.5289
1721485800000,2024-07-20T14:30:00+00:00,3493.34,3505.55,3491.03,3503.09,6258.99,21904208.726
1721486700000,2024-07-20T14:45:00+00:00,3503.09,3503.09,3491.8,3494.73,4426.48,15476061.3132
1721487600000,2024-07-20T15:00:00+00:00,3494.73,3500,3494.73,3496.54,2074.56,7255726.1389
1721488500000,2024-07-20T15:15:00+00:00,3496.54,3502,3495,3501.98,2621.79,9172440.5359
1721489400000,2024-07-20T15:30:00+00:00,3501.98,3505.49,3491.77,3496.48,5111.56,17875859.7841
1721490300000,2024-07-20T15:45:00+00:00,3496.48,3502,3495.7,3501.38,1343.36,4699603.6124
1721491200000,2024-07-20T16:00:00+00:00,3501.38,3503.15,3496.41,3499.86,2272.98,7957526.2464
1721492100000,2024-07-20T16:15:00+00:00,3499.86,3505.05,3497.13,3504.01,1982.04,6940519.9489
1721493000000,2024-07-20T16:30:00+00:00,3504.01,3512.48,3499,3499,9941.05,34850745.3147
1721493900000,2024-07-20T16:45:00+00:00,3499,3499.01,3490,3496,13139.18,45898296.5467
1721494800000,2024-07-20T17:00:00+00:00,3496,3514,3489.67,3502.08,14076.43,49244218.7463
1721495700000,2024-07-20T17:15:00+00:00,3502.08,3515,3501.54,3505.34,14033.42,49240976.6558
1721496600000,2024-07-20T17:30:00+00:00,3505.34,3532.49,3505.34,3529.26,22952.12,80816911.5886
1721497500000,2024-07-20T17:45:00+00:00,3529.26,3537.91,3522.08,3524.68,17486.38,61720272.075
1721498400000,2024-07-20T18:00:00+00:00,3524.68,3527.63,3514.84,3522.67,5364.93,18883501.1765
1721499300000,2024-07-20T18:15:00+00:00,3522.67,3529.56,3520.36,3524.96,7244.37,25538264.4297
1721500200000,2024-07-20T18:30:00+00:00,3524.96,3530.8,3520.37,3530.79,2952.82,10408335.31
1721501100000,2024-07-20T18:45:00+00:00,3530.79,3535,3527.52,3529,3823.8,13506254.7071
1721502000000,2024-07-20T19:00:00+00:00,3529,3534.51,3525.2,3528.25,3179.61,11227266.4127
1721502900000,2024-07-20T19:15:00+00:00,3528.25,3528.25,3521.49,3523.81,4015.58,14152508.5696
1721503800000,2024-07-20T19:30:00+00:00,3523.81,3525.12,3511.3,3516.15,3903.18,13719728.6471
1721504700000,2024-07-20T19:45:00+00:00,3516.15,3517.97,3506.15,3512.35,3617.13,12698300.9778
1721505600000,2024-07-20T20:00:00+00:00,3512.35,3522.57,3512.35,3522.57,3181.76,11196046.0629
1721506500000,2024-07-20T20:15:00+00:00,3522.57,3522.59,3517.39,3518.59,913.31,3215505.0537
1721507400000,2024-07-20T20:30:00+00:00,3518.59,3524.38,3518.37,3521.77,1801.15,6344643.8143
1721508300000,2024-07-20T20:45:00+00:00,3521.77,3523.55,3519.14,3519.55,948.48,3340065.4383
1721509200000,2024-07-20T21:00:00+00:00,3519.55,3520.84,3498,3508.46,7942.35,27845664.3089
1721510100000,2024-07-20T21:15:00+00:00,3508.46,3512.19,3504.2,3510.65,2036.8,7146028.7196
1721511000000,2024-07-20T21:30:00+00:00,3510.65,3514.16,3505.37,3514.12,1016.07,3567122.1415
1721511900000,2024-07-20T21:45:00+00:00,3514.12,3515.93,3512.79,3513.14,1815.2,6377286.3444
1721512800000,2024-07-20T22:00:00+00:00,3513.14,3520.77,3512.82,3516.99,2610.79,9183419.2037
1721513700000,2024-07-20T22:15:00+00:00,3516.99,3518.42,3511.96,3514.37,1409.54,4955631.7535
1721514600000,2024-07-20T22:30:00+00:00,3514.37,3517.17,3506.25,3506.26,2253.48,7913424.7361
1721515500000,2024-07-20T22:45:00+00:00,3506.26,3513.7,3505.31,3511.77,2015.48,7071622.2771
1721516400000,2024-07-20T23:00:00+00:00,3511.77,3516.42,3511.07,3515.53,540.64,1899817.271
1721517300000,2024-07-20T23:15:00+00:00,3515.53,3517.26,3514.22,3516.96,676.25,2377727.0718
1721518200000,2024-07-20T23:30:00+00:00,3516.96,3519,3516.41,3517.41,966,3398158.628
1721519100000,2024-07-20T23:45:00+00:00,3517.41,3519.38,3514.04,3514.85,763.44,2685435.8312
1721520000000,2024-07-21T00:00:00+00:00,3514.85,3519.86,3513.8,3519.67,2770.18,9741140.8585
1721520900000,2024-07-21T00:15:00+00:00,3519.67,3526.69,3519.66,3520.98,2489.72,8773675.1387
1721521800000,2024-07-21T00:30:00+00:00,3520.98,3521.3,3507.09,3509.04,3821.59,13425040.6474
1721522700000,2024-07-21T00:45:00+00:00,3509.04,3514.37,3501.56,3505.77,8589.81,30127697.2234
1721523600000,2024-07-21T01:00:00+00:00,3505.77,3509.82,3505.23,3508.35,1738.55,6097714.8163
1721524500000,2024-07-21T01:15:00+00:00,3508.35,3517.01,3508.35,3512.01,2658.92,9341299.8254
1721525400000,2024-07-21T01:30:00+00:00,3512.01,3517.5,3510.11,3517.02,2175.76,7643340.1581
1721526300000,2024-07-21T01:45:00+00:00,3517.02,3520.1,3513.74,3514.36,2815.55,9901737.9445
1721527200000,2024-07-21T02:00:00+00:00,3514.36,3515.82,3513,3513.92,639.61,2248011.7201
1721528100000,2024-07-21T02:15:00+00:00,3513.92,3517.35,3513.75,3516.16,969.76,3408463.9189
1721529000000,2024-07-21T02:30:00+00:00,3516.16,3519.73,3515.25,3519.19,660.95,2324702.7308
1721529900000,2024-07-21T02:45:00+00:00,3519.19,3520,3511.64,3511.64,819.78,2882651.4363
1721530800000,2024-07-21T03:00:00+00:00,3511.64,3515.62,3509.11,3515.13,1119.39,3931726.3253
1721531700000,2024-07-21T03:15:00+00:00,3515.13,3518.6,3512,3512.01,1342.31,4719586.4607
1721532600000,2024-07-21T03:30:00+00:00,3512.01,3512.76,3506.62,3511.4,6479.68,22741837.5591
1721533500000,2024-07-21T03:45:00+00:00,3511.4,3511.97,3508.59,3508.79,2919.17,10246392.0306
1721534400000,2024-07-21T04:00:00+00:00,3508.79,3510,3506.02,3508.11,1377.21,4830382.8798
1721535300000,2024-07-21T04:15:00+00:00,3508.11,3511.05,3507.59,3508.83,2174.62,7632274.7479
1721536200000,2024-07-21T04:30:00+00:00,3508.83,3509,3505.21,3507.51,1338.15,4691769.6308
1721537100000,2024-07-21T04:45:00+00:00,3507.51,3507.51,3503,3503.02,1649.43,5780204.3179
1721538000000,2024-07-21T05:00:00+00:00,3503.02,3503.93,3492.48,3496.72,12003.73,41972577.1427
1721538900000,2024-07-21T05:15:00+00:00,3496.72,3503.59,3496.63,3499.01,5649.25,19778544.3293
1721539800000,2024-07-21T05:30:00+00:00,3499.01,3503.32,3499.01,3500.01,2135.38,7475855.1391
1721540700000,2024-07-21T05:45:00+00:00,3500.01,3501,3497,3498.43,499.25,1747017.0807
1721541600000,2024-07-21T06:00:00+00:00,3498.43,3501.61,3495,3497.96,1961.35,6860327.9641
1721542500000,2024-07-21T06:15:00+00:00,3497.96,3497.96,3482.68,3490,11491.6,40079310.3148
1721543400000,2024-07-21T06:30:00+00:00,3490,3490,3481.66,3487.48,6121.81,21336063.4989
1721544300000,2024-07-21T06:45:00+00:00,3487.48,3487.48,3481.21,3484.39,3142.23,10945807.0379
1721545200000,2024-07-21T07:00:00+00:00,3484.39,3487.68,3473.92,3482.15,10789.9,37568724.0828
1721546100000,2024-07-21T07:15:00+00:00,3482.15,3487.07,3480.36,3481.99,2542.83,8858145.2322
1721547000000,2024-07-21T07:30:00+00:00,3481.99,3485.87,3481,3484.27,1411.56,4917967.3209
1721547900000,2024-07-21T07:45:00+00:00,3484.27,3487.33,3481.59,3482.18,2296.76,8002195.5408
1721548800000,2024-07-21T08:00:00+00:00,3482.18,3488.54,3481.55,3488.53,4264.03,14863039.7115
1721549700000,2024-07-21T08:15:00+00:00,3488.53,3490.58,3484.16,3485.13,3568.32,12442561.0573
1721550600000,2024-07-21T08:30:00+00:00,3485.13,3488.45,3483.05,3488.3,2273.52,7925969.7283
1721551500000,2024-07-21T08:45:00+00:00,3488.3,3490,3485.32,3485.83,1278.35,4458581.0846
1721552400000,2024-07-21T09:00:00+00:00,3485.83,3495.36,3484.65,3494.78,4046.72,14123863.4343
1721553300000,2024-07-21T09:15:00+00:00,3494.78,3496.66,3490,3490.01,3044.63,10632954.861
1721554200000,2024-07-21T09:30:00+00:00,3490.01,3497.13,3488.47,3495.19,1620.63,5663225.1723
1721555100000,2024-07-21T09:45:00+00:00,3495.19,3503.34,3494.98,3499.21,5544.69,19407116.962
1721556000000,2024-07-21T10:00:00+00:00,3499.21,3504.71,3498.4,3501.13,3857.76,13505210.9007
1721556900000,2024-07-21T10:15:00+00:00,3501.13,3501.13,3492.95,3494.97,1482.52,5183831.9659
1721557800000,2024-07-21T10:30:00+00:00,3494.97,3497.39,3493,3497.02,1942.44,6787560.3865
1721558700000,2024-07-21T10:45:00+00:00,3497.02,3497.05,3491.58,3491.94,3143.27,10984069.0404
1721559600000,2024-07-21T11:00:00+00:00,3491.94,3496.47,3491.58,3493.28,811.15,2833963.9309
1721560500000,2024-07-21T11:15:00+00:00,3493.28,3496.34,3488.99,3488.99,2301.89,8036768.5725
1721561400000,2024-07-21T11:30:00+00:00,3488.99,3493.6,3487.86,3491.61,1598.86,5581824.9769
1721562300000,2024-07-21T11:45:00+00:00,3491.61,3496.63,3490.23,3496.47,1024.64,3581188.284
1721563200000,2024-07-21T12:00:00+00:00,3496.47,3501.26,3495.18,3500.81,2436.54,8523202.7201
1721564100000,2024-07-21T12:15:00+00:00,3500.81,3501.93,3496,3497.11,1037.29,3628707.047
1721565000000,2024-07-21T12:30:00+00:00,3497.11,3499.82,3493.65,3494.31,958.07,3349843.2901
1721565900000,2024-07-21T12:45:00+00:00,3494.31,3498.26,3492.47,3497.9,751.33,2626599.7707
1721566800000,2024-07-21T13:00:00+00:00,3497.9,3500.16,3497.08,3499.35,2760.39,9658776.681
1721567700000,2024-07-21T13:15:00+00:00,3499.35,3499.35,3492.16,3494.58,805.18,2814195.6414
1721568600000,2024-07-21T13:30:00+00:00,3494.58,3494.61,3480.19,3486.11,8903.67,31033406.1375
1721569500000,2024-07-21T13:45:00+00:00,3486.11,3491.36,3484,3488.75,3071.52,10713585.8489
1721570400000,2024-07-21T14:00:00+00:00,3488.75,3502.93,3481.98,3497.06,6842.36,23914376.6985
1721571300000,2024-07-21T14:15:00+00:00,3497.06,3508.63,3497.06,3505.19,8099.41,28379179.7683
1721572200000,2024-07-21T14:30:00+00:00,3505.19,3513.07,3501.46,3511.96,6687.02,23461498.7188
1721573100000,2024-07-21T14:45:00+00:00,3511.96,3514.7,3504.59,3508.51,2693.71,9450269.4004
1721574000000,2024-07-21T15:00:00+00:00,3508.51,3513.51,3503,3503.01,3885.22,13623949.308
1721574900000,2024-07-21T15:15:00+00:00,3503.01,3505.6,3495.19,3503.58,6359.36,22252438.1611
1721575800000,2024-07-21T15:30:00+00:00,3503.58,3514.69,3501,3501.9,3726.82,13077869.1428
1721576700000,2024-07-21T15:45:00+00:00,3501.9,3502.39,3493.42,3497.76,3690.19,12905018.3354
1721577600000,2024-07-21T16:00:00+00:00,3497.76,3505.05,3494.1,3502.99,8512.39,29768991.0429
1721578500000,2024-07-21T16:15:00+00:00,3502.99,3504.7,3486,3490.12,5006.09,17484615.8273
1721579400000,2024-07-21T16:30:00+00:00,3490.12,3493.63,3483.08,3492.94,5865.81,20464382.0509
1721580300000,2024-07-21T16:45:00+00:00,3492.94,3517.36,3490.73,3514.68,9282.4,32582667.5993
1721581200000,2024-07-21T17:00:00+00:00,3514.68,3523.61,3506.69,3514.02,13009.46,45748955.8839
1721582100000,2024-07-21T17:15:00+00:00,3514.02,3514.02,3500.96,3504.37,5509.38,19314276.0263
1721583000000,2024-07-21T17:30:00+00:00,3504.37,3505.85,3499.92,3503.01,1712.18,5997777.0475
1721583900000,2024-07-21T17:45:00+00:00,3503.01,3503.01,3448.79,3465.66,38249,132484915.1529
1721584800000,2024-07-21T18:00:00+00:00,3465.66,3472.15,3408.6,3433.01,47771.86,164117432.0886
1721585700000,2024-07-21T18:15:00+00:00,3433.01,3472.38,3426.51,3467.75,24450.88,84304962.3343
1721586600000,2024-07-21T18:30:00+00:00,3467.75,3483.4,3459.6,3459.94,30077.58,104432493.9762
1721587500000,2024-07-21T18:45:00+00:00,3459.94,3466.41,3453.5,3460.94,10313.59,35677615.0118
1721588400000,2024-07-21T19:00:00+00:00,3460.94,3469.14,3455.61,3462.85,10542.62,36481683.5719
1721589300000,2024-07-21T19:15:00+00:00,3462.85,3483,3459.3,3480.87,6497.32,22545799.2971
1721590200000,2024-07-21T19:30:00+00:00,3480.87,3495,3474.01,3479,24275.6,84625823.1839
1721591100000,2024-07-21T19:45:00+00:00,3479,3489.25,3475.38,3488.09,7203.37,25099914.0887
1721592000000,2024-07-21T20:00:00+00:00,3488.09,3492,3479.7,3490.01,6435.81,22427422.568
1721592900000,2024-07-21T20:15:00+00:00,3490.01,3520,3490.01,3518.73,18753.09,65784493.8355
1721593800000,2024-07-21T20:30:00+00:00,3518.73,3520.15,3508.01,3511.53,11406.21,40095142.3071
1721594700000,2024-07-21T20:45:00+00:00,3511.53,3512.73,3492.54,3496.2,9420.37,33003039.7508
1721595600000,2024-07-21T21:00:00+00:00,3496.2,3503.32,3488,3491.88,7597.09,26557630.0521
1721596500000,2024-07-21T21:15:00+00:00,3491.88,3509.83,3491.37,3503.1,11685.84,40918706.1135
1721597400000,2024-07-21T21:30:00+00:00,3503.1,3517.68,3501.31,3508.79,4492.08,15771137.7475
1721598300000,2024-07-21T21:45:00+00:00,3508.79,3517.96,3504.78,3517.89,3497.28,12286082.3832
1721599200000,2024-07-21T22:00:00+00:00,3517.89,3544.33,3516.14,3527.83,16583.77,58607740.935
1721600100000,2024-07-21T22:15:00+00:00,3527.83,3531.84,3521.5,3527.28,4113.52,14511898.0855
1721601000000,2024-07-21T22:30:00+00:00,3527.28,3529.66,3520.97,3522.82,2185.83,7707035.5363
1721601900000,2024-07-21T22:45:00+00:00,3522.82,3532.21,3522.82,3531.06,2689.31,9491452.0646
1721602800000,2024-07-21T23:00:00+00:00,3531.06,3543.1,3531.05,3532.21,7345.05,25984262.141
1721603700000,2024-07-21T23:15:00+00:00,3532.21,3533.81,3526.26,3526.86,2900.92,10237868.8255
1721604600000,2024-07-21T23:30:00+00:00,3526.86,3529.53,3522.31,3523.53,2608.14,9193608.6669
1721605500000,2024-07-21T23:45:00+00:00,3523.53,3534,3519.59,3533.3,3386.36,11941152.2289
1721606400000,2024-07-22T00:00:00+00:00,3533.3,3541.28,3529.3,3529.3,3960.92,14000512.2
1721607300000,2024-07-22T00:15:00+00:00,3529.3,3535.45,3526.77,3534.7,2693.78,9509579.4338
1721608200000,2024-07-22T00:30:00+00:00,3534.7,3543.33,3534.69,3543.12,6463.7,22884958.6292
1721609100000,2024-07-22T00:45:00+00:00,3543.12,3562.4,3538.76,3541.28,16529.72,58705369.1483
1721610000000,2024-07-22T01:00:00+00:00,3541.28,3542.44,3529.45,3532.35,4883.89,17265764.9736
1721610900000,2024-07-22T01:15:00+00:00,3532.35,3542.88,3521.27,3532.89,8533.64,30127491.9294
1721611800000,2024-07-22T01:30:00+00:00,3532.89,3535.66,3525.94,3530.93,8956.73,31627247.3712
1721612700000,2024-07-22T01:45:00+00:00,3530.93,3532.63,3523.32,3525.19,2273.94,8018223.2309
1721613600000,2024-07-22T02:00:00+00:00,3525.19,3527.24,3516.75,3523.34,4392.78,15468533.6897
1721614500000,2024-07-22T02:15:00+00:00,3523.34,3533.2,3519.47,3529.77,1749.85,6172100.8059
1721615400000,2024-07-22T02:30:00+00:00,3529.77,3538.2,3529.19,3529.56,4870.85,17220739.2064
1721616300000,2024-07-22T02:45:00+00:00,3529.56,3535.2,3529.06,3532.55,1517.01,5359287.5815
1721617200000,2024-07-22T03:00:00+00:00,3532.55,3533.17,3525,3527.66,1249.39,4409055.9289
1721618100000,2024-07-22T03:15:00+00:00,3527.66,3529.28,3520,3523.99,5507.3,19409422.8831
1721619000000,2024-07-22T03:30:00+00:00,3523.99,3524,3513.63,3515.6,2398.4,8438021.5606
1721619900000,2024-07-22T03:45:00+00:00,3515.6,3517.07,3513.13,3515.46,2171.06,7633624.4147
1721620800000,2024-07-22T04:00:00+00:00,3515.46,3517.61,3509.67,3517.24,5674.15,19932573.4956
1721621700000,2024-07-22T04:15:00+00:00,3517.24,3520.39,3512.12,3515.62,3246.47,11415473.6634
1721622600000,2024-07-22T04:30:00+00:00,3515.62,3516.92,3511.96,3513.41,878.95,3088723.4165
1721623500000,2024-07-22T04:45:00+00:00,3513.41,3516.66,3512.31,3514.27,3144.35,11053089.206
1721624400000,2024-07-22T05:00:00+00:00,3514.27,3515.32,3504.51,3509.3,5802.96,20348960.7091
1721625300000,2024-07-22T05:15:00+00:00,3509.3,3511.1,3503.69,3505.42,1081.64,3793361.2501
1721626200000,2024-07-22T05:30:00+00:00,3505.42,3505.42,3491.23,3493.47,17625.96,61624538.7673
1721627100000,2024-07-22T05:45:00+00:00,3493.47,3496.89,3481.27,3493.12,15414.32,53784814.8907
1721628000000,2024-07-22T06:00:00+00:00,3493.12,3497.98,3485,3497.69,11961.41,41761827.8325
1721628900000,2024-07-22T06:15:00+00:00,3497.69,3497.69,3485.37,3488,10058.05,35123150.1221
1721629800000,2024-07-22T06:30:00+00:00,3488,3488,3456.56,3465.94,20269.62,70403090.1395
1721630700000,2024-07-22T06:45:00+00:00,3465.94,3475.63,3463.1,3474.9,12593.7,43697710.8191
1721631600000,2024-07-22T07:00:00+00:00,3474.9,3474.9,3464.92,3471.12,13270.89,46042888.4275
1721632500000,2024-07-22T07:15:00+00:00,3471.12,3475,3466.67,3468.85,12723.59,44164445.3339
1721633400000,2024-07-22T07:30:00+00:00,3468.85,3481.69,3467.71,3477.68,12507.09,43478426.8811
1721634300000,2024-07-22T07:45:00+00:00,3477.68,3482.28,3474.66,3475.49,11270.55,39204368.6428
1721635200000,2024-07-22T08:00:00+00:00,3475.49,3485.74,3469.29,3485.59,19651.48,68333056.4902
1721636100000,2024-07-22T08:15:00+00:00,3485.59,3485.59,3477.78,3481.7,12266.39,42706153.6858
1721637000000,2024-07-22T08:30:00+00:00,3481.7,3483.45,3475.12,3477.14,11312.95,39354837.0021
1721637900000,2024-07-22T08:45:00+00:00,3477.14,3477.74,3470,3473.06,12189.74,42329054.6736
1721638800000,2024-07-22T09:00:00+00:00,3473.06,3481.42,3467.15,3480.01,9675,33614568.1809
1721639700000,2024-07-22T09:15:00+00:00,3480.01,3484.78,3478.38,3484.12,4946.08,17218120.2632
1721640600000,2024-07-22T09:30:00+00:00,3484.12,3484.84,3478.39,3482.68,5045.11,17563191.1738
1721641500000,2024-07-22T09:45:00+00:00,3482.68,3490.14,3479,3490.14,5047.72,17587111.4521
1721642400000,2024-07-22T10:00:00+00:00,3490.14,3492.06,3485.44,3487.66,5442.57,18989174.7404
1721643300000,2024-07-22T10:15:00+00:00,3487.66,3496.78,3486.78,3494.95,5572.16,19459925.8485
1721644200000,2024-07-22T10:30:00+00:00,3494.95,3494.96,3487.78,3489.58,5652.75,19732146.9011
1721645100000,2024-07-22T10:45:00+00:00,3489.58,3491.01,3485.37,3489.78,5668.04,19774572.5011
1721646000000,2024-07-22T11:00:00+00:00,3489.78,3491.48,3483.27,3486.17,8946.69,31206161.8714
1721646900000,2024-07-22T11:15:00+00:00,3486.17,3488.43,3484.42,3488.23,10686.35,37258194.4819
1721647800000,2024-07-22T11:30:00+00:00,3488.23,3495.69,3488.2,3492.68,12158.85,42465715.8304
1721648700000,2024-07-22T11:45:00+00:00,3492.68,3502.22,3492.68,3498.13,12368.61,43253984.2306
1721649600000,2024-07-22T12:00:00+00:00,3498.13,3499.79,3490,3490.63,10778.75,37662703.4144
1721650500000,2024-07-22T12:15:00+00:00,3490.63,3503.46,3490.63,3499.85,13874.4,48538772.2759
1721651400000,2024-07-22T12:30:00+00:00,3499.85,3503.82,3495.22,3495.74,13933.92,48778600.3636
1721652300000,2024-07-22T12:45:00+00:00,3495.74,3498.78,3493.59,3496.91,13361.35,46718644.4756
1721653200000,2024-07-22T13:00:00+00:00,3496.91,3503.39,3493.75,3493.76,8747.23,30615278.1779
1721654100000,2024-07-22T13:15:00+00:00,3493.76,3494.13,3484.38,3484.38,10485.77,36592908.8303
1721655000000,2024-07-22T13:30:00+00:00,3484.38,3502.94,3474.85,3480.07,12568.44,43862910.6015
1721655900000,2024-07-22T13:45:00+00:00,3480.07,3480.71,3459.84,3464.49,12656.37,43893863.4242
1721656800000,2024-07-22T14:00:00+00:00,3464.49,3475.63,3458.91,3474.46,9897.62,34330949.5596
1721657700000,2024-07-22T14:15:00+00:00,3474.46,3475,3451.68,3454.31,10388.94,35946943.334
1721658600000,2024-07-22T14:30:00+00:00,3454.31,3458.77,3441.33,3447.51,13097.33,45173123.7745
1721659500000,2024-07-22T14:45:00+00:00,3447.51,3451.22,3441.67,3446.09,8786.96,30279939.7603
1721660400000,2024-07-22T15:00:00+00:00,3446.09,3453.7,3435,3447.18,8886,30617790.8734
1721661300000,2024-07-22T15:15:00+00:00,3447.18,3453.63,3444.22,3448.29,7942.45,27390998.9782
1721662200000,2024-07-22T15:30:00+00:00,3448.29,3462.14,3448.01,3456.1,8445.75,29181451.0665
1721663100000,2024-07-22T15:45:00+00:00,3456.1,3463.77,3453.25,3453.79,9516.11,32918086.7118
1721664000000,2024-07-22T16:00:00+00:00,3453.79,3461.52,3447.35,3458.54,9750.08,33682032.4526
1721664900000,2024-07-22T16:15:00+00:00,3458.54,3460.67,3447.97,3450.46,10610.69,36657569.1557
1721665800000,2024-07-22T16:30:00+00:00,3450.46,3459.04,3441.99,3458.94,12647.53,43637549.389
1721666700000,2024-07-22T16:45:00+00:00,3458.94,3469.48,3450.02,3451.78,11662.09,40336076.4165
1721667600000,2024-07-22T17:00:00+00:00,3451.78,3454.41,3450,3451.55,9012.56,31112504.1119
1721668500000,2024-07-22T17:15:00+00:00,3451.55,3461.4,3451.55,3459.2,7943.47,27461341.2842
1721669400000,2024-07-22T17:30:00+00:00,3459.2,3469.53,3457.78,3466,9763.88,33827000.8349
1721670300000,2024-07-22T17:45:00+00:00,3466,3468.3,3462.4,3468.3,9107.45,31569417.0769
1721671200000,2024-07-22T18:00:00+00:00,3468.3,3477.97,3467.48,3470.5,14883.14,51683067.3032
1721672100000,2024-07-22T18:15:00+00:00,3470.5,3471.04,3462.47,3465.46,11227.37,38927843.5115
1721673000000,2024-07-22T18:30:00+00:00,3465.46,3472.6,3461.55,3469.56,14485.6,50227550.2852
1721673900000,2024-07-22T18:45:00+00:00,3469.56,3476.15,3468.47,3470.93,11956.86,41511007.4412
1721674800000,2024-07-22T19:00:00+00:00,3470.93,3480.96,3466.31,3478.93,6950.2,24138279.1779
1721675700000,2024-07-22T19:15:00+00:00,3478.93,3482.96,3473.83,3476.95,6572.73,22855651.7525
1721676600000,2024-07-22T19:30:00+00:00,3476.95,3486,3474.25,3484.37,7109.46,24759526.5176
1721677500000,2024-07-22T19:45:00+00:00,3484.37,3496.53,3484.3,3495,8313.28,29028601.1892
1721678400000,2024-07-22T20:00:00+00:00,3495,3497.62,3484.77,3491.39,7592.14,26496605.0765
1721679300000,2024-07-22T20:15:00+00:00,3491.39,3492.19,3480.47,3480.68,6339.48,22091644.5971
1721680200000,2024-07-22T20:30:00+00:00,3480.68,3486.82,3478.99,3484.33,7118.18,24795719.2141
1721681100000,2024-07-22T20:45:00+00:00,3484.33,3492.2,3476.16,3488.04,9092.77,31673576.1239
1721682000000,2024-07-22T21:00:00+00:00,3488.04,3488.69,3459.12,3465.63,12488.64,43379055.2411
1721682900000,2024-07-22T21:15:00+00:00,3465.63,3470.79,3445.04,3456.34,14203.02,49088996.7148
1721683800000,2024-07-22T21:30:00+00:00,3456.34,3464.89,3450,3462.03,10487.11,36262544.2206
1721684700000,2024-07-22T21:45:00+00:00,3462.03,3465.67,3455.66,3460.95,8399.33,29060889.1326
1721685600000,2024-07-22T22:00:00+00:00,3460.95,3462.59,3436.23,3446.07,12023.34,41429230.1849
1721686500000,2024-07-22T22:15:00+00:00,3446.07,3447.94,3432.73,3440.82,10270,35338369.8219
1721687400000,2024-07-22T22:30:00+00:00,3440.82,3449.8,3436.91,3444.56,11914.1,41009360.7614
1721688300000,2024-07-22T22:45:00+00:00,3444.56,3453.48,3442.01,3445.94,8084.6,27863286.1554
1721689200000,2024-07-22T23:00:00+00:00,3445.94,3447.82,3420.87,3426.67,8011.58,27504086.5492
1721690100000,2024-07-22T23:15:00+00:00,3426.67,3442.43,3422.83,3439.03,7063.69,24250582.0781
1721691000000,2024-07-22T23:30:00+00:00,3439.03,3443.41,3434.01,3443,5313.67,18279614.9207
1721691900000,2024-07-22T23:45:00+00:00,3443,3444.11,3433,3437.49,5382.16,18506988.1818
1721692800000,2024-07-23T00:00:00+00:00,3437.49,3447.1,3433.55,3446.64,7499.16,25814842.6795
1721693700000,2024-07-23T00:15:00+00:00,3446.64,3452.38,3440.79,3443.5,8873.02,30575466.7993
1721694600000,2024-07-23T00:30:00+00:00,3443.5,3459.64,3443.4,3455.99,9056.85,31278402.8071
1721695500000,2024-07-23T00:45:00+00:00,3455.99,3478.83,3455.99,3467.28,10694.62,37094070.3106
1721696400000,2024-07-23T01:00:00+00:00,3467.28,3483.8,3458.03,3482.34,8938.33,31034668.4108
1721697300000,2024-07-23T01:15:00+00:00,3482.34,3488.63,3470.71,3471.73,7898.39,27497929.7616
1721698200000,2024-07-23T01:30:00+00:00,3471.73,3481.82,3467.5,3469,6795.87,23617889.4952
1721699100000,2024-07-23T01:45:00+00:00,3469,3481.71,3469,3478.64,7838.09,27244188.2508
1721700000000,2024-07-23T02:00:00+00:00,3478.64,3488.22,3468.86,3469.18,16010.62,55735962.845
1721700900000,2024-07-23T02:15:00+00:00,3469.18,3477.34,3466.54,3472.77,12539.53,43547710.8851
1721701800000,2024-07-23T02:30:00+00:00,3472.77,3487.93,3472.77,3487.85,10688.55,37206200.4518
1721702700000,2024-07-23T02:45:00+00:00,3487.85,3487.86,3477.55,3485.5,10614.29,36964066.2586
1721703600000,2024-07-23T03:00:00+00:00,3485.5,3487.15,3477.78,3479.26,6425.66,22369210.6954
1721704500000,2024-07-23T03:15:00+00:00,3479.26,3481.5,3472.79,3475.01,5850.89,20333546.5011
1721705400000,2024-07-23T03:30:00+00:00,3475.01,3475.01,3470.8,3472.04,6534.89,22694282.5404
1721706300000,2024-07-23T03:45:00+00:00,3472.04,3478.39,3471.48,3473.19,5856.86,20350497.0891
1721707200000,2024-07-23T04:00:00+00:00,3473.19,3481.56,3470.18,3480.5,9440.17,32811436.109
1721708100000,2024-07-23T04:15:00+00:00,3480.5,3481.67,3466.06,3469.41,8711.77,30269734.4352
1721709000000,2024-07-23T04:30:00+00:00,3469.41,3469.41,3443.92,3448.65,16675.33,57647441.1798
1721709900000,2024-07-23T04:45:00+00:00,3448.65,3461.6,3448.29,3453.18,10609.35,36661462.966
1721710800000,2024-07-23T05:00:00+00:00,3453.18,3457.15,3441.32,3448.01,10476.19,36137136.4572
1721711700000,2024-07-23T05:15:00+00:00,3448.01,3451.85,3425,3434.47,12576.12,43211166.8612
1721712600000,2024-07-23T05:30:00+00:00,3434.47,3436.25,3422.23,3429.48,9890.26,33924082.7675
1721713500000,2024-07-23T05:45:00+00:00,3429.48,3439.61,3427.18,3439.61,10467.86,35966857.8992
1721714400000,2024-07-23T06:00:00+00:00,3439.61,3458,3437.35,3455.33,14496.88,50025795.2789
1721715300000,2024-07-23T06:15:00+00:00,3455.33,3458,3445.6,3450,13255.35,45742262.6307
1721716200000,2024-07-23T06:30:00+00:00,3450,3450.01,3430.67,3439.47,15809.96,54398256.3436
1721717100000,2024-07-23T06:45:00+00:00,3439.47,3445.92,3435.11,3443.44,11024.36,37945766.7067
1721718000000,2024-07-23T07:00:00+00:00,3443.44,3448.7,3439.09,3446.76,8521.15,29349545.5762
1721718900000,2024-07-23T07:15:00+00:00,3446.76,3454.12,3437.1,3441.5,9233.54,31843370.8366
1721719800000,2024-07-23T07:30:00+00:00,3441.5,3454.31,3438.59,3451.8,8888.19,30661968.5465
1721720700000,2024-07-23T07:45:00+00:00,3451.8,3454,3446.54,3452.98,6917.44,23864222.1207
1721721600000,2024-07-23T08:00:00+00:00,3452.98,3461,3450.43,3461,7253.37,25077052.3671
1721722500000,2024-07-23T08:15:00+00:00,3461,3488.66,3460.38,3487.84,11742.25,40792321.6857
1721723400000,2024-07-23T08:30:00+00:00,3487.84,3522,3487.7,3512.63,16780.21,58892414.5385
1721724300000,2024-07-23T08:45:00+00:00,3512.63,3531.4,3507.65,3520.31,12787.6,45015002.6386
1721725200000,2024-07-23T09:00:00+00:00,3520.31,3530,3510.51,3518.24,11654.35,41061495.2037
1721726100000,2024-07-23T09:15:00+00:00,3518.24,3534.13,3514.61,3528.83,9341.31,32939517.9689
1721727000000,2024-07-23T09:30:00+00:00,3528.83,3537,3528.15,3530.87,11189.54,39532317.3304
1721727900000,2024-07-23T09:45:00+00:00,3530.87,3531.11,3520.07,3520.31,9151.54,32253349.8225
1721728800000,2024-07-23T10:00:00+00:00,3520.31,3528.11,3512,3524.47,10799.03,38025624.4438
1721729700000,2024-07-23T10:15:00+00:00,3524.47,3528.17,3515.8,3525.95,12322.7,43396241.622
1721730600000,2024-07-23T10:30:00+00:00,3525.95,3527.85,3519.01,3521.71,12864.79,45321388.9319
1721731500000,2024-07-23T10:45:00+00:00,3521.71,3522.41,3505.32,3505.32,12307.79,43260794.2114
1721732400000,2024-07-23T11:00:00+00:00,3505.32,3508.7,3480.5,3503.35,23949.58,83729692.2302
1721733300000,2024-07-23T11:15:00+00:00,3503.35,3511.59,3492.6,3503.63,17672.84,61893204.0611
1721734200000,2024-07-23T11:30:00+00:00,3503.63,3520.12,3500.04,3513.11,15291.71,53728747.6853
1721735100000,2024-07-23T11:45:00+00:00,3513.11,3520.72,3512.89,3514.59,11328.39,39840317.5693
1721736000000,2024-07-23T12:00:00+00:00,3514.59,3517.7,3503.5,3505.69,8117.04,28503576.5225
1721736900000,2024-07-23T12:15:00+00:00,3505.69,3514.11,3487.21,3492.33,12431.7,43530905.368
1721737800000,2024-07-23T12:30:00+00:00,3492.33,3500.39,3485.5,3496.73,9826.37,34327210.3761
1721738700000,2024-07-23T12:45:00+00:00,3496.73,3507.94,3495.5,3504.87,10296.3,36077731.5356
1721739600000,2024-07-23T13:00:00+00:00,3504.87,3512.47,3489.2,3493.76,16329.2,57165020.2098
1721740500000,2024-07-23T13:15:00+00:00,3493.76,3504.49,3478.35,3487.76,17453.42,60992777.8075
1721741400000,2024-07-23T13:30:00+00:00,3487.76,3501.74,3438.18,3453,42844.91,148523194.792
1721742300000,2024-07-23T13:45:00+00:00,3453,3453,3427.31,3437.97,21155.44,72705677.888
1721743200000,2024-07-23T14:00:00+00:00,3437.97,3471.08,3435.75,3458.99,17049.14,58925811.8166
1721744100000,2024-07-23T14:15:00+00:00,3458.99,3475.73,3456.9,3468.78,13237.9,45919497.5457
1721745000000,2024-07-23T14:30:00+00:00,3468.78,3494.4,3465.56,3494.4,15328.68,53409937.3482
1721745900000,2024-07-23T14:45:00+00:00,3494.4,3494.44,3482.65,3486.26,8867.69,30925656.4415
1721746800000,2024-07-23T15:00:00+00:00,3486.26,3486.62,3454.78,3469.78,13047.56,45243104.8441
1721747700000,2024-07-23T15:15:00+00:00,3469.78,3475.93,3445.67,3446.1,10806.06,37423452.8836
1721748600000,2024-07-23T15:30:00+00:00,3446.1,3453.11,3433.64,3448.02,10941.03,37684570.3581
1721749500000,2024-07-23T15:45:00+00:00,3448.02,3455,3436.83,3452.04,7355.32,25354677.4216
1721750400000,2024-07-23T16:00:00+00:00,3452.04,3461.53,3444.42,3451.14,11571.69,39954693.3443
1721751300000,2024-07-23T16:15:00+00:00,3451.14,3466.73,3448.63,3453.6,10036.72,34718104.0245
1721752200000,2024-07-23T16:30:00+00:00,3453.6,3453.88,3419.05,3420.77,20012.87,68800668.7469
1721753100000,2024-07-23T16:45:00+00:00,3420.77,3435.23,3400.79,3400.79,24825.33,84773412.7269
1721754000000,2024-07-23T17:00:00+00:00,3400.79,3415.75,3388,3412.11,32183.16,109512606.3711
1721754900000,2024-07-23T17:15:00+00:00,3412.11,3417.95,3404.93,3413.55,17788.52,60727632.2043
1721755800000,2024-07-23T17:30:00+00:00,3413.55,3421.47,3401.69,3420.79,11162.71,38075296.4862
1721756700000,2024-07-23T17:45:00+00:00,3420.79,3427.74,3413.03,3426.01,11853.38,40561954.9867
1721757600000,2024-07-23T18:00:00+00:00,3426.01,3429.04,3416.79,3418.93,11674.33,39946604.1145
1721758500000,2024-07-23T18:15:00+00:00,3418.93,3436.29,3416.8,3424.47,11315.23,38785328.336
1721759400000,2024-07-23T18:30:00+00:00,3424.47,3445.24,3424.47,3443.34,14309.1,49197017.4801
1721760300000,2024-07-23T18:45:00+00:00,3443.34,3450.42,3437.51,3443.7,11158.65,38425339.5727
1721761200000,2024-07-23T19:00:00+00:00,3443.7,3474.15,3443.05,3471.55,15125.46,52344319.0135
1721762100000,2024-07-23T19:15:00+00:00,3471.55,3495.12,3470.16,3491.99,13570.47,47278026.0067
1721763000000,2024-07-23T19:30:00+00:00,3491.99,3494.53,3469.57,3480.56,14326.87,49862917.8561
1721763900000,2024-07-23T19:45:00+00:00,3480.56,3481.92,3451.29,3455.37,14463.46,50129954.5571
1721764800000,2024-07-23T20:00:00+00:00,3455.37,3479.9,3452.92,3475.2,11044.6,38296900.2975
1721765700000,2024-07-23T20:15:00+00:00,3475.2,3479.99,3471.55,3477.68,8201.2,28506003.1473
1721766600000,2024-07-23T20:30:00+00:00,3477.68,3486.77,3474.03,3476.85,12719.25,44266758.5621
1721767500000,2024-07-23T20:45:00+00:00,3476.85,3488,3472.74,3480.03,14528.15,50574946.515
1721768400000,2024-07-23T21:00:00+00:00,3480.03,3489.14,3477.28,3482.38,12940.48,45071067.7874
1721769300000,2024-07-23T21:15:00+00:00,3482.38,3484.02,3476.01,3477.99,14118.26,49121148.4602
1721770200000,2024-07-23T21:30:00+00:00,3477.99,3479.3,3472.5,3473.46,10663.87,37066322.045
1721771100000,2024-07-23T21:45:00+00:00,3473.46,3475.14,3465.78,3465.79,11303.35,39232361.9873
1721772000000,2024-07-23T22:00:00+00:00,3465.79,3471.69,3461.18,3467.95,11869.65,41143168.5459
1721772900000,2024-07-23T22:15:00+00:00,3467.95,3468.54,3454.37,3457.48,13750.35,47559253.6733
1721773800000,2024-07-23T22:30:00+00:00,3457.48,3475.42,3457.48,3473.15,13487.1,46770963.3176
1721774700000,2024-07-23T22:45:00+00:00,3473.15,3496.44,3465.71,3481.32,14945.59,51914204.6601
1721775600000,2024-07-23T23:00:00+00:00,3481.32,3498.43,3480.89,3486.26,15962.07,55720799.1184
1721776500000,2024-07-23T23:15:00+00:00,3486.26,3486.26,3463.25,3470.44,13328.53,46280483.2122
1721777400000,2024-07-23T23:30:00+00:00,3470.44,3488.75,3469.48,3486.56,11247.88,39148322.3626
1721778300000,2024-07-23T23:45:00+00:00,3486.56,3487.99,3476.5,3479.92,14986.91,52170389.8945
1721779200000,2024-07-24T00:00:00+00:00,3479.92,3486.24,3476.29,3481.78,13134.04,45708676.3324
1721780100000,2024-07-24T00:15:00+00:00,3481.78,3482.05,3473.26,3477.45,11005.03,38270514.7104
1721781000000,2024-07-24T00:30:00+00:00,3477.45,3477.45,3464.98,3465.41,14295.2,49584550.5825
1721781900000,2024-07-24T00:45:00+00:00,3465.41,3468.34,3464.89,3465.05,11152.89,38654247.2204
1721782800000,2024-07-24T01:00:00+00:00,3465.05,3476.54,3465.05,3465.09,6037.46,20943514.2406
1721783700000,2024-07-24T01:15:00+00:00,3465.09,3473.97,3460.76,3469.11,5511.19,19117956.4975
1721784600000,2024-07-24T01:30:00+00:00,3469.11,3474.66,3451.04,3452.34,5754.57,19925295.1963
1721785500000,2024-07-24T01:45:00+00:00,3452.34,3452.34,3435.77,3441.89,10307.28,35492080.0354
1721786400000,2024-07-24T02:00:00+00:00,3441.89,3444.46,3431.51,3433.81,9516.48,32701031.6316
1721787300000,2024-07-24T02:15:00+00:00,3433.81,3433.81,3425.14,3430.7,7917.71,27151615.6147
1721788200000,2024-07-24T02:30:00+00:00,3430.7,3441,3430.34,3439.51,7929.05,27243603.4691
1721789100000,2024-07-24T02:45:00+00:00,3439.51,3449.37,3435,3447.12,8453.89,29086073.5735
1721790000000,2024-07-24T03:00:00+00:00,3447.12,3450.53,3437.7,3445,14645.05,50441740.8229
1721790900000,2024-07-24T03:15:00+00:00,3445,3446.99,3443.08,3444.33,3475.81,11976340.6786
1721791800000,2024-07-24T03:30:00+00:00,3444.33,3457.1,3442.03,3456.62,2423.83,8358606.8509
1721792700000,2024-07-24T03:45:00+00:00,3456.62,3457.66,3444.78,3446.16,4783.82,16510188.7399
1721793600000,2024-07-24T04:00:00+00:00,3446.16,3447.15,3436.39,3440.4,4913.41,16910246.5009
1721794500000,2024-07-24T04:15:00+00:00,3440.4,3441.01,3432.12,3435.54,8733.48,30006788.2455
1721795400000,2024-07-24T04:30:00+00:00,3435.54,3442.36,3431.22,3433.75,5056.08,17369011.3696
1721796300000,2024-07-24T04:45:00+00:00,3433.75,3441.36,3431.09,3438.48,3292.56,11314803.7359
1721797200000,2024-07-24T05:00:00+00:00,3438.48,3441.09,3432.4,3435.73,1284.65,4415262.8414
1721798100000,2024-07-24T05:15:00+00:00,3435.73,3435.74,3426.8,3431.35,4805.9,16485880.2216
1721799000000,2024-07-24T05:30:00+00:00,3431.35,3439.15,3431.1,3436.42,2627.2,9027385.207
1721799900000,2024-07-24T05:45:00+00:00,3436.42,3442.88,3436.41,3439.57,9739.61,33504608.5852
1721800800000,2024-07-24T06:00:00+00:00,3439.57,3440.51,3436.79,3440.27,5857.64,20150766.0583
1721801700000,2024-07-24T06:15:00+00:00,3440.27,3448.19,3439.13,3440.61,15629.11,53819950.4986
1721802600000,2024-07-24T06:30:00+00:00,3440.61,3446.03,3434.43,3436.87,3224.12,11090220.6872
1721803500000,2024-07-24T06:45:00+00:00,3436.87,3442.08,3436.4,3438.21,1028.94,3538352.2203
1721804400000,2024-07-24T07:00:00+00:00,3438.21,3441.35,3434.58,3441.15,2079.05,7146692.5355
1721805300000,2024-07-24T07:15:00+00:00,3441.15,3450.02,3439,3445.98,4670.4,16094433.4788
1721806200000,2024-07-24T07:30:00+00:00,3445.98,3447.5,3440.96,3443.93,1807.21,6223205.4868
1721807100000,2024-07-24T07:45:00+00:00,3443.93,3445.53,3441.79,3444.7,822.4,2831944.7034
1721808000000,2024-07-24T08:00:00+00:00,3444.7,3460.65,3441.02,3455.88,11824.46,40864397.2602
1721808900000,2024-07-24T08:15:00+00:00,3455.88,3459.32,3448,3449.95,6467.84,22340810.6394
1721809800000,2024-07-24T08:30:00+00:00,3449.95,3460,3449,3457.98,3565.84,12318691.771
1721810700000,2024-07-24T08:45:00+00:00,3457.98,3460.03,3455,3458.58,4155.31,14369277.5096
1721811600000,2024-07-24T09:00:00+00:00,3458.58,3459.85,3452.56,3452.56,3658.75,12646876.1663
1721812500000,2024-07-24T09:15:00+00:00,3452.56,3457.67,3450.89,3454.19,4289.62,14817221.2277
1721813400000,2024-07-24T09:30:00+00:00,3454.19,3457.69,3452.33,3453.29,3032.17,10476562.1783
1721814300000,2024-07-24T09:45:00+00:00,3453.29,3458.99,3452.81,3458.37,2333.25,8067162.3979
1721815200000,2024-07-24T10:00:00+00:00,3458.37,3464.12,3456.53,3461.51,9296.62,32180292.1331
1721816100000,2024-07-24T10:15:00+00:00,3461.51,3468.75,3459.32,3462.48,5861.38,20312228.1326
1721817000000,2024-07-24T10:30:00+00:00,3462.48,3467.02,3459.68,3466.17,4833.06,16736005.6519
1721817900000,2024-07-24T10:45:00+00:00,3466.17,3469.92,3465.78,3468.18,3151.2,10929143.9405
1721818800000,2024-07-24T11:00:00+00:00,3468.18,3469.92,3462.29,3467.81,2592.86,8986061.7334
1721819700000,2024-07-24T11:15:00+00:00,3467.81,3468.94,3460.07,3460.98,3135.26,10856590.5499
1721820600000,2024-07-24T11:30:00+00:00,3460.98,3466.56,3457.81,3460.8,6392.7,22126014.7815
1721821500000,2024-07-24T11:45:00+00:00,3460.8,3464.04,3456.5,3458,2207.33,7635480.6552
1721822400000,2024-07-24T12:00:00+00:00,3458,3463.97,3457.58,3459.14,1626.15,5627417.6293
1721823300000,2024-07-24T12:15:00+00:00,3459.14,3460.93,3452.96,3460.64,3745.33,12947808.6781
1721824200000,2024-07-24T12:30:00+00:00,3460.64,3465.7,3453.73,3453.78,16404.32,56776967.8429
1721825100000,2024-07-24T12:45:00+00:00,3453.78,3454.33,3442,3446.6,21043.51,72510754.4808
1721826000000,2024-07-24T13:00:00+00:00,3446.6,3457.19,3444.34,3454.2,8786.54,30341742.5305
1721826900000,2024-07-24T13:15:00+00:00,3454.2,3470.46,3454.19,3461.96,18060.51,62550167.3782
1721827800000,2024-07-24T13:30:00+00:00,3461.96,3468.59,3457.18,3459.99,19904.82,68932187.4447
1721828700000,2024-07-24T13:45:00+00:00,3459.99,3462.82,3435.79,3439.16,15782.72,54394544.3187
1721829600000,2024-07-24T14:00:00+00:00,3439.16,3451.59,3436.6,3444.6,11192.44,38527503.3108
1721830500000,2024-07-24T14:15:00+00:00,3444.6,3453.55,3440.55,3445.46,7459.78,25706845.6274
1721831400000,2024-07-24T14:30:00+00:00,3445.46,3457.18,3437.17,3437.54,7049.51,24311924.1947
1721832300000,2024-07-24T14:45:00+00:00,3437.54,3441.11,3427.69,3432.93,17614.77,60477577.4992
1721833200000,2024-07-24T15:00:00+00:00,3432.93,3434.82,3421.76,3429.32,16129.68,55286643.4285
1721834100000,2024-07-24T15:15:00+00:00,3429.32,3433.42,3408,3418.16,28407.52,97053211.3578
1721835000000,2024-07-24T15:30:00+00:00,3418.16,3422.15,3411.2,3412.22,13294.79,45420121.1068
1721835900000,2024-07-24T15:45:00+00:00,3412.22,3419.9,3409.39,3413.06,6191.96,21138587.2912
1721836800000,2024-07-24T16:00:00+00:00,3413.06,3418.63,3400.88,3417.99,31849.76,108512444.3287
1721837700000,2024-07-24T16:15:00+00:00,3417.99,3423.17,3410.74,3411.99,14706.21,50285892.2357
1721838600000,2024-07-24T16:30:00+00:00,3411.99,3420.78,3409.34,3417.86,4725.56,16139721.5243
1721839500000,2024-07-24T16:45:00+00:00,3417.86,3423.96,3414.06,3420.15,14188.83,48512636.1053
1721840400000,2024-07-24T17:00:00+00:00,3420.15,3423.56,3415.97,3418.76,6694.36,22886141.2614
1721841300000,2024-07-24T17:15:00+00:00,3418.76,3425.61,3414.59,3425,5879.22,20117472.2764
1721842200000,2024-07-24T17:30:00+00:00,3425,3430.61,3421.09,3428.19,4102.93,14061263.4195
1721843100000,2024-07-24T17:45:00+00:00,3428.19,3428.38,3415.79,3416.16,3666.46,12547519.9613
1721844000000,2024-07-24T18:00:00+00:00,3416.16,3418.56,3410.18,3418.24,6663.72,22755930.678
1721844900000,2024-07-24T18:15:00+00:00,3418.24,3421.43,3393.45,3399.01,24656.8,83854001.0187
1721845800000,2024-07-24T18:30:00+00:00,3399.01,3401.83,3370.12,3377.16,30088.46,101849387.9939
1721846700000,2024-07-24T18:45:00+00:00,3377.16,3386.65,3370.37,3381.11,14640.74,49472264.1579
1721847600000,2024-07-24T19:00:00+00:00,3381.11,3390.53,3377.56,3389.76,4145.7,14037523.8619
1721848500000,2024-07-24T19:15:00+00:00,3389.76,3395.15,3383,3394.75,5363.38,18173174.6708
1721849400000,2024-07-24T19:30:00+00:00,3394.75,3399.6,3385,3386.16,3401.84,11541063.4233
1721850300000,2024-07-24T19:45:00+00:00,3386.16,3386.16,3356,3361.03,43512.54,146504320.6881
1721851200000,2024-07-24T20:00:00+00:00,3361.03,3373.69,3358.59,3369.01,13999.83,47160244.4754
1721852100000,2024-07-24T20:15:00+00:00,3369.01,3375.62,3368.93,3369.38,8262.12,27854697.4764
1721853000000,2024-07-24T20:30:00+00:00,3369.38,3374.57,3367.99,3370.76,3841.72,12951185.0706
1721853900000,2024-07-24T20:45:00+00:00,3370.76,3375,3369.07,3374.34,5695.1,19205188.7036
1721854800000,2024-07-24T21:00:00+00:00,3374.34,3374.4,3288,3327.58,46651.01,155279520.4771
1721855700000,2024-07-24T21:15:00+00:00,3327.58,3347.55,3326.63,3335.58,24868.47,83057694.9829
1721856600000,2024-07-24T21:30:00+00:00,3335.58,3335.83,3305.71,3329.54,38806.11,128970721.4412
1721857500000,2024-07-24T21:45:00+00:00,3329.54,3342.34,3324.56,3333.53,17971.09,59974472.6289
1721858400000,2024-07-24T22:00:00+00:00,3333.53,3336.57,3311.43,3328.61,19623.39,65254625.6016
1721859300000,2024-07-24T22:15:00+00:00,3328.61,3335.75,3324.03,3330.2,4381.34,14591359.1758
1721860200000,2024-07-24T22:30:00+00:00,3330.2,3331.08,3321,3327.97,9879.08,32858232.2747
1721861100000,2024-07-24T22:45:00+00:00,3327.97,3334.33,3322.9,3327.16,9078.57,30215905.6456
1721862000000,2024-07-24T23:00:00+00:00,3327.16,3329.85,3309.34,3325.47,29359.28,97570598.9632
1721862900000,2024-07-24T23:15:00+00:00,3325.47,3330.18,3317.69,3324.89,2534.44,8425971.9418
1721863800000,2024-07-24T23:30:00+00:00,3324.89,3332.32,3323.15,3329.42,5161.06,17178255.089
1721864700000,2024-07-24T23:45:00+00:00,3329.42,3337.06,3329.13,3333.89,6827.01,22763215.304
1721865600000,2024-07-25T00:00:00+00:00,3333.89,3336.3,3327.8,3335,5528.03,18425855.1874
1721866500000,2024-07-25T00:15:00+00:00,3335,3340.7,3331.8,3335.42,4414.54,14730633.7816
1721867400000,2024-07-25T00:30:00+00:00,3335.42,3335.6,3324.63,3331.59,8861.54,29517599.7458
1721868300000,2024-07-25T00:45:00+00:00,3331.59,3335.32,3318.83,3322.59,8603.1,28617697.441
1721869200000,2024-07-25T01:00:00+00:00,3322.59,3322.59,3206.92,3227.22,144124.82,469252993.8717
1721870100000,2024-07-25T01:15:00+00:00,3227.22,3252.23,3183.47,3217.61,127533.77,410375628.0427
1721871000000,2024-07-25T01:30:00+00:00,3217.61,3217.82,3182.11,3198.47,39304.55,125821242.691
1721871900000,2024-07-25T01:45:00+00:00,3198.47,3213.21,3188.8,3212.26,51084.2,163512836.1162
1721872800000,2024-07-25T02:00:00+00:00,3212.26,3212.26,3199.07,3200.01,11380.09,36459406.1972
1721873700000,2024-07-25T02:15:00+00:00,3200.01,3203.17,3149.86,3173.49,56308.78,178694067.6443
1721874600000,2024-07-25T02:30:00+00:00,3173.49,3183.2,3162.68,3169.3,16819.7,53377718.8471
1721875500000,2024-07-25T02:45:00+00:00,3169.3,3182.8,3154.91,3181.35,19948.9,63233595.4861
1721876400000,2024-07-25T03:00:00+00:00,3181.35,3182,3165,3165.89,12586.28,39950106.3844
1721877300000,2024-07-25T03:15:00+00:00,3165.89,3176.31,3161.2,3174.98,8662.59,27439908.321
1721878200000,2024-07-25T03:30:00+00:00,3174.98,3177.69,3152.33,3161.74,16328.75,51616189.3577
1721879100000,2024-07-25T03:45:00+00:00,3161.74,3169.2,3155.01,3165.63,6925.47,21908792.7353
1721880000000,2024-07-25T04:00:00+00:00,3165.63,3165.63,3127.01,3160.46,33243.4,104744391.9961
1721880900000,2024-07-25T04:15:00+00:00,3160.46,3170.13,3156.89,3161.39,8520.63,26968896.1192
1721881800000,2024-07-25T04:30:00+00:00,3161.39,3175.16,3155.9,3172.6,12556.4,39742356.2051
1721882700000,2024-07-25T04:45:00+00:00,3172.6,3187,3171.39,3181,18695.17,59468256.6293
1721883600000,2024-07-25T05:00:00+00:00,3181,3187.87,3172.26,3181.37,20269.25,64518439.5708
1721884500000,2024-07-25T05:15:00+00:00,3181.37,3185.63,3176.54,3181.37,6436.83,20466547.5474
1721885400000,2024-07-25T05:30:00+00:00,3181.37,3192.29,3181,3186.1,5596.5,17840878.2271
1721886300000,2024-07-25T05:45:00+00:00,3186.1,3189.95,3180,3180.61,4432.07,14109909.0794
1721887200000,2024-07-25T06:00:00+00:00,3180.61,3180.88,3161.08,3168.01,13394.79,42474317.8022
1721888100000,2024-07-25T06:15:00+00:00,3168.01,3177.07,3165.07,3175.08,6215.57,19715024.5942
1721889000000,2024-07-25T06:30:00+00:00,3175.08,3182.93,3171.91,3180.9,8645.89,27472815.3115
1721889900000,2024-07-25T06:45:00+00:00,3180.9,3183.23,3167.47,3168.78,7201.02,22855468.5762
1721890800000,2024-07-25T07:00:00+00:00,3168.78,3172.65,3158.56,3172.19,14364.89,45479663.4724
1721891700000,2024-07-25T07:15:00+00:00,3172.19,3177.87,3166.94,3172.26,14059.9,44606700.1644
1721892600000,2024-07-25T07:30:00+00:00,3172.26,3181.85,3169.66,3171.89,22106.23,70253446.7573
1721893500000,2024-07-25T07:45:00+00:00,3171.89,3172.71,3167.34,3168.94,3617.31,11467637.5698
1721894400000,2024-07-25T08:00:00+00:00,3168.94,3175,3159.51,3173.62,15521.55,49137704.4048
1721895300000,2024-07-25T08:15:00+00:00,3173.62,3173.7,3150.16,3160.54,20003.88,63260429.5991
1721896200000,2024-07-25T08:30:00+00:00,3160.54,3168.2,3154.28,3168.2,8119.11,25669768.8069
1721897100000,2024-07-25T08:45:00+00:00,3168.2,3177.5,3165.89,3174.01,21646.84,68693395.6781
1721898000000,2024-07-25T09:00:00+00:00,3174.01,3179.21,3169.3,3178.81,4359.74,13847850.2265
1721898900000,2024-07-25T09:15:00+00:00,3178.81,3184.21,3171.61,3182.68,6869.12,21821031.6081
1721899800000,2024-07-25T09:30:00+00:00,3182.68,3185.97,3174.52,3174.97,14635.45,46564996.6115
1721900700000,2024-07-25T09:45:00+00:00,3174.97,3175.13,3167.34,3173.22,4837.19,15343606.2655
1721901600000,2024-07-25T10:00:00+00:00,3173.22,3174.28,3161.68,3162.97,8939.85,28302097.303
1721902500000,2024-07-25T10:15:00+00:00,3162.97,3165.71,3153.44,3158.5,11158.47,35266357.8187
1721903400000,2024-07-25T10:30:00+00:00,3158.5,3165.08,3153.23,3157.43,6391.46,20188839.5677
1721904300000,2024-07-25T10:45:00+00:00,3157.43,3168.54,3156.68,3167.44,6158.86,19499039.5198
1721905200000,2024-07-25T11:00:00+00:00,3167.44,3176.39,3166.67,3175.49,8631.99,27391651.2831
1721906100000,2024-07-25T11:15:00+00:00,3175.49,3177.54,3169.1,3177.21,8682,27547492.8931
1721907000000,2024-07-25T11:30:00+00:00,3177.21,3180.24,3166.89,3168.37,5009.36,15896363.0287
1721907900000,2024-07-25T11:45:00+00:00,3168.37,3175.4,3167.49,3170.1,2836.18,8998526.9365
1721908800000,2024-07-25T12:00:00+00:00,3170.1,3181.81,3166.16,3177.62,6357.06,20194122.2098
1721909700000,2024-07-25T12:15:00+00:00,3177.62,3178.31,3162.34,3166.45,5244.94,16636936.204
1721910600000,2024-07-25T12:30:00+00:00,3166.45,3178.01,3139.18,3142,46821.03,147668886.5289
1721911500000,2024-07-25T12:45:00+00:00,3142,3149.38,3140.37,3149.37,13432.9,42253323.3843
1721912400000,2024-07-25T13:00:00+00:00,3149.37,3149.37,3127.64,3136.43,27662.62,86837079.996
1721913300000,2024-07-25T13:15:00+00:00,3136.43,3156.01,3136.23,3153.91,14404.91,45332809.6785
1721914200000,2024-07-25T13:30:00+00:00,3153.91,3163.7,3138.5,3159.68,23867.67,75246999.8457
1721915100000,2024-07-25T13:45:00+00:00,3159.68,3166,3142.18,3152.86,11908.4,37546935.4797
1721916000000,2024-07-25T14:00:00+00:00,3152.86,3152.86,3103.41,3121.86,44132.72,137800520.4753
1721916900000,2024-07-25T14:15:00+00:00,3121.86,3162,3116.7,3159.82,22297.75,69971480.8595
1721917800000,2024-07-25T14:30:00+00:00,3159.82,3174,3147.82,3170.44,34602.92,109504649.3034
1721918700000,2024-07-25T14:45:00+00:00,3170.44,3175,3163.22,3169.7,12746.09,40386312.3762
1721919600000,2024-07-25T15:00:00+00:00,3169.7,3173.03,3151.49,3165.23,9499.7,30036832.1522
1721920500000,2024-07-25T15:15:00+00:00,3165.23,3166.2,3137.04,3138.35,15022.26,47271774.0112
1721921400000,2024-07-25T15:30:00+00:00,3138.35,3148.31,3130.6,3134.02,11541.85,36220226.3814
1721922300000,2024-07-25T15:45:00+00:00,3134.02,3142.32,3130.71,3140.04,6594.69,20680311.7432
1721923200000,2024-07-25T16:00:00+00:00,3140.04,3148.07,3130.67,3144.42,12067.05,37903789.8431
1721924100000,2024-07-25T16:15:00+00:00,3144.42,3157.64,3138.84,3156.9,19248.75,60712598.9604
1721925000000,2024-07-25T16:30:00+00:00,3156.9,3171.23,3152.34,3157.92,17363.76,54897982.3403
1721925900000,2024-07-25T16:45:00+00:00,3157.92,3160.59,3149.59,3152.75,5414.81,17082322.9121
1721926800000,2024-07-25T17:00:00+00:00,3152.75,3166.18,3150.52,3160.39,5704.76,18030386.9939
1721927700000,2024-07-25T17:15:00+00:00,3160.39,3169.34,3159.79,3164.17,3481.61,11018486.5409
1721928600000,2024-07-25T17:30:00+00:00,3164.17,3168.34,3156.89,3164.58,4702.21,14871614.4007
1721929500000,2024-07-25T17:45:00+00:00,3164.58,3165.9,3154.6,3164.58,6777.56,21415297.9024
1721930400000,2024-07-25T18:00:00+00:00,3164.58,3169.04,3155.25,3160.21,10305.06,32588039.1785
1721931300000,2024-07-25T18:15:00+00:00,3160.21,3164.32,3140.09,3142.92,8943.35,28152440.9809
1721932200000,2024-07-25T18:30:00+00:00,3142.92,3146.97,3125.47,3127.17,10591.02,33198300.0578
1721933100000,2024-07-25T18:45:00+00:00,3127.17,3131.09,3099,3113.45,33819.76,105308166.111
1721934000000,2024-07-25T19:00:00+00:00,3113.45,3120.05,3099,3116.11,17079.1,53085127.5064
1721934900000,2024-07-25T19:15:00+00:00,3116.11,3137.69,3115.63,3130.75,11194.53,35000111.4066
1721935800000,2024-07-25T19:30:00+00:00,3130.75,3133.41,3111.04,3125.67,10592.72,33059518.9231
1721936700000,2024-07-25T19:45:00+00:00,3125.67,3125.67,3105.19,3121.68,12471.03,38833915.3846
1721937600000,2024-07-25T20:00:00+00:00,3121.68,3123.26,3084.81,3099.82,38452.91,119145439.9482
1721938500000,2024-07-25T20:15:00+00:00,3099.82,3116.03,3094.13,3115.62,17258.22,53575183.1019
1721939400000,2024-07-25T20:30:00+00:00,3115.62,3126.46,3106.67,3125.81,16744.84,52254183.1285
1721940300000,2024-07-25T20:45:00+00:00,3125.81,3154,3124.9,3152.63,24068.32,75557164.9374
1721941200000,2024-07-25T21:00:00+00:00,3152.63,3163.11,3147.79,3162.9,16091.88,50770015.7591
1721942100000,2024-07-25T21:15:00+00:00,3162.9,3196.56,3158.54,3175.31,36589.44,116406564.4013
1721943000000,2024-07-25T21:30:00+00:00,3175.31,3180.21,3159.45,3169.35,23566.3,74743780.3354
1721943900000,2024-07-25T21:45:00+00:00,3169.35,3184.06,3169.35,3175.29,21260.88,67546180.4762
1721944800000,2024-07-25T22:00:00+00:00,3175.29,3185,3171.14,3171.14,10054.44,31946934.6385
1721945700000,2024-07-25T22:15:00+00:00,3171.14,3172.9,3160.44,3170.63,27652.52,87577444.7962
1721946600000,2024-07-25T22:30:00+00:00,3170.63,3176.59,3167.35,3167.35,7501.64,23786154.5502
1721947500000,2024-07-25T22:45:00+00:00,3167.35,3171.42,3162,3163.49,3580.23,11332673.561
1721948400000,2024-07-25T23:00:00+00:00,3163.49,3170.96,3161.74,3170.58,3701,11722336.3534
1721949300000,2024-07-25T23:15:00+00:00,3170.58,3175.6,3166.69,3169.82,1964.36,6229242.507
1721950200000,2024-07-25T23:30:00+00:00,3169.82,3178,3168.17,3172.94,5920.32,18800347.4998
1721951100000,2024-07-25T23:45:00+00:00,3172.94,3176.05,3169.55,3173.22,1774.49,5631088.5164
1721952000000,2024-07-26T00:00:00+00:00,3173.22,3188.36,3168.44,3187.03,6437.4,20496501.2524
1721952900000,2024-07-26T00:15:00+00:00,3187.03,3188.03,3175.44,3176.39,9436.56,30035176.6799
1721953800000,2024-07-26T00:30:00+00:00,3176.39,3187.99,3170.2,3187.45,9901.89,31468288.3177
1721954700000,2024-07-26T00:45:00+00:00,3187.45,3196.21,3180.95,3191.2,8807.67,28093629.9966
1721955600000,2024-07-26T01:00:00+00:00,3191.2,3206.63,3185.5,3189.58,17806.58,56956947.5317
1721956500000,2024-07-26T01:15:00+00:00,3189.58,3190.96,3174.77,3178.41,13948.12,44363323.4899
1721957400000,2024-07-26T01:30:00+00:00,3178.41,3186.3,3173.17,3186.3,6481.4,20602887.077
1721958300000,2024-07-26T01:45:00+00:00,3186.3,3187.47,3178.74,3183.07,4588.3,14605624.7561
1721959200000,2024-07-26T02:00:00+00:00,3183.07,3193.6,3183.07,3191.45,4434.82,14147628.8949
1721960100000,2024-07-26T02:15:00+00:00,3191.45,3230,3190.89,3226.19,33401.77,107586334.4436
1721961000000,2024-07-26T02:30:00+00:00,3226.19,3233.64,3216.15,3229.36,19677.33,63489027.4154
1721961900000,2024-07-26T02:45:00+00:00,3229.36,3251.39,3225.87,3243,14478.14,46914357.1954
1721962800000,2024-07-26T03:00:00+00:00,3243,3257.94,3237.25,3248.38,20765.02,67434964.7164
1721963700000,2024-07-26T03:15:00+00:00,3248.38,3255,3238.11,3244.41,7478.58,24277719.5173
1721964600000,2024-07-26T03:30:00+00:00,3244.41,3244.41,3233.49,3236.79,11741.09,38015420.9265
1721965500000,2024-07-26T03:45:00+00:00,3236.79,3238.73,3231.86,3234.32,5431.33,17568514.0993
1721966400000,2024-07-26T04:00:00+00:00,3234.32,3249.53,3231.1,3240.25,23995.82,77851928.3581
1721967300000,2024-07-26T04:15:00+00:00,3240.25,3248.05,3239.25,3245,4805.04,15588623.9433
1721968200000,2024-07-26T04:30:00+00:00,3245,3251.7,3244.22,3250.24,4146.43,13469840.1052
1721969100000,2024-07-26T04:45:00+00:00,3250.24,3253.19,3245.49,3251.99,3786.22,12304334.4547
1721970000000,2024-07-26T05:00:00+00:00,3251.99,3253.48,3242.29,3244.86,4032.97,13097748.0971
1721970900000,2024-07-26T05:15:00+00:00,3244.86,3252.49,3243.86,3252.49,3056.92,9927994.5588
1721971800000,2024-07-26T05:30:00+00:00,3252.49,3261.38,3251.29,3252.92,8929.86,29081743.8126
1721972700000,2024-07-26T05:45:00+00:00,3252.92,3268.04,3252.33,3267.42,12611.87,41149100.1533
1721973600000,2024-07-26T06:00:00+00:00,3267.42,3270.59,3261.01,3270.58,6939.19,22661449.2432
1721974500000,2024-07-26T06:15:00+00:00,3270.58,3270.75,3260.86,3262.36,6964.83,22744762.3005
1721975400000,2024-07-26T06:30:00+00:00,3262.36,3274.18,3258.41,3268.01,9056.43,29574394.3068
1721976300000,2024-07-26T06:45:00+00:00,3268.01,3269.43,3263.06,3264.23,2863.16,9349731.6766
1721977200000,2024-07-26T07:00:00+00:00,3264.23,3268.39,3258.2,3268,6091.23,19867704.4893
1721978100000,2024-07-26T07:15:00+00:00,3268,3274,3263.85,3265.01,8998.81,29411988.4171
1721979000000,2024-07-26T07:30:00+00:00,3265.01,3265.01,3252.32,3253.67,9893.23,32231232.3118
1721979900000,2024-07-26T07:45:00+00:00,3253.67,3256.71,3245.15,3248.65,9190.34,29869706.975
1721980800000,2024-07-26T08:00:00+00:00,3248.65,3256.44,3247.88,3253.65,6746.06,21945535.3717
1721981700000,2024-07-26T08:15:00+00:00,3253.65,3257.63,3250.27,3250.65,2500.25,8135321.2466
1721982600000,2024-07-26T08:30:00+00:00,3250.65,3255.67,3250.09,3253.54,3807.12,12388693.0886
1721983500000,2024-07-26T08:45:00+00:00,3253.54,3255.79,3249.29,3251.8,3664.55,11915507.8046
1721984400000,2024-07-26T09:00:00+00:00,3251.8,3255,3248.86,3254.55,1685.61,5479530.674
1721985300000,2024-07-26T09:15:00+00:00,3254.55,3261.21,3254,3258,8665.28,28232193.4978
1721986200000,2024-07-26T09:30:00+00:00,3258,3258.3,3251.21,3256.15,2286.11,7441981.63
1721987100000,2024-07-26T09:45:00+00:00,3256.15,3262,3248.96,3248.96,9126.37,29732631.5186
1721988000000,2024-07-26T10:00:00+00:00,3248.96,3252.66,3243.05,3247.76,7034.42,22853210.9641
1721988900000,2024-07-26T10:15:00+00:00,3247.76,3248.8,3236.85,3245.7,16513.88,53547559.5158
1721989800000,2024-07-26T10:30:00+00:00,3245.7,3248.6,3236.38,3237.69,4065.08,13184425.1185
1721990700000,2024-07-26T10:45:00+00:00,3237.69,3244.82,3237.35,3243.79,6460.61,20929783.0777
1721991600000,2024-07-26T11:00:00+00:00,3243.79,3245.66,3234,3235.9,9030.81,29249807.0392
1721992500000,2024-07-26T11:15:00+00:00,3235.9,3240.2,3235.01,3239.2,3769.45,12204763.4408
1721993400000,2024-07-26T11:30:00+00:00,3239.2,3247.01,3239.09,3241.5,3868.58,12547552.5318
1721994300000,2024-07-26T11:45:00+00:00,3241.5,3246.99,3239.08,3246.49,2050.36,6650835.1436
1721995200000,2024-07-26T12:00:00+00:00,3246.49,3249.43,3244.8,3247.81,2615.59,8492716.6961
1721996100000,2024-07-26T12:15:00+00:00,3247.81,3251.88,3240.93,3249.89,2362.97,7671740.8691
1721997000000,2024-07-26T12:30:00+00:00,3249.89,3253.2,3235.44,3235.44,7494.75,24299056.7982
1721997900000,2024-07-26T12:45:00+00:00,3235.44,3240.41,3227.63,3240.41,11621.32,37598508.5814
1721998800000,2024-07-26T13:00:00+00:00,3240.41,3242.93,3227.88,3230.2,6320.83,20440431.4501
1721999700000,2024-07-26T13:15:00+00:00,3230.2,3240.12,3228.18,3239.8,6734.7,21786424.0208
1722000600000,2024-07-26T13:30:00+00:00,3239.8,3252.45,3230.38,3240.86,15711.62,50929482.5901
1722001500000,2024-07-26T13:45:00+00:00,3240.86,3250.77,3233.19,3247.07,10451.59,33893932.603
1722002400000,2024-07-26T14:00:00+00:00,3247.07,3265.71,3243.55,3261.88,28563.99,92920506.3339
1722003300000,2024-07-26T14:15:00+00:00,3261.88,3269.74,3235.02,3240,25029.58,81427563.913
1722004200000,2024-07-26T14:30:00+00:00,3240,3240.27,3220,3228.92,30518.5,98488261.8706
1722005100000,2024-07-26T14:45:00+00:00,3228.92,3240,3221.86,3238.67,6342.29,20483956.6132
1722006000000,2024-07-26T15:00:00+00:00,3238.67,3250.75,3236.35,3249.82,12476.85,40503958.8596
1722006900000,2024-07-26T15:15:00+00:00,3249.82,3262.46,3246.19,3253,12604.82,41034262.4875
1722007800000,2024-07-26T15:30:00+00:00,3253,3256.3,3245.13,3245.81,3941.45,12812307.8538
1722008700000,2024-07-26T15:45:00+00:00,3245.81,3253.98,3242.91,3252.68,2237.7,7269814.9743
1722009600000,2024-07-26T16:00:00+00:00,3252.68,3257.85,3249.51,3249.81,7301.27,23750707.2355
1722010500000,2024-07-26T16:15:00+00:00,3249.81,3261.41,3249.26,3259.28,3499.82,11395080.2881
1722011400000,2024-07-26T16:30:00+00:00,3259.28,3261.21,3249.79,3252.15,3932.51,12800270.091
1722012300000,2024-07-26T16:45:00+00:00,3252.15,3253.63,3241.08,3244.22,5137.6,16671228.3387
1722013200000,2024-07-26T17:00:00+00:00,3244.22,3244.49,3240.13,3243.66,8834.55,28646040.7523
1722014100000,2024-07-26T17:15:00+00:00,3243.66,3250.84,3243,3250.45,2441.56,7927123.8569
1722015000000,2024-07-26T17:30:00+00:00,3250.45,3252.75,3241,3243.96,6024.67,19556031.9531
1722015900000,2024-07-26T17:45:00+00:00,3243.96,3247.6,3240.67,3244.99,3948.74,12806965.382
1722016800000,2024-07-26T18:00:00+00:00,3244.99,3258,3244.4,3253.7,3764.23,12247239.6037
1722017700000,2024-07-26T18:15:00+00:00,3253.7,3256.28,3247.96,3249.21,3687.7,11988644.2865
1722018600000,2024-07-26T18:30:00+00:00,3249.21,3260.83,3247.49,3260.08,4680.42,15220684.4375
1722019500000,2024-07-26T18:45:00+00:00,3260.08,3260.08,3254.53,3258.27,3286.51,10704816.7981
1722020400000,2024-07-26T19:00:00+00:00,3258.27,3268,3256.95,3266.9,12932.08,42221577.4033
1722021300000,2024-07-26T19:15:00+00:00,3266.9,3272.5,3263.41,3268.2,6861.76,22423419.4668
1722022200000,2024-07-26T19:30:00+00:00,3268.2,3281.21,3261.73,3277.38,18472.58,60511846.8953
1722023100000,2024-07-26T19:45:00+00:00,3277.38,3283.42,3268.49,3271.77,10106.2,33098711.4916
1722024000000,2024-07-26T20:00:00+00:00,3271.77,3272.8,3256.46,3256.98,4751.8,15505157.3399
1722024900000,2024-07-26T20:15:00+00:00,3256.98,3264.78,3256.14,3262.02,3070.27,10011238.0682
1722025800000,2024-07-26T20:30:00+00:00,3262.02,3264.59,3249.92,3250.35,8695.02,28315818.1076
1722026700000,2024-07-26T20:45:00+00:00,3250.35,3255,3249.33,3252.25,2227.37,7242890.7991
1722027600000,2024-07-26T21:00:00+00:00,3252.25,3260.04,3250,3258.63,1817.43,5917798.5477
1722028500000,2024-07-26T21:15:00+00:00,3258.63,3269.74,3258.37,3264.65,5447.09,17780326.1549
1722029400000,2024-07-26T21:30:00+00:00,3264.65,3267.65,3260.6,3264.43,2255.21,7359534.7955
1722030300000,2024-07-26T21:45:00+00:00,3264.43,3271.32,3260.12,3261.47,2921.97,9540400.8435
1722031200000,2024-07-26T22:00:00+00:00,3261.47,3267.29,3260.05,3267.29,4854.89,15846278.7437
1722032100000,2024-07-26T22:15:00+00:00,3267.29,3275.17,3265.99,3275.07,2757.36,9024857.0009
1722033000000,2024-07-26T22:30:00+00:00,3275.07,3282.19,3270.66,3282.18,4239.95,13896153.4999
1722033900000,2024-07-26T22:45:00+00:00,3282.18,3283.66,3275.16,3276.71,7978.94,26159820.2446
1722034800000,2024-07-26T23:00:00+00:00,3276.71,3283.1,3275.04,3280.94,3739.63,12257189.6598
1722035700000,2024-07-26T23:15:00+00:00,3280.94,3283.26,3278,3279.11,2036.84,6682017.2915
1722036600000,2024-07-26T23:30:00+00:00,3279.11,3279.19,3274.51,3275.02,885.5,2901101.2992
1722037500000,2024-07-26T23:45:00+00:00,3275.02,3277.14,3271.59,3272.19,1232.57,4035850.0125
1722038400000,2024-07-27T00:00:00+00:00,3272.19,3272.65,3264.1,3267.23,15474.14,50541758.279
1722039300000,2024-07-27T00:15:00+00:00,3267.23,3269.54,3261.84,3264.79,2201.85,7187529.5502
1722040200000,2024-07-27T00:30:00+00:00,3264.79,3264.79,3260.03,3260.54,7139.31,23288659.9837
1722041100000,2024-07-27T00:45:00+00:00,3260.54,3262.94,3255.45,3257.18,3196.01,10417846.7984
1722042000000,2024-07-27T01:00:00+00:00,3257.18,3257.23,3248.59,3252.41,6235.64,20277336.871
1722042900000,2024-07-27T01:15:00+00:00,3252.41,3258.39,3250.59,3258.38,3113.47,10130460.4681
1722043800000,2024-07-27T01:30:00+00:00,3258.38,3260.34,3253.14,3253.15,5354.6,17442924.6566
1722044700000,2024-07-27T01:45:00+00:00,3253.15,3255,3242.71,3244.27,10734.79,34848139.3382
1722045600000,2024-07-27T02:00:00+00:00,3244.27,3246.06,3241.67,3245.95,3713.8,12047934.0678
1722046500000,2024-07-27T02:15:00+00:00,3245.95,3252.54,3242.65,3249.09,2601.12,8447464.7847
1722047400000,2024-07-27T02:30:00+00:00,3249.09,3253.01,3247.03,3251.68,2349.17,7634800.947
1722048300000,2024-07-27T02:45:00+00:00,3251.68,3258.21,3249.63,3256.51,3273.97,10653372.5489
1722049200000,2024-07-27T03:00:00+00:00,3256.51,3258.01,3244.27,3247.95,2665.59,8664560.8132
1722050100000,2024-07-27T03:15:00+00:00,3247.95,3248.47,3241.43,3244.63,3400.08,11026995.396
1722051000000,2024-07-27T03:30:00+00:00,3244.63,3249.5,3242.17,3245.8,2261.75,7340201.826
1722051900000,2024-07-27T03:45:00+00:00,3245.8,3248.92,3242.85,3242.85,2217.02,7193893.914
1722052800000,2024-07-27T04:00:00+00:00,3242.85,3248.66,3242.22,3248.65,2087.18,6773840.5503
1722053700000,2024-07-27T04:15:00+00:00,3248.65,3250.86,3246.66,3249.26,1254.32,4074657.8562
1722054600000,2024-07-27T04:30:00+00:00,3249.26,3251.74,3248.2,3251.09,1359.14,4418094.8346
1722055500000,2024-07-27T04:45:00+00:00,3251.09,3255.5,3251.09,3251.85,2777.99,9037729.8638
1722056400000,2024-07-27T05:00:00+00:00,3251.85,3256.7,3251,3255.17,1784.61,5808293.3026
1722057300000,2024-07-27T05:15:00+00:00,3255.17,3257.7,3254.51,3256.39,991.38,3228160.6206
1722058200000,2024-07-27T05:30:00+00:00,3256.39,3258.6,3252.58,3253.51,3650.55,11883033.4949
1722059100000,2024-07-27T05:45:00+00:00,3253.51,3253.54,3250.02,3252.6,1160.72,3774047.9486
1722060000000,2024-07-27T06:00:00+00:00,3252.6,3257.87,3251.85,3256.47,1911.26,6222565.0563
1722060900000,2024-07-27T06:15:00+00:00,3256.47,3257.58,3254.51,3257.47,787.76,2565313.6862
1722061800000,2024-07-27T06:30:00+00:00,3257.47,3263.53,3254.96,3259.87,2319.76,7559829.6618
1722062700000,2024-07-27T06:45:00+00:00,3259.87,3268.14,3259.74,3268.14,3147.84,10273486.327
1722063600000,2024-07-27T07:00:00+00:00,3268.14,3271.09,3265.49,3266.85,5184.67,16944251.2266
1722064500000,2024-07-27T07:15:00+00:00,3266.85,3272.68,3260.83,3271,4748.31,15510837.1537
1722065400000,2024-07-27T07:30:00+00:00,3271,3276.2,3270.53,3273.77,6359.22,20816118.4632
1722066300000,2024-07-27T07:45:00+00:00,3273.77,3274.12,3269.66,3270.49,2633.72,8617030.0261
1722067200000,2024-07-27T08:00:00+00:00,3270.49,3280.23,3269.51,3278.52,11146.15,36531231.1709
1722068100000,2024-07-27T08:15:00+00:00,3278.52,3278.84,3271.14,3273.22,3994.44,13078638.6795
1722069000000,2024-07-27T08:30:00+00:00,3273.22,3275.15,3263.42,3267.78,7682.9,25105517.4733
1722069900000,2024-07-27T08:45:00+00:00,3267.78,3269.85,3263,3266.43,2667.66,8710106.1511
1722070800000,2024-07-27T09:00:00+00:00,3266.43,3271.99,3262.46,3271.65,2808.55,9174431.4818
1722071700000,2024-07-27T09:15:00+00:00,3271.65,3278.2,3267.87,3277.14,5713.73,18695423.9355
1722072600000,2024-07-27T09:30:00+00:00,3277.14,3277.14,3271.24,3272.98,1536.92,5030810.1277
1722073500000,2024-07-27T09:45:00+00:00,3272.98,3277.09,3270.85,3274.67,1252.78,4103025.3955
1722074400000,2024-07-27T10:00:00+00:00,3274.67,3277.94,3271.35,3277.53,1925.1,6305371.1348
1722075300000,2024-07-27T10:15:00+00:00,3277.53,3277.89,3270.3,3274.14,1044.28,3419111.8101
1722076200000,2024-07-27T10:30:00+00:00,3274.14,3275.33,3268.86,3270.75,1133.7,3709487.0053
1722077100000,2024-07-27T10:45:00+00:00,3270.75,3273.3,3268.45,3269.84,1003.81,3283167.4976
1722078000000,2024-07-27T11:00:00+00:00,3269.84,3270.18,3261.85,3265.39,3868.89,12632412.0601
1722078900000,2024-07-27T11:15:00+00:00,3265.39,3270.02,3263.49,3268,1758.21,5743804.3107
1722079800000,2024-07-27T11:30:00+00:00,3268,3275.32,3268,3273.51,4605.87,15068440.1176
1722080700000,2024-07-27T11:45:00+00:00,3273.51,3277,3271.42,3276.19,2337.75,7657674.8773
1722081600000,2024-07-27T12:00:00+00:00,3276.19,3296,3275.85,3292.18,21897.21,72025405.1339
1722082500000,2024-07-27T12:15:00+00:00,3292.18,3293.77,3283.1,3284.48,6961,22886142.9297
1722083400000,2024-07-27T12:30:00+00:00,3284.48,3290.74,3284.3,3287.97,5539.12,18206999.9755
1722084300000,2024-07-27T12:45:00+00:00,3287.97,3289.98,3284,3285.99,3860.33,12692460.4308
1722085200000,2024-07-27T13:00:00+00:00,3285.99,3314.76,3285.75,3314.24,26192.83,86401618.4316
1722086100000,2024-07-27T13:15:00+00:00,3314.24,3315.91,3302.6,3306.01,19393.69,64188256.1278
1722087000000,2024-07-27T13:30:00+00:00,3306.01,3315,3300.34,3314.83,14443.04,47754378.8284
1722087900000,2024-07-27T13:45:00+00:00,3314.83,3325.17,3311.05,3315.38,19410.79,64431848.428
1722088800000,2024-07-27T14:00:00+00:00,3315.38,3321.99,3304.29,3306.92,9618.09,31846659.4874
1722089700000,2024-07-27T14:15:00+00:00,3306.92,3309.31,3289.23,3297.99,10434.8,34412208.1985
1722090600000,2024-07-27T14:30:00+00:00,3297.99,3308.8,3294.38,3305.39,6927.89,22882431.3894
1722091500000,2024-07-27T14:45:00+00:00,3305.39,3309.45,3296.71,3309.07,9487.61,31321696.0865
1722092400000,2024-07-27T15:00:00+00:00,3309.07,3313.08,3289,3291.46,17814.08,58778341.1055
1722093300000,2024-07-27T15:15:00+00:00,3291.46,3297.95,3286.21,3286.24,8594.64,28298570.8118
1722094200000,2024-07-27T15:30:00+00:00,3286.24,3291.01,3276.87,3282.3,16589.71,54469034.2867
1722095100000,2024-07-27T15:45:00+00:00,3282.3,3282.53,3269,3279.19,15288.89,50068584.5236
1722096000000,2024-07-27T16:00:00+00:00,3279.19,3287.12,3267.02,3268.64,20997.04,68777221.0828
1722096900000,2024-07-27T16:15:00+00:00,3268.64,3283.53,3268.64,3283.53,12547.29,41109160.1098
1722097800000,2024-07-27T16:30:00+00:00,3283.53,3289.41,3283.15,3284.19,5423.06,17819108.6052
1722098700000,2024-07-27T16:45:00+00:00,3284.19,3285.36,3268.93,3270,8819.23,28869283.4485
1722099600000,2024-07-27T17:00:00+00:00,3270,3271.69,3264.76,3266.26,6457.88,21104657.4083
1722100500000,2024-07-27T17:15:00+00:00,3266.26,3272.12,3253.85,3269.6,22807.9,74388343.2053
1722101400000,2024-07-27T17:30:00+00:00,3269.6,3270.08,3258.87,3260.01,5470.9,17855409.1409
1722102300000,2024-07-27T17:45:00+00:00,3260.01,3267.54,3254.31,3258.46,8700.93,28359710.9226
1722103200000,2024-07-27T18:00:00+00:00,3258.46,3265.19,3256.68,3262.04,2558.13,8344663.5804
1722104100000,2024-07-27T18:15:00+00:00,3262.04,3271.83,3261.45,3270,5945.13,19432237.9626
1722105000000,2024-07-27T18:30:00+00:00,3270,3271.34,3263.5,3268.98,4260.95,13920533.5802
1722105900000,2024-07-27T18:45:00+00:00,3268.98,3268.98,3243.07,3249.01,20949.9,68135616.322
1722106800000,2024-07-27T19:00:00+00:00,3249.01,3249.01,3228.53,3240.35,32395.29,104827689.1931
1722107700000,2024-07-27T19:15:00+00:00,3240.35,3249.51,3237.39,3246.81,6177.45,20033496.8349
1722108600000,2024-07-27T19:30:00+00:00,3246.81,3257.3,3230.38,3242.47,33779.67,109440256.7367
1722109500000,2024-07-27T19:45:00+00:00,3242.47,3260.82,3241.44,3259.25,5746.91,18689658.5838
1722110400000,2024-07-27T20:00:00+00:00,3259.25,3260.63,3229.2,3232.66,18871.18,61284789.8402
1722111300000,2024-07-27T20:15:00+00:00,3232.66,3245.45,3188.22,3227.33,68086.3,218839241.282
1722112200000,2024-07-27T20:30:00+00:00,3227.33,3232.73,3214.89,3232.72,12162.12,39211346.5395
1722113100000,2024-07-27T20:45:00+00:00,3232.72,3256.84,3213.51,3240.82,32484.45,105239368.3136
1722114000000,2024-07-27T21:00:00+00:00,3240.82,3283.32,3231.66,3279.56,25159.05,82118542.2368
1722114900000,2024-07-27T21:15:00+00:00,3279.56,3292.09,3265.89,3285.92,18090.41,59316246.0437
1722115800000,2024-07-27T21:30:00+00:00,3285.92,3288.39,3279.49,3283.84,10945.74,35961156.0206
1722116700000,2024-07-27T21:45:00+00:00,3283.84,3284.5,3271,3281.99,5051.68,16560702.1133
1722117600000,2024-07-27T22:00:00+00:00,3281.99,3282.21,3274.02,3280.16,2896.74,9491468.3935
1722118500000,2024-07-27T22:15:00+00:00,3280.16,3287.2,3280,3280,2478.74,8139393.5626
1722119400000,2024-07-27T22:30:00+00:00,3280,3282.53,3275.11,3281.28,1359.33,4459318.7452
1722120300000,2024-07-27T22:45:00+00:00,3281.28,3281.35,3272.41,3273.09,1502.59,4921924.2547
1722121200000,2024-07-27T23:00:00+00:00,3273.09,3273.65,3253.08,3255.42,10767.08,35116604.285
1722122100000,2024-07-27T23:15:00+00:00,3255.42,3257.87,3246.67,3256.22,5595.59,18195166.3053
1722123000000,2024-07-27T23:30:00+00:00,3256.22,3258.32,3251.69,3254.99,3206.2,10437388.0049
1722123900000,2024-07-27T23:45:00+00:00,3254.99,3259,3244.55,3247.53,4971.61,16154196.777
1722124800000,2024-07-28T00:00:00+00:00,3247.53,3247.53,3224.73,3231.2,11442.13,37005425.1288
1722125700000,2024-07-28T00:15:00+00:00,3231.2,3243.67,3228.86,3242.5,6567.96,21264498.2065
1722126600000,2024-07-28T00:30:00+00:00,3242.5,3250.65,3238.66,3244.05,4401.73,14285783.0525
1722127500000,2024-07-28T00:45:00+00:00,3244.05,3244.38,3234.88,3244.35,2293.76,7432163.3819
1722128400000,2024-07-28T01:00:00+00:00,3244.35,3250,3243.55,3248.52,2195.52,7127474.2298
1722129300000,2024-07-28T01:15:00+00:00,3248.52,3251.69,3239,3250.32,1799.02,5841084.0444
1722130200000,2024-07-28T01:30:00+00:00,3250.32,3251.64,3247.12,3250.46,1922.16,6246097.3606
1722131100000,2024-07-28T01:45:00+00:00,3250.46,3254,3244.4,3245.04,2036.44,6614031.5863
1722132000000,2024-07-28T02:00:00+00:00,3245.04,3247.21,3240,3242.64,1931.73,6267088.6083
1722132900000,2024-07-28T02:15:00+00:00,3242.64,3245.54,3240,3242.18,6444.78,20895781.6552
1722133800000,2024-07-28T02:30:00+00:00,3242.18,3250.07,3242.18,3250.06,2146.51,6970098.7193
1722134700000,2024-07-28T02:45:00+00:00,3250.06,3250.07,3245,3249.72,1347.91,4377956.3278
1722135600000,2024-07-28T03:00:00+00:00,3249.72,3250,3243.04,3246.41,12503.48,40595080.2456
1722136500000,2024-07-28T03:15:00+00:00,3246.41,3247,3241.45,3245.57,2017.99,6545184.1621
1722137400000,2024-07-28T03:30:00+00:00,3245.57,3247.35,3242.02,3242.36,944.82,3065920.6842
1722138300000,2024-07-28T03:45:00+00:00,3242.36,3245.37,3235.51,3235.85,3651.08,11825949.3951
1722139200000,2024-07-28T04:00:00+00:00,3235.85,3242.02,3235,3241.53,1582.52,5123247.1538
1722140100000,2024-07-28T04:15:00+00:00,3241.53,3241.55,3231.96,3233.47,2240.21,7247976.7692
1722141000000,2024-07-28T04:30:00+00:00,3233.47,3236.98,3231.1,3232.06,2421.38,7830816.6891
1722141900000,2024-07-28T04:45:00+00:00,3232.06,3233.45,3213.75,3214.66,9881.25,31843152.2441
1722142800000,2024-07-28T05:00:00+00:00,3214.66,3218.74,3196.17,3208.93,30695.75,98598866.5011
1722143700000,2024-07-28T05:15:00+00:00,3208.93,3215.6,3204.76,3215.5,4464.13,14330475.7555
1722144600000,2024-07-28T05:30:00+00:00,3215.5,3219,3210.37,3210.5,4715.46,15161415.2593
1722145500000,2024-07-28T05:45:00+00:00,3210.5,3218,3210.07,3216.72,3505.12,11265204.2513
1722146400000,2024-07-28T06:00:00+00:00,3216.72,3223.03,3214.73,3221.47,3778.58,12170462.1851
1722147300000,2024-07-28T06:15:00+00:00,3221.47,3229.8,3220.19,3227.36,2802.49,9042163.8972
1722148200000,2024-07-28T06:30:00+00:00,3227.36,3229.29,3221.48,3224.91,2151.94,6939484.7397
1722149100000,2024-07-28T06:45:00+00:00,3224.91,3226.75,3217.38,3219.63,2760.72,8890510.4735
1722150000000,2024-07-28T07:00:00+00:00,3219.63,3222.98,3211.99,3222.93,4387.12,14104629.4162
1722150900000,2024-07-28T07:15:00+00:00,3222.93,3223.49,3215.01,3219.21,1683.58,5419318.1386
1722151800000,2024-07-28T07:30:00+00:00,3219.21,3220.02,3215.7,3219.02,1056.8,3401546.3265
1722152700000,2024-07-28T07:45:00+00:00,3219.02,3225.89,3218.28,3225.68,1716.72,5534158.9564
1722153600000,2024-07-28T08:00:00+00:00,3225.68,3225.68,3219.37,3224.04,897.02,2890201.1961
1722154500000,2024-07-28T08:15:00+00:00,3224.04,3226.87,3220,3220.52,981.46,3163449.6247
1722155400000,2024-07-28T08:30:00+00:00,3220.52,3221.99,3213.75,3218.65,2169.23,6980107.0885
1722156300000,2024-07-28T08:45:00+00:00,3218.65,3226.81,3218.65,3226.72,985.39,3176424.9472
1722157200000,2024-07-28T09:00:00+00:00,3226.72,3232.49,3224.16,3225.46,6534.06,21105512.4656
1722158100000,2024-07-28T09:15:00+00:00,3225.46,3230.44,3225.15,3229.12,2800.57,9042810.9401
1722159000000,2024-07-28T09:30:00+00:00,3229.12,3235.13,3228.64,3234.08,3773.34,12198235.5046
1722159900000,2024-07-28T09:45:00+00:00,3234.08,3236.49,3231.65,3232.92,1563.48,5055890.9194
1722160800000,2024-07-28T10:00:00+00:00,3232.92,3243.73,3231.65,3243.73,15275.47,49457074.6564
1722161700000,2024-07-28T10:15:00+00:00,3243.73,3253.89,3243.71,3246.45,8916.78,28959269.2762
1722162600000,2024-07-28T10:30:00+00:00,3246.45,3249.78,3245.53,3247.33,1709.1,5550392.9123
1722163500000,2024-07-28T10:45:00+00:00,3247.33,3250.3,3246.3,3246.46,2441.36,7930965.766
1722164400000,2024-07-28T11:00:00+00:00,3246.46,3253.04,3246.46,3251.8,3040.8,9884576.1918
1722165300000,2024-07-28T11:15:00+00:00,3251.8,3263.19,3251.8,3259,6042.53,19693027.4253
1722166200000,2024-07-28T11:30:00+00:00,3259,3262.18,3254.45,3262.17,2832.03,9226340.9327
1722167100000,2024-07-28T11:45:00+00:00,3262.17,3262.54,3253.01,3254.44,4741.21,15446674.3878
1722168000000,2024-07-28T12:00:00+00:00,3254.44,3262,3252.69,3261.96,2956.11,9628697.3852
1722168900000,2024-07-28T12:15:00+00:00,3261.96,3268.2,3257.56,3261.77,20133.53,65721681.7259
1722169800000,2024-07-28T12:30:00+00:00,3261.77,3272.82,3259.93,3269.92,8532.78,27887388.1681
1722170700000,2024-07-28T12:45:00+00:00,3269.92,3274.45,3266.27,3269.45,10433.46,34133277.6384
1722171600000,2024-07-28T13:00:00+00:00,3269.45,3274.19,3265.61,3267.41,3048.34,9965622.1834
1722172500000,2024-07-28T13:15:00+00:00,3267.41,3267.42,3263.12,3265.97,2920.83,9536459.7394
1722173400000,2024-07-28T13:30:00+00:00,3265.97,3271.68,3265.88,3271.68,2354.87,7698342.0601
1722174300000,2024-07-28T13:45:00+00:00,3271.68,3277,3271.28,3272.34,5976.64,19576650.584
1722175200000,2024-07-28T14:00:00+00:00,3272.34,3273.83,3260.99,3264.83,6722.3,21946905.6221
1722176100000,2024-07-28T14:15:00+00:00,3264.83,3267,3260.47,3260.82,2847.03,9290645.197
1722177000000,2024-07-28T14:30:00+00:00,3260.82,3271.1,3259.49,3270.91,4655.18,15197557.4399
1722177900000,2024-07-28T14:45:00+00:00,3270.91,3274.39,3258.01,3263.37,6901.19,22534527.363
1722178800000,2024-07-28T15:00:00+00:00,3263.37,3263.49,3258.22,3260.86,2226.11,7258201.5222
1722179700000,2024-07-28T15:15:00+00:00,3260.86,3266.41,3258.88,3264.99,1629.27,5316278.519
1722180600000,2024-07-28T15:30:00+00:00,3264.99,3269.88,3260.41,3268.46,2896.28,9456284.2006
1722181500000,2024-07-28T15:45:00+00:00,3268.46,3271.19,3265.46,3267.09,2529.23,8264762.7736
1722182400000,2024-07-28T16:00:00+00:00,3267.09,3272.38,3267.09,3267.9,1682.31,5502261.9763
1722183300000,2024-07-28T16:15:00+00:00,3267.9,3272,3266.81,3266.85,1186.7,3879817.6233
1722184200000,2024-07-28T16:30:00+00:00,3266.85,3272,3266.72,3267.65,1720.27,5622832.8766
1722185100000,2024-07-28T16:45:00+00:00,3267.65,3268.78,3262.75,3263.96,996.58,3253664.4521
1722186000000,2024-07-28T17:00:00+00:00,3263.96,3271.63,3263.96,3269.01,3851.28,12590018.6232
1722186900000,2024-07-28T17:15:00+00:00,3269.01,3270.81,3261.47,3263.11,2430.46,7931306.1997
1722187800000,2024-07-28T17:30:00+00:00,3263.11,3268.17,3260.07,3265.84,2091.83,6829543.0529
1722188700000,2024-07-28T17:45:00+00:00,3265.84,3270.57,3263.19,3269.89,1319.56,4311717.0116
1722189600000,2024-07-28T18:00:00+00:00,3269.89,3272.3,3265.4,3268.77,2125.19,6949745.0014
1722190500000,2024-07-28T18:15:00+00:00,3268.77,3275.6,3266.85,3275.59,3237.89,10597350.5462
1722191400000,2024-07-28T18:30:00+00:00,3275.59,3283.12,3274.25,3275.25,6362.09,20862512.3521
1722192300000,2024-07-28T18:45:00+00:00,3275.25,3276.34,3269.42,3273.87,2748.83,8993334.5545
1722193200000,2024-07-28T19:00:00+00:00,3273.87,3276.38,3270.1,3271.61,1810.82,5924811.1244
1722194100000,2024-07-28T19:15:00+00:00,3271.61,3274.1,3266.49,3273.56,5800.12,18959478.9792
1722195000000,2024-07-28T19:30:00+00:00,3273.56,3273.56,3267.52,3268.9,1024.76,3350546.9592
1722195900000,2024-07-28T19:45:00+00:00,3268.9,3272.94,3267.84,3269.99,423.08,1383881.5607
1722196800000,2024-07-28T20:00:00+00:00,3269.99,3272.07,3263.87,3265,1974.51,6449600.0213
1722197700000,2024-07-28T20:15:00+00:00,3265,3266.66,3264.65,3265,3623.83,11835523.2976
1722198600000,2024-07-28T20:30:00+00:00,3265,3265,3261.17,3262.59,1512.46,4934828.0552
1722199500000,2024-07-28T20:45:00+00:00,3262.59,3263.68,3257.04,3257.4,1857.6,6057103.4788
1722200400000,2024-07-28T21:00:00+00:00,3257.4,3260.31,3250.98,3253.46,7355.38,23943059.4457
1722201300000,2024-07-28T21:15:00+00:00,3253.46,3256.6,3248.86,3256.48,3878.62,12616725.3682
1722202200000,2024-07-28T21:30:00+00:00,3256.48,3263.16,3255.36,3262.84,1773.89,5785153.8459
1722203100000,2024-07-28T21:45:00+00:00,3262.84,3265.85,3260,3261.36,1600.31,5222094.3582
1722204000000,2024-07-28T22:00:00+00:00,3261.36,3267.2,3254.81,3259.65,2214.18,7217768.3868
1722204900000,2024-07-28T22:15:00+00:00,3259.65,3264.71,3250.13,3264.08,1910.21,6220731.8817
1722205800000,2024-07-28T22:30:00+00:00,3264.08,3266.45,3255,3255.94,2264.69,7382725.0433
1722206700000,2024-07-28T22:45:00+00:00,3255.94,3258.05,3251,3257.69,1258.11,4093430.5751
1722207600000,2024-07-28T23:00:00+00:00,3257.69,3265.62,3256.6,3261.27,5827.61,18997516.5525
1722208500000,2024-07-28T23:15:00+00:00,3261.27,3268.86,3261.27,3267.9,1896.95,6194567.3083
1722209400000,2024-07-28T23:30:00+00:00,3267.9,3270.77,3265.85,3270.1,1055.38,3450050.0916
1722210300000,2024-07-28T23:45:00+00:00,3270.1,3270.98,3267.58,3267.64,993.34,3247797.5247
1722211200000,2024-07-29T00:00:00+00:00,3267.64,3291.4,3264.53,3281.78,18205.95,59747480.8891
1722212100000,2024-07-29T00:15:00+00:00,3281.78,3304.96,3281.62,3294.02,15705.28,51735984.78
1722213000000,2024-07-29T00:30:00+00:00,3294.02,3296.69,3283.84,3286,9214.77,30325290.8295
1722213900000,2024-07-29T00:45:00+00:00,3286,3292.81,3279.02,3284.34,4225.74,13886761.8457
1722214800000,2024-07-29T01:00:00+00:00,3284.34,3287.96,3280.27,3282.23,1953.12,6414852.0018
1722215700000,2024-07-29T01:15:00+00:00,3282.23,3289.77,3269.66,3288.38,6353.65,20822925.7559
1722216600000,2024-07-29T01:30:00+00:00,3288.38,3292,3279,3279.2,3458.34,11373000.4985
1722217500000,2024-07-29T01:45:00+00:00,3279.2,3281.64,3275.35,3275.37,1597.09,5235826.1892
1722218400000,2024-07-29T02:00:00+00:00,3275.37,3285.14,3275.2,3284.98,2019.49,6622553.8111
1722219300000,2024-07-29T02:15:00+00:00,3284.98,3312.42,3284.94,3305.99,15118.32,49917899.426
1722220200000,2024-07-29T02:30:00+00:00,3305.99,3319.47,3305.99,3317.27,15792.59,52335758.5298
1722221100000,2024-07-29T02:45:00+00:00,3317.27,3330.05,3316.06,3329.71,11979.12,39807576.7459
1722222000000,2024-07-29T03:00:00+00:00,3329.71,3354.54,3326.28,3347.6,17715.09,59239893.0794
1722222900000,2024-07-29T03:15:00+00:00,3347.6,3353.04,3338.63,3348,6908.93,23120411.1265
1722223800000,2024-07-29T03:30:00+00:00,3348,3351.55,3338.34,3338.7,4861.95,16261393.1875
1722224700000,2024-07-29T03:45:00+00:00,3338.7,3349.18,3338.02,3347.81,3324.08,11117559.9072
1722225600000,2024-07-29T04:00:00+00:00,3347.81,3364,3345.95,3347.18,19773.39,66355058.6922
1722226500000,2024-07-29T04:15:00+00:00,3347.18,3348.02,3340,3345.25,4795.13,16036226.8822
1722227400000,2024-07-29T04:30:00+00:00,3345.25,3350.01,3340.2,3340.36,3685.96,12334599.2023
1722228300000,2024-07-29T04:45:00+00:00,3340.36,3344.34,3338.18,3340.66,3845.45,12844157.1457
1722229200000,2024-07-29T05:00:00+00:00,3340.66,3346.78,3340.66,3342.12,2061.17,6893018.809
1722230100000,2024-07-29T05:15:00+00:00,3342.12,3346.95,3341.83,3345.09,1445.88,4835200.5566
1722231000000,2024-07-29T05:30:00+00:00,3345.09,3358,3345.03,3353.65,5039.04,16900402.5645
1722231900000,2024-07-29T05:45:00+00:00,3353.65,3373,3349.59,3366,7694.81,25872570.3323
1722232800000,2024-07-29T06:00:00+00:00,3366,3376.57,3363.5,3365.78,19509.18,65738860.9334
1722233700000,2024-07-29T06:15:00+00:00,3365.78,3385.39,3364.82,3383.66,20705.95,69996383.2096
1722234600000,2024-07-29T06:30:00+00:00,3383.66,3387.5,3375.6,3377.22,10679.37,36100124.47
1722235500000,2024-07-29T06:45:00+00:00,3377.22,3377.96,3369.72,3372.17,4881.84,16466320.5102
1722236400000,2024-07-29T07:00:00+00:00,3372.17,3377.7,3371.94,3372.51,3016.57,10178493.6982
1722237300000,2024-07-29T07:15:00+00:00,3372.51,3372.74,3365.45,3369.8,6822.5,22984923.4245
1722238200000,2024-07-29T07:30:00+00:00,3369.8,3371.07,3366.46,3367.01,2697.22,9086282.793
1722239100000,2024-07-29T07:45:00+00:00,3367.01,3367.03,3362,3365.38,5009.05,16854587.5037
1722240000000,2024-07-29T08:00:00+00:00,3365.38,3376.35,3364,3375.72,4441.5,14962078.6646
1722240900000,2024-07-29T08:15:00+00:00,3375.72,3377.91,3369.02,3372.77,6162.66,20797687.4415
1722241800000,2024-07-29T08:30:00+00:00,3372.77,3373.35,3360.53,3365.9,4572.68,15398375.9758
1722242700000,2024-07-29T08:45:00+00:00,3365.9,3374.21,3365.9,3371.98,1497.52,5047826.6154
1722243600000,2024-07-29T09:00:00+00:00,3371.98,3382.76,3371.51,3382.03,7453.3,25189829.2998
1722244500000,2024-07-29T09:15:00+00:00,3382.03,3388.39,3379.39,3386.62,9655.41,32666965.6122
1722245400000,2024-07-29T09:30:00+00:00,3386.62,3389.47,3378.9,3380.14,5530.2,18718990.7532
1722246300000,2024-07-29T09:45:00+00:00,3380.14,3394.91,3379.79,3393.21,5814.56,19708002.4833
1722247200000,2024-07-29T10:00:00+00:00,3393.21,3393.22,3386.01,3386.38,6017.31,20393052.5911
1722248100000,2024-07-29T10:15:00+00:00,3386.38,3394.15,3382.49,3393.61,6362.01,21564605.1002
1722249000000,2024-07-29T10:30:00+00:00,3393.61,3395.61,3386.51,3387.56,5084.2,17245672.383
1722249900000,2024-07-29T10:45:00+00:00,3387.56,3389.36,3381.73,3383.06,3507.13,11871824.1664
1722250800000,2024-07-29T11:00:00+00:00,3383.06,3384.54,3380,3382.17,4823.47,16315228.1561
1722251700000,2024-07-29T11:15:00+00:00,3382.17,3386.54,3381.4,3384.23,3259.22,11029368.1759
1722252600000,2024-07-29T11:30:00+00:00,3384.23,3387.01,3375.23,3377.87,6984.28,23601294.4932
1722253500000,2024-07-29T11:45:00+00:00,3377.87,3379.93,3372,3373.36,4648.41,15686742.5962
1722254400000,2024-07-29T12:00:00+00:00,3373.36,3376.35,3369.26,3369.26,4291.29,14471339.3934
1722255300000,2024-07-29T12:15:00+00:00,3369.26,3382.56,3369.04,3381.17,5933.23,20033940.6312
1722256200000,2024-07-29T12:30:00+00:00,3381.17,3385.65,3368.23,3372.41,8170.47,27594680.4349
1722257100000,2024-07-29T12:45:00+00:00,3372.41,3377.19,3369,3373.08,5561.02,18752442.082
1722258000000,2024-07-29T13:00:00+00:00,3373.08,3379.43,3368.03,3375.22,7021.27,23681647.5468
1722258900000,2024-07-29T13:15:00+00:00,3375.22,3376.55,3361.2,3363,6568.91,22115851.937
1722259800000,2024-07-29T13:30:00+00:00,3363,3364.69,3352.25,3355.35,23484.67,78850380.1349
1722260700000,2024-07-29T13:45:00+00:00,3355.35,3361.14,3344,3346.31,21825.7,73150600.1316
1722261600000,2024-07-29T14:00:00+00:00,3346.31,3349.4,3319.6,3319.61,32552.6,108486071.966
1722262500000,2024-07-29T14:15:00+00:00,3319.61,3333.59,3314.82,3322.17,19954.9,66344019.4365
1722263400000,2024-07-29T14:30:00+00:00,3322.17,3338.78,3317.17,3332.43,13043.13,43445993.1392
1722264300000,2024-07-29T14:45:00+00:00,3332.43,3334.14,3312.65,3324.39,14543.67,48293373.1813
1722265200000,2024-07-29T15:00:00+00:00,3324.39,3331.97,3316.22,3322.71,21482.16,71367757.386
1722266100000,2024-07-29T15:15:00+00:00,3322.71,3322.76,3288.22,3304.69,36657.37,120926771.9347
1722267000000,2024-07-29T15:30:00+00:00,3304.69,3310.04,3287.73,3309.76,26964.08,89049967.8171
1722267900000,2024-07-29T15:45:00+00:00,3309.76,3310.11,3303.74,3306.19,4722.51,15616020.3405
1722268800000,2024-07-29T16:00:00+00:00,3306.19,3308.68,3296.56,3306.57,4836.95,15976330.3251
1722269700000,2024-07-29T16:15:00+00:00,3306.57,3308.68,3278.85,3281.44,20139.55,66214136.7762
1722270600000,2024-07-29T16:30:00+00:00,3281.44,3281.99,3256.76,3264.65,45626.01,149003145.77
1722271500000,2024-07-29T16:45:00+00:00,3264.65,3279.56,3262.39,3268.45,33252.69,108827664.3619
1722272400000,2024-07-29T17:00:00+00:00,3268.45,3306.11,3261.73,3303.08,36374,119699238.3001
1722273300000,2024-07-29T17:15:00+00:00,3303.08,3305,3292.86,3297.14,9250.04,30508596.218
1722274200000,2024-07-29T17:30:00+00:00,3297.14,3307.68,3294,3307.58,6666.07,22015809.6004
1722275100000,2024-07-29T17:45:00+00:00,3307.58,3319.99,3307.29,3311.55,9826.3,32568208.5577
1722276000000,2024-07-29T18:00:00+00:00,3311.55,3318.78,3307.84,3313.64,7326.94,24284943.06
1722276900000,2024-07-29T18:15:00+00:00,3313.64,3322.18,3307.7,3307.7,10577.11,35045062.3302
1722277800000,2024-07-29T18:30:00+00:00,3307.7,3316.33,3300.85,3312.48,3900.19,12897955.887
1722278700000,2024-07-29T18:45:00+00:00,3312.48,3314.67,3305.83,3311.79,1718.9,5689350.1171
1722279600000,2024-07-29T19:00:00+00:00,3311.79,3311.79,3301.84,3308.65,5772.96,19094637.3356
1722280500000,2024-07-29T19:15:00+00:00,3308.65,3314.05,3303.17,3310,2413.89,7990126.2862
1722281400000,2024-07-29T19:30:00+00:00,3310,3311.49,3306.33,3309.08,2269.15,7509322.7302
1722282300000,2024-07-29T19:45:00+00:00,3309.08,3310.54,3304.09,3308.9,760.89,2516594.5885
1722283200000,2024-07-29T20:00:00+00:00,3308.9,3317.72,3307.23,3316.54,919.43,3048772.6253
1722284100000,2024-07-29T20:15:00+00:00,3316.54,3326.9,3313.12,3323.3,6012.35,19961722.7262
1722285000000,2024-07-29T20:30:00+00:00,3323.3,3326.17,3319.08,3321.89,2636.96,8766168.6447
1722285900000,2024-07-29T20:45:00+00:00,3321.89,3326.21,3316.73,3320,792.82,2632062.9269
1722286800000,2024-07-29T21:00:00+00:00,3320,3321.52,3312.46,3313.84,3913.14,12976777.6991
1722287700000,2024-07-29T21:15:00+00:00,3313.84,3320.65,3311.42,3317.87,1901.23,6303991.3454
1722288600000,2024-07-29T21:30:00+00:00,3317.87,3336,3317.02,3335.99,6910.08,23018882.1405
1722289500000,2024-07-29T21:45:00+00:00,3335.99,3347.17,3324.41,3344.65,6300.68,21031082.8334
1722290400000,2024-07-29T22:00:00+00:00,3344.65,3349.67,3336.21,3349.65,5046.66,16880540.6911
1722291300000,2024-07-29T22:15:00+00:00,3349.65,3351.11,3343.04,3343.33,4467.9,14961534.3054
1722292200000,2024-07-29T22:30:00+00:00,3343.33,3343.64,3332.96,3333.95,7175.2,23966702.8868
1722293100000,2024-07-29T22:45:00+00:00,3333.95,3334.46,3325.85,3327.47,3723.39,12401880.7089
1722294000000,2024-07-29T23:00:00+00:00,3327.47,3336.12,3321.23,3321.24,4441.75,14788342.2049
1722294900000,2024-07-29T23:15:00+00:00,3321.24,3332.58,3312.51,3330.32,14504.63,48182887.7245
1722295800000,2024-07-29T23:30:00+00:00,3330.32,3332.09,3316.7,3316.7,3735.32,12417896.7708
1722296700000,2024-07-29T23:45:00+00:00,3316.7,3320.18,3310.69,3315.8,7485.89,24825852.4598
1722297600000,2024-07-30T00:00:00+00:00,3315.8,3319.85,3307.23,3308.57,7345.35,24343169.0309
1722298500000,2024-07-30T00:15:00+00:00,3308.57,3313.25,3280.01,3304.62,25385.95,83600987.4899
1722299400000,2024-07-30T00:30:00+00:00,3304.62,3317.2,3300.18,3316.49,20983.4,69539343.3974
1722300300000,2024-07-30T00:45:00+00:00,3316.49,3328.49,3312.44,3326.49,10631.21,35349469.5521
1722301200000,2024-07-30T01:00:00+00:00,3326.49,3334.55,3323.83,3332.91,9344.06,31098940.9867
1722302100000,2024-07-30T01:15:00+00:00,3332.91,3336.37,3325,3325,4922.33,16398910.7103
1722303000000,2024-07-30T01:30:00+00:00,3325,3327.59,3310.55,3312.56,6265.31,20799651.85
1722303900000,2024-07-30T01:45:00+00:00,3312.56,3314.73,3292.82,3298,13664.32,45119479.0526
1722304800000,2024-07-30T02:00:00+00:00,3298,3312.98,3298,3310.01,7506.16,24826389.2691
1722305700000,2024-07-30T02:15:00+00:00,3310.01,3310.99,3282.25,3286.92,8183.01,26941959.8008
1722306600000,2024-07-30T02:30:00+00:00,3286.92,3300.35,3286.92,3297.79,6499.1,21410461.0283
1722307500000,2024-07-30T02:45:00+00:00,3297.79,3311.7,3297.74,3309.43,3898.36,12890052.7533
1722308400000,2024-07-30T03:00:00+00:00,3309.43,3317.41,3308.1,3315.58,6758.22,22386539.4486
1722309300000,2024-07-30T03:15:00+00:00,3315.58,3316.62,3309.13,3314.95,1926.1,6382043.538
1722310200000,2024-07-30T03:30:00+00:00,3314.95,3322.25,3312.04,3318.99,2775.23,9206045.472
1722311100000,2024-07-30T03:45:00+00:00,3318.99,3321.77,3316.02,3318.84,3148.27,10446637.0487
1722312000000,2024-07-30T04:00:00+00:00,3318.84,3319.16,3310.48,3317.17,3612.72,11975165.3345
1722312900000,2024-07-30T04:15:00+00:00,3317.17,3318.3,3313.08,3317,2603.51,8633623.3887
1722313800000,2024-07-30T04:30:00+00:00,3317,3317.96,3307.35,3311.94,3432.02,11364214.8861
1722314700000,2024-07-30T04:45:00+00:00,3311.94,3315.35,3305,3315.35,3310.57,10955733.2773
1722315600000,2024-07-30T05:00:00+00:00,3315.35,3317.94,3310.22,3310.6,2696.47,8935309.1414
1722316500000,2024-07-30T05:15:00+00:00,3310.6,3310.6,3299.8,3301.9,6273.16,20727029.8577
1722317400000,2024-07-30T05:30:00+00:00,3301.9,3308.27,3296,3307.88,6894.41,22752773.7297
1722318300000,2024-07-30T05:45:00+00:00,3307.88,3313.12,3304.13,3308.43,3732.55,12350196.0176
1722319200000,2024-07-30T06:00:00+00:00,3308.43,3317.17,3306.67,3316.14,3102.95,10276646.5634
1722320100000,2024-07-30T06:15:00+00:00,3316.14,3320,3312.59,3318.57,2564.49,8506023.1727
1722321000000,2024-07-30T06:30:00+00:00,3318.57,3326.25,3317.24,3318.22,6386.87,21220690.0448
1722321900000,2024-07-30T06:45:00+00:00,3318.22,3326.77,3317.04,3325.62,2240.69,7446509.7291
1722322800000,2024-07-30T07:00:00+00:00,3325.62,3336.02,3325.62,3335.98,6663.26,22193337.1508
1722323700000,2024-07-30T07:15:00+00:00,3335.98,3350,3331.6,3339.14,24917.19,83283828.2713
1722324600000,2024-07-30T07:30:00+00:00,3339.14,3343.75,3335.35,3341.91,3270.13,10919041.2575
1722325500000,2024-07-30T07:45:00+00:00,3341.91,3345.51,3337.21,3339.16,4347,14519259.1748
1722326400000,2024-07-30T08:00:00+00:00,3339.16,3348.9,3338,3348.55,8854.12,29618840.5973
1722327300000,2024-07-30T08:15:00+00:00,3348.55,3353.86,3342.91,3344.29,7297.93,24434914.8007
1722328200000,2024-07-30T08:30:00+00:00,3344.29,3344.73,3339.28,3342.23,6230.4,20822846.8106
1722329100000,2024-07-30T08:45:00+00:00,3342.23,3343.5,3333,3334.62,5049.2,16845273.968
1722330000000,2024-07-30T09:00:00+00:00,3334.62,3342.37,3334.09,3339.79,2288.04,7640546.6051
1722330900000,2024-07-30T09:15:00+00:00,3339.79,3341.96,3335.62,3338.7,2425.96,8098518.3869
1722331800000,2024-07-30T09:30:00+00:00,3338.7,3340,3328.24,3334.45,4976.47,16586298.2456
1722332700000,2024-07-30T09:45:00+00:00,3334.45,3336.49,3327,3333.82,6673.47,22239174.3043
1722333600000,2024-07-30T10:00:00+00:00,3333.82,3336.95,3328.21,3329.77,2192.33,7306711.2408
1722334500000,2024-07-30T10:15:00+00:00,3329.77,3334.27,3325,3334.27,2827.49,9410228.9417
1722335400000,2024-07-30T10:30:00+00:00,3334.27,3341.35,3329.31,3338.54,3797.05,12665402.8463
1722336300000,2024-07-30T10:45:00+00:00,3338.54,3341.19,3329.95,3335.38,2531.78,8448960.3252
1722337200000,2024-07-30T11:00:00+00:00,3335.38,3338.19,3328.83,3328.88,1671.43,5571080.1737
1722338100000,2024-07-30T11:15:00+00:00,3328.88,3335.87,3328.51,3332.96,2035.09,6779906.2054
1722339000000,2024-07-30T11:30:00+00:00,3332.96,3339.13,3329.32,3338.37,2031.7,6776303.0221
1722339900000,2024-07-30T11:45:00+00:00,3338.37,3339.5,3332.93,3333.03,1650.18,5506583.5444
1722340800000,2024-07-30T12:00:00+00:00,3333.03,3341.73,3330.22,3336.98,4091.38,13647600.927
1722341700000,2024-07-30T12:15:00+00:00,3336.98,3339.78,3322.23,3326.03,3892.9,12964347.5622
1722342600000,2024-07-30T12:30:00+00:00,3326.03,3361.83,3325.05,3354.95,16665.52,55735833.6418
1722343500000,2024-07-30T12:45:00+00:00,3354.95,3355.58,3348.06,3352.2,4630.33,15521228.9524
1722344400000,2024-07-30T13:00:00+00:00,3352.2,3356.26,3350.62,3356.07,2731.37,9159281.1735
1722345300000,2024-07-30T13:15:00+00:00,3356.07,3363.95,3343.43,3345.52,8070.82,27075193.5876
1722346200000,2024-07-30T13:30:00+00:00,3345.52,3357.09,3334.9,3336.27,7668.47,25649867.4265
1722347100000,2024-07-30T13:45:00+00:00,3336.27,3339.87,3325.35,3327.92,6961.86,23205667.6736
1722348000000,2024-07-30T14:00:00+00:00,3327.92,3331.37,3318.27,3325.74,16462.35,54730758.303
1722348900000,2024-07-30T14:15:00+00:00,3325.74,3329,3313.44,3320.46,11812.26,39226750.7833
1722349800000,2024-07-30T14:30:00+00:00,3320.46,3326.27,3310.85,3312.88,10742.82,35633400.3583
1722350700000,2024-07-30T14:45:00+00:00,3312.88,3313.63,3293.17,3298.66,17401.63,57528291.506
1722351600000,2024-07-30T15:00:00+00:00,3298.66,3312.33,3288.92,3308.22,24344.51,80290593.6867
1722352500000,2024-07-30T15:15:00+00:00,3308.22,3321.62,3308.22,3320.25,11991.33,39761969.3521
1722353400000,2024-07-30T15:30:00+00:00,3320.25,3320.51,3311.27,3314.88,6073.61,20132355.1271
1722354300000,2024-07-30T15:45:00+00:00,3314.88,3322.69,3312.54,3318.6,5337.18,17714189.7518
1722355200000,2024-07-30T16:00:00+00:00,3318.6,3322.41,3315.68,3322.4,9584.27,31803579.8051
1722356100000,2024-07-30T16:15:00+00:00,3322.4,3324.64,3313.24,3315.57,13766.74,45703292.6006
1722357000000,2024-07-30T16:30:00+00:00,3315.57,3325.72,3307.77,3322.76,18282.77,60565021.8634
1722357900000,2024-07-30T16:45:00+00:00,3322.76,3322.84,3304.48,3307.38,4372.97,14480123.9888
1722358800000,2024-07-30T17:00:00+00:00,3307.38,3308.2,3291.69,3297.17,14191.33,46810883.4006
1722359700000,2024-07-30T17:15:00+00:00,3297.17,3300.08,3283.12,3294.78,19207.21,63166828.9044
1722360600000,2024-07-30T17:30:00+00:00,3294.78,3295.87,3284,3295.02,6102.02,20090513.244
1722361500000,2024-07-30T17:45:00+00:00,3295.02,3304.49,3288.54,3292.67,7212.9,23792042.8743
1722362400000,2024-07-30T18:00:00+00:00,3292.67,3296.48,3275.41,3293.48,35261.08,115803888.1475
1722363300000,2024-07-30T18:15:00+00:00,3293.48,3295.8,3285.84,3289.01,2765.12,9099679.1864
1722364200000,2024-07-30T18:30:00+00:00,3289.01,3290.77,3280.26,3282.35,3546.57,11652876.1901
1722365100000,2024-07-30T18:45:00+00:00,3282.35,3284.79,3276.52,3282.55,6494.8,21300102.5445
1722366000000,2024-07-30T19:00:00+00:00,3282.55,3286.41,3262.85,3265.03,13761.08,45001660.7868
1722366900000,2024-07-30T19:15:00+00:00,3265.03,3273.86,3260,3264.52,8609.79,28115625.1073
1722367800000,2024-07-30T19:30:00+00:00,3264.52,3272.64,3263,3266,2966.1,9693966.8673
1722368700000,2024-07-30T19:45:00+00:00,3266,3276.57,3266,3270.19,6977.15,22820503.3419
1722369600000,2024-07-30T20:00:00+00:00,3270.19,3271.99,3230,3250.5,33357.93,108236137.7932
1722370500000,2024-07-30T20:15:00+00:00,3250.5,3264.83,3249.24,3260.16,17433.13,56823999.5156
1722371400000,2024-07-30T20:30:00+00:00,3260.16,3277.54,3260.16,3274.71,7347.81,24024473.7046
1722372300000,2024-07-30T20:45:00+00:00,3274.71,3283.11,3273.4,3280.46,3535.21,11590182.583
1722373200000,2024-07-30T21:00:00+00:00,3280.46,3281.27,3268.23,3273.3,7194.47,23548182.3808
1722374100000,2024-07-30T21:15:00+00:00,3273.3,3273.3,3260.43,3271.99,2665.32,8707528.5966
1722375000000,2024-07-30T21:30:00+00:00,3271.99,3276.67,3270.29,3275.99,1300.87,4258540.6653
1722375900000,2024-07-30T21:45:00+00:00,3275.99,3283.11,3274.6,3280,1649.37,5409219.5144
1722376800000,2024-07-30T22:00:00+00:00,3280,3280.91,3267.5,3272.98,2080.33,6812219.4465
1722377700000,2024-07-30T22:15:00+00:00,3272.98,3283,3272.97,3281.73,2344.47,7685213.4347
1722378600000,2024-07-30T22:30:00+00:00,3281.73,3282.64,3273.74,3275.91,2263.19,7418213.2633
1722379500000,2024-07-30T22:45:00+00:00,3275.91,3279.76,3269.01,3277.05,2261.15,7402346.8577
1722380400000,2024-07-30T23:00:00+00:00,3277.05,3281.45,3272.45,3272.46,861.37,2823310.5125
1722381300000,2024-07-30T23:15:00+00:00,3272.46,3277.42,3272,3273.75,1384.85,4534256.7718
1722382200000,2024-07-30T23:30:00+00:00,3273.75,3277.79,3270.67,3274.75,1414.79,4631088.2333
1722383100000,2024-07-30T23:45:00+00:00,3274.75,3278.08,3271.53,3277.08,2434.53,7974662.0259
1722384000000,2024-07-31T00:00:00+00:00,3277.08,3279.18,3264.52,3265.04,2703.97,8841172.6693
1722384900000,2024-07-31T00:15:00+00:00,3265.04,3269.8,3259.54,3264.19,5620.96,18348362.663
1722385800000,2024-07-31T00:30:00+00:00,3264.19,3279.6,3264.18,3278.96,3007.06,9849287.6952
1722386700000,2024-07-31T00:45:00+00:00,3278.96,3283.25,3274.8,3280.73,3088.02,10128150.7095
1722387600000,2024-07-31T01:00:00+00:00,3280.73,3284.78,3278.7,3283.68,3956.27,12987955.2208
1722388500000,2024-07-31T01:15:00+00:00,3283.68,3286.62,3276.46,3277.79,2082.59,6832701.468
1722389400000,2024-07-31T01:30:00+00:00,3277.79,3278.51,3265,3268.15,4217.72,13789162.3738
1722390300000,2024-07-31T01:45:00+00:00,3268.15,3282,3264.85,3281.42,3963.4,12984379.753
1722391200000,2024-07-31T02:00:00+00:00,3281.42,3283.99,3279.27,3279.28,2660.8,8733510.7717
1722392100000,2024-07-31T02:15:00+00:00,3279.28,3303,3279.28,3303,7641.25,25174193.7507
1722393000000,2024-07-31T02:30:00+00:00,3303,3303,3285.1,3295,6906.98,22730918.3459
1722393900000,2024-07-31T02:45:00+00:00,3295,3295,3284.28,3289.75,1418.7,4665064.0553
1722394800000,2024-07-31T03:00:00+00:00,3289.75,3299.17,3286.92,3298,2729.51,8991164.6629
1722395700000,2024-07-31T03:15:00+00:00,3298,3298.81,3286.5,3286.5,2012.01,6624876.7608
1722396600000,2024-07-31T03:30:00+00:00,3286.5,3295.51,3286,3292.76,1494.08,4915014.8604
1722397500000,2024-07-31T03:45:00+00:00,3292.76,3294.25,3288.75,3293.14,1318.2,4338618.8024
1722398400000,2024-07-31T04:00:00+00:00,3293.14,3293.22,3274.4,3275,4871.1,15981989.838
1722399300000,2024-07-31T04:15:00+00:00,3275,3280,3272.04,3277.75,4409.6,14448930.1
1722400200000,2024-07-31T04:30:00+00:00,3277.75,3280,3269,3274.44,3207.51,10497680.3524
1722401100000,2024-07-31T04:45:00+00:00,3274.44,3277.29,3260.96,3275.91,7308.17,23879752.4693
1722402000000,2024-07-31T05:00:00+00:00,3275.91,3280.23,3266.4,3271.04,5401.43,17680013.4477
1722402900000,2024-07-31T05:15:00+00:00,3271.04,3274.82,3262.87,3273.41,2037.88,6661227.1739
1722403800000,2024-07-31T05:30:00+00:00,3273.41,3281.13,3273.2,3280.76,2743.06,8993448.547
1722404700000,2024-07-31T05:45:00+00:00,3280.76,3305.49,3280.76,3298.93,8925.79,29433947.2526
1722405600000,2024-07-31T06:00:00+00:00,3298.93,3316,3296.38,3314.55,8635.35,28566009.6455
1722406500000,2024-07-31T06:15:00+00:00,3314.55,3318.58,3305.37,3312.86,4751.45,15743114.8341
1722407400000,2024-07-31T06:30:00+00:00,3312.86,3320,3312.86,3318.01,3866.6,12824990.6249
1722408300000,2024-07-31T06:45:00+00:00,3318.01,3324.16,3316.57,3322.47,4251.67,14116370.3734
1722409200000,2024-07-31T07:00:00+00:00,3322.47,3328.8,3318.55,3326.75,11949.92,39735926.7765
1722410100000,2024-07-31T07:15:00+00:00,3326.75,3330,3321.98,3322.6,4958.82,16489033.4555
1722411000000,2024-07-31T07:30:00+00:00,3322.6,3323.37,3317.3,3320.97,2694.1,8944382.4742
1722411900000,2024-07-31T07:45:00+00:00,3320.97,3325.47,3315,3315.09,4754.79,15783607.7684
1722412800000,2024-07-31T08:00:00+00:00,3315.09,3319.17,3307.49,3311.55,8160.4,27029394.8175
1722413700000,2024-07-31T08:15:00+00:00,3311.55,3325,3310.11,3319.82,8067.94,26765439.4065
1722414600000,2024-07-31T08:30:00+00:00,3319.82,3323.97,3318.21,3322.03,2302.05,7646514.6932
1722415500000,2024-07-31T08:45:00+00:00,3322.03,3323,3315.69,3316.93,1379.03,4577349.2891
1722416400000,2024-07-31T09:00:00+00:00,3316.93,3319.75,3310.34,3311.96,1584.75,5251563.3009
1722417300000,2024-07-31T09:15:00+00:00,3311.96,3317.62,3309.84,3317.27,2436.41,8073677.1226
1722418200000,2024-07-31T09:30:00+00:00,3317.27,3323.7,3316.39,3323,2130.54,7074978.7251
1722419100000,2024-07-31T09:45:00+00:00,3323,3323.54,3315.01,3318.04,1734.08,5755634.8271
1722420000000,2024-07-31T10:00:00+00:00,3318.04,3318.05,3308,3314.8,2658.48,8804373.6085
1722420900000,2024-07-31T10:15:00+00:00,3314.8,3317.98,3313.1,3315.1,1223.01,4054730.6165
1722421800000,2024-07-31T10:30:00+00:00,3315.1,3316.84,3306.96,3309.21,2621.14,8676969.8625
1722422700000,2024-07-31T10:45:00+00:00,3309.21,3312.49,3305,3308.31,6634.61,21957704.0752
1722423600000,2024-07-31T11:00:00+00:00,3308.31,3313.93,3305.84,3313.55,1370.61,4536624.9853
1722424500000,2024-07-31T11:15:00+00:00,3313.55,3318.83,3312.21,3314.17,1896.67,6288506.2335
1722425400000,2024-07-31T11:30:00+00:00,3314.17,3317.96,3313,3313.69,1377.04,4565936.0481
1722426300000,2024-07-31T11:45:00+00:00,3313.69,3321,3313.37,3321,2471.65,8202627.1822
1722427200000,2024-07-31T12:00:00+00:00,3321,3322.17,3317.23,3319.83,2650.46,8798727.4742
1722428100000,2024-07-31T12:15:00+00:00,3319.83,3324.14,3312.41,3315.01,2950.28,9787857.059
1722429000000,2024-07-31T12:30:00+00:00,3315.01,3323,3314.53,3323,1033.12,3428798.5195
1722429900000,2024-07-31T12:45:00+00:00,3323,3328.82,3313.88,3314.52,5290.34,17573096.0039
1722430800000,2024-07-31T13:00:00+00:00,3314.52,3322.95,3314.23,3322.58,3142.14,10427794.0809
1722431700000,2024-07-31T13:15:00+00:00,3322.58,3331.85,3322.12,3329.2,10243.72,34097728.0115
1722432600000,2024-07-31T13:30:00+00:00,3329.2,3348.22,3326.94,3339.97,23111.56,77214343.5705
1722433500000,2024-07-31T13:45:00+00:00,3339.97,3347.07,3325,3329.9,14503.74,48329978.0183
1722434400000,2024-07-31T14:00:00+00:00,3329.9,3339.07,3327.37,3327.47,6454.07,21519526.1026
1722435300000,2024-07-31T14:15:00+00:00,3327.47,3330.65,3308,3311.18,16082.44,53362978.5972
1722436200000,2024-07-31T14:30:00+00:00,3311.18,3321.5,3305.05,3317.57,9782.14,32425371.2469
1722437100000,2024-07-31T14:45:00+00:00,3317.57,3327.83,3312.77,3317.94,4195.38,13930027.7101
1722438000000,2024-07-31T15:00:00+00:00,3317.94,3319.8,3307,3314.26,27327.1,90430334.4931
1722438900000,2024-07-31T15:15:00+00:00,3314.26,3316,3301.08,3303.58,9523.65,31512478.1861
1722439800000,2024-07-31T15:30:00+00:00,3303.58,3312.38,3295.04,3307.77,10092.11,33333257.9166
1722440700000,2024-07-31T15:45:00+00:00,3307.77,3310.62,3300,3300.38,2067.3,6832723.4783
1722441600000,2024-07-31T16:00:00+00:00,3300.38,3309.52,3291.24,3308.19,12009.51,39673934.6095
1722442500000,2024-07-31T16:15:00+00:00,3308.19,3313.79,3301,3301.19,7268.21,24050321.81
1722443400000,2024-07-31T16:30:00+00:00,3301.19,3301.89,3291.32,3296.35,4269.73,14075820.0356
1722444300000,2024-07-31T16:45:00+00:00,3296.35,3297.3,3281.48,3287.92,12993.85,42701006.3203
1722445200000,2024-07-31T17:00:00+00:00,3287.92,3298.38,3285,3295.88,7672.6,25264417.4672
1722446100000,2024-07-31T17:15:00+00:00,3295.88,3304.08,3294.2,3303.49,2279.64,7519890.0393
1722447000000,2024-07-31T17:30:00+00:00,3303.49,3320,3302.15,3320,7893.34,26139154.1767
1722447900000,2024-07-31T17:45:00+00:00,3320,3325,3307.57,3313.63,11754.93,38978853.3975
1722448800000,2024-07-31T18:00:00+00:00,3313.63,3321.3,3287.96,3299.17,41660.31,137730059.0291
1722449700000,2024-07-31T18:15:00+00:00,3299.17,3299.24,3285.16,3290.29,15077.68,49637188.6959
1722450600000,2024-07-31T18:30:00+00:00,3290.29,3318.18,3290.29,3313.84,7155.15,23651622.334
1722451500000,2024-07-31T18:45:00+00:00,3313.84,3318.19,3304.32,3315.72,4007.8,13273867.4417
1722452400000,2024-07-31T19:00:00+00:00,3315.72,3320.65,3297.36,3303.45,10123.47,33498517.8326
1722453300000,2024-07-31T19:15:00+00:00,3303.45,3304.94,3268,3275,17936.26,58813746.493
1722454200000,2024-07-31T19:30:00+00:00,3275,3286.89,3263.55,3269.33,12000.48,39290402.9145
1722455100000,2024-07-31T19:45:00+00:00,3269.33,3270.01,3242.17,3264.21,27414.44,89229287.0406
1722456000000,2024-07-31T20:00:00+00:00,3264.21,3269.49,3244.33,3245.64,11328.85,36879931.0405
1722456900000,2024-07-31T20:15:00+00:00,3245.64,3251.04,3224,3237.74,39220.66,126874169.2233
1722457800000,2024-07-31T20:30:00+00:00,3237.74,3237.74,3225.01,3229.36,7828.76,25294105.5297
1722458700000,2024-07-31T20:45:00+00:00,3229.36,3235,3215.07,3220.71,12511.42,40298429.7734
1722459600000,2024-07-31T21:00:00+00:00,3220.71,3237.91,3215,3236.8,16267.18,52571223.1431
1722460500000,2024-07-31T21:15:00+00:00,3236.8,3241.44,3212.8,3213.65,8988.37,29077334.6779
1722461400000,2024-07-31T21:30:00+00:00,3213.65,3230.59,3213.65,3226.86,14602.61,47091815.3764
1722462300000,2024-07-31T21:45:00+00:00,3226.86,3239,3221,3237.27,6282,20311563.7858
1722463200000,2024-07-31T22:00:00+00:00,3237.27,3238.4,3226.6,3227.6,1262.94,4081758.7409
1722464100000,2024-07-31T22:15:00+00:00,3227.6,3233.21,3214,3220.39,5334.41,17179847.0439
1722465000000,2024-07-31T22:30:00+00:00,3220.39,3235.31,3216.8,3232.55,3151.04,10172238.8424
1722465900000,2024-07-31T22:45:00+00:00,3232.55,3241,3231.59,3240.93,3262.77,10568728.387
1722466800000,2024-07-31T23:00:00+00:00,3240.93,3241.88,3231.38,3233.32,3911.65,12659553.9759
1722467700000,2024-07-31T23:15:00+00:00,3233.32,3237.16,3224.56,3236.45,5725.05,18492348.1169
1722468600000,2024-07-31T23:30:00+00:00,3236.45,3237.49,3222.27,3229.86,2723.59,8797342.7629
1722469500000,2024-07-31T23:45:00+00:00,3229.86,3232.83,3225.35,3230.96,1861.05,6011788.0753
