timestamp_ms,datetime_utc,open,high,low,close,base_volume,quote_volume
1706745600000,2024-02-01T00:00:00+00:00,2281.18,2288,2280.48,2285.79,8160.62,18652664.2917
1706746500000,2024-02-01T00:15:00+00:00,2285.79,2288.41,2281.44,2283,9722.39,22210756.3139
1706747400000,2024-02-01T00:30:00+00:00,2283,2284.86,2269.92,2279.63,13975.14,31826367.7543
1706748300000,2024-02-01T00:45:00+00:00,2279.63,2284.19,2279.58,2281.73,12900.98,29439432.1779
1706749200000,2024-02-01T01:00:00+00:00,2281.73,2282.46,2268.77,2270.75,14172.4,32266243.8782
1706750100000,2024-02-01T01:15:00+00:00,2270.75,2271.19,2237,2252.54,26123.95,58854298.442
1706751000000,2024-02-01T01:30:00+00:00,2252.54,2255.54,2245.32,2254.27,15931.94,35858237.0945
1706751900000,2024-02-01T01:45:00+00:00,2254.27,2255.7,2241.6,2243.65,12780.44,28740904.5712
1706752800000,2024-02-01T02:00:00+00:00,2243.65,2252.21,2240.89,2251.02,12550.59,28197400.6731
1706753700000,2024-02-01T02:15:00+00:00,2251.02,2255.45,2248.46,2253.73,10754.81,24223048.3462
1706754600000,2024-02-01T02:30:00+00:00,2253.73,2256.58,2249.3,2256.14,8502.5,19165334.3339
1706755500000,2024-02-01T02:45:00+00:00,2256.14,2259.2,2254.59,2258.93,10066.51,22711948.1641
1706756400000,2024-02-01T03:00:00+00:00,2258.93,2260.82,2256.45,2260.63,9137.02,20636963.5954
1706757300000,2024-02-01T03:15:00+00:00,2260.63,2260.64,2254.98,2257,10858.02,24514270.6482
1706758200000,2024-02-01T03:30:00+00:00,2257,2261.56,2254.99,2260.09,6101.76,13775554.8774
1706759100000,2024-02-01T03:45:00+00:00,2260.09,2261.73,2254.3,2255.92,6863.4,15496110.2331
1706760000000,2024-02-01T04:00:00+00:00,2255.92,2258.74,2254.67,2256.78,4417.09,9968469.6767
1706760900000,2024-02-01T04:15:00+00:00,2256.78,2259.34,2256.02,2257.49,5684.82,12833775.0813
1706761800000,2024-02-01T04:30:00+00:00,2257.49,2266.53,2250.34,2263.78,9981.38,22552197.9864
1706762700000,2024-02-01T04:45:00+00:00,2263.78,2265.94,2260.54,2261.37,8949.65,20250484.195
1706763600000,2024-02-01T05:00:00+00:00,2261.37,2267.48,2260.41,2266.04,7367.07,16666147.8658
1706764500000,2024-02-01T05:15:00+00:00,2266.04,2267.03,2262,2262.38,7876.33,17832279.4251
1706765400000,2024-02-01T05:30:00+00:00,2262.38,2266.21,2261.38,2264.63,8280.78,18743667.6627
1706766300000,2024-02-01T05:45:00+00:00,2264.63,2267.35,2264.61,2267.07,9863.37,22349859.3877
1706767200000,2024-02-01T06:00:00+00:00,2267.07,2272.8,2267,2271.22,10418.24,23642261.9331
1706768100000,2024-02-01T06:15:00+00:00,2271.22,2271.89,2266.59,2268.7,9698.34,22000471.1257
1706769000000,2024-02-01T06:30:00+00:00,2268.7,2272.55,2268.21,2271.29,7081.04,16077641.8657
1706769900000,2024-02-01T06:45:00+00:00,2271.29,2273.29,2270.33,2273.29,6108.86,13875339.0424
1706770800000,2024-02-01T07:00:00+00:00,2273.29,2275,2271.01,2273.89,7075.02,16078919.3078
1706771700000,2024-02-01T07:15:00+00:00,2273.89,2276.21,2273.7,2275.27,5995.94,13640970.2942
1706772600000,2024-02-01T07:30:00+00:00,2275.27,2275.52,2272.69,2273.25,8147.32,18530248.889
1706773500000,2024-02-01T07:45:00+00:00,2273.25,2274.39,2269.69,2270.11,8063.5,18316515.1056
1706774400000,2024-02-01T08:00:00+00:00,2270.11,2271.12,2265.02,2267.11,7711.37,17491512.607
1706775300000,2024-02-01T08:15:00+00:00,2267.11,2271.84,2265.86,2269.21,9199,20870824.7474
1706776200000,2024-02-01T08:30:00+00:00,2269.21,2271.99,2268.39,2271.8,11690.6,26538451.67
1706777100000,2024-02-01T08:45:00+00:00,2271.8,2271.99,2268.9,2271.16,8402.85,19077393.0928
1706778000000,2024-02-01T09:00:00+00:00,2271.16,2271.71,2267.02,2269.57,7716.25,17510626.5511
1706778900000,2024-02-01T09:15:00+00:00,2269.57,2274.64,2269.57,2271.04,12973.9,29476178.2186
1706779800000,2024-02-01T09:30:00+00:00,2271.04,2272,2265.5,2266.63,12907.68,29270282.333
1706780700000,2024-02-01T09:45:00+00:00,2266.63,2266.8,2263.45,2266.67,15760.86,35704210.8348
1706781600000,2024-02-01T10:00:00+00:00,2266.67,2272.4,2264.59,2270.69,14992.74,34003971.7179
1706782500000,2024-02-01T10:15:00+00:00,2270.69,2276.88,2270.22,2273,14491.28,32947143.5897
1706783400000,2024-02-01T10:30:00+00:00,2273,2274,2266.36,2266.36,7467.7,16950886.6072
1706784300000,2024-02-01T10:45:00+00:00,2266.36,2268.03,2265.04,2265.99,6372.31,14442732.6697
1706785200000,2024-02-01T11:00:00+00:00,2265.99,2268.95,2265.32,2267.89,7272.9,16485832.4625
1706786100000,2024-02-01T11:15:00+00:00,2267.89,2268.12,2264.85,2267.5,6618.97,15001653.3773
1706787000000,2024-02-01T11:30:00+00:00,2267.5,2271.44,2267.19,2270.27,6193.28,14053311.9786
1706787900000,2024-02-01T11:45:00+00:00,2270.27,2270.28,2263.58,2265.43,6826,15466303.4813
1706788800000,2024-02-01T12:00:00+00:00,2265.43,2271.87,2261.36,2270.42,8287.45,18774298.1097
1706789700000,2024-02-01T12:15:00+00:00,2270.42,2272.85,2266.74,2272.78,7066.26,16036876.8529
1706790600000,2024-02-01T12:30:00+00:00,2272.78,2273.32,2269.33,2271.02,7601.12,17267893.4358
1706791500000,2024-02-01T12:45:00+00:00,2271.02,2272.64,2267.02,2269.42,9251.62,20996484.4375
1706792400000,2024-02-01T13:00:00+00:00,2269.42,2269.42,2261.7,2265.03,9153.17,20736047.3995
1706793300000,2024-02-01T13:15:00+00:00,2265.03,2273.36,2263,2272.62,12215.73,27726335.8667
1706794200000,2024-02-01T13:30:00+00:00,2272.62,2275.89,2268.87,2269.86,12161.86,27630604.2244
1706795100000,2024-02-01T13:45:00+00:00,2269.86,2272,2269.45,2270.34,9029.51,20503031.9479
1706796000000,2024-02-01T14:00:00+00:00,2270.34,2274.41,2268.76,2273.96,9510.34,21605144.7514
1706796900000,2024-02-01T14:15:00+00:00,2273.96,2282.93,2273.4,2278.65,16047.43,36575306.8981
1706797800000,2024-02-01T14:30:00+00:00,2278.65,2299.42,2278.16,2291.74,16702.26,38284280.9531
1706798700000,2024-02-01T14:45:00+00:00,2291.74,2296.6,2287.42,2295.68,8123.35,18608309.567
1706799600000,2024-02-01T15:00:00+00:00,2295.68,2307.29,2292.28,2304.14,11120.17,25588087.3236
1706800500000,2024-02-01T15:15:00+00:00,2304.14,2305.45,2295.98,2304.4,9612.32,22102846.9922
1706801400000,2024-02-01T15:30:00+00:00,2304.4,2306.9,2293.75,2294.99,18053.92,41492809.9608
1706802300000,2024-02-01T15:45:00+00:00,2294.99,2297.72,2286.01,2287.35,15045.35,34487019.1308
1706803200000,2024-02-01T16:00:00+00:00,2287.35,2290.31,2284.78,2289.63,14821.7,33913600.496
1706804100000,2024-02-01T16:15:00+00:00,2289.63,2292.36,2278.42,2282.24,15790.95,36077338.8987
1706805000000,2024-02-01T16:30:00+00:00,2282.24,2283.53,2267.08,2283.42,14720.72,33503796.2401
1706805900000,2024-02-01T16:45:00+00:00,2283.42,2292.23,2283.09,2290.63,11594.74,26536255.2271
1706806800000,2024-02-01T17:00:00+00:00,2290.63,2301.43,2289.61,2298.41,14905.43,34216480.4284
1706807700000,2024-02-01T17:15:00+00:00,2298.41,2310.78,2294.49,2305,15887.5,36572815.421
1706808600000,2024-02-01T17:30:00+00:00,2305,2310.33,2298.65,2301.46,17528.88,40407276.2642
1706809500000,2024-02-01T17:45:00+00:00,2301.46,2305,2298.41,2303.02,15791.75,36352327.6742
1706810400000,2024-02-01T18:00:00+00:00,2303.02,2304.23,2294.4,2301.52,14944.74,34368803.7581
1706811300000,2024-02-01T18:15:00+00:00,2301.52,2306.47,2294.03,2296.87,13310.92,30632440.9
1706812200000,2024-02-01T18:30:00+00:00,2296.87,2299.42,2292.41,2295.42,9499.95,21817079.9999
1706813100000,2024-02-01T18:45:00+00:00,2295.42,2297.03,2291.4,2294.51,10053.94,23063571.8476
1706814000000,2024-02-01T19:00:00+00:00,2294.51,2299.19,2294.5,2295.5,7710.79,17707896.6987
1706814900000,2024-02-01T19:15:00+00:00,2295.5,2297,2289.78,2293.05,8521.51,19549075.8959
1706815800000,2024-02-01T19:30:00+00:00,2293.05,2299.14,2291.2,2298.73,6229.71,14300523.6376
1706816700000,2024-02-01T19:45:00+00:00,2298.73,2308.26,2298.24,2303.6,6951.39,16012409.491
1706817600000,2024-02-01T20:00:00+00:00,2303.6,2305.47,2298.57,2300.53,5234.29,12042376.4982
1706818500000,2024-02-01T20:15:00+00:00,2300.53,2302.78,2297.59,2300.2,6548.81,15065787.4501
1706819400000,2024-02-01T20:30:00+00:00,2300.2,2302,2298.24,2301.01,7520.78,17297840.6821
1706820300000,2024-02-01T20:45:00+00:00,2301.01,2303.28,2294.61,2297.96,5629.18,12940251.3223
1706821200000,2024-02-01T21:00:00+00:00,2297.96,2308.79,2295.62,2304.58,7142.79,16445088.5679
1706822100000,2024-02-01T21:15:00+00:00,2304.58,2307.3,2301.43,2302.23,8065.25,18579194.4126
1706823000000,2024-02-01T21:30:00+00:00,2302.23,2302.92,2298.04,2301.02,14613.12,33621473.5693
1706823900000,2024-02-01T21:45:00+00:00,2301.02,2304.83,2299.62,2303.53,13923.15,32061828.7708
1706824800000,2024-02-01T22:00:00+00:00,2303.53,2303.53,2300,2301.91,11347.33,26118008.4108
1706825700000,2024-02-01T22:15:00+00:00,2301.91,2303.11,2298.63,2298.71,13801.57,31746642.1239
1706826600000,2024-02-01T22:30:00+00:00,2298.71,2298.71,2285,2291.97,14737.37,33810677.8294
1706827500000,2024-02-01T22:45:00+00:00,2291.97,2296.5,2288.12,2295.21,12732.49,29197054.0006
1706828400000,2024-02-01T23:00:00+00:00,2295.21,2297.84,2293.4,2295.48,13818.33,31719268.3019
1706829300000,2024-02-01T23:15:00+00:00,2295.48,2297.55,2293.82,2296.11,8632.69,19819189.9597
1706830200000,2024-02-01T23:30:00+00:00,2296.11,2300.53,2295.75,2300.38,5415.91,12447006.969
1706831100000,2024-02-01T23:45:00+00:00,2300.38,2303.57,2300.38,2302.76,5531.85,12733311.6867
1706832000000,2024-02-02T00:00:00+00:00,2302.76,2306.38,2299.16,2305.7,5658.26,13026697.9287
1706832900000,2024-02-02T00:15:00+00:00,2305.7,2319.42,2304.73,2311.87,11291.37,26111794.0672
1706833800000,2024-02-02T00:30:00+00:00,2311.87,2314.51,2308.76,2309.53,11104.2,25664108.9826
1706834700000,2024-02-02T00:45:00+00:00,2309.53,2311.99,2308.49,2309.08,11514.82,26599231.3089
1706835600000,2024-02-02T01:00:00+00:00,2309.08,2316.43,2308.09,2314.67,13533.9,31299178.4834
1706836500000,2024-02-02T01:15:00+00:00,2314.67,2316,2310.31,2312.35,13094.96,30287324.8386
1706837400000,2024-02-02T01:30:00+00:00,2312.35,2312.42,2305.06,2306.94,9635.67,22240046.6199
1706838300000,2024-02-02T01:45:00+00:00,2306.94,2307.28,2304.59,2304.92,10475.48,24157262.4456
1706839200000,2024-02-02T02:00:00+00:00,2304.92,2306.35,2302.65,2304.77,9078.15,20922791.1271
1706840100000,2024-02-02T02:15:00+00:00,2304.77,2305.22,2296.77,2297.59,14006.5,32233693.856
1706841000000,2024-02-02T02:30:00+00:00,2297.59,2302.39,2297.55,2301.43,12371.58,28453191.1551
1706841900000,2024-02-02T02:45:00+00:00,2301.43,2301.43,2299.42,2300.44,12845.56,29552493.2517
1706842800000,2024-02-02T03:00:00+00:00,2300.44,2302.68,2299.26,2300.21,11956.29,27510932.4093
1706843700000,2024-02-02T03:15:00+00:00,2300.21,2303.6,2299.75,2302.79,10423.97,23986908.2697
1706844600000,2024-02-02T03:30:00+00:00,2302.79,2303.43,2300.03,2300.16,4723.57,10874575.4832
1706845500000,2024-02-02T03:45:00+00:00,2300.16,2300.96,2299.64,2299.73,5349.92,12306553.3845
1706846400000,2024-02-02T04:00:00+00:00,2299.73,2300.8,2297.3,2299.43,4985.45,11463285.5379
1706847300000,2024-02-02T04:15:00+00:00,2299.43,2303.01,2299.09,2300.27,4605.15,10594689.4762
1706848200000,2024-02-02T04:30:00+00:00,2300.27,2300.61,2297.41,2297.64,6016.04,13828363.1558
1706849100000,2024-02-02T04:45:00+00:00,2297.64,2298.07,2294.97,2296.46,5944.82,13652115.7342
1706850000000,2024-02-02T05:00:00+00:00,2296.46,2298.29,2295,2296.4,8190.75,18807701.931
1706850900000,2024-02-02T05:15:00+00:00,2296.4,2298.15,2295.12,2297.61,6868.63,15778687.8903
1706851800000,2024-02-02T05:30:00+00:00,2297.61,2298.27,2296,2298.27,11036.84,25351790.4953
1706852700000,2024-02-02T05:45:00+00:00,2298.27,2305.82,2298.08,2303.38,13023.01,29972094.8312
1706853600000,2024-02-02T06:00:00+00:00,2303.38,2306.58,2302.36,2302.83,13079.6,30135725.7696
1706854500000,2024-02-02T06:15:00+00:00,2302.83,2307.41,2302.8,2307.4,11646.56,26841779.8313
1706855400000,2024-02-02T06:30:00+00:00,2307.4,2308.77,2305.64,2308.32,12299,28374770.7742
1706856300000,2024-02-02T06:45:00+00:00,2308.32,2313.13,2307.69,2308.73,10431.84,24090616.6149
1706857200000,2024-02-02T07:00:00+00:00,2308.73,2314.43,2306.26,2311.46,12447.16,28745869.5003
1706858100000,2024-02-02T07:15:00+00:00,2311.46,2313.9,2307.07,2313.14,11171.69,25808603.3202
1706859000000,2024-02-02T07:30:00+00:00,2313.14,2318.06,2311.86,2316.59,6511.54,15075766.3036
1706859900000,2024-02-02T07:45:00+00:00,2316.59,2317.62,2311.95,2311.98,5446.56,12609311.6062
1706860800000,2024-02-02T08:00:00+00:00,2311.98,2313.29,2307.54,2307.79,5728.15,13240548.9608
1706861700000,2024-02-02T08:15:00+00:00,2307.79,2312.34,2305.46,2309.39,6528.65,15077099.7302
1706862600000,2024-02-02T08:30:00+00:00,2309.39,2311.61,2307.39,2307.82,13587.2,31375062.3866
1706863500000,2024-02-02T08:45:00+00:00,2307.82,2309.91,2303.94,2309.09,14269.24,32913893.8495
1706864400000,2024-02-02T09:00:00+00:00,2309.09,2310.44,2306.66,2306.67,11809.53,27260020.181
1706865300000,2024-02-02T09:15:00+00:00,2306.67,2312,2305.59,2311.47,10991.14,25375665.8624
1706866200000,2024-02-02T09:30:00+00:00,2311.47,2311.99,2308.82,2311.99,9023.72,20848202.5505
1706867100000,2024-02-02T09:45:00+00:00,2311.99,2312.16,2307.41,2308.01,6697.09,15465762.7741
1706868000000,2024-02-02T10:00:00+00:00,2308.01,2309,2303.3,2305.41,7651.95,17644077.6428
1706868900000,2024-02-02T10:15:00+00:00,2305.41,2308.88,2305.05,2308.53,7206.2,16629789.1202
1706869800000,2024-02-02T10:30:00+00:00,2308.53,2311.61,2307.79,2308.67,5933.8,13701384.5983
1706870700000,2024-02-02T10:45:00+00:00,2308.67,2311,2307.56,2310.38,7676.52,17728159.3902
1706871600000,2024-02-02T11:00:00+00:00,2310.38,2310.51,2308,2308.23,6907.05,15949425.3719
1706872500000,2024-02-02T11:15:00+00:00,2308.23,2315,2307.67,2314.04,7236.68,16717074.7092
1706873400000,2024-02-02T11:30:00+00:00,2314.04,2317.59,2313.24,2315.77,7203.45,16678123.0486
1706874300000,2024-02-02T11:45:00+00:00,2315.77,2317.95,2313.84,2316.65,4677.69,10830928.065
1706875200000,2024-02-02T12:00:00+00:00,2316.65,2322.94,2313.49,2319.78,7655.37,17735363.2924
1706876100000,2024-02-02T12:15:00+00:00,2319.78,2323.82,2318.01,2319.65,7330.9,17014658.5697
1706877000000,2024-02-02T12:30:00+00:00,2319.65,2320.19,2311.82,2314.02,10166.44,23541468.8055
1706877900000,2024-02-02T12:45:00+00:00,2314.02,2315.6,2312.09,2312.99,10047.25,23243872.183
1706878800000,2024-02-02T13:00:00+00:00,2312.99,2314.39,2311.14,2311.4,11365.44,26287214.8863
1706879700000,2024-02-02T13:15:00+00:00,2311.4,2313.56,2310.13,2313.44,10910.19,25224445.2645
1706880600000,2024-02-02T13:30:00+00:00,2313.44,2313.44,2295.22,2299.07,19319.18,44439835.6897
1706881500000,2024-02-02T13:45:00+00:00,2299.07,2299.99,2287.23,2290.84,20068.84,45989169.8077
1706882400000,2024-02-02T14:00:00+00:00,2290.84,2292.73,2280.57,2291.08,18847.36,43101749.4763
1706883300000,2024-02-02T14:15:00+00:00,2291.08,2291.78,2282.72,2288.28,10534.96,24095005.0772
1706884200000,2024-02-02T14:30:00+00:00,2288.28,2291.78,2286.73,2290,11120.45,25460288.0005
1706885100000,2024-02-02T14:45:00+00:00,2290,2297.02,2288.75,2290.58,13001.15,29805889.0142
1706886000000,2024-02-02T15:00:00+00:00,2290.58,2309.42,2289.29,2307.47,14609.42,33577867.9342
1706886900000,2024-02-02T15:15:00+00:00,2307.47,2308.79,2299.68,2304.42,9868.3,22734955.3894
1706887800000,2024-02-02T15:30:00+00:00,2304.42,2316.46,2300.06,2315.31,7937.35,18310253.3315
1706888700000,2024-02-02T15:45:00+00:00,2315.31,2315.5,2307.85,2312.51,6914.83,15976561.3018
1706889600000,2024-02-02T16:00:00+00:00,2312.51,2322.66,2310.61,2313.43,11671.16,27039103.6435
1706890500000,2024-02-02T16:15:00+00:00,2313.43,2313.43,2301.5,2304.28,9512.62,21935769.9614
1706891400000,2024-02-02T16:30:00+00:00,2304.28,2306.91,2301.44,2301.69,8819.83,20318686.5104
1706892300000,2024-02-02T16:45:00+00:00,2301.69,2305.65,2299.53,2304.44,7670.6,17666912.6467
1706893200000,2024-02-02T17:00:00+00:00,2304.44,2308.21,2303.19,2307.6,7691.89,17734862.4282
1706894100000,2024-02-02T17:15:00+00:00,2307.6,2310,2302.43,2302.57,8971.25,20677922.3806
1706895000000,2024-02-02T17:30:00+00:00,2302.57,2305.95,2296.25,2296.4,10198.71,23475505.1497
1706895900000,2024-02-02T17:45:00+00:00,2296.4,2299.59,2287.73,2291.28,12297.69,28225832.1029
1706896800000,2024-02-02T18:00:00+00:00,2291.28,2293.41,2284.49,2290.95,11592.22,26543858.8057
1706897700000,2024-02-02T18:15:00+00:00,2290.95,2294.78,2290.7,2291.92,9938.31,22789372.7572
1706898600000,2024-02-02T18:30:00+00:00,2291.92,2295.1,2290.56,2291.29,8907.86,20423360.3256
1706899500000,2024-02-02T18:45:00+00:00,2291.29,2293.4,2288.11,2292.98,8475.18,19415915.735
1706900400000,2024-02-02T19:00:00+00:00,2292.98,2299.43,2292.79,2296.72,8660.99,19893774.9562
1706901300000,2024-02-02T19:15:00+00:00,2296.72,2296.95,2291.39,2294.56,11356.44,26055392.6728
1706902200000,2024-02-02T19:30:00+00:00,2294.56,2296.11,2292.88,2295.5,12195.68,27985259.0554
1706903100000,2024-02-02T19:45:00+00:00,2295.5,2300.09,2295.17,2300.08,10086.39,23172980.0489
1706904000000,2024-02-02T20:00:00+00:00,2300.08,2302.42,2297.01,2298.28,12401.6,28512660.659
1706904900000,2024-02-02T20:15:00+00:00,2298.28,2300.46,2297.23,2300.18,10459.61,24042679.8972
1706905800000,2024-02-02T20:30:00+00:00,2300.18,2301.1,2297.01,2297.1,8900.28,20467898.909
1706906700000,2024-02-02T20:45:00+00:00,2297.1,2299.59,2293.35,2296.24,7832.35,17987612.3332
1706907600000,2024-02-02T21:00:00+00:00,2296.24,2298.18,2295.3,2296.96,8934.47,20519198.4158
1706908500000,2024-02-02T21:15:00+00:00,2296.96,2300.4,2296.96,2299.95,8778.74,20183485.9628
1706909400000,2024-02-02T21:30:00+00:00,2299.95,2299.95,2295.39,2295.62,8526.04,19592221.9077
1706910300000,2024-02-02T21:45:00+00:00,2295.62,2297.78,2294.47,2294.56,7551.44,17340817.4239
1706911200000,2024-02-02T22:00:00+00:00,2294.56,2301.72,2294.28,2300.87,8306.21,19078245.4527
1706912100000,2024-02-02T22:15:00+00:00,2300.87,2308.99,2300.87,2306.54,8408.9,19377707.6985
1706913000000,2024-02-02T22:30:00+00:00,2306.54,2306.94,2303.21,2305.62,6712.56,15473710.49
1706913900000,2024-02-02T22:45:00+00:00,2305.62,2308,2304.27,2307.33,7821.83,18038302.5292
1706914800000,2024-02-02T23:00:00+00:00,2307.33,2308.43,2304.18,2304.96,6950.84,16032174.2717
1706915700000,2024-02-02T23:15:00+00:00,2304.96,2305.62,2303.46,2304.62,7180.49,16548166.8776
1706916600000,2024-02-02T23:30:00+00:00,2304.62,2305.99,2304.04,2305.22,10582.5,24393048.7309
1706917500000,2024-02-02T23:45:00+00:00,2305.22,2307.97,2305.15,2307.43,11505.44,26536244.674
1706918400000,2024-02-03T00:00:00+00:00,2307.43,2308.27,2304.92,2307.26,11342.33,26162200.8108
1706919300000,2024-02-03T00:15:00+00:00,2307.26,2319,2307.22,2317.93,10743.14,24850280.8448
1706920200000,2024-02-03T00:30:00+00:00,2317.93,2319.74,2316.55,2317.7,7011.99,16255102.0792
1706921100000,2024-02-03T00:45:00+00:00,2317.7,2317.7,2311.27,2312.91,9335.75,21601112.9917
1706922000000,2024-02-03T01:00:00+00:00,2312.91,2318.42,2312.23,2317.58,6394.31,14815350.8337
1706922900000,2024-02-03T01:15:00+00:00,2317.58,2329.45,2317.52,2325.43,9917.84,23047309.6315
1706923800000,2024-02-03T01:30:00+00:00,2325.43,2326.12,2320.4,2326.12,7819.25,18165491.274
1706924700000,2024-02-03T01:45:00+00:00,2326.12,2328,2321.93,2324.28,7171.63,16671662.2291
1706925600000,2024-02-03T02:00:00+00:00,2324.28,2326,2318.42,2318.64,7858.26,18239250.5715
1706926500000,2024-02-03T02:15:00+00:00,2318.64,2325.71,2317.45,2321.91,8619.88,20025327.7107
1706927400000,2024-02-03T02:30:00+00:00,2321.91,2323,2320.12,2321.06,15986.18,37119923.669
1706928300000,2024-02-03T02:45:00+00:00,2321.06,2321.79,2318.35,2321.33,12760.94,29604127.5332
1706929200000,2024-02-03T03:00:00+00:00,2321.33,2324.82,2320.37,2323.95,13492.64,31334942.7213
1706930100000,2024-02-03T03:15:00+00:00,2323.95,2325.12,2319.1,2320.43,14644.31,34003893.0369
1706931000000,2024-02-03T03:30:00+00:00,2320.43,2321.32,2318.78,2319.68,9890.58,22948477.7878
1706931900000,2024-02-03T03:45:00+00:00,2319.68,2322,2319.44,2320,8814.22,20453297.9332
1706932800000,2024-02-03T04:00:00+00:00,2320,2321.41,2318.97,2320.68,11341.43,26318222.4986
1706933700000,2024-02-03T04:15:00+00:00,2320.68,2323.91,2320.22,2320.66,11937.57,27713428.8584
1706934600000,2024-02-03T04:30:00+00:00,2320.66,2322.99,2319.02,2321.8,15099.53,35041876.3536
1706935500000,2024-02-03T04:45:00+00:00,2321.8,2321.8,2319.36,2319.67,15084.46,35000505.9451
1706936400000,2024-02-03T05:00:00+00:00,2319.67,2322.99,2318.94,2322.99,15909.13,36916344.795
1706937300000,2024-02-03T05:15:00+00:00,2322.99,2323.79,2320.72,2321.12,13944.37,32379112.4126
1706938200000,2024-02-03T05:30:00+00:00,2321.12,2322.73,2319.2,2320.01,12126.51,28148105.5494
1706939100000,2024-02-03T05:45:00+00:00,2320.01,2322.79,2319.17,2322.64,10690.86,24814689.2848
1706940000000,2024-02-03T06:00:00+00:00,2322.64,2322.76,2315.39,2317.58,13683.03,31739816.7893
1706940900000,2024-02-03T06:15:00+00:00,2317.58,2320.67,2315.36,2320.02,11160.69,25873463.0889
1706941800000,2024-02-03T06:30:00+00:00,2320.02,2320.06,2315.56,2319,5707.91,13234604.8099
1706942700000,2024-02-03T06:45:00+00:00,2319,2320.78,2317.96,2319.38,6741.33,15633932.8431
1706943600000,2024-02-03T07:00:00+00:00,2319.38,2320.18,2315.01,2315.76,6597.65,15293121.4106
1706944500000,2024-02-03T07:15:00+00:00,2315.76,2318.05,2314.3,2317.01,6669.96,15455238.0092
1706945400000,2024-02-03T07:30:00+00:00,2317.01,2319.15,2313.25,2314.6,9789.27,22681134.4472
1706946300000,2024-02-03T07:45:00+00:00,2314.6,2314.73,2311.39,2312.87,9245.49,21386406.3428
1706947200000,2024-02-03T08:00:00+00:00,2312.87,2315,2312.55,2313.64,11184.76,25880407.2798
1706948100000,2024-02-03T08:15:00+00:00,2313.64,2314.12,2309.18,2310.31,10430.46,24118510.5631
1706949000000,2024-02-03T08:30:00+00:00,2310.31,2311.81,2310.01,2311.03,5248.66,12129442.626
1706949900000,2024-02-03T08:45:00+00:00,2311.03,2311.16,2304.87,2306.51,8461.54,19528372.7653
1706950800000,2024-02-03T09:00:00+00:00,2306.51,2309.91,2306.51,2309.08,6930.89,16001326.6301
1706951700000,2024-02-03T09:15:00+00:00,2309.08,2312.31,2308.9,2311.02,8027.45,18553187.3535
1706952600000,2024-02-03T09:30:00+00:00,2311.02,2314.51,2310.83,2314.25,14041.95,32471791.5347
1706953500000,2024-02-03T09:45:00+00:00,2314.25,2315.08,2312.63,2313.56,11902.04,27539388.0428
1706954400000,2024-02-03T10:00:00+00:00,2313.56,2313.57,2310.69,2310.76,14299.09,33062822.5114
1706955300000,2024-02-03T10:15:00+00:00,2310.76,2313.17,2310.76,2312.72,11355.57,26257270.8132
1706956200000,2024-02-03T10:30:00+00:00,2312.72,2312.73,2308.88,2311.05,13691.68,31641767.8025
1706957100000,2024-02-03T10:45:00+00:00,2311.05,2312.62,2310,2312.62,13656.5,31572464.5231
1706958000000,2024-02-03T11:00:00+00:00,2312.62,2312.62,2309.37,2309.5,11423.39,26402654.9089
1706958900000,2024-02-03T11:15:00+00:00,2309.5,2309.93,2303.9,2304.44,14177.89,32715076.5619
1706959800000,2024-02-03T11:30:00+00:00,2304.44,2304.57,2298.09,2302.66,16917.38,38928240.0328
1706960700000,2024-02-03T11:45:00+00:00,2302.66,2304,2300.25,2301.91,12215.26,28124412.6576
1706961600000,2024-02-03T12:00:00+00:00,2301.91,2304.03,2300.27,2303.85,15621.24,35964548.1793
1706962500000,2024-02-03T12:15:00+00:00,2303.85,2305.76,2303,2303,11224.89,25868809.4541
1706963400000,2024-02-03T12:30:00+00:00,2303,2304.42,2301.81,2303.42,10439.39,24043123.3692
1706964300000,2024-02-03T12:45:00+00:00,2303.42,2305.57,2302.86,2303.28,9739.47,22445461.5263
1706965200000,2024-02-03T13:00:00+00:00,2303.28,2305.19,2301.5,2302.2,9881.17,22761811.5793
1706966100000,2024-02-03T13:15:00+00:00,2302.2,2305.3,2302.2,2304.35,8737.7,20132934.3567
1706967000000,2024-02-03T13:30:00+00:00,2304.35,2305.4,2302.98,2304.7,9234.6,21278677.3032
1706967900000,2024-02-03T13:45:00+00:00,2304.7,2306.8,2304.18,2305.45,12037.45,27746916.4976
1706968800000,2024-02-03T14:00:00+00:00,2305.45,2305.64,2299.51,2302.55,11753.03,27065999.8118
1706969700000,2024-02-03T14:15:00+00:00,2302.55,2304.2,2301.35,2302.74,11843.93,27270897.295
1706970600000,2024-02-03T14:30:00+00:00,2302.74,2304.53,2301.18,2302.15,10334.94,23802183.3502
1706971500000,2024-02-03T14:45:00+00:00,2302.15,2302.33,2299.4,2300,10947.94,25188351.038
1706972400000,2024-02-03T15:00:00+00:00,2300,2300,2290.57,2298,15350.86,35235872.6318
1706973300000,2024-02-03T15:15:00+00:00,2298,2304.11,2295.38,2303.46,10067.35,23160268.1629
1706974200000,2024-02-03T15:30:00+00:00,2303.46,2308.55,2300.94,2306.77,11913.55,27441797.7918
1706975100000,2024-02-03T15:45:00+00:00,2306.77,2307.16,2301.58,2302.26,10512.14,24225930.5864
1706976000000,2024-02-03T16:00:00+00:00,2302.26,2309.97,2301.55,2308.71,10156.97,23407344.8164
1706976900000,2024-02-03T16:15:00+00:00,2308.71,2312.12,2305.74,2306.05,9353.22,21595455.8063
1706977800000,2024-02-03T16:30:00+00:00,2306.05,2307.65,2303.45,2305.44,10779.74,24850442.1545
1706978700000,2024-02-03T16:45:00+00:00,2305.44,2306.75,2303.71,2304.18,8649.2,19934958.6273
1706979600000,2024-02-03T17:00:00+00:00,2304.18,2306.63,2303.71,2305.88,8661.14,19965555.6327
1706980500000,2024-02-03T17:15:00+00:00,2305.88,2306.26,2303.36,2303.36,8759.59,20190488.0657
1706981400000,2024-02-03T17:30:00+00:00,2303.36,2307.15,2302.44,2306.46,8598.03,19817647.4366
1706982300000,2024-02-03T17:45:00+00:00,2306.46,2310.69,2305.81,2307.18,11550.73,26666316.3269
1706983200000,2024-02-03T18:00:00+00:00,2307.18,2307.55,2304.23,2305.97,8666.25,19987284.2287
1706984100000,2024-02-03T18:15:00+00:00,2305.97,2305.97,2301.71,2304.85,9202.09,21207324.4313
1706985000000,2024-02-03T18:30:00+00:00,2304.85,2304.96,2295.69,2295.69,8378.42,19261721.2777
1706985900000,2024-02-03T18:45:00+00:00,2295.69,2298.26,2295,2297.19,7327.58,16831315.7148
1706986800000,2024-02-03T19:00:00+00:00,2297.19,2299.5,2295.01,2298.79,5389.37,12384447.3434
1706987700000,2024-02-03T19:15:00+00:00,2298.79,2300.81,2298.2,2299.26,8054.41,18522219.935
1706988600000,2024-02-03T19:30:00+00:00,2299.26,2300.42,2298.5,2300.35,8406.14,19329930.6322
1706989500000,2024-02-03T19:45:00+00:00,2300.35,2301.88,2299.22,2301.88,8116.08,18672205.8153
1706990400000,2024-02-03T20:00:00+00:00,2301.88,2301.88,2298.85,2300.44,7244.36,16666942.1407
1706991300000,2024-02-03T20:15:00+00:00,2300.44,2300.93,2298.5,2300.62,7417.62,17058382.3914
1706992200000,2024-02-03T20:30:00+00:00,2300.62,2304.32,2299.58,2302.42,5846.83,13460548.9701
1706993100000,2024-02-03T20:45:00+00:00,2302.42,2303.41,2300.7,2300.96,4198.82,9664071.5314
1706994000000,2024-02-03T21:00:00+00:00,2300.96,2303.65,2300.96,2302.09,4367.77,10056409.168
1706994900000,2024-02-03T21:15:00+00:00,2302.09,2303.95,2297.98,2299.37,6022.03,13855257.0154
1706995800000,2024-02-03T21:30:00+00:00,2299.37,2299.94,2298.07,2299.59,8056.54,18522403.9781
1706996700000,2024-02-03T21:45:00+00:00,2299.59,2299.84,2295.32,2298.84,7550.8,17352857.8151
1706997600000,2024-02-03T22:00:00+00:00,2298.84,2300.28,2295.19,2296.98,7905.87,18169565.0095
1706998500000,2024-02-03T22:15:00+00:00,2296.98,2298.67,2296.94,2297.71,7464.91,17151788.7615
1706999400000,2024-02-03T22:30:00+00:00,2297.71,2297.97,2296.18,2296.22,8875.51,20389423.264
1707000300000,2024-02-03T22:45:00+00:00,2296.22,2296.99,2296,2296.62,7054.38,16199872.4473
1707001200000,2024-02-03T23:00:00+00:00,2296.62,2299.38,2296.54,2297.05,7027.57,16150790.0473
1707002100000,2024-02-03T23:15:00+00:00,2297.05,2297.75,2291.7,2294.4,8491.1,19479810.3668
1707003000000,2024-02-03T23:30:00+00:00,2294.4,2294.4,2291.84,2292.51,6039.08,13846596.4133
1707003900000,2024-02-03T23:45:00+00:00,2292.51,2294.84,2292.28,2294.84,6445.11,14782561.7223
1707004800000,2024-02-04T00:00:00+00:00,2294.84,2295.34,2289.18,2292.49,7285.06,16701587.3021
1707005700000,2024-02-04T00:15:00+00:00,2292.49,2296.29,2289.55,2291.68,8564.23,19640695.1783
1707006600000,2024-02-04T00:30:00+00:00,2291.68,2297.03,2289.44,2295.96,11312.5,25948309.4508
1707007500000,2024-02-04T00:45:00+00:00,2295.96,2298.01,2294.99,2298.01,11345.47,26055823.2665
1707008400000,2024-02-04T01:00:00+00:00,2298.01,2298.08,2294.31,2296.7,10895.26,25012326.1319
1707009300000,2024-02-04T01:15:00+00:00,2296.7,2300,2296.66,2299.84,10833.09,24902764.9903
1707010200000,2024-02-04T01:30:00+00:00,2299.84,2302.43,2298.24,2301,10355.66,23823021.0578
1707011100000,2024-02-04T01:45:00+00:00,2301,2304.99,2300.51,2303.64,12959.29,29845889.5761
1707012000000,2024-02-04T02:00:00+00:00,2303.64,2304.48,2301.54,2302.67,10111.3,23284533.5017
1707012900000,2024-02-04T02:15:00+00:00,2302.67,2305.15,2302.12,2302.48,11357.46,26161275.059
1707013800000,2024-02-04T02:30:00+00:00,2302.48,2302.58,2301,2302.21,6207.46,14288296.8429
1707014700000,2024-02-04T02:45:00+00:00,2302.21,2302.86,2301.37,2301.89,7624.8,17552427.2895
1707015600000,2024-02-04T03:00:00+00:00,2301.89,2303.84,2301.35,2303.84,5652.19,13013515.4975
1707016500000,2024-02-04T03:15:00+00:00,2303.84,2303.99,2302.72,2303.07,7460.75,17185339.4699
1707017400000,2024-02-04T03:30:00+00:00,2303.07,2303.5,2302.47,2302.6,9568.03,22033340.302
1707018300000,2024-02-04T03:45:00+00:00,2302.6,2303.39,2301,2301.5,9863.95,22701453.4619
1707019200000,2024-02-04T04:00:00+00:00,2301.5,2301.83,2298.4,2298.64,9287,21355837.1668
1707020100000,2024-02-04T04:15:00+00:00,2298.64,2299.32,2292.18,2294.03,11225.05,25780999.6066
1707021000000,2024-02-04T04:30:00+00:00,2294.03,2296.77,2294.02,2296.2,8730.07,20044091.9428
1707021900000,2024-02-04T04:45:00+00:00,2296.2,2297.61,2295,2295.81,8370.5,19222032.6728
1707022800000,2024-02-04T05:00:00+00:00,2295.81,2300.6,2294.95,2299.83,8293.92,19056170.9745
1707023700000,2024-02-04T05:15:00+00:00,2299.83,2302.66,2296.72,2300.37,8497.6,19546167.0712
1707024600000,2024-02-04T05:30:00+00:00,2300.37,2301.48,2298.29,2300.45,8170.93,18794106.1462
1707025500000,2024-02-04T05:45:00+00:00,2300.45,2300.45,2298,2298.41,7827.28,17995197.3228
1707026400000,2024-02-04T06:00:00+00:00,2298.41,2300.79,2297.19,2300.11,8581.59,19733795.6122
1707027300000,2024-02-04T06:15:00+00:00,2300.11,2301.38,2295.18,2295.86,9205,21155484.7499
1707028200000,2024-02-04T06:30:00+00:00,2295.86,2297.79,2293.49,2295.42,9278.55,21299251.2852
1707029100000,2024-02-04T06:45:00+00:00,2295.42,2295.42,2285,2285.94,11997.98,27486533.8385
1707030000000,2024-02-04T07:00:00+00:00,2285.94,2291.72,2285,2288.79,11506.51,26344949.7016
1707030900000,2024-02-04T07:15:00+00:00,2288.79,2289.95,2285.33,2288.69,10573.71,24191663.4848
1707031800000,2024-02-04T07:30:00+00:00,2288.69,2289.6,2286.71,2287.73,4516.45,10333680.2408
1707032700000,2024-02-04T07:45:00+00:00,2287.73,2290.75,2287.51,2289.09,5950.5,13621585.307
1707033600000,2024-02-04T08:00:00+00:00,2289.09,2290.54,2287.84,2289.65,4942.6,11313900.2201
1707034500000,2024-02-04T08:15:00+00:00,2289.65,2289.99,2288.94,2289.52,6671.18,15272643.3569
1707035400000,2024-02-04T08:30:00+00:00,2289.52,2291.71,2288.74,2290.54,7823.78,17913512.3004
1707036300000,2024-02-04T08:45:00+00:00,2290.54,2291.06,2288,2288.89,6307.11,14439013.9049
1707037200000,2024-02-04T09:00:00+00:00,2288.89,2289.43,2285,2285.7,8134.96,18603856.4363
1707038100000,2024-02-04T09:15:00+00:00,2285.7,2296,2285.18,2295.28,7074,16208485.7178
1707039000000,2024-02-04T09:30:00+00:00,2295.28,2301.45,2295.28,2298.07,8517.23,19582457.5316
1707039900000,2024-02-04T09:45:00+00:00,2298.07,2304.4,2298.07,2301.94,7124.36,16400024.0767
1707040800000,2024-02-04T10:00:00+00:00,2301.94,2303.42,2299.7,2300.69,5109.58,11758620.1919
1707041700000,2024-02-04T10:15:00+00:00,2300.69,2301.25,2297.73,2300.65,6074.23,13967534.1996
1707042600000,2024-02-04T10:30:00+00:00,2300.65,2300.67,2298.08,2299.02,7925.47,18224243.9728
1707043500000,2024-02-04T10:45:00+00:00,2299.02,2299.91,2295.77,2299.34,7656.3,17598285.0855
1707044400000,2024-02-04T11:00:00+00:00,2299.34,2303.5,2298.01,2303.5,7243.63,16663087.9272
1707045300000,2024-02-04T11:15:00+00:00,2303.5,2304.89,2302.41,2303.82,8012.81,18458741.8173
1707046200000,2024-02-04T11:30:00+00:00,2303.82,2308.96,2303.51,2306.56,15363.2,35426976.1643
1707047100000,2024-02-04T11:45:00+00:00,2306.56,2307.46,2304.38,2304.48,12007.73,27691411.4515
1707048000000,2024-02-04T12:00:00+00:00,2304.48,2306.85,2303.55,2305.8,14249.95,32848141.083
1707048900000,2024-02-04T12:15:00+00:00,2305.8,2308.21,2305.19,2307.09,11751.01,27108606.533
1707049800000,2024-02-04T12:30:00+00:00,2307.09,2307.7,2304.41,2304.41,10617.26,24492492.541
1707050700000,2024-02-04T12:45:00+00:00,2304.41,2304.78,2301.88,2301.88,11771.24,27109808.8799
1707051600000,2024-02-04T13:00:00+00:00,2301.88,2303.11,2301.18,2302.02,8484.25,19530928.8422
1707052500000,2024-02-04T13:15:00+00:00,2302.02,2304.27,2301.49,2304,9790.18,22547760.8696
1707053400000,2024-02-04T13:30:00+00:00,2304,2305.83,2301.54,2301.9,10595.06,24399343.0606
1707054300000,2024-02-04T13:45:00+00:00,2301.9,2303.16,2301.83,2302.86,9281.32,21371029.1093
1707055200000,2024-02-04T14:00:00+00:00,2302.86,2305.42,2302.18,2305.19,10427.43,24019181.5101
1707056100000,2024-02-04T14:15:00+00:00,2305.19,2305.62,2302.78,2305.42,11968.05,27582703.7423
1707057000000,2024-02-04T14:30:00+00:00,2305.42,2306.46,2299.93,2301.31,14231.92,32770364.2019
1707057900000,2024-02-04T14:45:00+00:00,2301.31,2301.31,2295.39,2297.57,15101.44,34698626.9978
1707058800000,2024-02-04T15:00:00+00:00,2297.57,2302.16,2295.59,2300.99,11358.52,26113181.3062
1707059700000,2024-02-04T15:15:00+00:00,2300.99,2303.93,2295.98,2299.49,12986.3,29864462.376
1707060600000,2024-02-04T15:30:00+00:00,2299.49,2301.88,2299.23,2300.85,12151.19,27957661.4662
1707061500000,2024-02-04T15:45:00+00:00,2300.85,2301.64,2299.24,2300.06,12210.67,28090381.3654
1707062400000,2024-02-04T16:00:00+00:00,2300.06,2301.45,2298.37,2299.63,9446.73,21721553.5136
1707063300000,2024-02-04T16:15:00+00:00,2299.63,2300.76,2297.08,2299.18,10718.9,24639462.9252
1707064200000,2024-02-04T16:30:00+00:00,2299.18,2301.88,2298.65,2299.19,6582.7,15143009.7628
1707065100000,2024-02-04T16:45:00+00:00,2299.19,2302.39,2298.66,2302.38,7002.13,16109388.1643
1707066000000,2024-02-04T17:00:00+00:00,2302.38,2304.79,2301.18,2303.92,6561.59,15112247.0168
1707066900000,2024-02-04T17:15:00+00:00,2303.92,2304,2296.38,2299.5,7192.74,16544344.9265
1707067800000,2024-02-04T17:30:00+00:00,2299.5,2306.92,2299.5,2306.45,6050.78,13935802.7722
1707068700000,2024-02-04T17:45:00+00:00,2306.45,2306.98,2303.47,2304.93,5736.64,13222862.0076
1707069600000,2024-02-04T18:00:00+00:00,2304.93,2307.38,2302.93,2303.87,5520.49,12726375.8186
1707070500000,2024-02-04T18:15:00+00:00,2303.87,2304.18,2297.18,2297.47,6826.98,15695995.0191
1707071400000,2024-02-04T18:30:00+00:00,2297.47,2299.04,2296.39,2297.7,5218.94,11991088.0595
1707072300000,2024-02-04T18:45:00+00:00,2297.7,2297.91,2291.67,2292.87,5469.73,12546653.2578
1707073200000,2024-02-04T19:00:00+00:00,2292.87,2294.18,2264.36,2274.91,15242.18,34739174.4893
1707074100000,2024-02-04T19:15:00+00:00,2274.91,2277.88,2272.37,2276.61,8068.53,18355408.9388
1707075000000,2024-02-04T19:30:00+00:00,2276.61,2280.2,2274.43,2280.08,7709.07,17560886.7085
1707075900000,2024-02-04T19:45:00+00:00,2280.08,2280.46,2277,2278.26,5995.69,13663528.7542
1707076800000,2024-02-04T20:00:00+00:00,2278.26,2280.19,2275.84,2278.05,7653.29,17435597.1491
1707077700000,2024-02-04T20:15:00+00:00,2278.05,2278.54,2271.93,2276.07,8621.27,19624071.8464
1707078600000,2024-02-04T20:30:00+00:00,2276.07,2281.36,2275.81,2280.58,10896.91,24831990.9498
1707079500000,2024-02-04T20:45:00+00:00,2280.58,2310.34,2280.43,2302.12,16607.35,38140064.4792
1707080400000,2024-02-04T21:00:00+00:00,2302.12,2307.42,2301.55,2301.73,11478.67,26448672.7986
1707081300000,2024-02-04T21:15:00+00:00,2301.73,2308.63,2299.8,2303.15,10456.61,24086813.8412
1707082200000,2024-02-04T21:30:00+00:00,2303.15,2308,2302.08,2305.08,9773.7,22537708.6248
1707083100000,2024-02-04T21:45:00+00:00,2305.08,2305.18,2298.68,2299.33,8915.17,20517105.9598
1707084000000,2024-02-04T22:00:00+00:00,2299.33,2301.43,2296.18,2296.62,9224.15,21197404.8939
1707084900000,2024-02-04T22:15:00+00:00,2296.62,2299.43,2281.51,2286.6,11115.16,25481175.6488
1707085800000,2024-02-04T22:30:00+00:00,2286.6,2288.58,2274.44,2283.82,13226.81,30206474.1257
1707086700000,2024-02-04T22:45:00+00:00,2283.82,2292.38,2283.63,2286.72,11327.6,25906103.5028
1707087600000,2024-02-04T23:00:00+00:00,2286.72,2289.19,2284.61,2287.46,8306.44,18999598.3561
1707088500000,2024-02-04T23:15:00+00:00,2287.46,2287.46,2281.74,2286.36,7706.83,17605166.2978
1707089400000,2024-02-04T23:30:00+00:00,2286.36,2287.56,2284.42,2285.03,7153.76,16354396.3181
1707090300000,2024-02-04T23:45:00+00:00,2285.03,2289.8,2285.03,2288.1,5707.16,13058718.7698
1707091200000,2024-02-05T00:00:00+00:00,2288.1,2289.17,2285.87,2288.91,7630.75,17453050.8384
1707092100000,2024-02-05T00:15:00+00:00,2288.91,2293.16,2280.28,2289.8,7707.36,17632258.6973
1707093000000,2024-02-05T00:30:00+00:00,2289.8,2289.8,2278.51,2282.26,8469.86,19334010.3875
1707093900000,2024-02-05T00:45:00+00:00,2282.26,2282.26,2277.14,2279.58,6640.32,15136910.4064
1707094800000,2024-02-05T01:00:00+00:00,2279.58,2280.9,2267.01,2270.61,9622.67,21890247.4771
1707095700000,2024-02-05T01:15:00+00:00,2270.61,2277.16,2270.29,2276.67,8257.16,18782611.7247
1707096600000,2024-02-05T01:30:00+00:00,2276.67,2282.89,2275.03,2280.76,5035.27,11476956.3517
1707097500000,2024-02-05T01:45:00+00:00,2280.76,2282.64,2278.02,2281.08,7187.45,16386393.7108
1707098400000,2024-02-05T02:00:00+00:00,2281.08,2281.81,2278.61,2279.25,4543.67,10362671.3293
1707099300000,2024-02-05T02:15:00+00:00,2279.25,2279.32,2275.74,2278.14,7136.66,16257159.7024
1707100200000,2024-02-05T02:30:00+00:00,2278.14,2280.82,2276.65,2280.82,14020.27,31943712.445
1707101100000,2024-02-05T02:45:00+00:00,2280.82,2281.75,2279.35,2280.23,13844.9,31571592.0437
1707102000000,2024-02-05T03:00:00+00:00,2280.23,2282.79,2279.69,2282.65,11113.58,25353846.1484
1707102900000,2024-02-05T03:15:00+00:00,2282.65,2285.89,2282.64,2284.67,11666.09,26652459.9583
1707103800000,2024-02-05T03:30:00+00:00,2284.67,2286.29,2284.16,2286.07,5827.35,13318215.5592
1707104700000,2024-02-05T03:45:00+00:00,2286.07,2296.61,2286.07,2294.8,11382.8,26059316.3611
1707105600000,2024-02-05T04:00:00+00:00,2294.8,2295.27,2290.29,2293.25,8610.15,19738730.5276
1707106500000,2024-02-05T04:15:00+00:00,2293.25,2298.15,2293.15,2295.17,10439.14,23960025.0763
1707107400000,2024-02-05T04:30:00+00:00,2295.17,2298.29,2291.79,2292.02,10876.65,24963265.0477
1707108300000,2024-02-05T04:45:00+00:00,2292.02,2294.41,2291.41,2293.96,12545.93,28774836.1039
1707109200000,2024-02-05T05:00:00+00:00,2293.96,2293.96,2289.71,2291.13,12283.65,28150748.5139
1707110100000,2024-02-05T05:15:00+00:00,2291.13,2291.38,2287.73,2287.98,8368.56,19163957.6757
1707111000000,2024-02-05T05:30:00+00:00,2287.98,2291.88,2287.72,2291.67,7969.86,18254657.1589
1707111900000,2024-02-05T05:45:00+00:00,2291.67,2294.34,2291.65,2294.03,6457.79,14806674.8869
1707112800000,2024-02-05T06:00:00+00:00,2294.03,2295.83,2292.96,2294.14,7809.3,17916315.1028
1707113700000,2024-02-05T06:15:00+00:00,2294.14,2296.67,2292.2,2296.21,10502.74,24094479.5666
1707114600000,2024-02-05T06:30:00+00:00,2296.21,2296.28,2293.15,2294.24,11745.63,26958078.0528
1707115500000,2024-02-05T06:45:00+00:00,2294.24,2301.11,2294.24,2299.74,14946.9,34336118.3194
1707116400000,2024-02-05T07:00:00+00:00,2299.74,2301.21,2296.63,2297.1,12639.71,29055470.0685
1707117300000,2024-02-05T07:15:00+00:00,2297.1,2306.34,2297.1,2305.25,13844.44,31863883.033
1707118200000,2024-02-05T07:30:00+00:00,2305.25,2309.88,2303.55,2309.17,15795.79,36437525.9362
1707119100000,2024-02-05T07:45:00+00:00,2309.17,2311.4,2307.98,2309.29,15774,36430459.3574
1707120000000,2024-02-05T08:00:00+00:00,2309.29,2319.11,2309.29,2315.64,15546.88,35996323.5482
1707120900000,2024-02-05T08:15:00+00:00,2315.64,2319.09,2311.68,2314.36,12526.75,29001374.1724
1707121800000,2024-02-05T08:30:00+00:00,2314.36,2317.72,2311.7,2312.34,7711.98,17850964.5389
1707122700000,2024-02-05T08:45:00+00:00,2312.34,2324.19,2312.34,2320.82,10203.65,23670565.0662
1707123600000,2024-02-05T09:00:00+00:00,2320.82,2324.14,2315.71,2315.98,9714.29,22543149.2152
1707124500000,2024-02-05T09:15:00+00:00,2315.98,2321.01,2315.97,2318.57,10524.47,24403241.4167
1707125400000,2024-02-05T09:30:00+00:00,2318.57,2319.74,2314.18,2314.45,8390.08,19436288.3758
1707126300000,2024-02-05T09:45:00+00:00,2314.45,2320.27,2313.21,2319.56,10524.67,24379901.3974
1707127200000,2024-02-05T10:00:00+00:00,2319.56,2331.99,2319.56,2326,17856.26,41543542.5486
1707128100000,2024-02-05T10:15:00+00:00,2326,2327.96,2323.65,2325.39,9686.39,22525780.7668
1707129000000,2024-02-05T10:30:00+00:00,2325.39,2327.16,2322.89,2324.54,11613.18,26998922.7574
1707129900000,2024-02-05T10:45:00+00:00,2324.54,2324.85,2320.86,2321.18,7759.75,18022830.2217
1707130800000,2024-02-05T11:00:00+00:00,2321.18,2325.78,2320.78,2325.78,10825.03,25153741.9515
1707131700000,2024-02-05T11:15:00+00:00,2325.78,2326.58,2323.05,2324.2,10365.99,24100521.0728
1707132600000,2024-02-05T11:30:00+00:00,2324.2,2328.67,2324.14,2325.41,10285.13,23927745.5498
1707133500000,2024-02-05T11:45:00+00:00,2325.41,2328.3,2322.31,2327.99,11966.85,27831771.2486
1707134400000,2024-02-05T12:00:00+00:00,2327.99,2330.39,2326.2,2329.25,13210.16,30763029.0431
1707135300000,2024-02-05T12:15:00+00:00,2329.25,2329.89,2321.56,2321.8,13727.07,31942284.8645
1707136200000,2024-02-05T12:30:00+00:00,2321.8,2324.14,2321.58,2323.28,10620.34,24668185.8286
1707137100000,2024-02-05T12:45:00+00:00,2323.28,2327.41,2322,2324.22,8880.62,20640928.9525
1707138000000,2024-02-05T13:00:00+00:00,2324.22,2326.65,2320.92,2323.62,9638.9,22399950.991
1707138900000,2024-02-05T13:15:00+00:00,2323.62,2329.72,2322.99,2326.48,10976.06,25532863.7873
1707139800000,2024-02-05T13:30:00+00:00,2326.48,2337.42,2326.48,2330.18,12369.35,28837094.1157
1707140700000,2024-02-05T13:45:00+00:00,2330.18,2334.35,2327.41,2329.34,10171.47,23697675.6844
1707141600000,2024-02-05T14:00:00+00:00,2329.34,2332.62,2325.12,2325.26,10631.24,24773772.4856
1707142500000,2024-02-05T14:15:00+00:00,2325.26,2326.89,2321.23,2325.11,12431,28898017.8339
1707143400000,2024-02-05T14:30:00+00:00,2325.11,2328.31,2319.22,2322.37,11206.44,26037540.5399
1707144300000,2024-02-05T14:45:00+00:00,2322.37,2324.53,2315.41,2317.72,12568,29154506.2501
1707145200000,2024-02-05T15:00:00+00:00,2317.72,2317.72,2307.88,2311.75,17293.86,39995037.5753
1707146100000,2024-02-05T15:15:00+00:00,2311.75,2312.24,2304,2307.08,15227.41,35144964.043
1707147000000,2024-02-05T15:30:00+00:00,2307.08,2312.11,2300.3,2302.62,14177.75,32719804.5004
1707147900000,2024-02-05T15:45:00+00:00,2302.62,2307.27,2292.19,2296.39,16814.84,38649280.2216
1707148800000,2024-02-05T16:00:00+00:00,2296.39,2299.33,2288.45,2295.75,18513.6,42471340.8766
1707149700000,2024-02-05T16:15:00+00:00,2295.75,2298.85,2288.72,2291.34,14716.48,33763310.7538
1707150600000,2024-02-05T16:30:00+00:00,2291.34,2295.88,2290.73,2292.5,11331.91,25989521.1788
1707151500000,2024-02-05T16:45:00+00:00,2292.5,2301,2292.47,2299.75,13624.74,31301835.475
1707152400000,2024-02-05T17:00:00+00:00,2299.75,2301.52,2296.93,2301.42,13458.12,30934428.906
1707153300000,2024-02-05T17:15:00+00:00,2301.42,2301.56,2295.15,2297.33,11152.82,25622584.1421
1707154200000,2024-02-05T17:30:00+00:00,2297.33,2305.31,2297.33,2304.83,5999.89,13807520.1786
1707155100000,2024-02-05T17:45:00+00:00,2304.83,2306.05,2298.7,2300.75,7881.28,18139785.1976
1707156000000,2024-02-05T18:00:00+00:00,2300.75,2303.23,2295.68,2296.31,9390.92,21599383.1872
1707156900000,2024-02-05T18:15:00+00:00,2296.31,2296.33,2292.65,2294.8,9702.57,22263972.1398
1707157800000,2024-02-05T18:30:00+00:00,2294.8,2296.53,2292.96,2295.74,8421.27,19329561.9245
1707158700000,2024-02-05T18:45:00+00:00,2295.74,2300.8,2295.06,2299.35,8410.73,19319559.3733
1707159600000,2024-02-05T19:00:00+00:00,2299.35,2304.43,2298.96,2303.58,9748.29,22442463.1202
1707160500000,2024-02-05T19:15:00+00:00,2303.58,2311.47,2303.28,2306.62,10294.46,23750543.8881
1707161400000,2024-02-05T19:30:00+00:00,2306.62,2307.73,2302.08,2302.29,5542.63,12775932.1327
1707162300000,2024-02-05T19:45:00+00:00,2302.29,2305.47,2301.32,2302.53,4927.33,11348891.6715
1707163200000,2024-02-05T20:00:00+00:00,2302.53,2304.46,2291.85,2292.2,6313.54,14500126.3573
1707164100000,2024-02-05T20:15:00+00:00,2292.2,2295.27,2281.57,2286.5,11417.79,26123641.2419
1707165000000,2024-02-05T20:30:00+00:00,2286.5,2291.3,2284.11,2289.08,12794.45,29287835.4421
1707165900000,2024-02-05T20:45:00+00:00,2289.08,2294.8,2286.81,2292.85,13974.58,32010908.0365
1707166800000,2024-02-05T21:00:00+00:00,2292.85,2292.87,2286.73,2288.08,12659.03,28980090.9128
1707167700000,2024-02-05T21:15:00+00:00,2288.08,2290.16,2284.38,2286.89,13875.12,31732049.5409
1707168600000,2024-02-05T21:30:00+00:00,2286.89,2294,2285.29,2290.95,11064.64,25320889.6776
1707169500000,2024-02-05T21:45:00+00:00,2290.95,2291.52,2285.3,2287,9405.62,21517720.1969
1707170400000,2024-02-05T22:00:00+00:00,2287,2294.61,2284.21,2292.04,12321.19,28222796.377
1707171300000,2024-02-05T22:15:00+00:00,2292.04,2294.35,2287.15,2288.09,7665.67,17557949.7143
1707172200000,2024-02-05T22:30:00+00:00,2288.09,2291.59,2285.52,2291.17,6743.96,15439367.0371
1707173100000,2024-02-05T22:45:00+00:00,2291.17,2293.29,2291.02,2293.1,6092.19,13965998.5242
1707174000000,2024-02-05T23:00:00+00:00,2293.1,2293.21,2289.55,2290.27,6787.62,15552020.9502
1707174900000,2024-02-05T23:15:00+00:00,2290.27,2297.49,2289.91,2296.47,9978,22895274.132
1707175800000,2024-02-05T23:30:00+00:00,2296.47,2299.53,2295.11,2299.22,13700.65,31485913.7018
1707176700000,2024-02-05T23:45:00+00:00,2299.22,2300.59,2298.83,2300.02,15309.68,35207502.5685
1707177600000,2024-02-06T00:00:00+00:00,2300.02,2300.02,2296.92,2299.29,13364.22,30720097.0992
1707178500000,2024-02-06T00:15:00+00:00,2299.29,2301.13,2297.18,2298,11973.28,27528415.6161
1707179400000,2024-02-06T00:30:00+00:00,2298,2299.77,2297.42,2298.5,7303.2,16786040.2054
1707180300000,2024-02-06T00:45:00+00:00,2298.5,2301.23,2297.73,2301.14,10233.16,23536946.9977
1707181200000,2024-02-06T01:00:00+00:00,2301.14,2302.3,2298.76,2300.18,9625.06,22138009.8055
1707182100000,2024-02-06T01:15:00+00:00,2300.18,2307.67,2299.28,2305.15,11423.31,26316350.7835
1707183000000,2024-02-06T01:30:00+00:00,2305.15,2309.55,2302.72,2309.13,6880.27,15859102.3023
1707183900000,2024-02-06T01:45:00+00:00,2309.13,2311.27,2305.61,2306.36,8411.68,19412339.9201
1707184800000,2024-02-06T02:00:00+00:00,2306.36,2318.97,2304.64,2316.19,10216.06,23613951.747
1707185700000,2024-02-06T02:15:00+00:00,2316.19,2321.39,2315.04,2317.61,11721.65,27180649.0126
1707186600000,2024-02-06T02:30:00+00:00,2317.61,2328.31,2317,2327.2,8697.35,20213712.8195
1707187500000,2024-02-06T02:45:00+00:00,2327.2,2328.62,2321.45,2323.05,8329.86,19366667.9675
1707188400000,2024-02-06T03:00:00+00:00,2323.05,2327.23,2322.7,2324.71,7830.56,18201905.2841
1707189300000,2024-02-06T03:15:00+00:00,2324.71,2324.71,2318.44,2320.69,9296.82,21580531.2062
1707190200000,2024-02-06T03:30:00+00:00,2320.69,2321.16,2314.61,2315.55,9753.61,22603637.2151
1707191100000,2024-02-06T03:45:00+00:00,2315.55,2318.49,2311.69,2315.25,10631.02,24618225.2755
1707192000000,2024-02-06T04:00:00+00:00,2315.25,2317.44,2312.72,2314.56,9642.36,22322666.5824
1707192900000,2024-02-06T04:15:00+00:00,2314.56,2318.15,2311.62,2317.71,9939.5,23013554.6659
1707193800000,2024-02-06T04:30:00+00:00,2317.71,2317.71,2313.43,2313.62,8916.77,20644876.3754
1707194700000,2024-02-06T04:45:00+00:00,2313.62,2314.27,2311.18,2313.13,8940.38,20680730.9046
1707195600000,2024-02-06T05:00:00+00:00,2313.13,2314.37,2309.18,2310.2,10079.48,23301511.3834
1707196500000,2024-02-06T05:15:00+00:00,2310.2,2311.04,2306.42,2310.14,9512.76,21967501.427
1707197400000,2024-02-06T05:30:00+00:00,2310.14,2311.99,2308.65,2310.46,9976.72,23051776.8268
1707198300000,2024-02-06T05:45:00+00:00,2310.46,2313,2310.01,2312.61,8090.3,18698176.4578
1707199200000,2024-02-06T06:00:00+00:00,2312.61,2314.3,2310.29,2310.46,10554.23,24399870.7814
1707200100000,2024-02-06T06:15:00+00:00,2310.46,2311.18,2307.56,2308.09,10707.71,24728499.4525
1707201000000,2024-02-06T06:30:00+00:00,2308.09,2311.4,2307.88,2311.19,10309.09,23814311.8614
1707201900000,2024-02-06T06:45:00+00:00,2311.19,2315.7,2311,2315.24,9736.27,22517753.3215
1707202800000,2024-02-06T07:00:00+00:00,2315.24,2315.68,2309.42,2313.66,8041.89,18594773.1055
1707203700000,2024-02-06T07:15:00+00:00,2313.66,2319.04,2312.71,2317.44,6922.22,16031810.3528
1707204600000,2024-02-06T07:30:00+00:00,2317.44,2325.96,2317.44,2322.43,6345.14,14734992.5316
1707205500000,2024-02-06T07:45:00+00:00,2322.43,2326.26,2322.09,2325.22,6809.04,15825795.2802
1707206400000,2024-02-06T08:00:00+00:00,2325.22,2331.85,2321.68,2330.09,9634.57,22413202.0031
1707207300000,2024-02-06T08:15:00+00:00,2330.09,2336.9,2325.18,2326.74,17199.74,40089830.9801
1707208200000,2024-02-06T08:30:00+00:00,2326.74,2333.79,2324.8,2333,13586.4,31636344.0041
1707209100000,2024-02-06T08:45:00+00:00,2333,2335.94,2330.16,2335.5,12305.55,28706898.7279
1707210000000,2024-02-06T09:00:00+00:00,2335.5,2336.87,2330,2332.05,13411.11,31298166.4097
1707210900000,2024-02-06T09:15:00+00:00,2332.05,2332.31,2326.55,2331.58,11517.8,26832139.1765
1707211800000,2024-02-06T09:30:00+00:00,2331.58,2331.75,2328.17,2329.54,11314.1,26354588.4805
1707212700000,2024-02-06T09:45:00+00:00,2329.54,2333.97,2329,2332.98,12105.42,28231275.2118
1707213600000,2024-02-06T10:00:00+00:00,2332.98,2333.68,2327.37,2327.45,14861.99,34621344.4546
1707214500000,2024-02-06T10:15:00+00:00,2327.45,2330.88,2326.7,2329.79,11040.05,25708779.6393
1707215400000,2024-02-06T10:30:00+00:00,2329.79,2343.05,2322.23,2323.56,12118.44,28311644.1646
1707216300000,2024-02-06T10:45:00+00:00,2323.56,2327.42,2315.18,2325,13553.73,31479246.6418
1707217200000,2024-02-06T11:00:00+00:00,2325,2329.65,2319.17,2321.6,12867.38,29886542.2568
1707218100000,2024-02-06T11:15:00+00:00,2321.6,2323.88,2316.32,2322.83,7592.82,17627550.5659
1707219000000,2024-02-06T11:30:00+00:00,2322.83,2323.9,2319.62,2322.74,6040.53,14025767.358
1707219900000,2024-02-06T11:45:00+00:00,2322.74,2326.91,2322.65,2323.89,6311.18,14671113.3228
1707220800000,2024-02-06T12:00:00+00:00,2323.89,2330.58,2323.77,2325.7,8811.92,20513447.8109
1707221700000,2024-02-06T12:15:00+00:00,2325.7,2326.71,2319.16,2326.07,10263.11,23847320.2982
1707222600000,2024-02-06T12:30:00+00:00,2326.07,2331.16,2326.07,2328.29,10838.71,25238680.0743
1707223500000,2024-02-06T12:45:00+00:00,2328.29,2329.96,2310.37,2324.78,16446.29,38138822.1388
1707224400000,2024-02-06T13:00:00+00:00,2324.78,2326.95,2318,2323.99,10593.37,24598865.5734
1707225300000,2024-02-06T13:15:00+00:00,2323.99,2341.59,2323.99,2341.2,19140.11,44652736.1117
1707226200000,2024-02-06T13:30:00+00:00,2341.2,2348.71,2335.08,2337.04,19270.56,45112200.011
1707227100000,2024-02-06T13:45:00+00:00,2337.04,2338.61,2333.67,2336.41,12574.3,29374326.2476
1707228000000,2024-02-06T14:00:00+00:00,2336.41,2341.02,2333.96,2334.37,12274.51,28691928.701
1707228900000,2024-02-06T14:15:00+00:00,2334.37,2339.36,2330.03,2336.78,9868,23046074.1256
1707229800000,2024-02-06T14:30:00+00:00,2336.78,2346.29,2333.73,2339.71,12480.24,29214776.9664
1707230700000,2024-02-06T14:45:00+00:00,2339.71,2342.88,2333.75,2337.01,9100.19,21291050.8959
1707231600000,2024-02-06T15:00:00+00:00,2337.01,2337.01,2329.31,2331.74,8998.14,21000694.8698
1707232500000,2024-02-06T15:15:00+00:00,2331.74,2343.65,2331.69,2341.46,14309.39,33475692.7052
1707233400000,2024-02-06T15:30:00+00:00,2341.46,2345.56,2337.41,2342.38,12710.83,29754028.2632
1707234300000,2024-02-06T15:45:00+00:00,2342.38,2344.42,2337.17,2342.1,11853.86,27733593.6518
1707235200000,2024-02-06T16:00:00+00:00,2342.1,2346.42,2339.34,2340.77,15997.63,37489288.1841
1707236100000,2024-02-06T16:15:00+00:00,2340.77,2358.32,2339.91,2358,20553.47,48301797.506
1707237000000,2024-02-06T16:30:00+00:00,2358,2361,2347.6,2350.26,11341.56,26702493.2968
1707237900000,2024-02-06T16:45:00+00:00,2350.26,2350.26,2345,2345.52,8090.73,18990024.1966
1707238800000,2024-02-06T17:00:00+00:00,2345.52,2353.46,2343.4,2348.73,8084.02,18986876.5896
1707239700000,2024-02-06T17:15:00+00:00,2348.73,2364.25,2348.64,2356.7,14929.28,35197119.9014
1707240600000,2024-02-06T17:30:00+00:00,2356.7,2357.73,2352.16,2352.37,13033.13,30680550.6057
1707241500000,2024-02-06T17:45:00+00:00,2352.37,2354.82,2349.57,2352.16,12586.46,29602423.8504
1707242400000,2024-02-06T18:00:00+00:00,2352.16,2358.5,2351.45,2357.11,13129.87,30922263.724
1707243300000,2024-02-06T18:15:00+00:00,2357.11,2358.72,2348.81,2351.55,12850.75,30255445.1455
1707244200000,2024-02-06T18:30:00+00:00,2351.55,2354.51,2347.19,2352.5,9384.05,22059517.3024
1707245100000,2024-02-06T18:45:00+00:00,2352.5,2364.26,2351.4,2362.42,8986.17,21194052.5476
1707246000000,2024-02-06T19:00:00+00:00,2362.42,2362.46,2358.18,2359.53,11113.61,26234264.6488
1707246900000,2024-02-06T19:15:00+00:00,2359.53,2371.84,2358.57,2369.34,13674.77,32367169.3098
1707247800000,2024-02-06T19:30:00+00:00,2369.34,2376.99,2369.3,2370.6,11987.96,28439063.1841
1707248700000,2024-02-06T19:45:00+00:00,2370.6,2378.35,2369.42,2377.57,11790.3,27992368.6259
1707249600000,2024-02-06T20:00:00+00:00,2377.57,2389,2376.94,2387.59,17195.79,40998922.7092
1707250500000,2024-02-06T20:15:00+00:00,2387.59,2390.99,2380.76,2381.07,11479.16,27388229.1591
1707251400000,2024-02-06T20:30:00+00:00,2381.07,2387.07,2378.31,2380.46,13007.21,30978314.8214
1707252300000,2024-02-06T20:45:00+00:00,2380.46,2381.13,2374.49,2378.75,10894.55,25911615.7913
1707253200000,2024-02-06T21:00:00+00:00,2378.75,2383.74,2373.39,2378.72,11114.17,26441308.9996
1707254100000,2024-02-06T21:15:00+00:00,2378.72,2380.65,2377.87,2378.41,9910.31,23580420.9428
1707255000000,2024-02-06T21:30:00+00:00,2378.41,2384.98,2378.41,2383.31,9767.43,23265903.5966
1707255900000,2024-02-06T21:45:00+00:00,2383.31,2383.37,2378.6,2378.77,8932.17,21265237.8583
1707256800000,2024-02-06T22:00:00+00:00,2378.77,2382,2374.56,2377.89,7168.24,17050544.1113
1707257700000,2024-02-06T22:15:00+00:00,2377.89,2383,2375.24,2381.64,8618.22,20509978.7908
1707258600000,2024-02-06T22:30:00+00:00,2381.64,2383,2377.68,2377.78,9382.23,22340096.5916
1707259500000,2024-02-06T22:45:00+00:00,2377.78,2381,2375.16,2379.89,8977.55,21347807.5958
1707260400000,2024-02-06T23:00:00+00:00,2379.89,2382.73,2374.48,2377.68,8807.09,20947843.5045
1707261300000,2024-02-06T23:15:00+00:00,2377.68,2378.17,2370.3,2375.12,10230.39,24297619.589
1707262200000,2024-02-06T23:30:00+00:00,2375.12,2375.17,2370.4,2373.83,10935.15,25951967.5951
1707263100000,2024-02-06T23:45:00+00:00,2373.83,2374,2369.84,2370.91,10583.58,25099694.4076
1707264000000,2024-02-07T00:00:00+00:00,2370.91,2377.5,2370.56,2376.12,8694.16,20648569.0966
1707264900000,2024-02-07T00:15:00+00:00,2376.12,2389.26,2373.35,2385.14,12730.73,30302397.8873
1707265800000,2024-02-07T00:30:00+00:00,2385.14,2386.94,2376.65,2378.06,9339.95,22233386.3548
1707266700000,2024-02-07T00:45:00+00:00,2378.06,2379.72,2377.1,2378.12,8901.9,21170694.7839
1707267600000,2024-02-07T01:00:00+00:00,2378.12,2386.7,2377.05,2386.54,7925.32,18867824.551
1707268500000,2024-02-07T01:15:00+00:00,2386.54,2386.54,2379.49,2381.89,8053.5,19179908.9358
1707269400000,2024-02-07T01:30:00+00:00,2381.89,2386.27,2381.88,2382.05,8118.6,19348329.5759
1707270300000,2024-02-07T01:45:00+00:00,2382.05,2382.3,2373.46,2374.4,7406.95,17618867.008
1707271200000,2024-02-07T02:00:00+00:00,2374.4,2377.63,2373.92,2376.25,8635.57,20518004.4408
1707272100000,2024-02-07T02:15:00+00:00,2376.25,2377.55,2374.67,2375.44,8731.44,20745342.4715
1707273000000,2024-02-07T02:30:00+00:00,2375.44,2377.45,2372.4,2376.25,17142.03,40720430.448
1707273900000,2024-02-07T02:45:00+00:00,2376.25,2379.08,2374,2374.17,15582.52,37029663.5763
1707274800000,2024-02-07T03:00:00+00:00,2374.17,2375.62,2371.69,2372.07,14444.33,34287191.1528
1707275700000,2024-02-07T03:15:00+00:00,2372.07,2375.03,2367.56,2367.57,13079.05,31029684.1882
1707276600000,2024-02-07T03:30:00+00:00,2367.57,2369.15,2363.69,2365.4,10946.93,25906571.5186
1707277500000,2024-02-07T03:45:00+00:00,2365.4,2366.52,2361.33,2362.96,10144.11,23981029.6584
1707278400000,2024-02-07T04:00:00+00:00,2362.96,2367.59,2362.44,2364.18,10153.84,24012644.09
1707279300000,2024-02-07T04:15:00+00:00,2364.18,2365.46,2355.39,2359.21,12801.67,30220478.5861
1707280200000,2024-02-07T04:30:00+00:00,2359.21,2362.86,2358.55,2362.65,16980.71,40098620.7334
1707281100000,2024-02-07T04:45:00+00:00,2362.65,2362.77,2357.25,2359.12,15985.52,37719544.6284
1707282000000,2024-02-07T05:00:00+00:00,2359.12,2362.45,2355.09,2361.93,13145.53,31019274.6082
1707282900000,2024-02-07T05:15:00+00:00,2361.93,2366.22,2361.48,2364.85,10150.48,23991236.1015
1707283800000,2024-02-07T05:30:00+00:00,2364.85,2364.85,2361.85,2362.42,6004.17,14186805.802
1707284700000,2024-02-07T05:45:00+00:00,2362.42,2366.15,2362.34,2363.66,6977.21,16499229.6579
1707285600000,2024-02-07T06:00:00+00:00,2363.66,2364.28,2361.54,2361.54,5578.52,13181388.4645
1707286500000,2024-02-07T06:15:00+00:00,2361.54,2362.27,2359.31,2360.3,5716.69,13495304.7372
1707287400000,2024-02-07T06:30:00+00:00,2360.3,2361.79,2357.98,2361.21,12719.41,30020238.2781
1707288300000,2024-02-07T06:45:00+00:00,2361.21,2363.62,2360.37,2362.35,13208.47,31198128.8756
1707289200000,2024-02-07T07:00:00+00:00,2362.35,2364.9,2360.12,2364.51,12606.59,29774526.0745
1707290100000,2024-02-07T07:15:00+00:00,2364.51,2366.92,2361.91,2362.45,11425.11,27001127.9041
1707291000000,2024-02-07T07:30:00+00:00,2362.45,2363.75,2359.74,2359.77,7320.52,17291144.3937
1707291900000,2024-02-07T07:45:00+00:00,2359.77,2361.29,2358.53,2361.28,5242.23,12371726.366
1707292800000,2024-02-07T08:00:00+00:00,2361.28,2362.23,2355.52,2357.89,7705.64,18174460.2076
1707293700000,2024-02-07T08:15:00+00:00,2357.89,2361.86,2357.83,2360.42,7988.74,18852664.3269
1707294600000,2024-02-07T08:30:00+00:00,2360.42,2362.48,2359.01,2362,9291.24,21931110.4825
1707295500000,2024-02-07T08:45:00+00:00,2362,2364.07,2360.57,2361.9,7911.57,18685767.3503
1707296400000,2024-02-07T09:00:00+00:00,2361.9,2363.2,2359.75,2362.04,10053.74,23744215.9605
1707297300000,2024-02-07T09:15:00+00:00,2362.04,2365.11,2362,2363.63,8694.17,20548773.4365
1707298200000,2024-02-07T09:30:00+00:00,2363.63,2376.43,2363.22,2371.56,11832.23,28054300.0987
1707299100000,2024-02-07T09:45:00+00:00,2371.56,2374.23,2369.17,2369.77,9259.37,21952785.0947
1707300000000,2024-02-07T10:00:00+00:00,2369.77,2370.47,2366.51,2367.13,7608.61,18019377.747
1707300900000,2024-02-07T10:15:00+00:00,2367.13,2369.67,2365.67,2368.98,9082.98,21507392.5664
1707301800000,2024-02-07T10:30:00+00:00,2368.98,2369.54,2365.58,2366,9184.3,21746797.5785
1707302700000,2024-02-07T10:45:00+00:00,2366,2366.37,2351.72,2353.96,15752.34,37158765.0051
1707303600000,2024-02-07T11:00:00+00:00,2353.96,2358.55,2352.88,2358.48,11922.78,28097681.8059
1707304500000,2024-02-07T11:15:00+00:00,2358.48,2360.99,2356.67,2360.02,11452.68,27013515.6228
1707305400000,2024-02-07T11:30:00+00:00,2360.02,2360.06,2355.49,2358.89,12918.08,30456864.815
1707306300000,2024-02-07T11:45:00+00:00,2358.89,2360.98,2357.02,2360.21,13430.23,31683889.4439
1707307200000,2024-02-07T12:00:00+00:00,2360.21,2364.15,2359.24,2362.65,13392.16,31628852.5443
1707308100000,2024-02-07T12:15:00+00:00,2362.65,2366.28,2361.2,2365.76,12642.58,29873215.0127
1707309000000,2024-02-07T12:30:00+00:00,2365.76,2369.93,2365,2367.56,10432.94,24696138.6172
1707309900000,2024-02-07T12:45:00+00:00,2367.56,2372.23,2367.56,2371.14,11976.3,28387347.383
1707310800000,2024-02-07T13:00:00+00:00,2371.14,2375.34,2369,2371.58,12516.47,29678318.2429
1707311700000,2024-02-07T13:15:00+00:00,2371.58,2373.46,2368.65,2370.72,8612.52,20418241.3349
1707312600000,2024-02-07T13:30:00+00:00,2370.72,2371.05,2363.87,2367.1,7168.09,16967997.1279
1707313500000,2024-02-07T13:45:00+00:00,2367.1,2374.49,2365.63,2371.01,5083.73,12049824.2737
1707314400000,2024-02-07T14:00:00+00:00,2371.01,2378,2370.46,2373.1,9176.7,21790245.0137
1707315300000,2024-02-07T14:15:00+00:00,2373.1,2375.98,2366.84,2371.58,6535.77,15493720.7904
1707316200000,2024-02-07T14:30:00+00:00,2371.58,2372.57,2368.56,2369.04,6788.87,16090840.2374
1707317100000,2024-02-07T14:45:00+00:00,2369.04,2384.3,2360.46,2363.85,17127.23,40638007.6572
1707318000000,2024-02-07T15:00:00+00:00,2363.85,2366.85,2359.54,2363.38,9154.08,21627657.1827
1707318900000,2024-02-07T15:15:00+00:00,2363.38,2375.2,2361.37,2372.86,6797.92,16095039.1676
1707319800000,2024-02-07T15:30:00+00:00,2372.86,2373.47,2365.97,2367,11916.14,28236865.8631
1707320700000,2024-02-07T15:45:00+00:00,2367,2368.41,2364.87,2367.64,7999.65,18935054.6421
1707321600000,2024-02-07T16:00:00+00:00,2367.64,2378.72,2366.69,2377.74,8621.19,20455064.6396
1707322500000,2024-02-07T16:15:00+00:00,2377.74,2381,2371.62,2374.7,11511.19,27347901.8027
1707323400000,2024-02-07T16:30:00+00:00,2374.7,2398.62,2374.7,2393.86,16952.8,40456231.2782
1707324300000,2024-02-07T16:45:00+00:00,2393.86,2398.74,2391.56,2396.59,12935.46,30977676.8408
1707325200000,2024-02-07T17:00:00+00:00,2396.59,2418.59,2394.53,2413.75,22897.96,55188490.9149
1707326100000,2024-02-07T17:15:00+00:00,2413.75,2422.8,2412.5,2420,14541.75,35176720.6721
1707327000000,2024-02-07T17:30:00+00:00,2420,2423.32,2410.65,2411.93,9770.93,23625094.575
1707327900000,2024-02-07T17:45:00+00:00,2411.93,2414.3,2405.15,2408.74,9054.12,21816828.8539
1707328800000,2024-02-07T18:00:00+00:00,2408.74,2412.34,2404.4,2406.61,6353.09,15300221.2355
1707329700000,2024-02-07T18:15:00+00:00,2406.61,2415.82,2406.24,2412,7581.37,18286623.0169
1707330600000,2024-02-07T18:30:00+00:00,2412,2415.12,2407.34,2409.71,11414.03,27508216.67
1707331500000,2024-02-07T18:45:00+00:00,2409.71,2417.29,2408.44,2416.16,11558.41,27904967.0061
1707332400000,2024-02-07T19:00:00+00:00,2416.16,2422.5,2414.21,2418.3,14088.53,34058652.0013
1707333300000,2024-02-07T19:15:00+00:00,2418.3,2421.8,2412.24,2418.29,13743.66,33208871.2251
1707334200000,2024-02-07T19:30:00+00:00,2418.29,2424.31,2411.18,2421.86,7863.26,19014151.8278
1707335100000,2024-02-07T19:45:00+00:00,2421.86,2423.96,2417.44,2417.95,8519.27,20624880.9915
1707336000000,2024-02-07T20:00:00+00:00,2417.95,2426.31,2417.95,2423.25,10202.4,24722614.6997
1707336900000,2024-02-07T20:15:00+00:00,2423.25,2434.39,2423.25,2428.1,16094,39105696.2383
1707337800000,2024-02-07T20:30:00+00:00,2428.1,2433,2427.8,2430.23,8909.1,21648601.2012
1707338700000,2024-02-07T20:45:00+00:00,2430.23,2444.4,2428.95,2438.13,14991.74,36550343.9383
1707339600000,2024-02-07T21:00:00+00:00,2438.13,2438.66,2431.61,2432.62,8873.59,21603443.5159
1707340500000,2024-02-07T21:15:00+00:00,2432.62,2433.13,2429.09,2429.84,10829.41,26324405.9048
1707341400000,2024-02-07T21:30:00+00:00,2429.84,2433.56,2423.99,2430.93,14885.82,36160121.3293
1707342300000,2024-02-07T21:45:00+00:00,2430.93,2431.69,2425.87,2428.83,11600.95,28169824.0849
1707343200000,2024-02-07T22:00:00+00:00,2428.83,2429.64,2422.15,2425.58,12299.58,29835211.2079
1707344100000,2024-02-07T22:15:00+00:00,2425.58,2429.37,2425.41,2428.86,11160.69,27085228.5795
1707345000000,2024-02-07T22:30:00+00:00,2428.86,2430.55,2423.11,2423.29,8106.84,19671670.036
1707345900000,2024-02-07T22:45:00+00:00,2423.29,2425.69,2420.43,2423.89,7729.67,18730866.6045
1707346800000,2024-02-07T23:00:00+00:00,2423.89,2426,2421,2424.43,10195.22,24716696.7917
1707347700000,2024-02-07T23:15:00+00:00,2424.43,2428.6,2423.01,2424.77,7337.29,17791973.2195
1707348600000,2024-02-07T23:30:00+00:00,2424.77,2425.54,2422.78,2423.73,5836.01,14146586.473
1707349500000,2024-02-07T23:45:00+00:00,2423.73,2424.6,2421.28,2423.56,6495.71,15738352.828
1707350400000,2024-02-08T00:00:00+00:00,2423.56,2425.54,2422,2422.49,5607.57,13590211.4946
1707351300000,2024-02-08T00:15:00+00:00,2422.49,2436.21,2422.37,2429.39,7780.22,18892573.176
1707352200000,2024-02-08T00:30:00+00:00,2429.39,2433.42,2428.85,2429.51,13438.45,32663015.6183
1707353100000,2024-02-08T00:45:00+00:00,2429.51,2433.69,2426.54,2433.11,10937.98,26579667.0825
1707354000000,2024-02-08T01:00:00+00:00,2433.11,2435.83,2428.24,2434.21,12543.5,30511051.3251
1707354900000,2024-02-08T01:15:00+00:00,2434.21,2442,2429.37,2437.04,16241.47,39551702.515
1707355800000,2024-02-08T01:30:00+00:00,2437.04,2437.9,2430.88,2432.93,16218.81,39472839.6909
1707356700000,2024-02-08T01:45:00+00:00,2432.93,2442.66,2431.63,2439.1,15656.76,38165708.9192
1707357600000,2024-02-08T02:00:00+00:00,2439.1,2442.77,2430.78,2434,16347.41,39823483.1183
1707358500000,2024-02-08T02:15:00+00:00,2434,2434.05,2429.16,2429.77,12753.13,31008262.7266
1707359400000,2024-02-08T02:30:00+00:00,2429.77,2432.5,2428.66,2432.26,11551.13,28074300.8777
1707360300000,2024-02-08T02:45:00+00:00,2432.26,2434.38,2431.01,2432.87,12674.96,30829584.1483
1707361200000,2024-02-08T03:00:00+00:00,2432.87,2434.91,2431.02,2432.13,10770.25,26206047.7663
1707362100000,2024-02-08T03:15:00+00:00,2432.13,2432.99,2430.29,2430.79,12501.44,30397684.5014
1707363000000,2024-02-08T03:30:00+00:00,2430.79,2434.36,2430.78,2433.27,11654.81,28357216.4659
1707363900000,2024-02-08T03:45:00+00:00,2433.27,2435.22,2431.1,2431.83,11804.12,28717344.8198
1707364800000,2024-02-08T04:00:00+00:00,2431.83,2433.62,2430.87,2431.64,12590.23,30615943.1802
1707365700000,2024-02-08T04:15:00+00:00,2431.64,2431.76,2429.94,2430.8,12402.03,30142967.0563
1707366600000,2024-02-08T04:30:00+00:00,2430.8,2430.96,2424.3,2425.92,12873.9,31254661.6593
1707367500000,2024-02-08T04:45:00+00:00,2425.92,2428.2,2424.56,2425.89,14679.65,35623263.2578
1707368400000,2024-02-08T05:00:00+00:00,2425.89,2426.26,2424.36,2424.64,11931.85,28936121.1259
1707369300000,2024-02-08T05:15:00+00:00,2424.64,2427.26,2423.44,2427.05,11477.81,27841241.278
1707370200000,2024-02-08T05:30:00+00:00,2427.05,2427.14,2421.34,2423.44,12312.06,29850574.6241
1707371100000,2024-02-08T05:45:00+00:00,2423.44,2424.12,2420.64,2421.62,9368.35,22693862.08
1707372000000,2024-02-08T06:00:00+00:00,2421.62,2422.34,2419.5,2420.79,10821.18,26197943.7164
1707372900000,2024-02-08T06:15:00+00:00,2420.79,2421.97,2418.63,2421.56,11390.64,27570754.2945
1707373800000,2024-02-08T06:30:00+00:00,2421.56,2421.78,2420.01,2420.66,15265.87,36957066.892
1707374700000,2024-02-08T06:45:00+00:00,2420.66,2421.42,2417.5,2418.66,16550.91,40052111.8085
1707375600000,2024-02-08T07:00:00+00:00,2418.66,2418.66,2409.83,2416.79,16473.72,39801259.8409
1707376500000,2024-02-08T07:15:00+00:00,2416.79,2422.4,2415.86,2421.1,15275.75,36962317.8867
1707377400000,2024-02-08T07:30:00+00:00,2421.1,2423.81,2420.42,2421,7166.14,17354786.9986
1707378300000,2024-02-08T07:45:00+00:00,2421,2421.04,2418.1,2419.65,6385.83,15452318.5052
1707379200000,2024-02-08T08:00:00+00:00,2419.65,2423.58,2419.62,2422.21,5523.62,13375667.593
1707380100000,2024-02-08T08:15:00+00:00,2422.21,2423.5,2419.6,2420.98,9314.86,22556458.5403
1707381000000,2024-02-08T08:30:00+00:00,2420.98,2426.08,2419.93,2421.45,16718.31,40498916.2452
1707381900000,2024-02-08T08:45:00+00:00,2421.45,2426.42,2420.78,2422.54,16230.51,39333436.1687
1707382800000,2024-02-08T09:00:00+00:00,2422.54,2425.02,2420.2,2420.38,15927.29,38590312.9812
1707383700000,2024-02-08T09:15:00+00:00,2420.38,2421.62,2418.64,2420.07,13705.39,33170476.4302
1707384600000,2024-02-08T09:30:00+00:00,2420.07,2423.92,2419.42,2422.12,13508.5,32718967.3098
1707385500000,2024-02-08T09:45:00+00:00,2422.12,2425,2421.75,2422.22,13810.89,33463188.4107
1707386400000,2024-02-08T10:00:00+00:00,2422.22,2427.7,2421,2426.61,11305.17,27390043.9026
1707387300000,2024-02-08T10:15:00+00:00,2426.61,2427.81,2419.41,2421.94,12053.74,29218340.4579
1707388200000,2024-02-08T10:30:00+00:00,2421.94,2425.42,2421.18,2423.74,7826.07,18966124.7237
1707389100000,2024-02-08T10:45:00+00:00,2423.74,2425.2,2420.95,2421.33,6115.53,14817721.1173
1707390000000,2024-02-08T11:00:00+00:00,2421.33,2424.32,2419.5,2423.97,5646.93,13673224.5081
1707390900000,2024-02-08T11:15:00+00:00,2423.97,2424.5,2419.15,2419.2,4872.85,11802946.0619
1707391800000,2024-02-08T11:30:00+00:00,2419.2,2421.82,2414.14,2420.15,7069.82,17098335.5413
1707392700000,2024-02-08T11:45:00+00:00,2420.15,2423.97,2416.59,2423.59,5121.5,12394698.992
1707393600000,2024-02-08T12:00:00+00:00,2423.59,2427.94,2422.63,2423.44,8114.65,19681600.1923
1707394500000,2024-02-08T12:15:00+00:00,2423.44,2423.44,2419.38,2420.3,7371.03,17844291.1094
1707395400000,2024-02-08T12:30:00+00:00,2420.3,2420.54,2415.39,2419.77,11941.73,28874319.2524
1707396300000,2024-02-08T12:45:00+00:00,2419.77,2420.89,2415.96,2420.59,8887.44,21494853.8004
1707397200000,2024-02-08T13:00:00+00:00,2420.59,2422.33,2418.04,2419.9,10297.68,24920932.5998
1707398100000,2024-02-08T13:15:00+00:00,2419.9,2420.81,2415.6,2418.48,9871.73,23874267.6371
1707399000000,2024-02-08T13:30:00+00:00,2418.48,2420.33,2414.89,2419.36,12389.06,29953202.2941
1707399900000,2024-02-08T13:45:00+00:00,2419.36,2423.4,2419,2423,14742.83,35702371.7452
1707400800000,2024-02-08T14:00:00+00:00,2423,2435.94,2421.27,2434.73,19861.2,48261899.3885
1707401700000,2024-02-08T14:15:00+00:00,2434.73,2434.73,2426.19,2429.55,13763.17,33457425.8564
1707402600000,2024-02-08T14:30:00+00:00,2429.55,2430.18,2417.77,2424.68,10304.81,24977677.6745
1707403500000,2024-02-08T14:45:00+00:00,2424.68,2442.83,2423.99,2435.89,13952.61,33946328.0736
1707404400000,2024-02-08T15:00:00+00:00,2435.89,2443.1,2426.65,2432.7,11935.42,29067405.3972
1707405300000,2024-02-08T15:15:00+00:00,2432.7,2462.53,2432.09,2455.27,20642.85,50596806.8255
1707406200000,2024-02-08T15:30:00+00:00,2455.27,2459.34,2451.61,2455.36,12847.48,31541701.8304
1707407100000,2024-02-08T15:45:00+00:00,2455.36,2456.31,2448.01,2451.86,11043.04,27075544.0334
1707408000000,2024-02-08T16:00:00+00:00,2451.86,2453.89,2443.38,2446.53,10449.34,25579079.9649
1707408900000,2024-02-08T16:15:00+00:00,2446.53,2448.23,2434.43,2437.19,9362.7,22840008.7488
1707409800000,2024-02-08T16:30:00+00:00,2437.19,2439.7,2428.47,2430.49,7368.97,17924992.2541
1707410700000,2024-02-08T16:45:00+00:00,2430.49,2430.99,2411.14,2422.89,15917.19,38523968.7238
1707411600000,2024-02-08T17:00:00+00:00,2422.89,2426.48,2416.07,2421.46,6555.44,15872715.1191
1707412500000,2024-02-08T17:15:00+00:00,2421.46,2429.64,2419.13,2429.6,10841.88,26298567.6926
1707413400000,2024-02-08T17:30:00+00:00,2429.6,2435.32,2427.65,2431.37,13786.33,33529640.8139
1707414300000,2024-02-08T17:45:00+00:00,2431.37,2431.41,2420.95,2422.73,13981.27,33931559.4142
1707415200000,2024-02-08T18:00:00+00:00,2422.73,2428.84,2419.3,2427.07,16776.66,40677188.2726
1707416100000,2024-02-08T18:15:00+00:00,2427.07,2429.51,2423.64,2428.89,10027.47,24338125.1195
1707417000000,2024-02-08T18:30:00+00:00,2428.89,2429.51,2425.15,2425.8,7561.59,18355633.714
1707417900000,2024-02-08T18:45:00+00:00,2425.8,2431.37,2425.61,2429.06,8728.73,21198023.886
1707418800000,2024-02-08T19:00:00+00:00,2429.06,2430.93,2424.8,2425.15,8196.94,19899032.7542
1707419700000,2024-02-08T19:15:00+00:00,2425.15,2428.4,2425.14,2425.49,9672.33,23471148.1058
1707420600000,2024-02-08T19:30:00+00:00,2425.49,2430.67,2420.85,2425.92,8564.08,20763636.5978
1707421500000,2024-02-08T19:45:00+00:00,2425.92,2427.69,2419.3,2419.79,8744.77,21191192.6361
1707422400000,2024-02-08T20:00:00+00:00,2419.79,2428.07,2419.5,2427.57,7602.34,18424110.1529
1707423300000,2024-02-08T20:15:00+00:00,2427.57,2432.7,2421.64,2424.37,8875.69,21538082.5172
1707424200000,2024-02-08T20:30:00+00:00,2424.37,2430.25,2422,2422.08,5299.47,12852763.7419
1707425100000,2024-02-08T20:45:00+00:00,2422.08,2429.4,2421.93,2425.92,5923.26,14371924.1392
1707426000000,2024-02-08T21:00:00+00:00,2425.92,2425.92,2420.21,2422.15,5171.21,12527311.631
1707426900000,2024-02-08T21:15:00+00:00,2422.15,2427.34,2421.27,2426.03,5861.33,14211906.9809
1707427800000,2024-02-08T21:30:00+00:00,2426.03,2427.95,2423.4,2423.4,10510.11,25493746.9475
1707428700000,2024-02-08T21:45:00+00:00,2423.4,2425.66,2421.13,2423.73,10752.97,26057082.2083
1707429600000,2024-02-08T22:00:00+00:00,2423.73,2430,2423.73,2426.44,10887.17,26416863.0174
1707430500000,2024-02-08T22:15:00+00:00,2426.44,2429,2424.95,2426.05,10973.35,26628266.3874
1707431400000,2024-02-08T22:30:00+00:00,2426.05,2426.05,2422.02,2423.33,4637.81,11242670.0357
1707432300000,2024-02-08T22:45:00+00:00,2423.33,2424.31,2421.93,2422.72,3982.86,9653590.1381
1707433200000,2024-02-08T23:00:00+00:00,2422.72,2426.5,2422,2425.43,4429.7,10741663.5349
1707434100000,2024-02-08T23:15:00+00:00,2425.43,2426.7,2416.21,2417.3,6058.72,14673646.8383
1707435000000,2024-02-08T23:30:00+00:00,2417.3,2421.03,2416.96,2419.14,7084.35,17139534.0754
1707435900000,2024-02-08T23:45:00+00:00,2419.14,2421.22,2417.56,2418.15,8481.84,20517411.5485
1707436800000,2024-02-09T00:00:00+00:00,2418.15,2421.9,2417.54,2418.29,5950.48,14395465.2777
1707437700000,2024-02-09T00:15:00+00:00,2418.29,2421.07,2417.46,2418.74,7036.24,17021229.2084
1707438600000,2024-02-09T00:30:00+00:00,2418.74,2422.39,2418.26,2419.69,9928.11,24028096.5246
1707439500000,2024-02-09T00:45:00+00:00,2419.69,2423.4,2419.69,2422.16,12820.35,31047759.8244
1707440400000,2024-02-09T01:00:00+00:00,2422.16,2425.32,2420.52,2422.86,12029.56,29137064.4051
1707441300000,2024-02-09T01:15:00+00:00,2422.86,2426.7,2422.36,2424.97,12060.17,29238513.9915
1707442200000,2024-02-09T01:30:00+00:00,2424.97,2426.26,2422.58,2424.88,9757.48,23655436.2916
1707443100000,2024-02-09T01:45:00+00:00,2424.88,2424.98,2421.49,2423.85,8680.79,21032036.7596
1707444000000,2024-02-09T02:00:00+00:00,2423.85,2431.98,2422.01,2430.4,10477.97,25421014.5404
1707444900000,2024-02-09T02:15:00+00:00,2430.4,2439.39,2429.14,2434.99,12592.55,30638492.0105
1707445800000,2024-02-09T02:30:00+00:00,2434.99,2443.95,2431.14,2443.15,12998.64,31688907.4814
1707446700000,2024-02-09T02:45:00+00:00,2443.15,2457.97,2442.78,2456.35,15293.82,37485092.5881
1707447600000,2024-02-09T03:00:00+00:00,2456.35,2465.01,2452.12,2462.01,12331.34,30304830.2987
1707448500000,2024-02-09T03:15:00+00:00,2462.01,2462.31,2444.14,2444.42,12478.21,30605777.6198
1707449400000,2024-02-09T03:30:00+00:00,2444.42,2448.6,2440.62,2445.24,12104.27,29606139.9639
1707450300000,2024-02-09T03:45:00+00:00,2445.24,2450.35,2444.66,2447.12,9845.38,24089459.1376
1707451200000,2024-02-09T04:00:00+00:00,2447.12,2455.16,2446.67,2449.12,11471.46,28107212.0782
1707452100000,2024-02-09T04:15:00+00:00,2449.12,2450.23,2442.88,2449.72,13280.92,32490450.2913
1707453000000,2024-02-09T04:30:00+00:00,2449.72,2450.07,2444.32,2447.81,11721.14,28685803.7375
1707453900000,2024-02-09T04:45:00+00:00,2447.81,2448.22,2441.12,2444,12260.68,29965576.9561
1707454800000,2024-02-09T05:00:00+00:00,2444,2446.6,2443.9,2444.08,12325.1,30134357.6265
1707455700000,2024-02-09T05:15:00+00:00,2444.08,2444.84,2438.09,2444.22,13351.68,32612804.9118
1707456600000,2024-02-09T05:30:00+00:00,2444.22,2451.09,2443.98,2451,13357.39,32694277.4266
1707457500000,2024-02-09T05:45:00+00:00,2451,2453.03,2448.59,2452.27,11231.57,27529911.4694
1707458400000,2024-02-09T06:00:00+00:00,2452.27,2452.35,2448.77,2449.35,12102.75,29650255.9629
1707459300000,2024-02-09T06:15:00+00:00,2449.35,2450.77,2447.24,2447.55,11511.71,28194633.3756
1707460200000,2024-02-09T06:30:00+00:00,2447.55,2449.27,2444.64,2448.97,10115.13,24756777.416
1707461100000,2024-02-09T06:45:00+00:00,2448.97,2450.05,2446.33,2447.15,10372,25393937.1098
1707462000000,2024-02-09T07:00:00+00:00,2447.15,2451.4,2446.4,2449.02,10310.93,25254922.3505
1707462900000,2024-02-09T07:15:00+00:00,2449.02,2456,2448.27,2455.99,12085.86,29640766.4298
1707463800000,2024-02-09T07:30:00+00:00,2455.99,2461.99,2453.37,2457.12,8032.03,19739697.7775
1707464700000,2024-02-09T07:45:00+00:00,2457.12,2457.21,2451.73,2451.99,7563.89,18567946.3106
1707465600000,2024-02-09T08:00:00+00:00,2451.99,2455.01,2451.58,2454.71,6670.38,16365628.8722
1707466500000,2024-02-09T08:15:00+00:00,2454.71,2458.77,2454,2458.76,7647.24,18782978.7182
1707467400000,2024-02-09T08:30:00+00:00,2458.76,2467.09,2456.13,2463.34,7582.29,18675029.7931
1707468300000,2024-02-09T08:45:00+00:00,2463.34,2475.39,2463.02,2474.6,9358.42,23120043.6068
1707469200000,2024-02-09T09:00:00+00:00,2474.6,2478.35,2469.5,2471.18,9058.88,22408806.4177
1707470100000,2024-02-09T09:15:00+00:00,2471.18,2474.21,2466.15,2473.27,9163.53,22641721.3861
1707471000000,2024-02-09T09:30:00+00:00,2473.27,2473.28,2466.83,2467.02,9605.51,23723517.3921
1707471900000,2024-02-09T09:45:00+00:00,2467.02,2469.11,2464.25,2465.26,9217.51,22743851.3736
1707472800000,2024-02-09T10:00:00+00:00,2465.26,2468.28,2464.31,2466.86,9597.96,23670805.7116
1707473700000,2024-02-09T10:15:00+00:00,2466.86,2468.16,2460.36,2462.23,12303.39,30315925.8622
1707474600000,2024-02-09T10:30:00+00:00,2462.23,2465.16,2461.45,2463.99,12791.22,31499871.1825
1707475500000,2024-02-09T10:45:00+00:00,2463.99,2473.25,2463.29,2473.25,14929.28,36850380.3417
1707476400000,2024-02-09T11:00:00+00:00,2473.25,2475.51,2464.37,2466.78,14738.58,36405514.7197
1707477300000,2024-02-09T11:15:00+00:00,2466.78,2471.54,2466.32,2471.5,9890.48,24419274.5926
1707478200000,2024-02-09T11:30:00+00:00,2471.5,2482.12,2470.68,2480.54,13094.86,32413979.4593
1707479100000,2024-02-09T11:45:00+00:00,2480.54,2506.25,2477.72,2501.38,23279.71,58054154.6284
1707480000000,2024-02-09T12:00:00+00:00,2501.38,2525,2496.71,2513.3,25116.74,63037226.8222
1707480900000,2024-02-09T12:15:00+00:00,2513.3,2516.79,2505.53,2509.25,14993.04,37634196.0146
1707481800000,2024-02-09T12:30:00+00:00,2509.25,2513.17,2501.11,2509.83,15619.27,39160905.0719
1707482700000,2024-02-09T12:45:00+00:00,2509.83,2513.27,2506.21,2513.26,10807.75,27117982.4166
1707483600000,2024-02-09T13:00:00+00:00,2513.26,2519.37,2510.6,2517,12532.55,31525512.9849
1707484500000,2024-02-09T13:15:00+00:00,2517,2519,2510.41,2515.62,11018.91,27709233.899
1707485400000,2024-02-09T13:30:00+00:00,2515.62,2519.83,2514.16,2517.93,9227.3,23229780.3905
1707486300000,2024-02-09T13:45:00+00:00,2517.93,2519.98,2508.78,2511.56,9476.7,23823239.8677
1707487200000,2024-02-09T14:00:00+00:00,2511.56,2518.25,2509.48,2514,5904.89,14840613.758
1707488100000,2024-02-09T14:15:00+00:00,2514,2514.43,2479.31,2489.31,24478.71,60995371.9653
1707489000000,2024-02-09T14:30:00+00:00,2489.31,2505.07,2489.31,2501.65,13309.92,33260681.7297
1707489900000,2024-02-09T14:45:00+00:00,2501.65,2503.45,2489.22,2492.73,14959.91,37327969.6191
1707490800000,2024-02-09T15:00:00+00:00,2492.73,2493.85,2481.41,2483.23,15133.23,37614279.1497
1707491700000,2024-02-09T15:15:00+00:00,2483.23,2491.21,2475.11,2489.57,13767.86,34203982.7898
1707492600000,2024-02-09T15:30:00+00:00,2489.57,2499,2488.31,2498.17,9958.92,24824014.6976
1707493500000,2024-02-09T15:45:00+00:00,2498.17,2498.17,2491.17,2493.4,8998.47,22441857.1521
1707494400000,2024-02-09T16:00:00+00:00,2493.4,2499.16,2492.4,2498.38,8757.11,21849179.0135
1707495300000,2024-02-09T16:15:00+00:00,2498.38,2501.37,2481.4,2485.57,10570.62,26326672.7561
1707496200000,2024-02-09T16:30:00+00:00,2485.57,2488.01,2481.26,2484.33,12111.79,30094219.1736
1707497100000,2024-02-09T16:45:00+00:00,2484.33,2486.54,2476.5,2484.87,13420.24,33311921.7302
1707498000000,2024-02-09T17:00:00+00:00,2484.87,2491.28,2482.56,2489.53,10430.97,25945917.3874
1707498900000,2024-02-09T17:15:00+00:00,2489.53,2498.17,2489.5,2496.33,11744.61,29300503.5445
1707499800000,2024-02-09T17:30:00+00:00,2496.33,2499.33,2491,2494,11275.78,28128867.7647
1707500700000,2024-02-09T17:45:00+00:00,2494,2499.25,2493.23,2495.51,12262.09,30616736.0984
1707501600000,2024-02-09T18:00:00+00:00,2495.51,2507.91,2491.79,2506.44,15607.42,38995303.7517
1707502500000,2024-02-09T18:15:00+00:00,2506.44,2522.22,2505.18,2515.65,21162.25,53175641.8044
1707503400000,2024-02-09T18:30:00+00:00,2515.65,2521.87,2506.58,2507.6,15955.07,40109597.7238
1707504300000,2024-02-09T18:45:00+00:00,2507.6,2509.92,2496.57,2499.89,13578.08,34003239.5142
1707505200000,2024-02-09T19:00:00+00:00,2499.89,2501.04,2479.59,2491,15247.56,37995969.4719
1707506100000,2024-02-09T19:15:00+00:00,2491,2491,2481.31,2487.58,15153.51,37668166.8979
1707507000000,2024-02-09T19:30:00+00:00,2487.58,2491.92,2483.08,2486.51,6484.76,16133907.8116
1707507900000,2024-02-09T19:45:00+00:00,2486.51,2487.45,2480.98,2484.04,6393.77,15881839.0167
1707508800000,2024-02-09T20:00:00+00:00,2484.04,2489.25,2483.96,2488.2,5132.78,12764644.9369
1707509700000,2024-02-09T20:15:00+00:00,2488.2,2492.47,2484.46,2489.92,6711.86,16700907.1174
1707510600000,2024-02-09T20:30:00+00:00,2489.92,2493.72,2486.97,2491.76,8598.79,21418793.8741
1707511500000,2024-02-09T20:45:00+00:00,2491.76,2493.04,2485.21,2487.66,6396.5,15924909.8799
1707512400000,2024-02-09T21:00:00+00:00,2487.66,2491.87,2486.35,2487.79,7082.78,17631500.3868
1707513300000,2024-02-09T21:15:00+00:00,2487.79,2492.2,2486.45,2487.87,8058.55,20060066.8698
1707514200000,2024-02-09T21:30:00+00:00,2487.87,2491.35,2482.06,2487.85,10975.02,27290251.9236
1707515100000,2024-02-09T21:45:00+00:00,2487.85,2505.22,2487.85,2500.72,14027.86,35045695.6149
1707516000000,2024-02-09T22:00:00+00:00,2500.72,2504.03,2497.21,2498.55,13916.08,34812873.0768
1707516900000,2024-02-09T22:15:00+00:00,2498.55,2501.13,2494.34,2498.38,11941.8,29823632.7288
1707517800000,2024-02-09T22:30:00+00:00,2498.38,2501.38,2485.24,2490.13,7836.04,19541484.7741
1707518700000,2024-02-09T22:45:00+00:00,2490.13,2493.75,2488.26,2493.75,7092.72,17665605.0139
1707519600000,2024-02-09T23:00:00+00:00,2493.75,2493.75,2490.37,2492.6,8730.08,21759544.2641
1707520500000,2024-02-09T23:15:00+00:00,2492.6,2497.24,2487.75,2489.71,8032,20025012.5372
1707521400000,2024-02-09T23:30:00+00:00,2489.71,2490,2485,2486.89,7929.94,19729696.0153
1707522300000,2024-02-09T23:45:00+00:00,2486.89,2487.19,2483.32,2484.89,6333.06,15736914.1089
1707523200000,2024-02-10T00:00:00+00:00,2484.89,2492.86,2484.65,2490.41,7544.29,18782726.62
1707524100000,2024-02-10T00:15:00+00:00,2490.41,2495.11,2486.61,2493.8,9014.21,22465797.937
1707525000000,2024-02-10T00:30:00+00:00,2493.8,2494.6,2487.92,2490.81,11395.18,28378364.8942
1707525900000,2024-02-10T00:45:00+00:00,2490.81,2490.81,2482.51,2484.33,17779.62,44178304.8825
1707526800000,2024-02-10T01:00:00+00:00,2484.33,2487.53,2480.92,2483.99,16667.49,41398964.4422
1707527700000,2024-02-10T01:15:00+00:00,2483.99,2495.64,2483.45,2493.82,14978.44,37294269.6258
1707528600000,2024-02-10T01:30:00+00:00,2493.82,2503.54,2491.7,2499.46,6929.38,17300531.0685
1707529500000,2024-02-10T01:45:00+00:00,2499.46,2499.73,2495.14,2496.54,7003.34,17489714.5678
1707530400000,2024-02-10T02:00:00+00:00,2496.54,2498.98,2494.57,2497.22,6013.12,15014884.5709
1707531300000,2024-02-10T02:15:00+00:00,2497.22,2504.52,2496.33,2503.97,6362.06,15906985.0668
1707532200000,2024-02-10T02:30:00+00:00,2503.97,2503.98,2499.39,2501.36,7616.4,19051244.481
1707533100000,2024-02-10T02:45:00+00:00,2501.36,2504.44,2500.43,2504.44,6170.3,15444976.0861
1707534000000,2024-02-10T03:00:00+00:00,2504.44,2509.38,2504.41,2509.08,7024.58,17613007.5068
1707534900000,2024-02-10T03:15:00+00:00,2509.08,2509.38,2506.54,2508.38,7903.47,19824355.3938
1707535800000,2024-02-10T03:30:00+00:00,2508.38,2513.44,2507.28,2511.62,11437.69,28717156.3769
1707536700000,2024-02-10T03:45:00+00:00,2511.62,2511.83,2508.64,2510.27,12928.8,32447150.4459
1707537600000,2024-02-10T04:00:00+00:00,2510.27,2514.62,2508.58,2512,12616.48,31689932.542
1707538500000,2024-02-10T04:15:00+00:00,2512,2512.29,2505.91,2507.41,13663.83,34285172.8779
1707539400000,2024-02-10T04:30:00+00:00,2507.41,2509.33,2504.74,2505.06,10812.73,27109407.9099
1707540300000,2024-02-10T04:45:00+00:00,2505.06,2507.15,2504.47,2505.02,10424.25,26122218.4056
1707541200000,2024-02-10T05:00:00+00:00,2505.02,2506.86,2501.68,2504.87,10113.03,25327952.719
1707542100000,2024-02-10T05:15:00+00:00,2504.87,2505.22,2502.24,2502.27,11267.16,28204865.9951
1707543000000,2024-02-10T05:30:00+00:00,2502.27,2503.5,2500.73,2501.97,14085.45,35246375.2215
1707543900000,2024-02-10T05:45:00+00:00,2501.97,2503.56,2499.11,2502.67,9950.74,24896623.4756
1707544800000,2024-02-10T06:00:00+00:00,2502.67,2505.72,2501.8,2503.87,9708.92,24311794.8778
1707545700000,2024-02-10T06:15:00+00:00,2503.87,2506.1,2503,2505.52,10389.52,26021131.291
1707546600000,2024-02-10T06:30:00+00:00,2505.52,2506.24,2502.88,2504.16,7400.72,18540060.4216
1707547500000,2024-02-10T06:45:00+00:00,2504.16,2506.32,2502.28,2502.76,6680.49,16730938.9693
1707548400000,2024-02-10T07:00:00+00:00,2502.76,2505.55,2499.97,2500.55,6793.47,17001264.4061
1707549300000,2024-02-10T07:15:00+00:00,2500.55,2501.95,2496.61,2497.11,7995.22,19983012.8508
1707550200000,2024-02-10T07:30:00+00:00,2497.11,2501.63,2496.74,2500.86,11884.08,29707828.7861
1707551100000,2024-02-10T07:45:00+00:00,2500.86,2500.86,2492.35,2493.16,13130.93,32788729.2608
1707552000000,2024-02-10T08:00:00+00:00,2493.16,2496.72,2492.5,2496.12,10561.85,26355301.6996
1707552900000,2024-02-10T08:15:00+00:00,2496.12,2497.65,2494.76,2495.68,8895.48,22202577.1446
1707553800000,2024-02-10T08:30:00+00:00,2495.68,2495.69,2490.2,2490.76,8323.75,20751725.7274
1707554700000,2024-02-10T08:45:00+00:00,2490.76,2491.07,2483.38,2483.51,11449.34,28477325.1525
1707555600000,2024-02-10T09:00:00+00:00,2483.51,2489.38,2483.34,2487.45,9178.37,22827961.9738
1707556500000,2024-02-10T09:15:00+00:00,2487.45,2490.92,2487.18,2489.77,8293.84,20642970.345
1707557400000,2024-02-10T09:30:00+00:00,2489.77,2492.78,2489.1,2489.51,9693.21,24139669.6393
1707558300000,2024-02-10T09:45:00+00:00,2489.51,2490.31,2484.63,2485.7,9717.48,24176038.6285
1707559200000,2024-02-10T10:00:00+00:00,2485.7,2488.57,2484.05,2488.3,11514.19,28628941.1242
1707560100000,2024-02-10T10:15:00+00:00,2488.3,2489,2485.89,2488.89,9518.65,23678954.4413
1707561000000,2024-02-10T10:30:00+00:00,2488.89,2490.17,2482.75,2482.75,10911.19,27136982.8991
1707561900000,2024-02-10T10:45:00+00:00,2482.75,2483.21,2469.7,2472.29,19700.59,48770441.0511
1707562800000,2024-02-10T11:00:00+00:00,2472.29,2479.08,2471.8,2477.21,13148.39,32564481.6113
1707563700000,2024-02-10T11:15:00+00:00,2477.21,2480.68,2476.09,2480.14,12375.19,30664889.7036
1707564600000,2024-02-10T11:30:00+00:00,2480.14,2480.77,2475.58,2476,8818.74,21848720.8573
1707565500000,2024-02-10T11:45:00+00:00,2476,2481.86,2476,2481.77,10636.49,26370994.4154
1707566400000,2024-02-10T12:00:00+00:00,2481.77,2490.39,2479.12,2489.83,13982.42,34724751.7557
1707567300000,2024-02-10T12:15:00+00:00,2489.83,2490.89,2486.61,2487.24,10449.04,25996597.1334
1707568200000,2024-02-10T12:30:00+00:00,2487.24,2487.95,2482.35,2485.45,4583.52,11388016.894
1707569100000,2024-02-10T12:45:00+00:00,2485.45,2487.6,2483.8,2486.46,5714.3,14203314.3628
1707570000000,2024-02-10T13:00:00+00:00,2486.46,2488,2483.7,2484.85,5354.89,13312455.0225
1707570900000,2024-02-10T13:15:00+00:00,2484.85,2484.9,2479.44,2481.74,5857.86,14538035.2424
1707571800000,2024-02-10T13:30:00+00:00,2481.74,2489.8,2479.4,2488.9,5825.58,14483853.0831
1707572700000,2024-02-10T13:45:00+00:00,2488.9,2491.49,2487.11,2488.54,6978.58,17367625.1547
1707573600000,2024-02-10T14:00:00+00:00,2488.54,2492.6,2486.64,2492,6264.75,15596484.6721
1707574500000,2024-02-10T14:15:00+00:00,2492,2495.51,2489.01,2490.25,7739.5,19281510.2359
1707575400000,2024-02-10T14:30:00+00:00,2490.25,2492.54,2487.67,2489,9678.15,24095157.8899
1707576300000,2024-02-10T14:45:00+00:00,2489,2491.27,2488.97,2491.05,10571.05,26324100.8281
1707577200000,2024-02-10T15:00:00+00:00,2491.05,2494.95,2489.78,2491.86,10920.28,27212268.2445
1707578100000,2024-02-10T15:15:00+00:00,2491.86,2493.84,2490.47,2492.71,10010.75,24951592.947
1707579000000,2024-02-10T15:30:00+00:00,2492.71,2494.55,2489.53,2491.36,7178.96,17893240.2955
1707579900000,2024-02-10T15:45:00+00:00,2491.36,2491.85,2486.72,2489.01,7387.74,18391493.7988
1707580800000,2024-02-10T16:00:00+00:00,2489.01,2490.35,2485.78,2490.35,7427.3,18478522.2752
1707581700000,2024-02-10T16:15:00+00:00,2490.35,2490.9,2488.09,2489.26,6351.16,15814311.8473
1707582600000,2024-02-10T16:30:00+00:00,2489.26,2493.4,2489.12,2491.81,9391.68,23397146.5722
1707583500000,2024-02-10T16:45:00+00:00,2491.81,2492.71,2487.76,2489.99,8361.41,20820042.3452
1707584400000,2024-02-10T17:00:00+00:00,2489.99,2491.22,2482.19,2484.42,8672.03,21571204.4479
1707585300000,2024-02-10T17:15:00+00:00,2484.42,2485.34,2482,2483.16,6428.46,15967398.1692
1707586200000,2024-02-10T17:30:00+00:00,2483.16,2485.36,2483.16,2485.26,5659.7,14059685.1195
1707587100000,2024-02-10T17:45:00+00:00,2485.26,2485.36,2482.08,2482.78,5306.76,13180780.8054
1707588000000,2024-02-10T18:00:00+00:00,2482.78,2487.42,2481.47,2486.91,5469.34,13586631.9024
1707588900000,2024-02-10T18:15:00+00:00,2486.91,2489.21,2485.49,2489.03,6327.16,15742716.2605
1707589800000,2024-02-10T18:30:00+00:00,2489.03,2490.76,2488.72,2489.69,7907.62,19688079.8455
1707590700000,2024-02-10T18:45:00+00:00,2489.69,2491.85,2488.94,2489.23,8523.68,21220990.113
1707591600000,2024-02-10T19:00:00+00:00,2489.23,2489.63,2487.14,2488.14,7209.47,17939092.6726
1707592500000,2024-02-10T19:15:00+00:00,2488.14,2493.01,2488.14,2492.02,8724.97,21733557.9619
1707593400000,2024-02-10T19:30:00+00:00,2492.02,2495.8,2491.65,2495.42,8456.26,21085869.6681
1707594300000,2024-02-10T19:45:00+00:00,2495.42,2496.34,2493.1,2496.3,12327.36,30752781.258
1707595200000,2024-02-10T20:00:00+00:00,2496.3,2496.34,2491.41,2494.77,9540.45,23793612.088
1707596100000,2024-02-10T20:15:00+00:00,2494.77,2495.92,2492.22,2493.17,8957.96,22344141.4013
1707597000000,2024-02-10T20:30:00+00:00,2493.17,2504.79,2492.13,2503.42,10135.83,25310802.1245
1707597900000,2024-02-10T20:45:00+00:00,2503.42,2510.38,2502.71,2504.63,13247.04,33212526.3319
1707598800000,2024-02-10T21:00:00+00:00,2504.63,2513.37,2504.61,2509.57,11764.18,29525350.677
1707599700000,2024-02-10T21:15:00+00:00,2509.57,2515.2,2505.31,2514.57,10427.52,26184414.4783
1707600600000,2024-02-10T21:30:00+00:00,2514.57,2515.3,2510.12,2512.44,4683.04,11768742.7617
1707601500000,2024-02-10T21:45:00+00:00,2512.44,2512.93,2507.82,2509.81,4281.2,10748681.8889
1707602400000,2024-02-10T22:00:00+00:00,2509.81,2510.31,2494.08,2500.86,8786.42,21971243.8845
1707603300000,2024-02-10T22:15:00+00:00,2500.86,2503.1,2492.06,2492.88,5796.47,14469997.6607
1707604200000,2024-02-10T22:30:00+00:00,2492.88,2497.08,2490.26,2491.65,4997.44,12461328.1827
1707605100000,2024-02-10T22:45:00+00:00,2491.65,2498.93,2491.3,2494.69,5989.09,14942062.4297
1707606000000,2024-02-10T23:00:00+00:00,2494.69,2504.97,2494.44,2499.79,6453.85,16144033.3313
1707606900000,2024-02-10T23:15:00+00:00,2499.79,2502,2495.44,2497.88,5373.92,13427400.7142
1707607800000,2024-02-10T23:30:00+00:00,2497.88,2499.47,2493.14,2498.48,4152.5,10368166.7024
1707608700000,2024-02-10T23:45:00+00:00,2498.48,2500.23,2497.3,2498.88,3958.41,9889850.5197
1707609600000,2024-02-11T00:00:00+00:00,2498.88,2499.98,2493.71,2494.01,4840.07,12080210.9445
1707610500000,2024-02-11T00:15:00+00:00,2494.01,2498.42,2492.26,2498.22,5922.83,14775603.5008
1707611400000,2024-02-11T00:30:00+00:00,2498.22,2502.38,2498.05,2501.23,6451.48,16128713.1653
1707612300000,2024-02-11T00:45:00+00:00,2501.23,2503.18,2498.09,2503.18,5594.02,13986645.4982
1707613200000,2024-02-11T01:00:00+00:00,2503.18,2514,2501.44,2512.44,9099.55,22811877.891
1707614100000,2024-02-11T01:15:00+00:00,2512.44,2512.5,2501.95,2503.26,8268.62,20721671.1959
1707615000000,2024-02-11T01:30:00+00:00,2503.26,2507.12,2501.49,2505.45,9641.61,24156515.0628
1707615900000,2024-02-11T01:45:00+00:00,2505.45,2509.03,2503.96,2505.7,11879.67,29776330.4839
1707616800000,2024-02-11T02:00:00+00:00,2505.7,2511.17,2505.66,2508.57,10837.11,27185891.1057
1707617700000,2024-02-11T02:15:00+00:00,2508.57,2509,2506.81,2508.17,9593.89,24061412.0257
1707618600000,2024-02-11T02:30:00+00:00,2508.17,2509.21,2504.72,2507.21,10816.26,27115360.8856
1707619500000,2024-02-11T02:45:00+00:00,2507.21,2507.59,2503.31,2504.79,8768.44,21965328.8048
1707620400000,2024-02-11T03:00:00+00:00,2504.79,2511.84,2503.21,2511.6,9888.93,24785695.2703
1707621300000,2024-02-11T03:15:00+00:00,2511.6,2513.68,2507.56,2512.63,9880.52,24807321.2279
1707622200000,2024-02-11T03:30:00+00:00,2512.63,2520.95,2511.25,2516,14378.85,36172660.9376
1707623100000,2024-02-11T03:45:00+00:00,2516,2528.41,2516,2528.41,16024.7,40420952.1468
1707624000000,2024-02-11T04:00:00+00:00,2528.41,2536.83,2524.02,2526.37,14310.17,36215441.0046
1707624900000,2024-02-11T04:15:00+00:00,2526.37,2530.85,2526.15,2526.78,8853.64,22385455.3813
1707625800000,2024-02-11T04:30:00+00:00,2526.78,2528.37,2520.69,2525.77,8922.68,22519613.7694
1707626700000,2024-02-11T04:45:00+00:00,2525.77,2526.37,2513.1,2515.95,8599.82,21664077.7996
1707627600000,2024-02-11T05:00:00+00:00,2515.95,2520.16,2515.24,2518.53,6641.69,16725664.6215
1707628500000,2024-02-11T05:15:00+00:00,2518.53,2524.16,2518.29,2522.85,8371.15,21109230.6062
1707629400000,2024-02-11T05:30:00+00:00,2522.85,2523.93,2520.68,2521.32,8743.08,22051018.1961
1707630300000,2024-02-11T05:45:00+00:00,2521.32,2521.63,2517.41,2521.57,8241.77,20764670.9161
1707631200000,2024-02-11T06:00:00+00:00,2521.57,2526.92,2521.48,2524.65,8397.05,21190584.1479
1707632100000,2024-02-11T06:15:00+00:00,2524.65,2524.9,2519.97,2522.01,6981.47,17611574.3831
1707633000000,2024-02-11T06:30:00+00:00,2522.01,2531.24,2521.97,2530.56,6061.91,15314900.9402
1707633900000,2024-02-11T06:45:00+00:00,2530.56,2533,2525.28,2529.51,6262.35,15834553.274
1707634800000,2024-02-11T07:00:00+00:00,2529.51,2531.77,2527.32,2527.68,4838.68,12239724.684
1707635700000,2024-02-11T07:15:00+00:00,2527.68,2529.57,2524.26,2524.26,4257.37,10756934.8935
1707636600000,2024-02-11T07:30:00+00:00,2524.26,2527.37,2520.99,2521.93,6371.29,16074599.388
1707637500000,2024-02-11T07:45:00+00:00,2521.93,2526.28,2521.71,2526,5424.11,13691182.1677
1707638400000,2024-02-11T08:00:00+00:00,2526,2535,2525.19,2534.69,4616.58,11682898.4258
1707639300000,2024-02-11T08:15:00+00:00,2534.69,2538.94,2530.93,2532.25,8108.4,20547623.9171
1707640200000,2024-02-11T08:30:00+00:00,2532.25,2532.42,2529.1,2529.36,8444.65,21370183.0484
1707641100000,2024-02-11T08:45:00+00:00,2529.36,2529.38,2521.72,2523.63,7684.36,19409284.86
1707642000000,2024-02-11T09:00:00+00:00,2523.63,2527.32,2522.71,2526.1,5992.55,15135936.9448
1707642900000,2024-02-11T09:15:00+00:00,2526.1,2527.82,2523.34,2524.92,9525.7,24056160.7196
1707643800000,2024-02-11T09:30:00+00:00,2524.92,2524.92,2520.35,2521.69,10718.81,27039167.8564
1707644700000,2024-02-11T09:45:00+00:00,2521.69,2524,2519.37,2521.65,11346.78,28610335.4103
1707645600000,2024-02-11T10:00:00+00:00,2521.65,2522.57,2517.76,2521.63,11940.3,30103574.0903
1707646500000,2024-02-11T10:15:00+00:00,2521.63,2521.64,2515.27,2516.72,12164.24,30632980.6398
1707647400000,2024-02-11T10:30:00+00:00,2516.72,2518.96,2514.5,2516.13,5599.07,14093973.462
1707648300000,2024-02-11T10:45:00+00:00,2516.13,2519.95,2510.39,2519.95,8380.07,21080312.9899
1707649200000,2024-02-11T11:00:00+00:00,2519.95,2523.58,2518.54,2519.4,6203.97,15640991.0582
1707650100000,2024-02-11T11:15:00+00:00,2519.4,2526.85,2518.3,2525.4,5988.25,15104643.9836
1707651000000,2024-02-11T11:30:00+00:00,2525.4,2526.31,2522.75,2522.75,4881.89,12321158.5298
1707651900000,2024-02-11T11:45:00+00:00,2522.75,2530.31,2521.7,2529.62,6624.95,16736448.3532
1707652800000,2024-02-11T12:00:00+00:00,2529.62,2530.87,2525.97,2526.8,5312.24,13430219.0862
1707653700000,2024-02-11T12:15:00+00:00,2526.8,2529.01,2525.27,2528.33,7432.27,18787205.3883
1707654600000,2024-02-11T12:30:00+00:00,2528.33,2528.85,2520.72,2523.09,10714.73,27045403.7989
1707655500000,2024-02-11T12:45:00+00:00,2523.09,2524.66,2519.97,2520.46,10710.46,27016168.9556
1707656400000,2024-02-11T13:00:00+00:00,2520.46,2522.68,2519.79,2521.01,9608.47,24226796.8629
1707657300000,2024-02-11T13:15:00+00:00,2521.01,2521.06,2510.67,2514.88,13880.64,34919828.1446
1707658200000,2024-02-11T13:30:00+00:00,2514.88,2518,2512.87,2514.74,8993.33,22623080.2111
1707659100000,2024-02-11T13:45:00+00:00,2514.74,2515.65,2507.6,2508.59,13237.38,33250419.556
1707660000000,2024-02-11T14:00:00+00:00,2508.59,2512.48,2503.08,2506.5,9280.27,23281234.6827
1707660900000,2024-02-11T14:15:00+00:00,2506.5,2511.27,2504.57,2508.49,9931.38,24918733.3574
1707661800000,2024-02-11T14:30:00+00:00,2508.49,2510.19,2504.99,2508.24,11008.45,27606385.1231
1707662700000,2024-02-11T14:45:00+00:00,2508.24,2513.5,2506.53,2512.49,7392.04,18559582.1056
1707663600000,2024-02-11T15:00:00+00:00,2512.49,2512.49,2506.61,2506.61,9573.07,24024432.9049
1707664500000,2024-02-11T15:15:00+00:00,2506.61,2508.38,2503.02,2506.84,8611.37,21575411.2788
1707665400000,2024-02-11T15:30:00+00:00,2506.84,2510.31,2505.11,2509.12,9026.74,22630217.7925
1707666300000,2024-02-11T15:45:00+00:00,2509.12,2510.44,2506.75,2506.75,8279.38,20769919.0602
1707667200000,2024-02-11T16:00:00+00:00,2506.75,2508.51,2499.75,2503.52,11557.59,28953971.7783
1707668100000,2024-02-11T16:15:00+00:00,2503.52,2509.17,2499.42,2507.33,10557.33,26438699.3396
1707669000000,2024-02-11T16:30:00+00:00,2507.33,2510.54,2505.44,2509.08,7446,18675889.98
1707669900000,2024-02-11T16:45:00+00:00,2509.08,2510.31,2506.3,2506.64,6621,16603289.8383
1707670800000,2024-02-11T17:00:00+00:00,2506.64,2519.01,2506.26,2515.88,10924.98,27456459.9434
1707671700000,2024-02-11T17:15:00+00:00,2515.88,2516.88,2512.34,2516.88,7844.41,19722507.1146
1707672600000,2024-02-11T17:30:00+00:00,2516.88,2516.88,2510.11,2510.39,6255,15717180.934
1707673500000,2024-02-11T17:45:00+00:00,2510.39,2511.62,2507.7,2509.37,6745.07,16925611.9511
1707674400000,2024-02-11T18:00:00+00:00,2509.37,2510.27,2505.97,2506.39,5932.02,14874433.6693
1707675300000,2024-02-11T18:15:00+00:00,2506.39,2508.77,2501.72,2502.1,8191.51,20520859.0406
1707676200000,2024-02-11T18:30:00+00:00,2502.1,2502.62,2494.43,2502.62,18402.62,45983117.3228
1707677100000,2024-02-11T18:45:00+00:00,2502.62,2511.57,2500.72,2505,12649.73,31686415.7197
1707678000000,2024-02-11T19:00:00+00:00,2505,2507.71,2502.97,2504.37,11764.54,29468854.092
1707678900000,2024-02-11T19:15:00+00:00,2504.37,2507.34,2503.08,2506.89,12699.77,31817406.2478
1707679800000,2024-02-11T19:30:00+00:00,2506.89,2509.11,2504.42,2508.83,8233.15,20639346.7112
1707680700000,2024-02-11T19:45:00+00:00,2508.83,2509.08,2505.59,2505.86,7305.27,18312768.445
1707681600000,2024-02-11T20:00:00+00:00,2505.86,2509.25,2505.66,2507.08,6161.75,15450967.808
1707682500000,2024-02-11T20:15:00+00:00,2507.08,2512.8,2506.06,2510.49,9137.11,22925237.5254
1707683400000,2024-02-11T20:30:00+00:00,2510.49,2512.36,2496.6,2500.99,13218.8,33120687.9134
1707684300000,2024-02-11T20:45:00+00:00,2500.99,2502.33,2491.27,2496.12,14230.93,35526944.8131
1707685200000,2024-02-11T21:00:00+00:00,2496.12,2500.08,2495.38,2497.61,11363.43,28383512.1993
1707686100000,2024-02-11T21:15:00+00:00,2497.61,2498.18,2494.82,2495.9,12210.78,30482799.8285
1707687000000,2024-02-11T21:30:00+00:00,2495.9,2500.7,2495.9,2499.82,13720.31,34286977.9396
1707687900000,2024-02-11T21:45:00+00:00,2499.82,2503,2499.82,2502.2,10872.77,27203292.6641
1707688800000,2024-02-11T22:00:00+00:00,2502.2,2503.6,2500.25,2503.46,12372.95,30957183.8019
1707689700000,2024-02-11T22:15:00+00:00,2503.46,2505.99,2500.01,2504.53,10543.48,26389754.9907
1707690600000,2024-02-11T22:30:00+00:00,2504.53,2505.45,2502.22,2504.01,5268.63,13192791.7177
1707691500000,2024-02-11T22:45:00+00:00,2504.01,2504.38,2497.52,2498.7,5465.82,13674674.0957
1707692400000,2024-02-11T23:00:00+00:00,2498.7,2502.11,2496.8,2497.11,5086.37,12713107.5902
1707693300000,2024-02-11T23:15:00+00:00,2497.11,2501.87,2496.21,2501.86,5315.36,13288055.6334
1707694200000,2024-02-11T23:30:00+00:00,2501.86,2502.37,2500.35,2500.77,6995.84,17498489.0689
1707695100000,2024-02-11T23:45:00+00:00,2500.77,2505.71,2500.49,2505.71,6818.67,17067570.6635
1707696000000,2024-02-12T00:00:00+00:00,2505.71,2511.48,2503.67,2507.48,7443.21,18661109.0362
1707696900000,2024-02-12T00:15:00+00:00,2507.48,2524.08,2507.48,2520.67,12336.93,31022224.7313
1707697800000,2024-02-12T00:30:00+00:00,2520.67,2523.19,2515.18,2516.73,13336.31,33582563.5052
1707698700000,2024-02-12T00:45:00+00:00,2516.73,2516.77,2509.69,2513.13,10948.06,27506770.1565
1707699600000,2024-02-12T01:00:00+00:00,2513.13,2513.4,2504.08,2509.12,14651.48,36740737.6466
1707700500000,2024-02-12T01:15:00+00:00,2509.12,2514.59,2507.42,2511.96,13674.31,34347514.4893
1707701400000,2024-02-12T01:30:00+00:00,2511.96,2511.96,2504.94,2509.4,10451.19,26213373.5439
1707702300000,2024-02-12T01:45:00+00:00,2509.4,2513.87,2507.35,2513.31,9730.47,24422034.8909
1707703200000,2024-02-12T02:00:00+00:00,2513.31,2516.56,2510.62,2511.16,8903.95,22377885.1896
1707704100000,2024-02-12T02:15:00+00:00,2511.16,2511.16,2507.65,2508.22,6873.66,17247302.145
1707705000000,2024-02-12T02:30:00+00:00,2508.22,2509.52,2499.66,2500.83,6029.62,15102154.8268
1707705900000,2024-02-12T02:45:00+00:00,2500.83,2501.51,2491.4,2501.51,10361.6,25856476.3731
1707706800000,2024-02-12T03:00:00+00:00,2501.51,2503.08,2497.43,2498.89,5081.81,12700464.4527
1707707700000,2024-02-12T03:15:00+00:00,2498.89,2498.89,2495.21,2498.48,6324.01,15796368.4164
1707708600000,2024-02-12T03:30:00+00:00,2498.48,2501.33,2497.12,2501.33,7646.03,19110199.3662
1707709500000,2024-02-12T03:45:00+00:00,2501.33,2502.63,2497.44,2498.25,7411.33,18529095.5401
1707710400000,2024-02-12T04:00:00+00:00,2498.25,2498.77,2496,2496.21,10477.88,26166207.708
1707711300000,2024-02-12T04:15:00+00:00,2496.21,2499.65,2494.5,2498.68,7725.23,19293929.6649
1707712200000,2024-02-12T04:30:00+00:00,2498.68,2498.68,2493.37,2494.02,7074.51,17655094.4991
1707713100000,2024-02-12T04:45:00+00:00,2494.02,2495.97,2492,2493.07,5263.52,13126324.2081
1707714000000,2024-02-12T05:00:00+00:00,2493.07,2498.3,2493.07,2497.92,4622.4,11539717.8866
1707714900000,2024-02-12T05:15:00+00:00,2497.92,2498.78,2494.55,2497.48,5687.27,14197373.7047
1707715800000,2024-02-12T05:30:00+00:00,2497.48,2497.9,2493.52,2493.82,12787.18,31909523.1754
1707716700000,2024-02-12T05:45:00+00:00,2493.82,2495.98,2491.87,2492.18,11281.51,28137205.1976
1707717600000,2024-02-12T06:00:00+00:00,2492.18,2495.01,2492.11,2494.56,10929.3,27256634.363
1707718500000,2024-02-12T06:15:00+00:00,2494.56,2496.91,2494.52,2496,9164.77,22873419.0746
1707719400000,2024-02-12T06:30:00+00:00,2496,2496.92,2486.84,2489.2,11984.05,29876797.9419
1707720300000,2024-02-12T06:45:00+00:00,2489.2,2492.62,2478.52,2492.34,20204.81,50211653.874
1707721200000,2024-02-12T07:00:00+00:00,2492.34,2496.67,2489.56,2494.81,12490.22,31144721.523
1707722100000,2024-02-12T07:15:00+00:00,2494.81,2500.3,2492.13,2499.88,14671.78,36638167.8411
1707723000000,2024-02-12T07:30:00+00:00,2499.88,2503.39,2496.9,2500.88,10348.25,25866760.6879
1707723900000,2024-02-12T07:45:00+00:00,2500.88,2502.51,2499.95,2500.01,9659.89,24160042.1129
1707724800000,2024-02-12T08:00:00+00:00,2500.01,2500.65,2495.93,2496.74,9041.03,22589158.932
1707725700000,2024-02-12T08:15:00+00:00,2496.74,2501.7,2494.49,2501.65,9454.72,23613345.9204
1707726600000,2024-02-12T08:30:00+00:00,2501.65,2504.02,2493.49,2494.36,13154.53,32870632.9565
1707727500000,2024-02-12T08:45:00+00:00,2494.36,2494.55,2487.55,2488.21,11565.02,28807728.8576
1707728400000,2024-02-12T09:00:00+00:00,2488.21,2489.28,2484.28,2486.2,12404.71,30845928.2586
1707729300000,2024-02-12T09:15:00+00:00,2486.2,2487.98,2480.92,2484.67,9911.66,24625568.6224
1707730200000,2024-02-12T09:30:00+00:00,2484.67,2485.25,2479.07,2480.75,13901.59,34503191.8563
1707731100000,2024-02-12T09:45:00+00:00,2480.75,2483.69,2469.86,2475.71,18891.68,46781426.816
1707732000000,2024-02-12T10:00:00+00:00,2475.71,2482.84,2470.99,2482.59,15706.51,38906353.822
1707732900000,2024-02-12T10:15:00+00:00,2482.59,2483.51,2476,2480.99,11272.65,27951540.4862
1707733800000,2024-02-12T10:30:00+00:00,2480.99,2483.16,2480.62,2482.21,6545.19,16245038.4664
1707734700000,2024-02-12T10:45:00+00:00,2482.21,2482.77,2477.52,2479.08,7506.77,18614492.9489
1707735600000,2024-02-12T11:00:00+00:00,2479.08,2482.1,2476.5,2478.2,7240.31,17950959.2664
1707736500000,2024-02-12T11:15:00+00:00,2478.2,2479.66,2474.91,2476.04,8599.89,21300212.8045
1707737400000,2024-02-12T11:30:00+00:00,2476.04,2479.99,2475.73,2478.93,7698.51,19076850.0041
1707738300000,2024-02-12T11:45:00+00:00,2478.93,2486.75,2478.92,2486.56,9163.39,22752667.211
1707739200000,2024-02-12T12:00:00+00:00,2486.56,2487.34,2484.5,2484.55,7979.6,19835713.659
1707740100000,2024-02-12T12:15:00+00:00,2484.55,2485.55,2482.66,2485.42,7381.57,18336012.6539
1707741000000,2024-02-12T12:30:00+00:00,2485.42,2485.95,2480.9,2481.95,5143.25,12771748.2047
1707741900000,2024-02-12T12:45:00+00:00,2481.95,2488.27,2479.42,2487.82,6022.56,14961475.9998
1707742800000,2024-02-12T13:00:00+00:00,2487.82,2487.85,2483.73,2484.63,5672.6,14097792.645
1707743700000,2024-02-12T13:15:00+00:00,2484.63,2484.81,2481.22,2484,8080.82,20069210.6172
1707744600000,2024-02-12T13:30:00+00:00,2484,2487.57,2482.01,2486.43,13687.48,34003124.1238
1707745500000,2024-02-12T13:45:00+00:00,2486.43,2487.67,2484.11,2485.97,10987.48,27312891.6952
1707746400000,2024-02-12T14:00:00+00:00,2485.97,2493.7,2485,2491.9,12980.5,32322234.7699
1707747300000,2024-02-12T14:15:00+00:00,2491.9,2495.56,2487.91,2493.45,13589.98,33861081.196
1707748200000,2024-02-12T14:30:00+00:00,2493.45,2505.52,2492.22,2504.12,17825.88,44540446.212
1707749100000,2024-02-12T14:45:00+00:00,2504.12,2528.8,2500.08,2527.35,24970.38,62855664.5983
1707750000000,2024-02-12T15:00:00+00:00,2527.35,2534,2519.72,2534,25026.78,63224225.1959
1707750900000,2024-02-12T15:15:00+00:00,2534,2534.23,2523.43,2529.99,14815,37455299.8511
1707751800000,2024-02-12T15:30:00+00:00,2529.99,2553.56,2529.17,2550.05,26613.43,67721203.7663
1707752700000,2024-02-12T15:45:00+00:00,2550.05,2563.19,2547.42,2557.5,17397.21,44470635.6216
1707753600000,2024-02-12T16:00:00+00:00,2557.5,2559.38,2542.09,2546.16,16205.18,41319680.8723
1707754500000,2024-02-12T16:15:00+00:00,2546.16,2550.74,2535,2547.74,15283.72,38914997.8408
1707755400000,2024-02-12T16:30:00+00:00,2547.74,2549.37,2540.45,2540.73,10367.5,26391305.3444
1707756300000,2024-02-12T16:45:00+00:00,2540.73,2553.35,2538.36,2552.29,10154.46,25854469.0327
1707757200000,2024-02-12T17:00:00+00:00,2552.29,2564.33,2549.95,2561.5,14845.05,37958078.0265
1707758100000,2024-02-12T17:15:00+00:00,2561.5,2598.53,2558.03,2596.46,36033.62,92876188.9334
1707759000000,2024-02-12T17:30:00+00:00,2596.46,2618.31,2591.36,2604.37,29821.88,77701026.9816
1707759900000,2024-02-12T17:45:00+00:00,2604.37,2615.92,2602.07,2609.29,13832.65,36093034.0201
1707760800000,2024-02-12T18:00:00+00:00,2609.29,2618.1,2603.24,2613.79,12148.64,31718549.6915
1707761700000,2024-02-12T18:15:00+00:00,2613.79,2634.3,2608.07,2630.82,21687.24,56848023.4142
1707762600000,2024-02-12T18:30:00+00:00,2630.82,2630.91,2610.58,2620.34,15127.18,39647831.8375
1707763500000,2024-02-12T18:45:00+00:00,2620.34,2625,2611.77,2621.77,8868.64,23220513.4374
1707764400000,2024-02-12T19:00:00+00:00,2621.77,2632.55,2618.41,2632.28,15339.24,40304511.8822
1707765300000,2024-02-12T19:15:00+00:00,2632.28,2639.35,2622.35,2626.24,17179.29,45172989.279
1707766200000,2024-02-12T19:30:00+00:00,2626.24,2630.83,2614.69,2617.86,14609.83,38284835.2037
1707767100000,2024-02-12T19:45:00+00:00,2617.86,2621,2608.29,2610.05,12996.96,33980582.7282
1707768000000,2024-02-12T20:00:00+00:00,2610.05,2622.55,2610.05,2621.25,7823.37,20482018.1434
1707768900000,2024-02-12T20:15:00+00:00,2621.25,2627.93,2618.64,2622.19,9476.55,24862475.2544
1707769800000,2024-02-12T20:30:00+00:00,2622.19,2629.35,2620.64,2627.99,13011.3,34147019.4916
1707770700000,2024-02-12T20:45:00+00:00,2627.99,2649.34,2627.99,2642.02,20930.65,55233581.4576
1707771600000,2024-02-12T21:00:00+00:00,2642.02,2647.83,2633.46,2647.51,13505.88,35639967.4274
1707772500000,2024-02-12T21:15:00+00:00,2647.51,2653.15,2637.88,2638.32,11484.09,30376107.8905
1707773400000,2024-02-12T21:30:00+00:00,2638.32,2642.8,2636.94,2641.24,13252.4,34980865.7447
1707774300000,2024-02-12T21:45:00+00:00,2641.24,2642.09,2628.31,2631.34,15935.71,41962445.0519
1707775200000,2024-02-12T22:00:00+00:00,2631.34,2640.7,2631.34,2639.98,15014.72,39608248.723
1707776100000,2024-02-12T22:15:00+00:00,2639.98,2652.5,2638.67,2650.77,11019.54,29138346.986
1707777000000,2024-02-12T22:30:00+00:00,2650.77,2666.48,2641.2,2660.87,15520.92,41194686.0184
1707777900000,2024-02-12T22:45:00+00:00,2660.87,2664.9,2651.44,2654.59,14026.08,37296479.6992
1707778800000,2024-02-12T23:00:00+00:00,2654.59,2659.14,2652.15,2653.7,9976.93,26501482.5828
1707779700000,2024-02-12T23:15:00+00:00,2653.7,2654.14,2646.21,2647.33,8907.62,23599031.3884
1707780600000,2024-02-12T23:30:00+00:00,2647.33,2652.61,2647.25,2651.71,9026.18,23921192.4471
1707781500000,2024-02-12T23:45:00+00:00,2651.71,2663.82,2651.37,2659.89,12083.74,32100490.4871
1707782400000,2024-02-13T00:00:00+00:00,2659.89,2687.58,2659.89,2678.69,23625,63164335.6095
1707783300000,2024-02-13T00:15:00+00:00,2678.69,2681.39,2671.73,2681.13,11573.9,30974295.2206
1707784200000,2024-02-13T00:30:00+00:00,2681.13,2681.86,2673.08,2673.96,8800.86,23552633.7342
1707785100000,2024-02-13T00:45:00+00:00,2673.96,2674.99,2664.88,2668.05,8351.87,22289219.7537
1707786000000,2024-02-13T01:00:00+00:00,2668.05,2669.67,2664.78,2666.75,5485.29,14627284.646
1707786900000,2024-02-13T01:15:00+00:00,2666.75,2670.58,2664.05,2666.55,8425.71,22477218.4252
1707787800000,2024-02-13T01:30:00+00:00,2666.55,2681.82,2665.7,2670.38,13169.39,35199993.4979
1707788700000,2024-02-13T01:45:00+00:00,2670.38,2678.99,2666.97,2678.54,8278.82,22110723.4189
1707789600000,2024-02-13T02:00:00+00:00,2678.54,2681.67,2661,2664.17,10076.17,26933708.1362
1707790500000,2024-02-13T02:15:00+00:00,2664.17,2669.85,2661.09,2665.48,7779.9,20747087.8463
1707791400000,2024-02-13T02:30:00+00:00,2665.48,2665.59,2655.17,2657.17,7695.43,20461296.0457
1707792300000,2024-02-13T02:45:00+00:00,2657.17,2659.71,2654.72,2656.23,10773.98,28622069.2564
1707793200000,2024-02-13T03:00:00+00:00,2656.23,2659.09,2647.52,2652.16,12272.86,32574173.3789
1707794100000,2024-02-13T03:15:00+00:00,2652.16,2654.76,2647.57,2649.83,8481.64,22478190.3036
1707795000000,2024-02-13T03:30:00+00:00,2649.83,2650.57,2641.06,2644.36,9876.27,26127887.5251
1707795900000,2024-02-13T03:45:00+00:00,2644.36,2645.41,2636.75,2641.48,9058.49,23921211.2212
1707796800000,2024-02-13T04:00:00+00:00,2641.48,2645.94,2640.3,2644.85,7164.83,18936204.8117
1707797700000,2024-02-13T04:15:00+00:00,2644.85,2647.2,2639.07,2646.8,8019.02,21207872.5686
1707798600000,2024-02-13T04:30:00+00:00,2646.8,2652.64,2645.38,2647.25,10935.72,28965632.9033
1707799500000,2024-02-13T04:45:00+00:00,2647.25,2650.35,2646.96,2647.14,12727.54,33707190.311
1707800400000,2024-02-13T05:00:00+00:00,2647.14,2648.47,2643.59,2645.69,10671.88,28239923.07
1707801300000,2024-02-13T05:15:00+00:00,2645.69,2650.69,2644.94,2649.6,11234.34,29748459.3565
1707802200000,2024-02-13T05:30:00+00:00,2649.6,2650.54,2647.29,2649.88,9849.12,26089446.8417
1707803100000,2024-02-13T05:45:00+00:00,2649.88,2654,2649.57,2652.82,11729.96,31104475.0227
1707804000000,2024-02-13T06:00:00+00:00,2652.82,2655.1,2651.06,2652,10652.25,28253685.95
1707804900000,2024-02-13T06:15:00+00:00,2652,2652.83,2647.91,2648.56,11840.68,31386770.2051
1707805800000,2024-02-13T06:30:00+00:00,2648.56,2650.41,2646.23,2648.63,8580.22,22726657.7988
1707806700000,2024-02-13T06:45:00+00:00,2648.63,2649.44,2645.1,2647.51,11124.31,29445374.8465
1707807600000,2024-02-13T07:00:00+00:00,2647.51,2651.45,2647.03,2649.38,8563.12,22687131.5785
1707808500000,2024-02-13T07:15:00+00:00,2649.38,2651.64,2647.32,2651.35,8492.46,22503993.9911
1707809400000,2024-02-13T07:30:00+00:00,2651.35,2651.35,2640.82,2644.4,10212.56,27026389.7991
1707810300000,2024-02-13T07:45:00+00:00,2644.4,2652.95,2643.88,2649.31,9235.79,24462181.303
1707811200000,2024-02-13T08:00:00+00:00,2649.31,2660.67,2647.28,2658.91,13414.64,35606465.1081
1707812100000,2024-02-13T08:15:00+00:00,2658.91,2659.62,2653.37,2657.67,11634.49,30902568.2817
1707813000000,2024-02-13T08:30:00+00:00,2657.67,2662.84,2657.11,2660.27,10092.5,26835482.4018
1707813900000,2024-02-13T08:45:00+00:00,2660.27,2665.34,2657.38,2663.76,8274.36,22023883.995
1707814800000,2024-02-13T09:00:00+00:00,2663.76,2663.76,2659.66,2661.56,10513.6,27979526.986
1707815700000,2024-02-13T09:15:00+00:00,2661.56,2663.97,2656.85,2663.31,10173.65,27074826.549
1707816600000,2024-02-13T09:30:00+00:00,2663.31,2668.29,2662.91,2666.83,10272.81,27382004.2486
1707817500000,2024-02-13T09:45:00+00:00,2666.83,2682.99,2666.83,2678,14361.34,38405511.1923
1707818400000,2024-02-13T10:00:00+00:00,2678,2680.34,2671.57,2672.29,13435.46,35945059.482
1707819300000,2024-02-13T10:15:00+00:00,2672.29,2675,2665.11,2674.46,12763.94,34064775.8271
1707820200000,2024-02-13T10:30:00+00:00,2674.46,2680.45,2666.23,2671.35,14341.18,38356342.5848
1707821100000,2024-02-13T10:45:00+00:00,2671.35,2673.55,2665.67,2668.69,11360.63,30318971.9944
1707822000000,2024-02-13T11:00:00+00:00,2668.69,2678.67,2664.18,2665.17,17349.25,46367558.4804
1707822900000,2024-02-13T11:15:00+00:00,2665.17,2672.15,2658.23,2665.99,12196.76,32529805.5931
1707823800000,2024-02-13T11:30:00+00:00,2665.99,2682.59,2665.16,2681.74,11766.87,31485861.2663
1707824700000,2024-02-13T11:45:00+00:00,2681.74,2686.97,2677.45,2682.3,13354.48,35811501.9027
1707825600000,2024-02-13T12:00:00+00:00,2682.3,2687.26,2677.19,2684.58,11279.72,30260812.5671
1707826500000,2024-02-13T12:15:00+00:00,2684.58,2685.41,2674.25,2678.79,10850.33,29078238.2166
1707827400000,2024-02-13T12:30:00+00:00,2678.79,2678.79,2673.09,2678.2,16660.46,44577161.0142
1707828300000,2024-02-13T12:45:00+00:00,2678.2,2678.6,2666.95,2675,17813.96,47624572.998
1707829200000,2024-02-13T13:00:00+00:00,2675,2677.84,2673.58,2675.79,11709.21,31333618.5896
1707830100000,2024-02-13T13:15:00+00:00,2675.79,2677.51,2661.5,2667.54,21006.46,56115656.9267
1707831000000,2024-02-13T13:30:00+00:00,2667.54,2668,2611.77,2638.03,52328.46,138186809.037
1707831900000,2024-02-13T13:45:00+00:00,2638.03,2660.41,2636.46,2643.9,17538.61,46460254.2911
1707832800000,2024-02-13T14:00:00+00:00,2643.9,2654.94,2620.06,2627.08,15387.04,40605666.6532
1707833700000,2024-02-13T14:15:00+00:00,2627.08,2640.67,2588.48,2623.75,34176.11,89332514.5064
1707834600000,2024-02-13T14:30:00+00:00,2623.75,2641.34,2615.83,2639.64,17858.63,47016730.6733
1707835500000,2024-02-13T14:45:00+00:00,2639.64,2646.36,2624.91,2633.69,14383.04,37890439.1745
1707836400000,2024-02-13T15:00:00+00:00,2633.69,2643.17,2610.21,2612.86,17829.8,46849719.2924
1707837300000,2024-02-13T15:15:00+00:00,2612.86,2637.84,2609.16,2637.38,14307.76,37503240.0087
1707838200000,2024-02-13T15:30:00+00:00,2637.38,2643.5,2632.78,2641.2,13769.66,36332913.2369
1707839100000,2024-02-13T15:45:00+00:00,2641.2,2644.34,2631.11,2631.79,13730.42,36224279.1364
1707840000000,2024-02-13T16:00:00+00:00,2631.79,2641.16,2623.2,2627.14,11469.26,30203260.3887
1707840900000,2024-02-13T16:15:00+00:00,2627.14,2634.56,2619.49,2632.95,16978.1,44587635.7185
1707841800000,2024-02-13T16:30:00+00:00,2632.95,2636.11,2611.07,2613.54,15111.09,39621048.7947
1707842700000,2024-02-13T16:45:00+00:00,2613.54,2618.12,2601.33,2603.22,19649.31,51300490.9103
1707843600000,2024-02-13T17:00:00+00:00,2603.22,2612.81,2592.58,2602.81,21795.11,56745807.7691
1707844500000,2024-02-13T17:15:00+00:00,2602.81,2612.33,2598.51,2611.37,15031.59,39190956.9776
1707845400000,2024-02-13T17:30:00+00:00,2611.37,2618.54,2609.88,2617.81,14926.7,39032009.8834
1707846300000,2024-02-13T17:45:00+00:00,2617.81,2620.64,2612.6,2620.33,13946.04,36475845.8568
1707847200000,2024-02-13T18:00:00+00:00,2620.33,2627.26,2618.35,2622.64,17962.74,47118697.734
1707848100000,2024-02-13T18:15:00+00:00,2622.64,2636.92,2620,2634.42,11861.12,31148489.9443
1707849000000,2024-02-13T18:30:00+00:00,2634.42,2635.73,2628.58,2635.1,7913.31,20834846.8839
1707849900000,2024-02-13T18:45:00+00:00,2635.1,2635.99,2625.73,2630.49,7788.04,20477363.7493
1707850800000,2024-02-13T19:00:00+00:00,2630.49,2630.49,2621.19,2624.5,5501.89,14447848.5593
1707851700000,2024-02-13T19:15:00+00:00,2624.5,2631.47,2622.24,2630.6,6925.08,18198191.7398
1707852600000,2024-02-13T19:30:00+00:00,2630.6,2634.9,2627.76,2629.55,7689.84,20234122.5401
1707853500000,2024-02-13T19:45:00+00:00,2629.55,2630.35,2609.29,2611.52,11484.1,30075781.0209
1707854400000,2024-02-13T20:00:00+00:00,2611.52,2623.16,2610.74,2622.48,6613.28,17310058.5442
1707855300000,2024-02-13T20:15:00+00:00,2622.48,2624.25,2613.39,2615.68,8327.76,21795623.0578
1707856200000,2024-02-13T20:30:00+00:00,2615.68,2629.29,2614.28,2628.54,8980.02,23536064.4866
1707857100000,2024-02-13T20:45:00+00:00,2628.54,2631.75,2625.18,2628.2,9823.47,25825651.0906
1707858000000,2024-02-13T21:00:00+00:00,2628.2,2649.29,2627.35,2645.12,12573.86,33192461.7633
1707858900000,2024-02-13T21:15:00+00:00,2645.12,2647.55,2639.62,2642.37,10462.45,27653768.2105
1707859800000,2024-02-13T21:30:00+00:00,2642.37,2644.19,2633.37,2635.71,10347.87,27296053.4783
1707860700000,2024-02-13T21:45:00+00:00,2635.71,2640.54,2629.41,2632.15,8932.8,23544841.235
1707861600000,2024-02-13T22:00:00+00:00,2632.15,2636.08,2625.5,2625.6,9832.99,25863107.4821
1707862500000,2024-02-13T22:15:00+00:00,2625.6,2629.31,2616.47,2628.22,11249.02,29515639.0152
1707863400000,2024-02-13T22:30:00+00:00,2628.22,2633.52,2626.52,2633.52,5969.71,15701922.4981
1707864300000,2024-02-13T22:45:00+00:00,2633.52,2637.45,2632.32,2635.97,5779.5,15227735.0467
1707865200000,2024-02-13T23:00:00+00:00,2635.97,2635.97,2627.26,2632.18,5702.33,14999034.4663
1707866100000,2024-02-13T23:15:00+00:00,2632.18,2636.66,2630.64,2636.52,5632.91,14837926.5164
1707867000000,2024-02-13T23:30:00+00:00,2636.52,2637.66,2633.37,2636.63,7276.16,19180290.906
1707867900000,2024-02-13T23:45:00+00:00,2636.63,2642.75,2636.44,2639.98,7529.09,19873304.697
1707868800000,2024-02-14T00:00:00+00:00,2639.98,2641.06,2631.66,2634.64,7202.88,18986771.9276
1707869700000,2024-02-14T00:15:00+00:00,2634.64,2636.68,2626.31,2633.37,6845.98,18017992.9609
1707870600000,2024-02-14T00:30:00+00:00,2633.37,2636.09,2623.06,2626.74,11027.43,28994211.3933
1707871500000,2024-02-14T00:45:00+00:00,2626.74,2633.52,2623.22,2630.68,7779.2,20455323.9949
1707872400000,2024-02-14T01:00:00+00:00,2630.68,2636,2626.22,2629.94,8018.55,21097289.9276
1707873300000,2024-02-14T01:15:00+00:00,2629.94,2633.09,2623.29,2624.66,8638.64,22704772.6936
1707874200000,2024-02-14T01:30:00+00:00,2624.66,2628.59,2621.54,2623.52,10621.31,27884587.1862
1707875100000,2024-02-14T01:45:00+00:00,2623.52,2624.44,2620.64,2622.72,10910.97,28613552.1153
1707876000000,2024-02-14T02:00:00+00:00,2622.72,2626.42,2618.18,2622.26,11755.02,30837779.9975
1707876900000,2024-02-14T02:15:00+00:00,2622.26,2627.34,2622.26,2625.76,8353.78,21930789.0641
1707877800000,2024-02-14T02:30:00+00:00,2625.76,2632,2625.7,2631.07,8365.3,21988101.7605
1707878700000,2024-02-14T02:45:00+00:00,2631.07,2634.88,2630.94,2633.91,11212.41,29525195.1065
1707879600000,2024-02-14T03:00:00+00:00,2633.91,2641.87,2633.18,2640,11139.48,29383468.229
1707880500000,2024-02-14T03:15:00+00:00,2640,2644.41,2637.56,2638,9002.62,23776214.6731
1707881400000,2024-02-14T03:30:00+00:00,2638,2640.58,2636.48,2638.79,4675.65,12338892.5887
1707882300000,2024-02-14T03:45:00+00:00,2638.79,2640.58,2636.2,2637.4,5609.02,14794945.3277
1707883200000,2024-02-14T04:00:00+00:00,2637.4,2641.38,2637.2,2640.31,5636.69,14876274.5433
1707884100000,2024-02-14T04:15:00+00:00,2640.31,2641.15,2626.6,2627.05,6957,18331428.9574
1707885000000,2024-02-14T04:30:00+00:00,2627.05,2628.6,2620.57,2625,6787.59,17813446.5188
1707885900000,2024-02-14T04:45:00+00:00,2625,2628.39,2624.06,2626.98,4742.59,12456118.8405
1707886800000,2024-02-14T05:00:00+00:00,2626.98,2631.19,2626.7,2631.02,5331.98,14017933.7375
1707887700000,2024-02-14T05:15:00+00:00,2631.02,2635.95,2630.48,2634.55,5362.82,14125395.2652
1707888600000,2024-02-14T05:30:00+00:00,2634.55,2640.75,2634.19,2639.46,7346.99,19385742.0411
1707889500000,2024-02-14T05:45:00+00:00,2639.46,2643.91,2637.2,2641.9,7927.42,20932144.8222
1707890400000,2024-02-14T06:00:00+00:00,2641.9,2645.8,2639.69,2644.11,7402.64,19562018.6526
1707891300000,2024-02-14T06:15:00+00:00,2644.11,2647.2,2643.9,2645.99,6760.32,17886880.2847
1707892200000,2024-02-14T06:30:00+00:00,2645.99,2650.36,2643.86,2645.76,8397.78,22229633.148
1707893100000,2024-02-14T06:45:00+00:00,2645.76,2645.9,2641.43,2645.41,7623.29,20151574.65
1707894000000,2024-02-14T07:00:00+00:00,2645.41,2655.44,2645.41,2648.38,7790.67,20652940.3648
1707894900000,2024-02-14T07:15:00+00:00,2648.38,2653.66,2646.13,2653.66,9493.72,25155414.9069
1707895800000,2024-02-14T07:30:00+00:00,2653.66,2654.97,2649.34,2652.14,9544.59,25314795.0715
1707896700000,2024-02-14T07:45:00+00:00,2652.14,2654.61,2650.5,2652.8,7713.94,20462278.2391
1707897600000,2024-02-14T08:00:00+00:00,2652.8,2656.01,2647.79,2650,9964.21,26412181.1983
1707898500000,2024-02-14T08:15:00+00:00,2650,2665.03,2650,2656.36,13104.33,34845822.5458
1707899400000,2024-02-14T08:30:00+00:00,2656.36,2663.72,2656.24,2662.05,8149.52,21676688.9002
1707900300000,2024-02-14T08:45:00+00:00,2662.05,2714,2660.97,2708.27,24252.12,65139337.9002
1707901200000,2024-02-14T09:00:00+00:00,2708.27,2731.34,2707.75,2722.35,26797.4,72861113.9507
1707902100000,2024-02-14T09:15:00+00:00,2722.35,2735.07,2718.2,2729.78,14252.27,38846865.9245
1707903000000,2024-02-14T09:30:00+00:00,2729.78,2746.96,2726.31,2737.4,16975.33,46498824.6136
1707903900000,2024-02-14T09:45:00+00:00,2737.4,2748.78,2733.15,2746.58,9785.99,26850414.0842
1707904800000,2024-02-14T10:00:00+00:00,2746.58,2751.41,2739.88,2751.11,9641.37,26476012.7858
1707905700000,2024-02-14T10:15:00+00:00,2751.11,2758.31,2741.98,2744.93,11718.83,32230512.9785
1707906600000,2024-02-14T10:30:00+00:00,2744.93,2762.25,2744.2,2758.17,11437.57,31503364.6972
1707907500000,2024-02-14T10:45:00+00:00,2758.17,2760.91,2750.41,2754.09,14088.67,38837409.6854
1707908400000,2024-02-14T11:00:00+00:00,2754.09,2754.97,2738.62,2747.22,15762.47,43298184.4933
1707909300000,2024-02-14T11:15:00+00:00,2747.22,2755.22,2743.33,2747.8,14285.77,39280157.0532
1707910200000,2024-02-14T11:30:00+00:00,2747.8,2752.11,2745.57,2748.01,11074.7,30434234.2774
1707911100000,2024-02-14T11:45:00+00:00,2748.01,2759.42,2748.01,2757.3,10605.26,29206288.8576
1707912000000,2024-02-14T12:00:00+00:00,2757.3,2760.69,2746.51,2748.01,17825.85,49110085.2289
1707912900000,2024-02-14T12:15:00+00:00,2748.01,2756.42,2745.16,2750.81,17520.08,48159725.3609
1707913800000,2024-02-14T12:30:00+00:00,2750.81,2758.67,2746.27,2746.91,12218.07,33639271.5647
1707914700000,2024-02-14T12:45:00+00:00,2746.91,2746.91,2733.5,2740.02,12648.02,34641240.5663
1707915600000,2024-02-14T13:00:00+00:00,2740.02,2746,2739.34,2745,7286.06,19981001.6661
1707916500000,2024-02-14T13:15:00+00:00,2745,2753.87,2742.9,2751.82,9192.54,25280123.0564
1707917400000,2024-02-14T13:30:00+00:00,2751.82,2760.92,2747.08,2758.96,12495.41,34413964.6787
1707918300000,2024-02-14T13:45:00+00:00,2758.96,2773.56,2752.68,2766.05,15601.82,43044302.2913
1707919200000,2024-02-14T14:00:00+00:00,2766.05,2770.92,2755.84,2769.97,12314.59,34028631.9336
1707920100000,2024-02-14T14:15:00+00:00,2769.97,2770.09,2755,2759.07,12363.99,34121624.1245
1707921000000,2024-02-14T14:30:00+00:00,2759.07,2773.22,2753.49,2759.94,18160.76,50154623.7686
1707921900000,2024-02-14T14:45:00+00:00,2759.94,2766.96,2753.62,2759.03,13492.94,37231201.1912
1707922800000,2024-02-14T15:00:00+00:00,2759.03,2761.62,2740.26,2743.7,19871.41,54678680.8285
1707923700000,2024-02-14T15:15:00+00:00,2743.7,2758,2730.7,2754.89,16486.4,45288720.2554
1707924600000,2024-02-14T15:30:00+00:00,2754.89,2758.86,2749.06,2750.52,14632.38,40307631.368
1707925500000,2024-02-14T15:45:00+00:00,2750.52,2753,2742.37,2749.92,14226.4,39089965.425
1707926400000,2024-02-14T16:00:00+00:00,2749.92,2751.46,2737.7,2744.58,16839.53,46219039.3435
1707927300000,2024-02-14T16:15:00+00:00,2744.58,2745.41,2729.05,2740.8,16233.86,44456910.1036
1707928200000,2024-02-14T16:30:00+00:00,2740.8,2747.53,2740.15,2747.13,8274.29,22710824.0272
1707929100000,2024-02-14T16:45:00+00:00,2747.13,2750.15,2737.61,2739.66,7906.58,21688520.6315
1707930000000,2024-02-14T17:00:00+00:00,2739.66,2748.74,2734.3,2745.6,6731.45,18444987.1746
1707930900000,2024-02-14T17:15:00+00:00,2745.6,2750,2742.49,2746,8543.41,23455670.306
1707931800000,2024-02-14T17:30:00+00:00,2746,2746,2738.49,2740.18,8829.17,24207480.8208
1707932700000,2024-02-14T17:45:00+00:00,2740.18,2745.5,2737.93,2741.74,10145.59,27802809.4745
1707933600000,2024-02-14T18:00:00+00:00,2741.74,2745.63,2729.94,2730.95,9788.43,26804178.9126
1707934500000,2024-02-14T18:15:00+00:00,2730.95,2739.11,2727.51,2737.7,12497.74,34148250.9122
1707935400000,2024-02-14T18:30:00+00:00,2737.7,2747,2736.28,2744.34,13459.2,36918914.3679
1707936300000,2024-02-14T18:45:00+00:00,2744.34,2752.5,2744.14,2750.8,14493.66,39847650.2389
1707937200000,2024-02-14T19:00:00+00:00,2750.8,2756.52,2747.16,2749.82,13819.34,38022049.0066
1707938100000,2024-02-14T19:15:00+00:00,2749.82,2755.39,2741.55,2753.13,16605.78,45608749.2324
1707939000000,2024-02-14T19:30:00+00:00,2753.13,2761.14,2752.63,2760.31,14362.99,39598218.7828
1707939900000,2024-02-14T19:45:00+00:00,2760.31,2766.99,2756.04,2762.25,16975.54,46850587.0333
1707940800000,2024-02-14T20:00:00+00:00,2762.25,2767.11,2758.61,2760.41,12998.23,35909374.7428
1707941700000,2024-02-14T20:15:00+00:00,2760.41,2763.62,2755.34,2761.08,14101.33,38917256.0014
1707942600000,2024-02-14T20:30:00+00:00,2761.08,2765.92,2756.43,2764.37,12051.89,33279450.5344
1707943500000,2024-02-14T20:45:00+00:00,2764.37,2768.24,2757.64,2765.4,10738.88,29665366.9887
1707944400000,2024-02-14T21:00:00+00:00,2765.4,2765.4,2756.36,2761.69,13171,36368169.3065
1707945300000,2024-02-14T21:15:00+00:00,2761.69,2767.31,2757.9,2759.98,11464.54,31652015.3001
1707946200000,2024-02-14T21:30:00+00:00,2759.98,2771.9,2759.92,2769.57,15120.49,41817599.3593
1707947100000,2024-02-14T21:45:00+00:00,2769.57,2787.99,2769.29,2779.13,15967.72,44381620.9891
1707948000000,2024-02-14T22:00:00+00:00,2779.13,2784.05,2769.25,2773.12,11713.95,32512995.6339
1707948900000,2024-02-14T22:15:00+00:00,2773.12,2774.81,2768.66,2770.41,12095.15,33523326.3344
1707949800000,2024-02-14T22:30:00+00:00,2770.41,2771.31,2764.28,2768.61,12983.62,35931574.6886
1707950700000,2024-02-14T22:45:00+00:00,2768.61,2774.19,2767.63,2772.21,13499.59,37398855.9792
1707951600000,2024-02-14T23:00:00+00:00,2772.21,2774.32,2768.09,2772.54,11381.71,31540464.7486
1707952500000,2024-02-14T23:15:00+00:00,2772.54,2780.9,2768.3,2780.39,10660.5,29580005.3791
1707953400000,2024-02-14T23:30:00+00:00,2780.39,2784.46,2774.93,2783.87,8340.3,23183501.9518
1707954300000,2024-02-14T23:45:00+00:00,2783.87,2784.1,2774.8,2775.47,8430.29,23420000.1771
1707955200000,2024-02-15T00:00:00+00:00,2775.47,2782,2771.65,2780.27,8409.39,23350282.7938
1707956100000,2024-02-15T00:15:00+00:00,2780.27,2810.34,2778.61,2809.11,18193.73,50881534.8155
1707957000000,2024-02-15T00:30:00+00:00,2809.11,2827.99,2801.55,2818.67,15661.93,44122993.4013
1707957900000,2024-02-15T00:45:00+00:00,2818.67,2822.09,2814.63,2818.99,8066.97,22734463.6873
1707958800000,2024-02-15T01:00:00+00:00,2818.99,2819.1,2799.27,2805.92,11220.5,31505655.3532
1707959700000,2024-02-15T01:15:00+00:00,2805.92,2807.25,2789.01,2791.71,10645.38,29771318.8196
1707960600000,2024-02-15T01:30:00+00:00,2791.71,2792.44,2772.52,2775.89,11580.43,32208721.2146
1707961500000,2024-02-15T01:45:00+00:00,2775.89,2783.52,2773.67,2778.89,8038.54,22341613.9784
1707962400000,2024-02-15T02:00:00+00:00,2778.89,2792.15,2777,2787.52,11278,31406732.7373
1707963300000,2024-02-15T02:15:00+00:00,2787.52,2796.35,2787.43,2790.84,8475.95,23666045.4413
1707964200000,2024-02-15T02:30:00+00:00,2790.84,2798.3,2790.22,2796.49,7258.26,20277854.9902
1707965100000,2024-02-15T02:45:00+00:00,2796.49,2797.38,2786.4,2787.56,9206.16,25702147.0676
1707966000000,2024-02-15T03:00:00+00:00,2787.56,2793.99,2786.86,2791.69,6787.94,18944319.5707
1707966900000,2024-02-15T03:15:00+00:00,2791.69,2799.01,2789.01,2794.76,6843.66,19118969.527
1707967800000,2024-02-15T03:30:00+00:00,2794.76,2799.89,2791.26,2797.97,7541.9,21083335.6855
1707968700000,2024-02-15T03:45:00+00:00,2797.97,2804.75,2796.18,2802.24,6713.43,18808814.2987
1707969600000,2024-02-15T04:00:00+00:00,2802.24,2803,2792.01,2795.47,5723.62,16003329.1375
1707970500000,2024-02-15T04:15:00+00:00,2795.47,2799,2791.51,2798.38,5319.58,14873431.1573
1707971400000,2024-02-15T04:30:00+00:00,2798.38,2798.38,2787.32,2796.59,7405.4,20679651.1566
1707972300000,2024-02-15T04:45:00+00:00,2796.59,2802.63,2784.48,2797.23,9916.52,27684618.7944
1707973200000,2024-02-15T05:00:00+00:00,2797.23,2797.85,2788.56,2793,9371.06,26165894.4124
1707974100000,2024-02-15T05:15:00+00:00,2793,2793.44,2780.13,2784.8,10197.56,28418033.7796
1707975000000,2024-02-15T05:30:00+00:00,2784.8,2785.3,2777.2,2780.16,9184.06,25544817.8824
1707975900000,2024-02-15T05:45:00+00:00,2780.16,2780.49,2759.06,2772.05,18723.23,51873049.88
1707976800000,2024-02-15T06:00:00+00:00,2772.05,2779.89,2770.22,2776.12,12831.96,35603018.9972
1707977700000,2024-02-15T06:15:00+00:00,2776.12,2779.46,2769.52,2774.08,10613.8,29443638.3105
1707978600000,2024-02-15T06:30:00+00:00,2774.08,2781.31,2772.12,2780.88,11233.95,31209860.9501
1707979500000,2024-02-15T06:45:00+00:00,2780.88,2783.6,2776,2778.47,9322.36,25916250.0778
1707980400000,2024-02-15T07:00:00+00:00,2778.47,2785.3,2776.81,2784.37,9328.15,25948876.1284
1707981300000,2024-02-15T07:15:00+00:00,2784.37,2786.77,2781.97,2784,9096.79,25331845.293
1707982200000,2024-02-15T07:30:00+00:00,2784,2784.28,2761.64,2768.17,15636.69,43381150.0861
1707983100000,2024-02-15T07:45:00+00:00,2768.17,2777.86,2767.68,2773.17,10409.06,28873789.298
1707984000000,2024-02-15T08:00:00+00:00,2773.17,2775.44,2769.05,2772.05,7876.85,21826991.8564
1707984900000,2024-02-15T08:15:00+00:00,2772.05,2784.4,2771.38,2782.35,8433.76,23431206.6108
1707985800000,2024-02-15T08:30:00+00:00,2782.35,2784.3,2777.63,2780.65,7669.3,21320368.7233
1707986700000,2024-02-15T08:45:00+00:00,2780.65,2784.43,2776.02,2782,7171.06,19939010.7986
1707987600000,2024-02-15T09:00:00+00:00,2782,2785.36,2780.57,2784.51,6277.82,17470350.221
1707988500000,2024-02-15T09:15:00+00:00,2784.51,2795.63,2784.51,2785.21,13240.77,36946659.9454
1707989400000,2024-02-15T09:30:00+00:00,2785.21,2792.64,2785.21,2790.29,10575.16,29494730.8048
1707990300000,2024-02-15T09:45:00+00:00,2790.29,2791,2785.44,2791,12715.39,35455298.0134
1707991200000,2024-02-15T10:00:00+00:00,2791,2798.64,2787.29,2797.2,15436.46,43134330.9183
1707992100000,2024-02-15T10:15:00+00:00,2797.2,2802.95,2794.31,2795.64,14218.59,39779485.3842
1707993000000,2024-02-15T10:30:00+00:00,2795.64,2803,2792.75,2800.75,12114.71,33895816.9156
1707993900000,2024-02-15T10:45:00+00:00,2800.75,2801.83,2796.52,2800.56,12545.08,35120848.1377
1707994800000,2024-02-15T11:00:00+00:00,2800.56,2802,2795.15,2795.74,10725.39,30021742.6747
1707995700000,2024-02-15T11:15:00+00:00,2795.74,2801.24,2795.08,2800.79,10668.84,29844459.8008
1707996600000,2024-02-15T11:30:00+00:00,2800.79,2801.53,2784.38,2789.9,14207.14,39650469.027
1707997500000,2024-02-15T11:45:00+00:00,2789.9,2794.18,2788.39,2794.01,9875.45,27561098.6001
1707998400000,2024-02-15T12:00:00+00:00,2794.01,2805.26,2788.48,2790.1,13524.73,37828782.6703
1707999300000,2024-02-15T12:15:00+00:00,2790.1,2796.21,2776,2796.21,12362.93,34462604.1843
1708000200000,2024-02-15T12:30:00+00:00,2796.21,2797.7,2786.26,2792,9733.51,27186504.741
1708001100000,2024-02-15T12:45:00+00:00,2792,2799.18,2790.65,2798.33,8780.37,24542856.9908
1708002000000,2024-02-15T13:00:00+00:00,2798.33,2808.99,2793.45,2808.11,10183.21,28511983.6995
1708002900000,2024-02-15T13:15:00+00:00,2808.11,2815.39,2794.13,2795.5,12031.86,33756081.3751
1708003800000,2024-02-15T13:30:00+00:00,2795.5,2806.39,2790.58,2803.74,7656.09,21422338.1407
1708004700000,2024-02-15T13:45:00+00:00,2803.74,2816.52,2802.39,2812,9443.38,26532132.7724
1708005600000,2024-02-15T14:00:00+00:00,2812,2816.11,2800.78,2815.17,6169.22,17321284.0134
1708006500000,2024-02-15T14:15:00+00:00,2815.17,2836.31,2810.57,2830.89,17096.91,48304222.5128
1708007400000,2024-02-15T14:30:00+00:00,2830.89,2848.53,2828.7,2844.19,23267.52,66110643.4113
1708008300000,2024-02-15T14:45:00+00:00,2844.19,2859.17,2844.19,2854.07,21161.18,60347964.1754
1708009200000,2024-02-15T15:00:00+00:00,2854.07,2870.02,2835.28,2860.49,24199.68,69063845.1456
1708010100000,2024-02-15T15:15:00+00:00,2860.49,2864,2839.64,2845.32,19830.17,56507387.8378
1708011000000,2024-02-15T15:30:00+00:00,2845.32,2847.82,2813.58,2828.14,27742.05,78490503.9361
1708011900000,2024-02-15T15:45:00+00:00,2828.14,2838.49,2815.59,2827.3,16849.08,47605511.686
1708012800000,2024-02-15T16:00:00+00:00,2827.3,2829.16,2804.75,2805.6,17165.33,48388008.1859
1708013700000,2024-02-15T16:15:00+00:00,2805.6,2834.01,2803.46,2829.44,19214.33,54170251.0572
1708014600000,2024-02-15T16:30:00+00:00,2829.44,2842.49,2829.13,2841.21,8788.19,24927746.3454
1708015500000,2024-02-15T16:45:00+00:00,2841.21,2842.23,2825.65,2830.29,8310.57,23543155.5744
1708016400000,2024-02-15T17:00:00+00:00,2830.29,2835.95,2817.33,2820.1,8059.81,22781549.2712
1708017300000,2024-02-15T17:15:00+00:00,2820.1,2835.51,2817.97,2829.72,10295.58,29100413.9227
1708018200000,2024-02-15T17:30:00+00:00,2829.72,2837.67,2826.3,2827.99,9800.06,27742377.2638
1708019100000,2024-02-15T17:45:00+00:00,2827.99,2831.44,2814.14,2815.89,9653.57,27250172.7482
1708020000000,2024-02-15T18:00:00+00:00,2815.89,2832.96,2809,2832.74,12482.6,35200734.7884
1708020900000,2024-02-15T18:15:00+00:00,2832.74,2833.1,2822,2826.98,10043.99,28396118.7619
1708021800000,2024-02-15T18:30:00+00:00,2826.98,2827.56,2816.52,2819.35,11419.15,32236230.7218
1708022700000,2024-02-15T18:45:00+00:00,2819.35,2832.89,2818.32,2825.5,12378.54,34953810.7564
1708023600000,2024-02-15T19:00:00+00:00,2825.5,2827.08,2815.13,2818.36,12437,35084613.8511
1708024500000,2024-02-15T19:15:00+00:00,2818.36,2818.36,2812.25,2814.99,13308.74,37456026.3155
1708025400000,2024-02-15T19:30:00+00:00,2814.99,2824.15,2811.05,2822.9,8245.75,23229107.2207
1708026300000,2024-02-15T19:45:00+00:00,2822.9,2840,2822.26,2835.23,9468.59,26836247.5943
1708027200000,2024-02-15T20:00:00+00:00,2835.23,2835.76,2827.54,2828.18,6881.53,19484501.6245
1708028100000,2024-02-15T20:15:00+00:00,2828.18,2828.18,2815.01,2825.96,9666.68,27275580.5976
1708029000000,2024-02-15T20:30:00+00:00,2825.96,2844.11,2825.58,2840.1,12284.73,34838129.8159
1708029900000,2024-02-15T20:45:00+00:00,2840.1,2840.99,2827.59,2829.5,10922.03,30934475.8862
1708030800000,2024-02-15T21:00:00+00:00,2829.5,2847.36,2821.3,2839.01,14054.8,39860837.7704
1708031700000,2024-02-15T21:15:00+00:00,2839.01,2839.01,2826.79,2826.94,10248.35,29025351.5087
1708032600000,2024-02-15T21:30:00+00:00,2826.94,2829.39,2811.5,2814.95,12315.44,34758548.1982
1708033500000,2024-02-15T21:45:00+00:00,2814.95,2821.64,2786.4,2794.57,17776.3,49811551.0354
1708034400000,2024-02-15T22:00:00+00:00,2794.57,2808.92,2792.13,2808.67,12256.05,34321185.6578
1708035300000,2024-02-15T22:15:00+00:00,2808.67,2815.83,2807.8,2812.93,11420,32114111.6361
1708036200000,2024-02-15T22:30:00+00:00,2812.93,2822.94,2808.73,2814.65,13146.03,37030622.9557
1708037100000,2024-02-15T22:45:00+00:00,2814.65,2816.52,2803.73,2814.49,12920.57,36311529.3986
1708038000000,2024-02-15T23:00:00+00:00,2814.49,2822.61,2810.83,2822.6,15084.56,42522153.4666
1708038900000,2024-02-15T23:15:00+00:00,2822.6,2825.59,2818.63,2823.14,12988.96,36668242.5899
1708039800000,2024-02-15T23:30:00+00:00,2823.14,2825.73,2822.99,2824.99,12630.92,35672168.7403
1708040700000,2024-02-15T23:45:00+00:00,2824.99,2825.71,2820.18,2823.54,11119.11,31388708.6959
1708041600000,2024-02-16T00:00:00+00:00,2823.54,2828.46,2822.19,2827.65,13489.07,38109590.0163
1708042500000,2024-02-16T00:15:00+00:00,2827.65,2839.9,2823.89,2825.14,14921.93,42248309.4375
1708043400000,2024-02-16T00:30:00+00:00,2825.14,2835,2821,2834.99,10045.07,28403392.2786
1708044300000,2024-02-16T00:45:00+00:00,2834.99,2843.52,2832.49,2839.16,11333.02,32172387.5398
1708045200000,2024-02-16T01:00:00+00:00,2839.16,2857.99,2837.54,2857.66,12449.68,35434762.0804
1708046100000,2024-02-16T01:15:00+00:00,2857.66,2858.83,2847.31,2854,11844.97,33805619.0484
1708047000000,2024-02-16T01:30:00+00:00,2854,2855.52,2842.11,2846.6,11028.03,31400314.8496
1708047900000,2024-02-16T01:45:00+00:00,2846.6,2846.6,2840.35,2844.34,8754.96,24900859.2824
1708048800000,2024-02-16T02:00:00+00:00,2844.34,2851.29,2836.81,2847.03,11644.97,33110133.7049
1708049700000,2024-02-16T02:15:00+00:00,2847.03,2848.7,2839.59,2842.79,9539.92,27124740.7144
1708050600000,2024-02-16T02:30:00+00:00,2842.79,2844.89,2838.79,2843.55,5321.71,15120677.1307
1708051500000,2024-02-16T02:45:00+00:00,2843.55,2849.21,2842.64,2848.25,6590.4,18751009.5013
1708052400000,2024-02-16T03:00:00+00:00,2848.25,2858.29,2840.75,2856.34,7315.31,20830894.9089
1708053300000,2024-02-16T03:15:00+00:00,2856.34,2856.46,2845.82,2847.51,7265.33,20708196.0583
1708054200000,2024-02-16T03:30:00+00:00,2847.51,2853.85,2844.55,2853.69,5939.11,16917887.7256
1708055100000,2024-02-16T03:45:00+00:00,2853.69,2854.59,2844.55,2847.03,6649.71,18935493.3781
1708056000000,2024-02-16T04:00:00+00:00,2847.03,2852.02,2843,2844.94,6839.04,19477757.9455
1708056900000,2024-02-16T04:15:00+00:00,2844.94,2848.09,2841.07,2841.77,8143.42,23162855.5164
1708057800000,2024-02-16T04:30:00+00:00,2841.77,2843.3,2839.4,2840.01,10728.57,30482342.7493
1708058700000,2024-02-16T04:45:00+00:00,2840.01,2843.64,2836.72,2838.78,7791.92,22128783.3329
1708059600000,2024-02-16T05:00:00+00:00,2838.78,2841.34,2836.36,2837.71,7425.67,21078418.402
1708060500000,2024-02-16T05:15:00+00:00,2837.71,2843.44,2837.59,2841.58,9066.67,25754608.4576
1708061400000,2024-02-16T05:30:00+00:00,2841.58,2846.99,2837.57,2844.69,8403.17,23886527.1711
1708062300000,2024-02-16T05:45:00+00:00,2844.69,2848.79,2841.88,2842.61,8424.32,23968183.3133
1708063200000,2024-02-16T06:00:00+00:00,2842.61,2847.72,2841.15,2841.51,7886.85,22430744.5401
1708064100000,2024-02-16T06:15:00+00:00,2841.51,2853.77,2840.28,2853.34,7819.08,22261476.3566
1708065000000,2024-02-16T06:30:00+00:00,2853.34,2853.34,2843.99,2845.85,10516.6,29960055.9096
1708065900000,2024-02-16T06:45:00+00:00,2845.85,2845.85,2831.07,2833.8,16673.32,47313739.122
1708066800000,2024-02-16T07:00:00+00:00,2833.8,2836.26,2823.27,2832.79,16393.41,46395542.0961
1708067700000,2024-02-16T07:15:00+00:00,2832.79,2833.89,2820.46,2825.94,14714.86,41609602.8923
1708068600000,2024-02-16T07:30:00+00:00,2825.94,2826.48,2816.89,2818.38,10073.92,28421890.0928
1708069500000,2024-02-16T07:45:00+00:00,2818.38,2818.39,2812.7,2816.32,9613.48,27068501.7601
1708070400000,2024-02-16T08:00:00+00:00,2816.32,2828.66,2813.88,2824.08,10229.69,28869516.0922
1708071300000,2024-02-16T08:15:00+00:00,2824.08,2824.27,2815.42,2819.82,9902.06,27915993.344
1708072200000,2024-02-16T08:30:00+00:00,2819.82,2826,2816.99,2824.27,8855.59,24979879.7165
1708073100000,2024-02-16T08:45:00+00:00,2824.27,2826.4,2814.85,2817.04,9351.48,26368053.2549
1708074000000,2024-02-16T09:00:00+00:00,2817.04,2818.26,2794.71,2806.17,17849.3,50065846.124
1708074900000,2024-02-16T09:15:00+00:00,2806.17,2814.89,2802.29,2810.1,9958.34,27973079.4607
1708075800000,2024-02-16T09:30:00+00:00,2810.1,2817.3,2807.38,2814.85,14599.18,41079145.3334
1708076700000,2024-02-16T09:45:00+00:00,2814.85,2815.81,2809,2810.56,8653.46,24333573.2924
1708077600000,2024-02-16T10:00:00+00:00,2810.56,2816.98,2805.65,2815.89,12098.93,34002503.6106
1708078500000,2024-02-16T10:15:00+00:00,2815.89,2823.3,2813.64,2816.3,11679.63,32919703.4493
1708079400000,2024-02-16T10:30:00+00:00,2816.3,2822.62,2814.91,2820.39,9862.57,27810841.0047
1708080300000,2024-02-16T10:45:00+00:00,2820.39,2829.03,2818.71,2828.32,11315.35,31975615.245
1708081200000,2024-02-16T11:00:00+00:00,2828.32,2833.6,2822.81,2824.8,12034.58,34023012.9978
1708082100000,2024-02-16T11:15:00+00:00,2824.8,2829.3,2822.58,2827.35,9919.17,28034139.3489
1708083000000,2024-02-16T11:30:00+00:00,2827.35,2836.53,2825.46,2832.1,13263.5,37529944.2092
1708083900000,2024-02-16T11:45:00+00:00,2832.1,2833.3,2820.14,2824.54,11345.85,32047380.0442
1708084800000,2024-02-16T12:00:00+00:00,2824.54,2831,2819.12,2831,11902.77,33628035.9288
1708085700000,2024-02-16T12:15:00+00:00,2831,2831.41,2826.02,2830,7087.95,20052277.7816
1708086600000,2024-02-16T12:30:00+00:00,2830,2844.97,2830,2841.45,13716.98,38937432.7347
1708087500000,2024-02-16T12:45:00+00:00,2841.45,2848.46,2836.42,2844.53,12847.37,36512921.1814
1708088400000,2024-02-16T13:00:00+00:00,2844.53,2846.23,2839.02,2839.98,11672.78,33174201.8998
1708089300000,2024-02-16T13:15:00+00:00,2839.98,2847.92,2839.25,2844.3,11084.21,31519692.1683
1708090200000,2024-02-16T13:30:00+00:00,2844.3,2845.51,2826.91,2840.86,12233.55,34675073.7086
1708091100000,2024-02-16T13:45:00+00:00,2840.86,2843.99,2832.94,2840.6,6736.1,19114967.2238
1708092000000,2024-02-16T14:00:00+00:00,2840.6,2844.74,2817.56,2820.41,13597.91,38447656.8866
1708092900000,2024-02-16T14:15:00+00:00,2820.41,2823.11,2807,2817.95,12747.18,35868627.603
1708093800000,2024-02-16T14:30:00+00:00,2817.95,2827.45,2811.15,2822.22,10410.05,29359051.988
1708094700000,2024-02-16T14:45:00+00:00,2822.22,2822.55,2783.46,2798.35,18907.12,52915862.064
1708095600000,2024-02-16T15:00:00+00:00,2798.35,2798.35,2736.06,2770.27,33364.71,92522758.4756
1708096500000,2024-02-16T15:15:00+00:00,2770.27,2780.97,2764.69,2778,15987.45,44348539.2161
1708097400000,2024-02-16T15:30:00+00:00,2778,2779.65,2764.08,2777.39,12578.48,34870190.5722
1708098300000,2024-02-16T15:45:00+00:00,2777.39,2778.61,2769.06,2777.18,11168.19,30966202.8625
1708099200000,2024-02-16T16:00:00+00:00,2777.18,2801.58,2772.56,2799.17,15766.17,43948357.1921
1708100100000,2024-02-16T16:15:00+00:00,2799.17,2808.31,2795,2795.25,12257.79,34340573.1205
1708101000000,2024-02-16T16:30:00+00:00,2795.25,2797.85,2783.4,2790.87,6887.86,19226855.006
1708101900000,2024-02-16T16:45:00+00:00,2790.87,2791.25,2780.75,2785.89,6013.77,16748040.9312
1708102800000,2024-02-16T17:00:00+00:00,2785.89,2791.62,2775.37,2776.81,6647.87,18490672.4781
1708103700000,2024-02-16T17:15:00+00:00,2776.81,2783.51,2772.72,2776.41,5635.49,15654938.9279
1708104600000,2024-02-16T17:30:00+00:00,2776.41,2780.63,2766.86,2770.22,7570.1,20979141.5941
1708105500000,2024-02-16T17:45:00+00:00,2770.22,2778.83,2770.19,2778.49,9253.2,25678864.726
1708106400000,2024-02-16T18:00:00+00:00,2778.49,2779.64,2765.19,2771.73,5398.86,14957592.153
1708107300000,2024-02-16T18:15:00+00:00,2771.73,2782.82,2771.73,2779.29,6571.73,18255298.9878
1708108200000,2024-02-16T18:30:00+00:00,2779.29,2780.39,2771.24,2776.34,10298.23,28579072.5596
1708109100000,2024-02-16T18:45:00+00:00,2776.34,2783.6,2775.62,2781.89,11526.32,32040742.4328
1708110000000,2024-02-16T19:00:00+00:00,2781.89,2782.78,2772.94,2779.89,9830.93,27310109.1951
1708110900000,2024-02-16T19:15:00+00:00,2779.89,2786.39,2779,2780.35,10725.86,29846825.872
1708111800000,2024-02-16T19:30:00+00:00,2780.35,2782.12,2773.04,2781.65,12491.4,34695510.4907
1708112700000,2024-02-16T19:45:00+00:00,2781.65,2783.22,2756.78,2763.32,16176.82,44785225.341
1708113600000,2024-02-16T20:00:00+00:00,2763.32,2772.77,2758.42,2772.08,11296.71,31256412.2638
1708114500000,2024-02-16T20:15:00+00:00,2772.08,2780.59,2771.17,2777.71,10201.15,28321225.3099
1708115400000,2024-02-16T20:30:00+00:00,2777.71,2781.69,2774.61,2779.92,4279.13,11889282.9722
1708116300000,2024-02-16T20:45:00+00:00,2779.92,2782.48,2776.78,2782.48,5042.28,14017818.9173
1708117200000,2024-02-16T21:00:00+00:00,2782.48,2783.54,2775.01,2782.45,3699.54,10283895.7668
1708118100000,2024-02-16T21:15:00+00:00,2782.45,2788.7,2780.77,2788.7,6029.67,16790556.9221
1708119000000,2024-02-16T21:30:00+00:00,2788.7,2792.43,2783.79,2791.14,11917.04,33242016.7587
1708119900000,2024-02-16T21:45:00+00:00,2791.14,2792.3,2787.13,2791.23,12860.3,35877686.5091
1708120800000,2024-02-16T22:00:00+00:00,2791.23,2791.58,2786.64,2787.57,12066.79,33661342.0791
1708121700000,2024-02-16T22:15:00+00:00,2787.57,2790.87,2785.01,2787.6,10360.98,28886079.2451
1708122600000,2024-02-16T22:30:00+00:00,2787.6,2791.27,2786.97,2787.09,11447.47,31928477.7342
1708123500000,2024-02-16T22:45:00+00:00,2787.09,2791.37,2786.73,2789.86,11431.68,31878293.2662
1708124400000,2024-02-16T23:00:00+00:00,2789.86,2795.23,2787.31,2792.41,10620.43,29654497.3655
1708125300000,2024-02-16T23:15:00+00:00,2792.41,2797.98,2791.39,2796.92,11376.38,31789573.2361
1708126200000,2024-02-16T23:30:00+00:00,2796.92,2809.2,2795.07,2804.4,8879.06,24865721.8674
1708127100000,2024-02-16T23:45:00+00:00,2804.4,2811.24,2802.12,2802.51,7569.78,21243914.8537
1708128000000,2024-02-17T00:00:00+00:00,2802.51,2804.04,2799,2801.63,7450.1,20871215.8092
1708128900000,2024-02-17T00:15:00+00:00,2801.63,2805.32,2797.89,2798.04,9258.94,25937276.9314
1708129800000,2024-02-17T00:30:00+00:00,2798.04,2803.11,2796.06,2801.49,8497.37,23789929.2674
1708130700000,2024-02-17T00:45:00+00:00,2801.49,2802.75,2796.76,2797,7529.15,21080657.8422
1708131600000,2024-02-17T01:00:00+00:00,2797,2798.23,2794.25,2795.59,9470.68,26480405.2787
1708132500000,2024-02-17T01:15:00+00:00,2795.59,2797.99,2788.5,2791.41,10245.87,28611864.9692
1708133400000,2024-02-17T01:30:00+00:00,2791.41,2794.2,2784.53,2785.45,11969.83,33385068.0933
1708134300000,2024-02-17T01:45:00+00:00,2785.45,2788.7,2777.82,2787.06,12727.15,35431573.2985
1708135200000,2024-02-17T02:00:00+00:00,2787.06,2795.16,2786.28,2795.14,10067.63,28090074.8806
1708136100000,2024-02-17T02:15:00+00:00,2795.14,2795.43,2788,2791.06,9901.34,27641732.356
1708137000000,2024-02-17T02:30:00+00:00,2791.06,2791.06,2786.14,2788.38,11676.92,32553061.9383
1708137900000,2024-02-17T02:45:00+00:00,2788.38,2793.4,2787.48,2789.55,10075.13,28113319.6565
1708138800000,2024-02-17T03:00:00+00:00,2789.55,2791.33,2785.92,2789.1,9325.66,26003196.2567
1708139700000,2024-02-17T03:15:00+00:00,2789.1,2793.21,2787.23,2787.36,10887.87,30392857.0351
1708140600000,2024-02-17T03:30:00+00:00,2787.36,2790.66,2787.36,2790.6,6313.9,17611995.2817
1708141500000,2024-02-17T03:45:00+00:00,2790.6,2794.9,2789.55,2793.89,5612.08,15674106.4224
1708142400000,2024-02-17T04:00:00+00:00,2793.89,2795.19,2789.44,2790.21,7103.95,19834534.576
1708143300000,2024-02-17T04:15:00+00:00,2790.21,2793.99,2789.12,2789.41,5124.14,14303006.2682
1708144200000,2024-02-17T04:30:00+00:00,2789.41,2791.76,2788.78,2789.45,7432.89,20737302.1578
1708145100000,2024-02-17T04:45:00+00:00,2789.45,2797.57,2789.45,2794.05,7986.17,22313451.6026
1708146000000,2024-02-17T05:00:00+00:00,2794.05,2795.29,2786.41,2787.23,7599.19,21213181.2953
1708146900000,2024-02-17T05:15:00+00:00,2787.23,2788.61,2779.33,2783.32,8847.14,24634652.6904
1708147800000,2024-02-17T05:30:00+00:00,2783.32,2785.51,2780.59,2783.97,4741.73,13197166.9713
1708148700000,2024-02-17T05:45:00+00:00,2783.97,2786.29,2783.79,2786.12,4029.86,11223436.1244
1708149600000,2024-02-17T06:00:00+00:00,2786.12,2788.95,2783.2,2788.22,4521.71,12600066.8157
1708150500000,2024-02-17T06:15:00+00:00,2788.22,2789.52,2785.39,2788.33,6183.91,17238143.7897
1708151400000,2024-02-17T06:30:00+00:00,2788.33,2790,2786.52,2786.58,10435.78,29104047.4268
1708152300000,2024-02-17T06:45:00+00:00,2786.58,2791.35,2786.2,2788.2,9207.08,25680502.7104
1708153200000,2024-02-17T07:00:00+00:00,2788.2,2793.78,2786.51,2792.65,8880.65,24787160.563
1708154100000,2024-02-17T07:15:00+00:00,2792.65,2793.84,2790.04,2793.01,10432.29,29132905.1851
1708155000000,2024-02-17T07:30:00+00:00,2793.01,2798.62,2792.83,2796.55,8593.84,24027906.2086
1708155900000,2024-02-17T07:45:00+00:00,2796.55,2799.12,2794.19,2796.08,9072.78,25380723.3391
1708156800000,2024-02-17T08:00:00+00:00,2796.08,2796.08,2790.43,2793.35,9848.28,27508993.283
1708157700000,2024-02-17T08:15:00+00:00,2793.35,2793.69,2781.56,2783.97,10208.56,28449926.1912
1708158600000,2024-02-17T08:30:00+00:00,2783.97,2787.22,2776.56,2779.05,10871.76,30237525.4572
1708159500000,2024-02-17T08:45:00+00:00,2779.05,2782,2772.14,2775.41,10415.02,28921590.5042
1708160400000,2024-02-17T09:00:00+00:00,2775.41,2779.68,2768.03,2774.77,9847.75,27314767.6523
1708161300000,2024-02-17T09:15:00+00:00,2774.77,2780.89,2772.89,2776.93,9665.72,26840792.0467
1708162200000,2024-02-17T09:30:00+00:00,2776.93,2779.84,2775.33,2778.7,5816.84,16163133.3059
1708163100000,2024-02-17T09:45:00+00:00,2778.7,2778.99,2774.07,2776.42,6499.46,18045020.5078
1708164000000,2024-02-17T10:00:00+00:00,2776.42,2779.5,2770.43,2775.06,8531.38,23676522.8669
1708164900000,2024-02-17T10:15:00+00:00,2775.06,2775.06,2765.5,2770.1,7024.05,19453498.9344
1708165800000,2024-02-17T10:30:00+00:00,2770.1,2776.85,2768.93,2773.79,6709.68,18610815.6637
1708166700000,2024-02-17T10:45:00+00:00,2773.79,2780.94,2773.38,2780.71,6178.52,17157019.7166
1708167600000,2024-02-17T11:00:00+00:00,2780.71,2782.88,2778.72,2781.32,5977.48,16624257.3398
1708168500000,2024-02-17T11:15:00+00:00,2781.32,2784.5,2780.51,2780.78,4965.66,13816630.2602
1708169400000,2024-02-17T11:30:00+00:00,2780.78,2786.72,2779.5,2783.11,4935.97,13738657.5812
1708170300000,2024-02-17T11:45:00+00:00,2783.11,2784.92,2781.31,2782.03,4113.31,11446322.5324
1708171200000,2024-02-17T12:00:00+00:00,2782.03,2782.92,2779.56,2779.85,5173.9,14392263.037
1708172100000,2024-02-17T12:15:00+00:00,2779.85,2784.3,2777.7,2777.92,4773.12,13269685.6022
1708173000000,2024-02-17T12:30:00+00:00,2777.92,2781.42,2774.15,2780.87,9533.06,26485595.4667
1708173900000,2024-02-17T12:45:00+00:00,2780.87,2788.76,2780.82,2784.44,8245.9,22965658.4291
1708174800000,2024-02-17T13:00:00+00:00,2784.44,2784.84,2769.48,2770.24,9726.82,27016213.9633
1708175700000,2024-02-17T13:15:00+00:00,2770.24,2773.8,2756.21,2760.67,16185.12,44755928.5622
1708176600000,2024-02-17T13:30:00+00:00,2760.67,2765.65,2741.8,2749.16,18894.54,51987325.1247
1708177500000,2024-02-17T13:45:00+00:00,2749.16,2752.22,2741.57,2744.04,10927.89,30011579.0444
1708178400000,2024-02-17T14:00:00+00:00,2744.04,2751.63,2742.24,2747.04,9077.17,24950087.1699
1708179300000,2024-02-17T14:15:00+00:00,2747.04,2755.82,2744.29,2746.05,9148.13,25163896.1793
1708180200000,2024-02-17T14:30:00+00:00,2746.05,2747.78,2717.64,2729.74,28528.95,77918913.6602
1708181100000,2024-02-17T14:45:00+00:00,2729.74,2741.32,2722.48,2740.73,10825.8,29572786.4581
1708182000000,2024-02-17T15:00:00+00:00,2740.73,2743.8,2731.27,2737.47,9058.12,24787348.1173
1708182900000,2024-02-17T15:15:00+00:00,2737.47,2748.95,2734.07,2746.82,10455.59,28665115.3124
1708183800000,2024-02-17T15:30:00+00:00,2746.82,2758,2746.82,2756.01,13031.43,35880086.5803
1708184700000,2024-02-17T15:45:00+00:00,2756.01,2757.95,2750.4,2755.65,7867.24,21665303.8811
1708185600000,2024-02-17T16:00:00+00:00,2755.65,2755.65,2747.55,2748.47,7428.21,20439100.0948
1708186500000,2024-02-17T16:15:00+00:00,2748.47,2751.2,2743.76,2750.57,9772.35,26856284.0476
1708187400000,2024-02-17T16:30:00+00:00,2750.57,2754.31,2745.27,2752.3,12237.13,33656289.6984
1708188300000,2024-02-17T16:45:00+00:00,2752.3,2759.94,2751.88,2756.45,13474.65,37136677.3501
1708189200000,2024-02-17T17:00:00+00:00,2756.45,2766.5,2756.08,2765.32,14420.97,39825787.7709
1708190100000,2024-02-17T17:15:00+00:00,2765.32,2766.93,2759.54,2760.66,13014.59,35979455.1264
1708191000000,2024-02-17T17:30:00+00:00,2760.66,2768.71,2759.88,2764.01,13331.69,36864617.8853
1708191900000,2024-02-17T17:45:00+00:00,2764.01,2771.81,2763.79,2769.22,15346.41,42467411.8869
1708192800000,2024-02-17T18:00:00+00:00,2769.22,2770.46,2765.37,2767.94,9756.61,27005145.3977
1708193700000,2024-02-17T18:15:00+00:00,2767.94,2772.78,2767.67,2772.08,10378.74,28752029.844
1708194600000,2024-02-17T18:30:00+00:00,2772.08,2772.08,2766.82,2767.45,11944.68,33089907.0016
1708195500000,2024-02-17T18:45:00+00:00,2767.45,2771.43,2766.71,2770.29,11525.82,31915282.2741
1708196400000,2024-02-17T19:00:00+00:00,2770.29,2773.88,2768.36,2773.21,14048.17,38933597.0196
1708197300000,2024-02-17T19:15:00+00:00,2773.21,2778.09,2771.6,2774.3,13174.86,36556576.4754
1708198200000,2024-02-17T19:30:00+00:00,2774.3,2775.59,2771.8,2774.1,5515.63,15299999.5297
1708199100000,2024-02-17T19:45:00+00:00,2774.1,2775.98,2771.67,2775.21,6177.97,17136613.364
1708200000000,2024-02-17T20:00:00+00:00,2775.21,2775.94,2772.53,2774.29,7209.5,20001811.9213
1708200900000,2024-02-17T20:15:00+00:00,2774.29,2778.31,2772.34,2777.02,6271.96,17406550.9545
1708201800000,2024-02-17T20:30:00+00:00,2777.02,2777.55,2774.53,2776.84,6015.82,16700760.4359
1708202700000,2024-02-17T20:45:00+00:00,2776.84,2781.31,2774.75,2780.23,6518.44,18109554.9262
1708203600000,2024-02-17T21:00:00+00:00,2780.23,2780.57,2775.52,2777.92,4620.61,12837045.1467
1708204500000,2024-02-17T21:15:00+00:00,2777.92,2796,2777.03,2792.43,8916.63,24848598.0072
1708205400000,2024-02-17T21:30:00+00:00,2792.43,2803.2,2791.8,2794,8577.34,23988238.5731
1708206300000,2024-02-17T21:45:00+00:00,2794,2795.22,2783.5,2786.79,5949.67,16594996.5781
1708207200000,2024-02-17T22:00:00+00:00,2786.79,2787.64,2781.7,2784.12,5351.52,14898935.2414
1708208100000,2024-02-17T22:15:00+00:00,2784.12,2789.1,2781.52,2785.87,4899.16,13643587.9186
1708209000000,2024-02-17T22:30:00+00:00,2785.87,2791.62,2780.4,2780.41,5307.63,14791207.8405
1708209900000,2024-02-17T22:45:00+00:00,2780.41,2786.05,2780.39,2785.96,6862.35,19101353.9235
1708210800000,2024-02-17T23:00:00+00:00,2785.96,2785.96,2780.76,2781.81,4648.57,12939121.0695
1708211700000,2024-02-17T23:15:00+00:00,2781.81,2787.43,2781.29,2786.02,6322.09,17602279.6914
1708212600000,2024-02-17T23:30:00+00:00,2786.02,2788.54,2785,2788.41,14636.1,40796511.4554
1708213500000,2024-02-17T23:45:00+00:00,2788.41,2789.54,2785.75,2786.73,12758.17,35563068.6442
1708214400000,2024-02-18T00:00:00+00:00,2786.73,2788.59,2784.54,2787.77,11312.79,31521138.4546
1708215300000,2024-02-18T00:15:00+00:00,2787.77,2792.67,2785.01,2786.08,10476.17,29212576.4061
1708216200000,2024-02-18T00:30:00+00:00,2786.08,2787.78,2778.78,2782.18,9231.63,25694483.9186
1708217100000,2024-02-18T00:45:00+00:00,2782.18,2790.33,2781.6,2789.39,9590.21,26704535.3655
1708218000000,2024-02-18T01:00:00+00:00,2789.39,2798.5,2789.28,2797.77,9759.06,27272753.8743
1708218900000,2024-02-18T01:15:00+00:00,2797.77,2798.02,2789.96,2793.97,9423.35,26325335.1977
1708219800000,2024-02-18T01:30:00+00:00,2793.97,2794.6,2784.41,2784.7,6563.82,18299909.4185
1708220700000,2024-02-18T01:45:00+00:00,2784.7,2784.87,2776.99,2780,7171.71,19951846.73
1708221600000,2024-02-18T02:00:00+00:00,2780,2782,2764.05,2777.02,6770.67,18783887.9511
1708222500000,2024-02-18T02:15:00+00:00,2777.02,2782.14,2776.86,2777.99,5180.16,14401475.3623
1708223400000,2024-02-18T02:30:00+00:00,2777.99,2780.49,2770.6,2773.52,5673.14,15746178.3677
1708224300000,2024-02-18T02:45:00+00:00,2773.52,2773.53,2766.24,2772.09,9264.3,25654275.7702
1708225200000,2024-02-18T03:00:00+00:00,2772.09,2774.39,2771.04,2773.55,7058.58,19571978.1431
1708226100000,2024-02-18T03:15:00+00:00,2773.55,2777.57,2769.18,2775.56,7697.99,21351538.9038
1708227000000,2024-02-18T03:30:00+00:00,2775.56,2782.76,2775.16,2782.67,8762.64,24359262.2331
1708227900000,2024-02-18T03:45:00+00:00,2782.67,2783.68,2780.1,2782.96,8004.02,22269195.0234
1708228800000,2024-02-18T04:00:00+00:00,2782.96,2790.89,2782.96,2790.29,7981.01,22245885.5561
1708229700000,2024-02-18T04:15:00+00:00,2790.29,2797.76,2789.32,2796.53,9675.85,27022440.8289
1708230600000,2024-02-18T04:30:00+00:00,2796.53,2799.5,2790.81,2791.55,8793.3,24587414.495
1708231500000,2024-02-18T04:45:00+00:00,2791.55,2799.12,2791.02,2797.76,8026.47,22439102.1798
1708232400000,2024-02-18T05:00:00+00:00,2797.76,2801.19,2795.68,2799.37,8768.42,24534474.9462
1708233300000,2024-02-18T05:15:00+00:00,2799.37,2806,2797.76,2798.04,11353.89,31807760.8551
1708234200000,2024-02-18T05:30:00+00:00,2798.04,2805.18,2796,2802.34,11006.36,30830134.5468
1708235100000,2024-02-18T05:45:00+00:00,2802.34,2804.65,2798.41,2803.4,9262.96,25952157.2313
1708236000000,2024-02-18T06:00:00+00:00,2803.4,2808.18,2798.47,2798.96,12330.95,34592996.3682
1708236900000,2024-02-18T06:15:00+00:00,2798.96,2801.31,2791.34,2791.34,11097.91,31020090.9424
1708237800000,2024-02-18T06:30:00+00:00,2791.34,2792.04,2782.32,2785.95,11870.98,33083910.8869
1708238700000,2024-02-18T06:45:00+00:00,2785.95,2790.83,2779.53,2788.45,12875.2,35852356.7164
1708239600000,2024-02-18T07:00:00+00:00,2788.45,2792.76,2783.04,2790.81,9901.65,27609541.3315
1708240500000,2024-02-18T07:15:00+00:00,2790.81,2806,2790.81,2801.7,14251.48,39904861.6387
1708241400000,2024-02-18T07:30:00+00:00,2801.7,2807.15,2800.82,2804.02,11894.94,33352402.1356
1708242300000,2024-02-18T07:45:00+00:00,2804.02,2805.53,2797.65,2801.71,11701.65,32789491.8669
1708243200000,2024-02-18T08:00:00+00:00,2801.71,2805.55,2797.24,2798.16,12424.99,34808476.5985
1708244100000,2024-02-18T08:15:00+00:00,2798.16,2802.42,2797.43,2802.42,10682.61,29913227.5105
1708245000000,2024-02-18T08:30:00+00:00,2802.42,2806.6,2800.55,2801.52,5794.97,16248018.1524
1708245900000,2024-02-18T08:45:00+00:00,2801.52,2806.82,2800.12,2805.58,5267.55,14772068.2508
1708246800000,2024-02-18T09:00:00+00:00,2805.58,2823.31,2805.5,2817.31,12090.21,34037708.64
1708247700000,2024-02-18T09:15:00+00:00,2817.31,2822.8,2812.66,2815.79,9286.31,26162614.0774
1708248600000,2024-02-18T09:30:00+00:00,2815.79,2817.12,2809.05,2817.12,11861.26,33369049.6881
1708249500000,2024-02-18T09:45:00+00:00,2817.12,2820.84,2814.65,2820.1,13301.63,37474993.6197
1708250400000,2024-02-18T10:00:00+00:00,2820.1,2823.98,2814.8,2817.69,15726.3,44341694.9597
1708251300000,2024-02-18T10:15:00+00:00,2817.69,2818.64,2810.37,2810.37,12903.08,36299189.8472
1708252200000,2024-02-18T10:30:00+00:00,2810.37,2812.9,2805.94,2812.15,8640.23,24282462.3212
1708253100000,2024-02-18T10:45:00+00:00,2812.15,2812.64,2809.28,2810.4,7557.94,21243616.2159
1708254000000,2024-02-18T11:00:00+00:00,2810.4,2811.35,2799.22,2804.51,8871.63,24894822.6129
1708254900000,2024-02-18T11:15:00+00:00,2804.51,2806.53,2798.44,2804.01,8765.6,24578680.843
1708255800000,2024-02-18T11:30:00+00:00,2804.01,2806.52,2802.54,2803.43,5432.34,15234155.1214
1708256700000,2024-02-18T11:45:00+00:00,2803.43,2807.44,2801.31,2804.27,6496.75,18218231.6922
1708257600000,2024-02-18T12:00:00+00:00,2804.27,2807.26,2800.68,2806.97,5516.74,15468847.3858
1708258500000,2024-02-18T12:15:00+00:00,2806.97,2808.54,2804.82,2805.13,4952.1,13898277.459
1708259400000,2024-02-18T12:30:00+00:00,2805.13,2805.13,2795.49,2802.97,7244.63,20286632.0465
1708260300000,2024-02-18T12:45:00+00:00,2802.97,2804,2790.7,2793.68,7506.84,20992590.2558
1708261200000,2024-02-18T13:00:00+00:00,2793.68,2798.81,2787.24,2790.51,6462.72,18056258.4795
1708262100000,2024-02-18T13:15:00+00:00,2790.51,2796.52,2789.56,2795.19,6108.81,17066215.584
1708263000000,2024-02-18T13:30:00+00:00,2795.19,2795.53,2790.51,2791.3,7123.9,19896313.5115
1708263900000,2024-02-18T13:45:00+00:00,2791.3,2795,2785.81,2787.62,9003.35,25132102.25
1708264800000,2024-02-18T14:00:00+00:00,2787.62,2794.6,2787.47,2790,9381.09,26186654.4994
1708265700000,2024-02-18T14:15:00+00:00,2790,2802.76,2790,2796.6,9476.27,26515095.425
1708266600000,2024-02-18T14:30:00+00:00,2796.6,2813.15,2796.01,2806.37,7345.37,20597094.4079
1708267500000,2024-02-18T14:45:00+00:00,2806.37,2813.98,2805.02,2810,5286.65,14853676.3699
1708268400000,2024-02-18T15:00:00+00:00,2810,2810.42,2801.05,2802.1,5508.27,15455620.7418
1708269300000,2024-02-18T15:15:00+00:00,2802.1,2806.62,2801.52,2804.1,5224.15,14651187.6728
1708270200000,2024-02-18T15:30:00+00:00,2804.1,2810,2801.39,2804.13,3919.77,10995454.2693
1708271100000,2024-02-18T15:45:00+00:00,2804.13,2809.63,2801.03,2807.91,3779.5,10605538.6261
1708272000000,2024-02-18T16:00:00+00:00,2807.91,2808.04,2803.65,2806.67,4177.01,11719202.5654
1708272900000,2024-02-18T16:15:00+00:00,2806.67,2806.67,2794.67,2797.25,5649.24,15811175.6777
1708273800000,2024-02-18T16:30:00+00:00,2797.25,2800,2794.12,2800,6461.92,18077105.6775
1708274700000,2024-02-18T16:45:00+00:00,2800,2807.71,2797.33,2806.02,5314.08,14889977.0785
1708275600000,2024-02-18T17:00:00+00:00,2806.02,2821.24,2805.11,2818.26,9066.56,25521132.832
1708276500000,2024-02-18T17:15:00+00:00,2818.26,2822.15,2814.04,2819.87,8307.32,23423371.4905
1708277400000,2024-02-18T17:30:00+00:00,2819.87,2822.94,2815,2816.27,10796.93,30437525.2625
1708278300000,2024-02-18T17:45:00+00:00,2816.27,2816.27,2809.33,2812.4,8875.78,24956761.8557
1708279200000,2024-02-18T18:00:00+00:00,2812.4,2815.69,2809.05,2811.48,10135.67,28498114.3785
1708280100000,2024-02-18T18:15:00+00:00,2811.48,2819.99,2807.3,2814.42,9015.78,25358016.5986
1708281000000,2024-02-18T18:30:00+00:00,2814.42,2822.24,2809.67,2812.41,12561.61,35376828.4897
1708281900000,2024-02-18T18:45:00+00:00,2812.41,2836.25,2811.79,2835.34,13011.34,36794228.526
1708282800000,2024-02-18T19:00:00+00:00,2835.34,2838,2825.44,2827.67,11954.35,33828514.9941
1708283700000,2024-02-18T19:15:00+00:00,2827.67,2842.15,2822.24,2841.71,12129.91,34309896.867
1708284600000,2024-02-18T19:30:00+00:00,2841.71,2846.07,2832.45,2835.37,8086.13,22962715.1733
1708285500000,2024-02-18T19:45:00+00:00,2835.37,2841.99,2827.92,2828.08,5603.25,15888604.4153
1708286400000,2024-02-18T20:00:00+00:00,2828.08,2833.4,2823.11,2823.57,6109.41,17274273.8548
1708287300000,2024-02-18T20:15:00+00:00,2823.57,2826.79,2816.67,2821.16,6734.32,19004347.6414
1708288200000,2024-02-18T20:30:00+00:00,2821.16,2828.25,2821.06,2828.11,10039.74,28358930.9511
1708289100000,2024-02-18T20:45:00+00:00,2828.11,2829.76,2825.05,2827.86,10015.4,28319760.4032
1708290000000,2024-02-18T21:00:00+00:00,2827.86,2829.68,2825.1,2828.24,9381.16,26529647.3115
1708290900000,2024-02-18T21:15:00+00:00,2828.24,2830.71,2823.07,2826.99,8295.21,23440311.3931
1708291800000,2024-02-18T21:30:00+00:00,2826.99,2846.52,2823.68,2845.9,9676.51,27416292.6507
1708292700000,2024-02-18T21:45:00+00:00,2845.9,2848,2840.53,2847.62,10070.7,28658465.815
1708293600000,2024-02-18T22:00:00+00:00,2847.62,2885.94,2844.55,2880.06,18644.05,53363645.2355
1708294500000,2024-02-18T22:15:00+00:00,2880.06,2887.87,2874.37,2886.73,11836.55,34109120.1286
1708295400000,2024-02-18T22:30:00+00:00,2886.73,2898.26,2871.17,2880.11,12568.11,36315243.0212
1708296300000,2024-02-18T22:45:00+00:00,2880.11,2885.49,2876.29,2881.81,6596.64,19000549.3519
1708297200000,2024-02-18T23:00:00+00:00,2881.81,2893.35,2877.35,2889.6,7655.6,22099779.4571
1708298100000,2024-02-18T23:15:00+00:00,2889.6,2892.99,2877.49,2880,7372.3,21281801.7317
1708299000000,2024-02-18T23:30:00+00:00,2880,2880.31,2866.98,2873.77,9365.66,26897892.2416
1708299900000,2024-02-18T23:45:00+00:00,2873.77,2882.79,2870.59,2882.41,5528.23,15892384.6557
1708300800000,2024-02-19T00:00:00+00:00,2882.41,2886,2877.81,2882.97,5614.82,16184146.7344
1708301700000,2024-02-19T00:15:00+00:00,2882.97,2883.94,2873.68,2881.88,5760.91,16585888.0754
1708302600000,2024-02-19T00:30:00+00:00,2881.88,2895,2875.62,2877.92,9537.7,27505308.0456
1708303500000,2024-02-19T00:45:00+00:00,2877.92,2878.9,2865.33,2872.25,7466.99,21442654.2434
1708304400000,2024-02-19T01:00:00+00:00,2872.25,2873.69,2862.28,2869.29,8317.1,23847396.271
1708305300000,2024-02-19T01:15:00+00:00,2869.29,2870.13,2864.93,2864.93,6636.64,19024557.4872
1708306200000,2024-02-19T01:30:00+00:00,2864.93,2870.33,2857.33,2864.5,11229.94,32169848.2646
1708307100000,2024-02-19T01:45:00+00:00,2864.5,2869.24,2864.5,2868.09,10004.09,28686037.9074
1708308000000,2024-02-19T02:00:00+00:00,2868.09,2880.39,2868.09,2878.53,11853.89,34037800.3664
1708308900000,2024-02-19T02:15:00+00:00,2878.53,2888,2874.66,2887.98,13412.89,38655544.383
1708309800000,2024-02-19T02:30:00+00:00,2887.98,2890.68,2881.5,2885.66,9627.29,27785144.4809
1708310700000,2024-02-19T02:45:00+00:00,2885.66,2887,2881.87,2883.49,10095.25,29113479.473
1708311600000,2024-02-19T03:00:00+00:00,2883.49,2889.5,2881.38,2889.5,9358.79,26990059.8152
1708312500000,2024-02-19T03:15:00+00:00,2889.5,2890,2877.58,2881.29,8634.56,24894154.602
1708313400000,2024-02-19T03:30:00+00:00,2881.29,2883.92,2876.27,2880.9,7360.7,21201651.4763
1708314300000,2024-02-19T03:45:00+00:00,2880.9,2890.55,2880.32,2888,8228.34,23743240.8387
1708315200000,2024-02-19T04:00:00+00:00,2888,2888.58,2882.6,2883.02,8009.01,23109014.4573
1708316100000,2024-02-19T04:15:00+00:00,2883.02,2896.46,2881.45,2893.91,11869.74,34297371.0653
1708317000000,2024-02-19T04:30:00+00:00,2893.91,2903.27,2890.31,2894,15195.92,44005251.3147
1708317900000,2024-02-19T04:45:00+00:00,2894,2899.47,2890.97,2897,9783.37,28311037.2733
1708318800000,2024-02-19T05:00:00+00:00,2897,2900.28,2883.67,2886.95,15857.95,45796119.9237
1708319700000,2024-02-19T05:15:00+00:00,2886.95,2895,2886.64,2894.68,11898.11,34402148.9267
1708320600000,2024-02-19T05:30:00+00:00,2894.68,2898.87,2886.01,2890.46,12209.58,35294670.2874
1708321500000,2024-02-19T05:45:00+00:00,2890.46,2912.65,2886.46,2907.73,14973.77,43413129.4832
1708322400000,2024-02-19T06:00:00+00:00,2907.73,2927.95,2905.68,2927.27,17267.56,50400185.0864
1708323300000,2024-02-19T06:15:00+00:00,2927.27,2932.76,2921.65,2925.25,13172.87,38545309.569
1708324200000,2024-02-19T06:30:00+00:00,2925.25,2927.26,2915.99,2917.31,13662.84,39909353.8719
1708325100000,2024-02-19T06:45:00+00:00,2917.31,2925.5,2917.15,2922.11,9959.03,29095665.8194
1708326000000,2024-02-19T07:00:00+00:00,2922.11,2927.15,2918.8,2924.91,12384.24,36192780.1559
1708326900000,2024-02-19T07:15:00+00:00,2924.91,2931.11,2923.02,2928.5,11961.99,35014208.0788
1708327800000,2024-02-19T07:30:00+00:00,2928.5,2930.28,2921.31,2922.84,7295.49,21341633.4821
1708328700000,2024-02-19T07:45:00+00:00,2922.84,2928.38,2920.18,2926.93,8042.62,23516172.0124
1708329600000,2024-02-19T08:00:00+00:00,2926.93,2928.65,2919.56,2921,9167.07,26794083.1036
1708330500000,2024-02-19T08:15:00+00:00,2921,2922.97,2916.3,2918.74,8116.51,23692082.0843
1708331400000,2024-02-19T08:30:00+00:00,2918.74,2919.26,2910.24,2913.49,5647.89,16461385.2701
1708332300000,2024-02-19T08:45:00+00:00,2913.49,2914.88,2902.79,2907.61,7102.83,20646277.5986
1708333200000,2024-02-19T09:00:00+00:00,2907.61,2912.8,2905.46,2910.79,5500.05,16002084.7569
1708334100000,2024-02-19T09:15:00+00:00,2910.79,2921.19,2909.15,2914.59,6996.17,20392840.5961
1708335000000,2024-02-19T09:30:00+00:00,2914.59,2919.29,2910.87,2917.07,10608.45,30925884.9046
1708335900000,2024-02-19T09:45:00+00:00,2917.07,2917.99,2908.53,2908.82,9559.62,27851486.7338
1708336800000,2024-02-19T10:00:00+00:00,2908.82,2914.99,2906.77,2913.26,8819.67,25676668.4136
1708337700000,2024-02-19T10:15:00+00:00,2913.26,2919.12,2893,2901.88,12924.14,37552274.2916
1708338600000,2024-02-19T10:30:00+00:00,2901.88,2914.97,2901.27,2913.01,5398.01,15701638.7664
1708339500000,2024-02-19T10:45:00+00:00,2913.01,2916.29,2910,2911.95,4739.14,13808271.0603
1708340400000,2024-02-19T11:00:00+00:00,2911.95,2916.27,2908,2908.87,4590.34,13365659.4547
1708341300000,2024-02-19T11:15:00+00:00,2908.87,2918,2906.45,2915.84,6911.9,20128644.9796
1708342200000,2024-02-19T11:30:00+00:00,2915.84,2916.99,2910.47,2913.43,13569.76,39543475.9643
1708343100000,2024-02-19T11:45:00+00:00,2913.43,2917.18,2910.29,2913.74,9895.52,28832948.9825
1708344000000,2024-02-19T12:00:00+00:00,2913.74,2914.16,2906.08,2912.73,13832.6,40246429.7946
1708344900000,2024-02-19T12:15:00+00:00,2912.73,2914.47,2906.8,2908.97,9196.28,26775079.4342
1708345800000,2024-02-19T12:30:00+00:00,2908.97,2914.55,2907.18,2914.48,5931.26,17267919.5259
1708346700000,2024-02-19T12:45:00+00:00,2914.48,2920.97,2906.57,2906.87,8303.26,24199983.8134
1708347600000,2024-02-19T13:00:00+00:00,2906.87,2913.56,2903.55,2910.02,8553.19,24878183.3708
1708348500000,2024-02-19T13:15:00+00:00,2910.02,2911,2901,2906,8445.31,24538447.8619
1708349400000,2024-02-19T13:30:00+00:00,2906,2906.48,2897.28,2900.08,9718.29,28192779.6775
1708350300000,2024-02-19T13:45:00+00:00,2900.08,2902.23,2893.02,2894.92,8570.42,24830949.1759
1708351200000,2024-02-19T14:00:00+00:00,2894.92,2902.3,2887.32,2901.55,13722.95,39729505.953
1708352100000,2024-02-19T14:15:00+00:00,2901.55,2901.97,2894.13,2897.56,8457.7,24514120.7716
1708353000000,2024-02-19T14:30:00+00:00,2897.56,2908.46,2895.97,2903.11,10923.7,31709756.9303
1708353900000,2024-02-19T14:45:00+00:00,2903.11,2908,2898.55,2901.73,10610.25,30806718.0245
1708354800000,2024-02-19T15:00:00+00:00,2901.73,2908,2900.87,2905.35,9790.11,28435149.5042
1708355700000,2024-02-19T15:15:00+00:00,2905.35,2921.47,2904.97,2915.49,12241.12,35668748.0935
1708356600000,2024-02-19T15:30:00+00:00,2915.49,2915.49,2904.51,2905.65,10601.54,30841636.6274
1708357500000,2024-02-19T15:45:00+00:00,2905.65,2910,2898.74,2909.34,12930.74,37562165.8582
1708358400000,2024-02-19T16:00:00+00:00,2909.34,2913.28,2907.95,2910.19,10353.71,30140737.3793
1708359300000,2024-02-19T16:15:00+00:00,2910.19,2921,2909.66,2916.96,11829.77,34493622.3405
1708360200000,2024-02-19T16:30:00+00:00,2916.96,2938.74,2913.02,2933.56,14938.46,43697061.7283
1708361100000,2024-02-19T16:45:00+00:00,2933.56,2936.79,2891.59,2898.5,20101.25,58499132.8208
1708362000000,2024-02-19T17:00:00+00:00,2898.5,2909.42,2888.09,2901.58,14794.17,42927883.8465
1708362900000,2024-02-19T17:15:00+00:00,2901.58,2944.97,2900.56,2942.09,21654.94,63259208.2725
1708363800000,2024-02-19T17:30:00+00:00,2942.09,2946.98,2927.02,2936.17,15155.21,44476216.8052
1708364700000,2024-02-19T17:45:00+00:00,2936.17,2946.5,2927.27,2944.29,13798,40488419.476
1708365600000,2024-02-19T18:00:00+00:00,2944.29,2954.09,2938.49,2940.47,18392.8,54197350.0354
1708366500000,2024-02-19T18:15:00+00:00,2940.47,2955.99,2939.68,2940.72,13646.48,40208802.6773
1708367400000,2024-02-19T18:30:00+00:00,2940.72,2944.52,2937,2942.07,8971.03,26371599.8533
1708368300000,2024-02-19T18:45:00+00:00,2942.07,2944.68,2930.26,2933.47,7873.43,23106962.7556
1708369200000,2024-02-19T19:00:00+00:00,2933.47,2934.26,2921.46,2922.5,11426.79,33436776.4848
1708370100000,2024-02-19T19:15:00+00:00,2922.5,2929.05,2921.34,2926.96,8712.89,25490953.8381
1708371000000,2024-02-19T19:30:00+00:00,2926.96,2936.73,2924.42,2936.63,9370.21,27476459.4985
1708371900000,2024-02-19T19:45:00+00:00,2936.63,2937.73,2926.02,2934.56,8336.51,24446561.0863
1708372800000,2024-02-19T20:00:00+00:00,2934.56,2938.69,2929.06,2933.3,7291.09,21386309.9942
1708373700000,2024-02-19T20:15:00+00:00,2933.3,2939.49,2927.51,2937.36,7871.56,23091190.7894
1708374600000,2024-02-19T20:30:00+00:00,2937.36,2939.58,2932,2935.92,4717.99,13853801.8504
1708375500000,2024-02-19T20:45:00+00:00,2935.92,2943.33,2934.43,2934.59,5192.21,15258179.2357
1708376400000,2024-02-19T21:00:00+00:00,2934.59,2947.95,2933.55,2940.84,5348.08,15733696.5226
1708377300000,2024-02-19T21:15:00+00:00,2940.84,2951.98,2940.5,2944.55,5710.24,16827654.7792
1708378200000,2024-02-19T21:30:00+00:00,2944.55,2951.7,2939.84,2949.17,7158.52,21086045.2073
1708379100000,2024-02-19T21:45:00+00:00,2949.17,2971.73,2949.17,2969.6,18496.88,54775881.7319
1708380000000,2024-02-19T22:00:00+00:00,2969.6,2987.38,2964.01,2985.51,14284.66,42545870.5659
1708380900000,2024-02-19T22:15:00+00:00,2985.51,2986.59,2972.61,2977.75,12483.23,37189018.7952
1708381800000,2024-02-19T22:30:00+00:00,2977.75,2979.22,2966,2970.32,9367.35,27833502.3795
1708382700000,2024-02-19T22:45:00+00:00,2970.32,2972.35,2961.24,2962.78,10356.67,30723262.6546
1708383600000,2024-02-19T23:00:00+00:00,2962.78,2965.49,2951.19,2958.63,11844.3,35053246.4987
1708384500000,2024-02-19T23:15:00+00:00,2958.63,2963.71,2953.12,2954.53,7754.9,22931786.82
1708385400000,2024-02-19T23:30:00+00:00,2954.53,2956.01,2946.18,2947.04,10892.41,32146925.5018
1708386300000,2024-02-19T23:45:00+00:00,2947.04,2949.14,2935.24,2946.04,10838.08,31888779.2932
1708387200000,2024-02-20T00:00:00+00:00,2946.04,2956,2943.01,2951,9941.44,29316356.4328
1708388100000,2024-02-20T00:15:00+00:00,2951,2955.25,2941.5,2951.84,4775.96,14078039.3747
1708389000000,2024-02-20T00:30:00+00:00,2951.84,2957.27,2929.63,2934.61,13001.68,38271633.6073
1708389900000,2024-02-20T00:45:00+00:00,2934.61,2946.64,2933.76,2935.48,8640.29,25405988.0454
1708390800000,2024-02-20T01:00:00+00:00,2935.48,2944.93,2931.64,2942.53,8981.11,26406710.2795
1708391700000,2024-02-20T01:15:00+00:00,2942.53,2945.96,2904.07,2916.24,22785.47,66543269.1273
1708392600000,2024-02-20T01:30:00+00:00,2916.24,2922.78,2911.36,2922.19,10818.9,31565385.353
1708393500000,2024-02-20T01:45:00+00:00,2922.19,2927.67,2916.26,2922.69,11132.74,32533847.9832
1708394400000,2024-02-20T02:00:00+00:00,2922.69,2927.68,2918.5,2921.26,10007.85,29258099.3692
1708395300000,2024-02-20T02:15:00+00:00,2921.26,2926.28,2918.18,2922.66,8772.02,25632378.5413
1708396200000,2024-02-20T02:30:00+00:00,2922.66,2925.99,2916.5,2920.29,8141.6,23783134.1572
1708397100000,2024-02-20T02:45:00+00:00,2920.29,2931.05,2916.5,2928.07,8054.9,23539232.308
1708398000000,2024-02-20T03:00:00+00:00,2928.07,2931.87,2918.53,2919.99,8175.63,23914381.5885
1708398900000,2024-02-20T03:15:00+00:00,2919.99,2923.18,2914.24,2918.82,11076.12,32322950.7669
1708399800000,2024-02-20T03:30:00+00:00,2918.82,2924.97,2916.7,2917.19,9282.31,27101814.173
1708400700000,2024-02-20T03:45:00+00:00,2917.19,2919.67,2906.05,2908.16,13731.24,40000133.1871
1708401600000,2024-02-20T04:00:00+00:00,2908.16,2922.71,2904.25,2918.82,13020.99,37916676.9016
1708402500000,2024-02-20T04:15:00+00:00,2918.82,2921.95,2915.1,2917.88,9869.17,28808127.5199
1708403400000,2024-02-20T04:30:00+00:00,2917.88,2927.46,2917.71,2926.06,9233.75,26990051.005
1708404300000,2024-02-20T04:45:00+00:00,2926.06,2927.9,2922.31,2925.47,8834.05,25838145.5904
1708405200000,2024-02-20T05:00:00+00:00,2925.47,2930.44,2923.27,2928.62,7793.81,22808907.5241
1708406100000,2024-02-20T05:15:00+00:00,2928.62,2936.61,2926,2931.97,9450.68,27691801.8674
1708407000000,2024-02-20T05:30:00+00:00,2931.97,2933.51,2926.46,2927.02,6763.33,19815163.0264
1708407900000,2024-02-20T05:45:00+00:00,2927.02,2929.61,2924.46,2928.69,6836.45,20008627.0919
1708408800000,2024-02-20T06:00:00+00:00,2928.69,2933.94,2926.65,2933.16,6117.09,17922141.9527
1708409700000,2024-02-20T06:15:00+00:00,2933.16,2934.65,2931.32,2932.78,7148.13,20968858.35
1708410600000,2024-02-20T06:30:00+00:00,2932.78,2936.45,2930.79,2934.5,8021.12,23531220.9485
1708411500000,2024-02-20T06:45:00+00:00,2934.5,2936.26,2930.49,2931.95,8733.19,25617050.7717
1708412400000,2024-02-20T07:00:00+00:00,2931.95,2932.95,2928.17,2931.32,10363.28,30372362.905
1708413300000,2024-02-20T07:15:00+00:00,2931.32,2932.11,2927.23,2929.93,7814.88,22895232.9979
1708414200000,2024-02-20T07:30:00+00:00,2929.93,2931.5,2922.81,2923.73,6956.3,20359336.8323
1708415100000,2024-02-20T07:45:00+00:00,2923.73,2925.05,2917,2922.58,8245.78,24089307.5606
1708416000000,2024-02-20T08:00:00+00:00,2922.58,2924.66,2913.4,2918.93,7626.19,22256492.0485
1708416900000,2024-02-20T08:15:00+00:00,2918.93,2919.93,2905.16,2912.15,12577.26,36605889.3095
1708417800000,2024-02-20T08:30:00+00:00,2912.15,2920.95,2912.15,2920.58,6109.45,17828105.7508
1708418700000,2024-02-20T08:45:00+00:00,2920.58,2921,2913.24,2917.05,6754.34,19702362.8356
1708419600000,2024-02-20T09:00:00+00:00,2917.05,2922.71,2912.14,2912.14,6038.91,17617223.8623
1708420500000,2024-02-20T09:15:00+00:00,2912.14,2912.98,2890,2895.81,16367.66,47455661.3116
1708421400000,2024-02-20T09:30:00+00:00,2895.81,2898.91,2889.38,2889.97,10052.18,29095873.1133
1708422300000,2024-02-20T09:45:00+00:00,2889.97,2905.9,2872.71,2901.22,28784.2,83207619.907
1708423200000,2024-02-20T10:00:00+00:00,2901.22,2918.5,2900.99,2914.17,14495.34,42187849.9805
1708424100000,2024-02-20T10:15:00+00:00,2914.17,2918.17,2907.65,2917.53,7421.58,21606667.3246
1708425000000,2024-02-20T10:30:00+00:00,2917.53,2924.88,2913.78,2914.57,10283.18,30024958.8974
1708425900000,2024-02-20T10:45:00+00:00,2914.57,2921.43,2913.71,2920.79,7551.8,22034303.0978
1708426800000,2024-02-20T11:00:00+00:00,2920.79,2943.17,2920.76,2932.13,14316.52,41971391.1004
1708427700000,2024-02-20T11:15:00+00:00,2932.13,2937.73,2927.54,2936.82,8197.42,24045933.0386
1708428600000,2024-02-20T11:30:00+00:00,2936.82,2938.99,2931.86,2934.64,10072.16,29568672.0288
1708429500000,2024-02-20T11:45:00+00:00,2934.64,2938.27,2929.52,2936.39,7989.59,23445432.4605
1708430400000,2024-02-20T12:00:00+00:00,2936.39,2941.02,2933.09,2937.84,8337.99,24492074.8731
1708431300000,2024-02-20T12:15:00+00:00,2937.84,2955.92,2934.65,2948.07,9211.27,27141451.1616
1708432200000,2024-02-20T12:30:00+00:00,2948.07,2953.27,2937.56,2939.28,8967.54,26400683.3167
1708433100000,2024-02-20T12:45:00+00:00,2939.28,2939.97,2931.57,2932.3,8335.11,24467431.1351
1708434000000,2024-02-20T13:00:00+00:00,2932.3,2961.93,2928.02,2961.61,11915.91,35023889.9262
1708434900000,2024-02-20T13:15:00+00:00,2961.61,2972.82,2954.47,2969.38,19116.38,56714237.3219
1708435800000,2024-02-20T13:30:00+00:00,2969.38,2999.19,2967.23,2999.07,30667.44,91623892.6979
1708436700000,2024-02-20T13:45:00+00:00,2999.07,3007.38,2981.25,3000.79,22850.29,68507035.698
1708437600000,2024-02-20T14:00:00+00:00,3000.79,3008.87,2961.45,2975.63,23025.76,68777275.9423
1708438500000,2024-02-20T14:15:00+00:00,2975.63,2987.17,2955.59,2969.19,20960.89,62270814.9136
1708439400000,2024-02-20T14:30:00+00:00,2969.19,2973.98,2918.68,2937.62,26379.86,77639470.8113
1708440300000,2024-02-20T14:45:00+00:00,2937.62,2945.15,2922.88,2939.85,17365.71,50979862.3545
1708441200000,2024-02-20T15:00:00+00:00,2939.85,2941.27,2919.68,2923.8,13299.92,38969764.8165
1708442100000,2024-02-20T15:15:00+00:00,2923.8,2936.47,2906.05,2912.21,17546.97,51316437.7883
1708443000000,2024-02-20T15:30:00+00:00,2912.21,2930.22,2900.79,2929.09,18402.27,53654528.4194
1708443900000,2024-02-20T15:45:00+00:00,2929.09,2929.5,2917.57,2925.01,10249.64,29965408.3164
1708444800000,2024-02-20T16:00:00+00:00,2925.01,2933.03,2921.83,2922.76,16956.57,49623983.5992
1708445700000,2024-02-20T16:15:00+00:00,2922.76,2935.59,2920.47,2933.54,13527.27,39600959.9389
1708446600000,2024-02-20T16:30:00+00:00,2933.54,2934,2913.38,2915.53,11756.56,34393366.0352
1708447500000,2024-02-20T16:45:00+00:00,2915.53,2918.59,2894.34,2897.84,15200.15,44141193.6828
1708448400000,2024-02-20T17:00:00+00:00,2897.84,2912.84,2886.17,2912.01,14933.12,43324711.0345
1708449300000,2024-02-20T17:15:00+00:00,2912.01,2914.52,2886.66,2901.07,12471.18,36209449.6946
1708450200000,2024-02-20T17:30:00+00:00,2901.07,2910.56,2900.18,2909.58,12831.1,37281641.8313
1708451100000,2024-02-20T17:45:00+00:00,2909.58,2919.75,2902.17,2917.76,12298.27,35797728.6243
1708452000000,2024-02-20T18:00:00+00:00,2917.76,2920.08,2909.15,2913.66,15478.58,45125486.4587
1708452900000,2024-02-20T18:15:00+00:00,2913.66,2922.01,2909.71,2917.17,14715.13,42904414.3152
1708453800000,2024-02-20T18:30:00+00:00,2917.17,2931.83,2914.88,2930.29,10528.53,30762591.8647
1708454700000,2024-02-20T18:45:00+00:00,2930.29,2931.91,2924.88,2931.2,9112.94,26689291.7475
1708455600000,2024-02-20T19:00:00+00:00,2931.2,2938.76,2927.16,2938.47,9833.78,28835320.3747
1708456500000,2024-02-20T19:15:00+00:00,2938.47,2954.85,2934.75,2953.76,12261.11,36098925.942
1708457400000,2024-02-20T19:30:00+00:00,2953.76,2964.51,2951.32,2959.41,16555.37,49005175.709
1708458300000,2024-02-20T19:45:00+00:00,2959.41,2988.74,2959.27,2987.17,20335.72,60552211.802
1708459200000,2024-02-20T20:00:00+00:00,2987.17,2989.8,2975.32,2975.78,17789.94,53055620.3462
1708460100000,2024-02-20T20:15:00+00:00,2975.78,2981.61,2966.78,2968.3,12408.01,36902443.7243
1708461000000,2024-02-20T20:30:00+00:00,2968.3,2981.07,2967.68,2978.4,6557.74,19512812.8174
1708461900000,2024-02-20T20:45:00+00:00,2978.4,2981.77,2972.06,2978.67,7215.64,21484985.9409
1708462800000,2024-02-20T21:00:00+00:00,2978.67,2985,2970.63,2980.2,7160.54,21333137.7336
1708463700000,2024-02-20T21:15:00+00:00,2980.2,2995.83,2976.56,2994.77,8816.38,26341549.3308
1708464600000,2024-02-20T21:30:00+00:00,2994.77,2995.99,2987.79,2993.69,6680.05,19991594.2531
1708465500000,2024-02-20T21:45:00+00:00,2993.69,2995.41,2987.56,2989.02,7819.03,23390322.196
1708466400000,2024-02-20T22:00:00+00:00,2989.02,2993.41,2984.33,2992.27,8010.38,23953730.6677
1708467300000,2024-02-20T22:15:00+00:00,2992.27,2996.31,2987.54,2989.98,8807.95,26346910.7268
1708468200000,2024-02-20T22:30:00+00:00,2989.98,2996.65,2984.4,2994.03,10801.22,32312656.2075
1708469100000,2024-02-20T22:45:00+00:00,2994.03,3003.97,2993.98,2996.34,13081.17,39235037.5048
1708470000000,2024-02-20T23:00:00+00:00,2996.34,3023.95,2996.05,3021.23,19655.82,59270941.3875
1708470900000,2024-02-20T23:15:00+00:00,3021.23,3035.81,3009.38,3014.02,17660.46,53350298.2235
1708471800000,2024-02-20T23:30:00+00:00,3014.02,3017.02,3006.36,3009.99,12470.51,37560831.9407
1708472700000,2024-02-20T23:45:00+00:00,3009.99,3018.1,3009.91,3015.91,7582.74,22860330.918
1708473600000,2024-02-21T00:00:00+00:00,3015.91,3018.8,3010.93,3013.52,8948.27,26988099.4669
1708474500000,2024-02-21T00:15:00+00:00,3013.52,3015.7,3006,3009.19,9475.88,28517364.4078
1708475400000,2024-02-21T00:30:00+00:00,3009.19,3011.98,3004.04,3006.35,7353.17,22118419.5856
1708476300000,2024-02-21T00:45:00+00:00,3006.35,3010.5,3000.13,3004.87,6742.5,20259355.3501
1708477200000,2024-02-21T01:00:00+00:00,3004.87,3005.41,2995.87,3004.14,6324.42,18980175.0111
1708478100000,2024-02-21T01:15:00+00:00,3004.14,3005.76,2993.12,2996.15,8347.85,25040893.5702
1708479000000,2024-02-21T01:30:00+00:00,2996.15,3000.76,2991.67,2992.7,11296.48,33859182.4271
1708479900000,2024-02-21T01:45:00+00:00,2992.7,3001.78,2989.24,3001.46,13854.78,41524762.3963
1708480800000,2024-02-21T02:00:00+00:00,3001.46,3005.95,2993.27,2997.23,13120.07,39368601.5563
1708481700000,2024-02-21T02:15:00+00:00,2997.23,3005.95,2995.9,3002.62,9252.05,27761474.0231
1708482600000,2024-02-21T02:30:00+00:00,3002.62,3008.76,2999.45,3006.4,7507.95,22561083.2046
1708483500000,2024-02-21T02:45:00+00:00,3006.4,3013.7,3002.53,3010.6,7224.78,21726963.4127
1708484400000,2024-02-21T03:00:00+00:00,3010.6,3011.92,3001.85,3002.35,5837.16,17556813.8424
1708485300000,2024-02-21T03:15:00+00:00,3002.35,3012,3001.25,3006.59,7704.24,23170353.3619
1708486200000,2024-02-21T03:30:00+00:00,3006.59,3008.3,3003.35,3003.98,15826,47575236.407
1708487100000,2024-02-21T03:45:00+00:00,3003.98,3012.13,3003.61,3007.04,14231.77,42806636.3362
1708488000000,2024-02-21T04:00:00+00:00,3007.04,3011.51,3005.18,3010.13,12587.13,37873855.9306
1708488900000,2024-02-21T04:15:00+00:00,3010.13,3010.99,3004.28,3004.61,10839.44,32613231.4907
1708489800000,2024-02-21T04:30:00+00:00,3004.61,3005.62,2987.18,2995.25,19536.36,58532115.502
1708490700000,2024-02-21T04:45:00+00:00,2995.25,3001.27,2991.26,2998.94,17003.72,50951770.5827
1708491600000,2024-02-21T05:00:00+00:00,2998.94,3010.58,2997.2,3006.53,13809.5,41524323.6368
1708492500000,2024-02-21T05:15:00+00:00,3006.53,3007.65,2997.98,2999.97,14554,43722644.6796
1708493400000,2024-02-21T05:30:00+00:00,2999.97,3001.86,2984.11,2986.31,9498.27,28419150.0576
1708494300000,2024-02-21T05:45:00+00:00,2986.31,2988.25,2972.61,2976.79,11012.81,32817288.1598
1708495200000,2024-02-21T06:00:00+00:00,2976.79,2981.51,2966.54,2980.73,12407.99,36910510.7786
1708496100000,2024-02-21T06:15:00+00:00,2980.73,2980.89,2970.73,2975.29,8297.54,24690166.2694
1708497000000,2024-02-21T06:30:00+00:00,2975.29,2978.11,2952.66,2962.14,17138.89,50803024.7411
1708497900000,2024-02-21T06:45:00+00:00,2962.14,2962.97,2945,2951.26,14052.36,41487297.0481
1708498800000,2024-02-21T07:00:00+00:00,2951.26,2951.26,2927.96,2931,16200.35,47570516.7974
1708499700000,2024-02-21T07:15:00+00:00,2931,2942.64,2920.47,2941.39,14330.27,42068110.3251
1708500600000,2024-02-21T07:30:00+00:00,2941.39,2941.4,2932.19,2935.8,9436.12,27703466.6587
1708501500000,2024-02-21T07:45:00+00:00,2935.8,2942.69,2928.21,2939.93,8501.15,24963523.5234
1708502400000,2024-02-21T08:00:00+00:00,2939.93,2946.53,2934,2940.87,9311.25,27375975.554
1708503300000,2024-02-21T08:15:00+00:00,2940.87,2956.29,2937.3,2955.17,13360.03,39370551.4353
1708504200000,2024-02-21T08:30:00+00:00,2955.17,2955.17,2944.66,2949.98,8995.32,26531961.0344
1708505100000,2024-02-21T08:45:00+00:00,2949.98,2950.3,2937.32,2940.81,7569.14,22290584.1407
1708506000000,2024-02-21T09:00:00+00:00,2940.81,2940.81,2910.04,2926.28,16062.28,46981500.5833
1708506900000,2024-02-21T09:15:00+00:00,2926.28,2929.9,2905.62,2907.61,11168.53,32598882.6835
1708507800000,2024-02-21T09:30:00+00:00,2907.61,2920.49,2904.34,2910.79,17051.83,49670570.4324
1708508700000,2024-02-21T09:45:00+00:00,2910.79,2914.94,2886.45,2900.17,23772.67,69005949.962
1708509600000,2024-02-21T10:00:00+00:00,2900.17,2909.22,2888,2902.93,18278.46,52999929.8664
1708510500000,2024-02-21T10:15:00+00:00,2902.93,2919.03,2900.84,2918.04,16666.18,48509577.6422
1708511400000,2024-02-21T10:30:00+00:00,2918.04,2919.13,2909.12,2912.3,11513.18,33531267.3698
1708512300000,2024-02-21T10:45:00+00:00,2912.3,2925.28,2910,2915.57,13790.04,40233794.1779
1708513200000,2024-02-21T11:00:00+00:00,2915.57,2926.28,2912.97,2915.73,13532.65,39512133.6556
1708514100000,2024-02-21T11:15:00+00:00,2915.73,2920.54,2905.55,2910.73,11467.99,33429725.3781
1708515000000,2024-02-21T11:30:00+00:00,2910.73,2915.17,2894.55,2903.49,12609.03,36643518.8185
1708515900000,2024-02-21T11:45:00+00:00,2903.49,2906.97,2887,2899.27,12969.01,37580170.4644
1708516800000,2024-02-21T12:00:00+00:00,2899.27,2907.66,2880,2905.27,18737.09,54240911.4583
1708517700000,2024-02-21T12:15:00+00:00,2905.27,2924,2903,2919.02,15270.13,44493427.6477
1708518600000,2024-02-21T12:30:00+00:00,2919.02,2925.06,2911.3,2922.86,14341.83,41851093.6973
1708519500000,2024-02-21T12:45:00+00:00,2922.86,2924.41,2916,2920.49,14517.44,42389670.1496
1708520400000,2024-02-21T13:00:00+00:00,2920.49,2928.67,2917.84,2925.09,12547.22,36679967.6611
1708521300000,2024-02-21T13:15:00+00:00,2925.09,2925.58,2905.55,2907.82,15187.97,44236934.9633
1708522200000,2024-02-21T13:30:00+00:00,2907.82,2908.5,2895.47,2904.58,14726.09,42744867.1555
1708523100000,2024-02-21T13:45:00+00:00,2904.58,2908.26,2884.5,2907.82,13722.26,39791750.9145
1708524000000,2024-02-21T14:00:00+00:00,2907.82,2911.27,2897.44,2899.28,13472.29,39136237.6162
1708524900000,2024-02-21T14:15:00+00:00,2899.28,2899.87,2881.04,2883.12,14644.78,42315561.0086
1708525800000,2024-02-21T14:30:00+00:00,2883.12,2903.71,2867.11,2897.28,27418.01,79145686.7158
1708526700000,2024-02-21T14:45:00+00:00,2897.28,2900.48,2884.5,2891.68,14909.44,43110758.4681
1708527600000,2024-02-21T15:00:00+00:00,2891.68,2896.6,2878.79,2891.48,17030.85,49220057.3741
1708528500000,2024-02-21T15:15:00+00:00,2891.48,2915.9,2891.17,2910,16592.98,48212814.0123
1708529400000,2024-02-21T15:30:00+00:00,2910,2921.76,2905.86,2910.44,6985.05,20364195.6222
1708530300000,2024-02-21T15:45:00+00:00,2910.44,2920.31,2906.97,2914.54,6275.83,18277413.0317
1708531200000,2024-02-21T16:00:00+00:00,2914.54,2926.08,2906.86,2924.31,6009.02,17535369.5408
1708532100000,2024-02-21T16:15:00+00:00,2924.31,2924.62,2907.49,2907.8,7456.29,21724813.1386
1708533000000,2024-02-21T16:30:00+00:00,2907.8,2927,2899.54,2927,9768.19,28443245.9352
1708533900000,2024-02-21T16:45:00+00:00,2927,2938,2923.64,2931.57,10720.91,31431692.9518
1708534800000,2024-02-21T17:00:00+00:00,2931.57,2935,2921.48,2926.86,6913.89,20235712.9484
1708535700000,2024-02-21T17:15:00+00:00,2926.86,2926.86,2911.62,2915.57,8394.36,24502848.3366
1708536600000,2024-02-21T17:30:00+00:00,2915.57,2916.18,2899.38,2900.97,7736.76,22494722.5109
1708537500000,2024-02-21T17:45:00+00:00,2900.97,2906.28,2894.77,2897.61,6497.79,18851123.6027
1708538400000,2024-02-21T18:00:00+00:00,2897.61,2907.84,2890.83,2907.6,6860.89,19892602.3982
1708539300000,2024-02-21T18:15:00+00:00,2907.6,2908.45,2885.18,2889.18,8445.87,24468412.5747
1708540200000,2024-02-21T18:30:00+00:00,2889.18,2903.83,2888.78,2901.14,10488.4,30399310.9827
1708541100000,2024-02-21T18:45:00+00:00,2901.14,2904.28,2896.3,2899.85,8332.86,24163089.6321
1708542000000,2024-02-21T19:00:00+00:00,2899.85,2912.95,2891.29,2906.87,9574.71,27814603.8199
1708542900000,2024-02-21T19:15:00+00:00,2906.87,2915.43,2901.04,2905.29,9054.53,26324377.4607
1708543800000,2024-02-21T19:30:00+00:00,2905.29,2910.6,2898.63,2907.26,7363.9,21390070.0731
1708544700000,2024-02-21T19:45:00+00:00,2907.26,2914.87,2904.74,2913.13,6647.33,19344087.5965
1708545600000,2024-02-21T20:00:00+00:00,2913.13,2917.37,2908.06,2913.57,7564.03,22038063.7191
1708546500000,2024-02-21T20:15:00+00:00,2913.57,2914.68,2904.27,2905,7503.48,21826290.9747
1708547400000,2024-02-21T20:30:00+00:00,2905,2911.67,2897.35,2910,14811.18,43060399.1265
1708548300000,2024-02-21T20:45:00+00:00,2910,2910,2900.12,2906.72,10023.64,29105988.6159
1708549200000,2024-02-21T21:00:00+00:00,2906.72,2915.46,2905.01,2914.52,10896.02,31714149.9801
1708550100000,2024-02-21T21:15:00+00:00,2914.52,2924.23,2899.63,2923.56,14849.44,43254385.214
1708551000000,2024-02-21T21:30:00+00:00,2923.56,2925.62,2914.57,2922.09,9900.17,28926480.0379
1708551900000,2024-02-21T21:45:00+00:00,2922.09,2927.5,2918.39,2927.5,10671.19,31190219.8894
1708552800000,2024-02-21T22:00:00+00:00,2927.5,2927.7,2915.41,2915.61,10897.44,31830803.4135
1708553700000,2024-02-21T22:15:00+00:00,2915.61,2924.53,2912.47,2921.77,10997.42,32109378.4911
1708554600000,2024-02-21T22:30:00+00:00,2921.77,2928.27,2919.96,2923.44,11644.77,34056558.6843
1708555500000,2024-02-21T22:45:00+00:00,2923.44,2937,2923.18,2933.44,11747.71,34411376.6272
1708556400000,2024-02-21T23:00:00+00:00,2933.44,2952.16,2931.66,2946.46,13848.41,40803752.8607
1708557300000,2024-02-21T23:15:00+00:00,2946.46,2956.09,2946.17,2950.96,11831.17,34907176.8061
1708558200000,2024-02-21T23:30:00+00:00,2950.96,2974.26,2947.84,2973.96,17353.24,51450696.6895
1708559100000,2024-02-21T23:45:00+00:00,2973.96,2980.69,2968.19,2968.67,11895.97,35391887.9766
1708560000000,2024-02-22T00:00:00+00:00,2968.67,2969,2957.57,2959.51,12648.02,37472294.4428
1708560900000,2024-02-22T00:15:00+00:00,2959.51,2961.17,2950.09,2954.76,11450.65,33850974.0304
1708561800000,2024-02-22T00:30:00+00:00,2954.76,2957.26,2943.12,2944.45,7559.17,22294357.1755
1708562700000,2024-02-22T00:45:00+00:00,2944.45,2947.42,2937.58,2941.85,8603.31,25328537.4861
1708563600000,2024-02-22T01:00:00+00:00,2941.85,2948.82,2935.11,2945.45,9510.73,27979414.4537
1708564500000,2024-02-22T01:15:00+00:00,2945.45,2950.78,2938.4,2941.37,9661.64,28438992.5071
1708565400000,2024-02-22T01:30:00+00:00,2941.37,2944.24,2916,2922.67,15563.94,45537549.1848
1708566300000,2024-02-22T01:45:00+00:00,2922.67,2924.78,2906.52,2910.25,11458.31,33391877.6567
1708567200000,2024-02-22T02:00:00+00:00,2910.25,2920.87,2910.08,2920.61,9298.98,27115447.5685
1708568100000,2024-02-22T02:15:00+00:00,2920.61,2927.69,2920.61,2925.27,11884.99,34760415.7486
1708569000000,2024-02-22T02:30:00+00:00,2925.27,2926.3,2914.1,2924.36,14069.05,41098856.6658
1708569900000,2024-02-22T02:45:00+00:00,2924.36,2925.55,2920,2920.94,14241.27,41608172.1159
1708570800000,2024-02-22T03:00:00+00:00,2920.94,2926.74,2917.24,2926.74,14317.49,41844405.1947
1708571700000,2024-02-22T03:15:00+00:00,2926.74,2933.72,2926.01,2932.23,14263.33,41791627.2691
1708572600000,2024-02-22T03:30:00+00:00,2932.23,2935.47,2928.68,2931.73,13661.26,40047898.0668
1708573500000,2024-02-22T03:45:00+00:00,2931.73,2941.35,2931.73,2935.24,12513.52,36750214.1665
1708574400000,2024-02-22T04:00:00+00:00,2935.24,2940.3,2932.6,2937.39,10471.47,30748416.3347
1708575300000,2024-02-22T04:15:00+00:00,2937.39,2939.03,2924.19,2928.73,13824.12,40520747.9473
1708576200000,2024-02-22T04:30:00+00:00,2928.73,2930.08,2923.66,2925.73,12877.76,37684802.6991
1708577100000,2024-02-22T04:45:00+00:00,2925.73,2932.68,2920.63,2926.92,12039.22,35237165.6052
1708578000000,2024-02-22T05:00:00+00:00,2926.92,2935.69,2926.79,2929.9,12401.51,36338266.309
1708578900000,2024-02-22T05:15:00+00:00,2929.9,2943.87,2929.9,2941.62,15363.94,45145275.2439
1708579800000,2024-02-22T05:30:00+00:00,2941.62,2945,2932.71,2938.4,13065.16,38377809.0608
1708580700000,2024-02-22T05:45:00+00:00,2938.4,2943.34,2928.44,2933.73,13310.74,39081202.8478
1708581600000,2024-02-22T06:00:00+00:00,2933.73,2935.29,2931.51,2935.16,10243.67,30054890.6572
1708582500000,2024-02-22T06:15:00+00:00,2935.16,2940,2931.96,2937.35,9361.07,27490136.3567
1708583400000,2024-02-22T06:30:00+00:00,2937.35,2948.7,2937.35,2947.37,8979.74,26438178.2096
1708584300000,2024-02-22T06:45:00+00:00,2947.37,2965,2943.61,2960,17649.09,52185315.7424
1708585200000,2024-02-22T07:00:00+00:00,2960,2966.96,2955.71,2963.5,10936.57,32390424.4294
1708586100000,2024-02-22T07:15:00+00:00,2963.5,2979.62,2962.37,2978.42,12889.69,38328525.2668
1708587000000,2024-02-22T07:30:00+00:00,2978.42,2998.85,2975.21,2991,21848.19,65274736.1873
1708587900000,2024-02-22T07:45:00+00:00,2991,2995.69,2982.71,2994.86,14166.07,42344612.4898
1708588800000,2024-02-22T08:00:00+00:00,2994.86,3017.45,2988.49,3007.35,22281.74,66991945.8911
1708589700000,2024-02-22T08:15:00+00:00,3007.35,3016,2997.22,3006.4,16532.05,49732068.998
1708590600000,2024-02-22T08:30:00+00:00,3006.4,3020.75,2995.95,3014.56,16242.19,48852137.208
1708591500000,2024-02-22T08:45:00+00:00,3014.56,3024.58,3009.71,3021.97,12413.51,37464898.2491
1708592400000,2024-02-22T09:00:00+00:00,3021.97,3025.48,3013.13,3014.9,10169.89,30710580.3974
1708593300000,2024-02-22T09:15:00+00:00,3014.9,3016.66,3008.37,3015.26,10766.2,32427940.6374
1708594200000,2024-02-22T09:30:00+00:00,3015.26,3018.76,3000.23,3017.92,12979.69,39063495.3528
1708595100000,2024-02-22T09:45:00+00:00,3017.92,3034.95,3015.91,3025.25,14233.42,43097320.184
1708596000000,2024-02-22T10:00:00+00:00,3025.25,3025.25,3015.94,3018.97,11436.03,34531431.1876
1708596900000,2024-02-22T10:15:00+00:00,3018.97,3019.12,3011.23,3012.26,12986.89,39150923.0404
1708597800000,2024-02-22T10:30:00+00:00,3012.26,3013.67,3000.12,3000.83,14756.71,44368619.8789
1708598700000,2024-02-22T10:45:00+00:00,3000.83,3002.59,2989.69,2997.67,20178.61,60497654.6235
1708599600000,2024-02-22T11:00:00+00:00,2997.67,2998.68,2980.48,2986.34,17479.77,52260666.0007
1708600500000,2024-02-22T11:15:00+00:00,2986.34,2989.25,2971.25,2985.27,19620.2,58513603.6436
1708601400000,2024-02-22T11:30:00+00:00,2985.27,2994,2983.94,2986.61,9789.68,29276919.0171
1708602300000,2024-02-22T11:45:00+00:00,2986.61,2994.98,2981.36,2991.4,9016.69,26959945.5383
1708603200000,2024-02-22T12:00:00+00:00,2991.4,3000.33,2986.23,2998.05,7950.73,23804509.7319
1708604100000,2024-02-22T12:15:00+00:00,2998.05,3006.49,2991.79,2991.86,10272,30800435.309
1708605000000,2024-02-22T12:30:00+00:00,2991.86,2994.04,2971.22,2977.63,13078.37,39012956.7711
1708605900000,2024-02-22T12:45:00+00:00,2977.63,2983.84,2972.52,2983.37,10176.84,30323683.9231
1708606800000,2024-02-22T13:00:00+00:00,2983.37,2985.59,2965.26,2971.69,13709.72,40821298.8549
1708607700000,2024-02-22T13:15:00+00:00,2971.69,2971.69,2938.59,2953.88,27599.77,81458402.4041
1708608600000,2024-02-22T13:30:00+00:00,2953.88,2960.75,2942,2942.24,11168.11,32960129.129
1708609500000,2024-02-22T13:45:00+00:00,2942.24,2947.16,2931.56,2945.15,16901.08,49722632.6163
1708610400000,2024-02-22T14:00:00+00:00,2945.15,2957.87,2939.15,2951.54,11600.43,34199136.5414
1708611300000,2024-02-22T14:15:00+00:00,2951.54,2953.97,2944.15,2951.13,12099.11,35673869.8696
1708612200000,2024-02-22T14:30:00+00:00,2951.13,2968,2947.67,2965.34,12070.34,35710382.2317
1708613100000,2024-02-22T14:45:00+00:00,2965.34,2970.63,2957.57,2966.03,8537.2,25309866.96
1708614000000,2024-02-22T15:00:00+00:00,2966.03,2977.74,2962.55,2965.83,10912.64,32420430.9624
1708614900000,2024-02-22T15:15:00+00:00,2965.83,2975.53,2961.54,2970.93,9737.09,28901392.0721
1708615800000,2024-02-22T15:30:00+00:00,2970.93,2998.82,2968.15,2983.65,17361.62,51918265.1899
1708616700000,2024-02-22T15:45:00+00:00,2983.65,2988.96,2977.26,2987.27,6678.42,19924251.527
1708617600000,2024-02-22T16:00:00+00:00,2987.27,2990.1,2982.55,2982.67,6987.08,20866599.5146
1708618500000,2024-02-22T16:15:00+00:00,2982.67,2984.33,2962.03,2967,12124.13,36018463.8113
1708619400000,2024-02-22T16:30:00+00:00,2967,2980.2,2965.55,2974.52,12365.88,36785192.9579
1708620300000,2024-02-22T16:45:00+00:00,2974.52,2975.41,2962.01,2970.76,13481.17,40004305.241
1708621200000,2024-02-22T17:00:00+00:00,2970.76,2984,2970.76,2977.28,14719.73,43827620.3261
1708622100000,2024-02-22T17:15:00+00:00,2977.28,2989.98,2976.7,2982.5,12288.01,36653985.2439
1708623000000,2024-02-22T17:30:00+00:00,2982.5,2991.24,2980.75,2987.73,10051.77,30014518.3227
1708623900000,2024-02-22T17:45:00+00:00,2987.73,2990.34,2983.94,2985.97,9240.48,27604821.7491
1708624800000,2024-02-22T18:00:00+00:00,2985.97,2986.4,2977.48,2980.51,9740.62,29046994.9219
1708625700000,2024-02-22T18:15:00+00:00,2980.51,2989.14,2978.34,2982.75,11243.22,33531125.8353
1708626600000,2024-02-22T18:30:00+00:00,2982.75,2998.3,2976.6,2993.91,11200.5,33433211.3309
1708627500000,2024-02-22T18:45:00+00:00,2993.91,3004.14,2988.8,2994.18,11538.9,34575954.8265
1708628400000,2024-02-22T19:00:00+00:00,2994.18,2994.37,2982.69,2987.58,10525.35,31467877.0175
1708629300000,2024-02-22T19:15:00+00:00,2987.58,2996.51,2979.99,2995.55,10449.29,31223664.9397
1708630200000,2024-02-22T19:30:00+00:00,2995.55,2996.67,2986.07,2988.2,6840.74,20463660.368
1708631100000,2024-02-22T19:45:00+00:00,2988.2,2989.83,2983.22,2989.13,6791.37,20287107.783
1708632000000,2024-02-22T20:00:00+00:00,2989.13,2989.13,2981.02,2988.63,7845.85,23415944.4585
1708632900000,2024-02-22T20:15:00+00:00,2988.63,3027.73,2986.78,3024.67,13175.36,39542935.2852
1708633800000,2024-02-22T20:30:00+00:00,3024.67,3041.02,3007.3,3010.68,35867.74,108407876.6216
1708634700000,2024-02-22T20:45:00+00:00,3010.68,3017.54,2992,3014.45,12340.48,37111015.727
1708635600000,2024-02-22T21:00:00+00:00,3014.45,3016,2988.75,2995.92,13587.46,40768949.4172
1708636500000,2024-02-22T21:15:00+00:00,2995.92,2995.94,2985.48,2993.34,10423.97,31168300.5549
1708637400000,2024-02-22T21:30:00+00:00,2993.34,2993.34,2973.14,2980.89,9041.52,26946034.6405
1708638300000,2024-02-22T21:45:00+00:00,2980.89,2987.84,2976.37,2986.23,7931.59,23643715.1922
1708639200000,2024-02-22T22:00:00+00:00,2986.23,2992.25,2974.54,2983.8,11549.16,34484364.7519
1708640100000,2024-02-22T22:15:00+00:00,2983.8,2988.54,2968.95,2969.13,10193.52,30358247.5676
1708641000000,2024-02-22T22:30:00+00:00,2969.13,2986.59,2969.13,2982.2,11971.36,35696657.9992
1708641900000,2024-02-22T22:45:00+00:00,2982.2,2993.78,2980.5,2988.42,11306.75,33792199.923
1708642800000,2024-02-22T23:00:00+00:00,2988.42,2992.88,2971.5,2978.14,12723.46,37943115.9725
1708643700000,2024-02-22T23:15:00+00:00,2978.14,2981.46,2971.26,2977.29,12502.38,37208948.3416
1708644600000,2024-02-22T23:30:00+00:00,2977.29,2982.42,2969.65,2970.29,10814.83,32194996.3065
1708645500000,2024-02-22T23:45:00+00:00,2970.29,2976.67,2970.29,2971.75,10222.76,30389490.3659
1708646400000,2024-02-23T00:00:00+00:00,2971.75,2978.37,2970.59,2974.39,9711.59,28881485.7025
1708647300000,2024-02-23T00:15:00+00:00,2974.39,2984.91,2973.63,2982.71,10137.27,30211650.9377
1708648200000,2024-02-23T00:30:00+00:00,2982.71,2991.54,2982.71,2991.19,7587.13,22667655.9371
1708649100000,2024-02-23T00:45:00+00:00,2991.19,2994.65,2989.03,2990.31,8551.95,25585426.7421
1708650000000,2024-02-23T01:00:00+00:00,2990.31,2994.3,2985.6,2986.73,8697.01,26004906.8383
1708650900000,2024-02-23T01:15:00+00:00,2986.73,2988.19,2975.5,2981.75,7409.59,22093485.8517
1708651800000,2024-02-23T01:30:00+00:00,2981.75,2993.26,2981.6,2985.7,9232.7,27585535.002
1708652700000,2024-02-23T01:45:00+00:00,2985.7,2985.91,2977.63,2979.99,10599.5,31610661.9195
1708653600000,2024-02-23T02:00:00+00:00,2979.99,2991.82,2979.18,2989.17,8210.12,24533000.9745
1708654500000,2024-02-23T02:15:00+00:00,2989.17,2990.96,2975.61,2976.26,9868.88,29437771.2944
1708655400000,2024-02-23T02:30:00+00:00,2976.26,2977.86,2971.95,2976.73,13560.36,40330961.0219
1708656300000,2024-02-23T02:45:00+00:00,2976.73,2978.11,2934.92,2944.58,21904.5,64721882.7152
1708657200000,2024-02-23T03:00:00+00:00,2944.58,2946.66,2933.04,2946.22,13514.18,39735036.7549
1708658100000,2024-02-23T03:15:00+00:00,2946.22,2952.27,2943.88,2947.38,10324.72,30441301.4551
1708659000000,2024-02-23T03:30:00+00:00,2947.38,2956.75,2946.09,2953.11,7545.43,22266405.3702
1708659900000,2024-02-23T03:45:00+00:00,2953.11,2956,2950.46,2955.53,6145.48,18152261.4583
1708660800000,2024-02-23T04:00:00+00:00,2955.53,2955.59,2947.09,2954.15,6054.77,17872639.0885
1708661700000,2024-02-23T04:15:00+00:00,2954.15,2961.85,2948.76,2960.71,5024.66,14859350.383
1708662600000,2024-02-23T04:30:00+00:00,2960.71,2962.45,2950,2952.6,6302.81,18629663.0881
1708663500000,2024-02-23T04:45:00+00:00,2952.6,2955.27,2949.27,2953.23,5384.29,15898932.7523
1708664400000,2024-02-23T05:00:00+00:00,2953.23,2955.84,2949.37,2955.84,5825.47,17195417.1275
1708665300000,2024-02-23T05:15:00+00:00,2955.84,2962.86,2953.48,2958.17,6142.23,18165389.8322
1708666200000,2024-02-23T05:30:00+00:00,2958.17,2960.89,2954.68,2957.21,6323.23,18705125.1611
1708667100000,2024-02-23T05:45:00+00:00,2957.21,2961.89,2952.62,2960.04,6531.13,19308313.2448
1708668000000,2024-02-23T06:00:00+00:00,2960.04,2964.99,2959,2962.72,5952.33,17627684.376
1708668900000,2024-02-23T06:15:00+00:00,2962.72,2964.98,2957.51,2957.77,6763.14,20018914.0406
1708669800000,2024-02-23T06:30:00+00:00,2957.77,2965.54,2957.45,2961,11806.28,34963938.1421
1708670700000,2024-02-23T06:45:00+00:00,2961,2968.79,2960.82,2965.29,10523.91,31210853.6389
1708671600000,2024-02-23T07:00:00+00:00,2965.29,2965.44,2959.29,2959.82,11601.38,34363545.4549
1708672500000,2024-02-23T07:15:00+00:00,2959.82,2959.89,2939.03,2943.53,14191.76,41872963.7183
1708673400000,2024-02-23T07:30:00+00:00,2943.53,2943.68,2935.03,2937.05,11617.37,34135691.7816
1708674300000,2024-02-23T07:45:00+00:00,2937.05,2937.87,2922.59,2933.86,14227.47,41686176.61
1708675200000,2024-02-23T08:00:00+00:00,2933.86,2946.98,2931.63,2946.94,12942.64,38037615.4835
1708676100000,2024-02-23T08:15:00+00:00,2946.94,2946.95,2932.65,2933.76,10071.08,29585146.145
1708677000000,2024-02-23T08:30:00+00:00,2933.76,2935.19,2915.86,2924.79,13988.53,40930172.7277
1708677900000,2024-02-23T08:45:00+00:00,2924.79,2928.14,2912.68,2924.19,11428.25,33368469.6292
1708678800000,2024-02-23T09:00:00+00:00,2924.19,2927.38,2916.96,2926.69,11648.73,34040599.5005
1708679700000,2024-02-23T09:15:00+00:00,2926.69,2937.97,2924,2930,12941.21,37917596.2645
1708680600000,2024-02-23T09:30:00+00:00,2930,2936.97,2930,2936.96,14250.42,41808117.758
1708681500000,2024-02-23T09:45:00+00:00,2936.96,2939.33,2929.45,2938.97,11786.16,34600580.7168
1708682400000,2024-02-23T10:00:00+00:00,2938.97,2939.92,2933.82,2937.07,10975.36,32233863.3753
1708683300000,2024-02-23T10:15:00+00:00,2937.07,2947.1,2932.25,2942.6,8841.29,25981628.9345
1708684200000,2024-02-23T10:30:00+00:00,2942.6,2946.26,2938.73,2939.77,6292.08,18505794.7377
1708685100000,2024-02-23T10:45:00+00:00,2939.77,2943.96,2938.96,2941.82,5810.32,17091748.3025
1708686000000,2024-02-23T11:00:00+00:00,2941.82,2945.55,2939.25,2945.48,5789.76,17034772.339
1708686900000,2024-02-23T11:15:00+00:00,2945.48,2948.75,2937.89,2938.69,7105.07,20906357.9741
1708687800000,2024-02-23T11:30:00+00:00,2938.69,2943.9,2936.03,2943.06,13246.37,38952183.3392
1708688700000,2024-02-23T11:45:00+00:00,2943.06,2947.09,2940.5,2944.16,13243.26,38989558.678
1708689600000,2024-02-23T12:00:00+00:00,2944.16,2944.97,2932.57,2937.83,14110.87,41462291.6896
1708690500000,2024-02-23T12:15:00+00:00,2937.83,2941.71,2926.32,2927.12,10670.15,31316840.4944
1708691400000,2024-02-23T12:30:00+00:00,2927.12,2932.88,2923.3,2932.37,6546.13,19172010.8109
1708692300000,2024-02-23T12:45:00+00:00,2932.37,2937.83,2926.65,2928.94,6039.93,17714132.928
1708693200000,2024-02-23T13:00:00+00:00,2928.94,2938.48,2927.06,2931.03,6496.17,19046042.744
1708694100000,2024-02-23T13:15:00+00:00,2931.03,2938.44,2929.57,2933.91,4900.96,14382119.1043
1708695000000,2024-02-23T13:30:00+00:00,2933.91,2941.06,2932.05,2939.94,6546.7,19226532.364
1708695900000,2024-02-23T13:45:00+00:00,2939.94,2943.89,2936.49,2942.2,5776.82,16985033.2791
1708696800000,2024-02-23T14:00:00+00:00,2942.2,2947.06,2932.38,2940.08,7205.72,21184004.6148
1708697700000,2024-02-23T14:15:00+00:00,2940.08,2963.36,2938.21,2951.78,10521.63,31059685.7967
1708698600000,2024-02-23T14:30:00+00:00,2951.78,2961.25,2931.57,2936.47,13198.53,38863317.8217
1708699500000,2024-02-23T14:45:00+00:00,2936.47,2957.69,2930.56,2949.05,10248.94,30173468.5675
1708700400000,2024-02-23T15:00:00+00:00,2949.05,2949.69,2929.2,2930.46,11562.83,33977006.1593
1708701300000,2024-02-23T15:15:00+00:00,2930.46,2932.27,2917,2918.64,13745.01,40209245.4707
1708702200000,2024-02-23T15:30:00+00:00,2918.64,2932.64,2915.67,2928.43,12242.36,35823400.4309
1708703100000,2024-02-23T15:45:00+00:00,2928.43,2930.78,2912.05,2915.51,14313.13,41795485.5963
1708704000000,2024-02-23T16:00:00+00:00,2915.51,2920.36,2905.8,2909.48,12896.6,37573226.1976
1708704900000,2024-02-23T16:15:00+00:00,2909.48,2922.39,2905.87,2921.95,12402.77,36140874.3866
1708705800000,2024-02-23T16:30:00+00:00,2921.95,2928,2916.96,2926.96,11184.4,32694215.6337
1708706700000,2024-02-23T16:45:00+00:00,2926.96,2938.72,2923.46,2934.27,11272.41,33051914.2006
1708707600000,2024-02-23T17:00:00+00:00,2934.27,2939.07,2930.88,2935.64,10418.7,30582638.4275
1708708500000,2024-02-23T17:15:00+00:00,2935.64,2938.2,2929.77,2931.07,8988.61,26380495.7624
1708709400000,2024-02-23T17:30:00+00:00,2931.07,2946.99,2931.07,2946.79,9170.89,26974037.4553
1708710300000,2024-02-23T17:45:00+00:00,2946.79,2946.79,2940.53,2945.48,8454.25,24883731.9728
1708711200000,2024-02-23T18:00:00+00:00,2945.48,2946.38,2933.33,2936.02,8688.47,25539147.6375
1708712100000,2024-02-23T18:15:00+00:00,2936.02,2947.77,2936,2945.32,7944.35,23376664.4206
1708713000000,2024-02-23T18:30:00+00:00,2945.32,2949.8,2942.3,2945.51,5757.49,16956090.1575
1708713900000,2024-02-23T18:45:00+00:00,2945.51,2947.75,2941.85,2944.96,6096.43,17954614.2451
1708714800000,2024-02-23T19:00:00+00:00,2944.96,2945.98,2938.97,2942.31,6538.56,19232821.1604
1708715700000,2024-02-23T19:15:00+00:00,2942.31,2951.81,2942.31,2947.08,7724.68,22767905.0345
1708716600000,2024-02-23T19:30:00+00:00,2947.08,2951.11,2941.43,2943.63,10785.44,31786910.0369
1708717500000,2024-02-23T19:45:00+00:00,2943.63,2948.9,2942.79,2946.03,9862.1,29048866.194
1708718400000,2024-02-23T20:00:00+00:00,2946.03,2948.68,2941.69,2947.52,10737.74,31624917.6737
1708719300000,2024-02-23T20:15:00+00:00,2947.52,2947.52,2938.08,2939.83,11154.08,32815543.8953
1708720200000,2024-02-23T20:30:00+00:00,2939.83,2946,2939.83,2942.06,10378.99,30548141.4366
1708721100000,2024-02-23T20:45:00+00:00,2942.06,2954.07,2941.53,2951.35,10361.63,30559296.5062
1708722000000,2024-02-23T21:00:00+00:00,2951.35,2954,2945.83,2946.9,8046.52,23729460.2535
1708722900000,2024-02-23T21:15:00+00:00,2946.9,2948.17,2943.86,2945.97,8581.57,25281324.9524
1708723800000,2024-02-23T21:30:00+00:00,2945.97,2949.27,2942.93,2949.18,9058.58,26691481.3764
1708724700000,2024-02-23T21:45:00+00:00,2949.18,2949.18,2940.35,2942.31,8345.59,24572999.8854
1708725600000,2024-02-23T22:00:00+00:00,2942.31,2946.89,2941.18,2941.26,8803.18,25922445.4975
1708726500000,2024-02-23T22:15:00+00:00,2941.26,2942.38,2935.28,2939.56,8679.22,25503700.2284
1708727400000,2024-02-23T22:30:00+00:00,2939.56,2939.56,2925,2925,9552.39,27991697.9997
1708728300000,2024-02-23T22:45:00+00:00,2925,2926.66,2920.01,2922.72,11348.14,33176906.8255
1708729200000,2024-02-23T23:00:00+00:00,2922.72,2924.29,2909.1,2909.56,9826.98,28636119.6266
1708730100000,2024-02-23T23:15:00+00:00,2909.56,2923.8,2905.7,2923.42,10551.1,30771548.5642
1708731000000,2024-02-23T23:30:00+00:00,2923.42,2927.78,2923.41,2927.32,11811.06,34557027.2764
1708731900000,2024-02-23T23:45:00+00:00,2927.32,2930.04,2920.81,2921.98,11237.72,32874176.4581
1708732800000,2024-02-24T00:00:00+00:00,2921.98,2927.52,2917.05,2921.34,10719.95,31316618.7727
1708733700000,2024-02-24T00:15:00+00:00,2921.34,2932.55,2920.5,2931.25,12942.24,37894472.9142
1708734600000,2024-02-24T00:30:00+00:00,2931.25,2936.71,2928.16,2934.08,11232.42,32930725.862
1708735500000,2024-02-24T00:45:00+00:00,2934.08,2937.14,2931.95,2933.4,12063.2,35397282.2632
1708736400000,2024-02-24T01:00:00+00:00,2933.4,2933.72,2922.83,2923.46,11276.27,33022010.5425
1708737300000,2024-02-24T01:15:00+00:00,2923.46,2928.71,2915.98,2916.33,9837.48,28759662.4025
1708738200000,2024-02-24T01:30:00+00:00,2916.33,2923.46,2908.97,2909.61,5257.41,15341654.9402
1708739100000,2024-02-24T01:45:00+00:00,2909.61,2912.88,2906.15,2909.44,6549.88,19056011.4666
1708740000000,2024-02-24T02:00:00+00:00,2909.44,2916.56,2908.76,2915.96,5011.91,14601292.868
1708740900000,2024-02-24T02:15:00+00:00,2915.96,2923.89,2915.96,2922.12,6960.78,20326871.8977
1708741800000,2024-02-24T02:30:00+00:00,2922.12,2923.83,2916.75,2921.28,8061.08,23539564.0878
1708742700000,2024-02-24T02:45:00+00:00,2921.28,2924.03,2917.14,2923.72,9390.4,27423285.8017
1708743600000,2024-02-24T03:00:00+00:00,2923.72,2924.71,2918.01,2924.43,10586.77,30920174.7215
1708744500000,2024-02-24T03:15:00+00:00,2924.43,2927.75,2918.13,2925.81,8488.7,24822590.7377
1708745400000,2024-02-24T03:30:00+00:00,2925.81,2929.9,2923.57,2928.62,11781.88,34486254.8226
1708746300000,2024-02-24T03:45:00+00:00,2928.62,2934.15,2928.6,2931.52,10646.66,31213840.5515
1708747200000,2024-02-24T04:00:00+00:00,2931.52,2939.91,2929.88,2937.77,13310.48,39057175.2961
1708748100000,2024-02-24T04:15:00+00:00,2937.77,2942,2935.26,2937.86,12624.63,37103282.1659
1708749000000,2024-02-24T04:30:00+00:00,2937.86,2951,2937.86,2950.41,8321.05,24511617.1094
1708749900000,2024-02-24T04:45:00+00:00,2950.41,2953.87,2946.42,2947.41,9207.89,27157760.0101
1708750800000,2024-02-24T05:00:00+00:00,2947.41,2948.53,2942.5,2947.23,8377.38,24676551.7686
1708751700000,2024-02-24T05:15:00+00:00,2947.23,2953.15,2945.05,2951.36,7638.28,22527764.2136
1708752600000,2024-02-24T05:30:00+00:00,2951.36,2951.98,2946.57,2949.19,8170.37,24095029.5205
1708753500000,2024-02-24T05:45:00+00:00,2949.19,2950.77,2947.42,2948.74,6019.63,17752616.5789
1708754400000,2024-02-24T06:00:00+00:00,2948.74,2949.5,2944.91,2948.35,6207.03,18294727.1528
1708755300000,2024-02-24T06:15:00+00:00,2948.35,2952.34,2946.09,2947.1,7464.28,22019952.0411
1708756200000,2024-02-24T06:30:00+00:00,2947.1,2949.45,2944.67,2947.65,5913.9,17428031.9863
1708757100000,2024-02-24T06:45:00+00:00,2947.65,2950.48,2944.99,2947.79,6113.99,18019225.9282
1708758000000,2024-02-24T07:00:00+00:00,2947.79,2951.5,2944.96,2948.22,7458.13,21983113.8191
1708758900000,2024-02-24T07:15:00+00:00,2948.22,2954.58,2946.97,2953.26,8575.76,25304693.4432
1708759800000,2024-02-24T07:30:00+00:00,2953.26,2961.06,2953.26,2957.76,11411.81,33739080.1866
1708760700000,2024-02-24T07:45:00+00:00,2957.76,2965.99,2957.76,2963.32,9712.36,28760031.188
1708761600000,2024-02-24T08:00:00+00:00,2963.32,2964.77,2952.55,2952.55,8572.06,25353670.5345
1708762500000,2024-02-24T08:15:00+00:00,2952.55,2958.35,2950.3,2957.05,8012.24,23681605.3902
1708763400000,2024-02-24T08:30:00+00:00,2957.05,2958.46,2952,2952.87,12396.42,36635331.1591
1708764300000,2024-02-24T08:45:00+00:00,2952.87,2954.3,2947.36,2950.47,12399.83,36587434.7799
1708765200000,2024-02-24T09:00:00+00:00,2950.47,2955.42,2949.53,2954.97,12972.95,38307185.621
1708766100000,2024-02-24T09:15:00+00:00,2954.97,2961,2954.55,2957.81,11957.09,35364914.5504
1708767000000,2024-02-24T09:30:00+00:00,2957.81,2959.99,2956.01,2959.74,13600.3,40223797.7193
1708767900000,2024-02-24T09:45:00+00:00,2959.74,2962.61,2958.17,2958.62,10839.46,32085560.7521
1708768800000,2024-02-24T10:00:00+00:00,2958.62,2964.66,2955.24,2963.88,13253.55,39222495.3823
1708769700000,2024-02-24T10:15:00+00:00,2963.88,2967.31,2958.88,2960.71,13637.42,40399144.0995
1708770600000,2024-02-24T10:30:00+00:00,2960.71,2964.4,2959.76,2960.06,7437.52,22027151.3595
1708771500000,2024-02-24T10:45:00+00:00,2960.06,2960.06,2956.46,2959.01,5666.95,16767565.7061
1708772400000,2024-02-24T11:00:00+00:00,2959.01,2959.28,2955.6,2957.72,6255.35,18499799.8405
1708773300000,2024-02-24T11:15:00+00:00,2957.72,2962.46,2952.77,2961.55,6216.25,18390033.5613
1708774200000,2024-02-24T11:30:00+00:00,2961.55,2963.06,2960,2961.54,8455.73,25041688.8737
1708775100000,2024-02-24T11:45:00+00:00,2961.54,2964.85,2960.39,2962,8835.8,26178531.4599
1708776000000,2024-02-24T12:00:00+00:00,2962,2962.99,2956.81,2960.85,11521.01,34099123.1992
1708776900000,2024-02-24T12:15:00+00:00,2960.85,2961.25,2956.18,2956.48,10101.22,29891068.4948
1708777800000,2024-02-24T12:30:00+00:00,2956.48,2958.64,2954.1,2955.83,9887.17,29225457.8286
1708778700000,2024-02-24T12:45:00+00:00,2955.83,2961.64,2955.83,2958.04,9165.8,27118564.3824
1708779600000,2024-02-24T13:00:00+00:00,2958.04,2958.78,2954.66,2958.78,10561.25,31229701.9569
1708780500000,2024-02-24T13:15:00+00:00,2958.78,2964.86,2958.78,2964,10915.72,32340506.9953
1708781400000,2024-02-24T13:30:00+00:00,2964,2965,2960.94,2962.65,10717.18,31749459.0983
1708782300000,2024-02-24T13:45:00+00:00,2962.65,2968.16,2962.62,2966.99,13025.75,38628240.7672
1708783200000,2024-02-24T14:00:00+00:00,2966.99,2969.66,2957.74,2957.77,12470.77,36945936.1175
1708784100000,2024-02-24T14:15:00+00:00,2957.77,2961.79,2956.95,2961.78,10967.98,32458702.388
1708785000000,2024-02-24T14:30:00+00:00,2961.78,2963.74,2954,2956.9,7421.66,21964188.4962
1708785900000,2024-02-24T14:45:00+00:00,2956.9,2961.12,2953.56,2960.72,8224.45,24322394.1297
1708786800000,2024-02-24T15:00:00+00:00,2960.72,2962.38,2957.29,2959.1,7770.31,22999180.836
1708787700000,2024-02-24T15:15:00+00:00,2959.1,2960.26,2957.8,2958.93,7423.44,21965970.6302
1708788600000,2024-02-24T15:30:00+00:00,2958.93,2961.38,2955.45,2958.23,5581.86,16515402.4601
1708789500000,2024-02-24T15:45:00+00:00,2958.23,2958.51,2954.34,2955.22,6382.19,18871868.271
1708790400000,2024-02-24T16:00:00+00:00,2955.22,2963.56,2955.22,2963.23,7957.03,23554825.3504
1708791300000,2024-02-24T16:15:00+00:00,2963.23,2963.89,2959.65,2962.58,7497.08,22204888.7449
1708792200000,2024-02-24T16:30:00+00:00,2962.58,2965.76,2962.19,2963.77,10717.83,31768061.5574
1708793100000,2024-02-24T16:45:00+00:00,2963.77,2963.99,2960.54,2963.55,10489.88,31070857.9083
1708794000000,2024-02-24T17:00:00+00:00,2963.55,2979.79,2962.7,2975.83,10651.99,31661895.6765
1708794900000,2024-02-24T17:15:00+00:00,2975.83,2982.98,2970.82,2976.95,15079.3,44905533.0026
1708795800000,2024-02-24T17:30:00+00:00,2976.95,3002,2976.73,2999.44,13117.49,39229360.9699
1708796700000,2024-02-24T17:45:00+00:00,2999.44,3007.47,2986,2994.16,11605.74,34779578.572
1708797600000,2024-02-24T18:00:00+00:00,2994.16,3005.43,2994.16,2999.76,7320.37,21964462.6719
1708798500000,2024-02-24T18:15:00+00:00,2999.76,3003.15,2995.67,2997.67,5633.14,16893038.6683
1708799400000,2024-02-24T18:30:00+00:00,2997.67,2997.88,2989.4,2992.44,6281.43,18795408.6304
1708800300000,2024-02-24T18:45:00+00:00,2992.44,2993.87,2978.68,2982.74,7103.87,21207100.167
1708801200000,2024-02-24T19:00:00+00:00,2982.74,2987.98,2982.62,2984.67,5141.96,15350122.5911
1708802100000,2024-02-24T19:15:00+00:00,2984.67,2987.44,2979.5,2982.23,5264.55,15704998.4064
1708803000000,2024-02-24T19:30:00+00:00,2982.23,2992,2982.2,2988.89,10044.32,29994822.8251
1708803900000,2024-02-24T19:45:00+00:00,2988.89,2992.64,2987.74,2987.77,10199.18,30496516.8677
1708804800000,2024-02-24T20:00:00+00:00,2987.77,2989.1,2979.56,2983.02,11581.07,34572269.4928
1708805700000,2024-02-24T20:15:00+00:00,2983.02,2989.51,2981.76,2989.05,8833.75,26386037.5681
1708806600000,2024-02-24T20:30:00+00:00,2989.05,2989.85,2984.44,2987.02,4547.92,13587028.9325
1708807500000,2024-02-24T20:45:00+00:00,2987.02,2990.96,2987.02,2988.84,4525.79,13527050.0713
1708808400000,2024-02-24T21:00:00+00:00,2988.84,2988.84,2982.52,2982.95,3911.05,11673520.0075
1708809300000,2024-02-24T21:15:00+00:00,2982.95,2986.96,2982,2985.33,3861.25,11522964.6043
1708810200000,2024-02-24T21:30:00+00:00,2985.33,2989.15,2981.28,2981.61,5652.05,16867663.745
1708811100000,2024-02-24T21:45:00+00:00,2981.61,2992.85,2980.77,2985.9,5454.66,16286335.9337
1708812000000,2024-02-24T22:00:00+00:00,2985.9,2994.24,2985.77,2992.64,5117.59,15302575.7476
1708812900000,2024-02-24T22:15:00+00:00,2992.64,2996.47,2990.62,2993.54,6439.67,19273427.3768
1708813800000,2024-02-24T22:30:00+00:00,2993.54,2995.94,2988.38,2988.86,8734.29,26137688.7309
1708814700000,2024-02-24T22:45:00+00:00,2988.86,2990.28,2988.36,2989.16,9215.29,27547567.011
1708815600000,2024-02-24T23:00:00+00:00,2989.16,2991.89,2983.58,2990.04,9025.53,26970766.149
1708816500000,2024-02-24T23:15:00+00:00,2990.04,2990.15,2986.07,2986.79,8841.3,26418108.5846
1708817400000,2024-02-24T23:30:00+00:00,2986.79,2994.03,2985.22,2993.21,8556.57,25592157.6656
1708818300000,2024-02-24T23:45:00+00:00,2993.21,2993.34,2989.8,2993.32,8451.54,25285068.4169
1708819200000,2024-02-25T00:00:00+00:00,2993.32,2995,2989.41,2989.55,10253.09,30683589.3957
1708820100000,2024-02-25T00:15:00+00:00,2989.55,2989.98,2984.17,2986.56,8033.84,23997652.0276
1708821000000,2024-02-25T00:30:00+00:00,2986.56,2988.25,2985.52,2988.08,3735.85,11160060.3275
1708821900000,2024-02-25T00:45:00+00:00,2988.08,2996.99,2987.5,2994.77,7476.82,22375440.1306
1708822800000,2024-02-25T01:00:00+00:00,2994.77,3002,2987.92,2988.91,6114.21,18311479.3773
1708823700000,2024-02-25T01:15:00+00:00,2988.91,2998.93,2987.9,2998.02,6251.11,18707943.7045
1708824600000,2024-02-25T01:30:00+00:00,2998.02,3006.84,2994.97,3002.9,10287.9,30866144.9589
1708825500000,2024-02-25T01:45:00+00:00,3002.9,3020,3001.48,3018.32,12398.36,37300625.7353
1708826400000,2024-02-25T02:00:00+00:00,3018.32,3034,3013.93,3025.92,12957.72,39220615.418
1708827300000,2024-02-25T02:15:00+00:00,3025.92,3049.1,3021.11,3047.52,19115.63,58029095.1439
1708828200000,2024-02-25T02:30:00+00:00,3047.52,3053,3034.43,3037.36,12436.02,37833371.4457
1708829100000,2024-02-25T02:45:00+00:00,3037.36,3037.49,3023.1,3032.67,12187.31,36931642.9125
1708830000000,2024-02-25T03:00:00+00:00,3032.67,3032.68,3018.35,3024.41,9713.65,29382913.0795
1708830900000,2024-02-25T03:15:00+00:00,3024.41,3025.89,3011.1,3023.68,11253.36,33981490.7485
1708831800000,2024-02-25T03:30:00+00:00,3023.68,3029.01,3023.4,3027.95,9381.79,28398317.3909
1708832700000,2024-02-25T03:45:00+00:00,3027.95,3030,3022.91,3025.67,7362.53,22282586.9129
1708833600000,2024-02-25T04:00:00+00:00,3025.67,3026.96,3020.31,3022.69,7993.77,24168626.5347
1708834500000,2024-02-25T04:15:00+00:00,3022.69,3024.54,3014.22,3014.42,8652.57,26117268.0272
1708835400000,2024-02-25T04:30:00+00:00,3014.42,3018,3013.22,3015,7997.91,24117771.3117
1708836300000,2024-02-25T04:45:00+00:00,3015,3024.21,3014.33,3023.71,8247.01,24889563.7512
1708837200000,2024-02-25T05:00:00+00:00,3023.71,3023.99,3019.49,3022.92,7521.17,22729238.7441
1708838100000,2024-02-25T05:15:00+00:00,3022.92,3031.4,3019.33,3023.97,9061.41,27413784.0427
1708839000000,2024-02-25T05:30:00+00:00,3023.97,3028,3023.57,3027.99,7379.05,22332104.39
1708839900000,2024-02-25T05:45:00+00:00,3027.99,3038.52,3027.39,3034.67,10238.09,31063268.8205
1708840800000,2024-02-25T06:00:00+00:00,3034.67,3041.96,3031.18,3039.47,8210.43,24925069.7798
1708841700000,2024-02-25T06:15:00+00:00,3039.47,3049.94,3035.66,3046.85,10434.33,31761259.8663
1708842600000,2024-02-25T06:30:00+00:00,3046.85,3047.55,3029.98,3039.22,10386.73,31569280.1419
1708843500000,2024-02-25T06:45:00+00:00,3039.22,3040.16,3032.79,3036.32,7205.12,21879060.3926
1708844400000,2024-02-25T07:00:00+00:00,3036.32,3039.58,3032.77,3033.46,8052.58,24453311.48
1708845300000,2024-02-25T07:15:00+00:00,3033.46,3037.67,3032,3035.86,6830.2,20723713.7488
1708846200000,2024-02-25T07:30:00+00:00,3035.86,3036.48,3030.19,3033.55,12764.54,38717680.3054
1708847100000,2024-02-25T07:45:00+00:00,3033.55,3034.65,3029.41,3031.66,9208.53,27925639.8423
1708848000000,2024-02-25T08:00:00+00:00,3031.66,3032.81,3028.31,3032.78,9551.59,28946621.1383
1708848900000,2024-02-25T08:15:00+00:00,3032.78,3040.36,3032.44,3034.68,9438.86,28664962.0269
1708849800000,2024-02-25T08:30:00+00:00,3034.68,3041.17,3032.61,3032.61,12812.44,38909759.6719
1708850700000,2024-02-25T08:45:00+00:00,3032.61,3034.26,3015.7,3019.72,14231.64,43019123.6605
1708851600000,2024-02-25T09:00:00+00:00,3019.72,3021.44,3011.14,3018.49,14186.77,42804716.77
1708852500000,2024-02-25T09:15:00+00:00,3018.49,3019.98,3014.19,3017.93,10860.4,32769016.8932
1708853400000,2024-02-25T09:30:00+00:00,3017.93,3024.4,3017.76,3022.43,9398.04,28389408.1439
1708854300000,2024-02-25T09:45:00+00:00,3022.43,3022.66,3016.92,3021.56,8491.74,25647846.4809
1708855200000,2024-02-25T10:00:00+00:00,3021.56,3031.2,3021.02,3028.47,10420.54,31536407.9477
1708856100000,2024-02-25T10:15:00+00:00,3028.47,3029.04,3022.38,3023.28,7612.66,23031363.6907
1708857000000,2024-02-25T10:30:00+00:00,3023.28,3026.89,3022.95,3024.99,5381.75,16282387.1329
1708857900000,2024-02-25T10:45:00+00:00,3024.99,3027.5,3022.12,3027.09,4650.66,14069518.4196
1708858800000,2024-02-25T11:00:00+00:00,3027.09,3032.86,3024.05,3030.48,6413.74,19423565.8316
1708859700000,2024-02-25T11:15:00+00:00,3030.48,3035.81,3027.81,3033.55,7272.98,22052569.5845
1708860600000,2024-02-25T11:30:00+00:00,3033.55,3035.63,3030.85,3034.17,7357.28,22314534.4703
1708861500000,2024-02-25T11:45:00+00:00,3034.17,3042.52,3033.63,3041.78,7911.69,24042202.0976
1708862400000,2024-02-25T12:00:00+00:00,3041.78,3047.89,3030.98,3037.31,10075.99,30627343.3421
1708863300000,2024-02-25T12:15:00+00:00,3037.31,3038.25,3027.01,3035.7,7424.86,22525442.5728
1708864200000,2024-02-25T12:30:00+00:00,3035.7,3039.97,3032.43,3038.36,11812.31,35857403.9671
1708865100000,2024-02-25T12:45:00+00:00,3038.36,3046.7,3037.51,3044.53,9467.38,28793939.7331
1708866000000,2024-02-25T13:00:00+00:00,3044.53,3050.8,3034.16,3036.87,11109.83,33812753.1531
1708866900000,2024-02-25T13:15:00+00:00,3036.87,3039.01,3030.59,3037.7,12413.81,37677375.5384
1708867800000,2024-02-25T13:30:00+00:00,3037.7,3045.25,3037.69,3041.95,8174.07,24861469.0744
1708868700000,2024-02-25T13:45:00+00:00,3041.95,3048.49,3037.67,3038.92,10454.71,31817567.1032
1708869600000,2024-02-25T14:00:00+00:00,3038.92,3044.84,3036.45,3043.26,7778.35,23652910.2879
1708870500000,2024-02-25T14:15:00+00:00,3043.26,3050,3042.05,3043.71,9087.83,27684043.3025
1708871400000,2024-02-25T14:30:00+00:00,3043.71,3076.77,3039.82,3067.67,25993.79,79611378.978
1708872300000,2024-02-25T14:45:00+00:00,3067.67,3075.98,3061.52,3068.9,14194.94,43561811.3469
1708873200000,2024-02-25T15:00:00+00:00,3068.9,3072.48,3064.2,3068.82,11679.68,35831768.5283
1708874100000,2024-02-25T15:15:00+00:00,3068.82,3068.85,3059.35,3061.62,10503.17,32179205.9568
1708875000000,2024-02-25T15:30:00+00:00,3061.62,3063.12,3048,3051.24,12906.17,39446487.9587
1708875900000,2024-02-25T15:45:00+00:00,3051.24,3056.71,3036.72,3044.76,18042.23,54974125.4653
1708876800000,2024-02-25T16:00:00+00:00,3044.76,3050.46,3032.17,3048.76,12396.24,37713629.8152
1708877700000,2024-02-25T16:15:00+00:00,3048.76,3053.65,3040.52,3042.18,11164.06,34019127.7864
1708878600000,2024-02-25T16:30:00+00:00,3042.18,3042.55,3027.65,3039.26,11567.03,35111158.2697
1708879500000,2024-02-25T16:45:00+00:00,3039.26,3044.11,3031.73,3040.96,8358.93,25403054.2351
1708880400000,2024-02-25T17:00:00+00:00,3040.96,3047.94,3040.69,3045.3,7678.51,23377693.4829
1708881300000,2024-02-25T17:15:00+00:00,3045.3,3055.31,3045.3,3048.78,9023.11,27525888.166
1708882200000,2024-02-25T17:30:00+00:00,3048.78,3056.57,3046.6,3055.49,9464.31,28885756.5952
1708883100000,2024-02-25T17:45:00+00:00,3055.49,3068.29,3055.05,3063.71,10513.55,32187714.0212
1708884000000,2024-02-25T18:00:00+00:00,3063.71,3064.45,3051.5,3054.3,10379.4,31739894.7634
1708884900000,2024-02-25T18:15:00+00:00,3054.3,3061.53,3051.94,3056.88,7689.18,23513955.9519
1708885800000,2024-02-25T18:30:00+00:00,3056.88,3063.23,3054.43,3060.39,7016.32,21466310.2553
1708886700000,2024-02-25T18:45:00+00:00,3060.39,3068.03,3056.46,3066.49,8793.91,26932568.6772
1708887600000,2024-02-25T19:00:00+00:00,3066.49,3068.3,3062,3067.65,8450.7,25898915.1665
1708888500000,2024-02-25T19:15:00+00:00,3067.65,3089.38,3061.49,3079.2,15987.52,49152892.7601
1708889400000,2024-02-25T19:30:00+00:00,3079.2,3090.9,3077.27,3080.83,11876.56,36626782.8396
1708890300000,2024-02-25T19:45:00+00:00,3080.83,3089.23,3076.74,3083.48,13275.55,40919392.0637
1708891200000,2024-02-25T20:00:00+00:00,3083.48,3126.8,3083.23,3111.93,31618.13,98031972.8315
1708892100000,2024-02-25T20:15:00+00:00,3111.93,3130,3111.23,3113.41,17228.2,53723051.0371
1708893000000,2024-02-25T20:30:00+00:00,3113.41,3114.57,3099.9,3104.97,13330.6,41400304.2606
1708893900000,2024-02-25T20:45:00+00:00,3104.97,3108.33,3099.4,3101.94,10313.26,32003297.5426
1708894800000,2024-02-25T21:00:00+00:00,3101.94,3105.23,3094.9,3098.6,10174.07,31537901.5189
1708895700000,2024-02-25T21:15:00+00:00,3098.6,3099.84,3090.19,3094.61,7483.48,23153323.9444
1708896600000,2024-02-25T21:30:00+00:00,3094.61,3106.92,3094.28,3103.65,7459.96,23141165.1491
1708897500000,2024-02-25T21:45:00+00:00,3103.65,3116.06,3101.22,3112.44,7749.99,24095924.8862
1708898400000,2024-02-25T22:00:00+00:00,3112.44,3117.18,3106.55,3112.86,7539.16,23467275.4641
1708899300000,2024-02-25T22:15:00+00:00,3112.86,3115.23,3106.82,3112.88,6864.23,21363313.3865
1708900200000,2024-02-25T22:30:00+00:00,3112.88,3115.77,3107.9,3108.55,10927.6,34004719.3307
1708901100000,2024-02-25T22:45:00+00:00,3108.55,3108.55,3100.26,3105.15,14206.97,44100804.1463
1708902000000,2024-02-25T23:00:00+00:00,3105.15,3111.97,3100.34,3100.81,11089.24,34456046.7507
1708902900000,2024-02-25T23:15:00+00:00,3100.81,3113.07,3100.81,3110.19,9570.58,29735905.0865
1708903800000,2024-02-25T23:30:00+00:00,3110.19,3116.77,3110.11,3116.41,8624.31,26861004.7085
1708904700000,2024-02-25T23:45:00+00:00,3116.41,3117.28,3111.65,3114.29,9496.94,29575247.3051
1708905600000,2024-02-26T00:00:00+00:00,3114.29,3116.46,3104.17,3107.02,8408.89,26148798.0271
1708906500000,2024-02-26T00:15:00+00:00,3107.02,3126.21,3105.63,3123.4,10839.57,33813632.1201
1708907400000,2024-02-26T00:30:00+00:00,3123.4,3138.43,3118.99,3122.48,16394.27,51293610.2248
1708908300000,2024-02-26T00:45:00+00:00,3122.48,3126.95,3116.67,3117,13233.89,41304007.1356
1708909200000,2024-02-26T01:00:00+00:00,3117,3122.7,3109.26,3109.95,10896.6,33960985.6562
1708910100000,2024-02-26T01:15:00+00:00,3109.95,3124.22,3109.19,3119.39,10972.88,34212942.7478
1708911000000,2024-02-26T01:30:00+00:00,3119.39,3119.92,3106,3109.87,10180.65,31664367.1682
1708911900000,2024-02-26T01:45:00+00:00,3109.87,3110.14,3104.29,3108.91,7594.34,23595324.5779
1708912800000,2024-02-26T02:00:00+00:00,3108.91,3111.77,3103,3109.55,6555.87,20375906.9661
1708913700000,2024-02-26T02:15:00+00:00,3109.55,3110.13,3100,3101.39,7578.44,23520882.3034
1708914600000,2024-02-26T02:30:00+00:00,3101.39,3108.04,3101.07,3104.03,11225.65,34858571.4751
1708915500000,2024-02-26T02:45:00+00:00,3104.03,3104.86,3091,3095,12496.99,38713751.5446
1708916400000,2024-02-26T03:00:00+00:00,3095,3097.23,3086.16,3091.58,15257.53,47168160.9341
1708917300000,2024-02-26T03:15:00+00:00,3091.58,3100,3091.56,3099.51,9337.74,28928724.0586
1708918200000,2024-02-26T03:30:00+00:00,3099.51,3102.24,3096.97,3099.92,10696.12,33151423.7388
1708919100000,2024-02-26T03:45:00+00:00,3099.92,3109.5,3098.26,3108.9,11705.91,36310363.6934
1708920000000,2024-02-26T04:00:00+00:00,3108.9,3109.94,3101.21,3103.38,12075.68,37496288.9827
1708920900000,2024-02-26T04:15:00+00:00,3103.38,3103.38,3098.64,3100.88,8686.74,26933311.1159
1708921800000,2024-02-26T04:30:00+00:00,3100.88,3106.3,3097.81,3104.07,9284.71,28801856.168
1708922700000,2024-02-26T04:45:00+00:00,3104.07,3107.13,3102.64,3104.03,10168.99,31572665.308
1708923600000,2024-02-26T05:00:00+00:00,3104.03,3111.09,3103.07,3103.07,11214.86,34844342.2626
1708924500000,2024-02-26T05:15:00+00:00,3103.07,3105.22,3097,3099.17,9399.26,29158507.1457
1708925400000,2024-02-26T05:30:00+00:00,3099.17,3111.9,3097.56,3109.96,6364.45,19770453.9832
1708926300000,2024-02-26T05:45:00+00:00,3109.96,3112.44,3105.07,3107.53,8143.16,25313921.5912
1708927200000,2024-02-26T06:00:00+00:00,3107.53,3111,3106.85,3108,6302.87,19594813.2792
1708928100000,2024-02-26T06:15:00+00:00,3108,3108,3100.41,3105.22,7426.47,23051029.1738
1708929000000,2024-02-26T06:30:00+00:00,3105.22,3107.69,3102.4,3106.33,11263.31,34965201.6258
1708929900000,2024-02-26T06:45:00+00:00,3106.33,3117.52,3105.68,3114.51,10614.59,33026810.7842
1708930800000,2024-02-26T07:00:00+00:00,3114.51,3115,3105.69,3107.62,10885.22,33861198.2158
1708931700000,2024-02-26T07:15:00+00:00,3107.62,3109.47,3102.3,3103.24,7057.29,21920819.1593
1708932600000,2024-02-26T07:30:00+00:00,3103.24,3103.33,3088.8,3091.5,10001.67,30955344.7846
1708933500000,2024-02-26T07:45:00+00:00,3091.5,3095.03,3087,3089.02,8341.36,25778518.1247
1708934400000,2024-02-26T08:00:00+00:00,3089.02,3098.61,3087.5,3095.7,7984.94,24709476.6448
1708935300000,2024-02-26T08:15:00+00:00,3095.7,3104.4,3091.81,3103.74,9022.79,27960347.2465
1708936200000,2024-02-26T08:30:00+00:00,3103.74,3104.22,3095.31,3095.95,8652.96,26834097.1782
1708937100000,2024-02-26T08:45:00+00:00,3095.95,3099.84,3093.4,3094.09,11344.43,35122092.9817
1708938000000,2024-02-26T09:00:00+00:00,3094.09,3095.93,3087.22,3092,9401.88,29076446.0349
1708938900000,2024-02-26T09:15:00+00:00,3092,3092.22,3052,3059.47,28467.61,87332998.2466
1708939800000,2024-02-26T09:30:00+00:00,3059.47,3062.67,3039.11,3040.25,18176.23,55398379.4737
1708940700000,2024-02-26T09:45:00+00:00,3040.25,3051.62,3038,3042.27,10215.67,31097661.5691
1708941600000,2024-02-26T10:00:00+00:00,3042.27,3061.91,3041.47,3061.36,10613.11,32406782.7222
1708942500000,2024-02-26T10:15:00+00:00,3061.36,3068.65,3057.8,3065.06,6767.24,20732397.0241
1708943400000,2024-02-26T10:30:00+00:00,3065.06,3073.97,3061.19,3065.41,7656.05,23482407.1086
1708944300000,2024-02-26T10:45:00+00:00,3065.41,3066.95,3054.63,3057.8,6886.02,21081157.2946
1708945200000,2024-02-26T11:00:00+00:00,3057.8,3064.71,3046.68,3064.11,9618.66,29388569.5481
1708946100000,2024-02-26T11:15:00+00:00,3064.11,3066.82,3060.05,3065,5164.36,15822275.0398
1708947000000,2024-02-26T11:30:00+00:00,3065,3065,3053.12,3056.89,11183.9,34193858.8348
1708947900000,2024-02-26T11:45:00+00:00,3056.89,3060,3053.65,3058.49,11020.5,33692195.4508
1708948800000,2024-02-26T12:00:00+00:00,3058.49,3060.39,3048.34,3052.27,11187.21,34158324.5448
1708949700000,2024-02-26T12:15:00+00:00,3052.27,3054.9,3038.49,3053.55,12538.6,38202791.1405
1708950600000,2024-02-26T12:30:00+00:00,3053.55,3062.93,3052.41,3062.92,7852.02,24018682.593
1708951500000,2024-02-26T12:45:00+00:00,3062.92,3066.73,3061.09,3064.34,7200.54,22061781.6359
1708952400000,2024-02-26T13:00:00+00:00,3064.34,3079.63,3060.26,3076.73,9091.66,27898683.8081
1708953300000,2024-02-26T13:15:00+00:00,3076.73,3077.37,3067.27,3073.39,7110.93,21849742.0014
1708954200000,2024-02-26T13:30:00+00:00,3073.39,3077.28,3065.76,3066.58,6040.52,18562336.383
1708955100000,2024-02-26T13:45:00+00:00,3066.58,3067.89,3058.36,3061.55,5836.48,17876005.5139
1708956000000,2024-02-26T14:00:00+00:00,3061.55,3073.36,3060.27,3071.97,5741.03,17622947.7561
1708956900000,2024-02-26T14:15:00+00:00,3071.97,3079.22,3070.31,3074.77,7563.77,23266317.9938
1708957800000,2024-02-26T14:30:00+00:00,3074.77,3090.35,3074.77,3085.9,17907.72,55220568.1103
1708958700000,2024-02-26T14:45:00+00:00,3085.9,3108.03,3085.9,3104.48,22388.14,69442651.393
1708959600000,2024-02-26T15:00:00+00:00,3104.48,3123.62,3099.48,3116.02,23972.4,74603744.7355
1708960500000,2024-02-26T15:15:00+00:00,3116.02,3125.81,3111.88,3122.05,18862.5,58860755.3687
1708961400000,2024-02-26T15:30:00+00:00,3122.05,3129.03,3110.1,3112.67,13294.41,41479212.0901
1708962300000,2024-02-26T15:45:00+00:00,3112.67,3148.9,3112.29,3147.26,21185.38,66384585.5439
1708963200000,2024-02-26T16:00:00+00:00,3147.26,3168.15,3136.54,3162.14,32984.79,104040218.0794
1708964100000,2024-02-26T16:15:00+00:00,3162.14,3167.73,3147.69,3161.43,11997.53,37892929.871
1708965000000,2024-02-26T16:30:00+00:00,3161.43,3162.8,3148.54,3151.77,10090.44,31842343.8387
1708965900000,2024-02-26T16:45:00+00:00,3151.77,3160.43,3145.36,3155.05,12675.84,39948738.08
1708966800000,2024-02-26T17:00:00+00:00,3155.05,3157.71,3149.12,3155.56,7831.68,24701504.6803
1708967700000,2024-02-26T17:15:00+00:00,3155.56,3164.62,3148.74,3148.75,10566.4,33346935.3453
1708968600000,2024-02-26T17:30:00+00:00,3148.75,3161.7,3148.75,3156.96,9710.51,30660502.0731
1708969500000,2024-02-26T17:45:00+00:00,3156.96,3157.98,3143.79,3150.07,13883.45,43767590.8321
1708970400000,2024-02-26T18:00:00+00:00,3150.07,3155.34,3142.2,3152.62,12173.4,38331929.7944
1708971300000,2024-02-26T18:15:00+00:00,3152.62,3155.25,3144.45,3144.78,12190.86,38394732.3442
1708972200000,2024-02-26T18:30:00+00:00,3144.78,3147.13,3130.72,3140,14960.31,46953753.8398
1708973100000,2024-02-26T18:45:00+00:00,3140,3145.09,3134.19,3137.25,10555.08,33140761.8526
1708974000000,2024-02-26T19:00:00+00:00,3137.25,3145.8,3128.55,3145.47,10443.85,32736714.3518
1708974900000,2024-02-26T19:15:00+00:00,3145.47,3175,3144.72,3165.38,17639.87,55795536.3866
1708975800000,2024-02-26T19:30:00+00:00,3165.38,3185.99,3165.07,3181.94,14324.04,45477266.7702
1708976700000,2024-02-26T19:45:00+00:00,3181.94,3182.18,3173.41,3180.92,7756.11,24644169.0611
1708977600000,2024-02-26T20:00:00+00:00,3180.92,3197.86,3176.96,3178.26,17674.26,56371555.6171
1708978500000,2024-02-26T20:15:00+00:00,3178.26,3180.92,3168,3179.51,8992.66,28545314.772
1708979400000,2024-02-26T20:30:00+00:00,3179.51,3186.96,3173.35,3186.13,14315.88,45527244.8877
1708980300000,2024-02-26T20:45:00+00:00,3186.13,3196.61,3183.5,3183.86,15979.02,50951402.1067
1708981200000,2024-02-26T21:00:00+00:00,3183.86,3187.07,3176.01,3185.51,13088.03,41641757.297
1708982100000,2024-02-26T21:15:00+00:00,3185.51,3187.66,3179.72,3183.33,11168.77,35558596.9244
1708983000000,2024-02-26T21:30:00+00:00,3183.33,3192.53,3183.33,3185.34,10100.41,32196276.7769
1708983900000,2024-02-26T21:45:00+00:00,3185.34,3190.8,3183.25,3186.67,12875.87,41027863.5674
1708984800000,2024-02-26T22:00:00+00:00,3186.67,3191.59,3185.89,3190.76,12318.62,39282833.6217
1708985700000,2024-02-26T22:15:00+00:00,3190.76,3191.91,3166.12,3176.07,14834.37,47195086.7062
1708986600000,2024-02-26T22:30:00+00:00,3176.07,3180.62,3168.29,3176.71,16371.3,51958708.7518
1708987500000,2024-02-26T22:45:00+00:00,3176.71,3190.7,3175,3185.95,16208.26,51588053.3498
1708988400000,2024-02-26T23:00:00+00:00,3185.95,3185.95,3173.88,3175.43,12490.51,39706828.3478
1708989300000,2024-02-26T23:15:00+00:00,3175.43,3176.56,3171.52,3172.79,12013.44,38127848.6722
1708990200000,2024-02-26T23:30:00+00:00,3172.79,3174.35,3170.08,3172.58,13915.34,44147399.9073
1708991100000,2024-02-26T23:45:00+00:00,3172.58,3179.73,3172.58,3177.23,12605.16,40042919.4877
1708992000000,2024-02-27T00:00:00+00:00,3177.23,3180.35,3176.88,3179.01,12167.28,38674941.3628
1708992900000,2024-02-27T00:15:00+00:00,3179.01,3180.77,3171.07,3175.14,14928.46,47410353.1686
1708993800000,2024-02-27T00:30:00+00:00,3175.14,3175.68,3167.32,3168.47,10810.59,34265007.3211
1708994700000,2024-02-27T00:45:00+00:00,3168.47,3175.53,3167.06,3170.78,8743.59,27720724.3376
1708995600000,2024-02-27T01:00:00+00:00,3170.78,3178.65,3168.49,3178.07,9749.94,30945196.5061
1708996500000,2024-02-27T01:15:00+00:00,3178.07,3184.54,3177.51,3184.14,10434.35,33195272.6463
1708997400000,2024-02-27T01:30:00+00:00,3184.14,3197,3178.24,3193.91,12697.62,40429672.5106
1708998300000,2024-02-27T01:45:00+00:00,3193.91,3239.87,3188.87,3225.86,26174.92,84242861.8966
1708999200000,2024-02-27T02:00:00+00:00,3225.86,3289.92,3216.17,3238.69,44189.54,143779871.5569
1709000100000,2024-02-27T02:15:00+00:00,3238.69,3253.21,3226.1,3236.41,20685.43,66972136.3828
1709001000000,2024-02-27T02:30:00+00:00,3236.41,3260.03,3225.14,3259.1,12239.68,39674824.1633
1709001900000,2024-02-27T02:45:00+00:00,3259.1,3262.89,3238.41,3245.33,12848.36,41741487.3276
1709002800000,2024-02-27T03:00:00+00:00,3245.33,3250.76,3237.23,3242.05,8515.31,27608829.1624
1709003700000,2024-02-27T03:15:00+00:00,3242.05,3246.69,3234.38,3241.6,10423.87,33771544.022
1709004600000,2024-02-27T03:30:00+00:00,3241.6,3256.57,3239.05,3255.56,12759.14,41442231.2999
1709005500000,2024-02-27T03:45:00+00:00,3255.56,3256.04,3207.28,3219.22,25611.15,82717272.255
1709006400000,2024-02-27T04:00:00+00:00,3219.22,3231.56,3209.52,3224.01,15830.19,51034613.7464
1709007300000,2024-02-27T04:15:00+00:00,3224.01,3229.01,3214.66,3227.45,14363.88,46302560.1804
1709008200000,2024-02-27T04:30:00+00:00,3227.45,3231.15,3216.49,3221.41,13417.93,43239996.0821
1709009100000,2024-02-27T04:45:00+00:00,3221.41,3222.92,3203.45,3212.98,15261.39,49074978.7915
1709010000000,2024-02-27T05:00:00+00:00,3212.98,3220.39,3208.66,3214.79,12251.65,39368430.4088
1709010900000,2024-02-27T05:15:00+00:00,3214.79,3219.98,3213.62,3219.98,14924.59,48010439.1469
1709011800000,2024-02-27T05:30:00+00:00,3219.98,3221.32,3213.69,3218.47,15278.19,49155238.9259
1709012700000,2024-02-27T05:45:00+00:00,3218.47,3222.58,3214.93,3222,19417.8,62509384.7518
1709013600000,2024-02-27T06:00:00+00:00,3222,3230.6,3221.45,3227.6,14267.28,46034278.3628
1709014500000,2024-02-27T06:15:00+00:00,3227.6,3231.46,3223.31,3229.28,12580.07,40604385.76
1709015400000,2024-02-27T06:30:00+00:00,3229.28,3238.44,3227.39,3235.84,12132.63,39225426.5669
1709016300000,2024-02-27T06:45:00+00:00,3235.84,3236.91,3229.07,3231.31,7941.56,25675555.5184
1709017200000,2024-02-27T07:00:00+00:00,3231.31,3232.45,3220.84,3228.27,9957.87,32127741.3863
1709018100000,2024-02-27T07:15:00+00:00,3228.27,3232.03,3213.71,3223.26,9645.94,31096617.3847
1709019000000,2024-02-27T07:30:00+00:00,3223.26,3225.35,3210.61,3220,9627.87,30974070.0251
1709019900000,2024-02-27T07:45:00+00:00,3220,3223.23,3216.15,3217.97,9084.7,29248600.651
1709020800000,2024-02-27T08:00:00+00:00,3217.97,3228.7,3216.55,3228.01,7615.71,24553441.3896
1709021700000,2024-02-27T08:15:00+00:00,3228.01,3233.5,3226.2,3230.92,8728.49,28199256.0188
1709022600000,2024-02-27T08:30:00+00:00,3230.92,3231.21,3223,3226.92,12867.69,41529092.0339
1709023500000,2024-02-27T08:45:00+00:00,3226.92,3229.42,3219.08,3221.17,13673.61,44079202.7199
1709024400000,2024-02-27T09:00:00+00:00,3221.17,3229.96,3220.86,3229.74,10794.1,34819322.7495
1709025300000,2024-02-27T09:15:00+00:00,3229.74,3256.15,3228.86,3242.01,16818.12,54518599.3617
1709026200000,2024-02-27T09:30:00+00:00,3242.01,3256.38,3242.01,3252.19,11015.47,35786660.1109
1709027100000,2024-02-27T09:45:00+00:00,3252.19,3261.01,3246.35,3260,10717.23,34882535.7548
1709028000000,2024-02-27T10:00:00+00:00,3260,3260.84,3248.35,3252.19,9577.46,31149955.256
1709028900000,2024-02-27T10:15:00+00:00,3252.19,3261.2,3249.65,3255.81,9827.3,31995446.58
1709029800000,2024-02-27T10:30:00+00:00,3255.81,3263.02,3251.68,3261.52,12325.01,40153546.8871
1709030700000,2024-02-27T10:45:00+00:00,3261.52,3271.55,3259.13,3261.73,15205.93,49645511.4375
1709031600000,2024-02-27T11:00:00+00:00,3261.73,3266.74,3252.32,3264.32,12890.61,42026274.156
1709032500000,2024-02-27T11:15:00+00:00,3264.32,3265.59,3254.29,3258.16,14623.08,47655106.6808
1709033400000,2024-02-27T11:30:00+00:00,3258.16,3259.95,3248.86,3252.44,12079.39,39317943.5184
1709034300000,2024-02-27T11:45:00+00:00,3252.44,3258.2,3248.54,3257.35,11960.77,38923589.0125
1709035200000,2024-02-27T12:00:00+00:00,3257.35,3260,3250.04,3253.09,14498.02,47195712.2297
1709036100000,2024-02-27T12:15:00+00:00,3253.09,3276.44,3252.46,3268.37,13844.1,45165523.9062
1709037000000,2024-02-27T12:30:00+00:00,3268.37,3285.84,3263.03,3284.54,16966.89,55596873.4641
1709037900000,2024-02-27T12:45:00+00:00,3284.54,3291.61,3254.68,3258.53,18671.04,61178066.4171
1709038800000,2024-02-27T13:00:00+00:00,3258.53,3267.13,3242.3,3265.12,18392.73,59926026.4581
1709039700000,2024-02-27T13:15:00+00:00,3265.12,3283.11,3244.61,3252.79,16399.45,53566838.9937
1709040600000,2024-02-27T13:30:00+00:00,3252.79,3265.44,3251.44,3264.46,14209.71,46313174.4869
1709041500000,2024-02-27T13:45:00+00:00,3264.46,3279,3264.16,3268.5,14774.12,48325733.8165
1709042400000,2024-02-27T14:00:00+00:00,3268.5,3271.19,3256.47,3261.46,13052.23,42592932.5562
1709043300000,2024-02-27T14:15:00+00:00,3261.46,3264.12,3250.51,3258.91,14042.44,45746558.8742
1709044200000,2024-02-27T14:30:00+00:00,3258.91,3277.74,3251.15,3252.39,11218.25,36630374.3707
1709045100000,2024-02-27T14:45:00+00:00,3252.39,3258.71,3236.79,3254.71,12989.47,42193240.932
1709046000000,2024-02-27T15:00:00+00:00,3254.71,3264.26,3248.44,3252.76,9117.53,29689864.6225
1709046900000,2024-02-27T15:15:00+00:00,3252.76,3263.54,3249.18,3261.21,8749.86,28509088.8827
1709047800000,2024-02-27T15:30:00+00:00,3261.21,3261.55,3243.23,3246.76,14548.13,47344166.9272
1709048700000,2024-02-27T15:45:00+00:00,3246.76,3247.59,3220.11,3230.28,21047.7,68047241.5162
1709049600000,2024-02-27T16:00:00+00:00,3230.28,3242.92,3203.88,3222.14,19833.85,63912965.788
1709050500000,2024-02-27T16:15:00+00:00,3222.14,3254.06,3222.14,3244.84,17856.93,57881892.3951
1709051400000,2024-02-27T16:30:00+00:00,3244.84,3254.24,3225.09,3232.79,12270.71,39788479.4797
1709052300000,2024-02-27T16:45:00+00:00,3232.79,3244.57,3231.32,3239.17,11274.57,36507020.9899
1709053200000,2024-02-27T17:00:00+00:00,3239.17,3248.07,3235.38,3242.24,10448.67,33874692.4235
1709054100000,2024-02-27T17:15:00+00:00,3242.24,3247.06,3236.59,3241.3,10724.54,34769212.8684
1709055000000,2024-02-27T17:30:00+00:00,3241.3,3244.75,3211.27,3222.68,11198.74,36129957.0262
1709055900000,2024-02-27T17:45:00+00:00,3222.68,3235.47,3221.07,3226.1,10641,34334022.8002
1709056800000,2024-02-27T18:00:00+00:00,3226.1,3236.64,3221.6,3233.31,10871.85,35108473.4917
1709057700000,2024-02-27T18:15:00+00:00,3233.31,3241.44,3233.31,3238.41,8065.5,26113324.0555
1709058600000,2024-02-27T18:30:00+00:00,3238.41,3243.07,3235.18,3239.78,5712.92,18505584.9539
1709059500000,2024-02-27T18:45:00+00:00,3239.78,3241.5,3234.2,3237.05,5850.32,18941635.9763
1709060400000,2024-02-27T19:00:00+00:00,3237.05,3248.67,3233.05,3244.01,6303.71,20435896.1849
1709061300000,2024-02-27T19:15:00+00:00,3244.01,3250.19,3243.29,3245.21,5453.59,17709949.3714
1709062200000,2024-02-27T19:30:00+00:00,3245.21,3252.64,3237.21,3248.68,7036.27,22841368.471
1709063100000,2024-02-27T19:45:00+00:00,3248.68,3262.32,3247.31,3252.07,8768.26,28537352.5293
1709064000000,2024-02-27T20:00:00+00:00,3252.07,3256.44,3243.11,3249.96,6613.15,21489174.6877
1709064900000,2024-02-27T20:15:00+00:00,3249.96,3251.39,3237.84,3248.04,6112.81,19838101.0235
1709065800000,2024-02-27T20:30:00+00:00,3248.04,3251.27,3234.05,3241.3,6885.78,22319514.0843
1709066700000,2024-02-27T20:45:00+00:00,3241.3,3255.58,3239.63,3254.5,6654.27,21611194.2689
1709067600000,2024-02-27T21:00:00+00:00,3254.5,3256.58,3242.85,3250.01,5830.14,18939531.605
1709068500000,2024-02-27T21:15:00+00:00,3250.01,3254.61,3248.39,3252.43,6812.78,22156748.6562
1709069400000,2024-02-27T21:30:00+00:00,3252.43,3253.84,3248.68,3249.86,10184.39,33110294.2709
1709070300000,2024-02-27T21:45:00+00:00,3249.86,3252.81,3243.56,3249.1,12444.26,40428396.5053
1709071200000,2024-02-27T22:00:00+00:00,3249.1,3251.9,3244.85,3248.82,12706.69,41276898.7384
1709072100000,2024-02-27T22:15:00+00:00,3248.82,3271.76,3248.27,3265.81,14480.31,47207931.4748
1709073000000,2024-02-27T22:30:00+00:00,3265.81,3265.84,3256.9,3257.64,13261.46,43270850.5409
1709073900000,2024-02-27T22:45:00+00:00,3257.64,3257.81,3247.07,3249.05,15741.52,51171024.0454
1709074800000,2024-02-27T23:00:00+00:00,3249.05,3251.39,3239.46,3244.3,11477.26,37250133.7424
1709075700000,2024-02-27T23:15:00+00:00,3244.3,3249.9,3242.29,3246.47,11334.31,36801995.3821
1709076600000,2024-02-27T23:30:00+00:00,3246.47,3248.36,3240.85,3242.19,6757.32,21922325.7131
1709077500000,2024-02-27T23:45:00+00:00,3242.19,3244.73,3238.23,3242.81,7663.79,24842719.7351
1709078400000,2024-02-28T00:00:00+00:00,3242.81,3246.44,3237.57,3240.94,7954.97,25796974.7328
1709079300000,2024-02-28T00:15:00+00:00,3240.94,3245.93,3236.56,3244.37,7162.05,23213072.8278
1709080200000,2024-02-28T00:30:00+00:00,3244.37,3251.28,3243.86,3248.38,5650.33,18354814.1358
1709081100000,2024-02-28T00:45:00+00:00,3248.38,3256.21,3248.34,3255.66,5458.35,17759861.152
1709082000000,2024-02-28T01:00:00+00:00,3255.66,3260.35,3242.9,3244.34,6643.06,21605788.158
1709082900000,2024-02-28T01:15:00+00:00,3244.34,3252.46,3239.85,3248.55,7410.95,24078961.8553
1709083800000,2024-02-28T01:30:00+00:00,3248.55,3248.82,3235.88,3236.84,9464.38,30669805.424
1709084700000,2024-02-28T01:45:00+00:00,3236.84,3240.75,3233.03,3236.47,10116.27,32742868.0355
1709085600000,2024-02-28T02:00:00+00:00,3236.47,3240.16,3231.65,3237.97,11137.24,36035433.8024
1709086500000,2024-02-28T02:15:00+00:00,3237.97,3243.69,3235.86,3243.58,11089.34,35940200.4498
1709087400000,2024-02-28T02:30:00+00:00,3243.58,3250.41,3241.95,3246.97,10541.04,34221533.375
1709088300000,2024-02-28T02:45:00+00:00,3246.97,3249.69,3242.04,3245.23,11298.39,36664187.3212
1709089200000,2024-02-28T03:00:00+00:00,3245.23,3245.59,3236.9,3237.41,12465.7,40406353.8441
1709090100000,2024-02-28T03:15:00+00:00,3237.41,3247.77,3232.76,3245.45,10313.69,33421835.8146
1709091000000,2024-02-28T03:30:00+00:00,3245.45,3247.84,3241.58,3247.55,5883.14,19087023.4088
1709091900000,2024-02-28T03:45:00+00:00,3247.55,3251.95,3245.16,3249.62,6777.57,22019358.6991
1709092800000,2024-02-28T04:00:00+00:00,3249.62,3258.51,3245.15,3256.92,7942.02,25838936.3156
1709093700000,2024-02-28T04:15:00+00:00,3256.92,3267.62,3253.68,3267.62,6364.62,20760661.0404
1709094600000,2024-02-28T04:30:00+00:00,3267.62,3270.32,3259.64,3264.93,6514.08,21268644.5231
1709095500000,2024-02-28T04:45:00+00:00,3264.93,3271.53,3263.41,3268.49,6389.53,20871993.3578
1709096400000,2024-02-28T05:00:00+00:00,3268.49,3268.97,3258.92,3259.33,6426.25,20969076.3723
1709097300000,2024-02-28T05:15:00+00:00,3259.33,3263.46,3256.59,3261.75,7681.18,25033223.7712
1709098200000,2024-02-28T05:30:00+00:00,3261.75,3269.19,3254.71,3259.19,10725.59,34992499.9684
1709099100000,2024-02-28T05:45:00+00:00,3259.19,3260.64,3251.69,3253.7,10025.71,32651516.038
1709100000000,2024-02-28T06:00:00+00:00,3253.7,3260.43,3252.96,3254,10614.57,34568617.8682
1709100900000,2024-02-28T06:15:00+00:00,3254,3261.19,3251.12,3257.25,10531.69,34298085.1451
1709101800000,2024-02-28T06:30:00+00:00,3257.25,3261.69,3254.69,3259.98,9045.59,29476501.0559
1709102700000,2024-02-28T06:45:00+00:00,3259.98,3263.51,3253.54,3259.26,7771.97,25319922.2525
1709103600000,2024-02-28T07:00:00+00:00,3259.26,3266.46,3258.23,3266.18,9068.98,29568924.7607
1709104500000,2024-02-28T07:15:00+00:00,3266.18,3274.82,3264.07,3273.64,11070.39,36183827.6503
1709105400000,2024-02-28T07:30:00+00:00,3273.64,3288,3266.72,3283.52,14439.78,47310103.0396
1709106300000,2024-02-28T07:45:00+00:00,3283.52,3308.94,3280.25,3305.26,20791.63,68572595.8539
1709107200000,2024-02-28T08:00:00+00:00,3305.26,3317.57,3284.03,3297.34,18361.02,60654365.0031
1709108100000,2024-02-28T08:15:00+00:00,3297.34,3318.57,3291.14,3305.03,13231.65,43728502.9856
1709109000000,2024-02-28T08:30:00+00:00,3305.03,3310.12,3291.98,3304.51,13361,44112620.024
1709109900000,2024-02-28T08:45:00+00:00,3304.51,3337.64,3302.72,3333.38,19844.25,65945926.8458
1709110800000,2024-02-28T09:00:00+00:00,3333.38,3333.38,3311.04,3325.93,14424.57,47906879.9065
1709111700000,2024-02-28T09:15:00+00:00,3325.93,3330.74,3303.5,3315.68,13543.75,44920339.6356
1709112600000,2024-02-28T09:30:00+00:00,3315.68,3350.52,3315.16,3340.32,21819.9,72874403.954
1709113500000,2024-02-28T09:45:00+00:00,3340.32,3367.34,3340,3362.33,21857.59,73391927.8924
1709114400000,2024-02-28T10:00:00+00:00,3362.33,3372.85,3343.46,3348.08,16401.96,55046350.3289
1709115300000,2024-02-28T10:15:00+00:00,3348.08,3350.36,3336.51,3345.39,12658.71,42336685.3285
1709116200000,2024-02-28T10:30:00+00:00,3345.39,3353.67,3340,3343.27,16994.86,56892703.0333
1709117100000,2024-02-28T10:45:00+00:00,3343.27,3354.71,3342.64,3346.5,15184.22,50843070.2671
1709118000000,2024-02-28T11:00:00+00:00,3346.5,3351.2,3339.95,3341.48,16638.29,55669984.6633
1709118900000,2024-02-28T11:15:00+00:00,3341.48,3353.64,3341.13,3352.62,15469.85,51790458.4018
1709119800000,2024-02-28T11:30:00+00:00,3352.62,3353.17,3316.08,3318.76,15981.63,53334841.6392
1709120700000,2024-02-28T11:45:00+00:00,3318.76,3325.15,3278,3297.87,27922.47,92147018.5414
1709121600000,2024-02-28T12:00:00+00:00,3297.87,3314.06,3293.26,3308.46,15208.92,50286999.735
1709122500000,2024-02-28T12:15:00+00:00,3308.46,3312.26,3288.52,3307.29,10248.78,33836530.003
1709123400000,2024-02-28T12:30:00+00:00,3307.29,3319.89,3302,3313.77,8580.04,28409239.984
1709124300000,2024-02-28T12:45:00+00:00,3313.77,3318.5,3310.66,3314.51,5785.93,19179768.1185
1709125200000,2024-02-28T13:00:00+00:00,3314.51,3341.74,3312.83,3328.37,13491.38,44900726.247
1709126100000,2024-02-28T13:15:00+00:00,3328.37,3360.91,3319.75,3339.72,20230.31,67638552.7052
1709127000000,2024-02-28T13:30:00+00:00,3339.72,3358.82,3335.49,3348,13118,43937585.8326
1709127900000,2024-02-28T13:45:00+00:00,3348,3359.56,3341.35,3356.51,11217.82,37583794.5605
1709128800000,2024-02-28T14:00:00+00:00,3356.51,3368.15,3349.26,3350.21,18825.61,63243654.8757
1709129700000,2024-02-28T14:15:00+00:00,3350.21,3353.38,3320.85,3338.41,14571.91,48672870.2313
1709130600000,2024-02-28T14:30:00+00:00,3338.41,3342,3318.91,3339.73,10414.9,34705170.129
1709131500000,2024-02-28T14:45:00+00:00,3339.73,3369.14,3331.02,3357.55,11829,39623186.1843
1709132400000,2024-02-28T15:00:00+00:00,3357.55,3372.72,3335.43,3370.54,13984.12,46858891.4953
1709133300000,2024-02-28T15:15:00+00:00,3370.54,3380.16,3358.52,3365.76,15882.05,53520639.7791
1709134200000,2024-02-28T15:30:00+00:00,3365.76,3365.76,3345.55,3351.4,13085.83,43908541.8052
1709135100000,2024-02-28T15:45:00+00:00,3351.4,3359.94,3346.58,3349.86,9267.58,31074344.0763
1709136000000,2024-02-28T16:00:00+00:00,3349.86,3365.97,3348.81,3358,15849.88,53197730.6469
1709136900000,2024-02-28T16:15:00+00:00,3358,3390.18,3357.34,3383.36,22103.6,74612792.6612
1709137800000,2024-02-28T16:30:00+00:00,3383.36,3398.52,3382.08,3385.48,28037.99,95061784.9059
1709138700000,2024-02-28T16:45:00+00:00,3385.48,3431.68,3383.95,3427.81,38361.55,130933453.3478
1709139600000,2024-02-28T17:00:00+00:00,3427.81,3497,3414,3488.15,56620.75,195865419.794
1709140500000,2024-02-28T17:15:00+00:00,3488.15,3498.31,3429.62,3430.16,60335.6,209086805.8981
1709141400000,2024-02-28T17:30:00+00:00,3430.16,3430.16,3176.2,3369.33,102914.35,341567941.0185
1709142300000,2024-02-28T17:45:00+00:00,3369.33,3371.53,3326.83,3342.49,43406.13,145389539.3382
1709143200000,2024-02-28T18:00:00+00:00,3342.49,3362.69,3286.23,3313.92,36805.2,122217789.1649
1709144100000,2024-02-28T18:15:00+00:00,3313.92,3315.79,3201.49,3271.82,40446.31,131878971.9381
1709145000000,2024-02-28T18:30:00+00:00,3271.82,3303.72,3262.04,3295.9,18072.14,59392555.1373
1709145900000,2024-02-28T18:45:00+00:00,3295.9,3327.43,3293.7,3320.99,15549.94,51485595.5841
1709146800000,2024-02-28T19:00:00+00:00,3320.99,3335.01,3301.11,3315.56,15056.69,50013678.8003
1709147700000,2024-02-28T19:15:00+00:00,3315.56,3328.98,3310.55,3325.24,11498.89,38173336.2613
1709148600000,2024-02-28T19:30:00+00:00,3325.24,3326.36,3285.22,3291.72,13486.96,44578185.7631
1709149500000,2024-02-28T19:45:00+00:00,3291.72,3307.3,3277.74,3301.23,13639.19,44960633.072
1709150400000,2024-02-28T20:00:00+00:00,3301.23,3304.49,3253.19,3277.74,17040.73,55902841.9209
1709151300000,2024-02-28T20:15:00+00:00,3277.74,3278.36,3260.9,3260.9,15035.32,49151802.6408
1709152200000,2024-02-28T20:30:00+00:00,3260.9,3294.66,3260.67,3282.13,15094.51,49518938.6654
1709153100000,2024-02-28T20:45:00+00:00,3282.13,3302.4,3282.13,3302.39,14245.4,46928640.7587
1709154000000,2024-02-28T21:00:00+00:00,3302.39,3303.84,3274.87,3293.26,13372.46,43977983.2886
1709154900000,2024-02-28T21:15:00+00:00,3293.26,3321.94,3292.49,3321.18,16231.5,53744633.6242
1709155800000,2024-02-28T21:30:00+00:00,3321.18,3328.12,3315,3323.14,15121.33,50237026.0318
1709156700000,2024-02-28T21:45:00+00:00,3323.14,3331.71,3319.57,3326.33,12504.92,41595424.2158
1709157600000,2024-02-28T22:00:00+00:00,3326.33,3343.68,3321.81,3343.53,14470.78,48270285.0562
1709158500000,2024-02-28T22:15:00+00:00,3343.53,3347.94,3334.42,3345.12,12865.35,42990259.4604
1709159400000,2024-02-28T22:30:00+00:00,3345.12,3346.1,3334.33,3339.52,10310.35,34433681.2097
1709160300000,2024-02-28T22:45:00+00:00,3339.52,3344.76,3335.18,3342.66,6633.35,22154387.483
1709161200000,2024-02-28T23:00:00+00:00,3342.66,3362.72,3341.35,3362.68,9101.77,30521580.7883
1709162100000,2024-02-28T23:15:00+00:00,3362.68,3376.52,3357.15,3372.96,11322.97,38136012.7627
1709163000000,2024-02-28T23:30:00+00:00,3372.96,3384.21,3367.34,3377.72,9782.6,33039419.5168
1709163900000,2024-02-28T23:45:00+00:00,3377.72,3386.64,3364.7,3385.87,8420.34,28445268.4623
1709164800000,2024-02-29T00:00:00+00:00,3385.87,3399.26,3376.89,3385.05,8249.28,27942078.1026
1709165700000,2024-02-29T00:15:00+00:00,3385.05,3437.18,3381.96,3430.7,13562.21,46298088.042
1709166600000,2024-02-29T00:30:00+00:00,3430.7,3473.42,3426.59,3460.77,17050.45,58853134.0349
1709167500000,2024-02-29T00:45:00+00:00,3460.77,3469.24,3444.38,3453.53,17530.72,60586806.6773
1709168400000,2024-02-29T01:00:00+00:00,3453.53,3455.66,3416.7,3430.16,17557.23,60361370.9843
1709169300000,2024-02-29T01:15:00+00:00,3430.16,3443.47,3412.94,3420.11,15768.47,54094169.9966
1709170200000,2024-02-29T01:30:00+00:00,3420.11,3431.74,3413.48,3421.45,12857.52,44018711.3556
1709171100000,2024-02-29T01:45:00+00:00,3421.45,3426.85,3415.6,3420.79,10343.14,35389997.0251
1709172000000,2024-02-29T02:00:00+00:00,3420.79,3433.15,3406.79,3415.35,12633.67,43188275.7954
1709172900000,2024-02-29T02:15:00+00:00,3415.35,3415.35,3397.72,3404.04,15095.57,51379508.5624
1709173800000,2024-02-29T02:30:00+00:00,3404.04,3410.6,3394.54,3400.68,10422.56,35462722.1661
1709174700000,2024-02-29T02:45:00+00:00,3400.68,3409.68,3397.91,3406.16,8100.04,27568293.2263
1709175600000,2024-02-29T03:00:00+00:00,3406.16,3420.09,3401.59,3417.87,7356.49,25094810.462
1709176500000,2024-02-29T03:15:00+00:00,3417.87,3418.95,3395.63,3400.41,9511.16,32392372.0253
1709177400000,2024-02-29T03:30:00+00:00,3400.41,3412.65,3393.15,3410,9242.77,31453881.3045
1709178300000,2024-02-29T03:45:00+00:00,3410,3413.84,3406.79,3410.05,9122.96,31107467.9443
1709179200000,2024-02-29T04:00:00+00:00,3410.05,3418.96,3400.16,3417.27,10239.73,34891107.2866
1709180100000,2024-02-29T04:15:00+00:00,3417.27,3431.71,3416.84,3423.26,11244.18,38523237.0152
1709181000000,2024-02-29T04:30:00+00:00,3423.26,3452.37,3419.97,3446.26,14153.54,48641878.7028
1709181900000,2024-02-29T04:45:00+00:00,3446.26,3457.8,3441.93,3448.2,14758.88,50911679.7071
1709182800000,2024-02-29T05:00:00+00:00,3448.2,3448.8,3434.02,3440.5,14886.6,51214191.8454
1709183700000,2024-02-29T05:15:00+00:00,3440.5,3462.6,3432.09,3460.06,12377.78,42644044.1191
1709184600000,2024-02-29T05:30:00+00:00,3460.06,3466.49,3446.52,3463.13,8857.28,30588508.5565
1709185500000,2024-02-29T05:45:00+00:00,3463.13,3477.83,3452.64,3471.53,9693.33,33589134.1748
1709186400000,2024-02-29T06:00:00+00:00,3471.53,3483.33,3468.35,3482.46,9797.19,34034968.9062
1709187300000,2024-02-29T06:15:00+00:00,3482.46,3488.13,3471.26,3473.28,11772.34,40967540.911
1709188200000,2024-02-29T06:30:00+00:00,3473.28,3494,3467.39,3490.8,12450.7,43364318.7474
1709189100000,2024-02-29T06:45:00+00:00,3490.8,3497.56,3473.83,3482.97,14130.38,49241593.4423
1709190000000,2024-02-29T07:00:00+00:00,3482.97,3483.41,3461.07,3471.92,11417.2,39642121.357
1709190900000,2024-02-29T07:15:00+00:00,3471.92,3472.49,3450.44,3459.2,12641.74,43786284.8791
1709191800000,2024-02-29T07:30:00+00:00,3459.2,3475.46,3458.61,3464.97,11912.26,41315276.9992
1709192700000,2024-02-29T07:45:00+00:00,3464.97,3475.83,3461.84,3470.73,9450.75,32784687.145
1709193600000,2024-02-29T08:00:00+00:00,3470.73,3502.46,3468.23,3497.61,17395.31,60658933.5021
1709194500000,2024-02-29T08:15:00+00:00,3497.61,3506.51,3459.06,3467.86,17841.98,62198589.7389
1709195400000,2024-02-29T08:30:00+00:00,3467.86,3476.03,3463,3471.64,28335.93,98323038.5331
1709196300000,2024-02-29T08:45:00+00:00,3471.64,3486.23,3465,3482.03,28044.24,97519442.396
1709197200000,2024-02-29T09:00:00+00:00,3482.03,3495.15,3476.53,3480.59,35981.59,125437330.5664
1709198100000,2024-02-29T09:15:00+00:00,3480.59,3480.59,3451.95,3456.61,33058.09,114498490.8081
1709199000000,2024-02-29T09:30:00+00:00,3456.61,3468.57,3444.48,3464.27,33224.44,115019495.8773
1709199900000,2024-02-29T09:45:00+00:00,3464.27,3473.88,3451.39,3467.09,26367.33,91391118.1184
1709200800000,2024-02-29T10:00:00+00:00,3467.09,3467.79,3446.47,3456.14,31034.44,107274621.0354
1709201700000,2024-02-29T10:15:00+00:00,3456.14,3462.72,3448,3459.52,28803.44,99564181.9039
1709202600000,2024-02-29T10:30:00+00:00,3459.52,3478.53,3452.38,3473.77,24987.26,86667786.5369
1709203500000,2024-02-29T10:45:00+00:00,3473.77,3483.27,3473.26,3476.63,22200.27,77207829.4531
1709204400000,2024-02-29T11:00:00+00:00,3476.63,3483.59,3469.7,3481.65,23038.51,80124373.8528
1709205300000,2024-02-29T11:15:00+00:00,3481.65,3494.67,3479.3,3491.4,26966.7,94048628.6636
1709206200000,2024-02-29T11:30:00+00:00,3491.4,3529.97,3484.68,3518.12,66557.63,234031546.4167
1709207100000,2024-02-29T11:45:00+00:00,3518.12,3526.65,3509.73,3518.83,36613.1,128828717.3927
1709208000000,2024-02-29T12:00:00+00:00,3518.83,3523.11,3445.87,3469.84,62825.1,218683125.565
1709208900000,2024-02-29T12:15:00+00:00,3469.84,3484.66,3469.15,3477,31910.32,111026053.1964
1709209800000,2024-02-29T12:30:00+00:00,3477,3479.99,3464.37,3465.01,29730.71,103193785.3283
1709210700000,2024-02-29T12:45:00+00:00,3465.01,3473.86,3463.59,3468.04,26363.78,91480810.8559
1709211600000,2024-02-29T13:00:00+00:00,3468.04,3482.5,3460.3,3474.62,25758.39,89436311.7784
1709212500000,2024-02-29T13:15:00+00:00,3474.62,3478,3450.09,3460.45,25811.23,89396834.5928
1709213400000,2024-02-29T13:30:00+00:00,3460.45,3495.88,3459.96,3482.21,28536.7,99340618.8194
1709214300000,2024-02-29T13:45:00+00:00,3482.21,3491.78,3478,3481.96,24266.69,84540775.5508
1709215200000,2024-02-29T14:00:00+00:00,3481.96,3493.21,3474.62,3480.67,19306.19,67263811.3513
1709216100000,2024-02-29T14:15:00+00:00,3480.67,3487.79,3475.55,3487.79,23320.27,81175635.1852
1709217000000,2024-02-29T14:30:00+00:00,3487.79,3500.77,3466.79,3470.2,36661.77,127808517.7002
1709217900000,2024-02-29T14:45:00+00:00,3470.2,3474.14,3452.4,3471.72,35448.42,122813669.5618
1709218800000,2024-02-29T15:00:00+00:00,3471.72,3473.84,3457,3466.25,26893.93,93159442.5716
1709219700000,2024-02-29T15:15:00+00:00,3466.25,3488.13,3465.51,3482.62,25806.41,89780295.4981
1709220600000,2024-02-29T15:30:00+00:00,3482.62,3487.88,3467.64,3471.69,39159.63,136222895.0371
1709221500000,2024-02-29T15:45:00+00:00,3471.69,3476.71,3462.43,3469.75,24541.22,85172456.0814
1709222400000,2024-02-29T16:00:00+00:00,3469.75,3472.77,3456.6,3458.14,28437.7,98504939.912
1709223300000,2024-02-29T16:15:00+00:00,3458.14,3459.25,3430.87,3441.55,39668.12,136618633.2688
1709224200000,2024-02-29T16:30:00+00:00,3441.55,3455.68,3395.24,3429.61,37857.97,129626952.2613
1709225100000,2024-02-29T16:45:00+00:00,3429.61,3446.39,3422.67,3443.73,18707.48,64320896.9503
1709226000000,2024-02-29T17:00:00+00:00,3443.73,3455.39,3431.7,3434.15,18444.88,63489400.248
1709226900000,2024-02-29T17:15:00+00:00,3434.15,3444.88,3422.61,3427.95,11998.69,41198334.8015
1709227800000,2024-02-29T17:30:00+00:00,3427.95,3431.65,3351.71,3376.86,59730.9,202706628.2535
1709228700000,2024-02-29T17:45:00+00:00,3376.86,3394,3356.42,3388.11,50679.31,171272344.1693
1709229600000,2024-02-29T18:00:00+00:00,3388.11,3415.42,3387.81,3408.44,28130.43,95725375.5649
1709230500000,2024-02-29T18:15:00+00:00,3408.44,3412.98,3390.81,3390.99,26070.87,88720426.4754
1709231400000,2024-02-29T18:30:00+00:00,3390.99,3395.04,3363.19,3371.48,19841.69,66960998.9961
1709232300000,2024-02-29T18:45:00+00:00,3371.48,3378.55,3354.79,3374.52,17395.26,58579418.5064
1709233200000,2024-02-29T19:00:00+00:00,3374.52,3382.86,3361.86,3369.81,13697.54,46187229.8292
1709234100000,2024-02-29T19:15:00+00:00,3369.81,3387.68,3369.81,3386.93,13533.1,45762469.2556
1709235000000,2024-02-29T19:30:00+00:00,3386.93,3407.02,3382.32,3398.77,24198.81,82226566.4311
1709235900000,2024-02-29T19:45:00+00:00,3398.77,3408.45,3391.85,3407.08,19882.79,67657487.664
1709236800000,2024-02-29T20:00:00+00:00,3407.08,3413.5,3398.79,3409.7,20542.4,69965681.8831
1709237700000,2024-02-29T20:15:00+00:00,3409.7,3418,3405.76,3415.49,20296.98,69235854.971
1709238600000,2024-02-29T20:30:00+00:00,3415.49,3418.78,3401.01,3402.47,14785.33,50432979.3076
1709239500000,2024-02-29T20:45:00+00:00,3402.47,3411.11,3394.9,3395.98,15704.66,53493548.0312
1709240400000,2024-02-29T21:00:00+00:00,3395.98,3401.28,3332.36,3351.47,27665.13,92997406.0339
1709241300000,2024-02-29T21:15:00+00:00,3351.47,3364.74,3336.29,3336.79,18601.55,62334162.1435
1709242200000,2024-02-29T21:30:00+00:00,3336.79,3344.61,3309,3332.44,30598.56,101896112.0465
1709243100000,2024-02-29T21:45:00+00:00,3332.44,3352.49,3320.83,3349.11,21549.29,71974278.3582
1709244000000,2024-02-29T22:00:00+00:00,3349.11,3359.52,3340.35,3348.78,17950.18,60113433.7301
1709244900000,2024-02-29T22:15:00+00:00,3348.78,3352.92,3315.41,3317.12,22549.76,75158732.5459
1709245800000,2024-02-29T22:30:00+00:00,3317.12,3327.96,3299.39,3301,26709.22,88488311.4588
1709246700000,2024-02-29T22:45:00+00:00,3301,3333.84,3301,3322.15,22277.52,74005522.3048
1709247600000,2024-02-29T23:00:00+00:00,3322.15,3344.41,3320.16,3341.95,16533.71,55169053.1514
1709248500000,2024-02-29T23:15:00+00:00,3341.95,3354.28,3340.63,3353.25,16538.69,55398777.7021
1709249400000,2024-02-29T23:30:00+00:00,3353.25,3358.62,3348.4,3354.16,18170.11,60955526.9285
1709250300000,2024-02-29T23:45:00+00:00,3354.16,3359.72,3340.21,3341.72,17228.61,57718355.92
