timestamp_ms,datetime_utc,open,high,low,close,base_volume,quote_volume
1711929600000,2024-04-01T00:00:00+00:00,3647.5,3648.77,3638.25,3638.25,11978.92,43634173.2802
1711930500000,2024-04-01T00:15:00+00:00,3638.25,3641.57,3634.51,3635.82,10514.32,38262727.2581
1711931400000,2024-04-01T00:30:00+00:00,3635.82,3637.45,3617.31,3623.34,17076.51,61963400.8366
1711932300000,2024-04-01T00:45:00+00:00,3623.34,3628.82,3619.51,3627.9,16463.05,59668128.6572
1711933200000,2024-04-01T01:00:00+00:00,3627.9,3630,3621.91,3623.51,15602.78,56575656.3981
1711934100000,2024-04-01T01:15:00+00:00,3623.51,3624.88,3613.06,3615.22,14738.06,53336962.0409
1711935000000,2024-04-01T01:30:00+00:00,3615.22,3622.17,3611.09,3613.75,12820.76,46359976.9852
1711935900000,2024-04-01T01:45:00+00:00,3613.75,3617.5,3609,3612.48,8401.45,30355343.4792
1711936800000,2024-04-01T02:00:00+00:00,3612.48,3616.38,3609.77,3613.32,7989.65,28864015.8933
1711937700000,2024-04-01T02:15:00+00:00,3613.32,3614.85,3610.63,3611.22,9246.54,33402460.7532
1711938600000,2024-04-01T02:30:00+00:00,3611.22,3615.68,3608.14,3613.46,16865.4,60918895.9301
1711939500000,2024-04-01T02:45:00+00:00,3613.46,3618.5,3613.46,3615.92,13382.3,48397092.5262
1711940400000,2024-04-01T03:00:00+00:00,3615.92,3619.03,3608.2,3609.61,15207.04,54951336.5082
1711941300000,2024-04-01T03:15:00+00:00,3609.61,3614.48,3603.13,3604.99,16699.32,60287554.4295
1711942200000,2024-04-01T03:30:00+00:00,3604.99,3609.79,3602.76,3608.66,11799.07,42546069.6314
1711943100000,2024-04-01T03:45:00+00:00,3608.66,3623.04,3607.42,3613.34,12783.34,46230303.3198
1711944000000,2024-04-01T04:00:00+00:00,3613.34,3616.75,3610.52,3613.03,9626.98,34795001.3988
1711944900000,2024-04-01T04:15:00+00:00,3613.03,3615.56,3605.56,3610.73,13073.52,47188702.202
1711945800000,2024-04-01T04:30:00+00:00,3610.73,3612.33,3606.75,3608.09,15494.84,55929638.2441
1711946700000,2024-04-01T04:45:00+00:00,3608.09,3610.8,3601.8,3602.99,23913.69,86251489.6326
1711947600000,2024-04-01T05:00:00+00:00,3602.99,3608.75,3589.05,3601.82,27838.34,100268534.2422
1711948500000,2024-04-01T05:15:00+00:00,3601.82,3601.82,3590.3,3594.28,22983.92,82669695.8232
1711949400000,2024-04-01T05:30:00+00:00,3594.28,3594.34,3566.42,3572.56,27550.97,98614652.2212
1711950300000,2024-04-01T05:45:00+00:00,3572.56,3572.56,3500.11,3511.13,57437.38,202408087.4489
1711951200000,2024-04-01T06:00:00+00:00,3511.13,3528.89,3502.63,3525,24708.88,86979317.3169
1711952100000,2024-04-01T06:15:00+00:00,3525,3540,3525,3533.97,22788.58,80528186.6472
1711953000000,2024-04-01T06:30:00+00:00,3533.97,3548.86,3530.7,3546.75,19608.36,69456056.499
1711953900000,2024-04-01T06:45:00+00:00,3546.75,3549.12,3538.54,3542.97,16130.74,57181565.8073
1711954800000,2024-04-01T07:00:00+00:00,3542.97,3556.79,3539.62,3549.34,31625.69,112309242.8674
1711955700000,2024-04-01T07:15:00+00:00,3549.34,3552.58,3545.98,3551.87,16333.15,57965461.3935
1711956600000,2024-04-01T07:30:00+00:00,3551.87,3555.85,3543.72,3546.99,17351.35,61573236.5798
1711957500000,2024-04-01T07:45:00+00:00,3546.99,3553.61,3544.99,3547.7,15833.07,56179676.3329
1711958400000,2024-04-01T08:00:00+00:00,3547.7,3547.72,3530.37,3535.68,19587.41,69325174.8871
1711959300000,2024-04-01T08:15:00+00:00,3535.68,3541.22,3519.31,3530.21,15302.33,54045937.2987
1711960200000,2024-04-01T08:30:00+00:00,3530.21,3541.99,3520.49,3541.22,22895.23,80930961.2111
1711961100000,2024-04-01T08:45:00+00:00,3541.22,3544.14,3530.43,3535.31,24234.07,85731445.2582
1711962000000,2024-04-01T09:00:00+00:00,3535.31,3551.98,3535.18,3550.04,22008.91,78002020.289
1711962900000,2024-04-01T09:15:00+00:00,3550.04,3550.06,3544.67,3546.3,23928.37,84898857.636
1711963800000,2024-04-01T09:30:00+00:00,3546.3,3548.21,3540.4,3540.79,14459.99,51254307.9557
1711964700000,2024-04-01T09:45:00+00:00,3540.79,3548,3540.27,3541.82,13275.62,47050240.3773
1711965600000,2024-04-01T10:00:00+00:00,3541.82,3547.32,3538.15,3544.89,13829.38,48986279.6682
1711966500000,2024-04-01T10:15:00+00:00,3544.89,3545.41,3530.35,3533.26,14630.7,51754932.3904
1711967400000,2024-04-01T10:30:00+00:00,3533.26,3544.04,3531.94,3540.65,15154,53618819.1382
1711968300000,2024-04-01T10:45:00+00:00,3540.65,3549.16,3540.48,3547.86,18172.37,64420533.4955
1711969200000,2024-04-01T11:00:00+00:00,3547.86,3562.19,3546.19,3557.74,19552.41,69485224.6224
1711970100000,2024-04-01T11:15:00+00:00,3557.74,3557.99,3549.17,3549.91,16009.76,56895130.8285
1711971000000,2024-04-01T11:30:00+00:00,3549.91,3549.91,3537.02,3542.09,19385.16,68683162.5515
1711971900000,2024-04-01T11:45:00+00:00,3542.09,3545,3537.02,3539.23,18463.02,65363545.9899
1711972800000,2024-04-01T12:00:00+00:00,3539.23,3549.56,3536,3547.37,20834,73812957.0235
1711973700000,2024-04-01T12:15:00+00:00,3547.37,3558.36,3547,3554.08,19401.78,68946944.2971
1711974600000,2024-04-01T12:30:00+00:00,3554.08,3557.79,3550.35,3556.32,10230.39,36353784.2082
1711975500000,2024-04-01T12:45:00+00:00,3556.32,3561.44,3552.04,3559.48,11280.29,40137801.9977
1711976400000,2024-04-01T13:00:00+00:00,3559.48,3561.92,3553.07,3556.31,10907.94,38804404.0495
1711977300000,2024-04-01T13:15:00+00:00,3556.31,3567.78,3547.85,3564.47,10341.03,36768650.879
1711978200000,2024-04-01T13:30:00+00:00,3564.47,3572.39,3554.81,3565.66,27051.87,96410275.622
1711979100000,2024-04-01T13:45:00+00:00,3565.66,3569.06,3554.27,3556.24,25633.98,91256376.1535
1711980000000,2024-04-01T14:00:00+00:00,3556.24,3558.85,3540.5,3543.39,24570.24,87213784.5962
1711980900000,2024-04-01T14:15:00+00:00,3543.39,3551.09,3531.64,3532.89,27490.47,97344550.0709
1711981800000,2024-04-01T14:30:00+00:00,3532.89,3535.8,3514,3516.15,34878.13,122869178.1739
1711982700000,2024-04-01T14:45:00+00:00,3516.15,3526.91,3491.7,3509.22,31608.83,111006274.5018
1711983600000,2024-04-01T15:00:00+00:00,3509.22,3515.38,3448.91,3469.87,51769.36,180025854.3651
1711984500000,2024-04-01T15:15:00+00:00,3469.87,3493.65,3461.36,3489.55,29060.31,101065585.9779
1711985400000,2024-04-01T15:30:00+00:00,3489.55,3490.74,3476.57,3479.76,18331.59,63859118.5873
1711986300000,2024-04-01T15:45:00+00:00,3479.76,3486.83,3437.29,3444.8,36564.92,126511515.4953
1711987200000,2024-04-01T16:00:00+00:00,3444.8,3460.95,3432.86,3459.74,29301.43,101133870.652
1711988100000,2024-04-01T16:15:00+00:00,3459.74,3465,3447.6,3462.9,15457.39,53468076.6336
1711989000000,2024-04-01T16:30:00+00:00,3462.9,3463.33,3447.83,3454.63,26508.02,91551708.7451
1711989900000,2024-04-01T16:45:00+00:00,3454.63,3462.8,3445.89,3446.93,28272.56,97704099.1941
1711990800000,2024-04-01T17:00:00+00:00,3446.93,3452.79,3436.29,3443.91,25692.7,88510511.114
1711991700000,2024-04-01T17:15:00+00:00,3443.91,3447.05,3430.68,3438.8,26681.32,91804079.5167
1711992600000,2024-04-01T17:30:00+00:00,3438.8,3446.01,3413.41,3437.46,29536.63,101383974.8779
1711993500000,2024-04-01T17:45:00+00:00,3437.46,3444.85,3428.91,3444.85,18765.09,64508386.4929
1711994400000,2024-04-01T18:00:00+00:00,3444.85,3445.16,3419.1,3428.68,17294.19,59323321.3581
1711995300000,2024-04-01T18:15:00+00:00,3428.68,3442.53,3428.05,3439.38,27903.23,95873699.4799
1711996200000,2024-04-01T18:30:00+00:00,3439.38,3444.22,3432.32,3434.83,20939.2,71984714.4856
1711997100000,2024-04-01T18:45:00+00:00,3434.83,3450.81,3434.42,3448.33,24188.91,83293472.8569
1711998000000,2024-04-01T19:00:00+00:00,3448.33,3458.69,3443.24,3455.61,21665.54,74777515.5931
1711998900000,2024-04-01T19:15:00+00:00,3455.61,3478.48,3455.61,3470.02,25656.94,89017644.6286
1711999800000,2024-04-01T19:30:00+00:00,3470.02,3476.62,3466.41,3474.39,13292.91,46144494.5286
1712000700000,2024-04-01T19:45:00+00:00,3474.39,3490.53,3472.79,3487.92,14297.48,49767216.4369
1712001600000,2024-04-01T20:00:00+00:00,3487.92,3491.32,3477.35,3478.91,12530.27,43640643.5865
1712002500000,2024-04-01T20:15:00+00:00,3478.91,3480.99,3472.12,3478.74,12015.77,41765961.2722
1712003400000,2024-04-01T20:30:00+00:00,3478.74,3486.47,3475.95,3484.88,16986.56,59148202.9472
1712004300000,2024-04-01T20:45:00+00:00,3484.88,3497.98,3482.47,3497.38,20320.47,70939477.6522
1712005200000,2024-04-01T21:00:00+00:00,3497.38,3503.77,3485.23,3501.33,16605.16,58003860.8864
1712006100000,2024-04-01T21:15:00+00:00,3501.33,3504.57,3496.41,3500.22,16082.72,56288125.0037
1712007000000,2024-04-01T21:30:00+00:00,3500.22,3506.57,3487.59,3493.61,15965.88,55831707.4647
1712007900000,2024-04-01T21:45:00+00:00,3493.61,3498.66,3488.04,3494.34,17433.21,60890745.1338
1712008800000,2024-04-01T22:00:00+00:00,3494.34,3499.82,3491.54,3499.49,17149.42,59974368.0376
1712009700000,2024-04-01T22:15:00+00:00,3499.49,3502.16,3495.08,3501.01,17552.01,61410469.476
1712010600000,2024-04-01T22:30:00+00:00,3501.01,3512.85,3497.07,3510.48,21515,75366341.6526
1712011500000,2024-04-01T22:45:00+00:00,3510.48,3516.02,3503.97,3505.15,21847.93,76671543.4425
1712012400000,2024-04-01T23:00:00+00:00,3505.15,3514.37,3502.48,3514.37,18821.86,66048865.4862
1712013300000,2024-04-01T23:15:00+00:00,3514.37,3515,3510.55,3511.43,15352.77,53920010.9481
1712014200000,2024-04-01T23:30:00+00:00,3511.43,3516.23,3509.73,3510.88,13797.65,48474904.2399
1712015100000,2024-04-01T23:45:00+00:00,3510.88,3514.51,3503.45,3505.65,12964.18,45479744.6851
1712016000000,2024-04-02T00:00:00+00:00,3505.65,3507.33,3501.21,3504.34,14901.58,52222379.256
1712016900000,2024-04-02T00:15:00+00:00,3504.34,3505.52,3488.76,3497.03,15038.94,52577607.048
1712017800000,2024-04-02T00:30:00+00:00,3497.03,3501.07,3471.6,3480,12849.43,44759287.6896
1712018700000,2024-04-02T00:45:00+00:00,3480,3494.79,3475.57,3489.13,11554.87,40293744.3591
1712019600000,2024-04-02T01:00:00+00:00,3489.13,3505,3483.75,3501.2,11563.12,40435922.4507
1712020500000,2024-04-02T01:15:00+00:00,3501.2,3503.72,3492.36,3494.8,10035.87,35096641.5105
1712021400000,2024-04-02T01:30:00+00:00,3494.8,3498.9,3492.04,3498.75,10050.8,35130780.2506
1712022300000,2024-04-02T01:45:00+00:00,3498.75,3499.96,3488.73,3495.01,10173.78,35536490.6677
1712023200000,2024-04-02T02:00:00+00:00,3495.01,3495.01,3480.23,3483.66,13227.72,46121964.498
1712024100000,2024-04-02T02:15:00+00:00,3483.66,3486.15,3441.87,3443.43,14974.23,51958879.5148
1712025000000,2024-04-02T02:30:00+00:00,3443.43,3450.59,3312.67,3351.38,98529.76,331502580.6962
1712025900000,2024-04-02T02:45:00+00:00,3351.38,3377.77,3347.3,3366.93,27760.35,93431610.4394
1712026800000,2024-04-02T03:00:00+00:00,3366.93,3383.3,3360.65,3372.45,20111.52,67733286.0595
1712027700000,2024-04-02T03:15:00+00:00,3372.45,3375.57,3352.93,3366,19796.57,66629530.3984
1712028600000,2024-04-02T03:30:00+00:00,3366,3374.89,3356.89,3362.24,16867.58,56773642.938
1712029500000,2024-04-02T03:45:00+00:00,3362.24,3373.38,3360.37,3366.97,12602.59,42427732.443
1712030400000,2024-04-02T04:00:00+00:00,3366.97,3374.73,3354.54,3357.88,14110.71,47487989.3444
1712031300000,2024-04-02T04:15:00+00:00,3357.88,3368.33,3347.38,3368.33,17218.71,57828175.5449
1712032200000,2024-04-02T04:30:00+00:00,3368.33,3383.86,3362.65,3375.08,28667.93,96677796.8737
1712033100000,2024-04-02T04:45:00+00:00,3375.08,3376.05,3359.1,3365,16206.88,54549361.8499
1712034000000,2024-04-02T05:00:00+00:00,3365,3367.76,3356.23,3356.87,26265.59,88316449.9487
1712034900000,2024-04-02T05:15:00+00:00,3356.87,3356.87,3337.73,3353.31,20152.5,67499637.7635
1712035800000,2024-04-02T05:30:00+00:00,3353.31,3360.1,3347.79,3359.89,12292.42,41239327.4284
1712036700000,2024-04-02T05:45:00+00:00,3359.89,3379.85,3352.81,3370.3,18223.63,61341725.9966
1712037600000,2024-04-02T06:00:00+00:00,3370.3,3376,3367.54,3372.73,11131.01,37535718.4846
1712038500000,2024-04-02T06:15:00+00:00,3372.73,3378.25,3368.4,3375.1,9780.7,32997825.7646
1712039400000,2024-04-02T06:30:00+00:00,3375.1,3387.95,3370.59,3386.05,23509.98,79436571.7369
1712040300000,2024-04-02T06:45:00+00:00,3386.05,3389.7,3381.12,3383.38,18143.03,61416435.1205
1712041200000,2024-04-02T07:00:00+00:00,3383.38,3386.15,3379.25,3380.74,21049.52,71206528.1341
1712042100000,2024-04-02T07:15:00+00:00,3380.74,3389.15,3379.62,3384.5,22456.33,75999707.1308
1712043000000,2024-04-02T07:30:00+00:00,3384.5,3388.88,3371.13,3373.03,18496.87,62523523.2283
1712043900000,2024-04-02T07:45:00+00:00,3373.03,3375.9,3363.05,3363.56,16842.57,56738544.237
1712044800000,2024-04-02T08:00:00+00:00,3363.56,3373.19,3355,3358.49,16425.1,55261800.7803
1712045700000,2024-04-02T08:15:00+00:00,3358.49,3369.66,3354.06,3366.82,17407.73,58496480.6928
1712046600000,2024-04-02T08:30:00+00:00,3366.82,3371.87,3349.74,3354.99,11310.93,38024491.3449
1712047500000,2024-04-02T08:45:00+00:00,3354.99,3361.4,3327.66,3336.64,11359.01,37969417.5204
1712048400000,2024-04-02T09:00:00+00:00,3336.64,3345.57,3312.16,3340.62,17504.77,58233399.22
1712049300000,2024-04-02T09:15:00+00:00,3340.62,3353.91,3332.62,3343.07,12056.48,40331159.1272
1712050200000,2024-04-02T09:30:00+00:00,3343.07,3350.96,3334.07,3343.44,9552.05,31917592.3799
1712051100000,2024-04-02T09:45:00+00:00,3343.44,3355.42,3341.54,3347.41,9726.18,32570855.8114
1712052000000,2024-04-02T10:00:00+00:00,3347.41,3347.41,3326.9,3330.84,10116,33758218.8872
1712052900000,2024-04-02T10:15:00+00:00,3330.84,3351.34,3328.97,3343.97,10911.2,36482944.6368
1712053800000,2024-04-02T10:30:00+00:00,3343.97,3343.97,3321.75,3326.05,13366.6,44551417.5497
1712054700000,2024-04-02T10:45:00+00:00,3326.05,3334,3309.55,3330.01,18159.59,60338607.0719
1712055600000,2024-04-02T11:00:00+00:00,3330.01,3334,3303.45,3310,18560.44,61569481.8729
1712056500000,2024-04-02T11:15:00+00:00,3310,3315,3281.62,3286.34,25717.33,84780004.1394
1712057400000,2024-04-02T11:30:00+00:00,3286.34,3302.43,3277.8,3300.5,23725.63,78131087.0546
1712058300000,2024-04-02T11:45:00+00:00,3300.5,3311.87,3299.22,3311.16,23892.92,78991228.496
1712059200000,2024-04-02T12:00:00+00:00,3311.16,3321.86,3300.38,3316.61,21662.17,71716821.3106
1712060100000,2024-04-02T12:15:00+00:00,3316.61,3325.66,3316.5,3325.33,23600.23,78386241.0649
1712061000000,2024-04-02T12:30:00+00:00,3325.33,3325.88,3310.39,3314.21,19480.07,64666170.799
1712061900000,2024-04-02T12:45:00+00:00,3314.21,3314.49,3289.15,3298.61,20357.98,67263033.5879
1712062800000,2024-04-02T13:00:00+00:00,3298.61,3303.31,3281.24,3301.46,19952.61,65658550.5511
1712063700000,2024-04-02T13:15:00+00:00,3301.46,3309.14,3257.48,3265.75,35437.75,116205079.3013
1712064600000,2024-04-02T13:30:00+00:00,3265.75,3274.6,3233.85,3259.39,33922.35,110317798.6914
1712065500000,2024-04-02T13:45:00+00:00,3259.39,3275.61,3254.28,3271.78,18326.38,59864498.7243
1712066400000,2024-04-02T14:00:00+00:00,3271.78,3295.95,3270.78,3293.16,16323.67,53602442.8052
1712067300000,2024-04-02T14:15:00+00:00,3293.16,3309.93,3291.85,3306.52,17282.19,57043422.826
1712068200000,2024-04-02T14:30:00+00:00,3306.52,3319,3303.37,3313.27,14842.4,49163181.4086
1712069100000,2024-04-02T14:45:00+00:00,3313.27,3313.72,3286.47,3293.63,12744.25,42063151.9448
1712070000000,2024-04-02T15:00:00+00:00,3293.63,3312.04,3287.44,3301.75,13770.84,45478028.6096
1712070900000,2024-04-02T15:15:00+00:00,3301.75,3305.02,3291.23,3292.58,10863.79,35804537.49
1712071800000,2024-04-02T15:30:00+00:00,3292.58,3297.17,3260,3274.87,25483.69,83596265.7024
1712072700000,2024-04-02T15:45:00+00:00,3274.87,3277.8,3230.81,3240.01,31952.99,103989897.4226
1712073600000,2024-04-02T16:00:00+00:00,3240.01,3251.71,3210.59,3250.79,45778.6,148092129.6658
1712074500000,2024-04-02T16:15:00+00:00,3250.79,3250.79,3217.94,3247.11,35040.84,113264143.9066
1712075400000,2024-04-02T16:30:00+00:00,3247.11,3264.96,3244.34,3246.08,34405.97,112031628.3572
1712076300000,2024-04-02T16:45:00+00:00,3246.08,3271.44,3245.08,3262.69,25841.6,84289217.605
1712077200000,2024-04-02T17:00:00+00:00,3262.69,3273.47,3256.18,3261.06,19030.42,62117649.0499
1712078100000,2024-04-02T17:15:00+00:00,3261.06,3265.4,3245.18,3254.98,23697.81,77156960.3015
1712079000000,2024-04-02T17:30:00+00:00,3254.98,3263.3,3249.54,3259.96,21115.35,68759124.7103
1712079900000,2024-04-02T17:45:00+00:00,3259.96,3273.48,3250.44,3270.42,18096.96,58956696.2385
1712080800000,2024-04-02T18:00:00+00:00,3270.42,3281.09,3257.7,3265.48,18180.19,59353169.1399
1712081700000,2024-04-02T18:15:00+00:00,3265.48,3279.79,3264.57,3268.58,17826.77,58323223.6936
1712082600000,2024-04-02T18:30:00+00:00,3268.58,3271.03,3263.38,3268.83,21647.08,70715336.5252
1712083500000,2024-04-02T18:45:00+00:00,3268.83,3285.31,3266.82,3275.35,26084.3,85478155.5694
1712084400000,2024-04-02T19:00:00+00:00,3275.35,3284.48,3274.72,3278.83,23384.68,76709916.6166
1712085300000,2024-04-02T19:15:00+00:00,3278.83,3279.16,3265.6,3272.16,20698.93,67716600.9294
1712086200000,2024-04-02T19:30:00+00:00,3272.16,3282.48,3268.81,3282.48,22698.27,74377916.1478
1712087100000,2024-04-02T19:45:00+00:00,3282.48,3285.42,3269.27,3278.84,22990.59,75348951.8792
1712088000000,2024-04-02T20:00:00+00:00,3278.84,3297.13,3271.7,3292.98,29381.53,96499916.4179
1712088900000,2024-04-02T20:15:00+00:00,3292.98,3293.35,3281.02,3285.73,26541.38,87233666.7565
1712089800000,2024-04-02T20:30:00+00:00,3285.73,3286.1,3269.79,3274.04,23775.96,77910404.4623
1712090700000,2024-04-02T20:45:00+00:00,3274.04,3280.25,3258.69,3272.23,20002.11,65481552.5469
1712091600000,2024-04-02T21:00:00+00:00,3272.23,3275.36,3260.84,3268.91,20883.84,68257221.5083
1712092500000,2024-04-02T21:15:00+00:00,3268.91,3272.84,3240.71,3256.3,23294.83,75959841.3002
1712093400000,2024-04-02T21:30:00+00:00,3256.3,3271.69,3246.85,3269.27,18782.32,61199482.1556
1712094300000,2024-04-02T21:45:00+00:00,3269.27,3269.27,3257.16,3267.19,23260.96,75907393.7651
1712095200000,2024-04-02T22:00:00+00:00,3267.19,3273.18,3259.87,3272.5,20965.4,68505877.405
1712096100000,2024-04-02T22:15:00+00:00,3272.5,3275.46,3266.79,3274.5,25937.85,84848264.8938
1712097000000,2024-04-02T22:30:00+00:00,3274.5,3288.14,3274.5,3287.69,15118.43,49600253.2666
1712097900000,2024-04-02T22:45:00+00:00,3287.69,3303.48,3286.46,3299.2,16075.55,53007500.3841
1712098800000,2024-04-02T23:00:00+00:00,3299.2,3300.06,3289.34,3293,15039.78,49543679.7604
1712099700000,2024-04-02T23:15:00+00:00,3293,3306.18,3287.72,3291.77,16160.4,53268798.5343
1712100600000,2024-04-02T23:30:00+00:00,3291.77,3292.27,3272.94,3280.06,12204.09,40050560.6186
1712101500000,2024-04-02T23:45:00+00:00,3280.06,3281.23,3270.85,3278.18,13910.62,45584462.4986
1712102400000,2024-04-03T00:00:00+00:00,3278.18,3290.94,3275.02,3276.25,13877.29,45576524.9766
1712103300000,2024-04-03T00:15:00+00:00,3276.25,3289.57,3250.56,3253.76,15867.41,51912866.5356
1712104200000,2024-04-03T00:30:00+00:00,3253.76,3257.37,3201.07,3240.48,29931.85,96656538.6357
1712105100000,2024-04-03T00:45:00+00:00,3240.48,3279.18,3240.37,3278.77,26716.64,87102378.7736
1712106000000,2024-04-03T01:00:00+00:00,3278.77,3278.89,3256.69,3269.75,18926.14,61843035.9965
1712106900000,2024-04-03T01:15:00+00:00,3269.75,3290.97,3265.59,3276.16,19995.36,65513466.8407
1712107800000,2024-04-03T01:30:00+00:00,3276.16,3291.02,3275.21,3284.54,13396.03,43986208.998
1712108700000,2024-04-03T01:45:00+00:00,3284.54,3305.7,3281.87,3298.18,13738.82,45249513.3543
1712109600000,2024-04-03T02:00:00+00:00,3298.18,3313,3297.57,3298.25,14075.47,46527443.9498
1712110500000,2024-04-03T02:15:00+00:00,3298.25,3309.12,3294.58,3305.07,10159.73,33550948.1443
1712111400000,2024-04-03T02:30:00+00:00,3305.07,3306.82,3298.49,3301.55,22537.49,74416093.2716
1712112300000,2024-04-03T02:45:00+00:00,3301.55,3311.17,3301.55,3307.46,22522.47,74478871.5189
1712113200000,2024-04-03T03:00:00+00:00,3307.46,3309.18,3296.19,3302.32,24195.06,79862196.5163
1712114100000,2024-04-03T03:15:00+00:00,3302.32,3324.42,3302.13,3305.69,23791.02,78807967.0188
1712115000000,2024-04-03T03:30:00+00:00,3305.69,3317.26,3305.22,3315.75,17774.56,58883190.1214
1712115900000,2024-04-03T03:45:00+00:00,3315.75,3322.27,3311.06,3316.96,21023.09,69714490.497
1712116800000,2024-04-03T04:00:00+00:00,3316.96,3323.45,3310.14,3311.97,18859.95,62560755.8011
1712117700000,2024-04-03T04:15:00+00:00,3311.97,3321.39,3307.34,3319.36,23171.52,76826724.4902
1712118600000,2024-04-03T04:30:00+00:00,3319.36,3325.87,3312.99,3313.68,20036.18,66466001.9064
1712119500000,2024-04-03T04:45:00+00:00,3313.68,3318.38,3311.04,3315.93,24649.58,81740267.0822
1712120400000,2024-04-03T05:00:00+00:00,3315.93,3317.45,3309.37,3311.95,21212.8,70294097.3572
1712121300000,2024-04-03T05:15:00+00:00,3311.95,3314.38,3304.11,3311.8,33809.42,111882667.4987
1712122200000,2024-04-03T05:30:00+00:00,3311.8,3311.8,3296.96,3302.48,18008.46,59502012.1065
1712123100000,2024-04-03T05:45:00+00:00,3302.48,3304.62,3279.55,3294.08,29597.73,97422627.9197
1712124000000,2024-04-03T06:00:00+00:00,3294.08,3310,3290.98,3304.59,18640.9,61579343.4447
1712124900000,2024-04-03T06:15:00+00:00,3304.59,3312.99,3301.8,3311.33,19241.97,63636223.8788
1712125800000,2024-04-03T06:30:00+00:00,3311.33,3314.72,3303.75,3305.36,12525.64,41429714.3278
1712126700000,2024-04-03T06:45:00+00:00,3305.36,3311.72,3304.54,3310.68,10421.77,34484789.1697
1712127600000,2024-04-03T07:00:00+00:00,3310.68,3319.71,3301.03,3319,11832.34,39145180.2784
1712128500000,2024-04-03T07:15:00+00:00,3319,3319.88,3307.37,3311.04,10963.12,36337114.0349
1712129400000,2024-04-03T07:30:00+00:00,3311.04,3314.96,3306.41,3313.25,20892.71,69167325.4256
1712130300000,2024-04-03T07:45:00+00:00,3313.25,3313.43,3304.43,3305.85,25146.3,83216911.9332
1712131200000,2024-04-03T08:00:00+00:00,3305.85,3307.53,3290.15,3294.93,17466.85,57608634.4232
1712132100000,2024-04-03T08:15:00+00:00,3294.93,3311.39,3293.95,3309.72,21824.34,72075887.6237
1712133000000,2024-04-03T08:30:00+00:00,3309.72,3358,3309.72,3352.23,21142.99,70532106.694
1712133900000,2024-04-03T08:45:00+00:00,3352.23,3357.64,3340.69,3345.01,20012.34,66946328.0886
1712134800000,2024-04-03T09:00:00+00:00,3345.01,3355.77,3329.9,3333.96,15395.89,51458809.1899
1712135700000,2024-04-03T09:15:00+00:00,3333.96,3338.17,3330.61,3332.44,10910.8,36374861.0086
1712136600000,2024-04-03T09:30:00+00:00,3332.44,3345.43,3332.44,3339.35,18135.29,60580074.6427
1712137500000,2024-04-03T09:45:00+00:00,3339.35,3355.92,3332.52,3347.36,16987.43,56828788.7866
1712138400000,2024-04-03T10:00:00+00:00,3347.36,3349.14,3337.14,3338.57,13292.05,44425157.3136
1712139300000,2024-04-03T10:15:00+00:00,3338.57,3341.78,3328.82,3330.68,14386.08,48001531.2489
1712140200000,2024-04-03T10:30:00+00:00,3330.68,3333.66,3306.58,3315.67,17763.99,59020332.0419
1712141100000,2024-04-03T10:45:00+00:00,3315.67,3320.32,3308.3,3319.52,14283.24,47330019.1242
1712142000000,2024-04-03T11:00:00+00:00,3319.52,3320.45,3289.95,3300.98,22371.46,73968398.6455
1712142900000,2024-04-03T11:15:00+00:00,3300.98,3309.07,3297.31,3306.3,8762.69,28958061.8477
1712143800000,2024-04-03T11:30:00+00:00,3306.3,3317.46,3304.84,3311.44,14398.11,47683951.5275
1712144700000,2024-04-03T11:45:00+00:00,3311.44,3327.62,3302.51,3318.7,16707.73,55410882.0745
1712145600000,2024-04-03T12:00:00+00:00,3318.7,3329.6,3311.85,3324.12,15074.11,50048254.1882
1712146500000,2024-04-03T12:15:00+00:00,3324.12,3324.12,3311.13,3313.41,14432.36,47902627.0413
1712147400000,2024-04-03T12:30:00+00:00,3313.41,3314.18,3300.53,3307.26,14317.66,47346847.3337
1712148300000,2024-04-03T12:45:00+00:00,3307.26,3312.27,3303.13,3310.38,13414.04,44379144.0427
1712149200000,2024-04-03T13:00:00+00:00,3310.38,3320,3309.35,3312.19,13079.28,43361122.1221
1712150100000,2024-04-03T13:15:00+00:00,3312.19,3312.19,3292.86,3301.89,14750.08,48696028.5279
1712151000000,2024-04-03T13:30:00+00:00,3301.89,3316.19,3296.79,3305.85,22063.19,72994351.416
1712151900000,2024-04-03T13:45:00+00:00,3305.85,3318.52,3302.78,3312.2,19578.46,64830068.8334
1712152800000,2024-04-03T14:00:00+00:00,3312.2,3365.14,3312.2,3359.6,31596.98,105882323.9596
1712153700000,2024-04-03T14:15:00+00:00,3359.6,3362,3344.87,3356.56,26285.61,88124398.959
1712154600000,2024-04-03T14:30:00+00:00,3356.56,3360.41,3341.89,3348.08,11773.61,39479199.6141
1712155500000,2024-04-03T14:45:00+00:00,3348.08,3359.66,3344.86,3358.31,16054.37,53827723.8473
1712156400000,2024-04-03T15:00:00+00:00,3358.31,3359.44,3343.31,3350.37,15978.37,53521405.7173
1712157300000,2024-04-03T15:15:00+00:00,3350.37,3352.96,3339.3,3341.18,14268.83,47742788.6177
1712158200000,2024-04-03T15:30:00+00:00,3341.18,3342.24,3310.21,3326.12,33402.75,111027727.2867
1712159100000,2024-04-03T15:45:00+00:00,3326.12,3337.47,3322.87,3329.93,22845.78,76095044.6438
1712160000000,2024-04-03T16:00:00+00:00,3329.93,3348.07,3326.5,3347.3,22841.08,76313524.6409
1712160900000,2024-04-03T16:15:00+00:00,3347.3,3359.35,3342.67,3355,27325.75,91600059.5238
1712161800000,2024-04-03T16:30:00+00:00,3355,3369.12,3346.62,3357.69,28789.51,96629711.1429
1712162700000,2024-04-03T16:45:00+00:00,3357.69,3362.47,3349.72,3350,25615.94,85930406.9878
1712163600000,2024-04-03T17:00:00+00:00,3350,3358.5,3338.6,3346.18,25859.48,86562637.9653
1712164500000,2024-04-03T17:15:00+00:00,3346.18,3347,3327.19,3329.11,20545,68611028.2462
1712165400000,2024-04-03T17:30:00+00:00,3329.11,3329.11,3309.16,3326.15,25179.15,83570382.8222
1712166300000,2024-04-03T17:45:00+00:00,3326.15,3331.97,3320.26,3325.12,16625.99,55311662.5319
1712167200000,2024-04-03T18:00:00+00:00,3325.12,3326.7,3302.4,3309.87,29134.78,96582844.649
1712168100000,2024-04-03T18:15:00+00:00,3309.87,3313.28,3281.04,3290.18,27497.49,90639634.4716
1712169000000,2024-04-03T18:30:00+00:00,3290.18,3309.88,3284.94,3309.51,18182.76,59959531.9621
1712169900000,2024-04-03T18:45:00+00:00,3309.51,3334.93,3304.06,3334.91,17489.05,58148063.1228
1712170800000,2024-04-03T19:00:00+00:00,3334.91,3342.58,3313.31,3314.18,18531.35,61647746.2178
1712171700000,2024-04-03T19:15:00+00:00,3314.18,3320.9,3311.33,3319.37,14739.66,48889891.105
1712172600000,2024-04-03T19:30:00+00:00,3319.37,3323.79,3313.72,3319.31,11080.42,36763094.1731
1712173500000,2024-04-03T19:45:00+00:00,3319.31,3323.09,3314.66,3314.66,11720.77,38897003.0164
1712174400000,2024-04-03T20:00:00+00:00,3314.66,3316.14,3300.36,3308.88,13233.29,43756764.7411
1712175300000,2024-04-03T20:15:00+00:00,3308.88,3309.39,3303.41,3304.6,10976.59,36297836.8631
1712176200000,2024-04-03T20:30:00+00:00,3304.6,3304.6,3294.32,3295.2,18047.66,59517564.7019
1712177100000,2024-04-03T20:45:00+00:00,3295.2,3309.54,3295.2,3306.06,22465.59,74230760.9966
1712178000000,2024-04-03T21:00:00+00:00,3306.06,3306.36,3289.38,3298.26,29596.62,97546961.6355
1712178900000,2024-04-03T21:15:00+00:00,3298.26,3304.45,3292.03,3297.91,22823.44,75299644.7667
1712179800000,2024-04-03T21:30:00+00:00,3297.91,3309.7,3297.52,3301.24,22620.83,74707550.7921
1712180700000,2024-04-03T21:45:00+00:00,3301.24,3320.47,3300.52,3318.56,27597.81,91380375.2738
1712181600000,2024-04-03T22:00:00+00:00,3318.56,3322.4,3315.81,3319.71,20294.04,67374781.3685
1712182500000,2024-04-03T22:15:00+00:00,3319.71,3321.53,3313.41,3318.37,23977.2,79551542.3096
1712183400000,2024-04-03T22:30:00+00:00,3318.37,3318.56,3309.47,3313.9,18579.98,61571144.9731
1712184300000,2024-04-03T22:45:00+00:00,3313.9,3322.03,3310.52,3318.84,13461.73,44645880.5397
1712185200000,2024-04-03T23:00:00+00:00,3318.84,3325.95,3316.91,3323.83,14429.99,47926710.6944
1712186100000,2024-04-03T23:15:00+00:00,3323.83,3324.79,3316.31,3316.82,14276.18,47399155.053
1712187000000,2024-04-03T23:30:00+00:00,3316.82,3319.83,3313.28,3319.49,19796.17,65659005.3242
1712187900000,2024-04-03T23:45:00+00:00,3319.49,3320.99,3310.72,3311.9,19127.92,63440629.6556
1712188800000,2024-04-04T00:00:00+00:00,3311.9,3321.72,3303.47,3321.72,22610.27,74882168.2435
1712189700000,2024-04-04T00:15:00+00:00,3321.72,3328.6,3315.34,3323.95,21063.71,69995293.4224
1712190600000,2024-04-04T00:30:00+00:00,3323.95,3329.8,3317.12,3327.53,10761.92,35757837.593
1712191500000,2024-04-04T00:45:00+00:00,3327.53,3334.16,3325.03,3327.99,8222.25,27369705.5246
1712192400000,2024-04-04T01:00:00+00:00,3327.99,3333.93,3321.26,3332.09,10203.22,33930931.62
1712193300000,2024-04-04T01:15:00+00:00,3332.09,3334.07,3325.57,3326.55,10270.87,34199581.8623
1712194200000,2024-04-04T01:30:00+00:00,3326.55,3327.96,3317.15,3322.22,10513.58,34938939.1194
1712195100000,2024-04-04T01:45:00+00:00,3322.22,3323.97,3311.88,3322.11,12551.63,41661540.6442
1712196000000,2024-04-04T02:00:00+00:00,3322.11,3322.29,3310.87,3314.91,12040.58,39930944.6943
1712196900000,2024-04-04T02:15:00+00:00,3314.91,3316.2,3272.01,3274.83,16301.59,53757660.8405
1712197800000,2024-04-04T02:30:00+00:00,3274.83,3287.28,3264.07,3277.33,26517.96,86931956.0578
1712198700000,2024-04-04T02:45:00+00:00,3277.33,3285.53,3273.96,3274.32,23629.03,77515578.9926
1712199600000,2024-04-04T03:00:00+00:00,3274.32,3279.3,3261.15,3269.79,23868.41,78038696.4788
1712200500000,2024-04-04T03:15:00+00:00,3269.79,3287.16,3268.5,3276.1,24738.28,81095753.7474
1712201400000,2024-04-04T03:30:00+00:00,3276.1,3284.78,3275.55,3278.59,15885.86,52108529.8545
1712202300000,2024-04-04T03:45:00+00:00,3278.59,3285.16,3273,3274.59,15828.7,51913711.7182
1712203200000,2024-04-04T04:00:00+00:00,3274.59,3278.37,3263.47,3265.8,20573.93,67249069.1016
1712204100000,2024-04-04T04:15:00+00:00,3265.8,3269.77,3250.85,3267.15,22872.9,74537971.9486
1712205000000,2024-04-04T04:30:00+00:00,3267.15,3293.99,3265.16,3284.85,19359.04,63467709.9081
1712205900000,2024-04-04T04:45:00+00:00,3284.85,3289.77,3284,3287.46,20228.74,66499563.3083
1712206800000,2024-04-04T05:00:00+00:00,3287.46,3294.81,3281.22,3292.98,19450.94,63943911.1692
1712207700000,2024-04-04T05:15:00+00:00,3292.98,3293.33,3284.98,3286.67,20684.18,68005870.6399
1712208600000,2024-04-04T05:30:00+00:00,3286.67,3292.5,3282.87,3291.8,19565.1,64334582.1089
1712209500000,2024-04-04T05:45:00+00:00,3291.8,3308.12,3289.31,3296.25,20339.99,67053638.2294
1712210400000,2024-04-04T06:00:00+00:00,3296.25,3307.5,3294.23,3307.5,20224.23,66788616.1367
1712211300000,2024-04-04T06:15:00+00:00,3307.5,3307.77,3300.19,3304,16357.18,54049532.1862
1712212200000,2024-04-04T06:30:00+00:00,3304,3313,3302.3,3310,19567,64750217.4303
1712213100000,2024-04-04T06:45:00+00:00,3310,3313.45,3307.07,3311.59,21163.17,70055952.3364
1712214000000,2024-04-04T07:00:00+00:00,3311.59,3330.59,3302.39,3330.03,24073.96,79773738.8122
1712214900000,2024-04-04T07:15:00+00:00,3330.03,3333.99,3324.89,3330.1,20165.96,67133501.4821
1712215800000,2024-04-04T07:30:00+00:00,3330.1,3334.14,3323.36,3327.49,22684.9,75529332.0138
1712216700000,2024-04-04T07:45:00+00:00,3327.49,3327.85,3317.38,3323.37,28498.99,94668681.5841
1712217600000,2024-04-04T08:00:00+00:00,3323.37,3337.7,3319.82,3337.02,23767.01,79081025.8292
1712218500000,2024-04-04T08:15:00+00:00,3337.02,3337.02,3328.14,3329.8,28496.33,94957623.8054
1712219400000,2024-04-04T08:30:00+00:00,3329.8,3331.91,3326.94,3330.07,12858.89,42807882.2388
1712220300000,2024-04-04T08:45:00+00:00,3330.07,3335.14,3329.01,3332.58,10157.67,33846039.6339
1712221200000,2024-04-04T09:00:00+00:00,3332.58,3343.1,3332.48,3333.81,8649.4,28861973.4787
1712222100000,2024-04-04T09:15:00+00:00,3333.81,3336.09,3329.3,3335.68,10155.1,33839993.6915
1712223000000,2024-04-04T09:30:00+00:00,3335.68,3341.95,3333,3336.39,8600.89,28695508.3079
1712223900000,2024-04-04T09:45:00+00:00,3336.39,3341.39,3334.45,3339.28,7900.8,26367989.9154
1712224800000,2024-04-04T10:00:00+00:00,3339.28,3341.75,3331.03,3334.08,9606.65,32045015.2958
1712225700000,2024-04-04T10:15:00+00:00,3334.08,3357,3333.01,3348.19,11687.87,39127840.8869
1712226600000,2024-04-04T10:30:00+00:00,3348.19,3349.47,3342.32,3345.62,20107.5,67276247.6326
1712227500000,2024-04-04T10:45:00+00:00,3345.62,3349.99,3339.87,3342.83,20697.93,69250360.1611
1712228400000,2024-04-04T11:00:00+00:00,3342.83,3343.67,3334.65,3336.14,16945.77,56609631.0214
1712229300000,2024-04-04T11:15:00+00:00,3336.14,3344.14,3335.48,3342.28,19536.89,65269675.7184
1712230200000,2024-04-04T11:30:00+00:00,3342.28,3350.49,3342.28,3348.27,16619.78,55603726.9772
1712231100000,2024-04-04T11:45:00+00:00,3348.27,3348.91,3339.82,3341.54,17280.97,57801147.9691
1712232000000,2024-04-04T12:00:00+00:00,3341.54,3351.17,3339.42,3348.04,19609.48,65569607.3561
1712232900000,2024-04-04T12:15:00+00:00,3348.04,3351.8,3343.17,3348.68,16490.08,55192462.8425
1712233800000,2024-04-04T12:30:00+00:00,3348.68,3351.76,3344.24,3350.86,14693.96,49205206.4026
1712234700000,2024-04-04T12:45:00+00:00,3350.86,3355,3346.16,3347.76,10130.43,33941957.0621
1712235600000,2024-04-04T13:00:00+00:00,3347.76,3362.46,3347.44,3361.92,12863.99,43166583.2618
1712236500000,2024-04-04T13:15:00+00:00,3361.92,3382.16,3357.61,3365.31,20894.15,70444222.4707
1712237400000,2024-04-04T13:30:00+00:00,3365.31,3376.44,3359.11,3372.86,21759.92,73267938.4294
1712238300000,2024-04-04T13:45:00+00:00,3372.86,3375.16,3364.49,3367,19286.52,64993771.4086
1712239200000,2024-04-04T14:00:00+00:00,3367,3386.64,3359.64,3377.96,20844.43,70283872.5824
1712240100000,2024-04-04T14:15:00+00:00,3377.96,3381.01,3365.11,3369.05,23807.41,80289735.9108
1712241000000,2024-04-04T14:30:00+00:00,3369.05,3387.9,3365.45,3387,15283.08,51601141.69
1712241900000,2024-04-04T14:45:00+00:00,3387,3396.03,3380.59,3380.93,16121.42,54632332.0042
1712242800000,2024-04-04T15:00:00+00:00,3380.93,3383.77,3376.23,3380.25,14304.47,48342628.3177
1712243700000,2024-04-04T15:15:00+00:00,3380.25,3384.1,3372,3378.69,14847.53,50151561.7086
1712244600000,2024-04-04T15:30:00+00:00,3378.69,3378.69,3367.59,3371.36,18277.39,61638256.8195
1712245500000,2024-04-04T15:45:00+00:00,3371.36,3373.1,3360.03,3364,20050.93,67532674.918
1712246400000,2024-04-04T16:00:00+00:00,3364,3373.41,3361.49,3373.41,19976.74,67244420.6715
1712247300000,2024-04-04T16:15:00+00:00,3373.41,3393.87,3372.47,3379.22,22835.27,77208463.3199
1712248200000,2024-04-04T16:30:00+00:00,3379.22,3385.63,3373.98,3375.44,14689.62,49632698.401
1712249100000,2024-04-04T16:45:00+00:00,3375.44,3384.62,3374.5,3375.54,14160.72,47852675.864
1712250000000,2024-04-04T17:00:00+00:00,3375.54,3381.04,3371.61,3377.17,16920.26,57142637.7245
1712250900000,2024-04-04T17:15:00+00:00,3377.17,3378.94,3374.01,3377.19,14978.77,50572709.1409
1712251800000,2024-04-04T17:30:00+00:00,3377.19,3390.73,3375.68,3382.07,18447.21,62409253.0229
1712252700000,2024-04-04T17:45:00+00:00,3382.07,3420.46,3382.07,3413.09,31844.28,108391149.29
1712253600000,2024-04-04T18:00:00+00:00,3413.09,3444.28,3410.33,3414.67,28434.44,97394940.5621
1712254500000,2024-04-04T18:15:00+00:00,3414.67,3426.91,3405,3406.58,20259.37,69215770.2565
1712255400000,2024-04-04T18:30:00+00:00,3406.58,3406.58,3387.6,3393.65,15677.07,53238261.0636
1712256300000,2024-04-04T18:45:00+00:00,3393.65,3399.31,3376.36,3380.02,13953.14,47260070.0469
1712257200000,2024-04-04T19:00:00+00:00,3380.02,3380.02,3366.82,3371.82,21104.89,71189375.0382
1712258100000,2024-04-04T19:15:00+00:00,3371.82,3379,3360.64,3374.2,13600.73,45855682.4685
1712259000000,2024-04-04T19:30:00+00:00,3374.2,3386.65,3369.91,3373.19,23150.41,78211186.0319
1712259900000,2024-04-04T19:45:00+00:00,3373.19,3375.07,3360.81,3365.04,19836.84,66858809.9227
1712260800000,2024-04-04T20:00:00+00:00,3365.04,3370.39,3287.45,3302.96,37456.65,124509806.9688
1712261700000,2024-04-04T20:15:00+00:00,3302.96,3309.79,3277.08,3309.39,35816.9,117742876.2917
1712262600000,2024-04-04T20:30:00+00:00,3309.39,3338.28,3309.03,3323.17,30011.57,99783654.7253
1712263500000,2024-04-04T20:45:00+00:00,3323.17,3329.84,3318.92,3325.74,18385.74,61139480.6558
1712264400000,2024-04-04T21:00:00+00:00,3325.74,3338.27,3322.11,3333.75,18989.52,63263568.5522
1712265300000,2024-04-04T21:15:00+00:00,3333.75,3334.17,3323.92,3332.88,16282.78,54213253.5071
1712266200000,2024-04-04T21:30:00+00:00,3332.88,3333.52,3299.21,3313.99,20289.88,67368386.1058
1712267100000,2024-04-04T21:45:00+00:00,3313.99,3324.71,3308.83,3321.88,23553.48,78140643.549
1712268000000,2024-04-04T22:00:00+00:00,3321.88,3323.31,3308.13,3316.85,18031.55,59784485.2654
1712268900000,2024-04-04T22:15:00+00:00,3316.85,3329.78,3313.73,3325.69,21127.03,70240399.5148
1712269800000,2024-04-04T22:30:00+00:00,3325.69,3331.58,3321.76,3322.74,18737.69,62333618.9673
1712270700000,2024-04-04T22:45:00+00:00,3322.74,3324.4,3310,3313.24,17639.84,58480895.3905
1712271600000,2024-04-04T23:00:00+00:00,3313.24,3332.49,3309.53,3330.18,20126.2,66790928.3216
1712272500000,2024-04-04T23:15:00+00:00,3330.18,3336.87,3319.49,3321.93,18362.72,61074407.4632
1712273400000,2024-04-04T23:30:00+00:00,3321.93,3330,3321.17,3330,12892.28,42868575.0199
1712274300000,2024-04-04T23:45:00+00:00,3330,3332.89,3324.87,3328.63,13151.17,43777492.7668
1712275200000,2024-04-05T00:00:00+00:00,3328.63,3328.78,3315.68,3322.23,17037.86,56596188.0581
1712276100000,2024-04-05T00:15:00+00:00,3322.23,3328.38,3313.01,3313.5,15967.69,52988902.2623
1712277000000,2024-04-05T00:30:00+00:00,3313.5,3319.03,3308.66,3314.79,15313.22,50749484.6199
1712277900000,2024-04-05T00:45:00+00:00,3314.79,3336.6,3314.27,3329.99,18396.45,61152638.6659
1712278800000,2024-04-05T01:00:00+00:00,3329.99,3330.66,3321.22,3322.35,14647.87,48702203.0725
1712279700000,2024-04-05T01:15:00+00:00,3322.35,3323.17,3291.6,3303.47,20789.21,68762438.1337
1712280600000,2024-04-05T01:30:00+00:00,3303.47,3305.8,3285.62,3305.28,23858.65,78630123.5432
1712281500000,2024-04-05T01:45:00+00:00,3305.28,3309.52,3299.54,3300.99,18015.8,59507404.0487
1712282400000,2024-04-05T02:00:00+00:00,3300.99,3301.02,3285.46,3293.51,19311.45,63559084.9952
1712283300000,2024-04-05T02:15:00+00:00,3293.51,3294.56,3273.08,3286.76,19733,64850628.0489
1712284200000,2024-04-05T02:30:00+00:00,3286.76,3289.85,3251.18,3261.31,28031.23,91566596.0643
1712285100000,2024-04-05T02:45:00+00:00,3261.31,3271.99,3253.08,3266.88,17690.53,57778132.9241
1712286000000,2024-04-05T03:00:00+00:00,3266.88,3282.95,3264.13,3282.1,16745.07,54854347.2365
1712286900000,2024-04-05T03:15:00+00:00,3282.1,3295.05,3281.04,3293.86,18224.57,59917143.8008
1712287800000,2024-04-05T03:30:00+00:00,3293.86,3301,3291.52,3299.63,18667.39,61524320.8733
1712288700000,2024-04-05T03:45:00+00:00,3299.63,3311.19,3296.29,3308.54,21850,72194838.8275
1712289600000,2024-04-05T04:00:00+00:00,3308.54,3318.81,3304.84,3317.64,23483.28,77740856.0768
1712290500000,2024-04-05T04:15:00+00:00,3317.64,3317.97,3301.13,3303.27,19937.5,65962610.0138
1712291400000,2024-04-05T04:30:00+00:00,3303.27,3303.58,3278.84,3279.39,16605.82,54672896.3175
1712292300000,2024-04-05T04:45:00+00:00,3279.39,3298.84,3275.43,3295.8,15648.61,51483713.1652
1712293200000,2024-04-05T05:00:00+00:00,3295.8,3296.61,3275.23,3276.19,15383.36,50564542.6455
1712294100000,2024-04-05T05:15:00+00:00,3276.19,3280.87,3240.14,3257.14,24316.87,79137490.0888
1712295000000,2024-04-05T05:30:00+00:00,3257.14,3272,3255.44,3271.36,26337.73,85999425.3253
1712295900000,2024-04-05T05:45:00+00:00,3271.36,3278.49,3266.84,3273,20696.75,67760862.1279
1712296800000,2024-04-05T06:00:00+00:00,3273,3280.19,3269,3279.1,16091.7,52702070.5404
1712297700000,2024-04-05T06:15:00+00:00,3279.1,3286.61,3275.08,3286.61,21705.87,71199607.4586
1712298600000,2024-04-05T06:30:00+00:00,3286.61,3291.54,3284.1,3284.88,22518.71,74027849.5778
1712299500000,2024-04-05T06:45:00+00:00,3284.88,3289.92,3272.82,3287.84,20355.71,66806669.3386
1712300400000,2024-04-05T07:00:00+00:00,3287.84,3287.84,3272.84,3285.04,20560.01,67461435.1744
1712301300000,2024-04-05T07:15:00+00:00,3285.04,3289,3281.14,3287.09,23082.64,75810350.9222
1712302200000,2024-04-05T07:30:00+00:00,3287.09,3291.38,3279.46,3284.2,10308.31,33860730.3336
1712303100000,2024-04-05T07:45:00+00:00,3284.2,3287.85,3280.1,3286.24,7429.6,24406846.2711
1712304000000,2024-04-05T08:00:00+00:00,3286.24,3298.09,3284.16,3293.9,10971.14,36093264.753
1712304900000,2024-04-05T08:15:00+00:00,3293.9,3313.54,3289.66,3300.34,11410.79,37664980.3281
1712305800000,2024-04-05T08:30:00+00:00,3300.34,3300.46,3282.98,3286.45,11789.25,38798858.2765
1712306700000,2024-04-05T08:45:00+00:00,3286.45,3292.32,3276.47,3285.04,13096.13,43002018.8599
1712307600000,2024-04-05T09:00:00+00:00,3285.04,3285.2,3259.38,3277.12,12300.65,40265237.2141
1712308500000,2024-04-05T09:15:00+00:00,3277.12,3277.29,3252.11,3266.51,13858.09,45217536.4407
1712309400000,2024-04-05T09:30:00+00:00,3266.51,3274.12,3259.57,3270.6,16463.21,53786170.8384
1712310300000,2024-04-05T09:45:00+00:00,3270.6,3280.19,3264.64,3277.17,13860.94,45367321.3833
1712311200000,2024-04-05T10:00:00+00:00,3277.17,3284.12,3270.39,3282.4,14306.14,46873830.2352
1712312100000,2024-04-05T10:15:00+00:00,3282.4,3283.63,3259.02,3263.9,14678.8,47997869.9344
1712313000000,2024-04-05T10:30:00+00:00,3263.9,3280.21,3254.55,3279.43,17816.13,58168736.0602
1712313900000,2024-04-05T10:45:00+00:00,3279.43,3281.63,3270.92,3275.91,17168.52,56242820.0802
1712314800000,2024-04-05T11:00:00+00:00,3275.91,3279.2,3264.66,3269.1,19657.06,64314029.1767
1712315700000,2024-04-05T11:15:00+00:00,3269.1,3275.09,3262.48,3263.29,16302.01,53303159.5009
1712316600000,2024-04-05T11:30:00+00:00,3263.29,3270.11,3251.36,3263.1,26008.83,84811932.0168
1712317500000,2024-04-05T11:45:00+00:00,3263.1,3264.03,3234.93,3243.5,26363.55,85646356.4244
1712318400000,2024-04-05T12:00:00+00:00,3243.5,3247.84,3207.06,3238.44,47371.99,153025950.5432
1712319300000,2024-04-05T12:15:00+00:00,3238.44,3252.67,3234.97,3250.85,31004.15,100593049.8945
1712320200000,2024-04-05T12:30:00+00:00,3250.85,3250.85,3215.65,3237.39,37728.08,121770781.6851
1712321100000,2024-04-05T12:45:00+00:00,3237.39,3265,3236.54,3260.8,22061.25,71650481.5983
1712322000000,2024-04-05T13:00:00+00:00,3260.8,3261.88,3233.57,3245.05,22140.62,71858220.9402
1712322900000,2024-04-05T13:15:00+00:00,3245.05,3259.62,3236.67,3257.34,24092.8,78244620.6052
1712323800000,2024-04-05T13:30:00+00:00,3257.34,3279,3256.07,3275.77,19526.1,63800844.0935
1712324700000,2024-04-05T13:45:00+00:00,3275.77,3288.91,3274.98,3283.49,17965.53,58986235.9451
1712325600000,2024-04-05T14:00:00+00:00,3283.49,3308.39,3275.04,3307.83,22886.17,75264027.8637
1712326500000,2024-04-05T14:15:00+00:00,3307.83,3311.42,3285.89,3289.24,22336.88,73711261.2147
1712327400000,2024-04-05T14:30:00+00:00,3289.24,3317.81,3282,3313.79,21352.8,70400250.7931
1712328300000,2024-04-05T14:45:00+00:00,3313.79,3330.36,3311.56,3319.8,13955.91,46354449.6301
1712329200000,2024-04-05T15:00:00+00:00,3319.8,3325.2,3302.44,3317.35,18720.24,62010138.3499
1712330100000,2024-04-05T15:15:00+00:00,3317.35,3317.35,3301.14,3307,16210.01,53574300.2873
1712331000000,2024-04-05T15:30:00+00:00,3307,3327.74,3302.4,3323.9,12718,42151458.8641
1712331900000,2024-04-05T15:45:00+00:00,3323.9,3329.87,3312.2,3326.68,14119.72,46877366.1182
1712332800000,2024-04-05T16:00:00+00:00,3326.68,3334.47,3312.38,3316,29293.14,97360004.9743
1712333700000,2024-04-05T16:15:00+00:00,3316,3326.12,3312.51,3321.59,12883.71,42772053.4772
1712334600000,2024-04-05T16:30:00+00:00,3321.59,3325.11,3315.17,3322.63,12085.77,40134377.7717
1712335500000,2024-04-05T16:45:00+00:00,3322.63,3323.17,3316.62,3321.54,10558.25,35050336.0722
1712336400000,2024-04-05T17:00:00+00:00,3321.54,3325.5,3307.73,3316.61,12460.46,41333745.8558
1712337300000,2024-04-05T17:15:00+00:00,3316.61,3329.85,3315.33,3323.65,14970.3,49751238.7634
1712338200000,2024-04-05T17:30:00+00:00,3323.65,3331.17,3319.49,3321.41,17408.27,57909565.3269
1712339100000,2024-04-05T17:45:00+00:00,3321.41,3321.41,3310.53,3313.4,24909.66,82601628.6095
1712340000000,2024-04-05T18:00:00+00:00,3313.4,3325.48,3306.52,3322.85,22511.54,74654967.4774
1712340900000,2024-04-05T18:15:00+00:00,3322.85,3334.9,3319.04,3323,20027.9,66603692.952
1712341800000,2024-04-05T18:30:00+00:00,3323,3337.66,3321.82,3325.65,13569.87,45146118.9981
1712342700000,2024-04-05T18:45:00+00:00,3325.65,3330.67,3322.49,3327.47,17209.17,57257831.77
1712343600000,2024-04-05T19:00:00+00:00,3327.47,3344.78,3327.47,3330.52,16092.42,53684273.9226
1712344500000,2024-04-05T19:15:00+00:00,3330.52,3338.39,3330.3,3333.73,17087.42,56948679.6922
1712345400000,2024-04-05T19:30:00+00:00,3333.73,3348.94,3327.17,3327.39,23028.58,76851779.4668
1712346300000,2024-04-05T19:45:00+00:00,3327.39,3332.25,3319.3,3320.59,18768.41,62429689.043
1712347200000,2024-04-05T20:00:00+00:00,3320.59,3330.55,3317.85,3328.73,20683.81,68744228.4775
1712348100000,2024-04-05T20:15:00+00:00,3328.73,3334.49,3321.12,3334.49,19965.27,66440770.2654
1712349000000,2024-04-05T20:30:00+00:00,3334.49,3346.78,3331.21,3336.15,20903.51,69801558.0688
1712349900000,2024-04-05T20:45:00+00:00,3336.15,3339.03,3333.39,3335.4,14435.88,48163066.234
1712350800000,2024-04-05T21:00:00+00:00,3335.4,3336.88,3327.95,3331.38,16868.19,56226264.1147
1712351700000,2024-04-05T21:15:00+00:00,3331.38,3341.92,3330.02,3339.42,18420.01,61472135.21
1712352600000,2024-04-05T21:30:00+00:00,3339.42,3344.42,3330.77,3332.42,9951.85,33194253.1694
1712353500000,2024-04-05T21:45:00+00:00,3332.42,3335.63,3321.88,3322.37,12277.73,40864372.7864
1712354400000,2024-04-05T22:00:00+00:00,3322.37,3329.17,3321.51,3325.24,13618.23,45305128.4968
1712355300000,2024-04-05T22:15:00+00:00,3325.24,3327.92,3323.99,3325.17,8106.83,26963257.2641
1712356200000,2024-04-05T22:30:00+00:00,3325.17,3328.06,3320.52,3327.04,21915.07,72857543.3341
1712357100000,2024-04-05T22:45:00+00:00,3327.04,3327.28,3309.95,3315.23,24333.77,80826788.2226
1712358000000,2024-04-05T23:00:00+00:00,3315.23,3327.77,3314.79,3327.58,20929.26,69508556.414
1712358900000,2024-04-05T23:15:00+00:00,3327.58,3329.55,3321.01,3322.87,23384.52,77714871.3831
1712359800000,2024-04-05T23:30:00+00:00,3322.87,3325.27,3320.69,3324.08,13512.26,44908577.3379
1712360700000,2024-04-05T23:45:00+00:00,3324.08,3325.99,3316.33,3318.23,17198.79,57136018.7946
1712361600000,2024-04-06T00:00:00+00:00,3318.23,3319.99,3311.16,3316.72,18133.29,60113416.2414
1712362500000,2024-04-06T00:15:00+00:00,3316.72,3322.77,3312.73,3322.33,16725.41,55517691.3644
1712363400000,2024-04-06T00:30:00+00:00,3322.33,3338.66,3322.26,3331.39,12057.08,40152544.2247
1712364300000,2024-04-06T00:45:00+00:00,3331.39,3333.18,3322.9,3324.11,13063.12,43478289.801
1712365200000,2024-04-06T01:00:00+00:00,3324.11,3328.81,3319.26,3320.83,10736.83,35689228.4538
1712366100000,2024-04-06T01:15:00+00:00,3320.83,3331.09,3319.82,3326.36,12742.95,42408925.2838
1712367000000,2024-04-06T01:30:00+00:00,3326.36,3330.1,3321.44,3325.22,11715.61,38954116.3648
1712367900000,2024-04-06T01:45:00+00:00,3325.22,3326.88,3313.54,3318.54,10129.37,33620991.1126
1712368800000,2024-04-06T02:00:00+00:00,3318.54,3324.43,3317.51,3318.48,11045.46,36670396.7843
1712369700000,2024-04-06T02:15:00+00:00,3318.48,3321.73,3315.39,3317.39,10999.34,36503699.3712
1712370600000,2024-04-06T02:30:00+00:00,3317.39,3324.06,3306.49,3321.16,17231.39,57124660.6754
1712371500000,2024-04-06T02:45:00+00:00,3321.16,3326.81,3319.66,3321.16,18698.09,62133140.6008
1712372400000,2024-04-06T03:00:00+00:00,3321.16,3329.37,3321.16,3329.13,14398.92,47904426.3371
1712373300000,2024-04-06T03:15:00+00:00,3329.13,3347.15,3328.16,3337.96,19817.3,66140500.9115
1712374200000,2024-04-06T03:30:00+00:00,3337.96,3339.58,3328.52,3329.72,21835.92,72799197.6568
1712375100000,2024-04-06T03:45:00+00:00,3329.72,3333.56,3326.57,3331.63,15882.57,52898038.0772
1712376000000,2024-04-06T04:00:00+00:00,3331.63,3338.07,3330.99,3331.15,16366.27,54562762.9123
1712376900000,2024-04-06T04:15:00+00:00,3331.15,3332.44,3324.96,3324.96,15021.84,50009115.41
1712377800000,2024-04-06T04:30:00+00:00,3324.96,3329.93,3324,3325.1,15742.58,52359344.3381
1712378700000,2024-04-06T04:45:00+00:00,3325.1,3331.7,3320.73,3329.55,16971.24,56448289.4197
1712379600000,2024-04-06T05:00:00+00:00,3329.55,3342.74,3326.65,3341.58,14544.36,48504880.9569
1712380500000,2024-04-06T05:15:00+00:00,3341.58,3348.26,3335.83,3344.57,14641.81,48923172.0033
1712381400000,2024-04-06T05:30:00+00:00,3344.57,3353,3340.33,3340.4,9851.68,32947697.1672
1712382300000,2024-04-06T05:45:00+00:00,3340.4,3341.55,3332.45,3336.82,10919.54,36430068.3178
1712383200000,2024-04-06T06:00:00+00:00,3336.82,3339.25,3332.43,3336.08,9889.44,32983277.8594
1712384100000,2024-04-06T06:15:00+00:00,3336.08,3341.24,3335,3339.48,11275.05,37637219.1153
1712385000000,2024-04-06T06:30:00+00:00,3339.48,3345.73,3338.41,3343.53,16938.01,56616978.7221
1712385900000,2024-04-06T06:45:00+00:00,3343.53,3347.55,3341,3343.18,15052.29,50329990.2568
1712386800000,2024-04-06T07:00:00+00:00,3343.18,3343.58,3333.43,3335.82,19867.82,66341325.1729
1712387700000,2024-04-06T07:15:00+00:00,3335.82,3337.09,3328.82,3330.07,20959.84,69838590.8531
1712388600000,2024-04-06T07:30:00+00:00,3330.07,3333.69,3327.82,3330.47,16230.66,54063647.9493
1712389500000,2024-04-06T07:45:00+00:00,3330.47,3337.3,3329.41,3330.72,15784.16,52607157.0542
1712390400000,2024-04-06T08:00:00+00:00,3330.72,3336.59,3325.19,3331.28,14655.39,48828622.0991
1712391300000,2024-04-06T08:15:00+00:00,3331.28,3332.96,3326.01,3332.26,15139.86,50414311.7075
1712392200000,2024-04-06T08:30:00+00:00,3332.26,3334.89,3329.28,3333.87,12455.94,41498281.4782
1712393100000,2024-04-06T08:45:00+00:00,3333.87,3344.68,3333.52,3340.74,14108.22,47115679.3527
1712394000000,2024-04-06T09:00:00+00:00,3340.74,3351.7,3339.16,3349.04,13064.87,43690983.227
1712394900000,2024-04-06T09:15:00+00:00,3349.04,3349.35,3339.74,3340.48,12331.65,41220150.1489
1712395800000,2024-04-06T09:30:00+00:00,3340.48,3340.62,3330.82,3335.55,10037.1,33472393.4205
1712396700000,2024-04-06T09:45:00+00:00,3335.55,3338.47,3331.09,3333.75,8060.73,26883360.8987
1712397600000,2024-04-06T10:00:00+00:00,3333.75,3341.97,3333.02,3341.61,6537.23,21811119.9804
1712398500000,2024-04-06T10:15:00+00:00,3341.61,3342.82,3336.66,3338.35,6570.26,21936275.0006
1712399400000,2024-04-06T10:30:00+00:00,3338.35,3339.17,3331.19,3337.75,14783.19,49299697.9984
1712400300000,2024-04-06T10:45:00+00:00,3337.75,3340.6,3336.32,3339.01,15978.69,53344232.9653
1712401200000,2024-04-06T11:00:00+00:00,3339.01,3346.95,3332.62,3336,21697.44,72478159.2773
1712402100000,2024-04-06T11:15:00+00:00,3336,3337.73,3330.5,3333.13,19555.55,65224179.888
1712403000000,2024-04-06T11:30:00+00:00,3333.13,3334.8,3328.37,3334.16,8179.19,27254853.8574
1712403900000,2024-04-06T11:45:00+00:00,3334.16,3336.91,3329.51,3330.66,7223.49,24083659.3691
1712404800000,2024-04-06T12:00:00+00:00,3330.66,3332.61,3327.03,3331.97,7368.42,24539174.5163
1712405700000,2024-04-06T12:15:00+00:00,3331.97,3336.98,3329.22,3336.64,8089.32,26963336.933
1712406600000,2024-04-06T12:30:00+00:00,3336.64,3337,3326.38,3326.38,11802.92,39324505.321
1712407500000,2024-04-06T12:45:00+00:00,3326.38,3333.26,3320.93,3333.26,13080.59,43549928.4801
1712408400000,2024-04-06T13:00:00+00:00,3333.26,3333.26,3323.39,3328.37,10272.65,34186424.157
1712409300000,2024-04-06T13:15:00+00:00,3328.37,3328.37,3315.29,3316.77,12930.42,42965125.6158
1712410200000,2024-04-06T13:30:00+00:00,3316.77,3326.37,3313.16,3323.24,15845.67,52639584.4699
1712411100000,2024-04-06T13:45:00+00:00,3323.24,3324.06,3316.18,3318.7,46178.73,153303037.2701
1712412000000,2024-04-06T14:00:00+00:00,3318.7,3326.67,3316.27,3323.4,19297.36,64109604.3974
1712412900000,2024-04-06T14:15:00+00:00,3323.4,3330.77,3321.5,3325.5,21386.17,71171242.3684
1712413800000,2024-04-06T14:30:00+00:00,3325.5,3339.39,3324.54,3333.22,16964.33,56510212.7411
1712414700000,2024-04-06T14:45:00+00:00,3333.22,3335.26,3330,3334.84,14161.93,47192903.6992
1712415600000,2024-04-06T15:00:00+00:00,3334.84,3362,3333.11,3355.57,18969.37,63463388.946
1712416500000,2024-04-06T15:15:00+00:00,3355.57,3355.73,3339.32,3339.32,16994.55,56851890.3001
1712417400000,2024-04-06T15:30:00+00:00,3339.32,3340.71,3333.52,3336.62,8483.67,28309493.316
1712418300000,2024-04-06T15:45:00+00:00,3336.62,3340.77,3334.09,3334.97,6178.97,20621794.787
1712419200000,2024-04-06T16:00:00+00:00,3334.97,3340.03,3331.23,3333.6,7409.68,24710646.0192
1712420100000,2024-04-06T16:15:00+00:00,3333.6,3340.17,3331.38,3333.32,8087.87,26978437.4531
1712421000000,2024-04-06T16:30:00+00:00,3333.32,3338.66,3332.3,3335.44,8085.72,26967327.9774
1712421900000,2024-04-06T16:45:00+00:00,3335.44,3340.63,3333.79,3340.42,7036.13,23484072.3085
1712422800000,2024-04-06T17:00:00+00:00,3340.42,3340.7,3332.61,3336.41,6591.79,21988707.0153
1712423700000,2024-04-06T17:15:00+00:00,3336.41,3340.08,3335.93,3338.38,6945.8,23186389.3343
1712424600000,2024-04-06T17:30:00+00:00,3338.38,3347.2,3338.38,3347,10338.52,34537212.088
1712425500000,2024-04-06T17:45:00+00:00,3347,3354.83,3337.18,3341.46,19118.44,63928212.2569
1712426400000,2024-04-06T18:00:00+00:00,3341.46,3346.24,3340.02,3344.11,13236.57,44254023.254
1712427300000,2024-04-06T18:15:00+00:00,3344.11,3348.12,3341.49,3348.12,12382.77,41413864.8144
1712428200000,2024-04-06T18:30:00+00:00,3348.12,3348.57,3337.08,3339.46,14679.81,49060679.1583
1712429100000,2024-04-06T18:45:00+00:00,3339.46,3348.22,3337.29,3348.1,12751.63,42642939.3554
1712430000000,2024-04-06T19:00:00+00:00,3348.1,3357.52,3342.55,3352.43,14298.76,47906150.4974
1712430900000,2024-04-06T19:15:00+00:00,3352.43,3356.44,3348.83,3351.66,13723.07,46004997.462
1712431800000,2024-04-06T19:30:00+00:00,3351.66,3357.84,3347.08,3350.42,12509.03,41924294.1291
1712432700000,2024-04-06T19:45:00+00:00,3350.42,3353.68,3347.66,3349.45,9093.22,30458093.4378
1712433600000,2024-04-06T20:00:00+00:00,3349.45,3350.89,3339.05,3345.21,42947.87,143576549.9496
1712434500000,2024-04-06T20:15:00+00:00,3345.21,3356.15,3344.14,3354.24,11590.53,38850631.0828
1712435400000,2024-04-06T20:30:00+00:00,3354.24,3357.16,3348.49,3350.88,10548.86,35369334.289
1712436300000,2024-04-06T20:45:00+00:00,3350.88,3365,3349.3,3361.99,11886.76,39892093.3377
1712437200000,2024-04-06T21:00:00+00:00,3361.99,3368.82,3360.23,3362.46,12448.77,41893323.7318
1712438100000,2024-04-06T21:15:00+00:00,3362.46,3362.46,3355.44,3358.17,11194.79,37609134.4012
1712439000000,2024-04-06T21:30:00+00:00,3358.17,3359.42,3351.37,3354.26,15829.56,53136500.6742
1712439900000,2024-04-06T21:45:00+00:00,3354.26,3354.26,3349.53,3352.6,12541.29,42035907.3666
1712440800000,2024-04-06T22:00:00+00:00,3352.6,3361.4,3352.09,3356.26,15537.48,52159606.0603
1712441700000,2024-04-06T22:15:00+00:00,3356.26,3366.52,3352.54,3363.66,17647.98,59252767.4912
1712442600000,2024-04-06T22:30:00+00:00,3363.66,3364.85,3357.39,3359.54,15666.71,52648601.4663
1712443500000,2024-04-06T22:45:00+00:00,3359.54,3380.49,3357.36,3378.46,20459.15,68951395.9136
1712444400000,2024-04-06T23:00:00+00:00,3378.46,3400,3378.46,3392.54,17682.16,59936055.9036
1712445300000,2024-04-06T23:15:00+00:00,3392.54,3395.47,3376.61,3378.55,11591.67,39211578.789
1712446200000,2024-04-06T23:30:00+00:00,3378.55,3378.74,3364.96,3366.6,15993.1,53899085.5126
1712447100000,2024-04-06T23:45:00+00:00,3366.6,3367.92,3350.36,3351.88,16111.73,54135048.6264
1712448000000,2024-04-07T00:00:00+00:00,3351.88,3359.76,3350.55,3358.93,12871.28,43194480.6494
1712448900000,2024-04-07T00:15:00+00:00,3358.93,3360.58,3344.01,3345.01,15539.61,52119437.7976
1712449800000,2024-04-07T00:30:00+00:00,3345.01,3359.66,3343.88,3359.04,15085.21,50614427.0759
1712450700000,2024-04-07T00:45:00+00:00,3359.04,3359.51,3354.35,3358.13,15372.73,51602750.0226
1712451600000,2024-04-07T01:00:00+00:00,3358.13,3371.99,3357.04,3368.3,18346.62,61751295.1833
1712452500000,2024-04-07T01:15:00+00:00,3368.3,3398.26,3368.27,3388.2,17910.59,60589218.6227
1712453400000,2024-04-07T01:30:00+00:00,3388.2,3396.24,3378.12,3387.02,12818.43,43403798.3362
1712454300000,2024-04-07T01:45:00+00:00,3387.02,3393.09,3381.7,3388.83,14209.46,48151901.5913
1712455200000,2024-04-07T02:00:00+00:00,3388.83,3413.85,3387.1,3395.63,17804.75,60455258.8508
1712456100000,2024-04-07T02:15:00+00:00,3395.63,3401.73,3392.98,3397.64,13515.78,45925512.6779
1712457000000,2024-04-07T02:30:00+00:00,3397.64,3398.09,3386.95,3393.35,14963.8,50758919.5381
1712457900000,2024-04-07T02:45:00+00:00,3393.35,3396.3,3379.32,3383.78,20782.13,70397892.0567
1712458800000,2024-04-07T03:00:00+00:00,3383.78,3387.83,3379.23,3382.99,18397.7,62252704.4316
1712459700000,2024-04-07T03:15:00+00:00,3382.99,3389.12,3382.94,3387.55,17413.46,58975166.864
1712460600000,2024-04-07T03:30:00+00:00,3387.55,3388.91,3384.59,3388.34,15359.69,52024250.3321
1712461500000,2024-04-07T03:45:00+00:00,3388.34,3393.73,3388.17,3388.45,14504.49,49182847.415
1712462400000,2024-04-07T04:00:00+00:00,3388.45,3393.93,3382.08,3382.08,15084.67,51138477.0429
1712463300000,2024-04-07T04:15:00+00:00,3382.08,3386.96,3380.17,3381.94,16640.88,56303123.5909
1712464200000,2024-04-07T04:30:00+00:00,3381.94,3384.68,3374.89,3382.53,16238.6,54890640.8052
1712465100000,2024-04-07T04:45:00+00:00,3382.53,3389.28,3382.53,3385.34,16844.72,57050063.9485
1712466000000,2024-04-07T05:00:00+00:00,3385.34,3407,3383.9,3395.84,18929.24,64236187.5413
1712466900000,2024-04-07T05:15:00+00:00,3395.84,3397.99,3391.53,3392.2,17216.18,58442950.2733
1712467800000,2024-04-07T05:30:00+00:00,3392.2,3394.15,3391.02,3393.24,5849.23,19844598.4638
1712468700000,2024-04-07T05:45:00+00:00,3393.24,3400.54,3392.07,3399.69,6998.77,23758706.1632
1712469600000,2024-04-07T06:00:00+00:00,3399.69,3401.15,3392.08,3396.09,8302.25,28188235.6016
1712470500000,2024-04-07T06:15:00+00:00,3396.09,3396.67,3385.91,3387.32,6903.02,23393051.037
1712471400000,2024-04-07T06:30:00+00:00,3387.32,3389.71,3384.14,3387.92,6328.12,21435883.2041
1712472300000,2024-04-07T06:45:00+00:00,3387.92,3389.04,3381.32,3385.53,6478.06,21928470.5221
1712473200000,2024-04-07T07:00:00+00:00,3385.53,3388.89,3384.12,3386.97,8144.07,27583740.0557
1712474100000,2024-04-07T07:15:00+00:00,3386.97,3393.15,3384.47,3392.28,6527.99,22123262.5084
1712475000000,2024-04-07T07:30:00+00:00,3392.28,3395.38,3388.11,3389.94,15839.83,53721189.7917
1712475900000,2024-04-07T07:45:00+00:00,3389.94,3391.86,3385.06,3385.94,16259.75,55100002.0272
1712476800000,2024-04-07T08:00:00+00:00,3385.94,3394,3385.1,3392.15,16312.32,55297889.9409
1712477700000,2024-04-07T08:15:00+00:00,3392.15,3393.56,3384.35,3392.2,16550.94,56101629.9778
1712478600000,2024-04-07T08:30:00+00:00,3392.2,3394.78,3388.15,3393.77,21252.73,72087556.7279
1712479500000,2024-04-07T08:45:00+00:00,3393.77,3396.25,3389.69,3393.41,21685.11,73585819.7177
1712480400000,2024-04-07T09:00:00+00:00,3393.41,3395,3388.81,3393.8,21438.38,72705006.6388
1712481300000,2024-04-07T09:15:00+00:00,3393.8,3394.68,3387,3387.79,20110.98,68172257.3304
1712482200000,2024-04-07T09:30:00+00:00,3387.79,3390.63,3377.13,3382.39,22356.94,75623090.507
1712483100000,2024-04-07T09:45:00+00:00,3382.39,3384.34,3379.25,3383.93,22644.4,76583601.9292
1712484000000,2024-04-07T10:00:00+00:00,3383.93,3384.53,3377.24,3384.05,14475.16,48960281.0641
1712484900000,2024-04-07T10:15:00+00:00,3384.05,3392.27,3382.92,3388.78,19624.02,66487757.2462
1712485800000,2024-04-07T10:30:00+00:00,3388.78,3393.74,3386.48,3393.74,10250.34,34750649.4498
1712486700000,2024-04-07T10:45:00+00:00,3393.74,3393.74,3388.4,3392.69,8463.33,28701799.9377
1712487600000,2024-04-07T11:00:00+00:00,3392.69,3393.81,3384.45,3387.73,10151.62,34396646.7835
1712488500000,2024-04-07T11:15:00+00:00,3387.73,3392.15,3384.18,3390.73,8962.74,30372454.1642
1712489400000,2024-04-07T11:30:00+00:00,3390.73,3393,3387.91,3392.83,12261.03,41569253.186
1712490300000,2024-04-07T11:45:00+00:00,3392.83,3393.5,3388.55,3390.08,14513.51,49205914.7168
1712491200000,2024-04-07T12:00:00+00:00,3390.08,3391.24,3384.79,3386.77,13259.01,44915301.4822
1712492100000,2024-04-07T12:15:00+00:00,3386.77,3389.07,3384.8,3385.85,15894.5,53829829.3577
1712493000000,2024-04-07T12:30:00+00:00,3385.85,3401,3384.48,3400.76,13429.56,45534878.5635
1712493900000,2024-04-07T12:45:00+00:00,3400.76,3408.01,3392.2,3401.07,10171.27,34590897.3859
1712494800000,2024-04-07T13:00:00+00:00,3401.07,3412.6,3397.62,3410.24,13235.82,45040154.9492
1712495700000,2024-04-07T13:15:00+00:00,3410.24,3413.12,3405.16,3408.94,11222.49,38255170.1188
1712496600000,2024-04-07T13:30:00+00:00,3408.94,3421,3400.83,3407.65,20922.31,71302222.261
1712497500000,2024-04-07T13:45:00+00:00,3407.65,3411.72,3405.81,3406.34,18738.47,63864269.5673
1712498400000,2024-04-07T14:00:00+00:00,3406.34,3407.54,3399.06,3399.88,17807.2,60597041.7888
1712499300000,2024-04-07T14:15:00+00:00,3399.88,3405.32,3394.23,3398.87,22158.58,75332681.8694
1712500200000,2024-04-07T14:30:00+00:00,3398.87,3408.25,3395.41,3405.79,12755.17,43387429.6669
1712501100000,2024-04-07T14:45:00+00:00,3405.79,3414.72,3401.18,3408.39,16418.81,55941187.4685
1712502000000,2024-04-07T15:00:00+00:00,3408.39,3416.85,3404.12,3415.35,14261.52,48637117.2864
1712502900000,2024-04-07T15:15:00+00:00,3415.35,3417.46,3406.27,3409.15,13576.21,46335450.4654
1712503800000,2024-04-07T15:30:00+00:00,3409.15,3409.15,3385.81,3395.73,25061.53,85071122.3135
1712504700000,2024-04-07T15:45:00+00:00,3395.73,3402.38,3385.1,3389.48,20194.3,68530358.1196
1712505600000,2024-04-07T16:00:00+00:00,3389.48,3405.39,3387.9,3400.39,24366.58,82750218.2801
1712506500000,2024-04-07T16:15:00+00:00,3400.39,3413,3395.48,3401.53,21203.42,72196414.0252
1712507400000,2024-04-07T16:30:00+00:00,3401.53,3413.6,3399.87,3404.84,18718.4,63774127.3661
1712508300000,2024-04-07T16:45:00+00:00,3404.84,3409.18,3392.47,3396,17926.68,60970210.1477
1712509200000,2024-04-07T17:00:00+00:00,3396,3398.1,3379.32,3385.5,23088.99,78194133.0253
1712510100000,2024-04-07T17:15:00+00:00,3385.5,3389.75,3382.55,3385.05,20586.53,69712276.3009
1712511000000,2024-04-07T17:30:00+00:00,3385.05,3386.26,3376.48,3382.08,13768.38,46542174.9088
1712511900000,2024-04-07T17:45:00+00:00,3382.08,3386.57,3378.83,3386.17,10454.44,35374253.7765
1712512800000,2024-04-07T18:00:00+00:00,3386.17,3387.6,3368.03,3375.72,10307.95,34807171.8149
1712513700000,2024-04-07T18:15:00+00:00,3375.72,3385,3375.72,3381.56,10056.14,33994485.3531
1712514600000,2024-04-07T18:30:00+00:00,3381.56,3383.37,3371.4,3379.37,13906.87,46962058.9945
1712515500000,2024-04-07T18:45:00+00:00,3379.37,3383.33,3376.71,3382.59,10881.4,36783178.8807
1712516400000,2024-04-07T19:00:00+00:00,3382.59,3385,3378.38,3385,10689.36,36137032.7296
1712517300000,2024-04-07T19:15:00+00:00,3385,3392.93,3379.01,3390.61,12687.64,42977592.4675
1712518200000,2024-04-07T19:30:00+00:00,3390.61,3391.81,3385.7,3388.81,20799.47,70491633.4128
1712519100000,2024-04-07T19:45:00+00:00,3388.81,3390.99,3373.33,3381.81,21726.3,73532331.3779
1712520000000,2024-04-07T20:00:00+00:00,3381.81,3395.38,3378.66,3393.88,21786.46,73831522.7185
1712520900000,2024-04-07T20:15:00+00:00,3393.88,3402.49,3391.59,3399.01,20192.89,68609747.1673
1712521800000,2024-04-07T20:30:00+00:00,3399.01,3402.3,3397.29,3400.57,11428.5,38856692.2085
1712522700000,2024-04-07T20:45:00+00:00,3400.57,3404,3397,3401.93,12766.4,43416918.0596
1712523600000,2024-04-07T21:00:00+00:00,3401.93,3408,3399.04,3406,10191.76,34695426.0544
1712524500000,2024-04-07T21:15:00+00:00,3406,3414.16,3398.4,3409.68,16299.7,55544222.8698
1712525400000,2024-04-07T21:30:00+00:00,3409.68,3413.54,3399.21,3407.8,18729.83,63798207.4451
1712526300000,2024-04-07T21:45:00+00:00,3407.8,3408.99,3399.08,3399.93,20821.19,70862800.5949
1712527200000,2024-04-07T22:00:00+00:00,3399.93,3416.96,3391.62,3416.77,23505.55,80019477.9418
1712528100000,2024-04-07T22:15:00+00:00,3416.77,3418.52,3408.62,3416.46,16928.52,57822616.5452
1712529000000,2024-04-07T22:30:00+00:00,3416.46,3424.25,3412.99,3423.95,12221.01,41778034.2023
1712529900000,2024-04-07T22:45:00+00:00,3423.95,3430.53,3417.78,3421.31,9640.52,33026810.6949
1712530800000,2024-04-07T23:00:00+00:00,3421.31,3441.75,3420.02,3437.52,15078.74,51764329.1773
1712531700000,2024-04-07T23:15:00+00:00,3437.52,3438.65,3431.13,3433,7943.32,27285388.8029
1712532600000,2024-04-07T23:30:00+00:00,3433,3460.82,3432.22,3453.6,15791.3,54468641.3317
1712533500000,2024-04-07T23:45:00+00:00,3453.6,3461.33,3451.13,3454.76,10727.45,37068059.8191
1712534400000,2024-04-08T00:00:00+00:00,3454.76,3458.5,3442.11,3449.46,11396.02,39299003.7645
1712535300000,2024-04-08T00:15:00+00:00,3449.46,3449.89,3436.55,3437.44,9923.21,34163238.5883
1712536200000,2024-04-08T00:30:00+00:00,3437.44,3441.02,3427.1,3431.52,24149.64,82955009.0136
1712537100000,2024-04-08T00:45:00+00:00,3431.52,3436.12,3425.37,3429.96,19022.05,65252243.9689
1712538000000,2024-04-08T01:00:00+00:00,3429.96,3436.28,3423,3433.37,19178.79,65737147.431
1712538900000,2024-04-08T01:15:00+00:00,3433.37,3441.6,3430.5,3433.56,22037.12,75749830.5563
1712539800000,2024-04-08T01:30:00+00:00,3433.56,3437.98,3428.2,3434.83,8537.42,29298874.0917
1712540700000,2024-04-08T01:45:00+00:00,3434.83,3435.88,3421.19,3425.59,8025.55,27490820.4359
1712541600000,2024-04-08T02:00:00+00:00,3425.59,3427.59,3421.03,3426.21,8379.31,28694495.7373
1712542500000,2024-04-08T02:15:00+00:00,3426.21,3437.98,3425.81,3434.38,8327.29,28575759.2239
1712543400000,2024-04-08T02:30:00+00:00,3434.38,3436.36,3428.09,3432.31,14475.76,49700373.5197
1712544300000,2024-04-08T02:45:00+00:00,3432.31,3433.1,3417.95,3424.58,14186.8,48582817.253
1712545200000,2024-04-08T03:00:00+00:00,3424.58,3425.6,3407.46,3415.51,17332.55,59214724.2966
1712546100000,2024-04-08T03:15:00+00:00,3415.51,3420,3411.6,3416.45,14212.52,48550814.7836
1712547000000,2024-04-08T03:30:00+00:00,3416.45,3423.72,3416.45,3422.31,33649.5,115102422.6147
1712547900000,2024-04-08T03:45:00+00:00,3422.31,3425.75,3419.64,3423.15,8966.55,30684978.4517
1712548800000,2024-04-08T04:00:00+00:00,3423.15,3427.14,3416.7,3418.83,7294.44,24959063.3357
1712549700000,2024-04-08T04:15:00+00:00,3418.83,3421.41,3416.3,3417.51,8976.09,30692511.6352
1712550600000,2024-04-08T04:30:00+00:00,3417.51,3421.52,3412.85,3419.08,14543.16,49690020.0557
1712551500000,2024-04-08T04:45:00+00:00,3419.08,3423.31,3418.57,3420.07,15827.61,54139444.8045
1712552400000,2024-04-08T05:00:00+00:00,3420.07,3431.56,3420.07,3430.87,15804.25,54150006.6424
1712553300000,2024-04-08T05:15:00+00:00,3430.87,3431.41,3421.4,3422.64,15074,51654034.0525
1712554200000,2024-04-08T05:30:00+00:00,3422.64,3427.34,3421.56,3425.36,16518.47,56558194.6926
1712555100000,2024-04-08T05:45:00+00:00,3425.36,3433.78,3425.1,3428.89,17943.13,61539486.4549
1712556000000,2024-04-08T06:00:00+00:00,3428.89,3432.7,3425.65,3426.49,18002.67,61747413.7353
1712556900000,2024-04-08T06:15:00+00:00,3426.49,3429.05,3423.09,3428.93,20552.94,70410572.7559
1712557800000,2024-04-08T06:30:00+00:00,3428.93,3429.36,3421.5,3422.16,19488.79,66754009.4212
1712558700000,2024-04-08T06:45:00+00:00,3422.16,3431.77,3421.96,3431.22,21800.93,74741517.108
1712559600000,2024-04-08T07:00:00+00:00,3431.22,3435.96,3430,3434.65,20161.68,69210503.4858
1712560500000,2024-04-08T07:15:00+00:00,3434.65,3440.43,3431.93,3438.91,20821.02,71543763.1279
1712561400000,2024-04-08T07:30:00+00:00,3438.91,3480.51,3438.91,3469.57,32775.14,113504137.5775
1712562300000,2024-04-08T07:45:00+00:00,3469.57,3477.93,3466.6,3474.86,19379.15,67309984.0154
1712563200000,2024-04-08T08:00:00+00:00,3474.86,3543.39,3471.37,3539.02,35825.41,125489895.9953
1712564100000,2024-04-08T08:15:00+00:00,3539.02,3591.58,3536.94,3562.94,65385.51,233037732.1644
1712565000000,2024-04-08T08:30:00+00:00,3562.94,3576.84,3561,3568.26,24963.77,89136749.5606
1712565900000,2024-04-08T08:45:00+00:00,3568.26,3614.38,3561.38,3597.13,48520.36,174401254.0932
1712566800000,2024-04-08T09:00:00+00:00,3597.13,3607,3586.4,3605.04,27359.73,98449648.6399
1712567700000,2024-04-08T09:15:00+00:00,3605.04,3626.76,3601.67,3618.52,26142.84,94450886.1877
1712568600000,2024-04-08T09:30:00+00:00,3618.52,3622.37,3603.52,3611.51,27524.18,99429121.2775
1712569500000,2024-04-08T09:45:00+00:00,3611.51,3620.83,3604.84,3620.45,34179.27,123464558.978
1712570400000,2024-04-08T10:00:00+00:00,3620.45,3629.62,3610.48,3622.51,17449.19,63110912.6061
1712571300000,2024-04-08T10:15:00+00:00,3622.51,3636.27,3610.93,3631.25,18679.97,67656503.3385
1712572200000,2024-04-08T10:30:00+00:00,3631.25,3631.87,3620.91,3624.26,27801.03,100770376.1369
1712573100000,2024-04-08T10:45:00+00:00,3624.26,3627.56,3614.25,3620.59,24724.98,89541275.2513
1712574000000,2024-04-08T11:00:00+00:00,3620.59,3626.73,3615.63,3625.72,22412.72,81169829.1502
1712574900000,2024-04-08T11:15:00+00:00,3625.72,3642.7,3620,3637.21,23982.15,87011405.0993
1712575800000,2024-04-08T11:30:00+00:00,3637.21,3638.65,3626.17,3627.58,19131.78,69456236.2064
1712576700000,2024-04-08T11:45:00+00:00,3627.58,3635.31,3624,3634.55,19550.89,70938478.3557
1712577600000,2024-04-08T12:00:00+00:00,3634.55,3671.71,3634.55,3658.79,27050.74,98700421.5966
1712578500000,2024-04-08T12:15:00+00:00,3658.79,3658.9,3638.97,3639.37,20332.43,74204822.5078
1712579400000,2024-04-08T12:30:00+00:00,3639.37,3648.18,3635.4,3647.75,20746.19,75534625.4434
1712580300000,2024-04-08T12:45:00+00:00,3647.75,3650.44,3638.67,3644.11,17592.78,64120751.2611
1712581200000,2024-04-08T13:00:00+00:00,3644.11,3661.42,3643.53,3648.76,17293.79,63166138.0265
1712582100000,2024-04-08T13:15:00+00:00,3648.76,3672.77,3646.12,3662.45,19948.84,73040312.0481
1712583000000,2024-04-08T13:30:00+00:00,3662.45,3663.61,3617.14,3638.66,30432.35,110772898.9051
1712583900000,2024-04-08T13:45:00+00:00,3638.66,3643.05,3610.66,3629.52,28629.71,103950351.53
1712584800000,2024-04-08T14:00:00+00:00,3629.52,3640.99,3616.75,3640.47,22501.08,81651559.3941
1712585700000,2024-04-08T14:15:00+00:00,3640.47,3642.7,3630,3633.43,20109.56,73158383.052
1712586600000,2024-04-08T14:30:00+00:00,3633.43,3644.54,3627.36,3628.1,27436.67,99814270.6537
1712587500000,2024-04-08T14:45:00+00:00,3628.1,3652.73,3623.88,3646.81,21312.19,77573778.435
1712588400000,2024-04-08T15:00:00+00:00,3646.81,3653.94,3644.11,3646.71,21322.7,77826418.3393
1712589300000,2024-04-08T15:15:00+00:00,3646.71,3648.96,3627.38,3627.38,20449.72,74434331.0905
1712590200000,2024-04-08T15:30:00+00:00,3627.38,3638.15,3624.15,3633.01,13926.17,50580035.2032
1712591100000,2024-04-08T15:45:00+00:00,3633.01,3638.7,3627,3630.75,12041.43,43736730.848
1712592000000,2024-04-08T16:00:00+00:00,3630.75,3647.3,3628.56,3643.96,14426.65,52534735.9891
1712592900000,2024-04-08T16:15:00+00:00,3643.96,3653.32,3638.02,3647.78,12763.94,46552407.2883
1712593800000,2024-04-08T16:30:00+00:00,3647.78,3660.55,3647.15,3657.65,18340.69,67038470.9545
1712594700000,2024-04-08T16:45:00+00:00,3657.65,3666.89,3652.7,3659.54,20116.01,73624451.952
1712595600000,2024-04-08T17:00:00+00:00,3659.54,3666.09,3646.62,3654.07,19775.52,72297553.2754
1712596500000,2024-04-08T17:15:00+00:00,3654.07,3657.51,3643.11,3643.92,19179.09,69989702.6802
1712597400000,2024-04-08T17:30:00+00:00,3643.92,3660.8,3640.59,3659.28,11312.63,41311625.675
1712598300000,2024-04-08T17:45:00+00:00,3659.28,3679.64,3656.7,3670.79,13123.57,48090481.5886
1712599200000,2024-04-08T18:00:00+00:00,3670.79,3688.59,3670.58,3681.4,17550.84,64599417.422
1712600100000,2024-04-08T18:15:00+00:00,3681.4,3686.97,3675.47,3682.27,12158.82,44744261.6275
1712601000000,2024-04-08T18:30:00+00:00,3682.27,3713.17,3681.7,3712,19202.37,71000411.0361
1712601900000,2024-04-08T18:45:00+00:00,3712,3712.11,3689.42,3693.77,13161.78,48679795.7442
1712602800000,2024-04-08T19:00:00+00:00,3693.77,3699.58,3687.52,3695.95,10573.59,39051656.0901
1712603700000,2024-04-08T19:15:00+00:00,3695.95,3696.04,3687.61,3689.18,12921.83,47693146.4036
1712604600000,2024-04-08T19:30:00+00:00,3689.18,3689.33,3682.89,3687.42,9950.38,36675316.1123
1712605500000,2024-04-08T19:45:00+00:00,3687.42,3706.45,3686.41,3703.82,10004.5,36996072.5259
1712606400000,2024-04-08T20:00:00+00:00,3703.82,3709.96,3691.32,3691.32,10907.86,40320526.6093
1712607300000,2024-04-08T20:15:00+00:00,3691.32,3692.66,3685.99,3687.01,12083.1,44573343.176
1712608200000,2024-04-08T20:30:00+00:00,3687.01,3691.79,3682.92,3691.69,8438.61,31116978.5863
1712609100000,2024-04-08T20:45:00+00:00,3691.69,3693.75,3686.59,3691.09,11200.89,41330587.3926
1712610000000,2024-04-08T21:00:00+00:00,3691.09,3697.32,3689.38,3692.81,10445.71,38577568.9558
1712610900000,2024-04-08T21:15:00+00:00,3692.81,3698.58,3688.19,3694.24,10723.78,39595904.309
1712611800000,2024-04-08T21:30:00+00:00,3694.24,3696.66,3687.83,3688.12,26673.12,98459621.5276
1712612700000,2024-04-08T21:45:00+00:00,3688.12,3690.55,3684.03,3688.38,22179.73,81759635.5442
1712613600000,2024-04-08T22:00:00+00:00,3688.38,3696,3684.4,3693.64,19707.59,72718698.1769
1712614500000,2024-04-08T22:15:00+00:00,3693.64,3699.69,3687.04,3695.79,20906.09,77194390.728
1712615400000,2024-04-08T22:30:00+00:00,3695.79,3709.87,3691.73,3699.24,13433.88,49693950.9316
1712616300000,2024-04-08T22:45:00+00:00,3699.24,3731.4,3695.52,3723.68,18873.26,70044290.2978
1712617200000,2024-04-08T23:00:00+00:00,3723.68,3732.32,3704.91,3715.52,14012.12,52072123.4335
1712618100000,2024-04-08T23:15:00+00:00,3715.52,3720.75,3710,3710.06,9812.93,36462881.5883
1712619000000,2024-04-08T23:30:00+00:00,3710.06,3710.99,3694.11,3698.32,13075.05,48366941.5533
1712619900000,2024-04-08T23:45:00+00:00,3698.32,3699.99,3690.63,3696.67,13906.49,51397037.0473
1712620800000,2024-04-09T00:00:00+00:00,3696.67,3707.87,3696.03,3706.95,12315.74,45589890.395
1712621700000,2024-04-09T00:15:00+00:00,3706.95,3711.68,3688.65,3691.09,10925.67,40423597.0475
1712622600000,2024-04-09T00:30:00+00:00,3691.09,3727.39,3690.65,3702.47,13781.76,51092436.1748
1712623500000,2024-04-09T00:45:00+00:00,3702.47,3703.82,3693.24,3695.63,12337.52,45614801.178
1712624400000,2024-04-09T01:00:00+00:00,3695.63,3698.24,3665.89,3678.94,21094.74,77612283.2614
1712625300000,2024-04-09T01:15:00+00:00,3678.94,3691.63,3672.58,3687.69,13363.23,49214366.7286
1712626200000,2024-04-09T01:30:00+00:00,3687.69,3691.57,3679.72,3689.87,13795.07,50851199.497
1712627100000,2024-04-09T01:45:00+00:00,3689.87,3692.45,3680.61,3682,16166.15,59587365.5955
1712628000000,2024-04-09T02:00:00+00:00,3682,3693.76,3677.27,3693.01,15341.79,56535378.2071
1712628900000,2024-04-09T02:15:00+00:00,3693.01,3728.78,3693,3717.9,16526.92,61279315.0059
1712629800000,2024-04-09T02:30:00+00:00,3717.9,3726.6,3704.28,3705.41,15284.39,56729474.3632
1712630700000,2024-04-09T02:45:00+00:00,3705.41,3714.13,3703.71,3707.76,12501.45,46384984.7711
1712631600000,2024-04-09T03:00:00+00:00,3707.76,3717.73,3703.39,3717.21,13205.67,48966954.58
1712632500000,2024-04-09T03:15:00+00:00,3717.21,3718.62,3701.05,3712.86,12455.4,46187769.3856
1712633400000,2024-04-09T03:30:00+00:00,3712.86,3712.86,3694.9,3695.88,16989.5,62912095.1028
1712634300000,2024-04-09T03:45:00+00:00,3695.88,3696.93,3684.27,3693.58,20498.31,75659630.0641
1712635200000,2024-04-09T04:00:00+00:00,3693.58,3693.58,3684.99,3686.01,17787.83,65605159.5334
1712636100000,2024-04-09T04:15:00+00:00,3686.01,3694.71,3674.07,3693.1,18552.25,68354474.8578
1712637000000,2024-04-09T04:30:00+00:00,3693.1,3701.57,3689.31,3698.41,11307.04,41773846.2194
1712637900000,2024-04-09T04:45:00+00:00,3698.41,3703.7,3694,3697.87,9974.69,36904272.3923
1712638800000,2024-04-09T05:00:00+00:00,3697.87,3702.88,3688.94,3692.09,13799.74,51028854.4049
1712639700000,2024-04-09T05:15:00+00:00,3692.09,3699.9,3689.4,3698.89,12354.99,45673589.3258
1712640600000,2024-04-09T05:30:00+00:00,3698.89,3699.55,3681.67,3685.83,14633.09,54014975.0114
1712641500000,2024-04-09T05:45:00+00:00,3685.83,3693.69,3682.22,3693.17,15505.58,57189545.5455
1712642400000,2024-04-09T06:00:00+00:00,3693.17,3697.73,3689.85,3695.64,20539.99,75875248.1398
1712643300000,2024-04-09T06:15:00+00:00,3695.64,3695.76,3675,3679.64,16064.34,59176684.5007
1712644200000,2024-04-09T06:30:00+00:00,3679.64,3684.81,3643.74,3648.51,27796.68,101799627.8598
1712645100000,2024-04-09T06:45:00+00:00,3648.51,3656.82,3631,3643.36,19466.49,70916500.0563
1712646000000,2024-04-09T07:00:00+00:00,3643.36,3657.53,3638.67,3657.09,14140.88,51630698.8385
1712646900000,2024-04-09T07:15:00+00:00,3657.09,3658.09,3637.47,3645.11,14850.43,54122120.595
1712647800000,2024-04-09T07:30:00+00:00,3645.11,3654,3636.11,3645.01,26537.65,96772806.3945
1712648700000,2024-04-09T07:45:00+00:00,3645.01,3653.29,3632.18,3642.67,23889.43,87036124.1424
1712649600000,2024-04-09T08:00:00+00:00,3642.67,3642.67,3580.32,3599.67,43823.83,158036879.5695
1712650500000,2024-04-09T08:15:00+00:00,3599.67,3609.55,3593.23,3608.99,21519.51,77551343.6578
1712651400000,2024-04-09T08:30:00+00:00,3608.99,3622.75,3600.18,3617.64,20044.38,72413370.5637
1712652300000,2024-04-09T08:45:00+00:00,3617.64,3636,3614.71,3629.29,22311.25,80853594.4185
1712653200000,2024-04-09T09:00:00+00:00,3629.29,3648,3628.42,3643.91,19333.97,70327231.6589
1712654100000,2024-04-09T09:15:00+00:00,3643.91,3648.84,3635.83,3637.31,20947.63,76275269.0505
1712655000000,2024-04-09T09:30:00+00:00,3637.31,3641.62,3630.27,3632.5,9508.09,34573443.8154
1712655900000,2024-04-09T09:45:00+00:00,3632.5,3633.3,3617.29,3631.16,13591.51,49297175.7101
1712656800000,2024-04-09T10:00:00+00:00,3631.16,3640.71,3615,3623.7,10693.27,38810444.2124
1712657700000,2024-04-09T10:15:00+00:00,3623.7,3632.44,3619.33,3626.02,9522.82,34526886.8458
1712658600000,2024-04-09T10:30:00+00:00,3626.02,3626.68,3613.79,3619.55,18955.28,68631785.3904
1712659500000,2024-04-09T10:45:00+00:00,3619.55,3634.39,3619.55,3629.72,16808.71,61008809.9968
1712660400000,2024-04-09T11:00:00+00:00,3629.72,3645.1,3629.26,3641.23,23041.06,83806764.3384
1712661300000,2024-04-09T11:15:00+00:00,3641.23,3641.93,3632.9,3637.85,16681.81,60681696.2402
1712662200000,2024-04-09T11:30:00+00:00,3637.85,3639.1,3631.71,3633.76,22426.97,81533853.655
1712663100000,2024-04-09T11:45:00+00:00,3633.76,3637.63,3625.17,3634.65,23402.76,85007722.5982
1712664000000,2024-04-09T12:00:00+00:00,3634.65,3643.72,3630,3630.41,20970.84,76253838.8733
1712664900000,2024-04-09T12:15:00+00:00,3630.41,3633.02,3621.78,3629.28,20004.61,72581876.105
1712665800000,2024-04-09T12:30:00+00:00,3629.28,3637.17,3622.55,3635.4,18920.33,68692212.6747
1712666700000,2024-04-09T12:45:00+00:00,3635.4,3644.82,3630.93,3630.93,17706.26,64416461.2498
1712667600000,2024-04-09T13:00:00+00:00,3630.93,3634.05,3611.11,3621.71,18429.26,66789595.5404
1712668500000,2024-04-09T13:15:00+00:00,3621.71,3626.06,3609.92,3622.7,17553.5,63540836.9121
1712669400000,2024-04-09T13:30:00+00:00,3622.7,3640.55,3619.84,3624.57,14312,51962091.1509
1712670300000,2024-04-09T13:45:00+00:00,3624.57,3624.83,3592.09,3593.49,24437.23,88143558.6441
1712671200000,2024-04-09T14:00:00+00:00,3593.49,3606.83,3585,3603.01,17528.83,63071290.5401
1712672100000,2024-04-09T14:15:00+00:00,3603.01,3613.71,3569.36,3579.24,21922.23,78735515.339
1712673000000,2024-04-09T14:30:00+00:00,3579.24,3579.79,3510,3525.06,50805.1,179944322.2271
1712673900000,2024-04-09T14:45:00+00:00,3525.06,3531.5,3490.15,3522.41,44638.93,156786368.9183
1712674800000,2024-04-09T15:00:00+00:00,3522.41,3524.11,3479.27,3500.53,61449.81,214730168.4739
1712675700000,2024-04-09T15:15:00+00:00,3500.53,3523.49,3499.36,3507.52,26630.15,93539886.4498
1712676600000,2024-04-09T15:30:00+00:00,3507.52,3523.41,3506.42,3520.43,15493.47,54495876.3885
1712677500000,2024-04-09T15:45:00+00:00,3520.43,3533.88,3517.47,3530.74,14131.61,49843395.4087
1712678400000,2024-04-09T16:00:00+00:00,3530.74,3534.46,3513.87,3526.05,16433.59,57907080.2068
1712679300000,2024-04-09T16:15:00+00:00,3526.05,3528.75,3510.13,3523.25,16661.3,58644140.7331
1712680200000,2024-04-09T16:30:00+00:00,3523.25,3523.25,3501,3505.27,22070.13,77462857.4027
1712681100000,2024-04-09T16:45:00+00:00,3505.27,3516.54,3495.64,3498,25250.8,88492181.5952
1712682000000,2024-04-09T17:00:00+00:00,3498,3508.6,3451.81,3472.74,47341,164769249.993
1712682900000,2024-04-09T17:15:00+00:00,3472.74,3497.71,3458.29,3496.13,25445.52,88620291.5479
1712683800000,2024-04-09T17:30:00+00:00,3496.13,3508.45,3492.77,3502.48,19328.78,67636653.8805
1712684700000,2024-04-09T17:45:00+00:00,3502.48,3508.25,3494.36,3504.41,15786.42,55284910.053
1712685600000,2024-04-09T18:00:00+00:00,3504.41,3512.13,3498.08,3504,12479.92,43750610.9185
1712686500000,2024-04-09T18:15:00+00:00,3504,3513.96,3502.81,3511.85,13829.37,48541139.6091
1712687400000,2024-04-09T18:30:00+00:00,3511.85,3512.08,3498.86,3502.62,16632.85,58308237.2012
1712688300000,2024-04-09T18:45:00+00:00,3502.62,3507.88,3499.68,3507.16,17045.96,59726803.1721
1712689200000,2024-04-09T19:00:00+00:00,3507.16,3507.16,3495.07,3496.33,14809.81,51833449.4575
1712690100000,2024-04-09T19:15:00+00:00,3496.33,3522.01,3496.33,3518.99,23340.79,81945058.2741
1712691000000,2024-04-09T19:30:00+00:00,3518.99,3521.66,3513.05,3518.66,10637.07,37410702.8733
1712691900000,2024-04-09T19:45:00+00:00,3518.66,3526.12,3513.32,3519.07,13036.03,45887293.9159
1712692800000,2024-04-09T20:00:00+00:00,3519.07,3527.32,3516.56,3521.2,10165.38,35788463.2504
1712693700000,2024-04-09T20:15:00+00:00,3521.2,3530.34,3518.93,3521.62,17351.94,61133818.6816
1712694600000,2024-04-09T20:30:00+00:00,3521.62,3525.93,3516.7,3517.54,11846.94,41716527.1469
1712695500000,2024-04-09T20:45:00+00:00,3517.54,3521.66,3512.89,3516.33,39692.13,139572240.268
1712696400000,2024-04-09T21:00:00+00:00,3516.33,3517.46,3503.09,3506.82,13347.38,46824297.0161
1712697300000,2024-04-09T21:15:00+00:00,3506.82,3512.88,3497.35,3502.98,11242.63,39402144.0223
1712698200000,2024-04-09T21:30:00+00:00,3502.98,3511.13,3502.98,3505,17908.36,62820094.3619
1712699100000,2024-04-09T21:45:00+00:00,3505,3511.85,3504.37,3510.6,23201.49,81365781.6551
1712700000000,2024-04-09T22:00:00+00:00,3510.6,3511.97,3504.34,3506.27,21994.22,77180695.8456
1712700900000,2024-04-09T22:15:00+00:00,3506.27,3516.34,3503.41,3514.41,16790.49,58962662.8501
1712701800000,2024-04-09T22:30:00+00:00,3514.41,3523.16,3513.31,3520.34,9672.5,34034555.3953
1712702700000,2024-04-09T22:45:00+00:00,3520.34,3522.73,3516.94,3519.79,7159.23,25199475.8831
1712703600000,2024-04-09T23:00:00+00:00,3519.79,3519.79,3501,3504.24,9311.08,32679924.3133
1712704500000,2024-04-09T23:15:00+00:00,3504.24,3504.93,3488.88,3494,36792.52,128583605.3803
1712705400000,2024-04-09T23:30:00+00:00,3494,3505.49,3486.4,3505.49,22889.64,79996183.011
1712706300000,2024-04-09T23:45:00+00:00,3505.49,3512.44,3502.63,3507.11,20884.5,73237935.32
1712707200000,2024-04-10T00:00:00+00:00,3507.11,3517.6,3498.59,3516.65,20082.41,70419980.8332
1712708100000,2024-04-10T00:15:00+00:00,3516.65,3522.35,3513.04,3518.93,22325.81,78528359.7848
1712709000000,2024-04-10T00:30:00+00:00,3518.93,3519.18,3498.85,3511.55,14842.5,52092557.4573
1712709900000,2024-04-10T00:45:00+00:00,3511.55,3516.99,3503,3507.78,16885.81,59216677.9612
1712710800000,2024-04-10T01:00:00+00:00,3507.78,3507.78,3489.47,3496.33,21488.08,75119530.5131
1712711700000,2024-04-10T01:15:00+00:00,3496.33,3496.33,3474.19,3493.04,21073.15,73458467.7713
1712712600000,2024-04-10T01:30:00+00:00,3493.04,3501,3479.25,3488.32,25103.88,87690997.8108
1712713500000,2024-04-10T01:45:00+00:00,3488.32,3517.71,3482.08,3515.18,24097.96,84381986.754
1712714400000,2024-04-10T02:00:00+00:00,3515.18,3539.02,3515.18,3530.1,23425.98,82676023.5805
1712715300000,2024-04-10T02:15:00+00:00,3530.1,3531.62,3506.31,3513.08,19677.69,69180455.4388
1712716200000,2024-04-10T02:30:00+00:00,3513.08,3513.46,3484.24,3487,20768.24,72766618.2047
1712717100000,2024-04-10T02:45:00+00:00,3487,3495,3465.41,3478.02,22350.41,77792396.9743
1712718000000,2024-04-10T03:00:00+00:00,3478.02,3488.81,3474.09,3486.05,16295.1,56723965.977
1712718900000,2024-04-10T03:15:00+00:00,3486.05,3497.73,3479.87,3490.34,15892.43,55454074.2031
1712719800000,2024-04-10T03:30:00+00:00,3490.34,3498.72,3489.54,3493.74,18316.51,64005605.4661
1712720700000,2024-04-10T03:45:00+00:00,3493.74,3515.41,3491.5,3513.86,21633.31,75829230.2779
1712721600000,2024-04-10T04:00:00+00:00,3513.86,3523.44,3507,3518.54,23657.52,83155691.7124
1712722500000,2024-04-10T04:15:00+00:00,3518.54,3525.53,3510.43,3519.2,23171.57,81507686.5067
1712723400000,2024-04-10T04:30:00+00:00,3519.2,3520.84,3514.11,3519.83,23124.06,81346416.4264
1712724300000,2024-04-10T04:45:00+00:00,3519.83,3520.1,3509.02,3517.39,15158.24,53279632.3452
1712725200000,2024-04-10T05:00:00+00:00,3517.39,3530.78,3515.86,3528.14,22353.22,78763363.1735
1712726100000,2024-04-10T05:15:00+00:00,3528.14,3535.72,3522.95,3531.95,22743.71,80268354.1358
1712727000000,2024-04-10T05:30:00+00:00,3531.95,3542.63,3530.55,3538.28,23515.43,83128639.4219
1712727900000,2024-04-10T05:45:00+00:00,3538.28,3542.59,3532.1,3533.85,20717.93,73287655.1488
1712728800000,2024-04-10T06:00:00+00:00,3533.85,3538.36,3531,3532.17,18511.42,65430921.0806
1712729700000,2024-04-10T06:15:00+00:00,3532.17,3555.3,3531.62,3553.44,52419.57,185587803.0221
1712730600000,2024-04-10T06:30:00+00:00,3553.44,3553.44,3541.46,3550.75,11306.43,40118874.2034
1712731500000,2024-04-10T06:45:00+00:00,3550.75,3550.98,3539.04,3539.48,14072.11,49873727.7259
1712732400000,2024-04-10T07:00:00+00:00,3539.48,3548.55,3539.22,3547.65,11990.42,42474268.3192
1712733300000,2024-04-10T07:15:00+00:00,3547.65,3551.31,3535.84,3541.01,12475.31,44200895.9394
1712734200000,2024-04-10T07:30:00+00:00,3541.01,3545.68,3532.33,3543.28,15494.38,54866945.6366
1712735100000,2024-04-10T07:45:00+00:00,3543.28,3548.72,3535.72,3537.94,12040.74,42650794.9895
1712736000000,2024-04-10T08:00:00+00:00,3537.94,3537.94,3500.55,3515.34,17245.37,60671131.4332
1712736900000,2024-04-10T08:15:00+00:00,3515.34,3529.13,3505.79,3517.08,13225.67,46474440.2927
1712737800000,2024-04-10T08:30:00+00:00,3517.08,3522.12,3509.99,3521,41528.29,145964385.9038
1712738700000,2024-04-10T08:45:00+00:00,3521,3523.19,3512.21,3518.77,11272.88,39664024.8302
1712739600000,2024-04-10T09:00:00+00:00,3518.77,3521.12,3510.21,3518,10985.45,38617120.018
1712740500000,2024-04-10T09:15:00+00:00,3518,3532.24,3515.78,3521.43,18250.09,64314243.5751
1712741400000,2024-04-10T09:30:00+00:00,3521.43,3523.8,3506.23,3521.53,11604.55,40800854.4783
1712742300000,2024-04-10T09:45:00+00:00,3521.53,3536.91,3511.76,3532.13,10135.33,35697850.4739
1712743200000,2024-04-10T10:00:00+00:00,3532.13,3540.53,3515.85,3517.75,12980.86,45760228.6272
1712744100000,2024-04-10T10:15:00+00:00,3517.75,3519.11,3492.41,3504.97,17179.49,60169389.1624
1712745000000,2024-04-10T10:30:00+00:00,3504.97,3510.68,3495,3510.44,11369.62,39827847.882
1712745900000,2024-04-10T10:45:00+00:00,3510.44,3526.79,3501.66,3519.3,10385.35,36515621.9122
1712746800000,2024-04-10T11:00:00+00:00,3519.3,3525.55,3513.16,3520.16,7047.87,24800581.0379
1712747700000,2024-04-10T11:15:00+00:00,3520.16,3525.19,3514.76,3521.14,7788.04,27414491.5011
1712748600000,2024-04-10T11:30:00+00:00,3521.14,3526.59,3515.27,3521.23,14027.38,49390763.878
1712749500000,2024-04-10T11:45:00+00:00,3521.23,3524.87,3516.65,3522.31,13616.76,47927510.2084
1712750400000,2024-04-10T12:00:00+00:00,3522.31,3529.65,3507.23,3515.15,20702.02,72862325.0558
1712751300000,2024-04-10T12:15:00+00:00,3515.15,3518.99,3493.98,3518.46,13862.55,48599248.8929
1712752200000,2024-04-10T12:30:00+00:00,3518.46,3518.46,3409.06,3441.12,81964.72,283383831.922
1712753100000,2024-04-10T12:45:00+00:00,3441.12,3451.52,3431.1,3439.92,16179.36,55665309.8326
1712754000000,2024-04-10T13:00:00+00:00,3439.92,3439.94,3415.09,3420.31,25182.71,86296146.1819
1712754900000,2024-04-10T13:15:00+00:00,3420.31,3438.71,3419.3,3433.13,16198.85,55569377.7238
1712755800000,2024-04-10T13:30:00+00:00,3433.13,3450,3428.54,3449.3,18860.97,64883535.8039
1712756700000,2024-04-10T13:45:00+00:00,3449.3,3464.79,3431.18,3461.94,20432.53,70474715.7968
1712757600000,2024-04-10T14:00:00+00:00,3461.94,3464.11,3447.22,3455.77,15775.95,54529556.7153
1712758500000,2024-04-10T14:15:00+00:00,3455.77,3483.64,3450,3475.59,22222.91,77191509.8733
1712759400000,2024-04-10T14:30:00+00:00,3475.59,3503.33,3468,3498.76,24005.6,83674815.4404
1712760300000,2024-04-10T14:45:00+00:00,3498.76,3503.78,3482.55,3487.12,21687.15,75692582.957
1712761200000,2024-04-10T15:00:00+00:00,3487.12,3489.53,3461.56,3467.68,24174.96,83993542.1072
1712762100000,2024-04-10T15:15:00+00:00,3467.68,3483.18,3465.48,3481.87,17267.49,59946675.9492
1712763000000,2024-04-10T15:30:00+00:00,3481.87,3491.03,3470.62,3470.98,10154.87,35354505.5083
1712763900000,2024-04-10T15:45:00+00:00,3470.98,3483.62,3470.18,3479.63,9271.43,32242653.4261
1712764800000,2024-04-10T16:00:00+00:00,3479.63,3488.54,3473.57,3479.22,8552.53,29773541.9085
1712765700000,2024-04-10T16:15:00+00:00,3479.22,3490.79,3469.46,3484.94,10267.65,35696130.1146
1712766600000,2024-04-10T16:30:00+00:00,3484.94,3509.11,3480.93,3500.71,15207.78,53213471.6132
1712767500000,2024-04-10T16:45:00+00:00,3500.71,3534.72,3500.35,3528.59,19271.18,67823792.4392
1712768400000,2024-04-10T17:00:00+00:00,3528.59,3531.44,3512,3516.16,18383.8,64718998.5864
1712769300000,2024-04-10T17:15:00+00:00,3516.16,3548.74,3512.17,3531.27,20328.7,71799216.2463
1712770200000,2024-04-10T17:30:00+00:00,3531.27,3536.85,3515.96,3518.58,10322.93,36380582.6617
1712771100000,2024-04-10T17:45:00+00:00,3518.58,3525.29,3513.25,3518.21,11293.4,39737334.1198
1712772000000,2024-04-10T18:00:00+00:00,3518.21,3520.87,3505.71,3512.13,7953.32,27921965.5904
1712772900000,2024-04-10T18:15:00+00:00,3512.13,3513.96,3492.43,3494.75,11214.86,39243029.6401
1712773800000,2024-04-10T18:30:00+00:00,3494.75,3505.13,3478.15,3504.59,19596.6,68427574.803
1712774700000,2024-04-10T18:45:00+00:00,3504.59,3505.75,3491.06,3495.74,15850.93,55480138.858
1712775600000,2024-04-10T19:00:00+00:00,3495.74,3497.13,3488.23,3497.13,15966.44,55763348.6336
1712776500000,2024-04-10T19:15:00+00:00,3497.13,3511.36,3494.06,3504.06,19586.86,68592325.5705
1712777400000,2024-04-10T19:30:00+00:00,3504.06,3513.94,3496.79,3513.39,15400.81,53987828.1813
1712778300000,2024-04-10T19:45:00+00:00,3513.39,3524.35,3511.42,3522.42,15391.48,54136888.3284
1712779200000,2024-04-10T20:00:00+00:00,3522.42,3524.96,3512.17,3513.47,15657.41,55069265.6237
1712780100000,2024-04-10T20:15:00+00:00,3513.47,3531,3511.09,3515.21,14688.88,51737665.6184
1712781000000,2024-04-10T20:30:00+00:00,3515.21,3519.09,3513.31,3517.75,16739.24,58859730.3624
1712781900000,2024-04-10T20:45:00+00:00,3517.75,3517.75,3512.86,3514.87,13591.06,47769111.907
1712782800000,2024-04-10T21:00:00+00:00,3514.87,3518.38,3508.79,3509.42,13440.28,47196228.6704
1712783700000,2024-04-10T21:15:00+00:00,3509.42,3510.62,3499.77,3502.54,15414.14,54047920.5362
1712784600000,2024-04-10T21:30:00+00:00,3502.54,3509.01,3495.33,3496.69,19966.29,69938854.0655
1712785500000,2024-04-10T21:45:00+00:00,3496.69,3514.69,3496.69,3514.03,18748.08,65736506.0214
1712786400000,2024-04-10T22:00:00+00:00,3514.03,3541.34,3512.12,3535.2,23036.56,81335311.7882
1712787300000,2024-04-10T22:15:00+00:00,3535.2,3565.18,3532.59,3553.33,22922.64,81336711.7447
1712788200000,2024-04-10T22:30:00+00:00,3553.33,3555.06,3541.85,3546.64,11520.8,40894518.8358
1712789100000,2024-04-10T22:45:00+00:00,3546.64,3549.33,3537.65,3538.85,8816.55,31242759.0521
1712790000000,2024-04-10T23:00:00+00:00,3538.85,3548.03,3538.85,3540.72,6937.12,24574622.3953
1712790900000,2024-04-10T23:15:00+00:00,3540.72,3546.18,3532.92,3545.31,8416.99,29786756.4971
1712791800000,2024-04-10T23:30:00+00:00,3545.31,3546.19,3538.12,3539.48,23429.65,82997497.6339
1712792700000,2024-04-10T23:45:00+00:00,3539.48,3546.35,3537.56,3545.23,20137.01,71303456.2827
1712793600000,2024-04-11T00:00:00+00:00,3545.23,3547.83,3527.72,3533.99,20598.27,72835583.7726
1712794500000,2024-04-11T00:15:00+00:00,3533.99,3536.12,3528.24,3531.88,16103.82,56870962.4139
1712795400000,2024-04-11T00:30:00+00:00,3531.88,3539.67,3529.15,3534.12,10065,35571169.4403
1712796300000,2024-04-11T00:45:00+00:00,3534.12,3538.07,3529.71,3534.63,11531.95,40733810.1127
1712797200000,2024-04-11T01:00:00+00:00,3534.63,3538.67,3531.62,3536.75,10604.22,37504361.9909
1712798100000,2024-04-11T01:15:00+00:00,3536.75,3543.69,3530.02,3530.05,9830.58,34774785.8827
1712799000000,2024-04-11T01:30:00+00:00,3530.05,3541.96,3524.37,3533.28,16107.98,56971761.549
1712799900000,2024-04-11T01:45:00+00:00,3533.28,3536.67,3528.47,3530.92,13384.89,47271975.2786
1712800800000,2024-04-11T02:00:00+00:00,3530.92,3547.11,3527.75,3542.67,21229.67,75081922.5119
1712801700000,2024-04-11T02:15:00+00:00,3542.67,3558.39,3541.1,3549.83,20610.78,73132534.629
1712802600000,2024-04-11T02:30:00+00:00,3549.83,3563.51,3549.35,3560.55,9021.78,32072872.9532
1712803500000,2024-04-11T02:45:00+00:00,3560.55,3578.28,3557.55,3567.09,12100.3,43161187.4486
1712804400000,2024-04-11T03:00:00+00:00,3567.09,3572.01,3557.49,3559.88,7353.23,26197091.2944
1712805300000,2024-04-11T03:15:00+00:00,3559.88,3566.81,3555.85,3560.48,7200.43,25645409.2082
1712806200000,2024-04-11T03:30:00+00:00,3560.48,3572.12,3556.93,3572.07,14352.22,51166663.8656
1712807100000,2024-04-11T03:45:00+00:00,3572.07,3576.77,3564.84,3576.77,16862.74,60219722.2681
1712808000000,2024-04-11T04:00:00+00:00,3576.77,3583.36,3559.62,3566.08,16085.36,57370641.617
1712808900000,2024-04-11T04:15:00+00:00,3566.08,3569.05,3555.6,3561.92,15739.56,56073849.3654
1712809800000,2024-04-11T04:30:00+00:00,3561.92,3564.94,3553.18,3559.15,19628.53,69866068.9371
1712810700000,2024-04-11T04:45:00+00:00,3559.15,3564.53,3555.1,3562.66,17894.3,63721357.6735
1712811600000,2024-04-11T05:00:00+00:00,3562.66,3570.6,3559.89,3570.36,18255.35,65085766.0828
1712812500000,2024-04-11T05:15:00+00:00,3570.36,3570.96,3557.73,3561.04,18997.71,67687939.2745
1712813400000,2024-04-11T05:30:00+00:00,3561.04,3566.17,3557,3559.08,10795.05,38448639.6124
1712814300000,2024-04-11T05:45:00+00:00,3559.08,3565.31,3558.47,3564.45,12391.07,44148145.0465
1712815200000,2024-04-11T06:00:00+00:00,3564.45,3575.11,3563.17,3569.79,15693.04,56020828.2352
1712816100000,2024-04-11T06:15:00+00:00,3569.79,3571.44,3562.98,3564.89,13481.85,48079038.5267
1712817000000,2024-04-11T06:30:00+00:00,3564.89,3580.59,3564.89,3578.38,22046.6,78769345.4877
1712817900000,2024-04-11T06:45:00+00:00,3578.38,3586.6,3575.08,3576.24,19789.99,70841098.4385
1712818800000,2024-04-11T07:00:00+00:00,3576.24,3591.84,3576.24,3581.54,21092.42,75611435.8038
1712819700000,2024-04-11T07:15:00+00:00,3581.54,3607.59,3581.39,3595.7,32610.27,117279932.6865
1712820600000,2024-04-11T07:30:00+00:00,3595.7,3597.49,3585.45,3587.94,15227.03,54698309.3488
1712821500000,2024-04-11T07:45:00+00:00,3587.94,3594.1,3582.5,3584.11,10496.92,37670200.7506
1712822400000,2024-04-11T08:00:00+00:00,3584.11,3591,3578.54,3590.86,11029.5,39540106.0901
1712823300000,2024-04-11T08:15:00+00:00,3590.86,3602.74,3588.91,3597,10783.99,38792687.7446
1712824200000,2024-04-11T08:30:00+00:00,3597,3614.37,3595.52,3607.44,19455.14,70133067.7353
1712825100000,2024-04-11T08:45:00+00:00,3607.44,3619.09,3604.77,3607.9,19118.55,69041888.8609
1712826000000,2024-04-11T09:00:00+00:00,3607.9,3609.7,3595.76,3598.93,46116.52,166160660.7409
1712826900000,2024-04-11T09:15:00+00:00,3598.93,3602.07,3585.91,3591.6,15271.67,54874044.8037
1712827800000,2024-04-11T09:30:00+00:00,3591.6,3593.12,3582.03,3584.57,16623.71,59599127.7889
1712828700000,2024-04-11T09:45:00+00:00,3584.57,3589.69,3578.21,3579.07,18831.54,67481339.1482
1712829600000,2024-04-11T10:00:00+00:00,3579.07,3585.73,3568.29,3571.95,17829.75,63841752.0442
1712830500000,2024-04-11T10:15:00+00:00,3571.95,3577.46,3571.26,3572.58,17312.28,61880147.314
1712831400000,2024-04-11T10:30:00+00:00,3572.58,3577.13,3558.91,3564.86,19769.15,70562904.7109
1712832300000,2024-04-11T10:45:00+00:00,3564.86,3569.12,3560.74,3562.55,13750.27,49026782.8957
1712833200000,2024-04-11T11:00:00+00:00,3562.55,3567.06,3555.38,3562.4,19578.17,69755637.2356
1712834100000,2024-04-11T11:15:00+00:00,3562.4,3563.85,3559.11,3559.9,15068.84,53666698.8364
1712835000000,2024-04-11T11:30:00+00:00,3559.9,3560.72,3531.5,3546.13,24882.94,88266424.7711
1712835900000,2024-04-11T11:45:00+00:00,3546.13,3548.97,3514.4,3523.3,30536.69,107782513.7162
1712836800000,2024-04-11T12:00:00+00:00,3523.3,3539.5,3521,3533.6,39940.13,140918528.6372
1712837700000,2024-04-11T12:15:00+00:00,3533.6,3541.26,3520.92,3526.26,17398.57,61496561.2153
1712838600000,2024-04-11T12:30:00+00:00,3526.26,3575.91,3524.34,3565.14,24727.75,88042573.0246
1712839500000,2024-04-11T12:45:00+00:00,3565.14,3569.43,3548.1,3558.99,14732.46,52436216.7567
1712840400000,2024-04-11T13:00:00+00:00,3558.99,3568.52,3554.43,3565.51,16607,59162183.2801
1712841300000,2024-04-11T13:15:00+00:00,3565.51,3572.21,3549.55,3556.64,16545.55,58861079.0988
1712842200000,2024-04-11T13:30:00+00:00,3556.64,3569.89,3496.46,3505.5,40317.51,142331070.2072
1712843100000,2024-04-11T13:45:00+00:00,3505.5,3539.99,3488.22,3526.6,29374.91,103265405.4656
1712844000000,2024-04-11T14:00:00+00:00,3526.6,3528.82,3505.91,3511.03,21473.16,75554552.867
1712844900000,2024-04-11T14:15:00+00:00,3511.03,3511.6,3486.15,3496.06,20885.16,73052135.5107
1712845800000,2024-04-11T14:30:00+00:00,3496.06,3514.75,3490.49,3504.81,21887.12,76701847.022
1712846700000,2024-04-11T14:45:00+00:00,3504.81,3512.82,3493,3493.69,19381.77,67954850.5372
1712847600000,2024-04-11T15:00:00+00:00,3493.69,3512.05,3491.88,3501.02,17032.92,59651572.1445
1712848500000,2024-04-11T15:15:00+00:00,3501.02,3508.63,3495,3496.56,15081.41,52829855.2655
1712849400000,2024-04-11T15:30:00+00:00,3496.56,3511.65,3487,3502.83,8806.64,30807745.6374
1712850300000,2024-04-11T15:45:00+00:00,3502.83,3511.59,3489.04,3508.94,8003.68,28004942.2791
1712851200000,2024-04-11T16:00:00+00:00,3508.94,3522.68,3503.88,3511.68,11002.75,38664756.4502
1712852100000,2024-04-11T16:15:00+00:00,3511.68,3514.19,3490.26,3493.41,8192.39,28683938.9276
1712853000000,2024-04-11T16:30:00+00:00,3493.41,3501.8,3473,3491.29,16623.07,57935480.045
1712853900000,2024-04-11T16:45:00+00:00,3491.29,3508.94,3483,3504,11412.03,39894719.9181
1712854800000,2024-04-11T17:00:00+00:00,3504,3520.48,3499.08,3515.74,11226.04,39390551.3982
1712855700000,2024-04-11T17:15:00+00:00,3515.74,3521.8,3510.41,3514.3,9387.07,33020336.6075
1712856600000,2024-04-11T17:30:00+00:00,3514.3,3515.82,3502.6,3511.58,17604.95,61781632.0312
1712857500000,2024-04-11T17:45:00+00:00,3511.58,3517.84,3509.95,3513.28,16623.27,58407067.2912
1712858400000,2024-04-11T18:00:00+00:00,3513.28,3518.31,3506.33,3508.43,19915.92,69940098.9392
1712859300000,2024-04-11T18:15:00+00:00,3508.43,3508.55,3503.02,3505.11,19401.9,68020994.6194
1712860200000,2024-04-11T18:30:00+00:00,3505.11,3514.25,3495.63,3512.18,39078.19,136839526.9393
1712861100000,2024-04-11T18:45:00+00:00,3512.18,3513,3500.16,3506.19,9667.08,33887102.2873
1712862000000,2024-04-11T19:00:00+00:00,3506.19,3509.58,3498.22,3505.8,8603.9,30142824.5836
1712862900000,2024-04-11T19:15:00+00:00,3505.8,3513.8,3502.36,3512.68,9038.26,31711591.8264
1712863800000,2024-04-11T19:30:00+00:00,3512.68,3519.98,3509.53,3518.62,8668.24,30465496.5949
1712864700000,2024-04-11T19:45:00+00:00,3518.62,3518.78,3508.49,3518.54,6164.13,21652812.8378
1712865600000,2024-04-11T20:00:00+00:00,3518.54,3521.92,3510.03,3521.46,11896.67,41849217.7328
1712866500000,2024-04-11T20:15:00+00:00,3521.46,3533.19,3518.94,3524.69,7796.01,27488084.967
1712867400000,2024-04-11T20:30:00+00:00,3524.69,3526.13,3518.38,3519.69,9732.5,34278366.2548
1712868300000,2024-04-11T20:45:00+00:00,3519.69,3525.78,3519.29,3525.12,10727.94,37782722.8428
1712869200000,2024-04-11T21:00:00+00:00,3525.12,3525.35,3517.46,3523.55,11558.84,40706248.7027
1712870100000,2024-04-11T21:15:00+00:00,3523.55,3523.77,3500.08,3504.2,12949.43,45464497.145
1712871000000,2024-04-11T21:30:00+00:00,3504.2,3509.93,3495.43,3502.52,17019.47,59636124.9122
1712871900000,2024-04-11T21:45:00+00:00,3502.52,3506,3495.46,3500.7,19935.25,69799968.8589
1712872800000,2024-04-11T22:00:00+00:00,3500.7,3509.99,3496.86,3508.89,19462.95,68176726.2452
1712873700000,2024-04-11T22:15:00+00:00,3508.89,3513.62,3507.58,3511.41,16361.64,57426350.0296
1712874600000,2024-04-11T22:30:00+00:00,3511.41,3511.42,3498.9,3505.71,10147.22,35578620.3267
1712875500000,2024-04-11T22:45:00+00:00,3505.71,3510.69,3502.22,3506.83,9807.72,34398289.3852
1712876400000,2024-04-11T23:00:00+00:00,3506.83,3511.19,3504.13,3504.13,10509.3,36869557.1
1712877300000,2024-04-11T23:15:00+00:00,3504.13,3504.13,3490.08,3497.08,12401.4,43375748.6073
1712878200000,2024-04-11T23:30:00+00:00,3497.08,3505.53,3496.88,3505.39,17332.98,60707481.9712
1712879100000,2024-04-11T23:45:00+00:00,3505.39,3509.4,3502.1,3502.1,16913.84,59308293.1984
1712880000000,2024-04-12T00:00:00+00:00,3502.1,3516.83,3501.13,3512.7,17352.49,60905796.1964
1712880900000,2024-04-12T00:15:00+00:00,3512.7,3520,3509.02,3519.33,17430.56,61252804.9659
1712881800000,2024-04-12T00:30:00+00:00,3519.33,3525.31,3516.82,3525.23,17587.33,61924743.7803
1712882700000,2024-04-12T00:45:00+00:00,3525.23,3526.45,3519.58,3524.35,14839.91,52287743.2818
1712883600000,2024-04-12T01:00:00+00:00,3524.35,3527.61,3512.16,3517.84,15052.8,52993801.3817
1712884500000,2024-04-12T01:15:00+00:00,3517.84,3519.58,3509.26,3511,15308.93,53781815.6925
1712885400000,2024-04-12T01:30:00+00:00,3511,3514.82,3504.87,3511.51,17415.67,61142716.7219
1712886300000,2024-04-12T01:45:00+00:00,3511.51,3515.93,3509.39,3509.39,18299.95,64280239.077
1712887200000,2024-04-12T02:00:00+00:00,3509.39,3524.01,3502.19,3523.64,20372.77,71550076.5631
1712888100000,2024-04-12T02:15:00+00:00,3523.64,3530.59,3516.21,3527.99,17230.87,60725950.397
1712889000000,2024-04-12T02:30:00+00:00,3527.99,3531.22,3523.18,3524.7,13161.18,46423892.6725
1712889900000,2024-04-12T02:45:00+00:00,3524.7,3528.02,3520.28,3520.28,10954.59,38604650.5808
1712890800000,2024-04-12T03:00:00+00:00,3520.28,3526.86,3520.28,3525.27,11412.27,40221971.3867
1712891700000,2024-04-12T03:15:00+00:00,3525.27,3538.46,3522.81,3536.21,12078.2,42616296.744
1712892600000,2024-04-12T03:30:00+00:00,3536.21,3536.4,3530,3531.75,17572.6,62107124.584
1712893500000,2024-04-12T03:45:00+00:00,3531.75,3537.53,3527.77,3535.21,19274.23,68067860.684
1712894400000,2024-04-12T04:00:00+00:00,3535.21,3536.04,3528.69,3534.97,18692.38,66035911.5268
1712895300000,2024-04-12T04:15:00+00:00,3534.97,3542.3,3534.46,3538.89,22635.71,80079649.1702
1712896200000,2024-04-12T04:30:00+00:00,3538.89,3546.55,3538.04,3542.8,11470.91,40644831.6246
1712897100000,2024-04-12T04:45:00+00:00,3542.8,3553.97,3542.8,3547.94,11985.65,42552008.9587
1712898000000,2024-04-12T05:00:00+00:00,3547.94,3552.18,3541.25,3546.09,12555.23,44527147.7637
1712898900000,2024-04-12T05:15:00+00:00,3546.09,3548.17,3543.68,3545.96,11790.72,41811735.9107
1712899800000,2024-04-12T05:30:00+00:00,3545.96,3549.77,3542.94,3542.94,14119.21,50053525.0115
1712900700000,2024-04-12T05:45:00+00:00,3542.94,3546.47,3536.8,3542.97,15535.14,55023327.5353
1712901600000,2024-04-12T06:00:00+00:00,3542.97,3543.93,3535.15,3535.15,13267.06,46950178.25
1712902500000,2024-04-12T06:15:00+00:00,3535.15,3536.28,3527.27,3532.37,17209.13,60809083.545
1712903400000,2024-04-12T06:30:00+00:00,3532.37,3536,3527.81,3533.91,10506.48,37113274.7035
1712904300000,2024-04-12T06:45:00+00:00,3533.91,3536.42,3530.75,3534.95,10156.11,35889615.5142
1712905200000,2024-04-12T07:00:00+00:00,3534.95,3540.55,3531.95,3534.64,9518.81,33665499.7128
1712906100000,2024-04-12T07:15:00+00:00,3534.64,3534.72,3526.91,3533.93,9576.12,33810892.0219
1712907000000,2024-04-12T07:30:00+00:00,3533.93,3534.79,3507.86,3517.5,24155.8,85026109.918
1712907900000,2024-04-12T07:45:00+00:00,3517.5,3518.42,3510.57,3517.15,16761.51,58902152.2832
1712908800000,2024-04-12T08:00:00+00:00,3517.15,3526.03,3513.51,3525.65,15744.41,55414815.0658
1712909700000,2024-04-12T08:15:00+00:00,3525.65,3529.5,3519.78,3523.13,15662.22,55208204.1049
1712910600000,2024-04-12T08:30:00+00:00,3523.13,3524.76,3513.76,3521.45,18214.68,64131403.0013
1712911500000,2024-04-12T08:45:00+00:00,3521.45,3526.17,3518.09,3525.74,21789.74,76763623.6262
1712912400000,2024-04-12T09:00:00+00:00,3525.74,3532.96,3517.03,3526.72,22474.25,79232242.5981
1712913300000,2024-04-12T09:15:00+00:00,3526.72,3526.72,3516.55,3520.11,19961.17,70286373.8256
1712914200000,2024-04-12T09:30:00+00:00,3520.11,3520.49,3509.11,3512.56,12848.11,45180671.9111
1712915100000,2024-04-12T09:45:00+00:00,3512.56,3516.11,3508.54,3514.71,10131.01,35589665.2082
1712916000000,2024-04-12T10:00:00+00:00,3514.71,3518.65,3508.74,3518.32,10995.8,38618423.2531
1712916900000,2024-04-12T10:15:00+00:00,3518.32,3521.66,3512.36,3515.25,8651.8,30424682.4495
1712917800000,2024-04-12T10:30:00+00:00,3515.25,3524.94,3509.28,3518.88,12722.39,44753386.3605
1712918700000,2024-04-12T10:45:00+00:00,3518.88,3533.99,3517.11,3531.37,17703.46,62420100.8348
1712919600000,2024-04-12T11:00:00+00:00,3531.37,3543.13,3528.44,3535.73,15457.95,54674864.7887
1712920500000,2024-04-12T11:15:00+00:00,3535.73,3540,3532.21,3534.97,15832.59,56007488.79
1712921400000,2024-04-12T11:30:00+00:00,3534.97,3540.31,3531.86,3539.12,20362.34,71998997.9318
1712922300000,2024-04-12T11:45:00+00:00,3539.12,3541.89,3532.68,3532.73,23305.24,82420925.4686
1712923200000,2024-04-12T12:00:00+00:00,3532.73,3533.27,3524.8,3526.59,21634.25,76339634.5208
1712924100000,2024-04-12T12:15:00+00:00,3526.59,3526.6,3515.67,3521.22,19170.89,67484599.9631
1712925000000,2024-04-12T12:30:00+00:00,3521.22,3521.22,3486.97,3492.14,30270.78,106016743.1091
1712925900000,2024-04-12T12:45:00+00:00,3492.14,3502,3490.2,3497.87,24136.16,84398775.3272
1712926800000,2024-04-12T13:00:00+00:00,3497.87,3497.87,3476.61,3491.13,24826.16,86500943.8326
1712927700000,2024-04-12T13:15:00+00:00,3491.13,3491.13,3467.03,3477.15,28542.22,99294838.9137
1712928600000,2024-04-12T13:30:00+00:00,3477.15,3485.66,3451.54,3455.71,40655.79,140960989.1966
1712929500000,2024-04-12T13:45:00+00:00,3455.71,3468.14,3448.62,3462.57,39106.49,135232574.1647
1712930400000,2024-04-12T14:00:00+00:00,3462.57,3474.31,3453,3462.72,19854.58,68775735.9784
1712931300000,2024-04-12T14:15:00+00:00,3462.72,3472.54,3457.86,3464.43,15044.3,52154016.9076
1712932200000,2024-04-12T14:30:00+00:00,3464.43,3472.86,3450.65,3462.61,22203.37,76856580.1447
1712933100000,2024-04-12T14:45:00+00:00,3462.61,3462.61,3437.93,3441.42,23379.35,80613747.1028
1712934000000,2024-04-12T15:00:00+00:00,3441.42,3453.23,3439.16,3443.59,15869.17,54667870.8637
1712934900000,2024-04-12T15:15:00+00:00,3443.59,3457.62,3440.74,3456.88,21880.21,75454675.8646
1712935800000,2024-04-12T15:30:00+00:00,3456.88,3457.74,3441.27,3444.55,22103.43,76272316.4293
1712936700000,2024-04-12T15:45:00+00:00,3444.55,3446.6,3439.52,3439.78,25272.53,87026765.2621
1712937600000,2024-04-12T16:00:00+00:00,3439.78,3454.5,3427.05,3427.52,33541.32,115375802.0346
1712938500000,2024-04-12T16:15:00+00:00,3427.52,3436.8,3407.07,3429.7,35215.57,120623355.4952
1712939400000,2024-04-12T16:30:00+00:00,3429.7,3438.75,3421.39,3423.38,13471.05,46209719.2721
1712940300000,2024-04-12T16:45:00+00:00,3423.38,3438.83,3422,3423.66,10639.93,36492630.214
1712941200000,2024-04-12T17:00:00+00:00,3423.66,3428.41,3410.83,3416.96,12328.77,42166135.0439
1712942100000,2024-04-12T17:15:00+00:00,3416.96,3419.39,3269.22,3317.3,50176.14,168517278.373
1712943000000,2024-04-12T17:30:00+00:00,3317.3,3347.5,3301.09,3339.07,26509.08,88139336.8546
1712943900000,2024-04-12T17:45:00+00:00,3339.07,3348.17,3318.68,3324.34,14538.61,48461737.4317
1712944800000,2024-04-12T18:00:00+00:00,3324.34,3340.92,3316.86,3337.34,13542.51,45070316.352
1712945700000,2024-04-12T18:15:00+00:00,3337.34,3338.32,3282,3302.72,25584.49,84581127.8663
1712946600000,2024-04-12T18:30:00+00:00,3302.72,3305.03,3062.24,3225.25,163608.76,523481904.8939
1712947500000,2024-04-12T18:45:00+00:00,3225.25,3238.04,3190.85,3210.86,59975.82,193054459.7335
1712948400000,2024-04-12T19:00:00+00:00,3210.86,3232.41,3197.09,3218.2,35509.46,114137175.4234
1712949300000,2024-04-12T19:15:00+00:00,3218.2,3230.96,3209.11,3223.34,29056.48,93655293.5554
1712950200000,2024-04-12T19:30:00+00:00,3223.34,3241.69,3211,3221.05,27587.31,88950536.442
1712951100000,2024-04-12T19:45:00+00:00,3221.05,3224.28,3193.23,3205.5,29812.96,95661627.8224
1712952000000,2024-04-12T20:00:00+00:00,3205.5,3250,3200.07,3248.72,37206.8,120024127.9256
1712952900000,2024-04-12T20:15:00+00:00,3248.72,3256.18,3238.39,3245.25,28036.93,91013034.4965
1712953800000,2024-04-12T20:30:00+00:00,3245.25,3246.69,3232.8,3236.36,19711.13,63847372.2127
1712954700000,2024-04-12T20:45:00+00:00,3236.36,3242.11,3215,3225.46,23449.68,75637240.1747
1712955600000,2024-04-12T21:00:00+00:00,3225.46,3225.64,3207.32,3213.89,27478.11,88332026.3099
1712956500000,2024-04-12T21:15:00+00:00,3213.89,3223.2,3211.1,3220.09,22752.92,73213612.5199
1712957400000,2024-04-12T21:30:00+00:00,3220.09,3220.34,3206.86,3213.78,23200.62,74593045.4904
1712958300000,2024-04-12T21:45:00+00:00,3213.78,3219.64,3209.67,3218.21,30297.8,97443582.0744
1712959200000,2024-04-12T22:00:00+00:00,3218.21,3219.98,3209.67,3219.63,23056.5,74118213.7386
1712960100000,2024-04-12T22:15:00+00:00,3219.63,3230.48,3217.06,3221.8,31399.57,101201464.8355
1712961000000,2024-04-12T22:30:00+00:00,3221.8,3224.17,3214.86,3215.52,14454.56,46537295.4143
1712961900000,2024-04-12T22:45:00+00:00,3215.52,3218.46,3209.54,3218.35,15439.24,49621205.0456
1712962800000,2024-04-12T23:00:00+00:00,3218.35,3219.06,3206.11,3217.76,14056.83,45150425.4501
1712963700000,2024-04-12T23:15:00+00:00,3217.76,3226.81,3212.25,3224.3,14263.87,45900488.7245
1712964600000,2024-04-12T23:30:00+00:00,3224.3,3244.88,3221.61,3240.87,25552.18,82602274.728
1712965500000,2024-04-12T23:45:00+00:00,3240.87,3245.4,3236.41,3236.41,18830.59,61036280.0613
1712966400000,2024-04-13T00:00:00+00:00,3236.41,3236.43,3224.06,3224.57,20533.52,66284232.1976
1712967300000,2024-04-13T00:15:00+00:00,3224.57,3234.25,3216.5,3233.66,26842.38,86572884.5571
1712968200000,2024-04-13T00:30:00+00:00,3233.66,3235.99,3216.63,3221.09,20363.2,65685010.4765
1712969100000,2024-04-13T00:45:00+00:00,3221.09,3232.78,3219.02,3232.54,19118.24,61675348.5057
1712970000000,2024-04-13T01:00:00+00:00,3232.54,3233.31,3212.57,3215.17,17179.91,55342872.8225
1712970900000,2024-04-13T01:15:00+00:00,3215.17,3218.92,3198.86,3203.8,24266.47,77852389.6952
1712971800000,2024-04-13T01:30:00+00:00,3203.8,3203.8,3166,3183.98,28923.31,92166738.0596
1712972700000,2024-04-13T01:45:00+00:00,3183.98,3184.02,3141.49,3159.56,30828.64,97571195.8637
1712973600000,2024-04-13T02:00:00+00:00,3159.56,3187.02,3158.23,3185.14,27158.09,86235631.6942
1712974500000,2024-04-13T02:15:00+00:00,3185.14,3199.82,3167.78,3199.82,24815.2,79082739.1073
1712975400000,2024-04-13T02:30:00+00:00,3199.82,3210.87,3189.59,3210.21,16370.09,52364365.9862
1712976300000,2024-04-13T02:45:00+00:00,3210.21,3215,3202.75,3211.71,18308.26,58745388.3314
1712977200000,2024-04-13T03:00:00+00:00,3211.71,3217.77,3201.58,3203.44,16823.68,53969859.3974
1712978100000,2024-04-13T03:15:00+00:00,3203.44,3212.73,3201.84,3212.73,15289.36,49057617.0041
1712979000000,2024-04-13T03:30:00+00:00,3212.73,3224.93,3212.57,3219.45,17965.66,57832074.4903
1712979900000,2024-04-13T03:45:00+00:00,3219.45,3232.09,3217.9,3229.25,16727.57,53919529.3249
1712980800000,2024-04-13T04:00:00+00:00,3229.25,3230.79,3221.94,3230.79,14426.42,46548544.4801
1712981700000,2024-04-13T04:15:00+00:00,3230.79,3237.58,3223.99,3236.53,18887.76,61026719.9809
1712982600000,2024-04-13T04:30:00+00:00,3236.53,3250,3230.85,3248.05,28967.58,93797214.6942
1712983500000,2024-04-13T04:45:00+00:00,3248.05,3264.05,3244.59,3254.63,24595.15,80097506.3651
1712984400000,2024-04-13T05:00:00+00:00,3254.63,3261.5,3250.33,3253.79,31502.07,102567696.8598
1712985300000,2024-04-13T05:15:00+00:00,3253.79,3260.5,3249.24,3258.54,27458.12,89413552.8644
1712986200000,2024-04-13T05:30:00+00:00,3258.54,3258.54,3245.75,3251.93,16518.88,53695290.8187
1712987100000,2024-04-13T05:45:00+00:00,3251.93,3256.83,3245.65,3246.62,16531.51,53731613.2125
1712988000000,2024-04-13T06:00:00+00:00,3246.62,3255.36,3246.41,3249.21,17998.92,58515439.4852
1712988900000,2024-04-13T06:15:00+00:00,3249.21,3258.24,3244.88,3257.09,16434.99,53390424.3703
1712989800000,2024-04-13T06:30:00+00:00,3257.09,3263.68,3249.13,3261.61,25116.02,81812317.774
1712990700000,2024-04-13T06:45:00+00:00,3261.61,3266.84,3254.36,3264.83,25770.76,83990687.9315
1712991600000,2024-04-13T07:00:00+00:00,3264.83,3272.24,3254.98,3255.98,23822.91,77740880.7567
1712992500000,2024-04-13T07:15:00+00:00,3255.98,3255.98,3246.96,3253.5,26830.92,87257576.1643
1712993400000,2024-04-13T07:30:00+00:00,3253.5,3263.31,3248.86,3258.82,14606.18,47569191.1135
1712994300000,2024-04-13T07:45:00+00:00,3258.82,3261.24,3252.32,3257.03,11481.26,37380977.3122
1712995200000,2024-04-13T08:00:00+00:00,3257.03,3258.77,3248.04,3249.9,11813.14,38428015.2874
1712996100000,2024-04-13T08:15:00+00:00,3249.9,3263,3248.5,3263,12699.72,41346180.3693
1712997000000,2024-04-13T08:30:00+00:00,3263,3263.33,3252.04,3252.98,16390.04,53398359.1206
1712997900000,2024-04-13T08:45:00+00:00,3252.98,3255.63,3246.05,3250.55,17258.42,56102938.4291
1712998800000,2024-04-13T09:00:00+00:00,3250.55,3260.53,3246.45,3252.18,14198.72,46194131.7105
1712999700000,2024-04-13T09:15:00+00:00,3252.18,3260,3252.18,3256.75,14737.49,47987855.2767
1713000600000,2024-04-13T09:30:00+00:00,3256.75,3264.71,3252.45,3261.61,13153.86,42871619.4756
1713001500000,2024-04-13T09:45:00+00:00,3261.61,3270.86,3258,3264.79,15094.12,49265055.9885
1713002400000,2024-04-13T10:00:00+00:00,3264.79,3270.54,3260.72,3269.31,13072.63,42685539.2203
1713003300000,2024-04-13T10:15:00+00:00,3269.31,3270,3257.43,3260,12176.44,39759748.3256
1713004200000,2024-04-13T10:30:00+00:00,3260,3269.18,3260,3264.18,21791.39,71165173.4789
1713005100000,2024-04-13T10:45:00+00:00,3264.18,3278.88,3264.18,3275.13,28386.73,92858890.5615
1713006000000,2024-04-13T11:00:00+00:00,3275.13,3301.83,3274.23,3281.84,28375.22,93257599.6688
1713006900000,2024-04-13T11:15:00+00:00,3281.84,3292.93,3275.39,3275.43,24901.43,81850249.9806
1713007800000,2024-04-13T11:30:00+00:00,3275.43,3283.7,3275.43,3278.99,17522.49,57473471.6029
1713008700000,2024-04-13T11:45:00+00:00,3278.99,3278.99,3264.7,3266.96,27388.52,89536611.4836
1713009600000,2024-04-13T12:00:00+00:00,3266.96,3272.41,3256.63,3261.45,23453.61,76564163.9924
1713010500000,2024-04-13T12:15:00+00:00,3261.45,3266.96,3257.95,3263,21436.22,69950083.1286
1713011400000,2024-04-13T12:30:00+00:00,3263,3288.91,3263,3276,25489.41,83463531.5034
1713012300000,2024-04-13T12:45:00+00:00,3276,3286.28,3274.84,3276.22,22758.13,74632950.9309
1713013200000,2024-04-13T13:00:00+00:00,3276.22,3289.9,3276,3283.25,23269.71,76366340.2017
1713014100000,2024-04-13T13:15:00+00:00,3283.25,3288.97,3276.18,3280.09,24911.32,81810054.3544
1713015000000,2024-04-13T13:30:00+00:00,3280.09,3280.39,3262.69,3265.58,18634.66,60936961.5968
1713015900000,2024-04-13T13:45:00+00:00,3265.58,3272.92,3265.23,3269.01,15983.41,52247097.0554
1713016800000,2024-04-13T14:00:00+00:00,3269.01,3273.91,3263.69,3272.48,14648.61,47896658.0657
1713017700000,2024-04-13T14:15:00+00:00,3272.48,3277.29,3267.95,3270.37,15364.49,50277184.2732
1713018600000,2024-04-13T14:30:00+00:00,3270.37,3271.18,3250.26,3258.73,19017.96,61979301.771
1713019500000,2024-04-13T14:45:00+00:00,3258.73,3262.95,3250.84,3260.47,23782.53,77508097.9527
1713020400000,2024-04-13T15:00:00+00:00,3260.47,3266.1,3253.54,3255,20571.5,67048704.5757
1713021300000,2024-04-13T15:15:00+00:00,3255,3295.48,3255,3293.21,22306.16,72918883.0782
1713022200000,2024-04-13T15:30:00+00:00,3293.21,3296.67,3276.67,3280.18,13074.99,42927701.919
1713023100000,2024-04-13T15:45:00+00:00,3280.18,3284.79,3267.84,3271,11167.2,36564139.2106
1713024000000,2024-04-13T16:00:00+00:00,3271,3278.9,3256.03,3260.85,12340.4,40320680.2877
1713024900000,2024-04-13T16:15:00+00:00,3260.85,3267.5,3226.35,3247.57,16127.1,52440072.7253
1713025800000,2024-04-13T16:30:00+00:00,3247.57,3264.22,3246.21,3253.71,12282.53,40017032.3464
1713026700000,2024-04-13T16:45:00+00:00,3253.71,3253.71,3235.35,3244.66,12915.59,41887015.6499
1713027600000,2024-04-13T17:00:00+00:00,3244.66,3245.58,3217.75,3228.12,19700.57,63710969.0922
1713028500000,2024-04-13T17:15:00+00:00,3228.12,3240.48,3201.83,3209.81,19886.78,64024818.7573
1713029400000,2024-04-13T17:30:00+00:00,3209.81,3226.31,3187.07,3213.29,16355.69,52495731.0562
1713030300000,2024-04-13T17:45:00+00:00,3213.29,3220.45,3188.26,3193.17,12476.53,40034191.6159
1713031200000,2024-04-13T18:00:00+00:00,3193.17,3210.67,3180.39,3208.85,13442.52,42924094.5851
1713032100000,2024-04-13T18:15:00+00:00,3208.85,3228.54,3208.85,3218.7,13554.35,43647335.2582
1713033000000,2024-04-13T18:30:00+00:00,3218.7,3231.46,3208.63,3230.19,20536.15,66065658.9618
1713033900000,2024-04-13T18:45:00+00:00,3230.19,3237.96,3219.66,3233.19,18981.87,61303220.5509
1713034800000,2024-04-13T19:00:00+00:00,3233.19,3236.51,3216.68,3217.53,20258.11,65363106.0446
1713035700000,2024-04-13T19:15:00+00:00,3217.53,3219.73,3208.97,3210.34,18677.88,60007438.1643
1713036600000,2024-04-13T19:30:00+00:00,3210.34,3219.02,3190.48,3190.82,26013.13,83390573.8142
1713037500000,2024-04-13T19:45:00+00:00,3190.82,3192.39,2970.8,3082.54,133196.57,410164247.458
1713038400000,2024-04-13T20:00:00+00:00,3082.54,3091,2791.16,2936.37,157510.09,464784886.8885
1713039300000,2024-04-13T20:15:00+00:00,2936.37,2956.1,2861.34,2922,137636.17,402102111.1963
1713040200000,2024-04-13T20:30:00+00:00,2922,2976.88,2922,2960.3,81131.32,239782305.5306
1713041100000,2024-04-13T20:45:00+00:00,2960.3,2964.4,2883.54,2909.58,85637.28,249198886.9764
1713042000000,2024-04-13T21:00:00+00:00,2909.58,2946.67,2909.58,2920.29,41428.83,121307364.3809
1713042900000,2024-04-13T21:15:00+00:00,2920.29,2926.65,2857.37,2863.21,46802.15,135204818.2172
1713043800000,2024-04-13T21:30:00+00:00,2863.21,2901.73,2858.9,2894.96,38762.16,111952518.8543
1713044700000,2024-04-13T21:45:00+00:00,2894.96,2950.86,2894.64,2949.77,50257.99,146760211.7602
1713045600000,2024-04-13T22:00:00+00:00,2949.77,2949.77,2896.62,2906.35,29208.28,85250445.0784
1713046500000,2024-04-13T22:15:00+00:00,2906.35,2944.74,2904.29,2936.27,34216.38,100352917.4623
1713047400000,2024-04-13T22:30:00+00:00,2936.27,3023.88,2935.29,3022.02,65087.07,194633281.9405
1713048300000,2024-04-13T22:45:00+00:00,3022.02,3031.58,2992.52,3016.63,31602.76,95082026.2561
1713049200000,2024-04-13T23:00:00+00:00,3016.63,3061.33,3015.03,3039.24,44083.18,134071940.3087
1713050100000,2024-04-13T23:15:00+00:00,3039.24,3050.63,3012,3022.94,32411.81,98383671.822
1713051000000,2024-04-13T23:30:00+00:00,3022.94,3039.58,3020.36,3020.36,23193.06,70271693.8913
1713051900000,2024-04-13T23:45:00+00:00,3020.36,3027.22,2995,3004.36,25080.4,75592772.6734
1713052800000,2024-04-14T00:00:00+00:00,3004.36,3017.43,2996.75,3000.72,20651.78,62160552.483
1713053700000,2024-04-14T00:15:00+00:00,3000.72,3006.67,2902.71,2964.7,57300.21,169210392.1372
1713054600000,2024-04-14T00:30:00+00:00,2964.7,2991.88,2956,2987.44,22755.81,67716722.5253
1713055500000,2024-04-14T00:45:00+00:00,2987.44,2995.94,2955.89,2965.7,22780.06,67715854.202
1713056400000,2024-04-14T01:00:00+00:00,2965.7,2973.83,2932.58,2952.05,16771.16,49550012.844
1713057300000,2024-04-14T01:15:00+00:00,2952.05,2990.87,2948.51,2983.6,19570.71,58181505.9292
1713058200000,2024-04-14T01:30:00+00:00,2983.6,3008.12,2983.1,2996.11,17732.5,53111862.3046
1713059100000,2024-04-14T01:45:00+00:00,2996.11,3006.54,2985.09,2990.22,14074.38,42140734.68
1713060000000,2024-04-14T02:00:00+00:00,2990.22,3003.68,2978.95,2981.97,11686.36,34927605.5282
1713060900000,2024-04-14T02:15:00+00:00,2981.97,2983,2965.12,2975.16,12442.02,37009850.2613
1713061800000,2024-04-14T02:30:00+00:00,2975.16,2977.47,2951.75,2955.42,19780.61,58622749.2856
1713062700000,2024-04-14T02:45:00+00:00,2955.42,2969.26,2950.5,2954.15,15602.74,46186855.3663
1713063600000,2024-04-14T03:00:00+00:00,2954.15,2958.21,2909.97,2911.97,18727.35,54893396.1123
1713064500000,2024-04-14T03:15:00+00:00,2911.97,2944.27,2910,2930.92,23215.71,68064872.0999
1713065400000,2024-04-14T03:30:00+00:00,2930.92,2965.07,2929.74,2960.54,18612.98,54991393.037
1713066300000,2024-04-14T03:45:00+00:00,2960.54,2975.11,2948.04,2968.27,22105.68,65387411.9429
1713067200000,2024-04-14T04:00:00+00:00,2968.27,2986.66,2962.89,2984,23477.44,69840233.3631
1713068100000,2024-04-14T04:15:00+00:00,2984,3041.26,2982.26,3039.86,24579.87,74089219.1658
1713069000000,2024-04-14T04:30:00+00:00,3039.86,3048.46,3028.03,3038.46,21121.13,64121752.4587
1713069900000,2024-04-14T04:45:00+00:00,3038.46,3045.88,3030.41,3040.48,18557.44,56368202.2197
1713070800000,2024-04-14T05:00:00+00:00,3040.48,3066.65,3035.42,3060.25,22783.71,69484138.437
1713071700000,2024-04-14T05:15:00+00:00,3060.25,3060.99,3033.95,3049.67,20115.23,61230600.4365
1713072600000,2024-04-14T05:30:00+00:00,3049.67,3077.53,3045,3067.79,27685.53,84796906.3015
1713073500000,2024-04-14T05:45:00+00:00,3067.79,3074.04,3057.5,3071.08,32721.31,100374757.81
1713074400000,2024-04-14T06:00:00+00:00,3071.08,3073.6,3053.45,3063.96,29290.53,89706179.5598
1713075300000,2024-04-14T06:15:00+00:00,3063.96,3090.55,3057.54,3086.84,40817.17,125420268.7659
1713076200000,2024-04-14T06:30:00+00:00,3086.84,3095.23,3076.18,3095.23,14833.02,45777699.1347
1713077100000,2024-04-14T06:45:00+00:00,3095.23,3096.91,3081.92,3089.1,13602.26,42040545.6537
1713078000000,2024-04-14T07:00:00+00:00,3089.1,3100.72,3077.29,3078.25,13891.91,42922366.8983
1713078900000,2024-04-14T07:15:00+00:00,3078.25,3088.17,3069.24,3075.54,13031.62,40149739.9439
1713079800000,2024-04-14T07:30:00+00:00,3075.54,3091.57,3074.45,3084.74,14635.38,45128179.0381
1713080700000,2024-04-14T07:45:00+00:00,3084.74,3086.02,3071.92,3081.86,19829.25,61067864.8606
1713081600000,2024-04-14T08:00:00+00:00,3081.86,3089.63,3075.95,3086.54,22187.28,68395837.5645
1713082500000,2024-04-14T08:15:00+00:00,3086.54,3098.12,3076.78,3096.25,20900.79,64500220.4853
1713083400000,2024-04-14T08:30:00+00:00,3096.25,3096.85,3077.79,3079.29,20572.41,63551220.185
1713084300000,2024-04-14T08:45:00+00:00,3079.29,3079.29,3055.2,3067.73,31449.66,96401214.4255
1713085200000,2024-04-14T09:00:00+00:00,3067.73,3075.47,3052.92,3055.98,26227.45,80397409.974
1713086100000,2024-04-14T09:15:00+00:00,3055.98,3062.69,3045.03,3054.16,26528.07,80994231.9958
1713087000000,2024-04-14T09:30:00+00:00,3054.16,3060.61,3024.14,3034.07,37896.25,115249737.1725
1713087900000,2024-04-14T09:45:00+00:00,3034.07,3043.84,3025.69,3041.61,36090.75,109544810.1173
1713088800000,2024-04-14T10:00:00+00:00,3041.61,3052.96,3037.58,3039.74,33111.86,100850454.9166
1713089700000,2024-04-14T10:15:00+00:00,3039.74,3047.05,3029.15,3041.98,33655.4,102189656.6257
1713090600000,2024-04-14T10:30:00+00:00,3041.98,3065.82,3041.91,3056.68,41010.99,125238214.5578
1713091500000,2024-04-14T10:45:00+00:00,3056.68,3062.89,3052.16,3053.54,36713.31,112205413.1937
1713092400000,2024-04-14T11:00:00+00:00,3053.54,3059.64,3030.29,3035.1,41432.45,126062618.103
1713093300000,2024-04-14T11:15:00+00:00,3035.1,3036.45,3015.42,3025.15,48569.07,146924026.975
1713094200000,2024-04-14T11:30:00+00:00,3025.15,3031.27,3006.98,3009.99,36582.75,110551713.8509
1713095100000,2024-04-14T11:45:00+00:00,3009.99,3027.25,3009.65,3025.97,33054.4,99843980.3761
1713096000000,2024-04-14T12:00:00+00:00,3025.97,3045.21,3020.71,3028.96,36921.71,111973609.8114
1713096900000,2024-04-14T12:15:00+00:00,3028.96,3043.09,3026.39,3026.46,36318.17,110189889.9096
1713097800000,2024-04-14T12:30:00+00:00,3026.46,3042.94,3024.87,3042.4,16258.58,49375573.9283
1713098700000,2024-04-14T12:45:00+00:00,3042.4,3066.31,3034.07,3042.99,20312.7,61949007.1794
1713099600000,2024-04-14T13:00:00+00:00,3042.99,3062.72,3033.67,3060.65,18860.41,57501136.8313
1713100500000,2024-04-14T13:15:00+00:00,3060.65,3066.63,3050,3053.41,18908.25,57765267.7427
1713101400000,2024-04-14T13:30:00+00:00,3053.41,3056.92,3036.24,3040.19,22732.41,69181878.9603
1713102300000,2024-04-14T13:45:00+00:00,3040.19,3047.42,3025.92,3031.63,35391.21,107354346.5326
1713103200000,2024-04-14T14:00:00+00:00,3031.63,3034.13,3004.07,3013.29,35333,106590599.1414
1713104100000,2024-04-14T14:15:00+00:00,3013.29,3023.64,3008.06,3022.46,30672.38,92572931.1031
1713105000000,2024-04-14T14:30:00+00:00,3022.46,3057.33,3010.99,3044.75,31112.54,94392482.8806
1713105900000,2024-04-14T14:45:00+00:00,3044.75,3052.19,3025.04,3034.62,30986.11,94080548.9767
1713106800000,2024-04-14T15:00:00+00:00,3034.62,3047.84,3030.49,3037.18,26038.66,79174980.5353
1713107700000,2024-04-14T15:15:00+00:00,3037.18,3067.37,3036.14,3061.94,25370.09,77321068.0532
1713108600000,2024-04-14T15:30:00+00:00,3061.94,3073.24,3045.39,3053.36,30654.48,93659338.3728
1713109500000,2024-04-14T15:45:00+00:00,3053.36,3060.48,3041.72,3054.23,29722.73,90648086.1846
1713110400000,2024-04-14T16:00:00+00:00,3054.23,3071.94,3050.68,3068.4,30094.14,92211512.2934
1713111300000,2024-04-14T16:15:00+00:00,3068.4,3096.43,3067.24,3093.24,33615.93,103544049.4402
1713112200000,2024-04-14T16:30:00+00:00,3093.24,3099.15,3080.66,3088.21,30375.91,93803050.1514
1713113100000,2024-04-14T16:45:00+00:00,3088.21,3094.2,3076.47,3079,23124.22,71280243.3877
1713114000000,2024-04-14T17:00:00+00:00,3079,3092.84,3033.74,3038.33,40084.14,122801825.5606
1713114900000,2024-04-14T17:15:00+00:00,3038.33,3045.66,2976.38,3016.08,82347.11,247666212.6209
1713115800000,2024-04-14T17:30:00+00:00,3016.08,3087.91,3013.72,3064.92,77955.82,238342371.667
1713116700000,2024-04-14T17:45:00+00:00,3064.92,3073.93,3040.09,3049.07,31951.61,97612055.3511
1713117600000,2024-04-14T18:00:00+00:00,3049.07,3087,3036.71,3080.13,30976.47,94757710.1264
1713118500000,2024-04-14T18:15:00+00:00,3080.13,3086.16,3058.47,3069.09,29979,92057299.8485
1713119400000,2024-04-14T18:30:00+00:00,3069.09,3087.02,3067.23,3081.97,13537.77,41687038.4625
1713120300000,2024-04-14T18:45:00+00:00,3081.97,3090.49,3073.25,3081.36,13329.56,41060227.5308
1713121200000,2024-04-14T19:00:00+00:00,3081.36,3088.33,3069.24,3069.24,11780.28,36226321.9807
1713122100000,2024-04-14T19:15:00+00:00,3069.24,3076.9,3059.26,3062.98,17383.2,53305991.9706
1713123000000,2024-04-14T19:30:00+00:00,3062.98,3077.42,3059.54,3072.92,17081.14,52433390.1887
1713123900000,2024-04-14T19:45:00+00:00,3072.92,3082.41,3067.67,3071.47,18018.9,55352410.8871
1713124800000,2024-04-14T20:00:00+00:00,3071.47,3087.87,3063.5,3067.63,22825.19,70214165.1626
1713125700000,2024-04-14T20:15:00+00:00,3067.63,3075.99,3064.32,3073.67,23906.26,73414609.3071
1713126600000,2024-04-14T20:30:00+00:00,3073.67,3081.01,3070.56,3075.05,24194.03,74396098.0295
1713127500000,2024-04-14T20:45:00+00:00,3075.05,3075.06,3055.44,3064.97,21150.25,64797145.1274
1713128400000,2024-04-14T21:00:00+00:00,3064.97,3069.6,3055.53,3062.86,24977.47,76517060.2595
1713129300000,2024-04-14T21:15:00+00:00,3062.86,3070.28,3045.13,3058.87,33720.12,103094532.182
1713130200000,2024-04-14T21:30:00+00:00,3058.87,3062.84,3048.92,3049.91,12228.6,37342877.7383
1713131100000,2024-04-14T21:45:00+00:00,3049.91,3069.08,3047.63,3063.29,12071.48,36914374.3581
1713132000000,2024-04-14T22:00:00+00:00,3063.29,3162.36,3063.29,3140.83,45645.2,142749260.8593
1713132900000,2024-04-14T22:15:00+00:00,3140.83,3161.15,3129.24,3152.92,13534.38,42609073.6445
1713133800000,2024-04-14T22:30:00+00:00,3152.92,3170.21,3143.84,3153.77,14153.74,44674234.1699
1713134700000,2024-04-14T22:45:00+00:00,3153.77,3163.46,3145.33,3154.09,25291.97,79805686.7664
1713135600000,2024-04-14T23:00:00+00:00,3154.09,3160.21,3146.99,3154.53,15410.03,48604856.4169
1713136500000,2024-04-14T23:15:00+00:00,3154.53,3172.44,3146.66,3159.05,15513.48,48990329.2699
1713137400000,2024-04-14T23:30:00+00:00,3159.05,3161.71,3149.63,3161.13,25182.46,79436917.8307
1713138300000,2024-04-14T23:45:00+00:00,3161.13,3161.13,3146.54,3152.63,25931.52,81725133.7465
1713139200000,2024-04-15T00:00:00+00:00,3152.63,3152.63,3133.89,3137.98,22490.87,70672099.5154
1713140100000,2024-04-15T00:15:00+00:00,3137.98,3138.68,3122,3123.05,24816.48,77663290.0987
1713141000000,2024-04-15T00:30:00+00:00,3123.05,3132.44,3105.18,3118.47,29613.62,92365558.6653
1713141900000,2024-04-15T00:45:00+00:00,3118.47,3123.86,3098.78,3110.5,28055.98,87298301.2156
1713142800000,2024-04-15T01:00:00+00:00,3110.5,3117.27,3098.53,3109.65,26531.55,82420538.0979
1713143700000,2024-04-15T01:15:00+00:00,3109.65,3121.99,3108.41,3121.3,21894.87,68245735.9697
1713144600000,2024-04-15T01:30:00+00:00,3121.3,3126.85,3115.98,3121.84,21318.51,66524543.0831
1713145500000,2024-04-15T01:45:00+00:00,3121.84,3130.76,3110.68,3126.37,25243.12,78805019.4553
1713146400000,2024-04-15T02:00:00+00:00,3126.37,3136.26,3124.82,3126.85,20064.66,62799816.2465
1713147300000,2024-04-15T02:15:00+00:00,3126.85,3141.21,3124.06,3136.2,22412.83,70172029.1316
1713148200000,2024-04-15T02:30:00+00:00,3136.2,3138.09,3122.49,3130.63,20216.09,63249846.66
1713149100000,2024-04-15T02:45:00+00:00,3130.63,3145.71,3127.25,3136.13,22343.49,70061331.4368
1713150000000,2024-04-15T03:00:00+00:00,3136.13,3146.19,3131.49,3137.82,21067.87,66149423.1209
1713150900000,2024-04-15T03:15:00+00:00,3137.82,3145.95,3133.48,3144.33,22375.32,70245799.3373
1713151800000,2024-04-15T03:30:00+00:00,3144.33,3154.34,3140.33,3154.09,20819.45,65515055.9589
1713152700000,2024-04-15T03:45:00+00:00,3154.09,3154.09,3142.13,3143.05,14985.94,47156099.5121
1713153600000,2024-04-15T04:00:00+00:00,3143.05,3145.96,3120.99,3125.24,20562.13,64430769.417
1713154500000,2024-04-15T04:15:00+00:00,3125.24,3137.03,3120.12,3135.57,16717.03,52381065.6993
1713155400000,2024-04-15T04:30:00+00:00,3135.57,3139.16,3126.33,3136.14,24321.45,76180454.463
1713156300000,2024-04-15T04:45:00+00:00,3136.14,3139.81,3132.44,3136.35,17753.91,55675475.9915
1713157200000,2024-04-15T05:00:00+00:00,3136.35,3142.67,3133.18,3135.29,17273.57,54193460.8623
1713158100000,2024-04-15T05:15:00+00:00,3135.29,3144.03,3131.72,3140.22,21373.82,67077043.8586
1713159000000,2024-04-15T05:30:00+00:00,3140.22,3152,3139.23,3144.22,21572.31,67845051.7425
1713159900000,2024-04-15T05:45:00+00:00,3144.22,3159.04,3143.72,3155.57,29311.87,92348440.3726
1713160800000,2024-04-15T06:00:00+00:00,3155.57,3192.31,3154.48,3188.05,32512.62,103016516.5573
1713161700000,2024-04-15T06:15:00+00:00,3188.05,3244.46,3188.05,3242.59,40730.87,131020213.4326
1713162600000,2024-04-15T06:30:00+00:00,3242.59,3253.49,3235.1,3239.82,27024.82,87632065.343
1713163500000,2024-04-15T06:45:00+00:00,3239.82,3242.99,3222.86,3238.14,20619.73,66694130.8414
1713164400000,2024-04-15T07:00:00+00:00,3238.14,3246.31,3221.88,3229.59,19726.19,63741933.0949
1713165300000,2024-04-15T07:15:00+00:00,3229.59,3245.61,3229.32,3234.09,20092.6,65029896.3421
1713166200000,2024-04-15T07:30:00+00:00,3234.09,3244.48,3231.84,3239.32,17145.61,55556183.7954
1713167100000,2024-04-15T07:45:00+00:00,3239.32,3250.64,3232.52,3239.82,19855.68,64371049.1588
1713168000000,2024-04-15T08:00:00+00:00,3239.82,3252.77,3231.94,3237.33,22454.57,72827330.5499
1713168900000,2024-04-15T08:15:00+00:00,3237.33,3262.39,3236.11,3251.84,17846.98,58023594.1052
1713169800000,2024-04-15T08:30:00+00:00,3251.84,3262.59,3251.27,3256.42,20448.9,66582467.4734
1713170700000,2024-04-15T08:45:00+00:00,3256.42,3257.19,3242.42,3246.71,25351.72,82357046.8115
1713171600000,2024-04-15T09:00:00+00:00,3246.71,3248.59,3231.86,3241.59,22618.82,73256422.9763
1713172500000,2024-04-15T09:15:00+00:00,3241.59,3257.41,3239.85,3247.58,26732.35,86843320.4311
1713173400000,2024-04-15T09:30:00+00:00,3247.58,3256.25,3241.46,3252.34,24154.35,78469210.8124
1713174300000,2024-04-15T09:45:00+00:00,3252.34,3260.59,3249.03,3251,24356.71,79262781.4804
1713175200000,2024-04-15T10:00:00+00:00,3251,3258.33,3246.49,3255.66,23973.61,77989978.4527
1713176100000,2024-04-15T10:15:00+00:00,3255.66,3258.59,3247.37,3250.3,23644.33,76914916.8363
1713177000000,2024-04-15T10:30:00+00:00,3250.3,3254.18,3248,3251.56,28718.11,93356072.1069
1713177900000,2024-04-15T10:45:00+00:00,3251.56,3266.59,3249.56,3258.48,33010.38,107550046.0808
1713178800000,2024-04-15T11:00:00+00:00,3258.48,3275.95,3241.35,3243.18,30199.1,98368175.7988
1713179700000,2024-04-15T11:15:00+00:00,3243.18,3254.66,3237.85,3244.21,25657.18,83310598.4225
1713180600000,2024-04-15T11:30:00+00:00,3244.21,3244.77,3224.34,3235.18,15842.79,51265463.698
1713181500000,2024-04-15T11:45:00+00:00,3235.18,3240.72,3225,3227.67,11402.83,36884448.304
1713182400000,2024-04-15T12:00:00+00:00,3227.67,3240.98,3227,3235.06,13191.62,42670287.8664
1713183300000,2024-04-15T12:15:00+00:00,3235.06,3238.7,3223.21,3231.51,16882.79,54535190.4432
1713184200000,2024-04-15T12:30:00+00:00,3231.51,3241.81,3225.15,3235.95,19706.83,63760455.9133
1713185100000,2024-04-15T12:45:00+00:00,3235.95,3239.2,3226.4,3229.58,15400.11,49771351.2189
1713186000000,2024-04-15T13:00:00+00:00,3229.58,3236.52,3219.67,3232.77,17180.49,55484892.9395
1713186900000,2024-04-15T13:15:00+00:00,3232.77,3236.19,3220.01,3225.3,14200.72,45849367.359
1713187800000,2024-04-15T13:30:00+00:00,3225.3,3227.43,3199.06,3216.34,21456.01,68949602.4662
1713188700000,2024-04-15T13:45:00+00:00,3216.34,3223,3179.71,3190.78,24258.35,77606854.327
1713189600000,2024-04-15T14:00:00+00:00,3190.78,3207.33,3170.97,3171.42,16849.44,53749860.1224
1713190500000,2024-04-15T14:15:00+00:00,3171.42,3193.08,3168.89,3182.22,19245.04,61270531.3168
1713191400000,2024-04-15T14:30:00+00:00,3182.22,3192.9,3153.79,3159.82,31764.92,100855436.2369
1713192300000,2024-04-15T14:45:00+00:00,3159.82,3163.86,3124,3126.78,37396.93,117464588.1998
1713193200000,2024-04-15T15:00:00+00:00,3126.78,3139.22,3100,3133.44,55463.54,173327820.9632
1713194100000,2024-04-15T15:15:00+00:00,3133.44,3152.95,3127,3146.1,33081.51,103948545.3457
1713195000000,2024-04-15T15:30:00+00:00,3146.1,3151.87,3134.23,3138.56,26710.83,83986227.9357
1713195900000,2024-04-15T15:45:00+00:00,3138.56,3163,3137.85,3161.14,30570.47,96379747.4455
1713196800000,2024-04-15T16:00:00+00:00,3161.14,3178,3154.78,3163.42,24675.62,78112280.624
1713197700000,2024-04-15T16:15:00+00:00,3163.42,3166.39,3142.99,3152.96,24537.76,77343199.1515
1713198600000,2024-04-15T16:30:00+00:00,3152.96,3162.75,3136,3146.49,25178.27,79247800.0535
1713199500000,2024-04-15T16:45:00+00:00,3146.49,3154.73,3128.08,3134.54,23585.84,74098290.7395
1713200400000,2024-04-15T17:00:00+00:00,3134.54,3171.5,3128.34,3155,28656.94,90313690.0555
1713201300000,2024-04-15T17:15:00+00:00,3155,3155,3085.29,3100.16,32715.47,101855690.3695
1713202200000,2024-04-15T17:30:00+00:00,3100.16,3119.21,3091.32,3097,25216.7,78287111.408
1713203100000,2024-04-15T17:45:00+00:00,3097,3120.23,3094.66,3114.67,21505.94,66852735.4503
1713204000000,2024-04-15T18:00:00+00:00,3114.67,3124.59,3107.73,3110.6,18882.16,58814517.212
1713204900000,2024-04-15T18:15:00+00:00,3110.6,3110.6,3042.32,3084.4,48065.13,147760211.2896
1713205800000,2024-04-15T18:30:00+00:00,3084.4,3094.52,3074.95,3093.17,13722.94,42324249.0925
1713206700000,2024-04-15T18:45:00+00:00,3093.17,3093.17,3050.22,3054.19,20358.51,62539451.6269
1713207600000,2024-04-15T19:00:00+00:00,3054.19,3071.65,3021.05,3068.96,28868.82,87948055.44
1713208500000,2024-04-15T19:15:00+00:00,3068.96,3093.86,3054.17,3082.33,22940.2,70524829.3871
1713209400000,2024-04-15T19:30:00+00:00,3082.33,3120.9,3079.08,3101.06,44199.56,137061485.1929
1713210300000,2024-04-15T19:45:00+00:00,3101.06,3114.46,3097.01,3097.57,19906.77,61785372.7827
1713211200000,2024-04-15T20:00:00+00:00,3097.57,3114.67,3095.86,3102.74,18335.02,56974076.9677
1713212100000,2024-04-15T20:15:00+00:00,3102.74,3104.59,3073,3091.64,22405.19,69256682.9365
1713213000000,2024-04-15T20:30:00+00:00,3091.64,3096.21,3080.36,3091.11,17795.59,54940238.4821
1713213900000,2024-04-15T20:45:00+00:00,3091.11,3091.11,3071.62,3079.69,15278.08,47056091.0807
1713214800000,2024-04-15T21:00:00+00:00,3079.69,3100.01,3079.12,3093.57,20087.73,62083455.0295
1713215700000,2024-04-15T21:15:00+00:00,3093.57,3094.63,3055.66,3083.8,18193.42,56043416.6342
1713216600000,2024-04-15T21:30:00+00:00,3083.8,3092.65,3071,3088.41,18857.38,58109874.8148
1713217500000,2024-04-15T21:45:00+00:00,3088.41,3113,3086.07,3105.15,14583.87,45173871.6564
1713218400000,2024-04-15T22:00:00+00:00,3105.15,3107.73,3088.7,3095.12,13855.77,42923997.96
1713219300000,2024-04-15T22:15:00+00:00,3095.12,3103.64,3081.91,3103.53,14076.97,43517775.1859
1713220200000,2024-04-15T22:30:00+00:00,3103.53,3126.95,3102.55,3120.41,21146.59,65895049.8915
1713221100000,2024-04-15T22:45:00+00:00,3120.41,3124.94,3113.71,3124.47,22373.07,69775580.0312
1713222000000,2024-04-15T23:00:00+00:00,3124.47,3124.47,3115.52,3121.01,22414.06,69908263.6591
1713222900000,2024-04-15T23:15:00+00:00,3121.01,3121.15,3094.63,3100.32,19112.63,59372281.5648
1713223800000,2024-04-15T23:30:00+00:00,3100.32,3104.96,3087.22,3104.96,22958.48,71073883.5213
1713224700000,2024-04-15T23:45:00+00:00,3104.96,3104.96,3092.53,3099.52,26331.21,81556598.6533
1713225600000,2024-04-16T00:00:00+00:00,3099.52,3102.84,3086.64,3102.77,29171.72,90290949.4623
1713226500000,2024-04-16T00:15:00+00:00,3102.77,3105,3069.15,3075.5,28536.68,88087605.7036
1713227400000,2024-04-16T00:30:00+00:00,3075.5,3085.36,3065.5,3066.84,18375.27,56470693.7323
1713228300000,2024-04-16T00:45:00+00:00,3066.84,3082,3057.67,3079.84,16740.41,51476340.9736
1713229200000,2024-04-16T01:00:00+00:00,3079.84,3096.71,3070.79,3093.08,15642.33,48242745.4798
1713230100000,2024-04-16T01:15:00+00:00,3093.08,3111.09,3089.98,3107.28,17499.02,54306480.9785
1713231000000,2024-04-16T01:30:00+00:00,3107.28,3118.85,3085.29,3096.55,16340.95,50731511.1526
1713231900000,2024-04-16T01:45:00+00:00,3096.55,3097.33,3070.77,3077.12,14031.56,43237603.4388
1713232800000,2024-04-16T02:00:00+00:00,3077.12,3080.71,3062.94,3075,12961.99,39845358.2646
1713233700000,2024-04-16T02:15:00+00:00,3075,3077.46,3047.81,3055.58,15443.39,47334284.5374
1713234600000,2024-04-16T02:30:00+00:00,3055.58,3084.17,3055.23,3080.93,13303.5,40849215.1687
1713235500000,2024-04-16T02:45:00+00:00,3080.93,3097.29,3076.27,3091.98,13352.4,41246078.3945
1713236400000,2024-04-16T03:00:00+00:00,3091.98,3105.63,3087.5,3093.44,13022.98,40334461.2071
1713237300000,2024-04-16T03:15:00+00:00,3093.44,3093.89,3073.92,3075.42,15391.1,47515049.2449
1713238200000,2024-04-16T03:30:00+00:00,3075.42,3078.79,3054.07,3057.82,21786.96,66852498.0087
1713239100000,2024-04-16T03:45:00+00:00,3057.82,3070.9,3053.49,3070.11,14799.07,45371208.0336
1713240000000,2024-04-16T04:00:00+00:00,3070.11,3077.49,3029.01,3045.6,25239.77,77033388.494
1713240900000,2024-04-16T04:15:00+00:00,3045.6,3056.51,3023.05,3032.04,17359.42,52779814.9097
1713241800000,2024-04-16T04:30:00+00:00,3032.04,3043.06,3015.1,3017.47,18483.08,55988285.5556
1713242700000,2024-04-16T04:45:00+00:00,3017.47,3031.04,2986,3023.52,42440.3,127739035.2085
1713243600000,2024-04-16T05:00:00+00:00,3023.52,3038.92,3015.63,3033.52,20785.43,62946571.2711
1713244500000,2024-04-16T05:15:00+00:00,3033.52,3047.76,3029.15,3045.4,26690.76,81189454.3177
1713245400000,2024-04-16T05:30:00+00:00,3045.4,3055.34,3038.4,3051.91,22891.25,69719682.3112
1713246300000,2024-04-16T05:45:00+00:00,3051.91,3056.84,3041.79,3045.15,19472.86,59365155.0762
1713247200000,2024-04-16T06:00:00+00:00,3045.15,3068,3040.75,3057.18,23211.51,70970555.4378
1713248100000,2024-04-16T06:15:00+00:00,3057.18,3073.94,3054.91,3067.24,18614.15,57015311.9204
1713249000000,2024-04-16T06:30:00+00:00,3067.24,3074,3062.2,3070.85,21830.4,66968631.7621
1713249900000,2024-04-16T06:45:00+00:00,3070.85,3085.64,3070.81,3080.02,39160.35,120630132.1
1713250800000,2024-04-16T07:00:00+00:00,3080.02,3088.13,3075.01,3083.89,24351.86,75108855.0399
1713251700000,2024-04-16T07:15:00+00:00,3083.89,3097.93,3082.26,3091.17,27151.55,83959319.2774
1713252600000,2024-04-16T07:30:00+00:00,3091.17,3125.35,3086.52,3096.38,34025.92,105871340.9182
1713253500000,2024-04-16T07:45:00+00:00,3096.38,3110.8,3094.64,3104.99,18536.76,57516069.1205
1713254400000,2024-04-16T08:00:00+00:00,3104.99,3109.24,3089.53,3091.75,23149.35,71713796.3155
1713255300000,2024-04-16T08:15:00+00:00,3091.75,3094.94,3082.96,3085.82,17267.13,53341708.8261
1713256200000,2024-04-16T08:30:00+00:00,3085.82,3097.28,3078.96,3082.24,12600.55,38955652.1706
1713257100000,2024-04-16T08:45:00+00:00,3082.24,3091.23,3074.54,3082.58,15084.93,46510635.6908
1713258000000,2024-04-16T09:00:00+00:00,3082.58,3096.76,3080.01,3083.46,13701.64,42311933.7652
1713258900000,2024-04-16T09:15:00+00:00,3083.46,3101.43,3082.51,3094.13,10392.84,32126524.7091
1713259800000,2024-04-16T09:30:00+00:00,3094.13,3097.18,3082.09,3082.6,15305.85,47278175.4476
1713260700000,2024-04-16T09:45:00+00:00,3082.6,3085.49,3070.91,3077.76,19037.64,58579182.4754
1713261600000,2024-04-16T10:00:00+00:00,3077.76,3088.72,3070.22,3073.79,14775.91,45504090.1092
1713262500000,2024-04-16T10:15:00+00:00,3073.79,3078.03,3007.17,3014.77,39113.33,118959669.2034
1713263400000,2024-04-16T10:30:00+00:00,3014.77,3039.72,2998.05,3032.2,34078.13,102916463.1213
1713264300000,2024-04-16T10:45:00+00:00,3032.2,3051.19,3032.2,3049.03,24173,73553286.6797
1713265200000,2024-04-16T11:00:00+00:00,3049.03,3071.49,3042.69,3058.56,22951.4,70178699.277
1713266100000,2024-04-16T11:15:00+00:00,3058.56,3070.61,3047.12,3062.58,21369.82,65366794.9585
1713267000000,2024-04-16T11:30:00+00:00,3062.58,3067.32,3050.41,3051.43,20602.75,63025038.4903
1713267900000,2024-04-16T11:45:00+00:00,3051.43,3098,3050.35,3091.2,41630.23,128219353.1473
1713268800000,2024-04-16T12:00:00+00:00,3091.2,3091.21,3068.12,3071.28,32321.38,99443300.2618
1713269700000,2024-04-16T12:15:00+00:00,3071.28,3082.1,3061.54,3080.72,34028.94,104526648.1586
1713270600000,2024-04-16T12:30:00+00:00,3080.72,3090.89,3073.86,3077.2,26225.64,80795621.9681
1713271500000,2024-04-16T12:45:00+00:00,3077.2,3082.64,3065.57,3072.65,12236.73,37597531.5292
1713272400000,2024-04-16T13:00:00+00:00,3072.65,3081.87,3063.05,3074.95,11525.99,35418838.6119
1713273300000,2024-04-16T13:15:00+00:00,3074.95,3093.94,3062.71,3086.7,13116.08,40354728.1327
1713274200000,2024-04-16T13:30:00+00:00,3086.7,3092.64,3047,3064.05,22021.63,67568891.0552
1713275100000,2024-04-16T13:45:00+00:00,3064.05,3069.46,3035.92,3064.56,24714.48,75426497.4523
1713276000000,2024-04-16T14:00:00+00:00,3064.56,3083.45,3053.73,3082.05,22523.39,69129237.1565
1713276900000,2024-04-16T14:15:00+00:00,3082.05,3091,3058.11,3060.29,21874.35,67283003.8679
1713277800000,2024-04-16T14:30:00+00:00,3060.29,3066.92,3034.32,3062.96,19899.99,60708107.7701
1713278700000,2024-04-16T14:45:00+00:00,3062.96,3068.8,3036.78,3040.53,24956.11,76240052.1108
1713279600000,2024-04-16T15:00:00+00:00,3040.53,3053.17,3025.05,3027.38,27334.73,83060746.5492
1713280500000,2024-04-16T15:15:00+00:00,3027.38,3049.03,3020.59,3042.53,26027.36,79071199.7602
1713281400000,2024-04-16T15:30:00+00:00,3042.53,3045.97,3011.66,3019.77,29068.56,87920111.0394
1713282300000,2024-04-16T15:45:00+00:00,3019.77,3028.36,3005.76,3007.07,24681.06,74439752.1619
1713283200000,2024-04-16T16:00:00+00:00,3007.07,3024.56,2991.28,3013.78,27969.61,84170968.9614
1713284100000,2024-04-16T16:15:00+00:00,3013.78,3022.96,2994.39,3014.7,17847.91,53744089.6175
1713285000000,2024-04-16T16:30:00+00:00,3014.7,3032.44,3008.8,3028.14,19957.67,60260874.5615
1713285900000,2024-04-16T16:45:00+00:00,3028.14,3058.46,3022.82,3056.29,25098.9,76355835.6331
1713286800000,2024-04-16T17:00:00+00:00,3056.29,3069.08,3045.39,3064.05,18656.81,57045448.8166
1713287700000,2024-04-16T17:15:00+00:00,3064.05,3083.01,3061.25,3070.7,21047.13,64641834.3648
1713288600000,2024-04-16T17:30:00+00:00,3070.7,3072.45,3042.75,3060.68,25716.79,78599135.7064
1713289500000,2024-04-16T17:45:00+00:00,3060.68,3064.8,3029.59,3041.3,23077.9,70188683.3462
1713290400000,2024-04-16T18:00:00+00:00,3041.3,3068.78,3033.33,3054.15,22523.37,68642982.4234
1713291300000,2024-04-16T18:15:00+00:00,3054.15,3061.23,3043.36,3055.59,20406.18,62269681.9175
1713292200000,2024-04-16T18:30:00+00:00,3055.59,3070.9,3055.01,3063.04,18387.15,56328703.0502
1713293100000,2024-04-16T18:45:00+00:00,3063.04,3075.25,3058.67,3071.76,17347.03,53211016.511
1713294000000,2024-04-16T19:00:00+00:00,3071.76,3076,3061.66,3063.64,18570.89,56993810.2395
1713294900000,2024-04-16T19:15:00+00:00,3063.64,3073.43,3057.59,3065.52,19263.11,59066974.0961
1713295800000,2024-04-16T19:30:00+00:00,3065.52,3065.52,3052.1,3056.3,16937.08,51797093.4521
1713296700000,2024-04-16T19:45:00+00:00,3056.3,3061,3053.2,3054.82,14336.63,43827339.5892
1713297600000,2024-04-16T20:00:00+00:00,3054.82,3060,3048.34,3057.86,16642.08,50822632.0947
1713298500000,2024-04-16T20:15:00+00:00,3057.86,3066.03,3056.25,3065.12,13232.58,40528013.8851
1713299400000,2024-04-16T20:30:00+00:00,3065.12,3070.05,3054.04,3058.89,14715.18,45067291.7476
1713300300000,2024-04-16T20:45:00+00:00,3058.89,3068.34,3058.68,3068.34,22480.12,68842466.289
1713301200000,2024-04-16T21:00:00+00:00,3068.34,3092.73,3065.95,3084.08,23743.42,73079161.9925
1713302100000,2024-04-16T21:15:00+00:00,3084.08,3100.46,3082.39,3094.5,21724.67,67181290.2677
1713303000000,2024-04-16T21:30:00+00:00,3094.5,3099.42,3085.96,3092.67,23511.91,72698784.6456
1713303900000,2024-04-16T21:45:00+00:00,3092.67,3116.84,3091.95,3100,23759.61,73773768.3966
1713304800000,2024-04-16T22:00:00+00:00,3100,3102.58,3085.1,3089.55,17713.6,54757140.5771
1713305700000,2024-04-16T22:15:00+00:00,3089.55,3089.83,3075.78,3081.12,17975.25,55407987.7345
1713306600000,2024-04-16T22:30:00+00:00,3081.12,3088.91,3080.67,3087.06,17910.73,55264891.1791
1713307500000,2024-04-16T22:45:00+00:00,3087.06,3091.86,3085.98,3091.4,18281.88,56473612.4969
1713308400000,2024-04-16T23:00:00+00:00,3091.4,3093.05,3082.52,3087,22840.79,70541593.7705
1713309300000,2024-04-16T23:15:00+00:00,3087,3093.63,3085.42,3090.12,24814.56,76688934.6833
1713310200000,2024-04-16T23:30:00+00:00,3090.12,3091.86,3085.74,3087.49,26271.32,81131368.2781
1713311100000,2024-04-16T23:45:00+00:00,3087.49,3087.73,3076.78,3081.75,14934.07,46009281.8764
1713312000000,2024-04-17T00:00:00+00:00,3081.75,3083.63,3074.31,3079.62,13748.11,42342849.6554
1713312900000,2024-04-17T00:15:00+00:00,3079.62,3084.96,3074.39,3081.34,14464.14,44540970.5993
1713313800000,2024-04-17T00:30:00+00:00,3081.34,3085.2,3076.8,3085.2,13485.18,41541568.0805
1713314700000,2024-04-17T00:45:00+00:00,3085.2,3105.23,3083.41,3092.74,22889.85,70835038.4176
1713315600000,2024-04-17T01:00:00+00:00,3092.74,3092.74,3065.58,3075.41,22515.08,69416043.5088
1713316500000,2024-04-17T01:15:00+00:00,3075.41,3091.3,3065.72,3090.97,24363.17,75021020.7166
1713317400000,2024-04-17T01:30:00+00:00,3090.97,3092.41,3078,3082.51,19025,58664351.599
1713318300000,2024-04-17T01:45:00+00:00,3082.51,3094.66,3079.1,3088.84,14610.15,45097003.8471
1713319200000,2024-04-17T02:00:00+00:00,3088.84,3098.84,3086.42,3091.69,14322.91,44304454.4888
1713320100000,2024-04-17T02:15:00+00:00,3091.69,3091.69,3070.25,3077.24,15622.13,48102911.6812
1713321000000,2024-04-17T02:30:00+00:00,3077.24,3081.04,3071.86,3076.92,13525.4,41620547.4691
1713321900000,2024-04-17T02:45:00+00:00,3076.92,3085.53,3071.11,3082.96,20817.26,64097592.9783
1713322800000,2024-04-17T03:00:00+00:00,3082.96,3091.83,3080.4,3089.44,23657.1,73054879.601
1713323700000,2024-04-17T03:15:00+00:00,3089.44,3091.81,3083.72,3090,27985.6,86398939.1348
1713324600000,2024-04-17T03:30:00+00:00,3090,3094.19,3088.01,3088.49,25494.73,78818465.7932
1713325500000,2024-04-17T03:45:00+00:00,3088.49,3093.83,3079.26,3093.07,16113.05,49710306.7192
1713326400000,2024-04-17T04:00:00+00:00,3093.07,3094.14,3088.07,3092.99,12388.73,38306063.0864
1713327300000,2024-04-17T04:15:00+00:00,3092.99,3093.32,3082.87,3093.12,14131.7,43638085.859
1713328200000,2024-04-17T04:30:00+00:00,3093.12,3120.37,3093.12,3115.42,17861.1,55477379.5735
1713329100000,2024-04-17T04:45:00+00:00,3115.42,3121.65,3109.58,3110.19,16061.21,50031251.314
1713330000000,2024-04-17T05:00:00+00:00,3110.19,3116.8,3104.4,3110.78,16554.72,51488630.1869
1713330900000,2024-04-17T05:15:00+00:00,3110.78,3117.71,3101.25,3101.93,14630.74,45467961.9152
1713331800000,2024-04-17T05:30:00+00:00,3101.93,3110.56,3098.02,3098.25,15749.48,48866462.6516
1713332700000,2024-04-17T05:45:00+00:00,3098.25,3098.25,3080.29,3086.84,23835.5,73569867.5893
1713333600000,2024-04-17T06:00:00+00:00,3086.84,3089.65,3079.14,3089.23,19613.36,60523067.0547
1713334500000,2024-04-17T06:15:00+00:00,3089.23,3089.78,3082,3087.67,22186.92,68495350.424
1713335400000,2024-04-17T06:30:00+00:00,3087.67,3096.59,3087.65,3093.06,23457.14,72536439.0009
1713336300000,2024-04-17T06:45:00+00:00,3093.06,3093.42,3088.27,3088.88,17918.17,55379803.6408
1713337200000,2024-04-17T07:00:00+00:00,3088.88,3092,3062.4,3075.3,31460.8,96733875.4165
1713338100000,2024-04-17T07:15:00+00:00,3075.3,3084.68,3072.33,3080.91,29357.72,90438284.2344
1713339000000,2024-04-17T07:30:00+00:00,3080.91,3084.1,3074.33,3081.84,17542.1,54017497.9222
1713339900000,2024-04-17T07:45:00+00:00,3081.84,3083.9,3072.96,3073.73,19741.21,60814443.9437
1713340800000,2024-04-17T08:00:00+00:00,3073.73,3085.84,3073.73,3078.05,21920.67,67541821.3639
1713341700000,2024-04-17T08:15:00+00:00,3078.05,3082.8,3071.1,3081.97,21364.69,65759787.2336
1713342600000,2024-04-17T08:30:00+00:00,3081.97,3083.13,3072.98,3075.45,21488.76,66145847.7712
1713343500000,2024-04-17T08:45:00+00:00,3075.45,3075.76,3064.96,3070.9,16839.29,51714610.7654
1713344400000,2024-04-17T09:00:00+00:00,3070.9,3079.37,3068.12,3077.69,12033.2,37004537.5341
1713345300000,2024-04-17T09:15:00+00:00,3077.69,3084,3075.23,3083.9,14472.14,44581943.8516
1713346200000,2024-04-17T09:30:00+00:00,3083.9,3085.5,3074.22,3076.19,15479.83,47687963.3053
1713347100000,2024-04-17T09:45:00+00:00,3076.19,3079.84,3071.09,3077.39,10432.75,32097263.0329
1713348000000,2024-04-17T10:00:00+00:00,3077.39,3078.28,3054.41,3062.44,12406.84,38048341.9902
1713348900000,2024-04-17T10:15:00+00:00,3062.44,3071.74,3059.4,3067.6,12860.46,39419661.5303
1713349800000,2024-04-17T10:30:00+00:00,3067.6,3075.43,3059.58,3060.44,13792.41,42289728.6101
1713350700000,2024-04-17T10:45:00+00:00,3060.44,3061.01,3051.23,3056.91,12265.94,37482247.1172
1713351600000,2024-04-17T11:00:00+00:00,3056.91,3067.84,3056.71,3065.74,11348.46,34772104.921
1713352500000,2024-04-17T11:15:00+00:00,3065.74,3070.67,3061.35,3064.4,11902.78,36502329.9312
1713353400000,2024-04-17T11:30:00+00:00,3064.4,3066.16,3053.11,3060.52,11187.46,34237017.3234
1713354300000,2024-04-17T11:45:00+00:00,3060.52,3060.52,3034.08,3037.79,24567.63,74808338.8439
1713355200000,2024-04-17T12:00:00+00:00,3037.79,3048.28,3032,3034.07,13070.23,39775069.8488
1713356100000,2024-04-17T12:15:00+00:00,3034.07,3043.3,3022.78,3028.72,12696.75,38530219.3873
1713357000000,2024-04-17T12:30:00+00:00,3028.72,3033.9,3012.66,3021.22,13037.08,39400769.9664
1713357900000,2024-04-17T12:45:00+00:00,3021.22,3030.25,3016.02,3029.11,21131.02,63919990.3632
1713358800000,2024-04-17T13:00:00+00:00,3029.11,3038,3021.92,3027.73,20645.5,62553069.4687
1713359700000,2024-04-17T13:15:00+00:00,3027.73,3039.78,3025,3036.93,22352.48,67784857.5383
1713360600000,2024-04-17T13:30:00+00:00,3036.93,3061.62,3032,3051.87,22170.93,67528738.8069
1713361500000,2024-04-17T13:45:00+00:00,3051.87,3061,3034.12,3040.7,26762.35,81468794.9861
1713362400000,2024-04-17T14:00:00+00:00,3040.7,3041.61,2996,3011.6,36502.41,110037095.181
1713363300000,2024-04-17T14:15:00+00:00,3011.6,3013.61,2945.31,2971.41,70938.97,210890386.3988
1713364200000,2024-04-17T14:30:00+00:00,2971.41,2998.46,2940.38,2995.03,50213.69,149141880.7963
1713365100000,2024-04-17T14:45:00+00:00,2995.03,3006.04,2971.1,2979.71,25135.05,75092122.0817
1713366000000,2024-04-17T15:00:00+00:00,2979.71,2991.52,2947.66,2952.04,27774.16,82285506.3359
1713366900000,2024-04-17T15:15:00+00:00,2952.04,2973.87,2945.06,2945.61,31269.22,92696353.1171
1713367800000,2024-04-17T15:30:00+00:00,2945.61,2961.98,2923.34,2946.81,36137.63,106368960.6937
1713368700000,2024-04-17T15:45:00+00:00,2946.81,2960.69,2934.91,2944.52,29971.24,88394998.968
1713369600000,2024-04-17T16:00:00+00:00,2944.52,2996.93,2910.24,2987.15,53850.92,158883010.9901
1713370500000,2024-04-17T16:15:00+00:00,2987.15,2992.77,2953.01,2967.29,30923.15,91882187.7933
1713371400000,2024-04-17T16:30:00+00:00,2967.29,2971.65,2949.03,2950.01,20049.96,59361905.9469
1713372300000,2024-04-17T16:45:00+00:00,2950.01,2964.18,2938.62,2949.17,21679.96,64056671.1607
1713373200000,2024-04-17T17:00:00+00:00,2949.17,2970,2945.48,2960.99,19235.4,56933451.6651
1713374100000,2024-04-17T17:15:00+00:00,2960.99,2981.79,2960.99,2979.01,17642.77,52455599.4882
1713375000000,2024-04-17T17:30:00+00:00,2979.01,2988.37,2971.77,2982.29,18046.14,53775915.1727
1713375900000,2024-04-17T17:45:00+00:00,2982.29,3006,2973.64,3000.45,20153.6,60284432.7289
1713376800000,2024-04-17T18:00:00+00:00,3000.45,3037.77,2995.04,3028.8,22698.21,68579234.7919
1713377700000,2024-04-17T18:15:00+00:00,3028.8,3041.97,3017.29,3034.23,17382.99,52671198.4299
1713378600000,2024-04-17T18:30:00+00:00,3034.23,3040.43,3018.58,3039.2,19258.59,58304204.2138
1713379500000,2024-04-17T18:45:00+00:00,3039.2,3040,3022.42,3024.57,16400.7,49685697.0159
1713380400000,2024-04-17T19:00:00+00:00,3024.57,3024.86,3004.62,3007.97,17185.23,51784522.5024
1713381300000,2024-04-17T19:15:00+00:00,3007.97,3014.47,2992.39,2997.96,15684.91,47098209.0243
1713382200000,2024-04-17T19:30:00+00:00,2997.96,3007.26,2980.85,2993.52,16342.9,48949894.2233
1713383100000,2024-04-17T19:45:00+00:00,2993.52,3012.77,2992,2999.69,18766.98,56355136.7085
1713384000000,2024-04-17T20:00:00+00:00,2999.69,3009.45,2989.1,2994.92,13908.85,41717277.496
1713384900000,2024-04-17T20:15:00+00:00,2994.92,3010.12,2991.94,3001.94,22311.28,67008577.6333
1713385800000,2024-04-17T20:30:00+00:00,3001.94,3005.12,2988.59,2989.23,15539.21,46581945.9585
1713386700000,2024-04-17T20:45:00+00:00,2989.23,2992.95,2961.63,2969.81,22213.52,66066360.799
1713387600000,2024-04-17T21:00:00+00:00,2969.81,3003.52,2969.81,2999.15,19926.68,59489958.3867
1713388500000,2024-04-17T21:15:00+00:00,2999.15,3013.61,2998.32,3003.01,16246.57,48831863.2312
1713389400000,2024-04-17T21:30:00+00:00,3003.01,3008.85,2983.72,2987.26,16450.32,49291152.9291
1713390300000,2024-04-17T21:45:00+00:00,2987.26,2998.58,2984.98,2996.31,11523.29,34480980.4119
1713391200000,2024-04-17T22:00:00+00:00,2996.31,2999.74,2984.26,2988.8,12149.62,36324899.4483
1713392100000,2024-04-17T22:15:00+00:00,2988.8,2995.6,2985.62,2990.9,10009.01,29927922.2282
1713393000000,2024-04-17T22:30:00+00:00,2990.9,3005.14,2989.78,2998.35,10254.27,30729967.689
1713393900000,2024-04-17T22:45:00+00:00,2998.35,3007.09,2996,3006.64,19088.22,57279741.1689
1713394800000,2024-04-17T23:00:00+00:00,3006.64,3012.43,2997.78,3000.83,21413.93,64357949.2078
1713395700000,2024-04-17T23:15:00+00:00,3000.83,3000.83,2976.21,2979.76,25830.78,77133431.356
1713396600000,2024-04-17T23:30:00+00:00,2979.76,2983.73,2974.45,2980.59,24883.23,74145163.9931
1713397500000,2024-04-17T23:45:00+00:00,2980.59,2984.75,2976.71,2982.65,20457.06,60977599.2721
1713398400000,2024-04-18T00:00:00+00:00,2982.65,2995.97,2970.31,2973.56,26305.64,78495677.3258
1713399300000,2024-04-18T00:15:00+00:00,2973.56,2974.15,2953,2964.15,23900.14,70875082.4824
1713400200000,2024-04-18T00:30:00+00:00,2964.15,2972.44,2951.21,2969.09,28736.54,85075928.9903
1713401100000,2024-04-18T00:45:00+00:00,2969.09,2990.87,2967.95,2990.87,15509.46,46220966.542
1713402000000,2024-04-18T01:00:00+00:00,2990.87,3009.74,2987.1,3007.38,18384.26,55174937.7661
1713402900000,2024-04-18T01:15:00+00:00,3007.38,3008.76,2993.74,3003.49,14007.28,42017975.9968
1713403800000,2024-04-18T01:30:00+00:00,3003.49,3003.49,2988.14,2990.19,13008.23,38950320.2999
1713404700000,2024-04-18T01:45:00+00:00,2990.19,3001.76,2985.46,3001.7,17715.82,53009305.0507
1713405600000,2024-04-18T02:00:00+00:00,3001.7,3013.1,2996.64,3002.4,14539.14,43700944.8222
1713406500000,2024-04-18T02:15:00+00:00,3002.4,3002.4,2988.65,2998.25,18212.99,54552175.037
1713407400000,2024-04-18T02:30:00+00:00,2998.25,3011.41,2992.48,3007.11,16707.84,50138769.3039
1713408300000,2024-04-18T02:45:00+00:00,3007.11,3012.76,3001.13,3009.43,13838.12,41610767.61
1713409200000,2024-04-18T03:00:00+00:00,3009.43,3031.45,3009.43,3028.85,13881.45,41964857.9815
1713410100000,2024-04-18T03:15:00+00:00,3028.85,3029.4,3017.45,3018.91,14828.6,44825284.0852
1713411000000,2024-04-18T03:30:00+00:00,3018.91,3034,3013.72,3023.31,13821.29,41803498.0282
1713411900000,2024-04-18T03:45:00+00:00,3023.31,3026.61,3018.35,3023.31,16743.87,50595282.5616
1713412800000,2024-04-18T04:00:00+00:00,3023.31,3029.95,3019.9,3022.57,18425.47,55748472.2052
1713413700000,2024-04-18T04:15:00+00:00,3022.57,3031.68,3018.76,3028.26,22669.73,68561788.4682
1713414600000,2024-04-18T04:30:00+00:00,3028.26,3032.76,3019.02,3021.64,18160.46,54972387.3007
1713415500000,2024-04-18T04:45:00+00:00,3021.64,3021.64,3005.55,3011.88,27025.94,81421970.4821
1713416400000,2024-04-18T05:00:00+00:00,3011.88,3015.78,3007.91,3010.22,23144.09,69711895.115
1713417300000,2024-04-18T05:15:00+00:00,3010.22,3016.25,3009.39,3016.2,22991.65,69276372.7326
1713418200000,2024-04-18T05:30:00+00:00,3016.2,3019.74,2994.18,3001.53,25423.74,76430736.9691
1713419100000,2024-04-18T05:45:00+00:00,3001.53,3005.07,2974.35,2981.2,17285.98,51783631.9247
1713420000000,2024-04-18T06:00:00+00:00,2981.2,2989.47,2967,2978.39,26229.43,78018927.3982
1713420900000,2024-04-18T06:15:00+00:00,2978.39,2981.29,2965.06,2970.29,14710.23,43721167.0125
1713421800000,2024-04-18T06:30:00+00:00,2970.29,2971.83,2954,2958.22,13983.38,41407419.9269
1713422700000,2024-04-18T06:45:00+00:00,2958.22,2970.79,2958.22,2970.79,10228.66,30330850.23
1713423600000,2024-04-18T07:00:00+00:00,2970.79,2981,2965.1,2980,13561.92,40315703.475
1713424500000,2024-04-18T07:15:00+00:00,2980,2985.71,2975.05,2976.83,10112.51,30129464.6613
1713425400000,2024-04-18T07:30:00+00:00,2976.83,2976.83,2959.59,2972.75,12013.77,35670242.8966
1713426300000,2024-04-18T07:45:00+00:00,2972.75,2980.9,2969.32,2972.57,11079.15,32959050.1073
1713427200000,2024-04-18T08:00:00+00:00,2972.57,2980.6,2954.59,2959.35,13247.83,39323713.2206
1713428100000,2024-04-18T08:15:00+00:00,2959.35,2969.55,2951,2968.15,16617.61,49203607.3011
1713429000000,2024-04-18T08:30:00+00:00,2968.15,2990.41,2968.15,2982.79,14885.01,44388047.9564
1713429900000,2024-04-18T08:45:00+00:00,2982.79,2987.24,2975.51,2982.76,13688.13,40821275.4994
1713430800000,2024-04-18T09:00:00+00:00,2982.76,3007.44,2980.51,2997.83,13536.13,40499675.3299
1713431700000,2024-04-18T09:15:00+00:00,2997.83,3000,2992.6,2996.83,9894.1,29651341.5895
1713432600000,2024-04-18T09:30:00+00:00,2996.83,3009.03,2989.05,2992.7,15246.31,45694508.6829
1713433500000,2024-04-18T09:45:00+00:00,2992.7,3006.69,2991.54,3004.94,23791.69,71395768.3977
1713434400000,2024-04-18T10:00:00+00:00,3004.94,3008.15,2995.89,2997.39,22462.27,67403501.9294
1713435300000,2024-04-18T10:15:00+00:00,2997.39,3006.51,2995.19,3003.46,25945.43,77853893.3446
1713436200000,2024-04-18T10:30:00+00:00,3003.46,3008.04,2999.47,3002.37,29153.35,87599381.8698
1713437100000,2024-04-18T10:45:00+00:00,3002.37,3013.34,2998.31,3008.78,21118.88,63431073.9613
1713438000000,2024-04-18T11:00:00+00:00,3008.78,3033.55,3008.78,3026.32,23764.25,71786154.5919
1713438900000,2024-04-18T11:15:00+00:00,3026.32,3063.52,3025.66,3054.97,28160.49,85882472.9194
1713439800000,2024-04-18T11:30:00+00:00,3054.97,3061.01,3046.5,3049.43,24400.1,74484194.5652
1713440700000,2024-04-18T11:45:00+00:00,3049.43,3051.1,3042.22,3043.93,20512.46,62490743.8634
1713441600000,2024-04-18T12:00:00+00:00,3043.93,3050.17,3032.44,3034.68,22692.38,68947804.0043
1713442500000,2024-04-18T12:15:00+00:00,3034.68,3037.36,3011.63,3012.49,21031.32,63705001.5515
1713443400000,2024-04-18T12:30:00+00:00,3012.49,3024.73,2982.42,3023.59,26724.29,80269644.4384
1713444300000,2024-04-18T12:45:00+00:00,3023.59,3028.21,3014.5,3023.16,25576.69,77227424.5207
1713445200000,2024-04-18T13:00:00+00:00,3023.16,3029.12,3016,3022.97,25502.79,77070302.202
1713446100000,2024-04-18T13:15:00+00:00,3022.97,3035.82,3017.68,3030.15,27368.09,82834444.1615
1713447000000,2024-04-18T13:30:00+00:00,3030.15,3039.46,3006.01,3022.62,35223.68,106422528.4398
1713447900000,2024-04-18T13:45:00+00:00,3022.62,3048.96,3019.56,3047.33,21778.7,66061395.2371
1713448800000,2024-04-18T14:00:00+00:00,3047.33,3072.93,3033.56,3072.59,23072.51,70387846.0145
1713449700000,2024-04-18T14:15:00+00:00,3072.59,3088.25,3065.33,3077.93,25259.45,77791904.9174
1713450600000,2024-04-18T14:30:00+00:00,3077.93,3090.88,3067,3074.37,26834.57,82586120.4644
1713451500000,2024-04-18T14:45:00+00:00,3074.37,3079.04,3058.53,3077.99,25945.96,79640583.0847
1713452400000,2024-04-18T15:00:00+00:00,3077.99,3092.7,3073.87,3076.78,25794.89,79468173.4904
1713453300000,2024-04-18T15:15:00+00:00,3076.78,3079.1,3055.33,3057.13,28192.61,86487631.3801
1713454200000,2024-04-18T15:30:00+00:00,3057.13,3064.08,3053.85,3063.9,23664.42,72388489.8288
1713455100000,2024-04-18T15:45:00+00:00,3063.9,3071.24,3055.52,3065.85,12120.91,37114266.601
1713456000000,2024-04-18T16:00:00+00:00,3065.85,3071.54,3055.01,3062.29,10675.84,32693802.4428
1713456900000,2024-04-18T16:15:00+00:00,3062.29,3081.21,3057.51,3077.04,9128.87,28034740.9334
1713457800000,2024-04-18T16:30:00+00:00,3077.04,3077.52,3058.31,3064.01,10194.63,31273779.8862
1713458700000,2024-04-18T16:45:00+00:00,3064.01,3064.91,3053.1,3059.35,9917.16,30342843.0477
1713459600000,2024-04-18T17:00:00+00:00,3059.35,3066.85,3048.28,3057.34,12255.81,37459682.4129
1713460500000,2024-04-18T17:15:00+00:00,3057.34,3059.65,3046.54,3050.93,7199,21975856.9951
1713461400000,2024-04-18T17:30:00+00:00,3050.93,3054.87,3041.63,3054.57,9090.24,27728744.6466
1713462300000,2024-04-18T17:45:00+00:00,3054.57,3057.77,3030.1,3035.26,14236.38,43306807.5374
1713463200000,2024-04-18T18:00:00+00:00,3035.26,3041.09,3015.73,3016.86,19862.87,60169951.654
1713464100000,2024-04-18T18:15:00+00:00,3016.86,3041.26,3015.72,3037.24,18441.61,55905048.9984
1713465000000,2024-04-18T18:30:00+00:00,3037.24,3055.3,3032.94,3053.28,16969.19,51635371.502
1713465900000,2024-04-18T18:45:00+00:00,3053.28,3056.2,3043.47,3050.02,19719.51,60119664.2917
1713466800000,2024-04-18T19:00:00+00:00,3050.02,3061.8,3047.37,3051.73,19112.38,58381824.6034
1713467700000,2024-04-18T19:15:00+00:00,3051.73,3063.24,3050.24,3057.75,15552.22,47545282.5976
1713468600000,2024-04-18T19:30:00+00:00,3057.75,3064.5,3052.52,3057.86,21008.05,64251914.3949
1713469500000,2024-04-18T19:45:00+00:00,3057.86,3065,3053.33,3063,13326.56,40749910.6132
1713470400000,2024-04-18T20:00:00+00:00,3063,3067.84,3056.74,3067.19,12644.72,38708425.9375
1713471300000,2024-04-18T20:15:00+00:00,3067.19,3073.5,3061.42,3066.17,12308.28,37717548.4856
1713472200000,2024-04-18T20:30:00+00:00,3066.17,3069.96,3056.73,3063.9,10852.72,33241739.5181
1713473100000,2024-04-18T20:45:00+00:00,3063.9,3067.55,3057.29,3065.68,14014.69,42917094.3466
1713474000000,2024-04-18T21:00:00+00:00,3065.68,3071,3062.95,3069.52,20132.93,61762549.6927
1713474900000,2024-04-18T21:15:00+00:00,3069.52,3072.87,3057.8,3062.07,21690.22,66503202.4092
1713475800000,2024-04-18T21:30:00+00:00,3062.07,3070.18,3058.31,3067.5,20202.51,61896426.7536
1713476700000,2024-04-18T21:45:00+00:00,3067.5,3071.8,3062.69,3063.63,9917.33,30424218.5349
1713477600000,2024-04-18T22:00:00+00:00,3063.63,3067.76,3057.45,3061.15,7850.24,24039798.8131
1713478500000,2024-04-18T22:15:00+00:00,3061.15,3061.17,3053.17,3060.44,7802.92,23857987.9991
1713479400000,2024-04-18T22:30:00+00:00,3060.44,3078.8,3059.13,3070.64,11029.37,33855336.2527
1713480300000,2024-04-18T22:45:00+00:00,3070.64,3071.48,3063.46,3068.16,15427.24,47315511.1695
1713481200000,2024-04-18T23:00:00+00:00,3068.16,3074.68,3063.21,3074.68,18937.94,58104969.6287
1713482100000,2024-04-18T23:15:00+00:00,3074.68,3075.75,3064.87,3065.75,18438.44,56603032.6051
1713483000000,2024-04-18T23:30:00+00:00,3065.75,3068.43,3060.79,3062.5,15194.98,46556594.5474
1713483900000,2024-04-18T23:45:00+00:00,3062.5,3065.72,3057.91,3061.76,18178.77,55667091.454
1713484800000,2024-04-19T00:00:00+00:00,3061.76,3062,3043.01,3044.58,25174.39,76881287.9939
1713485700000,2024-04-19T00:15:00+00:00,3044.58,3055.4,3044.58,3047.74,22783.39,69476173.218
1713486600000,2024-04-19T00:30:00+00:00,3047.74,3068.32,3047.74,3057.73,23051.96,70583233.5846
1713487500000,2024-04-19T00:45:00+00:00,3057.73,3058.07,3037.64,3038.97,18120.86,55297717.082
1713488400000,2024-04-19T01:00:00+00:00,3038.97,3042.4,3009.3,3009.57,22775.88,68954944.884
1713489300000,2024-04-19T01:15:00+00:00,3009.57,3018.01,3001.44,3008.89,23387.46,70364557.2639
1713490200000,2024-04-19T01:30:00+00:00,3008.89,3013.76,2928.96,2936.89,37014.91,109657102.3663
1713491100000,2024-04-19T01:45:00+00:00,2936.89,2962.73,2924.24,2939,41978.18,123591734.2389
1713492000000,2024-04-19T02:00:00+00:00,2939,2947.04,2915.16,2921.47,18906.17,55398717.3486
1713492900000,2024-04-19T02:15:00+00:00,2921.47,2929.35,2872.88,2873.68,48880.34,141774043.4598
1713493800000,2024-04-19T02:30:00+00:00,2873.68,2898.32,2861.67,2887.68,45551.79,131250522.2973
1713494700000,2024-04-19T02:45:00+00:00,2887.68,2942.11,2867.87,2940.88,35704.64,103785191.8228
1713495600000,2024-04-19T03:00:00+00:00,2940.88,2986.63,2933.47,2983.47,39679.17,117135005.8684
1713496500000,2024-04-19T03:15:00+00:00,2983.47,2997.53,2967.24,2997.02,28900.65,86105861.9727
1713497400000,2024-04-19T03:30:00+00:00,2997.02,2998.83,2971.66,2982.56,23591.39,70359523.5955
1713498300000,2024-04-19T03:45:00+00:00,2982.56,2987.41,2968.72,2977.75,13252.15,39453707.1439
1713499200000,2024-04-19T04:00:00+00:00,2977.75,3006.36,2976.66,2995.94,19432.27,58210108.4852
1713500100000,2024-04-19T04:15:00+00:00,2995.94,2999.5,2987.66,2991,17231.93,51614531.0077
1713501000000,2024-04-19T04:30:00+00:00,2991,3023.08,2989.99,3000.89,22042.73,66374297.3534
1713501900000,2024-04-19T04:45:00+00:00,3000.89,3005.58,2995.26,3003.93,17579.51,52726251.3114
1713502800000,2024-04-19T05:00:00+00:00,3003.93,3013.54,2994.27,2994.59,14173.56,42533567.7664
1713503700000,2024-04-19T05:15:00+00:00,2994.59,3000,2984.15,2994.92,12761.99,38207069.9979
1713504600000,2024-04-19T05:30:00+00:00,2994.92,3002.22,2981.02,2999.22,12091.3,36190476.712
1713505500000,2024-04-19T05:45:00+00:00,2999.22,3015.88,2995.66,2999.36,15104.02,45378941.1477
1713506400000,2024-04-19T06:00:00+00:00,2999.36,3001.34,2988.15,2992.85,16070.52,48109033.2616
1713507300000,2024-04-19T06:15:00+00:00,2992.85,2996.2,2987.27,2995.51,14714.84,44035827.9775
1713508200000,2024-04-19T06:30:00+00:00,2995.51,3060.39,2994.94,3057.06,23782.02,71965949.1546
1713509100000,2024-04-19T06:45:00+00:00,3057.06,3108.36,3055.7,3102.68,32966.66,101723418.8986
1713510000000,2024-04-19T07:00:00+00:00,3102.68,3128.62,3084.56,3086.59,35661.69,110834822.0916
1713510900000,2024-04-19T07:15:00+00:00,3086.59,3096.76,3067.41,3074.17,29292.75,90297723.6291
1713511800000,2024-04-19T07:30:00+00:00,3074.17,3086.24,3067.46,3079.34,26019.66,80078176.6103
1713512700000,2024-04-19T07:45:00+00:00,3079.34,3084.59,3072.97,3082.62,21593.74,66499191.1642
1713513600000,2024-04-19T08:00:00+00:00,3082.62,3115.38,3078.22,3098.75,30609.16,94874239.4459
1713514500000,2024-04-19T08:15:00+00:00,3098.75,3123.25,3090.7,3092.05,29361.83,91334005.1259
1713515400000,2024-04-19T08:30:00+00:00,3092.05,3108.69,3074.35,3096.73,29244.59,90308105.3624
1713516300000,2024-04-19T08:45:00+00:00,3096.73,3114.01,3093.1,3109.83,16132.62,50057360.2709
1713517200000,2024-04-19T09:00:00+00:00,3109.83,3116.64,3099.97,3107.5,12052.92,37430658.2697
1713518100000,2024-04-19T09:15:00+00:00,3107.5,3108.23,3093.4,3096.37,14046.8,43575427.5775
1713519000000,2024-04-19T09:30:00+00:00,3096.37,3104.7,3090.52,3092.06,15517.06,48060016.8634
1713519900000,2024-04-19T09:45:00+00:00,3092.06,3104.22,3091.89,3100.44,14289.71,44289283.8028
1713520800000,2024-04-19T10:00:00+00:00,3100.44,3115.59,3091.34,3095.03,18205.94,56455349.4086
1713521700000,2024-04-19T10:15:00+00:00,3095.03,3100.73,3089.14,3090,20575.65,63659859.8206
1713522600000,2024-04-19T10:30:00+00:00,3090,3091,3079.52,3088.54,24737.63,76340082.0427
1713523500000,2024-04-19T10:45:00+00:00,3088.54,3099.81,3083.83,3096.13,16327.95,50503167.3926
1713524400000,2024-04-19T11:00:00+00:00,3096.13,3111.15,3092.33,3101.65,28353.77,87988494.2042
1713525300000,2024-04-19T11:15:00+00:00,3101.65,3105.96,3090,3090.18,19315.72,59817911.6919
1713526200000,2024-04-19T11:30:00+00:00,3090.18,3117.52,3089.35,3114.92,29005.43,90018742.5495
1713527100000,2024-04-19T11:45:00+00:00,3114.92,3115.38,3095.57,3100.18,20036.87,62185984.8096
1713528000000,2024-04-19T12:00:00+00:00,3100.18,3103.47,3087.91,3101.63,20321.96,62953618.2909
1713528900000,2024-04-19T12:15:00+00:00,3101.63,3115.82,3101.6,3115.48,22965.39,71376313.4562
1713529800000,2024-04-19T12:30:00+00:00,3115.48,3119.47,3105.51,3108.2,16649.84,51784684.1875
1713530700000,2024-04-19T12:45:00+00:00,3108.2,3111,3092.28,3097.7,21915.69,67986649.8111
1713531600000,2024-04-19T13:00:00+00:00,3097.7,3102.85,3078.44,3084.42,28765.7,88871628.0973
1713532500000,2024-04-19T13:15:00+00:00,3084.42,3091.71,3077.59,3089.1,27323.27,84249169.7522
1713533400000,2024-04-19T13:30:00+00:00,3089.1,3106.07,3084.57,3098.72,34769.11,107586296.043
1713534300000,2024-04-19T13:45:00+00:00,3098.72,3105.93,3087.84,3096.26,27407.53,84888160.9509
1713535200000,2024-04-19T14:00:00+00:00,3096.26,3101.16,3080,3082.58,24873.32,76863005.7441
1713536100000,2024-04-19T14:15:00+00:00,3082.58,3087.22,3051.91,3060.57,28681.89,88157822.3618
1713537000000,2024-04-19T14:30:00+00:00,3060.57,3085.25,3060.57,3082,30633.82,94182419.1785
1713537900000,2024-04-19T14:45:00+00:00,3082,3093.77,3074.42,3077.43,22819.91,70423000.4466
1713538800000,2024-04-19T15:00:00+00:00,3077.43,3087.45,3074.01,3083.18,15724.96,48435470.2734
1713539700000,2024-04-19T15:15:00+00:00,3083.18,3088.69,3078.05,3088.08,17468.64,53855469.4434
1713540600000,2024-04-19T15:30:00+00:00,3088.08,3092.22,3077.91,3086.87,18797.68,58003513.9553
1713541500000,2024-04-19T15:45:00+00:00,3086.87,3090,3072.38,3078.22,17169.52,52927091.374
1713542400000,2024-04-19T16:00:00+00:00,3078.22,3084.8,3063.57,3064.41,18521.68,56968133.4307
1713543300000,2024-04-19T16:15:00+00:00,3064.41,3070.28,3042.32,3054.6,27517.88,84021156.471
1713544200000,2024-04-19T16:30:00+00:00,3054.6,3068.7,3046,3063.07,21266.13,64961286.9478
1713545100000,2024-04-19T16:45:00+00:00,3063.07,3081.04,3058.92,3063.5,17133.98,52561661.4254
1713546000000,2024-04-19T17:00:00+00:00,3063.5,3069.23,3058.96,3067.14,13700.18,41985833.2713
1713546900000,2024-04-19T17:15:00+00:00,3067.14,3074.66,3055.2,3058.74,12627.93,38732663.1989
1713547800000,2024-04-19T17:30:00+00:00,3058.74,3089.25,3058.64,3077.62,21374.18,65692606.3543
1713548700000,2024-04-19T17:45:00+00:00,3077.62,3091.61,3072.5,3078.24,18140.07,55888764.765
1713549600000,2024-04-19T18:00:00+00:00,3078.24,3078.8,3068.49,3075,20048.5,61596599.4083
1713550500000,2024-04-19T18:15:00+00:00,3075,3080.45,3072.05,3075.65,16541.81,50886366.7521
1713551400000,2024-04-19T18:30:00+00:00,3075.65,3083.31,3068.07,3071.77,18030.53,55429028.2351
1713552300000,2024-04-19T18:45:00+00:00,3071.77,3077.63,3069.38,3074.09,17945.96,55158294.3852
1713553200000,2024-04-19T19:00:00+00:00,3074.09,3083.73,3071.13,3083.08,18083.2,55673679.2912
1713554100000,2024-04-19T19:15:00+00:00,3083.08,3087.36,3079.87,3085.9,21373.86,65918542.8315
1713555000000,2024-04-19T19:30:00+00:00,3085.9,3088.84,3079.32,3082.88,20047.2,61814750.7803
1713555900000,2024-04-19T19:45:00+00:00,3082.88,3106.36,3082.58,3101.92,22402.71,69324244.8349
1713556800000,2024-04-19T20:00:00+00:00,3101.92,3102.44,3083.82,3086.92,16973.1,52470199.3801
1713557700000,2024-04-19T20:15:00+00:00,3086.92,3095.36,3086.09,3091.2,18059.09,55814064.7152
1713558600000,2024-04-19T20:30:00+00:00,3091.2,3093.65,3070.77,3076.23,16218.43,49998983.1784
1713559500000,2024-04-19T20:45:00+00:00,3076.23,3077.77,3068.44,3076.08,17033.72,52346554.3184
1713560400000,2024-04-19T21:00:00+00:00,3076.08,3090.94,3076.08,3087.8,16151.09,49822829.437
1713561300000,2024-04-19T21:15:00+00:00,3087.8,3095.82,3085.39,3090.92,15318.06,47351075.4642
1713562200000,2024-04-19T21:30:00+00:00,3090.92,3096.89,3086.8,3095.02,17581.66,54392443.3256
1713563100000,2024-04-19T21:45:00+00:00,3095.02,3100.34,3093.11,3098.17,18075.59,55958092.1883
1713564000000,2024-04-19T22:00:00+00:00,3098.17,3104.11,3093.73,3103.49,14554.91,45104368.7589
1713564900000,2024-04-19T22:15:00+00:00,3103.49,3103.49,3091.97,3093,16733.78,51814308.2181
1713565800000,2024-04-19T22:30:00+00:00,3093,3098.03,3076.21,3080.81,18953.93,58432296.6214
1713566700000,2024-04-19T22:45:00+00:00,3080.81,3083.82,3066.91,3067.21,13381.83,41168160.6158
1713567600000,2024-04-19T23:00:00+00:00,3067.21,3070.58,3017.34,3040.45,34246.15,104008496.1299
1713568500000,2024-04-19T23:15:00+00:00,3040.45,3050.79,3037.31,3042.09,13223.88,40246741.3021
1713569400000,2024-04-19T23:30:00+00:00,3042.09,3058.54,3037.9,3055.25,12225.37,37270430.1605
1713570300000,2024-04-19T23:45:00+00:00,3055.25,3070.76,3052.73,3054.16,24149.48,73903638.8825
1713571200000,2024-04-20T00:00:00+00:00,3054.16,3061.89,3044.11,3047.5,21657.81,66128682.3575
1713572100000,2024-04-20T00:15:00+00:00,3047.5,3069.09,3030.59,3052.38,35964.79,109785210.2238
1713573000000,2024-04-20T00:30:00+00:00,3052.38,3056.82,3042.69,3046.27,27528.99,83954071.0746
1713573900000,2024-04-20T00:45:00+00:00,3046.27,3048.73,3021.82,3029.03,26800.95,81292338.0151
1713574800000,2024-04-20T01:00:00+00:00,3029.03,3034.28,3015.71,3029.16,37963.75,114854094.8977
1713575700000,2024-04-20T01:15:00+00:00,3029.16,3040.46,3028.83,3038.95,28849.9,87573832.332
1713576600000,2024-04-20T01:30:00+00:00,3038.95,3050.76,3036.84,3049.58,24499.52,74557359.6996
1713577500000,2024-04-20T01:45:00+00:00,3049.58,3055.86,3044.92,3049.31,28097.79,85746319.9322
1713578400000,2024-04-20T02:00:00+00:00,3049.31,3059.5,3045.67,3050.87,21477.07,65508824.0443
1713579300000,2024-04-20T02:15:00+00:00,3050.87,3056.24,3043.3,3054.32,29944,91305396.202
1713580200000,2024-04-20T02:30:00+00:00,3054.32,3058.99,3046.48,3058.68,22708.95,69315428.4308
1713581100000,2024-04-20T02:45:00+00:00,3058.68,3063.81,3050.22,3051.59,17330.42,52985824.0434
1713582000000,2024-04-20T03:00:00+00:00,3051.59,3055.71,3047.51,3049.64,12936.34,39450586.1335
1713582900000,2024-04-20T03:15:00+00:00,3049.64,3056.73,3047.63,3052.06,14260.02,43519176.4803
1713583800000,2024-04-20T03:30:00+00:00,3052.06,3052.62,3047.55,3051.55,16502.9,50337432.4652
1713584700000,2024-04-20T03:45:00+00:00,3051.55,3054.44,3047.55,3053.51,19807.89,60419980.9901
1713585600000,2024-04-20T04:00:00+00:00,3053.51,3055.16,3047.55,3048.7,25258.22,77094452.6782
1713586500000,2024-04-20T04:15:00+00:00,3048.7,3057.69,3047,3057.07,17093.65,52144445.9971
1713587400000,2024-04-20T04:30:00+00:00,3057.07,3063.82,3052.6,3062.68,22922.81,70107284.4174
1713588300000,2024-04-20T04:45:00+00:00,3062.68,3065,3054.12,3062.31,22775.74,69727515.1344
1713589200000,2024-04-20T05:00:00+00:00,3062.31,3064.32,3055.22,3058.52,19766.34,60470828.9519
1713590100000,2024-04-20T05:15:00+00:00,3058.52,3062.17,3054.8,3058.78,22220.32,67950119.6642
1713591000000,2024-04-20T05:30:00+00:00,3058.78,3071.72,3056.49,3065.49,28190.49,86342320.8698
1713591900000,2024-04-20T05:45:00+00:00,3065.49,3065.54,3059.44,3060.88,16294.6,49892212.1932
1713592800000,2024-04-20T06:00:00+00:00,3060.88,3062.58,3052.39,3056.75,14396.81,44015964.2745
1713593700000,2024-04-20T06:15:00+00:00,3056.75,3060,3051.58,3059.96,14370.3,43937160.1556
1713594600000,2024-04-20T06:30:00+00:00,3059.96,3064.8,3056.94,3061.13,13777.07,42190460.4328
1713595500000,2024-04-20T06:45:00+00:00,3061.13,3068.7,3060.94,3062.68,19796.59,60653519.3549
1713596400000,2024-04-20T07:00:00+00:00,3062.68,3069,3060.66,3060.68,21231.52,65071637.8193
1713597300000,2024-04-20T07:15:00+00:00,3060.68,3062.5,3058.66,3058.9,28426.64,87002802.5395
1713598200000,2024-04-20T07:30:00+00:00,3058.9,3062,3058.09,3061.83,20976.24,64194343.8018
1713599100000,2024-04-20T07:45:00+00:00,3061.83,3062.79,3056.01,3058.01,19103.68,58451453.2136
1713600000000,2024-04-20T08:00:00+00:00,3058.01,3059.23,3042.25,3047.89,16178.19,49361466.612
1713600900000,2024-04-20T08:15:00+00:00,3047.89,3054.64,3044.06,3053.23,14182.44,43244150.4117
1713601800000,2024-04-20T08:30:00+00:00,3053.23,3055.21,3050.66,3053.02,11692.61,35689839.6663
1713602700000,2024-04-20T08:45:00+00:00,3053.02,3053.02,3043.38,3046.85,13959.94,42554850.625
1713603600000,2024-04-20T09:00:00+00:00,3046.85,3049.52,3030.23,3038.61,22154.02,67296299.865
1713604500000,2024-04-20T09:15:00+00:00,3038.61,3043.16,3034.03,3042,19701.98,59874475.6338
1713605400000,2024-04-20T09:30:00+00:00,3042,3044.86,3037.16,3039.89,17732.28,53902282.9995
1713606300000,2024-04-20T09:45:00+00:00,3039.89,3041.8,3027.15,3041.62,24781.21,75193641.5315
1713607200000,2024-04-20T10:00:00+00:00,3041.62,3047.7,3034.27,3040.52,22152.28,67391871.278
1713608100000,2024-04-20T10:15:00+00:00,3040.52,3041.76,3028.46,3032.33,21591.96,65493900.8204
1713609000000,2024-04-20T10:30:00+00:00,3032.33,3039.97,3032.33,3039.21,16686.46,50664450.1608
1713609900000,2024-04-20T10:45:00+00:00,3039.21,3044.17,3034.31,3035.52,19289.33,58615349.0763
1713610800000,2024-04-20T11:00:00+00:00,3035.52,3049.15,3035.03,3047.69,20205.27,61463838.2135
1713611700000,2024-04-20T11:15:00+00:00,3047.69,3052.89,3043.16,3044.64,20469.62,62392120.0824
1713612600000,2024-04-20T11:30:00+00:00,3044.64,3051.08,3043.98,3046.08,15830.26,48237840.4812
1713613500000,2024-04-20T11:45:00+00:00,3046.08,3051.41,3044.42,3044.85,19354.76,58992217.4215
1713614400000,2024-04-20T12:00:00+00:00,3044.85,3052.1,3044,3050.75,17950.87,54714435.7566
1713615300000,2024-04-20T12:15:00+00:00,3050.75,3050.82,3037.49,3044.58,23063.38,70224273.3438
1713616200000,2024-04-20T12:30:00+00:00,3044.58,3062.05,3042.93,3059.2,17904.32,54647544.3392
1713617100000,2024-04-20T12:45:00+00:00,3059.2,3066.44,3056.12,3057.25,16366.05,50102496.6373
1713618000000,2024-04-20T13:00:00+00:00,3057.25,3066.07,3056.21,3059.92,11996.39,36715135.3733
1713618900000,2024-04-20T13:15:00+00:00,3059.92,3062.48,3057.2,3061.63,11286.75,34535669.5359
1713619800000,2024-04-20T13:30:00+00:00,3061.63,3068,3059.61,3061.7,13019.34,39879280.1975
1713620700000,2024-04-20T13:45:00+00:00,3061.7,3062.09,3057.01,3059.47,18556.16,56769935.2248
1713621600000,2024-04-20T14:00:00+00:00,3059.47,3063.29,3057.84,3057.95,22122.03,67723333.9346
1713622500000,2024-04-20T14:15:00+00:00,3057.95,3062.43,3054.78,3058.96,21761.54,66572244.8692
1713623400000,2024-04-20T14:30:00+00:00,3058.96,3060.4,3051.53,3059.42,23980.31,73278687.6914
1713624300000,2024-04-20T14:45:00+00:00,3059.42,3066.81,3058.26,3063.33,14673.55,44939713.193
1713625200000,2024-04-20T15:00:00+00:00,3063.33,3064.94,3054,3058.31,14342.97,43865129.3578
1713626100000,2024-04-20T15:15:00+00:00,3058.31,3062.4,3058.27,3061.69,12883.65,39427458.2737
1713627000000,2024-04-20T15:30:00+00:00,3061.69,3095,3061.56,3090.78,18676.62,57488686.1288
1713627900000,2024-04-20T15:45:00+00:00,3090.78,3113.15,3090.18,3107.58,25101.41,77922918.2957
1713628800000,2024-04-20T16:00:00+00:00,3107.58,3114.85,3085.28,3097.05,27070.82,83874242.6609
1713629700000,2024-04-20T16:15:00+00:00,3097.05,3103.09,3094.45,3099.51,25108.87,77798829.0565
1713630600000,2024-04-20T16:30:00+00:00,3099.51,3105.59,3095.26,3102.32,20222.74,62690208.6412
1713631500000,2024-04-20T16:45:00+00:00,3102.32,3104.23,3096,3096.84,13670.24,42376625.1459
1713632400000,2024-04-20T17:00:00+00:00,3096.84,3115.81,3096.77,3111.23,13507.78,41930564.9272
1713633300000,2024-04-20T17:15:00+00:00,3111.23,3139.73,3111.21,3136.23,27597.72,86375455.6231
1713634200000,2024-04-20T17:30:00+00:00,3136.23,3164.61,3130.52,3158.42,20074.57,63139737.6396
1713635100000,2024-04-20T17:45:00+00:00,3158.42,3162.59,3148.21,3152.35,21323.25,67266355.2578
1713636000000,2024-04-20T18:00:00+00:00,3152.35,3159.88,3130.73,3145.47,20610.79,64887287.1512
1713636900000,2024-04-20T18:15:00+00:00,3145.47,3149.82,3135.8,3146.46,19193.6,60317580.1817
1713637800000,2024-04-20T18:30:00+00:00,3146.46,3152.04,3139.99,3142.83,18563.39,58390487.2896
1713638700000,2024-04-20T18:45:00+00:00,3142.83,3143.68,3135.11,3136.89,13881.34,43586602.0154
1713639600000,2024-04-20T19:00:00+00:00,3136.89,3139.88,3127.53,3129.22,14105.01,44214809.0955
1713640500000,2024-04-20T19:15:00+00:00,3129.22,3140.81,3128.49,3135.28,13965.25,43800432.1595
1713641400000,2024-04-20T19:30:00+00:00,3135.28,3148.82,3133.89,3147.89,16025.19,50341052.1416
1713642300000,2024-04-20T19:45:00+00:00,3147.89,3148.68,3140.89,3145.9,10655.24,33505927.3051
1713643200000,2024-04-20T20:00:00+00:00,3145.9,3170.52,3145.9,3159.82,15363.86,48548464.3167
1713644100000,2024-04-20T20:15:00+00:00,3159.82,3160.47,3142.64,3149.42,12078.74,38068205.6255
1713645000000,2024-04-20T20:30:00+00:00,3149.42,3159.11,3148.49,3158.31,10322.84,32577613.2808
1713645900000,2024-04-20T20:45:00+00:00,3158.31,3158.63,3149.08,3154.26,9324.91,29405646.3606
1713646800000,2024-04-20T21:00:00+00:00,3154.26,3159.18,3151.34,3158.3,8986.36,28363283.2259
1713647700000,2024-04-20T21:15:00+00:00,3158.3,3160.55,3147.41,3152.93,9916.49,31285100.2853
1713648600000,2024-04-20T21:30:00+00:00,3152.93,3155.12,3148.38,3154.81,7256.25,22873992.5514
1713649500000,2024-04-20T21:45:00+00:00,3154.81,3159.2,3141.91,3150.55,22834.36,71977958.6156
1713650400000,2024-04-20T22:00:00+00:00,3150.55,3152.58,3140.04,3141.58,23782.11,74792514.673
1713651300000,2024-04-20T22:15:00+00:00,3141.58,3152,3141.58,3150.31,23410.12,73707297.9387
1713652200000,2024-04-20T22:30:00+00:00,3150.31,3154.36,3144.52,3147.04,22204.69,69922742.8615
1713653100000,2024-04-20T22:45:00+00:00,3147.04,3148.25,3138.66,3138.88,20900.75,65704128.3542
1713654000000,2024-04-20T23:00:00+00:00,3138.88,3146.99,3138.47,3146.49,18363.86,57695779.7324
1713654900000,2024-04-20T23:15:00+00:00,3146.49,3158.6,3146.22,3158.6,26114.92,82377127.2894
1713655800000,2024-04-20T23:30:00+00:00,3158.6,3160.58,3149.97,3152.84,22439.67,70767158.6049
1713656700000,2024-04-20T23:45:00+00:00,3152.84,3154.94,3146.89,3153.23,21988.11,69261670.6743
1713657600000,2024-04-21T00:00:00+00:00,3153.23,3153.99,3137.38,3146.34,19225.77,60447155.2206
1713658500000,2024-04-21T00:15:00+00:00,3146.34,3148.1,3140.57,3144.58,19563.87,61492346.8903
1713659400000,2024-04-21T00:30:00+00:00,3144.58,3145.36,3127.57,3131.43,22309.63,69928474.0916
1713660300000,2024-04-21T00:45:00+00:00,3131.43,3138.42,3124.13,3133.52,14318,44816156.8114
1713661200000,2024-04-21T01:00:00+00:00,3133.52,3145.78,3133.01,3144.14,9611.89,30196952.859
1713662100000,2024-04-21T01:15:00+00:00,3144.14,3153,3142.52,3149.6,8896.74,27996478.2048
1713663000000,2024-04-21T01:30:00+00:00,3149.6,3151.12,3146.6,3148.21,9312.7,29322011.7247
1713663900000,2024-04-21T01:45:00+00:00,3148.21,3150.21,3144.53,3147.44,10992.69,34605657.4997
1713664800000,2024-04-21T02:00:00+00:00,3147.44,3149.05,3142.58,3147.5,12455.32,39179746.5555
1713665700000,2024-04-21T02:15:00+00:00,3147.5,3178.12,3143.37,3175.91,22047.81,69648068.2923
1713666600000,2024-04-21T02:30:00+00:00,3175.91,3185.75,3164.12,3166.02,19743.42,62667749.4577
1713667500000,2024-04-21T02:45:00+00:00,3166.02,3181.5,3161.54,3179.04,13433.31,42600222.2704
1713668400000,2024-04-21T03:00:00+00:00,3179.04,3195.55,3174.64,3187.48,16021.83,51031106.1003
1713669300000,2024-04-21T03:15:00+00:00,3187.48,3187.85,3166.19,3166.19,15075.59,47924929.265
1713670200000,2024-04-21T03:30:00+00:00,3166.19,3175.36,3164.21,3167.48,14685.66,46561706.1353
1713671100000,2024-04-21T03:45:00+00:00,3167.48,3172.97,3161.49,3164.5,15159.43,48006217.1035
1713672000000,2024-04-21T04:00:00+00:00,3164.5,3166.5,3156.32,3158.87,19016.18,60136917.4616
1713672900000,2024-04-21T04:15:00+00:00,3158.87,3163.62,3150.92,3160.08,24404.17,77084989.365
1713673800000,2024-04-21T04:30:00+00:00,3160.08,3168.52,3156.93,3167.06,19542.37,61818522.7897
1713674700000,2024-04-21T04:45:00+00:00,3167.06,3178.28,3165.96,3173.1,17250.09,54737433.5252
1713675600000,2024-04-21T05:00:00+00:00,3173.1,3182.64,3173.09,3181.69,11610.4,36890492.8529
1713676500000,2024-04-21T05:15:00+00:00,3181.69,3187.65,3174.4,3174.4,13150.02,41828317.3413
1713677400000,2024-04-21T05:30:00+00:00,3174.4,3179.98,3170.38,3170.5,13893.82,44118329.0272
1713678300000,2024-04-21T05:45:00+00:00,3170.5,3180,3167.59,3174.08,15988.79,50751922.1034
1713679200000,2024-04-21T06:00:00+00:00,3174.08,3175.9,3168.95,3173.21,18185.89,57690983.9765
1713680100000,2024-04-21T06:15:00+00:00,3173.21,3189.65,3171.59,3188.86,17552.03,55873944.8542
1713681000000,2024-04-21T06:30:00+00:00,3188.86,3189.2,3178.28,3179.78,18197.27,57914904.5687
1713681900000,2024-04-21T06:45:00+00:00,3179.78,3179.78,3173.88,3175.89,20334.33,64594002.6279
1713682800000,2024-04-21T07:00:00+00:00,3175.89,3180.59,3174.21,3176.39,18970.59,60263871.6398
1713683700000,2024-04-21T07:15:00+00:00,3176.39,3179.79,3167.23,3170.42,24363.48,77365946.5563
1713684600000,2024-04-21T07:30:00+00:00,3170.42,3174.61,3161.37,3172.9,22218.89,70399819.4238
1713685500000,2024-04-21T07:45:00+00:00,3172.9,3181.38,3171.54,3177.25,19655.51,62418490.1263
1713686400000,2024-04-21T08:00:00+00:00,3177.25,3184.44,3174.12,3179.51,15936.75,50686959.6917
1713687300000,2024-04-21T08:15:00+00:00,3179.51,3182.56,3169.05,3175.56,17491.97,55534365.8478
1713688200000,2024-04-21T08:30:00+00:00,3175.56,3181.45,3171.88,3173.21,14965.73,47544946.779
1713689100000,2024-04-21T08:45:00+00:00,3173.21,3174.75,3166.54,3167.18,22614.12,71679238.4909
1713690000000,2024-04-21T09:00:00+00:00,3167.18,3173.67,3165.26,3166.57,16722.17,52990053.1681
1713690900000,2024-04-21T09:15:00+00:00,3166.57,3170.63,3162.19,3169.6,21284.21,67381087.4837
1713691800000,2024-04-21T09:30:00+00:00,3169.6,3170.65,3163.18,3164.08,22098.13,69998648.4808
1713692700000,2024-04-21T09:45:00+00:00,3164.08,3170.42,3162.88,3167.55,23171.3,73385757.3989
1713693600000,2024-04-21T10:00:00+00:00,3167.55,3170.64,3152,3157.84,26229.49,82895890.6454
1713694500000,2024-04-21T10:15:00+00:00,3157.84,3161.52,3150.92,3160.38,33732.76,106489422.2631
1713695400000,2024-04-21T10:30:00+00:00,3160.38,3169.62,3158.9,3167.58,23108.85,73115353.0555
1713696300000,2024-04-21T10:45:00+00:00,3167.58,3171.69,3164,3167.39,20977.27,66458874.5234
1713697200000,2024-04-21T11:00:00+00:00,3167.39,3176.91,3166.82,3174.21,19886.86,63089814.0965
1713698100000,2024-04-21T11:15:00+00:00,3174.21,3181.33,3162.06,3163.26,21368.87,67790283.9569
1713699000000,2024-04-21T11:30:00+00:00,3163.26,3169,3155.02,3166.08,30226.82,95633867.2431
1713699900000,2024-04-21T11:45:00+00:00,3166.08,3169.8,3163,3166.4,22901.13,72527002.9551
1713700800000,2024-04-21T12:00:00+00:00,3166.4,3174.8,3164.23,3170.37,25643.48,81278268.2695
1713701700000,2024-04-21T12:15:00+00:00,3170.37,3172.01,3154.47,3159.53,24581.11,77722775.5497
1713702600000,2024-04-21T12:30:00+00:00,3159.53,3165.43,3157.2,3163.47,17806.01,56301902.2934
1713703500000,2024-04-21T12:45:00+00:00,3163.47,3165.09,3151.51,3155.22,17842.45,56342150.2248
1713704400000,2024-04-21T13:00:00+00:00,3155.22,3158.8,3142.54,3158.48,22381.53,70518410.6286
1713705300000,2024-04-21T13:15:00+00:00,3158.48,3167.86,3154.76,3161.4,24314.99,76875385.571
1713706200000,2024-04-21T13:30:00+00:00,3161.4,3163.79,3149.35,3154.54,18098.02,57138488.5001
1713707100000,2024-04-21T13:45:00+00:00,3154.54,3154.54,3134.5,3143.01,27150.34,85377857.6629
1713708000000,2024-04-21T14:00:00+00:00,3143.01,3149.21,3142.11,3148.56,25892.96,81467008.4567
1713708900000,2024-04-21T14:15:00+00:00,3148.56,3153.66,3143.66,3151.59,26280.97,82738144.0016
1713709800000,2024-04-21T14:30:00+00:00,3151.59,3155.71,3146.31,3148.04,22077.27,69533542.6484
1713710700000,2024-04-21T14:45:00+00:00,3148.04,3152.71,3139.05,3145.83,24451.88,76921223.1576
1713711600000,2024-04-21T15:00:00+00:00,3145.83,3159.02,3144.87,3157.6,24323.06,76654687.7425
1713712500000,2024-04-21T15:15:00+00:00,3157.6,3163.63,3151.89,3153.39,23320.77,73633726.2001
1713713400000,2024-04-21T15:30:00+00:00,3153.39,3160.96,3147.49,3159.8,20307.8,64064425.447
1713714300000,2024-04-21T15:45:00+00:00,3159.8,3162.48,3154.88,3156.68,25882.84,81731274.801
1713715200000,2024-04-21T16:00:00+00:00,3156.68,3159.69,3130.5,3134.66,33649.54,105740813.971
1713716100000,2024-04-21T16:15:00+00:00,3134.66,3143.87,3131.64,3140.82,23683.07,74312588.291
1713717000000,2024-04-21T16:30:00+00:00,3140.82,3140.93,3113.9,3122.86,31672.9,98962014.0489
1713717900000,2024-04-21T16:45:00+00:00,3122.86,3136.63,3117.44,3135.53,26549.73,83082331.3909
1713718800000,2024-04-21T17:00:00+00:00,3135.53,3141.11,3132.89,3133.58,23874.41,74896118.6747
1713719700000,2024-04-21T17:15:00+00:00,3133.58,3138.18,3130.25,3136.74,17812.94,55835029.7805
1713720600000,2024-04-21T17:30:00+00:00,3136.74,3144.71,3133.38,3141.78,22715.73,71305397.2335
1713721500000,2024-04-21T17:45:00+00:00,3141.78,3148.08,3141.33,3146.14,10697.06,33632554.4877
1713722400000,2024-04-21T18:00:00+00:00,3146.14,3146.98,3132.69,3144.73,9194.45,28883791.0848
1713723300000,2024-04-21T18:15:00+00:00,3144.73,3145.88,3139.3,3145.59,9615.26,30219090.0123
1713724200000,2024-04-21T18:30:00+00:00,3145.59,3146,3140.79,3144.22,7379.99,23197637.7831
1713725100000,2024-04-21T18:45:00+00:00,3144.22,3144.62,3139.23,3143.29,8964.87,28172500.92
1713726000000,2024-04-21T19:00:00+00:00,3143.29,3154.92,3141.77,3147.09,11857.2,37349100.4483
1713726900000,2024-04-21T19:15:00+00:00,3147.09,3150.71,3141.45,3147.42,9497.21,29876989.082
1713727800000,2024-04-21T19:30:00+00:00,3147.42,3152.02,3147.25,3149.95,9253.87,29152210.9551
1713728700000,2024-04-21T19:45:00+00:00,3149.95,3151.02,3134.21,3135,8817.49,27742294.8501
1713729600000,2024-04-21T20:00:00+00:00,3135,3143.01,3127.17,3140.42,9688.78,30404009.5614
1713730500000,2024-04-21T20:15:00+00:00,3140.42,3150.96,3138.69,3142.96,10238.43,32182707.9623
1713731400000,2024-04-21T20:30:00+00:00,3142.96,3143.56,3137.24,3138.3,9245.72,29032107.9379
1713732300000,2024-04-21T20:45:00+00:00,3138.3,3147.3,3136.09,3147.23,10200.8,32052581.3871
1713733200000,2024-04-21T21:00:00+00:00,3147.23,3167.58,3146.96,3161.72,22345.88,70622313.6362
1713734100000,2024-04-21T21:15:00+00:00,3161.72,3164.81,3150.45,3154.14,15293.62,48254132.3077
1713735000000,2024-04-21T21:30:00+00:00,3154.14,3154.22,3141.11,3145.3,12478.42,39264294.105
1713735900000,2024-04-21T21:45:00+00:00,3145.3,3150.84,3142.68,3142.93,16140.74,50802097.9438
1713736800000,2024-04-21T22:00:00+00:00,3142.93,3161.77,3137.24,3160.31,16854.85,53054092.5072
1713737700000,2024-04-21T22:15:00+00:00,3160.31,3161,3151.85,3155.21,14867.03,46915899.1675
1713738600000,2024-04-21T22:30:00+00:00,3155.21,3160.66,3151,3158.21,16076.01,50724911.1762
1713739500000,2024-04-21T22:45:00+00:00,3158.21,3159.21,3151,3152.86,13851.11,43701970.3084
1713740400000,2024-04-21T23:00:00+00:00,3152.86,3153.6,3143.53,3144.47,13041.69,41071183.5867
1713741300000,2024-04-21T23:15:00+00:00,3144.47,3148.76,3138.5,3146.41,10306.57,32403775.6669
1713742200000,2024-04-21T23:30:00+00:00,3146.41,3147.22,3141.24,3145.93,9755.1,30670908.5376
1713743100000,2024-04-21T23:45:00+00:00,3145.93,3148.47,3143.08,3145.07,14636.92,46028689.2645
1713744000000,2024-04-22T00:00:00+00:00,3145.07,3160.85,3143.89,3160.16,15029.85,47365528.7583
1713744900000,2024-04-22T00:15:00+00:00,3160.16,3166.51,3153,3156.19,13198.76,41699331.2984
1713745800000,2024-04-22T00:30:00+00:00,3156.19,3156.63,3141.75,3145.82,16025,50426444.9617
1713746700000,2024-04-22T00:45:00+00:00,3145.82,3151.71,3144.71,3149.45,17843.93,56188184.4293
1713747600000,2024-04-22T01:00:00+00:00,3149.45,3154.01,3140,3152.76,19741.46,62116254.0949
1713748500000,2024-04-22T01:15:00+00:00,3152.76,3189.71,3150.15,3150.6,23420,74260685.5783
1713749400000,2024-04-22T01:30:00+00:00,3150.6,3157.29,3135.59,3147.26,27594.43,86791447.0278
1713750300000,2024-04-22T01:45:00+00:00,3147.26,3154.67,3135.3,3137.42,19892.72,62522785.223
1713751200000,2024-04-22T02:00:00+00:00,3137.42,3145.84,3126.42,3139.27,22861.1,71688085.0897
1713752100000,2024-04-22T02:15:00+00:00,3139.27,3142.3,3127.66,3136.24,23305.71,73057534.2781
1713753000000,2024-04-22T02:30:00+00:00,3136.24,3145.52,3130.68,3137.5,18351.42,57591702.8674
1713753900000,2024-04-22T02:45:00+00:00,3137.5,3145.74,3136.47,3145.62,15757.84,49503966.7363
1713754800000,2024-04-22T03:00:00+00:00,3145.62,3163.8,3143.22,3162.44,16676.53,52614537.9949
1713755700000,2024-04-22T03:15:00+00:00,3162.44,3168.87,3156.48,3168,15163.26,47935721.1414
1713756600000,2024-04-22T03:30:00+00:00,3168,3188.42,3163.19,3188.39,28632.66,90965733.2524
1713757500000,2024-04-22T03:45:00+00:00,3188.39,3209.74,3186.34,3187.76,28320.88,90590462.7495
1713758400000,2024-04-22T04:00:00+00:00,3187.76,3200.43,3182.03,3185.85,25067.39,80026941.0306
1713759300000,2024-04-22T04:15:00+00:00,3185.85,3196.75,3182.2,3188.65,18657.17,59556610.2181
1713760200000,2024-04-22T04:30:00+00:00,3188.65,3192.84,3183.12,3187.38,18598.85,59270580.5844
1713761100000,2024-04-22T04:45:00+00:00,3187.38,3196.64,3185.16,3191.14,9260.9,29548946.0353
1713762000000,2024-04-22T05:00:00+00:00,3191.14,3201.99,3191.14,3199.01,12226.61,39094524.6087
1713762900000,2024-04-22T05:15:00+00:00,3199.01,3213.95,3196.97,3208.6,13882.16,44519666.0981
1713763800000,2024-04-22T05:30:00+00:00,3208.6,3221.62,3202,3217.89,10398.18,33375011.0499
1713764700000,2024-04-22T05:45:00+00:00,3217.89,3229.57,3214.07,3225.85,23758.9,76517247.9375
1713765600000,2024-04-22T06:00:00+00:00,3225.85,3228,3219.16,3219.99,24675.46,79543928.5338
1713766500000,2024-04-22T06:15:00+00:00,3219.99,3232.26,3218.64,3229.1,27342.89,88199537.8394
1713767400000,2024-04-22T06:30:00+00:00,3229.1,3232.76,3220.31,3224.01,21066.78,67931269.3102
1713768300000,2024-04-22T06:45:00+00:00,3224.01,3234.45,3217,3217.73,25348.99,81687527.2949
1713769200000,2024-04-22T07:00:00+00:00,3217.73,3229.2,3210.05,3211.1,25300.41,81453242.857
1713770100000,2024-04-22T07:15:00+00:00,3211.1,3215.77,3203.98,3205.26,28073.13,90120730.315
1713771000000,2024-04-22T07:30:00+00:00,3205.26,3210.95,3200.76,3203.32,25148.87,80659488.1961
1713771900000,2024-04-22T07:45:00+00:00,3203.32,3209.45,3196.3,3201.79,30259.88,96946641.0673
1713772800000,2024-04-22T08:00:00+00:00,3201.79,3212.35,3192.42,3200.98,34509.14,110524263.1843
1713773700000,2024-04-22T08:15:00+00:00,3200.98,3215.74,3200.74,3210.47,22654.52,72706076.8951
1713774600000,2024-04-22T08:30:00+00:00,3210.47,3213.96,3205.56,3206.22,36931.97,118585745.9731
1713775500000,2024-04-22T08:45:00+00:00,3206.22,3209.75,3195.95,3202.5,21005.93,67288876.8859
1713776400000,2024-04-22T09:00:00+00:00,3202.5,3209.38,3198,3208.09,16875.53,54087691.1056
1713777300000,2024-04-22T09:15:00+00:00,3208.09,3214.82,3207.33,3210.99,16703.3,53628747.967
1713778200000,2024-04-22T09:30:00+00:00,3210.99,3215.71,3207.86,3208.44,25298.34,81243581.6644
1713779100000,2024-04-22T09:45:00+00:00,3208.44,3213.06,3207,3213,21509.86,69040948.7537
1713780000000,2024-04-22T10:00:00+00:00,3213,3220.97,3210.88,3217,18039.44,57986014.8312
1713780900000,2024-04-22T10:15:00+00:00,3217,3222.04,3212.85,3214.61,14123.71,45442514.5599
1713781800000,2024-04-22T10:30:00+00:00,3214.61,3214.65,3208.46,3210.55,19754.14,63443515.5412
1713782700000,2024-04-22T10:45:00+00:00,3210.55,3211.92,3205.9,3206.99,17546.16,56305236.9328
1713783600000,2024-04-22T11:00:00+00:00,3206.99,3210.5,3197.1,3199.17,12009.72,38475650.0456
1713784500000,2024-04-22T11:15:00+00:00,3199.17,3205.58,3196.52,3198.66,17994.23,57597125.7834
1713785400000,2024-04-22T11:30:00+00:00,3198.66,3199.62,3185.87,3194.28,20290.56,64815876.2192
1713786300000,2024-04-22T11:45:00+00:00,3194.28,3194.84,3188.35,3192.2,20019.55,63897317.3352
1713787200000,2024-04-22T12:00:00+00:00,3192.2,3200.39,3189.85,3193.17,21082.79,67343380.6546
1713788100000,2024-04-22T12:15:00+00:00,3193.17,3204.37,3182.55,3201.67,22854.48,73006828.8094
1713789000000,2024-04-22T12:30:00+00:00,3201.67,3206.47,3197.25,3200.21,19358.92,61979447.7531
1713789900000,2024-04-22T12:45:00+00:00,3200.21,3202.67,3193.13,3201.66,11150.53,35654463.0358
1713790800000,2024-04-22T13:00:00+00:00,3201.66,3209.37,3198.87,3201,11677.99,37427084.3748
1713791700000,2024-04-22T13:15:00+00:00,3201,3202.63,3193.22,3199.56,11293.8,36125065.6031
1713792600000,2024-04-22T13:30:00+00:00,3199.56,3200.48,3174.65,3186.36,16018.25,51021684.8207
1713793500000,2024-04-22T13:45:00+00:00,3186.36,3195.79,3184.2,3190.26,10577.62,33736577.9974
1713794400000,2024-04-22T14:00:00+00:00,3190.26,3198.15,3187.6,3197.06,9818.43,31346916.0373
1713795300000,2024-04-22T14:15:00+00:00,3197.06,3198.74,3185.34,3198.74,10764.37,34349922.7609
1713796200000,2024-04-22T14:30:00+00:00,3198.74,3206.14,3191.67,3194.85,13229.93,42291183.558
1713797100000,2024-04-22T14:45:00+00:00,3194.85,3196.13,3175.17,3181.01,20696.9,65978403.7169
1713798000000,2024-04-22T15:00:00+00:00,3181.01,3181.36,3163.28,3169.85,17240.44,54675156.5435
1713798900000,2024-04-22T15:15:00+00:00,3169.85,3178.01,3165.95,3173.36,14785.27,46904121.2632
1713799800000,2024-04-22T15:30:00+00:00,3173.36,3182.86,3171.24,3176.37,15015.06,47708434.6295
1713800700000,2024-04-22T15:45:00+00:00,3176.37,3184.05,3175.67,3181.19,18859.23,59973073.1528
1713801600000,2024-04-22T16:00:00+00:00,3181.19,3192.68,3177.38,3189.94,21962.87,69932852.1547
1713802500000,2024-04-22T16:15:00+00:00,3189.94,3197.81,3180.68,3183.7,15048.12,47992720.8613
1713803400000,2024-04-22T16:30:00+00:00,3183.7,3183.7,3166.73,3177.08,21542.34,68414209.7983
1713804300000,2024-04-22T16:45:00+00:00,3177.08,3184.21,3173.82,3182.22,15679.34,49831322.0496
1713805200000,2024-04-22T17:00:00+00:00,3182.22,3194.12,3181.67,3192.18,19840.25,63283268.6754
1713806100000,2024-04-22T17:15:00+00:00,3192.18,3213.93,3187.56,3212.02,21905.75,70043603.9833
1713807000000,2024-04-22T17:30:00+00:00,3212.02,3215.5,3200.33,3208.18,23457.06,75185499.4496
1713807900000,2024-04-22T17:45:00+00:00,3208.18,3212.06,3195.93,3196.27,14811.75,47470660.3848
1713808800000,2024-04-22T18:00:00+00:00,3196.27,3201.76,3190.25,3197.76,9235.03,29523683.8976
1713809700000,2024-04-22T18:15:00+00:00,3197.76,3202.5,3193.83,3194.49,9121.23,29176895.7389
1713810600000,2024-04-22T18:30:00+00:00,3194.49,3197.64,3191.75,3195.06,9375.24,29953403.4833
1713811500000,2024-04-22T18:45:00+00:00,3195.06,3196.25,3187.6,3188.97,18800.62,59994948.7044
1713812400000,2024-04-22T19:00:00+00:00,3188.97,3194.15,3187.38,3191.66,18158.5,57929759.602
1713813300000,2024-04-22T19:15:00+00:00,3191.66,3192.98,3175.99,3178.91,21392.67,68080829.2152
1713814200000,2024-04-22T19:30:00+00:00,3178.91,3183.57,3172.22,3182.47,18450.81,58654914.8103
1713815100000,2024-04-22T19:45:00+00:00,3182.47,3188.02,3181.12,3185.76,12285.54,39120915.521
1713816000000,2024-04-22T20:00:00+00:00,3185.76,3196.85,3180.99,3192.38,12631,40234646.0244
1713816900000,2024-04-22T20:15:00+00:00,3192.38,3202.25,3189.49,3192.02,12650.57,40398727.7624
1713817800000,2024-04-22T20:30:00+00:00,3192.02,3192.75,3187.27,3188.78,12896.7,41144152.8719
1713818700000,2024-04-22T20:45:00+00:00,3188.78,3189.85,3182.03,3187.36,12913.21,41144758.9158
1713819600000,2024-04-22T21:00:00+00:00,3187.36,3188.2,3182.29,3182.9,12368.58,39387172.0227
1713820500000,2024-04-22T21:15:00+00:00,3182.9,3190.16,3181.41,3189.75,11240.07,35817216.8405
1713821400000,2024-04-22T21:30:00+00:00,3189.75,3195.74,3185.06,3193.73,11578,36941997.5095
1713822300000,2024-04-22T21:45:00+00:00,3193.73,3196.05,3190.46,3194.73,16470.88,52619802.2824
1713823200000,2024-04-22T22:00:00+00:00,3194.73,3205.48,3194.51,3205.42,18557.27,59390093.6355
1713824100000,2024-04-22T22:15:00+00:00,3205.42,3207.71,3198.71,3205.33,16931.37,54232289.6058
1713825000000,2024-04-22T22:30:00+00:00,3205.33,3209.89,3200.38,3202.6,14049.77,45021695.8924
1713825900000,2024-04-22T22:45:00+00:00,3202.6,3223.33,3200.92,3217,16209.58,52079508.3678
1713826800000,2024-04-22T23:00:00+00:00,3217,3221.23,3210.64,3217.23,22630.11,72782006.39
1713827700000,2024-04-22T23:15:00+00:00,3217.23,3219.33,3211.03,3211.04,11913.05,38306829.7939
1713828600000,2024-04-22T23:30:00+00:00,3211.04,3211.94,3192,3196.84,26629.56,85203780.5616
1713829500000,2024-04-22T23:45:00+00:00,3196.84,3200.41,3195.19,3197.14,13185.13,42159392.8785
1713830400000,2024-04-23T00:00:00+00:00,3197.14,3205.25,3191.26,3203.51,15856.25,50731105.0293
1713831300000,2024-04-23T00:15:00+00:00,3203.51,3207,3199.96,3203.76,17989.42,57619580.2205
1713832200000,2024-04-23T00:30:00+00:00,3203.76,3214.35,3203.44,3209.39,23480.46,75392503.6149
1713833100000,2024-04-23T00:45:00+00:00,3209.39,3215.76,3205.5,3215.17,19487.3,62571396.8842
1713834000000,2024-04-23T01:00:00+00:00,3215.17,3220.77,3209.46,3215.87,26647.24,85685362.1075
1713834900000,2024-04-23T01:15:00+00:00,3215.87,3215.87,3207.04,3212,16550.22,53148556.5332
1713835800000,2024-04-23T01:30:00+00:00,3212,3212.08,3206.31,3208.17,14262.5,45767630.8491
1713836700000,2024-04-23T01:45:00+00:00,3208.17,3208.17,3201.7,3203.48,12538.79,40173625.9715
1713837600000,2024-04-23T02:00:00+00:00,3203.48,3214,3203.48,3211.98,26634.99,85547386.5984
1713838500000,2024-04-23T02:15:00+00:00,3211.98,3213.42,3207.91,3208.88,9927.36,31871962.7316
1713839400000,2024-04-23T02:30:00+00:00,3208.88,3209.26,3203.5,3207.1,8112.18,26013144.187
1713840300000,2024-04-23T02:45:00+00:00,3207.1,3207.25,3187.13,3192.66,19820.37,63397800.7262
1713841200000,2024-04-23T03:00:00+00:00,3192.66,3197.81,3190.02,3194.57,23544.02,75238228.1132
1713842100000,2024-04-23T03:15:00+00:00,3194.57,3196.79,3191,3194.37,21702.21,69308242.267
1713843000000,2024-04-23T03:30:00+00:00,3194.37,3194.37,3179.55,3185.64,37028.45,117927674.2034
1713843900000,2024-04-23T03:45:00+00:00,3185.64,3187.1,3178.58,3181.4,13171.26,41926412.7539
1713844800000,2024-04-23T04:00:00+00:00,3181.4,3188.76,3180.52,3188.38,14235.59,45351000.222
1713845700000,2024-04-23T04:15:00+00:00,3188.38,3191.5,3183,3184.47,10027.57,31957150.9317
1713846600000,2024-04-23T04:30:00+00:00,3184.47,3189.91,3181.2,3185.57,9177.78,29253239.5963
1713847500000,2024-04-23T04:45:00+00:00,3185.57,3185.57,3166.66,3174.2,20588.25,65321717.8157
1713848400000,2024-04-23T05:00:00+00:00,3174.2,3179.64,3172.62,3175.47,18828.54,59802651.1656
1713849300000,2024-04-23T05:15:00+00:00,3175.47,3179.04,3169.41,3178.29,17613.73,55909180.6923
1713850200000,2024-04-23T05:30:00+00:00,3178.29,3184.99,3178.29,3179.9,16366.93,52078659.7201
1713851100000,2024-04-23T05:45:00+00:00,3179.9,3182.74,3177.23,3182.72,13609.52,43280032.8537
1713852000000,2024-04-23T06:00:00+00:00,3182.72,3189.39,3181.24,3183.34,11415.07,36352704.042
1713852900000,2024-04-23T06:15:00+00:00,3183.34,3187,3180.39,3186.12,10081.82,32102607.0965
1713853800000,2024-04-23T06:30:00+00:00,3186.12,3187.75,3178.71,3180.64,9488.86,30191444.2193
1713854700000,2024-04-23T06:45:00+00:00,3180.64,3181.49,3166,3172.69,10775.56,34201957.6571
1713855600000,2024-04-23T07:00:00+00:00,3172.69,3175.91,3167,3167.67,9953.68,31578999.0147
1713856500000,2024-04-23T07:15:00+00:00,3167.67,3172.55,3161.32,3164.57,9982.61,31626798.7357
1713857400000,2024-04-23T07:30:00+00:00,3164.57,3167.13,3149.63,3156.19,29376.54,92653486.5227
1713858300000,2024-04-23T07:45:00+00:00,3156.19,3160.76,3156,3157.81,15520.55,49008010.6709
1713859200000,2024-04-23T08:00:00+00:00,3157.81,3162.15,3150.21,3152.92,11439.84,36106284.9476
1713860100000,2024-04-23T08:15:00+00:00,3152.92,3164.78,3151.95,3162.16,20657.98,65308320.7897
1713861000000,2024-04-23T08:30:00+00:00,3162.16,3164.16,3156.91,3164.16,10355.33,32728340.8395
1713861900000,2024-04-23T08:45:00+00:00,3164.16,3168.69,3163.02,3166.43,17408.54,55122247.5261
1713862800000,2024-04-23T09:00:00+00:00,3166.43,3170.61,3163.07,3167.09,14072.28,44566117.5981
1713863700000,2024-04-23T09:15:00+00:00,3167.09,3168.53,3162.27,3167.29,15271.55,48344566.4239
1713864600000,2024-04-23T09:30:00+00:00,3167.29,3170.1,3160.65,3162.07,20901.85,66151713.3432
1713865500000,2024-04-23T09:45:00+00:00,3162.07,3166.41,3160.62,3164.48,22040.29,69712695.6482
1713866400000,2024-04-23T10:00:00+00:00,3164.48,3172.17,3164.48,3169.29,23049.52,73052315.4873
1713867300000,2024-04-23T10:15:00+00:00,3169.29,3176.85,3168,3171.27,22737.82,72116080.2288
1713868200000,2024-04-23T10:30:00+00:00,3171.27,3183.58,3170.97,3180.46,25407.93,80791531.2427
1713869100000,2024-04-23T10:45:00+00:00,3180.46,3183.39,3176,3178.2,21826.48,69369828.4096
1713870000000,2024-04-23T11:00:00+00:00,3178.2,3181.07,3168.09,3178.12,41500.3,131694817.0125
1713870900000,2024-04-23T11:15:00+00:00,3178.12,3178.3,3170.78,3172.27,20010.68,63496783.4357
1713871800000,2024-04-23T11:30:00+00:00,3172.27,3174.7,3161.28,3165.18,26025.56,82441058.9725
1713872700000,2024-04-23T11:45:00+00:00,3165.18,3177.61,3165.18,3177.61,26208.48,83146381.7128
1713873600000,2024-04-23T12:00:00+00:00,3177.61,3188.1,3170.54,3174.85,29791.63,94716941.2002
1713874500000,2024-04-23T12:15:00+00:00,3174.85,3187,3170.83,3181.89,35703.33,113534357.2018
1713875400000,2024-04-23T12:30:00+00:00,3181.89,3184.66,3176.01,3177.11,22725.01,72283221.5937
1713876300000,2024-04-23T12:45:00+00:00,3177.11,3184.98,3171.42,3184.66,24498.89,77909486.7906
1713877200000,2024-04-23T13:00:00+00:00,3184.66,3188.26,3176.57,3176.93,22440.42,71394044.4268
1713878100000,2024-04-23T13:15:00+00:00,3176.93,3178.19,3172.61,3178.12,22038.63,69977389.5627
1713879000000,2024-04-23T13:30:00+00:00,3178.12,3195.36,3174,3194.33,24163.4,76942284.3991
1713879900000,2024-04-23T13:45:00+00:00,3194.33,3206.64,3185.48,3205.19,28865.91,92293837.9546
1713880800000,2024-04-23T14:00:00+00:00,3205.19,3240.6,3202.65,3230.26,37836.11,121864942.4691
1713881700000,2024-04-23T14:15:00+00:00,3230.26,3244.51,3230.26,3238.75,29161.17,94444669.2761
1713882600000,2024-04-23T14:30:00+00:00,3238.75,3262.53,3234.85,3237.07,32506.51,105642419.3943
1713883500000,2024-04-23T14:45:00+00:00,3237.07,3249.15,3230.89,3246.03,23810.42,77174197.993
1713884400000,2024-04-23T15:00:00+00:00,3246.03,3247.03,3227.25,3232.55,22483.31,72751512.0337
1713885300000,2024-04-23T15:15:00+00:00,3232.55,3236.22,3219.85,3235.55,23630.77,76290843.3583
1713886200000,2024-04-23T15:30:00+00:00,3235.55,3238.75,3221.85,3225.2,26722.65,86300197.5328
1713887100000,2024-04-23T15:45:00+00:00,3225.2,3232.36,3218,3223.55,20471.1,66057221.287
1713888000000,2024-04-23T16:00:00+00:00,3223.55,3238.2,3215.6,3237.91,23379.67,75526942.4117
1713888900000,2024-04-23T16:15:00+00:00,3237.91,3240.09,3228.09,3232.49,19914.81,64400507.1099
1713889800000,2024-04-23T16:30:00+00:00,3232.49,3234.74,3227.94,3233.74,23785.79,76847926.7328
1713890700000,2024-04-23T16:45:00+00:00,3233.74,3238.6,3228.57,3231.69,15129.84,48938208.3808
1713891600000,2024-04-23T17:00:00+00:00,3231.69,3234.2,3228.01,3228.25,10871.18,35129921.9786
1713892500000,2024-04-23T17:15:00+00:00,3228.25,3235.2,3222.96,3232.67,12761.33,41213722.34
1713893400000,2024-04-23T17:30:00+00:00,3232.67,3238.18,3229.79,3235.59,10789.49,34891282.7179
1713894300000,2024-04-23T17:45:00+00:00,3235.59,3244.87,3231.96,3235.74,15227.12,49278825.1964
1713895200000,2024-04-23T18:00:00+00:00,3235.74,3238.68,3227.55,3232.56,18098.24,58515015.0172
1713896100000,2024-04-23T18:15:00+00:00,3232.56,3237.57,3231.66,3232.33,20705.32,66963794.1811
1713897000000,2024-04-23T18:30:00+00:00,3232.33,3232.95,3221.27,3225.12,18796.53,60666325.7793
1713897900000,2024-04-23T18:45:00+00:00,3225.12,3230.36,3216.67,3227.5,22440.55,72351924.8803
1713898800000,2024-04-23T19:00:00+00:00,3227.5,3227.5,3219.85,3219.85,26256.86,84642516.2261
1713899700000,2024-04-23T19:15:00+00:00,3219.85,3219.85,3210.36,3216.87,20318.43,65347892.2738
1713900600000,2024-04-23T19:30:00+00:00,3216.87,3219.2,3212.16,3216.67,20837.31,67027236.9504
1713901500000,2024-04-23T19:45:00+00:00,3216.67,3217.96,3212.17,3215.54,24945.83,80208515.1659
1713902400000,2024-04-23T20:00:00+00:00,3215.54,3220.42,3201.89,3205.25,15396.84,49425756.3404
1713903300000,2024-04-23T20:15:00+00:00,3205.25,3206.83,3183.48,3196.11,18808.82,60070842.2388
1713904200000,2024-04-23T20:30:00+00:00,3196.11,3206.18,3192.39,3205.83,13598.15,43535170.5537
1713905100000,2024-04-23T20:45:00+00:00,3205.83,3207.62,3199.22,3207.24,11340.35,36317219.3869
1713906000000,2024-04-23T21:00:00+00:00,3207.24,3207.72,3197.95,3203.33,11050.4,35393518.3289
1713906900000,2024-04-23T21:15:00+00:00,3203.33,3207.49,3198.78,3207.46,11814.83,37844475.6723
1713907800000,2024-04-23T21:30:00+00:00,3207.46,3210.96,3200.3,3200.73,12533.19,40150613.4567
1713908700000,2024-04-23T21:45:00+00:00,3200.73,3207.31,3200.6,3206.7,13364.22,42813388.7185
1713909600000,2024-04-23T22:00:00+00:00,3206.7,3216.58,3204.56,3215.23,15582.95,50060615.255
1713910500000,2024-04-23T22:15:00+00:00,3215.23,3217.3,3212.54,3214.47,16500.9,53049402.6708
1713911400000,2024-04-23T22:30:00+00:00,3214.47,3218.81,3211.86,3215.51,13219.86,42499122.9584
1713912300000,2024-04-23T22:45:00+00:00,3215.51,3217,3208.68,3213.57,19379.99,62282404.5529
1713913200000,2024-04-23T23:00:00+00:00,3213.57,3213.57,3199.89,3206.29,22874.9,73357384.3741
1713914100000,2024-04-23T23:15:00+00:00,3206.29,3216.87,3204.39,3213.57,20310.48,65256639.3188
1713915000000,2024-04-23T23:30:00+00:00,3213.57,3218.1,3213.41,3217.36,27378.33,88057187.0309
1713915900000,2024-04-23T23:45:00+00:00,3217.36,3220.84,3215.15,3217.31,10054.29,32338905.9499
1713916800000,2024-04-24T00:00:00+00:00,3217.31,3225.56,3216.19,3220.52,11059.24,35616853.035
1713917700000,2024-04-24T00:15:00+00:00,3220.52,3220.52,3207.41,3213.6,8705.28,27975635.4335
1713918600000,2024-04-24T00:30:00+00:00,3213.6,3231.76,3210.96,3228.95,15239.4,49107549.6385
1713919500000,2024-04-24T00:45:00+00:00,3228.95,3230.41,3224.44,3227.2,8068.22,26042015.4858
1713920400000,2024-04-24T01:00:00+00:00,3227.2,3234.15,3226,3226.96,16519.49,53368632.3768
1713921300000,2024-04-24T01:15:00+00:00,3226.96,3235.51,3225.36,3235.51,11285.87,36456314.9161
1713922200000,2024-04-24T01:30:00+00:00,3235.51,3245,3228.49,3244.52,12668.53,41013097.7064
1713923100000,2024-04-24T01:45:00+00:00,3244.52,3246.76,3235.39,3236.88,18466.11,59811511.1813
1713924000000,2024-04-24T02:00:00+00:00,3236.88,3239.22,3222.57,3232.49,18728.86,60522268.2535
1713924900000,2024-04-24T02:15:00+00:00,3232.49,3234,3222.33,3223.35,21204.77,68443966.5023
1713925800000,2024-04-24T02:30:00+00:00,3223.35,3230.18,3213,3230.05,16770.56,54043125.2845
1713926700000,2024-04-24T02:45:00+00:00,3230.05,3236.4,3226.52,3229.19,24271.36,78461489.7183
1713927600000,2024-04-24T03:00:00+00:00,3229.19,3239.8,3227.39,3237.94,23105.39,74771175.7221
1713928500000,2024-04-24T03:15:00+00:00,3237.94,3241.57,3230.48,3236.86,19089.78,61757383.9146
1713929400000,2024-04-24T03:30:00+00:00,3236.86,3243.65,3234.13,3239.26,19456.87,63020839.5484
1713930300000,2024-04-24T03:45:00+00:00,3239.26,3241.79,3233.93,3235.05,14227.98,46049745.0333
1713931200000,2024-04-24T04:00:00+00:00,3235.05,3244.71,3234.57,3243.98,17857.19,57851521.6089
1713932100000,2024-04-24T04:15:00+00:00,3243.98,3250.64,3239.69,3243.77,22988.15,74576855.084
1713933000000,2024-04-24T04:30:00+00:00,3243.77,3245.27,3238.85,3244.85,20410.91,66174223.7607
1713933900000,2024-04-24T04:45:00+00:00,3244.85,3273.52,3244.85,3269.44,30568.59,99761913.278
1713934800000,2024-04-24T05:00:00+00:00,3269.44,3273.15,3258.04,3264.05,22630.38,73878317.6833
1713935700000,2024-04-24T05:15:00+00:00,3264.05,3264.4,3254.67,3254.71,26539.2,86462895.7046
1713936600000,2024-04-24T05:30:00+00:00,3254.71,3256.96,3247.21,3256.09,23172.88,75395040.3975
1713937500000,2024-04-24T05:45:00+00:00,3256.09,3257.16,3252.5,3254.85,19084.35,62121663.2534
1713938400000,2024-04-24T06:00:00+00:00,3254.85,3255.93,3244.26,3249.51,15971.24,51895686.7507
1713939300000,2024-04-24T06:15:00+00:00,3249.51,3251.77,3242.46,3246.38,18830.87,61140371.5517
1713940200000,2024-04-24T06:30:00+00:00,3246.38,3258.96,3243,3256.23,16625.54,54043861.5339
1713941100000,2024-04-24T06:45:00+00:00,3256.23,3258,3252.1,3254.04,12670.44,41241428.4059
1713942000000,2024-04-24T07:00:00+00:00,3254.04,3255.97,3249.19,3255.82,10844.21,35281945.2058
1713942900000,2024-04-24T07:15:00+00:00,3255.82,3263.88,3253.64,3258,14019.44,45697467.7144
1713943800000,2024-04-24T07:30:00+00:00,3258,3259.87,3251.66,3252.01,10793.66,35149754.0518
1713944700000,2024-04-24T07:45:00+00:00,3252.01,3254,3246.76,3247.96,8748.35,28423565.6156
1713945600000,2024-04-24T08:00:00+00:00,3247.96,3254.15,3245,3251.19,10493.38,34106347.4601
1713946500000,2024-04-24T08:15:00+00:00,3251.19,3254.43,3242.03,3254.06,11992.97,38959511.8809
1713947400000,2024-04-24T08:30:00+00:00,3254.06,3258.61,3246.58,3250.03,11429.82,37181081.464
1713948300000,2024-04-24T08:45:00+00:00,3250.03,3255.42,3246.02,3250.25,18424.53,59886703.0077
1713949200000,2024-04-24T09:00:00+00:00,3250.25,3252.43,3239.22,3247.2,24216.41,78552707.8123
1713950100000,2024-04-24T09:15:00+00:00,3247.2,3252.19,3241.85,3249.02,17434.29,56641770.4225
1713951000000,2024-04-24T09:30:00+00:00,3249.02,3252.56,3241.71,3246.73,25471.39,82698549.8387
1713951900000,2024-04-24T09:45:00+00:00,3246.73,3252.75,3243.58,3252.27,16587.99,53895001.1494
1713952800000,2024-04-24T10:00:00+00:00,3252.27,3268,3244,3251.15,22401.21,72915192.6998
1713953700000,2024-04-24T10:15:00+00:00,3251.15,3263.8,3251.04,3260.87,19889.74,64838930.7384
1713954600000,2024-04-24T10:30:00+00:00,3260.87,3264.19,3252.18,3255.36,15173.49,49454010.3459
1713955500000,2024-04-24T10:45:00+00:00,3255.36,3268.61,3253.29,3264.54,23584.52,76929761.2479
1713956400000,2024-04-24T11:00:00+00:00,3264.54,3272.16,3263.44,3268.62,23380.77,76397816.883
1713957300000,2024-04-24T11:15:00+00:00,3268.62,3285.18,3263.47,3282.25,26165.24,85618857.4979
1713958200000,2024-04-24T11:30:00+00:00,3282.25,3283.91,3276.5,3279.64,25377.38,83226259.2103
1713959100000,2024-04-24T11:45:00+00:00,3279.64,3281.19,3271.13,3279.79,12518.77,41007845.8308
1713960000000,2024-04-24T12:00:00+00:00,3279.79,3291.75,3276.59,3278.45,12919.43,42415460.1108
1713960900000,2024-04-24T12:15:00+00:00,3278.45,3283.15,3273.14,3274.72,12467.49,40858533.1116
1713961800000,2024-04-24T12:30:00+00:00,3274.72,3281.3,3268.17,3269.78,12892.29,42233205.7397
1713962700000,2024-04-24T12:45:00+00:00,3269.78,3273.18,3263.88,3270.23,18106.68,59216754.296
1713963600000,2024-04-24T13:00:00+00:00,3270.23,3270.9,3248.88,3255.9,23687.6,77182764.1264
1713964500000,2024-04-24T13:15:00+00:00,3255.9,3260,3245.08,3245.93,22950.18,74662978.1914
1713965400000,2024-04-24T13:30:00+00:00,3245.93,3262.96,3237.2,3253.05,23322.04,75831461.2856
1713966300000,2024-04-24T13:45:00+00:00,3253.05,3256.66,3237.2,3245.17,17333.41,56302091.0935
1713967200000,2024-04-24T14:00:00+00:00,3245.17,3253.81,3243.04,3243.04,16918.36,54958619.8365
1713968100000,2024-04-24T14:15:00+00:00,3243.04,3247.07,3211.24,3222.44,39399.04,127163301.5239
1713969000000,2024-04-24T14:30:00+00:00,3222.44,3222.8,3184.81,3194.64,39694.82,127148520.1277
1713969900000,2024-04-24T14:45:00+00:00,3194.64,3213.98,3188.07,3212.07,29129.74,93369353.3593
1713970800000,2024-04-24T15:00:00+00:00,3212.07,3212.33,3198.67,3204.15,21007.03,67347089.6279
1713971700000,2024-04-24T15:15:00+00:00,3204.15,3207.5,3189.24,3189.87,20056.62,64120315.3561
1713972600000,2024-04-24T15:30:00+00:00,3189.87,3197.65,3166.11,3169.98,27764.97,88406077.3462
1713973500000,2024-04-24T15:45:00+00:00,3169.98,3179.34,3165.92,3173.51,16486.46,52338833.3506
1713974400000,2024-04-24T16:00:00+00:00,3173.51,3189.68,3169.99,3181.68,13590.42,43255483.5189
1713975300000,2024-04-24T16:15:00+00:00,3181.68,3185.2,3156.96,3159.83,21568.95,68418972.0875
1713976200000,2024-04-24T16:30:00+00:00,3159.83,3180.45,3155.63,3174,14062.5,44599057.6055
1713977100000,2024-04-24T16:45:00+00:00,3174,3175.71,3165.01,3171.27,13342.21,42298442.3344
1713978000000,2024-04-24T17:00:00+00:00,3171.27,3182.36,3170.49,3180.69,11707.61,37203517.6479
1713978900000,2024-04-24T17:15:00+00:00,3180.69,3183.82,3177.35,3183.08,11587.13,36853428.5086
1713979800000,2024-04-24T17:30:00+00:00,3183.08,3192.02,3182.59,3183.02,20777.02,66233128.3384
1713980700000,2024-04-24T17:45:00+00:00,3183.02,3184.56,3174.48,3177.81,12063.84,38343590.4401
1713981600000,2024-04-24T18:00:00+00:00,3177.81,3178.9,3161.71,3167.03,10712.53,33946492.3782
1713982500000,2024-04-24T18:15:00+00:00,3167.03,3168.75,3161.18,3162.19,9698.25,30692046.7451
1713983400000,2024-04-24T18:30:00+00:00,3162.19,3169.01,3159.25,3160.95,11092.31,35103302.7368
1713984300000,2024-04-24T18:45:00+00:00,3160.95,3161,3121.25,3126.66,36333.95,113886465.598
1713985200000,2024-04-24T19:00:00+00:00,3126.66,3138.58,3102,3134.89,27001.09,84300697.5623
1713986100000,2024-04-24T19:15:00+00:00,3134.89,3146.28,3133.1,3143.31,19129.95,60071709.9617
1713987000000,2024-04-24T19:30:00+00:00,3143.31,3148.04,3137.5,3139.04,18601.1,58484241.029
1713987900000,2024-04-24T19:45:00+00:00,3139.04,3145.73,3130.69,3133.21,18433.16,57881295.9408
1713988800000,2024-04-24T20:00:00+00:00,3133.21,3141.07,3123.77,3126.31,16704.25,52312918.3109
1713989700000,2024-04-24T20:15:00+00:00,3126.31,3131.69,3114.5,3127.14,19529.48,60987830.6423
1713990600000,2024-04-24T20:30:00+00:00,3127.14,3136.6,3126.42,3136.6,16252.71,50895281.872
1713991500000,2024-04-24T20:45:00+00:00,3136.6,3136.95,3124.18,3131.54,26863.54,84077962.412
1713992400000,2024-04-24T21:00:00+00:00,3131.54,3136.08,3125.1,3128.1,21148.94,66206110.2551
1713993300000,2024-04-24T21:15:00+00:00,3128.1,3142.22,3128.05,3139.73,22021.93,69020685.0739
1713994200000,2024-04-24T21:30:00+00:00,3139.73,3148.62,3139.69,3145.61,24767.13,77863639.4409
1713995100000,2024-04-24T21:45:00+00:00,3145.61,3148.81,3142.93,3147.69,23302.32,73323802.6118
1713996000000,2024-04-24T22:00:00+00:00,3147.69,3150.02,3142.46,3144.57,25114.03,79017653.1273
1713996900000,2024-04-24T22:15:00+00:00,3144.57,3145.18,3136.69,3141.67,22752.01,71427542.7919
1713997800000,2024-04-24T22:30:00+00:00,3141.67,3142.46,3136,3139.2,25129.72,78874661.4657
1713998700000,2024-04-24T22:45:00+00:00,3139.2,3139.8,3118.43,3129.07,22482.32,70355580.0683
1713999600000,2024-04-24T23:00:00+00:00,3129.07,3129.26,3109.13,3125.19,20520.78,64014966.1103
1714000500000,2024-04-24T23:15:00+00:00,3125.19,3134.38,3118.21,3122.47,18845.61,58939779.7955
1714001400000,2024-04-24T23:30:00+00:00,3122.47,3136.84,3120.89,3136.08,14253.4,44598130.8363
1714002300000,2024-04-24T23:45:00+00:00,3136.08,3140.75,3132.41,3138.23,14551.49,45645427.4419
1714003200000,2024-04-25T00:00:00+00:00,3138.23,3146.19,3133.71,3145.6,12500.05,39263873.3269
1714004100000,2024-04-25T00:15:00+00:00,3145.6,3150.46,3141.91,3148.15,9716.26,30561769.1861
1714005000000,2024-04-25T00:30:00+00:00,3148.15,3158.67,3147.87,3157.29,11561.67,36462068.7258
1714005900000,2024-04-25T00:45:00+00:00,3157.29,3159.66,3150.18,3154.13,16690.24,52632516.5037
1714006800000,2024-04-25T01:00:00+00:00,3154.13,3166.63,3154,3158.01,16926.05,53465235.3631
1714007700000,2024-04-25T01:15:00+00:00,3158.01,3168.41,3154.77,3167.89,15981.22,50546727.1197
1714008600000,2024-04-25T01:30:00+00:00,3167.89,3169.1,3155.84,3160.67,13443.12,42530860.054
1714009500000,2024-04-25T01:45:00+00:00,3160.67,3161.62,3139.64,3140.71,14389.28,45360754.4829
1714010400000,2024-04-25T02:00:00+00:00,3140.71,3151.71,3124.18,3151.43,16089.67,50503653.56
1714011300000,2024-04-25T02:15:00+00:00,3151.43,3162.01,3148.23,3161.57,12331.16,38912032.6864
1714012200000,2024-04-25T02:30:00+00:00,3161.57,3161.57,3149.58,3151.88,11674.56,36838563.0379
1714013100000,2024-04-25T02:45:00+00:00,3151.88,3154.64,3147.38,3151.92,21992.6,69278754.22
1714014000000,2024-04-25T03:00:00+00:00,3151.92,3158.94,3138.38,3141.28,25599.94,80625567.2316
1714014900000,2024-04-25T03:15:00+00:00,3141.28,3149.59,3139.4,3146.72,24418.84,76798353.8737
1714015800000,2024-04-25T03:30:00+00:00,3146.72,3153.62,3142.88,3149.92,18637.85,58690311.2872
1714016700000,2024-04-25T03:45:00+00:00,3149.92,3153.5,3143.24,3144.41,24734.29,77865743.7669
1714017600000,2024-04-25T04:00:00+00:00,3144.41,3148.15,3123.25,3128.63,31052.75,97379616.1967
1714018500000,2024-04-25T04:15:00+00:00,3128.63,3140.78,3125.43,3137.79,21438.15,67202484.1615
1714019400000,2024-04-25T04:30:00+00:00,3137.79,3152.5,3137.53,3147.68,19869.88,62528245.8779
1714020300000,2024-04-25T04:45:00+00:00,3147.68,3154.41,3146.94,3154.21,16338.34,51494623.603
1714021200000,2024-04-25T05:00:00+00:00,3154.21,3155,3142.81,3147.61,14345.45,45174218.0527
1714022100000,2024-04-25T05:15:00+00:00,3147.61,3150.82,3140,3146.12,16685.59,52487035.788
1714023000000,2024-04-25T05:30:00+00:00,3146.12,3160.58,3145.57,3160.01,20023.94,63157339.5451
1714023900000,2024-04-25T05:45:00+00:00,3160.01,3162.93,3155.19,3155.44,15544.56,49093102.2279
1714024800000,2024-04-25T06:00:00+00:00,3155.44,3164.52,3153.85,3161.1,17866.59,56440125.6398
1714025700000,2024-04-25T06:15:00+00:00,3161.1,3162.25,3158.19,3160.9,16756.55,52958898.5376
1714026600000,2024-04-25T06:30:00+00:00,3160.9,3165.61,3152.08,3152.92,21672.99,68460617.7882
1714027500000,2024-04-25T06:45:00+00:00,3152.92,3158.54,3152.72,3156.47,14390.18,45414648.7049
1714028400000,2024-04-25T07:00:00+00:00,3156.47,3157.88,3149.38,3155.07,15502.67,48900205.0719
1714029300000,2024-04-25T07:15:00+00:00,3155.07,3158.24,3144.52,3145.5,16369.49,51591617.8209
1714030200000,2024-04-25T07:30:00+00:00,3145.5,3148.83,3128.8,3133.57,17163.01,53901822.4444
1714031100000,2024-04-25T07:45:00+00:00,3133.57,3141.12,3126.89,3134.09,14644.57,45914455.5906
1714032000000,2024-04-25T08:00:00+00:00,3134.09,3140.79,3129.64,3138.77,13282.88,41648297.329
1714032900000,2024-04-25T08:15:00+00:00,3138.77,3147.64,3131.09,3133.18,15150.63,47563720.5171
1714033800000,2024-04-25T08:30:00+00:00,3133.18,3140.09,3121,3128.05,11202.25,35055952.0648
1714034700000,2024-04-25T08:45:00+00:00,3128.05,3136.62,3121.18,3135.7,12687.18,39698273.8024
1714035600000,2024-04-25T09:00:00+00:00,3135.7,3151,3132.76,3145.8,9312.22,29260043.8026
1714036500000,2024-04-25T09:15:00+00:00,3145.8,3146.08,3134.63,3137.14,9917.98,31134806.5057
1714037400000,2024-04-25T09:30:00+00:00,3137.14,3141.1,3130.39,3134.98,10682.73,33503551.3719
1714038300000,2024-04-25T09:45:00+00:00,3134.98,3135.79,3127.59,3134.09,23608.69,73945575.0358
1714039200000,2024-04-25T10:00:00+00:00,3134.09,3134.09,3086.97,3103.91,46367.17,144355622.3001
1714040100000,2024-04-25T10:15:00+00:00,3103.91,3107.55,3074.52,3079.04,38682.68,119445445.4498
1714041000000,2024-04-25T10:30:00+00:00,3079.04,3088.79,3069.28,3086.4,31228.5,96248655.1868
1714041900000,2024-04-25T10:45:00+00:00,3086.4,3093.12,3080.49,3080.99,16036.25,49502716.5528
1714042800000,2024-04-25T11:00:00+00:00,3080.99,3097.34,3079.53,3091.28,11657.19,35988401.8993
1714043700000,2024-04-25T11:15:00+00:00,3091.28,3103.53,3090.72,3103.41,10006.81,31002391.6904
1714044600000,2024-04-25T11:30:00+00:00,3103.41,3112.57,3095.82,3111.96,12648.96,39257411.4262
1714045500000,2024-04-25T11:45:00+00:00,3111.96,3118.61,3108.22,3109.09,19654.08,61159649.018
1714046400000,2024-04-25T12:00:00+00:00,3109.09,3136.72,3101.45,3126.6,30165.68,93972896.9027
1714047300000,2024-04-25T12:15:00+00:00,3126.6,3133.26,3122.17,3126.45,20897.51,65331153.3728
1714048200000,2024-04-25T12:30:00+00:00,3126.45,3154.3,3114.42,3116.07,36102.68,112916042.6913
1714049100000,2024-04-25T12:45:00+00:00,3116.07,3118.56,3091.39,3106.12,31368.13,97431325.2238
1714050000000,2024-04-25T13:00:00+00:00,3106.12,3117.16,3085.88,3097.51,20904.38,64847808.1732
1714050900000,2024-04-25T13:15:00+00:00,3097.51,3105.84,3080.2,3105.19,21680.97,67107345.9221
1714051800000,2024-04-25T13:30:00+00:00,3105.19,3125.48,3093.29,3121.25,24151.99,75131650.4046
1714052700000,2024-04-25T13:45:00+00:00,3121.25,3125.65,3110.07,3121.5,15171.6,47288252.7675
1714053600000,2024-04-25T14:00:00+00:00,3121.5,3143.59,3115.34,3135,20773.55,64991521.2792
1714054500000,2024-04-25T14:15:00+00:00,3135,3141,3125.89,3132.19,14133.83,44310160.1328
1714055400000,2024-04-25T14:30:00+00:00,3132.19,3132.46,3115.08,3120,12689.41,39629943.5494
1714056300000,2024-04-25T14:45:00+00:00,3120,3123.68,3102.15,3115.65,24061.43,74831902.5603
1714057200000,2024-04-25T15:00:00+00:00,3115.65,3126.5,3111.27,3124.13,24125.04,75270832.5024
1714058100000,2024-04-25T15:15:00+00:00,3124.13,3137.41,3118.9,3135.09,24928.89,77968209.1572
1714059000000,2024-04-25T15:30:00+00:00,3135.09,3155.6,3132.08,3150.91,26575.8,83550685.1491
1714059900000,2024-04-25T15:45:00+00:00,3150.91,3166.71,3146.25,3158.5,24325.19,76759059.0586
1714060800000,2024-04-25T16:00:00+00:00,3158.5,3164.69,3150.12,3152.2,24437.48,77156313.971
1714061700000,2024-04-25T16:15:00+00:00,3152.2,3163.11,3145.56,3155.64,19116.08,60266806.5371
1714062600000,2024-04-25T16:30:00+00:00,3155.64,3158.05,3146.85,3150.05,16984.99,53522797.3871
1714063500000,2024-04-25T16:45:00+00:00,3150.05,3158.38,3148.28,3155.86,14738.61,46476968.7224
1714064400000,2024-04-25T17:00:00+00:00,3155.86,3170.87,3150.97,3156.01,18729.72,59210672.7603
1714065300000,2024-04-25T17:15:00+00:00,3156.01,3159.81,3144.86,3151.29,15297.57,48212358.138
1714066200000,2024-04-25T17:30:00+00:00,3151.29,3153.37,3143.49,3146.96,13049.58,41084514.3655
1714067100000,2024-04-25T17:45:00+00:00,3146.96,3162.21,3145.12,3157.99,18714.7,59034899.5003
1714068000000,2024-04-25T18:00:00+00:00,3157.99,3161.46,3146.05,3157.38,26466.33,83462257.7782
1714068900000,2024-04-25T18:15:00+00:00,3157.38,3170.64,3151.02,3154,23167.95,73194385.9652
1714069800000,2024-04-25T18:30:00+00:00,3154,3159.48,3152.53,3158.96,21086.43,66534311.2553
1714070700000,2024-04-25T18:45:00+00:00,3158.96,3172.18,3158.59,3169.06,17507.32,55404300.0861
1714071600000,2024-04-25T19:00:00+00:00,3169.06,3173.86,3160.9,3163.84,18472.9,58484272.0292
1714072500000,2024-04-25T19:15:00+00:00,3163.84,3164.24,3159.68,3160.91,15274.61,48286294.2744
1714073400000,2024-04-25T19:30:00+00:00,3160.91,3160.91,3150.93,3153.94,14505.46,45752191.9044
1714074300000,2024-04-25T19:45:00+00:00,3153.94,3163.9,3153.03,3163.9,21137.75,66757389.6416
1714075200000,2024-04-25T20:00:00+00:00,3163.9,3178.16,3153.28,3160,23170.88,73327341.1999
1714076100000,2024-04-25T20:15:00+00:00,3160,3163.75,3156.24,3162.29,28560.7,90262190.341
1714077000000,2024-04-25T20:30:00+00:00,3162.29,3175.21,3162.29,3172.94,21920.53,69470502.8275
1714077900000,2024-04-25T20:45:00+00:00,3172.94,3174.59,3166.65,3171.09,12340.54,39123367.5872
1714078800000,2024-04-25T21:00:00+00:00,3171.09,3179.57,3170.38,3174.97,7796.45,24749193.4728
1714079700000,2024-04-25T21:15:00+00:00,3174.97,3188,3172.51,3179.27,11312.52,35969314.7309
1714080600000,2024-04-25T21:30:00+00:00,3179.27,3189.51,3177.11,3177.11,8875.41,28249486.0054
1714081500000,2024-04-25T21:45:00+00:00,3177.11,3178.82,3165.97,3168.13,19603.01,62199231.8926
1714082400000,2024-04-25T22:00:00+00:00,3168.13,3170.22,3160.62,3165.83,26096.74,82623533.3873
1714083300000,2024-04-25T22:15:00+00:00,3165.83,3166.4,3157.98,3164.87,24319.88,76915750.5071
1714084200000,2024-04-25T22:30:00+00:00,3164.87,3166,3158.43,3158.87,24634.72,77865463.239
1714085100000,2024-04-25T22:45:00+00:00,3158.87,3160.4,3154.57,3157.75,21857.21,69017301.5313
1714086000000,2024-04-25T23:00:00+00:00,3157.75,3163.91,3150,3156.11,20140.61,63611707.1136
1714086900000,2024-04-25T23:15:00+00:00,3156.11,3158.96,3154.71,3155.38,16119.76,50892137.0726
1714087800000,2024-04-25T23:30:00+00:00,3155.38,3159.88,3153.85,3157.15,16961.29,53551353.2641
1714088700000,2024-04-25T23:45:00+00:00,3157.15,3157.58,3153.33,3153.44,14041.24,44308096.3646
1714089600000,2024-04-26T00:00:00+00:00,3153.44,3157.46,3147.27,3147.99,11951.22,37692120.3708
1714090500000,2024-04-26T00:15:00+00:00,3147.99,3155.34,3140.04,3150.2,14898.16,46907442.833
1714091400000,2024-04-26T00:30:00+00:00,3150.2,3150.82,3133.95,3135.54,13845.52,43507389.8987
1714092300000,2024-04-26T00:45:00+00:00,3135.54,3145.72,3132.24,3144.63,12572.34,39485583.9165
1714093200000,2024-04-26T01:00:00+00:00,3144.63,3146.47,3126.49,3134,13492.21,42277171.9191
1714094100000,2024-04-26T01:15:00+00:00,3134,3137.4,3121.95,3133.29,12448.28,38958100.3024
1714095000000,2024-04-26T01:30:00+00:00,3133.29,3148.82,3129.23,3146.34,13083.52,41075900.1896
1714095900000,2024-04-26T01:45:00+00:00,3146.34,3158.97,3144,3145.24,18079.36,56974459.7513
1714096800000,2024-04-26T02:00:00+00:00,3145.24,3159.8,3143.12,3157.22,14449.53,45506678.0615
1714097700000,2024-04-26T02:15:00+00:00,3157.22,3162.48,3150.68,3150.96,20146.47,63597188.0051
1714098600000,2024-04-26T02:30:00+00:00,3150.96,3151.47,3146.06,3148.63,15388.2,48455292.7926
1714099500000,2024-04-26T02:45:00+00:00,3148.63,3153.99,3144.89,3151.92,9336.85,29412026.2379
1714100400000,2024-04-26T03:00:00+00:00,3151.92,3153.26,3141,3147.65,10866.81,34198591.913
1714101300000,2024-04-26T03:15:00+00:00,3147.65,3151.27,3141.83,3141.9,10141.31,31916952.2335
1714102200000,2024-04-26T03:30:00+00:00,3141.9,3147.48,3140.33,3143.91,10535.82,33119259.023
1714103100000,2024-04-26T03:45:00+00:00,3143.91,3146.6,3137.26,3139.64,17631.43,55403273.3123
1714104000000,2024-04-26T04:00:00+00:00,3139.64,3139.71,3127.15,3130.89,16203.2,50749923.5392
1714104900000,2024-04-26T04:15:00+00:00,3130.89,3139.88,3127.65,3138.82,20311.29,63646392.1722
1714105800000,2024-04-26T04:30:00+00:00,3138.82,3139.17,3130.02,3135.06,18440.8,57811456.6317
1714106700000,2024-04-26T04:45:00+00:00,3135.06,3140.44,3130.75,3131.43,11630.88,36484898.7222
1714107600000,2024-04-26T05:00:00+00:00,3131.43,3136.29,3126.36,3134.15,14914.53,46702675.6847
1714108500000,2024-04-26T05:15:00+00:00,3134.15,3141.06,3133.55,3135.63,12179.49,38210984.5993
1714109400000,2024-04-26T05:30:00+00:00,3135.63,3142.63,3134.78,3140.26,12250.25,38467088.216
1714110300000,2024-04-26T05:45:00+00:00,3140.26,3150.58,3140.26,3150.43,14454.03,45462139.8972
1714111200000,2024-04-26T06:00:00+00:00,3150.43,3151.51,3146.54,3147.38,13354.63,42044231.9135
1714112100000,2024-04-26T06:15:00+00:00,3147.38,3151.75,3143.49,3147.93,15128.79,47623822.8562
1714113000000,2024-04-26T06:30:00+00:00,3147.93,3149.23,3132.8,3136.94,17382.87,54599535.6954
1714113900000,2024-04-26T06:45:00+00:00,3136.94,3146.99,3136.94,3137.56,17474.85,54894475.3973
1714114800000,2024-04-26T07:00:00+00:00,3137.56,3137.87,3128.22,3130.41,12795.07,40082234.4257
1714115700000,2024-04-26T07:15:00+00:00,3130.41,3144.41,3129.57,3140.53,12064.84,37834762.3872
1714116600000,2024-04-26T07:30:00+00:00,3140.53,3144.43,3129.41,3135.65,12879.17,40375569.594
1714117500000,2024-04-26T07:45:00+00:00,3135.65,3137.47,3131.3,3132.54,12579.32,39428132.3924
1714118400000,2024-04-26T08:00:00+00:00,3132.54,3142.52,3130.3,3140.44,8590.57,26942093.5536
1714119300000,2024-04-26T08:15:00+00:00,3140.44,3144.06,3136.07,3138.33,9758.69,30638710.2916
1714120200000,2024-04-26T08:30:00+00:00,3138.33,3141.91,3133.32,3141.07,7219.45,22656786.4862
1714121100000,2024-04-26T08:45:00+00:00,3141.07,3143.71,3133.89,3140.43,7978.68,25032952.4162
1714122000000,2024-04-26T09:00:00+00:00,3140.43,3146.89,3136.17,3143.88,17474.9,54912412.9325
1714122900000,2024-04-26T09:15:00+00:00,3143.88,3151.23,3141.53,3149.44,16472.96,51814954.559
1714123800000,2024-04-26T09:30:00+00:00,3149.44,3155.86,3146.58,3148,18264.52,57546262.4701
1714124700000,2024-04-26T09:45:00+00:00,3148,3148.53,3142.56,3147.77,15882.76,49958083.7041
1714125600000,2024-04-26T10:00:00+00:00,3147.77,3153.87,3144.49,3144.67,13948.68,43931498.3158
1714126500000,2024-04-26T10:15:00+00:00,3144.67,3148,3135.89,3137.15,12137.03,38154451.8883
1714127400000,2024-04-26T10:30:00+00:00,3137.15,3141.22,3132.44,3132.73,12108.78,37982485.1138
1714128300000,2024-04-26T10:45:00+00:00,3132.73,3139.72,3119.04,3120.74,23844.38,74525187.0978
1714129200000,2024-04-26T11:00:00+00:00,3120.74,3126.67,3120,3125.8,12097.41,37786957.0875
1714130100000,2024-04-26T11:15:00+00:00,3125.8,3130.69,3124.31,3124.31,12198.12,38160047.6517
1714131000000,2024-04-26T11:30:00+00:00,3124.31,3130.1,3120.9,3125.43,9966.98,31160342.6236
1714131900000,2024-04-26T11:45:00+00:00,3125.43,3131.07,3123.41,3126.89,9750.99,30501649.2114
1714132800000,2024-04-26T12:00:00+00:00,3126.89,3140.41,3121.03,3135.67,11796.34,36944421.1501
1714133700000,2024-04-26T12:15:00+00:00,3135.67,3139.59,3131.57,3135,11249.27,35277458.5332
1714134600000,2024-04-26T12:30:00+00:00,3135,3149.07,3134.69,3141.14,13521.8,42487119.4282
1714135500000,2024-04-26T12:45:00+00:00,3141.14,3142.26,3116.09,3127.55,24016.4,75143396.3662
1714136400000,2024-04-26T13:00:00+00:00,3127.55,3132.89,3112.59,3118.78,14606.82,45630473.3707
1714137300000,2024-04-26T13:15:00+00:00,3118.78,3125.4,3107.47,3113.93,13400.05,41746041.8603
1714138200000,2024-04-26T13:30:00+00:00,3113.93,3126.43,3109.83,3125.99,11880.41,37067459.3313
1714139100000,2024-04-26T13:45:00+00:00,3125.99,3148.59,3125.03,3144.51,13716.42,43075739.0792
1714140000000,2024-04-26T14:00:00+00:00,3144.51,3166.66,3133.1,3160.95,17752.2,55859019.1219
1714140900000,2024-04-26T14:15:00+00:00,3160.95,3165.33,3149.03,3149.42,16261.19,51358425.2545
1714141800000,2024-04-26T14:30:00+00:00,3149.42,3155.26,3120.68,3131.26,20820.91,65368477.9465
1714142700000,2024-04-26T14:45:00+00:00,3131.26,3139.03,3119.09,3123.41,20272.64,63412980.7021
1714143600000,2024-04-26T15:00:00+00:00,3123.41,3132.55,3109.08,3117.76,14131.24,44117692.4277
1714144500000,2024-04-26T15:15:00+00:00,3117.76,3121.66,3101.92,3103.58,15086.63,46926425.689
1714145400000,2024-04-26T15:30:00+00:00,3103.58,3120.68,3099.3,3120.37,13408.37,41668492.201
1714146300000,2024-04-26T15:45:00+00:00,3120.37,3122.22,3113.88,3115.21,10415.16,32471480.788
1714147200000,2024-04-26T16:00:00+00:00,3115.21,3123,3103.02,3109.55,12269.72,38199248.3716
1714148100000,2024-04-26T16:15:00+00:00,3109.55,3122.02,3108.41,3118.68,9546.73,29756823.2223
1714149000000,2024-04-26T16:30:00+00:00,3118.68,3121.92,3112.35,3113.72,12533.55,39057903.1935
1714149900000,2024-04-26T16:45:00+00:00,3113.72,3127.5,3112.97,3119.34,10486.71,32701277.9552
1714150800000,2024-04-26T17:00:00+00:00,3119.34,3128,3116.31,3127.48,14468.97,45147696.628
1714151700000,2024-04-26T17:15:00+00:00,3127.48,3133.62,3122.46,3130.94,22674.67,70936868.2725
1714152600000,2024-04-26T17:30:00+00:00,3130.94,3136.22,3126.82,3135,15801.01,49493465.7552
1714153500000,2024-04-26T17:45:00+00:00,3135,3144.16,3134.99,3144,23503.59,73843687.4708
1714154400000,2024-04-26T18:00:00+00:00,3144,3152.74,3140.09,3151.87,18719.63,58926011.7983
1714155300000,2024-04-26T18:15:00+00:00,3151.87,3152.15,3141.91,3146.54,18497.78,58188091.9435
1714156200000,2024-04-26T18:30:00+00:00,3146.54,3153.71,3145.19,3150.97,14864.65,46821648.1639
1714157100000,2024-04-26T18:45:00+00:00,3150.97,3152.89,3145.67,3150.92,16150.78,50863097.3521
1714158000000,2024-04-26T19:00:00+00:00,3150.92,3151.44,3144.52,3145.32,15795.49,49713343.7148
1714158900000,2024-04-26T19:15:00+00:00,3145.32,3146.34,3140.21,3143.1,13809.68,43414980.9093
1714159800000,2024-04-26T19:30:00+00:00,3143.1,3143.43,3134.29,3135.83,15631.44,49046056.0469
1714160700000,2024-04-26T19:45:00+00:00,3135.83,3143.25,3130.86,3131.89,16595.07,52106142.2018
1714161600000,2024-04-26T20:00:00+00:00,3131.89,3143.84,3131.55,3141.68,12327.51,38683931.1511
1714162500000,2024-04-26T20:15:00+00:00,3141.68,3148.91,3139.26,3140.79,13017.69,40920378.9994
1714163400000,2024-04-26T20:30:00+00:00,3140.79,3144.87,3139.45,3142.67,13679.84,42986464.5095
1714164300000,2024-04-26T20:45:00+00:00,3142.67,3143.07,3138.8,3141.8,13694.78,43011991.3634
1714165200000,2024-04-26T21:00:00+00:00,3141.8,3147.93,3140.95,3141.01,8109.15,25491729.9848
1714166100000,2024-04-26T21:15:00+00:00,3141.01,3142.19,3138.44,3138.68,7913.62,24852967.0703
1714167000000,2024-04-26T21:30:00+00:00,3138.68,3146.86,3138.62,3145.05,7851.68,24668255.8785
1714167900000,2024-04-26T21:45:00+00:00,3145.05,3152.02,3142.92,3149.27,8627.52,27148350.6253
1714168800000,2024-04-26T22:00:00+00:00,3149.27,3150.9,3143.18,3144.52,15455.69,48616411.5628
1714169700000,2024-04-26T22:15:00+00:00,3144.52,3145.38,3122.14,3127.1,16214.96,50868037.2804
1714170600000,2024-04-26T22:30:00+00:00,3127.1,3134.06,3120.21,3120.39,20261.75,63383295.5004
1714171500000,2024-04-26T22:45:00+00:00,3120.39,3129.99,3117.7,3129.33,14712.42,46000959.3519
1714172400000,2024-04-26T23:00:00+00:00,3129.33,3134.41,3127.8,3127.93,15185.38,47537176.0378
1714173300000,2024-04-26T23:15:00+00:00,3127.93,3131.32,3124.16,3131.02,16831.58,52647450.8081
1714174200000,2024-04-26T23:30:00+00:00,3131.02,3131.34,3126.1,3127.88,15381.1,48116093.7311
1714175100000,2024-04-26T23:45:00+00:00,3127.88,3130.8,3125.76,3128.76,16019.35,50118623.4167
1714176000000,2024-04-27T00:00:00+00:00,3128.76,3136.47,3128.76,3136.02,12676.59,39691039.2032
1714176900000,2024-04-27T00:15:00+00:00,3136.02,3136.68,3111.69,3113.62,11897.96,37176904.0777
1714177800000,2024-04-27T00:30:00+00:00,3113.62,3114.48,3083,3087.89,22800.36,70716490.3533
1714178700000,2024-04-27T00:45:00+00:00,3087.89,3107.75,3087.25,3107.1,20679.77,64055073.3168
1714179600000,2024-04-27T01:00:00+00:00,3107.1,3112.19,3094.9,3104.43,18794.65,58342609.5625
1714180500000,2024-04-27T01:15:00+00:00,3104.43,3108.72,3063.78,3081.47,47664.21,146894254.617
1714181400000,2024-04-27T01:30:00+00:00,3081.47,3098.07,3081,3094.24,20297.67,62754970.7954
1714182300000,2024-04-27T01:45:00+00:00,3094.24,3096.99,3086.27,3091.8,17738.42,54829192.6438
1714183200000,2024-04-27T02:00:00+00:00,3091.8,3108.71,3087.53,3106.39,10663.91,33036863.6741
1714184100000,2024-04-27T02:15:00+00:00,3106.39,3124.37,3104.9,3124.37,11969.97,37288194.2197
1714185000000,2024-04-27T02:30:00+00:00,3124.37,3130.65,3113.36,3118.02,10801.65,33701684.793
1714185900000,2024-04-27T02:45:00+00:00,3118.02,3121.12,3112.26,3118.04,6902.09,21519705.0559
1714186800000,2024-04-27T03:00:00+00:00,3118.04,3123.1,3112.9,3120.11,17393.79,54266364.6026
1714187700000,2024-04-27T03:15:00+00:00,3120.11,3122.01,3115.81,3119.5,12143.63,37880186.4187
1714188600000,2024-04-27T03:30:00+00:00,3119.5,3122.15,3116.99,3120.98,15610.31,48704253.9657
1714189500000,2024-04-27T03:45:00+00:00,3120.98,3122.98,3115.28,3120.54,16792.97,52407774.0552
1714190400000,2024-04-27T04:00:00+00:00,3120.54,3123.65,3114.15,3115.03,17655.47,55057164.7517
1714191300000,2024-04-27T04:15:00+00:00,3115.03,3126.8,3114.28,3125.09,11794.04,36791363.712
1714192200000,2024-04-27T04:30:00+00:00,3125.09,3127.46,3120.76,3125.04,12656.46,39537109.4478
1714193100000,2024-04-27T04:45:00+00:00,3125.04,3126.99,3119.03,3124,13468.18,42054498.9566
1714194000000,2024-04-27T05:00:00+00:00,3124,3125.37,3105.15,3114,18606.12,58000135.1115
1714194900000,2024-04-27T05:15:00+00:00,3114,3122.32,3112.44,3120.98,14768.9,46047091.8162
1714195800000,2024-04-27T05:30:00+00:00,3120.98,3122.01,3115.6,3119.5,16539.42,51595971.807
1714196700000,2024-04-27T05:45:00+00:00,3119.5,3119.5,3110,3115.48,21690.96,67568614.7458
1714197600000,2024-04-27T06:00:00+00:00,3115.48,3122.84,3111.58,3122,12375.1,38578038.9491
1714198500000,2024-04-27T06:15:00+00:00,3122,3123.27,3116.55,3118.97,13038.37,40683185.1978
1714199400000,2024-04-27T06:30:00+00:00,3118.97,3122.73,3113.72,3119.43,12626.22,39376678.2899
1714200300000,2024-04-27T06:45:00+00:00,3119.43,3129.23,3119.19,3122.02,10887.88,34012995.7694
1714201200000,2024-04-27T07:00:00+00:00,3122.02,3131.83,3120.3,3126.87,14095.82,44077486.1502
1714202100000,2024-04-27T07:15:00+00:00,3126.87,3127.55,3123.3,3124.71,16116.39,50375007.8951
1714203000000,2024-04-27T07:30:00+00:00,3124.71,3127.22,3120.33,3121.89,13034.96,40706229.8771
1714203900000,2024-04-27T07:45:00+00:00,3121.89,3123.01,3116.59,3117.72,15684.55,48935018.6062
1714204800000,2024-04-27T08:00:00+00:00,3117.72,3121.3,3114.24,3116.15,16606.8,51765180.7499
1714205700000,2024-04-27T08:15:00+00:00,3116.15,3119.8,3113.09,3118.45,18877.29,58848410.867
1714206600000,2024-04-27T08:30:00+00:00,3118.45,3118.67,3109.43,3115.35,16986.88,52891689.059
1714207500000,2024-04-27T08:45:00+00:00,3115.35,3115.35,3110.91,3112.58,16666.57,51880847.7268
1714208400000,2024-04-27T09:00:00+00:00,3112.58,3115.51,3105.33,3111.94,17520.47,54493639.3559
1714209300000,2024-04-27T09:15:00+00:00,3111.94,3117.8,3111.41,3116.2,19109.55,59498119.4899
1714210200000,2024-04-27T09:30:00+00:00,3116.2,3120.51,3114.35,3119.46,17878.01,55740271.578
1714211100000,2024-04-27T09:45:00+00:00,3119.46,3119.8,3115.33,3117.5,18509.19,57691068.1667
1714212000000,2024-04-27T10:00:00+00:00,3117.5,3120.22,3110.5,3118.63,15155.1,47230833.4077
1714212900000,2024-04-27T10:15:00+00:00,3118.63,3120.22,3112.03,3116.81,11285.76,35183159.109
1714213800000,2024-04-27T10:30:00+00:00,3116.81,3117,3111.65,3114.35,13291.67,41394773.7625
1714214700000,2024-04-27T10:45:00+00:00,3114.35,3114.51,3106.71,3112.33,15312.35,47644291.5562
1714215600000,2024-04-27T11:00:00+00:00,3112.33,3118.2,3106.62,3117.42,10668.65,33194013.4992
1714216500000,2024-04-27T11:15:00+00:00,3117.42,3124.75,3113.57,3124.57,9617.95,29992592.8284
1714217400000,2024-04-27T11:30:00+00:00,3124.57,3126.56,3119.73,3124.18,8774.54,27403776.3675
1714218300000,2024-04-27T11:45:00+00:00,3124.18,3125.56,3119.34,3122.71,8138.3,25410435.8089
1714219200000,2024-04-27T12:00:00+00:00,3122.71,3139.03,3119.34,3136.67,9866.77,30886891.2762
1714220100000,2024-04-27T12:15:00+00:00,3136.67,3140.29,3127.38,3130.34,11346.56,35576451.3418
1714221000000,2024-04-27T12:30:00+00:00,3130.34,3135.99,3127.34,3135.15,9497.6,29744251.9903
1714221900000,2024-04-27T12:45:00+00:00,3135.15,3139,3131.69,3135.21,8947.41,28065354.0427
1714222800000,2024-04-27T13:00:00+00:00,3135.21,3138.49,3132.29,3137.93,11113.71,34841908.9558
1714223700000,2024-04-27T13:15:00+00:00,3137.93,3145.63,3136.52,3136.67,12529.07,39343504.3974
1714224600000,2024-04-27T13:30:00+00:00,3136.67,3149.6,3130.53,3143.38,14716.54,46227255.0201
1714225500000,2024-04-27T13:45:00+00:00,3143.38,3151.17,3141.15,3148.51,9999.19,31468102.3044
1714226400000,2024-04-27T14:00:00+00:00,3148.51,3160,3141.2,3156.46,12132.57,38195259.1615
1714227300000,2024-04-27T14:15:00+00:00,3156.46,3164.79,3151.46,3154.84,12090.56,38165326.5203
1714228200000,2024-04-27T14:30:00+00:00,3154.84,3160.36,3146.63,3146.89,12725.35,40152957.0906
1714229100000,2024-04-27T14:45:00+00:00,3146.89,3150.42,3145,3148.34,11431.41,35987273.3259
1714230000000,2024-04-27T15:00:00+00:00,3148.34,3154.98,3143.45,3150.63,12775.5,40234252.2381
1714230900000,2024-04-27T15:15:00+00:00,3150.63,3152.69,3144.33,3147.8,12709.8,40018853.5477
1714231800000,2024-04-27T15:30:00+00:00,3147.8,3148.44,3135.58,3142.26,15284,48026210.6621
1714232700000,2024-04-27T15:45:00+00:00,3142.26,3143.5,3138.01,3142.58,12091.28,37971360.858
1714233600000,2024-04-27T16:00:00+00:00,3142.58,3151.54,3140.26,3148.72,10650,33512001.454
1714234500000,2024-04-27T16:15:00+00:00,3148.72,3158.42,3143.1,3143.36,15544.65,49002996.0316
1714235400000,2024-04-27T16:30:00+00:00,3143.36,3155,3142.65,3154.41,11970.45,37717164.8185
1714236300000,2024-04-27T16:45:00+00:00,3154.41,3161.16,3150.32,3150.32,11767.97,37144813.1245
1714237200000,2024-04-27T17:00:00+00:00,3150.32,3164,3150.06,3163.61,12994.76,41066830.965
1714238100000,2024-04-27T17:15:00+00:00,3163.61,3176.02,3158.55,3175,12984.67,41114726.5972
1714239000000,2024-04-27T17:30:00+00:00,3175,3231.61,3173.27,3231.38,28796.49,92230920.5128
1714239900000,2024-04-27T17:45:00+00:00,3231.38,3263,3219.89,3255.94,21978.12,71321902.7949
1714240800000,2024-04-27T18:00:00+00:00,3255.94,3282.75,3243.44,3249.06,28754.5,93796674.6371
1714241700000,2024-04-27T18:15:00+00:00,3249.06,3256.89,3227.63,3238.81,20678.91,67049075.5216
1714242600000,2024-04-27T18:30:00+00:00,3238.81,3260.67,3238.43,3251.6,14931.86,48566567.4867
1714243500000,2024-04-27T18:45:00+00:00,3251.6,3260.92,3250.67,3254.99,9267.46,30166025.1885
1714244400000,2024-04-27T19:00:00+00:00,3254.99,3259.03,3242.77,3245.85,15972.71,51880262.0631
1714245300000,2024-04-27T19:15:00+00:00,3245.85,3251.18,3234.01,3234.78,17324.09,56174438.5026
1714246200000,2024-04-27T19:30:00+00:00,3234.78,3239.37,3230.35,3231.61,21456.53,69399010.0242
1714247100000,2024-04-27T19:45:00+00:00,3231.61,3238.08,3230.74,3234.61,17434.54,56400288.198
1714248000000,2024-04-27T20:00:00+00:00,3234.61,3244.21,3232.95,3233.82,18484.78,59842767.4521
1714248900000,2024-04-27T20:15:00+00:00,3233.82,3234.03,3220.29,3225.27,14590.49,47064344.0453
1714249800000,2024-04-27T20:30:00+00:00,3225.27,3233.82,3224.79,3231.57,18041.88,58270642.3733
1714250700000,2024-04-27T20:45:00+00:00,3231.57,3236.52,3231.54,3235.99,14357.62,46438657.9549
1714251600000,2024-04-27T21:00:00+00:00,3235.99,3241.52,3232.14,3232.49,11774.1,38107452.9138
1714252500000,2024-04-27T21:15:00+00:00,3232.49,3243.48,3231.41,3234.75,10496.13,33986015.9449
1714253400000,2024-04-27T21:30:00+00:00,3234.75,3245.53,3233.52,3241.01,12187.13,39483584.6044
1714254300000,2024-04-27T21:45:00+00:00,3241.01,3251.27,3240.21,3240.35,12971.38,42067949.3118
1714255200000,2024-04-27T22:00:00+00:00,3240.35,3253.91,3240.35,3247.02,10504.1,34106890.2504
1714256100000,2024-04-27T22:15:00+00:00,3247.02,3252.57,3246.21,3249.92,9974.28,32406403.4697
1714257000000,2024-04-27T22:30:00+00:00,3249.92,3250.99,3243.86,3243.96,12306.26,39978134.7539
1714257900000,2024-04-27T22:45:00+00:00,3243.96,3246.61,3241.4,3243.19,11048.87,35850070.4264
1714258800000,2024-04-27T23:00:00+00:00,3243.19,3254.82,3243.11,3249.96,7887.48,25633106.9888
1714259700000,2024-04-27T23:15:00+00:00,3249.96,3254.44,3249.61,3252.3,8162.69,26549462.8473
1714260600000,2024-04-27T23:30:00+00:00,3252.3,3256.83,3248.25,3251.06,6924.53,22516017.2304
1714261500000,2024-04-27T23:45:00+00:00,3251.06,3261.49,3250.65,3253.24,7700.56,25068994.1841
1714262400000,2024-04-28T00:00:00+00:00,3253.24,3258.25,3247.87,3253.22,16009.25,52079958.9874
1714263300000,2024-04-28T00:15:00+00:00,3253.22,3258.64,3247.95,3258.44,14935.58,48601879.133
1714264200000,2024-04-28T00:30:00+00:00,3258.44,3258.44,3250.89,3251.38,20514.1,66762997.6116
1714265100000,2024-04-28T00:45:00+00:00,3251.38,3256.19,3250.4,3252.12,17020.44,55372985.1865
1714266000000,2024-04-28T01:00:00+00:00,3252.12,3258.16,3251.18,3257.44,13917.64,45318149.3015
1714266900000,2024-04-28T01:15:00+00:00,3257.44,3262.97,3251.13,3260.8,13065.21,42552825.2212
1714267800000,2024-04-28T01:30:00+00:00,3260.8,3271.5,3255.46,3269.56,17698.3,57721497.3818
1714268700000,2024-04-28T01:45:00+00:00,3269.56,3274.69,3262.85,3263.89,19782.27,64626134.4792
1714269600000,2024-04-28T02:00:00+00:00,3263.89,3268.69,3260,3266.06,15421.32,50345176.2519
1714270500000,2024-04-28T02:15:00+00:00,3266.06,3275.21,3263.31,3269.44,15687.96,51251235.0578
1714271400000,2024-04-28T02:30:00+00:00,3269.44,3288,3266.79,3283.47,16649.64,54557544.7469
1714272300000,2024-04-28T02:45:00+00:00,3283.47,3320.53,3283.47,3308.32,30900.13,102098879.7076
1714273200000,2024-04-28T03:00:00+00:00,3308.32,3317.38,3302.55,3310.92,15313.07,50697949.8442
1714274100000,2024-04-28T03:15:00+00:00,3310.92,3315.19,3301.28,3314.09,16046.49,53096302.4214
1714275000000,2024-04-28T03:30:00+00:00,3314.09,3327.53,3309.1,3310.24,15594.43,51696245.2555
1714275900000,2024-04-28T03:45:00+00:00,3310.24,3313.74,3305.07,3306.88,10364.5,34290441.3402
1714276800000,2024-04-28T04:00:00+00:00,3306.88,3308.76,3297.82,3298.71,10956.52,36196611.9308
1714277700000,2024-04-28T04:15:00+00:00,3298.71,3309.67,3297.89,3307.28,10332.94,34137442.9669
1714278600000,2024-04-28T04:30:00+00:00,3307.28,3307.28,3301.6,3304.65,10338.56,34160201.3981
1714279500000,2024-04-28T04:45:00+00:00,3304.65,3307.35,3297.71,3299.31,15079.92,49795012.9775
1714280400000,2024-04-28T05:00:00+00:00,3299.31,3305.76,3298.39,3302.97,14676.67,48458285.7506
1714281300000,2024-04-28T05:15:00+00:00,3302.97,3308.51,3299.37,3307.87,13986.72,46208358.0789
1714282200000,2024-04-28T05:30:00+00:00,3307.87,3308.17,3303.67,3306.25,9516.34,31456691.9943
1714283100000,2024-04-28T05:45:00+00:00,3306.25,3325.72,3306.25,3310.91,13161.33,43601821.5195
1714284000000,2024-04-28T06:00:00+00:00,3310.91,3312.67,3305.46,3310.39,10413.38,34449101.5021
1714284900000,2024-04-28T06:15:00+00:00,3310.39,3316.14,3307.5,3308.11,10116.91,33502713.4764
1714285800000,2024-04-28T06:30:00+00:00,3308.11,3315.8,3307.46,3311.63,12392.51,41042866.7346
1714286700000,2024-04-28T06:45:00+00:00,3311.63,3323.27,3309.84,3318.91,10764.61,35715814.0566
1714287600000,2024-04-28T07:00:00+00:00,3318.91,3337.45,3314.63,3330.41,16218.29,53890095.5116
1714288500000,2024-04-28T07:15:00+00:00,3330.41,3331.42,3314.61,3317.47,13251.51,44008966.4805
1714289400000,2024-04-28T07:30:00+00:00,3317.47,3324.94,3312.27,3313.42,8221.6,27271261.1459
1714290300000,2024-04-28T07:45:00+00:00,3313.42,3318.3,3311.83,3315.44,7130.48,23635254.6015
1714291200000,2024-04-28T08:00:00+00:00,3315.44,3322.6,3308.48,3313.96,8317.93,27569470.6999
1714292100000,2024-04-28T08:15:00+00:00,3313.96,3320.21,3311.65,3316.12,9679.44,32105603.1486
1714293000000,2024-04-28T08:30:00+00:00,3316.12,3321.48,3303.68,3307.8,12611.73,41792813.9592
1714293900000,2024-04-28T08:45:00+00:00,3307.8,3312.87,3305.07,3309.23,13136.81,43485897.2681
1714294800000,2024-04-28T09:00:00+00:00,3309.23,3315.63,3306.33,3315.52,16892.32,55955280.3016
1714295700000,2024-04-28T09:15:00+00:00,3315.52,3316.42,3308,3308.17,17268.83,57187369.0255
1714296600000,2024-04-28T09:30:00+00:00,3308.17,3308.8,3300.74,3306.63,15096.65,49913952.9643
1714297500000,2024-04-28T09:45:00+00:00,3306.63,3306.63,3299.38,3306.28,11019.11,36397697.1412
1714298400000,2024-04-28T10:00:00+00:00,3306.28,3308.58,3293.52,3297.33,11890.67,39278507.134
1714299300000,2024-04-28T10:15:00+00:00,3297.33,3301.68,3284.77,3297.99,17322.14,57012627.4797
1714300200000,2024-04-28T10:30:00+00:00,3297.99,3306,3294.89,3302.79,12829.73,42328334.0387
1714301100000,2024-04-28T10:45:00+00:00,3302.79,3304.18,3297.58,3298.33,12597.74,41579308.2948
1714302000000,2024-04-28T11:00:00+00:00,3298.33,3300.18,3285.87,3290.23,15217.53,50119411.8622
1714302900000,2024-04-28T11:15:00+00:00,3290.23,3291.05,3272.2,3280.8,18051.76,59252192.4259
1714303800000,2024-04-28T11:30:00+00:00,3280.8,3285.11,3276,3282.15,12601.32,41342668.5804
1714304700000,2024-04-28T11:45:00+00:00,3282.15,3289.37,3275.61,3283.94,10863.4,35647358.4731
1714305600000,2024-04-28T12:00:00+00:00,3283.94,3292.5,3281.89,3291.28,9711.1,31941269.8271
1714306500000,2024-04-28T12:15:00+00:00,3291.28,3292.54,3281.17,3288.05,8064.03,26495104.0044
1714307400000,2024-04-28T12:30:00+00:00,3288.05,3296,3288.05,3290.27,11572.61,38095952.1405
1714308300000,2024-04-28T12:45:00+00:00,3290.27,3291.3,3285.85,3285.85,7760.91,25527692.3264
1714309200000,2024-04-28T13:00:00+00:00,3285.85,3305.59,3282.35,3299.24,9922.22,32658943.5189
1714310100000,2024-04-28T13:15:00+00:00,3299.24,3316.7,3294.17,3303.21,11236.52,37155126.0692
1714311000000,2024-04-28T13:30:00+00:00,3303.21,3321.35,3300.27,3315.37,8937.43,29601150.2489
1714311900000,2024-04-28T13:45:00+00:00,3315.37,3316.62,3307.48,3311.79,11056.82,36604259.3111
1714312800000,2024-04-28T14:00:00+00:00,3311.79,3313.53,3303.14,3313.26,11226.12,37150950.4687
1714313700000,2024-04-28T14:15:00+00:00,3313.26,3314.98,3303.71,3312.26,16158.61,53474669.7294
1714314600000,2024-04-28T14:30:00+00:00,3312.26,3327.34,3305.38,3307.73,16105.55,53357821.7609
1714315500000,2024-04-28T14:45:00+00:00,3307.73,3315.65,3303.5,3312.54,15066.4,49886056.7156
1714316400000,2024-04-28T15:00:00+00:00,3312.54,3321.98,3309.66,3319.23,15421.07,51143657.3835
1714317300000,2024-04-28T15:15:00+00:00,3319.23,3324.52,3312.57,3318.57,14661.6,48633451.1698
1714318200000,2024-04-28T15:30:00+00:00,3318.57,3323.47,3311.27,3322.21,13779.7,45727045.318
1714319100000,2024-04-28T15:45:00+00:00,3322.21,3322.99,3313.13,3318.1,14086.83,46729901.7258
1714320000000,2024-04-28T16:00:00+00:00,3318.1,3330.53,3315.54,3320.19,19414.61,64490795.1451
1714320900000,2024-04-28T16:15:00+00:00,3320.19,3328.58,3308.64,3320.02,17329.42,57531205.1194
1714321800000,2024-04-28T16:30:00+00:00,3320.02,3326.52,3313.85,3314.55,17289.21,57382820.5034
1714322700000,2024-04-28T16:45:00+00:00,3314.55,3322,3305.56,3318.78,12490.85,41396260.0813
1714323600000,2024-04-28T17:00:00+00:00,3318.78,3319.22,3313.31,3315.56,8250.19,27358530.5096
1714324500000,2024-04-28T17:15:00+00:00,3315.56,3316.6,3311.19,3315.35,7675.82,25439036.1168
1714325400000,2024-04-28T17:30:00+00:00,3315.35,3322.37,3315.12,3321.24,8642.08,28692761.725
1714326300000,2024-04-28T17:45:00+00:00,3321.24,3328.45,3321.06,3324.46,11047.63,36734164.4619
1714327200000,2024-04-28T18:00:00+00:00,3324.46,3325.01,3317.12,3318.36,11362.23,37738276.0333
1714328100000,2024-04-28T18:15:00+00:00,3318.36,3325,3317.26,3322.75,8891.45,29520428.846
1714329000000,2024-04-28T18:30:00+00:00,3322.75,3327.75,3318.27,3320.17,11307.24,37569325.9328
1714329900000,2024-04-28T18:45:00+00:00,3320.17,3360.56,3319.68,3341.81,15802.76,52840497.5837
1714330800000,2024-04-28T19:00:00+00:00,3341.81,3342.33,3330.68,3332.73,6391.93,21312285.6942
1714331700000,2024-04-28T19:15:00+00:00,3332.73,3332.97,3320.45,3321.28,7556.8,25125278.5658
1714332600000,2024-04-28T19:30:00+00:00,3321.28,3321.28,3313.15,3317.05,8271.13,27438284.7337
1714333500000,2024-04-28T19:45:00+00:00,3317.05,3320.09,3313.16,3314.19,7534.27,24992419.5566
1714334400000,2024-04-28T20:00:00+00:00,3314.19,3318.73,3308.24,3310.96,7344.57,24332937.9063
1714335300000,2024-04-28T20:15:00+00:00,3310.96,3313.83,3308,3308.57,8144.98,26966026.0935
1714336200000,2024-04-28T20:30:00+00:00,3308.57,3312.7,3306.28,3309.65,7320.22,24229142.2607
1714337100000,2024-04-28T20:45:00+00:00,3309.65,3311.02,3307.84,3308.95,8755.04,28973110.6359
1714338000000,2024-04-28T21:00:00+00:00,3308.95,3311.67,3303.05,3307.03,9753.94,32254952.1484
1714338900000,2024-04-28T21:15:00+00:00,3307.03,3307.7,3304.21,3305,7282.97,24078956.3035
1714339800000,2024-04-28T21:30:00+00:00,3305,3307.36,3295.59,3303.74,11296.41,37318388.4683
1714340700000,2024-04-28T21:45:00+00:00,3303.74,3304.18,3294.8,3303.83,10150.95,33505274.6877
1714341600000,2024-04-28T22:00:00+00:00,3303.83,3308.33,3296.49,3300.93,8762.54,28955842.9038
1714342500000,2024-04-28T22:15:00+00:00,3300.93,3309.27,3300.66,3303.76,9283.41,30683358.2418
1714343400000,2024-04-28T22:30:00+00:00,3303.76,3303.76,3280,3296.2,15172.3,49939399.1443
1714344300000,2024-04-28T22:45:00+00:00,3296.2,3297.42,3283.56,3288.64,9290.97,30574975.5009
1714345200000,2024-04-28T23:00:00+00:00,3288.64,3288.64,3261.32,3274.09,19397.88,63496676.934
1714346100000,2024-04-28T23:15:00+00:00,3274.09,3274.09,3261.03,3267.09,14116.3,46127480.8633
1714347000000,2024-04-28T23:30:00+00:00,3267.09,3271.4,3250.13,3255.63,12873.36,41960180.02
1714347900000,2024-04-28T23:45:00+00:00,3255.63,3264.66,3251.81,3261.04,8290.48,27025292.1604
1714348800000,2024-04-29T00:00:00+00:00,3261.04,3279.71,3256.84,3279.14,8603.33,28143426.1028
1714349700000,2024-04-29T00:15:00+00:00,3279.14,3285,3273.59,3275.41,7160.43,23482247.6099
1714350600000,2024-04-29T00:30:00+00:00,3275.41,3278.27,3270.47,3275.6,6432.74,21066864.0771
1714351500000,2024-04-29T00:45:00+00:00,3275.6,3283.16,3275.08,3280.27,9268.45,30403562.8118
1714352400000,2024-04-29T01:00:00+00:00,3280.27,3284.71,3274.15,3277.78,10753.02,35255763.9154
1714353300000,2024-04-29T01:15:00+00:00,3277.78,3277.78,3261.84,3269.29,12170.74,39785689.5313
1714354200000,2024-04-29T01:30:00+00:00,3269.29,3286,3267.98,3274.69,11850.39,38829645.6435
1714355100000,2024-04-29T01:45:00+00:00,3274.69,3282.88,3271.59,3273.66,8081.31,26482568.8996
1714356000000,2024-04-29T02:00:00+00:00,3273.66,3277.61,3259.26,3265,8503.9,27806925.4602
1714356900000,2024-04-29T02:15:00+00:00,3265,3266.46,3252.26,3259.82,10451.33,34058335.5689
1714357800000,2024-04-29T02:30:00+00:00,3259.82,3260.94,3219.32,3230.27,28240.13,91318240.4366
1714358700000,2024-04-29T02:45:00+00:00,3230.27,3235.87,3213.68,3219.44,23348.12,75278580.829
1714359600000,2024-04-29T03:00:00+00:00,3219.44,3222.92,3196.34,3201.13,27900.12,89490921.9355
1714360500000,2024-04-29T03:15:00+00:00,3201.13,3208.67,3192.01,3202.37,16168.73,51772109.1043
1714361400000,2024-04-29T03:30:00+00:00,3202.37,3202.76,3182.78,3201.6,18219.64,58238816.4069
1714362300000,2024-04-29T03:45:00+00:00,3201.6,3201.6,3166.38,3175.75,21155.16,67376798.3475
1714363200000,2024-04-29T04:00:00+00:00,3175.75,3191.92,3169.22,3189.77,13693.51,43585768.7662
1714364100000,2024-04-29T04:15:00+00:00,3189.77,3196.2,3187.63,3194.22,10360.33,33062262.8425
1714365000000,2024-04-29T04:30:00+00:00,3194.22,3203.6,3190.97,3201.06,9719.19,31070307.1176
1714365900000,2024-04-29T04:45:00+00:00,3201.06,3203.18,3194.53,3199.5,19112.69,61158206.8444
1714366800000,2024-04-29T05:00:00+00:00,3199.5,3199.5,3190.21,3197.8,19051.52,60887496.2226
1714367700000,2024-04-29T05:15:00+00:00,3197.8,3197.8,3185.97,3187.72,18910.25,60340761.6616
1714368600000,2024-04-29T05:30:00+00:00,3187.72,3201.9,3173.12,3200.94,21615.18,68914495.9884
1714369500000,2024-04-29T05:45:00+00:00,3200.94,3203.63,3192.36,3203.1,11505.55,36809343.1842
1714370400000,2024-04-29T06:00:00+00:00,3203.1,3206.22,3192.04,3192.17,13354.72,42734021.7571
1714371300000,2024-04-29T06:15:00+00:00,3192.17,3198.18,3181.46,3188.02,10826.21,34523750.2919
1714372200000,2024-04-29T06:30:00+00:00,3188.02,3188.8,3168.1,3176.03,16510.57,52433693.249
1714373100000,2024-04-29T06:45:00+00:00,3176.03,3181.48,3151.09,3180.19,27480.67,87002168.6065
1714374000000,2024-04-29T07:00:00+00:00,3180.19,3182.72,3169.9,3182.72,21656.95,68799808.3203
1714374900000,2024-04-29T07:15:00+00:00,3182.72,3187.67,3177.84,3182.8,23170.33,73765795.3093
1714375800000,2024-04-29T07:30:00+00:00,3182.8,3186.56,3178.88,3186.4,15062.54,47927163.41
1714376700000,2024-04-29T07:45:00+00:00,3186.4,3188.23,3180.38,3185.95,18479.9,58847464.9454
1714377600000,2024-04-29T08:00:00+00:00,3185.95,3186.65,3176.39,3177.32,18896.22,60125561.0652
1714378500000,2024-04-29T08:15:00+00:00,3177.32,3178.87,3166.76,3178.87,23093.21,73302297.7069
1714379400000,2024-04-29T08:30:00+00:00,3178.87,3178.87,3162.51,3169.06,20580.66,65223161.6475
1714380300000,2024-04-29T08:45:00+00:00,3169.06,3170.8,3163.42,3169.91,10277.71,32559499.6352
1714381200000,2024-04-29T09:00:00+00:00,3169.91,3174.63,3157.84,3173.62,12277.71,38862994.2591
1714382100000,2024-04-29T09:15:00+00:00,3173.62,3174,3163.33,3164.12,8654.44,27427208.6986
1714383000000,2024-04-29T09:30:00+00:00,3164.12,3175.82,3162.6,3171.65,7786.07,24684495.9255
1714383900000,2024-04-29T09:45:00+00:00,3171.65,3185.48,3170.34,3175.32,12715.79,40398816.9851
1714384800000,2024-04-29T10:00:00+00:00,3175.32,3186.16,3172.09,3185.99,9036.98,28735333.3409
1714385700000,2024-04-29T10:15:00+00:00,3185.99,3194,3180.4,3185.25,11052.77,35225342.6191
1714386600000,2024-04-29T10:30:00+00:00,3185.25,3187.01,3178.36,3178.88,9427.46,30017729.997
1714387500000,2024-04-29T10:45:00+00:00,3178.88,3179.14,3169.41,3173.38,11883.12,37722594.2652
1714388400000,2024-04-29T11:00:00+00:00,3173.38,3176.05,3167.34,3170.21,10354.39,32860155.9713
1714389300000,2024-04-29T11:15:00+00:00,3170.21,3172.92,3165.83,3167.75,10552.57,33460765.0909
1714390200000,2024-04-29T11:30:00+00:00,3167.75,3168.1,3151.86,3160.81,21687.43,68574324.7869
1714391100000,2024-04-29T11:45:00+00:00,3160.81,3160.81,3146.01,3157.41,25651.55,80859177.5415
1714392000000,2024-04-29T12:00:00+00:00,3157.41,3167.24,3152.37,3166.19,13316.52,42098589.7429
1714392900000,2024-04-29T12:15:00+00:00,3166.19,3171.79,3159.88,3161.07,14603.34,46213011.3566
1714393800000,2024-04-29T12:30:00+00:00,3161.07,3167.42,3128.88,3163.17,34446.21,108631899.9487
1714394700000,2024-04-29T12:45:00+00:00,3163.17,3173.26,3158.57,3168.86,11130.98,35249638.8417
1714395600000,2024-04-29T13:00:00+00:00,3168.86,3174.76,3154.43,3154.77,12822.62,40568993.0316
1714396500000,2024-04-29T13:15:00+00:00,3154.77,3159.61,3145.13,3148.81,11429.14,36024119.5411
1714397400000,2024-04-29T13:30:00+00:00,3148.81,3153.27,3115.29,3119.76,20063.79,62851242.0588
1714398300000,2024-04-29T13:45:00+00:00,3119.76,3129.91,3112.57,3129.31,20079.12,62695280.5709
1714399200000,2024-04-29T14:00:00+00:00,3129.31,3143.52,3121.98,3141.32,18856.78,59108010.2514
1714400100000,2024-04-29T14:15:00+00:00,3141.32,3173,3140.62,3167.97,20955.4,66111038.1029
1714401000000,2024-04-29T14:30:00+00:00,3167.97,3180.36,3164.51,3167.25,23051.31,73108731.1284
1714401900000,2024-04-29T14:45:00+00:00,3167.25,3174.49,3164.44,3173.34,10109.98,32046631.4348
1714402800000,2024-04-29T15:00:00+00:00,3173.34,3178.87,3164.58,3170.52,10722.73,34008211.8363
1714403700000,2024-04-29T15:15:00+00:00,3170.52,3174.82,3167.43,3171.01,8450.7,26799519.488
1714404600000,2024-04-29T15:30:00+00:00,3171.01,3178.13,3168.88,3175.99,8964.75,28450312.1607
1714405500000,2024-04-29T15:45:00+00:00,3175.99,3184.2,3173.26,3179.97,13177.76,41886900.1554
1714406400000,2024-04-29T16:00:00+00:00,3179.97,3187.63,3172,3178.42,16948.33,53872079.3614
1714407300000,2024-04-29T16:15:00+00:00,3178.42,3180.21,3171.33,3172.97,9655.93,30653998.6601
1714408200000,2024-04-29T16:30:00+00:00,3172.97,3172.97,3159.34,3165,14914.68,47213249.1043
1714409100000,2024-04-29T16:45:00+00:00,3165,3167.85,3152.57,3156.61,14792.81,46733294.1001
1714410000000,2024-04-29T17:00:00+00:00,3156.61,3170.69,3154.88,3161.4,12583.94,39812671.9515
1714410900000,2024-04-29T17:15:00+00:00,3161.4,3176.36,3160.02,3174.11,15934.5,50454686.4608
1714411800000,2024-04-29T17:30:00+00:00,3174.11,3177.65,3166.17,3172.17,9565.96,30324100.2008
1714412700000,2024-04-29T17:45:00+00:00,3172.17,3177.38,3167.27,3171.29,13944.5,44223061.9059
1714413600000,2024-04-29T18:00:00+00:00,3171.29,3173.32,3164.39,3167.59,14846.59,47056056.8625
1714414500000,2024-04-29T18:15:00+00:00,3167.59,3176.4,3165.9,3171.61,16008.5,50790157.7709
1714415400000,2024-04-29T18:30:00+00:00,3171.61,3171.65,3160.06,3162.28,14093.86,44583724.2013
1714416300000,2024-04-29T18:45:00+00:00,3162.28,3174.75,3159.43,3174.3,16875.99,53464289.6549
1714417200000,2024-04-29T19:00:00+00:00,3174.3,3174.3,3159.41,3169.13,18348,58144420.8034
1714418100000,2024-04-29T19:15:00+00:00,3169.13,3169.13,3161.13,3163.68,15462.34,48930627.5236
1714419000000,2024-04-29T19:30:00+00:00,3163.68,3171.3,3162.24,3166.16,15828.6,50134884.5726
1714419900000,2024-04-29T19:45:00+00:00,3166.16,3184.62,3165.89,3184.37,13675.84,43408159.5366
1714420800000,2024-04-29T20:00:00+00:00,3184.37,3191.63,3177.49,3189.56,15006.54,47783798.8192
1714421700000,2024-04-29T20:15:00+00:00,3189.56,3189.56,3177.66,3178.65,13615.56,43325556.4333
1714422600000,2024-04-29T20:30:00+00:00,3178.65,3181.56,3172.59,3177.37,12575.48,39964911.6568
1714423500000,2024-04-29T20:45:00+00:00,3177.37,3178.09,3171.61,3174.82,12312.92,39087881.6665
1714424400000,2024-04-29T21:00:00+00:00,3174.82,3175.92,3163.35,3165.18,20563.21,65223427.0788
1714425300000,2024-04-29T21:15:00+00:00,3165.18,3172.9,3161.28,3166.17,16712.13,52943830.3294
1714426200000,2024-04-29T21:30:00+00:00,3166.17,3173.21,3161.54,3171.1,17133.75,54268432.8758
1714427100000,2024-04-29T21:45:00+00:00,3171.1,3176.19,3168.89,3173.36,16637.21,52788787.4543
1714428000000,2024-04-29T22:00:00+00:00,3173.36,3181.27,3170.06,3180.36,17808.27,56592807.035
1714428900000,2024-04-29T22:15:00+00:00,3180.36,3196.42,3179.94,3196.4,19604.91,62490669.7788
1714429800000,2024-04-29T22:30:00+00:00,3196.4,3218.42,3195.14,3211.48,24629.36,79036805.3594
1714430700000,2024-04-29T22:45:00+00:00,3211.48,3218.12,3207.62,3213.22,17456.79,56096348.5845
1714431600000,2024-04-29T23:00:00+00:00,3213.22,3233.49,3212.75,3225.44,20042.24,64577016.5983
1714432500000,2024-04-29T23:15:00+00:00,3225.44,3233.21,3221.67,3223.67,15177.83,48979706.7309
1714433400000,2024-04-29T23:30:00+00:00,3223.67,3229.88,3215,3217.32,14911.44,48060400.6151
1714434300000,2024-04-29T23:45:00+00:00,3217.32,3220,3210.93,3214.49,15380.25,49438237.5888
1714435200000,2024-04-30T00:00:00+00:00,3214.49,3216.2,3200.04,3204.69,19000.17,60917367.994
1714436100000,2024-04-30T00:15:00+00:00,3204.69,3219.3,3203,3219.22,16754.88,53775206.7499
1714437000000,2024-04-30T00:30:00+00:00,3219.22,3227.5,3211.75,3223.79,19220.22,61873405.7848
1714437900000,2024-04-30T00:45:00+00:00,3223.79,3248.83,3220.02,3242.56,17784.38,57571357.3116
1714438800000,2024-04-30T01:00:00+00:00,3242.56,3243.19,3224.09,3224.48,15751.93,50909703.8083
1714439700000,2024-04-30T01:15:00+00:00,3224.48,3229.14,3217.94,3223.03,15348.04,49480341.5667
1714440600000,2024-04-30T01:30:00+00:00,3223.03,3225.15,3203.92,3207.08,20517.65,65906161.0152
1714441500000,2024-04-30T01:45:00+00:00,3207.08,3211.51,3168.3,3170.89,25910.03,82787743.3519
1714442400000,2024-04-30T02:00:00+00:00,3170.89,3175.22,3146.89,3172.08,26608.59,84167174.1186
1714443300000,2024-04-30T02:15:00+00:00,3172.08,3184.68,3170.08,3182.57,16498.09,52464163.6233
1714444200000,2024-04-30T02:30:00+00:00,3182.57,3195.43,3179,3188.61,21154.53,67459587.0393
1714445100000,2024-04-30T02:45:00+00:00,3188.61,3194.6,3186.63,3191.46,13893.19,44343006.8288
1714446000000,2024-04-30T03:00:00+00:00,3191.46,3192.34,3181.28,3183.21,13625.34,43409533.8016
1714446900000,2024-04-30T03:15:00+00:00,3183.21,3188.12,3181.38,3186.91,11622.87,37014648.0103
1714447800000,2024-04-30T03:30:00+00:00,3186.91,3189.89,3173.67,3174.31,14004.33,44543793.7772
1714448700000,2024-04-30T03:45:00+00:00,3174.31,3183.52,3174.31,3178.55,12598.13,40053625.7941
1714449600000,2024-04-30T04:00:00+00:00,3178.55,3183.42,3175.06,3180.39,12067.95,38376878.6091
1714450500000,2024-04-30T04:15:00+00:00,3180.39,3180.39,3152.35,3173.36,30533.1,96812806.9414
1714451400000,2024-04-30T04:30:00+00:00,3173.36,3179.33,3168.63,3171.37,13947.97,44263170.0966
1714452300000,2024-04-30T04:45:00+00:00,3171.37,3172.11,3165.42,3168.71,10014.94,31735450.6453
1714453200000,2024-04-30T05:00:00+00:00,3168.71,3175.51,3164.36,3172,7363.46,23350537.9678
1714454100000,2024-04-30T05:15:00+00:00,3172,3172.92,3165.88,3169.47,7244.67,22964801.654
1714455000000,2024-04-30T05:30:00+00:00,3169.47,3169.47,3150,3158.71,12771.41,40348506.3511
1714455900000,2024-04-30T05:45:00+00:00,3158.71,3169.11,3158.71,3166.47,9060.14,28670803.3266
1714456800000,2024-04-30T06:00:00+00:00,3166.47,3166.89,3161.92,3164.14,8298.04,26256054.6186
1714457700000,2024-04-30T06:15:00+00:00,3164.14,3170.78,3163.22,3169.39,10385.96,32903386.5401
1714458600000,2024-04-30T06:30:00+00:00,3169.39,3172.48,3167.54,3169.92,9361.69,29680202.6089
1714459500000,2024-04-30T06:45:00+00:00,3169.92,3173.48,3166.48,3170.29,12851.04,40736253.694
1714460400000,2024-04-30T07:00:00+00:00,3170.29,3171.5,3166.02,3171.4,15460.69,48998093.7715
1714461300000,2024-04-30T07:15:00+00:00,3171.4,3171.93,3166.33,3167.88,13333.85,42261256.1787
1714462200000,2024-04-30T07:30:00+00:00,3167.88,3169.87,3157.19,3159.3,13432.53,42518370.213
1714463100000,2024-04-30T07:45:00+00:00,3159.3,3163.07,3150.82,3155.12,18185.23,57394806.6988
1714464000000,2024-04-30T08:00:00+00:00,3155.12,3159.77,3136.4,3139.51,19555.2,61637809.6046
1714464900000,2024-04-30T08:15:00+00:00,3139.51,3149.4,3132.35,3137,18832.56,59156142.3829
1714465800000,2024-04-30T08:30:00+00:00,3137,3138.11,3093.25,3095.19,40932.5,127456523.8376
1714466700000,2024-04-30T08:45:00+00:00,3095.19,3097.03,3052.48,3064.83,37594.51,115564252.9689
1714467600000,2024-04-30T09:00:00+00:00,3064.83,3070.9,3053.48,3062.76,18962.03,58043173.388
1714468500000,2024-04-30T09:15:00+00:00,3062.76,3072,3055,3065.62,14916.94,45738649.2354
1714469400000,2024-04-30T09:30:00+00:00,3065.62,3065.62,3018.71,3055.45,26540.21,80777238.3643
1714470300000,2024-04-30T09:45:00+00:00,3055.45,3060.19,3043.15,3045.14,13447.2,41032900.562
1714471200000,2024-04-30T10:00:00+00:00,3045.14,3053.81,3028.13,3043.92,19076.54,58008019.1437
1714472100000,2024-04-30T10:15:00+00:00,3043.92,3049.95,3034.45,3047,13793.57,41966206.177
1714473000000,2024-04-30T10:30:00+00:00,3047,3048.71,3032.56,3045.16,14580.25,44358969.2957
1714473900000,2024-04-30T10:45:00+00:00,3045.16,3046.43,3035.76,3043.43,12983.54,39476641.3677
1714474800000,2024-04-30T11:00:00+00:00,3043.43,3043.43,3022,3033.09,21174.09,64200824.3613
1714475700000,2024-04-30T11:15:00+00:00,3033.09,3037.89,3009.58,3014.3,22025.99,66655136.7935
1714476600000,2024-04-30T11:30:00+00:00,3014.3,3024.09,3001.26,3011.09,23749.06,71537139.523
1714477500000,2024-04-30T11:45:00+00:00,3011.09,3019.87,3004.62,3005.52,12430.57,37443275.9516
1714478400000,2024-04-30T12:00:00+00:00,3005.52,3013.57,2963.04,2999.53,29202.64,87318923.6481
1714479300000,2024-04-30T12:15:00+00:00,2999.53,3015.57,2988.51,3012.32,15127.77,45418999.461
1714480200000,2024-04-30T12:30:00+00:00,3012.32,3014.33,3001.54,3007.69,10917.01,32823088.2983
1714481100000,2024-04-30T12:45:00+00:00,3007.69,3014.26,3001.57,3007.57,19236.36,57857093.5627
1714482000000,2024-04-30T13:00:00+00:00,3007.57,3013.9,2999.48,3013.25,22013.94,66205365.8952
1714482900000,2024-04-30T13:15:00+00:00,3013.25,3020,3008.28,3009.8,23251.19,70038523.3094
1714483800000,2024-04-30T13:30:00+00:00,3009.8,3017.49,3004.15,3014.43,22629.93,68134057.5485
1714484700000,2024-04-30T13:45:00+00:00,3014.43,3014.52,2982.15,2992.12,29895.88,89588266.167
1714485600000,2024-04-30T14:00:00+00:00,2992.12,3003.69,2982.75,2984.22,17159.93,51353048.3286
1714486500000,2024-04-30T14:15:00+00:00,2984.22,3004.46,2983.14,2999.4,16165.36,48457581.2536
1714487400000,2024-04-30T14:30:00+00:00,2999.4,3014.41,2997.73,3014.04,18741.31,56321520.6744
1714488300000,2024-04-30T14:45:00+00:00,3014.04,3036.49,3010.01,3018.57,35268.4,106673163.0861
1714489200000,2024-04-30T15:00:00+00:00,3018.57,3027.6,2983.14,2989.14,34690.98,104248755.4753
1714490100000,2024-04-30T15:15:00+00:00,2989.14,3012.21,2986.57,2996.3,23994.16,71963664.3231
1714491000000,2024-04-30T15:30:00+00:00,2996.3,2997.83,2984.5,2989.33,20213.13,60438479.4099
1714491900000,2024-04-30T15:45:00+00:00,2989.33,2997.26,2985.85,2991.53,17720.75,53018017.1833
1714492800000,2024-04-30T16:00:00+00:00,2991.53,2996.25,2964.15,2991.5,22390.36,66760653.642
1714493700000,2024-04-30T16:15:00+00:00,2991.5,2994.87,2940,2965.28,32107.73,95057357.4781
1714494600000,2024-04-30T16:30:00+00:00,2965.28,2983.39,2959.38,2978.2,16604.34,49363382.2559
1714495500000,2024-04-30T16:45:00+00:00,2978.2,2987.95,2975.32,2984.87,15832.89,47236822.531
1714496400000,2024-04-30T17:00:00+00:00,2984.87,2996.6,2979.26,2983.8,12602.49,37663235.3888
1714497300000,2024-04-30T17:15:00+00:00,2983.8,2992.75,2974.38,2990.16,12497.78,37322067.8724
1714498200000,2024-04-30T17:30:00+00:00,2990.16,2991.02,2972.6,2980,12598.11,37542717.8108
1714499100000,2024-04-30T17:45:00+00:00,2980,2989.19,2974.22,2983.42,19237.11,57363478.469
1714500000000,2024-04-30T18:00:00+00:00,2983.42,2990.71,2976,2981.16,20109.04,59940723.1645
1714500900000,2024-04-30T18:15:00+00:00,2981.16,2987.14,2970.21,2970.5,22405.25,66747300.0911
1714501800000,2024-04-30T18:30:00+00:00,2970.5,2976.76,2960.49,2972.66,20162.27,59926957.8643
1714502700000,2024-04-30T18:45:00+00:00,2972.66,2975.1,2953.33,2974.6,21495.41,63745270.1245
1714503600000,2024-04-30T19:00:00+00:00,2974.6,2983.79,2949.91,2951.33,19478.16,57907106.5198
1714504500000,2024-04-30T19:15:00+00:00,2951.33,2954.71,2921.84,2938.86,45227.88,132903162.5217
1714505400000,2024-04-30T19:30:00+00:00,2938.86,2962.77,2935.63,2957.27,24377.27,71967513.8455
1714506300000,2024-04-30T19:45:00+00:00,2957.27,2964.54,2918.36,2926.78,27917.87,82109162.185
1714507200000,2024-04-30T20:00:00+00:00,2926.78,2979.29,2925.56,2968.47,31308,92659026.6803
1714508100000,2024-04-30T20:15:00+00:00,2968.47,2974.95,2952.52,2956.74,21899.8,64875850.418
1714509000000,2024-04-30T20:30:00+00:00,2956.74,2970.4,2953.58,2967.36,15972.12,47313540.4751
1714509900000,2024-04-30T20:45:00+00:00,2967.36,2978.01,2958.09,2964.76,13050.23,38716040.3123
1714510800000,2024-04-30T21:00:00+00:00,2964.76,2983.22,2964.35,2979.84,11024.69,32818667.346
1714511700000,2024-04-30T21:15:00+00:00,2979.84,2989.09,2973.97,2988.85,8514.62,25389080.8502
1714512600000,2024-04-30T21:30:00+00:00,2988.85,2988.88,2978.99,2981.86,9429.63,28132369.3971
1714513500000,2024-04-30T21:45:00+00:00,2981.86,2991.99,2975.49,2985.37,7633.44,22772363.3912
1714514400000,2024-04-30T22:00:00+00:00,2985.37,3011.59,2984.41,3001.86,10111.3,30280836.5508
1714515300000,2024-04-30T22:15:00+00:00,3001.86,3019.26,2998,3018.72,10174.12,30583559.0499
1714516200000,2024-04-30T22:30:00+00:00,3018.72,3027.8,3011.12,3016.4,12543.01,37867019.9081
1714517100000,2024-04-30T22:45:00+00:00,3016.4,3016.4,3002.6,3007.73,15222.37,45769630.3339
1714518000000,2024-04-30T23:00:00+00:00,3007.73,3008.25,2997.58,3002,13413.34,40278582.4274
1714518900000,2024-04-30T23:15:00+00:00,3002,3011.14,2998.29,3008.74,15028.53,45183670.6413
1714519800000,2024-04-30T23:30:00+00:00,3008.74,3016.49,3007.74,3011.98,17751.32,53482008.8561
1714520700000,2024-04-30T23:45:00+00:00,3011.98,3027.65,3009.53,3011.72,21343.38,64418231.7453
